	.text
	.syntax unified
	.eabi_attribute	67, "2.09"	@ Tag_conformance
	.cpu	cortex-m0
	.eabi_attribute	6, 12	@ Tag_CPU_arch
	.eabi_attribute	7, 77	@ Tag_CPU_arch_profile
	.eabi_attribute	8, 0	@ Tag_ARM_ISA_use
	.eabi_attribute	9, 1	@ Tag_THUMB_ISA_use
	.eabi_attribute	34, 0	@ Tag_CPU_unaligned_access
	.eabi_attribute	17, 1	@ Tag_ABI_PCS_GOT_use
	.eabi_attribute	20, 2	@ Tag_ABI_FP_denormal
	.eabi_attribute	21, 0	@ Tag_ABI_FP_exceptions
	.eabi_attribute	23, 1	@ Tag_ABI_FP_number_model
	.eabi_attribute	24, 1	@ Tag_ABI_align_needed
	.eabi_attribute	25, 1	@ Tag_ABI_align_preserved
	.eabi_attribute	38, 1	@ Tag_ABI_FP_16bit_format
	.eabi_attribute	18, 2	@ Tag_ABI_PCS_wchar_t
	.eabi_attribute	26, 1	@ Tag_ABI_enum_size
	.eabi_attribute	14, 0	@ Tag_ABI_PCS_R9_use
	.file	"Algorithm.c"
	.file	1 "C:\\Keil_v5\\ARM\\ARMCLANG\\Bin\\..\\include" "stdint.h"
	.file	2 "C:\\baidunetdiskdownload\\\346\263\260\347\237\275\345\276\256\\\346\260\233\345\233\264\347\201\257\\TCPL0X_AUTO_SDK_V2.0.0\\TCPL0X_AUTO_SDK_V2.0.0\\examples\\tcpl04x\\demo_apps\\tcpl04b_swsc_lean\\MDK" "../03_Algorithm_FixedPoint/FixedPoint.h"
	.file	3 "C:\\baidunetdiskdownload\\\346\263\260\347\237\275\345\276\256\\\346\260\233\345\233\264\347\201\257\\TCPL0X_AUTO_SDK_V2.0.0\\TCPL0X_AUTO_SDK_V2.0.0\\examples\\tcpl04x\\demo_apps\\tcpl04b_swsc_lean\\MDK" "../03_Algorithm_FixedPoint/Algorithm.c"
	.file	4 "C:\\baidunetdiskdownload\\\346\263\260\347\237\275\345\276\256\\\346\260\233\345\233\264\347\201\257\\TCPL0X_AUTO_SDK_V2.0.0\\TCPL0X_AUTO_SDK_V2.0.0\\examples\\tcpl04x\\demo_apps\\tcpl04b_swsc_lean\\MDK" "../03_Algorithm_FixedPoint/Algorithm.h"
	.file	5 "C:\\baidunetdiskdownload\\\346\263\260\347\237\275\345\276\256\\\346\260\233\345\233\264\347\201\257\\TCPL0X_AUTO_SDK_V2.0.0\\TCPL0X_AUTO_SDK_V2.0.0\\examples\\tcpl04x\\demo_apps\\tcpl04b_swsc_lean\\MDK" "../10_Common\\SwscTypes.h"
	.section	.text.algoUpdateRedCIE,"ax",%progbits
	.hidden	algoUpdateRedCIE                @ -- Begin function algoUpdateRedCIE
	.globl	algoUpdateRedCIE
	.p2align	2
	.type	algoUpdateRedCIE,%function
	.code	16                              @ @algoUpdateRedCIE
	.thumb_func
algoUpdateRedCIE:
.Lfunc_begin0:
	.loc	3 241 0                         @ ../03_Algorithm_FixedPoint/Algorithm.c:241:0
	.fnstart
	.cfi_sections .debug_frame
	.cfi_startproc
@ %bb.0:
	@DEBUG_VALUE: algoUpdateRedCIE:x <- $r0
	@DEBUG_VALUE: algoUpdateRedCIE:y <- $r1
	@DEBUG_VALUE: algoUpdateRedCIE:Y <- $r2
	.save	{r4, lr}
	push	{r4, lr}
	.cfi_def_cfa_offset 8
	.cfi_offset lr, -4
	.cfi_offset r4, -8
.Ltmp0:
	.loc	3 242 12 prologue_end           @ ../03_Algorithm_FixedPoint/Algorithm.c:242:12
	ldr	r4, __arm_cp.0_0
	.loc	3 243 12                        @ ../03_Algorithm_FixedPoint/Algorithm.c:243:12
	strh	r1, [r4, #4]
	.loc	3 242 12                        @ ../03_Algorithm_FixedPoint/Algorithm.c:242:12
	strh	r0, [r4]
	movs	r1, #20
.Ltmp1:
	@DEBUG_VALUE: algoUpdateRedCIE:y <- [DW_OP_LLVM_entry_value 1] $r1
	.loc	3 244 16                        @ ../03_Algorithm_FixedPoint/Algorithm.c:244:16
	mov	r0, r2
.Ltmp2:
	@DEBUG_VALUE: algoUpdateRedCIE:x <- [DW_OP_LLVM_entry_value 1] $r0
	@DEBUG_VALUE: algoUpdateRedCIE:Y <- $r0
	bl	__aeabi_idiv
.Ltmp3:
	.loc	3 244 12 is_stmt 0              @ ../03_Algorithm_FixedPoint/Algorithm.c:244:12
	str	r0, [r4, #36]
	.loc	3 245 1 epilogue_begin is_stmt 1 @ ../03_Algorithm_FixedPoint/Algorithm.c:245:1
	pop	{r4, pc}
.Ltmp4:
	.p2align	2
@ %bb.1:
	.loc	3 0 1 is_stmt 0                 @ ../03_Algorithm_FixedPoint/Algorithm.c:0:1
__arm_cp.0_0:
	.long	.L_MergedGlobals
.Lcpi_end0:
	.size	__arm_cp.0_0, .Lcpi_end0-__arm_cp.0_0
.Lfunc_end0:
	.size	algoUpdateRedCIE, .Lfunc_end0-algoUpdateRedCIE
	.cfi_endproc
	.cantunwind
	.fnend
                                        @ -- End function
	.section	.text.algoUpdateGreenCIE,"ax",%progbits
	.hidden	algoUpdateGreenCIE              @ -- Begin function algoUpdateGreenCIE
	.globl	algoUpdateGreenCIE
	.p2align	2
	.type	algoUpdateGreenCIE,%function
	.code	16                              @ @algoUpdateGreenCIE
	.thumb_func
algoUpdateGreenCIE:
.Lfunc_begin1:
	.loc	3 260 0 is_stmt 1               @ ../03_Algorithm_FixedPoint/Algorithm.c:260:0
	.fnstart
	.cfi_startproc
@ %bb.0:
	@DEBUG_VALUE: algoUpdateGreenCIE:x <- $r0
	@DEBUG_VALUE: algoUpdateGreenCIE:y <- $r1
	@DEBUG_VALUE: algoUpdateGreenCIE:Y <- $r2
	.save	{r4, lr}
	push	{r4, lr}
	.cfi_def_cfa_offset 8
	.cfi_offset lr, -4
	.cfi_offset r4, -8
.Ltmp5:
	.loc	3 261 14 prologue_end           @ ../03_Algorithm_FixedPoint/Algorithm.c:261:14
	ldr	r4, __arm_cp.1_0
	.loc	3 262 14                        @ ../03_Algorithm_FixedPoint/Algorithm.c:262:14
	strh	r1, [r4, #12]
	.loc	3 261 14                        @ ../03_Algorithm_FixedPoint/Algorithm.c:261:14
	strh	r0, [r4, #8]
	movs	r1, #20
.Ltmp6:
	@DEBUG_VALUE: algoUpdateGreenCIE:y <- [DW_OP_LLVM_entry_value 1] $r1
	.loc	3 263 18                        @ ../03_Algorithm_FixedPoint/Algorithm.c:263:18
	mov	r0, r2
.Ltmp7:
	@DEBUG_VALUE: algoUpdateGreenCIE:x <- [DW_OP_LLVM_entry_value 1] $r0
	@DEBUG_VALUE: algoUpdateGreenCIE:Y <- $r0
	bl	__aeabi_idiv
.Ltmp8:
	.loc	3 263 14 is_stmt 0              @ ../03_Algorithm_FixedPoint/Algorithm.c:263:14
	str	r0, [r4, #40]
	.loc	3 264 1 epilogue_begin is_stmt 1 @ ../03_Algorithm_FixedPoint/Algorithm.c:264:1
	pop	{r4, pc}
.Ltmp9:
	.p2align	2
@ %bb.1:
	.loc	3 0 1 is_stmt 0                 @ ../03_Algorithm_FixedPoint/Algorithm.c:0:1
__arm_cp.1_0:
	.long	.L_MergedGlobals
.Lcpi_end1:
	.size	__arm_cp.1_0, .Lcpi_end1-__arm_cp.1_0
.Lfunc_end1:
	.size	algoUpdateGreenCIE, .Lfunc_end1-algoUpdateGreenCIE
	.cfi_endproc
	.cantunwind
	.fnend
                                        @ -- End function
	.section	.text.algoUpdateBlueCIE,"ax",%progbits
	.hidden	algoUpdateBlueCIE               @ -- Begin function algoUpdateBlueCIE
	.globl	algoUpdateBlueCIE
	.p2align	2
	.type	algoUpdateBlueCIE,%function
	.code	16                              @ @algoUpdateBlueCIE
	.thumb_func
algoUpdateBlueCIE:
.Lfunc_begin2:
	.loc	3 279 0 is_stmt 1               @ ../03_Algorithm_FixedPoint/Algorithm.c:279:0
	.fnstart
	.cfi_startproc
@ %bb.0:
	@DEBUG_VALUE: algoUpdateBlueCIE:x <- $r0
	@DEBUG_VALUE: algoUpdateBlueCIE:y <- $r1
	@DEBUG_VALUE: algoUpdateBlueCIE:Y <- $r2
	.save	{r4, lr}
	push	{r4, lr}
	.cfi_def_cfa_offset 8
	.cfi_offset lr, -4
	.cfi_offset r4, -8
.Ltmp10:
	.loc	3 280 13 prologue_end           @ ../03_Algorithm_FixedPoint/Algorithm.c:280:13
	ldr	r4, __arm_cp.2_0
	.loc	3 281 13                        @ ../03_Algorithm_FixedPoint/Algorithm.c:281:13
	strh	r1, [r4, #20]
	.loc	3 280 13                        @ ../03_Algorithm_FixedPoint/Algorithm.c:280:13
	strh	r0, [r4, #16]
	movs	r1, #20
.Ltmp11:
	@DEBUG_VALUE: algoUpdateBlueCIE:y <- [DW_OP_LLVM_entry_value 1] $r1
	.loc	3 282 17                        @ ../03_Algorithm_FixedPoint/Algorithm.c:282:17
	mov	r0, r2
.Ltmp12:
	@DEBUG_VALUE: algoUpdateBlueCIE:x <- [DW_OP_LLVM_entry_value 1] $r0
	@DEBUG_VALUE: algoUpdateBlueCIE:Y <- $r0
	bl	__aeabi_idiv
.Ltmp13:
	.loc	3 282 13 is_stmt 0              @ ../03_Algorithm_FixedPoint/Algorithm.c:282:13
	str	r0, [r4, #44]
	.loc	3 283 1 epilogue_begin is_stmt 1 @ ../03_Algorithm_FixedPoint/Algorithm.c:283:1
	pop	{r4, pc}
.Ltmp14:
	.p2align	2
@ %bb.1:
	.loc	3 0 1 is_stmt 0                 @ ../03_Algorithm_FixedPoint/Algorithm.c:0:1
__arm_cp.2_0:
	.long	.L_MergedGlobals
.Lcpi_end2:
	.size	__arm_cp.2_0, .Lcpi_end2-__arm_cp.2_0
.Lfunc_end2:
	.size	algoUpdateBlueCIE, .Lfunc_end2-algoUpdateBlueCIE
	.cfi_endproc
	.cantunwind
	.fnend
                                        @ -- End function
	.section	.text.algoWhiteBalanceInitFromConfig,"ax",%progbits
	.hidden	algoWhiteBalanceInitFromConfig  @ -- Begin function algoWhiteBalanceInitFromConfig
	.globl	algoWhiteBalanceInitFromConfig
	.p2align	2
	.type	algoWhiteBalanceInitFromConfig,%function
	.code	16                              @ @algoWhiteBalanceInitFromConfig
	.thumb_func
algoWhiteBalanceInitFromConfig:
.Lfunc_begin3:
	.loc	3 289 0 is_stmt 1               @ ../03_Algorithm_FixedPoint/Algorithm.c:289:0
	.fnstart
	.cfi_startproc
@ %bb.0:
	@DEBUG_VALUE: algoWhiteBalanceInitFromConfig:u <- $r0
	@DEBUG_VALUE: algoWhiteBalanceInitFromConfig:v <- $r1
	.save	{r4, r5, r6, r7, lr}
	.pad	#4
	push	{r3, r4, r5, r6, r7, lr}
	.cfi_def_cfa_offset 24
	.cfi_offset lr, -4
	.cfi_offset r7, -8
	.cfi_offset r6, -12
	.cfi_offset r5, -16
	.cfi_offset r4, -20
	str	r1, [sp]                        @ 4-byte Spill
.Ltmp15:
	@DEBUG_VALUE: algoWhiteBalanceInitFromConfig:v <- [$sp+0]
	mov	r4, r0
.Ltmp16:
	@DEBUG_VALUE: algoWhiteBalanceInitFromConfig:middleResult <- 0
	@DEBUG_VALUE: algoWhiteBalanceInitFromConfig:u <- $r4
	.loc	3 304 43 prologue_end           @ ../03_Algorithm_FixedPoint/Algorithm.c:304:43
	ldr	r2, __arm_cp.3_0
	movs	r0, #200
	movs	r1, #235
	lsls	r1, r1, #1
	stm	r2!, {r0, r1}
	movs	r6, #25
	.loc	3 307 21                        @ ../03_Algorithm_FixedPoint/Algorithm.c:307:21
	muls	r4, r6, r4
.Ltmp17:
	@DEBUG_VALUE: algoWhiteBalanceInitFromConfig:u <- [DW_OP_LLVM_entry_value 1] $r0
	@DEBUG_VALUE: algoWhiteBalanceInitFromConfig:middleResult <- [DW_OP_LLVM_convert 8 7, DW_OP_LLVM_convert 32 7, DW_OP_constu 25, DW_OP_mul, DW_OP_stack_value] undef
	.loc	3 0 21 is_stmt 0                @ ../03_Algorithm_FixedPoint/Algorithm.c:0:21
	movs	r7, #10
	.loc	3 308 7 is_stmt 1               @ ../03_Algorithm_FixedPoint/Algorithm.c:308:7
	mov	r0, r4
	mov	r1, r7
	bl	__aeabi_uidiv
.Ltmp18:
	mov	r5, r0
	mov	r0, r7
	muls	r0, r5, r0
	subs	r0, r4, r0
	uxth	r0, r0
	cmp	r0, #4
	bls	.LBB3_2
.Ltmp19:
@ %bb.1:
	@DEBUG_VALUE: algoWhiteBalanceInitFromConfig:u <- [DW_OP_LLVM_entry_value 1] $r0
	@DEBUG_VALUE: algoWhiteBalanceInitFromConfig:v <- [$sp+0]
	.loc	3 0 7 is_stmt 0                 @ ../03_Algorithm_FixedPoint/Algorithm.c:0:7
	adds	r5, r5, #1
.Ltmp20:
.LBB3_2:
	@DEBUG_VALUE: algoWhiteBalanceInitFromConfig:u <- [DW_OP_LLVM_entry_value 1] $r0
	@DEBUG_VALUE: algoWhiteBalanceInitFromConfig:v <- [$sp+0]
	@DEBUG_VALUE: algoWhiteBalanceInitFromConfig:v <- [$sp+0]
	@DEBUG_VALUE: algoWhiteBalanceInitFromConfig:middleResult <- [DW_OP_deref_size 4, DW_OP_LLVM_convert 8 7, DW_OP_LLVM_convert 32 7, DW_OP_constu 25, DW_OP_mul, DW_OP_stack_value] $sp
	.loc	3 319 21 is_stmt 1              @ ../03_Algorithm_FixedPoint/Algorithm.c:319:21
	ldr	r0, [sp]                        @ 4-byte Reload
.Ltmp21:
	@DEBUG_VALUE: algoWhiteBalanceInitFromConfig:middleResult <- [DW_OP_LLVM_convert 8 7, DW_OP_LLVM_convert 32 7, DW_OP_constu 25, DW_OP_mul, DW_OP_stack_value] $r0
	@DEBUG_VALUE: algoWhiteBalanceInitFromConfig:v <- $r0
	muls	r6, r0, r6
	.loc	3 320 7                         @ ../03_Algorithm_FixedPoint/Algorithm.c:320:7
	mov	r0, r6
.Ltmp22:
	mov	r1, r7
	bl	__aeabi_uidiv
.Ltmp23:
	.loc	3 0 7 is_stmt 0                 @ ../03_Algorithm_FixedPoint/Algorithm.c:0:7
	muls	r7, r0, r7
	subs	r1, r6, r7
	uxth	r1, r1
	.loc	3 320 7                         @ ../03_Algorithm_FixedPoint/Algorithm.c:320:7
	cmp	r1, #4
	bls	.LBB3_4
.Ltmp24:
@ %bb.3:
	@DEBUG_VALUE: algoWhiteBalanceInitFromConfig:u <- [DW_OP_LLVM_entry_value 1] $r0
	.loc	3 0 7                           @ ../03_Algorithm_FixedPoint/Algorithm.c:0:7
	adds	r0, r0, #1
.Ltmp25:
.LBB3_4:
	@DEBUG_VALUE: algoWhiteBalanceInitFromConfig:u <- [DW_OP_LLVM_entry_value 1] $r0
	ldr	r2, __arm_cp.3_0
.Ltmp26:
	.loc	3 329 22 is_stmt 1              @ ../03_Algorithm_FixedPoint/Algorithm.c:329:22
	ldr	r1, [r2, #8]
	.loc	3 330 43                        @ ../03_Algorithm_FixedPoint/Algorithm.c:330:43
	uxth	r0, r0
	.loc	3 329 54                        @ ../03_Algorithm_FixedPoint/Algorithm.c:329:54
	cmp	r1, r5
	bne	.LBB3_6
.Ltmp27:
@ %bb.5:
	@DEBUG_VALUE: algoWhiteBalanceInitFromConfig:u <- [DW_OP_LLVM_entry_value 1] $r0
	.loc	3 330 21                        @ ../03_Algorithm_FixedPoint/Algorithm.c:330:21
	ldr	r1, [r2, #12]
.Ltmp28:
	.loc	3 329 6                         @ ../03_Algorithm_FixedPoint/Algorithm.c:329:6
	cmp	r1, r0
	beq	.LBB3_7
.Ltmp29:
.LBB3_6:
	@DEBUG_VALUE: algoWhiteBalanceInitFromConfig:u <- [DW_OP_LLVM_entry_value 1] $r0
	.loc	3 332 43                        @ ../03_Algorithm_FixedPoint/Algorithm.c:332:43
	str	r5, [r2, #8]
	.loc	3 333 43                        @ ../03_Algorithm_FixedPoint/Algorithm.c:333:43
	str	r0, [r2, #12]
	.loc	3 334 9                         @ ../03_Algorithm_FixedPoint/Algorithm.c:334:9
	mov	r0, r2
	bl	whiteBalanceInit
.Ltmp30:
.LBB3_7:
	@DEBUG_VALUE: algoWhiteBalanceInitFromConfig:u <- [DW_OP_LLVM_entry_value 1] $r0
	.loc	3 340 1 epilogue_begin          @ ../03_Algorithm_FixedPoint/Algorithm.c:340:1
	pop	{r3, r4, r5, r6, r7, pc}
.Ltmp31:
	.p2align	2
@ %bb.8:
	.loc	3 0 1 is_stmt 0                 @ ../03_Algorithm_FixedPoint/Algorithm.c:0:1
__arm_cp.3_0:
	.long	algoWhiteBalanceInitFromConfig.Corolinit_temp
.Lcpi_end3:
	.size	__arm_cp.3_0, .Lcpi_end3-__arm_cp.3_0
.Lfunc_end3:
	.size	algoWhiteBalanceInitFromConfig, .Lfunc_end3-algoWhiteBalanceInitFromConfig
	.cfi_endproc
	.cantunwind
	.fnend
                                        @ -- End function
	.section	.text.whiteBalanceInit,"ax",%progbits
	.hidden	whiteBalanceInit                @ -- Begin function whiteBalanceInit
	.globl	whiteBalanceInit
	.p2align	2
	.type	whiteBalanceInit,%function
	.code	16                              @ @whiteBalanceInit
	.thumb_func
whiteBalanceInit:
.Lfunc_begin4:
	.loc	3 342 0 is_stmt 1               @ ../03_Algorithm_FixedPoint/Algorithm.c:342:0
	.fnstart
	.cfi_startproc
@ %bb.0:
	@DEBUG_VALUE: whiteBalanceInit:WB_info <- $r0
	.save	{r4, r5, r6, r7, lr}
	.pad	#4
	push	{r3, r4, r5, r6, r7, lr}
	.cfi_def_cfa_offset 24
	.cfi_offset lr, -4
	.cfi_offset r7, -8
	.cfi_offset r6, -12
	.cfi_offset r5, -16
	.cfi_offset r4, -20
	mov	r4, r0
.Ltmp32:
	@DEBUG_VALUE: whiteBalanceInit:WB_info <- $r4
	.loc	3 344 49 prologue_end           @ ../03_Algorithm_FixedPoint/Algorithm.c:344:49
	ldr	r0, [r0]
.Ltmp33:
	@DEBUG_VALUE: fix16_from_int:a <- $r0
	.loc	2 47 66                         @ ../03_Algorithm_FixedPoint/FixedPoint.h:47:66
	lsls	r0, r0, #16
.Ltmp34:
	.loc	2 0 66 is_stmt 0                @ ../03_Algorithm_FixedPoint/FixedPoint.h:0:66
	ldr	r1, __arm_cp.4_0
.Ltmp35:
	.loc	3 344 15 is_stmt 1              @ ../03_Algorithm_FixedPoint/Algorithm.c:344:15
	ldr	r7, __arm_cp.4_1
	blx	r7
.Ltmp36:
	mov	r5, r0
	.loc	3 344 13 is_stmt 0              @ ../03_Algorithm_FixedPoint/Algorithm.c:344:13
	ldr	r6, __arm_cp.4_2
	str	r0, [r6, #24]
	.loc	3 345 65 is_stmt 1              @ ../03_Algorithm_FixedPoint/Algorithm.c:345:65
	ldr	r0, [r4, #4]
.Ltmp37:
	@DEBUG_VALUE: fix16_from_int:a <- $r0
	.loc	2 47 66                         @ ../03_Algorithm_FixedPoint/FixedPoint.h:47:66
	lsls	r0, r0, #16
.Ltmp38:
	.loc	2 0 66 is_stmt 0                @ ../03_Algorithm_FixedPoint/FixedPoint.h:0:66
	ldr	r1, __arm_cp.4_3
.Ltmp39:
	.loc	3 345 31 is_stmt 1              @ ../03_Algorithm_FixedPoint/Algorithm.c:345:31
	blx	r7
.Ltmp40:
	@DEBUG_VALUE: fix16_add:inArg1 <- $r0
	@DEBUG_VALUE: fix16_add:inArg0 <- $r5
	.loc	2 103 84                        @ ../03_Algorithm_FixedPoint/FixedPoint.h:103:84
	adds	r0, r5, r0
.Ltmp41:
	.loc	2 0 84 is_stmt 0                @ ../03_Algorithm_FixedPoint/FixedPoint.h:0:84
	ldr	r1, __arm_cp.4_4
.Ltmp42:
	@DEBUG_VALUE: fix16_add:inArg1 <- -25097108
	.loc	2 103 84                        @ ../03_Algorithm_FixedPoint/FixedPoint.h:103:84
	adds	r5, r0, r1
.Ltmp43:
	.loc	3 346 13 is_stmt 1              @ ../03_Algorithm_FixedPoint/Algorithm.c:346:13
	str	r5, [r6, #24]
	.loc	3 347 65                        @ ../03_Algorithm_FixedPoint/Algorithm.c:347:65
	ldr	r0, [r4, #12]
.Ltmp44:
	@DEBUG_VALUE: fix16_from_int:a <- $r0
	.loc	2 47 66                         @ ../03_Algorithm_FixedPoint/FixedPoint.h:47:66
	lsls	r0, r0, #16
.Ltmp45:
	.loc	2 0 66 is_stmt 0                @ ../03_Algorithm_FixedPoint/FixedPoint.h:0:66
	ldr	r1, __arm_cp.4_5
.Ltmp46:
	.loc	3 347 31 is_stmt 1              @ ../03_Algorithm_FixedPoint/Algorithm.c:347:31
	blx	r7
.Ltmp47:
	mov	r1, r0
	.loc	3 347 15 is_stmt 0              @ ../03_Algorithm_FixedPoint/Algorithm.c:347:15
	mov	r0, r5
	blx	r7
.Ltmp48:
	.loc	3 347 13                        @ ../03_Algorithm_FixedPoint/Algorithm.c:347:13
	str	r0, [r6, #24]
	.loc	3 348 58 is_stmt 1              @ ../03_Algorithm_FixedPoint/Algorithm.c:348:58
	ldr	r0, [r4, #8]
.Ltmp49:
	@DEBUG_VALUE: fix16_from_int:a <- $r0
	.loc	2 47 66                         @ ../03_Algorithm_FixedPoint/FixedPoint.h:47:66
	lsls	r0, r0, #16
.Ltmp50:
	.loc	3 348 24                        @ ../03_Algorithm_FixedPoint/Algorithm.c:348:24
	ldr	r1, __arm_cp.4_0
	blx	r7
.Ltmp51:
	mov	r5, r0
.Ltmp52:
	@DEBUG_VALUE: whiteBalanceInit:Div_midResult <- $r5
	.loc	3 349 83                        @ ../03_Algorithm_FixedPoint/Algorithm.c:349:83
	ldr	r0, [r4, #12]
.Ltmp53:
	@DEBUG_VALUE: fix16_from_int:a <- $r0
	.loc	2 47 66                         @ ../03_Algorithm_FixedPoint/FixedPoint.h:47:66
	lsls	r0, r0, #16
.Ltmp54:
	.loc	3 349 49                        @ ../03_Algorithm_FixedPoint/Algorithm.c:349:49
	ldr	r1, __arm_cp.4_3
	blx	r7
.Ltmp55:
	@DEBUG_VALUE: fix16_add:inArg1 <- $r0
	@DEBUG_VALUE: fix16_add:inArg0 <- $r5
	@DEBUG_VALUE: whiteBalanceInit:Div_midResult <- undef
	.loc	2 103 84                        @ ../03_Algorithm_FixedPoint/FixedPoint.h:103:84
	adds	r0, r5, r0
.Ltmp56:
	.loc	2 103 84 is_stmt 0              @ ../03_Algorithm_FixedPoint/FixedPoint.h:103:84
	ldr	r1, __arm_cp.4_4
.Ltmp57:
	@DEBUG_VALUE: fix16_add:inArg1 <- -25097108
	adds	r5, r0, r1
.Ltmp58:
	@DEBUG_VALUE: whiteBalanceInit:Div_midResult <- $r5
	.loc	3 351 83 is_stmt 1              @ ../03_Algorithm_FixedPoint/Algorithm.c:351:83
	ldr	r0, [r4, #4]
.Ltmp59:
	@DEBUG_VALUE: fix16_from_int:a <- $r0
	.loc	2 47 66                         @ ../03_Algorithm_FixedPoint/FixedPoint.h:47:66
	lsls	r0, r0, #16
.Ltmp60:
	.loc	3 351 49                        @ ../03_Algorithm_FixedPoint/Algorithm.c:351:49
	ldr	r1, __arm_cp.4_5
	blx	r7
.Ltmp61:
	mov	r1, r0
	.loc	3 351 24 is_stmt 0              @ ../03_Algorithm_FixedPoint/Algorithm.c:351:24
	mov	r0, r5
	blx	r7
.Ltmp62:
	@DEBUG_VALUE: whiteBalanceInit:Div_midResult <- $r0
	.loc	3 352 40 is_stmt 1              @ ../03_Algorithm_FixedPoint/Algorithm.c:352:40
	ldr	r1, [r6, #24]
	.loc	3 352 15 is_stmt 0              @ ../03_Algorithm_FixedPoint/Algorithm.c:352:15
	ldr	r2, __arm_cp.4_6
	blx	r2
.Ltmp63:
	.loc	3 352 13                        @ ../03_Algorithm_FixedPoint/Algorithm.c:352:13
	str	r0, [r6, #24]
	.loc	3 354 49 is_stmt 1              @ ../03_Algorithm_FixedPoint/Algorithm.c:354:49
	ldr	r0, [r4]
.Ltmp64:
	@DEBUG_VALUE: fix16_from_int:a <- $r0
	.loc	2 47 66                         @ ../03_Algorithm_FixedPoint/FixedPoint.h:47:66
	lsls	r0, r0, #16
.Ltmp65:
	.loc	2 0 66 is_stmt 0                @ ../03_Algorithm_FixedPoint/FixedPoint.h:0:66
	ldr	r1, __arm_cp.4_7
.Ltmp66:
	.loc	3 354 15 is_stmt 1              @ ../03_Algorithm_FixedPoint/Algorithm.c:354:15
	blx	r7
.Ltmp67:
	mov	r5, r0
	.loc	3 354 13 is_stmt 0              @ ../03_Algorithm_FixedPoint/Algorithm.c:354:13
	str	r0, [r6, #28]
	.loc	3 355 65 is_stmt 1              @ ../03_Algorithm_FixedPoint/Algorithm.c:355:65
	ldr	r0, [r4, #4]
.Ltmp68:
	@DEBUG_VALUE: fix16_from_int:a <- $r0
	.loc	2 47 66                         @ ../03_Algorithm_FixedPoint/FixedPoint.h:47:66
	lsls	r0, r0, #16
.Ltmp69:
	.loc	2 0 66 is_stmt 0                @ ../03_Algorithm_FixedPoint/FixedPoint.h:0:66
	ldr	r1, __arm_cp.4_8
.Ltmp70:
	.loc	3 355 31 is_stmt 1              @ ../03_Algorithm_FixedPoint/Algorithm.c:355:31
	blx	r7
.Ltmp71:
	@DEBUG_VALUE: fix16_add:inArg1 <- $r0
	@DEBUG_VALUE: fix16_add:inArg0 <- $r5
	.loc	2 103 84                        @ ../03_Algorithm_FixedPoint/FixedPoint.h:103:84
	adds	r0, r5, r0
.Ltmp72:
	.loc	2 0 84 is_stmt 0                @ ../03_Algorithm_FixedPoint/FixedPoint.h:0:84
	ldr	r1, __arm_cp.4_9
.Ltmp73:
	@DEBUG_VALUE: fix16_add:inArg1 <- 14620411
	.loc	2 103 84                        @ ../03_Algorithm_FixedPoint/FixedPoint.h:103:84
	adds	r5, r0, r1
.Ltmp74:
	.loc	3 356 13 is_stmt 1              @ ../03_Algorithm_FixedPoint/Algorithm.c:356:13
	str	r5, [r6, #28]
	.loc	3 357 65                        @ ../03_Algorithm_FixedPoint/Algorithm.c:357:65
	ldr	r0, [r4, #12]
.Ltmp75:
	@DEBUG_VALUE: fix16_from_int:a <- $r0
	.loc	2 47 66                         @ ../03_Algorithm_FixedPoint/FixedPoint.h:47:66
	lsls	r0, r0, #16
.Ltmp76:
	.loc	2 0 66 is_stmt 0                @ ../03_Algorithm_FixedPoint/FixedPoint.h:0:66
	ldr	r1, __arm_cp.4_5
.Ltmp77:
	.loc	3 357 31 is_stmt 1              @ ../03_Algorithm_FixedPoint/Algorithm.c:357:31
	blx	r7
.Ltmp78:
	mov	r1, r0
	.loc	3 357 15 is_stmt 0              @ ../03_Algorithm_FixedPoint/Algorithm.c:357:15
	mov	r0, r5
	blx	r7
.Ltmp79:
	.loc	3 357 13                        @ ../03_Algorithm_FixedPoint/Algorithm.c:357:13
	str	r0, [r6, #28]
	.loc	3 358 58 is_stmt 1              @ ../03_Algorithm_FixedPoint/Algorithm.c:358:58
	ldr	r0, [r4, #8]
.Ltmp80:
	@DEBUG_VALUE: fix16_from_int:a <- $r0
	.loc	2 47 66                         @ ../03_Algorithm_FixedPoint/FixedPoint.h:47:66
	lsls	r0, r0, #16
.Ltmp81:
	.loc	3 358 24                        @ ../03_Algorithm_FixedPoint/Algorithm.c:358:24
	ldr	r1, __arm_cp.4_7
	blx	r7
.Ltmp82:
	mov	r5, r0
.Ltmp83:
	@DEBUG_VALUE: whiteBalanceInit:Div_midResult <- $r5
	.loc	3 359 83                        @ ../03_Algorithm_FixedPoint/Algorithm.c:359:83
	ldr	r0, [r4, #12]
.Ltmp84:
	@DEBUG_VALUE: fix16_from_int:a <- $r0
	.loc	2 47 66                         @ ../03_Algorithm_FixedPoint/FixedPoint.h:47:66
	lsls	r0, r0, #16
.Ltmp85:
	.loc	3 359 49                        @ ../03_Algorithm_FixedPoint/Algorithm.c:359:49
	ldr	r1, __arm_cp.4_8
	blx	r7
.Ltmp86:
	@DEBUG_VALUE: fix16_add:inArg1 <- $r0
	@DEBUG_VALUE: fix16_add:inArg0 <- $r5
	@DEBUG_VALUE: whiteBalanceInit:Div_midResult <- undef
	.loc	2 103 84                        @ ../03_Algorithm_FixedPoint/FixedPoint.h:103:84
	adds	r0, r5, r0
.Ltmp87:
	.loc	2 103 84 is_stmt 0              @ ../03_Algorithm_FixedPoint/FixedPoint.h:103:84
	ldr	r1, __arm_cp.4_9
.Ltmp88:
	@DEBUG_VALUE: fix16_add:inArg1 <- 14620411
	adds	r5, r0, r1
.Ltmp89:
	@DEBUG_VALUE: whiteBalanceInit:Div_midResult <- $r5
	.loc	3 361 83 is_stmt 1              @ ../03_Algorithm_FixedPoint/Algorithm.c:361:83
	ldr	r0, [r4, #4]
.Ltmp90:
	@DEBUG_VALUE: fix16_from_int:a <- $r0
	.loc	2 47 66                         @ ../03_Algorithm_FixedPoint/FixedPoint.h:47:66
	lsls	r0, r0, #16
.Ltmp91:
	.loc	3 361 49                        @ ../03_Algorithm_FixedPoint/Algorithm.c:361:49
	ldr	r1, __arm_cp.4_5
	blx	r7
.Ltmp92:
	mov	r1, r0
	.loc	3 361 24 is_stmt 0              @ ../03_Algorithm_FixedPoint/Algorithm.c:361:24
	mov	r0, r5
	blx	r7
.Ltmp93:
	@DEBUG_VALUE: whiteBalanceInit:Div_midResult <- $r0
	.loc	3 362 40 is_stmt 1              @ ../03_Algorithm_FixedPoint/Algorithm.c:362:40
	ldr	r1, [r6, #28]
	.loc	3 362 15 is_stmt 0              @ ../03_Algorithm_FixedPoint/Algorithm.c:362:15
	ldr	r2, __arm_cp.4_6
	blx	r2
.Ltmp94:
	.loc	3 362 13                        @ ../03_Algorithm_FixedPoint/Algorithm.c:362:13
	str	r0, [r6, #28]
	.loc	3 364 49 is_stmt 1              @ ../03_Algorithm_FixedPoint/Algorithm.c:364:49
	ldr	r0, [r4]
.Ltmp95:
	@DEBUG_VALUE: fix16_from_int:a <- $r0
	.loc	2 47 66                         @ ../03_Algorithm_FixedPoint/FixedPoint.h:47:66
	lsls	r0, r0, #16
.Ltmp96:
	.loc	2 0 66 is_stmt 0                @ ../03_Algorithm_FixedPoint/FixedPoint.h:0:66
	ldr	r1, __arm_cp.4_10
.Ltmp97:
	.loc	3 364 15 is_stmt 1              @ ../03_Algorithm_FixedPoint/Algorithm.c:364:15
	blx	r7
.Ltmp98:
	mov	r5, r0
	.loc	3 364 13 is_stmt 0              @ ../03_Algorithm_FixedPoint/Algorithm.c:364:13
	str	r0, [r6, #32]
	.loc	3 365 65 is_stmt 1              @ ../03_Algorithm_FixedPoint/Algorithm.c:365:65
	ldr	r0, [r4, #4]
.Ltmp99:
	@DEBUG_VALUE: fix16_from_int:a <- $r0
	.loc	2 47 66                         @ ../03_Algorithm_FixedPoint/FixedPoint.h:47:66
	lsls	r0, r0, #16
.Ltmp100:
	.loc	2 0 66 is_stmt 0                @ ../03_Algorithm_FixedPoint/FixedPoint.h:0:66
	ldr	r1, __arm_cp.4_11
.Ltmp101:
	.loc	3 365 31 is_stmt 1              @ ../03_Algorithm_FixedPoint/Algorithm.c:365:31
	blx	r7
.Ltmp102:
	@DEBUG_VALUE: fix16_add:inArg1 <- $r0
	@DEBUG_VALUE: fix16_add:inArg0 <- $r5
	.loc	2 103 84                        @ ../03_Algorithm_FixedPoint/FixedPoint.h:103:84
	adds	r0, r5, r0
.Ltmp103:
	.loc	2 0 84 is_stmt 0                @ ../03_Algorithm_FixedPoint/FixedPoint.h:0:84
	ldr	r1, __arm_cp.4_12
.Ltmp104:
	@DEBUG_VALUE: fix16_add:inArg1 <- 10476697
	.loc	2 103 84                        @ ../03_Algorithm_FixedPoint/FixedPoint.h:103:84
	adds	r5, r0, r1
.Ltmp105:
	.loc	3 366 13 is_stmt 1              @ ../03_Algorithm_FixedPoint/Algorithm.c:366:13
	str	r5, [r6, #32]
	.loc	3 367 65                        @ ../03_Algorithm_FixedPoint/Algorithm.c:367:65
	ldr	r0, [r4, #12]
.Ltmp106:
	@DEBUG_VALUE: fix16_from_int:a <- $r0
	.loc	2 47 66                         @ ../03_Algorithm_FixedPoint/FixedPoint.h:47:66
	lsls	r0, r0, #16
.Ltmp107:
	.loc	3 367 31                        @ ../03_Algorithm_FixedPoint/Algorithm.c:367:31
	ldr	r1, __arm_cp.4_5
	blx	r7
.Ltmp108:
	mov	r1, r0
	.loc	3 367 15 is_stmt 0              @ ../03_Algorithm_FixedPoint/Algorithm.c:367:15
	mov	r0, r5
	blx	r7
.Ltmp109:
	.loc	3 367 13                        @ ../03_Algorithm_FixedPoint/Algorithm.c:367:13
	str	r0, [r6, #32]
	.loc	3 368 58 is_stmt 1              @ ../03_Algorithm_FixedPoint/Algorithm.c:368:58
	ldr	r0, [r4, #8]
.Ltmp110:
	@DEBUG_VALUE: fix16_from_int:a <- $r0
	.loc	2 47 66                         @ ../03_Algorithm_FixedPoint/FixedPoint.h:47:66
	lsls	r0, r0, #16
.Ltmp111:
	.loc	3 368 24                        @ ../03_Algorithm_FixedPoint/Algorithm.c:368:24
	ldr	r1, __arm_cp.4_10
	blx	r7
.Ltmp112:
	mov	r5, r0
.Ltmp113:
	@DEBUG_VALUE: whiteBalanceInit:Div_midResult <- $r5
	.loc	3 369 83                        @ ../03_Algorithm_FixedPoint/Algorithm.c:369:83
	ldr	r0, [r4, #12]
.Ltmp114:
	@DEBUG_VALUE: fix16_from_int:a <- $r0
	.loc	2 47 66                         @ ../03_Algorithm_FixedPoint/FixedPoint.h:47:66
	lsls	r0, r0, #16
.Ltmp115:
	.loc	3 369 49                        @ ../03_Algorithm_FixedPoint/Algorithm.c:369:49
	ldr	r1, __arm_cp.4_11
	blx	r7
.Ltmp116:
	@DEBUG_VALUE: fix16_add:inArg1 <- $r0
	@DEBUG_VALUE: fix16_add:inArg0 <- $r5
	@DEBUG_VALUE: whiteBalanceInit:Div_midResult <- undef
	.loc	2 103 84                        @ ../03_Algorithm_FixedPoint/FixedPoint.h:103:84
	adds	r0, r5, r0
.Ltmp117:
	.loc	2 103 84 is_stmt 0              @ ../03_Algorithm_FixedPoint/FixedPoint.h:103:84
	ldr	r1, __arm_cp.4_12
.Ltmp118:
	@DEBUG_VALUE: fix16_add:inArg1 <- 10476697
	adds	r5, r0, r1
.Ltmp119:
	@DEBUG_VALUE: whiteBalanceInit:Div_midResult <- $r5
	.loc	3 371 83 is_stmt 1              @ ../03_Algorithm_FixedPoint/Algorithm.c:371:83
	ldr	r0, [r4, #4]
.Ltmp120:
	@DEBUG_VALUE: fix16_from_int:a <- $r0
	.loc	2 47 66                         @ ../03_Algorithm_FixedPoint/FixedPoint.h:47:66
	lsls	r0, r0, #16
.Ltmp121:
	.loc	3 371 49                        @ ../03_Algorithm_FixedPoint/Algorithm.c:371:49
	ldr	r1, __arm_cp.4_5
	blx	r7
.Ltmp122:
	mov	r1, r0
	.loc	3 371 24 is_stmt 0              @ ../03_Algorithm_FixedPoint/Algorithm.c:371:24
	mov	r0, r5
	blx	r7
.Ltmp123:
	@DEBUG_VALUE: whiteBalanceInit:Div_midResult <- $r0
	.loc	3 372 40 is_stmt 1              @ ../03_Algorithm_FixedPoint/Algorithm.c:372:40
	ldr	r1, [r6, #32]
	.loc	3 372 15 is_stmt 0              @ ../03_Algorithm_FixedPoint/Algorithm.c:372:15
	ldr	r2, __arm_cp.4_6
	blx	r2
.Ltmp124:
	.loc	3 372 13                        @ ../03_Algorithm_FixedPoint/Algorithm.c:372:13
	str	r0, [r6, #32]
	.loc	3 373 1 epilogue_begin is_stmt 1 @ ../03_Algorithm_FixedPoint/Algorithm.c:373:1
	pop	{r3, r4, r5, r6, r7, pc}
.Ltmp125:
	.p2align	2
@ %bb.1:
	.loc	3 0 1 is_stmt 0                 @ ../03_Algorithm_FixedPoint/Algorithm.c:0:1
__arm_cp.4_0:
	.long	113665                          @ 0x1bc01
.Lcpi_end4:
	.size	__arm_cp.4_0, .Lcpi_end4-__arm_cp.4_0
__arm_cp.4_1:
	.long	fix16_mul
.Lcpi_end5:
	.size	__arm_cp.4_1, .Lcpi_end5-__arm_cp.4_1
__arm_cp.4_2:
	.long	.L_MergedGlobals
.Lcpi_end6:
	.size	__arm_cp.4_2, .Lcpi_end6-__arm_cp.4_2
__arm_cp.4_3:
	.long	31830                           @ 0x7c56
.Lcpi_end7:
	.size	__arm_cp.4_3, .Lcpi_end7-__arm_cp.4_3
__arm_cp.4_4:
	.long	4269870188                      @ 0xfe810c6c
.Lcpi_end8:
	.size	__arm_cp.4_4, .Lcpi_end8-__arm_cp.4_4
__arm_cp.4_5:
	.long	655                             @ 0x28f
.Lcpi_end9:
	.size	__arm_cp.4_5, .Lcpi_end9-__arm_cp.4_5
__arm_cp.4_6:
	.long	fix16_div
.Lcpi_end10:
	.size	__arm_cp.4_6, .Lcpi_end10-__arm_cp.4_6
__arm_cp.4_7:
	.long	4294855647                      @ 0xfffe4bdf
.Lcpi_end11:
	.size	__arm_cp.4_7, .Lcpi_end11-__arm_cp.4_7
__arm_cp.4_8:
	.long	82470                           @ 0x14226
.Lcpi_end12:
	.size	__arm_cp.4_8, .Lcpi_end12-__arm_cp.4_8
__arm_cp.4_9:
	.long	14620411                        @ 0xdf16fb
.Lcpi_end13:
	.size	__arm_cp.4_9, .Lcpi_end13-__arm_cp.4_9
__arm_cp.4_10:
	.long	4294965280                      @ 0xfffff820
.Lcpi_end14:
	.size	__arm_cp.4_10, .Lcpi_end14-__arm_cp.4_10
__arm_cp.4_11:
	.long	4294949240                      @ 0xffffb978
.Lcpi_end15:
	.size	__arm_cp.4_11, .Lcpi_end15-__arm_cp.4_11
__arm_cp.4_12:
	.long	10476697                        @ 0x9fdc99
.Lcpi_end16:
	.size	__arm_cp.4_12, .Lcpi_end16-__arm_cp.4_12
.Lfunc_end4:
	.size	whiteBalanceInit, .Lfunc_end4-whiteBalanceInit
	.cfi_endproc
	.cantunwind
	.fnend
                                        @ -- End function
	.section	.text.whiteBalance,"ax",%progbits
	.hidden	whiteBalance                    @ -- Begin function whiteBalance
	.globl	whiteBalance
	.p2align	2
	.type	whiteBalance,%function
	.code	16                              @ @whiteBalance
	.thumb_func
whiteBalance:
.Lfunc_begin5:
	.loc	3 376 0 is_stmt 1               @ ../03_Algorithm_FixedPoint/Algorithm.c:376:0
	.fnstart
	.cfi_startproc
@ %bb.0:
	@DEBUG_VALUE: whiteBalance:inputColor <- $r0
	@DEBUG_VALUE: whiteBalance:balancedColor <- $r1
	.save	{r4, r5, r6, r7, lr}
	push	{r4, r5, r6, r7, lr}
	.cfi_def_cfa_offset 20
	.cfi_offset lr, -4
	.cfi_offset r7, -8
	.cfi_offset r6, -12
	.cfi_offset r5, -16
	.cfi_offset r4, -20
	.pad	#20
	sub	sp, #20
	.cfi_def_cfa_offset 40
	str	r1, [sp, #12]                   @ 4-byte Spill
.Ltmp126:
	@DEBUG_VALUE: whiteBalance:balancedColor <- [DW_OP_plus_uconst 12] [$sp+0]
	.loc	3 385 37 prologue_end           @ ../03_Algorithm_FixedPoint/Algorithm.c:385:37
	ldrh	r4, [r0, #2]
	.loc	3 384 37                        @ ../03_Algorithm_FixedPoint/Algorithm.c:384:37
	ldrh	r0, [r0]
.Ltmp127:
	@DEBUG_VALUE: whiteBalance:inputColor <- [DW_OP_LLVM_entry_value 1] $r0
	@DEBUG_VALUE: fix16_from_int:a <- $r0
	.loc	2 47 66                         @ ../03_Algorithm_FixedPoint/FixedPoint.h:47:66
	lsls	r7, r0, #16
.Ltmp128:
	@DEBUG_VALUE: whiteBalance:f16_input_U <- $r7
	.loc	2 0 66 is_stmt 0                @ ../03_Algorithm_FixedPoint/FixedPoint.h:0:66
	ldr	r1, __arm_cp.5_0
.Ltmp129:
	.loc	3 386 16 is_stmt 1              @ ../03_Algorithm_FixedPoint/Algorithm.c:386:16
	ldr	r6, __arm_cp.5_1
	mov	r0, r7
.Ltmp130:
	blx	r6
.Ltmp131:
	mov	r5, r0
.Ltmp132:
	@DEBUG_VALUE: whiteBalance:FluxR <- $r5
	@DEBUG_VALUE: fix16_from_int:a <- $r4
	.loc	2 47 66                         @ ../03_Algorithm_FixedPoint/FixedPoint.h:47:66
	lsls	r4, r4, #16
.Ltmp133:
	@DEBUG_VALUE: whiteBalance:f16_input_V <- $r4
	.loc	2 0 66 is_stmt 0                @ ../03_Algorithm_FixedPoint/FixedPoint.h:0:66
	ldr	r0, __arm_cp.5_2
.Ltmp134:
	.loc	3 387 33 is_stmt 1              @ ../03_Algorithm_FixedPoint/Algorithm.c:387:33
	mov	r1, r4
	blx	r6
.Ltmp135:
	@DEBUG_VALUE: fix16_add:inArg1 <- $r0
	@DEBUG_VALUE: fix16_add:inArg0 <- $r5
	@DEBUG_VALUE: whiteBalance:FluxR <- undef
	.loc	2 103 84                        @ ../03_Algorithm_FixedPoint/FixedPoint.h:103:84
	adds	r0, r5, r0
.Ltmp136:
	.loc	2 0 84 is_stmt 0                @ ../03_Algorithm_FixedPoint/FixedPoint.h:0:84
	ldr	r1, __arm_cp.5_3
.Ltmp137:
	@DEBUG_VALUE: fix16_add:inArg1 <- -25097108
	.loc	2 103 84                        @ ../03_Algorithm_FixedPoint/FixedPoint.h:103:84
	adds	r1, r0, r1
.Ltmp138:
	@DEBUG_VALUE: whiteBalance:FluxR <- $r1
	.loc	3 389 26 is_stmt 1              @ ../03_Algorithm_FixedPoint/Algorithm.c:389:26
	ldr	r0, __arm_cp.5_4
	ldr	r0, [r0, #24]
	.loc	3 389 16 is_stmt 0              @ ../03_Algorithm_FixedPoint/Algorithm.c:389:16
	blx	r6
.Ltmp139:
	str	r0, [sp, #16]                   @ 4-byte Spill
.Ltmp140:
	@DEBUG_VALUE: fix16_add:inArg0 <- undef
	@DEBUG_VALUE: whiteBalance:FluxR <- [DW_OP_plus_uconst 16] [$sp+0]
	.loc	3 0 16                          @ ../03_Algorithm_FixedPoint/Algorithm.c:0:16
	ldr	r1, __arm_cp.5_5
	.loc	3 391 16 is_stmt 1              @ ../03_Algorithm_FixedPoint/Algorithm.c:391:16
	mov	r0, r7
	blx	r6
.Ltmp141:
	.loc	3 0 16 is_stmt 0                @ ../03_Algorithm_FixedPoint/Algorithm.c:0:16
	mov	r5, r6
.Ltmp142:
	.loc	3 391 16                        @ ../03_Algorithm_FixedPoint/Algorithm.c:391:16
	mov	r6, r0
.Ltmp143:
	@DEBUG_VALUE: whiteBalance:FluxG <- $r6
	.loc	3 0 16                          @ ../03_Algorithm_FixedPoint/Algorithm.c:0:16
	ldr	r0, __arm_cp.5_6
	.loc	3 392 33 is_stmt 1              @ ../03_Algorithm_FixedPoint/Algorithm.c:392:33
	mov	r1, r4
	blx	r5
.Ltmp144:
	@DEBUG_VALUE: fix16_add:inArg1 <- $r0
	@DEBUG_VALUE: fix16_add:inArg0 <- $r6
	@DEBUG_VALUE: whiteBalance:FluxG <- undef
	.loc	2 103 84                        @ ../03_Algorithm_FixedPoint/FixedPoint.h:103:84
	adds	r0, r6, r0
.Ltmp145:
	.loc	2 0 84 is_stmt 0                @ ../03_Algorithm_FixedPoint/FixedPoint.h:0:84
	ldr	r1, __arm_cp.5_7
.Ltmp146:
	@DEBUG_VALUE: fix16_add:inArg1 <- 14620411
	.loc	2 103 84                        @ ../03_Algorithm_FixedPoint/FixedPoint.h:103:84
	adds	r1, r0, r1
.Ltmp147:
	@DEBUG_VALUE: whiteBalance:FluxG <- $r1
	.loc	2 0 84                          @ ../03_Algorithm_FixedPoint/FixedPoint.h:0:84
	ldr	r6, __arm_cp.5_4
.Ltmp148:
	.loc	3 394 26 is_stmt 1              @ ../03_Algorithm_FixedPoint/Algorithm.c:394:26
	ldr	r0, [r6, #28]
	.loc	3 394 16 is_stmt 0              @ ../03_Algorithm_FixedPoint/Algorithm.c:394:16
	blx	r5
.Ltmp149:
	str	r0, [sp, #8]                    @ 4-byte Spill
.Ltmp150:
	@DEBUG_VALUE: whiteBalance:FluxG <- [DW_OP_plus_uconst 8] [$sp+0]
	.loc	3 0 16                          @ ../03_Algorithm_FixedPoint/Algorithm.c:0:16
	ldr	r1, __arm_cp.5_8
	.loc	3 396 16 is_stmt 1              @ ../03_Algorithm_FixedPoint/Algorithm.c:396:16
	mov	r0, r7
	blx	r5
.Ltmp151:
	mov	r7, r0
.Ltmp152:
	@DEBUG_VALUE: whiteBalance:FluxB <- $r7
	.loc	3 0 16 is_stmt 0                @ ../03_Algorithm_FixedPoint/Algorithm.c:0:16
	ldr	r0, __arm_cp.5_9
	.loc	3 397 33 is_stmt 1              @ ../03_Algorithm_FixedPoint/Algorithm.c:397:33
	mov	r1, r4
	blx	r5
.Ltmp153:
	@DEBUG_VALUE: fix16_add:inArg1 <- $r0
	@DEBUG_VALUE: fix16_add:inArg0 <- $r7
	@DEBUG_VALUE: whiteBalance:FluxB <- undef
	.loc	2 103 84                        @ ../03_Algorithm_FixedPoint/FixedPoint.h:103:84
	adds	r0, r7, r0
.Ltmp154:
	.loc	2 0 84 is_stmt 0                @ ../03_Algorithm_FixedPoint/FixedPoint.h:0:84
	ldr	r1, __arm_cp.5_10
.Ltmp155:
	@DEBUG_VALUE: fix16_add:inArg1 <- 10476697
	.loc	2 103 84                        @ ../03_Algorithm_FixedPoint/FixedPoint.h:103:84
	adds	r1, r0, r1
.Ltmp156:
	@DEBUG_VALUE: whiteBalance:FluxB <- $r1
	.loc	3 399 26 is_stmt 1              @ ../03_Algorithm_FixedPoint/Algorithm.c:399:26
	ldr	r0, [r6, #32]
	.loc	3 399 16 is_stmt 0              @ ../03_Algorithm_FixedPoint/Algorithm.c:399:16
	blx	r5
.Ltmp157:
	.loc	3 0 16                          @ ../03_Algorithm_FixedPoint/Algorithm.c:0:16
	mov	r2, r5
	.loc	3 399 16                        @ ../03_Algorithm_FixedPoint/Algorithm.c:399:16
	mov	r7, r0
.Ltmp158:
	@DEBUG_VALUE: whiteBalance:FluxB <- $r7
	.loc	3 401 21 is_stmt 1              @ ../03_Algorithm_FixedPoint/Algorithm.c:401:21
	str	r0, [sp]                        @ 4-byte Spill
	ldr	r1, __arm_cp.5_11
	ldr	r5, [sp, #16]                   @ 4-byte Reload
.Ltmp159:
	@DEBUG_VALUE: whiteBalance:FluxR <- $r5
	mov	r0, r5
	blx	r2
.Ltmp160:
	mov	r4, r0
.Ltmp161:
	@DEBUG_VALUE: whiteBalance:balanced_x <- $r4
	.loc	3 0 21 is_stmt 0                @ ../03_Algorithm_FixedPoint/Algorithm.c:0:21
	ldr	r1, __arm_cp.5_12
	ldr	r6, [sp, #8]                    @ 4-byte Reload
.Ltmp162:
	@DEBUG_VALUE: whiteBalance:FluxG <- $r6
	.loc	3 402 43 is_stmt 1              @ ../03_Algorithm_FixedPoint/Algorithm.c:402:43
	mov	r0, r6
	ldr	r2, __arm_cp.5_1
	blx	r2
.Ltmp163:
	@DEBUG_VALUE: fix16_add:inArg1 <- $r0
	@DEBUG_VALUE: fix16_add:inArg0 <- $r4
	.loc	2 103 84                        @ ../03_Algorithm_FixedPoint/FixedPoint.h:103:84
	adds	r4, r0, r4
.Ltmp164:
	@DEBUG_VALUE: whiteBalance:balanced_x <- $r4
	.loc	2 0 84 is_stmt 0                @ ../03_Algorithm_FixedPoint/FixedPoint.h:0:84
	ldr	r1, __arm_cp.5_13
.Ltmp165:
	.loc	3 403 43 is_stmt 1              @ ../03_Algorithm_FixedPoint/Algorithm.c:403:43
	mov	r0, r7
.Ltmp166:
	@DEBUG_VALUE: whiteBalance:FluxB <- [$sp+0]
	.loc	3 0 43 is_stmt 0                @ ../03_Algorithm_FixedPoint/Algorithm.c:0:43
	ldr	r7, __arm_cp.5_1
	.loc	3 403 43                        @ ../03_Algorithm_FixedPoint/Algorithm.c:403:43
	blx	r7
.Ltmp167:
	@DEBUG_VALUE: fix16_add:inArg1 <- $r0
	.loc	2 103 84 is_stmt 1              @ ../03_Algorithm_FixedPoint/FixedPoint.h:103:84
	adds	r0, r4, r0
.Ltmp168:
	@DEBUG_VALUE: whiteBalance:balanced_x <- $r0
	.loc	3 408 23                        @ ../03_Algorithm_FixedPoint/Algorithm.c:408:23
	str	r0, [sp, #4]                    @ 4-byte Spill
.Ltmp169:
	@DEBUG_VALUE: whiteBalance:balanced_x <- [DW_OP_plus_uconst 4] [$sp+0]
	@DEBUG_VALUE: whiteBalance:balanced_x <- [DW_OP_plus_uconst 4] [$sp+0]
	.loc	3 0 23 is_stmt 0                @ ../03_Algorithm_FixedPoint/Algorithm.c:0:23
	ldr	r1, __arm_cp.5_14
	.loc	3 408 23                        @ ../03_Algorithm_FixedPoint/Algorithm.c:408:23
	mov	r0, r5
.Ltmp170:
	@DEBUG_VALUE: whiteBalance:FluxR <- [DW_OP_plus_uconst 16] [$sp+0]
	blx	r7
.Ltmp171:
	mov	r5, r0
.Ltmp172:
	@DEBUG_VALUE: whiteBalance:balanced_den <- $r5
	.loc	3 0 23                          @ ../03_Algorithm_FixedPoint/Algorithm.c:0:23
	ldr	r1, __arm_cp.5_15
	.loc	3 409 47 is_stmt 1              @ ../03_Algorithm_FixedPoint/Algorithm.c:409:47
	mov	r0, r6
	blx	r7
.Ltmp173:
	@DEBUG_VALUE: fix16_add:inArg1 <- $r0
	@DEBUG_VALUE: fix16_add:inArg0 <- $r5
	.loc	2 103 84                        @ ../03_Algorithm_FixedPoint/FixedPoint.h:103:84
	adds	r5, r0, r5
.Ltmp174:
	@DEBUG_VALUE: whiteBalance:balanced_den <- $r5
	.loc	2 0 84 is_stmt 0                @ ../03_Algorithm_FixedPoint/FixedPoint.h:0:84
	ldr	r1, __arm_cp.5_16
	ldr	r4, [sp]                        @ 4-byte Reload
.Ltmp175:
	@DEBUG_VALUE: whiteBalance:FluxB <- $r4
	.loc	3 410 47 is_stmt 1              @ ../03_Algorithm_FixedPoint/Algorithm.c:410:47
	mov	r0, r4
.Ltmp176:
	blx	r7
.Ltmp177:
	@DEBUG_VALUE: fix16_add:inArg0 <- $r5
	@DEBUG_VALUE: fix16_add:inArg1 <- $r0
	.loc	2 103 84                        @ ../03_Algorithm_FixedPoint/FixedPoint.h:103:84
	adds	r5, r5, r0
.Ltmp178:
	@DEBUG_VALUE: whiteBalance:balanced_den <- $r5
	.loc	3 412 21                        @ ../03_Algorithm_FixedPoint/Algorithm.c:412:21
	ldr	r0, [sp, #4]                    @ 4-byte Reload
.Ltmp179:
	mov	r1, r5
	bl	fix16_div
.Ltmp180:
	mov	r7, r0
.Ltmp181:
	@DEBUG_VALUE: whiteBalance:balanced_x <- $r7
	.loc	2 103 84                        @ ../03_Algorithm_FixedPoint/FixedPoint.h:103:84
	ldr	r0, [sp, #16]                   @ 4-byte Reload
.Ltmp182:
	@DEBUG_VALUE: fix16_add:inArg1 <- $r6
	@DEBUG_VALUE: fix16_add:inArg0 <- $r0
	@DEBUG_VALUE: whiteBalance:FluxR <- $r0
	adds	r0, r6, r0
.Ltmp183:
	@DEBUG_VALUE: fix16_add:inArg0 <- $r0
	@DEBUG_VALUE: whiteBalance:balanced_y <- $r0
	@DEBUG_VALUE: fix16_add:inArg1 <- $r4
	.loc	2 103 84 is_stmt 0              @ ../03_Algorithm_FixedPoint/FixedPoint.h:103:84
	adds	r0, r0, r4
.Ltmp184:
	@DEBUG_VALUE: whiteBalance:balanced_y <- $r0
	.loc	3 413 21 is_stmt 1              @ ../03_Algorithm_FixedPoint/Algorithm.c:413:21
	mov	r1, r5
	bl	fix16_div
.Ltmp185:
	@DEBUG_VALUE: whiteBalance:balanced_y <- $r0
	.loc	3 0 21 is_stmt 0                @ ../03_Algorithm_FixedPoint/Algorithm.c:0:21
	ldr	r1, [sp, #12]                   @ 4-byte Reload
.Ltmp186:
	@DEBUG_VALUE: whiteBalance:balancedColor <- $r1
	.loc	3 415 25 is_stmt 1              @ ../03_Algorithm_FixedPoint/Algorithm.c:415:25
	str	r7, [r1]
	.loc	3 416 25                        @ ../03_Algorithm_FixedPoint/Algorithm.c:416:25
	str	r0, [r1, #4]
	.loc	3 419 1 epilogue_begin          @ ../03_Algorithm_FixedPoint/Algorithm.c:419:1
	add	sp, #20
	pop	{r4, r5, r6, r7, pc}
.Ltmp187:
	.p2align	2
@ %bb.1:
	.loc	3 0 1 is_stmt 0                 @ ../03_Algorithm_FixedPoint/Algorithm.c:0:1
__arm_cp.5_0:
	.long	113665                          @ 0x1bc01
.Lcpi_end17:
	.size	__arm_cp.5_0, .Lcpi_end17-__arm_cp.5_0
__arm_cp.5_1:
	.long	fix16_mul
.Lcpi_end18:
	.size	__arm_cp.5_1, .Lcpi_end18-__arm_cp.5_1
__arm_cp.5_2:
	.long	31830                           @ 0x7c56
.Lcpi_end19:
	.size	__arm_cp.5_2, .Lcpi_end19-__arm_cp.5_2
__arm_cp.5_3:
	.long	4269870188                      @ 0xfe810c6c
.Lcpi_end20:
	.size	__arm_cp.5_3, .Lcpi_end20-__arm_cp.5_3
__arm_cp.5_4:
	.long	.L_MergedGlobals
.Lcpi_end21:
	.size	__arm_cp.5_4, .Lcpi_end21-__arm_cp.5_4
__arm_cp.5_5:
	.long	4294855647                      @ 0xfffe4bdf
.Lcpi_end22:
	.size	__arm_cp.5_5, .Lcpi_end22-__arm_cp.5_5
__arm_cp.5_6:
	.long	82470                           @ 0x14226
.Lcpi_end23:
	.size	__arm_cp.5_6, .Lcpi_end23-__arm_cp.5_6
__arm_cp.5_7:
	.long	14620411                        @ 0xdf16fb
.Lcpi_end24:
	.size	__arm_cp.5_7, .Lcpi_end24-__arm_cp.5_7
__arm_cp.5_8:
	.long	4294965280                      @ 0xfffff820
.Lcpi_end25:
	.size	__arm_cp.5_8, .Lcpi_end25-__arm_cp.5_8
__arm_cp.5_9:
	.long	4294949240                      @ 0xffffb978
.Lcpi_end26:
	.size	__arm_cp.5_9, .Lcpi_end26-__arm_cp.5_9
__arm_cp.5_10:
	.long	10476697                        @ 0x9fdc99
.Lcpi_end27:
	.size	__arm_cp.5_10, .Lcpi_end27-__arm_cp.5_10
__arm_cp.5_11:
	.long	145876                          @ 0x239d4
.Lcpi_end28:
	.size	__arm_cp.5_11, .Lcpi_end28-__arm_cp.5_11
__arm_cp.5_12:
	.long	15478                           @ 0x3c76
.Lcpi_end29:
	.size	__arm_cp.5_12, .Lcpi_end29-__arm_cp.5_12
__arm_cp.5_13:
	.long	327847                          @ 0x500a7
.Lcpi_end30:
	.size	__arm_cp.5_13, .Lcpi_end30-__arm_cp.5_13
__arm_cp.5_14:
	.long	211390                          @ 0x339be
.Lcpi_end31:
	.size	__arm_cp.5_14, .Lcpi_end31-__arm_cp.5_14
__arm_cp.5_15:
	.long	90996                           @ 0x16374
.Lcpi_end32:
	.size	__arm_cp.5_15, .Lcpi_end32-__arm_cp.5_15
__arm_cp.5_16:
	.long	2185536                         @ 0x215940
.Lcpi_end33:
	.size	__arm_cp.5_16, .Lcpi_end33-__arm_cp.5_16
.Lfunc_end5:
	.size	whiteBalance, .Lfunc_end5-whiteBalance
	.cfi_endproc
	.cantunwind
	.fnend
                                        @ -- End function
	.section	.text.algoGetPWMOutput,"ax",%progbits
	.hidden	algoGetPWMOutput                @ -- Begin function algoGetPWMOutput
	.globl	algoGetPWMOutput
	.p2align	2
	.type	algoGetPWMOutput,%function
	.code	16                              @ @algoGetPWMOutput
	.thumb_func
algoGetPWMOutput:
.Lfunc_begin6:
	.loc	3 717 0 is_stmt 1               @ ../03_Algorithm_FixedPoint/Algorithm.c:717:0
	.fnstart
	.cfi_startproc
@ %bb.0:
	@DEBUG_VALUE: algoGetPWMOutput:inputColor <- $r0
	@DEBUG_VALUE: algoGetPWMOutput:outputPWM <- $r1
	.save	{r4, r5, r6, r7, lr}
	push	{r4, r5, r6, r7, lr}
	.cfi_def_cfa_offset 20
	.cfi_offset lr, -4
	.cfi_offset r7, -8
	.cfi_offset r6, -12
	.cfi_offset r5, -16
	.cfi_offset r4, -20
	.pad	#84
	sub	sp, #84
	.cfi_def_cfa_offset 104
.Ltmp188:
	@DEBUG_VALUE: algoGetPWMOutput:targetColor <- [DW_OP_plus_uconst 72, DW_OP_deref] $sp
	movs	r4, #0
.Ltmp189:
	.loc	3 722 22 prologue_end           @ ../03_Algorithm_FixedPoint/Algorithm.c:722:22
	strh	r4, [r1, #4]
	.loc	3 721 22                        @ ../03_Algorithm_FixedPoint/Algorithm.c:721:22
	strh	r4, [r1, #2]
	str	r1, [sp, #48]                   @ 4-byte Spill
.Ltmp190:
	@DEBUG_VALUE: algoGetPWMOutput:outputPWM <- [DW_OP_plus_uconst 48] [$sp+0]
	.loc	3 720 22                        @ ../03_Algorithm_FixedPoint/Algorithm.c:720:22
	strh	r4, [r1]
.Ltmp191:
	@DEBUG_VALUE: CtApSwcLedAlgorithm_intensityPyramid:s32_u <- undef
	.loc	3 167 83                        @ ../03_Algorithm_FixedPoint/Algorithm.c:167:83
	ldrh	r1, [r0, #2]
	ldr	r2, __arm_cp.6_28
	str	r1, [sp, #56]                   @ 4-byte Spill
	muls	r2, r1, r2
.Ltmp192:
	@DEBUG_VALUE: CtApSwcLedAlgorithm_intensityPyramid:inputState <- 0
	@DEBUG_VALUE: CtApSwcLedAlgorithm_intensityPyramid:pst_LEDColor <- $r0
	@DEBUG_VALUE: __algoGetTargetColorFromCIE1976:targetColor <- [DW_OP_plus_uconst 72, DW_OP_stack_value] $sp
	@DEBUG_VALUE: __algoGetTargetColorFromCIE1976:inputColor <- $r0
	.loc	3 0 83 is_stmt 0                @ ../03_Algorithm_FixedPoint/Algorithm.c:0:83
	str	r0, [sp, #44]                   @ 4-byte Spill
.Ltmp193:
	@DEBUG_VALUE: CtApSwcLedAlgorithm_intensityPyramid:pst_LEDColor <- [DW_OP_plus_uconst 44] [$sp+0]
	@DEBUG_VALUE: __algoGetTargetColorFromCIE1976:inputColor <- [DW_OP_plus_uconst 44] [$sp+0]
	@DEBUG_VALUE: algoGetPWMOutput:inputColor <- [DW_OP_plus_uconst 44] [$sp+0]
	.loc	3 167 44                        @ ../03_Algorithm_FixedPoint/Algorithm.c:167:44
	ldrh	r3, [r0]
	ldr	r1, __arm_cp.6_29
.Ltmp194:
	@DEBUG_VALUE: CtApSwcLedAlgorithm_intensityPyramid:s32_v <- [DW_OP_plus_uconst 56] [$sp+0]
	@DEBUG_VALUE: u8_plane_idx <- 0
	@DEBUG_VALUE: CtApSwcLedAlgorithm_intensityPyramid:s32_min_intensity_rotated <- 2147483647
	@DEBUG_VALUE: CtApSwcLedAlgorithm_intensityPyramid:s32_selectedIntensity <- 2147483647
	.loc	3 0 44                          @ ../03_Algorithm_FixedPoint/Algorithm.c:0:44
	muls	r1, r3, r1
	adds	r0, r1, r2
	ldr	r1, __arm_cp.6_30
	adds	r0, r0, r1
	str	r0, [sp, #52]                   @ 4-byte Spill
	ldr	r0, __arm_cp.6_31
	str	r0, [sp, #68]                   @ 4-byte Spill
	ldr	r0, __arm_cp.6_32
	str	r0, [sp, #64]                   @ 4-byte Spill
	ldr	r0, __arm_cp.6_33
	ldr	r5, __arm_cp.6_34
	mov	r7, r5
	str	r4, [sp, #60]                   @ 4-byte Spill
.Ltmp195:
.LBB6_1:                                @ =>This Inner Loop Header: Depth=1
	@DEBUG_VALUE: CtApSwcLedAlgorithm_intensityPyramid:s32_v <- [DW_OP_plus_uconst 56] [$sp+0]
	@DEBUG_VALUE: algoGetPWMOutput:inputColor <- [DW_OP_plus_uconst 44] [$sp+0]
	@DEBUG_VALUE: __algoGetTargetColorFromCIE1976:inputColor <- [DW_OP_plus_uconst 44] [$sp+0]
	@DEBUG_VALUE: CtApSwcLedAlgorithm_intensityPyramid:pst_LEDColor <- [DW_OP_plus_uconst 44] [$sp+0]
	@DEBUG_VALUE: __algoGetTargetColorFromCIE1976:targetColor <- [DW_OP_plus_uconst 72, DW_OP_stack_value] $sp
	@DEBUG_VALUE: algoGetPWMOutput:outputPWM <- [DW_OP_plus_uconst 48] [$sp+0]
	@DEBUG_VALUE: algoGetPWMOutput:targetColor <- [DW_OP_plus_uconst 72, DW_OP_deref] $sp
	@DEBUG_VALUE: CtApSwcLedAlgorithm_intensityPyramid:inputState <- [DW_OP_plus_uconst 60] [$sp+0]
	@DEBUG_VALUE: CtApSwcLedAlgorithm_intensityPyramid:s32_selectedIntensity <- $r7
	@DEBUG_VALUE: CtApSwcLedAlgorithm_intensityPyramid:s32_min_intensity_rotated <- $r5
	@DEBUG_VALUE: u8_plane_idx <- $r4
	.loc	3 170 5 is_stmt 1               @ ../03_Algorithm_FixedPoint/Algorithm.c:170:5
	cmp	r4, #3
	beq	.LBB6_9
.Ltmp196:
@ %bb.2:                                @   in Loop: Header=BB6_1 Depth=1
	@DEBUG_VALUE: u8_plane_idx <- $r4
	@DEBUG_VALUE: CtApSwcLedAlgorithm_intensityPyramid:s32_min_intensity_rotated <- $r5
	@DEBUG_VALUE: CtApSwcLedAlgorithm_intensityPyramid:s32_selectedIntensity <- $r7
	@DEBUG_VALUE: CtApSwcLedAlgorithm_intensityPyramid:inputState <- [DW_OP_plus_uconst 60] [$sp+0]
	@DEBUG_VALUE: CtApSwcLedAlgorithm_intensityPyramid:s32_v <- [DW_OP_plus_uconst 56] [$sp+0]
	@DEBUG_VALUE: algoGetPWMOutput:inputColor <- [DW_OP_plus_uconst 44] [$sp+0]
	@DEBUG_VALUE: __algoGetTargetColorFromCIE1976:inputColor <- [DW_OP_plus_uconst 44] [$sp+0]
	@DEBUG_VALUE: CtApSwcLedAlgorithm_intensityPyramid:pst_LEDColor <- [DW_OP_plus_uconst 44] [$sp+0]
	@DEBUG_VALUE: __algoGetTargetColorFromCIE1976:targetColor <- [DW_OP_plus_uconst 72, DW_OP_stack_value] $sp
	@DEBUG_VALUE: algoGetPWMOutput:outputPWM <- [DW_OP_plus_uconst 48] [$sp+0]
	@DEBUG_VALUE: algoGetPWMOutput:targetColor <- [DW_OP_plus_uconst 72, DW_OP_deref] $sp
	.loc	3 172 25                        @ ../03_Algorithm_FixedPoint/Algorithm.c:172:25
	ldm	r0!, {r2}
	mov	r6, r3
	.loc	3 172 51 is_stmt 0              @ ../03_Algorithm_FixedPoint/Algorithm.c:172:51
	muls	r2, r3, r2
	.loc	3 172 76                        @ ../03_Algorithm_FixedPoint/Algorithm.c:172:76
	ldr	r1, [sp, #64]                   @ 4-byte Reload
	ldm	r1!, {r3}
	.loc	3 172 102                       @ ../03_Algorithm_FixedPoint/Algorithm.c:172:102
	str	r1, [sp, #64]                   @ 4-byte Spill
	ldr	r1, [sp, #56]                   @ 4-byte Reload
	muls	r3, r1, r3
	.loc	3 172 74                        @ ../03_Algorithm_FixedPoint/Algorithm.c:172:74
	adds	r2, r3, r2
	.loc	3 172 127                       @ ../03_Algorithm_FixedPoint/Algorithm.c:172:127
	ldr	r1, [sp, #68]                   @ 4-byte Reload
	ldm	r1!, {r3}
	.loc	3 172 125                       @ ../03_Algorithm_FixedPoint/Algorithm.c:172:125
	str	r1, [sp, #68]                   @ 4-byte Spill
	adds	r2, r2, r3
.Ltmp197:
	@DEBUG_VALUE: CtApSwcLedAlgorithm_intensityPyramid:s32_vectorRef2Intensity <- [DW_OP_plus_uconst 56, DW_OP_deref_size 4, DW_OP_constu 395, DW_OP_minus, DW_OP_stack_value, DW_OP_LLVM_fragment 32 32] $sp
	@DEBUG_VALUE: CtApSwcLedAlgorithm_intensityPyramid:s32_vectorRef2Intensity <- [DW_OP_constu 258, DW_OP_minus, DW_OP_stack_value, DW_OP_LLVM_fragment 0 32] $r6
	@DEBUG_VALUE: CtApSwcLedAlgorithm_intensityPyramid:s32_vectorRef2Intensity <- [DW_OP_constu 168290, DW_OP_minus, DW_OP_stack_value, DW_OP_LLVM_fragment 64 32] $r2
	@DEBUG_VALUE: CtApSwcLedAlgorithm_intensityPyramid:s32_intensity <- $r2
	.loc	3 176 156 is_stmt 1             @ ../03_Algorithm_FixedPoint/Algorithm.c:176:156
	ldr	r3, __arm_cp.6_35
	adds	r3, #56
	muls	r3, r2, r3
	.loc	3 176 127 is_stmt 0             @ ../03_Algorithm_FixedPoint/Algorithm.c:176:127
	ldr	r1, [sp, #52]                   @ 4-byte Reload
	adds	r3, r1, r3
.Ltmp198:
	@DEBUG_VALUE: CtApSwcLedAlgorithm_intensityPyramid:s32_intensity_Rotated <- $r3
	.loc	3 185 13 is_stmt 1              @ ../03_Algorithm_FixedPoint/Algorithm.c:185:13
	cmp	r3, r5
	blt	.LBB6_4
.Ltmp199:
@ %bb.3:                                @   in Loop: Header=BB6_1 Depth=1
	@DEBUG_VALUE: CtApSwcLedAlgorithm_intensityPyramid:s32_intensity_Rotated <- $r3
	@DEBUG_VALUE: CtApSwcLedAlgorithm_intensityPyramid:s32_intensity <- $r2
	@DEBUG_VALUE: CtApSwcLedAlgorithm_intensityPyramid:s32_vectorRef2Intensity <- [DW_OP_constu 168290, DW_OP_minus, DW_OP_stack_value, DW_OP_LLVM_fragment 64 32] $r2
	@DEBUG_VALUE: CtApSwcLedAlgorithm_intensityPyramid:s32_vectorRef2Intensity <- [DW_OP_constu 258, DW_OP_minus, DW_OP_stack_value, DW_OP_LLVM_fragment 0 32] $r6
	@DEBUG_VALUE: CtApSwcLedAlgorithm_intensityPyramid:s32_vectorRef2Intensity <- [DW_OP_plus_uconst 56, DW_OP_deref_size 4, DW_OP_constu 395, DW_OP_minus, DW_OP_stack_value, DW_OP_LLVM_fragment 32 32] $sp
	@DEBUG_VALUE: u8_plane_idx <- $r4
	@DEBUG_VALUE: CtApSwcLedAlgorithm_intensityPyramid:s32_min_intensity_rotated <- $r5
	@DEBUG_VALUE: CtApSwcLedAlgorithm_intensityPyramid:s32_selectedIntensity <- $r7
	@DEBUG_VALUE: CtApSwcLedAlgorithm_intensityPyramid:inputState <- [DW_OP_plus_uconst 60] [$sp+0]
	@DEBUG_VALUE: CtApSwcLedAlgorithm_intensityPyramid:s32_v <- [DW_OP_plus_uconst 56] [$sp+0]
	@DEBUG_VALUE: algoGetPWMOutput:inputColor <- [DW_OP_plus_uconst 44] [$sp+0]
	@DEBUG_VALUE: __algoGetTargetColorFromCIE1976:inputColor <- [DW_OP_plus_uconst 44] [$sp+0]
	@DEBUG_VALUE: CtApSwcLedAlgorithm_intensityPyramid:pst_LEDColor <- [DW_OP_plus_uconst 44] [$sp+0]
	@DEBUG_VALUE: __algoGetTargetColorFromCIE1976:targetColor <- [DW_OP_plus_uconst 72, DW_OP_stack_value] $sp
	@DEBUG_VALUE: algoGetPWMOutput:outputPWM <- [DW_OP_plus_uconst 48] [$sp+0]
	@DEBUG_VALUE: algoGetPWMOutput:targetColor <- [DW_OP_plus_uconst 72, DW_OP_deref] $sp
	.loc	3 0 13 is_stmt 0                @ ../03_Algorithm_FixedPoint/Algorithm.c:0:13
	mov	r2, r7
.Ltmp200:
.LBB6_4:                                @   in Loop: Header=BB6_1 Depth=1
	@DEBUG_VALUE: CtApSwcLedAlgorithm_intensityPyramid:s32_intensity_Rotated <- $r3
	@DEBUG_VALUE: CtApSwcLedAlgorithm_intensityPyramid:s32_vectorRef2Intensity <- [DW_OP_constu 258, DW_OP_minus, DW_OP_stack_value, DW_OP_LLVM_fragment 0 32] $r6
	@DEBUG_VALUE: CtApSwcLedAlgorithm_intensityPyramid:s32_vectorRef2Intensity <- [DW_OP_plus_uconst 56, DW_OP_deref_size 4, DW_OP_constu 395, DW_OP_minus, DW_OP_stack_value, DW_OP_LLVM_fragment 32 32] $sp
	@DEBUG_VALUE: u8_plane_idx <- $r4
	@DEBUG_VALUE: CtApSwcLedAlgorithm_intensityPyramid:s32_min_intensity_rotated <- $r5
	@DEBUG_VALUE: CtApSwcLedAlgorithm_intensityPyramid:s32_selectedIntensity <- $r7
	@DEBUG_VALUE: CtApSwcLedAlgorithm_intensityPyramid:inputState <- [DW_OP_plus_uconst 60] [$sp+0]
	@DEBUG_VALUE: CtApSwcLedAlgorithm_intensityPyramid:s32_v <- [DW_OP_plus_uconst 56] [$sp+0]
	@DEBUG_VALUE: algoGetPWMOutput:inputColor <- [DW_OP_plus_uconst 44] [$sp+0]
	@DEBUG_VALUE: __algoGetTargetColorFromCIE1976:inputColor <- [DW_OP_plus_uconst 44] [$sp+0]
	@DEBUG_VALUE: CtApSwcLedAlgorithm_intensityPyramid:pst_LEDColor <- [DW_OP_plus_uconst 44] [$sp+0]
	@DEBUG_VALUE: __algoGetTargetColorFromCIE1976:targetColor <- [DW_OP_plus_uconst 72, DW_OP_stack_value] $sp
	@DEBUG_VALUE: algoGetPWMOutput:outputPWM <- [DW_OP_plus_uconst 48] [$sp+0]
	@DEBUG_VALUE: algoGetPWMOutput:targetColor <- [DW_OP_plus_uconst 72, DW_OP_deref] $sp
	@DEBUG_VALUE: CtApSwcLedAlgorithm_intensityPyramid:s32_selectedIntensity <- $r2
	.loc	3 181 13 is_stmt 1              @ ../03_Algorithm_FixedPoint/Algorithm.c:181:13
	cmp	r3, #0
	bpl	.LBB6_6
.Ltmp201:
@ %bb.5:                                @   in Loop: Header=BB6_1 Depth=1
	@DEBUG_VALUE: CtApSwcLedAlgorithm_intensityPyramid:s32_selectedIntensity <- $r2
	@DEBUG_VALUE: CtApSwcLedAlgorithm_intensityPyramid:s32_intensity_Rotated <- $r3
	@DEBUG_VALUE: CtApSwcLedAlgorithm_intensityPyramid:s32_vectorRef2Intensity <- [DW_OP_constu 258, DW_OP_minus, DW_OP_stack_value, DW_OP_LLVM_fragment 0 32] $r6
	@DEBUG_VALUE: CtApSwcLedAlgorithm_intensityPyramid:s32_vectorRef2Intensity <- [DW_OP_plus_uconst 56, DW_OP_deref_size 4, DW_OP_constu 395, DW_OP_minus, DW_OP_stack_value, DW_OP_LLVM_fragment 32 32] $sp
	@DEBUG_VALUE: u8_plane_idx <- $r4
	@DEBUG_VALUE: CtApSwcLedAlgorithm_intensityPyramid:s32_min_intensity_rotated <- $r5
	@DEBUG_VALUE: CtApSwcLedAlgorithm_intensityPyramid:inputState <- [DW_OP_plus_uconst 60] [$sp+0]
	@DEBUG_VALUE: CtApSwcLedAlgorithm_intensityPyramid:s32_v <- [DW_OP_plus_uconst 56] [$sp+0]
	@DEBUG_VALUE: algoGetPWMOutput:inputColor <- [DW_OP_plus_uconst 44] [$sp+0]
	@DEBUG_VALUE: __algoGetTargetColorFromCIE1976:inputColor <- [DW_OP_plus_uconst 44] [$sp+0]
	@DEBUG_VALUE: CtApSwcLedAlgorithm_intensityPyramid:pst_LEDColor <- [DW_OP_plus_uconst 44] [$sp+0]
	@DEBUG_VALUE: __algoGetTargetColorFromCIE1976:targetColor <- [DW_OP_plus_uconst 72, DW_OP_stack_value] $sp
	@DEBUG_VALUE: algoGetPWMOutput:outputPWM <- [DW_OP_plus_uconst 48] [$sp+0]
	@DEBUG_VALUE: algoGetPWMOutput:targetColor <- [DW_OP_plus_uconst 72, DW_OP_deref] $sp
	.loc	3 0 13 is_stmt 0                @ ../03_Algorithm_FixedPoint/Algorithm.c:0:13
	ldr	r1, [sp, #60]                   @ 4-byte Reload
	adds	r1, r4, r1
	adds	r1, r1, #2
	str	r1, [sp, #60]                   @ 4-byte Spill
.Ltmp202:
.LBB6_6:                                @   in Loop: Header=BB6_1 Depth=1
	@DEBUG_VALUE: CtApSwcLedAlgorithm_intensityPyramid:s32_selectedIntensity <- $r2
	@DEBUG_VALUE: CtApSwcLedAlgorithm_intensityPyramid:s32_intensity_Rotated <- $r3
	@DEBUG_VALUE: CtApSwcLedAlgorithm_intensityPyramid:s32_vectorRef2Intensity <- [DW_OP_constu 258, DW_OP_minus, DW_OP_stack_value, DW_OP_LLVM_fragment 0 32] $r6
	@DEBUG_VALUE: CtApSwcLedAlgorithm_intensityPyramid:s32_vectorRef2Intensity <- [DW_OP_plus_uconst 56, DW_OP_deref_size 4, DW_OP_constu 395, DW_OP_minus, DW_OP_stack_value, DW_OP_LLVM_fragment 32 32] $sp
	@DEBUG_VALUE: u8_plane_idx <- $r4
	@DEBUG_VALUE: CtApSwcLedAlgorithm_intensityPyramid:s32_min_intensity_rotated <- $r5
	@DEBUG_VALUE: CtApSwcLedAlgorithm_intensityPyramid:inputState <- [DW_OP_plus_uconst 60] [$sp+0]
	@DEBUG_VALUE: CtApSwcLedAlgorithm_intensityPyramid:s32_v <- [DW_OP_plus_uconst 56] [$sp+0]
	@DEBUG_VALUE: algoGetPWMOutput:inputColor <- [DW_OP_plus_uconst 44] [$sp+0]
	@DEBUG_VALUE: __algoGetTargetColorFromCIE1976:inputColor <- [DW_OP_plus_uconst 44] [$sp+0]
	@DEBUG_VALUE: CtApSwcLedAlgorithm_intensityPyramid:pst_LEDColor <- [DW_OP_plus_uconst 44] [$sp+0]
	@DEBUG_VALUE: __algoGetTargetColorFromCIE1976:targetColor <- [DW_OP_plus_uconst 72, DW_OP_stack_value] $sp
	@DEBUG_VALUE: algoGetPWMOutput:outputPWM <- [DW_OP_plus_uconst 48] [$sp+0]
	@DEBUG_VALUE: algoGetPWMOutput:targetColor <- [DW_OP_plus_uconst 72, DW_OP_deref] $sp
	@DEBUG_VALUE: CtApSwcLedAlgorithm_intensityPyramid:inputState <- [DW_OP_plus_uconst 60] [$sp+0]
	.loc	3 185 13 is_stmt 1              @ ../03_Algorithm_FixedPoint/Algorithm.c:185:13
	cmp	r3, r5
	blt	.LBB6_8
.Ltmp203:
@ %bb.7:                                @   in Loop: Header=BB6_1 Depth=1
	@DEBUG_VALUE: CtApSwcLedAlgorithm_intensityPyramid:s32_selectedIntensity <- $r2
	@DEBUG_VALUE: CtApSwcLedAlgorithm_intensityPyramid:s32_intensity_Rotated <- $r3
	@DEBUG_VALUE: CtApSwcLedAlgorithm_intensityPyramid:s32_vectorRef2Intensity <- [DW_OP_constu 258, DW_OP_minus, DW_OP_stack_value, DW_OP_LLVM_fragment 0 32] $r6
	@DEBUG_VALUE: CtApSwcLedAlgorithm_intensityPyramid:s32_vectorRef2Intensity <- [DW_OP_plus_uconst 56, DW_OP_deref_size 4, DW_OP_constu 395, DW_OP_minus, DW_OP_stack_value, DW_OP_LLVM_fragment 32 32] $sp
	@DEBUG_VALUE: u8_plane_idx <- $r4
	@DEBUG_VALUE: CtApSwcLedAlgorithm_intensityPyramid:s32_min_intensity_rotated <- $r5
	@DEBUG_VALUE: CtApSwcLedAlgorithm_intensityPyramid:inputState <- [DW_OP_plus_uconst 60] [$sp+0]
	@DEBUG_VALUE: CtApSwcLedAlgorithm_intensityPyramid:s32_v <- [DW_OP_plus_uconst 56] [$sp+0]
	@DEBUG_VALUE: algoGetPWMOutput:inputColor <- [DW_OP_plus_uconst 44] [$sp+0]
	@DEBUG_VALUE: __algoGetTargetColorFromCIE1976:inputColor <- [DW_OP_plus_uconst 44] [$sp+0]
	@DEBUG_VALUE: CtApSwcLedAlgorithm_intensityPyramid:pst_LEDColor <- [DW_OP_plus_uconst 44] [$sp+0]
	@DEBUG_VALUE: __algoGetTargetColorFromCIE1976:targetColor <- [DW_OP_plus_uconst 72, DW_OP_stack_value] $sp
	@DEBUG_VALUE: algoGetPWMOutput:outputPWM <- [DW_OP_plus_uconst 48] [$sp+0]
	@DEBUG_VALUE: algoGetPWMOutput:targetColor <- [DW_OP_plus_uconst 72, DW_OP_deref] $sp
	.loc	3 0 13 is_stmt 0                @ ../03_Algorithm_FixedPoint/Algorithm.c:0:13
	mov	r3, r5
.Ltmp204:
.LBB6_8:                                @   in Loop: Header=BB6_1 Depth=1
	@DEBUG_VALUE: CtApSwcLedAlgorithm_intensityPyramid:s32_selectedIntensity <- $r2
	@DEBUG_VALUE: CtApSwcLedAlgorithm_intensityPyramid:s32_vectorRef2Intensity <- [DW_OP_constu 258, DW_OP_minus, DW_OP_stack_value, DW_OP_LLVM_fragment 0 32] $r6
	@DEBUG_VALUE: CtApSwcLedAlgorithm_intensityPyramid:s32_vectorRef2Intensity <- [DW_OP_plus_uconst 56, DW_OP_deref_size 4, DW_OP_constu 395, DW_OP_minus, DW_OP_stack_value, DW_OP_LLVM_fragment 32 32] $sp
	@DEBUG_VALUE: u8_plane_idx <- $r4
	@DEBUG_VALUE: CtApSwcLedAlgorithm_intensityPyramid:s32_min_intensity_rotated <- $r5
	@DEBUG_VALUE: CtApSwcLedAlgorithm_intensityPyramid:inputState <- [DW_OP_plus_uconst 60] [$sp+0]
	@DEBUG_VALUE: CtApSwcLedAlgorithm_intensityPyramid:s32_v <- [DW_OP_plus_uconst 56] [$sp+0]
	@DEBUG_VALUE: algoGetPWMOutput:inputColor <- [DW_OP_plus_uconst 44] [$sp+0]
	@DEBUG_VALUE: __algoGetTargetColorFromCIE1976:inputColor <- [DW_OP_plus_uconst 44] [$sp+0]
	@DEBUG_VALUE: CtApSwcLedAlgorithm_intensityPyramid:pst_LEDColor <- [DW_OP_plus_uconst 44] [$sp+0]
	@DEBUG_VALUE: __algoGetTargetColorFromCIE1976:targetColor <- [DW_OP_plus_uconst 72, DW_OP_stack_value] $sp
	@DEBUG_VALUE: algoGetPWMOutput:outputPWM <- [DW_OP_plus_uconst 48] [$sp+0]
	@DEBUG_VALUE: algoGetPWMOutput:targetColor <- [DW_OP_plus_uconst 72, DW_OP_deref] $sp
	@DEBUG_VALUE: CtApSwcLedAlgorithm_intensityPyramid:s32_min_intensity_rotated <- $r3
	.loc	3 170 75 is_stmt 1              @ ../03_Algorithm_FixedPoint/Algorithm.c:170:75
	adds	r4, r4, #1
.Ltmp205:
	@DEBUG_VALUE: u8_plane_idx <- $r4
	.loc	3 0 75 is_stmt 0                @ ../03_Algorithm_FixedPoint/Algorithm.c:0:75
	mov	r5, r3
.Ltmp206:
	@DEBUG_VALUE: CtApSwcLedAlgorithm_intensityPyramid:s32_min_intensity_rotated <- $r5
	@DEBUG_VALUE: CtApSwcLedAlgorithm_intensityPyramid:s32_min_intensity_rotated <- $r5
	mov	r7, r2
.Ltmp207:
	@DEBUG_VALUE: CtApSwcLedAlgorithm_intensityPyramid:s32_selectedIntensity <- $r7
	mov	r3, r6
	b	.LBB6_1
.Ltmp208:
.LBB6_9:
	@DEBUG_VALUE: CtApSwcLedAlgorithm_intensityPyramid:s32_min_intensity_rotated <- $r5
	@DEBUG_VALUE: CtApSwcLedAlgorithm_intensityPyramid:s32_selectedIntensity <- $r7
	@DEBUG_VALUE: CtApSwcLedAlgorithm_intensityPyramid:inputState <- [DW_OP_plus_uconst 60] [$sp+0]
	@DEBUG_VALUE: CtApSwcLedAlgorithm_intensityPyramid:s32_v <- [DW_OP_plus_uconst 56] [$sp+0]
	@DEBUG_VALUE: algoGetPWMOutput:inputColor <- [DW_OP_plus_uconst 44] [$sp+0]
	@DEBUG_VALUE: __algoGetTargetColorFromCIE1976:inputColor <- [DW_OP_plus_uconst 44] [$sp+0]
	@DEBUG_VALUE: CtApSwcLedAlgorithm_intensityPyramid:pst_LEDColor <- [DW_OP_plus_uconst 44] [$sp+0]
	@DEBUG_VALUE: __algoGetTargetColorFromCIE1976:targetColor <- [DW_OP_plus_uconst 72, DW_OP_stack_value] $sp
	@DEBUG_VALUE: algoGetPWMOutput:outputPWM <- [DW_OP_plus_uconst 48] [$sp+0]
	@DEBUG_VALUE: algoGetPWMOutput:targetColor <- [DW_OP_plus_uconst 72, DW_OP_deref] $sp
	ldr	r2, [sp, #60]                   @ 4-byte Reload
	.loc	3 191 9 is_stmt 1               @ ../03_Algorithm_FixedPoint/Algorithm.c:191:9
	lsls	r0, r2, #24
	beq	.LBB6_15
.Ltmp209:
@ %bb.10:
	@DEBUG_VALUE: CtApSwcLedAlgorithm_intensityPyramid:s32_min_intensity_rotated <- $r5
	@DEBUG_VALUE: CtApSwcLedAlgorithm_intensityPyramid:s32_selectedIntensity <- $r7
	@DEBUG_VALUE: CtApSwcLedAlgorithm_intensityPyramid:inputState <- [DW_OP_plus_uconst 60] [$sp+0]
	@DEBUG_VALUE: CtApSwcLedAlgorithm_intensityPyramid:s32_v <- [DW_OP_plus_uconst 56] [$sp+0]
	@DEBUG_VALUE: algoGetPWMOutput:inputColor <- [DW_OP_plus_uconst 44] [$sp+0]
	@DEBUG_VALUE: __algoGetTargetColorFromCIE1976:inputColor <- [DW_OP_plus_uconst 44] [$sp+0]
	@DEBUG_VALUE: CtApSwcLedAlgorithm_intensityPyramid:pst_LEDColor <- [DW_OP_plus_uconst 44] [$sp+0]
	@DEBUG_VALUE: __algoGetTargetColorFromCIE1976:targetColor <- [DW_OP_plus_uconst 72, DW_OP_stack_value] $sp
	@DEBUG_VALUE: algoGetPWMOutput:outputPWM <- [DW_OP_plus_uconst 48] [$sp+0]
	@DEBUG_VALUE: algoGetPWMOutput:targetColor <- [DW_OP_plus_uconst 72, DW_OP_deref] $sp
	.loc	3 195 25                        @ ../03_Algorithm_FixedPoint/Algorithm.c:195:25
	uxtb	r1, r2
	.loc	3 195 48 is_stmt 0              @ ../03_Algorithm_FixedPoint/Algorithm.c:195:48
	cmp	r1, #4
	bhi	.LBB6_16
.Ltmp210:
@ %bb.11:
	@DEBUG_VALUE: CtApSwcLedAlgorithm_intensityPyramid:s32_min_intensity_rotated <- $r5
	@DEBUG_VALUE: CtApSwcLedAlgorithm_intensityPyramid:s32_selectedIntensity <- $r7
	@DEBUG_VALUE: CtApSwcLedAlgorithm_intensityPyramid:inputState <- [DW_OP_plus_uconst 60] [$sp+0]
	@DEBUG_VALUE: CtApSwcLedAlgorithm_intensityPyramid:s32_v <- [DW_OP_plus_uconst 56] [$sp+0]
	@DEBUG_VALUE: algoGetPWMOutput:inputColor <- [DW_OP_plus_uconst 44] [$sp+0]
	@DEBUG_VALUE: __algoGetTargetColorFromCIE1976:inputColor <- [DW_OP_plus_uconst 44] [$sp+0]
	@DEBUG_VALUE: CtApSwcLedAlgorithm_intensityPyramid:pst_LEDColor <- [DW_OP_plus_uconst 44] [$sp+0]
	@DEBUG_VALUE: __algoGetTargetColorFromCIE1976:targetColor <- [DW_OP_plus_uconst 72, DW_OP_stack_value] $sp
	@DEBUG_VALUE: algoGetPWMOutput:outputPWM <- [DW_OP_plus_uconst 48] [$sp+0]
	@DEBUG_VALUE: algoGetPWMOutput:targetColor <- [DW_OP_plus_uconst 72, DW_OP_deref] $sp
	cmp	r1, #1
	beq	.LBB6_16
.Ltmp211:
@ %bb.12:
	@DEBUG_VALUE: CtApSwcLedAlgorithm_intensityPyramid:s32_min_intensity_rotated <- $r5
	@DEBUG_VALUE: CtApSwcLedAlgorithm_intensityPyramid:s32_selectedIntensity <- $r7
	@DEBUG_VALUE: CtApSwcLedAlgorithm_intensityPyramid:inputState <- [DW_OP_plus_uconst 60] [$sp+0]
	@DEBUG_VALUE: CtApSwcLedAlgorithm_intensityPyramid:s32_v <- [DW_OP_plus_uconst 56] [$sp+0]
	@DEBUG_VALUE: algoGetPWMOutput:inputColor <- [DW_OP_plus_uconst 44] [$sp+0]
	@DEBUG_VALUE: __algoGetTargetColorFromCIE1976:inputColor <- [DW_OP_plus_uconst 44] [$sp+0]
	@DEBUG_VALUE: CtApSwcLedAlgorithm_intensityPyramid:pst_LEDColor <- [DW_OP_plus_uconst 44] [$sp+0]
	@DEBUG_VALUE: __algoGetTargetColorFromCIE1976:targetColor <- [DW_OP_plus_uconst 72, DW_OP_stack_value] $sp
	@DEBUG_VALUE: algoGetPWMOutput:outputPWM <- [DW_OP_plus_uconst 48] [$sp+0]
	@DEBUG_VALUE: algoGetPWMOutput:targetColor <- [DW_OP_plus_uconst 72, DW_OP_deref] $sp
	@DEBUG_VALUE: CtApSwcLedAlgorithm_AUDIspecBreachOnEdge:u8_inputState <- undef
	@DEBUG_VALUE: CtApSwcLedAlgorithm_AUDIspecBreachOnEdge:s32_intended_u <- undef
	@DEBUG_VALUE: CtApSwcLedAlgorithm_AUDIspecBreachOnEdge:s32_intended_v <- undef
	.loc	3 0 48                          @ ../03_Algorithm_FixedPoint/Algorithm.c:0:48
	ldr	r0, __arm_cp.6_36
.Ltmp212:
	@DEBUG_VALUE: CtApSwcLedAlgorithm_AUDIspecBreachOnEdge:s32_v <- [DW_OP_plus_uconst 56] [$sp+0]
	@DEBUG_VALUE: CtApSwcLedAlgorithm_AUDIspecBreachOnEdge:s32_u <- $r3
	mov	r6, r3
.Ltmp213:
	@DEBUG_VALUE: CtApSwcLedAlgorithm_AUDIspecBreachOnEdge:s32_u <- $r6
	.loc	3 115 9 is_stmt 1               @ ../03_Algorithm_FixedPoint/Algorithm.c:115:9
	cmp	r1, #4
	beq	.LBB6_19
.Ltmp214:
@ %bb.13:
	@DEBUG_VALUE: CtApSwcLedAlgorithm_AUDIspecBreachOnEdge:s32_u <- $r6
	@DEBUG_VALUE: CtApSwcLedAlgorithm_AUDIspecBreachOnEdge:s32_v <- [DW_OP_plus_uconst 56] [$sp+0]
	@DEBUG_VALUE: CtApSwcLedAlgorithm_intensityPyramid:s32_min_intensity_rotated <- $r5
	@DEBUG_VALUE: CtApSwcLedAlgorithm_intensityPyramid:s32_selectedIntensity <- $r7
	@DEBUG_VALUE: CtApSwcLedAlgorithm_intensityPyramid:inputState <- [DW_OP_plus_uconst 60] [$sp+0]
	@DEBUG_VALUE: CtApSwcLedAlgorithm_intensityPyramid:s32_v <- [DW_OP_plus_uconst 56] [$sp+0]
	@DEBUG_VALUE: algoGetPWMOutput:inputColor <- [DW_OP_plus_uconst 44] [$sp+0]
	@DEBUG_VALUE: __algoGetTargetColorFromCIE1976:inputColor <- [DW_OP_plus_uconst 44] [$sp+0]
	@DEBUG_VALUE: CtApSwcLedAlgorithm_intensityPyramid:pst_LEDColor <- [DW_OP_plus_uconst 44] [$sp+0]
	@DEBUG_VALUE: __algoGetTargetColorFromCIE1976:targetColor <- [DW_OP_plus_uconst 72, DW_OP_stack_value] $sp
	@DEBUG_VALUE: algoGetPWMOutput:outputPWM <- [DW_OP_plus_uconst 48] [$sp+0]
	@DEBUG_VALUE: algoGetPWMOutput:targetColor <- [DW_OP_plus_uconst 72, DW_OP_deref] $sp
	cmp	r1, #3
	bne	.LBB6_20
.Ltmp215:
@ %bb.14:
	@DEBUG_VALUE: CtApSwcLedAlgorithm_AUDIspecBreachOnEdge:s32_u <- $r6
	@DEBUG_VALUE: CtApSwcLedAlgorithm_AUDIspecBreachOnEdge:s32_v <- [DW_OP_plus_uconst 56] [$sp+0]
	@DEBUG_VALUE: CtApSwcLedAlgorithm_intensityPyramid:s32_min_intensity_rotated <- $r5
	@DEBUG_VALUE: CtApSwcLedAlgorithm_intensityPyramid:s32_selectedIntensity <- $r7
	@DEBUG_VALUE: CtApSwcLedAlgorithm_intensityPyramid:inputState <- [DW_OP_plus_uconst 60] [$sp+0]
	@DEBUG_VALUE: CtApSwcLedAlgorithm_intensityPyramid:s32_v <- [DW_OP_plus_uconst 56] [$sp+0]
	@DEBUG_VALUE: algoGetPWMOutput:inputColor <- [DW_OP_plus_uconst 44] [$sp+0]
	@DEBUG_VALUE: __algoGetTargetColorFromCIE1976:inputColor <- [DW_OP_plus_uconst 44] [$sp+0]
	@DEBUG_VALUE: CtApSwcLedAlgorithm_intensityPyramid:pst_LEDColor <- [DW_OP_plus_uconst 44] [$sp+0]
	@DEBUG_VALUE: __algoGetTargetColorFromCIE1976:targetColor <- [DW_OP_plus_uconst 72, DW_OP_stack_value] $sp
	@DEBUG_VALUE: algoGetPWMOutput:outputPWM <- [DW_OP_plus_uconst 48] [$sp+0]
	@DEBUG_VALUE: algoGetPWMOutput:targetColor <- [DW_OP_plus_uconst 72, DW_OP_deref] $sp
	.loc	3 0 9 is_stmt 0                 @ ../03_Algorithm_FixedPoint/Algorithm.c:0:9
	movs	r2, #1
	ldr	r3, __arm_cp.6_37
	@DEBUG_VALUE: CtApSwcLedAlgorithm_AUDIspecBreachOnEdge:p_linePoint_real <- $r3
	ldr	r1, __arm_cp.6_38
	@DEBUG_VALUE: CtApSwcLedAlgorithm_AUDIspecBreachOnEdge:p_upperPointArray_large <- $r1
	ldr	r0, __arm_cp.6_39
	@DEBUG_VALUE: CtApSwcLedAlgorithm_AUDIspecBreachOnEdge:p_underPointArray_large <- $r0
	adr	r4, .LCPI6_40
	@DEBUG_VALUE: CtApSwcLedAlgorithm_AUDIspecBreachOnEdge:u8_plane_idx <- 1
	@DEBUG_VALUE: CtApSwcLedAlgorithm_AUDIspecBreachOnEdge:p_dirVecArray <- $r4
	b	.LBB6_21
.Ltmp216:
.LBB6_15:
	@DEBUG_VALUE: CtApSwcLedAlgorithm_intensityPyramid:s32_min_intensity_rotated <- $r5
	@DEBUG_VALUE: CtApSwcLedAlgorithm_intensityPyramid:s32_selectedIntensity <- $r7
	@DEBUG_VALUE: CtApSwcLedAlgorithm_intensityPyramid:inputState <- [DW_OP_plus_uconst 60] [$sp+0]
	@DEBUG_VALUE: CtApSwcLedAlgorithm_intensityPyramid:s32_v <- [DW_OP_plus_uconst 56] [$sp+0]
	@DEBUG_VALUE: algoGetPWMOutput:inputColor <- [DW_OP_plus_uconst 44] [$sp+0]
	@DEBUG_VALUE: __algoGetTargetColorFromCIE1976:inputColor <- [DW_OP_plus_uconst 44] [$sp+0]
	@DEBUG_VALUE: CtApSwcLedAlgorithm_intensityPyramid:pst_LEDColor <- [DW_OP_plus_uconst 44] [$sp+0]
	@DEBUG_VALUE: __algoGetTargetColorFromCIE1976:targetColor <- [DW_OP_plus_uconst 72, DW_OP_stack_value] $sp
	@DEBUG_VALUE: algoGetPWMOutput:outputPWM <- [DW_OP_plus_uconst 48] [$sp+0]
	@DEBUG_VALUE: algoGetPWMOutput:targetColor <- [DW_OP_plus_uconst 72, DW_OP_deref] $sp
	ldr	r5, [sp, #56]                   @ 4-byte Reload
.Ltmp217:
	b	.LBB6_28
.Ltmp218:
.LBB6_16:
	@DEBUG_VALUE: CtApSwcLedAlgorithm_intensityPyramid:s32_min_intensity_rotated <- $r5
	@DEBUG_VALUE: CtApSwcLedAlgorithm_intensityPyramid:s32_selectedIntensity <- $r7
	@DEBUG_VALUE: CtApSwcLedAlgorithm_intensityPyramid:inputState <- [DW_OP_plus_uconst 60] [$sp+0]
	@DEBUG_VALUE: CtApSwcLedAlgorithm_intensityPyramid:s32_v <- [DW_OP_plus_uconst 56] [$sp+0]
	@DEBUG_VALUE: algoGetPWMOutput:inputColor <- [DW_OP_plus_uconst 44] [$sp+0]
	@DEBUG_VALUE: __algoGetTargetColorFromCIE1976:inputColor <- [DW_OP_plus_uconst 44] [$sp+0]
	@DEBUG_VALUE: CtApSwcLedAlgorithm_intensityPyramid:pst_LEDColor <- [DW_OP_plus_uconst 44] [$sp+0]
	@DEBUG_VALUE: __algoGetTargetColorFromCIE1976:targetColor <- [DW_OP_plus_uconst 72, DW_OP_stack_value] $sp
	@DEBUG_VALUE: algoGetPWMOutput:outputPWM <- [DW_OP_plus_uconst 48] [$sp+0]
	@DEBUG_VALUE: algoGetPWMOutput:targetColor <- [DW_OP_plus_uconst 72, DW_OP_deref] $sp
	.loc	3 203 13 is_stmt 1              @ ../03_Algorithm_FixedPoint/Algorithm.c:203:13
	cmp	r1, #5
	beq	.LBB6_25
.Ltmp219:
@ %bb.17:
	@DEBUG_VALUE: CtApSwcLedAlgorithm_intensityPyramid:s32_min_intensity_rotated <- $r5
	@DEBUG_VALUE: CtApSwcLedAlgorithm_intensityPyramid:s32_selectedIntensity <- $r7
	@DEBUG_VALUE: CtApSwcLedAlgorithm_intensityPyramid:inputState <- [DW_OP_plus_uconst 60] [$sp+0]
	@DEBUG_VALUE: CtApSwcLedAlgorithm_intensityPyramid:s32_v <- [DW_OP_plus_uconst 56] [$sp+0]
	@DEBUG_VALUE: algoGetPWMOutput:inputColor <- [DW_OP_plus_uconst 44] [$sp+0]
	@DEBUG_VALUE: __algoGetTargetColorFromCIE1976:inputColor <- [DW_OP_plus_uconst 44] [$sp+0]
	@DEBUG_VALUE: CtApSwcLedAlgorithm_intensityPyramid:pst_LEDColor <- [DW_OP_plus_uconst 44] [$sp+0]
	@DEBUG_VALUE: __algoGetTargetColorFromCIE1976:targetColor <- [DW_OP_plus_uconst 72, DW_OP_stack_value] $sp
	@DEBUG_VALUE: algoGetPWMOutput:outputPWM <- [DW_OP_plus_uconst 48] [$sp+0]
	@DEBUG_VALUE: algoGetPWMOutput:targetColor <- [DW_OP_plus_uconst 72, DW_OP_deref] $sp
	cmp	r1, #6
	bne	.LBB6_26
.Ltmp220:
@ %bb.18:
	@DEBUG_VALUE: CtApSwcLedAlgorithm_intensityPyramid:s32_min_intensity_rotated <- $r5
	@DEBUG_VALUE: CtApSwcLedAlgorithm_intensityPyramid:s32_selectedIntensity <- $r7
	@DEBUG_VALUE: CtApSwcLedAlgorithm_intensityPyramid:inputState <- [DW_OP_plus_uconst 60] [$sp+0]
	@DEBUG_VALUE: CtApSwcLedAlgorithm_intensityPyramid:s32_v <- [DW_OP_plus_uconst 56] [$sp+0]
	@DEBUG_VALUE: algoGetPWMOutput:inputColor <- [DW_OP_plus_uconst 44] [$sp+0]
	@DEBUG_VALUE: __algoGetTargetColorFromCIE1976:inputColor <- [DW_OP_plus_uconst 44] [$sp+0]
	@DEBUG_VALUE: CtApSwcLedAlgorithm_intensityPyramid:pst_LEDColor <- [DW_OP_plus_uconst 44] [$sp+0]
	@DEBUG_VALUE: __algoGetTargetColorFromCIE1976:targetColor <- [DW_OP_plus_uconst 72, DW_OP_stack_value] $sp
	@DEBUG_VALUE: algoGetPWMOutput:outputPWM <- [DW_OP_plus_uconst 48] [$sp+0]
	@DEBUG_VALUE: algoGetPWMOutput:targetColor <- [DW_OP_plus_uconst 72, DW_OP_deref] $sp
	@DEBUG_VALUE: CtApSwcLedAlgorithm_intensityPyramid:s32_u <- 60
	@DEBUG_VALUE: CtApSwcLedAlgorithm_intensityPyramid:s32_selectedIntensity <- 262144
	@DEBUG_VALUE: CtApSwcLedAlgorithm_intensityPyramid:s32_v <- 574
	.loc	3 0 13 is_stmt 0                @ ../03_Algorithm_FixedPoint/Algorithm.c:0:13
	movs	r0, #1
	lsls	r7, r0, #18
	ldr	r5, __arm_cp.6_35
.Ltmp221:
	adds	r5, #57
	movs	r3, #60
	b	.LBB6_28
.Ltmp222:
.LBB6_19:
	@DEBUG_VALUE: CtApSwcLedAlgorithm_AUDIspecBreachOnEdge:s32_u <- $r6
	@DEBUG_VALUE: CtApSwcLedAlgorithm_AUDIspecBreachOnEdge:s32_v <- [DW_OP_plus_uconst 56] [$sp+0]
	@DEBUG_VALUE: CtApSwcLedAlgorithm_intensityPyramid:s32_min_intensity_rotated <- $r5
	@DEBUG_VALUE: CtApSwcLedAlgorithm_intensityPyramid:s32_selectedIntensity <- $r7
	@DEBUG_VALUE: CtApSwcLedAlgorithm_intensityPyramid:inputState <- [DW_OP_plus_uconst 60] [$sp+0]
	@DEBUG_VALUE: CtApSwcLedAlgorithm_intensityPyramid:s32_v <- [DW_OP_plus_uconst 56] [$sp+0]
	@DEBUG_VALUE: algoGetPWMOutput:inputColor <- [DW_OP_plus_uconst 44] [$sp+0]
	@DEBUG_VALUE: __algoGetTargetColorFromCIE1976:inputColor <- [DW_OP_plus_uconst 44] [$sp+0]
	@DEBUG_VALUE: CtApSwcLedAlgorithm_intensityPyramid:pst_LEDColor <- [DW_OP_plus_uconst 44] [$sp+0]
	@DEBUG_VALUE: __algoGetTargetColorFromCIE1976:targetColor <- [DW_OP_plus_uconst 72, DW_OP_stack_value] $sp
	@DEBUG_VALUE: algoGetPWMOutput:outputPWM <- [DW_OP_plus_uconst 48] [$sp+0]
	@DEBUG_VALUE: algoGetPWMOutput:targetColor <- [DW_OP_plus_uconst 72, DW_OP_deref] $sp
	movs	r2, #2
	ldr	r3, __arm_cp.6_37
	@DEBUG_VALUE: CtApSwcLedAlgorithm_AUDIspecBreachOnEdge:p_linePoint_real <- $r3
	ldr	r1, __arm_cp.6_38
	@DEBUG_VALUE: CtApSwcLedAlgorithm_AUDIspecBreachOnEdge:p_underPointArray_large <- $r0
	@DEBUG_VALUE: CtApSwcLedAlgorithm_AUDIspecBreachOnEdge:p_upperPointArray_large <- $r1
	adr	r4, .LCPI6_41
	@DEBUG_VALUE: CtApSwcLedAlgorithm_AUDIspecBreachOnEdge:u8_plane_idx <- 2
	@DEBUG_VALUE: CtApSwcLedAlgorithm_AUDIspecBreachOnEdge:p_dirVecArray <- $r4
	b	.LBB6_21
.Ltmp223:
.LBB6_20:
	@DEBUG_VALUE: CtApSwcLedAlgorithm_AUDIspecBreachOnEdge:s32_u <- $r6
	@DEBUG_VALUE: CtApSwcLedAlgorithm_AUDIspecBreachOnEdge:s32_v <- [DW_OP_plus_uconst 56] [$sp+0]
	@DEBUG_VALUE: CtApSwcLedAlgorithm_intensityPyramid:s32_min_intensity_rotated <- $r5
	@DEBUG_VALUE: CtApSwcLedAlgorithm_intensityPyramid:s32_selectedIntensity <- $r7
	@DEBUG_VALUE: CtApSwcLedAlgorithm_intensityPyramid:inputState <- [DW_OP_plus_uconst 60] [$sp+0]
	@DEBUG_VALUE: CtApSwcLedAlgorithm_intensityPyramid:s32_v <- [DW_OP_plus_uconst 56] [$sp+0]
	@DEBUG_VALUE: algoGetPWMOutput:inputColor <- [DW_OP_plus_uconst 44] [$sp+0]
	@DEBUG_VALUE: __algoGetTargetColorFromCIE1976:inputColor <- [DW_OP_plus_uconst 44] [$sp+0]
	@DEBUG_VALUE: CtApSwcLedAlgorithm_intensityPyramid:pst_LEDColor <- [DW_OP_plus_uconst 44] [$sp+0]
	@DEBUG_VALUE: __algoGetTargetColorFromCIE1976:targetColor <- [DW_OP_plus_uconst 72, DW_OP_stack_value] $sp
	@DEBUG_VALUE: algoGetPWMOutput:outputPWM <- [DW_OP_plus_uconst 48] [$sp+0]
	@DEBUG_VALUE: algoGetPWMOutput:targetColor <- [DW_OP_plus_uconst 72, DW_OP_deref] $sp
	movs	r2, #0
	adr	r3, .LCPI6_42
	ldr	r1, __arm_cp.6_39
	adr	r4, .LCPI6_43
.Ltmp224:
.LBB6_21:
	@DEBUG_VALUE: CtApSwcLedAlgorithm_AUDIspecBreachOnEdge:s32_u <- $r6
	@DEBUG_VALUE: CtApSwcLedAlgorithm_AUDIspecBreachOnEdge:s32_v <- [DW_OP_plus_uconst 56] [$sp+0]
	@DEBUG_VALUE: CtApSwcLedAlgorithm_intensityPyramid:s32_min_intensity_rotated <- $r5
	@DEBUG_VALUE: CtApSwcLedAlgorithm_intensityPyramid:s32_selectedIntensity <- $r7
	@DEBUG_VALUE: CtApSwcLedAlgorithm_intensityPyramid:inputState <- [DW_OP_plus_uconst 60] [$sp+0]
	@DEBUG_VALUE: CtApSwcLedAlgorithm_intensityPyramid:s32_v <- [DW_OP_plus_uconst 56] [$sp+0]
	@DEBUG_VALUE: algoGetPWMOutput:inputColor <- [DW_OP_plus_uconst 44] [$sp+0]
	@DEBUG_VALUE: __algoGetTargetColorFromCIE1976:inputColor <- [DW_OP_plus_uconst 44] [$sp+0]
	@DEBUG_VALUE: CtApSwcLedAlgorithm_intensityPyramid:pst_LEDColor <- [DW_OP_plus_uconst 44] [$sp+0]
	@DEBUG_VALUE: __algoGetTargetColorFromCIE1976:targetColor <- [DW_OP_plus_uconst 72, DW_OP_stack_value] $sp
	@DEBUG_VALUE: algoGetPWMOutput:outputPWM <- [DW_OP_plus_uconst 48] [$sp+0]
	@DEBUG_VALUE: algoGetPWMOutput:targetColor <- [DW_OP_plus_uconst 72, DW_OP_deref] $sp
	@DEBUG_VALUE: CtApSwcLedAlgorithm_AUDIspecBreachOnEdge:p_linePoint_real <- $r3
	@DEBUG_VALUE: CtApSwcLedAlgorithm_AUDIspecBreachOnEdge:p_upperPointArray_large <- $r1
	@DEBUG_VALUE: CtApSwcLedAlgorithm_AUDIspecBreachOnEdge:p_underPointArray_large <- $r0
	@DEBUG_VALUE: CtApSwcLedAlgorithm_AUDIspecBreachOnEdge:p_dirVecArray <- $r4
	@DEBUG_VALUE: CtApSwcLedAlgorithm_AUDIspecBreachOnEdge:u8_plane_idx <- $r2
	.loc	3 139 41 is_stmt 1              @ ../03_Algorithm_FixedPoint/Algorithm.c:139:41
	ldm	r3!, {r5, r7}
.Ltmp225:
	.loc	3 139 39 is_stmt 0              @ ../03_Algorithm_FixedPoint/Algorithm.c:139:39
	subs	r5, r6, r5
	.loc	3 139 13                        @ ../03_Algorithm_FixedPoint/Algorithm.c:139:13
	ldr	r6, [r4]
.Ltmp226:
	.loc	3 139 79                        @ ../03_Algorithm_FixedPoint/Algorithm.c:139:79
	ldr	r3, [r4, #4]
	.loc	3 139 30                        @ ../03_Algorithm_FixedPoint/Algorithm.c:139:30
	muls	r5, r6, r5
	.loc	3 139 105                       @ ../03_Algorithm_FixedPoint/Algorithm.c:139:105
	ldr	r4, [sp, #56]                   @ 4-byte Reload
.Ltmp227:
	subs	r4, r4, r7
	.loc	3 139 96                        @ ../03_Algorithm_FixedPoint/Algorithm.c:139:96
	muls	r4, r3, r4
	.loc	3 139 77                        @ ../03_Algorithm_FixedPoint/Algorithm.c:139:77
	adds	r5, r4, r5
.Ltmp228:
	@DEBUG_VALUE: CtApSwcLedAlgorithm_AUDIspecBreachOnEdge:s32_s <- $r5
	.loc	3 141 48 is_stmt 1              @ ../03_Algorithm_FixedPoint/Algorithm.c:141:48
	muls	r6, r5, r6
	.loc	3 141 13 is_stmt 0              @ ../03_Algorithm_FixedPoint/Algorithm.c:141:13
	ldr	r4, [r1]
.Ltmp229:
	@DEBUG_VALUE: CtApSwcLedAlgorithm_AUDIspecBreachOnEdge:s32_u <- undef
	.loc	3 142 9 is_stmt 1               @ ../03_Algorithm_FixedPoint/Algorithm.c:142:9
	bmi	.LBB6_23
.Ltmp230:
@ %bb.22:
	@DEBUG_VALUE: CtApSwcLedAlgorithm_AUDIspecBreachOnEdge:s32_s <- $r5
	@DEBUG_VALUE: CtApSwcLedAlgorithm_AUDIspecBreachOnEdge:u8_plane_idx <- $r2
	@DEBUG_VALUE: CtApSwcLedAlgorithm_AUDIspecBreachOnEdge:p_underPointArray_large <- $r0
	@DEBUG_VALUE: CtApSwcLedAlgorithm_AUDIspecBreachOnEdge:p_upperPointArray_large <- $r1
	@DEBUG_VALUE: CtApSwcLedAlgorithm_AUDIspecBreachOnEdge:s32_v <- [DW_OP_plus_uconst 56] [$sp+0]
	@DEBUG_VALUE: CtApSwcLedAlgorithm_intensityPyramid:inputState <- [DW_OP_plus_uconst 60] [$sp+0]
	@DEBUG_VALUE: CtApSwcLedAlgorithm_intensityPyramid:s32_v <- [DW_OP_plus_uconst 56] [$sp+0]
	@DEBUG_VALUE: algoGetPWMOutput:inputColor <- [DW_OP_plus_uconst 44] [$sp+0]
	@DEBUG_VALUE: __algoGetTargetColorFromCIE1976:inputColor <- [DW_OP_plus_uconst 44] [$sp+0]
	@DEBUG_VALUE: CtApSwcLedAlgorithm_intensityPyramid:pst_LEDColor <- [DW_OP_plus_uconst 44] [$sp+0]
	@DEBUG_VALUE: __algoGetTargetColorFromCIE1976:targetColor <- [DW_OP_plus_uconst 72, DW_OP_stack_value] $sp
	@DEBUG_VALUE: algoGetPWMOutput:outputPWM <- [DW_OP_plus_uconst 48] [$sp+0]
	@DEBUG_VALUE: algoGetPWMOutput:targetColor <- [DW_OP_plus_uconst 72, DW_OP_deref] $sp
	@DEBUG_VALUE: CtApSwcLedAlgorithm_AUDIspecBreachOnEdge:s32_intensity <- undef
	.loc	3 146 27                        @ ../03_Algorithm_FixedPoint/Algorithm.c:146:27
	ldr	r0, [r1, #4]
.Ltmp231:
	.loc	3 147 25                        @ ../03_Algorithm_FixedPoint/Algorithm.c:147:25
	ldr	r7, [r1, #8]
.Ltmp232:
	@DEBUG_VALUE: CtApSwcLedAlgorithm_AUDIspecBreachOnEdge:s32_intensity <- $r7
	.loc	3 145 54                        @ ../03_Algorithm_FixedPoint/Algorithm.c:145:54
	asrs	r3, r4, #18
.Ltmp233:
	@DEBUG_VALUE: CtApSwcLedAlgorithm_intensityPyramid:s32_u <- $r3
	.loc	3 146 54                        @ ../03_Algorithm_FixedPoint/Algorithm.c:146:54
	asrs	r5, r0, #18
.Ltmp234:
	@DEBUG_VALUE: CtApSwcLedAlgorithm_intensityPyramid:s32_v <- $r5
	.loc	3 0 54 is_stmt 0                @ ../03_Algorithm_FixedPoint/Algorithm.c:0:54
	b	.LBB6_28
.Ltmp235:
.LBB6_23:
	@DEBUG_VALUE: CtApSwcLedAlgorithm_AUDIspecBreachOnEdge:s32_s <- $r5
	@DEBUG_VALUE: CtApSwcLedAlgorithm_AUDIspecBreachOnEdge:u8_plane_idx <- $r2
	@DEBUG_VALUE: CtApSwcLedAlgorithm_AUDIspecBreachOnEdge:p_underPointArray_large <- $r0
	@DEBUG_VALUE: CtApSwcLedAlgorithm_AUDIspecBreachOnEdge:p_upperPointArray_large <- $r1
	@DEBUG_VALUE: CtApSwcLedAlgorithm_AUDIspecBreachOnEdge:s32_v <- [DW_OP_plus_uconst 56] [$sp+0]
	@DEBUG_VALUE: CtApSwcLedAlgorithm_intensityPyramid:inputState <- [DW_OP_plus_uconst 60] [$sp+0]
	@DEBUG_VALUE: CtApSwcLedAlgorithm_intensityPyramid:s32_v <- [DW_OP_plus_uconst 56] [$sp+0]
	@DEBUG_VALUE: algoGetPWMOutput:inputColor <- [DW_OP_plus_uconst 44] [$sp+0]
	@DEBUG_VALUE: __algoGetTargetColorFromCIE1976:inputColor <- [DW_OP_plus_uconst 44] [$sp+0]
	@DEBUG_VALUE: CtApSwcLedAlgorithm_intensityPyramid:pst_LEDColor <- [DW_OP_plus_uconst 44] [$sp+0]
	@DEBUG_VALUE: __algoGetTargetColorFromCIE1976:targetColor <- [DW_OP_plus_uconst 72, DW_OP_stack_value] $sp
	@DEBUG_VALUE: algoGetPWMOutput:outputPWM <- [DW_OP_plus_uconst 48] [$sp+0]
	@DEBUG_VALUE: algoGetPWMOutput:targetColor <- [DW_OP_plus_uconst 72, DW_OP_deref] $sp
	adds	r4, r6, r4
.Ltmp236:
	@DEBUG_VALUE: CtApSwcLedAlgorithm_AUDIspecBreachOnEdge:s32_u <- $r4
	.loc	3 149 23 is_stmt 1              @ ../03_Algorithm_FixedPoint/Algorithm.c:149:23
	ldr	r6, [r0]
.Ltmp237:
	.loc	3 149 14 is_stmt 0              @ ../03_Algorithm_FixedPoint/Algorithm.c:149:14
	cmp	r4, r6
	ble	.LBB6_27
.Ltmp238:
@ %bb.24:
	@DEBUG_VALUE: CtApSwcLedAlgorithm_AUDIspecBreachOnEdge:s32_u <- $r4
	@DEBUG_VALUE: CtApSwcLedAlgorithm_AUDIspecBreachOnEdge:s32_s <- $r5
	@DEBUG_VALUE: CtApSwcLedAlgorithm_AUDIspecBreachOnEdge:u8_plane_idx <- $r2
	@DEBUG_VALUE: CtApSwcLedAlgorithm_AUDIspecBreachOnEdge:p_underPointArray_large <- $r0
	@DEBUG_VALUE: CtApSwcLedAlgorithm_AUDIspecBreachOnEdge:p_upperPointArray_large <- $r1
	@DEBUG_VALUE: CtApSwcLedAlgorithm_AUDIspecBreachOnEdge:s32_v <- [DW_OP_plus_uconst 56] [$sp+0]
	@DEBUG_VALUE: CtApSwcLedAlgorithm_intensityPyramid:inputState <- [DW_OP_plus_uconst 60] [$sp+0]
	@DEBUG_VALUE: CtApSwcLedAlgorithm_intensityPyramid:s32_v <- [DW_OP_plus_uconst 56] [$sp+0]
	@DEBUG_VALUE: algoGetPWMOutput:inputColor <- [DW_OP_plus_uconst 44] [$sp+0]
	@DEBUG_VALUE: __algoGetTargetColorFromCIE1976:inputColor <- [DW_OP_plus_uconst 44] [$sp+0]
	@DEBUG_VALUE: CtApSwcLedAlgorithm_intensityPyramid:pst_LEDColor <- [DW_OP_plus_uconst 44] [$sp+0]
	@DEBUG_VALUE: __algoGetTargetColorFromCIE1976:targetColor <- [DW_OP_plus_uconst 72, DW_OP_stack_value] $sp
	@DEBUG_VALUE: algoGetPWMOutput:outputPWM <- [DW_OP_plus_uconst 48] [$sp+0]
	@DEBUG_VALUE: algoGetPWMOutput:targetColor <- [DW_OP_plus_uconst 72, DW_OP_deref] $sp
	.loc	3 160 25 is_stmt 1              @ ../03_Algorithm_FixedPoint/Algorithm.c:160:25
	lsls	r0, r2, #2
.Ltmp239:
	.loc	3 160 71 is_stmt 0              @ ../03_Algorithm_FixedPoint/Algorithm.c:160:71
	ldr	r2, __arm_cp.6_32
.Ltmp240:
	ldr	r2, [r2, r0]
	.loc	3 158 52 is_stmt 1              @ ../03_Algorithm_FixedPoint/Algorithm.c:158:52
	muls	r3, r5, r3
	.loc	3 158 17 is_stmt 0              @ ../03_Algorithm_FixedPoint/Algorithm.c:158:17
	ldr	r1, [r1, #4]
.Ltmp241:
	.loc	3 158 44                        @ ../03_Algorithm_FixedPoint/Algorithm.c:158:44
	adds	r1, r1, r3
.Ltmp242:
	@DEBUG_VALUE: CtApSwcLedAlgorithm_AUDIspecBreachOnEdge:s32_v <- $r1
	.loc	3 159 33 is_stmt 1              @ ../03_Algorithm_FixedPoint/Algorithm.c:159:33
	asrs	r5, r1, #18
.Ltmp243:
	@DEBUG_VALUE: CtApSwcLedAlgorithm_intensityPyramid:s32_v <- $r5
	.loc	3 160 97                        @ ../03_Algorithm_FixedPoint/Algorithm.c:160:97
	muls	r2, r5, r2
	.loc	3 160 25 is_stmt 0              @ ../03_Algorithm_FixedPoint/Algorithm.c:160:25
	ldr	r1, __arm_cp.6_33
.Ltmp244:
	ldr	r1, [r1, r0]
	.loc	3 157 33 is_stmt 1              @ ../03_Algorithm_FixedPoint/Algorithm.c:157:33
	asrs	r3, r4, #18
.Ltmp245:
	@DEBUG_VALUE: CtApSwcLedAlgorithm_intensityPyramid:s32_u <- $r3
	.loc	3 160 51                        @ ../03_Algorithm_FixedPoint/Algorithm.c:160:51
	muls	r1, r3, r1
	.loc	3 160 69 is_stmt 0              @ ../03_Algorithm_FixedPoint/Algorithm.c:160:69
	adds	r1, r2, r1
	.loc	3 160 117                       @ ../03_Algorithm_FixedPoint/Algorithm.c:160:117
	ldr	r2, __arm_cp.6_31
	ldr	r0, [r2, r0]
	.loc	3 160 115                       @ ../03_Algorithm_FixedPoint/Algorithm.c:160:115
	adds	r7, r1, r0
.Ltmp246:
	@DEBUG_VALUE: CtApSwcLedAlgorithm_AUDIspecBreachOnEdge:s32_intensity <- $r7
	.loc	3 0 115                         @ ../03_Algorithm_FixedPoint/Algorithm.c:0:115
	b	.LBB6_28
.Ltmp247:
.LBB6_25:
	@DEBUG_VALUE: CtApSwcLedAlgorithm_intensityPyramid:s32_min_intensity_rotated <- $r5
	@DEBUG_VALUE: CtApSwcLedAlgorithm_intensityPyramid:s32_selectedIntensity <- $r7
	@DEBUG_VALUE: CtApSwcLedAlgorithm_intensityPyramid:inputState <- [DW_OP_plus_uconst 60] [$sp+0]
	@DEBUG_VALUE: CtApSwcLedAlgorithm_intensityPyramid:s32_v <- [DW_OP_plus_uconst 56] [$sp+0]
	@DEBUG_VALUE: algoGetPWMOutput:inputColor <- [DW_OP_plus_uconst 44] [$sp+0]
	@DEBUG_VALUE: __algoGetTargetColorFromCIE1976:inputColor <- [DW_OP_plus_uconst 44] [$sp+0]
	@DEBUG_VALUE: CtApSwcLedAlgorithm_intensityPyramid:pst_LEDColor <- [DW_OP_plus_uconst 44] [$sp+0]
	@DEBUG_VALUE: __algoGetTargetColorFromCIE1976:targetColor <- [DW_OP_plus_uconst 72, DW_OP_stack_value] $sp
	@DEBUG_VALUE: algoGetPWMOutput:outputPWM <- [DW_OP_plus_uconst 48] [$sp+0]
	@DEBUG_VALUE: algoGetPWMOutput:targetColor <- [DW_OP_plus_uconst 72, DW_OP_deref] $sp
	ldr	r7, __arm_cp.6_44
.Ltmp248:
	movs	r5, #88
.Ltmp249:
	movs	r3, #196
	b	.LBB6_28
.Ltmp250:
.LBB6_26:
	@DEBUG_VALUE: CtApSwcLedAlgorithm_intensityPyramid:s32_min_intensity_rotated <- $r5
	@DEBUG_VALUE: CtApSwcLedAlgorithm_intensityPyramid:s32_selectedIntensity <- $r7
	@DEBUG_VALUE: CtApSwcLedAlgorithm_intensityPyramid:inputState <- [DW_OP_plus_uconst 60] [$sp+0]
	@DEBUG_VALUE: CtApSwcLedAlgorithm_intensityPyramid:s32_v <- [DW_OP_plus_uconst 56] [$sp+0]
	@DEBUG_VALUE: algoGetPWMOutput:inputColor <- [DW_OP_plus_uconst 44] [$sp+0]
	@DEBUG_VALUE: __algoGetTargetColorFromCIE1976:inputColor <- [DW_OP_plus_uconst 44] [$sp+0]
	@DEBUG_VALUE: CtApSwcLedAlgorithm_intensityPyramid:pst_LEDColor <- [DW_OP_plus_uconst 44] [$sp+0]
	@DEBUG_VALUE: __algoGetTargetColorFromCIE1976:targetColor <- [DW_OP_plus_uconst 72, DW_OP_stack_value] $sp
	@DEBUG_VALUE: algoGetPWMOutput:outputPWM <- [DW_OP_plus_uconst 48] [$sp+0]
	@DEBUG_VALUE: algoGetPWMOutput:targetColor <- [DW_OP_plus_uconst 72, DW_OP_deref] $sp
	@DEBUG_VALUE: CtApSwcLedAlgorithm_intensityPyramid:s32_u <- 517
	@DEBUG_VALUE: CtApSwcLedAlgorithm_intensityPyramid:s32_selectedIntensity <- 165054
	@DEBUG_VALUE: CtApSwcLedAlgorithm_intensityPyramid:s32_v <- 523
	ldr	r3, __arm_cp.6_35
	adds	r5, r3, #6
.Ltmp251:
	ldr	r7, __arm_cp.6_45
	b	.LBB6_28
.Ltmp252:
.LBB6_27:
	@DEBUG_VALUE: CtApSwcLedAlgorithm_AUDIspecBreachOnEdge:s32_u <- $r4
	@DEBUG_VALUE: CtApSwcLedAlgorithm_AUDIspecBreachOnEdge:s32_s <- $r5
	@DEBUG_VALUE: CtApSwcLedAlgorithm_AUDIspecBreachOnEdge:u8_plane_idx <- $r2
	@DEBUG_VALUE: CtApSwcLedAlgorithm_AUDIspecBreachOnEdge:p_underPointArray_large <- $r0
	@DEBUG_VALUE: CtApSwcLedAlgorithm_AUDIspecBreachOnEdge:p_upperPointArray_large <- $r1
	@DEBUG_VALUE: CtApSwcLedAlgorithm_AUDIspecBreachOnEdge:s32_v <- [DW_OP_plus_uconst 56] [$sp+0]
	@DEBUG_VALUE: CtApSwcLedAlgorithm_intensityPyramid:inputState <- [DW_OP_plus_uconst 60] [$sp+0]
	@DEBUG_VALUE: CtApSwcLedAlgorithm_intensityPyramid:s32_v <- [DW_OP_plus_uconst 56] [$sp+0]
	@DEBUG_VALUE: algoGetPWMOutput:inputColor <- [DW_OP_plus_uconst 44] [$sp+0]
	@DEBUG_VALUE: __algoGetTargetColorFromCIE1976:inputColor <- [DW_OP_plus_uconst 44] [$sp+0]
	@DEBUG_VALUE: CtApSwcLedAlgorithm_intensityPyramid:pst_LEDColor <- [DW_OP_plus_uconst 44] [$sp+0]
	@DEBUG_VALUE: __algoGetTargetColorFromCIE1976:targetColor <- [DW_OP_plus_uconst 72, DW_OP_stack_value] $sp
	@DEBUG_VALUE: algoGetPWMOutput:outputPWM <- [DW_OP_plus_uconst 48] [$sp+0]
	@DEBUG_VALUE: algoGetPWMOutput:targetColor <- [DW_OP_plus_uconst 72, DW_OP_deref] $sp
	@DEBUG_VALUE: CtApSwcLedAlgorithm_AUDIspecBreachOnEdge:s32_intensity <- undef
	.loc	3 152 27 is_stmt 1              @ ../03_Algorithm_FixedPoint/Algorithm.c:152:27
	ldr	r2, [r0, #4]
.Ltmp253:
	.loc	3 153 25                        @ ../03_Algorithm_FixedPoint/Algorithm.c:153:25
	ldr	r7, [r0, #8]
.Ltmp254:
	@DEBUG_VALUE: CtApSwcLedAlgorithm_AUDIspecBreachOnEdge:s32_intensity <- $r7
	.loc	3 151 54                        @ ../03_Algorithm_FixedPoint/Algorithm.c:151:54
	asrs	r3, r6, #18
.Ltmp255:
	@DEBUG_VALUE: CtApSwcLedAlgorithm_intensityPyramid:s32_u <- $r3
	.loc	3 152 54                        @ ../03_Algorithm_FixedPoint/Algorithm.c:152:54
	asrs	r5, r2, #18
.Ltmp256:
	@DEBUG_VALUE: CtApSwcLedAlgorithm_intensityPyramid:s32_v <- $r5
.LBB6_28:
	@DEBUG_VALUE: CtApSwcLedAlgorithm_intensityPyramid:inputState <- [DW_OP_plus_uconst 60] [$sp+0]
	@DEBUG_VALUE: algoGetPWMOutput:inputColor <- [DW_OP_plus_uconst 44] [$sp+0]
	@DEBUG_VALUE: __algoGetTargetColorFromCIE1976:inputColor <- [DW_OP_plus_uconst 44] [$sp+0]
	@DEBUG_VALUE: CtApSwcLedAlgorithm_intensityPyramid:pst_LEDColor <- [DW_OP_plus_uconst 44] [$sp+0]
	@DEBUG_VALUE: __algoGetTargetColorFromCIE1976:targetColor <- [DW_OP_plus_uconst 72, DW_OP_stack_value] $sp
	@DEBUG_VALUE: algoGetPWMOutput:outputPWM <- [DW_OP_plus_uconst 48] [$sp+0]
	@DEBUG_VALUE: algoGetPWMOutput:targetColor <- [DW_OP_plus_uconst 72, DW_OP_deref] $sp
	@DEBUG_VALUE: CtApSwcLedAlgorithm_intensityPyramid:s32_u <- $r3
	@DEBUG_VALUE: CtApSwcLedAlgorithm_intensityPyramid:s32_selectedIntensity <- $r7
	@DEBUG_VALUE: CtApSwcLedAlgorithm_intensityPyramid:s32_v <- $r5
	.loc	3 0 54 is_stmt 0                @ ../03_Algorithm_FixedPoint/Algorithm.c:0:54
	ldr	r4, [sp, #44]                   @ 4-byte Reload
	.loc	3 224 26 is_stmt 1              @ ../03_Algorithm_FixedPoint/Algorithm.c:224:26
	strh	r5, [r4, #2]
	.loc	3 223 26                        @ ../03_Algorithm_FixedPoint/Algorithm.c:223:26
	strh	r3, [r4]
	.loc	3 222 65                        @ ../03_Algorithm_FixedPoint/Algorithm.c:222:65
	ldr	r0, [r4, #8]
	.loc	3 222 75 is_stmt 0              @ ../03_Algorithm_FixedPoint/Algorithm.c:222:75
	muls	r0, r7, r0
	.loc	3 222 109                       @ ../03_Algorithm_FixedPoint/Algorithm.c:222:109
	asrs	r0, r0, #18
	.loc	3 222 29                        @ ../03_Algorithm_FixedPoint/Algorithm.c:222:29
	str	r0, [r4, #8]
	add	r1, sp, #72
.Ltmp257:
	.loc	3 697 3 is_stmt 1               @ ../03_Algorithm_FixedPoint/Algorithm.c:697:3
	mov	r0, r4
	bl	whiteBalance
.Ltmp258:
	.loc	3 698 34                        @ ../03_Algorithm_FixedPoint/Algorithm.c:698:34
	ldr	r0, [r4, #8]
	.loc	3 698 10 is_stmt 0              @ ../03_Algorithm_FixedPoint/Algorithm.c:698:10
	ldr	r1, .LCPI6_46
	str	r0, [r1, #48]
.Ltmp259:
	@DEBUG_VALUE: fix16_from_int:a <- $r0
	.loc	2 47 66 is_stmt 1               @ ../03_Algorithm_FixedPoint/FixedPoint.h:47:66
	lsls	r0, r0, #16
.Ltmp260:
	.loc	2 0 66 is_stmt 0                @ ../03_Algorithm_FixedPoint/FixedPoint.h:0:66
	movs	r1, #7
.Ltmp261:
	.loc	3 699 21 is_stmt 1              @ ../03_Algorithm_FixedPoint/Algorithm.c:699:21
	bl	fix16_mul
.Ltmp262:
	mov	r1, r0
.Ltmp263:
	@DEBUG_VALUE: algoGetPWMOutput:targetColor <- [DW_OP_plus_uconst 72, DW_OP_deref, DW_OP_LLVM_fragment 0 64] $sp
	@DEBUG_VALUE: algoGetPWMOutput:targetColor <- [DW_OP_LLVM_fragment 64 32] $r1
	.loc	3 0 21 is_stmt 0                @ ../03_Algorithm_FixedPoint/Algorithm.c:0:21
	movs	r0, #1
	str	r0, [sp, #64]                   @ 4-byte Spill
	lsls	r0, r0, #16
	str	r0, [sp, #60]                   @ 4-byte Spill
	.loc	3 700 21 is_stmt 1              @ ../03_Algorithm_FixedPoint/Algorithm.c:700:21
	bl	fix16_mul
.Ltmp264:
	mov	r6, r0
.Ltmp265:
	@DEBUG_VALUE: algoGetPWMOutput:targetColor <- [DW_OP_LLVM_fragment 64 32] $r6
	.loc	3 0 21 is_stmt 0                @ ../03_Algorithm_FixedPoint/Algorithm.c:0:21
	movs	r7, #4
.Ltmp266:
	.loc	3 726 30 is_stmt 1              @ ../03_Algorithm_FixedPoint/Algorithm.c:726:30
	ldrsh	r4, [r4, r7]
	movs	r1, #10
	.loc	3 726 43 is_stmt 0              @ ../03_Algorithm_FixedPoint/Algorithm.c:726:43
	mov	r0, r4
	str	r1, [sp, #24]                   @ 4-byte Spill
	bl	__aeabi_idiv
.Ltmp267:
	@DEBUG_VALUE: __algoLedFixCIE:ledTemp <- $r0
	sxth	r5, r0
.Ltmp268:
	.loc	3 0 43                          @ ../03_Algorithm_FixedPoint/Algorithm.c:0:43
	movs	r0, #0
	ldr	r1, .LCPI6_47
	@DEBUG_VALUE: __algoLedFixCIE:i <- 0
	@DEBUG_VALUE: __algoLedFixCIE:fixLevel <- -1
	str	r6, [sp, #36]                   @ 4-byte Spill
.Ltmp269:
	@DEBUG_VALUE: algoGetPWMOutput:targetColor <- [DW_OP_plus_uconst 36, DW_OP_LLVM_fragment 64 32] [$sp+0]
	str	r7, [sp, #28]                   @ 4-byte Spill
.Ltmp270:
.LBB6_29:                               @ =>This Inner Loop Header: Depth=1
	@DEBUG_VALUE: algoGetPWMOutput:targetColor <- [DW_OP_plus_uconst 36, DW_OP_LLVM_fragment 64 32] [$sp+0]
	@DEBUG_VALUE: __algoLedFixCIE:fixLevel <- -1
	@DEBUG_VALUE: algoGetPWMOutput:targetColor <- [DW_OP_plus_uconst 72, DW_OP_deref, DW_OP_LLVM_fragment 0 64] $sp
	@DEBUG_VALUE: algoGetPWMOutput:inputColor <- [DW_OP_plus_uconst 44] [$sp+0]
	@DEBUG_VALUE: algoGetPWMOutput:outputPWM <- [DW_OP_plus_uconst 48] [$sp+0]
	@DEBUG_VALUE: __algoLedFixCIE:i <- $r0
	.loc	3 474 4 is_stmt 1               @ ../03_Algorithm_FixedPoint/Algorithm.c:474:4
	cmp	r0, #7
	beq	.LBB6_33
.Ltmp271:
@ %bb.30:                               @   in Loop: Header=BB6_29 Depth=1
	@DEBUG_VALUE: __algoLedFixCIE:i <- $r0
	@DEBUG_VALUE: algoGetPWMOutput:targetColor <- [DW_OP_plus_uconst 36, DW_OP_LLVM_fragment 64 32] [$sp+0]
	@DEBUG_VALUE: __algoLedFixCIE:fixLevel <- -1
	@DEBUG_VALUE: algoGetPWMOutput:targetColor <- [DW_OP_plus_uconst 72, DW_OP_deref, DW_OP_LLVM_fragment 0 64] $sp
	@DEBUG_VALUE: algoGetPWMOutput:inputColor <- [DW_OP_plus_uconst 44] [$sp+0]
	@DEBUG_VALUE: algoGetPWMOutput:outputPWM <- [DW_OP_plus_uconst 48] [$sp+0]
	.loc	3 476 32                        @ ../03_Algorithm_FixedPoint/Algorithm.c:476:32
	movs	r2, #0
	ldrsh	r2, [r1, r2]
	.loc	3 476 45 is_stmt 0              @ ../03_Algorithm_FixedPoint/Algorithm.c:476:45
	cmp	r2, r5
	bgt	.LBB6_32
.Ltmp272:
@ %bb.31:                               @   in Loop: Header=BB6_29 Depth=1
	@DEBUG_VALUE: __algoLedFixCIE:i <- $r0
	@DEBUG_VALUE: algoGetPWMOutput:targetColor <- [DW_OP_plus_uconst 36, DW_OP_LLVM_fragment 64 32] [$sp+0]
	@DEBUG_VALUE: __algoLedFixCIE:fixLevel <- -1
	@DEBUG_VALUE: algoGetPWMOutput:targetColor <- [DW_OP_plus_uconst 72, DW_OP_deref, DW_OP_LLVM_fragment 0 64] $sp
	@DEBUG_VALUE: algoGetPWMOutput:inputColor <- [DW_OP_plus_uconst 44] [$sp+0]
	@DEBUG_VALUE: algoGetPWMOutput:outputPWM <- [DW_OP_plus_uconst 48] [$sp+0]
	.loc	3 0 45                          @ ../03_Algorithm_FixedPoint/Algorithm.c:0:45
	movs	r2, #20
	.loc	3 477 33 is_stmt 1              @ ../03_Algorithm_FixedPoint/Algorithm.c:477:33
	ldrsh	r2, [r1, r2]
.Ltmp273:
	.loc	3 476 10                        @ ../03_Algorithm_FixedPoint/Algorithm.c:476:10
	cmp	r2, r5
	bgt	.LBB6_60
.Ltmp274:
.LBB6_32:                               @   in Loop: Header=BB6_29 Depth=1
	@DEBUG_VALUE: __algoLedFixCIE:i <- $r0
	@DEBUG_VALUE: algoGetPWMOutput:targetColor <- [DW_OP_plus_uconst 36, DW_OP_LLVM_fragment 64 32] [$sp+0]
	@DEBUG_VALUE: __algoLedFixCIE:fixLevel <- -1
	@DEBUG_VALUE: algoGetPWMOutput:targetColor <- [DW_OP_plus_uconst 72, DW_OP_deref, DW_OP_LLVM_fragment 0 64] $sp
	@DEBUG_VALUE: algoGetPWMOutput:inputColor <- [DW_OP_plus_uconst 44] [$sp+0]
	@DEBUG_VALUE: algoGetPWMOutput:outputPWM <- [DW_OP_plus_uconst 48] [$sp+0]
	.loc	3 0 0 is_stmt 0                 @ ../03_Algorithm_FixedPoint/Algorithm.c:0:0
	adds	r0, r0, #1
.Ltmp275:
	adds	r1, #20
	b	.LBB6_29
.Ltmp276:
.LBB6_33:
	@DEBUG_VALUE: __algoLedFixCIE:i <- $r0
	@DEBUG_VALUE: algoGetPWMOutput:targetColor <- [DW_OP_plus_uconst 36, DW_OP_LLVM_fragment 64 32] [$sp+0]
	@DEBUG_VALUE: __algoLedFixCIE:fixLevel <- -1
	@DEBUG_VALUE: algoGetPWMOutput:targetColor <- [DW_OP_plus_uconst 72, DW_OP_deref, DW_OP_LLVM_fragment 0 64] $sp
	@DEBUG_VALUE: algoGetPWMOutput:inputColor <- [DW_OP_plus_uconst 44] [$sp+0]
	@DEBUG_VALUE: algoGetPWMOutput:outputPWM <- [DW_OP_plus_uconst 48] [$sp+0]
	ldr	r1, __arm_cp.6_48
	cmp	r4, r1
	blt	.LBB6_35
.Ltmp277:
@ %bb.34:
	@DEBUG_VALUE: __algoLedFixCIE:i <- $r0
	@DEBUG_VALUE: algoGetPWMOutput:targetColor <- [DW_OP_plus_uconst 36, DW_OP_LLVM_fragment 64 32] [$sp+0]
	@DEBUG_VALUE: __algoLedFixCIE:fixLevel <- -1
	@DEBUG_VALUE: algoGetPWMOutput:targetColor <- [DW_OP_plus_uconst 72, DW_OP_deref, DW_OP_LLVM_fragment 0 64] $sp
	@DEBUG_VALUE: algoGetPWMOutput:inputColor <- [DW_OP_plus_uconst 44] [$sp+0]
	@DEBUG_VALUE: algoGetPWMOutput:outputPWM <- [DW_OP_plus_uconst 48] [$sp+0]
	movs	r0, #6
.Ltmp278:
	b	.LBB6_36
.Ltmp279:
.LBB6_35:
	@DEBUG_VALUE: __algoLedFixCIE:i <- $r0
	@DEBUG_VALUE: algoGetPWMOutput:targetColor <- [DW_OP_plus_uconst 36, DW_OP_LLVM_fragment 64 32] [$sp+0]
	@DEBUG_VALUE: __algoLedFixCIE:fixLevel <- -1
	@DEBUG_VALUE: algoGetPWMOutput:targetColor <- [DW_OP_plus_uconst 72, DW_OP_deref, DW_OP_LLVM_fragment 0 64] $sp
	@DEBUG_VALUE: algoGetPWMOutput:inputColor <- [DW_OP_plus_uconst 44] [$sp+0]
	@DEBUG_VALUE: algoGetPWMOutput:outputPWM <- [DW_OP_plus_uconst 48] [$sp+0]
	movs	r0, #0
.Ltmp280:
.LBB6_36:
	@DEBUG_VALUE: algoGetPWMOutput:targetColor <- [DW_OP_plus_uconst 36, DW_OP_LLVM_fragment 64 32] [$sp+0]
	@DEBUG_VALUE: __algoLedFixCIE:fixLevel <- -1
	@DEBUG_VALUE: algoGetPWMOutput:targetColor <- [DW_OP_plus_uconst 72, DW_OP_deref, DW_OP_LLVM_fragment 0 64] $sp
	@DEBUG_VALUE: algoGetPWMOutput:inputColor <- [DW_OP_plus_uconst 44] [$sp+0]
	@DEBUG_VALUE: algoGetPWMOutput:outputPWM <- [DW_OP_plus_uconst 48] [$sp+0]
	cmp	r4, r1
	blt	.LBB6_59
.Ltmp281:
@ %bb.37:
	@DEBUG_VALUE: algoGetPWMOutput:targetColor <- [DW_OP_plus_uconst 36, DW_OP_LLVM_fragment 64 32] [$sp+0]
	@DEBUG_VALUE: __algoLedFixCIE:fixLevel <- -1
	@DEBUG_VALUE: algoGetPWMOutput:targetColor <- [DW_OP_plus_uconst 72, DW_OP_deref, DW_OP_LLVM_fragment 0 64] $sp
	@DEBUG_VALUE: algoGetPWMOutput:inputColor <- [DW_OP_plus_uconst 44] [$sp+0]
	@DEBUG_VALUE: algoGetPWMOutput:outputPWM <- [DW_OP_plus_uconst 48] [$sp+0]
	movs	r5, #120
	b	.LBB6_60
.Ltmp282:
	.p2align	2
@ %bb.38:
__arm_cp.6_28:
	.long	4294777573                      @ 0xfffd1ae5
.Lcpi_end34:
	.size	__arm_cp.6_28, .Lcpi_end34-__arm_cp.6_28
	.p2align	2
@ %bb.39:
__arm_cp.6_29:
	.long	100691                          @ 0x18953
.Lcpi_end35:
	.size	__arm_cp.6_29, .Lcpi_end35-__arm_cp.6_29
	.p2align	2
@ %bb.40:
__arm_cp.6_30:
	.long	4247499433                      @ 0xfd2bb2a9
.Lcpi_end36:
	.size	__arm_cp.6_30, .Lcpi_end36-__arm_cp.6_30
	.p2align	2
@ %bb.41:
__arm_cp.6_31:
	.long	s32_plane_d
.Lcpi_end37:
	.size	__arm_cp.6_31, .Lcpi_end37-__arm_cp.6_31
	.p2align	2
@ %bb.42:
__arm_cp.6_32:
	.long	s32_plane_b
.Lcpi_end38:
	.size	__arm_cp.6_32, .Lcpi_end38-__arm_cp.6_32
	.p2align	2
@ %bb.43:
__arm_cp.6_33:
	.long	s32_plane_a
.Lcpi_end39:
	.size	__arm_cp.6_33, .Lcpi_end39-__arm_cp.6_33
	.p2align	2
@ %bb.44:
__arm_cp.6_34:
	.long	2147483647                      @ 0x7fffffff
.Lcpi_end40:
	.size	__arm_cp.6_34, .Lcpi_end40-__arm_cp.6_34
	.p2align	2
@ %bb.45:
__arm_cp.6_35:
	.long	517                             @ 0x205
.Lcpi_end41:
	.size	__arm_cp.6_35, .Lcpi_end41-__arm_cp.6_35
	.p2align	2
@ %bb.46:
__arm_cp.6_36:
	.long	s32_G_cornerPoint_large
.Lcpi_end42:
	.size	__arm_cp.6_36, .Lcpi_end42-__arm_cp.6_36
	.p2align	2
@ %bb.47:
__arm_cp.6_37:
	.long	s32_R_cornerPoint_real
.Lcpi_end43:
	.size	__arm_cp.6_37, .Lcpi_end43-__arm_cp.6_37
	.p2align	2
@ %bb.48:
__arm_cp.6_38:
	.long	s32_R_cornerPoint_large
.Lcpi_end44:
	.size	__arm_cp.6_38, .Lcpi_end44-__arm_cp.6_38
	.p2align	2
@ %bb.49:
__arm_cp.6_39:
	.long	s32_B_cornerPoint_large
.Lcpi_end45:
	.size	__arm_cp.6_39, .Lcpi_end45-__arm_cp.6_39
	.p2align	2
@ %bb.50:
.LCPI6_40:
s32_LineDirectionvec_BRm1n1p1:
	.long	304                             @ 0x130
	.long	412                             @ 0x19c
	.p2align	2
@ %bb.51:
.LCPI6_41:
s32_LineDirectionvec_GRm1n1p1:
	.long	509                             @ 0x1fd
	.long	4294967239                      @ 0xffffffc7
	.p2align	2
@ %bb.52:
.LCPI6_42:
s32_B_cornerPoint_real:
	.long	196                             @ 0xc4
	.long	88                              @ 0x58
	.long	296                             @ 0x128
	.p2align	2
@ %bb.53:
.LCPI6_43:
s32_LineDirectionvec_GBm1n1p1:
	.long	138                             @ 0x8a
	.long	4294966803                      @ 0xfffffe13
	.p2align	2
@ %bb.54:
__arm_cp.6_44:
	.long	77672                           @ 0x12f68
.Lcpi_end46:
	.size	__arm_cp.6_44, .Lcpi_end46-__arm_cp.6_44
	.p2align	2
@ %bb.55:
__arm_cp.6_45:
	.long	165054                          @ 0x284be
.Lcpi_end47:
	.size	__arm_cp.6_45, .Lcpi_end47-__arm_cp.6_45
	.p2align	2
@ %bb.56:
.LCPI6_46:
	.long	.L_MergedGlobals
	.p2align	2
@ %bb.57:
.LCPI6_47:
	.long	TtoCIE
	.p2align	2
@ %bb.58:
__arm_cp.6_48:
	.long	4294966887                      @ 0xfffffe67
.Lcpi_end48:
	.size	__arm_cp.6_48, .Lcpi_end48-__arm_cp.6_48
	.p2align	1
.LBB6_59:
.Ltmp283:
	@DEBUG_VALUE: algoGetPWMOutput:targetColor <- [DW_OP_plus_uconst 36, DW_OP_LLVM_fragment 64 32] [$sp+0]
	@DEBUG_VALUE: __algoLedFixCIE:fixLevel <- -1
	@DEBUG_VALUE: algoGetPWMOutput:targetColor <- [DW_OP_plus_uconst 72, DW_OP_deref, DW_OP_LLVM_fragment 0 64] $sp
	@DEBUG_VALUE: algoGetPWMOutput:inputColor <- [DW_OP_plus_uconst 44] [$sp+0]
	@DEBUG_VALUE: algoGetPWMOutput:outputPWM <- [DW_OP_plus_uconst 48] [$sp+0]
	movs	r1, #39
	mvns	r5, r1
.Ltmp284:
.LBB6_60:
	@DEBUG_VALUE: algoGetPWMOutput:targetColor <- [DW_OP_plus_uconst 36, DW_OP_LLVM_fragment 64 32] [$sp+0]
	@DEBUG_VALUE: __algoLedFixCIE:fixLevel <- -1
	@DEBUG_VALUE: algoGetPWMOutput:targetColor <- [DW_OP_plus_uconst 72, DW_OP_deref, DW_OP_LLVM_fragment 0 64] $sp
	@DEBUG_VALUE: algoGetPWMOutput:inputColor <- [DW_OP_plus_uconst 44] [$sp+0]
	@DEBUG_VALUE: algoGetPWMOutput:outputPWM <- [DW_OP_plus_uconst 48] [$sp+0]
	@DEBUG_VALUE: __algoLedFixCIE:ledTemp <- $r5
	@DEBUG_VALUE: __algoLedFixCIE:i <- undef
	movs	r1, #20
	.loc	3 501 25 is_stmt 1              @ ../03_Algorithm_FixedPoint/Algorithm.c:501:25
	muls	r1, r0, r1
	.loc	3 501 17 is_stmt 0              @ ../03_Algorithm_FixedPoint/Algorithm.c:501:17
	ldr	r2, __arm_cp.6_19
	.loc	3 501 41                        @ ../03_Algorithm_FixedPoint/Algorithm.c:501:41
	adds	r4, r2, r1
	movs	r0, #2
	.loc	3 504 39 is_stmt 1              @ ../03_Algorithm_FixedPoint/Algorithm.c:504:39
	ldrsh	r6, [r4, r0]
	movs	r0, #22
	.loc	3 504 27 is_stmt 0              @ ../03_Algorithm_FixedPoint/Algorithm.c:504:27
	ldrsh	r0, [r4, r0]
	.loc	3 504 37                        @ ../03_Algorithm_FixedPoint/Algorithm.c:504:37
	subs	r0, r0, r6
	.loc	3 504 59                        @ ../03_Algorithm_FixedPoint/Algorithm.c:504:59
	lsls	r0, r0, #4
	.loc	3 501 41 is_stmt 1              @ ../03_Algorithm_FixedPoint/Algorithm.c:501:41
	ldrsh	r7, [r2, r1]
	.loc	3 501 29 is_stmt 0              @ ../03_Algorithm_FixedPoint/Algorithm.c:501:29
	ldrh	r1, [r4, #20]
	.loc	3 501 40                        @ ../03_Algorithm_FixedPoint/Algorithm.c:501:40
	subs	r1, r1, r7
.Ltmp285:
	@DEBUG_VALUE: __algoLedFixCIE:tempShift <- $r1
	.loc	3 504 64 is_stmt 1              @ ../03_Algorithm_FixedPoint/Algorithm.c:504:64
	sxth	r1, r1
.Ltmp286:
	.loc	3 504 63 is_stmt 0              @ ../03_Algorithm_FixedPoint/Algorithm.c:504:63
	str	r1, [sp, #68]                   @ 4-byte Spill
	bl	__aeabi_idiv
.Ltmp287:
	@DEBUG_VALUE: __algoLedFixCIE:line_p <- [DW_OP_LLVM_convert 32 7, DW_OP_LLVM_convert 16 7, DW_OP_stack_value] $r0
	.loc	3 505 35 is_stmt 1              @ ../03_Algorithm_FixedPoint/Algorithm.c:505:35
	sxth	r0, r0
.Ltmp288:
	.loc	3 505 46 is_stmt 0              @ ../03_Algorithm_FixedPoint/Algorithm.c:505:46
	sxth	r1, r5
	.loc	3 505 54                        @ ../03_Algorithm_FixedPoint/Algorithm.c:505:54
	subs	r7, r1, r7
	.loc	3 505 42                        @ ../03_Algorithm_FixedPoint/Algorithm.c:505:42
	muls	r0, r7, r0
	.loc	3 505 79                        @ ../03_Algorithm_FixedPoint/Algorithm.c:505:79
	lsrs	r0, r0, #4
	.loc	3 505 11                        @ ../03_Algorithm_FixedPoint/Algorithm.c:505:11
	adds	r0, r6, r0
.Ltmp289:
	@DEBUG_VALUE: __algoLedFixCIE:redp <- $r0
	.loc	3 506 47 is_stmt 1              @ ../03_Algorithm_FixedPoint/Algorithm.c:506:47
	sxth	r1, r0
	ldr	r2, __arm_cp.6_18
	.loc	3 506 59 is_stmt 0              @ ../03_Algorithm_FixedPoint/Algorithm.c:506:59
	ldr	r0, [r2, #36]
.Ltmp290:
	.loc	3 0 59                          @ ../03_Algorithm_FixedPoint/Algorithm.c:0:59
	mov	r5, r2
.Ltmp291:
	.loc	3 506 51                        @ ../03_Algorithm_FixedPoint/Algorithm.c:506:51
	muls	r0, r1, r0
	movs	r1, #125
	str	r1, [sp, #32]                   @ 4-byte Spill
	lsls	r1, r1, #3
	.loc	3 506 60                        @ ../03_Algorithm_FixedPoint/Algorithm.c:506:60
	str	r1, [sp, #56]                   @ 4-byte Spill
	bl	__aeabi_idiv
.Ltmp292:
	@DEBUG_VALUE: fix16_from_int:a <- $r0
	.loc	2 47 66 is_stmt 1               @ ../03_Algorithm_FixedPoint/FixedPoint.h:47:66
	lsls	r0, r0, #16
.Ltmp293:
	.loc	2 0 66 is_stmt 0                @ ../03_Algorithm_FixedPoint/FixedPoint.h:0:66
	ldr	r1, __arm_cp.6_21
.Ltmp294:
	.loc	3 506 22 is_stmt 1              @ ../03_Algorithm_FixedPoint/Algorithm.c:506:22
	ldr	r2, __arm_cp.6_22
	blx	r2
.Ltmp295:
	.loc	3 506 20 is_stmt 0              @ ../03_Algorithm_FixedPoint/Algorithm.c:506:20
	str	r0, [r5, #60]
	movs	r1, #15
	lsls	r1, r1, #15
	.loc	3 507 22 is_stmt 1              @ ../03_Algorithm_FixedPoint/Algorithm.c:507:22
	str	r1, [sp, #52]                   @ 4-byte Spill
	ldr	r2, __arm_cp.6_23
	blx	r2
.Ltmp296:
	.loc	3 507 20 is_stmt 0              @ ../03_Algorithm_FixedPoint/Algorithm.c:507:20
	str	r0, [r5, #60]
	movs	r0, #8
	.loc	3 509 39 is_stmt 1              @ ../03_Algorithm_FixedPoint/Algorithm.c:509:39
	ldrsh	r6, [r4, r0]
	movs	r0, #28
	.loc	3 509 27 is_stmt 0              @ ../03_Algorithm_FixedPoint/Algorithm.c:509:27
	ldrsh	r0, [r4, r0]
	.loc	3 509 37                        @ ../03_Algorithm_FixedPoint/Algorithm.c:509:37
	subs	r0, r0, r6
	.loc	3 509 59                        @ ../03_Algorithm_FixedPoint/Algorithm.c:509:59
	lsls	r0, r0, #4
	ldr	r5, [sp, #68]                   @ 4-byte Reload
	.loc	3 509 63                        @ ../03_Algorithm_FixedPoint/Algorithm.c:509:63
	mov	r1, r5
	bl	__aeabi_idiv
.Ltmp297:
	@DEBUG_VALUE: __algoLedFixCIE:line_p <- [DW_OP_LLVM_convert 32 7, DW_OP_LLVM_convert 16 7, DW_OP_stack_value] $r0
	.loc	3 510 35 is_stmt 1              @ ../03_Algorithm_FixedPoint/Algorithm.c:510:35
	sxth	r0, r0
.Ltmp298:
	.loc	3 510 42 is_stmt 0              @ ../03_Algorithm_FixedPoint/Algorithm.c:510:42
	muls	r0, r7, r0
	.loc	3 510 76                        @ ../03_Algorithm_FixedPoint/Algorithm.c:510:76
	lsrs	r0, r0, #4
	.loc	3 510 11                        @ ../03_Algorithm_FixedPoint/Algorithm.c:510:11
	adds	r0, r6, r0
.Ltmp299:
	@DEBUG_VALUE: __algoLedFixCIE:redp <- $r0
	.loc	3 0 11                          @ ../03_Algorithm_FixedPoint/Algorithm.c:0:11
	ldr	r6, __arm_cp.6_18
	.loc	3 511 47 is_stmt 1              @ ../03_Algorithm_FixedPoint/Algorithm.c:511:47
	ldrh	r1, [r6]
	.loc	3 511 55 is_stmt 0              @ ../03_Algorithm_FixedPoint/Algorithm.c:511:55
	adds	r0, r0, r1
.Ltmp300:
	@DEBUG_VALUE: fix16_from_int:a <- $r0
	.loc	2 47 66 is_stmt 1               @ ../03_Algorithm_FixedPoint/FixedPoint.h:47:66
	lsls	r0, r0, #16
.Ltmp301:
	.loc	3 511 22                        @ ../03_Algorithm_FixedPoint/Algorithm.c:511:22
	ldr	r1, __arm_cp.6_21
	ldr	r2, __arm_cp.6_22
	blx	r2
.Ltmp302:
	.loc	3 511 20 is_stmt 0              @ ../03_Algorithm_FixedPoint/Algorithm.c:511:20
	str	r0, [r6, #52]
	.loc	3 513 39 is_stmt 1              @ ../03_Algorithm_FixedPoint/Algorithm.c:513:39
	ldr	r0, [sp, #24]                   @ 4-byte Reload
	ldrsh	r6, [r4, r0]
	movs	r0, #30
	.loc	3 513 27 is_stmt 0              @ ../03_Algorithm_FixedPoint/Algorithm.c:513:27
	ldrsh	r0, [r4, r0]
	.loc	3 513 37                        @ ../03_Algorithm_FixedPoint/Algorithm.c:513:37
	subs	r0, r0, r6
	.loc	3 513 59                        @ ../03_Algorithm_FixedPoint/Algorithm.c:513:59
	lsls	r0, r0, #4
	.loc	3 513 63                        @ ../03_Algorithm_FixedPoint/Algorithm.c:513:63
	mov	r1, r5
	bl	__aeabi_idiv
.Ltmp303:
	@DEBUG_VALUE: __algoLedFixCIE:line_p <- [DW_OP_LLVM_convert 32 7, DW_OP_LLVM_convert 16 7, DW_OP_stack_value] $r0
	.loc	3 514 35 is_stmt 1              @ ../03_Algorithm_FixedPoint/Algorithm.c:514:35
	sxth	r0, r0
.Ltmp304:
	.loc	3 0 35 is_stmt 0                @ ../03_Algorithm_FixedPoint/Algorithm.c:0:35
	mov	r5, r7
	.loc	3 514 42                        @ ../03_Algorithm_FixedPoint/Algorithm.c:514:42
	str	r7, [sp, #40]                   @ 4-byte Spill
	muls	r0, r7, r0
	.loc	3 514 79                        @ ../03_Algorithm_FixedPoint/Algorithm.c:514:79
	lsrs	r0, r0, #4
	.loc	3 514 11                        @ ../03_Algorithm_FixedPoint/Algorithm.c:514:11
	adds	r0, r6, r0
.Ltmp305:
	@DEBUG_VALUE: __algoLedFixCIE:redp <- $r0
	.loc	3 0 11                          @ ../03_Algorithm_FixedPoint/Algorithm.c:0:11
	ldr	r7, __arm_cp.6_18
	.loc	3 515 47 is_stmt 1              @ ../03_Algorithm_FixedPoint/Algorithm.c:515:47
	ldrh	r1, [r7, #4]
	.loc	3 515 55 is_stmt 0              @ ../03_Algorithm_FixedPoint/Algorithm.c:515:55
	adds	r0, r0, r1
.Ltmp306:
	@DEBUG_VALUE: fix16_from_int:a <- $r0
	.loc	2 47 66 is_stmt 1               @ ../03_Algorithm_FixedPoint/FixedPoint.h:47:66
	lsls	r0, r0, #16
.Ltmp307:
	.loc	3 515 22                        @ ../03_Algorithm_FixedPoint/Algorithm.c:515:22
	ldr	r1, __arm_cp.6_21
	ldr	r2, __arm_cp.6_22
	blx	r2
.Ltmp308:
	.loc	3 515 20 is_stmt 0              @ ../03_Algorithm_FixedPoint/Algorithm.c:515:20
	str	r0, [r7, #56]
	.loc	3 519 41 is_stmt 1              @ ../03_Algorithm_FixedPoint/Algorithm.c:519:41
	ldr	r0, [sp, #28]                   @ 4-byte Reload
	ldrsh	r6, [r4, r0]
	movs	r0, #24
	.loc	3 519 27 is_stmt 0              @ ../03_Algorithm_FixedPoint/Algorithm.c:519:27
	ldrsh	r0, [r4, r0]
	.loc	3 519 39                        @ ../03_Algorithm_FixedPoint/Algorithm.c:519:39
	subs	r0, r0, r6
	.loc	3 519 63                        @ ../03_Algorithm_FixedPoint/Algorithm.c:519:63
	lsls	r0, r0, #4
	.loc	3 519 67                        @ ../03_Algorithm_FixedPoint/Algorithm.c:519:67
	ldr	r1, [sp, #68]                   @ 4-byte Reload
	bl	__aeabi_idiv
.Ltmp309:
	@DEBUG_VALUE: __algoLedFixCIE:line_p <- [DW_OP_LLVM_convert 32 7, DW_OP_LLVM_convert 16 7, DW_OP_stack_value] $r0
	.loc	3 520 39 is_stmt 1              @ ../03_Algorithm_FixedPoint/Algorithm.c:520:39
	sxth	r0, r0
.Ltmp310:
	.loc	3 520 46 is_stmt 0              @ ../03_Algorithm_FixedPoint/Algorithm.c:520:46
	muls	r0, r5, r0
	.loc	3 520 83                        @ ../03_Algorithm_FixedPoint/Algorithm.c:520:83
	lsrs	r0, r0, #4
	.loc	3 520 13                        @ ../03_Algorithm_FixedPoint/Algorithm.c:520:13
	adds	r0, r6, r0
.Ltmp311:
	@DEBUG_VALUE: __algoLedFixCIE:greenp <- $r0
	.loc	3 521 49 is_stmt 1              @ ../03_Algorithm_FixedPoint/Algorithm.c:521:49
	sxth	r1, r0
	.loc	3 521 65 is_stmt 0              @ ../03_Algorithm_FixedPoint/Algorithm.c:521:65
	ldr	r0, [r7, #40]
.Ltmp312:
	.loc	3 521 55                        @ ../03_Algorithm_FixedPoint/Algorithm.c:521:55
	muls	r0, r1, r0
	.loc	3 521 66                        @ ../03_Algorithm_FixedPoint/Algorithm.c:521:66
	ldr	r1, [sp, #56]                   @ 4-byte Reload
	bl	__aeabi_idiv
.Ltmp313:
	@DEBUG_VALUE: fix16_from_int:a <- $r0
	.loc	2 47 66 is_stmt 1               @ ../03_Algorithm_FixedPoint/FixedPoint.h:47:66
	lsls	r0, r0, #16
.Ltmp314:
	.loc	2 0 66 is_stmt 0                @ ../03_Algorithm_FixedPoint/FixedPoint.h:0:66
	ldr	r1, __arm_cp.6_21
	ldr	r2, __arm_cp.6_22
.Ltmp315:
	.loc	3 521 24 is_stmt 1              @ ../03_Algorithm_FixedPoint/Algorithm.c:521:24
	blx	r2
.Ltmp316:
	.loc	3 521 22 is_stmt 0              @ ../03_Algorithm_FixedPoint/Algorithm.c:521:22
	str	r0, [r7, #72]
	.loc	3 522 24 is_stmt 1              @ ../03_Algorithm_FixedPoint/Algorithm.c:522:24
	ldr	r1, [sp, #52]                   @ 4-byte Reload
	ldr	r2, __arm_cp.6_23
	blx	r2
.Ltmp317:
	.loc	3 522 22 is_stmt 0              @ ../03_Algorithm_FixedPoint/Algorithm.c:522:22
	str	r0, [r7, #72]
	movs	r0, #12
	.loc	3 524 41 is_stmt 1              @ ../03_Algorithm_FixedPoint/Algorithm.c:524:41
	ldrsh	r6, [r4, r0]
	movs	r0, #32
	.loc	3 524 27 is_stmt 0              @ ../03_Algorithm_FixedPoint/Algorithm.c:524:27
	ldrsh	r0, [r4, r0]
	.loc	3 524 39                        @ ../03_Algorithm_FixedPoint/Algorithm.c:524:39
	subs	r0, r0, r6
	.loc	3 524 63                        @ ../03_Algorithm_FixedPoint/Algorithm.c:524:63
	lsls	r0, r0, #4
	ldr	r5, [sp, #68]                   @ 4-byte Reload
	.loc	3 524 67                        @ ../03_Algorithm_FixedPoint/Algorithm.c:524:67
	mov	r1, r5
	bl	__aeabi_idiv
.Ltmp318:
	@DEBUG_VALUE: __algoLedFixCIE:line_p <- [DW_OP_LLVM_convert 32 7, DW_OP_LLVM_convert 16 7, DW_OP_stack_value] $r0
	.loc	3 525 39 is_stmt 1              @ ../03_Algorithm_FixedPoint/Algorithm.c:525:39
	sxth	r0, r0
.Ltmp319:
	.loc	3 525 46 is_stmt 0              @ ../03_Algorithm_FixedPoint/Algorithm.c:525:46
	ldr	r1, [sp, #40]                   @ 4-byte Reload
	muls	r0, r1, r0
	.loc	3 525 83                        @ ../03_Algorithm_FixedPoint/Algorithm.c:525:83
	lsrs	r0, r0, #4
	.loc	3 525 13                        @ ../03_Algorithm_FixedPoint/Algorithm.c:525:13
	adds	r0, r6, r0
.Ltmp320:
	@DEBUG_VALUE: __algoLedFixCIE:greenp <- $r0
	.loc	3 526 49 is_stmt 1              @ ../03_Algorithm_FixedPoint/Algorithm.c:526:49
	ldrh	r1, [r7, #8]
	.loc	3 526 59 is_stmt 0              @ ../03_Algorithm_FixedPoint/Algorithm.c:526:59
	adds	r0, r0, r1
.Ltmp321:
	@DEBUG_VALUE: fix16_from_int:a <- $r0
	.loc	2 47 66 is_stmt 1               @ ../03_Algorithm_FixedPoint/FixedPoint.h:47:66
	lsls	r0, r0, #16
.Ltmp322:
	.loc	3 526 24                        @ ../03_Algorithm_FixedPoint/Algorithm.c:526:24
	ldr	r1, __arm_cp.6_21
	ldr	r2, __arm_cp.6_22
	blx	r2
.Ltmp323:
	.loc	3 526 22 is_stmt 0              @ ../03_Algorithm_FixedPoint/Algorithm.c:526:22
	str	r0, [r7, #64]
	movs	r0, #14
	.loc	3 528 41 is_stmt 1              @ ../03_Algorithm_FixedPoint/Algorithm.c:528:41
	ldrsh	r6, [r4, r0]
	movs	r0, #34
	.loc	3 528 27 is_stmt 0              @ ../03_Algorithm_FixedPoint/Algorithm.c:528:27
	ldrsh	r0, [r4, r0]
	.loc	3 528 39                        @ ../03_Algorithm_FixedPoint/Algorithm.c:528:39
	subs	r0, r0, r6
	.loc	3 528 63                        @ ../03_Algorithm_FixedPoint/Algorithm.c:528:63
	lsls	r0, r0, #4
	.loc	3 528 67                        @ ../03_Algorithm_FixedPoint/Algorithm.c:528:67
	mov	r1, r5
	bl	__aeabi_idiv
.Ltmp324:
	@DEBUG_VALUE: __algoLedFixCIE:line_p <- [DW_OP_LLVM_convert 32 7, DW_OP_LLVM_convert 16 7, DW_OP_stack_value] $r0
	.loc	3 529 39 is_stmt 1              @ ../03_Algorithm_FixedPoint/Algorithm.c:529:39
	sxth	r0, r0
.Ltmp325:
	.loc	3 0 39 is_stmt 0                @ ../03_Algorithm_FixedPoint/Algorithm.c:0:39
	ldr	r5, [sp, #40]                   @ 4-byte Reload
	.loc	3 529 46                        @ ../03_Algorithm_FixedPoint/Algorithm.c:529:46
	muls	r0, r5, r0
	.loc	3 529 83                        @ ../03_Algorithm_FixedPoint/Algorithm.c:529:83
	lsrs	r0, r0, #4
	.loc	3 529 13                        @ ../03_Algorithm_FixedPoint/Algorithm.c:529:13
	adds	r0, r6, r0
.Ltmp326:
	@DEBUG_VALUE: __algoLedFixCIE:greenp <- $r0
	.loc	3 530 49 is_stmt 1              @ ../03_Algorithm_FixedPoint/Algorithm.c:530:49
	ldrh	r1, [r7, #12]
	.loc	3 530 59 is_stmt 0              @ ../03_Algorithm_FixedPoint/Algorithm.c:530:59
	adds	r0, r0, r1
.Ltmp327:
	@DEBUG_VALUE: fix16_from_int:a <- $r0
	.loc	2 47 66 is_stmt 1               @ ../03_Algorithm_FixedPoint/FixedPoint.h:47:66
	lsls	r0, r0, #16
.Ltmp328:
	.loc	3 530 24                        @ ../03_Algorithm_FixedPoint/Algorithm.c:530:24
	ldr	r1, __arm_cp.6_21
	ldr	r2, __arm_cp.6_22
	blx	r2
.Ltmp329:
	.loc	3 530 22 is_stmt 0              @ ../03_Algorithm_FixedPoint/Algorithm.c:530:22
	str	r0, [r7, #68]
	movs	r0, #6
	.loc	3 534 40 is_stmt 1              @ ../03_Algorithm_FixedPoint/Algorithm.c:534:40
	ldrsh	r6, [r4, r0]
	movs	r0, #26
	.loc	3 534 27 is_stmt 0              @ ../03_Algorithm_FixedPoint/Algorithm.c:534:27
	ldrsh	r0, [r4, r0]
	.loc	3 534 38                        @ ../03_Algorithm_FixedPoint/Algorithm.c:534:38
	subs	r0, r0, r6
	.loc	3 534 61                        @ ../03_Algorithm_FixedPoint/Algorithm.c:534:61
	lsls	r0, r0, #4
	.loc	3 534 65                        @ ../03_Algorithm_FixedPoint/Algorithm.c:534:65
	ldr	r1, [sp, #68]                   @ 4-byte Reload
	bl	__aeabi_idiv
.Ltmp330:
	@DEBUG_VALUE: __algoLedFixCIE:line_p <- [DW_OP_LLVM_convert 32 7, DW_OP_LLVM_convert 16 7, DW_OP_stack_value] $r0
	.loc	3 535 37 is_stmt 1              @ ../03_Algorithm_FixedPoint/Algorithm.c:535:37
	sxth	r0, r0
.Ltmp331:
	.loc	3 535 44 is_stmt 0              @ ../03_Algorithm_FixedPoint/Algorithm.c:535:44
	muls	r0, r5, r0
	mov	r7, r5
	.loc	3 535 81                        @ ../03_Algorithm_FixedPoint/Algorithm.c:535:81
	lsrs	r0, r0, #4
	.loc	3 535 12                        @ ../03_Algorithm_FixedPoint/Algorithm.c:535:12
	adds	r0, r6, r0
.Ltmp332:
	@DEBUG_VALUE: __algoLedFixCIE:bluep <- $r0
	.loc	3 536 48 is_stmt 1              @ ../03_Algorithm_FixedPoint/Algorithm.c:536:48
	sxth	r1, r0
	ldr	r6, __arm_cp.6_18
	.loc	3 536 62 is_stmt 0              @ ../03_Algorithm_FixedPoint/Algorithm.c:536:62
	ldr	r0, [r6, #44]
.Ltmp333:
	.loc	3 536 53                        @ ../03_Algorithm_FixedPoint/Algorithm.c:536:53
	muls	r0, r1, r0
	.loc	3 536 63                        @ ../03_Algorithm_FixedPoint/Algorithm.c:536:63
	ldr	r1, [sp, #56]                   @ 4-byte Reload
	bl	__aeabi_idiv
.Ltmp334:
	@DEBUG_VALUE: fix16_from_int:a <- $r0
	.loc	2 47 66 is_stmt 1               @ ../03_Algorithm_FixedPoint/FixedPoint.h:47:66
	lsls	r0, r0, #16
.Ltmp335:
	.loc	2 0 66 is_stmt 0                @ ../03_Algorithm_FixedPoint/FixedPoint.h:0:66
	ldr	r1, __arm_cp.6_21
	ldr	r2, __arm_cp.6_22
.Ltmp336:
	.loc	3 536 23 is_stmt 1              @ ../03_Algorithm_FixedPoint/Algorithm.c:536:23
	blx	r2
.Ltmp337:
	.loc	3 536 21 is_stmt 0              @ ../03_Algorithm_FixedPoint/Algorithm.c:536:21
	str	r0, [r6, #80]
	.loc	3 537 23 is_stmt 1              @ ../03_Algorithm_FixedPoint/Algorithm.c:537:23
	ldr	r1, [sp, #52]                   @ 4-byte Reload
	ldr	r2, __arm_cp.6_23
	blx	r2
.Ltmp338:
	.loc	3 537 21 is_stmt 0              @ ../03_Algorithm_FixedPoint/Algorithm.c:537:21
	str	r0, [r6, #80]
	movs	r0, #16
	.loc	3 539 40 is_stmt 1              @ ../03_Algorithm_FixedPoint/Algorithm.c:539:40
	ldrsh	r5, [r4, r0]
	movs	r0, #36
	.loc	3 539 27 is_stmt 0              @ ../03_Algorithm_FixedPoint/Algorithm.c:539:27
	ldrsh	r0, [r4, r0]
	.loc	3 539 38                        @ ../03_Algorithm_FixedPoint/Algorithm.c:539:38
	subs	r0, r0, r5
	.loc	3 539 61                        @ ../03_Algorithm_FixedPoint/Algorithm.c:539:61
	lsls	r0, r0, #4
	ldr	r6, [sp, #68]                   @ 4-byte Reload
	.loc	3 539 65                        @ ../03_Algorithm_FixedPoint/Algorithm.c:539:65
	mov	r1, r6
	bl	__aeabi_idiv
.Ltmp339:
	@DEBUG_VALUE: __algoLedFixCIE:line_p <- [DW_OP_LLVM_convert 32 7, DW_OP_LLVM_convert 16 7, DW_OP_stack_value] $r0
	.loc	3 540 37 is_stmt 1              @ ../03_Algorithm_FixedPoint/Algorithm.c:540:37
	sxth	r0, r0
.Ltmp340:
	.loc	3 540 44 is_stmt 0              @ ../03_Algorithm_FixedPoint/Algorithm.c:540:44
	muls	r0, r7, r0
	.loc	3 540 81                        @ ../03_Algorithm_FixedPoint/Algorithm.c:540:81
	lsrs	r0, r0, #4
	.loc	3 540 12                        @ ../03_Algorithm_FixedPoint/Algorithm.c:540:12
	adds	r0, r5, r0
.Ltmp341:
	@DEBUG_VALUE: __algoLedFixCIE:bluep <- $r0
	.loc	3 0 12                          @ ../03_Algorithm_FixedPoint/Algorithm.c:0:12
	ldr	r5, __arm_cp.6_18
	.loc	3 541 48 is_stmt 1              @ ../03_Algorithm_FixedPoint/Algorithm.c:541:48
	ldrh	r1, [r5, #16]
	.loc	3 541 57 is_stmt 0              @ ../03_Algorithm_FixedPoint/Algorithm.c:541:57
	adds	r0, r0, r1
.Ltmp342:
	@DEBUG_VALUE: fix16_from_int:a <- $r0
	.loc	2 47 66 is_stmt 1               @ ../03_Algorithm_FixedPoint/FixedPoint.h:47:66
	lsls	r0, r0, #16
.Ltmp343:
	.loc	2 0 66 is_stmt 0                @ ../03_Algorithm_FixedPoint/FixedPoint.h:0:66
	ldr	r1, __arm_cp.6_21
.Ltmp344:
	.loc	3 541 23 is_stmt 1              @ ../03_Algorithm_FixedPoint/Algorithm.c:541:23
	ldr	r2, __arm_cp.6_22
	blx	r2
.Ltmp345:
	.loc	3 541 21 is_stmt 0              @ ../03_Algorithm_FixedPoint/Algorithm.c:541:21
	str	r0, [r5, #76]
	movs	r0, #18
	.loc	3 543 40 is_stmt 1              @ ../03_Algorithm_FixedPoint/Algorithm.c:543:40
	ldrsh	r5, [r4, r0]
	movs	r0, #38
	.loc	3 543 27 is_stmt 0              @ ../03_Algorithm_FixedPoint/Algorithm.c:543:27
	ldrsh	r0, [r4, r0]
	.loc	3 543 38                        @ ../03_Algorithm_FixedPoint/Algorithm.c:543:38
	subs	r0, r0, r5
	.loc	3 543 61                        @ ../03_Algorithm_FixedPoint/Algorithm.c:543:61
	lsls	r0, r0, #4
	.loc	3 543 65                        @ ../03_Algorithm_FixedPoint/Algorithm.c:543:65
	mov	r1, r6
	bl	__aeabi_idiv
.Ltmp346:
	@DEBUG_VALUE: __algoLedFixCIE:line_p <- [DW_OP_LLVM_convert 32 7, DW_OP_LLVM_convert 16 7, DW_OP_stack_value] $r0
	.loc	3 544 37 is_stmt 1              @ ../03_Algorithm_FixedPoint/Algorithm.c:544:37
	sxth	r0, r0
.Ltmp347:
	.loc	3 544 44 is_stmt 0              @ ../03_Algorithm_FixedPoint/Algorithm.c:544:44
	muls	r0, r7, r0
	.loc	3 544 81                        @ ../03_Algorithm_FixedPoint/Algorithm.c:544:81
	lsrs	r0, r0, #4
	.loc	3 544 12                        @ ../03_Algorithm_FixedPoint/Algorithm.c:544:12
	adds	r0, r5, r0
.Ltmp348:
	@DEBUG_VALUE: __algoLedFixCIE:bluep <- $r0
	.loc	3 0 12                          @ ../03_Algorithm_FixedPoint/Algorithm.c:0:12
	ldr	r7, __arm_cp.6_18
	.loc	3 545 48 is_stmt 1              @ ../03_Algorithm_FixedPoint/Algorithm.c:545:48
	ldrh	r1, [r7, #20]
	.loc	3 545 57 is_stmt 0              @ ../03_Algorithm_FixedPoint/Algorithm.c:545:57
	adds	r0, r0, r1
.Ltmp349:
	@DEBUG_VALUE: fix16_from_int:a <- $r0
	.loc	2 47 66 is_stmt 1               @ ../03_Algorithm_FixedPoint/FixedPoint.h:47:66
	lsls	r0, r0, #16
.Ltmp350:
	.loc	3 545 23                        @ ../03_Algorithm_FixedPoint/Algorithm.c:545:23
	ldr	r1, __arm_cp.6_21
	ldr	r6, __arm_cp.6_22
	blx	r6
.Ltmp351:
	mov	r4, r0
.Ltmp352:
	@DEBUG_VALUE: fix16_sub:inArg1 <- undef
	@DEBUG_VALUE: __algoGetDutyRatio:outputPWM <- [DW_OP_plus_uconst 48] [$sp+0]
	@DEBUG_VALUE: __algoGetDutyRatio:MxyzY <- [DW_OP_plus_uconst 72, DW_OP_stack_value] $sp
	@DEBUG_VALUE: __algoGetDutyRatio:inputColor <- [DW_OP_plus_uconst 44] [$sp+0]
	.loc	3 568 43                        @ ../03_Algorithm_FixedPoint/Algorithm.c:568:43
	ldr	r0, [r7, #76]
	.loc	3 570 34                        @ ../03_Algorithm_FixedPoint/Algorithm.c:570:34
	str	r0, [sp, #52]                   @ 4-byte Spill
	ldr	r0, [r7, #80]
	.loc	3 568 25                        @ ../03_Algorithm_FixedPoint/Algorithm.c:568:25
	ldr	r1, [sp, #72]
	.loc	3 569 25                        @ ../03_Algorithm_FixedPoint/Algorithm.c:569:25
	str	r1, [sp]                        @ 4-byte Spill
	ldr	r5, [sp, #76]
	.loc	3 570 9                         @ ../03_Algorithm_FixedPoint/Algorithm.c:570:9
	str	r5, [sp, #68]                   @ 4-byte Spill
	mov	r1, r4
	blx	r6
.Ltmp353:
	.loc	3 0 9 is_stmt 0                 @ ../03_Algorithm_FixedPoint/Algorithm.c:0:9
	mov	r7, r6
	.loc	3 570 9                         @ ../03_Algorithm_FixedPoint/Algorithm.c:570:9
	str	r0, [sp, #56]                   @ 4-byte Spill
.Ltmp354:
	@DEBUG_VALUE: __algoGetDutyRatio:duty_r_aa <- [DW_OP_plus_uconst 56] [$sp+0]
	@DEBUG_VALUE: __algoGetDutyRatio:Bm <- [DW_OP_plus_uconst 56] [$sp+0]
	@DEBUG_VALUE: fix16_sub:inArg0 <- $r5
	@DEBUG_VALUE: fix16_sub:inArg1 <- $r4
	.loc	2 114 84 is_stmt 1              @ ../03_Algorithm_FixedPoint/FixedPoint.h:114:84
	subs	r0, r5, r4
.Ltmp355:
	@DEBUG_VALUE: fix16_sub:inArg0 <- undef
	@DEBUG_VALUE: fix16_sub:inArg0 <- undef
	@DEBUG_VALUE: __algoGetDutyRatio:d <- $r0
	.loc	2 0 84 is_stmt 0                @ ../03_Algorithm_FixedPoint/FixedPoint.h:0:84
	str	r0, [sp, #12]                   @ 4-byte Spill
.Ltmp356:
	@DEBUG_VALUE: __algoGetDutyRatio:d <- [DW_OP_plus_uconst 12] [$sp+0]
	@DEBUG_VALUE: __algoGetDutyRatio:d <- [DW_OP_plus_uconst 12] [$sp+0]
	ldr	r4, __arm_cp.6_18
.Ltmp357:
	@DEBUG_VALUE: fix16_sub:inArg0 <- [DW_OP_plus_uconst 68] [$sp+0]
	.loc	3 573 34 is_stmt 1              @ ../03_Algorithm_FixedPoint/Algorithm.c:573:34
	ldr	r0, [r4, #64]
	.loc	3 572 34                        @ ../03_Algorithm_FixedPoint/Algorithm.c:572:34
	str	r0, [sp, #16]                   @ 4-byte Spill
	ldr	r6, [r4, #68]
	.loc	3 574 35                        @ ../03_Algorithm_FixedPoint/Algorithm.c:574:35
	ldr	r0, [r4, #72]
	.loc	3 574 9 is_stmt 0               @ ../03_Algorithm_FixedPoint/Algorithm.c:574:9
	mov	r1, r6
	blx	r7
.Ltmp358:
	str	r0, [sp, #40]                   @ 4-byte Spill
.Ltmp359:
	@DEBUG_VALUE: fix16_sub:inArg0 <- undef
	@DEBUG_VALUE: fix16_sub:inArg0 <- undef
	@DEBUG_VALUE: __algoGetDutyRatio:Gm <- [DW_OP_plus_uconst 40] [$sp+0]
	.loc	3 576 32 is_stmt 1              @ ../03_Algorithm_FixedPoint/Algorithm.c:576:32
	ldr	r1, [r4, #52]
	.loc	3 577 32                        @ ../03_Algorithm_FixedPoint/Algorithm.c:577:32
	str	r1, [sp, #20]                   @ 4-byte Spill
	ldr	r1, [r4, #56]
	.loc	3 578 33                        @ ../03_Algorithm_FixedPoint/Algorithm.c:578:33
	str	r1, [sp, #4]                    @ 4-byte Spill
	ldr	r0, [r4, #60]
	.loc	3 578 9 is_stmt 0               @ ../03_Algorithm_FixedPoint/Algorithm.c:578:9
	blx	r7
.Ltmp360:
	str	r0, [sp, #24]                   @ 4-byte Spill
.Ltmp361:
	@DEBUG_VALUE: __algoGetDutyRatio:duty_b_aa <- [DW_OP_plus_uconst 24] [$sp+0]
	@DEBUG_VALUE: __algoGetDutyRatio:duty_g_aa <- [DW_OP_plus_uconst 24] [$sp+0]
	@DEBUG_VALUE: __algoGetDutyRatio:Rm <- [DW_OP_plus_uconst 24] [$sp+0]
	.loc	3 0 9                           @ ../03_Algorithm_FixedPoint/Algorithm.c:0:9
	ldr	r7, [sp]                        @ 4-byte Reload
.Ltmp362:
	.loc	2 114 84 is_stmt 1              @ ../03_Algorithm_FixedPoint/FixedPoint.h:114:84
	ldr	r0, [sp, #52]                   @ 4-byte Reload
.Ltmp363:
	@DEBUG_VALUE: fix16_sub:inArg0 <- $r7
	@DEBUG_VALUE: fix16_sub:inArg1 <- $r0
	subs	r1, r7, r0
.Ltmp364:
	@DEBUG_VALUE: __algoGetDutyRatio:a <- $r1
	.loc	2 114 84 is_stmt 0              @ ../03_Algorithm_FixedPoint/FixedPoint.h:114:84
	str	r1, [sp, #8]                    @ 4-byte Spill
	ldr	r0, [sp, #68]                   @ 4-byte Reload
.Ltmp365:
	@DEBUG_VALUE: fix16_sub:inArg1 <- $r0
	@DEBUG_VALUE: fix16_sub:inArg0 <- $r6
	subs	r5, r6, r0
.Ltmp366:
	@DEBUG_VALUE: __algoGetDutyRatio:b <- $r5
	@DEBUG_VALUE: fix16_sub:inArg1 <- [DW_OP_plus_uconst 68] [$sp+0]
	.loc	3 582 12 is_stmt 1              @ ../03_Algorithm_FixedPoint/Algorithm.c:582:12
	mov	r0, r1
.Ltmp367:
	@DEBUG_VALUE: __algoGetDutyRatio:a <- [DW_OP_plus_uconst 8] [$sp+0]
	mov	r1, r5
	ldr	r4, __arm_cp.6_23
	blx	r4
.Ltmp368:
	str	r0, [sp, #28]                   @ 4-byte Spill
.Ltmp369:
	@DEBUG_VALUE: __algoGetDutyRatio:R_all <- [DW_OP_plus_uconst 28] [$sp+0]
	.loc	2 114 84                        @ ../03_Algorithm_FixedPoint/FixedPoint.h:114:84
	ldr	r0, [sp, #20]                   @ 4-byte Reload
.Ltmp370:
	@DEBUG_VALUE: fix16_sub:inArg1 <- $r7
	@DEBUG_VALUE: fix16_sub:inArg0 <- $r0
	subs	r6, r0, r7
.Ltmp371:
	@DEBUG_VALUE: __algoGetDutyRatio:e <- $r6
	.loc	3 583 12                        @ ../03_Algorithm_FixedPoint/Algorithm.c:583:12
	mov	r0, r6
.Ltmp372:
	mov	r1, r5
	blx	r4
.Ltmp373:
	str	r0, [sp, #52]                   @ 4-byte Spill
.Ltmp374:
	@DEBUG_VALUE: __algoGetDutyRatio:B_all <- [DW_OP_plus_uconst 52] [$sp+0]
	.loc	3 0 12 is_stmt 0                @ ../03_Algorithm_FixedPoint/Algorithm.c:0:12
	ldr	r5, [sp, #12]                   @ 4-byte Reload
.Ltmp375:
	@DEBUG_VALUE: __algoGetDutyRatio:d <- $r5
	.loc	3 584 12 is_stmt 1              @ ../03_Algorithm_FixedPoint/Algorithm.c:584:12
	mov	r0, r5
	mov	r1, r6
	blx	r4
.Ltmp376:
	str	r0, [sp, #20]                   @ 4-byte Spill
.Ltmp377:
	@DEBUG_VALUE: __algoGetDutyRatio:G_all <- [DW_OP_plus_uconst 20] [$sp+0]
	.loc	2 114 84                        @ ../03_Algorithm_FixedPoint/FixedPoint.h:114:84
	ldr	r0, [sp, #16]                   @ 4-byte Reload
.Ltmp378:
	@DEBUG_VALUE: fix16_sub:inArg1 <- $r7
	@DEBUG_VALUE: fix16_sub:inArg0 <- $r0
	subs	r7, r0, r7
.Ltmp379:
	@DEBUG_VALUE: __algoGetDutyRatio:c <- $r7
	.loc	3 585 29                        @ ../03_Algorithm_FixedPoint/Algorithm.c:585:29
	mov	r0, r7
.Ltmp380:
	mov	r1, r5
	blx	r4
.Ltmp381:
	str	r0, [sp, #12]                   @ 4-byte Spill
.Ltmp382:
	.loc	2 114 84                        @ ../03_Algorithm_FixedPoint/FixedPoint.h:114:84
	ldr	r0, [sp, #68]                   @ 4-byte Reload
	ldr	r1, [sp, #4]                    @ 4-byte Reload
.Ltmp383:
	@DEBUG_VALUE: fix16_sub:inArg1 <- undef
	@DEBUG_VALUE: fix16_sub:inArg0 <- $r1
	subs	r5, r1, r0
.Ltmp384:
	@DEBUG_VALUE: __algoGetDutyRatio:f <- $r5
	.loc	3 586 29                        @ ../03_Algorithm_FixedPoint/Algorithm.c:586:29
	mov	r0, r7
	mov	r1, r5
.Ltmp385:
	blx	r4
.Ltmp386:
	str	r0, [sp, #16]                   @ 4-byte Spill
	.loc	3 587 29                        @ ../03_Algorithm_FixedPoint/Algorithm.c:587:29
	mov	r0, r5
	ldr	r1, [sp, #8]                    @ 4-byte Reload
	blx	r4
.Ltmp387:
	str	r0, [sp, #8]                    @ 4-byte Spill
	ldr	r5, [sp, #56]                   @ 4-byte Reload
.Ltmp388:
	@DEBUG_VALUE: __algoGetDutyRatio:duty_r_aa <- $r5
	@DEBUG_VALUE: __algoGetDutyRatio:Bm <- $r5
	.loc	3 595 16                        @ ../03_Algorithm_FixedPoint/Algorithm.c:595:16
	mov	r0, r5
	ldr	r6, [sp, #40]                   @ 4-byte Reload
.Ltmp389:
	@DEBUG_VALUE: __algoGetDutyRatio:Gm <- $r6
	mov	r1, r6
	blx	r4
.Ltmp390:
	str	r0, [sp, #68]                   @ 4-byte Spill
.Ltmp391:
	@DEBUG_VALUE: __algoGetDutyRatio:duty_r_aa <- [DW_OP_plus_uconst 68] [$sp+0]
	.loc	3 0 16 is_stmt 0                @ ../03_Algorithm_FixedPoint/Algorithm.c:0:16
	ldr	r7, [sp, #24]                   @ 4-byte Reload
.Ltmp392:
	@DEBUG_VALUE: __algoGetDutyRatio:duty_b_aa <- $r7
	@DEBUG_VALUE: __algoGetDutyRatio:duty_g_aa <- $r7
	@DEBUG_VALUE: __algoGetDutyRatio:Rm <- $r7
	.loc	3 596 16 is_stmt 1              @ ../03_Algorithm_FixedPoint/Algorithm.c:596:16
	mov	r0, r7
	mov	r1, r5
	blx	r4
.Ltmp393:
	mov	r5, r0
.Ltmp394:
	@DEBUG_VALUE: __algoGetDutyRatio:duty_g_aa <- $r5
	.loc	3 597 16                        @ ../03_Algorithm_FixedPoint/Algorithm.c:597:16
	mov	r0, r7
	mov	r1, r6
	blx	r4
.Ltmp395:
	mov	r6, r0
.Ltmp396:
	@DEBUG_VALUE: __algoGetDutyRatio:duty_b_aa <- $r6
	.loc	2 114 84                        @ ../03_Algorithm_FixedPoint/FixedPoint.h:114:84
	ldr	r0, [sp, #28]                   @ 4-byte Reload
.Ltmp397:
	@DEBUG_VALUE: __algoGetDutyRatio:R_all <- $r0
	ldr	r1, [sp, #12]                   @ 4-byte Reload
.Ltmp398:
	@DEBUG_VALUE: fix16_sub:inArg1 <- $r1
	@DEBUG_VALUE: fix16_sub:inArg0 <- $r0
	subs	r1, r0, r1
.Ltmp399:
	@DEBUG_VALUE: __algoGetDutyRatio:R_all <- $r1
	.loc	3 598 16                        @ ../03_Algorithm_FixedPoint/Algorithm.c:598:16
	ldr	r0, [sp, #68]                   @ 4-byte Reload
.Ltmp400:
	blx	r4
.Ltmp401:
	str	r0, [sp, #68]                   @ 4-byte Spill
.Ltmp402:
	@DEBUG_VALUE: __algoGetDutyRatio:duty_r_aa <- undef
	.loc	2 114 84                        @ ../03_Algorithm_FixedPoint/FixedPoint.h:114:84
	ldr	r0, [sp, #20]                   @ 4-byte Reload
.Ltmp403:
	@DEBUG_VALUE: __algoGetDutyRatio:G_all <- $r0
	ldr	r1, [sp, #8]                    @ 4-byte Reload
.Ltmp404:
	@DEBUG_VALUE: fix16_sub:inArg1 <- $r1
	@DEBUG_VALUE: fix16_sub:inArg0 <- $r0
	subs	r1, r0, r1
.Ltmp405:
	@DEBUG_VALUE: __algoGetDutyRatio:G_all <- $r1
	.loc	3 599 16                        @ ../03_Algorithm_FixedPoint/Algorithm.c:599:16
	mov	r0, r5
.Ltmp406:
	blx	r4
.Ltmp407:
	str	r0, [sp, #56]                   @ 4-byte Spill
.Ltmp408:
	@DEBUG_VALUE: __algoGetDutyRatio:duty_g_aa <- undef
	.loc	2 114 84                        @ ../03_Algorithm_FixedPoint/FixedPoint.h:114:84
	ldr	r0, [sp, #52]                   @ 4-byte Reload
.Ltmp409:
	@DEBUG_VALUE: __algoGetDutyRatio:B_all <- $r0
	ldr	r1, [sp, #16]                   @ 4-byte Reload
.Ltmp410:
	@DEBUG_VALUE: fix16_sub:inArg1 <- $r1
	@DEBUG_VALUE: fix16_sub:inArg0 <- $r0
	subs	r1, r0, r1
.Ltmp411:
	@DEBUG_VALUE: __algoGetDutyRatio:B_all <- $r1
	.loc	3 600 16                        @ ../03_Algorithm_FixedPoint/Algorithm.c:600:16
	mov	r0, r6
.Ltmp412:
	blx	r4
.Ltmp413:
	.loc	3 0 16 is_stmt 0                @ ../03_Algorithm_FixedPoint/Algorithm.c:0:16
	mov	r7, r4
.Ltmp414:
	.loc	3 600 16                        @ ../03_Algorithm_FixedPoint/Algorithm.c:600:16
	str	r0, [sp, #52]                   @ 4-byte Spill
.Ltmp415:
	@DEBUG_VALUE: __algoGetDutyRatio:duty_b_aa <- [DW_OP_plus_uconst 52] [$sp+0]
	.loc	3 604 68 is_stmt 1              @ ../03_Algorithm_FixedPoint/Algorithm.c:604:68
	ldr	r0, [sp, #44]                   @ 4-byte Reload
.Ltmp416:
	@DEBUG_VALUE: __algoGetDutyRatio:inputColor <- $r0
	ldr	r0, [r0, #12]
.Ltmp417:
	@DEBUG_VALUE: __algoGetDutyRatio:inputColor <- [DW_OP_plus_uconst 44] [$sp+0]
	.loc	3 604 78 is_stmt 0              @ ../03_Algorithm_FixedPoint/Algorithm.c:604:78
	lsrs	r1, r0, #31
	adds	r0, r0, r1
.Ltmp418:
	@DEBUG_VALUE: fix16_from_int:a <- undef
	.loc	2 47 66 is_stmt 1               @ ../03_Algorithm_FixedPoint/FixedPoint.h:47:66
	lsrs	r0, r0, #1
	lsls	r1, r0, #16
.Ltmp419:
	.loc	3 604 12                        @ ../03_Algorithm_FixedPoint/Algorithm.c:604:12
	ldr	r0, [sp, #36]                   @ 4-byte Reload
.Ltmp420:
	@DEBUG_VALUE: algoGetPWMOutput:targetColor <- [DW_OP_LLVM_fragment 64 32] $r0
	blx	r4
.Ltmp421:
	@DEBUG_VALUE: __algoGetDutyRatio:mix_Y <- $r0
	.loc	3 0 12 is_stmt 0                @ ../03_Algorithm_FixedPoint/Algorithm.c:0:12
	ldr	r1, __arm_cp.6_24
	.loc	3 606 12 is_stmt 1              @ ../03_Algorithm_FixedPoint/Algorithm.c:606:12
	blx	r4
.Ltmp422:
	@DEBUG_VALUE: __algoGetDutyRatio:mix_Y <- $r0
	.loc	3 0 12 is_stmt 0                @ ../03_Algorithm_FixedPoint/Algorithm.c:0:12
	ldr	r1, [sp, #64]                   @ 4-byte Reload
	lsls	r1, r1, #10
	.loc	3 608 12 is_stmt 1              @ ../03_Algorithm_FixedPoint/Algorithm.c:608:12
	blx	r4
.Ltmp423:
	str	r0, [sp, #40]                   @ 4-byte Spill
.Ltmp424:
	@DEBUG_VALUE: __algoGetDutyRatio:mix_Y <- [DW_OP_plus_uconst 40] [$sp+0]
	.loc	3 0 12 is_stmt 0                @ ../03_Algorithm_FixedPoint/Algorithm.c:0:12
	ldr	r5, __arm_cp.6_18
	.loc	3 612 53 is_stmt 1              @ ../03_Algorithm_FixedPoint/Algorithm.c:612:53
	ldr	r0, [r5, #60]
.Ltmp425:
	@DEBUG_VALUE: __algoGetDutyRatio:duty_r_aa <- [DW_OP_plus_uconst 68] [$sp+0]
	.loc	3 612 29 is_stmt 0              @ ../03_Algorithm_FixedPoint/Algorithm.c:612:29
	ldr	r1, [sp, #68]                   @ 4-byte Reload
	blx	r4
.Ltmp426:
	mov	r6, r0
	.loc	3 613 55 is_stmt 1              @ ../03_Algorithm_FixedPoint/Algorithm.c:613:55
	ldr	r0, [r5, #72]
.Ltmp427:
	@DEBUG_VALUE: __algoGetDutyRatio:duty_g_aa <- [DW_OP_plus_uconst 56] [$sp+0]
	.loc	3 613 29 is_stmt 0              @ ../03_Algorithm_FixedPoint/Algorithm.c:613:29
	ldr	r1, [sp, #56]                   @ 4-byte Reload
	blx	r4
.Ltmp428:
	@DEBUG_VALUE: fix16_add:inArg1 <- $r0
	@DEBUG_VALUE: fix16_add:inArg0 <- $r6
	.loc	2 103 84 is_stmt 1              @ ../03_Algorithm_FixedPoint/FixedPoint.h:103:84
	adds	r5, r0, r6
.Ltmp429:
	@DEBUG_VALUE: __algoGetDutyRatio:temp <- $r5
	.loc	3 615 52                        @ ../03_Algorithm_FixedPoint/Algorithm.c:615:52
	ldr	r0, __arm_cp.6_18
.Ltmp430:
	ldr	r0, [r0, #80]
	ldr	r4, [sp, #52]                   @ 4-byte Reload
.Ltmp431:
	@DEBUG_VALUE: __algoGetDutyRatio:duty_b_aa <- $r4
	.loc	3 615 27 is_stmt 0              @ ../03_Algorithm_FixedPoint/Algorithm.c:615:27
	mov	r1, r4
	blx	r7
.Ltmp432:
	@DEBUG_VALUE: fix16_add:inArg0 <- $r5
	@DEBUG_VALUE: fix16_add:inArg1 <- $r0
	.loc	2 103 84 is_stmt 1              @ ../03_Algorithm_FixedPoint/FixedPoint.h:103:84
	adds	r1, r5, r0
.Ltmp433:
	@DEBUG_VALUE: __algoGetDutyRatio:temp <- $r1
	.loc	3 616 11                        @ ../03_Algorithm_FixedPoint/Algorithm.c:616:11
	ldr	r0, [sp, #40]                   @ 4-byte Reload
.Ltmp434:
	ldr	r2, __arm_cp.6_22
	blx	r2
.Ltmp435:
	mov	r5, r0
.Ltmp436:
	@DEBUG_VALUE: __algoGetDutyRatio:temp <- $r5
	.loc	3 629 16                        @ ../03_Algorithm_FixedPoint/Algorithm.c:629:16
	ldr	r0, [sp, #68]                   @ 4-byte Reload
	mov	r1, r5
	blx	r7
.Ltmp437:
	mov	r6, r0
.Ltmp438:
	@DEBUG_VALUE: __algoGetDutyRatio:duty_r_aa <- $r6
	.loc	3 630 17                        @ ../03_Algorithm_FixedPoint/Algorithm.c:630:17
	ldr	r0, [sp, #56]                   @ 4-byte Reload
	mov	r1, r5
	blx	r7
.Ltmp439:
	.loc	3 0 17 is_stmt 0                @ ../03_Algorithm_FixedPoint/Algorithm.c:0:17
	mov	r2, r7
	.loc	3 630 17                        @ ../03_Algorithm_FixedPoint/Algorithm.c:630:17
	mov	r7, r0
	@DEBUG_VALUE: fix16_min:x <- $r7
.Ltmp440:
	@DEBUG_VALUE: __algoGetDutyRatio:duty_g_aa <- $r7
	.loc	3 631 17 is_stmt 1              @ ../03_Algorithm_FixedPoint/Algorithm.c:631:17
	mov	r0, r4
	mov	r1, r5
	blx	r2
.Ltmp441:
	mov	r4, r0
.Ltmp442:
	@DEBUG_VALUE: fix16_min:x <- $r4
	@DEBUG_VALUE: fix16_min:y <- 65536
	@DEBUG_VALUE: __algoGetDutyRatio:duty_b_aa <- $r4
	.loc	3 0 17 is_stmt 0                @ ../03_Algorithm_FixedPoint/Algorithm.c:0:17
	ldr	r0, [sp, #60]                   @ 4-byte Reload
.Ltmp443:
	@DEBUG_VALUE: fix16_min:y <- 65536
	@DEBUG_VALUE: fix16_min:x <- $r6
	.loc	2 32 11 is_stmt 1               @ ../03_Algorithm_FixedPoint/FixedPoint.h:32:11
	cmp	r6, r0
	blt	.LBB6_62
.Ltmp444:
@ %bb.61:
	@DEBUG_VALUE: fix16_min:x <- $r6
	@DEBUG_VALUE: fix16_min:y <- 65536
	@DEBUG_VALUE: fix16_min:y <- 65536
	@DEBUG_VALUE: fix16_min:x <- $r4
	@DEBUG_VALUE: fix16_min:x <- $r7
	@DEBUG_VALUE: __algoGetDutyRatio:duty_r_aa <- $r6
	@DEBUG_VALUE: __algoGetDutyRatio:duty_b_aa <- $r4
	@DEBUG_VALUE: __algoGetDutyRatio:temp <- $r5
	@DEBUG_VALUE: __algoGetDutyRatio:mix_Y <- [DW_OP_plus_uconst 40] [$sp+0]
	@DEBUG_VALUE: __algoGetDutyRatio:duty_g_aa <- $r7
	@DEBUG_VALUE: __algoGetDutyRatio:a <- [DW_OP_plus_uconst 8] [$sp+0]
	@DEBUG_VALUE: fix16_sub:inArg1 <- [DW_OP_plus_uconst 68] [$sp+0]
	@DEBUG_VALUE: fix16_sub:inArg0 <- [DW_OP_plus_uconst 68] [$sp+0]
	@DEBUG_VALUE: __algoGetDutyRatio:inputColor <- [DW_OP_plus_uconst 44] [$sp+0]
	@DEBUG_VALUE: __algoGetDutyRatio:MxyzY <- [DW_OP_plus_uconst 72, DW_OP_stack_value] $sp
	@DEBUG_VALUE: __algoGetDutyRatio:outputPWM <- [DW_OP_plus_uconst 48] [$sp+0]
	@DEBUG_VALUE: __algoLedFixCIE:fixLevel <- -1
	@DEBUG_VALUE: algoGetPWMOutput:targetColor <- [DW_OP_plus_uconst 72, DW_OP_deref, DW_OP_LLVM_fragment 0 64] $sp
	@DEBUG_VALUE: algoGetPWMOutput:inputColor <- [DW_OP_plus_uconst 44] [$sp+0]
	@DEBUG_VALUE: algoGetPWMOutput:outputPWM <- [DW_OP_plus_uconst 48] [$sp+0]
	.loc	2 0 11 is_stmt 0                @ ../03_Algorithm_FixedPoint/FixedPoint.h:0:11
	mov	r6, r0
.Ltmp445:
.LBB6_62:
	@DEBUG_VALUE: __algoGetDutyRatio:duty_b_aa <- $r4
	@DEBUG_VALUE: __algoGetDutyRatio:temp <- $r5
	@DEBUG_VALUE: __algoGetDutyRatio:mix_Y <- [DW_OP_plus_uconst 40] [$sp+0]
	@DEBUG_VALUE: __algoGetDutyRatio:duty_g_aa <- $r7
	@DEBUG_VALUE: __algoGetDutyRatio:a <- [DW_OP_plus_uconst 8] [$sp+0]
	@DEBUG_VALUE: __algoGetDutyRatio:inputColor <- [DW_OP_plus_uconst 44] [$sp+0]
	@DEBUG_VALUE: __algoGetDutyRatio:MxyzY <- [DW_OP_plus_uconst 72, DW_OP_stack_value] $sp
	@DEBUG_VALUE: __algoGetDutyRatio:outputPWM <- [DW_OP_plus_uconst 48] [$sp+0]
	@DEBUG_VALUE: algoGetPWMOutput:targetColor <- [DW_OP_plus_uconst 72, DW_OP_deref, DW_OP_LLVM_fragment 0 64] $sp
	@DEBUG_VALUE: algoGetPWMOutput:inputColor <- [DW_OP_plus_uconst 44] [$sp+0]
	@DEBUG_VALUE: algoGetPWMOutput:outputPWM <- [DW_OP_plus_uconst 48] [$sp+0]
	@DEBUG_VALUE: __algoGetDutyRatio:duty_r_aa <- $r6
	@DEBUG_VALUE: fix16_min:y <- 65536
	@DEBUG_VALUE: fix16_max:x <- $r6
	@DEBUG_VALUE: fix16_max:y <- 0
	.loc	2 37 11 is_stmt 1               @ ../03_Algorithm_FixedPoint/FixedPoint.h:37:11
	asrs	r0, r6, #31
	bics	r6, r0
.Ltmp446:
	@DEBUG_VALUE: __algoGetDutyRatio:duty_r_aa <- $r6
	.loc	2 0 11 is_stmt 0                @ ../03_Algorithm_FixedPoint/FixedPoint.h:0:11
	ldr	r0, [sp, #32]                   @ 4-byte Reload
	lsls	r5, r0, #24
.Ltmp447:
	.loc	3 641 17 is_stmt 1              @ ../03_Algorithm_FixedPoint/Algorithm.c:641:17
	mov	r0, r6
	mov	r1, r5
	ldr	r2, __arm_cp.6_23
	blx	r2
.Ltmp448:
	@DEBUG_VALUE: __algoGetDutyRatio:duty_r_aa <- $r0
	.loc	3 0 17 is_stmt 0                @ ../03_Algorithm_FixedPoint/Algorithm.c:0:17
	ldr	r1, [sp, #64]                   @ 4-byte Reload
	lsls	r1, r1, #15
	str	r1, [sp, #52]                   @ 4-byte Spill
	ldr	r1, __arm_cp.6_25
.Ltmp449:
	@DEBUG_VALUE: fix16_to_int:a <- $r0
	.loc	2 61 13 is_stmt 1               @ ../03_Algorithm_FixedPoint/FixedPoint.h:61:13
	cmp	r0, #0
	str	r1, [sp, #56]                   @ 4-byte Spill
	bmi	.LBB6_64
.Ltmp450:
@ %bb.63:
	@DEBUG_VALUE: fix16_to_int:a <- $r0
	@DEBUG_VALUE: __algoGetDutyRatio:duty_r_aa <- $r0
	@DEBUG_VALUE: fix16_max:y <- 0
	@DEBUG_VALUE: fix16_min:y <- 65536
	@DEBUG_VALUE: __algoGetDutyRatio:duty_b_aa <- $r4
	@DEBUG_VALUE: __algoGetDutyRatio:mix_Y <- [DW_OP_plus_uconst 40] [$sp+0]
	@DEBUG_VALUE: __algoGetDutyRatio:duty_g_aa <- $r7
	@DEBUG_VALUE: __algoGetDutyRatio:a <- [DW_OP_plus_uconst 8] [$sp+0]
	@DEBUG_VALUE: __algoGetDutyRatio:inputColor <- [DW_OP_plus_uconst 44] [$sp+0]
	@DEBUG_VALUE: __algoGetDutyRatio:MxyzY <- [DW_OP_plus_uconst 72, DW_OP_stack_value] $sp
	@DEBUG_VALUE: __algoGetDutyRatio:outputPWM <- [DW_OP_plus_uconst 48] [$sp+0]
	@DEBUG_VALUE: algoGetPWMOutput:targetColor <- [DW_OP_plus_uconst 72, DW_OP_deref, DW_OP_LLVM_fragment 0 64] $sp
	@DEBUG_VALUE: algoGetPWMOutput:inputColor <- [DW_OP_plus_uconst 44] [$sp+0]
	@DEBUG_VALUE: algoGetPWMOutput:outputPWM <- [DW_OP_plus_uconst 48] [$sp+0]
	.loc	2 0 13 is_stmt 0                @ ../03_Algorithm_FixedPoint/FixedPoint.h:0:13
	ldr	r1, [sp, #52]                   @ 4-byte Reload
.Ltmp451:
.LBB6_64:
	@DEBUG_VALUE: fix16_to_int:a <- $r0
	@DEBUG_VALUE: __algoGetDutyRatio:duty_r_aa <- $r0
	@DEBUG_VALUE: __algoGetDutyRatio:duty_b_aa <- $r4
	@DEBUG_VALUE: __algoGetDutyRatio:mix_Y <- [DW_OP_plus_uconst 40] [$sp+0]
	@DEBUG_VALUE: __algoGetDutyRatio:duty_g_aa <- $r7
	@DEBUG_VALUE: __algoGetDutyRatio:a <- [DW_OP_plus_uconst 8] [$sp+0]
	@DEBUG_VALUE: __algoGetDutyRatio:inputColor <- [DW_OP_plus_uconst 44] [$sp+0]
	@DEBUG_VALUE: __algoGetDutyRatio:MxyzY <- [DW_OP_plus_uconst 72, DW_OP_stack_value] $sp
	@DEBUG_VALUE: __algoGetDutyRatio:outputPWM <- [DW_OP_plus_uconst 48] [$sp+0]
	@DEBUG_VALUE: algoGetPWMOutput:targetColor <- [DW_OP_plus_uconst 72, DW_OP_deref, DW_OP_LLVM_fragment 0 64] $sp
	@DEBUG_VALUE: algoGetPWMOutput:inputColor <- [DW_OP_plus_uconst 44] [$sp+0]
	@DEBUG_VALUE: algoGetPWMOutput:outputPWM <- [DW_OP_plus_uconst 48] [$sp+0]
	.loc	2 61 13                         @ ../03_Algorithm_FixedPoint/FixedPoint.h:61:13
	adds	r0, r1, r0
.Ltmp452:
	.loc	2 0 0                           @ ../03_Algorithm_FixedPoint/FixedPoint.h:0:0
	asrs	r1, r0, #31
	lsrs	r1, r1, #16
	adds	r0, r0, r1
.Ltmp453:
	@DEBUG_VALUE: __algoGetDutyRatio:duty_R <- undef
	ldr	r1, [sp, #60]                   @ 4-byte Reload
.Ltmp454:
	.loc	2 32 11 is_stmt 1               @ ../03_Algorithm_FixedPoint/FixedPoint.h:32:11
	cmp	r7, r1
	blt	.LBB6_66
.Ltmp455:
@ %bb.65:
	@DEBUG_VALUE: __algoGetDutyRatio:duty_b_aa <- $r4
	@DEBUG_VALUE: __algoGetDutyRatio:mix_Y <- [DW_OP_plus_uconst 40] [$sp+0]
	@DEBUG_VALUE: __algoGetDutyRatio:duty_g_aa <- $r7
	@DEBUG_VALUE: __algoGetDutyRatio:a <- [DW_OP_plus_uconst 8] [$sp+0]
	@DEBUG_VALUE: __algoGetDutyRatio:inputColor <- [DW_OP_plus_uconst 44] [$sp+0]
	@DEBUG_VALUE: __algoGetDutyRatio:MxyzY <- [DW_OP_plus_uconst 72, DW_OP_stack_value] $sp
	@DEBUG_VALUE: __algoGetDutyRatio:outputPWM <- [DW_OP_plus_uconst 48] [$sp+0]
	@DEBUG_VALUE: algoGetPWMOutput:targetColor <- [DW_OP_plus_uconst 72, DW_OP_deref, DW_OP_LLVM_fragment 0 64] $sp
	@DEBUG_VALUE: algoGetPWMOutput:inputColor <- [DW_OP_plus_uconst 44] [$sp+0]
	@DEBUG_VALUE: algoGetPWMOutput:outputPWM <- [DW_OP_plus_uconst 48] [$sp+0]
	.loc	2 0 11 is_stmt 0                @ ../03_Algorithm_FixedPoint/FixedPoint.h:0:11
	mov	r7, r1
.Ltmp456:
.LBB6_66:
	@DEBUG_VALUE: __algoGetDutyRatio:duty_b_aa <- $r4
	@DEBUG_VALUE: __algoGetDutyRatio:mix_Y <- [DW_OP_plus_uconst 40] [$sp+0]
	@DEBUG_VALUE: __algoGetDutyRatio:a <- [DW_OP_plus_uconst 8] [$sp+0]
	@DEBUG_VALUE: __algoGetDutyRatio:inputColor <- [DW_OP_plus_uconst 44] [$sp+0]
	@DEBUG_VALUE: __algoGetDutyRatio:MxyzY <- [DW_OP_plus_uconst 72, DW_OP_stack_value] $sp
	@DEBUG_VALUE: __algoGetDutyRatio:outputPWM <- [DW_OP_plus_uconst 48] [$sp+0]
	@DEBUG_VALUE: algoGetPWMOutput:targetColor <- [DW_OP_plus_uconst 72, DW_OP_deref, DW_OP_LLVM_fragment 0 64] $sp
	@DEBUG_VALUE: algoGetPWMOutput:inputColor <- [DW_OP_plus_uconst 44] [$sp+0]
	@DEBUG_VALUE: algoGetPWMOutput:outputPWM <- [DW_OP_plus_uconst 48] [$sp+0]
	asrs	r6, r0, #16
.Ltmp457:
	@DEBUG_VALUE: fix16_max:y <- 0
	@DEBUG_VALUE: fix16_max:x <- $r7
	@DEBUG_VALUE: __algoGetDutyRatio:duty_R <- $r6
	@DEBUG_VALUE: __algoGetDutyRatio:duty_g_aa <- $r7
	.loc	2 37 11 is_stmt 1               @ ../03_Algorithm_FixedPoint/FixedPoint.h:37:11
	asrs	r0, r7, #31
	bics	r7, r0
.Ltmp458:
	@DEBUG_VALUE: __algoGetDutyRatio:duty_g_aa <- $r7
	.loc	3 642 17                        @ ../03_Algorithm_FixedPoint/Algorithm.c:642:17
	mov	r0, r7
	mov	r1, r5
	ldr	r2, __arm_cp.6_23
	blx	r2
.Ltmp459:
	.loc	3 0 17 is_stmt 0                @ ../03_Algorithm_FixedPoint/Algorithm.c:0:17
	ldr	r1, [sp, #60]                   @ 4-byte Reload
	.loc	3 642 17                        @ ../03_Algorithm_FixedPoint/Algorithm.c:642:17
	str	r0, [sp, #40]                   @ 4-byte Spill
	@DEBUG_VALUE: fix16_to_int:a <- [DW_OP_plus_uconst 40] [$sp+0]
.Ltmp460:
	@DEBUG_VALUE: __algoGetDutyRatio:duty_g_aa <- [DW_OP_plus_uconst 40] [$sp+0]
	.loc	2 32 11 is_stmt 1               @ ../03_Algorithm_FixedPoint/FixedPoint.h:32:11
	cmp	r4, r1
	blt	.LBB6_68
.Ltmp461:
@ %bb.67:
	@DEBUG_VALUE: __algoGetDutyRatio:duty_g_aa <- [DW_OP_plus_uconst 40] [$sp+0]
	@DEBUG_VALUE: fix16_to_int:a <- [DW_OP_plus_uconst 40] [$sp+0]
	@DEBUG_VALUE: __algoGetDutyRatio:duty_R <- $r6
	@DEBUG_VALUE: fix16_max:y <- 0
	@DEBUG_VALUE: __algoGetDutyRatio:duty_b_aa <- $r4
	@DEBUG_VALUE: __algoGetDutyRatio:mix_Y <- [DW_OP_plus_uconst 40] [$sp+0]
	@DEBUG_VALUE: __algoGetDutyRatio:a <- [DW_OP_plus_uconst 8] [$sp+0]
	@DEBUG_VALUE: __algoGetDutyRatio:inputColor <- [DW_OP_plus_uconst 44] [$sp+0]
	@DEBUG_VALUE: __algoGetDutyRatio:MxyzY <- [DW_OP_plus_uconst 72, DW_OP_stack_value] $sp
	@DEBUG_VALUE: __algoGetDutyRatio:outputPWM <- [DW_OP_plus_uconst 48] [$sp+0]
	@DEBUG_VALUE: algoGetPWMOutput:targetColor <- [DW_OP_plus_uconst 72, DW_OP_deref, DW_OP_LLVM_fragment 0 64] $sp
	@DEBUG_VALUE: algoGetPWMOutput:inputColor <- [DW_OP_plus_uconst 44] [$sp+0]
	@DEBUG_VALUE: algoGetPWMOutput:outputPWM <- [DW_OP_plus_uconst 48] [$sp+0]
	.loc	2 0 11 is_stmt 0                @ ../03_Algorithm_FixedPoint/FixedPoint.h:0:11
	mov	r4, r1
.Ltmp462:
.LBB6_68:
	@DEBUG_VALUE: __algoGetDutyRatio:duty_g_aa <- [DW_OP_plus_uconst 40] [$sp+0]
	@DEBUG_VALUE: __algoGetDutyRatio:duty_R <- $r6
	@DEBUG_VALUE: __algoGetDutyRatio:mix_Y <- [DW_OP_plus_uconst 40] [$sp+0]
	@DEBUG_VALUE: __algoGetDutyRatio:a <- [DW_OP_plus_uconst 8] [$sp+0]
	@DEBUG_VALUE: __algoGetDutyRatio:inputColor <- [DW_OP_plus_uconst 44] [$sp+0]
	@DEBUG_VALUE: __algoGetDutyRatio:MxyzY <- [DW_OP_plus_uconst 72, DW_OP_stack_value] $sp
	@DEBUG_VALUE: __algoGetDutyRatio:outputPWM <- [DW_OP_plus_uconst 48] [$sp+0]
	@DEBUG_VALUE: algoGetPWMOutput:targetColor <- [DW_OP_plus_uconst 72, DW_OP_deref, DW_OP_LLVM_fragment 0 64] $sp
	@DEBUG_VALUE: algoGetPWMOutput:inputColor <- [DW_OP_plus_uconst 44] [$sp+0]
	@DEBUG_VALUE: algoGetPWMOutput:outputPWM <- [DW_OP_plus_uconst 48] [$sp+0]
	@DEBUG_VALUE: __algoGetDutyRatio:duty_b_aa <- $r4
	@DEBUG_VALUE: fix16_max:x <- $r4
	@DEBUG_VALUE: fix16_max:y <- 0
	.loc	2 37 11 is_stmt 1               @ ../03_Algorithm_FixedPoint/FixedPoint.h:37:11
	asrs	r0, r4, #31
	bics	r4, r0
.Ltmp463:
	@DEBUG_VALUE: __algoGetDutyRatio:duty_b_aa <- $r4
	.loc	3 643 17                        @ ../03_Algorithm_FixedPoint/Algorithm.c:643:17
	mov	r0, r4
	mov	r1, r5
	ldr	r2, __arm_cp.6_23
	blx	r2
.Ltmp464:
	str	r0, [sp, #60]                   @ 4-byte Spill
	@DEBUG_VALUE: fix16_to_int:a <- [DW_OP_plus_uconst 60] [$sp+0]
.Ltmp465:
	@DEBUG_VALUE: __algoGetDutyRatio:duty_b_aa <- [DW_OP_plus_uconst 60] [$sp+0]
	.loc	3 0 17 is_stmt 0                @ ../03_Algorithm_FixedPoint/Algorithm.c:0:17
	ldr	r1, [sp, #44]                   @ 4-byte Reload
	.loc	3 651 35 is_stmt 1              @ ../03_Algorithm_FixedPoint/Algorithm.c:651:35
	ldrh	r0, [r1, #6]
	lsrs	r7, r0, #7
	.loc	3 651 21 is_stmt 0              @ ../03_Algorithm_FixedPoint/Algorithm.c:651:21
	muls	r6, r7, r6
.Ltmp466:
	.loc	3 651 46                        @ ../03_Algorithm_FixedPoint/Algorithm.c:651:46
	asrs	r6, r6, #8
.Ltmp467:
	@DEBUG_VALUE: __algoGetDutyRatio:duty_R <- $r6
	.loc	3 656 52 is_stmt 1              @ ../03_Algorithm_FixedPoint/Algorithm.c:656:52
	ldrb	r4, [r1, #16]
	.loc	3 656 29 is_stmt 0              @ ../03_Algorithm_FixedPoint/Algorithm.c:656:29
	muls	r6, r4, r6
.Ltmp468:
	@DEBUG_VALUE: __algoGetDutyRatio:duty_R <- [DW_OP_constu 100, DW_OP_div, DW_OP_stack_value] $r6
	.loc	3 0 29                          @ ../03_Algorithm_FixedPoint/Algorithm.c:0:29
	movs	r1, #100
	.loc	3 660 8 is_stmt 1               @ ../03_Algorithm_FixedPoint/Algorithm.c:660:8
	mov	r0, r6
	str	r1, [sp, #68]                   @ 4-byte Spill
	bl	__aeabi_idiv
.Ltmp469:
	.loc	3 0 8 is_stmt 0                 @ ../03_Algorithm_FixedPoint/Algorithm.c:0:8
	ldr	r1, __arm_cp.6_26
	ldr	r5, __arm_cp.6_27
	.loc	3 660 8                         @ ../03_Algorithm_FixedPoint/Algorithm.c:660:8
	cmp	r6, r1
	mov	r1, r5
	bgt	.LBB6_70
.Ltmp470:
@ %bb.69:
	@DEBUG_VALUE: __algoGetDutyRatio:duty_R <- [DW_OP_constu 100, DW_OP_div, DW_OP_stack_value] $r6
	@DEBUG_VALUE: __algoGetDutyRatio:duty_b_aa <- [DW_OP_plus_uconst 60] [$sp+0]
	@DEBUG_VALUE: fix16_to_int:a <- [DW_OP_plus_uconst 60] [$sp+0]
	@DEBUG_VALUE: fix16_max:y <- 0
	@DEBUG_VALUE: __algoGetDutyRatio:duty_g_aa <- [DW_OP_plus_uconst 40] [$sp+0]
	@DEBUG_VALUE: __algoGetDutyRatio:mix_Y <- [DW_OP_plus_uconst 40] [$sp+0]
	@DEBUG_VALUE: __algoGetDutyRatio:a <- [DW_OP_plus_uconst 8] [$sp+0]
	@DEBUG_VALUE: __algoGetDutyRatio:inputColor <- [DW_OP_plus_uconst 44] [$sp+0]
	@DEBUG_VALUE: __algoGetDutyRatio:MxyzY <- [DW_OP_plus_uconst 72, DW_OP_stack_value] $sp
	@DEBUG_VALUE: __algoGetDutyRatio:outputPWM <- [DW_OP_plus_uconst 48] [$sp+0]
	@DEBUG_VALUE: algoGetPWMOutput:targetColor <- [DW_OP_plus_uconst 72, DW_OP_deref, DW_OP_LLVM_fragment 0 64] $sp
	@DEBUG_VALUE: algoGetPWMOutput:inputColor <- [DW_OP_plus_uconst 44] [$sp+0]
	@DEBUG_VALUE: algoGetPWMOutput:outputPWM <- [DW_OP_plus_uconst 48] [$sp+0]
	.loc	3 0 8                           @ ../03_Algorithm_FixedPoint/Algorithm.c:0:8
	asrs	r1, r0, #31
	bics	r0, r1
	mov	r1, r0
.Ltmp471:
.LBB6_70:
	@DEBUG_VALUE: __algoGetDutyRatio:duty_R <- [DW_OP_constu 100, DW_OP_div, DW_OP_stack_value] $r6
	@DEBUG_VALUE: __algoGetDutyRatio:duty_b_aa <- [DW_OP_plus_uconst 60] [$sp+0]
	@DEBUG_VALUE: __algoGetDutyRatio:duty_g_aa <- [DW_OP_plus_uconst 40] [$sp+0]
	@DEBUG_VALUE: __algoGetDutyRatio:mix_Y <- [DW_OP_plus_uconst 40] [$sp+0]
	@DEBUG_VALUE: __algoGetDutyRatio:a <- [DW_OP_plus_uconst 8] [$sp+0]
	@DEBUG_VALUE: __algoGetDutyRatio:inputColor <- [DW_OP_plus_uconst 44] [$sp+0]
	@DEBUG_VALUE: __algoGetDutyRatio:MxyzY <- [DW_OP_plus_uconst 72, DW_OP_stack_value] $sp
	@DEBUG_VALUE: __algoGetDutyRatio:outputPWM <- [DW_OP_plus_uconst 48] [$sp+0]
	@DEBUG_VALUE: algoGetPWMOutput:targetColor <- [DW_OP_plus_uconst 72, DW_OP_deref, DW_OP_LLVM_fragment 0 64] $sp
	@DEBUG_VALUE: algoGetPWMOutput:inputColor <- [DW_OP_plus_uconst 44] [$sp+0]
	@DEBUG_VALUE: algoGetPWMOutput:outputPWM <- [DW_OP_plus_uconst 48] [$sp+0]
	@DEBUG_VALUE: __algoGetDutyRatio:duty_B <- undef
	.loc	3 685 21 is_stmt 1              @ ../03_Algorithm_FixedPoint/Algorithm.c:685:21
	ldr	r0, [sp, #48]                   @ 4-byte Reload
	strh	r1, [r0]
	ldr	r1, [sp, #40]                   @ 4-byte Reload
.Ltmp472:
	.loc	2 61 13                         @ ../03_Algorithm_FixedPoint/FixedPoint.h:61:13
	cmp	r1, #0
	ldr	r0, __arm_cp.6_25
	bmi	.LBB6_72
.Ltmp473:
@ %bb.71:
	@DEBUG_VALUE: __algoGetDutyRatio:duty_R <- [DW_OP_constu 100, DW_OP_div, DW_OP_stack_value] $r6
	@DEBUG_VALUE: __algoGetDutyRatio:duty_b_aa <- [DW_OP_plus_uconst 60] [$sp+0]
	@DEBUG_VALUE: __algoGetDutyRatio:duty_g_aa <- [DW_OP_plus_uconst 40] [$sp+0]
	@DEBUG_VALUE: __algoGetDutyRatio:mix_Y <- [DW_OP_plus_uconst 40] [$sp+0]
	@DEBUG_VALUE: __algoGetDutyRatio:a <- [DW_OP_plus_uconst 8] [$sp+0]
	@DEBUG_VALUE: __algoGetDutyRatio:inputColor <- [DW_OP_plus_uconst 44] [$sp+0]
	@DEBUG_VALUE: __algoGetDutyRatio:MxyzY <- [DW_OP_plus_uconst 72, DW_OP_stack_value] $sp
	@DEBUG_VALUE: __algoGetDutyRatio:outputPWM <- [DW_OP_plus_uconst 48] [$sp+0]
	@DEBUG_VALUE: algoGetPWMOutput:targetColor <- [DW_OP_plus_uconst 72, DW_OP_deref, DW_OP_LLVM_fragment 0 64] $sp
	@DEBUG_VALUE: algoGetPWMOutput:inputColor <- [DW_OP_plus_uconst 44] [$sp+0]
	@DEBUG_VALUE: algoGetPWMOutput:outputPWM <- [DW_OP_plus_uconst 48] [$sp+0]
	.loc	2 0 13 is_stmt 0                @ ../03_Algorithm_FixedPoint/FixedPoint.h:0:13
	ldr	r0, [sp, #52]                   @ 4-byte Reload
.Ltmp474:
.LBB6_72:
	@DEBUG_VALUE: __algoGetDutyRatio:duty_R <- [DW_OP_constu 100, DW_OP_div, DW_OP_stack_value] $r6
	@DEBUG_VALUE: __algoGetDutyRatio:duty_b_aa <- [DW_OP_plus_uconst 60] [$sp+0]
	@DEBUG_VALUE: __algoGetDutyRatio:duty_g_aa <- [DW_OP_plus_uconst 40] [$sp+0]
	@DEBUG_VALUE: __algoGetDutyRatio:mix_Y <- [DW_OP_plus_uconst 40] [$sp+0]
	@DEBUG_VALUE: __algoGetDutyRatio:a <- [DW_OP_plus_uconst 8] [$sp+0]
	@DEBUG_VALUE: __algoGetDutyRatio:inputColor <- [DW_OP_plus_uconst 44] [$sp+0]
	@DEBUG_VALUE: __algoGetDutyRatio:MxyzY <- [DW_OP_plus_uconst 72, DW_OP_stack_value] $sp
	@DEBUG_VALUE: __algoGetDutyRatio:outputPWM <- [DW_OP_plus_uconst 48] [$sp+0]
	@DEBUG_VALUE: algoGetPWMOutput:targetColor <- [DW_OP_plus_uconst 72, DW_OP_deref, DW_OP_LLVM_fragment 0 64] $sp
	@DEBUG_VALUE: algoGetPWMOutput:inputColor <- [DW_OP_plus_uconst 44] [$sp+0]
	@DEBUG_VALUE: algoGetPWMOutput:outputPWM <- [DW_OP_plus_uconst 48] [$sp+0]
	.loc	2 61 13                         @ ../03_Algorithm_FixedPoint/FixedPoint.h:61:13
	adds	r0, r0, r1
	.loc	2 0 0                           @ ../03_Algorithm_FixedPoint/FixedPoint.h:0:0
	asrs	r1, r0, #31
	lsrs	r1, r1, #16
	adds	r0, r0, r1
	asrs	r0, r0, #16
.Ltmp475:
	@DEBUG_VALUE: __algoGetDutyRatio:duty_G <- $r0
	.loc	3 652 21 is_stmt 1              @ ../03_Algorithm_FixedPoint/Algorithm.c:652:21
	muls	r0, r7, r0
.Ltmp476:
	.loc	3 652 46 is_stmt 0              @ ../03_Algorithm_FixedPoint/Algorithm.c:652:46
	asrs	r6, r0, #8
.Ltmp477:
	@DEBUG_VALUE: __algoGetDutyRatio:duty_G <- $r6
	.loc	3 657 29 is_stmt 1              @ ../03_Algorithm_FixedPoint/Algorithm.c:657:29
	muls	r6, r4, r6
.Ltmp478:
	.loc	3 657 70 is_stmt 0              @ ../03_Algorithm_FixedPoint/Algorithm.c:657:70
	mov	r0, r6
	ldr	r1, [sp, #68]                   @ 4-byte Reload
	bl	__aeabi_idiv
.Ltmp479:
	@DEBUG_VALUE: __algoGetDutyRatio:duty_G <- $r0
	@DEBUG_VALUE: __algoGetDutyRatio:duty_R <- undef
	.loc	3 667 8 is_stmt 1               @ ../03_Algorithm_FixedPoint/Algorithm.c:667:8
	ldr	r1, __arm_cp.6_26
	cmp	r6, r1
	mov	r1, r5
	bgt	.LBB6_74
.Ltmp480:
@ %bb.73:
	@DEBUG_VALUE: __algoGetDutyRatio:duty_G <- $r0
	@DEBUG_VALUE: __algoGetDutyRatio:duty_b_aa <- [DW_OP_plus_uconst 60] [$sp+0]
	@DEBUG_VALUE: __algoGetDutyRatio:duty_g_aa <- [DW_OP_plus_uconst 40] [$sp+0]
	@DEBUG_VALUE: __algoGetDutyRatio:mix_Y <- [DW_OP_plus_uconst 40] [$sp+0]
	@DEBUG_VALUE: __algoGetDutyRatio:a <- [DW_OP_plus_uconst 8] [$sp+0]
	@DEBUG_VALUE: __algoGetDutyRatio:inputColor <- [DW_OP_plus_uconst 44] [$sp+0]
	@DEBUG_VALUE: __algoGetDutyRatio:MxyzY <- [DW_OP_plus_uconst 72, DW_OP_stack_value] $sp
	@DEBUG_VALUE: __algoGetDutyRatio:outputPWM <- [DW_OP_plus_uconst 48] [$sp+0]
	@DEBUG_VALUE: algoGetPWMOutput:targetColor <- [DW_OP_plus_uconst 72, DW_OP_deref, DW_OP_LLVM_fragment 0 64] $sp
	@DEBUG_VALUE: algoGetPWMOutput:inputColor <- [DW_OP_plus_uconst 44] [$sp+0]
	@DEBUG_VALUE: algoGetPWMOutput:outputPWM <- [DW_OP_plus_uconst 48] [$sp+0]
	.loc	3 0 8 is_stmt 0                 @ ../03_Algorithm_FixedPoint/Algorithm.c:0:8
	asrs	r1, r0, #31
	bics	r0, r1
.Ltmp481:
	mov	r1, r0
.Ltmp482:
.LBB6_74:
	@DEBUG_VALUE: __algoGetDutyRatio:duty_b_aa <- [DW_OP_plus_uconst 60] [$sp+0]
	@DEBUG_VALUE: __algoGetDutyRatio:duty_g_aa <- [DW_OP_plus_uconst 40] [$sp+0]
	@DEBUG_VALUE: __algoGetDutyRatio:mix_Y <- [DW_OP_plus_uconst 40] [$sp+0]
	@DEBUG_VALUE: __algoGetDutyRatio:a <- [DW_OP_plus_uconst 8] [$sp+0]
	@DEBUG_VALUE: __algoGetDutyRatio:inputColor <- [DW_OP_plus_uconst 44] [$sp+0]
	@DEBUG_VALUE: __algoGetDutyRatio:MxyzY <- [DW_OP_plus_uconst 72, DW_OP_stack_value] $sp
	@DEBUG_VALUE: __algoGetDutyRatio:outputPWM <- [DW_OP_plus_uconst 48] [$sp+0]
	@DEBUG_VALUE: algoGetPWMOutput:targetColor <- [DW_OP_plus_uconst 72, DW_OP_deref, DW_OP_LLVM_fragment 0 64] $sp
	@DEBUG_VALUE: algoGetPWMOutput:inputColor <- [DW_OP_plus_uconst 44] [$sp+0]
	@DEBUG_VALUE: algoGetPWMOutput:outputPWM <- [DW_OP_plus_uconst 48] [$sp+0]
	.loc	3 686 21 is_stmt 1              @ ../03_Algorithm_FixedPoint/Algorithm.c:686:21
	ldr	r0, [sp, #48]                   @ 4-byte Reload
	strh	r1, [r0, #2]
	ldr	r1, [sp, #60]                   @ 4-byte Reload
.Ltmp483:
	.loc	2 61 13                         @ ../03_Algorithm_FixedPoint/FixedPoint.h:61:13
	cmp	r1, #0
	bmi	.LBB6_76
.Ltmp484:
@ %bb.75:
	@DEBUG_VALUE: __algoGetDutyRatio:duty_b_aa <- [DW_OP_plus_uconst 60] [$sp+0]
	@DEBUG_VALUE: __algoGetDutyRatio:duty_g_aa <- [DW_OP_plus_uconst 40] [$sp+0]
	@DEBUG_VALUE: __algoGetDutyRatio:mix_Y <- [DW_OP_plus_uconst 40] [$sp+0]
	@DEBUG_VALUE: __algoGetDutyRatio:a <- [DW_OP_plus_uconst 8] [$sp+0]
	@DEBUG_VALUE: __algoGetDutyRatio:inputColor <- [DW_OP_plus_uconst 44] [$sp+0]
	@DEBUG_VALUE: __algoGetDutyRatio:MxyzY <- [DW_OP_plus_uconst 72, DW_OP_stack_value] $sp
	@DEBUG_VALUE: __algoGetDutyRatio:outputPWM <- [DW_OP_plus_uconst 48] [$sp+0]
	@DEBUG_VALUE: algoGetPWMOutput:targetColor <- [DW_OP_plus_uconst 72, DW_OP_deref, DW_OP_LLVM_fragment 0 64] $sp
	@DEBUG_VALUE: algoGetPWMOutput:inputColor <- [DW_OP_plus_uconst 44] [$sp+0]
	@DEBUG_VALUE: algoGetPWMOutput:outputPWM <- [DW_OP_plus_uconst 48] [$sp+0]
	.loc	2 0 13 is_stmt 0                @ ../03_Algorithm_FixedPoint/FixedPoint.h:0:13
	ldr	r0, [sp, #52]                   @ 4-byte Reload
	str	r0, [sp, #56]                   @ 4-byte Spill
.Ltmp485:
.LBB6_76:
	@DEBUG_VALUE: __algoGetDutyRatio:duty_b_aa <- [DW_OP_plus_uconst 60] [$sp+0]
	@DEBUG_VALUE: __algoGetDutyRatio:duty_g_aa <- [DW_OP_plus_uconst 40] [$sp+0]
	@DEBUG_VALUE: __algoGetDutyRatio:mix_Y <- [DW_OP_plus_uconst 40] [$sp+0]
	@DEBUG_VALUE: __algoGetDutyRatio:a <- [DW_OP_plus_uconst 8] [$sp+0]
	@DEBUG_VALUE: __algoGetDutyRatio:inputColor <- [DW_OP_plus_uconst 44] [$sp+0]
	@DEBUG_VALUE: __algoGetDutyRatio:MxyzY <- [DW_OP_plus_uconst 72, DW_OP_stack_value] $sp
	@DEBUG_VALUE: __algoGetDutyRatio:outputPWM <- [DW_OP_plus_uconst 48] [$sp+0]
	@DEBUG_VALUE: algoGetPWMOutput:targetColor <- [DW_OP_plus_uconst 72, DW_OP_deref, DW_OP_LLVM_fragment 0 64] $sp
	@DEBUG_VALUE: algoGetPWMOutput:inputColor <- [DW_OP_plus_uconst 44] [$sp+0]
	@DEBUG_VALUE: algoGetPWMOutput:outputPWM <- [DW_OP_plus_uconst 48] [$sp+0]
	.loc	2 61 13                         @ ../03_Algorithm_FixedPoint/FixedPoint.h:61:13
	ldr	r0, [sp, #56]                   @ 4-byte Reload
	adds	r0, r0, r1
	.loc	2 0 0                           @ ../03_Algorithm_FixedPoint/FixedPoint.h:0:0
	asrs	r1, r0, #31
	lsrs	r1, r1, #16
	adds	r0, r0, r1
	asrs	r0, r0, #16
.Ltmp486:
	@DEBUG_VALUE: __algoGetDutyRatio:duty_B <- $r0
	.loc	3 653 21 is_stmt 1              @ ../03_Algorithm_FixedPoint/Algorithm.c:653:21
	muls	r7, r0, r7
	.loc	3 653 46 is_stmt 0              @ ../03_Algorithm_FixedPoint/Algorithm.c:653:46
	asrs	r0, r7, #8
.Ltmp487:
	@DEBUG_VALUE: __algoGetDutyRatio:duty_B <- $r0
	.loc	3 658 29 is_stmt 1              @ ../03_Algorithm_FixedPoint/Algorithm.c:658:29
	muls	r4, r0, r4
	.loc	3 658 70 is_stmt 0              @ ../03_Algorithm_FixedPoint/Algorithm.c:658:70
	mov	r0, r4
.Ltmp488:
	ldr	r1, [sp, #68]                   @ 4-byte Reload
	bl	__aeabi_idiv
.Ltmp489:
	@DEBUG_VALUE: __algoGetDutyRatio:duty_G <- undef
	@DEBUG_VALUE: __algoGetDutyRatio:duty_B <- $r0
	.loc	3 674 8 is_stmt 1               @ ../03_Algorithm_FixedPoint/Algorithm.c:674:8
	ldr	r1, __arm_cp.6_26
	cmp	r4, r1
	bgt	.LBB6_78
.Ltmp490:
@ %bb.77:
	@DEBUG_VALUE: __algoGetDutyRatio:duty_B <- $r0
	@DEBUG_VALUE: __algoGetDutyRatio:duty_b_aa <- [DW_OP_plus_uconst 60] [$sp+0]
	@DEBUG_VALUE: __algoGetDutyRatio:duty_g_aa <- [DW_OP_plus_uconst 40] [$sp+0]
	@DEBUG_VALUE: __algoGetDutyRatio:mix_Y <- [DW_OP_plus_uconst 40] [$sp+0]
	@DEBUG_VALUE: __algoGetDutyRatio:a <- [DW_OP_plus_uconst 8] [$sp+0]
	@DEBUG_VALUE: __algoGetDutyRatio:inputColor <- [DW_OP_plus_uconst 44] [$sp+0]
	@DEBUG_VALUE: __algoGetDutyRatio:MxyzY <- [DW_OP_plus_uconst 72, DW_OP_stack_value] $sp
	@DEBUG_VALUE: __algoGetDutyRatio:outputPWM <- [DW_OP_plus_uconst 48] [$sp+0]
	@DEBUG_VALUE: algoGetPWMOutput:targetColor <- [DW_OP_plus_uconst 72, DW_OP_deref, DW_OP_LLVM_fragment 0 64] $sp
	@DEBUG_VALUE: algoGetPWMOutput:inputColor <- [DW_OP_plus_uconst 44] [$sp+0]
	@DEBUG_VALUE: algoGetPWMOutput:outputPWM <- [DW_OP_plus_uconst 48] [$sp+0]
	.loc	3 0 8 is_stmt 0                 @ ../03_Algorithm_FixedPoint/Algorithm.c:0:8
	asrs	r1, r0, #31
	bics	r0, r1
.Ltmp491:
	mov	r5, r0
.Ltmp492:
.LBB6_78:
	@DEBUG_VALUE: __algoGetDutyRatio:duty_b_aa <- [DW_OP_plus_uconst 60] [$sp+0]
	@DEBUG_VALUE: __algoGetDutyRatio:duty_g_aa <- [DW_OP_plus_uconst 40] [$sp+0]
	@DEBUG_VALUE: __algoGetDutyRatio:mix_Y <- [DW_OP_plus_uconst 40] [$sp+0]
	@DEBUG_VALUE: __algoGetDutyRatio:a <- [DW_OP_plus_uconst 8] [$sp+0]
	@DEBUG_VALUE: __algoGetDutyRatio:inputColor <- [DW_OP_plus_uconst 44] [$sp+0]
	@DEBUG_VALUE: __algoGetDutyRatio:MxyzY <- [DW_OP_plus_uconst 72, DW_OP_stack_value] $sp
	@DEBUG_VALUE: __algoGetDutyRatio:outputPWM <- [DW_OP_plus_uconst 48] [$sp+0]
	@DEBUG_VALUE: algoGetPWMOutput:targetColor <- [DW_OP_plus_uconst 72, DW_OP_deref, DW_OP_LLVM_fragment 0 64] $sp
	@DEBUG_VALUE: algoGetPWMOutput:inputColor <- [DW_OP_plus_uconst 44] [$sp+0]
	@DEBUG_VALUE: algoGetPWMOutput:outputPWM <- [DW_OP_plus_uconst 48] [$sp+0]
	.loc	3 687 21 is_stmt 1              @ ../03_Algorithm_FixedPoint/Algorithm.c:687:21
	ldr	r0, [sp, #48]                   @ 4-byte Reload
	strh	r5, [r0, #4]
.Ltmp493:
	.loc	3 732 3                         @ ../03_Algorithm_FixedPoint/Algorithm.c:732:3
	ldr	r0, [sp, #64]                   @ 4-byte Reload
	.loc	3 732 3 epilogue_begin is_stmt 0 @ ../03_Algorithm_FixedPoint/Algorithm.c:732:3
	add	sp, #84
	pop	{r4, r5, r6, r7, pc}
.Ltmp494:
	.p2align	2
@ %bb.79:
	.loc	3 0 3                           @ ../03_Algorithm_FixedPoint/Algorithm.c:0:3
__arm_cp.6_18:
	.long	.L_MergedGlobals
.Lcpi_end49:
	.size	__arm_cp.6_18, .Lcpi_end49-__arm_cp.6_18
__arm_cp.6_19:
	.long	TtoCIE
.Lcpi_end50:
	.size	__arm_cp.6_19, .Lcpi_end50-__arm_cp.6_19
__arm_cp.6_21:
	.long	655360000                       @ 0x27100000
.Lcpi_end51:
	.size	__arm_cp.6_21, .Lcpi_end51-__arm_cp.6_21
__arm_cp.6_22:
	.long	fix16_div
.Lcpi_end52:
	.size	__arm_cp.6_22, .Lcpi_end52-__arm_cp.6_22
__arm_cp.6_23:
	.long	fix16_mul
.Lcpi_end53:
	.size	__arm_cp.6_23, .Lcpi_end53-__arm_cp.6_23
__arm_cp.6_24:
	.long	1311                            @ 0x51f
.Lcpi_end54:
	.size	__arm_cp.6_24, .Lcpi_end54-__arm_cp.6_24
__arm_cp.6_25:
	.long	4294934528                      @ 0xffff8000
.Lcpi_end55:
	.size	__arm_cp.6_25, .Lcpi_end55-__arm_cp.6_25
__arm_cp.6_26:
	.long	3276799                         @ 0x31ffff
.Lcpi_end56:
	.size	__arm_cp.6_26, .Lcpi_end56-__arm_cp.6_26
__arm_cp.6_27:
	.long	32767                           @ 0x7fff
.Lcpi_end57:
	.size	__arm_cp.6_27, .Lcpi_end57-__arm_cp.6_27
.Lfunc_end6:
	.size	algoGetPWMOutput, .Lfunc_end6-algoGetPWMOutput
	.cfi_endproc
	.cantunwind
	.fnend
                                        @ -- End function
	.type	algoWhiteBalanceInitFromConfig.Corolinit_temp,%object @ @algoWhiteBalanceInitFromConfig.Corolinit_temp
	.section	.bss.algoWhiteBalanceInitFromConfig.Corolinit_temp,"aw",%nobits
	.p2align	2, 0x0
algoWhiteBalanceInitFromConfig.Corolinit_temp:
	.zero	16
	.size	algoWhiteBalanceInitFromConfig.Corolinit_temp, 16

	.hidden	tempv                           @ @tempv
	.type	tempv,%object
	.section	.bss.tempv,"aw",%nobits
	.globl	tempv
	.p2align	2, 0x0
tempv:
	.long	0                               @ 0x0
	.size	tempv, 4

	.hidden	tempu                           @ @tempu
	.type	tempu,%object
	.section	.bss.tempu,"aw",%nobits
	.globl	tempu
	.p2align	2, 0x0
tempu:
	.long	0                               @ 0x0
	.size	tempu, 4

	.hidden	tempDenominator                 @ @tempDenominator
	.type	tempDenominator,%object
	.section	.bss.tempDenominator,"aw",%nobits
	.globl	tempDenominator
	.p2align	2, 0x0
tempDenominator:
	.long	0                               @ 0x0
	.size	tempDenominator, 4

	.hidden	tempz                           @ @tempz
	.type	tempz,%object
	.section	.bss.tempz,"aw",%nobits
	.globl	tempz
	.p2align	2, 0x0
tempz:
	.long	0                               @ 0x0
	.size	tempz, 4

	.hidden	tempred                         @ @tempred
	.type	tempred,%object
	.section	.bss.tempred,"aw",%nobits
	.globl	tempred
	.p2align	2, 0x0
tempred:
	.long	0                               @ 0x0
	.size	tempred, 4

	.hidden	tempgreen                       @ @tempgreen
	.type	tempgreen,%object
	.section	.bss.tempgreen,"aw",%nobits
	.globl	tempgreen
	.p2align	2, 0x0
tempgreen:
	.long	0                               @ 0x0
	.size	tempgreen, 4

	.hidden	tempbule                        @ @tempbule
	.type	tempbule,%object
	.section	.bss.tempbule,"aw",%nobits
	.globl	tempbule
	.p2align	2, 0x0
tempbule:
	.long	0                               @ 0x0
	.size	tempbule, 4

	.hidden	tempmax                         @ @tempmax
	.type	tempmax,%object
	.section	.bss.tempmax,"aw",%nobits
	.globl	tempmax
	.p2align	2, 0x0
tempmax:
	.long	0                               @ 0x0
	.size	tempmax, 4

	.hidden	tempRED                         @ @tempRED
	.type	tempRED,%object
	.section	.bss.tempRED,"aw",%nobits
	.globl	tempRED
	.p2align	2, 0x0
tempRED:
	.long	0                               @ 0x0
	.size	tempRED, 4

	.hidden	tempGREEN                       @ @tempGREEN
	.type	tempGREEN,%object
	.section	.bss.tempGREEN,"aw",%nobits
	.globl	tempGREEN
	.p2align	2, 0x0
tempGREEN:
	.long	0                               @ 0x0
	.size	tempGREEN, 4

	.hidden	tempBULE                        @ @tempBULE
	.type	tempBULE,%object
	.section	.bss.tempBULE,"aw",%nobits
	.globl	tempBULE
	.p2align	2, 0x0
tempBULE:
	.long	0                               @ 0x0
	.size	tempBULE, 4

	.hidden	tempINY                         @ @tempINY
	.type	tempINY,%object
	.section	.bss.tempINY,"aw",%nobits
	.globl	tempINY
	.p2align	2, 0x0
tempINY:
	.long	0                               @ 0x0
	.size	tempINY, 4

	.type	s32_plane_a,%object             @ @s32_plane_a
	.section	.rodata.s32_plane_a,"a",%progbits
	.p2align	2, 0x0
s32_plane_a:
	.long	370                             @ 0x172
	.long	4294966909                      @ 0xfffffe7d
	.long	4294967047                      @ 0xffffff07
	.size	s32_plane_a, 12

	.type	s32_plane_b,%object             @ @s32_plane_b
	.section	.rodata.s32_plane_b,"a",%progbits
	.p2align	2, 0x0
s32_plane_b:
	.long	484                             @ 0x1e4
	.long	487                             @ 0x1e7
	.long	4294966970                      @ 0xfffffeba
	.size	s32_plane_b, 12

	.type	s32_plane_d,%object             @ @s32_plane_d
	.section	.rodata.s32_plane_d,"a",%progbits
	.p2align	2, 0x0
s32_plane_d:
	.long	4294929794                      @ 0xffff6d82
	.long	110603                          @ 0x1b00b
	.long	463879                          @ 0x71407
	.size	s32_plane_d, 12

	.type	s32_B_cornerPoint_large,%object @ @s32_B_cornerPoint_large
	.section	.rodata.s32_B_cornerPoint_large,"a",%progbits
	.p2align	2, 0x0
s32_B_cornerPoint_large:
	.long	51406438                        @ 0x3106666
	.long	23121101                        @ 0x160cccd
	.long	77672                           @ 0x12f68
	.size	s32_B_cornerPoint_large, 12

	.type	s32_G_cornerPoint_large,%object @ @s32_G_cornerPoint_large
	.section	.rodata.s32_G_cornerPoint_large,"a",%progbits
	.p2align	2, 0x0
s32_G_cornerPoint_large:
	.long	15781069                        @ 0xf0cccd
	.long	150339584                       @ 0x8f60000
	.long	262144                          @ 0x40000
	.size	s32_G_cornerPoint_large, 12

	.type	s32_R_cornerPoint_real,%object  @ @s32_R_cornerPoint_real
	.section	.rodata.s32_R_cornerPoint_real,"a",%progbits
	.p2align	2, 0x0
s32_R_cornerPoint_real:
	.long	517                             @ 0x205
	.long	523                             @ 0x20b
	.long	630                             @ 0x276
	.size	s32_R_cornerPoint_real, 12

	.type	s32_R_cornerPoint_large,%object @ @s32_R_cornerPoint_large
	.section	.rodata.s32_R_cornerPoint_large,"a",%progbits
	.p2align	2, 0x0
s32_R_cornerPoint_large:
	.long	135502234                       @ 0x813999a
	.long	136970240                       @ 0x82a0000
	.long	165054                          @ 0x284be
	.size	s32_R_cornerPoint_large, 12

	.type	TtoCIE,%object                  @ @TtoCIE
	.section	.rodata.TtoCIE,"a",%progbits
	.p2align	1, 0x0
TtoCIE:
	.short	65496                           @ 0xffd8
	.short	1383                            @ 0x567
	.short	1068                            @ 0x42c
	.short	914                             @ 0x392
	.short	65476                           @ 0xffc4
	.short	63                              @ 0x3f
	.short	65333                           @ 0xff35
	.short	120                             @ 0x78
	.short	30                              @ 0x1e
	.short	65496                           @ 0xffd8
	.short	65516                           @ 0xffec
	.short	1263                            @ 0x4ef
	.short	1045                            @ 0x415
	.short	934                             @ 0x3a6
	.short	65495                           @ 0xffd7
	.short	45                              @ 0x2d
	.short	65397                           @ 0xff75
	.short	82                              @ 0x52
	.short	21                              @ 0x15
	.short	65507                           @ 0xffe3
	.short	65526                           @ 0xfff6
	.short	1202                            @ 0x4b2
	.short	1033                            @ 0x409
	.short	944                             @ 0x3b0
	.short	65504                           @ 0xffe0
	.short	35                              @ 0x23
	.short	65429                           @ 0xff95
	.short	62                              @ 0x3e
	.short	16                              @ 0x10
	.short	65513                           @ 0xffe9
	.short	0                               @ 0x0
	.short	1130                            @ 0x46a
	.short	1014                            @ 0x3f6
	.short	933                             @ 0x3a5
	.short	65511                           @ 0xffe7
	.short	30                              @ 0x1e
	.short	65464                           @ 0xffb8
	.short	38                              @ 0x26
	.short	10                              @ 0xa
	.short	65516                           @ 0xffec
	.short	25                              @ 0x19
	.short	1000                            @ 0x3e8
	.short	1000                            @ 0x3e8
	.short	1000                            @ 0x3e8
	.short	0                               @ 0x0
	.short	0                               @ 0x0
	.short	0                               @ 0x0
	.short	0                               @ 0x0
	.short	0                               @ 0x0
	.short	0                               @ 0x0
	.short	50                              @ 0x32
	.short	852                             @ 0x354
	.short	970                             @ 0x3ca
	.short	1016                            @ 0x3f8
	.short	26                              @ 0x1a
	.short	65512                           @ 0xffe8
	.short	85                              @ 0x55
	.short	65485                           @ 0xffcd
	.short	65523                           @ 0xfff3
	.short	10                              @ 0xa
	.short	85                              @ 0x55
	.short	623                             @ 0x26f
	.short	922                             @ 0x39a
	.short	1035                            @ 0x40b
	.short	56                              @ 0x38
	.short	65483                           @ 0xffcb
	.short	196                             @ 0xc4
	.short	65415                           @ 0xff87
	.short	65505                           @ 0xffe1
	.short	28                              @ 0x1c
	.short	120                             @ 0x78
	.short	417                             @ 0x1a1
	.short	884                             @ 0x374
	.short	1074                            @ 0x432
	.short	87                              @ 0x57
	.short	65451                           @ 0xffab
	.short	308                             @ 0x134
	.short	65347                           @ 0xff43
	.short	65489                           @ 0xffd1
	.short	49                              @ 0x31
	.size	TtoCIE, 160

	.type	.L_MergedGlobals,%object        @ @_MergedGlobals
	.section	.bss..L_MergedGlobals,"aw",%nobits
	.p2align	2, 0x0
.L_MergedGlobals:
	.zero	84
	.size	.L_MergedGlobals, 84

	.section	.debug_loc,"",%progbits
.Ldebug_loc0:
	.long	-1
	.long	.Lfunc_begin0                   @   base address
	.long	.Lfunc_begin0-.Lfunc_begin0
	.long	.Ltmp2-.Lfunc_begin0
	.short	1                               @ Loc expr size
	.byte	80                              @ DW_OP_reg0
	.long	.Ltmp2-.Lfunc_begin0
	.long	.Ltmp4-.Lfunc_begin0
	.short	4                               @ Loc expr size
	.byte	243                             @ DW_OP_GNU_entry_value
	.byte	1                               @ 1
	.byte	80                              @ DW_OP_reg0
	.byte	159                             @ DW_OP_stack_value
	.long	0
	.long	0
.Ldebug_loc1:
	.long	-1
	.long	.Lfunc_begin0                   @   base address
	.long	.Lfunc_begin0-.Lfunc_begin0
	.long	.Ltmp1-.Lfunc_begin0
	.short	1                               @ Loc expr size
	.byte	81                              @ DW_OP_reg1
	.long	.Ltmp1-.Lfunc_begin0
	.long	.Ltmp4-.Lfunc_begin0
	.short	4                               @ Loc expr size
	.byte	243                             @ DW_OP_GNU_entry_value
	.byte	1                               @ 1
	.byte	81                              @ DW_OP_reg1
	.byte	159                             @ DW_OP_stack_value
	.long	0
	.long	0
.Ldebug_loc2:
	.long	-1
	.long	.Lfunc_begin0                   @   base address
	.long	.Lfunc_begin0-.Lfunc_begin0
	.long	.Ltmp2-.Lfunc_begin0
	.short	1                               @ Loc expr size
	.byte	82                              @ DW_OP_reg2
	.long	.Ltmp2-.Lfunc_begin0
	.long	.Ltmp3-.Lfunc_begin0
	.short	1                               @ Loc expr size
	.byte	80                              @ DW_OP_reg0
	.long	0
	.long	0
.Ldebug_loc3:
	.long	-1
	.long	.Lfunc_begin1                   @   base address
	.long	.Lfunc_begin1-.Lfunc_begin1
	.long	.Ltmp7-.Lfunc_begin1
	.short	1                               @ Loc expr size
	.byte	80                              @ DW_OP_reg0
	.long	.Ltmp7-.Lfunc_begin1
	.long	.Ltmp9-.Lfunc_begin1
	.short	4                               @ Loc expr size
	.byte	243                             @ DW_OP_GNU_entry_value
	.byte	1                               @ 1
	.byte	80                              @ DW_OP_reg0
	.byte	159                             @ DW_OP_stack_value
	.long	0
	.long	0
.Ldebug_loc4:
	.long	-1
	.long	.Lfunc_begin1                   @   base address
	.long	.Lfunc_begin1-.Lfunc_begin1
	.long	.Ltmp6-.Lfunc_begin1
	.short	1                               @ Loc expr size
	.byte	81                              @ DW_OP_reg1
	.long	.Ltmp6-.Lfunc_begin1
	.long	.Ltmp9-.Lfunc_begin1
	.short	4                               @ Loc expr size
	.byte	243                             @ DW_OP_GNU_entry_value
	.byte	1                               @ 1
	.byte	81                              @ DW_OP_reg1
	.byte	159                             @ DW_OP_stack_value
	.long	0
	.long	0
.Ldebug_loc5:
	.long	-1
	.long	.Lfunc_begin1                   @   base address
	.long	.Lfunc_begin1-.Lfunc_begin1
	.long	.Ltmp7-.Lfunc_begin1
	.short	1                               @ Loc expr size
	.byte	82                              @ DW_OP_reg2
	.long	.Ltmp7-.Lfunc_begin1
	.long	.Ltmp8-.Lfunc_begin1
	.short	1                               @ Loc expr size
	.byte	80                              @ DW_OP_reg0
	.long	0
	.long	0
.Ldebug_loc6:
	.long	-1
	.long	.Lfunc_begin2                   @   base address
	.long	.Lfunc_begin2-.Lfunc_begin2
	.long	.Ltmp12-.Lfunc_begin2
	.short	1                               @ Loc expr size
	.byte	80                              @ DW_OP_reg0
	.long	.Ltmp12-.Lfunc_begin2
	.long	.Ltmp14-.Lfunc_begin2
	.short	4                               @ Loc expr size
	.byte	243                             @ DW_OP_GNU_entry_value
	.byte	1                               @ 1
	.byte	80                              @ DW_OP_reg0
	.byte	159                             @ DW_OP_stack_value
	.long	0
	.long	0
.Ldebug_loc7:
	.long	-1
	.long	.Lfunc_begin2                   @   base address
	.long	.Lfunc_begin2-.Lfunc_begin2
	.long	.Ltmp11-.Lfunc_begin2
	.short	1                               @ Loc expr size
	.byte	81                              @ DW_OP_reg1
	.long	.Ltmp11-.Lfunc_begin2
	.long	.Ltmp14-.Lfunc_begin2
	.short	4                               @ Loc expr size
	.byte	243                             @ DW_OP_GNU_entry_value
	.byte	1                               @ 1
	.byte	81                              @ DW_OP_reg1
	.byte	159                             @ DW_OP_stack_value
	.long	0
	.long	0
.Ldebug_loc8:
	.long	-1
	.long	.Lfunc_begin2                   @   base address
	.long	.Lfunc_begin2-.Lfunc_begin2
	.long	.Ltmp12-.Lfunc_begin2
	.short	1                               @ Loc expr size
	.byte	82                              @ DW_OP_reg2
	.long	.Ltmp12-.Lfunc_begin2
	.long	.Ltmp13-.Lfunc_begin2
	.short	1                               @ Loc expr size
	.byte	80                              @ DW_OP_reg0
	.long	0
	.long	0
.Ldebug_loc9:
	.long	-1
	.long	.Lfunc_begin3                   @   base address
	.long	.Lfunc_begin3-.Lfunc_begin3
	.long	.Ltmp16-.Lfunc_begin3
	.short	1                               @ Loc expr size
	.byte	80                              @ DW_OP_reg0
	.long	.Ltmp16-.Lfunc_begin3
	.long	.Ltmp17-.Lfunc_begin3
	.short	1                               @ Loc expr size
	.byte	84                              @ DW_OP_reg4
	.long	.Ltmp17-.Lfunc_begin3
	.long	.Ltmp31-.Lfunc_begin3
	.short	4                               @ Loc expr size
	.byte	243                             @ DW_OP_GNU_entry_value
	.byte	1                               @ 1
	.byte	80                              @ DW_OP_reg0
	.byte	159                             @ DW_OP_stack_value
	.long	0
	.long	0
.Ldebug_loc10:
	.long	-1
	.long	.Lfunc_begin3                   @   base address
	.long	.Lfunc_begin3-.Lfunc_begin3
	.long	.Ltmp15-.Lfunc_begin3
	.short	1                               @ Loc expr size
	.byte	81                              @ DW_OP_reg1
	.long	.Ltmp15-.Lfunc_begin3
	.long	.Ltmp21-.Lfunc_begin3
	.short	2                               @ Loc expr size
	.byte	125                             @ DW_OP_breg13
	.byte	0                               @ 0
	.long	.Ltmp21-.Lfunc_begin3
	.long	.Ltmp22-.Lfunc_begin3
	.short	1                               @ Loc expr size
	.byte	80                              @ DW_OP_reg0
	.long	0
	.long	0
.Ldebug_loc11:
	.long	-1
	.long	.Lfunc_begin3                   @   base address
	.long	.Ltmp16-.Lfunc_begin3
	.long	.Ltmp17-.Lfunc_begin3
	.short	2                               @ Loc expr size
	.byte	48                              @ DW_OP_lit0
	.byte	159                             @ DW_OP_stack_value
	.long	.Ltmp20-.Lfunc_begin3
	.long	.Ltmp21-.Lfunc_begin3
	.short	11                              @ Loc expr size
	.byte	125                             @ DW_OP_breg13
	.byte	0                               @ 0
	.byte	148                             @ DW_OP_deref_size
	.byte	4                               @ 
	.byte	16                              @ DW_OP_constu
	.byte	255                             @ 255
	.byte	1                               @ 
	.byte	26                              @ DW_OP_and
	.byte	73                              @ DW_OP_lit25
	.byte	30                              @ DW_OP_mul
	.byte	159                             @ DW_OP_stack_value
	.long	.Ltmp21-.Lfunc_begin3
	.long	.Ltmp22-.Lfunc_begin3
	.short	9                               @ Loc expr size
	.byte	112                             @ DW_OP_breg0
	.byte	0                               @ 0
	.byte	16                              @ DW_OP_constu
	.byte	255                             @ 255
	.byte	1                               @ 
	.byte	26                              @ DW_OP_and
	.byte	73                              @ DW_OP_lit25
	.byte	30                              @ DW_OP_mul
	.byte	159                             @ DW_OP_stack_value
	.long	0
	.long	0
.Ldebug_loc12:
	.long	-1
	.long	.Lfunc_begin4                   @   base address
	.long	.Lfunc_begin4-.Lfunc_begin4
	.long	.Ltmp32-.Lfunc_begin4
	.short	1                               @ Loc expr size
	.byte	80                              @ DW_OP_reg0
	.long	.Ltmp32-.Lfunc_begin4
	.long	.Ltmp125-.Lfunc_begin4
	.short	1                               @ Loc expr size
	.byte	84                              @ DW_OP_reg4
	.long	0
	.long	0
.Ldebug_loc13:
	.long	-1
	.long	.Lfunc_begin4                   @   base address
	.long	.Ltmp33-.Lfunc_begin4
	.long	.Ltmp34-.Lfunc_begin4
	.short	1                               @ Loc expr size
	.byte	80                              @ DW_OP_reg0
	.long	0
	.long	0
.Ldebug_loc14:
	.long	-1
	.long	.Lfunc_begin4                   @   base address
	.long	.Ltmp37-.Lfunc_begin4
	.long	.Ltmp38-.Lfunc_begin4
	.short	1                               @ Loc expr size
	.byte	80                              @ DW_OP_reg0
	.long	0
	.long	0
.Ldebug_loc15:
	.long	-1
	.long	.Lfunc_begin4                   @   base address
	.long	.Ltmp40-.Lfunc_begin4
	.long	.Ltmp41-.Lfunc_begin4
	.short	1                               @ Loc expr size
	.byte	80                              @ DW_OP_reg0
	.long	0
	.long	0
.Ldebug_loc16:
	.long	-1
	.long	.Lfunc_begin4                   @   base address
	.long	.Ltmp44-.Lfunc_begin4
	.long	.Ltmp45-.Lfunc_begin4
	.short	1                               @ Loc expr size
	.byte	80                              @ DW_OP_reg0
	.long	0
	.long	0
.Ldebug_loc17:
	.long	-1
	.long	.Lfunc_begin4                   @   base address
	.long	.Ltmp52-.Lfunc_begin4
	.long	.Ltmp55-.Lfunc_begin4
	.short	1                               @ Loc expr size
	.byte	85                              @ DW_OP_reg5
	.long	.Ltmp58-.Lfunc_begin4
	.long	.Ltmp62-.Lfunc_begin4
	.short	1                               @ Loc expr size
	.byte	85                              @ DW_OP_reg5
	.long	.Ltmp62-.Lfunc_begin4
	.long	.Ltmp63-.Lfunc_begin4
	.short	1                               @ Loc expr size
	.byte	80                              @ DW_OP_reg0
	.long	.Ltmp83-.Lfunc_begin4
	.long	.Ltmp86-.Lfunc_begin4
	.short	1                               @ Loc expr size
	.byte	85                              @ DW_OP_reg5
	.long	.Ltmp89-.Lfunc_begin4
	.long	.Ltmp93-.Lfunc_begin4
	.short	1                               @ Loc expr size
	.byte	85                              @ DW_OP_reg5
	.long	.Ltmp93-.Lfunc_begin4
	.long	.Ltmp94-.Lfunc_begin4
	.short	1                               @ Loc expr size
	.byte	80                              @ DW_OP_reg0
	.long	.Ltmp113-.Lfunc_begin4
	.long	.Ltmp116-.Lfunc_begin4
	.short	1                               @ Loc expr size
	.byte	85                              @ DW_OP_reg5
	.long	.Ltmp119-.Lfunc_begin4
	.long	.Ltmp123-.Lfunc_begin4
	.short	1                               @ Loc expr size
	.byte	85                              @ DW_OP_reg5
	.long	.Ltmp123-.Lfunc_begin4
	.long	.Ltmp124-.Lfunc_begin4
	.short	1                               @ Loc expr size
	.byte	80                              @ DW_OP_reg0
	.long	0
	.long	0
.Ldebug_loc18:
	.long	-1
	.long	.Lfunc_begin4                   @   base address
	.long	.Ltmp57-.Lfunc_begin4
	.long	.Ltmp125-.Lfunc_begin4
	.short	12                              @ Loc expr size
	.byte	16                              @ DW_OP_constu
	.byte	236                             @ 18446744073684454508
	.byte	152                             @ 
	.byte	132                             @ 
	.byte	244                             @ 
	.byte	255                             @ 
	.byte	255                             @ 
	.byte	255                             @ 
	.byte	255                             @ 
	.byte	255                             @ 
	.byte	1                               @ 
	.byte	159                             @ DW_OP_stack_value
	.long	0
	.long	0
.Ldebug_loc19:
	.long	-1
	.long	.Lfunc_begin4                   @   base address
	.long	.Ltmp64-.Lfunc_begin4
	.long	.Ltmp65-.Lfunc_begin4
	.short	1                               @ Loc expr size
	.byte	80                              @ DW_OP_reg0
	.long	0
	.long	0
.Ldebug_loc20:
	.long	-1
	.long	.Lfunc_begin4                   @   base address
	.long	.Ltmp68-.Lfunc_begin4
	.long	.Ltmp69-.Lfunc_begin4
	.short	1                               @ Loc expr size
	.byte	80                              @ DW_OP_reg0
	.long	0
	.long	0
.Ldebug_loc21:
	.long	-1
	.long	.Lfunc_begin4                   @   base address
	.long	.Ltmp71-.Lfunc_begin4
	.long	.Ltmp72-.Lfunc_begin4
	.short	1                               @ Loc expr size
	.byte	80                              @ DW_OP_reg0
	.long	0
	.long	0
.Ldebug_loc22:
	.long	-1
	.long	.Lfunc_begin4                   @   base address
	.long	.Ltmp75-.Lfunc_begin4
	.long	.Ltmp76-.Lfunc_begin4
	.short	1                               @ Loc expr size
	.byte	80                              @ DW_OP_reg0
	.long	0
	.long	0
.Ldebug_loc23:
	.long	-1
	.long	.Lfunc_begin4                   @   base address
	.long	.Ltmp88-.Lfunc_begin4
	.long	.Ltmp125-.Lfunc_begin4
	.short	6                               @ Loc expr size
	.byte	16                              @ DW_OP_constu
	.byte	251                             @ 14620411
	.byte	173                             @ 
	.byte	252                             @ 
	.byte	6                               @ 
	.byte	159                             @ DW_OP_stack_value
	.long	0
	.long	0
.Ldebug_loc24:
	.long	-1
	.long	.Lfunc_begin4                   @   base address
	.long	.Ltmp95-.Lfunc_begin4
	.long	.Ltmp96-.Lfunc_begin4
	.short	1                               @ Loc expr size
	.byte	80                              @ DW_OP_reg0
	.long	0
	.long	0
.Ldebug_loc25:
	.long	-1
	.long	.Lfunc_begin4                   @   base address
	.long	.Ltmp99-.Lfunc_begin4
	.long	.Ltmp100-.Lfunc_begin4
	.short	1                               @ Loc expr size
	.byte	80                              @ DW_OP_reg0
	.long	0
	.long	0
.Ldebug_loc26:
	.long	-1
	.long	.Lfunc_begin4                   @   base address
	.long	.Ltmp102-.Lfunc_begin4
	.long	.Ltmp103-.Lfunc_begin4
	.short	1                               @ Loc expr size
	.byte	80                              @ DW_OP_reg0
	.long	0
	.long	0
.Ldebug_loc27:
	.long	-1
	.long	.Lfunc_begin4                   @   base address
	.long	.Ltmp118-.Lfunc_begin4
	.long	.Ltmp125-.Lfunc_begin4
	.short	6                               @ Loc expr size
	.byte	16                              @ DW_OP_constu
	.byte	153                             @ 10476697
	.byte	185                             @ 
	.byte	255                             @ 
	.byte	4                               @ 
	.byte	159                             @ DW_OP_stack_value
	.long	0
	.long	0
.Ldebug_loc28:
	.long	-1
	.long	.Lfunc_begin5                   @   base address
	.long	.Lfunc_begin5-.Lfunc_begin5
	.long	.Ltmp127-.Lfunc_begin5
	.short	1                               @ Loc expr size
	.byte	80                              @ DW_OP_reg0
	.long	.Ltmp127-.Lfunc_begin5
	.long	.Ltmp187-.Lfunc_begin5
	.short	4                               @ Loc expr size
	.byte	243                             @ DW_OP_GNU_entry_value
	.byte	1                               @ 1
	.byte	80                              @ DW_OP_reg0
	.byte	159                             @ DW_OP_stack_value
	.long	0
	.long	0
.Ldebug_loc29:
	.long	-1
	.long	.Lfunc_begin5                   @   base address
	.long	.Lfunc_begin5-.Lfunc_begin5
	.long	.Ltmp126-.Lfunc_begin5
	.short	1                               @ Loc expr size
	.byte	81                              @ DW_OP_reg1
	.long	.Ltmp126-.Lfunc_begin5
	.long	.Ltmp186-.Lfunc_begin5
	.short	2                               @ Loc expr size
	.byte	125                             @ DW_OP_breg13
	.byte	12                              @ 12
	.long	.Ltmp186-.Lfunc_begin5
	.long	.Ltmp187-.Lfunc_begin5
	.short	1                               @ Loc expr size
	.byte	81                              @ DW_OP_reg1
	.long	0
	.long	0
.Ldebug_loc30:
	.long	-1
	.long	.Lfunc_begin5                   @   base address
	.long	.Ltmp128-.Lfunc_begin5
	.long	.Ltmp152-.Lfunc_begin5
	.short	1                               @ Loc expr size
	.byte	87                              @ DW_OP_reg7
	.long	0
	.long	0
.Ldebug_loc31:
	.long	-1
	.long	.Lfunc_begin5                   @   base address
	.long	.Ltmp132-.Lfunc_begin5
	.long	.Ltmp135-.Lfunc_begin5
	.short	1                               @ Loc expr size
	.byte	85                              @ DW_OP_reg5
	.long	.Ltmp138-.Lfunc_begin5
	.long	.Ltmp139-.Lfunc_begin5
	.short	1                               @ Loc expr size
	.byte	81                              @ DW_OP_reg1
	.long	.Ltmp140-.Lfunc_begin5
	.long	.Ltmp159-.Lfunc_begin5
	.short	2                               @ Loc expr size
	.byte	125                             @ DW_OP_breg13
	.byte	16                              @ 16
	.long	.Ltmp159-.Lfunc_begin5
	.long	.Ltmp170-.Lfunc_begin5
	.short	1                               @ Loc expr size
	.byte	85                              @ DW_OP_reg5
	.long	.Ltmp170-.Lfunc_begin5
	.long	.Ltmp182-.Lfunc_begin5
	.short	2                               @ Loc expr size
	.byte	125                             @ DW_OP_breg13
	.byte	16                              @ 16
	.long	.Ltmp182-.Lfunc_begin5
	.long	.Ltmp183-.Lfunc_begin5
	.short	1                               @ Loc expr size
	.byte	80                              @ DW_OP_reg0
	.long	0
	.long	0
.Ldebug_loc32:
	.long	-1
	.long	.Lfunc_begin5                   @   base address
	.long	.Ltmp132-.Lfunc_begin5
	.long	.Ltmp133-.Lfunc_begin5
	.short	1                               @ Loc expr size
	.byte	84                              @ DW_OP_reg4
	.long	0
	.long	0
.Ldebug_loc33:
	.long	-1
	.long	.Lfunc_begin5                   @   base address
	.long	.Ltmp133-.Lfunc_begin5
	.long	.Ltmp161-.Lfunc_begin5
	.short	1                               @ Loc expr size
	.byte	84                              @ DW_OP_reg4
	.long	0
	.long	0
.Ldebug_loc34:
	.long	-1
	.long	.Lfunc_begin5                   @   base address
	.long	.Ltmp135-.Lfunc_begin5
	.long	.Ltmp136-.Lfunc_begin5
	.short	1                               @ Loc expr size
	.byte	80                              @ DW_OP_reg0
	.long	0
	.long	0
.Ldebug_loc35:
	.long	-1
	.long	.Lfunc_begin5                   @   base address
	.long	.Ltmp143-.Lfunc_begin5
	.long	.Ltmp144-.Lfunc_begin5
	.short	1                               @ Loc expr size
	.byte	86                              @ DW_OP_reg6
	.long	.Ltmp147-.Lfunc_begin5
	.long	.Ltmp149-.Lfunc_begin5
	.short	1                               @ Loc expr size
	.byte	81                              @ DW_OP_reg1
	.long	.Ltmp150-.Lfunc_begin5
	.long	.Ltmp162-.Lfunc_begin5
	.short	2                               @ Loc expr size
	.byte	125                             @ DW_OP_breg13
	.byte	8                               @ 8
	.long	.Ltmp162-.Lfunc_begin5
	.long	.Ltmp187-.Lfunc_begin5
	.short	1                               @ Loc expr size
	.byte	86                              @ DW_OP_reg6
	.long	0
	.long	0
.Ldebug_loc36:
	.long	-1
	.long	.Lfunc_begin5                   @   base address
	.long	.Ltmp144-.Lfunc_begin5
	.long	.Ltmp145-.Lfunc_begin5
	.short	1                               @ Loc expr size
	.byte	80                              @ DW_OP_reg0
	.long	0
	.long	0
.Ldebug_loc37:
	.long	-1
	.long	.Lfunc_begin5                   @   base address
	.long	.Ltmp152-.Lfunc_begin5
	.long	.Ltmp153-.Lfunc_begin5
	.short	1                               @ Loc expr size
	.byte	87                              @ DW_OP_reg7
	.long	.Ltmp156-.Lfunc_begin5
	.long	.Ltmp157-.Lfunc_begin5
	.short	1                               @ Loc expr size
	.byte	81                              @ DW_OP_reg1
	.long	.Ltmp158-.Lfunc_begin5
	.long	.Ltmp166-.Lfunc_begin5
	.short	1                               @ Loc expr size
	.byte	87                              @ DW_OP_reg7
	.long	.Ltmp166-.Lfunc_begin5
	.long	.Ltmp175-.Lfunc_begin5
	.short	2                               @ Loc expr size
	.byte	125                             @ DW_OP_breg13
	.byte	0                               @ 0
	.long	.Ltmp175-.Lfunc_begin5
	.long	.Ltmp187-.Lfunc_begin5
	.short	1                               @ Loc expr size
	.byte	84                              @ DW_OP_reg4
	.long	0
	.long	0
.Ldebug_loc38:
	.long	-1
	.long	.Lfunc_begin5                   @   base address
	.long	.Ltmp153-.Lfunc_begin5
	.long	.Ltmp154-.Lfunc_begin5
	.short	1                               @ Loc expr size
	.byte	80                              @ DW_OP_reg0
	.long	0
	.long	0
.Ldebug_loc39:
	.long	-1
	.long	.Lfunc_begin5                   @   base address
	.long	.Ltmp161-.Lfunc_begin5
	.long	.Ltmp168-.Lfunc_begin5
	.short	1                               @ Loc expr size
	.byte	84                              @ DW_OP_reg4
	.long	.Ltmp168-.Lfunc_begin5
	.long	.Ltmp169-.Lfunc_begin5
	.short	1                               @ Loc expr size
	.byte	80                              @ DW_OP_reg0
	.long	.Ltmp169-.Lfunc_begin5
	.long	.Ltmp181-.Lfunc_begin5
	.short	2                               @ Loc expr size
	.byte	125                             @ DW_OP_breg13
	.byte	4                               @ 4
	.long	.Ltmp181-.Lfunc_begin5
	.long	.Ltmp187-.Lfunc_begin5
	.short	1                               @ Loc expr size
	.byte	87                              @ DW_OP_reg7
	.long	0
	.long	0
.Ldebug_loc40:
	.long	-1
	.long	.Lfunc_begin5                   @   base address
	.long	.Ltmp163-.Lfunc_begin5
	.long	.Ltmp164-.Lfunc_begin5
	.short	1                               @ Loc expr size
	.byte	84                              @ DW_OP_reg4
	.long	0
	.long	0
.Ldebug_loc41:
	.long	-1
	.long	.Lfunc_begin5                   @   base address
	.long	.Ltmp172-.Lfunc_begin5
	.long	.Ltmp187-.Lfunc_begin5
	.short	1                               @ Loc expr size
	.byte	85                              @ DW_OP_reg5
	.long	0
	.long	0
.Ldebug_loc42:
	.long	-1
	.long	.Lfunc_begin5                   @   base address
	.long	.Ltmp173-.Lfunc_begin5
	.long	.Ltmp174-.Lfunc_begin5
	.short	1                               @ Loc expr size
	.byte	85                              @ DW_OP_reg5
	.long	0
	.long	0
.Ldebug_loc43:
	.long	-1
	.long	.Lfunc_begin5                   @   base address
	.long	.Ltmp182-.Lfunc_begin5
	.long	.Ltmp187-.Lfunc_begin5
	.short	1                               @ Loc expr size
	.byte	86                              @ DW_OP_reg6
	.long	0
	.long	0
.Ldebug_loc44:
	.long	-1
	.long	.Lfunc_begin5                   @   base address
	.long	.Ltmp182-.Lfunc_begin5
	.long	.Ltmp183-.Lfunc_begin5
	.short	1                               @ Loc expr size
	.byte	80                              @ DW_OP_reg0
	.long	0
	.long	0
.Ldebug_loc45:
	.long	-1
	.long	.Lfunc_begin5                   @   base address
	.long	.Ltmp183-.Lfunc_begin5
	.long	.Ltmp187-.Lfunc_begin5
	.short	1                               @ Loc expr size
	.byte	80                              @ DW_OP_reg0
	.long	0
	.long	0
.Ldebug_loc46:
	.long	-1
	.long	.Lfunc_begin6                   @   base address
	.long	.Lfunc_begin6-.Lfunc_begin6
	.long	.Ltmp193-.Lfunc_begin6
	.short	1                               @ Loc expr size
	.byte	80                              @ DW_OP_reg0
	.long	.Ltmp193-.Lfunc_begin6
	.long	.Ltmp282-.Lfunc_begin6
	.short	2                               @ Loc expr size
	.byte	125                             @ DW_OP_breg13
	.byte	44                              @ 44
	.long	.Ltmp283-.Lfunc_begin6
	.long	.Ltmp494-.Lfunc_begin6
	.short	2                               @ Loc expr size
	.byte	125                             @ DW_OP_breg13
	.byte	44                              @ 44
	.long	0
	.long	0
.Ldebug_loc47:
	.long	-1
	.long	.Lfunc_begin6                   @   base address
	.long	.Lfunc_begin6-.Lfunc_begin6
	.long	.Ltmp190-.Lfunc_begin6
	.short	1                               @ Loc expr size
	.byte	81                              @ DW_OP_reg1
	.long	.Ltmp190-.Lfunc_begin6
	.long	.Ltmp282-.Lfunc_begin6
	.short	2                               @ Loc expr size
	.byte	125                             @ DW_OP_breg13
	.byte	48                              @ 48
	.long	.Ltmp283-.Lfunc_begin6
	.long	.Ltmp494-.Lfunc_begin6
	.short	2                               @ Loc expr size
	.byte	125                             @ DW_OP_breg13
	.byte	48                              @ 48
	.long	0
	.long	0
.Ldebug_loc48:
	.long	-1
	.long	.Lfunc_begin6                   @   base address
	.long	.Ltmp188-.Lfunc_begin6
	.long	.Ltmp263-.Lfunc_begin6
	.short	3                               @ Loc expr size
	.byte	125                             @ DW_OP_breg13
	.byte	200                             @ 72
	.byte	0                               @ 
	.long	.Ltmp263-.Lfunc_begin6
	.long	.Ltmp264-.Lfunc_begin6
	.short	8                               @ Loc expr size
	.byte	125                             @ DW_OP_breg13
	.byte	200                             @ 72
	.byte	0                               @ 
	.byte	147                             @ DW_OP_piece
	.byte	8                               @ 8
	.byte	81                              @ DW_OP_reg1
	.byte	147                             @ DW_OP_piece
	.byte	4                               @ 4
	.long	.Ltmp264-.Lfunc_begin6
	.long	.Ltmp265-.Lfunc_begin6
	.short	5                               @ Loc expr size
	.byte	125                             @ DW_OP_breg13
	.byte	200                             @ 72
	.byte	0                               @ 
	.byte	147                             @ DW_OP_piece
	.byte	8                               @ 8
	.long	.Ltmp265-.Lfunc_begin6
	.long	.Ltmp269-.Lfunc_begin6
	.short	8                               @ Loc expr size
	.byte	125                             @ DW_OP_breg13
	.byte	200                             @ 72
	.byte	0                               @ 
	.byte	147                             @ DW_OP_piece
	.byte	8                               @ 8
	.byte	86                              @ DW_OP_reg6
	.byte	147                             @ DW_OP_piece
	.byte	4                               @ 4
	.long	.Ltmp269-.Lfunc_begin6
	.long	.Ltmp282-.Lfunc_begin6
	.short	9                               @ Loc expr size
	.byte	125                             @ DW_OP_breg13
	.byte	200                             @ 72
	.byte	0                               @ 
	.byte	147                             @ DW_OP_piece
	.byte	8                               @ 8
	.byte	125                             @ DW_OP_breg13
	.byte	36                              @ 36
	.byte	147                             @ DW_OP_piece
	.byte	4                               @ 4
	.long	.Ltmp283-.Lfunc_begin6
	.long	.Ltmp420-.Lfunc_begin6
	.short	9                               @ Loc expr size
	.byte	125                             @ DW_OP_breg13
	.byte	200                             @ 72
	.byte	0                               @ 
	.byte	147                             @ DW_OP_piece
	.byte	8                               @ 8
	.byte	125                             @ DW_OP_breg13
	.byte	36                              @ 36
	.byte	147                             @ DW_OP_piece
	.byte	4                               @ 4
	.long	.Ltmp420-.Lfunc_begin6
	.long	.Ltmp421-.Lfunc_begin6
	.short	8                               @ Loc expr size
	.byte	125                             @ DW_OP_breg13
	.byte	200                             @ 72
	.byte	0                               @ 
	.byte	147                             @ DW_OP_piece
	.byte	8                               @ 8
	.byte	80                              @ DW_OP_reg0
	.byte	147                             @ DW_OP_piece
	.byte	4                               @ 4
	.long	.Ltmp421-.Lfunc_begin6
	.long	.Ltmp494-.Lfunc_begin6
	.short	5                               @ Loc expr size
	.byte	125                             @ DW_OP_breg13
	.byte	200                             @ 72
	.byte	0                               @ 
	.byte	147                             @ DW_OP_piece
	.byte	8                               @ 8
	.long	0
	.long	0
.Ldebug_loc49:
	.long	-1
	.long	.Lfunc_begin6                   @   base address
	.long	.Ltmp220-.Lfunc_begin6
	.long	.Ltmp222-.Lfunc_begin6
	.short	3                               @ Loc expr size
	.byte	16                              @ DW_OP_constu
	.byte	60                              @ 60
	.byte	159                             @ DW_OP_stack_value
	.long	.Ltmp233-.Lfunc_begin6
	.long	.Ltmp235-.Lfunc_begin6
	.short	1                               @ Loc expr size
	.byte	83                              @ DW_OP_reg3
	.long	.Ltmp245-.Lfunc_begin6
	.long	.Ltmp247-.Lfunc_begin6
	.short	1                               @ Loc expr size
	.byte	83                              @ DW_OP_reg3
	.long	.Ltmp250-.Lfunc_begin6
	.long	.Ltmp252-.Lfunc_begin6
	.short	4                               @ Loc expr size
	.byte	16                              @ DW_OP_constu
	.byte	133                             @ 517
	.byte	4                               @ 
	.byte	159                             @ DW_OP_stack_value
	.long	.Ltmp255-.Lfunc_begin6
	.long	.Ltmp258-.Lfunc_begin6
	.short	1                               @ Loc expr size
	.byte	83                              @ DW_OP_reg3
	.long	0
	.long	0
.Ldebug_loc50:
	.long	-1
	.long	.Lfunc_begin6                   @   base address
	.long	.Ltmp192-.Lfunc_begin6
	.long	.Ltmp195-.Lfunc_begin6
	.short	2                               @ Loc expr size
	.byte	48                              @ DW_OP_lit0
	.byte	159                             @ DW_OP_stack_value
	.long	.Ltmp195-.Lfunc_begin6
	.long	.Ltmp270-.Lfunc_begin6
	.short	2                               @ Loc expr size
	.byte	125                             @ DW_OP_breg13
	.byte	60                              @ 60
	.long	0
	.long	0
.Ldebug_loc51:
	.long	-1
	.long	.Lfunc_begin6                   @   base address
	.long	.Ltmp192-.Lfunc_begin6
	.long	.Ltmp193-.Lfunc_begin6
	.short	1                               @ Loc expr size
	.byte	80                              @ DW_OP_reg0
	.long	.Ltmp193-.Lfunc_begin6
	.long	.Ltmp270-.Lfunc_begin6
	.short	2                               @ Loc expr size
	.byte	125                             @ DW_OP_breg13
	.byte	44                              @ 44
	.long	0
	.long	0
.Ldebug_loc52:
	.long	-1
	.long	.Lfunc_begin6                   @   base address
	.long	.Ltmp192-.Lfunc_begin6
	.long	.Ltmp270-.Lfunc_begin6
	.short	4                               @ Loc expr size
	.byte	125                             @ DW_OP_breg13
	.byte	200                             @ 72
	.byte	0                               @ 
	.byte	159                             @ DW_OP_stack_value
	.long	0
	.long	0
.Ldebug_loc53:
	.long	-1
	.long	.Lfunc_begin6                   @   base address
	.long	.Ltmp192-.Lfunc_begin6
	.long	.Ltmp193-.Lfunc_begin6
	.short	1                               @ Loc expr size
	.byte	80                              @ DW_OP_reg0
	.long	.Ltmp193-.Lfunc_begin6
	.long	.Ltmp270-.Lfunc_begin6
	.short	2                               @ Loc expr size
	.byte	125                             @ DW_OP_breg13
	.byte	44                              @ 44
	.long	0
	.long	0
.Ldebug_loc54:
	.long	-1
	.long	.Lfunc_begin6                   @   base address
	.long	.Ltmp194-.Lfunc_begin6
	.long	.Ltmp220-.Lfunc_begin6
	.short	2                               @ Loc expr size
	.byte	125                             @ DW_OP_breg13
	.byte	56                              @ 56
	.long	.Ltmp220-.Lfunc_begin6
	.long	.Ltmp222-.Lfunc_begin6
	.short	4                               @ Loc expr size
	.byte	16                              @ DW_OP_constu
	.byte	190                             @ 574
	.byte	4                               @ 
	.byte	159                             @ DW_OP_stack_value
	.long	.Ltmp222-.Lfunc_begin6
	.long	.Ltmp234-.Lfunc_begin6
	.short	2                               @ Loc expr size
	.byte	125                             @ DW_OP_breg13
	.byte	56                              @ 56
	.long	.Ltmp234-.Lfunc_begin6
	.long	.Ltmp235-.Lfunc_begin6
	.short	1                               @ Loc expr size
	.byte	85                              @ DW_OP_reg5
	.long	.Ltmp235-.Lfunc_begin6
	.long	.Ltmp243-.Lfunc_begin6
	.short	2                               @ Loc expr size
	.byte	125                             @ DW_OP_breg13
	.byte	56                              @ 56
	.long	.Ltmp243-.Lfunc_begin6
	.long	.Ltmp247-.Lfunc_begin6
	.short	1                               @ Loc expr size
	.byte	85                              @ DW_OP_reg5
	.long	.Ltmp247-.Lfunc_begin6
	.long	.Ltmp250-.Lfunc_begin6
	.short	2                               @ Loc expr size
	.byte	125                             @ DW_OP_breg13
	.byte	56                              @ 56
	.long	.Ltmp250-.Lfunc_begin6
	.long	.Ltmp252-.Lfunc_begin6
	.short	4                               @ Loc expr size
	.byte	16                              @ DW_OP_constu
	.byte	139                             @ 523
	.byte	4                               @ 
	.byte	159                             @ DW_OP_stack_value
	.long	.Ltmp252-.Lfunc_begin6
	.long	.Ltmp256-.Lfunc_begin6
	.short	2                               @ Loc expr size
	.byte	125                             @ DW_OP_breg13
	.byte	56                              @ 56
	.long	.Ltmp256-.Lfunc_begin6
	.long	.Ltmp268-.Lfunc_begin6
	.short	1                               @ Loc expr size
	.byte	85                              @ DW_OP_reg5
	.long	0
	.long	0
.Ldebug_loc55:
	.long	-1
	.long	.Lfunc_begin6                   @   base address
	.long	.Ltmp194-.Lfunc_begin6
	.long	.Ltmp195-.Lfunc_begin6
	.short	7                               @ Loc expr size
	.byte	16                              @ DW_OP_constu
	.byte	255                             @ 2147483647
	.byte	255                             @ 
	.byte	255                             @ 
	.byte	255                             @ 
	.byte	7                               @ 
	.byte	159                             @ DW_OP_stack_value
	.long	.Ltmp195-.Lfunc_begin6
	.long	.Ltmp204-.Lfunc_begin6
	.short	1                               @ Loc expr size
	.byte	85                              @ DW_OP_reg5
	.long	.Ltmp204-.Lfunc_begin6
	.long	.Ltmp206-.Lfunc_begin6
	.short	1                               @ Loc expr size
	.byte	83                              @ DW_OP_reg3
	.long	.Ltmp206-.Lfunc_begin6
	.long	.Ltmp217-.Lfunc_begin6
	.short	1                               @ Loc expr size
	.byte	85                              @ DW_OP_reg5
	.long	.Ltmp218-.Lfunc_begin6
	.long	.Ltmp221-.Lfunc_begin6
	.short	1                               @ Loc expr size
	.byte	85                              @ DW_OP_reg5
	.long	.Ltmp222-.Lfunc_begin6
	.long	.Ltmp225-.Lfunc_begin6
	.short	1                               @ Loc expr size
	.byte	85                              @ DW_OP_reg5
	.long	.Ltmp247-.Lfunc_begin6
	.long	.Ltmp249-.Lfunc_begin6
	.short	1                               @ Loc expr size
	.byte	85                              @ DW_OP_reg5
	.long	.Ltmp250-.Lfunc_begin6
	.long	.Ltmp251-.Lfunc_begin6
	.short	1                               @ Loc expr size
	.byte	85                              @ DW_OP_reg5
	.long	0
	.long	0
.Ldebug_loc56:
	.long	-1
	.long	.Lfunc_begin6                   @   base address
	.long	.Ltmp194-.Lfunc_begin6
	.long	.Ltmp195-.Lfunc_begin6
	.short	7                               @ Loc expr size
	.byte	16                              @ DW_OP_constu
	.byte	255                             @ 2147483647
	.byte	255                             @ 
	.byte	255                             @ 
	.byte	255                             @ 
	.byte	7                               @ 
	.byte	159                             @ DW_OP_stack_value
	.long	.Ltmp195-.Lfunc_begin6
	.long	.Ltmp200-.Lfunc_begin6
	.short	1                               @ Loc expr size
	.byte	87                              @ DW_OP_reg7
	.long	.Ltmp200-.Lfunc_begin6
	.long	.Ltmp207-.Lfunc_begin6
	.short	1                               @ Loc expr size
	.byte	82                              @ DW_OP_reg2
	.long	.Ltmp207-.Lfunc_begin6
	.long	.Ltmp220-.Lfunc_begin6
	.short	1                               @ Loc expr size
	.byte	87                              @ DW_OP_reg7
	.long	.Ltmp220-.Lfunc_begin6
	.long	.Ltmp222-.Lfunc_begin6
	.short	5                               @ Loc expr size
	.byte	16                              @ DW_OP_constu
	.byte	128                             @ 262144
	.byte	128                             @ 
	.byte	16                              @ 
	.byte	159                             @ DW_OP_stack_value
	.long	.Ltmp222-.Lfunc_begin6
	.long	.Ltmp225-.Lfunc_begin6
	.short	1                               @ Loc expr size
	.byte	87                              @ DW_OP_reg7
	.long	.Ltmp247-.Lfunc_begin6
	.long	.Ltmp248-.Lfunc_begin6
	.short	1                               @ Loc expr size
	.byte	87                              @ DW_OP_reg7
	.long	.Ltmp250-.Lfunc_begin6
	.long	.Ltmp252-.Lfunc_begin6
	.short	5                               @ Loc expr size
	.byte	16                              @ DW_OP_constu
	.byte	190                             @ 165054
	.byte	137                             @ 
	.byte	10                              @ 
	.byte	159                             @ DW_OP_stack_value
	.long	.Ltmp256-.Lfunc_begin6
	.long	.Ltmp266-.Lfunc_begin6
	.short	1                               @ Loc expr size
	.byte	87                              @ DW_OP_reg7
	.long	0
	.long	0
.Ldebug_loc57:
	.long	-1
	.long	.Lfunc_begin6                   @   base address
	.long	.Ltmp197-.Lfunc_begin6
	.long	.Ltmp200-.Lfunc_begin6
	.short	24                              @ Loc expr size
	.byte	118                             @ DW_OP_breg6
	.byte	254                             @ -258
	.byte	125                             @ 
	.byte	159                             @ DW_OP_stack_value
	.byte	147                             @ DW_OP_piece
	.byte	4                               @ 4
	.byte	125                             @ DW_OP_breg13
	.byte	56                              @ 56
	.byte	148                             @ DW_OP_deref_size
	.byte	4                               @ 
	.byte	16                              @ DW_OP_constu
	.byte	139                             @ 395
	.byte	3                               @ 
	.byte	28                              @ DW_OP_minus
	.byte	159                             @ DW_OP_stack_value
	.byte	147                             @ DW_OP_piece
	.byte	4                               @ 4
	.byte	114                             @ DW_OP_breg2
	.byte	158                             @ -168290
	.byte	221                             @ 
	.byte	117                             @ 
	.byte	159                             @ DW_OP_stack_value
	.byte	147                             @ DW_OP_piece
	.byte	4                               @ 4
	.long	.Ltmp200-.Lfunc_begin6
	.long	.Ltmp208-.Lfunc_begin6
	.short	17                              @ Loc expr size
	.byte	118                             @ DW_OP_breg6
	.byte	254                             @ -258
	.byte	125                             @ 
	.byte	159                             @ DW_OP_stack_value
	.byte	147                             @ DW_OP_piece
	.byte	4                               @ 4
	.byte	125                             @ DW_OP_breg13
	.byte	56                              @ 56
	.byte	148                             @ DW_OP_deref_size
	.byte	4                               @ 
	.byte	16                              @ DW_OP_constu
	.byte	139                             @ 395
	.byte	3                               @ 
	.byte	28                              @ DW_OP_minus
	.byte	159                             @ DW_OP_stack_value
	.byte	147                             @ DW_OP_piece
	.byte	4                               @ 4
	.long	0
	.long	0
.Ldebug_loc58:
	.long	-1
	.long	.Lfunc_begin6                   @   base address
	.long	.Ltmp197-.Lfunc_begin6
	.long	.Ltmp200-.Lfunc_begin6
	.short	1                               @ Loc expr size
	.byte	82                              @ DW_OP_reg2
	.long	0
	.long	0
.Ldebug_loc59:
	.long	-1
	.long	.Lfunc_begin6                   @   base address
	.long	.Ltmp198-.Lfunc_begin6
	.long	.Ltmp204-.Lfunc_begin6
	.short	1                               @ Loc expr size
	.byte	83                              @ DW_OP_reg3
	.long	0
	.long	0
.Ldebug_loc60:
	.long	-1
	.long	.Lfunc_begin6                   @   base address
	.long	.Ltmp212-.Lfunc_begin6
	.long	.Ltmp215-.Lfunc_begin6
	.short	2                               @ Loc expr size
	.byte	125                             @ DW_OP_breg13
	.byte	56                              @ 56
	.long	.Ltmp224-.Lfunc_begin6
	.long	.Ltmp242-.Lfunc_begin6
	.short	2                               @ Loc expr size
	.byte	125                             @ DW_OP_breg13
	.byte	56                              @ 56
	.long	.Ltmp242-.Lfunc_begin6
	.long	.Ltmp244-.Lfunc_begin6
	.short	1                               @ Loc expr size
	.byte	81                              @ DW_OP_reg1
	.long	.Ltmp252-.Lfunc_begin6
	.long	.Ltmp256-.Lfunc_begin6
	.short	2                               @ Loc expr size
	.byte	125                             @ DW_OP_breg13
	.byte	56                              @ 56
	.long	0
	.long	0
.Ldebug_loc61:
	.long	-1
	.long	.Lfunc_begin6                   @   base address
	.long	.Ltmp213-.Lfunc_begin6
	.long	.Ltmp215-.Lfunc_begin6
	.short	1                               @ Loc expr size
	.byte	86                              @ DW_OP_reg6
	.long	.Ltmp224-.Lfunc_begin6
	.long	.Ltmp226-.Lfunc_begin6
	.short	1                               @ Loc expr size
	.byte	86                              @ DW_OP_reg6
	.long	.Ltmp236-.Lfunc_begin6
	.long	.Ltmp247-.Lfunc_begin6
	.short	1                               @ Loc expr size
	.byte	84                              @ DW_OP_reg4
	.long	.Ltmp252-.Lfunc_begin6
	.long	.Ltmp256-.Lfunc_begin6
	.short	1                               @ Loc expr size
	.byte	84                              @ DW_OP_reg4
	.long	0
	.long	0
.Ldebug_loc62:
	.long	-1
	.long	.Lfunc_begin6                   @   base address
	.long	.Ltmp224-.Lfunc_begin6
	.long	.Ltmp225-.Lfunc_begin6
	.short	1                               @ Loc expr size
	.byte	83                              @ DW_OP_reg3
	.long	0
	.long	0
.Ldebug_loc63:
	.long	-1
	.long	.Lfunc_begin6                   @   base address
	.long	.Ltmp224-.Lfunc_begin6
	.long	.Ltmp241-.Lfunc_begin6
	.short	1                               @ Loc expr size
	.byte	81                              @ DW_OP_reg1
	.long	.Ltmp252-.Lfunc_begin6
	.long	.Ltmp256-.Lfunc_begin6
	.short	1                               @ Loc expr size
	.byte	81                              @ DW_OP_reg1
	.long	0
	.long	0
.Ldebug_loc64:
	.long	-1
	.long	.Lfunc_begin6                   @   base address
	.long	.Ltmp224-.Lfunc_begin6
	.long	.Ltmp231-.Lfunc_begin6
	.short	1                               @ Loc expr size
	.byte	80                              @ DW_OP_reg0
	.long	.Ltmp235-.Lfunc_begin6
	.long	.Ltmp239-.Lfunc_begin6
	.short	1                               @ Loc expr size
	.byte	80                              @ DW_OP_reg0
	.long	.Ltmp252-.Lfunc_begin6
	.long	.Ltmp256-.Lfunc_begin6
	.short	1                               @ Loc expr size
	.byte	80                              @ DW_OP_reg0
	.long	0
	.long	0
.Ldebug_loc65:
	.long	-1
	.long	.Lfunc_begin6                   @   base address
	.long	.Ltmp224-.Lfunc_begin6
	.long	.Ltmp240-.Lfunc_begin6
	.short	1                               @ Loc expr size
	.byte	82                              @ DW_OP_reg2
	.long	.Ltmp252-.Lfunc_begin6
	.long	.Ltmp253-.Lfunc_begin6
	.short	1                               @ Loc expr size
	.byte	82                              @ DW_OP_reg2
	.long	0
	.long	0
.Ldebug_loc66:
	.long	-1
	.long	.Lfunc_begin6                   @   base address
	.long	.Ltmp224-.Lfunc_begin6
	.long	.Ltmp227-.Lfunc_begin6
	.short	1                               @ Loc expr size
	.byte	84                              @ DW_OP_reg4
	.long	0
	.long	0
.Ldebug_loc67:
	.long	-1
	.long	.Lfunc_begin6                   @   base address
	.long	.Ltmp228-.Lfunc_begin6
	.long	.Ltmp234-.Lfunc_begin6
	.short	1                               @ Loc expr size
	.byte	85                              @ DW_OP_reg5
	.long	.Ltmp235-.Lfunc_begin6
	.long	.Ltmp243-.Lfunc_begin6
	.short	1                               @ Loc expr size
	.byte	85                              @ DW_OP_reg5
	.long	.Ltmp252-.Lfunc_begin6
	.long	.Ltmp256-.Lfunc_begin6
	.short	1                               @ Loc expr size
	.byte	85                              @ DW_OP_reg5
	.long	0
	.long	0
.Ldebug_loc68:
	.long	-1
	.long	.Lfunc_begin6                   @   base address
	.long	.Ltmp232-.Lfunc_begin6
	.long	.Ltmp235-.Lfunc_begin6
	.short	1                               @ Loc expr size
	.byte	87                              @ DW_OP_reg7
	.long	.Ltmp246-.Lfunc_begin6
	.long	.Ltmp247-.Lfunc_begin6
	.short	1                               @ Loc expr size
	.byte	87                              @ DW_OP_reg7
	.long	.Ltmp254-.Lfunc_begin6
	.long	.Ltmp256-.Lfunc_begin6
	.short	1                               @ Loc expr size
	.byte	87                              @ DW_OP_reg7
	.long	0
	.long	0
.Ldebug_loc69:
	.long	-1
	.long	.Lfunc_begin6                   @   base address
	.long	.Ltmp259-.Lfunc_begin6
	.long	.Ltmp260-.Lfunc_begin6
	.short	1                               @ Loc expr size
	.byte	80                              @ DW_OP_reg0
	.long	0
	.long	0
.Ldebug_loc70:
	.long	-1
	.long	.Lfunc_begin6                   @   base address
	.long	.Ltmp284-.Lfunc_begin6
	.long	.Ltmp291-.Lfunc_begin6
	.short	1                               @ Loc expr size
	.byte	85                              @ DW_OP_reg5
	.long	0
	.long	0
.Ldebug_loc71:
	.long	-1
	.long	.Lfunc_begin6                   @   base address
	.long	.Ltmp270-.Lfunc_begin6
	.long	.Ltmp275-.Lfunc_begin6
	.short	1                               @ Loc expr size
	.byte	80                              @ DW_OP_reg0
	.long	.Ltmp276-.Lfunc_begin6
	.long	.Ltmp278-.Lfunc_begin6
	.short	1                               @ Loc expr size
	.byte	80                              @ DW_OP_reg0
	.long	.Ltmp279-.Lfunc_begin6
	.long	.Ltmp280-.Lfunc_begin6
	.short	1                               @ Loc expr size
	.byte	80                              @ DW_OP_reg0
	.long	0
	.long	0
.Ldebug_loc72:
	.long	-1
	.long	.Lfunc_begin6                   @   base address
	.long	.Ltmp270-.Lfunc_begin6
	.long	.Ltmp282-.Lfunc_begin6
	.short	3                               @ Loc expr size
	.byte	48                              @ DW_OP_lit0
	.byte	32                              @ DW_OP_not
	.byte	159                             @ DW_OP_stack_value
	.long	.Ltmp283-.Lfunc_begin6
	.long	.Ltmp444-.Lfunc_begin6
	.short	3                               @ Loc expr size
	.byte	48                              @ DW_OP_lit0
	.byte	32                              @ DW_OP_not
	.byte	159                             @ DW_OP_stack_value
	.long	0
	.long	0
.Ldebug_loc73:
	.long	-1
	.long	.Lfunc_begin6                   @   base address
	.long	.Ltmp285-.Lfunc_begin6
	.long	.Ltmp286-.Lfunc_begin6
	.short	1                               @ Loc expr size
	.byte	81                              @ DW_OP_reg1
	.long	0
	.long	0
.Ldebug_loc74:
	.long	-1
	.long	.Lfunc_begin6                   @   base address
	.long	.Ltmp287-.Lfunc_begin6
	.long	.Ltmp288-.Lfunc_begin6
	.short	3                               @ Loc expr size
	.byte	112                             @ DW_OP_breg0
	.byte	0                               @ 0
	.byte	159                             @ DW_OP_stack_value
	.long	.Ltmp297-.Lfunc_begin6
	.long	.Ltmp298-.Lfunc_begin6
	.short	3                               @ Loc expr size
	.byte	112                             @ DW_OP_breg0
	.byte	0                               @ 0
	.byte	159                             @ DW_OP_stack_value
	.long	.Ltmp303-.Lfunc_begin6
	.long	.Ltmp304-.Lfunc_begin6
	.short	3                               @ Loc expr size
	.byte	112                             @ DW_OP_breg0
	.byte	0                               @ 0
	.byte	159                             @ DW_OP_stack_value
	.long	.Ltmp309-.Lfunc_begin6
	.long	.Ltmp310-.Lfunc_begin6
	.short	3                               @ Loc expr size
	.byte	112                             @ DW_OP_breg0
	.byte	0                               @ 0
	.byte	159                             @ DW_OP_stack_value
	.long	.Ltmp318-.Lfunc_begin6
	.long	.Ltmp319-.Lfunc_begin6
	.short	3                               @ Loc expr size
	.byte	112                             @ DW_OP_breg0
	.byte	0                               @ 0
	.byte	159                             @ DW_OP_stack_value
	.long	.Ltmp324-.Lfunc_begin6
	.long	.Ltmp325-.Lfunc_begin6
	.short	3                               @ Loc expr size
	.byte	112                             @ DW_OP_breg0
	.byte	0                               @ 0
	.byte	159                             @ DW_OP_stack_value
	.long	.Ltmp330-.Lfunc_begin6
	.long	.Ltmp331-.Lfunc_begin6
	.short	3                               @ Loc expr size
	.byte	112                             @ DW_OP_breg0
	.byte	0                               @ 0
	.byte	159                             @ DW_OP_stack_value
	.long	.Ltmp339-.Lfunc_begin6
	.long	.Ltmp340-.Lfunc_begin6
	.short	3                               @ Loc expr size
	.byte	112                             @ DW_OP_breg0
	.byte	0                               @ 0
	.byte	159                             @ DW_OP_stack_value
	.long	.Ltmp346-.Lfunc_begin6
	.long	.Ltmp347-.Lfunc_begin6
	.short	3                               @ Loc expr size
	.byte	112                             @ DW_OP_breg0
	.byte	0                               @ 0
	.byte	159                             @ DW_OP_stack_value
	.long	0
	.long	0
.Ldebug_loc75:
	.long	-1
	.long	.Lfunc_begin6                   @   base address
	.long	.Ltmp289-.Lfunc_begin6
	.long	.Ltmp290-.Lfunc_begin6
	.short	1                               @ Loc expr size
	.byte	80                              @ DW_OP_reg0
	.long	.Ltmp299-.Lfunc_begin6
	.long	.Ltmp300-.Lfunc_begin6
	.short	1                               @ Loc expr size
	.byte	80                              @ DW_OP_reg0
	.long	.Ltmp305-.Lfunc_begin6
	.long	.Ltmp306-.Lfunc_begin6
	.short	1                               @ Loc expr size
	.byte	80                              @ DW_OP_reg0
	.long	0
	.long	0
.Ldebug_loc76:
	.long	-1
	.long	.Lfunc_begin6                   @   base address
	.long	.Ltmp292-.Lfunc_begin6
	.long	.Ltmp293-.Lfunc_begin6
	.short	1                               @ Loc expr size
	.byte	80                              @ DW_OP_reg0
	.long	0
	.long	0
.Ldebug_loc77:
	.long	-1
	.long	.Lfunc_begin6                   @   base address
	.long	.Ltmp311-.Lfunc_begin6
	.long	.Ltmp312-.Lfunc_begin6
	.short	1                               @ Loc expr size
	.byte	80                              @ DW_OP_reg0
	.long	.Ltmp320-.Lfunc_begin6
	.long	.Ltmp321-.Lfunc_begin6
	.short	1                               @ Loc expr size
	.byte	80                              @ DW_OP_reg0
	.long	.Ltmp326-.Lfunc_begin6
	.long	.Ltmp327-.Lfunc_begin6
	.short	1                               @ Loc expr size
	.byte	80                              @ DW_OP_reg0
	.long	0
	.long	0
.Ldebug_loc78:
	.long	-1
	.long	.Lfunc_begin6                   @   base address
	.long	.Ltmp313-.Lfunc_begin6
	.long	.Ltmp314-.Lfunc_begin6
	.short	1                               @ Loc expr size
	.byte	80                              @ DW_OP_reg0
	.long	0
	.long	0
.Ldebug_loc79:
	.long	-1
	.long	.Lfunc_begin6                   @   base address
	.long	.Ltmp332-.Lfunc_begin6
	.long	.Ltmp333-.Lfunc_begin6
	.short	1                               @ Loc expr size
	.byte	80                              @ DW_OP_reg0
	.long	.Ltmp341-.Lfunc_begin6
	.long	.Ltmp342-.Lfunc_begin6
	.short	1                               @ Loc expr size
	.byte	80                              @ DW_OP_reg0
	.long	.Ltmp348-.Lfunc_begin6
	.long	.Ltmp349-.Lfunc_begin6
	.short	1                               @ Loc expr size
	.byte	80                              @ DW_OP_reg0
	.long	0
	.long	0
.Ldebug_loc80:
	.long	-1
	.long	.Lfunc_begin6                   @   base address
	.long	.Ltmp334-.Lfunc_begin6
	.long	.Ltmp335-.Lfunc_begin6
	.short	1                               @ Loc expr size
	.byte	80                              @ DW_OP_reg0
	.long	0
	.long	0
.Ldebug_loc81:
	.long	-1
	.long	.Lfunc_begin6                   @   base address
	.long	.Ltmp342-.Lfunc_begin6
	.long	.Ltmp343-.Lfunc_begin6
	.short	1                               @ Loc expr size
	.byte	80                              @ DW_OP_reg0
	.long	0
	.long	0
.Ldebug_loc82:
	.long	-1
	.long	.Lfunc_begin6                   @   base address
	.long	.Ltmp363-.Lfunc_begin6
	.long	.Ltmp365-.Lfunc_begin6
	.short	1                               @ Loc expr size
	.byte	80                              @ DW_OP_reg0
	.long	0
	.long	0
.Ldebug_loc83:
	.long	-1
	.long	.Lfunc_begin6                   @   base address
	.long	.Ltmp352-.Lfunc_begin6
	.long	.Ltmp416-.Lfunc_begin6
	.short	2                               @ Loc expr size
	.byte	125                             @ DW_OP_breg13
	.byte	44                              @ 44
	.long	.Ltmp416-.Lfunc_begin6
	.long	.Ltmp417-.Lfunc_begin6
	.short	1                               @ Loc expr size
	.byte	80                              @ DW_OP_reg0
	.long	.Ltmp417-.Lfunc_begin6
	.long	.Ltmp494-.Lfunc_begin6
	.short	2                               @ Loc expr size
	.byte	125                             @ DW_OP_breg13
	.byte	44                              @ 44
	.long	0
	.long	0
.Ldebug_loc84:
	.long	-1
	.long	.Lfunc_begin6                   @   base address
	.long	.Ltmp354-.Lfunc_begin6
	.long	.Ltmp388-.Lfunc_begin6
	.short	2                               @ Loc expr size
	.byte	125                             @ DW_OP_breg13
	.byte	56                              @ 56
	.long	.Ltmp388-.Lfunc_begin6
	.long	.Ltmp391-.Lfunc_begin6
	.short	1                               @ Loc expr size
	.byte	85                              @ DW_OP_reg5
	.long	.Ltmp391-.Lfunc_begin6
	.long	.Ltmp402-.Lfunc_begin6
	.short	3                               @ Loc expr size
	.byte	125                             @ DW_OP_breg13
	.byte	196                             @ 68
	.byte	0                               @ 
	.long	.Ltmp425-.Lfunc_begin6
	.long	.Ltmp438-.Lfunc_begin6
	.short	3                               @ Loc expr size
	.byte	125                             @ DW_OP_breg13
	.byte	196                             @ 68
	.byte	0                               @ 
	.long	.Ltmp438-.Lfunc_begin6
	.long	.Ltmp448-.Lfunc_begin6
	.short	1                               @ Loc expr size
	.byte	86                              @ DW_OP_reg6
	.long	.Ltmp448-.Lfunc_begin6
	.long	.Ltmp452-.Lfunc_begin6
	.short	1                               @ Loc expr size
	.byte	80                              @ DW_OP_reg0
	.long	0
	.long	0
.Ldebug_loc85:
	.long	-1
	.long	.Lfunc_begin6                   @   base address
	.long	.Ltmp354-.Lfunc_begin6
	.long	.Ltmp388-.Lfunc_begin6
	.short	2                               @ Loc expr size
	.byte	125                             @ DW_OP_breg13
	.byte	56                              @ 56
	.long	.Ltmp388-.Lfunc_begin6
	.long	.Ltmp394-.Lfunc_begin6
	.short	1                               @ Loc expr size
	.byte	85                              @ DW_OP_reg5
	.long	0
	.long	0
.Ldebug_loc86:
	.long	-1
	.long	.Lfunc_begin6                   @   base address
	.long	.Ltmp354-.Lfunc_begin6
	.long	.Ltmp357-.Lfunc_begin6
	.short	1                               @ Loc expr size
	.byte	85                              @ DW_OP_reg5
	.long	.Ltmp357-.Lfunc_begin6
	.long	.Ltmp444-.Lfunc_begin6
	.short	3                               @ Loc expr size
	.byte	125                             @ DW_OP_breg13
	.byte	196                             @ 68
	.byte	0                               @ 
	.long	0
	.long	0
.Ldebug_loc87:
	.long	-1
	.long	.Lfunc_begin6                   @   base address
	.long	.Ltmp365-.Lfunc_begin6
	.long	.Ltmp371-.Lfunc_begin6
	.short	1                               @ Loc expr size
	.byte	86                              @ DW_OP_reg6
	.long	0
	.long	0
.Ldebug_loc88:
	.long	-1
	.long	.Lfunc_begin6                   @   base address
	.long	.Ltmp378-.Lfunc_begin6
	.long	.Ltmp380-.Lfunc_begin6
	.short	1                               @ Loc expr size
	.byte	80                              @ DW_OP_reg0
	.long	0
	.long	0
.Ldebug_loc89:
	.long	-1
	.long	.Lfunc_begin6                   @   base address
	.long	.Ltmp355-.Lfunc_begin6
	.long	.Ltmp356-.Lfunc_begin6
	.short	1                               @ Loc expr size
	.byte	80                              @ DW_OP_reg0
	.long	.Ltmp356-.Lfunc_begin6
	.long	.Ltmp375-.Lfunc_begin6
	.short	2                               @ Loc expr size
	.byte	125                             @ DW_OP_breg13
	.byte	12                              @ 12
	.long	.Ltmp375-.Lfunc_begin6
	.long	.Ltmp384-.Lfunc_begin6
	.short	1                               @ Loc expr size
	.byte	85                              @ DW_OP_reg5
	.long	0
	.long	0
.Ldebug_loc90:
	.long	-1
	.long	.Lfunc_begin6                   @   base address
	.long	.Ltmp383-.Lfunc_begin6
	.long	.Ltmp385-.Lfunc_begin6
	.short	1                               @ Loc expr size
	.byte	81                              @ DW_OP_reg1
	.long	0
	.long	0
.Ldebug_loc91:
	.long	-1
	.long	.Lfunc_begin6                   @   base address
	.long	.Ltmp370-.Lfunc_begin6
	.long	.Ltmp372-.Lfunc_begin6
	.short	1                               @ Loc expr size
	.byte	80                              @ DW_OP_reg0
	.long	0
	.long	0
.Ldebug_loc92:
	.long	-1
	.long	.Lfunc_begin6                   @   base address
	.long	.Ltmp359-.Lfunc_begin6
	.long	.Ltmp389-.Lfunc_begin6
	.short	2                               @ Loc expr size
	.byte	125                             @ DW_OP_breg13
	.byte	40                              @ 40
	.long	.Ltmp389-.Lfunc_begin6
	.long	.Ltmp396-.Lfunc_begin6
	.short	1                               @ Loc expr size
	.byte	86                              @ DW_OP_reg6
	.long	0
	.long	0
.Ldebug_loc93:
	.long	-1
	.long	.Lfunc_begin6                   @   base address
	.long	.Ltmp361-.Lfunc_begin6
	.long	.Ltmp392-.Lfunc_begin6
	.short	2                               @ Loc expr size
	.byte	125                             @ DW_OP_breg13
	.byte	24                              @ 24
	.long	.Ltmp392-.Lfunc_begin6
	.long	.Ltmp396-.Lfunc_begin6
	.short	1                               @ Loc expr size
	.byte	87                              @ DW_OP_reg7
	.long	.Ltmp396-.Lfunc_begin6
	.long	.Ltmp415-.Lfunc_begin6
	.short	1                               @ Loc expr size
	.byte	86                              @ DW_OP_reg6
	.long	.Ltmp415-.Lfunc_begin6
	.long	.Ltmp431-.Lfunc_begin6
	.short	2                               @ Loc expr size
	.byte	125                             @ DW_OP_breg13
	.byte	52                              @ 52
	.long	.Ltmp431-.Lfunc_begin6
	.long	.Ltmp465-.Lfunc_begin6
	.short	1                               @ Loc expr size
	.byte	84                              @ DW_OP_reg4
	.long	.Ltmp465-.Lfunc_begin6
	.long	.Ltmp494-.Lfunc_begin6
	.short	2                               @ Loc expr size
	.byte	125                             @ DW_OP_breg13
	.byte	60                              @ 60
	.long	0
	.long	0
.Ldebug_loc94:
	.long	-1
	.long	.Lfunc_begin6                   @   base address
	.long	.Ltmp361-.Lfunc_begin6
	.long	.Ltmp392-.Lfunc_begin6
	.short	2                               @ Loc expr size
	.byte	125                             @ DW_OP_breg13
	.byte	24                              @ 24
	.long	.Ltmp392-.Lfunc_begin6
	.long	.Ltmp394-.Lfunc_begin6
	.short	1                               @ Loc expr size
	.byte	87                              @ DW_OP_reg7
	.long	.Ltmp394-.Lfunc_begin6
	.long	.Ltmp408-.Lfunc_begin6
	.short	1                               @ Loc expr size
	.byte	85                              @ DW_OP_reg5
	.long	.Ltmp427-.Lfunc_begin6
	.long	.Ltmp440-.Lfunc_begin6
	.short	2                               @ Loc expr size
	.byte	125                             @ DW_OP_breg13
	.byte	56                              @ 56
	.long	.Ltmp440-.Lfunc_begin6
	.long	.Ltmp456-.Lfunc_begin6
	.short	1                               @ Loc expr size
	.byte	87                              @ DW_OP_reg7
	.long	.Ltmp457-.Lfunc_begin6
	.long	.Ltmp460-.Lfunc_begin6
	.short	1                               @ Loc expr size
	.byte	87                              @ DW_OP_reg7
	.long	.Ltmp460-.Lfunc_begin6
	.long	.Ltmp494-.Lfunc_begin6
	.short	2                               @ Loc expr size
	.byte	125                             @ DW_OP_breg13
	.byte	40                              @ 40
	.long	0
	.long	0
.Ldebug_loc95:
	.long	-1
	.long	.Lfunc_begin6                   @   base address
	.long	.Ltmp361-.Lfunc_begin6
	.long	.Ltmp392-.Lfunc_begin6
	.short	2                               @ Loc expr size
	.byte	125                             @ DW_OP_breg13
	.byte	24                              @ 24
	.long	.Ltmp392-.Lfunc_begin6
	.long	.Ltmp414-.Lfunc_begin6
	.short	1                               @ Loc expr size
	.byte	87                              @ DW_OP_reg7
	.long	0
	.long	0
.Ldebug_loc96:
	.long	-1
	.long	.Lfunc_begin6                   @   base address
	.long	.Ltmp363-.Lfunc_begin6
	.long	.Ltmp379-.Lfunc_begin6
	.short	1                               @ Loc expr size
	.byte	87                              @ DW_OP_reg7
	.long	0
	.long	0
.Ldebug_loc97:
	.long	-1
	.long	.Lfunc_begin6                   @   base address
	.long	.Ltmp364-.Lfunc_begin6
	.long	.Ltmp367-.Lfunc_begin6
	.short	1                               @ Loc expr size
	.byte	81                              @ DW_OP_reg1
	.long	.Ltmp367-.Lfunc_begin6
	.long	.Ltmp494-.Lfunc_begin6
	.short	2                               @ Loc expr size
	.byte	125                             @ DW_OP_breg13
	.byte	8                               @ 8
	.long	0
	.long	0
.Ldebug_loc98:
	.long	-1
	.long	.Lfunc_begin6                   @   base address
	.long	.Ltmp365-.Lfunc_begin6
	.long	.Ltmp366-.Lfunc_begin6
	.short	1                               @ Loc expr size
	.byte	80                              @ DW_OP_reg0
	.long	.Ltmp366-.Lfunc_begin6
	.long	.Ltmp444-.Lfunc_begin6
	.short	3                               @ Loc expr size
	.byte	125                             @ DW_OP_breg13
	.byte	196                             @ 68
	.byte	0                               @ 
	.long	0
	.long	0
.Ldebug_loc99:
	.long	-1
	.long	.Lfunc_begin6                   @   base address
	.long	.Ltmp366-.Lfunc_begin6
	.long	.Ltmp375-.Lfunc_begin6
	.short	1                               @ Loc expr size
	.byte	85                              @ DW_OP_reg5
	.long	0
	.long	0
.Ldebug_loc100:
	.long	-1
	.long	.Lfunc_begin6                   @   base address
	.long	.Ltmp369-.Lfunc_begin6
	.long	.Ltmp397-.Lfunc_begin6
	.short	2                               @ Loc expr size
	.byte	125                             @ DW_OP_breg13
	.byte	28                              @ 28
	.long	.Ltmp397-.Lfunc_begin6
	.long	.Ltmp399-.Lfunc_begin6
	.short	1                               @ Loc expr size
	.byte	80                              @ DW_OP_reg0
	.long	.Ltmp399-.Lfunc_begin6
	.long	.Ltmp401-.Lfunc_begin6
	.short	1                               @ Loc expr size
	.byte	81                              @ DW_OP_reg1
	.long	0
	.long	0
.Ldebug_loc101:
	.long	-1
	.long	.Lfunc_begin6                   @   base address
	.long	.Ltmp370-.Lfunc_begin6
	.long	.Ltmp379-.Lfunc_begin6
	.short	1                               @ Loc expr size
	.byte	87                              @ DW_OP_reg7
	.long	0
	.long	0
.Ldebug_loc102:
	.long	-1
	.long	.Lfunc_begin6                   @   base address
	.long	.Ltmp371-.Lfunc_begin6
	.long	.Ltmp389-.Lfunc_begin6
	.short	1                               @ Loc expr size
	.byte	86                              @ DW_OP_reg6
	.long	0
	.long	0
.Ldebug_loc103:
	.long	-1
	.long	.Lfunc_begin6                   @   base address
	.long	.Ltmp374-.Lfunc_begin6
	.long	.Ltmp409-.Lfunc_begin6
	.short	2                               @ Loc expr size
	.byte	125                             @ DW_OP_breg13
	.byte	52                              @ 52
	.long	.Ltmp409-.Lfunc_begin6
	.long	.Ltmp411-.Lfunc_begin6
	.short	1                               @ Loc expr size
	.byte	80                              @ DW_OP_reg0
	.long	.Ltmp411-.Lfunc_begin6
	.long	.Ltmp413-.Lfunc_begin6
	.short	1                               @ Loc expr size
	.byte	81                              @ DW_OP_reg1
	.long	0
	.long	0
.Ldebug_loc104:
	.long	-1
	.long	.Lfunc_begin6                   @   base address
	.long	.Ltmp377-.Lfunc_begin6
	.long	.Ltmp403-.Lfunc_begin6
	.short	2                               @ Loc expr size
	.byte	125                             @ DW_OP_breg13
	.byte	20                              @ 20
	.long	.Ltmp403-.Lfunc_begin6
	.long	.Ltmp405-.Lfunc_begin6
	.short	1                               @ Loc expr size
	.byte	80                              @ DW_OP_reg0
	.long	.Ltmp405-.Lfunc_begin6
	.long	.Ltmp407-.Lfunc_begin6
	.short	1                               @ Loc expr size
	.byte	81                              @ DW_OP_reg1
	.long	0
	.long	0
.Ldebug_loc105:
	.long	-1
	.long	.Lfunc_begin6                   @   base address
	.long	.Ltmp378-.Lfunc_begin6
	.long	.Ltmp379-.Lfunc_begin6
	.short	1                               @ Loc expr size
	.byte	87                              @ DW_OP_reg7
	.long	0
	.long	0
.Ldebug_loc106:
	.long	-1
	.long	.Lfunc_begin6                   @   base address
	.long	.Ltmp379-.Lfunc_begin6
	.long	.Ltmp392-.Lfunc_begin6
	.short	1                               @ Loc expr size
	.byte	87                              @ DW_OP_reg7
	.long	0
	.long	0
.Ldebug_loc107:
	.long	-1
	.long	.Lfunc_begin6                   @   base address
	.long	.Ltmp384-.Lfunc_begin6
	.long	.Ltmp388-.Lfunc_begin6
	.short	1                               @ Loc expr size
	.byte	85                              @ DW_OP_reg5
	.long	0
	.long	0
.Ldebug_loc108:
	.long	-1
	.long	.Lfunc_begin6                   @   base address
	.long	.Ltmp398-.Lfunc_begin6
	.long	.Ltmp399-.Lfunc_begin6
	.short	1                               @ Loc expr size
	.byte	81                              @ DW_OP_reg1
	.long	0
	.long	0
.Ldebug_loc109:
	.long	-1
	.long	.Lfunc_begin6                   @   base address
	.long	.Ltmp398-.Lfunc_begin6
	.long	.Ltmp400-.Lfunc_begin6
	.short	1                               @ Loc expr size
	.byte	80                              @ DW_OP_reg0
	.long	0
	.long	0
.Ldebug_loc110:
	.long	-1
	.long	.Lfunc_begin6                   @   base address
	.long	.Ltmp404-.Lfunc_begin6
	.long	.Ltmp405-.Lfunc_begin6
	.short	1                               @ Loc expr size
	.byte	81                              @ DW_OP_reg1
	.long	0
	.long	0
.Ldebug_loc111:
	.long	-1
	.long	.Lfunc_begin6                   @   base address
	.long	.Ltmp404-.Lfunc_begin6
	.long	.Ltmp406-.Lfunc_begin6
	.short	1                               @ Loc expr size
	.byte	80                              @ DW_OP_reg0
	.long	0
	.long	0
.Ldebug_loc112:
	.long	-1
	.long	.Lfunc_begin6                   @   base address
	.long	.Ltmp410-.Lfunc_begin6
	.long	.Ltmp411-.Lfunc_begin6
	.short	1                               @ Loc expr size
	.byte	81                              @ DW_OP_reg1
	.long	0
	.long	0
.Ldebug_loc113:
	.long	-1
	.long	.Lfunc_begin6                   @   base address
	.long	.Ltmp410-.Lfunc_begin6
	.long	.Ltmp412-.Lfunc_begin6
	.short	1                               @ Loc expr size
	.byte	80                              @ DW_OP_reg0
	.long	0
	.long	0
.Ldebug_loc114:
	.long	-1
	.long	.Lfunc_begin6                   @   base address
	.long	.Ltmp421-.Lfunc_begin6
	.long	.Ltmp423-.Lfunc_begin6
	.short	1                               @ Loc expr size
	.byte	80                              @ DW_OP_reg0
	.long	.Ltmp424-.Lfunc_begin6
	.long	.Ltmp494-.Lfunc_begin6
	.short	2                               @ Loc expr size
	.byte	125                             @ DW_OP_breg13
	.byte	40                              @ 40
	.long	0
	.long	0
.Ldebug_loc115:
	.long	-1
	.long	.Lfunc_begin6                   @   base address
	.long	.Ltmp429-.Lfunc_begin6
	.long	.Ltmp433-.Lfunc_begin6
	.short	1                               @ Loc expr size
	.byte	85                              @ DW_OP_reg5
	.long	.Ltmp433-.Lfunc_begin6
	.long	.Ltmp435-.Lfunc_begin6
	.short	1                               @ Loc expr size
	.byte	81                              @ DW_OP_reg1
	.long	.Ltmp436-.Lfunc_begin6
	.long	.Ltmp447-.Lfunc_begin6
	.short	1                               @ Loc expr size
	.byte	85                              @ DW_OP_reg5
	.long	0
	.long	0
.Ldebug_loc116:
	.long	-1
	.long	.Lfunc_begin6                   @   base address
	.long	.Ltmp445-.Lfunc_begin6
	.long	.Ltmp446-.Lfunc_begin6
	.short	1                               @ Loc expr size
	.byte	86                              @ DW_OP_reg6
	.long	0
	.long	0
.Ldebug_loc117:
	.long	-1
	.long	.Lfunc_begin6                   @   base address
	.long	.Ltmp449-.Lfunc_begin6
	.long	.Ltmp452-.Lfunc_begin6
	.short	1                               @ Loc expr size
	.byte	80                              @ DW_OP_reg0
	.long	0
	.long	0
.Ldebug_loc118:
	.long	-1
	.long	.Lfunc_begin6                   @   base address
	.long	.Ltmp457-.Lfunc_begin6
	.long	.Ltmp466-.Lfunc_begin6
	.short	1                               @ Loc expr size
	.byte	86                              @ DW_OP_reg6
	.long	.Ltmp467-.Lfunc_begin6
	.long	.Ltmp468-.Lfunc_begin6
	.short	1                               @ Loc expr size
	.byte	86                              @ DW_OP_reg6
	.long	.Ltmp468-.Lfunc_begin6
	.long	.Ltmp477-.Lfunc_begin6
	.short	6                               @ Loc expr size
	.byte	118                             @ DW_OP_breg6
	.byte	0                               @ 0
	.byte	16                              @ DW_OP_constu
	.byte	100                             @ 100
	.byte	27                              @ DW_OP_div
	.byte	159                             @ DW_OP_stack_value
	.long	0
	.long	0
.Ldebug_loc119:
	.long	-1
	.long	.Lfunc_begin6                   @   base address
	.long	.Ltmp486-.Lfunc_begin6
	.long	.Ltmp488-.Lfunc_begin6
	.short	1                               @ Loc expr size
	.byte	80                              @ DW_OP_reg0
	.long	.Ltmp489-.Lfunc_begin6
	.long	.Ltmp491-.Lfunc_begin6
	.short	1                               @ Loc expr size
	.byte	80                              @ DW_OP_reg0
	.long	0
	.long	0
.Ldebug_loc120:
	.long	-1
	.long	.Lfunc_begin6                   @   base address
	.long	.Ltmp475-.Lfunc_begin6
	.long	.Ltmp476-.Lfunc_begin6
	.short	1                               @ Loc expr size
	.byte	80                              @ DW_OP_reg0
	.long	.Ltmp477-.Lfunc_begin6
	.long	.Ltmp478-.Lfunc_begin6
	.short	1                               @ Loc expr size
	.byte	86                              @ DW_OP_reg6
	.long	.Ltmp479-.Lfunc_begin6
	.long	.Ltmp481-.Lfunc_begin6
	.short	1                               @ Loc expr size
	.byte	80                              @ DW_OP_reg0
	.long	0
	.long	0
	.section	.debug_abbrev,"",%progbits
	.byte	1                               @ Abbreviation Code
	.byte	17                              @ DW_TAG_compile_unit
	.byte	1                               @ DW_CHILDREN_yes
	.byte	37                              @ DW_AT_producer
	.byte	14                              @ DW_FORM_strp
	.byte	19                              @ DW_AT_language
	.byte	5                               @ DW_FORM_data2
	.byte	3                               @ DW_AT_name
	.byte	14                              @ DW_FORM_strp
	.byte	16                              @ DW_AT_stmt_list
	.byte	23                              @ DW_FORM_sec_offset
	.byte	27                              @ DW_AT_comp_dir
	.byte	14                              @ DW_FORM_strp
	.byte	17                              @ DW_AT_low_pc
	.byte	1                               @ DW_FORM_addr
	.byte	85                              @ DW_AT_ranges
	.byte	23                              @ DW_FORM_sec_offset
	.byte	0                               @ EOM(1)
	.byte	0                               @ EOM(2)
	.byte	2                               @ Abbreviation Code
	.byte	52                              @ DW_TAG_variable
	.byte	0                               @ DW_CHILDREN_no
	.byte	3                               @ DW_AT_name
	.byte	14                              @ DW_FORM_strp
	.byte	73                              @ DW_AT_type
	.byte	19                              @ DW_FORM_ref4
	.byte	63                              @ DW_AT_external
	.byte	25                              @ DW_FORM_flag_present
	.byte	58                              @ DW_AT_decl_file
	.byte	11                              @ DW_FORM_data1
	.byte	59                              @ DW_AT_decl_line
	.byte	11                              @ DW_FORM_data1
	.byte	2                               @ DW_AT_location
	.byte	24                              @ DW_FORM_exprloc
	.byte	0                               @ EOM(1)
	.byte	0                               @ EOM(2)
	.byte	3                               @ Abbreviation Code
	.byte	22                              @ DW_TAG_typedef
	.byte	0                               @ DW_CHILDREN_no
	.byte	73                              @ DW_AT_type
	.byte	19                              @ DW_FORM_ref4
	.byte	3                               @ DW_AT_name
	.byte	14                              @ DW_FORM_strp
	.byte	58                              @ DW_AT_decl_file
	.byte	11                              @ DW_FORM_data1
	.byte	59                              @ DW_AT_decl_line
	.byte	11                              @ DW_FORM_data1
	.byte	0                               @ EOM(1)
	.byte	0                               @ EOM(2)
	.byte	4                               @ Abbreviation Code
	.byte	36                              @ DW_TAG_base_type
	.byte	0                               @ DW_CHILDREN_no
	.byte	3                               @ DW_AT_name
	.byte	14                              @ DW_FORM_strp
	.byte	62                              @ DW_AT_encoding
	.byte	11                              @ DW_FORM_data1
	.byte	11                              @ DW_AT_byte_size
	.byte	11                              @ DW_FORM_data1
	.byte	0                               @ EOM(1)
	.byte	0                               @ EOM(2)
	.byte	5                               @ Abbreviation Code
	.byte	46                              @ DW_TAG_subprogram
	.byte	1                               @ DW_CHILDREN_yes
	.byte	17                              @ DW_AT_low_pc
	.byte	1                               @ DW_FORM_addr
	.byte	18                              @ DW_AT_high_pc
	.byte	6                               @ DW_FORM_data4
	.byte	64                              @ DW_AT_frame_base
	.byte	24                              @ DW_FORM_exprloc
	.ascii	"\227B"                         @ DW_AT_GNU_all_call_sites
	.byte	25                              @ DW_FORM_flag_present
	.byte	3                               @ DW_AT_name
	.byte	14                              @ DW_FORM_strp
	.byte	58                              @ DW_AT_decl_file
	.byte	11                              @ DW_FORM_data1
	.byte	59                              @ DW_AT_decl_line
	.byte	5                               @ DW_FORM_data2
	.byte	39                              @ DW_AT_prototyped
	.byte	25                              @ DW_FORM_flag_present
	.byte	63                              @ DW_AT_external
	.byte	25                              @ DW_FORM_flag_present
	.byte	0                               @ EOM(1)
	.byte	0                               @ EOM(2)
	.byte	6                               @ Abbreviation Code
	.byte	52                              @ DW_TAG_variable
	.byte	0                               @ DW_CHILDREN_no
	.byte	3                               @ DW_AT_name
	.byte	14                              @ DW_FORM_strp
	.byte	73                              @ DW_AT_type
	.byte	19                              @ DW_FORM_ref4
	.byte	58                              @ DW_AT_decl_file
	.byte	11                              @ DW_FORM_data1
	.byte	59                              @ DW_AT_decl_line
	.byte	5                               @ DW_FORM_data2
	.byte	2                               @ DW_AT_location
	.byte	24                              @ DW_FORM_exprloc
	.byte	0                               @ EOM(1)
	.byte	0                               @ EOM(2)
	.byte	7                               @ Abbreviation Code
	.byte	52                              @ DW_TAG_variable
	.byte	0                               @ DW_CHILDREN_no
	.byte	3                               @ DW_AT_name
	.byte	14                              @ DW_FORM_strp
	.byte	73                              @ DW_AT_type
	.byte	19                              @ DW_FORM_ref4
	.byte	58                              @ DW_AT_decl_file
	.byte	11                              @ DW_FORM_data1
	.byte	59                              @ DW_AT_decl_line
	.byte	5                               @ DW_FORM_data2
	.byte	0                               @ EOM(1)
	.byte	0                               @ EOM(2)
	.byte	8                               @ Abbreviation Code
	.byte	5                               @ DW_TAG_formal_parameter
	.byte	0                               @ DW_CHILDREN_no
	.byte	2                               @ DW_AT_location
	.byte	23                              @ DW_FORM_sec_offset
	.byte	3                               @ DW_AT_name
	.byte	14                              @ DW_FORM_strp
	.byte	58                              @ DW_AT_decl_file
	.byte	11                              @ DW_FORM_data1
	.byte	59                              @ DW_AT_decl_line
	.byte	5                               @ DW_FORM_data2
	.byte	73                              @ DW_AT_type
	.byte	19                              @ DW_FORM_ref4
	.byte	0                               @ EOM(1)
	.byte	0                               @ EOM(2)
	.byte	9                               @ Abbreviation Code
	.byte	52                              @ DW_TAG_variable
	.byte	0                               @ DW_CHILDREN_no
	.byte	2                               @ DW_AT_location
	.byte	23                              @ DW_FORM_sec_offset
	.byte	3                               @ DW_AT_name
	.byte	14                              @ DW_FORM_strp
	.byte	58                              @ DW_AT_decl_file
	.byte	11                              @ DW_FORM_data1
	.byte	59                              @ DW_AT_decl_line
	.byte	5                               @ DW_FORM_data2
	.byte	73                              @ DW_AT_type
	.byte	19                              @ DW_FORM_ref4
	.byte	0                               @ EOM(1)
	.byte	0                               @ EOM(2)
	.byte	10                              @ Abbreviation Code
	.byte	19                              @ DW_TAG_structure_type
	.byte	1                               @ DW_CHILDREN_yes
	.byte	11                              @ DW_AT_byte_size
	.byte	11                              @ DW_FORM_data1
	.byte	58                              @ DW_AT_decl_file
	.byte	11                              @ DW_FORM_data1
	.byte	59                              @ DW_AT_decl_line
	.byte	11                              @ DW_FORM_data1
	.byte	0                               @ EOM(1)
	.byte	0                               @ EOM(2)
	.byte	11                              @ Abbreviation Code
	.byte	13                              @ DW_TAG_member
	.byte	0                               @ DW_CHILDREN_no
	.byte	3                               @ DW_AT_name
	.byte	14                              @ DW_FORM_strp
	.byte	73                              @ DW_AT_type
	.byte	19                              @ DW_FORM_ref4
	.byte	58                              @ DW_AT_decl_file
	.byte	11                              @ DW_FORM_data1
	.byte	59                              @ DW_AT_decl_line
	.byte	11                              @ DW_FORM_data1
	.byte	56                              @ DW_AT_data_member_location
	.byte	11                              @ DW_FORM_data1
	.byte	0                               @ EOM(1)
	.byte	0                               @ EOM(2)
	.byte	12                              @ Abbreviation Code
	.byte	52                              @ DW_TAG_variable
	.byte	0                               @ DW_CHILDREN_no
	.byte	3                               @ DW_AT_name
	.byte	14                              @ DW_FORM_strp
	.byte	73                              @ DW_AT_type
	.byte	19                              @ DW_FORM_ref4
	.byte	58                              @ DW_AT_decl_file
	.byte	11                              @ DW_FORM_data1
	.byte	59                              @ DW_AT_decl_line
	.byte	11                              @ DW_FORM_data1
	.byte	28                              @ DW_AT_const_value
	.byte	15                              @ DW_FORM_udata
	.byte	0                               @ EOM(1)
	.byte	0                               @ EOM(2)
	.byte	13                              @ Abbreviation Code
	.byte	38                              @ DW_TAG_const_type
	.byte	0                               @ DW_CHILDREN_no
	.byte	73                              @ DW_AT_type
	.byte	19                              @ DW_FORM_ref4
	.byte	0                               @ EOM(1)
	.byte	0                               @ EOM(2)
	.byte	14                              @ Abbreviation Code
	.byte	52                              @ DW_TAG_variable
	.byte	0                               @ DW_CHILDREN_no
	.byte	3                               @ DW_AT_name
	.byte	14                              @ DW_FORM_strp
	.byte	73                              @ DW_AT_type
	.byte	19                              @ DW_FORM_ref4
	.byte	58                              @ DW_AT_decl_file
	.byte	11                              @ DW_FORM_data1
	.byte	59                              @ DW_AT_decl_line
	.byte	11                              @ DW_FORM_data1
	.byte	2                               @ DW_AT_location
	.byte	24                              @ DW_FORM_exprloc
	.byte	0                               @ EOM(1)
	.byte	0                               @ EOM(2)
	.byte	15                              @ Abbreviation Code
	.byte	19                              @ DW_TAG_structure_type
	.byte	1                               @ DW_CHILDREN_yes
	.byte	3                               @ DW_AT_name
	.byte	14                              @ DW_FORM_strp
	.byte	11                              @ DW_AT_byte_size
	.byte	11                              @ DW_FORM_data1
	.byte	58                              @ DW_AT_decl_file
	.byte	11                              @ DW_FORM_data1
	.byte	59                              @ DW_AT_decl_line
	.byte	11                              @ DW_FORM_data1
	.byte	0                               @ EOM(1)
	.byte	0                               @ EOM(2)
	.byte	16                              @ Abbreviation Code
	.byte	52                              @ DW_TAG_variable
	.byte	0                               @ DW_CHILDREN_no
	.byte	3                               @ DW_AT_name
	.byte	14                              @ DW_FORM_strp
	.byte	73                              @ DW_AT_type
	.byte	19                              @ DW_FORM_ref4
	.byte	63                              @ DW_AT_external
	.byte	25                              @ DW_FORM_flag_present
	.byte	58                              @ DW_AT_decl_file
	.byte	11                              @ DW_FORM_data1
	.byte	59                              @ DW_AT_decl_line
	.byte	5                               @ DW_FORM_data2
	.byte	2                               @ DW_AT_location
	.byte	24                              @ DW_FORM_exprloc
	.byte	0                               @ EOM(1)
	.byte	0                               @ EOM(2)
	.byte	17                              @ Abbreviation Code
	.byte	1                               @ DW_TAG_array_type
	.byte	1                               @ DW_CHILDREN_yes
	.byte	73                              @ DW_AT_type
	.byte	19                              @ DW_FORM_ref4
	.byte	0                               @ EOM(1)
	.byte	0                               @ EOM(2)
	.byte	18                              @ Abbreviation Code
	.byte	33                              @ DW_TAG_subrange_type
	.byte	0                               @ DW_CHILDREN_no
	.byte	73                              @ DW_AT_type
	.byte	19                              @ DW_FORM_ref4
	.byte	55                              @ DW_AT_count
	.byte	11                              @ DW_FORM_data1
	.byte	0                               @ EOM(1)
	.byte	0                               @ EOM(2)
	.byte	19                              @ Abbreviation Code
	.byte	36                              @ DW_TAG_base_type
	.byte	0                               @ DW_CHILDREN_no
	.byte	3                               @ DW_AT_name
	.byte	14                              @ DW_FORM_strp
	.byte	11                              @ DW_AT_byte_size
	.byte	11                              @ DW_FORM_data1
	.byte	62                              @ DW_AT_encoding
	.byte	11                              @ DW_FORM_data1
	.byte	0                               @ EOM(1)
	.byte	0                               @ EOM(2)
	.byte	20                              @ Abbreviation Code
	.byte	52                              @ DW_TAG_variable
	.byte	0                               @ DW_CHILDREN_no
	.byte	3                               @ DW_AT_name
	.byte	14                              @ DW_FORM_strp
	.byte	73                              @ DW_AT_type
	.byte	19                              @ DW_FORM_ref4
	.byte	58                              @ DW_AT_decl_file
	.byte	11                              @ DW_FORM_data1
	.byte	59                              @ DW_AT_decl_line
	.byte	11                              @ DW_FORM_data1
	.byte	0                               @ EOM(1)
	.byte	0                               @ EOM(2)
	.byte	21                              @ Abbreviation Code
	.byte	22                              @ DW_TAG_typedef
	.byte	0                               @ DW_CHILDREN_no
	.byte	73                              @ DW_AT_type
	.byte	19                              @ DW_FORM_ref4
	.byte	3                               @ DW_AT_name
	.byte	14                              @ DW_FORM_strp
	.byte	58                              @ DW_AT_decl_file
	.byte	11                              @ DW_FORM_data1
	.byte	59                              @ DW_AT_decl_line
	.byte	5                               @ DW_FORM_data2
	.byte	0                               @ EOM(1)
	.byte	0                               @ EOM(2)
	.byte	22                              @ Abbreviation Code
	.byte	19                              @ DW_TAG_structure_type
	.byte	1                               @ DW_CHILDREN_yes
	.byte	3                               @ DW_AT_name
	.byte	14                              @ DW_FORM_strp
	.byte	11                              @ DW_AT_byte_size
	.byte	11                              @ DW_FORM_data1
	.byte	58                              @ DW_AT_decl_file
	.byte	11                              @ DW_FORM_data1
	.byte	59                              @ DW_AT_decl_line
	.byte	5                               @ DW_FORM_data2
	.byte	0                               @ EOM(1)
	.byte	0                               @ EOM(2)
	.byte	23                              @ Abbreviation Code
	.byte	13                              @ DW_TAG_member
	.byte	0                               @ DW_CHILDREN_no
	.byte	3                               @ DW_AT_name
	.byte	14                              @ DW_FORM_strp
	.byte	73                              @ DW_AT_type
	.byte	19                              @ DW_FORM_ref4
	.byte	58                              @ DW_AT_decl_file
	.byte	11                              @ DW_FORM_data1
	.byte	59                              @ DW_AT_decl_line
	.byte	5                               @ DW_FORM_data2
	.byte	56                              @ DW_AT_data_member_location
	.byte	11                              @ DW_FORM_data1
	.byte	0                               @ EOM(1)
	.byte	0                               @ EOM(2)
	.byte	24                              @ Abbreviation Code
	.byte	4                               @ DW_TAG_enumeration_type
	.byte	1                               @ DW_CHILDREN_yes
	.byte	73                              @ DW_AT_type
	.byte	19                              @ DW_FORM_ref4
	.byte	3                               @ DW_AT_name
	.byte	14                              @ DW_FORM_strp
	.byte	11                              @ DW_AT_byte_size
	.byte	11                              @ DW_FORM_data1
	.byte	58                              @ DW_AT_decl_file
	.byte	11                              @ DW_FORM_data1
	.byte	59                              @ DW_AT_decl_line
	.byte	11                              @ DW_FORM_data1
	.byte	0                               @ EOM(1)
	.byte	0                               @ EOM(2)
	.byte	25                              @ Abbreviation Code
	.byte	40                              @ DW_TAG_enumerator
	.byte	0                               @ DW_CHILDREN_no
	.byte	3                               @ DW_AT_name
	.byte	14                              @ DW_FORM_strp
	.byte	28                              @ DW_AT_const_value
	.byte	15                              @ DW_FORM_udata
	.byte	0                               @ EOM(1)
	.byte	0                               @ EOM(2)
	.byte	26                              @ Abbreviation Code
	.byte	46                              @ DW_TAG_subprogram
	.byte	1                               @ DW_CHILDREN_yes
	.byte	17                              @ DW_AT_low_pc
	.byte	1                               @ DW_FORM_addr
	.byte	18                              @ DW_AT_high_pc
	.byte	6                               @ DW_FORM_data4
	.byte	64                              @ DW_AT_frame_base
	.byte	24                              @ DW_FORM_exprloc
	.ascii	"\227B"                         @ DW_AT_GNU_all_call_sites
	.byte	25                              @ DW_FORM_flag_present
	.byte	3                               @ DW_AT_name
	.byte	14                              @ DW_FORM_strp
	.byte	58                              @ DW_AT_decl_file
	.byte	11                              @ DW_FORM_data1
	.byte	59                              @ DW_AT_decl_line
	.byte	11                              @ DW_FORM_data1
	.byte	39                              @ DW_AT_prototyped
	.byte	25                              @ DW_FORM_flag_present
	.byte	63                              @ DW_AT_external
	.byte	25                              @ DW_FORM_flag_present
	.byte	0                               @ EOM(1)
	.byte	0                               @ EOM(2)
	.byte	27                              @ Abbreviation Code
	.byte	5                               @ DW_TAG_formal_parameter
	.byte	0                               @ DW_CHILDREN_no
	.byte	2                               @ DW_AT_location
	.byte	23                              @ DW_FORM_sec_offset
	.byte	3                               @ DW_AT_name
	.byte	14                              @ DW_FORM_strp
	.byte	58                              @ DW_AT_decl_file
	.byte	11                              @ DW_FORM_data1
	.byte	59                              @ DW_AT_decl_line
	.byte	11                              @ DW_FORM_data1
	.byte	73                              @ DW_AT_type
	.byte	19                              @ DW_FORM_ref4
	.byte	0                               @ EOM(1)
	.byte	0                               @ EOM(2)
	.byte	28                              @ Abbreviation Code
	.byte	46                              @ DW_TAG_subprogram
	.byte	1                               @ DW_CHILDREN_yes
	.byte	3                               @ DW_AT_name
	.byte	14                              @ DW_FORM_strp
	.byte	58                              @ DW_AT_decl_file
	.byte	11                              @ DW_FORM_data1
	.byte	59                              @ DW_AT_decl_line
	.byte	11                              @ DW_FORM_data1
	.byte	39                              @ DW_AT_prototyped
	.byte	25                              @ DW_FORM_flag_present
	.byte	73                              @ DW_AT_type
	.byte	19                              @ DW_FORM_ref4
	.byte	32                              @ DW_AT_inline
	.byte	11                              @ DW_FORM_data1
	.byte	0                               @ EOM(1)
	.byte	0                               @ EOM(2)
	.byte	29                              @ Abbreviation Code
	.byte	5                               @ DW_TAG_formal_parameter
	.byte	0                               @ DW_CHILDREN_no
	.byte	3                               @ DW_AT_name
	.byte	14                              @ DW_FORM_strp
	.byte	58                              @ DW_AT_decl_file
	.byte	11                              @ DW_FORM_data1
	.byte	59                              @ DW_AT_decl_line
	.byte	11                              @ DW_FORM_data1
	.byte	73                              @ DW_AT_type
	.byte	19                              @ DW_FORM_ref4
	.byte	0                               @ EOM(1)
	.byte	0                               @ EOM(2)
	.byte	30                              @ Abbreviation Code
	.byte	29                              @ DW_TAG_inlined_subroutine
	.byte	1                               @ DW_CHILDREN_yes
	.byte	49                              @ DW_AT_abstract_origin
	.byte	19                              @ DW_FORM_ref4
	.byte	17                              @ DW_AT_low_pc
	.byte	1                               @ DW_FORM_addr
	.byte	18                              @ DW_AT_high_pc
	.byte	6                               @ DW_FORM_data4
	.byte	88                              @ DW_AT_call_file
	.byte	11                              @ DW_FORM_data1
	.byte	89                              @ DW_AT_call_line
	.byte	5                               @ DW_FORM_data2
	.byte	87                              @ DW_AT_call_column
	.byte	11                              @ DW_FORM_data1
	.byte	0                               @ EOM(1)
	.byte	0                               @ EOM(2)
	.byte	31                              @ Abbreviation Code
	.byte	5                               @ DW_TAG_formal_parameter
	.byte	0                               @ DW_CHILDREN_no
	.byte	2                               @ DW_AT_location
	.byte	23                              @ DW_FORM_sec_offset
	.byte	49                              @ DW_AT_abstract_origin
	.byte	19                              @ DW_FORM_ref4
	.byte	0                               @ EOM(1)
	.byte	0                               @ EOM(2)
	.byte	32                              @ Abbreviation Code
	.byte	5                               @ DW_TAG_formal_parameter
	.byte	0                               @ DW_CHILDREN_no
	.byte	2                               @ DW_AT_location
	.byte	24                              @ DW_FORM_exprloc
	.byte	49                              @ DW_AT_abstract_origin
	.byte	19                              @ DW_FORM_ref4
	.byte	0                               @ EOM(1)
	.byte	0                               @ EOM(2)
	.byte	33                              @ Abbreviation Code
	.byte	5                               @ DW_TAG_formal_parameter
	.byte	0                               @ DW_CHILDREN_no
	.byte	28                              @ DW_AT_const_value
	.byte	13                              @ DW_FORM_sdata
	.byte	49                              @ DW_AT_abstract_origin
	.byte	19                              @ DW_FORM_ref4
	.byte	0                               @ EOM(1)
	.byte	0                               @ EOM(2)
	.byte	34                              @ Abbreviation Code
	.byte	46                              @ DW_TAG_subprogram
	.byte	1                               @ DW_CHILDREN_yes
	.byte	3                               @ DW_AT_name
	.byte	14                              @ DW_FORM_strp
	.byte	58                              @ DW_AT_decl_file
	.byte	11                              @ DW_FORM_data1
	.byte	59                              @ DW_AT_decl_line
	.byte	11                              @ DW_FORM_data1
	.byte	39                              @ DW_AT_prototyped
	.byte	25                              @ DW_FORM_flag_present
	.byte	32                              @ DW_AT_inline
	.byte	11                              @ DW_FORM_data1
	.byte	0                               @ EOM(1)
	.byte	0                               @ EOM(2)
	.byte	35                              @ Abbreviation Code
	.byte	52                              @ DW_TAG_variable
	.byte	0                               @ DW_CHILDREN_no
	.byte	3                               @ DW_AT_name
	.byte	14                              @ DW_FORM_strp
	.byte	58                              @ DW_AT_decl_file
	.byte	11                              @ DW_FORM_data1
	.byte	59                              @ DW_AT_decl_line
	.byte	11                              @ DW_FORM_data1
	.byte	73                              @ DW_AT_type
	.byte	19                              @ DW_FORM_ref4
	.byte	0                               @ EOM(1)
	.byte	0                               @ EOM(2)
	.byte	36                              @ Abbreviation Code
	.byte	11                              @ DW_TAG_lexical_block
	.byte	1                               @ DW_CHILDREN_yes
	.byte	0                               @ EOM(1)
	.byte	0                               @ EOM(2)
	.byte	37                              @ Abbreviation Code
	.byte	15                              @ DW_TAG_pointer_type
	.byte	0                               @ DW_CHILDREN_no
	.byte	73                              @ DW_AT_type
	.byte	19                              @ DW_FORM_ref4
	.byte	0                               @ EOM(1)
	.byte	0                               @ EOM(2)
	.byte	38                              @ Abbreviation Code
	.byte	46                              @ DW_TAG_subprogram
	.byte	1                               @ DW_CHILDREN_yes
	.byte	3                               @ DW_AT_name
	.byte	14                              @ DW_FORM_strp
	.byte	58                              @ DW_AT_decl_file
	.byte	11                              @ DW_FORM_data1
	.byte	59                              @ DW_AT_decl_line
	.byte	5                               @ DW_FORM_data2
	.byte	39                              @ DW_AT_prototyped
	.byte	25                              @ DW_FORM_flag_present
	.byte	32                              @ DW_AT_inline
	.byte	11                              @ DW_FORM_data1
	.byte	0                               @ EOM(1)
	.byte	0                               @ EOM(2)
	.byte	39                              @ Abbreviation Code
	.byte	5                               @ DW_TAG_formal_parameter
	.byte	0                               @ DW_CHILDREN_no
	.byte	3                               @ DW_AT_name
	.byte	14                              @ DW_FORM_strp
	.byte	58                              @ DW_AT_decl_file
	.byte	11                              @ DW_FORM_data1
	.byte	59                              @ DW_AT_decl_line
	.byte	5                               @ DW_FORM_data2
	.byte	73                              @ DW_AT_type
	.byte	19                              @ DW_FORM_ref4
	.byte	0                               @ EOM(1)
	.byte	0                               @ EOM(2)
	.byte	40                              @ Abbreviation Code
	.byte	52                              @ DW_TAG_variable
	.byte	0                               @ DW_CHILDREN_no
	.byte	3                               @ DW_AT_name
	.byte	14                              @ DW_FORM_strp
	.byte	58                              @ DW_AT_decl_file
	.byte	11                              @ DW_FORM_data1
	.byte	59                              @ DW_AT_decl_line
	.byte	5                               @ DW_FORM_data2
	.byte	73                              @ DW_AT_type
	.byte	19                              @ DW_FORM_ref4
	.byte	0                               @ EOM(1)
	.byte	0                               @ EOM(2)
	.byte	41                              @ Abbreviation Code
	.byte	46                              @ DW_TAG_subprogram
	.byte	1                               @ DW_CHILDREN_yes
	.byte	17                              @ DW_AT_low_pc
	.byte	1                               @ DW_FORM_addr
	.byte	18                              @ DW_AT_high_pc
	.byte	6                               @ DW_FORM_data4
	.byte	64                              @ DW_AT_frame_base
	.byte	24                              @ DW_FORM_exprloc
	.ascii	"\227B"                         @ DW_AT_GNU_all_call_sites
	.byte	25                              @ DW_FORM_flag_present
	.byte	3                               @ DW_AT_name
	.byte	14                              @ DW_FORM_strp
	.byte	58                              @ DW_AT_decl_file
	.byte	11                              @ DW_FORM_data1
	.byte	59                              @ DW_AT_decl_line
	.byte	5                               @ DW_FORM_data2
	.byte	39                              @ DW_AT_prototyped
	.byte	25                              @ DW_FORM_flag_present
	.byte	73                              @ DW_AT_type
	.byte	19                              @ DW_FORM_ref4
	.byte	63                              @ DW_AT_external
	.byte	25                              @ DW_FORM_flag_present
	.byte	0                               @ EOM(1)
	.byte	0                               @ EOM(2)
	.byte	42                              @ Abbreviation Code
	.byte	52                              @ DW_TAG_variable
	.byte	0                               @ DW_CHILDREN_no
	.byte	2                               @ DW_AT_location
	.byte	23                              @ DW_FORM_sec_offset
	.byte	49                              @ DW_AT_abstract_origin
	.byte	19                              @ DW_FORM_ref4
	.byte	0                               @ EOM(1)
	.byte	0                               @ EOM(2)
	.byte	43                              @ Abbreviation Code
	.byte	11                              @ DW_TAG_lexical_block
	.byte	1                               @ DW_CHILDREN_yes
	.byte	17                              @ DW_AT_low_pc
	.byte	1                               @ DW_FORM_addr
	.byte	18                              @ DW_AT_high_pc
	.byte	6                               @ DW_FORM_data4
	.byte	0                               @ EOM(1)
	.byte	0                               @ EOM(2)
	.byte	44                              @ Abbreviation Code
	.byte	52                              @ DW_TAG_variable
	.byte	0                               @ DW_CHILDREN_no
	.byte	2                               @ DW_AT_location
	.byte	24                              @ DW_FORM_exprloc
	.byte	49                              @ DW_AT_abstract_origin
	.byte	19                              @ DW_FORM_ref4
	.byte	0                               @ EOM(1)
	.byte	0                               @ EOM(2)
	.byte	45                              @ Abbreviation Code
	.byte	29                              @ DW_TAG_inlined_subroutine
	.byte	1                               @ DW_CHILDREN_yes
	.byte	49                              @ DW_AT_abstract_origin
	.byte	19                              @ DW_FORM_ref4
	.byte	85                              @ DW_AT_ranges
	.byte	23                              @ DW_FORM_sec_offset
	.byte	88                              @ DW_AT_call_file
	.byte	11                              @ DW_FORM_data1
	.byte	89                              @ DW_AT_call_line
	.byte	11                              @ DW_FORM_data1
	.byte	87                              @ DW_AT_call_column
	.byte	11                              @ DW_FORM_data1
	.byte	0                               @ EOM(1)
	.byte	0                               @ EOM(2)
	.byte	46                              @ Abbreviation Code
	.byte	29                              @ DW_TAG_inlined_subroutine
	.byte	0                               @ DW_CHILDREN_no
	.byte	49                              @ DW_AT_abstract_origin
	.byte	19                              @ DW_FORM_ref4
	.byte	17                              @ DW_AT_low_pc
	.byte	1                               @ DW_FORM_addr
	.byte	18                              @ DW_AT_high_pc
	.byte	6                               @ DW_FORM_data4
	.byte	88                              @ DW_AT_call_file
	.byte	11                              @ DW_FORM_data1
	.byte	89                              @ DW_AT_call_line
	.byte	5                               @ DW_FORM_data2
	.byte	87                              @ DW_AT_call_column
	.byte	11                              @ DW_FORM_data1
	.byte	0                               @ EOM(1)
	.byte	0                               @ EOM(2)
	.byte	0                               @ EOM(3)
	.section	.debug_info,"",%progbits
.Lcu_begin0:
	.long	.Ldebug_info_end0-.Ldebug_info_start0 @ Length of Unit
.Ldebug_info_start0:
	.short	4                               @ DWARF version number
	.long	.debug_abbrev                   @ Offset Into Abbrev. Section
	.byte	4                               @ Address Size (in bytes)
	.byte	1                               @ Abbrev [1] 0xb:0x17d0 DW_TAG_compile_unit
	.long	.Linfo_string0                  @ DW_AT_producer
	.short	12                              @ DW_AT_language
	.long	.Linfo_string1                  @ DW_AT_name
	.long	.Lline_table_start0             @ DW_AT_stmt_list
	.long	.Linfo_string2                  @ DW_AT_comp_dir
	.long	0                               @ DW_AT_low_pc
	.long	.Ldebug_ranges1                 @ DW_AT_ranges
	.byte	2                               @ Abbrev [2] 0x26:0x13 DW_TAG_variable
	.long	.Linfo_string3                  @ DW_AT_name
	.long	57                              @ DW_AT_type
                                        @ DW_AT_external
	.byte	3                               @ DW_AT_decl_file
	.byte	61                              @ DW_AT_decl_line
	.byte	7                               @ DW_AT_location
	.byte	3
	.long	.L_MergedGlobals
	.byte	35
	.byte	24
	.byte	3                               @ Abbrev [3] 0x39:0xb DW_TAG_typedef
	.long	68                              @ DW_AT_type
	.long	.Linfo_string6                  @ DW_AT_name
	.byte	2                               @ DW_AT_decl_file
	.byte	25                              @ DW_AT_decl_line
	.byte	3                               @ Abbrev [3] 0x44:0xb DW_TAG_typedef
	.long	79                              @ DW_AT_type
	.long	.Linfo_string5                  @ DW_AT_name
	.byte	1                               @ DW_AT_decl_file
	.byte	58                              @ DW_AT_decl_line
	.byte	4                               @ Abbrev [4] 0x4f:0x7 DW_TAG_base_type
	.long	.Linfo_string4                  @ DW_AT_name
	.byte	5                               @ DW_AT_encoding
	.byte	4                               @ DW_AT_byte_size
	.byte	2                               @ Abbrev [2] 0x56:0x13 DW_TAG_variable
	.long	.Linfo_string7                  @ DW_AT_name
	.long	57                              @ DW_AT_type
                                        @ DW_AT_external
	.byte	3                               @ DW_AT_decl_file
	.byte	61                              @ DW_AT_decl_line
	.byte	7                               @ DW_AT_location
	.byte	3
	.long	.L_MergedGlobals
	.byte	35
	.byte	28
	.byte	2                               @ Abbrev [2] 0x69:0x13 DW_TAG_variable
	.long	.Linfo_string8                  @ DW_AT_name
	.long	57                              @ DW_AT_type
                                        @ DW_AT_external
	.byte	3                               @ DW_AT_decl_file
	.byte	61                              @ DW_AT_decl_line
	.byte	7                               @ DW_AT_location
	.byte	3
	.long	.L_MergedGlobals
	.byte	35
	.byte	32
	.byte	5                               @ Abbrev [5] 0x7c:0x6d DW_TAG_subprogram
	.long	.Lfunc_begin3                   @ DW_AT_low_pc
	.long	.Lfunc_end3-.Lfunc_begin3       @ DW_AT_high_pc
	.byte	1                               @ DW_AT_frame_base
	.byte	93
                                        @ DW_AT_GNU_all_call_sites
	.long	.Linfo_string192                @ DW_AT_name
	.byte	3                               @ DW_AT_decl_file
	.short	288                             @ DW_AT_decl_line
                                        @ DW_AT_prototyped
                                        @ DW_AT_external
	.byte	6                               @ Abbrev [6] 0x8e:0x12 DW_TAG_variable
	.long	.Linfo_string9                  @ DW_AT_name
	.long	233                             @ DW_AT_type
	.byte	3                               @ DW_AT_decl_file
	.short	290                             @ DW_AT_decl_line
	.byte	5                               @ DW_AT_location
	.byte	3
	.long	algoWhiteBalanceInitFromConfig.Corolinit_temp
	.byte	7                               @ Abbrev [7] 0xa0:0xc DW_TAG_variable
	.long	.Linfo_string15                 @ DW_AT_name
	.long	297                             @ DW_AT_type
	.byte	3                               @ DW_AT_decl_file
	.short	293                             @ DW_AT_decl_line
	.byte	7                               @ Abbrev [7] 0xac:0xc DW_TAG_variable
	.long	.Linfo_string18                 @ DW_AT_name
	.long	297                             @ DW_AT_type
	.byte	3                               @ DW_AT_decl_file
	.short	293                             @ DW_AT_decl_line
	.byte	8                               @ Abbrev [8] 0xb8:0x10 DW_TAG_formal_parameter
	.long	.Ldebug_loc9                    @ DW_AT_location
	.long	.Linfo_string196                @ DW_AT_name
	.byte	3                               @ DW_AT_decl_file
	.short	288                             @ DW_AT_decl_line
	.long	1750                            @ DW_AT_type
	.byte	8                               @ Abbrev [8] 0xc8:0x10 DW_TAG_formal_parameter
	.long	.Ldebug_loc10                   @ DW_AT_location
	.long	.Linfo_string197                @ DW_AT_name
	.byte	3                               @ DW_AT_decl_file
	.short	288                             @ DW_AT_decl_line
	.long	1750                            @ DW_AT_type
	.byte	9                               @ Abbrev [9] 0xd8:0x10 DW_TAG_variable
	.long	.Ldebug_loc11                   @ DW_AT_location
	.long	.Linfo_string198                @ DW_AT_name
	.byte	3                               @ DW_AT_decl_file
	.short	292                             @ DW_AT_decl_line
	.long	297                             @ DW_AT_type
	.byte	0                               @ End Of Children Mark
	.byte	3                               @ Abbrev [3] 0xe9:0xb DW_TAG_typedef
	.long	244                             @ DW_AT_type
	.long	.Linfo_string14                 @ DW_AT_name
	.byte	4                               @ DW_AT_decl_file
	.byte	75                              @ DW_AT_decl_line
	.byte	10                              @ Abbrev [10] 0xf4:0x35 DW_TAG_structure_type
	.byte	16                              @ DW_AT_byte_size
	.byte	4                               @ DW_AT_decl_file
	.byte	71                              @ DW_AT_decl_line
	.byte	11                              @ Abbrev [11] 0xf8:0xc DW_TAG_member
	.long	.Linfo_string10                 @ DW_AT_name
	.long	68                              @ DW_AT_type
	.byte	4                               @ DW_AT_decl_file
	.byte	73                              @ DW_AT_decl_line
	.byte	0                               @ DW_AT_data_member_location
	.byte	11                              @ Abbrev [11] 0x104:0xc DW_TAG_member
	.long	.Linfo_string11                 @ DW_AT_name
	.long	68                              @ DW_AT_type
	.byte	4                               @ DW_AT_decl_file
	.byte	73                              @ DW_AT_decl_line
	.byte	4                               @ DW_AT_data_member_location
	.byte	11                              @ Abbrev [11] 0x110:0xc DW_TAG_member
	.long	.Linfo_string12                 @ DW_AT_name
	.long	68                              @ DW_AT_type
	.byte	4                               @ DW_AT_decl_file
	.byte	74                              @ DW_AT_decl_line
	.byte	8                               @ DW_AT_data_member_location
	.byte	11                              @ Abbrev [11] 0x11c:0xc DW_TAG_member
	.long	.Linfo_string13                 @ DW_AT_name
	.long	68                              @ DW_AT_type
	.byte	4                               @ DW_AT_decl_file
	.byte	74                              @ DW_AT_decl_line
	.byte	12                              @ DW_AT_data_member_location
	.byte	0                               @ End Of Children Mark
	.byte	3                               @ Abbrev [3] 0x129:0xb DW_TAG_typedef
	.long	308                             @ DW_AT_type
	.long	.Linfo_string17                 @ DW_AT_name
	.byte	1                               @ DW_AT_decl_file
	.byte	63                              @ DW_AT_decl_line
	.byte	4                               @ Abbrev [4] 0x134:0x7 DW_TAG_base_type
	.long	.Linfo_string16                 @ DW_AT_name
	.byte	7                               @ DW_AT_encoding
	.byte	2                               @ DW_AT_byte_size
	.byte	12                              @ Abbrev [12] 0x13b:0xe DW_TAG_variable
	.long	.Linfo_string19                 @ DW_AT_name
	.long	329                             @ DW_AT_type
	.byte	3                               @ DW_AT_decl_file
	.byte	44                              @ DW_AT_decl_line
	.ascii	"\201\370\006"                  @ DW_AT_const_value
	.byte	13                              @ Abbrev [13] 0x149:0x5 DW_TAG_const_type
	.long	57                              @ DW_AT_type
	.byte	12                              @ Abbrev [12] 0x14e:0xe DW_TAG_variable
	.long	.Linfo_string20                 @ DW_AT_name
	.long	329                             @ DW_AT_type
	.byte	3                               @ DW_AT_decl_file
	.byte	45                              @ DW_AT_decl_line
	.ascii	"\326\370\001"                  @ DW_AT_const_value
	.byte	12                              @ Abbrev [12] 0x15c:0x15 DW_TAG_variable
	.long	.Linfo_string21                 @ DW_AT_name
	.long	329                             @ DW_AT_type
	.byte	3                               @ DW_AT_decl_file
	.byte	46                              @ DW_AT_decl_line
	.ascii	"\354\230\204\364\377\377\377\377\377\001" @ DW_AT_const_value
	.byte	12                              @ Abbrev [12] 0x171:0xd DW_TAG_variable
	.long	.Linfo_string22                 @ DW_AT_name
	.long	329                             @ DW_AT_type
	.byte	3                               @ DW_AT_decl_file
	.byte	53                              @ DW_AT_decl_line
	.ascii	"\217\005"                      @ DW_AT_const_value
	.byte	12                              @ Abbrev [12] 0x17e:0x15 DW_TAG_variable
	.long	.Linfo_string23                 @ DW_AT_name
	.long	329                             @ DW_AT_type
	.byte	3                               @ DW_AT_decl_file
	.byte	47                              @ DW_AT_decl_line
	.ascii	"\337\227\371\377\377\377\377\377\377\001" @ DW_AT_const_value
	.byte	12                              @ Abbrev [12] 0x193:0xe DW_TAG_variable
	.long	.Linfo_string24                 @ DW_AT_name
	.long	329                             @ DW_AT_type
	.byte	3                               @ DW_AT_decl_file
	.byte	48                              @ DW_AT_decl_line
	.ascii	"\246\204\005"                  @ DW_AT_const_value
	.byte	12                              @ Abbrev [12] 0x1a1:0xf DW_TAG_variable
	.long	.Linfo_string25                 @ DW_AT_name
	.long	329                             @ DW_AT_type
	.byte	3                               @ DW_AT_decl_file
	.byte	49                              @ DW_AT_decl_line
	.ascii	"\373\255\374\006"              @ DW_AT_const_value
	.byte	12                              @ Abbrev [12] 0x1b0:0x15 DW_TAG_variable
	.long	.Linfo_string26                 @ DW_AT_name
	.long	329                             @ DW_AT_type
	.byte	3                               @ DW_AT_decl_file
	.byte	50                              @ DW_AT_decl_line
	.ascii	"\240\360\377\377\377\377\377\377\377\001" @ DW_AT_const_value
	.byte	12                              @ Abbrev [12] 0x1c5:0x15 DW_TAG_variable
	.long	.Linfo_string27                 @ DW_AT_name
	.long	329                             @ DW_AT_type
	.byte	3                               @ DW_AT_decl_file
	.byte	51                              @ DW_AT_decl_line
	.ascii	"\370\362\376\377\377\377\377\377\377\001" @ DW_AT_const_value
	.byte	12                              @ Abbrev [12] 0x1da:0xf DW_TAG_variable
	.long	.Linfo_string28                 @ DW_AT_name
	.long	329                             @ DW_AT_type
	.byte	3                               @ DW_AT_decl_file
	.byte	52                              @ DW_AT_decl_line
	.ascii	"\231\271\377\004"              @ DW_AT_const_value
	.byte	12                              @ Abbrev [12] 0x1e9:0xe DW_TAG_variable
	.long	.Linfo_string29                 @ DW_AT_name
	.long	329                             @ DW_AT_type
	.byte	3                               @ DW_AT_decl_file
	.byte	54                              @ DW_AT_decl_line
	.ascii	"\324\363\b"                    @ DW_AT_const_value
	.byte	12                              @ Abbrev [12] 0x1f7:0xd DW_TAG_variable
	.long	.Linfo_string30                 @ DW_AT_name
	.long	329                             @ DW_AT_type
	.byte	3                               @ DW_AT_decl_file
	.byte	55                              @ DW_AT_decl_line
	.ascii	"\366x"                         @ DW_AT_const_value
	.byte	12                              @ Abbrev [12] 0x204:0xe DW_TAG_variable
	.long	.Linfo_string31                 @ DW_AT_name
	.long	329                             @ DW_AT_type
	.byte	3                               @ DW_AT_decl_file
	.byte	56                              @ DW_AT_decl_line
	.ascii	"\247\201\024"                  @ DW_AT_const_value
	.byte	12                              @ Abbrev [12] 0x212:0xe DW_TAG_variable
	.long	.Linfo_string32                 @ DW_AT_name
	.long	329                             @ DW_AT_type
	.byte	3                               @ DW_AT_decl_file
	.byte	57                              @ DW_AT_decl_line
	.ascii	"\276\363\f"                    @ DW_AT_const_value
	.byte	12                              @ Abbrev [12] 0x220:0xe DW_TAG_variable
	.long	.Linfo_string33                 @ DW_AT_name
	.long	329                             @ DW_AT_type
	.byte	3                               @ DW_AT_decl_file
	.byte	58                              @ DW_AT_decl_line
	.ascii	"\364\306\005"                  @ DW_AT_const_value
	.byte	12                              @ Abbrev [12] 0x22e:0xf DW_TAG_variable
	.long	.Linfo_string34                 @ DW_AT_name
	.long	329                             @ DW_AT_type
	.byte	3                               @ DW_AT_decl_file
	.byte	59                              @ DW_AT_decl_line
	.ascii	"\300\262\205\001"              @ DW_AT_const_value
	.byte	14                              @ Abbrev [14] 0x23d:0x25 DW_TAG_variable
	.long	.Linfo_string35                 @ DW_AT_name
	.long	610                             @ DW_AT_type
	.byte	3                               @ DW_AT_decl_file
	.byte	103                             @ DW_AT_decl_line
	.byte	25                              @ DW_AT_location
	.byte	3
	.long	.L_MergedGlobals
	.byte	147
	.byte	2
	.byte	3
	.long	.L_MergedGlobals
	.byte	35
	.byte	4
	.byte	147
	.byte	2
	.byte	3
	.long	.L_MergedGlobals
	.byte	35
	.byte	36
	.byte	147
	.byte	4
	.byte	3                               @ Abbrev [3] 0x262:0xb DW_TAG_typedef
	.long	621                             @ DW_AT_type
	.long	.Linfo_string42                 @ DW_AT_name
	.byte	3                               @ DW_AT_decl_file
	.byte	94                              @ DW_AT_decl_line
	.byte	15                              @ Abbrev [15] 0x26d:0x2d DW_TAG_structure_type
	.long	.Linfo_string41                 @ DW_AT_name
	.byte	8                               @ DW_AT_byte_size
	.byte	3                               @ DW_AT_decl_file
	.byte	90                              @ DW_AT_decl_line
	.byte	11                              @ Abbrev [11] 0x275:0xc DW_TAG_member
	.long	.Linfo_string36                 @ DW_AT_name
	.long	666                             @ DW_AT_type
	.byte	3                               @ DW_AT_decl_file
	.byte	92                              @ DW_AT_decl_line
	.byte	0                               @ DW_AT_data_member_location
	.byte	11                              @ Abbrev [11] 0x281:0xc DW_TAG_member
	.long	.Linfo_string39                 @ DW_AT_name
	.long	666                             @ DW_AT_type
	.byte	3                               @ DW_AT_decl_file
	.byte	92                              @ DW_AT_decl_line
	.byte	2                               @ DW_AT_data_member_location
	.byte	11                              @ Abbrev [11] 0x28d:0xc DW_TAG_member
	.long	.Linfo_string40                 @ DW_AT_name
	.long	68                              @ DW_AT_type
	.byte	3                               @ DW_AT_decl_file
	.byte	93                              @ DW_AT_decl_line
	.byte	4                               @ DW_AT_data_member_location
	.byte	0                               @ End Of Children Mark
	.byte	3                               @ Abbrev [3] 0x29a:0xb DW_TAG_typedef
	.long	677                             @ DW_AT_type
	.long	.Linfo_string38                 @ DW_AT_name
	.byte	1                               @ DW_AT_decl_file
	.byte	57                              @ DW_AT_decl_line
	.byte	4                               @ Abbrev [4] 0x2a5:0x7 DW_TAG_base_type
	.long	.Linfo_string37                 @ DW_AT_name
	.byte	5                               @ DW_AT_encoding
	.byte	2                               @ DW_AT_byte_size
	.byte	14                              @ Abbrev [14] 0x2ac:0x27 DW_TAG_variable
	.long	.Linfo_string43                 @ DW_AT_name
	.long	610                             @ DW_AT_type
	.byte	3                               @ DW_AT_decl_file
	.byte	103                             @ DW_AT_decl_line
	.byte	27                              @ DW_AT_location
	.byte	3
	.long	.L_MergedGlobals
	.byte	35
	.byte	8
	.byte	147
	.byte	2
	.byte	3
	.long	.L_MergedGlobals
	.byte	35
	.byte	12
	.byte	147
	.byte	2
	.byte	3
	.long	.L_MergedGlobals
	.byte	35
	.byte	40
	.byte	147
	.byte	4
	.byte	14                              @ Abbrev [14] 0x2d3:0x27 DW_TAG_variable
	.long	.Linfo_string44                 @ DW_AT_name
	.long	610                             @ DW_AT_type
	.byte	3                               @ DW_AT_decl_file
	.byte	103                             @ DW_AT_decl_line
	.byte	27                              @ DW_AT_location
	.byte	3
	.long	.L_MergedGlobals
	.byte	35
	.byte	16
	.byte	147
	.byte	2
	.byte	3
	.long	.L_MergedGlobals
	.byte	35
	.byte	20
	.byte	147
	.byte	2
	.byte	3
	.long	.L_MergedGlobals
	.byte	35
	.byte	44
	.byte	147
	.byte	4
	.byte	16                              @ Abbrev [16] 0x2fa:0x12 DW_TAG_variable
	.long	.Linfo_string45                 @ DW_AT_name
	.long	68                              @ DW_AT_type
                                        @ DW_AT_external
	.byte	3                               @ DW_AT_decl_file
	.short	690                             @ DW_AT_decl_line
	.byte	5                               @ DW_AT_location
	.byte	3
	.long	tempv
	.byte	16                              @ Abbrev [16] 0x30c:0x12 DW_TAG_variable
	.long	.Linfo_string46                 @ DW_AT_name
	.long	68                              @ DW_AT_type
                                        @ DW_AT_external
	.byte	3                               @ DW_AT_decl_file
	.short	690                             @ DW_AT_decl_line
	.byte	5                               @ DW_AT_location
	.byte	3
	.long	tempu
	.byte	16                              @ Abbrev [16] 0x31e:0x14 DW_TAG_variable
	.long	.Linfo_string47                 @ DW_AT_name
	.long	68                              @ DW_AT_type
                                        @ DW_AT_external
	.byte	3                               @ DW_AT_decl_file
	.short	690                             @ DW_AT_decl_line
	.byte	7                               @ DW_AT_location
	.byte	3
	.long	.L_MergedGlobals
	.byte	35
	.byte	48
	.byte	16                              @ Abbrev [16] 0x332:0x12 DW_TAG_variable
	.long	.Linfo_string48                 @ DW_AT_name
	.long	68                              @ DW_AT_type
                                        @ DW_AT_external
	.byte	3                               @ DW_AT_decl_file
	.short	690                             @ DW_AT_decl_line
	.byte	5                               @ DW_AT_location
	.byte	3
	.long	tempDenominator
	.byte	16                              @ Abbrev [16] 0x344:0x12 DW_TAG_variable
	.long	.Linfo_string49                 @ DW_AT_name
	.long	68                              @ DW_AT_type
                                        @ DW_AT_external
	.byte	3                               @ DW_AT_decl_file
	.short	690                             @ DW_AT_decl_line
	.byte	5                               @ DW_AT_location
	.byte	3
	.long	tempz
	.byte	16                              @ Abbrev [16] 0x356:0x12 DW_TAG_variable
	.long	.Linfo_string50                 @ DW_AT_name
	.long	68                              @ DW_AT_type
                                        @ DW_AT_external
	.byte	3                               @ DW_AT_decl_file
	.short	690                             @ DW_AT_decl_line
	.byte	5                               @ DW_AT_location
	.byte	3
	.long	tempred
	.byte	16                              @ Abbrev [16] 0x368:0x12 DW_TAG_variable
	.long	.Linfo_string51                 @ DW_AT_name
	.long	68                              @ DW_AT_type
                                        @ DW_AT_external
	.byte	3                               @ DW_AT_decl_file
	.short	690                             @ DW_AT_decl_line
	.byte	5                               @ DW_AT_location
	.byte	3
	.long	tempgreen
	.byte	16                              @ Abbrev [16] 0x37a:0x12 DW_TAG_variable
	.long	.Linfo_string52                 @ DW_AT_name
	.long	68                              @ DW_AT_type
                                        @ DW_AT_external
	.byte	3                               @ DW_AT_decl_file
	.short	690                             @ DW_AT_decl_line
	.byte	5                               @ DW_AT_location
	.byte	3
	.long	tempbule
	.byte	16                              @ Abbrev [16] 0x38c:0x12 DW_TAG_variable
	.long	.Linfo_string53                 @ DW_AT_name
	.long	68                              @ DW_AT_type
                                        @ DW_AT_external
	.byte	3                               @ DW_AT_decl_file
	.short	690                             @ DW_AT_decl_line
	.byte	5                               @ DW_AT_location
	.byte	3
	.long	tempmax
	.byte	16                              @ Abbrev [16] 0x39e:0x12 DW_TAG_variable
	.long	.Linfo_string54                 @ DW_AT_name
	.long	57                              @ DW_AT_type
                                        @ DW_AT_external
	.byte	3                               @ DW_AT_decl_file
	.short	691                             @ DW_AT_decl_line
	.byte	5                               @ DW_AT_location
	.byte	3
	.long	tempRED
	.byte	16                              @ Abbrev [16] 0x3b0:0x12 DW_TAG_variable
	.long	.Linfo_string55                 @ DW_AT_name
	.long	57                              @ DW_AT_type
                                        @ DW_AT_external
	.byte	3                               @ DW_AT_decl_file
	.short	691                             @ DW_AT_decl_line
	.byte	5                               @ DW_AT_location
	.byte	3
	.long	tempGREEN
	.byte	16                              @ Abbrev [16] 0x3c2:0x12 DW_TAG_variable
	.long	.Linfo_string56                 @ DW_AT_name
	.long	57                              @ DW_AT_type
                                        @ DW_AT_external
	.byte	3                               @ DW_AT_decl_file
	.short	691                             @ DW_AT_decl_line
	.byte	5                               @ DW_AT_location
	.byte	3
	.long	tempBULE
	.byte	16                              @ Abbrev [16] 0x3d4:0x12 DW_TAG_variable
	.long	.Linfo_string57                 @ DW_AT_name
	.long	57                              @ DW_AT_type
                                        @ DW_AT_external
	.byte	3                               @ DW_AT_decl_file
	.short	691                             @ DW_AT_decl_line
	.byte	5                               @ DW_AT_location
	.byte	3
	.long	tempINY
	.byte	12                              @ Abbrev [12] 0x3e6:0xe DW_TAG_variable
	.long	.Linfo_string58                 @ DW_AT_name
	.long	329                             @ DW_AT_type
	.byte	2                               @ DW_AT_decl_file
	.byte	28                              @ DW_AT_decl_line
	.ascii	"\200\200\004"                  @ DW_AT_const_value
	.byte	12                              @ Abbrev [12] 0x3f4:0xc DW_TAG_variable
	.long	.Linfo_string59                 @ DW_AT_name
	.long	329                             @ DW_AT_type
	.byte	3                               @ DW_AT_decl_file
	.byte	25                              @ DW_AT_decl_line
	.byte	7                               @ DW_AT_const_value
	.byte	12                              @ Abbrev [12] 0x400:0xe DW_TAG_variable
	.long	.Linfo_string60                 @ DW_AT_name
	.long	329                             @ DW_AT_type
	.byte	3                               @ DW_AT_decl_file
	.byte	28                              @ DW_AT_decl_line
	.ascii	"\200\200\004"                  @ DW_AT_const_value
	.byte	14                              @ Abbrev [14] 0x40e:0x11 DW_TAG_variable
	.long	.Linfo_string61                 @ DW_AT_name
	.long	1055                            @ DW_AT_type
	.byte	3                               @ DW_AT_decl_file
	.byte	29                              @ DW_AT_decl_line
	.byte	5                               @ DW_AT_location
	.byte	3
	.long	s32_plane_a
	.byte	17                              @ Abbrev [17] 0x41f:0xc DW_TAG_array_type
	.long	1067                            @ DW_AT_type
	.byte	18                              @ Abbrev [18] 0x424:0x6 DW_TAG_subrange_type
	.long	1072                            @ DW_AT_type
	.byte	3                               @ DW_AT_count
	.byte	0                               @ End Of Children Mark
	.byte	13                              @ Abbrev [13] 0x42b:0x5 DW_TAG_const_type
	.long	68                              @ DW_AT_type
	.byte	19                              @ Abbrev [19] 0x430:0x7 DW_TAG_base_type
	.long	.Linfo_string62                 @ DW_AT_name
	.byte	8                               @ DW_AT_byte_size
	.byte	7                               @ DW_AT_encoding
	.byte	14                              @ Abbrev [14] 0x437:0x11 DW_TAG_variable
	.long	.Linfo_string63                 @ DW_AT_name
	.long	1055                            @ DW_AT_type
	.byte	3                               @ DW_AT_decl_file
	.byte	30                              @ DW_AT_decl_line
	.byte	5                               @ DW_AT_location
	.byte	3
	.long	s32_plane_b
	.byte	14                              @ Abbrev [14] 0x448:0x11 DW_TAG_variable
	.long	.Linfo_string64                 @ DW_AT_name
	.long	1055                            @ DW_AT_type
	.byte	3                               @ DW_AT_decl_file
	.byte	31                              @ DW_AT_decl_line
	.byte	5                               @ DW_AT_location
	.byte	3
	.long	s32_plane_d
	.byte	20                              @ Abbrev [20] 0x459:0xb DW_TAG_variable
	.long	.Linfo_string65                 @ DW_AT_name
	.long	1055                            @ DW_AT_type
	.byte	3                               @ DW_AT_decl_file
	.byte	33                              @ DW_AT_decl_line
	.byte	20                              @ Abbrev [20] 0x464:0xb DW_TAG_variable
	.long	.Linfo_string66                 @ DW_AT_name
	.long	1055                            @ DW_AT_type
	.byte	3                               @ DW_AT_decl_file
	.byte	32                              @ DW_AT_decl_line
	.byte	14                              @ Abbrev [14] 0x46f:0x11 DW_TAG_variable
	.long	.Linfo_string67                 @ DW_AT_name
	.long	1152                            @ DW_AT_type
	.byte	3                               @ DW_AT_decl_file
	.byte	40                              @ DW_AT_decl_line
	.byte	5                               @ DW_AT_location
	.byte	3
	.long	s32_LineDirectionvec_GBm1n1p1
	.byte	17                              @ Abbrev [17] 0x480:0xc DW_TAG_array_type
	.long	1067                            @ DW_AT_type
	.byte	18                              @ Abbrev [18] 0x485:0x6 DW_TAG_subrange_type
	.long	1072                            @ DW_AT_type
	.byte	2                               @ DW_AT_count
	.byte	0                               @ End Of Children Mark
	.byte	14                              @ Abbrev [14] 0x48c:0x11 DW_TAG_variable
	.long	.Linfo_string68                 @ DW_AT_name
	.long	1152                            @ DW_AT_type
	.byte	3                               @ DW_AT_decl_file
	.byte	41                              @ DW_AT_decl_line
	.byte	5                               @ DW_AT_location
	.byte	3
	.long	s32_LineDirectionvec_BRm1n1p1
	.byte	14                              @ Abbrev [14] 0x49d:0x11 DW_TAG_variable
	.long	.Linfo_string69                 @ DW_AT_name
	.long	1152                            @ DW_AT_type
	.byte	3                               @ DW_AT_decl_file
	.byte	42                              @ DW_AT_decl_line
	.byte	5                               @ DW_AT_location
	.byte	3
	.long	s32_LineDirectionvec_GRm1n1p1
	.byte	14                              @ Abbrev [14] 0x4ae:0x11 DW_TAG_variable
	.long	.Linfo_string70                 @ DW_AT_name
	.long	1055                            @ DW_AT_type
	.byte	3                               @ DW_AT_decl_file
	.byte	39                              @ DW_AT_decl_line
	.byte	5                               @ DW_AT_location
	.byte	3
	.long	s32_B_cornerPoint_real
	.byte	14                              @ Abbrev [14] 0x4bf:0x11 DW_TAG_variable
	.long	.Linfo_string71                 @ DW_AT_name
	.long	1055                            @ DW_AT_type
	.byte	3                               @ DW_AT_decl_file
	.byte	36                              @ DW_AT_decl_line
	.byte	5                               @ DW_AT_location
	.byte	3
	.long	s32_B_cornerPoint_large
	.byte	20                              @ Abbrev [20] 0x4d0:0xb DW_TAG_variable
	.long	.Linfo_string72                 @ DW_AT_name
	.long	1055                            @ DW_AT_type
	.byte	3                               @ DW_AT_decl_file
	.byte	38                              @ DW_AT_decl_line
	.byte	14                              @ Abbrev [14] 0x4db:0x11 DW_TAG_variable
	.long	.Linfo_string73                 @ DW_AT_name
	.long	1055                            @ DW_AT_type
	.byte	3                               @ DW_AT_decl_file
	.byte	35                              @ DW_AT_decl_line
	.byte	5                               @ DW_AT_location
	.byte	3
	.long	s32_G_cornerPoint_large
	.byte	14                              @ Abbrev [14] 0x4ec:0x11 DW_TAG_variable
	.long	.Linfo_string74                 @ DW_AT_name
	.long	1055                            @ DW_AT_type
	.byte	3                               @ DW_AT_decl_file
	.byte	37                              @ DW_AT_decl_line
	.byte	5                               @ DW_AT_location
	.byte	3
	.long	s32_R_cornerPoint_real
	.byte	14                              @ Abbrev [14] 0x4fd:0x11 DW_TAG_variable
	.long	.Linfo_string75                 @ DW_AT_name
	.long	1055                            @ DW_AT_type
	.byte	3                               @ DW_AT_decl_file
	.byte	34                              @ DW_AT_decl_line
	.byte	5                               @ DW_AT_location
	.byte	3
	.long	s32_R_cornerPoint_large
	.byte	12                              @ Abbrev [12] 0x50e:0x10 DW_TAG_variable
	.long	.Linfo_string76                 @ DW_AT_name
	.long	329                             @ DW_AT_type
	.byte	3                               @ DW_AT_decl_file
	.byte	24                              @ DW_AT_decl_line
	.ascii	"\200\200\300\270\002"          @ DW_AT_const_value
	.byte	12                              @ Abbrev [12] 0x51e:0xe DW_TAG_variable
	.long	.Linfo_string77                 @ DW_AT_name
	.long	329                             @ DW_AT_type
	.byte	3                               @ DW_AT_decl_file
	.byte	23                              @ DW_AT_decl_line
	.ascii	"\200\200\036"                  @ DW_AT_const_value
	.byte	6                               @ Abbrev [6] 0x52c:0x12 DW_TAG_variable
	.long	.Linfo_string78                 @ DW_AT_name
	.long	1342                            @ DW_AT_type
	.byte	3                               @ DW_AT_decl_file
	.short	441                             @ DW_AT_decl_line
	.byte	5                               @ DW_AT_location
	.byte	3
	.long	TtoCIE
	.byte	17                              @ Abbrev [17] 0x53e:0xc DW_TAG_array_type
	.long	1354                            @ DW_AT_type
	.byte	18                              @ Abbrev [18] 0x543:0x6 DW_TAG_subrange_type
	.long	1072                            @ DW_AT_type
	.byte	8                               @ DW_AT_count
	.byte	0                               @ End Of Children Mark
	.byte	13                              @ Abbrev [13] 0x54a:0x5 DW_TAG_const_type
	.long	1359                            @ DW_AT_type
	.byte	21                              @ Abbrev [21] 0x54f:0xc DW_TAG_typedef
	.long	1371                            @ DW_AT_type
	.long	.Linfo_string90                 @ DW_AT_name
	.byte	3                               @ DW_AT_decl_file
	.short	437                             @ DW_AT_decl_line
	.byte	22                              @ Abbrev [22] 0x55b:0x8c DW_TAG_structure_type
	.long	.Linfo_string89                 @ DW_AT_name
	.byte	20                              @ DW_AT_byte_size
	.byte	3                               @ DW_AT_decl_file
	.short	422                             @ DW_AT_decl_line
	.byte	23                              @ Abbrev [23] 0x564:0xd DW_TAG_member
	.long	.Linfo_string79                 @ DW_AT_name
	.long	666                             @ DW_AT_type
	.byte	3                               @ DW_AT_decl_file
	.short	423                             @ DW_AT_decl_line
	.byte	0                               @ DW_AT_data_member_location
	.byte	23                              @ Abbrev [23] 0x571:0xd DW_TAG_member
	.long	.Linfo_string80                 @ DW_AT_name
	.long	666                             @ DW_AT_type
	.byte	3                               @ DW_AT_decl_file
	.short	425                             @ DW_AT_decl_line
	.byte	2                               @ DW_AT_data_member_location
	.byte	23                              @ Abbrev [23] 0x57e:0xd DW_TAG_member
	.long	.Linfo_string81                 @ DW_AT_name
	.long	666                             @ DW_AT_type
	.byte	3                               @ DW_AT_decl_file
	.short	426                             @ DW_AT_decl_line
	.byte	4                               @ DW_AT_data_member_location
	.byte	23                              @ Abbrev [23] 0x58b:0xd DW_TAG_member
	.long	.Linfo_string82                 @ DW_AT_name
	.long	666                             @ DW_AT_type
	.byte	3                               @ DW_AT_decl_file
	.short	427                             @ DW_AT_decl_line
	.byte	6                               @ DW_AT_data_member_location
	.byte	23                              @ Abbrev [23] 0x598:0xd DW_TAG_member
	.long	.Linfo_string83                 @ DW_AT_name
	.long	666                             @ DW_AT_type
	.byte	3                               @ DW_AT_decl_file
	.short	429                             @ DW_AT_decl_line
	.byte	8                               @ DW_AT_data_member_location
	.byte	23                              @ Abbrev [23] 0x5a5:0xd DW_TAG_member
	.long	.Linfo_string84                 @ DW_AT_name
	.long	666                             @ DW_AT_type
	.byte	3                               @ DW_AT_decl_file
	.short	430                             @ DW_AT_decl_line
	.byte	10                              @ DW_AT_data_member_location
	.byte	23                              @ Abbrev [23] 0x5b2:0xd DW_TAG_member
	.long	.Linfo_string85                 @ DW_AT_name
	.long	666                             @ DW_AT_type
	.byte	3                               @ DW_AT_decl_file
	.short	432                             @ DW_AT_decl_line
	.byte	12                              @ DW_AT_data_member_location
	.byte	23                              @ Abbrev [23] 0x5bf:0xd DW_TAG_member
	.long	.Linfo_string86                 @ DW_AT_name
	.long	666                             @ DW_AT_type
	.byte	3                               @ DW_AT_decl_file
	.short	433                             @ DW_AT_decl_line
	.byte	14                              @ DW_AT_data_member_location
	.byte	23                              @ Abbrev [23] 0x5cc:0xd DW_TAG_member
	.long	.Linfo_string87                 @ DW_AT_name
	.long	666                             @ DW_AT_type
	.byte	3                               @ DW_AT_decl_file
	.short	435                             @ DW_AT_decl_line
	.byte	16                              @ DW_AT_data_member_location
	.byte	23                              @ Abbrev [23] 0x5d9:0xd DW_TAG_member
	.long	.Linfo_string88                 @ DW_AT_name
	.long	666                             @ DW_AT_type
	.byte	3                               @ DW_AT_decl_file
	.short	436                             @ DW_AT_decl_line
	.byte	18                              @ DW_AT_data_member_location
	.byte	0                               @ End Of Children Mark
	.byte	14                              @ Abbrev [14] 0x5e7:0x27 DW_TAG_variable
	.long	.Linfo_string91                 @ DW_AT_name
	.long	1550                            @ DW_AT_type
	.byte	3                               @ DW_AT_decl_file
	.byte	105                             @ DW_AT_decl_line
	.byte	27                              @ DW_AT_location
	.byte	3
	.long	.L_MergedGlobals
	.byte	35
	.byte	52
	.byte	147
	.byte	4
	.byte	3
	.long	.L_MergedGlobals
	.byte	35
	.byte	56
	.byte	147
	.byte	4
	.byte	3
	.long	.L_MergedGlobals
	.byte	35
	.byte	60
	.byte	147
	.byte	4
	.byte	3                               @ Abbrev [3] 0x60e:0xb DW_TAG_typedef
	.long	1561                            @ DW_AT_type
	.long	.Linfo_string93                 @ DW_AT_name
	.byte	3                               @ DW_AT_decl_file
	.byte	101                             @ DW_AT_decl_line
	.byte	15                              @ Abbrev [15] 0x619:0x2d DW_TAG_structure_type
	.long	.Linfo_string92                 @ DW_AT_name
	.byte	12                              @ DW_AT_byte_size
	.byte	3                               @ DW_AT_decl_file
	.byte	97                              @ DW_AT_decl_line
	.byte	11                              @ Abbrev [11] 0x621:0xc DW_TAG_member
	.long	.Linfo_string36                 @ DW_AT_name
	.long	57                              @ DW_AT_type
	.byte	3                               @ DW_AT_decl_file
	.byte	99                              @ DW_AT_decl_line
	.byte	0                               @ DW_AT_data_member_location
	.byte	11                              @ Abbrev [11] 0x62d:0xc DW_TAG_member
	.long	.Linfo_string39                 @ DW_AT_name
	.long	57                              @ DW_AT_type
	.byte	3                               @ DW_AT_decl_file
	.byte	99                              @ DW_AT_decl_line
	.byte	4                               @ DW_AT_data_member_location
	.byte	11                              @ Abbrev [11] 0x639:0xc DW_TAG_member
	.long	.Linfo_string40                 @ DW_AT_name
	.long	57                              @ DW_AT_type
	.byte	3                               @ DW_AT_decl_file
	.byte	100                             @ DW_AT_decl_line
	.byte	8                               @ DW_AT_data_member_location
	.byte	0                               @ End Of Children Mark
	.byte	14                              @ Abbrev [14] 0x646:0x27 DW_TAG_variable
	.long	.Linfo_string94                 @ DW_AT_name
	.long	1550                            @ DW_AT_type
	.byte	3                               @ DW_AT_decl_file
	.byte	105                             @ DW_AT_decl_line
	.byte	27                              @ DW_AT_location
	.byte	3
	.long	.L_MergedGlobals
	.byte	35
	.byte	64
	.byte	147
	.byte	4
	.byte	3
	.long	.L_MergedGlobals
	.byte	35
	.byte	68
	.byte	147
	.byte	4
	.byte	3
	.long	.L_MergedGlobals
	.byte	35
	.byte	72
	.byte	147
	.byte	4
	.byte	14                              @ Abbrev [14] 0x66d:0x20 DW_TAG_variable
	.long	.Linfo_string95                 @ DW_AT_name
	.long	1550                            @ DW_AT_type
	.byte	3                               @ DW_AT_decl_file
	.byte	105                             @ DW_AT_decl_line
	.byte	20                              @ DW_AT_location
	.byte	3
	.long	.L_MergedGlobals
	.byte	35
	.byte	76
	.byte	147
	.byte	4
	.byte	147
	.byte	4
	.byte	3
	.long	.L_MergedGlobals
	.byte	35
	.byte	80
	.byte	147
	.byte	4
	.byte	24                              @ Abbrev [24] 0x68d:0x37 DW_TAG_enumeration_type
	.long	1732                            @ DW_AT_type
	.long	.Linfo_string104                @ DW_AT_name
	.byte	1                               @ DW_AT_byte_size
	.byte	3                               @ DW_AT_decl_file
	.byte	76                              @ DW_AT_decl_line
	.byte	25                              @ Abbrev [25] 0x699:0x6 DW_TAG_enumerator
	.long	.Linfo_string97                 @ DW_AT_name
	.byte	0                               @ DW_AT_const_value
	.byte	25                              @ Abbrev [25] 0x69f:0x6 DW_TAG_enumerator
	.long	.Linfo_string98                 @ DW_AT_name
	.byte	2                               @ DW_AT_const_value
	.byte	25                              @ Abbrev [25] 0x6a5:0x6 DW_TAG_enumerator
	.long	.Linfo_string99                 @ DW_AT_name
	.byte	3                               @ DW_AT_const_value
	.byte	25                              @ Abbrev [25] 0x6ab:0x6 DW_TAG_enumerator
	.long	.Linfo_string100                @ DW_AT_name
	.byte	4                               @ DW_AT_const_value
	.byte	25                              @ Abbrev [25] 0x6b1:0x6 DW_TAG_enumerator
	.long	.Linfo_string101                @ DW_AT_name
	.byte	5                               @ DW_AT_const_value
	.byte	25                              @ Abbrev [25] 0x6b7:0x6 DW_TAG_enumerator
	.long	.Linfo_string102                @ DW_AT_name
	.byte	6                               @ DW_AT_const_value
	.byte	25                              @ Abbrev [25] 0x6bd:0x6 DW_TAG_enumerator
	.long	.Linfo_string103                @ DW_AT_name
	.byte	7                               @ DW_AT_const_value
	.byte	0                               @ End Of Children Mark
	.byte	4                               @ Abbrev [4] 0x6c4:0x7 DW_TAG_base_type
	.long	.Linfo_string96                 @ DW_AT_name
	.byte	8                               @ DW_AT_encoding
	.byte	1                               @ DW_AT_byte_size
	.byte	3                               @ Abbrev [3] 0x6cb:0xb DW_TAG_typedef
	.long	1750                            @ DW_AT_type
	.long	.Linfo_string106                @ DW_AT_name
	.byte	5                               @ DW_AT_decl_file
	.byte	7                               @ DW_AT_decl_line
	.byte	3                               @ Abbrev [3] 0x6d6:0xb DW_TAG_typedef
	.long	1732                            @ DW_AT_type
	.long	.Linfo_string105                @ DW_AT_name
	.byte	1                               @ DW_AT_decl_file
	.byte	62                              @ DW_AT_decl_line
	.byte	3                               @ Abbrev [3] 0x6e1:0xb DW_TAG_typedef
	.long	1772                            @ DW_AT_type
	.long	.Linfo_string108                @ DW_AT_name
	.byte	1                               @ DW_AT_decl_file
	.byte	64                              @ DW_AT_decl_line
	.byte	4                               @ Abbrev [4] 0x6ec:0x7 DW_TAG_base_type
	.long	.Linfo_string107                @ DW_AT_name
	.byte	7                               @ DW_AT_encoding
	.byte	4                               @ DW_AT_byte_size
	.byte	26                              @ Abbrev [26] 0x6f3:0x3f DW_TAG_subprogram
	.long	.Lfunc_begin0                   @ DW_AT_low_pc
	.long	.Lfunc_end0-.Lfunc_begin0       @ DW_AT_high_pc
	.byte	1                               @ DW_AT_frame_base
	.byte	93
                                        @ DW_AT_GNU_all_call_sites
	.long	.Linfo_string189                @ DW_AT_name
	.byte	3                               @ DW_AT_decl_file
	.byte	240                             @ DW_AT_decl_line
                                        @ DW_AT_prototyped
                                        @ DW_AT_external
	.byte	27                              @ Abbrev [27] 0x704:0xf DW_TAG_formal_parameter
	.long	.Ldebug_loc0                    @ DW_AT_location
	.long	.Linfo_string36                 @ DW_AT_name
	.byte	3                               @ DW_AT_decl_file
	.byte	240                             @ DW_AT_decl_line
	.long	666                             @ DW_AT_type
	.byte	27                              @ Abbrev [27] 0x713:0xf DW_TAG_formal_parameter
	.long	.Ldebug_loc1                    @ DW_AT_location
	.long	.Linfo_string39                 @ DW_AT_name
	.byte	3                               @ DW_AT_decl_file
	.byte	240                             @ DW_AT_decl_line
	.long	666                             @ DW_AT_type
	.byte	27                              @ Abbrev [27] 0x722:0xf DW_TAG_formal_parameter
	.long	.Ldebug_loc2                    @ DW_AT_location
	.long	.Linfo_string40                 @ DW_AT_name
	.byte	3                               @ DW_AT_decl_file
	.byte	240                             @ DW_AT_decl_line
	.long	68                              @ DW_AT_type
	.byte	0                               @ End Of Children Mark
	.byte	5                               @ Abbrev [5] 0x732:0x43 DW_TAG_subprogram
	.long	.Lfunc_begin1                   @ DW_AT_low_pc
	.long	.Lfunc_end1-.Lfunc_begin1       @ DW_AT_high_pc
	.byte	1                               @ DW_AT_frame_base
	.byte	93
                                        @ DW_AT_GNU_all_call_sites
	.long	.Linfo_string190                @ DW_AT_name
	.byte	3                               @ DW_AT_decl_file
	.short	259                             @ DW_AT_decl_line
                                        @ DW_AT_prototyped
                                        @ DW_AT_external
	.byte	8                               @ Abbrev [8] 0x744:0x10 DW_TAG_formal_parameter
	.long	.Ldebug_loc3                    @ DW_AT_location
	.long	.Linfo_string36                 @ DW_AT_name
	.byte	3                               @ DW_AT_decl_file
	.short	259                             @ DW_AT_decl_line
	.long	666                             @ DW_AT_type
	.byte	8                               @ Abbrev [8] 0x754:0x10 DW_TAG_formal_parameter
	.long	.Ldebug_loc4                    @ DW_AT_location
	.long	.Linfo_string39                 @ DW_AT_name
	.byte	3                               @ DW_AT_decl_file
	.short	259                             @ DW_AT_decl_line
	.long	666                             @ DW_AT_type
	.byte	8                               @ Abbrev [8] 0x764:0x10 DW_TAG_formal_parameter
	.long	.Ldebug_loc5                    @ DW_AT_location
	.long	.Linfo_string40                 @ DW_AT_name
	.byte	3                               @ DW_AT_decl_file
	.short	259                             @ DW_AT_decl_line
	.long	68                              @ DW_AT_type
	.byte	0                               @ End Of Children Mark
	.byte	5                               @ Abbrev [5] 0x775:0x43 DW_TAG_subprogram
	.long	.Lfunc_begin2                   @ DW_AT_low_pc
	.long	.Lfunc_end2-.Lfunc_begin2       @ DW_AT_high_pc
	.byte	1                               @ DW_AT_frame_base
	.byte	93
                                        @ DW_AT_GNU_all_call_sites
	.long	.Linfo_string191                @ DW_AT_name
	.byte	3                               @ DW_AT_decl_file
	.short	278                             @ DW_AT_decl_line
                                        @ DW_AT_prototyped
                                        @ DW_AT_external
	.byte	8                               @ Abbrev [8] 0x787:0x10 DW_TAG_formal_parameter
	.long	.Ldebug_loc6                    @ DW_AT_location
	.long	.Linfo_string36                 @ DW_AT_name
	.byte	3                               @ DW_AT_decl_file
	.short	278                             @ DW_AT_decl_line
	.long	666                             @ DW_AT_type
	.byte	8                               @ Abbrev [8] 0x797:0x10 DW_TAG_formal_parameter
	.long	.Ldebug_loc7                    @ DW_AT_location
	.long	.Linfo_string39                 @ DW_AT_name
	.byte	3                               @ DW_AT_decl_file
	.short	278                             @ DW_AT_decl_line
	.long	666                             @ DW_AT_type
	.byte	8                               @ Abbrev [8] 0x7a7:0x10 DW_TAG_formal_parameter
	.long	.Ldebug_loc8                    @ DW_AT_location
	.long	.Linfo_string40                 @ DW_AT_name
	.byte	3                               @ DW_AT_decl_file
	.short	278                             @ DW_AT_decl_line
	.long	68                              @ DW_AT_type
	.byte	0                               @ End Of Children Mark
	.byte	28                              @ Abbrev [28] 0x7b8:0x18 DW_TAG_subprogram
	.long	.Linfo_string109                @ DW_AT_name
	.byte	2                               @ DW_AT_decl_file
	.byte	47                              @ DW_AT_decl_line
                                        @ DW_AT_prototyped
	.long	57                              @ DW_AT_type
	.byte	1                               @ DW_AT_inline
	.byte	29                              @ Abbrev [29] 0x7c4:0xb DW_TAG_formal_parameter
	.long	.Linfo_string110                @ DW_AT_name
	.byte	2                               @ DW_AT_decl_file
	.byte	47                              @ DW_AT_decl_line
	.long	68                              @ DW_AT_type
	.byte	0                               @ End Of Children Mark
	.byte	28                              @ Abbrev [28] 0x7d0:0x23 DW_TAG_subprogram
	.long	.Linfo_string111                @ DW_AT_name
	.byte	2                               @ DW_AT_decl_file
	.byte	103                             @ DW_AT_decl_line
                                        @ DW_AT_prototyped
	.long	57                              @ DW_AT_type
	.byte	1                               @ DW_AT_inline
	.byte	29                              @ Abbrev [29] 0x7dc:0xb DW_TAG_formal_parameter
	.long	.Linfo_string112                @ DW_AT_name
	.byte	2                               @ DW_AT_decl_file
	.byte	103                             @ DW_AT_decl_line
	.long	57                              @ DW_AT_type
	.byte	29                              @ Abbrev [29] 0x7e7:0xb DW_TAG_formal_parameter
	.long	.Linfo_string113                @ DW_AT_name
	.byte	2                               @ DW_AT_decl_file
	.byte	103                             @ DW_AT_decl_line
	.long	57                              @ DW_AT_type
	.byte	0                               @ End Of Children Mark
	.byte	5                               @ Abbrev [5] 0x7f3:0x36d DW_TAG_subprogram
	.long	.Lfunc_begin4                   @ DW_AT_low_pc
	.long	.Lfunc_end4-.Lfunc_begin4       @ DW_AT_high_pc
	.byte	1                               @ DW_AT_frame_base
	.byte	93
                                        @ DW_AT_GNU_all_call_sites
	.long	.Linfo_string193                @ DW_AT_name
	.byte	3                               @ DW_AT_decl_file
	.short	341                             @ DW_AT_decl_line
                                        @ DW_AT_prototyped
                                        @ DW_AT_external
	.byte	8                               @ Abbrev [8] 0x805:0x10 DW_TAG_formal_parameter
	.long	.Ldebug_loc12                   @ DW_AT_location
	.long	.Linfo_string199                @ DW_AT_name
	.byte	3                               @ DW_AT_decl_file
	.short	341                             @ DW_AT_decl_line
	.long	6086                            @ DW_AT_type
	.byte	9                               @ Abbrev [9] 0x815:0x10 DW_TAG_variable
	.long	.Ldebug_loc17                   @ DW_AT_location
	.long	.Linfo_string200                @ DW_AT_name
	.byte	3                               @ DW_AT_decl_file
	.short	343                             @ DW_AT_decl_line
	.long	57                              @ DW_AT_type
	.byte	30                              @ Abbrev [30] 0x825:0x1b DW_TAG_inlined_subroutine
	.long	1976                            @ DW_AT_abstract_origin
	.long	.Ltmp33                         @ DW_AT_low_pc
	.long	.Ltmp35-.Ltmp33                 @ DW_AT_high_pc
	.byte	3                               @ DW_AT_call_file
	.short	344                             @ DW_AT_call_line
	.byte	25                              @ DW_AT_call_column
	.byte	31                              @ Abbrev [31] 0x836:0x9 DW_TAG_formal_parameter
	.long	.Ldebug_loc13                   @ DW_AT_location
	.long	1988                            @ DW_AT_abstract_origin
	.byte	0                               @ End Of Children Mark
	.byte	30                              @ Abbrev [30] 0x840:0x1b DW_TAG_inlined_subroutine
	.long	1976                            @ DW_AT_abstract_origin
	.long	.Ltmp37                         @ DW_AT_low_pc
	.long	.Ltmp39-.Ltmp37                 @ DW_AT_high_pc
	.byte	3                               @ DW_AT_call_file
	.short	345                             @ DW_AT_call_line
	.byte	41                              @ DW_AT_call_column
	.byte	31                              @ Abbrev [31] 0x851:0x9 DW_TAG_formal_parameter
	.long	.Ldebug_loc14                   @ DW_AT_location
	.long	1988                            @ DW_AT_abstract_origin
	.byte	0                               @ End Of Children Mark
	.byte	30                              @ Abbrev [30] 0x85b:0x22 DW_TAG_inlined_subroutine
	.long	2000                            @ DW_AT_abstract_origin
	.long	.Ltmp40                         @ DW_AT_low_pc
	.long	.Ltmp42-.Ltmp40                 @ DW_AT_high_pc
	.byte	3                               @ DW_AT_call_file
	.short	345                             @ DW_AT_call_line
	.byte	15                              @ DW_AT_call_column
	.byte	32                              @ Abbrev [32] 0x86c:0x7 DW_TAG_formal_parameter
	.byte	1                               @ DW_AT_location
	.byte	85
	.long	2012                            @ DW_AT_abstract_origin
	.byte	31                              @ Abbrev [31] 0x873:0x9 DW_TAG_formal_parameter
	.long	.Ldebug_loc15                   @ DW_AT_location
	.long	2023                            @ DW_AT_abstract_origin
	.byte	0                               @ End Of Children Mark
	.byte	30                              @ Abbrev [30] 0x87d:0x1b DW_TAG_inlined_subroutine
	.long	2000                            @ DW_AT_abstract_origin
	.long	.Ltmp42                         @ DW_AT_low_pc
	.long	.Ltmp43-.Ltmp42                 @ DW_AT_high_pc
	.byte	3                               @ DW_AT_call_file
	.short	346                             @ DW_AT_call_line
	.byte	15                              @ DW_AT_call_column
	.byte	33                              @ Abbrev [33] 0x88e:0x9 DW_TAG_formal_parameter
	.ascii	"\354\230\204t"                 @ DW_AT_const_value
	.long	2023                            @ DW_AT_abstract_origin
	.byte	0                               @ End Of Children Mark
	.byte	30                              @ Abbrev [30] 0x898:0x1b DW_TAG_inlined_subroutine
	.long	1976                            @ DW_AT_abstract_origin
	.long	.Ltmp44                         @ DW_AT_low_pc
	.long	.Ltmp46-.Ltmp44                 @ DW_AT_high_pc
	.byte	3                               @ DW_AT_call_file
	.short	347                             @ DW_AT_call_line
	.byte	41                              @ DW_AT_call_column
	.byte	31                              @ Abbrev [31] 0x8a9:0x9 DW_TAG_formal_parameter
	.long	.Ldebug_loc16                   @ DW_AT_location
	.long	1988                            @ DW_AT_abstract_origin
	.byte	0                               @ End Of Children Mark
	.byte	30                              @ Abbrev [30] 0x8b3:0x19 DW_TAG_inlined_subroutine
	.long	1976                            @ DW_AT_abstract_origin
	.long	.Ltmp49                         @ DW_AT_low_pc
	.long	.Ltmp50-.Ltmp49                 @ DW_AT_high_pc
	.byte	3                               @ DW_AT_call_file
	.short	348                             @ DW_AT_call_line
	.byte	34                              @ DW_AT_call_column
	.byte	32                              @ Abbrev [32] 0x8c4:0x7 DW_TAG_formal_parameter
	.byte	1                               @ DW_AT_location
	.byte	80
	.long	1988                            @ DW_AT_abstract_origin
	.byte	0                               @ End Of Children Mark
	.byte	30                              @ Abbrev [30] 0x8cc:0x19 DW_TAG_inlined_subroutine
	.long	1976                            @ DW_AT_abstract_origin
	.long	.Ltmp53                         @ DW_AT_low_pc
	.long	.Ltmp54-.Ltmp53                 @ DW_AT_high_pc
	.byte	3                               @ DW_AT_call_file
	.short	349                             @ DW_AT_call_line
	.byte	59                              @ DW_AT_call_column
	.byte	32                              @ Abbrev [32] 0x8dd:0x7 DW_TAG_formal_parameter
	.byte	1                               @ DW_AT_location
	.byte	80
	.long	1988                            @ DW_AT_abstract_origin
	.byte	0                               @ End Of Children Mark
	.byte	30                              @ Abbrev [30] 0x8e5:0x20 DW_TAG_inlined_subroutine
	.long	2000                            @ DW_AT_abstract_origin
	.long	.Ltmp55                         @ DW_AT_low_pc
	.long	.Ltmp56-.Ltmp55                 @ DW_AT_high_pc
	.byte	3                               @ DW_AT_call_file
	.short	349                             @ DW_AT_call_line
	.byte	24                              @ DW_AT_call_column
	.byte	32                              @ Abbrev [32] 0x8f6:0x7 DW_TAG_formal_parameter
	.byte	1                               @ DW_AT_location
	.byte	85
	.long	2012                            @ DW_AT_abstract_origin
	.byte	32                              @ Abbrev [32] 0x8fd:0x7 DW_TAG_formal_parameter
	.byte	1                               @ DW_AT_location
	.byte	80
	.long	2023                            @ DW_AT_abstract_origin
	.byte	0                               @ End Of Children Mark
	.byte	30                              @ Abbrev [30] 0x905:0x1b DW_TAG_inlined_subroutine
	.long	2000                            @ DW_AT_abstract_origin
	.long	.Ltmp56                         @ DW_AT_low_pc
	.long	.Ltmp58-.Ltmp56                 @ DW_AT_high_pc
	.byte	3                               @ DW_AT_call_file
	.short	350                             @ DW_AT_call_line
	.byte	24                              @ DW_AT_call_column
	.byte	31                              @ Abbrev [31] 0x916:0x9 DW_TAG_formal_parameter
	.long	.Ldebug_loc18                   @ DW_AT_location
	.long	2023                            @ DW_AT_abstract_origin
	.byte	0                               @ End Of Children Mark
	.byte	30                              @ Abbrev [30] 0x920:0x19 DW_TAG_inlined_subroutine
	.long	1976                            @ DW_AT_abstract_origin
	.long	.Ltmp59                         @ DW_AT_low_pc
	.long	.Ltmp60-.Ltmp59                 @ DW_AT_high_pc
	.byte	3                               @ DW_AT_call_file
	.short	351                             @ DW_AT_call_line
	.byte	59                              @ DW_AT_call_column
	.byte	32                              @ Abbrev [32] 0x931:0x7 DW_TAG_formal_parameter
	.byte	1                               @ DW_AT_location
	.byte	80
	.long	1988                            @ DW_AT_abstract_origin
	.byte	0                               @ End Of Children Mark
	.byte	30                              @ Abbrev [30] 0x939:0x1b DW_TAG_inlined_subroutine
	.long	1976                            @ DW_AT_abstract_origin
	.long	.Ltmp64                         @ DW_AT_low_pc
	.long	.Ltmp66-.Ltmp64                 @ DW_AT_high_pc
	.byte	3                               @ DW_AT_call_file
	.short	354                             @ DW_AT_call_line
	.byte	25                              @ DW_AT_call_column
	.byte	31                              @ Abbrev [31] 0x94a:0x9 DW_TAG_formal_parameter
	.long	.Ldebug_loc19                   @ DW_AT_location
	.long	1988                            @ DW_AT_abstract_origin
	.byte	0                               @ End Of Children Mark
	.byte	30                              @ Abbrev [30] 0x954:0x1b DW_TAG_inlined_subroutine
	.long	1976                            @ DW_AT_abstract_origin
	.long	.Ltmp68                         @ DW_AT_low_pc
	.long	.Ltmp70-.Ltmp68                 @ DW_AT_high_pc
	.byte	3                               @ DW_AT_call_file
	.short	355                             @ DW_AT_call_line
	.byte	41                              @ DW_AT_call_column
	.byte	31                              @ Abbrev [31] 0x965:0x9 DW_TAG_formal_parameter
	.long	.Ldebug_loc20                   @ DW_AT_location
	.long	1988                            @ DW_AT_abstract_origin
	.byte	0                               @ End Of Children Mark
	.byte	30                              @ Abbrev [30] 0x96f:0x22 DW_TAG_inlined_subroutine
	.long	2000                            @ DW_AT_abstract_origin
	.long	.Ltmp71                         @ DW_AT_low_pc
	.long	.Ltmp73-.Ltmp71                 @ DW_AT_high_pc
	.byte	3                               @ DW_AT_call_file
	.short	355                             @ DW_AT_call_line
	.byte	15                              @ DW_AT_call_column
	.byte	32                              @ Abbrev [32] 0x980:0x7 DW_TAG_formal_parameter
	.byte	1                               @ DW_AT_location
	.byte	85
	.long	2012                            @ DW_AT_abstract_origin
	.byte	31                              @ Abbrev [31] 0x987:0x9 DW_TAG_formal_parameter
	.long	.Ldebug_loc21                   @ DW_AT_location
	.long	2023                            @ DW_AT_abstract_origin
	.byte	0                               @ End Of Children Mark
	.byte	30                              @ Abbrev [30] 0x991:0x1b DW_TAG_inlined_subroutine
	.long	2000                            @ DW_AT_abstract_origin
	.long	.Ltmp73                         @ DW_AT_low_pc
	.long	.Ltmp74-.Ltmp73                 @ DW_AT_high_pc
	.byte	3                               @ DW_AT_call_file
	.short	356                             @ DW_AT_call_line
	.byte	15                              @ DW_AT_call_column
	.byte	33                              @ Abbrev [33] 0x9a2:0x9 DW_TAG_formal_parameter
	.ascii	"\373\255\374\006"              @ DW_AT_const_value
	.long	2023                            @ DW_AT_abstract_origin
	.byte	0                               @ End Of Children Mark
	.byte	30                              @ Abbrev [30] 0x9ac:0x1b DW_TAG_inlined_subroutine
	.long	1976                            @ DW_AT_abstract_origin
	.long	.Ltmp75                         @ DW_AT_low_pc
	.long	.Ltmp77-.Ltmp75                 @ DW_AT_high_pc
	.byte	3                               @ DW_AT_call_file
	.short	357                             @ DW_AT_call_line
	.byte	41                              @ DW_AT_call_column
	.byte	31                              @ Abbrev [31] 0x9bd:0x9 DW_TAG_formal_parameter
	.long	.Ldebug_loc22                   @ DW_AT_location
	.long	1988                            @ DW_AT_abstract_origin
	.byte	0                               @ End Of Children Mark
	.byte	30                              @ Abbrev [30] 0x9c7:0x19 DW_TAG_inlined_subroutine
	.long	1976                            @ DW_AT_abstract_origin
	.long	.Ltmp80                         @ DW_AT_low_pc
	.long	.Ltmp81-.Ltmp80                 @ DW_AT_high_pc
	.byte	3                               @ DW_AT_call_file
	.short	358                             @ DW_AT_call_line
	.byte	34                              @ DW_AT_call_column
	.byte	32                              @ Abbrev [32] 0x9d8:0x7 DW_TAG_formal_parameter
	.byte	1                               @ DW_AT_location
	.byte	80
	.long	1988                            @ DW_AT_abstract_origin
	.byte	0                               @ End Of Children Mark
	.byte	30                              @ Abbrev [30] 0x9e0:0x19 DW_TAG_inlined_subroutine
	.long	1976                            @ DW_AT_abstract_origin
	.long	.Ltmp84                         @ DW_AT_low_pc
	.long	.Ltmp85-.Ltmp84                 @ DW_AT_high_pc
	.byte	3                               @ DW_AT_call_file
	.short	359                             @ DW_AT_call_line
	.byte	59                              @ DW_AT_call_column
	.byte	32                              @ Abbrev [32] 0x9f1:0x7 DW_TAG_formal_parameter
	.byte	1                               @ DW_AT_location
	.byte	80
	.long	1988                            @ DW_AT_abstract_origin
	.byte	0                               @ End Of Children Mark
	.byte	30                              @ Abbrev [30] 0x9f9:0x20 DW_TAG_inlined_subroutine
	.long	2000                            @ DW_AT_abstract_origin
	.long	.Ltmp86                         @ DW_AT_low_pc
	.long	.Ltmp87-.Ltmp86                 @ DW_AT_high_pc
	.byte	3                               @ DW_AT_call_file
	.short	359                             @ DW_AT_call_line
	.byte	24                              @ DW_AT_call_column
	.byte	32                              @ Abbrev [32] 0xa0a:0x7 DW_TAG_formal_parameter
	.byte	1                               @ DW_AT_location
	.byte	85
	.long	2012                            @ DW_AT_abstract_origin
	.byte	32                              @ Abbrev [32] 0xa11:0x7 DW_TAG_formal_parameter
	.byte	1                               @ DW_AT_location
	.byte	80
	.long	2023                            @ DW_AT_abstract_origin
	.byte	0                               @ End Of Children Mark
	.byte	30                              @ Abbrev [30] 0xa19:0x1b DW_TAG_inlined_subroutine
	.long	2000                            @ DW_AT_abstract_origin
	.long	.Ltmp87                         @ DW_AT_low_pc
	.long	.Ltmp89-.Ltmp87                 @ DW_AT_high_pc
	.byte	3                               @ DW_AT_call_file
	.short	360                             @ DW_AT_call_line
	.byte	24                              @ DW_AT_call_column
	.byte	31                              @ Abbrev [31] 0xa2a:0x9 DW_TAG_formal_parameter
	.long	.Ldebug_loc23                   @ DW_AT_location
	.long	2023                            @ DW_AT_abstract_origin
	.byte	0                               @ End Of Children Mark
	.byte	30                              @ Abbrev [30] 0xa34:0x19 DW_TAG_inlined_subroutine
	.long	1976                            @ DW_AT_abstract_origin
	.long	.Ltmp90                         @ DW_AT_low_pc
	.long	.Ltmp91-.Ltmp90                 @ DW_AT_high_pc
	.byte	3                               @ DW_AT_call_file
	.short	361                             @ DW_AT_call_line
	.byte	59                              @ DW_AT_call_column
	.byte	32                              @ Abbrev [32] 0xa45:0x7 DW_TAG_formal_parameter
	.byte	1                               @ DW_AT_location
	.byte	80
	.long	1988                            @ DW_AT_abstract_origin
	.byte	0                               @ End Of Children Mark
	.byte	30                              @ Abbrev [30] 0xa4d:0x1b DW_TAG_inlined_subroutine
	.long	1976                            @ DW_AT_abstract_origin
	.long	.Ltmp95                         @ DW_AT_low_pc
	.long	.Ltmp97-.Ltmp95                 @ DW_AT_high_pc
	.byte	3                               @ DW_AT_call_file
	.short	364                             @ DW_AT_call_line
	.byte	25                              @ DW_AT_call_column
	.byte	31                              @ Abbrev [31] 0xa5e:0x9 DW_TAG_formal_parameter
	.long	.Ldebug_loc24                   @ DW_AT_location
	.long	1988                            @ DW_AT_abstract_origin
	.byte	0                               @ End Of Children Mark
	.byte	30                              @ Abbrev [30] 0xa68:0x1b DW_TAG_inlined_subroutine
	.long	1976                            @ DW_AT_abstract_origin
	.long	.Ltmp99                         @ DW_AT_low_pc
	.long	.Ltmp101-.Ltmp99                @ DW_AT_high_pc
	.byte	3                               @ DW_AT_call_file
	.short	365                             @ DW_AT_call_line
	.byte	41                              @ DW_AT_call_column
	.byte	31                              @ Abbrev [31] 0xa79:0x9 DW_TAG_formal_parameter
	.long	.Ldebug_loc25                   @ DW_AT_location
	.long	1988                            @ DW_AT_abstract_origin
	.byte	0                               @ End Of Children Mark
	.byte	30                              @ Abbrev [30] 0xa83:0x22 DW_TAG_inlined_subroutine
	.long	2000                            @ DW_AT_abstract_origin
	.long	.Ltmp102                        @ DW_AT_low_pc
	.long	.Ltmp104-.Ltmp102               @ DW_AT_high_pc
	.byte	3                               @ DW_AT_call_file
	.short	365                             @ DW_AT_call_line
	.byte	15                              @ DW_AT_call_column
	.byte	32                              @ Abbrev [32] 0xa94:0x7 DW_TAG_formal_parameter
	.byte	1                               @ DW_AT_location
	.byte	85
	.long	2012                            @ DW_AT_abstract_origin
	.byte	31                              @ Abbrev [31] 0xa9b:0x9 DW_TAG_formal_parameter
	.long	.Ldebug_loc26                   @ DW_AT_location
	.long	2023                            @ DW_AT_abstract_origin
	.byte	0                               @ End Of Children Mark
	.byte	30                              @ Abbrev [30] 0xaa5:0x1b DW_TAG_inlined_subroutine
	.long	2000                            @ DW_AT_abstract_origin
	.long	.Ltmp104                        @ DW_AT_low_pc
	.long	.Ltmp105-.Ltmp104               @ DW_AT_high_pc
	.byte	3                               @ DW_AT_call_file
	.short	366                             @ DW_AT_call_line
	.byte	15                              @ DW_AT_call_column
	.byte	33                              @ Abbrev [33] 0xab6:0x9 DW_TAG_formal_parameter
	.ascii	"\231\271\377\004"              @ DW_AT_const_value
	.long	2023                            @ DW_AT_abstract_origin
	.byte	0                               @ End Of Children Mark
	.byte	30                              @ Abbrev [30] 0xac0:0x19 DW_TAG_inlined_subroutine
	.long	1976                            @ DW_AT_abstract_origin
	.long	.Ltmp106                        @ DW_AT_low_pc
	.long	.Ltmp107-.Ltmp106               @ DW_AT_high_pc
	.byte	3                               @ DW_AT_call_file
	.short	367                             @ DW_AT_call_line
	.byte	41                              @ DW_AT_call_column
	.byte	32                              @ Abbrev [32] 0xad1:0x7 DW_TAG_formal_parameter
	.byte	1                               @ DW_AT_location
	.byte	80
	.long	1988                            @ DW_AT_abstract_origin
	.byte	0                               @ End Of Children Mark
	.byte	30                              @ Abbrev [30] 0xad9:0x19 DW_TAG_inlined_subroutine
	.long	1976                            @ DW_AT_abstract_origin
	.long	.Ltmp110                        @ DW_AT_low_pc
	.long	.Ltmp111-.Ltmp110               @ DW_AT_high_pc
	.byte	3                               @ DW_AT_call_file
	.short	368                             @ DW_AT_call_line
	.byte	34                              @ DW_AT_call_column
	.byte	32                              @ Abbrev [32] 0xaea:0x7 DW_TAG_formal_parameter
	.byte	1                               @ DW_AT_location
	.byte	80
	.long	1988                            @ DW_AT_abstract_origin
	.byte	0                               @ End Of Children Mark
	.byte	30                              @ Abbrev [30] 0xaf2:0x19 DW_TAG_inlined_subroutine
	.long	1976                            @ DW_AT_abstract_origin
	.long	.Ltmp114                        @ DW_AT_low_pc
	.long	.Ltmp115-.Ltmp114               @ DW_AT_high_pc
	.byte	3                               @ DW_AT_call_file
	.short	369                             @ DW_AT_call_line
	.byte	59                              @ DW_AT_call_column
	.byte	32                              @ Abbrev [32] 0xb03:0x7 DW_TAG_formal_parameter
	.byte	1                               @ DW_AT_location
	.byte	80
	.long	1988                            @ DW_AT_abstract_origin
	.byte	0                               @ End Of Children Mark
	.byte	30                              @ Abbrev [30] 0xb0b:0x20 DW_TAG_inlined_subroutine
	.long	2000                            @ DW_AT_abstract_origin
	.long	.Ltmp116                        @ DW_AT_low_pc
	.long	.Ltmp117-.Ltmp116               @ DW_AT_high_pc
	.byte	3                               @ DW_AT_call_file
	.short	369                             @ DW_AT_call_line
	.byte	24                              @ DW_AT_call_column
	.byte	32                              @ Abbrev [32] 0xb1c:0x7 DW_TAG_formal_parameter
	.byte	1                               @ DW_AT_location
	.byte	85
	.long	2012                            @ DW_AT_abstract_origin
	.byte	32                              @ Abbrev [32] 0xb23:0x7 DW_TAG_formal_parameter
	.byte	1                               @ DW_AT_location
	.byte	80
	.long	2023                            @ DW_AT_abstract_origin
	.byte	0                               @ End Of Children Mark
	.byte	30                              @ Abbrev [30] 0xb2b:0x1b DW_TAG_inlined_subroutine
	.long	2000                            @ DW_AT_abstract_origin
	.long	.Ltmp117                        @ DW_AT_low_pc
	.long	.Ltmp119-.Ltmp117               @ DW_AT_high_pc
	.byte	3                               @ DW_AT_call_file
	.short	370                             @ DW_AT_call_line
	.byte	24                              @ DW_AT_call_column
	.byte	31                              @ Abbrev [31] 0xb3c:0x9 DW_TAG_formal_parameter
	.long	.Ldebug_loc27                   @ DW_AT_location
	.long	2023                            @ DW_AT_abstract_origin
	.byte	0                               @ End Of Children Mark
	.byte	30                              @ Abbrev [30] 0xb46:0x19 DW_TAG_inlined_subroutine
	.long	1976                            @ DW_AT_abstract_origin
	.long	.Ltmp120                        @ DW_AT_low_pc
	.long	.Ltmp121-.Ltmp120               @ DW_AT_high_pc
	.byte	3                               @ DW_AT_call_file
	.short	371                             @ DW_AT_call_line
	.byte	59                              @ DW_AT_call_column
	.byte	32                              @ Abbrev [32] 0xb57:0x7 DW_TAG_formal_parameter
	.byte	1                               @ DW_AT_location
	.byte	80
	.long	1988                            @ DW_AT_abstract_origin
	.byte	0                               @ End Of Children Mark
	.byte	0                               @ End Of Children Mark
	.byte	5                               @ Abbrev [5] 0xb60:0x25f DW_TAG_subprogram
	.long	.Lfunc_begin5                   @ DW_AT_low_pc
	.long	.Lfunc_end5-.Lfunc_begin5       @ DW_AT_high_pc
	.byte	1                               @ DW_AT_frame_base
	.byte	93
                                        @ DW_AT_GNU_all_call_sites
	.long	.Linfo_string194                @ DW_AT_name
	.byte	3                               @ DW_AT_decl_file
	.short	375                             @ DW_AT_decl_line
                                        @ DW_AT_prototyped
                                        @ DW_AT_external
	.byte	8                               @ Abbrev [8] 0xb72:0x10 DW_TAG_formal_parameter
	.long	.Ldebug_loc28                   @ DW_AT_location
	.long	.Linfo_string136                @ DW_AT_name
	.byte	3                               @ DW_AT_decl_file
	.short	375                             @ DW_AT_decl_line
	.long	6096                            @ DW_AT_type
	.byte	8                               @ Abbrev [8] 0xb82:0x10 DW_TAG_formal_parameter
	.long	.Ldebug_loc29                   @ DW_AT_location
	.long	.Linfo_string201                @ DW_AT_name
	.byte	3                               @ DW_AT_decl_file
	.short	375                             @ DW_AT_decl_line
	.long	3807                            @ DW_AT_type
	.byte	9                               @ Abbrev [9] 0xb92:0x10 DW_TAG_variable
	.long	.Ldebug_loc30                   @ DW_AT_location
	.long	.Linfo_string202                @ DW_AT_name
	.byte	3                               @ DW_AT_decl_file
	.short	377                             @ DW_AT_decl_line
	.long	57                              @ DW_AT_type
	.byte	9                               @ Abbrev [9] 0xba2:0x10 DW_TAG_variable
	.long	.Ldebug_loc31                   @ DW_AT_location
	.long	.Linfo_string203                @ DW_AT_name
	.byte	3                               @ DW_AT_decl_file
	.short	379                             @ DW_AT_decl_line
	.long	57                              @ DW_AT_type
	.byte	9                               @ Abbrev [9] 0xbb2:0x10 DW_TAG_variable
	.long	.Ldebug_loc33                   @ DW_AT_location
	.long	.Linfo_string204                @ DW_AT_name
	.byte	3                               @ DW_AT_decl_file
	.short	377                             @ DW_AT_decl_line
	.long	57                              @ DW_AT_type
	.byte	9                               @ Abbrev [9] 0xbc2:0x10 DW_TAG_variable
	.long	.Ldebug_loc35                   @ DW_AT_location
	.long	.Linfo_string205                @ DW_AT_name
	.byte	3                               @ DW_AT_decl_file
	.short	379                             @ DW_AT_decl_line
	.long	57                              @ DW_AT_type
	.byte	9                               @ Abbrev [9] 0xbd2:0x10 DW_TAG_variable
	.long	.Ldebug_loc37                   @ DW_AT_location
	.long	.Linfo_string206                @ DW_AT_name
	.byte	3                               @ DW_AT_decl_file
	.short	379                             @ DW_AT_decl_line
	.long	57                              @ DW_AT_type
	.byte	9                               @ Abbrev [9] 0xbe2:0x10 DW_TAG_variable
	.long	.Ldebug_loc39                   @ DW_AT_location
	.long	.Linfo_string207                @ DW_AT_name
	.byte	3                               @ DW_AT_decl_file
	.short	380                             @ DW_AT_decl_line
	.long	57                              @ DW_AT_type
	.byte	9                               @ Abbrev [9] 0xbf2:0x10 DW_TAG_variable
	.long	.Ldebug_loc41                   @ DW_AT_location
	.long	.Linfo_string208                @ DW_AT_name
	.byte	3                               @ DW_AT_decl_file
	.short	380                             @ DW_AT_decl_line
	.long	57                              @ DW_AT_type
	.byte	9                               @ Abbrev [9] 0xc02:0x10 DW_TAG_variable
	.long	.Ldebug_loc45                   @ DW_AT_location
	.long	.Linfo_string209                @ DW_AT_name
	.byte	3                               @ DW_AT_decl_file
	.short	380                             @ DW_AT_decl_line
	.long	57                              @ DW_AT_type
	.byte	30                              @ Abbrev [30] 0xc12:0x19 DW_TAG_inlined_subroutine
	.long	1976                            @ DW_AT_abstract_origin
	.long	.Ltmp127                        @ DW_AT_low_pc
	.long	.Ltmp129-.Ltmp127               @ DW_AT_high_pc
	.byte	3                               @ DW_AT_call_file
	.short	384                             @ DW_AT_call_line
	.byte	22                              @ DW_AT_call_column
	.byte	32                              @ Abbrev [32] 0xc23:0x7 DW_TAG_formal_parameter
	.byte	1                               @ DW_AT_location
	.byte	80
	.long	1988                            @ DW_AT_abstract_origin
	.byte	0                               @ End Of Children Mark
	.byte	30                              @ Abbrev [30] 0xc2b:0x1b DW_TAG_inlined_subroutine
	.long	1976                            @ DW_AT_abstract_origin
	.long	.Ltmp132                        @ DW_AT_low_pc
	.long	.Ltmp134-.Ltmp132               @ DW_AT_high_pc
	.byte	3                               @ DW_AT_call_file
	.short	385                             @ DW_AT_call_line
	.byte	22                              @ DW_AT_call_column
	.byte	31                              @ Abbrev [31] 0xc3c:0x9 DW_TAG_formal_parameter
	.long	.Ldebug_loc32                   @ DW_AT_location
	.long	1988                            @ DW_AT_abstract_origin
	.byte	0                               @ End Of Children Mark
	.byte	30                              @ Abbrev [30] 0xc46:0x22 DW_TAG_inlined_subroutine
	.long	2000                            @ DW_AT_abstract_origin
	.long	.Ltmp135                        @ DW_AT_low_pc
	.long	.Ltmp137-.Ltmp135               @ DW_AT_high_pc
	.byte	3                               @ DW_AT_call_file
	.short	387                             @ DW_AT_call_line
	.byte	16                              @ DW_AT_call_column
	.byte	32                              @ Abbrev [32] 0xc57:0x7 DW_TAG_formal_parameter
	.byte	1                               @ DW_AT_location
	.byte	85
	.long	2012                            @ DW_AT_abstract_origin
	.byte	31                              @ Abbrev [31] 0xc5e:0x9 DW_TAG_formal_parameter
	.long	.Ldebug_loc34                   @ DW_AT_location
	.long	2023                            @ DW_AT_abstract_origin
	.byte	0                               @ End Of Children Mark
	.byte	30                              @ Abbrev [30] 0xc68:0x1b DW_TAG_inlined_subroutine
	.long	2000                            @ DW_AT_abstract_origin
	.long	.Ltmp137                        @ DW_AT_low_pc
	.long	.Ltmp138-.Ltmp137               @ DW_AT_high_pc
	.byte	3                               @ DW_AT_call_file
	.short	388                             @ DW_AT_call_line
	.byte	16                              @ DW_AT_call_column
	.byte	33                              @ Abbrev [33] 0xc79:0x9 DW_TAG_formal_parameter
	.ascii	"\354\230\204t"                 @ DW_AT_const_value
	.long	2023                            @ DW_AT_abstract_origin
	.byte	0                               @ End Of Children Mark
	.byte	30                              @ Abbrev [30] 0xc83:0x22 DW_TAG_inlined_subroutine
	.long	2000                            @ DW_AT_abstract_origin
	.long	.Ltmp144                        @ DW_AT_low_pc
	.long	.Ltmp146-.Ltmp144               @ DW_AT_high_pc
	.byte	3                               @ DW_AT_call_file
	.short	392                             @ DW_AT_call_line
	.byte	16                              @ DW_AT_call_column
	.byte	32                              @ Abbrev [32] 0xc94:0x7 DW_TAG_formal_parameter
	.byte	1                               @ DW_AT_location
	.byte	86
	.long	2012                            @ DW_AT_abstract_origin
	.byte	31                              @ Abbrev [31] 0xc9b:0x9 DW_TAG_formal_parameter
	.long	.Ldebug_loc36                   @ DW_AT_location
	.long	2023                            @ DW_AT_abstract_origin
	.byte	0                               @ End Of Children Mark
	.byte	30                              @ Abbrev [30] 0xca5:0x1b DW_TAG_inlined_subroutine
	.long	2000                            @ DW_AT_abstract_origin
	.long	.Ltmp146                        @ DW_AT_low_pc
	.long	.Ltmp148-.Ltmp146               @ DW_AT_high_pc
	.byte	3                               @ DW_AT_call_file
	.short	393                             @ DW_AT_call_line
	.byte	16                              @ DW_AT_call_column
	.byte	33                              @ Abbrev [33] 0xcb6:0x9 DW_TAG_formal_parameter
	.ascii	"\373\255\374\006"              @ DW_AT_const_value
	.long	2023                            @ DW_AT_abstract_origin
	.byte	0                               @ End Of Children Mark
	.byte	30                              @ Abbrev [30] 0xcc0:0x22 DW_TAG_inlined_subroutine
	.long	2000                            @ DW_AT_abstract_origin
	.long	.Ltmp153                        @ DW_AT_low_pc
	.long	.Ltmp155-.Ltmp153               @ DW_AT_high_pc
	.byte	3                               @ DW_AT_call_file
	.short	397                             @ DW_AT_call_line
	.byte	16                              @ DW_AT_call_column
	.byte	32                              @ Abbrev [32] 0xcd1:0x7 DW_TAG_formal_parameter
	.byte	1                               @ DW_AT_location
	.byte	87
	.long	2012                            @ DW_AT_abstract_origin
	.byte	31                              @ Abbrev [31] 0xcd8:0x9 DW_TAG_formal_parameter
	.long	.Ldebug_loc38                   @ DW_AT_location
	.long	2023                            @ DW_AT_abstract_origin
	.byte	0                               @ End Of Children Mark
	.byte	30                              @ Abbrev [30] 0xce2:0x1b DW_TAG_inlined_subroutine
	.long	2000                            @ DW_AT_abstract_origin
	.long	.Ltmp155                        @ DW_AT_low_pc
	.long	.Ltmp156-.Ltmp155               @ DW_AT_high_pc
	.byte	3                               @ DW_AT_call_file
	.short	398                             @ DW_AT_call_line
	.byte	16                              @ DW_AT_call_column
	.byte	33                              @ Abbrev [33] 0xcf3:0x9 DW_TAG_formal_parameter
	.ascii	"\231\271\377\004"              @ DW_AT_const_value
	.long	2023                            @ DW_AT_abstract_origin
	.byte	0                               @ End Of Children Mark
	.byte	30                              @ Abbrev [30] 0xcfd:0x22 DW_TAG_inlined_subroutine
	.long	2000                            @ DW_AT_abstract_origin
	.long	.Ltmp163                        @ DW_AT_low_pc
	.long	.Ltmp165-.Ltmp163               @ DW_AT_high_pc
	.byte	3                               @ DW_AT_call_file
	.short	402                             @ DW_AT_call_line
	.byte	21                              @ DW_AT_call_column
	.byte	31                              @ Abbrev [31] 0xd0e:0x9 DW_TAG_formal_parameter
	.long	.Ldebug_loc40                   @ DW_AT_location
	.long	2012                            @ DW_AT_abstract_origin
	.byte	32                              @ Abbrev [32] 0xd17:0x7 DW_TAG_formal_parameter
	.byte	1                               @ DW_AT_location
	.byte	80
	.long	2023                            @ DW_AT_abstract_origin
	.byte	0                               @ End Of Children Mark
	.byte	30                              @ Abbrev [30] 0xd1f:0x19 DW_TAG_inlined_subroutine
	.long	2000                            @ DW_AT_abstract_origin
	.long	.Ltmp167                        @ DW_AT_low_pc
	.long	.Ltmp168-.Ltmp167               @ DW_AT_high_pc
	.byte	3                               @ DW_AT_call_file
	.short	403                             @ DW_AT_call_line
	.byte	21                              @ DW_AT_call_column
	.byte	32                              @ Abbrev [32] 0xd30:0x7 DW_TAG_formal_parameter
	.byte	1                               @ DW_AT_location
	.byte	80
	.long	2023                            @ DW_AT_abstract_origin
	.byte	0                               @ End Of Children Mark
	.byte	30                              @ Abbrev [30] 0xd38:0x22 DW_TAG_inlined_subroutine
	.long	2000                            @ DW_AT_abstract_origin
	.long	.Ltmp173                        @ DW_AT_low_pc
	.long	.Ltmp175-.Ltmp173               @ DW_AT_high_pc
	.byte	3                               @ DW_AT_call_file
	.short	409                             @ DW_AT_call_line
	.byte	23                              @ DW_AT_call_column
	.byte	31                              @ Abbrev [31] 0xd49:0x9 DW_TAG_formal_parameter
	.long	.Ldebug_loc42                   @ DW_AT_location
	.long	2012                            @ DW_AT_abstract_origin
	.byte	32                              @ Abbrev [32] 0xd52:0x7 DW_TAG_formal_parameter
	.byte	1                               @ DW_AT_location
	.byte	80
	.long	2023                            @ DW_AT_abstract_origin
	.byte	0                               @ End Of Children Mark
	.byte	30                              @ Abbrev [30] 0xd5a:0x20 DW_TAG_inlined_subroutine
	.long	2000                            @ DW_AT_abstract_origin
	.long	.Ltmp177                        @ DW_AT_low_pc
	.long	.Ltmp178-.Ltmp177               @ DW_AT_high_pc
	.byte	3                               @ DW_AT_call_file
	.short	410                             @ DW_AT_call_line
	.byte	23                              @ DW_AT_call_column
	.byte	32                              @ Abbrev [32] 0xd6b:0x7 DW_TAG_formal_parameter
	.byte	1                               @ DW_AT_location
	.byte	85
	.long	2012                            @ DW_AT_abstract_origin
	.byte	32                              @ Abbrev [32] 0xd72:0x7 DW_TAG_formal_parameter
	.byte	1                               @ DW_AT_location
	.byte	80
	.long	2023                            @ DW_AT_abstract_origin
	.byte	0                               @ End Of Children Mark
	.byte	30                              @ Abbrev [30] 0xd7a:0x24 DW_TAG_inlined_subroutine
	.long	2000                            @ DW_AT_abstract_origin
	.long	.Ltmp181                        @ DW_AT_low_pc
	.long	.Ltmp183-.Ltmp181               @ DW_AT_high_pc
	.byte	3                               @ DW_AT_call_file
	.short	405                             @ DW_AT_call_line
	.byte	21                              @ DW_AT_call_column
	.byte	31                              @ Abbrev [31] 0xd8b:0x9 DW_TAG_formal_parameter
	.long	.Ldebug_loc44                   @ DW_AT_location
	.long	2012                            @ DW_AT_abstract_origin
	.byte	31                              @ Abbrev [31] 0xd94:0x9 DW_TAG_formal_parameter
	.long	.Ldebug_loc43                   @ DW_AT_location
	.long	2023                            @ DW_AT_abstract_origin
	.byte	0                               @ End Of Children Mark
	.byte	30                              @ Abbrev [30] 0xd9e:0x20 DW_TAG_inlined_subroutine
	.long	2000                            @ DW_AT_abstract_origin
	.long	.Ltmp183                        @ DW_AT_low_pc
	.long	.Ltmp184-.Ltmp183               @ DW_AT_high_pc
	.byte	3                               @ DW_AT_call_file
	.short	406                             @ DW_AT_call_line
	.byte	21                              @ DW_AT_call_column
	.byte	32                              @ Abbrev [32] 0xdaf:0x7 DW_TAG_formal_parameter
	.byte	1                               @ DW_AT_location
	.byte	80
	.long	2012                            @ DW_AT_abstract_origin
	.byte	32                              @ Abbrev [32] 0xdb6:0x7 DW_TAG_formal_parameter
	.byte	1                               @ DW_AT_location
	.byte	84
	.long	2023                            @ DW_AT_abstract_origin
	.byte	0                               @ End Of Children Mark
	.byte	0                               @ End Of Children Mark
	.byte	34                              @ Abbrev [34] 0xdbf:0x79 DW_TAG_subprogram
	.long	.Linfo_string114                @ DW_AT_name
	.byte	3                               @ DW_AT_decl_file
	.byte	164                             @ DW_AT_decl_line
                                        @ DW_AT_prototyped
	.byte	1                               @ DW_AT_inline
	.byte	29                              @ Abbrev [29] 0xdc7:0xb DW_TAG_formal_parameter
	.long	.Linfo_string115                @ DW_AT_name
	.byte	3                               @ DW_AT_decl_file
	.byte	164                             @ DW_AT_decl_line
	.long	3640                            @ DW_AT_type
	.byte	35                              @ Abbrev [35] 0xdd2:0xb DW_TAG_variable
	.long	.Linfo_string126                @ DW_AT_name
	.byte	3                               @ DW_AT_decl_file
	.byte	167                             @ DW_AT_decl_line
	.long	68                              @ DW_AT_type
	.byte	35                              @ Abbrev [35] 0xddd:0xb DW_TAG_variable
	.long	.Linfo_string127                @ DW_AT_name
	.byte	3                               @ DW_AT_decl_file
	.byte	166                             @ DW_AT_decl_line
	.long	1750                            @ DW_AT_type
	.byte	35                              @ Abbrev [35] 0xde8:0xb DW_TAG_variable
	.long	.Linfo_string128                @ DW_AT_name
	.byte	3                               @ DW_AT_decl_file
	.byte	167                             @ DW_AT_decl_line
	.long	68                              @ DW_AT_type
	.byte	35                              @ Abbrev [35] 0xdf3:0xb DW_TAG_variable
	.long	.Linfo_string129                @ DW_AT_name
	.byte	3                               @ DW_AT_decl_file
	.byte	168                             @ DW_AT_decl_line
	.long	68                              @ DW_AT_type
	.byte	35                              @ Abbrev [35] 0xdfe:0xb DW_TAG_variable
	.long	.Linfo_string130                @ DW_AT_name
	.byte	3                               @ DW_AT_decl_file
	.byte	168                             @ DW_AT_decl_line
	.long	68                              @ DW_AT_type
	.byte	35                              @ Abbrev [35] 0xe09:0xb DW_TAG_variable
	.long	.Linfo_string131                @ DW_AT_name
	.byte	3                               @ DW_AT_decl_file
	.byte	169                             @ DW_AT_decl_line
	.long	3761                            @ DW_AT_type
	.byte	35                              @ Abbrev [35] 0xe14:0xb DW_TAG_variable
	.long	.Linfo_string132                @ DW_AT_name
	.byte	3                               @ DW_AT_decl_file
	.byte	169                             @ DW_AT_decl_line
	.long	68                              @ DW_AT_type
	.byte	35                              @ Abbrev [35] 0xe1f:0xb DW_TAG_variable
	.long	.Linfo_string133                @ DW_AT_name
	.byte	3                               @ DW_AT_decl_file
	.byte	169                             @ DW_AT_decl_line
	.long	68                              @ DW_AT_type
	.byte	36                              @ Abbrev [36] 0xe2a:0xd DW_TAG_lexical_block
	.byte	35                              @ Abbrev [35] 0xe2b:0xb DW_TAG_variable
	.long	.Linfo_string134                @ DW_AT_name
	.byte	3                               @ DW_AT_decl_file
	.byte	170                             @ DW_AT_decl_line
	.long	1750                            @ DW_AT_type
	.byte	0                               @ End Of Children Mark
	.byte	0                               @ End Of Children Mark
	.byte	37                              @ Abbrev [37] 0xe38:0x5 DW_TAG_pointer_type
	.long	3645                            @ DW_AT_type
	.byte	3                               @ Abbrev [3] 0xe3d:0xb DW_TAG_typedef
	.long	3656                            @ DW_AT_type
	.long	.Linfo_string125                @ DW_AT_name
	.byte	4                               @ DW_AT_decl_file
	.byte	45                              @ DW_AT_decl_line
	.byte	15                              @ Abbrev [15] 0xe48:0x69 DW_TAG_structure_type
	.long	.Linfo_string124                @ DW_AT_name
	.byte	20                              @ DW_AT_byte_size
	.byte	4                               @ DW_AT_decl_file
	.byte	35                              @ DW_AT_decl_line
	.byte	11                              @ Abbrev [11] 0xe50:0xc DW_TAG_member
	.long	.Linfo_string116                @ DW_AT_name
	.long	297                             @ DW_AT_type
	.byte	4                               @ DW_AT_decl_file
	.byte	37                              @ DW_AT_decl_line
	.byte	0                               @ DW_AT_data_member_location
	.byte	11                              @ Abbrev [11] 0xe5c:0xc DW_TAG_member
	.long	.Linfo_string117                @ DW_AT_name
	.long	297                             @ DW_AT_type
	.byte	4                               @ DW_AT_decl_file
	.byte	38                              @ DW_AT_decl_line
	.byte	2                               @ DW_AT_data_member_location
	.byte	11                              @ Abbrev [11] 0xe68:0xc DW_TAG_member
	.long	.Linfo_string118                @ DW_AT_name
	.long	666                             @ DW_AT_type
	.byte	4                               @ DW_AT_decl_file
	.byte	39                              @ DW_AT_decl_line
	.byte	4                               @ DW_AT_data_member_location
	.byte	11                              @ Abbrev [11] 0xe74:0xc DW_TAG_member
	.long	.Linfo_string119                @ DW_AT_name
	.long	297                             @ DW_AT_type
	.byte	4                               @ DW_AT_decl_file
	.byte	40                              @ DW_AT_decl_line
	.byte	6                               @ DW_AT_data_member_location
	.byte	11                              @ Abbrev [11] 0xe80:0xc DW_TAG_member
	.long	.Linfo_string120                @ DW_AT_name
	.long	1761                            @ DW_AT_type
	.byte	4                               @ DW_AT_decl_file
	.byte	41                              @ DW_AT_decl_line
	.byte	8                               @ DW_AT_data_member_location
	.byte	11                              @ Abbrev [11] 0xe8c:0xc DW_TAG_member
	.long	.Linfo_string121                @ DW_AT_name
	.long	1761                            @ DW_AT_type
	.byte	4                               @ DW_AT_decl_file
	.byte	42                              @ DW_AT_decl_line
	.byte	12                              @ DW_AT_data_member_location
	.byte	11                              @ Abbrev [11] 0xe98:0xc DW_TAG_member
	.long	.Linfo_string122                @ DW_AT_name
	.long	1750                            @ DW_AT_type
	.byte	4                               @ DW_AT_decl_file
	.byte	43                              @ DW_AT_decl_line
	.byte	16                              @ DW_AT_data_member_location
	.byte	11                              @ Abbrev [11] 0xea4:0xc DW_TAG_member
	.long	.Linfo_string123                @ DW_AT_name
	.long	1739                            @ DW_AT_type
	.byte	4                               @ DW_AT_decl_file
	.byte	44                              @ DW_AT_decl_line
	.byte	17                              @ DW_AT_data_member_location
	.byte	0                               @ End Of Children Mark
	.byte	17                              @ Abbrev [17] 0xeb1:0xc DW_TAG_array_type
	.long	68                              @ DW_AT_type
	.byte	18                              @ Abbrev [18] 0xeb6:0x6 DW_TAG_subrange_type
	.long	1072                            @ DW_AT_type
	.byte	3                               @ DW_AT_count
	.byte	0                               @ End Of Children Mark
	.byte	38                              @ Abbrev [38] 0xebd:0x22 DW_TAG_subprogram
	.long	.Linfo_string135                @ DW_AT_name
	.byte	3                               @ DW_AT_decl_file
	.short	693                             @ DW_AT_decl_line
                                        @ DW_AT_prototyped
	.byte	1                               @ DW_AT_inline
	.byte	39                              @ Abbrev [39] 0xec6:0xc DW_TAG_formal_parameter
	.long	.Linfo_string136                @ DW_AT_name
	.byte	3                               @ DW_AT_decl_file
	.short	693                             @ DW_AT_decl_line
	.long	3640                            @ DW_AT_type
	.byte	39                              @ Abbrev [39] 0xed2:0xc DW_TAG_formal_parameter
	.long	.Linfo_string137                @ DW_AT_name
	.byte	3                               @ DW_AT_decl_file
	.short	693                             @ DW_AT_decl_line
	.long	3807                            @ DW_AT_type
	.byte	0                               @ End Of Children Mark
	.byte	37                              @ Abbrev [37] 0xedf:0x5 DW_TAG_pointer_type
	.long	1550                            @ DW_AT_type
	.byte	28                              @ Abbrev [28] 0xee4:0x91 DW_TAG_subprogram
	.long	.Linfo_string138                @ DW_AT_name
	.byte	3                               @ DW_AT_decl_file
	.byte	106                             @ DW_AT_decl_line
                                        @ DW_AT_prototyped
	.long	68                              @ DW_AT_type
	.byte	1                               @ DW_AT_inline
	.byte	29                              @ Abbrev [29] 0xef0:0xb DW_TAG_formal_parameter
	.long	.Linfo_string139                @ DW_AT_name
	.byte	3                               @ DW_AT_decl_file
	.byte	106                             @ DW_AT_decl_line
	.long	3957                            @ DW_AT_type
	.byte	29                              @ Abbrev [29] 0xefb:0xb DW_TAG_formal_parameter
	.long	.Linfo_string140                @ DW_AT_name
	.byte	3                               @ DW_AT_decl_file
	.byte	106                             @ DW_AT_decl_line
	.long	3962                            @ DW_AT_type
	.byte	29                              @ Abbrev [29] 0xf06:0xb DW_TAG_formal_parameter
	.long	.Linfo_string141                @ DW_AT_name
	.byte	3                               @ DW_AT_decl_file
	.byte	106                             @ DW_AT_decl_line
	.long	3962                            @ DW_AT_type
	.byte	35                              @ Abbrev [35] 0xf11:0xb DW_TAG_variable
	.long	.Linfo_string128                @ DW_AT_name
	.byte	3                               @ DW_AT_decl_file
	.byte	108                             @ DW_AT_decl_line
	.long	68                              @ DW_AT_type
	.byte	35                              @ Abbrev [35] 0xf1c:0xb DW_TAG_variable
	.long	.Linfo_string126                @ DW_AT_name
	.byte	3                               @ DW_AT_decl_file
	.byte	108                             @ DW_AT_decl_line
	.long	68                              @ DW_AT_type
	.byte	35                              @ Abbrev [35] 0xf27:0xb DW_TAG_variable
	.long	.Linfo_string142                @ DW_AT_name
	.byte	3                               @ DW_AT_decl_file
	.byte	109                             @ DW_AT_decl_line
	.long	3967                            @ DW_AT_type
	.byte	35                              @ Abbrev [35] 0xf32:0xb DW_TAG_variable
	.long	.Linfo_string143                @ DW_AT_name
	.byte	3                               @ DW_AT_decl_file
	.byte	109                             @ DW_AT_decl_line
	.long	3967                            @ DW_AT_type
	.byte	35                              @ Abbrev [35] 0xf3d:0xb DW_TAG_variable
	.long	.Linfo_string144                @ DW_AT_name
	.byte	3                               @ DW_AT_decl_file
	.byte	109                             @ DW_AT_decl_line
	.long	3967                            @ DW_AT_type
	.byte	35                              @ Abbrev [35] 0xf48:0xb DW_TAG_variable
	.long	.Linfo_string134                @ DW_AT_name
	.byte	3                               @ DW_AT_decl_file
	.byte	111                             @ DW_AT_decl_line
	.long	3972                            @ DW_AT_type
	.byte	35                              @ Abbrev [35] 0xf53:0xb DW_TAG_variable
	.long	.Linfo_string147                @ DW_AT_name
	.byte	3                               @ DW_AT_decl_file
	.byte	109                             @ DW_AT_decl_line
	.long	3967                            @ DW_AT_type
	.byte	35                              @ Abbrev [35] 0xf5e:0xb DW_TAG_variable
	.long	.Linfo_string148                @ DW_AT_name
	.byte	3                               @ DW_AT_decl_file
	.byte	108                             @ DW_AT_decl_line
	.long	68                              @ DW_AT_type
	.byte	35                              @ Abbrev [35] 0xf69:0xb DW_TAG_variable
	.long	.Linfo_string132                @ DW_AT_name
	.byte	3                               @ DW_AT_decl_file
	.byte	110                             @ DW_AT_decl_line
	.long	68                              @ DW_AT_type
	.byte	0                               @ End Of Children Mark
	.byte	13                              @ Abbrev [13] 0xf75:0x5 DW_TAG_const_type
	.long	1750                            @ DW_AT_type
	.byte	37                              @ Abbrev [37] 0xf7a:0x5 DW_TAG_pointer_type
	.long	68                              @ DW_AT_type
	.byte	37                              @ Abbrev [37] 0xf7f:0x5 DW_TAG_pointer_type
	.long	1067                            @ DW_AT_type
	.byte	3                               @ Abbrev [3] 0xf84:0xb DW_TAG_typedef
	.long	3983                            @ DW_AT_type
	.long	.Linfo_string146                @ DW_AT_name
	.byte	1                               @ DW_AT_decl_file
	.byte	56                              @ DW_AT_decl_line
	.byte	4                               @ Abbrev [4] 0xf8f:0x7 DW_TAG_base_type
	.long	.Linfo_string145                @ DW_AT_name
	.byte	6                               @ DW_AT_encoding
	.byte	1                               @ DW_AT_byte_size
	.byte	38                              @ Abbrev [38] 0xf96:0x6a DW_TAG_subprogram
	.long	.Linfo_string149                @ DW_AT_name
	.byte	3                               @ DW_AT_decl_file
	.short	466                             @ DW_AT_decl_line
                                        @ DW_AT_prototyped
	.byte	1                               @ DW_AT_inline
	.byte	39                              @ Abbrev [39] 0xf9f:0xc DW_TAG_formal_parameter
	.long	.Linfo_string150                @ DW_AT_name
	.byte	3                               @ DW_AT_decl_file
	.short	466                             @ DW_AT_decl_line
	.long	666                             @ DW_AT_type
	.byte	40                              @ Abbrev [40] 0xfab:0xc DW_TAG_variable
	.long	.Linfo_string151                @ DW_AT_name
	.byte	3                               @ DW_AT_decl_file
	.short	468                             @ DW_AT_decl_line
	.long	666                             @ DW_AT_type
	.byte	40                              @ Abbrev [40] 0xfb7:0xc DW_TAG_variable
	.long	.Linfo_string152                @ DW_AT_name
	.byte	3                               @ DW_AT_decl_file
	.short	468                             @ DW_AT_decl_line
	.long	666                             @ DW_AT_type
	.byte	40                              @ Abbrev [40] 0xfc3:0xc DW_TAG_variable
	.long	.Linfo_string153                @ DW_AT_name
	.byte	3                               @ DW_AT_decl_file
	.short	472                             @ DW_AT_decl_line
	.long	666                             @ DW_AT_type
	.byte	40                              @ Abbrev [40] 0xfcf:0xc DW_TAG_variable
	.long	.Linfo_string154                @ DW_AT_name
	.byte	3                               @ DW_AT_decl_file
	.short	469                             @ DW_AT_decl_line
	.long	666                             @ DW_AT_type
	.byte	40                              @ Abbrev [40] 0xfdb:0xc DW_TAG_variable
	.long	.Linfo_string155                @ DW_AT_name
	.byte	3                               @ DW_AT_decl_file
	.short	469                             @ DW_AT_decl_line
	.long	666                             @ DW_AT_type
	.byte	40                              @ Abbrev [40] 0xfe7:0xc DW_TAG_variable
	.long	.Linfo_string156                @ DW_AT_name
	.byte	3                               @ DW_AT_decl_file
	.short	469                             @ DW_AT_decl_line
	.long	666                             @ DW_AT_type
	.byte	40                              @ Abbrev [40] 0xff3:0xc DW_TAG_variable
	.long	.Linfo_string157                @ DW_AT_name
	.byte	3                               @ DW_AT_decl_file
	.short	469                             @ DW_AT_decl_line
	.long	666                             @ DW_AT_type
	.byte	0                               @ End Of Children Mark
	.byte	38                              @ Abbrev [38] 0x1000:0x11e DW_TAG_subprogram
	.long	.Linfo_string158                @ DW_AT_name
	.byte	3                               @ DW_AT_decl_file
	.short	551                             @ DW_AT_decl_line
                                        @ DW_AT_prototyped
	.byte	1                               @ DW_AT_inline
	.byte	39                              @ Abbrev [39] 0x1009:0xc DW_TAG_formal_parameter
	.long	.Linfo_string136                @ DW_AT_name
	.byte	3                               @ DW_AT_decl_file
	.short	551                             @ DW_AT_decl_line
	.long	4382                            @ DW_AT_type
	.byte	39                              @ Abbrev [39] 0x1015:0xc DW_TAG_formal_parameter
	.long	.Linfo_string159                @ DW_AT_name
	.byte	3                               @ DW_AT_decl_file
	.short	551                             @ DW_AT_decl_line
	.long	3807                            @ DW_AT_type
	.byte	39                              @ Abbrev [39] 0x1021:0xc DW_TAG_formal_parameter
	.long	.Linfo_string160                @ DW_AT_name
	.byte	3                               @ DW_AT_decl_file
	.short	551                             @ DW_AT_decl_line
	.long	4387                            @ DW_AT_type
	.byte	40                              @ Abbrev [40] 0x102d:0xc DW_TAG_variable
	.long	.Linfo_string166                @ DW_AT_name
	.byte	3                               @ DW_AT_decl_file
	.short	589                             @ DW_AT_decl_line
	.long	57                              @ DW_AT_type
	.byte	40                              @ Abbrev [40] 0x1039:0xc DW_TAG_variable
	.long	.Linfo_string167                @ DW_AT_name
	.byte	3                               @ DW_AT_decl_file
	.short	558                             @ DW_AT_decl_line
	.long	57                              @ DW_AT_type
	.byte	40                              @ Abbrev [40] 0x1045:0xc DW_TAG_variable
	.long	.Linfo_string168                @ DW_AT_name
	.byte	3                               @ DW_AT_decl_file
	.short	555                             @ DW_AT_decl_line
	.long	57                              @ DW_AT_type
	.byte	40                              @ Abbrev [40] 0x1051:0xc DW_TAG_variable
	.long	.Linfo_string169                @ DW_AT_name
	.byte	3                               @ DW_AT_decl_file
	.short	557                             @ DW_AT_decl_line
	.long	57                              @ DW_AT_type
	.byte	40                              @ Abbrev [40] 0x105d:0xc DW_TAG_variable
	.long	.Linfo_string170                @ DW_AT_name
	.byte	3                               @ DW_AT_decl_file
	.short	589                             @ DW_AT_decl_line
	.long	57                              @ DW_AT_type
	.byte	40                              @ Abbrev [40] 0x1069:0xc DW_TAG_variable
	.long	.Linfo_string171                @ DW_AT_name
	.byte	3                               @ DW_AT_decl_file
	.short	589                             @ DW_AT_decl_line
	.long	57                              @ DW_AT_type
	.byte	40                              @ Abbrev [40] 0x1075:0xc DW_TAG_variable
	.long	.Linfo_string172                @ DW_AT_name
	.byte	3                               @ DW_AT_decl_file
	.short	556                             @ DW_AT_decl_line
	.long	57                              @ DW_AT_type
	.byte	40                              @ Abbrev [40] 0x1081:0xc DW_TAG_variable
	.long	.Linfo_string110                @ DW_AT_name
	.byte	3                               @ DW_AT_decl_file
	.short	555                             @ DW_AT_decl_line
	.long	57                              @ DW_AT_type
	.byte	40                              @ Abbrev [40] 0x108d:0xc DW_TAG_variable
	.long	.Linfo_string173                @ DW_AT_name
	.byte	3                               @ DW_AT_decl_file
	.short	555                             @ DW_AT_decl_line
	.long	57                              @ DW_AT_type
	.byte	40                              @ Abbrev [40] 0x1099:0xc DW_TAG_variable
	.long	.Linfo_string174                @ DW_AT_name
	.byte	3                               @ DW_AT_decl_file
	.short	560                             @ DW_AT_decl_line
	.long	57                              @ DW_AT_type
	.byte	40                              @ Abbrev [40] 0x10a5:0xc DW_TAG_variable
	.long	.Linfo_string175                @ DW_AT_name
	.byte	3                               @ DW_AT_decl_file
	.short	555                             @ DW_AT_decl_line
	.long	57                              @ DW_AT_type
	.byte	40                              @ Abbrev [40] 0x10b1:0xc DW_TAG_variable
	.long	.Linfo_string176                @ DW_AT_name
	.byte	3                               @ DW_AT_decl_file
	.short	562                             @ DW_AT_decl_line
	.long	57                              @ DW_AT_type
	.byte	40                              @ Abbrev [40] 0x10bd:0xc DW_TAG_variable
	.long	.Linfo_string177                @ DW_AT_name
	.byte	3                               @ DW_AT_decl_file
	.short	561                             @ DW_AT_decl_line
	.long	57                              @ DW_AT_type
	.byte	40                              @ Abbrev [40] 0x10c9:0xc DW_TAG_variable
	.long	.Linfo_string178                @ DW_AT_name
	.byte	3                               @ DW_AT_decl_file
	.short	555                             @ DW_AT_decl_line
	.long	57                              @ DW_AT_type
	.byte	40                              @ Abbrev [40] 0x10d5:0xc DW_TAG_variable
	.long	.Linfo_string179                @ DW_AT_name
	.byte	3                               @ DW_AT_decl_file
	.short	555                             @ DW_AT_decl_line
	.long	57                              @ DW_AT_type
	.byte	40                              @ Abbrev [40] 0x10e1:0xc DW_TAG_variable
	.long	.Linfo_string180                @ DW_AT_name
	.byte	3                               @ DW_AT_decl_file
	.short	553                             @ DW_AT_decl_line
	.long	57                              @ DW_AT_type
	.byte	40                              @ Abbrev [40] 0x10ed:0xc DW_TAG_variable
	.long	.Linfo_string181                @ DW_AT_name
	.byte	3                               @ DW_AT_decl_file
	.short	612                             @ DW_AT_decl_line
	.long	57                              @ DW_AT_type
	.byte	40                              @ Abbrev [40] 0x10f9:0xc DW_TAG_variable
	.long	.Linfo_string182                @ DW_AT_name
	.byte	3                               @ DW_AT_decl_file
	.short	566                             @ DW_AT_decl_line
	.long	68                              @ DW_AT_type
	.byte	40                              @ Abbrev [40] 0x1105:0xc DW_TAG_variable
	.long	.Linfo_string183                @ DW_AT_name
	.byte	3                               @ DW_AT_decl_file
	.short	566                             @ DW_AT_decl_line
	.long	68                              @ DW_AT_type
	.byte	40                              @ Abbrev [40] 0x1111:0xc DW_TAG_variable
	.long	.Linfo_string184                @ DW_AT_name
	.byte	3                               @ DW_AT_decl_file
	.short	566                             @ DW_AT_decl_line
	.long	68                              @ DW_AT_type
	.byte	0                               @ End Of Children Mark
	.byte	13                              @ Abbrev [13] 0x111e:0x5 DW_TAG_const_type
	.long	3640                            @ DW_AT_type
	.byte	37                              @ Abbrev [37] 0x1123:0x5 DW_TAG_pointer_type
	.long	4392                            @ DW_AT_type
	.byte	3                               @ Abbrev [3] 0x1128:0xb DW_TAG_typedef
	.long	4403                            @ DW_AT_type
	.long	.Linfo_string165                @ DW_AT_name
	.byte	4                               @ DW_AT_decl_file
	.byte	69                              @ DW_AT_decl_line
	.byte	15                              @ Abbrev [15] 0x1133:0x2d DW_TAG_structure_type
	.long	.Linfo_string164                @ DW_AT_name
	.byte	6                               @ DW_AT_byte_size
	.byte	4                               @ DW_AT_decl_file
	.byte	64                              @ DW_AT_decl_line
	.byte	11                              @ Abbrev [11] 0x113b:0xc DW_TAG_member
	.long	.Linfo_string161                @ DW_AT_name
	.long	297                             @ DW_AT_type
	.byte	4                               @ DW_AT_decl_file
	.byte	66                              @ DW_AT_decl_line
	.byte	0                               @ DW_AT_data_member_location
	.byte	11                              @ Abbrev [11] 0x1147:0xc DW_TAG_member
	.long	.Linfo_string162                @ DW_AT_name
	.long	297                             @ DW_AT_type
	.byte	4                               @ DW_AT_decl_file
	.byte	67                              @ DW_AT_decl_line
	.byte	2                               @ DW_AT_data_member_location
	.byte	11                              @ Abbrev [11] 0x1153:0xc DW_TAG_member
	.long	.Linfo_string163                @ DW_AT_name
	.long	297                             @ DW_AT_type
	.byte	4                               @ DW_AT_decl_file
	.byte	68                              @ DW_AT_decl_line
	.byte	4                               @ DW_AT_data_member_location
	.byte	0                               @ End Of Children Mark
	.byte	28                              @ Abbrev [28] 0x1160:0x23 DW_TAG_subprogram
	.long	.Linfo_string185                @ DW_AT_name
	.byte	2                               @ DW_AT_decl_file
	.byte	114                             @ DW_AT_decl_line
                                        @ DW_AT_prototyped
	.long	57                              @ DW_AT_type
	.byte	1                               @ DW_AT_inline
	.byte	29                              @ Abbrev [29] 0x116c:0xb DW_TAG_formal_parameter
	.long	.Linfo_string112                @ DW_AT_name
	.byte	2                               @ DW_AT_decl_file
	.byte	114                             @ DW_AT_decl_line
	.long	57                              @ DW_AT_type
	.byte	29                              @ Abbrev [29] 0x1177:0xb DW_TAG_formal_parameter
	.long	.Linfo_string113                @ DW_AT_name
	.byte	2                               @ DW_AT_decl_file
	.byte	114                             @ DW_AT_decl_line
	.long	57                              @ DW_AT_type
	.byte	0                               @ End Of Children Mark
	.byte	28                              @ Abbrev [28] 0x1183:0x23 DW_TAG_subprogram
	.long	.Linfo_string186                @ DW_AT_name
	.byte	2                               @ DW_AT_decl_file
	.byte	30                              @ DW_AT_decl_line
                                        @ DW_AT_prototyped
	.long	57                              @ DW_AT_type
	.byte	1                               @ DW_AT_inline
	.byte	29                              @ Abbrev [29] 0x118f:0xb DW_TAG_formal_parameter
	.long	.Linfo_string36                 @ DW_AT_name
	.byte	2                               @ DW_AT_decl_file
	.byte	30                              @ DW_AT_decl_line
	.long	57                              @ DW_AT_type
	.byte	29                              @ Abbrev [29] 0x119a:0xb DW_TAG_formal_parameter
	.long	.Linfo_string39                 @ DW_AT_name
	.byte	2                               @ DW_AT_decl_file
	.byte	30                              @ DW_AT_decl_line
	.long	57                              @ DW_AT_type
	.byte	0                               @ End Of Children Mark
	.byte	28                              @ Abbrev [28] 0x11a6:0x23 DW_TAG_subprogram
	.long	.Linfo_string187                @ DW_AT_name
	.byte	2                               @ DW_AT_decl_file
	.byte	35                              @ DW_AT_decl_line
                                        @ DW_AT_prototyped
	.long	57                              @ DW_AT_type
	.byte	1                               @ DW_AT_inline
	.byte	29                              @ Abbrev [29] 0x11b2:0xb DW_TAG_formal_parameter
	.long	.Linfo_string36                 @ DW_AT_name
	.byte	2                               @ DW_AT_decl_file
	.byte	35                              @ DW_AT_decl_line
	.long	57                              @ DW_AT_type
	.byte	29                              @ Abbrev [29] 0x11bd:0xb DW_TAG_formal_parameter
	.long	.Linfo_string39                 @ DW_AT_name
	.byte	2                               @ DW_AT_decl_file
	.byte	35                              @ DW_AT_decl_line
	.long	57                              @ DW_AT_type
	.byte	0                               @ End Of Children Mark
	.byte	28                              @ Abbrev [28] 0x11c9:0x18 DW_TAG_subprogram
	.long	.Linfo_string188                @ DW_AT_name
	.byte	2                               @ DW_AT_decl_file
	.byte	56                              @ DW_AT_decl_line
                                        @ DW_AT_prototyped
	.long	79                              @ DW_AT_type
	.byte	1                               @ DW_AT_inline
	.byte	29                              @ Abbrev [29] 0x11d5:0xb DW_TAG_formal_parameter
	.long	.Linfo_string110                @ DW_AT_name
	.byte	2                               @ DW_AT_decl_file
	.byte	56                              @ DW_AT_decl_line
	.long	57                              @ DW_AT_type
	.byte	0                               @ End Of Children Mark
	.byte	41                              @ Abbrev [41] 0x11e1:0x5e5 DW_TAG_subprogram
	.long	.Lfunc_begin6                   @ DW_AT_low_pc
	.long	.Lfunc_end6-.Lfunc_begin6       @ DW_AT_high_pc
	.byte	1                               @ DW_AT_frame_base
	.byte	93
                                        @ DW_AT_GNU_all_call_sites
	.long	.Linfo_string195                @ DW_AT_name
	.byte	3                               @ DW_AT_decl_file
	.short	716                             @ DW_AT_decl_line
                                        @ DW_AT_prototyped
	.long	1739                            @ DW_AT_type
                                        @ DW_AT_external
	.byte	8                               @ Abbrev [8] 0x11f7:0x10 DW_TAG_formal_parameter
	.long	.Ldebug_loc46                   @ DW_AT_location
	.long	.Linfo_string136                @ DW_AT_name
	.byte	3                               @ DW_AT_decl_file
	.short	716                             @ DW_AT_decl_line
	.long	4382                            @ DW_AT_type
	.byte	8                               @ Abbrev [8] 0x1207:0x10 DW_TAG_formal_parameter
	.long	.Ldebug_loc47                   @ DW_AT_location
	.long	.Linfo_string160                @ DW_AT_name
	.byte	3                               @ DW_AT_decl_file
	.short	716                             @ DW_AT_decl_line
	.long	4387                            @ DW_AT_type
	.byte	9                               @ Abbrev [9] 0x1217:0x10 DW_TAG_variable
	.long	.Ldebug_loc48                   @ DW_AT_location
	.long	.Linfo_string137                @ DW_AT_name
	.byte	3                               @ DW_AT_decl_file
	.short	718                             @ DW_AT_decl_line
	.long	1550                            @ DW_AT_type
	.byte	30                              @ Abbrev [30] 0x1227:0x111 DW_TAG_inlined_subroutine
	.long	3773                            @ DW_AT_abstract_origin
	.long	.Ltmp191                        @ DW_AT_low_pc
	.long	.Ltmp266-.Ltmp191               @ DW_AT_high_pc
	.byte	3                               @ DW_AT_call_file
	.short	724                             @ DW_AT_call_line
	.byte	5                               @ DW_AT_call_column
	.byte	31                              @ Abbrev [31] 0x1238:0x9 DW_TAG_formal_parameter
	.long	.Ldebug_loc53                   @ DW_AT_location
	.long	3782                            @ DW_AT_abstract_origin
	.byte	31                              @ Abbrev [31] 0x1241:0x9 DW_TAG_formal_parameter
	.long	.Ldebug_loc52                   @ DW_AT_location
	.long	3794                            @ DW_AT_abstract_origin
	.byte	30                              @ Abbrev [30] 0x124a:0xd2 DW_TAG_inlined_subroutine
	.long	3519                            @ DW_AT_abstract_origin
	.long	.Ltmp191                        @ DW_AT_low_pc
	.long	.Ltmp257-.Ltmp191               @ DW_AT_high_pc
	.byte	3                               @ DW_AT_call_file
	.short	696                             @ DW_AT_call_line
	.byte	3                               @ DW_AT_call_column
	.byte	31                              @ Abbrev [31] 0x125b:0x9 DW_TAG_formal_parameter
	.long	.Ldebug_loc51                   @ DW_AT_location
	.long	3527                            @ DW_AT_abstract_origin
	.byte	42                              @ Abbrev [42] 0x1264:0x9 DW_TAG_variable
	.long	.Ldebug_loc49                   @ DW_AT_location
	.long	3538                            @ DW_AT_abstract_origin
	.byte	42                              @ Abbrev [42] 0x126d:0x9 DW_TAG_variable
	.long	.Ldebug_loc50                   @ DW_AT_location
	.long	3549                            @ DW_AT_abstract_origin
	.byte	42                              @ Abbrev [42] 0x1276:0x9 DW_TAG_variable
	.long	.Ldebug_loc54                   @ DW_AT_location
	.long	3560                            @ DW_AT_abstract_origin
	.byte	42                              @ Abbrev [42] 0x127f:0x9 DW_TAG_variable
	.long	.Ldebug_loc55                   @ DW_AT_location
	.long	3571                            @ DW_AT_abstract_origin
	.byte	42                              @ Abbrev [42] 0x1288:0x9 DW_TAG_variable
	.long	.Ldebug_loc56                   @ DW_AT_location
	.long	3582                            @ DW_AT_abstract_origin
	.byte	42                              @ Abbrev [42] 0x1291:0x9 DW_TAG_variable
	.long	.Ldebug_loc57                   @ DW_AT_location
	.long	3593                            @ DW_AT_abstract_origin
	.byte	42                              @ Abbrev [42] 0x129a:0x9 DW_TAG_variable
	.long	.Ldebug_loc58                   @ DW_AT_location
	.long	3604                            @ DW_AT_abstract_origin
	.byte	42                              @ Abbrev [42] 0x12a3:0x9 DW_TAG_variable
	.long	.Ldebug_loc59                   @ DW_AT_location
	.long	3615                            @ DW_AT_abstract_origin
	.byte	43                              @ Abbrev [43] 0x12ac:0x11 DW_TAG_lexical_block
	.long	.Ltmp195                        @ DW_AT_low_pc
	.long	.Ltmp208-.Ltmp195               @ DW_AT_high_pc
	.byte	44                              @ Abbrev [44] 0x12b5:0x7 DW_TAG_variable
	.byte	1                               @ DW_AT_location
	.byte	84
	.long	3627                            @ DW_AT_abstract_origin
	.byte	0                               @ End Of Children Mark
	.byte	45                              @ Abbrev [45] 0x12bd:0x5e DW_TAG_inlined_subroutine
	.long	3812                            @ DW_AT_abstract_origin
	.long	.Ldebug_ranges0                 @ DW_AT_ranges
	.byte	3                               @ DW_AT_call_file
	.byte	198                             @ DW_AT_call_line
	.byte	33                              @ DW_AT_call_column
	.byte	42                              @ Abbrev [42] 0x12c9:0x9 DW_TAG_variable
	.long	.Ldebug_loc60                   @ DW_AT_location
	.long	3857                            @ DW_AT_abstract_origin
	.byte	42                              @ Abbrev [42] 0x12d2:0x9 DW_TAG_variable
	.long	.Ldebug_loc61                   @ DW_AT_location
	.long	3868                            @ DW_AT_abstract_origin
	.byte	42                              @ Abbrev [42] 0x12db:0x9 DW_TAG_variable
	.long	.Ldebug_loc62                   @ DW_AT_location
	.long	3879                            @ DW_AT_abstract_origin
	.byte	42                              @ Abbrev [42] 0x12e4:0x9 DW_TAG_variable
	.long	.Ldebug_loc63                   @ DW_AT_location
	.long	3890                            @ DW_AT_abstract_origin
	.byte	42                              @ Abbrev [42] 0x12ed:0x9 DW_TAG_variable
	.long	.Ldebug_loc64                   @ DW_AT_location
	.long	3901                            @ DW_AT_abstract_origin
	.byte	42                              @ Abbrev [42] 0x12f6:0x9 DW_TAG_variable
	.long	.Ldebug_loc65                   @ DW_AT_location
	.long	3912                            @ DW_AT_abstract_origin
	.byte	42                              @ Abbrev [42] 0x12ff:0x9 DW_TAG_variable
	.long	.Ldebug_loc66                   @ DW_AT_location
	.long	3923                            @ DW_AT_abstract_origin
	.byte	42                              @ Abbrev [42] 0x1308:0x9 DW_TAG_variable
	.long	.Ldebug_loc67                   @ DW_AT_location
	.long	3934                            @ DW_AT_abstract_origin
	.byte	42                              @ Abbrev [42] 0x1311:0x9 DW_TAG_variable
	.long	.Ldebug_loc68                   @ DW_AT_location
	.long	3945                            @ DW_AT_abstract_origin
	.byte	0                               @ End Of Children Mark
	.byte	0                               @ End Of Children Mark
	.byte	30                              @ Abbrev [30] 0x131c:0x1b DW_TAG_inlined_subroutine
	.long	1976                            @ DW_AT_abstract_origin
	.long	.Ltmp259                        @ DW_AT_low_pc
	.long	.Ltmp261-.Ltmp259               @ DW_AT_high_pc
	.byte	3                               @ DW_AT_call_file
	.short	699                             @ DW_AT_call_line
	.byte	31                              @ DW_AT_call_column
	.byte	31                              @ Abbrev [31] 0x132d:0x9 DW_TAG_formal_parameter
	.long	.Ldebug_loc69                   @ DW_AT_location
	.long	1988                            @ DW_AT_abstract_origin
	.byte	0                               @ End Of Children Mark
	.byte	0                               @ End Of Children Mark
	.byte	30                              @ Abbrev [30] 0x1338:0x143 DW_TAG_inlined_subroutine
	.long	3990                            @ DW_AT_abstract_origin
	.long	.Ltmp270                        @ DW_AT_low_pc
	.long	.Ltmp352-.Ltmp270               @ DW_AT_high_pc
	.byte	3                               @ DW_AT_call_file
	.short	726                             @ DW_AT_call_line
	.byte	2                               @ DW_AT_call_column
	.byte	31                              @ Abbrev [31] 0x1349:0x9 DW_TAG_formal_parameter
	.long	.Ldebug_loc70                   @ DW_AT_location
	.long	3999                            @ DW_AT_abstract_origin
	.byte	42                              @ Abbrev [42] 0x1352:0x9 DW_TAG_variable
	.long	.Ldebug_loc71                   @ DW_AT_location
	.long	4011                            @ DW_AT_abstract_origin
	.byte	42                              @ Abbrev [42] 0x135b:0x9 DW_TAG_variable
	.long	.Ldebug_loc72                   @ DW_AT_location
	.long	4023                            @ DW_AT_abstract_origin
	.byte	42                              @ Abbrev [42] 0x1364:0x9 DW_TAG_variable
	.long	.Ldebug_loc73                   @ DW_AT_location
	.long	4035                            @ DW_AT_abstract_origin
	.byte	42                              @ Abbrev [42] 0x136d:0x9 DW_TAG_variable
	.long	.Ldebug_loc74                   @ DW_AT_location
	.long	4047                            @ DW_AT_abstract_origin
	.byte	42                              @ Abbrev [42] 0x1376:0x9 DW_TAG_variable
	.long	.Ldebug_loc75                   @ DW_AT_location
	.long	4059                            @ DW_AT_abstract_origin
	.byte	42                              @ Abbrev [42] 0x137f:0x9 DW_TAG_variable
	.long	.Ldebug_loc77                   @ DW_AT_location
	.long	4071                            @ DW_AT_abstract_origin
	.byte	42                              @ Abbrev [42] 0x1388:0x9 DW_TAG_variable
	.long	.Ldebug_loc79                   @ DW_AT_location
	.long	4083                            @ DW_AT_abstract_origin
	.byte	30                              @ Abbrev [30] 0x1391:0x1b DW_TAG_inlined_subroutine
	.long	1976                            @ DW_AT_abstract_origin
	.long	.Ltmp292                        @ DW_AT_low_pc
	.long	.Ltmp294-.Ltmp292               @ DW_AT_high_pc
	.byte	3                               @ DW_AT_call_file
	.short	506                             @ DW_AT_call_line
	.byte	32                              @ DW_AT_call_column
	.byte	31                              @ Abbrev [31] 0x13a2:0x9 DW_TAG_formal_parameter
	.long	.Ldebug_loc76                   @ DW_AT_location
	.long	1988                            @ DW_AT_abstract_origin
	.byte	0                               @ End Of Children Mark
	.byte	30                              @ Abbrev [30] 0x13ac:0x19 DW_TAG_inlined_subroutine
	.long	1976                            @ DW_AT_abstract_origin
	.long	.Ltmp300                        @ DW_AT_low_pc
	.long	.Ltmp301-.Ltmp300               @ DW_AT_high_pc
	.byte	3                               @ DW_AT_call_file
	.short	511                             @ DW_AT_call_line
	.byte	32                              @ DW_AT_call_column
	.byte	32                              @ Abbrev [32] 0x13bd:0x7 DW_TAG_formal_parameter
	.byte	1                               @ DW_AT_location
	.byte	80
	.long	1988                            @ DW_AT_abstract_origin
	.byte	0                               @ End Of Children Mark
	.byte	30                              @ Abbrev [30] 0x13c5:0x19 DW_TAG_inlined_subroutine
	.long	1976                            @ DW_AT_abstract_origin
	.long	.Ltmp306                        @ DW_AT_low_pc
	.long	.Ltmp307-.Ltmp306               @ DW_AT_high_pc
	.byte	3                               @ DW_AT_call_file
	.short	515                             @ DW_AT_call_line
	.byte	32                              @ DW_AT_call_column
	.byte	32                              @ Abbrev [32] 0x13d6:0x7 DW_TAG_formal_parameter
	.byte	1                               @ DW_AT_location
	.byte	80
	.long	1988                            @ DW_AT_abstract_origin
	.byte	0                               @ End Of Children Mark
	.byte	30                              @ Abbrev [30] 0x13de:0x1b DW_TAG_inlined_subroutine
	.long	1976                            @ DW_AT_abstract_origin
	.long	.Ltmp313                        @ DW_AT_low_pc
	.long	.Ltmp315-.Ltmp313               @ DW_AT_high_pc
	.byte	3                               @ DW_AT_call_file
	.short	521                             @ DW_AT_call_line
	.byte	34                              @ DW_AT_call_column
	.byte	31                              @ Abbrev [31] 0x13ef:0x9 DW_TAG_formal_parameter
	.long	.Ldebug_loc78                   @ DW_AT_location
	.long	1988                            @ DW_AT_abstract_origin
	.byte	0                               @ End Of Children Mark
	.byte	30                              @ Abbrev [30] 0x13f9:0x19 DW_TAG_inlined_subroutine
	.long	1976                            @ DW_AT_abstract_origin
	.long	.Ltmp321                        @ DW_AT_low_pc
	.long	.Ltmp322-.Ltmp321               @ DW_AT_high_pc
	.byte	3                               @ DW_AT_call_file
	.short	526                             @ DW_AT_call_line
	.byte	34                              @ DW_AT_call_column
	.byte	32                              @ Abbrev [32] 0x140a:0x7 DW_TAG_formal_parameter
	.byte	1                               @ DW_AT_location
	.byte	80
	.long	1988                            @ DW_AT_abstract_origin
	.byte	0                               @ End Of Children Mark
	.byte	30                              @ Abbrev [30] 0x1412:0x19 DW_TAG_inlined_subroutine
	.long	1976                            @ DW_AT_abstract_origin
	.long	.Ltmp327                        @ DW_AT_low_pc
	.long	.Ltmp328-.Ltmp327               @ DW_AT_high_pc
	.byte	3                               @ DW_AT_call_file
	.short	530                             @ DW_AT_call_line
	.byte	34                              @ DW_AT_call_column
	.byte	32                              @ Abbrev [32] 0x1423:0x7 DW_TAG_formal_parameter
	.byte	1                               @ DW_AT_location
	.byte	80
	.long	1988                            @ DW_AT_abstract_origin
	.byte	0                               @ End Of Children Mark
	.byte	30                              @ Abbrev [30] 0x142b:0x1b DW_TAG_inlined_subroutine
	.long	1976                            @ DW_AT_abstract_origin
	.long	.Ltmp334                        @ DW_AT_low_pc
	.long	.Ltmp336-.Ltmp334               @ DW_AT_high_pc
	.byte	3                               @ DW_AT_call_file
	.short	536                             @ DW_AT_call_line
	.byte	33                              @ DW_AT_call_column
	.byte	31                              @ Abbrev [31] 0x143c:0x9 DW_TAG_formal_parameter
	.long	.Ldebug_loc80                   @ DW_AT_location
	.long	1988                            @ DW_AT_abstract_origin
	.byte	0                               @ End Of Children Mark
	.byte	30                              @ Abbrev [30] 0x1446:0x1b DW_TAG_inlined_subroutine
	.long	1976                            @ DW_AT_abstract_origin
	.long	.Ltmp342                        @ DW_AT_low_pc
	.long	.Ltmp344-.Ltmp342               @ DW_AT_high_pc
	.byte	3                               @ DW_AT_call_file
	.short	541                             @ DW_AT_call_line
	.byte	33                              @ DW_AT_call_column
	.byte	31                              @ Abbrev [31] 0x1457:0x9 DW_TAG_formal_parameter
	.long	.Ldebug_loc81                   @ DW_AT_location
	.long	1988                            @ DW_AT_abstract_origin
	.byte	0                               @ End Of Children Mark
	.byte	30                              @ Abbrev [30] 0x1461:0x19 DW_TAG_inlined_subroutine
	.long	1976                            @ DW_AT_abstract_origin
	.long	.Ltmp349                        @ DW_AT_low_pc
	.long	.Ltmp350-.Ltmp349               @ DW_AT_high_pc
	.byte	3                               @ DW_AT_call_file
	.short	545                             @ DW_AT_call_line
	.byte	33                              @ DW_AT_call_column
	.byte	32                              @ Abbrev [32] 0x1472:0x7 DW_TAG_formal_parameter
	.byte	1                               @ DW_AT_location
	.byte	80
	.long	1988                            @ DW_AT_abstract_origin
	.byte	0                               @ End Of Children Mark
	.byte	0                               @ End Of Children Mark
	.byte	30                              @ Abbrev [30] 0x147b:0x34a DW_TAG_inlined_subroutine
	.long	4096                            @ DW_AT_abstract_origin
	.long	.Ltmp352                        @ DW_AT_low_pc
	.long	.Ltmp493-.Ltmp352               @ DW_AT_high_pc
	.byte	3                               @ DW_AT_call_file
	.short	730                             @ DW_AT_call_line
	.byte	5                               @ DW_AT_call_column
	.byte	31                              @ Abbrev [31] 0x148c:0x9 DW_TAG_formal_parameter
	.long	.Ldebug_loc83                   @ DW_AT_location
	.long	4105                            @ DW_AT_abstract_origin
	.byte	32                              @ Abbrev [32] 0x1495:0xa DW_TAG_formal_parameter
	.byte	4                               @ DW_AT_location
	.byte	145
	.asciz	"\310"
	.byte	159
	.long	4117                            @ DW_AT_abstract_origin
	.byte	32                              @ Abbrev [32] 0x149f:0x8 DW_TAG_formal_parameter
	.byte	2                               @ DW_AT_location
	.byte	145
	.byte	48
	.long	4129                            @ DW_AT_abstract_origin
	.byte	42                              @ Abbrev [42] 0x14a7:0x9 DW_TAG_variable
	.long	.Ldebug_loc84                   @ DW_AT_location
	.long	4141                            @ DW_AT_abstract_origin
	.byte	42                              @ Abbrev [42] 0x14b0:0x9 DW_TAG_variable
	.long	.Ldebug_loc85                   @ DW_AT_location
	.long	4153                            @ DW_AT_abstract_origin
	.byte	42                              @ Abbrev [42] 0x14b9:0x9 DW_TAG_variable
	.long	.Ldebug_loc89                   @ DW_AT_location
	.long	4165                            @ DW_AT_abstract_origin
	.byte	42                              @ Abbrev [42] 0x14c2:0x9 DW_TAG_variable
	.long	.Ldebug_loc92                   @ DW_AT_location
	.long	4177                            @ DW_AT_abstract_origin
	.byte	42                              @ Abbrev [42] 0x14cb:0x9 DW_TAG_variable
	.long	.Ldebug_loc93                   @ DW_AT_location
	.long	4189                            @ DW_AT_abstract_origin
	.byte	42                              @ Abbrev [42] 0x14d4:0x9 DW_TAG_variable
	.long	.Ldebug_loc94                   @ DW_AT_location
	.long	4201                            @ DW_AT_abstract_origin
	.byte	42                              @ Abbrev [42] 0x14dd:0x9 DW_TAG_variable
	.long	.Ldebug_loc95                   @ DW_AT_location
	.long	4213                            @ DW_AT_abstract_origin
	.byte	42                              @ Abbrev [42] 0x14e6:0x9 DW_TAG_variable
	.long	.Ldebug_loc97                   @ DW_AT_location
	.long	4225                            @ DW_AT_abstract_origin
	.byte	42                              @ Abbrev [42] 0x14ef:0x9 DW_TAG_variable
	.long	.Ldebug_loc99                   @ DW_AT_location
	.long	4237                            @ DW_AT_abstract_origin
	.byte	42                              @ Abbrev [42] 0x14f8:0x9 DW_TAG_variable
	.long	.Ldebug_loc100                  @ DW_AT_location
	.long	4249                            @ DW_AT_abstract_origin
	.byte	42                              @ Abbrev [42] 0x1501:0x9 DW_TAG_variable
	.long	.Ldebug_loc102                  @ DW_AT_location
	.long	4261                            @ DW_AT_abstract_origin
	.byte	42                              @ Abbrev [42] 0x150a:0x9 DW_TAG_variable
	.long	.Ldebug_loc103                  @ DW_AT_location
	.long	4273                            @ DW_AT_abstract_origin
	.byte	42                              @ Abbrev [42] 0x1513:0x9 DW_TAG_variable
	.long	.Ldebug_loc104                  @ DW_AT_location
	.long	4285                            @ DW_AT_abstract_origin
	.byte	42                              @ Abbrev [42] 0x151c:0x9 DW_TAG_variable
	.long	.Ldebug_loc106                  @ DW_AT_location
	.long	4297                            @ DW_AT_abstract_origin
	.byte	42                              @ Abbrev [42] 0x1525:0x9 DW_TAG_variable
	.long	.Ldebug_loc107                  @ DW_AT_location
	.long	4309                            @ DW_AT_abstract_origin
	.byte	42                              @ Abbrev [42] 0x152e:0x9 DW_TAG_variable
	.long	.Ldebug_loc114                  @ DW_AT_location
	.long	4321                            @ DW_AT_abstract_origin
	.byte	42                              @ Abbrev [42] 0x1537:0x9 DW_TAG_variable
	.long	.Ldebug_loc115                  @ DW_AT_location
	.long	4333                            @ DW_AT_abstract_origin
	.byte	42                              @ Abbrev [42] 0x1540:0x9 DW_TAG_variable
	.long	.Ldebug_loc118                  @ DW_AT_location
	.long	4345                            @ DW_AT_abstract_origin
	.byte	42                              @ Abbrev [42] 0x1549:0x9 DW_TAG_variable
	.long	.Ldebug_loc119                  @ DW_AT_location
	.long	4357                            @ DW_AT_abstract_origin
	.byte	42                              @ Abbrev [42] 0x1552:0x9 DW_TAG_variable
	.long	.Ldebug_loc120                  @ DW_AT_location
	.long	4369                            @ DW_AT_abstract_origin
	.byte	30                              @ Abbrev [30] 0x155b:0x22 DW_TAG_inlined_subroutine
	.long	4448                            @ DW_AT_abstract_origin
	.long	.Ltmp354                        @ DW_AT_low_pc
	.long	.Ltmp357-.Ltmp354               @ DW_AT_high_pc
	.byte	3                               @ DW_AT_call_file
	.short	569                             @ DW_AT_call_line
	.byte	8                               @ DW_AT_call_column
	.byte	31                              @ Abbrev [31] 0x156c:0x9 DW_TAG_formal_parameter
	.long	.Ldebug_loc86                   @ DW_AT_location
	.long	4460                            @ DW_AT_abstract_origin
	.byte	32                              @ Abbrev [32] 0x1575:0x7 DW_TAG_formal_parameter
	.byte	1                               @ DW_AT_location
	.byte	84
	.long	4471                            @ DW_AT_abstract_origin
	.byte	0                               @ End Of Children Mark
	.byte	30                              @ Abbrev [30] 0x157d:0x24 DW_TAG_inlined_subroutine
	.long	4448                            @ DW_AT_abstract_origin
	.long	.Ltmp362                        @ DW_AT_low_pc
	.long	.Ltmp364-.Ltmp362               @ DW_AT_high_pc
	.byte	3                               @ DW_AT_call_file
	.short	568                             @ DW_AT_call_line
	.byte	8                               @ DW_AT_call_column
	.byte	31                              @ Abbrev [31] 0x158e:0x9 DW_TAG_formal_parameter
	.long	.Ldebug_loc96                   @ DW_AT_location
	.long	4460                            @ DW_AT_abstract_origin
	.byte	31                              @ Abbrev [31] 0x1597:0x9 DW_TAG_formal_parameter
	.long	.Ldebug_loc82                   @ DW_AT_location
	.long	4471                            @ DW_AT_abstract_origin
	.byte	0                               @ End Of Children Mark
	.byte	30                              @ Abbrev [30] 0x15a1:0x24 DW_TAG_inlined_subroutine
	.long	4448                            @ DW_AT_abstract_origin
	.long	.Ltmp364                        @ DW_AT_low_pc
	.long	.Ltmp366-.Ltmp364               @ DW_AT_high_pc
	.byte	3                               @ DW_AT_call_file
	.short	572                             @ DW_AT_call_line
	.byte	8                               @ DW_AT_call_column
	.byte	31                              @ Abbrev [31] 0x15b2:0x9 DW_TAG_formal_parameter
	.long	.Ldebug_loc87                   @ DW_AT_location
	.long	4460                            @ DW_AT_abstract_origin
	.byte	31                              @ Abbrev [31] 0x15bb:0x9 DW_TAG_formal_parameter
	.long	.Ldebug_loc98                   @ DW_AT_location
	.long	4471                            @ DW_AT_abstract_origin
	.byte	0                               @ End Of Children Mark
	.byte	30                              @ Abbrev [30] 0x15c5:0x24 DW_TAG_inlined_subroutine
	.long	4448                            @ DW_AT_abstract_origin
	.long	.Ltmp369                        @ DW_AT_low_pc
	.long	.Ltmp371-.Ltmp369               @ DW_AT_high_pc
	.byte	3                               @ DW_AT_call_file
	.short	576                             @ DW_AT_call_line
	.byte	8                               @ DW_AT_call_column
	.byte	31                              @ Abbrev [31] 0x15d6:0x9 DW_TAG_formal_parameter
	.long	.Ldebug_loc91                   @ DW_AT_location
	.long	4460                            @ DW_AT_abstract_origin
	.byte	31                              @ Abbrev [31] 0x15df:0x9 DW_TAG_formal_parameter
	.long	.Ldebug_loc101                  @ DW_AT_location
	.long	4471                            @ DW_AT_abstract_origin
	.byte	0                               @ End Of Children Mark
	.byte	30                              @ Abbrev [30] 0x15e9:0x24 DW_TAG_inlined_subroutine
	.long	4448                            @ DW_AT_abstract_origin
	.long	.Ltmp377                        @ DW_AT_low_pc
	.long	.Ltmp379-.Ltmp377               @ DW_AT_high_pc
	.byte	3                               @ DW_AT_call_file
	.short	573                             @ DW_AT_call_line
	.byte	8                               @ DW_AT_call_column
	.byte	31                              @ Abbrev [31] 0x15fa:0x9 DW_TAG_formal_parameter
	.long	.Ldebug_loc88                   @ DW_AT_location
	.long	4460                            @ DW_AT_abstract_origin
	.byte	31                              @ Abbrev [31] 0x1603:0x9 DW_TAG_formal_parameter
	.long	.Ldebug_loc105                  @ DW_AT_location
	.long	4471                            @ DW_AT_abstract_origin
	.byte	0                               @ End Of Children Mark
	.byte	30                              @ Abbrev [30] 0x160d:0x1b DW_TAG_inlined_subroutine
	.long	4448                            @ DW_AT_abstract_origin
	.long	.Ltmp382                        @ DW_AT_low_pc
	.long	.Ltmp384-.Ltmp382               @ DW_AT_high_pc
	.byte	3                               @ DW_AT_call_file
	.short	577                             @ DW_AT_call_line
	.byte	8                               @ DW_AT_call_column
	.byte	31                              @ Abbrev [31] 0x161e:0x9 DW_TAG_formal_parameter
	.long	.Ldebug_loc90                   @ DW_AT_location
	.long	4460                            @ DW_AT_abstract_origin
	.byte	0                               @ End Of Children Mark
	.byte	30                              @ Abbrev [30] 0x1628:0x24 DW_TAG_inlined_subroutine
	.long	4448                            @ DW_AT_abstract_origin
	.long	.Ltmp396                        @ DW_AT_low_pc
	.long	.Ltmp399-.Ltmp396               @ DW_AT_high_pc
	.byte	3                               @ DW_AT_call_file
	.short	585                             @ DW_AT_call_line
	.byte	12                              @ DW_AT_call_column
	.byte	31                              @ Abbrev [31] 0x1639:0x9 DW_TAG_formal_parameter
	.long	.Ldebug_loc109                  @ DW_AT_location
	.long	4460                            @ DW_AT_abstract_origin
	.byte	31                              @ Abbrev [31] 0x1642:0x9 DW_TAG_formal_parameter
	.long	.Ldebug_loc108                  @ DW_AT_location
	.long	4471                            @ DW_AT_abstract_origin
	.byte	0                               @ End Of Children Mark
	.byte	30                              @ Abbrev [30] 0x164c:0x24 DW_TAG_inlined_subroutine
	.long	4448                            @ DW_AT_abstract_origin
	.long	.Ltmp402                        @ DW_AT_low_pc
	.long	.Ltmp405-.Ltmp402               @ DW_AT_high_pc
	.byte	3                               @ DW_AT_call_file
	.short	587                             @ DW_AT_call_line
	.byte	12                              @ DW_AT_call_column
	.byte	31                              @ Abbrev [31] 0x165d:0x9 DW_TAG_formal_parameter
	.long	.Ldebug_loc111                  @ DW_AT_location
	.long	4460                            @ DW_AT_abstract_origin
	.byte	31                              @ Abbrev [31] 0x1666:0x9 DW_TAG_formal_parameter
	.long	.Ldebug_loc110                  @ DW_AT_location
	.long	4471                            @ DW_AT_abstract_origin
	.byte	0                               @ End Of Children Mark
	.byte	30                              @ Abbrev [30] 0x1670:0x24 DW_TAG_inlined_subroutine
	.long	4448                            @ DW_AT_abstract_origin
	.long	.Ltmp408                        @ DW_AT_low_pc
	.long	.Ltmp411-.Ltmp408               @ DW_AT_high_pc
	.byte	3                               @ DW_AT_call_file
	.short	586                             @ DW_AT_call_line
	.byte	12                              @ DW_AT_call_column
	.byte	31                              @ Abbrev [31] 0x1681:0x9 DW_TAG_formal_parameter
	.long	.Ldebug_loc113                  @ DW_AT_location
	.long	4460                            @ DW_AT_abstract_origin
	.byte	31                              @ Abbrev [31] 0x168a:0x9 DW_TAG_formal_parameter
	.long	.Ldebug_loc112                  @ DW_AT_location
	.long	4471                            @ DW_AT_abstract_origin
	.byte	0                               @ End Of Children Mark
	.byte	46                              @ Abbrev [46] 0x1694:0x11 DW_TAG_inlined_subroutine
	.long	1976                            @ DW_AT_abstract_origin
	.long	.Ltmp418                        @ DW_AT_low_pc
	.long	.Ltmp419-.Ltmp418               @ DW_AT_high_pc
	.byte	3                               @ DW_AT_call_file
	.short	604                             @ DW_AT_call_line
	.byte	32                              @ DW_AT_call_column
	.byte	30                              @ Abbrev [30] 0x16a5:0x20 DW_TAG_inlined_subroutine
	.long	2000                            @ DW_AT_abstract_origin
	.long	.Ltmp428                        @ DW_AT_low_pc
	.long	.Ltmp429-.Ltmp428               @ DW_AT_high_pc
	.byte	3                               @ DW_AT_call_file
	.short	612                             @ DW_AT_call_line
	.byte	19                              @ DW_AT_call_column
	.byte	32                              @ Abbrev [32] 0x16b6:0x7 DW_TAG_formal_parameter
	.byte	1                               @ DW_AT_location
	.byte	86
	.long	2012                            @ DW_AT_abstract_origin
	.byte	32                              @ Abbrev [32] 0x16bd:0x7 DW_TAG_formal_parameter
	.byte	1                               @ DW_AT_location
	.byte	80
	.long	2023                            @ DW_AT_abstract_origin
	.byte	0                               @ End Of Children Mark
	.byte	30                              @ Abbrev [30] 0x16c5:0x20 DW_TAG_inlined_subroutine
	.long	2000                            @ DW_AT_abstract_origin
	.long	.Ltmp432                        @ DW_AT_low_pc
	.long	.Ltmp433-.Ltmp432               @ DW_AT_high_pc
	.byte	3                               @ DW_AT_call_file
	.short	615                             @ DW_AT_call_line
	.byte	11                              @ DW_AT_call_column
	.byte	32                              @ Abbrev [32] 0x16d6:0x7 DW_TAG_formal_parameter
	.byte	1                               @ DW_AT_location
	.byte	85
	.long	2012                            @ DW_AT_abstract_origin
	.byte	32                              @ Abbrev [32] 0x16dd:0x7 DW_TAG_formal_parameter
	.byte	1                               @ DW_AT_location
	.byte	80
	.long	2023                            @ DW_AT_abstract_origin
	.byte	0                               @ End Of Children Mark
	.byte	30                              @ Abbrev [30] 0x16e5:0x21 DW_TAG_inlined_subroutine
	.long	4483                            @ DW_AT_abstract_origin
	.long	.Ltmp443                        @ DW_AT_low_pc
	.long	.Ltmp444-.Ltmp443               @ DW_AT_high_pc
	.byte	3                               @ DW_AT_call_file
	.short	634                             @ DW_AT_call_line
	.byte	17                              @ DW_AT_call_column
	.byte	32                              @ Abbrev [32] 0x16f6:0x7 DW_TAG_formal_parameter
	.byte	1                               @ DW_AT_location
	.byte	86
	.long	4495                            @ DW_AT_abstract_origin
	.byte	33                              @ Abbrev [33] 0x16fd:0x8 DW_TAG_formal_parameter
	.ascii	"\200\200\004"                  @ DW_AT_const_value
	.long	4506                            @ DW_AT_abstract_origin
	.byte	0                               @ End Of Children Mark
	.byte	30                              @ Abbrev [30] 0x1706:0x21 DW_TAG_inlined_subroutine
	.long	4518                            @ DW_AT_abstract_origin
	.long	.Ltmp445                        @ DW_AT_low_pc
	.long	.Ltmp447-.Ltmp445               @ DW_AT_high_pc
	.byte	3                               @ DW_AT_call_file
	.short	637                             @ DW_AT_call_line
	.byte	17                              @ DW_AT_call_column
	.byte	31                              @ Abbrev [31] 0x1717:0x9 DW_TAG_formal_parameter
	.long	.Ldebug_loc116                  @ DW_AT_location
	.long	4530                            @ DW_AT_abstract_origin
	.byte	33                              @ Abbrev [33] 0x1720:0x6 DW_TAG_formal_parameter
	.byte	0                               @ DW_AT_const_value
	.long	4541                            @ DW_AT_abstract_origin
	.byte	0                               @ End Of Children Mark
	.byte	30                              @ Abbrev [30] 0x1727:0x1b DW_TAG_inlined_subroutine
	.long	4553                            @ DW_AT_abstract_origin
	.long	.Ltmp449                        @ DW_AT_low_pc
	.long	.Ltmp454-.Ltmp449               @ DW_AT_high_pc
	.byte	3                               @ DW_AT_call_file
	.short	646                             @ DW_AT_call_line
	.byte	13                              @ DW_AT_call_column
	.byte	31                              @ Abbrev [31] 0x1738:0x9 DW_TAG_formal_parameter
	.long	.Ldebug_loc117                  @ DW_AT_location
	.long	4565                            @ DW_AT_abstract_origin
	.byte	0                               @ End Of Children Mark
	.byte	46                              @ Abbrev [46] 0x1742:0x11 DW_TAG_inlined_subroutine
	.long	4483                            @ DW_AT_abstract_origin
	.long	.Ltmp454                        @ DW_AT_low_pc
	.long	.Ltmp455-.Ltmp454               @ DW_AT_high_pc
	.byte	3                               @ DW_AT_call_file
	.short	635                             @ DW_AT_call_line
	.byte	17                              @ DW_AT_call_column
	.byte	30                              @ Abbrev [30] 0x1753:0x1f DW_TAG_inlined_subroutine
	.long	4518                            @ DW_AT_abstract_origin
	.long	.Ltmp457                        @ DW_AT_low_pc
	.long	.Ltmp458-.Ltmp457               @ DW_AT_high_pc
	.byte	3                               @ DW_AT_call_file
	.short	638                             @ DW_AT_call_line
	.byte	17                              @ DW_AT_call_column
	.byte	32                              @ Abbrev [32] 0x1764:0x7 DW_TAG_formal_parameter
	.byte	1                               @ DW_AT_location
	.byte	87
	.long	4530                            @ DW_AT_abstract_origin
	.byte	33                              @ Abbrev [33] 0x176b:0x6 DW_TAG_formal_parameter
	.byte	0                               @ DW_AT_const_value
	.long	4541                            @ DW_AT_abstract_origin
	.byte	0                               @ End Of Children Mark
	.byte	46                              @ Abbrev [46] 0x1772:0x11 DW_TAG_inlined_subroutine
	.long	4483                            @ DW_AT_abstract_origin
	.long	.Ltmp460                        @ DW_AT_low_pc
	.long	.Ltmp461-.Ltmp460               @ DW_AT_high_pc
	.byte	3                               @ DW_AT_call_file
	.short	636                             @ DW_AT_call_line
	.byte	17                              @ DW_AT_call_column
	.byte	30                              @ Abbrev [30] 0x1783:0x1f DW_TAG_inlined_subroutine
	.long	4518                            @ DW_AT_abstract_origin
	.long	.Ltmp462                        @ DW_AT_low_pc
	.long	.Ltmp463-.Ltmp462               @ DW_AT_high_pc
	.byte	3                               @ DW_AT_call_file
	.short	639                             @ DW_AT_call_line
	.byte	17                              @ DW_AT_call_column
	.byte	32                              @ Abbrev [32] 0x1794:0x7 DW_TAG_formal_parameter
	.byte	1                               @ DW_AT_location
	.byte	84
	.long	4530                            @ DW_AT_abstract_origin
	.byte	33                              @ Abbrev [33] 0x179b:0x6 DW_TAG_formal_parameter
	.byte	0                               @ DW_AT_const_value
	.long	4541                            @ DW_AT_abstract_origin
	.byte	0                               @ End Of Children Mark
	.byte	46                              @ Abbrev [46] 0x17a2:0x11 DW_TAG_inlined_subroutine
	.long	4553                            @ DW_AT_abstract_origin
	.long	.Ltmp472                        @ DW_AT_low_pc
	.long	.Ltmp475-.Ltmp472               @ DW_AT_high_pc
	.byte	3                               @ DW_AT_call_file
	.short	647                             @ DW_AT_call_line
	.byte	13                              @ DW_AT_call_column
	.byte	46                              @ Abbrev [46] 0x17b3:0x11 DW_TAG_inlined_subroutine
	.long	4553                            @ DW_AT_abstract_origin
	.long	.Ltmp483                        @ DW_AT_low_pc
	.long	.Ltmp486-.Ltmp483               @ DW_AT_high_pc
	.byte	3                               @ DW_AT_call_file
	.short	648                             @ DW_AT_call_line
	.byte	13                              @ DW_AT_call_column
	.byte	0                               @ End Of Children Mark
	.byte	0                               @ End Of Children Mark
	.byte	37                              @ Abbrev [37] 0x17c6:0x5 DW_TAG_pointer_type
	.long	6091                            @ DW_AT_type
	.byte	13                              @ Abbrev [13] 0x17cb:0x5 DW_TAG_const_type
	.long	233                             @ DW_AT_type
	.byte	37                              @ Abbrev [37] 0x17d0:0x5 DW_TAG_pointer_type
	.long	6101                            @ DW_AT_type
	.byte	13                              @ Abbrev [13] 0x17d5:0x5 DW_TAG_const_type
	.long	3645                            @ DW_AT_type
	.byte	0                               @ End Of Children Mark
.Ldebug_info_end0:
	.section	.debug_ranges,"",%progbits
.Ldebug_ranges0:
	.long	.Ltmp213
	.long	.Ltmp215
	.long	.Ltmp224
	.long	.Ltmp247
	.long	.Ltmp252
	.long	.Ltmp256
	.long	0
	.long	0
.Ldebug_ranges1:
	.long	.Lfunc_begin0
	.long	.Lfunc_end0
	.long	.Lfunc_begin1
	.long	.Lfunc_end1
	.long	.Lfunc_begin2
	.long	.Lfunc_end2
	.long	.Lfunc_begin3
	.long	.Lfunc_end3
	.long	.Lfunc_begin4
	.long	.Lfunc_end4
	.long	.Lfunc_begin5
	.long	.Lfunc_end5
	.long	.Lfunc_begin6
	.long	.Lfunc_end6
	.long	0
	.long	0
	.section	.debug_str,"MS",%progbits,1
.Linfo_string0:
	.asciz	"Component: Arm Compiler for Embedded 6.21 Tool: armclang [5ec1fd00]" @ string offset=0
.Linfo_string1:
	.asciz	"../03_Algorithm_FixedPoint\\Algorithm.c" @ string offset=68
.Linfo_string2:
	.asciz	"C:\\baidunetdiskdownload\\\346\263\260\347\237\275\345\276\256\\\346\260\233\345\233\264\347\201\257\\TCPL0X_AUTO_SDK_V2.0.0\\TCPL0X_AUTO_SDK_V2.0.0\\examples\\tcpl04x\\demo_apps\\tcpl04b_swsc_lean\\MDK" @ string offset=107
.Linfo_string3:
	.asciz	"WB_L"                          @ string offset=246
.Linfo_string4:
	.asciz	"int"                           @ string offset=251
.Linfo_string5:
	.asciz	"int32_t"                       @ string offset=255
.Linfo_string6:
	.asciz	"fix16_t"                       @ string offset=263
.Linfo_string7:
	.asciz	"WB_M"                          @ string offset=271
.Linfo_string8:
	.asciz	"WB_N"                          @ string offset=276
.Linfo_string9:
	.asciz	"Corolinit_temp"                @ string offset=281
.Linfo_string10:
	.asciz	"calibration_whitePointU"       @ string offset=296
.Linfo_string11:
	.asciz	"calibration_whitePointV"       @ string offset=320
.Linfo_string12:
	.asciz	"target_whitePointU"            @ string offset=344
.Linfo_string13:
	.asciz	"target_whitePointV"            @ string offset=363
.Linfo_string14:
	.asciz	"CIE1976WhiteBalanceInfo"       @ string offset=382
.Linfo_string15:
	.asciz	"currentU"                      @ string offset=406
.Linfo_string16:
	.asciz	"unsigned short"                @ string offset=415
.Linfo_string17:
	.asciz	"uint16_t"                      @ string offset=430
.Linfo_string18:
	.asciz	"currentV"                      @ string offset=439
.Linfo_string19:
	.asciz	"RC_UPART"                      @ string offset=448
.Linfo_string20:
	.asciz	"RC_VPART"                      @ string offset=457
.Linfo_string21:
	.asciz	"RC_CPART"                      @ string offset=466
.Linfo_string22:
	.asciz	"Color_Scale"                   @ string offset=475
.Linfo_string23:
	.asciz	"GC_UPART"                      @ string offset=487
.Linfo_string24:
	.asciz	"GC_VPART"                      @ string offset=496
.Linfo_string25:
	.asciz	"GC_CPART"                      @ string offset=505
.Linfo_string26:
	.asciz	"BC_UPART"                      @ string offset=514
.Linfo_string27:
	.asciz	"BC_VPART"                      @ string offset=523
.Linfo_string28:
	.asciz	"BC_CPART"                      @ string offset=532
.Linfo_string29:
	.asciz	"RxDivRy"                       @ string offset=541
.Linfo_string30:
	.asciz	"GxDivGy"                       @ string offset=549
.Linfo_string31:
	.asciz	"BxDivBy"                       @ string offset=557
.Linfo_string32:
	.asciz	"inv_Ry"                        @ string offset=565
.Linfo_string33:
	.asciz	"inv_Gy"                        @ string offset=572
.Linfo_string34:
	.asciz	"inv_By"                        @ string offset=579
.Linfo_string35:
	.asciz	"redxyY"                        @ string offset=586
.Linfo_string36:
	.asciz	"x"                             @ string offset=593
.Linfo_string37:
	.asciz	"short"                         @ string offset=595
.Linfo_string38:
	.asciz	"int16_t"                       @ string offset=601
.Linfo_string39:
	.asciz	"y"                             @ string offset=609
.Linfo_string40:
	.asciz	"Y"                             @ string offset=611
.Linfo_string41:
	.asciz	"CIExyY"                        @ string offset=613
.Linfo_string42:
	.asciz	"SCIExyY"                       @ string offset=620
.Linfo_string43:
	.asciz	"greenxyY"                      @ string offset=628
.Linfo_string44:
	.asciz	"bluexyY"                       @ string offset=637
.Linfo_string45:
	.asciz	"tempv"                         @ string offset=645
.Linfo_string46:
	.asciz	"tempu"                         @ string offset=651
.Linfo_string47:
	.asciz	"templ"                         @ string offset=657
.Linfo_string48:
	.asciz	"tempDenominator"               @ string offset=663
.Linfo_string49:
	.asciz	"tempz"                         @ string offset=679
.Linfo_string50:
	.asciz	"tempred"                       @ string offset=685
.Linfo_string51:
	.asciz	"tempgreen"                     @ string offset=693
.Linfo_string52:
	.asciz	"tempbule"                      @ string offset=703
.Linfo_string53:
	.asciz	"tempmax"                       @ string offset=712
.Linfo_string54:
	.asciz	"tempRED"                       @ string offset=720
.Linfo_string55:
	.asciz	"tempGREEN"                     @ string offset=728
.Linfo_string56:
	.asciz	"tempBULE"                      @ string offset=738
.Linfo_string57:
	.asciz	"tempINY"                       @ string offset=747
.Linfo_string58:
	.asciz	"fix16_one"                     @ string offset=755
.Linfo_string59:
	.asciz	"fix16Const1M"                  @ string offset=765
.Linfo_string60:
	.asciz	"intensityAdjustConst"          @ string offset=778
.Linfo_string61:
	.asciz	"s32_plane_a"                   @ string offset=799
.Linfo_string62:
	.asciz	"__ARRAY_SIZE_TYPE__"           @ string offset=811
.Linfo_string63:
	.asciz	"s32_plane_b"                   @ string offset=831
.Linfo_string64:
	.asciz	"s32_plane_d"                   @ string offset=843
.Linfo_string65:
	.asciz	"s32_pointK1"                   @ string offset=855
.Linfo_string66:
	.asciz	"s32_vectorNor"                 @ string offset=867
.Linfo_string67:
	.asciz	"s32_LineDirectionvec_GBm1n1p1" @ string offset=881
.Linfo_string68:
	.asciz	"s32_LineDirectionvec_BRm1n1p1" @ string offset=911
.Linfo_string69:
	.asciz	"s32_LineDirectionvec_GRm1n1p1" @ string offset=941
.Linfo_string70:
	.asciz	"s32_B_cornerPoint_real"        @ string offset=971
.Linfo_string71:
	.asciz	"s32_B_cornerPoint_large"       @ string offset=994
.Linfo_string72:
	.asciz	"s32_G_cornerPoint_real"        @ string offset=1018
.Linfo_string73:
	.asciz	"s32_G_cornerPoint_large"       @ string offset=1041
.Linfo_string74:
	.asciz	"s32_R_cornerPoint_real"        @ string offset=1065
.Linfo_string75:
	.asciz	"s32_R_cornerPoint_large"       @ string offset=1088
.Linfo_string76:
	.asciz	"fix16Const10000"               @ string offset=1112
.Linfo_string77:
	.asciz	"fix16Const75"                  @ string offset=1128
.Linfo_string78:
	.asciz	"TtoCIE"                        @ string offset=1141
.Linfo_string79:
	.asciz	"Temperature"                   @ string offset=1148
.Linfo_string80:
	.asciz	"redYShift"                     @ string offset=1160
.Linfo_string81:
	.asciz	"greenYShift"                   @ string offset=1170
.Linfo_string82:
	.asciz	"blueYshift"                    @ string offset=1182
.Linfo_string83:
	.asciz	"redxShift"                     @ string offset=1193
.Linfo_string84:
	.asciz	"redyShift"                     @ string offset=1203
.Linfo_string85:
	.asciz	"greenxShift"                   @ string offset=1213
.Linfo_string86:
	.asciz	"greenyShift"                   @ string offset=1225
.Linfo_string87:
	.asciz	"bluexShift"                    @ string offset=1237
.Linfo_string88:
	.asciz	"blueyShift"                    @ string offset=1248
.Linfo_string89:
	.asciz	"LedTempShift"                  @ string offset=1259
.Linfo_string90:
	.asciz	"SLedTempShift"                 @ string offset=1272
.Linfo_string91:
	.asciz	"currentRedCIE"                 @ string offset=1286
.Linfo_string92:
	.asciz	"CIEColor"                      @ string offset=1300
.Linfo_string93:
	.asciz	"SCIEColor"                     @ string offset=1309
.Linfo_string94:
	.asciz	"currentGreenCIE"               @ string offset=1319
.Linfo_string95:
	.asciz	"currentBlueCIE"                @ string offset=1335
.Linfo_string96:
	.asciz	"unsigned char"                 @ string offset=1350
.Linfo_string97:
	.asciz	"Cx00_INSIDE_GAMUT"             @ string offset=1364
.Linfo_string98:
	.asciz	"Cx02_BESIDE_EDGE_GB"           @ string offset=1382
.Linfo_string99:
	.asciz	"Cx03_BESIDE_EDGE_BR"           @ string offset=1402
.Linfo_string100:
	.asciz	"Cx04_BESIDE_EDGE_GR"           @ string offset=1422
.Linfo_string101:
	.asciz	"Cx05_BESIDE_CORNER_B"          @ string offset=1442
.Linfo_string102:
	.asciz	"Cx06_BESIDE_CORNER_G"          @ string offset=1463
.Linfo_string103:
	.asciz	"Cx07_BESIDE_CORNER_R"          @ string offset=1484
.Linfo_string104:
	.asciz	"InputState"                    @ string offset=1505
.Linfo_string105:
	.asciz	"uint8_t"                       @ string offset=1516
.Linfo_string106:
	.asciz	"bool_t"                        @ string offset=1524
.Linfo_string107:
	.asciz	"unsigned int"                  @ string offset=1531
.Linfo_string108:
	.asciz	"uint32_t"                      @ string offset=1544
.Linfo_string109:
	.asciz	"fix16_from_int"                @ string offset=1553
.Linfo_string110:
	.asciz	"a"                             @ string offset=1568
.Linfo_string111:
	.asciz	"fix16_add"                     @ string offset=1570
.Linfo_string112:
	.asciz	"inArg0"                        @ string offset=1580
.Linfo_string113:
	.asciz	"inArg1"                        @ string offset=1587
.Linfo_string114:
	.asciz	"CtApSwcLedAlgorithm_intensityPyramid" @ string offset=1594
.Linfo_string115:
	.asciz	"pst_LEDColor"                  @ string offset=1631
.Linfo_string116:
	.asciz	"colorU"                        @ string offset=1644
.Linfo_string117:
	.asciz	"colorV"                        @ string offset=1651
.Linfo_string118:
	.asciz	"ledTemprature"                 @ string offset=1658
.Linfo_string119:
	.asciz	"factor"                        @ string offset=1672
.Linfo_string120:
	.asciz	"intensity"                     @ string offset=1679
.Linfo_string121:
	.asciz	"tempAdjust"                    @ string offset=1689
.Linfo_string122:
	.asciz	"brightnessPercent"             @ string offset=1700
.Linfo_string123:
	.asciz	"RGBFlag"                       @ string offset=1718
.Linfo_string124:
	.asciz	"ColorParams"                   @ string offset=1726
.Linfo_string125:
	.asciz	"SColorParams"                  @ string offset=1738
.Linfo_string126:
	.asciz	"s32_u"                         @ string offset=1751
.Linfo_string127:
	.asciz	"inputState"                    @ string offset=1757
.Linfo_string128:
	.asciz	"s32_v"                         @ string offset=1768
.Linfo_string129:
	.asciz	"s32_min_intensity_rotated"     @ string offset=1774
.Linfo_string130:
	.asciz	"s32_selectedIntensity"         @ string offset=1800
.Linfo_string131:
	.asciz	"s32_vectorRef2Intensity"       @ string offset=1822
.Linfo_string132:
	.asciz	"s32_intensity"                 @ string offset=1846
.Linfo_string133:
	.asciz	"s32_intensity_Rotated"         @ string offset=1860
.Linfo_string134:
	.asciz	"u8_plane_idx"                  @ string offset=1882
.Linfo_string135:
	.asciz	"__algoGetTargetColorFromCIE1976" @ string offset=1895
.Linfo_string136:
	.asciz	"inputColor"                    @ string offset=1927
.Linfo_string137:
	.asciz	"targetColor"                   @ string offset=1938
.Linfo_string138:
	.asciz	"CtApSwcLedAlgorithm_AUDIspecBreachOnEdge" @ string offset=1950
.Linfo_string139:
	.asciz	"u8_inputState"                 @ string offset=1991
.Linfo_string140:
	.asciz	"s32_intended_u"                @ string offset=2005
.Linfo_string141:
	.asciz	"s32_intended_v"                @ string offset=2020
.Linfo_string142:
	.asciz	"p_linePoint_real"              @ string offset=2035
.Linfo_string143:
	.asciz	"p_upperPointArray_large"       @ string offset=2052
.Linfo_string144:
	.asciz	"p_underPointArray_large"       @ string offset=2076
.Linfo_string145:
	.asciz	"signed char"                   @ string offset=2100
.Linfo_string146:
	.asciz	"int8_t"                        @ string offset=2112
.Linfo_string147:
	.asciz	"p_dirVecArray"                 @ string offset=2119
.Linfo_string148:
	.asciz	"s32_s"                         @ string offset=2133
.Linfo_string149:
	.asciz	"__algoLedFixCIE"               @ string offset=2139
.Linfo_string150:
	.asciz	"ledTemp"                       @ string offset=2155
.Linfo_string151:
	.asciz	"i"                             @ string offset=2163
.Linfo_string152:
	.asciz	"fixLevel"                      @ string offset=2165
.Linfo_string153:
	.asciz	"tempShift"                     @ string offset=2174
.Linfo_string154:
	.asciz	"line_p"                        @ string offset=2184
.Linfo_string155:
	.asciz	"redp"                          @ string offset=2191
.Linfo_string156:
	.asciz	"greenp"                        @ string offset=2196
.Linfo_string157:
	.asciz	"bluep"                         @ string offset=2203
.Linfo_string158:
	.asciz	"__algoGetDutyRatio"            @ string offset=2209
.Linfo_string159:
	.asciz	"MxyzY"                         @ string offset=2228
.Linfo_string160:
	.asciz	"outputPWM"                     @ string offset=2234
.Linfo_string161:
	.asciz	"PWM_R"                         @ string offset=2244
.Linfo_string162:
	.asciz	"PWM_G"                         @ string offset=2250
.Linfo_string163:
	.asciz	"PWM_B"                         @ string offset=2256
.Linfo_string164:
	.asciz	"PWMParams"                     @ string offset=2262
.Linfo_string165:
	.asciz	"SPWMParams"                    @ string offset=2272
.Linfo_string166:
	.asciz	"duty_r_aa"                     @ string offset=2283
.Linfo_string167:
	.asciz	"Bm"                            @ string offset=2293
.Linfo_string168:
	.asciz	"d"                             @ string offset=2296
.Linfo_string169:
	.asciz	"Gm"                            @ string offset=2298
.Linfo_string170:
	.asciz	"duty_b_aa"                     @ string offset=2301
.Linfo_string171:
	.asciz	"duty_g_aa"                     @ string offset=2311
.Linfo_string172:
	.asciz	"Rm"                            @ string offset=2321
.Linfo_string173:
	.asciz	"b"                             @ string offset=2324
.Linfo_string174:
	.asciz	"R_all"                         @ string offset=2326
.Linfo_string175:
	.asciz	"e"                             @ string offset=2332
.Linfo_string176:
	.asciz	"B_all"                         @ string offset=2334
.Linfo_string177:
	.asciz	"G_all"                         @ string offset=2340
.Linfo_string178:
	.asciz	"c"                             @ string offset=2346
.Linfo_string179:
	.asciz	"f"                             @ string offset=2348
.Linfo_string180:
	.asciz	"mix_Y"                         @ string offset=2350
.Linfo_string181:
	.asciz	"temp"                          @ string offset=2356
.Linfo_string182:
	.asciz	"duty_R"                        @ string offset=2361
.Linfo_string183:
	.asciz	"duty_B"                        @ string offset=2368
.Linfo_string184:
	.asciz	"duty_G"                        @ string offset=2375
.Linfo_string185:
	.asciz	"fix16_sub"                     @ string offset=2382
.Linfo_string186:
	.asciz	"fix16_min"                     @ string offset=2392
.Linfo_string187:
	.asciz	"fix16_max"                     @ string offset=2402
.Linfo_string188:
	.asciz	"fix16_to_int"                  @ string offset=2412
.Linfo_string189:
	.asciz	"algoUpdateRedCIE"              @ string offset=2425
.Linfo_string190:
	.asciz	"algoUpdateGreenCIE"            @ string offset=2442
.Linfo_string191:
	.asciz	"algoUpdateBlueCIE"             @ string offset=2461
.Linfo_string192:
	.asciz	"algoWhiteBalanceInitFromConfig" @ string offset=2479
.Linfo_string193:
	.asciz	"whiteBalanceInit"              @ string offset=2510
.Linfo_string194:
	.asciz	"whiteBalance"                  @ string offset=2527
.Linfo_string195:
	.asciz	"algoGetPWMOutput"              @ string offset=2540
.Linfo_string196:
	.asciz	"u"                             @ string offset=2557
.Linfo_string197:
	.asciz	"v"                             @ string offset=2559
.Linfo_string198:
	.asciz	"middleResult"                  @ string offset=2561
.Linfo_string199:
	.asciz	"WB_info"                       @ string offset=2574
.Linfo_string200:
	.asciz	"Div_midResult"                 @ string offset=2582
.Linfo_string201:
	.asciz	"balancedColor"                 @ string offset=2596
.Linfo_string202:
	.asciz	"f16_input_U"                   @ string offset=2610
.Linfo_string203:
	.asciz	"FluxR"                         @ string offset=2622
.Linfo_string204:
	.asciz	"f16_input_V"                   @ string offset=2628
.Linfo_string205:
	.asciz	"FluxG"                         @ string offset=2640
.Linfo_string206:
	.asciz	"FluxB"                         @ string offset=2646
.Linfo_string207:
	.asciz	"balanced_x"                    @ string offset=2652
.Linfo_string208:
	.asciz	"balanced_den"                  @ string offset=2663
.Linfo_string209:
	.asciz	"balanced_y"                    @ string offset=2676
.set redxyY.0, .L_MergedGlobals
	.size	redxyY.0, 2
.set redxyY.1, .L_MergedGlobals+4
	.size	redxyY.1, 2
.set greenxyY.0, .L_MergedGlobals+8
	.size	greenxyY.0, 2
.set greenxyY.1, .L_MergedGlobals+12
	.size	greenxyY.1, 2
.set bluexyY.0, .L_MergedGlobals+16
	.size	bluexyY.0, 2
.set bluexyY.1, .L_MergedGlobals+20
	.size	bluexyY.1, 2
	.globl	WB_L
	.hidden	WB_L
.set WB_L, .L_MergedGlobals+24
	.size	WB_L, 4
	.globl	WB_M
	.hidden	WB_M
.set WB_M, .L_MergedGlobals+28
	.size	WB_M, 4
	.globl	WB_N
	.hidden	WB_N
.set WB_N, .L_MergedGlobals+32
	.size	WB_N, 4
.set redxyY.2, .L_MergedGlobals+36
	.size	redxyY.2, 4
.set greenxyY.2, .L_MergedGlobals+40
	.size	greenxyY.2, 4
.set bluexyY.2, .L_MergedGlobals+44
	.size	bluexyY.2, 4
	.globl	templ
	.hidden	templ
.set templ, .L_MergedGlobals+48
	.size	templ, 4
.set currentRedCIE.0, .L_MergedGlobals+52
	.size	currentRedCIE.0, 4
.set currentRedCIE.1, .L_MergedGlobals+56
	.size	currentRedCIE.1, 4
.set currentRedCIE.2, .L_MergedGlobals+60
	.size	currentRedCIE.2, 4
.set currentGreenCIE.0, .L_MergedGlobals+64
	.size	currentGreenCIE.0, 4
.set currentGreenCIE.1, .L_MergedGlobals+68
	.size	currentGreenCIE.1, 4
.set currentGreenCIE.2, .L_MergedGlobals+72
	.size	currentGreenCIE.2, 4
.set currentBlueCIE.0, .L_MergedGlobals+76
	.size	currentBlueCIE.0, 4
.set currentBlueCIE.2, .L_MergedGlobals+80
	.size	currentBlueCIE.2, 4
	.ident	"Component: Arm Compiler for Embedded 6.21 Tool: armclang [5ec1fd00]"
	.section	".note.GNU-stack","",%progbits
	.eabi_attribute	30, 4	@ Tag_ABI_optimization_goals
	.ARM_attribute	16, 1	@ Tag_AV_eba
	.section	.debug_line,"",%progbits
.Lline_table_start0:
