	.text
	.syntax unified
	.eabi_attribute	67, "2.09"	@ Tag_conformance
	.cpu	cortex-m0
	.eabi_attribute	6, 12	@ Tag_CPU_arch
	.eabi_attribute	7, 77	@ Tag_CPU_arch_profile
	.eabi_attribute	8, 0	@ Tag_ARM_ISA_use
	.eabi_attribute	9, 1	@ Tag_THUMB_ISA_use
	.eabi_attribute	34, 0	@ Tag_CPU_unaligned_access
	.eabi_attribute	17, 1	@ Tag_ABI_PCS_GOT_use
	.eabi_attribute	20, 2	@ Tag_ABI_FP_denormal
	.eabi_attribute	21, 0	@ Tag_ABI_FP_exceptions
	.eabi_attribute	23, 1	@ Tag_ABI_FP_number_model
	.eabi_attribute	24, 1	@ Tag_ABI_align_needed
	.eabi_attribute	25, 1	@ Tag_ABI_align_preserved
	.eabi_attribute	38, 1	@ Tag_ABI_FP_16bit_format
	.eabi_attribute	18, 2	@ Tag_ABI_PCS_wchar_t
	.eabi_attribute	26, 1	@ Tag_ABI_enum_size
	.eabi_attribute	14, 0	@ Tag_ABI_PCS_R9_use
	.file	"lin_cfg.c"
	.file	1 "C:\\baidunetdiskdownload\\\346\263\260\347\237\275\345\276\256\\\346\260\233\345\233\264\347\201\257\\TCPL0X_AUTO_SDK_V2.0.0\\TCPL0X_AUTO_SDK_V2.0.0\\examples\\tcpl04x\\demo_apps\\tcpl04b_swsc_lean\\MDK" "../05_LinService/lin_hw_cfg.h"
	.file	2 "C:\\baidunetdiskdownload\\\346\263\260\347\237\275\345\276\256\\\346\260\233\345\233\264\347\201\257\\TCPL0X_AUTO_SDK_V2.0.0\\TCPL0X_AUTO_SDK_V2.0.0\\examples\\tcpl04x\\demo_apps\\tcpl04b_swsc_lean\\MDK" "../05_LinService/lin_cfg.c"
	.file	3 "C:\\baidunetdiskdownload\\\346\263\260\347\237\275\345\276\256\\\346\260\233\345\233\264\347\201\257\\TCPL0X_AUTO_SDK_V2.0.0\\TCPL0X_AUTO_SDK_V2.0.0\\examples\\tcpl04x\\demo_apps\\tcpl04b_swsc_lean\\MDK" "../05_LinService/lin.h"
	.file	4 "C:\\baidunetdiskdownload\\\346\263\260\347\237\275\345\276\256\\\346\260\233\345\233\264\347\201\257\\TCPL0X_AUTO_SDK_V2.0.0\\TCPL0X_AUTO_SDK_V2.0.0\\examples\\tcpl04x\\demo_apps\\tcpl04b_swsc_lean\\MDK" "../05_LinService/lin_cfg.h"
	.section	.text.ld_read_by_id_callout,"ax",%progbits
	.hidden	ld_read_by_id_callout           @ -- Begin function ld_read_by_id_callout
	.globl	ld_read_by_id_callout
	.p2align	1
	.type	ld_read_by_id_callout,%function
	.code	16                              @ @ld_read_by_id_callout
	.thumb_func
ld_read_by_id_callout:
.Lfunc_begin0:
	.fnstart
	.cfi_sections .debug_frame
	.cfi_startproc
@ %bb.0:
	@DEBUG_VALUE: ld_read_by_id_callout:id <- $r0
	@DEBUG_VALUE: ld_read_by_id_callout:data <- $r1
	@DEBUG_VALUE: ld_read_by_id_callout:retval <- 83
	.loc	2 184 9 prologue_end            @ ../05_LinService/lin_cfg.c:184:9
	cmp	r0, #32
	bne	.LBB0_2
.Ltmp0:
@ %bb.1:
	@DEBUG_VALUE: ld_read_by_id_callout:retval <- 83
	@DEBUG_VALUE: ld_read_by_id_callout:data <- $r1
	@DEBUG_VALUE: ld_read_by_id_callout:id <- $r0
	.loc	2 0 9 is_stmt 0                 @ ../05_LinService/lin_cfg.c:0:9
	movs	r0, #37
.Ltmp1:
	@DEBUG_VALUE: ld_read_by_id_callout:id <- [DW_OP_LLVM_entry_value 1] $r0
	.loc	2 191 17 is_stmt 1              @ ../05_LinService/lin_cfg.c:191:17
	strb	r0, [r1, #4]
	movs	r0, #36
	.loc	2 190 17                        @ ../05_LinService/lin_cfg.c:190:17
	strb	r0, [r1, #3]
	movs	r0, #35
	.loc	2 189 17                        @ ../05_LinService/lin_cfg.c:189:17
	strb	r0, [r1, #2]
	movs	r0, #34
	.loc	2 188 17                        @ ../05_LinService/lin_cfg.c:188:17
	strb	r0, [r1, #1]
	movs	r0, #33
	.loc	2 187 17                        @ ../05_LinService/lin_cfg.c:187:17
	strb	r0, [r1]
	movs	r0, #84
.Ltmp2:
	@DEBUG_VALUE: ld_read_by_id_callout:retval <- 84
	@DEBUG_VALUE: ld_read_by_id_callout:retval <- $r0
	.loc	2 199 5                         @ ../05_LinService/lin_cfg.c:199:5
	bx	lr
.Ltmp3:
.LBB0_2:
	@DEBUG_VALUE: ld_read_by_id_callout:retval <- 83
	@DEBUG_VALUE: ld_read_by_id_callout:data <- $r1
	@DEBUG_VALUE: ld_read_by_id_callout:id <- $r0
	.loc	2 0 5 is_stmt 0                 @ ../05_LinService/lin_cfg.c:0:5
	movs	r0, #83
.Ltmp4:
	@DEBUG_VALUE: ld_read_by_id_callout:id <- [DW_OP_LLVM_entry_value 1] $r0
	@DEBUG_VALUE: ld_read_by_id_callout:retval <- $r0
	.loc	2 199 5                         @ ../05_LinService/lin_cfg.c:199:5
	bx	lr
.Ltmp5:
.Lfunc_end0:
	.size	ld_read_by_id_callout, .Lfunc_end0-ld_read_by_id_callout
	.cfi_endproc
	.cantunwind
	.fnend
                                        @ -- End function
	.hidden	lin_virtual_ifc                 @ @lin_virtual_ifc
	.type	lin_virtual_ifc,%object
	.section	.rodata.lin_virtual_ifc,"a",%progbits
	.globl	lin_virtual_ifc
lin_virtual_ifc:
	.byte	0                               @ 0x0
	.size	lin_virtual_ifc, 1

	.hidden	lin_save_configuration_flg      @ @lin_save_configuration_flg
	.type	lin_save_configuration_flg,%object
	.section	.bss.lin_save_configuration_flg,"aw",%nobits
	.globl	lin_save_configuration_flg
lin_save_configuration_flg:
	.byte	0                               @ 0x0
	.size	lin_save_configuration_flg, 1

	.hidden	LI0_response_error_signal       @ @LI0_response_error_signal
	.type	LI0_response_error_signal,%object
	.section	.rodata.LI0_response_error_signal,"a",%progbits
	.globl	LI0_response_error_signal
LI0_response_error_signal:
	.byte	15                              @ 0xf
	.size	LI0_response_error_signal, 1

	.hidden	lin_pFrameBuf                   @ @lin_pFrameBuf
	.type	lin_pFrameBuf,%object
	.section	.data.lin_pFrameBuf,"aw",%progbits
	.globl	lin_pFrameBuf
lin_pFrameBuf:
	.ascii	"\001\000\341\000\000\000\000\000\300"
	.size	lin_pFrameBuf, 9

	.hidden	lin_flag_handle_tbl             @ @lin_flag_handle_tbl
	.type	lin_flag_handle_tbl,%object
	.section	.data.lin_flag_handle_tbl,"aw",%progbits
	.globl	lin_flag_handle_tbl
lin_flag_handle_tbl:
	.zero	3,255
	.size	lin_flag_handle_tbl, 3

	.hidden	lin_frame_tbl                   @ @lin_frame_tbl
	.type	lin_frame_tbl,%object
	.section	.rodata.lin_frame_tbl,"a",%progbits
	.globl	lin_frame_tbl
	.p2align	2, 0x0
lin_frame_tbl:
	.byte	0                               @ 0x0
	.byte	8                               @ 0x8
	.byte	16                              @ 0x10
	.zero	1
	.short	0                               @ 0x0
	.short	0                               @ 0x0
	.byte	2                               @ 0x2
	.zero	3
	.long	0
	.byte	0                               @ 0x0
	.byte	1                               @ 0x1
	.byte	1                               @ 0x1
	.zero	1
	.short	8                               @ 0x8
	.short	2                               @ 0x2
	.byte	1                               @ 0x1
	.zero	3
	.long	LI0_response_error_signal
	.byte	17                              @ 0x11
	.byte	8                               @ 0x8
	.byte	16                              @ 0x10
	.zero	1
	.short	0                               @ 0x0
	.short	0                               @ 0x0
	.byte	0                               @ 0x0
	.zero	3
	.long	0
	.byte	17                              @ 0x11
	.byte	8                               @ 0x8
	.byte	1                               @ 0x1
	.zero	1
	.short	0                               @ 0x0
	.short	0                               @ 0x0
	.byte	0                               @ 0x0
	.zero	3
	.long	0
	.size	lin_frame_tbl, 64

	.hidden	lin_frame_flag_tbl              @ @lin_frame_flag_tbl
	.type	lin_frame_flag_tbl,%object
	.section	.bss.lin_frame_flag_tbl,"aw",%nobits
	.globl	lin_frame_flag_tbl
lin_frame_flag_tbl:
	.zero	4
	.size	lin_frame_flag_tbl, 4

	.hidden	lin_frame_updating_flag_tbl     @ @lin_frame_updating_flag_tbl
	.type	lin_frame_updating_flag_tbl,%object
	.section	.bss.lin_frame_updating_flag_tbl,"aw",%nobits
	.globl	lin_frame_updating_flag_tbl
lin_frame_updating_flag_tbl:
	.zero	4
	.size	lin_frame_updating_flag_tbl, 4

	.hidden	lin_max_frame_res_timeout_val   @ @lin_max_frame_res_timeout_val
	.type	lin_max_frame_res_timeout_val,%object
	.section	.rodata.lin_max_frame_res_timeout_val,"a",%progbits
	.globl	lin_max_frame_res_timeout_val
	.p2align	1, 0x0
lin_max_frame_res_timeout_val:
	.short	4                               @ 0x4
	.short	5                               @ 0x5
	.short	6                               @ 0x6
	.short	7                               @ 0x7
	.short	7                               @ 0x7
	.short	8                               @ 0x8
	.short	9                               @ 0x9
	.short	10                              @ 0xa
	.size	lin_max_frame_res_timeout_val, 16

	.hidden	lin_configuration_RAM           @ @lin_configuration_RAM
	.type	lin_configuration_RAM,%object
	.section	.data.lin_configuration_RAM,"aw",%progbits
	.globl	lin_configuration_RAM
lin_configuration_RAM:
	.ascii	"\000\003\004<=\377"
	.size	lin_configuration_RAM, 6

	.hidden	lin_configuration_ROM           @ @lin_configuration_ROM
	.type	lin_configuration_ROM,%object
	.section	.rodata.lin_configuration_ROM,"a",%progbits
	.globl	lin_configuration_ROM
	.p2align	1, 0x0
lin_configuration_ROM:
	.short	0                               @ 0x0
	.short	3                               @ 0x3
	.short	4                               @ 0x4
	.short	60                              @ 0x3c
	.short	61                              @ 0x3d
	.short	65535                           @ 0xffff
	.size	lin_configuration_ROM, 12

	.hidden	lin_configured_NAD              @ @lin_configured_NAD
	.type	lin_configured_NAD,%object
	.section	.data.lin_configured_NAD,"aw",%progbits
	.globl	lin_configured_NAD
lin_configured_NAD:
	.byte	1                               @ 0x1
	.size	lin_configured_NAD, 1

	.hidden	lin_initial_NAD                 @ @lin_initial_NAD
	.type	lin_initial_NAD,%object
	.section	.rodata.lin_initial_NAD,"a",%progbits
	.globl	lin_initial_NAD
lin_initial_NAD:
	.byte	1                               @ 0x1
	.size	lin_initial_NAD, 1

	.hidden	product_id                      @ @product_id
	.type	product_id,%object
	.section	.rodata.product_id,"a",%progbits
	.globl	product_id
	.p2align	1, 0x0
product_id:
	.short	0                               @ 0x0
	.short	0                               @ 0x0
	.byte	255                             @ 0xff
	.zero	1
	.size	product_id, 6

	.hidden	response_error                  @ @response_error
	.type	response_error,%object
	.section	.rodata.response_error,"a",%progbits
	.globl	response_error
response_error:
	.byte	15                              @ 0xf
	.size	response_error, 1

	.hidden	num_frame_have_esignal          @ @num_frame_have_esignal
	.type	num_frame_have_esignal,%object
	.section	.rodata.num_frame_have_esignal,"a",%progbits
	.globl	num_frame_have_esignal
num_frame_have_esignal:
	.byte	1                               @ 0x1
	.size	num_frame_have_esignal, 1

	.hidden	lin_response_error_byte_offset  @ @lin_response_error_byte_offset
	.type	lin_response_error_byte_offset,%object
	.section	.rodata.lin_response_error_byte_offset,"a",%progbits
	.globl	lin_response_error_byte_offset
	.p2align	1, 0x0
lin_response_error_byte_offset:
	.short	8                               @ 0x8
	.size	lin_response_error_byte_offset, 2

	.hidden	lin_response_error_bit_offset   @ @lin_response_error_bit_offset
	.type	lin_response_error_bit_offset,%object
	.section	.rodata.lin_response_error_bit_offset,"a",%progbits
	.globl	lin_response_error_bit_offset
lin_response_error_bit_offset:
	.byte	5
	.size	lin_response_error_bit_offset, 1

	.hidden	tl_tx_queue_data                @ @tl_tx_queue_data
	.type	tl_tx_queue_data,%object
	.section	.bss.tl_tx_queue_data,"aw",%nobits
	.globl	tl_tx_queue_data
tl_tx_queue_data:
	.zero	56
	.size	tl_tx_queue_data, 56

	.hidden	lin_tl_tx_queue                 @ @lin_tl_tx_queue
	.type	lin_tl_tx_queue,%object
	.section	.data.lin_tl_tx_queue,"aw",%progbits
	.globl	lin_tl_tx_queue
	.p2align	2, 0x0
lin_tl_tx_queue:
	.short	0                               @ 0x0
	.short	0                               @ 0x0
	.byte	5                               @ 0x5
	.zero	1
	.short	0                               @ 0x0
	.short	7                               @ 0x7
	.zero	2
	.long	tl_tx_queue_data
	.size	lin_tl_tx_queue, 16

	.hidden	tl_rx_queue_data                @ @tl_rx_queue_data
	.type	tl_rx_queue_data,%object
	.section	.bss.tl_rx_queue_data,"aw",%nobits
	.globl	tl_rx_queue_data
tl_rx_queue_data:
	.zero	56
	.size	tl_rx_queue_data, 56

	.hidden	lin_tl_rx_queue                 @ @lin_tl_rx_queue
	.type	lin_tl_rx_queue,%object
	.section	.data.lin_tl_rx_queue,"aw",%progbits
	.globl	lin_tl_rx_queue
	.p2align	2, 0x0
lin_tl_rx_queue:
	.short	0                               @ 0x0
	.short	0                               @ 0x0
	.byte	5                               @ 0x5
	.zero	1
	.short	0                               @ 0x0
	.short	7                               @ 0x7
	.zero	2
	.long	tl_rx_queue_data
	.size	lin_tl_rx_queue, 16

	.hidden	tl_diag_state                   @ @tl_diag_state
	.type	tl_diag_state,%object
	.section	.bss.tl_diag_state,"aw",%nobits
	.globl	tl_diag_state
tl_diag_state:
	.byte	0                               @ 0x0
	.size	tl_diag_state, 1

	.hidden	tl_service_status               @ @tl_service_status
	.type	tl_service_status,%object
	.section	.data.tl_service_status,"aw",%progbits
	.globl	tl_service_status
tl_service_status:
	.byte	2                               @ 0x2
	.size	tl_service_status, 1

	.hidden	lin_diag_services_supported     @ @lin_diag_services_supported
	.type	lin_diag_services_supported,%object
	.section	.rodata.lin_diag_services_supported,"a",%progbits
	.globl	lin_diag_services_supported
lin_diag_services_supported:
	.ascii	"\021\260\261\262\263\264\265\266\267\272\273"
	.size	lin_diag_services_supported, 11

	.hidden	lin_diag_services_flag          @ @lin_diag_services_flag
	.type	lin_diag_services_flag,%object
	.section	.bss.lin_diag_services_flag,"aw",%nobits
	.globl	lin_diag_services_flag
lin_diag_services_flag:
	.zero	11
	.size	lin_diag_services_flag, 11

	.hidden	tl_slaveresp_cnt                @ @tl_slaveresp_cnt
	.type	tl_slaveresp_cnt,%object
	.section	.bss.tl_slaveresp_cnt,"aw",%nobits
	.globl	tl_slaveresp_cnt
tl_slaveresp_cnt:
	.byte	0                               @ 0x0
	.size	tl_slaveresp_cnt, 1

	.hidden	lin_lld_response_buffer         @ @lin_lld_response_buffer
	.type	lin_lld_response_buffer,%object
	.section	.bss.lin_lld_response_buffer,"aw",%nobits
	.globl	lin_lld_response_buffer
lin_lld_response_buffer:
	.zero	10
	.size	lin_lld_response_buffer, 10

	.hidden	lin_successful_transfer         @ @lin_successful_transfer
	.type	lin_successful_transfer,%object
	.section	.bss.lin_successful_transfer,"aw",%nobits
	.globl	lin_successful_transfer
lin_successful_transfer:
	.byte	0                               @ 0x0
	.size	lin_successful_transfer, 1

	.hidden	lin_error_in_response           @ @lin_error_in_response
	.type	lin_error_in_response,%object
	.section	.bss.lin_error_in_response,"aw",%nobits
	.globl	lin_error_in_response
lin_error_in_response:
	.byte	0                               @ 0x0
	.size	lin_error_in_response, 1

	.hidden	lin_goto_sleep_flg              @ @lin_goto_sleep_flg
	.type	lin_goto_sleep_flg,%object
	.section	.bss.lin_goto_sleep_flg,"aw",%nobits
	.globl	lin_goto_sleep_flg
lin_goto_sleep_flg:
	.byte	0                               @ 0x0
	.size	lin_goto_sleep_flg, 1

	.hidden	lin_word_status                 @ @lin_word_status
	.type	lin_word_status,%object
	.section	.bss.lin_word_status,"aw",%nobits
	.globl	lin_word_status
	.p2align	1, 0x0
lin_word_status:
	.zero	2
	.size	lin_word_status, 2

	.hidden	lin_current_pid                 @ @lin_current_pid
	.type	lin_current_pid,%object
	.section	.bss.lin_current_pid,"aw",%nobits
	.globl	lin_current_pid
lin_current_pid:
	.byte	0                               @ 0x0
	.size	lin_current_pid, 1

	.hidden	buffer_backup_data              @ @buffer_backup_data
	.type	buffer_backup_data,%object
	.section	.bss.buffer_backup_data,"aw",%nobits
	.globl	buffer_backup_data
buffer_backup_data:
	.zero	8
	.size	buffer_backup_data, 8

	.hidden	lin_diag_signal_tbl             @ @lin_diag_signal_tbl
	.type	lin_diag_signal_tbl,%object
	.section	.bss.lin_diag_signal_tbl,"aw",%nobits
	.globl	lin_diag_signal_tbl
lin_diag_signal_tbl:
	.zero	16
	.size	lin_diag_signal_tbl, 16

	.hidden	tl_rx_msg_index                 @ @tl_rx_msg_index
	.type	tl_rx_msg_index,%object
	.section	.bss.tl_rx_msg_index,"aw",%nobits
	.globl	tl_rx_msg_index
	.p2align	1, 0x0
tl_rx_msg_index:
	.short	0                               @ 0x0
	.size	tl_rx_msg_index, 2

	.hidden	tl_rx_msg_size                  @ @tl_rx_msg_size
	.type	tl_rx_msg_size,%object
	.section	.bss.tl_rx_msg_size,"aw",%nobits
	.globl	tl_rx_msg_size
	.p2align	1, 0x0
tl_rx_msg_size:
	.short	0                               @ 0x0
	.size	tl_rx_msg_size, 2

	.hidden	tl_tx_msg_index                 @ @tl_tx_msg_index
	.type	tl_tx_msg_index,%object
	.section	.bss.tl_tx_msg_index,"aw",%nobits
	.globl	tl_tx_msg_index
	.p2align	1, 0x0
tl_tx_msg_index:
	.short	0                               @ 0x0
	.size	tl_tx_msg_index, 2

	.hidden	tl_tx_msg_size                  @ @tl_tx_msg_size
	.type	tl_tx_msg_size,%object
	.section	.bss.tl_tx_msg_size,"aw",%nobits
	.globl	tl_tx_msg_size
	.p2align	1, 0x0
tl_tx_msg_size:
	.short	0                               @ 0x0
	.size	tl_tx_msg_size, 2

	.hidden	tl_last_cfg_result              @ @tl_last_cfg_result
	.type	tl_last_cfg_result,%object
	.section	.bss.tl_last_cfg_result,"aw",%nobits
	.globl	tl_last_cfg_result
tl_last_cfg_result:
	.byte	0                               @ 0x0
	.size	tl_last_cfg_result, 1

	.hidden	tl_last_RSID                    @ @tl_last_RSID
	.type	tl_last_RSID,%object
	.section	.bss.tl_last_RSID,"aw",%nobits
	.globl	tl_last_RSID
tl_last_RSID:
	.byte	0                               @ 0x0
	.size	tl_last_RSID, 1

	.hidden	tl_ld_error_code                @ @tl_ld_error_code
	.type	tl_ld_error_code,%object
	.section	.bss.tl_ld_error_code,"aw",%nobits
	.globl	tl_ld_error_code
tl_ld_error_code:
	.byte	0                               @ 0x0
	.size	tl_ld_error_code, 1

	.hidden	tl_no_of_pdu                    @ @tl_no_of_pdu
	.type	tl_no_of_pdu,%object
	.section	.bss.tl_no_of_pdu,"aw",%nobits
	.globl	tl_no_of_pdu
tl_no_of_pdu:
	.byte	0                               @ 0x0
	.size	tl_no_of_pdu, 1

	.hidden	tl_frame_counter                @ @tl_frame_counter
	.type	tl_frame_counter,%object
	.section	.bss.tl_frame_counter,"aw",%nobits
	.globl	tl_frame_counter
tl_frame_counter:
	.byte	0                               @ 0x0
	.size	tl_frame_counter, 1

	.hidden	tl_check_timeout_type           @ @tl_check_timeout_type
	.type	tl_check_timeout_type,%object
	.section	.bss.tl_check_timeout_type,"aw",%nobits
	.globl	tl_check_timeout_type
tl_check_timeout_type:
	.byte	0                               @ 0x0
	.size	tl_check_timeout_type, 1

	.hidden	tl_check_timeout                @ @tl_check_timeout
	.type	tl_check_timeout,%object
	.section	.bss.tl_check_timeout,"aw",%nobits
	.globl	tl_check_timeout
	.p2align	1, 0x0
tl_check_timeout:
	.short	0                               @ 0x0
	.size	tl_check_timeout, 2

	.hidden	tl_ident_data                   @ @tl_ident_data
	.type	tl_ident_data,%object
	.section	.bss.tl_ident_data,"aw",%nobits
	.globl	tl_ident_data
	.p2align	2, 0x0
tl_ident_data:
	.long	0
	.size	tl_ident_data, 4

	.hidden	tl_receive_msg_status           @ @tl_receive_msg_status
	.type	tl_receive_msg_status,%object
	.section	.bss.tl_receive_msg_status,"aw",%nobits
	.globl	tl_receive_msg_status
tl_receive_msg_status:
	.byte	0                               @ 0x0
	.size	tl_receive_msg_status, 1

	.hidden	tl_rx_msg_status                @ @tl_rx_msg_status
	.type	tl_rx_msg_status,%object
	.section	.bss.tl_rx_msg_status,"aw",%nobits
	.globl	tl_rx_msg_status
tl_rx_msg_status:
	.byte	0                               @ 0x0
	.size	tl_rx_msg_status, 1

	.hidden	tl_tx_msg_status                @ @tl_tx_msg_status
	.type	tl_tx_msg_status,%object
	.section	.bss.tl_tx_msg_status,"aw",%nobits
	.globl	tl_tx_msg_status
tl_tx_msg_status:
	.byte	0                               @ 0x0
	.size	tl_tx_msg_status, 1

	.section	.debug_loc,"",%progbits
.Ldebug_loc0:
	.long	.Lfunc_begin0-.Lfunc_begin0
	.long	.Ltmp1-.Lfunc_begin0
	.short	1                               @ Loc expr size
	.byte	80                              @ DW_OP_reg0
	.long	.Ltmp1-.Lfunc_begin0
	.long	.Ltmp3-.Lfunc_begin0
	.short	4                               @ Loc expr size
	.byte	243                             @ DW_OP_GNU_entry_value
	.byte	1                               @ 1
	.byte	80                              @ DW_OP_reg0
	.byte	159                             @ DW_OP_stack_value
	.long	.Ltmp3-.Lfunc_begin0
	.long	.Ltmp4-.Lfunc_begin0
	.short	1                               @ Loc expr size
	.byte	80                              @ DW_OP_reg0
	.long	.Ltmp4-.Lfunc_begin0
	.long	.Lfunc_end0-.Lfunc_begin0
	.short	4                               @ Loc expr size
	.byte	243                             @ DW_OP_GNU_entry_value
	.byte	1                               @ 1
	.byte	80                              @ DW_OP_reg0
	.byte	159                             @ DW_OP_stack_value
	.long	0
	.long	0
.Ldebug_loc1:
	.long	.Lfunc_begin0-.Lfunc_begin0
	.long	.Ltmp2-.Lfunc_begin0
	.short	3                               @ Loc expr size
	.byte	16                              @ DW_OP_constu
	.byte	83                              @ 83
	.byte	159                             @ DW_OP_stack_value
	.long	.Ltmp2-.Lfunc_begin0
	.long	.Ltmp3-.Lfunc_begin0
	.short	1                               @ Loc expr size
	.byte	80                              @ DW_OP_reg0
	.long	.Ltmp3-.Lfunc_begin0
	.long	.Ltmp4-.Lfunc_begin0
	.short	3                               @ Loc expr size
	.byte	16                              @ DW_OP_constu
	.byte	83                              @ 83
	.byte	159                             @ DW_OP_stack_value
	.long	.Ltmp4-.Lfunc_begin0
	.long	.Lfunc_end0-.Lfunc_begin0
	.short	1                               @ Loc expr size
	.byte	80                              @ DW_OP_reg0
	.long	0
	.long	0
	.section	.debug_abbrev,"",%progbits
	.byte	1                               @ Abbreviation Code
	.byte	17                              @ DW_TAG_compile_unit
	.byte	1                               @ DW_CHILDREN_yes
	.byte	37                              @ DW_AT_producer
	.byte	14                              @ DW_FORM_strp
	.byte	19                              @ DW_AT_language
	.byte	5                               @ DW_FORM_data2
	.byte	3                               @ DW_AT_name
	.byte	14                              @ DW_FORM_strp
	.byte	16                              @ DW_AT_stmt_list
	.byte	23                              @ DW_FORM_sec_offset
	.byte	27                              @ DW_AT_comp_dir
	.byte	14                              @ DW_FORM_strp
	.byte	17                              @ DW_AT_low_pc
	.byte	1                               @ DW_FORM_addr
	.byte	18                              @ DW_AT_high_pc
	.byte	6                               @ DW_FORM_data4
	.byte	0                               @ EOM(1)
	.byte	0                               @ EOM(2)
	.byte	2                               @ Abbreviation Code
	.byte	52                              @ DW_TAG_variable
	.byte	0                               @ DW_CHILDREN_no
	.byte	3                               @ DW_AT_name
	.byte	14                              @ DW_FORM_strp
	.byte	73                              @ DW_AT_type
	.byte	19                              @ DW_FORM_ref4
	.byte	63                              @ DW_AT_external
	.byte	25                              @ DW_FORM_flag_present
	.byte	58                              @ DW_AT_decl_file
	.byte	11                              @ DW_FORM_data1
	.byte	59                              @ DW_AT_decl_line
	.byte	11                              @ DW_FORM_data1
	.byte	2                               @ DW_AT_location
	.byte	24                              @ DW_FORM_exprloc
	.byte	0                               @ EOM(1)
	.byte	0                               @ EOM(2)
	.byte	3                               @ Abbreviation Code
	.byte	38                              @ DW_TAG_const_type
	.byte	0                               @ DW_CHILDREN_no
	.byte	73                              @ DW_AT_type
	.byte	19                              @ DW_FORM_ref4
	.byte	0                               @ EOM(1)
	.byte	0                               @ EOM(2)
	.byte	4                               @ Abbreviation Code
	.byte	22                              @ DW_TAG_typedef
	.byte	0                               @ DW_CHILDREN_no
	.byte	73                              @ DW_AT_type
	.byte	19                              @ DW_FORM_ref4
	.byte	3                               @ DW_AT_name
	.byte	14                              @ DW_FORM_strp
	.byte	58                              @ DW_AT_decl_file
	.byte	11                              @ DW_FORM_data1
	.byte	59                              @ DW_AT_decl_line
	.byte	11                              @ DW_FORM_data1
	.byte	0                               @ EOM(1)
	.byte	0                               @ EOM(2)
	.byte	5                               @ Abbreviation Code
	.byte	4                               @ DW_TAG_enumeration_type
	.byte	1                               @ DW_CHILDREN_yes
	.byte	73                              @ DW_AT_type
	.byte	19                              @ DW_FORM_ref4
	.byte	11                              @ DW_AT_byte_size
	.byte	11                              @ DW_FORM_data1
	.byte	58                              @ DW_AT_decl_file
	.byte	11                              @ DW_FORM_data1
	.byte	59                              @ DW_AT_decl_line
	.byte	11                              @ DW_FORM_data1
	.byte	0                               @ EOM(1)
	.byte	0                               @ EOM(2)
	.byte	6                               @ Abbreviation Code
	.byte	40                              @ DW_TAG_enumerator
	.byte	0                               @ DW_CHILDREN_no
	.byte	3                               @ DW_AT_name
	.byte	14                              @ DW_FORM_strp
	.byte	28                              @ DW_AT_const_value
	.byte	15                              @ DW_FORM_udata
	.byte	0                               @ EOM(1)
	.byte	0                               @ EOM(2)
	.byte	7                               @ Abbreviation Code
	.byte	36                              @ DW_TAG_base_type
	.byte	0                               @ DW_CHILDREN_no
	.byte	3                               @ DW_AT_name
	.byte	14                              @ DW_FORM_strp
	.byte	62                              @ DW_AT_encoding
	.byte	11                              @ DW_FORM_data1
	.byte	11                              @ DW_AT_byte_size
	.byte	11                              @ DW_FORM_data1
	.byte	0                               @ EOM(1)
	.byte	0                               @ EOM(2)
	.byte	8                               @ Abbreviation Code
	.byte	1                               @ DW_TAG_array_type
	.byte	1                               @ DW_CHILDREN_yes
	.byte	73                              @ DW_AT_type
	.byte	19                              @ DW_FORM_ref4
	.byte	0                               @ EOM(1)
	.byte	0                               @ EOM(2)
	.byte	9                               @ Abbreviation Code
	.byte	33                              @ DW_TAG_subrange_type
	.byte	0                               @ DW_CHILDREN_no
	.byte	73                              @ DW_AT_type
	.byte	19                              @ DW_FORM_ref4
	.byte	55                              @ DW_AT_count
	.byte	11                              @ DW_FORM_data1
	.byte	0                               @ EOM(1)
	.byte	0                               @ EOM(2)
	.byte	10                              @ Abbreviation Code
	.byte	36                              @ DW_TAG_base_type
	.byte	0                               @ DW_CHILDREN_no
	.byte	3                               @ DW_AT_name
	.byte	14                              @ DW_FORM_strp
	.byte	11                              @ DW_AT_byte_size
	.byte	11                              @ DW_FORM_data1
	.byte	62                              @ DW_AT_encoding
	.byte	11                              @ DW_FORM_data1
	.byte	0                               @ EOM(1)
	.byte	0                               @ EOM(2)
	.byte	11                              @ Abbreviation Code
	.byte	22                              @ DW_TAG_typedef
	.byte	0                               @ DW_CHILDREN_no
	.byte	73                              @ DW_AT_type
	.byte	19                              @ DW_FORM_ref4
	.byte	3                               @ DW_AT_name
	.byte	14                              @ DW_FORM_strp
	.byte	58                              @ DW_AT_decl_file
	.byte	11                              @ DW_FORM_data1
	.byte	59                              @ DW_AT_decl_line
	.byte	5                               @ DW_FORM_data2
	.byte	0                               @ EOM(1)
	.byte	0                               @ EOM(2)
	.byte	12                              @ Abbreviation Code
	.byte	19                              @ DW_TAG_structure_type
	.byte	1                               @ DW_CHILDREN_yes
	.byte	11                              @ DW_AT_byte_size
	.byte	11                              @ DW_FORM_data1
	.byte	58                              @ DW_AT_decl_file
	.byte	11                              @ DW_FORM_data1
	.byte	59                              @ DW_AT_decl_line
	.byte	5                               @ DW_FORM_data2
	.byte	0                               @ EOM(1)
	.byte	0                               @ EOM(2)
	.byte	13                              @ Abbreviation Code
	.byte	13                              @ DW_TAG_member
	.byte	0                               @ DW_CHILDREN_no
	.byte	3                               @ DW_AT_name
	.byte	14                              @ DW_FORM_strp
	.byte	73                              @ DW_AT_type
	.byte	19                              @ DW_FORM_ref4
	.byte	58                              @ DW_AT_decl_file
	.byte	11                              @ DW_FORM_data1
	.byte	59                              @ DW_AT_decl_line
	.byte	5                               @ DW_FORM_data2
	.byte	56                              @ DW_AT_data_member_location
	.byte	11                              @ DW_FORM_data1
	.byte	0                               @ EOM(1)
	.byte	0                               @ EOM(2)
	.byte	14                              @ Abbreviation Code
	.byte	4                               @ DW_TAG_enumeration_type
	.byte	1                               @ DW_CHILDREN_yes
	.byte	73                              @ DW_AT_type
	.byte	19                              @ DW_FORM_ref4
	.byte	11                              @ DW_AT_byte_size
	.byte	11                              @ DW_FORM_data1
	.byte	58                              @ DW_AT_decl_file
	.byte	11                              @ DW_FORM_data1
	.byte	59                              @ DW_AT_decl_line
	.byte	5                               @ DW_FORM_data2
	.byte	0                               @ EOM(1)
	.byte	0                               @ EOM(2)
	.byte	15                              @ Abbreviation Code
	.byte	15                              @ DW_TAG_pointer_type
	.byte	0                               @ DW_CHILDREN_no
	.byte	73                              @ DW_AT_type
	.byte	19                              @ DW_FORM_ref4
	.byte	0                               @ EOM(1)
	.byte	0                               @ EOM(2)
	.byte	16                              @ Abbreviation Code
	.byte	53                              @ DW_TAG_volatile_type
	.byte	0                               @ DW_CHILDREN_no
	.byte	73                              @ DW_AT_type
	.byte	19                              @ DW_FORM_ref4
	.byte	0                               @ EOM(1)
	.byte	0                               @ EOM(2)
	.byte	17                              @ Abbreviation Code
	.byte	23                              @ DW_TAG_union_type
	.byte	1                               @ DW_CHILDREN_yes
	.byte	3                               @ DW_AT_name
	.byte	14                              @ DW_FORM_strp
	.byte	11                              @ DW_AT_byte_size
	.byte	11                              @ DW_FORM_data1
	.byte	58                              @ DW_AT_decl_file
	.byte	11                              @ DW_FORM_data1
	.byte	59                              @ DW_AT_decl_line
	.byte	5                               @ DW_FORM_data2
	.byte	0                               @ EOM(1)
	.byte	0                               @ EOM(2)
	.byte	18                              @ Abbreviation Code
	.byte	13                              @ DW_TAG_member
	.byte	0                               @ DW_CHILDREN_no
	.byte	3                               @ DW_AT_name
	.byte	14                              @ DW_FORM_strp
	.byte	73                              @ DW_AT_type
	.byte	19                              @ DW_FORM_ref4
	.byte	58                              @ DW_AT_decl_file
	.byte	11                              @ DW_FORM_data1
	.byte	59                              @ DW_AT_decl_line
	.byte	5                               @ DW_FORM_data2
	.byte	13                              @ DW_AT_bit_size
	.byte	11                              @ DW_FORM_data1
	.byte	107                             @ DW_AT_data_bit_offset
	.byte	11                              @ DW_FORM_data1
	.byte	0                               @ EOM(1)
	.byte	0                               @ EOM(2)
	.byte	19                              @ Abbreviation Code
	.byte	46                              @ DW_TAG_subprogram
	.byte	1                               @ DW_CHILDREN_yes
	.byte	17                              @ DW_AT_low_pc
	.byte	1                               @ DW_FORM_addr
	.byte	18                              @ DW_AT_high_pc
	.byte	6                               @ DW_FORM_data4
	.byte	64                              @ DW_AT_frame_base
	.byte	24                              @ DW_FORM_exprloc
	.ascii	"\227B"                         @ DW_AT_GNU_all_call_sites
	.byte	25                              @ DW_FORM_flag_present
	.byte	3                               @ DW_AT_name
	.byte	14                              @ DW_FORM_strp
	.byte	58                              @ DW_AT_decl_file
	.byte	11                              @ DW_FORM_data1
	.byte	59                              @ DW_AT_decl_line
	.byte	11                              @ DW_FORM_data1
	.byte	39                              @ DW_AT_prototyped
	.byte	25                              @ DW_FORM_flag_present
	.byte	73                              @ DW_AT_type
	.byte	19                              @ DW_FORM_ref4
	.byte	63                              @ DW_AT_external
	.byte	25                              @ DW_FORM_flag_present
	.byte	0                               @ EOM(1)
	.byte	0                               @ EOM(2)
	.byte	20                              @ Abbreviation Code
	.byte	5                               @ DW_TAG_formal_parameter
	.byte	0                               @ DW_CHILDREN_no
	.byte	2                               @ DW_AT_location
	.byte	23                              @ DW_FORM_sec_offset
	.byte	3                               @ DW_AT_name
	.byte	14                              @ DW_FORM_strp
	.byte	58                              @ DW_AT_decl_file
	.byte	11                              @ DW_FORM_data1
	.byte	59                              @ DW_AT_decl_line
	.byte	11                              @ DW_FORM_data1
	.byte	73                              @ DW_AT_type
	.byte	19                              @ DW_FORM_ref4
	.byte	0                               @ EOM(1)
	.byte	0                               @ EOM(2)
	.byte	21                              @ Abbreviation Code
	.byte	5                               @ DW_TAG_formal_parameter
	.byte	0                               @ DW_CHILDREN_no
	.byte	2                               @ DW_AT_location
	.byte	24                              @ DW_FORM_exprloc
	.byte	3                               @ DW_AT_name
	.byte	14                              @ DW_FORM_strp
	.byte	58                              @ DW_AT_decl_file
	.byte	11                              @ DW_FORM_data1
	.byte	59                              @ DW_AT_decl_line
	.byte	11                              @ DW_FORM_data1
	.byte	73                              @ DW_AT_type
	.byte	19                              @ DW_FORM_ref4
	.byte	0                               @ EOM(1)
	.byte	0                               @ EOM(2)
	.byte	22                              @ Abbreviation Code
	.byte	52                              @ DW_TAG_variable
	.byte	0                               @ DW_CHILDREN_no
	.byte	2                               @ DW_AT_location
	.byte	23                              @ DW_FORM_sec_offset
	.byte	3                               @ DW_AT_name
	.byte	14                              @ DW_FORM_strp
	.byte	58                              @ DW_AT_decl_file
	.byte	11                              @ DW_FORM_data1
	.byte	59                              @ DW_AT_decl_line
	.byte	11                              @ DW_FORM_data1
	.byte	73                              @ DW_AT_type
	.byte	19                              @ DW_FORM_ref4
	.byte	0                               @ EOM(1)
	.byte	0                               @ EOM(2)
	.byte	0                               @ EOM(3)
	.section	.debug_info,"",%progbits
.Lcu_begin0:
	.long	.Ldebug_info_end0-.Ldebug_info_start0 @ Length of Unit
.Ldebug_info_start0:
	.short	4                               @ DWARF version number
	.long	.debug_abbrev                   @ Offset Into Abbrev. Section
	.byte	4                               @ Address Size (in bytes)
	.byte	1                               @ Abbrev [1] 0xb:0x8f5 DW_TAG_compile_unit
	.long	.Linfo_string0                  @ DW_AT_producer
	.short	12                              @ DW_AT_language
	.long	.Linfo_string1                  @ DW_AT_name
	.long	.Lline_table_start0             @ DW_AT_stmt_list
	.long	.Linfo_string2                  @ DW_AT_comp_dir
	.long	.Lfunc_begin0                   @ DW_AT_low_pc
	.long	.Lfunc_end0-.Lfunc_begin0       @ DW_AT_high_pc
	.byte	2                               @ Abbrev [2] 0x26:0x11 DW_TAG_variable
	.long	.Linfo_string3                  @ DW_AT_name
	.long	55                              @ DW_AT_type
                                        @ DW_AT_external
	.byte	2                               @ DW_AT_decl_file
	.byte	11                              @ DW_AT_decl_line
	.byte	5                               @ DW_AT_location
	.byte	3
	.long	lin_virtual_ifc
	.byte	3                               @ Abbrev [3] 0x37:0x5 DW_TAG_const_type
	.long	60                              @ DW_AT_type
	.byte	4                               @ Abbrev [4] 0x3c:0xb DW_TAG_typedef
	.long	71                              @ DW_AT_type
	.long	.Linfo_string13                 @ DW_AT_name
	.byte	1                               @ DW_AT_decl_file
	.byte	22                              @ DW_AT_decl_line
	.byte	5                               @ Abbrev [5] 0x47:0x39 DW_TAG_enumeration_type
	.long	128                             @ DW_AT_type
	.byte	1                               @ DW_AT_byte_size
	.byte	1                               @ DW_AT_decl_file
	.byte	12                              @ DW_AT_decl_line
	.byte	6                               @ Abbrev [6] 0x4f:0x6 DW_TAG_enumerator
	.long	.Linfo_string5                  @ DW_AT_name
	.byte	0                               @ DW_AT_const_value
	.byte	6                               @ Abbrev [6] 0x55:0x6 DW_TAG_enumerator
	.long	.Linfo_string6                  @ DW_AT_name
	.byte	1                               @ DW_AT_const_value
	.byte	6                               @ Abbrev [6] 0x5b:0x6 DW_TAG_enumerator
	.long	.Linfo_string7                  @ DW_AT_name
	.byte	2                               @ DW_AT_const_value
	.byte	6                               @ Abbrev [6] 0x61:0x6 DW_TAG_enumerator
	.long	.Linfo_string8                  @ DW_AT_name
	.byte	3                               @ DW_AT_const_value
	.byte	6                               @ Abbrev [6] 0x67:0x6 DW_TAG_enumerator
	.long	.Linfo_string9                  @ DW_AT_name
	.byte	4                               @ DW_AT_const_value
	.byte	6                               @ Abbrev [6] 0x6d:0x6 DW_TAG_enumerator
	.long	.Linfo_string10                 @ DW_AT_name
	.byte	5                               @ DW_AT_const_value
	.byte	6                               @ Abbrev [6] 0x73:0x6 DW_TAG_enumerator
	.long	.Linfo_string11                 @ DW_AT_name
	.byte	6                               @ DW_AT_const_value
	.byte	6                               @ Abbrev [6] 0x79:0x6 DW_TAG_enumerator
	.long	.Linfo_string12                 @ DW_AT_name
	.byte	7                               @ DW_AT_const_value
	.byte	0                               @ End Of Children Mark
	.byte	7                               @ Abbrev [7] 0x80:0x7 DW_TAG_base_type
	.long	.Linfo_string4                  @ DW_AT_name
	.byte	8                               @ DW_AT_encoding
	.byte	1                               @ DW_AT_byte_size
	.byte	2                               @ Abbrev [2] 0x87:0x11 DW_TAG_variable
	.long	.Linfo_string14                 @ DW_AT_name
	.long	152                             @ DW_AT_type
                                        @ DW_AT_external
	.byte	2                               @ DW_AT_decl_file
	.byte	17                              @ DW_AT_decl_line
	.byte	5                               @ DW_AT_location
	.byte	3
	.long	lin_save_configuration_flg
	.byte	4                               @ Abbrev [4] 0x98:0xb DW_TAG_typedef
	.long	128                             @ DW_AT_type
	.long	.Linfo_string15                 @ DW_AT_name
	.byte	3                               @ DW_AT_decl_file
	.byte	40                              @ DW_AT_decl_line
	.byte	2                               @ Abbrev [2] 0xa3:0x11 DW_TAG_variable
	.long	.Linfo_string16                 @ DW_AT_name
	.long	180                             @ DW_AT_type
                                        @ DW_AT_external
	.byte	2                               @ DW_AT_decl_file
	.byte	21                              @ DW_AT_decl_line
	.byte	5                               @ DW_AT_location
	.byte	3
	.long	LI0_response_error_signal
	.byte	3                               @ Abbrev [3] 0xb4:0x5 DW_TAG_const_type
	.long	185                             @ DW_AT_type
	.byte	4                               @ Abbrev [4] 0xb9:0xb DW_TAG_typedef
	.long	196                             @ DW_AT_type
	.long	.Linfo_string33                 @ DW_AT_name
	.byte	4                               @ DW_AT_decl_file
	.byte	123                             @ DW_AT_decl_line
	.byte	5                               @ Abbrev [5] 0xc4:0x69 DW_TAG_enumeration_type
	.long	128                             @ DW_AT_type
	.byte	1                               @ DW_AT_byte_size
	.byte	4                               @ DW_AT_decl_file
	.byte	86                              @ DW_AT_decl_line
	.byte	6                               @ Abbrev [6] 0xcc:0x6 DW_TAG_enumerator
	.long	.Linfo_string17                 @ DW_AT_name
	.byte	0                               @ DW_AT_const_value
	.byte	6                               @ Abbrev [6] 0xd2:0x6 DW_TAG_enumerator
	.long	.Linfo_string18                 @ DW_AT_name
	.byte	1                               @ DW_AT_const_value
	.byte	6                               @ Abbrev [6] 0xd8:0x6 DW_TAG_enumerator
	.long	.Linfo_string19                 @ DW_AT_name
	.byte	2                               @ DW_AT_const_value
	.byte	6                               @ Abbrev [6] 0xde:0x6 DW_TAG_enumerator
	.long	.Linfo_string20                 @ DW_AT_name
	.byte	3                               @ DW_AT_const_value
	.byte	6                               @ Abbrev [6] 0xe4:0x6 DW_TAG_enumerator
	.long	.Linfo_string21                 @ DW_AT_name
	.byte	4                               @ DW_AT_const_value
	.byte	6                               @ Abbrev [6] 0xea:0x6 DW_TAG_enumerator
	.long	.Linfo_string22                 @ DW_AT_name
	.byte	5                               @ DW_AT_const_value
	.byte	6                               @ Abbrev [6] 0xf0:0x6 DW_TAG_enumerator
	.long	.Linfo_string23                 @ DW_AT_name
	.byte	6                               @ DW_AT_const_value
	.byte	6                               @ Abbrev [6] 0xf6:0x6 DW_TAG_enumerator
	.long	.Linfo_string24                 @ DW_AT_name
	.byte	7                               @ DW_AT_const_value
	.byte	6                               @ Abbrev [6] 0xfc:0x6 DW_TAG_enumerator
	.long	.Linfo_string25                 @ DW_AT_name
	.byte	8                               @ DW_AT_const_value
	.byte	6                               @ Abbrev [6] 0x102:0x6 DW_TAG_enumerator
	.long	.Linfo_string26                 @ DW_AT_name
	.byte	9                               @ DW_AT_const_value
	.byte	6                               @ Abbrev [6] 0x108:0x6 DW_TAG_enumerator
	.long	.Linfo_string27                 @ DW_AT_name
	.byte	10                              @ DW_AT_const_value
	.byte	6                               @ Abbrev [6] 0x10e:0x6 DW_TAG_enumerator
	.long	.Linfo_string28                 @ DW_AT_name
	.byte	11                              @ DW_AT_const_value
	.byte	6                               @ Abbrev [6] 0x114:0x6 DW_TAG_enumerator
	.long	.Linfo_string29                 @ DW_AT_name
	.byte	12                              @ DW_AT_const_value
	.byte	6                               @ Abbrev [6] 0x11a:0x6 DW_TAG_enumerator
	.long	.Linfo_string30                 @ DW_AT_name
	.byte	13                              @ DW_AT_const_value
	.byte	6                               @ Abbrev [6] 0x120:0x6 DW_TAG_enumerator
	.long	.Linfo_string31                 @ DW_AT_name
	.byte	14                              @ DW_AT_const_value
	.byte	6                               @ Abbrev [6] 0x126:0x6 DW_TAG_enumerator
	.long	.Linfo_string32                 @ DW_AT_name
	.byte	15                              @ DW_AT_const_value
	.byte	0                               @ End Of Children Mark
	.byte	2                               @ Abbrev [2] 0x12d:0x11 DW_TAG_variable
	.long	.Linfo_string34                 @ DW_AT_name
	.long	318                             @ DW_AT_type
                                        @ DW_AT_external
	.byte	2                               @ DW_AT_decl_file
	.byte	26                              @ DW_AT_decl_line
	.byte	5                               @ DW_AT_location
	.byte	3
	.long	lin_pFrameBuf
	.byte	8                               @ Abbrev [8] 0x13e:0xc DW_TAG_array_type
	.long	152                             @ DW_AT_type
	.byte	9                               @ Abbrev [9] 0x143:0x6 DW_TAG_subrange_type
	.long	330                             @ DW_AT_type
	.byte	9                               @ DW_AT_count
	.byte	0                               @ End Of Children Mark
	.byte	10                              @ Abbrev [10] 0x14a:0x7 DW_TAG_base_type
	.long	.Linfo_string35                 @ DW_AT_name
	.byte	8                               @ DW_AT_byte_size
	.byte	7                               @ DW_AT_encoding
	.byte	2                               @ Abbrev [2] 0x151:0x11 DW_TAG_variable
	.long	.Linfo_string36                 @ DW_AT_name
	.long	354                             @ DW_AT_type
                                        @ DW_AT_external
	.byte	2                               @ DW_AT_decl_file
	.byte	46                              @ DW_AT_decl_line
	.byte	5                               @ DW_AT_location
	.byte	3
	.long	lin_flag_handle_tbl
	.byte	8                               @ Abbrev [8] 0x162:0xc DW_TAG_array_type
	.long	152                             @ DW_AT_type
	.byte	9                               @ Abbrev [9] 0x167:0x6 DW_TAG_subrange_type
	.long	330                             @ DW_AT_type
	.byte	3                               @ DW_AT_count
	.byte	0                               @ End Of Children Mark
	.byte	2                               @ Abbrev [2] 0x16e:0x11 DW_TAG_variable
	.long	.Linfo_string37                 @ DW_AT_name
	.long	383                             @ DW_AT_type
                                        @ DW_AT_external
	.byte	2                               @ DW_AT_decl_file
	.byte	65                              @ DW_AT_decl_line
	.byte	5                               @ DW_AT_location
	.byte	3
	.long	lin_frame_tbl
	.byte	8                               @ Abbrev [8] 0x17f:0xc DW_TAG_array_type
	.long	395                             @ DW_AT_type
	.byte	9                               @ Abbrev [9] 0x184:0x6 DW_TAG_subrange_type
	.long	330                             @ DW_AT_type
	.byte	4                               @ DW_AT_count
	.byte	0                               @ End Of Children Mark
	.byte	3                               @ Abbrev [3] 0x18b:0x5 DW_TAG_const_type
	.long	400                             @ DW_AT_type
	.byte	11                              @ Abbrev [11] 0x190:0xc DW_TAG_typedef
	.long	412                             @ DW_AT_type
	.long	.Linfo_string56                 @ DW_AT_name
	.byte	3                               @ DW_AT_decl_file
	.short	432                             @ DW_AT_decl_line
	.byte	12                              @ Abbrev [12] 0x19c:0x61 DW_TAG_structure_type
	.byte	16                              @ DW_AT_byte_size
	.byte	3                               @ DW_AT_decl_file
	.short	423                             @ DW_AT_decl_line
	.byte	13                              @ Abbrev [13] 0x1a1:0xd DW_TAG_member
	.long	.Linfo_string38                 @ DW_AT_name
	.long	509                             @ DW_AT_type
	.byte	3                               @ DW_AT_decl_file
	.short	425                             @ DW_AT_decl_line
	.byte	0                               @ DW_AT_data_member_location
	.byte	13                              @ Abbrev [13] 0x1ae:0xd DW_TAG_member
	.long	.Linfo_string44                 @ DW_AT_name
	.long	152                             @ DW_AT_type
	.byte	3                               @ DW_AT_decl_file
	.short	426                             @ DW_AT_decl_line
	.byte	1                               @ DW_AT_data_member_location
	.byte	13                              @ Abbrev [13] 0x1bb:0xd DW_TAG_member
	.long	.Linfo_string45                 @ DW_AT_name
	.long	555                             @ DW_AT_type
	.byte	3                               @ DW_AT_decl_file
	.short	427                             @ DW_AT_decl_line
	.byte	2                               @ DW_AT_data_member_location
	.byte	13                              @ Abbrev [13] 0x1c8:0xd DW_TAG_member
	.long	.Linfo_string50                 @ DW_AT_name
	.long	595                             @ DW_AT_type
	.byte	3                               @ DW_AT_decl_file
	.short	428                             @ DW_AT_decl_line
	.byte	4                               @ DW_AT_data_member_location
	.byte	13                              @ Abbrev [13] 0x1d5:0xd DW_TAG_member
	.long	.Linfo_string53                 @ DW_AT_name
	.long	595                             @ DW_AT_type
	.byte	3                               @ DW_AT_decl_file
	.short	429                             @ DW_AT_decl_line
	.byte	6                               @ DW_AT_data_member_location
	.byte	13                              @ Abbrev [13] 0x1e2:0xd DW_TAG_member
	.long	.Linfo_string54                 @ DW_AT_name
	.long	152                             @ DW_AT_type
	.byte	3                               @ DW_AT_decl_file
	.short	430                             @ DW_AT_decl_line
	.byte	8                               @ DW_AT_data_member_location
	.byte	13                              @ Abbrev [13] 0x1ef:0xd DW_TAG_member
	.long	.Linfo_string55                 @ DW_AT_name
	.long	613                             @ DW_AT_type
	.byte	3                               @ DW_AT_decl_file
	.short	431                             @ DW_AT_decl_line
	.byte	12                              @ DW_AT_data_member_location
	.byte	0                               @ End Of Children Mark
	.byte	11                              @ Abbrev [11] 0x1fd:0xc DW_TAG_typedef
	.long	521                             @ DW_AT_type
	.long	.Linfo_string43                 @ DW_AT_name
	.byte	3                               @ DW_AT_decl_file
	.short	406                             @ DW_AT_decl_line
	.byte	14                              @ Abbrev [14] 0x209:0x22 DW_TAG_enumeration_type
	.long	128                             @ DW_AT_type
	.byte	1                               @ DW_AT_byte_size
	.byte	3                               @ DW_AT_decl_file
	.short	400                             @ DW_AT_decl_line
	.byte	6                               @ Abbrev [6] 0x212:0x6 DW_TAG_enumerator
	.long	.Linfo_string39                 @ DW_AT_name
	.byte	0                               @ DW_AT_const_value
	.byte	6                               @ Abbrev [6] 0x218:0x6 DW_TAG_enumerator
	.long	.Linfo_string40                 @ DW_AT_name
	.byte	1                               @ DW_AT_const_value
	.byte	6                               @ Abbrev [6] 0x21e:0x6 DW_TAG_enumerator
	.long	.Linfo_string41                 @ DW_AT_name
	.byte	16                              @ DW_AT_const_value
	.byte	6                               @ Abbrev [6] 0x224:0x6 DW_TAG_enumerator
	.long	.Linfo_string42                 @ DW_AT_name
	.byte	17                              @ DW_AT_const_value
	.byte	0                               @ End Of Children Mark
	.byte	11                              @ Abbrev [11] 0x22b:0xc DW_TAG_typedef
	.long	567                             @ DW_AT_type
	.long	.Linfo_string49                 @ DW_AT_name
	.byte	3                               @ DW_AT_decl_file
	.short	417                             @ DW_AT_decl_line
	.byte	14                              @ Abbrev [14] 0x237:0x1c DW_TAG_enumeration_type
	.long	128                             @ DW_AT_type
	.byte	1                               @ DW_AT_byte_size
	.byte	3                               @ DW_AT_decl_file
	.short	412                             @ DW_AT_decl_line
	.byte	6                               @ Abbrev [6] 0x240:0x6 DW_TAG_enumerator
	.long	.Linfo_string46                 @ DW_AT_name
	.byte	0                               @ DW_AT_const_value
	.byte	6                               @ Abbrev [6] 0x246:0x6 DW_TAG_enumerator
	.long	.Linfo_string47                 @ DW_AT_name
	.byte	1                               @ DW_AT_const_value
	.byte	6                               @ Abbrev [6] 0x24c:0x6 DW_TAG_enumerator
	.long	.Linfo_string48                 @ DW_AT_name
	.byte	16                              @ DW_AT_const_value
	.byte	0                               @ End Of Children Mark
	.byte	4                               @ Abbrev [4] 0x253:0xb DW_TAG_typedef
	.long	606                             @ DW_AT_type
	.long	.Linfo_string52                 @ DW_AT_name
	.byte	3                               @ DW_AT_decl_file
	.byte	46                              @ DW_AT_decl_line
	.byte	7                               @ Abbrev [7] 0x25e:0x7 DW_TAG_base_type
	.long	.Linfo_string51                 @ DW_AT_name
	.byte	7                               @ DW_AT_encoding
	.byte	2                               @ DW_AT_byte_size
	.byte	15                              @ Abbrev [15] 0x265:0x5 DW_TAG_pointer_type
	.long	152                             @ DW_AT_type
	.byte	2                               @ Abbrev [2] 0x26a:0x11 DW_TAG_variable
	.long	.Linfo_string57                 @ DW_AT_name
	.long	635                             @ DW_AT_type
                                        @ DW_AT_external
	.byte	2                               @ DW_AT_decl_file
	.byte	80                              @ DW_AT_decl_line
	.byte	5                               @ DW_AT_location
	.byte	3
	.long	lin_frame_flag_tbl
	.byte	8                               @ Abbrev [8] 0x27b:0xc DW_TAG_array_type
	.long	647                             @ DW_AT_type
	.byte	9                               @ Abbrev [9] 0x280:0x6 DW_TAG_subrange_type
	.long	330                             @ DW_AT_type
	.byte	4                               @ DW_AT_count
	.byte	0                               @ End Of Children Mark
	.byte	4                               @ Abbrev [4] 0x287:0xb DW_TAG_typedef
	.long	128                             @ DW_AT_type
	.long	.Linfo_string58                 @ DW_AT_name
	.byte	3                               @ DW_AT_decl_file
	.byte	57                              @ DW_AT_decl_line
	.byte	2                               @ Abbrev [2] 0x292:0x11 DW_TAG_variable
	.long	.Linfo_string59                 @ DW_AT_name
	.long	675                             @ DW_AT_type
                                        @ DW_AT_external
	.byte	2                               @ DW_AT_decl_file
	.byte	82                              @ DW_AT_decl_line
	.byte	5                               @ DW_AT_location
	.byte	3
	.long	lin_frame_updating_flag_tbl
	.byte	8                               @ Abbrev [8] 0x2a3:0xc DW_TAG_array_type
	.long	687                             @ DW_AT_type
	.byte	9                               @ Abbrev [9] 0x2a8:0x6 DW_TAG_subrange_type
	.long	330                             @ DW_AT_type
	.byte	4                               @ DW_AT_count
	.byte	0                               @ End Of Children Mark
	.byte	16                              @ Abbrev [16] 0x2af:0x5 DW_TAG_volatile_type
	.long	152                             @ DW_AT_type
	.byte	2                               @ Abbrev [2] 0x2b4:0x11 DW_TAG_variable
	.long	.Linfo_string60                 @ DW_AT_name
	.long	709                             @ DW_AT_type
                                        @ DW_AT_external
	.byte	2                               @ DW_AT_decl_file
	.byte	88                              @ DW_AT_decl_line
	.byte	5                               @ DW_AT_location
	.byte	3
	.long	lin_max_frame_res_timeout_val
	.byte	8                               @ Abbrev [8] 0x2c5:0xc DW_TAG_array_type
	.long	721                             @ DW_AT_type
	.byte	9                               @ Abbrev [9] 0x2ca:0x6 DW_TAG_subrange_type
	.long	330                             @ DW_AT_type
	.byte	8                               @ DW_AT_count
	.byte	0                               @ End Of Children Mark
	.byte	3                               @ Abbrev [3] 0x2d1:0x5 DW_TAG_const_type
	.long	595                             @ DW_AT_type
	.byte	2                               @ Abbrev [2] 0x2d6:0x11 DW_TAG_variable
	.long	.Linfo_string61                 @ DW_AT_name
	.long	743                             @ DW_AT_type
                                        @ DW_AT_external
	.byte	2                               @ DW_AT_decl_file
	.byte	96                              @ DW_AT_decl_line
	.byte	5                               @ DW_AT_location
	.byte	3
	.long	lin_configuration_RAM
	.byte	8                               @ Abbrev [8] 0x2e7:0xc DW_TAG_array_type
	.long	152                             @ DW_AT_type
	.byte	9                               @ Abbrev [9] 0x2ec:0x6 DW_TAG_subrange_type
	.long	330                             @ DW_AT_type
	.byte	6                               @ DW_AT_count
	.byte	0                               @ End Of Children Mark
	.byte	2                               @ Abbrev [2] 0x2f3:0x11 DW_TAG_variable
	.long	.Linfo_string62                 @ DW_AT_name
	.long	772                             @ DW_AT_type
                                        @ DW_AT_external
	.byte	2                               @ DW_AT_decl_file
	.byte	99                              @ DW_AT_decl_line
	.byte	5                               @ DW_AT_location
	.byte	3
	.long	lin_configuration_ROM
	.byte	8                               @ Abbrev [8] 0x304:0xc DW_TAG_array_type
	.long	721                             @ DW_AT_type
	.byte	9                               @ Abbrev [9] 0x309:0x6 DW_TAG_subrange_type
	.long	330                             @ DW_AT_type
	.byte	6                               @ DW_AT_count
	.byte	0                               @ End Of Children Mark
	.byte	2                               @ Abbrev [2] 0x310:0x11 DW_TAG_variable
	.long	.Linfo_string63                 @ DW_AT_name
	.long	152                             @ DW_AT_type
                                        @ DW_AT_external
	.byte	2                               @ DW_AT_decl_file
	.byte	103                             @ DW_AT_decl_line
	.byte	5                               @ DW_AT_location
	.byte	3
	.long	lin_configured_NAD
	.byte	2                               @ Abbrev [2] 0x321:0x11 DW_TAG_variable
	.long	.Linfo_string64                 @ DW_AT_name
	.long	818                             @ DW_AT_type
                                        @ DW_AT_external
	.byte	2                               @ DW_AT_decl_file
	.byte	104                             @ DW_AT_decl_line
	.byte	5                               @ DW_AT_location
	.byte	3
	.long	lin_initial_NAD
	.byte	3                               @ Abbrev [3] 0x332:0x5 DW_TAG_const_type
	.long	152                             @ DW_AT_type
	.byte	2                               @ Abbrev [2] 0x337:0x11 DW_TAG_variable
	.long	.Linfo_string65                 @ DW_AT_name
	.long	840                             @ DW_AT_type
                                        @ DW_AT_external
	.byte	2                               @ DW_AT_decl_file
	.byte	105                             @ DW_AT_decl_line
	.byte	5                               @ DW_AT_location
	.byte	3
	.long	product_id
	.byte	3                               @ Abbrev [3] 0x348:0x5 DW_TAG_const_type
	.long	845                             @ DW_AT_type
	.byte	11                              @ Abbrev [11] 0x34d:0xc DW_TAG_typedef
	.long	857                             @ DW_AT_type
	.long	.Linfo_string69                 @ DW_AT_name
	.byte	3                               @ DW_AT_decl_file
	.short	368                             @ DW_AT_decl_line
	.byte	12                              @ Abbrev [12] 0x359:0x2d DW_TAG_structure_type
	.byte	6                               @ DW_AT_byte_size
	.byte	3                               @ DW_AT_decl_file
	.short	363                             @ DW_AT_decl_line
	.byte	13                              @ Abbrev [13] 0x35e:0xd DW_TAG_member
	.long	.Linfo_string66                 @ DW_AT_name
	.long	595                             @ DW_AT_type
	.byte	3                               @ DW_AT_decl_file
	.short	365                             @ DW_AT_decl_line
	.byte	0                               @ DW_AT_data_member_location
	.byte	13                              @ Abbrev [13] 0x36b:0xd DW_TAG_member
	.long	.Linfo_string67                 @ DW_AT_name
	.long	595                             @ DW_AT_type
	.byte	3                               @ DW_AT_decl_file
	.short	366                             @ DW_AT_decl_line
	.byte	2                               @ DW_AT_data_member_location
	.byte	13                              @ Abbrev [13] 0x378:0xd DW_TAG_member
	.long	.Linfo_string68                 @ DW_AT_name
	.long	152                             @ DW_AT_type
	.byte	3                               @ DW_AT_decl_file
	.short	367                             @ DW_AT_decl_line
	.byte	4                               @ DW_AT_data_member_location
	.byte	0                               @ End Of Children Mark
	.byte	2                               @ Abbrev [2] 0x386:0x11 DW_TAG_variable
	.long	.Linfo_string70                 @ DW_AT_name
	.long	180                             @ DW_AT_type
                                        @ DW_AT_external
	.byte	2                               @ DW_AT_decl_file
	.byte	106                             @ DW_AT_decl_line
	.byte	5                               @ DW_AT_location
	.byte	3
	.long	response_error
	.byte	2                               @ Abbrev [2] 0x397:0x11 DW_TAG_variable
	.long	.Linfo_string71                 @ DW_AT_name
	.long	818                             @ DW_AT_type
                                        @ DW_AT_external
	.byte	2                               @ DW_AT_decl_file
	.byte	107                             @ DW_AT_decl_line
	.byte	5                               @ DW_AT_location
	.byte	3
	.long	num_frame_have_esignal
	.byte	2                               @ Abbrev [2] 0x3a8:0x11 DW_TAG_variable
	.long	.Linfo_string72                 @ DW_AT_name
	.long	953                             @ DW_AT_type
                                        @ DW_AT_external
	.byte	2                               @ DW_AT_decl_file
	.byte	108                             @ DW_AT_decl_line
	.byte	5                               @ DW_AT_location
	.byte	3
	.long	lin_response_error_byte_offset
	.byte	8                               @ Abbrev [8] 0x3b9:0xc DW_TAG_array_type
	.long	721                             @ DW_AT_type
	.byte	9                               @ Abbrev [9] 0x3be:0x6 DW_TAG_subrange_type
	.long	330                             @ DW_AT_type
	.byte	1                               @ DW_AT_count
	.byte	0                               @ End Of Children Mark
	.byte	2                               @ Abbrev [2] 0x3c5:0x11 DW_TAG_variable
	.long	.Linfo_string73                 @ DW_AT_name
	.long	982                             @ DW_AT_type
                                        @ DW_AT_external
	.byte	2                               @ DW_AT_decl_file
	.byte	109                             @ DW_AT_decl_line
	.byte	5                               @ DW_AT_location
	.byte	3
	.long	lin_response_error_bit_offset
	.byte	8                               @ Abbrev [8] 0x3d6:0xc DW_TAG_array_type
	.long	818                             @ DW_AT_type
	.byte	9                               @ Abbrev [9] 0x3db:0x6 DW_TAG_subrange_type
	.long	330                             @ DW_AT_type
	.byte	1                               @ DW_AT_count
	.byte	0                               @ End Of Children Mark
	.byte	2                               @ Abbrev [2] 0x3e2:0x11 DW_TAG_variable
	.long	.Linfo_string74                 @ DW_AT_name
	.long	1011                            @ DW_AT_type
                                        @ DW_AT_external
	.byte	2                               @ DW_AT_decl_file
	.byte	117                             @ DW_AT_decl_line
	.byte	5                               @ DW_AT_location
	.byte	3
	.long	lin_tl_tx_queue
	.byte	11                              @ Abbrev [11] 0x3f3:0xc DW_TAG_typedef
	.long	1023                            @ DW_AT_type
	.long	.Linfo_string90                 @ DW_AT_name
	.byte	3                               @ DW_AT_decl_file
	.short	615                             @ DW_AT_decl_line
	.byte	12                              @ Abbrev [12] 0x3ff:0x54 DW_TAG_structure_type
	.byte	16                              @ DW_AT_byte_size
	.byte	3                               @ DW_AT_decl_file
	.short	607                             @ DW_AT_decl_line
	.byte	13                              @ Abbrev [13] 0x404:0xd DW_TAG_member
	.long	.Linfo_string75                 @ DW_AT_name
	.long	595                             @ DW_AT_type
	.byte	3                               @ DW_AT_decl_file
	.short	609                             @ DW_AT_decl_line
	.byte	0                               @ DW_AT_data_member_location
	.byte	13                              @ Abbrev [13] 0x411:0xd DW_TAG_member
	.long	.Linfo_string76                 @ DW_AT_name
	.long	595                             @ DW_AT_type
	.byte	3                               @ DW_AT_decl_file
	.short	610                             @ DW_AT_decl_line
	.byte	2                               @ DW_AT_data_member_location
	.byte	13                              @ Abbrev [13] 0x41e:0xd DW_TAG_member
	.long	.Linfo_string77                 @ DW_AT_name
	.long	1107                            @ DW_AT_type
	.byte	3                               @ DW_AT_decl_file
	.short	611                             @ DW_AT_decl_line
	.byte	4                               @ DW_AT_data_member_location
	.byte	13                              @ Abbrev [13] 0x42b:0xd DW_TAG_member
	.long	.Linfo_string86                 @ DW_AT_name
	.long	595                             @ DW_AT_type
	.byte	3                               @ DW_AT_decl_file
	.short	612                             @ DW_AT_decl_line
	.byte	6                               @ DW_AT_data_member_location
	.byte	13                              @ Abbrev [13] 0x438:0xd DW_TAG_member
	.long	.Linfo_string87                 @ DW_AT_name
	.long	721                             @ DW_AT_type
	.byte	3                               @ DW_AT_decl_file
	.short	613                             @ DW_AT_decl_line
	.byte	8                               @ DW_AT_data_member_location
	.byte	13                              @ Abbrev [13] 0x445:0xd DW_TAG_member
	.long	.Linfo_string88                 @ DW_AT_name
	.long	1171                            @ DW_AT_type
	.byte	3                               @ DW_AT_decl_file
	.short	614                             @ DW_AT_decl_line
	.byte	12                              @ DW_AT_data_member_location
	.byte	0                               @ End Of Children Mark
	.byte	11                              @ Abbrev [11] 0x453:0xc DW_TAG_typedef
	.long	1119                            @ DW_AT_type
	.long	.Linfo_string85                 @ DW_AT_name
	.byte	3                               @ DW_AT_decl_file
	.short	560                             @ DW_AT_decl_line
	.byte	14                              @ Abbrev [14] 0x45f:0x34 DW_TAG_enumeration_type
	.long	128                             @ DW_AT_type
	.byte	1                               @ DW_AT_byte_size
	.byte	3                               @ DW_AT_decl_file
	.short	551                             @ DW_AT_decl_line
	.byte	6                               @ Abbrev [6] 0x468:0x6 DW_TAG_enumerator
	.long	.Linfo_string78                 @ DW_AT_name
	.byte	0                               @ DW_AT_const_value
	.byte	6                               @ Abbrev [6] 0x46e:0x6 DW_TAG_enumerator
	.long	.Linfo_string79                 @ DW_AT_name
	.byte	1                               @ DW_AT_const_value
	.byte	6                               @ Abbrev [6] 0x474:0x6 DW_TAG_enumerator
	.long	.Linfo_string80                 @ DW_AT_name
	.byte	2                               @ DW_AT_const_value
	.byte	6                               @ Abbrev [6] 0x47a:0x6 DW_TAG_enumerator
	.long	.Linfo_string81                 @ DW_AT_name
	.byte	3                               @ DW_AT_const_value
	.byte	6                               @ Abbrev [6] 0x480:0x6 DW_TAG_enumerator
	.long	.Linfo_string82                 @ DW_AT_name
	.byte	4                               @ DW_AT_const_value
	.byte	6                               @ Abbrev [6] 0x486:0x6 DW_TAG_enumerator
	.long	.Linfo_string83                 @ DW_AT_name
	.byte	5                               @ DW_AT_const_value
	.byte	6                               @ Abbrev [6] 0x48c:0x6 DW_TAG_enumerator
	.long	.Linfo_string84                 @ DW_AT_name
	.byte	6                               @ DW_AT_const_value
	.byte	0                               @ End Of Children Mark
	.byte	15                              @ Abbrev [15] 0x493:0x5 DW_TAG_pointer_type
	.long	1176                            @ DW_AT_type
	.byte	4                               @ Abbrev [4] 0x498:0xb DW_TAG_typedef
	.long	1187                            @ DW_AT_type
	.long	.Linfo_string89                 @ DW_AT_name
	.byte	3                               @ DW_AT_decl_file
	.byte	128                             @ DW_AT_decl_line
	.byte	8                               @ Abbrev [8] 0x4a3:0xc DW_TAG_array_type
	.long	152                             @ DW_AT_type
	.byte	9                               @ Abbrev [9] 0x4a8:0x6 DW_TAG_subrange_type
	.long	330                             @ DW_AT_type
	.byte	8                               @ DW_AT_count
	.byte	0                               @ End Of Children Mark
	.byte	2                               @ Abbrev [2] 0x4af:0x11 DW_TAG_variable
	.long	.Linfo_string91                 @ DW_AT_name
	.long	1011                            @ DW_AT_type
                                        @ DW_AT_external
	.byte	2                               @ DW_AT_decl_file
	.byte	127                             @ DW_AT_decl_line
	.byte	5                               @ DW_AT_location
	.byte	3
	.long	lin_tl_rx_queue
	.byte	2                               @ Abbrev [2] 0x4c0:0x11 DW_TAG_variable
	.long	.Linfo_string92                 @ DW_AT_name
	.long	1233                            @ DW_AT_type
                                        @ DW_AT_external
	.byte	2                               @ DW_AT_decl_file
	.byte	150                             @ DW_AT_decl_line
	.byte	5                               @ DW_AT_location
	.byte	3
	.long	tl_diag_state
	.byte	11                              @ Abbrev [11] 0x4d1:0xc DW_TAG_typedef
	.long	1245                            @ DW_AT_type
	.long	.Linfo_string100                @ DW_AT_name
	.byte	3                               @ DW_AT_decl_file
	.short	590                             @ DW_AT_decl_line
	.byte	14                              @ Abbrev [14] 0x4dd:0x34 DW_TAG_enumeration_type
	.long	128                             @ DW_AT_type
	.byte	1                               @ DW_AT_byte_size
	.byte	3                               @ DW_AT_decl_file
	.short	581                             @ DW_AT_decl_line
	.byte	6                               @ Abbrev [6] 0x4e6:0x6 DW_TAG_enumerator
	.long	.Linfo_string93                 @ DW_AT_name
	.byte	0                               @ DW_AT_const_value
	.byte	6                               @ Abbrev [6] 0x4ec:0x6 DW_TAG_enumerator
	.long	.Linfo_string94                 @ DW_AT_name
	.byte	1                               @ DW_AT_const_value
	.byte	6                               @ Abbrev [6] 0x4f2:0x6 DW_TAG_enumerator
	.long	.Linfo_string95                 @ DW_AT_name
	.byte	2                               @ DW_AT_const_value
	.byte	6                               @ Abbrev [6] 0x4f8:0x6 DW_TAG_enumerator
	.long	.Linfo_string96                 @ DW_AT_name
	.byte	3                               @ DW_AT_const_value
	.byte	6                               @ Abbrev [6] 0x4fe:0x6 DW_TAG_enumerator
	.long	.Linfo_string97                 @ DW_AT_name
	.byte	4                               @ DW_AT_const_value
	.byte	6                               @ Abbrev [6] 0x504:0x6 DW_TAG_enumerator
	.long	.Linfo_string98                 @ DW_AT_name
	.byte	5                               @ DW_AT_const_value
	.byte	6                               @ Abbrev [6] 0x50a:0x6 DW_TAG_enumerator
	.long	.Linfo_string99                 @ DW_AT_name
	.byte	6                               @ DW_AT_const_value
	.byte	0                               @ End Of Children Mark
	.byte	2                               @ Abbrev [2] 0x511:0x11 DW_TAG_variable
	.long	.Linfo_string101                @ DW_AT_name
	.long	1314                            @ DW_AT_type
                                        @ DW_AT_external
	.byte	2                               @ DW_AT_decl_file
	.byte	151                             @ DW_AT_decl_line
	.byte	5                               @ DW_AT_location
	.byte	3
	.long	tl_service_status
	.byte	11                              @ Abbrev [11] 0x522:0xc DW_TAG_typedef
	.long	1326                            @ DW_AT_type
	.long	.Linfo_string106                @ DW_AT_name
	.byte	3                               @ DW_AT_decl_file
	.short	523                             @ DW_AT_decl_line
	.byte	14                              @ Abbrev [14] 0x52e:0x22 DW_TAG_enumeration_type
	.long	128                             @ DW_AT_type
	.byte	1                               @ DW_AT_byte_size
	.byte	3                               @ DW_AT_decl_file
	.short	517                             @ DW_AT_decl_line
	.byte	6                               @ Abbrev [6] 0x537:0x6 DW_TAG_enumerator
	.long	.Linfo_string102                @ DW_AT_name
	.byte	0                               @ DW_AT_const_value
	.byte	6                               @ Abbrev [6] 0x53d:0x6 DW_TAG_enumerator
	.long	.Linfo_string103                @ DW_AT_name
	.byte	1                               @ DW_AT_const_value
	.byte	6                               @ Abbrev [6] 0x543:0x6 DW_TAG_enumerator
	.long	.Linfo_string104                @ DW_AT_name
	.byte	2                               @ DW_AT_const_value
	.byte	6                               @ Abbrev [6] 0x549:0x6 DW_TAG_enumerator
	.long	.Linfo_string105                @ DW_AT_name
	.byte	3                               @ DW_AT_const_value
	.byte	0                               @ End Of Children Mark
	.byte	2                               @ Abbrev [2] 0x550:0x11 DW_TAG_variable
	.long	.Linfo_string107                @ DW_AT_name
	.long	1377                            @ DW_AT_type
                                        @ DW_AT_external
	.byte	2                               @ DW_AT_decl_file
	.byte	158                             @ DW_AT_decl_line
	.byte	5                               @ DW_AT_location
	.byte	3
	.long	lin_diag_services_supported
	.byte	8                               @ Abbrev [8] 0x561:0xc DW_TAG_array_type
	.long	818                             @ DW_AT_type
	.byte	9                               @ Abbrev [9] 0x566:0x6 DW_TAG_subrange_type
	.long	330                             @ DW_AT_type
	.byte	11                              @ DW_AT_count
	.byte	0                               @ End Of Children Mark
	.byte	2                               @ Abbrev [2] 0x56d:0x11 DW_TAG_variable
	.long	.Linfo_string108                @ DW_AT_name
	.long	1406                            @ DW_AT_type
                                        @ DW_AT_external
	.byte	2                               @ DW_AT_decl_file
	.byte	159                             @ DW_AT_decl_line
	.byte	5                               @ DW_AT_location
	.byte	3
	.long	lin_diag_services_flag
	.byte	8                               @ Abbrev [8] 0x57e:0xc DW_TAG_array_type
	.long	152                             @ DW_AT_type
	.byte	9                               @ Abbrev [9] 0x583:0x6 DW_TAG_subrange_type
	.long	330                             @ DW_AT_type
	.byte	11                              @ DW_AT_count
	.byte	0                               @ End Of Children Mark
	.byte	2                               @ Abbrev [2] 0x58a:0x11 DW_TAG_variable
	.long	.Linfo_string109                @ DW_AT_name
	.long	152                             @ DW_AT_type
                                        @ DW_AT_external
	.byte	2                               @ DW_AT_decl_file
	.byte	161                             @ DW_AT_decl_line
	.byte	5                               @ DW_AT_location
	.byte	3
	.long	tl_slaveresp_cnt
	.byte	2                               @ Abbrev [2] 0x59b:0x11 DW_TAG_variable
	.long	.Linfo_string110                @ DW_AT_name
	.long	1452                            @ DW_AT_type
                                        @ DW_AT_external
	.byte	2                               @ DW_AT_decl_file
	.byte	12                              @ DW_AT_decl_line
	.byte	5                               @ DW_AT_location
	.byte	3
	.long	lin_lld_response_buffer
	.byte	8                               @ Abbrev [8] 0x5ac:0xc DW_TAG_array_type
	.long	152                             @ DW_AT_type
	.byte	9                               @ Abbrev [9] 0x5b1:0x6 DW_TAG_subrange_type
	.long	330                             @ DW_AT_type
	.byte	10                              @ DW_AT_count
	.byte	0                               @ End Of Children Mark
	.byte	2                               @ Abbrev [2] 0x5b8:0x11 DW_TAG_variable
	.long	.Linfo_string111                @ DW_AT_name
	.long	152                             @ DW_AT_type
                                        @ DW_AT_external
	.byte	2                               @ DW_AT_decl_file
	.byte	13                              @ DW_AT_decl_line
	.byte	5                               @ DW_AT_location
	.byte	3
	.long	lin_successful_transfer
	.byte	2                               @ Abbrev [2] 0x5c9:0x11 DW_TAG_variable
	.long	.Linfo_string112                @ DW_AT_name
	.long	152                             @ DW_AT_type
                                        @ DW_AT_external
	.byte	2                               @ DW_AT_decl_file
	.byte	14                              @ DW_AT_decl_line
	.byte	5                               @ DW_AT_location
	.byte	3
	.long	lin_error_in_response
	.byte	2                               @ Abbrev [2] 0x5da:0x11 DW_TAG_variable
	.long	.Linfo_string113                @ DW_AT_name
	.long	152                             @ DW_AT_type
                                        @ DW_AT_external
	.byte	2                               @ DW_AT_decl_file
	.byte	15                              @ DW_AT_decl_line
	.byte	5                               @ DW_AT_location
	.byte	3
	.long	lin_goto_sleep_flg
	.byte	2                               @ Abbrev [2] 0x5eb:0x11 DW_TAG_variable
	.long	.Linfo_string114                @ DW_AT_name
	.long	1532                            @ DW_AT_type
                                        @ DW_AT_external
	.byte	2                               @ DW_AT_decl_file
	.byte	18                              @ DW_AT_decl_line
	.byte	5                               @ DW_AT_location
	.byte	3
	.long	lin_word_status
	.byte	11                              @ Abbrev [11] 0x5fc:0xc DW_TAG_typedef
	.long	1544                            @ DW_AT_type
	.long	.Linfo_string127                @ DW_AT_name
	.byte	3                               @ DW_AT_decl_file
	.short	298                             @ DW_AT_decl_line
	.byte	17                              @ Abbrev [17] 0x608:0xa8 DW_TAG_union_type
	.long	.Linfo_string126                @ DW_AT_name
	.byte	2                               @ DW_AT_byte_size
	.byte	3                               @ DW_AT_decl_file
	.short	279                             @ DW_AT_decl_line
	.byte	13                              @ Abbrev [13] 0x611:0xd DW_TAG_member
	.long	.Linfo_string115                @ DW_AT_name
	.long	595                             @ DW_AT_type
	.byte	3                               @ DW_AT_decl_file
	.short	281                             @ DW_AT_decl_line
	.byte	0                               @ DW_AT_data_member_location
	.byte	13                              @ Abbrev [13] 0x61e:0xd DW_TAG_member
	.long	.Linfo_string116                @ DW_AT_name
	.long	1579                            @ DW_AT_type
	.byte	3                               @ DW_AT_decl_file
	.short	297                             @ DW_AT_decl_line
	.byte	0                               @ DW_AT_data_member_location
	.byte	12                              @ Abbrev [12] 0x62b:0x84 DW_TAG_structure_type
	.byte	2                               @ DW_AT_byte_size
	.byte	3                               @ DW_AT_decl_file
	.short	286                             @ DW_AT_decl_line
	.byte	18                              @ Abbrev [18] 0x630:0xe DW_TAG_member
	.long	.Linfo_string117                @ DW_AT_name
	.long	595                             @ DW_AT_type
	.byte	3                               @ DW_AT_decl_file
	.short	288                             @ DW_AT_decl_line
	.byte	1                               @ DW_AT_bit_size
	.byte	0                               @ DW_AT_data_bit_offset
	.byte	18                              @ Abbrev [18] 0x63e:0xe DW_TAG_member
	.long	.Linfo_string118                @ DW_AT_name
	.long	595                             @ DW_AT_type
	.byte	3                               @ DW_AT_decl_file
	.short	289                             @ DW_AT_decl_line
	.byte	1                               @ DW_AT_bit_size
	.byte	1                               @ DW_AT_data_bit_offset
	.byte	18                              @ Abbrev [18] 0x64c:0xe DW_TAG_member
	.long	.Linfo_string119                @ DW_AT_name
	.long	595                             @ DW_AT_type
	.byte	3                               @ DW_AT_decl_file
	.short	290                             @ DW_AT_decl_line
	.byte	1                               @ DW_AT_bit_size
	.byte	2                               @ DW_AT_data_bit_offset
	.byte	18                              @ Abbrev [18] 0x65a:0xe DW_TAG_member
	.long	.Linfo_string120                @ DW_AT_name
	.long	595                             @ DW_AT_type
	.byte	3                               @ DW_AT_decl_file
	.short	291                             @ DW_AT_decl_line
	.byte	1                               @ DW_AT_bit_size
	.byte	3                               @ DW_AT_data_bit_offset
	.byte	18                              @ Abbrev [18] 0x668:0xe DW_TAG_member
	.long	.Linfo_string121                @ DW_AT_name
	.long	595                             @ DW_AT_type
	.byte	3                               @ DW_AT_decl_file
	.short	292                             @ DW_AT_decl_line
	.byte	1                               @ DW_AT_bit_size
	.byte	4                               @ DW_AT_data_bit_offset
	.byte	18                              @ Abbrev [18] 0x676:0xe DW_TAG_member
	.long	.Linfo_string122                @ DW_AT_name
	.long	595                             @ DW_AT_type
	.byte	3                               @ DW_AT_decl_file
	.short	293                             @ DW_AT_decl_line
	.byte	1                               @ DW_AT_bit_size
	.byte	5                               @ DW_AT_data_bit_offset
	.byte	18                              @ Abbrev [18] 0x684:0xe DW_TAG_member
	.long	.Linfo_string123                @ DW_AT_name
	.long	595                             @ DW_AT_type
	.byte	3                               @ DW_AT_decl_file
	.short	294                             @ DW_AT_decl_line
	.byte	1                               @ DW_AT_bit_size
	.byte	6                               @ DW_AT_data_bit_offset
	.byte	18                              @ Abbrev [18] 0x692:0xe DW_TAG_member
	.long	.Linfo_string124                @ DW_AT_name
	.long	595                             @ DW_AT_type
	.byte	3                               @ DW_AT_decl_file
	.short	295                             @ DW_AT_decl_line
	.byte	1                               @ DW_AT_bit_size
	.byte	7                               @ DW_AT_data_bit_offset
	.byte	18                              @ Abbrev [18] 0x6a0:0xe DW_TAG_member
	.long	.Linfo_string125                @ DW_AT_name
	.long	595                             @ DW_AT_type
	.byte	3                               @ DW_AT_decl_file
	.short	296                             @ DW_AT_decl_line
	.byte	8                               @ DW_AT_bit_size
	.byte	8                               @ DW_AT_data_bit_offset
	.byte	0                               @ End Of Children Mark
	.byte	0                               @ End Of Children Mark
	.byte	2                               @ Abbrev [2] 0x6b0:0x11 DW_TAG_variable
	.long	.Linfo_string128                @ DW_AT_name
	.long	152                             @ DW_AT_type
                                        @ DW_AT_external
	.byte	2                               @ DW_AT_decl_file
	.byte	19                              @ DW_AT_decl_line
	.byte	5                               @ DW_AT_location
	.byte	3
	.long	lin_current_pid
	.byte	2                               @ Abbrev [2] 0x6c1:0x11 DW_TAG_variable
	.long	.Linfo_string129                @ DW_AT_name
	.long	1746                            @ DW_AT_type
                                        @ DW_AT_external
	.byte	2                               @ DW_AT_decl_file
	.byte	23                              @ DW_AT_decl_line
	.byte	5                               @ DW_AT_location
	.byte	3
	.long	buffer_backup_data
	.byte	8                               @ Abbrev [8] 0x6d2:0xc DW_TAG_array_type
	.long	687                             @ DW_AT_type
	.byte	9                               @ Abbrev [9] 0x6d7:0x6 DW_TAG_subrange_type
	.long	330                             @ DW_AT_type
	.byte	8                               @ DW_AT_count
	.byte	0                               @ End Of Children Mark
	.byte	2                               @ Abbrev [2] 0x6de:0x11 DW_TAG_variable
	.long	.Linfo_string130                @ DW_AT_name
	.long	1775                            @ DW_AT_type
                                        @ DW_AT_external
	.byte	2                               @ DW_AT_decl_file
	.byte	61                              @ DW_AT_decl_line
	.byte	5                               @ DW_AT_location
	.byte	3
	.long	lin_diag_signal_tbl
	.byte	8                               @ Abbrev [8] 0x6ef:0xc DW_TAG_array_type
	.long	152                             @ DW_AT_type
	.byte	9                               @ Abbrev [9] 0x6f4:0x6 DW_TAG_subrange_type
	.long	330                             @ DW_AT_type
	.byte	16                              @ DW_AT_count
	.byte	0                               @ End Of Children Mark
	.byte	2                               @ Abbrev [2] 0x6fb:0x11 DW_TAG_variable
	.long	.Linfo_string131                @ DW_AT_name
	.long	1804                            @ DW_AT_type
                                        @ DW_AT_external
	.byte	2                               @ DW_AT_decl_file
	.byte	114                             @ DW_AT_decl_line
	.byte	5                               @ DW_AT_location
	.byte	3
	.long	tl_tx_queue_data
	.byte	8                               @ Abbrev [8] 0x70c:0xc DW_TAG_array_type
	.long	1176                            @ DW_AT_type
	.byte	9                               @ Abbrev [9] 0x711:0x6 DW_TAG_subrange_type
	.long	330                             @ DW_AT_type
	.byte	7                               @ DW_AT_count
	.byte	0                               @ End Of Children Mark
	.byte	2                               @ Abbrev [2] 0x718:0x11 DW_TAG_variable
	.long	.Linfo_string132                @ DW_AT_name
	.long	1804                            @ DW_AT_type
                                        @ DW_AT_external
	.byte	2                               @ DW_AT_decl_file
	.byte	115                             @ DW_AT_decl_line
	.byte	5                               @ DW_AT_location
	.byte	3
	.long	tl_rx_queue_data
	.byte	2                               @ Abbrev [2] 0x729:0x11 DW_TAG_variable
	.long	.Linfo_string133                @ DW_AT_name
	.long	595                             @ DW_AT_type
                                        @ DW_AT_external
	.byte	2                               @ DW_AT_decl_file
	.byte	137                             @ DW_AT_decl_line
	.byte	5                               @ DW_AT_location
	.byte	3
	.long	tl_rx_msg_index
	.byte	2                               @ Abbrev [2] 0x73a:0x11 DW_TAG_variable
	.long	.Linfo_string134                @ DW_AT_name
	.long	595                             @ DW_AT_type
                                        @ DW_AT_external
	.byte	2                               @ DW_AT_decl_file
	.byte	138                             @ DW_AT_decl_line
	.byte	5                               @ DW_AT_location
	.byte	3
	.long	tl_rx_msg_size
	.byte	2                               @ Abbrev [2] 0x74b:0x11 DW_TAG_variable
	.long	.Linfo_string135                @ DW_AT_name
	.long	595                             @ DW_AT_type
                                        @ DW_AT_external
	.byte	2                               @ DW_AT_decl_file
	.byte	140                             @ DW_AT_decl_line
	.byte	5                               @ DW_AT_location
	.byte	3
	.long	tl_tx_msg_index
	.byte	2                               @ Abbrev [2] 0x75c:0x11 DW_TAG_variable
	.long	.Linfo_string136                @ DW_AT_name
	.long	595                             @ DW_AT_type
                                        @ DW_AT_external
	.byte	2                               @ DW_AT_decl_file
	.byte	141                             @ DW_AT_decl_line
	.byte	5                               @ DW_AT_location
	.byte	3
	.long	tl_tx_msg_size
	.byte	2                               @ Abbrev [2] 0x76d:0x11 DW_TAG_variable
	.long	.Linfo_string137                @ DW_AT_name
	.long	1918                            @ DW_AT_type
                                        @ DW_AT_external
	.byte	2                               @ DW_AT_decl_file
	.byte	142                             @ DW_AT_decl_line
	.byte	5                               @ DW_AT_location
	.byte	3
	.long	tl_last_cfg_result
	.byte	11                              @ Abbrev [11] 0x77e:0xc DW_TAG_typedef
	.long	1930                            @ DW_AT_type
	.long	.Linfo_string142                @ DW_AT_name
	.byte	3                               @ DW_AT_decl_file
	.short	535                             @ DW_AT_decl_line
	.byte	14                              @ Abbrev [14] 0x78a:0x22 DW_TAG_enumeration_type
	.long	128                             @ DW_AT_type
	.byte	1                               @ DW_AT_byte_size
	.byte	3                               @ DW_AT_decl_file
	.short	529                             @ DW_AT_decl_line
	.byte	6                               @ Abbrev [6] 0x793:0x6 DW_TAG_enumerator
	.long	.Linfo_string138                @ DW_AT_name
	.byte	0                               @ DW_AT_const_value
	.byte	6                               @ Abbrev [6] 0x799:0x6 DW_TAG_enumerator
	.long	.Linfo_string139                @ DW_AT_name
	.byte	1                               @ DW_AT_const_value
	.byte	6                               @ Abbrev [6] 0x79f:0x6 DW_TAG_enumerator
	.long	.Linfo_string140                @ DW_AT_name
	.byte	2                               @ DW_AT_const_value
	.byte	6                               @ Abbrev [6] 0x7a5:0x6 DW_TAG_enumerator
	.long	.Linfo_string141                @ DW_AT_name
	.byte	3                               @ DW_AT_const_value
	.byte	0                               @ End Of Children Mark
	.byte	2                               @ Abbrev [2] 0x7ac:0x11 DW_TAG_variable
	.long	.Linfo_string143                @ DW_AT_name
	.long	152                             @ DW_AT_type
                                        @ DW_AT_external
	.byte	2                               @ DW_AT_decl_file
	.byte	143                             @ DW_AT_decl_line
	.byte	5                               @ DW_AT_location
	.byte	3
	.long	tl_last_RSID
	.byte	2                               @ Abbrev [2] 0x7bd:0x11 DW_TAG_variable
	.long	.Linfo_string144                @ DW_AT_name
	.long	152                             @ DW_AT_type
                                        @ DW_AT_external
	.byte	2                               @ DW_AT_decl_file
	.byte	144                             @ DW_AT_decl_line
	.byte	5                               @ DW_AT_location
	.byte	3
	.long	tl_ld_error_code
	.byte	2                               @ Abbrev [2] 0x7ce:0x11 DW_TAG_variable
	.long	.Linfo_string145                @ DW_AT_name
	.long	152                             @ DW_AT_type
                                        @ DW_AT_external
	.byte	2                               @ DW_AT_decl_file
	.byte	145                             @ DW_AT_decl_line
	.byte	5                               @ DW_AT_location
	.byte	3
	.long	tl_no_of_pdu
	.byte	2                               @ Abbrev [2] 0x7df:0x11 DW_TAG_variable
	.long	.Linfo_string146                @ DW_AT_name
	.long	152                             @ DW_AT_type
                                        @ DW_AT_external
	.byte	2                               @ DW_AT_decl_file
	.byte	146                             @ DW_AT_decl_line
	.byte	5                               @ DW_AT_location
	.byte	3
	.long	tl_frame_counter
	.byte	2                               @ Abbrev [2] 0x7f0:0x11 DW_TAG_variable
	.long	.Linfo_string147                @ DW_AT_name
	.long	2049                            @ DW_AT_type
                                        @ DW_AT_external
	.byte	2                               @ DW_AT_decl_file
	.byte	147                             @ DW_AT_decl_line
	.byte	5                               @ DW_AT_location
	.byte	3
	.long	tl_check_timeout_type
	.byte	11                              @ Abbrev [11] 0x801:0xc DW_TAG_typedef
	.long	2061                            @ DW_AT_type
	.long	.Linfo_string151                @ DW_AT_name
	.byte	3                               @ DW_AT_decl_file
	.short	601                             @ DW_AT_decl_line
	.byte	14                              @ Abbrev [14] 0x80d:0x1c DW_TAG_enumeration_type
	.long	128                             @ DW_AT_type
	.byte	1                               @ DW_AT_byte_size
	.byte	3                               @ DW_AT_decl_file
	.short	596                             @ DW_AT_decl_line
	.byte	6                               @ Abbrev [6] 0x816:0x6 DW_TAG_enumerator
	.long	.Linfo_string148                @ DW_AT_name
	.byte	0                               @ DW_AT_const_value
	.byte	6                               @ Abbrev [6] 0x81c:0x6 DW_TAG_enumerator
	.long	.Linfo_string149                @ DW_AT_name
	.byte	1                               @ DW_AT_const_value
	.byte	6                               @ Abbrev [6] 0x822:0x6 DW_TAG_enumerator
	.long	.Linfo_string150                @ DW_AT_name
	.byte	2                               @ DW_AT_const_value
	.byte	0                               @ End Of Children Mark
	.byte	2                               @ Abbrev [2] 0x829:0x11 DW_TAG_variable
	.long	.Linfo_string152                @ DW_AT_name
	.long	595                             @ DW_AT_type
                                        @ DW_AT_external
	.byte	2                               @ DW_AT_decl_file
	.byte	148                             @ DW_AT_decl_line
	.byte	5                               @ DW_AT_location
	.byte	3
	.long	tl_check_timeout
	.byte	2                               @ Abbrev [2] 0x83a:0x11 DW_TAG_variable
	.long	.Linfo_string153                @ DW_AT_name
	.long	613                             @ DW_AT_type
                                        @ DW_AT_external
	.byte	2                               @ DW_AT_decl_file
	.byte	149                             @ DW_AT_decl_line
	.byte	5                               @ DW_AT_location
	.byte	3
	.long	tl_ident_data
	.byte	2                               @ Abbrev [2] 0x84b:0x11 DW_TAG_variable
	.long	.Linfo_string154                @ DW_AT_name
	.long	2140                            @ DW_AT_type
                                        @ DW_AT_external
	.byte	2                               @ DW_AT_decl_file
	.byte	152                             @ DW_AT_decl_line
	.byte	5                               @ DW_AT_location
	.byte	3
	.long	tl_receive_msg_status
	.byte	11                              @ Abbrev [11] 0x85c:0xc DW_TAG_typedef
	.long	2152                            @ DW_AT_type
	.long	.Linfo_string162                @ DW_AT_name
	.byte	3                               @ DW_AT_decl_file
	.short	575                             @ DW_AT_decl_line
	.byte	14                              @ Abbrev [14] 0x868:0x34 DW_TAG_enumeration_type
	.long	128                             @ DW_AT_type
	.byte	1                               @ DW_AT_byte_size
	.byte	3                               @ DW_AT_decl_file
	.short	566                             @ DW_AT_decl_line
	.byte	6                               @ Abbrev [6] 0x871:0x6 DW_TAG_enumerator
	.long	.Linfo_string155                @ DW_AT_name
	.byte	0                               @ DW_AT_const_value
	.byte	6                               @ Abbrev [6] 0x877:0x6 DW_TAG_enumerator
	.long	.Linfo_string156                @ DW_AT_name
	.byte	1                               @ DW_AT_const_value
	.byte	6                               @ Abbrev [6] 0x87d:0x6 DW_TAG_enumerator
	.long	.Linfo_string157                @ DW_AT_name
	.byte	2                               @ DW_AT_const_value
	.byte	6                               @ Abbrev [6] 0x883:0x6 DW_TAG_enumerator
	.long	.Linfo_string158                @ DW_AT_name
	.byte	3                               @ DW_AT_const_value
	.byte	6                               @ Abbrev [6] 0x889:0x6 DW_TAG_enumerator
	.long	.Linfo_string159                @ DW_AT_name
	.byte	4                               @ DW_AT_const_value
	.byte	6                               @ Abbrev [6] 0x88f:0x6 DW_TAG_enumerator
	.long	.Linfo_string160                @ DW_AT_name
	.byte	5                               @ DW_AT_const_value
	.byte	6                               @ Abbrev [6] 0x895:0x6 DW_TAG_enumerator
	.long	.Linfo_string161                @ DW_AT_name
	.byte	6                               @ DW_AT_const_value
	.byte	0                               @ End Of Children Mark
	.byte	2                               @ Abbrev [2] 0x89c:0x11 DW_TAG_variable
	.long	.Linfo_string163                @ DW_AT_name
	.long	2140                            @ DW_AT_type
                                        @ DW_AT_external
	.byte	2                               @ DW_AT_decl_file
	.byte	153                             @ DW_AT_decl_line
	.byte	5                               @ DW_AT_location
	.byte	3
	.long	tl_rx_msg_status
	.byte	2                               @ Abbrev [2] 0x8ad:0x11 DW_TAG_variable
	.long	.Linfo_string164                @ DW_AT_name
	.long	2140                            @ DW_AT_type
                                        @ DW_AT_external
	.byte	2                               @ DW_AT_decl_file
	.byte	154                             @ DW_AT_decl_line
	.byte	5                               @ DW_AT_location
	.byte	3
	.long	tl_tx_msg_status
	.byte	19                              @ Abbrev [19] 0x8be:0x41 DW_TAG_subprogram
	.long	.Lfunc_begin0                   @ DW_AT_low_pc
	.long	.Lfunc_end0-.Lfunc_begin0       @ DW_AT_high_pc
	.byte	1                               @ DW_AT_frame_base
	.byte	93
                                        @ DW_AT_GNU_all_call_sites
	.long	.Linfo_string165                @ DW_AT_name
	.byte	2                               @ DW_AT_decl_file
	.byte	178                             @ DW_AT_decl_line
                                        @ DW_AT_prototyped
	.long	152                             @ DW_AT_type
                                        @ DW_AT_external
	.byte	20                              @ Abbrev [20] 0x8d3:0xf DW_TAG_formal_parameter
	.long	.Ldebug_loc0                    @ DW_AT_location
	.long	.Linfo_string166                @ DW_AT_name
	.byte	2                               @ DW_AT_decl_file
	.byte	178                             @ DW_AT_decl_line
	.long	152                             @ DW_AT_type
	.byte	21                              @ Abbrev [21] 0x8e2:0xd DW_TAG_formal_parameter
	.byte	1                               @ DW_AT_location
	.byte	81
	.long	.Linfo_string167                @ DW_AT_name
	.byte	2                               @ DW_AT_decl_file
	.byte	178                             @ DW_AT_decl_line
	.long	613                             @ DW_AT_type
	.byte	22                              @ Abbrev [22] 0x8ef:0xf DW_TAG_variable
	.long	.Ldebug_loc1                    @ DW_AT_location
	.long	.Linfo_string168                @ DW_AT_name
	.byte	2                               @ DW_AT_decl_file
	.byte	180                             @ DW_AT_decl_line
	.long	152                             @ DW_AT_type
	.byte	0                               @ End Of Children Mark
	.byte	0                               @ End Of Children Mark
.Ldebug_info_end0:
	.section	.debug_str,"MS",%progbits,1
.Linfo_string0:
	.asciz	"Component: Arm Compiler for Embedded 6.21 Tool: armclang [5ec1fd00]" @ string offset=0
.Linfo_string1:
	.asciz	"../05_LinService\\lin_cfg.c"   @ string offset=68
.Linfo_string2:
	.asciz	"C:\\baidunetdiskdownload\\\346\263\260\347\237\275\345\276\256\\\346\260\233\345\233\264\347\201\257\\TCPL0X_AUTO_SDK_V2.0.0\\TCPL0X_AUTO_SDK_V2.0.0\\examples\\tcpl04x\\demo_apps\\tcpl04b_swsc_lean\\MDK" @ string offset=95
.Linfo_string3:
	.asciz	"lin_virtual_ifc"               @ string offset=234
.Linfo_string4:
	.asciz	"unsigned char"                 @ string offset=250
.Linfo_string5:
	.asciz	"SCI0"                          @ string offset=264
.Linfo_string6:
	.asciz	"SCI1"                          @ string offset=269
.Linfo_string7:
	.asciz	"SCI2"                          @ string offset=274
.Linfo_string8:
	.asciz	"SCI3"                          @ string offset=279
.Linfo_string9:
	.asciz	"SCI4"                          @ string offset=284
.Linfo_string10:
	.asciz	"SCI5"                          @ string offset=289
.Linfo_string11:
	.asciz	"G_PIO"                         @ string offset=294
.Linfo_string12:
	.asciz	"SLIC"                          @ string offset=300
.Linfo_string13:
	.asciz	"lin_hardware_name"             @ string offset=305
.Linfo_string14:
	.asciz	"lin_save_configuration_flg"    @ string offset=323
.Linfo_string15:
	.asciz	"l_u8"                          @ string offset=350
.Linfo_string16:
	.asciz	"LI0_response_error_signal"     @ string offset=355
.Linfo_string17:
	.asciz	"LI0_ALE_SigNAD_ADDR1"          @ string offset=381
.Linfo_string18:
	.asciz	"LI0_ALE_SigNAD_ADDR2"          @ string offset=402
.Linfo_string19:
	.asciz	"LI0_ALE_SigPwrEnable"          @ string offset=423
.Linfo_string20:
	.asciz	"LI0_ALE_SigColorMode"          @ string offset=444
.Linfo_string21:
	.asciz	"LI0_ALE_SigWorkMode"           @ string offset=465
.Linfo_string22:
	.asciz	"LI0_ALE_SigGradientTime"       @ string offset=485
.Linfo_string23:
	.asciz	"LI0_ALE_SigColorRed_Predef"    @ string offset=509
.Linfo_string24:
	.asciz	"LI0_ALE_SigColorGreen"         @ string offset=536
.Linfo_string25:
	.asciz	"LI0_ALE_SigColorBlue"          @ string offset=558
.Linfo_string26:
	.asciz	"LI0_ALE_SigIntensity"          @ string offset=579
.Linfo_string27:
	.asciz	"LI0_ALE_RedError"              @ string offset=600
.Linfo_string28:
	.asciz	"LI0_ALE_GreenError"            @ string offset=617
.Linfo_string29:
	.asciz	"LI0_ALE_BlueError"             @ string offset=636
.Linfo_string30:
	.asciz	"LI0_ALE_TempError"             @ string offset=654
.Linfo_string31:
	.asciz	"LI0_ALE_VoltError"             @ string offset=672
.Linfo_string32:
	.asciz	"LI0_ALE_LinError"              @ string offset=690
.Linfo_string33:
	.asciz	"l_signal_handle"               @ string offset=707
.Linfo_string34:
	.asciz	"lin_pFrameBuf"                 @ string offset=723
.Linfo_string35:
	.asciz	"__ARRAY_SIZE_TYPE__"           @ string offset=737
.Linfo_string36:
	.asciz	"lin_flag_handle_tbl"           @ string offset=757
.Linfo_string37:
	.asciz	"lin_frame_tbl"                 @ string offset=777
.Linfo_string38:
	.asciz	"frm_type"                      @ string offset=791
.Linfo_string39:
	.asciz	"LIN_FRM_UNCD"                  @ string offset=800
.Linfo_string40:
	.asciz	"LIN_FRM_EVNT"                  @ string offset=813
.Linfo_string41:
	.asciz	"LIN_FRM_SPRDC"                 @ string offset=826
.Linfo_string42:
	.asciz	"LIN_FRM_DIAG"                  @ string offset=840
.Linfo_string43:
	.asciz	"lin_frame_type"                @ string offset=853
.Linfo_string44:
	.asciz	"frm_len"                       @ string offset=868
.Linfo_string45:
	.asciz	"frm_response"                  @ string offset=876
.Linfo_string46:
	.asciz	"LIN_RES_NOTHING"               @ string offset=889
.Linfo_string47:
	.asciz	"LIN_RES_PUB"                   @ string offset=905
.Linfo_string48:
	.asciz	"LIN_RES_SUB"                   @ string offset=917
.Linfo_string49:
	.asciz	"lin_frame_response"            @ string offset=929
.Linfo_string50:
	.asciz	"frm_offset"                    @ string offset=948
.Linfo_string51:
	.asciz	"unsigned short"                @ string offset=959
.Linfo_string52:
	.asciz	"l_u16"                         @ string offset=974
.Linfo_string53:
	.asciz	"flag_offset"                   @ string offset=980
.Linfo_string54:
	.asciz	"flag_size"                     @ string offset=992
.Linfo_string55:
	.asciz	"frame_data"                    @ string offset=1002
.Linfo_string56:
	.asciz	"lin_frame_struct"              @ string offset=1013
.Linfo_string57:
	.asciz	"lin_frame_flag_tbl"            @ string offset=1030
.Linfo_string58:
	.asciz	"l_bool"                        @ string offset=1049
.Linfo_string59:
	.asciz	"lin_frame_updating_flag_tbl"   @ string offset=1056
.Linfo_string60:
	.asciz	"lin_max_frame_res_timeout_val" @ string offset=1084
.Linfo_string61:
	.asciz	"lin_configuration_RAM"         @ string offset=1114
.Linfo_string62:
	.asciz	"lin_configuration_ROM"         @ string offset=1136
.Linfo_string63:
	.asciz	"lin_configured_NAD"            @ string offset=1158
.Linfo_string64:
	.asciz	"lin_initial_NAD"               @ string offset=1177
.Linfo_string65:
	.asciz	"product_id"                    @ string offset=1193
.Linfo_string66:
	.asciz	"supplier_id"                   @ string offset=1204
.Linfo_string67:
	.asciz	"function_id"                   @ string offset=1216
.Linfo_string68:
	.asciz	"variant"                       @ string offset=1228
.Linfo_string69:
	.asciz	"lin_product_id"                @ string offset=1236
.Linfo_string70:
	.asciz	"response_error"                @ string offset=1251
.Linfo_string71:
	.asciz	"num_frame_have_esignal"        @ string offset=1266
.Linfo_string72:
	.asciz	"lin_response_error_byte_offset" @ string offset=1289
.Linfo_string73:
	.asciz	"lin_response_error_bit_offset" @ string offset=1320
.Linfo_string74:
	.asciz	"lin_tl_tx_queue"               @ string offset=1350
.Linfo_string75:
	.asciz	"queue_header"                  @ string offset=1366
.Linfo_string76:
	.asciz	"queue_tail"                    @ string offset=1379
.Linfo_string77:
	.asciz	"queue_status"                  @ string offset=1390
.Linfo_string78:
	.asciz	"LD_NO_DATA"                    @ string offset=1403
.Linfo_string79:
	.asciz	"LD_DATA_AVAILABLE"             @ string offset=1414
.Linfo_string80:
	.asciz	"LD_RECEIVE_ERROR"              @ string offset=1432
.Linfo_string81:
	.asciz	"LD_QUEUE_FULL"                 @ string offset=1449
.Linfo_string82:
	.asciz	"LD_QUEUE_AVAILABLE"            @ string offset=1463
.Linfo_string83:
	.asciz	"LD_QUEUE_EMPTY"                @ string offset=1482
.Linfo_string84:
	.asciz	"LD_TRANSMIT_ERROR"             @ string offset=1497
.Linfo_string85:
	.asciz	"ld_queue_status"               @ string offset=1515
.Linfo_string86:
	.asciz	"queue_current_size"            @ string offset=1531
.Linfo_string87:
	.asciz	"queue_max_size"                @ string offset=1550
.Linfo_string88:
	.asciz	"tl_pdu"                        @ string offset=1565
.Linfo_string89:
	.asciz	"lin_tl_pdu_data"               @ string offset=1572
.Linfo_string90:
	.asciz	"lin_transport_layer_queue"     @ string offset=1588
.Linfo_string91:
	.asciz	"lin_tl_rx_queue"               @ string offset=1614
.Linfo_string92:
	.asciz	"tl_diag_state"                 @ string offset=1630
.Linfo_string93:
	.asciz	"LD_DIAG_IDLE"                  @ string offset=1644
.Linfo_string94:
	.asciz	"LD_DIAG_TX_ACTIVE"             @ string offset=1657
.Linfo_string95:
	.asciz	"LD_DIAG_TX_PHY"                @ string offset=1675
.Linfo_string96:
	.asciz	"LD_DIAG_INTERLEAVED_TX"        @ string offset=1690
.Linfo_string97:
	.asciz	"LD_DIAG_RX_PHY"                @ string offset=1713
.Linfo_string98:
	.asciz	"LD_DIAG_INTERLEAVED_RX"        @ string offset=1728
.Linfo_string99:
	.asciz	"LD_DIAG_RX_FUNCTIONAL"         @ string offset=1751
.Linfo_string100:
	.asciz	"lin_diagnostic_state"          @ string offset=1773
.Linfo_string101:
	.asciz	"tl_service_status"             @ string offset=1794
.Linfo_string102:
	.asciz	"LD_SERVICE_BUSY"               @ string offset=1812
.Linfo_string103:
	.asciz	"LD_REQUEST_FINISHED"           @ string offset=1828
.Linfo_string104:
	.asciz	"LD_SERVICE_IDLE"               @ string offset=1848
.Linfo_string105:
	.asciz	"LD_SERVICE_ERROR"              @ string offset=1864
.Linfo_string106:
	.asciz	"lin_service_status"            @ string offset=1881
.Linfo_string107:
	.asciz	"lin_diag_services_supported"   @ string offset=1900
.Linfo_string108:
	.asciz	"lin_diag_services_flag"        @ string offset=1928
.Linfo_string109:
	.asciz	"tl_slaveresp_cnt"              @ string offset=1951
.Linfo_string110:
	.asciz	"lin_lld_response_buffer"       @ string offset=1968
.Linfo_string111:
	.asciz	"lin_successful_transfer"       @ string offset=1992
.Linfo_string112:
	.asciz	"lin_error_in_response"         @ string offset=2016
.Linfo_string113:
	.asciz	"lin_goto_sleep_flg"            @ string offset=2038
.Linfo_string114:
	.asciz	"lin_word_status"               @ string offset=2057
.Linfo_string115:
	.asciz	"word"                          @ string offset=2073
.Linfo_string116:
	.asciz	"bit"                           @ string offset=2078
.Linfo_string117:
	.asciz	"error_in_res"                  @ string offset=2082
.Linfo_string118:
	.asciz	"successful_transfer"           @ string offset=2095
.Linfo_string119:
	.asciz	"overrun"                       @ string offset=2115
.Linfo_string120:
	.asciz	"gotosleep"                     @ string offset=2123
.Linfo_string121:
	.asciz	"bus_activity"                  @ string offset=2133
.Linfo_string122:
	.asciz	"etf_collision"                 @ string offset=2146
.Linfo_string123:
	.asciz	"save_conf"                     @ string offset=2160
.Linfo_string124:
	.asciz	"dummy"                         @ string offset=2170
.Linfo_string125:
	.asciz	"last_pid"                      @ string offset=2176
.Linfo_string126:
	.asciz	"wstatus"                       @ string offset=2185
.Linfo_string127:
	.asciz	"lin_word_status_str"           @ string offset=2193
.Linfo_string128:
	.asciz	"lin_current_pid"               @ string offset=2213
.Linfo_string129:
	.asciz	"buffer_backup_data"            @ string offset=2229
.Linfo_string130:
	.asciz	"lin_diag_signal_tbl"           @ string offset=2248
.Linfo_string131:
	.asciz	"tl_tx_queue_data"              @ string offset=2268
.Linfo_string132:
	.asciz	"tl_rx_queue_data"              @ string offset=2285
.Linfo_string133:
	.asciz	"tl_rx_msg_index"               @ string offset=2302
.Linfo_string134:
	.asciz	"tl_rx_msg_size"                @ string offset=2318
.Linfo_string135:
	.asciz	"tl_tx_msg_index"               @ string offset=2333
.Linfo_string136:
	.asciz	"tl_tx_msg_size"                @ string offset=2349
.Linfo_string137:
	.asciz	"tl_last_cfg_result"            @ string offset=2364
.Linfo_string138:
	.asciz	"LD_SUCCESS"                    @ string offset=2383
.Linfo_string139:
	.asciz	"LD_NEGATIVE"                   @ string offset=2394
.Linfo_string140:
	.asciz	"LD_NO_RESPONSE"                @ string offset=2406
.Linfo_string141:
	.asciz	"LD_OVERWRITTEN"                @ string offset=2421
.Linfo_string142:
	.asciz	"lin_last_cfg_result"           @ string offset=2436
.Linfo_string143:
	.asciz	"tl_last_RSID"                  @ string offset=2456
.Linfo_string144:
	.asciz	"tl_ld_error_code"              @ string offset=2469
.Linfo_string145:
	.asciz	"tl_no_of_pdu"                  @ string offset=2486
.Linfo_string146:
	.asciz	"tl_frame_counter"              @ string offset=2499
.Linfo_string147:
	.asciz	"tl_check_timeout_type"         @ string offset=2516
.Linfo_string148:
	.asciz	"LD_NO_CHECK_TIMEOUT"           @ string offset=2538
.Linfo_string149:
	.asciz	"LD_CHECK_N_AS_TIMEOUT"         @ string offset=2558
.Linfo_string150:
	.asciz	"LD_CHECK_N_CR_TIMEOUT"         @ string offset=2580
.Linfo_string151:
	.asciz	"lin_message_timeout_type"      @ string offset=2602
.Linfo_string152:
	.asciz	"tl_check_timeout"              @ string offset=2627
.Linfo_string153:
	.asciz	"tl_ident_data"                 @ string offset=2644
.Linfo_string154:
	.asciz	"tl_receive_msg_status"         @ string offset=2658
.Linfo_string155:
	.asciz	"LD_NO_MSG"                     @ string offset=2680
.Linfo_string156:
	.asciz	"LD_IN_PROGRESS"                @ string offset=2690
.Linfo_string157:
	.asciz	"LD_COMPLETED"                  @ string offset=2705
.Linfo_string158:
	.asciz	"LD_FAILED"                     @ string offset=2718
.Linfo_string159:
	.asciz	"LD_N_AS_TIMEOUT"               @ string offset=2728
.Linfo_string160:
	.asciz	"LD_N_CR_TIMEOUT"               @ string offset=2744
.Linfo_string161:
	.asciz	"LD_WRONG_SN"                   @ string offset=2760
.Linfo_string162:
	.asciz	"lin_message_status"            @ string offset=2772
.Linfo_string163:
	.asciz	"tl_rx_msg_status"              @ string offset=2791
.Linfo_string164:
	.asciz	"tl_tx_msg_status"              @ string offset=2808
.Linfo_string165:
	.asciz	"ld_read_by_id_callout"         @ string offset=2825
.Linfo_string166:
	.asciz	"id"                            @ string offset=2847
.Linfo_string167:
	.asciz	"data"                          @ string offset=2850
.Linfo_string168:
	.asciz	"retval"                        @ string offset=2855
	.ident	"Component: Arm Compiler for Embedded 6.21 Tool: armclang [5ec1fd00]"
	.section	".note.GNU-stack","",%progbits
	.eabi_attribute	30, 4	@ Tag_ABI_optimization_goals
	.ARM_attribute	16, 1	@ Tag_AV_eba
	.section	.debug_line,"",%progbits
.Lline_table_start0:
