	.text
	.syntax unified
	.eabi_attribute	67, "2.09"	@ Tag_conformance
	.cpu	cortex-m0
	.eabi_attribute	6, 12	@ Tag_CPU_arch
	.eabi_attribute	7, 77	@ Tag_CPU_arch_profile
	.eabi_attribute	8, 0	@ Tag_ARM_ISA_use
	.eabi_attribute	9, 1	@ Tag_THUMB_ISA_use
	.eabi_attribute	34, 0	@ Tag_CPU_unaligned_access
	.eabi_attribute	17, 1	@ Tag_ABI_PCS_GOT_use
	.eabi_attribute	20, 2	@ Tag_ABI_FP_denormal
	.eabi_attribute	21, 0	@ Tag_ABI_FP_exceptions
	.eabi_attribute	23, 1	@ Tag_ABI_FP_number_model
	.eabi_attribute	24, 1	@ Tag_ABI_align_needed
	.eabi_attribute	25, 1	@ Tag_ABI_align_preserved
	.eabi_attribute	38, 1	@ Tag_ABI_FP_16bit_format
	.eabi_attribute	18, 2	@ Tag_ABI_PCS_wchar_t
	.eabi_attribute	26, 1	@ Tag_ABI_enum_size
	.eabi_attribute	14, 0	@ Tag_ABI_PCS_R9_use
	.file	"LinLowLevel.c"
	.file	1 "C:\\baidunetdiskdownload\\\346\263\260\347\237\275\345\276\256\\\346\260\233\345\233\264\347\201\257\\TCPL0X_AUTO_SDK_V2.0.0\\TCPL0X_AUTO_SDK_V2.0.0\\examples\\tcpl04x\\demo_apps\\tcpl04b_swsc_lean\\MDK" "../05_LinService/lin.h"
	.file	2 "C:\\baidunetdiskdownload\\\346\263\260\347\237\275\345\276\256\\\346\260\233\345\233\264\347\201\257\\TCPL0X_AUTO_SDK_V2.0.0\\TCPL0X_AUTO_SDK_V2.0.0\\examples\\tcpl04x\\demo_apps\\tcpl04b_swsc_lean\\MDK" "../05_LinService/LinLowLevel.c"
	.file	3 "C:\\Keil_v5\\ARM\\ARMCLANG\\Bin\\..\\include" "stdint.h"
	.file	4 "C:\\baidunetdiskdownload\\\346\263\260\347\237\275\345\276\256\\\346\260\233\345\233\264\347\201\257\\TCPL0X_AUTO_SDK_V2.0.0\\TCPL0X_AUTO_SDK_V2.0.0\\examples\\tcpl04x\\demo_apps\\tcpl04b_swsc_lean\\MDK" "../08_TCPL04B_PAL\\pal_lin_comm.h"
	.file	5 "C:\\baidunetdiskdownload\\\346\263\260\347\237\275\345\276\256\\\346\260\233\345\233\264\347\201\257\\TCPL0X_AUTO_SDK_V2.0.0\\TCPL0X_AUTO_SDK_V2.0.0\\examples\\tcpl04x\\demo_apps\\tcpl04b_swsc_lean\\MDK" "../05_LinService/lin_cfg.h"
	.file	6 "C:\\baidunetdiskdownload\\\346\263\260\347\237\275\345\276\256\\\346\260\233\345\233\264\347\201\257\\TCPL0X_AUTO_SDK_V2.0.0\\TCPL0X_AUTO_SDK_V2.0.0\\examples\\tcpl04x\\demo_apps\\tcpl04b_swsc_lean\\MDK" "../07_TCPL04B_MCAL/tcpl04x_ll_sci.h"
	.file	7 "C:\\baidunetdiskdownload\\\346\263\260\347\237\275\345\276\256\\\346\260\233\345\233\264\347\201\257\\TCPL0X_AUTO_SDK_V2.0.0\\TCPL0X_AUTO_SDK_V2.0.0\\examples\\tcpl04x\\demo_apps\\tcpl04b_swsc_lean\\MDK" "../07_TCPL04B_MCAL\\tcpl04x_ll_def.h"
	.section	.text.lin_sci_baudrate_update,"ax",%progbits
	.hidden	lin_sci_baudrate_update         @ -- Begin function lin_sci_baudrate_update
	.weak	lin_sci_baudrate_update
	.p2align	1
	.type	lin_sci_baudrate_update,%function
	.code	16                              @ @lin_sci_baudrate_update
	.thumb_func
lin_sci_baudrate_update:
.Lfunc_begin0:
	.fnstart
	.cfi_sections .debug_frame
	.cfi_startproc
@ %bb.0:
	.loc	2 93 1 prologue_end             @ ../05_LinService/LinLowLevel.c:93:1
	bx	lr
.Ltmp0:
.Lfunc_end0:
	.size	lin_sci_baudrate_update, .Lfunc_end0-lin_sci_baudrate_update
	.cfi_endproc
	.cantunwind
	.fnend
                                        @ -- End function
	.section	.text.lin_process_break_handle,"ax",%progbits
	.hidden	lin_process_break_handle        @ -- Begin function lin_process_break_handle
	.weak	lin_process_break_handle
	.p2align	1
	.type	lin_process_break_handle,%function
	.code	16                              @ @lin_process_break_handle
	.thumb_func
lin_process_break_handle:
.Lfunc_begin1:
	.fnstart
	.cfi_startproc
@ %bb.0:
	.loc	2 105 1 prologue_end            @ ../05_LinService/LinLowLevel.c:105:1
	bx	lr
.Ltmp1:
.Lfunc_end1:
	.size	lin_process_break_handle, .Lfunc_end1-lin_process_break_handle
	.cfi_endproc
	.cantunwind
	.fnend
                                        @ -- End function
	.section	.text.lin_param_init,"ax",%progbits
	.hidden	lin_param_init                  @ -- Begin function lin_param_init
	.globl	lin_param_init
	.p2align	2
	.type	lin_param_init,%function
	.code	16                              @ @lin_param_init
	.thumb_func
lin_param_init:
.Lfunc_begin2:
	.fnstart
	.cfi_startproc
@ %bb.0:
	.loc	2 116 27 prologue_end           @ ../05_LinService/LinLowLevel.c:116:27
	ldr	r0, __arm_cp.2_0
	ldr	r1, __arm_cp.2_1
	.loc	2 126 28                        @ ../05_LinService/LinLowLevel.c:126:28
	str	r1, [r0, #32]
	movs	r1, #11
	.loc	2 125 37                        @ ../05_LinService/LinLowLevel.c:125:37
	strb	r1, [r0, #30]
	ldr	r1, __arm_cp.2_2
	movs	r2, #129
	lsls	r2, r2, #2
	.loc	2 123 29                        @ ../05_LinService/LinLowLevel.c:123:29
	strh	r2, [r0, #28]
	movs	r2, #75
	lsls	r2, r2, #8
	.loc	2 116 27                        @ ../05_LinService/LinLowLevel.c:116:27
	str	r2, [r0, #20]
	.loc	2 117 30                        @ ../05_LinService/LinLowLevel.c:117:30
	str	r1, [r0, #24]
	.loc	2 128 1                         @ ../05_LinService/LinLowLevel.c:128:1
	bx	lr
.Ltmp2:
	.p2align	2
@ %bb.1:
	.loc	2 0 1 is_stmt 0                 @ ../05_LinService/LinLowLevel.c:0:1
__arm_cp.2_0:
	.long	.L_MergedGlobals.1
.Lcpi_end0:
	.size	__arm_cp.2_0, .Lcpi_end0-__arm_cp.2_0
__arm_cp.2_1:
	.long	65536007                        @ 0x3e80007
.Lcpi_end1:
	.size	__arm_cp.2_1, .Lcpi_end1-__arm_cp.2_1
__arm_cp.2_2:
	.long	327681000                       @ 0x138803e8
.Lcpi_end2:
	.size	__arm_cp.2_2, .Lcpi_end2-__arm_cp.2_2
.Lfunc_end2:
	.size	lin_param_init, .Lfunc_end2-lin_param_init
	.cfi_endproc
	.cantunwind
	.fnend
                                        @ -- End function
	.section	.text.lin_init_sci,"ax",%progbits
	.hidden	lin_init_sci                    @ -- Begin function lin_init_sci
	.globl	lin_init_sci
	.p2align	2
	.type	lin_init_sci,%function
	.code	16                              @ @lin_init_sci
	.thumb_func
lin_init_sci:
.Lfunc_begin3:
	.loc	2 138 0 is_stmt 1               @ ../05_LinService/LinLowLevel.c:138:0
	.fnstart
	.cfi_startproc
@ %bb.0:
	.save	{r7, lr}
	push	{r7, lr}
	.cfi_def_cfa_offset 8
	.cfi_offset lr, -4
	.cfi_offset r7, -8
	movs	r0, #75
	lsls	r2, r0, #8
	movs	r0, #0
.Ltmp3:
	.loc	2 139 5 prologue_end            @ ../05_LinService/LinLowLevel.c:139:5
	ldr	r3, __arm_cp.3_0
	mov	r1, r0
	bl	pal_lin_init
.Ltmp4:
	.loc	2 140 1 epilogue_begin          @ ../05_LinService/LinLowLevel.c:140:1
	pop	{r7, pc}
.Ltmp5:
	.p2align	2
@ %bb.1:
	.loc	2 0 1 is_stmt 0                 @ ../05_LinService/LinLowLevel.c:0:1
__arm_cp.3_0:
	.long	lin_lld_isr_callback
.Lcpi_end3:
	.size	__arm_cp.3_0, .Lcpi_end3-__arm_cp.3_0
.Lfunc_end3:
	.size	lin_init_sci, .Lfunc_end3-lin_init_sci
	.cfi_endproc
	.cantunwind
	.fnend
                                        @ -- End function
	.section	.text.lin_lld_isr_callback,"ax",%progbits
	.hidden	lin_lld_isr_callback            @ -- Begin function lin_lld_isr_callback
	.globl	lin_lld_isr_callback
	.p2align	2
	.type	lin_lld_isr_callback,%function
	.code	16                              @ @lin_lld_isr_callback
	.thumb_func
lin_lld_isr_callback:
.Lfunc_begin4:
	.loc	2 591 0 is_stmt 1               @ ../05_LinService/LinLowLevel.c:591:0
	.fnstart
	.cfi_startproc
@ %bb.0:
	@DEBUG_VALUE: lin_lld_isr_callback:isr <- $r0
	.save	{r4, r5, r6, r7, lr}
	.pad	#4
	push	{r3, r4, r5, r6, r7, lr}
	.cfi_def_cfa_offset 24
	.cfi_offset lr, -4
	.cfi_offset r7, -8
	.cfi_offset r6, -12
	.cfi_offset r5, -16
	.cfi_offset r4, -20
	mov	r4, r0
.Ltmp6:
	@DEBUG_VALUE: lin_lld_isr_callback:isr <- $r4
	.loc	2 624 9 prologue_end            @ ../05_LinService/LinLowLevel.c:624:9
	lsls	r0, r0, #21
	bpl	.LBB4_4
.Ltmp7:
@ %bb.1:
	@DEBUG_VALUE: lin_lld_isr_callback:isr <- $r4
	.loc	2 626 9                         @ ../05_LinService/LinLowLevel.c:626:9
	bl	lin_process_break_handle
.Ltmp8:
	.loc	2 630 29                        @ ../05_LinService/LinLowLevel.c:630:29
	ldr	r0, __arm_cp.4_0
	ldrh	r1, [r0, #12]
	.loc	2 630 27 is_stmt 0              @ ../05_LinService/LinLowLevel.c:630:27
	ldr	r0, __arm_cp.4_1
	strh	r1, [r0, #6]
.Ltmp9:
	.loc	2 632 31 is_stmt 1              @ ../05_LinService/LinLowLevel.c:632:31
	ldr	r1, __arm_cp.4_2
	ldrb	r2, [r1]
.Ltmp10:
	.loc	2 632 13 is_stmt 0              @ ../05_LinService/LinLowLevel.c:632:13
	cmp	r2, #10
	bne	.LBB4_3
.Ltmp11:
@ %bb.2:
	@DEBUG_VALUE: lin_lld_isr_callback:isr <- $r4
	.loc	2 634 13 is_stmt 1              @ ../05_LinService/LinLowLevel.c:634:13
	bl	lin_goto_idle_state
.Ltmp12:
	.loc	2 890 1 epilogue_begin          @ ../05_LinService/LinLowLevel.c:890:1
	pop	{r3, r4, r5, r6, r7, pc}
.Ltmp13:
.LBB4_3:
	@DEBUG_VALUE: lin_lld_isr_callback:isr <- $r4
	.loc	2 0 1 is_stmt 0                 @ ../05_LinService/LinLowLevel.c:0:1
	movs	r2, #3
.Ltmp14:
	.loc	2 639 15 is_stmt 1              @ ../05_LinService/LinLowLevel.c:639:15
	strb	r2, [r1]
	movs	r1, #4
	.loc	2 638 23                        @ ../05_LinService/LinLowLevel.c:638:23
	strb	r1, [r0, #1]
.Ltmp15:
.LBB4_4:
	@DEBUG_VALUE: lin_lld_isr_callback:isr <- $r4
	.loc	2 0 23 is_stmt 0                @ ../05_LinService/LinLowLevel.c:0:23
	movs	r7, #32
.Ltmp16:
	.loc	2 643 19 is_stmt 1              @ ../05_LinService/LinLowLevel.c:643:19
	ands	r7, r4
.Ltmp17:
	.loc	2 643 9 is_stmt 0               @ ../05_LinService/LinLowLevel.c:643:9
	beq	.LBB4_11
.Ltmp18:
@ %bb.5:
	@DEBUG_VALUE: lin_lld_isr_callback:isr <- $r4
	.loc	2 646 19 is_stmt 1              @ ../05_LinService/LinLowLevel.c:646:19
	ldr	r5, __arm_cp.4_1
	movs	r1, #2
	strb	r1, [r5, #2]
.Ltmp19:
	.loc	2 649 14                        @ ../05_LinService/LinLowLevel.c:649:14
	ldr	r0, __arm_cp.4_2
	ldrb	r0, [r0]
	.loc	2 649 34 is_stmt 0              @ ../05_LinService/LinLowLevel.c:649:34
	subs	r2, r0, #6
	cmp	r2, #2
	bhi	.LBB4_11
.Ltmp20:
@ %bb.6:
	@DEBUG_VALUE: lin_lld_isr_callback:isr <- $r4
	.loc	2 651 17 is_stmt 1              @ ../05_LinService/LinLowLevel.c:651:17
	cmp	r0, #6
	beq	.LBB4_9
.Ltmp21:
@ %bb.7:
	@DEBUG_VALUE: lin_lld_isr_callback:isr <- $r4
	cmp	r0, #7
	bne	.LBB4_10
.Ltmp22:
@ %bb.8:
	@DEBUG_VALUE: lin_lld_isr_callback:isr <- $r4
	.loc	2 0 17 is_stmt 0                @ ../05_LinService/LinLowLevel.c:0:17
	movs	r1, #1
.Ltmp23:
.LBB4_9:
	@DEBUG_VALUE: lin_lld_isr_callback:isr <- $r4
	movs	r0, #0
.Ltmp24:
	bl	pal_lin_abort_handle
.Ltmp25:
.LBB4_10:
	@DEBUG_VALUE: lin_lld_isr_callback:isr <- $r4
	.loc	2 662 13 is_stmt 1              @ ../05_LinService/LinLowLevel.c:662:13
	ldrb	r1, [r5, #3]
	movs	r0, #4
	bl	lin_pid_response_callback_handler
.Ltmp26:
	.loc	2 663 13                        @ ../05_LinService/LinLowLevel.c:663:13
	bl	lin_goto_idle_state
.Ltmp27:
.LBB4_11:
	@DEBUG_VALUE: lin_lld_isr_callback:isr <- $r4
	.loc	2 0 13 is_stmt 0                @ ../05_LinService/LinLowLevel.c:0:13
	ldr	r6, __arm_cp.4_2
	ldrb	r0, [r6]
.Ltmp28:
	.loc	2 668 44 is_stmt 1              @ ../05_LinService/LinLowLevel.c:668:44
	lsls	r1, r4, #20
	bpl	.LBB4_14
.Ltmp29:
@ %bb.12:
	@DEBUG_VALUE: lin_lld_isr_callback:isr <- $r4
	cmp	r0, #3
	bne	.LBB4_14
.Ltmp30:
@ %bb.13:
	@DEBUG_VALUE: lin_lld_isr_callback:isr <- $r4
	.loc	2 0 44 is_stmt 0                @ ../05_LinService/LinLowLevel.c:0:44
	movs	r0, #0
.Ltmp31:
	.loc	2 670 9 is_stmt 1               @ ../05_LinService/LinLowLevel.c:670:9
	bl	pal_lin_autobaudrate_check
.Ltmp32:
	.loc	2 0 9 is_stmt 0                 @ ../05_LinService/LinLowLevel.c:0:9
	movs	r0, #4
	.loc	2 671 15 is_stmt 1              @ ../05_LinService/LinLowLevel.c:671:15
	strb	r0, [r6]
.Ltmp33:
.LBB4_14:
	@DEBUG_VALUE: lin_lld_isr_callback:isr <- $r4
	.loc	2 675 9                         @ ../05_LinService/LinLowLevel.c:675:9
	lsls	r1, r4, #29
	bpl	.LBB4_19
.Ltmp34:
@ %bb.15:
	@DEBUG_VALUE: lin_lld_isr_callback:isr <- $r4
	cmp	r0, #4
	bne	.LBB4_19
.Ltmp35:
@ %bb.16:
	@DEBUG_VALUE: lin_lld_isr_callback:isr <- $r4
	.loc	2 0 9 is_stmt 0                 @ ../05_LinService/LinLowLevel.c:0:9
	movs	r0, #0
	mov	r5, sp
.Ltmp36:
	.loc	2 681 13 is_stmt 1              @ ../05_LinService/LinLowLevel.c:681:13
	mov	r1, r0
	mov	r2, r5
	bl	pal_lin_read_byte
.Ltmp37:
	.loc	2 683 45                        @ ../05_LinService/LinLowLevel.c:683:45
	ldrb	r0, [r5]
	movs	r1, #1
	.loc	2 683 26 is_stmt 0              @ ../05_LinService/LinLowLevel.c:683:26
	bl	lin_process_parity
.Ltmp38:
	mov	r1, r0
	.loc	2 683 24                        @ ../05_LinService/LinLowLevel.c:683:24
	ldr	r5, __arm_cp.4_1
	strb	r0, [r5, #3]
	.loc	2 685 19 is_stmt 1              @ ../05_LinService/LinLowLevel.c:685:19
	ldr	r0, [sp]
	.loc	2 685 17 is_stmt 0              @ ../05_LinService/LinLowLevel.c:685:17
	strb	r0, [r6, #1]
	.loc	2 687 17 is_stmt 1              @ ../05_LinService/LinLowLevel.c:687:17
	cmp	r1, #255
	beq	.LBB4_18
.Ltmp39:
@ %bb.17:
	@DEBUG_VALUE: lin_lld_isr_callback:isr <- $r4
	.loc	2 0 17 is_stmt 0                @ ../05_LinService/LinLowLevel.c:0:17
	movs	r0, #0
.Ltmp40:
	.loc	2 689 17 is_stmt 1              @ ../05_LinService/LinLowLevel.c:689:17
	bl	lin_pid_response_callback_handler
.Ltmp41:
	.loc	2 690 71                        @ ../05_LinService/LinLowLevel.c:690:71
	ldr	r0, __arm_cp.4_3
	ldrb	r0, [r0]
	.loc	2 690 90 is_stmt 0              @ ../05_LinService/LinLowLevel.c:690:90
	lsls	r0, r0, #1
	.loc	2 690 41                        @ ../05_LinService/LinLowLevel.c:690:41
	ldr	r1, __arm_cp.4_0
	adds	r0, r0, r1
	subs	r0, r0, #2
	ldrh	r0, [r0]
	.loc	2 690 39                        @ ../05_LinService/LinLowLevel.c:690:39
	strh	r0, [r5, #8]
	b	.LBB4_19
.Ltmp42:
.LBB4_18:
	@DEBUG_VALUE: lin_lld_isr_callback:isr <- $r4
	.loc	2 0 39                          @ ../05_LinService/LinLowLevel.c:0:39
	movs	r0, #3
.Ltmp43:
	.loc	2 694 27 is_stmt 1              @ ../05_LinService/LinLowLevel.c:694:27
	strb	r0, [r5, #2]
	.loc	2 695 31                        @ ../05_LinService/LinLowLevel.c:695:31
	ldrb	r1, [r5, #1]
	movs	r2, #64
	orrs	r2, r1
	strb	r2, [r5, #1]
	movs	r1, #255
	.loc	2 697 17                        @ ../05_LinService/LinLowLevel.c:697:17
	bl	lin_pid_response_callback_handler
.Ltmp44:
	.loc	2 698 17                        @ ../05_LinService/LinLowLevel.c:698:17
	bl	lin_goto_idle_state
.Ltmp45:
.LBB4_19:
	@DEBUG_VALUE: lin_lld_isr_callback:isr <- $r4
	.loc	2 709 9                         @ ../05_LinService/LinLowLevel.c:709:9
	lsls	r0, r4, #31
	beq	.LBB4_33
.Ltmp46:
@ %bb.20:
	@DEBUG_VALUE: lin_lld_isr_callback:isr <- $r4
	.loc	2 711 13                        @ ../05_LinService/LinLowLevel.c:711:13
	cmp	r7, #0
	bne	.LBB4_22
.Ltmp47:
@ %bb.21:
	@DEBUG_VALUE: lin_lld_isr_callback:isr <- $r4
	.loc	2 0 13 is_stmt 0                @ ../05_LinService/LinLowLevel.c:0:13
	movs	r0, #0
	movs	r1, #1
	mov	r2, sp
.Ltmp48:
	.loc	2 713 13 is_stmt 1              @ ../05_LinService/LinLowLevel.c:713:13
	bl	pal_lin_read_byte
.Ltmp49:
.LBB4_22:
	@DEBUG_VALUE: lin_lld_isr_callback:isr <- $r4
	.loc	2 716 17                        @ ../05_LinService/LinLowLevel.c:716:17
	ldrb	r0, [r6]
	.loc	2 716 9 is_stmt 0               @ ../05_LinService/LinLowLevel.c:716:9
	cmp	r0, #10
	beq	.LBB4_27
.Ltmp50:
@ %bb.23:
	@DEBUG_VALUE: lin_lld_isr_callback:isr <- $r4
	cmp	r0, #6
	bne	.LBB4_33
.Ltmp51:
@ %bb.24:
	@DEBUG_VALUE: lin_lld_isr_callback:isr <- $r4
	.loc	2 719 20 is_stmt 1              @ ../05_LinService/LinLowLevel.c:719:20
	ldr	r5, __arm_cp.4_1
	ldr	r0, [r5, #16]
	adds	r1, r0, #1
	str	r1, [r5, #16]
	.loc	2 720 26                        @ ../05_LinService/LinLowLevel.c:720:26
	ldr	r1, [sp]
	.loc	2 720 24 is_stmt 0              @ ../05_LinService/LinLowLevel.c:720:24
	strb	r1, [r0, #1]
.Ltmp52:
	.loc	2 727 34 is_stmt 1              @ ../05_LinService/LinLowLevel.c:727:34
	ldr	r0, __arm_cp.4_3
	ldrb	r0, [r0]
	.loc	2 727 21 is_stmt 0              @ ../05_LinService/LinLowLevel.c:727:21
	ldrb	r1, [r5]
.Ltmp53:
	.loc	2 727 21                        @ ../05_LinService/LinLowLevel.c:727:21
	cmp	r1, r0
	bne	.LBB4_32
.Ltmp54:
@ %bb.25:
	@DEBUG_VALUE: lin_lld_isr_callback:isr <- $r4
	.loc	2 0 21                          @ ../05_LinService/LinLowLevel.c:0:21
	movs	r0, #0
	movs	r1, #2
.Ltmp55:
	.loc	2 733 21 is_stmt 1              @ ../05_LinService/LinLowLevel.c:733:21
	bl	pal_lin_abort_handle
.Ltmp56:
	.loc	2 736 55                        @ ../05_LinService/LinLowLevel.c:736:55
	ldrb	r1, [r6, #1]
	.loc	2 736 38 is_stmt 0              @ ../05_LinService/LinLowLevel.c:736:38
	ldr	r0, [r5, #12]
	.loc	2 736 25                        @ ../05_LinService/LinLowLevel.c:736:25
	bl	lin_checksum
.Ltmp57:
	.loc	2 0 25                          @ ../05_LinService/LinLowLevel.c:0:25
	mov	r1, sp
	.loc	2 736 63                        @ ../05_LinService/LinLowLevel.c:736:63
	ldrb	r1, [r1]
.Ltmp58:
	.loc	2 736 25                        @ ../05_LinService/LinLowLevel.c:736:25
	cmp	r0, r1
	bne	.LBB4_30
.Ltmp59:
@ %bb.26:
	@DEBUG_VALUE: lin_lld_isr_callback:isr <- $r4
	.loc	2 0 25                          @ ../05_LinService/LinLowLevel.c:0:25
	movs	r0, #9
.Ltmp60:
	.loc	2 744 31 is_stmt 1              @ ../05_LinService/LinLowLevel.c:744:31
	strb	r0, [r6]
	.loc	2 742 39                        @ ../05_LinService/LinLowLevel.c:742:39
	ldrb	r0, [r5, #1]
	movs	r1, #1
	orrs	r1, r0
	strb	r1, [r5, #1]
	.loc	2 746 25                        @ ../05_LinService/LinLowLevel.c:746:25
	ldrb	r1, [r5, #3]
	movs	r0, #2
	bl	lin_pid_response_callback_handler
.Ltmp61:
	.loc	2 749 47                        @ ../05_LinService/LinLowLevel.c:749:47
	ldrb	r0, [r6]
.Ltmp62:
	.loc	2 749 29 is_stmt 0              @ ../05_LinService/LinLowLevel.c:749:29
	cmp	r0, #10
	bne	.LBB4_31
	b	.LBB4_32
.Ltmp63:
.LBB4_27:
	@DEBUG_VALUE: lin_lld_isr_callback:isr <- $r4
	.loc	2 0 29                          @ ../05_LinService/LinLowLevel.c:0:29
	mov	r0, sp
.Ltmp64:
	.loc	2 771 22 is_stmt 1              @ ../05_LinService/LinLowLevel.c:771:22
	ldrb	r0, [r0]
	.loc	2 771 40 is_stmt 0              @ ../05_LinService/LinLowLevel.c:771:40
	lsrs	r1, r0, #4
	lsls	r0, r0, #4
	adds	r0, r0, r1
	movs	r1, #8
	eors	r1, r0
	uxtb	r0, r1
	cmp	r0, #8
	bhi	.LBB4_33
.Ltmp65:
@ %bb.28:
	@DEBUG_VALUE: lin_lld_isr_callback:isr <- $r4
	.loc	2 0 40                          @ ../05_LinService/LinLowLevel.c:0:40
	movs	r1, #1
	lsls	r1, r0
	movs	r0, #255
	adds	r0, #210
	tst	r1, r0
	beq	.LBB4_33
.Ltmp66:
@ %bb.29:
	@DEBUG_VALUE: lin_lld_isr_callback:isr <- $r4
	.loc	2 774 21 is_stmt 1              @ ../05_LinService/LinLowLevel.c:774:21
	bl	lin_goto_idle_state
.Ltmp67:
	.loc	2 0 21 is_stmt 0                @ ../05_LinService/LinLowLevel.c:0:21
	b	.LBB4_33
.Ltmp68:
.LBB4_30:
	@DEBUG_VALUE: lin_lld_isr_callback:isr <- $r4
	movs	r0, #4
.Ltmp69:
	.loc	2 756 35 is_stmt 1              @ ../05_LinService/LinLowLevel.c:756:35
	strb	r0, [r5, #2]
	.loc	2 758 39                        @ ../05_LinService/LinLowLevel.c:758:39
	ldrb	r0, [r5, #1]
	movs	r1, #18
	orrs	r1, r0
	strb	r1, [r5, #1]
	.loc	2 761 25                        @ ../05_LinService/LinLowLevel.c:761:25
	ldrb	r1, [r5, #3]
	movs	r0, #5
	bl	lin_pid_response_callback_handler
.Ltmp70:
.LBB4_31:
	@DEBUG_VALUE: lin_lld_isr_callback:isr <- $r4
	.loc	2 0 0 is_stmt 0                 @ ../05_LinService/LinLowLevel.c:0:0
	bl	lin_goto_idle_state
.Ltmp71:
.LBB4_32:
	@DEBUG_VALUE: lin_lld_isr_callback:isr <- $r4
	.loc	2 767 25 is_stmt 1              @ ../05_LinService/LinLowLevel.c:767:25
	ldrb	r0, [r5]
	adds	r0, r0, #1
	strb	r0, [r5]
.Ltmp72:
.LBB4_33:
	@DEBUG_VALUE: lin_lld_isr_callback:isr <- $r4
	.loc	2 0 25 is_stmt 0                @ ../05_LinService/LinLowLevel.c:0:25
	ldrb	r0, [r6]
	.loc	2 785 9 is_stmt 1               @ ../05_LinService/LinLowLevel.c:785:9
	lsls	r1, r4, #23
	bpl	.LBB4_36
.Ltmp73:
@ %bb.34:
	@DEBUG_VALUE: lin_lld_isr_callback:isr <- $r4
	cmp	r0, #7
	bne	.LBB4_36
.Ltmp74:
@ %bb.35:
	@DEBUG_VALUE: lin_lld_isr_callback:isr <- $r4
	.loc	2 0 9 is_stmt 0                 @ ../05_LinService/LinLowLevel.c:0:9
	movs	r0, #9
.Ltmp75:
	.loc	2 790 19 is_stmt 1              @ ../05_LinService/LinLowLevel.c:790:19
	strb	r0, [r6]
	.loc	2 789 27                        @ ../05_LinService/LinLowLevel.c:789:27
	ldr	r1, __arm_cp.4_1
	ldrb	r2, [r1, #1]
	movs	r0, #1
	orrs	r2, r0
	strb	r2, [r1, #1]
	.loc	2 791 13                        @ ../05_LinService/LinLowLevel.c:791:13
	ldrb	r1, [r1, #3]
	bl	lin_pid_response_callback_handler
.Ltmp76:
	.loc	2 792 13                        @ ../05_LinService/LinLowLevel.c:792:13
	bl	lin_sci_baudrate_update
.Ltmp77:
	.loc	2 793 13                        @ ../05_LinService/LinLowLevel.c:793:13
	bl	lin_goto_idle_state
.Ltmp78:
	.loc	2 0 13 is_stmt 0                @ ../05_LinService/LinLowLevel.c:0:13
	ldrb	r0, [r6]
.Ltmp79:
.LBB4_36:
	@DEBUG_VALUE: lin_lld_isr_callback:isr <- $r4
	.loc	2 798 9 is_stmt 1               @ ../05_LinService/LinLowLevel.c:798:9
	lsls	r1, r4, #17
	bpl	.LBB4_39
.Ltmp80:
@ %bb.37:
	@DEBUG_VALUE: lin_lld_isr_callback:isr <- $r4
	cmp	r0, #7
	bne	.LBB4_39
.Ltmp81:
@ %bb.38:
	@DEBUG_VALUE: lin_lld_isr_callback:isr <- $r4
	.loc	2 802 23                        @ ../05_LinService/LinLowLevel.c:802:23
	ldr	r5, __arm_cp.4_1
	movs	r0, #8
	strb	r0, [r5, #2]
	movs	r0, #0
	movs	r1, #1
	.loc	2 806 13                        @ ../05_LinService/LinLowLevel.c:806:13
	bl	pal_lin_abort_handle
.Ltmp82:
	.loc	2 807 13                        @ ../05_LinService/LinLowLevel.c:807:13
	ldrb	r1, [r5, #3]
	movs	r0, #6
	bl	lin_pid_response_callback_handler
.Ltmp83:
	.loc	2 808 13                        @ ../05_LinService/LinLowLevel.c:808:13
	bl	lin_goto_idle_state
.Ltmp84:
	.loc	2 0 13 is_stmt 0                @ ../05_LinService/LinLowLevel.c:0:13
	ldrb	r0, [r6]
.Ltmp85:
.LBB4_39:
	@DEBUG_VALUE: lin_lld_isr_callback:isr <- $r4
	.loc	2 815 9 is_stmt 1               @ ../05_LinService/LinLowLevel.c:815:9
	lsls	r1, r4, #22
	bpl	.LBB4_47
.Ltmp86:
@ %bb.40:
	@DEBUG_VALUE: lin_lld_isr_callback:isr <- $r4
	cmp	r0, #7
	bne	.LBB4_47
.Ltmp87:
@ %bb.41:
	@DEBUG_VALUE: lin_lld_isr_callback:isr <- $r4
	.loc	2 819 29                        @ ../05_LinService/LinLowLevel.c:819:29
	ldr	r0, __arm_cp.4_3
	ldrb	r0, [r0]
	.loc	2 819 17 is_stmt 0              @ ../05_LinService/LinLowLevel.c:819:17
	ldr	r5, __arm_cp.4_1
	ldrb	r2, [r5]
.Ltmp88:
	.loc	2 819 17                        @ ../05_LinService/LinLowLevel.c:819:17
	cmp	r2, r0
	bhi	.LBB4_47
.Ltmp89:
@ %bb.42:
	@DEBUG_VALUE: lin_lld_isr_callback:isr <- $r4
	.loc	2 821 21 is_stmt 1              @ ../05_LinService/LinLowLevel.c:821:21
	ldrb	r1, [r5, #2]
	.loc	2 821 46 is_stmt 0              @ ../05_LinService/LinLowLevel.c:821:46
	cmp	r1, #8
	bne	.LBB4_44
.Ltmp90:
@ %bb.43:
	@DEBUG_VALUE: lin_lld_isr_callback:isr <- $r4
	.loc	2 821 49                        @ ../05_LinService/LinLowLevel.c:821:49
	ldrb	r1, [r5, #2]
.Ltmp91:
	.loc	2 821 21                        @ ../05_LinService/LinLowLevel.c:821:21
	cmp	r1, #2
	beq	.LBB4_47
.Ltmp92:
.LBB4_44:
	@DEBUG_VALUE: lin_lld_isr_callback:isr <- $r4
	.loc	2 824 50 is_stmt 1              @ ../05_LinService/LinLowLevel.c:824:50
	ldr	r1, [r5, #12]
	.loc	2 824 75 is_stmt 0              @ ../05_LinService/LinLowLevel.c:824:75
	adds	r1, r2, r1
	.loc	2 824 50                        @ ../05_LinService/LinLowLevel.c:824:50
	adds	r1, r1, #1
	.loc	2 823 48 is_stmt 1              @ ../05_LinService/LinLowLevel.c:823:48
	subs	r6, r0, r2
	.loc	2 823 27 is_stmt 0              @ ../05_LinService/LinLowLevel.c:823:27
	cmp	r6, #5
	blt	.LBB4_46
.Ltmp93:
@ %bb.45:
	@DEBUG_VALUE: lin_lld_isr_callback:isr <- $r4
	.loc	2 0 27                          @ ../05_LinService/LinLowLevel.c:0:27
	movs	r6, #4
.Ltmp94:
.LBB4_46:
	@DEBUG_VALUE: lin_lld_isr_callback:isr <- $r4
	@DEBUG_VALUE: lin_lld_isr_callback:len <- $r6
	.loc	2 824 21 is_stmt 1              @ ../05_LinService/LinLowLevel.c:824:21
	uxtb	r2, r6
	movs	r0, #0
	bl	pal_lin_tx_4byte
.Ltmp95:
	.loc	2 825 30                        @ ../05_LinService/LinLowLevel.c:825:30
	ldrb	r0, [r5]
	adds	r0, r0, r6
	strb	r0, [r5]
.Ltmp96:
.LBB4_47:
	@DEBUG_VALUE: lin_lld_isr_callback:isr <- $r4
	.loc	2 834 9                         @ ../05_LinService/LinLowLevel.c:834:9
	lsls	r0, r4, #19
	bpl	.LBB4_49
.Ltmp97:
@ %bb.48:
	@DEBUG_VALUE: lin_lld_isr_callback:isr <- $r4
	.loc	2 836 19                        @ ../05_LinService/LinLowLevel.c:836:19
	ldr	r0, __arm_cp.4_1
	movs	r1, #1
	strb	r1, [r0, #2]
	.loc	2 841 9                         @ ../05_LinService/LinLowLevel.c:841:9
	bl	lin_goto_idle_state
.Ltmp98:
.LBB4_49:
	@DEBUG_VALUE: lin_lld_isr_callback:isr <- $r4
	.loc	2 845 9                         @ ../05_LinService/LinLowLevel.c:845:9
	lsls	r0, r4, #28
	bpl	.LBB4_51
.Ltmp99:
@ %bb.50:
	@DEBUG_VALUE: lin_lld_isr_callback:isr <- $r4
	.loc	2 847 19                        @ ../05_LinService/LinLowLevel.c:847:19
	ldr	r0, __arm_cp.4_1
	movs	r1, #3
	strb	r1, [r0, #2]
.Ltmp100:
.LBB4_51:
	@DEBUG_VALUE: lin_lld_isr_callback:isr <- $r4
	.loc	2 853 9                         @ ../05_LinService/LinLowLevel.c:853:9
	lsls	r0, r4, #25
	bpl	.LBB4_53
.Ltmp101:
@ %bb.52:
	@DEBUG_VALUE: lin_lld_isr_callback:isr <- $r4
	.loc	2 855 19                        @ ../05_LinService/LinLowLevel.c:855:19
	ldr	r0, __arm_cp.4_1
	movs	r1, #5
	strb	r1, [r0, #2]
.Ltmp102:
.LBB4_53:
	@DEBUG_VALUE: lin_lld_isr_callback:isr <- $r4
	.loc	2 861 9                         @ ../05_LinService/LinLowLevel.c:861:9
	lsls	r0, r4, #24
	bpl	.LBB4_55
.Ltmp103:
@ %bb.54:
	@DEBUG_VALUE: lin_lld_isr_callback:isr <- $r4
	.loc	2 863 19                        @ ../05_LinService/LinLowLevel.c:863:19
	ldr	r0, __arm_cp.4_1
	movs	r1, #6
	strb	r1, [r0, #2]
.Ltmp104:
.LBB4_55:
	@DEBUG_VALUE: lin_lld_isr_callback:isr <- $r4
	.loc	2 890 1 epilogue_begin          @ ../05_LinService/LinLowLevel.c:890:1
	pop	{r3, r4, r5, r6, r7, pc}
.Ltmp105:
	.p2align	2
@ %bb.56:
	.loc	2 0 1 is_stmt 0                 @ ../05_LinService/LinLowLevel.c:0:1
__arm_cp.4_0:
	.long	lin_max_frame_res_timeout_val
.Lcpi_end4:
	.size	__arm_cp.4_0, .Lcpi_end4-__arm_cp.4_0
__arm_cp.4_1:
	.long	.L_MergedGlobals.1
.Lcpi_end5:
	.size	__arm_cp.4_1, .Lcpi_end5-__arm_cp.4_1
__arm_cp.4_2:
	.long	.L_MergedGlobals
.Lcpi_end6:
	.size	__arm_cp.4_2, .Lcpi_end6-__arm_cp.4_2
__arm_cp.4_3:
	.long	lin_lld_response_buffer
.Lcpi_end7:
	.size	__arm_cp.4_3, .Lcpi_end7-__arm_cp.4_3
.Lfunc_end4:
	.size	lin_lld_isr_callback, .Lfunc_end4-lin_lld_isr_callback
	.cfi_endproc
	.cantunwind
	.fnend
                                        @ -- End function
	.section	.text.lin_lld_sci_int_disable,"ax",%progbits
	.hidden	lin_lld_sci_int_disable         @ -- Begin function lin_lld_sci_int_disable
	.globl	lin_lld_sci_int_disable
	.p2align	1
	.type	lin_lld_sci_int_disable,%function
	.code	16                              @ @lin_lld_sci_int_disable
	.thumb_func
lin_lld_sci_int_disable:
.Lfunc_begin5:
	.loc	2 150 0 is_stmt 1               @ ../05_LinService/LinLowLevel.c:150:0
	.fnstart
	.cfi_startproc
@ %bb.0:
	.save	{r7, lr}
	push	{r7, lr}
	.cfi_def_cfa_offset 8
	.cfi_offset lr, -4
	.cfi_offset r7, -8
	movs	r0, #0
.Ltmp106:
	.loc	2 151 5 prologue_end            @ ../05_LinService/LinLowLevel.c:151:5
	bl	pal_lin_deinit
.Ltmp107:
	.loc	2 152 1 epilogue_begin          @ ../05_LinService/LinLowLevel.c:152:1
	pop	{r7, pc}
.Ltmp108:
.Lfunc_end5:
	.size	lin_lld_sci_int_disable, .Lfunc_end5-lin_lld_sci_int_disable
	.cfi_endproc
	.cantunwind
	.fnend
                                        @ -- End function
	.section	.text.lin_lld_sci_deinit,"ax",%progbits
	.hidden	lin_lld_sci_deinit              @ -- Begin function lin_lld_sci_deinit
	.globl	lin_lld_sci_deinit
	.p2align	2
	.type	lin_lld_sci_deinit,%function
	.code	16                              @ @lin_lld_sci_deinit
	.thumb_func
lin_lld_sci_deinit:
.Lfunc_begin6:
	.loc	2 162 0                         @ ../05_LinService/LinLowLevel.c:162:0
	.fnstart
	.cfi_startproc
@ %bb.0:
	.save	{r7, lr}
	push	{r7, lr}
	.cfi_def_cfa_offset 8
	.cfi_offset lr, -4
	.cfi_offset r7, -8
.Ltmp109:
	.loc	2 163 11 prologue_end           @ ../05_LinService/LinLowLevel.c:163:11
	ldr	r0, __arm_cp.6_0
	movs	r1, #255
	strb	r1, [r0]
	.loc	2 164 5                         @ ../05_LinService/LinLowLevel.c:164:5
	bl	lin_lld_sci_int_disable
.Ltmp110:
	.loc	2 165 1 epilogue_begin          @ ../05_LinService/LinLowLevel.c:165:1
	pop	{r7, pc}
.Ltmp111:
	.p2align	2
@ %bb.1:
	.loc	2 0 1 is_stmt 0                 @ ../05_LinService/LinLowLevel.c:0:1
__arm_cp.6_0:
	.long	.L_MergedGlobals
.Lcpi_end8:
	.size	__arm_cp.6_0, .Lcpi_end8-__arm_cp.6_0
.Lfunc_end6:
	.size	lin_lld_sci_deinit, .Lfunc_end6-lin_lld_sci_deinit
	.cfi_endproc
	.cantunwind
	.fnend
                                        @ -- End function
	.section	.text.lin_lld_sci_tx_wake_up,"ax",%progbits
	.hidden	lin_lld_sci_tx_wake_up          @ -- Begin function lin_lld_sci_tx_wake_up
	.globl	lin_lld_sci_tx_wake_up
	.p2align	2
	.type	lin_lld_sci_tx_wake_up,%function
	.code	16                              @ @lin_lld_sci_tx_wake_up
	.thumb_func
lin_lld_sci_tx_wake_up:
.Lfunc_begin7:
	.loc	2 175 0 is_stmt 1               @ ../05_LinService/LinLowLevel.c:175:0
	.fnstart
	.cfi_startproc
@ %bb.0:
	.save	{r7, lr}
	push	{r7, lr}
	.cfi_def_cfa_offset 8
	.cfi_offset lr, -4
	.cfi_offset r7, -8
.Ltmp112:
	.loc	2 176 10 prologue_end           @ ../05_LinService/LinLowLevel.c:176:10
	ldr	r0, __arm_cp.7_0
	ldrb	r0, [r0]
	.loc	2 176 25 is_stmt 0              @ ../05_LinService/LinLowLevel.c:176:25
	cmp	r0, #10
	beq	.LBB7_2
@ %bb.1:
	cmp	r0, #0
	bne	.LBB7_3
.LBB7_2:
.Ltmp113:
	.loc	2 179 9 is_stmt 1               @ ../05_LinService/LinLowLevel.c:179:9
	bl	lin_goto_idle_state
.Ltmp114:
.LBB7_3:
	.loc	2 181 1 epilogue_begin          @ ../05_LinService/LinLowLevel.c:181:1
	pop	{r7, pc}
.Ltmp115:
	.p2align	2
@ %bb.4:
	.loc	2 0 1 is_stmt 0                 @ ../05_LinService/LinLowLevel.c:0:1
__arm_cp.7_0:
	.long	.L_MergedGlobals
.Lcpi_end9:
	.size	__arm_cp.7_0, .Lcpi_end9-__arm_cp.7_0
.Lfunc_end7:
	.size	lin_lld_sci_tx_wake_up, .Lfunc_end7-lin_lld_sci_tx_wake_up
	.cfi_endproc
	.cantunwind
	.fnend
                                        @ -- End function
	.section	.text.lin_goto_idle_state,"ax",%progbits
	.hidden	lin_goto_idle_state             @ -- Begin function lin_goto_idle_state
	.globl	lin_goto_idle_state
	.p2align	2
	.type	lin_goto_idle_state,%function
	.code	16                              @ @lin_goto_idle_state
	.thumb_func
lin_goto_idle_state:
.Lfunc_begin8:
	.fnstart
	.cfi_startproc
@ %bb.0:
	.loc	2 558 11 prologue_end is_stmt 1 @ ../05_LinService/LinLowLevel.c:558:11
	ldr	r0, __arm_cp.8_0
	movs	r1, #0
	strb	r1, [r0]
	.loc	2 555 19                        @ ../05_LinService/LinLowLevel.c:555:19
	ldr	r0, __arm_cp.8_1
	.loc	2 557 32                        @ ../05_LinService/LinLowLevel.c:557:32
	ldrh	r1, [r0, #26]
	.loc	2 557 22 is_stmt 0              @ ../05_LinService/LinLowLevel.c:557:22
	strh	r1, [r0, #4]
	.loc	2 555 19 is_stmt 1              @ ../05_LinService/LinLowLevel.c:555:19
	ldrb	r1, [r0, #1]
	movs	r2, #251
	ands	r2, r1
	strb	r2, [r0, #1]
	.loc	2 559 1                         @ ../05_LinService/LinLowLevel.c:559:1
	bx	lr
.Ltmp116:
	.p2align	2
@ %bb.1:
	.loc	2 0 1 is_stmt 0                 @ ../05_LinService/LinLowLevel.c:0:1
__arm_cp.8_0:
	.long	.L_MergedGlobals
.Lcpi_end10:
	.size	__arm_cp.8_0, .Lcpi_end10-__arm_cp.8_0
__arm_cp.8_1:
	.long	.L_MergedGlobals.1
.Lcpi_end11:
	.size	__arm_cp.8_1, .Lcpi_end11-__arm_cp.8_1
.Lfunc_end8:
	.size	lin_goto_idle_state, .Lfunc_end8-lin_goto_idle_state
	.cfi_endproc
	.cantunwind
	.fnend
                                        @ -- End function
	.section	.text.lin_lld_sci_int_enable,"ax",%progbits
	.hidden	lin_lld_sci_int_enable          @ -- Begin function lin_lld_sci_int_enable
	.globl	lin_lld_sci_int_enable
	.p2align	1
	.type	lin_lld_sci_int_enable,%function
	.code	16                              @ @lin_lld_sci_int_enable
	.thumb_func
lin_lld_sci_int_enable:
.Lfunc_begin9:
	.fnstart
	.cfi_startproc
@ %bb.0:
	.loc	2 192 1 prologue_end is_stmt 1  @ ../05_LinService/LinLowLevel.c:192:1
	bx	lr
.Ltmp117:
.Lfunc_end9:
	.size	lin_lld_sci_int_enable, .Lfunc_end9-lin_lld_sci_int_enable
	.cfi_endproc
	.cantunwind
	.fnend
                                        @ -- End function
	.section	.text.lin_lld_sci_ignore_response,"ax",%progbits
	.hidden	lin_lld_sci_ignore_response     @ -- Begin function lin_lld_sci_ignore_response
	.globl	lin_lld_sci_ignore_response
	.p2align	1
	.type	lin_lld_sci_ignore_response,%function
	.code	16                              @ @lin_lld_sci_ignore_response
	.thumb_func
lin_lld_sci_ignore_response:
.Lfunc_begin10:
	.loc	2 202 0                         @ ../05_LinService/LinLowLevel.c:202:0
	.fnstart
	.cfi_startproc
@ %bb.0:
	.save	{r7, lr}
	push	{r7, lr}
	.cfi_def_cfa_offset 8
	.cfi_offset lr, -4
	.cfi_offset r7, -8
.Ltmp118:
	.loc	2 203 5 prologue_end            @ ../05_LinService/LinLowLevel.c:203:5
	bl	lin_goto_idle_state
.Ltmp119:
	.loc	2 204 1 epilogue_begin          @ ../05_LinService/LinLowLevel.c:204:1
	pop	{r7, pc}
.Ltmp120:
.Lfunc_end10:
	.size	lin_lld_sci_ignore_response, .Lfunc_end10-lin_lld_sci_ignore_response
	.cfi_endproc
	.cantunwind
	.fnend
                                        @ -- End function
	.section	.text.lin_lld_sci_set_low_power_mode,"ax",%progbits
	.hidden	lin_lld_sci_set_low_power_mode  @ -- Begin function lin_lld_sci_set_low_power_mode
	.globl	lin_lld_sci_set_low_power_mode
	.p2align	2
	.type	lin_lld_sci_set_low_power_mode,%function
	.code	16                              @ @lin_lld_sci_set_low_power_mode
	.thumb_func
lin_lld_sci_set_low_power_mode:
.Lfunc_begin11:
	.fnstart
	.cfi_startproc
@ %bb.0:
	.loc	2 219 24 prologue_end           @ ../05_LinService/LinLowLevel.c:219:24
	ldr	r0, __arm_cp.11_0
	movs	r1, #1
	strb	r1, [r0]
	.loc	2 218 11                        @ ../05_LinService/LinLowLevel.c:218:11
	ldr	r0, __arm_cp.11_1
	movs	r1, #10
	strb	r1, [r0]
	.loc	2 223 1                         @ ../05_LinService/LinLowLevel.c:223:1
	bx	lr
.Ltmp121:
	.p2align	2
@ %bb.1:
	.loc	2 0 1 is_stmt 0                 @ ../05_LinService/LinLowLevel.c:0:1
__arm_cp.11_0:
	.long	lin_goto_sleep_flg
.Lcpi_end12:
	.size	__arm_cp.11_0, .Lcpi_end12-__arm_cp.11_0
__arm_cp.11_1:
	.long	.L_MergedGlobals
.Lcpi_end13:
	.size	__arm_cp.11_1, .Lcpi_end13-__arm_cp.11_1
.Lfunc_end11:
	.size	lin_lld_sci_set_low_power_mode, .Lfunc_end11-lin_lld_sci_set_low_power_mode
	.cfi_endproc
	.cantunwind
	.fnend
                                        @ -- End function
	.section	.text.lin_lld_sci_rx_response,"ax",%progbits
	.hidden	lin_lld_sci_rx_response         @ -- Begin function lin_lld_sci_rx_response
	.globl	lin_lld_sci_rx_response
	.p2align	2
	.type	lin_lld_sci_rx_response,%function
	.code	16                              @ @lin_lld_sci_rx_response
	.thumb_func
lin_lld_sci_rx_response:
.Lfunc_begin12:
	.loc	2 233 0 is_stmt 1               @ ../05_LinService/LinLowLevel.c:233:0
	.fnstart
	.cfi_startproc
@ %bb.0:
	@DEBUG_VALUE: lin_lld_sci_rx_response:msg_length <- $r0
	.save	{r4, lr}
	push	{r4, lr}
	.cfi_def_cfa_offset 8
	.cfi_offset lr, -4
	.cfi_offset r4, -8
	mov	r3, r0
.Ltmp122:
	@DEBUG_VALUE: lin_lld_sci_rx_response:msg_length <- $r3
	.loc	2 236 14 prologue_end           @ ../05_LinService/LinLowLevel.c:236:14
	ldr	r1, __arm_cp.12_0
	movs	r0, #0
	strb	r0, [r1]
	.loc	2 235 24                        @ ../05_LinService/LinLowLevel.c:235:24
	ldr	r2, __arm_cp.12_1
	strb	r3, [r2]
	.loc	2 237 11                        @ ../05_LinService/LinLowLevel.c:237:11
	ldr	r2, [r1, #12]
	.loc	2 237 9 is_stmt 0               @ ../05_LinService/LinLowLevel.c:237:9
	str	r2, [r1, #16]
	.loc	2 238 36 is_stmt 1              @ ../05_LinService/LinLowLevel.c:238:36
	ldr	r4, __arm_cp.12_2
	ldrb	r1, [r4, #1]
	.loc	2 238 42 is_stmt 0              @ ../05_LinService/LinLowLevel.c:238:42
	adds	r2, r2, #1
	.loc	2 238 5                         @ ../05_LinService/LinLowLevel.c:238:5
	bl	pal_lin_rx_response
.Ltmp123:
	.loc	2 0 5                           @ ../05_LinService/LinLowLevel.c:0:5
	movs	r0, #6
	.loc	2 239 11 is_stmt 1              @ ../05_LinService/LinLowLevel.c:239:11
	strb	r0, [r4]
	.loc	2 240 1 epilogue_begin          @ ../05_LinService/LinLowLevel.c:240:1
	pop	{r4, pc}
.Ltmp124:
	.p2align	2
@ %bb.1:
	.loc	2 0 1 is_stmt 0                 @ ../05_LinService/LinLowLevel.c:0:1
__arm_cp.12_0:
	.long	.L_MergedGlobals.1
.Lcpi_end14:
	.size	__arm_cp.12_0, .Lcpi_end14-__arm_cp.12_0
__arm_cp.12_1:
	.long	lin_lld_response_buffer
.Lcpi_end15:
	.size	__arm_cp.12_1, .Lcpi_end15-__arm_cp.12_1
__arm_cp.12_2:
	.long	.L_MergedGlobals
.Lcpi_end16:
	.size	__arm_cp.12_2, .Lcpi_end16-__arm_cp.12_2
.Lfunc_end12:
	.size	lin_lld_sci_rx_response, .Lfunc_end12-lin_lld_sci_rx_response
	.cfi_endproc
	.cantunwind
	.fnend
                                        @ -- End function
	.section	.text.lin_lld_sci_tx_response,"ax",%progbits
	.hidden	lin_lld_sci_tx_response         @ -- Begin function lin_lld_sci_tx_response
	.globl	lin_lld_sci_tx_response
	.p2align	2
	.type	lin_lld_sci_tx_response,%function
	.code	16                              @ @lin_lld_sci_tx_response
	.thumb_func
lin_lld_sci_tx_response:
.Lfunc_begin13:
	.loc	2 250 0 is_stmt 1               @ ../05_LinService/LinLowLevel.c:250:0
	.fnstart
	.cfi_startproc
@ %bb.0:
	.save	{r4, r5, r6, lr}
	push	{r4, r5, r6, lr}
	.cfi_def_cfa_offset 16
	.cfi_offset lr, -4
	.cfi_offset r6, -8
	.cfi_offset r5, -12
	.cfi_offset r4, -16
.Ltmp125:
	.loc	2 251 67 prologue_end           @ ../05_LinService/LinLowLevel.c:251:67
	ldr	r5, __arm_cp.13_0
	ldrb	r3, [r5]
	.loc	2 251 40 is_stmt 0              @ ../05_LinService/LinLowLevel.c:251:40
	ldr	r6, __arm_cp.13_1
	ldrb	r1, [r6, #1]
	.loc	2 251 47                        @ ../05_LinService/LinLowLevel.c:251:47
	ldr	r4, __arm_cp.13_2
	ldr	r0, [r4, #12]
	adds	r2, r0, #1
	movs	r0, #0
	.loc	2 251 9                         @ ../05_LinService/LinLowLevel.c:251:9
	bl	pal_lin_tx_response
.Ltmp126:
	.loc	2 251 9                         @ ../05_LinService/LinLowLevel.c:251:9
	cmp	r0, #0
	beq	.LBB13_4
@ %bb.1:
	.loc	2 0 9                           @ ../05_LinService/LinLowLevel.c:0:9
	movs	r0, #7
.Ltmp127:
	.loc	2 254 15 is_stmt 1              @ ../05_LinService/LinLowLevel.c:254:15
	strb	r0, [r6]
	.loc	2 253 21                        @ ../05_LinService/LinLowLevel.c:253:21
	ldrb	r0, [r5]
	.loc	2 253 20 is_stmt 0              @ ../05_LinService/LinLowLevel.c:253:20
	cmp	r0, #4
	blo	.LBB13_3
@ %bb.2:
	.loc	2 0 20                          @ ../05_LinService/LinLowLevel.c:0:20
	movs	r0, #4
.LBB13_3:
	.loc	2 253 18                        @ ../05_LinService/LinLowLevel.c:253:18
	strb	r0, [r4]
.Ltmp128:
	.loc	2 260 1 epilogue_begin is_stmt 1 @ ../05_LinService/LinLowLevel.c:260:1
	pop	{r4, r5, r6, pc}
.LBB13_4:
.Ltmp129:
	.loc	2 258 9                         @ ../05_LinService/LinLowLevel.c:258:9
	bl	lin_goto_idle_state
.Ltmp130:
	.loc	2 260 1 epilogue_begin          @ ../05_LinService/LinLowLevel.c:260:1
	pop	{r4, r5, r6, pc}
.Ltmp131:
	.p2align	2
@ %bb.5:
	.loc	2 0 1 is_stmt 0                 @ ../05_LinService/LinLowLevel.c:0:1
__arm_cp.13_0:
	.long	lin_lld_response_buffer
.Lcpi_end17:
	.size	__arm_cp.13_0, .Lcpi_end17-__arm_cp.13_0
__arm_cp.13_1:
	.long	.L_MergedGlobals
.Lcpi_end18:
	.size	__arm_cp.13_1, .Lcpi_end18-__arm_cp.13_1
__arm_cp.13_2:
	.long	.L_MergedGlobals.1
.Lcpi_end19:
	.size	__arm_cp.13_2, .Lcpi_end19-__arm_cp.13_2
.Lfunc_end13:
	.size	lin_lld_sci_tx_response, .Lfunc_end13-lin_lld_sci_tx_response
	.cfi_endproc
	.cantunwind
	.fnend
                                        @ -- End function
	.section	.text.lin_lld_sci_get_status,"ax",%progbits
	.hidden	lin_lld_sci_get_status          @ -- Begin function lin_lld_sci_get_status
	.globl	lin_lld_sci_get_status
	.p2align	2
	.type	lin_lld_sci_get_status,%function
	.code	16                              @ @lin_lld_sci_get_status
	.thumb_func
lin_lld_sci_get_status:
.Lfunc_begin14:
	.fnstart
	.cfi_startproc
@ %bb.0:
	.loc	2 406 21 prologue_end is_stmt 1 @ ../05_LinService/LinLowLevel.c:406:21
	ldr	r0, __arm_cp.14_0
	ldrb	r0, [r0, #1]
	.loc	2 406 5 is_stmt 0               @ ../05_LinService/LinLowLevel.c:406:5
	bx	lr
.Ltmp132:
	.p2align	2
@ %bb.1:
	.loc	2 0 5                           @ ../05_LinService/LinLowLevel.c:0:5
__arm_cp.14_0:
	.long	.L_MergedGlobals.1
.Lcpi_end20:
	.size	__arm_cp.14_0, .Lcpi_end20-__arm_cp.14_0
.Lfunc_end14:
	.size	lin_lld_sci_get_status, .Lfunc_end14-lin_lld_sci_get_status
	.cfi_endproc
	.cantunwind
	.fnend
                                        @ -- End function
	.section	.text.lin_lld_sci_get_state,"ax",%progbits
	.hidden	lin_lld_sci_get_state           @ -- Begin function lin_lld_sci_get_state
	.globl	lin_lld_sci_get_state
	.p2align	2
	.type	lin_lld_sci_get_state,%function
	.code	16                              @ @lin_lld_sci_get_state
	.thumb_func
lin_lld_sci_get_state:
.Lfunc_begin15:
	.fnstart
	.cfi_startproc
@ %bb.0:
	.loc	2 418 12 prologue_end is_stmt 1 @ ../05_LinService/LinLowLevel.c:418:12
	ldr	r0, __arm_cp.15_0
	ldrb	r0, [r0]
	.loc	2 418 5 is_stmt 0               @ ../05_LinService/LinLowLevel.c:418:5
	bx	lr
.Ltmp133:
	.p2align	2
@ %bb.1:
	.loc	2 0 5                           @ ../05_LinService/LinLowLevel.c:0:5
__arm_cp.15_0:
	.long	.L_MergedGlobals
.Lcpi_end21:
	.size	__arm_cp.15_0, .Lcpi_end21-__arm_cp.15_0
.Lfunc_end15:
	.size	lin_lld_sci_get_state, .Lfunc_end15-lin_lld_sci_get_state
	.cfi_endproc
	.cantunwind
	.fnend
                                        @ -- End function
	.section	.text.lin_lld_sci_timeout,"ax",%progbits
	.hidden	lin_lld_sci_timeout             @ -- Begin function lin_lld_sci_timeout
	.globl	lin_lld_sci_timeout
	.p2align	2
	.type	lin_lld_sci_timeout,%function
	.code	16                              @ @lin_lld_sci_timeout
	.thumb_func
lin_lld_sci_timeout:
.Lfunc_begin16:
	.loc	2 429 0 is_stmt 1               @ ../05_LinService/LinLowLevel.c:429:0
	.fnstart
	.cfi_startproc
@ %bb.0:
	.save	{r4, r5, r7, lr}
	push	{r4, r5, r7, lr}
	.cfi_def_cfa_offset 16
	.cfi_offset lr, -4
	.cfi_offset r7, -8
	.cfi_offset r5, -12
	.cfi_offset r4, -16
.Ltmp134:
	.loc	2 432 34 prologue_end           @ ../05_LinService/LinLowLevel.c:432:34
	ldr	r0, __arm_cp.16_0
	ldrb	r1, [r0]
.Ltmp135:
	.loc	2 432 9 is_stmt 0               @ ../05_LinService/LinLowLevel.c:432:9
	cmp	r1, #1
	beq	.LBB16_4
@ %bb.1:
	cmp	r1, #2
	bne	.LBB16_7
@ %bb.2:
.Ltmp136:
	.loc	2 434 18 is_stmt 1              @ ../05_LinService/LinLowLevel.c:434:18
	ldr	r1, __arm_cp.16_1
	ldrh	r2, [r1]
	subs	r2, r2, #1
	strh	r2, [r1]
.Ltmp137:
	.loc	2 434 13 is_stmt 0              @ ../05_LinService/LinLowLevel.c:434:13
	lsls	r1, r2, #16
	bne	.LBB16_7
@ %bb.3:
.Ltmp138:
	.loc	2 438 35 is_stmt 1              @ ../05_LinService/LinLowLevel.c:438:35
	ldr	r1, __arm_cp.16_4
	movs	r2, #5
	strb	r2, [r1]
	.loc	2 437 31                        @ ../05_LinService/LinLowLevel.c:437:31
	ldr	r1, __arm_cp.16_3
	movs	r3, #3
	strb	r3, [r1]
	.loc	2 439 30                        @ ../05_LinService/LinLowLevel.c:439:30
	ldr	r1, __arm_cp.16_5
	b	.LBB16_6
.Ltmp139:
.LBB16_4:
	.loc	2 447 18                        @ ../05_LinService/LinLowLevel.c:447:18
	ldr	r1, __arm_cp.16_1
	ldrh	r2, [r1]
	subs	r2, r2, #1
	strh	r2, [r1]
.Ltmp140:
	.loc	2 447 13 is_stmt 0              @ ../05_LinService/LinLowLevel.c:447:13
	lsls	r1, r2, #16
	bne	.LBB16_7
@ %bb.5:
.Ltmp141:
	.loc	2 451 30 is_stmt 1              @ ../05_LinService/LinLowLevel.c:451:30
	ldr	r1, __arm_cp.16_2
	movs	r2, #4
	strb	r2, [r1]
	.loc	2 450 31                        @ ../05_LinService/LinLowLevel.c:450:31
	ldr	r1, __arm_cp.16_3
	movs	r2, #3
.Ltmp142:
.LBB16_6:
	.loc	2 0 0 is_stmt 0                 @ ../05_LinService/LinLowLevel.c:0:0
	strb	r2, [r1]
	ldr	r1, __arm_cp.16_6
	movs	r2, #0
	strb	r2, [r1]
	strb	r2, [r0]
.LBB16_7:
	.loc	2 472 13 is_stmt 1              @ ../05_LinService/LinLowLevel.c:472:13
	ldr	r4, __arm_cp.16_7
	ldrb	r0, [r4]
	.loc	2 472 5 is_stmt 0               @ ../05_LinService/LinLowLevel.c:472:5
	cmp	r0, #8
	bhi	.LBB16_15
@ %bb.8:
	.loc	2 0 5                           @ ../05_LinService/LinLowLevel.c:0:5
	movs	r1, #1
	lsls	r1, r0
	movs	r2, #103
	lsls	r2, r2, #2
	tst	r1, r2
	beq	.LBB16_11
@ %bb.9:
.Ltmp143:
	.loc	2 498 22 is_stmt 1              @ ../05_LinService/LinLowLevel.c:498:22
	ldr	r0, __arm_cp.16_8
	ldrh	r1, [r0, #6]
.Ltmp144:
	.loc	2 498 17 is_stmt 0              @ ../05_LinService/LinLowLevel.c:498:17
	cmp	r1, #0
	beq	.LBB16_21
@ %bb.10:
.Ltmp145:
	.loc	2 504 34 is_stmt 1              @ ../05_LinService/LinLowLevel.c:504:34
	subs	r1, r1, #1
	strh	r1, [r0, #6]
.Ltmp146:
	.loc	2 543 1 epilogue_begin          @ ../05_LinService/LinLowLevel.c:543:1
	pop	{r4, r5, r7, pc}
.LBB16_11:
	.loc	2 0 1 is_stmt 0                 @ ../05_LinService/LinLowLevel.c:0:1
	cmp	r0, #0
	beq	.LBB16_16
@ %bb.12:
	cmp	r0, #6
	bne	.LBB16_15
@ %bb.13:
.Ltmp147:
	.loc	2 512 17 is_stmt 1              @ ../05_LinService/LinLowLevel.c:512:17
	ldr	r1, __arm_cp.16_8
	ldrh	r0, [r1, #8]
.Ltmp148:
	.loc	2 512 17 is_stmt 0              @ ../05_LinService/LinLowLevel.c:512:17
	cmp	r0, #0
	beq	.LBB16_18
@ %bb.14:
.Ltmp149:
	.loc	2 532 38 is_stmt 1              @ ../05_LinService/LinLowLevel.c:532:38
	subs	r0, r0, #1
	strh	r0, [r1, #8]
.Ltmp150:
.LBB16_15:
	.loc	2 543 1 epilogue_begin          @ ../05_LinService/LinLowLevel.c:543:1
	pop	{r4, r5, r7, pc}
.LBB16_16:
.Ltmp151:
	.loc	2 475 17                        @ ../05_LinService/LinLowLevel.c:475:17
	ldr	r5, __arm_cp.16_8
	ldrh	r0, [r5, #4]
.Ltmp152:
	.loc	2 475 17 is_stmt 0              @ ../05_LinService/LinLowLevel.c:475:17
	cmp	r0, #0
	beq	.LBB16_22
@ %bb.17:
.Ltmp153:
	.loc	2 486 33 is_stmt 1              @ ../05_LinService/LinLowLevel.c:486:33
	subs	r0, r0, #1
	b	.LBB16_23
.Ltmp154:
.LBB16_18:
	.loc	2 514 21                        @ ../05_LinService/LinLowLevel.c:514:21
	ldrb	r0, [r1]
.Ltmp155:
	.loc	2 514 21 is_stmt 0              @ ../05_LinService/LinLowLevel.c:514:21
	cmp	r0, #0
	beq	.LBB16_20
@ %bb.19:
	.loc	2 0 21                          @ ../05_LinService/LinLowLevel.c:0:21
	movs	r0, #7
.Ltmp156:
	.loc	2 516 31 is_stmt 1              @ ../05_LinService/LinLowLevel.c:516:31
	strb	r0, [r1, #2]
	.loc	2 518 35                        @ ../05_LinService/LinLowLevel.c:518:35
	ldrb	r2, [r1, #1]
	movs	r3, #2
	orrs	r3, r2
	strb	r3, [r1, #1]
	.loc	2 520 21                        @ ../05_LinService/LinLowLevel.c:520:21
	ldrb	r1, [r1, #3]
	bl	lin_pid_response_callback_handler
.Ltmp157:
.LBB16_20:
	.loc	2 0 21 is_stmt 0                @ ../05_LinService/LinLowLevel.c:0:21
	movs	r0, #0
	movs	r1, #2
.Ltmp158:
	.loc	2 525 21 is_stmt 1              @ ../05_LinService/LinLowLevel.c:525:21
	bl	pal_lin_abort_handle
.Ltmp159:
.LBB16_21:
	.loc	2 0 0 is_stmt 0                 @ ../05_LinService/LinLowLevel.c:0:0
	bl	lin_goto_idle_state
.Ltmp160:
	.loc	2 543 1 epilogue_begin is_stmt 1 @ ../05_LinService/LinLowLevel.c:543:1
	pop	{r4, r5, r7, pc}
.LBB16_22:
	.loc	2 0 1 is_stmt 0                 @ ../05_LinService/LinLowLevel.c:0:1
	movs	r0, #8
	movs	r1, #255
.Ltmp161:
	.loc	2 478 17 is_stmt 1              @ ../05_LinService/LinLowLevel.c:478:17
	bl	lin_pid_response_callback_handler
.Ltmp162:
	.loc	2 0 17 is_stmt 0                @ ../05_LinService/LinLowLevel.c:0:17
	movs	r0, #10
	.loc	2 482 23 is_stmt 1              @ ../05_LinService/LinLowLevel.c:482:23
	strb	r0, [r4]
	.loc	2 480 44                        @ ../05_LinService/LinLowLevel.c:480:44
	ldrh	r0, [r5, #26]
.Ltmp163:
.LBB16_23:
	.loc	2 0 0 is_stmt 0                 @ ../05_LinService/LinLowLevel.c:0:0
	strh	r0, [r5, #4]
.Ltmp164:
	.loc	2 543 1 epilogue_begin is_stmt 1 @ ../05_LinService/LinLowLevel.c:543:1
	pop	{r4, r5, r7, pc}
.Ltmp165:
	.p2align	2
@ %bb.24:
	.loc	2 0 1 is_stmt 0                 @ ../05_LinService/LinLowLevel.c:0:1
__arm_cp.16_0:
	.long	tl_check_timeout_type
.Lcpi_end22:
	.size	__arm_cp.16_0, .Lcpi_end22-__arm_cp.16_0
__arm_cp.16_1:
	.long	tl_check_timeout
.Lcpi_end23:
	.size	__arm_cp.16_1, .Lcpi_end23-__arm_cp.16_1
__arm_cp.16_2:
	.long	tl_tx_msg_status
.Lcpi_end24:
	.size	__arm_cp.16_2, .Lcpi_end24-__arm_cp.16_2
__arm_cp.16_3:
	.long	tl_service_status
.Lcpi_end25:
	.size	__arm_cp.16_3, .Lcpi_end25-__arm_cp.16_3
__arm_cp.16_4:
	.long	tl_receive_msg_status
.Lcpi_end26:
	.size	__arm_cp.16_4, .Lcpi_end26-__arm_cp.16_4
__arm_cp.16_5:
	.long	tl_rx_msg_status
.Lcpi_end27:
	.size	__arm_cp.16_5, .Lcpi_end27-__arm_cp.16_5
__arm_cp.16_6:
	.long	tl_diag_state
.Lcpi_end28:
	.size	__arm_cp.16_6, .Lcpi_end28-__arm_cp.16_6
__arm_cp.16_7:
	.long	.L_MergedGlobals
.Lcpi_end29:
	.size	__arm_cp.16_7, .Lcpi_end29-__arm_cp.16_7
__arm_cp.16_8:
	.long	.L_MergedGlobals.1
.Lcpi_end30:
	.size	__arm_cp.16_8, .Lcpi_end30-__arm_cp.16_8
.Lfunc_end16:
	.size	lin_lld_sci_timeout, .Lfunc_end16-lin_lld_sci_timeout
	.cfi_endproc
	.cantunwind
	.fnend
                                        @ -- End function
	.section	.text.lin_lld_sci_err_isr,"ax",%progbits
	.hidden	lin_lld_sci_err_isr             @ -- Begin function lin_lld_sci_err_isr
	.globl	lin_lld_sci_err_isr
	.p2align	1
	.type	lin_lld_sci_err_isr,%function
	.code	16                              @ @lin_lld_sci_err_isr
	.thumb_func
lin_lld_sci_err_isr:
.Lfunc_begin17:
	.fnstart
	.cfi_startproc
@ %bb.0:
	.loc	2 570 1 prologue_end is_stmt 1  @ ../05_LinService/LinLowLevel.c:570:1
	bx	lr
.Ltmp166:
.Lfunc_end17:
	.size	lin_lld_sci_err_isr, .Lfunc_end17-lin_lld_sci_err_isr
	.cfi_endproc
	.cantunwind
	.fnend
                                        @ -- End function
	.section	.text.lin_lld_sci_rx_isr,"ax",%progbits
	.hidden	lin_lld_sci_rx_isr              @ -- Begin function lin_lld_sci_rx_isr
	.globl	lin_lld_sci_rx_isr
	.p2align	1
	.type	lin_lld_sci_rx_isr,%function
	.code	16                              @ @lin_lld_sci_rx_isr
	.thumb_func
lin_lld_sci_rx_isr:
.Lfunc_begin18:
	.fnstart
	.cfi_startproc
@ %bb.0:
	.loc	2 581 1 prologue_end            @ ../05_LinService/LinLowLevel.c:581:1
	bx	lr
.Ltmp167:
.Lfunc_end18:
	.size	lin_lld_sci_rx_isr, .Lfunc_end18-lin_lld_sci_rx_isr
	.cfi_endproc
	.cantunwind
	.fnend
                                        @ -- End function
	.section	.text.lin_lld_sci_init,"ax",%progbits
	.hidden	lin_lld_sci_init                @ -- Begin function lin_lld_sci_init
	.globl	lin_lld_sci_init
	.p2align	2
	.type	lin_lld_sci_init,%function
	.code	16                              @ @lin_lld_sci_init
	.thumb_func
lin_lld_sci_init:
.Lfunc_begin19:
	.loc	2 900 0                         @ ../05_LinService/LinLowLevel.c:900:0
	.fnstart
	.cfi_startproc
@ %bb.0:
	@DEBUG_VALUE: lin_lld_sci_init:iii <- $r0
	.save	{r7, lr}
	push	{r7, lr}
	.cfi_def_cfa_offset 8
	.cfi_offset lr, -4
	.cfi_offset r7, -8
.Ltmp168:
	.loc	2 904 21 prologue_end           @ ../05_LinService/LinLowLevel.c:904:21
	ldr	r0, __arm_cp.19_0
.Ltmp169:
	@DEBUG_VALUE: lin_lld_sci_init:iii <- [DW_OP_LLVM_entry_value 1] $r0
	ldr	r1, __arm_cp.19_1
	str	r1, [r0, #12]
	.loc	2 905 5                         @ ../05_LinService/LinLowLevel.c:905:5
	bl	lin_param_init
.Ltmp170:
	.loc	2 906 5                         @ ../05_LinService/LinLowLevel.c:906:5
	bl	lin_init_sci
.Ltmp171:
	.loc	2 909 5                         @ ../05_LinService/LinLowLevel.c:909:5
	bl	lin_goto_idle_state
.Ltmp172:
	.loc	2 910 1 epilogue_begin          @ ../05_LinService/LinLowLevel.c:910:1
	pop	{r7, pc}
.Ltmp173:
	.p2align	2
@ %bb.1:
	.loc	2 0 1 is_stmt 0                 @ ../05_LinService/LinLowLevel.c:0:1
__arm_cp.19_0:
	.long	.L_MergedGlobals.1
.Lcpi_end31:
	.size	__arm_cp.19_0, .Lcpi_end31-__arm_cp.19_0
__arm_cp.19_1:
	.long	lin_lld_response_buffer
.Lcpi_end32:
	.size	__arm_cp.19_1, .Lcpi_end32-__arm_cp.19_1
.Lfunc_end19:
	.size	lin_lld_sci_init, .Lfunc_end19-lin_lld_sci_init
	.cfi_endproc
	.cantunwind
	.fnend
                                        @ -- End function
	.section	.text.lin_lld_timer_TCPL_init,"ax",%progbits
	.hidden	lin_lld_timer_TCPL_init         @ -- Begin function lin_lld_timer_TCPL_init
	.globl	lin_lld_timer_TCPL_init
	.p2align	1
	.type	lin_lld_timer_TCPL_init,%function
	.code	16                              @ @lin_lld_timer_TCPL_init
	.thumb_func
lin_lld_timer_TCPL_init:
.Lfunc_begin20:
	.fnstart
	.cfi_startproc
@ %bb.0:
	.loc	2 921 1 prologue_end is_stmt 1  @ ../05_LinService/LinLowLevel.c:921:1
	bx	lr
.Ltmp174:
.Lfunc_end20:
	.size	lin_lld_timer_TCPL_init, .Lfunc_end20-lin_lld_timer_TCPL_init
	.cfi_endproc
	.cantunwind
	.fnend
                                        @ -- End function
	.section	.text.lin_lld_slave_wakeup,"ax",%progbits
	.hidden	lin_lld_slave_wakeup            @ -- Begin function lin_lld_slave_wakeup
	.globl	lin_lld_slave_wakeup
	.p2align	1
	.type	lin_lld_slave_wakeup,%function
	.code	16                              @ @lin_lld_slave_wakeup
	.thumb_func
lin_lld_slave_wakeup:
.Lfunc_begin21:
	.loc	2 932 0                         @ ../05_LinService/LinLowLevel.c:932:0
	.fnstart
	.cfi_startproc
@ %bb.0:
	.save	{r7, lr}
	push	{r7, lr}
	.cfi_def_cfa_offset 8
	.cfi_offset lr, -4
	.cfi_offset r7, -8
	movs	r0, #1
	movs	r1, #8
.Ltmp175:
	.loc	2 933 5 prologue_end            @ ../05_LinService/LinLowLevel.c:933:5
	bl	ll_lin_ctrl_brk_tx
.Ltmp176:
	.loc	2 934 1 epilogue_begin          @ ../05_LinService/LinLowLevel.c:934:1
	pop	{r7, pc}
.Ltmp177:
.Lfunc_end21:
	.size	lin_lld_slave_wakeup, .Lfunc_end21-lin_lld_slave_wakeup
	.cfi_endproc
	.cantunwind
	.fnend
                                        @ -- End function
	.section	.text.lin_process_init,"ax",%progbits
	.hidden	lin_process_init                @ -- Begin function lin_process_init
	.globl	lin_process_init
	.p2align	1
	.type	lin_process_init,%function
	.code	16                              @ @lin_process_init
	.thumb_func
lin_process_init:
.Lfunc_begin22:
	.loc	2 945 0                         @ ../05_LinService/LinLowLevel.c:945:0
	.fnstart
	.cfi_startproc
@ %bb.0:
	.save	{r7, lr}
	push	{r7, lr}
	.cfi_def_cfa_offset 8
	.cfi_offset lr, -4
	.cfi_offset r7, -8
.Ltmp178:
	.loc	2 946 5 prologue_end            @ ../05_LinService/LinLowLevel.c:946:5
	bl	l_sys_init
.Ltmp179:
	.loc	2 947 5                         @ ../05_LinService/LinLowLevel.c:947:5
	bl	l_ifc_init
.Ltmp180:
	.loc	2 948 5                         @ ../05_LinService/LinLowLevel.c:948:5
	bl	ld_init
.Ltmp181:
	.loc	2 949 1 epilogue_begin          @ ../05_LinService/LinLowLevel.c:949:1
	pop	{r7, pc}
.Ltmp182:
.Lfunc_end22:
	.size	lin_process_init, .Lfunc_end22-lin_process_init
	.cfi_endproc
	.cantunwind
	.fnend
                                        @ -- End function
	.type	.L_MergedGlobals,%object        @ @_MergedGlobals
	.section	.data..L_MergedGlobals,"aw",%progbits
.L_MergedGlobals:
	.byte	255                             @ 0xff
	.byte	128                             @ 0x80
	.size	.L_MergedGlobals, 2

	.type	.L_MergedGlobals.1,%object      @ @_MergedGlobals.1
	.section	.bss..L_MergedGlobals.1,"aw",%nobits
	.p2align	2, 0x0
.L_MergedGlobals.1:
	.zero	36
	.size	.L_MergedGlobals.1, 36

	.section	.debug_loc,"",%progbits
.Ldebug_loc0:
	.long	-1
	.long	.Lfunc_begin4                   @   base address
	.long	.Lfunc_begin4-.Lfunc_begin4
	.long	.Ltmp6-.Lfunc_begin4
	.short	1                               @ Loc expr size
	.byte	80                              @ DW_OP_reg0
	.long	.Ltmp6-.Lfunc_begin4
	.long	.Ltmp105-.Lfunc_begin4
	.short	1                               @ Loc expr size
	.byte	84                              @ DW_OP_reg4
	.long	0
	.long	0
.Ldebug_loc1:
	.long	-1
	.long	.Lfunc_begin4                   @   base address
	.long	.Ltmp94-.Lfunc_begin4
	.long	.Ltmp96-.Lfunc_begin4
	.short	1                               @ Loc expr size
	.byte	86                              @ DW_OP_reg6
	.long	0
	.long	0
.Ldebug_loc2:
	.long	-1
	.long	.Lfunc_begin12                  @   base address
	.long	.Lfunc_begin12-.Lfunc_begin12
	.long	.Ltmp122-.Lfunc_begin12
	.short	1                               @ Loc expr size
	.byte	80                              @ DW_OP_reg0
	.long	.Ltmp122-.Lfunc_begin12
	.long	.Ltmp123-.Lfunc_begin12
	.short	1                               @ Loc expr size
	.byte	83                              @ DW_OP_reg3
	.long	0
	.long	0
.Ldebug_loc3:
	.long	-1
	.long	.Lfunc_begin19                  @   base address
	.long	.Lfunc_begin19-.Lfunc_begin19
	.long	.Ltmp169-.Lfunc_begin19
	.short	1                               @ Loc expr size
	.byte	80                              @ DW_OP_reg0
	.long	.Ltmp169-.Lfunc_begin19
	.long	.Ltmp173-.Lfunc_begin19
	.short	4                               @ Loc expr size
	.byte	243                             @ DW_OP_GNU_entry_value
	.byte	1                               @ 1
	.byte	80                              @ DW_OP_reg0
	.byte	159                             @ DW_OP_stack_value
	.long	0
	.long	0
	.section	.debug_abbrev,"",%progbits
	.byte	1                               @ Abbreviation Code
	.byte	17                              @ DW_TAG_compile_unit
	.byte	1                               @ DW_CHILDREN_yes
	.byte	37                              @ DW_AT_producer
	.byte	14                              @ DW_FORM_strp
	.byte	19                              @ DW_AT_language
	.byte	5                               @ DW_FORM_data2
	.byte	3                               @ DW_AT_name
	.byte	14                              @ DW_FORM_strp
	.byte	16                              @ DW_AT_stmt_list
	.byte	23                              @ DW_FORM_sec_offset
	.byte	27                              @ DW_AT_comp_dir
	.byte	14                              @ DW_FORM_strp
	.byte	17                              @ DW_AT_low_pc
	.byte	1                               @ DW_FORM_addr
	.byte	85                              @ DW_AT_ranges
	.byte	23                              @ DW_FORM_sec_offset
	.byte	0                               @ EOM(1)
	.byte	0                               @ EOM(2)
	.byte	2                               @ Abbreviation Code
	.byte	52                              @ DW_TAG_variable
	.byte	0                               @ DW_CHILDREN_no
	.byte	3                               @ DW_AT_name
	.byte	14                              @ DW_FORM_strp
	.byte	73                              @ DW_AT_type
	.byte	19                              @ DW_FORM_ref4
	.byte	63                              @ DW_AT_external
	.byte	25                              @ DW_FORM_flag_present
	.byte	58                              @ DW_AT_decl_file
	.byte	11                              @ DW_FORM_data1
	.byte	59                              @ DW_AT_decl_line
	.byte	11                              @ DW_FORM_data1
	.byte	2                               @ DW_AT_location
	.byte	24                              @ DW_FORM_exprloc
	.byte	0                               @ EOM(1)
	.byte	0                               @ EOM(2)
	.byte	3                               @ Abbreviation Code
	.byte	22                              @ DW_TAG_typedef
	.byte	0                               @ DW_CHILDREN_no
	.byte	73                              @ DW_AT_type
	.byte	19                              @ DW_FORM_ref4
	.byte	3                               @ DW_AT_name
	.byte	14                              @ DW_FORM_strp
	.byte	58                              @ DW_AT_decl_file
	.byte	11                              @ DW_FORM_data1
	.byte	59                              @ DW_AT_decl_line
	.byte	11                              @ DW_FORM_data1
	.byte	0                               @ EOM(1)
	.byte	0                               @ EOM(2)
	.byte	4                               @ Abbreviation Code
	.byte	36                              @ DW_TAG_base_type
	.byte	0                               @ DW_CHILDREN_no
	.byte	3                               @ DW_AT_name
	.byte	14                              @ DW_FORM_strp
	.byte	62                              @ DW_AT_encoding
	.byte	11                              @ DW_FORM_data1
	.byte	11                              @ DW_AT_byte_size
	.byte	11                              @ DW_FORM_data1
	.byte	0                               @ EOM(1)
	.byte	0                               @ EOM(2)
	.byte	5                               @ Abbreviation Code
	.byte	53                              @ DW_TAG_volatile_type
	.byte	0                               @ DW_CHILDREN_no
	.byte	73                              @ DW_AT_type
	.byte	19                              @ DW_FORM_ref4
	.byte	0                               @ EOM(1)
	.byte	0                               @ EOM(2)
	.byte	6                               @ Abbreviation Code
	.byte	19                              @ DW_TAG_structure_type
	.byte	1                               @ DW_CHILDREN_yes
	.byte	11                              @ DW_AT_byte_size
	.byte	11                              @ DW_FORM_data1
	.byte	58                              @ DW_AT_decl_file
	.byte	11                              @ DW_FORM_data1
	.byte	59                              @ DW_AT_decl_line
	.byte	11                              @ DW_FORM_data1
	.byte	0                               @ EOM(1)
	.byte	0                               @ EOM(2)
	.byte	7                               @ Abbreviation Code
	.byte	13                              @ DW_TAG_member
	.byte	0                               @ DW_CHILDREN_no
	.byte	3                               @ DW_AT_name
	.byte	14                              @ DW_FORM_strp
	.byte	73                              @ DW_AT_type
	.byte	19                              @ DW_FORM_ref4
	.byte	58                              @ DW_AT_decl_file
	.byte	11                              @ DW_FORM_data1
	.byte	59                              @ DW_AT_decl_line
	.byte	11                              @ DW_FORM_data1
	.byte	56                              @ DW_AT_data_member_location
	.byte	11                              @ DW_FORM_data1
	.byte	0                               @ EOM(1)
	.byte	0                               @ EOM(2)
	.byte	8                               @ Abbreviation Code
	.byte	52                              @ DW_TAG_variable
	.byte	0                               @ DW_CHILDREN_no
	.byte	3                               @ DW_AT_name
	.byte	14                              @ DW_FORM_strp
	.byte	73                              @ DW_AT_type
	.byte	19                              @ DW_FORM_ref4
	.byte	58                              @ DW_AT_decl_file
	.byte	11                              @ DW_FORM_data1
	.byte	59                              @ DW_AT_decl_line
	.byte	11                              @ DW_FORM_data1
	.byte	2                               @ DW_AT_location
	.byte	24                              @ DW_FORM_exprloc
	.byte	0                               @ EOM(1)
	.byte	0                               @ EOM(2)
	.byte	9                               @ Abbreviation Code
	.byte	23                              @ DW_TAG_union_type
	.byte	1                               @ DW_CHILDREN_yes
	.byte	11                              @ DW_AT_byte_size
	.byte	11                              @ DW_FORM_data1
	.byte	58                              @ DW_AT_decl_file
	.byte	11                              @ DW_FORM_data1
	.byte	59                              @ DW_AT_decl_line
	.byte	11                              @ DW_FORM_data1
	.byte	0                               @ EOM(1)
	.byte	0                               @ EOM(2)
	.byte	10                              @ Abbreviation Code
	.byte	13                              @ DW_TAG_member
	.byte	0                               @ DW_CHILDREN_no
	.byte	3                               @ DW_AT_name
	.byte	14                              @ DW_FORM_strp
	.byte	73                              @ DW_AT_type
	.byte	19                              @ DW_FORM_ref4
	.byte	58                              @ DW_AT_decl_file
	.byte	11                              @ DW_FORM_data1
	.byte	59                              @ DW_AT_decl_line
	.byte	11                              @ DW_FORM_data1
	.byte	13                              @ DW_AT_bit_size
	.byte	11                              @ DW_FORM_data1
	.byte	107                             @ DW_AT_data_bit_offset
	.byte	11                              @ DW_FORM_data1
	.byte	0                               @ EOM(1)
	.byte	0                               @ EOM(2)
	.byte	11                              @ Abbreviation Code
	.byte	15                              @ DW_TAG_pointer_type
	.byte	0                               @ DW_CHILDREN_no
	.byte	73                              @ DW_AT_type
	.byte	19                              @ DW_FORM_ref4
	.byte	0                               @ EOM(1)
	.byte	0                               @ EOM(2)
	.byte	12                              @ Abbreviation Code
	.byte	52                              @ DW_TAG_variable
	.byte	0                               @ DW_CHILDREN_no
	.byte	3                               @ DW_AT_name
	.byte	14                              @ DW_FORM_strp
	.byte	73                              @ DW_AT_type
	.byte	19                              @ DW_FORM_ref4
	.byte	58                              @ DW_AT_decl_file
	.byte	11                              @ DW_FORM_data1
	.byte	59                              @ DW_AT_decl_line
	.byte	11                              @ DW_FORM_data1
	.byte	0                               @ EOM(1)
	.byte	0                               @ EOM(2)
	.byte	13                              @ Abbreviation Code
	.byte	4                               @ DW_TAG_enumeration_type
	.byte	1                               @ DW_CHILDREN_yes
	.byte	73                              @ DW_AT_type
	.byte	19                              @ DW_FORM_ref4
	.byte	11                              @ DW_AT_byte_size
	.byte	11                              @ DW_FORM_data1
	.byte	58                              @ DW_AT_decl_file
	.byte	11                              @ DW_FORM_data1
	.byte	59                              @ DW_AT_decl_line
	.byte	11                              @ DW_FORM_data1
	.byte	0                               @ EOM(1)
	.byte	0                               @ EOM(2)
	.byte	14                              @ Abbreviation Code
	.byte	40                              @ DW_TAG_enumerator
	.byte	0                               @ DW_CHILDREN_no
	.byte	3                               @ DW_AT_name
	.byte	14                              @ DW_FORM_strp
	.byte	28                              @ DW_AT_const_value
	.byte	15                              @ DW_FORM_udata
	.byte	0                               @ EOM(1)
	.byte	0                               @ EOM(2)
	.byte	15                              @ Abbreviation Code
	.byte	4                               @ DW_TAG_enumeration_type
	.byte	1                               @ DW_CHILDREN_yes
	.byte	73                              @ DW_AT_type
	.byte	19                              @ DW_FORM_ref4
	.byte	11                              @ DW_AT_byte_size
	.byte	11                              @ DW_FORM_data1
	.byte	58                              @ DW_AT_decl_file
	.byte	11                              @ DW_FORM_data1
	.byte	59                              @ DW_AT_decl_line
	.byte	5                               @ DW_FORM_data2
	.byte	0                               @ EOM(1)
	.byte	0                               @ EOM(2)
	.byte	16                              @ Abbreviation Code
	.byte	46                              @ DW_TAG_subprogram
	.byte	0                               @ DW_CHILDREN_no
	.byte	17                              @ DW_AT_low_pc
	.byte	1                               @ DW_FORM_addr
	.byte	18                              @ DW_AT_high_pc
	.byte	6                               @ DW_FORM_data4
	.byte	64                              @ DW_AT_frame_base
	.byte	24                              @ DW_FORM_exprloc
	.ascii	"\227B"                         @ DW_AT_GNU_all_call_sites
	.byte	25                              @ DW_FORM_flag_present
	.byte	3                               @ DW_AT_name
	.byte	14                              @ DW_FORM_strp
	.byte	58                              @ DW_AT_decl_file
	.byte	11                              @ DW_FORM_data1
	.byte	59                              @ DW_AT_decl_line
	.byte	11                              @ DW_FORM_data1
	.byte	39                              @ DW_AT_prototyped
	.byte	25                              @ DW_FORM_flag_present
	.byte	63                              @ DW_AT_external
	.byte	25                              @ DW_FORM_flag_present
	.byte	0                               @ EOM(1)
	.byte	0                               @ EOM(2)
	.byte	17                              @ Abbreviation Code
	.byte	46                              @ DW_TAG_subprogram
	.byte	1                               @ DW_CHILDREN_yes
	.byte	17                              @ DW_AT_low_pc
	.byte	1                               @ DW_FORM_addr
	.byte	18                              @ DW_AT_high_pc
	.byte	6                               @ DW_FORM_data4
	.byte	64                              @ DW_AT_frame_base
	.byte	24                              @ DW_FORM_exprloc
	.ascii	"\227B"                         @ DW_AT_GNU_all_call_sites
	.byte	25                              @ DW_FORM_flag_present
	.byte	3                               @ DW_AT_name
	.byte	14                              @ DW_FORM_strp
	.byte	58                              @ DW_AT_decl_file
	.byte	11                              @ DW_FORM_data1
	.byte	59                              @ DW_AT_decl_line
	.byte	5                               @ DW_FORM_data2
	.byte	39                              @ DW_AT_prototyped
	.byte	25                              @ DW_FORM_flag_present
	.byte	63                              @ DW_AT_external
	.byte	25                              @ DW_FORM_flag_present
	.byte	0                               @ EOM(1)
	.byte	0                               @ EOM(2)
	.byte	18                              @ Abbreviation Code
	.byte	5                               @ DW_TAG_formal_parameter
	.byte	0                               @ DW_CHILDREN_no
	.byte	2                               @ DW_AT_location
	.byte	23                              @ DW_FORM_sec_offset
	.byte	3                               @ DW_AT_name
	.byte	14                              @ DW_FORM_strp
	.byte	58                              @ DW_AT_decl_file
	.byte	11                              @ DW_FORM_data1
	.byte	59                              @ DW_AT_decl_line
	.byte	5                               @ DW_FORM_data2
	.byte	73                              @ DW_AT_type
	.byte	19                              @ DW_FORM_ref4
	.byte	0                               @ EOM(1)
	.byte	0                               @ EOM(2)
	.byte	19                              @ Abbreviation Code
	.byte	52                              @ DW_TAG_variable
	.byte	0                               @ DW_CHILDREN_no
	.byte	2                               @ DW_AT_location
	.byte	24                              @ DW_FORM_exprloc
	.byte	3                               @ DW_AT_name
	.byte	14                              @ DW_FORM_strp
	.byte	58                              @ DW_AT_decl_file
	.byte	11                              @ DW_FORM_data1
	.byte	59                              @ DW_AT_decl_line
	.byte	5                               @ DW_FORM_data2
	.byte	73                              @ DW_AT_type
	.byte	19                              @ DW_FORM_ref4
	.byte	0                               @ EOM(1)
	.byte	0                               @ EOM(2)
	.byte	20                              @ Abbreviation Code
	.byte	52                              @ DW_TAG_variable
	.byte	0                               @ DW_CHILDREN_no
	.byte	2                               @ DW_AT_location
	.byte	23                              @ DW_FORM_sec_offset
	.byte	3                               @ DW_AT_name
	.byte	14                              @ DW_FORM_strp
	.byte	58                              @ DW_AT_decl_file
	.byte	11                              @ DW_FORM_data1
	.byte	59                              @ DW_AT_decl_line
	.byte	5                               @ DW_FORM_data2
	.byte	73                              @ DW_AT_type
	.byte	19                              @ DW_FORM_ref4
	.byte	0                               @ EOM(1)
	.byte	0                               @ EOM(2)
	.byte	21                              @ Abbreviation Code
	.byte	46                              @ DW_TAG_subprogram
	.byte	0                               @ DW_CHILDREN_no
	.byte	17                              @ DW_AT_low_pc
	.byte	1                               @ DW_FORM_addr
	.byte	18                              @ DW_AT_high_pc
	.byte	6                               @ DW_FORM_data4
	.byte	64                              @ DW_AT_frame_base
	.byte	24                              @ DW_FORM_exprloc
	.ascii	"\227B"                         @ DW_AT_GNU_all_call_sites
	.byte	25                              @ DW_FORM_flag_present
	.byte	3                               @ DW_AT_name
	.byte	14                              @ DW_FORM_strp
	.byte	58                              @ DW_AT_decl_file
	.byte	11                              @ DW_FORM_data1
	.byte	59                              @ DW_AT_decl_line
	.byte	5                               @ DW_FORM_data2
	.byte	39                              @ DW_AT_prototyped
	.byte	25                              @ DW_FORM_flag_present
	.byte	63                              @ DW_AT_external
	.byte	25                              @ DW_FORM_flag_present
	.byte	0                               @ EOM(1)
	.byte	0                               @ EOM(2)
	.byte	22                              @ Abbreviation Code
	.byte	46                              @ DW_TAG_subprogram
	.byte	1                               @ DW_CHILDREN_yes
	.byte	17                              @ DW_AT_low_pc
	.byte	1                               @ DW_FORM_addr
	.byte	18                              @ DW_AT_high_pc
	.byte	6                               @ DW_FORM_data4
	.byte	64                              @ DW_AT_frame_base
	.byte	24                              @ DW_FORM_exprloc
	.ascii	"\227B"                         @ DW_AT_GNU_all_call_sites
	.byte	25                              @ DW_FORM_flag_present
	.byte	3                               @ DW_AT_name
	.byte	14                              @ DW_FORM_strp
	.byte	58                              @ DW_AT_decl_file
	.byte	11                              @ DW_FORM_data1
	.byte	59                              @ DW_AT_decl_line
	.byte	11                              @ DW_FORM_data1
	.byte	39                              @ DW_AT_prototyped
	.byte	25                              @ DW_FORM_flag_present
	.byte	63                              @ DW_AT_external
	.byte	25                              @ DW_FORM_flag_present
	.byte	0                               @ EOM(1)
	.byte	0                               @ EOM(2)
	.byte	23                              @ Abbreviation Code
	.byte	5                               @ DW_TAG_formal_parameter
	.byte	0                               @ DW_CHILDREN_no
	.byte	2                               @ DW_AT_location
	.byte	23                              @ DW_FORM_sec_offset
	.byte	3                               @ DW_AT_name
	.byte	14                              @ DW_FORM_strp
	.byte	58                              @ DW_AT_decl_file
	.byte	11                              @ DW_FORM_data1
	.byte	59                              @ DW_AT_decl_line
	.byte	11                              @ DW_FORM_data1
	.byte	73                              @ DW_AT_type
	.byte	19                              @ DW_FORM_ref4
	.byte	0                               @ EOM(1)
	.byte	0                               @ EOM(2)
	.byte	24                              @ Abbreviation Code
	.byte	46                              @ DW_TAG_subprogram
	.byte	0                               @ DW_CHILDREN_no
	.byte	17                              @ DW_AT_low_pc
	.byte	1                               @ DW_FORM_addr
	.byte	18                              @ DW_AT_high_pc
	.byte	6                               @ DW_FORM_data4
	.byte	64                              @ DW_AT_frame_base
	.byte	24                              @ DW_FORM_exprloc
	.ascii	"\227B"                         @ DW_AT_GNU_all_call_sites
	.byte	25                              @ DW_FORM_flag_present
	.byte	3                               @ DW_AT_name
	.byte	14                              @ DW_FORM_strp
	.byte	58                              @ DW_AT_decl_file
	.byte	11                              @ DW_FORM_data1
	.byte	59                              @ DW_AT_decl_line
	.byte	5                               @ DW_FORM_data2
	.byte	39                              @ DW_AT_prototyped
	.byte	25                              @ DW_FORM_flag_present
	.byte	73                              @ DW_AT_type
	.byte	19                              @ DW_FORM_ref4
	.byte	63                              @ DW_AT_external
	.byte	25                              @ DW_FORM_flag_present
	.byte	0                               @ EOM(1)
	.byte	0                               @ EOM(2)
	.byte	0                               @ EOM(3)
	.section	.debug_info,"",%progbits
.Lcu_begin0:
	.long	.Ldebug_info_end0-.Ldebug_info_start0 @ Length of Unit
.Ldebug_info_start0:
	.short	4                               @ DWARF version number
	.long	.debug_abbrev                   @ Offset Into Abbrev. Section
	.byte	4                               @ Address Size (in bytes)
	.byte	1                               @ Abbrev [1] 0xb:0x5fa DW_TAG_compile_unit
	.long	.Linfo_string0                  @ DW_AT_producer
	.short	12                              @ DW_AT_language
	.long	.Linfo_string1                  @ DW_AT_name
	.long	.Lline_table_start0             @ DW_AT_stmt_list
	.long	.Linfo_string2                  @ DW_AT_comp_dir
	.long	0                               @ DW_AT_low_pc
	.long	.Ldebug_ranges0                 @ DW_AT_ranges
	.byte	2                               @ Abbrev [2] 0x26:0x13 DW_TAG_variable
	.long	.Linfo_string3                  @ DW_AT_name
	.long	57                              @ DW_AT_type
                                        @ DW_AT_external
	.byte	2                               @ DW_AT_decl_file
	.byte	72                              @ DW_AT_decl_line
	.byte	7                               @ DW_AT_location
	.byte	3
	.long	.L_MergedGlobals.1
	.byte	35
	.byte	4
	.byte	3                               @ Abbrev [3] 0x39:0xb DW_TAG_typedef
	.long	68                              @ DW_AT_type
	.long	.Linfo_string5                  @ DW_AT_name
	.byte	1                               @ DW_AT_decl_file
	.byte	46                              @ DW_AT_decl_line
	.byte	4                               @ Abbrev [4] 0x44:0x7 DW_TAG_base_type
	.long	.Linfo_string4                  @ DW_AT_name
	.byte	7                               @ DW_AT_encoding
	.byte	2                               @ DW_AT_byte_size
	.byte	2                               @ Abbrev [2] 0x4b:0x13 DW_TAG_variable
	.long	.Linfo_string6                  @ DW_AT_name
	.long	94                              @ DW_AT_type
                                        @ DW_AT_external
	.byte	2                               @ DW_AT_decl_file
	.byte	58                              @ DW_AT_decl_line
	.byte	7                               @ DW_AT_location
	.byte	3
	.long	.L_MergedGlobals.1
	.byte	35
	.byte	2
	.byte	5                               @ Abbrev [5] 0x5e:0x5 DW_TAG_volatile_type
	.long	99                              @ DW_AT_type
	.byte	3                               @ Abbrev [3] 0x63:0xb DW_TAG_typedef
	.long	110                             @ DW_AT_type
	.long	.Linfo_string8                  @ DW_AT_name
	.byte	3                               @ DW_AT_decl_file
	.byte	62                              @ DW_AT_decl_line
	.byte	4                               @ Abbrev [4] 0x6e:0x7 DW_TAG_base_type
	.long	.Linfo_string7                  @ DW_AT_name
	.byte	8                               @ DW_AT_encoding
	.byte	1                               @ DW_AT_byte_size
	.byte	2                               @ Abbrev [2] 0x75:0x13 DW_TAG_variable
	.long	.Linfo_string9                  @ DW_AT_name
	.long	136                             @ DW_AT_type
                                        @ DW_AT_external
	.byte	2                               @ DW_AT_decl_file
	.byte	60                              @ DW_AT_decl_line
	.byte	7                               @ DW_AT_location
	.byte	3
	.long	.L_MergedGlobals.1
	.byte	35
	.byte	20
	.byte	3                               @ Abbrev [3] 0x88:0xb DW_TAG_typedef
	.long	147                             @ DW_AT_type
	.long	.Linfo_string21                 @ DW_AT_name
	.byte	1                               @ DW_AT_decl_file
	.byte	229                             @ DW_AT_decl_line
	.byte	6                               @ Abbrev [6] 0x93:0x65 DW_TAG_structure_type
	.byte	16                              @ DW_AT_byte_size
	.byte	1                               @ DW_AT_decl_file
	.byte	219                             @ DW_AT_decl_line
	.byte	7                               @ Abbrev [7] 0x97:0xc DW_TAG_member
	.long	.Linfo_string10                 @ DW_AT_name
	.long	248                             @ DW_AT_type
	.byte	1                               @ DW_AT_decl_file
	.byte	221                             @ DW_AT_decl_line
	.byte	0                               @ DW_AT_data_member_location
	.byte	7                               @ Abbrev [7] 0xa3:0xc DW_TAG_member
	.long	.Linfo_string13                 @ DW_AT_name
	.long	266                             @ DW_AT_type
	.byte	1                               @ DW_AT_decl_file
	.byte	222                             @ DW_AT_decl_line
	.byte	4                               @ DW_AT_data_member_location
	.byte	7                               @ Abbrev [7] 0xaf:0xc DW_TAG_member
	.long	.Linfo_string15                 @ DW_AT_name
	.long	266                             @ DW_AT_type
	.byte	1                               @ DW_AT_decl_file
	.byte	223                             @ DW_AT_decl_line
	.byte	6                               @ DW_AT_data_member_location
	.byte	7                               @ Abbrev [7] 0xbb:0xc DW_TAG_member
	.long	.Linfo_string16                 @ DW_AT_name
	.long	99                              @ DW_AT_type
	.byte	1                               @ DW_AT_decl_file
	.byte	224                             @ DW_AT_decl_line
	.byte	8                               @ DW_AT_data_member_location
	.byte	7                               @ Abbrev [7] 0xc7:0xc DW_TAG_member
	.long	.Linfo_string17                 @ DW_AT_name
	.long	99                              @ DW_AT_type
	.byte	1                               @ DW_AT_decl_file
	.byte	225                             @ DW_AT_decl_line
	.byte	9                               @ DW_AT_data_member_location
	.byte	7                               @ Abbrev [7] 0xd3:0xc DW_TAG_member
	.long	.Linfo_string18                 @ DW_AT_name
	.long	99                              @ DW_AT_type
	.byte	1                               @ DW_AT_decl_file
	.byte	226                             @ DW_AT_decl_line
	.byte	10                              @ DW_AT_data_member_location
	.byte	7                               @ Abbrev [7] 0xdf:0xc DW_TAG_member
	.long	.Linfo_string19                 @ DW_AT_name
	.long	266                             @ DW_AT_type
	.byte	1                               @ DW_AT_decl_file
	.byte	227                             @ DW_AT_decl_line
	.byte	12                              @ DW_AT_data_member_location
	.byte	7                               @ Abbrev [7] 0xeb:0xc DW_TAG_member
	.long	.Linfo_string20                 @ DW_AT_name
	.long	266                             @ DW_AT_type
	.byte	1                               @ DW_AT_decl_file
	.byte	228                             @ DW_AT_decl_line
	.byte	14                              @ DW_AT_data_member_location
	.byte	0                               @ End Of Children Mark
	.byte	3                               @ Abbrev [3] 0xf8:0xb DW_TAG_typedef
	.long	259                             @ DW_AT_type
	.long	.Linfo_string12                 @ DW_AT_name
	.byte	3                               @ DW_AT_decl_file
	.byte	64                              @ DW_AT_decl_line
	.byte	4                               @ Abbrev [4] 0x103:0x7 DW_TAG_base_type
	.long	.Linfo_string11                 @ DW_AT_name
	.byte	7                               @ DW_AT_encoding
	.byte	4                               @ DW_AT_byte_size
	.byte	3                               @ Abbrev [3] 0x10a:0xb DW_TAG_typedef
	.long	68                              @ DW_AT_type
	.long	.Linfo_string14                 @ DW_AT_name
	.byte	3                               @ DW_AT_decl_file
	.byte	63                              @ DW_AT_decl_line
	.byte	8                               @ Abbrev [8] 0x115:0x13 DW_TAG_variable
	.long	.Linfo_string22                 @ DW_AT_name
	.long	296                             @ DW_AT_type
	.byte	2                               @ DW_AT_decl_file
	.byte	64                              @ DW_AT_decl_line
	.byte	7                               @ DW_AT_location
	.byte	3
	.long	.L_MergedGlobals.1
	.byte	35
	.byte	1
	.byte	3                               @ Abbrev [3] 0x128:0xb DW_TAG_typedef
	.long	307                             @ DW_AT_type
	.long	.Linfo_string34                 @ DW_AT_name
	.byte	1                               @ DW_AT_decl_file
	.byte	217                             @ DW_AT_decl_line
	.byte	9                               @ Abbrev [9] 0x133:0x8a DW_TAG_union_type
	.byte	1                               @ DW_AT_byte_size
	.byte	1                               @ DW_AT_decl_file
	.byte	201                             @ DW_AT_decl_line
	.byte	7                               @ Abbrev [7] 0x137:0xc DW_TAG_member
	.long	.Linfo_string23                 @ DW_AT_name
	.long	445                             @ DW_AT_type
	.byte	1                               @ DW_AT_decl_file
	.byte	203                             @ DW_AT_decl_line
	.byte	0                               @ DW_AT_data_member_location
	.byte	7                               @ Abbrev [7] 0x143:0xc DW_TAG_member
	.long	.Linfo_string25                 @ DW_AT_name
	.long	335                             @ DW_AT_type
	.byte	1                               @ DW_AT_decl_file
	.byte	216                             @ DW_AT_decl_line
	.byte	0                               @ DW_AT_data_member_location
	.byte	6                               @ Abbrev [6] 0x14f:0x6d DW_TAG_structure_type
	.byte	1                               @ DW_AT_byte_size
	.byte	1                               @ DW_AT_decl_file
	.byte	204                             @ DW_AT_decl_line
	.byte	10                              @ Abbrev [10] 0x153:0xd DW_TAG_member
	.long	.Linfo_string26                 @ DW_AT_name
	.long	445                             @ DW_AT_type
	.byte	1                               @ DW_AT_decl_file
	.byte	207                             @ DW_AT_decl_line
	.byte	1                               @ DW_AT_bit_size
	.byte	0                               @ DW_AT_data_bit_offset
	.byte	10                              @ Abbrev [10] 0x160:0xd DW_TAG_member
	.long	.Linfo_string27                 @ DW_AT_name
	.long	445                             @ DW_AT_type
	.byte	1                               @ DW_AT_decl_file
	.byte	208                             @ DW_AT_decl_line
	.byte	1                               @ DW_AT_bit_size
	.byte	1                               @ DW_AT_data_bit_offset
	.byte	10                              @ Abbrev [10] 0x16d:0xd DW_TAG_member
	.long	.Linfo_string28                 @ DW_AT_name
	.long	445                             @ DW_AT_type
	.byte	1                               @ DW_AT_decl_file
	.byte	209                             @ DW_AT_decl_line
	.byte	1                               @ DW_AT_bit_size
	.byte	2                               @ DW_AT_data_bit_offset
	.byte	10                              @ Abbrev [10] 0x17a:0xd DW_TAG_member
	.long	.Linfo_string29                 @ DW_AT_name
	.long	445                             @ DW_AT_type
	.byte	1                               @ DW_AT_decl_file
	.byte	211                             @ DW_AT_decl_line
	.byte	1                               @ DW_AT_bit_size
	.byte	3                               @ DW_AT_data_bit_offset
	.byte	10                              @ Abbrev [10] 0x187:0xd DW_TAG_member
	.long	.Linfo_string30                 @ DW_AT_name
	.long	445                             @ DW_AT_type
	.byte	1                               @ DW_AT_decl_file
	.byte	212                             @ DW_AT_decl_line
	.byte	1                               @ DW_AT_bit_size
	.byte	4                               @ DW_AT_data_bit_offset
	.byte	10                              @ Abbrev [10] 0x194:0xd DW_TAG_member
	.long	.Linfo_string31                 @ DW_AT_name
	.long	445                             @ DW_AT_type
	.byte	1                               @ DW_AT_decl_file
	.byte	213                             @ DW_AT_decl_line
	.byte	1                               @ DW_AT_bit_size
	.byte	5                               @ DW_AT_data_bit_offset
	.byte	10                              @ Abbrev [10] 0x1a1:0xd DW_TAG_member
	.long	.Linfo_string32                 @ DW_AT_name
	.long	445                             @ DW_AT_type
	.byte	1                               @ DW_AT_decl_file
	.byte	214                             @ DW_AT_decl_line
	.byte	1                               @ DW_AT_bit_size
	.byte	6                               @ DW_AT_data_bit_offset
	.byte	10                              @ Abbrev [10] 0x1ae:0xd DW_TAG_member
	.long	.Linfo_string33                 @ DW_AT_name
	.long	445                             @ DW_AT_type
	.byte	1                               @ DW_AT_decl_file
	.byte	215                             @ DW_AT_decl_line
	.byte	1                               @ DW_AT_bit_size
	.byte	7                               @ DW_AT_data_bit_offset
	.byte	0                               @ End Of Children Mark
	.byte	0                               @ End Of Children Mark
	.byte	3                               @ Abbrev [3] 0x1bd:0xb DW_TAG_typedef
	.long	110                             @ DW_AT_type
	.long	.Linfo_string24                 @ DW_AT_name
	.byte	1                               @ DW_AT_decl_file
	.byte	40                              @ DW_AT_decl_line
	.byte	8                               @ Abbrev [8] 0x1c8:0x11 DW_TAG_variable
	.long	.Linfo_string35                 @ DW_AT_name
	.long	445                             @ DW_AT_type
	.byte	2                               @ DW_AT_decl_file
	.byte	63                              @ DW_AT_decl_line
	.byte	5                               @ DW_AT_location
	.byte	3
	.long	.L_MergedGlobals
	.byte	8                               @ Abbrev [8] 0x1d9:0x13 DW_TAG_variable
	.long	.Linfo_string36                 @ DW_AT_name
	.long	492                             @ DW_AT_type
	.byte	2                               @ DW_AT_decl_file
	.byte	68                              @ DW_AT_decl_line
	.byte	7                               @ DW_AT_location
	.byte	3
	.long	.L_MergedGlobals.1
	.byte	35
	.byte	12
	.byte	11                              @ Abbrev [11] 0x1ec:0x5 DW_TAG_pointer_type
	.long	445                             @ DW_AT_type
	.byte	8                               @ Abbrev [8] 0x1f1:0x11 DW_TAG_variable
	.long	.Linfo_string37                 @ DW_AT_name
	.long	445                             @ DW_AT_type
	.byte	2                               @ DW_AT_decl_file
	.byte	65                              @ DW_AT_decl_line
	.byte	5                               @ DW_AT_location
	.byte	3
	.long	.L_MergedGlobals.1
	.byte	8                               @ Abbrev [8] 0x202:0x13 DW_TAG_variable
	.long	.Linfo_string38                 @ DW_AT_name
	.long	492                             @ DW_AT_type
	.byte	2                               @ DW_AT_decl_file
	.byte	66                              @ DW_AT_decl_line
	.byte	7                               @ DW_AT_location
	.byte	3
	.long	.L_MergedGlobals.1
	.byte	35
	.byte	16
	.byte	8                               @ Abbrev [8] 0x215:0x13 DW_TAG_variable
	.long	.Linfo_string39                 @ DW_AT_name
	.long	445                             @ DW_AT_type
	.byte	2                               @ DW_AT_decl_file
	.byte	69                              @ DW_AT_decl_line
	.byte	7                               @ DW_AT_location
	.byte	3
	.long	.L_MergedGlobals
	.byte	35
	.byte	1
	.byte	8                               @ Abbrev [8] 0x228:0x13 DW_TAG_variable
	.long	.Linfo_string40                 @ DW_AT_name
	.long	57                              @ DW_AT_type
	.byte	2                               @ DW_AT_decl_file
	.byte	70                              @ DW_AT_decl_line
	.byte	7                               @ DW_AT_location
	.byte	3
	.long	.L_MergedGlobals.1
	.byte	35
	.byte	6
	.byte	8                               @ Abbrev [8] 0x23b:0x13 DW_TAG_variable
	.long	.Linfo_string41                 @ DW_AT_name
	.long	57                              @ DW_AT_type
	.byte	2                               @ DW_AT_decl_file
	.byte	71                              @ DW_AT_decl_line
	.byte	7                               @ DW_AT_location
	.byte	3
	.long	.L_MergedGlobals.1
	.byte	35
	.byte	8
	.byte	8                               @ Abbrev [8] 0x24e:0x13 DW_TAG_variable
	.long	.Linfo_string42                 @ DW_AT_name
	.long	445                             @ DW_AT_type
	.byte	2                               @ DW_AT_decl_file
	.byte	67                              @ DW_AT_decl_line
	.byte	7                               @ DW_AT_location
	.byte	3
	.long	.L_MergedGlobals.1
	.byte	35
	.byte	3
	.byte	12                              @ Abbrev [12] 0x261:0xb DW_TAG_variable
	.long	.Linfo_string43                 @ DW_AT_name
	.long	445                             @ DW_AT_type
	.byte	2                               @ DW_AT_decl_file
	.byte	62                              @ DW_AT_decl_line
	.byte	13                              @ Abbrev [13] 0x26c:0x1b DW_TAG_enumeration_type
	.long	110                             @ DW_AT_type
	.byte	1                               @ DW_AT_byte_size
	.byte	4                               @ DW_AT_decl_file
	.byte	79                              @ DW_AT_decl_line
	.byte	14                              @ Abbrev [14] 0x274:0x6 DW_TAG_enumerator
	.long	.Linfo_string44                 @ DW_AT_name
	.byte	0                               @ DW_AT_const_value
	.byte	14                              @ Abbrev [14] 0x27a:0x6 DW_TAG_enumerator
	.long	.Linfo_string45                 @ DW_AT_name
	.byte	1                               @ DW_AT_const_value
	.byte	14                              @ Abbrev [14] 0x280:0x6 DW_TAG_enumerator
	.long	.Linfo_string46                 @ DW_AT_name
	.byte	2                               @ DW_AT_const_value
	.byte	0                               @ End Of Children Mark
	.byte	13                              @ Abbrev [13] 0x287:0x1b DW_TAG_enumeration_type
	.long	110                             @ DW_AT_type
	.byte	1                               @ DW_AT_byte_size
	.byte	4                               @ DW_AT_decl_file
	.byte	91                              @ DW_AT_decl_line
	.byte	14                              @ Abbrev [14] 0x28f:0x6 DW_TAG_enumerator
	.long	.Linfo_string47                 @ DW_AT_name
	.byte	0                               @ DW_AT_const_value
	.byte	14                              @ Abbrev [14] 0x295:0x6 DW_TAG_enumerator
	.long	.Linfo_string48                 @ DW_AT_name
	.byte	1                               @ DW_AT_const_value
	.byte	14                              @ Abbrev [14] 0x29b:0x6 DW_TAG_enumerator
	.long	.Linfo_string49                 @ DW_AT_name
	.byte	2                               @ DW_AT_const_value
	.byte	0                               @ End Of Children Mark
	.byte	15                              @ Abbrev [15] 0x2a2:0x1c DW_TAG_enumeration_type
	.long	110                             @ DW_AT_type
	.byte	1                               @ DW_AT_byte_size
	.byte	1                               @ DW_AT_decl_file
	.short	596                             @ DW_AT_decl_line
	.byte	14                              @ Abbrev [14] 0x2ab:0x6 DW_TAG_enumerator
	.long	.Linfo_string50                 @ DW_AT_name
	.byte	0                               @ DW_AT_const_value
	.byte	14                              @ Abbrev [14] 0x2b1:0x6 DW_TAG_enumerator
	.long	.Linfo_string51                 @ DW_AT_name
	.byte	1                               @ DW_AT_const_value
	.byte	14                              @ Abbrev [14] 0x2b7:0x6 DW_TAG_enumerator
	.long	.Linfo_string52                 @ DW_AT_name
	.byte	2                               @ DW_AT_const_value
	.byte	0                               @ End Of Children Mark
	.byte	15                              @ Abbrev [15] 0x2be:0x22 DW_TAG_enumeration_type
	.long	110                             @ DW_AT_type
	.byte	1                               @ DW_AT_byte_size
	.byte	1                               @ DW_AT_decl_file
	.short	517                             @ DW_AT_decl_line
	.byte	14                              @ Abbrev [14] 0x2c7:0x6 DW_TAG_enumerator
	.long	.Linfo_string53                 @ DW_AT_name
	.byte	0                               @ DW_AT_const_value
	.byte	14                              @ Abbrev [14] 0x2cd:0x6 DW_TAG_enumerator
	.long	.Linfo_string54                 @ DW_AT_name
	.byte	1                               @ DW_AT_const_value
	.byte	14                              @ Abbrev [14] 0x2d3:0x6 DW_TAG_enumerator
	.long	.Linfo_string55                 @ DW_AT_name
	.byte	2                               @ DW_AT_const_value
	.byte	14                              @ Abbrev [14] 0x2d9:0x6 DW_TAG_enumerator
	.long	.Linfo_string56                 @ DW_AT_name
	.byte	3                               @ DW_AT_const_value
	.byte	0                               @ End Of Children Mark
	.byte	15                              @ Abbrev [15] 0x2e0:0x34 DW_TAG_enumeration_type
	.long	110                             @ DW_AT_type
	.byte	1                               @ DW_AT_byte_size
	.byte	1                               @ DW_AT_decl_file
	.short	566                             @ DW_AT_decl_line
	.byte	14                              @ Abbrev [14] 0x2e9:0x6 DW_TAG_enumerator
	.long	.Linfo_string57                 @ DW_AT_name
	.byte	0                               @ DW_AT_const_value
	.byte	14                              @ Abbrev [14] 0x2ef:0x6 DW_TAG_enumerator
	.long	.Linfo_string58                 @ DW_AT_name
	.byte	1                               @ DW_AT_const_value
	.byte	14                              @ Abbrev [14] 0x2f5:0x6 DW_TAG_enumerator
	.long	.Linfo_string59                 @ DW_AT_name
	.byte	2                               @ DW_AT_const_value
	.byte	14                              @ Abbrev [14] 0x2fb:0x6 DW_TAG_enumerator
	.long	.Linfo_string60                 @ DW_AT_name
	.byte	3                               @ DW_AT_const_value
	.byte	14                              @ Abbrev [14] 0x301:0x6 DW_TAG_enumerator
	.long	.Linfo_string61                 @ DW_AT_name
	.byte	4                               @ DW_AT_const_value
	.byte	14                              @ Abbrev [14] 0x307:0x6 DW_TAG_enumerator
	.long	.Linfo_string62                 @ DW_AT_name
	.byte	5                               @ DW_AT_const_value
	.byte	14                              @ Abbrev [14] 0x30d:0x6 DW_TAG_enumerator
	.long	.Linfo_string63                 @ DW_AT_name
	.byte	6                               @ DW_AT_const_value
	.byte	0                               @ End Of Children Mark
	.byte	15                              @ Abbrev [15] 0x314:0x34 DW_TAG_enumeration_type
	.long	110                             @ DW_AT_type
	.byte	1                               @ DW_AT_byte_size
	.byte	1                               @ DW_AT_decl_file
	.short	581                             @ DW_AT_decl_line
	.byte	14                              @ Abbrev [14] 0x31d:0x6 DW_TAG_enumerator
	.long	.Linfo_string64                 @ DW_AT_name
	.byte	0                               @ DW_AT_const_value
	.byte	14                              @ Abbrev [14] 0x323:0x6 DW_TAG_enumerator
	.long	.Linfo_string65                 @ DW_AT_name
	.byte	1                               @ DW_AT_const_value
	.byte	14                              @ Abbrev [14] 0x329:0x6 DW_TAG_enumerator
	.long	.Linfo_string66                 @ DW_AT_name
	.byte	2                               @ DW_AT_const_value
	.byte	14                              @ Abbrev [14] 0x32f:0x6 DW_TAG_enumerator
	.long	.Linfo_string67                 @ DW_AT_name
	.byte	3                               @ DW_AT_const_value
	.byte	14                              @ Abbrev [14] 0x335:0x6 DW_TAG_enumerator
	.long	.Linfo_string68                 @ DW_AT_name
	.byte	4                               @ DW_AT_const_value
	.byte	14                              @ Abbrev [14] 0x33b:0x6 DW_TAG_enumerator
	.long	.Linfo_string69                 @ DW_AT_name
	.byte	5                               @ DW_AT_const_value
	.byte	14                              @ Abbrev [14] 0x341:0x6 DW_TAG_enumerator
	.long	.Linfo_string70                 @ DW_AT_name
	.byte	6                               @ DW_AT_const_value
	.byte	0                               @ End Of Children Mark
	.byte	13                              @ Abbrev [13] 0x348:0x3f DW_TAG_enumeration_type
	.long	110                             @ DW_AT_type
	.byte	1                               @ DW_AT_byte_size
	.byte	1                               @ DW_AT_decl_file
	.byte	148                             @ DW_AT_decl_line
	.byte	14                              @ Abbrev [14] 0x350:0x6 DW_TAG_enumerator
	.long	.Linfo_string71                 @ DW_AT_name
	.byte	0                               @ DW_AT_const_value
	.byte	14                              @ Abbrev [14] 0x356:0x6 DW_TAG_enumerator
	.long	.Linfo_string72                 @ DW_AT_name
	.byte	1                               @ DW_AT_const_value
	.byte	14                              @ Abbrev [14] 0x35c:0x6 DW_TAG_enumerator
	.long	.Linfo_string73                 @ DW_AT_name
	.byte	2                               @ DW_AT_const_value
	.byte	14                              @ Abbrev [14] 0x362:0x6 DW_TAG_enumerator
	.long	.Linfo_string74                 @ DW_AT_name
	.byte	3                               @ DW_AT_const_value
	.byte	14                              @ Abbrev [14] 0x368:0x6 DW_TAG_enumerator
	.long	.Linfo_string75                 @ DW_AT_name
	.byte	4                               @ DW_AT_const_value
	.byte	14                              @ Abbrev [14] 0x36e:0x6 DW_TAG_enumerator
	.long	.Linfo_string76                 @ DW_AT_name
	.byte	5                               @ DW_AT_const_value
	.byte	14                              @ Abbrev [14] 0x374:0x6 DW_TAG_enumerator
	.long	.Linfo_string77                 @ DW_AT_name
	.byte	6                               @ DW_AT_const_value
	.byte	14                              @ Abbrev [14] 0x37a:0x6 DW_TAG_enumerator
	.long	.Linfo_string78                 @ DW_AT_name
	.byte	7                               @ DW_AT_const_value
	.byte	14                              @ Abbrev [14] 0x380:0x6 DW_TAG_enumerator
	.long	.Linfo_string79                 @ DW_AT_name
	.byte	8                               @ DW_AT_const_value
	.byte	0                               @ End Of Children Mark
	.byte	13                              @ Abbrev [13] 0x387:0x1b DW_TAG_enumeration_type
	.long	110                             @ DW_AT_type
	.byte	1                               @ DW_AT_byte_size
	.byte	4                               @ DW_AT_decl_file
	.byte	110                             @ DW_AT_decl_line
	.byte	14                              @ Abbrev [14] 0x38f:0x6 DW_TAG_enumerator
	.long	.Linfo_string80                 @ DW_AT_name
	.byte	0                               @ DW_AT_const_value
	.byte	14                              @ Abbrev [14] 0x395:0x6 DW_TAG_enumerator
	.long	.Linfo_string81                 @ DW_AT_name
	.byte	1                               @ DW_AT_const_value
	.byte	14                              @ Abbrev [14] 0x39b:0x6 DW_TAG_enumerator
	.long	.Linfo_string82                 @ DW_AT_name
	.byte	2                               @ DW_AT_const_value
	.byte	0                               @ End Of Children Mark
	.byte	13                              @ Abbrev [13] 0x3a2:0x15 DW_TAG_enumeration_type
	.long	110                             @ DW_AT_type
	.byte	1                               @ DW_AT_byte_size
	.byte	4                               @ DW_AT_decl_file
	.byte	120                             @ DW_AT_decl_line
	.byte	14                              @ Abbrev [14] 0x3aa:0x6 DW_TAG_enumerator
	.long	.Linfo_string83                 @ DW_AT_name
	.byte	0                               @ DW_AT_const_value
	.byte	14                              @ Abbrev [14] 0x3b0:0x6 DW_TAG_enumerator
	.long	.Linfo_string84                 @ DW_AT_name
	.byte	1                               @ DW_AT_const_value
	.byte	0                               @ End Of Children Mark
	.byte	13                              @ Abbrev [13] 0x3b7:0xf DW_TAG_enumeration_type
	.long	110                             @ DW_AT_type
	.byte	1                               @ DW_AT_byte_size
	.byte	5                               @ DW_AT_decl_file
	.byte	75                              @ DW_AT_decl_line
	.byte	14                              @ Abbrev [14] 0x3bf:0x6 DW_TAG_enumerator
	.long	.Linfo_string85                 @ DW_AT_name
	.byte	0                               @ DW_AT_const_value
	.byte	0                               @ End Of Children Mark
	.byte	13                              @ Abbrev [13] 0x3c6:0x1b DW_TAG_enumeration_type
	.long	110                             @ DW_AT_type
	.byte	1                               @ DW_AT_byte_size
	.byte	6                               @ DW_AT_decl_file
	.byte	65                              @ DW_AT_decl_line
	.byte	14                              @ Abbrev [14] 0x3ce:0x6 DW_TAG_enumerator
	.long	.Linfo_string86                 @ DW_AT_name
	.byte	0                               @ DW_AT_const_value
	.byte	14                              @ Abbrev [14] 0x3d4:0x6 DW_TAG_enumerator
	.long	.Linfo_string87                 @ DW_AT_name
	.byte	1                               @ DW_AT_const_value
	.byte	14                              @ Abbrev [14] 0x3da:0x6 DW_TAG_enumerator
	.long	.Linfo_string88                 @ DW_AT_name
	.byte	2                               @ DW_AT_const_value
	.byte	0                               @ End Of Children Mark
	.byte	13                              @ Abbrev [13] 0x3e1:0x2d DW_TAG_enumeration_type
	.long	110                             @ DW_AT_type
	.byte	1                               @ DW_AT_byte_size
	.byte	7                               @ DW_AT_decl_file
	.byte	153                             @ DW_AT_decl_line
	.byte	14                              @ Abbrev [14] 0x3e9:0x6 DW_TAG_enumerator
	.long	.Linfo_string89                 @ DW_AT_name
	.byte	0                               @ DW_AT_const_value
	.byte	14                              @ Abbrev [14] 0x3ef:0x6 DW_TAG_enumerator
	.long	.Linfo_string90                 @ DW_AT_name
	.byte	1                               @ DW_AT_const_value
	.byte	14                              @ Abbrev [14] 0x3f5:0x6 DW_TAG_enumerator
	.long	.Linfo_string91                 @ DW_AT_name
	.byte	2                               @ DW_AT_const_value
	.byte	14                              @ Abbrev [14] 0x3fb:0x6 DW_TAG_enumerator
	.long	.Linfo_string92                 @ DW_AT_name
	.byte	3                               @ DW_AT_const_value
	.byte	14                              @ Abbrev [14] 0x401:0x6 DW_TAG_enumerator
	.long	.Linfo_string93                 @ DW_AT_name
	.byte	4                               @ DW_AT_const_value
	.byte	14                              @ Abbrev [14] 0x407:0x6 DW_TAG_enumerator
	.long	.Linfo_string94                 @ DW_AT_name
	.byte	5                               @ DW_AT_const_value
	.byte	0                               @ End Of Children Mark
	.byte	16                              @ Abbrev [16] 0x40e:0x11 DW_TAG_subprogram
	.long	.Lfunc_begin0                   @ DW_AT_low_pc
	.long	.Lfunc_end0-.Lfunc_begin0       @ DW_AT_high_pc
	.byte	1                               @ DW_AT_frame_base
	.byte	93
                                        @ DW_AT_GNU_all_call_sites
	.long	.Linfo_string95                 @ DW_AT_name
	.byte	2                               @ DW_AT_decl_file
	.byte	90                              @ DW_AT_decl_line
                                        @ DW_AT_prototyped
                                        @ DW_AT_external
	.byte	16                              @ Abbrev [16] 0x41f:0x11 DW_TAG_subprogram
	.long	.Lfunc_begin1                   @ DW_AT_low_pc
	.long	.Lfunc_end1-.Lfunc_begin1       @ DW_AT_high_pc
	.byte	1                               @ DW_AT_frame_base
	.byte	93
                                        @ DW_AT_GNU_all_call_sites
	.long	.Linfo_string96                 @ DW_AT_name
	.byte	2                               @ DW_AT_decl_file
	.byte	102                             @ DW_AT_decl_line
                                        @ DW_AT_prototyped
                                        @ DW_AT_external
	.byte	16                              @ Abbrev [16] 0x430:0x11 DW_TAG_subprogram
	.long	.Lfunc_begin2                   @ DW_AT_low_pc
	.long	.Lfunc_end2-.Lfunc_begin2       @ DW_AT_high_pc
	.byte	1                               @ DW_AT_frame_base
	.byte	93
                                        @ DW_AT_GNU_all_call_sites
	.long	.Linfo_string97                 @ DW_AT_name
	.byte	2                               @ DW_AT_decl_file
	.byte	114                             @ DW_AT_decl_line
                                        @ DW_AT_prototyped
                                        @ DW_AT_external
	.byte	16                              @ Abbrev [16] 0x441:0x11 DW_TAG_subprogram
	.long	.Lfunc_begin3                   @ DW_AT_low_pc
	.long	.Lfunc_end3-.Lfunc_begin3       @ DW_AT_high_pc
	.byte	1                               @ DW_AT_frame_base
	.byte	93
                                        @ DW_AT_GNU_all_call_sites
	.long	.Linfo_string98                 @ DW_AT_name
	.byte	2                               @ DW_AT_decl_file
	.byte	137                             @ DW_AT_decl_line
                                        @ DW_AT_prototyped
                                        @ DW_AT_external
	.byte	17                              @ Abbrev [17] 0x452:0x42 DW_TAG_subprogram
	.long	.Lfunc_begin4                   @ DW_AT_low_pc
	.long	.Lfunc_end4-.Lfunc_begin4       @ DW_AT_high_pc
	.byte	1                               @ DW_AT_frame_base
	.byte	93
                                        @ DW_AT_GNU_all_call_sites
	.long	.Linfo_string99                 @ DW_AT_name
	.byte	2                               @ DW_AT_decl_file
	.short	590                             @ DW_AT_decl_line
                                        @ DW_AT_prototyped
                                        @ DW_AT_external
	.byte	18                              @ Abbrev [18] 0x464:0x10 DW_TAG_formal_parameter
	.long	.Ldebug_loc0                    @ DW_AT_location
	.long	.Linfo_string119                @ DW_AT_name
	.byte	2                               @ DW_AT_decl_file
	.short	590                             @ DW_AT_decl_line
	.long	248                             @ DW_AT_type
	.byte	19                              @ Abbrev [19] 0x474:0xf DW_TAG_variable
	.byte	2                               @ DW_AT_location
	.byte	145
	.byte	0
	.long	.Linfo_string118                @ DW_AT_name
	.byte	2                               @ DW_AT_decl_file
	.short	592                             @ DW_AT_decl_line
	.long	99                              @ DW_AT_type
	.byte	20                              @ Abbrev [20] 0x483:0x10 DW_TAG_variable
	.long	.Ldebug_loc1                    @ DW_AT_location
	.long	.Linfo_string120                @ DW_AT_name
	.byte	2                               @ DW_AT_decl_file
	.short	593                             @ DW_AT_decl_line
	.long	99                              @ DW_AT_type
	.byte	0                               @ End Of Children Mark
	.byte	16                              @ Abbrev [16] 0x494:0x11 DW_TAG_subprogram
	.long	.Lfunc_begin5                   @ DW_AT_low_pc
	.long	.Lfunc_end5-.Lfunc_begin5       @ DW_AT_high_pc
	.byte	1                               @ DW_AT_frame_base
	.byte	93
                                        @ DW_AT_GNU_all_call_sites
	.long	.Linfo_string100                @ DW_AT_name
	.byte	2                               @ DW_AT_decl_file
	.byte	149                             @ DW_AT_decl_line
                                        @ DW_AT_prototyped
                                        @ DW_AT_external
	.byte	16                              @ Abbrev [16] 0x4a5:0x11 DW_TAG_subprogram
	.long	.Lfunc_begin6                   @ DW_AT_low_pc
	.long	.Lfunc_end6-.Lfunc_begin6       @ DW_AT_high_pc
	.byte	1                               @ DW_AT_frame_base
	.byte	93
                                        @ DW_AT_GNU_all_call_sites
	.long	.Linfo_string101                @ DW_AT_name
	.byte	2                               @ DW_AT_decl_file
	.byte	161                             @ DW_AT_decl_line
                                        @ DW_AT_prototyped
                                        @ DW_AT_external
	.byte	16                              @ Abbrev [16] 0x4b6:0x11 DW_TAG_subprogram
	.long	.Lfunc_begin7                   @ DW_AT_low_pc
	.long	.Lfunc_end7-.Lfunc_begin7       @ DW_AT_high_pc
	.byte	1                               @ DW_AT_frame_base
	.byte	93
                                        @ DW_AT_GNU_all_call_sites
	.long	.Linfo_string102                @ DW_AT_name
	.byte	2                               @ DW_AT_decl_file
	.byte	174                             @ DW_AT_decl_line
                                        @ DW_AT_prototyped
                                        @ DW_AT_external
	.byte	21                              @ Abbrev [21] 0x4c7:0x12 DW_TAG_subprogram
	.long	.Lfunc_begin8                   @ DW_AT_low_pc
	.long	.Lfunc_end8-.Lfunc_begin8       @ DW_AT_high_pc
	.byte	1                               @ DW_AT_frame_base
	.byte	93
                                        @ DW_AT_GNU_all_call_sites
	.long	.Linfo_string103                @ DW_AT_name
	.byte	2                               @ DW_AT_decl_file
	.short	552                             @ DW_AT_decl_line
                                        @ DW_AT_prototyped
                                        @ DW_AT_external
	.byte	16                              @ Abbrev [16] 0x4d9:0x11 DW_TAG_subprogram
	.long	.Lfunc_begin9                   @ DW_AT_low_pc
	.long	.Lfunc_end9-.Lfunc_begin9       @ DW_AT_high_pc
	.byte	1                               @ DW_AT_frame_base
	.byte	93
                                        @ DW_AT_GNU_all_call_sites
	.long	.Linfo_string104                @ DW_AT_name
	.byte	2                               @ DW_AT_decl_file
	.byte	190                             @ DW_AT_decl_line
                                        @ DW_AT_prototyped
                                        @ DW_AT_external
	.byte	16                              @ Abbrev [16] 0x4ea:0x11 DW_TAG_subprogram
	.long	.Lfunc_begin10                  @ DW_AT_low_pc
	.long	.Lfunc_end10-.Lfunc_begin10     @ DW_AT_high_pc
	.byte	1                               @ DW_AT_frame_base
	.byte	93
                                        @ DW_AT_GNU_all_call_sites
	.long	.Linfo_string105                @ DW_AT_name
	.byte	2                               @ DW_AT_decl_file
	.byte	201                             @ DW_AT_decl_line
                                        @ DW_AT_prototyped
                                        @ DW_AT_external
	.byte	16                              @ Abbrev [16] 0x4fb:0x11 DW_TAG_subprogram
	.long	.Lfunc_begin11                  @ DW_AT_low_pc
	.long	.Lfunc_end11-.Lfunc_begin11     @ DW_AT_high_pc
	.byte	1                               @ DW_AT_frame_base
	.byte	93
                                        @ DW_AT_GNU_all_call_sites
	.long	.Linfo_string106                @ DW_AT_name
	.byte	2                               @ DW_AT_decl_file
	.byte	213                             @ DW_AT_decl_line
                                        @ DW_AT_prototyped
                                        @ DW_AT_external
	.byte	22                              @ Abbrev [22] 0x50c:0x21 DW_TAG_subprogram
	.long	.Lfunc_begin12                  @ DW_AT_low_pc
	.long	.Lfunc_end12-.Lfunc_begin12     @ DW_AT_high_pc
	.byte	1                               @ DW_AT_frame_base
	.byte	93
                                        @ DW_AT_GNU_all_call_sites
	.long	.Linfo_string107                @ DW_AT_name
	.byte	2                               @ DW_AT_decl_file
	.byte	232                             @ DW_AT_decl_line
                                        @ DW_AT_prototyped
                                        @ DW_AT_external
	.byte	23                              @ Abbrev [23] 0x51d:0xf DW_TAG_formal_parameter
	.long	.Ldebug_loc2                    @ DW_AT_location
	.long	.Linfo_string121                @ DW_AT_name
	.byte	2                               @ DW_AT_decl_file
	.byte	232                             @ DW_AT_decl_line
	.long	445                             @ DW_AT_type
	.byte	0                               @ End Of Children Mark
	.byte	16                              @ Abbrev [16] 0x52d:0x11 DW_TAG_subprogram
	.long	.Lfunc_begin13                  @ DW_AT_low_pc
	.long	.Lfunc_end13-.Lfunc_begin13     @ DW_AT_high_pc
	.byte	1                               @ DW_AT_frame_base
	.byte	93
                                        @ DW_AT_GNU_all_call_sites
	.long	.Linfo_string108                @ DW_AT_name
	.byte	2                               @ DW_AT_decl_file
	.byte	249                             @ DW_AT_decl_line
                                        @ DW_AT_prototyped
                                        @ DW_AT_external
	.byte	24                              @ Abbrev [24] 0x53e:0x16 DW_TAG_subprogram
	.long	.Lfunc_begin14                  @ DW_AT_low_pc
	.long	.Lfunc_end14-.Lfunc_begin14     @ DW_AT_high_pc
	.byte	1                               @ DW_AT_frame_base
	.byte	93
                                        @ DW_AT_GNU_all_call_sites
	.long	.Linfo_string109                @ DW_AT_name
	.byte	2                               @ DW_AT_decl_file
	.short	404                             @ DW_AT_decl_line
                                        @ DW_AT_prototyped
	.long	445                             @ DW_AT_type
                                        @ DW_AT_external
	.byte	24                              @ Abbrev [24] 0x554:0x16 DW_TAG_subprogram
	.long	.Lfunc_begin15                  @ DW_AT_low_pc
	.long	.Lfunc_end15-.Lfunc_begin15     @ DW_AT_high_pc
	.byte	1                               @ DW_AT_frame_base
	.byte	93
                                        @ DW_AT_GNU_all_call_sites
	.long	.Linfo_string110                @ DW_AT_name
	.byte	2                               @ DW_AT_decl_file
	.short	416                             @ DW_AT_decl_line
                                        @ DW_AT_prototyped
	.long	445                             @ DW_AT_type
                                        @ DW_AT_external
	.byte	21                              @ Abbrev [21] 0x56a:0x12 DW_TAG_subprogram
	.long	.Lfunc_begin16                  @ DW_AT_low_pc
	.long	.Lfunc_end16-.Lfunc_begin16     @ DW_AT_high_pc
	.byte	1                               @ DW_AT_frame_base
	.byte	93
                                        @ DW_AT_GNU_all_call_sites
	.long	.Linfo_string111                @ DW_AT_name
	.byte	2                               @ DW_AT_decl_file
	.short	428                             @ DW_AT_decl_line
                                        @ DW_AT_prototyped
                                        @ DW_AT_external
	.byte	21                              @ Abbrev [21] 0x57c:0x12 DW_TAG_subprogram
	.long	.Lfunc_begin17                  @ DW_AT_low_pc
	.long	.Lfunc_end17-.Lfunc_begin17     @ DW_AT_high_pc
	.byte	1                               @ DW_AT_frame_base
	.byte	93
                                        @ DW_AT_GNU_all_call_sites
	.long	.Linfo_string112                @ DW_AT_name
	.byte	2                               @ DW_AT_decl_file
	.short	568                             @ DW_AT_decl_line
                                        @ DW_AT_prototyped
                                        @ DW_AT_external
	.byte	21                              @ Abbrev [21] 0x58e:0x12 DW_TAG_subprogram
	.long	.Lfunc_begin18                  @ DW_AT_low_pc
	.long	.Lfunc_end18-.Lfunc_begin18     @ DW_AT_high_pc
	.byte	1                               @ DW_AT_frame_base
	.byte	93
                                        @ DW_AT_GNU_all_call_sites
	.long	.Linfo_string113                @ DW_AT_name
	.byte	2                               @ DW_AT_decl_file
	.short	579                             @ DW_AT_decl_line
                                        @ DW_AT_prototyped
                                        @ DW_AT_external
	.byte	17                              @ Abbrev [17] 0x5a0:0x23 DW_TAG_subprogram
	.long	.Lfunc_begin19                  @ DW_AT_low_pc
	.long	.Lfunc_end19-.Lfunc_begin19     @ DW_AT_high_pc
	.byte	1                               @ DW_AT_frame_base
	.byte	93
                                        @ DW_AT_GNU_all_call_sites
	.long	.Linfo_string114                @ DW_AT_name
	.byte	2                               @ DW_AT_decl_file
	.short	899                             @ DW_AT_decl_line
                                        @ DW_AT_prototyped
                                        @ DW_AT_external
	.byte	18                              @ Abbrev [18] 0x5b2:0x10 DW_TAG_formal_parameter
	.long	.Ldebug_loc3                    @ DW_AT_location
	.long	.Linfo_string122                @ DW_AT_name
	.byte	2                               @ DW_AT_decl_file
	.short	899                             @ DW_AT_decl_line
	.long	1529                            @ DW_AT_type
	.byte	0                               @ End Of Children Mark
	.byte	21                              @ Abbrev [21] 0x5c3:0x12 DW_TAG_subprogram
	.long	.Lfunc_begin20                  @ DW_AT_low_pc
	.long	.Lfunc_end20-.Lfunc_begin20     @ DW_AT_high_pc
	.byte	1                               @ DW_AT_frame_base
	.byte	93
                                        @ DW_AT_GNU_all_call_sites
	.long	.Linfo_string115                @ DW_AT_name
	.byte	2                               @ DW_AT_decl_file
	.short	919                             @ DW_AT_decl_line
                                        @ DW_AT_prototyped
                                        @ DW_AT_external
	.byte	21                              @ Abbrev [21] 0x5d5:0x12 DW_TAG_subprogram
	.long	.Lfunc_begin21                  @ DW_AT_low_pc
	.long	.Lfunc_end21-.Lfunc_begin21     @ DW_AT_high_pc
	.byte	1                               @ DW_AT_frame_base
	.byte	93
                                        @ DW_AT_GNU_all_call_sites
	.long	.Linfo_string116                @ DW_AT_name
	.byte	2                               @ DW_AT_decl_file
	.short	931                             @ DW_AT_decl_line
                                        @ DW_AT_prototyped
                                        @ DW_AT_external
	.byte	21                              @ Abbrev [21] 0x5e7:0x12 DW_TAG_subprogram
	.long	.Lfunc_begin22                  @ DW_AT_low_pc
	.long	.Lfunc_end22-.Lfunc_begin22     @ DW_AT_high_pc
	.byte	1                               @ DW_AT_frame_base
	.byte	93
                                        @ DW_AT_GNU_all_call_sites
	.long	.Linfo_string117                @ DW_AT_name
	.byte	2                               @ DW_AT_decl_file
	.short	944                             @ DW_AT_decl_line
                                        @ DW_AT_prototyped
                                        @ DW_AT_external
	.byte	3                               @ Abbrev [3] 0x5f9:0xb DW_TAG_typedef
	.long	951                             @ DW_AT_type
	.long	.Linfo_string123                @ DW_AT_name
	.byte	5                               @ DW_AT_decl_file
	.byte	78                              @ DW_AT_decl_line
	.byte	0                               @ End Of Children Mark
.Ldebug_info_end0:
	.section	.debug_ranges,"",%progbits
.Ldebug_ranges0:
	.long	.Lfunc_begin0
	.long	.Lfunc_end0
	.long	.Lfunc_begin1
	.long	.Lfunc_end1
	.long	.Lfunc_begin2
	.long	.Lfunc_end2
	.long	.Lfunc_begin3
	.long	.Lfunc_end3
	.long	.Lfunc_begin4
	.long	.Lfunc_end4
	.long	.Lfunc_begin5
	.long	.Lfunc_end5
	.long	.Lfunc_begin6
	.long	.Lfunc_end6
	.long	.Lfunc_begin7
	.long	.Lfunc_end7
	.long	.Lfunc_begin8
	.long	.Lfunc_end8
	.long	.Lfunc_begin9
	.long	.Lfunc_end9
	.long	.Lfunc_begin10
	.long	.Lfunc_end10
	.long	.Lfunc_begin11
	.long	.Lfunc_end11
	.long	.Lfunc_begin12
	.long	.Lfunc_end12
	.long	.Lfunc_begin13
	.long	.Lfunc_end13
	.long	.Lfunc_begin14
	.long	.Lfunc_end14
	.long	.Lfunc_begin15
	.long	.Lfunc_end15
	.long	.Lfunc_begin16
	.long	.Lfunc_end16
	.long	.Lfunc_begin17
	.long	.Lfunc_end17
	.long	.Lfunc_begin18
	.long	.Lfunc_end18
	.long	.Lfunc_begin19
	.long	.Lfunc_end19
	.long	.Lfunc_begin20
	.long	.Lfunc_end20
	.long	.Lfunc_begin21
	.long	.Lfunc_end21
	.long	.Lfunc_begin22
	.long	.Lfunc_end22
	.long	0
	.long	0
	.section	.debug_str,"MS",%progbits,1
.Linfo_string0:
	.asciz	"Component: Arm Compiler for Embedded 6.21 Tool: armclang [5ec1fd00]" @ string offset=0
.Linfo_string1:
	.asciz	"../05_LinService\\LinLowLevel.c" @ string offset=68
.Linfo_string2:
	.asciz	"C:\\baidunetdiskdownload\\\346\263\260\347\237\275\345\276\256\\\346\260\233\345\233\264\347\201\257\\TCPL0X_AUTO_SDK_V2.0.0\\TCPL0X_AUTO_SDK_V2.0.0\\examples\\tcpl04x\\demo_apps\\tcpl04b_swsc_lean\\MDK" @ string offset=99
.Linfo_string3:
	.asciz	"idle_timeout_cnt"              @ string offset=238
.Linfo_string4:
	.asciz	"unsigned short"                @ string offset=255
.Linfo_string5:
	.asciz	"l_u16"                         @ string offset=270
.Linfo_string6:
	.asciz	"lin_error"                     @ string offset=276
.Linfo_string7:
	.asciz	"unsigned char"                 @ string offset=286
.Linfo_string8:
	.asciz	"uint8_t"                       @ string offset=300
.Linfo_string9:
	.asciz	"lin_cfg"                       @ string offset=308
.Linfo_string10:
	.asciz	"lin_baud_rate"                 @ string offset=316
.Linfo_string11:
	.asciz	"unsigned int"                  @ string offset=330
.Linfo_string12:
	.asciz	"uint32_t"                      @ string offset=343
.Linfo_string13:
	.asciz	"time_base_period"              @ string offset=352
.Linfo_string14:
	.asciz	"uint16_t"                      @ string offset=369
.Linfo_string15:
	.asciz	"max_idle_timeout"              @ string offset=378
.Linfo_string16:
	.asciz	"lin_num_of_frms"               @ string offset=395
.Linfo_string17:
	.asciz	"lin_cfg_frame_num"             @ string offset=411
.Linfo_string18:
	.asciz	"diag_number_of_services"       @ string offset=429
.Linfo_string19:
	.asciz	"max_queue_size"                @ string offset=453
.Linfo_string20:
	.asciz	"n_max_timeout_cnt"             @ string offset=468
.Linfo_string21:
	.asciz	"lin_precfg_t"                  @ string offset=486
.Linfo_string22:
	.asciz	"l_status"                      @ string offset=499
.Linfo_string23:
	.asciz	"byte"                          @ string offset=508
.Linfo_string24:
	.asciz	"l_u8"                          @ string offset=513
.Linfo_string25:
	.asciz	"bit"                           @ string offset=518
.Linfo_string26:
	.asciz	"successful_transfer"           @ string offset=522
.Linfo_string27:
	.asciz	"error_in_response"             @ string offset=542
.Linfo_string28:
	.asciz	"bus_activity"                  @ string offset=560
.Linfo_string29:
	.asciz	"framing_error"                 @ string offset=573
.Linfo_string30:
	.asciz	"checksum_error"                @ string offset=587
.Linfo_string31:
	.asciz	"readback_error"                @ string offset=602
.Linfo_string32:
	.asciz	"parity_error"                  @ string offset=617
.Linfo_string33:
	.asciz	"reset"                         @ string offset=630
.Linfo_string34:
	.asciz	"lin_status"                    @ string offset=636
.Linfo_string35:
	.asciz	"state"                         @ string offset=647
.Linfo_string36:
	.asciz	"response_buffer"               @ string offset=653
.Linfo_string37:
	.asciz	"cnt_byte"                      @ string offset=669
.Linfo_string38:
	.asciz	"ptr"                           @ string offset=678
.Linfo_string39:
	.asciz	"pid"                           @ string offset=682
.Linfo_string40:
	.asciz	"frame_timeout_cnt"             @ string offset=686
.Linfo_string41:
	.asciz	"res_frame_timeout_cnt"         @ string offset=704
.Linfo_string42:
	.asciz	"current_id"                    @ string offset=726
.Linfo_string43:
	.asciz	"ifc"                           @ string offset=737
.Linfo_string44:
	.asciz	"LIN_BUS_0"                     @ string offset=741
.Linfo_string45:
	.asciz	"LIN_BUS_1"                     @ string offset=751
.Linfo_string46:
	.asciz	"LIN_BUS_MAX"                   @ string offset=761
.Linfo_string47:
	.asciz	"LIN_MODE_SLV"                  @ string offset=773
.Linfo_string48:
	.asciz	"LIN_MODE_MASTER"               @ string offset=786
.Linfo_string49:
	.asciz	"LIN_MODE_MAX"                  @ string offset=802
.Linfo_string50:
	.asciz	"LD_NO_CHECK_TIMEOUT"           @ string offset=815
.Linfo_string51:
	.asciz	"LD_CHECK_N_AS_TIMEOUT"         @ string offset=835
.Linfo_string52:
	.asciz	"LD_CHECK_N_CR_TIMEOUT"         @ string offset=857
.Linfo_string53:
	.asciz	"LD_SERVICE_BUSY"               @ string offset=879
.Linfo_string54:
	.asciz	"LD_REQUEST_FINISHED"           @ string offset=895
.Linfo_string55:
	.asciz	"LD_SERVICE_IDLE"               @ string offset=915
.Linfo_string56:
	.asciz	"LD_SERVICE_ERROR"              @ string offset=931
.Linfo_string57:
	.asciz	"LD_NO_MSG"                     @ string offset=948
.Linfo_string58:
	.asciz	"LD_IN_PROGRESS"                @ string offset=958
.Linfo_string59:
	.asciz	"LD_COMPLETED"                  @ string offset=973
.Linfo_string60:
	.asciz	"LD_FAILED"                     @ string offset=986
.Linfo_string61:
	.asciz	"LD_N_AS_TIMEOUT"               @ string offset=996
.Linfo_string62:
	.asciz	"LD_N_CR_TIMEOUT"               @ string offset=1012
.Linfo_string63:
	.asciz	"LD_WRONG_SN"                   @ string offset=1028
.Linfo_string64:
	.asciz	"LD_DIAG_IDLE"                  @ string offset=1040
.Linfo_string65:
	.asciz	"LD_DIAG_TX_ACTIVE"             @ string offset=1053
.Linfo_string66:
	.asciz	"LD_DIAG_TX_PHY"                @ string offset=1071
.Linfo_string67:
	.asciz	"LD_DIAG_INTERLEAVED_TX"        @ string offset=1086
.Linfo_string68:
	.asciz	"LD_DIAG_RX_PHY"                @ string offset=1109
.Linfo_string69:
	.asciz	"LD_DIAG_INTERLEAVED_RX"        @ string offset=1124
.Linfo_string70:
	.asciz	"LD_DIAG_RX_FUNCTIONAL"         @ string offset=1147
.Linfo_string71:
	.asciz	"LIN_LLD_PID_OK"                @ string offset=1169
.Linfo_string72:
	.asciz	"LIN_LLD_TX_COMPLETED"          @ string offset=1184
.Linfo_string73:
	.asciz	"LIN_LLD_RX_COMPLETED"          @ string offset=1205
.Linfo_string74:
	.asciz	"LIN_LLD_PID_ERR"               @ string offset=1226
.Linfo_string75:
	.asciz	"LIN_LLD_FRAME_ERR"             @ string offset=1242
.Linfo_string76:
	.asciz	"LIN_LLD_CHECKSUM_ERR"          @ string offset=1260
.Linfo_string77:
	.asciz	"LIN_LLD_READBACK_ERR"          @ string offset=1281
.Linfo_string78:
	.asciz	"LIN_LLD_NODATA_TIMEOUT"        @ string offset=1302
.Linfo_string79:
	.asciz	"LIN_LLD_BUS_ACTIVITY_TIMEOUT"  @ string offset=1325
.Linfo_string80:
	.asciz	"LIN_ABORT_TYPE_NULL"           @ string offset=1354
.Linfo_string81:
	.asciz	"LIN_ABORT_TYPE_TX"             @ string offset=1374
.Linfo_string82:
	.asciz	"LIN_ABORT_TYPE_RX"             @ string offset=1392
.Linfo_string83:
	.asciz	"LIN_READ_TYPE_PID"             @ string offset=1410
.Linfo_string84:
	.asciz	"LIN_READ_TYPE_FIFO"            @ string offset=1428
.Linfo_string85:
	.asciz	"LI0"                           @ string offset=1447
.Linfo_string86:
	.asciz	"LL_SCI_BUS_0"                  @ string offset=1451
.Linfo_string87:
	.asciz	"LL_SCI_BUS_1"                  @ string offset=1464
.Linfo_string88:
	.asciz	"LL_SCI_BUS_MAX"                @ string offset=1477
.Linfo_string89:
	.asciz	"LL_OK"                         @ string offset=1492
.Linfo_string90:
	.asciz	"LL_ERROR"                      @ string offset=1498
.Linfo_string91:
	.asciz	"LL_BUSY"                       @ string offset=1507
.Linfo_string92:
	.asciz	"LL_TIMEOUT"                    @ string offset=1515
.Linfo_string93:
	.asciz	"LL_COMM_ERROR"                 @ string offset=1526
.Linfo_string94:
	.asciz	"LL_PARAM_INVALID"              @ string offset=1540
.Linfo_string95:
	.asciz	"lin_sci_baudrate_update"       @ string offset=1557
.Linfo_string96:
	.asciz	"lin_process_break_handle"      @ string offset=1581
.Linfo_string97:
	.asciz	"lin_param_init"                @ string offset=1606
.Linfo_string98:
	.asciz	"lin_init_sci"                  @ string offset=1621
.Linfo_string99:
	.asciz	"lin_lld_isr_callback"          @ string offset=1634
.Linfo_string100:
	.asciz	"lin_lld_sci_int_disable"       @ string offset=1655
.Linfo_string101:
	.asciz	"lin_lld_sci_deinit"            @ string offset=1679
.Linfo_string102:
	.asciz	"lin_lld_sci_tx_wake_up"        @ string offset=1698
.Linfo_string103:
	.asciz	"lin_goto_idle_state"           @ string offset=1721
.Linfo_string104:
	.asciz	"lin_lld_sci_int_enable"        @ string offset=1741
.Linfo_string105:
	.asciz	"lin_lld_sci_ignore_response"   @ string offset=1764
.Linfo_string106:
	.asciz	"lin_lld_sci_set_low_power_mode" @ string offset=1792
.Linfo_string107:
	.asciz	"lin_lld_sci_rx_response"       @ string offset=1823
.Linfo_string108:
	.asciz	"lin_lld_sci_tx_response"       @ string offset=1847
.Linfo_string109:
	.asciz	"lin_lld_sci_get_status"        @ string offset=1871
.Linfo_string110:
	.asciz	"lin_lld_sci_get_state"         @ string offset=1894
.Linfo_string111:
	.asciz	"lin_lld_sci_timeout"           @ string offset=1916
.Linfo_string112:
	.asciz	"lin_lld_sci_err_isr"           @ string offset=1936
.Linfo_string113:
	.asciz	"lin_lld_sci_rx_isr"            @ string offset=1956
.Linfo_string114:
	.asciz	"lin_lld_sci_init"              @ string offset=1975
.Linfo_string115:
	.asciz	"lin_lld_timer_TCPL_init"       @ string offset=1992
.Linfo_string116:
	.asciz	"lin_lld_slave_wakeup"          @ string offset=2016
.Linfo_string117:
	.asciz	"lin_process_init"              @ string offset=2037
.Linfo_string118:
	.asciz	"tmp_byte"                      @ string offset=2054
.Linfo_string119:
	.asciz	"isr"                           @ string offset=2063
.Linfo_string120:
	.asciz	"len"                           @ string offset=2067
.Linfo_string121:
	.asciz	"msg_length"                    @ string offset=2071
.Linfo_string122:
	.asciz	"iii"                           @ string offset=2082
.Linfo_string123:
	.asciz	"l_ifc_handle"                  @ string offset=2086
.set state, .L_MergedGlobals
	.size	state, 1
.set pid, .L_MergedGlobals+1
	.size	pid, 1
.set cnt_byte, .L_MergedGlobals.1
	.size	cnt_byte, 1
.set l_status.0, .L_MergedGlobals.1+1
	.size	l_status.0, 1
	.globl	lin_error
	.hidden	lin_error
.set lin_error, .L_MergedGlobals.1+2
	.size	lin_error, 1
.set current_id, .L_MergedGlobals.1+3
	.size	current_id, 1
	.globl	idle_timeout_cnt
	.hidden	idle_timeout_cnt
.set idle_timeout_cnt, .L_MergedGlobals.1+4
	.size	idle_timeout_cnt, 2
.set frame_timeout_cnt, .L_MergedGlobals.1+6
	.size	frame_timeout_cnt, 2
.set res_frame_timeout_cnt, .L_MergedGlobals.1+8
	.size	res_frame_timeout_cnt, 2
.set response_buffer, .L_MergedGlobals.1+12
	.size	response_buffer, 4
.set ptr, .L_MergedGlobals.1+16
	.size	ptr, 4
	.globl	lin_cfg
	.hidden	lin_cfg
.set lin_cfg, .L_MergedGlobals.1+20
	.size	lin_cfg, 16
	.ident	"Component: Arm Compiler for Embedded 6.21 Tool: armclang [5ec1fd00]"
	.section	".note.GNU-stack","",%progbits
	.eabi_attribute	30, 4	@ Tag_ABI_optimization_goals
	.ARM_attribute	16, 1	@ Tag_AV_eba
	.section	.debug_line,"",%progbits
.Lline_table_start0:
