	.text
	.syntax unified
	.eabi_attribute	67, "2.09"	@ Tag_conformance
	.cpu	cortex-m0
	.eabi_attribute	6, 12	@ Tag_CPU_arch
	.eabi_attribute	7, 77	@ Tag_CPU_arch_profile
	.eabi_attribute	8, 0	@ Tag_ARM_ISA_use
	.eabi_attribute	9, 1	@ Tag_THUMB_ISA_use
	.eabi_attribute	34, 0	@ Tag_CPU_unaligned_access
	.eabi_attribute	17, 1	@ Tag_ABI_PCS_GOT_use
	.eabi_attribute	20, 2	@ Tag_ABI_FP_denormal
	.eabi_attribute	21, 0	@ Tag_ABI_FP_exceptions
	.eabi_attribute	23, 1	@ Tag_ABI_FP_number_model
	.eabi_attribute	24, 1	@ Tag_ABI_align_needed
	.eabi_attribute	25, 1	@ Tag_ABI_align_preserved
	.eabi_attribute	38, 1	@ Tag_ABI_FP_16bit_format
	.eabi_attribute	18, 2	@ Tag_ABI_PCS_wchar_t
	.eabi_attribute	26, 1	@ Tag_ABI_enum_size
	.eabi_attribute	14, 0	@ Tag_ABI_PCS_R9_use
	.file	"pal_store.c"
	.file	1 "C:\\Keil_v5\\ARM\\ARMCLANG\\Bin\\..\\include" "stdint.h"
	.file	2 "C:\\baidunetdiskdownload\\\346\263\260\347\237\275\345\276\256\\\346\260\233\345\233\264\347\201\257\\TCPL0X_AUTO_SDK_V2.0.0\\TCPL0X_AUTO_SDK_V2.0.0\\examples\\tcpl04x\\demo_apps\\tcpl04b_swsc_lean\\MDK" "../08_TCPL04B_PAL/pal_store.c"
	.file	3 "C:\\baidunetdiskdownload\\\346\263\260\347\237\275\345\276\256\\\346\260\233\345\233\264\347\201\257\\TCPL0X_AUTO_SDK_V2.0.0\\TCPL0X_AUTO_SDK_V2.0.0\\examples\\tcpl04x\\demo_apps\\tcpl04b_swsc_lean\\MDK" "../07_TCPL04B_MCAL/tcpl04x_ll_flash.h"
	.section	.text.pal_store_length_set,"ax",%progbits
	.hidden	pal_store_length_set            @ -- Begin function pal_store_length_set
	.globl	pal_store_length_set
	.p2align	2
	.type	pal_store_length_set,%function
	.code	16                              @ @pal_store_length_set
	.thumb_func
pal_store_length_set:
.Lfunc_begin0:
	.fnstart
	.cfi_sections .debug_frame
	.cfi_startproc
@ %bb.0:
	@DEBUG_VALUE: pal_store_length_set:length <- $r0
	.loc	2 60 39 prologue_end            @ ../08_TCPL04B_PAL/pal_store.c:60:39
	subs	r1, r0, #1
	lsrs	r1, r1, #9
	beq	.LBB0_2
.Ltmp0:
@ %bb.1:
	@DEBUG_VALUE: pal_store_length_set:length <- $r0
	.loc	2 0 39 is_stmt 0                @ ../08_TCPL04B_PAL/pal_store.c:0:39
	movs	r0, #1
.Ltmp1:
	@DEBUG_VALUE: pal_store_length_set:length <- [DW_OP_LLVM_entry_value 1] $r0
	lsls	r0, r0, #9
.Ltmp2:
.LBB0_2:
	.loc	2 60 22                         @ ../08_TCPL04B_PAL/pal_store.c:60:22
	ldr	r1, __arm_cp.0_0
	str	r0, [r1]
	.loc	2 62 1 is_stmt 1                @ ../08_TCPL04B_PAL/pal_store.c:62:1
	bx	lr
.Ltmp3:
	.p2align	2
@ %bb.3:
	.loc	2 0 1 is_stmt 0                 @ ../08_TCPL04B_PAL/pal_store.c:0:1
__arm_cp.0_0:
	.long	store_total_size
.Lcpi_end0:
	.size	__arm_cp.0_0, .Lcpi_end0-__arm_cp.0_0
.Lfunc_end0:
	.size	pal_store_length_set, .Lfunc_end0-pal_store_length_set
	.cfi_endproc
	.cantunwind
	.fnend
                                        @ -- End function
	.section	.text.pal_store_data_set,"ax",%progbits
	.hidden	pal_store_data_set              @ -- Begin function pal_store_data_set
	.globl	pal_store_data_set
	.p2align	2
	.type	pal_store_data_set,%function
	.code	16                              @ @pal_store_data_set
	.thumb_func
pal_store_data_set:
.Lfunc_begin1:
	.loc	2 74 0 is_stmt 1                @ ../08_TCPL04B_PAL/pal_store.c:74:0
	.fnstart
	.cfi_startproc
@ %bb.0:
	@DEBUG_VALUE: pal_store_data_set:addr <- $r0
	@DEBUG_VALUE: pal_store_data_set:data <- $r1
	@DEBUG_VALUE: pal_store_data_set:length <- $r2
	.save	{r4, r5, r6, r7, lr}
	push	{r4, r5, r6, r7, lr}
	.cfi_def_cfa_offset 20
	.cfi_offset lr, -4
	.cfi_offset r7, -8
	.cfi_offset r6, -12
	.cfi_offset r5, -16
	.cfi_offset r4, -20
	.pad	#508
	sub	sp, #508
	.pad	#24
	sub	sp, #24
	.cfi_def_cfa_offset 552
	mov	r5, r0
.Ltmp4:
	@DEBUG_VALUE: pal_store_data_set:addr <- $r5
	ldr	r4, __arm_cp.1_0
.Ltmp5:
	.loc	2 37 9 prologue_end             @ ../08_TCPL04B_PAL/pal_store.c:37:9
	ands	r4, r0
	movs	r0, #1
	lsls	r3, r0, #23
	cmp	r4, r3
	beq	.LBB1_2
.Ltmp6:
@ %bb.1:
	@DEBUG_VALUE: pal_store_data_set:addr <- $r5
	@DEBUG_VALUE: pal_store_data_set:length <- $r2
	@DEBUG_VALUE: pal_store_data_set:data <- $r1
	.loc	2 0 9 is_stmt 0                 @ ../08_TCPL04B_PAL/pal_store.c:0:9
	movs	r0, #2
.Ltmp7:
.LBB1_2:
	@DEBUG_VALUE: pal_store_data_set:addr <- $r5
	@DEBUG_VALUE: pal_store_data_set:length <- $r2
	@DEBUG_VALUE: pal_store_data_set:data <- $r1
	@DEBUG_VALUE: pal_store_type_check:addr <- $r5
	.loc	2 37 14                         @ ../08_TCPL04B_PAL/pal_store.c:37:14
	lsrs	r3, r5, #14
	movs	r7, #0
.Ltmp8:
	.loc	2 37 9                          @ ../08_TCPL04B_PAL/pal_store.c:37:9
	cmp	r3, #3
	mov	r6, r7
	blo	.LBB1_4
.Ltmp9:
@ %bb.3:
	@DEBUG_VALUE: pal_store_type_check:addr <- $r5
	@DEBUG_VALUE: pal_store_data_set:addr <- $r5
	@DEBUG_VALUE: pal_store_data_set:length <- $r2
	@DEBUG_VALUE: pal_store_data_set:data <- $r1
	.loc	2 0 9                           @ ../08_TCPL04B_PAL/pal_store.c:0:9
	mov	r6, r0
.Ltmp10:
.LBB1_4:
	@DEBUG_VALUE: pal_store_data_set:addr <- $r5
	@DEBUG_VALUE: pal_store_data_set:length <- $r2
	@DEBUG_VALUE: pal_store_data_set:data <- $r1
	@DEBUG_VALUE: pal_store_data_set:type <- $r6
	@DEBUG_VALUE: pal_store_data_set:offset <- undef
	.loc	2 81 34 is_stmt 1               @ ../08_TCPL04B_PAL/pal_store.c:81:34
	cmp	r6, #1
	bhi	.LBB1_11
.Ltmp11:
@ %bb.5:
	@DEBUG_VALUE: pal_store_data_set:type <- $r6
	@DEBUG_VALUE: pal_store_data_set:addr <- $r5
	@DEBUG_VALUE: pal_store_data_set:length <- $r2
	@DEBUG_VALUE: pal_store_data_set:data <- $r1
	@DEBUG_VALUE: pal_store_data_set:offset <- undef
	.loc	2 81 52 is_stmt 0               @ ../08_TCPL04B_PAL/pal_store.c:81:52
	cmp	r1, #0
	beq	.LBB1_11
.Ltmp12:
@ %bb.6:
	@DEBUG_VALUE: pal_store_data_set:type <- $r6
	@DEBUG_VALUE: pal_store_data_set:addr <- $r5
	@DEBUG_VALUE: pal_store_data_set:length <- $r2
	@DEBUG_VALUE: pal_store_data_set:data <- $r1
	@DEBUG_VALUE: pal_store_data_set:offset <- undef
	.loc	2 81 70                         @ ../08_TCPL04B_PAL/pal_store.c:81:70
	cmp	r2, #0
	beq	.LBB1_11
.Ltmp13:
@ %bb.7:
	@DEBUG_VALUE: pal_store_data_set:type <- $r6
	@DEBUG_VALUE: pal_store_data_set:addr <- $r5
	@DEBUG_VALUE: pal_store_data_set:length <- $r2
	@DEBUG_VALUE: pal_store_data_set:data <- $r1
	.loc	2 0 70                          @ ../08_TCPL04B_PAL/pal_store.c:0:70
	str	r1, [sp, #16]                   @ 4-byte Spill
.Ltmp14:
	@DEBUG_VALUE: pal_store_data_set:data <- [DW_OP_plus_uconst 16] [$sp+0]
	ldr	r0, __arm_cp.1_1
	ands	r5, r0
.Ltmp15:
	@DEBUG_VALUE: pal_store_data_set:addr <- [DW_OP_LLVM_entry_value 1] $r0
	@DEBUG_VALUE: pal_store_data_set:offset <- $r5
	.loc	2 82 18 is_stmt 1               @ ../08_TCPL04B_PAL/pal_store.c:82:18
	adds	r0, r5, r2
	str	r0, [sp, #12]                   @ 4-byte Spill
	.loc	2 82 27 is_stmt 0               @ ../08_TCPL04B_PAL/pal_store.c:82:27
	adds	r0, r0, #4
	.loc	2 82 49                         @ ../08_TCPL04B_PAL/pal_store.c:82:49
	ldr	r1, __arm_cp.1_2
	ldr	r3, [r1]
.Ltmp16:
	.loc	2 81 9 is_stmt 1                @ ../08_TCPL04B_PAL/pal_store.c:81:9
	cmp	r0, r3
	bhi	.LBB1_11
.Ltmp17:
@ %bb.8:
	@DEBUG_VALUE: pal_store_data_set:offset <- $r5
	@DEBUG_VALUE: pal_store_data_set:addr <- [DW_OP_LLVM_entry_value 1] $r0
	@DEBUG_VALUE: pal_store_data_set:data <- [DW_OP_plus_uconst 16] [$sp+0]
	@DEBUG_VALUE: pal_store_data_set:type <- $r6
	@DEBUG_VALUE: pal_store_data_set:length <- $r2
	.loc	2 0 9 is_stmt 0                 @ ../08_TCPL04B_PAL/pal_store.c:0:9
	str	r2, [sp, #8]                    @ 4-byte Spill
.Ltmp18:
	@DEBUG_VALUE: pal_store_data_set:length <- [DW_OP_plus_uconst 8] [$sp+0]
	add	r2, sp, #20
.Ltmp19:
	.loc	2 87 14 is_stmt 1               @ ../08_TCPL04B_PAL/pal_store.c:87:14
	mov	r0, r6
	mov	r1, r4
	bl	ll_flash_read
.Ltmp20:
	.loc	2 87 9 is_stmt 0                @ ../08_TCPL04B_PAL/pal_store.c:87:9
	cmp	r0, #0
	bne	.LBB1_11
.Ltmp21:
@ %bb.9:
	@DEBUG_VALUE: pal_store_data_set:length <- [DW_OP_plus_uconst 8] [$sp+0]
	@DEBUG_VALUE: pal_store_data_set:offset <- $r5
	@DEBUG_VALUE: pal_store_data_set:addr <- [DW_OP_LLVM_entry_value 1] $r0
	@DEBUG_VALUE: pal_store_data_set:data <- [DW_OP_plus_uconst 16] [$sp+0]
	@DEBUG_VALUE: pal_store_data_set:type <- $r6
	.loc	2 0 9                           @ ../08_TCPL04B_PAL/pal_store.c:0:9
	add	r0, sp, #20
.Ltmp22:
	.loc	2 92 28 is_stmt 1               @ ../08_TCPL04B_PAL/pal_store.c:92:28
	adds	r0, r0, r5
	str	r0, [sp, #4]                    @ 4-byte Spill
	.loc	2 92 9 is_stmt 0                @ ../08_TCPL04B_PAL/pal_store.c:92:9
	ldr	r1, [sp, #16]                   @ 4-byte Reload
.Ltmp23:
	@DEBUG_VALUE: pal_store_data_set:data <- $r1
	.loc	2 0 9                           @ ../08_TCPL04B_PAL/pal_store.c:0:9
	ldr	r5, [sp, #8]                    @ 4-byte Reload
.Ltmp24:
	@DEBUG_VALUE: pal_store_data_set:length <- $r5
	.loc	2 92 9                          @ ../08_TCPL04B_PAL/pal_store.c:92:9
	mov	r2, r5
	bl	memcmp
.Ltmp25:
	@DEBUG_VALUE: pal_store_data_set:data <- [DW_OP_LLVM_entry_value 1] $r1
	.loc	2 92 9                          @ ../08_TCPL04B_PAL/pal_store.c:92:9
	cmp	r0, #0
	beq	.LBB1_11
.Ltmp26:
@ %bb.10:
	@DEBUG_VALUE: pal_store_data_set:data <- [DW_OP_LLVM_entry_value 1] $r1
	@DEBUG_VALUE: pal_store_data_set:length <- $r5
	@DEBUG_VALUE: pal_store_data_set:addr <- [DW_OP_LLVM_entry_value 1] $r0
	@DEBUG_VALUE: pal_store_data_set:type <- $r6
	.loc	2 0 9                           @ ../08_TCPL04B_PAL/pal_store.c:0:9
	ldr	r7, [sp, #4]                    @ 4-byte Reload
.Ltmp27:
	.loc	2 94 9 is_stmt 1                @ ../08_TCPL04B_PAL/pal_store.c:94:9
	mov	r0, r7
	ldr	r1, [sp, #16]                   @ 4-byte Reload
	mov	r2, r5
	bl	__aeabi_memcpy
.Ltmp28:
	.loc	2 95 15                         @ ../08_TCPL04B_PAL/pal_store.c:95:15
	uxth	r2, r5
	ldr	r0, __arm_cp.1_3
	mov	r1, r7
	bl	crc16_calculate_func
.Ltmp29:
	@DEBUG_VALUE: pal_store_data_set:crc <- $r0
	.loc	2 0 15 is_stmt 0                @ ../08_TCPL04B_PAL/pal_store.c:0:15
	add	r2, sp, #20
	ldr	r1, [sp, #12]                   @ 4-byte Reload
	.loc	2 96 9 is_stmt 1                @ ../08_TCPL04B_PAL/pal_store.c:96:9
	strb	r0, [r2, r1]
	.loc	2 96 17 is_stmt 0               @ ../08_TCPL04B_PAL/pal_store.c:96:17
	adds	r1, r2, r1
	movs	r3, #0
	.loc	2 96 9                          @ ../08_TCPL04B_PAL/pal_store.c:96:9
	strb	r3, [r1, #3]
	strb	r3, [r1, #2]
	lsrs	r0, r0, #8
.Ltmp30:
	strb	r0, [r1, #1]
	.loc	2 98 43 is_stmt 1               @ ../08_TCPL04B_PAL/pal_store.c:98:43
	ldr	r0, __arm_cp.1_2
	ldr	r3, [r0]
	.loc	2 97 22                         @ ../08_TCPL04B_PAL/pal_store.c:97:22
	mov	r0, r6
	mov	r1, r4
	bl	ll_flash_smart_write
.Ltmp31:
	.loc	2 97 19 is_stmt 0               @ ../08_TCPL04B_PAL/pal_store.c:97:19
	rsbs	r7, r0, #0
	adcs	r7, r0
.Ltmp32:
.LBB1_11:
	@DEBUG_VALUE: pal_store_data_set:type <- $r6
	.loc	2 102 1 is_stmt 1               @ ../08_TCPL04B_PAL/pal_store.c:102:1
	mov	r0, r7
	.loc	2 102 1 epilogue_begin is_stmt 0 @ ../08_TCPL04B_PAL/pal_store.c:102:1
	add	sp, #508
	add	sp, #24
	pop	{r4, r5, r6, r7, pc}
.Ltmp33:
	.p2align	2
@ %bb.12:
	.loc	2 0 1                           @ ../08_TCPL04B_PAL/pal_store.c:0:1
__arm_cp.1_0:
	.long	4294966784                      @ 0xfffffe00
.Lcpi_end1:
	.size	__arm_cp.1_0, .Lcpi_end1-__arm_cp.1_0
__arm_cp.1_1:
	.long	511                             @ 0x1ff
.Lcpi_end2:
	.size	__arm_cp.1_1, .Lcpi_end2-__arm_cp.1_1
__arm_cp.1_2:
	.long	store_total_size
.Lcpi_end3:
	.size	__arm_cp.1_2, .Lcpi_end3-__arm_cp.1_2
__arm_cp.1_3:
	.long	65535                           @ 0xffff
.Lcpi_end4:
	.size	__arm_cp.1_3, .Lcpi_end4-__arm_cp.1_3
.Lfunc_end1:
	.size	pal_store_data_set, .Lfunc_end1-pal_store_data_set
	.cfi_endproc
	.cantunwind
	.fnend
                                        @ -- End function
	.section	.text.pal_store_data_get,"ax",%progbits
	.hidden	pal_store_data_get              @ -- Begin function pal_store_data_get
	.globl	pal_store_data_get
	.p2align	2
	.type	pal_store_data_get,%function
	.code	16                              @ @pal_store_data_get
	.thumb_func
pal_store_data_get:
.Lfunc_begin2:
	.loc	2 114 0 is_stmt 1               @ ../08_TCPL04B_PAL/pal_store.c:114:0
	.fnstart
	.cfi_startproc
@ %bb.0:
	@DEBUG_VALUE: pal_store_data_get:addr <- $r0
	@DEBUG_VALUE: pal_store_data_get:data <- $r1
	@DEBUG_VALUE: pal_store_data_get:length <- $r2
	.save	{r4, r5, r6, r7, lr}
	push	{r4, r5, r6, r7, lr}
	.cfi_def_cfa_offset 20
	.cfi_offset lr, -4
	.cfi_offset r7, -8
	.cfi_offset r6, -12
	.cfi_offset r5, -16
	.cfi_offset r4, -20
	.pad	#508
	sub	sp, #508
	.pad	#16
	sub	sp, #16
	.cfi_def_cfa_offset 544
	mov	r4, r1
.Ltmp34:
	@DEBUG_VALUE: pal_store_data_get:data <- $r4
	mov	r7, r0
.Ltmp35:
	@DEBUG_VALUE: pal_store_data_get:addr <- $r7
	ldr	r1, __arm_cp.2_0
.Ltmp36:
	.loc	2 37 9 prologue_end             @ ../08_TCPL04B_PAL/pal_store.c:37:9
	ands	r1, r0
	movs	r3, #1
	lsls	r0, r3, #23
	cmp	r1, r0
	beq	.LBB2_2
.Ltmp37:
@ %bb.1:
	@DEBUG_VALUE: pal_store_data_get:addr <- $r7
	@DEBUG_VALUE: pal_store_data_get:data <- $r4
	@DEBUG_VALUE: pal_store_data_get:length <- $r2
	.loc	2 0 9 is_stmt 0                 @ ../08_TCPL04B_PAL/pal_store.c:0:9
	movs	r3, #2
.Ltmp38:
.LBB2_2:
	@DEBUG_VALUE: pal_store_data_get:addr <- $r7
	@DEBUG_VALUE: pal_store_data_get:data <- $r4
	@DEBUG_VALUE: pal_store_data_get:length <- $r2
	@DEBUG_VALUE: pal_store_type_check:addr <- $r7
	.loc	2 37 14                         @ ../08_TCPL04B_PAL/pal_store.c:37:14
	lsrs	r0, r7, #14
	movs	r5, #0
.Ltmp39:
	.loc	2 37 9                          @ ../08_TCPL04B_PAL/pal_store.c:37:9
	cmp	r0, #3
	mov	r0, r5
	blo	.LBB2_4
.Ltmp40:
@ %bb.3:
	@DEBUG_VALUE: pal_store_type_check:addr <- $r7
	@DEBUG_VALUE: pal_store_data_get:addr <- $r7
	@DEBUG_VALUE: pal_store_data_get:data <- $r4
	@DEBUG_VALUE: pal_store_data_get:length <- $r2
	.loc	2 0 9                           @ ../08_TCPL04B_PAL/pal_store.c:0:9
	mov	r0, r3
.Ltmp41:
.LBB2_4:
	@DEBUG_VALUE: pal_store_data_get:addr <- $r7
	@DEBUG_VALUE: pal_store_data_get:data <- $r4
	@DEBUG_VALUE: pal_store_data_get:length <- $r2
	@DEBUG_VALUE: pal_store_data_get:type <- $r0
	@DEBUG_VALUE: pal_store_data_get:offset <- undef
	.loc	2 121 34 is_stmt 1              @ ../08_TCPL04B_PAL/pal_store.c:121:34
	cmp	r0, #1
	bhi	.LBB2_11
.Ltmp42:
@ %bb.5:
	@DEBUG_VALUE: pal_store_data_get:type <- $r0
	@DEBUG_VALUE: pal_store_data_get:addr <- $r7
	@DEBUG_VALUE: pal_store_data_get:data <- $r4
	@DEBUG_VALUE: pal_store_data_get:length <- $r2
	@DEBUG_VALUE: pal_store_data_get:offset <- undef
	.loc	2 121 52 is_stmt 0              @ ../08_TCPL04B_PAL/pal_store.c:121:52
	cmp	r4, #0
	beq	.LBB2_11
.Ltmp43:
@ %bb.6:
	@DEBUG_VALUE: pal_store_data_get:type <- $r0
	@DEBUG_VALUE: pal_store_data_get:addr <- $r7
	@DEBUG_VALUE: pal_store_data_get:data <- $r4
	@DEBUG_VALUE: pal_store_data_get:length <- $r2
	@DEBUG_VALUE: pal_store_data_get:offset <- undef
	.loc	2 121 70                        @ ../08_TCPL04B_PAL/pal_store.c:121:70
	cmp	r2, #0
	beq	.LBB2_11
.Ltmp44:
@ %bb.7:
	@DEBUG_VALUE: pal_store_data_get:type <- $r0
	@DEBUG_VALUE: pal_store_data_get:addr <- $r7
	@DEBUG_VALUE: pal_store_data_get:data <- $r4
	@DEBUG_VALUE: pal_store_data_get:length <- $r2
	.loc	2 0 70                          @ ../08_TCPL04B_PAL/pal_store.c:0:70
	str	r4, [sp, #4]                    @ 4-byte Spill
.Ltmp45:
	@DEBUG_VALUE: pal_store_data_get:data <- [DW_OP_plus_uconst 4] [$sp+0]
	ldr	r3, __arm_cp.2_1
	ands	r7, r3
.Ltmp46:
	@DEBUG_VALUE: pal_store_data_get:addr <- [DW_OP_LLVM_entry_value 1] $r0
	@DEBUG_VALUE: pal_store_data_get:offset <- $r7
	.loc	2 122 18 is_stmt 1              @ ../08_TCPL04B_PAL/pal_store.c:122:18
	adds	r6, r7, r2
	.loc	2 122 27 is_stmt 0              @ ../08_TCPL04B_PAL/pal_store.c:122:27
	adds	r3, r6, #4
	.loc	2 122 49                        @ ../08_TCPL04B_PAL/pal_store.c:122:49
	str	r3, [sp, #8]                    @ 4-byte Spill
	ldr	r3, __arm_cp.2_2
	ldr	r3, [r3]
.Ltmp47:
	.loc	2 121 9 is_stmt 1               @ ../08_TCPL04B_PAL/pal_store.c:121:9
	ldr	r4, [sp, #8]                    @ 4-byte Reload
	cmp	r4, r3
	bhi	.LBB2_11
.Ltmp48:
@ %bb.8:
	@DEBUG_VALUE: pal_store_data_get:offset <- $r7
	@DEBUG_VALUE: pal_store_data_get:addr <- [DW_OP_LLVM_entry_value 1] $r0
	@DEBUG_VALUE: pal_store_data_get:data <- [DW_OP_plus_uconst 4] [$sp+0]
	@DEBUG_VALUE: pal_store_data_get:type <- $r0
	@DEBUG_VALUE: pal_store_data_get:length <- $r2
	.loc	2 0 9 is_stmt 0                 @ ../08_TCPL04B_PAL/pal_store.c:0:9
	mov	r4, r2
.Ltmp49:
	@DEBUG_VALUE: pal_store_data_get:length <- $r4
	str	r6, [sp, #8]                    @ 4-byte Spill
	add	r2, sp, #12
.Ltmp50:
	.loc	2 127 14 is_stmt 1              @ ../08_TCPL04B_PAL/pal_store.c:127:14
	bl	ll_flash_read
.Ltmp51:
	.loc	2 127 9 is_stmt 0               @ ../08_TCPL04B_PAL/pal_store.c:127:9
	cmp	r0, #0
	bne	.LBB2_11
.Ltmp52:
@ %bb.9:
	@DEBUG_VALUE: pal_store_data_get:length <- $r4
	@DEBUG_VALUE: pal_store_data_get:offset <- $r7
	@DEBUG_VALUE: pal_store_data_get:addr <- [DW_OP_LLVM_entry_value 1] $r0
	@DEBUG_VALUE: pal_store_data_get:data <- [DW_OP_plus_uconst 4] [$sp+0]
	.loc	2 0 9                           @ ../08_TCPL04B_PAL/pal_store.c:0:9
	add	r0, sp, #12
	ldr	r2, [sp, #8]                    @ 4-byte Reload
	.loc	2 132 5 is_stmt 1               @ ../08_TCPL04B_PAL/pal_store.c:132:5
	ldrb	r1, [r0, r2]
	.loc	2 132 41 is_stmt 0              @ ../08_TCPL04B_PAL/pal_store.c:132:41
	adds	r2, r0, r2
	.loc	2 132 5                         @ ../08_TCPL04B_PAL/pal_store.c:132:5
	ldrb	r3, [r2, #1]
	lsls	r3, r3, #8
	adds	r1, r3, r1
	ldrb	r3, [r2, #2]
	lsls	r3, r3, #16
	ldrb	r2, [r2, #3]
	lsls	r2, r2, #24
	adds	r2, r2, r3
	adds	r1, r2, r1
.Ltmp53:
	@DEBUG_VALUE: pal_store_data_get:crc <- $r1
	.loc	2 134 57 is_stmt 1              @ ../08_TCPL04B_PAL/pal_store.c:134:57
	str	r1, [sp, #8]                    @ 4-byte Spill
.Ltmp54:
	@DEBUG_VALUE: pal_store_data_get:crc <- [DW_OP_plus_uconst 8] [$sp+0]
	@DEBUG_VALUE: pal_store_data_get:crc <- [DW_OP_plus_uconst 8] [$sp+0]
	adds	r7, r0, r7
.Ltmp55:
	.loc	2 134 16 is_stmt 0              @ ../08_TCPL04B_PAL/pal_store.c:134:16
	uxth	r2, r4
	ldr	r0, __arm_cp.2_3
	mov	r1, r7
	bl	crc16_calculate_func
.Ltmp56:
	.loc	2 134 9                         @ ../08_TCPL04B_PAL/pal_store.c:134:9
	ldr	r1, [sp, #8]                    @ 4-byte Reload
.Ltmp57:
	@DEBUG_VALUE: pal_store_data_get:crc <- $r1
	cmp	r1, r0
	bne	.LBB2_11
.Ltmp58:
@ %bb.10:
	@DEBUG_VALUE: pal_store_data_get:crc <- $r1
	@DEBUG_VALUE: pal_store_data_get:length <- $r4
	@DEBUG_VALUE: pal_store_data_get:addr <- [DW_OP_LLVM_entry_value 1] $r0
	@DEBUG_VALUE: pal_store_data_get:data <- [DW_OP_plus_uconst 4] [$sp+0]
	.loc	2 136 9 is_stmt 1               @ ../08_TCPL04B_PAL/pal_store.c:136:9
	ldr	r0, [sp, #4]                    @ 4-byte Reload
.Ltmp59:
	@DEBUG_VALUE: pal_store_data_get:data <- $r0
	mov	r1, r7
.Ltmp60:
	mov	r2, r4
	bl	__aeabi_memcpy
.Ltmp61:
	@DEBUG_VALUE: pal_store_data_get:data <- [DW_OP_LLVM_entry_value 1] $r1
	.loc	2 0 9 is_stmt 0                 @ ../08_TCPL04B_PAL/pal_store.c:0:9
	movs	r5, #1
.Ltmp62:
.LBB2_11:
	.loc	2 141 1 is_stmt 1               @ ../08_TCPL04B_PAL/pal_store.c:141:1
	mov	r0, r5
	.loc	2 141 1 epilogue_begin is_stmt 0 @ ../08_TCPL04B_PAL/pal_store.c:141:1
	add	sp, #508
	add	sp, #16
	pop	{r4, r5, r6, r7, pc}
.Ltmp63:
	.p2align	2
@ %bb.12:
	.loc	2 0 1                           @ ../08_TCPL04B_PAL/pal_store.c:0:1
__arm_cp.2_0:
	.long	4294966784                      @ 0xfffffe00
.Lcpi_end5:
	.size	__arm_cp.2_0, .Lcpi_end5-__arm_cp.2_0
__arm_cp.2_1:
	.long	511                             @ 0x1ff
.Lcpi_end6:
	.size	__arm_cp.2_1, .Lcpi_end6-__arm_cp.2_1
__arm_cp.2_2:
	.long	store_total_size
.Lcpi_end7:
	.size	__arm_cp.2_2, .Lcpi_end7-__arm_cp.2_2
__arm_cp.2_3:
	.long	65535                           @ 0xffff
.Lcpi_end8:
	.size	__arm_cp.2_3, .Lcpi_end8-__arm_cp.2_3
.Lfunc_end2:
	.size	pal_store_data_get, .Lfunc_end2-pal_store_data_get
	.cfi_endproc
	.cantunwind
	.fnend
                                        @ -- End function
	.section	.text.pal_store_data_init,"ax",%progbits
	.hidden	pal_store_data_init             @ -- Begin function pal_store_data_init
	.globl	pal_store_data_init
	.p2align	2
	.type	pal_store_data_init,%function
	.code	16                              @ @pal_store_data_init
	.thumb_func
pal_store_data_init:
.Lfunc_begin3:
	.loc	2 153 0 is_stmt 1               @ ../08_TCPL04B_PAL/pal_store.c:153:0
	.fnstart
	.cfi_startproc
@ %bb.0:
	@DEBUG_VALUE: pal_store_data_init:addr <- $r0
	@DEBUG_VALUE: pal_store_data_init:data <- $r1
	@DEBUG_VALUE: pal_store_data_init:length <- $r2
	.save	{r4, r5, r6, r7, lr}
	push	{r4, r5, r6, r7, lr}
	.cfi_def_cfa_offset 20
	.cfi_offset lr, -4
	.cfi_offset r7, -8
	.cfi_offset r6, -12
	.cfi_offset r5, -16
	.cfi_offset r4, -20
	.pad	#508
	sub	sp, #508
	.pad	#32
	sub	sp, #32
	.cfi_def_cfa_offset 560
	str	r1, [sp, #24]                   @ 4-byte Spill
.Ltmp64:
	@DEBUG_VALUE: pal_store_data_init:data <- [DW_OP_plus_uconst 24] [$sp+0]
	mov	r6, r0
.Ltmp65:
	@DEBUG_VALUE: pal_store_data_init:addr <- $r6
	ldr	r0, __arm_cp.3_0
.Ltmp66:
	.loc	2 37 9 prologue_end             @ ../08_TCPL04B_PAL/pal_store.c:37:9
	adds	r4, r0, #1
	ands	r4, r6
	movs	r1, #1
	lsls	r3, r1, #23
	cmp	r4, r3
	beq	.LBB3_2
.Ltmp67:
@ %bb.1:
	@DEBUG_VALUE: pal_store_data_init:addr <- $r6
	@DEBUG_VALUE: pal_store_data_init:data <- [DW_OP_plus_uconst 24] [$sp+0]
	@DEBUG_VALUE: pal_store_data_init:length <- $r2
	.loc	2 0 9 is_stmt 0                 @ ../08_TCPL04B_PAL/pal_store.c:0:9
	movs	r1, #2
.Ltmp68:
.LBB3_2:
	@DEBUG_VALUE: pal_store_data_init:addr <- $r6
	@DEBUG_VALUE: pal_store_data_init:data <- [DW_OP_plus_uconst 24] [$sp+0]
	@DEBUG_VALUE: pal_store_data_init:length <- $r2
	@DEBUG_VALUE: pal_store_type_check:addr <- $r6
	.loc	2 37 14                         @ ../08_TCPL04B_PAL/pal_store.c:37:14
	lsrs	r3, r6, #14
	movs	r7, #0
.Ltmp69:
	.loc	2 37 9                          @ ../08_TCPL04B_PAL/pal_store.c:37:9
	cmp	r3, #3
	mov	r5, r7
	blo	.LBB3_4
.Ltmp70:
@ %bb.3:
	@DEBUG_VALUE: pal_store_type_check:addr <- $r6
	@DEBUG_VALUE: pal_store_data_init:addr <- $r6
	@DEBUG_VALUE: pal_store_data_init:data <- [DW_OP_plus_uconst 24] [$sp+0]
	@DEBUG_VALUE: pal_store_data_init:length <- $r2
	.loc	2 0 9                           @ ../08_TCPL04B_PAL/pal_store.c:0:9
	mov	r5, r1
.Ltmp71:
.LBB3_4:
	@DEBUG_VALUE: pal_store_data_init:addr <- $r6
	@DEBUG_VALUE: pal_store_data_init:data <- [DW_OP_plus_uconst 24] [$sp+0]
	@DEBUG_VALUE: pal_store_data_init:length <- $r2
	@DEBUG_VALUE: pal_store_data_init:type <- $r5
	@DEBUG_VALUE: pal_store_data_init:offset <- undef
	.loc	2 160 34 is_stmt 1              @ ../08_TCPL04B_PAL/pal_store.c:160:34
	cmp	r5, #1
	bhi	.LBB3_12
.Ltmp72:
@ %bb.5:
	@DEBUG_VALUE: pal_store_data_init:type <- $r5
	@DEBUG_VALUE: pal_store_data_init:addr <- $r6
	@DEBUG_VALUE: pal_store_data_init:data <- [DW_OP_plus_uconst 24] [$sp+0]
	@DEBUG_VALUE: pal_store_data_init:length <- $r2
	@DEBUG_VALUE: pal_store_data_init:offset <- undef
	.loc	2 160 52 is_stmt 0              @ ../08_TCPL04B_PAL/pal_store.c:160:52
	ldr	r1, [sp, #24]                   @ 4-byte Reload
	cmp	r1, #0
	beq	.LBB3_12
.Ltmp73:
@ %bb.6:
	@DEBUG_VALUE: pal_store_data_init:type <- $r5
	@DEBUG_VALUE: pal_store_data_init:addr <- $r6
	@DEBUG_VALUE: pal_store_data_init:data <- [DW_OP_plus_uconst 24] [$sp+0]
	@DEBUG_VALUE: pal_store_data_init:length <- $r2
	@DEBUG_VALUE: pal_store_data_init:offset <- undef
	.loc	2 160 70                        @ ../08_TCPL04B_PAL/pal_store.c:160:70
	cmp	r2, #0
	beq	.LBB3_12
.Ltmp74:
@ %bb.7:
	@DEBUG_VALUE: pal_store_data_init:type <- $r5
	@DEBUG_VALUE: pal_store_data_init:addr <- $r6
	@DEBUG_VALUE: pal_store_data_init:data <- [DW_OP_plus_uconst 24] [$sp+0]
	@DEBUG_VALUE: pal_store_data_init:length <- $r2
	.loc	2 0 70                          @ ../08_TCPL04B_PAL/pal_store.c:0:70
	ldr	r1, __arm_cp.3_1
	ands	r6, r1
.Ltmp75:
	@DEBUG_VALUE: pal_store_data_init:addr <- [DW_OP_LLVM_entry_value 1] $r0
	@DEBUG_VALUE: pal_store_data_init:offset <- $r6
	.loc	2 161 18 is_stmt 1              @ ../08_TCPL04B_PAL/pal_store.c:161:18
	adds	r1, r6, r2
	.loc	2 161 47 is_stmt 0              @ ../08_TCPL04B_PAL/pal_store.c:161:47
	adds	r3, r0, r1
	adds	r3, r3, #4
.Ltmp76:
	.loc	2 160 9 is_stmt 1               @ ../08_TCPL04B_PAL/pal_store.c:160:9
	cmp	r3, r0
	blo	.LBB3_12
.Ltmp77:
@ %bb.8:
	@DEBUG_VALUE: pal_store_data_init:offset <- $r6
	@DEBUG_VALUE: pal_store_data_init:addr <- [DW_OP_LLVM_entry_value 1] $r0
	@DEBUG_VALUE: pal_store_data_init:type <- $r5
	@DEBUG_VALUE: pal_store_data_init:data <- [DW_OP_plus_uconst 24] [$sp+0]
	@DEBUG_VALUE: pal_store_data_init:length <- $r2
	.loc	2 0 9 is_stmt 0                 @ ../08_TCPL04B_PAL/pal_store.c:0:9
	str	r1, [sp, #20]                   @ 4-byte Spill
	str	r2, [sp, #16]                   @ 4-byte Spill
.Ltmp78:
	@DEBUG_VALUE: pal_store_data_init:length <- [DW_OP_plus_uconst 16] [$sp+0]
	.loc	2 166 14 is_stmt 1              @ ../08_TCPL04B_PAL/pal_store.c:166:14
	ldr	r0, __arm_cp.3_1
	adds	r3, r0, #1
	add	r2, sp, #28
	mov	r0, r5
	mov	r1, r4
	str	r3, [sp, #12]                   @ 4-byte Spill
	bl	ll_flash_read
.Ltmp79:
	.loc	2 166 9 is_stmt 0               @ ../08_TCPL04B_PAL/pal_store.c:166:9
	cmp	r0, #0
	bne	.LBB3_12
.Ltmp80:
@ %bb.9:
	@DEBUG_VALUE: pal_store_data_init:length <- [DW_OP_plus_uconst 16] [$sp+0]
	@DEBUG_VALUE: pal_store_data_init:offset <- $r6
	@DEBUG_VALUE: pal_store_data_init:addr <- [DW_OP_LLVM_entry_value 1] $r0
	@DEBUG_VALUE: pal_store_data_init:type <- $r5
	@DEBUG_VALUE: pal_store_data_init:data <- [DW_OP_plus_uconst 24] [$sp+0]
	.loc	2 0 9                           @ ../08_TCPL04B_PAL/pal_store.c:0:9
	add	r0, sp, #28
	ldr	r2, [sp, #20]                   @ 4-byte Reload
	.loc	2 171 5 is_stmt 1               @ ../08_TCPL04B_PAL/pal_store.c:171:5
	ldrb	r1, [r0, r2]
	.loc	2 171 41 is_stmt 0              @ ../08_TCPL04B_PAL/pal_store.c:171:41
	adds	r2, r0, r2
	.loc	2 171 5                         @ ../08_TCPL04B_PAL/pal_store.c:171:5
	ldrb	r3, [r2, #1]
	lsls	r3, r3, #8
	adds	r1, r3, r1
	ldrb	r3, [r2, #2]
	lsls	r3, r3, #16
	ldrb	r2, [r2, #3]
	lsls	r2, r2, #24
	adds	r2, r2, r3
	adds	r1, r2, r1
.Ltmp81:
	@DEBUG_VALUE: pal_store_data_init:crc <- $r1
	.loc	2 173 57 is_stmt 1              @ ../08_TCPL04B_PAL/pal_store.c:173:57
	str	r1, [sp, #8]                    @ 4-byte Spill
.Ltmp82:
	@DEBUG_VALUE: pal_store_data_init:crc <- [DW_OP_plus_uconst 8] [$sp+0]
	@DEBUG_VALUE: pal_store_data_init:crc <- [DW_OP_plus_uconst 8] [$sp+0]
	adds	r6, r0, r6
.Ltmp83:
	.loc	2 0 57 is_stmt 0                @ ../08_TCPL04B_PAL/pal_store.c:0:57
	ldr	r7, [sp, #16]                   @ 4-byte Reload
.Ltmp84:
	@DEBUG_VALUE: pal_store_data_init:length <- $r7
	.loc	2 173 16                        @ ../08_TCPL04B_PAL/pal_store.c:173:16
	uxth	r2, r7
	ldr	r0, __arm_cp.3_2
	mov	r1, r6
	str	r2, [sp, #4]                    @ 4-byte Spill
	bl	crc16_calculate_func
.Ltmp85:
	.loc	2 173 9                         @ ../08_TCPL04B_PAL/pal_store.c:173:9
	ldr	r1, [sp, #8]                    @ 4-byte Reload
.Ltmp86:
	@DEBUG_VALUE: pal_store_data_init:crc <- $r1
	cmp	r1, r0
	bne	.LBB3_11
.Ltmp87:
@ %bb.10:
	@DEBUG_VALUE: pal_store_data_init:length <- $r7
	@DEBUG_VALUE: pal_store_data_init:crc <- $r1
	@DEBUG_VALUE: pal_store_data_init:addr <- [DW_OP_LLVM_entry_value 1] $r0
	@DEBUG_VALUE: pal_store_data_init:type <- $r5
	@DEBUG_VALUE: pal_store_data_init:data <- [DW_OP_plus_uconst 24] [$sp+0]
	.loc	2 183 5 is_stmt 1               @ ../08_TCPL04B_PAL/pal_store.c:183:5
	ldr	r0, [sp, #24]                   @ 4-byte Reload
	mov	r1, r6
.Ltmp88:
	mov	r2, r7
	bl	__aeabi_memcpy
.Ltmp89:
	.loc	2 0 5 is_stmt 0                 @ ../08_TCPL04B_PAL/pal_store.c:0:5
	movs	r7, #1
.Ltmp90:
	@DEBUG_VALUE: pal_store_data_init:length <- [DW_OP_LLVM_entry_value 1] $r2
	b	.LBB3_12
.Ltmp91:
.LBB3_11:
	@DEBUG_VALUE: pal_store_data_init:length <- $r7
	@DEBUG_VALUE: pal_store_data_init:crc <- $r1
	@DEBUG_VALUE: pal_store_data_init:addr <- [DW_OP_LLVM_entry_value 1] $r0
	@DEBUG_VALUE: pal_store_data_init:type <- $r5
	@DEBUG_VALUE: pal_store_data_init:data <- [DW_OP_plus_uconst 24] [$sp+0]
	.loc	2 175 9 is_stmt 1               @ ../08_TCPL04B_PAL/pal_store.c:175:9
	mov	r0, r6
	ldr	r1, [sp, #24]                   @ 4-byte Reload
.Ltmp92:
	mov	r2, r7
	bl	__aeabi_memcpy
.Ltmp93:
	.loc	2 176 15                        @ ../08_TCPL04B_PAL/pal_store.c:176:15
	ldr	r0, __arm_cp.3_2
	mov	r1, r6
	ldr	r2, [sp, #4]                    @ 4-byte Reload
	bl	crc16_calculate_func
.Ltmp94:
	@DEBUG_VALUE: pal_store_data_init:crc <- $r0
	.loc	2 0 15 is_stmt 0                @ ../08_TCPL04B_PAL/pal_store.c:0:15
	add	r2, sp, #28
	ldr	r1, [sp, #20]                   @ 4-byte Reload
	.loc	2 177 9 is_stmt 1               @ ../08_TCPL04B_PAL/pal_store.c:177:9
	strb	r0, [r2, r1]
	adds	r1, r2, r1
	movs	r7, #0
.Ltmp95:
	@DEBUG_VALUE: pal_store_data_init:length <- [DW_OP_LLVM_entry_value 1] $r2
	strb	r7, [r1, #3]
	strb	r7, [r1, #2]
	lsrs	r0, r0, #8
.Ltmp96:
	strb	r0, [r1, #1]
	.loc	2 178 15                        @ ../08_TCPL04B_PAL/pal_store.c:178:15
	mov	r0, r5
	mov	r1, r4
	ldr	r3, [sp, #12]                   @ 4-byte Reload
	bl	ll_flash_smart_write
.Ltmp97:
.LBB3_12:
	@DEBUG_VALUE: pal_store_data_init:type <- $r5
	@DEBUG_VALUE: pal_store_data_init:data <- [DW_OP_plus_uconst 24] [$sp+0]
	.loc	2 186 1                         @ ../08_TCPL04B_PAL/pal_store.c:186:1
	mov	r0, r7
	.loc	2 186 1 epilogue_begin is_stmt 0 @ ../08_TCPL04B_PAL/pal_store.c:186:1
	add	sp, #508
	add	sp, #32
	pop	{r4, r5, r6, r7, pc}
.Ltmp98:
	.p2align	2
@ %bb.13:
	.loc	2 0 1                           @ ../08_TCPL04B_PAL/pal_store.c:0:1
__arm_cp.3_0:
	.long	4294966783                      @ 0xfffffdff
.Lcpi_end9:
	.size	__arm_cp.3_0, .Lcpi_end9-__arm_cp.3_0
__arm_cp.3_1:
	.long	511                             @ 0x1ff
.Lcpi_end10:
	.size	__arm_cp.3_1, .Lcpi_end10-__arm_cp.3_1
__arm_cp.3_2:
	.long	65535                           @ 0xffff
.Lcpi_end11:
	.size	__arm_cp.3_2, .Lcpi_end11-__arm_cp.3_2
.Lfunc_end3:
	.size	pal_store_data_init, .Lfunc_end3-pal_store_data_init
	.cfi_endproc
	.cantunwind
	.fnend
                                        @ -- End function
	.section	.text.pal_store_data_clear,"ax",%progbits
	.hidden	pal_store_data_clear            @ -- Begin function pal_store_data_clear
	.globl	pal_store_data_clear
	.p2align	2
	.type	pal_store_data_clear,%function
	.code	16                              @ @pal_store_data_clear
	.thumb_func
pal_store_data_clear:
.Lfunc_begin4:
	.loc	2 197 0 is_stmt 1               @ ../08_TCPL04B_PAL/pal_store.c:197:0
	.fnstart
	.cfi_startproc
@ %bb.0:
	@DEBUG_VALUE: pal_store_data_clear:addr <- $r0
	@DEBUG_VALUE: pal_store_data_clear:length <- $r1
	.save	{r4, r5, r6, r7, lr}
	push	{r4, r5, r6, r7, lr}
	.cfi_def_cfa_offset 20
	.cfi_offset lr, -4
	.cfi_offset r7, -8
	.cfi_offset r6, -12
	.cfi_offset r5, -16
	.cfi_offset r4, -20
	.pad	#508
	sub	sp, #508
	.pad	#8
	sub	sp, #8
	.cfi_def_cfa_offset 536
	mov	r4, r1
.Ltmp99:
	@DEBUG_VALUE: pal_store_data_clear:length <- $r4
	mov	r1, r0
.Ltmp100:
	@DEBUG_VALUE: pal_store_data_clear:addr <- $r1
	ldr	r5, __arm_cp.4_0
.Ltmp101:
	.loc	2 37 9 prologue_end             @ ../08_TCPL04B_PAL/pal_store.c:37:9
	ands	r5, r0
	movs	r2, #1
	lsls	r0, r2, #23
	cmp	r5, r0
	beq	.LBB4_2
.Ltmp102:
@ %bb.1:
	@DEBUG_VALUE: pal_store_data_clear:addr <- $r1
	@DEBUG_VALUE: pal_store_data_clear:length <- $r4
	.loc	2 0 9 is_stmt 0                 @ ../08_TCPL04B_PAL/pal_store.c:0:9
	movs	r2, #2
.Ltmp103:
.LBB4_2:
	@DEBUG_VALUE: pal_store_data_clear:addr <- $r1
	@DEBUG_VALUE: pal_store_data_clear:length <- $r4
	@DEBUG_VALUE: pal_store_type_check:addr <- $r1
	.loc	2 37 14                         @ ../08_TCPL04B_PAL/pal_store.c:37:14
	lsrs	r3, r1, #14
	movs	r0, #0
.Ltmp104:
	.loc	2 37 9                          @ ../08_TCPL04B_PAL/pal_store.c:37:9
	cmp	r3, #3
	mov	r6, r0
	blo	.LBB4_4
.Ltmp105:
@ %bb.3:
	@DEBUG_VALUE: pal_store_type_check:addr <- $r1
	@DEBUG_VALUE: pal_store_data_clear:addr <- $r1
	@DEBUG_VALUE: pal_store_data_clear:length <- $r4
	.loc	2 0 9                           @ ../08_TCPL04B_PAL/pal_store.c:0:9
	mov	r6, r2
.Ltmp106:
.LBB4_4:
	@DEBUG_VALUE: pal_store_data_clear:addr <- $r1
	@DEBUG_VALUE: pal_store_data_clear:length <- $r4
	@DEBUG_VALUE: pal_store_data_clear:type <- $r6
	@DEBUG_VALUE: pal_store_data_clear:offset <- undef
	.loc	2 202 34 is_stmt 1              @ ../08_TCPL04B_PAL/pal_store.c:202:34
	cmp	r6, #1
	bhi	.LBB4_14
.Ltmp107:
@ %bb.5:
	@DEBUG_VALUE: pal_store_data_clear:type <- $r6
	@DEBUG_VALUE: pal_store_data_clear:addr <- $r1
	@DEBUG_VALUE: pal_store_data_clear:length <- $r4
	@DEBUG_VALUE: pal_store_data_clear:offset <- undef
	.loc	2 202 52 is_stmt 0              @ ../08_TCPL04B_PAL/pal_store.c:202:52
	cmp	r4, #0
	beq	.LBB4_14
.Ltmp108:
@ %bb.6:
	@DEBUG_VALUE: pal_store_data_clear:type <- $r6
	@DEBUG_VALUE: pal_store_data_clear:addr <- $r1
	@DEBUG_VALUE: pal_store_data_clear:length <- $r4
	.loc	2 0 52                          @ ../08_TCPL04B_PAL/pal_store.c:0:52
	ldr	r2, __arm_cp.4_1
	mov	r7, r1
	ands	r7, r2
.Ltmp109:
	@DEBUG_VALUE: pal_store_data_clear:offset <- $r7
	.loc	2 203 25 is_stmt 1              @ ../08_TCPL04B_PAL/pal_store.c:203:25
	beq	.LBB4_8
.Ltmp110:
@ %bb.7:
	@DEBUG_VALUE: pal_store_data_clear:offset <- $r7
	@DEBUG_VALUE: pal_store_data_clear:type <- $r6
	@DEBUG_VALUE: pal_store_data_clear:addr <- $r1
	@DEBUG_VALUE: pal_store_data_clear:length <- $r4
	.loc	2 203 37 is_stmt 0              @ ../08_TCPL04B_PAL/pal_store.c:203:37
	adds	r1, r7, r4
.Ltmp111:
	.loc	2 203 47                        @ ../08_TCPL04B_PAL/pal_store.c:203:47
	adds	r3, r2, #1
.Ltmp112:
	.loc	2 202 9 is_stmt 1               @ ../08_TCPL04B_PAL/pal_store.c:202:9
	cmp	r1, r3
	bls	.LBB4_9
	b	.LBB4_14
.Ltmp113:
.LBB4_8:
	@DEBUG_VALUE: pal_store_data_clear:offset <- $r7
	@DEBUG_VALUE: pal_store_data_clear:type <- $r6
	@DEBUG_VALUE: pal_store_data_clear:addr <- $r1
	@DEBUG_VALUE: pal_store_data_clear:length <- $r4
	.loc	2 208 9                         @ ../08_TCPL04B_PAL/pal_store.c:208:9
	tst	r4, r2
	beq	.LBB4_12
.Ltmp114:
.LBB4_9:
	@DEBUG_VALUE: pal_store_data_clear:offset <- $r7
	@DEBUG_VALUE: pal_store_data_clear:type <- $r6
	@DEBUG_VALUE: pal_store_data_clear:length <- $r4
	.loc	2 215 18                        @ ../08_TCPL04B_PAL/pal_store.c:215:18
	adds	r3, r2, #1
	add	r2, sp, #4
	mov	r0, r6
	mov	r1, r5
	str	r3, [sp]                        @ 4-byte Spill
	bl	ll_flash_read
.Ltmp115:
	.loc	2 215 13 is_stmt 0              @ ../08_TCPL04B_PAL/pal_store.c:215:13
	cmp	r0, #0
	beq	.LBB4_11
.Ltmp116:
@ %bb.10:
	@DEBUG_VALUE: pal_store_data_clear:offset <- $r7
	@DEBUG_VALUE: pal_store_data_clear:type <- $r6
	@DEBUG_VALUE: pal_store_data_clear:length <- $r4
	.loc	2 0 13                          @ ../08_TCPL04B_PAL/pal_store.c:0:13
	movs	r0, #0
	b	.LBB4_14
.Ltmp117:
.LBB4_11:
	@DEBUG_VALUE: pal_store_data_clear:offset <- $r7
	@DEBUG_VALUE: pal_store_data_clear:type <- $r6
	@DEBUG_VALUE: pal_store_data_clear:length <- $r4
	add	r1, sp, #4
	.loc	2 219 28 is_stmt 1              @ ../08_TCPL04B_PAL/pal_store.c:219:28
	adds	r0, r1, r7
	mov	r7, r1
.Ltmp118:
	.loc	2 0 28 is_stmt 0                @ ../08_TCPL04B_PAL/pal_store.c:0:28
	movs	r2, #255
	.loc	2 219 9                         @ ../08_TCPL04B_PAL/pal_store.c:219:9
	mov	r1, r4
	bl	__aeabi_memset
.Ltmp119:
	.loc	2 220 22 is_stmt 1              @ ../08_TCPL04B_PAL/pal_store.c:220:22
	mov	r0, r6
	mov	r1, r5
	mov	r2, r7
	ldr	r3, [sp]                        @ 4-byte Reload
	bl	ll_flash_smart_write
.Ltmp120:
	.loc	2 0 22 is_stmt 0                @ ../08_TCPL04B_PAL/pal_store.c:0:22
	b	.LBB4_13
.Ltmp121:
.LBB4_12:
	@DEBUG_VALUE: pal_store_data_clear:offset <- $r7
	@DEBUG_VALUE: pal_store_data_clear:type <- $r6
	@DEBUG_VALUE: pal_store_data_clear:addr <- $r1
	@DEBUG_VALUE: pal_store_data_clear:length <- $r4
	.loc	2 210 22 is_stmt 1              @ ../08_TCPL04B_PAL/pal_store.c:210:22
	mov	r0, r6
	mov	r2, r4
	bl	ll_flash_erase
.Ltmp122:
.LBB4_13:
	@DEBUG_VALUE: pal_store_data_clear:type <- $r6
	@DEBUG_VALUE: pal_store_data_clear:length <- $r4
	.loc	2 0 0 is_stmt 0                 @ ../08_TCPL04B_PAL/pal_store.c:0:0
	mov	r1, r0
	rsbs	r0, r0, #0
	adcs	r0, r1
.Ltmp123:
.LBB4_14:
	@DEBUG_VALUE: pal_store_data_clear:type <- $r6
	@DEBUG_VALUE: pal_store_data_clear:length <- $r4
	.loc	2 223 1 epilogue_begin is_stmt 1 @ ../08_TCPL04B_PAL/pal_store.c:223:1
	add	sp, #508
	add	sp, #8
	pop	{r4, r5, r6, r7, pc}
.Ltmp124:
	.p2align	2
@ %bb.15:
	.loc	2 0 1 is_stmt 0                 @ ../08_TCPL04B_PAL/pal_store.c:0:1
__arm_cp.4_0:
	.long	4294966784                      @ 0xfffffe00
.Lcpi_end12:
	.size	__arm_cp.4_0, .Lcpi_end12-__arm_cp.4_0
__arm_cp.4_1:
	.long	511                             @ 0x1ff
.Lcpi_end13:
	.size	__arm_cp.4_1, .Lcpi_end13-__arm_cp.4_1
.Lfunc_end4:
	.size	pal_store_data_clear, .Lfunc_end4-pal_store_data_clear
	.cfi_endproc
	.cantunwind
	.fnend
                                        @ -- End function
	.section	.text.pal_store_erase,"ax",%progbits
	.hidden	pal_store_erase                 @ -- Begin function pal_store_erase
	.globl	pal_store_erase
	.p2align	1
	.type	pal_store_erase,%function
	.code	16                              @ @pal_store_erase
	.thumb_func
pal_store_erase:
.Lfunc_begin5:
	.loc	2 235 0 is_stmt 1               @ ../08_TCPL04B_PAL/pal_store.c:235:0
	.fnstart
	.cfi_startproc
@ %bb.0:
	@DEBUG_VALUE: pal_store_erase:type <- $r0
	@DEBUG_VALUE: pal_store_erase:addr <- $r1
	@DEBUG_VALUE: pal_store_erase:length <- $r2
	.save	{r7, lr}
	push	{r7, lr}
	.cfi_def_cfa_offset 8
	.cfi_offset lr, -4
	.cfi_offset r7, -8
.Ltmp125:
	.loc	2 236 14 prologue_end           @ ../08_TCPL04B_PAL/pal_store.c:236:14
	bl	ll_flash_erase
.Ltmp126:
	@DEBUG_VALUE: pal_store_erase:length <- [DW_OP_LLVM_entry_value 1] $r2
	@DEBUG_VALUE: pal_store_erase:addr <- [DW_OP_LLVM_entry_value 1] $r1
	@DEBUG_VALUE: pal_store_erase:type <- [DW_OP_LLVM_entry_value 1] $r0
	.loc	2 236 11 is_stmt 0              @ ../08_TCPL04B_PAL/pal_store.c:236:11
	rsbs	r1, r0, #0
	adcs	r0, r1
.Ltmp127:
	.loc	2 242 1 epilogue_begin is_stmt 1 @ ../08_TCPL04B_PAL/pal_store.c:242:1
	pop	{r7, pc}
.Ltmp128:
.Lfunc_end5:
	.size	pal_store_erase, .Lfunc_end5-pal_store_erase
	.cfi_endproc
	.cantunwind
	.fnend
                                        @ -- End function
	.section	.text.pal_store_write,"ax",%progbits
	.hidden	pal_store_write                 @ -- Begin function pal_store_write
	.globl	pal_store_write
	.p2align	1
	.type	pal_store_write,%function
	.code	16                              @ @pal_store_write
	.thumb_func
pal_store_write:
.Lfunc_begin6:
	.loc	2 255 0                         @ ../08_TCPL04B_PAL/pal_store.c:255:0
	.fnstart
	.cfi_startproc
@ %bb.0:
	@DEBUG_VALUE: pal_store_write:type <- $r0
	@DEBUG_VALUE: pal_store_write:addr <- $r1
	@DEBUG_VALUE: pal_store_write:value <- $r2
	@DEBUG_VALUE: pal_store_write:length <- $r3
	.save	{r7, lr}
	push	{r7, lr}
	.cfi_def_cfa_offset 8
	.cfi_offset lr, -4
	.cfi_offset r7, -8
.Ltmp129:
	.loc	2 256 14 prologue_end           @ ../08_TCPL04B_PAL/pal_store.c:256:14
	bl	ll_flash_write
.Ltmp130:
	@DEBUG_VALUE: pal_store_write:length <- [DW_OP_LLVM_entry_value 1] $r3
	@DEBUG_VALUE: pal_store_write:value <- [DW_OP_LLVM_entry_value 1] $r2
	@DEBUG_VALUE: pal_store_write:addr <- [DW_OP_LLVM_entry_value 1] $r1
	@DEBUG_VALUE: pal_store_write:type <- [DW_OP_LLVM_entry_value 1] $r0
	.loc	2 256 11 is_stmt 0              @ ../08_TCPL04B_PAL/pal_store.c:256:11
	rsbs	r1, r0, #0
	adcs	r0, r1
.Ltmp131:
	.loc	2 262 1 epilogue_begin is_stmt 1 @ ../08_TCPL04B_PAL/pal_store.c:262:1
	pop	{r7, pc}
.Ltmp132:
.Lfunc_end6:
	.size	pal_store_write, .Lfunc_end6-pal_store_write
	.cfi_endproc
	.cantunwind
	.fnend
                                        @ -- End function
	.section	.text.pal_store_read,"ax",%progbits
	.hidden	pal_store_read                  @ -- Begin function pal_store_read
	.globl	pal_store_read
	.p2align	1
	.type	pal_store_read,%function
	.code	16                              @ @pal_store_read
	.thumb_func
pal_store_read:
.Lfunc_begin7:
	.loc	2 274 0                         @ ../08_TCPL04B_PAL/pal_store.c:274:0
	.fnstart
	.cfi_startproc
@ %bb.0:
	@DEBUG_VALUE: pal_store_read:type <- $r0
	@DEBUG_VALUE: pal_store_read:addr <- $r1
	@DEBUG_VALUE: pal_store_read:value <- $r2
	@DEBUG_VALUE: pal_store_read:length <- $r3
	.save	{r7, lr}
	push	{r7, lr}
	.cfi_def_cfa_offset 8
	.cfi_offset lr, -4
	.cfi_offset r7, -8
.Ltmp133:
	.loc	2 275 14 prologue_end           @ ../08_TCPL04B_PAL/pal_store.c:275:14
	bl	ll_flash_read
.Ltmp134:
	@DEBUG_VALUE: pal_store_read:length <- [DW_OP_LLVM_entry_value 1] $r3
	@DEBUG_VALUE: pal_store_read:value <- [DW_OP_LLVM_entry_value 1] $r2
	@DEBUG_VALUE: pal_store_read:addr <- [DW_OP_LLVM_entry_value 1] $r1
	@DEBUG_VALUE: pal_store_read:type <- [DW_OP_LLVM_entry_value 1] $r0
	.loc	2 275 11 is_stmt 0              @ ../08_TCPL04B_PAL/pal_store.c:275:11
	rsbs	r1, r0, #0
	adcs	r0, r1
.Ltmp135:
	.loc	2 281 1 epilogue_begin is_stmt 1 @ ../08_TCPL04B_PAL/pal_store.c:281:1
	pop	{r7, pc}
.Ltmp136:
.Lfunc_end7:
	.size	pal_store_read, .Lfunc_end7-pal_store_read
	.cfi_endproc
	.cantunwind
	.fnend
                                        @ -- End function
	.section	.text.pal_store_uid_get,"ax",%progbits
	.hidden	pal_store_uid_get               @ -- Begin function pal_store_uid_get
	.globl	pal_store_uid_get
	.p2align	2
	.type	pal_store_uid_get,%function
	.code	16                              @ @pal_store_uid_get
	.thumb_func
pal_store_uid_get:
.Lfunc_begin8:
	.loc	2 291 0                         @ ../08_TCPL04B_PAL/pal_store.c:291:0
	.fnstart
	.cfi_startproc
@ %bb.0:
	@DEBUG_VALUE: pal_store_uid_get:uid <- $r0
	.save	{r4, r5, r7, lr}
	push	{r4, r5, r7, lr}
	.cfi_def_cfa_offset 16
	.cfi_offset lr, -4
	.cfi_offset r7, -8
	.cfi_offset r5, -12
	.cfi_offset r4, -16
	.pad	#24
	sub	sp, #24
	.cfi_def_cfa_offset 40
	mov	r4, r0
.Ltmp137:
	@DEBUG_VALUE: pal_store_uid_get:uid <- $r4
	movs	r0, #1
	ldr	r1, __arm_cp.8_0
	add	r5, sp, #4
	movs	r3, #16
.Ltmp138:
	.loc	2 306 5 prologue_end            @ ../08_TCPL04B_PAL/pal_store.c:306:5
	mov	r2, r5
	bl	ll_flash_read
.Ltmp139:
	.loc	2 308 47                        @ ../08_TCPL04B_PAL/pal_store.c:308:47
	ldrb	r0, [r5, #12]
	.loc	2 308 19 is_stmt 0              @ ../08_TCPL04B_PAL/pal_store.c:308:19
	ldr	r1, [sp, #12]
	.loc	2 308 37                        @ ../08_TCPL04B_PAL/pal_store.c:308:37
	lsls	r1, r1, #24
	lsrs	r1, r1, #8
	.loc	2 308 44                        @ ../08_TCPL04B_PAL/pal_store.c:308:44
	adds	r0, r1, r0
	.loc	2 308 15                        @ ../08_TCPL04B_PAL/pal_store.c:308:15
	str	r0, [sp, #12]
	movs	r2, #12
	.loc	2 311 5 is_stmt 1               @ ../08_TCPL04B_PAL/pal_store.c:311:5
	mov	r0, r4
.Ltmp140:
	@DEBUG_VALUE: pal_store_uid_get:uid <- $r0
	mov	r1, r5
	bl	__aeabi_memcpy
.Ltmp141:
	.loc	2 312 1 epilogue_begin          @ ../08_TCPL04B_PAL/pal_store.c:312:1
	add	sp, #24
	pop	{r4, r5, r7, pc}
.Ltmp142:
	.p2align	2
@ %bb.1:
	.loc	2 0 1 is_stmt 0                 @ ../08_TCPL04B_PAL/pal_store.c:0:1
__arm_cp.8_0:
	.long	8388864                         @ 0x800100
.Lcpi_end14:
	.size	__arm_cp.8_0, .Lcpi_end14-__arm_cp.8_0
.Lfunc_end8:
	.size	pal_store_uid_get, .Lfunc_end8-pal_store_uid_get
	.cfi_endproc
	.cantunwind
	.fnend
                                        @ -- End function
	.section	.text.pal_store_boot_ver_get,"ax",%progbits
	.hidden	pal_store_boot_ver_get          @ -- Begin function pal_store_boot_ver_get
	.globl	pal_store_boot_ver_get
	.p2align	2
	.type	pal_store_boot_ver_get,%function
	.code	16                              @ @pal_store_boot_ver_get
	.thumb_func
pal_store_boot_ver_get:
.Lfunc_begin9:
	.loc	2 322 0 is_stmt 1               @ ../08_TCPL04B_PAL/pal_store.c:322:0
	.fnstart
	.cfi_startproc
@ %bb.0:
	@DEBUG_VALUE: pal_store_boot_ver_get:boot_ver <- $r0
	.save	{r4, r5, r7, lr}
	.pad	#8
	push	{r2, r3, r4, r5, r7, lr}
	.cfi_def_cfa_offset 24
	.cfi_offset lr, -4
	.cfi_offset r7, -8
	.cfi_offset r5, -12
	.cfi_offset r4, -16
	mov	r4, r0
.Ltmp143:
	@DEBUG_VALUE: pal_store_boot_ver_get:ver <- [DW_OP_plus_uconst 4, DW_OP_deref] $sp
	@DEBUG_VALUE: pal_store_boot_ver_get:boot_ver <- $r4
	movs	r5, #0
	ldr	r1, __arm_cp.9_0
	add	r2, sp, #4
	movs	r3, #4
.Ltmp144:
	.loc	2 324 5 prologue_end            @ ../08_TCPL04B_PAL/pal_store.c:324:5
	mov	r0, r5
	bl	ll_flash_read
.Ltmp145:
	.loc	2 326 5                         @ ../08_TCPL04B_PAL/pal_store.c:326:5
	strb	r5, [r4, #3]
	.loc	2 325 12                        @ ../08_TCPL04B_PAL/pal_store.c:325:12
	ldr	r0, [sp, #4]
	.loc	2 325 50 is_stmt 0              @ ../08_TCPL04B_PAL/pal_store.c:325:50
	lsrs	r1, r0, #8
	uxtb	r1, r1
	movs	r2, #100
	.loc	2 325 57                        @ ../08_TCPL04B_PAL/pal_store.c:325:57
	muls	r2, r1, r2
	.loc	2 325 16                        @ ../08_TCPL04B_PAL/pal_store.c:325:16
	uxtb	r1, r0
	ldr	r3, __arm_cp.9_1
	.loc	2 325 24                        @ ../08_TCPL04B_PAL/pal_store.c:325:24
	muls	r3, r1, r3
	.loc	2 325 83                        @ ../08_TCPL04B_PAL/pal_store.c:325:83
	lsrs	r0, r0, #16
	uxtb	r0, r0
	.loc	2 325 32                        @ ../08_TCPL04B_PAL/pal_store.c:325:32
	adds	r0, r0, r3
	.loc	2 325 63                        @ ../08_TCPL04B_PAL/pal_store.c:325:63
	adds	r0, r0, r2
.Ltmp146:
	@DEBUG_VALUE: pal_store_boot_ver_get:ver <- $r0
	.loc	2 326 5 is_stmt 1               @ ../08_TCPL04B_PAL/pal_store.c:326:5
	strb	r0, [r4]
	lsrs	r1, r0, #16
	strb	r1, [r4, #2]
	lsrs	r0, r0, #8
.Ltmp147:
	strb	r0, [r4, #1]
	.loc	2 327 1 epilogue_begin          @ ../08_TCPL04B_PAL/pal_store.c:327:1
	pop	{r2, r3, r4, r5, r7, pc}
.Ltmp148:
	.p2align	2
@ %bb.1:
	.loc	2 0 1 is_stmt 0                 @ ../08_TCPL04B_PAL/pal_store.c:0:1
__arm_cp.9_0:
	.long	7704                            @ 0x1e18
.Lcpi_end15:
	.size	__arm_cp.9_0, .Lcpi_end15-__arm_cp.9_0
__arm_cp.9_1:
	.long	10000                           @ 0x2710
.Lcpi_end16:
	.size	__arm_cp.9_1, .Lcpi_end16-__arm_cp.9_1
.Lfunc_end9:
	.size	pal_store_boot_ver_get, .Lfunc_end9-pal_store_boot_ver_get
	.cfi_endproc
	.cantunwind
	.fnend
                                        @ -- End function
	.section	.text.pal_store_chip_ver_id_get,"ax",%progbits
	.hidden	pal_store_chip_ver_id_get       @ -- Begin function pal_store_chip_ver_id_get
	.globl	pal_store_chip_ver_id_get
	.p2align	1
	.type	pal_store_chip_ver_id_get,%function
	.code	16                              @ @pal_store_chip_ver_id_get
	.thumb_func
pal_store_chip_ver_id_get:
.Lfunc_begin10:
	.loc	2 338 0 is_stmt 1               @ ../08_TCPL04B_PAL/pal_store.c:338:0
	.fnstart
	.cfi_startproc
@ %bb.0:
	@DEBUG_VALUE: pal_store_chip_ver_id_get:chip_ver <- $r0
	@DEBUG_VALUE: pal_store_chip_ver_id_get:chip_id <- $r1
	.save	{r7, lr}
	push	{r7, lr}
	.cfi_def_cfa_offset 8
	.cfi_offset lr, -4
	.cfi_offset r7, -8
.Ltmp149:
	.loc	2 339 5 prologue_end            @ ../08_TCPL04B_PAL/pal_store.c:339:5
	bl	ll_syscfg_info_get
.Ltmp150:
	@DEBUG_VALUE: pal_store_chip_ver_id_get:chip_id <- [DW_OP_LLVM_entry_value 1] $r1
	@DEBUG_VALUE: pal_store_chip_ver_id_get:chip_ver <- [DW_OP_LLVM_entry_value 1] $r0
	.loc	2 340 1 epilogue_begin          @ ../08_TCPL04B_PAL/pal_store.c:340:1
	pop	{r7, pc}
.Ltmp151:
.Lfunc_end10:
	.size	pal_store_chip_ver_id_get, .Lfunc_end10-pal_store_chip_ver_id_get
	.cfi_endproc
	.cantunwind
	.fnend
                                        @ -- End function
	.section	.text.pal_store_reg_rw,"ax",%progbits
	.hidden	pal_store_reg_rw                @ -- Begin function pal_store_reg_rw
	.globl	pal_store_reg_rw
	.p2align	1
	.type	pal_store_reg_rw,%function
	.code	16                              @ @pal_store_reg_rw
	.thumb_func
pal_store_reg_rw:
.Lfunc_begin11:
	.loc	2 352 0                         @ ../08_TCPL04B_PAL/pal_store.c:352:0
	.fnstart
	.cfi_startproc
@ %bb.0:
	@DEBUG_VALUE: pal_store_reg_rw:is_write <- [DW_OP_LLVM_convert 1 7, DW_OP_LLVM_convert 8 7, DW_OP_stack_value] $r0
	@DEBUG_VALUE: pal_store_reg_rw:addr <- $r1
	@DEBUG_VALUE: pal_store_reg_rw:value <- $r2
	.save	{r7, lr}
	push	{r7, lr}
	.cfi_def_cfa_offset 8
	.cfi_offset lr, -4
	.cfi_offset r7, -8
.Ltmp152:
	.loc	2 353 5 prologue_end            @ ../08_TCPL04B_PAL/pal_store.c:353:5
	bl	ll_flash_reg_wr
.Ltmp153:
	@DEBUG_VALUE: pal_store_reg_rw:value <- [DW_OP_LLVM_entry_value 1] $r2
	@DEBUG_VALUE: pal_store_reg_rw:addr <- [DW_OP_LLVM_entry_value 1] $r1
	.loc	2 354 1 epilogue_begin          @ ../08_TCPL04B_PAL/pal_store.c:354:1
	pop	{r7, pc}
.Ltmp154:
.Lfunc_end11:
	.size	pal_store_reg_rw, .Lfunc_end11-pal_store_reg_rw
	.cfi_endproc
	.cantunwind
	.fnend
                                        @ -- End function
	.type	store_total_size,%object        @ @store_total_size
	.section	.data.store_total_size,"aw",%progbits
	.p2align	2, 0x0
store_total_size:
	.long	512                             @ 0x200
	.size	store_total_size, 4

	.section	.debug_loc,"",%progbits
.Ldebug_loc0:
	.long	-1
	.long	.Lfunc_begin0                   @   base address
	.long	.Lfunc_begin0-.Lfunc_begin0
	.long	.Ltmp1-.Lfunc_begin0
	.short	1                               @ Loc expr size
	.byte	80                              @ DW_OP_reg0
	.long	.Ltmp1-.Lfunc_begin0
	.long	.Ltmp2-.Lfunc_begin0
	.short	4                               @ Loc expr size
	.byte	243                             @ DW_OP_GNU_entry_value
	.byte	1                               @ 1
	.byte	80                              @ DW_OP_reg0
	.byte	159                             @ DW_OP_stack_value
	.long	0
	.long	0
.Ldebug_loc1:
	.long	-1
	.long	.Lfunc_begin1                   @   base address
	.long	.Lfunc_begin1-.Lfunc_begin1
	.long	.Ltmp4-.Lfunc_begin1
	.short	1                               @ Loc expr size
	.byte	80                              @ DW_OP_reg0
	.long	.Ltmp4-.Lfunc_begin1
	.long	.Ltmp15-.Lfunc_begin1
	.short	1                               @ Loc expr size
	.byte	85                              @ DW_OP_reg5
	.long	.Ltmp15-.Lfunc_begin1
	.long	.Ltmp32-.Lfunc_begin1
	.short	4                               @ Loc expr size
	.byte	243                             @ DW_OP_GNU_entry_value
	.byte	1                               @ 1
	.byte	80                              @ DW_OP_reg0
	.byte	159                             @ DW_OP_stack_value
	.long	0
	.long	0
.Ldebug_loc2:
	.long	-1
	.long	.Lfunc_begin1                   @   base address
	.long	.Lfunc_begin1-.Lfunc_begin1
	.long	.Ltmp14-.Lfunc_begin1
	.short	1                               @ Loc expr size
	.byte	81                              @ DW_OP_reg1
	.long	.Ltmp14-.Lfunc_begin1
	.long	.Ltmp23-.Lfunc_begin1
	.short	2                               @ Loc expr size
	.byte	125                             @ DW_OP_breg13
	.byte	16                              @ 16
	.long	.Ltmp23-.Lfunc_begin1
	.long	.Ltmp25-.Lfunc_begin1
	.short	1                               @ Loc expr size
	.byte	81                              @ DW_OP_reg1
	.long	.Ltmp25-.Lfunc_begin1
	.long	.Ltmp32-.Lfunc_begin1
	.short	4                               @ Loc expr size
	.byte	243                             @ DW_OP_GNU_entry_value
	.byte	1                               @ 1
	.byte	81                              @ DW_OP_reg1
	.byte	159                             @ DW_OP_stack_value
	.long	0
	.long	0
.Ldebug_loc3:
	.long	-1
	.long	.Lfunc_begin1                   @   base address
	.long	.Lfunc_begin1-.Lfunc_begin1
	.long	.Ltmp18-.Lfunc_begin1
	.short	1                               @ Loc expr size
	.byte	82                              @ DW_OP_reg2
	.long	.Ltmp18-.Lfunc_begin1
	.long	.Ltmp24-.Lfunc_begin1
	.short	2                               @ Loc expr size
	.byte	125                             @ DW_OP_breg13
	.byte	8                               @ 8
	.long	.Ltmp24-.Lfunc_begin1
	.long	.Ltmp32-.Lfunc_begin1
	.short	1                               @ Loc expr size
	.byte	85                              @ DW_OP_reg5
	.long	0
	.long	0
.Ldebug_loc4:
	.long	-1
	.long	.Lfunc_begin1                   @   base address
	.long	.Ltmp7-.Lfunc_begin1
	.long	.Ltmp9-.Lfunc_begin1
	.short	1                               @ Loc expr size
	.byte	85                              @ DW_OP_reg5
	.long	0
	.long	0
.Ldebug_loc5:
	.long	-1
	.long	.Lfunc_begin1                   @   base address
	.long	.Ltmp10-.Lfunc_begin1
	.long	.Ltmp33-.Lfunc_begin1
	.short	1                               @ Loc expr size
	.byte	86                              @ DW_OP_reg6
	.long	0
	.long	0
.Ldebug_loc6:
	.long	-1
	.long	.Lfunc_begin1                   @   base address
	.long	.Ltmp15-.Lfunc_begin1
	.long	.Ltmp24-.Lfunc_begin1
	.short	1                               @ Loc expr size
	.byte	85                              @ DW_OP_reg5
	.long	0
	.long	0
.Ldebug_loc7:
	.long	-1
	.long	.Lfunc_begin1                   @   base address
	.long	.Ltmp29-.Lfunc_begin1
	.long	.Ltmp30-.Lfunc_begin1
	.short	1                               @ Loc expr size
	.byte	80                              @ DW_OP_reg0
	.long	0
	.long	0
.Ldebug_loc8:
	.long	-1
	.long	.Lfunc_begin2                   @   base address
	.long	.Lfunc_begin2-.Lfunc_begin2
	.long	.Ltmp35-.Lfunc_begin2
	.short	1                               @ Loc expr size
	.byte	80                              @ DW_OP_reg0
	.long	.Ltmp35-.Lfunc_begin2
	.long	.Ltmp46-.Lfunc_begin2
	.short	1                               @ Loc expr size
	.byte	87                              @ DW_OP_reg7
	.long	.Ltmp46-.Lfunc_begin2
	.long	.Ltmp62-.Lfunc_begin2
	.short	4                               @ Loc expr size
	.byte	243                             @ DW_OP_GNU_entry_value
	.byte	1                               @ 1
	.byte	80                              @ DW_OP_reg0
	.byte	159                             @ DW_OP_stack_value
	.long	0
	.long	0
.Ldebug_loc9:
	.long	-1
	.long	.Lfunc_begin2                   @   base address
	.long	.Lfunc_begin2-.Lfunc_begin2
	.long	.Ltmp34-.Lfunc_begin2
	.short	1                               @ Loc expr size
	.byte	81                              @ DW_OP_reg1
	.long	.Ltmp34-.Lfunc_begin2
	.long	.Ltmp45-.Lfunc_begin2
	.short	1                               @ Loc expr size
	.byte	84                              @ DW_OP_reg4
	.long	.Ltmp45-.Lfunc_begin2
	.long	.Ltmp59-.Lfunc_begin2
	.short	2                               @ Loc expr size
	.byte	125                             @ DW_OP_breg13
	.byte	4                               @ 4
	.long	.Ltmp59-.Lfunc_begin2
	.long	.Ltmp61-.Lfunc_begin2
	.short	1                               @ Loc expr size
	.byte	80                              @ DW_OP_reg0
	.long	.Ltmp61-.Lfunc_begin2
	.long	.Ltmp62-.Lfunc_begin2
	.short	4                               @ Loc expr size
	.byte	243                             @ DW_OP_GNU_entry_value
	.byte	1                               @ 1
	.byte	81                              @ DW_OP_reg1
	.byte	159                             @ DW_OP_stack_value
	.long	0
	.long	0
.Ldebug_loc10:
	.long	-1
	.long	.Lfunc_begin2                   @   base address
	.long	.Lfunc_begin2-.Lfunc_begin2
	.long	.Ltmp49-.Lfunc_begin2
	.short	1                               @ Loc expr size
	.byte	82                              @ DW_OP_reg2
	.long	.Ltmp49-.Lfunc_begin2
	.long	.Ltmp62-.Lfunc_begin2
	.short	1                               @ Loc expr size
	.byte	84                              @ DW_OP_reg4
	.long	0
	.long	0
.Ldebug_loc11:
	.long	-1
	.long	.Lfunc_begin2                   @   base address
	.long	.Ltmp38-.Lfunc_begin2
	.long	.Ltmp40-.Lfunc_begin2
	.short	1                               @ Loc expr size
	.byte	87                              @ DW_OP_reg7
	.long	0
	.long	0
.Ldebug_loc12:
	.long	-1
	.long	.Lfunc_begin2                   @   base address
	.long	.Ltmp41-.Lfunc_begin2
	.long	.Ltmp51-.Lfunc_begin2
	.short	1                               @ Loc expr size
	.byte	80                              @ DW_OP_reg0
	.long	0
	.long	0
.Ldebug_loc13:
	.long	-1
	.long	.Lfunc_begin2                   @   base address
	.long	.Ltmp46-.Lfunc_begin2
	.long	.Ltmp55-.Lfunc_begin2
	.short	1                               @ Loc expr size
	.byte	87                              @ DW_OP_reg7
	.long	0
	.long	0
.Ldebug_loc14:
	.long	-1
	.long	.Lfunc_begin2                   @   base address
	.long	.Ltmp53-.Lfunc_begin2
	.long	.Ltmp54-.Lfunc_begin2
	.short	1                               @ Loc expr size
	.byte	81                              @ DW_OP_reg1
	.long	.Ltmp54-.Lfunc_begin2
	.long	.Ltmp57-.Lfunc_begin2
	.short	2                               @ Loc expr size
	.byte	125                             @ DW_OP_breg13
	.byte	8                               @ 8
	.long	.Ltmp57-.Lfunc_begin2
	.long	.Ltmp60-.Lfunc_begin2
	.short	1                               @ Loc expr size
	.byte	81                              @ DW_OP_reg1
	.long	0
	.long	0
.Ldebug_loc15:
	.long	-1
	.long	.Lfunc_begin3                   @   base address
	.long	.Lfunc_begin3-.Lfunc_begin3
	.long	.Ltmp65-.Lfunc_begin3
	.short	1                               @ Loc expr size
	.byte	80                              @ DW_OP_reg0
	.long	.Ltmp65-.Lfunc_begin3
	.long	.Ltmp75-.Lfunc_begin3
	.short	1                               @ Loc expr size
	.byte	86                              @ DW_OP_reg6
	.long	.Ltmp75-.Lfunc_begin3
	.long	.Ltmp97-.Lfunc_begin3
	.short	4                               @ Loc expr size
	.byte	243                             @ DW_OP_GNU_entry_value
	.byte	1                               @ 1
	.byte	80                              @ DW_OP_reg0
	.byte	159                             @ DW_OP_stack_value
	.long	0
	.long	0
.Ldebug_loc16:
	.long	-1
	.long	.Lfunc_begin3                   @   base address
	.long	.Lfunc_begin3-.Lfunc_begin3
	.long	.Ltmp64-.Lfunc_begin3
	.short	1                               @ Loc expr size
	.byte	81                              @ DW_OP_reg1
	.long	.Ltmp64-.Lfunc_begin3
	.long	.Ltmp98-.Lfunc_begin3
	.short	2                               @ Loc expr size
	.byte	125                             @ DW_OP_breg13
	.byte	24                              @ 24
	.long	0
	.long	0
.Ldebug_loc17:
	.long	-1
	.long	.Lfunc_begin3                   @   base address
	.long	.Lfunc_begin3-.Lfunc_begin3
	.long	.Ltmp78-.Lfunc_begin3
	.short	1                               @ Loc expr size
	.byte	82                              @ DW_OP_reg2
	.long	.Ltmp78-.Lfunc_begin3
	.long	.Ltmp84-.Lfunc_begin3
	.short	2                               @ Loc expr size
	.byte	125                             @ DW_OP_breg13
	.byte	16                              @ 16
	.long	.Ltmp84-.Lfunc_begin3
	.long	.Ltmp90-.Lfunc_begin3
	.short	1                               @ Loc expr size
	.byte	87                              @ DW_OP_reg7
	.long	.Ltmp90-.Lfunc_begin3
	.long	.Ltmp91-.Lfunc_begin3
	.short	4                               @ Loc expr size
	.byte	243                             @ DW_OP_GNU_entry_value
	.byte	1                               @ 1
	.byte	82                              @ DW_OP_reg2
	.byte	159                             @ DW_OP_stack_value
	.long	.Ltmp91-.Lfunc_begin3
	.long	.Ltmp95-.Lfunc_begin3
	.short	1                               @ Loc expr size
	.byte	87                              @ DW_OP_reg7
	.long	.Ltmp95-.Lfunc_begin3
	.long	.Ltmp97-.Lfunc_begin3
	.short	4                               @ Loc expr size
	.byte	243                             @ DW_OP_GNU_entry_value
	.byte	1                               @ 1
	.byte	82                              @ DW_OP_reg2
	.byte	159                             @ DW_OP_stack_value
	.long	0
	.long	0
.Ldebug_loc18:
	.long	-1
	.long	.Lfunc_begin3                   @   base address
	.long	.Ltmp68-.Lfunc_begin3
	.long	.Ltmp70-.Lfunc_begin3
	.short	1                               @ Loc expr size
	.byte	86                              @ DW_OP_reg6
	.long	0
	.long	0
.Ldebug_loc19:
	.long	-1
	.long	.Lfunc_begin3                   @   base address
	.long	.Ltmp71-.Lfunc_begin3
	.long	.Ltmp98-.Lfunc_begin3
	.short	1                               @ Loc expr size
	.byte	85                              @ DW_OP_reg5
	.long	0
	.long	0
.Ldebug_loc20:
	.long	-1
	.long	.Lfunc_begin3                   @   base address
	.long	.Ltmp75-.Lfunc_begin3
	.long	.Ltmp83-.Lfunc_begin3
	.short	1                               @ Loc expr size
	.byte	86                              @ DW_OP_reg6
	.long	0
	.long	0
.Ldebug_loc21:
	.long	-1
	.long	.Lfunc_begin3                   @   base address
	.long	.Ltmp81-.Lfunc_begin3
	.long	.Ltmp82-.Lfunc_begin3
	.short	1                               @ Loc expr size
	.byte	81                              @ DW_OP_reg1
	.long	.Ltmp82-.Lfunc_begin3
	.long	.Ltmp86-.Lfunc_begin3
	.short	2                               @ Loc expr size
	.byte	125                             @ DW_OP_breg13
	.byte	8                               @ 8
	.long	.Ltmp86-.Lfunc_begin3
	.long	.Ltmp88-.Lfunc_begin3
	.short	1                               @ Loc expr size
	.byte	81                              @ DW_OP_reg1
	.long	.Ltmp91-.Lfunc_begin3
	.long	.Ltmp92-.Lfunc_begin3
	.short	1                               @ Loc expr size
	.byte	81                              @ DW_OP_reg1
	.long	.Ltmp94-.Lfunc_begin3
	.long	.Ltmp96-.Lfunc_begin3
	.short	1                               @ Loc expr size
	.byte	80                              @ DW_OP_reg0
	.long	0
	.long	0
.Ldebug_loc22:
	.long	-1
	.long	.Lfunc_begin4                   @   base address
	.long	.Lfunc_begin4-.Lfunc_begin4
	.long	.Ltmp100-.Lfunc_begin4
	.short	1                               @ Loc expr size
	.byte	80                              @ DW_OP_reg0
	.long	.Ltmp100-.Lfunc_begin4
	.long	.Ltmp111-.Lfunc_begin4
	.short	1                               @ Loc expr size
	.byte	81                              @ DW_OP_reg1
	.long	.Ltmp113-.Lfunc_begin4
	.long	.Ltmp114-.Lfunc_begin4
	.short	1                               @ Loc expr size
	.byte	81                              @ DW_OP_reg1
	.long	.Ltmp121-.Lfunc_begin4
	.long	.Ltmp122-.Lfunc_begin4
	.short	1                               @ Loc expr size
	.byte	81                              @ DW_OP_reg1
	.long	0
	.long	0
.Ldebug_loc23:
	.long	-1
	.long	.Lfunc_begin4                   @   base address
	.long	.Lfunc_begin4-.Lfunc_begin4
	.long	.Ltmp99-.Lfunc_begin4
	.short	1                               @ Loc expr size
	.byte	81                              @ DW_OP_reg1
	.long	.Ltmp99-.Lfunc_begin4
	.long	.Ltmp124-.Lfunc_begin4
	.short	1                               @ Loc expr size
	.byte	84                              @ DW_OP_reg4
	.long	0
	.long	0
.Ldebug_loc24:
	.long	-1
	.long	.Lfunc_begin4                   @   base address
	.long	.Ltmp103-.Lfunc_begin4
	.long	.Ltmp105-.Lfunc_begin4
	.short	1                               @ Loc expr size
	.byte	81                              @ DW_OP_reg1
	.long	0
	.long	0
.Ldebug_loc25:
	.long	-1
	.long	.Lfunc_begin4                   @   base address
	.long	.Ltmp106-.Lfunc_begin4
	.long	.Ltmp124-.Lfunc_begin4
	.short	1                               @ Loc expr size
	.byte	86                              @ DW_OP_reg6
	.long	0
	.long	0
.Ldebug_loc26:
	.long	-1
	.long	.Lfunc_begin4                   @   base address
	.long	.Ltmp109-.Lfunc_begin4
	.long	.Ltmp118-.Lfunc_begin4
	.short	1                               @ Loc expr size
	.byte	87                              @ DW_OP_reg7
	.long	.Ltmp121-.Lfunc_begin4
	.long	.Ltmp122-.Lfunc_begin4
	.short	1                               @ Loc expr size
	.byte	87                              @ DW_OP_reg7
	.long	0
	.long	0
.Ldebug_loc27:
	.long	-1
	.long	.Lfunc_begin5                   @   base address
	.long	.Lfunc_begin5-.Lfunc_begin5
	.long	.Ltmp126-.Lfunc_begin5
	.short	1                               @ Loc expr size
	.byte	80                              @ DW_OP_reg0
	.long	.Ltmp126-.Lfunc_begin5
	.long	.Lfunc_end5-.Lfunc_begin5
	.short	4                               @ Loc expr size
	.byte	243                             @ DW_OP_GNU_entry_value
	.byte	1                               @ 1
	.byte	80                              @ DW_OP_reg0
	.byte	159                             @ DW_OP_stack_value
	.long	0
	.long	0
.Ldebug_loc28:
	.long	-1
	.long	.Lfunc_begin5                   @   base address
	.long	.Lfunc_begin5-.Lfunc_begin5
	.long	.Ltmp126-.Lfunc_begin5
	.short	1                               @ Loc expr size
	.byte	81                              @ DW_OP_reg1
	.long	.Ltmp126-.Lfunc_begin5
	.long	.Lfunc_end5-.Lfunc_begin5
	.short	4                               @ Loc expr size
	.byte	243                             @ DW_OP_GNU_entry_value
	.byte	1                               @ 1
	.byte	81                              @ DW_OP_reg1
	.byte	159                             @ DW_OP_stack_value
	.long	0
	.long	0
.Ldebug_loc29:
	.long	-1
	.long	.Lfunc_begin5                   @   base address
	.long	.Lfunc_begin5-.Lfunc_begin5
	.long	.Ltmp126-.Lfunc_begin5
	.short	1                               @ Loc expr size
	.byte	82                              @ DW_OP_reg2
	.long	.Ltmp126-.Lfunc_begin5
	.long	.Lfunc_end5-.Lfunc_begin5
	.short	4                               @ Loc expr size
	.byte	243                             @ DW_OP_GNU_entry_value
	.byte	1                               @ 1
	.byte	82                              @ DW_OP_reg2
	.byte	159                             @ DW_OP_stack_value
	.long	0
	.long	0
.Ldebug_loc30:
	.long	-1
	.long	.Lfunc_begin6                   @   base address
	.long	.Lfunc_begin6-.Lfunc_begin6
	.long	.Ltmp130-.Lfunc_begin6
	.short	1                               @ Loc expr size
	.byte	80                              @ DW_OP_reg0
	.long	.Ltmp130-.Lfunc_begin6
	.long	.Lfunc_end6-.Lfunc_begin6
	.short	4                               @ Loc expr size
	.byte	243                             @ DW_OP_GNU_entry_value
	.byte	1                               @ 1
	.byte	80                              @ DW_OP_reg0
	.byte	159                             @ DW_OP_stack_value
	.long	0
	.long	0
.Ldebug_loc31:
	.long	-1
	.long	.Lfunc_begin6                   @   base address
	.long	.Lfunc_begin6-.Lfunc_begin6
	.long	.Ltmp130-.Lfunc_begin6
	.short	1                               @ Loc expr size
	.byte	81                              @ DW_OP_reg1
	.long	.Ltmp130-.Lfunc_begin6
	.long	.Lfunc_end6-.Lfunc_begin6
	.short	4                               @ Loc expr size
	.byte	243                             @ DW_OP_GNU_entry_value
	.byte	1                               @ 1
	.byte	81                              @ DW_OP_reg1
	.byte	159                             @ DW_OP_stack_value
	.long	0
	.long	0
.Ldebug_loc32:
	.long	-1
	.long	.Lfunc_begin6                   @   base address
	.long	.Lfunc_begin6-.Lfunc_begin6
	.long	.Ltmp130-.Lfunc_begin6
	.short	1                               @ Loc expr size
	.byte	82                              @ DW_OP_reg2
	.long	.Ltmp130-.Lfunc_begin6
	.long	.Lfunc_end6-.Lfunc_begin6
	.short	4                               @ Loc expr size
	.byte	243                             @ DW_OP_GNU_entry_value
	.byte	1                               @ 1
	.byte	82                              @ DW_OP_reg2
	.byte	159                             @ DW_OP_stack_value
	.long	0
	.long	0
.Ldebug_loc33:
	.long	-1
	.long	.Lfunc_begin6                   @   base address
	.long	.Lfunc_begin6-.Lfunc_begin6
	.long	.Ltmp130-.Lfunc_begin6
	.short	1                               @ Loc expr size
	.byte	83                              @ DW_OP_reg3
	.long	.Ltmp130-.Lfunc_begin6
	.long	.Lfunc_end6-.Lfunc_begin6
	.short	4                               @ Loc expr size
	.byte	243                             @ DW_OP_GNU_entry_value
	.byte	1                               @ 1
	.byte	83                              @ DW_OP_reg3
	.byte	159                             @ DW_OP_stack_value
	.long	0
	.long	0
.Ldebug_loc34:
	.long	-1
	.long	.Lfunc_begin7                   @   base address
	.long	.Lfunc_begin7-.Lfunc_begin7
	.long	.Ltmp134-.Lfunc_begin7
	.short	1                               @ Loc expr size
	.byte	80                              @ DW_OP_reg0
	.long	.Ltmp134-.Lfunc_begin7
	.long	.Lfunc_end7-.Lfunc_begin7
	.short	4                               @ Loc expr size
	.byte	243                             @ DW_OP_GNU_entry_value
	.byte	1                               @ 1
	.byte	80                              @ DW_OP_reg0
	.byte	159                             @ DW_OP_stack_value
	.long	0
	.long	0
.Ldebug_loc35:
	.long	-1
	.long	.Lfunc_begin7                   @   base address
	.long	.Lfunc_begin7-.Lfunc_begin7
	.long	.Ltmp134-.Lfunc_begin7
	.short	1                               @ Loc expr size
	.byte	81                              @ DW_OP_reg1
	.long	.Ltmp134-.Lfunc_begin7
	.long	.Lfunc_end7-.Lfunc_begin7
	.short	4                               @ Loc expr size
	.byte	243                             @ DW_OP_GNU_entry_value
	.byte	1                               @ 1
	.byte	81                              @ DW_OP_reg1
	.byte	159                             @ DW_OP_stack_value
	.long	0
	.long	0
.Ldebug_loc36:
	.long	-1
	.long	.Lfunc_begin7                   @   base address
	.long	.Lfunc_begin7-.Lfunc_begin7
	.long	.Ltmp134-.Lfunc_begin7
	.short	1                               @ Loc expr size
	.byte	82                              @ DW_OP_reg2
	.long	.Ltmp134-.Lfunc_begin7
	.long	.Lfunc_end7-.Lfunc_begin7
	.short	4                               @ Loc expr size
	.byte	243                             @ DW_OP_GNU_entry_value
	.byte	1                               @ 1
	.byte	82                              @ DW_OP_reg2
	.byte	159                             @ DW_OP_stack_value
	.long	0
	.long	0
.Ldebug_loc37:
	.long	-1
	.long	.Lfunc_begin7                   @   base address
	.long	.Lfunc_begin7-.Lfunc_begin7
	.long	.Ltmp134-.Lfunc_begin7
	.short	1                               @ Loc expr size
	.byte	83                              @ DW_OP_reg3
	.long	.Ltmp134-.Lfunc_begin7
	.long	.Lfunc_end7-.Lfunc_begin7
	.short	4                               @ Loc expr size
	.byte	243                             @ DW_OP_GNU_entry_value
	.byte	1                               @ 1
	.byte	83                              @ DW_OP_reg3
	.byte	159                             @ DW_OP_stack_value
	.long	0
	.long	0
.Ldebug_loc38:
	.long	-1
	.long	.Lfunc_begin8                   @   base address
	.long	.Lfunc_begin8-.Lfunc_begin8
	.long	.Ltmp137-.Lfunc_begin8
	.short	1                               @ Loc expr size
	.byte	80                              @ DW_OP_reg0
	.long	.Ltmp137-.Lfunc_begin8
	.long	.Ltmp140-.Lfunc_begin8
	.short	1                               @ Loc expr size
	.byte	84                              @ DW_OP_reg4
	.long	.Ltmp140-.Lfunc_begin8
	.long	.Ltmp141-.Lfunc_begin8
	.short	1                               @ Loc expr size
	.byte	80                              @ DW_OP_reg0
	.long	0
	.long	0
.Ldebug_loc39:
	.long	-1
	.long	.Lfunc_begin9                   @   base address
	.long	.Lfunc_begin9-.Lfunc_begin9
	.long	.Ltmp143-.Lfunc_begin9
	.short	1                               @ Loc expr size
	.byte	80                              @ DW_OP_reg0
	.long	.Ltmp143-.Lfunc_begin9
	.long	.Ltmp148-.Lfunc_begin9
	.short	1                               @ Loc expr size
	.byte	84                              @ DW_OP_reg4
	.long	0
	.long	0
.Ldebug_loc40:
	.long	-1
	.long	.Lfunc_begin9                   @   base address
	.long	.Ltmp143-.Lfunc_begin9
	.long	.Ltmp146-.Lfunc_begin9
	.short	2                               @ Loc expr size
	.byte	125                             @ DW_OP_breg13
	.byte	4                               @ 4
	.long	.Ltmp146-.Lfunc_begin9
	.long	.Ltmp147-.Lfunc_begin9
	.short	1                               @ Loc expr size
	.byte	80                              @ DW_OP_reg0
	.long	0
	.long	0
.Ldebug_loc41:
	.long	-1
	.long	.Lfunc_begin10                  @   base address
	.long	.Lfunc_begin10-.Lfunc_begin10
	.long	.Ltmp150-.Lfunc_begin10
	.short	1                               @ Loc expr size
	.byte	80                              @ DW_OP_reg0
	.long	.Ltmp150-.Lfunc_begin10
	.long	.Lfunc_end10-.Lfunc_begin10
	.short	4                               @ Loc expr size
	.byte	243                             @ DW_OP_GNU_entry_value
	.byte	1                               @ 1
	.byte	80                              @ DW_OP_reg0
	.byte	159                             @ DW_OP_stack_value
	.long	0
	.long	0
.Ldebug_loc42:
	.long	-1
	.long	.Lfunc_begin10                  @   base address
	.long	.Lfunc_begin10-.Lfunc_begin10
	.long	.Ltmp150-.Lfunc_begin10
	.short	1                               @ Loc expr size
	.byte	81                              @ DW_OP_reg1
	.long	.Ltmp150-.Lfunc_begin10
	.long	.Lfunc_end10-.Lfunc_begin10
	.short	4                               @ Loc expr size
	.byte	243                             @ DW_OP_GNU_entry_value
	.byte	1                               @ 1
	.byte	81                              @ DW_OP_reg1
	.byte	159                             @ DW_OP_stack_value
	.long	0
	.long	0
.Ldebug_loc43:
	.long	-1
	.long	.Lfunc_begin11                  @   base address
	.long	.Lfunc_begin11-.Lfunc_begin11
	.long	.Ltmp153-.Lfunc_begin11
	.short	6                               @ Loc expr size
	.byte	112                             @ DW_OP_breg0
	.byte	0                               @ 0
	.byte	16                              @ DW_OP_constu
	.byte	1                               @ 1
	.byte	26                              @ DW_OP_and
	.byte	159                             @ DW_OP_stack_value
	.long	0
	.long	0
.Ldebug_loc44:
	.long	-1
	.long	.Lfunc_begin11                  @   base address
	.long	.Lfunc_begin11-.Lfunc_begin11
	.long	.Ltmp153-.Lfunc_begin11
	.short	1                               @ Loc expr size
	.byte	81                              @ DW_OP_reg1
	.long	.Ltmp153-.Lfunc_begin11
	.long	.Lfunc_end11-.Lfunc_begin11
	.short	4                               @ Loc expr size
	.byte	243                             @ DW_OP_GNU_entry_value
	.byte	1                               @ 1
	.byte	81                              @ DW_OP_reg1
	.byte	159                             @ DW_OP_stack_value
	.long	0
	.long	0
.Ldebug_loc45:
	.long	-1
	.long	.Lfunc_begin11                  @   base address
	.long	.Lfunc_begin11-.Lfunc_begin11
	.long	.Ltmp153-.Lfunc_begin11
	.short	1                               @ Loc expr size
	.byte	82                              @ DW_OP_reg2
	.long	.Ltmp153-.Lfunc_begin11
	.long	.Lfunc_end11-.Lfunc_begin11
	.short	4                               @ Loc expr size
	.byte	243                             @ DW_OP_GNU_entry_value
	.byte	1                               @ 1
	.byte	82                              @ DW_OP_reg2
	.byte	159                             @ DW_OP_stack_value
	.long	0
	.long	0
	.section	.debug_abbrev,"",%progbits
	.byte	1                               @ Abbreviation Code
	.byte	17                              @ DW_TAG_compile_unit
	.byte	1                               @ DW_CHILDREN_yes
	.byte	37                              @ DW_AT_producer
	.byte	14                              @ DW_FORM_strp
	.byte	19                              @ DW_AT_language
	.byte	5                               @ DW_FORM_data2
	.byte	3                               @ DW_AT_name
	.byte	14                              @ DW_FORM_strp
	.byte	16                              @ DW_AT_stmt_list
	.byte	23                              @ DW_FORM_sec_offset
	.byte	27                              @ DW_AT_comp_dir
	.byte	14                              @ DW_FORM_strp
	.byte	17                              @ DW_AT_low_pc
	.byte	1                               @ DW_FORM_addr
	.byte	85                              @ DW_AT_ranges
	.byte	23                              @ DW_FORM_sec_offset
	.byte	0                               @ EOM(1)
	.byte	0                               @ EOM(2)
	.byte	2                               @ Abbreviation Code
	.byte	52                              @ DW_TAG_variable
	.byte	0                               @ DW_CHILDREN_no
	.byte	3                               @ DW_AT_name
	.byte	14                              @ DW_FORM_strp
	.byte	73                              @ DW_AT_type
	.byte	19                              @ DW_FORM_ref4
	.byte	58                              @ DW_AT_decl_file
	.byte	11                              @ DW_FORM_data1
	.byte	59                              @ DW_AT_decl_line
	.byte	11                              @ DW_FORM_data1
	.byte	2                               @ DW_AT_location
	.byte	24                              @ DW_FORM_exprloc
	.byte	0                               @ EOM(1)
	.byte	0                               @ EOM(2)
	.byte	3                               @ Abbreviation Code
	.byte	22                              @ DW_TAG_typedef
	.byte	0                               @ DW_CHILDREN_no
	.byte	73                              @ DW_AT_type
	.byte	19                              @ DW_FORM_ref4
	.byte	3                               @ DW_AT_name
	.byte	14                              @ DW_FORM_strp
	.byte	58                              @ DW_AT_decl_file
	.byte	11                              @ DW_FORM_data1
	.byte	59                              @ DW_AT_decl_line
	.byte	11                              @ DW_FORM_data1
	.byte	0                               @ EOM(1)
	.byte	0                               @ EOM(2)
	.byte	4                               @ Abbreviation Code
	.byte	36                              @ DW_TAG_base_type
	.byte	0                               @ DW_CHILDREN_no
	.byte	3                               @ DW_AT_name
	.byte	14                              @ DW_FORM_strp
	.byte	62                              @ DW_AT_encoding
	.byte	11                              @ DW_FORM_data1
	.byte	11                              @ DW_AT_byte_size
	.byte	11                              @ DW_FORM_data1
	.byte	0                               @ EOM(1)
	.byte	0                               @ EOM(2)
	.byte	5                               @ Abbreviation Code
	.byte	4                               @ DW_TAG_enumeration_type
	.byte	1                               @ DW_CHILDREN_yes
	.byte	73                              @ DW_AT_type
	.byte	19                              @ DW_FORM_ref4
	.byte	11                              @ DW_AT_byte_size
	.byte	11                              @ DW_FORM_data1
	.byte	58                              @ DW_AT_decl_file
	.byte	11                              @ DW_FORM_data1
	.byte	59                              @ DW_AT_decl_line
	.byte	11                              @ DW_FORM_data1
	.byte	0                               @ EOM(1)
	.byte	0                               @ EOM(2)
	.byte	6                               @ Abbreviation Code
	.byte	40                              @ DW_TAG_enumerator
	.byte	0                               @ DW_CHILDREN_no
	.byte	3                               @ DW_AT_name
	.byte	14                              @ DW_FORM_strp
	.byte	28                              @ DW_AT_const_value
	.byte	15                              @ DW_FORM_udata
	.byte	0                               @ EOM(1)
	.byte	0                               @ EOM(2)
	.byte	7                               @ Abbreviation Code
	.byte	15                              @ DW_TAG_pointer_type
	.byte	0                               @ DW_CHILDREN_no
	.byte	73                              @ DW_AT_type
	.byte	19                              @ DW_FORM_ref4
	.byte	0                               @ EOM(1)
	.byte	0                               @ EOM(2)
	.byte	8                               @ Abbreviation Code
	.byte	46                              @ DW_TAG_subprogram
	.byte	1                               @ DW_CHILDREN_yes
	.byte	17                              @ DW_AT_low_pc
	.byte	1                               @ DW_FORM_addr
	.byte	18                              @ DW_AT_high_pc
	.byte	6                               @ DW_FORM_data4
	.byte	64                              @ DW_AT_frame_base
	.byte	24                              @ DW_FORM_exprloc
	.ascii	"\227B"                         @ DW_AT_GNU_all_call_sites
	.byte	25                              @ DW_FORM_flag_present
	.byte	3                               @ DW_AT_name
	.byte	14                              @ DW_FORM_strp
	.byte	58                              @ DW_AT_decl_file
	.byte	11                              @ DW_FORM_data1
	.byte	59                              @ DW_AT_decl_line
	.byte	11                              @ DW_FORM_data1
	.byte	39                              @ DW_AT_prototyped
	.byte	25                              @ DW_FORM_flag_present
	.byte	63                              @ DW_AT_external
	.byte	25                              @ DW_FORM_flag_present
	.byte	0                               @ EOM(1)
	.byte	0                               @ EOM(2)
	.byte	9                               @ Abbreviation Code
	.byte	5                               @ DW_TAG_formal_parameter
	.byte	0                               @ DW_CHILDREN_no
	.byte	2                               @ DW_AT_location
	.byte	23                              @ DW_FORM_sec_offset
	.byte	3                               @ DW_AT_name
	.byte	14                              @ DW_FORM_strp
	.byte	58                              @ DW_AT_decl_file
	.byte	11                              @ DW_FORM_data1
	.byte	59                              @ DW_AT_decl_line
	.byte	11                              @ DW_FORM_data1
	.byte	73                              @ DW_AT_type
	.byte	19                              @ DW_FORM_ref4
	.byte	0                               @ EOM(1)
	.byte	0                               @ EOM(2)
	.byte	10                              @ Abbreviation Code
	.byte	46                              @ DW_TAG_subprogram
	.byte	1                               @ DW_CHILDREN_yes
	.byte	3                               @ DW_AT_name
	.byte	14                              @ DW_FORM_strp
	.byte	58                              @ DW_AT_decl_file
	.byte	11                              @ DW_FORM_data1
	.byte	59                              @ DW_AT_decl_line
	.byte	11                              @ DW_FORM_data1
	.byte	39                              @ DW_AT_prototyped
	.byte	25                              @ DW_FORM_flag_present
	.byte	73                              @ DW_AT_type
	.byte	19                              @ DW_FORM_ref4
	.byte	32                              @ DW_AT_inline
	.byte	11                              @ DW_FORM_data1
	.byte	0                               @ EOM(1)
	.byte	0                               @ EOM(2)
	.byte	11                              @ Abbreviation Code
	.byte	5                               @ DW_TAG_formal_parameter
	.byte	0                               @ DW_CHILDREN_no
	.byte	3                               @ DW_AT_name
	.byte	14                              @ DW_FORM_strp
	.byte	58                              @ DW_AT_decl_file
	.byte	11                              @ DW_FORM_data1
	.byte	59                              @ DW_AT_decl_line
	.byte	11                              @ DW_FORM_data1
	.byte	73                              @ DW_AT_type
	.byte	19                              @ DW_FORM_ref4
	.byte	0                               @ EOM(1)
	.byte	0                               @ EOM(2)
	.byte	12                              @ Abbreviation Code
	.byte	46                              @ DW_TAG_subprogram
	.byte	1                               @ DW_CHILDREN_yes
	.byte	17                              @ DW_AT_low_pc
	.byte	1                               @ DW_FORM_addr
	.byte	18                              @ DW_AT_high_pc
	.byte	6                               @ DW_FORM_data4
	.byte	64                              @ DW_AT_frame_base
	.byte	24                              @ DW_FORM_exprloc
	.ascii	"\227B"                         @ DW_AT_GNU_all_call_sites
	.byte	25                              @ DW_FORM_flag_present
	.byte	3                               @ DW_AT_name
	.byte	14                              @ DW_FORM_strp
	.byte	58                              @ DW_AT_decl_file
	.byte	11                              @ DW_FORM_data1
	.byte	59                              @ DW_AT_decl_line
	.byte	11                              @ DW_FORM_data1
	.byte	39                              @ DW_AT_prototyped
	.byte	25                              @ DW_FORM_flag_present
	.byte	73                              @ DW_AT_type
	.byte	19                              @ DW_FORM_ref4
	.byte	63                              @ DW_AT_external
	.byte	25                              @ DW_FORM_flag_present
	.byte	0                               @ EOM(1)
	.byte	0                               @ EOM(2)
	.byte	13                              @ Abbreviation Code
	.byte	52                              @ DW_TAG_variable
	.byte	0                               @ DW_CHILDREN_no
	.byte	2                               @ DW_AT_location
	.byte	24                              @ DW_FORM_exprloc
	.byte	3                               @ DW_AT_name
	.byte	14                              @ DW_FORM_strp
	.ascii	"\210\001"                      @ DW_AT_alignment
	.byte	15                              @ DW_FORM_udata
	.byte	58                              @ DW_AT_decl_file
	.byte	11                              @ DW_FORM_data1
	.byte	59                              @ DW_AT_decl_line
	.byte	11                              @ DW_FORM_data1
	.byte	73                              @ DW_AT_type
	.byte	19                              @ DW_FORM_ref4
	.byte	0                               @ EOM(1)
	.byte	0                               @ EOM(2)
	.byte	14                              @ Abbreviation Code
	.byte	52                              @ DW_TAG_variable
	.byte	0                               @ DW_CHILDREN_no
	.byte	2                               @ DW_AT_location
	.byte	23                              @ DW_FORM_sec_offset
	.byte	3                               @ DW_AT_name
	.byte	14                              @ DW_FORM_strp
	.byte	58                              @ DW_AT_decl_file
	.byte	11                              @ DW_FORM_data1
	.byte	59                              @ DW_AT_decl_line
	.byte	11                              @ DW_FORM_data1
	.byte	73                              @ DW_AT_type
	.byte	19                              @ DW_FORM_ref4
	.byte	0                               @ EOM(1)
	.byte	0                               @ EOM(2)
	.byte	15                              @ Abbreviation Code
	.byte	29                              @ DW_TAG_inlined_subroutine
	.byte	1                               @ DW_CHILDREN_yes
	.byte	49                              @ DW_AT_abstract_origin
	.byte	19                              @ DW_FORM_ref4
	.byte	17                              @ DW_AT_low_pc
	.byte	1                               @ DW_FORM_addr
	.byte	18                              @ DW_AT_high_pc
	.byte	6                               @ DW_FORM_data4
	.byte	88                              @ DW_AT_call_file
	.byte	11                              @ DW_FORM_data1
	.byte	89                              @ DW_AT_call_line
	.byte	11                              @ DW_FORM_data1
	.byte	87                              @ DW_AT_call_column
	.byte	11                              @ DW_FORM_data1
	.byte	0                               @ EOM(1)
	.byte	0                               @ EOM(2)
	.byte	16                              @ Abbreviation Code
	.byte	5                               @ DW_TAG_formal_parameter
	.byte	0                               @ DW_CHILDREN_no
	.byte	2                               @ DW_AT_location
	.byte	23                              @ DW_FORM_sec_offset
	.byte	49                              @ DW_AT_abstract_origin
	.byte	19                              @ DW_FORM_ref4
	.byte	0                               @ EOM(1)
	.byte	0                               @ EOM(2)
	.byte	17                              @ Abbreviation Code
	.byte	11                              @ DW_TAG_lexical_block
	.byte	1                               @ DW_CHILDREN_yes
	.byte	17                              @ DW_AT_low_pc
	.byte	1                               @ DW_FORM_addr
	.byte	18                              @ DW_AT_high_pc
	.byte	6                               @ DW_FORM_data4
	.byte	0                               @ EOM(1)
	.byte	0                               @ EOM(2)
	.byte	18                              @ Abbreviation Code
	.byte	46                              @ DW_TAG_subprogram
	.byte	1                               @ DW_CHILDREN_yes
	.byte	17                              @ DW_AT_low_pc
	.byte	1                               @ DW_FORM_addr
	.byte	18                              @ DW_AT_high_pc
	.byte	6                               @ DW_FORM_data4
	.byte	64                              @ DW_AT_frame_base
	.byte	24                              @ DW_FORM_exprloc
	.ascii	"\227B"                         @ DW_AT_GNU_all_call_sites
	.byte	25                              @ DW_FORM_flag_present
	.byte	3                               @ DW_AT_name
	.byte	14                              @ DW_FORM_strp
	.byte	58                              @ DW_AT_decl_file
	.byte	11                              @ DW_FORM_data1
	.byte	59                              @ DW_AT_decl_line
	.byte	5                               @ DW_FORM_data2
	.byte	39                              @ DW_AT_prototyped
	.byte	25                              @ DW_FORM_flag_present
	.byte	73                              @ DW_AT_type
	.byte	19                              @ DW_FORM_ref4
	.byte	63                              @ DW_AT_external
	.byte	25                              @ DW_FORM_flag_present
	.byte	0                               @ EOM(1)
	.byte	0                               @ EOM(2)
	.byte	19                              @ Abbreviation Code
	.byte	5                               @ DW_TAG_formal_parameter
	.byte	0                               @ DW_CHILDREN_no
	.byte	2                               @ DW_AT_location
	.byte	23                              @ DW_FORM_sec_offset
	.byte	3                               @ DW_AT_name
	.byte	14                              @ DW_FORM_strp
	.byte	58                              @ DW_AT_decl_file
	.byte	11                              @ DW_FORM_data1
	.byte	59                              @ DW_AT_decl_line
	.byte	5                               @ DW_FORM_data2
	.byte	73                              @ DW_AT_type
	.byte	19                              @ DW_FORM_ref4
	.byte	0                               @ EOM(1)
	.byte	0                               @ EOM(2)
	.byte	20                              @ Abbreviation Code
	.byte	46                              @ DW_TAG_subprogram
	.byte	1                               @ DW_CHILDREN_yes
	.byte	17                              @ DW_AT_low_pc
	.byte	1                               @ DW_FORM_addr
	.byte	18                              @ DW_AT_high_pc
	.byte	6                               @ DW_FORM_data4
	.byte	64                              @ DW_AT_frame_base
	.byte	24                              @ DW_FORM_exprloc
	.ascii	"\227B"                         @ DW_AT_GNU_all_call_sites
	.byte	25                              @ DW_FORM_flag_present
	.byte	3                               @ DW_AT_name
	.byte	14                              @ DW_FORM_strp
	.byte	58                              @ DW_AT_decl_file
	.byte	11                              @ DW_FORM_data1
	.byte	59                              @ DW_AT_decl_line
	.byte	5                               @ DW_FORM_data2
	.byte	39                              @ DW_AT_prototyped
	.byte	25                              @ DW_FORM_flag_present
	.byte	63                              @ DW_AT_external
	.byte	25                              @ DW_FORM_flag_present
	.byte	0                               @ EOM(1)
	.byte	0                               @ EOM(2)
	.byte	21                              @ Abbreviation Code
	.byte	52                              @ DW_TAG_variable
	.byte	0                               @ DW_CHILDREN_no
	.byte	2                               @ DW_AT_location
	.byte	24                              @ DW_FORM_exprloc
	.byte	3                               @ DW_AT_name
	.byte	14                              @ DW_FORM_strp
	.byte	58                              @ DW_AT_decl_file
	.byte	11                              @ DW_FORM_data1
	.byte	59                              @ DW_AT_decl_line
	.byte	5                               @ DW_FORM_data2
	.byte	73                              @ DW_AT_type
	.byte	19                              @ DW_FORM_ref4
	.byte	0                               @ EOM(1)
	.byte	0                               @ EOM(2)
	.byte	22                              @ Abbreviation Code
	.byte	52                              @ DW_TAG_variable
	.byte	0                               @ DW_CHILDREN_no
	.byte	2                               @ DW_AT_location
	.byte	23                              @ DW_FORM_sec_offset
	.byte	3                               @ DW_AT_name
	.byte	14                              @ DW_FORM_strp
	.byte	58                              @ DW_AT_decl_file
	.byte	11                              @ DW_FORM_data1
	.byte	59                              @ DW_AT_decl_line
	.byte	5                               @ DW_FORM_data2
	.byte	73                              @ DW_AT_type
	.byte	19                              @ DW_FORM_ref4
	.byte	0                               @ EOM(1)
	.byte	0                               @ EOM(2)
	.byte	23                              @ Abbreviation Code
	.byte	1                               @ DW_TAG_array_type
	.byte	1                               @ DW_CHILDREN_yes
	.byte	73                              @ DW_AT_type
	.byte	19                              @ DW_FORM_ref4
	.byte	0                               @ EOM(1)
	.byte	0                               @ EOM(2)
	.byte	24                              @ Abbreviation Code
	.byte	33                              @ DW_TAG_subrange_type
	.byte	0                               @ DW_CHILDREN_no
	.byte	73                              @ DW_AT_type
	.byte	19                              @ DW_FORM_ref4
	.byte	55                              @ DW_AT_count
	.byte	5                               @ DW_FORM_data2
	.byte	0                               @ EOM(1)
	.byte	0                               @ EOM(2)
	.byte	25                              @ Abbreviation Code
	.byte	36                              @ DW_TAG_base_type
	.byte	0                               @ DW_CHILDREN_no
	.byte	3                               @ DW_AT_name
	.byte	14                              @ DW_FORM_strp
	.byte	11                              @ DW_AT_byte_size
	.byte	11                              @ DW_FORM_data1
	.byte	62                              @ DW_AT_encoding
	.byte	11                              @ DW_FORM_data1
	.byte	0                               @ EOM(1)
	.byte	0                               @ EOM(2)
	.byte	26                              @ Abbreviation Code
	.byte	33                              @ DW_TAG_subrange_type
	.byte	0                               @ DW_CHILDREN_no
	.byte	73                              @ DW_AT_type
	.byte	19                              @ DW_FORM_ref4
	.byte	55                              @ DW_AT_count
	.byte	11                              @ DW_FORM_data1
	.byte	0                               @ EOM(1)
	.byte	0                               @ EOM(2)
	.byte	0                               @ EOM(3)
	.section	.debug_info,"",%progbits
.Lcu_begin0:
	.long	.Ldebug_info_end0-.Ldebug_info_start0 @ Length of Unit
.Ldebug_info_start0:
	.short	4                               @ DWARF version number
	.long	.debug_abbrev                   @ Offset Into Abbrev. Section
	.byte	4                               @ Address Size (in bytes)
	.byte	1                               @ Abbrev [1] 0xb:0x50f DW_TAG_compile_unit
	.long	.Linfo_string0                  @ DW_AT_producer
	.short	12                              @ DW_AT_language
	.long	.Linfo_string1                  @ DW_AT_name
	.long	.Lline_table_start0             @ DW_AT_stmt_list
	.long	.Linfo_string2                  @ DW_AT_comp_dir
	.long	0                               @ DW_AT_low_pc
	.long	.Ldebug_ranges0                 @ DW_AT_ranges
	.byte	2                               @ Abbrev [2] 0x26:0x11 DW_TAG_variable
	.long	.Linfo_string3                  @ DW_AT_name
	.long	55                              @ DW_AT_type
	.byte	2                               @ DW_AT_decl_file
	.byte	25                              @ DW_AT_decl_line
	.byte	5                               @ DW_AT_location
	.byte	3
	.long	store_total_size
	.byte	3                               @ Abbrev [3] 0x37:0xb DW_TAG_typedef
	.long	66                              @ DW_AT_type
	.long	.Linfo_string5                  @ DW_AT_name
	.byte	1                               @ DW_AT_decl_file
	.byte	64                              @ DW_AT_decl_line
	.byte	4                               @ Abbrev [4] 0x42:0x7 DW_TAG_base_type
	.long	.Linfo_string4                  @ DW_AT_name
	.byte	7                               @ DW_AT_encoding
	.byte	4                               @ DW_AT_byte_size
	.byte	5                               @ Abbrev [5] 0x49:0x1b DW_TAG_enumeration_type
	.long	100                             @ DW_AT_type
	.byte	1                               @ DW_AT_byte_size
	.byte	3                               @ DW_AT_decl_file
	.byte	68                              @ DW_AT_decl_line
	.byte	6                               @ Abbrev [6] 0x51:0x6 DW_TAG_enumerator
	.long	.Linfo_string7                  @ DW_AT_name
	.byte	0                               @ DW_AT_const_value
	.byte	6                               @ Abbrev [6] 0x57:0x6 DW_TAG_enumerator
	.long	.Linfo_string8                  @ DW_AT_name
	.byte	1                               @ DW_AT_const_value
	.byte	6                               @ Abbrev [6] 0x5d:0x6 DW_TAG_enumerator
	.long	.Linfo_string9                  @ DW_AT_name
	.byte	2                               @ DW_AT_const_value
	.byte	0                               @ End Of Children Mark
	.byte	4                               @ Abbrev [4] 0x64:0x7 DW_TAG_base_type
	.long	.Linfo_string6                  @ DW_AT_name
	.byte	8                               @ DW_AT_encoding
	.byte	1                               @ DW_AT_byte_size
	.byte	7                               @ Abbrev [7] 0x6b:0x5 DW_TAG_pointer_type
	.long	112                             @ DW_AT_type
	.byte	3                               @ Abbrev [3] 0x70:0xb DW_TAG_typedef
	.long	100                             @ DW_AT_type
	.long	.Linfo_string10                 @ DW_AT_name
	.byte	1                               @ DW_AT_decl_file
	.byte	62                              @ DW_AT_decl_line
	.byte	8                               @ Abbrev [8] 0x7b:0x21 DW_TAG_subprogram
	.long	.Lfunc_begin0                   @ DW_AT_low_pc
	.long	.Lfunc_end0-.Lfunc_begin0       @ DW_AT_high_pc
	.byte	1                               @ DW_AT_frame_base
	.byte	93
                                        @ DW_AT_GNU_all_call_sites
	.long	.Linfo_string14                 @ DW_AT_name
	.byte	2                               @ DW_AT_decl_file
	.byte	58                              @ DW_AT_decl_line
                                        @ DW_AT_prototyped
                                        @ DW_AT_external
	.byte	9                               @ Abbrev [9] 0x8c:0xf DW_TAG_formal_parameter
	.long	.Ldebug_loc0                    @ DW_AT_location
	.long	.Linfo_string27                 @ DW_AT_name
	.byte	2                               @ DW_AT_decl_file
	.byte	58                              @ DW_AT_decl_line
	.long	55                              @ DW_AT_type
	.byte	0                               @ End Of Children Mark
	.byte	10                              @ Abbrev [10] 0x9c:0x18 DW_TAG_subprogram
	.long	.Linfo_string11                 @ DW_AT_name
	.byte	2                               @ DW_AT_decl_file
	.byte	35                              @ DW_AT_decl_line
                                        @ DW_AT_prototyped
	.long	180                             @ DW_AT_type
	.byte	1                               @ DW_AT_inline
	.byte	11                              @ Abbrev [11] 0xa8:0xb DW_TAG_formal_parameter
	.long	.Linfo_string13                 @ DW_AT_name
	.byte	2                               @ DW_AT_decl_file
	.byte	35                              @ DW_AT_decl_line
	.long	55                              @ DW_AT_type
	.byte	0                               @ End Of Children Mark
	.byte	3                               @ Abbrev [3] 0xb4:0xb DW_TAG_typedef
	.long	73                              @ DW_AT_type
	.long	.Linfo_string12                 @ DW_AT_name
	.byte	3                               @ DW_AT_decl_file
	.byte	73                              @ DW_AT_decl_line
	.byte	12                              @ Abbrev [12] 0xbf:0x99 DW_TAG_subprogram
	.long	.Lfunc_begin1                   @ DW_AT_low_pc
	.long	.Lfunc_end1-.Lfunc_begin1       @ DW_AT_high_pc
	.byte	1                               @ DW_AT_frame_base
	.byte	93
                                        @ DW_AT_GNU_all_call_sites
	.long	.Linfo_string15                 @ DW_AT_name
	.byte	2                               @ DW_AT_decl_file
	.byte	73                              @ DW_AT_decl_line
                                        @ DW_AT_prototyped
	.long	1238                            @ DW_AT_type
                                        @ DW_AT_external
	.byte	9                               @ Abbrev [9] 0xd4:0xf DW_TAG_formal_parameter
	.long	.Ldebug_loc1                    @ DW_AT_location
	.long	.Linfo_string13                 @ DW_AT_name
	.byte	2                               @ DW_AT_decl_file
	.byte	73                              @ DW_AT_decl_line
	.long	55                              @ DW_AT_type
	.byte	9                               @ Abbrev [9] 0xe3:0xf DW_TAG_formal_parameter
	.long	.Ldebug_loc2                    @ DW_AT_location
	.long	.Linfo_string30                 @ DW_AT_name
	.byte	2                               @ DW_AT_decl_file
	.byte	73                              @ DW_AT_decl_line
	.long	107                             @ DW_AT_type
	.byte	9                               @ Abbrev [9] 0xf2:0xf DW_TAG_formal_parameter
	.long	.Ldebug_loc3                    @ DW_AT_location
	.long	.Linfo_string27                 @ DW_AT_name
	.byte	2                               @ DW_AT_decl_file
	.byte	73                              @ DW_AT_decl_line
	.long	55                              @ DW_AT_type
	.byte	13                              @ Abbrev [13] 0x101:0xf DW_TAG_variable
	.byte	2                               @ DW_AT_location
	.byte	145
	.byte	20
	.long	.Linfo_string28                 @ DW_AT_name
	.byte	4                               @ DW_AT_alignment
	.byte	2                               @ DW_AT_decl_file
	.byte	75                              @ DW_AT_decl_line
	.long	1245                            @ DW_AT_type
	.byte	14                              @ Abbrev [14] 0x110:0xf DW_TAG_variable
	.long	.Ldebug_loc5                    @ DW_AT_location
	.long	.Linfo_string31                 @ DW_AT_name
	.byte	2                               @ DW_AT_decl_file
	.byte	79                              @ DW_AT_decl_line
	.long	180                             @ DW_AT_type
	.byte	14                              @ Abbrev [14] 0x11f:0xf DW_TAG_variable
	.long	.Ldebug_loc6                    @ DW_AT_location
	.long	.Linfo_string32                 @ DW_AT_name
	.byte	2                               @ DW_AT_decl_file
	.byte	76                              @ DW_AT_decl_line
	.long	55                              @ DW_AT_type
	.byte	14                              @ Abbrev [14] 0x12e:0xf DW_TAG_variable
	.long	.Ldebug_loc7                    @ DW_AT_location
	.long	.Linfo_string33                 @ DW_AT_name
	.byte	2                               @ DW_AT_decl_file
	.byte	77                              @ DW_AT_decl_line
	.long	55                              @ DW_AT_type
	.byte	15                              @ Abbrev [15] 0x13d:0x1a DW_TAG_inlined_subroutine
	.long	156                             @ DW_AT_abstract_origin
	.long	.Ltmp5                          @ DW_AT_low_pc
	.long	.Ltmp9-.Ltmp5                   @ DW_AT_high_pc
	.byte	2                               @ DW_AT_call_file
	.byte	79                              @ DW_AT_call_line
	.byte	25                              @ DW_AT_call_column
	.byte	16                              @ Abbrev [16] 0x14d:0x9 DW_TAG_formal_parameter
	.long	.Ldebug_loc4                    @ DW_AT_location
	.long	168                             @ DW_AT_abstract_origin
	.byte	0                               @ End Of Children Mark
	.byte	0                               @ End Of Children Mark
	.byte	12                              @ Abbrev [12] 0x158:0x99 DW_TAG_subprogram
	.long	.Lfunc_begin2                   @ DW_AT_low_pc
	.long	.Lfunc_end2-.Lfunc_begin2       @ DW_AT_high_pc
	.byte	1                               @ DW_AT_frame_base
	.byte	93
                                        @ DW_AT_GNU_all_call_sites
	.long	.Linfo_string17                 @ DW_AT_name
	.byte	2                               @ DW_AT_decl_file
	.byte	113                             @ DW_AT_decl_line
                                        @ DW_AT_prototyped
	.long	1238                            @ DW_AT_type
                                        @ DW_AT_external
	.byte	9                               @ Abbrev [9] 0x16d:0xf DW_TAG_formal_parameter
	.long	.Ldebug_loc8                    @ DW_AT_location
	.long	.Linfo_string13                 @ DW_AT_name
	.byte	2                               @ DW_AT_decl_file
	.byte	113                             @ DW_AT_decl_line
	.long	55                              @ DW_AT_type
	.byte	9                               @ Abbrev [9] 0x17c:0xf DW_TAG_formal_parameter
	.long	.Ldebug_loc9                    @ DW_AT_location
	.long	.Linfo_string30                 @ DW_AT_name
	.byte	2                               @ DW_AT_decl_file
	.byte	113                             @ DW_AT_decl_line
	.long	107                             @ DW_AT_type
	.byte	9                               @ Abbrev [9] 0x18b:0xf DW_TAG_formal_parameter
	.long	.Ldebug_loc10                   @ DW_AT_location
	.long	.Linfo_string27                 @ DW_AT_name
	.byte	2                               @ DW_AT_decl_file
	.byte	113                             @ DW_AT_decl_line
	.long	55                              @ DW_AT_type
	.byte	13                              @ Abbrev [13] 0x19a:0xf DW_TAG_variable
	.byte	2                               @ DW_AT_location
	.byte	145
	.byte	12
	.long	.Linfo_string28                 @ DW_AT_name
	.byte	4                               @ DW_AT_alignment
	.byte	2                               @ DW_AT_decl_file
	.byte	115                             @ DW_AT_decl_line
	.long	1245                            @ DW_AT_type
	.byte	14                              @ Abbrev [14] 0x1a9:0xf DW_TAG_variable
	.long	.Ldebug_loc12                   @ DW_AT_location
	.long	.Linfo_string31                 @ DW_AT_name
	.byte	2                               @ DW_AT_decl_file
	.byte	119                             @ DW_AT_decl_line
	.long	180                             @ DW_AT_type
	.byte	14                              @ Abbrev [14] 0x1b8:0xf DW_TAG_variable
	.long	.Ldebug_loc13                   @ DW_AT_location
	.long	.Linfo_string32                 @ DW_AT_name
	.byte	2                               @ DW_AT_decl_file
	.byte	116                             @ DW_AT_decl_line
	.long	55                              @ DW_AT_type
	.byte	14                              @ Abbrev [14] 0x1c7:0xf DW_TAG_variable
	.long	.Ldebug_loc14                   @ DW_AT_location
	.long	.Linfo_string33                 @ DW_AT_name
	.byte	2                               @ DW_AT_decl_file
	.byte	117                             @ DW_AT_decl_line
	.long	55                              @ DW_AT_type
	.byte	15                              @ Abbrev [15] 0x1d6:0x1a DW_TAG_inlined_subroutine
	.long	156                             @ DW_AT_abstract_origin
	.long	.Ltmp36                         @ DW_AT_low_pc
	.long	.Ltmp40-.Ltmp36                 @ DW_AT_high_pc
	.byte	2                               @ DW_AT_call_file
	.byte	119                             @ DW_AT_call_line
	.byte	25                              @ DW_AT_call_column
	.byte	16                              @ Abbrev [16] 0x1e6:0x9 DW_TAG_formal_parameter
	.long	.Ldebug_loc11                   @ DW_AT_location
	.long	168                             @ DW_AT_abstract_origin
	.byte	0                               @ End Of Children Mark
	.byte	0                               @ End Of Children Mark
	.byte	12                              @ Abbrev [12] 0x1f1:0x99 DW_TAG_subprogram
	.long	.Lfunc_begin3                   @ DW_AT_low_pc
	.long	.Lfunc_end3-.Lfunc_begin3       @ DW_AT_high_pc
	.byte	1                               @ DW_AT_frame_base
	.byte	93
                                        @ DW_AT_GNU_all_call_sites
	.long	.Linfo_string18                 @ DW_AT_name
	.byte	2                               @ DW_AT_decl_file
	.byte	152                             @ DW_AT_decl_line
                                        @ DW_AT_prototyped
	.long	1238                            @ DW_AT_type
                                        @ DW_AT_external
	.byte	9                               @ Abbrev [9] 0x206:0xf DW_TAG_formal_parameter
	.long	.Ldebug_loc15                   @ DW_AT_location
	.long	.Linfo_string13                 @ DW_AT_name
	.byte	2                               @ DW_AT_decl_file
	.byte	152                             @ DW_AT_decl_line
	.long	55                              @ DW_AT_type
	.byte	9                               @ Abbrev [9] 0x215:0xf DW_TAG_formal_parameter
	.long	.Ldebug_loc16                   @ DW_AT_location
	.long	.Linfo_string30                 @ DW_AT_name
	.byte	2                               @ DW_AT_decl_file
	.byte	152                             @ DW_AT_decl_line
	.long	107                             @ DW_AT_type
	.byte	9                               @ Abbrev [9] 0x224:0xf DW_TAG_formal_parameter
	.long	.Ldebug_loc17                   @ DW_AT_location
	.long	.Linfo_string27                 @ DW_AT_name
	.byte	2                               @ DW_AT_decl_file
	.byte	152                             @ DW_AT_decl_line
	.long	55                              @ DW_AT_type
	.byte	13                              @ Abbrev [13] 0x233:0xf DW_TAG_variable
	.byte	2                               @ DW_AT_location
	.byte	145
	.byte	28
	.long	.Linfo_string28                 @ DW_AT_name
	.byte	4                               @ DW_AT_alignment
	.byte	2                               @ DW_AT_decl_file
	.byte	154                             @ DW_AT_decl_line
	.long	1245                            @ DW_AT_type
	.byte	14                              @ Abbrev [14] 0x242:0xf DW_TAG_variable
	.long	.Ldebug_loc19                   @ DW_AT_location
	.long	.Linfo_string31                 @ DW_AT_name
	.byte	2                               @ DW_AT_decl_file
	.byte	158                             @ DW_AT_decl_line
	.long	180                             @ DW_AT_type
	.byte	14                              @ Abbrev [14] 0x251:0xf DW_TAG_variable
	.long	.Ldebug_loc20                   @ DW_AT_location
	.long	.Linfo_string32                 @ DW_AT_name
	.byte	2                               @ DW_AT_decl_file
	.byte	155                             @ DW_AT_decl_line
	.long	55                              @ DW_AT_type
	.byte	14                              @ Abbrev [14] 0x260:0xf DW_TAG_variable
	.long	.Ldebug_loc21                   @ DW_AT_location
	.long	.Linfo_string33                 @ DW_AT_name
	.byte	2                               @ DW_AT_decl_file
	.byte	156                             @ DW_AT_decl_line
	.long	55                              @ DW_AT_type
	.byte	15                              @ Abbrev [15] 0x26f:0x1a DW_TAG_inlined_subroutine
	.long	156                             @ DW_AT_abstract_origin
	.long	.Ltmp66                         @ DW_AT_low_pc
	.long	.Ltmp70-.Ltmp66                 @ DW_AT_high_pc
	.byte	2                               @ DW_AT_call_file
	.byte	158                             @ DW_AT_call_line
	.byte	25                              @ DW_AT_call_column
	.byte	16                              @ Abbrev [16] 0x27f:0x9 DW_TAG_formal_parameter
	.long	.Ldebug_loc18                   @ DW_AT_location
	.long	168                             @ DW_AT_abstract_origin
	.byte	0                               @ End Of Children Mark
	.byte	0                               @ End Of Children Mark
	.byte	12                              @ Abbrev [12] 0x28a:0x85 DW_TAG_subprogram
	.long	.Lfunc_begin4                   @ DW_AT_low_pc
	.long	.Lfunc_end4-.Lfunc_begin4       @ DW_AT_high_pc
	.byte	1                               @ DW_AT_frame_base
	.byte	93
                                        @ DW_AT_GNU_all_call_sites
	.long	.Linfo_string19                 @ DW_AT_name
	.byte	2                               @ DW_AT_decl_file
	.byte	196                             @ DW_AT_decl_line
                                        @ DW_AT_prototyped
	.long	1238                            @ DW_AT_type
                                        @ DW_AT_external
	.byte	9                               @ Abbrev [9] 0x29f:0xf DW_TAG_formal_parameter
	.long	.Ldebug_loc22                   @ DW_AT_location
	.long	.Linfo_string13                 @ DW_AT_name
	.byte	2                               @ DW_AT_decl_file
	.byte	196                             @ DW_AT_decl_line
	.long	55                              @ DW_AT_type
	.byte	9                               @ Abbrev [9] 0x2ae:0xf DW_TAG_formal_parameter
	.long	.Ldebug_loc23                   @ DW_AT_location
	.long	.Linfo_string27                 @ DW_AT_name
	.byte	2                               @ DW_AT_decl_file
	.byte	196                             @ DW_AT_decl_line
	.long	55                              @ DW_AT_type
	.byte	14                              @ Abbrev [14] 0x2bd:0xf DW_TAG_variable
	.long	.Ldebug_loc25                   @ DW_AT_location
	.long	.Linfo_string31                 @ DW_AT_name
	.byte	2                               @ DW_AT_decl_file
	.byte	200                             @ DW_AT_decl_line
	.long	180                             @ DW_AT_type
	.byte	14                              @ Abbrev [14] 0x2cc:0xf DW_TAG_variable
	.long	.Ldebug_loc26                   @ DW_AT_location
	.long	.Linfo_string32                 @ DW_AT_name
	.byte	2                               @ DW_AT_decl_file
	.byte	198                             @ DW_AT_decl_line
	.long	55                              @ DW_AT_type
	.byte	15                              @ Abbrev [15] 0x2db:0x1a DW_TAG_inlined_subroutine
	.long	156                             @ DW_AT_abstract_origin
	.long	.Ltmp101                        @ DW_AT_low_pc
	.long	.Ltmp105-.Ltmp101               @ DW_AT_high_pc
	.byte	2                               @ DW_AT_call_file
	.byte	200                             @ DW_AT_call_line
	.byte	25                              @ DW_AT_call_column
	.byte	16                              @ Abbrev [16] 0x2eb:0x9 DW_TAG_formal_parameter
	.long	.Ldebug_loc24                   @ DW_AT_location
	.long	168                             @ DW_AT_abstract_origin
	.byte	0                               @ End Of Children Mark
	.byte	17                              @ Abbrev [17] 0x2f5:0x19 DW_TAG_lexical_block
	.long	.Ltmp114                        @ DW_AT_low_pc
	.long	.Ltmp121-.Ltmp114               @ DW_AT_high_pc
	.byte	13                              @ Abbrev [13] 0x2fe:0xf DW_TAG_variable
	.byte	2                               @ DW_AT_location
	.byte	145
	.byte	4
	.long	.Linfo_string28                 @ DW_AT_name
	.byte	4                               @ DW_AT_alignment
	.byte	2                               @ DW_AT_decl_file
	.byte	214                             @ DW_AT_decl_line
	.long	1245                            @ DW_AT_type
	.byte	0                               @ End Of Children Mark
	.byte	0                               @ End Of Children Mark
	.byte	12                              @ Abbrev [12] 0x30f:0x43 DW_TAG_subprogram
	.long	.Lfunc_begin5                   @ DW_AT_low_pc
	.long	.Lfunc_end5-.Lfunc_begin5       @ DW_AT_high_pc
	.byte	1                               @ DW_AT_frame_base
	.byte	93
                                        @ DW_AT_GNU_all_call_sites
	.long	.Linfo_string20                 @ DW_AT_name
	.byte	2                               @ DW_AT_decl_file
	.byte	234                             @ DW_AT_decl_line
                                        @ DW_AT_prototyped
	.long	1238                            @ DW_AT_type
                                        @ DW_AT_external
	.byte	9                               @ Abbrev [9] 0x324:0xf DW_TAG_formal_parameter
	.long	.Ldebug_loc27                   @ DW_AT_location
	.long	.Linfo_string31                 @ DW_AT_name
	.byte	2                               @ DW_AT_decl_file
	.byte	234                             @ DW_AT_decl_line
	.long	180                             @ DW_AT_type
	.byte	9                               @ Abbrev [9] 0x333:0xf DW_TAG_formal_parameter
	.long	.Ldebug_loc28                   @ DW_AT_location
	.long	.Linfo_string13                 @ DW_AT_name
	.byte	2                               @ DW_AT_decl_file
	.byte	234                             @ DW_AT_decl_line
	.long	55                              @ DW_AT_type
	.byte	9                               @ Abbrev [9] 0x342:0xf DW_TAG_formal_parameter
	.long	.Ldebug_loc29                   @ DW_AT_location
	.long	.Linfo_string27                 @ DW_AT_name
	.byte	2                               @ DW_AT_decl_file
	.byte	234                             @ DW_AT_decl_line
	.long	55                              @ DW_AT_type
	.byte	0                               @ End Of Children Mark
	.byte	12                              @ Abbrev [12] 0x352:0x52 DW_TAG_subprogram
	.long	.Lfunc_begin6                   @ DW_AT_low_pc
	.long	.Lfunc_end6-.Lfunc_begin6       @ DW_AT_high_pc
	.byte	1                               @ DW_AT_frame_base
	.byte	93
                                        @ DW_AT_GNU_all_call_sites
	.long	.Linfo_string21                 @ DW_AT_name
	.byte	2                               @ DW_AT_decl_file
	.byte	254                             @ DW_AT_decl_line
                                        @ DW_AT_prototyped
	.long	1238                            @ DW_AT_type
                                        @ DW_AT_external
	.byte	9                               @ Abbrev [9] 0x367:0xf DW_TAG_formal_parameter
	.long	.Ldebug_loc30                   @ DW_AT_location
	.long	.Linfo_string31                 @ DW_AT_name
	.byte	2                               @ DW_AT_decl_file
	.byte	254                             @ DW_AT_decl_line
	.long	180                             @ DW_AT_type
	.byte	9                               @ Abbrev [9] 0x376:0xf DW_TAG_formal_parameter
	.long	.Ldebug_loc31                   @ DW_AT_location
	.long	.Linfo_string13                 @ DW_AT_name
	.byte	2                               @ DW_AT_decl_file
	.byte	254                             @ DW_AT_decl_line
	.long	55                              @ DW_AT_type
	.byte	9                               @ Abbrev [9] 0x385:0xf DW_TAG_formal_parameter
	.long	.Ldebug_loc32                   @ DW_AT_location
	.long	.Linfo_string34                 @ DW_AT_name
	.byte	2                               @ DW_AT_decl_file
	.byte	254                             @ DW_AT_decl_line
	.long	107                             @ DW_AT_type
	.byte	9                               @ Abbrev [9] 0x394:0xf DW_TAG_formal_parameter
	.long	.Ldebug_loc33                   @ DW_AT_location
	.long	.Linfo_string27                 @ DW_AT_name
	.byte	2                               @ DW_AT_decl_file
	.byte	254                             @ DW_AT_decl_line
	.long	55                              @ DW_AT_type
	.byte	0                               @ End Of Children Mark
	.byte	18                              @ Abbrev [18] 0x3a4:0x57 DW_TAG_subprogram
	.long	.Lfunc_begin7                   @ DW_AT_low_pc
	.long	.Lfunc_end7-.Lfunc_begin7       @ DW_AT_high_pc
	.byte	1                               @ DW_AT_frame_base
	.byte	93
                                        @ DW_AT_GNU_all_call_sites
	.long	.Linfo_string22                 @ DW_AT_name
	.byte	2                               @ DW_AT_decl_file
	.short	273                             @ DW_AT_decl_line
                                        @ DW_AT_prototyped
	.long	1238                            @ DW_AT_type
                                        @ DW_AT_external
	.byte	19                              @ Abbrev [19] 0x3ba:0x10 DW_TAG_formal_parameter
	.long	.Ldebug_loc34                   @ DW_AT_location
	.long	.Linfo_string31                 @ DW_AT_name
	.byte	2                               @ DW_AT_decl_file
	.short	273                             @ DW_AT_decl_line
	.long	180                             @ DW_AT_type
	.byte	19                              @ Abbrev [19] 0x3ca:0x10 DW_TAG_formal_parameter
	.long	.Ldebug_loc35                   @ DW_AT_location
	.long	.Linfo_string13                 @ DW_AT_name
	.byte	2                               @ DW_AT_decl_file
	.short	273                             @ DW_AT_decl_line
	.long	55                              @ DW_AT_type
	.byte	19                              @ Abbrev [19] 0x3da:0x10 DW_TAG_formal_parameter
	.long	.Ldebug_loc36                   @ DW_AT_location
	.long	.Linfo_string34                 @ DW_AT_name
	.byte	2                               @ DW_AT_decl_file
	.short	273                             @ DW_AT_decl_line
	.long	107                             @ DW_AT_type
	.byte	19                              @ Abbrev [19] 0x3ea:0x10 DW_TAG_formal_parameter
	.long	.Ldebug_loc37                   @ DW_AT_location
	.long	.Linfo_string27                 @ DW_AT_name
	.byte	2                               @ DW_AT_decl_file
	.short	273                             @ DW_AT_decl_line
	.long	55                              @ DW_AT_type
	.byte	0                               @ End Of Children Mark
	.byte	20                              @ Abbrev [20] 0x3fb:0x32 DW_TAG_subprogram
	.long	.Lfunc_begin8                   @ DW_AT_low_pc
	.long	.Lfunc_end8-.Lfunc_begin8       @ DW_AT_high_pc
	.byte	1                               @ DW_AT_frame_base
	.byte	93
                                        @ DW_AT_GNU_all_call_sites
	.long	.Linfo_string23                 @ DW_AT_name
	.byte	2                               @ DW_AT_decl_file
	.short	290                             @ DW_AT_decl_line
                                        @ DW_AT_prototyped
                                        @ DW_AT_external
	.byte	19                              @ Abbrev [19] 0x40d:0x10 DW_TAG_formal_parameter
	.long	.Ldebug_loc38                   @ DW_AT_location
	.long	.Linfo_string36                 @ DW_AT_name
	.byte	2                               @ DW_AT_decl_file
	.short	290                             @ DW_AT_decl_line
	.long	1277                            @ DW_AT_type
	.byte	21                              @ Abbrev [21] 0x41d:0xf DW_TAG_variable
	.byte	2                               @ DW_AT_location
	.byte	145
	.byte	4
	.long	.Linfo_string35                 @ DW_AT_name
	.byte	2                               @ DW_AT_decl_file
	.short	292                             @ DW_AT_decl_line
	.long	1265                            @ DW_AT_type
	.byte	0                               @ End Of Children Mark
	.byte	20                              @ Abbrev [20] 0x42d:0x33 DW_TAG_subprogram
	.long	.Lfunc_begin9                   @ DW_AT_low_pc
	.long	.Lfunc_end9-.Lfunc_begin9       @ DW_AT_high_pc
	.byte	1                               @ DW_AT_frame_base
	.byte	93
                                        @ DW_AT_GNU_all_call_sites
	.long	.Linfo_string24                 @ DW_AT_name
	.byte	2                               @ DW_AT_decl_file
	.short	321                             @ DW_AT_decl_line
                                        @ DW_AT_prototyped
                                        @ DW_AT_external
	.byte	19                              @ Abbrev [19] 0x43f:0x10 DW_TAG_formal_parameter
	.long	.Ldebug_loc39                   @ DW_AT_location
	.long	.Linfo_string37                 @ DW_AT_name
	.byte	2                               @ DW_AT_decl_file
	.short	321                             @ DW_AT_decl_line
	.long	1277                            @ DW_AT_type
	.byte	22                              @ Abbrev [22] 0x44f:0x10 DW_TAG_variable
	.long	.Ldebug_loc40                   @ DW_AT_location
	.long	.Linfo_string38                 @ DW_AT_name
	.byte	2                               @ DW_AT_decl_file
	.short	323                             @ DW_AT_decl_line
	.long	55                              @ DW_AT_type
	.byte	0                               @ End Of Children Mark
	.byte	20                              @ Abbrev [20] 0x460:0x33 DW_TAG_subprogram
	.long	.Lfunc_begin10                  @ DW_AT_low_pc
	.long	.Lfunc_end10-.Lfunc_begin10     @ DW_AT_high_pc
	.byte	1                               @ DW_AT_frame_base
	.byte	93
                                        @ DW_AT_GNU_all_call_sites
	.long	.Linfo_string25                 @ DW_AT_name
	.byte	2                               @ DW_AT_decl_file
	.short	337                             @ DW_AT_decl_line
                                        @ DW_AT_prototyped
                                        @ DW_AT_external
	.byte	19                              @ Abbrev [19] 0x472:0x10 DW_TAG_formal_parameter
	.long	.Ldebug_loc41                   @ DW_AT_location
	.long	.Linfo_string39                 @ DW_AT_name
	.byte	2                               @ DW_AT_decl_file
	.short	337                             @ DW_AT_decl_line
	.long	107                             @ DW_AT_type
	.byte	19                              @ Abbrev [19] 0x482:0x10 DW_TAG_formal_parameter
	.long	.Ldebug_loc42                   @ DW_AT_location
	.long	.Linfo_string40                 @ DW_AT_name
	.byte	2                               @ DW_AT_decl_file
	.short	337                             @ DW_AT_decl_line
	.long	1282                            @ DW_AT_type
	.byte	0                               @ End Of Children Mark
	.byte	20                              @ Abbrev [20] 0x493:0x43 DW_TAG_subprogram
	.long	.Lfunc_begin11                  @ DW_AT_low_pc
	.long	.Lfunc_end11-.Lfunc_begin11     @ DW_AT_high_pc
	.byte	1                               @ DW_AT_frame_base
	.byte	93
                                        @ DW_AT_GNU_all_call_sites
	.long	.Linfo_string26                 @ DW_AT_name
	.byte	2                               @ DW_AT_decl_file
	.short	351                             @ DW_AT_decl_line
                                        @ DW_AT_prototyped
                                        @ DW_AT_external
	.byte	19                              @ Abbrev [19] 0x4a5:0x10 DW_TAG_formal_parameter
	.long	.Ldebug_loc43                   @ DW_AT_location
	.long	.Linfo_string43                 @ DW_AT_name
	.byte	2                               @ DW_AT_decl_file
	.short	351                             @ DW_AT_decl_line
	.long	1238                            @ DW_AT_type
	.byte	19                              @ Abbrev [19] 0x4b5:0x10 DW_TAG_formal_parameter
	.long	.Ldebug_loc44                   @ DW_AT_location
	.long	.Linfo_string13                 @ DW_AT_name
	.byte	2                               @ DW_AT_decl_file
	.short	351                             @ DW_AT_decl_line
	.long	55                              @ DW_AT_type
	.byte	19                              @ Abbrev [19] 0x4c5:0x10 DW_TAG_formal_parameter
	.long	.Ldebug_loc45                   @ DW_AT_location
	.long	.Linfo_string34                 @ DW_AT_name
	.byte	2                               @ DW_AT_decl_file
	.short	351                             @ DW_AT_decl_line
	.long	1277                            @ DW_AT_type
	.byte	0                               @ End Of Children Mark
	.byte	4                               @ Abbrev [4] 0x4d6:0x7 DW_TAG_base_type
	.long	.Linfo_string16                 @ DW_AT_name
	.byte	2                               @ DW_AT_encoding
	.byte	1                               @ DW_AT_byte_size
	.byte	23                              @ Abbrev [23] 0x4dd:0xd DW_TAG_array_type
	.long	112                             @ DW_AT_type
	.byte	24                              @ Abbrev [24] 0x4e2:0x7 DW_TAG_subrange_type
	.long	1258                            @ DW_AT_type
	.short	512                             @ DW_AT_count
	.byte	0                               @ End Of Children Mark
	.byte	25                              @ Abbrev [25] 0x4ea:0x7 DW_TAG_base_type
	.long	.Linfo_string29                 @ DW_AT_name
	.byte	8                               @ DW_AT_byte_size
	.byte	7                               @ DW_AT_encoding
	.byte	23                              @ Abbrev [23] 0x4f1:0xc DW_TAG_array_type
	.long	55                              @ DW_AT_type
	.byte	26                              @ Abbrev [26] 0x4f6:0x6 DW_TAG_subrange_type
	.long	1258                            @ DW_AT_type
	.byte	5                               @ DW_AT_count
	.byte	0                               @ End Of Children Mark
	.byte	7                               @ Abbrev [7] 0x4fd:0x5 DW_TAG_pointer_type
	.long	55                              @ DW_AT_type
	.byte	7                               @ Abbrev [7] 0x502:0x5 DW_TAG_pointer_type
	.long	1287                            @ DW_AT_type
	.byte	3                               @ Abbrev [3] 0x507:0xb DW_TAG_typedef
	.long	1298                            @ DW_AT_type
	.long	.Linfo_string42                 @ DW_AT_name
	.byte	1                               @ DW_AT_decl_file
	.byte	63                              @ DW_AT_decl_line
	.byte	4                               @ Abbrev [4] 0x512:0x7 DW_TAG_base_type
	.long	.Linfo_string41                 @ DW_AT_name
	.byte	7                               @ DW_AT_encoding
	.byte	2                               @ DW_AT_byte_size
	.byte	0                               @ End Of Children Mark
.Ldebug_info_end0:
	.section	.debug_ranges,"",%progbits
.Ldebug_ranges0:
	.long	.Lfunc_begin0
	.long	.Lfunc_end0
	.long	.Lfunc_begin1
	.long	.Lfunc_end1
	.long	.Lfunc_begin2
	.long	.Lfunc_end2
	.long	.Lfunc_begin3
	.long	.Lfunc_end3
	.long	.Lfunc_begin4
	.long	.Lfunc_end4
	.long	.Lfunc_begin5
	.long	.Lfunc_end5
	.long	.Lfunc_begin6
	.long	.Lfunc_end6
	.long	.Lfunc_begin7
	.long	.Lfunc_end7
	.long	.Lfunc_begin8
	.long	.Lfunc_end8
	.long	.Lfunc_begin9
	.long	.Lfunc_end9
	.long	.Lfunc_begin10
	.long	.Lfunc_end10
	.long	.Lfunc_begin11
	.long	.Lfunc_end11
	.long	0
	.long	0
	.section	.debug_str,"MS",%progbits,1
.Linfo_string0:
	.asciz	"Component: Arm Compiler for Embedded 6.21 Tool: armclang [5ec1fd00]" @ string offset=0
.Linfo_string1:
	.asciz	"../08_TCPL04B_PAL\\pal_store.c" @ string offset=68
.Linfo_string2:
	.asciz	"C:\\baidunetdiskdownload\\\346\263\260\347\237\275\345\276\256\\\346\260\233\345\233\264\347\201\257\\TCPL0X_AUTO_SDK_V2.0.0\\TCPL0X_AUTO_SDK_V2.0.0\\examples\\tcpl04x\\demo_apps\\tcpl04b_swsc_lean\\MDK" @ string offset=98
.Linfo_string3:
	.asciz	"store_total_size"              @ string offset=237
.Linfo_string4:
	.asciz	"unsigned int"                  @ string offset=254
.Linfo_string5:
	.asciz	"uint32_t"                      @ string offset=267
.Linfo_string6:
	.asciz	"unsigned char"                 @ string offset=276
.Linfo_string7:
	.asciz	"FLASH_TYPE_NVM"                @ string offset=290
.Linfo_string8:
	.asciz	"FLASH_TYPE_NVR"                @ string offset=305
.Linfo_string9:
	.asciz	"FLASH_TYPE_MAX"                @ string offset=320
.Linfo_string10:
	.asciz	"uint8_t"                       @ string offset=335
.Linfo_string11:
	.asciz	"pal_store_type_check"          @ string offset=343
.Linfo_string12:
	.asciz	"flash_type_e"                  @ string offset=364
.Linfo_string13:
	.asciz	"addr"                          @ string offset=377
.Linfo_string14:
	.asciz	"pal_store_length_set"          @ string offset=382
.Linfo_string15:
	.asciz	"pal_store_data_set"            @ string offset=403
.Linfo_string16:
	.asciz	"_Bool"                         @ string offset=422
.Linfo_string17:
	.asciz	"pal_store_data_get"            @ string offset=428
.Linfo_string18:
	.asciz	"pal_store_data_init"           @ string offset=447
.Linfo_string19:
	.asciz	"pal_store_data_clear"          @ string offset=467
.Linfo_string20:
	.asciz	"pal_store_erase"               @ string offset=488
.Linfo_string21:
	.asciz	"pal_store_write"               @ string offset=504
.Linfo_string22:
	.asciz	"pal_store_read"                @ string offset=520
.Linfo_string23:
	.asciz	"pal_store_uid_get"             @ string offset=535
.Linfo_string24:
	.asciz	"pal_store_boot_ver_get"        @ string offset=553
.Linfo_string25:
	.asciz	"pal_store_chip_ver_id_get"     @ string offset=576
.Linfo_string26:
	.asciz	"pal_store_reg_rw"              @ string offset=602
.Linfo_string27:
	.asciz	"length"                        @ string offset=619
.Linfo_string28:
	.asciz	"nvrdata"                       @ string offset=626
.Linfo_string29:
	.asciz	"__ARRAY_SIZE_TYPE__"           @ string offset=634
.Linfo_string30:
	.asciz	"data"                          @ string offset=654
.Linfo_string31:
	.asciz	"type"                          @ string offset=659
.Linfo_string32:
	.asciz	"offset"                        @ string offset=664
.Linfo_string33:
	.asciz	"crc"                           @ string offset=671
.Linfo_string34:
	.asciz	"value"                         @ string offset=675
.Linfo_string35:
	.asciz	"buffer"                        @ string offset=681
.Linfo_string36:
	.asciz	"uid"                           @ string offset=688
.Linfo_string37:
	.asciz	"boot_ver"                      @ string offset=692
.Linfo_string38:
	.asciz	"ver"                           @ string offset=701
.Linfo_string39:
	.asciz	"chip_ver"                      @ string offset=705
.Linfo_string40:
	.asciz	"chip_id"                       @ string offset=714
.Linfo_string41:
	.asciz	"unsigned short"                @ string offset=722
.Linfo_string42:
	.asciz	"uint16_t"                      @ string offset=737
.Linfo_string43:
	.asciz	"is_write"                      @ string offset=746
	.ident	"Component: Arm Compiler for Embedded 6.21 Tool: armclang [5ec1fd00]"
	.section	".note.GNU-stack","",%progbits
	.eabi_attribute	30, 4	@ Tag_ABI_optimization_goals
	.ARM_attribute	16, 1	@ Tag_AV_eba
	.section	.debug_line,"",%progbits
.Lline_table_start0:
