	.text
	.syntax unified
	.eabi_attribute	67, "2.09"	@ Tag_conformance
	.cpu	cortex-m0
	.eabi_attribute	6, 12	@ Tag_CPU_arch
	.eabi_attribute	7, 77	@ Tag_CPU_arch_profile
	.eabi_attribute	8, 0	@ Tag_ARM_ISA_use
	.eabi_attribute	9, 1	@ Tag_THUMB_ISA_use
	.eabi_attribute	34, 0	@ Tag_CPU_unaligned_access
	.eabi_attribute	17, 1	@ Tag_ABI_PCS_GOT_use
	.eabi_attribute	20, 2	@ Tag_ABI_FP_denormal
	.eabi_attribute	21, 0	@ Tag_ABI_FP_exceptions
	.eabi_attribute	23, 1	@ Tag_ABI_FP_number_model
	.eabi_attribute	24, 1	@ Tag_ABI_align_needed
	.eabi_attribute	25, 1	@ Tag_ABI_align_preserved
	.eabi_attribute	38, 1	@ Tag_ABI_FP_16bit_format
	.eabi_attribute	18, 2	@ Tag_ABI_PCS_wchar_t
	.eabi_attribute	26, 1	@ Tag_ABI_enum_size
	.eabi_attribute	14, 0	@ Tag_ABI_PCS_R9_use
	.file	"pal_led.c"
	.file	1 "C:\\baidunetdiskdownload\\\346\263\260\347\237\275\345\276\256\\\346\260\233\345\233\264\347\201\257\\TCPL0X_AUTO_SDK_V2.0.0\\TCPL0X_AUTO_SDK_V2.0.0\\examples\\tcpl04x\\demo_apps\\tcpl04b_swsc_lean\\MDK" "../07_TCPL04B_MCAL/tcpl04x_ll_gpio.h"
	.file	2 "C:\\baidunetdiskdownload\\\346\263\260\347\237\275\345\276\256\\\346\260\233\345\233\264\347\201\257\\TCPL0X_AUTO_SDK_V2.0.0\\TCPL0X_AUTO_SDK_V2.0.0\\examples\\tcpl04x\\demo_apps\\tcpl04b_swsc_lean\\MDK" "../08_TCPL04B_PAL/pal_func_def.h"
	.file	3 "C:\\baidunetdiskdownload\\\346\263\260\347\237\275\345\276\256\\\346\260\233\345\233\264\347\201\257\\TCPL0X_AUTO_SDK_V2.0.0\\TCPL0X_AUTO_SDK_V2.0.0\\examples\\tcpl04x\\demo_apps\\tcpl04b_swsc_lean\\MDK" "../07_TCPL04B_MCAL/tcpl04x_ll_pwm.h"
	.file	4 "C:\\baidunetdiskdownload\\\346\263\260\347\237\275\345\276\256\\\346\260\233\345\233\264\347\201\257\\TCPL0X_AUTO_SDK_V2.0.0\\TCPL0X_AUTO_SDK_V2.0.0\\examples\\tcpl04x\\demo_apps\\tcpl04b_swsc_lean\\MDK" "../09_Config/pinmux_cfg_evk.h"
	.file	5 "C:\\Keil_v5\\ARM\\ARMCLANG\\Bin\\..\\include" "stdint.h"
	.file	6 "C:\\baidunetdiskdownload\\\346\263\260\347\237\275\345\276\256\\\346\260\233\345\233\264\347\201\257\\TCPL0X_AUTO_SDK_V2.0.0\\TCPL0X_AUTO_SDK_V2.0.0\\examples\\tcpl04x\\demo_apps\\tcpl04b_swsc_lean\\MDK" "../08_TCPL04B_PAL/pal_led_def.h"
	.file	7 "C:\\baidunetdiskdownload\\\346\263\260\347\237\275\345\276\256\\\346\260\233\345\233\264\347\201\257\\TCPL0X_AUTO_SDK_V2.0.0\\TCPL0X_AUTO_SDK_V2.0.0\\examples\\tcpl04x\\demo_apps\\tcpl04b_swsc_lean\\MDK" "../08_TCPL04B_PAL/pal_led.c"
	.file	8 "C:\\baidunetdiskdownload\\\346\263\260\347\237\275\345\276\256\\\346\260\233\345\233\264\347\201\257\\TCPL0X_AUTO_SDK_V2.0.0\\TCPL0X_AUTO_SDK_V2.0.0\\examples\\tcpl04x\\demo_apps\\tcpl04b_swsc_lean\\MDK" "../08_TCPL04B_PAL/pal_led.h"
	.file	9 "C:\\baidunetdiskdownload\\\346\263\260\347\237\275\345\276\256\\\346\260\233\345\233\264\347\201\257\\TCPL0X_AUTO_SDK_V2.0.0\\TCPL0X_AUTO_SDK_V2.0.0\\examples\\tcpl04x\\demo_apps\\tcpl04b_swsc_lean\\MDK" "../07_TCPL04B_MCAL\\tcpl04x_ll_def.h"
	.file	10 "C:\\baidunetdiskdownload\\\346\263\260\347\237\275\345\276\256\\\346\260\233\345\233\264\347\201\257\\TCPL0X_AUTO_SDK_V2.0.0\\TCPL0X_AUTO_SDK_V2.0.0\\examples\\tcpl04x\\demo_apps\\tcpl04b_swsc_lean\\MDK" "../07_TCPL04B_MCAL/tcpl04x_ll_led.h"
	.file	11 "C:\\baidunetdiskdownload\\\346\263\260\347\237\275\345\276\256\\\346\260\233\345\233\264\347\201\257\\TCPL0X_AUTO_SDK_V2.0.0\\TCPL0X_AUTO_SDK_V2.0.0\\examples\\tcpl04x\\demo_apps\\tcpl04b_swsc_lean\\MDK" "../06_TCPL04B_Device/pinmux_reg_def.h"
	.section	.text.pwm_callback_handle,"ax",%progbits
	.hidden	pwm_callback_handle             @ -- Begin function pwm_callback_handle
	.weak	pwm_callback_handle
	.p2align	1
	.type	pwm_callback_handle,%function
	.code	16                              @ @pwm_callback_handle
	.thumb_func
pwm_callback_handle:
.Lfunc_begin0:
	.fnstart
	.cfi_sections .debug_frame
	.cfi_startproc
@ %bb.0:
	@DEBUG_VALUE: pwm_callback_handle:isr <- $r0
	.loc	7 85 1 prologue_end             @ ../08_TCPL04B_PAL/pal_led.c:85:1
	bx	lr
.Ltmp0:
.Lfunc_end0:
	.size	pwm_callback_handle, .Lfunc_end0-pwm_callback_handle
	.cfi_endproc
	.cantunwind
	.fnend
                                        @ -- End function
	.section	.text.pal_led_init,"ax",%progbits
	.hidden	pal_led_init                    @ -- Begin function pal_led_init
	.globl	pal_led_init
	.p2align	2
	.type	pal_led_init,%function
	.code	16                              @ @pal_led_init
	.thumb_func
pal_led_init:
.Lfunc_begin1:
	.loc	7 171 0                         @ ../08_TCPL04B_PAL/pal_led.c:171:0
	.fnstart
	.cfi_startproc
@ %bb.0:
	.save	{r4, r5, r7, lr}
	push	{r4, r5, r7, lr}
	.cfi_def_cfa_offset 16
	.cfi_offset lr, -4
	.cfi_offset r7, -8
	.cfi_offset r5, -12
	.cfi_offset r4, -16
	.pad	#24
	sub	sp, #24
	.cfi_def_cfa_offset 40
	add	r4, sp, #4
.Ltmp1:
	.loc	7 175 18 prologue_end           @ ../08_TCPL04B_PAL/pal_led.c:175:18
	adr	r1, .LCPI1_0
	movs	r2, #20
	mov	r0, r4
	bl	__aeabi_memcpy
.Ltmp2:
	.loc	7 0 18 is_stmt 0                @ ../08_TCPL04B_PAL/pal_led.c:0:18
	movs	r5, #0
	.loc	7 212 5 is_stmt 1               @ ../08_TCPL04B_PAL/pal_led.c:212:5
	ldr	r2, __arm_cp.1_1
	mov	r0, r5
	mov	r1, r4
	bl	ll_pwm_init
.Ltmp3:
	.loc	7 213 56                        @ ../08_TCPL04B_PAL/pal_led.c:213:56
	adds	r4, #12
	.loc	7 213 5 is_stmt 0               @ ../08_TCPL04B_PAL/pal_led.c:213:5
	mov	r0, r5
	mov	r1, r4
	bl	ll_pwm_count_config
.Ltmp4:
	.loc	7 0 5                           @ ../08_TCPL04B_PAL/pal_led.c:0:5
	movs	r1, #1
	.loc	7 256 5 is_stmt 1               @ ../08_TCPL04B_PAL/pal_led.c:256:5
	mov	r0, r5
	bl	ll_pwm_isr_enable
.Ltmp5:
	.loc	7 260 1 epilogue_begin          @ ../08_TCPL04B_PAL/pal_led.c:260:1
	add	sp, #24
	pop	{r4, r5, r7, pc}
.Ltmp6:
	.p2align	2
@ %bb.1:
	.loc	7 0 1 is_stmt 0                 @ ../08_TCPL04B_PAL/pal_led.c:0:1
.LCPI1_0:
.L__const.pal_led_init.pwm_config:
	.byte	0                               @ 0x0
	.byte	2                               @ 0x2
	.zero	2
	.long	2                               @ 0x2
	.byte	2                               @ 0x2
	.byte	1                               @ 0x1
	.zero	2
	.byte	0                               @ 0x0
	.byte	0                               @ 0x0
	.byte	1                               @ 0x1
	.zero	1
	.short	65535                           @ 0xffff
	.byte	3                               @ 0x3
	.zero	1
__arm_cp.1_1:
	.long	pwm_callback_handle
.Lcpi_end0:
	.size	__arm_cp.1_1, .Lcpi_end0-__arm_cp.1_1
.Lfunc_end1:
	.size	pal_led_init, .Lfunc_end1-pal_led_init
	.cfi_endproc
	.cantunwind
	.fnend
                                        @ -- End function
	.section	.text.pal_led_register,"ax",%progbits
	.hidden	pal_led_register                @ -- Begin function pal_led_register
	.globl	pal_led_register
	.p2align	2
	.type	pal_led_register,%function
	.code	16                              @ @pal_led_register
	.thumb_func
pal_led_register:
.Lfunc_begin2:
	.loc	7 270 0 is_stmt 1               @ ../08_TCPL04B_PAL/pal_led.c:270:0
	.fnstart
	.cfi_startproc
@ %bb.0:
	@DEBUG_VALUE: pal_led_register:channel <- $r0
	.save	{r4, r5, r6, lr}
	.pad	#8
	push	{r2, r3, r4, r5, r6, lr}
	.cfi_def_cfa_offset 24
	.cfi_offset lr, -4
	.cfi_offset r6, -8
	.cfi_offset r5, -12
	.cfi_offset r4, -16
.Ltmp7:
	.loc	7 271 9 prologue_end            @ ../08_TCPL04B_PAL/pal_led.c:271:9
	cmp	r0, #0
	beq	.LBB2_2
.Ltmp8:
.LBB2_1:
	.loc	7 338 1 epilogue_begin          @ ../08_TCPL04B_PAL/pal_led.c:338:1
	pop	{r2, r3, r4, r5, r6, pc}
.LBB2_2:
.Ltmp9:
	@DEBUG_VALUE: pal_led_register:channel <- $r0
	.loc	7 0 1 is_stmt 0                 @ ../08_TCPL04B_PAL/pal_led.c:0:1
	movs	r0, #6
.Ltmp10:
	@DEBUG_VALUE: pal_led_register:channel <- [DW_OP_LLVM_entry_value 1] $r0
	movs	r4, #3
	.loc	7 279 5 is_stmt 1               @ ../08_TCPL04B_PAL/pal_led.c:279:5
	ldr	r5, __arm_cp.2_0
	mov	r1, r4
	blx	r5
.Ltmp11:
	.loc	7 0 5 is_stmt 0                 @ ../08_TCPL04B_PAL/pal_led.c:0:5
	movs	r0, #7
	.loc	7 280 5 is_stmt 1               @ ../08_TCPL04B_PAL/pal_led.c:280:5
	mov	r1, r4
	blx	r5
.Ltmp12:
	.loc	7 0 5 is_stmt 0                 @ ../08_TCPL04B_PAL/pal_led.c:0:5
	movs	r0, #8
	.loc	7 281 5 is_stmt 1               @ ../08_TCPL04B_PAL/pal_led.c:281:5
	mov	r1, r4
	blx	r5
.Ltmp13:
	.loc	7 0 5 is_stmt 0                 @ ../08_TCPL04B_PAL/pal_led.c:0:5
	movs	r0, #1
	lsls	r1, r0, #9
	ldr	r2, __arm_cp.2_1
	.loc	7 282 33 is_stmt 1              @ ../08_TCPL04B_PAL/pal_led.c:282:33
	ldr	r3, [r2]
	orrs	r3, r1
	str	r3, [r2]
	.loc	7 283 33                        @ ../08_TCPL04B_PAL/pal_led.c:283:33
	ldr	r3, [r2, #4]
	orrs	r3, r1
	str	r3, [r2, #4]
	.loc	7 284 33                        @ ../08_TCPL04B_PAL/pal_led.c:284:33
	ldr	r3, [r2, #8]
	orrs	r3, r1
	str	r3, [r2, #8]
	add	r1, sp, #4
	.loc	7 301 29                        @ ../08_TCPL04B_PAL/pal_led.c:301:29
	strb	r0, [r1, #2]
	movs	r4, #0
	strh	r4, [r1]
	ldr	r5, __arm_cp.2_2
.Ltmp14:
	@DEBUG_VALUE: pal_led_register:ctx <- undef
	@DEBUG_VALUE: rgb <- 0
	.loc	7 0 29 is_stmt 0                @ ../08_TCPL04B_PAL/pal_led.c:0:29
	ldr	r6, __arm_cp.2_3
.Ltmp15:
.LBB2_3:                                @ =>This Inner Loop Header: Depth=1
	@DEBUG_VALUE: pal_led_register:channel <- [DW_OP_LLVM_entry_value 1] $r0
	@DEBUG_VALUE: rgb <- $r4
	.loc	7 308 5 is_stmt 1               @ ../08_TCPL04B_PAL/pal_led.c:308:5
	cmp	r4, #3
	beq	.LBB2_1
.Ltmp16:
@ %bb.4:                                @   in Loop: Header=BB2_3 Depth=1
	@DEBUG_VALUE: rgb <- $r4
	@DEBUG_VALUE: pal_led_register:channel <- [DW_OP_LLVM_entry_value 1] $r0
	.loc	7 310 64                        @ ../08_TCPL04B_PAL/pal_led.c:310:64
	ldrb	r0, [r5, #2]
	.loc	7 310 31 is_stmt 0              @ ../08_TCPL04B_PAL/pal_led.c:310:31
	strb	r0, [r6, r4]
	.loc	7 312 60 is_stmt 1              @ ../08_TCPL04B_PAL/pal_led.c:312:60
	ldrb	r0, [r5]
	movs	r1, #0
	.loc	7 312 9 is_stmt 0               @ ../08_TCPL04B_PAL/pal_led.c:312:9
	bl	ll_gpio_afio_config
.Ltmp17:
	.loc	7 314 49 is_stmt 1              @ ../08_TCPL04B_PAL/pal_led.c:314:49
	ldrb	r0, [r6, r4]
	add	r1, sp, #4
	.loc	7 314 9 is_stmt 0               @ ../08_TCPL04B_PAL/pal_led.c:314:9
	bl	ll_pwm_channel_config
.Ltmp18:
	.loc	7 319 56 is_stmt 1              @ ../08_TCPL04B_PAL/pal_led.c:319:56
	ldrb	r0, [r6, r4]
	movs	r1, #3
	.loc	7 319 9 is_stmt 0               @ ../08_TCPL04B_PAL/pal_led.c:319:9
	bl	ll_led_driver_current_config
.Ltmp19:
	.loc	7 308 5 is_stmt 1               @ ../08_TCPL04B_PAL/pal_led.c:308:5
	adds	r5, r5, #3
	.loc	7 308 53 is_stmt 0              @ ../08_TCPL04B_PAL/pal_led.c:308:53
	adds	r4, r4, #1
.Ltmp20:
	@DEBUG_VALUE: rgb <- $r4
	.loc	7 0 53                          @ ../08_TCPL04B_PAL/pal_led.c:0:53
	b	.LBB2_3
.Ltmp21:
	.p2align	2
@ %bb.5:
__arm_cp.2_0:
	.long	ll_gpio_afio_config
.Lcpi_end1:
	.size	__arm_cp.2_0, .Lcpi_end1-__arm_cp.2_0
__arm_cp.2_1:
	.long	1073750016                      @ 0x40002000
.Lcpi_end2:
	.size	__arm_cp.2_1, .Lcpi_end2-__arm_cp.2_1
__arm_cp.2_2:
	.long	led_pinmux_table
.Lcpi_end3:
	.size	__arm_cp.2_2, .Lcpi_end3-__arm_cp.2_2
__arm_cp.2_3:
	.long	led_ctrl_context
.Lcpi_end4:
	.size	__arm_cp.2_3, .Lcpi_end4-__arm_cp.2_3
.Lfunc_end2:
	.size	pal_led_register, .Lfunc_end2-pal_led_register
	.cfi_endproc
	.cantunwind
	.fnend
                                        @ -- End function
	.section	.text.pal_led_current_set,"ax",%progbits
	.hidden	pal_led_current_set             @ -- Begin function pal_led_current_set
	.globl	pal_led_current_set
	.p2align	2
	.type	pal_led_current_set,%function
	.code	16                              @ @pal_led_current_set
	.thumb_func
pal_led_current_set:
.Lfunc_begin3:
	.loc	7 349 0 is_stmt 1               @ ../08_TCPL04B_PAL/pal_led.c:349:0
	.fnstart
	.cfi_startproc
@ %bb.0:
	@DEBUG_VALUE: pal_led_current_set:channel <- $r0
	@DEBUG_VALUE: pal_led_current_set:current <- $r1
	@DEBUG_VALUE: pal_led_current_set:current <- $r1
	.save	{r4, r5, r6, lr}
	push	{r4, r5, r6, lr}
	.cfi_def_cfa_offset 16
	.cfi_offset lr, -4
	.cfi_offset r6, -8
	.cfi_offset r5, -12
	.cfi_offset r4, -16
.Ltmp22:
	.loc	7 350 9 prologue_end            @ ../08_TCPL04B_PAL/pal_led.c:350:9
	cmp	r0, #0
	beq	.LBB3_2
.Ltmp23:
.LBB3_1:
	.loc	7 366 1 epilogue_begin          @ ../08_TCPL04B_PAL/pal_led.c:366:1
	pop	{r4, r5, r6, pc}
.LBB3_2:
.Ltmp24:
	@DEBUG_VALUE: pal_led_current_set:current <- $r1
	@DEBUG_VALUE: pal_led_current_set:channel <- $r0
	.loc	7 0 1 is_stmt 0                 @ ../08_TCPL04B_PAL/pal_led.c:0:1
	mov	r4, r1
.Ltmp25:
	@DEBUG_VALUE: pal_led_current_set:current <- $r4
	movs	r5, #0
	ldr	r6, __arm_cp.3_0
.Ltmp26:
.LBB3_3:                                @ =>This Inner Loop Header: Depth=1
	@DEBUG_VALUE: pal_led_current_set:current <- $r4
	@DEBUG_VALUE: rgb <- $r5
	.loc	7 362 5 is_stmt 1               @ ../08_TCPL04B_PAL/pal_led.c:362:5
	cmp	r5, #3
	beq	.LBB3_1
.Ltmp27:
@ %bb.4:                                @   in Loop: Header=BB3_3 Depth=1
	@DEBUG_VALUE: rgb <- $r5
	@DEBUG_VALUE: pal_led_current_set:current <- $r4
	.loc	7 364 104                       @ ../08_TCPL04B_PAL/pal_led.c:364:104
	ldrb	r1, [r4, r5]
	.loc	7 364 56 is_stmt 0              @ ../08_TCPL04B_PAL/pal_led.c:364:56
	ldrb	r0, [r6, r5]
.Ltmp28:
	@DEBUG_VALUE: pal_led_current_set:channel <- [DW_OP_LLVM_entry_value 1] $r0
	.loc	7 364 9                         @ ../08_TCPL04B_PAL/pal_led.c:364:9
	bl	ll_led_driver_current_config
.Ltmp29:
	.loc	7 362 57 is_stmt 1              @ ../08_TCPL04B_PAL/pal_led.c:362:57
	adds	r5, r5, #1
.Ltmp30:
	@DEBUG_VALUE: rgb <- $r5
	.loc	7 0 57 is_stmt 0                @ ../08_TCPL04B_PAL/pal_led.c:0:57
	b	.LBB3_3
.Ltmp31:
	.p2align	2
@ %bb.5:
__arm_cp.3_0:
	.long	led_ctrl_context
.Lcpi_end5:
	.size	__arm_cp.3_0, .Lcpi_end5-__arm_cp.3_0
.Lfunc_end3:
	.size	pal_led_current_set, .Lfunc_end3-pal_led_current_set
	.cfi_endproc
	.cantunwind
	.fnend
                                        @ -- End function
	.section	.text.pal_led_current_get,"ax",%progbits
	.hidden	pal_led_current_get             @ -- Begin function pal_led_current_get
	.globl	pal_led_current_get
	.p2align	2
	.type	pal_led_current_get,%function
	.code	16                              @ @pal_led_current_get
	.thumb_func
pal_led_current_get:
.Lfunc_begin4:
	.loc	7 377 0 is_stmt 1               @ ../08_TCPL04B_PAL/pal_led.c:377:0
	.fnstart
	.cfi_startproc
@ %bb.0:
	@DEBUG_VALUE: pal_led_current_get:channel <- $r0
	@DEBUG_VALUE: pal_led_current_get:current <- $r1
	@DEBUG_VALUE: pal_led_current_get:current <- $r1
	.save	{r4, r5, r6, lr}
	.pad	#8
	push	{r2, r3, r4, r5, r6, lr}
	.cfi_def_cfa_offset 24
	.cfi_offset lr, -4
	.cfi_offset r6, -8
	.cfi_offset r5, -12
	.cfi_offset r4, -16
.Ltmp32:
	.loc	7 378 9 prologue_end            @ ../08_TCPL04B_PAL/pal_led.c:378:9
	cmp	r0, #0
	beq	.LBB4_2
.Ltmp33:
.LBB4_1:
	.loc	7 396 1 epilogue_begin          @ ../08_TCPL04B_PAL/pal_led.c:396:1
	pop	{r2, r3, r4, r5, r6, pc}
.LBB4_2:
.Ltmp34:
	@DEBUG_VALUE: pal_led_current_get:current <- $r1
	@DEBUG_VALUE: pal_led_current_get:channel <- $r0
	.loc	7 0 1 is_stmt 0                 @ ../08_TCPL04B_PAL/pal_led.c:0:1
	mov	r4, r1
.Ltmp35:
	@DEBUG_VALUE: pal_led_current_get:current <- $r4
	movs	r5, #0
.Ltmp36:
	@DEBUG_VALUE: pal_led_current_get:ctx <- undef
	@DEBUG_VALUE: rgb <- 0
	ldr	r6, __arm_cp.4_0
.Ltmp37:
.LBB4_3:                                @ =>This Inner Loop Header: Depth=1
	@DEBUG_VALUE: pal_led_current_get:current <- $r4
	@DEBUG_VALUE: rgb <- $r5
	.loc	7 391 5 is_stmt 1               @ ../08_TCPL04B_PAL/pal_led.c:391:5
	cmp	r5, #3
	beq	.LBB4_1
.Ltmp38:
@ %bb.4:                                @   in Loop: Header=BB4_3 Depth=1
	@DEBUG_VALUE: rgb <- $r5
	@DEBUG_VALUE: pal_led_current_get:current <- $r4
	.loc	7 393 53                        @ ../08_TCPL04B_PAL/pal_led.c:393:53
	ldrb	r0, [r6, r5]
.Ltmp39:
	@DEBUG_VALUE: pal_led_current_get:channel <- [DW_OP_LLVM_entry_value 1] $r0
	.loc	7 0 53 is_stmt 0                @ ../08_TCPL04B_PAL/pal_led.c:0:53
	add	r1, sp, #4
	.loc	7 393 9                         @ ../08_TCPL04B_PAL/pal_led.c:393:9
	bl	ll_led_driver_current_get
.Ltmp40:
	.loc	7 394 24 is_stmt 1              @ ../08_TCPL04B_PAL/pal_led.c:394:24
	ldr	r0, [sp, #4]
	.loc	7 394 22 is_stmt 0              @ ../08_TCPL04B_PAL/pal_led.c:394:22
	strb	r0, [r4, r5]
.Ltmp41:
	.loc	7 391 57 is_stmt 1              @ ../08_TCPL04B_PAL/pal_led.c:391:57
	adds	r5, r5, #1
.Ltmp42:
	@DEBUG_VALUE: rgb <- $r5
	.loc	7 0 57 is_stmt 0                @ ../08_TCPL04B_PAL/pal_led.c:0:57
	b	.LBB4_3
.Ltmp43:
	.p2align	2
@ %bb.5:
__arm_cp.4_0:
	.long	led_ctrl_context
.Lcpi_end6:
	.size	__arm_cp.4_0, .Lcpi_end6-__arm_cp.4_0
.Lfunc_end4:
	.size	pal_led_current_get, .Lfunc_end4-pal_led_current_get
	.cfi_endproc
	.cantunwind
	.fnend
                                        @ -- End function
	.section	.text.pal_led_duty_cycle_set,"ax",%progbits
	.hidden	pal_led_duty_cycle_set          @ -- Begin function pal_led_duty_cycle_set
	.globl	pal_led_duty_cycle_set
	.p2align	2
	.type	pal_led_duty_cycle_set,%function
	.code	16                              @ @pal_led_duty_cycle_set
	.thumb_func
pal_led_duty_cycle_set:
.Lfunc_begin5:
	.loc	7 407 0 is_stmt 1               @ ../08_TCPL04B_PAL/pal_led.c:407:0
	.fnstart
	.cfi_startproc
@ %bb.0:
	@DEBUG_VALUE: pal_led_duty_cycle_set:channel <- $r0
	@DEBUG_VALUE: pal_led_duty_cycle_set:duty_cycle <- $r1
	@DEBUG_VALUE: pal_led_duty_cycle_set:duty_cycle <- $r1
	.save	{r4, r5, r6, lr}
	push	{r4, r5, r6, lr}
	.cfi_def_cfa_offset 16
	.cfi_offset lr, -4
	.cfi_offset r6, -8
	.cfi_offset r5, -12
	.cfi_offset r4, -16
.Ltmp44:
	.loc	7 408 9 prologue_end            @ ../08_TCPL04B_PAL/pal_led.c:408:9
	cmp	r0, #0
	beq	.LBB5_2
.Ltmp45:
.LBB5_1:
	.loc	7 452 1 epilogue_begin          @ ../08_TCPL04B_PAL/pal_led.c:452:1
	pop	{r4, r5, r6, pc}
.LBB5_2:
.Ltmp46:
	@DEBUG_VALUE: pal_led_duty_cycle_set:duty_cycle <- $r1
	@DEBUG_VALUE: pal_led_duty_cycle_set:channel <- $r0
	.loc	7 0 1 is_stmt 0                 @ ../08_TCPL04B_PAL/pal_led.c:0:1
	mov	r4, r1
.Ltmp47:
	@DEBUG_VALUE: pal_led_duty_cycle_set:duty_cycle <- $r4
	.loc	7 415 9 is_stmt 1               @ ../08_TCPL04B_PAL/pal_led.c:415:9
	cmp	r1, #0
.Ltmp48:
	@DEBUG_VALUE: pal_led_duty_cycle_set:ctx <- undef
	beq	.LBB5_1
.Ltmp49:
@ %bb.3:
	@DEBUG_VALUE: pal_led_duty_cycle_set:duty_cycle <- $r4
	@DEBUG_VALUE: pal_led_duty_cycle_set:channel <- $r0
	.loc	7 0 9 is_stmt 0                 @ ../08_TCPL04B_PAL/pal_led.c:0:9
	movs	r5, #0
	ldr	r6, __arm_cp.5_0
.Ltmp50:
.LBB5_4:                                @ =>This Inner Loop Header: Depth=1
	@DEBUG_VALUE: rgb <- $r5
	.loc	7 422 5 is_stmt 1               @ ../08_TCPL04B_PAL/pal_led.c:422:5
	cmp	r5, #3
	beq	.LBB5_1
.Ltmp51:
@ %bb.5:                                @   in Loop: Header=BB5_4 Depth=1
	@DEBUG_VALUE: rgb <- $r5
	.loc	7 432 23                        @ ../08_TCPL04B_PAL/pal_led.c:432:23
	ldrh	r1, [r4]
	rsbs	r2, r1, #0
	adcs	r2, r1
.Ltmp52:
	@DEBUG_VALUE: lt <- undef
	@DEBUG_VALUE: ht <- undef
	.loc	7 435 59                        @ ../08_TCPL04B_PAL/pal_led.c:435:59
	ldrb	r0, [r6, r5]
.Ltmp53:
	@DEBUG_VALUE: pal_led_duty_cycle_set:channel <- [DW_OP_LLVM_entry_value 1] $r0
	.loc	7 435 9 is_stmt 0               @ ../08_TCPL04B_PAL/pal_led.c:435:9
	bl	ll_pwm_channel_threshold_config
.Ltmp54:
	.loc	7 422 5 is_stmt 1               @ ../08_TCPL04B_PAL/pal_led.c:422:5
	adds	r4, r4, #2
.Ltmp55:
	@DEBUG_VALUE: pal_led_duty_cycle_set:duty_cycle <- [DW_OP_LLVM_entry_value 1] $r1
	.loc	7 422 57 is_stmt 0              @ ../08_TCPL04B_PAL/pal_led.c:422:57
	adds	r5, r5, #1
.Ltmp56:
	@DEBUG_VALUE: rgb <- $r5
	.loc	7 0 57                          @ ../08_TCPL04B_PAL/pal_led.c:0:57
	b	.LBB5_4
.Ltmp57:
	.p2align	2
@ %bb.6:
__arm_cp.5_0:
	.long	led_ctrl_context
.Lcpi_end7:
	.size	__arm_cp.5_0, .Lcpi_end7-__arm_cp.5_0
.Lfunc_end5:
	.size	pal_led_duty_cycle_set, .Lfunc_end5-pal_led_duty_cycle_set
	.cfi_endproc
	.cantunwind
	.fnend
                                        @ -- End function
	.section	.text.pal_led_duty_cycle_get,"ax",%progbits
	.hidden	pal_led_duty_cycle_get          @ -- Begin function pal_led_duty_cycle_get
	.globl	pal_led_duty_cycle_get
	.p2align	2
	.type	pal_led_duty_cycle_get,%function
	.code	16                              @ @pal_led_duty_cycle_get
	.thumb_func
pal_led_duty_cycle_get:
.Lfunc_begin6:
	.loc	7 463 0 is_stmt 1               @ ../08_TCPL04B_PAL/pal_led.c:463:0
	.fnstart
	.cfi_startproc
@ %bb.0:
	@DEBUG_VALUE: pal_led_duty_cycle_get:channel <- $r0
	@DEBUG_VALUE: pal_led_duty_cycle_get:duty_cycle <- $r1
	@DEBUG_VALUE: pal_led_duty_cycle_get:duty_cycle <- $r1
	.save	{r4, r5, r6, lr}
	push	{r4, r5, r6, lr}
	.cfi_def_cfa_offset 16
	.cfi_offset lr, -4
	.cfi_offset r6, -8
	.cfi_offset r5, -12
	.cfi_offset r4, -16
.Ltmp58:
	.loc	7 464 9 prologue_end            @ ../08_TCPL04B_PAL/pal_led.c:464:9
	cmp	r0, #0
	beq	.LBB6_2
.Ltmp59:
.LBB6_1:
	.loc	7 480 1 epilogue_begin          @ ../08_TCPL04B_PAL/pal_led.c:480:1
	pop	{r4, r5, r6, pc}
.LBB6_2:
.Ltmp60:
	@DEBUG_VALUE: pal_led_duty_cycle_get:duty_cycle <- $r1
	@DEBUG_VALUE: pal_led_duty_cycle_get:channel <- $r0
	.loc	7 0 1 is_stmt 0                 @ ../08_TCPL04B_PAL/pal_led.c:0:1
	mov	r4, r1
.Ltmp61:
	@DEBUG_VALUE: pal_led_duty_cycle_get:duty_cycle <- $r4
	.loc	7 471 9 is_stmt 1               @ ../08_TCPL04B_PAL/pal_led.c:471:9
	cmp	r1, #0
.Ltmp62:
	@DEBUG_VALUE: pal_led_duty_cycle_get:ctx <- undef
	beq	.LBB6_1
.Ltmp63:
@ %bb.3:
	@DEBUG_VALUE: pal_led_duty_cycle_get:duty_cycle <- $r4
	@DEBUG_VALUE: pal_led_duty_cycle_get:channel <- $r0
	.loc	7 0 9 is_stmt 0                 @ ../08_TCPL04B_PAL/pal_led.c:0:9
	movs	r5, #0
	ldr	r6, __arm_cp.6_0
.Ltmp64:
.LBB6_4:                                @ =>This Inner Loop Header: Depth=1
	@DEBUG_VALUE: rgb <- $r5
	.loc	7 476 5 is_stmt 1               @ ../08_TCPL04B_PAL/pal_led.c:476:5
	cmp	r5, #3
	beq	.LBB6_1
.Ltmp65:
@ %bb.5:                                @   in Loop: Header=BB6_4 Depth=1
	@DEBUG_VALUE: rgb <- $r5
	.loc	7 478 53                        @ ../08_TCPL04B_PAL/pal_led.c:478:53
	ldrb	r0, [r6, r5]
.Ltmp66:
	@DEBUG_VALUE: pal_led_duty_cycle_get:channel <- [DW_OP_LLVM_entry_value 1] $r0
	.loc	7 478 9 is_stmt 0               @ ../08_TCPL04B_PAL/pal_led.c:478:9
	mov	r1, r4
	bl	ll_pwm_high_threshold_get
.Ltmp67:
	.loc	7 476 5 is_stmt 1               @ ../08_TCPL04B_PAL/pal_led.c:476:5
	adds	r4, r4, #2
.Ltmp68:
	@DEBUG_VALUE: pal_led_duty_cycle_get:duty_cycle <- [DW_OP_LLVM_entry_value 1] $r1
	.loc	7 476 57 is_stmt 0              @ ../08_TCPL04B_PAL/pal_led.c:476:57
	adds	r5, r5, #1
.Ltmp69:
	@DEBUG_VALUE: rgb <- $r5
	.loc	7 0 57                          @ ../08_TCPL04B_PAL/pal_led.c:0:57
	b	.LBB6_4
.Ltmp70:
	.p2align	2
@ %bb.6:
__arm_cp.6_0:
	.long	led_ctrl_context
.Lcpi_end8:
	.size	__arm_cp.6_0, .Lcpi_end8-__arm_cp.6_0
.Lfunc_end6:
	.size	pal_led_duty_cycle_get, .Lfunc_end6-pal_led_duty_cycle_get
	.cfi_endproc
	.cantunwind
	.fnend
                                        @ -- End function
	.section	.text.pal_led_enable,"ax",%progbits
	.hidden	pal_led_enable                  @ -- Begin function pal_led_enable
	.globl	pal_led_enable
	.p2align	2
	.type	pal_led_enable,%function
	.code	16                              @ @pal_led_enable
	.thumb_func
pal_led_enable:
.Lfunc_begin7:
	.loc	7 491 0 is_stmt 1               @ ../08_TCPL04B_PAL/pal_led.c:491:0
	.fnstart
	.cfi_startproc
@ %bb.0:
	@DEBUG_VALUE: pal_led_enable:channel <- $r0
	@DEBUG_VALUE: pal_led_enable:enable <- [DW_OP_LLVM_convert 1 7, DW_OP_LLVM_convert 8 7, DW_OP_stack_value] $r1
	@DEBUG_VALUE: pal_led_enable:enable <- [DW_OP_LLVM_convert 1 7, DW_OP_LLVM_convert 8 7, DW_OP_stack_value] $r1
	.save	{r4, lr}
	push	{r4, lr}
	.cfi_def_cfa_offset 8
	.cfi_offset lr, -4
	.cfi_offset r4, -8
.Ltmp71:
	.loc	7 492 9 prologue_end            @ ../08_TCPL04B_PAL/pal_led.c:492:9
	cmp	r0, #0
	beq	.LBB7_2
.Ltmp72:
@ %bb.1:
	@DEBUG_VALUE: pal_led_enable:enable <- [DW_OP_LLVM_convert 1 7, DW_OP_LLVM_convert 8 7, DW_OP_stack_value] $r1
	@DEBUG_VALUE: pal_led_enable:channel <- $r0
	.loc	7 522 1 epilogue_begin          @ ../08_TCPL04B_PAL/pal_led.c:522:1
	pop	{r4, pc}
.Ltmp73:
.LBB7_2:
	@DEBUG_VALUE: pal_led_enable:enable <- [DW_OP_LLVM_convert 1 7, DW_OP_LLVM_convert 8 7, DW_OP_stack_value] $r1
	@DEBUG_VALUE: pal_led_enable:channel <- $r0
	.loc	7 0 1 is_stmt 0                 @ ../08_TCPL04B_PAL/pal_led.c:0:1
	mov	r4, r1
.Ltmp74:
	@DEBUG_VALUE: pal_led_enable:enable <- [DW_OP_LLVM_convert 1 7, DW_OP_LLVM_convert 8 7, DW_OP_stack_value] $r4
	@DEBUG_VALUE: pal_led_enable:enable <- [DW_OP_LLVM_convert 1 7, DW_OP_LLVM_convert 8 7, DW_OP_stack_value] $r4
	movs	r0, #0
.Ltmp75:
	@DEBUG_VALUE: pal_led_enable:channel <- [DW_OP_LLVM_entry_value 1] $r0
	.loc	7 519 5 is_stmt 1               @ ../08_TCPL04B_PAL/pal_led.c:519:5
	bl	ll_pwm_enable
.Ltmp76:
	.loc	7 520 5                         @ ../08_TCPL04B_PAL/pal_led.c:520:5
	mov	r0, r4
	bl	ll_led_enable
.Ltmp77:
	.loc	7 521 35                        @ ../08_TCPL04B_PAL/pal_led.c:521:35
	subs	r0, r4, #1
	sbcs	r4, r0
.Ltmp78:
	lsls	r0, r4, #1
	ldr	r1, __arm_cp.7_0
.Ltmp79:
	@DEBUG_VALUE: pal_led_enable:ctx <- $r1
	ldrb	r2, [r1, #3]
	movs	r3, #253
	ands	r3, r2
	orrs	r3, r0
	strb	r3, [r1, #3]
	.loc	7 522 1 epilogue_begin          @ ../08_TCPL04B_PAL/pal_led.c:522:1
	pop	{r4, pc}
.Ltmp80:
	.p2align	2
@ %bb.3:
	.loc	7 0 1 is_stmt 0                 @ ../08_TCPL04B_PAL/pal_led.c:0:1
__arm_cp.7_0:
	.long	led_ctrl_context
.Lcpi_end9:
	.size	__arm_cp.7_0, .Lcpi_end9-__arm_cp.7_0
.Lfunc_end7:
	.size	pal_led_enable, .Lfunc_end7-pal_led_enable
	.cfi_endproc
	.cantunwind
	.fnend
                                        @ -- End function
	.section	.text.pal_led_break,"ax",%progbits
	.hidden	pal_led_break                   @ -- Begin function pal_led_break
	.globl	pal_led_break
	.p2align	2
	.type	pal_led_break,%function
	.code	16                              @ @pal_led_break
	.thumb_func
pal_led_break:
.Lfunc_begin8:
	.loc	7 533 0 is_stmt 1               @ ../08_TCPL04B_PAL/pal_led.c:533:0
	.fnstart
	.cfi_startproc
@ %bb.0:
	@DEBUG_VALUE: pal_led_break:channel <- $r0
	@DEBUG_VALUE: pal_led_break:enable <- [DW_OP_LLVM_convert 1 7, DW_OP_LLVM_convert 8 7, DW_OP_stack_value] $r1
	@DEBUG_VALUE: pal_led_break:enable <- [DW_OP_LLVM_convert 1 7, DW_OP_LLVM_convert 8 7, DW_OP_stack_value] $r1
	.save	{r4, lr}
	push	{r4, lr}
	.cfi_def_cfa_offset 8
	.cfi_offset lr, -4
	.cfi_offset r4, -8
.Ltmp81:
	.loc	7 534 9 prologue_end            @ ../08_TCPL04B_PAL/pal_led.c:534:9
	cmp	r0, #0
	beq	.LBB8_2
.Ltmp82:
.LBB8_1:
	@DEBUG_VALUE: pal_led_break:enable <- [DW_OP_LLVM_convert 1 7, DW_OP_LLVM_convert 8 7, DW_OP_stack_value] $r1
	.loc	7 553 1 epilogue_begin          @ ../08_TCPL04B_PAL/pal_led.c:553:1
	pop	{r4, pc}
.Ltmp83:
.LBB8_2:
	@DEBUG_VALUE: pal_led_break:enable <- [DW_OP_LLVM_convert 1 7, DW_OP_LLVM_convert 8 7, DW_OP_stack_value] $r1
	@DEBUG_VALUE: pal_led_break:channel <- $r0
	@DEBUG_VALUE: pal_led_break:enable <- [DW_OP_LLVM_convert 1 7, DW_OP_LLVM_convert 8 7, DW_OP_stack_value] $r1
	.loc	7 548 29                        @ ../08_TCPL04B_PAL/pal_led.c:548:29
	ldr	r0, __arm_cp.8_0
.Ltmp84:
	@DEBUG_VALUE: pal_led_break:channel <- [DW_OP_LLVM_entry_value 1] $r0
	@DEBUG_VALUE: pal_led_break:ctx <- $r0
	ldrb	r0, [r0, #3]
.Ltmp85:
	.loc	7 548 9 is_stmt 0               @ ../08_TCPL04B_PAL/pal_led.c:548:9
	lsls	r0, r0, #30
	bpl	.LBB8_1
.Ltmp86:
@ %bb.3:
	@DEBUG_VALUE: pal_led_break:channel <- [DW_OP_LLVM_entry_value 1] $r0
	@DEBUG_VALUE: pal_led_break:enable <- [DW_OP_LLVM_convert 1 7, DW_OP_LLVM_convert 8 7, DW_OP_stack_value] $r1
	.loc	7 0 9                           @ ../08_TCPL04B_PAL/pal_led.c:0:9
	mov	r4, r1
.Ltmp87:
	@DEBUG_VALUE: pal_led_break:enable <- [DW_OP_LLVM_convert 1 7, DW_OP_LLVM_convert 8 7, DW_OP_stack_value] $r4
	movs	r0, #1
.Ltmp88:
	.loc	7 550 37 is_stmt 1              @ ../08_TCPL04B_PAL/pal_led.c:550:37
	eors	r4, r0
.Ltmp89:
	.loc	7 0 37 is_stmt 0                @ ../08_TCPL04B_PAL/pal_led.c:0:37
	movs	r0, #0
	.loc	7 550 9                         @ ../08_TCPL04B_PAL/pal_led.c:550:9
	mov	r1, r4
	bl	ll_pwm_enable
.Ltmp90:
	.loc	7 551 9 is_stmt 1               @ ../08_TCPL04B_PAL/pal_led.c:551:9
	mov	r0, r4
	bl	ll_led_enable
.Ltmp91:
	.loc	7 553 1 epilogue_begin          @ ../08_TCPL04B_PAL/pal_led.c:553:1
	pop	{r4, pc}
.Ltmp92:
	.p2align	2
@ %bb.4:
	.loc	7 0 1 is_stmt 0                 @ ../08_TCPL04B_PAL/pal_led.c:0:1
__arm_cp.8_0:
	.long	led_ctrl_context
.Lcpi_end10:
	.size	__arm_cp.8_0, .Lcpi_end10-__arm_cp.8_0
.Lfunc_end8:
	.size	pal_led_break, .Lfunc_end8-pal_led_break
	.cfi_endproc
	.cantunwind
	.fnend
                                        @ -- End function
	.section	.text.pal_led_static_pnvolt_set,"ax",%progbits
	.hidden	pal_led_static_pnvolt_set       @ -- Begin function pal_led_static_pnvolt_set
	.globl	pal_led_static_pnvolt_set
	.p2align	2
	.type	pal_led_static_pnvolt_set,%function
	.code	16                              @ @pal_led_static_pnvolt_set
	.thumb_func
pal_led_static_pnvolt_set:
.Lfunc_begin9:
	.loc	7 564 0 is_stmt 1               @ ../08_TCPL04B_PAL/pal_led.c:564:0
	.fnstart
	.cfi_startproc
@ %bb.0:
	@DEBUG_VALUE: pal_led_static_pnvolt_set:channel <- $r0
	@DEBUG_VALUE: pal_led_static_pnvolt_set:enable <- undef
	.save	{r4, r5, r6, lr}
	push	{r4, r5, r6, lr}
	.cfi_def_cfa_offset 16
	.cfi_offset lr, -4
	.cfi_offset r6, -8
	.cfi_offset r5, -12
	.cfi_offset r4, -16
.Ltmp93:
	.loc	7 565 9 prologue_end            @ ../08_TCPL04B_PAL/pal_led.c:565:9
	cmp	r0, #0
	beq	.LBB9_2
.Ltmp94:
.LBB9_1:
	.loc	7 606 1 epilogue_begin          @ ../08_TCPL04B_PAL/pal_led.c:606:1
	pop	{r4, r5, r6, pc}
.LBB9_2:
.Ltmp95:
	@DEBUG_VALUE: pal_led_static_pnvolt_set:channel <- $r0
	.loc	7 0 1 is_stmt 0                 @ ../08_TCPL04B_PAL/pal_led.c:0:1
	mov	r4, r1
.Ltmp96:
	.loc	7 577 39 is_stmt 1              @ ../08_TCPL04B_PAL/pal_led.c:577:39
	ldr	r5, __arm_cp.9_0
.Ltmp97:
	@DEBUG_VALUE: pal_led_static_pnvolt_set:ctx <- $r5
	ldrb	r0, [r5, #3]
.Ltmp98:
	@DEBUG_VALUE: pal_led_static_pnvolt_set:channel <- [DW_OP_LLVM_entry_value 1] $r0
	.loc	7 0 39 is_stmt 0                @ ../08_TCPL04B_PAL/pal_led.c:0:39
	movs	r1, #1
	.loc	7 577 16                        @ ../08_TCPL04B_PAL/pal_led.c:577:16
	ands	r1, r0
	rsbs	r2, r1, #0
	adcs	r2, r1
	eors	r2, r4
.Ltmp99:
	.loc	7 577 9                         @ ../08_TCPL04B_PAL/pal_led.c:577:9
	bne	.LBB9_1
.Ltmp100:
@ %bb.3:
	@DEBUG_VALUE: pal_led_static_pnvolt_set:channel <- [DW_OP_LLVM_entry_value 1] $r0
	@DEBUG_VALUE: pal_led_static_pnvolt_set:ctx <- $r5
	.loc	7 0 9                           @ ../08_TCPL04B_PAL/pal_led.c:0:9
	movs	r1, #254
.Ltmp101:
	.loc	7 579 49 is_stmt 1              @ ../08_TCPL04B_PAL/pal_led.c:579:49
	ands	r1, r0
	adds	r1, r1, r4
	strb	r1, [r5, #3]
	.loc	7 581 13                        @ ../08_TCPL04B_PAL/pal_led.c:581:13
	lsls	r0, r0, #30
	bmi	.LBB9_9
.Ltmp102:
@ %bb.4:
	@DEBUG_VALUE: pal_led_static_pnvolt_set:channel <- [DW_OP_LLVM_entry_value 1] $r0
	@DEBUG_VALUE: pal_led_static_pnvolt_set:ctx <- $r5
	cmp	r4, #0
	beq	.LBB9_9
.Ltmp103:
@ %bb.5:
	@DEBUG_VALUE: pal_led_static_pnvolt_set:channel <- [DW_OP_LLVM_entry_value 1] $r0
	@DEBUG_VALUE: pal_led_static_pnvolt_set:ctx <- $r5
	.loc	7 0 13 is_stmt 0                @ ../08_TCPL04B_PAL/pal_led.c:0:13
	movs	r6, #0
.Ltmp104:
.LBB9_6:                                @ =>This Inner Loop Header: Depth=1
	@DEBUG_VALUE: pal_led_static_pnvolt_set:channel <- [DW_OP_LLVM_entry_value 1] $r0
	@DEBUG_VALUE: pal_led_static_pnvolt_set:ctx <- $r5
	@DEBUG_VALUE: rgb <- $r6
	.loc	7 586 17 is_stmt 1              @ ../08_TCPL04B_PAL/pal_led.c:586:17
	cmp	r6, #3
	beq	.LBB9_8
.Ltmp105:
@ %bb.7:                                @   in Loop: Header=BB9_6 Depth=1
	@DEBUG_VALUE: rgb <- $r6
	@DEBUG_VALUE: pal_led_static_pnvolt_set:channel <- [DW_OP_LLVM_entry_value 1] $r0
	@DEBUG_VALUE: pal_led_static_pnvolt_set:ctx <- $r5
	.loc	7 588 71                        @ ../08_TCPL04B_PAL/pal_led.c:588:71
	ldrb	r0, [r5, r6]
	movs	r1, #0
	.loc	7 588 21 is_stmt 0              @ ../08_TCPL04B_PAL/pal_led.c:588:21
	mov	r2, r1
	bl	ll_pwm_channel_threshold_config
.Ltmp106:
	.loc	7 586 69 is_stmt 1              @ ../08_TCPL04B_PAL/pal_led.c:586:69
	adds	r6, r6, #1
.Ltmp107:
	@DEBUG_VALUE: rgb <- $r6
	.loc	7 0 69 is_stmt 0                @ ../08_TCPL04B_PAL/pal_led.c:0:69
	b	.LBB9_6
.Ltmp108:
.LBB9_8:
	@DEBUG_VALUE: pal_led_static_pnvolt_set:channel <- [DW_OP_LLVM_entry_value 1] $r0
	@DEBUG_VALUE: pal_led_static_pnvolt_set:ctx <- $r5
	.loc	7 593 37 is_stmt 1              @ ../08_TCPL04B_PAL/pal_led.c:593:37
	ldrb	r1, [r5, #3]
.Ltmp109:
.LBB9_9:
	@DEBUG_VALUE: pal_led_static_pnvolt_set:channel <- [DW_OP_LLVM_entry_value 1] $r0
	@DEBUG_VALUE: pal_led_static_pnvolt_set:ctx <- $r5
	lsls	r1, r1, #30
	movs	r6, #0
	mvns	r0, r6
	cmp	r1, #0
	bpl	.LBB9_11
.Ltmp110:
@ %bb.10:
	@DEBUG_VALUE: pal_led_static_pnvolt_set:channel <- [DW_OP_LLVM_entry_value 1] $r0
	@DEBUG_VALUE: pal_led_static_pnvolt_set:ctx <- $r5
	.loc	7 0 37 is_stmt 0                @ ../08_TCPL04B_PAL/pal_led.c:0:37
	mov	r1, r0
	b	.LBB9_12
.Ltmp111:
.LBB9_11:
	@DEBUG_VALUE: pal_led_static_pnvolt_set:channel <- [DW_OP_LLVM_entry_value 1] $r0
	@DEBUG_VALUE: pal_led_static_pnvolt_set:ctx <- $r5
	ldr	r1, __arm_cp.9_1
.Ltmp112:
.LBB9_12:
	@DEBUG_VALUE: pal_led_static_pnvolt_set:channel <- [DW_OP_LLVM_entry_value 1] $r0
	@DEBUG_VALUE: pal_led_static_pnvolt_set:ctx <- $r5
	.loc	7 593 37                        @ ../08_TCPL04B_PAL/pal_led.c:593:37
	cmp	r4, #0
	bne	.LBB9_14
.Ltmp113:
@ %bb.13:
	@DEBUG_VALUE: pal_led_static_pnvolt_set:channel <- [DW_OP_LLVM_entry_value 1] $r0
	@DEBUG_VALUE: pal_led_static_pnvolt_set:ctx <- $r5
	.loc	7 0 37                          @ ../08_TCPL04B_PAL/pal_led.c:0:37
	mov	r1, r0
.Ltmp114:
.LBB9_14:
	@DEBUG_VALUE: pal_led_static_pnvolt_set:channel <- [DW_OP_LLVM_entry_value 1] $r0
	@DEBUG_VALUE: pal_led_static_pnvolt_set:ctx <- $r5
	@DEBUG_VALUE: pwm_freq <- undef
	@DEBUG_VALUE: rgb <- 0
	uxth	r4, r1
.Ltmp115:
.LBB9_15:                               @ =>This Inner Loop Header: Depth=1
	@DEBUG_VALUE: pal_led_static_pnvolt_set:channel <- [DW_OP_LLVM_entry_value 1] $r0
	@DEBUG_VALUE: pal_led_static_pnvolt_set:ctx <- $r5
	@DEBUG_VALUE: rgb <- $r6
	.loc	7 595 9 is_stmt 1               @ ../08_TCPL04B_PAL/pal_led.c:595:9
	cmp	r6, #3
	beq	.LBB9_17
.Ltmp116:
@ %bb.16:                               @   in Loop: Header=BB9_15 Depth=1
	@DEBUG_VALUE: rgb <- $r6
	@DEBUG_VALUE: pal_led_static_pnvolt_set:channel <- [DW_OP_LLVM_entry_value 1] $r0
	@DEBUG_VALUE: pal_led_static_pnvolt_set:ctx <- $r5
	.loc	7 597 60                        @ ../08_TCPL04B_PAL/pal_led.c:597:60
	ldrb	r0, [r5, r6]
	.loc	7 597 13 is_stmt 0              @ ../08_TCPL04B_PAL/pal_led.c:597:13
	mov	r1, r4
	bl	ll_pwm_channel_period_config
.Ltmp117:
	.loc	7 595 61 is_stmt 1              @ ../08_TCPL04B_PAL/pal_led.c:595:61
	adds	r6, r6, #1
.Ltmp118:
	@DEBUG_VALUE: rgb <- $r6
	.loc	7 0 61 is_stmt 0                @ ../08_TCPL04B_PAL/pal_led.c:0:61
	b	.LBB9_15
.Ltmp119:
.LBB9_17:
	@DEBUG_VALUE: pal_led_static_pnvolt_set:channel <- [DW_OP_LLVM_entry_value 1] $r0
	@DEBUG_VALUE: pal_led_static_pnvolt_set:ctx <- $r5
	.loc	7 600 34 is_stmt 1              @ ../08_TCPL04B_PAL/pal_led.c:600:34
	ldrb	r0, [r5, #3]
.Ltmp120:
	.loc	7 600 13 is_stmt 0              @ ../08_TCPL04B_PAL/pal_led.c:600:13
	lsls	r0, r0, #30
	bmi	.LBB9_1
.Ltmp121:
@ %bb.18:
	@DEBUG_VALUE: pal_led_static_pnvolt_set:channel <- [DW_OP_LLVM_entry_value 1] $r0
	@DEBUG_VALUE: pal_led_static_pnvolt_set:ctx <- $r5
	.loc	7 0 13                          @ ../08_TCPL04B_PAL/pal_led.c:0:13
	movs	r4, #1
.Ltmp122:
	.loc	7 602 13 is_stmt 1              @ ../08_TCPL04B_PAL/pal_led.c:602:13
	mov	r0, r4
	bl	ll_led_enable
.Ltmp123:
	.loc	7 0 13 is_stmt 0                @ ../08_TCPL04B_PAL/pal_led.c:0:13
	movs	r0, #0
	.loc	7 603 13 is_stmt 1              @ ../08_TCPL04B_PAL/pal_led.c:603:13
	mov	r1, r4
	bl	ll_pwm_enable
.Ltmp124:
	.loc	7 606 1 epilogue_begin          @ ../08_TCPL04B_PAL/pal_led.c:606:1
	pop	{r4, r5, r6, pc}
.Ltmp125:
	.p2align	2
@ %bb.19:
	.loc	7 0 1 is_stmt 0                 @ ../08_TCPL04B_PAL/pal_led.c:0:1
__arm_cp.9_0:
	.long	led_ctrl_context
.Lcpi_end11:
	.size	__arm_cp.9_0, .Lcpi_end11-__arm_cp.9_0
__arm_cp.9_1:
	.long	20479                           @ 0x4fff
.Lcpi_end12:
	.size	__arm_cp.9_1, .Lcpi_end12-__arm_cp.9_1
.Lfunc_end9:
	.size	pal_led_static_pnvolt_set, .Lfunc_end9-pal_led_static_pnvolt_set
	.cfi_endproc
	.cantunwind
	.fnend
                                        @ -- End function
	.section	.text.pal_led_channel_mux_get,"ax",%progbits
	.hidden	pal_led_channel_mux_get         @ -- Begin function pal_led_channel_mux_get
	.globl	pal_led_channel_mux_get
	.p2align	2
	.type	pal_led_channel_mux_get,%function
	.code	16                              @ @pal_led_channel_mux_get
	.thumb_func
pal_led_channel_mux_get:
.Lfunc_begin10:
	.fnstart
	.cfi_startproc
@ %bb.0:
	@DEBUG_VALUE: pal_led_channel_mux_get:channel <- $r0
	@DEBUG_VALUE: pal_led_channel_mux_get:channel_mux <- $r1
	.loc	7 632 9 prologue_end is_stmt 1  @ ../08_TCPL04B_PAL/pal_led.c:632:9
	cmp	r0, #0
	beq	.LBB10_2
.Ltmp126:
@ %bb.1:
	@DEBUG_VALUE: pal_led_channel_mux_get:channel_mux <- $r1
	@DEBUG_VALUE: pal_led_channel_mux_get:channel <- $r0
	.loc	7 650 1                         @ ../08_TCPL04B_PAL/pal_led.c:650:1
	bx	lr
.Ltmp127:
.LBB10_2:
	@DEBUG_VALUE: pal_led_channel_mux_get:channel_mux <- $r1
	@DEBUG_VALUE: pal_led_channel_mux_get:channel <- $r0
	.loc	7 648 18                        @ ../08_TCPL04B_PAL/pal_led.c:648:18
	ldr	r0, __arm_cp.10_0
.Ltmp128:
	@DEBUG_VALUE: pal_led_channel_mux_get:channel <- [DW_OP_LLVM_entry_value 1] $r0
	@DEBUG_VALUE: pal_led_channel_mux_get:ctx <- $r0
	str	r0, [r1]
	.loc	7 650 1                         @ ../08_TCPL04B_PAL/pal_led.c:650:1
	bx	lr
.Ltmp129:
	.p2align	2
@ %bb.3:
	.loc	7 0 1 is_stmt 0                 @ ../08_TCPL04B_PAL/pal_led.c:0:1
__arm_cp.10_0:
	.long	led_ctrl_context
.Lcpi_end13:
	.size	__arm_cp.10_0, .Lcpi_end13-__arm_cp.10_0
.Lfunc_end10:
	.size	pal_led_channel_mux_get, .Lfunc_end10-pal_led_channel_mux_get
	.cfi_endproc
	.cantunwind
	.fnend
                                        @ -- End function
	.section	.text.pal_led_channel_switch,"ax",%progbits
	.hidden	pal_led_channel_switch          @ -- Begin function pal_led_channel_switch
	.globl	pal_led_channel_switch
	.p2align	1
	.type	pal_led_channel_switch,%function
	.code	16                              @ @pal_led_channel_switch
	.thumb_func
pal_led_channel_switch:
.Lfunc_begin11:
	.fnstart
	.cfi_startproc
@ %bb.0:
	@DEBUG_VALUE: pal_led_channel_switch:channel <- $r0
	.loc	7 662 1 prologue_end is_stmt 1  @ ../08_TCPL04B_PAL/pal_led.c:662:1
	bx	lr
.Ltmp130:
.Lfunc_end11:
	.size	pal_led_channel_switch, .Lfunc_end11-pal_led_channel_switch
	.cfi_endproc
	.cantunwind
	.fnend
                                        @ -- End function
	.hidden	led_pinmux_table                @ @led_pinmux_table
	.type	led_pinmux_table,%object
	.section	.rodata.led_pinmux_table,"a",%progbits
	.globl	led_pinmux_table
led_pinmux_table:
	.byte	6                               @ 0x6
	.byte	0                               @ 0x0
	.byte	0                               @ 0x0
	.byte	8                               @ 0x8
	.byte	0                               @ 0x0
	.byte	2                               @ 0x2
	.byte	7                               @ 0x7
	.byte	0                               @ 0x0
	.byte	1                               @ 0x1
	.size	led_pinmux_table, 9

	.hidden	led_mux_table                   @ @led_mux_table
	.type	led_mux_table,%object
	.section	.rodata.led_mux_table,"a",%progbits
	.globl	led_mux_table
led_mux_table:
	.zero	1
	.size	led_mux_table, 1

	.hidden	led_ctrl_context                @ @led_ctrl_context
	.type	led_ctrl_context,%object
	.section	.bss.led_ctrl_context,"aw",%nobits
	.globl	led_ctrl_context
led_ctrl_context:
	.zero	4
	.size	led_ctrl_context, 4

	.type	.L__const.pal_led_register.channel_config,%object @ @__const.pal_led_register.channel_config
	.section	.rodata..L__const.pal_led_register.channel_config,"a",%progbits
.L__const.pal_led_register.channel_config:
	.byte	0                               @ 0x0
	.byte	0                               @ 0x0
	.byte	1                               @ 0x1
	.size	.L__const.pal_led_register.channel_config, 3

	.hidden	led_ctrl_instance_def           @ @led_ctrl_instance_def
	.type	led_ctrl_instance_def,%object
	.section	.rodata.led_ctrl_instance_def,"a",%progbits
	.globl	led_ctrl_instance_def
	.p2align	2, 0x0
led_ctrl_instance_def:
	.long	pal_led_register
	.long	pal_led_enable
	.long	pal_led_break
	.long	pal_led_duty_cycle_set
	.long	pal_led_duty_cycle_get
	.long	pal_led_current_set
	.long	pal_led_current_get
	.long	pal_led_static_pnvolt_set
	.long	pal_led_channel_mux_get
	.size	led_ctrl_instance_def, 36

	.section	.debug_loc,"",%progbits
.Ldebug_loc0:
	.long	-1
	.long	.Lfunc_begin2                   @   base address
	.long	.Lfunc_begin2-.Lfunc_begin2
	.long	.Ltmp8-.Lfunc_begin2
	.short	1                               @ Loc expr size
	.byte	80                              @ DW_OP_reg0
	.long	.Ltmp9-.Lfunc_begin2
	.long	.Ltmp10-.Lfunc_begin2
	.short	1                               @ Loc expr size
	.byte	80                              @ DW_OP_reg0
	.long	.Ltmp10-.Lfunc_begin2
	.long	.Ltmp21-.Lfunc_begin2
	.short	4                               @ Loc expr size
	.byte	243                             @ DW_OP_GNU_entry_value
	.byte	1                               @ 1
	.byte	80                              @ DW_OP_reg0
	.byte	159                             @ DW_OP_stack_value
	.long	0
	.long	0
.Ldebug_loc1:
	.long	-1
	.long	.Lfunc_begin3                   @   base address
	.long	.Lfunc_begin3-.Lfunc_begin3
	.long	.Ltmp23-.Lfunc_begin3
	.short	1                               @ Loc expr size
	.byte	80                              @ DW_OP_reg0
	.long	.Ltmp24-.Lfunc_begin3
	.long	.Ltmp26-.Lfunc_begin3
	.short	1                               @ Loc expr size
	.byte	80                              @ DW_OP_reg0
	.long	.Ltmp28-.Lfunc_begin3
	.long	.Ltmp31-.Lfunc_begin3
	.short	4                               @ Loc expr size
	.byte	243                             @ DW_OP_GNU_entry_value
	.byte	1                               @ 1
	.byte	80                              @ DW_OP_reg0
	.byte	159                             @ DW_OP_stack_value
	.long	0
	.long	0
.Ldebug_loc2:
	.long	-1
	.long	.Lfunc_begin3                   @   base address
	.long	.Lfunc_begin3-.Lfunc_begin3
	.long	.Ltmp23-.Lfunc_begin3
	.short	1                               @ Loc expr size
	.byte	81                              @ DW_OP_reg1
	.long	.Ltmp24-.Lfunc_begin3
	.long	.Ltmp25-.Lfunc_begin3
	.short	1                               @ Loc expr size
	.byte	81                              @ DW_OP_reg1
	.long	.Ltmp25-.Lfunc_begin3
	.long	.Ltmp31-.Lfunc_begin3
	.short	1                               @ Loc expr size
	.byte	84                              @ DW_OP_reg4
	.long	0
	.long	0
.Ldebug_loc3:
	.long	-1
	.long	.Lfunc_begin4                   @   base address
	.long	.Lfunc_begin4-.Lfunc_begin4
	.long	.Ltmp33-.Lfunc_begin4
	.short	1                               @ Loc expr size
	.byte	80                              @ DW_OP_reg0
	.long	.Ltmp34-.Lfunc_begin4
	.long	.Ltmp37-.Lfunc_begin4
	.short	1                               @ Loc expr size
	.byte	80                              @ DW_OP_reg0
	.long	.Ltmp39-.Lfunc_begin4
	.long	.Ltmp43-.Lfunc_begin4
	.short	4                               @ Loc expr size
	.byte	243                             @ DW_OP_GNU_entry_value
	.byte	1                               @ 1
	.byte	80                              @ DW_OP_reg0
	.byte	159                             @ DW_OP_stack_value
	.long	0
	.long	0
.Ldebug_loc4:
	.long	-1
	.long	.Lfunc_begin4                   @   base address
	.long	.Lfunc_begin4-.Lfunc_begin4
	.long	.Ltmp33-.Lfunc_begin4
	.short	1                               @ Loc expr size
	.byte	81                              @ DW_OP_reg1
	.long	.Ltmp34-.Lfunc_begin4
	.long	.Ltmp35-.Lfunc_begin4
	.short	1                               @ Loc expr size
	.byte	81                              @ DW_OP_reg1
	.long	.Ltmp35-.Lfunc_begin4
	.long	.Ltmp43-.Lfunc_begin4
	.short	1                               @ Loc expr size
	.byte	84                              @ DW_OP_reg4
	.long	0
	.long	0
.Ldebug_loc5:
	.long	-1
	.long	.Lfunc_begin5                   @   base address
	.long	.Lfunc_begin5-.Lfunc_begin5
	.long	.Ltmp45-.Lfunc_begin5
	.short	1                               @ Loc expr size
	.byte	80                              @ DW_OP_reg0
	.long	.Ltmp46-.Lfunc_begin5
	.long	.Ltmp50-.Lfunc_begin5
	.short	1                               @ Loc expr size
	.byte	80                              @ DW_OP_reg0
	.long	.Ltmp53-.Lfunc_begin5
	.long	.Ltmp57-.Lfunc_begin5
	.short	4                               @ Loc expr size
	.byte	243                             @ DW_OP_GNU_entry_value
	.byte	1                               @ 1
	.byte	80                              @ DW_OP_reg0
	.byte	159                             @ DW_OP_stack_value
	.long	0
	.long	0
.Ldebug_loc6:
	.long	-1
	.long	.Lfunc_begin5                   @   base address
	.long	.Lfunc_begin5-.Lfunc_begin5
	.long	.Ltmp45-.Lfunc_begin5
	.short	1                               @ Loc expr size
	.byte	81                              @ DW_OP_reg1
	.long	.Ltmp46-.Lfunc_begin5
	.long	.Ltmp47-.Lfunc_begin5
	.short	1                               @ Loc expr size
	.byte	81                              @ DW_OP_reg1
	.long	.Ltmp47-.Lfunc_begin5
	.long	.Ltmp50-.Lfunc_begin5
	.short	1                               @ Loc expr size
	.byte	84                              @ DW_OP_reg4
	.long	.Ltmp55-.Lfunc_begin5
	.long	.Ltmp57-.Lfunc_begin5
	.short	4                               @ Loc expr size
	.byte	243                             @ DW_OP_GNU_entry_value
	.byte	1                               @ 1
	.byte	81                              @ DW_OP_reg1
	.byte	159                             @ DW_OP_stack_value
	.long	0
	.long	0
.Ldebug_loc7:
	.long	-1
	.long	.Lfunc_begin6                   @   base address
	.long	.Lfunc_begin6-.Lfunc_begin6
	.long	.Ltmp59-.Lfunc_begin6
	.short	1                               @ Loc expr size
	.byte	80                              @ DW_OP_reg0
	.long	.Ltmp60-.Lfunc_begin6
	.long	.Ltmp64-.Lfunc_begin6
	.short	1                               @ Loc expr size
	.byte	80                              @ DW_OP_reg0
	.long	.Ltmp66-.Lfunc_begin6
	.long	.Ltmp70-.Lfunc_begin6
	.short	4                               @ Loc expr size
	.byte	243                             @ DW_OP_GNU_entry_value
	.byte	1                               @ 1
	.byte	80                              @ DW_OP_reg0
	.byte	159                             @ DW_OP_stack_value
	.long	0
	.long	0
.Ldebug_loc8:
	.long	-1
	.long	.Lfunc_begin6                   @   base address
	.long	.Lfunc_begin6-.Lfunc_begin6
	.long	.Ltmp59-.Lfunc_begin6
	.short	1                               @ Loc expr size
	.byte	81                              @ DW_OP_reg1
	.long	.Ltmp60-.Lfunc_begin6
	.long	.Ltmp61-.Lfunc_begin6
	.short	1                               @ Loc expr size
	.byte	81                              @ DW_OP_reg1
	.long	.Ltmp61-.Lfunc_begin6
	.long	.Ltmp64-.Lfunc_begin6
	.short	1                               @ Loc expr size
	.byte	84                              @ DW_OP_reg4
	.long	.Ltmp68-.Lfunc_begin6
	.long	.Ltmp70-.Lfunc_begin6
	.short	4                               @ Loc expr size
	.byte	243                             @ DW_OP_GNU_entry_value
	.byte	1                               @ 1
	.byte	81                              @ DW_OP_reg1
	.byte	159                             @ DW_OP_stack_value
	.long	0
	.long	0
.Ldebug_loc9:
	.long	-1
	.long	.Lfunc_begin7                   @   base address
	.long	.Lfunc_begin7-.Lfunc_begin7
	.long	.Ltmp75-.Lfunc_begin7
	.short	1                               @ Loc expr size
	.byte	80                              @ DW_OP_reg0
	.long	.Ltmp75-.Lfunc_begin7
	.long	.Ltmp80-.Lfunc_begin7
	.short	4                               @ Loc expr size
	.byte	243                             @ DW_OP_GNU_entry_value
	.byte	1                               @ 1
	.byte	80                              @ DW_OP_reg0
	.byte	159                             @ DW_OP_stack_value
	.long	0
	.long	0
.Ldebug_loc10:
	.long	-1
	.long	.Lfunc_begin7                   @   base address
	.long	.Lfunc_begin7-.Lfunc_begin7
	.long	.Ltmp74-.Lfunc_begin7
	.short	6                               @ Loc expr size
	.byte	113                             @ DW_OP_breg1
	.byte	0                               @ 0
	.byte	16                              @ DW_OP_constu
	.byte	1                               @ 1
	.byte	26                              @ DW_OP_and
	.byte	159                             @ DW_OP_stack_value
	.long	.Ltmp74-.Lfunc_begin7
	.long	.Ltmp78-.Lfunc_begin7
	.short	6                               @ Loc expr size
	.byte	116                             @ DW_OP_breg4
	.byte	0                               @ 0
	.byte	16                              @ DW_OP_constu
	.byte	1                               @ 1
	.byte	26                              @ DW_OP_and
	.byte	159                             @ DW_OP_stack_value
	.long	0
	.long	0
.Ldebug_loc11:
	.long	-1
	.long	.Lfunc_begin7                   @   base address
	.long	.Ltmp79-.Lfunc_begin7
	.long	.Ltmp80-.Lfunc_begin7
	.short	1                               @ Loc expr size
	.byte	81                              @ DW_OP_reg1
	.long	0
	.long	0
.Ldebug_loc12:
	.long	-1
	.long	.Lfunc_begin8                   @   base address
	.long	.Lfunc_begin8-.Lfunc_begin8
	.long	.Ltmp82-.Lfunc_begin8
	.short	1                               @ Loc expr size
	.byte	80                              @ DW_OP_reg0
	.long	.Ltmp83-.Lfunc_begin8
	.long	.Ltmp84-.Lfunc_begin8
	.short	1                               @ Loc expr size
	.byte	80                              @ DW_OP_reg0
	.long	.Ltmp84-.Lfunc_begin8
	.long	.Ltmp92-.Lfunc_begin8
	.short	4                               @ Loc expr size
	.byte	243                             @ DW_OP_GNU_entry_value
	.byte	1                               @ 1
	.byte	80                              @ DW_OP_reg0
	.byte	159                             @ DW_OP_stack_value
	.long	0
	.long	0
.Ldebug_loc13:
	.long	-1
	.long	.Lfunc_begin8                   @   base address
	.long	.Lfunc_begin8-.Lfunc_begin8
	.long	.Ltmp87-.Lfunc_begin8
	.short	6                               @ Loc expr size
	.byte	113                             @ DW_OP_breg1
	.byte	0                               @ 0
	.byte	16                              @ DW_OP_constu
	.byte	1                               @ 1
	.byte	26                              @ DW_OP_and
	.byte	159                             @ DW_OP_stack_value
	.long	.Ltmp87-.Lfunc_begin8
	.long	.Ltmp89-.Lfunc_begin8
	.short	6                               @ Loc expr size
	.byte	116                             @ DW_OP_breg4
	.byte	0                               @ 0
	.byte	16                              @ DW_OP_constu
	.byte	1                               @ 1
	.byte	26                              @ DW_OP_and
	.byte	159                             @ DW_OP_stack_value
	.long	0
	.long	0
.Ldebug_loc14:
	.long	-1
	.long	.Lfunc_begin8                   @   base address
	.long	.Ltmp84-.Lfunc_begin8
	.long	.Ltmp85-.Lfunc_begin8
	.short	1                               @ Loc expr size
	.byte	80                              @ DW_OP_reg0
	.long	0
	.long	0
.Ldebug_loc15:
	.long	-1
	.long	.Lfunc_begin9                   @   base address
	.long	.Lfunc_begin9-.Lfunc_begin9
	.long	.Ltmp94-.Lfunc_begin9
	.short	1                               @ Loc expr size
	.byte	80                              @ DW_OP_reg0
	.long	.Ltmp95-.Lfunc_begin9
	.long	.Ltmp98-.Lfunc_begin9
	.short	1                               @ Loc expr size
	.byte	80                              @ DW_OP_reg0
	.long	.Ltmp98-.Lfunc_begin9
	.long	.Ltmp125-.Lfunc_begin9
	.short	4                               @ Loc expr size
	.byte	243                             @ DW_OP_GNU_entry_value
	.byte	1                               @ 1
	.byte	80                              @ DW_OP_reg0
	.byte	159                             @ DW_OP_stack_value
	.long	0
	.long	0
.Ldebug_loc16:
	.long	-1
	.long	.Lfunc_begin9                   @   base address
	.long	.Ltmp97-.Lfunc_begin9
	.long	.Ltmp125-.Lfunc_begin9
	.short	1                               @ Loc expr size
	.byte	85                              @ DW_OP_reg5
	.long	0
	.long	0
.Ldebug_loc17:
	.long	-1
	.long	.Lfunc_begin10                  @   base address
	.long	.Lfunc_begin10-.Lfunc_begin10
	.long	.Ltmp128-.Lfunc_begin10
	.short	1                               @ Loc expr size
	.byte	80                              @ DW_OP_reg0
	.long	.Ltmp128-.Lfunc_begin10
	.long	.Ltmp129-.Lfunc_begin10
	.short	4                               @ Loc expr size
	.byte	243                             @ DW_OP_GNU_entry_value
	.byte	1                               @ 1
	.byte	80                              @ DW_OP_reg0
	.byte	159                             @ DW_OP_stack_value
	.long	0
	.long	0
.Ldebug_loc18:
	.long	-1
	.long	.Lfunc_begin10                  @   base address
	.long	.Ltmp128-.Lfunc_begin10
	.long	.Ltmp129-.Lfunc_begin10
	.short	1                               @ Loc expr size
	.byte	80                              @ DW_OP_reg0
	.long	0
	.long	0
	.section	.debug_abbrev,"",%progbits
	.byte	1                               @ Abbreviation Code
	.byte	17                              @ DW_TAG_compile_unit
	.byte	1                               @ DW_CHILDREN_yes
	.byte	37                              @ DW_AT_producer
	.byte	14                              @ DW_FORM_strp
	.byte	19                              @ DW_AT_language
	.byte	5                               @ DW_FORM_data2
	.byte	3                               @ DW_AT_name
	.byte	14                              @ DW_FORM_strp
	.byte	16                              @ DW_AT_stmt_list
	.byte	23                              @ DW_FORM_sec_offset
	.byte	27                              @ DW_AT_comp_dir
	.byte	14                              @ DW_FORM_strp
	.byte	17                              @ DW_AT_low_pc
	.byte	1                               @ DW_FORM_addr
	.byte	85                              @ DW_AT_ranges
	.byte	23                              @ DW_FORM_sec_offset
	.byte	0                               @ EOM(1)
	.byte	0                               @ EOM(2)
	.byte	2                               @ Abbreviation Code
	.byte	52                              @ DW_TAG_variable
	.byte	0                               @ DW_CHILDREN_no
	.byte	3                               @ DW_AT_name
	.byte	14                              @ DW_FORM_strp
	.byte	73                              @ DW_AT_type
	.byte	19                              @ DW_FORM_ref4
	.byte	63                              @ DW_AT_external
	.byte	25                              @ DW_FORM_flag_present
	.byte	58                              @ DW_AT_decl_file
	.byte	11                              @ DW_FORM_data1
	.byte	59                              @ DW_AT_decl_line
	.byte	11                              @ DW_FORM_data1
	.byte	2                               @ DW_AT_location
	.byte	24                              @ DW_FORM_exprloc
	.byte	0                               @ EOM(1)
	.byte	0                               @ EOM(2)
	.byte	3                               @ Abbreviation Code
	.byte	1                               @ DW_TAG_array_type
	.byte	1                               @ DW_CHILDREN_yes
	.byte	73                              @ DW_AT_type
	.byte	19                              @ DW_FORM_ref4
	.byte	0                               @ EOM(1)
	.byte	0                               @ EOM(2)
	.byte	4                               @ Abbreviation Code
	.byte	33                              @ DW_TAG_subrange_type
	.byte	0                               @ DW_CHILDREN_no
	.byte	73                              @ DW_AT_type
	.byte	19                              @ DW_FORM_ref4
	.byte	55                              @ DW_AT_count
	.byte	11                              @ DW_FORM_data1
	.byte	0                               @ EOM(1)
	.byte	0                               @ EOM(2)
	.byte	5                               @ Abbreviation Code
	.byte	38                              @ DW_TAG_const_type
	.byte	0                               @ DW_CHILDREN_no
	.byte	73                              @ DW_AT_type
	.byte	19                              @ DW_FORM_ref4
	.byte	0                               @ EOM(1)
	.byte	0                               @ EOM(2)
	.byte	6                               @ Abbreviation Code
	.byte	22                              @ DW_TAG_typedef
	.byte	0                               @ DW_CHILDREN_no
	.byte	73                              @ DW_AT_type
	.byte	19                              @ DW_FORM_ref4
	.byte	3                               @ DW_AT_name
	.byte	14                              @ DW_FORM_strp
	.byte	58                              @ DW_AT_decl_file
	.byte	11                              @ DW_FORM_data1
	.byte	59                              @ DW_AT_decl_line
	.byte	11                              @ DW_FORM_data1
	.byte	0                               @ EOM(1)
	.byte	0                               @ EOM(2)
	.byte	7                               @ Abbreviation Code
	.byte	19                              @ DW_TAG_structure_type
	.byte	1                               @ DW_CHILDREN_yes
	.byte	11                              @ DW_AT_byte_size
	.byte	11                              @ DW_FORM_data1
	.byte	58                              @ DW_AT_decl_file
	.byte	11                              @ DW_FORM_data1
	.byte	59                              @ DW_AT_decl_line
	.byte	11                              @ DW_FORM_data1
	.byte	0                               @ EOM(1)
	.byte	0                               @ EOM(2)
	.byte	8                               @ Abbreviation Code
	.byte	13                              @ DW_TAG_member
	.byte	0                               @ DW_CHILDREN_no
	.byte	3                               @ DW_AT_name
	.byte	14                              @ DW_FORM_strp
	.byte	73                              @ DW_AT_type
	.byte	19                              @ DW_FORM_ref4
	.byte	58                              @ DW_AT_decl_file
	.byte	11                              @ DW_FORM_data1
	.byte	59                              @ DW_AT_decl_line
	.byte	11                              @ DW_FORM_data1
	.byte	56                              @ DW_AT_data_member_location
	.byte	11                              @ DW_FORM_data1
	.byte	0                               @ EOM(1)
	.byte	0                               @ EOM(2)
	.byte	9                               @ Abbreviation Code
	.byte	4                               @ DW_TAG_enumeration_type
	.byte	1                               @ DW_CHILDREN_yes
	.byte	73                              @ DW_AT_type
	.byte	19                              @ DW_FORM_ref4
	.byte	11                              @ DW_AT_byte_size
	.byte	11                              @ DW_FORM_data1
	.byte	58                              @ DW_AT_decl_file
	.byte	11                              @ DW_FORM_data1
	.byte	59                              @ DW_AT_decl_line
	.byte	11                              @ DW_FORM_data1
	.byte	0                               @ EOM(1)
	.byte	0                               @ EOM(2)
	.byte	10                              @ Abbreviation Code
	.byte	40                              @ DW_TAG_enumerator
	.byte	0                               @ DW_CHILDREN_no
	.byte	3                               @ DW_AT_name
	.byte	14                              @ DW_FORM_strp
	.byte	28                              @ DW_AT_const_value
	.byte	15                              @ DW_FORM_udata
	.byte	0                               @ EOM(1)
	.byte	0                               @ EOM(2)
	.byte	11                              @ Abbreviation Code
	.byte	36                              @ DW_TAG_base_type
	.byte	0                               @ DW_CHILDREN_no
	.byte	3                               @ DW_AT_name
	.byte	14                              @ DW_FORM_strp
	.byte	62                              @ DW_AT_encoding
	.byte	11                              @ DW_FORM_data1
	.byte	11                              @ DW_AT_byte_size
	.byte	11                              @ DW_FORM_data1
	.byte	0                               @ EOM(1)
	.byte	0                               @ EOM(2)
	.byte	12                              @ Abbreviation Code
	.byte	36                              @ DW_TAG_base_type
	.byte	0                               @ DW_CHILDREN_no
	.byte	3                               @ DW_AT_name
	.byte	14                              @ DW_FORM_strp
	.byte	11                              @ DW_AT_byte_size
	.byte	11                              @ DW_FORM_data1
	.byte	62                              @ DW_AT_encoding
	.byte	11                              @ DW_FORM_data1
	.byte	0                               @ EOM(1)
	.byte	0                               @ EOM(2)
	.byte	13                              @ Abbreviation Code
	.byte	52                              @ DW_TAG_variable
	.byte	0                               @ DW_CHILDREN_no
	.byte	3                               @ DW_AT_name
	.byte	14                              @ DW_FORM_strp
	.byte	73                              @ DW_AT_type
	.byte	19                              @ DW_FORM_ref4
	.byte	63                              @ DW_AT_external
	.byte	25                              @ DW_FORM_flag_present
	.byte	58                              @ DW_AT_decl_file
	.byte	11                              @ DW_FORM_data1
	.byte	59                              @ DW_AT_decl_line
	.byte	5                               @ DW_FORM_data2
	.byte	2                               @ DW_AT_location
	.byte	24                              @ DW_FORM_exprloc
	.byte	0                               @ EOM(1)
	.byte	0                               @ EOM(2)
	.byte	14                              @ Abbreviation Code
	.byte	19                              @ DW_TAG_structure_type
	.byte	1                               @ DW_CHILDREN_yes
	.byte	3                               @ DW_AT_name
	.byte	14                              @ DW_FORM_strp
	.byte	11                              @ DW_AT_byte_size
	.byte	11                              @ DW_FORM_data1
	.byte	58                              @ DW_AT_decl_file
	.byte	11                              @ DW_FORM_data1
	.byte	59                              @ DW_AT_decl_line
	.byte	11                              @ DW_FORM_data1
	.byte	0                               @ EOM(1)
	.byte	0                               @ EOM(2)
	.byte	15                              @ Abbreviation Code
	.byte	15                              @ DW_TAG_pointer_type
	.byte	0                               @ DW_CHILDREN_no
	.byte	73                              @ DW_AT_type
	.byte	19                              @ DW_FORM_ref4
	.byte	0                               @ EOM(1)
	.byte	0                               @ EOM(2)
	.byte	16                              @ Abbreviation Code
	.byte	21                              @ DW_TAG_subroutine_type
	.byte	1                               @ DW_CHILDREN_yes
	.byte	39                              @ DW_AT_prototyped
	.byte	25                              @ DW_FORM_flag_present
	.byte	0                               @ EOM(1)
	.byte	0                               @ EOM(2)
	.byte	17                              @ Abbreviation Code
	.byte	5                               @ DW_TAG_formal_parameter
	.byte	0                               @ DW_CHILDREN_no
	.byte	73                              @ DW_AT_type
	.byte	19                              @ DW_FORM_ref4
	.byte	0                               @ EOM(1)
	.byte	0                               @ EOM(2)
	.byte	18                              @ Abbreviation Code
	.byte	13                              @ DW_TAG_member
	.byte	0                               @ DW_CHILDREN_no
	.byte	73                              @ DW_AT_type
	.byte	19                              @ DW_FORM_ref4
	.byte	58                              @ DW_AT_decl_file
	.byte	11                              @ DW_FORM_data1
	.byte	59                              @ DW_AT_decl_line
	.byte	11                              @ DW_FORM_data1
	.byte	56                              @ DW_AT_data_member_location
	.byte	11                              @ DW_FORM_data1
	.byte	0                               @ EOM(1)
	.byte	0                               @ EOM(2)
	.byte	19                              @ Abbreviation Code
	.byte	23                              @ DW_TAG_union_type
	.byte	1                               @ DW_CHILDREN_yes
	.byte	11                              @ DW_AT_byte_size
	.byte	11                              @ DW_FORM_data1
	.byte	58                              @ DW_AT_decl_file
	.byte	11                              @ DW_FORM_data1
	.byte	59                              @ DW_AT_decl_line
	.byte	11                              @ DW_FORM_data1
	.byte	0                               @ EOM(1)
	.byte	0                               @ EOM(2)
	.byte	20                              @ Abbreviation Code
	.byte	13                              @ DW_TAG_member
	.byte	0                               @ DW_CHILDREN_no
	.byte	3                               @ DW_AT_name
	.byte	14                              @ DW_FORM_strp
	.byte	73                              @ DW_AT_type
	.byte	19                              @ DW_FORM_ref4
	.byte	58                              @ DW_AT_decl_file
	.byte	11                              @ DW_FORM_data1
	.byte	59                              @ DW_AT_decl_line
	.byte	11                              @ DW_FORM_data1
	.byte	13                              @ DW_AT_bit_size
	.byte	11                              @ DW_FORM_data1
	.byte	107                             @ DW_AT_data_bit_offset
	.byte	11                              @ DW_FORM_data1
	.byte	0                               @ EOM(1)
	.byte	0                               @ EOM(2)
	.byte	21                              @ Abbreviation Code
	.byte	22                              @ DW_TAG_typedef
	.byte	0                               @ DW_CHILDREN_no
	.byte	73                              @ DW_AT_type
	.byte	19                              @ DW_FORM_ref4
	.byte	3                               @ DW_AT_name
	.byte	14                              @ DW_FORM_strp
	.byte	58                              @ DW_AT_decl_file
	.byte	11                              @ DW_FORM_data1
	.byte	59                              @ DW_AT_decl_line
	.byte	5                               @ DW_FORM_data2
	.byte	0                               @ EOM(1)
	.byte	0                               @ EOM(2)
	.byte	22                              @ Abbreviation Code
	.byte	19                              @ DW_TAG_structure_type
	.byte	1                               @ DW_CHILDREN_yes
	.byte	11                              @ DW_AT_byte_size
	.byte	11                              @ DW_FORM_data1
	.byte	58                              @ DW_AT_decl_file
	.byte	11                              @ DW_FORM_data1
	.byte	59                              @ DW_AT_decl_line
	.byte	5                               @ DW_FORM_data2
	.byte	0                               @ EOM(1)
	.byte	0                               @ EOM(2)
	.byte	23                              @ Abbreviation Code
	.byte	13                              @ DW_TAG_member
	.byte	0                               @ DW_CHILDREN_no
	.byte	73                              @ DW_AT_type
	.byte	19                              @ DW_FORM_ref4
	.byte	58                              @ DW_AT_decl_file
	.byte	11                              @ DW_FORM_data1
	.byte	59                              @ DW_AT_decl_line
	.byte	5                               @ DW_FORM_data2
	.byte	56                              @ DW_AT_data_member_location
	.byte	11                              @ DW_FORM_data1
	.byte	0                               @ EOM(1)
	.byte	0                               @ EOM(2)
	.byte	24                              @ Abbreviation Code
	.byte	23                              @ DW_TAG_union_type
	.byte	1                               @ DW_CHILDREN_yes
	.byte	11                              @ DW_AT_byte_size
	.byte	11                              @ DW_FORM_data1
	.byte	58                              @ DW_AT_decl_file
	.byte	11                              @ DW_FORM_data1
	.byte	59                              @ DW_AT_decl_line
	.byte	5                               @ DW_FORM_data2
	.byte	0                               @ EOM(1)
	.byte	0                               @ EOM(2)
	.byte	25                              @ Abbreviation Code
	.byte	13                              @ DW_TAG_member
	.byte	0                               @ DW_CHILDREN_no
	.byte	3                               @ DW_AT_name
	.byte	14                              @ DW_FORM_strp
	.byte	73                              @ DW_AT_type
	.byte	19                              @ DW_FORM_ref4
	.byte	58                              @ DW_AT_decl_file
	.byte	11                              @ DW_FORM_data1
	.byte	59                              @ DW_AT_decl_line
	.byte	5                               @ DW_FORM_data2
	.byte	56                              @ DW_AT_data_member_location
	.byte	11                              @ DW_FORM_data1
	.byte	0                               @ EOM(1)
	.byte	0                               @ EOM(2)
	.byte	26                              @ Abbreviation Code
	.byte	53                              @ DW_TAG_volatile_type
	.byte	0                               @ DW_CHILDREN_no
	.byte	73                              @ DW_AT_type
	.byte	19                              @ DW_FORM_ref4
	.byte	0                               @ EOM(1)
	.byte	0                               @ EOM(2)
	.byte	27                              @ Abbreviation Code
	.byte	13                              @ DW_TAG_member
	.byte	0                               @ DW_CHILDREN_no
	.byte	3                               @ DW_AT_name
	.byte	14                              @ DW_FORM_strp
	.byte	73                              @ DW_AT_type
	.byte	19                              @ DW_FORM_ref4
	.byte	58                              @ DW_AT_decl_file
	.byte	11                              @ DW_FORM_data1
	.byte	59                              @ DW_AT_decl_line
	.byte	5                               @ DW_FORM_data2
	.byte	13                              @ DW_AT_bit_size
	.byte	11                              @ DW_FORM_data1
	.byte	107                             @ DW_AT_data_bit_offset
	.byte	11                              @ DW_FORM_data1
	.byte	0                               @ EOM(1)
	.byte	0                               @ EOM(2)
	.byte	28                              @ Abbreviation Code
	.byte	46                              @ DW_TAG_subprogram
	.byte	1                               @ DW_CHILDREN_yes
	.byte	17                              @ DW_AT_low_pc
	.byte	1                               @ DW_FORM_addr
	.byte	18                              @ DW_AT_high_pc
	.byte	6                               @ DW_FORM_data4
	.byte	64                              @ DW_AT_frame_base
	.byte	24                              @ DW_FORM_exprloc
	.ascii	"\227B"                         @ DW_AT_GNU_all_call_sites
	.byte	25                              @ DW_FORM_flag_present
	.byte	3                               @ DW_AT_name
	.byte	14                              @ DW_FORM_strp
	.byte	58                              @ DW_AT_decl_file
	.byte	11                              @ DW_FORM_data1
	.byte	59                              @ DW_AT_decl_line
	.byte	11                              @ DW_FORM_data1
	.byte	39                              @ DW_AT_prototyped
	.byte	25                              @ DW_FORM_flag_present
	.byte	63                              @ DW_AT_external
	.byte	25                              @ DW_FORM_flag_present
	.byte	0                               @ EOM(1)
	.byte	0                               @ EOM(2)
	.byte	29                              @ Abbreviation Code
	.byte	5                               @ DW_TAG_formal_parameter
	.byte	0                               @ DW_CHILDREN_no
	.byte	2                               @ DW_AT_location
	.byte	24                              @ DW_FORM_exprloc
	.byte	3                               @ DW_AT_name
	.byte	14                              @ DW_FORM_strp
	.byte	58                              @ DW_AT_decl_file
	.byte	11                              @ DW_FORM_data1
	.byte	59                              @ DW_AT_decl_line
	.byte	11                              @ DW_FORM_data1
	.byte	73                              @ DW_AT_type
	.byte	19                              @ DW_FORM_ref4
	.byte	0                               @ EOM(1)
	.byte	0                               @ EOM(2)
	.byte	30                              @ Abbreviation Code
	.byte	52                              @ DW_TAG_variable
	.byte	0                               @ DW_CHILDREN_no
	.byte	2                               @ DW_AT_location
	.byte	24                              @ DW_FORM_exprloc
	.byte	3                               @ DW_AT_name
	.byte	14                              @ DW_FORM_strp
	.byte	58                              @ DW_AT_decl_file
	.byte	11                              @ DW_FORM_data1
	.byte	59                              @ DW_AT_decl_line
	.byte	11                              @ DW_FORM_data1
	.byte	73                              @ DW_AT_type
	.byte	19                              @ DW_FORM_ref4
	.byte	0                               @ EOM(1)
	.byte	0                               @ EOM(2)
	.byte	31                              @ Abbreviation Code
	.byte	46                              @ DW_TAG_subprogram
	.byte	1                               @ DW_CHILDREN_yes
	.byte	17                              @ DW_AT_low_pc
	.byte	1                               @ DW_FORM_addr
	.byte	18                              @ DW_AT_high_pc
	.byte	6                               @ DW_FORM_data4
	.byte	64                              @ DW_AT_frame_base
	.byte	24                              @ DW_FORM_exprloc
	.ascii	"\227B"                         @ DW_AT_GNU_all_call_sites
	.byte	25                              @ DW_FORM_flag_present
	.byte	3                               @ DW_AT_name
	.byte	14                              @ DW_FORM_strp
	.byte	58                              @ DW_AT_decl_file
	.byte	11                              @ DW_FORM_data1
	.byte	59                              @ DW_AT_decl_line
	.byte	5                               @ DW_FORM_data2
	.byte	39                              @ DW_AT_prototyped
	.byte	25                              @ DW_FORM_flag_present
	.byte	63                              @ DW_AT_external
	.byte	25                              @ DW_FORM_flag_present
	.byte	0                               @ EOM(1)
	.byte	0                               @ EOM(2)
	.byte	32                              @ Abbreviation Code
	.byte	5                               @ DW_TAG_formal_parameter
	.byte	0                               @ DW_CHILDREN_no
	.byte	2                               @ DW_AT_location
	.byte	23                              @ DW_FORM_sec_offset
	.byte	3                               @ DW_AT_name
	.byte	14                              @ DW_FORM_strp
	.byte	58                              @ DW_AT_decl_file
	.byte	11                              @ DW_FORM_data1
	.byte	59                              @ DW_AT_decl_line
	.byte	5                               @ DW_FORM_data2
	.byte	73                              @ DW_AT_type
	.byte	19                              @ DW_FORM_ref4
	.byte	0                               @ EOM(1)
	.byte	0                               @ EOM(2)
	.byte	33                              @ Abbreviation Code
	.byte	52                              @ DW_TAG_variable
	.byte	0                               @ DW_CHILDREN_no
	.byte	2                               @ DW_AT_location
	.byte	24                              @ DW_FORM_exprloc
	.byte	3                               @ DW_AT_name
	.byte	14                              @ DW_FORM_strp
	.byte	58                              @ DW_AT_decl_file
	.byte	11                              @ DW_FORM_data1
	.byte	59                              @ DW_AT_decl_line
	.byte	5                               @ DW_FORM_data2
	.byte	73                              @ DW_AT_type
	.byte	19                              @ DW_FORM_ref4
	.byte	0                               @ EOM(1)
	.byte	0                               @ EOM(2)
	.byte	34                              @ Abbreviation Code
	.byte	52                              @ DW_TAG_variable
	.byte	0                               @ DW_CHILDREN_no
	.byte	3                               @ DW_AT_name
	.byte	14                              @ DW_FORM_strp
	.byte	58                              @ DW_AT_decl_file
	.byte	11                              @ DW_FORM_data1
	.byte	59                              @ DW_AT_decl_line
	.byte	5                               @ DW_FORM_data2
	.byte	73                              @ DW_AT_type
	.byte	19                              @ DW_FORM_ref4
	.byte	0                               @ EOM(1)
	.byte	0                               @ EOM(2)
	.byte	35                              @ Abbreviation Code
	.byte	11                              @ DW_TAG_lexical_block
	.byte	1                               @ DW_CHILDREN_yes
	.byte	17                              @ DW_AT_low_pc
	.byte	1                               @ DW_FORM_addr
	.byte	18                              @ DW_AT_high_pc
	.byte	6                               @ DW_FORM_data4
	.byte	0                               @ EOM(1)
	.byte	0                               @ EOM(2)
	.byte	36                              @ Abbreviation Code
	.byte	52                              @ DW_TAG_variable
	.byte	0                               @ DW_CHILDREN_no
	.byte	2                               @ DW_AT_location
	.byte	23                              @ DW_FORM_sec_offset
	.byte	3                               @ DW_AT_name
	.byte	14                              @ DW_FORM_strp
	.byte	58                              @ DW_AT_decl_file
	.byte	11                              @ DW_FORM_data1
	.byte	59                              @ DW_AT_decl_line
	.byte	5                               @ DW_FORM_data2
	.byte	73                              @ DW_AT_type
	.byte	19                              @ DW_FORM_ref4
	.byte	0                               @ EOM(1)
	.byte	0                               @ EOM(2)
	.byte	37                              @ Abbreviation Code
	.byte	5                               @ DW_TAG_formal_parameter
	.byte	0                               @ DW_CHILDREN_no
	.byte	3                               @ DW_AT_name
	.byte	14                              @ DW_FORM_strp
	.byte	58                              @ DW_AT_decl_file
	.byte	11                              @ DW_FORM_data1
	.byte	59                              @ DW_AT_decl_line
	.byte	5                               @ DW_FORM_data2
	.byte	73                              @ DW_AT_type
	.byte	19                              @ DW_FORM_ref4
	.byte	0                               @ EOM(1)
	.byte	0                               @ EOM(2)
	.byte	38                              @ Abbreviation Code
	.byte	5                               @ DW_TAG_formal_parameter
	.byte	0                               @ DW_CHILDREN_no
	.byte	2                               @ DW_AT_location
	.byte	24                              @ DW_FORM_exprloc
	.byte	3                               @ DW_AT_name
	.byte	14                              @ DW_FORM_strp
	.byte	58                              @ DW_AT_decl_file
	.byte	11                              @ DW_FORM_data1
	.byte	59                              @ DW_AT_decl_line
	.byte	5                               @ DW_FORM_data2
	.byte	73                              @ DW_AT_type
	.byte	19                              @ DW_FORM_ref4
	.byte	0                               @ EOM(1)
	.byte	0                               @ EOM(2)
	.byte	0                               @ EOM(3)
	.section	.debug_info,"",%progbits
.Lcu_begin0:
	.long	.Ldebug_info_end0-.Ldebug_info_start0 @ Length of Unit
.Ldebug_info_start0:
	.short	4                               @ DWARF version number
	.long	.debug_abbrev                   @ Offset Into Abbrev. Section
	.byte	4                               @ Address Size (in bytes)
	.byte	1                               @ Abbrev [1] 0xb:0x10c8 DW_TAG_compile_unit
	.long	.Linfo_string0                  @ DW_AT_producer
	.short	12                              @ DW_AT_language
	.long	.Linfo_string1                  @ DW_AT_name
	.long	.Lline_table_start0             @ DW_AT_stmt_list
	.long	.Linfo_string2                  @ DW_AT_comp_dir
	.long	0                               @ DW_AT_low_pc
	.long	.Ldebug_ranges0                 @ DW_AT_ranges
	.byte	2                               @ Abbrev [2] 0x26:0x11 DW_TAG_variable
	.long	.Linfo_string3                  @ DW_AT_name
	.long	55                              @ DW_AT_type
                                        @ DW_AT_external
	.byte	4                               @ DW_AT_decl_file
	.byte	35                              @ DW_AT_decl_line
	.byte	5                               @ DW_AT_location
	.byte	3
	.long	led_pinmux_table
	.byte	3                               @ Abbrev [3] 0x37:0x12 DW_TAG_array_type
	.long	73                              @ DW_AT_type
	.byte	4                               @ Abbrev [4] 0x3c:0x6 DW_TAG_subrange_type
	.long	335                             @ DW_AT_type
	.byte	1                               @ DW_AT_count
	.byte	4                               @ Abbrev [4] 0x42:0x6 DW_TAG_subrange_type
	.long	335                             @ DW_AT_type
	.byte	3                               @ DW_AT_count
	.byte	0                               @ End Of Children Mark
	.byte	5                               @ Abbrev [5] 0x49:0x5 DW_TAG_const_type
	.long	78                              @ DW_AT_type
	.byte	6                               @ Abbrev [6] 0x4e:0xb DW_TAG_typedef
	.long	89                              @ DW_AT_type
	.long	.Linfo_string34                 @ DW_AT_name
	.byte	2                               @ DW_AT_decl_file
	.byte	152                             @ DW_AT_decl_line
	.byte	7                               @ Abbrev [7] 0x59:0x29 DW_TAG_structure_type
	.byte	3                               @ DW_AT_byte_size
	.byte	2                               @ DW_AT_decl_file
	.byte	147                             @ DW_AT_decl_line
	.byte	8                               @ Abbrev [8] 0x5d:0xc DW_TAG_member
	.long	.Linfo_string4                  @ DW_AT_name
	.long	130                             @ DW_AT_type
	.byte	2                               @ DW_AT_decl_file
	.byte	149                             @ DW_AT_decl_line
	.byte	0                               @ DW_AT_data_member_location
	.byte	8                               @ Abbrev [8] 0x69:0xc DW_TAG_member
	.long	.Linfo_string17                 @ DW_AT_name
	.long	217                             @ DW_AT_type
	.byte	2                               @ DW_AT_decl_file
	.byte	150                             @ DW_AT_decl_line
	.byte	1                               @ DW_AT_data_member_location
	.byte	8                               @ Abbrev [8] 0x75:0xc DW_TAG_member
	.long	.Linfo_string27                 @ DW_AT_name
	.long	285                             @ DW_AT_type
	.byte	2                               @ DW_AT_decl_file
	.byte	151                             @ DW_AT_decl_line
	.byte	2                               @ DW_AT_data_member_location
	.byte	0                               @ End Of Children Mark
	.byte	6                               @ Abbrev [6] 0x82:0xb DW_TAG_typedef
	.long	141                             @ DW_AT_type
	.long	.Linfo_string16                 @ DW_AT_name
	.byte	1                               @ DW_AT_decl_file
	.byte	46                              @ DW_AT_decl_line
	.byte	9                               @ Abbrev [9] 0x8d:0x45 DW_TAG_enumeration_type
	.long	210                             @ DW_AT_type
	.byte	1                               @ DW_AT_byte_size
	.byte	1                               @ DW_AT_decl_file
	.byte	34                              @ DW_AT_decl_line
	.byte	10                              @ Abbrev [10] 0x95:0x6 DW_TAG_enumerator
	.long	.Linfo_string6                  @ DW_AT_name
	.byte	0                               @ DW_AT_const_value
	.byte	10                              @ Abbrev [10] 0x9b:0x6 DW_TAG_enumerator
	.long	.Linfo_string7                  @ DW_AT_name
	.byte	1                               @ DW_AT_const_value
	.byte	10                              @ Abbrev [10] 0xa1:0x6 DW_TAG_enumerator
	.long	.Linfo_string8                  @ DW_AT_name
	.byte	2                               @ DW_AT_const_value
	.byte	10                              @ Abbrev [10] 0xa7:0x6 DW_TAG_enumerator
	.long	.Linfo_string9                  @ DW_AT_name
	.byte	3                               @ DW_AT_const_value
	.byte	10                              @ Abbrev [10] 0xad:0x6 DW_TAG_enumerator
	.long	.Linfo_string10                 @ DW_AT_name
	.byte	4                               @ DW_AT_const_value
	.byte	10                              @ Abbrev [10] 0xb3:0x6 DW_TAG_enumerator
	.long	.Linfo_string11                 @ DW_AT_name
	.byte	5                               @ DW_AT_const_value
	.byte	10                              @ Abbrev [10] 0xb9:0x6 DW_TAG_enumerator
	.long	.Linfo_string12                 @ DW_AT_name
	.byte	6                               @ DW_AT_const_value
	.byte	10                              @ Abbrev [10] 0xbf:0x6 DW_TAG_enumerator
	.long	.Linfo_string13                 @ DW_AT_name
	.byte	7                               @ DW_AT_const_value
	.byte	10                              @ Abbrev [10] 0xc5:0x6 DW_TAG_enumerator
	.long	.Linfo_string14                 @ DW_AT_name
	.byte	8                               @ DW_AT_const_value
	.byte	10                              @ Abbrev [10] 0xcb:0x6 DW_TAG_enumerator
	.long	.Linfo_string15                 @ DW_AT_name
	.byte	9                               @ DW_AT_const_value
	.byte	0                               @ End Of Children Mark
	.byte	11                              @ Abbrev [11] 0xd2:0x7 DW_TAG_base_type
	.long	.Linfo_string5                  @ DW_AT_name
	.byte	8                               @ DW_AT_encoding
	.byte	1                               @ DW_AT_byte_size
	.byte	6                               @ Abbrev [6] 0xd9:0xb DW_TAG_typedef
	.long	228                             @ DW_AT_type
	.long	.Linfo_string26                 @ DW_AT_name
	.byte	1                               @ DW_AT_decl_file
	.byte	114                             @ DW_AT_decl_line
	.byte	9                               @ Abbrev [9] 0xe4:0x39 DW_TAG_enumeration_type
	.long	210                             @ DW_AT_type
	.byte	1                               @ DW_AT_byte_size
	.byte	1                               @ DW_AT_decl_file
	.byte	104                             @ DW_AT_decl_line
	.byte	10                              @ Abbrev [10] 0xec:0x6 DW_TAG_enumerator
	.long	.Linfo_string18                 @ DW_AT_name
	.byte	0                               @ DW_AT_const_value
	.byte	10                              @ Abbrev [10] 0xf2:0x6 DW_TAG_enumerator
	.long	.Linfo_string19                 @ DW_AT_name
	.byte	1                               @ DW_AT_const_value
	.byte	10                              @ Abbrev [10] 0xf8:0x6 DW_TAG_enumerator
	.long	.Linfo_string20                 @ DW_AT_name
	.byte	2                               @ DW_AT_const_value
	.byte	10                              @ Abbrev [10] 0xfe:0x6 DW_TAG_enumerator
	.long	.Linfo_string21                 @ DW_AT_name
	.byte	3                               @ DW_AT_const_value
	.byte	10                              @ Abbrev [10] 0x104:0x6 DW_TAG_enumerator
	.long	.Linfo_string22                 @ DW_AT_name
	.byte	4                               @ DW_AT_const_value
	.byte	10                              @ Abbrev [10] 0x10a:0x6 DW_TAG_enumerator
	.long	.Linfo_string23                 @ DW_AT_name
	.byte	5                               @ DW_AT_const_value
	.byte	10                              @ Abbrev [10] 0x110:0x6 DW_TAG_enumerator
	.long	.Linfo_string24                 @ DW_AT_name
	.byte	6                               @ DW_AT_const_value
	.byte	10                              @ Abbrev [10] 0x116:0x6 DW_TAG_enumerator
	.long	.Linfo_string25                 @ DW_AT_name
	.byte	7                               @ DW_AT_const_value
	.byte	0                               @ End Of Children Mark
	.byte	6                               @ Abbrev [6] 0x11d:0xb DW_TAG_typedef
	.long	296                             @ DW_AT_type
	.long	.Linfo_string33                 @ DW_AT_name
	.byte	3                               @ DW_AT_decl_file
	.byte	70                              @ DW_AT_decl_line
	.byte	9                               @ Abbrev [9] 0x128:0x27 DW_TAG_enumeration_type
	.long	210                             @ DW_AT_type
	.byte	1                               @ DW_AT_byte_size
	.byte	3                               @ DW_AT_decl_file
	.byte	63                              @ DW_AT_decl_line
	.byte	10                              @ Abbrev [10] 0x130:0x6 DW_TAG_enumerator
	.long	.Linfo_string28                 @ DW_AT_name
	.byte	0                               @ DW_AT_const_value
	.byte	10                              @ Abbrev [10] 0x136:0x6 DW_TAG_enumerator
	.long	.Linfo_string29                 @ DW_AT_name
	.byte	1                               @ DW_AT_const_value
	.byte	10                              @ Abbrev [10] 0x13c:0x6 DW_TAG_enumerator
	.long	.Linfo_string30                 @ DW_AT_name
	.byte	2                               @ DW_AT_const_value
	.byte	10                              @ Abbrev [10] 0x142:0x6 DW_TAG_enumerator
	.long	.Linfo_string31                 @ DW_AT_name
	.byte	3                               @ DW_AT_const_value
	.byte	10                              @ Abbrev [10] 0x148:0x6 DW_TAG_enumerator
	.long	.Linfo_string32                 @ DW_AT_name
	.byte	4                               @ DW_AT_const_value
	.byte	0                               @ End Of Children Mark
	.byte	12                              @ Abbrev [12] 0x14f:0x7 DW_TAG_base_type
	.long	.Linfo_string35                 @ DW_AT_name
	.byte	8                               @ DW_AT_byte_size
	.byte	7                               @ DW_AT_encoding
	.byte	2                               @ Abbrev [2] 0x156:0x11 DW_TAG_variable
	.long	.Linfo_string36                 @ DW_AT_name
	.long	359                             @ DW_AT_type
                                        @ DW_AT_external
	.byte	4                               @ DW_AT_decl_file
	.byte	47                              @ DW_AT_decl_line
	.byte	5                               @ DW_AT_location
	.byte	3
	.long	led_mux_table
	.byte	3                               @ Abbrev [3] 0x167:0xc DW_TAG_array_type
	.long	371                             @ DW_AT_type
	.byte	4                               @ Abbrev [4] 0x16c:0x6 DW_TAG_subrange_type
	.long	335                             @ DW_AT_type
	.byte	1                               @ DW_AT_count
	.byte	0                               @ End Of Children Mark
	.byte	5                               @ Abbrev [5] 0x173:0x5 DW_TAG_const_type
	.long	376                             @ DW_AT_type
	.byte	6                               @ Abbrev [6] 0x178:0xb DW_TAG_typedef
	.long	210                             @ DW_AT_type
	.long	.Linfo_string37                 @ DW_AT_name
	.byte	5                               @ DW_AT_decl_file
	.byte	62                              @ DW_AT_decl_line
	.byte	13                              @ Abbrev [13] 0x183:0x12 DW_TAG_variable
	.long	.Linfo_string38                 @ DW_AT_name
	.long	405                             @ DW_AT_type
                                        @ DW_AT_external
	.byte	7                               @ DW_AT_decl_file
	.short	664                             @ DW_AT_decl_line
	.byte	5                               @ DW_AT_location
	.byte	3
	.long	led_ctrl_instance_def
	.byte	5                               @ Abbrev [5] 0x195:0x5 DW_TAG_const_type
	.long	410                             @ DW_AT_type
	.byte	6                               @ Abbrev [6] 0x19a:0xb DW_TAG_typedef
	.long	421                             @ DW_AT_type
	.long	.Linfo_string53                 @ DW_AT_name
	.byte	6                               @ DW_AT_decl_file
	.byte	52                              @ DW_AT_decl_line
	.byte	14                              @ Abbrev [14] 0x1a5:0x75 DW_TAG_structure_type
	.long	.Linfo_string52                 @ DW_AT_name
	.byte	36                              @ DW_AT_byte_size
	.byte	6                               @ DW_AT_decl_file
	.byte	41                              @ DW_AT_decl_line
	.byte	8                               @ Abbrev [8] 0x1ad:0xc DW_TAG_member
	.long	.Linfo_string39                 @ DW_AT_name
	.long	538                             @ DW_AT_type
	.byte	6                               @ DW_AT_decl_file
	.byte	43                              @ DW_AT_decl_line
	.byte	0                               @ DW_AT_data_member_location
	.byte	8                               @ Abbrev [8] 0x1b9:0xc DW_TAG_member
	.long	.Linfo_string41                 @ DW_AT_name
	.long	561                             @ DW_AT_type
	.byte	6                               @ DW_AT_decl_file
	.byte	44                              @ DW_AT_decl_line
	.byte	4                               @ DW_AT_data_member_location
	.byte	8                               @ Abbrev [8] 0x1c5:0xc DW_TAG_member
	.long	.Linfo_string43                 @ DW_AT_name
	.long	561                             @ DW_AT_type
	.byte	6                               @ DW_AT_decl_file
	.byte	45                              @ DW_AT_decl_line
	.byte	8                               @ DW_AT_data_member_location
	.byte	8                               @ Abbrev [8] 0x1d1:0xc DW_TAG_member
	.long	.Linfo_string44                 @ DW_AT_name
	.long	585                             @ DW_AT_type
	.byte	6                               @ DW_AT_decl_file
	.byte	46                              @ DW_AT_decl_line
	.byte	12                              @ DW_AT_data_member_location
	.byte	8                               @ Abbrev [8] 0x1dd:0xc DW_TAG_member
	.long	.Linfo_string47                 @ DW_AT_name
	.long	585                             @ DW_AT_type
	.byte	6                               @ DW_AT_decl_file
	.byte	47                              @ DW_AT_decl_line
	.byte	16                              @ DW_AT_data_member_location
	.byte	8                               @ Abbrev [8] 0x1e9:0xc DW_TAG_member
	.long	.Linfo_string48                 @ DW_AT_name
	.long	625                             @ DW_AT_type
	.byte	6                               @ DW_AT_decl_file
	.byte	48                              @ DW_AT_decl_line
	.byte	20                              @ DW_AT_data_member_location
	.byte	8                               @ Abbrev [8] 0x1f5:0xc DW_TAG_member
	.long	.Linfo_string49                 @ DW_AT_name
	.long	625                             @ DW_AT_type
	.byte	6                               @ DW_AT_decl_file
	.byte	49                              @ DW_AT_decl_line
	.byte	24                              @ DW_AT_data_member_location
	.byte	8                               @ Abbrev [8] 0x201:0xc DW_TAG_member
	.long	.Linfo_string50                 @ DW_AT_name
	.long	561                             @ DW_AT_type
	.byte	6                               @ DW_AT_decl_file
	.byte	50                              @ DW_AT_decl_line
	.byte	28                              @ DW_AT_data_member_location
	.byte	8                               @ Abbrev [8] 0x20d:0xc DW_TAG_member
	.long	.Linfo_string51                 @ DW_AT_name
	.long	647                             @ DW_AT_type
	.byte	6                               @ DW_AT_decl_file
	.byte	51                              @ DW_AT_decl_line
	.byte	32                              @ DW_AT_data_member_location
	.byte	0                               @ End Of Children Mark
	.byte	15                              @ Abbrev [15] 0x21a:0x5 DW_TAG_pointer_type
	.long	543                             @ DW_AT_type
	.byte	16                              @ Abbrev [16] 0x21f:0x7 DW_TAG_subroutine_type
                                        @ DW_AT_prototyped
	.byte	17                              @ Abbrev [17] 0x220:0x5 DW_TAG_formal_parameter
	.long	550                             @ DW_AT_type
	.byte	0                               @ End Of Children Mark
	.byte	6                               @ Abbrev [6] 0x226:0xb DW_TAG_typedef
	.long	376                             @ DW_AT_type
	.long	.Linfo_string40                 @ DW_AT_name
	.byte	2                               @ DW_AT_decl_file
	.byte	130                             @ DW_AT_decl_line
	.byte	15                              @ Abbrev [15] 0x231:0x5 DW_TAG_pointer_type
	.long	566                             @ DW_AT_type
	.byte	16                              @ Abbrev [16] 0x236:0xc DW_TAG_subroutine_type
                                        @ DW_AT_prototyped
	.byte	17                              @ Abbrev [17] 0x237:0x5 DW_TAG_formal_parameter
	.long	550                             @ DW_AT_type
	.byte	17                              @ Abbrev [17] 0x23c:0x5 DW_TAG_formal_parameter
	.long	578                             @ DW_AT_type
	.byte	0                               @ End Of Children Mark
	.byte	11                              @ Abbrev [11] 0x242:0x7 DW_TAG_base_type
	.long	.Linfo_string42                 @ DW_AT_name
	.byte	2                               @ DW_AT_encoding
	.byte	1                               @ DW_AT_byte_size
	.byte	15                              @ Abbrev [15] 0x249:0x5 DW_TAG_pointer_type
	.long	590                             @ DW_AT_type
	.byte	16                              @ Abbrev [16] 0x24e:0xc DW_TAG_subroutine_type
                                        @ DW_AT_prototyped
	.byte	17                              @ Abbrev [17] 0x24f:0x5 DW_TAG_formal_parameter
	.long	550                             @ DW_AT_type
	.byte	17                              @ Abbrev [17] 0x254:0x5 DW_TAG_formal_parameter
	.long	602                             @ DW_AT_type
	.byte	0                               @ End Of Children Mark
	.byte	15                              @ Abbrev [15] 0x25a:0x5 DW_TAG_pointer_type
	.long	607                             @ DW_AT_type
	.byte	6                               @ Abbrev [6] 0x25f:0xb DW_TAG_typedef
	.long	618                             @ DW_AT_type
	.long	.Linfo_string46                 @ DW_AT_name
	.byte	5                               @ DW_AT_decl_file
	.byte	63                              @ DW_AT_decl_line
	.byte	11                              @ Abbrev [11] 0x26a:0x7 DW_TAG_base_type
	.long	.Linfo_string45                 @ DW_AT_name
	.byte	7                               @ DW_AT_encoding
	.byte	2                               @ DW_AT_byte_size
	.byte	15                              @ Abbrev [15] 0x271:0x5 DW_TAG_pointer_type
	.long	630                             @ DW_AT_type
	.byte	16                              @ Abbrev [16] 0x276:0xc DW_TAG_subroutine_type
                                        @ DW_AT_prototyped
	.byte	17                              @ Abbrev [17] 0x277:0x5 DW_TAG_formal_parameter
	.long	550                             @ DW_AT_type
	.byte	17                              @ Abbrev [17] 0x27c:0x5 DW_TAG_formal_parameter
	.long	642                             @ DW_AT_type
	.byte	0                               @ End Of Children Mark
	.byte	15                              @ Abbrev [15] 0x282:0x5 DW_TAG_pointer_type
	.long	376                             @ DW_AT_type
	.byte	15                              @ Abbrev [15] 0x287:0x5 DW_TAG_pointer_type
	.long	652                             @ DW_AT_type
	.byte	16                              @ Abbrev [16] 0x28c:0xc DW_TAG_subroutine_type
                                        @ DW_AT_prototyped
	.byte	17                              @ Abbrev [17] 0x28d:0x5 DW_TAG_formal_parameter
	.long	550                             @ DW_AT_type
	.byte	17                              @ Abbrev [17] 0x292:0x5 DW_TAG_formal_parameter
	.long	664                             @ DW_AT_type
	.byte	0                               @ End Of Children Mark
	.byte	15                              @ Abbrev [15] 0x298:0x5 DW_TAG_pointer_type
	.long	642                             @ DW_AT_type
	.byte	2                               @ Abbrev [2] 0x29d:0x11 DW_TAG_variable
	.long	.Linfo_string54                 @ DW_AT_name
	.long	686                             @ DW_AT_type
                                        @ DW_AT_external
	.byte	7                               @ DW_AT_decl_file
	.byte	80                              @ DW_AT_decl_line
	.byte	5                               @ DW_AT_location
	.byte	3
	.long	led_ctrl_context
	.byte	3                               @ Abbrev [3] 0x2ae:0xc DW_TAG_array_type
	.long	698                             @ DW_AT_type
	.byte	4                               @ Abbrev [4] 0x2b3:0x6 DW_TAG_subrange_type
	.long	335                             @ DW_AT_type
	.byte	1                               @ DW_AT_count
	.byte	0                               @ End Of Children Mark
	.byte	6                               @ Abbrev [6] 0x2ba:0xb DW_TAG_typedef
	.long	709                             @ DW_AT_type
	.long	.Linfo_string64                 @ DW_AT_name
	.byte	8                               @ DW_AT_decl_file
	.byte	70                              @ DW_AT_decl_line
	.byte	7                               @ Abbrev [7] 0x2c5:0x36 DW_TAG_structure_type
	.byte	4                               @ DW_AT_byte_size
	.byte	8                               @ DW_AT_decl_file
	.byte	55                              @ DW_AT_decl_line
	.byte	8                               @ Abbrev [8] 0x2c9:0xc DW_TAG_member
	.long	.Linfo_string55                 @ DW_AT_name
	.long	763                             @ DW_AT_type
	.byte	8                               @ DW_AT_decl_file
	.byte	60                              @ DW_AT_decl_line
	.byte	0                               @ DW_AT_data_member_location
	.byte	18                              @ Abbrev [18] 0x2d5:0x8 DW_TAG_member
	.long	733                             @ DW_AT_type
	.byte	8                               @ DW_AT_decl_file
	.byte	61                              @ DW_AT_decl_line
	.byte	3                               @ DW_AT_data_member_location
	.byte	19                              @ Abbrev [19] 0x2dd:0x1d DW_TAG_union_type
	.byte	1                               @ DW_AT_byte_size
	.byte	8                               @ DW_AT_decl_file
	.byte	61                              @ DW_AT_decl_line
	.byte	8                               @ Abbrev [8] 0x2e1:0xc DW_TAG_member
	.long	.Linfo_string58                 @ DW_AT_name
	.long	376                             @ DW_AT_type
	.byte	8                               @ DW_AT_decl_file
	.byte	63                              @ DW_AT_decl_line
	.byte	0                               @ DW_AT_data_member_location
	.byte	8                               @ Abbrev [8] 0x2ed:0xc DW_TAG_member
	.long	.Linfo_string59                 @ DW_AT_name
	.long	803                             @ DW_AT_type
	.byte	8                               @ DW_AT_decl_file
	.byte	64                              @ DW_AT_decl_line
	.byte	0                               @ DW_AT_data_member_location
	.byte	0                               @ End Of Children Mark
	.byte	0                               @ End Of Children Mark
	.byte	6                               @ Abbrev [6] 0x2fb:0xb DW_TAG_typedef
	.long	774                             @ DW_AT_type
	.long	.Linfo_string57                 @ DW_AT_name
	.byte	8                               @ DW_AT_decl_file
	.byte	40                              @ DW_AT_decl_line
	.byte	7                               @ Abbrev [7] 0x306:0x11 DW_TAG_structure_type
	.byte	3                               @ DW_AT_byte_size
	.byte	8                               @ DW_AT_decl_file
	.byte	37                              @ DW_AT_decl_line
	.byte	8                               @ Abbrev [8] 0x30a:0xc DW_TAG_member
	.long	.Linfo_string56                 @ DW_AT_name
	.long	791                             @ DW_AT_type
	.byte	8                               @ DW_AT_decl_file
	.byte	39                              @ DW_AT_decl_line
	.byte	0                               @ DW_AT_data_member_location
	.byte	0                               @ End Of Children Mark
	.byte	3                               @ Abbrev [3] 0x317:0xc DW_TAG_array_type
	.long	376                             @ DW_AT_type
	.byte	4                               @ Abbrev [4] 0x31c:0x6 DW_TAG_subrange_type
	.long	335                             @ DW_AT_type
	.byte	3                               @ DW_AT_count
	.byte	0                               @ End Of Children Mark
	.byte	6                               @ Abbrev [6] 0x323:0xb DW_TAG_typedef
	.long	814                             @ DW_AT_type
	.long	.Linfo_string63                 @ DW_AT_name
	.byte	8                               @ DW_AT_decl_file
	.byte	50                              @ DW_AT_decl_line
	.byte	7                               @ Abbrev [7] 0x32e:0x2c DW_TAG_structure_type
	.byte	1                               @ DW_AT_byte_size
	.byte	8                               @ DW_AT_decl_file
	.byte	45                              @ DW_AT_decl_line
	.byte	20                              @ Abbrev [20] 0x332:0xd DW_TAG_member
	.long	.Linfo_string60                 @ DW_AT_name
	.long	376                             @ DW_AT_type
	.byte	8                               @ DW_AT_decl_file
	.byte	47                              @ DW_AT_decl_line
	.byte	1                               @ DW_AT_bit_size
	.byte	0                               @ DW_AT_data_bit_offset
	.byte	20                              @ Abbrev [20] 0x33f:0xd DW_TAG_member
	.long	.Linfo_string61                 @ DW_AT_name
	.long	376                             @ DW_AT_type
	.byte	8                               @ DW_AT_decl_file
	.byte	48                              @ DW_AT_decl_line
	.byte	1                               @ DW_AT_bit_size
	.byte	1                               @ DW_AT_data_bit_offset
	.byte	20                              @ Abbrev [20] 0x34c:0xd DW_TAG_member
	.long	.Linfo_string62                 @ DW_AT_name
	.long	376                             @ DW_AT_type
	.byte	8                               @ DW_AT_decl_file
	.byte	49                              @ DW_AT_decl_line
	.byte	6                               @ DW_AT_bit_size
	.byte	2                               @ DW_AT_data_bit_offset
	.byte	0                               @ End Of Children Mark
	.byte	9                               @ Abbrev [9] 0x35a:0x1b DW_TAG_enumeration_type
	.long	210                             @ DW_AT_type
	.byte	1                               @ DW_AT_byte_size
	.byte	9                               @ DW_AT_decl_file
	.byte	130                             @ DW_AT_decl_line
	.byte	10                              @ Abbrev [10] 0x362:0x6 DW_TAG_enumerator
	.long	.Linfo_string65                 @ DW_AT_name
	.byte	0                               @ DW_AT_const_value
	.byte	10                              @ Abbrev [10] 0x368:0x6 DW_TAG_enumerator
	.long	.Linfo_string66                 @ DW_AT_name
	.byte	1                               @ DW_AT_const_value
	.byte	10                              @ Abbrev [10] 0x36e:0x6 DW_TAG_enumerator
	.long	.Linfo_string67                 @ DW_AT_name
	.byte	2                               @ DW_AT_const_value
	.byte	0                               @ End Of Children Mark
	.byte	9                               @ Abbrev [9] 0x375:0x1b DW_TAG_enumeration_type
	.long	210                             @ DW_AT_type
	.byte	1                               @ DW_AT_byte_size
	.byte	3                               @ DW_AT_decl_file
	.byte	118                             @ DW_AT_decl_line
	.byte	10                              @ Abbrev [10] 0x37d:0x6 DW_TAG_enumerator
	.long	.Linfo_string68                 @ DW_AT_name
	.byte	0                               @ DW_AT_const_value
	.byte	10                              @ Abbrev [10] 0x383:0x6 DW_TAG_enumerator
	.long	.Linfo_string69                 @ DW_AT_name
	.byte	1                               @ DW_AT_const_value
	.byte	10                              @ Abbrev [10] 0x389:0x6 DW_TAG_enumerator
	.long	.Linfo_string70                 @ DW_AT_name
	.byte	2                               @ DW_AT_const_value
	.byte	0                               @ End Of Children Mark
	.byte	9                               @ Abbrev [9] 0x390:0x1b DW_TAG_enumeration_type
	.long	210                             @ DW_AT_type
	.byte	1                               @ DW_AT_byte_size
	.byte	3                               @ DW_AT_decl_file
	.byte	128                             @ DW_AT_decl_line
	.byte	10                              @ Abbrev [10] 0x398:0x6 DW_TAG_enumerator
	.long	.Linfo_string71                 @ DW_AT_name
	.byte	0                               @ DW_AT_const_value
	.byte	10                              @ Abbrev [10] 0x39e:0x6 DW_TAG_enumerator
	.long	.Linfo_string72                 @ DW_AT_name
	.byte	1                               @ DW_AT_const_value
	.byte	10                              @ Abbrev [10] 0x3a4:0x6 DW_TAG_enumerator
	.long	.Linfo_string73                 @ DW_AT_name
	.byte	2                               @ DW_AT_const_value
	.byte	0                               @ End Of Children Mark
	.byte	9                               @ Abbrev [9] 0x3ab:0x27 DW_TAG_enumeration_type
	.long	210                             @ DW_AT_type
	.byte	1                               @ DW_AT_byte_size
	.byte	3                               @ DW_AT_decl_file
	.byte	137                             @ DW_AT_decl_line
	.byte	10                              @ Abbrev [10] 0x3b3:0x6 DW_TAG_enumerator
	.long	.Linfo_string74                 @ DW_AT_name
	.byte	0                               @ DW_AT_const_value
	.byte	10                              @ Abbrev [10] 0x3b9:0x6 DW_TAG_enumerator
	.long	.Linfo_string75                 @ DW_AT_name
	.byte	1                               @ DW_AT_const_value
	.byte	10                              @ Abbrev [10] 0x3bf:0x6 DW_TAG_enumerator
	.long	.Linfo_string76                 @ DW_AT_name
	.byte	2                               @ DW_AT_const_value
	.byte	10                              @ Abbrev [10] 0x3c5:0x6 DW_TAG_enumerator
	.long	.Linfo_string77                 @ DW_AT_name
	.byte	3                               @ DW_AT_const_value
	.byte	10                              @ Abbrev [10] 0x3cb:0x6 DW_TAG_enumerator
	.long	.Linfo_string78                 @ DW_AT_name
	.byte	4                               @ DW_AT_const_value
	.byte	0                               @ End Of Children Mark
	.byte	9                               @ Abbrev [9] 0x3d2:0x15 DW_TAG_enumeration_type
	.long	210                             @ DW_AT_type
	.byte	1                               @ DW_AT_byte_size
	.byte	3                               @ DW_AT_decl_file
	.byte	54                              @ DW_AT_decl_line
	.byte	10                              @ Abbrev [10] 0x3da:0x6 DW_TAG_enumerator
	.long	.Linfo_string79                 @ DW_AT_name
	.byte	0                               @ DW_AT_const_value
	.byte	10                              @ Abbrev [10] 0x3e0:0x6 DW_TAG_enumerator
	.long	.Linfo_string80                 @ DW_AT_name
	.byte	1                               @ DW_AT_const_value
	.byte	0                               @ End Of Children Mark
	.byte	9                               @ Abbrev [9] 0x3e7:0x2d DW_TAG_enumeration_type
	.long	210                             @ DW_AT_type
	.byte	1                               @ DW_AT_byte_size
	.byte	9                               @ DW_AT_decl_file
	.byte	153                             @ DW_AT_decl_line
	.byte	10                              @ Abbrev [10] 0x3ef:0x6 DW_TAG_enumerator
	.long	.Linfo_string81                 @ DW_AT_name
	.byte	0                               @ DW_AT_const_value
	.byte	10                              @ Abbrev [10] 0x3f5:0x6 DW_TAG_enumerator
	.long	.Linfo_string82                 @ DW_AT_name
	.byte	1                               @ DW_AT_const_value
	.byte	10                              @ Abbrev [10] 0x3fb:0x6 DW_TAG_enumerator
	.long	.Linfo_string83                 @ DW_AT_name
	.byte	2                               @ DW_AT_const_value
	.byte	10                              @ Abbrev [10] 0x401:0x6 DW_TAG_enumerator
	.long	.Linfo_string84                 @ DW_AT_name
	.byte	3                               @ DW_AT_const_value
	.byte	10                              @ Abbrev [10] 0x407:0x6 DW_TAG_enumerator
	.long	.Linfo_string85                 @ DW_AT_name
	.byte	4                               @ DW_AT_const_value
	.byte	10                              @ Abbrev [10] 0x40d:0x6 DW_TAG_enumerator
	.long	.Linfo_string86                 @ DW_AT_name
	.byte	5                               @ DW_AT_const_value
	.byte	0                               @ End Of Children Mark
	.byte	9                               @ Abbrev [9] 0x414:0x1b DW_TAG_enumeration_type
	.long	210                             @ DW_AT_type
	.byte	1                               @ DW_AT_byte_size
	.byte	3                               @ DW_AT_decl_file
	.byte	108                             @ DW_AT_decl_line
	.byte	10                              @ Abbrev [10] 0x41c:0x6 DW_TAG_enumerator
	.long	.Linfo_string87                 @ DW_AT_name
	.byte	0                               @ DW_AT_const_value
	.byte	10                              @ Abbrev [10] 0x422:0x6 DW_TAG_enumerator
	.long	.Linfo_string88                 @ DW_AT_name
	.byte	1                               @ DW_AT_const_value
	.byte	10                              @ Abbrev [10] 0x428:0x6 DW_TAG_enumerator
	.long	.Linfo_string89                 @ DW_AT_name
	.byte	2                               @ DW_AT_const_value
	.byte	0                               @ End Of Children Mark
	.byte	9                               @ Abbrev [9] 0x42f:0x1b DW_TAG_enumeration_type
	.long	210                             @ DW_AT_type
	.byte	1                               @ DW_AT_byte_size
	.byte	3                               @ DW_AT_decl_file
	.byte	76                              @ DW_AT_decl_line
	.byte	10                              @ Abbrev [10] 0x437:0x6 DW_TAG_enumerator
	.long	.Linfo_string90                 @ DW_AT_name
	.byte	0                               @ DW_AT_const_value
	.byte	10                              @ Abbrev [10] 0x43d:0x6 DW_TAG_enumerator
	.long	.Linfo_string91                 @ DW_AT_name
	.byte	1                               @ DW_AT_const_value
	.byte	10                              @ Abbrev [10] 0x443:0x6 DW_TAG_enumerator
	.long	.Linfo_string92                 @ DW_AT_name
	.byte	2                               @ DW_AT_const_value
	.byte	0                               @ End Of Children Mark
	.byte	9                               @ Abbrev [9] 0x44a:0x1b DW_TAG_enumeration_type
	.long	210                             @ DW_AT_type
	.byte	1                               @ DW_AT_byte_size
	.byte	3                               @ DW_AT_decl_file
	.byte	97                              @ DW_AT_decl_line
	.byte	10                              @ Abbrev [10] 0x452:0x6 DW_TAG_enumerator
	.long	.Linfo_string93                 @ DW_AT_name
	.byte	0                               @ DW_AT_const_value
	.byte	10                              @ Abbrev [10] 0x458:0x6 DW_TAG_enumerator
	.long	.Linfo_string94                 @ DW_AT_name
	.byte	1                               @ DW_AT_const_value
	.byte	10                              @ Abbrev [10] 0x45e:0x6 DW_TAG_enumerator
	.long	.Linfo_string95                 @ DW_AT_name
	.byte	2                               @ DW_AT_const_value
	.byte	0                               @ End Of Children Mark
	.byte	9                               @ Abbrev [9] 0x465:0x27 DW_TAG_enumeration_type
	.long	210                             @ DW_AT_type
	.byte	1                               @ DW_AT_byte_size
	.byte	3                               @ DW_AT_decl_file
	.byte	85                              @ DW_AT_decl_line
	.byte	10                              @ Abbrev [10] 0x46d:0x6 DW_TAG_enumerator
	.long	.Linfo_string96                 @ DW_AT_name
	.byte	0                               @ DW_AT_const_value
	.byte	10                              @ Abbrev [10] 0x473:0x6 DW_TAG_enumerator
	.long	.Linfo_string97                 @ DW_AT_name
	.byte	1                               @ DW_AT_const_value
	.byte	10                              @ Abbrev [10] 0x479:0x6 DW_TAG_enumerator
	.long	.Linfo_string98                 @ DW_AT_name
	.byte	2                               @ DW_AT_const_value
	.byte	10                              @ Abbrev [10] 0x47f:0x6 DW_TAG_enumerator
	.long	.Linfo_string99                 @ DW_AT_name
	.byte	3                               @ DW_AT_const_value
	.byte	10                              @ Abbrev [10] 0x485:0x6 DW_TAG_enumerator
	.long	.Linfo_string100                @ DW_AT_name
	.byte	4                               @ DW_AT_const_value
	.byte	0                               @ End Of Children Mark
	.byte	9                               @ Abbrev [9] 0x48c:0x21 DW_TAG_enumeration_type
	.long	210                             @ DW_AT_type
	.byte	1                               @ DW_AT_byte_size
	.byte	2                               @ DW_AT_decl_file
	.byte	135                             @ DW_AT_decl_line
	.byte	10                              @ Abbrev [10] 0x494:0x6 DW_TAG_enumerator
	.long	.Linfo_string101                @ DW_AT_name
	.byte	0                               @ DW_AT_const_value
	.byte	10                              @ Abbrev [10] 0x49a:0x6 DW_TAG_enumerator
	.long	.Linfo_string102                @ DW_AT_name
	.byte	1                               @ DW_AT_const_value
	.byte	10                              @ Abbrev [10] 0x4a0:0x6 DW_TAG_enumerator
	.long	.Linfo_string103                @ DW_AT_name
	.byte	2                               @ DW_AT_const_value
	.byte	10                              @ Abbrev [10] 0x4a6:0x6 DW_TAG_enumerator
	.long	.Linfo_string104                @ DW_AT_name
	.byte	3                               @ DW_AT_const_value
	.byte	0                               @ End Of Children Mark
	.byte	9                               @ Abbrev [9] 0x4ad:0x45 DW_TAG_enumeration_type
	.long	210                             @ DW_AT_type
	.byte	1                               @ DW_AT_byte_size
	.byte	10                              @ DW_AT_decl_file
	.byte	63                              @ DW_AT_decl_line
	.byte	10                              @ Abbrev [10] 0x4b5:0x6 DW_TAG_enumerator
	.long	.Linfo_string105                @ DW_AT_name
	.byte	0                               @ DW_AT_const_value
	.byte	10                              @ Abbrev [10] 0x4bb:0x6 DW_TAG_enumerator
	.long	.Linfo_string106                @ DW_AT_name
	.byte	1                               @ DW_AT_const_value
	.byte	10                              @ Abbrev [10] 0x4c1:0x6 DW_TAG_enumerator
	.long	.Linfo_string107                @ DW_AT_name
	.byte	2                               @ DW_AT_const_value
	.byte	10                              @ Abbrev [10] 0x4c7:0x6 DW_TAG_enumerator
	.long	.Linfo_string108                @ DW_AT_name
	.byte	3                               @ DW_AT_const_value
	.byte	10                              @ Abbrev [10] 0x4cd:0x6 DW_TAG_enumerator
	.long	.Linfo_string109                @ DW_AT_name
	.byte	4                               @ DW_AT_const_value
	.byte	10                              @ Abbrev [10] 0x4d3:0x6 DW_TAG_enumerator
	.long	.Linfo_string110                @ DW_AT_name
	.byte	5                               @ DW_AT_const_value
	.byte	10                              @ Abbrev [10] 0x4d9:0x6 DW_TAG_enumerator
	.long	.Linfo_string111                @ DW_AT_name
	.byte	6                               @ DW_AT_const_value
	.byte	10                              @ Abbrev [10] 0x4df:0x6 DW_TAG_enumerator
	.long	.Linfo_string112                @ DW_AT_name
	.byte	7                               @ DW_AT_const_value
	.byte	10                              @ Abbrev [10] 0x4e5:0x6 DW_TAG_enumerator
	.long	.Linfo_string113                @ DW_AT_name
	.byte	8                               @ DW_AT_const_value
	.byte	10                              @ Abbrev [10] 0x4eb:0x6 DW_TAG_enumerator
	.long	.Linfo_string114                @ DW_AT_name
	.byte	9                               @ DW_AT_const_value
	.byte	0                               @ End Of Children Mark
	.byte	15                              @ Abbrev [15] 0x4f2:0x5 DW_TAG_pointer_type
	.long	1271                            @ DW_AT_type
	.byte	21                              @ Abbrev [21] 0x4f7:0xc DW_TAG_typedef
	.long	1283                            @ DW_AT_type
	.long	.Linfo_string208                @ DW_AT_name
	.byte	11                              @ DW_AT_decl_file
	.short	532                             @ DW_AT_decl_line
	.byte	22                              @ Abbrev [22] 0x503:0x177 DW_TAG_structure_type
	.byte	36                              @ DW_AT_byte_size
	.byte	11                              @ DW_AT_decl_file
	.short	476                             @ DW_AT_decl_line
	.byte	23                              @ Abbrev [23] 0x508:0x9 DW_TAG_member
	.long	1297                            @ DW_AT_type
	.byte	11                              @ DW_AT_decl_file
	.short	478                             @ DW_AT_decl_line
	.byte	0                               @ DW_AT_data_member_location
	.byte	24                              @ Abbrev [24] 0x511:0x20 DW_TAG_union_type
	.byte	4                               @ DW_AT_byte_size
	.byte	11                              @ DW_AT_decl_file
	.short	478                             @ DW_AT_decl_line
	.byte	25                              @ Abbrev [25] 0x516:0xd DW_TAG_member
	.long	.Linfo_string115                @ DW_AT_name
	.long	1658                            @ DW_AT_type
	.byte	11                              @ DW_AT_decl_file
	.short	480                             @ DW_AT_decl_line
	.byte	0                               @ DW_AT_data_member_location
	.byte	25                              @ Abbrev [25] 0x523:0xd DW_TAG_member
	.long	.Linfo_string118                @ DW_AT_name
	.long	1681                            @ DW_AT_type
	.byte	11                              @ DW_AT_decl_file
	.short	481                             @ DW_AT_decl_line
	.byte	0                               @ DW_AT_data_member_location
	.byte	0                               @ End Of Children Mark
	.byte	23                              @ Abbrev [23] 0x531:0x9 DW_TAG_member
	.long	1338                            @ DW_AT_type
	.byte	11                              @ DW_AT_decl_file
	.short	484                             @ DW_AT_decl_line
	.byte	4                               @ DW_AT_data_member_location
	.byte	24                              @ Abbrev [24] 0x53a:0x20 DW_TAG_union_type
	.byte	4                               @ DW_AT_byte_size
	.byte	11                              @ DW_AT_decl_file
	.short	484                             @ DW_AT_decl_line
	.byte	25                              @ Abbrev [25] 0x53f:0xd DW_TAG_member
	.long	.Linfo_string128                @ DW_AT_name
	.long	1658                            @ DW_AT_type
	.byte	11                              @ DW_AT_decl_file
	.short	486                             @ DW_AT_decl_line
	.byte	0                               @ DW_AT_data_member_location
	.byte	25                              @ Abbrev [25] 0x54c:0xd DW_TAG_member
	.long	.Linfo_string129                @ DW_AT_name
	.long	1816                            @ DW_AT_type
	.byte	11                              @ DW_AT_decl_file
	.short	487                             @ DW_AT_decl_line
	.byte	0                               @ DW_AT_data_member_location
	.byte	0                               @ End Of Children Mark
	.byte	23                              @ Abbrev [23] 0x55a:0x9 DW_TAG_member
	.long	1379                            @ DW_AT_type
	.byte	11                              @ DW_AT_decl_file
	.short	490                             @ DW_AT_decl_line
	.byte	8                               @ DW_AT_data_member_location
	.byte	24                              @ Abbrev [24] 0x563:0x20 DW_TAG_union_type
	.byte	4                               @ DW_AT_byte_size
	.byte	11                              @ DW_AT_decl_file
	.short	490                             @ DW_AT_decl_line
	.byte	25                              @ Abbrev [25] 0x568:0xd DW_TAG_member
	.long	.Linfo_string137                @ DW_AT_name
	.long	1658                            @ DW_AT_type
	.byte	11                              @ DW_AT_decl_file
	.short	492                             @ DW_AT_decl_line
	.byte	0                               @ DW_AT_data_member_location
	.byte	25                              @ Abbrev [25] 0x575:0xd DW_TAG_member
	.long	.Linfo_string138                @ DW_AT_name
	.long	1951                            @ DW_AT_type
	.byte	11                              @ DW_AT_decl_file
	.short	493                             @ DW_AT_decl_line
	.byte	0                               @ DW_AT_data_member_location
	.byte	0                               @ End Of Children Mark
	.byte	23                              @ Abbrev [23] 0x583:0x9 DW_TAG_member
	.long	1420                            @ DW_AT_type
	.byte	11                              @ DW_AT_decl_file
	.short	496                             @ DW_AT_decl_line
	.byte	12                              @ DW_AT_data_member_location
	.byte	24                              @ Abbrev [24] 0x58c:0x20 DW_TAG_union_type
	.byte	4                               @ DW_AT_byte_size
	.byte	11                              @ DW_AT_decl_file
	.short	496                             @ DW_AT_decl_line
	.byte	25                              @ Abbrev [25] 0x591:0xd DW_TAG_member
	.long	.Linfo_string146                @ DW_AT_name
	.long	1658                            @ DW_AT_type
	.byte	11                              @ DW_AT_decl_file
	.short	498                             @ DW_AT_decl_line
	.byte	0                               @ DW_AT_data_member_location
	.byte	25                              @ Abbrev [25] 0x59e:0xd DW_TAG_member
	.long	.Linfo_string147                @ DW_AT_name
	.long	2086                            @ DW_AT_type
	.byte	11                              @ DW_AT_decl_file
	.short	499                             @ DW_AT_decl_line
	.byte	0                               @ DW_AT_data_member_location
	.byte	0                               @ End Of Children Mark
	.byte	23                              @ Abbrev [23] 0x5ac:0x9 DW_TAG_member
	.long	1461                            @ DW_AT_type
	.byte	11                              @ DW_AT_decl_file
	.short	502                             @ DW_AT_decl_line
	.byte	16                              @ DW_AT_data_member_location
	.byte	24                              @ Abbrev [24] 0x5b5:0x20 DW_TAG_union_type
	.byte	4                               @ DW_AT_byte_size
	.byte	11                              @ DW_AT_decl_file
	.short	502                             @ DW_AT_decl_line
	.byte	25                              @ Abbrev [25] 0x5ba:0xd DW_TAG_member
	.long	.Linfo_string157                @ DW_AT_name
	.long	1658                            @ DW_AT_type
	.byte	11                              @ DW_AT_decl_file
	.short	504                             @ DW_AT_decl_line
	.byte	0                               @ DW_AT_data_member_location
	.byte	25                              @ Abbrev [25] 0x5c7:0xd DW_TAG_member
	.long	.Linfo_string158                @ DW_AT_name
	.long	2249                            @ DW_AT_type
	.byte	11                              @ DW_AT_decl_file
	.short	505                             @ DW_AT_decl_line
	.byte	0                               @ DW_AT_data_member_location
	.byte	0                               @ End Of Children Mark
	.byte	23                              @ Abbrev [23] 0x5d5:0x9 DW_TAG_member
	.long	1502                            @ DW_AT_type
	.byte	11                              @ DW_AT_decl_file
	.short	508                             @ DW_AT_decl_line
	.byte	20                              @ DW_AT_data_member_location
	.byte	24                              @ Abbrev [24] 0x5de:0x20 DW_TAG_union_type
	.byte	4                               @ DW_AT_byte_size
	.byte	11                              @ DW_AT_decl_file
	.short	508                             @ DW_AT_decl_line
	.byte	25                              @ Abbrev [25] 0x5e3:0xd DW_TAG_member
	.long	.Linfo_string168                @ DW_AT_name
	.long	1658                            @ DW_AT_type
	.byte	11                              @ DW_AT_decl_file
	.short	510                             @ DW_AT_decl_line
	.byte	0                               @ DW_AT_data_member_location
	.byte	25                              @ Abbrev [25] 0x5f0:0xd DW_TAG_member
	.long	.Linfo_string169                @ DW_AT_name
	.long	2412                            @ DW_AT_type
	.byte	11                              @ DW_AT_decl_file
	.short	511                             @ DW_AT_decl_line
	.byte	0                               @ DW_AT_data_member_location
	.byte	0                               @ End Of Children Mark
	.byte	23                              @ Abbrev [23] 0x5fe:0x9 DW_TAG_member
	.long	1543                            @ DW_AT_type
	.byte	11                              @ DW_AT_decl_file
	.short	514                             @ DW_AT_decl_line
	.byte	24                              @ DW_AT_data_member_location
	.byte	24                              @ Abbrev [24] 0x607:0x20 DW_TAG_union_type
	.byte	4                               @ DW_AT_byte_size
	.byte	11                              @ DW_AT_decl_file
	.short	514                             @ DW_AT_decl_line
	.byte	25                              @ Abbrev [25] 0x60c:0xd DW_TAG_member
	.long	.Linfo_string178                @ DW_AT_name
	.long	1658                            @ DW_AT_type
	.byte	11                              @ DW_AT_decl_file
	.short	516                             @ DW_AT_decl_line
	.byte	0                               @ DW_AT_data_member_location
	.byte	25                              @ Abbrev [25] 0x619:0xd DW_TAG_member
	.long	.Linfo_string179                @ DW_AT_name
	.long	2561                            @ DW_AT_type
	.byte	11                              @ DW_AT_decl_file
	.short	517                             @ DW_AT_decl_line
	.byte	0                               @ DW_AT_data_member_location
	.byte	0                               @ End Of Children Mark
	.byte	23                              @ Abbrev [23] 0x627:0x9 DW_TAG_member
	.long	1584                            @ DW_AT_type
	.byte	11                              @ DW_AT_decl_file
	.short	520                             @ DW_AT_decl_line
	.byte	28                              @ DW_AT_data_member_location
	.byte	24                              @ Abbrev [24] 0x630:0x20 DW_TAG_union_type
	.byte	4                               @ DW_AT_byte_size
	.byte	11                              @ DW_AT_decl_file
	.short	520                             @ DW_AT_decl_line
	.byte	25                              @ Abbrev [25] 0x635:0xd DW_TAG_member
	.long	.Linfo_string188                @ DW_AT_name
	.long	1658                            @ DW_AT_type
	.byte	11                              @ DW_AT_decl_file
	.short	522                             @ DW_AT_decl_line
	.byte	0                               @ DW_AT_data_member_location
	.byte	25                              @ Abbrev [25] 0x642:0xd DW_TAG_member
	.long	.Linfo_string189                @ DW_AT_name
	.long	2710                            @ DW_AT_type
	.byte	11                              @ DW_AT_decl_file
	.short	523                             @ DW_AT_decl_line
	.byte	0                               @ DW_AT_data_member_location
	.byte	0                               @ End Of Children Mark
	.byte	23                              @ Abbrev [23] 0x650:0x9 DW_TAG_member
	.long	1625                            @ DW_AT_type
	.byte	11                              @ DW_AT_decl_file
	.short	526                             @ DW_AT_decl_line
	.byte	32                              @ DW_AT_data_member_location
	.byte	24                              @ Abbrev [24] 0x659:0x20 DW_TAG_union_type
	.byte	4                               @ DW_AT_byte_size
	.byte	11                              @ DW_AT_decl_file
	.short	526                             @ DW_AT_decl_line
	.byte	25                              @ Abbrev [25] 0x65e:0xd DW_TAG_member
	.long	.Linfo_string198                @ DW_AT_name
	.long	1658                            @ DW_AT_type
	.byte	11                              @ DW_AT_decl_file
	.short	528                             @ DW_AT_decl_line
	.byte	0                               @ DW_AT_data_member_location
	.byte	25                              @ Abbrev [25] 0x66b:0xd DW_TAG_member
	.long	.Linfo_string199                @ DW_AT_name
	.long	2859                            @ DW_AT_type
	.byte	11                              @ DW_AT_decl_file
	.short	529                             @ DW_AT_decl_line
	.byte	0                               @ DW_AT_data_member_location
	.byte	0                               @ End Of Children Mark
	.byte	0                               @ End Of Children Mark
	.byte	26                              @ Abbrev [26] 0x67a:0x5 DW_TAG_volatile_type
	.long	1663                            @ DW_AT_type
	.byte	6                               @ Abbrev [6] 0x67f:0xb DW_TAG_typedef
	.long	1674                            @ DW_AT_type
	.long	.Linfo_string117                @ DW_AT_name
	.byte	5                               @ DW_AT_decl_file
	.byte	64                              @ DW_AT_decl_line
	.byte	11                              @ Abbrev [11] 0x68a:0x7 DW_TAG_base_type
	.long	.Linfo_string116                @ DW_AT_name
	.byte	7                               @ DW_AT_encoding
	.byte	4                               @ DW_AT_byte_size
	.byte	26                              @ Abbrev [26] 0x691:0x5 DW_TAG_volatile_type
	.long	1686                            @ DW_AT_type
	.byte	21                              @ Abbrev [21] 0x696:0xc DW_TAG_typedef
	.long	1698                            @ DW_AT_type
	.long	.Linfo_string127                @ DW_AT_name
	.byte	11                              @ DW_AT_decl_file
	.short	369                             @ DW_AT_decl_line
	.byte	22                              @ Abbrev [22] 0x6a2:0x76 DW_TAG_structure_type
	.byte	4                               @ DW_AT_byte_size
	.byte	11                              @ DW_AT_decl_file
	.short	359                             @ DW_AT_decl_line
	.byte	27                              @ Abbrev [27] 0x6a7:0xe DW_TAG_member
	.long	.Linfo_string119                @ DW_AT_name
	.long	1658                            @ DW_AT_type
	.byte	11                              @ DW_AT_decl_file
	.short	361                             @ DW_AT_decl_line
	.byte	3                               @ DW_AT_bit_size
	.byte	0                               @ DW_AT_data_bit_offset
	.byte	27                              @ Abbrev [27] 0x6b5:0xe DW_TAG_member
	.long	.Linfo_string120                @ DW_AT_name
	.long	1658                            @ DW_AT_type
	.byte	11                              @ DW_AT_decl_file
	.short	362                             @ DW_AT_decl_line
	.byte	1                               @ DW_AT_bit_size
	.byte	3                               @ DW_AT_data_bit_offset
	.byte	27                              @ Abbrev [27] 0x6c3:0xe DW_TAG_member
	.long	.Linfo_string121                @ DW_AT_name
	.long	1658                            @ DW_AT_type
	.byte	11                              @ DW_AT_decl_file
	.short	363                             @ DW_AT_decl_line
	.byte	1                               @ DW_AT_bit_size
	.byte	4                               @ DW_AT_data_bit_offset
	.byte	27                              @ Abbrev [27] 0x6d1:0xe DW_TAG_member
	.long	.Linfo_string122                @ DW_AT_name
	.long	1658                            @ DW_AT_type
	.byte	11                              @ DW_AT_decl_file
	.short	364                             @ DW_AT_decl_line
	.byte	1                               @ DW_AT_bit_size
	.byte	5                               @ DW_AT_data_bit_offset
	.byte	27                              @ Abbrev [27] 0x6df:0xe DW_TAG_member
	.long	.Linfo_string123                @ DW_AT_name
	.long	1658                            @ DW_AT_type
	.byte	11                              @ DW_AT_decl_file
	.short	365                             @ DW_AT_decl_line
	.byte	2                               @ DW_AT_bit_size
	.byte	6                               @ DW_AT_data_bit_offset
	.byte	27                              @ Abbrev [27] 0x6ed:0xe DW_TAG_member
	.long	.Linfo_string124                @ DW_AT_name
	.long	1658                            @ DW_AT_type
	.byte	11                              @ DW_AT_decl_file
	.short	366                             @ DW_AT_decl_line
	.byte	1                               @ DW_AT_bit_size
	.byte	8                               @ DW_AT_data_bit_offset
	.byte	27                              @ Abbrev [27] 0x6fb:0xe DW_TAG_member
	.long	.Linfo_string125                @ DW_AT_name
	.long	1658                            @ DW_AT_type
	.byte	11                              @ DW_AT_decl_file
	.short	367                             @ DW_AT_decl_line
	.byte	1                               @ DW_AT_bit_size
	.byte	9                               @ DW_AT_data_bit_offset
	.byte	27                              @ Abbrev [27] 0x709:0xe DW_TAG_member
	.long	.Linfo_string126                @ DW_AT_name
	.long	1658                            @ DW_AT_type
	.byte	11                              @ DW_AT_decl_file
	.short	368                             @ DW_AT_decl_line
	.byte	22                              @ DW_AT_bit_size
	.byte	10                              @ DW_AT_data_bit_offset
	.byte	0                               @ End Of Children Mark
	.byte	26                              @ Abbrev [26] 0x718:0x5 DW_TAG_volatile_type
	.long	1821                            @ DW_AT_type
	.byte	21                              @ Abbrev [21] 0x71d:0xc DW_TAG_typedef
	.long	1833                            @ DW_AT_type
	.long	.Linfo_string136                @ DW_AT_name
	.byte	11                              @ DW_AT_decl_file
	.short	381                             @ DW_AT_decl_line
	.byte	22                              @ Abbrev [22] 0x729:0x76 DW_TAG_structure_type
	.byte	4                               @ DW_AT_byte_size
	.byte	11                              @ DW_AT_decl_file
	.short	371                             @ DW_AT_decl_line
	.byte	27                              @ Abbrev [27] 0x72e:0xe DW_TAG_member
	.long	.Linfo_string130                @ DW_AT_name
	.long	1658                            @ DW_AT_type
	.byte	11                              @ DW_AT_decl_file
	.short	373                             @ DW_AT_decl_line
	.byte	3                               @ DW_AT_bit_size
	.byte	0                               @ DW_AT_data_bit_offset
	.byte	27                              @ Abbrev [27] 0x73c:0xe DW_TAG_member
	.long	.Linfo_string131                @ DW_AT_name
	.long	1658                            @ DW_AT_type
	.byte	11                              @ DW_AT_decl_file
	.short	374                             @ DW_AT_decl_line
	.byte	1                               @ DW_AT_bit_size
	.byte	3                               @ DW_AT_data_bit_offset
	.byte	27                              @ Abbrev [27] 0x74a:0xe DW_TAG_member
	.long	.Linfo_string132                @ DW_AT_name
	.long	1658                            @ DW_AT_type
	.byte	11                              @ DW_AT_decl_file
	.short	375                             @ DW_AT_decl_line
	.byte	1                               @ DW_AT_bit_size
	.byte	4                               @ DW_AT_data_bit_offset
	.byte	27                              @ Abbrev [27] 0x758:0xe DW_TAG_member
	.long	.Linfo_string133                @ DW_AT_name
	.long	1658                            @ DW_AT_type
	.byte	11                              @ DW_AT_decl_file
	.short	376                             @ DW_AT_decl_line
	.byte	1                               @ DW_AT_bit_size
	.byte	5                               @ DW_AT_data_bit_offset
	.byte	27                              @ Abbrev [27] 0x766:0xe DW_TAG_member
	.long	.Linfo_string123                @ DW_AT_name
	.long	1658                            @ DW_AT_type
	.byte	11                              @ DW_AT_decl_file
	.short	377                             @ DW_AT_decl_line
	.byte	2                               @ DW_AT_bit_size
	.byte	6                               @ DW_AT_data_bit_offset
	.byte	27                              @ Abbrev [27] 0x774:0xe DW_TAG_member
	.long	.Linfo_string134                @ DW_AT_name
	.long	1658                            @ DW_AT_type
	.byte	11                              @ DW_AT_decl_file
	.short	378                             @ DW_AT_decl_line
	.byte	1                               @ DW_AT_bit_size
	.byte	8                               @ DW_AT_data_bit_offset
	.byte	27                              @ Abbrev [27] 0x782:0xe DW_TAG_member
	.long	.Linfo_string135                @ DW_AT_name
	.long	1658                            @ DW_AT_type
	.byte	11                              @ DW_AT_decl_file
	.short	379                             @ DW_AT_decl_line
	.byte	1                               @ DW_AT_bit_size
	.byte	9                               @ DW_AT_data_bit_offset
	.byte	27                              @ Abbrev [27] 0x790:0xe DW_TAG_member
	.long	.Linfo_string126                @ DW_AT_name
	.long	1658                            @ DW_AT_type
	.byte	11                              @ DW_AT_decl_file
	.short	380                             @ DW_AT_decl_line
	.byte	22                              @ DW_AT_bit_size
	.byte	10                              @ DW_AT_data_bit_offset
	.byte	0                               @ End Of Children Mark
	.byte	26                              @ Abbrev [26] 0x79f:0x5 DW_TAG_volatile_type
	.long	1956                            @ DW_AT_type
	.byte	21                              @ Abbrev [21] 0x7a4:0xc DW_TAG_typedef
	.long	1968                            @ DW_AT_type
	.long	.Linfo_string145                @ DW_AT_name
	.byte	11                              @ DW_AT_decl_file
	.short	393                             @ DW_AT_decl_line
	.byte	22                              @ Abbrev [22] 0x7b0:0x76 DW_TAG_structure_type
	.byte	4                               @ DW_AT_byte_size
	.byte	11                              @ DW_AT_decl_file
	.short	383                             @ DW_AT_decl_line
	.byte	27                              @ Abbrev [27] 0x7b5:0xe DW_TAG_member
	.long	.Linfo_string139                @ DW_AT_name
	.long	1658                            @ DW_AT_type
	.byte	11                              @ DW_AT_decl_file
	.short	385                             @ DW_AT_decl_line
	.byte	3                               @ DW_AT_bit_size
	.byte	0                               @ DW_AT_data_bit_offset
	.byte	27                              @ Abbrev [27] 0x7c3:0xe DW_TAG_member
	.long	.Linfo_string140                @ DW_AT_name
	.long	1658                            @ DW_AT_type
	.byte	11                              @ DW_AT_decl_file
	.short	386                             @ DW_AT_decl_line
	.byte	1                               @ DW_AT_bit_size
	.byte	3                               @ DW_AT_data_bit_offset
	.byte	27                              @ Abbrev [27] 0x7d1:0xe DW_TAG_member
	.long	.Linfo_string141                @ DW_AT_name
	.long	1658                            @ DW_AT_type
	.byte	11                              @ DW_AT_decl_file
	.short	387                             @ DW_AT_decl_line
	.byte	1                               @ DW_AT_bit_size
	.byte	4                               @ DW_AT_data_bit_offset
	.byte	27                              @ Abbrev [27] 0x7df:0xe DW_TAG_member
	.long	.Linfo_string142                @ DW_AT_name
	.long	1658                            @ DW_AT_type
	.byte	11                              @ DW_AT_decl_file
	.short	388                             @ DW_AT_decl_line
	.byte	1                               @ DW_AT_bit_size
	.byte	5                               @ DW_AT_data_bit_offset
	.byte	27                              @ Abbrev [27] 0x7ed:0xe DW_TAG_member
	.long	.Linfo_string123                @ DW_AT_name
	.long	1658                            @ DW_AT_type
	.byte	11                              @ DW_AT_decl_file
	.short	389                             @ DW_AT_decl_line
	.byte	2                               @ DW_AT_bit_size
	.byte	6                               @ DW_AT_data_bit_offset
	.byte	27                              @ Abbrev [27] 0x7fb:0xe DW_TAG_member
	.long	.Linfo_string143                @ DW_AT_name
	.long	1658                            @ DW_AT_type
	.byte	11                              @ DW_AT_decl_file
	.short	390                             @ DW_AT_decl_line
	.byte	1                               @ DW_AT_bit_size
	.byte	8                               @ DW_AT_data_bit_offset
	.byte	27                              @ Abbrev [27] 0x809:0xe DW_TAG_member
	.long	.Linfo_string144                @ DW_AT_name
	.long	1658                            @ DW_AT_type
	.byte	11                              @ DW_AT_decl_file
	.short	391                             @ DW_AT_decl_line
	.byte	1                               @ DW_AT_bit_size
	.byte	9                               @ DW_AT_data_bit_offset
	.byte	27                              @ Abbrev [27] 0x817:0xe DW_TAG_member
	.long	.Linfo_string126                @ DW_AT_name
	.long	1658                            @ DW_AT_type
	.byte	11                              @ DW_AT_decl_file
	.short	392                             @ DW_AT_decl_line
	.byte	22                              @ DW_AT_bit_size
	.byte	10                              @ DW_AT_data_bit_offset
	.byte	0                               @ End Of Children Mark
	.byte	26                              @ Abbrev [26] 0x826:0x5 DW_TAG_volatile_type
	.long	2091                            @ DW_AT_type
	.byte	21                              @ Abbrev [21] 0x82b:0xc DW_TAG_typedef
	.long	2103                            @ DW_AT_type
	.long	.Linfo_string156                @ DW_AT_name
	.byte	11                              @ DW_AT_decl_file
	.short	407                             @ DW_AT_decl_line
	.byte	22                              @ Abbrev [22] 0x837:0x92 DW_TAG_structure_type
	.byte	4                               @ DW_AT_byte_size
	.byte	11                              @ DW_AT_decl_file
	.short	395                             @ DW_AT_decl_line
	.byte	27                              @ Abbrev [27] 0x83c:0xe DW_TAG_member
	.long	.Linfo_string148                @ DW_AT_name
	.long	1658                            @ DW_AT_type
	.byte	11                              @ DW_AT_decl_file
	.short	397                             @ DW_AT_decl_line
	.byte	3                               @ DW_AT_bit_size
	.byte	0                               @ DW_AT_data_bit_offset
	.byte	27                              @ Abbrev [27] 0x84a:0xe DW_TAG_member
	.long	.Linfo_string149                @ DW_AT_name
	.long	1658                            @ DW_AT_type
	.byte	11                              @ DW_AT_decl_file
	.short	398                             @ DW_AT_decl_line
	.byte	1                               @ DW_AT_bit_size
	.byte	3                               @ DW_AT_data_bit_offset
	.byte	27                              @ Abbrev [27] 0x858:0xe DW_TAG_member
	.long	.Linfo_string150                @ DW_AT_name
	.long	1658                            @ DW_AT_type
	.byte	11                              @ DW_AT_decl_file
	.short	399                             @ DW_AT_decl_line
	.byte	1                               @ DW_AT_bit_size
	.byte	4                               @ DW_AT_data_bit_offset
	.byte	27                              @ Abbrev [27] 0x866:0xe DW_TAG_member
	.long	.Linfo_string151                @ DW_AT_name
	.long	1658                            @ DW_AT_type
	.byte	11                              @ DW_AT_decl_file
	.short	400                             @ DW_AT_decl_line
	.byte	1                               @ DW_AT_bit_size
	.byte	5                               @ DW_AT_data_bit_offset
	.byte	27                              @ Abbrev [27] 0x874:0xe DW_TAG_member
	.long	.Linfo_string152                @ DW_AT_name
	.long	1658                            @ DW_AT_type
	.byte	11                              @ DW_AT_decl_file
	.short	401                             @ DW_AT_decl_line
	.byte	1                               @ DW_AT_bit_size
	.byte	6                               @ DW_AT_data_bit_offset
	.byte	27                              @ Abbrev [27] 0x882:0xe DW_TAG_member
	.long	.Linfo_string123                @ DW_AT_name
	.long	1658                            @ DW_AT_type
	.byte	11                              @ DW_AT_decl_file
	.short	402                             @ DW_AT_decl_line
	.byte	1                               @ DW_AT_bit_size
	.byte	7                               @ DW_AT_data_bit_offset
	.byte	27                              @ Abbrev [27] 0x890:0xe DW_TAG_member
	.long	.Linfo_string153                @ DW_AT_name
	.long	1658                            @ DW_AT_type
	.byte	11                              @ DW_AT_decl_file
	.short	403                             @ DW_AT_decl_line
	.byte	1                               @ DW_AT_bit_size
	.byte	8                               @ DW_AT_data_bit_offset
	.byte	27                              @ Abbrev [27] 0x89e:0xe DW_TAG_member
	.long	.Linfo_string154                @ DW_AT_name
	.long	1658                            @ DW_AT_type
	.byte	11                              @ DW_AT_decl_file
	.short	404                             @ DW_AT_decl_line
	.byte	1                               @ DW_AT_bit_size
	.byte	9                               @ DW_AT_data_bit_offset
	.byte	27                              @ Abbrev [27] 0x8ac:0xe DW_TAG_member
	.long	.Linfo_string155                @ DW_AT_name
	.long	1658                            @ DW_AT_type
	.byte	11                              @ DW_AT_decl_file
	.short	405                             @ DW_AT_decl_line
	.byte	1                               @ DW_AT_bit_size
	.byte	10                              @ DW_AT_data_bit_offset
	.byte	27                              @ Abbrev [27] 0x8ba:0xe DW_TAG_member
	.long	.Linfo_string126                @ DW_AT_name
	.long	1658                            @ DW_AT_type
	.byte	11                              @ DW_AT_decl_file
	.short	406                             @ DW_AT_decl_line
	.byte	21                              @ DW_AT_bit_size
	.byte	11                              @ DW_AT_data_bit_offset
	.byte	0                               @ End Of Children Mark
	.byte	26                              @ Abbrev [26] 0x8c9:0x5 DW_TAG_volatile_type
	.long	2254                            @ DW_AT_type
	.byte	21                              @ Abbrev [21] 0x8ce:0xc DW_TAG_typedef
	.long	2266                            @ DW_AT_type
	.long	.Linfo_string167                @ DW_AT_name
	.byte	11                              @ DW_AT_decl_file
	.short	421                             @ DW_AT_decl_line
	.byte	22                              @ Abbrev [22] 0x8da:0x92 DW_TAG_structure_type
	.byte	4                               @ DW_AT_byte_size
	.byte	11                              @ DW_AT_decl_file
	.short	409                             @ DW_AT_decl_line
	.byte	27                              @ Abbrev [27] 0x8df:0xe DW_TAG_member
	.long	.Linfo_string159                @ DW_AT_name
	.long	1658                            @ DW_AT_type
	.byte	11                              @ DW_AT_decl_file
	.short	411                             @ DW_AT_decl_line
	.byte	3                               @ DW_AT_bit_size
	.byte	0                               @ DW_AT_data_bit_offset
	.byte	27                              @ Abbrev [27] 0x8ed:0xe DW_TAG_member
	.long	.Linfo_string160                @ DW_AT_name
	.long	1658                            @ DW_AT_type
	.byte	11                              @ DW_AT_decl_file
	.short	412                             @ DW_AT_decl_line
	.byte	1                               @ DW_AT_bit_size
	.byte	3                               @ DW_AT_data_bit_offset
	.byte	27                              @ Abbrev [27] 0x8fb:0xe DW_TAG_member
	.long	.Linfo_string161                @ DW_AT_name
	.long	1658                            @ DW_AT_type
	.byte	11                              @ DW_AT_decl_file
	.short	413                             @ DW_AT_decl_line
	.byte	1                               @ DW_AT_bit_size
	.byte	4                               @ DW_AT_data_bit_offset
	.byte	27                              @ Abbrev [27] 0x909:0xe DW_TAG_member
	.long	.Linfo_string162                @ DW_AT_name
	.long	1658                            @ DW_AT_type
	.byte	11                              @ DW_AT_decl_file
	.short	414                             @ DW_AT_decl_line
	.byte	1                               @ DW_AT_bit_size
	.byte	5                               @ DW_AT_data_bit_offset
	.byte	27                              @ Abbrev [27] 0x917:0xe DW_TAG_member
	.long	.Linfo_string163                @ DW_AT_name
	.long	1658                            @ DW_AT_type
	.byte	11                              @ DW_AT_decl_file
	.short	415                             @ DW_AT_decl_line
	.byte	1                               @ DW_AT_bit_size
	.byte	6                               @ DW_AT_data_bit_offset
	.byte	27                              @ Abbrev [27] 0x925:0xe DW_TAG_member
	.long	.Linfo_string123                @ DW_AT_name
	.long	1658                            @ DW_AT_type
	.byte	11                              @ DW_AT_decl_file
	.short	416                             @ DW_AT_decl_line
	.byte	1                               @ DW_AT_bit_size
	.byte	7                               @ DW_AT_data_bit_offset
	.byte	27                              @ Abbrev [27] 0x933:0xe DW_TAG_member
	.long	.Linfo_string164                @ DW_AT_name
	.long	1658                            @ DW_AT_type
	.byte	11                              @ DW_AT_decl_file
	.short	417                             @ DW_AT_decl_line
	.byte	1                               @ DW_AT_bit_size
	.byte	8                               @ DW_AT_data_bit_offset
	.byte	27                              @ Abbrev [27] 0x941:0xe DW_TAG_member
	.long	.Linfo_string165                @ DW_AT_name
	.long	1658                            @ DW_AT_type
	.byte	11                              @ DW_AT_decl_file
	.short	418                             @ DW_AT_decl_line
	.byte	1                               @ DW_AT_bit_size
	.byte	9                               @ DW_AT_data_bit_offset
	.byte	27                              @ Abbrev [27] 0x94f:0xe DW_TAG_member
	.long	.Linfo_string166                @ DW_AT_name
	.long	1658                            @ DW_AT_type
	.byte	11                              @ DW_AT_decl_file
	.short	419                             @ DW_AT_decl_line
	.byte	1                               @ DW_AT_bit_size
	.byte	10                              @ DW_AT_data_bit_offset
	.byte	27                              @ Abbrev [27] 0x95d:0xe DW_TAG_member
	.long	.Linfo_string126                @ DW_AT_name
	.long	1658                            @ DW_AT_type
	.byte	11                              @ DW_AT_decl_file
	.short	420                             @ DW_AT_decl_line
	.byte	21                              @ DW_AT_bit_size
	.byte	11                              @ DW_AT_data_bit_offset
	.byte	0                               @ End Of Children Mark
	.byte	26                              @ Abbrev [26] 0x96c:0x5 DW_TAG_volatile_type
	.long	2417                            @ DW_AT_type
	.byte	21                              @ Abbrev [21] 0x971:0xc DW_TAG_typedef
	.long	2429                            @ DW_AT_type
	.long	.Linfo_string177                @ DW_AT_name
	.byte	11                              @ DW_AT_decl_file
	.short	434                             @ DW_AT_decl_line
	.byte	22                              @ Abbrev [22] 0x97d:0x84 DW_TAG_structure_type
	.byte	4                               @ DW_AT_byte_size
	.byte	11                              @ DW_AT_decl_file
	.short	423                             @ DW_AT_decl_line
	.byte	27                              @ Abbrev [27] 0x982:0xe DW_TAG_member
	.long	.Linfo_string170                @ DW_AT_name
	.long	1658                            @ DW_AT_type
	.byte	11                              @ DW_AT_decl_file
	.short	425                             @ DW_AT_decl_line
	.byte	3                               @ DW_AT_bit_size
	.byte	0                               @ DW_AT_data_bit_offset
	.byte	27                              @ Abbrev [27] 0x990:0xe DW_TAG_member
	.long	.Linfo_string171                @ DW_AT_name
	.long	1658                            @ DW_AT_type
	.byte	11                              @ DW_AT_decl_file
	.short	426                             @ DW_AT_decl_line
	.byte	1                               @ DW_AT_bit_size
	.byte	3                               @ DW_AT_data_bit_offset
	.byte	27                              @ Abbrev [27] 0x99e:0xe DW_TAG_member
	.long	.Linfo_string172                @ DW_AT_name
	.long	1658                            @ DW_AT_type
	.byte	11                              @ DW_AT_decl_file
	.short	427                             @ DW_AT_decl_line
	.byte	1                               @ DW_AT_bit_size
	.byte	4                               @ DW_AT_data_bit_offset
	.byte	27                              @ Abbrev [27] 0x9ac:0xe DW_TAG_member
	.long	.Linfo_string173                @ DW_AT_name
	.long	1658                            @ DW_AT_type
	.byte	11                              @ DW_AT_decl_file
	.short	428                             @ DW_AT_decl_line
	.byte	1                               @ DW_AT_bit_size
	.byte	5                               @ DW_AT_data_bit_offset
	.byte	27                              @ Abbrev [27] 0x9ba:0xe DW_TAG_member
	.long	.Linfo_string174                @ DW_AT_name
	.long	1658                            @ DW_AT_type
	.byte	11                              @ DW_AT_decl_file
	.short	429                             @ DW_AT_decl_line
	.byte	1                               @ DW_AT_bit_size
	.byte	6                               @ DW_AT_data_bit_offset
	.byte	27                              @ Abbrev [27] 0x9c8:0xe DW_TAG_member
	.long	.Linfo_string123                @ DW_AT_name
	.long	1658                            @ DW_AT_type
	.byte	11                              @ DW_AT_decl_file
	.short	430                             @ DW_AT_decl_line
	.byte	2                               @ DW_AT_bit_size
	.byte	7                               @ DW_AT_data_bit_offset
	.byte	27                              @ Abbrev [27] 0x9d6:0xe DW_TAG_member
	.long	.Linfo_string175                @ DW_AT_name
	.long	1658                            @ DW_AT_type
	.byte	11                              @ DW_AT_decl_file
	.short	431                             @ DW_AT_decl_line
	.byte	1                               @ DW_AT_bit_size
	.byte	9                               @ DW_AT_data_bit_offset
	.byte	27                              @ Abbrev [27] 0x9e4:0xe DW_TAG_member
	.long	.Linfo_string176                @ DW_AT_name
	.long	1658                            @ DW_AT_type
	.byte	11                              @ DW_AT_decl_file
	.short	432                             @ DW_AT_decl_line
	.byte	1                               @ DW_AT_bit_size
	.byte	10                              @ DW_AT_data_bit_offset
	.byte	27                              @ Abbrev [27] 0x9f2:0xe DW_TAG_member
	.long	.Linfo_string126                @ DW_AT_name
	.long	1658                            @ DW_AT_type
	.byte	11                              @ DW_AT_decl_file
	.short	433                             @ DW_AT_decl_line
	.byte	21                              @ DW_AT_bit_size
	.byte	11                              @ DW_AT_data_bit_offset
	.byte	0                               @ End Of Children Mark
	.byte	26                              @ Abbrev [26] 0xa01:0x5 DW_TAG_volatile_type
	.long	2566                            @ DW_AT_type
	.byte	21                              @ Abbrev [21] 0xa06:0xc DW_TAG_typedef
	.long	2578                            @ DW_AT_type
	.long	.Linfo_string187                @ DW_AT_name
	.byte	11                              @ DW_AT_decl_file
	.short	447                             @ DW_AT_decl_line
	.byte	22                              @ Abbrev [22] 0xa12:0x84 DW_TAG_structure_type
	.byte	4                               @ DW_AT_byte_size
	.byte	11                              @ DW_AT_decl_file
	.short	436                             @ DW_AT_decl_line
	.byte	27                              @ Abbrev [27] 0xa17:0xe DW_TAG_member
	.long	.Linfo_string180                @ DW_AT_name
	.long	1658                            @ DW_AT_type
	.byte	11                              @ DW_AT_decl_file
	.short	438                             @ DW_AT_decl_line
	.byte	3                               @ DW_AT_bit_size
	.byte	0                               @ DW_AT_data_bit_offset
	.byte	27                              @ Abbrev [27] 0xa25:0xe DW_TAG_member
	.long	.Linfo_string181                @ DW_AT_name
	.long	1658                            @ DW_AT_type
	.byte	11                              @ DW_AT_decl_file
	.short	439                             @ DW_AT_decl_line
	.byte	1                               @ DW_AT_bit_size
	.byte	3                               @ DW_AT_data_bit_offset
	.byte	27                              @ Abbrev [27] 0xa33:0xe DW_TAG_member
	.long	.Linfo_string182                @ DW_AT_name
	.long	1658                            @ DW_AT_type
	.byte	11                              @ DW_AT_decl_file
	.short	440                             @ DW_AT_decl_line
	.byte	1                               @ DW_AT_bit_size
	.byte	4                               @ DW_AT_data_bit_offset
	.byte	27                              @ Abbrev [27] 0xa41:0xe DW_TAG_member
	.long	.Linfo_string183                @ DW_AT_name
	.long	1658                            @ DW_AT_type
	.byte	11                              @ DW_AT_decl_file
	.short	441                             @ DW_AT_decl_line
	.byte	1                               @ DW_AT_bit_size
	.byte	5                               @ DW_AT_data_bit_offset
	.byte	27                              @ Abbrev [27] 0xa4f:0xe DW_TAG_member
	.long	.Linfo_string184                @ DW_AT_name
	.long	1658                            @ DW_AT_type
	.byte	11                              @ DW_AT_decl_file
	.short	442                             @ DW_AT_decl_line
	.byte	1                               @ DW_AT_bit_size
	.byte	6                               @ DW_AT_data_bit_offset
	.byte	27                              @ Abbrev [27] 0xa5d:0xe DW_TAG_member
	.long	.Linfo_string123                @ DW_AT_name
	.long	1658                            @ DW_AT_type
	.byte	11                              @ DW_AT_decl_file
	.short	443                             @ DW_AT_decl_line
	.byte	2                               @ DW_AT_bit_size
	.byte	7                               @ DW_AT_data_bit_offset
	.byte	27                              @ Abbrev [27] 0xa6b:0xe DW_TAG_member
	.long	.Linfo_string185                @ DW_AT_name
	.long	1658                            @ DW_AT_type
	.byte	11                              @ DW_AT_decl_file
	.short	444                             @ DW_AT_decl_line
	.byte	1                               @ DW_AT_bit_size
	.byte	9                               @ DW_AT_data_bit_offset
	.byte	27                              @ Abbrev [27] 0xa79:0xe DW_TAG_member
	.long	.Linfo_string186                @ DW_AT_name
	.long	1658                            @ DW_AT_type
	.byte	11                              @ DW_AT_decl_file
	.short	445                             @ DW_AT_decl_line
	.byte	1                               @ DW_AT_bit_size
	.byte	10                              @ DW_AT_data_bit_offset
	.byte	27                              @ Abbrev [27] 0xa87:0xe DW_TAG_member
	.long	.Linfo_string126                @ DW_AT_name
	.long	1658                            @ DW_AT_type
	.byte	11                              @ DW_AT_decl_file
	.short	446                             @ DW_AT_decl_line
	.byte	21                              @ DW_AT_bit_size
	.byte	11                              @ DW_AT_data_bit_offset
	.byte	0                               @ End Of Children Mark
	.byte	26                              @ Abbrev [26] 0xa96:0x5 DW_TAG_volatile_type
	.long	2715                            @ DW_AT_type
	.byte	21                              @ Abbrev [21] 0xa9b:0xc DW_TAG_typedef
	.long	2727                            @ DW_AT_type
	.long	.Linfo_string197                @ DW_AT_name
	.byte	11                              @ DW_AT_decl_file
	.short	460                             @ DW_AT_decl_line
	.byte	22                              @ Abbrev [22] 0xaa7:0x84 DW_TAG_structure_type
	.byte	4                               @ DW_AT_byte_size
	.byte	11                              @ DW_AT_decl_file
	.short	449                             @ DW_AT_decl_line
	.byte	27                              @ Abbrev [27] 0xaac:0xe DW_TAG_member
	.long	.Linfo_string190                @ DW_AT_name
	.long	1658                            @ DW_AT_type
	.byte	11                              @ DW_AT_decl_file
	.short	451                             @ DW_AT_decl_line
	.byte	3                               @ DW_AT_bit_size
	.byte	0                               @ DW_AT_data_bit_offset
	.byte	27                              @ Abbrev [27] 0xaba:0xe DW_TAG_member
	.long	.Linfo_string191                @ DW_AT_name
	.long	1658                            @ DW_AT_type
	.byte	11                              @ DW_AT_decl_file
	.short	452                             @ DW_AT_decl_line
	.byte	1                               @ DW_AT_bit_size
	.byte	3                               @ DW_AT_data_bit_offset
	.byte	27                              @ Abbrev [27] 0xac8:0xe DW_TAG_member
	.long	.Linfo_string192                @ DW_AT_name
	.long	1658                            @ DW_AT_type
	.byte	11                              @ DW_AT_decl_file
	.short	453                             @ DW_AT_decl_line
	.byte	1                               @ DW_AT_bit_size
	.byte	4                               @ DW_AT_data_bit_offset
	.byte	27                              @ Abbrev [27] 0xad6:0xe DW_TAG_member
	.long	.Linfo_string193                @ DW_AT_name
	.long	1658                            @ DW_AT_type
	.byte	11                              @ DW_AT_decl_file
	.short	454                             @ DW_AT_decl_line
	.byte	1                               @ DW_AT_bit_size
	.byte	5                               @ DW_AT_data_bit_offset
	.byte	27                              @ Abbrev [27] 0xae4:0xe DW_TAG_member
	.long	.Linfo_string194                @ DW_AT_name
	.long	1658                            @ DW_AT_type
	.byte	11                              @ DW_AT_decl_file
	.short	455                             @ DW_AT_decl_line
	.byte	1                               @ DW_AT_bit_size
	.byte	6                               @ DW_AT_data_bit_offset
	.byte	27                              @ Abbrev [27] 0xaf2:0xe DW_TAG_member
	.long	.Linfo_string123                @ DW_AT_name
	.long	1658                            @ DW_AT_type
	.byte	11                              @ DW_AT_decl_file
	.short	456                             @ DW_AT_decl_line
	.byte	2                               @ DW_AT_bit_size
	.byte	7                               @ DW_AT_data_bit_offset
	.byte	27                              @ Abbrev [27] 0xb00:0xe DW_TAG_member
	.long	.Linfo_string195                @ DW_AT_name
	.long	1658                            @ DW_AT_type
	.byte	11                              @ DW_AT_decl_file
	.short	457                             @ DW_AT_decl_line
	.byte	1                               @ DW_AT_bit_size
	.byte	9                               @ DW_AT_data_bit_offset
	.byte	27                              @ Abbrev [27] 0xb0e:0xe DW_TAG_member
	.long	.Linfo_string196                @ DW_AT_name
	.long	1658                            @ DW_AT_type
	.byte	11                              @ DW_AT_decl_file
	.short	458                             @ DW_AT_decl_line
	.byte	1                               @ DW_AT_bit_size
	.byte	10                              @ DW_AT_data_bit_offset
	.byte	27                              @ Abbrev [27] 0xb1c:0xe DW_TAG_member
	.long	.Linfo_string126                @ DW_AT_name
	.long	1658                            @ DW_AT_type
	.byte	11                              @ DW_AT_decl_file
	.short	459                             @ DW_AT_decl_line
	.byte	21                              @ DW_AT_bit_size
	.byte	11                              @ DW_AT_data_bit_offset
	.byte	0                               @ End Of Children Mark
	.byte	26                              @ Abbrev [26] 0xb2b:0x5 DW_TAG_volatile_type
	.long	2864                            @ DW_AT_type
	.byte	21                              @ Abbrev [21] 0xb30:0xc DW_TAG_typedef
	.long	2876                            @ DW_AT_type
	.long	.Linfo_string207                @ DW_AT_name
	.byte	11                              @ DW_AT_decl_file
	.short	473                             @ DW_AT_decl_line
	.byte	22                              @ Abbrev [22] 0xb3c:0x84 DW_TAG_structure_type
	.byte	4                               @ DW_AT_byte_size
	.byte	11                              @ DW_AT_decl_file
	.short	462                             @ DW_AT_decl_line
	.byte	27                              @ Abbrev [27] 0xb41:0xe DW_TAG_member
	.long	.Linfo_string200                @ DW_AT_name
	.long	1658                            @ DW_AT_type
	.byte	11                              @ DW_AT_decl_file
	.short	464                             @ DW_AT_decl_line
	.byte	3                               @ DW_AT_bit_size
	.byte	0                               @ DW_AT_data_bit_offset
	.byte	27                              @ Abbrev [27] 0xb4f:0xe DW_TAG_member
	.long	.Linfo_string201                @ DW_AT_name
	.long	1658                            @ DW_AT_type
	.byte	11                              @ DW_AT_decl_file
	.short	465                             @ DW_AT_decl_line
	.byte	1                               @ DW_AT_bit_size
	.byte	3                               @ DW_AT_data_bit_offset
	.byte	27                              @ Abbrev [27] 0xb5d:0xe DW_TAG_member
	.long	.Linfo_string202                @ DW_AT_name
	.long	1658                            @ DW_AT_type
	.byte	11                              @ DW_AT_decl_file
	.short	466                             @ DW_AT_decl_line
	.byte	1                               @ DW_AT_bit_size
	.byte	4                               @ DW_AT_data_bit_offset
	.byte	27                              @ Abbrev [27] 0xb6b:0xe DW_TAG_member
	.long	.Linfo_string203                @ DW_AT_name
	.long	1658                            @ DW_AT_type
	.byte	11                              @ DW_AT_decl_file
	.short	467                             @ DW_AT_decl_line
	.byte	1                               @ DW_AT_bit_size
	.byte	5                               @ DW_AT_data_bit_offset
	.byte	27                              @ Abbrev [27] 0xb79:0xe DW_TAG_member
	.long	.Linfo_string204                @ DW_AT_name
	.long	1658                            @ DW_AT_type
	.byte	11                              @ DW_AT_decl_file
	.short	468                             @ DW_AT_decl_line
	.byte	1                               @ DW_AT_bit_size
	.byte	6                               @ DW_AT_data_bit_offset
	.byte	27                              @ Abbrev [27] 0xb87:0xe DW_TAG_member
	.long	.Linfo_string123                @ DW_AT_name
	.long	1658                            @ DW_AT_type
	.byte	11                              @ DW_AT_decl_file
	.short	469                             @ DW_AT_decl_line
	.byte	2                               @ DW_AT_bit_size
	.byte	7                               @ DW_AT_data_bit_offset
	.byte	27                              @ Abbrev [27] 0xb95:0xe DW_TAG_member
	.long	.Linfo_string205                @ DW_AT_name
	.long	1658                            @ DW_AT_type
	.byte	11                              @ DW_AT_decl_file
	.short	470                             @ DW_AT_decl_line
	.byte	1                               @ DW_AT_bit_size
	.byte	9                               @ DW_AT_data_bit_offset
	.byte	27                              @ Abbrev [27] 0xba3:0xe DW_TAG_member
	.long	.Linfo_string206                @ DW_AT_name
	.long	1658                            @ DW_AT_type
	.byte	11                              @ DW_AT_decl_file
	.short	471                             @ DW_AT_decl_line
	.byte	1                               @ DW_AT_bit_size
	.byte	10                              @ DW_AT_data_bit_offset
	.byte	27                              @ Abbrev [27] 0xbb1:0xe DW_TAG_member
	.long	.Linfo_string126                @ DW_AT_name
	.long	1658                            @ DW_AT_type
	.byte	11                              @ DW_AT_decl_file
	.short	472                             @ DW_AT_decl_line
	.byte	21                              @ DW_AT_bit_size
	.byte	11                              @ DW_AT_data_bit_offset
	.byte	0                               @ End Of Children Mark
	.byte	6                               @ Abbrev [6] 0xbc0:0xb DW_TAG_typedef
	.long	376                             @ DW_AT_type
	.long	.Linfo_string209                @ DW_AT_name
	.byte	10                              @ DW_AT_decl_file
	.byte	34                              @ DW_AT_decl_line
	.byte	6                               @ Abbrev [6] 0xbcb:0xb DW_TAG_typedef
	.long	1197                            @ DW_AT_type
	.long	.Linfo_string210                @ DW_AT_name
	.byte	10                              @ DW_AT_decl_file
	.byte	75                              @ DW_AT_decl_line
	.byte	28                              @ Abbrev [28] 0xbd6:0x1f DW_TAG_subprogram
	.long	.Lfunc_begin0                   @ DW_AT_low_pc
	.long	.Lfunc_end0-.Lfunc_begin0       @ DW_AT_high_pc
	.byte	1                               @ DW_AT_frame_base
	.byte	93
                                        @ DW_AT_GNU_all_call_sites
	.long	.Linfo_string211                @ DW_AT_name
	.byte	7                               @ DW_AT_decl_file
	.byte	82                              @ DW_AT_decl_line
                                        @ DW_AT_prototyped
                                        @ DW_AT_external
	.byte	29                              @ Abbrev [29] 0xbe7:0xd DW_TAG_formal_parameter
	.byte	1                               @ DW_AT_location
	.byte	80
	.long	.Linfo_string223                @ DW_AT_name
	.byte	7                               @ DW_AT_decl_file
	.byte	82                              @ DW_AT_decl_line
	.long	1663                            @ DW_AT_type
	.byte	0                               @ End Of Children Mark
	.byte	28                              @ Abbrev [28] 0xbf5:0x20 DW_TAG_subprogram
	.long	.Lfunc_begin1                   @ DW_AT_low_pc
	.long	.Lfunc_end1-.Lfunc_begin1       @ DW_AT_high_pc
	.byte	1                               @ DW_AT_frame_base
	.byte	93
                                        @ DW_AT_GNU_all_call_sites
	.long	.Linfo_string212                @ DW_AT_name
	.byte	7                               @ DW_AT_decl_file
	.byte	170                             @ DW_AT_decl_line
                                        @ DW_AT_prototyped
                                        @ DW_AT_external
	.byte	30                              @ Abbrev [30] 0xc06:0xe DW_TAG_variable
	.byte	2                               @ DW_AT_location
	.byte	145
	.byte	4
	.long	.Linfo_string224                @ DW_AT_name
	.byte	7                               @ DW_AT_decl_file
	.byte	175                             @ DW_AT_decl_line
	.long	3941                            @ DW_AT_type
	.byte	0                               @ End Of Children Mark
	.byte	31                              @ Abbrev [31] 0xc15:0x56 DW_TAG_subprogram
	.long	.Lfunc_begin2                   @ DW_AT_low_pc
	.long	.Lfunc_end2-.Lfunc_begin2       @ DW_AT_high_pc
	.byte	1                               @ DW_AT_frame_base
	.byte	93
                                        @ DW_AT_GNU_all_call_sites
	.long	.Linfo_string213                @ DW_AT_name
	.byte	7                               @ DW_AT_decl_file
	.short	269                             @ DW_AT_decl_line
                                        @ DW_AT_prototyped
                                        @ DW_AT_external
	.byte	32                              @ Abbrev [32] 0xc27:0x10 DW_TAG_formal_parameter
	.long	.Ldebug_loc0                    @ DW_AT_location
	.long	.Linfo_string55                 @ DW_AT_name
	.byte	7                               @ DW_AT_decl_file
	.short	269                             @ DW_AT_decl_line
	.long	550                             @ DW_AT_type
	.byte	33                              @ Abbrev [33] 0xc37:0xf DW_TAG_variable
	.byte	2                               @ DW_AT_location
	.byte	145
	.byte	4
	.long	.Linfo_string245                @ DW_AT_name
	.byte	7                               @ DW_AT_decl_file
	.short	301                             @ DW_AT_decl_line
	.long	4205                            @ DW_AT_type
	.byte	34                              @ Abbrev [34] 0xc46:0xc DW_TAG_variable
	.long	.Linfo_string254                @ DW_AT_name
	.byte	7                               @ DW_AT_decl_file
	.short	276                             @ DW_AT_decl_line
	.long	4301                            @ DW_AT_type
	.byte	35                              @ Abbrev [35] 0xc52:0x18 DW_TAG_lexical_block
	.long	.Ltmp15                         @ DW_AT_low_pc
	.long	.Ltmp21-.Ltmp15                 @ DW_AT_high_pc
	.byte	33                              @ Abbrev [33] 0xc5b:0xe DW_TAG_variable
	.byte	1                               @ DW_AT_location
	.byte	84
	.long	.Linfo_string56                 @ DW_AT_name
	.byte	7                               @ DW_AT_decl_file
	.short	308                             @ DW_AT_decl_line
	.long	4290                            @ DW_AT_type
	.byte	0                               @ End Of Children Mark
	.byte	0                               @ End Of Children Mark
	.byte	31                              @ Abbrev [31] 0xc6b:0x57 DW_TAG_subprogram
	.long	.Lfunc_begin3                   @ DW_AT_low_pc
	.long	.Lfunc_end3-.Lfunc_begin3       @ DW_AT_high_pc
	.byte	1                               @ DW_AT_frame_base
	.byte	93
                                        @ DW_AT_GNU_all_call_sites
	.long	.Linfo_string214                @ DW_AT_name
	.byte	7                               @ DW_AT_decl_file
	.short	348                             @ DW_AT_decl_line
                                        @ DW_AT_prototyped
                                        @ DW_AT_external
	.byte	32                              @ Abbrev [32] 0xc7d:0x10 DW_TAG_formal_parameter
	.long	.Ldebug_loc1                    @ DW_AT_location
	.long	.Linfo_string55                 @ DW_AT_name
	.byte	7                               @ DW_AT_decl_file
	.short	348                             @ DW_AT_decl_line
	.long	550                             @ DW_AT_type
	.byte	32                              @ Abbrev [32] 0xc8d:0x10 DW_TAG_formal_parameter
	.long	.Ldebug_loc2                    @ DW_AT_location
	.long	.Linfo_string255                @ DW_AT_name
	.byte	7                               @ DW_AT_decl_file
	.short	348                             @ DW_AT_decl_line
	.long	642                             @ DW_AT_type
	.byte	34                              @ Abbrev [34] 0xc9d:0xc DW_TAG_variable
	.long	.Linfo_string254                @ DW_AT_name
	.byte	7                               @ DW_AT_decl_file
	.short	355                             @ DW_AT_decl_line
	.long	4301                            @ DW_AT_type
	.byte	35                              @ Abbrev [35] 0xca9:0x18 DW_TAG_lexical_block
	.long	.Ltmp26                         @ DW_AT_low_pc
	.long	.Ltmp31-.Ltmp26                 @ DW_AT_high_pc
	.byte	33                              @ Abbrev [33] 0xcb2:0xe DW_TAG_variable
	.byte	1                               @ DW_AT_location
	.byte	85
	.long	.Linfo_string56                 @ DW_AT_name
	.byte	7                               @ DW_AT_decl_file
	.short	362                             @ DW_AT_decl_line
	.long	4290                            @ DW_AT_type
	.byte	0                               @ End Of Children Mark
	.byte	0                               @ End Of Children Mark
	.byte	31                              @ Abbrev [31] 0xcc2:0x66 DW_TAG_subprogram
	.long	.Lfunc_begin4                   @ DW_AT_low_pc
	.long	.Lfunc_end4-.Lfunc_begin4       @ DW_AT_high_pc
	.byte	1                               @ DW_AT_frame_base
	.byte	93
                                        @ DW_AT_GNU_all_call_sites
	.long	.Linfo_string215                @ DW_AT_name
	.byte	7                               @ DW_AT_decl_file
	.short	376                             @ DW_AT_decl_line
                                        @ DW_AT_prototyped
                                        @ DW_AT_external
	.byte	32                              @ Abbrev [32] 0xcd4:0x10 DW_TAG_formal_parameter
	.long	.Ldebug_loc3                    @ DW_AT_location
	.long	.Linfo_string55                 @ DW_AT_name
	.byte	7                               @ DW_AT_decl_file
	.short	376                             @ DW_AT_decl_line
	.long	550                             @ DW_AT_type
	.byte	32                              @ Abbrev [32] 0xce4:0x10 DW_TAG_formal_parameter
	.long	.Ldebug_loc4                    @ DW_AT_location
	.long	.Linfo_string255                @ DW_AT_name
	.byte	7                               @ DW_AT_decl_file
	.short	376                             @ DW_AT_decl_line
	.long	642                             @ DW_AT_type
	.byte	33                              @ Abbrev [33] 0xcf4:0xf DW_TAG_variable
	.byte	2                               @ DW_AT_location
	.byte	145
	.byte	4
	.long	.Linfo_string256                @ DW_AT_name
	.byte	7                               @ DW_AT_decl_file
	.short	384                             @ DW_AT_decl_line
	.long	3019                            @ DW_AT_type
	.byte	34                              @ Abbrev [34] 0xd03:0xc DW_TAG_variable
	.long	.Linfo_string254                @ DW_AT_name
	.byte	7                               @ DW_AT_decl_file
	.short	383                             @ DW_AT_decl_line
	.long	4301                            @ DW_AT_type
	.byte	35                              @ Abbrev [35] 0xd0f:0x18 DW_TAG_lexical_block
	.long	.Ltmp37                         @ DW_AT_low_pc
	.long	.Ltmp43-.Ltmp37                 @ DW_AT_high_pc
	.byte	33                              @ Abbrev [33] 0xd18:0xe DW_TAG_variable
	.byte	1                               @ DW_AT_location
	.byte	85
	.long	.Linfo_string56                 @ DW_AT_name
	.byte	7                               @ DW_AT_decl_file
	.short	391                             @ DW_AT_decl_line
	.long	4290                            @ DW_AT_type
	.byte	0                               @ End Of Children Mark
	.byte	0                               @ End Of Children Mark
	.byte	31                              @ Abbrev [31] 0xd28:0x79 DW_TAG_subprogram
	.long	.Lfunc_begin5                   @ DW_AT_low_pc
	.long	.Lfunc_end5-.Lfunc_begin5       @ DW_AT_high_pc
	.byte	1                               @ DW_AT_frame_base
	.byte	93
                                        @ DW_AT_GNU_all_call_sites
	.long	.Linfo_string216                @ DW_AT_name
	.byte	7                               @ DW_AT_decl_file
	.short	406                             @ DW_AT_decl_line
                                        @ DW_AT_prototyped
                                        @ DW_AT_external
	.byte	32                              @ Abbrev [32] 0xd3a:0x10 DW_TAG_formal_parameter
	.long	.Ldebug_loc5                    @ DW_AT_location
	.long	.Linfo_string55                 @ DW_AT_name
	.byte	7                               @ DW_AT_decl_file
	.short	406                             @ DW_AT_decl_line
	.long	550                             @ DW_AT_type
	.byte	32                              @ Abbrev [32] 0xd4a:0x10 DW_TAG_formal_parameter
	.long	.Ldebug_loc6                    @ DW_AT_location
	.long	.Linfo_string257                @ DW_AT_name
	.byte	7                               @ DW_AT_decl_file
	.short	406                             @ DW_AT_decl_line
	.long	602                             @ DW_AT_type
	.byte	34                              @ Abbrev [34] 0xd5a:0xc DW_TAG_variable
	.long	.Linfo_string254                @ DW_AT_name
	.byte	7                               @ DW_AT_decl_file
	.short	413                             @ DW_AT_decl_line
	.long	4301                            @ DW_AT_type
	.byte	35                              @ Abbrev [35] 0xd66:0x3a DW_TAG_lexical_block
	.long	.Ltmp50                         @ DW_AT_low_pc
	.long	.Ltmp57-.Ltmp50                 @ DW_AT_high_pc
	.byte	33                              @ Abbrev [33] 0xd6f:0xe DW_TAG_variable
	.byte	1                               @ DW_AT_location
	.byte	85
	.long	.Linfo_string56                 @ DW_AT_name
	.byte	7                               @ DW_AT_decl_file
	.short	422                             @ DW_AT_decl_line
	.long	4290                            @ DW_AT_type
	.byte	35                              @ Abbrev [35] 0xd7d:0x22 DW_TAG_lexical_block
	.long	.Ltmp51                         @ DW_AT_low_pc
	.long	.Ltmp54-.Ltmp51                 @ DW_AT_high_pc
	.byte	34                              @ Abbrev [34] 0xd86:0xc DW_TAG_variable
	.long	.Linfo_string258                @ DW_AT_name
	.byte	7                               @ DW_AT_decl_file
	.short	432                             @ DW_AT_decl_line
	.long	607                             @ DW_AT_type
	.byte	34                              @ Abbrev [34] 0xd92:0xc DW_TAG_variable
	.long	.Linfo_string259                @ DW_AT_name
	.byte	7                               @ DW_AT_decl_file
	.short	433                             @ DW_AT_decl_line
	.long	607                             @ DW_AT_type
	.byte	0                               @ End Of Children Mark
	.byte	0                               @ End Of Children Mark
	.byte	0                               @ End Of Children Mark
	.byte	31                              @ Abbrev [31] 0xda1:0x57 DW_TAG_subprogram
	.long	.Lfunc_begin6                   @ DW_AT_low_pc
	.long	.Lfunc_end6-.Lfunc_begin6       @ DW_AT_high_pc
	.byte	1                               @ DW_AT_frame_base
	.byte	93
                                        @ DW_AT_GNU_all_call_sites
	.long	.Linfo_string217                @ DW_AT_name
	.byte	7                               @ DW_AT_decl_file
	.short	462                             @ DW_AT_decl_line
                                        @ DW_AT_prototyped
                                        @ DW_AT_external
	.byte	32                              @ Abbrev [32] 0xdb3:0x10 DW_TAG_formal_parameter
	.long	.Ldebug_loc7                    @ DW_AT_location
	.long	.Linfo_string55                 @ DW_AT_name
	.byte	7                               @ DW_AT_decl_file
	.short	462                             @ DW_AT_decl_line
	.long	550                             @ DW_AT_type
	.byte	32                              @ Abbrev [32] 0xdc3:0x10 DW_TAG_formal_parameter
	.long	.Ldebug_loc8                    @ DW_AT_location
	.long	.Linfo_string257                @ DW_AT_name
	.byte	7                               @ DW_AT_decl_file
	.short	462                             @ DW_AT_decl_line
	.long	602                             @ DW_AT_type
	.byte	34                              @ Abbrev [34] 0xdd3:0xc DW_TAG_variable
	.long	.Linfo_string254                @ DW_AT_name
	.byte	7                               @ DW_AT_decl_file
	.short	469                             @ DW_AT_decl_line
	.long	4301                            @ DW_AT_type
	.byte	35                              @ Abbrev [35] 0xddf:0x18 DW_TAG_lexical_block
	.long	.Ltmp64                         @ DW_AT_low_pc
	.long	.Ltmp70-.Ltmp64                 @ DW_AT_high_pc
	.byte	33                              @ Abbrev [33] 0xde8:0xe DW_TAG_variable
	.byte	1                               @ DW_AT_location
	.byte	85
	.long	.Linfo_string56                 @ DW_AT_name
	.byte	7                               @ DW_AT_decl_file
	.short	476                             @ DW_AT_decl_line
	.long	4290                            @ DW_AT_type
	.byte	0                               @ End Of Children Mark
	.byte	0                               @ End Of Children Mark
	.byte	31                              @ Abbrev [31] 0xdf8:0x43 DW_TAG_subprogram
	.long	.Lfunc_begin7                   @ DW_AT_low_pc
	.long	.Lfunc_end7-.Lfunc_begin7       @ DW_AT_high_pc
	.byte	1                               @ DW_AT_frame_base
	.byte	93
                                        @ DW_AT_GNU_all_call_sites
	.long	.Linfo_string218                @ DW_AT_name
	.byte	7                               @ DW_AT_decl_file
	.short	490                             @ DW_AT_decl_line
                                        @ DW_AT_prototyped
                                        @ DW_AT_external
	.byte	32                              @ Abbrev [32] 0xe0a:0x10 DW_TAG_formal_parameter
	.long	.Ldebug_loc9                    @ DW_AT_location
	.long	.Linfo_string55                 @ DW_AT_name
	.byte	7                               @ DW_AT_decl_file
	.short	490                             @ DW_AT_decl_line
	.long	550                             @ DW_AT_type
	.byte	32                              @ Abbrev [32] 0xe1a:0x10 DW_TAG_formal_parameter
	.long	.Ldebug_loc10                   @ DW_AT_location
	.long	.Linfo_string260                @ DW_AT_name
	.byte	7                               @ DW_AT_decl_file
	.short	490                             @ DW_AT_decl_line
	.long	578                             @ DW_AT_type
	.byte	36                              @ Abbrev [36] 0xe2a:0x10 DW_TAG_variable
	.long	.Ldebug_loc11                   @ DW_AT_location
	.long	.Linfo_string254                @ DW_AT_name
	.byte	7                               @ DW_AT_decl_file
	.short	497                             @ DW_AT_decl_line
	.long	4301                            @ DW_AT_type
	.byte	0                               @ End Of Children Mark
	.byte	31                              @ Abbrev [31] 0xe3b:0x43 DW_TAG_subprogram
	.long	.Lfunc_begin8                   @ DW_AT_low_pc
	.long	.Lfunc_end8-.Lfunc_begin8       @ DW_AT_high_pc
	.byte	1                               @ DW_AT_frame_base
	.byte	93
                                        @ DW_AT_GNU_all_call_sites
	.long	.Linfo_string219                @ DW_AT_name
	.byte	7                               @ DW_AT_decl_file
	.short	532                             @ DW_AT_decl_line
                                        @ DW_AT_prototyped
                                        @ DW_AT_external
	.byte	32                              @ Abbrev [32] 0xe4d:0x10 DW_TAG_formal_parameter
	.long	.Ldebug_loc12                   @ DW_AT_location
	.long	.Linfo_string55                 @ DW_AT_name
	.byte	7                               @ DW_AT_decl_file
	.short	532                             @ DW_AT_decl_line
	.long	550                             @ DW_AT_type
	.byte	32                              @ Abbrev [32] 0xe5d:0x10 DW_TAG_formal_parameter
	.long	.Ldebug_loc13                   @ DW_AT_location
	.long	.Linfo_string260                @ DW_AT_name
	.byte	7                               @ DW_AT_decl_file
	.short	532                             @ DW_AT_decl_line
	.long	578                             @ DW_AT_type
	.byte	36                              @ Abbrev [36] 0xe6d:0x10 DW_TAG_variable
	.long	.Ldebug_loc14                   @ DW_AT_location
	.long	.Linfo_string254                @ DW_AT_name
	.byte	7                               @ DW_AT_decl_file
	.short	539                             @ DW_AT_decl_line
	.long	4301                            @ DW_AT_type
	.byte	0                               @ End Of Children Mark
	.byte	31                              @ Abbrev [31] 0xe7e:0x85 DW_TAG_subprogram
	.long	.Lfunc_begin9                   @ DW_AT_low_pc
	.long	.Lfunc_end9-.Lfunc_begin9       @ DW_AT_high_pc
	.byte	1                               @ DW_AT_frame_base
	.byte	93
                                        @ DW_AT_GNU_all_call_sites
	.long	.Linfo_string220                @ DW_AT_name
	.byte	7                               @ DW_AT_decl_file
	.short	563                             @ DW_AT_decl_line
                                        @ DW_AT_prototyped
                                        @ DW_AT_external
	.byte	32                              @ Abbrev [32] 0xe90:0x10 DW_TAG_formal_parameter
	.long	.Ldebug_loc15                   @ DW_AT_location
	.long	.Linfo_string55                 @ DW_AT_name
	.byte	7                               @ DW_AT_decl_file
	.short	563                             @ DW_AT_decl_line
	.long	550                             @ DW_AT_type
	.byte	37                              @ Abbrev [37] 0xea0:0xc DW_TAG_formal_parameter
	.long	.Linfo_string260                @ DW_AT_name
	.byte	7                               @ DW_AT_decl_file
	.short	563                             @ DW_AT_decl_line
	.long	578                             @ DW_AT_type
	.byte	36                              @ Abbrev [36] 0xeac:0x10 DW_TAG_variable
	.long	.Ldebug_loc16                   @ DW_AT_location
	.long	.Linfo_string254                @ DW_AT_name
	.byte	7                               @ DW_AT_decl_file
	.short	570                             @ DW_AT_decl_line
	.long	4301                            @ DW_AT_type
	.byte	35                              @ Abbrev [35] 0xebc:0x46 DW_TAG_lexical_block
	.long	.Ltmp101                        @ DW_AT_low_pc
	.long	.Ltmp124-.Ltmp101               @ DW_AT_high_pc
	.byte	34                              @ Abbrev [34] 0xec5:0xc DW_TAG_variable
	.long	.Linfo_string261                @ DW_AT_name
	.byte	7                               @ DW_AT_decl_file
	.short	593                             @ DW_AT_decl_line
	.long	1663                            @ DW_AT_type
	.byte	35                              @ Abbrev [35] 0xed1:0x18 DW_TAG_lexical_block
	.long	.Ltmp104                        @ DW_AT_low_pc
	.long	.Ltmp108-.Ltmp104               @ DW_AT_high_pc
	.byte	33                              @ Abbrev [33] 0xeda:0xe DW_TAG_variable
	.byte	1                               @ DW_AT_location
	.byte	86
	.long	.Linfo_string56                 @ DW_AT_name
	.byte	7                               @ DW_AT_decl_file
	.short	586                             @ DW_AT_decl_line
	.long	4290                            @ DW_AT_type
	.byte	0                               @ End Of Children Mark
	.byte	35                              @ Abbrev [35] 0xee9:0x18 DW_TAG_lexical_block
	.long	.Ltmp115                        @ DW_AT_low_pc
	.long	.Ltmp119-.Ltmp115               @ DW_AT_high_pc
	.byte	33                              @ Abbrev [33] 0xef2:0xe DW_TAG_variable
	.byte	1                               @ DW_AT_location
	.byte	86
	.long	.Linfo_string56                 @ DW_AT_name
	.byte	7                               @ DW_AT_decl_file
	.short	595                             @ DW_AT_decl_line
	.long	4290                            @ DW_AT_type
	.byte	0                               @ End Of Children Mark
	.byte	0                               @ End Of Children Mark
	.byte	0                               @ End Of Children Mark
	.byte	31                              @ Abbrev [31] 0xf03:0x41 DW_TAG_subprogram
	.long	.Lfunc_begin10                  @ DW_AT_low_pc
	.long	.Lfunc_end10-.Lfunc_begin10     @ DW_AT_high_pc
	.byte	1                               @ DW_AT_frame_base
	.byte	93
                                        @ DW_AT_GNU_all_call_sites
	.long	.Linfo_string221                @ DW_AT_name
	.byte	7                               @ DW_AT_decl_file
	.short	630                             @ DW_AT_decl_line
                                        @ DW_AT_prototyped
                                        @ DW_AT_external
	.byte	32                              @ Abbrev [32] 0xf15:0x10 DW_TAG_formal_parameter
	.long	.Ldebug_loc17                   @ DW_AT_location
	.long	.Linfo_string55                 @ DW_AT_name
	.byte	7                               @ DW_AT_decl_file
	.short	630                             @ DW_AT_decl_line
	.long	550                             @ DW_AT_type
	.byte	38                              @ Abbrev [38] 0xf25:0xe DW_TAG_formal_parameter
	.byte	1                               @ DW_AT_location
	.byte	81
	.long	.Linfo_string262                @ DW_AT_name
	.byte	7                               @ DW_AT_decl_file
	.short	630                             @ DW_AT_decl_line
	.long	664                             @ DW_AT_type
	.byte	36                              @ Abbrev [36] 0xf33:0x10 DW_TAG_variable
	.long	.Ldebug_loc18                   @ DW_AT_location
	.long	.Linfo_string254                @ DW_AT_name
	.byte	7                               @ DW_AT_decl_file
	.short	637                             @ DW_AT_decl_line
	.long	4301                            @ DW_AT_type
	.byte	0                               @ End Of Children Mark
	.byte	31                              @ Abbrev [31] 0xf44:0x21 DW_TAG_subprogram
	.long	.Lfunc_begin11                  @ DW_AT_low_pc
	.long	.Lfunc_end11-.Lfunc_begin11     @ DW_AT_high_pc
	.byte	1                               @ DW_AT_frame_base
	.byte	93
                                        @ DW_AT_GNU_all_call_sites
	.long	.Linfo_string222                @ DW_AT_name
	.byte	7                               @ DW_AT_decl_file
	.short	659                             @ DW_AT_decl_line
                                        @ DW_AT_prototyped
                                        @ DW_AT_external
	.byte	38                              @ Abbrev [38] 0xf56:0xe DW_TAG_formal_parameter
	.byte	1                               @ DW_AT_location
	.byte	80
	.long	.Linfo_string55                 @ DW_AT_name
	.byte	7                               @ DW_AT_decl_file
	.short	659                             @ DW_AT_decl_line
	.long	550                             @ DW_AT_type
	.byte	0                               @ End Of Children Mark
	.byte	6                               @ Abbrev [6] 0xf65:0xb DW_TAG_typedef
	.long	3952                            @ DW_AT_type
	.long	.Linfo_string244                @ DW_AT_name
	.byte	3                               @ DW_AT_decl_file
	.byte	176                             @ DW_AT_decl_line
	.byte	7                               @ Abbrev [7] 0xf70:0x35 DW_TAG_structure_type
	.byte	20                              @ DW_AT_byte_size
	.byte	3                               @ DW_AT_decl_file
	.byte	170                             @ DW_AT_decl_line
	.byte	8                               @ Abbrev [8] 0xf74:0xc DW_TAG_member
	.long	.Linfo_string225                @ DW_AT_name
	.long	4005                            @ DW_AT_type
	.byte	3                               @ DW_AT_decl_file
	.byte	172                             @ DW_AT_decl_line
	.byte	0                               @ DW_AT_data_member_location
	.byte	8                               @ Abbrev [8] 0xf80:0xc DW_TAG_member
	.long	.Linfo_string230                @ DW_AT_name
	.long	4056                            @ DW_AT_type
	.byte	3                               @ DW_AT_decl_file
	.byte	173                             @ DW_AT_decl_line
	.byte	4                               @ DW_AT_data_member_location
	.byte	8                               @ Abbrev [8] 0xf8c:0xc DW_TAG_member
	.long	.Linfo_string234                @ DW_AT_name
	.long	4108                            @ DW_AT_type
	.byte	3                               @ DW_AT_decl_file
	.byte	174                             @ DW_AT_decl_line
	.byte	12                              @ DW_AT_data_member_location
	.byte	8                               @ Abbrev [8] 0xf98:0xc DW_TAG_member
	.long	.Linfo_string242                @ DW_AT_name
	.long	4194                            @ DW_AT_type
	.byte	3                               @ DW_AT_decl_file
	.byte	175                             @ DW_AT_decl_line
	.byte	18                              @ DW_AT_data_member_location
	.byte	0                               @ End Of Children Mark
	.byte	6                               @ Abbrev [6] 0xfa5:0xb DW_TAG_typedef
	.long	4016                            @ DW_AT_type
	.long	.Linfo_string229                @ DW_AT_name
	.byte	9                               @ DW_AT_decl_file
	.byte	175                             @ DW_AT_decl_line
	.byte	7                               @ Abbrev [7] 0xfb0:0x1d DW_TAG_structure_type
	.byte	2                               @ DW_AT_byte_size
	.byte	9                               @ DW_AT_decl_file
	.byte	171                             @ DW_AT_decl_line
	.byte	8                               @ Abbrev [8] 0xfb4:0xc DW_TAG_member
	.long	.Linfo_string226                @ DW_AT_name
	.long	4045                            @ DW_AT_type
	.byte	9                               @ DW_AT_decl_file
	.byte	173                             @ DW_AT_decl_line
	.byte	0                               @ DW_AT_data_member_location
	.byte	8                               @ Abbrev [8] 0xfc0:0xc DW_TAG_member
	.long	.Linfo_string228                @ DW_AT_name
	.long	376                             @ DW_AT_type
	.byte	9                               @ DW_AT_decl_file
	.byte	174                             @ DW_AT_decl_line
	.byte	1                               @ DW_AT_data_member_location
	.byte	0                               @ End Of Children Mark
	.byte	6                               @ Abbrev [6] 0xfcd:0xb DW_TAG_typedef
	.long	858                             @ DW_AT_type
	.long	.Linfo_string227                @ DW_AT_name
	.byte	9                               @ DW_AT_decl_file
	.byte	135                             @ DW_AT_decl_line
	.byte	6                               @ Abbrev [6] 0xfd8:0xb DW_TAG_typedef
	.long	4067                            @ DW_AT_type
	.long	.Linfo_string233                @ DW_AT_name
	.byte	9                               @ DW_AT_decl_file
	.byte	185                             @ DW_AT_decl_line
	.byte	7                               @ Abbrev [7] 0xfe3:0x29 DW_TAG_structure_type
	.byte	8                               @ DW_AT_byte_size
	.byte	9                               @ DW_AT_decl_file
	.byte	180                             @ DW_AT_decl_line
	.byte	8                               @ Abbrev [8] 0xfe7:0xc DW_TAG_member
	.long	.Linfo_string223                @ DW_AT_name
	.long	1663                            @ DW_AT_type
	.byte	9                               @ DW_AT_decl_file
	.byte	182                             @ DW_AT_decl_line
	.byte	0                               @ DW_AT_data_member_location
	.byte	8                               @ Abbrev [8] 0xff3:0xc DW_TAG_member
	.long	.Linfo_string231                @ DW_AT_name
	.long	376                             @ DW_AT_type
	.byte	9                               @ DW_AT_decl_file
	.byte	183                             @ DW_AT_decl_line
	.byte	4                               @ DW_AT_data_member_location
	.byte	8                               @ Abbrev [8] 0xfff:0xc DW_TAG_member
	.long	.Linfo_string232                @ DW_AT_name
	.long	578                             @ DW_AT_type
	.byte	9                               @ DW_AT_decl_file
	.byte	184                             @ DW_AT_decl_line
	.byte	5                               @ DW_AT_data_member_location
	.byte	0                               @ End Of Children Mark
	.byte	6                               @ Abbrev [6] 0x100c:0xb DW_TAG_typedef
	.long	4119                            @ DW_AT_type
	.long	.Linfo_string241                @ DW_AT_name
	.byte	3                               @ DW_AT_decl_file
	.byte	155                             @ DW_AT_decl_line
	.byte	7                               @ Abbrev [7] 0x1017:0x35 DW_TAG_structure_type
	.byte	6                               @ DW_AT_byte_size
	.byte	3                               @ DW_AT_decl_file
	.byte	149                             @ DW_AT_decl_line
	.byte	8                               @ Abbrev [8] 0x101b:0xc DW_TAG_member
	.long	.Linfo_string235                @ DW_AT_name
	.long	4172                            @ DW_AT_type
	.byte	3                               @ DW_AT_decl_file
	.byte	151                             @ DW_AT_decl_line
	.byte	0                               @ DW_AT_data_member_location
	.byte	8                               @ Abbrev [8] 0x1027:0xc DW_TAG_member
	.long	.Linfo_string237                @ DW_AT_name
	.long	578                             @ DW_AT_type
	.byte	3                               @ DW_AT_decl_file
	.byte	152                             @ DW_AT_decl_line
	.byte	1                               @ DW_AT_data_member_location
	.byte	8                               @ Abbrev [8] 0x1033:0xc DW_TAG_member
	.long	.Linfo_string238                @ DW_AT_name
	.long	4183                            @ DW_AT_type
	.byte	3                               @ DW_AT_decl_file
	.byte	153                             @ DW_AT_decl_line
	.byte	2                               @ DW_AT_data_member_location
	.byte	8                               @ Abbrev [8] 0x103f:0xc DW_TAG_member
	.long	.Linfo_string240                @ DW_AT_name
	.long	607                             @ DW_AT_type
	.byte	3                               @ DW_AT_decl_file
	.byte	154                             @ DW_AT_decl_line
	.byte	4                               @ DW_AT_data_member_location
	.byte	0                               @ End Of Children Mark
	.byte	6                               @ Abbrev [6] 0x104c:0xb DW_TAG_typedef
	.long	885                             @ DW_AT_type
	.long	.Linfo_string236                @ DW_AT_name
	.byte	3                               @ DW_AT_decl_file
	.byte	123                             @ DW_AT_decl_line
	.byte	6                               @ Abbrev [6] 0x1057:0xb DW_TAG_typedef
	.long	912                             @ DW_AT_type
	.long	.Linfo_string239                @ DW_AT_name
	.byte	3                               @ DW_AT_decl_file
	.byte	133                             @ DW_AT_decl_line
	.byte	6                               @ Abbrev [6] 0x1062:0xb DW_TAG_typedef
	.long	939                             @ DW_AT_type
	.long	.Linfo_string243                @ DW_AT_name
	.byte	3                               @ DW_AT_decl_file
	.byte	144                             @ DW_AT_decl_line
	.byte	6                               @ Abbrev [6] 0x106d:0xb DW_TAG_typedef
	.long	4216                            @ DW_AT_type
	.long	.Linfo_string252                @ DW_AT_name
	.byte	3                               @ DW_AT_decl_file
	.byte	168                             @ DW_AT_decl_line
	.byte	7                               @ Abbrev [7] 0x1078:0x29 DW_TAG_structure_type
	.byte	3                               @ DW_AT_byte_size
	.byte	3                               @ DW_AT_decl_file
	.byte	160                             @ DW_AT_decl_line
	.byte	8                               @ Abbrev [8] 0x107c:0xc DW_TAG_member
	.long	.Linfo_string246                @ DW_AT_name
	.long	4257                            @ DW_AT_type
	.byte	3                               @ DW_AT_decl_file
	.byte	162                             @ DW_AT_decl_line
	.byte	0                               @ DW_AT_data_member_location
	.byte	8                               @ Abbrev [8] 0x1088:0xc DW_TAG_member
	.long	.Linfo_string248                @ DW_AT_name
	.long	4268                            @ DW_AT_type
	.byte	3                               @ DW_AT_decl_file
	.byte	164                             @ DW_AT_decl_line
	.byte	1                               @ DW_AT_data_member_location
	.byte	8                               @ Abbrev [8] 0x1094:0xc DW_TAG_member
	.long	.Linfo_string250                @ DW_AT_name
	.long	4279                            @ DW_AT_type
	.byte	3                               @ DW_AT_decl_file
	.byte	166                             @ DW_AT_decl_line
	.byte	2                               @ DW_AT_data_member_location
	.byte	0                               @ End Of Children Mark
	.byte	6                               @ Abbrev [6] 0x10a1:0xb DW_TAG_typedef
	.long	1071                            @ DW_AT_type
	.long	.Linfo_string247                @ DW_AT_name
	.byte	3                               @ DW_AT_decl_file
	.byte	81                              @ DW_AT_decl_line
	.byte	6                               @ Abbrev [6] 0x10ac:0xb DW_TAG_typedef
	.long	1098                            @ DW_AT_type
	.long	.Linfo_string249                @ DW_AT_name
	.byte	3                               @ DW_AT_decl_file
	.byte	102                             @ DW_AT_decl_line
	.byte	6                               @ Abbrev [6] 0x10b7:0xb DW_TAG_typedef
	.long	1125                            @ DW_AT_type
	.long	.Linfo_string251                @ DW_AT_name
	.byte	3                               @ DW_AT_decl_file
	.byte	92                              @ DW_AT_decl_line
	.byte	6                               @ Abbrev [6] 0x10c2:0xb DW_TAG_typedef
	.long	1164                            @ DW_AT_type
	.long	.Linfo_string253                @ DW_AT_name
	.byte	2                               @ DW_AT_decl_file
	.byte	141                             @ DW_AT_decl_line
	.byte	15                              @ Abbrev [15] 0x10cd:0x5 DW_TAG_pointer_type
	.long	698                             @ DW_AT_type
	.byte	0                               @ End Of Children Mark
.Ldebug_info_end0:
	.section	.debug_ranges,"",%progbits
.Ldebug_ranges0:
	.long	.Lfunc_begin0
	.long	.Lfunc_end0
	.long	.Lfunc_begin1
	.long	.Lfunc_end1
	.long	.Lfunc_begin2
	.long	.Lfunc_end2
	.long	.Lfunc_begin3
	.long	.Lfunc_end3
	.long	.Lfunc_begin4
	.long	.Lfunc_end4
	.long	.Lfunc_begin5
	.long	.Lfunc_end5
	.long	.Lfunc_begin6
	.long	.Lfunc_end6
	.long	.Lfunc_begin7
	.long	.Lfunc_end7
	.long	.Lfunc_begin8
	.long	.Lfunc_end8
	.long	.Lfunc_begin9
	.long	.Lfunc_end9
	.long	.Lfunc_begin10
	.long	.Lfunc_end10
	.long	.Lfunc_begin11
	.long	.Lfunc_end11
	.long	0
	.long	0
	.section	.debug_str,"MS",%progbits,1
.Linfo_string0:
	.asciz	"Component: Arm Compiler for Embedded 6.21 Tool: armclang [5ec1fd00]" @ string offset=0
.Linfo_string1:
	.asciz	"../08_TCPL04B_PAL\\pal_led.c"  @ string offset=68
.Linfo_string2:
	.asciz	"C:\\baidunetdiskdownload\\\346\263\260\347\237\275\345\276\256\\\346\260\233\345\233\264\347\201\257\\TCPL0X_AUTO_SDK_V2.0.0\\TCPL0X_AUTO_SDK_V2.0.0\\examples\\tcpl04x\\demo_apps\\tcpl04b_swsc_lean\\MDK" @ string offset=96
.Linfo_string3:
	.asciz	"led_pinmux_table"              @ string offset=235
.Linfo_string4:
	.asciz	"gpio_pin"                      @ string offset=252
.Linfo_string5:
	.asciz	"unsigned char"                 @ string offset=261
.Linfo_string6:
	.asciz	"GPIO_PIN_0"                    @ string offset=275
.Linfo_string7:
	.asciz	"GPIO_PIN_1"                    @ string offset=286
.Linfo_string8:
	.asciz	"GPIO_PIN_2"                    @ string offset=297
.Linfo_string9:
	.asciz	"GPIO_PIN_3"                    @ string offset=308
.Linfo_string10:
	.asciz	"GPIO_PIN_4"                    @ string offset=319
.Linfo_string11:
	.asciz	"GPIO_PIN_5"                    @ string offset=330
.Linfo_string12:
	.asciz	"GPIO_PIN_6"                    @ string offset=341
.Linfo_string13:
	.asciz	"GPIO_PIN_7"                    @ string offset=352
.Linfo_string14:
	.asciz	"GPIO_PIN_8"                    @ string offset=363
.Linfo_string15:
	.asciz	"GPIO_PIN_MAX"                  @ string offset=374
.Linfo_string16:
	.asciz	"gpio_pin_e"                    @ string offset=387
.Linfo_string17:
	.asciz	"afio_mux"                      @ string offset=398
.Linfo_string18:
	.asciz	"AFIO_MUX_0"                    @ string offset=407
.Linfo_string19:
	.asciz	"AFIO_MUX_1"                    @ string offset=418
.Linfo_string20:
	.asciz	"AFIO_MUX_2"                    @ string offset=429
.Linfo_string21:
	.asciz	"AFIO_MUX_3"                    @ string offset=440
.Linfo_string22:
	.asciz	"AFIO_MUX_4"                    @ string offset=451
.Linfo_string23:
	.asciz	"AFIO_MUX_5"                    @ string offset=462
.Linfo_string24:
	.asciz	"AFIO_MUX_6"                    @ string offset=473
.Linfo_string25:
	.asciz	"AFIO_MUX_7"                    @ string offset=484
.Linfo_string26:
	.asciz	"gpio_afio_mux_e"               @ string offset=495
.Linfo_string27:
	.asciz	"pwm_channel"                   @ string offset=511
.Linfo_string28:
	.asciz	"PWM_CHANNEL_0"                 @ string offset=523
.Linfo_string29:
	.asciz	"PWM_CHANNEL_1"                 @ string offset=537
.Linfo_string30:
	.asciz	"PWM_CHANNEL_2"                 @ string offset=551
.Linfo_string31:
	.asciz	"PWM_CHANNEL_3"                 @ string offset=565
.Linfo_string32:
	.asciz	"PWM_CHANNEL_MAX"               @ string offset=579
.Linfo_string33:
	.asciz	"ll_pwm_channel_e"              @ string offset=595
.Linfo_string34:
	.asciz	"led_pinmux_config_t"           @ string offset=612
.Linfo_string35:
	.asciz	"__ARRAY_SIZE_TYPE__"           @ string offset=632
.Linfo_string36:
	.asciz	"led_mux_table"                 @ string offset=652
.Linfo_string37:
	.asciz	"uint8_t"                       @ string offset=666
.Linfo_string38:
	.asciz	"led_ctrl_instance_def"         @ string offset=674
.Linfo_string39:
	.asciz	"ctrl_register"                 @ string offset=696
.Linfo_string40:
	.asciz	"led_channel_e"                 @ string offset=710
.Linfo_string41:
	.asciz	"ctrl_enable"                   @ string offset=724
.Linfo_string42:
	.asciz	"_Bool"                         @ string offset=736
.Linfo_string43:
	.asciz	"ctrl_break"                    @ string offset=742
.Linfo_string44:
	.asciz	"ctrl_duty_set"                 @ string offset=753
.Linfo_string45:
	.asciz	"unsigned short"                @ string offset=767
.Linfo_string46:
	.asciz	"uint16_t"                      @ string offset=782
.Linfo_string47:
	.asciz	"ctrl_duty_get"                 @ string offset=791
.Linfo_string48:
	.asciz	"ctrl_current_set"              @ string offset=805
.Linfo_string49:
	.asciz	"ctrl_current_get"              @ string offset=822
.Linfo_string50:
	.asciz	"ctrl_static_pnvolt_set"        @ string offset=839
.Linfo_string51:
	.asciz	"ctrl_channel_mux_get"          @ string offset=862
.Linfo_string52:
	.asciz	"ctrl_manager_instance_t_"      @ string offset=883
.Linfo_string53:
	.asciz	"ctrl_manager_instance_t"       @ string offset=908
.Linfo_string54:
	.asciz	"led_ctrl_context"              @ string offset=932
.Linfo_string55:
	.asciz	"channel"                       @ string offset=949
.Linfo_string56:
	.asciz	"rgb"                           @ string offset=957
.Linfo_string57:
	.asciz	"rgb_channel_t"                 @ string offset=961
.Linfo_string58:
	.asciz	"ch_status"                     @ string offset=975
.Linfo_string59:
	.asciz	"ch_status_bits"                @ string offset=985
.Linfo_string60:
	.asciz	"static_sample_valid"           @ string offset=1000
.Linfo_string61:
	.asciz	"light_sts"                     @ string offset=1020
.Linfo_string62:
	.asciz	"reserved"                      @ string offset=1030
.Linfo_string63:
	.asciz	"led_ch_status_t"               @ string offset=1039
.Linfo_string64:
	.asciz	"led_control_context_t"         @ string offset=1055
.Linfo_string65:
	.asciz	"FCLK_SRC_HSI"                  @ string offset=1077
.Linfo_string66:
	.asciz	"FCLK_SRC_LSI"                  @ string offset=1090
.Linfo_string67:
	.asciz	"FCLK_SRC_MAX"                  @ string offset=1103
.Linfo_string68:
	.asciz	"PWM_COUNT_MODE_UP"             @ string offset=1116
.Linfo_string69:
	.asciz	"PWM_COUNT_MODE_UP_DOWN"        @ string offset=1134
.Linfo_string70:
	.asciz	"PWM_COUNT_MODE_MAX"            @ string offset=1157
.Linfo_string71:
	.asciz	"PWM_COUNT_SYNC_MODE_NULL"      @ string offset=1176
.Linfo_string72:
	.asciz	"PWM_COUNT_SYNC_MODE_CNT0_TO_CNT1" @ string offset=1201
.Linfo_string73:
	.asciz	"PWM_COUNT_SYNC_MODE_MAX"       @ string offset=1234
.Linfo_string74:
	.asciz	"PWM_CH_SYNC_MODE_NULL"         @ string offset=1258
.Linfo_string75:
	.asciz	"PWM_CH_SYNC_CH0_TO_CH1"        @ string offset=1280
.Linfo_string76:
	.asciz	"PWM_CH_SYNC_CH0_TO_CH2"        @ string offset=1303
.Linfo_string77:
	.asciz	"PWM_CH_SYNC_CH0_TO_CH3"        @ string offset=1326
.Linfo_string78:
	.asciz	"PWM_CH_SYNC_MODE_MAX"          @ string offset=1349
.Linfo_string79:
	.asciz	"LL_PWM_BUS_0"                  @ string offset=1370
.Linfo_string80:
	.asciz	"LL_PWM_BUS_MAX"                @ string offset=1383
.Linfo_string81:
	.asciz	"LL_OK"                         @ string offset=1398
.Linfo_string82:
	.asciz	"LL_ERROR"                      @ string offset=1404
.Linfo_string83:
	.asciz	"LL_BUSY"                       @ string offset=1413
.Linfo_string84:
	.asciz	"LL_TIMEOUT"                    @ string offset=1421
.Linfo_string85:
	.asciz	"LL_COMM_ERROR"                 @ string offset=1432
.Linfo_string86:
	.asciz	"LL_PARAM_INVALID"              @ string offset=1446
.Linfo_string87:
	.asciz	"PWM_COUNT_INDEX_0"             @ string offset=1463
.Linfo_string88:
	.asciz	"PWM_COUNT_INDEX_1"             @ string offset=1481
.Linfo_string89:
	.asciz	"PWM_COUNT_INDEX_MAX"           @ string offset=1499
.Linfo_string90:
	.asciz	"PWM_CNT_SOURCE_CNT0"           @ string offset=1519
.Linfo_string91:
	.asciz	"PWM_CNT_SOURCE_CNT1"           @ string offset=1539
.Linfo_string92:
	.asciz	"PWM_CNT_SOURCE_MAX"            @ string offset=1559
.Linfo_string93:
	.asciz	"PWM_POLARITY_HIGH"             @ string offset=1578
.Linfo_string94:
	.asciz	"PWM_POLARITY_LOW"              @ string offset=1596
.Linfo_string95:
	.asciz	"PWM_POLARITY_MAX"              @ string offset=1613
.Linfo_string96:
	.asciz	"PWM_MODE_DOUBLE_PERIOD"        @ string offset=1630
.Linfo_string97:
	.asciz	"PWM_MODE_INDEPENDENT"          @ string offset=1653
.Linfo_string98:
	.asciz	"PWM_MODE_SOFTWARE"             @ string offset=1674
.Linfo_string99:
	.asciz	"PWM_MODE_FIXED"                @ string offset=1692
.Linfo_string100:
	.asciz	"PWM_MODE_TYPE_MAX"             @ string offset=1707
.Linfo_string101:
	.asciz	"LED_R"                         @ string offset=1725
.Linfo_string102:
	.asciz	"LED_G"                         @ string offset=1731
.Linfo_string103:
	.asciz	"LED_B"                         @ string offset=1737
.Linfo_string104:
	.asciz	"LED_TYPE_MAX"                  @ string offset=1743
.Linfo_string105:
	.asciz	"LED_DRIVER_5MA"                @ string offset=1756
.Linfo_string106:
	.asciz	"LED_DRIVER_10MA"               @ string offset=1771
.Linfo_string107:
	.asciz	"LED_DRIVER_15MA"               @ string offset=1787
.Linfo_string108:
	.asciz	"LED_DRIVER_20MA"               @ string offset=1803
.Linfo_string109:
	.asciz	"LED_DRIVER_25MA"               @ string offset=1819
.Linfo_string110:
	.asciz	"LED_DRIVER_30MA"               @ string offset=1835
.Linfo_string111:
	.asciz	"LED_DRIVER_35MA"               @ string offset=1851
.Linfo_string112:
	.asciz	"LED_DRIVER_40MA"               @ string offset=1867
.Linfo_string113:
	.asciz	"LED_DRIVER_45MA"               @ string offset=1883
.Linfo_string114:
	.asciz	"LED_DRIVER_MAX"                @ string offset=1899
.Linfo_string115:
	.asciz	"LED0_CFG"                      @ string offset=1914
.Linfo_string116:
	.asciz	"unsigned int"                  @ string offset=1923
.Linfo_string117:
	.asciz	"uint32_t"                      @ string offset=1936
.Linfo_string118:
	.asciz	"LED0_CFG_F"                    @ string offset=1945
.Linfo_string119:
	.asciz	"LED0_SRC_SEL"                  @ string offset=1956
.Linfo_string120:
	.asciz	"LED0_IE"                       @ string offset=1969
.Linfo_string121:
	.asciz	"LED0_PULL_SEL"                 @ string offset=1977
.Linfo_string122:
	.asciz	"LED0_PD"                       @ string offset=1991
.Linfo_string123:
	.asciz	"RESERVED1"                     @ string offset=1999
.Linfo_string124:
	.asciz	"LED0_DR"                       @ string offset=2009
.Linfo_string125:
	.asciz	"LED0_ASW"                      @ string offset=2017
.Linfo_string126:
	.asciz	"RESERVED0"                     @ string offset=2026
.Linfo_string127:
	.asciz	"PINMUX_LED0_CFG_FIELD_T"       @ string offset=2036
.Linfo_string128:
	.asciz	"LED1_CFG"                      @ string offset=2060
.Linfo_string129:
	.asciz	"LED1_CFG_F"                    @ string offset=2069
.Linfo_string130:
	.asciz	"LED1_SRC_SEL"                  @ string offset=2080
.Linfo_string131:
	.asciz	"LED1_IE"                       @ string offset=2093
.Linfo_string132:
	.asciz	"LED1_PULL_SEL"                 @ string offset=2101
.Linfo_string133:
	.asciz	"LED1_PD"                       @ string offset=2115
.Linfo_string134:
	.asciz	"LED1_DR"                       @ string offset=2123
.Linfo_string135:
	.asciz	"LED1_ASW"                      @ string offset=2131
.Linfo_string136:
	.asciz	"PINMUX_LED1_CFG_FIELD_T"       @ string offset=2140
.Linfo_string137:
	.asciz	"LED2_CFG"                      @ string offset=2164
.Linfo_string138:
	.asciz	"LED2_CFG_F"                    @ string offset=2173
.Linfo_string139:
	.asciz	"LED2_SRC_SEL"                  @ string offset=2184
.Linfo_string140:
	.asciz	"LED2_IE"                       @ string offset=2197
.Linfo_string141:
	.asciz	"LED2_PULL_SEL"                 @ string offset=2205
.Linfo_string142:
	.asciz	"LED2_PD"                       @ string offset=2219
.Linfo_string143:
	.asciz	"LED2_DR"                       @ string offset=2227
.Linfo_string144:
	.asciz	"LED2_ASW"                      @ string offset=2235
.Linfo_string145:
	.asciz	"PINMUX_LED2_CFG_FIELD_T"       @ string offset=2244
.Linfo_string146:
	.asciz	"IO0_CFG"                       @ string offset=2268
.Linfo_string147:
	.asciz	"IO0_CFG_F"                     @ string offset=2276
.Linfo_string148:
	.asciz	"IO0_SRC_SEL"                   @ string offset=2286
.Linfo_string149:
	.asciz	"IO0_IE"                        @ string offset=2298
.Linfo_string150:
	.asciz	"IO0_PULL_SEL"                  @ string offset=2305
.Linfo_string151:
	.asciz	"IO0_PU"                        @ string offset=2318
.Linfo_string152:
	.asciz	"IO0_PD"                        @ string offset=2325
.Linfo_string153:
	.asciz	"IO0_DR"                        @ string offset=2332
.Linfo_string154:
	.asciz	"IO0_OD"                        @ string offset=2339
.Linfo_string155:
	.asciz	"IO0_ASW"                       @ string offset=2346
.Linfo_string156:
	.asciz	"PINMUX_IO0_CFG_FIELD_T"        @ string offset=2354
.Linfo_string157:
	.asciz	"IO1_CFG"                       @ string offset=2377
.Linfo_string158:
	.asciz	"IO1_CFG_F"                     @ string offset=2385
.Linfo_string159:
	.asciz	"IO1_SRC_SEL"                   @ string offset=2395
.Linfo_string160:
	.asciz	"IO1_IE"                        @ string offset=2407
.Linfo_string161:
	.asciz	"IO1_PULL_SEL"                  @ string offset=2414
.Linfo_string162:
	.asciz	"IO1_PU"                        @ string offset=2427
.Linfo_string163:
	.asciz	"IO1_PD"                        @ string offset=2434
.Linfo_string164:
	.asciz	"IO1_DR"                        @ string offset=2441
.Linfo_string165:
	.asciz	"IO1_OD"                        @ string offset=2448
.Linfo_string166:
	.asciz	"IO1_ASW"                       @ string offset=2455
.Linfo_string167:
	.asciz	"PINMUX_IO1_CFG_FIELD_T"        @ string offset=2463
.Linfo_string168:
	.asciz	"IO2_CFG"                       @ string offset=2486
.Linfo_string169:
	.asciz	"IO2_CFG_F"                     @ string offset=2494
.Linfo_string170:
	.asciz	"IO2_SRC_SEL"                   @ string offset=2504
.Linfo_string171:
	.asciz	"IO2_IE"                        @ string offset=2516
.Linfo_string172:
	.asciz	"IO2_PULL_SEL"                  @ string offset=2523
.Linfo_string173:
	.asciz	"IO2_PU"                        @ string offset=2536
.Linfo_string174:
	.asciz	"IO2_PD"                        @ string offset=2543
.Linfo_string175:
	.asciz	"IO2_OD"                        @ string offset=2550
.Linfo_string176:
	.asciz	"IO2_ASW"                       @ string offset=2557
.Linfo_string177:
	.asciz	"PINMUX_IO2_CFG_FIELD_T"        @ string offset=2565
.Linfo_string178:
	.asciz	"IO3_CFG"                       @ string offset=2588
.Linfo_string179:
	.asciz	"IO3_CFG_F"                     @ string offset=2596
.Linfo_string180:
	.asciz	"IO3_SRC_SEL"                   @ string offset=2606
.Linfo_string181:
	.asciz	"IO3_IE"                        @ string offset=2618
.Linfo_string182:
	.asciz	"IO3_PULL_SEL"                  @ string offset=2625
.Linfo_string183:
	.asciz	"IO3_PU"                        @ string offset=2638
.Linfo_string184:
	.asciz	"IO3_PD"                        @ string offset=2645
.Linfo_string185:
	.asciz	"IO3_OD"                        @ string offset=2652
.Linfo_string186:
	.asciz	"IO3_ASW"                       @ string offset=2659
.Linfo_string187:
	.asciz	"PINMUX_IO3_CFG_FIELD_T"        @ string offset=2667
.Linfo_string188:
	.asciz	"IO4_CFG"                       @ string offset=2690
.Linfo_string189:
	.asciz	"IO4_CFG_F"                     @ string offset=2698
.Linfo_string190:
	.asciz	"IO4_SRC_SEL"                   @ string offset=2708
.Linfo_string191:
	.asciz	"IO4_IE"                        @ string offset=2720
.Linfo_string192:
	.asciz	"IO4_PULL_SEL"                  @ string offset=2727
.Linfo_string193:
	.asciz	"IO4_PU"                        @ string offset=2740
.Linfo_string194:
	.asciz	"IO4_PD"                        @ string offset=2747
.Linfo_string195:
	.asciz	"IO4_OD"                        @ string offset=2754
.Linfo_string196:
	.asciz	"IO4_ASW"                       @ string offset=2761
.Linfo_string197:
	.asciz	"PINMUX_IO4_CFG_FIELD_T"        @ string offset=2769
.Linfo_string198:
	.asciz	"IO5_CFG"                       @ string offset=2792
.Linfo_string199:
	.asciz	"IO5_CFG_F"                     @ string offset=2800
.Linfo_string200:
	.asciz	"IO5_SRC_SEL"                   @ string offset=2810
.Linfo_string201:
	.asciz	"IO5_IE"                        @ string offset=2822
.Linfo_string202:
	.asciz	"IO5_PULL_SEL"                  @ string offset=2829
.Linfo_string203:
	.asciz	"IO5_PU"                        @ string offset=2842
.Linfo_string204:
	.asciz	"IO5_PD"                        @ string offset=2849
.Linfo_string205:
	.asciz	"IO5_OD"                        @ string offset=2856
.Linfo_string206:
	.asciz	"IO5_ASW"                       @ string offset=2863
.Linfo_string207:
	.asciz	"PINMUX_IO5_CFG_FIELD_T"        @ string offset=2871
.Linfo_string208:
	.asciz	"PINMUX_REG_TypeDef"            @ string offset=2894
.Linfo_string209:
	.asciz	"ll_led_channel_e"              @ string offset=2913
.Linfo_string210:
	.asciz	"ll_led_driver_current_e"       @ string offset=2930
.Linfo_string211:
	.asciz	"pwm_callback_handle"           @ string offset=2954
.Linfo_string212:
	.asciz	"pal_led_init"                  @ string offset=2974
.Linfo_string213:
	.asciz	"pal_led_register"              @ string offset=2987
.Linfo_string214:
	.asciz	"pal_led_current_set"           @ string offset=3004
.Linfo_string215:
	.asciz	"pal_led_current_get"           @ string offset=3024
.Linfo_string216:
	.asciz	"pal_led_duty_cycle_set"        @ string offset=3044
.Linfo_string217:
	.asciz	"pal_led_duty_cycle_get"        @ string offset=3067
.Linfo_string218:
	.asciz	"pal_led_enable"                @ string offset=3090
.Linfo_string219:
	.asciz	"pal_led_break"                 @ string offset=3105
.Linfo_string220:
	.asciz	"pal_led_static_pnvolt_set"     @ string offset=3119
.Linfo_string221:
	.asciz	"pal_led_channel_mux_get"       @ string offset=3145
.Linfo_string222:
	.asciz	"pal_led_channel_switch"        @ string offset=3169
.Linfo_string223:
	.asciz	"isr"                           @ string offset=3192
.Linfo_string224:
	.asciz	"pwm_config"                    @ string offset=3196
.Linfo_string225:
	.asciz	"clk_cfg"                       @ string offset=3207
.Linfo_string226:
	.asciz	"clk_source"                    @ string offset=3215
.Linfo_string227:
	.asciz	"fclk_src_e"                    @ string offset=3226
.Linfo_string228:
	.asciz	"fclk_div"                      @ string offset=3237
.Linfo_string229:
	.asciz	"ll_clk_config_t"               @ string offset=3246
.Linfo_string230:
	.asciz	"isr_cfg"                       @ string offset=3262
.Linfo_string231:
	.asciz	"priority"                      @ string offset=3270
.Linfo_string232:
	.asciz	"isr_enable"                    @ string offset=3279
.Linfo_string233:
	.asciz	"ll_isr_config_t"               @ string offset=3290
.Linfo_string234:
	.asciz	"count_config"                  @ string offset=3306
.Linfo_string235:
	.asciz	"count_mode"                    @ string offset=3319
.Linfo_string236:
	.asciz	"ll_pwm_count_mode_e"           @ string offset=3330
.Linfo_string237:
	.asciz	"one_shot_enable"               @ string offset=3350
.Linfo_string238:
	.asciz	"sync_mode"                     @ string offset=3366
.Linfo_string239:
	.asciz	"ll_pwm_count_sync_mode_e"      @ string offset=3376
.Linfo_string240:
	.asciz	"period"                        @ string offset=3401
.Linfo_string241:
	.asciz	"ll_pwm_count_config_t"         @ string offset=3408
.Linfo_string242:
	.asciz	"pwm_sync_mode"                 @ string offset=3430
.Linfo_string243:
	.asciz	"ll_pwm_ch_sync_mode_e"         @ string offset=3444
.Linfo_string244:
	.asciz	"pwm_config_t"                  @ string offset=3466
.Linfo_string245:
	.asciz	"channel_config"                @ string offset=3479
.Linfo_string246:
	.asciz	"cnt_source"                    @ string offset=3494
.Linfo_string247:
	.asciz	"ll_pwm_cnt_source_e"           @ string offset=3505
.Linfo_string248:
	.asciz	"polarity"                      @ string offset=3525
.Linfo_string249:
	.asciz	"pwm_polarity_e"                @ string offset=3534
.Linfo_string250:
	.asciz	"out_mode"                      @ string offset=3549
.Linfo_string251:
	.asciz	"pwm_outmode_e"                 @ string offset=3558
.Linfo_string252:
	.asciz	"ll_pwm_channel_config_t"       @ string offset=3572
.Linfo_string253:
	.asciz	"led_type_e"                    @ string offset=3596
.Linfo_string254:
	.asciz	"ctx"                           @ string offset=3607
.Linfo_string255:
	.asciz	"current"                       @ string offset=3611
.Linfo_string256:
	.asciz	"value"                         @ string offset=3619
.Linfo_string257:
	.asciz	"duty_cycle"                    @ string offset=3625
.Linfo_string258:
	.asciz	"ht"                            @ string offset=3636
.Linfo_string259:
	.asciz	"lt"                            @ string offset=3639
.Linfo_string260:
	.asciz	"enable"                        @ string offset=3642
.Linfo_string261:
	.asciz	"pwm_freq"                      @ string offset=3649
.Linfo_string262:
	.asciz	"channel_mux"                   @ string offset=3658
	.ident	"Component: Arm Compiler for Embedded 6.21 Tool: armclang [5ec1fd00]"
	.section	".note.GNU-stack","",%progbits
	.eabi_attribute	30, 4	@ Tag_ABI_optimization_goals
	.ARM_attribute	16, 1	@ Tag_AV_eba
	.section	.debug_line,"",%progbits
.Lline_table_start0:
