	.text
	.syntax unified
	.eabi_attribute	67, "2.09"	@ Tag_conformance
	.cpu	cortex-m0
	.eabi_attribute	6, 12	@ Tag_CPU_arch
	.eabi_attribute	7, 77	@ Tag_CPU_arch_profile
	.eabi_attribute	8, 0	@ Tag_ARM_ISA_use
	.eabi_attribute	9, 1	@ Tag_THUMB_ISA_use
	.eabi_attribute	34, 0	@ Tag_CPU_unaligned_access
	.eabi_attribute	17, 1	@ Tag_ABI_PCS_GOT_use
	.eabi_attribute	20, 2	@ Tag_ABI_FP_denormal
	.eabi_attribute	21, 0	@ Tag_ABI_FP_exceptions
	.eabi_attribute	23, 1	@ Tag_ABI_FP_number_model
	.eabi_attribute	24, 1	@ Tag_ABI_align_needed
	.eabi_attribute	25, 1	@ Tag_ABI_align_preserved
	.eabi_attribute	38, 1	@ Tag_ABI_FP_16bit_format
	.eabi_attribute	18, 2	@ Tag_ABI_PCS_wchar_t
	.eabi_attribute	26, 1	@ Tag_ABI_enum_size
	.eabi_attribute	14, 0	@ Tag_ABI_PCS_R9_use
	.file	"pal_lin_comm.c"
	.file	1 "C:\\baidunetdiskdownload\\\346\263\260\347\237\275\345\276\256\\\346\260\233\345\233\264\347\201\257\\TCPL0X_AUTO_SDK_V2.0.0\\TCPL0X_AUTO_SDK_V2.0.0\\examples\\tcpl04x\\demo_apps\\tcpl04b_swsc_lean\\MDK" "../08_TCPL04B_PAL/pal_lin_comm.h"
	.file	2 "C:\\baidunetdiskdownload\\\346\263\260\347\237\275\345\276\256\\\346\260\233\345\233\264\347\201\257\\TCPL0X_AUTO_SDK_V2.0.0\\TCPL0X_AUTO_SDK_V2.0.0\\examples\\tcpl04x\\demo_apps\\tcpl04b_swsc_lean\\MDK" "../07_TCPL04B_MCAL\\tcpl04x_ll_def.h"
	.file	3 "C:\\baidunetdiskdownload\\\346\263\260\347\237\275\345\276\256\\\346\260\233\345\233\264\347\201\257\\TCPL0X_AUTO_SDK_V2.0.0\\TCPL0X_AUTO_SDK_V2.0.0\\examples\\tcpl04x\\demo_apps\\tcpl04b_swsc_lean\\MDK" "../07_TCPL04B_MCAL/tcpl04x_ll_sci.h"
	.file	4 "C:\\Keil_v5\\ARM\\ARMCLANG\\Bin\\..\\include" "stdint.h"
	.section	.text.pal_lin_init,"ax",%progbits
	.hidden	pal_lin_init                    @ -- Begin function pal_lin_init
	.globl	pal_lin_init
	.p2align	2
	.type	pal_lin_init,%function
	.code	16                              @ @pal_lin_init
	.thumb_func
pal_lin_init:
.Lfunc_begin0:
	.file	5 "C:\\baidunetdiskdownload\\\346\263\260\347\237\275\345\276\256\\\346\260\233\345\233\264\347\201\257\\TCPL0X_AUTO_SDK_V2.0.0\\TCPL0X_AUTO_SDK_V2.0.0\\examples\\tcpl04x\\demo_apps\\tcpl04b_swsc_lean\\MDK" "../08_TCPL04B_PAL/pal_lin_comm.c"
	.loc	5 77 0                          @ ../08_TCPL04B_PAL/pal_lin_comm.c:77:0
	.fnstart
	.cfi_sections .debug_frame
	.cfi_startproc
@ %bb.0:
	@DEBUG_VALUE: pal_lin_init:bus <- $r0
	@DEBUG_VALUE: pal_lin_init:mode <- $r1
	@DEBUG_VALUE: pal_lin_init:baudrate <- $r2
	@DEBUG_VALUE: pal_lin_init:callback <- $r3
	.save	{r4, r5, r7, lr}
	push	{r4, r5, r7, lr}
	.cfi_def_cfa_offset 16
	.cfi_offset lr, -4
	.cfi_offset r7, -8
	.cfi_offset r5, -12
	.cfi_offset r4, -16
	.pad	#24
	sub	sp, #24
	.cfi_def_cfa_offset 40
	mov	r4, r0
.Ltmp0:
	@DEBUG_VALUE: pal_lin_init:bus <- $r4
	add	r5, sp, #4
	movs	r0, #0
.Ltmp1:
	.loc	5 80 20 prologue_end            @ ../08_TCPL04B_PAL/pal_lin_comm.c:80:20
	strh	r0, [r5]
	movs	r0, #129
	lsls	r0, r0, #1
	.loc	5 84 20                         @ ../08_TCPL04B_PAL/pal_lin_comm.c:84:20
	strh	r0, [r5, #8]
	.loc	5 96 30                         @ ../08_TCPL04B_PAL/pal_lin_comm.c:96:30
	subs	r0, r1, #1
	sbcs	r1, r0
.Ltmp2:
	@DEBUG_VALUE: pal_lin_init:mode <- [DW_OP_LLVM_entry_value 1] $r1
	.loc	5 79 5                          @ ../08_TCPL04B_PAL/pal_lin_comm.c:79:5
	strb	r1, [r5, #12]
	str	r2, [sp, #20]
	ldr	r0, __arm_cp.0_0
	.loc	5 84 20                         @ ../08_TCPL04B_PAL/pal_lin_comm.c:84:20
	str	r0, [sp, #8]
	.loc	5 113 5                         @ ../08_TCPL04B_PAL/pal_lin_comm.c:113:5
	mov	r0, r4
	mov	r1, r5
	mov	r2, r3
.Ltmp3:
	@DEBUG_VALUE: pal_lin_init:baudrate <- [DW_OP_LLVM_entry_value 1] $r2
	@DEBUG_VALUE: pal_lin_init:callback <- $r2
	bl	ll_sci_init
.Ltmp4:
	.loc	5 0 5 is_stmt 0                 @ ../08_TCPL04B_PAL/pal_lin_comm.c:0:5
	movs	r1, #1
	.loc	5 114 5 is_stmt 1               @ ../08_TCPL04B_PAL/pal_lin_comm.c:114:5
	mov	r0, r4
	bl	ll_sci_isr_enable
.Ltmp5:
	.loc	5 115 1 epilogue_begin          @ ../08_TCPL04B_PAL/pal_lin_comm.c:115:1
	add	sp, #24
	pop	{r4, r5, r7, pc}
.Ltmp6:
	.p2align	2
@ %bb.1:
	.loc	5 0 1 is_stmt 0                 @ ../08_TCPL04B_PAL/pal_lin_comm.c:0:1
__arm_cp.0_0:
	.long	24365                           @ 0x5f2d
.Lcpi_end0:
	.size	__arm_cp.0_0, .Lcpi_end0-__arm_cp.0_0
.Lfunc_end0:
	.size	pal_lin_init, .Lfunc_end0-pal_lin_init
	.cfi_endproc
	.cantunwind
	.fnend
                                        @ -- End function
	.section	.text.pal_lin_deinit,"ax",%progbits
	.hidden	pal_lin_deinit                  @ -- Begin function pal_lin_deinit
	.globl	pal_lin_deinit
	.p2align	1
	.type	pal_lin_deinit,%function
	.code	16                              @ @pal_lin_deinit
	.thumb_func
pal_lin_deinit:
.Lfunc_begin1:
	.loc	5 125 0 is_stmt 1               @ ../08_TCPL04B_PAL/pal_lin_comm.c:125:0
	.fnstart
	.cfi_startproc
@ %bb.0:
	@DEBUG_VALUE: pal_lin_deinit:bus <- $r0
	.save	{r7, lr}
	push	{r7, lr}
	.cfi_def_cfa_offset 8
	.cfi_offset lr, -4
	.cfi_offset r7, -8
.Ltmp7:
	.loc	5 126 5 prologue_end            @ ../08_TCPL04B_PAL/pal_lin_comm.c:126:5
	bl	ll_sci_deinit
.Ltmp8:
	@DEBUG_VALUE: pal_lin_deinit:bus <- [DW_OP_LLVM_entry_value 1] $r0
	.loc	5 127 1 epilogue_begin          @ ../08_TCPL04B_PAL/pal_lin_comm.c:127:1
	pop	{r7, pc}
.Ltmp9:
.Lfunc_end1:
	.size	pal_lin_deinit, .Lfunc_end1-pal_lin_deinit
	.cfi_endproc
	.cantunwind
	.fnend
                                        @ -- End function
	.section	.text.pal_lin_parity_calib,"ax",%progbits
	.hidden	pal_lin_parity_calib            @ -- Begin function pal_lin_parity_calib
	.globl	pal_lin_parity_calib
	.p2align	1
	.type	pal_lin_parity_calib,%function
	.code	16                              @ @pal_lin_parity_calib
	.thumb_func
pal_lin_parity_calib:
.Lfunc_begin2:
	.loc	5 138 0                         @ ../08_TCPL04B_PAL/pal_lin_comm.c:138:0
	.fnstart
	.cfi_startproc
@ %bb.0:
	@DEBUG_VALUE: pal_lin_parity_calib:type <- $r0
	@DEBUG_VALUE: pal_lin_parity_calib:pid <- $r1
	.save	{r4, r5, r6, lr}
	push	{r4, r5, r6, lr}
	.cfi_def_cfa_offset 16
	.cfi_offset lr, -4
	.cfi_offset r6, -8
	.cfi_offset r5, -12
	.cfi_offset r4, -16
	lsrs	r2, r1, #2
	lsrs	r3, r1, #1
.Ltmp10:
	.loc	5 141 60 prologue_end           @ ../08_TCPL04B_PAL/pal_lin_comm.c:141:60
	eors	r2, r3
	lsrs	r4, r1, #4
	eors	r2, r4
	eors	r2, r1
	.loc	5 141 74 is_stmt 0              @ ../08_TCPL04B_PAL/pal_lin_comm.c:141:74
	lsls	r2, r2, #31
	lsrs	r2, r2, #25
	lsrs	r5, r1, #3
	lsrs	r6, r1, #5
	.loc	5 142 62 is_stmt 1              @ ../08_TCPL04B_PAL/pal_lin_comm.c:142:62
	eors	r6, r5
	eors	r6, r3
	eors	r6, r4
	mvns	r3, r6
	.loc	5 142 25 is_stmt 0              @ ../08_TCPL04B_PAL/pal_lin_comm.c:142:25
	lsls	r3, r3, #7
	.loc	5 142 77                        @ ../08_TCPL04B_PAL/pal_lin_comm.c:142:77
	adds	r3, r3, r2
	movs	r2, #255
	mvns	r2, r2
	.loc	5 141 80 is_stmt 1              @ ../08_TCPL04B_PAL/pal_lin_comm.c:141:80
	orrs	r2, r3
.Ltmp11:
	@DEBUG_VALUE: pal_lin_parity_calib:parity <- [DW_OP_LLVM_convert 32 7, DW_OP_LLVM_convert 8 7, DW_OP_stack_value] $r1
	.loc	5 144 9                         @ ../08_TCPL04B_PAL/pal_lin_comm.c:144:9
	cmp	r0, #1
	bne	.LBB2_3
.Ltmp12:
@ %bb.1:
	@DEBUG_VALUE: pal_lin_parity_calib:parity <- [DW_OP_LLVM_convert 32 7, DW_OP_LLVM_convert 8 7, DW_OP_stack_value] $r1
	@DEBUG_VALUE: pal_lin_parity_calib:pid <- $r1
	@DEBUG_VALUE: pal_lin_parity_calib:type <- $r0
	@DEBUG_VALUE: pal_lin_parity_calib:parity <- [DW_OP_LLVM_convert 32 7, DW_OP_LLVM_convert 8 7, DW_OP_stack_value] $r1
	.loc	5 146 26                        @ ../08_TCPL04B_PAL/pal_lin_comm.c:146:26
	eors	r2, r1
.Ltmp13:
	.loc	5 146 13 is_stmt 0              @ ../08_TCPL04B_PAL/pal_lin_comm.c:146:13
	lsls	r0, r2, #24
.Ltmp14:
	@DEBUG_VALUE: pal_lin_parity_calib:type <- [DW_OP_LLVM_entry_value 1] $r0
	lsrs	r0, r0, #30
	beq	.LBB2_4
.Ltmp15:
@ %bb.2:
	@DEBUG_VALUE: pal_lin_parity_calib:type <- [DW_OP_LLVM_entry_value 1] $r0
	@DEBUG_VALUE: pal_lin_parity_calib:parity <- [DW_OP_LLVM_convert 32 7, DW_OP_LLVM_convert 8 7, DW_OP_stack_value] $r1
	@DEBUG_VALUE: pal_lin_parity_calib:pid <- $r1
	.loc	5 0 13                          @ ../08_TCPL04B_PAL/pal_lin_comm.c:0:13
	movs	r0, #0
	mvns	r1, r0
.Ltmp16:
	@DEBUG_VALUE: pal_lin_parity_calib:pid <- [DW_OP_LLVM_entry_value 1] $r1
	b	.LBB2_5
.Ltmp17:
.LBB2_3:
	@DEBUG_VALUE: pal_lin_parity_calib:parity <- [DW_OP_LLVM_convert 32 7, DW_OP_LLVM_convert 8 7, DW_OP_stack_value] $r1
	@DEBUG_VALUE: pal_lin_parity_calib:pid <- $r1
	@DEBUG_VALUE: pal_lin_parity_calib:type <- $r0
	.loc	5 157 15 is_stmt 1              @ ../08_TCPL04B_PAL/pal_lin_comm.c:157:15
	orrs	r1, r2
.Ltmp18:
	@DEBUG_VALUE: pal_lin_parity_calib:pid <- [DW_OP_LLVM_entry_value 1] $r1
	@DEBUG_VALUE: pal_lin_parity_calib:ret <- undef
	.loc	5 0 15 is_stmt 0                @ ../08_TCPL04B_PAL/pal_lin_comm.c:0:15
	b	.LBB2_5
.Ltmp19:
.LBB2_4:
	@DEBUG_VALUE: pal_lin_parity_calib:type <- [DW_OP_LLVM_entry_value 1] $r0
	@DEBUG_VALUE: pal_lin_parity_calib:parity <- [DW_OP_LLVM_convert 32 7, DW_OP_LLVM_convert 8 7, DW_OP_stack_value] $r1
	@DEBUG_VALUE: pal_lin_parity_calib:pid <- $r1
	movs	r0, #63
	ands	r1, r0
.Ltmp20:
	@DEBUG_VALUE: pal_lin_parity_calib:pid <- [DW_OP_LLVM_entry_value 1] $r1
.LBB2_5:
	@DEBUG_VALUE: pal_lin_parity_calib:pid <- [DW_OP_LLVM_entry_value 1] $r1
	@DEBUG_VALUE: pal_lin_parity_calib:ret <- $r1
	.loc	5 160 5 is_stmt 1               @ ../08_TCPL04B_PAL/pal_lin_comm.c:160:5
	uxtb	r0, r1
	.loc	5 160 5 epilogue_begin is_stmt 0 @ ../08_TCPL04B_PAL/pal_lin_comm.c:160:5
	pop	{r4, r5, r6, pc}
.Ltmp21:
.Lfunc_end2:
	.size	pal_lin_parity_calib, .Lfunc_end2-pal_lin_parity_calib
	.cfi_endproc
	.cantunwind
	.fnend
                                        @ -- End function
	.section	.text.pal_lin_checksum_calib,"ax",%progbits
	.hidden	pal_lin_checksum_calib          @ -- Begin function pal_lin_checksum_calib
	.globl	pal_lin_checksum_calib
	.p2align	1
	.type	pal_lin_checksum_calib,%function
	.code	16                              @ @pal_lin_checksum_calib
	.thumb_func
pal_lin_checksum_calib:
.Lfunc_begin3:
	.loc	5 173 0 is_stmt 1               @ ../08_TCPL04B_PAL/pal_lin_comm.c:173:0
	.fnstart
	.cfi_startproc
@ %bb.0:
	@DEBUG_VALUE: pal_lin_checksum_calib:pid <- $r0
	@DEBUG_VALUE: pal_lin_checksum_calib:buffer <- $r1
	.save	{r7, lr}
	push	{r7, lr}
	.cfi_def_cfa_offset 8
	.cfi_offset lr, -4
	.cfi_offset r7, -8
	mov	r2, r0
.Ltmp22:
	@DEBUG_VALUE: pal_lin_checksum_calib:pid <- $r2
	movs	r3, #0
.Ltmp23:
	.loc	5 174 24 prologue_end           @ ../08_TCPL04B_PAL/pal_lin_comm.c:174:24
	cmp	r0, #125
	bne	.LBB3_2
.Ltmp24:
@ %bb.1:
	@DEBUG_VALUE: pal_lin_checksum_calib:pid <- $r2
	@DEBUG_VALUE: pal_lin_checksum_calib:buffer <- $r1
	.loc	5 0 24 is_stmt 0                @ ../08_TCPL04B_PAL/pal_lin_comm.c:0:24
	mov	r0, r3
.Ltmp25:
.LBB3_2:
	@DEBUG_VALUE: pal_lin_checksum_calib:pid <- $r2
	@DEBUG_VALUE: pal_lin_checksum_calib:buffer <- $r1
	.loc	5 174 24                        @ ../08_TCPL04B_PAL/pal_lin_comm.c:174:24
	cmp	r2, #60
	bne	.LBB3_4
.Ltmp26:
@ %bb.3:
	@DEBUG_VALUE: pal_lin_checksum_calib:pid <- $r2
	@DEBUG_VALUE: pal_lin_checksum_calib:buffer <- $r1
	.loc	5 0 24                          @ ../08_TCPL04B_PAL/pal_lin_comm.c:0:24
	mov	r0, r3
.Ltmp27:
.LBB3_4:
	@DEBUG_VALUE: pal_lin_checksum_calib:pid <- $r2
	@DEBUG_VALUE: pal_lin_checksum_calib:buffer <- $r1
	@DEBUG_VALUE: pal_lin_checksum_calib:init_sum <- $r0
	movs	r2, #8
.Ltmp28:
	@DEBUG_VALUE: pal_lin_checksum_calib:buffer <- $r1
	.loc	5 176 13 is_stmt 1              @ ../08_TCPL04B_PAL/pal_lin_comm.c:176:13
	bl	checksum_calculate_func
.Ltmp29:
	.loc	5 176 5 epilogue_begin is_stmt 0 @ ../08_TCPL04B_PAL/pal_lin_comm.c:176:5
	pop	{r7, pc}
.Ltmp30:
.Lfunc_end3:
	.size	pal_lin_checksum_calib, .Lfunc_end3-pal_lin_checksum_calib
	.cfi_endproc
	.cantunwind
	.fnend
                                        @ -- End function
	.section	.text.pal_lin_rx_response,"ax",%progbits
	.hidden	pal_lin_rx_response             @ -- Begin function pal_lin_rx_response
	.globl	pal_lin_rx_response
	.p2align	1
	.type	pal_lin_rx_response,%function
	.code	16                              @ @pal_lin_rx_response
	.thumb_func
pal_lin_rx_response:
.Lfunc_begin4:
	.loc	5 380 0 is_stmt 1               @ ../08_TCPL04B_PAL/pal_lin_comm.c:380:0
	.fnstart
	.cfi_startproc
@ %bb.0:
	@DEBUG_VALUE: pal_lin_rx_response:bus <- $r0
	@DEBUG_VALUE: pal_lin_rx_response:pid <- $r1
	@DEBUG_VALUE: pal_lin_rx_response:buffer <- $r2
	@DEBUG_VALUE: pal_lin_rx_response:msg_length <- $r3
	.save	{r7, lr}
	push	{r7, lr}
	.cfi_def_cfa_offset 8
	.cfi_offset lr, -4
	.cfi_offset r7, -8
.Ltmp31:
	.loc	5 381 5 prologue_end            @ ../08_TCPL04B_PAL/pal_lin_comm.c:381:5
	bl	ll_lin_receive
.Ltmp32:
	@DEBUG_VALUE: pal_lin_rx_response:msg_length <- [DW_OP_LLVM_entry_value 1] $r3
	@DEBUG_VALUE: pal_lin_rx_response:buffer <- [DW_OP_LLVM_entry_value 1] $r2
	@DEBUG_VALUE: pal_lin_rx_response:pid <- [DW_OP_LLVM_entry_value 1] $r1
	@DEBUG_VALUE: pal_lin_rx_response:bus <- [DW_OP_LLVM_entry_value 1] $r0
	.loc	5 382 1 epilogue_begin          @ ../08_TCPL04B_PAL/pal_lin_comm.c:382:1
	pop	{r7, pc}
.Ltmp33:
.Lfunc_end4:
	.size	pal_lin_rx_response, .Lfunc_end4-pal_lin_rx_response
	.cfi_endproc
	.cantunwind
	.fnend
                                        @ -- End function
	.section	.text.pal_lin_tx_4byte,"ax",%progbits
	.hidden	pal_lin_tx_4byte                @ -- Begin function pal_lin_tx_4byte
	.globl	pal_lin_tx_4byte
	.p2align	1
	.type	pal_lin_tx_4byte,%function
	.code	16                              @ @pal_lin_tx_4byte
	.thumb_func
pal_lin_tx_4byte:
.Lfunc_begin5:
	.loc	5 394 0                         @ ../08_TCPL04B_PAL/pal_lin_comm.c:394:0
	.fnstart
	.cfi_startproc
@ %bb.0:
	@DEBUG_VALUE: pal_lin_tx_4byte:bus <- $r0
	@DEBUG_VALUE: pal_lin_tx_4byte:buffer <- $r1
	@DEBUG_VALUE: pal_lin_tx_4byte:msg_length <- $r2
	.save	{r7, lr}
	push	{r7, lr}
	.cfi_def_cfa_offset 8
	.cfi_offset lr, -4
	.cfi_offset r7, -8
.Ltmp34:
	.loc	5 395 5 prologue_end            @ ../08_TCPL04B_PAL/pal_lin_comm.c:395:5
	bl	ll_sci_transmit
.Ltmp35:
	@DEBUG_VALUE: pal_lin_tx_4byte:msg_length <- [DW_OP_LLVM_entry_value 1] $r2
	@DEBUG_VALUE: pal_lin_tx_4byte:buffer <- [DW_OP_LLVM_entry_value 1] $r1
	@DEBUG_VALUE: pal_lin_tx_4byte:bus <- [DW_OP_LLVM_entry_value 1] $r0
	.loc	5 396 1 epilogue_begin          @ ../08_TCPL04B_PAL/pal_lin_comm.c:396:1
	pop	{r7, pc}
.Ltmp36:
.Lfunc_end5:
	.size	pal_lin_tx_4byte, .Lfunc_end5-pal_lin_tx_4byte
	.cfi_endproc
	.cantunwind
	.fnend
                                        @ -- End function
	.section	.text.pal_lin_tx_response,"ax",%progbits
	.hidden	pal_lin_tx_response             @ -- Begin function pal_lin_tx_response
	.globl	pal_lin_tx_response
	.p2align	1
	.type	pal_lin_tx_response,%function
	.code	16                              @ @pal_lin_tx_response
	.thumb_func
pal_lin_tx_response:
.Lfunc_begin6:
	.loc	5 409 0                         @ ../08_TCPL04B_PAL/pal_lin_comm.c:409:0
	.fnstart
	.cfi_startproc
@ %bb.0:
	@DEBUG_VALUE: pal_lin_tx_response:bus <- $r0
	@DEBUG_VALUE: pal_lin_tx_response:pid <- $r1
	@DEBUG_VALUE: pal_lin_tx_response:buffer <- $r2
	@DEBUG_VALUE: pal_lin_tx_response:msg_length <- $r3
	.save	{r7, lr}
	push	{r7, lr}
	.cfi_def_cfa_offset 8
	.cfi_offset lr, -4
	.cfi_offset r7, -8
.Ltmp37:
	.loc	5 410 18 prologue_end           @ ../08_TCPL04B_PAL/pal_lin_comm.c:410:18
	bl	ll_lin_transmit
.Ltmp38:
	@DEBUG_VALUE: pal_lin_tx_response:msg_length <- [DW_OP_LLVM_entry_value 1] $r3
	@DEBUG_VALUE: pal_lin_tx_response:buffer <- [DW_OP_LLVM_entry_value 1] $r2
	@DEBUG_VALUE: pal_lin_tx_response:pid <- [DW_OP_LLVM_entry_value 1] $r1
	@DEBUG_VALUE: pal_lin_tx_response:bus <- [DW_OP_LLVM_entry_value 1] $r0
	.loc	5 410 15 is_stmt 0              @ ../08_TCPL04B_PAL/pal_lin_comm.c:410:15
	rsbs	r1, r0, #0
	adcs	r0, r1
.Ltmp39:
	.loc	5 416 1 epilogue_begin is_stmt 1 @ ../08_TCPL04B_PAL/pal_lin_comm.c:416:1
	pop	{r7, pc}
.Ltmp40:
.Lfunc_end6:
	.size	pal_lin_tx_response, .Lfunc_end6-pal_lin_tx_response
	.cfi_endproc
	.cantunwind
	.fnend
                                        @ -- End function
	.section	.text.pal_lin_abort_handle,"ax",%progbits
	.hidden	pal_lin_abort_handle            @ -- Begin function pal_lin_abort_handle
	.globl	pal_lin_abort_handle
	.p2align	1
	.type	pal_lin_abort_handle,%function
	.code	16                              @ @pal_lin_abort_handle
	.thumb_func
pal_lin_abort_handle:
.Lfunc_begin7:
	.loc	5 427 0                         @ ../08_TCPL04B_PAL/pal_lin_comm.c:427:0
	.fnstart
	.cfi_startproc
@ %bb.0:
	@DEBUG_VALUE: pal_lin_abort_handle:bus <- $r0
	@DEBUG_VALUE: pal_lin_abort_handle:type <- $r1
	.save	{r7, lr}
	push	{r7, lr}
	.cfi_def_cfa_offset 8
	.cfi_offset lr, -4
	.cfi_offset r7, -8
	mov	r2, r1
.Ltmp41:
	@DEBUG_VALUE: pal_lin_abort_handle:clear_type <- 0
	@DEBUG_VALUE: pal_lin_abort_handle:type <- $r2
	movs	r1, #1
.Ltmp42:
	.loc	5 430 14 prologue_end           @ ../08_TCPL04B_PAL/pal_lin_comm.c:430:14
	ands	r1, r2
	rsbs	r3, r1, #0
	movs	r1, #5
.Ltmp43:
	.loc	5 430 9 is_stmt 0               @ ../08_TCPL04B_PAL/pal_lin_comm.c:430:9
	ands	r1, r3
.Ltmp44:
	@DEBUG_VALUE: pal_lin_abort_handle:clear_type <- $r1
	.loc	5 435 9 is_stmt 1               @ ../08_TCPL04B_PAL/pal_lin_comm.c:435:9
	lsls	r2, r2, #30
.Ltmp45:
	bpl	.LBB7_2
.Ltmp46:
@ %bb.1:
	@DEBUG_VALUE: pal_lin_abort_handle:clear_type <- $r1
	@DEBUG_VALUE: pal_lin_abort_handle:bus <- $r0
	.loc	5 0 9 is_stmt 0                 @ ../08_TCPL04B_PAL/pal_lin_comm.c:0:9
	adds	r1, #10
.Ltmp47:
.LBB7_2:
	@DEBUG_VALUE: pal_lin_abort_handle:bus <- $r0
	@DEBUG_VALUE: pal_lin_abort_handle:clear_type <- $r1
	@DEBUG_VALUE: pal_lin_abort_handle:bus <- $r0
	.loc	5 440 5 is_stmt 1               @ ../08_TCPL04B_PAL/pal_lin_comm.c:440:5
	bl	ll_sci_state_clear
.Ltmp48:
	.loc	5 441 1 epilogue_begin          @ ../08_TCPL04B_PAL/pal_lin_comm.c:441:1
	pop	{r7, pc}
.Ltmp49:
.Lfunc_end7:
	.size	pal_lin_abort_handle, .Lfunc_end7-pal_lin_abort_handle
	.cfi_endproc
	.cantunwind
	.fnend
                                        @ -- End function
	.section	.text.pal_lin_read_byte,"ax",%progbits
	.hidden	pal_lin_read_byte               @ -- Begin function pal_lin_read_byte
	.globl	pal_lin_read_byte
	.p2align	1
	.type	pal_lin_read_byte,%function
	.code	16                              @ @pal_lin_read_byte
	.thumb_func
pal_lin_read_byte:
.Lfunc_begin8:
	.loc	5 453 0                         @ ../08_TCPL04B_PAL/pal_lin_comm.c:453:0
	.fnstart
	.cfi_startproc
@ %bb.0:
	@DEBUG_VALUE: pal_lin_read_byte:bus <- $r0
	@DEBUG_VALUE: pal_lin_read_byte:type <- $r1
	@DEBUG_VALUE: pal_lin_read_byte:byte <- $r2
	.save	{r7, lr}
	push	{r7, lr}
	.cfi_def_cfa_offset 8
	.cfi_offset lr, -4
	.cfi_offset r7, -8
.Ltmp50:
	.loc	5 454 9 prologue_end            @ ../08_TCPL04B_PAL/pal_lin_comm.c:454:9
	cmp	r1, #0
	beq	.LBB8_2
.Ltmp51:
@ %bb.1:
	@DEBUG_VALUE: pal_lin_read_byte:byte <- $r2
	@DEBUG_VALUE: pal_lin_read_byte:type <- $r1
	@DEBUG_VALUE: pal_lin_read_byte:bus <- $r0
	.loc	5 460 9                         @ ../08_TCPL04B_PAL/pal_lin_comm.c:460:9
	mov	r1, r2
.Ltmp52:
	@DEBUG_VALUE: pal_lin_read_byte:type <- [DW_OP_LLVM_entry_value 1] $r1
	bl	ll_lin_read_byte
.Ltmp53:
	@DEBUG_VALUE: pal_lin_read_byte:byte <- [DW_OP_LLVM_entry_value 1] $r2
	@DEBUG_VALUE: pal_lin_read_byte:bus <- [DW_OP_LLVM_entry_value 1] $r0
	.loc	5 462 1 epilogue_begin          @ ../08_TCPL04B_PAL/pal_lin_comm.c:462:1
	pop	{r7, pc}
.Ltmp54:
.LBB8_2:
	@DEBUG_VALUE: pal_lin_read_byte:byte <- $r2
	@DEBUG_VALUE: pal_lin_read_byte:type <- $r1
	@DEBUG_VALUE: pal_lin_read_byte:bus <- $r0
	.loc	5 456 9                         @ ../08_TCPL04B_PAL/pal_lin_comm.c:456:9
	mov	r1, r2
.Ltmp55:
	@DEBUG_VALUE: pal_lin_read_byte:type <- [DW_OP_LLVM_entry_value 1] $r1
	bl	ll_lin_pid_read
.Ltmp56:
	@DEBUG_VALUE: pal_lin_read_byte:byte <- [DW_OP_LLVM_entry_value 1] $r2
	@DEBUG_VALUE: pal_lin_read_byte:bus <- [DW_OP_LLVM_entry_value 1] $r0
	.loc	5 462 1 epilogue_begin          @ ../08_TCPL04B_PAL/pal_lin_comm.c:462:1
	pop	{r7, pc}
.Ltmp57:
.Lfunc_end8:
	.size	pal_lin_read_byte, .Lfunc_end8-pal_lin_read_byte
	.cfi_endproc
	.cantunwind
	.fnend
                                        @ -- End function
	.section	.text.pal_lin_autobaudrate_check,"ax",%progbits
	.hidden	pal_lin_autobaudrate_check      @ -- Begin function pal_lin_autobaudrate_check
	.globl	pal_lin_autobaudrate_check
	.p2align	1
	.type	pal_lin_autobaudrate_check,%function
	.code	16                              @ @pal_lin_autobaudrate_check
	.thumb_func
pal_lin_autobaudrate_check:
.Lfunc_begin9:
	.loc	5 472 0                         @ ../08_TCPL04B_PAL/pal_lin_comm.c:472:0
	.fnstart
	.cfi_startproc
@ %bb.0:
	@DEBUG_VALUE: pal_lin_autobaudrate_check:bus <- $r0
	.save	{r7, lr}
	push	{r7, lr}
	.cfi_def_cfa_offset 8
	.cfi_offset lr, -4
	.cfi_offset r7, -8
.Ltmp58:
	.loc	5 473 5 prologue_end            @ ../08_TCPL04B_PAL/pal_lin_comm.c:473:5
	bl	ll_sci_auto_baudrate
.Ltmp59:
	@DEBUG_VALUE: pal_lin_autobaudrate_check:bus <- [DW_OP_LLVM_entry_value 1] $r0
	.loc	5 474 1 epilogue_begin          @ ../08_TCPL04B_PAL/pal_lin_comm.c:474:1
	pop	{r7, pc}
.Ltmp60:
.Lfunc_end9:
	.size	pal_lin_autobaudrate_check, .Lfunc_end9-pal_lin_autobaudrate_check
	.cfi_endproc
	.cantunwind
	.fnend
                                        @ -- End function
	.section	.debug_loc,"",%progbits
.Ldebug_loc0:
	.long	-1
	.long	.Lfunc_begin0                   @   base address
	.long	.Lfunc_begin0-.Lfunc_begin0
	.long	.Ltmp0-.Lfunc_begin0
	.short	1                               @ Loc expr size
	.byte	80                              @ DW_OP_reg0
	.long	.Ltmp0-.Lfunc_begin0
	.long	.Ltmp6-.Lfunc_begin0
	.short	1                               @ Loc expr size
	.byte	84                              @ DW_OP_reg4
	.long	0
	.long	0
.Ldebug_loc1:
	.long	-1
	.long	.Lfunc_begin0                   @   base address
	.long	.Lfunc_begin0-.Lfunc_begin0
	.long	.Ltmp2-.Lfunc_begin0
	.short	1                               @ Loc expr size
	.byte	81                              @ DW_OP_reg1
	.long	.Ltmp2-.Lfunc_begin0
	.long	.Ltmp6-.Lfunc_begin0
	.short	4                               @ Loc expr size
	.byte	243                             @ DW_OP_GNU_entry_value
	.byte	1                               @ 1
	.byte	81                              @ DW_OP_reg1
	.byte	159                             @ DW_OP_stack_value
	.long	0
	.long	0
.Ldebug_loc2:
	.long	-1
	.long	.Lfunc_begin0                   @   base address
	.long	.Lfunc_begin0-.Lfunc_begin0
	.long	.Ltmp3-.Lfunc_begin0
	.short	1                               @ Loc expr size
	.byte	82                              @ DW_OP_reg2
	.long	.Ltmp3-.Lfunc_begin0
	.long	.Ltmp6-.Lfunc_begin0
	.short	4                               @ Loc expr size
	.byte	243                             @ DW_OP_GNU_entry_value
	.byte	1                               @ 1
	.byte	82                              @ DW_OP_reg2
	.byte	159                             @ DW_OP_stack_value
	.long	0
	.long	0
.Ldebug_loc3:
	.long	-1
	.long	.Lfunc_begin0                   @   base address
	.long	.Lfunc_begin0-.Lfunc_begin0
	.long	.Ltmp3-.Lfunc_begin0
	.short	1                               @ Loc expr size
	.byte	83                              @ DW_OP_reg3
	.long	.Ltmp3-.Lfunc_begin0
	.long	.Ltmp4-.Lfunc_begin0
	.short	1                               @ Loc expr size
	.byte	82                              @ DW_OP_reg2
	.long	0
	.long	0
.Ldebug_loc4:
	.long	-1
	.long	.Lfunc_begin1                   @   base address
	.long	.Lfunc_begin1-.Lfunc_begin1
	.long	.Ltmp8-.Lfunc_begin1
	.short	1                               @ Loc expr size
	.byte	80                              @ DW_OP_reg0
	.long	.Ltmp8-.Lfunc_begin1
	.long	.Lfunc_end1-.Lfunc_begin1
	.short	4                               @ Loc expr size
	.byte	243                             @ DW_OP_GNU_entry_value
	.byte	1                               @ 1
	.byte	80                              @ DW_OP_reg0
	.byte	159                             @ DW_OP_stack_value
	.long	0
	.long	0
.Ldebug_loc5:
	.long	-1
	.long	.Lfunc_begin2                   @   base address
	.long	.Lfunc_begin2-.Lfunc_begin2
	.long	.Ltmp14-.Lfunc_begin2
	.short	1                               @ Loc expr size
	.byte	80                              @ DW_OP_reg0
	.long	.Ltmp14-.Lfunc_begin2
	.long	.Ltmp17-.Lfunc_begin2
	.short	4                               @ Loc expr size
	.byte	243                             @ DW_OP_GNU_entry_value
	.byte	1                               @ 1
	.byte	80                              @ DW_OP_reg0
	.byte	159                             @ DW_OP_stack_value
	.long	.Ltmp17-.Lfunc_begin2
	.long	.Ltmp19-.Lfunc_begin2
	.short	1                               @ Loc expr size
	.byte	80                              @ DW_OP_reg0
	.long	.Ltmp19-.Lfunc_begin2
	.long	.Ltmp20-.Lfunc_begin2
	.short	4                               @ Loc expr size
	.byte	243                             @ DW_OP_GNU_entry_value
	.byte	1                               @ 1
	.byte	80                              @ DW_OP_reg0
	.byte	159                             @ DW_OP_stack_value
	.long	0
	.long	0
.Ldebug_loc6:
	.long	-1
	.long	.Lfunc_begin2                   @   base address
	.long	.Lfunc_begin2-.Lfunc_begin2
	.long	.Ltmp16-.Lfunc_begin2
	.short	1                               @ Loc expr size
	.byte	81                              @ DW_OP_reg1
	.long	.Ltmp16-.Lfunc_begin2
	.long	.Ltmp17-.Lfunc_begin2
	.short	4                               @ Loc expr size
	.byte	243                             @ DW_OP_GNU_entry_value
	.byte	1                               @ 1
	.byte	81                              @ DW_OP_reg1
	.byte	159                             @ DW_OP_stack_value
	.long	.Ltmp17-.Lfunc_begin2
	.long	.Ltmp18-.Lfunc_begin2
	.short	1                               @ Loc expr size
	.byte	81                              @ DW_OP_reg1
	.long	.Ltmp18-.Lfunc_begin2
	.long	.Ltmp19-.Lfunc_begin2
	.short	4                               @ Loc expr size
	.byte	243                             @ DW_OP_GNU_entry_value
	.byte	1                               @ 1
	.byte	81                              @ DW_OP_reg1
	.byte	159                             @ DW_OP_stack_value
	.long	.Ltmp19-.Lfunc_begin2
	.long	.Ltmp20-.Lfunc_begin2
	.short	1                               @ Loc expr size
	.byte	81                              @ DW_OP_reg1
	.long	.Ltmp20-.Lfunc_begin2
	.long	.Lfunc_end2-.Lfunc_begin2
	.short	4                               @ Loc expr size
	.byte	243                             @ DW_OP_GNU_entry_value
	.byte	1                               @ 1
	.byte	81                              @ DW_OP_reg1
	.byte	159                             @ DW_OP_stack_value
	.long	0
	.long	0
.Ldebug_loc7:
	.long	-1
	.long	.Lfunc_begin2                   @   base address
	.long	.Ltmp11-.Lfunc_begin2
	.long	.Ltmp16-.Lfunc_begin2
	.short	3                               @ Loc expr size
	.byte	113                             @ DW_OP_breg1
	.byte	0                               @ 0
	.byte	159                             @ DW_OP_stack_value
	.long	.Ltmp17-.Lfunc_begin2
	.long	.Ltmp18-.Lfunc_begin2
	.short	3                               @ Loc expr size
	.byte	113                             @ DW_OP_breg1
	.byte	0                               @ 0
	.byte	159                             @ DW_OP_stack_value
	.long	.Ltmp19-.Lfunc_begin2
	.long	.Ltmp20-.Lfunc_begin2
	.short	3                               @ Loc expr size
	.byte	113                             @ DW_OP_breg1
	.byte	0                               @ 0
	.byte	159                             @ DW_OP_stack_value
	.long	0
	.long	0
.Ldebug_loc8:
	.long	-1
	.long	.Lfunc_begin2                   @   base address
	.long	.Ltmp20-.Lfunc_begin2
	.long	.Lfunc_end2-.Lfunc_begin2
	.short	1                               @ Loc expr size
	.byte	81                              @ DW_OP_reg1
	.long	0
	.long	0
.Ldebug_loc9:
	.long	-1
	.long	.Lfunc_begin3                   @   base address
	.long	.Lfunc_begin3-.Lfunc_begin3
	.long	.Ltmp22-.Lfunc_begin3
	.short	1                               @ Loc expr size
	.byte	80                              @ DW_OP_reg0
	.long	.Ltmp22-.Lfunc_begin3
	.long	.Ltmp28-.Lfunc_begin3
	.short	1                               @ Loc expr size
	.byte	82                              @ DW_OP_reg2
	.long	0
	.long	0
.Ldebug_loc10:
	.long	-1
	.long	.Lfunc_begin3                   @   base address
	.long	.Lfunc_begin3-.Lfunc_begin3
	.long	.Ltmp29-.Lfunc_begin3
	.short	1                               @ Loc expr size
	.byte	81                              @ DW_OP_reg1
	.long	0
	.long	0
.Ldebug_loc11:
	.long	-1
	.long	.Lfunc_begin3                   @   base address
	.long	.Ltmp27-.Lfunc_begin3
	.long	.Ltmp29-.Lfunc_begin3
	.short	1                               @ Loc expr size
	.byte	80                              @ DW_OP_reg0
	.long	0
	.long	0
.Ldebug_loc12:
	.long	-1
	.long	.Lfunc_begin4                   @   base address
	.long	.Lfunc_begin4-.Lfunc_begin4
	.long	.Ltmp32-.Lfunc_begin4
	.short	1                               @ Loc expr size
	.byte	80                              @ DW_OP_reg0
	.long	.Ltmp32-.Lfunc_begin4
	.long	.Lfunc_end4-.Lfunc_begin4
	.short	4                               @ Loc expr size
	.byte	243                             @ DW_OP_GNU_entry_value
	.byte	1                               @ 1
	.byte	80                              @ DW_OP_reg0
	.byte	159                             @ DW_OP_stack_value
	.long	0
	.long	0
.Ldebug_loc13:
	.long	-1
	.long	.Lfunc_begin4                   @   base address
	.long	.Lfunc_begin4-.Lfunc_begin4
	.long	.Ltmp32-.Lfunc_begin4
	.short	1                               @ Loc expr size
	.byte	81                              @ DW_OP_reg1
	.long	.Ltmp32-.Lfunc_begin4
	.long	.Lfunc_end4-.Lfunc_begin4
	.short	4                               @ Loc expr size
	.byte	243                             @ DW_OP_GNU_entry_value
	.byte	1                               @ 1
	.byte	81                              @ DW_OP_reg1
	.byte	159                             @ DW_OP_stack_value
	.long	0
	.long	0
.Ldebug_loc14:
	.long	-1
	.long	.Lfunc_begin4                   @   base address
	.long	.Lfunc_begin4-.Lfunc_begin4
	.long	.Ltmp32-.Lfunc_begin4
	.short	1                               @ Loc expr size
	.byte	82                              @ DW_OP_reg2
	.long	.Ltmp32-.Lfunc_begin4
	.long	.Lfunc_end4-.Lfunc_begin4
	.short	4                               @ Loc expr size
	.byte	243                             @ DW_OP_GNU_entry_value
	.byte	1                               @ 1
	.byte	82                              @ DW_OP_reg2
	.byte	159                             @ DW_OP_stack_value
	.long	0
	.long	0
.Ldebug_loc15:
	.long	-1
	.long	.Lfunc_begin4                   @   base address
	.long	.Lfunc_begin4-.Lfunc_begin4
	.long	.Ltmp32-.Lfunc_begin4
	.short	1                               @ Loc expr size
	.byte	83                              @ DW_OP_reg3
	.long	.Ltmp32-.Lfunc_begin4
	.long	.Lfunc_end4-.Lfunc_begin4
	.short	4                               @ Loc expr size
	.byte	243                             @ DW_OP_GNU_entry_value
	.byte	1                               @ 1
	.byte	83                              @ DW_OP_reg3
	.byte	159                             @ DW_OP_stack_value
	.long	0
	.long	0
.Ldebug_loc16:
	.long	-1
	.long	.Lfunc_begin5                   @   base address
	.long	.Lfunc_begin5-.Lfunc_begin5
	.long	.Ltmp35-.Lfunc_begin5
	.short	1                               @ Loc expr size
	.byte	80                              @ DW_OP_reg0
	.long	.Ltmp35-.Lfunc_begin5
	.long	.Lfunc_end5-.Lfunc_begin5
	.short	4                               @ Loc expr size
	.byte	243                             @ DW_OP_GNU_entry_value
	.byte	1                               @ 1
	.byte	80                              @ DW_OP_reg0
	.byte	159                             @ DW_OP_stack_value
	.long	0
	.long	0
.Ldebug_loc17:
	.long	-1
	.long	.Lfunc_begin5                   @   base address
	.long	.Lfunc_begin5-.Lfunc_begin5
	.long	.Ltmp35-.Lfunc_begin5
	.short	1                               @ Loc expr size
	.byte	81                              @ DW_OP_reg1
	.long	.Ltmp35-.Lfunc_begin5
	.long	.Lfunc_end5-.Lfunc_begin5
	.short	4                               @ Loc expr size
	.byte	243                             @ DW_OP_GNU_entry_value
	.byte	1                               @ 1
	.byte	81                              @ DW_OP_reg1
	.byte	159                             @ DW_OP_stack_value
	.long	0
	.long	0
.Ldebug_loc18:
	.long	-1
	.long	.Lfunc_begin5                   @   base address
	.long	.Lfunc_begin5-.Lfunc_begin5
	.long	.Ltmp35-.Lfunc_begin5
	.short	1                               @ Loc expr size
	.byte	82                              @ DW_OP_reg2
	.long	.Ltmp35-.Lfunc_begin5
	.long	.Lfunc_end5-.Lfunc_begin5
	.short	4                               @ Loc expr size
	.byte	243                             @ DW_OP_GNU_entry_value
	.byte	1                               @ 1
	.byte	82                              @ DW_OP_reg2
	.byte	159                             @ DW_OP_stack_value
	.long	0
	.long	0
.Ldebug_loc19:
	.long	-1
	.long	.Lfunc_begin6                   @   base address
	.long	.Lfunc_begin6-.Lfunc_begin6
	.long	.Ltmp38-.Lfunc_begin6
	.short	1                               @ Loc expr size
	.byte	80                              @ DW_OP_reg0
	.long	.Ltmp38-.Lfunc_begin6
	.long	.Lfunc_end6-.Lfunc_begin6
	.short	4                               @ Loc expr size
	.byte	243                             @ DW_OP_GNU_entry_value
	.byte	1                               @ 1
	.byte	80                              @ DW_OP_reg0
	.byte	159                             @ DW_OP_stack_value
	.long	0
	.long	0
.Ldebug_loc20:
	.long	-1
	.long	.Lfunc_begin6                   @   base address
	.long	.Lfunc_begin6-.Lfunc_begin6
	.long	.Ltmp38-.Lfunc_begin6
	.short	1                               @ Loc expr size
	.byte	81                              @ DW_OP_reg1
	.long	.Ltmp38-.Lfunc_begin6
	.long	.Lfunc_end6-.Lfunc_begin6
	.short	4                               @ Loc expr size
	.byte	243                             @ DW_OP_GNU_entry_value
	.byte	1                               @ 1
	.byte	81                              @ DW_OP_reg1
	.byte	159                             @ DW_OP_stack_value
	.long	0
	.long	0
.Ldebug_loc21:
	.long	-1
	.long	.Lfunc_begin6                   @   base address
	.long	.Lfunc_begin6-.Lfunc_begin6
	.long	.Ltmp38-.Lfunc_begin6
	.short	1                               @ Loc expr size
	.byte	82                              @ DW_OP_reg2
	.long	.Ltmp38-.Lfunc_begin6
	.long	.Lfunc_end6-.Lfunc_begin6
	.short	4                               @ Loc expr size
	.byte	243                             @ DW_OP_GNU_entry_value
	.byte	1                               @ 1
	.byte	82                              @ DW_OP_reg2
	.byte	159                             @ DW_OP_stack_value
	.long	0
	.long	0
.Ldebug_loc22:
	.long	-1
	.long	.Lfunc_begin6                   @   base address
	.long	.Lfunc_begin6-.Lfunc_begin6
	.long	.Ltmp38-.Lfunc_begin6
	.short	1                               @ Loc expr size
	.byte	83                              @ DW_OP_reg3
	.long	.Ltmp38-.Lfunc_begin6
	.long	.Lfunc_end6-.Lfunc_begin6
	.short	4                               @ Loc expr size
	.byte	243                             @ DW_OP_GNU_entry_value
	.byte	1                               @ 1
	.byte	83                              @ DW_OP_reg3
	.byte	159                             @ DW_OP_stack_value
	.long	0
	.long	0
.Ldebug_loc23:
	.long	-1
	.long	.Lfunc_begin7                   @   base address
	.long	.Lfunc_begin7-.Lfunc_begin7
	.long	.Ltmp48-.Lfunc_begin7
	.short	1                               @ Loc expr size
	.byte	80                              @ DW_OP_reg0
	.long	0
	.long	0
.Ldebug_loc24:
	.long	-1
	.long	.Lfunc_begin7                   @   base address
	.long	.Lfunc_begin7-.Lfunc_begin7
	.long	.Ltmp41-.Lfunc_begin7
	.short	1                               @ Loc expr size
	.byte	81                              @ DW_OP_reg1
	.long	.Ltmp41-.Lfunc_begin7
	.long	.Ltmp45-.Lfunc_begin7
	.short	1                               @ Loc expr size
	.byte	82                              @ DW_OP_reg2
	.long	0
	.long	0
.Ldebug_loc25:
	.long	-1
	.long	.Lfunc_begin7                   @   base address
	.long	.Ltmp41-.Lfunc_begin7
	.long	.Ltmp44-.Lfunc_begin7
	.short	2                               @ Loc expr size
	.byte	48                              @ DW_OP_lit0
	.byte	159                             @ DW_OP_stack_value
	.long	.Ltmp44-.Lfunc_begin7
	.long	.Ltmp48-.Lfunc_begin7
	.short	1                               @ Loc expr size
	.byte	81                              @ DW_OP_reg1
	.long	0
	.long	0
.Ldebug_loc26:
	.long	-1
	.long	.Lfunc_begin8                   @   base address
	.long	.Lfunc_begin8-.Lfunc_begin8
	.long	.Ltmp53-.Lfunc_begin8
	.short	1                               @ Loc expr size
	.byte	80                              @ DW_OP_reg0
	.long	.Ltmp53-.Lfunc_begin8
	.long	.Ltmp54-.Lfunc_begin8
	.short	4                               @ Loc expr size
	.byte	243                             @ DW_OP_GNU_entry_value
	.byte	1                               @ 1
	.byte	80                              @ DW_OP_reg0
	.byte	159                             @ DW_OP_stack_value
	.long	.Ltmp54-.Lfunc_begin8
	.long	.Ltmp56-.Lfunc_begin8
	.short	1                               @ Loc expr size
	.byte	80                              @ DW_OP_reg0
	.long	.Ltmp56-.Lfunc_begin8
	.long	.Lfunc_end8-.Lfunc_begin8
	.short	4                               @ Loc expr size
	.byte	243                             @ DW_OP_GNU_entry_value
	.byte	1                               @ 1
	.byte	80                              @ DW_OP_reg0
	.byte	159                             @ DW_OP_stack_value
	.long	0
	.long	0
.Ldebug_loc27:
	.long	-1
	.long	.Lfunc_begin8                   @   base address
	.long	.Lfunc_begin8-.Lfunc_begin8
	.long	.Ltmp52-.Lfunc_begin8
	.short	1                               @ Loc expr size
	.byte	81                              @ DW_OP_reg1
	.long	.Ltmp52-.Lfunc_begin8
	.long	.Ltmp54-.Lfunc_begin8
	.short	4                               @ Loc expr size
	.byte	243                             @ DW_OP_GNU_entry_value
	.byte	1                               @ 1
	.byte	81                              @ DW_OP_reg1
	.byte	159                             @ DW_OP_stack_value
	.long	.Ltmp54-.Lfunc_begin8
	.long	.Ltmp55-.Lfunc_begin8
	.short	1                               @ Loc expr size
	.byte	81                              @ DW_OP_reg1
	.long	.Ltmp55-.Lfunc_begin8
	.long	.Lfunc_end8-.Lfunc_begin8
	.short	4                               @ Loc expr size
	.byte	243                             @ DW_OP_GNU_entry_value
	.byte	1                               @ 1
	.byte	81                              @ DW_OP_reg1
	.byte	159                             @ DW_OP_stack_value
	.long	0
	.long	0
.Ldebug_loc28:
	.long	-1
	.long	.Lfunc_begin8                   @   base address
	.long	.Lfunc_begin8-.Lfunc_begin8
	.long	.Ltmp53-.Lfunc_begin8
	.short	1                               @ Loc expr size
	.byte	82                              @ DW_OP_reg2
	.long	.Ltmp53-.Lfunc_begin8
	.long	.Ltmp54-.Lfunc_begin8
	.short	4                               @ Loc expr size
	.byte	243                             @ DW_OP_GNU_entry_value
	.byte	1                               @ 1
	.byte	82                              @ DW_OP_reg2
	.byte	159                             @ DW_OP_stack_value
	.long	.Ltmp54-.Lfunc_begin8
	.long	.Ltmp56-.Lfunc_begin8
	.short	1                               @ Loc expr size
	.byte	82                              @ DW_OP_reg2
	.long	.Ltmp56-.Lfunc_begin8
	.long	.Lfunc_end8-.Lfunc_begin8
	.short	4                               @ Loc expr size
	.byte	243                             @ DW_OP_GNU_entry_value
	.byte	1                               @ 1
	.byte	82                              @ DW_OP_reg2
	.byte	159                             @ DW_OP_stack_value
	.long	0
	.long	0
.Ldebug_loc29:
	.long	-1
	.long	.Lfunc_begin9                   @   base address
	.long	.Lfunc_begin9-.Lfunc_begin9
	.long	.Ltmp59-.Lfunc_begin9
	.short	1                               @ Loc expr size
	.byte	80                              @ DW_OP_reg0
	.long	.Ltmp59-.Lfunc_begin9
	.long	.Lfunc_end9-.Lfunc_begin9
	.short	4                               @ Loc expr size
	.byte	243                             @ DW_OP_GNU_entry_value
	.byte	1                               @ 1
	.byte	80                              @ DW_OP_reg0
	.byte	159                             @ DW_OP_stack_value
	.long	0
	.long	0
	.section	.debug_abbrev,"",%progbits
	.byte	1                               @ Abbreviation Code
	.byte	17                              @ DW_TAG_compile_unit
	.byte	1                               @ DW_CHILDREN_yes
	.byte	37                              @ DW_AT_producer
	.byte	14                              @ DW_FORM_strp
	.byte	19                              @ DW_AT_language
	.byte	5                               @ DW_FORM_data2
	.byte	3                               @ DW_AT_name
	.byte	14                              @ DW_FORM_strp
	.byte	16                              @ DW_AT_stmt_list
	.byte	23                              @ DW_FORM_sec_offset
	.byte	27                              @ DW_AT_comp_dir
	.byte	14                              @ DW_FORM_strp
	.byte	17                              @ DW_AT_low_pc
	.byte	1                               @ DW_FORM_addr
	.byte	85                              @ DW_AT_ranges
	.byte	23                              @ DW_FORM_sec_offset
	.byte	0                               @ EOM(1)
	.byte	0                               @ EOM(2)
	.byte	2                               @ Abbreviation Code
	.byte	4                               @ DW_TAG_enumeration_type
	.byte	1                               @ DW_CHILDREN_yes
	.byte	73                              @ DW_AT_type
	.byte	19                              @ DW_FORM_ref4
	.byte	11                              @ DW_AT_byte_size
	.byte	11                              @ DW_FORM_data1
	.byte	58                              @ DW_AT_decl_file
	.byte	11                              @ DW_FORM_data1
	.byte	59                              @ DW_AT_decl_line
	.byte	11                              @ DW_FORM_data1
	.byte	0                               @ EOM(1)
	.byte	0                               @ EOM(2)
	.byte	3                               @ Abbreviation Code
	.byte	40                              @ DW_TAG_enumerator
	.byte	0                               @ DW_CHILDREN_no
	.byte	3                               @ DW_AT_name
	.byte	14                              @ DW_FORM_strp
	.byte	28                              @ DW_AT_const_value
	.byte	15                              @ DW_FORM_udata
	.byte	0                               @ EOM(1)
	.byte	0                               @ EOM(2)
	.byte	4                               @ Abbreviation Code
	.byte	36                              @ DW_TAG_base_type
	.byte	0                               @ DW_CHILDREN_no
	.byte	3                               @ DW_AT_name
	.byte	14                              @ DW_FORM_strp
	.byte	62                              @ DW_AT_encoding
	.byte	11                              @ DW_FORM_data1
	.byte	11                              @ DW_AT_byte_size
	.byte	11                              @ DW_FORM_data1
	.byte	0                               @ EOM(1)
	.byte	0                               @ EOM(2)
	.byte	5                               @ Abbreviation Code
	.byte	22                              @ DW_TAG_typedef
	.byte	0                               @ DW_CHILDREN_no
	.byte	73                              @ DW_AT_type
	.byte	19                              @ DW_FORM_ref4
	.byte	3                               @ DW_AT_name
	.byte	14                              @ DW_FORM_strp
	.byte	58                              @ DW_AT_decl_file
	.byte	11                              @ DW_FORM_data1
	.byte	59                              @ DW_AT_decl_line
	.byte	11                              @ DW_FORM_data1
	.byte	0                               @ EOM(1)
	.byte	0                               @ EOM(2)
	.byte	6                               @ Abbreviation Code
	.byte	46                              @ DW_TAG_subprogram
	.byte	1                               @ DW_CHILDREN_yes
	.byte	17                              @ DW_AT_low_pc
	.byte	1                               @ DW_FORM_addr
	.byte	18                              @ DW_AT_high_pc
	.byte	6                               @ DW_FORM_data4
	.byte	64                              @ DW_AT_frame_base
	.byte	24                              @ DW_FORM_exprloc
	.ascii	"\227B"                         @ DW_AT_GNU_all_call_sites
	.byte	25                              @ DW_FORM_flag_present
	.byte	3                               @ DW_AT_name
	.byte	14                              @ DW_FORM_strp
	.byte	58                              @ DW_AT_decl_file
	.byte	11                              @ DW_FORM_data1
	.byte	59                              @ DW_AT_decl_line
	.byte	11                              @ DW_FORM_data1
	.byte	39                              @ DW_AT_prototyped
	.byte	25                              @ DW_FORM_flag_present
	.byte	63                              @ DW_AT_external
	.byte	25                              @ DW_FORM_flag_present
	.byte	0                               @ EOM(1)
	.byte	0                               @ EOM(2)
	.byte	7                               @ Abbreviation Code
	.byte	5                               @ DW_TAG_formal_parameter
	.byte	0                               @ DW_CHILDREN_no
	.byte	2                               @ DW_AT_location
	.byte	23                              @ DW_FORM_sec_offset
	.byte	3                               @ DW_AT_name
	.byte	14                              @ DW_FORM_strp
	.byte	58                              @ DW_AT_decl_file
	.byte	11                              @ DW_FORM_data1
	.byte	59                              @ DW_AT_decl_line
	.byte	11                              @ DW_FORM_data1
	.byte	73                              @ DW_AT_type
	.byte	19                              @ DW_FORM_ref4
	.byte	0                               @ EOM(1)
	.byte	0                               @ EOM(2)
	.byte	8                               @ Abbreviation Code
	.byte	52                              @ DW_TAG_variable
	.byte	0                               @ DW_CHILDREN_no
	.byte	2                               @ DW_AT_location
	.byte	24                              @ DW_FORM_exprloc
	.byte	3                               @ DW_AT_name
	.byte	14                              @ DW_FORM_strp
	.byte	58                              @ DW_AT_decl_file
	.byte	11                              @ DW_FORM_data1
	.byte	59                              @ DW_AT_decl_line
	.byte	11                              @ DW_FORM_data1
	.byte	73                              @ DW_AT_type
	.byte	19                              @ DW_FORM_ref4
	.byte	0                               @ EOM(1)
	.byte	0                               @ EOM(2)
	.byte	9                               @ Abbreviation Code
	.byte	46                              @ DW_TAG_subprogram
	.byte	1                               @ DW_CHILDREN_yes
	.byte	17                              @ DW_AT_low_pc
	.byte	1                               @ DW_FORM_addr
	.byte	18                              @ DW_AT_high_pc
	.byte	6                               @ DW_FORM_data4
	.byte	64                              @ DW_AT_frame_base
	.byte	24                              @ DW_FORM_exprloc
	.ascii	"\227B"                         @ DW_AT_GNU_all_call_sites
	.byte	25                              @ DW_FORM_flag_present
	.byte	3                               @ DW_AT_name
	.byte	14                              @ DW_FORM_strp
	.byte	58                              @ DW_AT_decl_file
	.byte	11                              @ DW_FORM_data1
	.byte	59                              @ DW_AT_decl_line
	.byte	11                              @ DW_FORM_data1
	.byte	39                              @ DW_AT_prototyped
	.byte	25                              @ DW_FORM_flag_present
	.byte	73                              @ DW_AT_type
	.byte	19                              @ DW_FORM_ref4
	.byte	63                              @ DW_AT_external
	.byte	25                              @ DW_FORM_flag_present
	.byte	0                               @ EOM(1)
	.byte	0                               @ EOM(2)
	.byte	10                              @ Abbreviation Code
	.byte	52                              @ DW_TAG_variable
	.byte	0                               @ DW_CHILDREN_no
	.byte	2                               @ DW_AT_location
	.byte	23                              @ DW_FORM_sec_offset
	.byte	3                               @ DW_AT_name
	.byte	14                              @ DW_FORM_strp
	.byte	58                              @ DW_AT_decl_file
	.byte	11                              @ DW_FORM_data1
	.byte	59                              @ DW_AT_decl_line
	.byte	11                              @ DW_FORM_data1
	.byte	73                              @ DW_AT_type
	.byte	19                              @ DW_FORM_ref4
	.byte	0                               @ EOM(1)
	.byte	0                               @ EOM(2)
	.byte	11                              @ Abbreviation Code
	.byte	46                              @ DW_TAG_subprogram
	.byte	1                               @ DW_CHILDREN_yes
	.byte	17                              @ DW_AT_low_pc
	.byte	1                               @ DW_FORM_addr
	.byte	18                              @ DW_AT_high_pc
	.byte	6                               @ DW_FORM_data4
	.byte	64                              @ DW_AT_frame_base
	.byte	24                              @ DW_FORM_exprloc
	.ascii	"\227B"                         @ DW_AT_GNU_all_call_sites
	.byte	25                              @ DW_FORM_flag_present
	.byte	3                               @ DW_AT_name
	.byte	14                              @ DW_FORM_strp
	.byte	58                              @ DW_AT_decl_file
	.byte	11                              @ DW_FORM_data1
	.byte	59                              @ DW_AT_decl_line
	.byte	5                               @ DW_FORM_data2
	.byte	39                              @ DW_AT_prototyped
	.byte	25                              @ DW_FORM_flag_present
	.byte	63                              @ DW_AT_external
	.byte	25                              @ DW_FORM_flag_present
	.byte	0                               @ EOM(1)
	.byte	0                               @ EOM(2)
	.byte	12                              @ Abbreviation Code
	.byte	5                               @ DW_TAG_formal_parameter
	.byte	0                               @ DW_CHILDREN_no
	.byte	2                               @ DW_AT_location
	.byte	23                              @ DW_FORM_sec_offset
	.byte	3                               @ DW_AT_name
	.byte	14                              @ DW_FORM_strp
	.byte	58                              @ DW_AT_decl_file
	.byte	11                              @ DW_FORM_data1
	.byte	59                              @ DW_AT_decl_line
	.byte	5                               @ DW_FORM_data2
	.byte	73                              @ DW_AT_type
	.byte	19                              @ DW_FORM_ref4
	.byte	0                               @ EOM(1)
	.byte	0                               @ EOM(2)
	.byte	13                              @ Abbreviation Code
	.byte	46                              @ DW_TAG_subprogram
	.byte	1                               @ DW_CHILDREN_yes
	.byte	17                              @ DW_AT_low_pc
	.byte	1                               @ DW_FORM_addr
	.byte	18                              @ DW_AT_high_pc
	.byte	6                               @ DW_FORM_data4
	.byte	64                              @ DW_AT_frame_base
	.byte	24                              @ DW_FORM_exprloc
	.ascii	"\227B"                         @ DW_AT_GNU_all_call_sites
	.byte	25                              @ DW_FORM_flag_present
	.byte	3                               @ DW_AT_name
	.byte	14                              @ DW_FORM_strp
	.byte	58                              @ DW_AT_decl_file
	.byte	11                              @ DW_FORM_data1
	.byte	59                              @ DW_AT_decl_line
	.byte	5                               @ DW_FORM_data2
	.byte	39                              @ DW_AT_prototyped
	.byte	25                              @ DW_FORM_flag_present
	.byte	73                              @ DW_AT_type
	.byte	19                              @ DW_FORM_ref4
	.byte	63                              @ DW_AT_external
	.byte	25                              @ DW_FORM_flag_present
	.byte	0                               @ EOM(1)
	.byte	0                               @ EOM(2)
	.byte	14                              @ Abbreviation Code
	.byte	52                              @ DW_TAG_variable
	.byte	0                               @ DW_CHILDREN_no
	.byte	2                               @ DW_AT_location
	.byte	23                              @ DW_FORM_sec_offset
	.byte	3                               @ DW_AT_name
	.byte	14                              @ DW_FORM_strp
	.byte	58                              @ DW_AT_decl_file
	.byte	11                              @ DW_FORM_data1
	.byte	59                              @ DW_AT_decl_line
	.byte	5                               @ DW_FORM_data2
	.byte	73                              @ DW_AT_type
	.byte	19                              @ DW_FORM_ref4
	.byte	0                               @ EOM(1)
	.byte	0                               @ EOM(2)
	.byte	15                              @ Abbreviation Code
	.byte	19                              @ DW_TAG_structure_type
	.byte	1                               @ DW_CHILDREN_yes
	.byte	11                              @ DW_AT_byte_size
	.byte	11                              @ DW_FORM_data1
	.byte	58                              @ DW_AT_decl_file
	.byte	11                              @ DW_FORM_data1
	.byte	59                              @ DW_AT_decl_line
	.byte	11                              @ DW_FORM_data1
	.byte	0                               @ EOM(1)
	.byte	0                               @ EOM(2)
	.byte	16                              @ Abbreviation Code
	.byte	13                              @ DW_TAG_member
	.byte	0                               @ DW_CHILDREN_no
	.byte	3                               @ DW_AT_name
	.byte	14                              @ DW_FORM_strp
	.byte	73                              @ DW_AT_type
	.byte	19                              @ DW_FORM_ref4
	.byte	58                              @ DW_AT_decl_file
	.byte	11                              @ DW_FORM_data1
	.byte	59                              @ DW_AT_decl_line
	.byte	11                              @ DW_FORM_data1
	.byte	56                              @ DW_AT_data_member_location
	.byte	11                              @ DW_FORM_data1
	.byte	0                               @ EOM(1)
	.byte	0                               @ EOM(2)
	.byte	17                              @ Abbreviation Code
	.byte	15                              @ DW_TAG_pointer_type
	.byte	0                               @ DW_CHILDREN_no
	.byte	73                              @ DW_AT_type
	.byte	19                              @ DW_FORM_ref4
	.byte	0                               @ EOM(1)
	.byte	0                               @ EOM(2)
	.byte	18                              @ Abbreviation Code
	.byte	21                              @ DW_TAG_subroutine_type
	.byte	1                               @ DW_CHILDREN_yes
	.byte	39                              @ DW_AT_prototyped
	.byte	25                              @ DW_FORM_flag_present
	.byte	0                               @ EOM(1)
	.byte	0                               @ EOM(2)
	.byte	19                              @ Abbreviation Code
	.byte	5                               @ DW_TAG_formal_parameter
	.byte	0                               @ DW_CHILDREN_no
	.byte	73                              @ DW_AT_type
	.byte	19                              @ DW_FORM_ref4
	.byte	0                               @ EOM(1)
	.byte	0                               @ EOM(2)
	.byte	0                               @ EOM(3)
	.section	.debug_info,"",%progbits
.Lcu_begin0:
	.long	.Ldebug_info_end0-.Ldebug_info_start0 @ Length of Unit
.Ldebug_info_start0:
	.short	4                               @ DWARF version number
	.long	.debug_abbrev                   @ Offset Into Abbrev. Section
	.byte	4                               @ Address Size (in bytes)
	.byte	1                               @ Abbrev [1] 0xb:0x530 DW_TAG_compile_unit
	.long	.Linfo_string0                  @ DW_AT_producer
	.short	12                              @ DW_AT_language
	.long	.Linfo_string1                  @ DW_AT_name
	.long	.Lline_table_start0             @ DW_AT_stmt_list
	.long	.Linfo_string2                  @ DW_AT_comp_dir
	.long	0                               @ DW_AT_low_pc
	.long	.Ldebug_ranges0                 @ DW_AT_ranges
	.byte	2                               @ Abbrev [2] 0x26:0x1b DW_TAG_enumeration_type
	.long	65                              @ DW_AT_type
	.byte	1                               @ DW_AT_byte_size
	.byte	1                               @ DW_AT_decl_file
	.byte	79                              @ DW_AT_decl_line
	.byte	3                               @ Abbrev [3] 0x2e:0x6 DW_TAG_enumerator
	.long	.Linfo_string4                  @ DW_AT_name
	.byte	0                               @ DW_AT_const_value
	.byte	3                               @ Abbrev [3] 0x34:0x6 DW_TAG_enumerator
	.long	.Linfo_string5                  @ DW_AT_name
	.byte	1                               @ DW_AT_const_value
	.byte	3                               @ Abbrev [3] 0x3a:0x6 DW_TAG_enumerator
	.long	.Linfo_string6                  @ DW_AT_name
	.byte	2                               @ DW_AT_const_value
	.byte	0                               @ End Of Children Mark
	.byte	4                               @ Abbrev [4] 0x41:0x7 DW_TAG_base_type
	.long	.Linfo_string3                  @ DW_AT_name
	.byte	8                               @ DW_AT_encoding
	.byte	1                               @ DW_AT_byte_size
	.byte	2                               @ Abbrev [2] 0x48:0x1b DW_TAG_enumeration_type
	.long	65                              @ DW_AT_type
	.byte	1                               @ DW_AT_byte_size
	.byte	1                               @ DW_AT_decl_file
	.byte	91                              @ DW_AT_decl_line
	.byte	3                               @ Abbrev [3] 0x50:0x6 DW_TAG_enumerator
	.long	.Linfo_string7                  @ DW_AT_name
	.byte	0                               @ DW_AT_const_value
	.byte	3                               @ Abbrev [3] 0x56:0x6 DW_TAG_enumerator
	.long	.Linfo_string8                  @ DW_AT_name
	.byte	1                               @ DW_AT_const_value
	.byte	3                               @ Abbrev [3] 0x5c:0x6 DW_TAG_enumerator
	.long	.Linfo_string9                  @ DW_AT_name
	.byte	2                               @ DW_AT_const_value
	.byte	0                               @ End Of Children Mark
	.byte	2                               @ Abbrev [2] 0x63:0x1b DW_TAG_enumeration_type
	.long	65                              @ DW_AT_type
	.byte	1                               @ DW_AT_byte_size
	.byte	2                               @ DW_AT_decl_file
	.byte	130                             @ DW_AT_decl_line
	.byte	3                               @ Abbrev [3] 0x6b:0x6 DW_TAG_enumerator
	.long	.Linfo_string10                 @ DW_AT_name
	.byte	0                               @ DW_AT_const_value
	.byte	3                               @ Abbrev [3] 0x71:0x6 DW_TAG_enumerator
	.long	.Linfo_string11                 @ DW_AT_name
	.byte	1                               @ DW_AT_const_value
	.byte	3                               @ Abbrev [3] 0x77:0x6 DW_TAG_enumerator
	.long	.Linfo_string12                 @ DW_AT_name
	.byte	2                               @ DW_AT_const_value
	.byte	0                               @ End Of Children Mark
	.byte	2                               @ Abbrev [2] 0x7e:0x21 DW_TAG_enumeration_type
	.long	65                              @ DW_AT_type
	.byte	1                               @ DW_AT_byte_size
	.byte	3                               @ DW_AT_decl_file
	.byte	84                              @ DW_AT_decl_line
	.byte	3                               @ Abbrev [3] 0x86:0x6 DW_TAG_enumerator
	.long	.Linfo_string13                 @ DW_AT_name
	.byte	0                               @ DW_AT_const_value
	.byte	3                               @ Abbrev [3] 0x8c:0x6 DW_TAG_enumerator
	.long	.Linfo_string14                 @ DW_AT_name
	.byte	1                               @ DW_AT_const_value
	.byte	3                               @ Abbrev [3] 0x92:0x6 DW_TAG_enumerator
	.long	.Linfo_string15                 @ DW_AT_name
	.byte	2                               @ DW_AT_const_value
	.byte	3                               @ Abbrev [3] 0x98:0x6 DW_TAG_enumerator
	.long	.Linfo_string16                 @ DW_AT_name
	.byte	3                               @ DW_AT_const_value
	.byte	0                               @ End Of Children Mark
	.byte	2                               @ Abbrev [2] 0x9f:0x1b DW_TAG_enumeration_type
	.long	65                              @ DW_AT_type
	.byte	1                               @ DW_AT_byte_size
	.byte	3                               @ DW_AT_decl_file
	.byte	65                              @ DW_AT_decl_line
	.byte	3                               @ Abbrev [3] 0xa7:0x6 DW_TAG_enumerator
	.long	.Linfo_string17                 @ DW_AT_name
	.byte	0                               @ DW_AT_const_value
	.byte	3                               @ Abbrev [3] 0xad:0x6 DW_TAG_enumerator
	.long	.Linfo_string18                 @ DW_AT_name
	.byte	1                               @ DW_AT_const_value
	.byte	3                               @ Abbrev [3] 0xb3:0x6 DW_TAG_enumerator
	.long	.Linfo_string19                 @ DW_AT_name
	.byte	2                               @ DW_AT_const_value
	.byte	0                               @ End Of Children Mark
	.byte	2                               @ Abbrev [2] 0xba:0x2d DW_TAG_enumeration_type
	.long	65                              @ DW_AT_type
	.byte	1                               @ DW_AT_byte_size
	.byte	2                               @ DW_AT_decl_file
	.byte	153                             @ DW_AT_decl_line
	.byte	3                               @ Abbrev [3] 0xc2:0x6 DW_TAG_enumerator
	.long	.Linfo_string20                 @ DW_AT_name
	.byte	0                               @ DW_AT_const_value
	.byte	3                               @ Abbrev [3] 0xc8:0x6 DW_TAG_enumerator
	.long	.Linfo_string21                 @ DW_AT_name
	.byte	1                               @ DW_AT_const_value
	.byte	3                               @ Abbrev [3] 0xce:0x6 DW_TAG_enumerator
	.long	.Linfo_string22                 @ DW_AT_name
	.byte	2                               @ DW_AT_const_value
	.byte	3                               @ Abbrev [3] 0xd4:0x6 DW_TAG_enumerator
	.long	.Linfo_string23                 @ DW_AT_name
	.byte	3                               @ DW_AT_const_value
	.byte	3                               @ Abbrev [3] 0xda:0x6 DW_TAG_enumerator
	.long	.Linfo_string24                 @ DW_AT_name
	.byte	4                               @ DW_AT_const_value
	.byte	3                               @ Abbrev [3] 0xe0:0x6 DW_TAG_enumerator
	.long	.Linfo_string25                 @ DW_AT_name
	.byte	5                               @ DW_AT_const_value
	.byte	0                               @ End Of Children Mark
	.byte	2                               @ Abbrev [2] 0xe7:0x15 DW_TAG_enumeration_type
	.long	65                              @ DW_AT_type
	.byte	1                               @ DW_AT_byte_size
	.byte	1                               @ DW_AT_decl_file
	.byte	101                             @ DW_AT_decl_line
	.byte	3                               @ Abbrev [3] 0xef:0x6 DW_TAG_enumerator
	.long	.Linfo_string26                 @ DW_AT_name
	.byte	0                               @ DW_AT_const_value
	.byte	3                               @ Abbrev [3] 0xf5:0x6 DW_TAG_enumerator
	.long	.Linfo_string27                 @ DW_AT_name
	.byte	1                               @ DW_AT_const_value
	.byte	0                               @ End Of Children Mark
	.byte	2                               @ Abbrev [2] 0xfc:0x1b DW_TAG_enumeration_type
	.long	65                              @ DW_AT_type
	.byte	1                               @ DW_AT_byte_size
	.byte	1                               @ DW_AT_decl_file
	.byte	110                             @ DW_AT_decl_line
	.byte	3                               @ Abbrev [3] 0x104:0x6 DW_TAG_enumerator
	.long	.Linfo_string28                 @ DW_AT_name
	.byte	0                               @ DW_AT_const_value
	.byte	3                               @ Abbrev [3] 0x10a:0x6 DW_TAG_enumerator
	.long	.Linfo_string29                 @ DW_AT_name
	.byte	1                               @ DW_AT_const_value
	.byte	3                               @ Abbrev [3] 0x110:0x6 DW_TAG_enumerator
	.long	.Linfo_string30                 @ DW_AT_name
	.byte	2                               @ DW_AT_const_value
	.byte	0                               @ End Of Children Mark
	.byte	2                               @ Abbrev [2] 0x117:0x27 DW_TAG_enumeration_type
	.long	65                              @ DW_AT_type
	.byte	1                               @ DW_AT_byte_size
	.byte	3                               @ DW_AT_decl_file
	.byte	95                              @ DW_AT_decl_line
	.byte	3                               @ Abbrev [3] 0x11f:0x6 DW_TAG_enumerator
	.long	.Linfo_string31                 @ DW_AT_name
	.byte	0                               @ DW_AT_const_value
	.byte	3                               @ Abbrev [3] 0x125:0x6 DW_TAG_enumerator
	.long	.Linfo_string32                 @ DW_AT_name
	.byte	1                               @ DW_AT_const_value
	.byte	3                               @ Abbrev [3] 0x12b:0x6 DW_TAG_enumerator
	.long	.Linfo_string33                 @ DW_AT_name
	.byte	2                               @ DW_AT_const_value
	.byte	3                               @ Abbrev [3] 0x131:0x6 DW_TAG_enumerator
	.long	.Linfo_string34                 @ DW_AT_name
	.byte	4                               @ DW_AT_const_value
	.byte	3                               @ Abbrev [3] 0x137:0x6 DW_TAG_enumerator
	.long	.Linfo_string35                 @ DW_AT_name
	.byte	8                               @ DW_AT_const_value
	.byte	0                               @ End Of Children Mark
	.byte	2                               @ Abbrev [2] 0x13e:0x15 DW_TAG_enumeration_type
	.long	65                              @ DW_AT_type
	.byte	1                               @ DW_AT_byte_size
	.byte	1                               @ DW_AT_decl_file
	.byte	120                             @ DW_AT_decl_line
	.byte	3                               @ Abbrev [3] 0x146:0x6 DW_TAG_enumerator
	.long	.Linfo_string36                 @ DW_AT_name
	.byte	0                               @ DW_AT_const_value
	.byte	3                               @ Abbrev [3] 0x14c:0x6 DW_TAG_enumerator
	.long	.Linfo_string37                 @ DW_AT_name
	.byte	1                               @ DW_AT_const_value
	.byte	0                               @ End Of Children Mark
	.byte	5                               @ Abbrev [5] 0x153:0xb DW_TAG_typedef
	.long	159                             @ DW_AT_type
	.long	.Linfo_string38                 @ DW_AT_name
	.byte	3                               @ DW_AT_decl_file
	.byte	70                              @ DW_AT_decl_line
	.byte	5                               @ Abbrev [5] 0x15e:0xb DW_TAG_typedef
	.long	65                              @ DW_AT_type
	.long	.Linfo_string39                 @ DW_AT_name
	.byte	4                               @ DW_AT_decl_file
	.byte	62                              @ DW_AT_decl_line
	.byte	5                               @ Abbrev [5] 0x169:0xb DW_TAG_typedef
	.long	279                             @ DW_AT_type
	.long	.Linfo_string40                 @ DW_AT_name
	.byte	3                               @ DW_AT_decl_file
	.byte	102                             @ DW_AT_decl_line
	.byte	6                               @ Abbrev [6] 0x174:0x5c DW_TAG_subprogram
	.long	.Lfunc_begin0                   @ DW_AT_low_pc
	.long	.Lfunc_end0-.Lfunc_begin0       @ DW_AT_high_pc
	.byte	1                               @ DW_AT_frame_base
	.byte	93
                                        @ DW_AT_GNU_all_call_sites
	.long	.Linfo_string41                 @ DW_AT_name
	.byte	5                               @ DW_AT_decl_file
	.byte	76                              @ DW_AT_decl_line
                                        @ DW_AT_prototyped
                                        @ DW_AT_external
	.byte	7                               @ Abbrev [7] 0x185:0xf DW_TAG_formal_parameter
	.long	.Ldebug_loc0                    @ DW_AT_location
	.long	.Linfo_string69                 @ DW_AT_name
	.byte	5                               @ DW_AT_decl_file
	.byte	76                              @ DW_AT_decl_line
	.long	1255                            @ DW_AT_type
	.byte	7                               @ Abbrev [7] 0x194:0xf DW_TAG_formal_parameter
	.long	.Ldebug_loc1                    @ DW_AT_location
	.long	.Linfo_string65                 @ DW_AT_name
	.byte	5                               @ DW_AT_decl_file
	.byte	76                              @ DW_AT_decl_line
	.long	1266                            @ DW_AT_type
	.byte	7                               @ Abbrev [7] 0x1a3:0xf DW_TAG_formal_parameter
	.long	.Ldebug_loc2                    @ DW_AT_location
	.long	.Linfo_string67                 @ DW_AT_name
	.byte	5                               @ DW_AT_decl_file
	.byte	76                              @ DW_AT_decl_line
	.long	1226                            @ DW_AT_type
	.byte	7                               @ Abbrev [7] 0x1b2:0xf DW_TAG_formal_parameter
	.long	.Ldebug_loc3                    @ DW_AT_location
	.long	.Linfo_string72                 @ DW_AT_name
	.byte	5                               @ DW_AT_decl_file
	.byte	76                              @ DW_AT_decl_line
	.long	1277                            @ DW_AT_type
	.byte	8                               @ Abbrev [8] 0x1c1:0xe DW_TAG_variable
	.byte	2                               @ DW_AT_location
	.byte	145
	.byte	4
	.long	.Linfo_string52                 @ DW_AT_name
	.byte	5                               @ DW_AT_decl_file
	.byte	78                              @ DW_AT_decl_line
	.long	1059                            @ DW_AT_type
	.byte	0                               @ End Of Children Mark
	.byte	6                               @ Abbrev [6] 0x1d0:0x21 DW_TAG_subprogram
	.long	.Lfunc_begin1                   @ DW_AT_low_pc
	.long	.Lfunc_end1-.Lfunc_begin1       @ DW_AT_high_pc
	.byte	1                               @ DW_AT_frame_base
	.byte	93
                                        @ DW_AT_GNU_all_call_sites
	.long	.Linfo_string42                 @ DW_AT_name
	.byte	5                               @ DW_AT_decl_file
	.byte	124                             @ DW_AT_decl_line
                                        @ DW_AT_prototyped
                                        @ DW_AT_external
	.byte	7                               @ Abbrev [7] 0x1e1:0xf DW_TAG_formal_parameter
	.long	.Ldebug_loc4                    @ DW_AT_location
	.long	.Linfo_string69                 @ DW_AT_name
	.byte	5                               @ DW_AT_decl_file
	.byte	124                             @ DW_AT_decl_line
	.long	1255                            @ DW_AT_type
	.byte	0                               @ End Of Children Mark
	.byte	9                               @ Abbrev [9] 0x1f1:0x52 DW_TAG_subprogram
	.long	.Lfunc_begin2                   @ DW_AT_low_pc
	.long	.Lfunc_end2-.Lfunc_begin2       @ DW_AT_high_pc
	.byte	1                               @ DW_AT_frame_base
	.byte	93
                                        @ DW_AT_GNU_all_call_sites
	.long	.Linfo_string43                 @ DW_AT_name
	.byte	5                               @ DW_AT_decl_file
	.byte	137                             @ DW_AT_decl_line
                                        @ DW_AT_prototyped
	.long	350                             @ DW_AT_type
                                        @ DW_AT_external
	.byte	7                               @ Abbrev [7] 0x206:0xf DW_TAG_formal_parameter
	.long	.Ldebug_loc5                    @ DW_AT_location
	.long	.Linfo_string74                 @ DW_AT_name
	.byte	5                               @ DW_AT_decl_file
	.byte	137                             @ DW_AT_decl_line
	.long	1300                            @ DW_AT_type
	.byte	7                               @ Abbrev [7] 0x215:0xf DW_TAG_formal_parameter
	.long	.Ldebug_loc6                    @ DW_AT_location
	.long	.Linfo_string76                 @ DW_AT_name
	.byte	5                               @ DW_AT_decl_file
	.byte	137                             @ DW_AT_decl_line
	.long	350                             @ DW_AT_type
	.byte	10                              @ Abbrev [10] 0x224:0xf DW_TAG_variable
	.long	.Ldebug_loc7                    @ DW_AT_location
	.long	.Linfo_string77                 @ DW_AT_name
	.byte	5                               @ DW_AT_decl_file
	.byte	141                             @ DW_AT_decl_line
	.long	350                             @ DW_AT_type
	.byte	10                              @ Abbrev [10] 0x233:0xf DW_TAG_variable
	.long	.Ldebug_loc8                    @ DW_AT_location
	.long	.Linfo_string78                 @ DW_AT_name
	.byte	5                               @ DW_AT_decl_file
	.byte	139                             @ DW_AT_decl_line
	.long	350                             @ DW_AT_type
	.byte	0                               @ End Of Children Mark
	.byte	9                               @ Abbrev [9] 0x243:0x43 DW_TAG_subprogram
	.long	.Lfunc_begin3                   @ DW_AT_low_pc
	.long	.Lfunc_end3-.Lfunc_begin3       @ DW_AT_high_pc
	.byte	1                               @ DW_AT_frame_base
	.byte	93
                                        @ DW_AT_GNU_all_call_sites
	.long	.Linfo_string44                 @ DW_AT_name
	.byte	5                               @ DW_AT_decl_file
	.byte	172                             @ DW_AT_decl_line
                                        @ DW_AT_prototyped
	.long	350                             @ DW_AT_type
                                        @ DW_AT_external
	.byte	7                               @ Abbrev [7] 0x258:0xf DW_TAG_formal_parameter
	.long	.Ldebug_loc9                    @ DW_AT_location
	.long	.Linfo_string76                 @ DW_AT_name
	.byte	5                               @ DW_AT_decl_file
	.byte	172                             @ DW_AT_decl_line
	.long	350                             @ DW_AT_type
	.byte	7                               @ Abbrev [7] 0x267:0xf DW_TAG_formal_parameter
	.long	.Ldebug_loc10                   @ DW_AT_location
	.long	.Linfo_string79                 @ DW_AT_name
	.byte	5                               @ DW_AT_decl_file
	.byte	172                             @ DW_AT_decl_line
	.long	1311                            @ DW_AT_type
	.byte	10                              @ Abbrev [10] 0x276:0xf DW_TAG_variable
	.long	.Ldebug_loc11                   @ DW_AT_location
	.long	.Linfo_string80                 @ DW_AT_name
	.byte	5                               @ DW_AT_decl_file
	.byte	174                             @ DW_AT_decl_line
	.long	350                             @ DW_AT_type
	.byte	0                               @ End Of Children Mark
	.byte	11                              @ Abbrev [11] 0x286:0x53 DW_TAG_subprogram
	.long	.Lfunc_begin4                   @ DW_AT_low_pc
	.long	.Lfunc_end4-.Lfunc_begin4       @ DW_AT_high_pc
	.byte	1                               @ DW_AT_frame_base
	.byte	93
                                        @ DW_AT_GNU_all_call_sites
	.long	.Linfo_string45                 @ DW_AT_name
	.byte	5                               @ DW_AT_decl_file
	.short	379                             @ DW_AT_decl_line
                                        @ DW_AT_prototyped
                                        @ DW_AT_external
	.byte	12                              @ Abbrev [12] 0x298:0x10 DW_TAG_formal_parameter
	.long	.Ldebug_loc12                   @ DW_AT_location
	.long	.Linfo_string69                 @ DW_AT_name
	.byte	5                               @ DW_AT_decl_file
	.short	379                             @ DW_AT_decl_line
	.long	1255                            @ DW_AT_type
	.byte	12                              @ Abbrev [12] 0x2a8:0x10 DW_TAG_formal_parameter
	.long	.Ldebug_loc13                   @ DW_AT_location
	.long	.Linfo_string76                 @ DW_AT_name
	.byte	5                               @ DW_AT_decl_file
	.short	379                             @ DW_AT_decl_line
	.long	350                             @ DW_AT_type
	.byte	12                              @ Abbrev [12] 0x2b8:0x10 DW_TAG_formal_parameter
	.long	.Ldebug_loc14                   @ DW_AT_location
	.long	.Linfo_string79                 @ DW_AT_name
	.byte	5                               @ DW_AT_decl_file
	.short	379                             @ DW_AT_decl_line
	.long	1311                            @ DW_AT_type
	.byte	12                              @ Abbrev [12] 0x2c8:0x10 DW_TAG_formal_parameter
	.long	.Ldebug_loc15                   @ DW_AT_location
	.long	.Linfo_string81                 @ DW_AT_name
	.byte	5                               @ DW_AT_decl_file
	.short	379                             @ DW_AT_decl_line
	.long	350                             @ DW_AT_type
	.byte	0                               @ End Of Children Mark
	.byte	11                              @ Abbrev [11] 0x2d9:0x43 DW_TAG_subprogram
	.long	.Lfunc_begin5                   @ DW_AT_low_pc
	.long	.Lfunc_end5-.Lfunc_begin5       @ DW_AT_high_pc
	.byte	1                               @ DW_AT_frame_base
	.byte	93
                                        @ DW_AT_GNU_all_call_sites
	.long	.Linfo_string46                 @ DW_AT_name
	.byte	5                               @ DW_AT_decl_file
	.short	393                             @ DW_AT_decl_line
                                        @ DW_AT_prototyped
                                        @ DW_AT_external
	.byte	12                              @ Abbrev [12] 0x2eb:0x10 DW_TAG_formal_parameter
	.long	.Ldebug_loc16                   @ DW_AT_location
	.long	.Linfo_string69                 @ DW_AT_name
	.byte	5                               @ DW_AT_decl_file
	.short	393                             @ DW_AT_decl_line
	.long	1255                            @ DW_AT_type
	.byte	12                              @ Abbrev [12] 0x2fb:0x10 DW_TAG_formal_parameter
	.long	.Ldebug_loc17                   @ DW_AT_location
	.long	.Linfo_string79                 @ DW_AT_name
	.byte	5                               @ DW_AT_decl_file
	.short	393                             @ DW_AT_decl_line
	.long	1311                            @ DW_AT_type
	.byte	12                              @ Abbrev [12] 0x30b:0x10 DW_TAG_formal_parameter
	.long	.Ldebug_loc18                   @ DW_AT_location
	.long	.Linfo_string81                 @ DW_AT_name
	.byte	5                               @ DW_AT_decl_file
	.short	393                             @ DW_AT_decl_line
	.long	350                             @ DW_AT_type
	.byte	0                               @ End Of Children Mark
	.byte	13                              @ Abbrev [13] 0x31c:0x57 DW_TAG_subprogram
	.long	.Lfunc_begin6                   @ DW_AT_low_pc
	.long	.Lfunc_end6-.Lfunc_begin6       @ DW_AT_high_pc
	.byte	1                               @ DW_AT_frame_base
	.byte	93
                                        @ DW_AT_GNU_all_call_sites
	.long	.Linfo_string47                 @ DW_AT_name
	.byte	5                               @ DW_AT_decl_file
	.short	408                             @ DW_AT_decl_line
                                        @ DW_AT_prototyped
	.long	1052                            @ DW_AT_type
                                        @ DW_AT_external
	.byte	12                              @ Abbrev [12] 0x332:0x10 DW_TAG_formal_parameter
	.long	.Ldebug_loc19                   @ DW_AT_location
	.long	.Linfo_string69                 @ DW_AT_name
	.byte	5                               @ DW_AT_decl_file
	.short	408                             @ DW_AT_decl_line
	.long	1255                            @ DW_AT_type
	.byte	12                              @ Abbrev [12] 0x342:0x10 DW_TAG_formal_parameter
	.long	.Ldebug_loc20                   @ DW_AT_location
	.long	.Linfo_string76                 @ DW_AT_name
	.byte	5                               @ DW_AT_decl_file
	.short	408                             @ DW_AT_decl_line
	.long	350                             @ DW_AT_type
	.byte	12                              @ Abbrev [12] 0x352:0x10 DW_TAG_formal_parameter
	.long	.Ldebug_loc21                   @ DW_AT_location
	.long	.Linfo_string79                 @ DW_AT_name
	.byte	5                               @ DW_AT_decl_file
	.short	408                             @ DW_AT_decl_line
	.long	1311                            @ DW_AT_type
	.byte	12                              @ Abbrev [12] 0x362:0x10 DW_TAG_formal_parameter
	.long	.Ldebug_loc22                   @ DW_AT_location
	.long	.Linfo_string81                 @ DW_AT_name
	.byte	5                               @ DW_AT_decl_file
	.short	408                             @ DW_AT_decl_line
	.long	350                             @ DW_AT_type
	.byte	0                               @ End Of Children Mark
	.byte	11                              @ Abbrev [11] 0x373:0x43 DW_TAG_subprogram
	.long	.Lfunc_begin7                   @ DW_AT_low_pc
	.long	.Lfunc_end7-.Lfunc_begin7       @ DW_AT_high_pc
	.byte	1                               @ DW_AT_frame_base
	.byte	93
                                        @ DW_AT_GNU_all_call_sites
	.long	.Linfo_string49                 @ DW_AT_name
	.byte	5                               @ DW_AT_decl_file
	.short	426                             @ DW_AT_decl_line
                                        @ DW_AT_prototyped
                                        @ DW_AT_external
	.byte	12                              @ Abbrev [12] 0x385:0x10 DW_TAG_formal_parameter
	.long	.Ldebug_loc23                   @ DW_AT_location
	.long	.Linfo_string69                 @ DW_AT_name
	.byte	5                               @ DW_AT_decl_file
	.short	426                             @ DW_AT_decl_line
	.long	1255                            @ DW_AT_type
	.byte	12                              @ Abbrev [12] 0x395:0x10 DW_TAG_formal_parameter
	.long	.Ldebug_loc24                   @ DW_AT_location
	.long	.Linfo_string74                 @ DW_AT_name
	.byte	5                               @ DW_AT_decl_file
	.short	426                             @ DW_AT_decl_line
	.long	1316                            @ DW_AT_type
	.byte	14                              @ Abbrev [14] 0x3a5:0x10 DW_TAG_variable
	.long	.Ldebug_loc25                   @ DW_AT_location
	.long	.Linfo_string83                 @ DW_AT_name
	.byte	5                               @ DW_AT_decl_file
	.short	428                             @ DW_AT_decl_line
	.long	361                             @ DW_AT_type
	.byte	0                               @ End Of Children Mark
	.byte	11                              @ Abbrev [11] 0x3b6:0x43 DW_TAG_subprogram
	.long	.Lfunc_begin8                   @ DW_AT_low_pc
	.long	.Lfunc_end8-.Lfunc_begin8       @ DW_AT_high_pc
	.byte	1                               @ DW_AT_frame_base
	.byte	93
                                        @ DW_AT_GNU_all_call_sites
	.long	.Linfo_string50                 @ DW_AT_name
	.byte	5                               @ DW_AT_decl_file
	.short	452                             @ DW_AT_decl_line
                                        @ DW_AT_prototyped
                                        @ DW_AT_external
	.byte	12                              @ Abbrev [12] 0x3c8:0x10 DW_TAG_formal_parameter
	.long	.Ldebug_loc26                   @ DW_AT_location
	.long	.Linfo_string69                 @ DW_AT_name
	.byte	5                               @ DW_AT_decl_file
	.short	452                             @ DW_AT_decl_line
	.long	1255                            @ DW_AT_type
	.byte	12                              @ Abbrev [12] 0x3d8:0x10 DW_TAG_formal_parameter
	.long	.Ldebug_loc27                   @ DW_AT_location
	.long	.Linfo_string74                 @ DW_AT_name
	.byte	5                               @ DW_AT_decl_file
	.short	452                             @ DW_AT_decl_line
	.long	1327                            @ DW_AT_type
	.byte	12                              @ Abbrev [12] 0x3e8:0x10 DW_TAG_formal_parameter
	.long	.Ldebug_loc28                   @ DW_AT_location
	.long	.Linfo_string85                 @ DW_AT_name
	.byte	5                               @ DW_AT_decl_file
	.short	452                             @ DW_AT_decl_line
	.long	1311                            @ DW_AT_type
	.byte	0                               @ End Of Children Mark
	.byte	11                              @ Abbrev [11] 0x3f9:0x23 DW_TAG_subprogram
	.long	.Lfunc_begin9                   @ DW_AT_low_pc
	.long	.Lfunc_end9-.Lfunc_begin9       @ DW_AT_high_pc
	.byte	1                               @ DW_AT_frame_base
	.byte	93
                                        @ DW_AT_GNU_all_call_sites
	.long	.Linfo_string51                 @ DW_AT_name
	.byte	5                               @ DW_AT_decl_file
	.short	471                             @ DW_AT_decl_line
                                        @ DW_AT_prototyped
                                        @ DW_AT_external
	.byte	12                              @ Abbrev [12] 0x40b:0x10 DW_TAG_formal_parameter
	.long	.Ldebug_loc29                   @ DW_AT_location
	.long	.Linfo_string69                 @ DW_AT_name
	.byte	5                               @ DW_AT_decl_file
	.short	471                             @ DW_AT_decl_line
	.long	1255                            @ DW_AT_type
	.byte	0                               @ End Of Children Mark
	.byte	4                               @ Abbrev [4] 0x41c:0x7 DW_TAG_base_type
	.long	.Linfo_string48                 @ DW_AT_name
	.byte	2                               @ DW_AT_encoding
	.byte	1                               @ DW_AT_byte_size
	.byte	5                               @ Abbrev [5] 0x423:0xb DW_TAG_typedef
	.long	1070                            @ DW_AT_type
	.long	.Linfo_string68                 @ DW_AT_name
	.byte	3                               @ DW_AT_decl_file
	.byte	120                             @ DW_AT_decl_line
	.byte	15                              @ Abbrev [15] 0x42e:0x35 DW_TAG_structure_type
	.byte	20                              @ DW_AT_byte_size
	.byte	3                               @ DW_AT_decl_file
	.byte	114                             @ DW_AT_decl_line
	.byte	16                              @ Abbrev [16] 0x432:0xc DW_TAG_member
	.long	.Linfo_string53                 @ DW_AT_name
	.long	1123                            @ DW_AT_type
	.byte	3                               @ DW_AT_decl_file
	.byte	116                             @ DW_AT_decl_line
	.byte	0                               @ DW_AT_data_member_location
	.byte	16                              @ Abbrev [16] 0x43e:0xc DW_TAG_member
	.long	.Linfo_string58                 @ DW_AT_name
	.long	1174                            @ DW_AT_type
	.byte	3                               @ DW_AT_decl_file
	.byte	117                             @ DW_AT_decl_line
	.byte	4                               @ DW_AT_data_member_location
	.byte	16                              @ Abbrev [16] 0x44a:0xc DW_TAG_member
	.long	.Linfo_string65                 @ DW_AT_name
	.long	1244                            @ DW_AT_type
	.byte	3                               @ DW_AT_decl_file
	.byte	118                             @ DW_AT_decl_line
	.byte	12                              @ DW_AT_data_member_location
	.byte	16                              @ Abbrev [16] 0x456:0xc DW_TAG_member
	.long	.Linfo_string67                 @ DW_AT_name
	.long	1226                            @ DW_AT_type
	.byte	3                               @ DW_AT_decl_file
	.byte	119                             @ DW_AT_decl_line
	.byte	16                              @ DW_AT_data_member_location
	.byte	0                               @ End Of Children Mark
	.byte	5                               @ Abbrev [5] 0x463:0xb DW_TAG_typedef
	.long	1134                            @ DW_AT_type
	.long	.Linfo_string57                 @ DW_AT_name
	.byte	2                               @ DW_AT_decl_file
	.byte	175                             @ DW_AT_decl_line
	.byte	15                              @ Abbrev [15] 0x46e:0x1d DW_TAG_structure_type
	.byte	2                               @ DW_AT_byte_size
	.byte	2                               @ DW_AT_decl_file
	.byte	171                             @ DW_AT_decl_line
	.byte	16                              @ Abbrev [16] 0x472:0xc DW_TAG_member
	.long	.Linfo_string54                 @ DW_AT_name
	.long	1163                            @ DW_AT_type
	.byte	2                               @ DW_AT_decl_file
	.byte	173                             @ DW_AT_decl_line
	.byte	0                               @ DW_AT_data_member_location
	.byte	16                              @ Abbrev [16] 0x47e:0xc DW_TAG_member
	.long	.Linfo_string56                 @ DW_AT_name
	.long	350                             @ DW_AT_type
	.byte	2                               @ DW_AT_decl_file
	.byte	174                             @ DW_AT_decl_line
	.byte	1                               @ DW_AT_data_member_location
	.byte	0                               @ End Of Children Mark
	.byte	5                               @ Abbrev [5] 0x48b:0xb DW_TAG_typedef
	.long	99                              @ DW_AT_type
	.long	.Linfo_string55                 @ DW_AT_name
	.byte	2                               @ DW_AT_decl_file
	.byte	135                             @ DW_AT_decl_line
	.byte	5                               @ Abbrev [5] 0x496:0xb DW_TAG_typedef
	.long	1185                            @ DW_AT_type
	.long	.Linfo_string64                 @ DW_AT_name
	.byte	2                               @ DW_AT_decl_file
	.byte	185                             @ DW_AT_decl_line
	.byte	15                              @ Abbrev [15] 0x4a1:0x29 DW_TAG_structure_type
	.byte	8                               @ DW_AT_byte_size
	.byte	2                               @ DW_AT_decl_file
	.byte	180                             @ DW_AT_decl_line
	.byte	16                              @ Abbrev [16] 0x4a5:0xc DW_TAG_member
	.long	.Linfo_string59                 @ DW_AT_name
	.long	1226                            @ DW_AT_type
	.byte	2                               @ DW_AT_decl_file
	.byte	182                             @ DW_AT_decl_line
	.byte	0                               @ DW_AT_data_member_location
	.byte	16                              @ Abbrev [16] 0x4b1:0xc DW_TAG_member
	.long	.Linfo_string62                 @ DW_AT_name
	.long	350                             @ DW_AT_type
	.byte	2                               @ DW_AT_decl_file
	.byte	183                             @ DW_AT_decl_line
	.byte	4                               @ DW_AT_data_member_location
	.byte	16                              @ Abbrev [16] 0x4bd:0xc DW_TAG_member
	.long	.Linfo_string63                 @ DW_AT_name
	.long	1052                            @ DW_AT_type
	.byte	2                               @ DW_AT_decl_file
	.byte	184                             @ DW_AT_decl_line
	.byte	5                               @ DW_AT_data_member_location
	.byte	0                               @ End Of Children Mark
	.byte	5                               @ Abbrev [5] 0x4ca:0xb DW_TAG_typedef
	.long	1237                            @ DW_AT_type
	.long	.Linfo_string61                 @ DW_AT_name
	.byte	4                               @ DW_AT_decl_file
	.byte	64                              @ DW_AT_decl_line
	.byte	4                               @ Abbrev [4] 0x4d5:0x7 DW_TAG_base_type
	.long	.Linfo_string60                 @ DW_AT_name
	.byte	7                               @ DW_AT_encoding
	.byte	4                               @ DW_AT_byte_size
	.byte	5                               @ Abbrev [5] 0x4dc:0xb DW_TAG_typedef
	.long	126                             @ DW_AT_type
	.long	.Linfo_string66                 @ DW_AT_name
	.byte	3                               @ DW_AT_decl_file
	.byte	90                              @ DW_AT_decl_line
	.byte	5                               @ Abbrev [5] 0x4e7:0xb DW_TAG_typedef
	.long	38                              @ DW_AT_type
	.long	.Linfo_string70                 @ DW_AT_name
	.byte	1                               @ DW_AT_decl_file
	.byte	86                              @ DW_AT_decl_line
	.byte	5                               @ Abbrev [5] 0x4f2:0xb DW_TAG_typedef
	.long	72                              @ DW_AT_type
	.long	.Linfo_string71                 @ DW_AT_name
	.byte	1                               @ DW_AT_decl_file
	.byte	96                              @ DW_AT_decl_line
	.byte	5                               @ Abbrev [5] 0x4fd:0xb DW_TAG_typedef
	.long	1288                            @ DW_AT_type
	.long	.Linfo_string73                 @ DW_AT_name
	.byte	2                               @ DW_AT_decl_file
	.byte	166                             @ DW_AT_decl_line
	.byte	17                              @ Abbrev [17] 0x508:0x5 DW_TAG_pointer_type
	.long	1293                            @ DW_AT_type
	.byte	18                              @ Abbrev [18] 0x50d:0x7 DW_TAG_subroutine_type
                                        @ DW_AT_prototyped
	.byte	19                              @ Abbrev [19] 0x50e:0x5 DW_TAG_formal_parameter
	.long	1226                            @ DW_AT_type
	.byte	0                               @ End Of Children Mark
	.byte	5                               @ Abbrev [5] 0x514:0xb DW_TAG_typedef
	.long	231                             @ DW_AT_type
	.long	.Linfo_string75                 @ DW_AT_name
	.byte	1                               @ DW_AT_decl_file
	.byte	105                             @ DW_AT_decl_line
	.byte	17                              @ Abbrev [17] 0x51f:0x5 DW_TAG_pointer_type
	.long	350                             @ DW_AT_type
	.byte	5                               @ Abbrev [5] 0x524:0xb DW_TAG_typedef
	.long	252                             @ DW_AT_type
	.long	.Linfo_string82                 @ DW_AT_name
	.byte	1                               @ DW_AT_decl_file
	.byte	115                             @ DW_AT_decl_line
	.byte	5                               @ Abbrev [5] 0x52f:0xb DW_TAG_typedef
	.long	318                             @ DW_AT_type
	.long	.Linfo_string84                 @ DW_AT_name
	.byte	1                               @ DW_AT_decl_file
	.byte	124                             @ DW_AT_decl_line
	.byte	0                               @ End Of Children Mark
.Ldebug_info_end0:
	.section	.debug_ranges,"",%progbits
.Ldebug_ranges0:
	.long	.Lfunc_begin0
	.long	.Lfunc_end0
	.long	.Lfunc_begin1
	.long	.Lfunc_end1
	.long	.Lfunc_begin2
	.long	.Lfunc_end2
	.long	.Lfunc_begin3
	.long	.Lfunc_end3
	.long	.Lfunc_begin4
	.long	.Lfunc_end4
	.long	.Lfunc_begin5
	.long	.Lfunc_end5
	.long	.Lfunc_begin6
	.long	.Lfunc_end6
	.long	.Lfunc_begin7
	.long	.Lfunc_end7
	.long	.Lfunc_begin8
	.long	.Lfunc_end8
	.long	.Lfunc_begin9
	.long	.Lfunc_end9
	.long	0
	.long	0
	.section	.debug_str,"MS",%progbits,1
.Linfo_string0:
	.asciz	"Component: Arm Compiler for Embedded 6.21 Tool: armclang [5ec1fd00]" @ string offset=0
.Linfo_string1:
	.asciz	"../08_TCPL04B_PAL\\pal_lin_comm.c" @ string offset=68
.Linfo_string2:
	.asciz	"C:\\baidunetdiskdownload\\\346\263\260\347\237\275\345\276\256\\\346\260\233\345\233\264\347\201\257\\TCPL0X_AUTO_SDK_V2.0.0\\TCPL0X_AUTO_SDK_V2.0.0\\examples\\tcpl04x\\demo_apps\\tcpl04b_swsc_lean\\MDK" @ string offset=101
.Linfo_string3:
	.asciz	"unsigned char"                 @ string offset=240
.Linfo_string4:
	.asciz	"LIN_BUS_0"                     @ string offset=254
.Linfo_string5:
	.asciz	"LIN_BUS_1"                     @ string offset=264
.Linfo_string6:
	.asciz	"LIN_BUS_MAX"                   @ string offset=274
.Linfo_string7:
	.asciz	"LIN_MODE_SLV"                  @ string offset=286
.Linfo_string8:
	.asciz	"LIN_MODE_MASTER"               @ string offset=299
.Linfo_string9:
	.asciz	"LIN_MODE_MAX"                  @ string offset=315
.Linfo_string10:
	.asciz	"FCLK_SRC_HSI"                  @ string offset=328
.Linfo_string11:
	.asciz	"FCLK_SRC_LSI"                  @ string offset=341
.Linfo_string12:
	.asciz	"FCLK_SRC_MAX"                  @ string offset=354
.Linfo_string13:
	.asciz	"SCI_MODE_LIN_S"                @ string offset=367
.Linfo_string14:
	.asciz	"SCI_MODE_LIN_M"                @ string offset=382
.Linfo_string15:
	.asciz	"SCI_MODE_UART"                 @ string offset=397
.Linfo_string16:
	.asciz	"SCI_MODE_MAX"                  @ string offset=411
.Linfo_string17:
	.asciz	"LL_SCI_BUS_0"                  @ string offset=424
.Linfo_string18:
	.asciz	"LL_SCI_BUS_1"                  @ string offset=437
.Linfo_string19:
	.asciz	"LL_SCI_BUS_MAX"                @ string offset=450
.Linfo_string20:
	.asciz	"LL_OK"                         @ string offset=465
.Linfo_string21:
	.asciz	"LL_ERROR"                      @ string offset=471
.Linfo_string22:
	.asciz	"LL_BUSY"                       @ string offset=480
.Linfo_string23:
	.asciz	"LL_TIMEOUT"                    @ string offset=488
.Linfo_string24:
	.asciz	"LL_COMM_ERROR"                 @ string offset=499
.Linfo_string25:
	.asciz	"LL_PARAM_INVALID"              @ string offset=513
.Linfo_string26:
	.asciz	"LIN_PARITY_MAKE"               @ string offset=530
.Linfo_string27:
	.asciz	"LIN_PARITY_CHECK"              @ string offset=546
.Linfo_string28:
	.asciz	"LIN_ABORT_TYPE_NULL"           @ string offset=563
.Linfo_string29:
	.asciz	"LIN_ABORT_TYPE_TX"             @ string offset=583
.Linfo_string30:
	.asciz	"LIN_ABORT_TYPE_RX"             @ string offset=601
.Linfo_string31:
	.asciz	"SCI_CLEAR_NULL"                @ string offset=619
.Linfo_string32:
	.asciz	"SCI_CLEAR_TX_FIFO"             @ string offset=634
.Linfo_string33:
	.asciz	"SCI_CLEAR_RX_FIFO"             @ string offset=652
.Linfo_string34:
	.asciz	"SCI_CLEAR_TX_ABORT"            @ string offset=670
.Linfo_string35:
	.asciz	"SCI_CLEAR_RX_ABORT"            @ string offset=689
.Linfo_string36:
	.asciz	"LIN_READ_TYPE_PID"             @ string offset=708
.Linfo_string37:
	.asciz	"LIN_READ_TYPE_FIFO"            @ string offset=726
.Linfo_string38:
	.asciz	"ll_sci_bus_e"                  @ string offset=745
.Linfo_string39:
	.asciz	"uint8_t"                       @ string offset=758
.Linfo_string40:
	.asciz	"ll_sci_clear_type_e"           @ string offset=766
.Linfo_string41:
	.asciz	"pal_lin_init"                  @ string offset=786
.Linfo_string42:
	.asciz	"pal_lin_deinit"                @ string offset=799
.Linfo_string43:
	.asciz	"pal_lin_parity_calib"          @ string offset=814
.Linfo_string44:
	.asciz	"pal_lin_checksum_calib"        @ string offset=835
.Linfo_string45:
	.asciz	"pal_lin_rx_response"           @ string offset=858
.Linfo_string46:
	.asciz	"pal_lin_tx_4byte"              @ string offset=878
.Linfo_string47:
	.asciz	"pal_lin_tx_response"           @ string offset=895
.Linfo_string48:
	.asciz	"_Bool"                         @ string offset=915
.Linfo_string49:
	.asciz	"pal_lin_abort_handle"          @ string offset=921
.Linfo_string50:
	.asciz	"pal_lin_read_byte"             @ string offset=942
.Linfo_string51:
	.asciz	"pal_lin_autobaudrate_check"    @ string offset=960
.Linfo_string52:
	.asciz	"config"                        @ string offset=987
.Linfo_string53:
	.asciz	"clk_cfg"                       @ string offset=994
.Linfo_string54:
	.asciz	"clk_source"                    @ string offset=1002
.Linfo_string55:
	.asciz	"fclk_src_e"                    @ string offset=1013
.Linfo_string56:
	.asciz	"fclk_div"                      @ string offset=1024
.Linfo_string57:
	.asciz	"ll_clk_config_t"               @ string offset=1033
.Linfo_string58:
	.asciz	"isr_cfg"                       @ string offset=1049
.Linfo_string59:
	.asciz	"isr"                           @ string offset=1057
.Linfo_string60:
	.asciz	"unsigned int"                  @ string offset=1061
.Linfo_string61:
	.asciz	"uint32_t"                      @ string offset=1074
.Linfo_string62:
	.asciz	"priority"                      @ string offset=1083
.Linfo_string63:
	.asciz	"isr_enable"                    @ string offset=1092
.Linfo_string64:
	.asciz	"ll_isr_config_t"               @ string offset=1103
.Linfo_string65:
	.asciz	"mode"                          @ string offset=1119
.Linfo_string66:
	.asciz	"ll_sci_mode_e"                 @ string offset=1124
.Linfo_string67:
	.asciz	"baudrate"                      @ string offset=1138
.Linfo_string68:
	.asciz	"sci_config_t"                  @ string offset=1147
.Linfo_string69:
	.asciz	"bus"                           @ string offset=1160
.Linfo_string70:
	.asciz	"lin_bus_e"                     @ string offset=1164
.Linfo_string71:
	.asciz	"lin_mode_e"                    @ string offset=1174
.Linfo_string72:
	.asciz	"callback"                      @ string offset=1185
.Linfo_string73:
	.asciz	"ISR_FUNC_CALLBACK"             @ string offset=1194
.Linfo_string74:
	.asciz	"type"                          @ string offset=1212
.Linfo_string75:
	.asciz	"lin_parity_type_e"             @ string offset=1217
.Linfo_string76:
	.asciz	"pid"                           @ string offset=1235
.Linfo_string77:
	.asciz	"parity"                        @ string offset=1239
.Linfo_string78:
	.asciz	"ret"                           @ string offset=1246
.Linfo_string79:
	.asciz	"buffer"                        @ string offset=1250
.Linfo_string80:
	.asciz	"init_sum"                      @ string offset=1257
.Linfo_string81:
	.asciz	"msg_length"                    @ string offset=1266
.Linfo_string82:
	.asciz	"lin_abort_type_e"              @ string offset=1277
.Linfo_string83:
	.asciz	"clear_type"                    @ string offset=1294
.Linfo_string84:
	.asciz	"lin_read_type_e"               @ string offset=1305
.Linfo_string85:
	.asciz	"byte"                          @ string offset=1321
	.ident	"Component: Arm Compiler for Embedded 6.21 Tool: armclang [5ec1fd00]"
	.section	".note.GNU-stack","",%progbits
	.eabi_attribute	30, 4	@ Tag_ABI_optimization_goals
	.ARM_attribute	16, 1	@ Tag_AV_eba
	.section	.debug_line,"",%progbits
.Lline_table_start0:
