	.text
	.syntax unified
	.eabi_attribute	67, "2.09"	@ Tag_conformance
	.cpu	cortex-m0
	.eabi_attribute	6, 12	@ Tag_CPU_arch
	.eabi_attribute	7, 77	@ Tag_CPU_arch_profile
	.eabi_attribute	8, 0	@ Tag_ARM_ISA_use
	.eabi_attribute	9, 1	@ Tag_THUMB_ISA_use
	.eabi_attribute	34, 0	@ Tag_CPU_unaligned_access
	.eabi_attribute	17, 1	@ Tag_ABI_PCS_GOT_use
	.eabi_attribute	20, 2	@ Tag_ABI_FP_denormal
	.eabi_attribute	21, 0	@ Tag_ABI_FP_exceptions
	.eabi_attribute	23, 1	@ Tag_ABI_FP_number_model
	.eabi_attribute	24, 1	@ Tag_ABI_align_needed
	.eabi_attribute	25, 1	@ Tag_ABI_align_preserved
	.eabi_attribute	38, 1	@ Tag_ABI_FP_16bit_format
	.eabi_attribute	18, 2	@ Tag_ABI_PCS_wchar_t
	.eabi_attribute	26, 1	@ Tag_ABI_enum_size
	.eabi_attribute	14, 0	@ Tag_ABI_PCS_R9_use
	.file	"tcpl04x_ll_gpio.c"
	.file	1 "C:\\Keil_v5\\ARM\\ARMCLANG\\Bin\\..\\include" "stdint.h"
	.file	2 "C:\\baidunetdiskdownload\\\346\263\260\347\237\275\345\276\256\\\346\260\233\345\233\264\347\201\257\\TCPL0X_AUTO_SDK_V2.0.0\\TCPL0X_AUTO_SDK_V2.0.0\\examples\\tcpl04x\\demo_apps\\tcpl04b_swsc_lean\\MDK" "../07_TCPL04B_MCAL/tcpl04x_ll_def.h"
	.file	3 "C:\\baidunetdiskdownload\\\346\263\260\347\237\275\345\276\256\\\346\260\233\345\233\264\347\201\257\\TCPL0X_AUTO_SDK_V2.0.0\\TCPL0X_AUTO_SDK_V2.0.0\\examples\\tcpl04x\\demo_apps\\tcpl04b_swsc_lean\\MDK" "../07_TCPL04B_MCAL/tcpl04x_ll_gpio.c"
	.file	4 "C:\\baidunetdiskdownload\\\346\263\260\347\237\275\345\276\256\\\346\260\233\345\233\264\347\201\257\\TCPL0X_AUTO_SDK_V2.0.0\\TCPL0X_AUTO_SDK_V2.0.0\\examples\\tcpl04x\\demo_apps\\tcpl04b_swsc_lean\\MDK" "../07_TCPL04B_MCAL/tcpl04x_ll_gpio.h"
	.file	5 "C:\\baidunetdiskdownload\\\346\263\260\347\237\275\345\276\256\\\346\260\233\345\233\264\347\201\257\\TCPL0X_AUTO_SDK_V2.0.0\\TCPL0X_AUTO_SDK_V2.0.0\\examples\\tcpl04x\\demo_apps\\tcpl04b_swsc_lean\\MDK" "../06_TCPL04B_Device/tcpl04x.h"
	.file	6 "C:\\baidunetdiskdownload\\\346\263\260\347\237\275\345\276\256\\\346\260\233\345\233\264\347\201\257\\TCPL0X_AUTO_SDK_V2.0.0\\TCPL0X_AUTO_SDK_V2.0.0\\examples\\tcpl04x\\demo_apps\\tcpl04b_swsc_lean\\MDK" "../06_TCPL04B_Device/crg_reg_def.h"
	.file	7 "C:\\baidunetdiskdownload\\\346\263\260\347\237\275\345\276\256\\\346\260\233\345\233\264\347\201\257\\TCPL0X_AUTO_SDK_V2.0.0\\TCPL0X_AUTO_SDK_V2.0.0\\examples\\tcpl04x\\demo_apps\\tcpl04b_swsc_lean\\MDK" "../06_TCPL04B_Device/gpio_reg_def.h"
	.file	8 "C:\\baidunetdiskdownload\\\346\263\260\347\237\275\345\276\256\\\346\260\233\345\233\264\347\201\257\\TCPL0X_AUTO_SDK_V2.0.0\\TCPL0X_AUTO_SDK_V2.0.0\\examples\\tcpl04x\\demo_apps\\tcpl04b_swsc_lean\\MDK" "../06_TCPL04B_Device/test_reg_def.h"
	.file	9 "C:\\baidunetdiskdownload\\\346\263\260\347\237\275\345\276\256\\\346\260\233\345\233\264\347\201\257\\TCPL0X_AUTO_SDK_V2.0.0\\TCPL0X_AUTO_SDK_V2.0.0\\examples\\tcpl04x\\demo_apps\\tcpl04b_swsc_lean\\MDK" "../06_TCPL04B_Device/asyscfg_reg_def.h"
	.file	10 "C:\\baidunetdiskdownload\\\346\263\260\347\237\275\345\276\256\\\346\260\233\345\233\264\347\201\257\\TCPL0X_AUTO_SDK_V2.0.0\\TCPL0X_AUTO_SDK_V2.0.0\\examples\\tcpl04x\\demo_apps\\tcpl04b_swsc_lean\\MDK" "../06_TCPL04B_Device/core_cm0.h"
	.section	.text.ll_gpio_deinit,"ax",%progbits
	.hidden	ll_gpio_deinit                  @ -- Begin function ll_gpio_deinit
	.globl	ll_gpio_deinit
	.p2align	2
	.type	ll_gpio_deinit,%function
	.code	16                              @ @ll_gpio_deinit
	.thumb_func
ll_gpio_deinit:
.Lfunc_begin0:
	.loc	3 92 0                          @ ../07_TCPL04B_MCAL/tcpl04x_ll_gpio.c:92:0
	.fnstart
	.cfi_sections .debug_frame
	.cfi_startproc
@ %bb.0:
	ldr	r0, __arm_cp.0_0
	ldr	r1, __arm_cp.0_1
.Ltmp0:
	.loc	3 93 5 prologue_end             @ ../07_TCPL04B_MCAL/tcpl04x_ll_gpio.c:93:5
	str	r1, [r0]
	ldr	r1, __arm_cp.0_2
	.loc	3 95 38                         @ ../07_TCPL04B_MCAL/tcpl04x_ll_gpio.c:95:38
	ldr	r2, [r1]
	movs	r3, #1
	orrs	r2, r3
	str	r2, [r1]
	.loc	3 96 5                          @ ../07_TCPL04B_MCAL/tcpl04x_ll_gpio.c:96:5
	nop
	.loc	3 97 5                          @ ../07_TCPL04B_MCAL/tcpl04x_ll_gpio.c:97:5
	nop
	.loc	3 98 38                         @ ../07_TCPL04B_MCAL/tcpl04x_ll_gpio.c:98:38
	ldr	r2, [r1]
	bics	r2, r3
	str	r2, [r1]
	.loc	3 99 5                          @ ../07_TCPL04B_MCAL/tcpl04x_ll_gpio.c:99:5
	nop
	.loc	3 100 5                         @ ../07_TCPL04B_MCAL/tcpl04x_ll_gpio.c:100:5
	nop
	ldr	r1, __arm_cp.0_3
	.loc	3 102 5                         @ ../07_TCPL04B_MCAL/tcpl04x_ll_gpio.c:102:5
	str	r1, [r0]
	.loc	3 103 1                         @ ../07_TCPL04B_MCAL/tcpl04x_ll_gpio.c:103:1
	bx	lr
.Ltmp1:
	.p2align	2
@ %bb.1:
	.loc	3 0 1 is_stmt 0                 @ ../07_TCPL04B_MCAL/tcpl04x_ll_gpio.c:0:1
__arm_cp.0_0:
	.long	1073746172                      @ 0x400010fc
.Lcpi_end0:
	.size	__arm_cp.0_0, .Lcpi_end0-__arm_cp.0_0
__arm_cp.0_1:
	.long	1515870810                      @ 0x5a5a5a5a
.Lcpi_end1:
	.size	__arm_cp.0_1, .Lcpi_end1-__arm_cp.0_1
__arm_cp.0_2:
	.long	1073745956                      @ 0x40001024
.Lcpi_end2:
	.size	__arm_cp.0_2, .Lcpi_end2-__arm_cp.0_2
__arm_cp.0_3:
	.long	305419896                       @ 0x12345678
.Lcpi_end3:
	.size	__arm_cp.0_3, .Lcpi_end3-__arm_cp.0_3
.Lfunc_end0:
	.size	ll_gpio_deinit, .Lfunc_end0-ll_gpio_deinit
	.cfi_endproc
	.cantunwind
	.fnend
                                        @ -- End function
	.section	.text.ll_gpio_init,"ax",%progbits
	.hidden	ll_gpio_init                    @ -- Begin function ll_gpio_init
	.globl	ll_gpio_init
	.p2align	2
	.type	ll_gpio_init,%function
	.code	16                              @ @ll_gpio_init
	.thumb_func
ll_gpio_init:
.Lfunc_begin1:
	.loc	3 114 0 is_stmt 1               @ ../07_TCPL04B_MCAL/tcpl04x_ll_gpio.c:114:0
	.fnstart
	.cfi_startproc
@ %bb.0:
	@DEBUG_VALUE: ll_gpio_init:config <- $r0
	@DEBUG_VALUE: ll_gpio_init:callback <- $r1
	.save	{r4, r5, r6, r7, lr}
	.pad	#4
	push	{r3, r4, r5, r6, r7, lr}
	.cfi_def_cfa_offset 24
	.cfi_offset lr, -4
	.cfi_offset r7, -8
	.cfi_offset r6, -12
	.cfi_offset r5, -16
	.cfi_offset r4, -20
	mov	r5, r0
.Ltmp2:
	@DEBUG_VALUE: ll_gpio_init:reg_val <- 0
	@DEBUG_VALUE: ll_gpio_init:config <- $r5
	.loc	3 116 29 prologue_end           @ ../07_TCPL04B_MCAL/tcpl04x_ll_gpio.c:116:29
	ldrb	r6, [r0]
	ldr	r2, __arm_cp.1_0
	ldr	r0, __arm_cp.1_1
.Ltmp3:
	.loc	3 34 5                          @ ../07_TCPL04B_MCAL/tcpl04x_ll_gpio.c:34:5
	str	r0, [r2]
	ldr	r3, __arm_cp.1_2
	.loc	3 36 42                         @ ../07_TCPL04B_MCAL/tcpl04x_ll_gpio.c:36:42
	ldr	r0, [r3]
	movs	r4, #4
	orrs	r4, r0
	str	r4, [r3]
	.loc	3 37 42                         @ ../07_TCPL04B_MCAL/tcpl04x_ll_gpio.c:37:42
	ldr	r4, [r3]
	movs	r0, #2
	orrs	r4, r0
	str	r4, [r3]
	.loc	3 38 46                         @ ../07_TCPL04B_MCAL/tcpl04x_ll_gpio.c:38:46
	ldr	r4, [r3, #4]
	orrs	r4, r0
	str	r4, [r3, #4]
	ldr	r3, __arm_cp.1_3
	.loc	3 40 5                          @ ../07_TCPL04B_MCAL/tcpl04x_ll_gpio.c:40:5
	str	r3, [r2]
	ldr	r7, __arm_cp.1_4
.Ltmp4:
	.loc	3 116 20                        @ ../07_TCPL04B_MCAL/tcpl04x_ll_gpio.c:116:20
	cmp	r6, #6
	bhs	.LBB1_2
.Ltmp5:
@ %bb.1:
	@DEBUG_VALUE: ll_gpio_init:config <- $r5
	@DEBUG_VALUE: ll_gpio_init:reg_val <- 0
	@DEBUG_VALUE: ll_gpio_init:callback <- $r1
	.loc	3 0 20 is_stmt 0                @ ../07_TCPL04B_MCAL/tcpl04x_ll_gpio.c:0:20
	adds	r7, #12
.Ltmp6:
.LBB1_2:
	@DEBUG_VALUE: ll_gpio_init:config <- $r5
	@DEBUG_VALUE: ll_gpio_init:reg_val <- 0
	@DEBUG_VALUE: ll_gpio_init:callback <- $r1
	@DEBUG_VALUE: ll_gpio_init:reg <- $r7
	.loc	3 120 17 is_stmt 1              @ ../07_TCPL04B_MCAL/tcpl04x_ll_gpio.c:120:17
	ldrb	r2, [r5, #1]
	ldr	r6, __arm_cp.1_5
	ldr	r3, __arm_cp.1_6
	ldr	r4, __arm_cp.1_7
	.loc	3 120 41 is_stmt 0              @ ../07_TCPL04B_MCAL/tcpl04x_ll_gpio.c:120:41
	cmp	r2, #2
	blo	.LBB1_5
.Ltmp7:
@ %bb.3:
	@DEBUG_VALUE: ll_gpio_init:reg <- $r7
	@DEBUG_VALUE: ll_gpio_init:config <- $r5
	@DEBUG_VALUE: ll_gpio_init:reg_val <- 0
	@DEBUG_VALUE: ll_gpio_init:callback <- $r1
	subs	r2, r2, #2
	cmp	r2, #1
	bhi	.LBB1_6
.Ltmp8:
@ %bb.4:
	@DEBUG_VALUE: ll_gpio_init:reg <- $r7
	@DEBUG_VALUE: ll_gpio_init:config <- $r5
	@DEBUG_VALUE: ll_gpio_init:reg_val <- 0
	@DEBUG_VALUE: ll_gpio_init:callback <- $r1
	.loc	3 122 53 is_stmt 1              @ ../07_TCPL04B_MCAL/tcpl04x_ll_gpio.c:122:53
	ldrb	r6, [r5]
	.loc	3 122 37 is_stmt 0              @ ../07_TCPL04B_MCAL/tcpl04x_ll_gpio.c:122:37
	ldr	r2, [r3, #4]
	ldr	r3, [r3, #4]
	ands	r3, r4
	movs	r4, #1
	.loc	3 122 42                        @ ../07_TCPL04B_MCAL/tcpl04x_ll_gpio.c:122:42
	lsls	r4, r6
	ldr	r6, __arm_cp.1_5
	.loc	3 122 37                        @ ../07_TCPL04B_MCAL/tcpl04x_ll_gpio.c:122:37
	orrs	r4, r2
	ands	r4, r6
	orrs	r4, r3
	ldr	r2, __arm_cp.1_6
	str	r4, [r2, #4]
	b	.LBB1_6
.Ltmp9:
.LBB1_5:
	@DEBUG_VALUE: ll_gpio_init:reg <- $r7
	@DEBUG_VALUE: ll_gpio_init:config <- $r5
	@DEBUG_VALUE: ll_gpio_init:reg_val <- 0
	@DEBUG_VALUE: ll_gpio_init:callback <- $r1
	.loc	3 126 53 is_stmt 1              @ ../07_TCPL04B_MCAL/tcpl04x_ll_gpio.c:126:53
	ldrb	r6, [r5]
	.loc	3 126 37 is_stmt 0              @ ../07_TCPL04B_MCAL/tcpl04x_ll_gpio.c:126:37
	ldr	r2, [r3]
	ldr	r3, [r3]
	ands	r3, r4
	movs	r4, #1
	.loc	3 126 42                        @ ../07_TCPL04B_MCAL/tcpl04x_ll_gpio.c:126:42
	lsls	r4, r6
	ldr	r6, __arm_cp.1_5
	.loc	3 126 37                        @ ../07_TCPL04B_MCAL/tcpl04x_ll_gpio.c:126:37
	orrs	r4, r2
	ands	r4, r6
	orrs	r4, r3
	ldr	r2, __arm_cp.1_6
	str	r4, [r2]
.Ltmp10:
.LBB1_6:
	@DEBUG_VALUE: ll_gpio_init:reg <- $r7
	@DEBUG_VALUE: ll_gpio_init:config <- $r5
	@DEBUG_VALUE: ll_gpio_init:reg_val <- 0
	@DEBUG_VALUE: ll_gpio_init:callback <- $r1
	.loc	3 129 15 is_stmt 1              @ ../07_TCPL04B_MCAL/tcpl04x_ll_gpio.c:129:15
	ldrb	r2, [r5, #4]
	movs	r3, #7
	ands	r3, r2
.Ltmp11:
	@DEBUG_VALUE: ll_gpio_init:reg_val <- $r3
	.loc	3 131 17                        @ ../07_TCPL04B_MCAL/tcpl04x_ll_gpio.c:131:17
	ldrb	r2, [r5, #2]
.Ltmp12:
	.loc	3 131 9 is_stmt 0               @ ../07_TCPL04B_MCAL/tcpl04x_ll_gpio.c:131:9
	cmp	r2, #1
	beq	.LBB1_9
.Ltmp13:
@ %bb.7:
	@DEBUG_VALUE: ll_gpio_init:reg_val <- $r3
	@DEBUG_VALUE: ll_gpio_init:reg <- $r7
	@DEBUG_VALUE: ll_gpio_init:config <- $r5
	@DEBUG_VALUE: ll_gpio_init:callback <- $r1
	cmp	r2, #2
	bne	.LBB1_10
.Ltmp14:
@ %bb.8:
	@DEBUG_VALUE: ll_gpio_init:reg_val <- $r3
	@DEBUG_VALUE: ll_gpio_init:reg <- $r7
	@DEBUG_VALUE: ll_gpio_init:config <- $r5
	@DEBUG_VALUE: ll_gpio_init:callback <- $r1
	.loc	3 133 17 is_stmt 1              @ ../07_TCPL04B_MCAL/tcpl04x_ll_gpio.c:133:17
	adds	r3, #64
.Ltmp15:
	@DEBUG_VALUE: ll_gpio_init:reg_val <- $r3
	.loc	3 0 17 is_stmt 0                @ ../07_TCPL04B_MCAL/tcpl04x_ll_gpio.c:0:17
	b	.LBB1_10
.Ltmp16:
.LBB1_9:
	@DEBUG_VALUE: ll_gpio_init:reg_val <- $r3
	@DEBUG_VALUE: ll_gpio_init:reg <- $r7
	@DEBUG_VALUE: ll_gpio_init:config <- $r5
	@DEBUG_VALUE: ll_gpio_init:callback <- $r1
	.loc	3 137 17 is_stmt 1              @ ../07_TCPL04B_MCAL/tcpl04x_ll_gpio.c:137:17
	adds	r3, #32
.Ltmp17:
	@DEBUG_VALUE: ll_gpio_init:reg_val <- $r3
.LBB1_10:
	@DEBUG_VALUE: ll_gpio_init:reg_val <- $r3
	@DEBUG_VALUE: ll_gpio_init:reg <- $r7
	@DEBUG_VALUE: ll_gpio_init:config <- $r5
	@DEBUG_VALUE: ll_gpio_init:callback <- $r1
	@DEBUG_VALUE: ll_gpio_init:reg_val <- $r3
	.loc	3 140 17                        @ ../07_TCPL04B_MCAL/tcpl04x_ll_gpio.c:140:17
	ldrb	r2, [r5, #3]
	lsls	r2, r2, #31
	lsrs	r4, r2, #27
	.loc	3 140 14 is_stmt 0              @ ../07_TCPL04B_MCAL/tcpl04x_ll_gpio.c:140:14
	orrs	r4, r3
.Ltmp18:
	@DEBUG_VALUE: ll_gpio_init:reg_val <- $r4
	.loc	3 143 17 is_stmt 1              @ ../07_TCPL04B_MCAL/tcpl04x_ll_gpio.c:143:17
	ldrb	r2, [r5, #1]
	.loc	3 143 41 is_stmt 0              @ ../07_TCPL04B_MCAL/tcpl04x_ll_gpio.c:143:41
	orrs	r2, r0
	cmp	r2, #3
	str	r1, [sp]                        @ 4-byte Spill
.Ltmp19:
	@DEBUG_VALUE: ll_gpio_init:callback <- [$sp+0]
	bne	.LBB1_12
.Ltmp20:
@ %bb.11:
	@DEBUG_VALUE: ll_gpio_init:callback <- [$sp+0]
	@DEBUG_VALUE: ll_gpio_init:reg_val <- $r4
	@DEBUG_VALUE: ll_gpio_init:reg <- $r7
	@DEBUG_VALUE: ll_gpio_init:config <- $r5
	.loc	3 145 17 is_stmt 1              @ ../07_TCPL04B_MCAL/tcpl04x_ll_gpio.c:145:17
	adds	r0, r6, #1
	orrs	r4, r0
.Ltmp21:
	@DEBUG_VALUE: ll_gpio_init:reg_val <- $r4
.LBB1_12:
	@DEBUG_VALUE: ll_gpio_init:callback <- [$sp+0]
	@DEBUG_VALUE: ll_gpio_init:reg_val <- $r4
	@DEBUG_VALUE: ll_gpio_init:reg <- $r7
	@DEBUG_VALUE: ll_gpio_init:config <- $r5
	@DEBUG_VALUE: ll_gpio_init:reg_val <- $r4
	.loc	3 148 22                        @ ../07_TCPL04B_MCAL/tcpl04x_ll_gpio.c:148:22
	ldrb	r6, [r5]
	movs	r1, #6
	mov	r0, r6
	bl	__aeabi_uidivmod
.Ltmp22:
	.loc	3 148 45 is_stmt 0              @ ../07_TCPL04B_MCAL/tcpl04x_ll_gpio.c:148:45
	lsls	r0, r1, #2
.Ltmp23:
	@DEBUG_VALUE: ll_gpio_init:reg <- undef
	.loc	3 150 35 is_stmt 1              @ ../07_TCPL04B_MCAL/tcpl04x_ll_gpio.c:150:35
	str	r4, [r7, r0]
.Ltmp24:
	.loc	3 152 17                        @ ../07_TCPL04B_MCAL/tcpl04x_ll_gpio.c:152:17
	ldrb	r0, [r5, #5]
.Ltmp25:
	.loc	3 152 9 is_stmt 0               @ ../07_TCPL04B_MCAL/tcpl04x_ll_gpio.c:152:9
	cmp	r0, #5
	ldr	r3, __arm_cp.1_6
	bhi	.LBB1_22
.Ltmp26:
@ %bb.13:
	@DEBUG_VALUE: ll_gpio_init:callback <- [$sp+0]
	@DEBUG_VALUE: ll_gpio_init:reg_val <- $r4
	@DEBUG_VALUE: ll_gpio_init:config <- $r5
	.loc	3 0 9                           @ ../07_TCPL04B_MCAL/tcpl04x_ll_gpio.c:0:9
	.p2align	2
	add	r0, pc
	ldrb	r0, [r0, #4]
	lsls	r0, r0, #1
.LCPI1_10:
	add	pc, r0
.Ltmp27:
@ %bb.14:
	.p2align	2
.LJTI1_0:
	.byte	(.LBB1_23-(.LCPI1_10+4))/2
	.byte	(.LBB1_15-(.LCPI1_10+4))/2
	.byte	(.LBB1_16-(.LCPI1_10+4))/2
	.byte	(.LBB1_17-(.LCPI1_10+4))/2
	.byte	(.LBB1_19-(.LCPI1_10+4))/2
	.byte	(.LBB1_21-(.LCPI1_10+4))/2
	.p2align	1
.LBB1_15:
.Ltmp28:
	@DEBUG_VALUE: ll_gpio_init:callback <- [$sp+0]
	@DEBUG_VALUE: ll_gpio_init:reg_val <- $r4
	@DEBUG_VALUE: ll_gpio_init:config <- $r5
	movs	r0, #1
.Ltmp29:
	.loc	3 61 52 is_stmt 1               @ ../07_TCPL04B_MCAL/tcpl04x_ll_gpio.c:61:52
	lsls	r0, r6
	ldr	r4, __arm_cp.1_5
.Ltmp30:
	.loc	3 61 45 is_stmt 0               @ ../07_TCPL04B_MCAL/tcpl04x_ll_gpio.c:61:45
	bics	r4, r0
	ldr	r0, [r3, #16]
	ands	r0, r4
	ldr	r1, [r3, #16]
	ldr	r2, __arm_cp.1_7
	ands	r1, r2
	orrs	r1, r0
	str	r1, [r3, #16]
	.loc	3 62 45 is_stmt 1               @ ../07_TCPL04B_MCAL/tcpl04x_ll_gpio.c:62:45
	ldr	r0, [r3, #20]
	ands	r0, r4
	ldr	r1, [r3, #20]
	ands	r1, r2
	b	.LBB1_18
.Ltmp31:
.LBB1_16:
	@DEBUG_VALUE: ll_gpio_init:callback <- [$sp+0]
	@DEBUG_VALUE: ll_gpio_init:reg_val <- $r4
	@DEBUG_VALUE: ll_gpio_init:config <- $r5
	.loc	3 0 45 is_stmt 0                @ ../07_TCPL04B_MCAL/tcpl04x_ll_gpio.c:0:45
	movs	r0, #1
	.loc	3 56 52 is_stmt 1               @ ../07_TCPL04B_MCAL/tcpl04x_ll_gpio.c:56:52
	lsls	r0, r6
	ldr	r5, __arm_cp.1_5
.Ltmp32:
	@DEBUG_VALUE: ll_gpio_init:config <- [DW_OP_LLVM_entry_value 1] $r0
	.loc	3 56 45 is_stmt 0               @ ../07_TCPL04B_MCAL/tcpl04x_ll_gpio.c:56:45
	mov	r1, r5
	bics	r1, r0
	ldr	r2, [r3, #16]
	ands	r2, r1
	ldr	r1, [r3, #16]
	ldr	r4, __arm_cp.1_7
.Ltmp33:
	ands	r1, r4
	orrs	r1, r2
	str	r1, [r3, #16]
	b	.LBB1_20
.Ltmp34:
.LBB1_17:
	@DEBUG_VALUE: ll_gpio_init:callback <- [$sp+0]
	@DEBUG_VALUE: ll_gpio_init:reg_val <- $r4
	@DEBUG_VALUE: ll_gpio_init:config <- $r5
	.loc	3 0 45                          @ ../07_TCPL04B_MCAL/tcpl04x_ll_gpio.c:0:45
	movs	r0, #1
	.loc	3 71 50 is_stmt 1               @ ../07_TCPL04B_MCAL/tcpl04x_ll_gpio.c:71:50
	lsls	r0, r6
	.loc	3 71 45 is_stmt 0               @ ../07_TCPL04B_MCAL/tcpl04x_ll_gpio.c:71:45
	ldr	r1, [r3, #16]
	orrs	r1, r0
	ldr	r5, __arm_cp.1_5
.Ltmp35:
	@DEBUG_VALUE: ll_gpio_init:config <- [DW_OP_LLVM_entry_value 1] $r0
	ands	r1, r5
	ldr	r2, [r3, #16]
	ldr	r4, __arm_cp.1_7
.Ltmp36:
	ands	r2, r4
	orrs	r2, r1
	str	r2, [r3, #16]
	.loc	3 72 45 is_stmt 1               @ ../07_TCPL04B_MCAL/tcpl04x_ll_gpio.c:72:45
	bics	r5, r0
	ldr	r0, [r3, #20]
	ands	r0, r5
	ldr	r1, [r3, #20]
	ands	r1, r4
.Ltmp37:
.LBB1_18:
	@DEBUG_VALUE: ll_gpio_init:callback <- [$sp+0]
	.loc	3 0 0 is_stmt 0                 @ ../07_TCPL04B_MCAL/tcpl04x_ll_gpio.c:0:0
	orrs	r1, r0
	str	r1, [r3, #20]
	b	.LBB1_22
.Ltmp38:
.LBB1_19:
	@DEBUG_VALUE: ll_gpio_init:callback <- [$sp+0]
	@DEBUG_VALUE: ll_gpio_init:reg_val <- $r4
	@DEBUG_VALUE: ll_gpio_init:config <- $r5
	movs	r0, #1
	.loc	3 66 50 is_stmt 1               @ ../07_TCPL04B_MCAL/tcpl04x_ll_gpio.c:66:50
	lsls	r0, r6
	.loc	3 66 45 is_stmt 0               @ ../07_TCPL04B_MCAL/tcpl04x_ll_gpio.c:66:45
	ldr	r1, [r3, #16]
	orrs	r1, r0
	ldr	r5, __arm_cp.1_5
.Ltmp39:
	@DEBUG_VALUE: ll_gpio_init:config <- [DW_OP_LLVM_entry_value 1] $r0
	ands	r1, r5
	ldr	r2, [r3, #16]
	ldr	r4, __arm_cp.1_7
.Ltmp40:
	ands	r2, r4
	orrs	r2, r1
	str	r2, [r3, #16]
.Ltmp41:
.LBB1_20:
	@DEBUG_VALUE: ll_gpio_init:config <- [DW_OP_LLVM_entry_value 1] $r0
	@DEBUG_VALUE: ll_gpio_init:callback <- [$sp+0]
	.loc	3 0 0                           @ ../07_TCPL04B_MCAL/tcpl04x_ll_gpio.c:0:0
	ldr	r1, [r3, #20]
	orrs	r1, r0
	ands	r1, r5
	ldr	r0, [r3, #20]
	ands	r0, r4
	orrs	r0, r1
	str	r0, [r3, #20]
	b	.LBB1_22
.Ltmp42:
.LBB1_21:
	@DEBUG_VALUE: ll_gpio_init:callback <- [$sp+0]
	@DEBUG_VALUE: ll_gpio_init:reg_val <- $r4
	@DEBUG_VALUE: ll_gpio_init:config <- $r5
	movs	r0, #1
	.loc	3 76 50 is_stmt 1               @ ../07_TCPL04B_MCAL/tcpl04x_ll_gpio.c:76:50
	lsls	r0, r6
	.loc	3 76 45 is_stmt 0               @ ../07_TCPL04B_MCAL/tcpl04x_ll_gpio.c:76:45
	ldr	r1, [r3, #32]
	orrs	r1, r0
	ldr	r0, __arm_cp.1_5
	ands	r1, r0
	ldr	r0, [r3, #32]
	ldr	r2, __arm_cp.1_7
	ands	r0, r2
	orrs	r0, r1
	str	r0, [r3, #32]
.Ltmp43:
.LBB1_22:
	@DEBUG_VALUE: ll_gpio_init:callback <- [$sp+0]
	.loc	3 0 45                          @ ../07_TCPL04B_MCAL/tcpl04x_ll_gpio.c:0:45
	movs	r0, #0
	mvns	r0, r0
	.loc	3 155 23 is_stmt 1              @ ../07_TCPL04B_MCAL/tcpl04x_ll_gpio.c:155:23
	str	r0, [r3, #8]
	.loc	3 156 30                        @ ../07_TCPL04B_MCAL/tcpl04x_ll_gpio.c:156:30
	str	r0, [r3, #28]
	.loc	3 157 27                        @ ../07_TCPL04B_MCAL/tcpl04x_ll_gpio.c:157:27
	ldr	r0, __arm_cp.1_8
	ldr	r1, [sp]                        @ 4-byte Reload
.Ltmp44:
	@DEBUG_VALUE: ll_gpio_init:callback <- $r1
	str	r1, [r0]
	movs	r0, #255
	lsls	r0, r0, #24
	ldr	r1, __arm_cp.1_9
.Ltmp45:
	@DEBUG_VALUE: ll_gpio_init:callback <- [DW_OP_LLVM_entry_value 1] $r1
	@DEBUG_VALUE: __NVIC_SetPriority:priority <- 2
	@DEBUG_VALUE: __NVIC_SetPriority:IRQn <- 7
	.loc	10 710 48                       @ ../06_TCPL04B_Device/core_cm0.h:710:48
	ldr	r2, [r1]
	.loc	10 710 73 is_stmt 0             @ ../06_TCPL04B_Device/core_cm0.h:710:73
	bics	r2, r0
	movs	r0, #1
	lsls	r0, r0, #31
	.loc	10 710 106                      @ ../06_TCPL04B_Device/core_cm0.h:710:106
	adds	r0, r2, r0
	.loc	10 710 34                       @ ../06_TCPL04B_Device/core_cm0.h:710:34
	str	r0, [r1]
.Ltmp46:
.LBB1_23:
	.loc	3 160 1 epilogue_begin is_stmt 1 @ ../07_TCPL04B_MCAL/tcpl04x_ll_gpio.c:160:1
	pop	{r3, r4, r5, r6, r7, pc}
.Ltmp47:
	.p2align	2
@ %bb.24:
	.loc	3 0 1 is_stmt 0                 @ ../07_TCPL04B_MCAL/tcpl04x_ll_gpio.c:0:1
__arm_cp.1_0:
	.long	1073746172                      @ 0x400010fc
.Lcpi_end4:
	.size	__arm_cp.1_0, .Lcpi_end4-__arm_cp.1_0
__arm_cp.1_1:
	.long	1515870810                      @ 0x5a5a5a5a
.Lcpi_end5:
	.size	__arm_cp.1_1, .Lcpi_end5-__arm_cp.1_1
__arm_cp.1_2:
	.long	1073745956                      @ 0x40001024
.Lcpi_end6:
	.size	__arm_cp.1_2, .Lcpi_end6-__arm_cp.1_2
__arm_cp.1_3:
	.long	305419896                       @ 0x12345678
.Lcpi_end7:
	.size	__arm_cp.1_3, .Lcpi_end7-__arm_cp.1_3
__arm_cp.1_4:
	.long	1073750016                      @ 0x40002000
.Lcpi_end8:
	.size	__arm_cp.1_4, .Lcpi_end8-__arm_cp.1_4
__arm_cp.1_5:
	.long	511                             @ 0x1ff
.Lcpi_end9:
	.size	__arm_cp.1_5, .Lcpi_end9-__arm_cp.1_5
__arm_cp.1_6:
	.long	1073774600                      @ 0x40008008
.Lcpi_end10:
	.size	__arm_cp.1_6, .Lcpi_end10-__arm_cp.1_6
__arm_cp.1_7:
	.long	4294966784                      @ 0xfffffe00
.Lcpi_end11:
	.size	__arm_cp.1_7, .Lcpi_end11-__arm_cp.1_7
__arm_cp.1_8:
	.long	gpio_isr_callback
.Lcpi_end12:
	.size	__arm_cp.1_8, .Lcpi_end12-__arm_cp.1_8
__arm_cp.1_9:
	.long	3758154756                      @ 0xe000e404
.Lcpi_end13:
	.size	__arm_cp.1_9, .Lcpi_end13-__arm_cp.1_9
.Lfunc_end1:
	.size	ll_gpio_init, .Lfunc_end1-ll_gpio_init
	.cfi_endproc
	.cantunwind
	.fnend
                                        @ -- End function
	.section	.text.ll_gpio_read,"ax",%progbits
	.hidden	ll_gpio_read                    @ -- Begin function ll_gpio_read
	.globl	ll_gpio_read
	.p2align	2
	.type	ll_gpio_read,%function
	.code	16                              @ @ll_gpio_read
	.thumb_func
ll_gpio_read:
.Lfunc_begin2:
	.loc	3 170 0 is_stmt 1               @ ../07_TCPL04B_MCAL/tcpl04x_ll_gpio.c:170:0
	.fnstart
	.cfi_startproc
@ %bb.0:
	@DEBUG_VALUE: ll_gpio_read:gpio_pin <- $r0
	movs	r1, #1
.Ltmp48:
	.loc	3 171 40 prologue_end           @ ../07_TCPL04B_MCAL/tcpl04x_ll_gpio.c:171:40
	lsls	r1, r0
	ldr	r0, __arm_cp.2_0
.Ltmp49:
	@DEBUG_VALUE: ll_gpio_read:gpio_pin <- [DW_OP_LLVM_entry_value 1] $r0
	.loc	3 171 28 is_stmt 0              @ ../07_TCPL04B_MCAL/tcpl04x_ll_gpio.c:171:28
	ldr	r2, [r0]
	ands	r2, r1
	ldr	r0, __arm_cp.2_1
	.loc	3 171 35                        @ ../07_TCPL04B_MCAL/tcpl04x_ll_gpio.c:171:35
	ands	r0, r2
	.loc	3 171 12                        @ ../07_TCPL04B_MCAL/tcpl04x_ll_gpio.c:171:12
	subs	r1, r0, #1
	sbcs	r0, r1
	.loc	3 171 5                         @ ../07_TCPL04B_MCAL/tcpl04x_ll_gpio.c:171:5
	bx	lr
.Ltmp50:
	.p2align	2
@ %bb.1:
	.loc	3 0 5                           @ ../07_TCPL04B_MCAL/tcpl04x_ll_gpio.c:0:5
__arm_cp.2_0:
	.long	1073774592                      @ 0x40008000
.Lcpi_end14:
	.size	__arm_cp.2_0, .Lcpi_end14-__arm_cp.2_0
__arm_cp.2_1:
	.long	511                             @ 0x1ff
.Lcpi_end15:
	.size	__arm_cp.2_1, .Lcpi_end15-__arm_cp.2_1
.Lfunc_end2:
	.size	ll_gpio_read, .Lfunc_end2-ll_gpio_read
	.cfi_endproc
	.cantunwind
	.fnend
                                        @ -- End function
	.section	.text.ll_gpio_output,"ax",%progbits
	.hidden	ll_gpio_output                  @ -- Begin function ll_gpio_output
	.globl	ll_gpio_output
	.p2align	2
	.type	ll_gpio_output,%function
	.code	16                              @ @ll_gpio_output
	.thumb_func
ll_gpio_output:
.Lfunc_begin3:
	.loc	3 183 0 is_stmt 1               @ ../07_TCPL04B_MCAL/tcpl04x_ll_gpio.c:183:0
	.fnstart
	.cfi_startproc
@ %bb.0:
	@DEBUG_VALUE: ll_gpio_output:gpio_pin <- $r0
	@DEBUG_VALUE: ll_gpio_output:state <- [DW_OP_LLVM_convert 1 7, DW_OP_LLVM_convert 8 7, DW_OP_stack_value] $r1
	.save	{r4, lr}
	push	{r4, lr}
	.cfi_def_cfa_offset 8
	.cfi_offset lr, -4
	.cfi_offset r4, -8
	movs	r3, #1
.Ltmp51:
	.loc	3 0 0 is_stmt 0                 @ ../07_TCPL04B_MCAL/tcpl04x_ll_gpio.c:0:0
	lsls	r3, r0
	ldr	r0, __arm_cp.3_0
.Ltmp52:
	@DEBUG_VALUE: ll_gpio_output:gpio_pin <- [DW_OP_LLVM_entry_value 1] $r0
	ldr	r2, [r0]
	ldr	r4, __arm_cp.3_1
.Ltmp53:
	.loc	3 184 9 prologue_end is_stmt 1  @ ../07_TCPL04B_MCAL/tcpl04x_ll_gpio.c:184:9
	cmp	r1, #0
	beq	.LBB3_2
.Ltmp54:
@ %bb.1:
	@DEBUG_VALUE: ll_gpio_output:gpio_pin <- [DW_OP_LLVM_entry_value 1] $r0
	@DEBUG_VALUE: ll_gpio_output:state <- [DW_OP_LLVM_convert 1 7, DW_OP_LLVM_convert 8 7, DW_OP_stack_value] $r1
	.loc	3 186 33                        @ ../07_TCPL04B_MCAL/tcpl04x_ll_gpio.c:186:33
	orrs	r2, r3
	b	.LBB3_3
.Ltmp55:
.LBB3_2:
	@DEBUG_VALUE: ll_gpio_output:gpio_pin <- [DW_OP_LLVM_entry_value 1] $r0
	@DEBUG_VALUE: ll_gpio_output:state <- [DW_OP_LLVM_convert 1 7, DW_OP_LLVM_convert 8 7, DW_OP_stack_value] $r1
	.loc	3 190 33                        @ ../07_TCPL04B_MCAL/tcpl04x_ll_gpio.c:190:33
	bics	r4, r3
.Ltmp56:
.LBB3_3:
	@DEBUG_VALUE: ll_gpio_output:gpio_pin <- [DW_OP_LLVM_entry_value 1] $r0
	@DEBUG_VALUE: ll_gpio_output:state <- [DW_OP_LLVM_convert 1 7, DW_OP_LLVM_convert 8 7, DW_OP_stack_value] $r1
	.loc	3 0 0 is_stmt 0                 @ ../07_TCPL04B_MCAL/tcpl04x_ll_gpio.c:0:0
	ands	r2, r4
	ldr	r1, [r0]
.Ltmp57:
	ldr	r3, __arm_cp.3_2
	ands	r3, r1
	adds	r1, r3, r2
	str	r1, [r0]
.Ltmp58:
	.loc	3 192 1 epilogue_begin is_stmt 1 @ ../07_TCPL04B_MCAL/tcpl04x_ll_gpio.c:192:1
	pop	{r4, pc}
.Ltmp59:
	.p2align	2
@ %bb.4:
	.loc	3 0 1 is_stmt 0                 @ ../07_TCPL04B_MCAL/tcpl04x_ll_gpio.c:0:1
__arm_cp.3_0:
	.long	1073774596                      @ 0x40008004
.Lcpi_end16:
	.size	__arm_cp.3_0, .Lcpi_end16-__arm_cp.3_0
__arm_cp.3_1:
	.long	511                             @ 0x1ff
.Lcpi_end17:
	.size	__arm_cp.3_1, .Lcpi_end17-__arm_cp.3_1
__arm_cp.3_2:
	.long	4294966784                      @ 0xfffffe00
.Lcpi_end18:
	.size	__arm_cp.3_2, .Lcpi_end18-__arm_cp.3_2
.Lfunc_end3:
	.size	ll_gpio_output, .Lfunc_end3-ll_gpio_output
	.cfi_endproc
	.cantunwind
	.fnend
                                        @ -- End function
	.section	.text.ll_gpio_toggle,"ax",%progbits
	.hidden	ll_gpio_toggle                  @ -- Begin function ll_gpio_toggle
	.globl	ll_gpio_toggle
	.p2align	2
	.type	ll_gpio_toggle,%function
	.code	16                              @ @ll_gpio_toggle
	.thumb_func
ll_gpio_toggle:
.Lfunc_begin4:
	.loc	3 202 0 is_stmt 1               @ ../07_TCPL04B_MCAL/tcpl04x_ll_gpio.c:202:0
	.fnstart
	.cfi_startproc
@ %bb.0:
	@DEBUG_VALUE: ll_gpio_toggle:gpio_pin <- $r0
	movs	r1, #1
.Ltmp60:
	.loc	3 203 34 prologue_end           @ ../07_TCPL04B_MCAL/tcpl04x_ll_gpio.c:203:34
	lsls	r1, r0
	ldr	r0, __arm_cp.4_0
.Ltmp61:
	@DEBUG_VALUE: ll_gpio_toggle:gpio_pin <- [DW_OP_LLVM_entry_value 1] $r0
	.loc	3 203 29 is_stmt 0              @ ../07_TCPL04B_MCAL/tcpl04x_ll_gpio.c:203:29
	ldr	r2, [r0]
	eors	r2, r1
	ldr	r1, __arm_cp.4_1
	ands	r1, r2
	ldr	r2, [r0]
	ldr	r3, __arm_cp.4_2
	ands	r3, r2
	adds	r1, r3, r1
	str	r1, [r0]
	.loc	3 204 1 is_stmt 1               @ ../07_TCPL04B_MCAL/tcpl04x_ll_gpio.c:204:1
	bx	lr
.Ltmp62:
	.p2align	2
@ %bb.1:
	.loc	3 0 1 is_stmt 0                 @ ../07_TCPL04B_MCAL/tcpl04x_ll_gpio.c:0:1
__arm_cp.4_0:
	.long	1073774596                      @ 0x40008004
.Lcpi_end19:
	.size	__arm_cp.4_0, .Lcpi_end19-__arm_cp.4_0
__arm_cp.4_1:
	.long	511                             @ 0x1ff
.Lcpi_end20:
	.size	__arm_cp.4_1, .Lcpi_end20-__arm_cp.4_1
__arm_cp.4_2:
	.long	4294966784                      @ 0xfffffe00
.Lcpi_end21:
	.size	__arm_cp.4_2, .Lcpi_end21-__arm_cp.4_2
.Lfunc_end4:
	.size	ll_gpio_toggle, .Lfunc_end4-ll_gpio_toggle
	.cfi_endproc
	.cantunwind
	.fnend
                                        @ -- End function
	.section	.text.ll_gpio_isr_enable,"ax",%progbits
	.hidden	ll_gpio_isr_enable              @ -- Begin function ll_gpio_isr_enable
	.globl	ll_gpio_isr_enable
	.p2align	2
	.type	ll_gpio_isr_enable,%function
	.code	16                              @ @ll_gpio_isr_enable
	.thumb_func
ll_gpio_isr_enable:
.Lfunc_begin5:
	.loc	3 215 0 is_stmt 1               @ ../07_TCPL04B_MCAL/tcpl04x_ll_gpio.c:215:0
	.fnstart
	.cfi_startproc
@ %bb.0:
	@DEBUG_VALUE: ll_gpio_isr_enable:gpio_pin <- $r0
	@DEBUG_VALUE: ll_gpio_isr_enable:enable <- [DW_OP_LLVM_convert 1 7, DW_OP_LLVM_convert 8 7, DW_OP_stack_value] $r1
	.save	{r4, r5, r6, lr}
	push	{r4, r5, r6, lr}
	.cfi_def_cfa_offset 16
	.cfi_offset lr, -4
	.cfi_offset r6, -8
	.cfi_offset r5, -12
	.cfi_offset r4, -16
	ldr	r3, __arm_cp.5_0
	movs	r2, #128
.Ltmp63:
	@DEBUG_VALUE: __NVIC_ClearPendingIRQ:IRQn <- 7
	.loc	10 693 24 prologue_end          @ ../06_TCPL04B_Device/core_cm0.h:693:24
	str	r2, [r3]
	movs	r6, #1
.Ltmp64:
	.loc	3 0 0 is_stmt 0                 @ ../07_TCPL04B_MCAL/tcpl04x_ll_gpio.c:0:0
	lsls	r6, r0
	ldr	r0, __arm_cp.5_1
.Ltmp65:
	@DEBUG_VALUE: ll_gpio_isr_enable:gpio_pin <- [DW_OP_LLVM_entry_value 1] $r0
	ldr	r3, [r0]
	ldr	r5, __arm_cp.5_2
	ldr	r4, __arm_cp.5_3
.Ltmp66:
	.loc	3 218 9 is_stmt 1               @ ../07_TCPL04B_MCAL/tcpl04x_ll_gpio.c:218:9
	cmp	r1, #0
	beq	.LBB5_2
.Ltmp67:
@ %bb.1:
	@DEBUG_VALUE: ll_gpio_isr_enable:gpio_pin <- [DW_OP_LLVM_entry_value 1] $r0
	@DEBUG_VALUE: ll_gpio_isr_enable:enable <- [DW_OP_LLVM_convert 1 7, DW_OP_LLVM_convert 8 7, DW_OP_stack_value] $r1
	.loc	3 225 33                        @ ../07_TCPL04B_MCAL/tcpl04x_ll_gpio.c:225:33
	bics	r5, r6
	ands	r5, r3
	ldr	r1, [r0]
.Ltmp68:
	ands	r1, r4
	orrs	r1, r5
	str	r1, [r0]
.Ltmp69:
	@DEBUG_VALUE: __NVIC_EnableIRQ:IRQn <- 7
	.loc	10 607 9                        @ ../06_TCPL04B_Device/core_cm0.h:607:9
	@APP
	@NO_APP
	ldr	r0, __arm_cp.5_5
	.loc	10 608 24                       @ ../06_TCPL04B_Device/core_cm0.h:608:24
	str	r2, [r0]
	.loc	10 609 9                        @ ../06_TCPL04B_Device/core_cm0.h:609:9
	@APP
	@NO_APP
.Ltmp70:
	.loc	3 228 1 epilogue_begin          @ ../07_TCPL04B_MCAL/tcpl04x_ll_gpio.c:228:1
	pop	{r4, r5, r6, pc}
.Ltmp71:
.LBB5_2:
	@DEBUG_VALUE: ll_gpio_isr_enable:gpio_pin <- [DW_OP_LLVM_entry_value 1] $r0
	@DEBUG_VALUE: ll_gpio_isr_enable:enable <- [DW_OP_LLVM_convert 1 7, DW_OP_LLVM_convert 8 7, DW_OP_stack_value] $r1
	.loc	3 220 33                        @ ../07_TCPL04B_MCAL/tcpl04x_ll_gpio.c:220:33
	orrs	r3, r6
	ands	r3, r5
	ldr	r1, [r0]
.Ltmp72:
	ands	r1, r4
	orrs	r1, r3
	str	r1, [r0]
	ldr	r0, __arm_cp.5_4
.Ltmp73:
	@DEBUG_VALUE: __NVIC_DisableIRQ:IRQn <- 7
	.loc	10 643 24                       @ ../06_TCPL04B_Device/core_cm0.h:643:24
	str	r2, [r0]
	.loc	10 644 9                        @ ../06_TCPL04B_Device/core_cm0.h:644:9
	dsb	sy
	.loc	10 645 9                        @ ../06_TCPL04B_Device/core_cm0.h:645:9
	isb	sy
.Ltmp74:
	.loc	3 228 1 epilogue_begin          @ ../07_TCPL04B_MCAL/tcpl04x_ll_gpio.c:228:1
	pop	{r4, r5, r6, pc}
.Ltmp75:
	.p2align	2
@ %bb.3:
	.loc	3 0 1 is_stmt 0                 @ ../07_TCPL04B_MCAL/tcpl04x_ll_gpio.c:0:1
__arm_cp.5_0:
	.long	3758154368                      @ 0xe000e280
.Lcpi_end22:
	.size	__arm_cp.5_0, .Lcpi_end22-__arm_cp.5_0
__arm_cp.5_1:
	.long	1073774612                      @ 0x40008014
.Lcpi_end23:
	.size	__arm_cp.5_1, .Lcpi_end23-__arm_cp.5_1
__arm_cp.5_2:
	.long	511                             @ 0x1ff
.Lcpi_end24:
	.size	__arm_cp.5_2, .Lcpi_end24-__arm_cp.5_2
__arm_cp.5_3:
	.long	4294966784                      @ 0xfffffe00
.Lcpi_end25:
	.size	__arm_cp.5_3, .Lcpi_end25-__arm_cp.5_3
__arm_cp.5_4:
	.long	3758154112                      @ 0xe000e180
.Lcpi_end26:
	.size	__arm_cp.5_4, .Lcpi_end26-__arm_cp.5_4
__arm_cp.5_5:
	.long	3758153984                      @ 0xe000e100
.Lcpi_end27:
	.size	__arm_cp.5_5, .Lcpi_end27-__arm_cp.5_5
.Lfunc_end5:
	.size	ll_gpio_isr_enable, .Lfunc_end5-ll_gpio_isr_enable
	.cfi_endproc
	.cantunwind
	.fnend
                                        @ -- End function
	.section	.text.ll_gpio_interrupt_flag_get,"ax",%progbits
	.hidden	ll_gpio_interrupt_flag_get      @ -- Begin function ll_gpio_interrupt_flag_get
	.globl	ll_gpio_interrupt_flag_get
	.p2align	2
	.type	ll_gpio_interrupt_flag_get,%function
	.code	16                              @ @ll_gpio_interrupt_flag_get
	.thumb_func
ll_gpio_interrupt_flag_get:
.Lfunc_begin6:
	.loc	3 238 0 is_stmt 1               @ ../07_TCPL04B_MCAL/tcpl04x_ll_gpio.c:238:0
	.fnstart
	.cfi_startproc
@ %bb.0:
	@DEBUG_VALUE: ll_gpio_interrupt_flag_get:gpio_pin <- $r0
	movs	r1, #1
.Ltmp76:
	.loc	3 239 48 prologue_end           @ ../07_TCPL04B_MCAL/tcpl04x_ll_gpio.c:239:48
	lsls	r1, r0
	ldr	r0, __arm_cp.6_0
.Ltmp77:
	@DEBUG_VALUE: ll_gpio_interrupt_flag_get:gpio_pin <- [DW_OP_LLVM_entry_value 1] $r0
	.loc	3 239 32 is_stmt 0              @ ../07_TCPL04B_MCAL/tcpl04x_ll_gpio.c:239:32
	ldr	r2, [r0]
	ands	r2, r1
	ldr	r0, __arm_cp.6_1
	.loc	3 239 43                        @ ../07_TCPL04B_MCAL/tcpl04x_ll_gpio.c:239:43
	ands	r0, r2
	.loc	3 239 12                        @ ../07_TCPL04B_MCAL/tcpl04x_ll_gpio.c:239:12
	subs	r1, r0, #1
	sbcs	r0, r1
	.loc	3 239 5                         @ ../07_TCPL04B_MCAL/tcpl04x_ll_gpio.c:239:5
	bx	lr
.Ltmp78:
	.p2align	2
@ %bb.1:
	.loc	3 0 5                           @ ../07_TCPL04B_MCAL/tcpl04x_ll_gpio.c:0:5
__arm_cp.6_0:
	.long	1073774624                      @ 0x40008020
.Lcpi_end28:
	.size	__arm_cp.6_0, .Lcpi_end28-__arm_cp.6_0
__arm_cp.6_1:
	.long	511                             @ 0x1ff
.Lcpi_end29:
	.size	__arm_cp.6_1, .Lcpi_end29-__arm_cp.6_1
.Lfunc_end6:
	.size	ll_gpio_interrupt_flag_get, .Lfunc_end6-ll_gpio_interrupt_flag_get
	.cfi_endproc
	.cantunwind
	.fnend
                                        @ -- End function
	.section	.text.ll_gpio_interrupt_clear,"ax",%progbits
	.hidden	ll_gpio_interrupt_clear         @ -- Begin function ll_gpio_interrupt_clear
	.globl	ll_gpio_interrupt_clear
	.p2align	2
	.type	ll_gpio_interrupt_clear,%function
	.code	16                              @ @ll_gpio_interrupt_clear
	.thumb_func
ll_gpio_interrupt_clear:
.Lfunc_begin7:
	.loc	3 250 0 is_stmt 1               @ ../07_TCPL04B_MCAL/tcpl04x_ll_gpio.c:250:0
	.fnstart
	.cfi_startproc
@ %bb.0:
	@DEBUG_VALUE: ll_gpio_interrupt_clear:gpio_pin <- $r0
	movs	r1, #1
.Ltmp79:
	.loc	3 251 34 prologue_end           @ ../07_TCPL04B_MCAL/tcpl04x_ll_gpio.c:251:34
	lsls	r1, r0
	ldr	r0, __arm_cp.7_0
.Ltmp80:
	@DEBUG_VALUE: ll_gpio_interrupt_clear:gpio_pin <- [DW_OP_LLVM_entry_value 1] $r0
	.loc	3 251 29 is_stmt 0              @ ../07_TCPL04B_MCAL/tcpl04x_ll_gpio.c:251:29
	ldr	r2, [r0]
	orrs	r2, r1
	ldr	r1, __arm_cp.7_1
	ands	r1, r2
	ldr	r2, [r0]
	ldr	r3, __arm_cp.7_2
	ands	r3, r2
	adds	r1, r3, r1
	str	r1, [r0]
	.loc	3 252 1 is_stmt 1               @ ../07_TCPL04B_MCAL/tcpl04x_ll_gpio.c:252:1
	bx	lr
.Ltmp81:
	.p2align	2
@ %bb.1:
	.loc	3 0 1 is_stmt 0                 @ ../07_TCPL04B_MCAL/tcpl04x_ll_gpio.c:0:1
__arm_cp.7_0:
	.long	1073774608                      @ 0x40008010
.Lcpi_end30:
	.size	__arm_cp.7_0, .Lcpi_end30-__arm_cp.7_0
__arm_cp.7_1:
	.long	511                             @ 0x1ff
.Lcpi_end31:
	.size	__arm_cp.7_1, .Lcpi_end31-__arm_cp.7_1
__arm_cp.7_2:
	.long	4294966784                      @ 0xfffffe00
.Lcpi_end32:
	.size	__arm_cp.7_2, .Lcpi_end32-__arm_cp.7_2
.Lfunc_end7:
	.size	ll_gpio_interrupt_clear, .Lfunc_end7-ll_gpio_interrupt_clear
	.cfi_endproc
	.cantunwind
	.fnend
                                        @ -- End function
	.section	.text.ll_gpio_afio_config,"ax",%progbits
	.hidden	ll_gpio_afio_config             @ -- Begin function ll_gpio_afio_config
	.globl	ll_gpio_afio_config
	.p2align	2
	.type	ll_gpio_afio_config,%function
	.code	16                              @ @ll_gpio_afio_config
	.thumb_func
ll_gpio_afio_config:
.Lfunc_begin8:
	.loc	3 263 0 is_stmt 1               @ ../07_TCPL04B_MCAL/tcpl04x_ll_gpio.c:263:0
	.fnstart
	.cfi_startproc
@ %bb.0:
	@DEBUG_VALUE: ll_gpio_afio_config:gpio_pin <- $r0
	@DEBUG_VALUE: ll_gpio_afio_config:afio_mux <- $r1
	.save	{r4, r5, r6, lr}
	push	{r4, r5, r6, lr}
	.cfi_def_cfa_offset 16
	.cfi_offset lr, -4
	.cfi_offset r6, -8
	.cfi_offset r5, -12
	.cfi_offset r4, -16
	mov	r4, r1
.Ltmp82:
	@DEBUG_VALUE: ll_gpio_afio_config:afio_mux <- $r4
	mov	r5, r0
.Ltmp83:
	@DEBUG_VALUE: ll_gpio_afio_config:reg_val <- 0
	@DEBUG_VALUE: ll_gpio_afio_config:gpio_pin <- $r5
	ldr	r6, __arm_cp.8_0
.Ltmp84:
	.loc	3 265 20 prologue_end           @ ../07_TCPL04B_MCAL/tcpl04x_ll_gpio.c:265:20
	cmp	r0, #6
	bhs	.LBB8_2
.Ltmp85:
@ %bb.1:
	@DEBUG_VALUE: ll_gpio_afio_config:gpio_pin <- $r5
	@DEBUG_VALUE: ll_gpio_afio_config:reg_val <- 0
	@DEBUG_VALUE: ll_gpio_afio_config:afio_mux <- $r4
	.loc	3 0 20 is_stmt 0                @ ../07_TCPL04B_MCAL/tcpl04x_ll_gpio.c:0:20
	adds	r6, #12
.Ltmp86:
.LBB8_2:
	@DEBUG_VALUE: ll_gpio_afio_config:gpio_pin <- $r5
	@DEBUG_VALUE: ll_gpio_afio_config:reg_val <- 0
	@DEBUG_VALUE: ll_gpio_afio_config:afio_mux <- $r4
	@DEBUG_VALUE: ll_gpio_afio_config:reg <- $r6
	movs	r1, #6
	mov	r0, r5
	bl	__aeabi_uidivmod
.Ltmp87:
	.loc	3 267 36 is_stmt 1              @ ../07_TCPL04B_MCAL/tcpl04x_ll_gpio.c:267:36
	lsls	r0, r1, #2
.Ltmp88:
	@DEBUG_VALUE: ll_gpio_afio_config:reg <- undef
	.loc	3 269 15                        @ ../07_TCPL04B_MCAL/tcpl04x_ll_gpio.c:269:15
	ldr	r2, [r6, r0]
.Ltmp89:
	@DEBUG_VALUE: ll_gpio_afio_config:reg_val <- $r2
	.loc	3 0 15 is_stmt 0                @ ../07_TCPL04B_MCAL/tcpl04x_ll_gpio.c:0:15
	movs	r1, #7
	.loc	3 271 13 is_stmt 1              @ ../07_TCPL04B_MCAL/tcpl04x_ll_gpio.c:271:13
	bics	r2, r1
.Ltmp90:
	@DEBUG_VALUE: ll_gpio_afio_config:reg_val <- $r2
	.loc	3 272 13                        @ ../07_TCPL04B_MCAL/tcpl04x_ll_gpio.c:272:13
	orrs	r2, r4
.Ltmp91:
	@DEBUG_VALUE: ll_gpio_afio_config:reg_val <- $r2
	.loc	3 273 35                        @ ../07_TCPL04B_MCAL/tcpl04x_ll_gpio.c:273:35
	str	r2, [r6, r0]
.Ltmp92:
	.loc	3 276 32                        @ ../07_TCPL04B_MCAL/tcpl04x_ll_gpio.c:276:32
	cmp	r5, #0
	bne	.LBB8_5
.Ltmp93:
@ %bb.3:
	@DEBUG_VALUE: ll_gpio_afio_config:reg_val <- $r2
	@DEBUG_VALUE: ll_gpio_afio_config:gpio_pin <- $r5
	@DEBUG_VALUE: ll_gpio_afio_config:afio_mux <- $r4
	cmp	r4, #4
	bne	.LBB8_5
.Ltmp94:
@ %bb.4:
	@DEBUG_VALUE: ll_gpio_afio_config:reg_val <- $r2
	@DEBUG_VALUE: ll_gpio_afio_config:gpio_pin <- $r5
	@DEBUG_VALUE: ll_gpio_afio_config:afio_mux <- $r4
	.loc	3 0 32 is_stmt 0                @ ../07_TCPL04B_MCAL/tcpl04x_ll_gpio.c:0:32
	ldr	r0, __arm_cp.8_1
	ldr	r2, __arm_cp.8_2
.Ltmp95:
	.loc	3 278 25 is_stmt 1              @ ../07_TCPL04B_MCAL/tcpl04x_ll_gpio.c:278:25
	str	r2, [r0]
	movs	r2, #1
	lsls	r4, r2, #8
.Ltmp96:
	@DEBUG_VALUE: ll_gpio_afio_config:afio_mux <- [DW_OP_LLVM_entry_value 1] $r1
	.loc	3 0 25 is_stmt 0                @ ../07_TCPL04B_MCAL/tcpl04x_ll_gpio.c:0:25
	ldr	r3, __arm_cp.8_3
	.loc	3 279 48 is_stmt 1              @ ../07_TCPL04B_MCAL/tcpl04x_ll_gpio.c:279:48
	ldr	r5, [r3]
.Ltmp97:
	@DEBUG_VALUE: ll_gpio_afio_config:gpio_pin <- [DW_OP_LLVM_entry_value 1] $r0
	bics	r5, r4
	str	r5, [r3]
	lsls	r4, r2, #9
	.loc	3 280 50                        @ ../07_TCPL04B_MCAL/tcpl04x_ll_gpio.c:280:50
	ldr	r5, [r3]
	orrs	r5, r4
	str	r5, [r3]
	.loc	3 281 45                        @ ../07_TCPL04B_MCAL/tcpl04x_ll_gpio.c:281:45
	ldr	r4, [r3]
	movs	r5, #32
	orrs	r5, r4
	movs	r4, #208
	bics	r5, r4
	str	r5, [r3]
	lsls	r1, r1, #12
	.loc	3 282 41                        @ ../07_TCPL04B_MCAL/tcpl04x_ll_gpio.c:282:41
	ldr	r4, [r3]
	bics	r4, r1
	movs	r1, #3
	lsls	r5, r1, #12
	adds	r4, r4, r5
	str	r4, [r3]
	lsls	r1, r1, #10
	.loc	3 283 46                        @ ../07_TCPL04B_MCAL/tcpl04x_ll_gpio.c:283:46
	ldr	r4, [r3]
	bics	r4, r1
	lsls	r1, r2, #11
	adds	r1, r4, r1
	str	r1, [r3]
	.loc	3 284 41                        @ ../07_TCPL04B_MCAL/tcpl04x_ll_gpio.c:284:41
	ldr	r1, [r3]
	orrs	r1, r2
	str	r1, [r3]
	ldr	r1, __arm_cp.8_4
	.loc	3 285 25                        @ ../07_TCPL04B_MCAL/tcpl04x_ll_gpio.c:285:25
	str	r1, [r0]
.Ltmp98:
.LBB8_5:
	.loc	3 287 1 epilogue_begin          @ ../07_TCPL04B_MCAL/tcpl04x_ll_gpio.c:287:1
	pop	{r4, r5, r6, pc}
.Ltmp99:
	.p2align	2
@ %bb.6:
	.loc	3 0 1 is_stmt 0                 @ ../07_TCPL04B_MCAL/tcpl04x_ll_gpio.c:0:1
__arm_cp.8_0:
	.long	1073750016                      @ 0x40002000
.Lcpi_end33:
	.size	__arm_cp.8_0, .Lcpi_end33-__arm_cp.8_0
__arm_cp.8_1:
	.long	1073803516                      @ 0x4000f0fc
.Lcpi_end34:
	.size	__arm_cp.8_1, .Lcpi_end34-__arm_cp.8_1
__arm_cp.8_2:
	.long	1985229328                      @ 0x76543210
.Lcpi_end35:
	.size	__arm_cp.8_2, .Lcpi_end35-__arm_cp.8_2
__arm_cp.8_3:
	.long	1073803320                      @ 0x4000f038
.Lcpi_end36:
	.size	__arm_cp.8_3, .Lcpi_end36-__arm_cp.8_3
__arm_cp.8_4:
	.long	4275878552                      @ 0xfedcba98
.Lcpi_end37:
	.size	__arm_cp.8_4, .Lcpi_end37-__arm_cp.8_4
.Lfunc_end8:
	.size	ll_gpio_afio_config, .Lfunc_end8-ll_gpio_afio_config
	.cfi_endproc
	.cantunwind
	.fnend
                                        @ -- End function
	.section	.text.ll_gpio_ano_lpm_config,"ax",%progbits
	.hidden	ll_gpio_ano_lpm_config          @ -- Begin function ll_gpio_ano_lpm_config
	.globl	ll_gpio_ano_lpm_config
	.p2align	2
	.type	ll_gpio_ano_lpm_config,%function
	.code	16                              @ @ll_gpio_ano_lpm_config
	.thumb_func
ll_gpio_ano_lpm_config:
.Lfunc_begin9:
	.loc	3 299 0 is_stmt 1               @ ../07_TCPL04B_MCAL/tcpl04x_ll_gpio.c:299:0
	.fnstart
	.cfi_startproc
@ %bb.0:
	@DEBUG_VALUE: ll_gpio_ano_lpm_config:gpio_pin <- $r0
	@DEBUG_VALUE: ll_gpio_ano_lpm_config:keep_high <- [DW_OP_LLVM_convert 1 7, DW_OP_LLVM_convert 8 7, DW_OP_stack_value] $r1
	.save	{r4, lr}
	push	{r4, lr}
	.cfi_def_cfa_offset 8
	.cfi_offset lr, -4
	.cfi_offset r4, -8
.Ltmp100:
	.loc	3 301 31 prologue_end           @ ../07_TCPL04B_MCAL/tcpl04x_ll_gpio.c:301:31
	cmp	r0, #0
	beq	.LBB9_3
.Ltmp101:
@ %bb.1:
	@DEBUG_VALUE: ll_gpio_ano_lpm_config:keep_high <- [DW_OP_LLVM_convert 1 7, DW_OP_LLVM_convert 8 7, DW_OP_stack_value] $r1
	@DEBUG_VALUE: ll_gpio_ano_lpm_config:gpio_pin <- $r0
	@DEBUG_VALUE: ll_gpio_ano_lpm_config:keep_high <- [DW_OP_LLVM_convert 1 7, DW_OP_LLVM_convert 8 7, DW_OP_stack_value] $r1
	.loc	3 301 9 is_stmt 0               @ ../07_TCPL04B_MCAL/tcpl04x_ll_gpio.c:301:9
	cmp	r0, #4
	bhi	.LBB9_3
.Ltmp102:
@ %bb.2:
	@DEBUG_VALUE: ll_gpio_ano_lpm_config:keep_high <- [DW_OP_LLVM_convert 1 7, DW_OP_LLVM_convert 8 7, DW_OP_stack_value] $r1
	@DEBUG_VALUE: ll_gpio_ano_lpm_config:gpio_pin <- $r0
	@DEBUG_VALUE: ll_gpio_ano_lpm_config:keep_high <- [DW_OP_LLVM_convert 1 7, DW_OP_LLVM_convert 8 7, DW_OP_stack_value] $r1
	.loc	3 0 9                           @ ../07_TCPL04B_MCAL/tcpl04x_ll_gpio.c:0:9
	ldr	r2, __arm_cp.9_0
	.loc	3 308 43 is_stmt 1              @ ../07_TCPL04B_MCAL/tcpl04x_ll_gpio.c:308:43
	ldr	r3, [r2]
	movs	r4, #6
	bics	r3, r4
	lsls	r0, r0, #1
.Ltmp103:
	@DEBUG_VALUE: ll_gpio_ano_lpm_config:gpio_pin <- [DW_OP_LLVM_entry_value 1] $r0
	adds	r0, r0, #6
	ands	r0, r4
	adds	r0, r3, r0
	str	r0, [r2]
	.loc	3 309 43                        @ ../07_TCPL04B_MCAL/tcpl04x_ll_gpio.c:309:43
	subs	r0, r1, #1
	sbcs	r1, r0
.Ltmp104:
	lsls	r0, r1, #4
	ldr	r1, [r2]
	movs	r3, #16
	bics	r1, r3
	orrs	r1, r0
	str	r1, [r2]
	.loc	3 310 42                        @ ../07_TCPL04B_MCAL/tcpl04x_ll_gpio.c:310:42
	ldr	r0, [r2]
	movs	r1, #1
	orrs	r1, r0
	str	r1, [r2]
.Ltmp105:
.LBB9_3:
	.loc	3 313 1 epilogue_begin          @ ../07_TCPL04B_MCAL/tcpl04x_ll_gpio.c:313:1
	pop	{r4, pc}
.Ltmp106:
	.p2align	2
@ %bb.4:
	.loc	3 0 1 is_stmt 0                 @ ../07_TCPL04B_MCAL/tcpl04x_ll_gpio.c:0:1
__arm_cp.9_0:
	.long	1073791056                      @ 0x4000c050
.Lcpi_end38:
	.size	__arm_cp.9_0, .Lcpi_end38-__arm_cp.9_0
.Lfunc_end9:
	.size	ll_gpio_ano_lpm_config, .Lfunc_end9-ll_gpio_ano_lpm_config
	.cfi_endproc
	.cantunwind
	.fnend
                                        @ -- End function
	.section	.text.ll_gpio_reset_enable,"ax",%progbits
	.hidden	ll_gpio_reset_enable            @ -- Begin function ll_gpio_reset_enable
	.globl	ll_gpio_reset_enable
	.p2align	2
	.type	ll_gpio_reset_enable,%function
	.code	16                              @ @ll_gpio_reset_enable
	.thumb_func
ll_gpio_reset_enable:
.Lfunc_begin10:
	.fnstart
	.cfi_startproc
@ %bb.0:
	@DEBUG_VALUE: ll_gpio_reset_enable:enable <- [DW_OP_LLVM_convert 1 7, DW_OP_LLVM_convert 8 7, DW_OP_stack_value] $r0
	.loc	3 326 29 prologue_end is_stmt 1 @ ../07_TCPL04B_MCAL/tcpl04x_ll_gpio.c:326:29
	cmp	r0, #0
	bne	.LBB10_2
.Ltmp107:
@ %bb.1:
	@DEBUG_VALUE: ll_gpio_reset_enable:enable <- [DW_OP_LLVM_convert 1 7, DW_OP_LLVM_convert 8 7, DW_OP_stack_value] $r0
	.loc	3 0 29 is_stmt 0                @ ../07_TCPL04B_MCAL/tcpl04x_ll_gpio.c:0:29
	ldr	r0, __arm_cp.10_1
.Ltmp108:
	b	.LBB10_3
.LBB10_2:
.Ltmp109:
	@DEBUG_VALUE: ll_gpio_reset_enable:enable <- [DW_OP_LLVM_convert 1 7, DW_OP_LLVM_convert 8 7, DW_OP_stack_value] $r0
	ldr	r0, __arm_cp.10_0
.Ltmp110:
.LBB10_3:
	ldr	r1, __arm_cp.10_2
	.loc	3 326 27                        @ ../07_TCPL04B_MCAL/tcpl04x_ll_gpio.c:326:27
	str	r0, [r1]
	.loc	3 329 1 is_stmt 1               @ ../07_TCPL04B_MCAL/tcpl04x_ll_gpio.c:329:1
	bx	lr
.Ltmp111:
	.p2align	2
@ %bb.4:
	.loc	3 0 1 is_stmt 0                 @ ../07_TCPL04B_MCAL/tcpl04x_ll_gpio.c:0:1
__arm_cp.10_0:
	.long	305419896                       @ 0x12345678
.Lcpi_end39:
	.size	__arm_cp.10_0, .Lcpi_end39-__arm_cp.10_0
__arm_cp.10_1:
	.long	2857740885                      @ 0xaa55aa55
.Lcpi_end40:
	.size	__arm_cp.10_1, .Lcpi_end40-__arm_cp.10_1
__arm_cp.10_2:
	.long	1073791044                      @ 0x4000c044
.Lcpi_end41:
	.size	__arm_cp.10_2, .Lcpi_end41-__arm_cp.10_2
.Lfunc_end10:
	.size	ll_gpio_reset_enable, .Lfunc_end10-ll_gpio_reset_enable
	.cfi_endproc
	.cantunwind
	.fnend
                                        @ -- End function
	.section	.text.GPIO_IRQHandler,"ax",%progbits
	.hidden	GPIO_IRQHandler                 @ -- Begin function GPIO_IRQHandler
	.globl	GPIO_IRQHandler
	.p2align	2
	.type	GPIO_IRQHandler,%function
	.code	16                              @ @GPIO_IRQHandler
	.thumb_func
GPIO_IRQHandler:
.Lfunc_begin11:
	.loc	3 339 0 is_stmt 1               @ ../07_TCPL04B_MCAL/tcpl04x_ll_gpio.c:339:0
	.fnstart
	.cfi_startproc
@ %bb.0:
	.save	{r4, r5, r6, lr}
	push	{r4, r5, r6, lr}
	.cfi_def_cfa_offset 16
	.cfi_offset lr, -4
	.cfi_offset r6, -8
	.cfi_offset r5, -12
	.cfi_offset r4, -16
	ldr	r4, __arm_cp.11_0
.Ltmp112:
	.loc	3 340 39 prologue_end           @ ../07_TCPL04B_MCAL/tcpl04x_ll_gpio.c:340:39
	ldr	r5, [r4, #16]
.Ltmp113:
	@DEBUG_VALUE: GPIO_IRQHandler:isr <- [DW_OP_constu 511, DW_OP_and, DW_OP_stack_value] $r5
	.loc	3 342 9                         @ ../07_TCPL04B_MCAL/tcpl04x_ll_gpio.c:342:9
	ldr	r0, __arm_cp.11_1
	ldr	r1, [r0]
	ldr	r6, __arm_cp.11_2
.Ltmp114:
	.loc	3 342 9 is_stmt 0               @ ../07_TCPL04B_MCAL/tcpl04x_ll_gpio.c:342:9
	cmp	r1, #0
	beq	.LBB11_2
.Ltmp115:
@ %bb.1:
	@DEBUG_VALUE: GPIO_IRQHandler:isr <- [DW_OP_constu 511, DW_OP_and, DW_OP_stack_value] $r5
	.loc	3 340 39 is_stmt 1              @ ../07_TCPL04B_MCAL/tcpl04x_ll_gpio.c:340:39
	mov	r0, r5
	ands	r0, r6
.Ltmp116:
	@DEBUG_VALUE: GPIO_IRQHandler:isr <- $r0
	.loc	3 344 9                         @ ../07_TCPL04B_MCAL/tcpl04x_ll_gpio.c:344:9
	blx	r1
.Ltmp117:
.LBB11_2:
	.loc	3 347 29                        @ ../07_TCPL04B_MCAL/tcpl04x_ll_gpio.c:347:29
	ldr	r0, [r4]
	orrs	r0, r5
	ands	r0, r6
	ldr	r1, [r4]
	ldr	r2, __arm_cp.11_3
	ands	r2, r1
	adds	r0, r2, r0
	str	r0, [r4]
	.loc	3 348 1 epilogue_begin          @ ../07_TCPL04B_MCAL/tcpl04x_ll_gpio.c:348:1
	pop	{r4, r5, r6, pc}
.Ltmp118:
	.p2align	2
@ %bb.3:
	.loc	3 0 1 is_stmt 0                 @ ../07_TCPL04B_MCAL/tcpl04x_ll_gpio.c:0:1
__arm_cp.11_0:
	.long	1073774608                      @ 0x40008010
.Lcpi_end42:
	.size	__arm_cp.11_0, .Lcpi_end42-__arm_cp.11_0
__arm_cp.11_1:
	.long	gpio_isr_callback
.Lcpi_end43:
	.size	__arm_cp.11_1, .Lcpi_end43-__arm_cp.11_1
__arm_cp.11_2:
	.long	511                             @ 0x1ff
.Lcpi_end44:
	.size	__arm_cp.11_2, .Lcpi_end44-__arm_cp.11_2
__arm_cp.11_3:
	.long	4294966784                      @ 0xfffffe00
.Lcpi_end45:
	.size	__arm_cp.11_3, .Lcpi_end45-__arm_cp.11_3
.Lfunc_end11:
	.size	GPIO_IRQHandler, .Lfunc_end11-GPIO_IRQHandler
	.cfi_endproc
	.cantunwind
	.fnend
                                        @ -- End function
	.type	gpio_isr_callback,%object       @ @gpio_isr_callback
	.section	.bss.gpio_isr_callback,"aw",%nobits
	.p2align	2, 0x0
gpio_isr_callback:
	.long	0
	.size	gpio_isr_callback, 4

	.section	.debug_loc,"",%progbits
.Ldebug_loc0:
	.long	-1
	.long	.Lfunc_begin1                   @   base address
	.long	.Lfunc_begin1-.Lfunc_begin1
	.long	.Ltmp2-.Lfunc_begin1
	.short	1                               @ Loc expr size
	.byte	80                              @ DW_OP_reg0
	.long	.Ltmp2-.Lfunc_begin1
	.long	.Ltmp27-.Lfunc_begin1
	.short	1                               @ Loc expr size
	.byte	85                              @ DW_OP_reg5
	.long	.Ltmp28-.Lfunc_begin1
	.long	.Ltmp32-.Lfunc_begin1
	.short	1                               @ Loc expr size
	.byte	85                              @ DW_OP_reg5
	.long	.Ltmp32-.Lfunc_begin1
	.long	.Ltmp34-.Lfunc_begin1
	.short	4                               @ Loc expr size
	.byte	243                             @ DW_OP_GNU_entry_value
	.byte	1                               @ 1
	.byte	80                              @ DW_OP_reg0
	.byte	159                             @ DW_OP_stack_value
	.long	.Ltmp34-.Lfunc_begin1
	.long	.Ltmp35-.Lfunc_begin1
	.short	1                               @ Loc expr size
	.byte	85                              @ DW_OP_reg5
	.long	.Ltmp35-.Lfunc_begin1
	.long	.Ltmp37-.Lfunc_begin1
	.short	4                               @ Loc expr size
	.byte	243                             @ DW_OP_GNU_entry_value
	.byte	1                               @ 1
	.byte	80                              @ DW_OP_reg0
	.byte	159                             @ DW_OP_stack_value
	.long	.Ltmp38-.Lfunc_begin1
	.long	.Ltmp39-.Lfunc_begin1
	.short	1                               @ Loc expr size
	.byte	85                              @ DW_OP_reg5
	.long	.Ltmp39-.Lfunc_begin1
	.long	.Ltmp42-.Lfunc_begin1
	.short	4                               @ Loc expr size
	.byte	243                             @ DW_OP_GNU_entry_value
	.byte	1                               @ 1
	.byte	80                              @ DW_OP_reg0
	.byte	159                             @ DW_OP_stack_value
	.long	.Ltmp42-.Lfunc_begin1
	.long	.Ltmp43-.Lfunc_begin1
	.short	1                               @ Loc expr size
	.byte	85                              @ DW_OP_reg5
	.long	0
	.long	0
.Ldebug_loc1:
	.long	-1
	.long	.Lfunc_begin1                   @   base address
	.long	.Lfunc_begin1-.Lfunc_begin1
	.long	.Ltmp19-.Lfunc_begin1
	.short	1                               @ Loc expr size
	.byte	81                              @ DW_OP_reg1
	.long	.Ltmp19-.Lfunc_begin1
	.long	.Ltmp27-.Lfunc_begin1
	.short	2                               @ Loc expr size
	.byte	125                             @ DW_OP_breg13
	.byte	0                               @ 0
	.long	.Ltmp28-.Lfunc_begin1
	.long	.Ltmp44-.Lfunc_begin1
	.short	2                               @ Loc expr size
	.byte	125                             @ DW_OP_breg13
	.byte	0                               @ 0
	.long	.Ltmp44-.Lfunc_begin1
	.long	.Ltmp45-.Lfunc_begin1
	.short	1                               @ Loc expr size
	.byte	81                              @ DW_OP_reg1
	.long	.Ltmp45-.Lfunc_begin1
	.long	.Ltmp46-.Lfunc_begin1
	.short	4                               @ Loc expr size
	.byte	243                             @ DW_OP_GNU_entry_value
	.byte	1                               @ 1
	.byte	81                              @ DW_OP_reg1
	.byte	159                             @ DW_OP_stack_value
	.long	0
	.long	0
.Ldebug_loc2:
	.long	-1
	.long	.Lfunc_begin1                   @   base address
	.long	.Ltmp2-.Lfunc_begin1
	.long	.Ltmp11-.Lfunc_begin1
	.short	2                               @ Loc expr size
	.byte	48                              @ DW_OP_lit0
	.byte	159                             @ DW_OP_stack_value
	.long	.Ltmp11-.Lfunc_begin1
	.long	.Ltmp18-.Lfunc_begin1
	.short	1                               @ Loc expr size
	.byte	83                              @ DW_OP_reg3
	.long	.Ltmp18-.Lfunc_begin1
	.long	.Ltmp27-.Lfunc_begin1
	.short	1                               @ Loc expr size
	.byte	84                              @ DW_OP_reg4
	.long	.Ltmp28-.Lfunc_begin1
	.long	.Ltmp30-.Lfunc_begin1
	.short	1                               @ Loc expr size
	.byte	84                              @ DW_OP_reg4
	.long	.Ltmp31-.Lfunc_begin1
	.long	.Ltmp33-.Lfunc_begin1
	.short	1                               @ Loc expr size
	.byte	84                              @ DW_OP_reg4
	.long	.Ltmp34-.Lfunc_begin1
	.long	.Ltmp36-.Lfunc_begin1
	.short	1                               @ Loc expr size
	.byte	84                              @ DW_OP_reg4
	.long	.Ltmp38-.Lfunc_begin1
	.long	.Ltmp40-.Lfunc_begin1
	.short	1                               @ Loc expr size
	.byte	84                              @ DW_OP_reg4
	.long	.Ltmp42-.Lfunc_begin1
	.long	.Ltmp43-.Lfunc_begin1
	.short	1                               @ Loc expr size
	.byte	84                              @ DW_OP_reg4
	.long	0
	.long	0
.Ldebug_loc3:
	.long	-1
	.long	.Lfunc_begin1                   @   base address
	.long	.Ltmp6-.Lfunc_begin1
	.long	.Ltmp23-.Lfunc_begin1
	.short	1                               @ Loc expr size
	.byte	87                              @ DW_OP_reg7
	.long	0
	.long	0
.Ldebug_loc4:
	.long	-1
	.long	.Lfunc_begin2                   @   base address
	.long	.Lfunc_begin2-.Lfunc_begin2
	.long	.Ltmp49-.Lfunc_begin2
	.short	1                               @ Loc expr size
	.byte	80                              @ DW_OP_reg0
	.long	.Ltmp49-.Lfunc_begin2
	.long	.Ltmp50-.Lfunc_begin2
	.short	4                               @ Loc expr size
	.byte	243                             @ DW_OP_GNU_entry_value
	.byte	1                               @ 1
	.byte	80                              @ DW_OP_reg0
	.byte	159                             @ DW_OP_stack_value
	.long	0
	.long	0
.Ldebug_loc5:
	.long	-1
	.long	.Lfunc_begin3                   @   base address
	.long	.Lfunc_begin3-.Lfunc_begin3
	.long	.Ltmp52-.Lfunc_begin3
	.short	1                               @ Loc expr size
	.byte	80                              @ DW_OP_reg0
	.long	.Ltmp52-.Lfunc_begin3
	.long	.Ltmp59-.Lfunc_begin3
	.short	4                               @ Loc expr size
	.byte	243                             @ DW_OP_GNU_entry_value
	.byte	1                               @ 1
	.byte	80                              @ DW_OP_reg0
	.byte	159                             @ DW_OP_stack_value
	.long	0
	.long	0
.Ldebug_loc6:
	.long	-1
	.long	.Lfunc_begin3                   @   base address
	.long	.Lfunc_begin3-.Lfunc_begin3
	.long	.Ltmp57-.Lfunc_begin3
	.short	6                               @ Loc expr size
	.byte	113                             @ DW_OP_breg1
	.byte	0                               @ 0
	.byte	16                              @ DW_OP_constu
	.byte	1                               @ 1
	.byte	26                              @ DW_OP_and
	.byte	159                             @ DW_OP_stack_value
	.long	0
	.long	0
.Ldebug_loc7:
	.long	-1
	.long	.Lfunc_begin4                   @   base address
	.long	.Lfunc_begin4-.Lfunc_begin4
	.long	.Ltmp61-.Lfunc_begin4
	.short	1                               @ Loc expr size
	.byte	80                              @ DW_OP_reg0
	.long	.Ltmp61-.Lfunc_begin4
	.long	.Ltmp62-.Lfunc_begin4
	.short	4                               @ Loc expr size
	.byte	243                             @ DW_OP_GNU_entry_value
	.byte	1                               @ 1
	.byte	80                              @ DW_OP_reg0
	.byte	159                             @ DW_OP_stack_value
	.long	0
	.long	0
.Ldebug_loc8:
	.long	-1
	.long	.Lfunc_begin5                   @   base address
	.long	.Lfunc_begin5-.Lfunc_begin5
	.long	.Ltmp65-.Lfunc_begin5
	.short	1                               @ Loc expr size
	.byte	80                              @ DW_OP_reg0
	.long	.Ltmp65-.Lfunc_begin5
	.long	.Ltmp75-.Lfunc_begin5
	.short	4                               @ Loc expr size
	.byte	243                             @ DW_OP_GNU_entry_value
	.byte	1                               @ 1
	.byte	80                              @ DW_OP_reg0
	.byte	159                             @ DW_OP_stack_value
	.long	0
	.long	0
.Ldebug_loc9:
	.long	-1
	.long	.Lfunc_begin5                   @   base address
	.long	.Lfunc_begin5-.Lfunc_begin5
	.long	.Ltmp68-.Lfunc_begin5
	.short	6                               @ Loc expr size
	.byte	113                             @ DW_OP_breg1
	.byte	0                               @ 0
	.byte	16                              @ DW_OP_constu
	.byte	1                               @ 1
	.byte	26                              @ DW_OP_and
	.byte	159                             @ DW_OP_stack_value
	.long	.Ltmp71-.Lfunc_begin5
	.long	.Ltmp72-.Lfunc_begin5
	.short	6                               @ Loc expr size
	.byte	113                             @ DW_OP_breg1
	.byte	0                               @ 0
	.byte	16                              @ DW_OP_constu
	.byte	1                               @ 1
	.byte	26                              @ DW_OP_and
	.byte	159                             @ DW_OP_stack_value
	.long	0
	.long	0
.Ldebug_loc10:
	.long	-1
	.long	.Lfunc_begin6                   @   base address
	.long	.Lfunc_begin6-.Lfunc_begin6
	.long	.Ltmp77-.Lfunc_begin6
	.short	1                               @ Loc expr size
	.byte	80                              @ DW_OP_reg0
	.long	.Ltmp77-.Lfunc_begin6
	.long	.Ltmp78-.Lfunc_begin6
	.short	4                               @ Loc expr size
	.byte	243                             @ DW_OP_GNU_entry_value
	.byte	1                               @ 1
	.byte	80                              @ DW_OP_reg0
	.byte	159                             @ DW_OP_stack_value
	.long	0
	.long	0
.Ldebug_loc11:
	.long	-1
	.long	.Lfunc_begin7                   @   base address
	.long	.Lfunc_begin7-.Lfunc_begin7
	.long	.Ltmp80-.Lfunc_begin7
	.short	1                               @ Loc expr size
	.byte	80                              @ DW_OP_reg0
	.long	.Ltmp80-.Lfunc_begin7
	.long	.Ltmp81-.Lfunc_begin7
	.short	4                               @ Loc expr size
	.byte	243                             @ DW_OP_GNU_entry_value
	.byte	1                               @ 1
	.byte	80                              @ DW_OP_reg0
	.byte	159                             @ DW_OP_stack_value
	.long	0
	.long	0
.Ldebug_loc12:
	.long	-1
	.long	.Lfunc_begin8                   @   base address
	.long	.Lfunc_begin8-.Lfunc_begin8
	.long	.Ltmp83-.Lfunc_begin8
	.short	1                               @ Loc expr size
	.byte	80                              @ DW_OP_reg0
	.long	.Ltmp83-.Lfunc_begin8
	.long	.Ltmp97-.Lfunc_begin8
	.short	1                               @ Loc expr size
	.byte	85                              @ DW_OP_reg5
	.long	.Ltmp97-.Lfunc_begin8
	.long	.Ltmp98-.Lfunc_begin8
	.short	4                               @ Loc expr size
	.byte	243                             @ DW_OP_GNU_entry_value
	.byte	1                               @ 1
	.byte	80                              @ DW_OP_reg0
	.byte	159                             @ DW_OP_stack_value
	.long	0
	.long	0
.Ldebug_loc13:
	.long	-1
	.long	.Lfunc_begin8                   @   base address
	.long	.Lfunc_begin8-.Lfunc_begin8
	.long	.Ltmp82-.Lfunc_begin8
	.short	1                               @ Loc expr size
	.byte	81                              @ DW_OP_reg1
	.long	.Ltmp82-.Lfunc_begin8
	.long	.Ltmp96-.Lfunc_begin8
	.short	1                               @ Loc expr size
	.byte	84                              @ DW_OP_reg4
	.long	.Ltmp96-.Lfunc_begin8
	.long	.Ltmp98-.Lfunc_begin8
	.short	4                               @ Loc expr size
	.byte	243                             @ DW_OP_GNU_entry_value
	.byte	1                               @ 1
	.byte	81                              @ DW_OP_reg1
	.byte	159                             @ DW_OP_stack_value
	.long	0
	.long	0
.Ldebug_loc14:
	.long	-1
	.long	.Lfunc_begin8                   @   base address
	.long	.Ltmp83-.Lfunc_begin8
	.long	.Ltmp89-.Lfunc_begin8
	.short	2                               @ Loc expr size
	.byte	48                              @ DW_OP_lit0
	.byte	159                             @ DW_OP_stack_value
	.long	.Ltmp89-.Lfunc_begin8
	.long	.Ltmp95-.Lfunc_begin8
	.short	1                               @ Loc expr size
	.byte	82                              @ DW_OP_reg2
	.long	0
	.long	0
.Ldebug_loc15:
	.long	-1
	.long	.Lfunc_begin8                   @   base address
	.long	.Ltmp86-.Lfunc_begin8
	.long	.Ltmp88-.Lfunc_begin8
	.short	1                               @ Loc expr size
	.byte	86                              @ DW_OP_reg6
	.long	0
	.long	0
.Ldebug_loc16:
	.long	-1
	.long	.Lfunc_begin9                   @   base address
	.long	.Lfunc_begin9-.Lfunc_begin9
	.long	.Ltmp103-.Lfunc_begin9
	.short	1                               @ Loc expr size
	.byte	80                              @ DW_OP_reg0
	.long	.Ltmp103-.Lfunc_begin9
	.long	.Ltmp105-.Lfunc_begin9
	.short	4                               @ Loc expr size
	.byte	243                             @ DW_OP_GNU_entry_value
	.byte	1                               @ 1
	.byte	80                              @ DW_OP_reg0
	.byte	159                             @ DW_OP_stack_value
	.long	0
	.long	0
.Ldebug_loc17:
	.long	-1
	.long	.Lfunc_begin9                   @   base address
	.long	.Lfunc_begin9-.Lfunc_begin9
	.long	.Ltmp104-.Lfunc_begin9
	.short	6                               @ Loc expr size
	.byte	113                             @ DW_OP_breg1
	.byte	0                               @ 0
	.byte	16                              @ DW_OP_constu
	.byte	1                               @ 1
	.byte	26                              @ DW_OP_and
	.byte	159                             @ DW_OP_stack_value
	.long	0
	.long	0
.Ldebug_loc18:
	.long	-1
	.long	.Lfunc_begin10                  @   base address
	.long	.Lfunc_begin10-.Lfunc_begin10
	.long	.Ltmp108-.Lfunc_begin10
	.short	6                               @ Loc expr size
	.byte	112                             @ DW_OP_breg0
	.byte	0                               @ 0
	.byte	16                              @ DW_OP_constu
	.byte	1                               @ 1
	.byte	26                              @ DW_OP_and
	.byte	159                             @ DW_OP_stack_value
	.long	.Ltmp109-.Lfunc_begin10
	.long	.Ltmp110-.Lfunc_begin10
	.short	6                               @ Loc expr size
	.byte	112                             @ DW_OP_breg0
	.byte	0                               @ 0
	.byte	16                              @ DW_OP_constu
	.byte	1                               @ 1
	.byte	26                              @ DW_OP_and
	.byte	159                             @ DW_OP_stack_value
	.long	0
	.long	0
.Ldebug_loc19:
	.long	-1
	.long	.Lfunc_begin11                  @   base address
	.long	.Ltmp113-.Lfunc_begin11
	.long	.Ltmp116-.Lfunc_begin11
	.short	7                               @ Loc expr size
	.byte	117                             @ DW_OP_breg5
	.byte	0                               @ 0
	.byte	16                              @ DW_OP_constu
	.byte	255                             @ 511
	.byte	3                               @ 
	.byte	26                              @ DW_OP_and
	.byte	159                             @ DW_OP_stack_value
	.long	.Ltmp116-.Lfunc_begin11
	.long	.Ltmp117-.Lfunc_begin11
	.short	1                               @ Loc expr size
	.byte	80                              @ DW_OP_reg0
	.long	0
	.long	0
	.section	.debug_abbrev,"",%progbits
	.byte	1                               @ Abbreviation Code
	.byte	17                              @ DW_TAG_compile_unit
	.byte	1                               @ DW_CHILDREN_yes
	.byte	37                              @ DW_AT_producer
	.byte	14                              @ DW_FORM_strp
	.byte	19                              @ DW_AT_language
	.byte	5                               @ DW_FORM_data2
	.byte	3                               @ DW_AT_name
	.byte	14                              @ DW_FORM_strp
	.byte	16                              @ DW_AT_stmt_list
	.byte	23                              @ DW_FORM_sec_offset
	.byte	27                              @ DW_AT_comp_dir
	.byte	14                              @ DW_FORM_strp
	.byte	17                              @ DW_AT_low_pc
	.byte	1                               @ DW_FORM_addr
	.byte	85                              @ DW_AT_ranges
	.byte	23                              @ DW_FORM_sec_offset
	.byte	0                               @ EOM(1)
	.byte	0                               @ EOM(2)
	.byte	2                               @ Abbreviation Code
	.byte	52                              @ DW_TAG_variable
	.byte	0                               @ DW_CHILDREN_no
	.byte	3                               @ DW_AT_name
	.byte	14                              @ DW_FORM_strp
	.byte	73                              @ DW_AT_type
	.byte	19                              @ DW_FORM_ref4
	.byte	58                              @ DW_AT_decl_file
	.byte	11                              @ DW_FORM_data1
	.byte	59                              @ DW_AT_decl_line
	.byte	11                              @ DW_FORM_data1
	.byte	2                               @ DW_AT_location
	.byte	24                              @ DW_FORM_exprloc
	.byte	0                               @ EOM(1)
	.byte	0                               @ EOM(2)
	.byte	3                               @ Abbreviation Code
	.byte	22                              @ DW_TAG_typedef
	.byte	0                               @ DW_CHILDREN_no
	.byte	73                              @ DW_AT_type
	.byte	19                              @ DW_FORM_ref4
	.byte	3                               @ DW_AT_name
	.byte	14                              @ DW_FORM_strp
	.byte	58                              @ DW_AT_decl_file
	.byte	11                              @ DW_FORM_data1
	.byte	59                              @ DW_AT_decl_line
	.byte	11                              @ DW_FORM_data1
	.byte	0                               @ EOM(1)
	.byte	0                               @ EOM(2)
	.byte	4                               @ Abbreviation Code
	.byte	15                              @ DW_TAG_pointer_type
	.byte	0                               @ DW_CHILDREN_no
	.byte	73                              @ DW_AT_type
	.byte	19                              @ DW_FORM_ref4
	.byte	0                               @ EOM(1)
	.byte	0                               @ EOM(2)
	.byte	5                               @ Abbreviation Code
	.byte	21                              @ DW_TAG_subroutine_type
	.byte	1                               @ DW_CHILDREN_yes
	.byte	39                              @ DW_AT_prototyped
	.byte	25                              @ DW_FORM_flag_present
	.byte	0                               @ EOM(1)
	.byte	0                               @ EOM(2)
	.byte	6                               @ Abbreviation Code
	.byte	5                               @ DW_TAG_formal_parameter
	.byte	0                               @ DW_CHILDREN_no
	.byte	73                              @ DW_AT_type
	.byte	19                              @ DW_FORM_ref4
	.byte	0                               @ EOM(1)
	.byte	0                               @ EOM(2)
	.byte	7                               @ Abbreviation Code
	.byte	36                              @ DW_TAG_base_type
	.byte	0                               @ DW_CHILDREN_no
	.byte	3                               @ DW_AT_name
	.byte	14                              @ DW_FORM_strp
	.byte	62                              @ DW_AT_encoding
	.byte	11                              @ DW_FORM_data1
	.byte	11                              @ DW_AT_byte_size
	.byte	11                              @ DW_FORM_data1
	.byte	0                               @ EOM(1)
	.byte	0                               @ EOM(2)
	.byte	8                               @ Abbreviation Code
	.byte	4                               @ DW_TAG_enumeration_type
	.byte	1                               @ DW_CHILDREN_yes
	.byte	73                              @ DW_AT_type
	.byte	19                              @ DW_FORM_ref4
	.byte	11                              @ DW_AT_byte_size
	.byte	11                              @ DW_FORM_data1
	.byte	58                              @ DW_AT_decl_file
	.byte	11                              @ DW_FORM_data1
	.byte	59                              @ DW_AT_decl_line
	.byte	11                              @ DW_FORM_data1
	.byte	0                               @ EOM(1)
	.byte	0                               @ EOM(2)
	.byte	9                               @ Abbreviation Code
	.byte	40                              @ DW_TAG_enumerator
	.byte	0                               @ DW_CHILDREN_no
	.byte	3                               @ DW_AT_name
	.byte	14                              @ DW_FORM_strp
	.byte	28                              @ DW_AT_const_value
	.byte	15                              @ DW_FORM_udata
	.byte	0                               @ EOM(1)
	.byte	0                               @ EOM(2)
	.byte	10                              @ Abbreviation Code
	.byte	4                               @ DW_TAG_enumeration_type
	.byte	1                               @ DW_CHILDREN_yes
	.byte	73                              @ DW_AT_type
	.byte	19                              @ DW_FORM_ref4
	.byte	3                               @ DW_AT_name
	.byte	14                              @ DW_FORM_strp
	.byte	11                              @ DW_AT_byte_size
	.byte	11                              @ DW_FORM_data1
	.byte	58                              @ DW_AT_decl_file
	.byte	11                              @ DW_FORM_data1
	.byte	59                              @ DW_AT_decl_line
	.byte	11                              @ DW_FORM_data1
	.byte	0                               @ EOM(1)
	.byte	0                               @ EOM(2)
	.byte	11                              @ Abbreviation Code
	.byte	40                              @ DW_TAG_enumerator
	.byte	0                               @ DW_CHILDREN_no
	.byte	3                               @ DW_AT_name
	.byte	14                              @ DW_FORM_strp
	.byte	28                              @ DW_AT_const_value
	.byte	13                              @ DW_FORM_sdata
	.byte	0                               @ EOM(1)
	.byte	0                               @ EOM(2)
	.byte	12                              @ Abbreviation Code
	.byte	22                              @ DW_TAG_typedef
	.byte	0                               @ DW_CHILDREN_no
	.byte	73                              @ DW_AT_type
	.byte	19                              @ DW_FORM_ref4
	.byte	3                               @ DW_AT_name
	.byte	14                              @ DW_FORM_strp
	.byte	58                              @ DW_AT_decl_file
	.byte	11                              @ DW_FORM_data1
	.byte	59                              @ DW_AT_decl_line
	.byte	5                               @ DW_FORM_data2
	.byte	0                               @ EOM(1)
	.byte	0                               @ EOM(2)
	.byte	13                              @ Abbreviation Code
	.byte	19                              @ DW_TAG_structure_type
	.byte	1                               @ DW_CHILDREN_yes
	.byte	11                              @ DW_AT_byte_size
	.byte	5                               @ DW_FORM_data2
	.byte	58                              @ DW_AT_decl_file
	.byte	11                              @ DW_FORM_data1
	.byte	59                              @ DW_AT_decl_line
	.byte	5                               @ DW_FORM_data2
	.byte	0                               @ EOM(1)
	.byte	0                               @ EOM(2)
	.byte	14                              @ Abbreviation Code
	.byte	13                              @ DW_TAG_member
	.byte	0                               @ DW_CHILDREN_no
	.byte	73                              @ DW_AT_type
	.byte	19                              @ DW_FORM_ref4
	.byte	58                              @ DW_AT_decl_file
	.byte	11                              @ DW_FORM_data1
	.byte	59                              @ DW_AT_decl_line
	.byte	5                               @ DW_FORM_data2
	.byte	56                              @ DW_AT_data_member_location
	.byte	11                              @ DW_FORM_data1
	.byte	0                               @ EOM(1)
	.byte	0                               @ EOM(2)
	.byte	15                              @ Abbreviation Code
	.byte	23                              @ DW_TAG_union_type
	.byte	1                               @ DW_CHILDREN_yes
	.byte	11                              @ DW_AT_byte_size
	.byte	11                              @ DW_FORM_data1
	.byte	58                              @ DW_AT_decl_file
	.byte	11                              @ DW_FORM_data1
	.byte	59                              @ DW_AT_decl_line
	.byte	5                               @ DW_FORM_data2
	.byte	0                               @ EOM(1)
	.byte	0                               @ EOM(2)
	.byte	16                              @ Abbreviation Code
	.byte	13                              @ DW_TAG_member
	.byte	0                               @ DW_CHILDREN_no
	.byte	3                               @ DW_AT_name
	.byte	14                              @ DW_FORM_strp
	.byte	73                              @ DW_AT_type
	.byte	19                              @ DW_FORM_ref4
	.byte	58                              @ DW_AT_decl_file
	.byte	11                              @ DW_FORM_data1
	.byte	59                              @ DW_AT_decl_line
	.byte	5                               @ DW_FORM_data2
	.byte	56                              @ DW_AT_data_member_location
	.byte	11                              @ DW_FORM_data1
	.byte	0                               @ EOM(1)
	.byte	0                               @ EOM(2)
	.byte	17                              @ Abbreviation Code
	.byte	53                              @ DW_TAG_volatile_type
	.byte	0                               @ DW_CHILDREN_no
	.byte	73                              @ DW_AT_type
	.byte	19                              @ DW_FORM_ref4
	.byte	0                               @ EOM(1)
	.byte	0                               @ EOM(2)
	.byte	18                              @ Abbreviation Code
	.byte	19                              @ DW_TAG_structure_type
	.byte	1                               @ DW_CHILDREN_yes
	.byte	11                              @ DW_AT_byte_size
	.byte	11                              @ DW_FORM_data1
	.byte	58                              @ DW_AT_decl_file
	.byte	11                              @ DW_FORM_data1
	.byte	59                              @ DW_AT_decl_line
	.byte	5                               @ DW_FORM_data2
	.byte	0                               @ EOM(1)
	.byte	0                               @ EOM(2)
	.byte	19                              @ Abbreviation Code
	.byte	13                              @ DW_TAG_member
	.byte	0                               @ DW_CHILDREN_no
	.byte	3                               @ DW_AT_name
	.byte	14                              @ DW_FORM_strp
	.byte	73                              @ DW_AT_type
	.byte	19                              @ DW_FORM_ref4
	.byte	58                              @ DW_AT_decl_file
	.byte	11                              @ DW_FORM_data1
	.byte	59                              @ DW_AT_decl_line
	.byte	5                               @ DW_FORM_data2
	.byte	13                              @ DW_AT_bit_size
	.byte	11                              @ DW_FORM_data1
	.byte	107                             @ DW_AT_data_bit_offset
	.byte	11                              @ DW_FORM_data1
	.byte	0                               @ EOM(1)
	.byte	0                               @ EOM(2)
	.byte	20                              @ Abbreviation Code
	.byte	1                               @ DW_TAG_array_type
	.byte	1                               @ DW_CHILDREN_yes
	.byte	73                              @ DW_AT_type
	.byte	19                              @ DW_FORM_ref4
	.byte	0                               @ EOM(1)
	.byte	0                               @ EOM(2)
	.byte	21                              @ Abbreviation Code
	.byte	33                              @ DW_TAG_subrange_type
	.byte	0                               @ DW_CHILDREN_no
	.byte	73                              @ DW_AT_type
	.byte	19                              @ DW_FORM_ref4
	.byte	55                              @ DW_AT_count
	.byte	11                              @ DW_FORM_data1
	.byte	0                               @ EOM(1)
	.byte	0                               @ EOM(2)
	.byte	22                              @ Abbreviation Code
	.byte	36                              @ DW_TAG_base_type
	.byte	0                               @ DW_CHILDREN_no
	.byte	3                               @ DW_AT_name
	.byte	14                              @ DW_FORM_strp
	.byte	11                              @ DW_AT_byte_size
	.byte	11                              @ DW_FORM_data1
	.byte	62                              @ DW_AT_encoding
	.byte	11                              @ DW_FORM_data1
	.byte	0                               @ EOM(1)
	.byte	0                               @ EOM(2)
	.byte	23                              @ Abbreviation Code
	.byte	19                              @ DW_TAG_structure_type
	.byte	1                               @ DW_CHILDREN_yes
	.byte	11                              @ DW_AT_byte_size
	.byte	11                              @ DW_FORM_data1
	.byte	58                              @ DW_AT_decl_file
	.byte	11                              @ DW_FORM_data1
	.byte	59                              @ DW_AT_decl_line
	.byte	11                              @ DW_FORM_data1
	.byte	0                               @ EOM(1)
	.byte	0                               @ EOM(2)
	.byte	24                              @ Abbreviation Code
	.byte	13                              @ DW_TAG_member
	.byte	0                               @ DW_CHILDREN_no
	.byte	73                              @ DW_AT_type
	.byte	19                              @ DW_FORM_ref4
	.byte	58                              @ DW_AT_decl_file
	.byte	11                              @ DW_FORM_data1
	.byte	59                              @ DW_AT_decl_line
	.byte	11                              @ DW_FORM_data1
	.byte	56                              @ DW_AT_data_member_location
	.byte	11                              @ DW_FORM_data1
	.byte	0                               @ EOM(1)
	.byte	0                               @ EOM(2)
	.byte	25                              @ Abbreviation Code
	.byte	23                              @ DW_TAG_union_type
	.byte	1                               @ DW_CHILDREN_yes
	.byte	11                              @ DW_AT_byte_size
	.byte	11                              @ DW_FORM_data1
	.byte	58                              @ DW_AT_decl_file
	.byte	11                              @ DW_FORM_data1
	.byte	59                              @ DW_AT_decl_line
	.byte	11                              @ DW_FORM_data1
	.byte	0                               @ EOM(1)
	.byte	0                               @ EOM(2)
	.byte	26                              @ Abbreviation Code
	.byte	13                              @ DW_TAG_member
	.byte	0                               @ DW_CHILDREN_no
	.byte	3                               @ DW_AT_name
	.byte	14                              @ DW_FORM_strp
	.byte	73                              @ DW_AT_type
	.byte	19                              @ DW_FORM_ref4
	.byte	58                              @ DW_AT_decl_file
	.byte	11                              @ DW_FORM_data1
	.byte	59                              @ DW_AT_decl_line
	.byte	11                              @ DW_FORM_data1
	.byte	56                              @ DW_AT_data_member_location
	.byte	11                              @ DW_FORM_data1
	.byte	0                               @ EOM(1)
	.byte	0                               @ EOM(2)
	.byte	27                              @ Abbreviation Code
	.byte	13                              @ DW_TAG_member
	.byte	0                               @ DW_CHILDREN_no
	.byte	3                               @ DW_AT_name
	.byte	14                              @ DW_FORM_strp
	.byte	73                              @ DW_AT_type
	.byte	19                              @ DW_FORM_ref4
	.byte	58                              @ DW_AT_decl_file
	.byte	11                              @ DW_FORM_data1
	.byte	59                              @ DW_AT_decl_line
	.byte	11                              @ DW_FORM_data1
	.byte	13                              @ DW_AT_bit_size
	.byte	11                              @ DW_FORM_data1
	.byte	107                             @ DW_AT_data_bit_offset
	.byte	11                              @ DW_FORM_data1
	.byte	0                               @ EOM(1)
	.byte	0                               @ EOM(2)
	.byte	28                              @ Abbreviation Code
	.byte	13                              @ DW_TAG_member
	.byte	0                               @ DW_CHILDREN_no
	.byte	3                               @ DW_AT_name
	.byte	14                              @ DW_FORM_strp
	.byte	73                              @ DW_AT_type
	.byte	19                              @ DW_FORM_ref4
	.byte	58                              @ DW_AT_decl_file
	.byte	11                              @ DW_FORM_data1
	.byte	59                              @ DW_AT_decl_line
	.byte	5                               @ DW_FORM_data2
	.byte	56                              @ DW_AT_data_member_location
	.byte	5                               @ DW_FORM_data2
	.byte	0                               @ EOM(1)
	.byte	0                               @ EOM(2)
	.byte	29                              @ Abbreviation Code
	.byte	38                              @ DW_TAG_const_type
	.byte	0                               @ DW_CHILDREN_no
	.byte	73                              @ DW_AT_type
	.byte	19                              @ DW_FORM_ref4
	.byte	0                               @ EOM(1)
	.byte	0                               @ EOM(2)
	.byte	30                              @ Abbreviation Code
	.byte	46                              @ DW_TAG_subprogram
	.byte	0                               @ DW_CHILDREN_no
	.byte	17                              @ DW_AT_low_pc
	.byte	1                               @ DW_FORM_addr
	.byte	18                              @ DW_AT_high_pc
	.byte	6                               @ DW_FORM_data4
	.byte	64                              @ DW_AT_frame_base
	.byte	24                              @ DW_FORM_exprloc
	.ascii	"\227B"                         @ DW_AT_GNU_all_call_sites
	.byte	25                              @ DW_FORM_flag_present
	.byte	3                               @ DW_AT_name
	.byte	14                              @ DW_FORM_strp
	.byte	58                              @ DW_AT_decl_file
	.byte	11                              @ DW_FORM_data1
	.byte	59                              @ DW_AT_decl_line
	.byte	11                              @ DW_FORM_data1
	.byte	39                              @ DW_AT_prototyped
	.byte	25                              @ DW_FORM_flag_present
	.byte	63                              @ DW_AT_external
	.byte	25                              @ DW_FORM_flag_present
	.byte	0                               @ EOM(1)
	.byte	0                               @ EOM(2)
	.byte	31                              @ Abbreviation Code
	.byte	46                              @ DW_TAG_subprogram
	.byte	0                               @ DW_CHILDREN_no
	.byte	3                               @ DW_AT_name
	.byte	14                              @ DW_FORM_strp
	.byte	58                              @ DW_AT_decl_file
	.byte	11                              @ DW_FORM_data1
	.byte	59                              @ DW_AT_decl_line
	.byte	11                              @ DW_FORM_data1
	.byte	39                              @ DW_AT_prototyped
	.byte	25                              @ DW_FORM_flag_present
	.byte	32                              @ DW_AT_inline
	.byte	11                              @ DW_FORM_data1
	.byte	0                               @ EOM(1)
	.byte	0                               @ EOM(2)
	.byte	32                              @ Abbreviation Code
	.byte	46                              @ DW_TAG_subprogram
	.byte	1                               @ DW_CHILDREN_yes
	.byte	3                               @ DW_AT_name
	.byte	14                              @ DW_FORM_strp
	.byte	58                              @ DW_AT_decl_file
	.byte	11                              @ DW_FORM_data1
	.byte	59                              @ DW_AT_decl_line
	.byte	11                              @ DW_FORM_data1
	.byte	39                              @ DW_AT_prototyped
	.byte	25                              @ DW_FORM_flag_present
	.byte	32                              @ DW_AT_inline
	.byte	11                              @ DW_FORM_data1
	.byte	0                               @ EOM(1)
	.byte	0                               @ EOM(2)
	.byte	33                              @ Abbreviation Code
	.byte	5                               @ DW_TAG_formal_parameter
	.byte	0                               @ DW_CHILDREN_no
	.byte	3                               @ DW_AT_name
	.byte	14                              @ DW_FORM_strp
	.byte	58                              @ DW_AT_decl_file
	.byte	11                              @ DW_FORM_data1
	.byte	59                              @ DW_AT_decl_line
	.byte	11                              @ DW_FORM_data1
	.byte	73                              @ DW_AT_type
	.byte	19                              @ DW_FORM_ref4
	.byte	0                               @ EOM(1)
	.byte	0                               @ EOM(2)
	.byte	34                              @ Abbreviation Code
	.byte	46                              @ DW_TAG_subprogram
	.byte	1                               @ DW_CHILDREN_yes
	.byte	3                               @ DW_AT_name
	.byte	14                              @ DW_FORM_strp
	.byte	58                              @ DW_AT_decl_file
	.byte	11                              @ DW_FORM_data1
	.byte	59                              @ DW_AT_decl_line
	.byte	5                               @ DW_FORM_data2
	.byte	39                              @ DW_AT_prototyped
	.byte	25                              @ DW_FORM_flag_present
	.byte	32                              @ DW_AT_inline
	.byte	11                              @ DW_FORM_data1
	.byte	0                               @ EOM(1)
	.byte	0                               @ EOM(2)
	.byte	35                              @ Abbreviation Code
	.byte	5                               @ DW_TAG_formal_parameter
	.byte	0                               @ DW_CHILDREN_no
	.byte	3                               @ DW_AT_name
	.byte	14                              @ DW_FORM_strp
	.byte	58                              @ DW_AT_decl_file
	.byte	11                              @ DW_FORM_data1
	.byte	59                              @ DW_AT_decl_line
	.byte	5                               @ DW_FORM_data2
	.byte	73                              @ DW_AT_type
	.byte	19                              @ DW_FORM_ref4
	.byte	0                               @ EOM(1)
	.byte	0                               @ EOM(2)
	.byte	36                              @ Abbreviation Code
	.byte	46                              @ DW_TAG_subprogram
	.byte	1                               @ DW_CHILDREN_yes
	.byte	17                              @ DW_AT_low_pc
	.byte	1                               @ DW_FORM_addr
	.byte	18                              @ DW_AT_high_pc
	.byte	6                               @ DW_FORM_data4
	.byte	64                              @ DW_AT_frame_base
	.byte	24                              @ DW_FORM_exprloc
	.ascii	"\227B"                         @ DW_AT_GNU_all_call_sites
	.byte	25                              @ DW_FORM_flag_present
	.byte	3                               @ DW_AT_name
	.byte	14                              @ DW_FORM_strp
	.byte	58                              @ DW_AT_decl_file
	.byte	11                              @ DW_FORM_data1
	.byte	59                              @ DW_AT_decl_line
	.byte	11                              @ DW_FORM_data1
	.byte	39                              @ DW_AT_prototyped
	.byte	25                              @ DW_FORM_flag_present
	.byte	63                              @ DW_AT_external
	.byte	25                              @ DW_FORM_flag_present
	.byte	0                               @ EOM(1)
	.byte	0                               @ EOM(2)
	.byte	37                              @ Abbreviation Code
	.byte	5                               @ DW_TAG_formal_parameter
	.byte	0                               @ DW_CHILDREN_no
	.byte	2                               @ DW_AT_location
	.byte	23                              @ DW_FORM_sec_offset
	.byte	3                               @ DW_AT_name
	.byte	14                              @ DW_FORM_strp
	.byte	58                              @ DW_AT_decl_file
	.byte	11                              @ DW_FORM_data1
	.byte	59                              @ DW_AT_decl_line
	.byte	11                              @ DW_FORM_data1
	.byte	73                              @ DW_AT_type
	.byte	19                              @ DW_FORM_ref4
	.byte	0                               @ EOM(1)
	.byte	0                               @ EOM(2)
	.byte	38                              @ Abbreviation Code
	.byte	52                              @ DW_TAG_variable
	.byte	0                               @ DW_CHILDREN_no
	.byte	2                               @ DW_AT_location
	.byte	23                              @ DW_FORM_sec_offset
	.byte	3                               @ DW_AT_name
	.byte	14                              @ DW_FORM_strp
	.byte	58                              @ DW_AT_decl_file
	.byte	11                              @ DW_FORM_data1
	.byte	59                              @ DW_AT_decl_line
	.byte	11                              @ DW_FORM_data1
	.byte	73                              @ DW_AT_type
	.byte	19                              @ DW_FORM_ref4
	.byte	0                               @ EOM(1)
	.byte	0                               @ EOM(2)
	.byte	39                              @ Abbreviation Code
	.byte	29                              @ DW_TAG_inlined_subroutine
	.byte	0                               @ DW_CHILDREN_no
	.byte	49                              @ DW_AT_abstract_origin
	.byte	19                              @ DW_FORM_ref4
	.byte	17                              @ DW_AT_low_pc
	.byte	1                               @ DW_FORM_addr
	.byte	18                              @ DW_AT_high_pc
	.byte	6                               @ DW_FORM_data4
	.byte	88                              @ DW_AT_call_file
	.byte	11                              @ DW_FORM_data1
	.byte	89                              @ DW_AT_call_line
	.byte	11                              @ DW_FORM_data1
	.byte	87                              @ DW_AT_call_column
	.byte	11                              @ DW_FORM_data1
	.byte	0                               @ EOM(1)
	.byte	0                               @ EOM(2)
	.byte	40                              @ Abbreviation Code
	.byte	29                              @ DW_TAG_inlined_subroutine
	.byte	1                               @ DW_CHILDREN_yes
	.byte	49                              @ DW_AT_abstract_origin
	.byte	19                              @ DW_FORM_ref4
	.byte	17                              @ DW_AT_low_pc
	.byte	1                               @ DW_FORM_addr
	.byte	18                              @ DW_AT_high_pc
	.byte	6                               @ DW_FORM_data4
	.byte	88                              @ DW_AT_call_file
	.byte	11                              @ DW_FORM_data1
	.byte	89                              @ DW_AT_call_line
	.byte	11                              @ DW_FORM_data1
	.byte	87                              @ DW_AT_call_column
	.byte	11                              @ DW_FORM_data1
	.byte	0                               @ EOM(1)
	.byte	0                               @ EOM(2)
	.byte	41                              @ Abbreviation Code
	.byte	5                               @ DW_TAG_formal_parameter
	.byte	0                               @ DW_CHILDREN_no
	.byte	28                              @ DW_AT_const_value
	.byte	13                              @ DW_FORM_sdata
	.byte	49                              @ DW_AT_abstract_origin
	.byte	19                              @ DW_FORM_ref4
	.byte	0                               @ EOM(1)
	.byte	0                               @ EOM(2)
	.byte	42                              @ Abbreviation Code
	.byte	5                               @ DW_TAG_formal_parameter
	.byte	0                               @ DW_CHILDREN_no
	.byte	28                              @ DW_AT_const_value
	.byte	15                              @ DW_FORM_udata
	.byte	49                              @ DW_AT_abstract_origin
	.byte	19                              @ DW_FORM_ref4
	.byte	0                               @ EOM(1)
	.byte	0                               @ EOM(2)
	.byte	43                              @ Abbreviation Code
	.byte	46                              @ DW_TAG_subprogram
	.byte	1                               @ DW_CHILDREN_yes
	.byte	17                              @ DW_AT_low_pc
	.byte	1                               @ DW_FORM_addr
	.byte	18                              @ DW_AT_high_pc
	.byte	6                               @ DW_FORM_data4
	.byte	64                              @ DW_AT_frame_base
	.byte	24                              @ DW_FORM_exprloc
	.ascii	"\227B"                         @ DW_AT_GNU_all_call_sites
	.byte	25                              @ DW_FORM_flag_present
	.byte	3                               @ DW_AT_name
	.byte	14                              @ DW_FORM_strp
	.byte	58                              @ DW_AT_decl_file
	.byte	11                              @ DW_FORM_data1
	.byte	59                              @ DW_AT_decl_line
	.byte	11                              @ DW_FORM_data1
	.byte	39                              @ DW_AT_prototyped
	.byte	25                              @ DW_FORM_flag_present
	.byte	73                              @ DW_AT_type
	.byte	19                              @ DW_FORM_ref4
	.byte	63                              @ DW_AT_external
	.byte	25                              @ DW_FORM_flag_present
	.byte	0                               @ EOM(1)
	.byte	0                               @ EOM(2)
	.byte	44                              @ Abbreviation Code
	.byte	46                              @ DW_TAG_subprogram
	.byte	1                               @ DW_CHILDREN_yes
	.byte	17                              @ DW_AT_low_pc
	.byte	1                               @ DW_FORM_addr
	.byte	18                              @ DW_AT_high_pc
	.byte	6                               @ DW_FORM_data4
	.byte	64                              @ DW_AT_frame_base
	.byte	24                              @ DW_FORM_exprloc
	.ascii	"\227B"                         @ DW_AT_GNU_all_call_sites
	.byte	25                              @ DW_FORM_flag_present
	.byte	3                               @ DW_AT_name
	.byte	14                              @ DW_FORM_strp
	.byte	58                              @ DW_AT_decl_file
	.byte	11                              @ DW_FORM_data1
	.byte	59                              @ DW_AT_decl_line
	.byte	5                               @ DW_FORM_data2
	.byte	39                              @ DW_AT_prototyped
	.byte	25                              @ DW_FORM_flag_present
	.byte	63                              @ DW_AT_external
	.byte	25                              @ DW_FORM_flag_present
	.byte	0                               @ EOM(1)
	.byte	0                               @ EOM(2)
	.byte	45                              @ Abbreviation Code
	.byte	5                               @ DW_TAG_formal_parameter
	.byte	0                               @ DW_CHILDREN_no
	.byte	2                               @ DW_AT_location
	.byte	23                              @ DW_FORM_sec_offset
	.byte	3                               @ DW_AT_name
	.byte	14                              @ DW_FORM_strp
	.byte	58                              @ DW_AT_decl_file
	.byte	11                              @ DW_FORM_data1
	.byte	59                              @ DW_AT_decl_line
	.byte	5                               @ DW_FORM_data2
	.byte	73                              @ DW_AT_type
	.byte	19                              @ DW_FORM_ref4
	.byte	0                               @ EOM(1)
	.byte	0                               @ EOM(2)
	.byte	46                              @ Abbreviation Code
	.byte	52                              @ DW_TAG_variable
	.byte	0                               @ DW_CHILDREN_no
	.byte	2                               @ DW_AT_location
	.byte	23                              @ DW_FORM_sec_offset
	.byte	3                               @ DW_AT_name
	.byte	14                              @ DW_FORM_strp
	.byte	58                              @ DW_AT_decl_file
	.byte	11                              @ DW_FORM_data1
	.byte	59                              @ DW_AT_decl_line
	.byte	5                               @ DW_FORM_data2
	.byte	73                              @ DW_AT_type
	.byte	19                              @ DW_FORM_ref4
	.byte	0                               @ EOM(1)
	.byte	0                               @ EOM(2)
	.byte	0                               @ EOM(3)
	.section	.debug_info,"",%progbits
.Lcu_begin0:
	.long	.Ldebug_info_end0-.Ldebug_info_start0 @ Length of Unit
.Ldebug_info_start0:
	.short	4                               @ DWARF version number
	.long	.debug_abbrev                   @ Offset Into Abbrev. Section
	.byte	4                               @ Address Size (in bytes)
	.byte	1                               @ Abbrev [1] 0xb:0x2f4d DW_TAG_compile_unit
	.long	.Linfo_string0                  @ DW_AT_producer
	.short	12                              @ DW_AT_language
	.long	.Linfo_string1                  @ DW_AT_name
	.long	.Lline_table_start0             @ DW_AT_stmt_list
	.long	.Linfo_string2                  @ DW_AT_comp_dir
	.long	0                               @ DW_AT_low_pc
	.long	.Ldebug_ranges0                 @ DW_AT_ranges
	.byte	2                               @ Abbrev [2] 0x26:0x11 DW_TAG_variable
	.long	.Linfo_string3                  @ DW_AT_name
	.long	55                              @ DW_AT_type
	.byte	3                               @ DW_AT_decl_file
	.byte	24                              @ DW_AT_decl_line
	.byte	5                               @ DW_AT_location
	.byte	3
	.long	gpio_isr_callback
	.byte	3                               @ Abbrev [3] 0x37:0xb DW_TAG_typedef
	.long	66                              @ DW_AT_type
	.long	.Linfo_string6                  @ DW_AT_name
	.byte	2                               @ DW_AT_decl_file
	.byte	166                             @ DW_AT_decl_line
	.byte	4                               @ Abbrev [4] 0x42:0x5 DW_TAG_pointer_type
	.long	71                              @ DW_AT_type
	.byte	5                               @ Abbrev [5] 0x47:0x7 DW_TAG_subroutine_type
                                        @ DW_AT_prototyped
	.byte	6                               @ Abbrev [6] 0x48:0x5 DW_TAG_formal_parameter
	.long	78                              @ DW_AT_type
	.byte	0                               @ End Of Children Mark
	.byte	3                               @ Abbrev [3] 0x4e:0xb DW_TAG_typedef
	.long	89                              @ DW_AT_type
	.long	.Linfo_string5                  @ DW_AT_name
	.byte	1                               @ DW_AT_decl_file
	.byte	64                              @ DW_AT_decl_line
	.byte	7                               @ Abbrev [7] 0x59:0x7 DW_TAG_base_type
	.long	.Linfo_string4                  @ DW_AT_name
	.byte	7                               @ DW_AT_encoding
	.byte	4                               @ DW_AT_byte_size
	.byte	8                               @ Abbrev [8] 0x60:0x45 DW_TAG_enumeration_type
	.long	165                             @ DW_AT_type
	.byte	1                               @ DW_AT_byte_size
	.byte	4                               @ DW_AT_decl_file
	.byte	34                              @ DW_AT_decl_line
	.byte	9                               @ Abbrev [9] 0x68:0x6 DW_TAG_enumerator
	.long	.Linfo_string8                  @ DW_AT_name
	.byte	0                               @ DW_AT_const_value
	.byte	9                               @ Abbrev [9] 0x6e:0x6 DW_TAG_enumerator
	.long	.Linfo_string9                  @ DW_AT_name
	.byte	1                               @ DW_AT_const_value
	.byte	9                               @ Abbrev [9] 0x74:0x6 DW_TAG_enumerator
	.long	.Linfo_string10                 @ DW_AT_name
	.byte	2                               @ DW_AT_const_value
	.byte	9                               @ Abbrev [9] 0x7a:0x6 DW_TAG_enumerator
	.long	.Linfo_string11                 @ DW_AT_name
	.byte	3                               @ DW_AT_const_value
	.byte	9                               @ Abbrev [9] 0x80:0x6 DW_TAG_enumerator
	.long	.Linfo_string12                 @ DW_AT_name
	.byte	4                               @ DW_AT_const_value
	.byte	9                               @ Abbrev [9] 0x86:0x6 DW_TAG_enumerator
	.long	.Linfo_string13                 @ DW_AT_name
	.byte	5                               @ DW_AT_const_value
	.byte	9                               @ Abbrev [9] 0x8c:0x6 DW_TAG_enumerator
	.long	.Linfo_string14                 @ DW_AT_name
	.byte	6                               @ DW_AT_const_value
	.byte	9                               @ Abbrev [9] 0x92:0x6 DW_TAG_enumerator
	.long	.Linfo_string15                 @ DW_AT_name
	.byte	7                               @ DW_AT_const_value
	.byte	9                               @ Abbrev [9] 0x98:0x6 DW_TAG_enumerator
	.long	.Linfo_string16                 @ DW_AT_name
	.byte	8                               @ DW_AT_const_value
	.byte	9                               @ Abbrev [9] 0x9e:0x6 DW_TAG_enumerator
	.long	.Linfo_string17                 @ DW_AT_name
	.byte	9                               @ DW_AT_const_value
	.byte	0                               @ End Of Children Mark
	.byte	7                               @ Abbrev [7] 0xa5:0x7 DW_TAG_base_type
	.long	.Linfo_string7                  @ DW_AT_name
	.byte	8                               @ DW_AT_encoding
	.byte	1                               @ DW_AT_byte_size
	.byte	8                               @ Abbrev [8] 0xac:0x21 DW_TAG_enumeration_type
	.long	165                             @ DW_AT_type
	.byte	1                               @ DW_AT_byte_size
	.byte	4                               @ DW_AT_decl_file
	.byte	51                              @ DW_AT_decl_line
	.byte	9                               @ Abbrev [9] 0xb4:0x6 DW_TAG_enumerator
	.long	.Linfo_string18                 @ DW_AT_name
	.byte	0                               @ DW_AT_const_value
	.byte	9                               @ Abbrev [9] 0xba:0x6 DW_TAG_enumerator
	.long	.Linfo_string19                 @ DW_AT_name
	.byte	1                               @ DW_AT_const_value
	.byte	9                               @ Abbrev [9] 0xc0:0x6 DW_TAG_enumerator
	.long	.Linfo_string20                 @ DW_AT_name
	.byte	2                               @ DW_AT_const_value
	.byte	9                               @ Abbrev [9] 0xc6:0x6 DW_TAG_enumerator
	.long	.Linfo_string21                 @ DW_AT_name
	.byte	3                               @ DW_AT_const_value
	.byte	0                               @ End Of Children Mark
	.byte	8                               @ Abbrev [8] 0xcd:0x1b DW_TAG_enumeration_type
	.long	165                             @ DW_AT_type
	.byte	1                               @ DW_AT_byte_size
	.byte	4                               @ DW_AT_decl_file
	.byte	62                              @ DW_AT_decl_line
	.byte	9                               @ Abbrev [9] 0xd5:0x6 DW_TAG_enumerator
	.long	.Linfo_string22                 @ DW_AT_name
	.byte	0                               @ DW_AT_const_value
	.byte	9                               @ Abbrev [9] 0xdb:0x6 DW_TAG_enumerator
	.long	.Linfo_string23                 @ DW_AT_name
	.byte	1                               @ DW_AT_const_value
	.byte	9                               @ Abbrev [9] 0xe1:0x6 DW_TAG_enumerator
	.long	.Linfo_string24                 @ DW_AT_name
	.byte	2                               @ DW_AT_const_value
	.byte	0                               @ End Of Children Mark
	.byte	8                               @ Abbrev [8] 0xe8:0x15 DW_TAG_enumeration_type
	.long	165                             @ DW_AT_type
	.byte	1                               @ DW_AT_byte_size
	.byte	4                               @ DW_AT_decl_file
	.byte	72                              @ DW_AT_decl_line
	.byte	9                               @ Abbrev [9] 0xf0:0x6 DW_TAG_enumerator
	.long	.Linfo_string25                 @ DW_AT_name
	.byte	0                               @ DW_AT_const_value
	.byte	9                               @ Abbrev [9] 0xf6:0x6 DW_TAG_enumerator
	.long	.Linfo_string26                 @ DW_AT_name
	.byte	1                               @ DW_AT_const_value
	.byte	0                               @ End Of Children Mark
	.byte	8                               @ Abbrev [8] 0xfd:0x39 DW_TAG_enumeration_type
	.long	165                             @ DW_AT_type
	.byte	1                               @ DW_AT_byte_size
	.byte	4                               @ DW_AT_decl_file
	.byte	104                             @ DW_AT_decl_line
	.byte	9                               @ Abbrev [9] 0x105:0x6 DW_TAG_enumerator
	.long	.Linfo_string27                 @ DW_AT_name
	.byte	0                               @ DW_AT_const_value
	.byte	9                               @ Abbrev [9] 0x10b:0x6 DW_TAG_enumerator
	.long	.Linfo_string28                 @ DW_AT_name
	.byte	1                               @ DW_AT_const_value
	.byte	9                               @ Abbrev [9] 0x111:0x6 DW_TAG_enumerator
	.long	.Linfo_string29                 @ DW_AT_name
	.byte	2                               @ DW_AT_const_value
	.byte	9                               @ Abbrev [9] 0x117:0x6 DW_TAG_enumerator
	.long	.Linfo_string30                 @ DW_AT_name
	.byte	3                               @ DW_AT_const_value
	.byte	9                               @ Abbrev [9] 0x11d:0x6 DW_TAG_enumerator
	.long	.Linfo_string31                 @ DW_AT_name
	.byte	4                               @ DW_AT_const_value
	.byte	9                               @ Abbrev [9] 0x123:0x6 DW_TAG_enumerator
	.long	.Linfo_string32                 @ DW_AT_name
	.byte	5                               @ DW_AT_const_value
	.byte	9                               @ Abbrev [9] 0x129:0x6 DW_TAG_enumerator
	.long	.Linfo_string33                 @ DW_AT_name
	.byte	6                               @ DW_AT_const_value
	.byte	9                               @ Abbrev [9] 0x12f:0x6 DW_TAG_enumerator
	.long	.Linfo_string34                 @ DW_AT_name
	.byte	7                               @ DW_AT_const_value
	.byte	0                               @ End Of Children Mark
	.byte	8                               @ Abbrev [8] 0x136:0x2d DW_TAG_enumeration_type
	.long	165                             @ DW_AT_type
	.byte	1                               @ DW_AT_byte_size
	.byte	4                               @ DW_AT_decl_file
	.byte	81                              @ DW_AT_decl_line
	.byte	9                               @ Abbrev [9] 0x13e:0x6 DW_TAG_enumerator
	.long	.Linfo_string35                 @ DW_AT_name
	.byte	0                               @ DW_AT_const_value
	.byte	9                               @ Abbrev [9] 0x144:0x6 DW_TAG_enumerator
	.long	.Linfo_string36                 @ DW_AT_name
	.byte	1                               @ DW_AT_const_value
	.byte	9                               @ Abbrev [9] 0x14a:0x6 DW_TAG_enumerator
	.long	.Linfo_string37                 @ DW_AT_name
	.byte	2                               @ DW_AT_const_value
	.byte	9                               @ Abbrev [9] 0x150:0x6 DW_TAG_enumerator
	.long	.Linfo_string38                 @ DW_AT_name
	.byte	3                               @ DW_AT_const_value
	.byte	9                               @ Abbrev [9] 0x156:0x6 DW_TAG_enumerator
	.long	.Linfo_string39                 @ DW_AT_name
	.byte	4                               @ DW_AT_const_value
	.byte	9                               @ Abbrev [9] 0x15c:0x6 DW_TAG_enumerator
	.long	.Linfo_string40                 @ DW_AT_name
	.byte	5                               @ DW_AT_const_value
	.byte	0                               @ End Of Children Mark
	.byte	10                              @ Abbrev [10] 0x163:0x6d DW_TAG_enumeration_type
	.long	464                             @ DW_AT_type
	.long	.Linfo_string58                 @ DW_AT_name
	.byte	1                               @ DW_AT_byte_size
	.byte	5                               @ DW_AT_decl_file
	.byte	70                              @ DW_AT_decl_line
	.byte	11                              @ Abbrev [11] 0x16f:0x6 DW_TAG_enumerator
	.long	.Linfo_string42                 @ DW_AT_name
	.byte	114                             @ DW_AT_const_value
	.byte	11                              @ Abbrev [11] 0x175:0x6 DW_TAG_enumerator
	.long	.Linfo_string43                 @ DW_AT_name
	.byte	115                             @ DW_AT_const_value
	.byte	11                              @ Abbrev [11] 0x17b:0x6 DW_TAG_enumerator
	.long	.Linfo_string44                 @ DW_AT_name
	.byte	123                             @ DW_AT_const_value
	.byte	11                              @ Abbrev [11] 0x181:0x6 DW_TAG_enumerator
	.long	.Linfo_string45                 @ DW_AT_name
	.byte	126                             @ DW_AT_const_value
	.byte	11                              @ Abbrev [11] 0x187:0x6 DW_TAG_enumerator
	.long	.Linfo_string46                 @ DW_AT_name
	.byte	127                             @ DW_AT_const_value
	.byte	11                              @ Abbrev [11] 0x18d:0x6 DW_TAG_enumerator
	.long	.Linfo_string47                 @ DW_AT_name
	.byte	0                               @ DW_AT_const_value
	.byte	11                              @ Abbrev [11] 0x193:0x6 DW_TAG_enumerator
	.long	.Linfo_string48                 @ DW_AT_name
	.byte	1                               @ DW_AT_const_value
	.byte	11                              @ Abbrev [11] 0x199:0x6 DW_TAG_enumerator
	.long	.Linfo_string49                 @ DW_AT_name
	.byte	2                               @ DW_AT_const_value
	.byte	11                              @ Abbrev [11] 0x19f:0x6 DW_TAG_enumerator
	.long	.Linfo_string50                 @ DW_AT_name
	.byte	3                               @ DW_AT_const_value
	.byte	11                              @ Abbrev [11] 0x1a5:0x6 DW_TAG_enumerator
	.long	.Linfo_string51                 @ DW_AT_name
	.byte	4                               @ DW_AT_const_value
	.byte	11                              @ Abbrev [11] 0x1ab:0x6 DW_TAG_enumerator
	.long	.Linfo_string52                 @ DW_AT_name
	.byte	5                               @ DW_AT_const_value
	.byte	11                              @ Abbrev [11] 0x1b1:0x6 DW_TAG_enumerator
	.long	.Linfo_string53                 @ DW_AT_name
	.byte	6                               @ DW_AT_const_value
	.byte	11                              @ Abbrev [11] 0x1b7:0x6 DW_TAG_enumerator
	.long	.Linfo_string54                 @ DW_AT_name
	.byte	7                               @ DW_AT_const_value
	.byte	11                              @ Abbrev [11] 0x1bd:0x6 DW_TAG_enumerator
	.long	.Linfo_string55                 @ DW_AT_name
	.byte	8                               @ DW_AT_const_value
	.byte	11                              @ Abbrev [11] 0x1c3:0x6 DW_TAG_enumerator
	.long	.Linfo_string56                 @ DW_AT_name
	.byte	9                               @ DW_AT_const_value
	.byte	11                              @ Abbrev [11] 0x1c9:0x6 DW_TAG_enumerator
	.long	.Linfo_string57                 @ DW_AT_name
	.byte	10                              @ DW_AT_const_value
	.byte	0                               @ End Of Children Mark
	.byte	7                               @ Abbrev [7] 0x1d0:0x7 DW_TAG_base_type
	.long	.Linfo_string41                 @ DW_AT_name
	.byte	6                               @ DW_AT_encoding
	.byte	1                               @ DW_AT_byte_size
	.byte	4                               @ Abbrev [4] 0x1d7:0x5 DW_TAG_pointer_type
	.long	476                             @ DW_AT_type
	.byte	12                              @ Abbrev [12] 0x1dc:0xc DW_TAG_typedef
	.long	488                             @ DW_AT_type
	.long	.Linfo_string172                @ DW_AT_name
	.byte	6                               @ DW_AT_decl_file
	.short	622                             @ DW_AT_decl_line
	.byte	13                              @ Abbrev [13] 0x1e8:0x2a4 DW_TAG_structure_type
	.short	256                             @ DW_AT_byte_size
	.byte	6                               @ DW_AT_decl_file
	.short	522                             @ DW_AT_decl_line
	.byte	14                              @ Abbrev [14] 0x1ee:0x9 DW_TAG_member
	.long	503                             @ DW_AT_type
	.byte	6                               @ DW_AT_decl_file
	.short	524                             @ DW_AT_decl_line
	.byte	0                               @ DW_AT_data_member_location
	.byte	15                              @ Abbrev [15] 0x1f7:0x20 DW_TAG_union_type
	.byte	4                               @ DW_AT_byte_size
	.byte	6                               @ DW_AT_decl_file
	.short	524                             @ DW_AT_decl_line
	.byte	16                              @ Abbrev [16] 0x1fc:0xd DW_TAG_member
	.long	.Linfo_string59                 @ DW_AT_name
	.long	1164                            @ DW_AT_type
	.byte	6                               @ DW_AT_decl_file
	.short	526                             @ DW_AT_decl_line
	.byte	0                               @ DW_AT_data_member_location
	.byte	16                              @ Abbrev [16] 0x209:0xd DW_TAG_member
	.long	.Linfo_string60                 @ DW_AT_name
	.long	1169                            @ DW_AT_type
	.byte	6                               @ DW_AT_decl_file
	.short	527                             @ DW_AT_decl_line
	.byte	0                               @ DW_AT_data_member_location
	.byte	0                               @ End Of Children Mark
	.byte	14                              @ Abbrev [14] 0x217:0x9 DW_TAG_member
	.long	544                             @ DW_AT_type
	.byte	6                               @ DW_AT_decl_file
	.short	530                             @ DW_AT_decl_line
	.byte	4                               @ DW_AT_data_member_location
	.byte	15                              @ Abbrev [15] 0x220:0x20 DW_TAG_union_type
	.byte	4                               @ DW_AT_byte_size
	.byte	6                               @ DW_AT_decl_file
	.short	530                             @ DW_AT_decl_line
	.byte	16                              @ Abbrev [16] 0x225:0xd DW_TAG_member
	.long	.Linfo_string68                 @ DW_AT_name
	.long	1164                            @ DW_AT_type
	.byte	6                               @ DW_AT_decl_file
	.short	532                             @ DW_AT_decl_line
	.byte	0                               @ DW_AT_data_member_location
	.byte	16                              @ Abbrev [16] 0x232:0xd DW_TAG_member
	.long	.Linfo_string69                 @ DW_AT_name
	.long	1276                            @ DW_AT_type
	.byte	6                               @ DW_AT_decl_file
	.short	533                             @ DW_AT_decl_line
	.byte	0                               @ DW_AT_data_member_location
	.byte	0                               @ End Of Children Mark
	.byte	14                              @ Abbrev [14] 0x240:0x9 DW_TAG_member
	.long	585                             @ DW_AT_type
	.byte	6                               @ DW_AT_decl_file
	.short	536                             @ DW_AT_decl_line
	.byte	8                               @ DW_AT_data_member_location
	.byte	15                              @ Abbrev [15] 0x249:0x20 DW_TAG_union_type
	.byte	4                               @ DW_AT_byte_size
	.byte	6                               @ DW_AT_decl_file
	.short	536                             @ DW_AT_decl_line
	.byte	16                              @ Abbrev [16] 0x24e:0xd DW_TAG_member
	.long	.Linfo_string75                 @ DW_AT_name
	.long	1164                            @ DW_AT_type
	.byte	6                               @ DW_AT_decl_file
	.short	538                             @ DW_AT_decl_line
	.byte	0                               @ DW_AT_data_member_location
	.byte	16                              @ Abbrev [16] 0x25b:0xd DW_TAG_member
	.long	.Linfo_string76                 @ DW_AT_name
	.long	1383                            @ DW_AT_type
	.byte	6                               @ DW_AT_decl_file
	.short	539                             @ DW_AT_decl_line
	.byte	0                               @ DW_AT_data_member_location
	.byte	0                               @ End Of Children Mark
	.byte	14                              @ Abbrev [14] 0x269:0x9 DW_TAG_member
	.long	626                             @ DW_AT_type
	.byte	6                               @ DW_AT_decl_file
	.short	542                             @ DW_AT_decl_line
	.byte	12                              @ DW_AT_data_member_location
	.byte	15                              @ Abbrev [15] 0x272:0x20 DW_TAG_union_type
	.byte	4                               @ DW_AT_byte_size
	.byte	6                               @ DW_AT_decl_file
	.short	542                             @ DW_AT_decl_line
	.byte	16                              @ Abbrev [16] 0x277:0xd DW_TAG_member
	.long	.Linfo_string82                 @ DW_AT_name
	.long	1164                            @ DW_AT_type
	.byte	6                               @ DW_AT_decl_file
	.short	544                             @ DW_AT_decl_line
	.byte	0                               @ DW_AT_data_member_location
	.byte	16                              @ Abbrev [16] 0x284:0xd DW_TAG_member
	.long	.Linfo_string83                 @ DW_AT_name
	.long	1490                            @ DW_AT_type
	.byte	6                               @ DW_AT_decl_file
	.short	545                             @ DW_AT_decl_line
	.byte	0                               @ DW_AT_data_member_location
	.byte	0                               @ End Of Children Mark
	.byte	14                              @ Abbrev [14] 0x292:0x9 DW_TAG_member
	.long	667                             @ DW_AT_type
	.byte	6                               @ DW_AT_decl_file
	.short	548                             @ DW_AT_decl_line
	.byte	16                              @ DW_AT_data_member_location
	.byte	15                              @ Abbrev [15] 0x29b:0x20 DW_TAG_union_type
	.byte	4                               @ DW_AT_byte_size
	.byte	6                               @ DW_AT_decl_file
	.short	548                             @ DW_AT_decl_line
	.byte	16                              @ Abbrev [16] 0x2a0:0xd DW_TAG_member
	.long	.Linfo_string90                 @ DW_AT_name
	.long	1164                            @ DW_AT_type
	.byte	6                               @ DW_AT_decl_file
	.short	550                             @ DW_AT_decl_line
	.byte	0                               @ DW_AT_data_member_location
	.byte	16                              @ Abbrev [16] 0x2ad:0xd DW_TAG_member
	.long	.Linfo_string91                 @ DW_AT_name
	.long	1597                            @ DW_AT_type
	.byte	6                               @ DW_AT_decl_file
	.short	551                             @ DW_AT_decl_line
	.byte	0                               @ DW_AT_data_member_location
	.byte	0                               @ End Of Children Mark
	.byte	14                              @ Abbrev [14] 0x2bb:0x9 DW_TAG_member
	.long	708                             @ DW_AT_type
	.byte	6                               @ DW_AT_decl_file
	.short	554                             @ DW_AT_decl_line
	.byte	20                              @ DW_AT_data_member_location
	.byte	15                              @ Abbrev [15] 0x2c4:0x20 DW_TAG_union_type
	.byte	4                               @ DW_AT_byte_size
	.byte	6                               @ DW_AT_decl_file
	.short	554                             @ DW_AT_decl_line
	.byte	16                              @ Abbrev [16] 0x2c9:0xd DW_TAG_member
	.long	.Linfo_string95                 @ DW_AT_name
	.long	1164                            @ DW_AT_type
	.byte	6                               @ DW_AT_decl_file
	.short	556                             @ DW_AT_decl_line
	.byte	0                               @ DW_AT_data_member_location
	.byte	16                              @ Abbrev [16] 0x2d6:0xd DW_TAG_member
	.long	.Linfo_string96                 @ DW_AT_name
	.long	1662                            @ DW_AT_type
	.byte	6                               @ DW_AT_decl_file
	.short	557                             @ DW_AT_decl_line
	.byte	0                               @ DW_AT_data_member_location
	.byte	0                               @ End Of Children Mark
	.byte	14                              @ Abbrev [14] 0x2e4:0x9 DW_TAG_member
	.long	749                             @ DW_AT_type
	.byte	6                               @ DW_AT_decl_file
	.short	560                             @ DW_AT_decl_line
	.byte	24                              @ DW_AT_data_member_location
	.byte	15                              @ Abbrev [15] 0x2ed:0x20 DW_TAG_union_type
	.byte	4                               @ DW_AT_byte_size
	.byte	6                               @ DW_AT_decl_file
	.short	560                             @ DW_AT_decl_line
	.byte	16                              @ Abbrev [16] 0x2f2:0xd DW_TAG_member
	.long	.Linfo_string99                 @ DW_AT_name
	.long	1164                            @ DW_AT_type
	.byte	6                               @ DW_AT_decl_file
	.short	562                             @ DW_AT_decl_line
	.byte	0                               @ DW_AT_data_member_location
	.byte	16                              @ Abbrev [16] 0x2ff:0xd DW_TAG_member
	.long	.Linfo_string100                @ DW_AT_name
	.long	1727                            @ DW_AT_type
	.byte	6                               @ DW_AT_decl_file
	.short	563                             @ DW_AT_decl_line
	.byte	0                               @ DW_AT_data_member_location
	.byte	0                               @ End Of Children Mark
	.byte	14                              @ Abbrev [14] 0x30d:0x9 DW_TAG_member
	.long	790                             @ DW_AT_type
	.byte	6                               @ DW_AT_decl_file
	.short	566                             @ DW_AT_decl_line
	.byte	28                              @ DW_AT_data_member_location
	.byte	15                              @ Abbrev [15] 0x316:0x20 DW_TAG_union_type
	.byte	4                               @ DW_AT_byte_size
	.byte	6                               @ DW_AT_decl_file
	.short	566                             @ DW_AT_decl_line
	.byte	16                              @ Abbrev [16] 0x31b:0xd DW_TAG_member
	.long	.Linfo_string107                @ DW_AT_name
	.long	1164                            @ DW_AT_type
	.byte	6                               @ DW_AT_decl_file
	.short	568                             @ DW_AT_decl_line
	.byte	0                               @ DW_AT_data_member_location
	.byte	16                              @ Abbrev [16] 0x328:0xd DW_TAG_member
	.long	.Linfo_string108                @ DW_AT_name
	.long	1834                            @ DW_AT_type
	.byte	6                               @ DW_AT_decl_file
	.short	569                             @ DW_AT_decl_line
	.byte	0                               @ DW_AT_data_member_location
	.byte	0                               @ End Of Children Mark
	.byte	14                              @ Abbrev [14] 0x336:0x9 DW_TAG_member
	.long	831                             @ DW_AT_type
	.byte	6                               @ DW_AT_decl_file
	.short	572                             @ DW_AT_decl_line
	.byte	32                              @ DW_AT_data_member_location
	.byte	15                              @ Abbrev [15] 0x33f:0x20 DW_TAG_union_type
	.byte	4                               @ DW_AT_byte_size
	.byte	6                               @ DW_AT_decl_file
	.short	572                             @ DW_AT_decl_line
	.byte	16                              @ Abbrev [16] 0x344:0xd DW_TAG_member
	.long	.Linfo_string114                @ DW_AT_name
	.long	1164                            @ DW_AT_type
	.byte	6                               @ DW_AT_decl_file
	.short	574                             @ DW_AT_decl_line
	.byte	0                               @ DW_AT_data_member_location
	.byte	16                              @ Abbrev [16] 0x351:0xd DW_TAG_member
	.long	.Linfo_string115                @ DW_AT_name
	.long	1941                            @ DW_AT_type
	.byte	6                               @ DW_AT_decl_file
	.short	575                             @ DW_AT_decl_line
	.byte	0                               @ DW_AT_data_member_location
	.byte	0                               @ End Of Children Mark
	.byte	14                              @ Abbrev [14] 0x35f:0x9 DW_TAG_member
	.long	872                             @ DW_AT_type
	.byte	6                               @ DW_AT_decl_file
	.short	578                             @ DW_AT_decl_line
	.byte	36                              @ DW_AT_data_member_location
	.byte	15                              @ Abbrev [15] 0x368:0x20 DW_TAG_union_type
	.byte	4                               @ DW_AT_byte_size
	.byte	6                               @ DW_AT_decl_file
	.short	578                             @ DW_AT_decl_line
	.byte	16                              @ Abbrev [16] 0x36d:0xd DW_TAG_member
	.long	.Linfo_string121                @ DW_AT_name
	.long	1164                            @ DW_AT_type
	.byte	6                               @ DW_AT_decl_file
	.short	580                             @ DW_AT_decl_line
	.byte	0                               @ DW_AT_data_member_location
	.byte	16                              @ Abbrev [16] 0x37a:0xd DW_TAG_member
	.long	.Linfo_string122                @ DW_AT_name
	.long	2048                            @ DW_AT_type
	.byte	6                               @ DW_AT_decl_file
	.short	581                             @ DW_AT_decl_line
	.byte	0                               @ DW_AT_data_member_location
	.byte	0                               @ End Of Children Mark
	.byte	14                              @ Abbrev [14] 0x388:0x9 DW_TAG_member
	.long	913                             @ DW_AT_type
	.byte	6                               @ DW_AT_decl_file
	.short	584                             @ DW_AT_decl_line
	.byte	40                              @ DW_AT_data_member_location
	.byte	15                              @ Abbrev [15] 0x391:0x20 DW_TAG_union_type
	.byte	4                               @ DW_AT_byte_size
	.byte	6                               @ DW_AT_decl_file
	.short	584                             @ DW_AT_decl_line
	.byte	16                              @ Abbrev [16] 0x396:0xd DW_TAG_member
	.long	.Linfo_string129                @ DW_AT_name
	.long	1164                            @ DW_AT_type
	.byte	6                               @ DW_AT_decl_file
	.short	586                             @ DW_AT_decl_line
	.byte	0                               @ DW_AT_data_member_location
	.byte	16                              @ Abbrev [16] 0x3a3:0xd DW_TAG_member
	.long	.Linfo_string130                @ DW_AT_name
	.long	2155                            @ DW_AT_type
	.byte	6                               @ DW_AT_decl_file
	.short	587                             @ DW_AT_decl_line
	.byte	0                               @ DW_AT_data_member_location
	.byte	0                               @ End Of Children Mark
	.byte	14                              @ Abbrev [14] 0x3b1:0x9 DW_TAG_member
	.long	954                             @ DW_AT_type
	.byte	6                               @ DW_AT_decl_file
	.short	590                             @ DW_AT_decl_line
	.byte	44                              @ DW_AT_data_member_location
	.byte	15                              @ Abbrev [15] 0x3ba:0x20 DW_TAG_union_type
	.byte	4                               @ DW_AT_byte_size
	.byte	6                               @ DW_AT_decl_file
	.short	590                             @ DW_AT_decl_line
	.byte	16                              @ Abbrev [16] 0x3bf:0xd DW_TAG_member
	.long	.Linfo_string134                @ DW_AT_name
	.long	1164                            @ DW_AT_type
	.byte	6                               @ DW_AT_decl_file
	.short	592                             @ DW_AT_decl_line
	.byte	0                               @ DW_AT_data_member_location
	.byte	16                              @ Abbrev [16] 0x3cc:0xd DW_TAG_member
	.long	.Linfo_string135                @ DW_AT_name
	.long	2220                            @ DW_AT_type
	.byte	6                               @ DW_AT_decl_file
	.short	593                             @ DW_AT_decl_line
	.byte	0                               @ DW_AT_data_member_location
	.byte	0                               @ End Of Children Mark
	.byte	14                              @ Abbrev [14] 0x3da:0x9 DW_TAG_member
	.long	995                             @ DW_AT_type
	.byte	6                               @ DW_AT_decl_file
	.short	596                             @ DW_AT_decl_line
	.byte	48                              @ DW_AT_data_member_location
	.byte	15                              @ Abbrev [15] 0x3e3:0x20 DW_TAG_union_type
	.byte	4                               @ DW_AT_byte_size
	.byte	6                               @ DW_AT_decl_file
	.short	596                             @ DW_AT_decl_line
	.byte	16                              @ Abbrev [16] 0x3e8:0xd DW_TAG_member
	.long	.Linfo_string141                @ DW_AT_name
	.long	1164                            @ DW_AT_type
	.byte	6                               @ DW_AT_decl_file
	.short	598                             @ DW_AT_decl_line
	.byte	0                               @ DW_AT_data_member_location
	.byte	16                              @ Abbrev [16] 0x3f5:0xd DW_TAG_member
	.long	.Linfo_string142                @ DW_AT_name
	.long	2327                            @ DW_AT_type
	.byte	6                               @ DW_AT_decl_file
	.short	599                             @ DW_AT_decl_line
	.byte	0                               @ DW_AT_data_member_location
	.byte	0                               @ End Of Children Mark
	.byte	14                              @ Abbrev [14] 0x403:0x9 DW_TAG_member
	.long	1036                            @ DW_AT_type
	.byte	6                               @ DW_AT_decl_file
	.short	602                             @ DW_AT_decl_line
	.byte	52                              @ DW_AT_data_member_location
	.byte	15                              @ Abbrev [15] 0x40c:0x20 DW_TAG_union_type
	.byte	4                               @ DW_AT_byte_size
	.byte	6                               @ DW_AT_decl_file
	.short	602                             @ DW_AT_decl_line
	.byte	16                              @ Abbrev [16] 0x411:0xd DW_TAG_member
	.long	.Linfo_string149                @ DW_AT_name
	.long	1164                            @ DW_AT_type
	.byte	6                               @ DW_AT_decl_file
	.short	604                             @ DW_AT_decl_line
	.byte	0                               @ DW_AT_data_member_location
	.byte	16                              @ Abbrev [16] 0x41e:0xd DW_TAG_member
	.long	.Linfo_string150                @ DW_AT_name
	.long	2434                            @ DW_AT_type
	.byte	6                               @ DW_AT_decl_file
	.short	605                             @ DW_AT_decl_line
	.byte	0                               @ DW_AT_data_member_location
	.byte	0                               @ End Of Children Mark
	.byte	14                              @ Abbrev [14] 0x42c:0x9 DW_TAG_member
	.long	1077                            @ DW_AT_type
	.byte	6                               @ DW_AT_decl_file
	.short	608                             @ DW_AT_decl_line
	.byte	56                              @ DW_AT_data_member_location
	.byte	15                              @ Abbrev [15] 0x435:0x20 DW_TAG_union_type
	.byte	4                               @ DW_AT_byte_size
	.byte	6                               @ DW_AT_decl_file
	.short	608                             @ DW_AT_decl_line
	.byte	16                              @ Abbrev [16] 0x43a:0xd DW_TAG_member
	.long	.Linfo_string156                @ DW_AT_name
	.long	1164                            @ DW_AT_type
	.byte	6                               @ DW_AT_decl_file
	.short	610                             @ DW_AT_decl_line
	.byte	0                               @ DW_AT_data_member_location
	.byte	16                              @ Abbrev [16] 0x447:0xd DW_TAG_member
	.long	.Linfo_string157                @ DW_AT_name
	.long	2541                            @ DW_AT_type
	.byte	6                               @ DW_AT_decl_file
	.short	611                             @ DW_AT_decl_line
	.byte	0                               @ DW_AT_data_member_location
	.byte	0                               @ End Of Children Mark
	.byte	16                              @ Abbrev [16] 0x455:0xd DW_TAG_member
	.long	.Linfo_string66                 @ DW_AT_name
	.long	2732                            @ DW_AT_type
	.byte	6                               @ DW_AT_decl_file
	.short	614                             @ DW_AT_decl_line
	.byte	60                              @ DW_AT_data_member_location
	.byte	14                              @ Abbrev [14] 0x462:0x9 DW_TAG_member
	.long	1131                            @ DW_AT_type
	.byte	6                               @ DW_AT_decl_file
	.short	616                             @ DW_AT_decl_line
	.byte	252                             @ DW_AT_data_member_location
	.byte	15                              @ Abbrev [15] 0x46b:0x20 DW_TAG_union_type
	.byte	4                               @ DW_AT_byte_size
	.byte	6                               @ DW_AT_decl_file
	.short	616                             @ DW_AT_decl_line
	.byte	16                              @ Abbrev [16] 0x470:0xd DW_TAG_member
	.long	.Linfo_string169                @ DW_AT_name
	.long	1164                            @ DW_AT_type
	.byte	6                               @ DW_AT_decl_file
	.short	618                             @ DW_AT_decl_line
	.byte	0                               @ DW_AT_data_member_location
	.byte	16                              @ Abbrev [16] 0x47d:0xd DW_TAG_member
	.long	.Linfo_string170                @ DW_AT_name
	.long	2751                            @ DW_AT_type
	.byte	6                               @ DW_AT_decl_file
	.short	619                             @ DW_AT_decl_line
	.byte	0                               @ DW_AT_data_member_location
	.byte	0                               @ End Of Children Mark
	.byte	0                               @ End Of Children Mark
	.byte	17                              @ Abbrev [17] 0x48c:0x5 DW_TAG_volatile_type
	.long	78                              @ DW_AT_type
	.byte	17                              @ Abbrev [17] 0x491:0x5 DW_TAG_volatile_type
	.long	1174                            @ DW_AT_type
	.byte	12                              @ Abbrev [12] 0x496:0xc DW_TAG_typedef
	.long	1186                            @ DW_AT_type
	.long	.Linfo_string67                 @ DW_AT_name
	.byte	6                               @ DW_AT_decl_file
	.short	376                             @ DW_AT_decl_line
	.byte	18                              @ Abbrev [18] 0x4a2:0x5a DW_TAG_structure_type
	.byte	4                               @ DW_AT_byte_size
	.byte	6                               @ DW_AT_decl_file
	.short	368                             @ DW_AT_decl_line
	.byte	19                              @ Abbrev [19] 0x4a7:0xe DW_TAG_member
	.long	.Linfo_string61                 @ DW_AT_name
	.long	1164                            @ DW_AT_type
	.byte	6                               @ DW_AT_decl_file
	.short	370                             @ DW_AT_decl_line
	.byte	1                               @ DW_AT_bit_size
	.byte	0                               @ DW_AT_data_bit_offset
	.byte	19                              @ Abbrev [19] 0x4b5:0xe DW_TAG_member
	.long	.Linfo_string62                 @ DW_AT_name
	.long	1164                            @ DW_AT_type
	.byte	6                               @ DW_AT_decl_file
	.short	371                             @ DW_AT_decl_line
	.byte	2                               @ DW_AT_bit_size
	.byte	1                               @ DW_AT_data_bit_offset
	.byte	19                              @ Abbrev [19] 0x4c3:0xe DW_TAG_member
	.long	.Linfo_string63                 @ DW_AT_name
	.long	1164                            @ DW_AT_type
	.byte	6                               @ DW_AT_decl_file
	.short	372                             @ DW_AT_decl_line
	.byte	1                               @ DW_AT_bit_size
	.byte	3                               @ DW_AT_data_bit_offset
	.byte	19                              @ Abbrev [19] 0x4d1:0xe DW_TAG_member
	.long	.Linfo_string64                 @ DW_AT_name
	.long	1164                            @ DW_AT_type
	.byte	6                               @ DW_AT_decl_file
	.short	373                             @ DW_AT_decl_line
	.byte	4                               @ DW_AT_bit_size
	.byte	4                               @ DW_AT_data_bit_offset
	.byte	19                              @ Abbrev [19] 0x4df:0xe DW_TAG_member
	.long	.Linfo_string65                 @ DW_AT_name
	.long	1164                            @ DW_AT_type
	.byte	6                               @ DW_AT_decl_file
	.short	374                             @ DW_AT_decl_line
	.byte	1                               @ DW_AT_bit_size
	.byte	8                               @ DW_AT_data_bit_offset
	.byte	19                              @ Abbrev [19] 0x4ed:0xe DW_TAG_member
	.long	.Linfo_string66                 @ DW_AT_name
	.long	1164                            @ DW_AT_type
	.byte	6                               @ DW_AT_decl_file
	.short	375                             @ DW_AT_decl_line
	.byte	23                              @ DW_AT_bit_size
	.byte	9                               @ DW_AT_data_bit_offset
	.byte	0                               @ End Of Children Mark
	.byte	17                              @ Abbrev [17] 0x4fc:0x5 DW_TAG_volatile_type
	.long	1281                            @ DW_AT_type
	.byte	12                              @ Abbrev [12] 0x501:0xc DW_TAG_typedef
	.long	1293                            @ DW_AT_type
	.long	.Linfo_string74                 @ DW_AT_name
	.byte	6                               @ DW_AT_decl_file
	.short	386                             @ DW_AT_decl_line
	.byte	18                              @ Abbrev [18] 0x50d:0x5a DW_TAG_structure_type
	.byte	4                               @ DW_AT_byte_size
	.byte	6                               @ DW_AT_decl_file
	.short	378                             @ DW_AT_decl_line
	.byte	19                              @ Abbrev [19] 0x512:0xe DW_TAG_member
	.long	.Linfo_string70                 @ DW_AT_name
	.long	1164                            @ DW_AT_type
	.byte	6                               @ DW_AT_decl_file
	.short	380                             @ DW_AT_decl_line
	.byte	3                               @ DW_AT_bit_size
	.byte	0                               @ DW_AT_data_bit_offset
	.byte	19                              @ Abbrev [19] 0x520:0xe DW_TAG_member
	.long	.Linfo_string71                 @ DW_AT_name
	.long	1164                            @ DW_AT_type
	.byte	6                               @ DW_AT_decl_file
	.short	381                             @ DW_AT_decl_line
	.byte	1                               @ DW_AT_bit_size
	.byte	3                               @ DW_AT_data_bit_offset
	.byte	19                              @ Abbrev [19] 0x52e:0xe DW_TAG_member
	.long	.Linfo_string62                 @ DW_AT_name
	.long	1164                            @ DW_AT_type
	.byte	6                               @ DW_AT_decl_file
	.short	382                             @ DW_AT_decl_line
	.byte	4                               @ DW_AT_bit_size
	.byte	4                               @ DW_AT_data_bit_offset
	.byte	19                              @ Abbrev [19] 0x53c:0xe DW_TAG_member
	.long	.Linfo_string72                 @ DW_AT_name
	.long	1164                            @ DW_AT_type
	.byte	6                               @ DW_AT_decl_file
	.short	383                             @ DW_AT_decl_line
	.byte	1                               @ DW_AT_bit_size
	.byte	8                               @ DW_AT_data_bit_offset
	.byte	19                              @ Abbrev [19] 0x54a:0xe DW_TAG_member
	.long	.Linfo_string73                 @ DW_AT_name
	.long	1164                            @ DW_AT_type
	.byte	6                               @ DW_AT_decl_file
	.short	384                             @ DW_AT_decl_line
	.byte	1                               @ DW_AT_bit_size
	.byte	9                               @ DW_AT_data_bit_offset
	.byte	19                              @ Abbrev [19] 0x558:0xe DW_TAG_member
	.long	.Linfo_string66                 @ DW_AT_name
	.long	1164                            @ DW_AT_type
	.byte	6                               @ DW_AT_decl_file
	.short	385                             @ DW_AT_decl_line
	.byte	22                              @ DW_AT_bit_size
	.byte	10                              @ DW_AT_data_bit_offset
	.byte	0                               @ End Of Children Mark
	.byte	17                              @ Abbrev [17] 0x567:0x5 DW_TAG_volatile_type
	.long	1388                            @ DW_AT_type
	.byte	12                              @ Abbrev [12] 0x56c:0xc DW_TAG_typedef
	.long	1400                            @ DW_AT_type
	.long	.Linfo_string81                 @ DW_AT_name
	.byte	6                               @ DW_AT_decl_file
	.short	396                             @ DW_AT_decl_line
	.byte	18                              @ Abbrev [18] 0x578:0x5a DW_TAG_structure_type
	.byte	4                               @ DW_AT_byte_size
	.byte	6                               @ DW_AT_decl_file
	.short	388                             @ DW_AT_decl_line
	.byte	19                              @ Abbrev [19] 0x57d:0xe DW_TAG_member
	.long	.Linfo_string77                 @ DW_AT_name
	.long	1164                            @ DW_AT_type
	.byte	6                               @ DW_AT_decl_file
	.short	390                             @ DW_AT_decl_line
	.byte	1                               @ DW_AT_bit_size
	.byte	0                               @ DW_AT_data_bit_offset
	.byte	19                              @ Abbrev [19] 0x58b:0xe DW_TAG_member
	.long	.Linfo_string78                 @ DW_AT_name
	.long	1164                            @ DW_AT_type
	.byte	6                               @ DW_AT_decl_file
	.short	391                             @ DW_AT_decl_line
	.byte	1                               @ DW_AT_bit_size
	.byte	1                               @ DW_AT_data_bit_offset
	.byte	19                              @ Abbrev [19] 0x599:0xe DW_TAG_member
	.long	.Linfo_string79                 @ DW_AT_name
	.long	1164                            @ DW_AT_type
	.byte	6                               @ DW_AT_decl_file
	.short	392                             @ DW_AT_decl_line
	.byte	1                               @ DW_AT_bit_size
	.byte	2                               @ DW_AT_data_bit_offset
	.byte	19                              @ Abbrev [19] 0x5a7:0xe DW_TAG_member
	.long	.Linfo_string62                 @ DW_AT_name
	.long	1164                            @ DW_AT_type
	.byte	6                               @ DW_AT_decl_file
	.short	393                             @ DW_AT_decl_line
	.byte	1                               @ DW_AT_bit_size
	.byte	3                               @ DW_AT_data_bit_offset
	.byte	19                              @ Abbrev [19] 0x5b5:0xe DW_TAG_member
	.long	.Linfo_string80                 @ DW_AT_name
	.long	1164                            @ DW_AT_type
	.byte	6                               @ DW_AT_decl_file
	.short	394                             @ DW_AT_decl_line
	.byte	4                               @ DW_AT_bit_size
	.byte	4                               @ DW_AT_data_bit_offset
	.byte	19                              @ Abbrev [19] 0x5c3:0xe DW_TAG_member
	.long	.Linfo_string66                 @ DW_AT_name
	.long	1164                            @ DW_AT_type
	.byte	6                               @ DW_AT_decl_file
	.short	395                             @ DW_AT_decl_line
	.byte	24                              @ DW_AT_bit_size
	.byte	8                               @ DW_AT_data_bit_offset
	.byte	0                               @ End Of Children Mark
	.byte	17                              @ Abbrev [17] 0x5d2:0x5 DW_TAG_volatile_type
	.long	1495                            @ DW_AT_type
	.byte	12                              @ Abbrev [12] 0x5d7:0xc DW_TAG_typedef
	.long	1507                            @ DW_AT_type
	.long	.Linfo_string89                 @ DW_AT_name
	.byte	6                               @ DW_AT_decl_file
	.short	406                             @ DW_AT_decl_line
	.byte	18                              @ Abbrev [18] 0x5e3:0x5a DW_TAG_structure_type
	.byte	4                               @ DW_AT_byte_size
	.byte	6                               @ DW_AT_decl_file
	.short	398                             @ DW_AT_decl_line
	.byte	19                              @ Abbrev [19] 0x5e8:0xe DW_TAG_member
	.long	.Linfo_string84                 @ DW_AT_name
	.long	1164                            @ DW_AT_type
	.byte	6                               @ DW_AT_decl_file
	.short	400                             @ DW_AT_decl_line
	.byte	1                               @ DW_AT_bit_size
	.byte	0                               @ DW_AT_data_bit_offset
	.byte	19                              @ Abbrev [19] 0x5f6:0xe DW_TAG_member
	.long	.Linfo_string85                 @ DW_AT_name
	.long	1164                            @ DW_AT_type
	.byte	6                               @ DW_AT_decl_file
	.short	401                             @ DW_AT_decl_line
	.byte	1                               @ DW_AT_bit_size
	.byte	1                               @ DW_AT_data_bit_offset
	.byte	19                              @ Abbrev [19] 0x604:0xe DW_TAG_member
	.long	.Linfo_string86                 @ DW_AT_name
	.long	1164                            @ DW_AT_type
	.byte	6                               @ DW_AT_decl_file
	.short	402                             @ DW_AT_decl_line
	.byte	1                               @ DW_AT_bit_size
	.byte	2                               @ DW_AT_data_bit_offset
	.byte	19                              @ Abbrev [19] 0x612:0xe DW_TAG_member
	.long	.Linfo_string87                 @ DW_AT_name
	.long	1164                            @ DW_AT_type
	.byte	6                               @ DW_AT_decl_file
	.short	403                             @ DW_AT_decl_line
	.byte	1                               @ DW_AT_bit_size
	.byte	3                               @ DW_AT_data_bit_offset
	.byte	19                              @ Abbrev [19] 0x620:0xe DW_TAG_member
	.long	.Linfo_string88                 @ DW_AT_name
	.long	1164                            @ DW_AT_type
	.byte	6                               @ DW_AT_decl_file
	.short	404                             @ DW_AT_decl_line
	.byte	8                               @ DW_AT_bit_size
	.byte	4                               @ DW_AT_data_bit_offset
	.byte	19                              @ Abbrev [19] 0x62e:0xe DW_TAG_member
	.long	.Linfo_string66                 @ DW_AT_name
	.long	1164                            @ DW_AT_type
	.byte	6                               @ DW_AT_decl_file
	.short	405                             @ DW_AT_decl_line
	.byte	20                              @ DW_AT_bit_size
	.byte	12                              @ DW_AT_data_bit_offset
	.byte	0                               @ End Of Children Mark
	.byte	17                              @ Abbrev [17] 0x63d:0x5 DW_TAG_volatile_type
	.long	1602                            @ DW_AT_type
	.byte	12                              @ Abbrev [12] 0x642:0xc DW_TAG_typedef
	.long	1614                            @ DW_AT_type
	.long	.Linfo_string94                 @ DW_AT_name
	.byte	6                               @ DW_AT_decl_file
	.short	413                             @ DW_AT_decl_line
	.byte	18                              @ Abbrev [18] 0x64e:0x30 DW_TAG_structure_type
	.byte	4                               @ DW_AT_byte_size
	.byte	6                               @ DW_AT_decl_file
	.short	408                             @ DW_AT_decl_line
	.byte	19                              @ Abbrev [19] 0x653:0xe DW_TAG_member
	.long	.Linfo_string92                 @ DW_AT_name
	.long	1164                            @ DW_AT_type
	.byte	6                               @ DW_AT_decl_file
	.short	410                             @ DW_AT_decl_line
	.byte	1                               @ DW_AT_bit_size
	.byte	0                               @ DW_AT_data_bit_offset
	.byte	19                              @ Abbrev [19] 0x661:0xe DW_TAG_member
	.long	.Linfo_string93                 @ DW_AT_name
	.long	1164                            @ DW_AT_type
	.byte	6                               @ DW_AT_decl_file
	.short	411                             @ DW_AT_decl_line
	.byte	1                               @ DW_AT_bit_size
	.byte	1                               @ DW_AT_data_bit_offset
	.byte	19                              @ Abbrev [19] 0x66f:0xe DW_TAG_member
	.long	.Linfo_string66                 @ DW_AT_name
	.long	1164                            @ DW_AT_type
	.byte	6                               @ DW_AT_decl_file
	.short	412                             @ DW_AT_decl_line
	.byte	30                              @ DW_AT_bit_size
	.byte	2                               @ DW_AT_data_bit_offset
	.byte	0                               @ End Of Children Mark
	.byte	17                              @ Abbrev [17] 0x67e:0x5 DW_TAG_volatile_type
	.long	1667                            @ DW_AT_type
	.byte	12                              @ Abbrev [12] 0x683:0xc DW_TAG_typedef
	.long	1679                            @ DW_AT_type
	.long	.Linfo_string98                 @ DW_AT_name
	.byte	6                               @ DW_AT_decl_file
	.short	420                             @ DW_AT_decl_line
	.byte	18                              @ Abbrev [18] 0x68f:0x30 DW_TAG_structure_type
	.byte	4                               @ DW_AT_byte_size
	.byte	6                               @ DW_AT_decl_file
	.short	415                             @ DW_AT_decl_line
	.byte	19                              @ Abbrev [19] 0x694:0xe DW_TAG_member
	.long	.Linfo_string62                 @ DW_AT_name
	.long	1164                            @ DW_AT_type
	.byte	6                               @ DW_AT_decl_file
	.short	417                             @ DW_AT_decl_line
	.byte	1                               @ DW_AT_bit_size
	.byte	0                               @ DW_AT_data_bit_offset
	.byte	19                              @ Abbrev [19] 0x6a2:0xe DW_TAG_member
	.long	.Linfo_string97                 @ DW_AT_name
	.long	1164                            @ DW_AT_type
	.byte	6                               @ DW_AT_decl_file
	.short	418                             @ DW_AT_decl_line
	.byte	1                               @ DW_AT_bit_size
	.byte	1                               @ DW_AT_data_bit_offset
	.byte	19                              @ Abbrev [19] 0x6b0:0xe DW_TAG_member
	.long	.Linfo_string66                 @ DW_AT_name
	.long	1164                            @ DW_AT_type
	.byte	6                               @ DW_AT_decl_file
	.short	419                             @ DW_AT_decl_line
	.byte	30                              @ DW_AT_bit_size
	.byte	2                               @ DW_AT_data_bit_offset
	.byte	0                               @ End Of Children Mark
	.byte	17                              @ Abbrev [17] 0x6bf:0x5 DW_TAG_volatile_type
	.long	1732                            @ DW_AT_type
	.byte	12                              @ Abbrev [12] 0x6c4:0xc DW_TAG_typedef
	.long	1744                            @ DW_AT_type
	.long	.Linfo_string106                @ DW_AT_name
	.byte	6                               @ DW_AT_decl_file
	.short	430                             @ DW_AT_decl_line
	.byte	18                              @ Abbrev [18] 0x6d0:0x5a DW_TAG_structure_type
	.byte	4                               @ DW_AT_byte_size
	.byte	6                               @ DW_AT_decl_file
	.short	422                             @ DW_AT_decl_line
	.byte	19                              @ Abbrev [19] 0x6d5:0xe DW_TAG_member
	.long	.Linfo_string101                @ DW_AT_name
	.long	1164                            @ DW_AT_type
	.byte	6                               @ DW_AT_decl_file
	.short	424                             @ DW_AT_decl_line
	.byte	1                               @ DW_AT_bit_size
	.byte	0                               @ DW_AT_data_bit_offset
	.byte	19                              @ Abbrev [19] 0x6e3:0xe DW_TAG_member
	.long	.Linfo_string102                @ DW_AT_name
	.long	1164                            @ DW_AT_type
	.byte	6                               @ DW_AT_decl_file
	.short	425                             @ DW_AT_decl_line
	.byte	1                               @ DW_AT_bit_size
	.byte	1                               @ DW_AT_data_bit_offset
	.byte	19                              @ Abbrev [19] 0x6f1:0xe DW_TAG_member
	.long	.Linfo_string103                @ DW_AT_name
	.long	1164                            @ DW_AT_type
	.byte	6                               @ DW_AT_decl_file
	.short	426                             @ DW_AT_decl_line
	.byte	1                               @ DW_AT_bit_size
	.byte	2                               @ DW_AT_data_bit_offset
	.byte	19                              @ Abbrev [19] 0x6ff:0xe DW_TAG_member
	.long	.Linfo_string104                @ DW_AT_name
	.long	1164                            @ DW_AT_type
	.byte	6                               @ DW_AT_decl_file
	.short	427                             @ DW_AT_decl_line
	.byte	1                               @ DW_AT_bit_size
	.byte	3                               @ DW_AT_data_bit_offset
	.byte	19                              @ Abbrev [19] 0x70d:0xe DW_TAG_member
	.long	.Linfo_string105                @ DW_AT_name
	.long	1164                            @ DW_AT_type
	.byte	6                               @ DW_AT_decl_file
	.short	428                             @ DW_AT_decl_line
	.byte	4                               @ DW_AT_bit_size
	.byte	4                               @ DW_AT_data_bit_offset
	.byte	19                              @ Abbrev [19] 0x71b:0xe DW_TAG_member
	.long	.Linfo_string66                 @ DW_AT_name
	.long	1164                            @ DW_AT_type
	.byte	6                               @ DW_AT_decl_file
	.short	429                             @ DW_AT_decl_line
	.byte	24                              @ DW_AT_bit_size
	.byte	8                               @ DW_AT_data_bit_offset
	.byte	0                               @ End Of Children Mark
	.byte	17                              @ Abbrev [17] 0x72a:0x5 DW_TAG_volatile_type
	.long	1839                            @ DW_AT_type
	.byte	12                              @ Abbrev [12] 0x72f:0xc DW_TAG_typedef
	.long	1851                            @ DW_AT_type
	.long	.Linfo_string113                @ DW_AT_name
	.byte	6                               @ DW_AT_decl_file
	.short	440                             @ DW_AT_decl_line
	.byte	18                              @ Abbrev [18] 0x73b:0x5a DW_TAG_structure_type
	.byte	4                               @ DW_AT_byte_size
	.byte	6                               @ DW_AT_decl_file
	.short	432                             @ DW_AT_decl_line
	.byte	19                              @ Abbrev [19] 0x740:0xe DW_TAG_member
	.long	.Linfo_string109                @ DW_AT_name
	.long	1164                            @ DW_AT_type
	.byte	6                               @ DW_AT_decl_file
	.short	434                             @ DW_AT_decl_line
	.byte	1                               @ DW_AT_bit_size
	.byte	0                               @ DW_AT_data_bit_offset
	.byte	19                              @ Abbrev [19] 0x74e:0xe DW_TAG_member
	.long	.Linfo_string110                @ DW_AT_name
	.long	1164                            @ DW_AT_type
	.byte	6                               @ DW_AT_decl_file
	.short	435                             @ DW_AT_decl_line
	.byte	1                               @ DW_AT_bit_size
	.byte	1                               @ DW_AT_data_bit_offset
	.byte	19                              @ Abbrev [19] 0x75c:0xe DW_TAG_member
	.long	.Linfo_string111                @ DW_AT_name
	.long	1164                            @ DW_AT_type
	.byte	6                               @ DW_AT_decl_file
	.short	436                             @ DW_AT_decl_line
	.byte	1                               @ DW_AT_bit_size
	.byte	2                               @ DW_AT_data_bit_offset
	.byte	19                              @ Abbrev [19] 0x76a:0xe DW_TAG_member
	.long	.Linfo_string62                 @ DW_AT_name
	.long	1164                            @ DW_AT_type
	.byte	6                               @ DW_AT_decl_file
	.short	437                             @ DW_AT_decl_line
	.byte	1                               @ DW_AT_bit_size
	.byte	3                               @ DW_AT_data_bit_offset
	.byte	19                              @ Abbrev [19] 0x778:0xe DW_TAG_member
	.long	.Linfo_string112                @ DW_AT_name
	.long	1164                            @ DW_AT_type
	.byte	6                               @ DW_AT_decl_file
	.short	438                             @ DW_AT_decl_line
	.byte	4                               @ DW_AT_bit_size
	.byte	4                               @ DW_AT_data_bit_offset
	.byte	19                              @ Abbrev [19] 0x786:0xe DW_TAG_member
	.long	.Linfo_string66                 @ DW_AT_name
	.long	1164                            @ DW_AT_type
	.byte	6                               @ DW_AT_decl_file
	.short	439                             @ DW_AT_decl_line
	.byte	24                              @ DW_AT_bit_size
	.byte	8                               @ DW_AT_data_bit_offset
	.byte	0                               @ End Of Children Mark
	.byte	17                              @ Abbrev [17] 0x795:0x5 DW_TAG_volatile_type
	.long	1946                            @ DW_AT_type
	.byte	12                              @ Abbrev [12] 0x79a:0xc DW_TAG_typedef
	.long	1958                            @ DW_AT_type
	.long	.Linfo_string120                @ DW_AT_name
	.byte	6                               @ DW_AT_decl_file
	.short	450                             @ DW_AT_decl_line
	.byte	18                              @ Abbrev [18] 0x7a6:0x5a DW_TAG_structure_type
	.byte	4                               @ DW_AT_byte_size
	.byte	6                               @ DW_AT_decl_file
	.short	442                             @ DW_AT_decl_line
	.byte	19                              @ Abbrev [19] 0x7ab:0xe DW_TAG_member
	.long	.Linfo_string116                @ DW_AT_name
	.long	1164                            @ DW_AT_type
	.byte	6                               @ DW_AT_decl_file
	.short	444                             @ DW_AT_decl_line
	.byte	1                               @ DW_AT_bit_size
	.byte	0                               @ DW_AT_data_bit_offset
	.byte	19                              @ Abbrev [19] 0x7b9:0xe DW_TAG_member
	.long	.Linfo_string117                @ DW_AT_name
	.long	1164                            @ DW_AT_type
	.byte	6                               @ DW_AT_decl_file
	.short	445                             @ DW_AT_decl_line
	.byte	1                               @ DW_AT_bit_size
	.byte	1                               @ DW_AT_data_bit_offset
	.byte	19                              @ Abbrev [19] 0x7c7:0xe DW_TAG_member
	.long	.Linfo_string118                @ DW_AT_name
	.long	1164                            @ DW_AT_type
	.byte	6                               @ DW_AT_decl_file
	.short	446                             @ DW_AT_decl_line
	.byte	1                               @ DW_AT_bit_size
	.byte	2                               @ DW_AT_data_bit_offset
	.byte	19                              @ Abbrev [19] 0x7d5:0xe DW_TAG_member
	.long	.Linfo_string62                 @ DW_AT_name
	.long	1164                            @ DW_AT_type
	.byte	6                               @ DW_AT_decl_file
	.short	447                             @ DW_AT_decl_line
	.byte	1                               @ DW_AT_bit_size
	.byte	3                               @ DW_AT_data_bit_offset
	.byte	19                              @ Abbrev [19] 0x7e3:0xe DW_TAG_member
	.long	.Linfo_string119                @ DW_AT_name
	.long	1164                            @ DW_AT_type
	.byte	6                               @ DW_AT_decl_file
	.short	448                             @ DW_AT_decl_line
	.byte	4                               @ DW_AT_bit_size
	.byte	4                               @ DW_AT_data_bit_offset
	.byte	19                              @ Abbrev [19] 0x7f1:0xe DW_TAG_member
	.long	.Linfo_string66                 @ DW_AT_name
	.long	1164                            @ DW_AT_type
	.byte	6                               @ DW_AT_decl_file
	.short	449                             @ DW_AT_decl_line
	.byte	24                              @ DW_AT_bit_size
	.byte	8                               @ DW_AT_data_bit_offset
	.byte	0                               @ End Of Children Mark
	.byte	17                              @ Abbrev [17] 0x800:0x5 DW_TAG_volatile_type
	.long	2053                            @ DW_AT_type
	.byte	12                              @ Abbrev [12] 0x805:0xc DW_TAG_typedef
	.long	2065                            @ DW_AT_type
	.long	.Linfo_string128                @ DW_AT_name
	.byte	6                               @ DW_AT_decl_file
	.short	460                             @ DW_AT_decl_line
	.byte	18                              @ Abbrev [18] 0x811:0x5a DW_TAG_structure_type
	.byte	4                               @ DW_AT_byte_size
	.byte	6                               @ DW_AT_decl_file
	.short	452                             @ DW_AT_decl_line
	.byte	19                              @ Abbrev [19] 0x816:0xe DW_TAG_member
	.long	.Linfo_string123                @ DW_AT_name
	.long	1164                            @ DW_AT_type
	.byte	6                               @ DW_AT_decl_file
	.short	454                             @ DW_AT_decl_line
	.byte	1                               @ DW_AT_bit_size
	.byte	0                               @ DW_AT_data_bit_offset
	.byte	19                              @ Abbrev [19] 0x824:0xe DW_TAG_member
	.long	.Linfo_string124                @ DW_AT_name
	.long	1164                            @ DW_AT_type
	.byte	6                               @ DW_AT_decl_file
	.short	455                             @ DW_AT_decl_line
	.byte	1                               @ DW_AT_bit_size
	.byte	1                               @ DW_AT_data_bit_offset
	.byte	19                              @ Abbrev [19] 0x832:0xe DW_TAG_member
	.long	.Linfo_string125                @ DW_AT_name
	.long	1164                            @ DW_AT_type
	.byte	6                               @ DW_AT_decl_file
	.short	456                             @ DW_AT_decl_line
	.byte	1                               @ DW_AT_bit_size
	.byte	2                               @ DW_AT_data_bit_offset
	.byte	19                              @ Abbrev [19] 0x840:0xe DW_TAG_member
	.long	.Linfo_string126                @ DW_AT_name
	.long	1164                            @ DW_AT_type
	.byte	6                               @ DW_AT_decl_file
	.short	457                             @ DW_AT_decl_line
	.byte	1                               @ DW_AT_bit_size
	.byte	3                               @ DW_AT_data_bit_offset
	.byte	19                              @ Abbrev [19] 0x84e:0xe DW_TAG_member
	.long	.Linfo_string127                @ DW_AT_name
	.long	1164                            @ DW_AT_type
	.byte	6                               @ DW_AT_decl_file
	.short	458                             @ DW_AT_decl_line
	.byte	4                               @ DW_AT_bit_size
	.byte	4                               @ DW_AT_data_bit_offset
	.byte	19                              @ Abbrev [19] 0x85c:0xe DW_TAG_member
	.long	.Linfo_string66                 @ DW_AT_name
	.long	1164                            @ DW_AT_type
	.byte	6                               @ DW_AT_decl_file
	.short	459                             @ DW_AT_decl_line
	.byte	24                              @ DW_AT_bit_size
	.byte	8                               @ DW_AT_data_bit_offset
	.byte	0                               @ End Of Children Mark
	.byte	17                              @ Abbrev [17] 0x86b:0x5 DW_TAG_volatile_type
	.long	2160                            @ DW_AT_type
	.byte	12                              @ Abbrev [12] 0x870:0xc DW_TAG_typedef
	.long	2172                            @ DW_AT_type
	.long	.Linfo_string133                @ DW_AT_name
	.byte	6                               @ DW_AT_decl_file
	.short	467                             @ DW_AT_decl_line
	.byte	18                              @ Abbrev [18] 0x87c:0x30 DW_TAG_structure_type
	.byte	4                               @ DW_AT_byte_size
	.byte	6                               @ DW_AT_decl_file
	.short	462                             @ DW_AT_decl_line
	.byte	19                              @ Abbrev [19] 0x881:0xe DW_TAG_member
	.long	.Linfo_string131                @ DW_AT_name
	.long	1164                            @ DW_AT_type
	.byte	6                               @ DW_AT_decl_file
	.short	464                             @ DW_AT_decl_line
	.byte	1                               @ DW_AT_bit_size
	.byte	0                               @ DW_AT_data_bit_offset
	.byte	19                              @ Abbrev [19] 0x88f:0xe DW_TAG_member
	.long	.Linfo_string132                @ DW_AT_name
	.long	1164                            @ DW_AT_type
	.byte	6                               @ DW_AT_decl_file
	.short	465                             @ DW_AT_decl_line
	.byte	1                               @ DW_AT_bit_size
	.byte	1                               @ DW_AT_data_bit_offset
	.byte	19                              @ Abbrev [19] 0x89d:0xe DW_TAG_member
	.long	.Linfo_string66                 @ DW_AT_name
	.long	1164                            @ DW_AT_type
	.byte	6                               @ DW_AT_decl_file
	.short	466                             @ DW_AT_decl_line
	.byte	30                              @ DW_AT_bit_size
	.byte	2                               @ DW_AT_data_bit_offset
	.byte	0                               @ End Of Children Mark
	.byte	17                              @ Abbrev [17] 0x8ac:0x5 DW_TAG_volatile_type
	.long	2225                            @ DW_AT_type
	.byte	12                              @ Abbrev [12] 0x8b1:0xc DW_TAG_typedef
	.long	2237                            @ DW_AT_type
	.long	.Linfo_string140                @ DW_AT_name
	.byte	6                               @ DW_AT_decl_file
	.short	477                             @ DW_AT_decl_line
	.byte	18                              @ Abbrev [18] 0x8bd:0x5a DW_TAG_structure_type
	.byte	4                               @ DW_AT_byte_size
	.byte	6                               @ DW_AT_decl_file
	.short	469                             @ DW_AT_decl_line
	.byte	19                              @ Abbrev [19] 0x8c2:0xe DW_TAG_member
	.long	.Linfo_string136                @ DW_AT_name
	.long	1164                            @ DW_AT_type
	.byte	6                               @ DW_AT_decl_file
	.short	471                             @ DW_AT_decl_line
	.byte	1                               @ DW_AT_bit_size
	.byte	0                               @ DW_AT_data_bit_offset
	.byte	19                              @ Abbrev [19] 0x8d0:0xe DW_TAG_member
	.long	.Linfo_string137                @ DW_AT_name
	.long	1164                            @ DW_AT_type
	.byte	6                               @ DW_AT_decl_file
	.short	472                             @ DW_AT_decl_line
	.byte	1                               @ DW_AT_bit_size
	.byte	1                               @ DW_AT_data_bit_offset
	.byte	19                              @ Abbrev [19] 0x8de:0xe DW_TAG_member
	.long	.Linfo_string138                @ DW_AT_name
	.long	1164                            @ DW_AT_type
	.byte	6                               @ DW_AT_decl_file
	.short	473                             @ DW_AT_decl_line
	.byte	1                               @ DW_AT_bit_size
	.byte	2                               @ DW_AT_data_bit_offset
	.byte	19                              @ Abbrev [19] 0x8ec:0xe DW_TAG_member
	.long	.Linfo_string62                 @ DW_AT_name
	.long	1164                            @ DW_AT_type
	.byte	6                               @ DW_AT_decl_file
	.short	474                             @ DW_AT_decl_line
	.byte	1                               @ DW_AT_bit_size
	.byte	3                               @ DW_AT_data_bit_offset
	.byte	19                              @ Abbrev [19] 0x8fa:0xe DW_TAG_member
	.long	.Linfo_string139                @ DW_AT_name
	.long	1164                            @ DW_AT_type
	.byte	6                               @ DW_AT_decl_file
	.short	475                             @ DW_AT_decl_line
	.byte	4                               @ DW_AT_bit_size
	.byte	4                               @ DW_AT_data_bit_offset
	.byte	19                              @ Abbrev [19] 0x908:0xe DW_TAG_member
	.long	.Linfo_string66                 @ DW_AT_name
	.long	1164                            @ DW_AT_type
	.byte	6                               @ DW_AT_decl_file
	.short	476                             @ DW_AT_decl_line
	.byte	24                              @ DW_AT_bit_size
	.byte	8                               @ DW_AT_data_bit_offset
	.byte	0                               @ End Of Children Mark
	.byte	17                              @ Abbrev [17] 0x917:0x5 DW_TAG_volatile_type
	.long	2332                            @ DW_AT_type
	.byte	12                              @ Abbrev [12] 0x91c:0xc DW_TAG_typedef
	.long	2344                            @ DW_AT_type
	.long	.Linfo_string148                @ DW_AT_name
	.byte	6                               @ DW_AT_decl_file
	.short	487                             @ DW_AT_decl_line
	.byte	18                              @ Abbrev [18] 0x928:0x5a DW_TAG_structure_type
	.byte	4                               @ DW_AT_byte_size
	.byte	6                               @ DW_AT_decl_file
	.short	479                             @ DW_AT_decl_line
	.byte	19                              @ Abbrev [19] 0x92d:0xe DW_TAG_member
	.long	.Linfo_string143                @ DW_AT_name
	.long	1164                            @ DW_AT_type
	.byte	6                               @ DW_AT_decl_file
	.short	481                             @ DW_AT_decl_line
	.byte	1                               @ DW_AT_bit_size
	.byte	0                               @ DW_AT_data_bit_offset
	.byte	19                              @ Abbrev [19] 0x93b:0xe DW_TAG_member
	.long	.Linfo_string144                @ DW_AT_name
	.long	1164                            @ DW_AT_type
	.byte	6                               @ DW_AT_decl_file
	.short	482                             @ DW_AT_decl_line
	.byte	1                               @ DW_AT_bit_size
	.byte	1                               @ DW_AT_data_bit_offset
	.byte	19                              @ Abbrev [19] 0x949:0xe DW_TAG_member
	.long	.Linfo_string145                @ DW_AT_name
	.long	1164                            @ DW_AT_type
	.byte	6                               @ DW_AT_decl_file
	.short	483                             @ DW_AT_decl_line
	.byte	1                               @ DW_AT_bit_size
	.byte	2                               @ DW_AT_data_bit_offset
	.byte	19                              @ Abbrev [19] 0x957:0xe DW_TAG_member
	.long	.Linfo_string146                @ DW_AT_name
	.long	1164                            @ DW_AT_type
	.byte	6                               @ DW_AT_decl_file
	.short	484                             @ DW_AT_decl_line
	.byte	1                               @ DW_AT_bit_size
	.byte	3                               @ DW_AT_data_bit_offset
	.byte	19                              @ Abbrev [19] 0x965:0xe DW_TAG_member
	.long	.Linfo_string147                @ DW_AT_name
	.long	1164                            @ DW_AT_type
	.byte	6                               @ DW_AT_decl_file
	.short	485                             @ DW_AT_decl_line
	.byte	4                               @ DW_AT_bit_size
	.byte	4                               @ DW_AT_data_bit_offset
	.byte	19                              @ Abbrev [19] 0x973:0xe DW_TAG_member
	.long	.Linfo_string66                 @ DW_AT_name
	.long	1164                            @ DW_AT_type
	.byte	6                               @ DW_AT_decl_file
	.short	486                             @ DW_AT_decl_line
	.byte	24                              @ DW_AT_bit_size
	.byte	8                               @ DW_AT_data_bit_offset
	.byte	0                               @ End Of Children Mark
	.byte	17                              @ Abbrev [17] 0x982:0x5 DW_TAG_volatile_type
	.long	2439                            @ DW_AT_type
	.byte	12                              @ Abbrev [12] 0x987:0xc DW_TAG_typedef
	.long	2451                            @ DW_AT_type
	.long	.Linfo_string155                @ DW_AT_name
	.byte	6                               @ DW_AT_decl_file
	.short	497                             @ DW_AT_decl_line
	.byte	18                              @ Abbrev [18] 0x993:0x5a DW_TAG_structure_type
	.byte	4                               @ DW_AT_byte_size
	.byte	6                               @ DW_AT_decl_file
	.short	489                             @ DW_AT_decl_line
	.byte	19                              @ Abbrev [19] 0x998:0xe DW_TAG_member
	.long	.Linfo_string151                @ DW_AT_name
	.long	1164                            @ DW_AT_type
	.byte	6                               @ DW_AT_decl_file
	.short	491                             @ DW_AT_decl_line
	.byte	1                               @ DW_AT_bit_size
	.byte	0                               @ DW_AT_data_bit_offset
	.byte	19                              @ Abbrev [19] 0x9a6:0xe DW_TAG_member
	.long	.Linfo_string152                @ DW_AT_name
	.long	1164                            @ DW_AT_type
	.byte	6                               @ DW_AT_decl_file
	.short	492                             @ DW_AT_decl_line
	.byte	1                               @ DW_AT_bit_size
	.byte	1                               @ DW_AT_data_bit_offset
	.byte	19                              @ Abbrev [19] 0x9b4:0xe DW_TAG_member
	.long	.Linfo_string153                @ DW_AT_name
	.long	1164                            @ DW_AT_type
	.byte	6                               @ DW_AT_decl_file
	.short	493                             @ DW_AT_decl_line
	.byte	1                               @ DW_AT_bit_size
	.byte	2                               @ DW_AT_data_bit_offset
	.byte	19                              @ Abbrev [19] 0x9c2:0xe DW_TAG_member
	.long	.Linfo_string62                 @ DW_AT_name
	.long	1164                            @ DW_AT_type
	.byte	6                               @ DW_AT_decl_file
	.short	494                             @ DW_AT_decl_line
	.byte	1                               @ DW_AT_bit_size
	.byte	3                               @ DW_AT_data_bit_offset
	.byte	19                              @ Abbrev [19] 0x9d0:0xe DW_TAG_member
	.long	.Linfo_string154                @ DW_AT_name
	.long	1164                            @ DW_AT_type
	.byte	6                               @ DW_AT_decl_file
	.short	495                             @ DW_AT_decl_line
	.byte	4                               @ DW_AT_bit_size
	.byte	4                               @ DW_AT_data_bit_offset
	.byte	19                              @ Abbrev [19] 0x9de:0xe DW_TAG_member
	.long	.Linfo_string66                 @ DW_AT_name
	.long	1164                            @ DW_AT_type
	.byte	6                               @ DW_AT_decl_file
	.short	496                             @ DW_AT_decl_line
	.byte	24                              @ DW_AT_bit_size
	.byte	8                               @ DW_AT_data_bit_offset
	.byte	0                               @ End Of Children Mark
	.byte	17                              @ Abbrev [17] 0x9ed:0x5 DW_TAG_volatile_type
	.long	2546                            @ DW_AT_type
	.byte	12                              @ Abbrev [12] 0x9f2:0xc DW_TAG_typedef
	.long	2558                            @ DW_AT_type
	.long	.Linfo_string167                @ DW_AT_name
	.byte	6                               @ DW_AT_decl_file
	.short	513                             @ DW_AT_decl_line
	.byte	18                              @ Abbrev [18] 0x9fe:0xae DW_TAG_structure_type
	.byte	4                               @ DW_AT_byte_size
	.byte	6                               @ DW_AT_decl_file
	.short	499                             @ DW_AT_decl_line
	.byte	19                              @ Abbrev [19] 0xa03:0xe DW_TAG_member
	.long	.Linfo_string158                @ DW_AT_name
	.long	1164                            @ DW_AT_type
	.byte	6                               @ DW_AT_decl_file
	.short	501                             @ DW_AT_decl_line
	.byte	1                               @ DW_AT_bit_size
	.byte	0                               @ DW_AT_data_bit_offset
	.byte	19                              @ Abbrev [19] 0xa11:0xe DW_TAG_member
	.long	.Linfo_string159                @ DW_AT_name
	.long	1164                            @ DW_AT_type
	.byte	6                               @ DW_AT_decl_file
	.short	502                             @ DW_AT_decl_line
	.byte	1                               @ DW_AT_bit_size
	.byte	1                               @ DW_AT_data_bit_offset
	.byte	19                              @ Abbrev [19] 0xa1f:0xe DW_TAG_member
	.long	.Linfo_string160                @ DW_AT_name
	.long	1164                            @ DW_AT_type
	.byte	6                               @ DW_AT_decl_file
	.short	503                             @ DW_AT_decl_line
	.byte	2                               @ DW_AT_bit_size
	.byte	2                               @ DW_AT_data_bit_offset
	.byte	19                              @ Abbrev [19] 0xa2d:0xe DW_TAG_member
	.long	.Linfo_string161                @ DW_AT_name
	.long	1164                            @ DW_AT_type
	.byte	6                               @ DW_AT_decl_file
	.short	504                             @ DW_AT_decl_line
	.byte	3                               @ DW_AT_bit_size
	.byte	4                               @ DW_AT_data_bit_offset
	.byte	19                              @ Abbrev [19] 0xa3b:0xe DW_TAG_member
	.long	.Linfo_string162                @ DW_AT_name
	.long	1164                            @ DW_AT_type
	.byte	6                               @ DW_AT_decl_file
	.short	505                             @ DW_AT_decl_line
	.byte	1                               @ DW_AT_bit_size
	.byte	7                               @ DW_AT_data_bit_offset
	.byte	19                              @ Abbrev [19] 0xa49:0xe DW_TAG_member
	.long	.Linfo_string163                @ DW_AT_name
	.long	1164                            @ DW_AT_type
	.byte	6                               @ DW_AT_decl_file
	.short	506                             @ DW_AT_decl_line
	.byte	5                               @ DW_AT_bit_size
	.byte	8                               @ DW_AT_data_bit_offset
	.byte	19                              @ Abbrev [19] 0xa57:0xe DW_TAG_member
	.long	.Linfo_string78                 @ DW_AT_name
	.long	1164                            @ DW_AT_type
	.byte	6                               @ DW_AT_decl_file
	.short	507                             @ DW_AT_decl_line
	.byte	3                               @ DW_AT_bit_size
	.byte	13                              @ DW_AT_data_bit_offset
	.byte	19                              @ Abbrev [19] 0xa65:0xe DW_TAG_member
	.long	.Linfo_string164                @ DW_AT_name
	.long	1164                            @ DW_AT_type
	.byte	6                               @ DW_AT_decl_file
	.short	508                             @ DW_AT_decl_line
	.byte	5                               @ DW_AT_bit_size
	.byte	16                              @ DW_AT_data_bit_offset
	.byte	19                              @ Abbrev [19] 0xa73:0xe DW_TAG_member
	.long	.Linfo_string62                 @ DW_AT_name
	.long	1164                            @ DW_AT_type
	.byte	6                               @ DW_AT_decl_file
	.short	509                             @ DW_AT_decl_line
	.byte	3                               @ DW_AT_bit_size
	.byte	21                              @ DW_AT_data_bit_offset
	.byte	19                              @ Abbrev [19] 0xa81:0xe DW_TAG_member
	.long	.Linfo_string165                @ DW_AT_name
	.long	1164                            @ DW_AT_type
	.byte	6                               @ DW_AT_decl_file
	.short	510                             @ DW_AT_decl_line
	.byte	6                               @ DW_AT_bit_size
	.byte	24                              @ DW_AT_data_bit_offset
	.byte	19                              @ Abbrev [19] 0xa8f:0xe DW_TAG_member
	.long	.Linfo_string166                @ DW_AT_name
	.long	1164                            @ DW_AT_type
	.byte	6                               @ DW_AT_decl_file
	.short	511                             @ DW_AT_decl_line
	.byte	1                               @ DW_AT_bit_size
	.byte	30                              @ DW_AT_data_bit_offset
	.byte	19                              @ Abbrev [19] 0xa9d:0xe DW_TAG_member
	.long	.Linfo_string66                 @ DW_AT_name
	.long	1164                            @ DW_AT_type
	.byte	6                               @ DW_AT_decl_file
	.short	512                             @ DW_AT_decl_line
	.byte	1                               @ DW_AT_bit_size
	.byte	31                              @ DW_AT_data_bit_offset
	.byte	0                               @ End Of Children Mark
	.byte	20                              @ Abbrev [20] 0xaac:0xc DW_TAG_array_type
	.long	78                              @ DW_AT_type
	.byte	21                              @ Abbrev [21] 0xab1:0x6 DW_TAG_subrange_type
	.long	2744                            @ DW_AT_type
	.byte	48                              @ DW_AT_count
	.byte	0                               @ End Of Children Mark
	.byte	22                              @ Abbrev [22] 0xab8:0x7 DW_TAG_base_type
	.long	.Linfo_string168                @ DW_AT_name
	.byte	8                               @ DW_AT_byte_size
	.byte	7                               @ DW_AT_encoding
	.byte	17                              @ Abbrev [17] 0xabf:0x5 DW_TAG_volatile_type
	.long	2756                            @ DW_AT_type
	.byte	12                              @ Abbrev [12] 0xac4:0xc DW_TAG_typedef
	.long	2768                            @ DW_AT_type
	.long	.Linfo_string171                @ DW_AT_name
	.byte	6                               @ DW_AT_decl_file
	.short	519                             @ DW_AT_decl_line
	.byte	18                              @ Abbrev [18] 0xad0:0x22 DW_TAG_structure_type
	.byte	4                               @ DW_AT_byte_size
	.byte	6                               @ DW_AT_decl_file
	.short	515                             @ DW_AT_decl_line
	.byte	19                              @ Abbrev [19] 0xad5:0xe DW_TAG_member
	.long	.Linfo_string169                @ DW_AT_name
	.long	1164                            @ DW_AT_type
	.byte	6                               @ DW_AT_decl_file
	.short	517                             @ DW_AT_decl_line
	.byte	1                               @ DW_AT_bit_size
	.byte	0                               @ DW_AT_data_bit_offset
	.byte	19                              @ Abbrev [19] 0xae3:0xe DW_TAG_member
	.long	.Linfo_string66                 @ DW_AT_name
	.long	1164                            @ DW_AT_type
	.byte	6                               @ DW_AT_decl_file
	.short	518                             @ DW_AT_decl_line
	.byte	31                              @ DW_AT_bit_size
	.byte	1                               @ DW_AT_data_bit_offset
	.byte	0                               @ End Of Children Mark
	.byte	4                               @ Abbrev [4] 0xaf2:0x5 DW_TAG_pointer_type
	.long	2807                            @ DW_AT_type
	.byte	3                               @ Abbrev [3] 0xaf7:0xb DW_TAG_typedef
	.long	2818                            @ DW_AT_type
	.long	.Linfo_string206                @ DW_AT_name
	.byte	7                               @ DW_AT_decl_file
	.byte	243                             @ DW_AT_decl_line
	.byte	23                              @ Abbrev [23] 0xb02:0x19c DW_TAG_structure_type
	.byte	44                              @ DW_AT_byte_size
	.byte	7                               @ DW_AT_decl_file
	.byte	175                             @ DW_AT_decl_line
	.byte	24                              @ Abbrev [24] 0xb06:0x8 DW_TAG_member
	.long	2830                            @ DW_AT_type
	.byte	7                               @ DW_AT_decl_file
	.byte	177                             @ DW_AT_decl_line
	.byte	0                               @ DW_AT_data_member_location
	.byte	25                              @ Abbrev [25] 0xb0e:0x1d DW_TAG_union_type
	.byte	4                               @ DW_AT_byte_size
	.byte	7                               @ DW_AT_decl_file
	.byte	177                             @ DW_AT_decl_line
	.byte	26                              @ Abbrev [26] 0xb12:0xc DW_TAG_member
	.long	.Linfo_string173                @ DW_AT_name
	.long	1164                            @ DW_AT_type
	.byte	7                               @ DW_AT_decl_file
	.byte	179                             @ DW_AT_decl_line
	.byte	0                               @ DW_AT_data_member_location
	.byte	26                              @ Abbrev [26] 0xb1e:0xc DW_TAG_member
	.long	.Linfo_string174                @ DW_AT_name
	.long	3230                            @ DW_AT_type
	.byte	7                               @ DW_AT_decl_file
	.byte	180                             @ DW_AT_decl_line
	.byte	0                               @ DW_AT_data_member_location
	.byte	0                               @ End Of Children Mark
	.byte	24                              @ Abbrev [24] 0xb2b:0x8 DW_TAG_member
	.long	2867                            @ DW_AT_type
	.byte	7                               @ DW_AT_decl_file
	.byte	183                             @ DW_AT_decl_line
	.byte	4                               @ DW_AT_data_member_location
	.byte	25                              @ Abbrev [25] 0xb33:0x1d DW_TAG_union_type
	.byte	4                               @ DW_AT_byte_size
	.byte	7                               @ DW_AT_decl_file
	.byte	183                             @ DW_AT_decl_line
	.byte	26                              @ Abbrev [26] 0xb37:0xc DW_TAG_member
	.long	.Linfo_string176                @ DW_AT_name
	.long	1164                            @ DW_AT_type
	.byte	7                               @ DW_AT_decl_file
	.byte	185                             @ DW_AT_decl_line
	.byte	0                               @ DW_AT_data_member_location
	.byte	26                              @ Abbrev [26] 0xb43:0xc DW_TAG_member
	.long	.Linfo_string177                @ DW_AT_name
	.long	3277                            @ DW_AT_type
	.byte	7                               @ DW_AT_decl_file
	.byte	186                             @ DW_AT_decl_line
	.byte	0                               @ DW_AT_data_member_location
	.byte	0                               @ End Of Children Mark
	.byte	24                              @ Abbrev [24] 0xb50:0x8 DW_TAG_member
	.long	2904                            @ DW_AT_type
	.byte	7                               @ DW_AT_decl_file
	.byte	189                             @ DW_AT_decl_line
	.byte	8                               @ DW_AT_data_member_location
	.byte	25                              @ Abbrev [25] 0xb58:0x1d DW_TAG_union_type
	.byte	4                               @ DW_AT_byte_size
	.byte	7                               @ DW_AT_decl_file
	.byte	189                             @ DW_AT_decl_line
	.byte	26                              @ Abbrev [26] 0xb5c:0xc DW_TAG_member
	.long	.Linfo_string179                @ DW_AT_name
	.long	1164                            @ DW_AT_type
	.byte	7                               @ DW_AT_decl_file
	.byte	191                             @ DW_AT_decl_line
	.byte	0                               @ DW_AT_data_member_location
	.byte	26                              @ Abbrev [26] 0xb68:0xc DW_TAG_member
	.long	.Linfo_string180                @ DW_AT_name
	.long	3324                            @ DW_AT_type
	.byte	7                               @ DW_AT_decl_file
	.byte	192                             @ DW_AT_decl_line
	.byte	0                               @ DW_AT_data_member_location
	.byte	0                               @ End Of Children Mark
	.byte	24                              @ Abbrev [24] 0xb75:0x8 DW_TAG_member
	.long	2941                            @ DW_AT_type
	.byte	7                               @ DW_AT_decl_file
	.byte	195                             @ DW_AT_decl_line
	.byte	12                              @ DW_AT_data_member_location
	.byte	25                              @ Abbrev [25] 0xb7d:0x1d DW_TAG_union_type
	.byte	4                               @ DW_AT_byte_size
	.byte	7                               @ DW_AT_decl_file
	.byte	195                             @ DW_AT_decl_line
	.byte	26                              @ Abbrev [26] 0xb81:0xc DW_TAG_member
	.long	.Linfo_string182                @ DW_AT_name
	.long	1164                            @ DW_AT_type
	.byte	7                               @ DW_AT_decl_file
	.byte	197                             @ DW_AT_decl_line
	.byte	0                               @ DW_AT_data_member_location
	.byte	26                              @ Abbrev [26] 0xb8d:0xc DW_TAG_member
	.long	.Linfo_string183                @ DW_AT_name
	.long	3371                            @ DW_AT_type
	.byte	7                               @ DW_AT_decl_file
	.byte	198                             @ DW_AT_decl_line
	.byte	0                               @ DW_AT_data_member_location
	.byte	0                               @ End Of Children Mark
	.byte	24                              @ Abbrev [24] 0xb9a:0x8 DW_TAG_member
	.long	2978                            @ DW_AT_type
	.byte	7                               @ DW_AT_decl_file
	.byte	201                             @ DW_AT_decl_line
	.byte	16                              @ DW_AT_data_member_location
	.byte	25                              @ Abbrev [25] 0xba2:0x1d DW_TAG_union_type
	.byte	4                               @ DW_AT_byte_size
	.byte	7                               @ DW_AT_decl_file
	.byte	201                             @ DW_AT_decl_line
	.byte	26                              @ Abbrev [26] 0xba6:0xc DW_TAG_member
	.long	.Linfo_string185                @ DW_AT_name
	.long	1164                            @ DW_AT_type
	.byte	7                               @ DW_AT_decl_file
	.byte	203                             @ DW_AT_decl_line
	.byte	0                               @ DW_AT_data_member_location
	.byte	26                              @ Abbrev [26] 0xbb2:0xc DW_TAG_member
	.long	.Linfo_string186                @ DW_AT_name
	.long	3418                            @ DW_AT_type
	.byte	7                               @ DW_AT_decl_file
	.byte	204                             @ DW_AT_decl_line
	.byte	0                               @ DW_AT_data_member_location
	.byte	0                               @ End Of Children Mark
	.byte	24                              @ Abbrev [24] 0xbbf:0x8 DW_TAG_member
	.long	3015                            @ DW_AT_type
	.byte	7                               @ DW_AT_decl_file
	.byte	207                             @ DW_AT_decl_line
	.byte	20                              @ DW_AT_data_member_location
	.byte	25                              @ Abbrev [25] 0xbc7:0x1d DW_TAG_union_type
	.byte	4                               @ DW_AT_byte_size
	.byte	7                               @ DW_AT_decl_file
	.byte	207                             @ DW_AT_decl_line
	.byte	26                              @ Abbrev [26] 0xbcb:0xc DW_TAG_member
	.long	.Linfo_string188                @ DW_AT_name
	.long	1164                            @ DW_AT_type
	.byte	7                               @ DW_AT_decl_file
	.byte	209                             @ DW_AT_decl_line
	.byte	0                               @ DW_AT_data_member_location
	.byte	26                              @ Abbrev [26] 0xbd7:0xc DW_TAG_member
	.long	.Linfo_string189                @ DW_AT_name
	.long	3465                            @ DW_AT_type
	.byte	7                               @ DW_AT_decl_file
	.byte	210                             @ DW_AT_decl_line
	.byte	0                               @ DW_AT_data_member_location
	.byte	0                               @ End Of Children Mark
	.byte	24                              @ Abbrev [24] 0xbe4:0x8 DW_TAG_member
	.long	3052                            @ DW_AT_type
	.byte	7                               @ DW_AT_decl_file
	.byte	213                             @ DW_AT_decl_line
	.byte	24                              @ DW_AT_data_member_location
	.byte	25                              @ Abbrev [25] 0xbec:0x1d DW_TAG_union_type
	.byte	4                               @ DW_AT_byte_size
	.byte	7                               @ DW_AT_decl_file
	.byte	213                             @ DW_AT_decl_line
	.byte	26                              @ Abbrev [26] 0xbf0:0xc DW_TAG_member
	.long	.Linfo_string191                @ DW_AT_name
	.long	1164                            @ DW_AT_type
	.byte	7                               @ DW_AT_decl_file
	.byte	215                             @ DW_AT_decl_line
	.byte	0                               @ DW_AT_data_member_location
	.byte	26                              @ Abbrev [26] 0xbfc:0xc DW_TAG_member
	.long	.Linfo_string192                @ DW_AT_name
	.long	3512                            @ DW_AT_type
	.byte	7                               @ DW_AT_decl_file
	.byte	216                             @ DW_AT_decl_line
	.byte	0                               @ DW_AT_data_member_location
	.byte	0                               @ End Of Children Mark
	.byte	24                              @ Abbrev [24] 0xc09:0x8 DW_TAG_member
	.long	3089                            @ DW_AT_type
	.byte	7                               @ DW_AT_decl_file
	.byte	219                             @ DW_AT_decl_line
	.byte	28                              @ DW_AT_data_member_location
	.byte	25                              @ Abbrev [25] 0xc11:0x1d DW_TAG_union_type
	.byte	4                               @ DW_AT_byte_size
	.byte	7                               @ DW_AT_decl_file
	.byte	219                             @ DW_AT_decl_line
	.byte	26                              @ Abbrev [26] 0xc15:0xc DW_TAG_member
	.long	.Linfo_string194                @ DW_AT_name
	.long	1164                            @ DW_AT_type
	.byte	7                               @ DW_AT_decl_file
	.byte	221                             @ DW_AT_decl_line
	.byte	0                               @ DW_AT_data_member_location
	.byte	26                              @ Abbrev [26] 0xc21:0xc DW_TAG_member
	.long	.Linfo_string195                @ DW_AT_name
	.long	3559                            @ DW_AT_type
	.byte	7                               @ DW_AT_decl_file
	.byte	222                             @ DW_AT_decl_line
	.byte	0                               @ DW_AT_data_member_location
	.byte	0                               @ End Of Children Mark
	.byte	24                              @ Abbrev [24] 0xc2e:0x8 DW_TAG_member
	.long	3126                            @ DW_AT_type
	.byte	7                               @ DW_AT_decl_file
	.byte	225                             @ DW_AT_decl_line
	.byte	32                              @ DW_AT_data_member_location
	.byte	25                              @ Abbrev [25] 0xc36:0x1d DW_TAG_union_type
	.byte	4                               @ DW_AT_byte_size
	.byte	7                               @ DW_AT_decl_file
	.byte	225                             @ DW_AT_decl_line
	.byte	26                              @ Abbrev [26] 0xc3a:0xc DW_TAG_member
	.long	.Linfo_string197                @ DW_AT_name
	.long	1164                            @ DW_AT_type
	.byte	7                               @ DW_AT_decl_file
	.byte	227                             @ DW_AT_decl_line
	.byte	0                               @ DW_AT_data_member_location
	.byte	26                              @ Abbrev [26] 0xc46:0xc DW_TAG_member
	.long	.Linfo_string198                @ DW_AT_name
	.long	3606                            @ DW_AT_type
	.byte	7                               @ DW_AT_decl_file
	.byte	228                             @ DW_AT_decl_line
	.byte	0                               @ DW_AT_data_member_location
	.byte	0                               @ End Of Children Mark
	.byte	24                              @ Abbrev [24] 0xc53:0x8 DW_TAG_member
	.long	3163                            @ DW_AT_type
	.byte	7                               @ DW_AT_decl_file
	.byte	231                             @ DW_AT_decl_line
	.byte	36                              @ DW_AT_data_member_location
	.byte	25                              @ Abbrev [25] 0xc5b:0x1d DW_TAG_union_type
	.byte	4                               @ DW_AT_byte_size
	.byte	7                               @ DW_AT_decl_file
	.byte	231                             @ DW_AT_decl_line
	.byte	26                              @ Abbrev [26] 0xc5f:0xc DW_TAG_member
	.long	.Linfo_string200                @ DW_AT_name
	.long	1164                            @ DW_AT_type
	.byte	7                               @ DW_AT_decl_file
	.byte	233                             @ DW_AT_decl_line
	.byte	0                               @ DW_AT_data_member_location
	.byte	26                              @ Abbrev [26] 0xc6b:0xc DW_TAG_member
	.long	.Linfo_string201                @ DW_AT_name
	.long	3653                            @ DW_AT_type
	.byte	7                               @ DW_AT_decl_file
	.byte	234                             @ DW_AT_decl_line
	.byte	0                               @ DW_AT_data_member_location
	.byte	0                               @ End Of Children Mark
	.byte	24                              @ Abbrev [24] 0xc78:0x8 DW_TAG_member
	.long	3200                            @ DW_AT_type
	.byte	7                               @ DW_AT_decl_file
	.byte	237                             @ DW_AT_decl_line
	.byte	40                              @ DW_AT_data_member_location
	.byte	25                              @ Abbrev [25] 0xc80:0x1d DW_TAG_union_type
	.byte	4                               @ DW_AT_byte_size
	.byte	7                               @ DW_AT_decl_file
	.byte	237                             @ DW_AT_decl_line
	.byte	26                              @ Abbrev [26] 0xc84:0xc DW_TAG_member
	.long	.Linfo_string203                @ DW_AT_name
	.long	1164                            @ DW_AT_type
	.byte	7                               @ DW_AT_decl_file
	.byte	239                             @ DW_AT_decl_line
	.byte	0                               @ DW_AT_data_member_location
	.byte	26                              @ Abbrev [26] 0xc90:0xc DW_TAG_member
	.long	.Linfo_string204                @ DW_AT_name
	.long	3700                            @ DW_AT_type
	.byte	7                               @ DW_AT_decl_file
	.byte	240                             @ DW_AT_decl_line
	.byte	0                               @ DW_AT_data_member_location
	.byte	0                               @ End Of Children Mark
	.byte	0                               @ End Of Children Mark
	.byte	17                              @ Abbrev [17] 0xc9e:0x5 DW_TAG_volatile_type
	.long	3235                            @ DW_AT_type
	.byte	3                               @ Abbrev [3] 0xca3:0xb DW_TAG_typedef
	.long	3246                            @ DW_AT_type
	.long	.Linfo_string175                @ DW_AT_name
	.byte	7                               @ DW_AT_decl_file
	.byte	112                             @ DW_AT_decl_line
	.byte	23                              @ Abbrev [23] 0xcae:0x1f DW_TAG_structure_type
	.byte	4                               @ DW_AT_byte_size
	.byte	7                               @ DW_AT_decl_file
	.byte	108                             @ DW_AT_decl_line
	.byte	27                              @ Abbrev [27] 0xcb2:0xd DW_TAG_member
	.long	.Linfo_string173                @ DW_AT_name
	.long	1164                            @ DW_AT_type
	.byte	7                               @ DW_AT_decl_file
	.byte	110                             @ DW_AT_decl_line
	.byte	9                               @ DW_AT_bit_size
	.byte	0                               @ DW_AT_data_bit_offset
	.byte	27                              @ Abbrev [27] 0xcbf:0xd DW_TAG_member
	.long	.Linfo_string66                 @ DW_AT_name
	.long	1164                            @ DW_AT_type
	.byte	7                               @ DW_AT_decl_file
	.byte	111                             @ DW_AT_decl_line
	.byte	23                              @ DW_AT_bit_size
	.byte	9                               @ DW_AT_data_bit_offset
	.byte	0                               @ End Of Children Mark
	.byte	17                              @ Abbrev [17] 0xccd:0x5 DW_TAG_volatile_type
	.long	3282                            @ DW_AT_type
	.byte	3                               @ Abbrev [3] 0xcd2:0xb DW_TAG_typedef
	.long	3293                            @ DW_AT_type
	.long	.Linfo_string178                @ DW_AT_name
	.byte	7                               @ DW_AT_decl_file
	.byte	118                             @ DW_AT_decl_line
	.byte	23                              @ Abbrev [23] 0xcdd:0x1f DW_TAG_structure_type
	.byte	4                               @ DW_AT_byte_size
	.byte	7                               @ DW_AT_decl_file
	.byte	114                             @ DW_AT_decl_line
	.byte	27                              @ Abbrev [27] 0xce1:0xd DW_TAG_member
	.long	.Linfo_string176                @ DW_AT_name
	.long	1164                            @ DW_AT_type
	.byte	7                               @ DW_AT_decl_file
	.byte	116                             @ DW_AT_decl_line
	.byte	9                               @ DW_AT_bit_size
	.byte	0                               @ DW_AT_data_bit_offset
	.byte	27                              @ Abbrev [27] 0xcee:0xd DW_TAG_member
	.long	.Linfo_string66                 @ DW_AT_name
	.long	1164                            @ DW_AT_type
	.byte	7                               @ DW_AT_decl_file
	.byte	117                             @ DW_AT_decl_line
	.byte	23                              @ DW_AT_bit_size
	.byte	9                               @ DW_AT_data_bit_offset
	.byte	0                               @ End Of Children Mark
	.byte	17                              @ Abbrev [17] 0xcfc:0x5 DW_TAG_volatile_type
	.long	3329                            @ DW_AT_type
	.byte	3                               @ Abbrev [3] 0xd01:0xb DW_TAG_typedef
	.long	3340                            @ DW_AT_type
	.long	.Linfo_string181                @ DW_AT_name
	.byte	7                               @ DW_AT_decl_file
	.byte	124                             @ DW_AT_decl_line
	.byte	23                              @ Abbrev [23] 0xd0c:0x1f DW_TAG_structure_type
	.byte	4                               @ DW_AT_byte_size
	.byte	7                               @ DW_AT_decl_file
	.byte	120                             @ DW_AT_decl_line
	.byte	27                              @ Abbrev [27] 0xd10:0xd DW_TAG_member
	.long	.Linfo_string179                @ DW_AT_name
	.long	1164                            @ DW_AT_type
	.byte	7                               @ DW_AT_decl_file
	.byte	122                             @ DW_AT_decl_line
	.byte	9                               @ DW_AT_bit_size
	.byte	0                               @ DW_AT_data_bit_offset
	.byte	27                              @ Abbrev [27] 0xd1d:0xd DW_TAG_member
	.long	.Linfo_string66                 @ DW_AT_name
	.long	1164                            @ DW_AT_type
	.byte	7                               @ DW_AT_decl_file
	.byte	123                             @ DW_AT_decl_line
	.byte	23                              @ DW_AT_bit_size
	.byte	9                               @ DW_AT_data_bit_offset
	.byte	0                               @ End Of Children Mark
	.byte	17                              @ Abbrev [17] 0xd2b:0x5 DW_TAG_volatile_type
	.long	3376                            @ DW_AT_type
	.byte	3                               @ Abbrev [3] 0xd30:0xb DW_TAG_typedef
	.long	3387                            @ DW_AT_type
	.long	.Linfo_string184                @ DW_AT_name
	.byte	7                               @ DW_AT_decl_file
	.byte	130                             @ DW_AT_decl_line
	.byte	23                              @ Abbrev [23] 0xd3b:0x1f DW_TAG_structure_type
	.byte	4                               @ DW_AT_byte_size
	.byte	7                               @ DW_AT_decl_file
	.byte	126                             @ DW_AT_decl_line
	.byte	27                              @ Abbrev [27] 0xd3f:0xd DW_TAG_member
	.long	.Linfo_string182                @ DW_AT_name
	.long	1164                            @ DW_AT_type
	.byte	7                               @ DW_AT_decl_file
	.byte	128                             @ DW_AT_decl_line
	.byte	9                               @ DW_AT_bit_size
	.byte	0                               @ DW_AT_data_bit_offset
	.byte	27                              @ Abbrev [27] 0xd4c:0xd DW_TAG_member
	.long	.Linfo_string66                 @ DW_AT_name
	.long	1164                            @ DW_AT_type
	.byte	7                               @ DW_AT_decl_file
	.byte	129                             @ DW_AT_decl_line
	.byte	23                              @ DW_AT_bit_size
	.byte	9                               @ DW_AT_data_bit_offset
	.byte	0                               @ End Of Children Mark
	.byte	17                              @ Abbrev [17] 0xd5a:0x5 DW_TAG_volatile_type
	.long	3423                            @ DW_AT_type
	.byte	3                               @ Abbrev [3] 0xd5f:0xb DW_TAG_typedef
	.long	3434                            @ DW_AT_type
	.long	.Linfo_string187                @ DW_AT_name
	.byte	7                               @ DW_AT_decl_file
	.byte	136                             @ DW_AT_decl_line
	.byte	23                              @ Abbrev [23] 0xd6a:0x1f DW_TAG_structure_type
	.byte	4                               @ DW_AT_byte_size
	.byte	7                               @ DW_AT_decl_file
	.byte	132                             @ DW_AT_decl_line
	.byte	27                              @ Abbrev [27] 0xd6e:0xd DW_TAG_member
	.long	.Linfo_string185                @ DW_AT_name
	.long	1164                            @ DW_AT_type
	.byte	7                               @ DW_AT_decl_file
	.byte	134                             @ DW_AT_decl_line
	.byte	9                               @ DW_AT_bit_size
	.byte	0                               @ DW_AT_data_bit_offset
	.byte	27                              @ Abbrev [27] 0xd7b:0xd DW_TAG_member
	.long	.Linfo_string66                 @ DW_AT_name
	.long	1164                            @ DW_AT_type
	.byte	7                               @ DW_AT_decl_file
	.byte	135                             @ DW_AT_decl_line
	.byte	23                              @ DW_AT_bit_size
	.byte	9                               @ DW_AT_data_bit_offset
	.byte	0                               @ End Of Children Mark
	.byte	17                              @ Abbrev [17] 0xd89:0x5 DW_TAG_volatile_type
	.long	3470                            @ DW_AT_type
	.byte	3                               @ Abbrev [3] 0xd8e:0xb DW_TAG_typedef
	.long	3481                            @ DW_AT_type
	.long	.Linfo_string190                @ DW_AT_name
	.byte	7                               @ DW_AT_decl_file
	.byte	142                             @ DW_AT_decl_line
	.byte	23                              @ Abbrev [23] 0xd99:0x1f DW_TAG_structure_type
	.byte	4                               @ DW_AT_byte_size
	.byte	7                               @ DW_AT_decl_file
	.byte	138                             @ DW_AT_decl_line
	.byte	27                              @ Abbrev [27] 0xd9d:0xd DW_TAG_member
	.long	.Linfo_string188                @ DW_AT_name
	.long	1164                            @ DW_AT_type
	.byte	7                               @ DW_AT_decl_file
	.byte	140                             @ DW_AT_decl_line
	.byte	9                               @ DW_AT_bit_size
	.byte	0                               @ DW_AT_data_bit_offset
	.byte	27                              @ Abbrev [27] 0xdaa:0xd DW_TAG_member
	.long	.Linfo_string66                 @ DW_AT_name
	.long	1164                            @ DW_AT_type
	.byte	7                               @ DW_AT_decl_file
	.byte	141                             @ DW_AT_decl_line
	.byte	23                              @ DW_AT_bit_size
	.byte	9                               @ DW_AT_data_bit_offset
	.byte	0                               @ End Of Children Mark
	.byte	17                              @ Abbrev [17] 0xdb8:0x5 DW_TAG_volatile_type
	.long	3517                            @ DW_AT_type
	.byte	3                               @ Abbrev [3] 0xdbd:0xb DW_TAG_typedef
	.long	3528                            @ DW_AT_type
	.long	.Linfo_string193                @ DW_AT_name
	.byte	7                               @ DW_AT_decl_file
	.byte	148                             @ DW_AT_decl_line
	.byte	23                              @ Abbrev [23] 0xdc8:0x1f DW_TAG_structure_type
	.byte	4                               @ DW_AT_byte_size
	.byte	7                               @ DW_AT_decl_file
	.byte	144                             @ DW_AT_decl_line
	.byte	27                              @ Abbrev [27] 0xdcc:0xd DW_TAG_member
	.long	.Linfo_string191                @ DW_AT_name
	.long	1164                            @ DW_AT_type
	.byte	7                               @ DW_AT_decl_file
	.byte	146                             @ DW_AT_decl_line
	.byte	9                               @ DW_AT_bit_size
	.byte	0                               @ DW_AT_data_bit_offset
	.byte	27                              @ Abbrev [27] 0xdd9:0xd DW_TAG_member
	.long	.Linfo_string66                 @ DW_AT_name
	.long	1164                            @ DW_AT_type
	.byte	7                               @ DW_AT_decl_file
	.byte	147                             @ DW_AT_decl_line
	.byte	23                              @ DW_AT_bit_size
	.byte	9                               @ DW_AT_data_bit_offset
	.byte	0                               @ End Of Children Mark
	.byte	17                              @ Abbrev [17] 0xde7:0x5 DW_TAG_volatile_type
	.long	3564                            @ DW_AT_type
	.byte	3                               @ Abbrev [3] 0xdec:0xb DW_TAG_typedef
	.long	3575                            @ DW_AT_type
	.long	.Linfo_string196                @ DW_AT_name
	.byte	7                               @ DW_AT_decl_file
	.byte	154                             @ DW_AT_decl_line
	.byte	23                              @ Abbrev [23] 0xdf7:0x1f DW_TAG_structure_type
	.byte	4                               @ DW_AT_byte_size
	.byte	7                               @ DW_AT_decl_file
	.byte	150                             @ DW_AT_decl_line
	.byte	27                              @ Abbrev [27] 0xdfb:0xd DW_TAG_member
	.long	.Linfo_string194                @ DW_AT_name
	.long	1164                            @ DW_AT_type
	.byte	7                               @ DW_AT_decl_file
	.byte	152                             @ DW_AT_decl_line
	.byte	9                               @ DW_AT_bit_size
	.byte	0                               @ DW_AT_data_bit_offset
	.byte	27                              @ Abbrev [27] 0xe08:0xd DW_TAG_member
	.long	.Linfo_string66                 @ DW_AT_name
	.long	1164                            @ DW_AT_type
	.byte	7                               @ DW_AT_decl_file
	.byte	153                             @ DW_AT_decl_line
	.byte	23                              @ DW_AT_bit_size
	.byte	9                               @ DW_AT_data_bit_offset
	.byte	0                               @ End Of Children Mark
	.byte	17                              @ Abbrev [17] 0xe16:0x5 DW_TAG_volatile_type
	.long	3611                            @ DW_AT_type
	.byte	3                               @ Abbrev [3] 0xe1b:0xb DW_TAG_typedef
	.long	3622                            @ DW_AT_type
	.long	.Linfo_string199                @ DW_AT_name
	.byte	7                               @ DW_AT_decl_file
	.byte	160                             @ DW_AT_decl_line
	.byte	23                              @ Abbrev [23] 0xe26:0x1f DW_TAG_structure_type
	.byte	4                               @ DW_AT_byte_size
	.byte	7                               @ DW_AT_decl_file
	.byte	156                             @ DW_AT_decl_line
	.byte	27                              @ Abbrev [27] 0xe2a:0xd DW_TAG_member
	.long	.Linfo_string197                @ DW_AT_name
	.long	1164                            @ DW_AT_type
	.byte	7                               @ DW_AT_decl_file
	.byte	158                             @ DW_AT_decl_line
	.byte	9                               @ DW_AT_bit_size
	.byte	0                               @ DW_AT_data_bit_offset
	.byte	27                              @ Abbrev [27] 0xe37:0xd DW_TAG_member
	.long	.Linfo_string66                 @ DW_AT_name
	.long	1164                            @ DW_AT_type
	.byte	7                               @ DW_AT_decl_file
	.byte	159                             @ DW_AT_decl_line
	.byte	23                              @ DW_AT_bit_size
	.byte	9                               @ DW_AT_data_bit_offset
	.byte	0                               @ End Of Children Mark
	.byte	17                              @ Abbrev [17] 0xe45:0x5 DW_TAG_volatile_type
	.long	3658                            @ DW_AT_type
	.byte	3                               @ Abbrev [3] 0xe4a:0xb DW_TAG_typedef
	.long	3669                            @ DW_AT_type
	.long	.Linfo_string202                @ DW_AT_name
	.byte	7                               @ DW_AT_decl_file
	.byte	166                             @ DW_AT_decl_line
	.byte	23                              @ Abbrev [23] 0xe55:0x1f DW_TAG_structure_type
	.byte	4                               @ DW_AT_byte_size
	.byte	7                               @ DW_AT_decl_file
	.byte	162                             @ DW_AT_decl_line
	.byte	27                              @ Abbrev [27] 0xe59:0xd DW_TAG_member
	.long	.Linfo_string200                @ DW_AT_name
	.long	1164                            @ DW_AT_type
	.byte	7                               @ DW_AT_decl_file
	.byte	164                             @ DW_AT_decl_line
	.byte	9                               @ DW_AT_bit_size
	.byte	0                               @ DW_AT_data_bit_offset
	.byte	27                              @ Abbrev [27] 0xe66:0xd DW_TAG_member
	.long	.Linfo_string66                 @ DW_AT_name
	.long	1164                            @ DW_AT_type
	.byte	7                               @ DW_AT_decl_file
	.byte	165                             @ DW_AT_decl_line
	.byte	23                              @ DW_AT_bit_size
	.byte	9                               @ DW_AT_data_bit_offset
	.byte	0                               @ End Of Children Mark
	.byte	17                              @ Abbrev [17] 0xe74:0x5 DW_TAG_volatile_type
	.long	3705                            @ DW_AT_type
	.byte	3                               @ Abbrev [3] 0xe79:0xb DW_TAG_typedef
	.long	3716                            @ DW_AT_type
	.long	.Linfo_string205                @ DW_AT_name
	.byte	7                               @ DW_AT_decl_file
	.byte	172                             @ DW_AT_decl_line
	.byte	23                              @ Abbrev [23] 0xe84:0x1f DW_TAG_structure_type
	.byte	4                               @ DW_AT_byte_size
	.byte	7                               @ DW_AT_decl_file
	.byte	168                             @ DW_AT_decl_line
	.byte	27                              @ Abbrev [27] 0xe88:0xd DW_TAG_member
	.long	.Linfo_string203                @ DW_AT_name
	.long	1164                            @ DW_AT_type
	.byte	7                               @ DW_AT_decl_file
	.byte	170                             @ DW_AT_decl_line
	.byte	9                               @ DW_AT_bit_size
	.byte	0                               @ DW_AT_data_bit_offset
	.byte	27                              @ Abbrev [27] 0xe95:0xd DW_TAG_member
	.long	.Linfo_string66                 @ DW_AT_name
	.long	1164                            @ DW_AT_type
	.byte	7                               @ DW_AT_decl_file
	.byte	171                             @ DW_AT_decl_line
	.byte	23                              @ DW_AT_bit_size
	.byte	9                               @ DW_AT_data_bit_offset
	.byte	0                               @ End Of Children Mark
	.byte	4                               @ Abbrev [4] 0xea3:0x5 DW_TAG_pointer_type
	.long	1164                            @ DW_AT_type
	.byte	4                               @ Abbrev [4] 0xea8:0x5 DW_TAG_pointer_type
	.long	3757                            @ DW_AT_type
	.byte	12                              @ Abbrev [12] 0xead:0xc DW_TAG_typedef
	.long	3769                            @ DW_AT_type
	.long	.Linfo_string381                @ DW_AT_name
	.byte	8                               @ DW_AT_decl_file
	.short	953                             @ DW_AT_decl_line
	.byte	13                              @ Abbrev [13] 0xeb9:0x4ef DW_TAG_structure_type
	.short	256                             @ DW_AT_byte_size
	.byte	8                               @ DW_AT_decl_file
	.short	767                             @ DW_AT_decl_line
	.byte	14                              @ Abbrev [14] 0xebf:0x9 DW_TAG_member
	.long	3784                            @ DW_AT_type
	.byte	8                               @ DW_AT_decl_file
	.short	769                             @ DW_AT_decl_line
	.byte	0                               @ DW_AT_data_member_location
	.byte	15                              @ Abbrev [15] 0xec8:0x20 DW_TAG_union_type
	.byte	4                               @ DW_AT_byte_size
	.byte	8                               @ DW_AT_decl_file
	.short	769                             @ DW_AT_decl_line
	.byte	16                              @ Abbrev [16] 0xecd:0xd DW_TAG_member
	.long	.Linfo_string207                @ DW_AT_name
	.long	1164                            @ DW_AT_type
	.byte	8                               @ DW_AT_decl_file
	.short	771                             @ DW_AT_decl_line
	.byte	0                               @ DW_AT_data_member_location
	.byte	16                              @ Abbrev [16] 0xeda:0xd DW_TAG_member
	.long	.Linfo_string208                @ DW_AT_name
	.long	5032                            @ DW_AT_type
	.byte	8                               @ DW_AT_decl_file
	.short	772                             @ DW_AT_decl_line
	.byte	0                               @ DW_AT_data_member_location
	.byte	0                               @ End Of Children Mark
	.byte	14                              @ Abbrev [14] 0xee8:0x9 DW_TAG_member
	.long	3825                            @ DW_AT_type
	.byte	8                               @ DW_AT_decl_file
	.short	775                             @ DW_AT_decl_line
	.byte	4                               @ DW_AT_data_member_location
	.byte	15                              @ Abbrev [15] 0xef1:0x20 DW_TAG_union_type
	.byte	4                               @ DW_AT_byte_size
	.byte	8                               @ DW_AT_decl_file
	.short	775                             @ DW_AT_decl_line
	.byte	16                              @ Abbrev [16] 0xef6:0xd DW_TAG_member
	.long	.Linfo_string211                @ DW_AT_name
	.long	1164                            @ DW_AT_type
	.byte	8                               @ DW_AT_decl_file
	.short	777                             @ DW_AT_decl_line
	.byte	0                               @ DW_AT_data_member_location
	.byte	16                              @ Abbrev [16] 0xf03:0xd DW_TAG_member
	.long	.Linfo_string212                @ DW_AT_name
	.long	5083                            @ DW_AT_type
	.byte	8                               @ DW_AT_decl_file
	.short	778                             @ DW_AT_decl_line
	.byte	0                               @ DW_AT_data_member_location
	.byte	0                               @ End Of Children Mark
	.byte	14                              @ Abbrev [14] 0xf11:0x9 DW_TAG_member
	.long	3866                            @ DW_AT_type
	.byte	8                               @ DW_AT_decl_file
	.short	781                             @ DW_AT_decl_line
	.byte	8                               @ DW_AT_data_member_location
	.byte	15                              @ Abbrev [15] 0xf1a:0x20 DW_TAG_union_type
	.byte	4                               @ DW_AT_byte_size
	.byte	8                               @ DW_AT_decl_file
	.short	781                             @ DW_AT_decl_line
	.byte	16                              @ Abbrev [16] 0xf1f:0xd DW_TAG_member
	.long	.Linfo_string215                @ DW_AT_name
	.long	1164                            @ DW_AT_type
	.byte	8                               @ DW_AT_decl_file
	.short	783                             @ DW_AT_decl_line
	.byte	0                               @ DW_AT_data_member_location
	.byte	16                              @ Abbrev [16] 0xf2c:0xd DW_TAG_member
	.long	.Linfo_string216                @ DW_AT_name
	.long	5134                            @ DW_AT_type
	.byte	8                               @ DW_AT_decl_file
	.short	784                             @ DW_AT_decl_line
	.byte	0                               @ DW_AT_data_member_location
	.byte	0                               @ End Of Children Mark
	.byte	14                              @ Abbrev [14] 0xf3a:0x9 DW_TAG_member
	.long	3907                            @ DW_AT_type
	.byte	8                               @ DW_AT_decl_file
	.short	787                             @ DW_AT_decl_line
	.byte	12                              @ DW_AT_data_member_location
	.byte	15                              @ Abbrev [15] 0xf43:0x20 DW_TAG_union_type
	.byte	4                               @ DW_AT_byte_size
	.byte	8                               @ DW_AT_decl_file
	.short	787                             @ DW_AT_decl_line
	.byte	16                              @ Abbrev [16] 0xf48:0xd DW_TAG_member
	.long	.Linfo_string219                @ DW_AT_name
	.long	1164                            @ DW_AT_type
	.byte	8                               @ DW_AT_decl_file
	.short	789                             @ DW_AT_decl_line
	.byte	0                               @ DW_AT_data_member_location
	.byte	16                              @ Abbrev [16] 0xf55:0xd DW_TAG_member
	.long	.Linfo_string220                @ DW_AT_name
	.long	5185                            @ DW_AT_type
	.byte	8                               @ DW_AT_decl_file
	.short	790                             @ DW_AT_decl_line
	.byte	0                               @ DW_AT_data_member_location
	.byte	0                               @ End Of Children Mark
	.byte	14                              @ Abbrev [14] 0xf63:0x9 DW_TAG_member
	.long	3948                            @ DW_AT_type
	.byte	8                               @ DW_AT_decl_file
	.short	793                             @ DW_AT_decl_line
	.byte	16                              @ DW_AT_data_member_location
	.byte	15                              @ Abbrev [15] 0xf6c:0x20 DW_TAG_union_type
	.byte	4                               @ DW_AT_byte_size
	.byte	8                               @ DW_AT_decl_file
	.short	793                             @ DW_AT_decl_line
	.byte	16                              @ Abbrev [16] 0xf71:0xd DW_TAG_member
	.long	.Linfo_string225                @ DW_AT_name
	.long	1164                            @ DW_AT_type
	.byte	8                               @ DW_AT_decl_file
	.short	795                             @ DW_AT_decl_line
	.byte	0                               @ DW_AT_data_member_location
	.byte	16                              @ Abbrev [16] 0xf7e:0xd DW_TAG_member
	.long	.Linfo_string226                @ DW_AT_name
	.long	5292                            @ DW_AT_type
	.byte	8                               @ DW_AT_decl_file
	.short	796                             @ DW_AT_decl_line
	.byte	0                               @ DW_AT_data_member_location
	.byte	0                               @ End Of Children Mark
	.byte	14                              @ Abbrev [14] 0xf8c:0x9 DW_TAG_member
	.long	3989                            @ DW_AT_type
	.byte	8                               @ DW_AT_decl_file
	.short	799                             @ DW_AT_decl_line
	.byte	20                              @ DW_AT_data_member_location
	.byte	15                              @ Abbrev [15] 0xf95:0x20 DW_TAG_union_type
	.byte	4                               @ DW_AT_byte_size
	.byte	8                               @ DW_AT_decl_file
	.short	799                             @ DW_AT_decl_line
	.byte	16                              @ Abbrev [16] 0xf9a:0xd DW_TAG_member
	.long	.Linfo_string230                @ DW_AT_name
	.long	1164                            @ DW_AT_type
	.byte	8                               @ DW_AT_decl_file
	.short	801                             @ DW_AT_decl_line
	.byte	0                               @ DW_AT_data_member_location
	.byte	16                              @ Abbrev [16] 0xfa7:0xd DW_TAG_member
	.long	.Linfo_string231                @ DW_AT_name
	.long	5371                            @ DW_AT_type
	.byte	8                               @ DW_AT_decl_file
	.short	802                             @ DW_AT_decl_line
	.byte	0                               @ DW_AT_data_member_location
	.byte	0                               @ End Of Children Mark
	.byte	14                              @ Abbrev [14] 0xfb5:0x9 DW_TAG_member
	.long	4030                            @ DW_AT_type
	.byte	8                               @ DW_AT_decl_file
	.short	805                             @ DW_AT_decl_line
	.byte	24                              @ DW_AT_data_member_location
	.byte	15                              @ Abbrev [15] 0xfbe:0x20 DW_TAG_union_type
	.byte	4                               @ DW_AT_byte_size
	.byte	8                               @ DW_AT_decl_file
	.short	805                             @ DW_AT_decl_line
	.byte	16                              @ Abbrev [16] 0xfc3:0xd DW_TAG_member
	.long	.Linfo_string237                @ DW_AT_name
	.long	1164                            @ DW_AT_type
	.byte	8                               @ DW_AT_decl_file
	.short	807                             @ DW_AT_decl_line
	.byte	0                               @ DW_AT_data_member_location
	.byte	16                              @ Abbrev [16] 0xfd0:0xd DW_TAG_member
	.long	.Linfo_string238                @ DW_AT_name
	.long	5450                            @ DW_AT_type
	.byte	8                               @ DW_AT_decl_file
	.short	808                             @ DW_AT_decl_line
	.byte	0                               @ DW_AT_data_member_location
	.byte	0                               @ End Of Children Mark
	.byte	14                              @ Abbrev [14] 0xfde:0x9 DW_TAG_member
	.long	4071                            @ DW_AT_type
	.byte	8                               @ DW_AT_decl_file
	.short	811                             @ DW_AT_decl_line
	.byte	28                              @ DW_AT_data_member_location
	.byte	15                              @ Abbrev [15] 0xfe7:0x20 DW_TAG_union_type
	.byte	4                               @ DW_AT_byte_size
	.byte	8                               @ DW_AT_decl_file
	.short	811                             @ DW_AT_decl_line
	.byte	16                              @ Abbrev [16] 0xfec:0xd DW_TAG_member
	.long	.Linfo_string248                @ DW_AT_name
	.long	1164                            @ DW_AT_type
	.byte	8                               @ DW_AT_decl_file
	.short	813                             @ DW_AT_decl_line
	.byte	0                               @ DW_AT_data_member_location
	.byte	16                              @ Abbrev [16] 0xff9:0xd DW_TAG_member
	.long	.Linfo_string249                @ DW_AT_name
	.long	5599                            @ DW_AT_type
	.byte	8                               @ DW_AT_decl_file
	.short	814                             @ DW_AT_decl_line
	.byte	0                               @ DW_AT_data_member_location
	.byte	0                               @ End Of Children Mark
	.byte	14                              @ Abbrev [14] 0x1007:0x9 DW_TAG_member
	.long	4112                            @ DW_AT_type
	.byte	8                               @ DW_AT_decl_file
	.short	817                             @ DW_AT_decl_line
	.byte	32                              @ DW_AT_data_member_location
	.byte	15                              @ Abbrev [15] 0x1010:0x20 DW_TAG_union_type
	.byte	4                               @ DW_AT_byte_size
	.byte	8                               @ DW_AT_decl_file
	.short	817                             @ DW_AT_decl_line
	.byte	16                              @ Abbrev [16] 0x1015:0xd DW_TAG_member
	.long	.Linfo_string252                @ DW_AT_name
	.long	1164                            @ DW_AT_type
	.byte	8                               @ DW_AT_decl_file
	.short	819                             @ DW_AT_decl_line
	.byte	0                               @ DW_AT_data_member_location
	.byte	16                              @ Abbrev [16] 0x1022:0xd DW_TAG_member
	.long	.Linfo_string253                @ DW_AT_name
	.long	5650                            @ DW_AT_type
	.byte	8                               @ DW_AT_decl_file
	.short	820                             @ DW_AT_decl_line
	.byte	0                               @ DW_AT_data_member_location
	.byte	0                               @ End Of Children Mark
	.byte	14                              @ Abbrev [14] 0x1030:0x9 DW_TAG_member
	.long	4153                            @ DW_AT_type
	.byte	8                               @ DW_AT_decl_file
	.short	823                             @ DW_AT_decl_line
	.byte	36                              @ DW_AT_data_member_location
	.byte	15                              @ Abbrev [15] 0x1039:0x20 DW_TAG_union_type
	.byte	4                               @ DW_AT_byte_size
	.byte	8                               @ DW_AT_decl_file
	.short	823                             @ DW_AT_decl_line
	.byte	16                              @ Abbrev [16] 0x103e:0xd DW_TAG_member
	.long	.Linfo_string257                @ DW_AT_name
	.long	1164                            @ DW_AT_type
	.byte	8                               @ DW_AT_decl_file
	.short	825                             @ DW_AT_decl_line
	.byte	0                               @ DW_AT_data_member_location
	.byte	16                              @ Abbrev [16] 0x104b:0xd DW_TAG_member
	.long	.Linfo_string258                @ DW_AT_name
	.long	5729                            @ DW_AT_type
	.byte	8                               @ DW_AT_decl_file
	.short	826                             @ DW_AT_decl_line
	.byte	0                               @ DW_AT_data_member_location
	.byte	0                               @ End Of Children Mark
	.byte	14                              @ Abbrev [14] 0x1059:0x9 DW_TAG_member
	.long	4194                            @ DW_AT_type
	.byte	8                               @ DW_AT_decl_file
	.short	829                             @ DW_AT_decl_line
	.byte	40                              @ DW_AT_data_member_location
	.byte	15                              @ Abbrev [15] 0x1062:0x20 DW_TAG_union_type
	.byte	4                               @ DW_AT_byte_size
	.byte	8                               @ DW_AT_decl_file
	.short	829                             @ DW_AT_decl_line
	.byte	16                              @ Abbrev [16] 0x1067:0xd DW_TAG_member
	.long	.Linfo_string261                @ DW_AT_name
	.long	1164                            @ DW_AT_type
	.byte	8                               @ DW_AT_decl_file
	.short	831                             @ DW_AT_decl_line
	.byte	0                               @ DW_AT_data_member_location
	.byte	16                              @ Abbrev [16] 0x1074:0xd DW_TAG_member
	.long	.Linfo_string262                @ DW_AT_name
	.long	5780                            @ DW_AT_type
	.byte	8                               @ DW_AT_decl_file
	.short	832                             @ DW_AT_decl_line
	.byte	0                               @ DW_AT_data_member_location
	.byte	0                               @ End Of Children Mark
	.byte	14                              @ Abbrev [14] 0x1082:0x9 DW_TAG_member
	.long	4235                            @ DW_AT_type
	.byte	8                               @ DW_AT_decl_file
	.short	835                             @ DW_AT_decl_line
	.byte	44                              @ DW_AT_data_member_location
	.byte	15                              @ Abbrev [15] 0x108b:0x20 DW_TAG_union_type
	.byte	4                               @ DW_AT_byte_size
	.byte	8                               @ DW_AT_decl_file
	.short	835                             @ DW_AT_decl_line
	.byte	16                              @ Abbrev [16] 0x1090:0xd DW_TAG_member
	.long	.Linfo_string266                @ DW_AT_name
	.long	1164                            @ DW_AT_type
	.byte	8                               @ DW_AT_decl_file
	.short	837                             @ DW_AT_decl_line
	.byte	0                               @ DW_AT_data_member_location
	.byte	16                              @ Abbrev [16] 0x109d:0xd DW_TAG_member
	.long	.Linfo_string267                @ DW_AT_name
	.long	5845                            @ DW_AT_type
	.byte	8                               @ DW_AT_decl_file
	.short	838                             @ DW_AT_decl_line
	.byte	0                               @ DW_AT_data_member_location
	.byte	0                               @ End Of Children Mark
	.byte	14                              @ Abbrev [14] 0x10ab:0x9 DW_TAG_member
	.long	4276                            @ DW_AT_type
	.byte	8                               @ DW_AT_decl_file
	.short	841                             @ DW_AT_decl_line
	.byte	48                              @ DW_AT_data_member_location
	.byte	15                              @ Abbrev [15] 0x10b4:0x20 DW_TAG_union_type
	.byte	4                               @ DW_AT_byte_size
	.byte	8                               @ DW_AT_decl_file
	.short	841                             @ DW_AT_decl_line
	.byte	16                              @ Abbrev [16] 0x10b9:0xd DW_TAG_member
	.long	.Linfo_string284                @ DW_AT_name
	.long	1164                            @ DW_AT_type
	.byte	8                               @ DW_AT_decl_file
	.short	843                             @ DW_AT_decl_line
	.byte	0                               @ DW_AT_data_member_location
	.byte	16                              @ Abbrev [16] 0x10c6:0xd DW_TAG_member
	.long	.Linfo_string285                @ DW_AT_name
	.long	6134                            @ DW_AT_type
	.byte	8                               @ DW_AT_decl_file
	.short	844                             @ DW_AT_decl_line
	.byte	0                               @ DW_AT_data_member_location
	.byte	0                               @ End Of Children Mark
	.byte	14                              @ Abbrev [14] 0x10d4:0x9 DW_TAG_member
	.long	4317                            @ DW_AT_type
	.byte	8                               @ DW_AT_decl_file
	.short	847                             @ DW_AT_decl_line
	.byte	52                              @ DW_AT_data_member_location
	.byte	15                              @ Abbrev [15] 0x10dd:0x20 DW_TAG_union_type
	.byte	4                               @ DW_AT_byte_size
	.byte	8                               @ DW_AT_decl_file
	.short	847                             @ DW_AT_decl_line
	.byte	16                              @ Abbrev [16] 0x10e2:0xd DW_TAG_member
	.long	.Linfo_string290                @ DW_AT_name
	.long	1164                            @ DW_AT_type
	.byte	8                               @ DW_AT_decl_file
	.short	849                             @ DW_AT_decl_line
	.byte	0                               @ DW_AT_data_member_location
	.byte	16                              @ Abbrev [16] 0x10ef:0xd DW_TAG_member
	.long	.Linfo_string291                @ DW_AT_name
	.long	6213                            @ DW_AT_type
	.byte	8                               @ DW_AT_decl_file
	.short	850                             @ DW_AT_decl_line
	.byte	0                               @ DW_AT_data_member_location
	.byte	0                               @ End Of Children Mark
	.byte	14                              @ Abbrev [14] 0x10fd:0x9 DW_TAG_member
	.long	4358                            @ DW_AT_type
	.byte	8                               @ DW_AT_decl_file
	.short	853                             @ DW_AT_decl_line
	.byte	56                              @ DW_AT_data_member_location
	.byte	15                              @ Abbrev [15] 0x1106:0x20 DW_TAG_union_type
	.byte	4                               @ DW_AT_byte_size
	.byte	8                               @ DW_AT_decl_file
	.short	853                             @ DW_AT_decl_line
	.byte	16                              @ Abbrev [16] 0x110b:0xd DW_TAG_member
	.long	.Linfo_string297                @ DW_AT_name
	.long	1164                            @ DW_AT_type
	.byte	8                               @ DW_AT_decl_file
	.short	855                             @ DW_AT_decl_line
	.byte	0                               @ DW_AT_data_member_location
	.byte	16                              @ Abbrev [16] 0x1118:0xd DW_TAG_member
	.long	.Linfo_string298                @ DW_AT_name
	.long	6334                            @ DW_AT_type
	.byte	8                               @ DW_AT_decl_file
	.short	856                             @ DW_AT_decl_line
	.byte	0                               @ DW_AT_data_member_location
	.byte	0                               @ End Of Children Mark
	.byte	14                              @ Abbrev [14] 0x1126:0x9 DW_TAG_member
	.long	4399                            @ DW_AT_type
	.byte	8                               @ DW_AT_decl_file
	.short	859                             @ DW_AT_decl_line
	.byte	60                              @ DW_AT_data_member_location
	.byte	15                              @ Abbrev [15] 0x112f:0x20 DW_TAG_union_type
	.byte	4                               @ DW_AT_byte_size
	.byte	8                               @ DW_AT_decl_file
	.short	859                             @ DW_AT_decl_line
	.byte	16                              @ Abbrev [16] 0x1134:0xd DW_TAG_member
	.long	.Linfo_string306                @ DW_AT_name
	.long	1164                            @ DW_AT_type
	.byte	8                               @ DW_AT_decl_file
	.short	861                             @ DW_AT_decl_line
	.byte	0                               @ DW_AT_data_member_location
	.byte	16                              @ Abbrev [16] 0x1141:0xd DW_TAG_member
	.long	.Linfo_string307                @ DW_AT_name
	.long	6469                            @ DW_AT_type
	.byte	8                               @ DW_AT_decl_file
	.short	862                             @ DW_AT_decl_line
	.byte	0                               @ DW_AT_data_member_location
	.byte	0                               @ End Of Children Mark
	.byte	14                              @ Abbrev [14] 0x114f:0x9 DW_TAG_member
	.long	4440                            @ DW_AT_type
	.byte	8                               @ DW_AT_decl_file
	.short	865                             @ DW_AT_decl_line
	.byte	64                              @ DW_AT_data_member_location
	.byte	15                              @ Abbrev [15] 0x1158:0x20 DW_TAG_union_type
	.byte	4                               @ DW_AT_byte_size
	.byte	8                               @ DW_AT_decl_file
	.short	865                             @ DW_AT_decl_line
	.byte	16                              @ Abbrev [16] 0x115d:0xd DW_TAG_member
	.long	.Linfo_string311                @ DW_AT_name
	.long	1164                            @ DW_AT_type
	.byte	8                               @ DW_AT_decl_file
	.short	867                             @ DW_AT_decl_line
	.byte	0                               @ DW_AT_data_member_location
	.byte	16                              @ Abbrev [16] 0x116a:0xd DW_TAG_member
	.long	.Linfo_string312                @ DW_AT_name
	.long	6548                            @ DW_AT_type
	.byte	8                               @ DW_AT_decl_file
	.short	868                             @ DW_AT_decl_line
	.byte	0                               @ DW_AT_data_member_location
	.byte	0                               @ End Of Children Mark
	.byte	14                              @ Abbrev [14] 0x1178:0x9 DW_TAG_member
	.long	4481                            @ DW_AT_type
	.byte	8                               @ DW_AT_decl_file
	.short	871                             @ DW_AT_decl_line
	.byte	68                              @ DW_AT_data_member_location
	.byte	15                              @ Abbrev [15] 0x1181:0x20 DW_TAG_union_type
	.byte	4                               @ DW_AT_byte_size
	.byte	8                               @ DW_AT_decl_file
	.short	871                             @ DW_AT_decl_line
	.byte	16                              @ Abbrev [16] 0x1186:0xd DW_TAG_member
	.long	.Linfo_string316                @ DW_AT_name
	.long	1164                            @ DW_AT_type
	.byte	8                               @ DW_AT_decl_file
	.short	873                             @ DW_AT_decl_line
	.byte	0                               @ DW_AT_data_member_location
	.byte	16                              @ Abbrev [16] 0x1193:0xd DW_TAG_member
	.long	.Linfo_string317                @ DW_AT_name
	.long	6613                            @ DW_AT_type
	.byte	8                               @ DW_AT_decl_file
	.short	874                             @ DW_AT_decl_line
	.byte	0                               @ DW_AT_data_member_location
	.byte	0                               @ End Of Children Mark
	.byte	14                              @ Abbrev [14] 0x11a1:0x9 DW_TAG_member
	.long	4522                            @ DW_AT_type
	.byte	8                               @ DW_AT_decl_file
	.short	877                             @ DW_AT_decl_line
	.byte	72                              @ DW_AT_data_member_location
	.byte	15                              @ Abbrev [15] 0x11aa:0x20 DW_TAG_union_type
	.byte	4                               @ DW_AT_byte_size
	.byte	8                               @ DW_AT_decl_file
	.short	877                             @ DW_AT_decl_line
	.byte	16                              @ Abbrev [16] 0x11af:0xd DW_TAG_member
	.long	.Linfo_string322                @ DW_AT_name
	.long	1164                            @ DW_AT_type
	.byte	8                               @ DW_AT_decl_file
	.short	879                             @ DW_AT_decl_line
	.byte	0                               @ DW_AT_data_member_location
	.byte	16                              @ Abbrev [16] 0x11bc:0xd DW_TAG_member
	.long	.Linfo_string323                @ DW_AT_name
	.long	6692                            @ DW_AT_type
	.byte	8                               @ DW_AT_decl_file
	.short	880                             @ DW_AT_decl_line
	.byte	0                               @ DW_AT_data_member_location
	.byte	0                               @ End Of Children Mark
	.byte	14                              @ Abbrev [14] 0x11ca:0x9 DW_TAG_member
	.long	4563                            @ DW_AT_type
	.byte	8                               @ DW_AT_decl_file
	.short	883                             @ DW_AT_decl_line
	.byte	76                              @ DW_AT_data_member_location
	.byte	15                              @ Abbrev [15] 0x11d3:0x20 DW_TAG_union_type
	.byte	4                               @ DW_AT_byte_size
	.byte	8                               @ DW_AT_decl_file
	.short	883                             @ DW_AT_decl_line
	.byte	16                              @ Abbrev [16] 0x11d8:0xd DW_TAG_member
	.long	.Linfo_string326                @ DW_AT_name
	.long	1164                            @ DW_AT_type
	.byte	8                               @ DW_AT_decl_file
	.short	885                             @ DW_AT_decl_line
	.byte	0                               @ DW_AT_data_member_location
	.byte	16                              @ Abbrev [16] 0x11e5:0xd DW_TAG_member
	.long	.Linfo_string327                @ DW_AT_name
	.long	6743                            @ DW_AT_type
	.byte	8                               @ DW_AT_decl_file
	.short	886                             @ DW_AT_decl_line
	.byte	0                               @ DW_AT_data_member_location
	.byte	0                               @ End Of Children Mark
	.byte	14                              @ Abbrev [14] 0x11f3:0x9 DW_TAG_member
	.long	4604                            @ DW_AT_type
	.byte	8                               @ DW_AT_decl_file
	.short	889                             @ DW_AT_decl_line
	.byte	80                              @ DW_AT_data_member_location
	.byte	15                              @ Abbrev [15] 0x11fc:0x20 DW_TAG_union_type
	.byte	4                               @ DW_AT_byte_size
	.byte	8                               @ DW_AT_decl_file
	.short	889                             @ DW_AT_decl_line
	.byte	16                              @ Abbrev [16] 0x1201:0xd DW_TAG_member
	.long	.Linfo_string333                @ DW_AT_name
	.long	1164                            @ DW_AT_type
	.byte	8                               @ DW_AT_decl_file
	.short	891                             @ DW_AT_decl_line
	.byte	0                               @ DW_AT_data_member_location
	.byte	16                              @ Abbrev [16] 0x120e:0xd DW_TAG_member
	.long	.Linfo_string334                @ DW_AT_name
	.long	6864                            @ DW_AT_type
	.byte	8                               @ DW_AT_decl_file
	.short	892                             @ DW_AT_decl_line
	.byte	0                               @ DW_AT_data_member_location
	.byte	0                               @ End Of Children Mark
	.byte	16                              @ Abbrev [16] 0x121c:0xd DW_TAG_member
	.long	.Linfo_string66                 @ DW_AT_name
	.long	6915                            @ DW_AT_type
	.byte	8                               @ DW_AT_decl_file
	.short	895                             @ DW_AT_decl_line
	.byte	84                              @ DW_AT_data_member_location
	.byte	14                              @ Abbrev [14] 0x1229:0x9 DW_TAG_member
	.long	4658                            @ DW_AT_type
	.byte	8                               @ DW_AT_decl_file
	.short	897                             @ DW_AT_decl_line
	.byte	128                             @ DW_AT_data_member_location
	.byte	15                              @ Abbrev [15] 0x1232:0x20 DW_TAG_union_type
	.byte	4                               @ DW_AT_byte_size
	.byte	8                               @ DW_AT_decl_file
	.short	897                             @ DW_AT_decl_line
	.byte	16                              @ Abbrev [16] 0x1237:0xd DW_TAG_member
	.long	.Linfo_string337                @ DW_AT_name
	.long	1164                            @ DW_AT_type
	.byte	8                               @ DW_AT_decl_file
	.short	899                             @ DW_AT_decl_line
	.byte	0                               @ DW_AT_data_member_location
	.byte	16                              @ Abbrev [16] 0x1244:0xd DW_TAG_member
	.long	.Linfo_string338                @ DW_AT_name
	.long	6927                            @ DW_AT_type
	.byte	8                               @ DW_AT_decl_file
	.short	900                             @ DW_AT_decl_line
	.byte	0                               @ DW_AT_data_member_location
	.byte	0                               @ End Of Children Mark
	.byte	14                              @ Abbrev [14] 0x1252:0x9 DW_TAG_member
	.long	4699                            @ DW_AT_type
	.byte	8                               @ DW_AT_decl_file
	.short	903                             @ DW_AT_decl_line
	.byte	132                             @ DW_AT_data_member_location
	.byte	15                              @ Abbrev [15] 0x125b:0x20 DW_TAG_union_type
	.byte	4                               @ DW_AT_byte_size
	.byte	8                               @ DW_AT_decl_file
	.short	903                             @ DW_AT_decl_line
	.byte	16                              @ Abbrev [16] 0x1260:0xd DW_TAG_member
	.long	.Linfo_string344                @ DW_AT_name
	.long	1164                            @ DW_AT_type
	.byte	8                               @ DW_AT_decl_file
	.short	905                             @ DW_AT_decl_line
	.byte	0                               @ DW_AT_data_member_location
	.byte	16                              @ Abbrev [16] 0x126d:0xd DW_TAG_member
	.long	.Linfo_string345                @ DW_AT_name
	.long	7048                            @ DW_AT_type
	.byte	8                               @ DW_AT_decl_file
	.short	906                             @ DW_AT_decl_line
	.byte	0                               @ DW_AT_data_member_location
	.byte	0                               @ End Of Children Mark
	.byte	14                              @ Abbrev [14] 0x127b:0x9 DW_TAG_member
	.long	4740                            @ DW_AT_type
	.byte	8                               @ DW_AT_decl_file
	.short	909                             @ DW_AT_decl_line
	.byte	136                             @ DW_AT_data_member_location
	.byte	15                              @ Abbrev [15] 0x1284:0x20 DW_TAG_union_type
	.byte	4                               @ DW_AT_byte_size
	.byte	8                               @ DW_AT_decl_file
	.short	909                             @ DW_AT_decl_line
	.byte	16                              @ Abbrev [16] 0x1289:0xd DW_TAG_member
	.long	.Linfo_string349                @ DW_AT_name
	.long	1164                            @ DW_AT_type
	.byte	8                               @ DW_AT_decl_file
	.short	911                             @ DW_AT_decl_line
	.byte	0                               @ DW_AT_data_member_location
	.byte	16                              @ Abbrev [16] 0x1296:0xd DW_TAG_member
	.long	.Linfo_string350                @ DW_AT_name
	.long	7127                            @ DW_AT_type
	.byte	8                               @ DW_AT_decl_file
	.short	912                             @ DW_AT_decl_line
	.byte	0                               @ DW_AT_data_member_location
	.byte	0                               @ End Of Children Mark
	.byte	14                              @ Abbrev [14] 0x12a4:0x9 DW_TAG_member
	.long	4781                            @ DW_AT_type
	.byte	8                               @ DW_AT_decl_file
	.short	915                             @ DW_AT_decl_line
	.byte	140                             @ DW_AT_data_member_location
	.byte	15                              @ Abbrev [15] 0x12ad:0x20 DW_TAG_union_type
	.byte	4                               @ DW_AT_byte_size
	.byte	8                               @ DW_AT_decl_file
	.short	915                             @ DW_AT_decl_line
	.byte	16                              @ Abbrev [16] 0x12b2:0xd DW_TAG_member
	.long	.Linfo_string354                @ DW_AT_name
	.long	1164                            @ DW_AT_type
	.byte	8                               @ DW_AT_decl_file
	.short	917                             @ DW_AT_decl_line
	.byte	0                               @ DW_AT_data_member_location
	.byte	16                              @ Abbrev [16] 0x12bf:0xd DW_TAG_member
	.long	.Linfo_string355                @ DW_AT_name
	.long	7206                            @ DW_AT_type
	.byte	8                               @ DW_AT_decl_file
	.short	918                             @ DW_AT_decl_line
	.byte	0                               @ DW_AT_data_member_location
	.byte	0                               @ End Of Children Mark
	.byte	14                              @ Abbrev [14] 0x12cd:0x9 DW_TAG_member
	.long	4822                            @ DW_AT_type
	.byte	8                               @ DW_AT_decl_file
	.short	921                             @ DW_AT_decl_line
	.byte	144                             @ DW_AT_data_member_location
	.byte	15                              @ Abbrev [15] 0x12d6:0x20 DW_TAG_union_type
	.byte	4                               @ DW_AT_byte_size
	.byte	8                               @ DW_AT_decl_file
	.short	921                             @ DW_AT_decl_line
	.byte	16                              @ Abbrev [16] 0x12db:0xd DW_TAG_member
	.long	.Linfo_string359                @ DW_AT_name
	.long	1164                            @ DW_AT_type
	.byte	8                               @ DW_AT_decl_file
	.short	923                             @ DW_AT_decl_line
	.byte	0                               @ DW_AT_data_member_location
	.byte	16                              @ Abbrev [16] 0x12e8:0xd DW_TAG_member
	.long	.Linfo_string360                @ DW_AT_name
	.long	7285                            @ DW_AT_type
	.byte	8                               @ DW_AT_decl_file
	.short	924                             @ DW_AT_decl_line
	.byte	0                               @ DW_AT_data_member_location
	.byte	0                               @ End Of Children Mark
	.byte	14                              @ Abbrev [14] 0x12f6:0x9 DW_TAG_member
	.long	4863                            @ DW_AT_type
	.byte	8                               @ DW_AT_decl_file
	.short	927                             @ DW_AT_decl_line
	.byte	148                             @ DW_AT_data_member_location
	.byte	15                              @ Abbrev [15] 0x12ff:0x20 DW_TAG_union_type
	.byte	4                               @ DW_AT_byte_size
	.byte	8                               @ DW_AT_decl_file
	.short	927                             @ DW_AT_decl_line
	.byte	16                              @ Abbrev [16] 0x1304:0xd DW_TAG_member
	.long	.Linfo_string364                @ DW_AT_name
	.long	1164                            @ DW_AT_type
	.byte	8                               @ DW_AT_decl_file
	.short	929                             @ DW_AT_decl_line
	.byte	0                               @ DW_AT_data_member_location
	.byte	16                              @ Abbrev [16] 0x1311:0xd DW_TAG_member
	.long	.Linfo_string365                @ DW_AT_name
	.long	7364                            @ DW_AT_type
	.byte	8                               @ DW_AT_decl_file
	.short	930                             @ DW_AT_decl_line
	.byte	0                               @ DW_AT_data_member_location
	.byte	0                               @ End Of Children Mark
	.byte	14                              @ Abbrev [14] 0x131f:0x9 DW_TAG_member
	.long	4904                            @ DW_AT_type
	.byte	8                               @ DW_AT_decl_file
	.short	933                             @ DW_AT_decl_line
	.byte	152                             @ DW_AT_data_member_location
	.byte	15                              @ Abbrev [15] 0x1328:0x20 DW_TAG_union_type
	.byte	4                               @ DW_AT_byte_size
	.byte	8                               @ DW_AT_decl_file
	.short	933                             @ DW_AT_decl_line
	.byte	16                              @ Abbrev [16] 0x132d:0xd DW_TAG_member
	.long	.Linfo_string369                @ DW_AT_name
	.long	1164                            @ DW_AT_type
	.byte	8                               @ DW_AT_decl_file
	.short	935                             @ DW_AT_decl_line
	.byte	0                               @ DW_AT_data_member_location
	.byte	16                              @ Abbrev [16] 0x133a:0xd DW_TAG_member
	.long	.Linfo_string370                @ DW_AT_name
	.long	7443                            @ DW_AT_type
	.byte	8                               @ DW_AT_decl_file
	.short	936                             @ DW_AT_decl_line
	.byte	0                               @ DW_AT_data_member_location
	.byte	0                               @ End Of Children Mark
	.byte	14                              @ Abbrev [14] 0x1348:0x9 DW_TAG_member
	.long	4945                            @ DW_AT_type
	.byte	8                               @ DW_AT_decl_file
	.short	939                             @ DW_AT_decl_line
	.byte	156                             @ DW_AT_data_member_location
	.byte	15                              @ Abbrev [15] 0x1351:0x20 DW_TAG_union_type
	.byte	4                               @ DW_AT_byte_size
	.byte	8                               @ DW_AT_decl_file
	.short	939                             @ DW_AT_decl_line
	.byte	16                              @ Abbrev [16] 0x1356:0xd DW_TAG_member
	.long	.Linfo_string374                @ DW_AT_name
	.long	1164                            @ DW_AT_type
	.byte	8                               @ DW_AT_decl_file
	.short	941                             @ DW_AT_decl_line
	.byte	0                               @ DW_AT_data_member_location
	.byte	16                              @ Abbrev [16] 0x1363:0xd DW_TAG_member
	.long	.Linfo_string375                @ DW_AT_name
	.long	7522                            @ DW_AT_type
	.byte	8                               @ DW_AT_decl_file
	.short	942                             @ DW_AT_decl_line
	.byte	0                               @ DW_AT_data_member_location
	.byte	0                               @ End Of Children Mark
	.byte	16                              @ Abbrev [16] 0x1371:0xd DW_TAG_member
	.long	.Linfo_string62                 @ DW_AT_name
	.long	7573                            @ DW_AT_type
	.byte	8                               @ DW_AT_decl_file
	.short	945                             @ DW_AT_decl_line
	.byte	160                             @ DW_AT_data_member_location
	.byte	14                              @ Abbrev [14] 0x137e:0x9 DW_TAG_member
	.long	4999                            @ DW_AT_type
	.byte	8                               @ DW_AT_decl_file
	.short	947                             @ DW_AT_decl_line
	.byte	252                             @ DW_AT_data_member_location
	.byte	15                              @ Abbrev [15] 0x1387:0x20 DW_TAG_union_type
	.byte	4                               @ DW_AT_byte_size
	.byte	8                               @ DW_AT_decl_file
	.short	947                             @ DW_AT_decl_line
	.byte	16                              @ Abbrev [16] 0x138c:0xd DW_TAG_member
	.long	.Linfo_string378                @ DW_AT_name
	.long	1164                            @ DW_AT_type
	.byte	8                               @ DW_AT_decl_file
	.short	949                             @ DW_AT_decl_line
	.byte	0                               @ DW_AT_data_member_location
	.byte	16                              @ Abbrev [16] 0x1399:0xd DW_TAG_member
	.long	.Linfo_string379                @ DW_AT_name
	.long	7585                            @ DW_AT_type
	.byte	8                               @ DW_AT_decl_file
	.short	950                             @ DW_AT_decl_line
	.byte	0                               @ DW_AT_data_member_location
	.byte	0                               @ End Of Children Mark
	.byte	0                               @ End Of Children Mark
	.byte	17                              @ Abbrev [17] 0x13a8:0x5 DW_TAG_volatile_type
	.long	5037                            @ DW_AT_type
	.byte	12                              @ Abbrev [12] 0x13ad:0xc DW_TAG_typedef
	.long	5049                            @ DW_AT_type
	.long	.Linfo_string210                @ DW_AT_name
	.byte	8                               @ DW_AT_decl_file
	.short	515                             @ DW_AT_decl_line
	.byte	18                              @ Abbrev [18] 0x13b9:0x22 DW_TAG_structure_type
	.byte	4                               @ DW_AT_byte_size
	.byte	8                               @ DW_AT_decl_file
	.short	511                             @ DW_AT_decl_line
	.byte	19                              @ Abbrev [19] 0x13be:0xe DW_TAG_member
	.long	.Linfo_string209                @ DW_AT_name
	.long	1164                            @ DW_AT_type
	.byte	8                               @ DW_AT_decl_file
	.short	513                             @ DW_AT_decl_line
	.byte	1                               @ DW_AT_bit_size
	.byte	0                               @ DW_AT_data_bit_offset
	.byte	19                              @ Abbrev [19] 0x13cc:0xe DW_TAG_member
	.long	.Linfo_string66                 @ DW_AT_name
	.long	1164                            @ DW_AT_type
	.byte	8                               @ DW_AT_decl_file
	.short	514                             @ DW_AT_decl_line
	.byte	31                              @ DW_AT_bit_size
	.byte	1                               @ DW_AT_data_bit_offset
	.byte	0                               @ End Of Children Mark
	.byte	17                              @ Abbrev [17] 0x13db:0x5 DW_TAG_volatile_type
	.long	5088                            @ DW_AT_type
	.byte	12                              @ Abbrev [12] 0x13e0:0xc DW_TAG_typedef
	.long	5100                            @ DW_AT_type
	.long	.Linfo_string214                @ DW_AT_name
	.byte	8                               @ DW_AT_decl_file
	.short	521                             @ DW_AT_decl_line
	.byte	18                              @ Abbrev [18] 0x13ec:0x22 DW_TAG_structure_type
	.byte	4                               @ DW_AT_byte_size
	.byte	8                               @ DW_AT_decl_file
	.short	517                             @ DW_AT_decl_line
	.byte	19                              @ Abbrev [19] 0x13f1:0xe DW_TAG_member
	.long	.Linfo_string213                @ DW_AT_name
	.long	1164                            @ DW_AT_type
	.byte	8                               @ DW_AT_decl_file
	.short	519                             @ DW_AT_decl_line
	.byte	1                               @ DW_AT_bit_size
	.byte	0                               @ DW_AT_data_bit_offset
	.byte	19                              @ Abbrev [19] 0x13ff:0xe DW_TAG_member
	.long	.Linfo_string66                 @ DW_AT_name
	.long	1164                            @ DW_AT_type
	.byte	8                               @ DW_AT_decl_file
	.short	520                             @ DW_AT_decl_line
	.byte	31                              @ DW_AT_bit_size
	.byte	1                               @ DW_AT_data_bit_offset
	.byte	0                               @ End Of Children Mark
	.byte	17                              @ Abbrev [17] 0x140e:0x5 DW_TAG_volatile_type
	.long	5139                            @ DW_AT_type
	.byte	12                              @ Abbrev [12] 0x1413:0xc DW_TAG_typedef
	.long	5151                            @ DW_AT_type
	.long	.Linfo_string218                @ DW_AT_name
	.byte	8                               @ DW_AT_decl_file
	.short	527                             @ DW_AT_decl_line
	.byte	18                              @ Abbrev [18] 0x141f:0x22 DW_TAG_structure_type
	.byte	4                               @ DW_AT_byte_size
	.byte	8                               @ DW_AT_decl_file
	.short	523                             @ DW_AT_decl_line
	.byte	19                              @ Abbrev [19] 0x1424:0xe DW_TAG_member
	.long	.Linfo_string217                @ DW_AT_name
	.long	1164                            @ DW_AT_type
	.byte	8                               @ DW_AT_decl_file
	.short	525                             @ DW_AT_decl_line
	.byte	1                               @ DW_AT_bit_size
	.byte	0                               @ DW_AT_data_bit_offset
	.byte	19                              @ Abbrev [19] 0x1432:0xe DW_TAG_member
	.long	.Linfo_string66                 @ DW_AT_name
	.long	1164                            @ DW_AT_type
	.byte	8                               @ DW_AT_decl_file
	.short	526                             @ DW_AT_decl_line
	.byte	31                              @ DW_AT_bit_size
	.byte	1                               @ DW_AT_data_bit_offset
	.byte	0                               @ End Of Children Mark
	.byte	17                              @ Abbrev [17] 0x1441:0x5 DW_TAG_volatile_type
	.long	5190                            @ DW_AT_type
	.byte	12                              @ Abbrev [12] 0x1446:0xc DW_TAG_typedef
	.long	5202                            @ DW_AT_type
	.long	.Linfo_string224                @ DW_AT_name
	.byte	8                               @ DW_AT_decl_file
	.short	537                             @ DW_AT_decl_line
	.byte	18                              @ Abbrev [18] 0x1452:0x5a DW_TAG_structure_type
	.byte	4                               @ DW_AT_byte_size
	.byte	8                               @ DW_AT_decl_file
	.short	529                             @ DW_AT_decl_line
	.byte	19                              @ Abbrev [19] 0x1457:0xe DW_TAG_member
	.long	.Linfo_string221                @ DW_AT_name
	.long	1164                            @ DW_AT_type
	.byte	8                               @ DW_AT_decl_file
	.short	531                             @ DW_AT_decl_line
	.byte	6                               @ DW_AT_bit_size
	.byte	0                               @ DW_AT_data_bit_offset
	.byte	19                              @ Abbrev [19] 0x1465:0xe DW_TAG_member
	.long	.Linfo_string78                 @ DW_AT_name
	.long	1164                            @ DW_AT_type
	.byte	8                               @ DW_AT_decl_file
	.short	532                             @ DW_AT_decl_line
	.byte	2                               @ DW_AT_bit_size
	.byte	6                               @ DW_AT_data_bit_offset
	.byte	19                              @ Abbrev [19] 0x1473:0xe DW_TAG_member
	.long	.Linfo_string222                @ DW_AT_name
	.long	1164                            @ DW_AT_type
	.byte	8                               @ DW_AT_decl_file
	.short	533                             @ DW_AT_decl_line
	.byte	10                              @ DW_AT_bit_size
	.byte	8                               @ DW_AT_data_bit_offset
	.byte	19                              @ Abbrev [19] 0x1481:0xe DW_TAG_member
	.long	.Linfo_string62                 @ DW_AT_name
	.long	1164                            @ DW_AT_type
	.byte	8                               @ DW_AT_decl_file
	.short	534                             @ DW_AT_decl_line
	.byte	2                               @ DW_AT_bit_size
	.byte	18                              @ DW_AT_data_bit_offset
	.byte	19                              @ Abbrev [19] 0x148f:0xe DW_TAG_member
	.long	.Linfo_string223                @ DW_AT_name
	.long	1164                            @ DW_AT_type
	.byte	8                               @ DW_AT_decl_file
	.short	535                             @ DW_AT_decl_line
	.byte	2                               @ DW_AT_bit_size
	.byte	20                              @ DW_AT_data_bit_offset
	.byte	19                              @ Abbrev [19] 0x149d:0xe DW_TAG_member
	.long	.Linfo_string66                 @ DW_AT_name
	.long	1164                            @ DW_AT_type
	.byte	8                               @ DW_AT_decl_file
	.short	536                             @ DW_AT_decl_line
	.byte	10                              @ DW_AT_bit_size
	.byte	22                              @ DW_AT_data_bit_offset
	.byte	0                               @ End Of Children Mark
	.byte	17                              @ Abbrev [17] 0x14ac:0x5 DW_TAG_volatile_type
	.long	5297                            @ DW_AT_type
	.byte	12                              @ Abbrev [12] 0x14b1:0xc DW_TAG_typedef
	.long	5309                            @ DW_AT_type
	.long	.Linfo_string229                @ DW_AT_name
	.byte	8                               @ DW_AT_decl_file
	.short	545                             @ DW_AT_decl_line
	.byte	18                              @ Abbrev [18] 0x14bd:0x3e DW_TAG_structure_type
	.byte	4                               @ DW_AT_byte_size
	.byte	8                               @ DW_AT_decl_file
	.short	539                             @ DW_AT_decl_line
	.byte	19                              @ Abbrev [19] 0x14c2:0xe DW_TAG_member
	.long	.Linfo_string227                @ DW_AT_name
	.long	1164                            @ DW_AT_type
	.byte	8                               @ DW_AT_decl_file
	.short	541                             @ DW_AT_decl_line
	.byte	2                               @ DW_AT_bit_size
	.byte	0                               @ DW_AT_data_bit_offset
	.byte	19                              @ Abbrev [19] 0x14d0:0xe DW_TAG_member
	.long	.Linfo_string62                 @ DW_AT_name
	.long	1164                            @ DW_AT_type
	.byte	8                               @ DW_AT_decl_file
	.short	542                             @ DW_AT_decl_line
	.byte	2                               @ DW_AT_bit_size
	.byte	2                               @ DW_AT_data_bit_offset
	.byte	19                              @ Abbrev [19] 0x14de:0xe DW_TAG_member
	.long	.Linfo_string228                @ DW_AT_name
	.long	1164                            @ DW_AT_type
	.byte	8                               @ DW_AT_decl_file
	.short	543                             @ DW_AT_decl_line
	.byte	4                               @ DW_AT_bit_size
	.byte	4                               @ DW_AT_data_bit_offset
	.byte	19                              @ Abbrev [19] 0x14ec:0xe DW_TAG_member
	.long	.Linfo_string66                 @ DW_AT_name
	.long	1164                            @ DW_AT_type
	.byte	8                               @ DW_AT_decl_file
	.short	544                             @ DW_AT_decl_line
	.byte	24                              @ DW_AT_bit_size
	.byte	8                               @ DW_AT_data_bit_offset
	.byte	0                               @ End Of Children Mark
	.byte	17                              @ Abbrev [17] 0x14fb:0x5 DW_TAG_volatile_type
	.long	5376                            @ DW_AT_type
	.byte	12                              @ Abbrev [12] 0x1500:0xc DW_TAG_typedef
	.long	5388                            @ DW_AT_type
	.long	.Linfo_string236                @ DW_AT_name
	.byte	8                               @ DW_AT_decl_file
	.short	553                             @ DW_AT_decl_line
	.byte	18                              @ Abbrev [18] 0x150c:0x3e DW_TAG_structure_type
	.byte	4                               @ DW_AT_byte_size
	.byte	8                               @ DW_AT_decl_file
	.short	547                             @ DW_AT_decl_line
	.byte	19                              @ Abbrev [19] 0x1511:0xe DW_TAG_member
	.long	.Linfo_string232                @ DW_AT_name
	.long	1164                            @ DW_AT_type
	.byte	8                               @ DW_AT_decl_file
	.short	549                             @ DW_AT_decl_line
	.byte	8                               @ DW_AT_bit_size
	.byte	0                               @ DW_AT_data_bit_offset
	.byte	19                              @ Abbrev [19] 0x151f:0xe DW_TAG_member
	.long	.Linfo_string233                @ DW_AT_name
	.long	1164                            @ DW_AT_type
	.byte	8                               @ DW_AT_decl_file
	.short	550                             @ DW_AT_decl_line
	.byte	8                               @ DW_AT_bit_size
	.byte	8                               @ DW_AT_data_bit_offset
	.byte	19                              @ Abbrev [19] 0x152d:0xe DW_TAG_member
	.long	.Linfo_string234                @ DW_AT_name
	.long	1164                            @ DW_AT_type
	.byte	8                               @ DW_AT_decl_file
	.short	551                             @ DW_AT_decl_line
	.byte	8                               @ DW_AT_bit_size
	.byte	16                              @ DW_AT_data_bit_offset
	.byte	19                              @ Abbrev [19] 0x153b:0xe DW_TAG_member
	.long	.Linfo_string235                @ DW_AT_name
	.long	1164                            @ DW_AT_type
	.byte	8                               @ DW_AT_decl_file
	.short	552                             @ DW_AT_decl_line
	.byte	8                               @ DW_AT_bit_size
	.byte	24                              @ DW_AT_data_bit_offset
	.byte	0                               @ End Of Children Mark
	.byte	17                              @ Abbrev [17] 0x154a:0x5 DW_TAG_volatile_type
	.long	5455                            @ DW_AT_type
	.byte	12                              @ Abbrev [12] 0x154f:0xc DW_TAG_typedef
	.long	5467                            @ DW_AT_type
	.long	.Linfo_string247                @ DW_AT_name
	.byte	8                               @ DW_AT_decl_file
	.short	566                             @ DW_AT_decl_line
	.byte	18                              @ Abbrev [18] 0x155b:0x84 DW_TAG_structure_type
	.byte	4                               @ DW_AT_byte_size
	.byte	8                               @ DW_AT_decl_file
	.short	555                             @ DW_AT_decl_line
	.byte	19                              @ Abbrev [19] 0x1560:0xe DW_TAG_member
	.long	.Linfo_string239                @ DW_AT_name
	.long	1164                            @ DW_AT_type
	.byte	8                               @ DW_AT_decl_file
	.short	557                             @ DW_AT_decl_line
	.byte	1                               @ DW_AT_bit_size
	.byte	0                               @ DW_AT_data_bit_offset
	.byte	19                              @ Abbrev [19] 0x156e:0xe DW_TAG_member
	.long	.Linfo_string240                @ DW_AT_name
	.long	1164                            @ DW_AT_type
	.byte	8                               @ DW_AT_decl_file
	.short	558                             @ DW_AT_decl_line
	.byte	1                               @ DW_AT_bit_size
	.byte	1                               @ DW_AT_data_bit_offset
	.byte	19                              @ Abbrev [19] 0x157c:0xe DW_TAG_member
	.long	.Linfo_string241                @ DW_AT_name
	.long	1164                            @ DW_AT_type
	.byte	8                               @ DW_AT_decl_file
	.short	559                             @ DW_AT_decl_line
	.byte	1                               @ DW_AT_bit_size
	.byte	2                               @ DW_AT_data_bit_offset
	.byte	19                              @ Abbrev [19] 0x158a:0xe DW_TAG_member
	.long	.Linfo_string242                @ DW_AT_name
	.long	1164                            @ DW_AT_type
	.byte	8                               @ DW_AT_decl_file
	.short	560                             @ DW_AT_decl_line
	.byte	1                               @ DW_AT_bit_size
	.byte	3                               @ DW_AT_data_bit_offset
	.byte	19                              @ Abbrev [19] 0x1598:0xe DW_TAG_member
	.long	.Linfo_string243                @ DW_AT_name
	.long	1164                            @ DW_AT_type
	.byte	8                               @ DW_AT_decl_file
	.short	561                             @ DW_AT_decl_line
	.byte	4                               @ DW_AT_bit_size
	.byte	4                               @ DW_AT_data_bit_offset
	.byte	19                              @ Abbrev [19] 0x15a6:0xe DW_TAG_member
	.long	.Linfo_string244                @ DW_AT_name
	.long	1164                            @ DW_AT_type
	.byte	8                               @ DW_AT_decl_file
	.short	562                             @ DW_AT_decl_line
	.byte	4                               @ DW_AT_bit_size
	.byte	8                               @ DW_AT_data_bit_offset
	.byte	19                              @ Abbrev [19] 0x15b4:0xe DW_TAG_member
	.long	.Linfo_string245                @ DW_AT_name
	.long	1164                            @ DW_AT_type
	.byte	8                               @ DW_AT_decl_file
	.short	563                             @ DW_AT_decl_line
	.byte	1                               @ DW_AT_bit_size
	.byte	12                              @ DW_AT_data_bit_offset
	.byte	19                              @ Abbrev [19] 0x15c2:0xe DW_TAG_member
	.long	.Linfo_string246                @ DW_AT_name
	.long	1164                            @ DW_AT_type
	.byte	8                               @ DW_AT_decl_file
	.short	564                             @ DW_AT_decl_line
	.byte	1                               @ DW_AT_bit_size
	.byte	13                              @ DW_AT_data_bit_offset
	.byte	19                              @ Abbrev [19] 0x15d0:0xe DW_TAG_member
	.long	.Linfo_string66                 @ DW_AT_name
	.long	1164                            @ DW_AT_type
	.byte	8                               @ DW_AT_decl_file
	.short	565                             @ DW_AT_decl_line
	.byte	18                              @ DW_AT_bit_size
	.byte	14                              @ DW_AT_data_bit_offset
	.byte	0                               @ End Of Children Mark
	.byte	17                              @ Abbrev [17] 0x15df:0x5 DW_TAG_volatile_type
	.long	5604                            @ DW_AT_type
	.byte	12                              @ Abbrev [12] 0x15e4:0xc DW_TAG_typedef
	.long	5616                            @ DW_AT_type
	.long	.Linfo_string251                @ DW_AT_name
	.byte	8                               @ DW_AT_decl_file
	.short	572                             @ DW_AT_decl_line
	.byte	18                              @ Abbrev [18] 0x15f0:0x22 DW_TAG_structure_type
	.byte	4                               @ DW_AT_byte_size
	.byte	8                               @ DW_AT_decl_file
	.short	568                             @ DW_AT_decl_line
	.byte	19                              @ Abbrev [19] 0x15f5:0xe DW_TAG_member
	.long	.Linfo_string250                @ DW_AT_name
	.long	1164                            @ DW_AT_type
	.byte	8                               @ DW_AT_decl_file
	.short	570                             @ DW_AT_decl_line
	.byte	7                               @ DW_AT_bit_size
	.byte	0                               @ DW_AT_data_bit_offset
	.byte	19                              @ Abbrev [19] 0x1603:0xe DW_TAG_member
	.long	.Linfo_string66                 @ DW_AT_name
	.long	1164                            @ DW_AT_type
	.byte	8                               @ DW_AT_decl_file
	.short	571                             @ DW_AT_decl_line
	.byte	25                              @ DW_AT_bit_size
	.byte	7                               @ DW_AT_data_bit_offset
	.byte	0                               @ End Of Children Mark
	.byte	17                              @ Abbrev [17] 0x1612:0x5 DW_TAG_volatile_type
	.long	5655                            @ DW_AT_type
	.byte	12                              @ Abbrev [12] 0x1617:0xc DW_TAG_typedef
	.long	5667                            @ DW_AT_type
	.long	.Linfo_string256                @ DW_AT_name
	.byte	8                               @ DW_AT_decl_file
	.short	580                             @ DW_AT_decl_line
	.byte	18                              @ Abbrev [18] 0x1623:0x3e DW_TAG_structure_type
	.byte	4                               @ DW_AT_byte_size
	.byte	8                               @ DW_AT_decl_file
	.short	574                             @ DW_AT_decl_line
	.byte	19                              @ Abbrev [19] 0x1628:0xe DW_TAG_member
	.long	.Linfo_string254                @ DW_AT_name
	.long	1164                            @ DW_AT_type
	.byte	8                               @ DW_AT_decl_file
	.short	576                             @ DW_AT_decl_line
	.byte	3                               @ DW_AT_bit_size
	.byte	0                               @ DW_AT_data_bit_offset
	.byte	19                              @ Abbrev [19] 0x1636:0xe DW_TAG_member
	.long	.Linfo_string62                 @ DW_AT_name
	.long	1164                            @ DW_AT_type
	.byte	8                               @ DW_AT_decl_file
	.short	577                             @ DW_AT_decl_line
	.byte	1                               @ DW_AT_bit_size
	.byte	3                               @ DW_AT_data_bit_offset
	.byte	19                              @ Abbrev [19] 0x1644:0xe DW_TAG_member
	.long	.Linfo_string255                @ DW_AT_name
	.long	1164                            @ DW_AT_type
	.byte	8                               @ DW_AT_decl_file
	.short	578                             @ DW_AT_decl_line
	.byte	2                               @ DW_AT_bit_size
	.byte	4                               @ DW_AT_data_bit_offset
	.byte	19                              @ Abbrev [19] 0x1652:0xe DW_TAG_member
	.long	.Linfo_string66                 @ DW_AT_name
	.long	1164                            @ DW_AT_type
	.byte	8                               @ DW_AT_decl_file
	.short	579                             @ DW_AT_decl_line
	.byte	26                              @ DW_AT_bit_size
	.byte	6                               @ DW_AT_data_bit_offset
	.byte	0                               @ End Of Children Mark
	.byte	17                              @ Abbrev [17] 0x1661:0x5 DW_TAG_volatile_type
	.long	5734                            @ DW_AT_type
	.byte	12                              @ Abbrev [12] 0x1666:0xc DW_TAG_typedef
	.long	5746                            @ DW_AT_type
	.long	.Linfo_string260                @ DW_AT_name
	.byte	8                               @ DW_AT_decl_file
	.short	586                             @ DW_AT_decl_line
	.byte	18                              @ Abbrev [18] 0x1672:0x22 DW_TAG_structure_type
	.byte	4                               @ DW_AT_byte_size
	.byte	8                               @ DW_AT_decl_file
	.short	582                             @ DW_AT_decl_line
	.byte	19                              @ Abbrev [19] 0x1677:0xe DW_TAG_member
	.long	.Linfo_string259                @ DW_AT_name
	.long	1164                            @ DW_AT_type
	.byte	8                               @ DW_AT_decl_file
	.short	584                             @ DW_AT_decl_line
	.byte	5                               @ DW_AT_bit_size
	.byte	0                               @ DW_AT_data_bit_offset
	.byte	19                              @ Abbrev [19] 0x1685:0xe DW_TAG_member
	.long	.Linfo_string66                 @ DW_AT_name
	.long	1164                            @ DW_AT_type
	.byte	8                               @ DW_AT_decl_file
	.short	585                             @ DW_AT_decl_line
	.byte	27                              @ DW_AT_bit_size
	.byte	5                               @ DW_AT_data_bit_offset
	.byte	0                               @ End Of Children Mark
	.byte	17                              @ Abbrev [17] 0x1694:0x5 DW_TAG_volatile_type
	.long	5785                            @ DW_AT_type
	.byte	12                              @ Abbrev [12] 0x1699:0xc DW_TAG_typedef
	.long	5797                            @ DW_AT_type
	.long	.Linfo_string265                @ DW_AT_name
	.byte	8                               @ DW_AT_decl_file
	.short	593                             @ DW_AT_decl_line
	.byte	18                              @ Abbrev [18] 0x16a5:0x30 DW_TAG_structure_type
	.byte	4                               @ DW_AT_byte_size
	.byte	8                               @ DW_AT_decl_file
	.short	588                             @ DW_AT_decl_line
	.byte	19                              @ Abbrev [19] 0x16aa:0xe DW_TAG_member
	.long	.Linfo_string263                @ DW_AT_name
	.long	1164                            @ DW_AT_type
	.byte	8                               @ DW_AT_decl_file
	.short	590                             @ DW_AT_decl_line
	.byte	4                               @ DW_AT_bit_size
	.byte	0                               @ DW_AT_data_bit_offset
	.byte	19                              @ Abbrev [19] 0x16b8:0xe DW_TAG_member
	.long	.Linfo_string264                @ DW_AT_name
	.long	1164                            @ DW_AT_type
	.byte	8                               @ DW_AT_decl_file
	.short	591                             @ DW_AT_decl_line
	.byte	4                               @ DW_AT_bit_size
	.byte	4                               @ DW_AT_data_bit_offset
	.byte	19                              @ Abbrev [19] 0x16c6:0xe DW_TAG_member
	.long	.Linfo_string66                 @ DW_AT_name
	.long	1164                            @ DW_AT_type
	.byte	8                               @ DW_AT_decl_file
	.short	592                             @ DW_AT_decl_line
	.byte	24                              @ DW_AT_bit_size
	.byte	8                               @ DW_AT_data_bit_offset
	.byte	0                               @ End Of Children Mark
	.byte	17                              @ Abbrev [17] 0x16d5:0x5 DW_TAG_volatile_type
	.long	5850                            @ DW_AT_type
	.byte	12                              @ Abbrev [12] 0x16da:0xc DW_TAG_typedef
	.long	5862                            @ DW_AT_type
	.long	.Linfo_string283                @ DW_AT_name
	.byte	8                               @ DW_AT_decl_file
	.short	616                             @ DW_AT_decl_line
	.byte	18                              @ Abbrev [18] 0x16e6:0x110 DW_TAG_structure_type
	.byte	4                               @ DW_AT_byte_size
	.byte	8                               @ DW_AT_decl_file
	.short	595                             @ DW_AT_decl_line
	.byte	19                              @ Abbrev [19] 0x16eb:0xe DW_TAG_member
	.long	.Linfo_string268                @ DW_AT_name
	.long	1164                            @ DW_AT_type
	.byte	8                               @ DW_AT_decl_file
	.short	597                             @ DW_AT_decl_line
	.byte	1                               @ DW_AT_bit_size
	.byte	0                               @ DW_AT_data_bit_offset
	.byte	19                              @ Abbrev [19] 0x16f9:0xe DW_TAG_member
	.long	.Linfo_string269                @ DW_AT_name
	.long	1164                            @ DW_AT_type
	.byte	8                               @ DW_AT_decl_file
	.short	598                             @ DW_AT_decl_line
	.byte	1                               @ DW_AT_bit_size
	.byte	1                               @ DW_AT_data_bit_offset
	.byte	19                              @ Abbrev [19] 0x1707:0xe DW_TAG_member
	.long	.Linfo_string270                @ DW_AT_name
	.long	1164                            @ DW_AT_type
	.byte	8                               @ DW_AT_decl_file
	.short	599                             @ DW_AT_decl_line
	.byte	1                               @ DW_AT_bit_size
	.byte	2                               @ DW_AT_data_bit_offset
	.byte	19                              @ Abbrev [19] 0x1715:0xe DW_TAG_member
	.long	.Linfo_string271                @ DW_AT_name
	.long	1164                            @ DW_AT_type
	.byte	8                               @ DW_AT_decl_file
	.short	600                             @ DW_AT_decl_line
	.byte	1                               @ DW_AT_bit_size
	.byte	3                               @ DW_AT_data_bit_offset
	.byte	19                              @ Abbrev [19] 0x1723:0xe DW_TAG_member
	.long	.Linfo_string272                @ DW_AT_name
	.long	1164                            @ DW_AT_type
	.byte	8                               @ DW_AT_decl_file
	.short	601                             @ DW_AT_decl_line
	.byte	1                               @ DW_AT_bit_size
	.byte	4                               @ DW_AT_data_bit_offset
	.byte	19                              @ Abbrev [19] 0x1731:0xe DW_TAG_member
	.long	.Linfo_string273                @ DW_AT_name
	.long	1164                            @ DW_AT_type
	.byte	8                               @ DW_AT_decl_file
	.short	602                             @ DW_AT_decl_line
	.byte	1                               @ DW_AT_bit_size
	.byte	5                               @ DW_AT_data_bit_offset
	.byte	19                              @ Abbrev [19] 0x173f:0xe DW_TAG_member
	.long	.Linfo_string274                @ DW_AT_name
	.long	1164                            @ DW_AT_type
	.byte	8                               @ DW_AT_decl_file
	.short	603                             @ DW_AT_decl_line
	.byte	1                               @ DW_AT_bit_size
	.byte	6                               @ DW_AT_data_bit_offset
	.byte	19                              @ Abbrev [19] 0x174d:0xe DW_TAG_member
	.long	.Linfo_string275                @ DW_AT_name
	.long	1164                            @ DW_AT_type
	.byte	8                               @ DW_AT_decl_file
	.short	604                             @ DW_AT_decl_line
	.byte	1                               @ DW_AT_bit_size
	.byte	7                               @ DW_AT_data_bit_offset
	.byte	19                              @ Abbrev [19] 0x175b:0xe DW_TAG_member
	.long	.Linfo_string276                @ DW_AT_name
	.long	1164                            @ DW_AT_type
	.byte	8                               @ DW_AT_decl_file
	.short	605                             @ DW_AT_decl_line
	.byte	4                               @ DW_AT_bit_size
	.byte	8                               @ DW_AT_data_bit_offset
	.byte	19                              @ Abbrev [19] 0x1769:0xe DW_TAG_member
	.long	.Linfo_string277                @ DW_AT_name
	.long	1164                            @ DW_AT_type
	.byte	8                               @ DW_AT_decl_file
	.short	606                             @ DW_AT_decl_line
	.byte	4                               @ DW_AT_bit_size
	.byte	12                              @ DW_AT_data_bit_offset
	.byte	19                              @ Abbrev [19] 0x1777:0xe DW_TAG_member
	.long	.Linfo_string278                @ DW_AT_name
	.long	1164                            @ DW_AT_type
	.byte	8                               @ DW_AT_decl_file
	.short	607                             @ DW_AT_decl_line
	.byte	3                               @ DW_AT_bit_size
	.byte	16                              @ DW_AT_data_bit_offset
	.byte	19                              @ Abbrev [19] 0x1785:0xe DW_TAG_member
	.long	.Linfo_string162                @ DW_AT_name
	.long	1164                            @ DW_AT_type
	.byte	8                               @ DW_AT_decl_file
	.short	608                             @ DW_AT_decl_line
	.byte	1                               @ DW_AT_bit_size
	.byte	19                              @ DW_AT_data_bit_offset
	.byte	19                              @ Abbrev [19] 0x1793:0xe DW_TAG_member
	.long	.Linfo_string279                @ DW_AT_name
	.long	1164                            @ DW_AT_type
	.byte	8                               @ DW_AT_decl_file
	.short	609                             @ DW_AT_decl_line
	.byte	3                               @ DW_AT_bit_size
	.byte	20                              @ DW_AT_data_bit_offset
	.byte	19                              @ Abbrev [19] 0x17a1:0xe DW_TAG_member
	.long	.Linfo_string78                 @ DW_AT_name
	.long	1164                            @ DW_AT_type
	.byte	8                               @ DW_AT_decl_file
	.short	610                             @ DW_AT_decl_line
	.byte	1                               @ DW_AT_bit_size
	.byte	23                              @ DW_AT_data_bit_offset
	.byte	19                              @ Abbrev [19] 0x17af:0xe DW_TAG_member
	.long	.Linfo_string280                @ DW_AT_name
	.long	1164                            @ DW_AT_type
	.byte	8                               @ DW_AT_decl_file
	.short	611                             @ DW_AT_decl_line
	.byte	1                               @ DW_AT_bit_size
	.byte	24                              @ DW_AT_data_bit_offset
	.byte	19                              @ Abbrev [19] 0x17bd:0xe DW_TAG_member
	.long	.Linfo_string281                @ DW_AT_name
	.long	1164                            @ DW_AT_type
	.byte	8                               @ DW_AT_decl_file
	.short	612                             @ DW_AT_decl_line
	.byte	1                               @ DW_AT_bit_size
	.byte	25                              @ DW_AT_data_bit_offset
	.byte	19                              @ Abbrev [19] 0x17cb:0xe DW_TAG_member
	.long	.Linfo_string62                 @ DW_AT_name
	.long	1164                            @ DW_AT_type
	.byte	8                               @ DW_AT_decl_file
	.short	613                             @ DW_AT_decl_line
	.byte	2                               @ DW_AT_bit_size
	.byte	26                              @ DW_AT_data_bit_offset
	.byte	19                              @ Abbrev [19] 0x17d9:0xe DW_TAG_member
	.long	.Linfo_string282                @ DW_AT_name
	.long	1164                            @ DW_AT_type
	.byte	8                               @ DW_AT_decl_file
	.short	614                             @ DW_AT_decl_line
	.byte	3                               @ DW_AT_bit_size
	.byte	28                              @ DW_AT_data_bit_offset
	.byte	19                              @ Abbrev [19] 0x17e7:0xe DW_TAG_member
	.long	.Linfo_string66                 @ DW_AT_name
	.long	1164                            @ DW_AT_type
	.byte	8                               @ DW_AT_decl_file
	.short	615                             @ DW_AT_decl_line
	.byte	1                               @ DW_AT_bit_size
	.byte	31                              @ DW_AT_data_bit_offset
	.byte	0                               @ End Of Children Mark
	.byte	17                              @ Abbrev [17] 0x17f6:0x5 DW_TAG_volatile_type
	.long	6139                            @ DW_AT_type
	.byte	12                              @ Abbrev [12] 0x17fb:0xc DW_TAG_typedef
	.long	6151                            @ DW_AT_type
	.long	.Linfo_string289                @ DW_AT_name
	.byte	8                               @ DW_AT_decl_file
	.short	624                             @ DW_AT_decl_line
	.byte	18                              @ Abbrev [18] 0x1807:0x3e DW_TAG_structure_type
	.byte	4                               @ DW_AT_byte_size
	.byte	8                               @ DW_AT_decl_file
	.short	618                             @ DW_AT_decl_line
	.byte	19                              @ Abbrev [19] 0x180c:0xe DW_TAG_member
	.long	.Linfo_string286                @ DW_AT_name
	.long	1164                            @ DW_AT_type
	.byte	8                               @ DW_AT_decl_file
	.short	620                             @ DW_AT_decl_line
	.byte	1                               @ DW_AT_bit_size
	.byte	0                               @ DW_AT_data_bit_offset
	.byte	19                              @ Abbrev [19] 0x181a:0xe DW_TAG_member
	.long	.Linfo_string287                @ DW_AT_name
	.long	1164                            @ DW_AT_type
	.byte	8                               @ DW_AT_decl_file
	.short	621                             @ DW_AT_decl_line
	.byte	1                               @ DW_AT_bit_size
	.byte	1                               @ DW_AT_data_bit_offset
	.byte	19                              @ Abbrev [19] 0x1828:0xe DW_TAG_member
	.long	.Linfo_string288                @ DW_AT_name
	.long	1164                            @ DW_AT_type
	.byte	8                               @ DW_AT_decl_file
	.short	622                             @ DW_AT_decl_line
	.byte	1                               @ DW_AT_bit_size
	.byte	2                               @ DW_AT_data_bit_offset
	.byte	19                              @ Abbrev [19] 0x1836:0xe DW_TAG_member
	.long	.Linfo_string66                 @ DW_AT_name
	.long	1164                            @ DW_AT_type
	.byte	8                               @ DW_AT_decl_file
	.short	623                             @ DW_AT_decl_line
	.byte	29                              @ DW_AT_bit_size
	.byte	3                               @ DW_AT_data_bit_offset
	.byte	0                               @ End Of Children Mark
	.byte	17                              @ Abbrev [17] 0x1845:0x5 DW_TAG_volatile_type
	.long	6218                            @ DW_AT_type
	.byte	12                              @ Abbrev [12] 0x184a:0xc DW_TAG_typedef
	.long	6230                            @ DW_AT_type
	.long	.Linfo_string296                @ DW_AT_name
	.byte	8                               @ DW_AT_decl_file
	.short	635                             @ DW_AT_decl_line
	.byte	18                              @ Abbrev [18] 0x1856:0x68 DW_TAG_structure_type
	.byte	4                               @ DW_AT_byte_size
	.byte	8                               @ DW_AT_decl_file
	.short	626                             @ DW_AT_decl_line
	.byte	19                              @ Abbrev [19] 0x185b:0xe DW_TAG_member
	.long	.Linfo_string292                @ DW_AT_name
	.long	1164                            @ DW_AT_type
	.byte	8                               @ DW_AT_decl_file
	.short	628                             @ DW_AT_decl_line
	.byte	2                               @ DW_AT_bit_size
	.byte	0                               @ DW_AT_data_bit_offset
	.byte	19                              @ Abbrev [19] 0x1869:0xe DW_TAG_member
	.long	.Linfo_string293                @ DW_AT_name
	.long	1164                            @ DW_AT_type
	.byte	8                               @ DW_AT_decl_file
	.short	629                             @ DW_AT_decl_line
	.byte	1                               @ DW_AT_bit_size
	.byte	2                               @ DW_AT_data_bit_offset
	.byte	19                              @ Abbrev [19] 0x1877:0xe DW_TAG_member
	.long	.Linfo_string78                 @ DW_AT_name
	.long	1164                            @ DW_AT_type
	.byte	8                               @ DW_AT_decl_file
	.short	630                             @ DW_AT_decl_line
	.byte	1                               @ DW_AT_bit_size
	.byte	3                               @ DW_AT_data_bit_offset
	.byte	19                              @ Abbrev [19] 0x1885:0xe DW_TAG_member
	.long	.Linfo_string294                @ DW_AT_name
	.long	1164                            @ DW_AT_type
	.byte	8                               @ DW_AT_decl_file
	.short	631                             @ DW_AT_decl_line
	.byte	3                               @ DW_AT_bit_size
	.byte	4                               @ DW_AT_data_bit_offset
	.byte	19                              @ Abbrev [19] 0x1893:0xe DW_TAG_member
	.long	.Linfo_string62                 @ DW_AT_name
	.long	1164                            @ DW_AT_type
	.byte	8                               @ DW_AT_decl_file
	.short	632                             @ DW_AT_decl_line
	.byte	1                               @ DW_AT_bit_size
	.byte	7                               @ DW_AT_data_bit_offset
	.byte	19                              @ Abbrev [19] 0x18a1:0xe DW_TAG_member
	.long	.Linfo_string295                @ DW_AT_name
	.long	1164                            @ DW_AT_type
	.byte	8                               @ DW_AT_decl_file
	.short	633                             @ DW_AT_decl_line
	.byte	1                               @ DW_AT_bit_size
	.byte	8                               @ DW_AT_data_bit_offset
	.byte	19                              @ Abbrev [19] 0x18af:0xe DW_TAG_member
	.long	.Linfo_string66                 @ DW_AT_name
	.long	1164                            @ DW_AT_type
	.byte	8                               @ DW_AT_decl_file
	.short	634                             @ DW_AT_decl_line
	.byte	23                              @ DW_AT_bit_size
	.byte	9                               @ DW_AT_data_bit_offset
	.byte	0                               @ End Of Children Mark
	.byte	17                              @ Abbrev [17] 0x18be:0x5 DW_TAG_volatile_type
	.long	6339                            @ DW_AT_type
	.byte	12                              @ Abbrev [12] 0x18c3:0xc DW_TAG_typedef
	.long	6351                            @ DW_AT_type
	.long	.Linfo_string305                @ DW_AT_name
	.byte	8                               @ DW_AT_decl_file
	.short	647                             @ DW_AT_decl_line
	.byte	18                              @ Abbrev [18] 0x18cf:0x76 DW_TAG_structure_type
	.byte	4                               @ DW_AT_byte_size
	.byte	8                               @ DW_AT_decl_file
	.short	637                             @ DW_AT_decl_line
	.byte	19                              @ Abbrev [19] 0x18d4:0xe DW_TAG_member
	.long	.Linfo_string299                @ DW_AT_name
	.long	1164                            @ DW_AT_type
	.byte	8                               @ DW_AT_decl_file
	.short	639                             @ DW_AT_decl_line
	.byte	1                               @ DW_AT_bit_size
	.byte	0                               @ DW_AT_data_bit_offset
	.byte	19                              @ Abbrev [19] 0x18e2:0xe DW_TAG_member
	.long	.Linfo_string62                 @ DW_AT_name
	.long	1164                            @ DW_AT_type
	.byte	8                               @ DW_AT_decl_file
	.short	640                             @ DW_AT_decl_line
	.byte	3                               @ DW_AT_bit_size
	.byte	1                               @ DW_AT_data_bit_offset
	.byte	19                              @ Abbrev [19] 0x18f0:0xe DW_TAG_member
	.long	.Linfo_string300                @ DW_AT_name
	.long	1164                            @ DW_AT_type
	.byte	8                               @ DW_AT_decl_file
	.short	641                             @ DW_AT_decl_line
	.byte	4                               @ DW_AT_bit_size
	.byte	4                               @ DW_AT_data_bit_offset
	.byte	19                              @ Abbrev [19] 0x18fe:0xe DW_TAG_member
	.long	.Linfo_string301                @ DW_AT_name
	.long	1164                            @ DW_AT_type
	.byte	8                               @ DW_AT_decl_file
	.short	642                             @ DW_AT_decl_line
	.byte	1                               @ DW_AT_bit_size
	.byte	8                               @ DW_AT_data_bit_offset
	.byte	19                              @ Abbrev [19] 0x190c:0xe DW_TAG_member
	.long	.Linfo_string302                @ DW_AT_name
	.long	1164                            @ DW_AT_type
	.byte	8                               @ DW_AT_decl_file
	.short	643                             @ DW_AT_decl_line
	.byte	1                               @ DW_AT_bit_size
	.byte	9                               @ DW_AT_data_bit_offset
	.byte	19                              @ Abbrev [19] 0x191a:0xe DW_TAG_member
	.long	.Linfo_string303                @ DW_AT_name
	.long	1164                            @ DW_AT_type
	.byte	8                               @ DW_AT_decl_file
	.short	644                             @ DW_AT_decl_line
	.byte	2                               @ DW_AT_bit_size
	.byte	10                              @ DW_AT_data_bit_offset
	.byte	19                              @ Abbrev [19] 0x1928:0xe DW_TAG_member
	.long	.Linfo_string304                @ DW_AT_name
	.long	1164                            @ DW_AT_type
	.byte	8                               @ DW_AT_decl_file
	.short	645                             @ DW_AT_decl_line
	.byte	3                               @ DW_AT_bit_size
	.byte	12                              @ DW_AT_data_bit_offset
	.byte	19                              @ Abbrev [19] 0x1936:0xe DW_TAG_member
	.long	.Linfo_string66                 @ DW_AT_name
	.long	1164                            @ DW_AT_type
	.byte	8                               @ DW_AT_decl_file
	.short	646                             @ DW_AT_decl_line
	.byte	17                              @ DW_AT_bit_size
	.byte	15                              @ DW_AT_data_bit_offset
	.byte	0                               @ End Of Children Mark
	.byte	17                              @ Abbrev [17] 0x1945:0x5 DW_TAG_volatile_type
	.long	6474                            @ DW_AT_type
	.byte	12                              @ Abbrev [12] 0x194a:0xc DW_TAG_typedef
	.long	6486                            @ DW_AT_type
	.long	.Linfo_string310                @ DW_AT_name
	.byte	8                               @ DW_AT_decl_file
	.short	655                             @ DW_AT_decl_line
	.byte	18                              @ Abbrev [18] 0x1956:0x3e DW_TAG_structure_type
	.byte	4                               @ DW_AT_byte_size
	.byte	8                               @ DW_AT_decl_file
	.short	649                             @ DW_AT_decl_line
	.byte	19                              @ Abbrev [19] 0x195b:0xe DW_TAG_member
	.long	.Linfo_string308                @ DW_AT_name
	.long	1164                            @ DW_AT_type
	.byte	8                               @ DW_AT_decl_file
	.short	651                             @ DW_AT_decl_line
	.byte	3                               @ DW_AT_bit_size
	.byte	0                               @ DW_AT_data_bit_offset
	.byte	19                              @ Abbrev [19] 0x1969:0xe DW_TAG_member
	.long	.Linfo_string62                 @ DW_AT_name
	.long	1164                            @ DW_AT_type
	.byte	8                               @ DW_AT_decl_file
	.short	652                             @ DW_AT_decl_line
	.byte	1                               @ DW_AT_bit_size
	.byte	3                               @ DW_AT_data_bit_offset
	.byte	19                              @ Abbrev [19] 0x1977:0xe DW_TAG_member
	.long	.Linfo_string309                @ DW_AT_name
	.long	1164                            @ DW_AT_type
	.byte	8                               @ DW_AT_decl_file
	.short	653                             @ DW_AT_decl_line
	.byte	2                               @ DW_AT_bit_size
	.byte	4                               @ DW_AT_data_bit_offset
	.byte	19                              @ Abbrev [19] 0x1985:0xe DW_TAG_member
	.long	.Linfo_string66                 @ DW_AT_name
	.long	1164                            @ DW_AT_type
	.byte	8                               @ DW_AT_decl_file
	.short	654                             @ DW_AT_decl_line
	.byte	26                              @ DW_AT_bit_size
	.byte	6                               @ DW_AT_data_bit_offset
	.byte	0                               @ End Of Children Mark
	.byte	17                              @ Abbrev [17] 0x1994:0x5 DW_TAG_volatile_type
	.long	6553                            @ DW_AT_type
	.byte	12                              @ Abbrev [12] 0x1999:0xc DW_TAG_typedef
	.long	6565                            @ DW_AT_type
	.long	.Linfo_string315                @ DW_AT_name
	.byte	8                               @ DW_AT_decl_file
	.short	662                             @ DW_AT_decl_line
	.byte	18                              @ Abbrev [18] 0x19a5:0x30 DW_TAG_structure_type
	.byte	4                               @ DW_AT_byte_size
	.byte	8                               @ DW_AT_decl_file
	.short	657                             @ DW_AT_decl_line
	.byte	19                              @ Abbrev [19] 0x19aa:0xe DW_TAG_member
	.long	.Linfo_string313                @ DW_AT_name
	.long	1164                            @ DW_AT_type
	.byte	8                               @ DW_AT_decl_file
	.short	659                             @ DW_AT_decl_line
	.byte	1                               @ DW_AT_bit_size
	.byte	0                               @ DW_AT_data_bit_offset
	.byte	19                              @ Abbrev [19] 0x19b8:0xe DW_TAG_member
	.long	.Linfo_string314                @ DW_AT_name
	.long	1164                            @ DW_AT_type
	.byte	8                               @ DW_AT_decl_file
	.short	660                             @ DW_AT_decl_line
	.byte	1                               @ DW_AT_bit_size
	.byte	1                               @ DW_AT_data_bit_offset
	.byte	19                              @ Abbrev [19] 0x19c6:0xe DW_TAG_member
	.long	.Linfo_string66                 @ DW_AT_name
	.long	1164                            @ DW_AT_type
	.byte	8                               @ DW_AT_decl_file
	.short	661                             @ DW_AT_decl_line
	.byte	30                              @ DW_AT_bit_size
	.byte	2                               @ DW_AT_data_bit_offset
	.byte	0                               @ End Of Children Mark
	.byte	17                              @ Abbrev [17] 0x19d5:0x5 DW_TAG_volatile_type
	.long	6618                            @ DW_AT_type
	.byte	12                              @ Abbrev [12] 0x19da:0xc DW_TAG_typedef
	.long	6630                            @ DW_AT_type
	.long	.Linfo_string321                @ DW_AT_name
	.byte	8                               @ DW_AT_decl_file
	.short	670                             @ DW_AT_decl_line
	.byte	18                              @ Abbrev [18] 0x19e6:0x3e DW_TAG_structure_type
	.byte	4                               @ DW_AT_byte_size
	.byte	8                               @ DW_AT_decl_file
	.short	664                             @ DW_AT_decl_line
	.byte	19                              @ Abbrev [19] 0x19eb:0xe DW_TAG_member
	.long	.Linfo_string318                @ DW_AT_name
	.long	1164                            @ DW_AT_type
	.byte	8                               @ DW_AT_decl_file
	.short	666                             @ DW_AT_decl_line
	.byte	8                               @ DW_AT_bit_size
	.byte	0                               @ DW_AT_data_bit_offset
	.byte	19                              @ Abbrev [19] 0x19f9:0xe DW_TAG_member
	.long	.Linfo_string319                @ DW_AT_name
	.long	1164                            @ DW_AT_type
	.byte	8                               @ DW_AT_decl_file
	.short	667                             @ DW_AT_decl_line
	.byte	8                               @ DW_AT_bit_size
	.byte	8                               @ DW_AT_data_bit_offset
	.byte	19                              @ Abbrev [19] 0x1a07:0xe DW_TAG_member
	.long	.Linfo_string320                @ DW_AT_name
	.long	1164                            @ DW_AT_type
	.byte	8                               @ DW_AT_decl_file
	.short	668                             @ DW_AT_decl_line
	.byte	8                               @ DW_AT_bit_size
	.byte	16                              @ DW_AT_data_bit_offset
	.byte	19                              @ Abbrev [19] 0x1a15:0xe DW_TAG_member
	.long	.Linfo_string66                 @ DW_AT_name
	.long	1164                            @ DW_AT_type
	.byte	8                               @ DW_AT_decl_file
	.short	669                             @ DW_AT_decl_line
	.byte	8                               @ DW_AT_bit_size
	.byte	24                              @ DW_AT_data_bit_offset
	.byte	0                               @ End Of Children Mark
	.byte	17                              @ Abbrev [17] 0x1a24:0x5 DW_TAG_volatile_type
	.long	6697                            @ DW_AT_type
	.byte	12                              @ Abbrev [12] 0x1a29:0xc DW_TAG_typedef
	.long	6709                            @ DW_AT_type
	.long	.Linfo_string325                @ DW_AT_name
	.byte	8                               @ DW_AT_decl_file
	.short	676                             @ DW_AT_decl_line
	.byte	18                              @ Abbrev [18] 0x1a35:0x22 DW_TAG_structure_type
	.byte	4                               @ DW_AT_byte_size
	.byte	8                               @ DW_AT_decl_file
	.short	672                             @ DW_AT_decl_line
	.byte	19                              @ Abbrev [19] 0x1a3a:0xe DW_TAG_member
	.long	.Linfo_string324                @ DW_AT_name
	.long	1164                            @ DW_AT_type
	.byte	8                               @ DW_AT_decl_file
	.short	674                             @ DW_AT_decl_line
	.byte	3                               @ DW_AT_bit_size
	.byte	0                               @ DW_AT_data_bit_offset
	.byte	19                              @ Abbrev [19] 0x1a48:0xe DW_TAG_member
	.long	.Linfo_string66                 @ DW_AT_name
	.long	1164                            @ DW_AT_type
	.byte	8                               @ DW_AT_decl_file
	.short	675                             @ DW_AT_decl_line
	.byte	29                              @ DW_AT_bit_size
	.byte	3                               @ DW_AT_data_bit_offset
	.byte	0                               @ End Of Children Mark
	.byte	17                              @ Abbrev [17] 0x1a57:0x5 DW_TAG_volatile_type
	.long	6748                            @ DW_AT_type
	.byte	12                              @ Abbrev [12] 0x1a5c:0xc DW_TAG_typedef
	.long	6760                            @ DW_AT_type
	.long	.Linfo_string332                @ DW_AT_name
	.byte	8                               @ DW_AT_decl_file
	.short	687                             @ DW_AT_decl_line
	.byte	18                              @ Abbrev [18] 0x1a68:0x68 DW_TAG_structure_type
	.byte	4                               @ DW_AT_byte_size
	.byte	8                               @ DW_AT_decl_file
	.short	678                             @ DW_AT_decl_line
	.byte	19                              @ Abbrev [19] 0x1a6d:0xe DW_TAG_member
	.long	.Linfo_string328                @ DW_AT_name
	.long	1164                            @ DW_AT_type
	.byte	8                               @ DW_AT_decl_file
	.short	680                             @ DW_AT_decl_line
	.byte	2                               @ DW_AT_bit_size
	.byte	0                               @ DW_AT_data_bit_offset
	.byte	19                              @ Abbrev [19] 0x1a7b:0xe DW_TAG_member
	.long	.Linfo_string78                 @ DW_AT_name
	.long	1164                            @ DW_AT_type
	.byte	8                               @ DW_AT_decl_file
	.short	681                             @ DW_AT_decl_line
	.byte	2                               @ DW_AT_bit_size
	.byte	2                               @ DW_AT_data_bit_offset
	.byte	19                              @ Abbrev [19] 0x1a89:0xe DW_TAG_member
	.long	.Linfo_string329                @ DW_AT_name
	.long	1164                            @ DW_AT_type
	.byte	8                               @ DW_AT_decl_file
	.short	682                             @ DW_AT_decl_line
	.byte	4                               @ DW_AT_bit_size
	.byte	4                               @ DW_AT_data_bit_offset
	.byte	19                              @ Abbrev [19] 0x1a97:0xe DW_TAG_member
	.long	.Linfo_string330                @ DW_AT_name
	.long	1164                            @ DW_AT_type
	.byte	8                               @ DW_AT_decl_file
	.short	683                             @ DW_AT_decl_line
	.byte	5                               @ DW_AT_bit_size
	.byte	8                               @ DW_AT_data_bit_offset
	.byte	19                              @ Abbrev [19] 0x1aa5:0xe DW_TAG_member
	.long	.Linfo_string62                 @ DW_AT_name
	.long	1164                            @ DW_AT_type
	.byte	8                               @ DW_AT_decl_file
	.short	684                             @ DW_AT_decl_line
	.byte	3                               @ DW_AT_bit_size
	.byte	13                              @ DW_AT_data_bit_offset
	.byte	19                              @ Abbrev [19] 0x1ab3:0xe DW_TAG_member
	.long	.Linfo_string331                @ DW_AT_name
	.long	1164                            @ DW_AT_type
	.byte	8                               @ DW_AT_decl_file
	.short	685                             @ DW_AT_decl_line
	.byte	1                               @ DW_AT_bit_size
	.byte	16                              @ DW_AT_data_bit_offset
	.byte	19                              @ Abbrev [19] 0x1ac1:0xe DW_TAG_member
	.long	.Linfo_string66                 @ DW_AT_name
	.long	1164                            @ DW_AT_type
	.byte	8                               @ DW_AT_decl_file
	.short	686                             @ DW_AT_decl_line
	.byte	15                              @ DW_AT_bit_size
	.byte	17                              @ DW_AT_data_bit_offset
	.byte	0                               @ End Of Children Mark
	.byte	17                              @ Abbrev [17] 0x1ad0:0x5 DW_TAG_volatile_type
	.long	6869                            @ DW_AT_type
	.byte	12                              @ Abbrev [12] 0x1ad5:0xc DW_TAG_typedef
	.long	6881                            @ DW_AT_type
	.long	.Linfo_string336                @ DW_AT_name
	.byte	8                               @ DW_AT_decl_file
	.short	693                             @ DW_AT_decl_line
	.byte	18                              @ Abbrev [18] 0x1ae1:0x22 DW_TAG_structure_type
	.byte	4                               @ DW_AT_byte_size
	.byte	8                               @ DW_AT_decl_file
	.short	689                             @ DW_AT_decl_line
	.byte	19                              @ Abbrev [19] 0x1ae6:0xe DW_TAG_member
	.long	.Linfo_string335                @ DW_AT_name
	.long	1164                            @ DW_AT_type
	.byte	8                               @ DW_AT_decl_file
	.short	691                             @ DW_AT_decl_line
	.byte	4                               @ DW_AT_bit_size
	.byte	0                               @ DW_AT_data_bit_offset
	.byte	19                              @ Abbrev [19] 0x1af4:0xe DW_TAG_member
	.long	.Linfo_string66                 @ DW_AT_name
	.long	1164                            @ DW_AT_type
	.byte	8                               @ DW_AT_decl_file
	.short	692                             @ DW_AT_decl_line
	.byte	28                              @ DW_AT_bit_size
	.byte	4                               @ DW_AT_data_bit_offset
	.byte	0                               @ End Of Children Mark
	.byte	20                              @ Abbrev [20] 0x1b03:0xc DW_TAG_array_type
	.long	78                              @ DW_AT_type
	.byte	21                              @ Abbrev [21] 0x1b08:0x6 DW_TAG_subrange_type
	.long	2744                            @ DW_AT_type
	.byte	11                              @ DW_AT_count
	.byte	0                               @ End Of Children Mark
	.byte	17                              @ Abbrev [17] 0x1b0f:0x5 DW_TAG_volatile_type
	.long	6932                            @ DW_AT_type
	.byte	12                              @ Abbrev [12] 0x1b14:0xc DW_TAG_typedef
	.long	6944                            @ DW_AT_type
	.long	.Linfo_string343                @ DW_AT_name
	.byte	8                               @ DW_AT_decl_file
	.short	704                             @ DW_AT_decl_line
	.byte	18                              @ Abbrev [18] 0x1b20:0x68 DW_TAG_structure_type
	.byte	4                               @ DW_AT_byte_size
	.byte	8                               @ DW_AT_decl_file
	.short	695                             @ DW_AT_decl_line
	.byte	19                              @ Abbrev [19] 0x1b25:0xe DW_TAG_member
	.long	.Linfo_string339                @ DW_AT_name
	.long	1164                            @ DW_AT_type
	.byte	8                               @ DW_AT_decl_file
	.short	697                             @ DW_AT_decl_line
	.byte	6                               @ DW_AT_bit_size
	.byte	0                               @ DW_AT_data_bit_offset
	.byte	19                              @ Abbrev [19] 0x1b33:0xe DW_TAG_member
	.long	.Linfo_string78                 @ DW_AT_name
	.long	1164                            @ DW_AT_type
	.byte	8                               @ DW_AT_decl_file
	.short	698                             @ DW_AT_decl_line
	.byte	2                               @ DW_AT_bit_size
	.byte	6                               @ DW_AT_data_bit_offset
	.byte	19                              @ Abbrev [19] 0x1b41:0xe DW_TAG_member
	.long	.Linfo_string340                @ DW_AT_name
	.long	1164                            @ DW_AT_type
	.byte	8                               @ DW_AT_decl_file
	.short	699                             @ DW_AT_decl_line
	.byte	6                               @ DW_AT_bit_size
	.byte	8                               @ DW_AT_data_bit_offset
	.byte	19                              @ Abbrev [19] 0x1b4f:0xe DW_TAG_member
	.long	.Linfo_string62                 @ DW_AT_name
	.long	1164                            @ DW_AT_type
	.byte	8                               @ DW_AT_decl_file
	.short	700                             @ DW_AT_decl_line
	.byte	2                               @ DW_AT_bit_size
	.byte	14                              @ DW_AT_data_bit_offset
	.byte	19                              @ Abbrev [19] 0x1b5d:0xe DW_TAG_member
	.long	.Linfo_string341                @ DW_AT_name
	.long	1164                            @ DW_AT_type
	.byte	8                               @ DW_AT_decl_file
	.short	701                             @ DW_AT_decl_line
	.byte	7                               @ DW_AT_bit_size
	.byte	16                              @ DW_AT_data_bit_offset
	.byte	19                              @ Abbrev [19] 0x1b6b:0xe DW_TAG_member
	.long	.Linfo_string66                 @ DW_AT_name
	.long	1164                            @ DW_AT_type
	.byte	8                               @ DW_AT_decl_file
	.short	702                             @ DW_AT_decl_line
	.byte	1                               @ DW_AT_bit_size
	.byte	23                              @ DW_AT_data_bit_offset
	.byte	19                              @ Abbrev [19] 0x1b79:0xe DW_TAG_member
	.long	.Linfo_string342                @ DW_AT_name
	.long	1164                            @ DW_AT_type
	.byte	8                               @ DW_AT_decl_file
	.short	703                             @ DW_AT_decl_line
	.byte	8                               @ DW_AT_bit_size
	.byte	24                              @ DW_AT_data_bit_offset
	.byte	0                               @ End Of Children Mark
	.byte	17                              @ Abbrev [17] 0x1b88:0x5 DW_TAG_volatile_type
	.long	7053                            @ DW_AT_type
	.byte	12                              @ Abbrev [12] 0x1b8d:0xc DW_TAG_typedef
	.long	7065                            @ DW_AT_type
	.long	.Linfo_string348                @ DW_AT_name
	.byte	8                               @ DW_AT_decl_file
	.short	712                             @ DW_AT_decl_line
	.byte	18                              @ Abbrev [18] 0x1b99:0x3e DW_TAG_structure_type
	.byte	4                               @ DW_AT_byte_size
	.byte	8                               @ DW_AT_decl_file
	.short	706                             @ DW_AT_decl_line
	.byte	19                              @ Abbrev [19] 0x1b9e:0xe DW_TAG_member
	.long	.Linfo_string346                @ DW_AT_name
	.long	1164                            @ DW_AT_type
	.byte	8                               @ DW_AT_decl_file
	.short	708                             @ DW_AT_decl_line
	.byte	8                               @ DW_AT_bit_size
	.byte	0                               @ DW_AT_data_bit_offset
	.byte	19                              @ Abbrev [19] 0x1bac:0xe DW_TAG_member
	.long	.Linfo_string62                 @ DW_AT_name
	.long	1164                            @ DW_AT_type
	.byte	8                               @ DW_AT_decl_file
	.short	709                             @ DW_AT_decl_line
	.byte	8                               @ DW_AT_bit_size
	.byte	8                               @ DW_AT_data_bit_offset
	.byte	19                              @ Abbrev [19] 0x1bba:0xe DW_TAG_member
	.long	.Linfo_string347                @ DW_AT_name
	.long	1164                            @ DW_AT_type
	.byte	8                               @ DW_AT_decl_file
	.short	710                             @ DW_AT_decl_line
	.byte	9                               @ DW_AT_bit_size
	.byte	16                              @ DW_AT_data_bit_offset
	.byte	19                              @ Abbrev [19] 0x1bc8:0xe DW_TAG_member
	.long	.Linfo_string66                 @ DW_AT_name
	.long	1164                            @ DW_AT_type
	.byte	8                               @ DW_AT_decl_file
	.short	711                             @ DW_AT_decl_line
	.byte	7                               @ DW_AT_bit_size
	.byte	25                              @ DW_AT_data_bit_offset
	.byte	0                               @ End Of Children Mark
	.byte	17                              @ Abbrev [17] 0x1bd7:0x5 DW_TAG_volatile_type
	.long	7132                            @ DW_AT_type
	.byte	12                              @ Abbrev [12] 0x1bdc:0xc DW_TAG_typedef
	.long	7144                            @ DW_AT_type
	.long	.Linfo_string353                @ DW_AT_name
	.byte	8                               @ DW_AT_decl_file
	.short	720                             @ DW_AT_decl_line
	.byte	18                              @ Abbrev [18] 0x1be8:0x3e DW_TAG_structure_type
	.byte	4                               @ DW_AT_byte_size
	.byte	8                               @ DW_AT_decl_file
	.short	714                             @ DW_AT_decl_line
	.byte	19                              @ Abbrev [19] 0x1bed:0xe DW_TAG_member
	.long	.Linfo_string351                @ DW_AT_name
	.long	1164                            @ DW_AT_type
	.byte	8                               @ DW_AT_decl_file
	.short	716                             @ DW_AT_decl_line
	.byte	9                               @ DW_AT_bit_size
	.byte	0                               @ DW_AT_data_bit_offset
	.byte	19                              @ Abbrev [19] 0x1bfb:0xe DW_TAG_member
	.long	.Linfo_string62                 @ DW_AT_name
	.long	1164                            @ DW_AT_type
	.byte	8                               @ DW_AT_decl_file
	.short	717                             @ DW_AT_decl_line
	.byte	7                               @ DW_AT_bit_size
	.byte	9                               @ DW_AT_data_bit_offset
	.byte	19                              @ Abbrev [19] 0x1c09:0xe DW_TAG_member
	.long	.Linfo_string352                @ DW_AT_name
	.long	1164                            @ DW_AT_type
	.byte	8                               @ DW_AT_decl_file
	.short	718                             @ DW_AT_decl_line
	.byte	10                              @ DW_AT_bit_size
	.byte	16                              @ DW_AT_data_bit_offset
	.byte	19                              @ Abbrev [19] 0x1c17:0xe DW_TAG_member
	.long	.Linfo_string66                 @ DW_AT_name
	.long	1164                            @ DW_AT_type
	.byte	8                               @ DW_AT_decl_file
	.short	719                             @ DW_AT_decl_line
	.byte	6                               @ DW_AT_bit_size
	.byte	26                              @ DW_AT_data_bit_offset
	.byte	0                               @ End Of Children Mark
	.byte	17                              @ Abbrev [17] 0x1c26:0x5 DW_TAG_volatile_type
	.long	7211                            @ DW_AT_type
	.byte	12                              @ Abbrev [12] 0x1c2b:0xc DW_TAG_typedef
	.long	7223                            @ DW_AT_type
	.long	.Linfo_string358                @ DW_AT_name
	.byte	8                               @ DW_AT_decl_file
	.short	728                             @ DW_AT_decl_line
	.byte	18                              @ Abbrev [18] 0x1c37:0x3e DW_TAG_structure_type
	.byte	4                               @ DW_AT_byte_size
	.byte	8                               @ DW_AT_decl_file
	.short	722                             @ DW_AT_decl_line
	.byte	19                              @ Abbrev [19] 0x1c3c:0xe DW_TAG_member
	.long	.Linfo_string356                @ DW_AT_name
	.long	1164                            @ DW_AT_type
	.byte	8                               @ DW_AT_decl_file
	.short	724                             @ DW_AT_decl_line
	.byte	11                              @ DW_AT_bit_size
	.byte	0                               @ DW_AT_data_bit_offset
	.byte	19                              @ Abbrev [19] 0x1c4a:0xe DW_TAG_member
	.long	.Linfo_string62                 @ DW_AT_name
	.long	1164                            @ DW_AT_type
	.byte	8                               @ DW_AT_decl_file
	.short	725                             @ DW_AT_decl_line
	.byte	5                               @ DW_AT_bit_size
	.byte	11                              @ DW_AT_data_bit_offset
	.byte	19                              @ Abbrev [19] 0x1c58:0xe DW_TAG_member
	.long	.Linfo_string357                @ DW_AT_name
	.long	1164                            @ DW_AT_type
	.byte	8                               @ DW_AT_decl_file
	.short	726                             @ DW_AT_decl_line
	.byte	12                              @ DW_AT_bit_size
	.byte	16                              @ DW_AT_data_bit_offset
	.byte	19                              @ Abbrev [19] 0x1c66:0xe DW_TAG_member
	.long	.Linfo_string66                 @ DW_AT_name
	.long	1164                            @ DW_AT_type
	.byte	8                               @ DW_AT_decl_file
	.short	727                             @ DW_AT_decl_line
	.byte	4                               @ DW_AT_bit_size
	.byte	28                              @ DW_AT_data_bit_offset
	.byte	0                               @ End Of Children Mark
	.byte	17                              @ Abbrev [17] 0x1c75:0x5 DW_TAG_volatile_type
	.long	7290                            @ DW_AT_type
	.byte	12                              @ Abbrev [12] 0x1c7a:0xc DW_TAG_typedef
	.long	7302                            @ DW_AT_type
	.long	.Linfo_string363                @ DW_AT_name
	.byte	8                               @ DW_AT_decl_file
	.short	736                             @ DW_AT_decl_line
	.byte	18                              @ Abbrev [18] 0x1c86:0x3e DW_TAG_structure_type
	.byte	4                               @ DW_AT_byte_size
	.byte	8                               @ DW_AT_decl_file
	.short	730                             @ DW_AT_decl_line
	.byte	19                              @ Abbrev [19] 0x1c8b:0xe DW_TAG_member
	.long	.Linfo_string361                @ DW_AT_name
	.long	1164                            @ DW_AT_type
	.byte	8                               @ DW_AT_decl_file
	.short	732                             @ DW_AT_decl_line
	.byte	12                              @ DW_AT_bit_size
	.byte	0                               @ DW_AT_data_bit_offset
	.byte	19                              @ Abbrev [19] 0x1c99:0xe DW_TAG_member
	.long	.Linfo_string62                 @ DW_AT_name
	.long	1164                            @ DW_AT_type
	.byte	8                               @ DW_AT_decl_file
	.short	733                             @ DW_AT_decl_line
	.byte	4                               @ DW_AT_bit_size
	.byte	12                              @ DW_AT_data_bit_offset
	.byte	19                              @ Abbrev [19] 0x1ca7:0xe DW_TAG_member
	.long	.Linfo_string362                @ DW_AT_name
	.long	1164                            @ DW_AT_type
	.byte	8                               @ DW_AT_decl_file
	.short	734                             @ DW_AT_decl_line
	.byte	13                              @ DW_AT_bit_size
	.byte	16                              @ DW_AT_data_bit_offset
	.byte	19                              @ Abbrev [19] 0x1cb5:0xe DW_TAG_member
	.long	.Linfo_string66                 @ DW_AT_name
	.long	1164                            @ DW_AT_type
	.byte	8                               @ DW_AT_decl_file
	.short	735                             @ DW_AT_decl_line
	.byte	3                               @ DW_AT_bit_size
	.byte	29                              @ DW_AT_data_bit_offset
	.byte	0                               @ End Of Children Mark
	.byte	17                              @ Abbrev [17] 0x1cc4:0x5 DW_TAG_volatile_type
	.long	7369                            @ DW_AT_type
	.byte	12                              @ Abbrev [12] 0x1cc9:0xc DW_TAG_typedef
	.long	7381                            @ DW_AT_type
	.long	.Linfo_string368                @ DW_AT_name
	.byte	8                               @ DW_AT_decl_file
	.short	744                             @ DW_AT_decl_line
	.byte	18                              @ Abbrev [18] 0x1cd5:0x3e DW_TAG_structure_type
	.byte	4                               @ DW_AT_byte_size
	.byte	8                               @ DW_AT_decl_file
	.short	738                             @ DW_AT_decl_line
	.byte	19                              @ Abbrev [19] 0x1cda:0xe DW_TAG_member
	.long	.Linfo_string366                @ DW_AT_name
	.long	1164                            @ DW_AT_type
	.byte	8                               @ DW_AT_decl_file
	.short	740                             @ DW_AT_decl_line
	.byte	14                              @ DW_AT_bit_size
	.byte	0                               @ DW_AT_data_bit_offset
	.byte	19                              @ Abbrev [19] 0x1ce8:0xe DW_TAG_member
	.long	.Linfo_string62                 @ DW_AT_name
	.long	1164                            @ DW_AT_type
	.byte	8                               @ DW_AT_decl_file
	.short	741                             @ DW_AT_decl_line
	.byte	2                               @ DW_AT_bit_size
	.byte	14                              @ DW_AT_data_bit_offset
	.byte	19                              @ Abbrev [19] 0x1cf6:0xe DW_TAG_member
	.long	.Linfo_string367                @ DW_AT_name
	.long	1164                            @ DW_AT_type
	.byte	8                               @ DW_AT_decl_file
	.short	742                             @ DW_AT_decl_line
	.byte	13                              @ DW_AT_bit_size
	.byte	16                              @ DW_AT_data_bit_offset
	.byte	19                              @ Abbrev [19] 0x1d04:0xe DW_TAG_member
	.long	.Linfo_string66                 @ DW_AT_name
	.long	1164                            @ DW_AT_type
	.byte	8                               @ DW_AT_decl_file
	.short	743                             @ DW_AT_decl_line
	.byte	3                               @ DW_AT_bit_size
	.byte	29                              @ DW_AT_data_bit_offset
	.byte	0                               @ End Of Children Mark
	.byte	17                              @ Abbrev [17] 0x1d13:0x5 DW_TAG_volatile_type
	.long	7448                            @ DW_AT_type
	.byte	12                              @ Abbrev [12] 0x1d18:0xc DW_TAG_typedef
	.long	7460                            @ DW_AT_type
	.long	.Linfo_string373                @ DW_AT_name
	.byte	8                               @ DW_AT_decl_file
	.short	752                             @ DW_AT_decl_line
	.byte	18                              @ Abbrev [18] 0x1d24:0x3e DW_TAG_structure_type
	.byte	4                               @ DW_AT_byte_size
	.byte	8                               @ DW_AT_decl_file
	.short	746                             @ DW_AT_decl_line
	.byte	19                              @ Abbrev [19] 0x1d29:0xe DW_TAG_member
	.long	.Linfo_string371                @ DW_AT_name
	.long	1164                            @ DW_AT_type
	.byte	8                               @ DW_AT_decl_file
	.short	748                             @ DW_AT_decl_line
	.byte	14                              @ DW_AT_bit_size
	.byte	0                               @ DW_AT_data_bit_offset
	.byte	19                              @ Abbrev [19] 0x1d37:0xe DW_TAG_member
	.long	.Linfo_string62                 @ DW_AT_name
	.long	1164                            @ DW_AT_type
	.byte	8                               @ DW_AT_decl_file
	.short	749                             @ DW_AT_decl_line
	.byte	2                               @ DW_AT_bit_size
	.byte	14                              @ DW_AT_data_bit_offset
	.byte	19                              @ Abbrev [19] 0x1d45:0xe DW_TAG_member
	.long	.Linfo_string372                @ DW_AT_name
	.long	1164                            @ DW_AT_type
	.byte	8                               @ DW_AT_decl_file
	.short	750                             @ DW_AT_decl_line
	.byte	15                              @ DW_AT_bit_size
	.byte	16                              @ DW_AT_data_bit_offset
	.byte	19                              @ Abbrev [19] 0x1d53:0xe DW_TAG_member
	.long	.Linfo_string66                 @ DW_AT_name
	.long	1164                            @ DW_AT_type
	.byte	8                               @ DW_AT_decl_file
	.short	751                             @ DW_AT_decl_line
	.byte	1                               @ DW_AT_bit_size
	.byte	31                              @ DW_AT_data_bit_offset
	.byte	0                               @ End Of Children Mark
	.byte	17                              @ Abbrev [17] 0x1d62:0x5 DW_TAG_volatile_type
	.long	7527                            @ DW_AT_type
	.byte	12                              @ Abbrev [12] 0x1d67:0xc DW_TAG_typedef
	.long	7539                            @ DW_AT_type
	.long	.Linfo_string377                @ DW_AT_name
	.byte	8                               @ DW_AT_decl_file
	.short	758                             @ DW_AT_decl_line
	.byte	18                              @ Abbrev [18] 0x1d73:0x22 DW_TAG_structure_type
	.byte	4                               @ DW_AT_byte_size
	.byte	8                               @ DW_AT_decl_file
	.short	754                             @ DW_AT_decl_line
	.byte	19                              @ Abbrev [19] 0x1d78:0xe DW_TAG_member
	.long	.Linfo_string376                @ DW_AT_name
	.long	1164                            @ DW_AT_type
	.byte	8                               @ DW_AT_decl_file
	.short	756                             @ DW_AT_decl_line
	.byte	16                              @ DW_AT_bit_size
	.byte	0                               @ DW_AT_data_bit_offset
	.byte	19                              @ Abbrev [19] 0x1d86:0xe DW_TAG_member
	.long	.Linfo_string66                 @ DW_AT_name
	.long	1164                            @ DW_AT_type
	.byte	8                               @ DW_AT_decl_file
	.short	757                             @ DW_AT_decl_line
	.byte	16                              @ DW_AT_bit_size
	.byte	16                              @ DW_AT_data_bit_offset
	.byte	0                               @ End Of Children Mark
	.byte	20                              @ Abbrev [20] 0x1d95:0xc DW_TAG_array_type
	.long	78                              @ DW_AT_type
	.byte	21                              @ Abbrev [21] 0x1d9a:0x6 DW_TAG_subrange_type
	.long	2744                            @ DW_AT_type
	.byte	23                              @ DW_AT_count
	.byte	0                               @ End Of Children Mark
	.byte	17                              @ Abbrev [17] 0x1da1:0x5 DW_TAG_volatile_type
	.long	7590                            @ DW_AT_type
	.byte	12                              @ Abbrev [12] 0x1da6:0xc DW_TAG_typedef
	.long	7602                            @ DW_AT_type
	.long	.Linfo_string380                @ DW_AT_name
	.byte	8                               @ DW_AT_decl_file
	.short	764                             @ DW_AT_decl_line
	.byte	18                              @ Abbrev [18] 0x1db2:0x22 DW_TAG_structure_type
	.byte	4                               @ DW_AT_byte_size
	.byte	8                               @ DW_AT_decl_file
	.short	760                             @ DW_AT_decl_line
	.byte	19                              @ Abbrev [19] 0x1db7:0xe DW_TAG_member
	.long	.Linfo_string378                @ DW_AT_name
	.long	1164                            @ DW_AT_type
	.byte	8                               @ DW_AT_decl_file
	.short	762                             @ DW_AT_decl_line
	.byte	1                               @ DW_AT_bit_size
	.byte	0                               @ DW_AT_data_bit_offset
	.byte	19                              @ Abbrev [19] 0x1dc5:0xe DW_TAG_member
	.long	.Linfo_string66                 @ DW_AT_name
	.long	1164                            @ DW_AT_type
	.byte	8                               @ DW_AT_decl_file
	.short	763                             @ DW_AT_decl_line
	.byte	31                              @ DW_AT_bit_size
	.byte	1                               @ DW_AT_data_bit_offset
	.byte	0                               @ End Of Children Mark
	.byte	4                               @ Abbrev [4] 0x1dd4:0x5 DW_TAG_pointer_type
	.long	7641                            @ DW_AT_type
	.byte	12                              @ Abbrev [12] 0x1dd9:0xc DW_TAG_typedef
	.long	7653                            @ DW_AT_type
	.long	.Linfo_string518                @ DW_AT_name
	.byte	9                               @ DW_AT_decl_file
	.short	766                             @ DW_AT_decl_line
	.byte	13                              @ Abbrev [13] 0x1de5:0x415 DW_TAG_structure_type
	.short	256                             @ DW_AT_byte_size
	.byte	9                               @ DW_AT_decl_file
	.short	612                             @ DW_AT_decl_line
	.byte	14                              @ Abbrev [14] 0x1deb:0x9 DW_TAG_member
	.long	7668                            @ DW_AT_type
	.byte	9                               @ DW_AT_decl_file
	.short	614                             @ DW_AT_decl_line
	.byte	0                               @ DW_AT_data_member_location
	.byte	15                              @ Abbrev [15] 0x1df4:0x20 DW_TAG_union_type
	.byte	4                               @ DW_AT_byte_size
	.byte	9                               @ DW_AT_decl_file
	.short	614                             @ DW_AT_decl_line
	.byte	16                              @ Abbrev [16] 0x1df9:0xd DW_TAG_member
	.long	.Linfo_string382                @ DW_AT_name
	.long	1164                            @ DW_AT_type
	.byte	9                               @ DW_AT_decl_file
	.short	616                             @ DW_AT_decl_line
	.byte	0                               @ DW_AT_data_member_location
	.byte	16                              @ Abbrev [16] 0x1e06:0xd DW_TAG_member
	.long	.Linfo_string383                @ DW_AT_name
	.long	8698                            @ DW_AT_type
	.byte	9                               @ DW_AT_decl_file
	.short	617                             @ DW_AT_decl_line
	.byte	0                               @ DW_AT_data_member_location
	.byte	0                               @ End Of Children Mark
	.byte	14                              @ Abbrev [14] 0x1e14:0x9 DW_TAG_member
	.long	7709                            @ DW_AT_type
	.byte	9                               @ DW_AT_decl_file
	.short	620                             @ DW_AT_decl_line
	.byte	4                               @ DW_AT_data_member_location
	.byte	15                              @ Abbrev [15] 0x1e1d:0x20 DW_TAG_union_type
	.byte	4                               @ DW_AT_byte_size
	.byte	9                               @ DW_AT_decl_file
	.short	620                             @ DW_AT_decl_line
	.byte	16                              @ Abbrev [16] 0x1e22:0xd DW_TAG_member
	.long	.Linfo_string386                @ DW_AT_name
	.long	1164                            @ DW_AT_type
	.byte	9                               @ DW_AT_decl_file
	.short	622                             @ DW_AT_decl_line
	.byte	0                               @ DW_AT_data_member_location
	.byte	16                              @ Abbrev [16] 0x1e2f:0xd DW_TAG_member
	.long	.Linfo_string387                @ DW_AT_name
	.long	8749                            @ DW_AT_type
	.byte	9                               @ DW_AT_decl_file
	.short	623                             @ DW_AT_decl_line
	.byte	0                               @ DW_AT_data_member_location
	.byte	0                               @ End Of Children Mark
	.byte	14                              @ Abbrev [14] 0x1e3d:0x9 DW_TAG_member
	.long	7750                            @ DW_AT_type
	.byte	9                               @ DW_AT_decl_file
	.short	626                             @ DW_AT_decl_line
	.byte	8                               @ DW_AT_data_member_location
	.byte	15                              @ Abbrev [15] 0x1e46:0x20 DW_TAG_union_type
	.byte	4                               @ DW_AT_byte_size
	.byte	9                               @ DW_AT_decl_file
	.short	626                             @ DW_AT_decl_line
	.byte	16                              @ Abbrev [16] 0x1e4b:0xd DW_TAG_member
	.long	.Linfo_string393                @ DW_AT_name
	.long	1164                            @ DW_AT_type
	.byte	9                               @ DW_AT_decl_file
	.short	628                             @ DW_AT_decl_line
	.byte	0                               @ DW_AT_data_member_location
	.byte	16                              @ Abbrev [16] 0x1e58:0xd DW_TAG_member
	.long	.Linfo_string394                @ DW_AT_name
	.long	8870                            @ DW_AT_type
	.byte	9                               @ DW_AT_decl_file
	.short	629                             @ DW_AT_decl_line
	.byte	0                               @ DW_AT_data_member_location
	.byte	0                               @ End Of Children Mark
	.byte	14                              @ Abbrev [14] 0x1e66:0x9 DW_TAG_member
	.long	7791                            @ DW_AT_type
	.byte	9                               @ DW_AT_decl_file
	.short	632                             @ DW_AT_decl_line
	.byte	12                              @ DW_AT_data_member_location
	.byte	15                              @ Abbrev [15] 0x1e6f:0x20 DW_TAG_union_type
	.byte	4                               @ DW_AT_byte_size
	.byte	9                               @ DW_AT_decl_file
	.short	632                             @ DW_AT_decl_line
	.byte	16                              @ Abbrev [16] 0x1e74:0xd DW_TAG_member
	.long	.Linfo_string397                @ DW_AT_name
	.long	1164                            @ DW_AT_type
	.byte	9                               @ DW_AT_decl_file
	.short	634                             @ DW_AT_decl_line
	.byte	0                               @ DW_AT_data_member_location
	.byte	16                              @ Abbrev [16] 0x1e81:0xd DW_TAG_member
	.long	.Linfo_string398                @ DW_AT_name
	.long	8921                            @ DW_AT_type
	.byte	9                               @ DW_AT_decl_file
	.short	635                             @ DW_AT_decl_line
	.byte	0                               @ DW_AT_data_member_location
	.byte	0                               @ End Of Children Mark
	.byte	14                              @ Abbrev [14] 0x1e8f:0x9 DW_TAG_member
	.long	7832                            @ DW_AT_type
	.byte	9                               @ DW_AT_decl_file
	.short	638                             @ DW_AT_decl_line
	.byte	16                              @ DW_AT_data_member_location
	.byte	15                              @ Abbrev [15] 0x1e98:0x20 DW_TAG_union_type
	.byte	4                               @ DW_AT_byte_size
	.byte	9                               @ DW_AT_decl_file
	.short	638                             @ DW_AT_decl_line
	.byte	16                              @ Abbrev [16] 0x1e9d:0xd DW_TAG_member
	.long	.Linfo_string404                @ DW_AT_name
	.long	1164                            @ DW_AT_type
	.byte	9                               @ DW_AT_decl_file
	.short	640                             @ DW_AT_decl_line
	.byte	0                               @ DW_AT_data_member_location
	.byte	16                              @ Abbrev [16] 0x1eaa:0xd DW_TAG_member
	.long	.Linfo_string405                @ DW_AT_name
	.long	9042                            @ DW_AT_type
	.byte	9                               @ DW_AT_decl_file
	.short	641                             @ DW_AT_decl_line
	.byte	0                               @ DW_AT_data_member_location
	.byte	0                               @ End Of Children Mark
	.byte	14                              @ Abbrev [14] 0x1eb8:0x9 DW_TAG_member
	.long	7873                            @ DW_AT_type
	.byte	9                               @ DW_AT_decl_file
	.short	644                             @ DW_AT_decl_line
	.byte	20                              @ DW_AT_data_member_location
	.byte	15                              @ Abbrev [15] 0x1ec1:0x20 DW_TAG_union_type
	.byte	4                               @ DW_AT_byte_size
	.byte	9                               @ DW_AT_decl_file
	.short	644                             @ DW_AT_decl_line
	.byte	16                              @ Abbrev [16] 0x1ec6:0xd DW_TAG_member
	.long	.Linfo_string410                @ DW_AT_name
	.long	1164                            @ DW_AT_type
	.byte	9                               @ DW_AT_decl_file
	.short	646                             @ DW_AT_decl_line
	.byte	0                               @ DW_AT_data_member_location
	.byte	16                              @ Abbrev [16] 0x1ed3:0xd DW_TAG_member
	.long	.Linfo_string411                @ DW_AT_name
	.long	9149                            @ DW_AT_type
	.byte	9                               @ DW_AT_decl_file
	.short	647                             @ DW_AT_decl_line
	.byte	0                               @ DW_AT_data_member_location
	.byte	0                               @ End Of Children Mark
	.byte	14                              @ Abbrev [14] 0x1ee1:0x9 DW_TAG_member
	.long	7914                            @ DW_AT_type
	.byte	9                               @ DW_AT_decl_file
	.short	650                             @ DW_AT_decl_line
	.byte	24                              @ DW_AT_data_member_location
	.byte	15                              @ Abbrev [15] 0x1eea:0x20 DW_TAG_union_type
	.byte	4                               @ DW_AT_byte_size
	.byte	9                               @ DW_AT_decl_file
	.short	650                             @ DW_AT_decl_line
	.byte	16                              @ Abbrev [16] 0x1eef:0xd DW_TAG_member
	.long	.Linfo_string415                @ DW_AT_name
	.long	1164                            @ DW_AT_type
	.byte	9                               @ DW_AT_decl_file
	.short	652                             @ DW_AT_decl_line
	.byte	0                               @ DW_AT_data_member_location
	.byte	16                              @ Abbrev [16] 0x1efc:0xd DW_TAG_member
	.long	.Linfo_string416                @ DW_AT_name
	.long	9228                            @ DW_AT_type
	.byte	9                               @ DW_AT_decl_file
	.short	653                             @ DW_AT_decl_line
	.byte	0                               @ DW_AT_data_member_location
	.byte	0                               @ End Of Children Mark
	.byte	14                              @ Abbrev [14] 0x1f0a:0x9 DW_TAG_member
	.long	7955                            @ DW_AT_type
	.byte	9                               @ DW_AT_decl_file
	.short	656                             @ DW_AT_decl_line
	.byte	28                              @ DW_AT_data_member_location
	.byte	15                              @ Abbrev [15] 0x1f13:0x20 DW_TAG_union_type
	.byte	4                               @ DW_AT_byte_size
	.byte	9                               @ DW_AT_decl_file
	.short	656                             @ DW_AT_decl_line
	.byte	16                              @ Abbrev [16] 0x1f18:0xd DW_TAG_member
	.long	.Linfo_string420                @ DW_AT_name
	.long	1164                            @ DW_AT_type
	.byte	9                               @ DW_AT_decl_file
	.short	658                             @ DW_AT_decl_line
	.byte	0                               @ DW_AT_data_member_location
	.byte	16                              @ Abbrev [16] 0x1f25:0xd DW_TAG_member
	.long	.Linfo_string421                @ DW_AT_name
	.long	9307                            @ DW_AT_type
	.byte	9                               @ DW_AT_decl_file
	.short	659                             @ DW_AT_decl_line
	.byte	0                               @ DW_AT_data_member_location
	.byte	0                               @ End Of Children Mark
	.byte	14                              @ Abbrev [14] 0x1f33:0x9 DW_TAG_member
	.long	7996                            @ DW_AT_type
	.byte	9                               @ DW_AT_decl_file
	.short	662                             @ DW_AT_decl_line
	.byte	32                              @ DW_AT_data_member_location
	.byte	15                              @ Abbrev [15] 0x1f3c:0x20 DW_TAG_union_type
	.byte	4                               @ DW_AT_byte_size
	.byte	9                               @ DW_AT_decl_file
	.short	662                             @ DW_AT_decl_line
	.byte	16                              @ Abbrev [16] 0x1f41:0xd DW_TAG_member
	.long	.Linfo_string424                @ DW_AT_name
	.long	1164                            @ DW_AT_type
	.byte	9                               @ DW_AT_decl_file
	.short	664                             @ DW_AT_decl_line
	.byte	0                               @ DW_AT_data_member_location
	.byte	16                              @ Abbrev [16] 0x1f4e:0xd DW_TAG_member
	.long	.Linfo_string425                @ DW_AT_name
	.long	9358                            @ DW_AT_type
	.byte	9                               @ DW_AT_decl_file
	.short	665                             @ DW_AT_decl_line
	.byte	0                               @ DW_AT_data_member_location
	.byte	0                               @ End Of Children Mark
	.byte	14                              @ Abbrev [14] 0x1f5c:0x9 DW_TAG_member
	.long	8037                            @ DW_AT_type
	.byte	9                               @ DW_AT_decl_file
	.short	668                             @ DW_AT_decl_line
	.byte	36                              @ DW_AT_data_member_location
	.byte	15                              @ Abbrev [15] 0x1f65:0x20 DW_TAG_union_type
	.byte	4                               @ DW_AT_byte_size
	.byte	9                               @ DW_AT_decl_file
	.short	668                             @ DW_AT_decl_line
	.byte	16                              @ Abbrev [16] 0x1f6a:0xd DW_TAG_member
	.long	.Linfo_string428                @ DW_AT_name
	.long	1164                            @ DW_AT_type
	.byte	9                               @ DW_AT_decl_file
	.short	670                             @ DW_AT_decl_line
	.byte	0                               @ DW_AT_data_member_location
	.byte	16                              @ Abbrev [16] 0x1f77:0xd DW_TAG_member
	.long	.Linfo_string429                @ DW_AT_name
	.long	9409                            @ DW_AT_type
	.byte	9                               @ DW_AT_decl_file
	.short	671                             @ DW_AT_decl_line
	.byte	0                               @ DW_AT_data_member_location
	.byte	0                               @ End Of Children Mark
	.byte	14                              @ Abbrev [14] 0x1f85:0x9 DW_TAG_member
	.long	8078                            @ DW_AT_type
	.byte	9                               @ DW_AT_decl_file
	.short	674                             @ DW_AT_decl_line
	.byte	40                              @ DW_AT_data_member_location
	.byte	15                              @ Abbrev [15] 0x1f8e:0x20 DW_TAG_union_type
	.byte	4                               @ DW_AT_byte_size
	.byte	9                               @ DW_AT_decl_file
	.short	674                             @ DW_AT_decl_line
	.byte	16                              @ Abbrev [16] 0x1f93:0xd DW_TAG_member
	.long	.Linfo_string434                @ DW_AT_name
	.long	1164                            @ DW_AT_type
	.byte	9                               @ DW_AT_decl_file
	.short	676                             @ DW_AT_decl_line
	.byte	0                               @ DW_AT_data_member_location
	.byte	16                              @ Abbrev [16] 0x1fa0:0xd DW_TAG_member
	.long	.Linfo_string435                @ DW_AT_name
	.long	9516                            @ DW_AT_type
	.byte	9                               @ DW_AT_decl_file
	.short	677                             @ DW_AT_decl_line
	.byte	0                               @ DW_AT_data_member_location
	.byte	0                               @ End Of Children Mark
	.byte	14                              @ Abbrev [14] 0x1fae:0x9 DW_TAG_member
	.long	8119                            @ DW_AT_type
	.byte	9                               @ DW_AT_decl_file
	.short	680                             @ DW_AT_decl_line
	.byte	44                              @ DW_AT_data_member_location
	.byte	15                              @ Abbrev [15] 0x1fb7:0x20 DW_TAG_union_type
	.byte	4                               @ DW_AT_byte_size
	.byte	9                               @ DW_AT_decl_file
	.short	680                             @ DW_AT_decl_line
	.byte	16                              @ Abbrev [16] 0x1fbc:0xd DW_TAG_member
	.long	.Linfo_string442                @ DW_AT_name
	.long	1164                            @ DW_AT_type
	.byte	9                               @ DW_AT_decl_file
	.short	682                             @ DW_AT_decl_line
	.byte	0                               @ DW_AT_data_member_location
	.byte	16                              @ Abbrev [16] 0x1fc9:0xd DW_TAG_member
	.long	.Linfo_string443                @ DW_AT_name
	.long	9623                            @ DW_AT_type
	.byte	9                               @ DW_AT_decl_file
	.short	683                             @ DW_AT_decl_line
	.byte	0                               @ DW_AT_data_member_location
	.byte	0                               @ End Of Children Mark
	.byte	14                              @ Abbrev [14] 0x1fd7:0x9 DW_TAG_member
	.long	8160                            @ DW_AT_type
	.byte	9                               @ DW_AT_decl_file
	.short	686                             @ DW_AT_decl_line
	.byte	48                              @ DW_AT_data_member_location
	.byte	15                              @ Abbrev [15] 0x1fe0:0x20 DW_TAG_union_type
	.byte	4                               @ DW_AT_byte_size
	.byte	9                               @ DW_AT_decl_file
	.short	686                             @ DW_AT_decl_line
	.byte	16                              @ Abbrev [16] 0x1fe5:0xd DW_TAG_member
	.long	.Linfo_string450                @ DW_AT_name
	.long	1164                            @ DW_AT_type
	.byte	9                               @ DW_AT_decl_file
	.short	688                             @ DW_AT_decl_line
	.byte	0                               @ DW_AT_data_member_location
	.byte	16                              @ Abbrev [16] 0x1ff2:0xd DW_TAG_member
	.long	.Linfo_string451                @ DW_AT_name
	.long	9730                            @ DW_AT_type
	.byte	9                               @ DW_AT_decl_file
	.short	689                             @ DW_AT_decl_line
	.byte	0                               @ DW_AT_data_member_location
	.byte	0                               @ End Of Children Mark
	.byte	14                              @ Abbrev [14] 0x2000:0x9 DW_TAG_member
	.long	8201                            @ DW_AT_type
	.byte	9                               @ DW_AT_decl_file
	.short	692                             @ DW_AT_decl_line
	.byte	52                              @ DW_AT_data_member_location
	.byte	15                              @ Abbrev [15] 0x2009:0x20 DW_TAG_union_type
	.byte	4                               @ DW_AT_byte_size
	.byte	9                               @ DW_AT_decl_file
	.short	692                             @ DW_AT_decl_line
	.byte	16                              @ Abbrev [16] 0x200e:0xd DW_TAG_member
	.long	.Linfo_string458                @ DW_AT_name
	.long	1164                            @ DW_AT_type
	.byte	9                               @ DW_AT_decl_file
	.short	694                             @ DW_AT_decl_line
	.byte	0                               @ DW_AT_data_member_location
	.byte	16                              @ Abbrev [16] 0x201b:0xd DW_TAG_member
	.long	.Linfo_string459                @ DW_AT_name
	.long	9837                            @ DW_AT_type
	.byte	9                               @ DW_AT_decl_file
	.short	695                             @ DW_AT_decl_line
	.byte	0                               @ DW_AT_data_member_location
	.byte	0                               @ End Of Children Mark
	.byte	14                              @ Abbrev [14] 0x2029:0x9 DW_TAG_member
	.long	8242                            @ DW_AT_type
	.byte	9                               @ DW_AT_decl_file
	.short	698                             @ DW_AT_decl_line
	.byte	56                              @ DW_AT_data_member_location
	.byte	15                              @ Abbrev [15] 0x2032:0x20 DW_TAG_union_type
	.byte	4                               @ DW_AT_byte_size
	.byte	9                               @ DW_AT_decl_file
	.short	698                             @ DW_AT_decl_line
	.byte	16                              @ Abbrev [16] 0x2037:0xd DW_TAG_member
	.long	.Linfo_string466                @ DW_AT_name
	.long	1164                            @ DW_AT_type
	.byte	9                               @ DW_AT_decl_file
	.short	700                             @ DW_AT_decl_line
	.byte	0                               @ DW_AT_data_member_location
	.byte	16                              @ Abbrev [16] 0x2044:0xd DW_TAG_member
	.long	.Linfo_string467                @ DW_AT_name
	.long	9944                            @ DW_AT_type
	.byte	9                               @ DW_AT_decl_file
	.short	701                             @ DW_AT_decl_line
	.byte	0                               @ DW_AT_data_member_location
	.byte	0                               @ End Of Children Mark
	.byte	14                              @ Abbrev [14] 0x2052:0x9 DW_TAG_member
	.long	8283                            @ DW_AT_type
	.byte	9                               @ DW_AT_decl_file
	.short	704                             @ DW_AT_decl_line
	.byte	60                              @ DW_AT_data_member_location
	.byte	15                              @ Abbrev [15] 0x205b:0x20 DW_TAG_union_type
	.byte	4                               @ DW_AT_byte_size
	.byte	9                               @ DW_AT_decl_file
	.short	704                             @ DW_AT_decl_line
	.byte	16                              @ Abbrev [16] 0x2060:0xd DW_TAG_member
	.long	.Linfo_string473                @ DW_AT_name
	.long	1164                            @ DW_AT_type
	.byte	9                               @ DW_AT_decl_file
	.short	706                             @ DW_AT_decl_line
	.byte	0                               @ DW_AT_data_member_location
	.byte	16                              @ Abbrev [16] 0x206d:0xd DW_TAG_member
	.long	.Linfo_string474                @ DW_AT_name
	.long	10051                           @ DW_AT_type
	.byte	9                               @ DW_AT_decl_file
	.short	707                             @ DW_AT_decl_line
	.byte	0                               @ DW_AT_data_member_location
	.byte	0                               @ End Of Children Mark
	.byte	14                              @ Abbrev [14] 0x207b:0x9 DW_TAG_member
	.long	8324                            @ DW_AT_type
	.byte	9                               @ DW_AT_decl_file
	.short	710                             @ DW_AT_decl_line
	.byte	64                              @ DW_AT_data_member_location
	.byte	15                              @ Abbrev [15] 0x2084:0x20 DW_TAG_union_type
	.byte	4                               @ DW_AT_byte_size
	.byte	9                               @ DW_AT_decl_file
	.short	710                             @ DW_AT_decl_line
	.byte	16                              @ Abbrev [16] 0x2089:0xd DW_TAG_member
	.long	.Linfo_string478                @ DW_AT_name
	.long	1164                            @ DW_AT_type
	.byte	9                               @ DW_AT_decl_file
	.short	712                             @ DW_AT_decl_line
	.byte	0                               @ DW_AT_data_member_location
	.byte	16                              @ Abbrev [16] 0x2096:0xd DW_TAG_member
	.long	.Linfo_string479                @ DW_AT_name
	.long	10130                           @ DW_AT_type
	.byte	9                               @ DW_AT_decl_file
	.short	713                             @ DW_AT_decl_line
	.byte	0                               @ DW_AT_data_member_location
	.byte	0                               @ End Of Children Mark
	.byte	14                              @ Abbrev [14] 0x20a4:0x9 DW_TAG_member
	.long	8365                            @ DW_AT_type
	.byte	9                               @ DW_AT_decl_file
	.short	716                             @ DW_AT_decl_line
	.byte	68                              @ DW_AT_data_member_location
	.byte	15                              @ Abbrev [15] 0x20ad:0x20 DW_TAG_union_type
	.byte	4                               @ DW_AT_byte_size
	.byte	9                               @ DW_AT_decl_file
	.short	716                             @ DW_AT_decl_line
	.byte	16                              @ Abbrev [16] 0x20b2:0xd DW_TAG_member
	.long	.Linfo_string482                @ DW_AT_name
	.long	1164                            @ DW_AT_type
	.byte	9                               @ DW_AT_decl_file
	.short	718                             @ DW_AT_decl_line
	.byte	0                               @ DW_AT_data_member_location
	.byte	16                              @ Abbrev [16] 0x20bf:0xd DW_TAG_member
	.long	.Linfo_string483                @ DW_AT_name
	.long	10181                           @ DW_AT_type
	.byte	9                               @ DW_AT_decl_file
	.short	719                             @ DW_AT_decl_line
	.byte	0                               @ DW_AT_data_member_location
	.byte	0                               @ End Of Children Mark
	.byte	14                              @ Abbrev [14] 0x20cd:0x9 DW_TAG_member
	.long	8406                            @ DW_AT_type
	.byte	9                               @ DW_AT_decl_file
	.short	722                             @ DW_AT_decl_line
	.byte	72                              @ DW_AT_data_member_location
	.byte	15                              @ Abbrev [15] 0x20d6:0x20 DW_TAG_union_type
	.byte	4                               @ DW_AT_byte_size
	.byte	9                               @ DW_AT_decl_file
	.short	722                             @ DW_AT_decl_line
	.byte	16                              @ Abbrev [16] 0x20db:0xd DW_TAG_member
	.long	.Linfo_string486                @ DW_AT_name
	.long	1164                            @ DW_AT_type
	.byte	9                               @ DW_AT_decl_file
	.short	724                             @ DW_AT_decl_line
	.byte	0                               @ DW_AT_data_member_location
	.byte	16                              @ Abbrev [16] 0x20e8:0xd DW_TAG_member
	.long	.Linfo_string487                @ DW_AT_name
	.long	10232                           @ DW_AT_type
	.byte	9                               @ DW_AT_decl_file
	.short	725                             @ DW_AT_decl_line
	.byte	0                               @ DW_AT_data_member_location
	.byte	0                               @ End Of Children Mark
	.byte	14                              @ Abbrev [14] 0x20f6:0x9 DW_TAG_member
	.long	8447                            @ DW_AT_type
	.byte	9                               @ DW_AT_decl_file
	.short	728                             @ DW_AT_decl_line
	.byte	76                              @ DW_AT_data_member_location
	.byte	15                              @ Abbrev [15] 0x20ff:0x20 DW_TAG_union_type
	.byte	4                               @ DW_AT_byte_size
	.byte	9                               @ DW_AT_decl_file
	.short	728                             @ DW_AT_decl_line
	.byte	16                              @ Abbrev [16] 0x2104:0xd DW_TAG_member
	.long	.Linfo_string496                @ DW_AT_name
	.long	1164                            @ DW_AT_type
	.byte	9                               @ DW_AT_decl_file
	.short	730                             @ DW_AT_decl_line
	.byte	0                               @ DW_AT_data_member_location
	.byte	16                              @ Abbrev [16] 0x2111:0xd DW_TAG_member
	.long	.Linfo_string497                @ DW_AT_name
	.long	10423                           @ DW_AT_type
	.byte	9                               @ DW_AT_decl_file
	.short	731                             @ DW_AT_decl_line
	.byte	0                               @ DW_AT_data_member_location
	.byte	0                               @ End Of Children Mark
	.byte	14                              @ Abbrev [14] 0x211f:0x9 DW_TAG_member
	.long	8488                            @ DW_AT_type
	.byte	9                               @ DW_AT_decl_file
	.short	734                             @ DW_AT_decl_line
	.byte	80                              @ DW_AT_data_member_location
	.byte	15                              @ Abbrev [15] 0x2128:0x20 DW_TAG_union_type
	.byte	4                               @ DW_AT_byte_size
	.byte	9                               @ DW_AT_decl_file
	.short	734                             @ DW_AT_decl_line
	.byte	16                              @ Abbrev [16] 0x212d:0xd DW_TAG_member
	.long	.Linfo_string500                @ DW_AT_name
	.long	1164                            @ DW_AT_type
	.byte	9                               @ DW_AT_decl_file
	.short	736                             @ DW_AT_decl_line
	.byte	0                               @ DW_AT_data_member_location
	.byte	16                              @ Abbrev [16] 0x213a:0xd DW_TAG_member
	.long	.Linfo_string501                @ DW_AT_name
	.long	10474                           @ DW_AT_type
	.byte	9                               @ DW_AT_decl_file
	.short	737                             @ DW_AT_decl_line
	.byte	0                               @ DW_AT_data_member_location
	.byte	0                               @ End Of Children Mark
	.byte	16                              @ Abbrev [16] 0x2148:0xd DW_TAG_member
	.long	.Linfo_string66                 @ DW_AT_name
	.long	10567                           @ DW_AT_type
	.byte	9                               @ DW_AT_decl_file
	.short	740                             @ DW_AT_decl_line
	.byte	84                              @ DW_AT_data_member_location
	.byte	14                              @ Abbrev [14] 0x2155:0x9 DW_TAG_member
	.long	8542                            @ DW_AT_type
	.byte	9                               @ DW_AT_decl_file
	.short	742                             @ DW_AT_decl_line
	.byte	240                             @ DW_AT_data_member_location
	.byte	15                              @ Abbrev [15] 0x215e:0x20 DW_TAG_union_type
	.byte	4                               @ DW_AT_byte_size
	.byte	9                               @ DW_AT_decl_file
	.short	742                             @ DW_AT_decl_line
	.byte	16                              @ Abbrev [16] 0x2163:0xd DW_TAG_member
	.long	.Linfo_string506                @ DW_AT_name
	.long	1164                            @ DW_AT_type
	.byte	9                               @ DW_AT_decl_file
	.short	744                             @ DW_AT_decl_line
	.byte	0                               @ DW_AT_data_member_location
	.byte	16                              @ Abbrev [16] 0x2170:0xd DW_TAG_member
	.long	.Linfo_string507                @ DW_AT_name
	.long	10579                           @ DW_AT_type
	.byte	9                               @ DW_AT_decl_file
	.short	745                             @ DW_AT_decl_line
	.byte	0                               @ DW_AT_data_member_location
	.byte	0                               @ End Of Children Mark
	.byte	14                              @ Abbrev [14] 0x217e:0x9 DW_TAG_member
	.long	8583                            @ DW_AT_type
	.byte	9                               @ DW_AT_decl_file
	.short	748                             @ DW_AT_decl_line
	.byte	244                             @ DW_AT_data_member_location
	.byte	15                              @ Abbrev [15] 0x2187:0x20 DW_TAG_union_type
	.byte	4                               @ DW_AT_byte_size
	.byte	9                               @ DW_AT_decl_file
	.short	748                             @ DW_AT_decl_line
	.byte	16                              @ Abbrev [16] 0x218c:0xd DW_TAG_member
	.long	.Linfo_string509                @ DW_AT_name
	.long	1164                            @ DW_AT_type
	.byte	9                               @ DW_AT_decl_file
	.short	750                             @ DW_AT_decl_line
	.byte	0                               @ DW_AT_data_member_location
	.byte	16                              @ Abbrev [16] 0x2199:0xd DW_TAG_member
	.long	.Linfo_string510                @ DW_AT_name
	.long	10616                           @ DW_AT_type
	.byte	9                               @ DW_AT_decl_file
	.short	751                             @ DW_AT_decl_line
	.byte	0                               @ DW_AT_data_member_location
	.byte	0                               @ End Of Children Mark
	.byte	14                              @ Abbrev [14] 0x21a7:0x9 DW_TAG_member
	.long	8624                            @ DW_AT_type
	.byte	9                               @ DW_AT_decl_file
	.short	754                             @ DW_AT_decl_line
	.byte	248                             @ DW_AT_data_member_location
	.byte	15                              @ Abbrev [15] 0x21b0:0x20 DW_TAG_union_type
	.byte	4                               @ DW_AT_byte_size
	.byte	9                               @ DW_AT_decl_file
	.short	754                             @ DW_AT_decl_line
	.byte	16                              @ Abbrev [16] 0x21b5:0xd DW_TAG_member
	.long	.Linfo_string512                @ DW_AT_name
	.long	1164                            @ DW_AT_type
	.byte	9                               @ DW_AT_decl_file
	.short	756                             @ DW_AT_decl_line
	.byte	0                               @ DW_AT_data_member_location
	.byte	16                              @ Abbrev [16] 0x21c2:0xd DW_TAG_member
	.long	.Linfo_string513                @ DW_AT_name
	.long	10653                           @ DW_AT_type
	.byte	9                               @ DW_AT_decl_file
	.short	757                             @ DW_AT_decl_line
	.byte	0                               @ DW_AT_data_member_location
	.byte	0                               @ End Of Children Mark
	.byte	14                              @ Abbrev [14] 0x21d0:0x9 DW_TAG_member
	.long	8665                            @ DW_AT_type
	.byte	9                               @ DW_AT_decl_file
	.short	760                             @ DW_AT_decl_line
	.byte	252                             @ DW_AT_data_member_location
	.byte	15                              @ Abbrev [15] 0x21d9:0x20 DW_TAG_union_type
	.byte	4                               @ DW_AT_byte_size
	.byte	9                               @ DW_AT_decl_file
	.short	760                             @ DW_AT_decl_line
	.byte	16                              @ Abbrev [16] 0x21de:0xd DW_TAG_member
	.long	.Linfo_string515                @ DW_AT_name
	.long	1164                            @ DW_AT_type
	.byte	9                               @ DW_AT_decl_file
	.short	762                             @ DW_AT_decl_line
	.byte	0                               @ DW_AT_data_member_location
	.byte	16                              @ Abbrev [16] 0x21eb:0xd DW_TAG_member
	.long	.Linfo_string516                @ DW_AT_name
	.long	10704                           @ DW_AT_type
	.byte	9                               @ DW_AT_decl_file
	.short	763                             @ DW_AT_decl_line
	.byte	0                               @ DW_AT_data_member_location
	.byte	0                               @ End Of Children Mark
	.byte	0                               @ End Of Children Mark
	.byte	17                              @ Abbrev [17] 0x21fa:0x5 DW_TAG_volatile_type
	.long	8703                            @ DW_AT_type
	.byte	12                              @ Abbrev [12] 0x21ff:0xc DW_TAG_typedef
	.long	8715                            @ DW_AT_type
	.long	.Linfo_string385                @ DW_AT_name
	.byte	9                               @ DW_AT_decl_file
	.short	410                             @ DW_AT_decl_line
	.byte	18                              @ Abbrev [18] 0x220b:0x22 DW_TAG_structure_type
	.byte	4                               @ DW_AT_byte_size
	.byte	9                               @ DW_AT_decl_file
	.short	406                             @ DW_AT_decl_line
	.byte	19                              @ Abbrev [19] 0x2210:0xe DW_TAG_member
	.long	.Linfo_string384                @ DW_AT_name
	.long	1164                            @ DW_AT_type
	.byte	9                               @ DW_AT_decl_file
	.short	408                             @ DW_AT_decl_line
	.byte	2                               @ DW_AT_bit_size
	.byte	0                               @ DW_AT_data_bit_offset
	.byte	19                              @ Abbrev [19] 0x221e:0xe DW_TAG_member
	.long	.Linfo_string66                 @ DW_AT_name
	.long	1164                            @ DW_AT_type
	.byte	9                               @ DW_AT_decl_file
	.short	409                             @ DW_AT_decl_line
	.byte	30                              @ DW_AT_bit_size
	.byte	2                               @ DW_AT_data_bit_offset
	.byte	0                               @ End Of Children Mark
	.byte	17                              @ Abbrev [17] 0x222d:0x5 DW_TAG_volatile_type
	.long	8754                            @ DW_AT_type
	.byte	12                              @ Abbrev [12] 0x2232:0xc DW_TAG_typedef
	.long	8766                            @ DW_AT_type
	.long	.Linfo_string392                @ DW_AT_name
	.byte	9                               @ DW_AT_decl_file
	.short	421                             @ DW_AT_decl_line
	.byte	18                              @ Abbrev [18] 0x223e:0x68 DW_TAG_structure_type
	.byte	4                               @ DW_AT_byte_size
	.byte	9                               @ DW_AT_decl_file
	.short	412                             @ DW_AT_decl_line
	.byte	19                              @ Abbrev [19] 0x2243:0xe DW_TAG_member
	.long	.Linfo_string388                @ DW_AT_name
	.long	1164                            @ DW_AT_type
	.byte	9                               @ DW_AT_decl_file
	.short	414                             @ DW_AT_decl_line
	.byte	4                               @ DW_AT_bit_size
	.byte	0                               @ DW_AT_data_bit_offset
	.byte	19                              @ Abbrev [19] 0x2251:0xe DW_TAG_member
	.long	.Linfo_string389                @ DW_AT_name
	.long	1164                            @ DW_AT_type
	.byte	9                               @ DW_AT_decl_file
	.short	415                             @ DW_AT_decl_line
	.byte	3                               @ DW_AT_bit_size
	.byte	4                               @ DW_AT_data_bit_offset
	.byte	19                              @ Abbrev [19] 0x225f:0xe DW_TAG_member
	.long	.Linfo_string78                 @ DW_AT_name
	.long	1164                            @ DW_AT_type
	.byte	9                               @ DW_AT_decl_file
	.short	416                             @ DW_AT_decl_line
	.byte	1                               @ DW_AT_bit_size
	.byte	7                               @ DW_AT_data_bit_offset
	.byte	19                              @ Abbrev [19] 0x226d:0xe DW_TAG_member
	.long	.Linfo_string390                @ DW_AT_name
	.long	1164                            @ DW_AT_type
	.byte	9                               @ DW_AT_decl_file
	.short	417                             @ DW_AT_decl_line
	.byte	5                               @ DW_AT_bit_size
	.byte	8                               @ DW_AT_data_bit_offset
	.byte	19                              @ Abbrev [19] 0x227b:0xe DW_TAG_member
	.long	.Linfo_string62                 @ DW_AT_name
	.long	1164                            @ DW_AT_type
	.byte	9                               @ DW_AT_decl_file
	.short	418                             @ DW_AT_decl_line
	.byte	3                               @ DW_AT_bit_size
	.byte	13                              @ DW_AT_data_bit_offset
	.byte	19                              @ Abbrev [19] 0x2289:0xe DW_TAG_member
	.long	.Linfo_string391                @ DW_AT_name
	.long	1164                            @ DW_AT_type
	.byte	9                               @ DW_AT_decl_file
	.short	419                             @ DW_AT_decl_line
	.byte	5                               @ DW_AT_bit_size
	.byte	16                              @ DW_AT_data_bit_offset
	.byte	19                              @ Abbrev [19] 0x2297:0xe DW_TAG_member
	.long	.Linfo_string66                 @ DW_AT_name
	.long	1164                            @ DW_AT_type
	.byte	9                               @ DW_AT_decl_file
	.short	420                             @ DW_AT_decl_line
	.byte	11                              @ DW_AT_bit_size
	.byte	21                              @ DW_AT_data_bit_offset
	.byte	0                               @ End Of Children Mark
	.byte	17                              @ Abbrev [17] 0x22a6:0x5 DW_TAG_volatile_type
	.long	8875                            @ DW_AT_type
	.byte	12                              @ Abbrev [12] 0x22ab:0xc DW_TAG_typedef
	.long	8887                            @ DW_AT_type
	.long	.Linfo_string396                @ DW_AT_name
	.byte	9                               @ DW_AT_decl_file
	.short	427                             @ DW_AT_decl_line
	.byte	18                              @ Abbrev [18] 0x22b7:0x22 DW_TAG_structure_type
	.byte	4                               @ DW_AT_byte_size
	.byte	9                               @ DW_AT_decl_file
	.short	423                             @ DW_AT_decl_line
	.byte	19                              @ Abbrev [19] 0x22bc:0xe DW_TAG_member
	.long	.Linfo_string395                @ DW_AT_name
	.long	1164                            @ DW_AT_type
	.byte	9                               @ DW_AT_decl_file
	.short	425                             @ DW_AT_decl_line
	.byte	1                               @ DW_AT_bit_size
	.byte	0                               @ DW_AT_data_bit_offset
	.byte	19                              @ Abbrev [19] 0x22ca:0xe DW_TAG_member
	.long	.Linfo_string66                 @ DW_AT_name
	.long	1164                            @ DW_AT_type
	.byte	9                               @ DW_AT_decl_file
	.short	426                             @ DW_AT_decl_line
	.byte	31                              @ DW_AT_bit_size
	.byte	1                               @ DW_AT_data_bit_offset
	.byte	0                               @ End Of Children Mark
	.byte	17                              @ Abbrev [17] 0x22d9:0x5 DW_TAG_volatile_type
	.long	8926                            @ DW_AT_type
	.byte	12                              @ Abbrev [12] 0x22de:0xc DW_TAG_typedef
	.long	8938                            @ DW_AT_type
	.long	.Linfo_string403                @ DW_AT_name
	.byte	9                               @ DW_AT_decl_file
	.short	438                             @ DW_AT_decl_line
	.byte	18                              @ Abbrev [18] 0x22ea:0x68 DW_TAG_structure_type
	.byte	4                               @ DW_AT_byte_size
	.byte	9                               @ DW_AT_decl_file
	.short	429                             @ DW_AT_decl_line
	.byte	19                              @ Abbrev [19] 0x22ef:0xe DW_TAG_member
	.long	.Linfo_string399                @ DW_AT_name
	.long	1164                            @ DW_AT_type
	.byte	9                               @ DW_AT_decl_file
	.short	431                             @ DW_AT_decl_line
	.byte	6                               @ DW_AT_bit_size
	.byte	0                               @ DW_AT_data_bit_offset
	.byte	19                              @ Abbrev [19] 0x22fd:0xe DW_TAG_member
	.long	.Linfo_string78                 @ DW_AT_name
	.long	1164                            @ DW_AT_type
	.byte	9                               @ DW_AT_decl_file
	.short	432                             @ DW_AT_decl_line
	.byte	6                               @ DW_AT_bit_size
	.byte	6                               @ DW_AT_data_bit_offset
	.byte	19                              @ Abbrev [19] 0x230b:0xe DW_TAG_member
	.long	.Linfo_string400                @ DW_AT_name
	.long	1164                            @ DW_AT_type
	.byte	9                               @ DW_AT_decl_file
	.short	433                             @ DW_AT_decl_line
	.byte	1                               @ DW_AT_bit_size
	.byte	12                              @ DW_AT_data_bit_offset
	.byte	19                              @ Abbrev [19] 0x2319:0xe DW_TAG_member
	.long	.Linfo_string401                @ DW_AT_name
	.long	1164                            @ DW_AT_type
	.byte	9                               @ DW_AT_decl_file
	.short	434                             @ DW_AT_decl_line
	.byte	1                               @ DW_AT_bit_size
	.byte	13                              @ DW_AT_data_bit_offset
	.byte	19                              @ Abbrev [19] 0x2327:0xe DW_TAG_member
	.long	.Linfo_string62                 @ DW_AT_name
	.long	1164                            @ DW_AT_type
	.byte	9                               @ DW_AT_decl_file
	.short	435                             @ DW_AT_decl_line
	.byte	2                               @ DW_AT_bit_size
	.byte	14                              @ DW_AT_data_bit_offset
	.byte	19                              @ Abbrev [19] 0x2335:0xe DW_TAG_member
	.long	.Linfo_string402                @ DW_AT_name
	.long	1164                            @ DW_AT_type
	.byte	9                               @ DW_AT_decl_file
	.short	436                             @ DW_AT_decl_line
	.byte	1                               @ DW_AT_bit_size
	.byte	16                              @ DW_AT_data_bit_offset
	.byte	19                              @ Abbrev [19] 0x2343:0xe DW_TAG_member
	.long	.Linfo_string66                 @ DW_AT_name
	.long	1164                            @ DW_AT_type
	.byte	9                               @ DW_AT_decl_file
	.short	437                             @ DW_AT_decl_line
	.byte	15                              @ DW_AT_bit_size
	.byte	17                              @ DW_AT_data_bit_offset
	.byte	0                               @ End Of Children Mark
	.byte	17                              @ Abbrev [17] 0x2352:0x5 DW_TAG_volatile_type
	.long	9047                            @ DW_AT_type
	.byte	12                              @ Abbrev [12] 0x2357:0xc DW_TAG_typedef
	.long	9059                            @ DW_AT_type
	.long	.Linfo_string409                @ DW_AT_name
	.byte	9                               @ DW_AT_decl_file
	.short	448                             @ DW_AT_decl_line
	.byte	18                              @ Abbrev [18] 0x2363:0x5a DW_TAG_structure_type
	.byte	4                               @ DW_AT_byte_size
	.byte	9                               @ DW_AT_decl_file
	.short	440                             @ DW_AT_decl_line
	.byte	19                              @ Abbrev [19] 0x2368:0xe DW_TAG_member
	.long	.Linfo_string406                @ DW_AT_name
	.long	1164                            @ DW_AT_type
	.byte	9                               @ DW_AT_decl_file
	.short	442                             @ DW_AT_decl_line
	.byte	1                               @ DW_AT_bit_size
	.byte	0                               @ DW_AT_data_bit_offset
	.byte	19                              @ Abbrev [19] 0x2376:0xe DW_TAG_member
	.long	.Linfo_string78                 @ DW_AT_name
	.long	1164                            @ DW_AT_type
	.byte	9                               @ DW_AT_decl_file
	.short	443                             @ DW_AT_decl_line
	.byte	3                               @ DW_AT_bit_size
	.byte	1                               @ DW_AT_data_bit_offset
	.byte	19                              @ Abbrev [19] 0x2384:0xe DW_TAG_member
	.long	.Linfo_string407                @ DW_AT_name
	.long	1164                            @ DW_AT_type
	.byte	9                               @ DW_AT_decl_file
	.short	444                             @ DW_AT_decl_line
	.byte	3                               @ DW_AT_bit_size
	.byte	4                               @ DW_AT_data_bit_offset
	.byte	19                              @ Abbrev [19] 0x2392:0xe DW_TAG_member
	.long	.Linfo_string62                 @ DW_AT_name
	.long	1164                            @ DW_AT_type
	.byte	9                               @ DW_AT_decl_file
	.short	445                             @ DW_AT_decl_line
	.byte	1                               @ DW_AT_bit_size
	.byte	7                               @ DW_AT_data_bit_offset
	.byte	19                              @ Abbrev [19] 0x23a0:0xe DW_TAG_member
	.long	.Linfo_string408                @ DW_AT_name
	.long	1164                            @ DW_AT_type
	.byte	9                               @ DW_AT_decl_file
	.short	446                             @ DW_AT_decl_line
	.byte	1                               @ DW_AT_bit_size
	.byte	8                               @ DW_AT_data_bit_offset
	.byte	19                              @ Abbrev [19] 0x23ae:0xe DW_TAG_member
	.long	.Linfo_string66                 @ DW_AT_name
	.long	1164                            @ DW_AT_type
	.byte	9                               @ DW_AT_decl_file
	.short	447                             @ DW_AT_decl_line
	.byte	23                              @ DW_AT_bit_size
	.byte	9                               @ DW_AT_data_bit_offset
	.byte	0                               @ End Of Children Mark
	.byte	17                              @ Abbrev [17] 0x23bd:0x5 DW_TAG_volatile_type
	.long	9154                            @ DW_AT_type
	.byte	12                              @ Abbrev [12] 0x23c2:0xc DW_TAG_typedef
	.long	9166                            @ DW_AT_type
	.long	.Linfo_string414                @ DW_AT_name
	.byte	9                               @ DW_AT_decl_file
	.short	456                             @ DW_AT_decl_line
	.byte	18                              @ Abbrev [18] 0x23ce:0x3e DW_TAG_structure_type
	.byte	4                               @ DW_AT_byte_size
	.byte	9                               @ DW_AT_decl_file
	.short	450                             @ DW_AT_decl_line
	.byte	19                              @ Abbrev [19] 0x23d3:0xe DW_TAG_member
	.long	.Linfo_string412                @ DW_AT_name
	.long	1164                            @ DW_AT_type
	.byte	9                               @ DW_AT_decl_file
	.short	452                             @ DW_AT_decl_line
	.byte	1                               @ DW_AT_bit_size
	.byte	0                               @ DW_AT_data_bit_offset
	.byte	19                              @ Abbrev [19] 0x23e1:0xe DW_TAG_member
	.long	.Linfo_string62                 @ DW_AT_name
	.long	1164                            @ DW_AT_type
	.byte	9                               @ DW_AT_decl_file
	.short	453                             @ DW_AT_decl_line
	.byte	3                               @ DW_AT_bit_size
	.byte	1                               @ DW_AT_data_bit_offset
	.byte	19                              @ Abbrev [19] 0x23ef:0xe DW_TAG_member
	.long	.Linfo_string413                @ DW_AT_name
	.long	1164                            @ DW_AT_type
	.byte	9                               @ DW_AT_decl_file
	.short	454                             @ DW_AT_decl_line
	.byte	3                               @ DW_AT_bit_size
	.byte	4                               @ DW_AT_data_bit_offset
	.byte	19                              @ Abbrev [19] 0x23fd:0xe DW_TAG_member
	.long	.Linfo_string66                 @ DW_AT_name
	.long	1164                            @ DW_AT_type
	.byte	9                               @ DW_AT_decl_file
	.short	455                             @ DW_AT_decl_line
	.byte	25                              @ DW_AT_bit_size
	.byte	7                               @ DW_AT_data_bit_offset
	.byte	0                               @ End Of Children Mark
	.byte	17                              @ Abbrev [17] 0x240c:0x5 DW_TAG_volatile_type
	.long	9233                            @ DW_AT_type
	.byte	12                              @ Abbrev [12] 0x2411:0xc DW_TAG_typedef
	.long	9245                            @ DW_AT_type
	.long	.Linfo_string419                @ DW_AT_name
	.byte	9                               @ DW_AT_decl_file
	.short	464                             @ DW_AT_decl_line
	.byte	18                              @ Abbrev [18] 0x241d:0x3e DW_TAG_structure_type
	.byte	4                               @ DW_AT_byte_size
	.byte	9                               @ DW_AT_decl_file
	.short	458                             @ DW_AT_decl_line
	.byte	19                              @ Abbrev [19] 0x2422:0xe DW_TAG_member
	.long	.Linfo_string417                @ DW_AT_name
	.long	1164                            @ DW_AT_type
	.byte	9                               @ DW_AT_decl_file
	.short	460                             @ DW_AT_decl_line
	.byte	1                               @ DW_AT_bit_size
	.byte	0                               @ DW_AT_data_bit_offset
	.byte	19                              @ Abbrev [19] 0x2430:0xe DW_TAG_member
	.long	.Linfo_string62                 @ DW_AT_name
	.long	1164                            @ DW_AT_type
	.byte	9                               @ DW_AT_decl_file
	.short	461                             @ DW_AT_decl_line
	.byte	3                               @ DW_AT_bit_size
	.byte	1                               @ DW_AT_data_bit_offset
	.byte	19                              @ Abbrev [19] 0x243e:0xe DW_TAG_member
	.long	.Linfo_string418                @ DW_AT_name
	.long	1164                            @ DW_AT_type
	.byte	9                               @ DW_AT_decl_file
	.short	462                             @ DW_AT_decl_line
	.byte	3                               @ DW_AT_bit_size
	.byte	4                               @ DW_AT_data_bit_offset
	.byte	19                              @ Abbrev [19] 0x244c:0xe DW_TAG_member
	.long	.Linfo_string66                 @ DW_AT_name
	.long	1164                            @ DW_AT_type
	.byte	9                               @ DW_AT_decl_file
	.short	463                             @ DW_AT_decl_line
	.byte	25                              @ DW_AT_bit_size
	.byte	7                               @ DW_AT_data_bit_offset
	.byte	0                               @ End Of Children Mark
	.byte	17                              @ Abbrev [17] 0x245b:0x5 DW_TAG_volatile_type
	.long	9312                            @ DW_AT_type
	.byte	12                              @ Abbrev [12] 0x2460:0xc DW_TAG_typedef
	.long	9324                            @ DW_AT_type
	.long	.Linfo_string423                @ DW_AT_name
	.byte	9                               @ DW_AT_decl_file
	.short	470                             @ DW_AT_decl_line
	.byte	18                              @ Abbrev [18] 0x246c:0x22 DW_TAG_structure_type
	.byte	4                               @ DW_AT_byte_size
	.byte	9                               @ DW_AT_decl_file
	.short	466                             @ DW_AT_decl_line
	.byte	19                              @ Abbrev [19] 0x2471:0xe DW_TAG_member
	.long	.Linfo_string422                @ DW_AT_name
	.long	1164                            @ DW_AT_type
	.byte	9                               @ DW_AT_decl_file
	.short	468                             @ DW_AT_decl_line
	.byte	2                               @ DW_AT_bit_size
	.byte	0                               @ DW_AT_data_bit_offset
	.byte	19                              @ Abbrev [19] 0x247f:0xe DW_TAG_member
	.long	.Linfo_string66                 @ DW_AT_name
	.long	1164                            @ DW_AT_type
	.byte	9                               @ DW_AT_decl_file
	.short	469                             @ DW_AT_decl_line
	.byte	30                              @ DW_AT_bit_size
	.byte	2                               @ DW_AT_data_bit_offset
	.byte	0                               @ End Of Children Mark
	.byte	17                              @ Abbrev [17] 0x248e:0x5 DW_TAG_volatile_type
	.long	9363                            @ DW_AT_type
	.byte	12                              @ Abbrev [12] 0x2493:0xc DW_TAG_typedef
	.long	9375                            @ DW_AT_type
	.long	.Linfo_string427                @ DW_AT_name
	.byte	9                               @ DW_AT_decl_file
	.short	476                             @ DW_AT_decl_line
	.byte	18                              @ Abbrev [18] 0x249f:0x22 DW_TAG_structure_type
	.byte	4                               @ DW_AT_byte_size
	.byte	9                               @ DW_AT_decl_file
	.short	472                             @ DW_AT_decl_line
	.byte	19                              @ Abbrev [19] 0x24a4:0xe DW_TAG_member
	.long	.Linfo_string426                @ DW_AT_name
	.long	1164                            @ DW_AT_type
	.byte	9                               @ DW_AT_decl_file
	.short	474                             @ DW_AT_decl_line
	.byte	1                               @ DW_AT_bit_size
	.byte	0                               @ DW_AT_data_bit_offset
	.byte	19                              @ Abbrev [19] 0x24b2:0xe DW_TAG_member
	.long	.Linfo_string66                 @ DW_AT_name
	.long	1164                            @ DW_AT_type
	.byte	9                               @ DW_AT_decl_file
	.short	475                             @ DW_AT_decl_line
	.byte	31                              @ DW_AT_bit_size
	.byte	1                               @ DW_AT_data_bit_offset
	.byte	0                               @ End Of Children Mark
	.byte	17                              @ Abbrev [17] 0x24c1:0x5 DW_TAG_volatile_type
	.long	9414                            @ DW_AT_type
	.byte	12                              @ Abbrev [12] 0x24c6:0xc DW_TAG_typedef
	.long	9426                            @ DW_AT_type
	.long	.Linfo_string433                @ DW_AT_name
	.byte	9                               @ DW_AT_decl_file
	.short	486                             @ DW_AT_decl_line
	.byte	18                              @ Abbrev [18] 0x24d2:0x5a DW_TAG_structure_type
	.byte	4                               @ DW_AT_byte_size
	.byte	9                               @ DW_AT_decl_file
	.short	478                             @ DW_AT_decl_line
	.byte	19                              @ Abbrev [19] 0x24d7:0xe DW_TAG_member
	.long	.Linfo_string430                @ DW_AT_name
	.long	1164                            @ DW_AT_type
	.byte	9                               @ DW_AT_decl_file
	.short	480                             @ DW_AT_decl_line
	.byte	3                               @ DW_AT_bit_size
	.byte	0                               @ DW_AT_data_bit_offset
	.byte	19                              @ Abbrev [19] 0x24e5:0xe DW_TAG_member
	.long	.Linfo_string78                 @ DW_AT_name
	.long	1164                            @ DW_AT_type
	.byte	9                               @ DW_AT_decl_file
	.short	481                             @ DW_AT_decl_line
	.byte	1                               @ DW_AT_bit_size
	.byte	3                               @ DW_AT_data_bit_offset
	.byte	19                              @ Abbrev [19] 0x24f3:0xe DW_TAG_member
	.long	.Linfo_string431                @ DW_AT_name
	.long	1164                            @ DW_AT_type
	.byte	9                               @ DW_AT_decl_file
	.short	482                             @ DW_AT_decl_line
	.byte	3                               @ DW_AT_bit_size
	.byte	4                               @ DW_AT_data_bit_offset
	.byte	19                              @ Abbrev [19] 0x2501:0xe DW_TAG_member
	.long	.Linfo_string62                 @ DW_AT_name
	.long	1164                            @ DW_AT_type
	.byte	9                               @ DW_AT_decl_file
	.short	483                             @ DW_AT_decl_line
	.byte	1                               @ DW_AT_bit_size
	.byte	7                               @ DW_AT_data_bit_offset
	.byte	19                              @ Abbrev [19] 0x250f:0xe DW_TAG_member
	.long	.Linfo_string432                @ DW_AT_name
	.long	1164                            @ DW_AT_type
	.byte	9                               @ DW_AT_decl_file
	.short	484                             @ DW_AT_decl_line
	.byte	3                               @ DW_AT_bit_size
	.byte	8                               @ DW_AT_data_bit_offset
	.byte	19                              @ Abbrev [19] 0x251d:0xe DW_TAG_member
	.long	.Linfo_string66                 @ DW_AT_name
	.long	1164                            @ DW_AT_type
	.byte	9                               @ DW_AT_decl_file
	.short	485                             @ DW_AT_decl_line
	.byte	21                              @ DW_AT_bit_size
	.byte	11                              @ DW_AT_data_bit_offset
	.byte	0                               @ End Of Children Mark
	.byte	17                              @ Abbrev [17] 0x252c:0x5 DW_TAG_volatile_type
	.long	9521                            @ DW_AT_type
	.byte	12                              @ Abbrev [12] 0x2531:0xc DW_TAG_typedef
	.long	9533                            @ DW_AT_type
	.long	.Linfo_string441                @ DW_AT_name
	.byte	9                               @ DW_AT_decl_file
	.short	496                             @ DW_AT_decl_line
	.byte	18                              @ Abbrev [18] 0x253d:0x5a DW_TAG_structure_type
	.byte	4                               @ DW_AT_byte_size
	.byte	9                               @ DW_AT_decl_file
	.short	488                             @ DW_AT_decl_line
	.byte	19                              @ Abbrev [19] 0x2542:0xe DW_TAG_member
	.long	.Linfo_string436                @ DW_AT_name
	.long	1164                            @ DW_AT_type
	.byte	9                               @ DW_AT_decl_file
	.short	490                             @ DW_AT_decl_line
	.byte	1                               @ DW_AT_bit_size
	.byte	0                               @ DW_AT_data_bit_offset
	.byte	19                              @ Abbrev [19] 0x2550:0xe DW_TAG_member
	.long	.Linfo_string437                @ DW_AT_name
	.long	1164                            @ DW_AT_type
	.byte	9                               @ DW_AT_decl_file
	.short	491                             @ DW_AT_decl_line
	.byte	1                               @ DW_AT_bit_size
	.byte	1                               @ DW_AT_data_bit_offset
	.byte	19                              @ Abbrev [19] 0x255e:0xe DW_TAG_member
	.long	.Linfo_string438                @ DW_AT_name
	.long	1164                            @ DW_AT_type
	.byte	9                               @ DW_AT_decl_file
	.short	492                             @ DW_AT_decl_line
	.byte	1                               @ DW_AT_bit_size
	.byte	2                               @ DW_AT_data_bit_offset
	.byte	19                              @ Abbrev [19] 0x256c:0xe DW_TAG_member
	.long	.Linfo_string439                @ DW_AT_name
	.long	1164                            @ DW_AT_type
	.byte	9                               @ DW_AT_decl_file
	.short	493                             @ DW_AT_decl_line
	.byte	1                               @ DW_AT_bit_size
	.byte	3                               @ DW_AT_data_bit_offset
	.byte	19                              @ Abbrev [19] 0x257a:0xe DW_TAG_member
	.long	.Linfo_string440                @ DW_AT_name
	.long	1164                            @ DW_AT_type
	.byte	9                               @ DW_AT_decl_file
	.short	494                             @ DW_AT_decl_line
	.byte	1                               @ DW_AT_bit_size
	.byte	4                               @ DW_AT_data_bit_offset
	.byte	19                              @ Abbrev [19] 0x2588:0xe DW_TAG_member
	.long	.Linfo_string66                 @ DW_AT_name
	.long	1164                            @ DW_AT_type
	.byte	9                               @ DW_AT_decl_file
	.short	495                             @ DW_AT_decl_line
	.byte	27                              @ DW_AT_bit_size
	.byte	5                               @ DW_AT_data_bit_offset
	.byte	0                               @ End Of Children Mark
	.byte	17                              @ Abbrev [17] 0x2597:0x5 DW_TAG_volatile_type
	.long	9628                            @ DW_AT_type
	.byte	12                              @ Abbrev [12] 0x259c:0xc DW_TAG_typedef
	.long	9640                            @ DW_AT_type
	.long	.Linfo_string449                @ DW_AT_name
	.byte	9                               @ DW_AT_decl_file
	.short	506                             @ DW_AT_decl_line
	.byte	18                              @ Abbrev [18] 0x25a8:0x5a DW_TAG_structure_type
	.byte	4                               @ DW_AT_byte_size
	.byte	9                               @ DW_AT_decl_file
	.short	498                             @ DW_AT_decl_line
	.byte	19                              @ Abbrev [19] 0x25ad:0xe DW_TAG_member
	.long	.Linfo_string444                @ DW_AT_name
	.long	1164                            @ DW_AT_type
	.byte	9                               @ DW_AT_decl_file
	.short	500                             @ DW_AT_decl_line
	.byte	1                               @ DW_AT_bit_size
	.byte	0                               @ DW_AT_data_bit_offset
	.byte	19                              @ Abbrev [19] 0x25bb:0xe DW_TAG_member
	.long	.Linfo_string445                @ DW_AT_name
	.long	1164                            @ DW_AT_type
	.byte	9                               @ DW_AT_decl_file
	.short	501                             @ DW_AT_decl_line
	.byte	1                               @ DW_AT_bit_size
	.byte	1                               @ DW_AT_data_bit_offset
	.byte	19                              @ Abbrev [19] 0x25c9:0xe DW_TAG_member
	.long	.Linfo_string446                @ DW_AT_name
	.long	1164                            @ DW_AT_type
	.byte	9                               @ DW_AT_decl_file
	.short	502                             @ DW_AT_decl_line
	.byte	1                               @ DW_AT_bit_size
	.byte	2                               @ DW_AT_data_bit_offset
	.byte	19                              @ Abbrev [19] 0x25d7:0xe DW_TAG_member
	.long	.Linfo_string447                @ DW_AT_name
	.long	1164                            @ DW_AT_type
	.byte	9                               @ DW_AT_decl_file
	.short	503                             @ DW_AT_decl_line
	.byte	1                               @ DW_AT_bit_size
	.byte	3                               @ DW_AT_data_bit_offset
	.byte	19                              @ Abbrev [19] 0x25e5:0xe DW_TAG_member
	.long	.Linfo_string448                @ DW_AT_name
	.long	1164                            @ DW_AT_type
	.byte	9                               @ DW_AT_decl_file
	.short	504                             @ DW_AT_decl_line
	.byte	1                               @ DW_AT_bit_size
	.byte	4                               @ DW_AT_data_bit_offset
	.byte	19                              @ Abbrev [19] 0x25f3:0xe DW_TAG_member
	.long	.Linfo_string66                 @ DW_AT_name
	.long	1164                            @ DW_AT_type
	.byte	9                               @ DW_AT_decl_file
	.short	505                             @ DW_AT_decl_line
	.byte	27                              @ DW_AT_bit_size
	.byte	5                               @ DW_AT_data_bit_offset
	.byte	0                               @ End Of Children Mark
	.byte	17                              @ Abbrev [17] 0x2602:0x5 DW_TAG_volatile_type
	.long	9735                            @ DW_AT_type
	.byte	12                              @ Abbrev [12] 0x2607:0xc DW_TAG_typedef
	.long	9747                            @ DW_AT_type
	.long	.Linfo_string457                @ DW_AT_name
	.byte	9                               @ DW_AT_decl_file
	.short	516                             @ DW_AT_decl_line
	.byte	18                              @ Abbrev [18] 0x2613:0x5a DW_TAG_structure_type
	.byte	4                               @ DW_AT_byte_size
	.byte	9                               @ DW_AT_decl_file
	.short	508                             @ DW_AT_decl_line
	.byte	19                              @ Abbrev [19] 0x2618:0xe DW_TAG_member
	.long	.Linfo_string452                @ DW_AT_name
	.long	1164                            @ DW_AT_type
	.byte	9                               @ DW_AT_decl_file
	.short	510                             @ DW_AT_decl_line
	.byte	1                               @ DW_AT_bit_size
	.byte	0                               @ DW_AT_data_bit_offset
	.byte	19                              @ Abbrev [19] 0x2626:0xe DW_TAG_member
	.long	.Linfo_string453                @ DW_AT_name
	.long	1164                            @ DW_AT_type
	.byte	9                               @ DW_AT_decl_file
	.short	511                             @ DW_AT_decl_line
	.byte	1                               @ DW_AT_bit_size
	.byte	1                               @ DW_AT_data_bit_offset
	.byte	19                              @ Abbrev [19] 0x2634:0xe DW_TAG_member
	.long	.Linfo_string454                @ DW_AT_name
	.long	1164                            @ DW_AT_type
	.byte	9                               @ DW_AT_decl_file
	.short	512                             @ DW_AT_decl_line
	.byte	1                               @ DW_AT_bit_size
	.byte	2                               @ DW_AT_data_bit_offset
	.byte	19                              @ Abbrev [19] 0x2642:0xe DW_TAG_member
	.long	.Linfo_string455                @ DW_AT_name
	.long	1164                            @ DW_AT_type
	.byte	9                               @ DW_AT_decl_file
	.short	513                             @ DW_AT_decl_line
	.byte	1                               @ DW_AT_bit_size
	.byte	3                               @ DW_AT_data_bit_offset
	.byte	19                              @ Abbrev [19] 0x2650:0xe DW_TAG_member
	.long	.Linfo_string456                @ DW_AT_name
	.long	1164                            @ DW_AT_type
	.byte	9                               @ DW_AT_decl_file
	.short	514                             @ DW_AT_decl_line
	.byte	1                               @ DW_AT_bit_size
	.byte	4                               @ DW_AT_data_bit_offset
	.byte	19                              @ Abbrev [19] 0x265e:0xe DW_TAG_member
	.long	.Linfo_string66                 @ DW_AT_name
	.long	1164                            @ DW_AT_type
	.byte	9                               @ DW_AT_decl_file
	.short	515                             @ DW_AT_decl_line
	.byte	27                              @ DW_AT_bit_size
	.byte	5                               @ DW_AT_data_bit_offset
	.byte	0                               @ End Of Children Mark
	.byte	17                              @ Abbrev [17] 0x266d:0x5 DW_TAG_volatile_type
	.long	9842                            @ DW_AT_type
	.byte	12                              @ Abbrev [12] 0x2672:0xc DW_TAG_typedef
	.long	9854                            @ DW_AT_type
	.long	.Linfo_string465                @ DW_AT_name
	.byte	9                               @ DW_AT_decl_file
	.short	526                             @ DW_AT_decl_line
	.byte	18                              @ Abbrev [18] 0x267e:0x5a DW_TAG_structure_type
	.byte	4                               @ DW_AT_byte_size
	.byte	9                               @ DW_AT_decl_file
	.short	518                             @ DW_AT_decl_line
	.byte	19                              @ Abbrev [19] 0x2683:0xe DW_TAG_member
	.long	.Linfo_string460                @ DW_AT_name
	.long	1164                            @ DW_AT_type
	.byte	9                               @ DW_AT_decl_file
	.short	520                             @ DW_AT_decl_line
	.byte	1                               @ DW_AT_bit_size
	.byte	0                               @ DW_AT_data_bit_offset
	.byte	19                              @ Abbrev [19] 0x2691:0xe DW_TAG_member
	.long	.Linfo_string461                @ DW_AT_name
	.long	1164                            @ DW_AT_type
	.byte	9                               @ DW_AT_decl_file
	.short	521                             @ DW_AT_decl_line
	.byte	1                               @ DW_AT_bit_size
	.byte	1                               @ DW_AT_data_bit_offset
	.byte	19                              @ Abbrev [19] 0x269f:0xe DW_TAG_member
	.long	.Linfo_string462                @ DW_AT_name
	.long	1164                            @ DW_AT_type
	.byte	9                               @ DW_AT_decl_file
	.short	522                             @ DW_AT_decl_line
	.byte	1                               @ DW_AT_bit_size
	.byte	2                               @ DW_AT_data_bit_offset
	.byte	19                              @ Abbrev [19] 0x26ad:0xe DW_TAG_member
	.long	.Linfo_string463                @ DW_AT_name
	.long	1164                            @ DW_AT_type
	.byte	9                               @ DW_AT_decl_file
	.short	523                             @ DW_AT_decl_line
	.byte	1                               @ DW_AT_bit_size
	.byte	3                               @ DW_AT_data_bit_offset
	.byte	19                              @ Abbrev [19] 0x26bb:0xe DW_TAG_member
	.long	.Linfo_string464                @ DW_AT_name
	.long	1164                            @ DW_AT_type
	.byte	9                               @ DW_AT_decl_file
	.short	524                             @ DW_AT_decl_line
	.byte	1                               @ DW_AT_bit_size
	.byte	4                               @ DW_AT_data_bit_offset
	.byte	19                              @ Abbrev [19] 0x26c9:0xe DW_TAG_member
	.long	.Linfo_string66                 @ DW_AT_name
	.long	1164                            @ DW_AT_type
	.byte	9                               @ DW_AT_decl_file
	.short	525                             @ DW_AT_decl_line
	.byte	27                              @ DW_AT_bit_size
	.byte	5                               @ DW_AT_data_bit_offset
	.byte	0                               @ End Of Children Mark
	.byte	17                              @ Abbrev [17] 0x26d8:0x5 DW_TAG_volatile_type
	.long	9949                            @ DW_AT_type
	.byte	12                              @ Abbrev [12] 0x26dd:0xc DW_TAG_typedef
	.long	9961                            @ DW_AT_type
	.long	.Linfo_string472                @ DW_AT_name
	.byte	9                               @ DW_AT_decl_file
	.short	536                             @ DW_AT_decl_line
	.byte	18                              @ Abbrev [18] 0x26e9:0x5a DW_TAG_structure_type
	.byte	4                               @ DW_AT_byte_size
	.byte	9                               @ DW_AT_decl_file
	.short	528                             @ DW_AT_decl_line
	.byte	19                              @ Abbrev [19] 0x26ee:0xe DW_TAG_member
	.long	.Linfo_string468                @ DW_AT_name
	.long	1164                            @ DW_AT_type
	.byte	9                               @ DW_AT_decl_file
	.short	530                             @ DW_AT_decl_line
	.byte	1                               @ DW_AT_bit_size
	.byte	0                               @ DW_AT_data_bit_offset
	.byte	19                              @ Abbrev [19] 0x26fc:0xe DW_TAG_member
	.long	.Linfo_string469                @ DW_AT_name
	.long	1164                            @ DW_AT_type
	.byte	9                               @ DW_AT_decl_file
	.short	531                             @ DW_AT_decl_line
	.byte	1                               @ DW_AT_bit_size
	.byte	1                               @ DW_AT_data_bit_offset
	.byte	19                              @ Abbrev [19] 0x270a:0xe DW_TAG_member
	.long	.Linfo_string62                 @ DW_AT_name
	.long	1164                            @ DW_AT_type
	.byte	9                               @ DW_AT_decl_file
	.short	532                             @ DW_AT_decl_line
	.byte	2                               @ DW_AT_bit_size
	.byte	2                               @ DW_AT_data_bit_offset
	.byte	19                              @ Abbrev [19] 0x2718:0xe DW_TAG_member
	.long	.Linfo_string470                @ DW_AT_name
	.long	1164                            @ DW_AT_type
	.byte	9                               @ DW_AT_decl_file
	.short	533                             @ DW_AT_decl_line
	.byte	4                               @ DW_AT_bit_size
	.byte	4                               @ DW_AT_data_bit_offset
	.byte	19                              @ Abbrev [19] 0x2726:0xe DW_TAG_member
	.long	.Linfo_string471                @ DW_AT_name
	.long	1164                            @ DW_AT_type
	.byte	9                               @ DW_AT_decl_file
	.short	534                             @ DW_AT_decl_line
	.byte	2                               @ DW_AT_bit_size
	.byte	8                               @ DW_AT_data_bit_offset
	.byte	19                              @ Abbrev [19] 0x2734:0xe DW_TAG_member
	.long	.Linfo_string66                 @ DW_AT_name
	.long	1164                            @ DW_AT_type
	.byte	9                               @ DW_AT_decl_file
	.short	535                             @ DW_AT_decl_line
	.byte	22                              @ DW_AT_bit_size
	.byte	10                              @ DW_AT_data_bit_offset
	.byte	0                               @ End Of Children Mark
	.byte	17                              @ Abbrev [17] 0x2743:0x5 DW_TAG_volatile_type
	.long	10056                           @ DW_AT_type
	.byte	12                              @ Abbrev [12] 0x2748:0xc DW_TAG_typedef
	.long	10068                           @ DW_AT_type
	.long	.Linfo_string477                @ DW_AT_name
	.byte	9                               @ DW_AT_decl_file
	.short	544                             @ DW_AT_decl_line
	.byte	18                              @ Abbrev [18] 0x2754:0x3e DW_TAG_structure_type
	.byte	4                               @ DW_AT_byte_size
	.byte	9                               @ DW_AT_decl_file
	.short	538                             @ DW_AT_decl_line
	.byte	19                              @ Abbrev [19] 0x2759:0xe DW_TAG_member
	.long	.Linfo_string475                @ DW_AT_name
	.long	1164                            @ DW_AT_type
	.byte	9                               @ DW_AT_decl_file
	.short	540                             @ DW_AT_decl_line
	.byte	14                              @ DW_AT_bit_size
	.byte	0                               @ DW_AT_data_bit_offset
	.byte	19                              @ Abbrev [19] 0x2767:0xe DW_TAG_member
	.long	.Linfo_string62                 @ DW_AT_name
	.long	1164                            @ DW_AT_type
	.byte	9                               @ DW_AT_decl_file
	.short	541                             @ DW_AT_decl_line
	.byte	2                               @ DW_AT_bit_size
	.byte	14                              @ DW_AT_data_bit_offset
	.byte	19                              @ Abbrev [19] 0x2775:0xe DW_TAG_member
	.long	.Linfo_string476                @ DW_AT_name
	.long	1164                            @ DW_AT_type
	.byte	9                               @ DW_AT_decl_file
	.short	542                             @ DW_AT_decl_line
	.byte	14                              @ DW_AT_bit_size
	.byte	16                              @ DW_AT_data_bit_offset
	.byte	19                              @ Abbrev [19] 0x2783:0xe DW_TAG_member
	.long	.Linfo_string66                 @ DW_AT_name
	.long	1164                            @ DW_AT_type
	.byte	9                               @ DW_AT_decl_file
	.short	543                             @ DW_AT_decl_line
	.byte	2                               @ DW_AT_bit_size
	.byte	30                              @ DW_AT_data_bit_offset
	.byte	0                               @ End Of Children Mark
	.byte	17                              @ Abbrev [17] 0x2792:0x5 DW_TAG_volatile_type
	.long	10135                           @ DW_AT_type
	.byte	12                              @ Abbrev [12] 0x2797:0xc DW_TAG_typedef
	.long	10147                           @ DW_AT_type
	.long	.Linfo_string481                @ DW_AT_name
	.byte	9                               @ DW_AT_decl_file
	.short	550                             @ DW_AT_decl_line
	.byte	18                              @ Abbrev [18] 0x27a3:0x22 DW_TAG_structure_type
	.byte	4                               @ DW_AT_byte_size
	.byte	9                               @ DW_AT_decl_file
	.short	546                             @ DW_AT_decl_line
	.byte	19                              @ Abbrev [19] 0x27a8:0xe DW_TAG_member
	.long	.Linfo_string480                @ DW_AT_name
	.long	1164                            @ DW_AT_type
	.byte	9                               @ DW_AT_decl_file
	.short	548                             @ DW_AT_decl_line
	.byte	1                               @ DW_AT_bit_size
	.byte	0                               @ DW_AT_data_bit_offset
	.byte	19                              @ Abbrev [19] 0x27b6:0xe DW_TAG_member
	.long	.Linfo_string66                 @ DW_AT_name
	.long	1164                            @ DW_AT_type
	.byte	9                               @ DW_AT_decl_file
	.short	549                             @ DW_AT_decl_line
	.byte	31                              @ DW_AT_bit_size
	.byte	1                               @ DW_AT_data_bit_offset
	.byte	0                               @ End Of Children Mark
	.byte	17                              @ Abbrev [17] 0x27c5:0x5 DW_TAG_volatile_type
	.long	10186                           @ DW_AT_type
	.byte	12                              @ Abbrev [12] 0x27ca:0xc DW_TAG_typedef
	.long	10198                           @ DW_AT_type
	.long	.Linfo_string485                @ DW_AT_name
	.byte	9                               @ DW_AT_decl_file
	.short	556                             @ DW_AT_decl_line
	.byte	18                              @ Abbrev [18] 0x27d6:0x22 DW_TAG_structure_type
	.byte	4                               @ DW_AT_byte_size
	.byte	9                               @ DW_AT_decl_file
	.short	552                             @ DW_AT_decl_line
	.byte	19                              @ Abbrev [19] 0x27db:0xe DW_TAG_member
	.long	.Linfo_string484                @ DW_AT_name
	.long	1164                            @ DW_AT_type
	.byte	9                               @ DW_AT_decl_file
	.short	554                             @ DW_AT_decl_line
	.byte	1                               @ DW_AT_bit_size
	.byte	0                               @ DW_AT_data_bit_offset
	.byte	19                              @ Abbrev [19] 0x27e9:0xe DW_TAG_member
	.long	.Linfo_string66                 @ DW_AT_name
	.long	1164                            @ DW_AT_type
	.byte	9                               @ DW_AT_decl_file
	.short	555                             @ DW_AT_decl_line
	.byte	31                              @ DW_AT_bit_size
	.byte	1                               @ DW_AT_data_bit_offset
	.byte	0                               @ End Of Children Mark
	.byte	17                              @ Abbrev [17] 0x27f8:0x5 DW_TAG_volatile_type
	.long	10237                           @ DW_AT_type
	.byte	12                              @ Abbrev [12] 0x27fd:0xc DW_TAG_typedef
	.long	10249                           @ DW_AT_type
	.long	.Linfo_string495                @ DW_AT_name
	.byte	9                               @ DW_AT_decl_file
	.short	572                             @ DW_AT_decl_line
	.byte	18                              @ Abbrev [18] 0x2809:0xae DW_TAG_structure_type
	.byte	4                               @ DW_AT_byte_size
	.byte	9                               @ DW_AT_decl_file
	.short	558                             @ DW_AT_decl_line
	.byte	19                              @ Abbrev [19] 0x280e:0xe DW_TAG_member
	.long	.Linfo_string488                @ DW_AT_name
	.long	1164                            @ DW_AT_type
	.byte	9                               @ DW_AT_decl_file
	.short	560                             @ DW_AT_decl_line
	.byte	1                               @ DW_AT_bit_size
	.byte	0                               @ DW_AT_data_bit_offset
	.byte	19                              @ Abbrev [19] 0x281c:0xe DW_TAG_member
	.long	.Linfo_string489                @ DW_AT_name
	.long	1164                            @ DW_AT_type
	.byte	9                               @ DW_AT_decl_file
	.short	561                             @ DW_AT_decl_line
	.byte	1                               @ DW_AT_bit_size
	.byte	1                               @ DW_AT_data_bit_offset
	.byte	19                              @ Abbrev [19] 0x282a:0xe DW_TAG_member
	.long	.Linfo_string275                @ DW_AT_name
	.long	1164                            @ DW_AT_type
	.byte	9                               @ DW_AT_decl_file
	.short	562                             @ DW_AT_decl_line
	.byte	2                               @ DW_AT_bit_size
	.byte	2                               @ DW_AT_data_bit_offset
	.byte	19                              @ Abbrev [19] 0x2838:0xe DW_TAG_member
	.long	.Linfo_string490                @ DW_AT_name
	.long	1164                            @ DW_AT_type
	.byte	9                               @ DW_AT_decl_file
	.short	563                             @ DW_AT_decl_line
	.byte	1                               @ DW_AT_bit_size
	.byte	4                               @ DW_AT_data_bit_offset
	.byte	19                              @ Abbrev [19] 0x2846:0xe DW_TAG_member
	.long	.Linfo_string162                @ DW_AT_name
	.long	1164                            @ DW_AT_type
	.byte	9                               @ DW_AT_decl_file
	.short	564                             @ DW_AT_decl_line
	.byte	3                               @ DW_AT_bit_size
	.byte	5                               @ DW_AT_data_bit_offset
	.byte	19                              @ Abbrev [19] 0x2854:0xe DW_TAG_member
	.long	.Linfo_string491                @ DW_AT_name
	.long	1164                            @ DW_AT_type
	.byte	9                               @ DW_AT_decl_file
	.short	565                             @ DW_AT_decl_line
	.byte	1                               @ DW_AT_bit_size
	.byte	8                               @ DW_AT_data_bit_offset
	.byte	19                              @ Abbrev [19] 0x2862:0xe DW_TAG_member
	.long	.Linfo_string78                 @ DW_AT_name
	.long	1164                            @ DW_AT_type
	.byte	9                               @ DW_AT_decl_file
	.short	566                             @ DW_AT_decl_line
	.byte	3                               @ DW_AT_bit_size
	.byte	9                               @ DW_AT_data_bit_offset
	.byte	19                              @ Abbrev [19] 0x2870:0xe DW_TAG_member
	.long	.Linfo_string492                @ DW_AT_name
	.long	1164                            @ DW_AT_type
	.byte	9                               @ DW_AT_decl_file
	.short	567                             @ DW_AT_decl_line
	.byte	6                               @ DW_AT_bit_size
	.byte	12                              @ DW_AT_data_bit_offset
	.byte	19                              @ Abbrev [19] 0x287e:0xe DW_TAG_member
	.long	.Linfo_string62                 @ DW_AT_name
	.long	1164                            @ DW_AT_type
	.byte	9                               @ DW_AT_decl_file
	.short	568                             @ DW_AT_decl_line
	.byte	2                               @ DW_AT_bit_size
	.byte	18                              @ DW_AT_data_bit_offset
	.byte	19                              @ Abbrev [19] 0x288c:0xe DW_TAG_member
	.long	.Linfo_string493                @ DW_AT_name
	.long	1164                            @ DW_AT_type
	.byte	9                               @ DW_AT_decl_file
	.short	569                             @ DW_AT_decl_line
	.byte	1                               @ DW_AT_bit_size
	.byte	20                              @ DW_AT_data_bit_offset
	.byte	19                              @ Abbrev [19] 0x289a:0xe DW_TAG_member
	.long	.Linfo_string494                @ DW_AT_name
	.long	1164                            @ DW_AT_type
	.byte	9                               @ DW_AT_decl_file
	.short	570                             @ DW_AT_decl_line
	.byte	1                               @ DW_AT_bit_size
	.byte	21                              @ DW_AT_data_bit_offset
	.byte	19                              @ Abbrev [19] 0x28a8:0xe DW_TAG_member
	.long	.Linfo_string66                 @ DW_AT_name
	.long	1164                            @ DW_AT_type
	.byte	9                               @ DW_AT_decl_file
	.short	571                             @ DW_AT_decl_line
	.byte	10                              @ DW_AT_bit_size
	.byte	22                              @ DW_AT_data_bit_offset
	.byte	0                               @ End Of Children Mark
	.byte	17                              @ Abbrev [17] 0x28b7:0x5 DW_TAG_volatile_type
	.long	10428                           @ DW_AT_type
	.byte	12                              @ Abbrev [12] 0x28bc:0xc DW_TAG_typedef
	.long	10440                           @ DW_AT_type
	.long	.Linfo_string499                @ DW_AT_name
	.byte	9                               @ DW_AT_decl_file
	.short	578                             @ DW_AT_decl_line
	.byte	18                              @ Abbrev [18] 0x28c8:0x22 DW_TAG_structure_type
	.byte	4                               @ DW_AT_byte_size
	.byte	9                               @ DW_AT_decl_file
	.short	574                             @ DW_AT_decl_line
	.byte	19                              @ Abbrev [19] 0x28cd:0xe DW_TAG_member
	.long	.Linfo_string498                @ DW_AT_name
	.long	1164                            @ DW_AT_type
	.byte	9                               @ DW_AT_decl_file
	.short	576                             @ DW_AT_decl_line
	.byte	13                              @ DW_AT_bit_size
	.byte	0                               @ DW_AT_data_bit_offset
	.byte	19                              @ Abbrev [19] 0x28db:0xe DW_TAG_member
	.long	.Linfo_string66                 @ DW_AT_name
	.long	1164                            @ DW_AT_type
	.byte	9                               @ DW_AT_decl_file
	.short	577                             @ DW_AT_decl_line
	.byte	19                              @ DW_AT_bit_size
	.byte	13                              @ DW_AT_data_bit_offset
	.byte	0                               @ End Of Children Mark
	.byte	17                              @ Abbrev [17] 0x28ea:0x5 DW_TAG_volatile_type
	.long	10479                           @ DW_AT_type
	.byte	12                              @ Abbrev [12] 0x28ef:0xc DW_TAG_typedef
	.long	10491                           @ DW_AT_type
	.long	.Linfo_string505                @ DW_AT_name
	.byte	9                               @ DW_AT_decl_file
	.short	587                             @ DW_AT_decl_line
	.byte	18                              @ Abbrev [18] 0x28fb:0x4c DW_TAG_structure_type
	.byte	4                               @ DW_AT_byte_size
	.byte	9                               @ DW_AT_decl_file
	.short	580                             @ DW_AT_decl_line
	.byte	19                              @ Abbrev [19] 0x2900:0xe DW_TAG_member
	.long	.Linfo_string502                @ DW_AT_name
	.long	1164                            @ DW_AT_type
	.byte	9                               @ DW_AT_decl_file
	.short	582                             @ DW_AT_decl_line
	.byte	1                               @ DW_AT_bit_size
	.byte	0                               @ DW_AT_data_bit_offset
	.byte	19                              @ Abbrev [19] 0x290e:0xe DW_TAG_member
	.long	.Linfo_string503                @ DW_AT_name
	.long	1164                            @ DW_AT_type
	.byte	9                               @ DW_AT_decl_file
	.short	583                             @ DW_AT_decl_line
	.byte	2                               @ DW_AT_bit_size
	.byte	1                               @ DW_AT_data_bit_offset
	.byte	19                              @ Abbrev [19] 0x291c:0xe DW_TAG_member
	.long	.Linfo_string62                 @ DW_AT_name
	.long	1164                            @ DW_AT_type
	.byte	9                               @ DW_AT_decl_file
	.short	584                             @ DW_AT_decl_line
	.byte	1                               @ DW_AT_bit_size
	.byte	3                               @ DW_AT_data_bit_offset
	.byte	19                              @ Abbrev [19] 0x292a:0xe DW_TAG_member
	.long	.Linfo_string504                @ DW_AT_name
	.long	1164                            @ DW_AT_type
	.byte	9                               @ DW_AT_decl_file
	.short	585                             @ DW_AT_decl_line
	.byte	1                               @ DW_AT_bit_size
	.byte	4                               @ DW_AT_data_bit_offset
	.byte	19                              @ Abbrev [19] 0x2938:0xe DW_TAG_member
	.long	.Linfo_string66                 @ DW_AT_name
	.long	1164                            @ DW_AT_type
	.byte	9                               @ DW_AT_decl_file
	.short	586                             @ DW_AT_decl_line
	.byte	27                              @ DW_AT_bit_size
	.byte	5                               @ DW_AT_data_bit_offset
	.byte	0                               @ End Of Children Mark
	.byte	20                              @ Abbrev [20] 0x2947:0xc DW_TAG_array_type
	.long	78                              @ DW_AT_type
	.byte	21                              @ Abbrev [21] 0x294c:0x6 DW_TAG_subrange_type
	.long	2744                            @ DW_AT_type
	.byte	39                              @ DW_AT_count
	.byte	0                               @ End Of Children Mark
	.byte	17                              @ Abbrev [17] 0x2953:0x5 DW_TAG_volatile_type
	.long	10584                           @ DW_AT_type
	.byte	12                              @ Abbrev [12] 0x2958:0xc DW_TAG_typedef
	.long	10596                           @ DW_AT_type
	.long	.Linfo_string508                @ DW_AT_name
	.byte	9                               @ DW_AT_decl_file
	.short	592                             @ DW_AT_decl_line
	.byte	18                              @ Abbrev [18] 0x2964:0x14 DW_TAG_structure_type
	.byte	4                               @ DW_AT_byte_size
	.byte	9                               @ DW_AT_decl_file
	.short	589                             @ DW_AT_decl_line
	.byte	19                              @ Abbrev [19] 0x2969:0xe DW_TAG_member
	.long	.Linfo_string506                @ DW_AT_name
	.long	1164                            @ DW_AT_type
	.byte	9                               @ DW_AT_decl_file
	.short	591                             @ DW_AT_decl_line
	.byte	32                              @ DW_AT_bit_size
	.byte	0                               @ DW_AT_data_bit_offset
	.byte	0                               @ End Of Children Mark
	.byte	17                              @ Abbrev [17] 0x2978:0x5 DW_TAG_volatile_type
	.long	10621                           @ DW_AT_type
	.byte	12                              @ Abbrev [12] 0x297d:0xc DW_TAG_typedef
	.long	10633                           @ DW_AT_type
	.long	.Linfo_string511                @ DW_AT_name
	.byte	9                               @ DW_AT_decl_file
	.short	597                             @ DW_AT_decl_line
	.byte	18                              @ Abbrev [18] 0x2989:0x14 DW_TAG_structure_type
	.byte	4                               @ DW_AT_byte_size
	.byte	9                               @ DW_AT_decl_file
	.short	594                             @ DW_AT_decl_line
	.byte	19                              @ Abbrev [19] 0x298e:0xe DW_TAG_member
	.long	.Linfo_string509                @ DW_AT_name
	.long	1164                            @ DW_AT_type
	.byte	9                               @ DW_AT_decl_file
	.short	596                             @ DW_AT_decl_line
	.byte	32                              @ DW_AT_bit_size
	.byte	0                               @ DW_AT_data_bit_offset
	.byte	0                               @ End Of Children Mark
	.byte	17                              @ Abbrev [17] 0x299d:0x5 DW_TAG_volatile_type
	.long	10658                           @ DW_AT_type
	.byte	12                              @ Abbrev [12] 0x29a2:0xc DW_TAG_typedef
	.long	10670                           @ DW_AT_type
	.long	.Linfo_string514                @ DW_AT_name
	.byte	9                               @ DW_AT_decl_file
	.short	603                             @ DW_AT_decl_line
	.byte	18                              @ Abbrev [18] 0x29ae:0x22 DW_TAG_structure_type
	.byte	4                               @ DW_AT_byte_size
	.byte	9                               @ DW_AT_decl_file
	.short	599                             @ DW_AT_decl_line
	.byte	19                              @ Abbrev [19] 0x29b3:0xe DW_TAG_member
	.long	.Linfo_string512                @ DW_AT_name
	.long	1164                            @ DW_AT_type
	.byte	9                               @ DW_AT_decl_file
	.short	601                             @ DW_AT_decl_line
	.byte	4                               @ DW_AT_bit_size
	.byte	0                               @ DW_AT_data_bit_offset
	.byte	19                              @ Abbrev [19] 0x29c1:0xe DW_TAG_member
	.long	.Linfo_string66                 @ DW_AT_name
	.long	1164                            @ DW_AT_type
	.byte	9                               @ DW_AT_decl_file
	.short	602                             @ DW_AT_decl_line
	.byte	28                              @ DW_AT_bit_size
	.byte	4                               @ DW_AT_data_bit_offset
	.byte	0                               @ End Of Children Mark
	.byte	17                              @ Abbrev [17] 0x29d0:0x5 DW_TAG_volatile_type
	.long	10709                           @ DW_AT_type
	.byte	12                              @ Abbrev [12] 0x29d5:0xc DW_TAG_typedef
	.long	10721                           @ DW_AT_type
	.long	.Linfo_string517                @ DW_AT_name
	.byte	9                               @ DW_AT_decl_file
	.short	609                             @ DW_AT_decl_line
	.byte	18                              @ Abbrev [18] 0x29e1:0x22 DW_TAG_structure_type
	.byte	4                               @ DW_AT_byte_size
	.byte	9                               @ DW_AT_decl_file
	.short	605                             @ DW_AT_decl_line
	.byte	19                              @ Abbrev [19] 0x29e6:0xe DW_TAG_member
	.long	.Linfo_string515                @ DW_AT_name
	.long	1164                            @ DW_AT_type
	.byte	9                               @ DW_AT_decl_file
	.short	607                             @ DW_AT_decl_line
	.byte	1                               @ DW_AT_bit_size
	.byte	0                               @ DW_AT_data_bit_offset
	.byte	19                              @ Abbrev [19] 0x29f4:0xe DW_TAG_member
	.long	.Linfo_string66                 @ DW_AT_name
	.long	1164                            @ DW_AT_type
	.byte	9                               @ DW_AT_decl_file
	.short	608                             @ DW_AT_decl_line
	.byte	31                              @ DW_AT_bit_size
	.byte	1                               @ DW_AT_data_bit_offset
	.byte	0                               @ End Of Children Mark
	.byte	3                               @ Abbrev [3] 0x2a03:0xb DW_TAG_typedef
	.long	10766                           @ DW_AT_type
	.long	.Linfo_string520                @ DW_AT_name
	.byte	1                               @ DW_AT_decl_file
	.byte	58                              @ DW_AT_decl_line
	.byte	7                               @ Abbrev [7] 0x2a0e:0x7 DW_TAG_base_type
	.long	.Linfo_string519                @ DW_AT_name
	.byte	5                               @ DW_AT_encoding
	.byte	4                               @ DW_AT_byte_size
	.byte	4                               @ Abbrev [4] 0x2a15:0x5 DW_TAG_pointer_type
	.long	10778                           @ DW_AT_type
	.byte	12                              @ Abbrev [12] 0x2a1a:0xc DW_TAG_typedef
	.long	10790                           @ DW_AT_type
	.long	.Linfo_string526                @ DW_AT_name
	.byte	10                              @ DW_AT_decl_file
	.short	318                             @ DW_AT_decl_line
	.byte	13                              @ Abbrev [13] 0x2a26:0x8f DW_TAG_structure_type
	.short	800                             @ DW_AT_byte_size
	.byte	10                              @ DW_AT_decl_file
	.short	306                             @ DW_AT_decl_line
	.byte	16                              @ Abbrev [16] 0x2a2c:0xd DW_TAG_member
	.long	.Linfo_string521                @ DW_AT_name
	.long	10933                           @ DW_AT_type
	.byte	10                              @ DW_AT_decl_file
	.short	308                             @ DW_AT_decl_line
	.byte	0                               @ DW_AT_data_member_location
	.byte	16                              @ Abbrev [16] 0x2a39:0xd DW_TAG_member
	.long	.Linfo_string66                 @ DW_AT_name
	.long	10945                           @ DW_AT_type
	.byte	10                              @ DW_AT_decl_file
	.short	309                             @ DW_AT_decl_line
	.byte	4                               @ DW_AT_data_member_location
	.byte	16                              @ Abbrev [16] 0x2a46:0xd DW_TAG_member
	.long	.Linfo_string522                @ DW_AT_name
	.long	10933                           @ DW_AT_type
	.byte	10                              @ DW_AT_decl_file
	.short	310                             @ DW_AT_decl_line
	.byte	128                             @ DW_AT_data_member_location
	.byte	16                              @ Abbrev [16] 0x2a53:0xd DW_TAG_member
	.long	.Linfo_string62                 @ DW_AT_name
	.long	10945                           @ DW_AT_type
	.byte	10                              @ DW_AT_decl_file
	.short	311                             @ DW_AT_decl_line
	.byte	132                             @ DW_AT_data_member_location
	.byte	28                              @ Abbrev [28] 0x2a60:0xe DW_TAG_member
	.long	.Linfo_string523                @ DW_AT_name
	.long	10933                           @ DW_AT_type
	.byte	10                              @ DW_AT_decl_file
	.short	312                             @ DW_AT_decl_line
	.short	256                             @ DW_AT_data_member_location
	.byte	28                              @ Abbrev [28] 0x2a6e:0xe DW_TAG_member
	.long	.Linfo_string78                 @ DW_AT_name
	.long	10945                           @ DW_AT_type
	.byte	10                              @ DW_AT_decl_file
	.short	313                             @ DW_AT_decl_line
	.short	260                             @ DW_AT_data_member_location
	.byte	28                              @ Abbrev [28] 0x2a7c:0xe DW_TAG_member
	.long	.Linfo_string524                @ DW_AT_name
	.long	10933                           @ DW_AT_type
	.byte	10                              @ DW_AT_decl_file
	.short	314                             @ DW_AT_decl_line
	.short	384                             @ DW_AT_data_member_location
	.byte	28                              @ Abbrev [28] 0x2a8a:0xe DW_TAG_member
	.long	.Linfo_string162                @ DW_AT_name
	.long	10945                           @ DW_AT_type
	.byte	10                              @ DW_AT_decl_file
	.short	315                             @ DW_AT_decl_line
	.short	388                             @ DW_AT_data_member_location
	.byte	28                              @ Abbrev [28] 0x2a98:0xe DW_TAG_member
	.long	.Linfo_string275                @ DW_AT_name
	.long	10957                           @ DW_AT_type
	.byte	10                              @ DW_AT_decl_file
	.short	316                             @ DW_AT_decl_line
	.short	512                             @ DW_AT_data_member_location
	.byte	28                              @ Abbrev [28] 0x2aa6:0xe DW_TAG_member
	.long	.Linfo_string525                @ DW_AT_name
	.long	10969                           @ DW_AT_type
	.byte	10                              @ DW_AT_decl_file
	.short	317                             @ DW_AT_decl_line
	.short	768                             @ DW_AT_data_member_location
	.byte	0                               @ End Of Children Mark
	.byte	20                              @ Abbrev [20] 0x2ab5:0xc DW_TAG_array_type
	.long	1164                            @ DW_AT_type
	.byte	21                              @ Abbrev [21] 0x2aba:0x6 DW_TAG_subrange_type
	.long	2744                            @ DW_AT_type
	.byte	1                               @ DW_AT_count
	.byte	0                               @ End Of Children Mark
	.byte	20                              @ Abbrev [20] 0x2ac1:0xc DW_TAG_array_type
	.long	78                              @ DW_AT_type
	.byte	21                              @ Abbrev [21] 0x2ac6:0x6 DW_TAG_subrange_type
	.long	2744                            @ DW_AT_type
	.byte	31                              @ DW_AT_count
	.byte	0                               @ End Of Children Mark
	.byte	20                              @ Abbrev [20] 0x2acd:0xc DW_TAG_array_type
	.long	78                              @ DW_AT_type
	.byte	21                              @ Abbrev [21] 0x2ad2:0x6 DW_TAG_subrange_type
	.long	2744                            @ DW_AT_type
	.byte	64                              @ DW_AT_count
	.byte	0                               @ End Of Children Mark
	.byte	20                              @ Abbrev [20] 0x2ad9:0xc DW_TAG_array_type
	.long	1164                            @ DW_AT_type
	.byte	21                              @ Abbrev [21] 0x2ade:0x6 DW_TAG_subrange_type
	.long	2744                            @ DW_AT_type
	.byte	8                               @ DW_AT_count
	.byte	0                               @ End Of Children Mark
	.byte	4                               @ Abbrev [4] 0x2ae5:0x5 DW_TAG_pointer_type
	.long	10986                           @ DW_AT_type
	.byte	12                              @ Abbrev [12] 0x2aea:0xc DW_TAG_typedef
	.long	10998                           @ DW_AT_type
	.long	.Linfo_string534                @ DW_AT_name
	.byte	10                              @ DW_AT_decl_file
	.short	343                             @ DW_AT_decl_line
	.byte	18                              @ Abbrev [18] 0x2af6:0x7b DW_TAG_structure_type
	.byte	40                              @ DW_AT_byte_size
	.byte	10                              @ DW_AT_decl_file
	.short	332                             @ DW_AT_decl_line
	.byte	16                              @ Abbrev [16] 0x2afb:0xd DW_TAG_member
	.long	.Linfo_string527                @ DW_AT_name
	.long	11121                           @ DW_AT_type
	.byte	10                              @ DW_AT_decl_file
	.short	334                             @ DW_AT_decl_line
	.byte	0                               @ DW_AT_data_member_location
	.byte	16                              @ Abbrev [16] 0x2b08:0xd DW_TAG_member
	.long	.Linfo_string528                @ DW_AT_name
	.long	1164                            @ DW_AT_type
	.byte	10                              @ DW_AT_decl_file
	.short	335                             @ DW_AT_decl_line
	.byte	4                               @ DW_AT_data_member_location
	.byte	16                              @ Abbrev [16] 0x2b15:0xd DW_TAG_member
	.long	.Linfo_string66                 @ DW_AT_name
	.long	78                              @ DW_AT_type
	.byte	10                              @ DW_AT_decl_file
	.short	336                             @ DW_AT_decl_line
	.byte	8                               @ DW_AT_data_member_location
	.byte	16                              @ Abbrev [16] 0x2b22:0xd DW_TAG_member
	.long	.Linfo_string529                @ DW_AT_name
	.long	1164                            @ DW_AT_type
	.byte	10                              @ DW_AT_decl_file
	.short	337                             @ DW_AT_decl_line
	.byte	12                              @ DW_AT_data_member_location
	.byte	16                              @ Abbrev [16] 0x2b2f:0xd DW_TAG_member
	.long	.Linfo_string530                @ DW_AT_name
	.long	1164                            @ DW_AT_type
	.byte	10                              @ DW_AT_decl_file
	.short	338                             @ DW_AT_decl_line
	.byte	16                              @ DW_AT_data_member_location
	.byte	16                              @ Abbrev [16] 0x2b3c:0xd DW_TAG_member
	.long	.Linfo_string531                @ DW_AT_name
	.long	1164                            @ DW_AT_type
	.byte	10                              @ DW_AT_decl_file
	.short	339                             @ DW_AT_decl_line
	.byte	20                              @ DW_AT_data_member_location
	.byte	16                              @ Abbrev [16] 0x2b49:0xd DW_TAG_member
	.long	.Linfo_string62                 @ DW_AT_name
	.long	78                              @ DW_AT_type
	.byte	10                              @ DW_AT_decl_file
	.short	340                             @ DW_AT_decl_line
	.byte	24                              @ DW_AT_data_member_location
	.byte	16                              @ Abbrev [16] 0x2b56:0xd DW_TAG_member
	.long	.Linfo_string532                @ DW_AT_name
	.long	11126                           @ DW_AT_type
	.byte	10                              @ DW_AT_decl_file
	.short	341                             @ DW_AT_decl_line
	.byte	28                              @ DW_AT_data_member_location
	.byte	16                              @ Abbrev [16] 0x2b63:0xd DW_TAG_member
	.long	.Linfo_string533                @ DW_AT_name
	.long	1164                            @ DW_AT_type
	.byte	10                              @ DW_AT_decl_file
	.short	342                             @ DW_AT_decl_line
	.byte	36                              @ DW_AT_data_member_location
	.byte	0                               @ End Of Children Mark
	.byte	29                              @ Abbrev [29] 0x2b71:0x5 DW_TAG_const_type
	.long	1164                            @ DW_AT_type
	.byte	20                              @ Abbrev [20] 0x2b76:0xc DW_TAG_array_type
	.long	1164                            @ DW_AT_type
	.byte	21                              @ Abbrev [21] 0x2b7b:0x6 DW_TAG_subrange_type
	.long	2744                            @ DW_AT_type
	.byte	2                               @ DW_AT_count
	.byte	0                               @ End Of Children Mark
	.byte	30                              @ Abbrev [30] 0x2b82:0x11 DW_TAG_subprogram
	.long	.Lfunc_begin0                   @ DW_AT_low_pc
	.long	.Lfunc_end0-.Lfunc_begin0       @ DW_AT_high_pc
	.byte	1                               @ DW_AT_frame_base
	.byte	93
                                        @ DW_AT_GNU_all_call_sites
	.long	.Linfo_string547                @ DW_AT_name
	.byte	3                               @ DW_AT_decl_file
	.byte	91                              @ DW_AT_decl_line
                                        @ DW_AT_prototyped
                                        @ DW_AT_external
	.byte	31                              @ Abbrev [31] 0x2b93:0x8 DW_TAG_subprogram
	.long	.Linfo_string535                @ DW_AT_name
	.byte	3                               @ DW_AT_decl_file
	.byte	32                              @ DW_AT_decl_line
                                        @ DW_AT_prototyped
	.byte	1                               @ DW_AT_inline
	.byte	32                              @ Abbrev [32] 0x2b9b:0x1f DW_TAG_subprogram
	.long	.Linfo_string536                @ DW_AT_name
	.byte	3                               @ DW_AT_decl_file
	.byte	51                              @ DW_AT_decl_line
                                        @ DW_AT_prototyped
	.byte	1                               @ DW_AT_inline
	.byte	33                              @ Abbrev [33] 0x2ba3:0xb DW_TAG_formal_parameter
	.long	.Linfo_string537                @ DW_AT_name
	.byte	3                               @ DW_AT_decl_file
	.byte	51                              @ DW_AT_decl_line
	.long	11194                           @ DW_AT_type
	.byte	33                              @ Abbrev [33] 0x2bae:0xb DW_TAG_formal_parameter
	.long	.Linfo_string539                @ DW_AT_name
	.byte	3                               @ DW_AT_decl_file
	.byte	51                              @ DW_AT_decl_line
	.long	11205                           @ DW_AT_type
	.byte	0                               @ End Of Children Mark
	.byte	3                               @ Abbrev [3] 0x2bba:0xb DW_TAG_typedef
	.long	310                             @ DW_AT_type
	.long	.Linfo_string538                @ DW_AT_name
	.byte	4                               @ DW_AT_decl_file
	.byte	89                              @ DW_AT_decl_line
	.byte	3                               @ Abbrev [3] 0x2bc5:0xb DW_TAG_typedef
	.long	96                              @ DW_AT_type
	.long	.Linfo_string540                @ DW_AT_name
	.byte	4                               @ DW_AT_decl_file
	.byte	46                              @ DW_AT_decl_line
	.byte	34                              @ Abbrev [34] 0x2bd0:0x22 DW_TAG_subprogram
	.long	.Linfo_string541                @ DW_AT_name
	.byte	10                              @ DW_AT_decl_file
	.short	706                             @ DW_AT_decl_line
                                        @ DW_AT_prototyped
	.byte	1                               @ DW_AT_inline
	.byte	35                              @ Abbrev [35] 0x2bd9:0xc DW_TAG_formal_parameter
	.long	.Linfo_string58                 @ DW_AT_name
	.byte	10                              @ DW_AT_decl_file
	.short	706                             @ DW_AT_decl_line
	.long	11250                           @ DW_AT_type
	.byte	35                              @ Abbrev [35] 0x2be5:0xc DW_TAG_formal_parameter
	.long	.Linfo_string543                @ DW_AT_name
	.byte	10                              @ DW_AT_decl_file
	.short	706                             @ DW_AT_decl_line
	.long	78                              @ DW_AT_type
	.byte	0                               @ End Of Children Mark
	.byte	3                               @ Abbrev [3] 0x2bf2:0xb DW_TAG_typedef
	.long	355                             @ DW_AT_type
	.long	.Linfo_string542                @ DW_AT_name
	.byte	5                               @ DW_AT_decl_file
	.byte	98                              @ DW_AT_decl_line
	.byte	36                              @ Abbrev [36] 0x2bfd:0x8b DW_TAG_subprogram
	.long	.Lfunc_begin1                   @ DW_AT_low_pc
	.long	.Lfunc_end1-.Lfunc_begin1       @ DW_AT_high_pc
	.byte	1                               @ DW_AT_frame_base
	.byte	93
                                        @ DW_AT_GNU_all_call_sites
	.long	.Linfo_string548                @ DW_AT_name
	.byte	3                               @ DW_AT_decl_file
	.byte	113                             @ DW_AT_decl_line
                                        @ DW_AT_prototyped
                                        @ DW_AT_external
	.byte	37                              @ Abbrev [37] 0x2c0e:0xf DW_TAG_formal_parameter
	.long	.Ldebug_loc0                    @ DW_AT_location
	.long	.Linfo_string560                @ DW_AT_name
	.byte	3                               @ DW_AT_decl_file
	.byte	113                             @ DW_AT_decl_line
	.long	11982                           @ DW_AT_type
	.byte	37                              @ Abbrev [37] 0x2c1d:0xf DW_TAG_formal_parameter
	.long	.Ldebug_loc1                    @ DW_AT_location
	.long	.Linfo_string571                @ DW_AT_name
	.byte	3                               @ DW_AT_decl_file
	.byte	113                             @ DW_AT_decl_line
	.long	55                              @ DW_AT_type
	.byte	38                              @ Abbrev [38] 0x2c2c:0xf DW_TAG_variable
	.long	.Ldebug_loc2                    @ DW_AT_location
	.long	.Linfo_string572                @ DW_AT_name
	.byte	3                               @ DW_AT_decl_file
	.byte	115                             @ DW_AT_decl_line
	.long	78                              @ DW_AT_type
	.byte	38                              @ Abbrev [38] 0x2c3b:0xf DW_TAG_variable
	.long	.Ldebug_loc3                    @ DW_AT_location
	.long	.Linfo_string573                @ DW_AT_name
	.byte	3                               @ DW_AT_decl_file
	.byte	116                             @ DW_AT_decl_line
	.long	78                              @ DW_AT_type
	.byte	39                              @ Abbrev [39] 0x2c4a:0x10 DW_TAG_inlined_subroutine
	.long	11155                           @ DW_AT_abstract_origin
	.long	.Ltmp3                          @ DW_AT_low_pc
	.long	.Ltmp4-.Ltmp3                   @ DW_AT_high_pc
	.byte	3                               @ DW_AT_call_file
	.byte	118                             @ DW_AT_call_line
	.byte	5                               @ DW_AT_call_column
	.byte	39                              @ Abbrev [39] 0x2c5a:0x10 DW_TAG_inlined_subroutine
	.long	11163                           @ DW_AT_abstract_origin
	.long	.Ltmp29                         @ DW_AT_low_pc
	.long	.Ltmp43-.Ltmp29                 @ DW_AT_high_pc
	.byte	3                               @ DW_AT_call_file
	.byte	154                             @ DW_AT_call_line
	.byte	9                               @ DW_AT_call_column
	.byte	40                              @ Abbrev [40] 0x2c6a:0x1d DW_TAG_inlined_subroutine
	.long	11216                           @ DW_AT_abstract_origin
	.long	.Ltmp45                         @ DW_AT_low_pc
	.long	.Ltmp46-.Ltmp45                 @ DW_AT_high_pc
	.byte	3                               @ DW_AT_call_file
	.byte	158                             @ DW_AT_call_line
	.byte	9                               @ DW_AT_call_column
	.byte	41                              @ Abbrev [41] 0x2c7a:0x6 DW_TAG_formal_parameter
	.byte	7                               @ DW_AT_const_value
	.long	11225                           @ DW_AT_abstract_origin
	.byte	42                              @ Abbrev [42] 0x2c80:0x6 DW_TAG_formal_parameter
	.byte	2                               @ DW_AT_const_value
	.long	11237                           @ DW_AT_abstract_origin
	.byte	0                               @ End Of Children Mark
	.byte	0                               @ End Of Children Mark
	.byte	43                              @ Abbrev [43] 0x2c88:0x25 DW_TAG_subprogram
	.long	.Lfunc_begin2                   @ DW_AT_low_pc
	.long	.Lfunc_end2-.Lfunc_begin2       @ DW_AT_high_pc
	.byte	1                               @ DW_AT_frame_base
	.byte	93
                                        @ DW_AT_GNU_all_call_sites
	.long	.Linfo_string549                @ DW_AT_name
	.byte	3                               @ DW_AT_decl_file
	.byte	169                             @ DW_AT_decl_line
                                        @ DW_AT_prototyped
	.long	11975                           @ DW_AT_type
                                        @ DW_AT_external
	.byte	37                              @ Abbrev [37] 0x2c9d:0xf DW_TAG_formal_parameter
	.long	.Ldebug_loc4                    @ DW_AT_location
	.long	.Linfo_string539                @ DW_AT_name
	.byte	3                               @ DW_AT_decl_file
	.byte	169                             @ DW_AT_decl_line
	.long	11205                           @ DW_AT_type
	.byte	0                               @ End Of Children Mark
	.byte	36                              @ Abbrev [36] 0x2cad:0x30 DW_TAG_subprogram
	.long	.Lfunc_begin3                   @ DW_AT_low_pc
	.long	.Lfunc_end3-.Lfunc_begin3       @ DW_AT_high_pc
	.byte	1                               @ DW_AT_frame_base
	.byte	93
                                        @ DW_AT_GNU_all_call_sites
	.long	.Linfo_string551                @ DW_AT_name
	.byte	3                               @ DW_AT_decl_file
	.byte	182                             @ DW_AT_decl_line
                                        @ DW_AT_prototyped
                                        @ DW_AT_external
	.byte	37                              @ Abbrev [37] 0x2cbe:0xf DW_TAG_formal_parameter
	.long	.Ldebug_loc5                    @ DW_AT_location
	.long	.Linfo_string539                @ DW_AT_name
	.byte	3                               @ DW_AT_decl_file
	.byte	182                             @ DW_AT_decl_line
	.long	11205                           @ DW_AT_type
	.byte	37                              @ Abbrev [37] 0x2ccd:0xf DW_TAG_formal_parameter
	.long	.Ldebug_loc6                    @ DW_AT_location
	.long	.Linfo_string574                @ DW_AT_name
	.byte	3                               @ DW_AT_decl_file
	.byte	182                             @ DW_AT_decl_line
	.long	11975                           @ DW_AT_type
	.byte	0                               @ End Of Children Mark
	.byte	36                              @ Abbrev [36] 0x2cdd:0x21 DW_TAG_subprogram
	.long	.Lfunc_begin4                   @ DW_AT_low_pc
	.long	.Lfunc_end4-.Lfunc_begin4       @ DW_AT_high_pc
	.byte	1                               @ DW_AT_frame_base
	.byte	93
                                        @ DW_AT_GNU_all_call_sites
	.long	.Linfo_string552                @ DW_AT_name
	.byte	3                               @ DW_AT_decl_file
	.byte	201                             @ DW_AT_decl_line
                                        @ DW_AT_prototyped
                                        @ DW_AT_external
	.byte	37                              @ Abbrev [37] 0x2cee:0xf DW_TAG_formal_parameter
	.long	.Ldebug_loc7                    @ DW_AT_location
	.long	.Linfo_string539                @ DW_AT_name
	.byte	3                               @ DW_AT_decl_file
	.byte	201                             @ DW_AT_decl_line
	.long	11205                           @ DW_AT_type
	.byte	0                               @ End Of Children Mark
	.byte	34                              @ Abbrev [34] 0x2cfe:0x16 DW_TAG_subprogram
	.long	.Linfo_string544                @ DW_AT_name
	.byte	10                              @ DW_AT_decl_file
	.short	689                             @ DW_AT_decl_line
                                        @ DW_AT_prototyped
	.byte	1                               @ DW_AT_inline
	.byte	35                              @ Abbrev [35] 0x2d07:0xc DW_TAG_formal_parameter
	.long	.Linfo_string58                 @ DW_AT_name
	.byte	10                              @ DW_AT_decl_file
	.short	689                             @ DW_AT_decl_line
	.long	11250                           @ DW_AT_type
	.byte	0                               @ End Of Children Mark
	.byte	34                              @ Abbrev [34] 0x2d14:0x16 DW_TAG_subprogram
	.long	.Linfo_string545                @ DW_AT_name
	.byte	10                              @ DW_AT_decl_file
	.short	603                             @ DW_AT_decl_line
                                        @ DW_AT_prototyped
	.byte	1                               @ DW_AT_inline
	.byte	35                              @ Abbrev [35] 0x2d1d:0xc DW_TAG_formal_parameter
	.long	.Linfo_string58                 @ DW_AT_name
	.byte	10                              @ DW_AT_decl_file
	.short	603                             @ DW_AT_decl_line
	.long	11250                           @ DW_AT_type
	.byte	0                               @ End Of Children Mark
	.byte	34                              @ Abbrev [34] 0x2d2a:0x16 DW_TAG_subprogram
	.long	.Linfo_string546                @ DW_AT_name
	.byte	10                              @ DW_AT_decl_file
	.short	639                             @ DW_AT_decl_line
                                        @ DW_AT_prototyped
	.byte	1                               @ DW_AT_inline
	.byte	35                              @ Abbrev [35] 0x2d33:0xc DW_TAG_formal_parameter
	.long	.Linfo_string58                 @ DW_AT_name
	.byte	10                              @ DW_AT_decl_file
	.short	639                             @ DW_AT_decl_line
	.long	11250                           @ DW_AT_type
	.byte	0                               @ End Of Children Mark
	.byte	36                              @ Abbrev [36] 0x2d40:0x75 DW_TAG_subprogram
	.long	.Lfunc_begin5                   @ DW_AT_low_pc
	.long	.Lfunc_end5-.Lfunc_begin5       @ DW_AT_high_pc
	.byte	1                               @ DW_AT_frame_base
	.byte	93
                                        @ DW_AT_GNU_all_call_sites
	.long	.Linfo_string553                @ DW_AT_name
	.byte	3                               @ DW_AT_decl_file
	.byte	214                             @ DW_AT_decl_line
                                        @ DW_AT_prototyped
                                        @ DW_AT_external
	.byte	37                              @ Abbrev [37] 0x2d51:0xf DW_TAG_formal_parameter
	.long	.Ldebug_loc8                    @ DW_AT_location
	.long	.Linfo_string539                @ DW_AT_name
	.byte	3                               @ DW_AT_decl_file
	.byte	214                             @ DW_AT_decl_line
	.long	11205                           @ DW_AT_type
	.byte	37                              @ Abbrev [37] 0x2d60:0xf DW_TAG_formal_parameter
	.long	.Ldebug_loc9                    @ DW_AT_location
	.long	.Linfo_string575                @ DW_AT_name
	.byte	3                               @ DW_AT_decl_file
	.byte	214                             @ DW_AT_decl_line
	.long	11975                           @ DW_AT_type
	.byte	40                              @ Abbrev [40] 0x2d6f:0x17 DW_TAG_inlined_subroutine
	.long	11518                           @ DW_AT_abstract_origin
	.long	.Ltmp63                         @ DW_AT_low_pc
	.long	.Ltmp64-.Ltmp63                 @ DW_AT_high_pc
	.byte	3                               @ DW_AT_call_file
	.byte	216                             @ DW_AT_call_line
	.byte	5                               @ DW_AT_call_column
	.byte	41                              @ Abbrev [41] 0x2d7f:0x6 DW_TAG_formal_parameter
	.byte	7                               @ DW_AT_const_value
	.long	11527                           @ DW_AT_abstract_origin
	.byte	0                               @ End Of Children Mark
	.byte	40                              @ Abbrev [40] 0x2d86:0x17 DW_TAG_inlined_subroutine
	.long	11540                           @ DW_AT_abstract_origin
	.long	.Ltmp69                         @ DW_AT_low_pc
	.long	.Ltmp70-.Ltmp69                 @ DW_AT_high_pc
	.byte	3                               @ DW_AT_call_file
	.byte	226                             @ DW_AT_call_line
	.byte	9                               @ DW_AT_call_column
	.byte	41                              @ Abbrev [41] 0x2d96:0x6 DW_TAG_formal_parameter
	.byte	7                               @ DW_AT_const_value
	.long	11549                           @ DW_AT_abstract_origin
	.byte	0                               @ End Of Children Mark
	.byte	40                              @ Abbrev [40] 0x2d9d:0x17 DW_TAG_inlined_subroutine
	.long	11562                           @ DW_AT_abstract_origin
	.long	.Ltmp73                         @ DW_AT_low_pc
	.long	.Ltmp74-.Ltmp73                 @ DW_AT_high_pc
	.byte	3                               @ DW_AT_call_file
	.byte	221                             @ DW_AT_call_line
	.byte	9                               @ DW_AT_call_column
	.byte	41                              @ Abbrev [41] 0x2dad:0x6 DW_TAG_formal_parameter
	.byte	7                               @ DW_AT_const_value
	.long	11571                           @ DW_AT_abstract_origin
	.byte	0                               @ End Of Children Mark
	.byte	0                               @ End Of Children Mark
	.byte	43                              @ Abbrev [43] 0x2db5:0x25 DW_TAG_subprogram
	.long	.Lfunc_begin6                   @ DW_AT_low_pc
	.long	.Lfunc_end6-.Lfunc_begin6       @ DW_AT_high_pc
	.byte	1                               @ DW_AT_frame_base
	.byte	93
                                        @ DW_AT_GNU_all_call_sites
	.long	.Linfo_string554                @ DW_AT_name
	.byte	3                               @ DW_AT_decl_file
	.byte	237                             @ DW_AT_decl_line
                                        @ DW_AT_prototyped
	.long	11975                           @ DW_AT_type
                                        @ DW_AT_external
	.byte	37                              @ Abbrev [37] 0x2dca:0xf DW_TAG_formal_parameter
	.long	.Ldebug_loc10                   @ DW_AT_location
	.long	.Linfo_string539                @ DW_AT_name
	.byte	3                               @ DW_AT_decl_file
	.byte	237                             @ DW_AT_decl_line
	.long	11205                           @ DW_AT_type
	.byte	0                               @ End Of Children Mark
	.byte	36                              @ Abbrev [36] 0x2dda:0x21 DW_TAG_subprogram
	.long	.Lfunc_begin7                   @ DW_AT_low_pc
	.long	.Lfunc_end7-.Lfunc_begin7       @ DW_AT_high_pc
	.byte	1                               @ DW_AT_frame_base
	.byte	93
                                        @ DW_AT_GNU_all_call_sites
	.long	.Linfo_string555                @ DW_AT_name
	.byte	3                               @ DW_AT_decl_file
	.byte	249                             @ DW_AT_decl_line
                                        @ DW_AT_prototyped
                                        @ DW_AT_external
	.byte	37                              @ Abbrev [37] 0x2deb:0xf DW_TAG_formal_parameter
	.long	.Ldebug_loc11                   @ DW_AT_location
	.long	.Linfo_string539                @ DW_AT_name
	.byte	3                               @ DW_AT_decl_file
	.byte	249                             @ DW_AT_decl_line
	.long	11205                           @ DW_AT_type
	.byte	0                               @ End Of Children Mark
	.byte	44                              @ Abbrev [44] 0x2dfb:0x53 DW_TAG_subprogram
	.long	.Lfunc_begin8                   @ DW_AT_low_pc
	.long	.Lfunc_end8-.Lfunc_begin8       @ DW_AT_high_pc
	.byte	1                               @ DW_AT_frame_base
	.byte	93
                                        @ DW_AT_GNU_all_call_sites
	.long	.Linfo_string556                @ DW_AT_name
	.byte	3                               @ DW_AT_decl_file
	.short	262                             @ DW_AT_decl_line
                                        @ DW_AT_prototyped
                                        @ DW_AT_external
	.byte	45                              @ Abbrev [45] 0x2e0d:0x10 DW_TAG_formal_parameter
	.long	.Ldebug_loc12                   @ DW_AT_location
	.long	.Linfo_string539                @ DW_AT_name
	.byte	3                               @ DW_AT_decl_file
	.short	262                             @ DW_AT_decl_line
	.long	11205                           @ DW_AT_type
	.byte	45                              @ Abbrev [45] 0x2e1d:0x10 DW_TAG_formal_parameter
	.long	.Ldebug_loc13                   @ DW_AT_location
	.long	.Linfo_string576                @ DW_AT_name
	.byte	3                               @ DW_AT_decl_file
	.short	262                             @ DW_AT_decl_line
	.long	12108                           @ DW_AT_type
	.byte	46                              @ Abbrev [46] 0x2e2d:0x10 DW_TAG_variable
	.long	.Ldebug_loc14                   @ DW_AT_location
	.long	.Linfo_string572                @ DW_AT_name
	.byte	3                               @ DW_AT_decl_file
	.short	264                             @ DW_AT_decl_line
	.long	78                              @ DW_AT_type
	.byte	46                              @ Abbrev [46] 0x2e3d:0x10 DW_TAG_variable
	.long	.Ldebug_loc15                   @ DW_AT_location
	.long	.Linfo_string573                @ DW_AT_name
	.byte	3                               @ DW_AT_decl_file
	.short	265                             @ DW_AT_decl_line
	.long	78                              @ DW_AT_type
	.byte	0                               @ End Of Children Mark
	.byte	44                              @ Abbrev [44] 0x2e4e:0x33 DW_TAG_subprogram
	.long	.Lfunc_begin9                   @ DW_AT_low_pc
	.long	.Lfunc_end9-.Lfunc_begin9       @ DW_AT_high_pc
	.byte	1                               @ DW_AT_frame_base
	.byte	93
                                        @ DW_AT_GNU_all_call_sites
	.long	.Linfo_string557                @ DW_AT_name
	.byte	3                               @ DW_AT_decl_file
	.short	298                             @ DW_AT_decl_line
                                        @ DW_AT_prototyped
                                        @ DW_AT_external
	.byte	45                              @ Abbrev [45] 0x2e60:0x10 DW_TAG_formal_parameter
	.long	.Ldebug_loc16                   @ DW_AT_location
	.long	.Linfo_string539                @ DW_AT_name
	.byte	3                               @ DW_AT_decl_file
	.short	298                             @ DW_AT_decl_line
	.long	11205                           @ DW_AT_type
	.byte	45                              @ Abbrev [45] 0x2e70:0x10 DW_TAG_formal_parameter
	.long	.Ldebug_loc17                   @ DW_AT_location
	.long	.Linfo_string577                @ DW_AT_name
	.byte	3                               @ DW_AT_decl_file
	.short	298                             @ DW_AT_decl_line
	.long	11975                           @ DW_AT_type
	.byte	0                               @ End Of Children Mark
	.byte	44                              @ Abbrev [44] 0x2e81:0x23 DW_TAG_subprogram
	.long	.Lfunc_begin10                  @ DW_AT_low_pc
	.long	.Lfunc_end10-.Lfunc_begin10     @ DW_AT_high_pc
	.byte	1                               @ DW_AT_frame_base
	.byte	93
                                        @ DW_AT_GNU_all_call_sites
	.long	.Linfo_string558                @ DW_AT_name
	.byte	3                               @ DW_AT_decl_file
	.short	322                             @ DW_AT_decl_line
                                        @ DW_AT_prototyped
                                        @ DW_AT_external
	.byte	45                              @ Abbrev [45] 0x2e93:0x10 DW_TAG_formal_parameter
	.long	.Ldebug_loc18                   @ DW_AT_location
	.long	.Linfo_string575                @ DW_AT_name
	.byte	3                               @ DW_AT_decl_file
	.short	322                             @ DW_AT_decl_line
	.long	11975                           @ DW_AT_type
	.byte	0                               @ End Of Children Mark
	.byte	44                              @ Abbrev [44] 0x2ea4:0x23 DW_TAG_subprogram
	.long	.Lfunc_begin11                  @ DW_AT_low_pc
	.long	.Lfunc_end11-.Lfunc_begin11     @ DW_AT_high_pc
	.byte	1                               @ DW_AT_frame_base
	.byte	93
                                        @ DW_AT_GNU_all_call_sites
	.long	.Linfo_string559                @ DW_AT_name
	.byte	3                               @ DW_AT_decl_file
	.short	338                             @ DW_AT_decl_line
                                        @ DW_AT_prototyped
                                        @ DW_AT_external
	.byte	46                              @ Abbrev [46] 0x2eb6:0x10 DW_TAG_variable
	.long	.Ldebug_loc19                   @ DW_AT_location
	.long	.Linfo_string578                @ DW_AT_name
	.byte	3                               @ DW_AT_decl_file
	.short	340                             @ DW_AT_decl_line
	.long	78                              @ DW_AT_type
	.byte	0                               @ End Of Children Mark
	.byte	7                               @ Abbrev [7] 0x2ec7:0x7 DW_TAG_base_type
	.long	.Linfo_string550                @ DW_AT_name
	.byte	2                               @ DW_AT_encoding
	.byte	1                               @ DW_AT_byte_size
	.byte	4                               @ Abbrev [4] 0x2ece:0x5 DW_TAG_pointer_type
	.long	11987                           @ DW_AT_type
	.byte	3                               @ Abbrev [3] 0x2ed3:0xb DW_TAG_typedef
	.long	11998                           @ DW_AT_type
	.long	.Linfo_string570                @ DW_AT_name
	.byte	4                               @ DW_AT_decl_file
	.byte	127                             @ DW_AT_decl_line
	.byte	23                              @ Abbrev [23] 0x2ede:0x4d DW_TAG_structure_type
	.byte	6                               @ DW_AT_byte_size
	.byte	4                               @ DW_AT_decl_file
	.byte	119                             @ DW_AT_decl_line
	.byte	26                              @ Abbrev [26] 0x2ee2:0xc DW_TAG_member
	.long	.Linfo_string539                @ DW_AT_name
	.long	11205                           @ DW_AT_type
	.byte	4                               @ DW_AT_decl_file
	.byte	121                             @ DW_AT_decl_line
	.byte	0                               @ DW_AT_data_member_location
	.byte	26                              @ Abbrev [26] 0x2eee:0xc DW_TAG_member
	.long	.Linfo_string561                @ DW_AT_name
	.long	12075                           @ DW_AT_type
	.byte	4                               @ DW_AT_decl_file
	.byte	122                             @ DW_AT_decl_line
	.byte	1                               @ DW_AT_data_member_location
	.byte	26                              @ Abbrev [26] 0x2efa:0xc DW_TAG_member
	.long	.Linfo_string563                @ DW_AT_name
	.long	12086                           @ DW_AT_type
	.byte	4                               @ DW_AT_decl_file
	.byte	123                             @ DW_AT_decl_line
	.byte	2                               @ DW_AT_data_member_location
	.byte	26                              @ Abbrev [26] 0x2f06:0xc DW_TAG_member
	.long	.Linfo_string565                @ DW_AT_name
	.long	12097                           @ DW_AT_type
	.byte	4                               @ DW_AT_decl_file
	.byte	124                             @ DW_AT_decl_line
	.byte	3                               @ DW_AT_data_member_location
	.byte	26                              @ Abbrev [26] 0x2f12:0xc DW_TAG_member
	.long	.Linfo_string567                @ DW_AT_name
	.long	12108                           @ DW_AT_type
	.byte	4                               @ DW_AT_decl_file
	.byte	125                             @ DW_AT_decl_line
	.byte	4                               @ DW_AT_data_member_location
	.byte	26                              @ Abbrev [26] 0x2f1e:0xc DW_TAG_member
	.long	.Linfo_string569                @ DW_AT_name
	.long	11194                           @ DW_AT_type
	.byte	4                               @ DW_AT_decl_file
	.byte	126                             @ DW_AT_decl_line
	.byte	5                               @ DW_AT_data_member_location
	.byte	0                               @ End Of Children Mark
	.byte	3                               @ Abbrev [3] 0x2f2b:0xb DW_TAG_typedef
	.long	172                             @ DW_AT_type
	.long	.Linfo_string562                @ DW_AT_name
	.byte	4                               @ DW_AT_decl_file
	.byte	57                              @ DW_AT_decl_line
	.byte	3                               @ Abbrev [3] 0x2f36:0xb DW_TAG_typedef
	.long	205                             @ DW_AT_type
	.long	.Linfo_string564                @ DW_AT_name
	.byte	4                               @ DW_AT_decl_file
	.byte	67                              @ DW_AT_decl_line
	.byte	3                               @ Abbrev [3] 0x2f41:0xb DW_TAG_typedef
	.long	232                             @ DW_AT_type
	.long	.Linfo_string566                @ DW_AT_name
	.byte	4                               @ DW_AT_decl_file
	.byte	76                              @ DW_AT_decl_line
	.byte	3                               @ Abbrev [3] 0x2f4c:0xb DW_TAG_typedef
	.long	253                             @ DW_AT_type
	.long	.Linfo_string568                @ DW_AT_name
	.byte	4                               @ DW_AT_decl_file
	.byte	114                             @ DW_AT_decl_line
	.byte	0                               @ End Of Children Mark
.Ldebug_info_end0:
	.section	.debug_ranges,"",%progbits
.Ldebug_ranges0:
	.long	.Lfunc_begin0
	.long	.Lfunc_end0
	.long	.Lfunc_begin1
	.long	.Lfunc_end1
	.long	.Lfunc_begin2
	.long	.Lfunc_end2
	.long	.Lfunc_begin3
	.long	.Lfunc_end3
	.long	.Lfunc_begin4
	.long	.Lfunc_end4
	.long	.Lfunc_begin5
	.long	.Lfunc_end5
	.long	.Lfunc_begin6
	.long	.Lfunc_end6
	.long	.Lfunc_begin7
	.long	.Lfunc_end7
	.long	.Lfunc_begin8
	.long	.Lfunc_end8
	.long	.Lfunc_begin9
	.long	.Lfunc_end9
	.long	.Lfunc_begin10
	.long	.Lfunc_end10
	.long	.Lfunc_begin11
	.long	.Lfunc_end11
	.long	0
	.long	0
	.section	.debug_str,"MS",%progbits,1
.Linfo_string0:
	.asciz	"Component: Arm Compiler for Embedded 6.21 Tool: armclang [5ec1fd00]" @ string offset=0
.Linfo_string1:
	.asciz	"../07_TCPL04B_MCAL\\tcpl04x_ll_gpio.c" @ string offset=68
.Linfo_string2:
	.asciz	"C:\\baidunetdiskdownload\\\346\263\260\347\237\275\345\276\256\\\346\260\233\345\233\264\347\201\257\\TCPL0X_AUTO_SDK_V2.0.0\\TCPL0X_AUTO_SDK_V2.0.0\\examples\\tcpl04x\\demo_apps\\tcpl04b_swsc_lean\\MDK" @ string offset=105
.Linfo_string3:
	.asciz	"gpio_isr_callback"             @ string offset=244
.Linfo_string4:
	.asciz	"unsigned int"                  @ string offset=262
.Linfo_string5:
	.asciz	"uint32_t"                      @ string offset=275
.Linfo_string6:
	.asciz	"ISR_FUNC_CALLBACK"             @ string offset=284
.Linfo_string7:
	.asciz	"unsigned char"                 @ string offset=302
.Linfo_string8:
	.asciz	"GPIO_PIN_0"                    @ string offset=316
.Linfo_string9:
	.asciz	"GPIO_PIN_1"                    @ string offset=327
.Linfo_string10:
	.asciz	"GPIO_PIN_2"                    @ string offset=338
.Linfo_string11:
	.asciz	"GPIO_PIN_3"                    @ string offset=349
.Linfo_string12:
	.asciz	"GPIO_PIN_4"                    @ string offset=360
.Linfo_string13:
	.asciz	"GPIO_PIN_5"                    @ string offset=371
.Linfo_string14:
	.asciz	"GPIO_PIN_6"                    @ string offset=382
.Linfo_string15:
	.asciz	"GPIO_PIN_7"                    @ string offset=393
.Linfo_string16:
	.asciz	"GPIO_PIN_8"                    @ string offset=404
.Linfo_string17:
	.asciz	"GPIO_PIN_MAX"                  @ string offset=415
.Linfo_string18:
	.asciz	"GPIO_MODE_OUT_PP"              @ string offset=428
.Linfo_string19:
	.asciz	"GPIO_MODE_OUT_OD"              @ string offset=445
.Linfo_string20:
	.asciz	"GPIO_MODE_IN_PP"               @ string offset=462
.Linfo_string21:
	.asciz	"GPIO_MODE_IN_OD"               @ string offset=478
.Linfo_string22:
	.asciz	"GPIO_PULL_NONE"                @ string offset=494
.Linfo_string23:
	.asciz	"GPIO_PULL_UP"                  @ string offset=509
.Linfo_string24:
	.asciz	"GPIO_PULL_DOWN"                @ string offset=522
.Linfo_string25:
	.asciz	"GPIO_PULLDOWN_SWANDHW"         @ string offset=537
.Linfo_string26:
	.asciz	"GPIO_PULLDOWN_SW_ONLY"         @ string offset=559
.Linfo_string27:
	.asciz	"AFIO_MUX_0"                    @ string offset=581
.Linfo_string28:
	.asciz	"AFIO_MUX_1"                    @ string offset=592
.Linfo_string29:
	.asciz	"AFIO_MUX_2"                    @ string offset=603
.Linfo_string30:
	.asciz	"AFIO_MUX_3"                    @ string offset=614
.Linfo_string31:
	.asciz	"AFIO_MUX_4"                    @ string offset=625
.Linfo_string32:
	.asciz	"AFIO_MUX_5"                    @ string offset=636
.Linfo_string33:
	.asciz	"AFIO_MUX_6"                    @ string offset=647
.Linfo_string34:
	.asciz	"AFIO_MUX_7"                    @ string offset=658
.Linfo_string35:
	.asciz	"GPIO_TRIGGER_NULL"             @ string offset=669
.Linfo_string36:
	.asciz	"GPIO_TRIGGER_LOW_LEVEL"        @ string offset=687
.Linfo_string37:
	.asciz	"GPIO_TRIGGER_FALLING_EDGE"     @ string offset=710
.Linfo_string38:
	.asciz	"GPIO_TRIGGER_HIGH_LEVEL"       @ string offset=736
.Linfo_string39:
	.asciz	"GPIO_TRIGGER_RISING_EDGE"      @ string offset=760
.Linfo_string40:
	.asciz	"GPIO_TRIGGER_RISING_FALLING_EDGE" @ string offset=785
.Linfo_string41:
	.asciz	"signed char"                   @ string offset=818
.Linfo_string42:
	.asciz	"NonMaskableInt_IRQn"           @ string offset=830
.Linfo_string43:
	.asciz	"HardFault_IRQn"                @ string offset=850
.Linfo_string44:
	.asciz	"SVCall_IRQn"                   @ string offset=865
.Linfo_string45:
	.asciz	"PendSV_IRQn"                   @ string offset=877
.Linfo_string46:
	.asciz	"SysTick_IRQn"                  @ string offset=889
.Linfo_string47:
	.asciz	"FLASH_IRQn"                    @ string offset=902
.Linfo_string48:
	.asciz	"ADC_IRQn"                      @ string offset=913
.Linfo_string49:
	.asciz	"PWM_IRQn"                      @ string offset=922
.Linfo_string50:
	.asciz	"TIMER_IRQn"                    @ string offset=931
.Linfo_string51:
	.asciz	"IWDG_IRQn"                     @ string offset=942
.Linfo_string52:
	.asciz	"LINSCI_IRQn"                   @ string offset=952
.Linfo_string53:
	.asciz	"AON_IRQn"                      @ string offset=964
.Linfo_string54:
	.asciz	"GPIO_IRQn"                     @ string offset=973
.Linfo_string55:
	.asciz	"RESERVE_S_IRQn"                @ string offset=983
.Linfo_string56:
	.asciz	"RESERVE_T_IRQn"                @ string offset=998
.Linfo_string57:
	.asciz	"LINSCI_UART_IRQn"              @ string offset=1013
.Linfo_string58:
	.asciz	"IRQn"                          @ string offset=1030
.Linfo_string59:
	.asciz	"HCLK_CTRL"                     @ string offset=1035
.Linfo_string60:
	.asciz	"HCLK_CTRL_F"                   @ string offset=1045
.Linfo_string61:
	.asciz	"HCLK_SEL"                      @ string offset=1057
.Linfo_string62:
	.asciz	"RESERVED1"                     @ string offset=1066
.Linfo_string63:
	.asciz	"HCLK_DIV_LOAD"                 @ string offset=1076
.Linfo_string64:
	.asciz	"HCLK_DIV"                      @ string offset=1090
.Linfo_string65:
	.asciz	"AUTO_HCLK_FORCE_EN"            @ string offset=1099
.Linfo_string66:
	.asciz	"RESERVED0"                     @ string offset=1118
.Linfo_string67:
	.asciz	"CRG_HCLK_CTRL_FIELD_T"         @ string offset=1128
.Linfo_string68:
	.asciz	"PCLK_CTRL"                     @ string offset=1150
.Linfo_string69:
	.asciz	"PCLK_CTRL_F"                   @ string offset=1160
.Linfo_string70:
	.asciz	"PCLK_DIV"                      @ string offset=1172
.Linfo_string71:
	.asciz	"PCLK_DIV_LOAD"                 @ string offset=1181
.Linfo_string72:
	.asciz	"PCLK_EN_TEST"                  @ string offset=1195
.Linfo_string73:
	.asciz	"PCLK_EN_ASYSCFG"               @ string offset=1208
.Linfo_string74:
	.asciz	"CRG_PCLK_CTRL_FIELD_T"         @ string offset=1224
.Linfo_string75:
	.asciz	"M0_CLKRST_CTRL"                @ string offset=1246
.Linfo_string76:
	.asciz	"M0_CLKRST_CTRL_F"              @ string offset=1261
.Linfo_string77:
	.asciz	"RST_M0"                        @ string offset=1278
.Linfo_string78:
	.asciz	"RESERVED2"                     @ string offset=1285
.Linfo_string79:
	.asciz	"FCLK_EN_SYSTICK"               @ string offset=1295
.Linfo_string80:
	.asciz	"FCLK_DIV_SYSTICK"              @ string offset=1311
.Linfo_string81:
	.asciz	"CRG_M0_CLKRST_CTRL_FIELD_T"    @ string offset=1328
.Linfo_string82:
	.asciz	"TIM_LITE_CLKRST_CTRL"          @ string offset=1355
.Linfo_string83:
	.asciz	"TIM_LITE_CLKRST_CTRL_F"        @ string offset=1376
.Linfo_string84:
	.asciz	"RST_TIM_LITE"                  @ string offset=1399
.Linfo_string85:
	.asciz	"PCLK_EN_TIM_LITE"              @ string offset=1412
.Linfo_string86:
	.asciz	"FCLK_EN_TIM_LITE"              @ string offset=1429
.Linfo_string87:
	.asciz	"FCLK_SEL_TIM_LITE"             @ string offset=1446
.Linfo_string88:
	.asciz	"FCLK_DIV_TIM_LITE"             @ string offset=1464
.Linfo_string89:
	.asciz	"CRG_TIM_LITE_CLKRST_CTRL_FIELD_T" @ string offset=1482
.Linfo_string90:
	.asciz	"PRINT_UART_CLKRST_CTRL"        @ string offset=1515
.Linfo_string91:
	.asciz	"PRINT_UART_CLKRST_CTRL_F"      @ string offset=1538
.Linfo_string92:
	.asciz	"RST_PRINT_UART"                @ string offset=1563
.Linfo_string93:
	.asciz	"PCLK_EN_PRINT_UART"            @ string offset=1578
.Linfo_string94:
	.asciz	"CRG_PRINT_UART_CLKRST_CTRL_FIELD_T" @ string offset=1597
.Linfo_string95:
	.asciz	"IWDG_CLKRST_CTRL"              @ string offset=1632
.Linfo_string96:
	.asciz	"IWDG_CLKRST_CTRL_F"            @ string offset=1649
.Linfo_string97:
	.asciz	"PCLK_EN_IWDG"                  @ string offset=1668
.Linfo_string98:
	.asciz	"CRG_IWDG_CLKRST_CTRL_FIELD_T"  @ string offset=1681
.Linfo_string99:
	.asciz	"PWM_CLKRST_CTRL"               @ string offset=1710
.Linfo_string100:
	.asciz	"PWM_CLKRST_CTRL_F"             @ string offset=1726
.Linfo_string101:
	.asciz	"RST_PWM"                       @ string offset=1744
.Linfo_string102:
	.asciz	"PCLK_EN_PWM"                   @ string offset=1752
.Linfo_string103:
	.asciz	"FCLK_EN_PWM"                   @ string offset=1764
.Linfo_string104:
	.asciz	"FCLK_SEL_PWM"                  @ string offset=1776
.Linfo_string105:
	.asciz	"FCLK_DIV_PWM"                  @ string offset=1789
.Linfo_string106:
	.asciz	"CRG_PWM_CLKRST_CTRL_FIELD_T"   @ string offset=1802
.Linfo_string107:
	.asciz	"ADC_CLKRST_CTRL"               @ string offset=1830
.Linfo_string108:
	.asciz	"ADC_CLKRST_CTRL_F"             @ string offset=1846
.Linfo_string109:
	.asciz	"RST_ADC"                       @ string offset=1864
.Linfo_string110:
	.asciz	"PCLK_EN_ADC"                   @ string offset=1872
.Linfo_string111:
	.asciz	"FCLK_EN_ADC"                   @ string offset=1884
.Linfo_string112:
	.asciz	"FCLK_DIV_ADC"                  @ string offset=1896
.Linfo_string113:
	.asciz	"CRG_ADC_CLKRST_CTRL_FIELD_T"   @ string offset=1909
.Linfo_string114:
	.asciz	"LIN_SCI_CLKRST_CTRL"           @ string offset=1937
.Linfo_string115:
	.asciz	"LIN_SCI_CLKRST_CTRL_F"         @ string offset=1957
.Linfo_string116:
	.asciz	"RST_LIN_SCI"                   @ string offset=1979
.Linfo_string117:
	.asciz	"PCLK_EN_LIN_SCI"               @ string offset=1991
.Linfo_string118:
	.asciz	"FCLK_EN_LIN_SCI"               @ string offset=2007
.Linfo_string119:
	.asciz	"FCLK_DIV_LIN_SCI"              @ string offset=2023
.Linfo_string120:
	.asciz	"CRG_LIN_SCI_CLKRST_CTRL_FIELD_T" @ string offset=2040
.Linfo_string121:
	.asciz	"GPIO_CLKRST_CTRL"              @ string offset=2072
.Linfo_string122:
	.asciz	"GPIO_CLKRST_CTRL_F"            @ string offset=2089
.Linfo_string123:
	.asciz	"RST_GPIO"                      @ string offset=2108
.Linfo_string124:
	.asciz	"PCLK_EN_GPIO"                  @ string offset=2117
.Linfo_string125:
	.asciz	"FCLK_EN_GPIO"                  @ string offset=2130
.Linfo_string126:
	.asciz	"FCLK_SEL_GPIO"                 @ string offset=2143
.Linfo_string127:
	.asciz	"FCLK_DIV_GPIO"                 @ string offset=2157
.Linfo_string128:
	.asciz	"CRG_GPIO_CLKRST_CTRL_FIELD_T"  @ string offset=2171
.Linfo_string129:
	.asciz	"PINMUX_CLKRST_CTRL"            @ string offset=2200
.Linfo_string130:
	.asciz	"PINMUX_CLKRST_CTRL_F"          @ string offset=2219
.Linfo_string131:
	.asciz	"RST_PINMUX"                    @ string offset=2240
.Linfo_string132:
	.asciz	"PCLK_EN_PINMUX"                @ string offset=2251
.Linfo_string133:
	.asciz	"CRG_PINMUX_CLKRST_CTRL_FIELD_T" @ string offset=2266
.Linfo_string134:
	.asciz	"RESERVED_T_CLKRST_CTRL"        @ string offset=2297
.Linfo_string135:
	.asciz	"RESERVED_T_CLKRST_CTRL_F"      @ string offset=2320
.Linfo_string136:
	.asciz	"RST_RESERVED_T"                @ string offset=2345
.Linfo_string137:
	.asciz	"PCLK_EN_RESERVED_T"            @ string offset=2360
.Linfo_string138:
	.asciz	"FCLK_EN_RESERVED_T"            @ string offset=2379
.Linfo_string139:
	.asciz	"FCLK_DIV_RESERVED_T"           @ string offset=2398
.Linfo_string140:
	.asciz	"CRG_RESERVED_T_CLKRST_CTRL_FIELD_T" @ string offset=2418
.Linfo_string141:
	.asciz	"RESERVED_S_CLKRST_CTRL"        @ string offset=2453
.Linfo_string142:
	.asciz	"RESERVED_S_CLKRST_CTRL_F"      @ string offset=2476
.Linfo_string143:
	.asciz	"RST_RESERVED_S"                @ string offset=2501
.Linfo_string144:
	.asciz	"PCLK_EN_RESERVED_S"            @ string offset=2516
.Linfo_string145:
	.asciz	"FCLK_EN_RESERVED_S"            @ string offset=2535
.Linfo_string146:
	.asciz	"FCLK_SEL_RESERVED_S"           @ string offset=2554
.Linfo_string147:
	.asciz	"FCLK_DIV_RESERVED_S"           @ string offset=2574
.Linfo_string148:
	.asciz	"CRG_RESERVED_S_CLKRST_CTRL_FIELD_T" @ string offset=2594
.Linfo_string149:
	.asciz	"LIN_SCI1_CLKRST_CTRL"          @ string offset=2629
.Linfo_string150:
	.asciz	"LIN_SCI1_CLKRST_CTRL_F"        @ string offset=2650
.Linfo_string151:
	.asciz	"RST_LIN_SCI1"                  @ string offset=2673
.Linfo_string152:
	.asciz	"PCLK_EN_LIN_SCI1"              @ string offset=2686
.Linfo_string153:
	.asciz	"FCLK_EN_LIN_SCI1"              @ string offset=2703
.Linfo_string154:
	.asciz	"FCLK_DIV_LIN_SCI1"             @ string offset=2720
.Linfo_string155:
	.asciz	"CRG_LIN_SCI1_CLKRST_CTRL_FIELD_T" @ string offset=2738
.Linfo_string156:
	.asciz	"HRC_SSG_CTRL"                  @ string offset=2771
.Linfo_string157:
	.asciz	"HRC_SSG_CTRL_F"                @ string offset=2784
.Linfo_string158:
	.asciz	"SSG_EN"                        @ string offset=2799
.Linfo_string159:
	.asciz	"SSG_SOFT_EN"                   @ string offset=2806
.Linfo_string160:
	.asciz	"SSG_AMP"                       @ string offset=2818
.Linfo_string161:
	.asciz	"SSG_MOD_FREQ_SEL"              @ string offset=2826
.Linfo_string162:
	.asciz	"RESERVED3"                     @ string offset=2843
.Linfo_string163:
	.asciz	"SSG_ALPHA"                     @ string offset=2853
.Linfo_string164:
	.asciz	"SSG_BETA"                      @ string offset=2863
.Linfo_string165:
	.asciz	"SSG_SOFT_OUT"                  @ string offset=2872
.Linfo_string166:
	.asciz	"SSG_UPDT_BUSY"                 @ string offset=2885
.Linfo_string167:
	.asciz	"CRG_HRC_SSG_CTRL_FIELD_T"      @ string offset=2899
.Linfo_string168:
	.asciz	"__ARRAY_SIZE_TYPE__"           @ string offset=2924
.Linfo_string169:
	.asciz	"CRG_LOCK"                      @ string offset=2944
.Linfo_string170:
	.asciz	"CRG_LOCK_F"                    @ string offset=2953
.Linfo_string171:
	.asciz	"CRG_CRG_LOCK_FIELD_T"          @ string offset=2964
.Linfo_string172:
	.asciz	"CRG_REG_TypeDef"               @ string offset=2985
.Linfo_string173:
	.asciz	"DATAIN"                        @ string offset=3001
.Linfo_string174:
	.asciz	"DATAIN_F"                      @ string offset=3008
.Linfo_string175:
	.asciz	"GPIO_DATAIN_FIELD_T"           @ string offset=3017
.Linfo_string176:
	.asciz	"DATAOUT"                       @ string offset=3037
.Linfo_string177:
	.asciz	"DATAOUT_F"                     @ string offset=3045
.Linfo_string178:
	.asciz	"GPIO_DATAOUT_FIELD_T"          @ string offset=3055
.Linfo_string179:
	.asciz	"OUTEN_SET"                     @ string offset=3076
.Linfo_string180:
	.asciz	"OUTEN_SET_F"                   @ string offset=3086
.Linfo_string181:
	.asciz	"GPIO_OUTEN_SET_FIELD_T"        @ string offset=3098
.Linfo_string182:
	.asciz	"OUTEN_CLR"                     @ string offset=3121
.Linfo_string183:
	.asciz	"OUTEN_CLR_F"                   @ string offset=3131
.Linfo_string184:
	.asciz	"GPIO_OUTEN_CLR_FIELD_T"        @ string offset=3143
.Linfo_string185:
	.asciz	"INT_CLR"                       @ string offset=3166
.Linfo_string186:
	.asciz	"INT_CLR_F"                     @ string offset=3174
.Linfo_string187:
	.asciz	"GPIO_INT_CLR_FIELD_T"          @ string offset=3184
.Linfo_string188:
	.asciz	"INT_MSK"                       @ string offset=3205
.Linfo_string189:
	.asciz	"INT_MSK_F"                     @ string offset=3213
.Linfo_string190:
	.asciz	"GPIO_INT_MSK_FIELD_T"          @ string offset=3223
.Linfo_string191:
	.asciz	"INT_POL_SEL"                   @ string offset=3244
.Linfo_string192:
	.asciz	"INT_POL_SEL_F"                 @ string offset=3256
.Linfo_string193:
	.asciz	"GPIO_INT_POL_SEL_FIELD_T"      @ string offset=3270
.Linfo_string194:
	.asciz	"INT_TYP_SEL"                   @ string offset=3295
.Linfo_string195:
	.asciz	"INT_TYP_SEL_F"                 @ string offset=3307
.Linfo_string196:
	.asciz	"GPIO_INT_TYP_SEL_FIELD_T"      @ string offset=3321
.Linfo_string197:
	.asciz	"INT_STATUS"                    @ string offset=3346
.Linfo_string198:
	.asciz	"INT_STATUS_F"                  @ string offset=3357
.Linfo_string199:
	.asciz	"GPIO_INT_STATUS_FIELD_T"       @ string offset=3370
.Linfo_string200:
	.asciz	"INT_RAW_STATUS"                @ string offset=3394
.Linfo_string201:
	.asciz	"INT_RAW_STATUS_F"              @ string offset=3409
.Linfo_string202:
	.asciz	"GPIO_INT_RAW_STATUS_FIELD_T"   @ string offset=3426
.Linfo_string203:
	.asciz	"INT_EDGE_EN"                   @ string offset=3454
.Linfo_string204:
	.asciz	"INT_EDGE_EN_F"                 @ string offset=3466
.Linfo_string205:
	.asciz	"GPIO_INT_EDGE_EN_FIELD_T"      @ string offset=3480
.Linfo_string206:
	.asciz	"GPIO_REG_TypeDef"              @ string offset=3505
.Linfo_string207:
	.asciz	"TEST_MODE_CTRL"                @ string offset=3522
.Linfo_string208:
	.asciz	"TEST_MODE_CTRL_F"              @ string offset=3537
.Linfo_string209:
	.asciz	"TM_DET_EN"                     @ string offset=3554
.Linfo_string210:
	.asciz	"TEST_TEST_MODE_CTRL_FIELD_T"   @ string offset=3564
.Linfo_string211:
	.asciz	"TEST_SWD_CTRL"                 @ string offset=3592
.Linfo_string212:
	.asciz	"TEST_SWD_CTRL_F"               @ string offset=3606
.Linfo_string213:
	.asciz	"CFG_DIS_SWD"                   @ string offset=3622
.Linfo_string214:
	.asciz	"TEST_TEST_SWD_CTRL_FIELD_T"    @ string offset=3634
.Linfo_string215:
	.asciz	"TEST_PMU_CTRL"                 @ string offset=3661
.Linfo_string216:
	.asciz	"TEST_PMU_CTRL_F"               @ string offset=3675
.Linfo_string217:
	.asciz	"SW_SLP_REQ"                    @ string offset=3691
.Linfo_string218:
	.asciz	"TEST_TEST_PMU_CTRL_FIELD_T"    @ string offset=3702
.Linfo_string219:
	.asciz	"TEST_HRC48M_TRIM"              @ string offset=3729
.Linfo_string220:
	.asciz	"TEST_HRC48M_TRIM_F"            @ string offset=3746
.Linfo_string221:
	.asciz	"HRCS48M_TP_TRIM"               @ string offset=3765
.Linfo_string222:
	.asciz	"HRCS48M_I_TRIM"                @ string offset=3781
.Linfo_string223:
	.asciz	"HRCS48M_LDO_TRIM"              @ string offset=3796
.Linfo_string224:
	.asciz	"TEST_TEST_HRC48M_TRIM_FIELD_T" @ string offset=3813
.Linfo_string225:
	.asciz	"TEST_LRC32K_TRIM"              @ string offset=3843
.Linfo_string226:
	.asciz	"TEST_LRC32K_TRIM_F"            @ string offset=3860
.Linfo_string227:
	.asciz	"LRC32K_CAP_TRIM"               @ string offset=3879
.Linfo_string228:
	.asciz	"LRC32K_RES_TRIM"               @ string offset=3895
.Linfo_string229:
	.asciz	"TEST_TEST_LRC32K_TRIM_FIELD_T" @ string offset=3911
.Linfo_string230:
	.asciz	"TEST_LED_TRIM"                 @ string offset=3941
.Linfo_string231:
	.asciz	"TEST_LED_TRIM_F"               @ string offset=3955
.Linfo_string232:
	.asciz	"LED_IBIAS_TRIM"                @ string offset=3971
.Linfo_string233:
	.asciz	"LED_LC0_IOUT_TRIM"             @ string offset=3986
.Linfo_string234:
	.asciz	"LED_LC1_IOUT_TRIM"             @ string offset=4004
.Linfo_string235:
	.asciz	"LED_LC2_IOUT_TRIM"             @ string offset=4022
.Linfo_string236:
	.asciz	"TEST_TEST_LED_TRIM_FIELD_T"    @ string offset=4040
.Linfo_string237:
	.asciz	"TEST_ANA_CTRL"                 @ string offset=4067
.Linfo_string238:
	.asciz	"TEST_ANA_CTRL_F"               @ string offset=4081
.Linfo_string239:
	.asciz	"TESTMUX_BUF_EN"                @ string offset=4097
.Linfo_string240:
	.asciz	"TESTMUX_TAI_EN"                @ string offset=4112
.Linfo_string241:
	.asciz	"TESTMUX_TAO_EN"                @ string offset=4127
.Linfo_string242:
	.asciz	"TESTMUX_TO_ADC_EN"             @ string offset=4142
.Linfo_string243:
	.asciz	"TESTMUX_TAI_SEL"               @ string offset=4160
.Linfo_string244:
	.asciz	"TESTMUX_TAO_SEL"               @ string offset=4176
.Linfo_string245:
	.asciz	"TESTMUX_SEL_BUF"               @ string offset=4192
.Linfo_string246:
	.asciz	"TEST_AON"                      @ string offset=4208
.Linfo_string247:
	.asciz	"TEST_TEST_ANA_CTRL_FIELD_T"    @ string offset=4217
.Linfo_string248:
	.asciz	"TEST_TPREF_TRIM"               @ string offset=4244
.Linfo_string249:
	.asciz	"TEST_TPREF_TRIM_F"             @ string offset=4260
.Linfo_string250:
	.asciz	"TPREF_TRIM"                    @ string offset=4278
.Linfo_string251:
	.asciz	"TEST_TEST_TPREF_TRIM_FIELD_T"  @ string offset=4289
.Linfo_string252:
	.asciz	"TEST_LDO33_TRIM"               @ string offset=4318
.Linfo_string253:
	.asciz	"TEST_LDO33_TRIM_F"             @ string offset=4334
.Linfo_string254:
	.asciz	"LDO33_TRIM"                    @ string offset=4352
.Linfo_string255:
	.asciz	"LDO33_PORB_SEL"                @ string offset=4363
.Linfo_string256:
	.asciz	"TEST_TEST_LDO33_TRIM_FIELD_T"  @ string offset=4378
.Linfo_string257:
	.asciz	"TEST_OTP_TRIM"                 @ string offset=4407
.Linfo_string258:
	.asciz	"TEST_OTP_TRIM_F"               @ string offset=4421
.Linfo_string259:
	.asciz	"OTP_TRIM"                      @ string offset=4437
.Linfo_string260:
	.asciz	"TEST_TEST_OTP_TRIM_FIELD_T"    @ string offset=4446
.Linfo_string261:
	.asciz	"TEST_LIN_TRIM"                 @ string offset=4473
.Linfo_string262:
	.asciz	"TEST_LIN_TRIM_F"               @ string offset=4487
.Linfo_string263:
	.asciz	"LIN_TRIM_BUSLIM"               @ string offset=4503
.Linfo_string264:
	.asciz	"LINAA_ITRIM"                   @ string offset=4519
.Linfo_string265:
	.asciz	"TEST_TEST_LIN_TRIM_FIELD_T"    @ string offset=4531
.Linfo_string266:
	.asciz	"TEST_LIN_CTRL"                 @ string offset=4558
.Linfo_string267:
	.asciz	"TEST_LIN_CTRL_F"               @ string offset=4572
.Linfo_string268:
	.asciz	"LIN_TM_RX"                     @ string offset=4588
.Linfo_string269:
	.asciz	"LIN_EMC_EN"                    @ string offset=4598
.Linfo_string270:
	.asciz	"LIN_EMC_PD_EN"                 @ string offset=4609
.Linfo_string271:
	.asciz	"LIN_EMC_PU_EN"                 @ string offset=4623
.Linfo_string272:
	.asciz	"LIN_EMC_SLOPEDIS_PD_EN"        @ string offset=4637
.Linfo_string273:
	.asciz	"LIN_EMC_SLOPEDIS_PU_EN"        @ string offset=4660
.Linfo_string274:
	.asciz	"LIN_EMC_FBNEG_EN"              @ string offset=4683
.Linfo_string275:
	.asciz	"RESERVED4"                     @ string offset=4700
.Linfo_string276:
	.asciz	"LIN_EMC_LEVEL"                 @ string offset=4710
.Linfo_string277:
	.asciz	"LIN_RX_DELAY"                  @ string offset=4724
.Linfo_string278:
	.asciz	"LIN_EMC_PD_CUR"                @ string offset=4737
.Linfo_string279:
	.asciz	"LIN_EMC_PU_CUR"                @ string offset=4752
.Linfo_string280:
	.asciz	"LIN_PDSSOK_EN"                 @ string offset=4767
.Linfo_string281:
	.asciz	"LIN_HARD_SWITCH"               @ string offset=4781
.Linfo_string282:
	.asciz	"LINAA_TESTSEL"                 @ string offset=4797
.Linfo_string283:
	.asciz	"TEST_TEST_LIN_CTRL_FIELD_T"    @ string offset=4811
.Linfo_string284:
	.asciz	"TEST_LIN_STATUS"               @ string offset=4838
.Linfo_string285:
	.asciz	"TEST_LIN_STATUS_F"             @ string offset=4854
.Linfo_string286:
	.asciz	"LIN_SLOPEDIS"                  @ string offset=4872
.Linfo_string287:
	.asciz	"LIN_COMPOUT"                   @ string offset=4885
.Linfo_string288:
	.asciz	"LIN_SLOPE_OK"                  @ string offset=4897
.Linfo_string289:
	.asciz	"TEST_TEST_LIN_STATUS_FIELD_T"  @ string offset=4910
.Linfo_string290:
	.asciz	"TEST_ADC_CTRL"                 @ string offset=4939
.Linfo_string291:
	.asciz	"TEST_ADC_CTRL_F"               @ string offset=4953
.Linfo_string292:
	.asciz	"ADC_VREF_TEST_SEL"             @ string offset=4969
.Linfo_string293:
	.asciz	"ADC_VCM_TEST_SEL"              @ string offset=4987
.Linfo_string294:
	.asciz	"ADC_TEST_SEL"                  @ string offset=5004
.Linfo_string295:
	.asciz	"ADC_EXT_CLK_EN"                @ string offset=5017
.Linfo_string296:
	.asciz	"TEST_TEST_ADC_CTRL_FIELD_T"    @ string offset=5032
.Linfo_string297:
	.asciz	"TEST_BUS_CTRL"                 @ string offset=5059
.Linfo_string298:
	.asciz	"TEST_BUS_CTRL_F"               @ string offset=5073
.Linfo_string299:
	.asciz	"TOP_TP_EN"                     @ string offset=5089
.Linfo_string300:
	.asciz	"TOP_TP_IP_SEL"                 @ string offset=5099
.Linfo_string301:
	.asciz	"TOP_TP_HBYTE_SEL"              @ string offset=5113
.Linfo_string302:
	.asciz	"TOP_TP_HNIBBLE_SEL"            @ string offset=5130
.Linfo_string303:
	.asciz	"TOP_TP_OUT_SEL"                @ string offset=5149
.Linfo_string304:
	.asciz	"IP_TP_SEL"                     @ string offset=5164
.Linfo_string305:
	.asciz	"TEST_TEST_BUS_CTRL_FIELD_T"    @ string offset=5174
.Linfo_string306:
	.asciz	"TEST_LDO15_TRIM"               @ string offset=5201
.Linfo_string307:
	.asciz	"TEST_LDO15_TRIM_F"             @ string offset=5217
.Linfo_string308:
	.asciz	"LDO15_TRIM"                    @ string offset=5235
.Linfo_string309:
	.asciz	"LDO15_PORB_SEL"                @ string offset=5246
.Linfo_string310:
	.asciz	"TEST_TEST_LDO15_TRIM_FIELD_T"  @ string offset=5261
.Linfo_string311:
	.asciz	"TM_STATUS"                     @ string offset=5290
.Linfo_string312:
	.asciz	"TM_STATUS_F"                   @ string offset=5300
.Linfo_string313:
	.asciz	"NVR_DIS_TM"                    @ string offset=5312
.Linfo_string314:
	.asciz	"NVR_DIS_TM_ALL"                @ string offset=5323
.Linfo_string315:
	.asciz	"TEST_TM_STATUS_FIELD_T"        @ string offset=5338
.Linfo_string316:
	.asciz	"TEST_LED_IB_DIAG_TRIM"         @ string offset=5361
.Linfo_string317:
	.asciz	"TEST_LED_IB_DIAG_TRIM_F"       @ string offset=5383
.Linfo_string318:
	.asciz	"LED_IB_DIAG0_TRIM"             @ string offset=5407
.Linfo_string319:
	.asciz	"LED_IB_DIAG1_TRIM"             @ string offset=5425
.Linfo_string320:
	.asciz	"LED_IB_DIAG2_TRIM"             @ string offset=5443
.Linfo_string321:
	.asciz	"TEST_TEST_LED_IB_DIAG_TRIM_FIELD_T" @ string offset=5461
.Linfo_string322:
	.asciz	"TEST_BIAS_TRIM"                @ string offset=5496
.Linfo_string323:
	.asciz	"TEST_BIAS_TRIM_F"              @ string offset=5511
.Linfo_string324:
	.asciz	"BIAS_TRIM"                     @ string offset=5528
.Linfo_string325:
	.asciz	"TEST_TEST_BIAS_TRIM_FIELD_T"   @ string offset=5538
.Linfo_string326:
	.asciz	"TEST_LED_LDO5_TRIM"            @ string offset=5566
.Linfo_string327:
	.asciz	"TEST_LED_LDO5_TRIM_F"          @ string offset=5585
.Linfo_string328:
	.asciz	"LED_LDO5_OCP_TRIM"             @ string offset=5606
.Linfo_string329:
	.asciz	"LED_LDO5_OUT_TRIM"             @ string offset=5624
.Linfo_string330:
	.asciz	"LED_RES_TC_TRIM"               @ string offset=5642
.Linfo_string331:
	.asciz	"LED_LDO5_OCP_EN"               @ string offset=5658
.Linfo_string332:
	.asciz	"TEST_TEST_LED_LDO5_TRIM_FIELD_T" @ string offset=5674
.Linfo_string333:
	.asciz	"TEST_RESERVED_T_TRIM"          @ string offset=5706
.Linfo_string334:
	.asciz	"TEST_RESERVED_T_TRIM_F"        @ string offset=5727
.Linfo_string335:
	.asciz	"RESERVED_T_IDAC_TRIM"          @ string offset=5750
.Linfo_string336:
	.asciz	"TEST_TEST_RESERVED_T_TRIM_FIELD_T" @ string offset=5771
.Linfo_string337:
	.asciz	"ADC_TRIM0"                     @ string offset=5805
.Linfo_string338:
	.asciz	"ADC_TRIM0_F"                   @ string offset=5815
.Linfo_string339:
	.asciz	"SARADC_TRIM_VAL0"              @ string offset=5827
.Linfo_string340:
	.asciz	"SARADC_TRIM_VAL1"              @ string offset=5844
.Linfo_string341:
	.asciz	"SARADC_TRIM_VAL2"              @ string offset=5861
.Linfo_string342:
	.asciz	"SARADC_TRIM_VAL3"              @ string offset=5878
.Linfo_string343:
	.asciz	"TEST_ADC_TRIM0_FIELD_T"        @ string offset=5895
.Linfo_string344:
	.asciz	"ADC_TRIM1"                     @ string offset=5918
.Linfo_string345:
	.asciz	"ADC_TRIM1_F"                   @ string offset=5928
.Linfo_string346:
	.asciz	"SARADC_TRIM_VAL4"              @ string offset=5940
.Linfo_string347:
	.asciz	"SARADC_TRIM_VAL5"              @ string offset=5957
.Linfo_string348:
	.asciz	"TEST_ADC_TRIM1_FIELD_T"        @ string offset=5974
.Linfo_string349:
	.asciz	"ADC_TRIM2"                     @ string offset=5997
.Linfo_string350:
	.asciz	"ADC_TRIM2_F"                   @ string offset=6007
.Linfo_string351:
	.asciz	"SARADC_TRIM_VAL6"              @ string offset=6019
.Linfo_string352:
	.asciz	"SARADC_TRIM_VAL7"              @ string offset=6036
.Linfo_string353:
	.asciz	"TEST_ADC_TRIM2_FIELD_T"        @ string offset=6053
.Linfo_string354:
	.asciz	"ADC_TRIM3"                     @ string offset=6076
.Linfo_string355:
	.asciz	"ADC_TRIM3_F"                   @ string offset=6086
.Linfo_string356:
	.asciz	"SARADC_TRIM_VAL8"              @ string offset=6098
.Linfo_string357:
	.asciz	"SARADC_TRIM_VAL9"              @ string offset=6115
.Linfo_string358:
	.asciz	"TEST_ADC_TRIM3_FIELD_T"        @ string offset=6132
.Linfo_string359:
	.asciz	"ADC_TRIM4"                     @ string offset=6155
.Linfo_string360:
	.asciz	"ADC_TRIM4_F"                   @ string offset=6165
.Linfo_string361:
	.asciz	"SARADC_TRIM_VAL10"             @ string offset=6177
.Linfo_string362:
	.asciz	"SARADC_TRIM_VAL11"             @ string offset=6195
.Linfo_string363:
	.asciz	"TEST_ADC_TRIM4_FIELD_T"        @ string offset=6213
.Linfo_string364:
	.asciz	"ADC_TRIM5"                     @ string offset=6236
.Linfo_string365:
	.asciz	"ADC_TRIM5_F"                   @ string offset=6246
.Linfo_string366:
	.asciz	"SARADC_TRIM_VAL12"             @ string offset=6258
.Linfo_string367:
	.asciz	"SARADC_TRIM_VAL13"             @ string offset=6276
.Linfo_string368:
	.asciz	"TEST_ADC_TRIM5_FIELD_T"        @ string offset=6294
.Linfo_string369:
	.asciz	"ADC_TRIM6"                     @ string offset=6317
.Linfo_string370:
	.asciz	"ADC_TRIM6_F"                   @ string offset=6327
.Linfo_string371:
	.asciz	"SARADC_TRIM_VAL14"             @ string offset=6339
.Linfo_string372:
	.asciz	"SARADC_TRIM_VAL15"             @ string offset=6357
.Linfo_string373:
	.asciz	"TEST_ADC_TRIM6_FIELD_T"        @ string offset=6375
.Linfo_string374:
	.asciz	"ADC_TRIM7"                     @ string offset=6398
.Linfo_string375:
	.asciz	"ADC_TRIM7_F"                   @ string offset=6408
.Linfo_string376:
	.asciz	"SARADC_TRIM_VAL16"             @ string offset=6420
.Linfo_string377:
	.asciz	"TEST_ADC_TRIM7_FIELD_T"        @ string offset=6438
.Linfo_string378:
	.asciz	"TEST_LOCK"                     @ string offset=6461
.Linfo_string379:
	.asciz	"TEST_LOCK_F"                   @ string offset=6471
.Linfo_string380:
	.asciz	"TEST_TEST_LOCK_FIELD_T"        @ string offset=6483
.Linfo_string381:
	.asciz	"TEST_REG_TypeDef"              @ string offset=6506
.Linfo_string382:
	.asciz	"SLEEP_MODE"                    @ string offset=6523
.Linfo_string383:
	.asciz	"SLEEP_MODE_F"                  @ string offset=6534
.Linfo_string384:
	.asciz	"SLP_MODE"                      @ string offset=6547
.Linfo_string385:
	.asciz	"ASYSCFG_SLEEP_MODE_FIELD_T"    @ string offset=6556
.Linfo_string386:
	.asciz	"WAIT_CYCLE"                    @ string offset=6583
.Linfo_string387:
	.asciz	"WAIT_CYCLE_F"                  @ string offset=6594
.Linfo_string388:
	.asciz	"PUP_CYCLE_HFCLK"               @ string offset=6607
.Linfo_string389:
	.asciz	"PUP_CYCLE_PSW15"               @ string offset=6623
.Linfo_string390:
	.asciz	"PUP_CYCLE_LDO33_DL_HW_EN"      @ string offset=6639
.Linfo_string391:
	.asciz	"PUP_CYCLE_LDO15_DL_HW_EN"      @ string offset=6664
.Linfo_string392:
	.asciz	"ASYSCFG_WAIT_CYCLE_FIELD_T"    @ string offset=6689
.Linfo_string393:
	.asciz	"RCCLK_CTRL"                    @ string offset=6716
.Linfo_string394:
	.asciz	"RCCLK_CTRL_F"                  @ string offset=6727
.Linfo_string395:
	.asciz	"SW_HRC_EN"                     @ string offset=6740
.Linfo_string396:
	.asciz	"ASYSCFG_RCCLK_CTRL_FIELD_T"    @ string offset=6750
.Linfo_string397:
	.asciz	"RST_CTRL"                      @ string offset=6777
.Linfo_string398:
	.asciz	"RST_CTRL_F"                    @ string offset=6786
.Linfo_string399:
	.asciz	"RST_FLAG"                      @ string offset=6797
.Linfo_string400:
	.asciz	"CLR_RST"                       @ string offset=6806
.Linfo_string401:
	.asciz	"SW_POR_REQ"                    @ string offset=6814
.Linfo_string402:
	.asciz	"M0_LOCKUP_EN"                  @ string offset=6825
.Linfo_string403:
	.asciz	"ASYSCFG_RST_CTRL_FIELD_T"      @ string offset=6838
.Linfo_string404:
	.asciz	"VS_LVD_CTRL"                   @ string offset=6863
.Linfo_string405:
	.asciz	"VS_LVD_CTRL_F"                 @ string offset=6875
.Linfo_string406:
	.asciz	"VS_LVD_EN"                     @ string offset=6889
.Linfo_string407:
	.asciz	"VS_LVD_SEL"                    @ string offset=6899
.Linfo_string408:
	.asciz	"VS_LVD"                        @ string offset=6910
.Linfo_string409:
	.asciz	"ASYSCFG_VS_LVD_CTRL_FIELD_T"   @ string offset=6917
.Linfo_string410:
	.asciz	"LDO33_CTRL"                    @ string offset=6945
.Linfo_string411:
	.asciz	"LDO33_CTRL_F"                  @ string offset=6956
.Linfo_string412:
	.asciz	"LDO33_DL_SW_ENB"               @ string offset=6969
.Linfo_string413:
	.asciz	"LDO33_DL_IBASE_SEL"            @ string offset=6985
.Linfo_string414:
	.asciz	"ASYSCFG_LDO33_CTRL_FIELD_T"    @ string offset=7004
.Linfo_string415:
	.asciz	"LDO15_CTRL"                    @ string offset=7031
.Linfo_string416:
	.asciz	"LDO15_CTRL_F"                  @ string offset=7042
.Linfo_string417:
	.asciz	"LDO15_DL_SW_ENB"               @ string offset=7055
.Linfo_string418:
	.asciz	"LDO15_DL_IBASE_SEL"            @ string offset=7071
.Linfo_string419:
	.asciz	"ASYSCFG_LDO15_CTRL_FIELD_T"    @ string offset=7090
.Linfo_string420:
	.asciz	"VS_ALT_CTRL"                   @ string offset=7117
.Linfo_string421:
	.asciz	"VS_ALT_CTRL_F"                 @ string offset=7129
.Linfo_string422:
	.asciz	"VS_ALT_SEL"                    @ string offset=7143
.Linfo_string423:
	.asciz	"ASYSCFG_VS_ALT_CTRL_FIELD_T"   @ string offset=7154
.Linfo_string424:
	.asciz	"OPT_STATUS"                    @ string offset=7182
.Linfo_string425:
	.asciz	"OPT_STATUS_F"                  @ string offset=7193
.Linfo_string426:
	.asciz	"OTP_OUT"                       @ string offset=7206
.Linfo_string427:
	.asciz	"ASYSCFG_OPT_STATUS_FIELD_T"    @ string offset=7214
.Linfo_string428:
	.asciz	"PMU_IRQ_CTRL"                  @ string offset=7241
.Linfo_string429:
	.asciz	"PMU_IRQ_CTRL_F"                @ string offset=7254
.Linfo_string430:
	.asciz	"VS_LVD_IRQ_MODE"               @ string offset=7269
.Linfo_string431:
	.asciz	"OTP_IRQ_MODE"                  @ string offset=7285
.Linfo_string432:
	.asciz	"RESERVED12_OCP_IRQ_MODE"       @ string offset=7298
.Linfo_string433:
	.asciz	"ASYSCFG_PMU_IRQ_CTRL_FIELD_T"  @ string offset=7322
.Linfo_string434:
	.asciz	"IMR"                           @ string offset=7351
.Linfo_string435:
	.asciz	"IMR_F"                         @ string offset=7355
.Linfo_string436:
	.asciz	"WU_INT_MSK"                    @ string offset=7361
.Linfo_string437:
	.asciz	"VS_LVD_INT_MSK"                @ string offset=7372
.Linfo_string438:
	.asciz	"OTP_INT_MSK"                   @ string offset=7387
.Linfo_string439:
	.asciz	"RESERVED12_OCP_INT_MSK"        @ string offset=7399
.Linfo_string440:
	.asciz	"RESERVED12_RDY_INT_MSK"        @ string offset=7422
.Linfo_string441:
	.asciz	"ASYSCFG_IMR_FIELD_T"           @ string offset=7445
.Linfo_string442:
	.asciz	"ICR"                           @ string offset=7465
.Linfo_string443:
	.asciz	"ICR_F"                         @ string offset=7469
.Linfo_string444:
	.asciz	"WU_INT_CLR"                    @ string offset=7475
.Linfo_string445:
	.asciz	"VS_LVD_INT_CLR"                @ string offset=7486
.Linfo_string446:
	.asciz	"OTP_INT_CLR"                   @ string offset=7501
.Linfo_string447:
	.asciz	"RESERVED12_OCP_INT_CLR"        @ string offset=7513
.Linfo_string448:
	.asciz	"RESERVED12_RDY_INT_CLR"        @ string offset=7536
.Linfo_string449:
	.asciz	"ASYSCFG_ICR_FIELD_T"           @ string offset=7559
.Linfo_string450:
	.asciz	"ISR"                           @ string offset=7579
.Linfo_string451:
	.asciz	"ISR_F"                         @ string offset=7583
.Linfo_string452:
	.asciz	"WU_INT_STATUS"                 @ string offset=7589
.Linfo_string453:
	.asciz	"VS_LVD_INT_STATUS"             @ string offset=7603
.Linfo_string454:
	.asciz	"OTP_INT_STATUS"                @ string offset=7621
.Linfo_string455:
	.asciz	"RESERVED12_OCP_INT_STATUS"     @ string offset=7636
.Linfo_string456:
	.asciz	"RESERVED12_RDY_INT_STATUS"     @ string offset=7662
.Linfo_string457:
	.asciz	"ASYSCFG_ISR_FIELD_T"           @ string offset=7688
.Linfo_string458:
	.asciz	"IRSR"                          @ string offset=7708
.Linfo_string459:
	.asciz	"IRSR_F"                        @ string offset=7713
.Linfo_string460:
	.asciz	"WU_INT_RAW_STATUS"             @ string offset=7720
.Linfo_string461:
	.asciz	"VS_LVD_INT_RAW_STATUS"         @ string offset=7738
.Linfo_string462:
	.asciz	"OTP_INT_RAW_STATUS"            @ string offset=7760
.Linfo_string463:
	.asciz	"RESERVED12_OCP_INT_RAW_STATUS" @ string offset=7779
.Linfo_string464:
	.asciz	"RESERVED12_RDY_INT_RAW_STATUS" @ string offset=7809
.Linfo_string465:
	.asciz	"ASYSCFG_IRSR_FIELD_T"          @ string offset=7839
.Linfo_string466:
	.asciz	"WU_CTRL"                       @ string offset=7860
.Linfo_string467:
	.asciz	"WU_CTRL_F"                     @ string offset=7868
.Linfo_string468:
	.asciz	"WU_EN"                         @ string offset=7878
.Linfo_string469:
	.asciz	"WU_SRC_SEL"                    @ string offset=7884
.Linfo_string470:
	.asciz	"WU_TIM"                        @ string offset=7895
.Linfo_string471:
	.asciz	"WU_FILTER_CNT_MAX"             @ string offset=7902
.Linfo_string472:
	.asciz	"ASYSCFG_WU_CTRL_FIELD_T"       @ string offset=7920
.Linfo_string473:
	.asciz	"ADC_CAL_CTRL"                  @ string offset=7944
.Linfo_string474:
	.asciz	"ADC_CAL_CTRL_F"                @ string offset=7957
.Linfo_string475:
	.asciz	"ADC_OUT_CAL"                   @ string offset=7972
.Linfo_string476:
	.asciz	"ADC_OUT_OFFSET"                @ string offset=7984
.Linfo_string477:
	.asciz	"ASYSCFG_ADC_CAL_CTRL_FIELD_T"  @ string offset=7999
.Linfo_string478:
	.asciz	"OTP_RST_CTRL"                  @ string offset=8028
.Linfo_string479:
	.asciz	"OTP_RST_CTRL_F"                @ string offset=8041
.Linfo_string480:
	.asciz	"OTP_RST_EN"                    @ string offset=8056
.Linfo_string481:
	.asciz	"ASYSCFG_OTP_RST_CTRL_FIELD_T"  @ string offset=8067
.Linfo_string482:
	.asciz	"IO4_RST_CTRL"                  @ string offset=8096
.Linfo_string483:
	.asciz	"IO4_RST_CTRL_F"                @ string offset=8109
.Linfo_string484:
	.asciz	"IO4_RST_EN"                    @ string offset=8124
.Linfo_string485:
	.asciz	"ASYSCFG_IO4_RST_CTRL_FIELD_T"  @ string offset=8135
.Linfo_string486:
	.asciz	"RESERVED12_CTRL"               @ string offset=8164
.Linfo_string487:
	.asciz	"RESERVED12_CTRL_F"             @ string offset=8180
.Linfo_string488:
	.asciz	"RESERVED12_EN"                 @ string offset=8198
.Linfo_string489:
	.asciz	"RESERVED12_PULL_DOWN"          @ string offset=8212
.Linfo_string490:
	.asciz	"RESERVED12_OCP_DISABLE"        @ string offset=8233
.Linfo_string491:
	.asciz	"RESERVED12_OCP"                @ string offset=8256
.Linfo_string492:
	.asciz	"RESERVED12_RDY_CNT_MAX"        @ string offset=8271
.Linfo_string493:
	.asciz	"RESERVED12_WKUP_EN"            @ string offset=8294
.Linfo_string494:
	.asciz	"RESERVED12_HW_EN_CLR"          @ string offset=8313
.Linfo_string495:
	.asciz	"ASYSCFG_RESERVED12_CTRL_FIELD_T" @ string offset=8334
.Linfo_string496:
	.asciz	"IO4_RST_FILTER"                @ string offset=8366
.Linfo_string497:
	.asciz	"IO4_RST_FILTER_F"              @ string offset=8381
.Linfo_string498:
	.asciz	"IO4_RST_FILTER_CNT_MAX"        @ string offset=8398
.Linfo_string499:
	.asciz	"ASYSCFG_IO4_RST_FILTER_FIELD_T" @ string offset=8421
.Linfo_string500:
	.asciz	"AON_IO_CTRL"                   @ string offset=8452
.Linfo_string501:
	.asciz	"AON_IO_CTRL_F"                 @ string offset=8464
.Linfo_string502:
	.asciz	"AON_IO_OUT_EN"                 @ string offset=8478
.Linfo_string503:
	.asciz	"AON_IO_OUT_SEL"                @ string offset=8492
.Linfo_string504:
	.asciz	"AON_IO_OUT_VAL"                @ string offset=8507
.Linfo_string505:
	.asciz	"ASYSCFG_AON_IO_CTRL_FIELD_T"   @ string offset=8522
.Linfo_string506:
	.asciz	"BKUP0"                         @ string offset=8550
.Linfo_string507:
	.asciz	"BKUP0_F"                       @ string offset=8556
.Linfo_string508:
	.asciz	"ASYSCFG_BKUP0_FIELD_T"         @ string offset=8564
.Linfo_string509:
	.asciz	"BKUP1"                         @ string offset=8586
.Linfo_string510:
	.asciz	"BKUP1_F"                       @ string offset=8592
.Linfo_string511:
	.asciz	"ASYSCFG_BKUP1_FIELD_T"         @ string offset=8600
.Linfo_string512:
	.asciz	"PATCH_BIT"                     @ string offset=8622
.Linfo_string513:
	.asciz	"PATCH_BIT_F"                   @ string offset=8632
.Linfo_string514:
	.asciz	"ASYSCFG_PATCH_BIT_FIELD_T"     @ string offset=8644
.Linfo_string515:
	.asciz	"ASYSCFG_LOCK"                  @ string offset=8670
.Linfo_string516:
	.asciz	"ASYSCFG_LOCK_F"                @ string offset=8683
.Linfo_string517:
	.asciz	"ASYSCFG_ASYSCFG_LOCK_FIELD_T"  @ string offset=8698
.Linfo_string518:
	.asciz	"ASYSCFG_REG_TypeDef"           @ string offset=8727
.Linfo_string519:
	.asciz	"int"                           @ string offset=8747
.Linfo_string520:
	.asciz	"int32_t"                       @ string offset=8751
.Linfo_string521:
	.asciz	"ISER"                          @ string offset=8759
.Linfo_string522:
	.asciz	"ICER"                          @ string offset=8764
.Linfo_string523:
	.asciz	"ISPR"                          @ string offset=8769
.Linfo_string524:
	.asciz	"ICPR"                          @ string offset=8774
.Linfo_string525:
	.asciz	"IP"                            @ string offset=8779
.Linfo_string526:
	.asciz	"NVIC_Type"                     @ string offset=8782
.Linfo_string527:
	.asciz	"CPUID"                         @ string offset=8792
.Linfo_string528:
	.asciz	"ICSR"                          @ string offset=8798
.Linfo_string529:
	.asciz	"AIRCR"                         @ string offset=8803
.Linfo_string530:
	.asciz	"SCR"                           @ string offset=8809
.Linfo_string531:
	.asciz	"CCR"                           @ string offset=8813
.Linfo_string532:
	.asciz	"SHP"                           @ string offset=8817
.Linfo_string533:
	.asciz	"SHCSR"                         @ string offset=8821
.Linfo_string534:
	.asciz	"SCB_Type"                      @ string offset=8827
.Linfo_string535:
	.asciz	"ll_gpio_clk_config"            @ string offset=8836
.Linfo_string536:
	.asciz	"ll_gpio_isr_config"            @ string offset=8855
.Linfo_string537:
	.asciz	"flag"                          @ string offset=8874
.Linfo_string538:
	.asciz	"gpio_trigger_flag_e"           @ string offset=8879
.Linfo_string539:
	.asciz	"gpio_pin"                      @ string offset=8899
.Linfo_string540:
	.asciz	"gpio_pin_e"                    @ string offset=8908
.Linfo_string541:
	.asciz	"__NVIC_SetPriority"            @ string offset=8919
.Linfo_string542:
	.asciz	"IRQn_Type"                     @ string offset=8938
.Linfo_string543:
	.asciz	"priority"                      @ string offset=8948
.Linfo_string544:
	.asciz	"__NVIC_ClearPendingIRQ"        @ string offset=8957
.Linfo_string545:
	.asciz	"__NVIC_EnableIRQ"              @ string offset=8980
.Linfo_string546:
	.asciz	"__NVIC_DisableIRQ"             @ string offset=8997
.Linfo_string547:
	.asciz	"ll_gpio_deinit"                @ string offset=9015
.Linfo_string548:
	.asciz	"ll_gpio_init"                  @ string offset=9030
.Linfo_string549:
	.asciz	"ll_gpio_read"                  @ string offset=9043
.Linfo_string550:
	.asciz	"_Bool"                         @ string offset=9056
.Linfo_string551:
	.asciz	"ll_gpio_output"                @ string offset=9062
.Linfo_string552:
	.asciz	"ll_gpio_toggle"                @ string offset=9077
.Linfo_string553:
	.asciz	"ll_gpio_isr_enable"            @ string offset=9092
.Linfo_string554:
	.asciz	"ll_gpio_interrupt_flag_get"    @ string offset=9111
.Linfo_string555:
	.asciz	"ll_gpio_interrupt_clear"       @ string offset=9138
.Linfo_string556:
	.asciz	"ll_gpio_afio_config"           @ string offset=9162
.Linfo_string557:
	.asciz	"ll_gpio_ano_lpm_config"        @ string offset=9182
.Linfo_string558:
	.asciz	"ll_gpio_reset_enable"          @ string offset=9205
.Linfo_string559:
	.asciz	"GPIO_IRQHandler"               @ string offset=9226
.Linfo_string560:
	.asciz	"config"                        @ string offset=9242
.Linfo_string561:
	.asciz	"mode"                          @ string offset=9249
.Linfo_string562:
	.asciz	"gpio_mode_e"                   @ string offset=9254
.Linfo_string563:
	.asciz	"pull_mode"                     @ string offset=9266
.Linfo_string564:
	.asciz	"gpio_pull_mode_e"              @ string offset=9276
.Linfo_string565:
	.asciz	"pull_down_type"                @ string offset=9293
.Linfo_string566:
	.asciz	"gpio_pull_down_type"           @ string offset=9308
.Linfo_string567:
	.asciz	"afio"                          @ string offset=9328
.Linfo_string568:
	.asciz	"gpio_afio_mux_e"               @ string offset=9333
.Linfo_string569:
	.asciz	"trigger_flag"                  @ string offset=9349
.Linfo_string570:
	.asciz	"gpio_config_t"                 @ string offset=9362
.Linfo_string571:
	.asciz	"callback"                      @ string offset=9376
.Linfo_string572:
	.asciz	"reg_val"                       @ string offset=9385
.Linfo_string573:
	.asciz	"reg"                           @ string offset=9393
.Linfo_string574:
	.asciz	"state"                         @ string offset=9397
.Linfo_string575:
	.asciz	"enable"                        @ string offset=9403
.Linfo_string576:
	.asciz	"afio_mux"                      @ string offset=9410
.Linfo_string577:
	.asciz	"keep_high"                     @ string offset=9419
.Linfo_string578:
	.asciz	"isr"                           @ string offset=9429
	.ident	"Component: Arm Compiler for Embedded 6.21 Tool: armclang [5ec1fd00]"
	.section	".note.GNU-stack","",%progbits
	.eabi_attribute	30, 4	@ Tag_ABI_optimization_goals
	.ARM_attribute	16, 1	@ Tag_AV_eba
	.section	.debug_line,"",%progbits
.Lline_table_start0:
