	.text
	.syntax unified
	.eabi_attribute	67, "2.09"	@ Tag_conformance
	.cpu	cortex-m0
	.eabi_attribute	6, 12	@ Tag_CPU_arch
	.eabi_attribute	7, 77	@ Tag_CPU_arch_profile
	.eabi_attribute	8, 0	@ Tag_ARM_ISA_use
	.eabi_attribute	9, 1	@ Tag_THUMB_ISA_use
	.eabi_attribute	34, 0	@ Tag_CPU_unaligned_access
	.eabi_attribute	17, 1	@ Tag_ABI_PCS_GOT_use
	.eabi_attribute	20, 2	@ Tag_ABI_FP_denormal
	.eabi_attribute	21, 0	@ Tag_ABI_FP_exceptions
	.eabi_attribute	23, 1	@ Tag_ABI_FP_number_model
	.eabi_attribute	24, 1	@ Tag_ABI_align_needed
	.eabi_attribute	25, 1	@ Tag_ABI_align_preserved
	.eabi_attribute	38, 1	@ Tag_ABI_FP_16bit_format
	.eabi_attribute	18, 2	@ Tag_ABI_PCS_wchar_t
	.eabi_attribute	26, 1	@ Tag_ABI_enum_size
	.eabi_attribute	14, 0	@ Tag_ABI_PCS_R9_use
	.file	"tcpl04x_ll_pwm.c"
	.file	1 "C:\\Keil_v5\\ARM\\ARMCLANG\\Bin\\..\\include" "stdint.h"
	.file	2 "C:\\baidunetdiskdownload\\\346\263\260\347\237\275\345\276\256\\\346\260\233\345\233\264\347\201\257\\TCPL0X_AUTO_SDK_V2.0.0\\TCPL0X_AUTO_SDK_V2.0.0\\examples\\tcpl04x\\demo_apps\\tcpl04b_swsc_lean\\MDK" "../07_TCPL04B_MCAL/tcpl04x_ll_def.h"
	.file	3 "C:\\baidunetdiskdownload\\\346\263\260\347\237\275\345\276\256\\\346\260\233\345\233\264\347\201\257\\TCPL0X_AUTO_SDK_V2.0.0\\TCPL0X_AUTO_SDK_V2.0.0\\examples\\tcpl04x\\demo_apps\\tcpl04b_swsc_lean\\MDK" "../07_TCPL04B_MCAL/tcpl04x_ll_pwm.c"
	.file	4 "C:\\baidunetdiskdownload\\\346\263\260\347\237\275\345\276\256\\\346\260\233\345\233\264\347\201\257\\TCPL0X_AUTO_SDK_V2.0.0\\TCPL0X_AUTO_SDK_V2.0.0\\examples\\tcpl04x\\demo_apps\\tcpl04b_swsc_lean\\MDK" "../07_TCPL04B_MCAL/tcpl04x_ll_pwm.h"
	.file	5 "C:\\baidunetdiskdownload\\\346\263\260\347\237\275\345\276\256\\\346\260\233\345\233\264\347\201\257\\TCPL0X_AUTO_SDK_V2.0.0\\TCPL0X_AUTO_SDK_V2.0.0\\examples\\tcpl04x\\demo_apps\\tcpl04b_swsc_lean\\MDK" "../06_TCPL04B_Device/tcpl04x.h"
	.file	6 "C:\\baidunetdiskdownload\\\346\263\260\347\237\275\345\276\256\\\346\260\233\345\233\264\347\201\257\\TCPL0X_AUTO_SDK_V2.0.0\\TCPL0X_AUTO_SDK_V2.0.0\\examples\\tcpl04x\\demo_apps\\tcpl04b_swsc_lean\\MDK" "../07_TCPL04B_MCAL/tcpl04x_ll_gpio.h"
	.file	7 "C:\\baidunetdiskdownload\\\346\263\260\347\237\275\345\276\256\\\346\260\233\345\233\264\347\201\257\\TCPL0X_AUTO_SDK_V2.0.0\\TCPL0X_AUTO_SDK_V2.0.0\\examples\\tcpl04x\\demo_apps\\tcpl04b_swsc_lean\\MDK" "../06_TCPL04B_Device/pwm_reg_def.h"
	.file	8 "C:\\baidunetdiskdownload\\\346\263\260\347\237\275\345\276\256\\\346\260\233\345\233\264\347\201\257\\TCPL0X_AUTO_SDK_V2.0.0\\TCPL0X_AUTO_SDK_V2.0.0\\examples\\tcpl04x\\demo_apps\\tcpl04b_swsc_lean\\MDK" "../06_TCPL04B_Device/crg_reg_def.h"
	.file	9 "C:\\baidunetdiskdownload\\\346\263\260\347\237\275\345\276\256\\\346\260\233\345\233\264\347\201\257\\TCPL0X_AUTO_SDK_V2.0.0\\TCPL0X_AUTO_SDK_V2.0.0\\examples\\tcpl04x\\demo_apps\\tcpl04b_swsc_lean\\MDK" "../06_TCPL04B_Device/core_cm0.h"
	.section	.text.ll_pwm_isr_flag_enable,"ax",%progbits
	.hidden	ll_pwm_isr_flag_enable          @ -- Begin function ll_pwm_isr_flag_enable
	.globl	ll_pwm_isr_flag_enable
	.p2align	2
	.type	ll_pwm_isr_flag_enable,%function
	.code	16                              @ @ll_pwm_isr_flag_enable
	.thumb_func
ll_pwm_isr_flag_enable:
.Lfunc_begin0:
	.loc	3 80 0                          @ ../07_TCPL04B_MCAL/tcpl04x_ll_pwm.c:80:0
	.fnstart
	.cfi_sections .debug_frame
	.cfi_startproc
@ %bb.0:
	@DEBUG_VALUE: ll_pwm_isr_flag_enable:bus <- $r0
	@DEBUG_VALUE: ll_pwm_isr_flag_enable:isr <- $r1
	@DEBUG_VALUE: ll_pwm_isr_flag_enable:enable <- [DW_OP_LLVM_convert 1 7, DW_OP_LLVM_convert 8 7, DW_OP_stack_value] $r2
	.save	{r4, lr}
	push	{r4, lr}
	.cfi_def_cfa_offset 8
	.cfi_offset lr, -4
	.cfi_offset r4, -8
.Ltmp0:
	.loc	3 81 9 prologue_end             @ ../07_TCPL04B_MCAL/tcpl04x_ll_pwm.c:81:9
	cmp	r0, #0
	beq	.LBB0_2
.Ltmp1:
@ %bb.1:
	@DEBUG_VALUE: ll_pwm_isr_flag_enable:enable <- [DW_OP_LLVM_convert 1 7, DW_OP_LLVM_convert 8 7, DW_OP_stack_value] $r2
	@DEBUG_VALUE: ll_pwm_isr_flag_enable:isr <- $r1
	@DEBUG_VALUE: ll_pwm_isr_flag_enable:bus <- $r0
	.loc	3 0 9 is_stmt 0                 @ ../07_TCPL04B_MCAL/tcpl04x_ll_pwm.c:0:9
	movs	r0, #1
.Ltmp2:
	@DEBUG_VALUE: ll_pwm_isr_flag_enable:bus <- [DW_OP_LLVM_entry_value 1] $r0
	.loc	3 99 1 epilogue_begin is_stmt 1 @ ../07_TCPL04B_MCAL/tcpl04x_ll_pwm.c:99:1
	pop	{r4, pc}
.Ltmp3:
.LBB0_2:
	@DEBUG_VALUE: ll_pwm_isr_flag_enable:enable <- [DW_OP_LLVM_convert 1 7, DW_OP_LLVM_convert 8 7, DW_OP_stack_value] $r2
	@DEBUG_VALUE: ll_pwm_isr_flag_enable:isr <- $r1
	@DEBUG_VALUE: ll_pwm_isr_flag_enable:bus <- $r0
	.loc	3 0 1 is_stmt 0                 @ ../07_TCPL04B_MCAL/tcpl04x_ll_pwm.c:0:1
	ldr	r0, __arm_cp.0_0
.Ltmp4:
	@DEBUG_VALUE: ll_pwm_isr_flag_enable:bus <- [DW_OP_LLVM_entry_value 1] $r0
	.loc	3 86 14 is_stmt 1               @ ../07_TCPL04B_MCAL/tcpl04x_ll_pwm.c:86:14
	ldr	r3, [r0, #4]
	ldr	r4, __arm_cp.0_1
	orrs	r4, r3
	str	r4, [r0, #4]
.Ltmp5:
	.loc	3 0 0 is_stmt 0                 @ ../07_TCPL04B_MCAL/tcpl04x_ll_pwm.c:0:0
	uxth	r3, r1
.Ltmp6:
	.loc	3 88 9 is_stmt 1                @ ../07_TCPL04B_MCAL/tcpl04x_ll_pwm.c:88:9
	cmp	r2, #0
	beq	.LBB0_4
.Ltmp7:
@ %bb.3:
	@DEBUG_VALUE: ll_pwm_isr_flag_enable:bus <- [DW_OP_LLVM_entry_value 1] $r0
	@DEBUG_VALUE: ll_pwm_isr_flag_enable:enable <- [DW_OP_LLVM_convert 1 7, DW_OP_LLVM_convert 8 7, DW_OP_stack_value] $r2
	@DEBUG_VALUE: ll_pwm_isr_flag_enable:isr <- $r1
	.loc	3 91 18                         @ ../07_TCPL04B_MCAL/tcpl04x_ll_pwm.c:91:18
	ldr	r1, [r0]
.Ltmp8:
	@DEBUG_VALUE: ll_pwm_isr_flag_enable:isr <- [DW_OP_LLVM_entry_value 1] $r1
	bics	r1, r3
	b	.LBB0_5
.Ltmp9:
.LBB0_4:
	@DEBUG_VALUE: ll_pwm_isr_flag_enable:bus <- [DW_OP_LLVM_entry_value 1] $r0
	@DEBUG_VALUE: ll_pwm_isr_flag_enable:enable <- [DW_OP_LLVM_convert 1 7, DW_OP_LLVM_convert 8 7, DW_OP_stack_value] $r2
	@DEBUG_VALUE: ll_pwm_isr_flag_enable:isr <- $r1
	.loc	3 95 18                         @ ../07_TCPL04B_MCAL/tcpl04x_ll_pwm.c:95:18
	ldr	r1, [r0]
.Ltmp10:
	@DEBUG_VALUE: ll_pwm_isr_flag_enable:isr <- [DW_OP_LLVM_entry_value 1] $r1
	orrs	r1, r3
.Ltmp11:
.LBB0_5:
	@DEBUG_VALUE: ll_pwm_isr_flag_enable:isr <- [DW_OP_LLVM_entry_value 1] $r1
	@DEBUG_VALUE: ll_pwm_isr_flag_enable:bus <- [DW_OP_LLVM_entry_value 1] $r0
	@DEBUG_VALUE: ll_pwm_isr_flag_enable:enable <- [DW_OP_LLVM_convert 1 7, DW_OP_LLVM_convert 8 7, DW_OP_stack_value] $r2
	.loc	3 0 0 is_stmt 0                 @ ../07_TCPL04B_MCAL/tcpl04x_ll_pwm.c:0:0
	str	r1, [r0]
	movs	r0, #0
.Ltmp12:
	.loc	3 99 1 epilogue_begin is_stmt 1 @ ../07_TCPL04B_MCAL/tcpl04x_ll_pwm.c:99:1
	pop	{r4, pc}
.Ltmp13:
	.p2align	2
@ %bb.6:
	.loc	3 0 1 is_stmt 0                 @ ../07_TCPL04B_MCAL/tcpl04x_ll_pwm.c:0:1
__arm_cp.0_0:
	.long	1073762344                      @ 0x40005028
.Lcpi_end0:
	.size	__arm_cp.0_0, .Lcpi_end0-__arm_cp.0_0
__arm_cp.0_1:
	.long	65535                           @ 0xffff
.Lcpi_end1:
	.size	__arm_cp.0_1, .Lcpi_end1-__arm_cp.0_1
.Lfunc_end0:
	.size	ll_pwm_isr_flag_enable, .Lfunc_end0-ll_pwm_isr_flag_enable
	.cfi_endproc
	.cantunwind
	.fnend
                                        @ -- End function
	.section	.text.ll_pwm_isr_enable,"ax",%progbits
	.hidden	ll_pwm_isr_enable               @ -- Begin function ll_pwm_isr_enable
	.globl	ll_pwm_isr_enable
	.p2align	2
	.type	ll_pwm_isr_enable,%function
	.code	16                              @ @ll_pwm_isr_enable
	.thumb_func
ll_pwm_isr_enable:
.Lfunc_begin1:
	.fnstart
	.cfi_startproc
@ %bb.0:
	@DEBUG_VALUE: ll_pwm_isr_enable:bus <- $r0
	@DEBUG_VALUE: ll_pwm_isr_enable:enable <- [DW_OP_LLVM_convert 1 7, DW_OP_LLVM_convert 8 7, DW_OP_stack_value] $r1
	.loc	3 111 9 prologue_end is_stmt 1  @ ../07_TCPL04B_MCAL/tcpl04x_ll_pwm.c:111:9
	cmp	r0, #0
	beq	.LBB1_2
.Ltmp14:
@ %bb.1:
	@DEBUG_VALUE: ll_pwm_isr_enable:enable <- [DW_OP_LLVM_convert 1 7, DW_OP_LLVM_convert 8 7, DW_OP_stack_value] $r1
	@DEBUG_VALUE: ll_pwm_isr_enable:bus <- $r0
	.loc	3 0 9 is_stmt 0                 @ ../07_TCPL04B_MCAL/tcpl04x_ll_pwm.c:0:9
	movs	r0, #1
.Ltmp15:
	@DEBUG_VALUE: ll_pwm_isr_enable:bus <- [DW_OP_LLVM_entry_value 1] $r0
	.loc	3 129 1 is_stmt 1               @ ../07_TCPL04B_MCAL/tcpl04x_ll_pwm.c:129:1
	bx	lr
.Ltmp16:
.LBB1_2:
	@DEBUG_VALUE: ll_pwm_isr_enable:enable <- [DW_OP_LLVM_convert 1 7, DW_OP_LLVM_convert 8 7, DW_OP_stack_value] $r1
	@DEBUG_VALUE: ll_pwm_isr_enable:bus <- $r0
	.loc	3 0 1 is_stmt 0                 @ ../07_TCPL04B_MCAL/tcpl04x_ll_pwm.c:0:1
	ldr	r0, __arm_cp.1_0
.Ltmp17:
	@DEBUG_VALUE: ll_pwm_isr_enable:bus <- [DW_OP_LLVM_entry_value 1] $r0
	.loc	3 116 14 is_stmt 1              @ ../07_TCPL04B_MCAL/tcpl04x_ll_pwm.c:116:14
	ldr	r2, [r0]
	ldr	r3, __arm_cp.1_1
	orrs	r3, r2
	str	r3, [r0]
	ldr	r2, __arm_cp.1_2
	movs	r0, #4
.Ltmp18:
	@DEBUG_VALUE: __NVIC_ClearPendingIRQ:IRQn <- 2
	.loc	9 693 24                        @ ../06_TCPL04B_Device/core_cm0.h:693:24
	str	r0, [r2]
.Ltmp19:
	.loc	3 119 9                         @ ../07_TCPL04B_MCAL/tcpl04x_ll_pwm.c:119:9
	cmp	r1, #0
	beq	.LBB1_4
.Ltmp20:
@ %bb.3:
	@DEBUG_VALUE: ll_pwm_isr_enable:bus <- [DW_OP_LLVM_entry_value 1] $r0
	@DEBUG_VALUE: ll_pwm_isr_enable:enable <- [DW_OP_LLVM_convert 1 7, DW_OP_LLVM_convert 8 7, DW_OP_stack_value] $r1
	@DEBUG_VALUE: __NVIC_EnableIRQ:IRQn <- 2
	.loc	9 607 9                         @ ../06_TCPL04B_Device/core_cm0.h:607:9
	@APP
	@NO_APP
	ldr	r1, __arm_cp.1_4
.Ltmp21:
	.loc	9 608 24                        @ ../06_TCPL04B_Device/core_cm0.h:608:24
	str	r0, [r1]
	.loc	9 609 9                         @ ../06_TCPL04B_Device/core_cm0.h:609:9
	@APP
	@NO_APP
	b	.LBB1_5
.Ltmp22:
.LBB1_4:
	@DEBUG_VALUE: ll_pwm_isr_enable:bus <- [DW_OP_LLVM_entry_value 1] $r0
	@DEBUG_VALUE: ll_pwm_isr_enable:enable <- [DW_OP_LLVM_convert 1 7, DW_OP_LLVM_convert 8 7, DW_OP_stack_value] $r1
	.loc	9 0 9 is_stmt 0                 @ ../06_TCPL04B_Device/core_cm0.h:0:9
	ldr	r1, __arm_cp.1_3
.Ltmp23:
	@DEBUG_VALUE: __NVIC_DisableIRQ:IRQn <- 2
	.loc	9 643 24 is_stmt 1              @ ../06_TCPL04B_Device/core_cm0.h:643:24
	str	r0, [r1]
	.loc	9 644 9                         @ ../06_TCPL04B_Device/core_cm0.h:644:9
	dsb	sy
	.loc	9 645 9                         @ ../06_TCPL04B_Device/core_cm0.h:645:9
	isb	sy
.Ltmp24:
.LBB1_5:
	@DEBUG_VALUE: ll_pwm_isr_enable:bus <- [DW_OP_LLVM_entry_value 1] $r0
	.loc	9 0 9 is_stmt 0                 @ ../06_TCPL04B_Device/core_cm0.h:0:9
	movs	r0, #0
	.loc	3 129 1 is_stmt 1               @ ../07_TCPL04B_MCAL/tcpl04x_ll_pwm.c:129:1
	bx	lr
.Ltmp25:
	.p2align	2
@ %bb.6:
	.loc	3 0 1 is_stmt 0                 @ ../07_TCPL04B_MCAL/tcpl04x_ll_pwm.c:0:1
__arm_cp.1_0:
	.long	1073762348                      @ 0x4000502c
.Lcpi_end2:
	.size	__arm_cp.1_0, .Lcpi_end2-__arm_cp.1_0
__arm_cp.1_1:
	.long	65535                           @ 0xffff
.Lcpi_end3:
	.size	__arm_cp.1_1, .Lcpi_end3-__arm_cp.1_1
__arm_cp.1_2:
	.long	3758154368                      @ 0xe000e280
.Lcpi_end4:
	.size	__arm_cp.1_2, .Lcpi_end4-__arm_cp.1_2
__arm_cp.1_3:
	.long	3758154112                      @ 0xe000e180
.Lcpi_end5:
	.size	__arm_cp.1_3, .Lcpi_end5-__arm_cp.1_3
__arm_cp.1_4:
	.long	3758153984                      @ 0xe000e100
.Lcpi_end6:
	.size	__arm_cp.1_4, .Lcpi_end6-__arm_cp.1_4
.Lfunc_end1:
	.size	ll_pwm_isr_enable, .Lfunc_end1-ll_pwm_isr_enable
	.cfi_endproc
	.cantunwind
	.fnend
                                        @ -- End function
	.section	.text.ll_pwm_isr_clear,"ax",%progbits
	.hidden	ll_pwm_isr_clear                @ -- Begin function ll_pwm_isr_clear
	.globl	ll_pwm_isr_clear
	.p2align	2
	.type	ll_pwm_isr_clear,%function
	.code	16                              @ @ll_pwm_isr_clear
	.thumb_func
ll_pwm_isr_clear:
.Lfunc_begin2:
	.fnstart
	.cfi_startproc
@ %bb.0:
	@DEBUG_VALUE: ll_pwm_isr_clear:bus <- $r0
	@DEBUG_VALUE: ll_pwm_isr_clear:flag <- $r1
	.loc	3 141 9 prologue_end is_stmt 1  @ ../07_TCPL04B_MCAL/tcpl04x_ll_pwm.c:141:9
	cmp	r0, #0
	beq	.LBB2_2
.Ltmp26:
@ %bb.1:
	@DEBUG_VALUE: ll_pwm_isr_clear:flag <- $r1
	@DEBUG_VALUE: ll_pwm_isr_clear:bus <- $r0
	.loc	3 0 9 is_stmt 0                 @ ../07_TCPL04B_MCAL/tcpl04x_ll_pwm.c:0:9
	movs	r0, #1
.Ltmp27:
	@DEBUG_VALUE: ll_pwm_isr_clear:bus <- [DW_OP_LLVM_entry_value 1] $r0
	.loc	3 149 1 is_stmt 1               @ ../07_TCPL04B_MCAL/tcpl04x_ll_pwm.c:149:1
	bx	lr
.Ltmp28:
.LBB2_2:
	@DEBUG_VALUE: ll_pwm_isr_clear:flag <- $r1
	@DEBUG_VALUE: ll_pwm_isr_clear:bus <- $r0
	.loc	3 0 1 is_stmt 0                 @ ../07_TCPL04B_MCAL/tcpl04x_ll_pwm.c:0:1
	ldr	r0, __arm_cp.2_0
.Ltmp29:
	@DEBUG_VALUE: ll_pwm_isr_clear:bus <- [DW_OP_LLVM_entry_value 1] $r0
	.loc	3 146 14 is_stmt 1              @ ../07_TCPL04B_MCAL/tcpl04x_ll_pwm.c:146:14
	ldr	r2, [r0]
	orrs	r2, r1
	str	r2, [r0]
	movs	r0, #0
	.loc	3 149 1                         @ ../07_TCPL04B_MCAL/tcpl04x_ll_pwm.c:149:1
	bx	lr
.Ltmp30:
	.p2align	2
@ %bb.3:
	.loc	3 0 1 is_stmt 0                 @ ../07_TCPL04B_MCAL/tcpl04x_ll_pwm.c:0:1
__arm_cp.2_0:
	.long	1073762348                      @ 0x4000502c
.Lcpi_end7:
	.size	__arm_cp.2_0, .Lcpi_end7-__arm_cp.2_0
.Lfunc_end2:
	.size	ll_pwm_isr_clear, .Lfunc_end2-ll_pwm_isr_clear
	.cfi_endproc
	.cantunwind
	.fnend
                                        @ -- End function
	.section	.text.ll_pwm_isr_flag_get,"ax",%progbits
	.hidden	ll_pwm_isr_flag_get             @ -- Begin function ll_pwm_isr_flag_get
	.globl	ll_pwm_isr_flag_get
	.p2align	2
	.type	ll_pwm_isr_flag_get,%function
	.code	16                              @ @ll_pwm_isr_flag_get
	.thumb_func
ll_pwm_isr_flag_get:
.Lfunc_begin3:
	.fnstart
	.cfi_startproc
@ %bb.0:
	@DEBUG_VALUE: ll_pwm_isr_flag_get:bus <- $r0
	@DEBUG_VALUE: ll_pwm_isr_flag_get:flag <- $r1
	.loc	3 161 9 prologue_end is_stmt 1  @ ../07_TCPL04B_MCAL/tcpl04x_ll_pwm.c:161:9
	cmp	r0, #0
	beq	.LBB3_2
.Ltmp31:
@ %bb.1:
	@DEBUG_VALUE: ll_pwm_isr_flag_get:flag <- $r1
	@DEBUG_VALUE: ll_pwm_isr_flag_get:bus <- $r0
	.loc	3 0 9 is_stmt 0                 @ ../07_TCPL04B_MCAL/tcpl04x_ll_pwm.c:0:9
	movs	r0, #1
.Ltmp32:
	@DEBUG_VALUE: ll_pwm_isr_flag_get:bus <- [DW_OP_LLVM_entry_value 1] $r0
	.loc	3 169 1 is_stmt 1               @ ../07_TCPL04B_MCAL/tcpl04x_ll_pwm.c:169:1
	bx	lr
.Ltmp33:
.LBB3_2:
	@DEBUG_VALUE: ll_pwm_isr_flag_get:flag <- $r1
	@DEBUG_VALUE: ll_pwm_isr_flag_get:bus <- $r0
	.loc	3 0 1 is_stmt 0                 @ ../07_TCPL04B_MCAL/tcpl04x_ll_pwm.c:0:1
	ldr	r0, __arm_cp.3_0
.Ltmp34:
	@DEBUG_VALUE: ll_pwm_isr_flag_get:bus <- [DW_OP_LLVM_entry_value 1] $r0
	.loc	3 166 18 is_stmt 1              @ ../07_TCPL04B_MCAL/tcpl04x_ll_pwm.c:166:18
	ldr	r0, [r0]
	.loc	3 166 11 is_stmt 0              @ ../07_TCPL04B_MCAL/tcpl04x_ll_pwm.c:166:11
	str	r0, [r1]
	movs	r0, #0
	.loc	3 169 1 is_stmt 1               @ ../07_TCPL04B_MCAL/tcpl04x_ll_pwm.c:169:1
	bx	lr
.Ltmp35:
	.p2align	2
@ %bb.3:
	.loc	3 0 1 is_stmt 0                 @ ../07_TCPL04B_MCAL/tcpl04x_ll_pwm.c:0:1
__arm_cp.3_0:
	.long	1073762352                      @ 0x40005030
.Lcpi_end8:
	.size	__arm_cp.3_0, .Lcpi_end8-__arm_cp.3_0
.Lfunc_end3:
	.size	ll_pwm_isr_flag_get, .Lfunc_end3-ll_pwm_isr_flag_get
	.cfi_endproc
	.cantunwind
	.fnend
                                        @ -- End function
	.section	.text.ll_pwm_enable,"ax",%progbits
	.hidden	ll_pwm_enable                   @ -- Begin function ll_pwm_enable
	.globl	ll_pwm_enable
	.p2align	2
	.type	ll_pwm_enable,%function
	.code	16                              @ @ll_pwm_enable
	.thumb_func
ll_pwm_enable:
.Lfunc_begin4:
	.loc	3 180 0 is_stmt 1               @ ../07_TCPL04B_MCAL/tcpl04x_ll_pwm.c:180:0
	.fnstart
	.cfi_startproc
@ %bb.0:
	@DEBUG_VALUE: ll_pwm_enable:bus <- $r0
	@DEBUG_VALUE: ll_pwm_enable:enable <- [DW_OP_LLVM_convert 1 7, DW_OP_LLVM_convert 8 7, DW_OP_stack_value] $r1
	.save	{r4, r5, r7, lr}
	push	{r4, r5, r7, lr}
	.cfi_def_cfa_offset 16
	.cfi_offset lr, -4
	.cfi_offset r7, -8
	.cfi_offset r5, -12
	.cfi_offset r4, -16
.Ltmp36:
	.loc	3 181 9 prologue_end            @ ../07_TCPL04B_MCAL/tcpl04x_ll_pwm.c:181:9
	cmp	r0, #0
	beq	.LBB4_2
.Ltmp37:
@ %bb.1:
	@DEBUG_VALUE: ll_pwm_enable:enable <- [DW_OP_LLVM_convert 1 7, DW_OP_LLVM_convert 8 7, DW_OP_stack_value] $r1
	@DEBUG_VALUE: ll_pwm_enable:bus <- $r0
	.loc	3 0 9 is_stmt 0                 @ ../07_TCPL04B_MCAL/tcpl04x_ll_pwm.c:0:9
	movs	r0, #1
.Ltmp38:
	@DEBUG_VALUE: ll_pwm_enable:bus <- [DW_OP_LLVM_entry_value 1] $r0
	.loc	3 190 1 epilogue_begin is_stmt 1 @ ../07_TCPL04B_MCAL/tcpl04x_ll_pwm.c:190:1
	pop	{r4, r5, r7, pc}
.Ltmp39:
.LBB4_2:
	@DEBUG_VALUE: ll_pwm_enable:enable <- [DW_OP_LLVM_convert 1 7, DW_OP_LLVM_convert 8 7, DW_OP_stack_value] $r1
	@DEBUG_VALUE: ll_pwm_enable:bus <- $r0
	@DEBUG_VALUE: ll_pwm_enable:enable <- [DW_OP_LLVM_convert 1 7, DW_OP_LLVM_convert 8 7, DW_OP_stack_value] $r1
	.loc	3 186 28                        @ ../07_TCPL04B_MCAL/tcpl04x_ll_pwm.c:186:28
	subs	r0, r1, #1
.Ltmp40:
	@DEBUG_VALUE: ll_pwm_enable:bus <- [DW_OP_LLVM_entry_value 1] $r0
	mov	r2, r1
	sbcs	r2, r0
	lsls	r0, r2, #12
	movs	r2, #1
	lsls	r3, r2, #12
	ldr	r4, __arm_cp.4_0
	ldr	r5, [r4]
	bics	r5, r3
	orrs	r5, r0
	str	r5, [r4]
	.loc	3 187 29                        @ ../07_TCPL04B_MCAL/tcpl04x_ll_pwm.c:187:29
	ldr	r0, [r4, #4]
	bics	r0, r2
	adds	r0, r0, r1
	str	r0, [r4, #4]
	movs	r0, #0
	.loc	3 190 1 epilogue_begin          @ ../07_TCPL04B_MCAL/tcpl04x_ll_pwm.c:190:1
	pop	{r4, r5, r7, pc}
.Ltmp41:
	.p2align	2
@ %bb.3:
	.loc	3 0 1 is_stmt 0                 @ ../07_TCPL04B_MCAL/tcpl04x_ll_pwm.c:0:1
__arm_cp.4_0:
	.long	1073762304                      @ 0x40005000
.Lcpi_end9:
	.size	__arm_cp.4_0, .Lcpi_end9-__arm_cp.4_0
.Lfunc_end4:
	.size	ll_pwm_enable, .Lfunc_end4-ll_pwm_enable
	.cfi_endproc
	.cantunwind
	.fnend
                                        @ -- End function
	.section	.text.ll_pwm_channel_threshold_config,"ax",%progbits
	.hidden	ll_pwm_channel_threshold_config @ -- Begin function ll_pwm_channel_threshold_config
	.globl	ll_pwm_channel_threshold_config
	.p2align	2
	.type	ll_pwm_channel_threshold_config,%function
	.code	16                              @ @ll_pwm_channel_threshold_config
	.thumb_func
ll_pwm_channel_threshold_config:
.Lfunc_begin5:
	.loc	3 202 0 is_stmt 1               @ ../07_TCPL04B_MCAL/tcpl04x_ll_pwm.c:202:0
	.fnstart
	.cfi_startproc
@ %bb.0:
	@DEBUG_VALUE: ll_pwm_channel_threshold_config:channel <- $r0
	@DEBUG_VALUE: ll_pwm_channel_threshold_config:threshold_h <- $r1
	@DEBUG_VALUE: ll_pwm_channel_threshold_config:threshold_l <- $r2
	.save	{r4, r5, r7, lr}
	push	{r4, r5, r7, lr}
	.cfi_def_cfa_offset 16
	.cfi_offset lr, -4
	.cfi_offset r7, -8
	.cfi_offset r5, -12
	.cfi_offset r4, -16
.Ltmp42:
	.loc	3 203 9 prologue_end            @ ../07_TCPL04B_MCAL/tcpl04x_ll_pwm.c:203:9
	cmp	r0, #3
	bls	.LBB5_2
.Ltmp43:
@ %bb.1:
	@DEBUG_VALUE: ll_pwm_channel_threshold_config:threshold_l <- $r2
	@DEBUG_VALUE: ll_pwm_channel_threshold_config:threshold_h <- $r1
	@DEBUG_VALUE: ll_pwm_channel_threshold_config:channel <- $r0
	.loc	3 0 9 is_stmt 0                 @ ../07_TCPL04B_MCAL/tcpl04x_ll_pwm.c:0:9
	movs	r0, #1
.Ltmp44:
	@DEBUG_VALUE: ll_pwm_channel_threshold_config:channel <- [DW_OP_LLVM_entry_value 1] $r0
	.loc	3 215 1 epilogue_begin is_stmt 1 @ ../07_TCPL04B_MCAL/tcpl04x_ll_pwm.c:215:1
	pop	{r4, r5, r7, pc}
.Ltmp45:
.LBB5_2:
	@DEBUG_VALUE: ll_pwm_channel_threshold_config:threshold_l <- $r2
	@DEBUG_VALUE: ll_pwm_channel_threshold_config:threshold_h <- $r1
	@DEBUG_VALUE: ll_pwm_channel_threshold_config:channel <- $r0
	@DEBUG_VALUE: ll_pwm_channel_threshold_config:threshold_l <- $r2
	.loc	3 211 18                        @ ../07_TCPL04B_MCAL/tcpl04x_ll_pwm.c:211:18
	cmp	r1, #0
	bne	.LBB5_4
.Ltmp46:
@ %bb.3:
	@DEBUG_VALUE: ll_pwm_channel_threshold_config:threshold_l <- $r2
	@DEBUG_VALUE: ll_pwm_channel_threshold_config:threshold_h <- $r1
	@DEBUG_VALUE: ll_pwm_channel_threshold_config:channel <- $r0
	.loc	3 0 18 is_stmt 0                @ ../07_TCPL04B_MCAL/tcpl04x_ll_pwm.c:0:18
	adds	r2, r2, #1
.Ltmp47:
.LBB5_4:
	@DEBUG_VALUE: ll_pwm_channel_threshold_config:threshold_h <- $r1
	@DEBUG_VALUE: ll_pwm_channel_threshold_config:channel <- $r0
	.loc	3 211 18                        @ ../07_TCPL04B_MCAL/tcpl04x_ll_pwm.c:211:18
	uxth	r2, r2
	.loc	3 209 101 is_stmt 1             @ ../07_TCPL04B_MCAL/tcpl04x_ll_pwm.c:209:101
	lsls	r0, r0, #2
.Ltmp48:
	@DEBUG_VALUE: ll_pwm_channel_threshold_config:channel <- [DW_OP_LLVM_entry_value 1] $r0
	.loc	3 0 101 is_stmt 0               @ ../07_TCPL04B_MCAL/tcpl04x_ll_pwm.c:0:101
	ldr	r3, __arm_cp.5_0
.Ltmp49:
	@DEBUG_VALUE: ll_pwm_channel_threshold_config:pwm_reg <- [DW_OP_plus_uconst 1073762320, DW_OP_stack_value] $r0
	.loc	3 211 18 is_stmt 1              @ ../07_TCPL04B_MCAL/tcpl04x_ll_pwm.c:211:18
	ldr	r4, [r0, r3]
	ldr	r5, __arm_cp.5_1
	ands	r5, r4
	adds	r2, r5, r2
	str	r2, [r0, r3]
	.loc	3 212 18                        @ ../07_TCPL04B_MCAL/tcpl04x_ll_pwm.c:212:18
	ldr	r2, [r0, r3]
	uxth	r2, r2
	lsls	r1, r1, #16
.Ltmp50:
	@DEBUG_VALUE: ll_pwm_channel_threshold_config:threshold_h <- [DW_OP_LLVM_entry_value 1] $r1
	adds	r1, r2, r1
	str	r1, [r0, r3]
	movs	r0, #0
.Ltmp51:
	.loc	3 215 1 epilogue_begin          @ ../07_TCPL04B_MCAL/tcpl04x_ll_pwm.c:215:1
	pop	{r4, r5, r7, pc}
.Ltmp52:
	.p2align	2
@ %bb.5:
	.loc	3 0 1 is_stmt 0                 @ ../07_TCPL04B_MCAL/tcpl04x_ll_pwm.c:0:1
__arm_cp.5_0:
	.long	1073762320                      @ 0x40005010
.Lcpi_end10:
	.size	__arm_cp.5_0, .Lcpi_end10-__arm_cp.5_0
__arm_cp.5_1:
	.long	4294901760                      @ 0xffff0000
.Lcpi_end11:
	.size	__arm_cp.5_1, .Lcpi_end11-__arm_cp.5_1
.Lfunc_end5:
	.size	ll_pwm_channel_threshold_config, .Lfunc_end5-ll_pwm_channel_threshold_config
	.cfi_endproc
	.cantunwind
	.fnend
                                        @ -- End function
	.section	.text.ll_pwm_channel_period_config,"ax",%progbits
	.hidden	ll_pwm_channel_period_config    @ -- Begin function ll_pwm_channel_period_config
	.globl	ll_pwm_channel_period_config
	.p2align	2
	.type	ll_pwm_channel_period_config,%function
	.code	16                              @ @ll_pwm_channel_period_config
	.thumb_func
ll_pwm_channel_period_config:
.Lfunc_begin6:
	.fnstart
	.cfi_startproc
@ %bb.0:
	@DEBUG_VALUE: ll_pwm_channel_period_config:channel <- $r0
	@DEBUG_VALUE: ll_pwm_channel_period_config:period <- $r1
	.loc	3 227 9 prologue_end is_stmt 1  @ ../07_TCPL04B_MCAL/tcpl04x_ll_pwm.c:227:9
	cmp	r0, #3
	bls	.LBB6_2
.Ltmp53:
@ %bb.1:
	@DEBUG_VALUE: ll_pwm_channel_period_config:period <- $r1
	@DEBUG_VALUE: ll_pwm_channel_period_config:channel <- $r0
	.loc	3 0 9 is_stmt 0                 @ ../07_TCPL04B_MCAL/tcpl04x_ll_pwm.c:0:9
	movs	r0, #1
.Ltmp54:
	@DEBUG_VALUE: ll_pwm_channel_period_config:channel <- [DW_OP_LLVM_entry_value 1] $r0
	.loc	3 235 1 is_stmt 1               @ ../07_TCPL04B_MCAL/tcpl04x_ll_pwm.c:235:1
	bx	lr
.Ltmp55:
.LBB6_2:
	@DEBUG_VALUE: ll_pwm_channel_period_config:period <- $r1
	@DEBUG_VALUE: ll_pwm_channel_period_config:channel <- $r0
	.loc	3 0 1 is_stmt 0                 @ ../07_TCPL04B_MCAL/tcpl04x_ll_pwm.c:0:1
	ldr	r0, __arm_cp.6_0
.Ltmp56:
	@DEBUG_VALUE: ll_pwm_channel_period_config:channel <- [DW_OP_LLVM_entry_value 1] $r0
	.loc	3 232 28 is_stmt 1              @ ../07_TCPL04B_MCAL/tcpl04x_ll_pwm.c:232:28
	ldr	r2, [r0]
	ldr	r3, __arm_cp.6_1
	ands	r3, r2
	adds	r1, r3, r1
.Ltmp57:
	@DEBUG_VALUE: ll_pwm_channel_period_config:period <- [DW_OP_LLVM_entry_value 1] $r1
	str	r1, [r0]
	movs	r0, #0
	.loc	3 235 1                         @ ../07_TCPL04B_MCAL/tcpl04x_ll_pwm.c:235:1
	bx	lr
.Ltmp58:
	.p2align	2
@ %bb.3:
	.loc	3 0 1 is_stmt 0                 @ ../07_TCPL04B_MCAL/tcpl04x_ll_pwm.c:0:1
__arm_cp.6_0:
	.long	1073762312                      @ 0x40005008
.Lcpi_end12:
	.size	__arm_cp.6_0, .Lcpi_end12-__arm_cp.6_0
__arm_cp.6_1:
	.long	4294901760                      @ 0xffff0000
.Lcpi_end13:
	.size	__arm_cp.6_1, .Lcpi_end13-__arm_cp.6_1
.Lfunc_end6:
	.size	ll_pwm_channel_period_config, .Lfunc_end6-ll_pwm_channel_period_config
	.cfi_endproc
	.cantunwind
	.fnend
                                        @ -- End function
	.section	.text.ll_pwm_high_threshold_get,"ax",%progbits
	.hidden	ll_pwm_high_threshold_get       @ -- Begin function ll_pwm_high_threshold_get
	.globl	ll_pwm_high_threshold_get
	.p2align	2
	.type	ll_pwm_high_threshold_get,%function
	.code	16                              @ @ll_pwm_high_threshold_get
	.thumb_func
ll_pwm_high_threshold_get:
.Lfunc_begin7:
	.loc	3 246 0 is_stmt 1               @ ../07_TCPL04B_MCAL/tcpl04x_ll_pwm.c:246:0
	.fnstart
	.cfi_startproc
@ %bb.0:
	@DEBUG_VALUE: ll_pwm_high_threshold_get:channel <- $r0
	@DEBUG_VALUE: ll_pwm_high_threshold_get:value <- $r1
	mov	r2, r0
.Ltmp59:
	@DEBUG_VALUE: ll_pwm_high_threshold_get:channel <- $r2
	movs	r0, #1
.Ltmp60:
	.loc	3 247 36 prologue_end           @ ../07_TCPL04B_MCAL/tcpl04x_ll_pwm.c:247:36
	cmp	r2, #3
	bhi	.LBB7_3
.Ltmp61:
@ %bb.1:
	@DEBUG_VALUE: ll_pwm_high_threshold_get:channel <- $r2
	@DEBUG_VALUE: ll_pwm_high_threshold_get:value <- $r1
	.loc	3 247 9 is_stmt 0               @ ../07_TCPL04B_MCAL/tcpl04x_ll_pwm.c:247:9
	cmp	r1, #0
	beq	.LBB7_3
.Ltmp62:
@ %bb.2:
	@DEBUG_VALUE: ll_pwm_high_threshold_get:channel <- $r2
	@DEBUG_VALUE: ll_pwm_high_threshold_get:value <- $r1
	.loc	3 253 101 is_stmt 1             @ ../07_TCPL04B_MCAL/tcpl04x_ll_pwm.c:253:101
	lsls	r0, r2, #2
	ldr	r2, __arm_cp.7_0
.Ltmp63:
	@DEBUG_VALUE: ll_pwm_high_threshold_get:pwm_reg <- [DW_OP_plus_uconst 1073762320, DW_OP_stack_value] $r0
	.loc	3 255 23                        @ ../07_TCPL04B_MCAL/tcpl04x_ll_pwm.c:255:23
	ldr	r0, [r0, r2]
.Ltmp64:
	lsrs	r0, r0, #16
	.loc	3 255 12 is_stmt 0              @ ../07_TCPL04B_MCAL/tcpl04x_ll_pwm.c:255:12
	strh	r0, [r1]
	movs	r0, #0
.Ltmp65:
.LBB7_3:
	@DEBUG_VALUE: ll_pwm_high_threshold_get:value <- $r1
	.loc	3 258 1 is_stmt 1               @ ../07_TCPL04B_MCAL/tcpl04x_ll_pwm.c:258:1
	bx	lr
.Ltmp66:
	.p2align	2
@ %bb.4:
	.loc	3 0 1 is_stmt 0                 @ ../07_TCPL04B_MCAL/tcpl04x_ll_pwm.c:0:1
__arm_cp.7_0:
	.long	1073762320                      @ 0x40005010
.Lcpi_end14:
	.size	__arm_cp.7_0, .Lcpi_end14-__arm_cp.7_0
.Lfunc_end7:
	.size	ll_pwm_high_threshold_get, .Lfunc_end7-ll_pwm_high_threshold_get
	.cfi_endproc
	.cantunwind
	.fnend
                                        @ -- End function
	.section	.text.ll_pwm_channel_counter_get,"ax",%progbits
	.hidden	ll_pwm_channel_counter_get      @ -- Begin function ll_pwm_channel_counter_get
	.globl	ll_pwm_channel_counter_get
	.p2align	1
	.type	ll_pwm_channel_counter_get,%function
	.code	16                              @ @ll_pwm_channel_counter_get
	.thumb_func
ll_pwm_channel_counter_get:
.Lfunc_begin8:
	.fnstart
	.cfi_startproc
@ %bb.0:
	@DEBUG_VALUE: ll_pwm_channel_counter_get:channel <- $r0
	@DEBUG_VALUE: ll_pwm_channel_counter_get:value <- $r1
	.loc	3 270 17 prologue_end is_stmt 1 @ ../07_TCPL04B_MCAL/tcpl04x_ll_pwm.c:270:17
	cmp	r0, #3
	bhi	.LBB8_2
.Ltmp67:
@ %bb.1:
	@DEBUG_VALUE: ll_pwm_channel_counter_get:value <- $r1
	@DEBUG_VALUE: ll_pwm_channel_counter_get:channel <- $r0
	.loc	3 0 17 is_stmt 0                @ ../07_TCPL04B_MCAL/tcpl04x_ll_pwm.c:0:17
	movs	r0, #0
.Ltmp68:
	@DEBUG_VALUE: ll_pwm_channel_counter_get:channel <- [DW_OP_LLVM_entry_value 1] $r0
	.loc	3 276 1 is_stmt 1               @ ../07_TCPL04B_MCAL/tcpl04x_ll_pwm.c:276:1
	bx	lr
.Ltmp69:
.LBB8_2:
	@DEBUG_VALUE: ll_pwm_channel_counter_get:value <- $r1
	@DEBUG_VALUE: ll_pwm_channel_counter_get:channel <- $r0
	.loc	3 0 1 is_stmt 0                 @ ../07_TCPL04B_MCAL/tcpl04x_ll_pwm.c:0:1
	movs	r0, #1
.Ltmp70:
	@DEBUG_VALUE: ll_pwm_channel_counter_get:channel <- [DW_OP_LLVM_entry_value 1] $r0
	.loc	3 276 1                         @ ../07_TCPL04B_MCAL/tcpl04x_ll_pwm.c:276:1
	bx	lr
.Ltmp71:
.Lfunc_end8:
	.size	ll_pwm_channel_counter_get, .Lfunc_end8-ll_pwm_channel_counter_get
	.cfi_endproc
	.cantunwind
	.fnend
                                        @ -- End function
	.section	.text.ll_pwm_break_set,"ax",%progbits
	.hidden	ll_pwm_break_set                @ -- Begin function ll_pwm_break_set
	.globl	ll_pwm_break_set
	.p2align	2
	.type	ll_pwm_break_set,%function
	.code	16                              @ @ll_pwm_break_set
	.thumb_func
ll_pwm_break_set:
.Lfunc_begin9:
	.fnstart
	.cfi_startproc
@ %bb.0:
	@DEBUG_VALUE: ll_pwm_break_set:bus <- $r0
	@DEBUG_VALUE: ll_pwm_break_set:enable <- [DW_OP_LLVM_convert 1 7, DW_OP_LLVM_convert 8 7, DW_OP_stack_value] $r1
	.loc	3 288 25 prologue_end is_stmt 1 @ ../07_TCPL04B_MCAL/tcpl04x_ll_pwm.c:288:25
	subs	r0, r1, #1
.Ltmp72:
	@DEBUG_VALUE: ll_pwm_break_set:bus <- [DW_OP_LLVM_entry_value 1] $r0
	sbcs	r1, r0
.Ltmp73:
	lsls	r0, r1, #16
	movs	r1, #1
	lsls	r1, r1, #16
	ldr	r2, __arm_cp.9_0
	ldr	r3, [r2]
	bics	r3, r1
	orrs	r3, r0
	str	r3, [r2]
	.loc	3 289 1                         @ ../07_TCPL04B_MCAL/tcpl04x_ll_pwm.c:289:1
	bx	lr
.Ltmp74:
	.p2align	2
@ %bb.1:
	.loc	3 0 1 is_stmt 0                 @ ../07_TCPL04B_MCAL/tcpl04x_ll_pwm.c:0:1
__arm_cp.9_0:
	.long	1073762304                      @ 0x40005000
.Lcpi_end15:
	.size	__arm_cp.9_0, .Lcpi_end15-__arm_cp.9_0
.Lfunc_end9:
	.size	ll_pwm_break_set, .Lfunc_end9-ll_pwm_break_set
	.cfi_endproc
	.cantunwind
	.fnend
                                        @ -- End function
	.section	.text.ll_pwm_status_get,"ax",%progbits
	.hidden	ll_pwm_status_get               @ -- Begin function ll_pwm_status_get
	.globl	ll_pwm_status_get
	.p2align	2
	.type	ll_pwm_status_get,%function
	.code	16                              @ @ll_pwm_status_get
	.thumb_func
ll_pwm_status_get:
.Lfunc_begin10:
	.fnstart
	.cfi_startproc
@ %bb.0:
	@DEBUG_VALUE: ll_pwm_status_get:channel <- $r0
	@DEBUG_VALUE: ll_pwm_status_get:value <- $r1
	.loc	3 301 9 prologue_end is_stmt 1  @ ../07_TCPL04B_MCAL/tcpl04x_ll_pwm.c:301:9
	cmp	r0, #3
	bls	.LBB10_2
.Ltmp75:
@ %bb.1:
	@DEBUG_VALUE: ll_pwm_status_get:value <- $r1
	@DEBUG_VALUE: ll_pwm_status_get:channel <- $r0
	.loc	3 0 9 is_stmt 0                 @ ../07_TCPL04B_MCAL/tcpl04x_ll_pwm.c:0:9
	movs	r0, #1
.Ltmp76:
	@DEBUG_VALUE: ll_pwm_status_get:channel <- [DW_OP_LLVM_entry_value 1] $r0
	.loc	3 309 1 is_stmt 1               @ ../07_TCPL04B_MCAL/tcpl04x_ll_pwm.c:309:1
	bx	lr
.Ltmp77:
.LBB10_2:
	@DEBUG_VALUE: ll_pwm_status_get:value <- $r1
	@DEBUG_VALUE: ll_pwm_status_get:channel <- $r0
	.loc	3 0 1 is_stmt 0                 @ ../07_TCPL04B_MCAL/tcpl04x_ll_pwm.c:0:1
	ldr	r0, __arm_cp.10_0
.Ltmp78:
	@DEBUG_VALUE: ll_pwm_status_get:channel <- [DW_OP_LLVM_entry_value 1] $r0
	.loc	3 306 19 is_stmt 1              @ ../07_TCPL04B_MCAL/tcpl04x_ll_pwm.c:306:19
	ldr	r0, [r0]
	movs	r2, #63
	.loc	3 306 14 is_stmt 0              @ ../07_TCPL04B_MCAL/tcpl04x_ll_pwm.c:306:14
	ands	r2, r0
	.loc	3 306 12                        @ ../07_TCPL04B_MCAL/tcpl04x_ll_pwm.c:306:12
	strb	r2, [r1]
	movs	r0, #0
	.loc	3 309 1 is_stmt 1               @ ../07_TCPL04B_MCAL/tcpl04x_ll_pwm.c:309:1
	bx	lr
.Ltmp79:
	.p2align	2
@ %bb.3:
	.loc	3 0 1 is_stmt 0                 @ ../07_TCPL04B_MCAL/tcpl04x_ll_pwm.c:0:1
__arm_cp.10_0:
	.long	1073762340                      @ 0x40005024
.Lcpi_end16:
	.size	__arm_cp.10_0, .Lcpi_end16-__arm_cp.10_0
.Lfunc_end10:
	.size	ll_pwm_status_get, .Lfunc_end10-ll_pwm_status_get
	.cfi_endproc
	.cantunwind
	.fnend
                                        @ -- End function
	.section	.text.ll_led_exchannel_enable,"ax",%progbits
	.hidden	ll_led_exchannel_enable         @ -- Begin function ll_led_exchannel_enable
	.globl	ll_led_exchannel_enable
	.p2align	2
	.type	ll_led_exchannel_enable,%function
	.code	16                              @ @ll_led_exchannel_enable
	.thumb_func
ll_led_exchannel_enable:
.Lfunc_begin11:
	.loc	3 320 0 is_stmt 1               @ ../07_TCPL04B_MCAL/tcpl04x_ll_pwm.c:320:0
	.fnstart
	.cfi_startproc
@ %bb.0:
	@DEBUG_VALUE: ll_led_exchannel_enable:bus <- $r0
	@DEBUG_VALUE: ll_led_exchannel_enable:enable <- [DW_OP_LLVM_convert 1 7, DW_OP_LLVM_convert 8 7, DW_OP_stack_value] $r1
	.save	{r4, lr}
	push	{r4, lr}
	.cfi_def_cfa_offset 8
	.cfi_offset lr, -4
	.cfi_offset r4, -8
.Ltmp80:
	.loc	3 321 9 prologue_end            @ ../07_TCPL04B_MCAL/tcpl04x_ll_pwm.c:321:9
	cmp	r0, #0
	beq	.LBB11_2
.Ltmp81:
@ %bb.1:
	@DEBUG_VALUE: ll_led_exchannel_enable:enable <- [DW_OP_LLVM_convert 1 7, DW_OP_LLVM_convert 8 7, DW_OP_stack_value] $r1
	@DEBUG_VALUE: ll_led_exchannel_enable:bus <- $r0
	.loc	3 0 9 is_stmt 0                 @ ../07_TCPL04B_MCAL/tcpl04x_ll_pwm.c:0:9
	movs	r0, #1
.Ltmp82:
	@DEBUG_VALUE: ll_led_exchannel_enable:bus <- [DW_OP_LLVM_entry_value 1] $r0
	.loc	3 329 1 epilogue_begin is_stmt 1 @ ../07_TCPL04B_MCAL/tcpl04x_ll_pwm.c:329:1
	pop	{r4, pc}
.Ltmp83:
.LBB11_2:
	@DEBUG_VALUE: ll_led_exchannel_enable:enable <- [DW_OP_LLVM_convert 1 7, DW_OP_LLVM_convert 8 7, DW_OP_stack_value] $r1
	@DEBUG_VALUE: ll_led_exchannel_enable:bus <- $r0
	@DEBUG_VALUE: ll_led_exchannel_enable:enable <- [DW_OP_LLVM_convert 1 7, DW_OP_LLVM_convert 8 7, DW_OP_stack_value] $r1
	.loc	3 326 27                        @ ../07_TCPL04B_MCAL/tcpl04x_ll_pwm.c:326:27
	subs	r0, r1, #1
.Ltmp84:
	@DEBUG_VALUE: ll_led_exchannel_enable:bus <- [DW_OP_LLVM_entry_value 1] $r0
	.loc	3 327 29                        @ ../07_TCPL04B_MCAL/tcpl04x_ll_pwm.c:327:29
	sbcs	r1, r0
.Ltmp85:
	.loc	3 326 27                        @ ../07_TCPL04B_MCAL/tcpl04x_ll_pwm.c:326:27
	lsls	r0, r1, #3
	ldr	r2, __arm_cp.11_0
	ldr	r3, [r2, #8]
	movs	r4, #8
	bics	r3, r4
	orrs	r3, r0
	str	r3, [r2, #8]
	.loc	3 327 29                        @ ../07_TCPL04B_MCAL/tcpl04x_ll_pwm.c:327:29
	lsls	r0, r1, #1
	ldr	r1, [r2]
	movs	r3, #2
	bics	r1, r3
	orrs	r1, r0
	str	r1, [r2]
	movs	r0, #0
	.loc	3 329 1 epilogue_begin          @ ../07_TCPL04B_MCAL/tcpl04x_ll_pwm.c:329:1
	pop	{r4, pc}
.Ltmp86:
	.p2align	2
@ %bb.3:
	.loc	3 0 1 is_stmt 0                 @ ../07_TCPL04B_MCAL/tcpl04x_ll_pwm.c:0:1
__arm_cp.11_0:
	.long	1073762308                      @ 0x40005004
.Lcpi_end17:
	.size	__arm_cp.11_0, .Lcpi_end17-__arm_cp.11_0
.Lfunc_end11:
	.size	ll_led_exchannel_enable, .Lfunc_end11-ll_led_exchannel_enable
	.cfi_endproc
	.cantunwind
	.fnend
                                        @ -- End function
	.section	.text.ll_pwm_deinit,"ax",%progbits
	.hidden	ll_pwm_deinit                   @ -- Begin function ll_pwm_deinit
	.globl	ll_pwm_deinit
	.p2align	2
	.type	ll_pwm_deinit,%function
	.code	16                              @ @ll_pwm_deinit
	.thumb_func
ll_pwm_deinit:
.Lfunc_begin12:
	.fnstart
	.cfi_startproc
@ %bb.0:
	@DEBUG_VALUE: ll_pwm_deinit:bus <- $r0
	.loc	3 340 9 prologue_end is_stmt 1  @ ../07_TCPL04B_MCAL/tcpl04x_ll_pwm.c:340:9
	cmp	r0, #0
	beq	.LBB12_2
.Ltmp87:
@ %bb.1:
	@DEBUG_VALUE: ll_pwm_deinit:bus <- $r0
	.loc	3 0 9 is_stmt 0                 @ ../07_TCPL04B_MCAL/tcpl04x_ll_pwm.c:0:9
	movs	r0, #1
.Ltmp88:
	@DEBUG_VALUE: ll_pwm_deinit:bus <- [DW_OP_LLVM_entry_value 1] $r0
	.loc	3 360 1 is_stmt 1               @ ../07_TCPL04B_MCAL/tcpl04x_ll_pwm.c:360:1
	bx	lr
.Ltmp89:
.LBB12_2:
	@DEBUG_VALUE: ll_pwm_deinit:bus <- $r0
	.loc	3 0 1 is_stmt 0                 @ ../07_TCPL04B_MCAL/tcpl04x_ll_pwm.c:0:1
	ldr	r0, __arm_cp.12_0
.Ltmp90:
	@DEBUG_VALUE: ll_pwm_deinit:bus <- [DW_OP_LLVM_entry_value 1] $r0
	ldr	r1, __arm_cp.12_1
	.loc	3 345 5 is_stmt 1               @ ../07_TCPL04B_MCAL/tcpl04x_ll_pwm.c:345:5
	str	r1, [r0]
	ldr	r1, __arm_cp.12_2
	.loc	3 346 36                        @ ../07_TCPL04B_MCAL/tcpl04x_ll_pwm.c:346:36
	ldr	r2, [r1]
	movs	r3, #1
	orrs	r2, r3
	str	r2, [r1]
	.loc	3 347 5                         @ ../07_TCPL04B_MCAL/tcpl04x_ll_pwm.c:347:5
	nop
	.loc	3 348 5                         @ ../07_TCPL04B_MCAL/tcpl04x_ll_pwm.c:348:5
	nop
	.loc	3 349 36                        @ ../07_TCPL04B_MCAL/tcpl04x_ll_pwm.c:349:36
	ldr	r2, [r1]
	bics	r2, r3
	str	r2, [r1]
	.loc	3 350 5                         @ ../07_TCPL04B_MCAL/tcpl04x_ll_pwm.c:350:5
	nop
	.loc	3 351 5                         @ ../07_TCPL04B_MCAL/tcpl04x_ll_pwm.c:351:5
	nop
	ldr	r1, __arm_cp.12_3
	.loc	3 352 5                         @ ../07_TCPL04B_MCAL/tcpl04x_ll_pwm.c:352:5
	str	r1, [r0]
	ldr	r0, __arm_cp.12_4
	.loc	3 354 14                        @ ../07_TCPL04B_MCAL/tcpl04x_ll_pwm.c:354:14
	ldr	r1, [r0]
	ldr	r2, __arm_cp.12_5
	orrs	r1, r2
	str	r1, [r0]
	.loc	3 355 14                        @ ../07_TCPL04B_MCAL/tcpl04x_ll_pwm.c:355:14
	ldr	r1, [r0, #4]
	orrs	r1, r2
	str	r1, [r0, #4]
	.loc	3 357 22                        @ ../07_TCPL04B_MCAL/tcpl04x_ll_pwm.c:357:22
	ldr	r1, __arm_cp.12_6
	movs	r0, #0
	str	r0, [r1]
	.loc	3 360 1                         @ ../07_TCPL04B_MCAL/tcpl04x_ll_pwm.c:360:1
	bx	lr
.Ltmp91:
	.p2align	2
@ %bb.3:
	.loc	3 0 1 is_stmt 0                 @ ../07_TCPL04B_MCAL/tcpl04x_ll_pwm.c:0:1
__arm_cp.12_0:
	.long	1073746172                      @ 0x400010fc
.Lcpi_end18:
	.size	__arm_cp.12_0, .Lcpi_end18-__arm_cp.12_0
__arm_cp.12_1:
	.long	1515870810                      @ 0x5a5a5a5a
.Lcpi_end19:
	.size	__arm_cp.12_1, .Lcpi_end19-__arm_cp.12_1
__arm_cp.12_2:
	.long	1073745944                      @ 0x40001018
.Lcpi_end20:
	.size	__arm_cp.12_2, .Lcpi_end20-__arm_cp.12_2
__arm_cp.12_3:
	.long	305419896                       @ 0x12345678
.Lcpi_end21:
	.size	__arm_cp.12_3, .Lcpi_end21-__arm_cp.12_3
__arm_cp.12_4:
	.long	1073762344                      @ 0x40005028
.Lcpi_end22:
	.size	__arm_cp.12_4, .Lcpi_end22-__arm_cp.12_4
__arm_cp.12_5:
	.long	65535                           @ 0xffff
.Lcpi_end23:
	.size	__arm_cp.12_5, .Lcpi_end23-__arm_cp.12_5
__arm_cp.12_6:
	.long	pwm_isr_callback
.Lcpi_end24:
	.size	__arm_cp.12_6, .Lcpi_end24-__arm_cp.12_6
.Lfunc_end12:
	.size	ll_pwm_deinit, .Lfunc_end12-ll_pwm_deinit
	.cfi_endproc
	.cantunwind
	.fnend
                                        @ -- End function
	.section	.text.ll_pwm_init,"ax",%progbits
	.hidden	ll_pwm_init                     @ -- Begin function ll_pwm_init
	.globl	ll_pwm_init
	.p2align	2
	.type	ll_pwm_init,%function
	.code	16                              @ @ll_pwm_init
	.thumb_func
ll_pwm_init:
.Lfunc_begin13:
	.loc	3 372 0 is_stmt 1               @ ../07_TCPL04B_MCAL/tcpl04x_ll_pwm.c:372:0
	.fnstart
	.cfi_startproc
@ %bb.0:
	@DEBUG_VALUE: ll_pwm_init:bus <- $r0
	@DEBUG_VALUE: ll_pwm_init:config <- $r1
	@DEBUG_VALUE: ll_pwm_init:callback <- $r2
	@DEBUG_VALUE: ll_pwm_init:config <- $r1
	.save	{r4, r5, r6, r7, lr}
	.pad	#4
	push	{r3, r4, r5, r6, r7, lr}
	.cfi_def_cfa_offset 24
	.cfi_offset lr, -4
	.cfi_offset r7, -8
	.cfi_offset r6, -12
	.cfi_offset r5, -16
	.cfi_offset r4, -20
.Ltmp92:
	.loc	3 373 9 prologue_end            @ ../07_TCPL04B_MCAL/tcpl04x_ll_pwm.c:373:9
	cmp	r0, #0
	beq	.LBB13_2
.Ltmp93:
@ %bb.1:
	@DEBUG_VALUE: ll_pwm_init:callback <- $r2
	@DEBUG_VALUE: ll_pwm_init:config <- $r1
	@DEBUG_VALUE: ll_pwm_init:bus <- $r0
	.loc	3 0 9 is_stmt 0                 @ ../07_TCPL04B_MCAL/tcpl04x_ll_pwm.c:0:9
	movs	r4, #1
	b	.LBB13_9
.Ltmp94:
.LBB13_2:
	@DEBUG_VALUE: ll_pwm_init:callback <- $r2
	@DEBUG_VALUE: ll_pwm_init:config <- $r1
	@DEBUG_VALUE: ll_pwm_init:bus <- $r0
	mov	r6, r1
.Ltmp95:
	@DEBUG_VALUE: ll_pwm_init:config <- $r6
	str	r2, [sp]                        @ 4-byte Spill
.Ltmp96:
	@DEBUG_VALUE: ll_pwm_init:callback <- [$sp+0]
	movs	r4, #0
	.loc	3 378 5 is_stmt 1               @ ../07_TCPL04B_MCAL/tcpl04x_ll_pwm.c:378:5
	mov	r0, r4
.Ltmp97:
	@DEBUG_VALUE: ll_pwm_init:bus <- [DW_OP_LLVM_entry_value 1] $r0
	bl	ll_pwm_deinit
.Ltmp98:
	.loc	3 0 5 is_stmt 0                 @ ../07_TCPL04B_MCAL/tcpl04x_ll_pwm.c:0:5
	ldr	r1, __arm_cp.13_0
	ldr	r0, __arm_cp.13_1
.Ltmp99:
	@DEBUG_VALUE: ll_pwm_clk_config:config <- $r6
	.loc	3 35 5 is_stmt 1                @ ../07_TCPL04B_MCAL/tcpl04x_ll_pwm.c:35:5
	str	r0, [r1]
	ldr	r3, __arm_cp.13_2
	.loc	3 37 40                         @ ../07_TCPL04B_MCAL/tcpl04x_ll_pwm.c:37:40
	ldr	r2, [r3]
	movs	r0, #2
	orrs	r2, r0
	str	r2, [r3]
	.loc	3 38 40                         @ ../07_TCPL04B_MCAL/tcpl04x_ll_pwm.c:38:40
	ldr	r7, [r3]
	movs	r2, #4
	orrs	r7, r2
	str	r7, [r3]
	.loc	3 39 51                         @ ../07_TCPL04B_MCAL/tcpl04x_ll_pwm.c:39:51
	ldrb	r7, [r6]
	.loc	3 39 41 is_stmt 0               @ ../07_TCPL04B_MCAL/tcpl04x_ll_pwm.c:39:41
	ldr	r5, [r3]
	movs	r1, #8
	bics	r5, r1
	lsls	r1, r7, #31
	lsrs	r1, r1, #28
	adds	r1, r5, r1
	str	r1, [r3]
	.loc	3 40 51 is_stmt 1               @ ../07_TCPL04B_MCAL/tcpl04x_ll_pwm.c:40:51
	ldrb	r1, [r6, #1]
	.loc	3 40 41 is_stmt 0               @ ../07_TCPL04B_MCAL/tcpl04x_ll_pwm.c:40:41
	ldr	r5, [r3]
	movs	r7, #240
	bics	r5, r7
	lsls	r1, r1, #28
	lsrs	r1, r1, #24
	adds	r1, r5, r1
	str	r1, [r3]
	ldr	r1, __arm_cp.13_3
	.loc	3 42 5 is_stmt 1                @ ../07_TCPL04B_MCAL/tcpl04x_ll_pwm.c:42:5
	ldr	r3, __arm_cp.13_0
	str	r1, [r3]
.Ltmp100:
	.loc	3 382 17                        @ ../07_TCPL04B_MCAL/tcpl04x_ll_pwm.c:382:17
	ldrb	r5, [r6, #18]
	ldr	r1, __arm_cp.13_4
	.loc	3 0 0 is_stmt 0                 @ ../07_TCPL04B_MCAL/tcpl04x_ll_pwm.c:0:0
	ldr	r3, [r1]
.Ltmp101:
	.loc	3 382 9                         @ ../07_TCPL04B_MCAL/tcpl04x_ll_pwm.c:382:9
	cmp	r5, #0
	beq	.LBB13_4
.Ltmp102:
@ %bb.3:
	@DEBUG_VALUE: ll_pwm_init:bus <- [DW_OP_LLVM_entry_value 1] $r0
	@DEBUG_VALUE: ll_pwm_init:callback <- [$sp+0]
	@DEBUG_VALUE: ll_pwm_init:config <- $r6
	.loc	3 0 9                           @ ../07_TCPL04B_MCAL/tcpl04x_ll_pwm.c:0:9
	movs	r5, #1
	lsls	r5, r5, #12
.Ltmp103:
	.loc	3 384 32 is_stmt 1              @ ../07_TCPL04B_MCAL/tcpl04x_ll_pwm.c:384:32
	orrs	r3, r5
	str	r3, [r1]
	.loc	3 385 43                        @ ../07_TCPL04B_MCAL/tcpl04x_ll_pwm.c:385:43
	ldrb	r3, [r6, #18]
	movs	r5, #3
	lsls	r5, r5, #13
	.loc	3 385 33 is_stmt 0              @ ../07_TCPL04B_MCAL/tcpl04x_ll_pwm.c:385:33
	ldr	r7, [r1]
	bics	r7, r5
	lsls	r3, r3, #30
	lsrs	r3, r3, #17
	adds	r3, r3, r7
	b	.LBB13_5
.Ltmp104:
.LBB13_4:
	@DEBUG_VALUE: ll_pwm_init:bus <- [DW_OP_LLVM_entry_value 1] $r0
	@DEBUG_VALUE: ll_pwm_init:callback <- [$sp+0]
	@DEBUG_VALUE: ll_pwm_init:config <- $r6
	.loc	3 0 33                          @ ../07_TCPL04B_MCAL/tcpl04x_ll_pwm.c:0:33
	movs	r5, #1
	lsls	r5, r5, #12
.Ltmp105:
	.loc	3 389 32 is_stmt 1              @ ../07_TCPL04B_MCAL/tcpl04x_ll_pwm.c:389:32
	bics	r3, r5
.Ltmp106:
.LBB13_5:
	@DEBUG_VALUE: ll_pwm_init:bus <- [DW_OP_LLVM_entry_value 1] $r0
	@DEBUG_VALUE: ll_pwm_init:callback <- [$sp+0]
	@DEBUG_VALUE: ll_pwm_init:config <- $r6
	.loc	3 0 0 is_stmt 0                 @ ../07_TCPL04B_MCAL/tcpl04x_ll_pwm.c:0:0
	str	r3, [r1]
.Ltmp107:
	.loc	3 392 28 is_stmt 1              @ ../07_TCPL04B_MCAL/tcpl04x_ll_pwm.c:392:28
	ldr	r3, [r1]
	orrs	r3, r2
	str	r3, [r1]
	movs	r2, #1
	lsls	r2, r2, #8
	.loc	3 393 24                        @ ../07_TCPL04B_MCAL/tcpl04x_ll_pwm.c:393:24
	ldr	r3, [r1]
	orrs	r3, r2
	str	r3, [r1]
	.loc	3 394 27                        @ ../07_TCPL04B_MCAL/tcpl04x_ll_pwm.c:394:27
	ldr	r2, [r1]
	bics	r2, r0
	str	r2, [r1]
.Ltmp108:
	@DEBUG_VALUE: ll_pwm_isr_config:callback <- [$sp+0]
	@DEBUG_VALUE: ll_pwm_isr_config:config <- [DW_OP_plus_uconst 4, DW_OP_stack_value] $r6
	.loc	3 55 14                         @ ../07_TCPL04B_MCAL/tcpl04x_ll_pwm.c:55:14
	ldr	r2, [r1, #44]
	ldr	r0, __arm_cp.13_5
	orrs	r2, r0
	str	r2, [r1, #44]
.Ltmp109:
	.loc	3 57 17                         @ ../07_TCPL04B_MCAL/tcpl04x_ll_pwm.c:57:17
	ldrb	r2, [r6, #9]
.Ltmp110:
	.loc	3 57 9 is_stmt 0                @ ../07_TCPL04B_MCAL/tcpl04x_ll_pwm.c:57:9
	cmp	r2, #0
	beq	.LBB13_7
.Ltmp111:
@ %bb.6:
	@DEBUG_VALUE: ll_pwm_isr_config:config <- [DW_OP_plus_uconst 4, DW_OP_stack_value] $r6
	@DEBUG_VALUE: ll_pwm_isr_config:callback <- [$sp+0]
	@DEBUG_VALUE: ll_pwm_init:bus <- [DW_OP_LLVM_entry_value 1] $r0
	@DEBUG_VALUE: ll_pwm_init:callback <- [$sp+0]
	@DEBUG_VALUE: ll_pwm_init:config <- $r6
	@DEBUG_VALUE: ll_pwm_isr_config:config <- [DW_OP_plus_uconst 4, DW_OP_stack_value] $r6
	.loc	3 59 31 is_stmt 1               @ ../07_TCPL04B_MCAL/tcpl04x_ll_pwm.c:59:31
	ldr	r0, [r6, #4]
	mvns	r0, r0
	ldr	r2, __arm_cp.13_6
	.loc	3 59 21 is_stmt 0               @ ../07_TCPL04B_MCAL/tcpl04x_ll_pwm.c:59:21
	orrs	r2, r0
	.loc	3 59 18                         @ ../07_TCPL04B_MCAL/tcpl04x_ll_pwm.c:59:18
	ldr	r0, [r1, #40]
	ands	r0, r2
	str	r0, [r1, #40]
	movs	r0, #255
	lsls	r0, r0, #16
	ldr	r1, __arm_cp.13_7
.Ltmp112:
	@DEBUG_VALUE: __NVIC_SetPriority:IRQn <- 2
	.loc	9 710 48 is_stmt 1              @ ../06_TCPL04B_Device/core_cm0.h:710:48
	ldr	r2, [r1]
	.loc	9 710 73 is_stmt 0              @ ../06_TCPL04B_Device/core_cm0.h:710:73
	bics	r2, r0
.Ltmp113:
	.loc	3 61 36 is_stmt 1               @ ../07_TCPL04B_MCAL/tcpl04x_ll_pwm.c:61:36
	ldrb	r0, [r6, #8]
.Ltmp114:
	@DEBUG_VALUE: __NVIC_SetPriority:priority <- $r0
	.loc	9 711 77                        @ ../06_TCPL04B_Device/core_cm0.h:711:77
	lsls	r0, r0, #30
.Ltmp115:
	@DEBUG_VALUE: __NVIC_SetPriority:IRQn <- 2
	lsrs	r0, r0, #8
	.loc	9 710 106                       @ ../06_TCPL04B_Device/core_cm0.h:710:106
	adds	r0, r0, r2
	.loc	9 710 34 is_stmt 0              @ ../06_TCPL04B_Device/core_cm0.h:710:34
	str	r0, [r1]
	ldr	r1, [sp]                        @ 4-byte Reload
.Ltmp116:
	@DEBUG_VALUE: ll_pwm_init:callback <- $r1
	.loc	9 0 34                          @ ../06_TCPL04B_Device/core_cm0.h:0:34
	b	.LBB13_8
.Ltmp117:
.LBB13_7:
	@DEBUG_VALUE: ll_pwm_isr_config:config <- [DW_OP_plus_uconst 4, DW_OP_stack_value] $r6
	@DEBUG_VALUE: ll_pwm_isr_config:callback <- [$sp+0]
	@DEBUG_VALUE: ll_pwm_init:bus <- [DW_OP_LLVM_entry_value 1] $r0
	@DEBUG_VALUE: ll_pwm_init:callback <- [$sp+0]
	@DEBUG_VALUE: ll_pwm_init:config <- $r6
	.loc	3 65 18 is_stmt 1               @ ../07_TCPL04B_MCAL/tcpl04x_ll_pwm.c:65:18
	str	r0, [r1, #40]
	movs	r1, #0
.Ltmp118:
.LBB13_8:
	@DEBUG_VALUE: ll_pwm_isr_config:config <- [DW_OP_plus_uconst 4, DW_OP_stack_value] $r6
	@DEBUG_VALUE: ll_pwm_isr_config:callback <- [$sp+0]
	@DEBUG_VALUE: ll_pwm_init:bus <- [DW_OP_LLVM_entry_value 1] $r0
	@DEBUG_VALUE: ll_pwm_init:config <- $r6
	.loc	3 0 0 is_stmt 0                 @ ../07_TCPL04B_MCAL/tcpl04x_ll_pwm.c:0:0
	ldr	r0, __arm_cp.13_8
	str	r1, [r0]
.Ltmp119:
.LBB13_9:
	.loc	3 400 1 is_stmt 1               @ ../07_TCPL04B_MCAL/tcpl04x_ll_pwm.c:400:1
	mov	r0, r4
	.loc	3 400 1 epilogue_begin is_stmt 0 @ ../07_TCPL04B_MCAL/tcpl04x_ll_pwm.c:400:1
	pop	{r3, r4, r5, r6, r7, pc}
.Ltmp120:
	.p2align	2
@ %bb.10:
	.loc	3 0 1                           @ ../07_TCPL04B_MCAL/tcpl04x_ll_pwm.c:0:1
__arm_cp.13_0:
	.long	1073746172                      @ 0x400010fc
.Lcpi_end25:
	.size	__arm_cp.13_0, .Lcpi_end25-__arm_cp.13_0
__arm_cp.13_1:
	.long	1515870810                      @ 0x5a5a5a5a
.Lcpi_end26:
	.size	__arm_cp.13_1, .Lcpi_end26-__arm_cp.13_1
__arm_cp.13_2:
	.long	1073745944                      @ 0x40001018
.Lcpi_end27:
	.size	__arm_cp.13_2, .Lcpi_end27-__arm_cp.13_2
__arm_cp.13_3:
	.long	305419896                       @ 0x12345678
.Lcpi_end28:
	.size	__arm_cp.13_3, .Lcpi_end28-__arm_cp.13_3
__arm_cp.13_4:
	.long	1073762304                      @ 0x40005000
.Lcpi_end29:
	.size	__arm_cp.13_4, .Lcpi_end29-__arm_cp.13_4
__arm_cp.13_5:
	.long	65535                           @ 0xffff
.Lcpi_end30:
	.size	__arm_cp.13_5, .Lcpi_end30-__arm_cp.13_5
__arm_cp.13_6:
	.long	4294901760                      @ 0xffff0000
.Lcpi_end31:
	.size	__arm_cp.13_6, .Lcpi_end31-__arm_cp.13_6
__arm_cp.13_7:
	.long	3758154752                      @ 0xe000e400
.Lcpi_end32:
	.size	__arm_cp.13_7, .Lcpi_end32-__arm_cp.13_7
__arm_cp.13_8:
	.long	pwm_isr_callback
.Lcpi_end33:
	.size	__arm_cp.13_8, .Lcpi_end33-__arm_cp.13_8
.Lfunc_end13:
	.size	ll_pwm_init, .Lfunc_end13-ll_pwm_init
	.cfi_endproc
	.cantunwind
	.fnend
                                        @ -- End function
	.section	.text.ll_pwm_count_config,"ax",%progbits
	.hidden	ll_pwm_count_config             @ -- Begin function ll_pwm_count_config
	.globl	ll_pwm_count_config
	.p2align	2
	.type	ll_pwm_count_config,%function
	.code	16                              @ @ll_pwm_count_config
	.thumb_func
ll_pwm_count_config:
.Lfunc_begin14:
	.loc	3 411 0 is_stmt 1               @ ../07_TCPL04B_MCAL/tcpl04x_ll_pwm.c:411:0
	.fnstart
	.cfi_startproc
@ %bb.0:
	@DEBUG_VALUE: ll_pwm_count_config:index <- $r0
	@DEBUG_VALUE: ll_pwm_count_config:config <- $r1
	@DEBUG_VALUE: ll_pwm_count_config:index <- $r0
	.save	{r4, r5, r6, lr}
	push	{r4, r5, r6, lr}
	.cfi_def_cfa_offset 16
	.cfi_offset lr, -4
	.cfi_offset r6, -8
	.cfi_offset r5, -12
	.cfi_offset r4, -16
.Ltmp121:
	.loc	3 412 9 prologue_end            @ ../07_TCPL04B_MCAL/tcpl04x_ll_pwm.c:412:9
	cmp	r0, #1
	bls	.LBB14_2
.Ltmp122:
@ %bb.1:
	@DEBUG_VALUE: ll_pwm_count_config:config <- $r1
	@DEBUG_VALUE: ll_pwm_count_config:index <- $r0
	.loc	3 0 9 is_stmt 0                 @ ../07_TCPL04B_MCAL/tcpl04x_ll_pwm.c:0:9
	movs	r0, #1
.Ltmp123:
	@DEBUG_VALUE: ll_pwm_count_config:index <- [DW_OP_LLVM_entry_value 1] $r0
	.loc	3 448 1 epilogue_begin is_stmt 1 @ ../07_TCPL04B_MCAL/tcpl04x_ll_pwm.c:448:1
	pop	{r4, r5, r6, pc}
.Ltmp124:
.LBB14_2:
	@DEBUG_VALUE: ll_pwm_count_config:config <- $r1
	@DEBUG_VALUE: ll_pwm_count_config:index <- $r0
	.loc	3 0 1 is_stmt 0                 @ ../07_TCPL04B_MCAL/tcpl04x_ll_pwm.c:0:1
	mov	r2, r0
.Ltmp125:
	@DEBUG_VALUE: ll_pwm_count_config:index <- $r2
	.loc	3 418 17 is_stmt 1              @ ../07_TCPL04B_MCAL/tcpl04x_ll_pwm.c:418:17
	ldrb	r0, [r1, #2]
	ldr	r3, __arm_cp.14_0
.Ltmp126:
	.loc	3 418 9 is_stmt 0               @ ../07_TCPL04B_MCAL/tcpl04x_ll_pwm.c:418:9
	cmp	r0, #0
	beq	.LBB14_4
.Ltmp127:
@ %bb.3:
	@DEBUG_VALUE: ll_pwm_count_config:index <- $r2
	@DEBUG_VALUE: ll_pwm_count_config:config <- $r1
	.loc	3 0 9                           @ ../07_TCPL04B_MCAL/tcpl04x_ll_pwm.c:0:9
	movs	r4, #1
.Ltmp128:
	.loc	3 420 29 is_stmt 1              @ ../07_TCPL04B_MCAL/tcpl04x_ll_pwm.c:420:29
	ands	r0, r4
	subs	r5, r3, #4
	ldr	r6, [r5]
	bics	r6, r4
	adds	r0, r6, r0
	str	r0, [r5]
.Ltmp129:
.LBB14_4:
	@DEBUG_VALUE: ll_pwm_count_config:index <- $r2
	@DEBUG_VALUE: ll_pwm_count_config:config <- $r1
	.loc	3 0 29 is_stmt 0                @ ../07_TCPL04B_MCAL/tcpl04x_ll_pwm.c:0:29
	movs	r0, #0
	.loc	3 423 5 is_stmt 1               @ ../07_TCPL04B_MCAL/tcpl04x_ll_pwm.c:423:5
	cmp	r2, #1
	beq	.LBB14_7
.Ltmp130:
@ %bb.5:
	@DEBUG_VALUE: ll_pwm_count_config:index <- $r2
	@DEBUG_VALUE: ll_pwm_count_config:config <- $r1
	cmp	r2, #0
	bne	.LBB14_9
.Ltmp131:
@ %bb.6:
	@DEBUG_VALUE: ll_pwm_count_config:index <- $r2
	@DEBUG_VALUE: ll_pwm_count_config:config <- $r1
	.loc	3 427 49                        @ ../07_TCPL04B_MCAL/tcpl04x_ll_pwm.c:427:49
	ldrb	r2, [r1]
.Ltmp132:
	.loc	3 427 39 is_stmt 0              @ ../07_TCPL04B_MCAL/tcpl04x_ll_pwm.c:427:39
	ldr	r4, [r3]
	movs	r5, #16
	bics	r4, r5
	lsls	r2, r2, #31
	lsrs	r2, r2, #27
	adds	r2, r4, r2
	str	r2, [r3]
	.loc	3 428 56 is_stmt 1              @ ../07_TCPL04B_MCAL/tcpl04x_ll_pwm.c:428:56
	ldrb	r2, [r1, #1]
	.loc	3 428 46 is_stmt 0              @ ../07_TCPL04B_MCAL/tcpl04x_ll_pwm.c:428:46
	ldr	r4, [r3]
	movs	r5, #64
	bics	r4, r5
	lsls	r2, r2, #30
	lsrs	r2, r2, #24
	orrs	r2, r4
	str	r2, [r3]
	movs	r2, #1
	lsls	r2, r2, #12
	.loc	3 430 42 is_stmt 1              @ ../07_TCPL04B_MCAL/tcpl04x_ll_pwm.c:430:42
	ldr	r4, [r3]
	bics	r4, r2
	str	r4, [r3]
	.loc	3 431 46                        @ ../07_TCPL04B_MCAL/tcpl04x_ll_pwm.c:431:46
	ldrh	r1, [r1, #4]
.Ltmp133:
	@DEBUG_VALUE: ll_pwm_count_config:config <- [DW_OP_LLVM_entry_value 1] $r1
	.loc	3 431 36 is_stmt 0              @ ../07_TCPL04B_MCAL/tcpl04x_ll_pwm.c:431:36
	ldr	r2, [r3, #4]
	ldr	r4, __arm_cp.14_1
	ands	r4, r2
	adds	r1, r4, r1
	b	.LBB14_8
.Ltmp134:
.LBB14_7:
	@DEBUG_VALUE: ll_pwm_count_config:index <- $r2
	@DEBUG_VALUE: ll_pwm_count_config:config <- $r1
	.loc	3 436 49 is_stmt 1              @ ../07_TCPL04B_MCAL/tcpl04x_ll_pwm.c:436:49
	ldrb	r2, [r1]
.Ltmp135:
	.loc	3 436 39 is_stmt 0              @ ../07_TCPL04B_MCAL/tcpl04x_ll_pwm.c:436:39
	ldr	r4, [r3]
	movs	r5, #32
	bics	r4, r5
	lsls	r2, r2, #31
	lsrs	r2, r2, #26
	adds	r2, r4, r2
	str	r2, [r3]
	.loc	3 437 56 is_stmt 1              @ ../07_TCPL04B_MCAL/tcpl04x_ll_pwm.c:437:56
	ldrb	r2, [r1, #1]
	.loc	3 437 46 is_stmt 0              @ ../07_TCPL04B_MCAL/tcpl04x_ll_pwm.c:437:46
	ldr	r4, [r3]
	movs	r5, #128
	bics	r4, r5
	lsls	r2, r2, #31
	lsrs	r2, r2, #24
	adds	r2, r4, r2
	str	r2, [r3]
	movs	r2, #1
	lsls	r2, r2, #13
	.loc	3 439 42 is_stmt 1              @ ../07_TCPL04B_MCAL/tcpl04x_ll_pwm.c:439:42
	ldr	r4, [r3]
	bics	r4, r2
	str	r4, [r3]
	.loc	3 440 38                        @ ../07_TCPL04B_MCAL/tcpl04x_ll_pwm.c:440:38
	ldrh	r1, [r1, #4]
.Ltmp136:
	@DEBUG_VALUE: ll_pwm_count_config:config <- [DW_OP_LLVM_entry_value 1] $r1
	.loc	3 440 36 is_stmt 0              @ ../07_TCPL04B_MCAL/tcpl04x_ll_pwm.c:440:36
	lsls	r1, r1, #16
	ldr	r2, [r3, #4]
	uxth	r2, r2
	adds	r1, r2, r1
.Ltmp137:
.LBB14_8:
	@DEBUG_VALUE: ll_pwm_count_config:config <- [DW_OP_LLVM_entry_value 1] $r1
	.loc	3 0 0                           @ ../07_TCPL04B_MCAL/tcpl04x_ll_pwm.c:0:0
	str	r1, [r3, #4]
.Ltmp138:
.LBB14_9:
	.loc	3 448 1 epilogue_begin is_stmt 1 @ ../07_TCPL04B_MCAL/tcpl04x_ll_pwm.c:448:1
	pop	{r4, r5, r6, pc}
.Ltmp139:
	.p2align	2
@ %bb.10:
	.loc	3 0 1 is_stmt 0                 @ ../07_TCPL04B_MCAL/tcpl04x_ll_pwm.c:0:1
__arm_cp.14_0:
	.long	1073762308                      @ 0x40005004
.Lcpi_end34:
	.size	__arm_cp.14_0, .Lcpi_end34-__arm_cp.14_0
__arm_cp.14_1:
	.long	4294901760                      @ 0xffff0000
.Lcpi_end35:
	.size	__arm_cp.14_1, .Lcpi_end35-__arm_cp.14_1
.Lfunc_end14:
	.size	ll_pwm_count_config, .Lfunc_end14-ll_pwm_count_config
	.cfi_endproc
	.cantunwind
	.fnend
                                        @ -- End function
	.section	.text.ll_pwm_channel_config,"ax",%progbits
	.hidden	ll_pwm_channel_config           @ -- Begin function ll_pwm_channel_config
	.globl	ll_pwm_channel_config
	.p2align	2
	.type	ll_pwm_channel_config,%function
	.code	16                              @ @ll_pwm_channel_config
	.thumb_func
ll_pwm_channel_config:
.Lfunc_begin15:
	.loc	3 460 0 is_stmt 1               @ ../07_TCPL04B_MCAL/tcpl04x_ll_pwm.c:460:0
	.fnstart
	.cfi_startproc
@ %bb.0:
	@DEBUG_VALUE: ll_pwm_channel_config:channel <- $r0
	@DEBUG_VALUE: ll_pwm_channel_config:config <- $r1
	.save	{r4, r5, r6, lr}
	push	{r4, r5, r6, lr}
	.cfi_def_cfa_offset 16
	.cfi_offset lr, -4
	.cfi_offset r6, -8
	.cfi_offset r5, -12
	.cfi_offset r4, -16
.Ltmp140:
	.loc	3 461 9 prologue_end            @ ../07_TCPL04B_MCAL/tcpl04x_ll_pwm.c:461:9
	cmp	r0, #3
	bls	.LBB15_2
.Ltmp141:
@ %bb.1:
	@DEBUG_VALUE: ll_pwm_channel_config:config <- $r1
	@DEBUG_VALUE: ll_pwm_channel_config:channel <- $r0
	.loc	3 0 9 is_stmt 0                 @ ../07_TCPL04B_MCAL/tcpl04x_ll_pwm.c:0:9
	movs	r0, #1
.Ltmp142:
	@DEBUG_VALUE: ll_pwm_channel_config:channel <- [DW_OP_LLVM_entry_value 1] $r0
	.loc	3 480 1 epilogue_begin is_stmt 1 @ ../07_TCPL04B_MCAL/tcpl04x_ll_pwm.c:480:1
	pop	{r4, r5, r6, pc}
.Ltmp143:
.LBB15_2:
	@DEBUG_VALUE: ll_pwm_channel_config:config <- $r1
	@DEBUG_VALUE: ll_pwm_channel_config:channel <- $r0
	.loc	3 0 1 is_stmt 0                 @ ../07_TCPL04B_MCAL/tcpl04x_ll_pwm.c:0:1
	movs	r2, #1
	lsls	r4, r2, #16
	.loc	3 467 29 is_stmt 1              @ ../07_TCPL04B_MCAL/tcpl04x_ll_pwm.c:467:29
	lsls	r4, r0
	ldr	r3, __arm_cp.15_0
	.loc	3 467 18 is_stmt 0              @ ../07_TCPL04B_MCAL/tcpl04x_ll_pwm.c:467:18
	ldr	r5, [r3]
	bics	r5, r4
	str	r5, [r3]
	.loc	3 467 41                        @ ../07_TCPL04B_MCAL/tcpl04x_ll_pwm.c:467:41
	mov	r4, r0
	adds	r4, #16
	.loc	3 468 29 is_stmt 1              @ ../07_TCPL04B_MCAL/tcpl04x_ll_pwm.c:468:29
	ldrb	r5, [r1]
	.loc	3 468 40 is_stmt 0              @ ../07_TCPL04B_MCAL/tcpl04x_ll_pwm.c:468:40
	lsls	r5, r4
	.loc	3 468 18                        @ ../07_TCPL04B_MCAL/tcpl04x_ll_pwm.c:468:18
	ldr	r4, [r3]
	orrs	r4, r5
	str	r4, [r3]
	movs	r4, #16
	.loc	3 471 29 is_stmt 1              @ ../07_TCPL04B_MCAL/tcpl04x_ll_pwm.c:471:29
	lsls	r4, r0
	.loc	3 471 18 is_stmt 0              @ ../07_TCPL04B_MCAL/tcpl04x_ll_pwm.c:471:18
	ldr	r5, [r3]
	bics	r5, r4
	str	r5, [r3]
	.loc	3 471 41                        @ ../07_TCPL04B_MCAL/tcpl04x_ll_pwm.c:471:41
	adds	r4, r0, #4
	.loc	3 472 29 is_stmt 1              @ ../07_TCPL04B_MCAL/tcpl04x_ll_pwm.c:472:29
	ldrb	r5, [r1, #1]
	.loc	3 472 38 is_stmt 0              @ ../07_TCPL04B_MCAL/tcpl04x_ll_pwm.c:472:38
	lsls	r5, r4
	.loc	3 472 18                        @ ../07_TCPL04B_MCAL/tcpl04x_ll_pwm.c:472:18
	ldr	r4, [r3]
	orrs	r4, r5
	str	r4, [r3]
	.loc	3 474 42 is_stmt 1              @ ../07_TCPL04B_MCAL/tcpl04x_ll_pwm.c:474:42
	lsls	r4, r0, #1
	movs	r5, #3
	lsls	r5, r5, #8
	.loc	3 474 29 is_stmt 0              @ ../07_TCPL04B_MCAL/tcpl04x_ll_pwm.c:474:29
	lsls	r5, r4
	.loc	3 474 18                        @ ../07_TCPL04B_MCAL/tcpl04x_ll_pwm.c:474:18
	ldr	r6, [r3]
	bics	r6, r5
	str	r6, [r3]
	.loc	3 474 48                        @ ../07_TCPL04B_MCAL/tcpl04x_ll_pwm.c:474:48
	adds	r4, #8
	.loc	3 475 30 is_stmt 1              @ ../07_TCPL04B_MCAL/tcpl04x_ll_pwm.c:475:30
	ldrb	r1, [r1, #2]
.Ltmp144:
	@DEBUG_VALUE: ll_pwm_channel_config:config <- [DW_OP_LLVM_entry_value 1] $r1
	.loc	3 475 39 is_stmt 0              @ ../07_TCPL04B_MCAL/tcpl04x_ll_pwm.c:475:39
	lsls	r1, r4
	.loc	3 475 18                        @ ../07_TCPL04B_MCAL/tcpl04x_ll_pwm.c:475:18
	ldr	r4, [r3]
	orrs	r4, r1
	str	r4, [r3]
	.loc	3 477 26 is_stmt 1              @ ../07_TCPL04B_MCAL/tcpl04x_ll_pwm.c:477:26
	lsls	r2, r0
	.loc	3 477 18 is_stmt 0              @ ../07_TCPL04B_MCAL/tcpl04x_ll_pwm.c:477:18
	ldr	r0, [r3]
.Ltmp145:
	@DEBUG_VALUE: ll_pwm_channel_config:channel <- [DW_OP_LLVM_entry_value 1] $r0
	orrs	r0, r2
	str	r0, [r3]
	movs	r0, #0
	.loc	3 480 1 epilogue_begin is_stmt 1 @ ../07_TCPL04B_MCAL/tcpl04x_ll_pwm.c:480:1
	pop	{r4, r5, r6, pc}
.Ltmp146:
	.p2align	2
@ %bb.3:
	.loc	3 0 1 is_stmt 0                 @ ../07_TCPL04B_MCAL/tcpl04x_ll_pwm.c:0:1
__arm_cp.15_0:
	.long	1073762316                      @ 0x4000500c
.Lcpi_end36:
	.size	__arm_cp.15_0, .Lcpi_end36-__arm_cp.15_0
.Lfunc_end15:
	.size	ll_pwm_channel_config, .Lfunc_end15-ll_pwm_channel_config
	.cfi_endproc
	.cantunwind
	.fnend
                                        @ -- End function
	.section	.text.ll_led_exchannel_init,"ax",%progbits
	.hidden	ll_led_exchannel_init           @ -- Begin function ll_led_exchannel_init
	.globl	ll_led_exchannel_init
	.p2align	2
	.type	ll_led_exchannel_init,%function
	.code	16                              @ @ll_led_exchannel_init
	.thumb_func
ll_led_exchannel_init:
.Lfunc_begin16:
	.loc	3 493 0 is_stmt 1               @ ../07_TCPL04B_MCAL/tcpl04x_ll_pwm.c:493:0
	.fnstart
	.cfi_startproc
@ %bb.0:
	@DEBUG_VALUE: ll_led_exchannel_init:bus <- $r0
	@DEBUG_VALUE: ll_led_exchannel_init:period <- $r1
	@DEBUG_VALUE: ll_led_exchannel_init:polarity <- $r2
	.save	{r4, r5, r6, lr}
	push	{r4, r5, r6, lr}
	.cfi_def_cfa_offset 16
	.cfi_offset lr, -4
	.cfi_offset r6, -8
	.cfi_offset r5, -12
	.cfi_offset r4, -16
.Ltmp147:
	.loc	3 494 9 prologue_end            @ ../07_TCPL04B_MCAL/tcpl04x_ll_pwm.c:494:9
	cmp	r0, #0
	beq	.LBB16_2
.Ltmp148:
@ %bb.1:
	@DEBUG_VALUE: ll_led_exchannel_init:polarity <- $r2
	@DEBUG_VALUE: ll_led_exchannel_init:period <- $r1
	@DEBUG_VALUE: ll_led_exchannel_init:bus <- $r0
	.loc	3 0 9 is_stmt 0                 @ ../07_TCPL04B_MCAL/tcpl04x_ll_pwm.c:0:9
	movs	r0, #1
.Ltmp149:
	@DEBUG_VALUE: ll_led_exchannel_init:bus <- [DW_OP_LLVM_entry_value 1] $r0
	.loc	3 513 1 epilogue_begin is_stmt 1 @ ../07_TCPL04B_MCAL/tcpl04x_ll_pwm.c:513:1
	pop	{r4, r5, r6, pc}
.Ltmp150:
.LBB16_2:
	@DEBUG_VALUE: ll_led_exchannel_init:polarity <- $r2
	@DEBUG_VALUE: ll_led_exchannel_init:period <- $r1
	@DEBUG_VALUE: ll_led_exchannel_init:bus <- $r0
	.loc	3 0 1 is_stmt 0                 @ ../07_TCPL04B_MCAL/tcpl04x_ll_pwm.c:0:1
	ldr	r0, __arm_cp.16_0
.Ltmp151:
	@DEBUG_VALUE: ll_led_exchannel_init:bus <- [DW_OP_LLVM_entry_value 1] $r0
	.loc	3 499 31 is_stmt 1              @ ../07_TCPL04B_MCAL/tcpl04x_ll_pwm.c:499:31
	ldr	r3, [r0]
	movs	r4, #32
	bics	r3, r4
	str	r3, [r0]
	movs	r3, #128
	mvns	r4, r3
	.loc	3 500 38                        @ ../07_TCPL04B_MCAL/tcpl04x_ll_pwm.c:500:38
	ldr	r3, [r0]
	ands	r3, r4
	str	r3, [r0]
	movs	r3, #1
	lsls	r5, r3, #13
	.loc	3 501 34                        @ ../07_TCPL04B_MCAL/tcpl04x_ll_pwm.c:501:34
	ldr	r6, [r0]
	orrs	r6, r5
	str	r6, [r0]
	.loc	3 502 28                        @ ../07_TCPL04B_MCAL/tcpl04x_ll_pwm.c:502:28
	lsls	r5, r1, #16
	ldr	r6, [r0, #4]
	uxth	r6, r6
	adds	r5, r6, r5
	str	r5, [r0, #4]
	lsls	r5, r3, #19
	.loc	3 504 32                        @ ../07_TCPL04B_MCAL/tcpl04x_ll_pwm.c:504:32
	ldr	r6, [r0, #8]
	orrs	r6, r5
	str	r6, [r0, #8]
	.loc	3 505 28                        @ ../07_TCPL04B_MCAL/tcpl04x_ll_pwm.c:505:28
	ldr	r5, [r0, #8]
	ands	r5, r4
	lsls	r2, r2, #31
.Ltmp152:
	@DEBUG_VALUE: ll_led_exchannel_init:polarity <- [DW_OP_LLVM_entry_value 1] $r2
	lsrs	r2, r2, #24
	adds	r2, r5, r2
	str	r2, [r0, #8]
	movs	r2, #3
	lsls	r2, r2, #14
	.loc	3 507 29                        @ ../07_TCPL04B_MCAL/tcpl04x_ll_pwm.c:507:29
	ldr	r4, [r0, #8]
	bics	r4, r2
	lsls	r2, r3, #14
	adds	r2, r4, r2
	str	r2, [r0, #8]
	.loc	3 509 28                        @ ../07_TCPL04B_MCAL/tcpl04x_ll_pwm.c:509:28
	lsls	r1, r1, #14
.Ltmp153:
	@DEBUG_VALUE: ll_led_exchannel_init:period <- [DW_OP_LLVM_entry_value 1] $r1
	.loc	3 0 28 is_stmt 0                @ ../07_TCPL04B_MCAL/tcpl04x_ll_pwm.c:0:28
	ldr	r2, __arm_cp.16_1
	.loc	3 509 28                        @ ../07_TCPL04B_MCAL/tcpl04x_ll_pwm.c:509:28
	ands	r2, r1
	ldr	r1, [r0, #24]
	uxth	r1, r1
	adds	r1, r1, r2
	str	r1, [r0, #24]
	.loc	3 510 28 is_stmt 1              @ ../07_TCPL04B_MCAL/tcpl04x_ll_pwm.c:510:28
	ldr	r1, [r0, #24]
	ldr	r2, __arm_cp.16_2
	ands	r2, r1
	str	r2, [r0, #24]
	movs	r0, #0
	.loc	3 513 1 epilogue_begin          @ ../07_TCPL04B_MCAL/tcpl04x_ll_pwm.c:513:1
	pop	{r4, r5, r6, pc}
.Ltmp154:
	.p2align	2
@ %bb.3:
	.loc	3 0 1 is_stmt 0                 @ ../07_TCPL04B_MCAL/tcpl04x_ll_pwm.c:0:1
__arm_cp.16_0:
	.long	1073762308                      @ 0x40005004
.Lcpi_end37:
	.size	__arm_cp.16_0, .Lcpi_end37-__arm_cp.16_0
__arm_cp.16_1:
	.long	1073676288                      @ 0x3fff0000
.Lcpi_end38:
	.size	__arm_cp.16_1, .Lcpi_end38-__arm_cp.16_1
__arm_cp.16_2:
	.long	4294901760                      @ 0xffff0000
.Lcpi_end39:
	.size	__arm_cp.16_2, .Lcpi_end39-__arm_cp.16_2
.Lfunc_end16:
	.size	ll_led_exchannel_init, .Lfunc_end16-ll_led_exchannel_init
	.cfi_endproc
	.cantunwind
	.fnend
                                        @ -- End function
	.section	.text.ll_led_switch_init,"ax",%progbits
	.hidden	ll_led_switch_init              @ -- Begin function ll_led_switch_init
	.globl	ll_led_switch_init
	.p2align	2
	.type	ll_led_switch_init,%function
	.code	16                              @ @ll_led_switch_init
	.thumb_func
ll_led_switch_init:
.Lfunc_begin17:
	.loc	3 523 0 is_stmt 1               @ ../07_TCPL04B_MCAL/tcpl04x_ll_pwm.c:523:0
	.fnstart
	.cfi_startproc
@ %bb.0:
	@DEBUG_VALUE: ll_led_switch_init:bus <- $r0
	.save	{r4, r5, r7, lr}
	push	{r4, r5, r7, lr}
	.cfi_def_cfa_offset 16
	.cfi_offset lr, -4
	.cfi_offset r7, -8
	.cfi_offset r5, -12
	.cfi_offset r4, -16
.Ltmp155:
	.loc	3 524 9 prologue_end            @ ../07_TCPL04B_MCAL/tcpl04x_ll_pwm.c:524:9
	cmp	r0, #0
	beq	.LBB17_2
.Ltmp156:
@ %bb.1:
	@DEBUG_VALUE: ll_led_switch_init:bus <- $r0
	.loc	3 0 9 is_stmt 0                 @ ../07_TCPL04B_MCAL/tcpl04x_ll_pwm.c:0:9
	movs	r4, #1
	b	.LBB17_3
.Ltmp157:
.LBB17_2:
	@DEBUG_VALUE: ll_led_switch_init:bus <- $r0
	ldr	r0, __arm_cp.17_0
.Ltmp158:
	@DEBUG_VALUE: ll_led_switch_init:bus <- [DW_OP_LLVM_entry_value 1] $r0
	.loc	3 529 27 is_stmt 1              @ ../07_TCPL04B_MCAL/tcpl04x_ll_pwm.c:529:27
	ldr	r2, [r0]
	movs	r1, #2
	orrs	r2, r1
	str	r2, [r0]
	movs	r4, #0
	.loc	3 530 5                         @ ../07_TCPL04B_MCAL/tcpl04x_ll_pwm.c:530:5
	mov	r0, r4
	bl	ll_gpio_afio_config
.Ltmp159:
	.loc	3 0 5 is_stmt 0                 @ ../07_TCPL04B_MCAL/tcpl04x_ll_pwm.c:0:5
	movs	r5, #1
	.loc	3 532 5 is_stmt 1               @ ../07_TCPL04B_MCAL/tcpl04x_ll_pwm.c:532:5
	mov	r0, r5
	bl	ll_led_enable
.Ltmp160:
	.loc	3 533 5                         @ ../07_TCPL04B_MCAL/tcpl04x_ll_pwm.c:533:5
	mov	r0, r4
	mov	r1, r5
	bl	ll_pwm_enable
.Ltmp161:
.LBB17_3:
	.loc	3 536 1                         @ ../07_TCPL04B_MCAL/tcpl04x_ll_pwm.c:536:1
	mov	r0, r4
	.loc	3 536 1 epilogue_begin is_stmt 0 @ ../07_TCPL04B_MCAL/tcpl04x_ll_pwm.c:536:1
	pop	{r4, r5, r7, pc}
.Ltmp162:
	.p2align	2
@ %bb.4:
	.loc	3 0 1                           @ ../07_TCPL04B_MCAL/tcpl04x_ll_pwm.c:0:1
__arm_cp.17_0:
	.long	1073762304                      @ 0x40005000
.Lcpi_end40:
	.size	__arm_cp.17_0, .Lcpi_end40-__arm_cp.17_0
.Lfunc_end17:
	.size	ll_led_switch_init, .Lfunc_end17-ll_led_switch_init
	.cfi_endproc
	.cantunwind
	.fnend
                                        @ -- End function
	.section	.text.PWM_IRQHandler,"ax",%progbits
	.hidden	PWM_IRQHandler                  @ -- Begin function PWM_IRQHandler
	.globl	PWM_IRQHandler
	.p2align	2
	.type	PWM_IRQHandler,%function
	.code	16                              @ @PWM_IRQHandler
	.thumb_func
PWM_IRQHandler:
.Lfunc_begin18:
	.loc	3 546 0 is_stmt 1               @ ../07_TCPL04B_MCAL/tcpl04x_ll_pwm.c:546:0
	.fnstart
	.cfi_startproc
@ %bb.0:
	.save	{r4, r5, r7, lr}
	push	{r4, r5, r7, lr}
	.cfi_def_cfa_offset 16
	.cfi_offset lr, -4
	.cfi_offset r7, -8
	.cfi_offset r5, -12
	.cfi_offset r4, -16
	ldr	r5, __arm_cp.18_0
.Ltmp163:
	.loc	3 547 25 prologue_end           @ ../07_TCPL04B_MCAL/tcpl04x_ll_pwm.c:547:25
	ldr	r4, [r5, #4]
.Ltmp164:
	@DEBUG_VALUE: PWM_IRQHandler:isr <- $r4
	.loc	3 549 9                         @ ../07_TCPL04B_MCAL/tcpl04x_ll_pwm.c:549:9
	lsls	r0, r4, #16
	beq	.LBB18_4
.Ltmp165:
@ %bb.1:
	@DEBUG_VALUE: PWM_IRQHandler:isr <- $r4
	.loc	3 551 21                        @ ../07_TCPL04B_MCAL/tcpl04x_ll_pwm.c:551:21
	ldr	r0, __arm_cp.18_1
	ldr	r1, [r0]
.Ltmp166:
	.loc	3 551 13 is_stmt 0              @ ../07_TCPL04B_MCAL/tcpl04x_ll_pwm.c:551:13
	cmp	r1, #0
	beq	.LBB18_3
.Ltmp167:
@ %bb.2:
	@DEBUG_VALUE: PWM_IRQHandler:isr <- $r4
	.loc	3 553 13 is_stmt 1              @ ../07_TCPL04B_MCAL/tcpl04x_ll_pwm.c:553:13
	mov	r0, r4
	blx	r1
.Ltmp168:
.LBB18_3:
	@DEBUG_VALUE: PWM_IRQHandler:isr <- $r4
	.loc	3 556 18                        @ ../07_TCPL04B_MCAL/tcpl04x_ll_pwm.c:556:18
	ldr	r0, [r5]
	orrs	r0, r4
	str	r0, [r5]
.Ltmp169:
.LBB18_4:
	@DEBUG_VALUE: PWM_IRQHandler:isr <- $r4
	.loc	3 558 1 epilogue_begin          @ ../07_TCPL04B_MCAL/tcpl04x_ll_pwm.c:558:1
	pop	{r4, r5, r7, pc}
.Ltmp170:
	.p2align	2
@ %bb.5:
	.loc	3 0 1 is_stmt 0                 @ ../07_TCPL04B_MCAL/tcpl04x_ll_pwm.c:0:1
__arm_cp.18_0:
	.long	1073762348                      @ 0x4000502c
.Lcpi_end41:
	.size	__arm_cp.18_0, .Lcpi_end41-__arm_cp.18_0
__arm_cp.18_1:
	.long	pwm_isr_callback
.Lcpi_end42:
	.size	__arm_cp.18_1, .Lcpi_end42-__arm_cp.18_1
.Lfunc_end18:
	.size	PWM_IRQHandler, .Lfunc_end18-PWM_IRQHandler
	.cfi_endproc
	.cantunwind
	.fnend
                                        @ -- End function
	.type	pwm_isr_callback,%object        @ @pwm_isr_callback
	.section	.bss.pwm_isr_callback,"aw",%nobits
	.p2align	2, 0x0
pwm_isr_callback:
	.long	0
	.size	pwm_isr_callback, 4

	.section	.debug_loc,"",%progbits
.Ldebug_loc0:
	.long	-1
	.long	.Lfunc_begin0                   @   base address
	.long	.Lfunc_begin0-.Lfunc_begin0
	.long	.Ltmp2-.Lfunc_begin0
	.short	1                               @ Loc expr size
	.byte	80                              @ DW_OP_reg0
	.long	.Ltmp2-.Lfunc_begin0
	.long	.Ltmp3-.Lfunc_begin0
	.short	4                               @ Loc expr size
	.byte	243                             @ DW_OP_GNU_entry_value
	.byte	1                               @ 1
	.byte	80                              @ DW_OP_reg0
	.byte	159                             @ DW_OP_stack_value
	.long	.Ltmp3-.Lfunc_begin0
	.long	.Ltmp4-.Lfunc_begin0
	.short	1                               @ Loc expr size
	.byte	80                              @ DW_OP_reg0
	.long	.Ltmp4-.Lfunc_begin0
	.long	.Ltmp13-.Lfunc_begin0
	.short	4                               @ Loc expr size
	.byte	243                             @ DW_OP_GNU_entry_value
	.byte	1                               @ 1
	.byte	80                              @ DW_OP_reg0
	.byte	159                             @ DW_OP_stack_value
	.long	0
	.long	0
.Ldebug_loc1:
	.long	-1
	.long	.Lfunc_begin0                   @   base address
	.long	.Lfunc_begin0-.Lfunc_begin0
	.long	.Ltmp8-.Lfunc_begin0
	.short	1                               @ Loc expr size
	.byte	81                              @ DW_OP_reg1
	.long	.Ltmp8-.Lfunc_begin0
	.long	.Ltmp9-.Lfunc_begin0
	.short	4                               @ Loc expr size
	.byte	243                             @ DW_OP_GNU_entry_value
	.byte	1                               @ 1
	.byte	81                              @ DW_OP_reg1
	.byte	159                             @ DW_OP_stack_value
	.long	.Ltmp9-.Lfunc_begin0
	.long	.Ltmp10-.Lfunc_begin0
	.short	1                               @ Loc expr size
	.byte	81                              @ DW_OP_reg1
	.long	.Ltmp10-.Lfunc_begin0
	.long	.Ltmp13-.Lfunc_begin0
	.short	4                               @ Loc expr size
	.byte	243                             @ DW_OP_GNU_entry_value
	.byte	1                               @ 1
	.byte	81                              @ DW_OP_reg1
	.byte	159                             @ DW_OP_stack_value
	.long	0
	.long	0
.Ldebug_loc2:
	.long	-1
	.long	.Lfunc_begin1                   @   base address
	.long	.Lfunc_begin1-.Lfunc_begin1
	.long	.Ltmp15-.Lfunc_begin1
	.short	1                               @ Loc expr size
	.byte	80                              @ DW_OP_reg0
	.long	.Ltmp15-.Lfunc_begin1
	.long	.Ltmp16-.Lfunc_begin1
	.short	4                               @ Loc expr size
	.byte	243                             @ DW_OP_GNU_entry_value
	.byte	1                               @ 1
	.byte	80                              @ DW_OP_reg0
	.byte	159                             @ DW_OP_stack_value
	.long	.Ltmp16-.Lfunc_begin1
	.long	.Ltmp17-.Lfunc_begin1
	.short	1                               @ Loc expr size
	.byte	80                              @ DW_OP_reg0
	.long	.Ltmp17-.Lfunc_begin1
	.long	.Ltmp25-.Lfunc_begin1
	.short	4                               @ Loc expr size
	.byte	243                             @ DW_OP_GNU_entry_value
	.byte	1                               @ 1
	.byte	80                              @ DW_OP_reg0
	.byte	159                             @ DW_OP_stack_value
	.long	0
	.long	0
.Ldebug_loc3:
	.long	-1
	.long	.Lfunc_begin1                   @   base address
	.long	.Lfunc_begin1-.Lfunc_begin1
	.long	.Ltmp21-.Lfunc_begin1
	.short	6                               @ Loc expr size
	.byte	113                             @ DW_OP_breg1
	.byte	0                               @ 0
	.byte	16                              @ DW_OP_constu
	.byte	1                               @ 1
	.byte	26                              @ DW_OP_and
	.byte	159                             @ DW_OP_stack_value
	.long	.Ltmp22-.Lfunc_begin1
	.long	.Ltmp23-.Lfunc_begin1
	.short	6                               @ Loc expr size
	.byte	113                             @ DW_OP_breg1
	.byte	0                               @ 0
	.byte	16                              @ DW_OP_constu
	.byte	1                               @ 1
	.byte	26                              @ DW_OP_and
	.byte	159                             @ DW_OP_stack_value
	.long	0
	.long	0
.Ldebug_loc4:
	.long	-1
	.long	.Lfunc_begin2                   @   base address
	.long	.Lfunc_begin2-.Lfunc_begin2
	.long	.Ltmp27-.Lfunc_begin2
	.short	1                               @ Loc expr size
	.byte	80                              @ DW_OP_reg0
	.long	.Ltmp27-.Lfunc_begin2
	.long	.Ltmp28-.Lfunc_begin2
	.short	4                               @ Loc expr size
	.byte	243                             @ DW_OP_GNU_entry_value
	.byte	1                               @ 1
	.byte	80                              @ DW_OP_reg0
	.byte	159                             @ DW_OP_stack_value
	.long	.Ltmp28-.Lfunc_begin2
	.long	.Ltmp29-.Lfunc_begin2
	.short	1                               @ Loc expr size
	.byte	80                              @ DW_OP_reg0
	.long	.Ltmp29-.Lfunc_begin2
	.long	.Ltmp30-.Lfunc_begin2
	.short	4                               @ Loc expr size
	.byte	243                             @ DW_OP_GNU_entry_value
	.byte	1                               @ 1
	.byte	80                              @ DW_OP_reg0
	.byte	159                             @ DW_OP_stack_value
	.long	0
	.long	0
.Ldebug_loc5:
	.long	-1
	.long	.Lfunc_begin3                   @   base address
	.long	.Lfunc_begin3-.Lfunc_begin3
	.long	.Ltmp32-.Lfunc_begin3
	.short	1                               @ Loc expr size
	.byte	80                              @ DW_OP_reg0
	.long	.Ltmp32-.Lfunc_begin3
	.long	.Ltmp33-.Lfunc_begin3
	.short	4                               @ Loc expr size
	.byte	243                             @ DW_OP_GNU_entry_value
	.byte	1                               @ 1
	.byte	80                              @ DW_OP_reg0
	.byte	159                             @ DW_OP_stack_value
	.long	.Ltmp33-.Lfunc_begin3
	.long	.Ltmp34-.Lfunc_begin3
	.short	1                               @ Loc expr size
	.byte	80                              @ DW_OP_reg0
	.long	.Ltmp34-.Lfunc_begin3
	.long	.Ltmp35-.Lfunc_begin3
	.short	4                               @ Loc expr size
	.byte	243                             @ DW_OP_GNU_entry_value
	.byte	1                               @ 1
	.byte	80                              @ DW_OP_reg0
	.byte	159                             @ DW_OP_stack_value
	.long	0
	.long	0
.Ldebug_loc6:
	.long	-1
	.long	.Lfunc_begin4                   @   base address
	.long	.Lfunc_begin4-.Lfunc_begin4
	.long	.Ltmp38-.Lfunc_begin4
	.short	1                               @ Loc expr size
	.byte	80                              @ DW_OP_reg0
	.long	.Ltmp38-.Lfunc_begin4
	.long	.Ltmp39-.Lfunc_begin4
	.short	4                               @ Loc expr size
	.byte	243                             @ DW_OP_GNU_entry_value
	.byte	1                               @ 1
	.byte	80                              @ DW_OP_reg0
	.byte	159                             @ DW_OP_stack_value
	.long	.Ltmp39-.Lfunc_begin4
	.long	.Ltmp40-.Lfunc_begin4
	.short	1                               @ Loc expr size
	.byte	80                              @ DW_OP_reg0
	.long	.Ltmp40-.Lfunc_begin4
	.long	.Ltmp41-.Lfunc_begin4
	.short	4                               @ Loc expr size
	.byte	243                             @ DW_OP_GNU_entry_value
	.byte	1                               @ 1
	.byte	80                              @ DW_OP_reg0
	.byte	159                             @ DW_OP_stack_value
	.long	0
	.long	0
.Ldebug_loc7:
	.long	-1
	.long	.Lfunc_begin5                   @   base address
	.long	.Lfunc_begin5-.Lfunc_begin5
	.long	.Ltmp44-.Lfunc_begin5
	.short	1                               @ Loc expr size
	.byte	80                              @ DW_OP_reg0
	.long	.Ltmp44-.Lfunc_begin5
	.long	.Ltmp45-.Lfunc_begin5
	.short	4                               @ Loc expr size
	.byte	243                             @ DW_OP_GNU_entry_value
	.byte	1                               @ 1
	.byte	80                              @ DW_OP_reg0
	.byte	159                             @ DW_OP_stack_value
	.long	.Ltmp45-.Lfunc_begin5
	.long	.Ltmp48-.Lfunc_begin5
	.short	1                               @ Loc expr size
	.byte	80                              @ DW_OP_reg0
	.long	.Ltmp48-.Lfunc_begin5
	.long	.Ltmp52-.Lfunc_begin5
	.short	4                               @ Loc expr size
	.byte	243                             @ DW_OP_GNU_entry_value
	.byte	1                               @ 1
	.byte	80                              @ DW_OP_reg0
	.byte	159                             @ DW_OP_stack_value
	.long	0
	.long	0
.Ldebug_loc8:
	.long	-1
	.long	.Lfunc_begin5                   @   base address
	.long	.Lfunc_begin5-.Lfunc_begin5
	.long	.Ltmp50-.Lfunc_begin5
	.short	1                               @ Loc expr size
	.byte	81                              @ DW_OP_reg1
	.long	.Ltmp50-.Lfunc_begin5
	.long	.Ltmp52-.Lfunc_begin5
	.short	4                               @ Loc expr size
	.byte	243                             @ DW_OP_GNU_entry_value
	.byte	1                               @ 1
	.byte	81                              @ DW_OP_reg1
	.byte	159                             @ DW_OP_stack_value
	.long	0
	.long	0
.Ldebug_loc9:
	.long	-1
	.long	.Lfunc_begin5                   @   base address
	.long	.Lfunc_begin5-.Lfunc_begin5
	.long	.Ltmp47-.Lfunc_begin5
	.short	1                               @ Loc expr size
	.byte	82                              @ DW_OP_reg2
	.long	0
	.long	0
.Ldebug_loc10:
	.long	-1
	.long	.Lfunc_begin5                   @   base address
	.long	.Ltmp49-.Lfunc_begin5
	.long	.Ltmp51-.Lfunc_begin5
	.short	7                               @ Loc expr size
	.byte	112                             @ DW_OP_breg0
	.byte	144                             @ 1073762320
	.byte	160                             @ 
	.byte	129                             @ 
	.byte	128                             @ 
	.byte	4                               @ 
	.byte	159                             @ DW_OP_stack_value
	.long	0
	.long	0
.Ldebug_loc11:
	.long	-1
	.long	.Lfunc_begin6                   @   base address
	.long	.Lfunc_begin6-.Lfunc_begin6
	.long	.Ltmp54-.Lfunc_begin6
	.short	1                               @ Loc expr size
	.byte	80                              @ DW_OP_reg0
	.long	.Ltmp54-.Lfunc_begin6
	.long	.Ltmp55-.Lfunc_begin6
	.short	4                               @ Loc expr size
	.byte	243                             @ DW_OP_GNU_entry_value
	.byte	1                               @ 1
	.byte	80                              @ DW_OP_reg0
	.byte	159                             @ DW_OP_stack_value
	.long	.Ltmp55-.Lfunc_begin6
	.long	.Ltmp56-.Lfunc_begin6
	.short	1                               @ Loc expr size
	.byte	80                              @ DW_OP_reg0
	.long	.Ltmp56-.Lfunc_begin6
	.long	.Ltmp58-.Lfunc_begin6
	.short	4                               @ Loc expr size
	.byte	243                             @ DW_OP_GNU_entry_value
	.byte	1                               @ 1
	.byte	80                              @ DW_OP_reg0
	.byte	159                             @ DW_OP_stack_value
	.long	0
	.long	0
.Ldebug_loc12:
	.long	-1
	.long	.Lfunc_begin6                   @   base address
	.long	.Lfunc_begin6-.Lfunc_begin6
	.long	.Ltmp57-.Lfunc_begin6
	.short	1                               @ Loc expr size
	.byte	81                              @ DW_OP_reg1
	.long	.Ltmp57-.Lfunc_begin6
	.long	.Ltmp58-.Lfunc_begin6
	.short	4                               @ Loc expr size
	.byte	243                             @ DW_OP_GNU_entry_value
	.byte	1                               @ 1
	.byte	81                              @ DW_OP_reg1
	.byte	159                             @ DW_OP_stack_value
	.long	0
	.long	0
.Ldebug_loc13:
	.long	-1
	.long	.Lfunc_begin7                   @   base address
	.long	.Lfunc_begin7-.Lfunc_begin7
	.long	.Ltmp59-.Lfunc_begin7
	.short	1                               @ Loc expr size
	.byte	80                              @ DW_OP_reg0
	.long	.Ltmp59-.Lfunc_begin7
	.long	.Ltmp63-.Lfunc_begin7
	.short	1                               @ Loc expr size
	.byte	82                              @ DW_OP_reg2
	.long	0
	.long	0
.Ldebug_loc14:
	.long	-1
	.long	.Lfunc_begin7                   @   base address
	.long	.Ltmp63-.Lfunc_begin7
	.long	.Ltmp64-.Lfunc_begin7
	.short	7                               @ Loc expr size
	.byte	112                             @ DW_OP_breg0
	.byte	144                             @ 1073762320
	.byte	160                             @ 
	.byte	129                             @ 
	.byte	128                             @ 
	.byte	4                               @ 
	.byte	159                             @ DW_OP_stack_value
	.long	0
	.long	0
.Ldebug_loc15:
	.long	-1
	.long	.Lfunc_begin8                   @   base address
	.long	.Lfunc_begin8-.Lfunc_begin8
	.long	.Ltmp68-.Lfunc_begin8
	.short	1                               @ Loc expr size
	.byte	80                              @ DW_OP_reg0
	.long	.Ltmp68-.Lfunc_begin8
	.long	.Ltmp69-.Lfunc_begin8
	.short	4                               @ Loc expr size
	.byte	243                             @ DW_OP_GNU_entry_value
	.byte	1                               @ 1
	.byte	80                              @ DW_OP_reg0
	.byte	159                             @ DW_OP_stack_value
	.long	.Ltmp69-.Lfunc_begin8
	.long	.Ltmp70-.Lfunc_begin8
	.short	1                               @ Loc expr size
	.byte	80                              @ DW_OP_reg0
	.long	.Ltmp70-.Lfunc_begin8
	.long	.Lfunc_end8-.Lfunc_begin8
	.short	4                               @ Loc expr size
	.byte	243                             @ DW_OP_GNU_entry_value
	.byte	1                               @ 1
	.byte	80                              @ DW_OP_reg0
	.byte	159                             @ DW_OP_stack_value
	.long	0
	.long	0
.Ldebug_loc16:
	.long	-1
	.long	.Lfunc_begin9                   @   base address
	.long	.Lfunc_begin9-.Lfunc_begin9
	.long	.Ltmp72-.Lfunc_begin9
	.short	1                               @ Loc expr size
	.byte	80                              @ DW_OP_reg0
	.long	.Ltmp72-.Lfunc_begin9
	.long	.Ltmp74-.Lfunc_begin9
	.short	4                               @ Loc expr size
	.byte	243                             @ DW_OP_GNU_entry_value
	.byte	1                               @ 1
	.byte	80                              @ DW_OP_reg0
	.byte	159                             @ DW_OP_stack_value
	.long	0
	.long	0
.Ldebug_loc17:
	.long	-1
	.long	.Lfunc_begin9                   @   base address
	.long	.Lfunc_begin9-.Lfunc_begin9
	.long	.Ltmp73-.Lfunc_begin9
	.short	6                               @ Loc expr size
	.byte	113                             @ DW_OP_breg1
	.byte	0                               @ 0
	.byte	16                              @ DW_OP_constu
	.byte	1                               @ 1
	.byte	26                              @ DW_OP_and
	.byte	159                             @ DW_OP_stack_value
	.long	0
	.long	0
.Ldebug_loc18:
	.long	-1
	.long	.Lfunc_begin10                  @   base address
	.long	.Lfunc_begin10-.Lfunc_begin10
	.long	.Ltmp76-.Lfunc_begin10
	.short	1                               @ Loc expr size
	.byte	80                              @ DW_OP_reg0
	.long	.Ltmp76-.Lfunc_begin10
	.long	.Ltmp77-.Lfunc_begin10
	.short	4                               @ Loc expr size
	.byte	243                             @ DW_OP_GNU_entry_value
	.byte	1                               @ 1
	.byte	80                              @ DW_OP_reg0
	.byte	159                             @ DW_OP_stack_value
	.long	.Ltmp77-.Lfunc_begin10
	.long	.Ltmp78-.Lfunc_begin10
	.short	1                               @ Loc expr size
	.byte	80                              @ DW_OP_reg0
	.long	.Ltmp78-.Lfunc_begin10
	.long	.Ltmp79-.Lfunc_begin10
	.short	4                               @ Loc expr size
	.byte	243                             @ DW_OP_GNU_entry_value
	.byte	1                               @ 1
	.byte	80                              @ DW_OP_reg0
	.byte	159                             @ DW_OP_stack_value
	.long	0
	.long	0
.Ldebug_loc19:
	.long	-1
	.long	.Lfunc_begin11                  @   base address
	.long	.Lfunc_begin11-.Lfunc_begin11
	.long	.Ltmp82-.Lfunc_begin11
	.short	1                               @ Loc expr size
	.byte	80                              @ DW_OP_reg0
	.long	.Ltmp82-.Lfunc_begin11
	.long	.Ltmp83-.Lfunc_begin11
	.short	4                               @ Loc expr size
	.byte	243                             @ DW_OP_GNU_entry_value
	.byte	1                               @ 1
	.byte	80                              @ DW_OP_reg0
	.byte	159                             @ DW_OP_stack_value
	.long	.Ltmp83-.Lfunc_begin11
	.long	.Ltmp84-.Lfunc_begin11
	.short	1                               @ Loc expr size
	.byte	80                              @ DW_OP_reg0
	.long	.Ltmp84-.Lfunc_begin11
	.long	.Ltmp86-.Lfunc_begin11
	.short	4                               @ Loc expr size
	.byte	243                             @ DW_OP_GNU_entry_value
	.byte	1                               @ 1
	.byte	80                              @ DW_OP_reg0
	.byte	159                             @ DW_OP_stack_value
	.long	0
	.long	0
.Ldebug_loc20:
	.long	-1
	.long	.Lfunc_begin11                  @   base address
	.long	.Lfunc_begin11-.Lfunc_begin11
	.long	.Ltmp85-.Lfunc_begin11
	.short	6                               @ Loc expr size
	.byte	113                             @ DW_OP_breg1
	.byte	0                               @ 0
	.byte	16                              @ DW_OP_constu
	.byte	1                               @ 1
	.byte	26                              @ DW_OP_and
	.byte	159                             @ DW_OP_stack_value
	.long	0
	.long	0
.Ldebug_loc21:
	.long	-1
	.long	.Lfunc_begin12                  @   base address
	.long	.Lfunc_begin12-.Lfunc_begin12
	.long	.Ltmp88-.Lfunc_begin12
	.short	1                               @ Loc expr size
	.byte	80                              @ DW_OP_reg0
	.long	.Ltmp88-.Lfunc_begin12
	.long	.Ltmp89-.Lfunc_begin12
	.short	4                               @ Loc expr size
	.byte	243                             @ DW_OP_GNU_entry_value
	.byte	1                               @ 1
	.byte	80                              @ DW_OP_reg0
	.byte	159                             @ DW_OP_stack_value
	.long	.Ltmp89-.Lfunc_begin12
	.long	.Ltmp90-.Lfunc_begin12
	.short	1                               @ Loc expr size
	.byte	80                              @ DW_OP_reg0
	.long	.Ltmp90-.Lfunc_begin12
	.long	.Ltmp91-.Lfunc_begin12
	.short	4                               @ Loc expr size
	.byte	243                             @ DW_OP_GNU_entry_value
	.byte	1                               @ 1
	.byte	80                              @ DW_OP_reg0
	.byte	159                             @ DW_OP_stack_value
	.long	0
	.long	0
.Ldebug_loc22:
	.long	-1
	.long	.Lfunc_begin13                  @   base address
	.long	.Lfunc_begin13-.Lfunc_begin13
	.long	.Ltmp97-.Lfunc_begin13
	.short	1                               @ Loc expr size
	.byte	80                              @ DW_OP_reg0
	.long	.Ltmp97-.Lfunc_begin13
	.long	.Ltmp119-.Lfunc_begin13
	.short	4                               @ Loc expr size
	.byte	243                             @ DW_OP_GNU_entry_value
	.byte	1                               @ 1
	.byte	80                              @ DW_OP_reg0
	.byte	159                             @ DW_OP_stack_value
	.long	0
	.long	0
.Ldebug_loc23:
	.long	-1
	.long	.Lfunc_begin13                  @   base address
	.long	.Lfunc_begin13-.Lfunc_begin13
	.long	.Ltmp95-.Lfunc_begin13
	.short	1                               @ Loc expr size
	.byte	81                              @ DW_OP_reg1
	.long	.Ltmp95-.Lfunc_begin13
	.long	.Ltmp119-.Lfunc_begin13
	.short	1                               @ Loc expr size
	.byte	86                              @ DW_OP_reg6
	.long	0
	.long	0
.Ldebug_loc24:
	.long	-1
	.long	.Lfunc_begin13                  @   base address
	.long	.Lfunc_begin13-.Lfunc_begin13
	.long	.Ltmp96-.Lfunc_begin13
	.short	1                               @ Loc expr size
	.byte	82                              @ DW_OP_reg2
	.long	.Ltmp96-.Lfunc_begin13
	.long	.Ltmp116-.Lfunc_begin13
	.short	2                               @ Loc expr size
	.byte	125                             @ DW_OP_breg13
	.byte	0                               @ 0
	.long	.Ltmp116-.Lfunc_begin13
	.long	.Ltmp117-.Lfunc_begin13
	.short	1                               @ Loc expr size
	.byte	81                              @ DW_OP_reg1
	.long	.Ltmp117-.Lfunc_begin13
	.long	.Ltmp118-.Lfunc_begin13
	.short	2                               @ Loc expr size
	.byte	125                             @ DW_OP_breg13
	.byte	0                               @ 0
	.long	0
	.long	0
.Ldebug_loc25:
	.long	-1
	.long	.Lfunc_begin13                  @   base address
	.long	.Ltmp114-.Lfunc_begin13
	.long	.Ltmp115-.Lfunc_begin13
	.short	1                               @ Loc expr size
	.byte	80                              @ DW_OP_reg0
	.long	0
	.long	0
.Ldebug_loc26:
	.long	-1
	.long	.Lfunc_begin14                  @   base address
	.long	.Lfunc_begin14-.Lfunc_begin14
	.long	.Ltmp123-.Lfunc_begin14
	.short	1                               @ Loc expr size
	.byte	80                              @ DW_OP_reg0
	.long	.Ltmp123-.Lfunc_begin14
	.long	.Ltmp124-.Lfunc_begin14
	.short	4                               @ Loc expr size
	.byte	243                             @ DW_OP_GNU_entry_value
	.byte	1                               @ 1
	.byte	80                              @ DW_OP_reg0
	.byte	159                             @ DW_OP_stack_value
	.long	.Ltmp124-.Lfunc_begin14
	.long	.Ltmp125-.Lfunc_begin14
	.short	1                               @ Loc expr size
	.byte	80                              @ DW_OP_reg0
	.long	.Ltmp125-.Lfunc_begin14
	.long	.Ltmp132-.Lfunc_begin14
	.short	1                               @ Loc expr size
	.byte	82                              @ DW_OP_reg2
	.long	.Ltmp134-.Lfunc_begin14
	.long	.Ltmp135-.Lfunc_begin14
	.short	1                               @ Loc expr size
	.byte	82                              @ DW_OP_reg2
	.long	0
	.long	0
.Ldebug_loc27:
	.long	-1
	.long	.Lfunc_begin14                  @   base address
	.long	.Lfunc_begin14-.Lfunc_begin14
	.long	.Ltmp133-.Lfunc_begin14
	.short	1                               @ Loc expr size
	.byte	81                              @ DW_OP_reg1
	.long	.Ltmp133-.Lfunc_begin14
	.long	.Ltmp134-.Lfunc_begin14
	.short	4                               @ Loc expr size
	.byte	243                             @ DW_OP_GNU_entry_value
	.byte	1                               @ 1
	.byte	81                              @ DW_OP_reg1
	.byte	159                             @ DW_OP_stack_value
	.long	.Ltmp134-.Lfunc_begin14
	.long	.Ltmp136-.Lfunc_begin14
	.short	1                               @ Loc expr size
	.byte	81                              @ DW_OP_reg1
	.long	.Ltmp136-.Lfunc_begin14
	.long	.Ltmp138-.Lfunc_begin14
	.short	4                               @ Loc expr size
	.byte	243                             @ DW_OP_GNU_entry_value
	.byte	1                               @ 1
	.byte	81                              @ DW_OP_reg1
	.byte	159                             @ DW_OP_stack_value
	.long	0
	.long	0
.Ldebug_loc28:
	.long	-1
	.long	.Lfunc_begin15                  @   base address
	.long	.Lfunc_begin15-.Lfunc_begin15
	.long	.Ltmp142-.Lfunc_begin15
	.short	1                               @ Loc expr size
	.byte	80                              @ DW_OP_reg0
	.long	.Ltmp142-.Lfunc_begin15
	.long	.Ltmp143-.Lfunc_begin15
	.short	4                               @ Loc expr size
	.byte	243                             @ DW_OP_GNU_entry_value
	.byte	1                               @ 1
	.byte	80                              @ DW_OP_reg0
	.byte	159                             @ DW_OP_stack_value
	.long	.Ltmp143-.Lfunc_begin15
	.long	.Ltmp145-.Lfunc_begin15
	.short	1                               @ Loc expr size
	.byte	80                              @ DW_OP_reg0
	.long	.Ltmp145-.Lfunc_begin15
	.long	.Ltmp146-.Lfunc_begin15
	.short	4                               @ Loc expr size
	.byte	243                             @ DW_OP_GNU_entry_value
	.byte	1                               @ 1
	.byte	80                              @ DW_OP_reg0
	.byte	159                             @ DW_OP_stack_value
	.long	0
	.long	0
.Ldebug_loc29:
	.long	-1
	.long	.Lfunc_begin15                  @   base address
	.long	.Lfunc_begin15-.Lfunc_begin15
	.long	.Ltmp144-.Lfunc_begin15
	.short	1                               @ Loc expr size
	.byte	81                              @ DW_OP_reg1
	.long	.Ltmp144-.Lfunc_begin15
	.long	.Ltmp146-.Lfunc_begin15
	.short	4                               @ Loc expr size
	.byte	243                             @ DW_OP_GNU_entry_value
	.byte	1                               @ 1
	.byte	81                              @ DW_OP_reg1
	.byte	159                             @ DW_OP_stack_value
	.long	0
	.long	0
.Ldebug_loc30:
	.long	-1
	.long	.Lfunc_begin16                  @   base address
	.long	.Lfunc_begin16-.Lfunc_begin16
	.long	.Ltmp149-.Lfunc_begin16
	.short	1                               @ Loc expr size
	.byte	80                              @ DW_OP_reg0
	.long	.Ltmp149-.Lfunc_begin16
	.long	.Ltmp150-.Lfunc_begin16
	.short	4                               @ Loc expr size
	.byte	243                             @ DW_OP_GNU_entry_value
	.byte	1                               @ 1
	.byte	80                              @ DW_OP_reg0
	.byte	159                             @ DW_OP_stack_value
	.long	.Ltmp150-.Lfunc_begin16
	.long	.Ltmp151-.Lfunc_begin16
	.short	1                               @ Loc expr size
	.byte	80                              @ DW_OP_reg0
	.long	.Ltmp151-.Lfunc_begin16
	.long	.Ltmp154-.Lfunc_begin16
	.short	4                               @ Loc expr size
	.byte	243                             @ DW_OP_GNU_entry_value
	.byte	1                               @ 1
	.byte	80                              @ DW_OP_reg0
	.byte	159                             @ DW_OP_stack_value
	.long	0
	.long	0
.Ldebug_loc31:
	.long	-1
	.long	.Lfunc_begin16                  @   base address
	.long	.Lfunc_begin16-.Lfunc_begin16
	.long	.Ltmp153-.Lfunc_begin16
	.short	1                               @ Loc expr size
	.byte	81                              @ DW_OP_reg1
	.long	.Ltmp153-.Lfunc_begin16
	.long	.Ltmp154-.Lfunc_begin16
	.short	4                               @ Loc expr size
	.byte	243                             @ DW_OP_GNU_entry_value
	.byte	1                               @ 1
	.byte	81                              @ DW_OP_reg1
	.byte	159                             @ DW_OP_stack_value
	.long	0
	.long	0
.Ldebug_loc32:
	.long	-1
	.long	.Lfunc_begin16                  @   base address
	.long	.Lfunc_begin16-.Lfunc_begin16
	.long	.Ltmp152-.Lfunc_begin16
	.short	1                               @ Loc expr size
	.byte	82                              @ DW_OP_reg2
	.long	.Ltmp152-.Lfunc_begin16
	.long	.Ltmp154-.Lfunc_begin16
	.short	4                               @ Loc expr size
	.byte	243                             @ DW_OP_GNU_entry_value
	.byte	1                               @ 1
	.byte	82                              @ DW_OP_reg2
	.byte	159                             @ DW_OP_stack_value
	.long	0
	.long	0
.Ldebug_loc33:
	.long	-1
	.long	.Lfunc_begin17                  @   base address
	.long	.Lfunc_begin17-.Lfunc_begin17
	.long	.Ltmp158-.Lfunc_begin17
	.short	1                               @ Loc expr size
	.byte	80                              @ DW_OP_reg0
	.long	.Ltmp158-.Lfunc_begin17
	.long	.Ltmp161-.Lfunc_begin17
	.short	4                               @ Loc expr size
	.byte	243                             @ DW_OP_GNU_entry_value
	.byte	1                               @ 1
	.byte	80                              @ DW_OP_reg0
	.byte	159                             @ DW_OP_stack_value
	.long	0
	.long	0
.Ldebug_loc34:
	.long	-1
	.long	.Lfunc_begin18                  @   base address
	.long	.Ltmp164-.Lfunc_begin18
	.long	.Ltmp170-.Lfunc_begin18
	.short	1                               @ Loc expr size
	.byte	84                              @ DW_OP_reg4
	.long	0
	.long	0
	.section	.debug_abbrev,"",%progbits
	.byte	1                               @ Abbreviation Code
	.byte	17                              @ DW_TAG_compile_unit
	.byte	1                               @ DW_CHILDREN_yes
	.byte	37                              @ DW_AT_producer
	.byte	14                              @ DW_FORM_strp
	.byte	19                              @ DW_AT_language
	.byte	5                               @ DW_FORM_data2
	.byte	3                               @ DW_AT_name
	.byte	14                              @ DW_FORM_strp
	.byte	16                              @ DW_AT_stmt_list
	.byte	23                              @ DW_FORM_sec_offset
	.byte	27                              @ DW_AT_comp_dir
	.byte	14                              @ DW_FORM_strp
	.byte	17                              @ DW_AT_low_pc
	.byte	1                               @ DW_FORM_addr
	.byte	85                              @ DW_AT_ranges
	.byte	23                              @ DW_FORM_sec_offset
	.byte	0                               @ EOM(1)
	.byte	0                               @ EOM(2)
	.byte	2                               @ Abbreviation Code
	.byte	52                              @ DW_TAG_variable
	.byte	0                               @ DW_CHILDREN_no
	.byte	3                               @ DW_AT_name
	.byte	14                              @ DW_FORM_strp
	.byte	73                              @ DW_AT_type
	.byte	19                              @ DW_FORM_ref4
	.byte	58                              @ DW_AT_decl_file
	.byte	11                              @ DW_FORM_data1
	.byte	59                              @ DW_AT_decl_line
	.byte	11                              @ DW_FORM_data1
	.byte	2                               @ DW_AT_location
	.byte	24                              @ DW_FORM_exprloc
	.byte	0                               @ EOM(1)
	.byte	0                               @ EOM(2)
	.byte	3                               @ Abbreviation Code
	.byte	22                              @ DW_TAG_typedef
	.byte	0                               @ DW_CHILDREN_no
	.byte	73                              @ DW_AT_type
	.byte	19                              @ DW_FORM_ref4
	.byte	3                               @ DW_AT_name
	.byte	14                              @ DW_FORM_strp
	.byte	58                              @ DW_AT_decl_file
	.byte	11                              @ DW_FORM_data1
	.byte	59                              @ DW_AT_decl_line
	.byte	11                              @ DW_FORM_data1
	.byte	0                               @ EOM(1)
	.byte	0                               @ EOM(2)
	.byte	4                               @ Abbreviation Code
	.byte	15                              @ DW_TAG_pointer_type
	.byte	0                               @ DW_CHILDREN_no
	.byte	73                              @ DW_AT_type
	.byte	19                              @ DW_FORM_ref4
	.byte	0                               @ EOM(1)
	.byte	0                               @ EOM(2)
	.byte	5                               @ Abbreviation Code
	.byte	21                              @ DW_TAG_subroutine_type
	.byte	1                               @ DW_CHILDREN_yes
	.byte	39                              @ DW_AT_prototyped
	.byte	25                              @ DW_FORM_flag_present
	.byte	0                               @ EOM(1)
	.byte	0                               @ EOM(2)
	.byte	6                               @ Abbreviation Code
	.byte	5                               @ DW_TAG_formal_parameter
	.byte	0                               @ DW_CHILDREN_no
	.byte	73                              @ DW_AT_type
	.byte	19                              @ DW_FORM_ref4
	.byte	0                               @ EOM(1)
	.byte	0                               @ EOM(2)
	.byte	7                               @ Abbreviation Code
	.byte	36                              @ DW_TAG_base_type
	.byte	0                               @ DW_CHILDREN_no
	.byte	3                               @ DW_AT_name
	.byte	14                              @ DW_FORM_strp
	.byte	62                              @ DW_AT_encoding
	.byte	11                              @ DW_FORM_data1
	.byte	11                              @ DW_AT_byte_size
	.byte	11                              @ DW_FORM_data1
	.byte	0                               @ EOM(1)
	.byte	0                               @ EOM(2)
	.byte	8                               @ Abbreviation Code
	.byte	4                               @ DW_TAG_enumeration_type
	.byte	1                               @ DW_CHILDREN_yes
	.byte	73                              @ DW_AT_type
	.byte	19                              @ DW_FORM_ref4
	.byte	11                              @ DW_AT_byte_size
	.byte	11                              @ DW_FORM_data1
	.byte	58                              @ DW_AT_decl_file
	.byte	11                              @ DW_FORM_data1
	.byte	59                              @ DW_AT_decl_line
	.byte	11                              @ DW_FORM_data1
	.byte	0                               @ EOM(1)
	.byte	0                               @ EOM(2)
	.byte	9                               @ Abbreviation Code
	.byte	40                              @ DW_TAG_enumerator
	.byte	0                               @ DW_CHILDREN_no
	.byte	3                               @ DW_AT_name
	.byte	14                              @ DW_FORM_strp
	.byte	28                              @ DW_AT_const_value
	.byte	15                              @ DW_FORM_udata
	.byte	0                               @ EOM(1)
	.byte	0                               @ EOM(2)
	.byte	10                              @ Abbreviation Code
	.byte	4                               @ DW_TAG_enumeration_type
	.byte	1                               @ DW_CHILDREN_yes
	.byte	73                              @ DW_AT_type
	.byte	19                              @ DW_FORM_ref4
	.byte	3                               @ DW_AT_name
	.byte	14                              @ DW_FORM_strp
	.byte	11                              @ DW_AT_byte_size
	.byte	11                              @ DW_FORM_data1
	.byte	58                              @ DW_AT_decl_file
	.byte	11                              @ DW_FORM_data1
	.byte	59                              @ DW_AT_decl_line
	.byte	11                              @ DW_FORM_data1
	.byte	0                               @ EOM(1)
	.byte	0                               @ EOM(2)
	.byte	11                              @ Abbreviation Code
	.byte	40                              @ DW_TAG_enumerator
	.byte	0                               @ DW_CHILDREN_no
	.byte	3                               @ DW_AT_name
	.byte	14                              @ DW_FORM_strp
	.byte	28                              @ DW_AT_const_value
	.byte	13                              @ DW_FORM_sdata
	.byte	0                               @ EOM(1)
	.byte	0                               @ EOM(2)
	.byte	12                              @ Abbreviation Code
	.byte	22                              @ DW_TAG_typedef
	.byte	0                               @ DW_CHILDREN_no
	.byte	73                              @ DW_AT_type
	.byte	19                              @ DW_FORM_ref4
	.byte	3                               @ DW_AT_name
	.byte	14                              @ DW_FORM_strp
	.byte	58                              @ DW_AT_decl_file
	.byte	11                              @ DW_FORM_data1
	.byte	59                              @ DW_AT_decl_line
	.byte	5                               @ DW_FORM_data2
	.byte	0                               @ EOM(1)
	.byte	0                               @ EOM(2)
	.byte	13                              @ Abbreviation Code
	.byte	19                              @ DW_TAG_structure_type
	.byte	1                               @ DW_CHILDREN_yes
	.byte	11                              @ DW_AT_byte_size
	.byte	5                               @ DW_FORM_data2
	.byte	58                              @ DW_AT_decl_file
	.byte	11                              @ DW_FORM_data1
	.byte	59                              @ DW_AT_decl_line
	.byte	5                               @ DW_FORM_data2
	.byte	0                               @ EOM(1)
	.byte	0                               @ EOM(2)
	.byte	14                              @ Abbreviation Code
	.byte	13                              @ DW_TAG_member
	.byte	0                               @ DW_CHILDREN_no
	.byte	73                              @ DW_AT_type
	.byte	19                              @ DW_FORM_ref4
	.byte	58                              @ DW_AT_decl_file
	.byte	11                              @ DW_FORM_data1
	.byte	59                              @ DW_AT_decl_line
	.byte	5                               @ DW_FORM_data2
	.byte	56                              @ DW_AT_data_member_location
	.byte	11                              @ DW_FORM_data1
	.byte	0                               @ EOM(1)
	.byte	0                               @ EOM(2)
	.byte	15                              @ Abbreviation Code
	.byte	23                              @ DW_TAG_union_type
	.byte	1                               @ DW_CHILDREN_yes
	.byte	11                              @ DW_AT_byte_size
	.byte	11                              @ DW_FORM_data1
	.byte	58                              @ DW_AT_decl_file
	.byte	11                              @ DW_FORM_data1
	.byte	59                              @ DW_AT_decl_line
	.byte	5                               @ DW_FORM_data2
	.byte	0                               @ EOM(1)
	.byte	0                               @ EOM(2)
	.byte	16                              @ Abbreviation Code
	.byte	13                              @ DW_TAG_member
	.byte	0                               @ DW_CHILDREN_no
	.byte	3                               @ DW_AT_name
	.byte	14                              @ DW_FORM_strp
	.byte	73                              @ DW_AT_type
	.byte	19                              @ DW_FORM_ref4
	.byte	58                              @ DW_AT_decl_file
	.byte	11                              @ DW_FORM_data1
	.byte	59                              @ DW_AT_decl_line
	.byte	5                               @ DW_FORM_data2
	.byte	56                              @ DW_AT_data_member_location
	.byte	11                              @ DW_FORM_data1
	.byte	0                               @ EOM(1)
	.byte	0                               @ EOM(2)
	.byte	17                              @ Abbreviation Code
	.byte	53                              @ DW_TAG_volatile_type
	.byte	0                               @ DW_CHILDREN_no
	.byte	73                              @ DW_AT_type
	.byte	19                              @ DW_FORM_ref4
	.byte	0                               @ EOM(1)
	.byte	0                               @ EOM(2)
	.byte	18                              @ Abbreviation Code
	.byte	19                              @ DW_TAG_structure_type
	.byte	1                               @ DW_CHILDREN_yes
	.byte	11                              @ DW_AT_byte_size
	.byte	11                              @ DW_FORM_data1
	.byte	58                              @ DW_AT_decl_file
	.byte	11                              @ DW_FORM_data1
	.byte	59                              @ DW_AT_decl_line
	.byte	5                               @ DW_FORM_data2
	.byte	0                               @ EOM(1)
	.byte	0                               @ EOM(2)
	.byte	19                              @ Abbreviation Code
	.byte	13                              @ DW_TAG_member
	.byte	0                               @ DW_CHILDREN_no
	.byte	3                               @ DW_AT_name
	.byte	14                              @ DW_FORM_strp
	.byte	73                              @ DW_AT_type
	.byte	19                              @ DW_FORM_ref4
	.byte	58                              @ DW_AT_decl_file
	.byte	11                              @ DW_FORM_data1
	.byte	59                              @ DW_AT_decl_line
	.byte	5                               @ DW_FORM_data2
	.byte	13                              @ DW_AT_bit_size
	.byte	11                              @ DW_FORM_data1
	.byte	107                             @ DW_AT_data_bit_offset
	.byte	11                              @ DW_FORM_data1
	.byte	0                               @ EOM(1)
	.byte	0                               @ EOM(2)
	.byte	20                              @ Abbreviation Code
	.byte	1                               @ DW_TAG_array_type
	.byte	1                               @ DW_CHILDREN_yes
	.byte	73                              @ DW_AT_type
	.byte	19                              @ DW_FORM_ref4
	.byte	0                               @ EOM(1)
	.byte	0                               @ EOM(2)
	.byte	21                              @ Abbreviation Code
	.byte	33                              @ DW_TAG_subrange_type
	.byte	0                               @ DW_CHILDREN_no
	.byte	73                              @ DW_AT_type
	.byte	19                              @ DW_FORM_ref4
	.byte	55                              @ DW_AT_count
	.byte	11                              @ DW_FORM_data1
	.byte	0                               @ EOM(1)
	.byte	0                               @ EOM(2)
	.byte	22                              @ Abbreviation Code
	.byte	36                              @ DW_TAG_base_type
	.byte	0                               @ DW_CHILDREN_no
	.byte	3                               @ DW_AT_name
	.byte	14                              @ DW_FORM_strp
	.byte	11                              @ DW_AT_byte_size
	.byte	11                              @ DW_FORM_data1
	.byte	62                              @ DW_AT_encoding
	.byte	11                              @ DW_FORM_data1
	.byte	0                               @ EOM(1)
	.byte	0                               @ EOM(2)
	.byte	23                              @ Abbreviation Code
	.byte	13                              @ DW_TAG_member
	.byte	0                               @ DW_CHILDREN_no
	.byte	3                               @ DW_AT_name
	.byte	14                              @ DW_FORM_strp
	.byte	73                              @ DW_AT_type
	.byte	19                              @ DW_FORM_ref4
	.byte	58                              @ DW_AT_decl_file
	.byte	11                              @ DW_FORM_data1
	.byte	59                              @ DW_AT_decl_line
	.byte	5                               @ DW_FORM_data2
	.byte	56                              @ DW_AT_data_member_location
	.byte	5                               @ DW_FORM_data2
	.byte	0                               @ EOM(1)
	.byte	0                               @ EOM(2)
	.byte	24                              @ Abbreviation Code
	.byte	38                              @ DW_TAG_const_type
	.byte	0                               @ DW_CHILDREN_no
	.byte	73                              @ DW_AT_type
	.byte	19                              @ DW_FORM_ref4
	.byte	0                               @ EOM(1)
	.byte	0                               @ EOM(2)
	.byte	25                              @ Abbreviation Code
	.byte	46                              @ DW_TAG_subprogram
	.byte	1                               @ DW_CHILDREN_yes
	.byte	17                              @ DW_AT_low_pc
	.byte	1                               @ DW_FORM_addr
	.byte	18                              @ DW_AT_high_pc
	.byte	6                               @ DW_FORM_data4
	.byte	64                              @ DW_AT_frame_base
	.byte	24                              @ DW_FORM_exprloc
	.ascii	"\227B"                         @ DW_AT_GNU_all_call_sites
	.byte	25                              @ DW_FORM_flag_present
	.byte	3                               @ DW_AT_name
	.byte	14                              @ DW_FORM_strp
	.byte	58                              @ DW_AT_decl_file
	.byte	11                              @ DW_FORM_data1
	.byte	59                              @ DW_AT_decl_line
	.byte	11                              @ DW_FORM_data1
	.byte	39                              @ DW_AT_prototyped
	.byte	25                              @ DW_FORM_flag_present
	.byte	73                              @ DW_AT_type
	.byte	19                              @ DW_FORM_ref4
	.byte	63                              @ DW_AT_external
	.byte	25                              @ DW_FORM_flag_present
	.byte	0                               @ EOM(1)
	.byte	0                               @ EOM(2)
	.byte	26                              @ Abbreviation Code
	.byte	5                               @ DW_TAG_formal_parameter
	.byte	0                               @ DW_CHILDREN_no
	.byte	2                               @ DW_AT_location
	.byte	23                              @ DW_FORM_sec_offset
	.byte	3                               @ DW_AT_name
	.byte	14                              @ DW_FORM_strp
	.byte	58                              @ DW_AT_decl_file
	.byte	11                              @ DW_FORM_data1
	.byte	59                              @ DW_AT_decl_line
	.byte	11                              @ DW_FORM_data1
	.byte	73                              @ DW_AT_type
	.byte	19                              @ DW_FORM_ref4
	.byte	0                               @ EOM(1)
	.byte	0                               @ EOM(2)
	.byte	27                              @ Abbreviation Code
	.byte	5                               @ DW_TAG_formal_parameter
	.byte	0                               @ DW_CHILDREN_no
	.byte	2                               @ DW_AT_location
	.byte	24                              @ DW_FORM_exprloc
	.byte	3                               @ DW_AT_name
	.byte	14                              @ DW_FORM_strp
	.byte	58                              @ DW_AT_decl_file
	.byte	11                              @ DW_FORM_data1
	.byte	59                              @ DW_AT_decl_line
	.byte	11                              @ DW_FORM_data1
	.byte	73                              @ DW_AT_type
	.byte	19                              @ DW_FORM_ref4
	.byte	0                               @ EOM(1)
	.byte	0                               @ EOM(2)
	.byte	28                              @ Abbreviation Code
	.byte	46                              @ DW_TAG_subprogram
	.byte	1                               @ DW_CHILDREN_yes
	.byte	3                               @ DW_AT_name
	.byte	14                              @ DW_FORM_strp
	.byte	58                              @ DW_AT_decl_file
	.byte	11                              @ DW_FORM_data1
	.byte	59                              @ DW_AT_decl_line
	.byte	5                               @ DW_FORM_data2
	.byte	39                              @ DW_AT_prototyped
	.byte	25                              @ DW_FORM_flag_present
	.byte	32                              @ DW_AT_inline
	.byte	11                              @ DW_FORM_data1
	.byte	0                               @ EOM(1)
	.byte	0                               @ EOM(2)
	.byte	29                              @ Abbreviation Code
	.byte	5                               @ DW_TAG_formal_parameter
	.byte	0                               @ DW_CHILDREN_no
	.byte	3                               @ DW_AT_name
	.byte	14                              @ DW_FORM_strp
	.byte	58                              @ DW_AT_decl_file
	.byte	11                              @ DW_FORM_data1
	.byte	59                              @ DW_AT_decl_line
	.byte	5                               @ DW_FORM_data2
	.byte	73                              @ DW_AT_type
	.byte	19                              @ DW_FORM_ref4
	.byte	0                               @ EOM(1)
	.byte	0                               @ EOM(2)
	.byte	30                              @ Abbreviation Code
	.byte	29                              @ DW_TAG_inlined_subroutine
	.byte	1                               @ DW_CHILDREN_yes
	.byte	49                              @ DW_AT_abstract_origin
	.byte	19                              @ DW_FORM_ref4
	.byte	17                              @ DW_AT_low_pc
	.byte	1                               @ DW_FORM_addr
	.byte	18                              @ DW_AT_high_pc
	.byte	6                               @ DW_FORM_data4
	.byte	88                              @ DW_AT_call_file
	.byte	11                              @ DW_FORM_data1
	.byte	89                              @ DW_AT_call_line
	.byte	11                              @ DW_FORM_data1
	.byte	87                              @ DW_AT_call_column
	.byte	11                              @ DW_FORM_data1
	.byte	0                               @ EOM(1)
	.byte	0                               @ EOM(2)
	.byte	31                              @ Abbreviation Code
	.byte	5                               @ DW_TAG_formal_parameter
	.byte	0                               @ DW_CHILDREN_no
	.byte	28                              @ DW_AT_const_value
	.byte	13                              @ DW_FORM_sdata
	.byte	49                              @ DW_AT_abstract_origin
	.byte	19                              @ DW_FORM_ref4
	.byte	0                               @ EOM(1)
	.byte	0                               @ EOM(2)
	.byte	32                              @ Abbreviation Code
	.byte	52                              @ DW_TAG_variable
	.byte	0                               @ DW_CHILDREN_no
	.byte	2                               @ DW_AT_location
	.byte	23                              @ DW_FORM_sec_offset
	.byte	3                               @ DW_AT_name
	.byte	14                              @ DW_FORM_strp
	.byte	58                              @ DW_AT_decl_file
	.byte	11                              @ DW_FORM_data1
	.byte	59                              @ DW_AT_decl_line
	.byte	11                              @ DW_FORM_data1
	.byte	73                              @ DW_AT_type
	.byte	19                              @ DW_FORM_ref4
	.byte	0                               @ EOM(1)
	.byte	0                               @ EOM(2)
	.byte	33                              @ Abbreviation Code
	.byte	46                              @ DW_TAG_subprogram
	.byte	1                               @ DW_CHILDREN_yes
	.byte	17                              @ DW_AT_low_pc
	.byte	1                               @ DW_FORM_addr
	.byte	18                              @ DW_AT_high_pc
	.byte	6                               @ DW_FORM_data4
	.byte	64                              @ DW_AT_frame_base
	.byte	24                              @ DW_FORM_exprloc
	.ascii	"\227B"                         @ DW_AT_GNU_all_call_sites
	.byte	25                              @ DW_FORM_flag_present
	.byte	3                               @ DW_AT_name
	.byte	14                              @ DW_FORM_strp
	.byte	58                              @ DW_AT_decl_file
	.byte	11                              @ DW_FORM_data1
	.byte	59                              @ DW_AT_decl_line
	.byte	5                               @ DW_FORM_data2
	.byte	39                              @ DW_AT_prototyped
	.byte	25                              @ DW_FORM_flag_present
	.byte	73                              @ DW_AT_type
	.byte	19                              @ DW_FORM_ref4
	.byte	63                              @ DW_AT_external
	.byte	25                              @ DW_FORM_flag_present
	.byte	0                               @ EOM(1)
	.byte	0                               @ EOM(2)
	.byte	34                              @ Abbreviation Code
	.byte	5                               @ DW_TAG_formal_parameter
	.byte	0                               @ DW_CHILDREN_no
	.byte	2                               @ DW_AT_location
	.byte	23                              @ DW_FORM_sec_offset
	.byte	3                               @ DW_AT_name
	.byte	14                              @ DW_FORM_strp
	.byte	58                              @ DW_AT_decl_file
	.byte	11                              @ DW_FORM_data1
	.byte	59                              @ DW_AT_decl_line
	.byte	5                               @ DW_FORM_data2
	.byte	73                              @ DW_AT_type
	.byte	19                              @ DW_FORM_ref4
	.byte	0                               @ EOM(1)
	.byte	0                               @ EOM(2)
	.byte	35                              @ Abbreviation Code
	.byte	5                               @ DW_TAG_formal_parameter
	.byte	0                               @ DW_CHILDREN_no
	.byte	2                               @ DW_AT_location
	.byte	24                              @ DW_FORM_exprloc
	.byte	3                               @ DW_AT_name
	.byte	14                              @ DW_FORM_strp
	.byte	58                              @ DW_AT_decl_file
	.byte	11                              @ DW_FORM_data1
	.byte	59                              @ DW_AT_decl_line
	.byte	5                               @ DW_FORM_data2
	.byte	73                              @ DW_AT_type
	.byte	19                              @ DW_FORM_ref4
	.byte	0                               @ EOM(1)
	.byte	0                               @ EOM(2)
	.byte	36                              @ Abbreviation Code
	.byte	46                              @ DW_TAG_subprogram
	.byte	1                               @ DW_CHILDREN_yes
	.byte	17                              @ DW_AT_low_pc
	.byte	1                               @ DW_FORM_addr
	.byte	18                              @ DW_AT_high_pc
	.byte	6                               @ DW_FORM_data4
	.byte	64                              @ DW_AT_frame_base
	.byte	24                              @ DW_FORM_exprloc
	.ascii	"\227B"                         @ DW_AT_GNU_all_call_sites
	.byte	25                              @ DW_FORM_flag_present
	.byte	3                               @ DW_AT_name
	.byte	14                              @ DW_FORM_strp
	.byte	58                              @ DW_AT_decl_file
	.byte	11                              @ DW_FORM_data1
	.byte	59                              @ DW_AT_decl_line
	.byte	5                               @ DW_FORM_data2
	.byte	39                              @ DW_AT_prototyped
	.byte	25                              @ DW_FORM_flag_present
	.byte	63                              @ DW_AT_external
	.byte	25                              @ DW_FORM_flag_present
	.byte	0                               @ EOM(1)
	.byte	0                               @ EOM(2)
	.byte	37                              @ Abbreviation Code
	.byte	46                              @ DW_TAG_subprogram
	.byte	1                               @ DW_CHILDREN_yes
	.byte	3                               @ DW_AT_name
	.byte	14                              @ DW_FORM_strp
	.byte	58                              @ DW_AT_decl_file
	.byte	11                              @ DW_FORM_data1
	.byte	59                              @ DW_AT_decl_line
	.byte	11                              @ DW_FORM_data1
	.byte	39                              @ DW_AT_prototyped
	.byte	25                              @ DW_FORM_flag_present
	.byte	32                              @ DW_AT_inline
	.byte	11                              @ DW_FORM_data1
	.byte	0                               @ EOM(1)
	.byte	0                               @ EOM(2)
	.byte	38                              @ Abbreviation Code
	.byte	5                               @ DW_TAG_formal_parameter
	.byte	0                               @ DW_CHILDREN_no
	.byte	3                               @ DW_AT_name
	.byte	14                              @ DW_FORM_strp
	.byte	58                              @ DW_AT_decl_file
	.byte	11                              @ DW_FORM_data1
	.byte	59                              @ DW_AT_decl_line
	.byte	11                              @ DW_FORM_data1
	.byte	73                              @ DW_AT_type
	.byte	19                              @ DW_FORM_ref4
	.byte	0                               @ EOM(1)
	.byte	0                               @ EOM(2)
	.byte	39                              @ Abbreviation Code
	.byte	19                              @ DW_TAG_structure_type
	.byte	1                               @ DW_CHILDREN_yes
	.byte	11                              @ DW_AT_byte_size
	.byte	11                              @ DW_FORM_data1
	.byte	58                              @ DW_AT_decl_file
	.byte	11                              @ DW_FORM_data1
	.byte	59                              @ DW_AT_decl_line
	.byte	11                              @ DW_FORM_data1
	.byte	0                               @ EOM(1)
	.byte	0                               @ EOM(2)
	.byte	40                              @ Abbreviation Code
	.byte	13                              @ DW_TAG_member
	.byte	0                               @ DW_CHILDREN_no
	.byte	3                               @ DW_AT_name
	.byte	14                              @ DW_FORM_strp
	.byte	73                              @ DW_AT_type
	.byte	19                              @ DW_FORM_ref4
	.byte	58                              @ DW_AT_decl_file
	.byte	11                              @ DW_FORM_data1
	.byte	59                              @ DW_AT_decl_line
	.byte	11                              @ DW_FORM_data1
	.byte	56                              @ DW_AT_data_member_location
	.byte	11                              @ DW_FORM_data1
	.byte	0                               @ EOM(1)
	.byte	0                               @ EOM(2)
	.byte	41                              @ Abbreviation Code
	.byte	29                              @ DW_TAG_inlined_subroutine
	.byte	1                               @ DW_CHILDREN_yes
	.byte	49                              @ DW_AT_abstract_origin
	.byte	19                              @ DW_FORM_ref4
	.byte	17                              @ DW_AT_low_pc
	.byte	1                               @ DW_FORM_addr
	.byte	18                              @ DW_AT_high_pc
	.byte	6                               @ DW_FORM_data4
	.byte	88                              @ DW_AT_call_file
	.byte	11                              @ DW_FORM_data1
	.byte	89                              @ DW_AT_call_line
	.byte	5                               @ DW_FORM_data2
	.byte	87                              @ DW_AT_call_column
	.byte	11                              @ DW_FORM_data1
	.byte	0                               @ EOM(1)
	.byte	0                               @ EOM(2)
	.byte	42                              @ Abbreviation Code
	.byte	5                               @ DW_TAG_formal_parameter
	.byte	0                               @ DW_CHILDREN_no
	.byte	2                               @ DW_AT_location
	.byte	24                              @ DW_FORM_exprloc
	.byte	49                              @ DW_AT_abstract_origin
	.byte	19                              @ DW_FORM_ref4
	.byte	0                               @ EOM(1)
	.byte	0                               @ EOM(2)
	.byte	43                              @ Abbreviation Code
	.byte	29                              @ DW_TAG_inlined_subroutine
	.byte	1                               @ DW_CHILDREN_yes
	.byte	49                              @ DW_AT_abstract_origin
	.byte	19                              @ DW_FORM_ref4
	.byte	85                              @ DW_AT_ranges
	.byte	23                              @ DW_FORM_sec_offset
	.byte	88                              @ DW_AT_call_file
	.byte	11                              @ DW_FORM_data1
	.byte	89                              @ DW_AT_call_line
	.byte	11                              @ DW_FORM_data1
	.byte	87                              @ DW_AT_call_column
	.byte	11                              @ DW_FORM_data1
	.byte	0                               @ EOM(1)
	.byte	0                               @ EOM(2)
	.byte	44                              @ Abbreviation Code
	.byte	5                               @ DW_TAG_formal_parameter
	.byte	0                               @ DW_CHILDREN_no
	.byte	2                               @ DW_AT_location
	.byte	23                              @ DW_FORM_sec_offset
	.byte	49                              @ DW_AT_abstract_origin
	.byte	19                              @ DW_FORM_ref4
	.byte	0                               @ EOM(1)
	.byte	0                               @ EOM(2)
	.byte	45                              @ Abbreviation Code
	.byte	52                              @ DW_TAG_variable
	.byte	0                               @ DW_CHILDREN_no
	.byte	2                               @ DW_AT_location
	.byte	23                              @ DW_FORM_sec_offset
	.byte	3                               @ DW_AT_name
	.byte	14                              @ DW_FORM_strp
	.byte	58                              @ DW_AT_decl_file
	.byte	11                              @ DW_FORM_data1
	.byte	59                              @ DW_AT_decl_line
	.byte	5                               @ DW_FORM_data2
	.byte	73                              @ DW_AT_type
	.byte	19                              @ DW_FORM_ref4
	.byte	0                               @ EOM(1)
	.byte	0                               @ EOM(2)
	.byte	0                               @ EOM(3)
	.section	.debug_info,"",%progbits
.Lcu_begin0:
	.long	.Ldebug_info_end0-.Ldebug_info_start0 @ Length of Unit
.Ldebug_info_start0:
	.short	4                               @ DWARF version number
	.long	.debug_abbrev                   @ Offset Into Abbrev. Section
	.byte	4                               @ Address Size (in bytes)
	.byte	1                               @ Abbrev [1] 0xb:0x2245 DW_TAG_compile_unit
	.long	.Linfo_string0                  @ DW_AT_producer
	.short	12                              @ DW_AT_language
	.long	.Linfo_string1                  @ DW_AT_name
	.long	.Lline_table_start0             @ DW_AT_stmt_list
	.long	.Linfo_string2                  @ DW_AT_comp_dir
	.long	0                               @ DW_AT_low_pc
	.long	.Ldebug_ranges1                 @ DW_AT_ranges
	.byte	2                               @ Abbrev [2] 0x26:0x11 DW_TAG_variable
	.long	.Linfo_string3                  @ DW_AT_name
	.long	55                              @ DW_AT_type
	.byte	3                               @ DW_AT_decl_file
	.byte	24                              @ DW_AT_decl_line
	.byte	5                               @ DW_AT_location
	.byte	3
	.long	pwm_isr_callback
	.byte	3                               @ Abbrev [3] 0x37:0xb DW_TAG_typedef
	.long	66                              @ DW_AT_type
	.long	.Linfo_string6                  @ DW_AT_name
	.byte	2                               @ DW_AT_decl_file
	.byte	166                             @ DW_AT_decl_line
	.byte	4                               @ Abbrev [4] 0x42:0x5 DW_TAG_pointer_type
	.long	71                              @ DW_AT_type
	.byte	5                               @ Abbrev [5] 0x47:0x7 DW_TAG_subroutine_type
                                        @ DW_AT_prototyped
	.byte	6                               @ Abbrev [6] 0x48:0x5 DW_TAG_formal_parameter
	.long	78                              @ DW_AT_type
	.byte	0                               @ End Of Children Mark
	.byte	3                               @ Abbrev [3] 0x4e:0xb DW_TAG_typedef
	.long	89                              @ DW_AT_type
	.long	.Linfo_string5                  @ DW_AT_name
	.byte	1                               @ DW_AT_decl_file
	.byte	64                              @ DW_AT_decl_line
	.byte	7                               @ Abbrev [7] 0x59:0x7 DW_TAG_base_type
	.long	.Linfo_string4                  @ DW_AT_name
	.byte	7                               @ DW_AT_encoding
	.byte	4                               @ DW_AT_byte_size
	.byte	8                               @ Abbrev [8] 0x60:0x2d DW_TAG_enumeration_type
	.long	141                             @ DW_AT_type
	.byte	1                               @ DW_AT_byte_size
	.byte	2                               @ DW_AT_decl_file
	.byte	153                             @ DW_AT_decl_line
	.byte	9                               @ Abbrev [9] 0x68:0x6 DW_TAG_enumerator
	.long	.Linfo_string8                  @ DW_AT_name
	.byte	0                               @ DW_AT_const_value
	.byte	9                               @ Abbrev [9] 0x6e:0x6 DW_TAG_enumerator
	.long	.Linfo_string9                  @ DW_AT_name
	.byte	1                               @ DW_AT_const_value
	.byte	9                               @ Abbrev [9] 0x74:0x6 DW_TAG_enumerator
	.long	.Linfo_string10                 @ DW_AT_name
	.byte	2                               @ DW_AT_const_value
	.byte	9                               @ Abbrev [9] 0x7a:0x6 DW_TAG_enumerator
	.long	.Linfo_string11                 @ DW_AT_name
	.byte	3                               @ DW_AT_const_value
	.byte	9                               @ Abbrev [9] 0x80:0x6 DW_TAG_enumerator
	.long	.Linfo_string12                 @ DW_AT_name
	.byte	4                               @ DW_AT_const_value
	.byte	9                               @ Abbrev [9] 0x86:0x6 DW_TAG_enumerator
	.long	.Linfo_string13                 @ DW_AT_name
	.byte	5                               @ DW_AT_const_value
	.byte	0                               @ End Of Children Mark
	.byte	7                               @ Abbrev [7] 0x8d:0x7 DW_TAG_base_type
	.long	.Linfo_string7                  @ DW_AT_name
	.byte	8                               @ DW_AT_encoding
	.byte	1                               @ DW_AT_byte_size
	.byte	8                               @ Abbrev [8] 0x94:0x15 DW_TAG_enumeration_type
	.long	141                             @ DW_AT_type
	.byte	1                               @ DW_AT_byte_size
	.byte	4                               @ DW_AT_decl_file
	.byte	54                              @ DW_AT_decl_line
	.byte	9                               @ Abbrev [9] 0x9c:0x6 DW_TAG_enumerator
	.long	.Linfo_string14                 @ DW_AT_name
	.byte	0                               @ DW_AT_const_value
	.byte	9                               @ Abbrev [9] 0xa2:0x6 DW_TAG_enumerator
	.long	.Linfo_string15                 @ DW_AT_name
	.byte	1                               @ DW_AT_const_value
	.byte	0                               @ End Of Children Mark
	.byte	10                              @ Abbrev [10] 0xa9:0x6d DW_TAG_enumeration_type
	.long	278                             @ DW_AT_type
	.long	.Linfo_string33                 @ DW_AT_name
	.byte	1                               @ DW_AT_byte_size
	.byte	5                               @ DW_AT_decl_file
	.byte	70                              @ DW_AT_decl_line
	.byte	11                              @ Abbrev [11] 0xb5:0x6 DW_TAG_enumerator
	.long	.Linfo_string17                 @ DW_AT_name
	.byte	114                             @ DW_AT_const_value
	.byte	11                              @ Abbrev [11] 0xbb:0x6 DW_TAG_enumerator
	.long	.Linfo_string18                 @ DW_AT_name
	.byte	115                             @ DW_AT_const_value
	.byte	11                              @ Abbrev [11] 0xc1:0x6 DW_TAG_enumerator
	.long	.Linfo_string19                 @ DW_AT_name
	.byte	123                             @ DW_AT_const_value
	.byte	11                              @ Abbrev [11] 0xc7:0x6 DW_TAG_enumerator
	.long	.Linfo_string20                 @ DW_AT_name
	.byte	126                             @ DW_AT_const_value
	.byte	11                              @ Abbrev [11] 0xcd:0x6 DW_TAG_enumerator
	.long	.Linfo_string21                 @ DW_AT_name
	.byte	127                             @ DW_AT_const_value
	.byte	11                              @ Abbrev [11] 0xd3:0x6 DW_TAG_enumerator
	.long	.Linfo_string22                 @ DW_AT_name
	.byte	0                               @ DW_AT_const_value
	.byte	11                              @ Abbrev [11] 0xd9:0x6 DW_TAG_enumerator
	.long	.Linfo_string23                 @ DW_AT_name
	.byte	1                               @ DW_AT_const_value
	.byte	11                              @ Abbrev [11] 0xdf:0x6 DW_TAG_enumerator
	.long	.Linfo_string24                 @ DW_AT_name
	.byte	2                               @ DW_AT_const_value
	.byte	11                              @ Abbrev [11] 0xe5:0x6 DW_TAG_enumerator
	.long	.Linfo_string25                 @ DW_AT_name
	.byte	3                               @ DW_AT_const_value
	.byte	11                              @ Abbrev [11] 0xeb:0x6 DW_TAG_enumerator
	.long	.Linfo_string26                 @ DW_AT_name
	.byte	4                               @ DW_AT_const_value
	.byte	11                              @ Abbrev [11] 0xf1:0x6 DW_TAG_enumerator
	.long	.Linfo_string27                 @ DW_AT_name
	.byte	5                               @ DW_AT_const_value
	.byte	11                              @ Abbrev [11] 0xf7:0x6 DW_TAG_enumerator
	.long	.Linfo_string28                 @ DW_AT_name
	.byte	6                               @ DW_AT_const_value
	.byte	11                              @ Abbrev [11] 0xfd:0x6 DW_TAG_enumerator
	.long	.Linfo_string29                 @ DW_AT_name
	.byte	7                               @ DW_AT_const_value
	.byte	11                              @ Abbrev [11] 0x103:0x6 DW_TAG_enumerator
	.long	.Linfo_string30                 @ DW_AT_name
	.byte	8                               @ DW_AT_const_value
	.byte	11                              @ Abbrev [11] 0x109:0x6 DW_TAG_enumerator
	.long	.Linfo_string31                 @ DW_AT_name
	.byte	9                               @ DW_AT_const_value
	.byte	11                              @ Abbrev [11] 0x10f:0x6 DW_TAG_enumerator
	.long	.Linfo_string32                 @ DW_AT_name
	.byte	10                              @ DW_AT_const_value
	.byte	0                               @ End Of Children Mark
	.byte	7                               @ Abbrev [7] 0x116:0x7 DW_TAG_base_type
	.long	.Linfo_string16                 @ DW_AT_name
	.byte	6                               @ DW_AT_encoding
	.byte	1                               @ DW_AT_byte_size
	.byte	8                               @ Abbrev [8] 0x11d:0x27 DW_TAG_enumeration_type
	.long	141                             @ DW_AT_type
	.byte	1                               @ DW_AT_byte_size
	.byte	4                               @ DW_AT_decl_file
	.byte	63                              @ DW_AT_decl_line
	.byte	9                               @ Abbrev [9] 0x125:0x6 DW_TAG_enumerator
	.long	.Linfo_string34                 @ DW_AT_name
	.byte	0                               @ DW_AT_const_value
	.byte	9                               @ Abbrev [9] 0x12b:0x6 DW_TAG_enumerator
	.long	.Linfo_string35                 @ DW_AT_name
	.byte	1                               @ DW_AT_const_value
	.byte	9                               @ Abbrev [9] 0x131:0x6 DW_TAG_enumerator
	.long	.Linfo_string36                 @ DW_AT_name
	.byte	2                               @ DW_AT_const_value
	.byte	9                               @ Abbrev [9] 0x137:0x6 DW_TAG_enumerator
	.long	.Linfo_string37                 @ DW_AT_name
	.byte	3                               @ DW_AT_const_value
	.byte	9                               @ Abbrev [9] 0x13d:0x6 DW_TAG_enumerator
	.long	.Linfo_string38                 @ DW_AT_name
	.byte	4                               @ DW_AT_const_value
	.byte	0                               @ End Of Children Mark
	.byte	8                               @ Abbrev [8] 0x144:0x1b DW_TAG_enumeration_type
	.long	141                             @ DW_AT_type
	.byte	1                               @ DW_AT_byte_size
	.byte	2                               @ DW_AT_decl_file
	.byte	130                             @ DW_AT_decl_line
	.byte	9                               @ Abbrev [9] 0x14c:0x6 DW_TAG_enumerator
	.long	.Linfo_string39                 @ DW_AT_name
	.byte	0                               @ DW_AT_const_value
	.byte	9                               @ Abbrev [9] 0x152:0x6 DW_TAG_enumerator
	.long	.Linfo_string40                 @ DW_AT_name
	.byte	1                               @ DW_AT_const_value
	.byte	9                               @ Abbrev [9] 0x158:0x6 DW_TAG_enumerator
	.long	.Linfo_string41                 @ DW_AT_name
	.byte	2                               @ DW_AT_const_value
	.byte	0                               @ End Of Children Mark
	.byte	8                               @ Abbrev [8] 0x15f:0x1b DW_TAG_enumeration_type
	.long	141                             @ DW_AT_type
	.byte	1                               @ DW_AT_byte_size
	.byte	4                               @ DW_AT_decl_file
	.byte	118                             @ DW_AT_decl_line
	.byte	9                               @ Abbrev [9] 0x167:0x6 DW_TAG_enumerator
	.long	.Linfo_string42                 @ DW_AT_name
	.byte	0                               @ DW_AT_const_value
	.byte	9                               @ Abbrev [9] 0x16d:0x6 DW_TAG_enumerator
	.long	.Linfo_string43                 @ DW_AT_name
	.byte	1                               @ DW_AT_const_value
	.byte	9                               @ Abbrev [9] 0x173:0x6 DW_TAG_enumerator
	.long	.Linfo_string44                 @ DW_AT_name
	.byte	2                               @ DW_AT_const_value
	.byte	0                               @ End Of Children Mark
	.byte	8                               @ Abbrev [8] 0x17a:0x1b DW_TAG_enumeration_type
	.long	141                             @ DW_AT_type
	.byte	1                               @ DW_AT_byte_size
	.byte	4                               @ DW_AT_decl_file
	.byte	128                             @ DW_AT_decl_line
	.byte	9                               @ Abbrev [9] 0x182:0x6 DW_TAG_enumerator
	.long	.Linfo_string45                 @ DW_AT_name
	.byte	0                               @ DW_AT_const_value
	.byte	9                               @ Abbrev [9] 0x188:0x6 DW_TAG_enumerator
	.long	.Linfo_string46                 @ DW_AT_name
	.byte	1                               @ DW_AT_const_value
	.byte	9                               @ Abbrev [9] 0x18e:0x6 DW_TAG_enumerator
	.long	.Linfo_string47                 @ DW_AT_name
	.byte	2                               @ DW_AT_const_value
	.byte	0                               @ End Of Children Mark
	.byte	8                               @ Abbrev [8] 0x195:0x27 DW_TAG_enumeration_type
	.long	141                             @ DW_AT_type
	.byte	1                               @ DW_AT_byte_size
	.byte	4                               @ DW_AT_decl_file
	.byte	137                             @ DW_AT_decl_line
	.byte	9                               @ Abbrev [9] 0x19d:0x6 DW_TAG_enumerator
	.long	.Linfo_string48                 @ DW_AT_name
	.byte	0                               @ DW_AT_const_value
	.byte	9                               @ Abbrev [9] 0x1a3:0x6 DW_TAG_enumerator
	.long	.Linfo_string49                 @ DW_AT_name
	.byte	1                               @ DW_AT_const_value
	.byte	9                               @ Abbrev [9] 0x1a9:0x6 DW_TAG_enumerator
	.long	.Linfo_string50                 @ DW_AT_name
	.byte	2                               @ DW_AT_const_value
	.byte	9                               @ Abbrev [9] 0x1af:0x6 DW_TAG_enumerator
	.long	.Linfo_string51                 @ DW_AT_name
	.byte	3                               @ DW_AT_const_value
	.byte	9                               @ Abbrev [9] 0x1b5:0x6 DW_TAG_enumerator
	.long	.Linfo_string52                 @ DW_AT_name
	.byte	4                               @ DW_AT_const_value
	.byte	0                               @ End Of Children Mark
	.byte	8                               @ Abbrev [8] 0x1bc:0x1b DW_TAG_enumeration_type
	.long	141                             @ DW_AT_type
	.byte	1                               @ DW_AT_byte_size
	.byte	4                               @ DW_AT_decl_file
	.byte	108                             @ DW_AT_decl_line
	.byte	9                               @ Abbrev [9] 0x1c4:0x6 DW_TAG_enumerator
	.long	.Linfo_string53                 @ DW_AT_name
	.byte	0                               @ DW_AT_const_value
	.byte	9                               @ Abbrev [9] 0x1ca:0x6 DW_TAG_enumerator
	.long	.Linfo_string54                 @ DW_AT_name
	.byte	1                               @ DW_AT_const_value
	.byte	9                               @ Abbrev [9] 0x1d0:0x6 DW_TAG_enumerator
	.long	.Linfo_string55                 @ DW_AT_name
	.byte	2                               @ DW_AT_const_value
	.byte	0                               @ End Of Children Mark
	.byte	8                               @ Abbrev [8] 0x1d7:0x1b DW_TAG_enumeration_type
	.long	141                             @ DW_AT_type
	.byte	1                               @ DW_AT_byte_size
	.byte	4                               @ DW_AT_decl_file
	.byte	76                              @ DW_AT_decl_line
	.byte	9                               @ Abbrev [9] 0x1df:0x6 DW_TAG_enumerator
	.long	.Linfo_string56                 @ DW_AT_name
	.byte	0                               @ DW_AT_const_value
	.byte	9                               @ Abbrev [9] 0x1e5:0x6 DW_TAG_enumerator
	.long	.Linfo_string57                 @ DW_AT_name
	.byte	1                               @ DW_AT_const_value
	.byte	9                               @ Abbrev [9] 0x1eb:0x6 DW_TAG_enumerator
	.long	.Linfo_string58                 @ DW_AT_name
	.byte	2                               @ DW_AT_const_value
	.byte	0                               @ End Of Children Mark
	.byte	8                               @ Abbrev [8] 0x1f2:0x1b DW_TAG_enumeration_type
	.long	141                             @ DW_AT_type
	.byte	1                               @ DW_AT_byte_size
	.byte	4                               @ DW_AT_decl_file
	.byte	97                              @ DW_AT_decl_line
	.byte	9                               @ Abbrev [9] 0x1fa:0x6 DW_TAG_enumerator
	.long	.Linfo_string59                 @ DW_AT_name
	.byte	0                               @ DW_AT_const_value
	.byte	9                               @ Abbrev [9] 0x200:0x6 DW_TAG_enumerator
	.long	.Linfo_string60                 @ DW_AT_name
	.byte	1                               @ DW_AT_const_value
	.byte	9                               @ Abbrev [9] 0x206:0x6 DW_TAG_enumerator
	.long	.Linfo_string61                 @ DW_AT_name
	.byte	2                               @ DW_AT_const_value
	.byte	0                               @ End Of Children Mark
	.byte	8                               @ Abbrev [8] 0x20d:0x27 DW_TAG_enumeration_type
	.long	141                             @ DW_AT_type
	.byte	1                               @ DW_AT_byte_size
	.byte	4                               @ DW_AT_decl_file
	.byte	85                              @ DW_AT_decl_line
	.byte	9                               @ Abbrev [9] 0x215:0x6 DW_TAG_enumerator
	.long	.Linfo_string62                 @ DW_AT_name
	.byte	0                               @ DW_AT_const_value
	.byte	9                               @ Abbrev [9] 0x21b:0x6 DW_TAG_enumerator
	.long	.Linfo_string63                 @ DW_AT_name
	.byte	1                               @ DW_AT_const_value
	.byte	9                               @ Abbrev [9] 0x221:0x6 DW_TAG_enumerator
	.long	.Linfo_string64                 @ DW_AT_name
	.byte	2                               @ DW_AT_const_value
	.byte	9                               @ Abbrev [9] 0x227:0x6 DW_TAG_enumerator
	.long	.Linfo_string65                 @ DW_AT_name
	.byte	3                               @ DW_AT_const_value
	.byte	9                               @ Abbrev [9] 0x22d:0x6 DW_TAG_enumerator
	.long	.Linfo_string66                 @ DW_AT_name
	.byte	4                               @ DW_AT_const_value
	.byte	0                               @ End Of Children Mark
	.byte	8                               @ Abbrev [8] 0x234:0x45 DW_TAG_enumeration_type
	.long	141                             @ DW_AT_type
	.byte	1                               @ DW_AT_byte_size
	.byte	6                               @ DW_AT_decl_file
	.byte	34                              @ DW_AT_decl_line
	.byte	9                               @ Abbrev [9] 0x23c:0x6 DW_TAG_enumerator
	.long	.Linfo_string67                 @ DW_AT_name
	.byte	0                               @ DW_AT_const_value
	.byte	9                               @ Abbrev [9] 0x242:0x6 DW_TAG_enumerator
	.long	.Linfo_string68                 @ DW_AT_name
	.byte	1                               @ DW_AT_const_value
	.byte	9                               @ Abbrev [9] 0x248:0x6 DW_TAG_enumerator
	.long	.Linfo_string69                 @ DW_AT_name
	.byte	2                               @ DW_AT_const_value
	.byte	9                               @ Abbrev [9] 0x24e:0x6 DW_TAG_enumerator
	.long	.Linfo_string70                 @ DW_AT_name
	.byte	3                               @ DW_AT_const_value
	.byte	9                               @ Abbrev [9] 0x254:0x6 DW_TAG_enumerator
	.long	.Linfo_string71                 @ DW_AT_name
	.byte	4                               @ DW_AT_const_value
	.byte	9                               @ Abbrev [9] 0x25a:0x6 DW_TAG_enumerator
	.long	.Linfo_string72                 @ DW_AT_name
	.byte	5                               @ DW_AT_const_value
	.byte	9                               @ Abbrev [9] 0x260:0x6 DW_TAG_enumerator
	.long	.Linfo_string73                 @ DW_AT_name
	.byte	6                               @ DW_AT_const_value
	.byte	9                               @ Abbrev [9] 0x266:0x6 DW_TAG_enumerator
	.long	.Linfo_string74                 @ DW_AT_name
	.byte	7                               @ DW_AT_const_value
	.byte	9                               @ Abbrev [9] 0x26c:0x6 DW_TAG_enumerator
	.long	.Linfo_string75                 @ DW_AT_name
	.byte	8                               @ DW_AT_const_value
	.byte	9                               @ Abbrev [9] 0x272:0x6 DW_TAG_enumerator
	.long	.Linfo_string76                 @ DW_AT_name
	.byte	9                               @ DW_AT_const_value
	.byte	0                               @ End Of Children Mark
	.byte	8                               @ Abbrev [8] 0x279:0x39 DW_TAG_enumeration_type
	.long	141                             @ DW_AT_type
	.byte	1                               @ DW_AT_byte_size
	.byte	6                               @ DW_AT_decl_file
	.byte	104                             @ DW_AT_decl_line
	.byte	9                               @ Abbrev [9] 0x281:0x6 DW_TAG_enumerator
	.long	.Linfo_string77                 @ DW_AT_name
	.byte	0                               @ DW_AT_const_value
	.byte	9                               @ Abbrev [9] 0x287:0x6 DW_TAG_enumerator
	.long	.Linfo_string78                 @ DW_AT_name
	.byte	1                               @ DW_AT_const_value
	.byte	9                               @ Abbrev [9] 0x28d:0x6 DW_TAG_enumerator
	.long	.Linfo_string79                 @ DW_AT_name
	.byte	2                               @ DW_AT_const_value
	.byte	9                               @ Abbrev [9] 0x293:0x6 DW_TAG_enumerator
	.long	.Linfo_string80                 @ DW_AT_name
	.byte	3                               @ DW_AT_const_value
	.byte	9                               @ Abbrev [9] 0x299:0x6 DW_TAG_enumerator
	.long	.Linfo_string81                 @ DW_AT_name
	.byte	4                               @ DW_AT_const_value
	.byte	9                               @ Abbrev [9] 0x29f:0x6 DW_TAG_enumerator
	.long	.Linfo_string82                 @ DW_AT_name
	.byte	5                               @ DW_AT_const_value
	.byte	9                               @ Abbrev [9] 0x2a5:0x6 DW_TAG_enumerator
	.long	.Linfo_string83                 @ DW_AT_name
	.byte	6                               @ DW_AT_const_value
	.byte	9                               @ Abbrev [9] 0x2ab:0x6 DW_TAG_enumerator
	.long	.Linfo_string84                 @ DW_AT_name
	.byte	7                               @ DW_AT_const_value
	.byte	0                               @ End Of Children Mark
	.byte	4                               @ Abbrev [4] 0x2b2:0x5 DW_TAG_pointer_type
	.long	695                             @ DW_AT_type
	.byte	12                              @ Abbrev [12] 0x2b7:0xc DW_TAG_typedef
	.long	707                             @ DW_AT_type
	.long	.Linfo_string284                @ DW_AT_name
	.byte	7                               @ DW_AT_decl_file
	.short	1111                            @ DW_AT_decl_line
	.byte	13                              @ Abbrev [13] 0x2c3:0x31f DW_TAG_structure_type
	.short	256                             @ DW_AT_byte_size
	.byte	7                               @ DW_AT_decl_file
	.short	993                             @ DW_AT_decl_line
	.byte	14                              @ Abbrev [14] 0x2c9:0x9 DW_TAG_member
	.long	722                             @ DW_AT_type
	.byte	7                               @ DW_AT_decl_file
	.short	995                             @ DW_AT_decl_line
	.byte	0                               @ DW_AT_data_member_location
	.byte	15                              @ Abbrev [15] 0x2d2:0x20 DW_TAG_union_type
	.byte	4                               @ DW_AT_byte_size
	.byte	7                               @ DW_AT_decl_file
	.short	995                             @ DW_AT_decl_line
	.byte	16                              @ Abbrev [16] 0x2d7:0xd DW_TAG_member
	.long	.Linfo_string85                 @ DW_AT_name
	.long	1506                            @ DW_AT_type
	.byte	7                               @ DW_AT_decl_file
	.short	997                             @ DW_AT_decl_line
	.byte	0                               @ DW_AT_data_member_location
	.byte	16                              @ Abbrev [16] 0x2e4:0xd DW_TAG_member
	.long	.Linfo_string86                 @ DW_AT_name
	.long	1511                            @ DW_AT_type
	.byte	7                               @ DW_AT_decl_file
	.short	998                             @ DW_AT_decl_line
	.byte	0                               @ DW_AT_data_member_location
	.byte	0                               @ End Of Children Mark
	.byte	14                              @ Abbrev [14] 0x2f2:0x9 DW_TAG_member
	.long	763                             @ DW_AT_type
	.byte	7                               @ DW_AT_decl_file
	.short	1001                            @ DW_AT_decl_line
	.byte	4                               @ DW_AT_data_member_location
	.byte	15                              @ Abbrev [15] 0x2fb:0x20 DW_TAG_union_type
	.byte	4                               @ DW_AT_byte_size
	.byte	7                               @ DW_AT_decl_file
	.short	1001                            @ DW_AT_decl_line
	.byte	16                              @ Abbrev [16] 0x300:0xd DW_TAG_member
	.long	.Linfo_string101                @ DW_AT_name
	.long	1506                            @ DW_AT_type
	.byte	7                               @ DW_AT_decl_file
	.short	1003                            @ DW_AT_decl_line
	.byte	0                               @ DW_AT_data_member_location
	.byte	16                              @ Abbrev [16] 0x30d:0xd DW_TAG_member
	.long	.Linfo_string102                @ DW_AT_name
	.long	1716                            @ DW_AT_type
	.byte	7                               @ DW_AT_decl_file
	.short	1004                            @ DW_AT_decl_line
	.byte	0                               @ DW_AT_data_member_location
	.byte	0                               @ End Of Children Mark
	.byte	14                              @ Abbrev [14] 0x31b:0x9 DW_TAG_member
	.long	804                             @ DW_AT_type
	.byte	7                               @ DW_AT_decl_file
	.short	1007                            @ DW_AT_decl_line
	.byte	8                               @ DW_AT_data_member_location
	.byte	15                              @ Abbrev [15] 0x324:0x20 DW_TAG_union_type
	.byte	4                               @ DW_AT_byte_size
	.byte	7                               @ DW_AT_decl_file
	.short	1007                            @ DW_AT_decl_line
	.byte	16                              @ Abbrev [16] 0x329:0xd DW_TAG_member
	.long	.Linfo_string114                @ DW_AT_name
	.long	1506                            @ DW_AT_type
	.byte	7                               @ DW_AT_decl_file
	.short	1009                            @ DW_AT_decl_line
	.byte	0                               @ DW_AT_data_member_location
	.byte	16                              @ Abbrev [16] 0x336:0xd DW_TAG_member
	.long	.Linfo_string115                @ DW_AT_name
	.long	1921                            @ DW_AT_type
	.byte	7                               @ DW_AT_decl_file
	.short	1010                            @ DW_AT_decl_line
	.byte	0                               @ DW_AT_data_member_location
	.byte	0                               @ End Of Children Mark
	.byte	14                              @ Abbrev [14] 0x344:0x9 DW_TAG_member
	.long	845                             @ DW_AT_type
	.byte	7                               @ DW_AT_decl_file
	.short	1013                            @ DW_AT_decl_line
	.byte	12                              @ DW_AT_data_member_location
	.byte	15                              @ Abbrev [15] 0x34d:0x20 DW_TAG_union_type
	.byte	4                               @ DW_AT_byte_size
	.byte	7                               @ DW_AT_decl_file
	.short	1013                            @ DW_AT_decl_line
	.byte	16                              @ Abbrev [16] 0x352:0xd DW_TAG_member
	.long	.Linfo_string119                @ DW_AT_name
	.long	1506                            @ DW_AT_type
	.byte	7                               @ DW_AT_decl_file
	.short	1015                            @ DW_AT_decl_line
	.byte	0                               @ DW_AT_data_member_location
	.byte	16                              @ Abbrev [16] 0x35f:0xd DW_TAG_member
	.long	.Linfo_string120                @ DW_AT_name
	.long	1972                            @ DW_AT_type
	.byte	7                               @ DW_AT_decl_file
	.short	1016                            @ DW_AT_decl_line
	.byte	0                               @ DW_AT_data_member_location
	.byte	0                               @ End Of Children Mark
	.byte	14                              @ Abbrev [14] 0x36d:0x9 DW_TAG_member
	.long	886                             @ DW_AT_type
	.byte	7                               @ DW_AT_decl_file
	.short	1019                            @ DW_AT_decl_line
	.byte	16                              @ DW_AT_data_member_location
	.byte	15                              @ Abbrev [15] 0x376:0x20 DW_TAG_union_type
	.byte	4                               @ DW_AT_byte_size
	.byte	7                               @ DW_AT_decl_file
	.short	1019                            @ DW_AT_decl_line
	.byte	16                              @ Abbrev [16] 0x37b:0xd DW_TAG_member
	.long	.Linfo_string138                @ DW_AT_name
	.long	1506                            @ DW_AT_type
	.byte	7                               @ DW_AT_decl_file
	.short	1021                            @ DW_AT_decl_line
	.byte	0                               @ DW_AT_data_member_location
	.byte	16                              @ Abbrev [16] 0x388:0xd DW_TAG_member
	.long	.Linfo_string139                @ DW_AT_name
	.long	2233                            @ DW_AT_type
	.byte	7                               @ DW_AT_decl_file
	.short	1022                            @ DW_AT_decl_line
	.byte	0                               @ DW_AT_data_member_location
	.byte	0                               @ End Of Children Mark
	.byte	14                              @ Abbrev [14] 0x396:0x9 DW_TAG_member
	.long	927                             @ DW_AT_type
	.byte	7                               @ DW_AT_decl_file
	.short	1025                            @ DW_AT_decl_line
	.byte	20                              @ DW_AT_data_member_location
	.byte	15                              @ Abbrev [15] 0x39f:0x20 DW_TAG_union_type
	.byte	4                               @ DW_AT_byte_size
	.byte	7                               @ DW_AT_decl_file
	.short	1025                            @ DW_AT_decl_line
	.byte	16                              @ Abbrev [16] 0x3a4:0xd DW_TAG_member
	.long	.Linfo_string143                @ DW_AT_name
	.long	1506                            @ DW_AT_type
	.byte	7                               @ DW_AT_decl_file
	.short	1027                            @ DW_AT_decl_line
	.byte	0                               @ DW_AT_data_member_location
	.byte	16                              @ Abbrev [16] 0x3b1:0xd DW_TAG_member
	.long	.Linfo_string144                @ DW_AT_name
	.long	2284                            @ DW_AT_type
	.byte	7                               @ DW_AT_decl_file
	.short	1028                            @ DW_AT_decl_line
	.byte	0                               @ DW_AT_data_member_location
	.byte	0                               @ End Of Children Mark
	.byte	14                              @ Abbrev [14] 0x3bf:0x9 DW_TAG_member
	.long	968                             @ DW_AT_type
	.byte	7                               @ DW_AT_decl_file
	.short	1031                            @ DW_AT_decl_line
	.byte	24                              @ DW_AT_data_member_location
	.byte	15                              @ Abbrev [15] 0x3c8:0x20 DW_TAG_union_type
	.byte	4                               @ DW_AT_byte_size
	.byte	7                               @ DW_AT_decl_file
	.short	1031                            @ DW_AT_decl_line
	.byte	16                              @ Abbrev [16] 0x3cd:0xd DW_TAG_member
	.long	.Linfo_string148                @ DW_AT_name
	.long	1506                            @ DW_AT_type
	.byte	7                               @ DW_AT_decl_file
	.short	1033                            @ DW_AT_decl_line
	.byte	0                               @ DW_AT_data_member_location
	.byte	16                              @ Abbrev [16] 0x3da:0xd DW_TAG_member
	.long	.Linfo_string149                @ DW_AT_name
	.long	2335                            @ DW_AT_type
	.byte	7                               @ DW_AT_decl_file
	.short	1034                            @ DW_AT_decl_line
	.byte	0                               @ DW_AT_data_member_location
	.byte	0                               @ End Of Children Mark
	.byte	14                              @ Abbrev [14] 0x3e8:0x9 DW_TAG_member
	.long	1009                            @ DW_AT_type
	.byte	7                               @ DW_AT_decl_file
	.short	1037                            @ DW_AT_decl_line
	.byte	28                              @ DW_AT_data_member_location
	.byte	15                              @ Abbrev [15] 0x3f1:0x20 DW_TAG_union_type
	.byte	4                               @ DW_AT_byte_size
	.byte	7                               @ DW_AT_decl_file
	.short	1037                            @ DW_AT_decl_line
	.byte	16                              @ Abbrev [16] 0x3f6:0xd DW_TAG_member
	.long	.Linfo_string153                @ DW_AT_name
	.long	1506                            @ DW_AT_type
	.byte	7                               @ DW_AT_decl_file
	.short	1039                            @ DW_AT_decl_line
	.byte	0                               @ DW_AT_data_member_location
	.byte	16                              @ Abbrev [16] 0x403:0xd DW_TAG_member
	.long	.Linfo_string154                @ DW_AT_name
	.long	2386                            @ DW_AT_type
	.byte	7                               @ DW_AT_decl_file
	.short	1040                            @ DW_AT_decl_line
	.byte	0                               @ DW_AT_data_member_location
	.byte	0                               @ End Of Children Mark
	.byte	14                              @ Abbrev [14] 0x411:0x9 DW_TAG_member
	.long	1050                            @ DW_AT_type
	.byte	7                               @ DW_AT_decl_file
	.short	1043                            @ DW_AT_decl_line
	.byte	32                              @ DW_AT_data_member_location
	.byte	15                              @ Abbrev [15] 0x41a:0x20 DW_TAG_union_type
	.byte	4                               @ DW_AT_byte_size
	.byte	7                               @ DW_AT_decl_file
	.short	1043                            @ DW_AT_decl_line
	.byte	16                              @ Abbrev [16] 0x41f:0xd DW_TAG_member
	.long	.Linfo_string158                @ DW_AT_name
	.long	1506                            @ DW_AT_type
	.byte	7                               @ DW_AT_decl_file
	.short	1045                            @ DW_AT_decl_line
	.byte	0                               @ DW_AT_data_member_location
	.byte	16                              @ Abbrev [16] 0x42c:0xd DW_TAG_member
	.long	.Linfo_string159                @ DW_AT_name
	.long	2437                            @ DW_AT_type
	.byte	7                               @ DW_AT_decl_file
	.short	1046                            @ DW_AT_decl_line
	.byte	0                               @ DW_AT_data_member_location
	.byte	0                               @ End Of Children Mark
	.byte	14                              @ Abbrev [14] 0x43a:0x9 DW_TAG_member
	.long	1091                            @ DW_AT_type
	.byte	7                               @ DW_AT_decl_file
	.short	1049                            @ DW_AT_decl_line
	.byte	36                              @ DW_AT_data_member_location
	.byte	15                              @ Abbrev [15] 0x443:0x20 DW_TAG_union_type
	.byte	4                               @ DW_AT_byte_size
	.byte	7                               @ DW_AT_decl_file
	.short	1049                            @ DW_AT_decl_line
	.byte	16                              @ Abbrev [16] 0x448:0xd DW_TAG_member
	.long	.Linfo_string163                @ DW_AT_name
	.long	1506                            @ DW_AT_type
	.byte	7                               @ DW_AT_decl_file
	.short	1051                            @ DW_AT_decl_line
	.byte	0                               @ DW_AT_data_member_location
	.byte	16                              @ Abbrev [16] 0x455:0xd DW_TAG_member
	.long	.Linfo_string164                @ DW_AT_name
	.long	2488                            @ DW_AT_type
	.byte	7                               @ DW_AT_decl_file
	.short	1052                            @ DW_AT_decl_line
	.byte	0                               @ DW_AT_data_member_location
	.byte	0                               @ End Of Children Mark
	.byte	14                              @ Abbrev [14] 0x463:0x9 DW_TAG_member
	.long	1132                            @ DW_AT_type
	.byte	7                               @ DW_AT_decl_file
	.short	1055                            @ DW_AT_decl_line
	.byte	40                              @ DW_AT_data_member_location
	.byte	15                              @ Abbrev [15] 0x46c:0x20 DW_TAG_union_type
	.byte	4                               @ DW_AT_byte_size
	.byte	7                               @ DW_AT_decl_file
	.short	1055                            @ DW_AT_decl_line
	.byte	16                              @ Abbrev [16] 0x471:0xd DW_TAG_member
	.long	.Linfo_string172                @ DW_AT_name
	.long	1506                            @ DW_AT_type
	.byte	7                               @ DW_AT_decl_file
	.short	1057                            @ DW_AT_decl_line
	.byte	0                               @ DW_AT_data_member_location
	.byte	16                              @ Abbrev [16] 0x47e:0xd DW_TAG_member
	.long	.Linfo_string173                @ DW_AT_name
	.long	2609                            @ DW_AT_type
	.byte	7                               @ DW_AT_decl_file
	.short	1058                            @ DW_AT_decl_line
	.byte	0                               @ DW_AT_data_member_location
	.byte	0                               @ End Of Children Mark
	.byte	14                              @ Abbrev [14] 0x48c:0x9 DW_TAG_member
	.long	1173                            @ DW_AT_type
	.byte	7                               @ DW_AT_decl_file
	.short	1061                            @ DW_AT_decl_line
	.byte	44                              @ DW_AT_data_member_location
	.byte	15                              @ Abbrev [15] 0x495:0x20 DW_TAG_union_type
	.byte	4                               @ DW_AT_byte_size
	.byte	7                               @ DW_AT_decl_file
	.short	1061                            @ DW_AT_decl_line
	.byte	16                              @ Abbrev [16] 0x49a:0xd DW_TAG_member
	.long	.Linfo_string191                @ DW_AT_name
	.long	1506                            @ DW_AT_type
	.byte	7                               @ DW_AT_decl_file
	.short	1063                            @ DW_AT_decl_line
	.byte	0                               @ DW_AT_data_member_location
	.byte	16                              @ Abbrev [16] 0x4a7:0xd DW_TAG_member
	.long	.Linfo_string192                @ DW_AT_name
	.long	2870                            @ DW_AT_type
	.byte	7                               @ DW_AT_decl_file
	.short	1064                            @ DW_AT_decl_line
	.byte	0                               @ DW_AT_data_member_location
	.byte	0                               @ End Of Children Mark
	.byte	14                              @ Abbrev [14] 0x4b5:0x9 DW_TAG_member
	.long	1214                            @ DW_AT_type
	.byte	7                               @ DW_AT_decl_file
	.short	1067                            @ DW_AT_decl_line
	.byte	48                              @ DW_AT_data_member_location
	.byte	15                              @ Abbrev [15] 0x4be:0x20 DW_TAG_union_type
	.byte	4                               @ DW_AT_byte_size
	.byte	7                               @ DW_AT_decl_file
	.short	1067                            @ DW_AT_decl_line
	.byte	16                              @ Abbrev [16] 0x4c3:0xd DW_TAG_member
	.long	.Linfo_string210                @ DW_AT_name
	.long	1506                            @ DW_AT_type
	.byte	7                               @ DW_AT_decl_file
	.short	1069                            @ DW_AT_decl_line
	.byte	0                               @ DW_AT_data_member_location
	.byte	16                              @ Abbrev [16] 0x4d0:0xd DW_TAG_member
	.long	.Linfo_string211                @ DW_AT_name
	.long	3131                            @ DW_AT_type
	.byte	7                               @ DW_AT_decl_file
	.short	1070                            @ DW_AT_decl_line
	.byte	0                               @ DW_AT_data_member_location
	.byte	0                               @ End Of Children Mark
	.byte	14                              @ Abbrev [14] 0x4de:0x9 DW_TAG_member
	.long	1255                            @ DW_AT_type
	.byte	7                               @ DW_AT_decl_file
	.short	1073                            @ DW_AT_decl_line
	.byte	52                              @ DW_AT_data_member_location
	.byte	15                              @ Abbrev [15] 0x4e7:0x20 DW_TAG_union_type
	.byte	4                               @ DW_AT_byte_size
	.byte	7                               @ DW_AT_decl_file
	.short	1073                            @ DW_AT_decl_line
	.byte	16                              @ Abbrev [16] 0x4ec:0xd DW_TAG_member
	.long	.Linfo_string229                @ DW_AT_name
	.long	1506                            @ DW_AT_type
	.byte	7                               @ DW_AT_decl_file
	.short	1075                            @ DW_AT_decl_line
	.byte	0                               @ DW_AT_data_member_location
	.byte	16                              @ Abbrev [16] 0x4f9:0xd DW_TAG_member
	.long	.Linfo_string230                @ DW_AT_name
	.long	3392                            @ DW_AT_type
	.byte	7                               @ DW_AT_decl_file
	.short	1076                            @ DW_AT_decl_line
	.byte	0                               @ DW_AT_data_member_location
	.byte	0                               @ End Of Children Mark
	.byte	14                              @ Abbrev [14] 0x507:0x9 DW_TAG_member
	.long	1296                            @ DW_AT_type
	.byte	7                               @ DW_AT_decl_file
	.short	1079                            @ DW_AT_decl_line
	.byte	56                              @ DW_AT_data_member_location
	.byte	15                              @ Abbrev [15] 0x510:0x20 DW_TAG_union_type
	.byte	4                               @ DW_AT_byte_size
	.byte	7                               @ DW_AT_decl_file
	.short	1079                            @ DW_AT_decl_line
	.byte	16                              @ Abbrev [16] 0x515:0xd DW_TAG_member
	.long	.Linfo_string248                @ DW_AT_name
	.long	1506                            @ DW_AT_type
	.byte	7                               @ DW_AT_decl_file
	.short	1081                            @ DW_AT_decl_line
	.byte	0                               @ DW_AT_data_member_location
	.byte	16                              @ Abbrev [16] 0x522:0xd DW_TAG_member
	.long	.Linfo_string249                @ DW_AT_name
	.long	3653                            @ DW_AT_type
	.byte	7                               @ DW_AT_decl_file
	.short	1082                            @ DW_AT_decl_line
	.byte	0                               @ DW_AT_data_member_location
	.byte	0                               @ End Of Children Mark
	.byte	14                              @ Abbrev [14] 0x530:0x9 DW_TAG_member
	.long	1337                            @ DW_AT_type
	.byte	7                               @ DW_AT_decl_file
	.short	1085                            @ DW_AT_decl_line
	.byte	60                              @ DW_AT_data_member_location
	.byte	15                              @ Abbrev [15] 0x539:0x20 DW_TAG_union_type
	.byte	4                               @ DW_AT_byte_size
	.byte	7                               @ DW_AT_decl_file
	.short	1085                            @ DW_AT_decl_line
	.byte	16                              @ Abbrev [16] 0x53e:0xd DW_TAG_member
	.long	.Linfo_string256                @ DW_AT_name
	.long	1506                            @ DW_AT_type
	.byte	7                               @ DW_AT_decl_file
	.short	1087                            @ DW_AT_decl_line
	.byte	0                               @ DW_AT_data_member_location
	.byte	16                              @ Abbrev [16] 0x54b:0xd DW_TAG_member
	.long	.Linfo_string257                @ DW_AT_name
	.long	3802                            @ DW_AT_type
	.byte	7                               @ DW_AT_decl_file
	.short	1088                            @ DW_AT_decl_line
	.byte	0                               @ DW_AT_data_member_location
	.byte	0                               @ End Of Children Mark
	.byte	14                              @ Abbrev [14] 0x559:0x9 DW_TAG_member
	.long	1378                            @ DW_AT_type
	.byte	7                               @ DW_AT_decl_file
	.short	1091                            @ DW_AT_decl_line
	.byte	64                              @ DW_AT_data_member_location
	.byte	15                              @ Abbrev [15] 0x562:0x20 DW_TAG_union_type
	.byte	4                               @ DW_AT_byte_size
	.byte	7                               @ DW_AT_decl_file
	.short	1091                            @ DW_AT_decl_line
	.byte	16                              @ Abbrev [16] 0x567:0xd DW_TAG_member
	.long	.Linfo_string264                @ DW_AT_name
	.long	1506                            @ DW_AT_type
	.byte	7                               @ DW_AT_decl_file
	.short	1093                            @ DW_AT_decl_line
	.byte	0                               @ DW_AT_data_member_location
	.byte	16                              @ Abbrev [16] 0x574:0xd DW_TAG_member
	.long	.Linfo_string265                @ DW_AT_name
	.long	3923                            @ DW_AT_type
	.byte	7                               @ DW_AT_decl_file
	.short	1094                            @ DW_AT_decl_line
	.byte	0                               @ DW_AT_data_member_location
	.byte	0                               @ End Of Children Mark
	.byte	14                              @ Abbrev [14] 0x582:0x9 DW_TAG_member
	.long	1419                            @ DW_AT_type
	.byte	7                               @ DW_AT_decl_file
	.short	1097                            @ DW_AT_decl_line
	.byte	68                              @ DW_AT_data_member_location
	.byte	15                              @ Abbrev [15] 0x58b:0x20 DW_TAG_union_type
	.byte	4                               @ DW_AT_byte_size
	.byte	7                               @ DW_AT_decl_file
	.short	1097                            @ DW_AT_decl_line
	.byte	16                              @ Abbrev [16] 0x590:0xd DW_TAG_member
	.long	.Linfo_string272                @ DW_AT_name
	.long	1506                            @ DW_AT_type
	.byte	7                               @ DW_AT_decl_file
	.short	1099                            @ DW_AT_decl_line
	.byte	0                               @ DW_AT_data_member_location
	.byte	16                              @ Abbrev [16] 0x59d:0xd DW_TAG_member
	.long	.Linfo_string273                @ DW_AT_name
	.long	4044                            @ DW_AT_type
	.byte	7                               @ DW_AT_decl_file
	.short	1100                            @ DW_AT_decl_line
	.byte	0                               @ DW_AT_data_member_location
	.byte	0                               @ End Of Children Mark
	.byte	16                              @ Abbrev [16] 0x5ab:0xd DW_TAG_member
	.long	.Linfo_string99                 @ DW_AT_name
	.long	4165                            @ DW_AT_type
	.byte	7                               @ DW_AT_decl_file
	.short	1103                            @ DW_AT_decl_line
	.byte	72                              @ DW_AT_data_member_location
	.byte	14                              @ Abbrev [14] 0x5b8:0x9 DW_TAG_member
	.long	1473                            @ DW_AT_type
	.byte	7                               @ DW_AT_decl_file
	.short	1105                            @ DW_AT_decl_line
	.byte	252                             @ DW_AT_data_member_location
	.byte	15                              @ Abbrev [15] 0x5c1:0x20 DW_TAG_union_type
	.byte	4                               @ DW_AT_byte_size
	.byte	7                               @ DW_AT_decl_file
	.short	1105                            @ DW_AT_decl_line
	.byte	16                              @ Abbrev [16] 0x5c6:0xd DW_TAG_member
	.long	.Linfo_string281                @ DW_AT_name
	.long	1506                            @ DW_AT_type
	.byte	7                               @ DW_AT_decl_file
	.short	1107                            @ DW_AT_decl_line
	.byte	0                               @ DW_AT_data_member_location
	.byte	16                              @ Abbrev [16] 0x5d3:0xd DW_TAG_member
	.long	.Linfo_string282                @ DW_AT_name
	.long	4184                            @ DW_AT_type
	.byte	7                               @ DW_AT_decl_file
	.short	1108                            @ DW_AT_decl_line
	.byte	0                               @ DW_AT_data_member_location
	.byte	0                               @ End Of Children Mark
	.byte	0                               @ End Of Children Mark
	.byte	17                              @ Abbrev [17] 0x5e2:0x5 DW_TAG_volatile_type
	.long	78                              @ DW_AT_type
	.byte	17                              @ Abbrev [17] 0x5e7:0x5 DW_TAG_volatile_type
	.long	1516                            @ DW_AT_type
	.byte	12                              @ Abbrev [12] 0x5ec:0xc DW_TAG_typedef
	.long	1528                            @ DW_AT_type
	.long	.Linfo_string100                @ DW_AT_name
	.byte	7                               @ DW_AT_decl_file
	.short	769                             @ DW_AT_decl_line
	.byte	18                              @ Abbrev [18] 0x5f8:0xbc DW_TAG_structure_type
	.byte	4                               @ DW_AT_byte_size
	.byte	7                               @ DW_AT_decl_file
	.short	754                             @ DW_AT_decl_line
	.byte	19                              @ Abbrev [19] 0x5fd:0xe DW_TAG_member
	.long	.Linfo_string87                 @ DW_AT_name
	.long	1506                            @ DW_AT_type
	.byte	7                               @ DW_AT_decl_file
	.short	756                             @ DW_AT_decl_line
	.byte	1                               @ DW_AT_bit_size
	.byte	0                               @ DW_AT_data_bit_offset
	.byte	19                              @ Abbrev [19] 0x60b:0xe DW_TAG_member
	.long	.Linfo_string88                 @ DW_AT_name
	.long	1506                            @ DW_AT_type
	.byte	7                               @ DW_AT_decl_file
	.short	757                             @ DW_AT_decl_line
	.byte	1                               @ DW_AT_bit_size
	.byte	1                               @ DW_AT_data_bit_offset
	.byte	19                              @ Abbrev [19] 0x619:0xe DW_TAG_member
	.long	.Linfo_string89                 @ DW_AT_name
	.long	1506                            @ DW_AT_type
	.byte	7                               @ DW_AT_decl_file
	.short	758                             @ DW_AT_decl_line
	.byte	1                               @ DW_AT_bit_size
	.byte	2                               @ DW_AT_data_bit_offset
	.byte	19                              @ Abbrev [19] 0x627:0xe DW_TAG_member
	.long	.Linfo_string90                 @ DW_AT_name
	.long	1506                            @ DW_AT_type
	.byte	7                               @ DW_AT_decl_file
	.short	759                             @ DW_AT_decl_line
	.byte	1                               @ DW_AT_bit_size
	.byte	3                               @ DW_AT_data_bit_offset
	.byte	19                              @ Abbrev [19] 0x635:0xe DW_TAG_member
	.long	.Linfo_string91                 @ DW_AT_name
	.long	1506                            @ DW_AT_type
	.byte	7                               @ DW_AT_decl_file
	.short	760                             @ DW_AT_decl_line
	.byte	1                               @ DW_AT_bit_size
	.byte	4                               @ DW_AT_data_bit_offset
	.byte	19                              @ Abbrev [19] 0x643:0xe DW_TAG_member
	.long	.Linfo_string92                 @ DW_AT_name
	.long	1506                            @ DW_AT_type
	.byte	7                               @ DW_AT_decl_file
	.short	761                             @ DW_AT_decl_line
	.byte	3                               @ DW_AT_bit_size
	.byte	5                               @ DW_AT_data_bit_offset
	.byte	19                              @ Abbrev [19] 0x651:0xe DW_TAG_member
	.long	.Linfo_string93                 @ DW_AT_name
	.long	1506                            @ DW_AT_type
	.byte	7                               @ DW_AT_decl_file
	.short	762                             @ DW_AT_decl_line
	.byte	1                               @ DW_AT_bit_size
	.byte	8                               @ DW_AT_data_bit_offset
	.byte	19                              @ Abbrev [19] 0x65f:0xe DW_TAG_member
	.long	.Linfo_string94                 @ DW_AT_name
	.long	1506                            @ DW_AT_type
	.byte	7                               @ DW_AT_decl_file
	.short	763                             @ DW_AT_decl_line
	.byte	3                               @ DW_AT_bit_size
	.byte	9                               @ DW_AT_data_bit_offset
	.byte	19                              @ Abbrev [19] 0x66d:0xe DW_TAG_member
	.long	.Linfo_string95                 @ DW_AT_name
	.long	1506                            @ DW_AT_type
	.byte	7                               @ DW_AT_decl_file
	.short	764                             @ DW_AT_decl_line
	.byte	1                               @ DW_AT_bit_size
	.byte	12                              @ DW_AT_data_bit_offset
	.byte	19                              @ Abbrev [19] 0x67b:0xe DW_TAG_member
	.long	.Linfo_string96                 @ DW_AT_name
	.long	1506                            @ DW_AT_type
	.byte	7                               @ DW_AT_decl_file
	.short	765                             @ DW_AT_decl_line
	.byte	2                               @ DW_AT_bit_size
	.byte	13                              @ DW_AT_data_bit_offset
	.byte	19                              @ Abbrev [19] 0x689:0xe DW_TAG_member
	.long	.Linfo_string97                 @ DW_AT_name
	.long	1506                            @ DW_AT_type
	.byte	7                               @ DW_AT_decl_file
	.short	766                             @ DW_AT_decl_line
	.byte	1                               @ DW_AT_bit_size
	.byte	15                              @ DW_AT_data_bit_offset
	.byte	19                              @ Abbrev [19] 0x697:0xe DW_TAG_member
	.long	.Linfo_string98                 @ DW_AT_name
	.long	1506                            @ DW_AT_type
	.byte	7                               @ DW_AT_decl_file
	.short	767                             @ DW_AT_decl_line
	.byte	1                               @ DW_AT_bit_size
	.byte	16                              @ DW_AT_data_bit_offset
	.byte	19                              @ Abbrev [19] 0x6a5:0xe DW_TAG_member
	.long	.Linfo_string99                 @ DW_AT_name
	.long	1506                            @ DW_AT_type
	.byte	7                               @ DW_AT_decl_file
	.short	768                             @ DW_AT_decl_line
	.byte	15                              @ DW_AT_bit_size
	.byte	17                              @ DW_AT_data_bit_offset
	.byte	0                               @ End Of Children Mark
	.byte	17                              @ Abbrev [17] 0x6b4:0x5 DW_TAG_volatile_type
	.long	1721                            @ DW_AT_type
	.byte	12                              @ Abbrev [12] 0x6b9:0xc DW_TAG_typedef
	.long	1733                            @ DW_AT_type
	.long	.Linfo_string113                @ DW_AT_name
	.byte	7                               @ DW_AT_decl_file
	.short	786                             @ DW_AT_decl_line
	.byte	18                              @ Abbrev [18] 0x6c5:0xbc DW_TAG_structure_type
	.byte	4                               @ DW_AT_byte_size
	.byte	7                               @ DW_AT_decl_file
	.short	771                             @ DW_AT_decl_line
	.byte	19                              @ Abbrev [19] 0x6ca:0xe DW_TAG_member
	.long	.Linfo_string103                @ DW_AT_name
	.long	1506                            @ DW_AT_type
	.byte	7                               @ DW_AT_decl_file
	.short	773                             @ DW_AT_decl_line
	.byte	1                               @ DW_AT_bit_size
	.byte	0                               @ DW_AT_data_bit_offset
	.byte	19                              @ Abbrev [19] 0x6d8:0xe DW_TAG_member
	.long	.Linfo_string104                @ DW_AT_name
	.long	1506                            @ DW_AT_type
	.byte	7                               @ DW_AT_decl_file
	.short	774                             @ DW_AT_decl_line
	.byte	1                               @ DW_AT_bit_size
	.byte	1                               @ DW_AT_data_bit_offset
	.byte	19                              @ Abbrev [19] 0x6e6:0xe DW_TAG_member
	.long	.Linfo_string94                 @ DW_AT_name
	.long	1506                            @ DW_AT_type
	.byte	7                               @ DW_AT_decl_file
	.short	775                             @ DW_AT_decl_line
	.byte	2                               @ DW_AT_bit_size
	.byte	2                               @ DW_AT_data_bit_offset
	.byte	19                              @ Abbrev [19] 0x6f4:0xe DW_TAG_member
	.long	.Linfo_string105                @ DW_AT_name
	.long	1506                            @ DW_AT_type
	.byte	7                               @ DW_AT_decl_file
	.short	776                             @ DW_AT_decl_line
	.byte	1                               @ DW_AT_bit_size
	.byte	4                               @ DW_AT_data_bit_offset
	.byte	19                              @ Abbrev [19] 0x702:0xe DW_TAG_member
	.long	.Linfo_string106                @ DW_AT_name
	.long	1506                            @ DW_AT_type
	.byte	7                               @ DW_AT_decl_file
	.short	777                             @ DW_AT_decl_line
	.byte	1                               @ DW_AT_bit_size
	.byte	5                               @ DW_AT_data_bit_offset
	.byte	19                              @ Abbrev [19] 0x710:0xe DW_TAG_member
	.long	.Linfo_string107                @ DW_AT_name
	.long	1506                            @ DW_AT_type
	.byte	7                               @ DW_AT_decl_file
	.short	778                             @ DW_AT_decl_line
	.byte	1                               @ DW_AT_bit_size
	.byte	6                               @ DW_AT_data_bit_offset
	.byte	19                              @ Abbrev [19] 0x71e:0xe DW_TAG_member
	.long	.Linfo_string108                @ DW_AT_name
	.long	1506                            @ DW_AT_type
	.byte	7                               @ DW_AT_decl_file
	.short	779                             @ DW_AT_decl_line
	.byte	1                               @ DW_AT_bit_size
	.byte	7                               @ DW_AT_data_bit_offset
	.byte	19                              @ Abbrev [19] 0x72c:0xe DW_TAG_member
	.long	.Linfo_string109                @ DW_AT_name
	.long	1506                            @ DW_AT_type
	.byte	7                               @ DW_AT_decl_file
	.short	780                             @ DW_AT_decl_line
	.byte	1                               @ DW_AT_bit_size
	.byte	8                               @ DW_AT_data_bit_offset
	.byte	19                              @ Abbrev [19] 0x73a:0xe DW_TAG_member
	.long	.Linfo_string110                @ DW_AT_name
	.long	1506                            @ DW_AT_type
	.byte	7                               @ DW_AT_decl_file
	.short	781                             @ DW_AT_decl_line
	.byte	1                               @ DW_AT_bit_size
	.byte	9                               @ DW_AT_data_bit_offset
	.byte	19                              @ Abbrev [19] 0x748:0xe DW_TAG_member
	.long	.Linfo_string97                 @ DW_AT_name
	.long	1506                            @ DW_AT_type
	.byte	7                               @ DW_AT_decl_file
	.short	782                             @ DW_AT_decl_line
	.byte	2                               @ DW_AT_bit_size
	.byte	10                              @ DW_AT_data_bit_offset
	.byte	19                              @ Abbrev [19] 0x756:0xe DW_TAG_member
	.long	.Linfo_string111                @ DW_AT_name
	.long	1506                            @ DW_AT_type
	.byte	7                               @ DW_AT_decl_file
	.short	783                             @ DW_AT_decl_line
	.byte	1                               @ DW_AT_bit_size
	.byte	12                              @ DW_AT_data_bit_offset
	.byte	19                              @ Abbrev [19] 0x764:0xe DW_TAG_member
	.long	.Linfo_string112                @ DW_AT_name
	.long	1506                            @ DW_AT_type
	.byte	7                               @ DW_AT_decl_file
	.short	784                             @ DW_AT_decl_line
	.byte	1                               @ DW_AT_bit_size
	.byte	13                              @ DW_AT_data_bit_offset
	.byte	19                              @ Abbrev [19] 0x772:0xe DW_TAG_member
	.long	.Linfo_string99                 @ DW_AT_name
	.long	1506                            @ DW_AT_type
	.byte	7                               @ DW_AT_decl_file
	.short	785                             @ DW_AT_decl_line
	.byte	18                              @ DW_AT_bit_size
	.byte	14                              @ DW_AT_data_bit_offset
	.byte	0                               @ End Of Children Mark
	.byte	17                              @ Abbrev [17] 0x781:0x5 DW_TAG_volatile_type
	.long	1926                            @ DW_AT_type
	.byte	12                              @ Abbrev [12] 0x786:0xc DW_TAG_typedef
	.long	1938                            @ DW_AT_type
	.long	.Linfo_string118                @ DW_AT_name
	.byte	7                               @ DW_AT_decl_file
	.short	792                             @ DW_AT_decl_line
	.byte	18                              @ Abbrev [18] 0x792:0x22 DW_TAG_structure_type
	.byte	4                               @ DW_AT_byte_size
	.byte	7                               @ DW_AT_decl_file
	.short	788                             @ DW_AT_decl_line
	.byte	19                              @ Abbrev [19] 0x797:0xe DW_TAG_member
	.long	.Linfo_string116                @ DW_AT_name
	.long	1506                            @ DW_AT_type
	.byte	7                               @ DW_AT_decl_file
	.short	790                             @ DW_AT_decl_line
	.byte	16                              @ DW_AT_bit_size
	.byte	0                               @ DW_AT_data_bit_offset
	.byte	19                              @ Abbrev [19] 0x7a5:0xe DW_TAG_member
	.long	.Linfo_string117                @ DW_AT_name
	.long	1506                            @ DW_AT_type
	.byte	7                               @ DW_AT_decl_file
	.short	791                             @ DW_AT_decl_line
	.byte	16                              @ DW_AT_bit_size
	.byte	16                              @ DW_AT_data_bit_offset
	.byte	0                               @ End Of Children Mark
	.byte	17                              @ Abbrev [17] 0x7b4:0x5 DW_TAG_volatile_type
	.long	1977                            @ DW_AT_type
	.byte	12                              @ Abbrev [12] 0x7b9:0xc DW_TAG_typedef
	.long	1989                            @ DW_AT_type
	.long	.Linfo_string137                @ DW_AT_name
	.byte	7                               @ DW_AT_decl_file
	.short	813                             @ DW_AT_decl_line
	.byte	18                              @ Abbrev [18] 0x7c5:0xf4 DW_TAG_structure_type
	.byte	4                               @ DW_AT_byte_size
	.byte	7                               @ DW_AT_decl_file
	.short	794                             @ DW_AT_decl_line
	.byte	19                              @ Abbrev [19] 0x7ca:0xe DW_TAG_member
	.long	.Linfo_string121                @ DW_AT_name
	.long	1506                            @ DW_AT_type
	.byte	7                               @ DW_AT_decl_file
	.short	796                             @ DW_AT_decl_line
	.byte	1                               @ DW_AT_bit_size
	.byte	0                               @ DW_AT_data_bit_offset
	.byte	19                              @ Abbrev [19] 0x7d8:0xe DW_TAG_member
	.long	.Linfo_string122                @ DW_AT_name
	.long	1506                            @ DW_AT_type
	.byte	7                               @ DW_AT_decl_file
	.short	797                             @ DW_AT_decl_line
	.byte	1                               @ DW_AT_bit_size
	.byte	1                               @ DW_AT_data_bit_offset
	.byte	19                              @ Abbrev [19] 0x7e6:0xe DW_TAG_member
	.long	.Linfo_string123                @ DW_AT_name
	.long	1506                            @ DW_AT_type
	.byte	7                               @ DW_AT_decl_file
	.short	798                             @ DW_AT_decl_line
	.byte	1                               @ DW_AT_bit_size
	.byte	2                               @ DW_AT_data_bit_offset
	.byte	19                              @ Abbrev [19] 0x7f4:0xe DW_TAG_member
	.long	.Linfo_string124                @ DW_AT_name
	.long	1506                            @ DW_AT_type
	.byte	7                               @ DW_AT_decl_file
	.short	799                             @ DW_AT_decl_line
	.byte	1                               @ DW_AT_bit_size
	.byte	3                               @ DW_AT_data_bit_offset
	.byte	19                              @ Abbrev [19] 0x802:0xe DW_TAG_member
	.long	.Linfo_string125                @ DW_AT_name
	.long	1506                            @ DW_AT_type
	.byte	7                               @ DW_AT_decl_file
	.short	800                             @ DW_AT_decl_line
	.byte	1                               @ DW_AT_bit_size
	.byte	4                               @ DW_AT_data_bit_offset
	.byte	19                              @ Abbrev [19] 0x810:0xe DW_TAG_member
	.long	.Linfo_string126                @ DW_AT_name
	.long	1506                            @ DW_AT_type
	.byte	7                               @ DW_AT_decl_file
	.short	801                             @ DW_AT_decl_line
	.byte	1                               @ DW_AT_bit_size
	.byte	5                               @ DW_AT_data_bit_offset
	.byte	19                              @ Abbrev [19] 0x81e:0xe DW_TAG_member
	.long	.Linfo_string127                @ DW_AT_name
	.long	1506                            @ DW_AT_type
	.byte	7                               @ DW_AT_decl_file
	.short	802                             @ DW_AT_decl_line
	.byte	1                               @ DW_AT_bit_size
	.byte	6                               @ DW_AT_data_bit_offset
	.byte	19                              @ Abbrev [19] 0x82c:0xe DW_TAG_member
	.long	.Linfo_string128                @ DW_AT_name
	.long	1506                            @ DW_AT_type
	.byte	7                               @ DW_AT_decl_file
	.short	803                             @ DW_AT_decl_line
	.byte	1                               @ DW_AT_bit_size
	.byte	7                               @ DW_AT_data_bit_offset
	.byte	19                              @ Abbrev [19] 0x83a:0xe DW_TAG_member
	.long	.Linfo_string129                @ DW_AT_name
	.long	1506                            @ DW_AT_type
	.byte	7                               @ DW_AT_decl_file
	.short	804                             @ DW_AT_decl_line
	.byte	2                               @ DW_AT_bit_size
	.byte	8                               @ DW_AT_data_bit_offset
	.byte	19                              @ Abbrev [19] 0x848:0xe DW_TAG_member
	.long	.Linfo_string130                @ DW_AT_name
	.long	1506                            @ DW_AT_type
	.byte	7                               @ DW_AT_decl_file
	.short	805                             @ DW_AT_decl_line
	.byte	2                               @ DW_AT_bit_size
	.byte	10                              @ DW_AT_data_bit_offset
	.byte	19                              @ Abbrev [19] 0x856:0xe DW_TAG_member
	.long	.Linfo_string131                @ DW_AT_name
	.long	1506                            @ DW_AT_type
	.byte	7                               @ DW_AT_decl_file
	.short	806                             @ DW_AT_decl_line
	.byte	2                               @ DW_AT_bit_size
	.byte	12                              @ DW_AT_data_bit_offset
	.byte	19                              @ Abbrev [19] 0x864:0xe DW_TAG_member
	.long	.Linfo_string132                @ DW_AT_name
	.long	1506                            @ DW_AT_type
	.byte	7                               @ DW_AT_decl_file
	.short	807                             @ DW_AT_decl_line
	.byte	2                               @ DW_AT_bit_size
	.byte	14                              @ DW_AT_data_bit_offset
	.byte	19                              @ Abbrev [19] 0x872:0xe DW_TAG_member
	.long	.Linfo_string133                @ DW_AT_name
	.long	1506                            @ DW_AT_type
	.byte	7                               @ DW_AT_decl_file
	.short	808                             @ DW_AT_decl_line
	.byte	1                               @ DW_AT_bit_size
	.byte	16                              @ DW_AT_data_bit_offset
	.byte	19                              @ Abbrev [19] 0x880:0xe DW_TAG_member
	.long	.Linfo_string134                @ DW_AT_name
	.long	1506                            @ DW_AT_type
	.byte	7                               @ DW_AT_decl_file
	.short	809                             @ DW_AT_decl_line
	.byte	1                               @ DW_AT_bit_size
	.byte	17                              @ DW_AT_data_bit_offset
	.byte	19                              @ Abbrev [19] 0x88e:0xe DW_TAG_member
	.long	.Linfo_string135                @ DW_AT_name
	.long	1506                            @ DW_AT_type
	.byte	7                               @ DW_AT_decl_file
	.short	810                             @ DW_AT_decl_line
	.byte	1                               @ DW_AT_bit_size
	.byte	18                              @ DW_AT_data_bit_offset
	.byte	19                              @ Abbrev [19] 0x89c:0xe DW_TAG_member
	.long	.Linfo_string136                @ DW_AT_name
	.long	1506                            @ DW_AT_type
	.byte	7                               @ DW_AT_decl_file
	.short	811                             @ DW_AT_decl_line
	.byte	1                               @ DW_AT_bit_size
	.byte	19                              @ DW_AT_data_bit_offset
	.byte	19                              @ Abbrev [19] 0x8aa:0xe DW_TAG_member
	.long	.Linfo_string99                 @ DW_AT_name
	.long	1506                            @ DW_AT_type
	.byte	7                               @ DW_AT_decl_file
	.short	812                             @ DW_AT_decl_line
	.byte	12                              @ DW_AT_bit_size
	.byte	20                              @ DW_AT_data_bit_offset
	.byte	0                               @ End Of Children Mark
	.byte	17                              @ Abbrev [17] 0x8b9:0x5 DW_TAG_volatile_type
	.long	2238                            @ DW_AT_type
	.byte	12                              @ Abbrev [12] 0x8be:0xc DW_TAG_typedef
	.long	2250                            @ DW_AT_type
	.long	.Linfo_string142                @ DW_AT_name
	.byte	7                               @ DW_AT_decl_file
	.short	819                             @ DW_AT_decl_line
	.byte	18                              @ Abbrev [18] 0x8ca:0x22 DW_TAG_structure_type
	.byte	4                               @ DW_AT_byte_size
	.byte	7                               @ DW_AT_decl_file
	.short	815                             @ DW_AT_decl_line
	.byte	19                              @ Abbrev [19] 0x8cf:0xe DW_TAG_member
	.long	.Linfo_string140                @ DW_AT_name
	.long	1506                            @ DW_AT_type
	.byte	7                               @ DW_AT_decl_file
	.short	817                             @ DW_AT_decl_line
	.byte	16                              @ DW_AT_bit_size
	.byte	0                               @ DW_AT_data_bit_offset
	.byte	19                              @ Abbrev [19] 0x8dd:0xe DW_TAG_member
	.long	.Linfo_string141                @ DW_AT_name
	.long	1506                            @ DW_AT_type
	.byte	7                               @ DW_AT_decl_file
	.short	818                             @ DW_AT_decl_line
	.byte	16                              @ DW_AT_bit_size
	.byte	16                              @ DW_AT_data_bit_offset
	.byte	0                               @ End Of Children Mark
	.byte	17                              @ Abbrev [17] 0x8ec:0x5 DW_TAG_volatile_type
	.long	2289                            @ DW_AT_type
	.byte	12                              @ Abbrev [12] 0x8f1:0xc DW_TAG_typedef
	.long	2301                            @ DW_AT_type
	.long	.Linfo_string147                @ DW_AT_name
	.byte	7                               @ DW_AT_decl_file
	.short	825                             @ DW_AT_decl_line
	.byte	18                              @ Abbrev [18] 0x8fd:0x22 DW_TAG_structure_type
	.byte	4                               @ DW_AT_byte_size
	.byte	7                               @ DW_AT_decl_file
	.short	821                             @ DW_AT_decl_line
	.byte	19                              @ Abbrev [19] 0x902:0xe DW_TAG_member
	.long	.Linfo_string145                @ DW_AT_name
	.long	1506                            @ DW_AT_type
	.byte	7                               @ DW_AT_decl_file
	.short	823                             @ DW_AT_decl_line
	.byte	16                              @ DW_AT_bit_size
	.byte	0                               @ DW_AT_data_bit_offset
	.byte	19                              @ Abbrev [19] 0x910:0xe DW_TAG_member
	.long	.Linfo_string146                @ DW_AT_name
	.long	1506                            @ DW_AT_type
	.byte	7                               @ DW_AT_decl_file
	.short	824                             @ DW_AT_decl_line
	.byte	16                              @ DW_AT_bit_size
	.byte	16                              @ DW_AT_data_bit_offset
	.byte	0                               @ End Of Children Mark
	.byte	17                              @ Abbrev [17] 0x91f:0x5 DW_TAG_volatile_type
	.long	2340                            @ DW_AT_type
	.byte	12                              @ Abbrev [12] 0x924:0xc DW_TAG_typedef
	.long	2352                            @ DW_AT_type
	.long	.Linfo_string152                @ DW_AT_name
	.byte	7                               @ DW_AT_decl_file
	.short	831                             @ DW_AT_decl_line
	.byte	18                              @ Abbrev [18] 0x930:0x22 DW_TAG_structure_type
	.byte	4                               @ DW_AT_byte_size
	.byte	7                               @ DW_AT_decl_file
	.short	827                             @ DW_AT_decl_line
	.byte	19                              @ Abbrev [19] 0x935:0xe DW_TAG_member
	.long	.Linfo_string150                @ DW_AT_name
	.long	1506                            @ DW_AT_type
	.byte	7                               @ DW_AT_decl_file
	.short	829                             @ DW_AT_decl_line
	.byte	16                              @ DW_AT_bit_size
	.byte	0                               @ DW_AT_data_bit_offset
	.byte	19                              @ Abbrev [19] 0x943:0xe DW_TAG_member
	.long	.Linfo_string151                @ DW_AT_name
	.long	1506                            @ DW_AT_type
	.byte	7                               @ DW_AT_decl_file
	.short	830                             @ DW_AT_decl_line
	.byte	16                              @ DW_AT_bit_size
	.byte	16                              @ DW_AT_data_bit_offset
	.byte	0                               @ End Of Children Mark
	.byte	17                              @ Abbrev [17] 0x952:0x5 DW_TAG_volatile_type
	.long	2391                            @ DW_AT_type
	.byte	12                              @ Abbrev [12] 0x957:0xc DW_TAG_typedef
	.long	2403                            @ DW_AT_type
	.long	.Linfo_string157                @ DW_AT_name
	.byte	7                               @ DW_AT_decl_file
	.short	837                             @ DW_AT_decl_line
	.byte	18                              @ Abbrev [18] 0x963:0x22 DW_TAG_structure_type
	.byte	4                               @ DW_AT_byte_size
	.byte	7                               @ DW_AT_decl_file
	.short	833                             @ DW_AT_decl_line
	.byte	19                              @ Abbrev [19] 0x968:0xe DW_TAG_member
	.long	.Linfo_string155                @ DW_AT_name
	.long	1506                            @ DW_AT_type
	.byte	7                               @ DW_AT_decl_file
	.short	835                             @ DW_AT_decl_line
	.byte	16                              @ DW_AT_bit_size
	.byte	0                               @ DW_AT_data_bit_offset
	.byte	19                              @ Abbrev [19] 0x976:0xe DW_TAG_member
	.long	.Linfo_string156                @ DW_AT_name
	.long	1506                            @ DW_AT_type
	.byte	7                               @ DW_AT_decl_file
	.short	836                             @ DW_AT_decl_line
	.byte	16                              @ DW_AT_bit_size
	.byte	16                              @ DW_AT_data_bit_offset
	.byte	0                               @ End Of Children Mark
	.byte	17                              @ Abbrev [17] 0x985:0x5 DW_TAG_volatile_type
	.long	2442                            @ DW_AT_type
	.byte	12                              @ Abbrev [12] 0x98a:0xc DW_TAG_typedef
	.long	2454                            @ DW_AT_type
	.long	.Linfo_string162                @ DW_AT_name
	.byte	7                               @ DW_AT_decl_file
	.short	843                             @ DW_AT_decl_line
	.byte	18                              @ Abbrev [18] 0x996:0x22 DW_TAG_structure_type
	.byte	4                               @ DW_AT_byte_size
	.byte	7                               @ DW_AT_decl_file
	.short	839                             @ DW_AT_decl_line
	.byte	19                              @ Abbrev [19] 0x99b:0xe DW_TAG_member
	.long	.Linfo_string160                @ DW_AT_name
	.long	1506                            @ DW_AT_type
	.byte	7                               @ DW_AT_decl_file
	.short	841                             @ DW_AT_decl_line
	.byte	16                              @ DW_AT_bit_size
	.byte	0                               @ DW_AT_data_bit_offset
	.byte	19                              @ Abbrev [19] 0x9a9:0xe DW_TAG_member
	.long	.Linfo_string161                @ DW_AT_name
	.long	1506                            @ DW_AT_type
	.byte	7                               @ DW_AT_decl_file
	.short	842                             @ DW_AT_decl_line
	.byte	16                              @ DW_AT_bit_size
	.byte	16                              @ DW_AT_data_bit_offset
	.byte	0                               @ End Of Children Mark
	.byte	17                              @ Abbrev [17] 0x9b8:0x5 DW_TAG_volatile_type
	.long	2493                            @ DW_AT_type
	.byte	12                              @ Abbrev [12] 0x9bd:0xc DW_TAG_typedef
	.long	2505                            @ DW_AT_type
	.long	.Linfo_string171                @ DW_AT_name
	.byte	7                               @ DW_AT_decl_file
	.short	854                             @ DW_AT_decl_line
	.byte	18                              @ Abbrev [18] 0x9c9:0x68 DW_TAG_structure_type
	.byte	4                               @ DW_AT_byte_size
	.byte	7                               @ DW_AT_decl_file
	.short	845                             @ DW_AT_decl_line
	.byte	19                              @ Abbrev [19] 0x9ce:0xe DW_TAG_member
	.long	.Linfo_string165                @ DW_AT_name
	.long	1506                            @ DW_AT_type
	.byte	7                               @ DW_AT_decl_file
	.short	847                             @ DW_AT_decl_line
	.byte	1                               @ DW_AT_bit_size
	.byte	0                               @ DW_AT_data_bit_offset
	.byte	19                              @ Abbrev [19] 0x9dc:0xe DW_TAG_member
	.long	.Linfo_string166                @ DW_AT_name
	.long	1506                            @ DW_AT_type
	.byte	7                               @ DW_AT_decl_file
	.short	848                             @ DW_AT_decl_line
	.byte	1                               @ DW_AT_bit_size
	.byte	1                               @ DW_AT_data_bit_offset
	.byte	19                              @ Abbrev [19] 0x9ea:0xe DW_TAG_member
	.long	.Linfo_string167                @ DW_AT_name
	.long	1506                            @ DW_AT_type
	.byte	7                               @ DW_AT_decl_file
	.short	849                             @ DW_AT_decl_line
	.byte	1                               @ DW_AT_bit_size
	.byte	2                               @ DW_AT_data_bit_offset
	.byte	19                              @ Abbrev [19] 0x9f8:0xe DW_TAG_member
	.long	.Linfo_string168                @ DW_AT_name
	.long	1506                            @ DW_AT_type
	.byte	7                               @ DW_AT_decl_file
	.short	850                             @ DW_AT_decl_line
	.byte	1                               @ DW_AT_bit_size
	.byte	3                               @ DW_AT_data_bit_offset
	.byte	19                              @ Abbrev [19] 0xa06:0xe DW_TAG_member
	.long	.Linfo_string169                @ DW_AT_name
	.long	1506                            @ DW_AT_type
	.byte	7                               @ DW_AT_decl_file
	.short	851                             @ DW_AT_decl_line
	.byte	1                               @ DW_AT_bit_size
	.byte	4                               @ DW_AT_data_bit_offset
	.byte	19                              @ Abbrev [19] 0xa14:0xe DW_TAG_member
	.long	.Linfo_string170                @ DW_AT_name
	.long	1506                            @ DW_AT_type
	.byte	7                               @ DW_AT_decl_file
	.short	852                             @ DW_AT_decl_line
	.byte	1                               @ DW_AT_bit_size
	.byte	5                               @ DW_AT_data_bit_offset
	.byte	19                              @ Abbrev [19] 0xa22:0xe DW_TAG_member
	.long	.Linfo_string99                 @ DW_AT_name
	.long	1506                            @ DW_AT_type
	.byte	7                               @ DW_AT_decl_file
	.short	853                             @ DW_AT_decl_line
	.byte	26                              @ DW_AT_bit_size
	.byte	6                               @ DW_AT_data_bit_offset
	.byte	0                               @ End Of Children Mark
	.byte	17                              @ Abbrev [17] 0xa31:0x5 DW_TAG_volatile_type
	.long	2614                            @ DW_AT_type
	.byte	12                              @ Abbrev [12] 0xa36:0xc DW_TAG_typedef
	.long	2626                            @ DW_AT_type
	.long	.Linfo_string190                @ DW_AT_name
	.byte	7                               @ DW_AT_decl_file
	.short	875                             @ DW_AT_decl_line
	.byte	18                              @ Abbrev [18] 0xa42:0xf4 DW_TAG_structure_type
	.byte	4                               @ DW_AT_byte_size
	.byte	7                               @ DW_AT_decl_file
	.short	856                             @ DW_AT_decl_line
	.byte	19                              @ Abbrev [19] 0xa47:0xe DW_TAG_member
	.long	.Linfo_string174                @ DW_AT_name
	.long	1506                            @ DW_AT_type
	.byte	7                               @ DW_AT_decl_file
	.short	858                             @ DW_AT_decl_line
	.byte	1                               @ DW_AT_bit_size
	.byte	0                               @ DW_AT_data_bit_offset
	.byte	19                              @ Abbrev [19] 0xa55:0xe DW_TAG_member
	.long	.Linfo_string175                @ DW_AT_name
	.long	1506                            @ DW_AT_type
	.byte	7                               @ DW_AT_decl_file
	.short	859                             @ DW_AT_decl_line
	.byte	1                               @ DW_AT_bit_size
	.byte	1                               @ DW_AT_data_bit_offset
	.byte	19                              @ Abbrev [19] 0xa63:0xe DW_TAG_member
	.long	.Linfo_string176                @ DW_AT_name
	.long	1506                            @ DW_AT_type
	.byte	7                               @ DW_AT_decl_file
	.short	860                             @ DW_AT_decl_line
	.byte	1                               @ DW_AT_bit_size
	.byte	2                               @ DW_AT_data_bit_offset
	.byte	19                              @ Abbrev [19] 0xa71:0xe DW_TAG_member
	.long	.Linfo_string177                @ DW_AT_name
	.long	1506                            @ DW_AT_type
	.byte	7                               @ DW_AT_decl_file
	.short	861                             @ DW_AT_decl_line
	.byte	1                               @ DW_AT_bit_size
	.byte	3                               @ DW_AT_data_bit_offset
	.byte	19                              @ Abbrev [19] 0xa7f:0xe DW_TAG_member
	.long	.Linfo_string178                @ DW_AT_name
	.long	1506                            @ DW_AT_type
	.byte	7                               @ DW_AT_decl_file
	.short	862                             @ DW_AT_decl_line
	.byte	1                               @ DW_AT_bit_size
	.byte	4                               @ DW_AT_data_bit_offset
	.byte	19                              @ Abbrev [19] 0xa8d:0xe DW_TAG_member
	.long	.Linfo_string179                @ DW_AT_name
	.long	1506                            @ DW_AT_type
	.byte	7                               @ DW_AT_decl_file
	.short	863                             @ DW_AT_decl_line
	.byte	1                               @ DW_AT_bit_size
	.byte	5                               @ DW_AT_data_bit_offset
	.byte	19                              @ Abbrev [19] 0xa9b:0xe DW_TAG_member
	.long	.Linfo_string180                @ DW_AT_name
	.long	1506                            @ DW_AT_type
	.byte	7                               @ DW_AT_decl_file
	.short	864                             @ DW_AT_decl_line
	.byte	1                               @ DW_AT_bit_size
	.byte	6                               @ DW_AT_data_bit_offset
	.byte	19                              @ Abbrev [19] 0xaa9:0xe DW_TAG_member
	.long	.Linfo_string181                @ DW_AT_name
	.long	1506                            @ DW_AT_type
	.byte	7                               @ DW_AT_decl_file
	.short	865                             @ DW_AT_decl_line
	.byte	1                               @ DW_AT_bit_size
	.byte	7                               @ DW_AT_data_bit_offset
	.byte	19                              @ Abbrev [19] 0xab7:0xe DW_TAG_member
	.long	.Linfo_string182                @ DW_AT_name
	.long	1506                            @ DW_AT_type
	.byte	7                               @ DW_AT_decl_file
	.short	866                             @ DW_AT_decl_line
	.byte	1                               @ DW_AT_bit_size
	.byte	8                               @ DW_AT_data_bit_offset
	.byte	19                              @ Abbrev [19] 0xac5:0xe DW_TAG_member
	.long	.Linfo_string183                @ DW_AT_name
	.long	1506                            @ DW_AT_type
	.byte	7                               @ DW_AT_decl_file
	.short	867                             @ DW_AT_decl_line
	.byte	1                               @ DW_AT_bit_size
	.byte	9                               @ DW_AT_data_bit_offset
	.byte	19                              @ Abbrev [19] 0xad3:0xe DW_TAG_member
	.long	.Linfo_string184                @ DW_AT_name
	.long	1506                            @ DW_AT_type
	.byte	7                               @ DW_AT_decl_file
	.short	868                             @ DW_AT_decl_line
	.byte	1                               @ DW_AT_bit_size
	.byte	10                              @ DW_AT_data_bit_offset
	.byte	19                              @ Abbrev [19] 0xae1:0xe DW_TAG_member
	.long	.Linfo_string185                @ DW_AT_name
	.long	1506                            @ DW_AT_type
	.byte	7                               @ DW_AT_decl_file
	.short	869                             @ DW_AT_decl_line
	.byte	1                               @ DW_AT_bit_size
	.byte	11                              @ DW_AT_data_bit_offset
	.byte	19                              @ Abbrev [19] 0xaef:0xe DW_TAG_member
	.long	.Linfo_string186                @ DW_AT_name
	.long	1506                            @ DW_AT_type
	.byte	7                               @ DW_AT_decl_file
	.short	870                             @ DW_AT_decl_line
	.byte	1                               @ DW_AT_bit_size
	.byte	12                              @ DW_AT_data_bit_offset
	.byte	19                              @ Abbrev [19] 0xafd:0xe DW_TAG_member
	.long	.Linfo_string187                @ DW_AT_name
	.long	1506                            @ DW_AT_type
	.byte	7                               @ DW_AT_decl_file
	.short	871                             @ DW_AT_decl_line
	.byte	1                               @ DW_AT_bit_size
	.byte	13                              @ DW_AT_data_bit_offset
	.byte	19                              @ Abbrev [19] 0xb0b:0xe DW_TAG_member
	.long	.Linfo_string188                @ DW_AT_name
	.long	1506                            @ DW_AT_type
	.byte	7                               @ DW_AT_decl_file
	.short	872                             @ DW_AT_decl_line
	.byte	1                               @ DW_AT_bit_size
	.byte	14                              @ DW_AT_data_bit_offset
	.byte	19                              @ Abbrev [19] 0xb19:0xe DW_TAG_member
	.long	.Linfo_string189                @ DW_AT_name
	.long	1506                            @ DW_AT_type
	.byte	7                               @ DW_AT_decl_file
	.short	873                             @ DW_AT_decl_line
	.byte	1                               @ DW_AT_bit_size
	.byte	15                              @ DW_AT_data_bit_offset
	.byte	19                              @ Abbrev [19] 0xb27:0xe DW_TAG_member
	.long	.Linfo_string99                 @ DW_AT_name
	.long	1506                            @ DW_AT_type
	.byte	7                               @ DW_AT_decl_file
	.short	874                             @ DW_AT_decl_line
	.byte	16                              @ DW_AT_bit_size
	.byte	16                              @ DW_AT_data_bit_offset
	.byte	0                               @ End Of Children Mark
	.byte	17                              @ Abbrev [17] 0xb36:0x5 DW_TAG_volatile_type
	.long	2875                            @ DW_AT_type
	.byte	12                              @ Abbrev [12] 0xb3b:0xc DW_TAG_typedef
	.long	2887                            @ DW_AT_type
	.long	.Linfo_string209                @ DW_AT_name
	.byte	7                               @ DW_AT_decl_file
	.short	896                             @ DW_AT_decl_line
	.byte	18                              @ Abbrev [18] 0xb47:0xf4 DW_TAG_structure_type
	.byte	4                               @ DW_AT_byte_size
	.byte	7                               @ DW_AT_decl_file
	.short	877                             @ DW_AT_decl_line
	.byte	19                              @ Abbrev [19] 0xb4c:0xe DW_TAG_member
	.long	.Linfo_string193                @ DW_AT_name
	.long	1506                            @ DW_AT_type
	.byte	7                               @ DW_AT_decl_file
	.short	879                             @ DW_AT_decl_line
	.byte	1                               @ DW_AT_bit_size
	.byte	0                               @ DW_AT_data_bit_offset
	.byte	19                              @ Abbrev [19] 0xb5a:0xe DW_TAG_member
	.long	.Linfo_string194                @ DW_AT_name
	.long	1506                            @ DW_AT_type
	.byte	7                               @ DW_AT_decl_file
	.short	880                             @ DW_AT_decl_line
	.byte	1                               @ DW_AT_bit_size
	.byte	1                               @ DW_AT_data_bit_offset
	.byte	19                              @ Abbrev [19] 0xb68:0xe DW_TAG_member
	.long	.Linfo_string195                @ DW_AT_name
	.long	1506                            @ DW_AT_type
	.byte	7                               @ DW_AT_decl_file
	.short	881                             @ DW_AT_decl_line
	.byte	1                               @ DW_AT_bit_size
	.byte	2                               @ DW_AT_data_bit_offset
	.byte	19                              @ Abbrev [19] 0xb76:0xe DW_TAG_member
	.long	.Linfo_string196                @ DW_AT_name
	.long	1506                            @ DW_AT_type
	.byte	7                               @ DW_AT_decl_file
	.short	882                             @ DW_AT_decl_line
	.byte	1                               @ DW_AT_bit_size
	.byte	3                               @ DW_AT_data_bit_offset
	.byte	19                              @ Abbrev [19] 0xb84:0xe DW_TAG_member
	.long	.Linfo_string197                @ DW_AT_name
	.long	1506                            @ DW_AT_type
	.byte	7                               @ DW_AT_decl_file
	.short	883                             @ DW_AT_decl_line
	.byte	1                               @ DW_AT_bit_size
	.byte	4                               @ DW_AT_data_bit_offset
	.byte	19                              @ Abbrev [19] 0xb92:0xe DW_TAG_member
	.long	.Linfo_string198                @ DW_AT_name
	.long	1506                            @ DW_AT_type
	.byte	7                               @ DW_AT_decl_file
	.short	884                             @ DW_AT_decl_line
	.byte	1                               @ DW_AT_bit_size
	.byte	5                               @ DW_AT_data_bit_offset
	.byte	19                              @ Abbrev [19] 0xba0:0xe DW_TAG_member
	.long	.Linfo_string199                @ DW_AT_name
	.long	1506                            @ DW_AT_type
	.byte	7                               @ DW_AT_decl_file
	.short	885                             @ DW_AT_decl_line
	.byte	1                               @ DW_AT_bit_size
	.byte	6                               @ DW_AT_data_bit_offset
	.byte	19                              @ Abbrev [19] 0xbae:0xe DW_TAG_member
	.long	.Linfo_string200                @ DW_AT_name
	.long	1506                            @ DW_AT_type
	.byte	7                               @ DW_AT_decl_file
	.short	886                             @ DW_AT_decl_line
	.byte	1                               @ DW_AT_bit_size
	.byte	7                               @ DW_AT_data_bit_offset
	.byte	19                              @ Abbrev [19] 0xbbc:0xe DW_TAG_member
	.long	.Linfo_string201                @ DW_AT_name
	.long	1506                            @ DW_AT_type
	.byte	7                               @ DW_AT_decl_file
	.short	887                             @ DW_AT_decl_line
	.byte	1                               @ DW_AT_bit_size
	.byte	8                               @ DW_AT_data_bit_offset
	.byte	19                              @ Abbrev [19] 0xbca:0xe DW_TAG_member
	.long	.Linfo_string202                @ DW_AT_name
	.long	1506                            @ DW_AT_type
	.byte	7                               @ DW_AT_decl_file
	.short	888                             @ DW_AT_decl_line
	.byte	1                               @ DW_AT_bit_size
	.byte	9                               @ DW_AT_data_bit_offset
	.byte	19                              @ Abbrev [19] 0xbd8:0xe DW_TAG_member
	.long	.Linfo_string203                @ DW_AT_name
	.long	1506                            @ DW_AT_type
	.byte	7                               @ DW_AT_decl_file
	.short	889                             @ DW_AT_decl_line
	.byte	1                               @ DW_AT_bit_size
	.byte	10                              @ DW_AT_data_bit_offset
	.byte	19                              @ Abbrev [19] 0xbe6:0xe DW_TAG_member
	.long	.Linfo_string204                @ DW_AT_name
	.long	1506                            @ DW_AT_type
	.byte	7                               @ DW_AT_decl_file
	.short	890                             @ DW_AT_decl_line
	.byte	1                               @ DW_AT_bit_size
	.byte	11                              @ DW_AT_data_bit_offset
	.byte	19                              @ Abbrev [19] 0xbf4:0xe DW_TAG_member
	.long	.Linfo_string205                @ DW_AT_name
	.long	1506                            @ DW_AT_type
	.byte	7                               @ DW_AT_decl_file
	.short	891                             @ DW_AT_decl_line
	.byte	1                               @ DW_AT_bit_size
	.byte	12                              @ DW_AT_data_bit_offset
	.byte	19                              @ Abbrev [19] 0xc02:0xe DW_TAG_member
	.long	.Linfo_string206                @ DW_AT_name
	.long	1506                            @ DW_AT_type
	.byte	7                               @ DW_AT_decl_file
	.short	892                             @ DW_AT_decl_line
	.byte	1                               @ DW_AT_bit_size
	.byte	13                              @ DW_AT_data_bit_offset
	.byte	19                              @ Abbrev [19] 0xc10:0xe DW_TAG_member
	.long	.Linfo_string207                @ DW_AT_name
	.long	1506                            @ DW_AT_type
	.byte	7                               @ DW_AT_decl_file
	.short	893                             @ DW_AT_decl_line
	.byte	1                               @ DW_AT_bit_size
	.byte	14                              @ DW_AT_data_bit_offset
	.byte	19                              @ Abbrev [19] 0xc1e:0xe DW_TAG_member
	.long	.Linfo_string208                @ DW_AT_name
	.long	1506                            @ DW_AT_type
	.byte	7                               @ DW_AT_decl_file
	.short	894                             @ DW_AT_decl_line
	.byte	1                               @ DW_AT_bit_size
	.byte	15                              @ DW_AT_data_bit_offset
	.byte	19                              @ Abbrev [19] 0xc2c:0xe DW_TAG_member
	.long	.Linfo_string99                 @ DW_AT_name
	.long	1506                            @ DW_AT_type
	.byte	7                               @ DW_AT_decl_file
	.short	895                             @ DW_AT_decl_line
	.byte	16                              @ DW_AT_bit_size
	.byte	16                              @ DW_AT_data_bit_offset
	.byte	0                               @ End Of Children Mark
	.byte	17                              @ Abbrev [17] 0xc3b:0x5 DW_TAG_volatile_type
	.long	3136                            @ DW_AT_type
	.byte	12                              @ Abbrev [12] 0xc40:0xc DW_TAG_typedef
	.long	3148                            @ DW_AT_type
	.long	.Linfo_string228                @ DW_AT_name
	.byte	7                               @ DW_AT_decl_file
	.short	917                             @ DW_AT_decl_line
	.byte	18                              @ Abbrev [18] 0xc4c:0xf4 DW_TAG_structure_type
	.byte	4                               @ DW_AT_byte_size
	.byte	7                               @ DW_AT_decl_file
	.short	898                             @ DW_AT_decl_line
	.byte	19                              @ Abbrev [19] 0xc51:0xe DW_TAG_member
	.long	.Linfo_string212                @ DW_AT_name
	.long	1506                            @ DW_AT_type
	.byte	7                               @ DW_AT_decl_file
	.short	900                             @ DW_AT_decl_line
	.byte	1                               @ DW_AT_bit_size
	.byte	0                               @ DW_AT_data_bit_offset
	.byte	19                              @ Abbrev [19] 0xc5f:0xe DW_TAG_member
	.long	.Linfo_string213                @ DW_AT_name
	.long	1506                            @ DW_AT_type
	.byte	7                               @ DW_AT_decl_file
	.short	901                             @ DW_AT_decl_line
	.byte	1                               @ DW_AT_bit_size
	.byte	1                               @ DW_AT_data_bit_offset
	.byte	19                              @ Abbrev [19] 0xc6d:0xe DW_TAG_member
	.long	.Linfo_string214                @ DW_AT_name
	.long	1506                            @ DW_AT_type
	.byte	7                               @ DW_AT_decl_file
	.short	902                             @ DW_AT_decl_line
	.byte	1                               @ DW_AT_bit_size
	.byte	2                               @ DW_AT_data_bit_offset
	.byte	19                              @ Abbrev [19] 0xc7b:0xe DW_TAG_member
	.long	.Linfo_string215                @ DW_AT_name
	.long	1506                            @ DW_AT_type
	.byte	7                               @ DW_AT_decl_file
	.short	903                             @ DW_AT_decl_line
	.byte	1                               @ DW_AT_bit_size
	.byte	3                               @ DW_AT_data_bit_offset
	.byte	19                              @ Abbrev [19] 0xc89:0xe DW_TAG_member
	.long	.Linfo_string216                @ DW_AT_name
	.long	1506                            @ DW_AT_type
	.byte	7                               @ DW_AT_decl_file
	.short	904                             @ DW_AT_decl_line
	.byte	1                               @ DW_AT_bit_size
	.byte	4                               @ DW_AT_data_bit_offset
	.byte	19                              @ Abbrev [19] 0xc97:0xe DW_TAG_member
	.long	.Linfo_string217                @ DW_AT_name
	.long	1506                            @ DW_AT_type
	.byte	7                               @ DW_AT_decl_file
	.short	905                             @ DW_AT_decl_line
	.byte	1                               @ DW_AT_bit_size
	.byte	5                               @ DW_AT_data_bit_offset
	.byte	19                              @ Abbrev [19] 0xca5:0xe DW_TAG_member
	.long	.Linfo_string218                @ DW_AT_name
	.long	1506                            @ DW_AT_type
	.byte	7                               @ DW_AT_decl_file
	.short	906                             @ DW_AT_decl_line
	.byte	1                               @ DW_AT_bit_size
	.byte	6                               @ DW_AT_data_bit_offset
	.byte	19                              @ Abbrev [19] 0xcb3:0xe DW_TAG_member
	.long	.Linfo_string219                @ DW_AT_name
	.long	1506                            @ DW_AT_type
	.byte	7                               @ DW_AT_decl_file
	.short	907                             @ DW_AT_decl_line
	.byte	1                               @ DW_AT_bit_size
	.byte	7                               @ DW_AT_data_bit_offset
	.byte	19                              @ Abbrev [19] 0xcc1:0xe DW_TAG_member
	.long	.Linfo_string220                @ DW_AT_name
	.long	1506                            @ DW_AT_type
	.byte	7                               @ DW_AT_decl_file
	.short	908                             @ DW_AT_decl_line
	.byte	1                               @ DW_AT_bit_size
	.byte	8                               @ DW_AT_data_bit_offset
	.byte	19                              @ Abbrev [19] 0xccf:0xe DW_TAG_member
	.long	.Linfo_string221                @ DW_AT_name
	.long	1506                            @ DW_AT_type
	.byte	7                               @ DW_AT_decl_file
	.short	909                             @ DW_AT_decl_line
	.byte	1                               @ DW_AT_bit_size
	.byte	9                               @ DW_AT_data_bit_offset
	.byte	19                              @ Abbrev [19] 0xcdd:0xe DW_TAG_member
	.long	.Linfo_string222                @ DW_AT_name
	.long	1506                            @ DW_AT_type
	.byte	7                               @ DW_AT_decl_file
	.short	910                             @ DW_AT_decl_line
	.byte	1                               @ DW_AT_bit_size
	.byte	10                              @ DW_AT_data_bit_offset
	.byte	19                              @ Abbrev [19] 0xceb:0xe DW_TAG_member
	.long	.Linfo_string223                @ DW_AT_name
	.long	1506                            @ DW_AT_type
	.byte	7                               @ DW_AT_decl_file
	.short	911                             @ DW_AT_decl_line
	.byte	1                               @ DW_AT_bit_size
	.byte	11                              @ DW_AT_data_bit_offset
	.byte	19                              @ Abbrev [19] 0xcf9:0xe DW_TAG_member
	.long	.Linfo_string224                @ DW_AT_name
	.long	1506                            @ DW_AT_type
	.byte	7                               @ DW_AT_decl_file
	.short	912                             @ DW_AT_decl_line
	.byte	1                               @ DW_AT_bit_size
	.byte	12                              @ DW_AT_data_bit_offset
	.byte	19                              @ Abbrev [19] 0xd07:0xe DW_TAG_member
	.long	.Linfo_string225                @ DW_AT_name
	.long	1506                            @ DW_AT_type
	.byte	7                               @ DW_AT_decl_file
	.short	913                             @ DW_AT_decl_line
	.byte	1                               @ DW_AT_bit_size
	.byte	13                              @ DW_AT_data_bit_offset
	.byte	19                              @ Abbrev [19] 0xd15:0xe DW_TAG_member
	.long	.Linfo_string226                @ DW_AT_name
	.long	1506                            @ DW_AT_type
	.byte	7                               @ DW_AT_decl_file
	.short	914                             @ DW_AT_decl_line
	.byte	1                               @ DW_AT_bit_size
	.byte	14                              @ DW_AT_data_bit_offset
	.byte	19                              @ Abbrev [19] 0xd23:0xe DW_TAG_member
	.long	.Linfo_string227                @ DW_AT_name
	.long	1506                            @ DW_AT_type
	.byte	7                               @ DW_AT_decl_file
	.short	915                             @ DW_AT_decl_line
	.byte	1                               @ DW_AT_bit_size
	.byte	15                              @ DW_AT_data_bit_offset
	.byte	19                              @ Abbrev [19] 0xd31:0xe DW_TAG_member
	.long	.Linfo_string99                 @ DW_AT_name
	.long	1506                            @ DW_AT_type
	.byte	7                               @ DW_AT_decl_file
	.short	916                             @ DW_AT_decl_line
	.byte	16                              @ DW_AT_bit_size
	.byte	16                              @ DW_AT_data_bit_offset
	.byte	0                               @ End Of Children Mark
	.byte	17                              @ Abbrev [17] 0xd40:0x5 DW_TAG_volatile_type
	.long	3397                            @ DW_AT_type
	.byte	12                              @ Abbrev [12] 0xd45:0xc DW_TAG_typedef
	.long	3409                            @ DW_AT_type
	.long	.Linfo_string247                @ DW_AT_name
	.byte	7                               @ DW_AT_decl_file
	.short	938                             @ DW_AT_decl_line
	.byte	18                              @ Abbrev [18] 0xd51:0xf4 DW_TAG_structure_type
	.byte	4                               @ DW_AT_byte_size
	.byte	7                               @ DW_AT_decl_file
	.short	919                             @ DW_AT_decl_line
	.byte	19                              @ Abbrev [19] 0xd56:0xe DW_TAG_member
	.long	.Linfo_string231                @ DW_AT_name
	.long	1506                            @ DW_AT_type
	.byte	7                               @ DW_AT_decl_file
	.short	921                             @ DW_AT_decl_line
	.byte	1                               @ DW_AT_bit_size
	.byte	0                               @ DW_AT_data_bit_offset
	.byte	19                              @ Abbrev [19] 0xd64:0xe DW_TAG_member
	.long	.Linfo_string232                @ DW_AT_name
	.long	1506                            @ DW_AT_type
	.byte	7                               @ DW_AT_decl_file
	.short	922                             @ DW_AT_decl_line
	.byte	1                               @ DW_AT_bit_size
	.byte	1                               @ DW_AT_data_bit_offset
	.byte	19                              @ Abbrev [19] 0xd72:0xe DW_TAG_member
	.long	.Linfo_string233                @ DW_AT_name
	.long	1506                            @ DW_AT_type
	.byte	7                               @ DW_AT_decl_file
	.short	923                             @ DW_AT_decl_line
	.byte	1                               @ DW_AT_bit_size
	.byte	2                               @ DW_AT_data_bit_offset
	.byte	19                              @ Abbrev [19] 0xd80:0xe DW_TAG_member
	.long	.Linfo_string234                @ DW_AT_name
	.long	1506                            @ DW_AT_type
	.byte	7                               @ DW_AT_decl_file
	.short	924                             @ DW_AT_decl_line
	.byte	1                               @ DW_AT_bit_size
	.byte	3                               @ DW_AT_data_bit_offset
	.byte	19                              @ Abbrev [19] 0xd8e:0xe DW_TAG_member
	.long	.Linfo_string235                @ DW_AT_name
	.long	1506                            @ DW_AT_type
	.byte	7                               @ DW_AT_decl_file
	.short	925                             @ DW_AT_decl_line
	.byte	1                               @ DW_AT_bit_size
	.byte	4                               @ DW_AT_data_bit_offset
	.byte	19                              @ Abbrev [19] 0xd9c:0xe DW_TAG_member
	.long	.Linfo_string236                @ DW_AT_name
	.long	1506                            @ DW_AT_type
	.byte	7                               @ DW_AT_decl_file
	.short	926                             @ DW_AT_decl_line
	.byte	1                               @ DW_AT_bit_size
	.byte	5                               @ DW_AT_data_bit_offset
	.byte	19                              @ Abbrev [19] 0xdaa:0xe DW_TAG_member
	.long	.Linfo_string237                @ DW_AT_name
	.long	1506                            @ DW_AT_type
	.byte	7                               @ DW_AT_decl_file
	.short	927                             @ DW_AT_decl_line
	.byte	1                               @ DW_AT_bit_size
	.byte	6                               @ DW_AT_data_bit_offset
	.byte	19                              @ Abbrev [19] 0xdb8:0xe DW_TAG_member
	.long	.Linfo_string238                @ DW_AT_name
	.long	1506                            @ DW_AT_type
	.byte	7                               @ DW_AT_decl_file
	.short	928                             @ DW_AT_decl_line
	.byte	1                               @ DW_AT_bit_size
	.byte	7                               @ DW_AT_data_bit_offset
	.byte	19                              @ Abbrev [19] 0xdc6:0xe DW_TAG_member
	.long	.Linfo_string239                @ DW_AT_name
	.long	1506                            @ DW_AT_type
	.byte	7                               @ DW_AT_decl_file
	.short	929                             @ DW_AT_decl_line
	.byte	1                               @ DW_AT_bit_size
	.byte	8                               @ DW_AT_data_bit_offset
	.byte	19                              @ Abbrev [19] 0xdd4:0xe DW_TAG_member
	.long	.Linfo_string240                @ DW_AT_name
	.long	1506                            @ DW_AT_type
	.byte	7                               @ DW_AT_decl_file
	.short	930                             @ DW_AT_decl_line
	.byte	1                               @ DW_AT_bit_size
	.byte	9                               @ DW_AT_data_bit_offset
	.byte	19                              @ Abbrev [19] 0xde2:0xe DW_TAG_member
	.long	.Linfo_string241                @ DW_AT_name
	.long	1506                            @ DW_AT_type
	.byte	7                               @ DW_AT_decl_file
	.short	931                             @ DW_AT_decl_line
	.byte	1                               @ DW_AT_bit_size
	.byte	10                              @ DW_AT_data_bit_offset
	.byte	19                              @ Abbrev [19] 0xdf0:0xe DW_TAG_member
	.long	.Linfo_string242                @ DW_AT_name
	.long	1506                            @ DW_AT_type
	.byte	7                               @ DW_AT_decl_file
	.short	932                             @ DW_AT_decl_line
	.byte	1                               @ DW_AT_bit_size
	.byte	11                              @ DW_AT_data_bit_offset
	.byte	19                              @ Abbrev [19] 0xdfe:0xe DW_TAG_member
	.long	.Linfo_string243                @ DW_AT_name
	.long	1506                            @ DW_AT_type
	.byte	7                               @ DW_AT_decl_file
	.short	933                             @ DW_AT_decl_line
	.byte	1                               @ DW_AT_bit_size
	.byte	12                              @ DW_AT_data_bit_offset
	.byte	19                              @ Abbrev [19] 0xe0c:0xe DW_TAG_member
	.long	.Linfo_string244                @ DW_AT_name
	.long	1506                            @ DW_AT_type
	.byte	7                               @ DW_AT_decl_file
	.short	934                             @ DW_AT_decl_line
	.byte	1                               @ DW_AT_bit_size
	.byte	13                              @ DW_AT_data_bit_offset
	.byte	19                              @ Abbrev [19] 0xe1a:0xe DW_TAG_member
	.long	.Linfo_string245                @ DW_AT_name
	.long	1506                            @ DW_AT_type
	.byte	7                               @ DW_AT_decl_file
	.short	935                             @ DW_AT_decl_line
	.byte	1                               @ DW_AT_bit_size
	.byte	14                              @ DW_AT_data_bit_offset
	.byte	19                              @ Abbrev [19] 0xe28:0xe DW_TAG_member
	.long	.Linfo_string246                @ DW_AT_name
	.long	1506                            @ DW_AT_type
	.byte	7                               @ DW_AT_decl_file
	.short	936                             @ DW_AT_decl_line
	.byte	1                               @ DW_AT_bit_size
	.byte	15                              @ DW_AT_data_bit_offset
	.byte	19                              @ Abbrev [19] 0xe36:0xe DW_TAG_member
	.long	.Linfo_string99                 @ DW_AT_name
	.long	1506                            @ DW_AT_type
	.byte	7                               @ DW_AT_decl_file
	.short	937                             @ DW_AT_decl_line
	.byte	16                              @ DW_AT_bit_size
	.byte	16                              @ DW_AT_data_bit_offset
	.byte	0                               @ End Of Children Mark
	.byte	17                              @ Abbrev [17] 0xe45:0x5 DW_TAG_volatile_type
	.long	3658                            @ DW_AT_type
	.byte	12                              @ Abbrev [12] 0xe4a:0xc DW_TAG_typedef
	.long	3670                            @ DW_AT_type
	.long	.Linfo_string255                @ DW_AT_name
	.byte	7                               @ DW_AT_decl_file
	.short	951                             @ DW_AT_decl_line
	.byte	18                              @ Abbrev [18] 0xe56:0x84 DW_TAG_structure_type
	.byte	4                               @ DW_AT_byte_size
	.byte	7                               @ DW_AT_decl_file
	.short	940                             @ DW_AT_decl_line
	.byte	19                              @ Abbrev [19] 0xe5b:0xe DW_TAG_member
	.long	.Linfo_string250                @ DW_AT_name
	.long	1506                            @ DW_AT_type
	.byte	7                               @ DW_AT_decl_file
	.short	942                             @ DW_AT_decl_line
	.byte	1                               @ DW_AT_bit_size
	.byte	0                               @ DW_AT_data_bit_offset
	.byte	19                              @ Abbrev [19] 0xe69:0xe DW_TAG_member
	.long	.Linfo_string251                @ DW_AT_name
	.long	1506                            @ DW_AT_type
	.byte	7                               @ DW_AT_decl_file
	.short	943                             @ DW_AT_decl_line
	.byte	1                               @ DW_AT_bit_size
	.byte	1                               @ DW_AT_data_bit_offset
	.byte	19                              @ Abbrev [19] 0xe77:0xe DW_TAG_member
	.long	.Linfo_string92                 @ DW_AT_name
	.long	1506                            @ DW_AT_type
	.byte	7                               @ DW_AT_decl_file
	.short	944                             @ DW_AT_decl_line
	.byte	2                               @ DW_AT_bit_size
	.byte	2                               @ DW_AT_data_bit_offset
	.byte	19                              @ Abbrev [19] 0xe85:0xe DW_TAG_member
	.long	.Linfo_string252                @ DW_AT_name
	.long	1506                            @ DW_AT_type
	.byte	7                               @ DW_AT_decl_file
	.short	945                             @ DW_AT_decl_line
	.byte	1                               @ DW_AT_bit_size
	.byte	4                               @ DW_AT_data_bit_offset
	.byte	19                              @ Abbrev [19] 0xe93:0xe DW_TAG_member
	.long	.Linfo_string94                 @ DW_AT_name
	.long	1506                            @ DW_AT_type
	.byte	7                               @ DW_AT_decl_file
	.short	946                             @ DW_AT_decl_line
	.byte	3                               @ DW_AT_bit_size
	.byte	5                               @ DW_AT_data_bit_offset
	.byte	19                              @ Abbrev [19] 0xea1:0xe DW_TAG_member
	.long	.Linfo_string253                @ DW_AT_name
	.long	1506                            @ DW_AT_type
	.byte	7                               @ DW_AT_decl_file
	.short	947                             @ DW_AT_decl_line
	.byte	9                               @ DW_AT_bit_size
	.byte	8                               @ DW_AT_data_bit_offset
	.byte	19                              @ Abbrev [19] 0xeaf:0xe DW_TAG_member
	.long	.Linfo_string97                 @ DW_AT_name
	.long	1506                            @ DW_AT_type
	.byte	7                               @ DW_AT_decl_file
	.short	948                             @ DW_AT_decl_line
	.byte	3                               @ DW_AT_bit_size
	.byte	17                              @ DW_AT_data_bit_offset
	.byte	19                              @ Abbrev [19] 0xebd:0xe DW_TAG_member
	.long	.Linfo_string254                @ DW_AT_name
	.long	1506                            @ DW_AT_type
	.byte	7                               @ DW_AT_decl_file
	.short	949                             @ DW_AT_decl_line
	.byte	1                               @ DW_AT_bit_size
	.byte	20                              @ DW_AT_data_bit_offset
	.byte	19                              @ Abbrev [19] 0xecb:0xe DW_TAG_member
	.long	.Linfo_string99                 @ DW_AT_name
	.long	1506                            @ DW_AT_type
	.byte	7                               @ DW_AT_decl_file
	.short	950                             @ DW_AT_decl_line
	.byte	11                              @ DW_AT_bit_size
	.byte	21                              @ DW_AT_data_bit_offset
	.byte	0                               @ End Of Children Mark
	.byte	17                              @ Abbrev [17] 0xeda:0x5 DW_TAG_volatile_type
	.long	3807                            @ DW_AT_type
	.byte	12                              @ Abbrev [12] 0xedf:0xc DW_TAG_typedef
	.long	3819                            @ DW_AT_type
	.long	.Linfo_string263                @ DW_AT_name
	.byte	7                               @ DW_AT_decl_file
	.short	962                             @ DW_AT_decl_line
	.byte	18                              @ Abbrev [18] 0xeeb:0x68 DW_TAG_structure_type
	.byte	4                               @ DW_AT_byte_size
	.byte	7                               @ DW_AT_decl_file
	.short	953                             @ DW_AT_decl_line
	.byte	19                              @ Abbrev [19] 0xef0:0xe DW_TAG_member
	.long	.Linfo_string258                @ DW_AT_name
	.long	1506                            @ DW_AT_type
	.byte	7                               @ DW_AT_decl_file
	.short	955                             @ DW_AT_decl_line
	.byte	1                               @ DW_AT_bit_size
	.byte	0                               @ DW_AT_data_bit_offset
	.byte	19                              @ Abbrev [19] 0xefe:0xe DW_TAG_member
	.long	.Linfo_string259                @ DW_AT_name
	.long	1506                            @ DW_AT_type
	.byte	7                               @ DW_AT_decl_file
	.short	956                             @ DW_AT_decl_line
	.byte	1                               @ DW_AT_bit_size
	.byte	1                               @ DW_AT_data_bit_offset
	.byte	19                              @ Abbrev [19] 0xf0c:0xe DW_TAG_member
	.long	.Linfo_string97                 @ DW_AT_name
	.long	1506                            @ DW_AT_type
	.byte	7                               @ DW_AT_decl_file
	.short	957                             @ DW_AT_decl_line
	.byte	2                               @ DW_AT_bit_size
	.byte	2                               @ DW_AT_data_bit_offset
	.byte	19                              @ Abbrev [19] 0xf1a:0xe DW_TAG_member
	.long	.Linfo_string260                @ DW_AT_name
	.long	1506                            @ DW_AT_type
	.byte	7                               @ DW_AT_decl_file
	.short	958                             @ DW_AT_decl_line
	.byte	4                               @ DW_AT_bit_size
	.byte	4                               @ DW_AT_data_bit_offset
	.byte	19                              @ Abbrev [19] 0xf28:0xe DW_TAG_member
	.long	.Linfo_string261                @ DW_AT_name
	.long	1506                            @ DW_AT_type
	.byte	7                               @ DW_AT_decl_file
	.short	959                             @ DW_AT_decl_line
	.byte	2                               @ DW_AT_bit_size
	.byte	8                               @ DW_AT_data_bit_offset
	.byte	19                              @ Abbrev [19] 0xf36:0xe DW_TAG_member
	.long	.Linfo_string262                @ DW_AT_name
	.long	1506                            @ DW_AT_type
	.byte	7                               @ DW_AT_decl_file
	.short	960                             @ DW_AT_decl_line
	.byte	2                               @ DW_AT_bit_size
	.byte	10                              @ DW_AT_data_bit_offset
	.byte	19                              @ Abbrev [19] 0xf44:0xe DW_TAG_member
	.long	.Linfo_string99                 @ DW_AT_name
	.long	1506                            @ DW_AT_type
	.byte	7                               @ DW_AT_decl_file
	.short	961                             @ DW_AT_decl_line
	.byte	20                              @ DW_AT_bit_size
	.byte	12                              @ DW_AT_data_bit_offset
	.byte	0                               @ End Of Children Mark
	.byte	17                              @ Abbrev [17] 0xf53:0x5 DW_TAG_volatile_type
	.long	3928                            @ DW_AT_type
	.byte	12                              @ Abbrev [12] 0xf58:0xc DW_TAG_typedef
	.long	3940                            @ DW_AT_type
	.long	.Linfo_string271                @ DW_AT_name
	.byte	7                               @ DW_AT_decl_file
	.short	973                             @ DW_AT_decl_line
	.byte	18                              @ Abbrev [18] 0xf64:0x68 DW_TAG_structure_type
	.byte	4                               @ DW_AT_byte_size
	.byte	7                               @ DW_AT_decl_file
	.short	964                             @ DW_AT_decl_line
	.byte	19                              @ Abbrev [19] 0xf69:0xe DW_TAG_member
	.long	.Linfo_string266                @ DW_AT_name
	.long	1506                            @ DW_AT_type
	.byte	7                               @ DW_AT_decl_file
	.short	966                             @ DW_AT_decl_line
	.byte	1                               @ DW_AT_bit_size
	.byte	0                               @ DW_AT_data_bit_offset
	.byte	19                              @ Abbrev [19] 0xf77:0xe DW_TAG_member
	.long	.Linfo_string267                @ DW_AT_name
	.long	1506                            @ DW_AT_type
	.byte	7                               @ DW_AT_decl_file
	.short	967                             @ DW_AT_decl_line
	.byte	1                               @ DW_AT_bit_size
	.byte	1                               @ DW_AT_data_bit_offset
	.byte	19                              @ Abbrev [19] 0xf85:0xe DW_TAG_member
	.long	.Linfo_string97                 @ DW_AT_name
	.long	1506                            @ DW_AT_type
	.byte	7                               @ DW_AT_decl_file
	.short	968                             @ DW_AT_decl_line
	.byte	2                               @ DW_AT_bit_size
	.byte	2                               @ DW_AT_data_bit_offset
	.byte	19                              @ Abbrev [19] 0xf93:0xe DW_TAG_member
	.long	.Linfo_string268                @ DW_AT_name
	.long	1506                            @ DW_AT_type
	.byte	7                               @ DW_AT_decl_file
	.short	969                             @ DW_AT_decl_line
	.byte	4                               @ DW_AT_bit_size
	.byte	4                               @ DW_AT_data_bit_offset
	.byte	19                              @ Abbrev [19] 0xfa1:0xe DW_TAG_member
	.long	.Linfo_string269                @ DW_AT_name
	.long	1506                            @ DW_AT_type
	.byte	7                               @ DW_AT_decl_file
	.short	970                             @ DW_AT_decl_line
	.byte	2                               @ DW_AT_bit_size
	.byte	8                               @ DW_AT_data_bit_offset
	.byte	19                              @ Abbrev [19] 0xfaf:0xe DW_TAG_member
	.long	.Linfo_string270                @ DW_AT_name
	.long	1506                            @ DW_AT_type
	.byte	7                               @ DW_AT_decl_file
	.short	971                             @ DW_AT_decl_line
	.byte	2                               @ DW_AT_bit_size
	.byte	10                              @ DW_AT_data_bit_offset
	.byte	19                              @ Abbrev [19] 0xfbd:0xe DW_TAG_member
	.long	.Linfo_string99                 @ DW_AT_name
	.long	1506                            @ DW_AT_type
	.byte	7                               @ DW_AT_decl_file
	.short	972                             @ DW_AT_decl_line
	.byte	20                              @ DW_AT_bit_size
	.byte	12                              @ DW_AT_data_bit_offset
	.byte	0                               @ End Of Children Mark
	.byte	17                              @ Abbrev [17] 0xfcc:0x5 DW_TAG_volatile_type
	.long	4049                            @ DW_AT_type
	.byte	12                              @ Abbrev [12] 0xfd1:0xc DW_TAG_typedef
	.long	4061                            @ DW_AT_type
	.long	.Linfo_string279                @ DW_AT_name
	.byte	7                               @ DW_AT_decl_file
	.short	984                             @ DW_AT_decl_line
	.byte	18                              @ Abbrev [18] 0xfdd:0x68 DW_TAG_structure_type
	.byte	4                               @ DW_AT_byte_size
	.byte	7                               @ DW_AT_decl_file
	.short	975                             @ DW_AT_decl_line
	.byte	19                              @ Abbrev [19] 0xfe2:0xe DW_TAG_member
	.long	.Linfo_string274                @ DW_AT_name
	.long	1506                            @ DW_AT_type
	.byte	7                               @ DW_AT_decl_file
	.short	977                             @ DW_AT_decl_line
	.byte	1                               @ DW_AT_bit_size
	.byte	0                               @ DW_AT_data_bit_offset
	.byte	19                              @ Abbrev [19] 0xff0:0xe DW_TAG_member
	.long	.Linfo_string275                @ DW_AT_name
	.long	1506                            @ DW_AT_type
	.byte	7                               @ DW_AT_decl_file
	.short	978                             @ DW_AT_decl_line
	.byte	1                               @ DW_AT_bit_size
	.byte	1                               @ DW_AT_data_bit_offset
	.byte	19                              @ Abbrev [19] 0xffe:0xe DW_TAG_member
	.long	.Linfo_string97                 @ DW_AT_name
	.long	1506                            @ DW_AT_type
	.byte	7                               @ DW_AT_decl_file
	.short	979                             @ DW_AT_decl_line
	.byte	2                               @ DW_AT_bit_size
	.byte	2                               @ DW_AT_data_bit_offset
	.byte	19                              @ Abbrev [19] 0x100c:0xe DW_TAG_member
	.long	.Linfo_string276                @ DW_AT_name
	.long	1506                            @ DW_AT_type
	.byte	7                               @ DW_AT_decl_file
	.short	980                             @ DW_AT_decl_line
	.byte	4                               @ DW_AT_bit_size
	.byte	4                               @ DW_AT_data_bit_offset
	.byte	19                              @ Abbrev [19] 0x101a:0xe DW_TAG_member
	.long	.Linfo_string277                @ DW_AT_name
	.long	1506                            @ DW_AT_type
	.byte	7                               @ DW_AT_decl_file
	.short	981                             @ DW_AT_decl_line
	.byte	2                               @ DW_AT_bit_size
	.byte	8                               @ DW_AT_data_bit_offset
	.byte	19                              @ Abbrev [19] 0x1028:0xe DW_TAG_member
	.long	.Linfo_string278                @ DW_AT_name
	.long	1506                            @ DW_AT_type
	.byte	7                               @ DW_AT_decl_file
	.short	982                             @ DW_AT_decl_line
	.byte	2                               @ DW_AT_bit_size
	.byte	10                              @ DW_AT_data_bit_offset
	.byte	19                              @ Abbrev [19] 0x1036:0xe DW_TAG_member
	.long	.Linfo_string99                 @ DW_AT_name
	.long	1506                            @ DW_AT_type
	.byte	7                               @ DW_AT_decl_file
	.short	983                             @ DW_AT_decl_line
	.byte	20                              @ DW_AT_bit_size
	.byte	12                              @ DW_AT_data_bit_offset
	.byte	0                               @ End Of Children Mark
	.byte	20                              @ Abbrev [20] 0x1045:0xc DW_TAG_array_type
	.long	78                              @ DW_AT_type
	.byte	21                              @ Abbrev [21] 0x104a:0x6 DW_TAG_subrange_type
	.long	4177                            @ DW_AT_type
	.byte	45                              @ DW_AT_count
	.byte	0                               @ End Of Children Mark
	.byte	22                              @ Abbrev [22] 0x1051:0x7 DW_TAG_base_type
	.long	.Linfo_string280                @ DW_AT_name
	.byte	8                               @ DW_AT_byte_size
	.byte	7                               @ DW_AT_encoding
	.byte	17                              @ Abbrev [17] 0x1058:0x5 DW_TAG_volatile_type
	.long	4189                            @ DW_AT_type
	.byte	12                              @ Abbrev [12] 0x105d:0xc DW_TAG_typedef
	.long	4201                            @ DW_AT_type
	.long	.Linfo_string283                @ DW_AT_name
	.byte	7                               @ DW_AT_decl_file
	.short	990                             @ DW_AT_decl_line
	.byte	18                              @ Abbrev [18] 0x1069:0x22 DW_TAG_structure_type
	.byte	4                               @ DW_AT_byte_size
	.byte	7                               @ DW_AT_decl_file
	.short	986                             @ DW_AT_decl_line
	.byte	19                              @ Abbrev [19] 0x106e:0xe DW_TAG_member
	.long	.Linfo_string281                @ DW_AT_name
	.long	1506                            @ DW_AT_type
	.byte	7                               @ DW_AT_decl_file
	.short	988                             @ DW_AT_decl_line
	.byte	1                               @ DW_AT_bit_size
	.byte	0                               @ DW_AT_data_bit_offset
	.byte	19                              @ Abbrev [19] 0x107c:0xe DW_TAG_member
	.long	.Linfo_string99                 @ DW_AT_name
	.long	1506                            @ DW_AT_type
	.byte	7                               @ DW_AT_decl_file
	.short	989                             @ DW_AT_decl_line
	.byte	31                              @ DW_AT_bit_size
	.byte	1                               @ DW_AT_data_bit_offset
	.byte	0                               @ End Of Children Mark
	.byte	4                               @ Abbrev [4] 0x108b:0x5 DW_TAG_pointer_type
	.long	2238                            @ DW_AT_type
	.byte	4                               @ Abbrev [4] 0x1090:0x5 DW_TAG_pointer_type
	.long	4245                            @ DW_AT_type
	.byte	12                              @ Abbrev [12] 0x1095:0xc DW_TAG_typedef
	.long	4257                            @ DW_AT_type
	.long	.Linfo_string393                @ DW_AT_name
	.byte	8                               @ DW_AT_decl_file
	.short	622                             @ DW_AT_decl_line
	.byte	13                              @ Abbrev [13] 0x10a1:0x2a4 DW_TAG_structure_type
	.short	256                             @ DW_AT_byte_size
	.byte	8                               @ DW_AT_decl_file
	.short	522                             @ DW_AT_decl_line
	.byte	14                              @ Abbrev [14] 0x10a7:0x9 DW_TAG_member
	.long	4272                            @ DW_AT_type
	.byte	8                               @ DW_AT_decl_file
	.short	524                             @ DW_AT_decl_line
	.byte	0                               @ DW_AT_data_member_location
	.byte	15                              @ Abbrev [15] 0x10b0:0x20 DW_TAG_union_type
	.byte	4                               @ DW_AT_byte_size
	.byte	8                               @ DW_AT_decl_file
	.short	524                             @ DW_AT_decl_line
	.byte	16                              @ Abbrev [16] 0x10b5:0xd DW_TAG_member
	.long	.Linfo_string285                @ DW_AT_name
	.long	1506                            @ DW_AT_type
	.byte	8                               @ DW_AT_decl_file
	.short	526                             @ DW_AT_decl_line
	.byte	0                               @ DW_AT_data_member_location
	.byte	16                              @ Abbrev [16] 0x10c2:0xd DW_TAG_member
	.long	.Linfo_string286                @ DW_AT_name
	.long	4933                            @ DW_AT_type
	.byte	8                               @ DW_AT_decl_file
	.short	527                             @ DW_AT_decl_line
	.byte	0                               @ DW_AT_data_member_location
	.byte	0                               @ End Of Children Mark
	.byte	14                              @ Abbrev [14] 0x10d0:0x9 DW_TAG_member
	.long	4313                            @ DW_AT_type
	.byte	8                               @ DW_AT_decl_file
	.short	530                             @ DW_AT_decl_line
	.byte	4                               @ DW_AT_data_member_location
	.byte	15                              @ Abbrev [15] 0x10d9:0x20 DW_TAG_union_type
	.byte	4                               @ DW_AT_byte_size
	.byte	8                               @ DW_AT_decl_file
	.short	530                             @ DW_AT_decl_line
	.byte	16                              @ Abbrev [16] 0x10de:0xd DW_TAG_member
	.long	.Linfo_string292                @ DW_AT_name
	.long	1506                            @ DW_AT_type
	.byte	8                               @ DW_AT_decl_file
	.short	532                             @ DW_AT_decl_line
	.byte	0                               @ DW_AT_data_member_location
	.byte	16                              @ Abbrev [16] 0x10eb:0xd DW_TAG_member
	.long	.Linfo_string293                @ DW_AT_name
	.long	5040                            @ DW_AT_type
	.byte	8                               @ DW_AT_decl_file
	.short	533                             @ DW_AT_decl_line
	.byte	0                               @ DW_AT_data_member_location
	.byte	0                               @ End Of Children Mark
	.byte	14                              @ Abbrev [14] 0x10f9:0x9 DW_TAG_member
	.long	4354                            @ DW_AT_type
	.byte	8                               @ DW_AT_decl_file
	.short	536                             @ DW_AT_decl_line
	.byte	8                               @ DW_AT_data_member_location
	.byte	15                              @ Abbrev [15] 0x1102:0x20 DW_TAG_union_type
	.byte	4                               @ DW_AT_byte_size
	.byte	8                               @ DW_AT_decl_file
	.short	536                             @ DW_AT_decl_line
	.byte	16                              @ Abbrev [16] 0x1107:0xd DW_TAG_member
	.long	.Linfo_string299                @ DW_AT_name
	.long	1506                            @ DW_AT_type
	.byte	8                               @ DW_AT_decl_file
	.short	538                             @ DW_AT_decl_line
	.byte	0                               @ DW_AT_data_member_location
	.byte	16                              @ Abbrev [16] 0x1114:0xd DW_TAG_member
	.long	.Linfo_string300                @ DW_AT_name
	.long	5147                            @ DW_AT_type
	.byte	8                               @ DW_AT_decl_file
	.short	539                             @ DW_AT_decl_line
	.byte	0                               @ DW_AT_data_member_location
	.byte	0                               @ End Of Children Mark
	.byte	14                              @ Abbrev [14] 0x1122:0x9 DW_TAG_member
	.long	4395                            @ DW_AT_type
	.byte	8                               @ DW_AT_decl_file
	.short	542                             @ DW_AT_decl_line
	.byte	12                              @ DW_AT_data_member_location
	.byte	15                              @ Abbrev [15] 0x112b:0x20 DW_TAG_union_type
	.byte	4                               @ DW_AT_byte_size
	.byte	8                               @ DW_AT_decl_file
	.short	542                             @ DW_AT_decl_line
	.byte	16                              @ Abbrev [16] 0x1130:0xd DW_TAG_member
	.long	.Linfo_string305                @ DW_AT_name
	.long	1506                            @ DW_AT_type
	.byte	8                               @ DW_AT_decl_file
	.short	544                             @ DW_AT_decl_line
	.byte	0                               @ DW_AT_data_member_location
	.byte	16                              @ Abbrev [16] 0x113d:0xd DW_TAG_member
	.long	.Linfo_string306                @ DW_AT_name
	.long	5254                            @ DW_AT_type
	.byte	8                               @ DW_AT_decl_file
	.short	545                             @ DW_AT_decl_line
	.byte	0                               @ DW_AT_data_member_location
	.byte	0                               @ End Of Children Mark
	.byte	14                              @ Abbrev [14] 0x114b:0x9 DW_TAG_member
	.long	4436                            @ DW_AT_type
	.byte	8                               @ DW_AT_decl_file
	.short	548                             @ DW_AT_decl_line
	.byte	16                              @ DW_AT_data_member_location
	.byte	15                              @ Abbrev [15] 0x1154:0x20 DW_TAG_union_type
	.byte	4                               @ DW_AT_byte_size
	.byte	8                               @ DW_AT_decl_file
	.short	548                             @ DW_AT_decl_line
	.byte	16                              @ Abbrev [16] 0x1159:0xd DW_TAG_member
	.long	.Linfo_string313                @ DW_AT_name
	.long	1506                            @ DW_AT_type
	.byte	8                               @ DW_AT_decl_file
	.short	550                             @ DW_AT_decl_line
	.byte	0                               @ DW_AT_data_member_location
	.byte	16                              @ Abbrev [16] 0x1166:0xd DW_TAG_member
	.long	.Linfo_string314                @ DW_AT_name
	.long	5361                            @ DW_AT_type
	.byte	8                               @ DW_AT_decl_file
	.short	551                             @ DW_AT_decl_line
	.byte	0                               @ DW_AT_data_member_location
	.byte	0                               @ End Of Children Mark
	.byte	14                              @ Abbrev [14] 0x1174:0x9 DW_TAG_member
	.long	4477                            @ DW_AT_type
	.byte	8                               @ DW_AT_decl_file
	.short	554                             @ DW_AT_decl_line
	.byte	20                              @ DW_AT_data_member_location
	.byte	15                              @ Abbrev [15] 0x117d:0x20 DW_TAG_union_type
	.byte	4                               @ DW_AT_byte_size
	.byte	8                               @ DW_AT_decl_file
	.short	554                             @ DW_AT_decl_line
	.byte	16                              @ Abbrev [16] 0x1182:0xd DW_TAG_member
	.long	.Linfo_string318                @ DW_AT_name
	.long	1506                            @ DW_AT_type
	.byte	8                               @ DW_AT_decl_file
	.short	556                             @ DW_AT_decl_line
	.byte	0                               @ DW_AT_data_member_location
	.byte	16                              @ Abbrev [16] 0x118f:0xd DW_TAG_member
	.long	.Linfo_string319                @ DW_AT_name
	.long	5426                            @ DW_AT_type
	.byte	8                               @ DW_AT_decl_file
	.short	557                             @ DW_AT_decl_line
	.byte	0                               @ DW_AT_data_member_location
	.byte	0                               @ End Of Children Mark
	.byte	14                              @ Abbrev [14] 0x119d:0x9 DW_TAG_member
	.long	4518                            @ DW_AT_type
	.byte	8                               @ DW_AT_decl_file
	.short	560                             @ DW_AT_decl_line
	.byte	24                              @ DW_AT_data_member_location
	.byte	15                              @ Abbrev [15] 0x11a6:0x20 DW_TAG_union_type
	.byte	4                               @ DW_AT_byte_size
	.byte	8                               @ DW_AT_decl_file
	.short	560                             @ DW_AT_decl_line
	.byte	16                              @ Abbrev [16] 0x11ab:0xd DW_TAG_member
	.long	.Linfo_string322                @ DW_AT_name
	.long	1506                            @ DW_AT_type
	.byte	8                               @ DW_AT_decl_file
	.short	562                             @ DW_AT_decl_line
	.byte	0                               @ DW_AT_data_member_location
	.byte	16                              @ Abbrev [16] 0x11b8:0xd DW_TAG_member
	.long	.Linfo_string323                @ DW_AT_name
	.long	5491                            @ DW_AT_type
	.byte	8                               @ DW_AT_decl_file
	.short	563                             @ DW_AT_decl_line
	.byte	0                               @ DW_AT_data_member_location
	.byte	0                               @ End Of Children Mark
	.byte	14                              @ Abbrev [14] 0x11c6:0x9 DW_TAG_member
	.long	4559                            @ DW_AT_type
	.byte	8                               @ DW_AT_decl_file
	.short	566                             @ DW_AT_decl_line
	.byte	28                              @ DW_AT_data_member_location
	.byte	15                              @ Abbrev [15] 0x11cf:0x20 DW_TAG_union_type
	.byte	4                               @ DW_AT_byte_size
	.byte	8                               @ DW_AT_decl_file
	.short	566                             @ DW_AT_decl_line
	.byte	16                              @ Abbrev [16] 0x11d4:0xd DW_TAG_member
	.long	.Linfo_string330                @ DW_AT_name
	.long	1506                            @ DW_AT_type
	.byte	8                               @ DW_AT_decl_file
	.short	568                             @ DW_AT_decl_line
	.byte	0                               @ DW_AT_data_member_location
	.byte	16                              @ Abbrev [16] 0x11e1:0xd DW_TAG_member
	.long	.Linfo_string331                @ DW_AT_name
	.long	5598                            @ DW_AT_type
	.byte	8                               @ DW_AT_decl_file
	.short	569                             @ DW_AT_decl_line
	.byte	0                               @ DW_AT_data_member_location
	.byte	0                               @ End Of Children Mark
	.byte	14                              @ Abbrev [14] 0x11ef:0x9 DW_TAG_member
	.long	4600                            @ DW_AT_type
	.byte	8                               @ DW_AT_decl_file
	.short	572                             @ DW_AT_decl_line
	.byte	32                              @ DW_AT_data_member_location
	.byte	15                              @ Abbrev [15] 0x11f8:0x20 DW_TAG_union_type
	.byte	4                               @ DW_AT_byte_size
	.byte	8                               @ DW_AT_decl_file
	.short	572                             @ DW_AT_decl_line
	.byte	16                              @ Abbrev [16] 0x11fd:0xd DW_TAG_member
	.long	.Linfo_string337                @ DW_AT_name
	.long	1506                            @ DW_AT_type
	.byte	8                               @ DW_AT_decl_file
	.short	574                             @ DW_AT_decl_line
	.byte	0                               @ DW_AT_data_member_location
	.byte	16                              @ Abbrev [16] 0x120a:0xd DW_TAG_member
	.long	.Linfo_string338                @ DW_AT_name
	.long	5705                            @ DW_AT_type
	.byte	8                               @ DW_AT_decl_file
	.short	575                             @ DW_AT_decl_line
	.byte	0                               @ DW_AT_data_member_location
	.byte	0                               @ End Of Children Mark
	.byte	14                              @ Abbrev [14] 0x1218:0x9 DW_TAG_member
	.long	4641                            @ DW_AT_type
	.byte	8                               @ DW_AT_decl_file
	.short	578                             @ DW_AT_decl_line
	.byte	36                              @ DW_AT_data_member_location
	.byte	15                              @ Abbrev [15] 0x1221:0x20 DW_TAG_union_type
	.byte	4                               @ DW_AT_byte_size
	.byte	8                               @ DW_AT_decl_file
	.short	578                             @ DW_AT_decl_line
	.byte	16                              @ Abbrev [16] 0x1226:0xd DW_TAG_member
	.long	.Linfo_string344                @ DW_AT_name
	.long	1506                            @ DW_AT_type
	.byte	8                               @ DW_AT_decl_file
	.short	580                             @ DW_AT_decl_line
	.byte	0                               @ DW_AT_data_member_location
	.byte	16                              @ Abbrev [16] 0x1233:0xd DW_TAG_member
	.long	.Linfo_string345                @ DW_AT_name
	.long	5812                            @ DW_AT_type
	.byte	8                               @ DW_AT_decl_file
	.short	581                             @ DW_AT_decl_line
	.byte	0                               @ DW_AT_data_member_location
	.byte	0                               @ End Of Children Mark
	.byte	14                              @ Abbrev [14] 0x1241:0x9 DW_TAG_member
	.long	4682                            @ DW_AT_type
	.byte	8                               @ DW_AT_decl_file
	.short	584                             @ DW_AT_decl_line
	.byte	40                              @ DW_AT_data_member_location
	.byte	15                              @ Abbrev [15] 0x124a:0x20 DW_TAG_union_type
	.byte	4                               @ DW_AT_byte_size
	.byte	8                               @ DW_AT_decl_file
	.short	584                             @ DW_AT_decl_line
	.byte	16                              @ Abbrev [16] 0x124f:0xd DW_TAG_member
	.long	.Linfo_string352                @ DW_AT_name
	.long	1506                            @ DW_AT_type
	.byte	8                               @ DW_AT_decl_file
	.short	586                             @ DW_AT_decl_line
	.byte	0                               @ DW_AT_data_member_location
	.byte	16                              @ Abbrev [16] 0x125c:0xd DW_TAG_member
	.long	.Linfo_string353                @ DW_AT_name
	.long	5919                            @ DW_AT_type
	.byte	8                               @ DW_AT_decl_file
	.short	587                             @ DW_AT_decl_line
	.byte	0                               @ DW_AT_data_member_location
	.byte	0                               @ End Of Children Mark
	.byte	14                              @ Abbrev [14] 0x126a:0x9 DW_TAG_member
	.long	4723                            @ DW_AT_type
	.byte	8                               @ DW_AT_decl_file
	.short	590                             @ DW_AT_decl_line
	.byte	44                              @ DW_AT_data_member_location
	.byte	15                              @ Abbrev [15] 0x1273:0x20 DW_TAG_union_type
	.byte	4                               @ DW_AT_byte_size
	.byte	8                               @ DW_AT_decl_file
	.short	590                             @ DW_AT_decl_line
	.byte	16                              @ Abbrev [16] 0x1278:0xd DW_TAG_member
	.long	.Linfo_string357                @ DW_AT_name
	.long	1506                            @ DW_AT_type
	.byte	8                               @ DW_AT_decl_file
	.short	592                             @ DW_AT_decl_line
	.byte	0                               @ DW_AT_data_member_location
	.byte	16                              @ Abbrev [16] 0x1285:0xd DW_TAG_member
	.long	.Linfo_string358                @ DW_AT_name
	.long	5984                            @ DW_AT_type
	.byte	8                               @ DW_AT_decl_file
	.short	593                             @ DW_AT_decl_line
	.byte	0                               @ DW_AT_data_member_location
	.byte	0                               @ End Of Children Mark
	.byte	14                              @ Abbrev [14] 0x1293:0x9 DW_TAG_member
	.long	4764                            @ DW_AT_type
	.byte	8                               @ DW_AT_decl_file
	.short	596                             @ DW_AT_decl_line
	.byte	48                              @ DW_AT_data_member_location
	.byte	15                              @ Abbrev [15] 0x129c:0x20 DW_TAG_union_type
	.byte	4                               @ DW_AT_byte_size
	.byte	8                               @ DW_AT_decl_file
	.short	596                             @ DW_AT_decl_line
	.byte	16                              @ Abbrev [16] 0x12a1:0xd DW_TAG_member
	.long	.Linfo_string364                @ DW_AT_name
	.long	1506                            @ DW_AT_type
	.byte	8                               @ DW_AT_decl_file
	.short	598                             @ DW_AT_decl_line
	.byte	0                               @ DW_AT_data_member_location
	.byte	16                              @ Abbrev [16] 0x12ae:0xd DW_TAG_member
	.long	.Linfo_string365                @ DW_AT_name
	.long	6091                            @ DW_AT_type
	.byte	8                               @ DW_AT_decl_file
	.short	599                             @ DW_AT_decl_line
	.byte	0                               @ DW_AT_data_member_location
	.byte	0                               @ End Of Children Mark
	.byte	14                              @ Abbrev [14] 0x12bc:0x9 DW_TAG_member
	.long	4805                            @ DW_AT_type
	.byte	8                               @ DW_AT_decl_file
	.short	602                             @ DW_AT_decl_line
	.byte	52                              @ DW_AT_data_member_location
	.byte	15                              @ Abbrev [15] 0x12c5:0x20 DW_TAG_union_type
	.byte	4                               @ DW_AT_byte_size
	.byte	8                               @ DW_AT_decl_file
	.short	602                             @ DW_AT_decl_line
	.byte	16                              @ Abbrev [16] 0x12ca:0xd DW_TAG_member
	.long	.Linfo_string372                @ DW_AT_name
	.long	1506                            @ DW_AT_type
	.byte	8                               @ DW_AT_decl_file
	.short	604                             @ DW_AT_decl_line
	.byte	0                               @ DW_AT_data_member_location
	.byte	16                              @ Abbrev [16] 0x12d7:0xd DW_TAG_member
	.long	.Linfo_string373                @ DW_AT_name
	.long	6198                            @ DW_AT_type
	.byte	8                               @ DW_AT_decl_file
	.short	605                             @ DW_AT_decl_line
	.byte	0                               @ DW_AT_data_member_location
	.byte	0                               @ End Of Children Mark
	.byte	14                              @ Abbrev [14] 0x12e5:0x9 DW_TAG_member
	.long	4846                            @ DW_AT_type
	.byte	8                               @ DW_AT_decl_file
	.short	608                             @ DW_AT_decl_line
	.byte	56                              @ DW_AT_data_member_location
	.byte	15                              @ Abbrev [15] 0x12ee:0x20 DW_TAG_union_type
	.byte	4                               @ DW_AT_byte_size
	.byte	8                               @ DW_AT_decl_file
	.short	608                             @ DW_AT_decl_line
	.byte	16                              @ Abbrev [16] 0x12f3:0xd DW_TAG_member
	.long	.Linfo_string379                @ DW_AT_name
	.long	1506                            @ DW_AT_type
	.byte	8                               @ DW_AT_decl_file
	.short	610                             @ DW_AT_decl_line
	.byte	0                               @ DW_AT_data_member_location
	.byte	16                              @ Abbrev [16] 0x1300:0xd DW_TAG_member
	.long	.Linfo_string380                @ DW_AT_name
	.long	6305                            @ DW_AT_type
	.byte	8                               @ DW_AT_decl_file
	.short	611                             @ DW_AT_decl_line
	.byte	0                               @ DW_AT_data_member_location
	.byte	0                               @ End Of Children Mark
	.byte	16                              @ Abbrev [16] 0x130e:0xd DW_TAG_member
	.long	.Linfo_string99                 @ DW_AT_name
	.long	6496                            @ DW_AT_type
	.byte	8                               @ DW_AT_decl_file
	.short	614                             @ DW_AT_decl_line
	.byte	60                              @ DW_AT_data_member_location
	.byte	14                              @ Abbrev [14] 0x131b:0x9 DW_TAG_member
	.long	4900                            @ DW_AT_type
	.byte	8                               @ DW_AT_decl_file
	.short	616                             @ DW_AT_decl_line
	.byte	252                             @ DW_AT_data_member_location
	.byte	15                              @ Abbrev [15] 0x1324:0x20 DW_TAG_union_type
	.byte	4                               @ DW_AT_byte_size
	.byte	8                               @ DW_AT_decl_file
	.short	616                             @ DW_AT_decl_line
	.byte	16                              @ Abbrev [16] 0x1329:0xd DW_TAG_member
	.long	.Linfo_string390                @ DW_AT_name
	.long	1506                            @ DW_AT_type
	.byte	8                               @ DW_AT_decl_file
	.short	618                             @ DW_AT_decl_line
	.byte	0                               @ DW_AT_data_member_location
	.byte	16                              @ Abbrev [16] 0x1336:0xd DW_TAG_member
	.long	.Linfo_string391                @ DW_AT_name
	.long	6508                            @ DW_AT_type
	.byte	8                               @ DW_AT_decl_file
	.short	619                             @ DW_AT_decl_line
	.byte	0                               @ DW_AT_data_member_location
	.byte	0                               @ End Of Children Mark
	.byte	0                               @ End Of Children Mark
	.byte	17                              @ Abbrev [17] 0x1345:0x5 DW_TAG_volatile_type
	.long	4938                            @ DW_AT_type
	.byte	12                              @ Abbrev [12] 0x134a:0xc DW_TAG_typedef
	.long	4950                            @ DW_AT_type
	.long	.Linfo_string291                @ DW_AT_name
	.byte	8                               @ DW_AT_decl_file
	.short	376                             @ DW_AT_decl_line
	.byte	18                              @ Abbrev [18] 0x1356:0x5a DW_TAG_structure_type
	.byte	4                               @ DW_AT_byte_size
	.byte	8                               @ DW_AT_decl_file
	.short	368                             @ DW_AT_decl_line
	.byte	19                              @ Abbrev [19] 0x135b:0xe DW_TAG_member
	.long	.Linfo_string287                @ DW_AT_name
	.long	1506                            @ DW_AT_type
	.byte	8                               @ DW_AT_decl_file
	.short	370                             @ DW_AT_decl_line
	.byte	1                               @ DW_AT_bit_size
	.byte	0                               @ DW_AT_data_bit_offset
	.byte	19                              @ Abbrev [19] 0x1369:0xe DW_TAG_member
	.long	.Linfo_string97                 @ DW_AT_name
	.long	1506                            @ DW_AT_type
	.byte	8                               @ DW_AT_decl_file
	.short	371                             @ DW_AT_decl_line
	.byte	2                               @ DW_AT_bit_size
	.byte	1                               @ DW_AT_data_bit_offset
	.byte	19                              @ Abbrev [19] 0x1377:0xe DW_TAG_member
	.long	.Linfo_string288                @ DW_AT_name
	.long	1506                            @ DW_AT_type
	.byte	8                               @ DW_AT_decl_file
	.short	372                             @ DW_AT_decl_line
	.byte	1                               @ DW_AT_bit_size
	.byte	3                               @ DW_AT_data_bit_offset
	.byte	19                              @ Abbrev [19] 0x1385:0xe DW_TAG_member
	.long	.Linfo_string289                @ DW_AT_name
	.long	1506                            @ DW_AT_type
	.byte	8                               @ DW_AT_decl_file
	.short	373                             @ DW_AT_decl_line
	.byte	4                               @ DW_AT_bit_size
	.byte	4                               @ DW_AT_data_bit_offset
	.byte	19                              @ Abbrev [19] 0x1393:0xe DW_TAG_member
	.long	.Linfo_string290                @ DW_AT_name
	.long	1506                            @ DW_AT_type
	.byte	8                               @ DW_AT_decl_file
	.short	374                             @ DW_AT_decl_line
	.byte	1                               @ DW_AT_bit_size
	.byte	8                               @ DW_AT_data_bit_offset
	.byte	19                              @ Abbrev [19] 0x13a1:0xe DW_TAG_member
	.long	.Linfo_string99                 @ DW_AT_name
	.long	1506                            @ DW_AT_type
	.byte	8                               @ DW_AT_decl_file
	.short	375                             @ DW_AT_decl_line
	.byte	23                              @ DW_AT_bit_size
	.byte	9                               @ DW_AT_data_bit_offset
	.byte	0                               @ End Of Children Mark
	.byte	17                              @ Abbrev [17] 0x13b0:0x5 DW_TAG_volatile_type
	.long	5045                            @ DW_AT_type
	.byte	12                              @ Abbrev [12] 0x13b5:0xc DW_TAG_typedef
	.long	5057                            @ DW_AT_type
	.long	.Linfo_string298                @ DW_AT_name
	.byte	8                               @ DW_AT_decl_file
	.short	386                             @ DW_AT_decl_line
	.byte	18                              @ Abbrev [18] 0x13c1:0x5a DW_TAG_structure_type
	.byte	4                               @ DW_AT_byte_size
	.byte	8                               @ DW_AT_decl_file
	.short	378                             @ DW_AT_decl_line
	.byte	19                              @ Abbrev [19] 0x13c6:0xe DW_TAG_member
	.long	.Linfo_string294                @ DW_AT_name
	.long	1506                            @ DW_AT_type
	.byte	8                               @ DW_AT_decl_file
	.short	380                             @ DW_AT_decl_line
	.byte	3                               @ DW_AT_bit_size
	.byte	0                               @ DW_AT_data_bit_offset
	.byte	19                              @ Abbrev [19] 0x13d4:0xe DW_TAG_member
	.long	.Linfo_string295                @ DW_AT_name
	.long	1506                            @ DW_AT_type
	.byte	8                               @ DW_AT_decl_file
	.short	381                             @ DW_AT_decl_line
	.byte	1                               @ DW_AT_bit_size
	.byte	3                               @ DW_AT_data_bit_offset
	.byte	19                              @ Abbrev [19] 0x13e2:0xe DW_TAG_member
	.long	.Linfo_string97                 @ DW_AT_name
	.long	1506                            @ DW_AT_type
	.byte	8                               @ DW_AT_decl_file
	.short	382                             @ DW_AT_decl_line
	.byte	4                               @ DW_AT_bit_size
	.byte	4                               @ DW_AT_data_bit_offset
	.byte	19                              @ Abbrev [19] 0x13f0:0xe DW_TAG_member
	.long	.Linfo_string296                @ DW_AT_name
	.long	1506                            @ DW_AT_type
	.byte	8                               @ DW_AT_decl_file
	.short	383                             @ DW_AT_decl_line
	.byte	1                               @ DW_AT_bit_size
	.byte	8                               @ DW_AT_data_bit_offset
	.byte	19                              @ Abbrev [19] 0x13fe:0xe DW_TAG_member
	.long	.Linfo_string297                @ DW_AT_name
	.long	1506                            @ DW_AT_type
	.byte	8                               @ DW_AT_decl_file
	.short	384                             @ DW_AT_decl_line
	.byte	1                               @ DW_AT_bit_size
	.byte	9                               @ DW_AT_data_bit_offset
	.byte	19                              @ Abbrev [19] 0x140c:0xe DW_TAG_member
	.long	.Linfo_string99                 @ DW_AT_name
	.long	1506                            @ DW_AT_type
	.byte	8                               @ DW_AT_decl_file
	.short	385                             @ DW_AT_decl_line
	.byte	22                              @ DW_AT_bit_size
	.byte	10                              @ DW_AT_data_bit_offset
	.byte	0                               @ End Of Children Mark
	.byte	17                              @ Abbrev [17] 0x141b:0x5 DW_TAG_volatile_type
	.long	5152                            @ DW_AT_type
	.byte	12                              @ Abbrev [12] 0x1420:0xc DW_TAG_typedef
	.long	5164                            @ DW_AT_type
	.long	.Linfo_string304                @ DW_AT_name
	.byte	8                               @ DW_AT_decl_file
	.short	396                             @ DW_AT_decl_line
	.byte	18                              @ Abbrev [18] 0x142c:0x5a DW_TAG_structure_type
	.byte	4                               @ DW_AT_byte_size
	.byte	8                               @ DW_AT_decl_file
	.short	388                             @ DW_AT_decl_line
	.byte	19                              @ Abbrev [19] 0x1431:0xe DW_TAG_member
	.long	.Linfo_string301                @ DW_AT_name
	.long	1506                            @ DW_AT_type
	.byte	8                               @ DW_AT_decl_file
	.short	390                             @ DW_AT_decl_line
	.byte	1                               @ DW_AT_bit_size
	.byte	0                               @ DW_AT_data_bit_offset
	.byte	19                              @ Abbrev [19] 0x143f:0xe DW_TAG_member
	.long	.Linfo_string94                 @ DW_AT_name
	.long	1506                            @ DW_AT_type
	.byte	8                               @ DW_AT_decl_file
	.short	391                             @ DW_AT_decl_line
	.byte	1                               @ DW_AT_bit_size
	.byte	1                               @ DW_AT_data_bit_offset
	.byte	19                              @ Abbrev [19] 0x144d:0xe DW_TAG_member
	.long	.Linfo_string302                @ DW_AT_name
	.long	1506                            @ DW_AT_type
	.byte	8                               @ DW_AT_decl_file
	.short	392                             @ DW_AT_decl_line
	.byte	1                               @ DW_AT_bit_size
	.byte	2                               @ DW_AT_data_bit_offset
	.byte	19                              @ Abbrev [19] 0x145b:0xe DW_TAG_member
	.long	.Linfo_string97                 @ DW_AT_name
	.long	1506                            @ DW_AT_type
	.byte	8                               @ DW_AT_decl_file
	.short	393                             @ DW_AT_decl_line
	.byte	1                               @ DW_AT_bit_size
	.byte	3                               @ DW_AT_data_bit_offset
	.byte	19                              @ Abbrev [19] 0x1469:0xe DW_TAG_member
	.long	.Linfo_string303                @ DW_AT_name
	.long	1506                            @ DW_AT_type
	.byte	8                               @ DW_AT_decl_file
	.short	394                             @ DW_AT_decl_line
	.byte	4                               @ DW_AT_bit_size
	.byte	4                               @ DW_AT_data_bit_offset
	.byte	19                              @ Abbrev [19] 0x1477:0xe DW_TAG_member
	.long	.Linfo_string99                 @ DW_AT_name
	.long	1506                            @ DW_AT_type
	.byte	8                               @ DW_AT_decl_file
	.short	395                             @ DW_AT_decl_line
	.byte	24                              @ DW_AT_bit_size
	.byte	8                               @ DW_AT_data_bit_offset
	.byte	0                               @ End Of Children Mark
	.byte	17                              @ Abbrev [17] 0x1486:0x5 DW_TAG_volatile_type
	.long	5259                            @ DW_AT_type
	.byte	12                              @ Abbrev [12] 0x148b:0xc DW_TAG_typedef
	.long	5271                            @ DW_AT_type
	.long	.Linfo_string312                @ DW_AT_name
	.byte	8                               @ DW_AT_decl_file
	.short	406                             @ DW_AT_decl_line
	.byte	18                              @ Abbrev [18] 0x1497:0x5a DW_TAG_structure_type
	.byte	4                               @ DW_AT_byte_size
	.byte	8                               @ DW_AT_decl_file
	.short	398                             @ DW_AT_decl_line
	.byte	19                              @ Abbrev [19] 0x149c:0xe DW_TAG_member
	.long	.Linfo_string307                @ DW_AT_name
	.long	1506                            @ DW_AT_type
	.byte	8                               @ DW_AT_decl_file
	.short	400                             @ DW_AT_decl_line
	.byte	1                               @ DW_AT_bit_size
	.byte	0                               @ DW_AT_data_bit_offset
	.byte	19                              @ Abbrev [19] 0x14aa:0xe DW_TAG_member
	.long	.Linfo_string308                @ DW_AT_name
	.long	1506                            @ DW_AT_type
	.byte	8                               @ DW_AT_decl_file
	.short	401                             @ DW_AT_decl_line
	.byte	1                               @ DW_AT_bit_size
	.byte	1                               @ DW_AT_data_bit_offset
	.byte	19                              @ Abbrev [19] 0x14b8:0xe DW_TAG_member
	.long	.Linfo_string309                @ DW_AT_name
	.long	1506                            @ DW_AT_type
	.byte	8                               @ DW_AT_decl_file
	.short	402                             @ DW_AT_decl_line
	.byte	1                               @ DW_AT_bit_size
	.byte	2                               @ DW_AT_data_bit_offset
	.byte	19                              @ Abbrev [19] 0x14c6:0xe DW_TAG_member
	.long	.Linfo_string310                @ DW_AT_name
	.long	1506                            @ DW_AT_type
	.byte	8                               @ DW_AT_decl_file
	.short	403                             @ DW_AT_decl_line
	.byte	1                               @ DW_AT_bit_size
	.byte	3                               @ DW_AT_data_bit_offset
	.byte	19                              @ Abbrev [19] 0x14d4:0xe DW_TAG_member
	.long	.Linfo_string311                @ DW_AT_name
	.long	1506                            @ DW_AT_type
	.byte	8                               @ DW_AT_decl_file
	.short	404                             @ DW_AT_decl_line
	.byte	8                               @ DW_AT_bit_size
	.byte	4                               @ DW_AT_data_bit_offset
	.byte	19                              @ Abbrev [19] 0x14e2:0xe DW_TAG_member
	.long	.Linfo_string99                 @ DW_AT_name
	.long	1506                            @ DW_AT_type
	.byte	8                               @ DW_AT_decl_file
	.short	405                             @ DW_AT_decl_line
	.byte	20                              @ DW_AT_bit_size
	.byte	12                              @ DW_AT_data_bit_offset
	.byte	0                               @ End Of Children Mark
	.byte	17                              @ Abbrev [17] 0x14f1:0x5 DW_TAG_volatile_type
	.long	5366                            @ DW_AT_type
	.byte	12                              @ Abbrev [12] 0x14f6:0xc DW_TAG_typedef
	.long	5378                            @ DW_AT_type
	.long	.Linfo_string317                @ DW_AT_name
	.byte	8                               @ DW_AT_decl_file
	.short	413                             @ DW_AT_decl_line
	.byte	18                              @ Abbrev [18] 0x1502:0x30 DW_TAG_structure_type
	.byte	4                               @ DW_AT_byte_size
	.byte	8                               @ DW_AT_decl_file
	.short	408                             @ DW_AT_decl_line
	.byte	19                              @ Abbrev [19] 0x1507:0xe DW_TAG_member
	.long	.Linfo_string315                @ DW_AT_name
	.long	1506                            @ DW_AT_type
	.byte	8                               @ DW_AT_decl_file
	.short	410                             @ DW_AT_decl_line
	.byte	1                               @ DW_AT_bit_size
	.byte	0                               @ DW_AT_data_bit_offset
	.byte	19                              @ Abbrev [19] 0x1515:0xe DW_TAG_member
	.long	.Linfo_string316                @ DW_AT_name
	.long	1506                            @ DW_AT_type
	.byte	8                               @ DW_AT_decl_file
	.short	411                             @ DW_AT_decl_line
	.byte	1                               @ DW_AT_bit_size
	.byte	1                               @ DW_AT_data_bit_offset
	.byte	19                              @ Abbrev [19] 0x1523:0xe DW_TAG_member
	.long	.Linfo_string99                 @ DW_AT_name
	.long	1506                            @ DW_AT_type
	.byte	8                               @ DW_AT_decl_file
	.short	412                             @ DW_AT_decl_line
	.byte	30                              @ DW_AT_bit_size
	.byte	2                               @ DW_AT_data_bit_offset
	.byte	0                               @ End Of Children Mark
	.byte	17                              @ Abbrev [17] 0x1532:0x5 DW_TAG_volatile_type
	.long	5431                            @ DW_AT_type
	.byte	12                              @ Abbrev [12] 0x1537:0xc DW_TAG_typedef
	.long	5443                            @ DW_AT_type
	.long	.Linfo_string321                @ DW_AT_name
	.byte	8                               @ DW_AT_decl_file
	.short	420                             @ DW_AT_decl_line
	.byte	18                              @ Abbrev [18] 0x1543:0x30 DW_TAG_structure_type
	.byte	4                               @ DW_AT_byte_size
	.byte	8                               @ DW_AT_decl_file
	.short	415                             @ DW_AT_decl_line
	.byte	19                              @ Abbrev [19] 0x1548:0xe DW_TAG_member
	.long	.Linfo_string97                 @ DW_AT_name
	.long	1506                            @ DW_AT_type
	.byte	8                               @ DW_AT_decl_file
	.short	417                             @ DW_AT_decl_line
	.byte	1                               @ DW_AT_bit_size
	.byte	0                               @ DW_AT_data_bit_offset
	.byte	19                              @ Abbrev [19] 0x1556:0xe DW_TAG_member
	.long	.Linfo_string320                @ DW_AT_name
	.long	1506                            @ DW_AT_type
	.byte	8                               @ DW_AT_decl_file
	.short	418                             @ DW_AT_decl_line
	.byte	1                               @ DW_AT_bit_size
	.byte	1                               @ DW_AT_data_bit_offset
	.byte	19                              @ Abbrev [19] 0x1564:0xe DW_TAG_member
	.long	.Linfo_string99                 @ DW_AT_name
	.long	1506                            @ DW_AT_type
	.byte	8                               @ DW_AT_decl_file
	.short	419                             @ DW_AT_decl_line
	.byte	30                              @ DW_AT_bit_size
	.byte	2                               @ DW_AT_data_bit_offset
	.byte	0                               @ End Of Children Mark
	.byte	17                              @ Abbrev [17] 0x1573:0x5 DW_TAG_volatile_type
	.long	5496                            @ DW_AT_type
	.byte	12                              @ Abbrev [12] 0x1578:0xc DW_TAG_typedef
	.long	5508                            @ DW_AT_type
	.long	.Linfo_string329                @ DW_AT_name
	.byte	8                               @ DW_AT_decl_file
	.short	430                             @ DW_AT_decl_line
	.byte	18                              @ Abbrev [18] 0x1584:0x5a DW_TAG_structure_type
	.byte	4                               @ DW_AT_byte_size
	.byte	8                               @ DW_AT_decl_file
	.short	422                             @ DW_AT_decl_line
	.byte	19                              @ Abbrev [19] 0x1589:0xe DW_TAG_member
	.long	.Linfo_string324                @ DW_AT_name
	.long	1506                            @ DW_AT_type
	.byte	8                               @ DW_AT_decl_file
	.short	424                             @ DW_AT_decl_line
	.byte	1                               @ DW_AT_bit_size
	.byte	0                               @ DW_AT_data_bit_offset
	.byte	19                              @ Abbrev [19] 0x1597:0xe DW_TAG_member
	.long	.Linfo_string325                @ DW_AT_name
	.long	1506                            @ DW_AT_type
	.byte	8                               @ DW_AT_decl_file
	.short	425                             @ DW_AT_decl_line
	.byte	1                               @ DW_AT_bit_size
	.byte	1                               @ DW_AT_data_bit_offset
	.byte	19                              @ Abbrev [19] 0x15a5:0xe DW_TAG_member
	.long	.Linfo_string326                @ DW_AT_name
	.long	1506                            @ DW_AT_type
	.byte	8                               @ DW_AT_decl_file
	.short	426                             @ DW_AT_decl_line
	.byte	1                               @ DW_AT_bit_size
	.byte	2                               @ DW_AT_data_bit_offset
	.byte	19                              @ Abbrev [19] 0x15b3:0xe DW_TAG_member
	.long	.Linfo_string327                @ DW_AT_name
	.long	1506                            @ DW_AT_type
	.byte	8                               @ DW_AT_decl_file
	.short	427                             @ DW_AT_decl_line
	.byte	1                               @ DW_AT_bit_size
	.byte	3                               @ DW_AT_data_bit_offset
	.byte	19                              @ Abbrev [19] 0x15c1:0xe DW_TAG_member
	.long	.Linfo_string328                @ DW_AT_name
	.long	1506                            @ DW_AT_type
	.byte	8                               @ DW_AT_decl_file
	.short	428                             @ DW_AT_decl_line
	.byte	4                               @ DW_AT_bit_size
	.byte	4                               @ DW_AT_data_bit_offset
	.byte	19                              @ Abbrev [19] 0x15cf:0xe DW_TAG_member
	.long	.Linfo_string99                 @ DW_AT_name
	.long	1506                            @ DW_AT_type
	.byte	8                               @ DW_AT_decl_file
	.short	429                             @ DW_AT_decl_line
	.byte	24                              @ DW_AT_bit_size
	.byte	8                               @ DW_AT_data_bit_offset
	.byte	0                               @ End Of Children Mark
	.byte	17                              @ Abbrev [17] 0x15de:0x5 DW_TAG_volatile_type
	.long	5603                            @ DW_AT_type
	.byte	12                              @ Abbrev [12] 0x15e3:0xc DW_TAG_typedef
	.long	5615                            @ DW_AT_type
	.long	.Linfo_string336                @ DW_AT_name
	.byte	8                               @ DW_AT_decl_file
	.short	440                             @ DW_AT_decl_line
	.byte	18                              @ Abbrev [18] 0x15ef:0x5a DW_TAG_structure_type
	.byte	4                               @ DW_AT_byte_size
	.byte	8                               @ DW_AT_decl_file
	.short	432                             @ DW_AT_decl_line
	.byte	19                              @ Abbrev [19] 0x15f4:0xe DW_TAG_member
	.long	.Linfo_string332                @ DW_AT_name
	.long	1506                            @ DW_AT_type
	.byte	8                               @ DW_AT_decl_file
	.short	434                             @ DW_AT_decl_line
	.byte	1                               @ DW_AT_bit_size
	.byte	0                               @ DW_AT_data_bit_offset
	.byte	19                              @ Abbrev [19] 0x1602:0xe DW_TAG_member
	.long	.Linfo_string333                @ DW_AT_name
	.long	1506                            @ DW_AT_type
	.byte	8                               @ DW_AT_decl_file
	.short	435                             @ DW_AT_decl_line
	.byte	1                               @ DW_AT_bit_size
	.byte	1                               @ DW_AT_data_bit_offset
	.byte	19                              @ Abbrev [19] 0x1610:0xe DW_TAG_member
	.long	.Linfo_string334                @ DW_AT_name
	.long	1506                            @ DW_AT_type
	.byte	8                               @ DW_AT_decl_file
	.short	436                             @ DW_AT_decl_line
	.byte	1                               @ DW_AT_bit_size
	.byte	2                               @ DW_AT_data_bit_offset
	.byte	19                              @ Abbrev [19] 0x161e:0xe DW_TAG_member
	.long	.Linfo_string97                 @ DW_AT_name
	.long	1506                            @ DW_AT_type
	.byte	8                               @ DW_AT_decl_file
	.short	437                             @ DW_AT_decl_line
	.byte	1                               @ DW_AT_bit_size
	.byte	3                               @ DW_AT_data_bit_offset
	.byte	19                              @ Abbrev [19] 0x162c:0xe DW_TAG_member
	.long	.Linfo_string335                @ DW_AT_name
	.long	1506                            @ DW_AT_type
	.byte	8                               @ DW_AT_decl_file
	.short	438                             @ DW_AT_decl_line
	.byte	4                               @ DW_AT_bit_size
	.byte	4                               @ DW_AT_data_bit_offset
	.byte	19                              @ Abbrev [19] 0x163a:0xe DW_TAG_member
	.long	.Linfo_string99                 @ DW_AT_name
	.long	1506                            @ DW_AT_type
	.byte	8                               @ DW_AT_decl_file
	.short	439                             @ DW_AT_decl_line
	.byte	24                              @ DW_AT_bit_size
	.byte	8                               @ DW_AT_data_bit_offset
	.byte	0                               @ End Of Children Mark
	.byte	17                              @ Abbrev [17] 0x1649:0x5 DW_TAG_volatile_type
	.long	5710                            @ DW_AT_type
	.byte	12                              @ Abbrev [12] 0x164e:0xc DW_TAG_typedef
	.long	5722                            @ DW_AT_type
	.long	.Linfo_string343                @ DW_AT_name
	.byte	8                               @ DW_AT_decl_file
	.short	450                             @ DW_AT_decl_line
	.byte	18                              @ Abbrev [18] 0x165a:0x5a DW_TAG_structure_type
	.byte	4                               @ DW_AT_byte_size
	.byte	8                               @ DW_AT_decl_file
	.short	442                             @ DW_AT_decl_line
	.byte	19                              @ Abbrev [19] 0x165f:0xe DW_TAG_member
	.long	.Linfo_string339                @ DW_AT_name
	.long	1506                            @ DW_AT_type
	.byte	8                               @ DW_AT_decl_file
	.short	444                             @ DW_AT_decl_line
	.byte	1                               @ DW_AT_bit_size
	.byte	0                               @ DW_AT_data_bit_offset
	.byte	19                              @ Abbrev [19] 0x166d:0xe DW_TAG_member
	.long	.Linfo_string340                @ DW_AT_name
	.long	1506                            @ DW_AT_type
	.byte	8                               @ DW_AT_decl_file
	.short	445                             @ DW_AT_decl_line
	.byte	1                               @ DW_AT_bit_size
	.byte	1                               @ DW_AT_data_bit_offset
	.byte	19                              @ Abbrev [19] 0x167b:0xe DW_TAG_member
	.long	.Linfo_string341                @ DW_AT_name
	.long	1506                            @ DW_AT_type
	.byte	8                               @ DW_AT_decl_file
	.short	446                             @ DW_AT_decl_line
	.byte	1                               @ DW_AT_bit_size
	.byte	2                               @ DW_AT_data_bit_offset
	.byte	19                              @ Abbrev [19] 0x1689:0xe DW_TAG_member
	.long	.Linfo_string97                 @ DW_AT_name
	.long	1506                            @ DW_AT_type
	.byte	8                               @ DW_AT_decl_file
	.short	447                             @ DW_AT_decl_line
	.byte	1                               @ DW_AT_bit_size
	.byte	3                               @ DW_AT_data_bit_offset
	.byte	19                              @ Abbrev [19] 0x1697:0xe DW_TAG_member
	.long	.Linfo_string342                @ DW_AT_name
	.long	1506                            @ DW_AT_type
	.byte	8                               @ DW_AT_decl_file
	.short	448                             @ DW_AT_decl_line
	.byte	4                               @ DW_AT_bit_size
	.byte	4                               @ DW_AT_data_bit_offset
	.byte	19                              @ Abbrev [19] 0x16a5:0xe DW_TAG_member
	.long	.Linfo_string99                 @ DW_AT_name
	.long	1506                            @ DW_AT_type
	.byte	8                               @ DW_AT_decl_file
	.short	449                             @ DW_AT_decl_line
	.byte	24                              @ DW_AT_bit_size
	.byte	8                               @ DW_AT_data_bit_offset
	.byte	0                               @ End Of Children Mark
	.byte	17                              @ Abbrev [17] 0x16b4:0x5 DW_TAG_volatile_type
	.long	5817                            @ DW_AT_type
	.byte	12                              @ Abbrev [12] 0x16b9:0xc DW_TAG_typedef
	.long	5829                            @ DW_AT_type
	.long	.Linfo_string351                @ DW_AT_name
	.byte	8                               @ DW_AT_decl_file
	.short	460                             @ DW_AT_decl_line
	.byte	18                              @ Abbrev [18] 0x16c5:0x5a DW_TAG_structure_type
	.byte	4                               @ DW_AT_byte_size
	.byte	8                               @ DW_AT_decl_file
	.short	452                             @ DW_AT_decl_line
	.byte	19                              @ Abbrev [19] 0x16ca:0xe DW_TAG_member
	.long	.Linfo_string346                @ DW_AT_name
	.long	1506                            @ DW_AT_type
	.byte	8                               @ DW_AT_decl_file
	.short	454                             @ DW_AT_decl_line
	.byte	1                               @ DW_AT_bit_size
	.byte	0                               @ DW_AT_data_bit_offset
	.byte	19                              @ Abbrev [19] 0x16d8:0xe DW_TAG_member
	.long	.Linfo_string347                @ DW_AT_name
	.long	1506                            @ DW_AT_type
	.byte	8                               @ DW_AT_decl_file
	.short	455                             @ DW_AT_decl_line
	.byte	1                               @ DW_AT_bit_size
	.byte	1                               @ DW_AT_data_bit_offset
	.byte	19                              @ Abbrev [19] 0x16e6:0xe DW_TAG_member
	.long	.Linfo_string348                @ DW_AT_name
	.long	1506                            @ DW_AT_type
	.byte	8                               @ DW_AT_decl_file
	.short	456                             @ DW_AT_decl_line
	.byte	1                               @ DW_AT_bit_size
	.byte	2                               @ DW_AT_data_bit_offset
	.byte	19                              @ Abbrev [19] 0x16f4:0xe DW_TAG_member
	.long	.Linfo_string349                @ DW_AT_name
	.long	1506                            @ DW_AT_type
	.byte	8                               @ DW_AT_decl_file
	.short	457                             @ DW_AT_decl_line
	.byte	1                               @ DW_AT_bit_size
	.byte	3                               @ DW_AT_data_bit_offset
	.byte	19                              @ Abbrev [19] 0x1702:0xe DW_TAG_member
	.long	.Linfo_string350                @ DW_AT_name
	.long	1506                            @ DW_AT_type
	.byte	8                               @ DW_AT_decl_file
	.short	458                             @ DW_AT_decl_line
	.byte	4                               @ DW_AT_bit_size
	.byte	4                               @ DW_AT_data_bit_offset
	.byte	19                              @ Abbrev [19] 0x1710:0xe DW_TAG_member
	.long	.Linfo_string99                 @ DW_AT_name
	.long	1506                            @ DW_AT_type
	.byte	8                               @ DW_AT_decl_file
	.short	459                             @ DW_AT_decl_line
	.byte	24                              @ DW_AT_bit_size
	.byte	8                               @ DW_AT_data_bit_offset
	.byte	0                               @ End Of Children Mark
	.byte	17                              @ Abbrev [17] 0x171f:0x5 DW_TAG_volatile_type
	.long	5924                            @ DW_AT_type
	.byte	12                              @ Abbrev [12] 0x1724:0xc DW_TAG_typedef
	.long	5936                            @ DW_AT_type
	.long	.Linfo_string356                @ DW_AT_name
	.byte	8                               @ DW_AT_decl_file
	.short	467                             @ DW_AT_decl_line
	.byte	18                              @ Abbrev [18] 0x1730:0x30 DW_TAG_structure_type
	.byte	4                               @ DW_AT_byte_size
	.byte	8                               @ DW_AT_decl_file
	.short	462                             @ DW_AT_decl_line
	.byte	19                              @ Abbrev [19] 0x1735:0xe DW_TAG_member
	.long	.Linfo_string354                @ DW_AT_name
	.long	1506                            @ DW_AT_type
	.byte	8                               @ DW_AT_decl_file
	.short	464                             @ DW_AT_decl_line
	.byte	1                               @ DW_AT_bit_size
	.byte	0                               @ DW_AT_data_bit_offset
	.byte	19                              @ Abbrev [19] 0x1743:0xe DW_TAG_member
	.long	.Linfo_string355                @ DW_AT_name
	.long	1506                            @ DW_AT_type
	.byte	8                               @ DW_AT_decl_file
	.short	465                             @ DW_AT_decl_line
	.byte	1                               @ DW_AT_bit_size
	.byte	1                               @ DW_AT_data_bit_offset
	.byte	19                              @ Abbrev [19] 0x1751:0xe DW_TAG_member
	.long	.Linfo_string99                 @ DW_AT_name
	.long	1506                            @ DW_AT_type
	.byte	8                               @ DW_AT_decl_file
	.short	466                             @ DW_AT_decl_line
	.byte	30                              @ DW_AT_bit_size
	.byte	2                               @ DW_AT_data_bit_offset
	.byte	0                               @ End Of Children Mark
	.byte	17                              @ Abbrev [17] 0x1760:0x5 DW_TAG_volatile_type
	.long	5989                            @ DW_AT_type
	.byte	12                              @ Abbrev [12] 0x1765:0xc DW_TAG_typedef
	.long	6001                            @ DW_AT_type
	.long	.Linfo_string363                @ DW_AT_name
	.byte	8                               @ DW_AT_decl_file
	.short	477                             @ DW_AT_decl_line
	.byte	18                              @ Abbrev [18] 0x1771:0x5a DW_TAG_structure_type
	.byte	4                               @ DW_AT_byte_size
	.byte	8                               @ DW_AT_decl_file
	.short	469                             @ DW_AT_decl_line
	.byte	19                              @ Abbrev [19] 0x1776:0xe DW_TAG_member
	.long	.Linfo_string359                @ DW_AT_name
	.long	1506                            @ DW_AT_type
	.byte	8                               @ DW_AT_decl_file
	.short	471                             @ DW_AT_decl_line
	.byte	1                               @ DW_AT_bit_size
	.byte	0                               @ DW_AT_data_bit_offset
	.byte	19                              @ Abbrev [19] 0x1784:0xe DW_TAG_member
	.long	.Linfo_string360                @ DW_AT_name
	.long	1506                            @ DW_AT_type
	.byte	8                               @ DW_AT_decl_file
	.short	472                             @ DW_AT_decl_line
	.byte	1                               @ DW_AT_bit_size
	.byte	1                               @ DW_AT_data_bit_offset
	.byte	19                              @ Abbrev [19] 0x1792:0xe DW_TAG_member
	.long	.Linfo_string361                @ DW_AT_name
	.long	1506                            @ DW_AT_type
	.byte	8                               @ DW_AT_decl_file
	.short	473                             @ DW_AT_decl_line
	.byte	1                               @ DW_AT_bit_size
	.byte	2                               @ DW_AT_data_bit_offset
	.byte	19                              @ Abbrev [19] 0x17a0:0xe DW_TAG_member
	.long	.Linfo_string97                 @ DW_AT_name
	.long	1506                            @ DW_AT_type
	.byte	8                               @ DW_AT_decl_file
	.short	474                             @ DW_AT_decl_line
	.byte	1                               @ DW_AT_bit_size
	.byte	3                               @ DW_AT_data_bit_offset
	.byte	19                              @ Abbrev [19] 0x17ae:0xe DW_TAG_member
	.long	.Linfo_string362                @ DW_AT_name
	.long	1506                            @ DW_AT_type
	.byte	8                               @ DW_AT_decl_file
	.short	475                             @ DW_AT_decl_line
	.byte	4                               @ DW_AT_bit_size
	.byte	4                               @ DW_AT_data_bit_offset
	.byte	19                              @ Abbrev [19] 0x17bc:0xe DW_TAG_member
	.long	.Linfo_string99                 @ DW_AT_name
	.long	1506                            @ DW_AT_type
	.byte	8                               @ DW_AT_decl_file
	.short	476                             @ DW_AT_decl_line
	.byte	24                              @ DW_AT_bit_size
	.byte	8                               @ DW_AT_data_bit_offset
	.byte	0                               @ End Of Children Mark
	.byte	17                              @ Abbrev [17] 0x17cb:0x5 DW_TAG_volatile_type
	.long	6096                            @ DW_AT_type
	.byte	12                              @ Abbrev [12] 0x17d0:0xc DW_TAG_typedef
	.long	6108                            @ DW_AT_type
	.long	.Linfo_string371                @ DW_AT_name
	.byte	8                               @ DW_AT_decl_file
	.short	487                             @ DW_AT_decl_line
	.byte	18                              @ Abbrev [18] 0x17dc:0x5a DW_TAG_structure_type
	.byte	4                               @ DW_AT_byte_size
	.byte	8                               @ DW_AT_decl_file
	.short	479                             @ DW_AT_decl_line
	.byte	19                              @ Abbrev [19] 0x17e1:0xe DW_TAG_member
	.long	.Linfo_string366                @ DW_AT_name
	.long	1506                            @ DW_AT_type
	.byte	8                               @ DW_AT_decl_file
	.short	481                             @ DW_AT_decl_line
	.byte	1                               @ DW_AT_bit_size
	.byte	0                               @ DW_AT_data_bit_offset
	.byte	19                              @ Abbrev [19] 0x17ef:0xe DW_TAG_member
	.long	.Linfo_string367                @ DW_AT_name
	.long	1506                            @ DW_AT_type
	.byte	8                               @ DW_AT_decl_file
	.short	482                             @ DW_AT_decl_line
	.byte	1                               @ DW_AT_bit_size
	.byte	1                               @ DW_AT_data_bit_offset
	.byte	19                              @ Abbrev [19] 0x17fd:0xe DW_TAG_member
	.long	.Linfo_string368                @ DW_AT_name
	.long	1506                            @ DW_AT_type
	.byte	8                               @ DW_AT_decl_file
	.short	483                             @ DW_AT_decl_line
	.byte	1                               @ DW_AT_bit_size
	.byte	2                               @ DW_AT_data_bit_offset
	.byte	19                              @ Abbrev [19] 0x180b:0xe DW_TAG_member
	.long	.Linfo_string369                @ DW_AT_name
	.long	1506                            @ DW_AT_type
	.byte	8                               @ DW_AT_decl_file
	.short	484                             @ DW_AT_decl_line
	.byte	1                               @ DW_AT_bit_size
	.byte	3                               @ DW_AT_data_bit_offset
	.byte	19                              @ Abbrev [19] 0x1819:0xe DW_TAG_member
	.long	.Linfo_string370                @ DW_AT_name
	.long	1506                            @ DW_AT_type
	.byte	8                               @ DW_AT_decl_file
	.short	485                             @ DW_AT_decl_line
	.byte	4                               @ DW_AT_bit_size
	.byte	4                               @ DW_AT_data_bit_offset
	.byte	19                              @ Abbrev [19] 0x1827:0xe DW_TAG_member
	.long	.Linfo_string99                 @ DW_AT_name
	.long	1506                            @ DW_AT_type
	.byte	8                               @ DW_AT_decl_file
	.short	486                             @ DW_AT_decl_line
	.byte	24                              @ DW_AT_bit_size
	.byte	8                               @ DW_AT_data_bit_offset
	.byte	0                               @ End Of Children Mark
	.byte	17                              @ Abbrev [17] 0x1836:0x5 DW_TAG_volatile_type
	.long	6203                            @ DW_AT_type
	.byte	12                              @ Abbrev [12] 0x183b:0xc DW_TAG_typedef
	.long	6215                            @ DW_AT_type
	.long	.Linfo_string378                @ DW_AT_name
	.byte	8                               @ DW_AT_decl_file
	.short	497                             @ DW_AT_decl_line
	.byte	18                              @ Abbrev [18] 0x1847:0x5a DW_TAG_structure_type
	.byte	4                               @ DW_AT_byte_size
	.byte	8                               @ DW_AT_decl_file
	.short	489                             @ DW_AT_decl_line
	.byte	19                              @ Abbrev [19] 0x184c:0xe DW_TAG_member
	.long	.Linfo_string374                @ DW_AT_name
	.long	1506                            @ DW_AT_type
	.byte	8                               @ DW_AT_decl_file
	.short	491                             @ DW_AT_decl_line
	.byte	1                               @ DW_AT_bit_size
	.byte	0                               @ DW_AT_data_bit_offset
	.byte	19                              @ Abbrev [19] 0x185a:0xe DW_TAG_member
	.long	.Linfo_string375                @ DW_AT_name
	.long	1506                            @ DW_AT_type
	.byte	8                               @ DW_AT_decl_file
	.short	492                             @ DW_AT_decl_line
	.byte	1                               @ DW_AT_bit_size
	.byte	1                               @ DW_AT_data_bit_offset
	.byte	19                              @ Abbrev [19] 0x1868:0xe DW_TAG_member
	.long	.Linfo_string376                @ DW_AT_name
	.long	1506                            @ DW_AT_type
	.byte	8                               @ DW_AT_decl_file
	.short	493                             @ DW_AT_decl_line
	.byte	1                               @ DW_AT_bit_size
	.byte	2                               @ DW_AT_data_bit_offset
	.byte	19                              @ Abbrev [19] 0x1876:0xe DW_TAG_member
	.long	.Linfo_string97                 @ DW_AT_name
	.long	1506                            @ DW_AT_type
	.byte	8                               @ DW_AT_decl_file
	.short	494                             @ DW_AT_decl_line
	.byte	1                               @ DW_AT_bit_size
	.byte	3                               @ DW_AT_data_bit_offset
	.byte	19                              @ Abbrev [19] 0x1884:0xe DW_TAG_member
	.long	.Linfo_string377                @ DW_AT_name
	.long	1506                            @ DW_AT_type
	.byte	8                               @ DW_AT_decl_file
	.short	495                             @ DW_AT_decl_line
	.byte	4                               @ DW_AT_bit_size
	.byte	4                               @ DW_AT_data_bit_offset
	.byte	19                              @ Abbrev [19] 0x1892:0xe DW_TAG_member
	.long	.Linfo_string99                 @ DW_AT_name
	.long	1506                            @ DW_AT_type
	.byte	8                               @ DW_AT_decl_file
	.short	496                             @ DW_AT_decl_line
	.byte	24                              @ DW_AT_bit_size
	.byte	8                               @ DW_AT_data_bit_offset
	.byte	0                               @ End Of Children Mark
	.byte	17                              @ Abbrev [17] 0x18a1:0x5 DW_TAG_volatile_type
	.long	6310                            @ DW_AT_type
	.byte	12                              @ Abbrev [12] 0x18a6:0xc DW_TAG_typedef
	.long	6322                            @ DW_AT_type
	.long	.Linfo_string389                @ DW_AT_name
	.byte	8                               @ DW_AT_decl_file
	.short	513                             @ DW_AT_decl_line
	.byte	18                              @ Abbrev [18] 0x18b2:0xae DW_TAG_structure_type
	.byte	4                               @ DW_AT_byte_size
	.byte	8                               @ DW_AT_decl_file
	.short	499                             @ DW_AT_decl_line
	.byte	19                              @ Abbrev [19] 0x18b7:0xe DW_TAG_member
	.long	.Linfo_string381                @ DW_AT_name
	.long	1506                            @ DW_AT_type
	.byte	8                               @ DW_AT_decl_file
	.short	501                             @ DW_AT_decl_line
	.byte	1                               @ DW_AT_bit_size
	.byte	0                               @ DW_AT_data_bit_offset
	.byte	19                              @ Abbrev [19] 0x18c5:0xe DW_TAG_member
	.long	.Linfo_string382                @ DW_AT_name
	.long	1506                            @ DW_AT_type
	.byte	8                               @ DW_AT_decl_file
	.short	502                             @ DW_AT_decl_line
	.byte	1                               @ DW_AT_bit_size
	.byte	1                               @ DW_AT_data_bit_offset
	.byte	19                              @ Abbrev [19] 0x18d3:0xe DW_TAG_member
	.long	.Linfo_string383                @ DW_AT_name
	.long	1506                            @ DW_AT_type
	.byte	8                               @ DW_AT_decl_file
	.short	503                             @ DW_AT_decl_line
	.byte	2                               @ DW_AT_bit_size
	.byte	2                               @ DW_AT_data_bit_offset
	.byte	19                              @ Abbrev [19] 0x18e1:0xe DW_TAG_member
	.long	.Linfo_string384                @ DW_AT_name
	.long	1506                            @ DW_AT_type
	.byte	8                               @ DW_AT_decl_file
	.short	504                             @ DW_AT_decl_line
	.byte	3                               @ DW_AT_bit_size
	.byte	4                               @ DW_AT_data_bit_offset
	.byte	19                              @ Abbrev [19] 0x18ef:0xe DW_TAG_member
	.long	.Linfo_string92                 @ DW_AT_name
	.long	1506                            @ DW_AT_type
	.byte	8                               @ DW_AT_decl_file
	.short	505                             @ DW_AT_decl_line
	.byte	1                               @ DW_AT_bit_size
	.byte	7                               @ DW_AT_data_bit_offset
	.byte	19                              @ Abbrev [19] 0x18fd:0xe DW_TAG_member
	.long	.Linfo_string385                @ DW_AT_name
	.long	1506                            @ DW_AT_type
	.byte	8                               @ DW_AT_decl_file
	.short	506                             @ DW_AT_decl_line
	.byte	5                               @ DW_AT_bit_size
	.byte	8                               @ DW_AT_data_bit_offset
	.byte	19                              @ Abbrev [19] 0x190b:0xe DW_TAG_member
	.long	.Linfo_string94                 @ DW_AT_name
	.long	1506                            @ DW_AT_type
	.byte	8                               @ DW_AT_decl_file
	.short	507                             @ DW_AT_decl_line
	.byte	3                               @ DW_AT_bit_size
	.byte	13                              @ DW_AT_data_bit_offset
	.byte	19                              @ Abbrev [19] 0x1919:0xe DW_TAG_member
	.long	.Linfo_string386                @ DW_AT_name
	.long	1506                            @ DW_AT_type
	.byte	8                               @ DW_AT_decl_file
	.short	508                             @ DW_AT_decl_line
	.byte	5                               @ DW_AT_bit_size
	.byte	16                              @ DW_AT_data_bit_offset
	.byte	19                              @ Abbrev [19] 0x1927:0xe DW_TAG_member
	.long	.Linfo_string97                 @ DW_AT_name
	.long	1506                            @ DW_AT_type
	.byte	8                               @ DW_AT_decl_file
	.short	509                             @ DW_AT_decl_line
	.byte	3                               @ DW_AT_bit_size
	.byte	21                              @ DW_AT_data_bit_offset
	.byte	19                              @ Abbrev [19] 0x1935:0xe DW_TAG_member
	.long	.Linfo_string387                @ DW_AT_name
	.long	1506                            @ DW_AT_type
	.byte	8                               @ DW_AT_decl_file
	.short	510                             @ DW_AT_decl_line
	.byte	6                               @ DW_AT_bit_size
	.byte	24                              @ DW_AT_data_bit_offset
	.byte	19                              @ Abbrev [19] 0x1943:0xe DW_TAG_member
	.long	.Linfo_string388                @ DW_AT_name
	.long	1506                            @ DW_AT_type
	.byte	8                               @ DW_AT_decl_file
	.short	511                             @ DW_AT_decl_line
	.byte	1                               @ DW_AT_bit_size
	.byte	30                              @ DW_AT_data_bit_offset
	.byte	19                              @ Abbrev [19] 0x1951:0xe DW_TAG_member
	.long	.Linfo_string99                 @ DW_AT_name
	.long	1506                            @ DW_AT_type
	.byte	8                               @ DW_AT_decl_file
	.short	512                             @ DW_AT_decl_line
	.byte	1                               @ DW_AT_bit_size
	.byte	31                              @ DW_AT_data_bit_offset
	.byte	0                               @ End Of Children Mark
	.byte	20                              @ Abbrev [20] 0x1960:0xc DW_TAG_array_type
	.long	78                              @ DW_AT_type
	.byte	21                              @ Abbrev [21] 0x1965:0x6 DW_TAG_subrange_type
	.long	4177                            @ DW_AT_type
	.byte	48                              @ DW_AT_count
	.byte	0                               @ End Of Children Mark
	.byte	17                              @ Abbrev [17] 0x196c:0x5 DW_TAG_volatile_type
	.long	6513                            @ DW_AT_type
	.byte	12                              @ Abbrev [12] 0x1971:0xc DW_TAG_typedef
	.long	6525                            @ DW_AT_type
	.long	.Linfo_string392                @ DW_AT_name
	.byte	8                               @ DW_AT_decl_file
	.short	519                             @ DW_AT_decl_line
	.byte	18                              @ Abbrev [18] 0x197d:0x22 DW_TAG_structure_type
	.byte	4                               @ DW_AT_byte_size
	.byte	8                               @ DW_AT_decl_file
	.short	515                             @ DW_AT_decl_line
	.byte	19                              @ Abbrev [19] 0x1982:0xe DW_TAG_member
	.long	.Linfo_string390                @ DW_AT_name
	.long	1506                            @ DW_AT_type
	.byte	8                               @ DW_AT_decl_file
	.short	517                             @ DW_AT_decl_line
	.byte	1                               @ DW_AT_bit_size
	.byte	0                               @ DW_AT_data_bit_offset
	.byte	19                              @ Abbrev [19] 0x1990:0xe DW_TAG_member
	.long	.Linfo_string99                 @ DW_AT_name
	.long	1506                            @ DW_AT_type
	.byte	8                               @ DW_AT_decl_file
	.short	518                             @ DW_AT_decl_line
	.byte	31                              @ DW_AT_bit_size
	.byte	1                               @ DW_AT_data_bit_offset
	.byte	0                               @ End Of Children Mark
	.byte	3                               @ Abbrev [3] 0x199f:0xb DW_TAG_typedef
	.long	6570                            @ DW_AT_type
	.long	.Linfo_string395                @ DW_AT_name
	.byte	1                               @ DW_AT_decl_file
	.byte	58                              @ DW_AT_decl_line
	.byte	7                               @ Abbrev [7] 0x19aa:0x7 DW_TAG_base_type
	.long	.Linfo_string394                @ DW_AT_name
	.byte	5                               @ DW_AT_encoding
	.byte	4                               @ DW_AT_byte_size
	.byte	4                               @ Abbrev [4] 0x19b1:0x5 DW_TAG_pointer_type
	.long	6582                            @ DW_AT_type
	.byte	12                              @ Abbrev [12] 0x19b6:0xc DW_TAG_typedef
	.long	6594                            @ DW_AT_type
	.long	.Linfo_string401                @ DW_AT_name
	.byte	9                               @ DW_AT_decl_file
	.short	318                             @ DW_AT_decl_line
	.byte	13                              @ Abbrev [13] 0x19c2:0x8f DW_TAG_structure_type
	.short	800                             @ DW_AT_byte_size
	.byte	9                               @ DW_AT_decl_file
	.short	306                             @ DW_AT_decl_line
	.byte	16                              @ Abbrev [16] 0x19c8:0xd DW_TAG_member
	.long	.Linfo_string396                @ DW_AT_name
	.long	6737                            @ DW_AT_type
	.byte	9                               @ DW_AT_decl_file
	.short	308                             @ DW_AT_decl_line
	.byte	0                               @ DW_AT_data_member_location
	.byte	16                              @ Abbrev [16] 0x19d5:0xd DW_TAG_member
	.long	.Linfo_string99                 @ DW_AT_name
	.long	6749                            @ DW_AT_type
	.byte	9                               @ DW_AT_decl_file
	.short	309                             @ DW_AT_decl_line
	.byte	4                               @ DW_AT_data_member_location
	.byte	16                              @ Abbrev [16] 0x19e2:0xd DW_TAG_member
	.long	.Linfo_string397                @ DW_AT_name
	.long	6737                            @ DW_AT_type
	.byte	9                               @ DW_AT_decl_file
	.short	310                             @ DW_AT_decl_line
	.byte	128                             @ DW_AT_data_member_location
	.byte	16                              @ Abbrev [16] 0x19ef:0xd DW_TAG_member
	.long	.Linfo_string97                 @ DW_AT_name
	.long	6749                            @ DW_AT_type
	.byte	9                               @ DW_AT_decl_file
	.short	311                             @ DW_AT_decl_line
	.byte	132                             @ DW_AT_data_member_location
	.byte	23                              @ Abbrev [23] 0x19fc:0xe DW_TAG_member
	.long	.Linfo_string398                @ DW_AT_name
	.long	6737                            @ DW_AT_type
	.byte	9                               @ DW_AT_decl_file
	.short	312                             @ DW_AT_decl_line
	.short	256                             @ DW_AT_data_member_location
	.byte	23                              @ Abbrev [23] 0x1a0a:0xe DW_TAG_member
	.long	.Linfo_string94                 @ DW_AT_name
	.long	6749                            @ DW_AT_type
	.byte	9                               @ DW_AT_decl_file
	.short	313                             @ DW_AT_decl_line
	.short	260                             @ DW_AT_data_member_location
	.byte	23                              @ Abbrev [23] 0x1a18:0xe DW_TAG_member
	.long	.Linfo_string399                @ DW_AT_name
	.long	6737                            @ DW_AT_type
	.byte	9                               @ DW_AT_decl_file
	.short	314                             @ DW_AT_decl_line
	.short	384                             @ DW_AT_data_member_location
	.byte	23                              @ Abbrev [23] 0x1a26:0xe DW_TAG_member
	.long	.Linfo_string92                 @ DW_AT_name
	.long	6749                            @ DW_AT_type
	.byte	9                               @ DW_AT_decl_file
	.short	315                             @ DW_AT_decl_line
	.short	388                             @ DW_AT_data_member_location
	.byte	23                              @ Abbrev [23] 0x1a34:0xe DW_TAG_member
	.long	.Linfo_string90                 @ DW_AT_name
	.long	6761                            @ DW_AT_type
	.byte	9                               @ DW_AT_decl_file
	.short	316                             @ DW_AT_decl_line
	.short	512                             @ DW_AT_data_member_location
	.byte	23                              @ Abbrev [23] 0x1a42:0xe DW_TAG_member
	.long	.Linfo_string400                @ DW_AT_name
	.long	6773                            @ DW_AT_type
	.byte	9                               @ DW_AT_decl_file
	.short	317                             @ DW_AT_decl_line
	.short	768                             @ DW_AT_data_member_location
	.byte	0                               @ End Of Children Mark
	.byte	20                              @ Abbrev [20] 0x1a51:0xc DW_TAG_array_type
	.long	1506                            @ DW_AT_type
	.byte	21                              @ Abbrev [21] 0x1a56:0x6 DW_TAG_subrange_type
	.long	4177                            @ DW_AT_type
	.byte	1                               @ DW_AT_count
	.byte	0                               @ End Of Children Mark
	.byte	20                              @ Abbrev [20] 0x1a5d:0xc DW_TAG_array_type
	.long	78                              @ DW_AT_type
	.byte	21                              @ Abbrev [21] 0x1a62:0x6 DW_TAG_subrange_type
	.long	4177                            @ DW_AT_type
	.byte	31                              @ DW_AT_count
	.byte	0                               @ End Of Children Mark
	.byte	20                              @ Abbrev [20] 0x1a69:0xc DW_TAG_array_type
	.long	78                              @ DW_AT_type
	.byte	21                              @ Abbrev [21] 0x1a6e:0x6 DW_TAG_subrange_type
	.long	4177                            @ DW_AT_type
	.byte	64                              @ DW_AT_count
	.byte	0                               @ End Of Children Mark
	.byte	20                              @ Abbrev [20] 0x1a75:0xc DW_TAG_array_type
	.long	1506                            @ DW_AT_type
	.byte	21                              @ Abbrev [21] 0x1a7a:0x6 DW_TAG_subrange_type
	.long	4177                            @ DW_AT_type
	.byte	8                               @ DW_AT_count
	.byte	0                               @ End Of Children Mark
	.byte	4                               @ Abbrev [4] 0x1a81:0x5 DW_TAG_pointer_type
	.long	6790                            @ DW_AT_type
	.byte	12                              @ Abbrev [12] 0x1a86:0xc DW_TAG_typedef
	.long	6802                            @ DW_AT_type
	.long	.Linfo_string409                @ DW_AT_name
	.byte	9                               @ DW_AT_decl_file
	.short	343                             @ DW_AT_decl_line
	.byte	18                              @ Abbrev [18] 0x1a92:0x7b DW_TAG_structure_type
	.byte	40                              @ DW_AT_byte_size
	.byte	9                               @ DW_AT_decl_file
	.short	332                             @ DW_AT_decl_line
	.byte	16                              @ Abbrev [16] 0x1a97:0xd DW_TAG_member
	.long	.Linfo_string402                @ DW_AT_name
	.long	6925                            @ DW_AT_type
	.byte	9                               @ DW_AT_decl_file
	.short	334                             @ DW_AT_decl_line
	.byte	0                               @ DW_AT_data_member_location
	.byte	16                              @ Abbrev [16] 0x1aa4:0xd DW_TAG_member
	.long	.Linfo_string403                @ DW_AT_name
	.long	1506                            @ DW_AT_type
	.byte	9                               @ DW_AT_decl_file
	.short	335                             @ DW_AT_decl_line
	.byte	4                               @ DW_AT_data_member_location
	.byte	16                              @ Abbrev [16] 0x1ab1:0xd DW_TAG_member
	.long	.Linfo_string99                 @ DW_AT_name
	.long	78                              @ DW_AT_type
	.byte	9                               @ DW_AT_decl_file
	.short	336                             @ DW_AT_decl_line
	.byte	8                               @ DW_AT_data_member_location
	.byte	16                              @ Abbrev [16] 0x1abe:0xd DW_TAG_member
	.long	.Linfo_string404                @ DW_AT_name
	.long	1506                            @ DW_AT_type
	.byte	9                               @ DW_AT_decl_file
	.short	337                             @ DW_AT_decl_line
	.byte	12                              @ DW_AT_data_member_location
	.byte	16                              @ Abbrev [16] 0x1acb:0xd DW_TAG_member
	.long	.Linfo_string405                @ DW_AT_name
	.long	1506                            @ DW_AT_type
	.byte	9                               @ DW_AT_decl_file
	.short	338                             @ DW_AT_decl_line
	.byte	16                              @ DW_AT_data_member_location
	.byte	16                              @ Abbrev [16] 0x1ad8:0xd DW_TAG_member
	.long	.Linfo_string406                @ DW_AT_name
	.long	1506                            @ DW_AT_type
	.byte	9                               @ DW_AT_decl_file
	.short	339                             @ DW_AT_decl_line
	.byte	20                              @ DW_AT_data_member_location
	.byte	16                              @ Abbrev [16] 0x1ae5:0xd DW_TAG_member
	.long	.Linfo_string97                 @ DW_AT_name
	.long	78                              @ DW_AT_type
	.byte	9                               @ DW_AT_decl_file
	.short	340                             @ DW_AT_decl_line
	.byte	24                              @ DW_AT_data_member_location
	.byte	16                              @ Abbrev [16] 0x1af2:0xd DW_TAG_member
	.long	.Linfo_string407                @ DW_AT_name
	.long	6930                            @ DW_AT_type
	.byte	9                               @ DW_AT_decl_file
	.short	341                             @ DW_AT_decl_line
	.byte	28                              @ DW_AT_data_member_location
	.byte	16                              @ Abbrev [16] 0x1aff:0xd DW_TAG_member
	.long	.Linfo_string408                @ DW_AT_name
	.long	1506                            @ DW_AT_type
	.byte	9                               @ DW_AT_decl_file
	.short	342                             @ DW_AT_decl_line
	.byte	36                              @ DW_AT_data_member_location
	.byte	0                               @ End Of Children Mark
	.byte	24                              @ Abbrev [24] 0x1b0d:0x5 DW_TAG_const_type
	.long	1506                            @ DW_AT_type
	.byte	20                              @ Abbrev [20] 0x1b12:0xc DW_TAG_array_type
	.long	1506                            @ DW_AT_type
	.byte	21                              @ Abbrev [21] 0x1b17:0x6 DW_TAG_subrange_type
	.long	4177                            @ DW_AT_type
	.byte	2                               @ DW_AT_count
	.byte	0                               @ End Of Children Mark
	.byte	25                              @ Abbrev [25] 0x1b1e:0x46 DW_TAG_subprogram
	.long	.Lfunc_begin0                   @ DW_AT_low_pc
	.long	.Lfunc_end0-.Lfunc_begin0       @ DW_AT_high_pc
	.byte	1                               @ DW_AT_frame_base
	.byte	93
                                        @ DW_AT_GNU_all_call_sites
	.long	.Linfo_string429                @ DW_AT_name
	.byte	3                               @ DW_AT_decl_file
	.byte	79                              @ DW_AT_decl_line
                                        @ DW_AT_prototyped
	.long	8445                            @ DW_AT_type
                                        @ DW_AT_external
	.byte	26                              @ Abbrev [26] 0x1b33:0xf DW_TAG_formal_parameter
	.long	.Ldebug_loc0                    @ DW_AT_location
	.long	.Linfo_string449                @ DW_AT_name
	.byte	3                               @ DW_AT_decl_file
	.byte	79                              @ DW_AT_decl_line
	.long	8456                            @ DW_AT_type
	.byte	26                              @ Abbrev [26] 0x1b42:0xf DW_TAG_formal_parameter
	.long	.Ldebug_loc1                    @ DW_AT_location
	.long	.Linfo_string422                @ DW_AT_name
	.byte	3                               @ DW_AT_decl_file
	.byte	79                              @ DW_AT_decl_line
	.long	78                              @ DW_AT_type
	.byte	27                              @ Abbrev [27] 0x1b51:0x12 DW_TAG_formal_parameter
	.byte	6                               @ DW_AT_location
	.byte	114
	.byte	0
	.byte	16
	.byte	1
	.byte	26
	.byte	159
	.long	.Linfo_string451                @ DW_AT_name
	.byte	3                               @ DW_AT_decl_file
	.byte	79                              @ DW_AT_decl_line
	.long	7990                            @ DW_AT_type
	.byte	0                               @ End Of Children Mark
	.byte	28                              @ Abbrev [28] 0x1b64:0x16 DW_TAG_subprogram
	.long	.Linfo_string410                @ DW_AT_name
	.byte	9                               @ DW_AT_decl_file
	.short	689                             @ DW_AT_decl_line
                                        @ DW_AT_prototyped
	.byte	1                               @ DW_AT_inline
	.byte	29                              @ Abbrev [29] 0x1b6d:0xc DW_TAG_formal_parameter
	.long	.Linfo_string33                 @ DW_AT_name
	.byte	9                               @ DW_AT_decl_file
	.short	689                             @ DW_AT_decl_line
	.long	7034                            @ DW_AT_type
	.byte	0                               @ End Of Children Mark
	.byte	3                               @ Abbrev [3] 0x1b7a:0xb DW_TAG_typedef
	.long	169                             @ DW_AT_type
	.long	.Linfo_string411                @ DW_AT_name
	.byte	5                               @ DW_AT_decl_file
	.byte	98                              @ DW_AT_decl_line
	.byte	28                              @ Abbrev [28] 0x1b85:0x16 DW_TAG_subprogram
	.long	.Linfo_string412                @ DW_AT_name
	.byte	9                               @ DW_AT_decl_file
	.short	603                             @ DW_AT_decl_line
                                        @ DW_AT_prototyped
	.byte	1                               @ DW_AT_inline
	.byte	29                              @ Abbrev [29] 0x1b8e:0xc DW_TAG_formal_parameter
	.long	.Linfo_string33                 @ DW_AT_name
	.byte	9                               @ DW_AT_decl_file
	.short	603                             @ DW_AT_decl_line
	.long	7034                            @ DW_AT_type
	.byte	0                               @ End Of Children Mark
	.byte	28                              @ Abbrev [28] 0x1b9b:0x16 DW_TAG_subprogram
	.long	.Linfo_string413                @ DW_AT_name
	.byte	9                               @ DW_AT_decl_file
	.short	639                             @ DW_AT_decl_line
                                        @ DW_AT_prototyped
	.byte	1                               @ DW_AT_inline
	.byte	29                              @ Abbrev [29] 0x1ba4:0xc DW_TAG_formal_parameter
	.long	.Linfo_string33                 @ DW_AT_name
	.byte	9                               @ DW_AT_decl_file
	.short	639                             @ DW_AT_decl_line
	.long	7034                            @ DW_AT_type
	.byte	0                               @ End Of Children Mark
	.byte	25                              @ Abbrev [25] 0x1bb1:0x79 DW_TAG_subprogram
	.long	.Lfunc_begin1                   @ DW_AT_low_pc
	.long	.Lfunc_end1-.Lfunc_begin1       @ DW_AT_high_pc
	.byte	1                               @ DW_AT_frame_base
	.byte	93
                                        @ DW_AT_GNU_all_call_sites
	.long	.Linfo_string431                @ DW_AT_name
	.byte	3                               @ DW_AT_decl_file
	.byte	109                             @ DW_AT_decl_line
                                        @ DW_AT_prototyped
	.long	8445                            @ DW_AT_type
                                        @ DW_AT_external
	.byte	26                              @ Abbrev [26] 0x1bc6:0xf DW_TAG_formal_parameter
	.long	.Ldebug_loc2                    @ DW_AT_location
	.long	.Linfo_string449                @ DW_AT_name
	.byte	3                               @ DW_AT_decl_file
	.byte	109                             @ DW_AT_decl_line
	.long	8456                            @ DW_AT_type
	.byte	26                              @ Abbrev [26] 0x1bd5:0xf DW_TAG_formal_parameter
	.long	.Ldebug_loc3                    @ DW_AT_location
	.long	.Linfo_string451                @ DW_AT_name
	.byte	3                               @ DW_AT_decl_file
	.byte	109                             @ DW_AT_decl_line
	.long	7990                            @ DW_AT_type
	.byte	30                              @ Abbrev [30] 0x1be4:0x17 DW_TAG_inlined_subroutine
	.long	7012                            @ DW_AT_abstract_origin
	.long	.Ltmp18                         @ DW_AT_low_pc
	.long	.Ltmp19-.Ltmp18                 @ DW_AT_high_pc
	.byte	3                               @ DW_AT_call_file
	.byte	117                             @ DW_AT_call_line
	.byte	5                               @ DW_AT_call_column
	.byte	31                              @ Abbrev [31] 0x1bf4:0x6 DW_TAG_formal_parameter
	.byte	2                               @ DW_AT_const_value
	.long	7021                            @ DW_AT_abstract_origin
	.byte	0                               @ End Of Children Mark
	.byte	30                              @ Abbrev [30] 0x1bfb:0x17 DW_TAG_inlined_subroutine
	.long	7045                            @ DW_AT_abstract_origin
	.long	.Ltmp20                         @ DW_AT_low_pc
	.long	.Ltmp22-.Ltmp20                 @ DW_AT_high_pc
	.byte	3                               @ DW_AT_call_file
	.byte	121                             @ DW_AT_call_line
	.byte	9                               @ DW_AT_call_column
	.byte	31                              @ Abbrev [31] 0x1c0b:0x6 DW_TAG_formal_parameter
	.byte	2                               @ DW_AT_const_value
	.long	7054                            @ DW_AT_abstract_origin
	.byte	0                               @ End Of Children Mark
	.byte	30                              @ Abbrev [30] 0x1c12:0x17 DW_TAG_inlined_subroutine
	.long	7067                            @ DW_AT_abstract_origin
	.long	.Ltmp23                         @ DW_AT_low_pc
	.long	.Ltmp24-.Ltmp23                 @ DW_AT_high_pc
	.byte	3                               @ DW_AT_call_file
	.byte	125                             @ DW_AT_call_line
	.byte	9                               @ DW_AT_call_column
	.byte	31                              @ Abbrev [31] 0x1c22:0x6 DW_TAG_formal_parameter
	.byte	2                               @ DW_AT_const_value
	.long	7076                            @ DW_AT_abstract_origin
	.byte	0                               @ End Of Children Mark
	.byte	0                               @ End Of Children Mark
	.byte	25                              @ Abbrev [25] 0x1c2a:0x32 DW_TAG_subprogram
	.long	.Lfunc_begin2                   @ DW_AT_low_pc
	.long	.Lfunc_end2-.Lfunc_begin2       @ DW_AT_high_pc
	.byte	1                               @ DW_AT_frame_base
	.byte	93
                                        @ DW_AT_GNU_all_call_sites
	.long	.Linfo_string432                @ DW_AT_name
	.byte	3                               @ DW_AT_decl_file
	.byte	139                             @ DW_AT_decl_line
                                        @ DW_AT_prototyped
	.long	8445                            @ DW_AT_type
                                        @ DW_AT_external
	.byte	26                              @ Abbrev [26] 0x1c3f:0xf DW_TAG_formal_parameter
	.long	.Ldebug_loc4                    @ DW_AT_location
	.long	.Linfo_string449                @ DW_AT_name
	.byte	3                               @ DW_AT_decl_file
	.byte	139                             @ DW_AT_decl_line
	.long	8456                            @ DW_AT_type
	.byte	27                              @ Abbrev [27] 0x1c4e:0xd DW_TAG_formal_parameter
	.byte	1                               @ DW_AT_location
	.byte	81
	.long	.Linfo_string452                @ DW_AT_name
	.byte	3                               @ DW_AT_decl_file
	.byte	139                             @ DW_AT_decl_line
	.long	78                              @ DW_AT_type
	.byte	0                               @ End Of Children Mark
	.byte	25                              @ Abbrev [25] 0x1c5c:0x32 DW_TAG_subprogram
	.long	.Lfunc_begin3                   @ DW_AT_low_pc
	.long	.Lfunc_end3-.Lfunc_begin3       @ DW_AT_high_pc
	.byte	1                               @ DW_AT_frame_base
	.byte	93
                                        @ DW_AT_GNU_all_call_sites
	.long	.Linfo_string433                @ DW_AT_name
	.byte	3                               @ DW_AT_decl_file
	.byte	159                             @ DW_AT_decl_line
                                        @ DW_AT_prototyped
	.long	8445                            @ DW_AT_type
                                        @ DW_AT_external
	.byte	26                              @ Abbrev [26] 0x1c71:0xf DW_TAG_formal_parameter
	.long	.Ldebug_loc5                    @ DW_AT_location
	.long	.Linfo_string449                @ DW_AT_name
	.byte	3                               @ DW_AT_decl_file
	.byte	159                             @ DW_AT_decl_line
	.long	8456                            @ DW_AT_type
	.byte	27                              @ Abbrev [27] 0x1c80:0xd DW_TAG_formal_parameter
	.byte	1                               @ DW_AT_location
	.byte	81
	.long	.Linfo_string452                @ DW_AT_name
	.byte	3                               @ DW_AT_decl_file
	.byte	159                             @ DW_AT_decl_line
	.long	8467                            @ DW_AT_type
	.byte	0                               @ End Of Children Mark
	.byte	25                              @ Abbrev [25] 0x1c8e:0x37 DW_TAG_subprogram
	.long	.Lfunc_begin4                   @ DW_AT_low_pc
	.long	.Lfunc_end4-.Lfunc_begin4       @ DW_AT_high_pc
	.byte	1                               @ DW_AT_frame_base
	.byte	93
                                        @ DW_AT_GNU_all_call_sites
	.long	.Linfo_string434                @ DW_AT_name
	.byte	3                               @ DW_AT_decl_file
	.byte	179                             @ DW_AT_decl_line
                                        @ DW_AT_prototyped
	.long	8445                            @ DW_AT_type
                                        @ DW_AT_external
	.byte	26                              @ Abbrev [26] 0x1ca3:0xf DW_TAG_formal_parameter
	.long	.Ldebug_loc6                    @ DW_AT_location
	.long	.Linfo_string449                @ DW_AT_name
	.byte	3                               @ DW_AT_decl_file
	.byte	179                             @ DW_AT_decl_line
	.long	8456                            @ DW_AT_type
	.byte	27                              @ Abbrev [27] 0x1cb2:0x12 DW_TAG_formal_parameter
	.byte	6                               @ DW_AT_location
	.byte	113
	.byte	0
	.byte	16
	.byte	1
	.byte	26
	.byte	159
	.long	.Linfo_string451                @ DW_AT_name
	.byte	3                               @ DW_AT_decl_file
	.byte	179                             @ DW_AT_decl_line
	.long	7990                            @ DW_AT_type
	.byte	0                               @ End Of Children Mark
	.byte	25                              @ Abbrev [25] 0x1cc5:0x52 DW_TAG_subprogram
	.long	.Lfunc_begin5                   @ DW_AT_low_pc
	.long	.Lfunc_end5-.Lfunc_begin5       @ DW_AT_high_pc
	.byte	1                               @ DW_AT_frame_base
	.byte	93
                                        @ DW_AT_GNU_all_call_sites
	.long	.Linfo_string435                @ DW_AT_name
	.byte	3                               @ DW_AT_decl_file
	.byte	201                             @ DW_AT_decl_line
                                        @ DW_AT_prototyped
	.long	8445                            @ DW_AT_type
                                        @ DW_AT_external
	.byte	26                              @ Abbrev [26] 0x1cda:0xf DW_TAG_formal_parameter
	.long	.Ldebug_loc7                    @ DW_AT_location
	.long	.Linfo_string453                @ DW_AT_name
	.byte	3                               @ DW_AT_decl_file
	.byte	201                             @ DW_AT_decl_line
	.long	8472                            @ DW_AT_type
	.byte	26                              @ Abbrev [26] 0x1ce9:0xf DW_TAG_formal_parameter
	.long	.Ldebug_loc8                    @ DW_AT_location
	.long	.Linfo_string455                @ DW_AT_name
	.byte	3                               @ DW_AT_decl_file
	.byte	201                             @ DW_AT_decl_line
	.long	8483                            @ DW_AT_type
	.byte	26                              @ Abbrev [26] 0x1cf8:0xf DW_TAG_formal_parameter
	.long	.Ldebug_loc9                    @ DW_AT_location
	.long	.Linfo_string458                @ DW_AT_name
	.byte	3                               @ DW_AT_decl_file
	.byte	201                             @ DW_AT_decl_line
	.long	8483                            @ DW_AT_type
	.byte	32                              @ Abbrev [32] 0x1d07:0xf DW_TAG_variable
	.long	.Ldebug_loc10                   @ DW_AT_location
	.long	.Linfo_string459                @ DW_AT_name
	.byte	3                               @ DW_AT_decl_file
	.byte	209                             @ DW_AT_decl_line
	.long	4235                            @ DW_AT_type
	.byte	0                               @ End Of Children Mark
	.byte	25                              @ Abbrev [25] 0x1d17:0x34 DW_TAG_subprogram
	.long	.Lfunc_begin6                   @ DW_AT_low_pc
	.long	.Lfunc_end6-.Lfunc_begin6       @ DW_AT_high_pc
	.byte	1                               @ DW_AT_frame_base
	.byte	93
                                        @ DW_AT_GNU_all_call_sites
	.long	.Linfo_string436                @ DW_AT_name
	.byte	3                               @ DW_AT_decl_file
	.byte	225                             @ DW_AT_decl_line
                                        @ DW_AT_prototyped
	.long	8445                            @ DW_AT_type
                                        @ DW_AT_external
	.byte	26                              @ Abbrev [26] 0x1d2c:0xf DW_TAG_formal_parameter
	.long	.Ldebug_loc11                   @ DW_AT_location
	.long	.Linfo_string453                @ DW_AT_name
	.byte	3                               @ DW_AT_decl_file
	.byte	225                             @ DW_AT_decl_line
	.long	8472                            @ DW_AT_type
	.byte	26                              @ Abbrev [26] 0x1d3b:0xf DW_TAG_formal_parameter
	.long	.Ldebug_loc12                   @ DW_AT_location
	.long	.Linfo_string460                @ DW_AT_name
	.byte	3                               @ DW_AT_decl_file
	.byte	225                             @ DW_AT_decl_line
	.long	8483                            @ DW_AT_type
	.byte	0                               @ End Of Children Mark
	.byte	25                              @ Abbrev [25] 0x1d4b:0x41 DW_TAG_subprogram
	.long	.Lfunc_begin7                   @ DW_AT_low_pc
	.long	.Lfunc_end7-.Lfunc_begin7       @ DW_AT_high_pc
	.byte	1                               @ DW_AT_frame_base
	.byte	93
                                        @ DW_AT_GNU_all_call_sites
	.long	.Linfo_string437                @ DW_AT_name
	.byte	3                               @ DW_AT_decl_file
	.byte	245                             @ DW_AT_decl_line
                                        @ DW_AT_prototyped
	.long	8445                            @ DW_AT_type
                                        @ DW_AT_external
	.byte	26                              @ Abbrev [26] 0x1d60:0xf DW_TAG_formal_parameter
	.long	.Ldebug_loc13                   @ DW_AT_location
	.long	.Linfo_string453                @ DW_AT_name
	.byte	3                               @ DW_AT_decl_file
	.byte	245                             @ DW_AT_decl_line
	.long	8472                            @ DW_AT_type
	.byte	27                              @ Abbrev [27] 0x1d6f:0xd DW_TAG_formal_parameter
	.byte	1                               @ DW_AT_location
	.byte	81
	.long	.Linfo_string461                @ DW_AT_name
	.byte	3                               @ DW_AT_decl_file
	.byte	245                             @ DW_AT_decl_line
	.long	8501                            @ DW_AT_type
	.byte	32                              @ Abbrev [32] 0x1d7c:0xf DW_TAG_variable
	.long	.Ldebug_loc14                   @ DW_AT_location
	.long	.Linfo_string459                @ DW_AT_name
	.byte	3                               @ DW_AT_decl_file
	.byte	253                             @ DW_AT_decl_line
	.long	4235                            @ DW_AT_type
	.byte	0                               @ End Of Children Mark
	.byte	33                              @ Abbrev [33] 0x1d8c:0x35 DW_TAG_subprogram
	.long	.Lfunc_begin8                   @ DW_AT_low_pc
	.long	.Lfunc_end8-.Lfunc_begin8       @ DW_AT_high_pc
	.byte	1                               @ DW_AT_frame_base
	.byte	93
                                        @ DW_AT_GNU_all_call_sites
	.long	.Linfo_string438                @ DW_AT_name
	.byte	3                               @ DW_AT_decl_file
	.short	268                             @ DW_AT_decl_line
                                        @ DW_AT_prototyped
	.long	8445                            @ DW_AT_type
                                        @ DW_AT_external
	.byte	34                              @ Abbrev [34] 0x1da2:0x10 DW_TAG_formal_parameter
	.long	.Ldebug_loc15                   @ DW_AT_location
	.long	.Linfo_string453                @ DW_AT_name
	.byte	3                               @ DW_AT_decl_file
	.short	268                             @ DW_AT_decl_line
	.long	8472                            @ DW_AT_type
	.byte	35                              @ Abbrev [35] 0x1db2:0xe DW_TAG_formal_parameter
	.byte	1                               @ DW_AT_location
	.byte	81
	.long	.Linfo_string461                @ DW_AT_name
	.byte	3                               @ DW_AT_decl_file
	.short	268                             @ DW_AT_decl_line
	.long	8501                            @ DW_AT_type
	.byte	0                               @ End Of Children Mark
	.byte	36                              @ Abbrev [36] 0x1dc1:0x33 DW_TAG_subprogram
	.long	.Lfunc_begin9                   @ DW_AT_low_pc
	.long	.Lfunc_end9-.Lfunc_begin9       @ DW_AT_high_pc
	.byte	1                               @ DW_AT_frame_base
	.byte	93
                                        @ DW_AT_GNU_all_call_sites
	.long	.Linfo_string439                @ DW_AT_name
	.byte	3                               @ DW_AT_decl_file
	.short	286                             @ DW_AT_decl_line
                                        @ DW_AT_prototyped
                                        @ DW_AT_external
	.byte	34                              @ Abbrev [34] 0x1dd3:0x10 DW_TAG_formal_parameter
	.long	.Ldebug_loc16                   @ DW_AT_location
	.long	.Linfo_string449                @ DW_AT_name
	.byte	3                               @ DW_AT_decl_file
	.short	286                             @ DW_AT_decl_line
	.long	8456                            @ DW_AT_type
	.byte	34                              @ Abbrev [34] 0x1de3:0x10 DW_TAG_formal_parameter
	.long	.Ldebug_loc17                   @ DW_AT_location
	.long	.Linfo_string451                @ DW_AT_name
	.byte	3                               @ DW_AT_decl_file
	.short	286                             @ DW_AT_decl_line
	.long	7990                            @ DW_AT_type
	.byte	0                               @ End Of Children Mark
	.byte	33                              @ Abbrev [33] 0x1df4:0x35 DW_TAG_subprogram
	.long	.Lfunc_begin10                  @ DW_AT_low_pc
	.long	.Lfunc_end10-.Lfunc_begin10     @ DW_AT_high_pc
	.byte	1                               @ DW_AT_frame_base
	.byte	93
                                        @ DW_AT_GNU_all_call_sites
	.long	.Linfo_string440                @ DW_AT_name
	.byte	3                               @ DW_AT_decl_file
	.short	299                             @ DW_AT_decl_line
                                        @ DW_AT_prototyped
	.long	8445                            @ DW_AT_type
                                        @ DW_AT_external
	.byte	34                              @ Abbrev [34] 0x1e0a:0x10 DW_TAG_formal_parameter
	.long	.Ldebug_loc18                   @ DW_AT_location
	.long	.Linfo_string453                @ DW_AT_name
	.byte	3                               @ DW_AT_decl_file
	.short	299                             @ DW_AT_decl_line
	.long	8472                            @ DW_AT_type
	.byte	35                              @ Abbrev [35] 0x1e1a:0xe DW_TAG_formal_parameter
	.byte	1                               @ DW_AT_location
	.byte	81
	.long	.Linfo_string461                @ DW_AT_name
	.byte	3                               @ DW_AT_decl_file
	.short	299                             @ DW_AT_decl_line
	.long	8506                            @ DW_AT_type
	.byte	0                               @ End Of Children Mark
	.byte	33                              @ Abbrev [33] 0x1e29:0x37 DW_TAG_subprogram
	.long	.Lfunc_begin11                  @ DW_AT_low_pc
	.long	.Lfunc_end11-.Lfunc_begin11     @ DW_AT_high_pc
	.byte	1                               @ DW_AT_frame_base
	.byte	93
                                        @ DW_AT_GNU_all_call_sites
	.long	.Linfo_string441                @ DW_AT_name
	.byte	3                               @ DW_AT_decl_file
	.short	319                             @ DW_AT_decl_line
                                        @ DW_AT_prototyped
	.long	8445                            @ DW_AT_type
                                        @ DW_AT_external
	.byte	34                              @ Abbrev [34] 0x1e3f:0x10 DW_TAG_formal_parameter
	.long	.Ldebug_loc19                   @ DW_AT_location
	.long	.Linfo_string449                @ DW_AT_name
	.byte	3                               @ DW_AT_decl_file
	.short	319                             @ DW_AT_decl_line
	.long	8456                            @ DW_AT_type
	.byte	34                              @ Abbrev [34] 0x1e4f:0x10 DW_TAG_formal_parameter
	.long	.Ldebug_loc20                   @ DW_AT_location
	.long	.Linfo_string451                @ DW_AT_name
	.byte	3                               @ DW_AT_decl_file
	.short	319                             @ DW_AT_decl_line
	.long	7990                            @ DW_AT_type
	.byte	0                               @ End Of Children Mark
	.byte	33                              @ Abbrev [33] 0x1e60:0x27 DW_TAG_subprogram
	.long	.Lfunc_begin12                  @ DW_AT_low_pc
	.long	.Lfunc_end12-.Lfunc_begin12     @ DW_AT_high_pc
	.byte	1                               @ DW_AT_frame_base
	.byte	93
                                        @ DW_AT_GNU_all_call_sites
	.long	.Linfo_string442                @ DW_AT_name
	.byte	3                               @ DW_AT_decl_file
	.short	338                             @ DW_AT_decl_line
                                        @ DW_AT_prototyped
	.long	8445                            @ DW_AT_type
                                        @ DW_AT_external
	.byte	34                              @ Abbrev [34] 0x1e76:0x10 DW_TAG_formal_parameter
	.long	.Ldebug_loc21                   @ DW_AT_location
	.long	.Linfo_string449                @ DW_AT_name
	.byte	3                               @ DW_AT_decl_file
	.short	338                             @ DW_AT_decl_line
	.long	8456                            @ DW_AT_type
	.byte	0                               @ End Of Children Mark
	.byte	37                              @ Abbrev [37] 0x1e87:0x14 DW_TAG_subprogram
	.long	.Linfo_string414                @ DW_AT_name
	.byte	3                               @ DW_AT_decl_file
	.byte	33                              @ DW_AT_decl_line
                                        @ DW_AT_prototyped
	.byte	1                               @ DW_AT_inline
	.byte	38                              @ Abbrev [38] 0x1e8f:0xb DW_TAG_formal_parameter
	.long	.Linfo_string415                @ DW_AT_name
	.byte	3                               @ DW_AT_decl_file
	.byte	33                              @ DW_AT_decl_line
	.long	7835                            @ DW_AT_type
	.byte	0                               @ End Of Children Mark
	.byte	4                               @ Abbrev [4] 0x1e9b:0x5 DW_TAG_pointer_type
	.long	7840                            @ DW_AT_type
	.byte	3                               @ Abbrev [3] 0x1ea0:0xb DW_TAG_typedef
	.long	7851                            @ DW_AT_type
	.long	.Linfo_string420                @ DW_AT_name
	.byte	2                               @ DW_AT_decl_file
	.byte	175                             @ DW_AT_decl_line
	.byte	39                              @ Abbrev [39] 0x1eab:0x1d DW_TAG_structure_type
	.byte	2                               @ DW_AT_byte_size
	.byte	2                               @ DW_AT_decl_file
	.byte	171                             @ DW_AT_decl_line
	.byte	40                              @ Abbrev [40] 0x1eaf:0xc DW_TAG_member
	.long	.Linfo_string416                @ DW_AT_name
	.long	7880                            @ DW_AT_type
	.byte	2                               @ DW_AT_decl_file
	.byte	173                             @ DW_AT_decl_line
	.byte	0                               @ DW_AT_data_member_location
	.byte	40                              @ Abbrev [40] 0x1ebb:0xc DW_TAG_member
	.long	.Linfo_string418                @ DW_AT_name
	.long	7891                            @ DW_AT_type
	.byte	2                               @ DW_AT_decl_file
	.byte	174                             @ DW_AT_decl_line
	.byte	1                               @ DW_AT_data_member_location
	.byte	0                               @ End Of Children Mark
	.byte	3                               @ Abbrev [3] 0x1ec8:0xb DW_TAG_typedef
	.long	324                             @ DW_AT_type
	.long	.Linfo_string417                @ DW_AT_name
	.byte	2                               @ DW_AT_decl_file
	.byte	135                             @ DW_AT_decl_line
	.byte	3                               @ Abbrev [3] 0x1ed3:0xb DW_TAG_typedef
	.long	141                             @ DW_AT_type
	.long	.Linfo_string419                @ DW_AT_name
	.byte	1                               @ DW_AT_decl_file
	.byte	62                              @ DW_AT_decl_line
	.byte	37                              @ Abbrev [37] 0x1ede:0x1f DW_TAG_subprogram
	.long	.Linfo_string421                @ DW_AT_name
	.byte	3                               @ DW_AT_decl_file
	.byte	53                              @ DW_AT_decl_line
                                        @ DW_AT_prototyped
	.byte	1                               @ DW_AT_inline
	.byte	38                              @ Abbrev [38] 0x1ee6:0xb DW_TAG_formal_parameter
	.long	.Linfo_string415                @ DW_AT_name
	.byte	3                               @ DW_AT_decl_file
	.byte	53                              @ DW_AT_decl_line
	.long	7933                            @ DW_AT_type
	.byte	38                              @ Abbrev [38] 0x1ef1:0xb DW_TAG_formal_parameter
	.long	.Linfo_string427                @ DW_AT_name
	.byte	3                               @ DW_AT_decl_file
	.byte	53                              @ DW_AT_decl_line
	.long	55                              @ DW_AT_type
	.byte	0                               @ End Of Children Mark
	.byte	4                               @ Abbrev [4] 0x1efd:0x5 DW_TAG_pointer_type
	.long	7938                            @ DW_AT_type
	.byte	3                               @ Abbrev [3] 0x1f02:0xb DW_TAG_typedef
	.long	7949                            @ DW_AT_type
	.long	.Linfo_string426                @ DW_AT_name
	.byte	2                               @ DW_AT_decl_file
	.byte	185                             @ DW_AT_decl_line
	.byte	39                              @ Abbrev [39] 0x1f0d:0x29 DW_TAG_structure_type
	.byte	8                               @ DW_AT_byte_size
	.byte	2                               @ DW_AT_decl_file
	.byte	180                             @ DW_AT_decl_line
	.byte	40                              @ Abbrev [40] 0x1f11:0xc DW_TAG_member
	.long	.Linfo_string422                @ DW_AT_name
	.long	78                              @ DW_AT_type
	.byte	2                               @ DW_AT_decl_file
	.byte	182                             @ DW_AT_decl_line
	.byte	0                               @ DW_AT_data_member_location
	.byte	40                              @ Abbrev [40] 0x1f1d:0xc DW_TAG_member
	.long	.Linfo_string423                @ DW_AT_name
	.long	7891                            @ DW_AT_type
	.byte	2                               @ DW_AT_decl_file
	.byte	183                             @ DW_AT_decl_line
	.byte	4                               @ DW_AT_data_member_location
	.byte	40                              @ Abbrev [40] 0x1f29:0xc DW_TAG_member
	.long	.Linfo_string424                @ DW_AT_name
	.long	7990                            @ DW_AT_type
	.byte	2                               @ DW_AT_decl_file
	.byte	184                             @ DW_AT_decl_line
	.byte	5                               @ DW_AT_data_member_location
	.byte	0                               @ End Of Children Mark
	.byte	7                               @ Abbrev [7] 0x1f36:0x7 DW_TAG_base_type
	.long	.Linfo_string425                @ DW_AT_name
	.byte	2                               @ DW_AT_encoding
	.byte	1                               @ DW_AT_byte_size
	.byte	28                              @ Abbrev [28] 0x1f3d:0x22 DW_TAG_subprogram
	.long	.Linfo_string428                @ DW_AT_name
	.byte	9                               @ DW_AT_decl_file
	.short	706                             @ DW_AT_decl_line
                                        @ DW_AT_prototyped
	.byte	1                               @ DW_AT_inline
	.byte	29                              @ Abbrev [29] 0x1f46:0xc DW_TAG_formal_parameter
	.long	.Linfo_string33                 @ DW_AT_name
	.byte	9                               @ DW_AT_decl_file
	.short	706                             @ DW_AT_decl_line
	.long	7034                            @ DW_AT_type
	.byte	29                              @ Abbrev [29] 0x1f52:0xc DW_TAG_formal_parameter
	.long	.Linfo_string423                @ DW_AT_name
	.byte	9                               @ DW_AT_decl_file
	.short	706                             @ DW_AT_decl_line
	.long	78                              @ DW_AT_type
	.byte	0                               @ End Of Children Mark
	.byte	33                              @ Abbrev [33] 0x1f5f:0x9f DW_TAG_subprogram
	.long	.Lfunc_begin13                  @ DW_AT_low_pc
	.long	.Lfunc_end13-.Lfunc_begin13     @ DW_AT_high_pc
	.byte	1                               @ DW_AT_frame_base
	.byte	93
                                        @ DW_AT_GNU_all_call_sites
	.long	.Linfo_string443                @ DW_AT_name
	.byte	3                               @ DW_AT_decl_file
	.short	371                             @ DW_AT_decl_line
                                        @ DW_AT_prototyped
	.long	8445                            @ DW_AT_type
                                        @ DW_AT_external
	.byte	34                              @ Abbrev [34] 0x1f75:0x10 DW_TAG_formal_parameter
	.long	.Ldebug_loc22                   @ DW_AT_location
	.long	.Linfo_string449                @ DW_AT_name
	.byte	3                               @ DW_AT_decl_file
	.short	371                             @ DW_AT_decl_line
	.long	8456                            @ DW_AT_type
	.byte	34                              @ Abbrev [34] 0x1f85:0x10 DW_TAG_formal_parameter
	.long	.Ldebug_loc23                   @ DW_AT_location
	.long	.Linfo_string415                @ DW_AT_name
	.byte	3                               @ DW_AT_decl_file
	.short	371                             @ DW_AT_decl_line
	.long	8511                            @ DW_AT_type
	.byte	34                              @ Abbrev [34] 0x1f95:0x10 DW_TAG_formal_parameter
	.long	.Ldebug_loc24                   @ DW_AT_location
	.long	.Linfo_string427                @ DW_AT_name
	.byte	3                               @ DW_AT_decl_file
	.short	371                             @ DW_AT_decl_line
	.long	55                              @ DW_AT_type
	.byte	41                              @ Abbrev [41] 0x1fa5:0x19 DW_TAG_inlined_subroutine
	.long	7815                            @ DW_AT_abstract_origin
	.long	.Ltmp99                         @ DW_AT_low_pc
	.long	.Ltmp100-.Ltmp99                @ DW_AT_high_pc
	.byte	3                               @ DW_AT_call_file
	.short	380                             @ DW_AT_call_line
	.byte	5                               @ DW_AT_call_column
	.byte	42                              @ Abbrev [42] 0x1fb6:0x7 DW_TAG_formal_parameter
	.byte	1                               @ DW_AT_location
	.byte	86
	.long	7823                            @ DW_AT_abstract_origin
	.byte	0                               @ End Of Children Mark
	.byte	41                              @ Abbrev [41] 0x1fbe:0x3f DW_TAG_inlined_subroutine
	.long	7902                            @ DW_AT_abstract_origin
	.long	.Ltmp108                        @ DW_AT_low_pc
	.long	.Ltmp119-.Ltmp108               @ DW_AT_high_pc
	.byte	3                               @ DW_AT_call_file
	.short	397                             @ DW_AT_call_line
	.byte	5                               @ DW_AT_call_column
	.byte	42                              @ Abbrev [42] 0x1fcf:0x9 DW_TAG_formal_parameter
	.byte	3                               @ DW_AT_location
	.byte	118
	.byte	4
	.byte	159
	.long	7910                            @ DW_AT_abstract_origin
	.byte	42                              @ Abbrev [42] 0x1fd8:0x8 DW_TAG_formal_parameter
	.byte	2                               @ DW_AT_location
	.byte	145
	.byte	0
	.long	7921                            @ DW_AT_abstract_origin
	.byte	43                              @ Abbrev [43] 0x1fe0:0x1c DW_TAG_inlined_subroutine
	.long	7997                            @ DW_AT_abstract_origin
	.long	.Ldebug_ranges0                 @ DW_AT_ranges
	.byte	3                               @ DW_AT_call_file
	.byte	61                              @ DW_AT_call_line
	.byte	9                               @ DW_AT_call_column
	.byte	31                              @ Abbrev [31] 0x1fec:0x6 DW_TAG_formal_parameter
	.byte	2                               @ DW_AT_const_value
	.long	8006                            @ DW_AT_abstract_origin
	.byte	44                              @ Abbrev [44] 0x1ff2:0x9 DW_TAG_formal_parameter
	.long	.Ldebug_loc25                   @ DW_AT_location
	.long	8018                            @ DW_AT_abstract_origin
	.byte	0                               @ End Of Children Mark
	.byte	0                               @ End Of Children Mark
	.byte	0                               @ End Of Children Mark
	.byte	33                              @ Abbrev [33] 0x1ffe:0x37 DW_TAG_subprogram
	.long	.Lfunc_begin14                  @ DW_AT_low_pc
	.long	.Lfunc_end14-.Lfunc_begin14     @ DW_AT_high_pc
	.byte	1                               @ DW_AT_frame_base
	.byte	93
                                        @ DW_AT_GNU_all_call_sites
	.long	.Linfo_string444                @ DW_AT_name
	.byte	3                               @ DW_AT_decl_file
	.short	410                             @ DW_AT_decl_line
                                        @ DW_AT_prototyped
	.long	8445                            @ DW_AT_type
                                        @ DW_AT_external
	.byte	34                              @ Abbrev [34] 0x2014:0x10 DW_TAG_formal_parameter
	.long	.Ldebug_loc26                   @ DW_AT_location
	.long	.Linfo_string474                @ DW_AT_name
	.byte	3                               @ DW_AT_decl_file
	.short	410                             @ DW_AT_decl_line
	.long	8677                            @ DW_AT_type
	.byte	34                              @ Abbrev [34] 0x2024:0x10 DW_TAG_formal_parameter
	.long	.Ldebug_loc27                   @ DW_AT_location
	.long	.Linfo_string415                @ DW_AT_name
	.byte	3                               @ DW_AT_decl_file
	.short	410                             @ DW_AT_decl_line
	.long	8688                            @ DW_AT_type
	.byte	0                               @ End Of Children Mark
	.byte	33                              @ Abbrev [33] 0x2035:0x37 DW_TAG_subprogram
	.long	.Lfunc_begin15                  @ DW_AT_low_pc
	.long	.Lfunc_end15-.Lfunc_begin15     @ DW_AT_high_pc
	.byte	1                               @ DW_AT_frame_base
	.byte	93
                                        @ DW_AT_GNU_all_call_sites
	.long	.Linfo_string445                @ DW_AT_name
	.byte	3                               @ DW_AT_decl_file
	.short	459                             @ DW_AT_decl_line
                                        @ DW_AT_prototyped
	.long	8445                            @ DW_AT_type
                                        @ DW_AT_external
	.byte	34                              @ Abbrev [34] 0x204b:0x10 DW_TAG_formal_parameter
	.long	.Ldebug_loc28                   @ DW_AT_location
	.long	.Linfo_string453                @ DW_AT_name
	.byte	3                               @ DW_AT_decl_file
	.short	459                             @ DW_AT_decl_line
	.long	8472                            @ DW_AT_type
	.byte	34                              @ Abbrev [34] 0x205b:0x10 DW_TAG_formal_parameter
	.long	.Ldebug_loc29                   @ DW_AT_location
	.long	.Linfo_string415                @ DW_AT_name
	.byte	3                               @ DW_AT_decl_file
	.short	459                             @ DW_AT_decl_line
	.long	8693                            @ DW_AT_type
	.byte	0                               @ End Of Children Mark
	.byte	33                              @ Abbrev [33] 0x206c:0x47 DW_TAG_subprogram
	.long	.Lfunc_begin16                  @ DW_AT_low_pc
	.long	.Lfunc_end16-.Lfunc_begin16     @ DW_AT_high_pc
	.byte	1                               @ DW_AT_frame_base
	.byte	93
                                        @ DW_AT_GNU_all_call_sites
	.long	.Linfo_string446                @ DW_AT_name
	.byte	3                               @ DW_AT_decl_file
	.short	492                             @ DW_AT_decl_line
                                        @ DW_AT_prototyped
	.long	8445                            @ DW_AT_type
                                        @ DW_AT_external
	.byte	34                              @ Abbrev [34] 0x2082:0x10 DW_TAG_formal_parameter
	.long	.Ldebug_loc30                   @ DW_AT_location
	.long	.Linfo_string449                @ DW_AT_name
	.byte	3                               @ DW_AT_decl_file
	.short	492                             @ DW_AT_decl_line
	.long	8456                            @ DW_AT_type
	.byte	34                              @ Abbrev [34] 0x2092:0x10 DW_TAG_formal_parameter
	.long	.Ldebug_loc31                   @ DW_AT_location
	.long	.Linfo_string460                @ DW_AT_name
	.byte	3                               @ DW_AT_decl_file
	.short	492                             @ DW_AT_decl_line
	.long	8483                            @ DW_AT_type
	.byte	34                              @ Abbrev [34] 0x20a2:0x10 DW_TAG_formal_parameter
	.long	.Ldebug_loc32                   @ DW_AT_location
	.long	.Linfo_string478                @ DW_AT_name
	.byte	3                               @ DW_AT_decl_file
	.short	492                             @ DW_AT_decl_line
	.long	8761                            @ DW_AT_type
	.byte	0                               @ End Of Children Mark
	.byte	33                              @ Abbrev [33] 0x20b3:0x27 DW_TAG_subprogram
	.long	.Lfunc_begin17                  @ DW_AT_low_pc
	.long	.Lfunc_end17-.Lfunc_begin17     @ DW_AT_high_pc
	.byte	1                               @ DW_AT_frame_base
	.byte	93
                                        @ DW_AT_GNU_all_call_sites
	.long	.Linfo_string447                @ DW_AT_name
	.byte	3                               @ DW_AT_decl_file
	.short	522                             @ DW_AT_decl_line
                                        @ DW_AT_prototyped
	.long	8445                            @ DW_AT_type
                                        @ DW_AT_external
	.byte	34                              @ Abbrev [34] 0x20c9:0x10 DW_TAG_formal_parameter
	.long	.Ldebug_loc33                   @ DW_AT_location
	.long	.Linfo_string449                @ DW_AT_name
	.byte	3                               @ DW_AT_decl_file
	.short	522                             @ DW_AT_decl_line
	.long	8456                            @ DW_AT_type
	.byte	0                               @ End Of Children Mark
	.byte	36                              @ Abbrev [36] 0x20da:0x23 DW_TAG_subprogram
	.long	.Lfunc_begin18                  @ DW_AT_low_pc
	.long	.Lfunc_end18-.Lfunc_begin18     @ DW_AT_high_pc
	.byte	1                               @ DW_AT_frame_base
	.byte	93
                                        @ DW_AT_GNU_all_call_sites
	.long	.Linfo_string448                @ DW_AT_name
	.byte	3                               @ DW_AT_decl_file
	.short	545                             @ DW_AT_decl_line
                                        @ DW_AT_prototyped
                                        @ DW_AT_external
	.byte	45                              @ Abbrev [45] 0x20ec:0x10 DW_TAG_variable
	.long	.Ldebug_loc34                   @ DW_AT_location
	.long	.Linfo_string422                @ DW_AT_name
	.byte	3                               @ DW_AT_decl_file
	.short	547                             @ DW_AT_decl_line
	.long	78                              @ DW_AT_type
	.byte	0                               @ End Of Children Mark
	.byte	3                               @ Abbrev [3] 0x20fd:0xb DW_TAG_typedef
	.long	96                              @ DW_AT_type
	.long	.Linfo_string430                @ DW_AT_name
	.byte	2                               @ DW_AT_decl_file
	.byte	161                             @ DW_AT_decl_line
	.byte	3                               @ Abbrev [3] 0x2108:0xb DW_TAG_typedef
	.long	148                             @ DW_AT_type
	.long	.Linfo_string450                @ DW_AT_name
	.byte	4                               @ DW_AT_decl_file
	.byte	58                              @ DW_AT_decl_line
	.byte	4                               @ Abbrev [4] 0x2113:0x5 DW_TAG_pointer_type
	.long	78                              @ DW_AT_type
	.byte	3                               @ Abbrev [3] 0x2118:0xb DW_TAG_typedef
	.long	285                             @ DW_AT_type
	.long	.Linfo_string454                @ DW_AT_name
	.byte	4                               @ DW_AT_decl_file
	.byte	70                              @ DW_AT_decl_line
	.byte	3                               @ Abbrev [3] 0x2123:0xb DW_TAG_typedef
	.long	8494                            @ DW_AT_type
	.long	.Linfo_string457                @ DW_AT_name
	.byte	1                               @ DW_AT_decl_file
	.byte	63                              @ DW_AT_decl_line
	.byte	7                               @ Abbrev [7] 0x212e:0x7 DW_TAG_base_type
	.long	.Linfo_string456                @ DW_AT_name
	.byte	7                               @ DW_AT_encoding
	.byte	2                               @ DW_AT_byte_size
	.byte	4                               @ Abbrev [4] 0x2135:0x5 DW_TAG_pointer_type
	.long	8483                            @ DW_AT_type
	.byte	4                               @ Abbrev [4] 0x213a:0x5 DW_TAG_pointer_type
	.long	7891                            @ DW_AT_type
	.byte	4                               @ Abbrev [4] 0x213f:0x5 DW_TAG_pointer_type
	.long	8516                            @ DW_AT_type
	.byte	3                               @ Abbrev [3] 0x2144:0xb DW_TAG_typedef
	.long	8527                            @ DW_AT_type
	.long	.Linfo_string473                @ DW_AT_name
	.byte	4                               @ DW_AT_decl_file
	.byte	176                             @ DW_AT_decl_line
	.byte	39                              @ Abbrev [39] 0x214f:0x35 DW_TAG_structure_type
	.byte	20                              @ DW_AT_byte_size
	.byte	4                               @ DW_AT_decl_file
	.byte	170                             @ DW_AT_decl_line
	.byte	40                              @ Abbrev [40] 0x2153:0xc DW_TAG_member
	.long	.Linfo_string462                @ DW_AT_name
	.long	7840                            @ DW_AT_type
	.byte	4                               @ DW_AT_decl_file
	.byte	172                             @ DW_AT_decl_line
	.byte	0                               @ DW_AT_data_member_location
	.byte	40                              @ Abbrev [40] 0x215f:0xc DW_TAG_member
	.long	.Linfo_string463                @ DW_AT_name
	.long	7938                            @ DW_AT_type
	.byte	4                               @ DW_AT_decl_file
	.byte	173                             @ DW_AT_decl_line
	.byte	4                               @ DW_AT_data_member_location
	.byte	40                              @ Abbrev [40] 0x216b:0xc DW_TAG_member
	.long	.Linfo_string464                @ DW_AT_name
	.long	8580                            @ DW_AT_type
	.byte	4                               @ DW_AT_decl_file
	.byte	174                             @ DW_AT_decl_line
	.byte	12                              @ DW_AT_data_member_location
	.byte	40                              @ Abbrev [40] 0x2177:0xc DW_TAG_member
	.long	.Linfo_string471                @ DW_AT_name
	.long	8666                            @ DW_AT_type
	.byte	4                               @ DW_AT_decl_file
	.byte	175                             @ DW_AT_decl_line
	.byte	18                              @ DW_AT_data_member_location
	.byte	0                               @ End Of Children Mark
	.byte	3                               @ Abbrev [3] 0x2184:0xb DW_TAG_typedef
	.long	8591                            @ DW_AT_type
	.long	.Linfo_string470                @ DW_AT_name
	.byte	4                               @ DW_AT_decl_file
	.byte	155                             @ DW_AT_decl_line
	.byte	39                              @ Abbrev [39] 0x218f:0x35 DW_TAG_structure_type
	.byte	6                               @ DW_AT_byte_size
	.byte	4                               @ DW_AT_decl_file
	.byte	149                             @ DW_AT_decl_line
	.byte	40                              @ Abbrev [40] 0x2193:0xc DW_TAG_member
	.long	.Linfo_string465                @ DW_AT_name
	.long	8644                            @ DW_AT_type
	.byte	4                               @ DW_AT_decl_file
	.byte	151                             @ DW_AT_decl_line
	.byte	0                               @ DW_AT_data_member_location
	.byte	40                              @ Abbrev [40] 0x219f:0xc DW_TAG_member
	.long	.Linfo_string467                @ DW_AT_name
	.long	7990                            @ DW_AT_type
	.byte	4                               @ DW_AT_decl_file
	.byte	152                             @ DW_AT_decl_line
	.byte	1                               @ DW_AT_data_member_location
	.byte	40                              @ Abbrev [40] 0x21ab:0xc DW_TAG_member
	.long	.Linfo_string468                @ DW_AT_name
	.long	8655                            @ DW_AT_type
	.byte	4                               @ DW_AT_decl_file
	.byte	153                             @ DW_AT_decl_line
	.byte	2                               @ DW_AT_data_member_location
	.byte	40                              @ Abbrev [40] 0x21b7:0xc DW_TAG_member
	.long	.Linfo_string460                @ DW_AT_name
	.long	8483                            @ DW_AT_type
	.byte	4                               @ DW_AT_decl_file
	.byte	154                             @ DW_AT_decl_line
	.byte	4                               @ DW_AT_data_member_location
	.byte	0                               @ End Of Children Mark
	.byte	3                               @ Abbrev [3] 0x21c4:0xb DW_TAG_typedef
	.long	351                             @ DW_AT_type
	.long	.Linfo_string466                @ DW_AT_name
	.byte	4                               @ DW_AT_decl_file
	.byte	123                             @ DW_AT_decl_line
	.byte	3                               @ Abbrev [3] 0x21cf:0xb DW_TAG_typedef
	.long	378                             @ DW_AT_type
	.long	.Linfo_string469                @ DW_AT_name
	.byte	4                               @ DW_AT_decl_file
	.byte	133                             @ DW_AT_decl_line
	.byte	3                               @ Abbrev [3] 0x21da:0xb DW_TAG_typedef
	.long	405                             @ DW_AT_type
	.long	.Linfo_string472                @ DW_AT_name
	.byte	4                               @ DW_AT_decl_file
	.byte	144                             @ DW_AT_decl_line
	.byte	3                               @ Abbrev [3] 0x21e5:0xb DW_TAG_typedef
	.long	444                             @ DW_AT_type
	.long	.Linfo_string475                @ DW_AT_name
	.byte	4                               @ DW_AT_decl_file
	.byte	113                             @ DW_AT_decl_line
	.byte	4                               @ Abbrev [4] 0x21f0:0x5 DW_TAG_pointer_type
	.long	8580                            @ DW_AT_type
	.byte	4                               @ Abbrev [4] 0x21f5:0x5 DW_TAG_pointer_type
	.long	8698                            @ DW_AT_type
	.byte	3                               @ Abbrev [3] 0x21fa:0xb DW_TAG_typedef
	.long	8709                            @ DW_AT_type
	.long	.Linfo_string482                @ DW_AT_name
	.byte	4                               @ DW_AT_decl_file
	.byte	168                             @ DW_AT_decl_line
	.byte	39                              @ Abbrev [39] 0x2205:0x29 DW_TAG_structure_type
	.byte	3                               @ DW_AT_byte_size
	.byte	4                               @ DW_AT_decl_file
	.byte	160                             @ DW_AT_decl_line
	.byte	40                              @ Abbrev [40] 0x2209:0xc DW_TAG_member
	.long	.Linfo_string476                @ DW_AT_name
	.long	8750                            @ DW_AT_type
	.byte	4                               @ DW_AT_decl_file
	.byte	162                             @ DW_AT_decl_line
	.byte	0                               @ DW_AT_data_member_location
	.byte	40                              @ Abbrev [40] 0x2215:0xc DW_TAG_member
	.long	.Linfo_string478                @ DW_AT_name
	.long	8761                            @ DW_AT_type
	.byte	4                               @ DW_AT_decl_file
	.byte	164                             @ DW_AT_decl_line
	.byte	1                               @ DW_AT_data_member_location
	.byte	40                              @ Abbrev [40] 0x2221:0xc DW_TAG_member
	.long	.Linfo_string480                @ DW_AT_name
	.long	8772                            @ DW_AT_type
	.byte	4                               @ DW_AT_decl_file
	.byte	166                             @ DW_AT_decl_line
	.byte	2                               @ DW_AT_data_member_location
	.byte	0                               @ End Of Children Mark
	.byte	3                               @ Abbrev [3] 0x222e:0xb DW_TAG_typedef
	.long	471                             @ DW_AT_type
	.long	.Linfo_string477                @ DW_AT_name
	.byte	4                               @ DW_AT_decl_file
	.byte	81                              @ DW_AT_decl_line
	.byte	3                               @ Abbrev [3] 0x2239:0xb DW_TAG_typedef
	.long	498                             @ DW_AT_type
	.long	.Linfo_string479                @ DW_AT_name
	.byte	4                               @ DW_AT_decl_file
	.byte	102                             @ DW_AT_decl_line
	.byte	3                               @ Abbrev [3] 0x2244:0xb DW_TAG_typedef
	.long	525                             @ DW_AT_type
	.long	.Linfo_string481                @ DW_AT_name
	.byte	4                               @ DW_AT_decl_file
	.byte	92                              @ DW_AT_decl_line
	.byte	0                               @ End Of Children Mark
.Ldebug_info_end0:
	.section	.debug_ranges,"",%progbits
.Ldebug_ranges0:
	.long	.Ltmp112
	.long	.Ltmp113
	.long	.Ltmp114
	.long	.Ltmp117
	.long	0
	.long	0
.Ldebug_ranges1:
	.long	.Lfunc_begin0
	.long	.Lfunc_end0
	.long	.Lfunc_begin1
	.long	.Lfunc_end1
	.long	.Lfunc_begin2
	.long	.Lfunc_end2
	.long	.Lfunc_begin3
	.long	.Lfunc_end3
	.long	.Lfunc_begin4
	.long	.Lfunc_end4
	.long	.Lfunc_begin5
	.long	.Lfunc_end5
	.long	.Lfunc_begin6
	.long	.Lfunc_end6
	.long	.Lfunc_begin7
	.long	.Lfunc_end7
	.long	.Lfunc_begin8
	.long	.Lfunc_end8
	.long	.Lfunc_begin9
	.long	.Lfunc_end9
	.long	.Lfunc_begin10
	.long	.Lfunc_end10
	.long	.Lfunc_begin11
	.long	.Lfunc_end11
	.long	.Lfunc_begin12
	.long	.Lfunc_end12
	.long	.Lfunc_begin13
	.long	.Lfunc_end13
	.long	.Lfunc_begin14
	.long	.Lfunc_end14
	.long	.Lfunc_begin15
	.long	.Lfunc_end15
	.long	.Lfunc_begin16
	.long	.Lfunc_end16
	.long	.Lfunc_begin17
	.long	.Lfunc_end17
	.long	.Lfunc_begin18
	.long	.Lfunc_end18
	.long	0
	.long	0
	.section	.debug_str,"MS",%progbits,1
.Linfo_string0:
	.asciz	"Component: Arm Compiler for Embedded 6.21 Tool: armclang [5ec1fd00]" @ string offset=0
.Linfo_string1:
	.asciz	"../07_TCPL04B_MCAL\\tcpl04x_ll_pwm.c" @ string offset=68
.Linfo_string2:
	.asciz	"C:\\baidunetdiskdownload\\\346\263\260\347\237\275\345\276\256\\\346\260\233\345\233\264\347\201\257\\TCPL0X_AUTO_SDK_V2.0.0\\TCPL0X_AUTO_SDK_V2.0.0\\examples\\tcpl04x\\demo_apps\\tcpl04b_swsc_lean\\MDK" @ string offset=104
.Linfo_string3:
	.asciz	"pwm_isr_callback"              @ string offset=243
.Linfo_string4:
	.asciz	"unsigned int"                  @ string offset=260
.Linfo_string5:
	.asciz	"uint32_t"                      @ string offset=273
.Linfo_string6:
	.asciz	"ISR_FUNC_CALLBACK"             @ string offset=282
.Linfo_string7:
	.asciz	"unsigned char"                 @ string offset=300
.Linfo_string8:
	.asciz	"LL_OK"                         @ string offset=314
.Linfo_string9:
	.asciz	"LL_ERROR"                      @ string offset=320
.Linfo_string10:
	.asciz	"LL_BUSY"                       @ string offset=329
.Linfo_string11:
	.asciz	"LL_TIMEOUT"                    @ string offset=337
.Linfo_string12:
	.asciz	"LL_COMM_ERROR"                 @ string offset=348
.Linfo_string13:
	.asciz	"LL_PARAM_INVALID"              @ string offset=362
.Linfo_string14:
	.asciz	"LL_PWM_BUS_0"                  @ string offset=379
.Linfo_string15:
	.asciz	"LL_PWM_BUS_MAX"                @ string offset=392
.Linfo_string16:
	.asciz	"signed char"                   @ string offset=407
.Linfo_string17:
	.asciz	"NonMaskableInt_IRQn"           @ string offset=419
.Linfo_string18:
	.asciz	"HardFault_IRQn"                @ string offset=439
.Linfo_string19:
	.asciz	"SVCall_IRQn"                   @ string offset=454
.Linfo_string20:
	.asciz	"PendSV_IRQn"                   @ string offset=466
.Linfo_string21:
	.asciz	"SysTick_IRQn"                  @ string offset=478
.Linfo_string22:
	.asciz	"FLASH_IRQn"                    @ string offset=491
.Linfo_string23:
	.asciz	"ADC_IRQn"                      @ string offset=502
.Linfo_string24:
	.asciz	"PWM_IRQn"                      @ string offset=511
.Linfo_string25:
	.asciz	"TIMER_IRQn"                    @ string offset=520
.Linfo_string26:
	.asciz	"IWDG_IRQn"                     @ string offset=531
.Linfo_string27:
	.asciz	"LINSCI_IRQn"                   @ string offset=541
.Linfo_string28:
	.asciz	"AON_IRQn"                      @ string offset=553
.Linfo_string29:
	.asciz	"GPIO_IRQn"                     @ string offset=562
.Linfo_string30:
	.asciz	"RESERVE_S_IRQn"                @ string offset=572
.Linfo_string31:
	.asciz	"RESERVE_T_IRQn"                @ string offset=587
.Linfo_string32:
	.asciz	"LINSCI_UART_IRQn"              @ string offset=602
.Linfo_string33:
	.asciz	"IRQn"                          @ string offset=619
.Linfo_string34:
	.asciz	"PWM_CHANNEL_0"                 @ string offset=624
.Linfo_string35:
	.asciz	"PWM_CHANNEL_1"                 @ string offset=638
.Linfo_string36:
	.asciz	"PWM_CHANNEL_2"                 @ string offset=652
.Linfo_string37:
	.asciz	"PWM_CHANNEL_3"                 @ string offset=666
.Linfo_string38:
	.asciz	"PWM_CHANNEL_MAX"               @ string offset=680
.Linfo_string39:
	.asciz	"FCLK_SRC_HSI"                  @ string offset=696
.Linfo_string40:
	.asciz	"FCLK_SRC_LSI"                  @ string offset=709
.Linfo_string41:
	.asciz	"FCLK_SRC_MAX"                  @ string offset=722
.Linfo_string42:
	.asciz	"PWM_COUNT_MODE_UP"             @ string offset=735
.Linfo_string43:
	.asciz	"PWM_COUNT_MODE_UP_DOWN"        @ string offset=753
.Linfo_string44:
	.asciz	"PWM_COUNT_MODE_MAX"            @ string offset=776
.Linfo_string45:
	.asciz	"PWM_COUNT_SYNC_MODE_NULL"      @ string offset=795
.Linfo_string46:
	.asciz	"PWM_COUNT_SYNC_MODE_CNT0_TO_CNT1" @ string offset=820
.Linfo_string47:
	.asciz	"PWM_COUNT_SYNC_MODE_MAX"       @ string offset=853
.Linfo_string48:
	.asciz	"PWM_CH_SYNC_MODE_NULL"         @ string offset=877
.Linfo_string49:
	.asciz	"PWM_CH_SYNC_CH0_TO_CH1"        @ string offset=899
.Linfo_string50:
	.asciz	"PWM_CH_SYNC_CH0_TO_CH2"        @ string offset=922
.Linfo_string51:
	.asciz	"PWM_CH_SYNC_CH0_TO_CH3"        @ string offset=945
.Linfo_string52:
	.asciz	"PWM_CH_SYNC_MODE_MAX"          @ string offset=968
.Linfo_string53:
	.asciz	"PWM_COUNT_INDEX_0"             @ string offset=989
.Linfo_string54:
	.asciz	"PWM_COUNT_INDEX_1"             @ string offset=1007
.Linfo_string55:
	.asciz	"PWM_COUNT_INDEX_MAX"           @ string offset=1025
.Linfo_string56:
	.asciz	"PWM_CNT_SOURCE_CNT0"           @ string offset=1045
.Linfo_string57:
	.asciz	"PWM_CNT_SOURCE_CNT1"           @ string offset=1065
.Linfo_string58:
	.asciz	"PWM_CNT_SOURCE_MAX"            @ string offset=1085
.Linfo_string59:
	.asciz	"PWM_POLARITY_HIGH"             @ string offset=1104
.Linfo_string60:
	.asciz	"PWM_POLARITY_LOW"              @ string offset=1122
.Linfo_string61:
	.asciz	"PWM_POLARITY_MAX"              @ string offset=1139
.Linfo_string62:
	.asciz	"PWM_MODE_DOUBLE_PERIOD"        @ string offset=1156
.Linfo_string63:
	.asciz	"PWM_MODE_INDEPENDENT"          @ string offset=1179
.Linfo_string64:
	.asciz	"PWM_MODE_SOFTWARE"             @ string offset=1200
.Linfo_string65:
	.asciz	"PWM_MODE_FIXED"                @ string offset=1218
.Linfo_string66:
	.asciz	"PWM_MODE_TYPE_MAX"             @ string offset=1233
.Linfo_string67:
	.asciz	"GPIO_PIN_0"                    @ string offset=1251
.Linfo_string68:
	.asciz	"GPIO_PIN_1"                    @ string offset=1262
.Linfo_string69:
	.asciz	"GPIO_PIN_2"                    @ string offset=1273
.Linfo_string70:
	.asciz	"GPIO_PIN_3"                    @ string offset=1284
.Linfo_string71:
	.asciz	"GPIO_PIN_4"                    @ string offset=1295
.Linfo_string72:
	.asciz	"GPIO_PIN_5"                    @ string offset=1306
.Linfo_string73:
	.asciz	"GPIO_PIN_6"                    @ string offset=1317
.Linfo_string74:
	.asciz	"GPIO_PIN_7"                    @ string offset=1328
.Linfo_string75:
	.asciz	"GPIO_PIN_8"                    @ string offset=1339
.Linfo_string76:
	.asciz	"GPIO_PIN_MAX"                  @ string offset=1350
.Linfo_string77:
	.asciz	"AFIO_MUX_0"                    @ string offset=1363
.Linfo_string78:
	.asciz	"AFIO_MUX_1"                    @ string offset=1374
.Linfo_string79:
	.asciz	"AFIO_MUX_2"                    @ string offset=1385
.Linfo_string80:
	.asciz	"AFIO_MUX_3"                    @ string offset=1396
.Linfo_string81:
	.asciz	"AFIO_MUX_4"                    @ string offset=1407
.Linfo_string82:
	.asciz	"AFIO_MUX_5"                    @ string offset=1418
.Linfo_string83:
	.asciz	"AFIO_MUX_6"                    @ string offset=1429
.Linfo_string84:
	.asciz	"AFIO_MUX_7"                    @ string offset=1440
.Linfo_string85:
	.asciz	"CTRL"                          @ string offset=1451
.Linfo_string86:
	.asciz	"CTRL_F"                        @ string offset=1456
.Linfo_string87:
	.asciz	"SYNC_EN"                       @ string offset=1463
.Linfo_string88:
	.asciz	"PWM_SW_EN"                     @ string offset=1471
.Linfo_string89:
	.asciz	"AUTO_LD_EN"                    @ string offset=1481
.Linfo_string90:
	.asciz	"RESERVED4"                     @ string offset=1492
.Linfo_string91:
	.asciz	"LD_TRIG"                       @ string offset=1502
.Linfo_string92:
	.asciz	"RESERVED3"                     @ string offset=1510
.Linfo_string93:
	.asciz	"BRK_EN"                        @ string offset=1520
.Linfo_string94:
	.asciz	"RESERVED2"                     @ string offset=1527
.Linfo_string95:
	.asciz	"CH_SYNC_EN"                    @ string offset=1537
.Linfo_string96:
	.asciz	"CH_SYNC_SEL"                   @ string offset=1548
.Linfo_string97:
	.asciz	"RESERVED1"                     @ string offset=1560
.Linfo_string98:
	.asciz	"PWM_STP"                       @ string offset=1570
.Linfo_string99:
	.asciz	"RESERVED0"                     @ string offset=1578
.Linfo_string100:
	.asciz	"PWM_CTRL_FIELD_T"              @ string offset=1588
.Linfo_string101:
	.asciz	"CNT_CTRL"                      @ string offset=1605
.Linfo_string102:
	.asciz	"CNT_CTRL_F"                    @ string offset=1614
.Linfo_string103:
	.asciz	"CNT0_EN"                       @ string offset=1625
.Linfo_string104:
	.asciz	"CNT1_EN"                       @ string offset=1633
.Linfo_string105:
	.asciz	"CNT0_MODE"                     @ string offset=1641
.Linfo_string106:
	.asciz	"CNT1_MODE"                     @ string offset=1651
.Linfo_string107:
	.asciz	"CNT0_ONE_SHOT_EN"              @ string offset=1661
.Linfo_string108:
	.asciz	"CNT1_ONE_SHOT_EN"              @ string offset=1678
.Linfo_string109:
	.asciz	"CNT0_ONE_SHOT_TRIG"            @ string offset=1695
.Linfo_string110:
	.asciz	"CNT1_ONE_SHOT_TRIG"            @ string offset=1714
.Linfo_string111:
	.asciz	"CNT0_EN_MODE"                  @ string offset=1733
.Linfo_string112:
	.asciz	"CNT1_EN_MODE"                  @ string offset=1746
.Linfo_string113:
	.asciz	"PWM_CNT_CTRL_FIELD_T"          @ string offset=1759
.Linfo_string114:
	.asciz	"CNT_CFG"                       @ string offset=1780
.Linfo_string115:
	.asciz	"CNT_CFG_F"                     @ string offset=1788
.Linfo_string116:
	.asciz	"PERIOD0"                       @ string offset=1798
.Linfo_string117:
	.asciz	"PERIOD1"                       @ string offset=1806
.Linfo_string118:
	.asciz	"PWM_CNT_CFG_FIELD_T"           @ string offset=1814
.Linfo_string119:
	.asciz	"CH_CTRL"                       @ string offset=1834
.Linfo_string120:
	.asciz	"CH_CTRL_F"                     @ string offset=1842
.Linfo_string121:
	.asciz	"CH0_EN"                        @ string offset=1852
.Linfo_string122:
	.asciz	"CH1_EN"                        @ string offset=1859
.Linfo_string123:
	.asciz	"CH2_EN"                        @ string offset=1866
.Linfo_string124:
	.asciz	"CH3_EN"                        @ string offset=1873
.Linfo_string125:
	.asciz	"CH0_PTY"                       @ string offset=1880
.Linfo_string126:
	.asciz	"CH1_PTY"                       @ string offset=1888
.Linfo_string127:
	.asciz	"CH2_PTY"                       @ string offset=1896
.Linfo_string128:
	.asciz	"CH3_PTY"                       @ string offset=1904
.Linfo_string129:
	.asciz	"CH0_MODE"                      @ string offset=1912
.Linfo_string130:
	.asciz	"CH1_MODE"                      @ string offset=1921
.Linfo_string131:
	.asciz	"CH2_MODE"                      @ string offset=1930
.Linfo_string132:
	.asciz	"CH3_MODE"                      @ string offset=1939
.Linfo_string133:
	.asciz	"CH0_CNT_SEL"                   @ string offset=1948
.Linfo_string134:
	.asciz	"CH1_CNT_SEL"                   @ string offset=1960
.Linfo_string135:
	.asciz	"CH2_CNT_SEL"                   @ string offset=1972
.Linfo_string136:
	.asciz	"CH3_CNT_SEL"                   @ string offset=1984
.Linfo_string137:
	.asciz	"PWM_CH_CTRL_FIELD_T"           @ string offset=1996
.Linfo_string138:
	.asciz	"CH0_PWM_CFG"                   @ string offset=2016
.Linfo_string139:
	.asciz	"CH0_PWM_CFG_F"                 @ string offset=2028
.Linfo_string140:
	.asciz	"LT0"                           @ string offset=2042
.Linfo_string141:
	.asciz	"HT0"                           @ string offset=2046
.Linfo_string142:
	.asciz	"PWM_CH0_PWM_CFG_FIELD_T"       @ string offset=2050
.Linfo_string143:
	.asciz	"CH1_PWM_CFG"                   @ string offset=2074
.Linfo_string144:
	.asciz	"CH1_PWM_CFG_F"                 @ string offset=2086
.Linfo_string145:
	.asciz	"LT1"                           @ string offset=2100
.Linfo_string146:
	.asciz	"HT1"                           @ string offset=2104
.Linfo_string147:
	.asciz	"PWM_CH1_PWM_CFG_FIELD_T"       @ string offset=2108
.Linfo_string148:
	.asciz	"CH2_PWM_CFG"                   @ string offset=2132
.Linfo_string149:
	.asciz	"CH2_PWM_CFG_F"                 @ string offset=2144
.Linfo_string150:
	.asciz	"LT2"                           @ string offset=2158
.Linfo_string151:
	.asciz	"HT2"                           @ string offset=2162
.Linfo_string152:
	.asciz	"PWM_CH2_PWM_CFG_FIELD_T"       @ string offset=2166
.Linfo_string153:
	.asciz	"CH3_PWM_CFG"                   @ string offset=2190
.Linfo_string154:
	.asciz	"CH3_PWM_CFG_F"                 @ string offset=2202
.Linfo_string155:
	.asciz	"LT3"                           @ string offset=2216
.Linfo_string156:
	.asciz	"HT3"                           @ string offset=2220
.Linfo_string157:
	.asciz	"PWM_CH3_PWM_CFG_FIELD_T"       @ string offset=2224
.Linfo_string158:
	.asciz	"CNT_VAL"                       @ string offset=2248
.Linfo_string159:
	.asciz	"CNT_VAL_F"                     @ string offset=2256
.Linfo_string160:
	.asciz	"CNT0_VAL"                      @ string offset=2266
.Linfo_string161:
	.asciz	"CNT1_VAL"                      @ string offset=2275
.Linfo_string162:
	.asciz	"PWM_CNT_VAL_FIELD_T"           @ string offset=2284
.Linfo_string163:
	.asciz	"STATUS"                        @ string offset=2304
.Linfo_string164:
	.asciz	"STATUS_F"                      @ string offset=2311
.Linfo_string165:
	.asciz	"BRK_IN_VAL"                    @ string offset=2320
.Linfo_string166:
	.asciz	"CH0_OUT"                       @ string offset=2331
.Linfo_string167:
	.asciz	"CH1_OUT"                       @ string offset=2339
.Linfo_string168:
	.asciz	"CH2_OUT"                       @ string offset=2347
.Linfo_string169:
	.asciz	"CH3_OUT"                       @ string offset=2355
.Linfo_string170:
	.asciz	"LDO5V_OCP"                     @ string offset=2363
.Linfo_string171:
	.asciz	"PWM_STATUS_FIELD_T"            @ string offset=2373
.Linfo_string172:
	.asciz	"IMR"                           @ string offset=2392
.Linfo_string173:
	.asciz	"IMR_F"                         @ string offset=2396
.Linfo_string174:
	.asciz	"BRK_INT_MSK"                   @ string offset=2402
.Linfo_string175:
	.asciz	"CNT0_OVF_INT_MSK"              @ string offset=2414
.Linfo_string176:
	.asciz	"CNT0_UDF_INT_MSK"              @ string offset=2431
.Linfo_string177:
	.asciz	"CNT1_OVF_INT_MSK"              @ string offset=2448
.Linfo_string178:
	.asciz	"CNT1_UDF_INT_MSK"              @ string offset=2465
.Linfo_string179:
	.asciz	"CH0_PWM_SET_INT_MSK"           @ string offset=2482
.Linfo_string180:
	.asciz	"CH0_PWM_CLR_INT_MSK"           @ string offset=2502
.Linfo_string181:
	.asciz	"CH1_PWM_SET_INT_MSK"           @ string offset=2522
.Linfo_string182:
	.asciz	"CH1_PWM_CLR_INT_MSK"           @ string offset=2542
.Linfo_string183:
	.asciz	"CH2_PWM_SET_INT_MSK"           @ string offset=2562
.Linfo_string184:
	.asciz	"CH2_PWM_CLR_INT_MSK"           @ string offset=2582
.Linfo_string185:
	.asciz	"CH3_PWM_SET_INT_MSK"           @ string offset=2602
.Linfo_string186:
	.asciz	"CH3_PWM_CLR_INT_MSK"           @ string offset=2622
.Linfo_string187:
	.asciz	"LDO5V_RDY_INT_MSK"             @ string offset=2642
.Linfo_string188:
	.asciz	"LDO5V_OCP_RE_INT_MSK"          @ string offset=2660
.Linfo_string189:
	.asciz	"LDO5V_OCP_FE_INT_MSK"          @ string offset=2681
.Linfo_string190:
	.asciz	"PWM_IMR_FIELD_T"               @ string offset=2702
.Linfo_string191:
	.asciz	"ICR"                           @ string offset=2718
.Linfo_string192:
	.asciz	"ICR_F"                         @ string offset=2722
.Linfo_string193:
	.asciz	"BRK_INT_CLR"                   @ string offset=2728
.Linfo_string194:
	.asciz	"CNT0_OVF_INT_CLR"              @ string offset=2740
.Linfo_string195:
	.asciz	"CNT0_UDF_INT_CLR"              @ string offset=2757
.Linfo_string196:
	.asciz	"CNT1_OVF_INT_CLR"              @ string offset=2774
.Linfo_string197:
	.asciz	"CNT1_UDF_INT_CLR"              @ string offset=2791
.Linfo_string198:
	.asciz	"CH0_PWM_SET_INT_CLR"           @ string offset=2808
.Linfo_string199:
	.asciz	"CH0_PWM_CLR_INT_CLR"           @ string offset=2828
.Linfo_string200:
	.asciz	"CH1_PWM_SET_INT_CLR"           @ string offset=2848
.Linfo_string201:
	.asciz	"CH1_PWM_CLR_INT_CLR"           @ string offset=2868
.Linfo_string202:
	.asciz	"CH2_PWM_SET_INT_CLR"           @ string offset=2888
.Linfo_string203:
	.asciz	"CH2_PWM_CLR_INT_CLR"           @ string offset=2908
.Linfo_string204:
	.asciz	"CH3_PWM_SET_INT_CLR"           @ string offset=2928
.Linfo_string205:
	.asciz	"CH3_PWM_CLR_INT_CLR"           @ string offset=2948
.Linfo_string206:
	.asciz	"LDO5V_RDY_INT_CLR"             @ string offset=2968
.Linfo_string207:
	.asciz	"LDO5V_OCP_RE_INT_CLR"          @ string offset=2986
.Linfo_string208:
	.asciz	"LDO5V_OCP_FE_INT_CLR"          @ string offset=3007
.Linfo_string209:
	.asciz	"PWM_ICR_FIELD_T"               @ string offset=3028
.Linfo_string210:
	.asciz	"ISR"                           @ string offset=3044
.Linfo_string211:
	.asciz	"ISR_F"                         @ string offset=3048
.Linfo_string212:
	.asciz	"BRK_INT_STATUS"                @ string offset=3054
.Linfo_string213:
	.asciz	"CNT0_OVF_INT_STATUS"           @ string offset=3069
.Linfo_string214:
	.asciz	"CNT0_UDF_INT_STATUS"           @ string offset=3089
.Linfo_string215:
	.asciz	"CNT1_OVF_INT_STATUS"           @ string offset=3109
.Linfo_string216:
	.asciz	"CNT1_UDF_INT_STATUS"           @ string offset=3129
.Linfo_string217:
	.asciz	"CH0_PWM_SET_INT_STATUS"        @ string offset=3149
.Linfo_string218:
	.asciz	"CH0_PWM_CLR_INT_STATUS"        @ string offset=3172
.Linfo_string219:
	.asciz	"CH1_PWM_SET_INT_STATUS"        @ string offset=3195
.Linfo_string220:
	.asciz	"CH1_PWM_CLR_INT_STATUS"        @ string offset=3218
.Linfo_string221:
	.asciz	"CH2_PWM_SET_INT_STATUS"        @ string offset=3241
.Linfo_string222:
	.asciz	"CH2_PWM_CLR_INT_STATUS"        @ string offset=3264
.Linfo_string223:
	.asciz	"CH3_PWM_SET_INT_STATUS"        @ string offset=3287
.Linfo_string224:
	.asciz	"CH3_PWM_CLR_INT_STATUS"        @ string offset=3310
.Linfo_string225:
	.asciz	"LDO5V_RDY_INT_STATUS"          @ string offset=3333
.Linfo_string226:
	.asciz	"LDO5V_OCP_RE_INT_STATUS"       @ string offset=3354
.Linfo_string227:
	.asciz	"LDO5V_OCP_FE_INT_STATUS"       @ string offset=3378
.Linfo_string228:
	.asciz	"PWM_ISR_FIELD_T"               @ string offset=3402
.Linfo_string229:
	.asciz	"IRSR"                          @ string offset=3418
.Linfo_string230:
	.asciz	"IRSR_F"                        @ string offset=3423
.Linfo_string231:
	.asciz	"BRK_INT_RAW_STATUS"            @ string offset=3430
.Linfo_string232:
	.asciz	"CNT0_OVF_INT_RAW_STATUS"       @ string offset=3449
.Linfo_string233:
	.asciz	"CNT0_UDF_INT_RAW_STATUS"       @ string offset=3473
.Linfo_string234:
	.asciz	"CNT1_OVF_INT_RAW_STATUS"       @ string offset=3497
.Linfo_string235:
	.asciz	"CNT1_UDF_INT_RAW_STATUS"       @ string offset=3521
.Linfo_string236:
	.asciz	"CH0_PWM_SET_INT_RAW_STATUS"    @ string offset=3545
.Linfo_string237:
	.asciz	"CH0_PWM_CLR_INT_RAW_STATUS"    @ string offset=3572
.Linfo_string238:
	.asciz	"CH1_PWM_SET_INT_RAW_STATUS"    @ string offset=3599
.Linfo_string239:
	.asciz	"CH1_PWM_CLR_INT_RAW_STATUS"    @ string offset=3626
.Linfo_string240:
	.asciz	"CH2_PWM_SET_INT_RAW_STATUS"    @ string offset=3653
.Linfo_string241:
	.asciz	"CH2_PWM_CLR_INT_RAW_STATUS"    @ string offset=3680
.Linfo_string242:
	.asciz	"CH3_PWM_SET_INT_RAW_STATUS"    @ string offset=3707
.Linfo_string243:
	.asciz	"CH3_PWM_CLR_INT_RAW_STATUS"    @ string offset=3734
.Linfo_string244:
	.asciz	"LDO5V_RDY_INT_RAW_STATUS"      @ string offset=3761
.Linfo_string245:
	.asciz	"LDO5V_OCP_RE_INT_RAW_STATUS"   @ string offset=3786
.Linfo_string246:
	.asciz	"LDO5V_OCP_FE_INT_RAW_STATUS"   @ string offset=3814
.Linfo_string247:
	.asciz	"PWM_IRSR_FIELD_T"              @ string offset=3842
.Linfo_string248:
	.asciz	"LED_CTRL"                      @ string offset=3859
.Linfo_string249:
	.asciz	"LED_CTRL_F"                    @ string offset=3868
.Linfo_string250:
	.asciz	"LED_EN"                        @ string offset=3879
.Linfo_string251:
	.asciz	"LED_LDO5V_EN"                  @ string offset=3886
.Linfo_string252:
	.asciz	"LED_LDO5V_OUT_SEL"             @ string offset=3899
.Linfo_string253:
	.asciz	"LED_RESERVE"                   @ string offset=3917
.Linfo_string254:
	.asciz	"LED_LDO_RDY"                   @ string offset=3929
.Linfo_string255:
	.asciz	"PWM_LED_CTRL_FIELD_T"          @ string offset=3941
.Linfo_string256:
	.asciz	"LED_LC0_CTRL"                  @ string offset=3962
.Linfo_string257:
	.asciz	"LED_LC0_CTRL_F"                @ string offset=3975
.Linfo_string258:
	.asciz	"LED_LC0_DIAG_EN"               @ string offset=3990
.Linfo_string259:
	.asciz	"LED_LC0_DISPU_EN"              @ string offset=4006
.Linfo_string260:
	.asciz	"LED_LC0_IOUT_SEL"              @ string offset=4023
.Linfo_string261:
	.asciz	"LED_LC0_SEL_TR"                @ string offset=4040
.Linfo_string262:
	.asciz	"LED_LC0_SEL_TF"                @ string offset=4055
.Linfo_string263:
	.asciz	"PWM_LED_LC0_CTRL_FIELD_T"      @ string offset=4070
.Linfo_string264:
	.asciz	"LED_LC1_CTRL"                  @ string offset=4095
.Linfo_string265:
	.asciz	"LED_LC1_CTRL_F"                @ string offset=4108
.Linfo_string266:
	.asciz	"LED_LC1_DIAG_EN"               @ string offset=4123
.Linfo_string267:
	.asciz	"LED_LC1_DISPU_EN"              @ string offset=4139
.Linfo_string268:
	.asciz	"LED_LC1_IOUT_SEL"              @ string offset=4156
.Linfo_string269:
	.asciz	"LED_LC1_SEL_TR"                @ string offset=4173
.Linfo_string270:
	.asciz	"LED_LC1_SEL_TF"                @ string offset=4188
.Linfo_string271:
	.asciz	"PWM_LED_LC1_CTRL_FIELD_T"      @ string offset=4203
.Linfo_string272:
	.asciz	"LED_LC2_CTRL"                  @ string offset=4228
.Linfo_string273:
	.asciz	"LED_LC2_CTRL_F"                @ string offset=4241
.Linfo_string274:
	.asciz	"LED_LC2_DIAG_EN"               @ string offset=4256
.Linfo_string275:
	.asciz	"LED_LC2_DISPU_EN"              @ string offset=4272
.Linfo_string276:
	.asciz	"LED_LC2_IOUT_SEL"              @ string offset=4289
.Linfo_string277:
	.asciz	"LED_LC2_SEL_TR"                @ string offset=4306
.Linfo_string278:
	.asciz	"LED_LC2_SEL_TF"                @ string offset=4321
.Linfo_string279:
	.asciz	"PWM_LED_LC2_CTRL_FIELD_T"      @ string offset=4336
.Linfo_string280:
	.asciz	"__ARRAY_SIZE_TYPE__"           @ string offset=4361
.Linfo_string281:
	.asciz	"WR_LOCK"                       @ string offset=4381
.Linfo_string282:
	.asciz	"WR_LOCK_F"                     @ string offset=4389
.Linfo_string283:
	.asciz	"PWM_WR_LOCK_FIELD_T"           @ string offset=4399
.Linfo_string284:
	.asciz	"PWM_REG_TypeDef"               @ string offset=4419
.Linfo_string285:
	.asciz	"HCLK_CTRL"                     @ string offset=4435
.Linfo_string286:
	.asciz	"HCLK_CTRL_F"                   @ string offset=4445
.Linfo_string287:
	.asciz	"HCLK_SEL"                      @ string offset=4457
.Linfo_string288:
	.asciz	"HCLK_DIV_LOAD"                 @ string offset=4466
.Linfo_string289:
	.asciz	"HCLK_DIV"                      @ string offset=4480
.Linfo_string290:
	.asciz	"AUTO_HCLK_FORCE_EN"            @ string offset=4489
.Linfo_string291:
	.asciz	"CRG_HCLK_CTRL_FIELD_T"         @ string offset=4508
.Linfo_string292:
	.asciz	"PCLK_CTRL"                     @ string offset=4530
.Linfo_string293:
	.asciz	"PCLK_CTRL_F"                   @ string offset=4540
.Linfo_string294:
	.asciz	"PCLK_DIV"                      @ string offset=4552
.Linfo_string295:
	.asciz	"PCLK_DIV_LOAD"                 @ string offset=4561
.Linfo_string296:
	.asciz	"PCLK_EN_TEST"                  @ string offset=4575
.Linfo_string297:
	.asciz	"PCLK_EN_ASYSCFG"               @ string offset=4588
.Linfo_string298:
	.asciz	"CRG_PCLK_CTRL_FIELD_T"         @ string offset=4604
.Linfo_string299:
	.asciz	"M0_CLKRST_CTRL"                @ string offset=4626
.Linfo_string300:
	.asciz	"M0_CLKRST_CTRL_F"              @ string offset=4641
.Linfo_string301:
	.asciz	"RST_M0"                        @ string offset=4658
.Linfo_string302:
	.asciz	"FCLK_EN_SYSTICK"               @ string offset=4665
.Linfo_string303:
	.asciz	"FCLK_DIV_SYSTICK"              @ string offset=4681
.Linfo_string304:
	.asciz	"CRG_M0_CLKRST_CTRL_FIELD_T"    @ string offset=4698
.Linfo_string305:
	.asciz	"TIM_LITE_CLKRST_CTRL"          @ string offset=4725
.Linfo_string306:
	.asciz	"TIM_LITE_CLKRST_CTRL_F"        @ string offset=4746
.Linfo_string307:
	.asciz	"RST_TIM_LITE"                  @ string offset=4769
.Linfo_string308:
	.asciz	"PCLK_EN_TIM_LITE"              @ string offset=4782
.Linfo_string309:
	.asciz	"FCLK_EN_TIM_LITE"              @ string offset=4799
.Linfo_string310:
	.asciz	"FCLK_SEL_TIM_LITE"             @ string offset=4816
.Linfo_string311:
	.asciz	"FCLK_DIV_TIM_LITE"             @ string offset=4834
.Linfo_string312:
	.asciz	"CRG_TIM_LITE_CLKRST_CTRL_FIELD_T" @ string offset=4852
.Linfo_string313:
	.asciz	"PRINT_UART_CLKRST_CTRL"        @ string offset=4885
.Linfo_string314:
	.asciz	"PRINT_UART_CLKRST_CTRL_F"      @ string offset=4908
.Linfo_string315:
	.asciz	"RST_PRINT_UART"                @ string offset=4933
.Linfo_string316:
	.asciz	"PCLK_EN_PRINT_UART"            @ string offset=4948
.Linfo_string317:
	.asciz	"CRG_PRINT_UART_CLKRST_CTRL_FIELD_T" @ string offset=4967
.Linfo_string318:
	.asciz	"IWDG_CLKRST_CTRL"              @ string offset=5002
.Linfo_string319:
	.asciz	"IWDG_CLKRST_CTRL_F"            @ string offset=5019
.Linfo_string320:
	.asciz	"PCLK_EN_IWDG"                  @ string offset=5038
.Linfo_string321:
	.asciz	"CRG_IWDG_CLKRST_CTRL_FIELD_T"  @ string offset=5051
.Linfo_string322:
	.asciz	"PWM_CLKRST_CTRL"               @ string offset=5080
.Linfo_string323:
	.asciz	"PWM_CLKRST_CTRL_F"             @ string offset=5096
.Linfo_string324:
	.asciz	"RST_PWM"                       @ string offset=5114
.Linfo_string325:
	.asciz	"PCLK_EN_PWM"                   @ string offset=5122
.Linfo_string326:
	.asciz	"FCLK_EN_PWM"                   @ string offset=5134
.Linfo_string327:
	.asciz	"FCLK_SEL_PWM"                  @ string offset=5146
.Linfo_string328:
	.asciz	"FCLK_DIV_PWM"                  @ string offset=5159
.Linfo_string329:
	.asciz	"CRG_PWM_CLKRST_CTRL_FIELD_T"   @ string offset=5172
.Linfo_string330:
	.asciz	"ADC_CLKRST_CTRL"               @ string offset=5200
.Linfo_string331:
	.asciz	"ADC_CLKRST_CTRL_F"             @ string offset=5216
.Linfo_string332:
	.asciz	"RST_ADC"                       @ string offset=5234
.Linfo_string333:
	.asciz	"PCLK_EN_ADC"                   @ string offset=5242
.Linfo_string334:
	.asciz	"FCLK_EN_ADC"                   @ string offset=5254
.Linfo_string335:
	.asciz	"FCLK_DIV_ADC"                  @ string offset=5266
.Linfo_string336:
	.asciz	"CRG_ADC_CLKRST_CTRL_FIELD_T"   @ string offset=5279
.Linfo_string337:
	.asciz	"LIN_SCI_CLKRST_CTRL"           @ string offset=5307
.Linfo_string338:
	.asciz	"LIN_SCI_CLKRST_CTRL_F"         @ string offset=5327
.Linfo_string339:
	.asciz	"RST_LIN_SCI"                   @ string offset=5349
.Linfo_string340:
	.asciz	"PCLK_EN_LIN_SCI"               @ string offset=5361
.Linfo_string341:
	.asciz	"FCLK_EN_LIN_SCI"               @ string offset=5377
.Linfo_string342:
	.asciz	"FCLK_DIV_LIN_SCI"              @ string offset=5393
.Linfo_string343:
	.asciz	"CRG_LIN_SCI_CLKRST_CTRL_FIELD_T" @ string offset=5410
.Linfo_string344:
	.asciz	"GPIO_CLKRST_CTRL"              @ string offset=5442
.Linfo_string345:
	.asciz	"GPIO_CLKRST_CTRL_F"            @ string offset=5459
.Linfo_string346:
	.asciz	"RST_GPIO"                      @ string offset=5478
.Linfo_string347:
	.asciz	"PCLK_EN_GPIO"                  @ string offset=5487
.Linfo_string348:
	.asciz	"FCLK_EN_GPIO"                  @ string offset=5500
.Linfo_string349:
	.asciz	"FCLK_SEL_GPIO"                 @ string offset=5513
.Linfo_string350:
	.asciz	"FCLK_DIV_GPIO"                 @ string offset=5527
.Linfo_string351:
	.asciz	"CRG_GPIO_CLKRST_CTRL_FIELD_T"  @ string offset=5541
.Linfo_string352:
	.asciz	"PINMUX_CLKRST_CTRL"            @ string offset=5570
.Linfo_string353:
	.asciz	"PINMUX_CLKRST_CTRL_F"          @ string offset=5589
.Linfo_string354:
	.asciz	"RST_PINMUX"                    @ string offset=5610
.Linfo_string355:
	.asciz	"PCLK_EN_PINMUX"                @ string offset=5621
.Linfo_string356:
	.asciz	"CRG_PINMUX_CLKRST_CTRL_FIELD_T" @ string offset=5636
.Linfo_string357:
	.asciz	"RESERVED_T_CLKRST_CTRL"        @ string offset=5667
.Linfo_string358:
	.asciz	"RESERVED_T_CLKRST_CTRL_F"      @ string offset=5690
.Linfo_string359:
	.asciz	"RST_RESERVED_T"                @ string offset=5715
.Linfo_string360:
	.asciz	"PCLK_EN_RESERVED_T"            @ string offset=5730
.Linfo_string361:
	.asciz	"FCLK_EN_RESERVED_T"            @ string offset=5749
.Linfo_string362:
	.asciz	"FCLK_DIV_RESERVED_T"           @ string offset=5768
.Linfo_string363:
	.asciz	"CRG_RESERVED_T_CLKRST_CTRL_FIELD_T" @ string offset=5788
.Linfo_string364:
	.asciz	"RESERVED_S_CLKRST_CTRL"        @ string offset=5823
.Linfo_string365:
	.asciz	"RESERVED_S_CLKRST_CTRL_F"      @ string offset=5846
.Linfo_string366:
	.asciz	"RST_RESERVED_S"                @ string offset=5871
.Linfo_string367:
	.asciz	"PCLK_EN_RESERVED_S"            @ string offset=5886
.Linfo_string368:
	.asciz	"FCLK_EN_RESERVED_S"            @ string offset=5905
.Linfo_string369:
	.asciz	"FCLK_SEL_RESERVED_S"           @ string offset=5924
.Linfo_string370:
	.asciz	"FCLK_DIV_RESERVED_S"           @ string offset=5944
.Linfo_string371:
	.asciz	"CRG_RESERVED_S_CLKRST_CTRL_FIELD_T" @ string offset=5964
.Linfo_string372:
	.asciz	"LIN_SCI1_CLKRST_CTRL"          @ string offset=5999
.Linfo_string373:
	.asciz	"LIN_SCI1_CLKRST_CTRL_F"        @ string offset=6020
.Linfo_string374:
	.asciz	"RST_LIN_SCI1"                  @ string offset=6043
.Linfo_string375:
	.asciz	"PCLK_EN_LIN_SCI1"              @ string offset=6056
.Linfo_string376:
	.asciz	"FCLK_EN_LIN_SCI1"              @ string offset=6073
.Linfo_string377:
	.asciz	"FCLK_DIV_LIN_SCI1"             @ string offset=6090
.Linfo_string378:
	.asciz	"CRG_LIN_SCI1_CLKRST_CTRL_FIELD_T" @ string offset=6108
.Linfo_string379:
	.asciz	"HRC_SSG_CTRL"                  @ string offset=6141
.Linfo_string380:
	.asciz	"HRC_SSG_CTRL_F"                @ string offset=6154
.Linfo_string381:
	.asciz	"SSG_EN"                        @ string offset=6169
.Linfo_string382:
	.asciz	"SSG_SOFT_EN"                   @ string offset=6176
.Linfo_string383:
	.asciz	"SSG_AMP"                       @ string offset=6188
.Linfo_string384:
	.asciz	"SSG_MOD_FREQ_SEL"              @ string offset=6196
.Linfo_string385:
	.asciz	"SSG_ALPHA"                     @ string offset=6213
.Linfo_string386:
	.asciz	"SSG_BETA"                      @ string offset=6223
.Linfo_string387:
	.asciz	"SSG_SOFT_OUT"                  @ string offset=6232
.Linfo_string388:
	.asciz	"SSG_UPDT_BUSY"                 @ string offset=6245
.Linfo_string389:
	.asciz	"CRG_HRC_SSG_CTRL_FIELD_T"      @ string offset=6259
.Linfo_string390:
	.asciz	"CRG_LOCK"                      @ string offset=6284
.Linfo_string391:
	.asciz	"CRG_LOCK_F"                    @ string offset=6293
.Linfo_string392:
	.asciz	"CRG_CRG_LOCK_FIELD_T"          @ string offset=6304
.Linfo_string393:
	.asciz	"CRG_REG_TypeDef"               @ string offset=6325
.Linfo_string394:
	.asciz	"int"                           @ string offset=6341
.Linfo_string395:
	.asciz	"int32_t"                       @ string offset=6345
.Linfo_string396:
	.asciz	"ISER"                          @ string offset=6353
.Linfo_string397:
	.asciz	"ICER"                          @ string offset=6358
.Linfo_string398:
	.asciz	"ISPR"                          @ string offset=6363
.Linfo_string399:
	.asciz	"ICPR"                          @ string offset=6368
.Linfo_string400:
	.asciz	"IP"                            @ string offset=6373
.Linfo_string401:
	.asciz	"NVIC_Type"                     @ string offset=6376
.Linfo_string402:
	.asciz	"CPUID"                         @ string offset=6386
.Linfo_string403:
	.asciz	"ICSR"                          @ string offset=6392
.Linfo_string404:
	.asciz	"AIRCR"                         @ string offset=6397
.Linfo_string405:
	.asciz	"SCR"                           @ string offset=6403
.Linfo_string406:
	.asciz	"CCR"                           @ string offset=6407
.Linfo_string407:
	.asciz	"SHP"                           @ string offset=6411
.Linfo_string408:
	.asciz	"SHCSR"                         @ string offset=6415
.Linfo_string409:
	.asciz	"SCB_Type"                      @ string offset=6421
.Linfo_string410:
	.asciz	"__NVIC_ClearPendingIRQ"        @ string offset=6430
.Linfo_string411:
	.asciz	"IRQn_Type"                     @ string offset=6453
.Linfo_string412:
	.asciz	"__NVIC_EnableIRQ"              @ string offset=6463
.Linfo_string413:
	.asciz	"__NVIC_DisableIRQ"             @ string offset=6480
.Linfo_string414:
	.asciz	"ll_pwm_clk_config"             @ string offset=6498
.Linfo_string415:
	.asciz	"config"                        @ string offset=6516
.Linfo_string416:
	.asciz	"clk_source"                    @ string offset=6523
.Linfo_string417:
	.asciz	"fclk_src_e"                    @ string offset=6534
.Linfo_string418:
	.asciz	"fclk_div"                      @ string offset=6545
.Linfo_string419:
	.asciz	"uint8_t"                       @ string offset=6554
.Linfo_string420:
	.asciz	"ll_clk_config_t"               @ string offset=6562
.Linfo_string421:
	.asciz	"ll_pwm_isr_config"             @ string offset=6578
.Linfo_string422:
	.asciz	"isr"                           @ string offset=6596
.Linfo_string423:
	.asciz	"priority"                      @ string offset=6600
.Linfo_string424:
	.asciz	"isr_enable"                    @ string offset=6609
.Linfo_string425:
	.asciz	"_Bool"                         @ string offset=6620
.Linfo_string426:
	.asciz	"ll_isr_config_t"               @ string offset=6626
.Linfo_string427:
	.asciz	"callback"                      @ string offset=6642
.Linfo_string428:
	.asciz	"__NVIC_SetPriority"            @ string offset=6651
.Linfo_string429:
	.asciz	"ll_pwm_isr_flag_enable"        @ string offset=6670
.Linfo_string430:
	.asciz	"ll_status_e"                   @ string offset=6693
.Linfo_string431:
	.asciz	"ll_pwm_isr_enable"             @ string offset=6705
.Linfo_string432:
	.asciz	"ll_pwm_isr_clear"              @ string offset=6723
.Linfo_string433:
	.asciz	"ll_pwm_isr_flag_get"           @ string offset=6740
.Linfo_string434:
	.asciz	"ll_pwm_enable"                 @ string offset=6760
.Linfo_string435:
	.asciz	"ll_pwm_channel_threshold_config" @ string offset=6774
.Linfo_string436:
	.asciz	"ll_pwm_channel_period_config"  @ string offset=6806
.Linfo_string437:
	.asciz	"ll_pwm_high_threshold_get"     @ string offset=6835
.Linfo_string438:
	.asciz	"ll_pwm_channel_counter_get"    @ string offset=6861
.Linfo_string439:
	.asciz	"ll_pwm_break_set"              @ string offset=6888
.Linfo_string440:
	.asciz	"ll_pwm_status_get"             @ string offset=6905
.Linfo_string441:
	.asciz	"ll_led_exchannel_enable"       @ string offset=6923
.Linfo_string442:
	.asciz	"ll_pwm_deinit"                 @ string offset=6947
.Linfo_string443:
	.asciz	"ll_pwm_init"                   @ string offset=6961
.Linfo_string444:
	.asciz	"ll_pwm_count_config"           @ string offset=6973
.Linfo_string445:
	.asciz	"ll_pwm_channel_config"         @ string offset=6993
.Linfo_string446:
	.asciz	"ll_led_exchannel_init"         @ string offset=7015
.Linfo_string447:
	.asciz	"ll_led_switch_init"            @ string offset=7037
.Linfo_string448:
	.asciz	"PWM_IRQHandler"                @ string offset=7056
.Linfo_string449:
	.asciz	"bus"                           @ string offset=7071
.Linfo_string450:
	.asciz	"ll_pwm_bus_e"                  @ string offset=7075
.Linfo_string451:
	.asciz	"enable"                        @ string offset=7088
.Linfo_string452:
	.asciz	"flag"                          @ string offset=7095
.Linfo_string453:
	.asciz	"channel"                       @ string offset=7100
.Linfo_string454:
	.asciz	"ll_pwm_channel_e"              @ string offset=7108
.Linfo_string455:
	.asciz	"threshold_h"                   @ string offset=7125
.Linfo_string456:
	.asciz	"unsigned short"                @ string offset=7137
.Linfo_string457:
	.asciz	"uint16_t"                      @ string offset=7152
.Linfo_string458:
	.asciz	"threshold_l"                   @ string offset=7161
.Linfo_string459:
	.asciz	"pwm_reg"                       @ string offset=7173
.Linfo_string460:
	.asciz	"period"                        @ string offset=7181
.Linfo_string461:
	.asciz	"value"                         @ string offset=7188
.Linfo_string462:
	.asciz	"clk_cfg"                       @ string offset=7194
.Linfo_string463:
	.asciz	"isr_cfg"                       @ string offset=7202
.Linfo_string464:
	.asciz	"count_config"                  @ string offset=7210
.Linfo_string465:
	.asciz	"count_mode"                    @ string offset=7223
.Linfo_string466:
	.asciz	"ll_pwm_count_mode_e"           @ string offset=7234
.Linfo_string467:
	.asciz	"one_shot_enable"               @ string offset=7254
.Linfo_string468:
	.asciz	"sync_mode"                     @ string offset=7270
.Linfo_string469:
	.asciz	"ll_pwm_count_sync_mode_e"      @ string offset=7280
.Linfo_string470:
	.asciz	"ll_pwm_count_config_t"         @ string offset=7305
.Linfo_string471:
	.asciz	"pwm_sync_mode"                 @ string offset=7327
.Linfo_string472:
	.asciz	"ll_pwm_ch_sync_mode_e"         @ string offset=7341
.Linfo_string473:
	.asciz	"pwm_config_t"                  @ string offset=7363
.Linfo_string474:
	.asciz	"index"                         @ string offset=7376
.Linfo_string475:
	.asciz	"ll_pwm_count_index_e"          @ string offset=7382
.Linfo_string476:
	.asciz	"cnt_source"                    @ string offset=7403
.Linfo_string477:
	.asciz	"ll_pwm_cnt_source_e"           @ string offset=7414
.Linfo_string478:
	.asciz	"polarity"                      @ string offset=7434
.Linfo_string479:
	.asciz	"pwm_polarity_e"                @ string offset=7443
.Linfo_string480:
	.asciz	"out_mode"                      @ string offset=7458
.Linfo_string481:
	.asciz	"pwm_outmode_e"                 @ string offset=7467
.Linfo_string482:
	.asciz	"ll_pwm_channel_config_t"       @ string offset=7481
	.ident	"Component: Arm Compiler for Embedded 6.21 Tool: armclang [5ec1fd00]"
	.section	".note.GNU-stack","",%progbits
	.eabi_attribute	30, 4	@ Tag_ABI_optimization_goals
	.ARM_attribute	16, 1	@ Tag_AV_eba
	.section	.debug_line,"",%progbits
.Lline_table_start0:
