	.text
	.syntax unified
	.eabi_attribute	67, "2.09"	@ Tag_conformance
	.cpu	cortex-m0
	.eabi_attribute	6, 12	@ Tag_CPU_arch
	.eabi_attribute	7, 77	@ Tag_CPU_arch_profile
	.eabi_attribute	8, 0	@ Tag_ARM_ISA_use
	.eabi_attribute	9, 1	@ Tag_THUMB_ISA_use
	.eabi_attribute	34, 0	@ Tag_CPU_unaligned_access
	.eabi_attribute	17, 1	@ Tag_ABI_PCS_GOT_use
	.eabi_attribute	20, 2	@ Tag_ABI_FP_denormal
	.eabi_attribute	21, 0	@ Tag_ABI_FP_exceptions
	.eabi_attribute	23, 1	@ Tag_ABI_FP_number_model
	.eabi_attribute	24, 1	@ Tag_ABI_align_needed
	.eabi_attribute	25, 1	@ Tag_ABI_align_preserved
	.eabi_attribute	38, 1	@ Tag_ABI_FP_16bit_format
	.eabi_attribute	18, 2	@ Tag_ABI_PCS_wchar_t
	.eabi_attribute	26, 1	@ Tag_ABI_enum_size
	.eabi_attribute	14, 0	@ Tag_ABI_PCS_R9_use
	.file	"tcpl04x_ll_wdg.c"
	.file	1 "C:\\Keil_v5\\ARM\\ARMCLANG\\Bin\\..\\include" "stdint.h"
	.file	2 "C:\\baidunetdiskdownload\\\346\263\260\347\237\275\345\276\256\\\346\260\233\345\233\264\347\201\257\\TCPL0X_AUTO_SDK_V2.0.0\\TCPL0X_AUTO_SDK_V2.0.0\\examples\\tcpl04x\\demo_apps\\tcpl04b_swsc_lean\\MDK" "../07_TCPL04B_MCAL/tcpl04x_ll_def.h"
	.file	3 "C:\\baidunetdiskdownload\\\346\263\260\347\237\275\345\276\256\\\346\260\233\345\233\264\347\201\257\\TCPL0X_AUTO_SDK_V2.0.0\\TCPL0X_AUTO_SDK_V2.0.0\\examples\\tcpl04x\\demo_apps\\tcpl04b_swsc_lean\\MDK" "../07_TCPL04B_MCAL/tcpl04x_ll_wdg.c"
	.file	4 "C:\\baidunetdiskdownload\\\346\263\260\347\237\275\345\276\256\\\346\260\233\345\233\264\347\201\257\\TCPL0X_AUTO_SDK_V2.0.0\\TCPL0X_AUTO_SDK_V2.0.0\\examples\\tcpl04x\\demo_apps\\tcpl04b_swsc_lean\\MDK" "../06_TCPL04B_Device/tcpl04x.h"
	.file	5 "C:\\baidunetdiskdownload\\\346\263\260\347\237\275\345\276\256\\\346\260\233\345\233\264\347\201\257\\TCPL0X_AUTO_SDK_V2.0.0\\TCPL0X_AUTO_SDK_V2.0.0\\examples\\tcpl04x\\demo_apps\\tcpl04b_swsc_lean\\MDK" "../06_TCPL04B_Device/crg_reg_def.h"
	.file	6 "C:\\baidunetdiskdownload\\\346\263\260\347\237\275\345\276\256\\\346\260\233\345\233\264\347\201\257\\TCPL0X_AUTO_SDK_V2.0.0\\TCPL0X_AUTO_SDK_V2.0.0\\examples\\tcpl04x\\demo_apps\\tcpl04b_swsc_lean\\MDK" "../06_TCPL04B_Device/iwdg_reg_def.h"
	.file	7 "C:\\baidunetdiskdownload\\\346\263\260\347\237\275\345\276\256\\\346\260\233\345\233\264\347\201\257\\TCPL0X_AUTO_SDK_V2.0.0\\TCPL0X_AUTO_SDK_V2.0.0\\examples\\tcpl04x\\demo_apps\\tcpl04b_swsc_lean\\MDK" "../06_TCPL04B_Device/core_cm0.h"
	.section	.text.ll_wdg_init,"ax",%progbits
	.hidden	ll_wdg_init                     @ -- Begin function ll_wdg_init
	.globl	ll_wdg_init
	.p2align	2
	.type	ll_wdg_init,%function
	.code	16                              @ @ll_wdg_init
	.thumb_func
ll_wdg_init:
.Lfunc_begin0:
	.loc	3 36 0                          @ ../07_TCPL04B_MCAL/tcpl04x_ll_wdg.c:36:0
	.fnstart
	.cfi_sections .debug_frame
	.cfi_startproc
@ %bb.0:
	@DEBUG_VALUE: ll_wdg_init:config <- $r0
	@DEBUG_VALUE: ll_wdg_init:callback <- $r1
	.save	{r4, r5, r6, r7, lr}
	.pad	#4
	push	{r3, r4, r5, r6, r7, lr}
	.cfi_def_cfa_offset 24
	.cfi_offset lr, -4
	.cfi_offset r7, -8
	.cfi_offset r6, -12
	.cfi_offset r5, -16
	.cfi_offset r4, -20
	mov	r5, r1
.Ltmp0:
	@DEBUG_VALUE: ll_wdg_init:callback <- $r5
	mov	r4, r0
.Ltmp1:
	@DEBUG_VALUE: ll_wdg_init:config <- $r4
	.loc	3 37 5 prologue_end             @ ../07_TCPL04B_MCAL/tcpl04x_ll_wdg.c:37:5
	bl	ll_wdg_deinit
.Ltmp2:
	.loc	3 0 5 is_stmt 0                 @ ../07_TCPL04B_MCAL/tcpl04x_ll_wdg.c:0:5
	ldr	r1, __arm_cp.0_0
	ldr	r0, __arm_cp.0_1
	.loc	3 39 5 is_stmt 1                @ ../07_TCPL04B_MCAL/tcpl04x_ll_wdg.c:39:5
	str	r0, [r1]
	ldr	r0, __arm_cp.0_2
	.loc	3 40 42                         @ ../07_TCPL04B_MCAL/tcpl04x_ll_wdg.c:40:42
	ldr	r2, [r0]
	movs	r3, #2
	orrs	r2, r3
	str	r2, [r0]
	ldr	r0, __arm_cp.0_3
	.loc	3 41 5                          @ ../07_TCPL04B_MCAL/tcpl04x_ll_wdg.c:41:5
	str	r0, [r1]
	ldr	r1, __arm_cp.0_4
	ldr	r2, __arm_cp.0_5
	.loc	3 43 5                          @ ../07_TCPL04B_MCAL/tcpl04x_ll_wdg.c:43:5
	str	r2, [r1, #24]
	movs	r2, #1
	lsls	r6, r2, #8
	.loc	3 44 30                         @ ../07_TCPL04B_MCAL/tcpl04x_ll_wdg.c:44:30
	ldr	r7, [r1]
	orrs	r7, r6
	str	r7, [r1]
	.loc	3 45 36                         @ ../07_TCPL04B_MCAL/tcpl04x_ll_wdg.c:45:36
	ldrb	r6, [r4, #12]
	.loc	3 45 25 is_stmt 0               @ ../07_TCPL04B_MCAL/tcpl04x_ll_wdg.c:45:25
	ldr	r7, [r1]
	bics	r7, r3
	lsls	r3, r6, #25
	lsrs	r3, r3, #24
	orrs	r3, r7
	str	r3, [r1]
	.loc	3 46 40 is_stmt 1               @ ../07_TCPL04B_MCAL/tcpl04x_ll_wdg.c:46:40
	ldr	r3, [r4, #16]
	ldr	r6, __arm_cp.0_6
	.loc	3 46 50 is_stmt 0               @ ../07_TCPL04B_MCAL/tcpl04x_ll_wdg.c:46:50
	ands	r6, r3
	.loc	3 46 29                         @ ../07_TCPL04B_MCAL/tcpl04x_ll_wdg.c:46:29
	ldr	r3, [r1, #4]
	ldr	r7, __arm_cp.0_7
	ands	r7, r3
	adds	r3, r7, r6
	str	r3, [r1, #4]
	.loc	3 47 40 is_stmt 1               @ ../07_TCPL04B_MCAL/tcpl04x_ll_wdg.c:47:40
	ldrb	r3, [r4, #9]
	rsbs	r6, r3, #0
	adcs	r6, r3
	.loc	3 47 21 is_stmt 0               @ ../07_TCPL04B_MCAL/tcpl04x_ll_wdg.c:47:21
	ldr	r3, [r1, #20]
	bics	r3, r2
	adds	r3, r3, r6
	str	r3, [r1, #20]
	.loc	3 48 21 is_stmt 1               @ ../07_TCPL04B_MCAL/tcpl04x_ll_wdg.c:48:21
	ldr	r3, [r1, #16]
	orrs	r3, r2
	str	r3, [r1, #16]
	.loc	3 49 5                          @ ../07_TCPL04B_MCAL/tcpl04x_ll_wdg.c:49:5
	str	r0, [r1, #24]
.Ltmp3:
	.loc	3 51 25                         @ ../07_TCPL04B_MCAL/tcpl04x_ll_wdg.c:51:25
	ldrb	r0, [r4, #9]
.Ltmp4:
	.loc	3 51 9 is_stmt 0                @ ../07_TCPL04B_MCAL/tcpl04x_ll_wdg.c:51:9
	cmp	r0, #0
	beq	.LBB0_2
.Ltmp5:
@ %bb.1:
	@DEBUG_VALUE: ll_wdg_init:config <- $r4
	@DEBUG_VALUE: ll_wdg_init:callback <- $r5
	.loc	3 0 9                           @ ../07_TCPL04B_MCAL/tcpl04x_ll_wdg.c:0:9
	ldr	r0, __arm_cp.0_8
	movs	r1, #16
.Ltmp6:
	@DEBUG_VALUE: __NVIC_ClearPendingIRQ:IRQn <- 4
	.loc	7 693 24 is_stmt 1              @ ../06_TCPL04B_Device/core_cm0.h:693:24
	str	r1, [r0]
.Ltmp7:
	.loc	3 53 22                         @ ../07_TCPL04B_MCAL/tcpl04x_ll_wdg.c:53:22
	ldr	r0, __arm_cp.0_9
	str	r5, [r0]
	ldr	r0, __arm_cp.0_10
.Ltmp8:
	@DEBUG_VALUE: __NVIC_SetPriority:IRQn <- 4
	.loc	7 710 48                        @ ../06_TCPL04B_Device/core_cm0.h:710:48
	ldr	r1, [r0]
	movs	r2, #255
	.loc	7 710 73 is_stmt 0              @ ../06_TCPL04B_Device/core_cm0.h:710:73
	bics	r1, r2
.Ltmp9:
	.loc	3 56 37 is_stmt 1               @ ../07_TCPL04B_MCAL/tcpl04x_ll_wdg.c:56:37
	ldrb	r2, [r4, #8]
.Ltmp10:
	@DEBUG_VALUE: __NVIC_SetPriority:priority <- $r2
	.loc	7 711 49                        @ ../06_TCPL04B_Device/core_cm0.h:711:49
	lsls	r2, r2, #6
.Ltmp11:
	@DEBUG_VALUE: __NVIC_SetPriority:IRQn <- 4
	.loc	7 711 77 is_stmt 0              @ ../06_TCPL04B_Device/core_cm0.h:711:77
	uxtb	r2, r2
	.loc	7 710 106 is_stmt 1             @ ../06_TCPL04B_Device/core_cm0.h:710:106
	adds	r1, r2, r1
	.loc	7 710 34 is_stmt 0              @ ../06_TCPL04B_Device/core_cm0.h:710:34
	str	r1, [r0]
.Ltmp12:
.LBB0_2:
	@DEBUG_VALUE: ll_wdg_init:config <- $r4
	@DEBUG_VALUE: ll_wdg_init:callback <- $r5
	.loc	3 58 1 epilogue_begin is_stmt 1 @ ../07_TCPL04B_MCAL/tcpl04x_ll_wdg.c:58:1
	pop	{r3, r4, r5, r6, r7, pc}
.Ltmp13:
	.p2align	2
@ %bb.3:
	.loc	3 0 1 is_stmt 0                 @ ../07_TCPL04B_MCAL/tcpl04x_ll_wdg.c:0:1
__arm_cp.0_0:
	.long	1073746172                      @ 0x400010fc
.Lcpi_end0:
	.size	__arm_cp.0_0, .Lcpi_end0-__arm_cp.0_0
__arm_cp.0_1:
	.long	1515870810                      @ 0x5a5a5a5a
.Lcpi_end1:
	.size	__arm_cp.0_1, .Lcpi_end1-__arm_cp.0_1
__arm_cp.0_2:
	.long	1073745940                      @ 0x40001014
.Lcpi_end2:
	.size	__arm_cp.0_2, .Lcpi_end2-__arm_cp.0_2
__arm_cp.0_3:
	.long	305419896                       @ 0x12345678
.Lcpi_end3:
	.size	__arm_cp.0_3, .Lcpi_end3-__arm_cp.0_3
__arm_cp.0_4:
	.long	1073782784                      @ 0x4000a000
.Lcpi_end4:
	.size	__arm_cp.0_4, .Lcpi_end4-__arm_cp.0_4
__arm_cp.0_5:
	.long	2863289685                      @ 0xaaaa5555
.Lcpi_end5:
	.size	__arm_cp.0_5, .Lcpi_end5-__arm_cp.0_5
__arm_cp.0_6:
	.long	1048575                         @ 0xfffff
.Lcpi_end6:
	.size	__arm_cp.0_6, .Lcpi_end6-__arm_cp.0_6
__arm_cp.0_7:
	.long	4293918720                      @ 0xfff00000
.Lcpi_end7:
	.size	__arm_cp.0_7, .Lcpi_end7-__arm_cp.0_7
__arm_cp.0_8:
	.long	3758154368                      @ 0xe000e280
.Lcpi_end8:
	.size	__arm_cp.0_8, .Lcpi_end8-__arm_cp.0_8
__arm_cp.0_9:
	.long	wdg_callback
.Lcpi_end9:
	.size	__arm_cp.0_9, .Lcpi_end9-__arm_cp.0_9
__arm_cp.0_10:
	.long	3758154756                      @ 0xe000e404
.Lcpi_end10:
	.size	__arm_cp.0_10, .Lcpi_end10-__arm_cp.0_10
.Lfunc_end0:
	.size	ll_wdg_init, .Lfunc_end0-ll_wdg_init
	.cfi_endproc
	.cantunwind
	.fnend
                                        @ -- End function
	.section	.text.ll_wdg_deinit,"ax",%progbits
	.hidden	ll_wdg_deinit                   @ -- Begin function ll_wdg_deinit
	.globl	ll_wdg_deinit
	.p2align	2
	.type	ll_wdg_deinit,%function
	.code	16                              @ @ll_wdg_deinit
	.thumb_func
ll_wdg_deinit:
.Lfunc_begin1:
	.loc	3 68 0 is_stmt 1                @ ../07_TCPL04B_MCAL/tcpl04x_ll_wdg.c:68:0
	.fnstart
	.cfi_startproc
@ %bb.0:
	.save	{r4, lr}
	push	{r4, lr}
	.cfi_def_cfa_offset 8
	.cfi_offset lr, -4
	.cfi_offset r4, -8
	ldr	r0, __arm_cp.1_0
	movs	r1, #16
.Ltmp14:
	@DEBUG_VALUE: __NVIC_DisableIRQ:IRQn <- 4
	.loc	7 643 24 prologue_end           @ ../06_TCPL04B_Device/core_cm0.h:643:24
	str	r1, [r0]
	.loc	7 644 9                         @ ../06_TCPL04B_Device/core_cm0.h:644:9
	dsb	sy
	.loc	7 645 9                         @ ../06_TCPL04B_Device/core_cm0.h:645:9
	isb	sy
.Ltmp15:
	.loc	3 70 18                         @ ../07_TCPL04B_MCAL/tcpl04x_ll_wdg.c:70:18
	ldr	r0, __arm_cp.1_1
	movs	r1, #0
	str	r1, [r0]
	ldr	r0, __arm_cp.1_2
	ldr	r2, __arm_cp.1_3
	.loc	3 72 5                          @ ../07_TCPL04B_MCAL/tcpl04x_ll_wdg.c:72:5
	str	r2, [r0, #24]
	.loc	3 73 16                         @ ../07_TCPL04B_MCAL/tcpl04x_ll_wdg.c:73:16
	str	r1, [r0]
	.loc	3 74 29                         @ ../07_TCPL04B_MCAL/tcpl04x_ll_wdg.c:74:29
	ldr	r1, [r0, #4]
	ldr	r2, __arm_cp.1_4
	ands	r2, r1
	str	r2, [r0, #4]
	ldr	r1, __arm_cp.1_5
	.loc	3 75 5                          @ ../07_TCPL04B_MCAL/tcpl04x_ll_wdg.c:75:5
	str	r1, [r0, #24]
	ldr	r0, __arm_cp.1_6
	ldr	r2, __arm_cp.1_7
	.loc	3 77 5                          @ ../07_TCPL04B_MCAL/tcpl04x_ll_wdg.c:77:5
	str	r2, [r0]
	ldr	r2, __arm_cp.1_8
	.loc	3 78 42                         @ ../07_TCPL04B_MCAL/tcpl04x_ll_wdg.c:78:42
	ldr	r3, [r2]
	movs	r4, #2
	bics	r3, r4
	str	r3, [r2]
	.loc	3 79 5                          @ ../07_TCPL04B_MCAL/tcpl04x_ll_wdg.c:79:5
	str	r1, [r0]
	.loc	3 80 1 epilogue_begin           @ ../07_TCPL04B_MCAL/tcpl04x_ll_wdg.c:80:1
	pop	{r4, pc}
.Ltmp16:
	.p2align	2
@ %bb.1:
	.loc	3 0 1 is_stmt 0                 @ ../07_TCPL04B_MCAL/tcpl04x_ll_wdg.c:0:1
__arm_cp.1_0:
	.long	3758154112                      @ 0xe000e180
.Lcpi_end11:
	.size	__arm_cp.1_0, .Lcpi_end11-__arm_cp.1_0
__arm_cp.1_1:
	.long	wdg_callback
.Lcpi_end12:
	.size	__arm_cp.1_1, .Lcpi_end12-__arm_cp.1_1
__arm_cp.1_2:
	.long	1073782784                      @ 0x4000a000
.Lcpi_end13:
	.size	__arm_cp.1_2, .Lcpi_end13-__arm_cp.1_2
__arm_cp.1_3:
	.long	2863289685                      @ 0xaaaa5555
.Lcpi_end14:
	.size	__arm_cp.1_3, .Lcpi_end14-__arm_cp.1_3
__arm_cp.1_4:
	.long	4293918720                      @ 0xfff00000
.Lcpi_end15:
	.size	__arm_cp.1_4, .Lcpi_end15-__arm_cp.1_4
__arm_cp.1_5:
	.long	305419896                       @ 0x12345678
.Lcpi_end16:
	.size	__arm_cp.1_5, .Lcpi_end16-__arm_cp.1_5
__arm_cp.1_6:
	.long	1073746172                      @ 0x400010fc
.Lcpi_end17:
	.size	__arm_cp.1_6, .Lcpi_end17-__arm_cp.1_6
__arm_cp.1_7:
	.long	1515870810                      @ 0x5a5a5a5a
.Lcpi_end18:
	.size	__arm_cp.1_7, .Lcpi_end18-__arm_cp.1_7
__arm_cp.1_8:
	.long	1073745940                      @ 0x40001014
.Lcpi_end19:
	.size	__arm_cp.1_8, .Lcpi_end19-__arm_cp.1_8
.Lfunc_end1:
	.size	ll_wdg_deinit, .Lfunc_end1-ll_wdg_deinit
	.cfi_endproc
	.cantunwind
	.fnend
                                        @ -- End function
	.section	.text.ll_wdg_isr_enable,"ax",%progbits
	.hidden	ll_wdg_isr_enable               @ -- Begin function ll_wdg_isr_enable
	.globl	ll_wdg_isr_enable
	.p2align	2
	.type	ll_wdg_isr_enable,%function
	.code	16                              @ @ll_wdg_isr_enable
	.thumb_func
ll_wdg_isr_enable:
.Lfunc_begin2:
	.loc	3 90 0 is_stmt 1                @ ../07_TCPL04B_MCAL/tcpl04x_ll_wdg.c:90:0
	.fnstart
	.cfi_startproc
@ %bb.0:
	@DEBUG_VALUE: ll_wdg_isr_enable:enable <- [DW_OP_LLVM_convert 1 7, DW_OP_LLVM_convert 8 7, DW_OP_stack_value] $r0
	ldr	r2, __arm_cp.2_0
	movs	r1, #16
.Ltmp17:
	@DEBUG_VALUE: __NVIC_ClearPendingIRQ:IRQn <- 4
	.loc	7 693 24 prologue_end           @ ../06_TCPL04B_Device/core_cm0.h:693:24
	str	r1, [r2]
.Ltmp18:
	.loc	3 93 9                          @ ../07_TCPL04B_MCAL/tcpl04x_ll_wdg.c:93:9
	cmp	r0, #0
	beq	.LBB2_2
.Ltmp19:
@ %bb.1:
	@DEBUG_VALUE: ll_wdg_isr_enable:enable <- [DW_OP_LLVM_convert 1 7, DW_OP_LLVM_convert 8 7, DW_OP_stack_value] $r0
	@DEBUG_VALUE: __NVIC_EnableIRQ:IRQn <- 4
	.loc	7 607 9                         @ ../06_TCPL04B_Device/core_cm0.h:607:9
	@APP
	@NO_APP
	ldr	r0, __arm_cp.2_2
.Ltmp20:
	.loc	7 608 24                        @ ../06_TCPL04B_Device/core_cm0.h:608:24
	str	r1, [r0]
	.loc	7 609 9                         @ ../06_TCPL04B_Device/core_cm0.h:609:9
	@APP
	@NO_APP
.Ltmp21:
	.loc	3 101 1                         @ ../07_TCPL04B_MCAL/tcpl04x_ll_wdg.c:101:1
	bx	lr
.Ltmp22:
.LBB2_2:
	@DEBUG_VALUE: ll_wdg_isr_enable:enable <- [DW_OP_LLVM_convert 1 7, DW_OP_LLVM_convert 8 7, DW_OP_stack_value] $r0
	.loc	3 0 1 is_stmt 0                 @ ../07_TCPL04B_MCAL/tcpl04x_ll_wdg.c:0:1
	ldr	r0, __arm_cp.2_1
.Ltmp23:
	@DEBUG_VALUE: __NVIC_DisableIRQ:IRQn <- 4
	.loc	7 643 24 is_stmt 1              @ ../06_TCPL04B_Device/core_cm0.h:643:24
	str	r1, [r0]
	.loc	7 644 9                         @ ../06_TCPL04B_Device/core_cm0.h:644:9
	dsb	sy
	.loc	7 645 9                         @ ../06_TCPL04B_Device/core_cm0.h:645:9
	isb	sy
.Ltmp24:
	.loc	3 101 1                         @ ../07_TCPL04B_MCAL/tcpl04x_ll_wdg.c:101:1
	bx	lr
.Ltmp25:
	.p2align	2
@ %bb.3:
	.loc	3 0 1 is_stmt 0                 @ ../07_TCPL04B_MCAL/tcpl04x_ll_wdg.c:0:1
__arm_cp.2_0:
	.long	3758154368                      @ 0xe000e280
.Lcpi_end20:
	.size	__arm_cp.2_0, .Lcpi_end20-__arm_cp.2_0
__arm_cp.2_1:
	.long	3758154112                      @ 0xe000e180
.Lcpi_end21:
	.size	__arm_cp.2_1, .Lcpi_end21-__arm_cp.2_1
__arm_cp.2_2:
	.long	3758153984                      @ 0xe000e100
.Lcpi_end22:
	.size	__arm_cp.2_2, .Lcpi_end22-__arm_cp.2_2
.Lfunc_end2:
	.size	ll_wdg_isr_enable, .Lfunc_end2-ll_wdg_isr_enable
	.cfi_endproc
	.cantunwind
	.fnend
                                        @ -- End function
	.section	.text.ll_wdg_enable,"ax",%progbits
	.hidden	ll_wdg_enable                   @ -- Begin function ll_wdg_enable
	.globl	ll_wdg_enable
	.p2align	2
	.type	ll_wdg_enable,%function
	.code	16                              @ @ll_wdg_enable
	.thumb_func
ll_wdg_enable:
.Lfunc_begin3:
	.loc	3 111 0 is_stmt 1               @ ../07_TCPL04B_MCAL/tcpl04x_ll_wdg.c:111:0
	.fnstart
	.cfi_startproc
@ %bb.0:
	@DEBUG_VALUE: ll_wdg_enable:enable <- [DW_OP_LLVM_convert 1 7, DW_OP_LLVM_convert 8 7, DW_OP_stack_value] $r0
	ldr	r1, __arm_cp.3_0
	ldr	r2, __arm_cp.3_1
.Ltmp26:
	.loc	3 112 5 prologue_end            @ ../07_TCPL04B_MCAL/tcpl04x_ll_wdg.c:112:5
	str	r2, [r1, #24]
	.loc	3 113 21                        @ ../07_TCPL04B_MCAL/tcpl04x_ll_wdg.c:113:21
	ldr	r2, [r1]
	movs	r3, #1
	bics	r2, r3
	adds	r0, r2, r0
.Ltmp27:
	str	r0, [r1]
	ldr	r0, __arm_cp.3_2
	.loc	3 114 5                         @ ../07_TCPL04B_MCAL/tcpl04x_ll_wdg.c:114:5
	str	r0, [r1, #24]
	.loc	3 115 1                         @ ../07_TCPL04B_MCAL/tcpl04x_ll_wdg.c:115:1
	bx	lr
.Ltmp28:
	.p2align	2
@ %bb.1:
	.loc	3 0 1 is_stmt 0                 @ ../07_TCPL04B_MCAL/tcpl04x_ll_wdg.c:0:1
__arm_cp.3_0:
	.long	1073782784                      @ 0x4000a000
.Lcpi_end23:
	.size	__arm_cp.3_0, .Lcpi_end23-__arm_cp.3_0
__arm_cp.3_1:
	.long	2863289685                      @ 0xaaaa5555
.Lcpi_end24:
	.size	__arm_cp.3_1, .Lcpi_end24-__arm_cp.3_1
__arm_cp.3_2:
	.long	305419896                       @ 0x12345678
.Lcpi_end25:
	.size	__arm_cp.3_2, .Lcpi_end25-__arm_cp.3_2
.Lfunc_end3:
	.size	ll_wdg_enable, .Lfunc_end3-ll_wdg_enable
	.cfi_endproc
	.cantunwind
	.fnend
                                        @ -- End function
	.section	.text.ll_wdg_reload,"ax",%progbits
	.hidden	ll_wdg_reload                   @ -- Begin function ll_wdg_reload
	.globl	ll_wdg_reload
	.p2align	2
	.type	ll_wdg_reload,%function
	.code	16                              @ @ll_wdg_reload
	.thumb_func
ll_wdg_reload:
.Lfunc_begin4:
	.loc	3 123 0 is_stmt 1               @ ../07_TCPL04B_MCAL/tcpl04x_ll_wdg.c:123:0
	.fnstart
	.cfi_startproc
@ %bb.0:
	ldr	r0, __arm_cp.4_0
	ldr	r1, __arm_cp.4_1
.Ltmp29:
	.loc	3 124 5 prologue_end            @ ../07_TCPL04B_MCAL/tcpl04x_ll_wdg.c:124:5
	str	r1, [r0, #8]
	.loc	3 125 21                        @ ../07_TCPL04B_MCAL/tcpl04x_ll_wdg.c:125:21
	ldr	r1, [r0]
	movs	r2, #1
	orrs	r2, r1
	str	r2, [r0]
	ldr	r1, __arm_cp.4_2
	.loc	3 126 5                         @ ../07_TCPL04B_MCAL/tcpl04x_ll_wdg.c:126:5
	str	r1, [r0, #8]
	.loc	3 127 1                         @ ../07_TCPL04B_MCAL/tcpl04x_ll_wdg.c:127:1
	bx	lr
.Ltmp30:
	.p2align	2
@ %bb.1:
	.loc	3 0 1 is_stmt 0                 @ ../07_TCPL04B_MCAL/tcpl04x_ll_wdg.c:0:1
__arm_cp.4_0:
	.long	1073782800                      @ 0x4000a010
.Lcpi_end26:
	.size	__arm_cp.4_0, .Lcpi_end26-__arm_cp.4_0
__arm_cp.4_1:
	.long	2863289685                      @ 0xaaaa5555
.Lcpi_end27:
	.size	__arm_cp.4_1, .Lcpi_end27-__arm_cp.4_1
__arm_cp.4_2:
	.long	305419896                       @ 0x12345678
.Lcpi_end28:
	.size	__arm_cp.4_2, .Lcpi_end28-__arm_cp.4_2
.Lfunc_end4:
	.size	ll_wdg_reload, .Lfunc_end4-ll_wdg_reload
	.cfi_endproc
	.cantunwind
	.fnend
                                        @ -- End function
	.section	.text.ll_wdg_interrupt_clear,"ax",%progbits
	.hidden	ll_wdg_interrupt_clear          @ -- Begin function ll_wdg_interrupt_clear
	.globl	ll_wdg_interrupt_clear
	.p2align	2
	.type	ll_wdg_interrupt_clear,%function
	.code	16                              @ @ll_wdg_interrupt_clear
	.thumb_func
ll_wdg_interrupt_clear:
.Lfunc_begin5:
	.loc	3 135 0 is_stmt 1               @ ../07_TCPL04B_MCAL/tcpl04x_ll_wdg.c:135:0
	.fnstart
	.cfi_startproc
@ %bb.0:
	ldr	r0, __arm_cp.5_0
	ldr	r1, __arm_cp.5_1
.Ltmp31:
	.loc	3 136 5 prologue_end            @ ../07_TCPL04B_MCAL/tcpl04x_ll_wdg.c:136:5
	str	r1, [r0, #4]
	movs	r1, #1
	lsls	r1, r1, #24
	.loc	3 137 21                        @ ../07_TCPL04B_MCAL/tcpl04x_ll_wdg.c:137:21
	ldr	r2, [r0]
	orrs	r2, r1
	str	r2, [r0]
	ldr	r1, __arm_cp.5_2
	.loc	3 138 5                         @ ../07_TCPL04B_MCAL/tcpl04x_ll_wdg.c:138:5
	str	r1, [r0, #4]
	.loc	3 139 1                         @ ../07_TCPL04B_MCAL/tcpl04x_ll_wdg.c:139:1
	bx	lr
.Ltmp32:
	.p2align	2
@ %bb.1:
	.loc	3 0 1 is_stmt 0                 @ ../07_TCPL04B_MCAL/tcpl04x_ll_wdg.c:0:1
__arm_cp.5_0:
	.long	1073782804                      @ 0x4000a014
.Lcpi_end29:
	.size	__arm_cp.5_0, .Lcpi_end29-__arm_cp.5_0
__arm_cp.5_1:
	.long	2863289685                      @ 0xaaaa5555
.Lcpi_end30:
	.size	__arm_cp.5_1, .Lcpi_end30-__arm_cp.5_1
__arm_cp.5_2:
	.long	305419896                       @ 0x12345678
.Lcpi_end31:
	.size	__arm_cp.5_2, .Lcpi_end31-__arm_cp.5_2
.Lfunc_end5:
	.size	ll_wdg_interrupt_clear, .Lfunc_end5-ll_wdg_interrupt_clear
	.cfi_endproc
	.cantunwind
	.fnend
                                        @ -- End function
	.section	.text.IWDG_IRQHandler,"ax",%progbits
	.hidden	IWDG_IRQHandler                 @ -- Begin function IWDG_IRQHandler
	.globl	IWDG_IRQHandler
	.p2align	2
	.type	IWDG_IRQHandler,%function
	.code	16                              @ @IWDG_IRQHandler
	.thumb_func
IWDG_IRQHandler:
.Lfunc_begin6:
	.loc	3 147 0 is_stmt 1               @ ../07_TCPL04B_MCAL/tcpl04x_ll_wdg.c:147:0
	.fnstart
	.cfi_startproc
@ %bb.0:
	.save	{r4, lr}
	push	{r4, lr}
	.cfi_def_cfa_offset 8
	.cfi_offset lr, -4
	.cfi_offset r4, -8
	ldr	r0, __arm_cp.6_0
	ldr	r1, __arm_cp.6_1
.Ltmp33:
	.loc	3 136 5 prologue_end            @ ../07_TCPL04B_MCAL/tcpl04x_ll_wdg.c:136:5
	str	r1, [r0, #8]
	movs	r2, #1
	lsls	r3, r2, #24
	.loc	3 137 21                        @ ../07_TCPL04B_MCAL/tcpl04x_ll_wdg.c:137:21
	ldr	r4, [r0, #4]
	orrs	r4, r3
	str	r4, [r0, #4]
	ldr	r3, __arm_cp.6_2
	.loc	3 138 5                         @ ../07_TCPL04B_MCAL/tcpl04x_ll_wdg.c:138:5
	str	r3, [r0, #8]
.Ltmp34:
	.loc	3 124 5                         @ ../07_TCPL04B_MCAL/tcpl04x_ll_wdg.c:124:5
	str	r1, [r0, #8]
	.loc	3 125 21                        @ ../07_TCPL04B_MCAL/tcpl04x_ll_wdg.c:125:21
	ldr	r1, [r0]
	orrs	r1, r2
	str	r1, [r0]
	.loc	3 126 5                         @ ../07_TCPL04B_MCAL/tcpl04x_ll_wdg.c:126:5
	str	r3, [r0, #8]
.Ltmp35:
	.loc	3 151 17                        @ ../07_TCPL04B_MCAL/tcpl04x_ll_wdg.c:151:17
	ldr	r0, __arm_cp.6_3
	ldr	r1, [r0]
.Ltmp36:
	.loc	3 151 9 is_stmt 0               @ ../07_TCPL04B_MCAL/tcpl04x_ll_wdg.c:151:9
	cmp	r1, #0
	beq	.LBB6_2
@ %bb.1:
	.loc	3 0 9                           @ ../07_TCPL04B_MCAL/tcpl04x_ll_wdg.c:0:9
	movs	r0, #0
.Ltmp37:
	.loc	3 153 9 is_stmt 1               @ ../07_TCPL04B_MCAL/tcpl04x_ll_wdg.c:153:9
	blx	r1
.Ltmp38:
.LBB6_2:
	.loc	3 155 1 epilogue_begin          @ ../07_TCPL04B_MCAL/tcpl04x_ll_wdg.c:155:1
	pop	{r4, pc}
.Ltmp39:
	.p2align	2
@ %bb.3:
	.loc	3 0 1 is_stmt 0                 @ ../07_TCPL04B_MCAL/tcpl04x_ll_wdg.c:0:1
__arm_cp.6_0:
	.long	1073782800                      @ 0x4000a010
.Lcpi_end32:
	.size	__arm_cp.6_0, .Lcpi_end32-__arm_cp.6_0
__arm_cp.6_1:
	.long	2863289685                      @ 0xaaaa5555
.Lcpi_end33:
	.size	__arm_cp.6_1, .Lcpi_end33-__arm_cp.6_1
__arm_cp.6_2:
	.long	305419896                       @ 0x12345678
.Lcpi_end34:
	.size	__arm_cp.6_2, .Lcpi_end34-__arm_cp.6_2
__arm_cp.6_3:
	.long	wdg_callback
.Lcpi_end35:
	.size	__arm_cp.6_3, .Lcpi_end35-__arm_cp.6_3
.Lfunc_end6:
	.size	IWDG_IRQHandler, .Lfunc_end6-IWDG_IRQHandler
	.cfi_endproc
	.cantunwind
	.fnend
                                        @ -- End function
	.type	wdg_callback,%object            @ @wdg_callback
	.section	.bss.wdg_callback,"aw",%nobits
	.p2align	2, 0x0
wdg_callback:
	.long	0
	.size	wdg_callback, 4

	.file	8 "C:\\baidunetdiskdownload\\\346\263\260\347\237\275\345\276\256\\\346\260\233\345\233\264\347\201\257\\TCPL0X_AUTO_SDK_V2.0.0\\TCPL0X_AUTO_SDK_V2.0.0\\examples\\tcpl04x\\demo_apps\\tcpl04b_swsc_lean\\MDK" "../07_TCPL04B_MCAL/tcpl04x_ll_wdg.h"
	.section	.debug_loc,"",%progbits
.Ldebug_loc0:
	.long	-1
	.long	.Lfunc_begin0                   @   base address
	.long	.Lfunc_begin0-.Lfunc_begin0
	.long	.Ltmp1-.Lfunc_begin0
	.short	1                               @ Loc expr size
	.byte	80                              @ DW_OP_reg0
	.long	.Ltmp1-.Lfunc_begin0
	.long	.Ltmp13-.Lfunc_begin0
	.short	1                               @ Loc expr size
	.byte	84                              @ DW_OP_reg4
	.long	0
	.long	0
.Ldebug_loc1:
	.long	-1
	.long	.Lfunc_begin0                   @   base address
	.long	.Lfunc_begin0-.Lfunc_begin0
	.long	.Ltmp0-.Lfunc_begin0
	.short	1                               @ Loc expr size
	.byte	81                              @ DW_OP_reg1
	.long	.Ltmp0-.Lfunc_begin0
	.long	.Ltmp13-.Lfunc_begin0
	.short	1                               @ Loc expr size
	.byte	85                              @ DW_OP_reg5
	.long	0
	.long	0
.Ldebug_loc2:
	.long	-1
	.long	.Lfunc_begin0                   @   base address
	.long	.Ltmp10-.Lfunc_begin0
	.long	.Ltmp11-.Lfunc_begin0
	.short	1                               @ Loc expr size
	.byte	82                              @ DW_OP_reg2
	.long	0
	.long	0
.Ldebug_loc3:
	.long	-1
	.long	.Lfunc_begin2                   @   base address
	.long	.Lfunc_begin2-.Lfunc_begin2
	.long	.Ltmp20-.Lfunc_begin2
	.short	6                               @ Loc expr size
	.byte	112                             @ DW_OP_breg0
	.byte	0                               @ 0
	.byte	16                              @ DW_OP_constu
	.byte	1                               @ 1
	.byte	26                              @ DW_OP_and
	.byte	159                             @ DW_OP_stack_value
	.long	.Ltmp22-.Lfunc_begin2
	.long	.Ltmp23-.Lfunc_begin2
	.short	6                               @ Loc expr size
	.byte	112                             @ DW_OP_breg0
	.byte	0                               @ 0
	.byte	16                              @ DW_OP_constu
	.byte	1                               @ 1
	.byte	26                              @ DW_OP_and
	.byte	159                             @ DW_OP_stack_value
	.long	0
	.long	0
.Ldebug_loc4:
	.long	-1
	.long	.Lfunc_begin3                   @   base address
	.long	.Lfunc_begin3-.Lfunc_begin3
	.long	.Ltmp27-.Lfunc_begin3
	.short	6                               @ Loc expr size
	.byte	112                             @ DW_OP_breg0
	.byte	0                               @ 0
	.byte	16                              @ DW_OP_constu
	.byte	1                               @ 1
	.byte	26                              @ DW_OP_and
	.byte	159                             @ DW_OP_stack_value
	.long	0
	.long	0
	.section	.debug_abbrev,"",%progbits
	.byte	1                               @ Abbreviation Code
	.byte	17                              @ DW_TAG_compile_unit
	.byte	1                               @ DW_CHILDREN_yes
	.byte	37                              @ DW_AT_producer
	.byte	14                              @ DW_FORM_strp
	.byte	19                              @ DW_AT_language
	.byte	5                               @ DW_FORM_data2
	.byte	3                               @ DW_AT_name
	.byte	14                              @ DW_FORM_strp
	.byte	16                              @ DW_AT_stmt_list
	.byte	23                              @ DW_FORM_sec_offset
	.byte	27                              @ DW_AT_comp_dir
	.byte	14                              @ DW_FORM_strp
	.byte	17                              @ DW_AT_low_pc
	.byte	1                               @ DW_FORM_addr
	.byte	85                              @ DW_AT_ranges
	.byte	23                              @ DW_FORM_sec_offset
	.byte	0                               @ EOM(1)
	.byte	0                               @ EOM(2)
	.byte	2                               @ Abbreviation Code
	.byte	52                              @ DW_TAG_variable
	.byte	0                               @ DW_CHILDREN_no
	.byte	3                               @ DW_AT_name
	.byte	14                              @ DW_FORM_strp
	.byte	73                              @ DW_AT_type
	.byte	19                              @ DW_FORM_ref4
	.byte	58                              @ DW_AT_decl_file
	.byte	11                              @ DW_FORM_data1
	.byte	59                              @ DW_AT_decl_line
	.byte	11                              @ DW_FORM_data1
	.byte	2                               @ DW_AT_location
	.byte	24                              @ DW_FORM_exprloc
	.byte	0                               @ EOM(1)
	.byte	0                               @ EOM(2)
	.byte	3                               @ Abbreviation Code
	.byte	22                              @ DW_TAG_typedef
	.byte	0                               @ DW_CHILDREN_no
	.byte	73                              @ DW_AT_type
	.byte	19                              @ DW_FORM_ref4
	.byte	3                               @ DW_AT_name
	.byte	14                              @ DW_FORM_strp
	.byte	58                              @ DW_AT_decl_file
	.byte	11                              @ DW_FORM_data1
	.byte	59                              @ DW_AT_decl_line
	.byte	11                              @ DW_FORM_data1
	.byte	0                               @ EOM(1)
	.byte	0                               @ EOM(2)
	.byte	4                               @ Abbreviation Code
	.byte	15                              @ DW_TAG_pointer_type
	.byte	0                               @ DW_CHILDREN_no
	.byte	73                              @ DW_AT_type
	.byte	19                              @ DW_FORM_ref4
	.byte	0                               @ EOM(1)
	.byte	0                               @ EOM(2)
	.byte	5                               @ Abbreviation Code
	.byte	21                              @ DW_TAG_subroutine_type
	.byte	1                               @ DW_CHILDREN_yes
	.byte	39                              @ DW_AT_prototyped
	.byte	25                              @ DW_FORM_flag_present
	.byte	0                               @ EOM(1)
	.byte	0                               @ EOM(2)
	.byte	6                               @ Abbreviation Code
	.byte	5                               @ DW_TAG_formal_parameter
	.byte	0                               @ DW_CHILDREN_no
	.byte	73                              @ DW_AT_type
	.byte	19                              @ DW_FORM_ref4
	.byte	0                               @ EOM(1)
	.byte	0                               @ EOM(2)
	.byte	7                               @ Abbreviation Code
	.byte	36                              @ DW_TAG_base_type
	.byte	0                               @ DW_CHILDREN_no
	.byte	3                               @ DW_AT_name
	.byte	14                              @ DW_FORM_strp
	.byte	62                              @ DW_AT_encoding
	.byte	11                              @ DW_FORM_data1
	.byte	11                              @ DW_AT_byte_size
	.byte	11                              @ DW_FORM_data1
	.byte	0                               @ EOM(1)
	.byte	0                               @ EOM(2)
	.byte	8                               @ Abbreviation Code
	.byte	4                               @ DW_TAG_enumeration_type
	.byte	1                               @ DW_CHILDREN_yes
	.byte	73                              @ DW_AT_type
	.byte	19                              @ DW_FORM_ref4
	.byte	11                              @ DW_AT_byte_size
	.byte	11                              @ DW_FORM_data1
	.byte	58                              @ DW_AT_decl_file
	.byte	11                              @ DW_FORM_data1
	.byte	59                              @ DW_AT_decl_line
	.byte	11                              @ DW_FORM_data1
	.byte	0                               @ EOM(1)
	.byte	0                               @ EOM(2)
	.byte	9                               @ Abbreviation Code
	.byte	40                              @ DW_TAG_enumerator
	.byte	0                               @ DW_CHILDREN_no
	.byte	3                               @ DW_AT_name
	.byte	14                              @ DW_FORM_strp
	.byte	28                              @ DW_AT_const_value
	.byte	15                              @ DW_FORM_udata
	.byte	0                               @ EOM(1)
	.byte	0                               @ EOM(2)
	.byte	10                              @ Abbreviation Code
	.byte	4                               @ DW_TAG_enumeration_type
	.byte	1                               @ DW_CHILDREN_yes
	.byte	73                              @ DW_AT_type
	.byte	19                              @ DW_FORM_ref4
	.byte	3                               @ DW_AT_name
	.byte	14                              @ DW_FORM_strp
	.byte	11                              @ DW_AT_byte_size
	.byte	11                              @ DW_FORM_data1
	.byte	58                              @ DW_AT_decl_file
	.byte	11                              @ DW_FORM_data1
	.byte	59                              @ DW_AT_decl_line
	.byte	11                              @ DW_FORM_data1
	.byte	0                               @ EOM(1)
	.byte	0                               @ EOM(2)
	.byte	11                              @ Abbreviation Code
	.byte	40                              @ DW_TAG_enumerator
	.byte	0                               @ DW_CHILDREN_no
	.byte	3                               @ DW_AT_name
	.byte	14                              @ DW_FORM_strp
	.byte	28                              @ DW_AT_const_value
	.byte	13                              @ DW_FORM_sdata
	.byte	0                               @ EOM(1)
	.byte	0                               @ EOM(2)
	.byte	12                              @ Abbreviation Code
	.byte	22                              @ DW_TAG_typedef
	.byte	0                               @ DW_CHILDREN_no
	.byte	73                              @ DW_AT_type
	.byte	19                              @ DW_FORM_ref4
	.byte	3                               @ DW_AT_name
	.byte	14                              @ DW_FORM_strp
	.byte	58                              @ DW_AT_decl_file
	.byte	11                              @ DW_FORM_data1
	.byte	59                              @ DW_AT_decl_line
	.byte	5                               @ DW_FORM_data2
	.byte	0                               @ EOM(1)
	.byte	0                               @ EOM(2)
	.byte	13                              @ Abbreviation Code
	.byte	19                              @ DW_TAG_structure_type
	.byte	1                               @ DW_CHILDREN_yes
	.byte	11                              @ DW_AT_byte_size
	.byte	5                               @ DW_FORM_data2
	.byte	58                              @ DW_AT_decl_file
	.byte	11                              @ DW_FORM_data1
	.byte	59                              @ DW_AT_decl_line
	.byte	5                               @ DW_FORM_data2
	.byte	0                               @ EOM(1)
	.byte	0                               @ EOM(2)
	.byte	14                              @ Abbreviation Code
	.byte	13                              @ DW_TAG_member
	.byte	0                               @ DW_CHILDREN_no
	.byte	73                              @ DW_AT_type
	.byte	19                              @ DW_FORM_ref4
	.byte	58                              @ DW_AT_decl_file
	.byte	11                              @ DW_FORM_data1
	.byte	59                              @ DW_AT_decl_line
	.byte	5                               @ DW_FORM_data2
	.byte	56                              @ DW_AT_data_member_location
	.byte	11                              @ DW_FORM_data1
	.byte	0                               @ EOM(1)
	.byte	0                               @ EOM(2)
	.byte	15                              @ Abbreviation Code
	.byte	23                              @ DW_TAG_union_type
	.byte	1                               @ DW_CHILDREN_yes
	.byte	11                              @ DW_AT_byte_size
	.byte	11                              @ DW_FORM_data1
	.byte	58                              @ DW_AT_decl_file
	.byte	11                              @ DW_FORM_data1
	.byte	59                              @ DW_AT_decl_line
	.byte	5                               @ DW_FORM_data2
	.byte	0                               @ EOM(1)
	.byte	0                               @ EOM(2)
	.byte	16                              @ Abbreviation Code
	.byte	13                              @ DW_TAG_member
	.byte	0                               @ DW_CHILDREN_no
	.byte	3                               @ DW_AT_name
	.byte	14                              @ DW_FORM_strp
	.byte	73                              @ DW_AT_type
	.byte	19                              @ DW_FORM_ref4
	.byte	58                              @ DW_AT_decl_file
	.byte	11                              @ DW_FORM_data1
	.byte	59                              @ DW_AT_decl_line
	.byte	5                               @ DW_FORM_data2
	.byte	56                              @ DW_AT_data_member_location
	.byte	11                              @ DW_FORM_data1
	.byte	0                               @ EOM(1)
	.byte	0                               @ EOM(2)
	.byte	17                              @ Abbreviation Code
	.byte	53                              @ DW_TAG_volatile_type
	.byte	0                               @ DW_CHILDREN_no
	.byte	73                              @ DW_AT_type
	.byte	19                              @ DW_FORM_ref4
	.byte	0                               @ EOM(1)
	.byte	0                               @ EOM(2)
	.byte	18                              @ Abbreviation Code
	.byte	19                              @ DW_TAG_structure_type
	.byte	1                               @ DW_CHILDREN_yes
	.byte	11                              @ DW_AT_byte_size
	.byte	11                              @ DW_FORM_data1
	.byte	58                              @ DW_AT_decl_file
	.byte	11                              @ DW_FORM_data1
	.byte	59                              @ DW_AT_decl_line
	.byte	5                               @ DW_FORM_data2
	.byte	0                               @ EOM(1)
	.byte	0                               @ EOM(2)
	.byte	19                              @ Abbreviation Code
	.byte	13                              @ DW_TAG_member
	.byte	0                               @ DW_CHILDREN_no
	.byte	3                               @ DW_AT_name
	.byte	14                              @ DW_FORM_strp
	.byte	73                              @ DW_AT_type
	.byte	19                              @ DW_FORM_ref4
	.byte	58                              @ DW_AT_decl_file
	.byte	11                              @ DW_FORM_data1
	.byte	59                              @ DW_AT_decl_line
	.byte	5                               @ DW_FORM_data2
	.byte	13                              @ DW_AT_bit_size
	.byte	11                              @ DW_FORM_data1
	.byte	107                             @ DW_AT_data_bit_offset
	.byte	11                              @ DW_FORM_data1
	.byte	0                               @ EOM(1)
	.byte	0                               @ EOM(2)
	.byte	20                              @ Abbreviation Code
	.byte	1                               @ DW_TAG_array_type
	.byte	1                               @ DW_CHILDREN_yes
	.byte	73                              @ DW_AT_type
	.byte	19                              @ DW_FORM_ref4
	.byte	0                               @ EOM(1)
	.byte	0                               @ EOM(2)
	.byte	21                              @ Abbreviation Code
	.byte	33                              @ DW_TAG_subrange_type
	.byte	0                               @ DW_CHILDREN_no
	.byte	73                              @ DW_AT_type
	.byte	19                              @ DW_FORM_ref4
	.byte	55                              @ DW_AT_count
	.byte	11                              @ DW_FORM_data1
	.byte	0                               @ EOM(1)
	.byte	0                               @ EOM(2)
	.byte	22                              @ Abbreviation Code
	.byte	36                              @ DW_TAG_base_type
	.byte	0                               @ DW_CHILDREN_no
	.byte	3                               @ DW_AT_name
	.byte	14                              @ DW_FORM_strp
	.byte	11                              @ DW_AT_byte_size
	.byte	11                              @ DW_FORM_data1
	.byte	62                              @ DW_AT_encoding
	.byte	11                              @ DW_FORM_data1
	.byte	0                               @ EOM(1)
	.byte	0                               @ EOM(2)
	.byte	23                              @ Abbreviation Code
	.byte	19                              @ DW_TAG_structure_type
	.byte	1                               @ DW_CHILDREN_yes
	.byte	11                              @ DW_AT_byte_size
	.byte	11                              @ DW_FORM_data1
	.byte	58                              @ DW_AT_decl_file
	.byte	11                              @ DW_FORM_data1
	.byte	59                              @ DW_AT_decl_line
	.byte	11                              @ DW_FORM_data1
	.byte	0                               @ EOM(1)
	.byte	0                               @ EOM(2)
	.byte	24                              @ Abbreviation Code
	.byte	13                              @ DW_TAG_member
	.byte	0                               @ DW_CHILDREN_no
	.byte	73                              @ DW_AT_type
	.byte	19                              @ DW_FORM_ref4
	.byte	58                              @ DW_AT_decl_file
	.byte	11                              @ DW_FORM_data1
	.byte	59                              @ DW_AT_decl_line
	.byte	11                              @ DW_FORM_data1
	.byte	56                              @ DW_AT_data_member_location
	.byte	11                              @ DW_FORM_data1
	.byte	0                               @ EOM(1)
	.byte	0                               @ EOM(2)
	.byte	25                              @ Abbreviation Code
	.byte	23                              @ DW_TAG_union_type
	.byte	1                               @ DW_CHILDREN_yes
	.byte	11                              @ DW_AT_byte_size
	.byte	11                              @ DW_FORM_data1
	.byte	58                              @ DW_AT_decl_file
	.byte	11                              @ DW_FORM_data1
	.byte	59                              @ DW_AT_decl_line
	.byte	11                              @ DW_FORM_data1
	.byte	0                               @ EOM(1)
	.byte	0                               @ EOM(2)
	.byte	26                              @ Abbreviation Code
	.byte	13                              @ DW_TAG_member
	.byte	0                               @ DW_CHILDREN_no
	.byte	3                               @ DW_AT_name
	.byte	14                              @ DW_FORM_strp
	.byte	73                              @ DW_AT_type
	.byte	19                              @ DW_FORM_ref4
	.byte	58                              @ DW_AT_decl_file
	.byte	11                              @ DW_FORM_data1
	.byte	59                              @ DW_AT_decl_line
	.byte	11                              @ DW_FORM_data1
	.byte	56                              @ DW_AT_data_member_location
	.byte	11                              @ DW_FORM_data1
	.byte	0                               @ EOM(1)
	.byte	0                               @ EOM(2)
	.byte	27                              @ Abbreviation Code
	.byte	13                              @ DW_TAG_member
	.byte	0                               @ DW_CHILDREN_no
	.byte	3                               @ DW_AT_name
	.byte	14                              @ DW_FORM_strp
	.byte	73                              @ DW_AT_type
	.byte	19                              @ DW_FORM_ref4
	.byte	58                              @ DW_AT_decl_file
	.byte	11                              @ DW_FORM_data1
	.byte	59                              @ DW_AT_decl_line
	.byte	11                              @ DW_FORM_data1
	.byte	13                              @ DW_AT_bit_size
	.byte	11                              @ DW_FORM_data1
	.byte	107                             @ DW_AT_data_bit_offset
	.byte	11                              @ DW_FORM_data1
	.byte	0                               @ EOM(1)
	.byte	0                               @ EOM(2)
	.byte	28                              @ Abbreviation Code
	.byte	13                              @ DW_TAG_member
	.byte	0                               @ DW_CHILDREN_no
	.byte	3                               @ DW_AT_name
	.byte	14                              @ DW_FORM_strp
	.byte	73                              @ DW_AT_type
	.byte	19                              @ DW_FORM_ref4
	.byte	58                              @ DW_AT_decl_file
	.byte	11                              @ DW_FORM_data1
	.byte	59                              @ DW_AT_decl_line
	.byte	5                               @ DW_FORM_data2
	.byte	56                              @ DW_AT_data_member_location
	.byte	5                               @ DW_FORM_data2
	.byte	0                               @ EOM(1)
	.byte	0                               @ EOM(2)
	.byte	29                              @ Abbreviation Code
	.byte	38                              @ DW_TAG_const_type
	.byte	0                               @ DW_CHILDREN_no
	.byte	73                              @ DW_AT_type
	.byte	19                              @ DW_FORM_ref4
	.byte	0                               @ EOM(1)
	.byte	0                               @ EOM(2)
	.byte	30                              @ Abbreviation Code
	.byte	46                              @ DW_TAG_subprogram
	.byte	1                               @ DW_CHILDREN_yes
	.byte	3                               @ DW_AT_name
	.byte	14                              @ DW_FORM_strp
	.byte	58                              @ DW_AT_decl_file
	.byte	11                              @ DW_FORM_data1
	.byte	59                              @ DW_AT_decl_line
	.byte	5                               @ DW_FORM_data2
	.byte	39                              @ DW_AT_prototyped
	.byte	25                              @ DW_FORM_flag_present
	.byte	32                              @ DW_AT_inline
	.byte	11                              @ DW_FORM_data1
	.byte	0                               @ EOM(1)
	.byte	0                               @ EOM(2)
	.byte	31                              @ Abbreviation Code
	.byte	5                               @ DW_TAG_formal_parameter
	.byte	0                               @ DW_CHILDREN_no
	.byte	3                               @ DW_AT_name
	.byte	14                              @ DW_FORM_strp
	.byte	58                              @ DW_AT_decl_file
	.byte	11                              @ DW_FORM_data1
	.byte	59                              @ DW_AT_decl_line
	.byte	5                               @ DW_FORM_data2
	.byte	73                              @ DW_AT_type
	.byte	19                              @ DW_FORM_ref4
	.byte	0                               @ EOM(1)
	.byte	0                               @ EOM(2)
	.byte	32                              @ Abbreviation Code
	.byte	46                              @ DW_TAG_subprogram
	.byte	1                               @ DW_CHILDREN_yes
	.byte	17                              @ DW_AT_low_pc
	.byte	1                               @ DW_FORM_addr
	.byte	18                              @ DW_AT_high_pc
	.byte	6                               @ DW_FORM_data4
	.byte	64                              @ DW_AT_frame_base
	.byte	24                              @ DW_FORM_exprloc
	.ascii	"\227B"                         @ DW_AT_GNU_all_call_sites
	.byte	25                              @ DW_FORM_flag_present
	.byte	3                               @ DW_AT_name
	.byte	14                              @ DW_FORM_strp
	.byte	58                              @ DW_AT_decl_file
	.byte	11                              @ DW_FORM_data1
	.byte	59                              @ DW_AT_decl_line
	.byte	11                              @ DW_FORM_data1
	.byte	39                              @ DW_AT_prototyped
	.byte	25                              @ DW_FORM_flag_present
	.byte	63                              @ DW_AT_external
	.byte	25                              @ DW_FORM_flag_present
	.byte	0                               @ EOM(1)
	.byte	0                               @ EOM(2)
	.byte	33                              @ Abbreviation Code
	.byte	5                               @ DW_TAG_formal_parameter
	.byte	0                               @ DW_CHILDREN_no
	.byte	2                               @ DW_AT_location
	.byte	23                              @ DW_FORM_sec_offset
	.byte	3                               @ DW_AT_name
	.byte	14                              @ DW_FORM_strp
	.byte	58                              @ DW_AT_decl_file
	.byte	11                              @ DW_FORM_data1
	.byte	59                              @ DW_AT_decl_line
	.byte	11                              @ DW_FORM_data1
	.byte	73                              @ DW_AT_type
	.byte	19                              @ DW_FORM_ref4
	.byte	0                               @ EOM(1)
	.byte	0                               @ EOM(2)
	.byte	34                              @ Abbreviation Code
	.byte	29                              @ DW_TAG_inlined_subroutine
	.byte	1                               @ DW_CHILDREN_yes
	.byte	49                              @ DW_AT_abstract_origin
	.byte	19                              @ DW_FORM_ref4
	.byte	17                              @ DW_AT_low_pc
	.byte	1                               @ DW_FORM_addr
	.byte	18                              @ DW_AT_high_pc
	.byte	6                               @ DW_FORM_data4
	.byte	88                              @ DW_AT_call_file
	.byte	11                              @ DW_FORM_data1
	.byte	89                              @ DW_AT_call_line
	.byte	11                              @ DW_FORM_data1
	.byte	87                              @ DW_AT_call_column
	.byte	11                              @ DW_FORM_data1
	.byte	0                               @ EOM(1)
	.byte	0                               @ EOM(2)
	.byte	35                              @ Abbreviation Code
	.byte	5                               @ DW_TAG_formal_parameter
	.byte	0                               @ DW_CHILDREN_no
	.byte	28                              @ DW_AT_const_value
	.byte	13                              @ DW_FORM_sdata
	.byte	49                              @ DW_AT_abstract_origin
	.byte	19                              @ DW_FORM_ref4
	.byte	0                               @ EOM(1)
	.byte	0                               @ EOM(2)
	.byte	36                              @ Abbreviation Code
	.byte	29                              @ DW_TAG_inlined_subroutine
	.byte	1                               @ DW_CHILDREN_yes
	.byte	49                              @ DW_AT_abstract_origin
	.byte	19                              @ DW_FORM_ref4
	.byte	85                              @ DW_AT_ranges
	.byte	23                              @ DW_FORM_sec_offset
	.byte	88                              @ DW_AT_call_file
	.byte	11                              @ DW_FORM_data1
	.byte	89                              @ DW_AT_call_line
	.byte	11                              @ DW_FORM_data1
	.byte	87                              @ DW_AT_call_column
	.byte	11                              @ DW_FORM_data1
	.byte	0                               @ EOM(1)
	.byte	0                               @ EOM(2)
	.byte	37                              @ Abbreviation Code
	.byte	5                               @ DW_TAG_formal_parameter
	.byte	0                               @ DW_CHILDREN_no
	.byte	2                               @ DW_AT_location
	.byte	23                              @ DW_FORM_sec_offset
	.byte	49                              @ DW_AT_abstract_origin
	.byte	19                              @ DW_FORM_ref4
	.byte	0                               @ EOM(1)
	.byte	0                               @ EOM(2)
	.byte	38                              @ Abbreviation Code
	.byte	46                              @ DW_TAG_subprogram
	.byte	0                               @ DW_CHILDREN_no
	.byte	17                              @ DW_AT_low_pc
	.byte	1                               @ DW_FORM_addr
	.byte	18                              @ DW_AT_high_pc
	.byte	6                               @ DW_FORM_data4
	.byte	64                              @ DW_AT_frame_base
	.byte	24                              @ DW_FORM_exprloc
	.ascii	"\227B"                         @ DW_AT_GNU_all_call_sites
	.byte	25                              @ DW_FORM_flag_present
	.byte	49                              @ DW_AT_abstract_origin
	.byte	19                              @ DW_FORM_ref4
	.byte	0                               @ EOM(1)
	.byte	0                               @ EOM(2)
	.byte	39                              @ Abbreviation Code
	.byte	46                              @ DW_TAG_subprogram
	.byte	0                               @ DW_CHILDREN_no
	.byte	3                               @ DW_AT_name
	.byte	14                              @ DW_FORM_strp
	.byte	58                              @ DW_AT_decl_file
	.byte	11                              @ DW_FORM_data1
	.byte	59                              @ DW_AT_decl_line
	.byte	11                              @ DW_FORM_data1
	.byte	39                              @ DW_AT_prototyped
	.byte	25                              @ DW_FORM_flag_present
	.byte	63                              @ DW_AT_external
	.byte	25                              @ DW_FORM_flag_present
	.byte	32                              @ DW_AT_inline
	.byte	11                              @ DW_FORM_data1
	.byte	0                               @ EOM(1)
	.byte	0                               @ EOM(2)
	.byte	40                              @ Abbreviation Code
	.byte	29                              @ DW_TAG_inlined_subroutine
	.byte	0                               @ DW_CHILDREN_no
	.byte	49                              @ DW_AT_abstract_origin
	.byte	19                              @ DW_FORM_ref4
	.byte	17                              @ DW_AT_low_pc
	.byte	1                               @ DW_FORM_addr
	.byte	18                              @ DW_AT_high_pc
	.byte	6                               @ DW_FORM_data4
	.byte	88                              @ DW_AT_call_file
	.byte	11                              @ DW_FORM_data1
	.byte	89                              @ DW_AT_call_line
	.byte	11                              @ DW_FORM_data1
	.byte	87                              @ DW_AT_call_column
	.byte	11                              @ DW_FORM_data1
	.byte	0                               @ EOM(1)
	.byte	0                               @ EOM(2)
	.byte	0                               @ EOM(3)
	.section	.debug_info,"",%progbits
.Lcu_begin0:
	.long	.Ldebug_info_end0-.Ldebug_info_start0 @ Length of Unit
.Ldebug_info_start0:
	.short	4                               @ DWARF version number
	.long	.debug_abbrev                   @ Offset Into Abbrev. Section
	.byte	4                               @ Address Size (in bytes)
	.byte	1                               @ Abbrev [1] 0xb:0x1129 DW_TAG_compile_unit
	.long	.Linfo_string0                  @ DW_AT_producer
	.short	12                              @ DW_AT_language
	.long	.Linfo_string1                  @ DW_AT_name
	.long	.Lline_table_start0             @ DW_AT_stmt_list
	.long	.Linfo_string2                  @ DW_AT_comp_dir
	.long	0                               @ DW_AT_low_pc
	.long	.Ldebug_ranges1                 @ DW_AT_ranges
	.byte	2                               @ Abbrev [2] 0x26:0x11 DW_TAG_variable
	.long	.Linfo_string3                  @ DW_AT_name
	.long	55                              @ DW_AT_type
	.byte	3                               @ DW_AT_decl_file
	.byte	25                              @ DW_AT_decl_line
	.byte	5                               @ DW_AT_location
	.byte	3
	.long	wdg_callback
	.byte	3                               @ Abbrev [3] 0x37:0xb DW_TAG_typedef
	.long	66                              @ DW_AT_type
	.long	.Linfo_string6                  @ DW_AT_name
	.byte	2                               @ DW_AT_decl_file
	.byte	166                             @ DW_AT_decl_line
	.byte	4                               @ Abbrev [4] 0x42:0x5 DW_TAG_pointer_type
	.long	71                              @ DW_AT_type
	.byte	5                               @ Abbrev [5] 0x47:0x7 DW_TAG_subroutine_type
                                        @ DW_AT_prototyped
	.byte	6                               @ Abbrev [6] 0x48:0x5 DW_TAG_formal_parameter
	.long	78                              @ DW_AT_type
	.byte	0                               @ End Of Children Mark
	.byte	3                               @ Abbrev [3] 0x4e:0xb DW_TAG_typedef
	.long	89                              @ DW_AT_type
	.long	.Linfo_string5                  @ DW_AT_name
	.byte	1                               @ DW_AT_decl_file
	.byte	64                              @ DW_AT_decl_line
	.byte	7                               @ Abbrev [7] 0x59:0x7 DW_TAG_base_type
	.long	.Linfo_string4                  @ DW_AT_name
	.byte	7                               @ DW_AT_encoding
	.byte	4                               @ DW_AT_byte_size
	.byte	8                               @ Abbrev [8] 0x60:0x1b DW_TAG_enumeration_type
	.long	123                             @ DW_AT_type
	.byte	1                               @ DW_AT_byte_size
	.byte	2                               @ DW_AT_decl_file
	.byte	130                             @ DW_AT_decl_line
	.byte	9                               @ Abbrev [9] 0x68:0x6 DW_TAG_enumerator
	.long	.Linfo_string8                  @ DW_AT_name
	.byte	0                               @ DW_AT_const_value
	.byte	9                               @ Abbrev [9] 0x6e:0x6 DW_TAG_enumerator
	.long	.Linfo_string9                  @ DW_AT_name
	.byte	1                               @ DW_AT_const_value
	.byte	9                               @ Abbrev [9] 0x74:0x6 DW_TAG_enumerator
	.long	.Linfo_string10                 @ DW_AT_name
	.byte	2                               @ DW_AT_const_value
	.byte	0                               @ End Of Children Mark
	.byte	7                               @ Abbrev [7] 0x7b:0x7 DW_TAG_base_type
	.long	.Linfo_string7                  @ DW_AT_name
	.byte	8                               @ DW_AT_encoding
	.byte	1                               @ DW_AT_byte_size
	.byte	10                              @ Abbrev [10] 0x82:0x6d DW_TAG_enumeration_type
	.long	239                             @ DW_AT_type
	.long	.Linfo_string28                 @ DW_AT_name
	.byte	1                               @ DW_AT_byte_size
	.byte	4                               @ DW_AT_decl_file
	.byte	70                              @ DW_AT_decl_line
	.byte	11                              @ Abbrev [11] 0x8e:0x6 DW_TAG_enumerator
	.long	.Linfo_string12                 @ DW_AT_name
	.byte	114                             @ DW_AT_const_value
	.byte	11                              @ Abbrev [11] 0x94:0x6 DW_TAG_enumerator
	.long	.Linfo_string13                 @ DW_AT_name
	.byte	115                             @ DW_AT_const_value
	.byte	11                              @ Abbrev [11] 0x9a:0x6 DW_TAG_enumerator
	.long	.Linfo_string14                 @ DW_AT_name
	.byte	123                             @ DW_AT_const_value
	.byte	11                              @ Abbrev [11] 0xa0:0x6 DW_TAG_enumerator
	.long	.Linfo_string15                 @ DW_AT_name
	.byte	126                             @ DW_AT_const_value
	.byte	11                              @ Abbrev [11] 0xa6:0x6 DW_TAG_enumerator
	.long	.Linfo_string16                 @ DW_AT_name
	.byte	127                             @ DW_AT_const_value
	.byte	11                              @ Abbrev [11] 0xac:0x6 DW_TAG_enumerator
	.long	.Linfo_string17                 @ DW_AT_name
	.byte	0                               @ DW_AT_const_value
	.byte	11                              @ Abbrev [11] 0xb2:0x6 DW_TAG_enumerator
	.long	.Linfo_string18                 @ DW_AT_name
	.byte	1                               @ DW_AT_const_value
	.byte	11                              @ Abbrev [11] 0xb8:0x6 DW_TAG_enumerator
	.long	.Linfo_string19                 @ DW_AT_name
	.byte	2                               @ DW_AT_const_value
	.byte	11                              @ Abbrev [11] 0xbe:0x6 DW_TAG_enumerator
	.long	.Linfo_string20                 @ DW_AT_name
	.byte	3                               @ DW_AT_const_value
	.byte	11                              @ Abbrev [11] 0xc4:0x6 DW_TAG_enumerator
	.long	.Linfo_string21                 @ DW_AT_name
	.byte	4                               @ DW_AT_const_value
	.byte	11                              @ Abbrev [11] 0xca:0x6 DW_TAG_enumerator
	.long	.Linfo_string22                 @ DW_AT_name
	.byte	5                               @ DW_AT_const_value
	.byte	11                              @ Abbrev [11] 0xd0:0x6 DW_TAG_enumerator
	.long	.Linfo_string23                 @ DW_AT_name
	.byte	6                               @ DW_AT_const_value
	.byte	11                              @ Abbrev [11] 0xd6:0x6 DW_TAG_enumerator
	.long	.Linfo_string24                 @ DW_AT_name
	.byte	7                               @ DW_AT_const_value
	.byte	11                              @ Abbrev [11] 0xdc:0x6 DW_TAG_enumerator
	.long	.Linfo_string25                 @ DW_AT_name
	.byte	8                               @ DW_AT_const_value
	.byte	11                              @ Abbrev [11] 0xe2:0x6 DW_TAG_enumerator
	.long	.Linfo_string26                 @ DW_AT_name
	.byte	9                               @ DW_AT_const_value
	.byte	11                              @ Abbrev [11] 0xe8:0x6 DW_TAG_enumerator
	.long	.Linfo_string27                 @ DW_AT_name
	.byte	10                              @ DW_AT_const_value
	.byte	0                               @ End Of Children Mark
	.byte	7                               @ Abbrev [7] 0xef:0x7 DW_TAG_base_type
	.long	.Linfo_string11                 @ DW_AT_name
	.byte	6                               @ DW_AT_encoding
	.byte	1                               @ DW_AT_byte_size
	.byte	4                               @ Abbrev [4] 0xf6:0x5 DW_TAG_pointer_type
	.long	251                             @ DW_AT_type
	.byte	12                              @ Abbrev [12] 0xfb:0xc DW_TAG_typedef
	.long	263                             @ DW_AT_type
	.long	.Linfo_string142                @ DW_AT_name
	.byte	5                               @ DW_AT_decl_file
	.short	622                             @ DW_AT_decl_line
	.byte	13                              @ Abbrev [13] 0x107:0x2a4 DW_TAG_structure_type
	.short	256                             @ DW_AT_byte_size
	.byte	5                               @ DW_AT_decl_file
	.short	522                             @ DW_AT_decl_line
	.byte	14                              @ Abbrev [14] 0x10d:0x9 DW_TAG_member
	.long	278                             @ DW_AT_type
	.byte	5                               @ DW_AT_decl_file
	.short	524                             @ DW_AT_decl_line
	.byte	0                               @ DW_AT_data_member_location
	.byte	15                              @ Abbrev [15] 0x116:0x20 DW_TAG_union_type
	.byte	4                               @ DW_AT_byte_size
	.byte	5                               @ DW_AT_decl_file
	.short	524                             @ DW_AT_decl_line
	.byte	16                              @ Abbrev [16] 0x11b:0xd DW_TAG_member
	.long	.Linfo_string29                 @ DW_AT_name
	.long	939                             @ DW_AT_type
	.byte	5                               @ DW_AT_decl_file
	.short	526                             @ DW_AT_decl_line
	.byte	0                               @ DW_AT_data_member_location
	.byte	16                              @ Abbrev [16] 0x128:0xd DW_TAG_member
	.long	.Linfo_string30                 @ DW_AT_name
	.long	944                             @ DW_AT_type
	.byte	5                               @ DW_AT_decl_file
	.short	527                             @ DW_AT_decl_line
	.byte	0                               @ DW_AT_data_member_location
	.byte	0                               @ End Of Children Mark
	.byte	14                              @ Abbrev [14] 0x136:0x9 DW_TAG_member
	.long	319                             @ DW_AT_type
	.byte	5                               @ DW_AT_decl_file
	.short	530                             @ DW_AT_decl_line
	.byte	4                               @ DW_AT_data_member_location
	.byte	15                              @ Abbrev [15] 0x13f:0x20 DW_TAG_union_type
	.byte	4                               @ DW_AT_byte_size
	.byte	5                               @ DW_AT_decl_file
	.short	530                             @ DW_AT_decl_line
	.byte	16                              @ Abbrev [16] 0x144:0xd DW_TAG_member
	.long	.Linfo_string38                 @ DW_AT_name
	.long	939                             @ DW_AT_type
	.byte	5                               @ DW_AT_decl_file
	.short	532                             @ DW_AT_decl_line
	.byte	0                               @ DW_AT_data_member_location
	.byte	16                              @ Abbrev [16] 0x151:0xd DW_TAG_member
	.long	.Linfo_string39                 @ DW_AT_name
	.long	1051                            @ DW_AT_type
	.byte	5                               @ DW_AT_decl_file
	.short	533                             @ DW_AT_decl_line
	.byte	0                               @ DW_AT_data_member_location
	.byte	0                               @ End Of Children Mark
	.byte	14                              @ Abbrev [14] 0x15f:0x9 DW_TAG_member
	.long	360                             @ DW_AT_type
	.byte	5                               @ DW_AT_decl_file
	.short	536                             @ DW_AT_decl_line
	.byte	8                               @ DW_AT_data_member_location
	.byte	15                              @ Abbrev [15] 0x168:0x20 DW_TAG_union_type
	.byte	4                               @ DW_AT_byte_size
	.byte	5                               @ DW_AT_decl_file
	.short	536                             @ DW_AT_decl_line
	.byte	16                              @ Abbrev [16] 0x16d:0xd DW_TAG_member
	.long	.Linfo_string45                 @ DW_AT_name
	.long	939                             @ DW_AT_type
	.byte	5                               @ DW_AT_decl_file
	.short	538                             @ DW_AT_decl_line
	.byte	0                               @ DW_AT_data_member_location
	.byte	16                              @ Abbrev [16] 0x17a:0xd DW_TAG_member
	.long	.Linfo_string46                 @ DW_AT_name
	.long	1158                            @ DW_AT_type
	.byte	5                               @ DW_AT_decl_file
	.short	539                             @ DW_AT_decl_line
	.byte	0                               @ DW_AT_data_member_location
	.byte	0                               @ End Of Children Mark
	.byte	14                              @ Abbrev [14] 0x188:0x9 DW_TAG_member
	.long	401                             @ DW_AT_type
	.byte	5                               @ DW_AT_decl_file
	.short	542                             @ DW_AT_decl_line
	.byte	12                              @ DW_AT_data_member_location
	.byte	15                              @ Abbrev [15] 0x191:0x20 DW_TAG_union_type
	.byte	4                               @ DW_AT_byte_size
	.byte	5                               @ DW_AT_decl_file
	.short	542                             @ DW_AT_decl_line
	.byte	16                              @ Abbrev [16] 0x196:0xd DW_TAG_member
	.long	.Linfo_string52                 @ DW_AT_name
	.long	939                             @ DW_AT_type
	.byte	5                               @ DW_AT_decl_file
	.short	544                             @ DW_AT_decl_line
	.byte	0                               @ DW_AT_data_member_location
	.byte	16                              @ Abbrev [16] 0x1a3:0xd DW_TAG_member
	.long	.Linfo_string53                 @ DW_AT_name
	.long	1265                            @ DW_AT_type
	.byte	5                               @ DW_AT_decl_file
	.short	545                             @ DW_AT_decl_line
	.byte	0                               @ DW_AT_data_member_location
	.byte	0                               @ End Of Children Mark
	.byte	14                              @ Abbrev [14] 0x1b1:0x9 DW_TAG_member
	.long	442                             @ DW_AT_type
	.byte	5                               @ DW_AT_decl_file
	.short	548                             @ DW_AT_decl_line
	.byte	16                              @ DW_AT_data_member_location
	.byte	15                              @ Abbrev [15] 0x1ba:0x20 DW_TAG_union_type
	.byte	4                               @ DW_AT_byte_size
	.byte	5                               @ DW_AT_decl_file
	.short	548                             @ DW_AT_decl_line
	.byte	16                              @ Abbrev [16] 0x1bf:0xd DW_TAG_member
	.long	.Linfo_string60                 @ DW_AT_name
	.long	939                             @ DW_AT_type
	.byte	5                               @ DW_AT_decl_file
	.short	550                             @ DW_AT_decl_line
	.byte	0                               @ DW_AT_data_member_location
	.byte	16                              @ Abbrev [16] 0x1cc:0xd DW_TAG_member
	.long	.Linfo_string61                 @ DW_AT_name
	.long	1372                            @ DW_AT_type
	.byte	5                               @ DW_AT_decl_file
	.short	551                             @ DW_AT_decl_line
	.byte	0                               @ DW_AT_data_member_location
	.byte	0                               @ End Of Children Mark
	.byte	14                              @ Abbrev [14] 0x1da:0x9 DW_TAG_member
	.long	483                             @ DW_AT_type
	.byte	5                               @ DW_AT_decl_file
	.short	554                             @ DW_AT_decl_line
	.byte	20                              @ DW_AT_data_member_location
	.byte	15                              @ Abbrev [15] 0x1e3:0x20 DW_TAG_union_type
	.byte	4                               @ DW_AT_byte_size
	.byte	5                               @ DW_AT_decl_file
	.short	554                             @ DW_AT_decl_line
	.byte	16                              @ Abbrev [16] 0x1e8:0xd DW_TAG_member
	.long	.Linfo_string65                 @ DW_AT_name
	.long	939                             @ DW_AT_type
	.byte	5                               @ DW_AT_decl_file
	.short	556                             @ DW_AT_decl_line
	.byte	0                               @ DW_AT_data_member_location
	.byte	16                              @ Abbrev [16] 0x1f5:0xd DW_TAG_member
	.long	.Linfo_string66                 @ DW_AT_name
	.long	1437                            @ DW_AT_type
	.byte	5                               @ DW_AT_decl_file
	.short	557                             @ DW_AT_decl_line
	.byte	0                               @ DW_AT_data_member_location
	.byte	0                               @ End Of Children Mark
	.byte	14                              @ Abbrev [14] 0x203:0x9 DW_TAG_member
	.long	524                             @ DW_AT_type
	.byte	5                               @ DW_AT_decl_file
	.short	560                             @ DW_AT_decl_line
	.byte	24                              @ DW_AT_data_member_location
	.byte	15                              @ Abbrev [15] 0x20c:0x20 DW_TAG_union_type
	.byte	4                               @ DW_AT_byte_size
	.byte	5                               @ DW_AT_decl_file
	.short	560                             @ DW_AT_decl_line
	.byte	16                              @ Abbrev [16] 0x211:0xd DW_TAG_member
	.long	.Linfo_string69                 @ DW_AT_name
	.long	939                             @ DW_AT_type
	.byte	5                               @ DW_AT_decl_file
	.short	562                             @ DW_AT_decl_line
	.byte	0                               @ DW_AT_data_member_location
	.byte	16                              @ Abbrev [16] 0x21e:0xd DW_TAG_member
	.long	.Linfo_string70                 @ DW_AT_name
	.long	1502                            @ DW_AT_type
	.byte	5                               @ DW_AT_decl_file
	.short	563                             @ DW_AT_decl_line
	.byte	0                               @ DW_AT_data_member_location
	.byte	0                               @ End Of Children Mark
	.byte	14                              @ Abbrev [14] 0x22c:0x9 DW_TAG_member
	.long	565                             @ DW_AT_type
	.byte	5                               @ DW_AT_decl_file
	.short	566                             @ DW_AT_decl_line
	.byte	28                              @ DW_AT_data_member_location
	.byte	15                              @ Abbrev [15] 0x235:0x20 DW_TAG_union_type
	.byte	4                               @ DW_AT_byte_size
	.byte	5                               @ DW_AT_decl_file
	.short	566                             @ DW_AT_decl_line
	.byte	16                              @ Abbrev [16] 0x23a:0xd DW_TAG_member
	.long	.Linfo_string77                 @ DW_AT_name
	.long	939                             @ DW_AT_type
	.byte	5                               @ DW_AT_decl_file
	.short	568                             @ DW_AT_decl_line
	.byte	0                               @ DW_AT_data_member_location
	.byte	16                              @ Abbrev [16] 0x247:0xd DW_TAG_member
	.long	.Linfo_string78                 @ DW_AT_name
	.long	1609                            @ DW_AT_type
	.byte	5                               @ DW_AT_decl_file
	.short	569                             @ DW_AT_decl_line
	.byte	0                               @ DW_AT_data_member_location
	.byte	0                               @ End Of Children Mark
	.byte	14                              @ Abbrev [14] 0x255:0x9 DW_TAG_member
	.long	606                             @ DW_AT_type
	.byte	5                               @ DW_AT_decl_file
	.short	572                             @ DW_AT_decl_line
	.byte	32                              @ DW_AT_data_member_location
	.byte	15                              @ Abbrev [15] 0x25e:0x20 DW_TAG_union_type
	.byte	4                               @ DW_AT_byte_size
	.byte	5                               @ DW_AT_decl_file
	.short	572                             @ DW_AT_decl_line
	.byte	16                              @ Abbrev [16] 0x263:0xd DW_TAG_member
	.long	.Linfo_string84                 @ DW_AT_name
	.long	939                             @ DW_AT_type
	.byte	5                               @ DW_AT_decl_file
	.short	574                             @ DW_AT_decl_line
	.byte	0                               @ DW_AT_data_member_location
	.byte	16                              @ Abbrev [16] 0x270:0xd DW_TAG_member
	.long	.Linfo_string85                 @ DW_AT_name
	.long	1716                            @ DW_AT_type
	.byte	5                               @ DW_AT_decl_file
	.short	575                             @ DW_AT_decl_line
	.byte	0                               @ DW_AT_data_member_location
	.byte	0                               @ End Of Children Mark
	.byte	14                              @ Abbrev [14] 0x27e:0x9 DW_TAG_member
	.long	647                             @ DW_AT_type
	.byte	5                               @ DW_AT_decl_file
	.short	578                             @ DW_AT_decl_line
	.byte	36                              @ DW_AT_data_member_location
	.byte	15                              @ Abbrev [15] 0x287:0x20 DW_TAG_union_type
	.byte	4                               @ DW_AT_byte_size
	.byte	5                               @ DW_AT_decl_file
	.short	578                             @ DW_AT_decl_line
	.byte	16                              @ Abbrev [16] 0x28c:0xd DW_TAG_member
	.long	.Linfo_string91                 @ DW_AT_name
	.long	939                             @ DW_AT_type
	.byte	5                               @ DW_AT_decl_file
	.short	580                             @ DW_AT_decl_line
	.byte	0                               @ DW_AT_data_member_location
	.byte	16                              @ Abbrev [16] 0x299:0xd DW_TAG_member
	.long	.Linfo_string92                 @ DW_AT_name
	.long	1823                            @ DW_AT_type
	.byte	5                               @ DW_AT_decl_file
	.short	581                             @ DW_AT_decl_line
	.byte	0                               @ DW_AT_data_member_location
	.byte	0                               @ End Of Children Mark
	.byte	14                              @ Abbrev [14] 0x2a7:0x9 DW_TAG_member
	.long	688                             @ DW_AT_type
	.byte	5                               @ DW_AT_decl_file
	.short	584                             @ DW_AT_decl_line
	.byte	40                              @ DW_AT_data_member_location
	.byte	15                              @ Abbrev [15] 0x2b0:0x20 DW_TAG_union_type
	.byte	4                               @ DW_AT_byte_size
	.byte	5                               @ DW_AT_decl_file
	.short	584                             @ DW_AT_decl_line
	.byte	16                              @ Abbrev [16] 0x2b5:0xd DW_TAG_member
	.long	.Linfo_string99                 @ DW_AT_name
	.long	939                             @ DW_AT_type
	.byte	5                               @ DW_AT_decl_file
	.short	586                             @ DW_AT_decl_line
	.byte	0                               @ DW_AT_data_member_location
	.byte	16                              @ Abbrev [16] 0x2c2:0xd DW_TAG_member
	.long	.Linfo_string100                @ DW_AT_name
	.long	1930                            @ DW_AT_type
	.byte	5                               @ DW_AT_decl_file
	.short	587                             @ DW_AT_decl_line
	.byte	0                               @ DW_AT_data_member_location
	.byte	0                               @ End Of Children Mark
	.byte	14                              @ Abbrev [14] 0x2d0:0x9 DW_TAG_member
	.long	729                             @ DW_AT_type
	.byte	5                               @ DW_AT_decl_file
	.short	590                             @ DW_AT_decl_line
	.byte	44                              @ DW_AT_data_member_location
	.byte	15                              @ Abbrev [15] 0x2d9:0x20 DW_TAG_union_type
	.byte	4                               @ DW_AT_byte_size
	.byte	5                               @ DW_AT_decl_file
	.short	590                             @ DW_AT_decl_line
	.byte	16                              @ Abbrev [16] 0x2de:0xd DW_TAG_member
	.long	.Linfo_string104                @ DW_AT_name
	.long	939                             @ DW_AT_type
	.byte	5                               @ DW_AT_decl_file
	.short	592                             @ DW_AT_decl_line
	.byte	0                               @ DW_AT_data_member_location
	.byte	16                              @ Abbrev [16] 0x2eb:0xd DW_TAG_member
	.long	.Linfo_string105                @ DW_AT_name
	.long	1995                            @ DW_AT_type
	.byte	5                               @ DW_AT_decl_file
	.short	593                             @ DW_AT_decl_line
	.byte	0                               @ DW_AT_data_member_location
	.byte	0                               @ End Of Children Mark
	.byte	14                              @ Abbrev [14] 0x2f9:0x9 DW_TAG_member
	.long	770                             @ DW_AT_type
	.byte	5                               @ DW_AT_decl_file
	.short	596                             @ DW_AT_decl_line
	.byte	48                              @ DW_AT_data_member_location
	.byte	15                              @ Abbrev [15] 0x302:0x20 DW_TAG_union_type
	.byte	4                               @ DW_AT_byte_size
	.byte	5                               @ DW_AT_decl_file
	.short	596                             @ DW_AT_decl_line
	.byte	16                              @ Abbrev [16] 0x307:0xd DW_TAG_member
	.long	.Linfo_string111                @ DW_AT_name
	.long	939                             @ DW_AT_type
	.byte	5                               @ DW_AT_decl_file
	.short	598                             @ DW_AT_decl_line
	.byte	0                               @ DW_AT_data_member_location
	.byte	16                              @ Abbrev [16] 0x314:0xd DW_TAG_member
	.long	.Linfo_string112                @ DW_AT_name
	.long	2102                            @ DW_AT_type
	.byte	5                               @ DW_AT_decl_file
	.short	599                             @ DW_AT_decl_line
	.byte	0                               @ DW_AT_data_member_location
	.byte	0                               @ End Of Children Mark
	.byte	14                              @ Abbrev [14] 0x322:0x9 DW_TAG_member
	.long	811                             @ DW_AT_type
	.byte	5                               @ DW_AT_decl_file
	.short	602                             @ DW_AT_decl_line
	.byte	52                              @ DW_AT_data_member_location
	.byte	15                              @ Abbrev [15] 0x32b:0x20 DW_TAG_union_type
	.byte	4                               @ DW_AT_byte_size
	.byte	5                               @ DW_AT_decl_file
	.short	602                             @ DW_AT_decl_line
	.byte	16                              @ Abbrev [16] 0x330:0xd DW_TAG_member
	.long	.Linfo_string119                @ DW_AT_name
	.long	939                             @ DW_AT_type
	.byte	5                               @ DW_AT_decl_file
	.short	604                             @ DW_AT_decl_line
	.byte	0                               @ DW_AT_data_member_location
	.byte	16                              @ Abbrev [16] 0x33d:0xd DW_TAG_member
	.long	.Linfo_string120                @ DW_AT_name
	.long	2209                            @ DW_AT_type
	.byte	5                               @ DW_AT_decl_file
	.short	605                             @ DW_AT_decl_line
	.byte	0                               @ DW_AT_data_member_location
	.byte	0                               @ End Of Children Mark
	.byte	14                              @ Abbrev [14] 0x34b:0x9 DW_TAG_member
	.long	852                             @ DW_AT_type
	.byte	5                               @ DW_AT_decl_file
	.short	608                             @ DW_AT_decl_line
	.byte	56                              @ DW_AT_data_member_location
	.byte	15                              @ Abbrev [15] 0x354:0x20 DW_TAG_union_type
	.byte	4                               @ DW_AT_byte_size
	.byte	5                               @ DW_AT_decl_file
	.short	608                             @ DW_AT_decl_line
	.byte	16                              @ Abbrev [16] 0x359:0xd DW_TAG_member
	.long	.Linfo_string126                @ DW_AT_name
	.long	939                             @ DW_AT_type
	.byte	5                               @ DW_AT_decl_file
	.short	610                             @ DW_AT_decl_line
	.byte	0                               @ DW_AT_data_member_location
	.byte	16                              @ Abbrev [16] 0x366:0xd DW_TAG_member
	.long	.Linfo_string127                @ DW_AT_name
	.long	2316                            @ DW_AT_type
	.byte	5                               @ DW_AT_decl_file
	.short	611                             @ DW_AT_decl_line
	.byte	0                               @ DW_AT_data_member_location
	.byte	0                               @ End Of Children Mark
	.byte	16                              @ Abbrev [16] 0x374:0xd DW_TAG_member
	.long	.Linfo_string36                 @ DW_AT_name
	.long	2507                            @ DW_AT_type
	.byte	5                               @ DW_AT_decl_file
	.short	614                             @ DW_AT_decl_line
	.byte	60                              @ DW_AT_data_member_location
	.byte	14                              @ Abbrev [14] 0x381:0x9 DW_TAG_member
	.long	906                             @ DW_AT_type
	.byte	5                               @ DW_AT_decl_file
	.short	616                             @ DW_AT_decl_line
	.byte	252                             @ DW_AT_data_member_location
	.byte	15                              @ Abbrev [15] 0x38a:0x20 DW_TAG_union_type
	.byte	4                               @ DW_AT_byte_size
	.byte	5                               @ DW_AT_decl_file
	.short	616                             @ DW_AT_decl_line
	.byte	16                              @ Abbrev [16] 0x38f:0xd DW_TAG_member
	.long	.Linfo_string139                @ DW_AT_name
	.long	939                             @ DW_AT_type
	.byte	5                               @ DW_AT_decl_file
	.short	618                             @ DW_AT_decl_line
	.byte	0                               @ DW_AT_data_member_location
	.byte	16                              @ Abbrev [16] 0x39c:0xd DW_TAG_member
	.long	.Linfo_string140                @ DW_AT_name
	.long	2526                            @ DW_AT_type
	.byte	5                               @ DW_AT_decl_file
	.short	619                             @ DW_AT_decl_line
	.byte	0                               @ DW_AT_data_member_location
	.byte	0                               @ End Of Children Mark
	.byte	0                               @ End Of Children Mark
	.byte	17                              @ Abbrev [17] 0x3ab:0x5 DW_TAG_volatile_type
	.long	78                              @ DW_AT_type
	.byte	17                              @ Abbrev [17] 0x3b0:0x5 DW_TAG_volatile_type
	.long	949                             @ DW_AT_type
	.byte	12                              @ Abbrev [12] 0x3b5:0xc DW_TAG_typedef
	.long	961                             @ DW_AT_type
	.long	.Linfo_string37                 @ DW_AT_name
	.byte	5                               @ DW_AT_decl_file
	.short	376                             @ DW_AT_decl_line
	.byte	18                              @ Abbrev [18] 0x3c1:0x5a DW_TAG_structure_type
	.byte	4                               @ DW_AT_byte_size
	.byte	5                               @ DW_AT_decl_file
	.short	368                             @ DW_AT_decl_line
	.byte	19                              @ Abbrev [19] 0x3c6:0xe DW_TAG_member
	.long	.Linfo_string31                 @ DW_AT_name
	.long	939                             @ DW_AT_type
	.byte	5                               @ DW_AT_decl_file
	.short	370                             @ DW_AT_decl_line
	.byte	1                               @ DW_AT_bit_size
	.byte	0                               @ DW_AT_data_bit_offset
	.byte	19                              @ Abbrev [19] 0x3d4:0xe DW_TAG_member
	.long	.Linfo_string32                 @ DW_AT_name
	.long	939                             @ DW_AT_type
	.byte	5                               @ DW_AT_decl_file
	.short	371                             @ DW_AT_decl_line
	.byte	2                               @ DW_AT_bit_size
	.byte	1                               @ DW_AT_data_bit_offset
	.byte	19                              @ Abbrev [19] 0x3e2:0xe DW_TAG_member
	.long	.Linfo_string33                 @ DW_AT_name
	.long	939                             @ DW_AT_type
	.byte	5                               @ DW_AT_decl_file
	.short	372                             @ DW_AT_decl_line
	.byte	1                               @ DW_AT_bit_size
	.byte	3                               @ DW_AT_data_bit_offset
	.byte	19                              @ Abbrev [19] 0x3f0:0xe DW_TAG_member
	.long	.Linfo_string34                 @ DW_AT_name
	.long	939                             @ DW_AT_type
	.byte	5                               @ DW_AT_decl_file
	.short	373                             @ DW_AT_decl_line
	.byte	4                               @ DW_AT_bit_size
	.byte	4                               @ DW_AT_data_bit_offset
	.byte	19                              @ Abbrev [19] 0x3fe:0xe DW_TAG_member
	.long	.Linfo_string35                 @ DW_AT_name
	.long	939                             @ DW_AT_type
	.byte	5                               @ DW_AT_decl_file
	.short	374                             @ DW_AT_decl_line
	.byte	1                               @ DW_AT_bit_size
	.byte	8                               @ DW_AT_data_bit_offset
	.byte	19                              @ Abbrev [19] 0x40c:0xe DW_TAG_member
	.long	.Linfo_string36                 @ DW_AT_name
	.long	939                             @ DW_AT_type
	.byte	5                               @ DW_AT_decl_file
	.short	375                             @ DW_AT_decl_line
	.byte	23                              @ DW_AT_bit_size
	.byte	9                               @ DW_AT_data_bit_offset
	.byte	0                               @ End Of Children Mark
	.byte	17                              @ Abbrev [17] 0x41b:0x5 DW_TAG_volatile_type
	.long	1056                            @ DW_AT_type
	.byte	12                              @ Abbrev [12] 0x420:0xc DW_TAG_typedef
	.long	1068                            @ DW_AT_type
	.long	.Linfo_string44                 @ DW_AT_name
	.byte	5                               @ DW_AT_decl_file
	.short	386                             @ DW_AT_decl_line
	.byte	18                              @ Abbrev [18] 0x42c:0x5a DW_TAG_structure_type
	.byte	4                               @ DW_AT_byte_size
	.byte	5                               @ DW_AT_decl_file
	.short	378                             @ DW_AT_decl_line
	.byte	19                              @ Abbrev [19] 0x431:0xe DW_TAG_member
	.long	.Linfo_string40                 @ DW_AT_name
	.long	939                             @ DW_AT_type
	.byte	5                               @ DW_AT_decl_file
	.short	380                             @ DW_AT_decl_line
	.byte	3                               @ DW_AT_bit_size
	.byte	0                               @ DW_AT_data_bit_offset
	.byte	19                              @ Abbrev [19] 0x43f:0xe DW_TAG_member
	.long	.Linfo_string41                 @ DW_AT_name
	.long	939                             @ DW_AT_type
	.byte	5                               @ DW_AT_decl_file
	.short	381                             @ DW_AT_decl_line
	.byte	1                               @ DW_AT_bit_size
	.byte	3                               @ DW_AT_data_bit_offset
	.byte	19                              @ Abbrev [19] 0x44d:0xe DW_TAG_member
	.long	.Linfo_string32                 @ DW_AT_name
	.long	939                             @ DW_AT_type
	.byte	5                               @ DW_AT_decl_file
	.short	382                             @ DW_AT_decl_line
	.byte	4                               @ DW_AT_bit_size
	.byte	4                               @ DW_AT_data_bit_offset
	.byte	19                              @ Abbrev [19] 0x45b:0xe DW_TAG_member
	.long	.Linfo_string42                 @ DW_AT_name
	.long	939                             @ DW_AT_type
	.byte	5                               @ DW_AT_decl_file
	.short	383                             @ DW_AT_decl_line
	.byte	1                               @ DW_AT_bit_size
	.byte	8                               @ DW_AT_data_bit_offset
	.byte	19                              @ Abbrev [19] 0x469:0xe DW_TAG_member
	.long	.Linfo_string43                 @ DW_AT_name
	.long	939                             @ DW_AT_type
	.byte	5                               @ DW_AT_decl_file
	.short	384                             @ DW_AT_decl_line
	.byte	1                               @ DW_AT_bit_size
	.byte	9                               @ DW_AT_data_bit_offset
	.byte	19                              @ Abbrev [19] 0x477:0xe DW_TAG_member
	.long	.Linfo_string36                 @ DW_AT_name
	.long	939                             @ DW_AT_type
	.byte	5                               @ DW_AT_decl_file
	.short	385                             @ DW_AT_decl_line
	.byte	22                              @ DW_AT_bit_size
	.byte	10                              @ DW_AT_data_bit_offset
	.byte	0                               @ End Of Children Mark
	.byte	17                              @ Abbrev [17] 0x486:0x5 DW_TAG_volatile_type
	.long	1163                            @ DW_AT_type
	.byte	12                              @ Abbrev [12] 0x48b:0xc DW_TAG_typedef
	.long	1175                            @ DW_AT_type
	.long	.Linfo_string51                 @ DW_AT_name
	.byte	5                               @ DW_AT_decl_file
	.short	396                             @ DW_AT_decl_line
	.byte	18                              @ Abbrev [18] 0x497:0x5a DW_TAG_structure_type
	.byte	4                               @ DW_AT_byte_size
	.byte	5                               @ DW_AT_decl_file
	.short	388                             @ DW_AT_decl_line
	.byte	19                              @ Abbrev [19] 0x49c:0xe DW_TAG_member
	.long	.Linfo_string47                 @ DW_AT_name
	.long	939                             @ DW_AT_type
	.byte	5                               @ DW_AT_decl_file
	.short	390                             @ DW_AT_decl_line
	.byte	1                               @ DW_AT_bit_size
	.byte	0                               @ DW_AT_data_bit_offset
	.byte	19                              @ Abbrev [19] 0x4aa:0xe DW_TAG_member
	.long	.Linfo_string48                 @ DW_AT_name
	.long	939                             @ DW_AT_type
	.byte	5                               @ DW_AT_decl_file
	.short	391                             @ DW_AT_decl_line
	.byte	1                               @ DW_AT_bit_size
	.byte	1                               @ DW_AT_data_bit_offset
	.byte	19                              @ Abbrev [19] 0x4b8:0xe DW_TAG_member
	.long	.Linfo_string49                 @ DW_AT_name
	.long	939                             @ DW_AT_type
	.byte	5                               @ DW_AT_decl_file
	.short	392                             @ DW_AT_decl_line
	.byte	1                               @ DW_AT_bit_size
	.byte	2                               @ DW_AT_data_bit_offset
	.byte	19                              @ Abbrev [19] 0x4c6:0xe DW_TAG_member
	.long	.Linfo_string32                 @ DW_AT_name
	.long	939                             @ DW_AT_type
	.byte	5                               @ DW_AT_decl_file
	.short	393                             @ DW_AT_decl_line
	.byte	1                               @ DW_AT_bit_size
	.byte	3                               @ DW_AT_data_bit_offset
	.byte	19                              @ Abbrev [19] 0x4d4:0xe DW_TAG_member
	.long	.Linfo_string50                 @ DW_AT_name
	.long	939                             @ DW_AT_type
	.byte	5                               @ DW_AT_decl_file
	.short	394                             @ DW_AT_decl_line
	.byte	4                               @ DW_AT_bit_size
	.byte	4                               @ DW_AT_data_bit_offset
	.byte	19                              @ Abbrev [19] 0x4e2:0xe DW_TAG_member
	.long	.Linfo_string36                 @ DW_AT_name
	.long	939                             @ DW_AT_type
	.byte	5                               @ DW_AT_decl_file
	.short	395                             @ DW_AT_decl_line
	.byte	24                              @ DW_AT_bit_size
	.byte	8                               @ DW_AT_data_bit_offset
	.byte	0                               @ End Of Children Mark
	.byte	17                              @ Abbrev [17] 0x4f1:0x5 DW_TAG_volatile_type
	.long	1270                            @ DW_AT_type
	.byte	12                              @ Abbrev [12] 0x4f6:0xc DW_TAG_typedef
	.long	1282                            @ DW_AT_type
	.long	.Linfo_string59                 @ DW_AT_name
	.byte	5                               @ DW_AT_decl_file
	.short	406                             @ DW_AT_decl_line
	.byte	18                              @ Abbrev [18] 0x502:0x5a DW_TAG_structure_type
	.byte	4                               @ DW_AT_byte_size
	.byte	5                               @ DW_AT_decl_file
	.short	398                             @ DW_AT_decl_line
	.byte	19                              @ Abbrev [19] 0x507:0xe DW_TAG_member
	.long	.Linfo_string54                 @ DW_AT_name
	.long	939                             @ DW_AT_type
	.byte	5                               @ DW_AT_decl_file
	.short	400                             @ DW_AT_decl_line
	.byte	1                               @ DW_AT_bit_size
	.byte	0                               @ DW_AT_data_bit_offset
	.byte	19                              @ Abbrev [19] 0x515:0xe DW_TAG_member
	.long	.Linfo_string55                 @ DW_AT_name
	.long	939                             @ DW_AT_type
	.byte	5                               @ DW_AT_decl_file
	.short	401                             @ DW_AT_decl_line
	.byte	1                               @ DW_AT_bit_size
	.byte	1                               @ DW_AT_data_bit_offset
	.byte	19                              @ Abbrev [19] 0x523:0xe DW_TAG_member
	.long	.Linfo_string56                 @ DW_AT_name
	.long	939                             @ DW_AT_type
	.byte	5                               @ DW_AT_decl_file
	.short	402                             @ DW_AT_decl_line
	.byte	1                               @ DW_AT_bit_size
	.byte	2                               @ DW_AT_data_bit_offset
	.byte	19                              @ Abbrev [19] 0x531:0xe DW_TAG_member
	.long	.Linfo_string57                 @ DW_AT_name
	.long	939                             @ DW_AT_type
	.byte	5                               @ DW_AT_decl_file
	.short	403                             @ DW_AT_decl_line
	.byte	1                               @ DW_AT_bit_size
	.byte	3                               @ DW_AT_data_bit_offset
	.byte	19                              @ Abbrev [19] 0x53f:0xe DW_TAG_member
	.long	.Linfo_string58                 @ DW_AT_name
	.long	939                             @ DW_AT_type
	.byte	5                               @ DW_AT_decl_file
	.short	404                             @ DW_AT_decl_line
	.byte	8                               @ DW_AT_bit_size
	.byte	4                               @ DW_AT_data_bit_offset
	.byte	19                              @ Abbrev [19] 0x54d:0xe DW_TAG_member
	.long	.Linfo_string36                 @ DW_AT_name
	.long	939                             @ DW_AT_type
	.byte	5                               @ DW_AT_decl_file
	.short	405                             @ DW_AT_decl_line
	.byte	20                              @ DW_AT_bit_size
	.byte	12                              @ DW_AT_data_bit_offset
	.byte	0                               @ End Of Children Mark
	.byte	17                              @ Abbrev [17] 0x55c:0x5 DW_TAG_volatile_type
	.long	1377                            @ DW_AT_type
	.byte	12                              @ Abbrev [12] 0x561:0xc DW_TAG_typedef
	.long	1389                            @ DW_AT_type
	.long	.Linfo_string64                 @ DW_AT_name
	.byte	5                               @ DW_AT_decl_file
	.short	413                             @ DW_AT_decl_line
	.byte	18                              @ Abbrev [18] 0x56d:0x30 DW_TAG_structure_type
	.byte	4                               @ DW_AT_byte_size
	.byte	5                               @ DW_AT_decl_file
	.short	408                             @ DW_AT_decl_line
	.byte	19                              @ Abbrev [19] 0x572:0xe DW_TAG_member
	.long	.Linfo_string62                 @ DW_AT_name
	.long	939                             @ DW_AT_type
	.byte	5                               @ DW_AT_decl_file
	.short	410                             @ DW_AT_decl_line
	.byte	1                               @ DW_AT_bit_size
	.byte	0                               @ DW_AT_data_bit_offset
	.byte	19                              @ Abbrev [19] 0x580:0xe DW_TAG_member
	.long	.Linfo_string63                 @ DW_AT_name
	.long	939                             @ DW_AT_type
	.byte	5                               @ DW_AT_decl_file
	.short	411                             @ DW_AT_decl_line
	.byte	1                               @ DW_AT_bit_size
	.byte	1                               @ DW_AT_data_bit_offset
	.byte	19                              @ Abbrev [19] 0x58e:0xe DW_TAG_member
	.long	.Linfo_string36                 @ DW_AT_name
	.long	939                             @ DW_AT_type
	.byte	5                               @ DW_AT_decl_file
	.short	412                             @ DW_AT_decl_line
	.byte	30                              @ DW_AT_bit_size
	.byte	2                               @ DW_AT_data_bit_offset
	.byte	0                               @ End Of Children Mark
	.byte	17                              @ Abbrev [17] 0x59d:0x5 DW_TAG_volatile_type
	.long	1442                            @ DW_AT_type
	.byte	12                              @ Abbrev [12] 0x5a2:0xc DW_TAG_typedef
	.long	1454                            @ DW_AT_type
	.long	.Linfo_string68                 @ DW_AT_name
	.byte	5                               @ DW_AT_decl_file
	.short	420                             @ DW_AT_decl_line
	.byte	18                              @ Abbrev [18] 0x5ae:0x30 DW_TAG_structure_type
	.byte	4                               @ DW_AT_byte_size
	.byte	5                               @ DW_AT_decl_file
	.short	415                             @ DW_AT_decl_line
	.byte	19                              @ Abbrev [19] 0x5b3:0xe DW_TAG_member
	.long	.Linfo_string32                 @ DW_AT_name
	.long	939                             @ DW_AT_type
	.byte	5                               @ DW_AT_decl_file
	.short	417                             @ DW_AT_decl_line
	.byte	1                               @ DW_AT_bit_size
	.byte	0                               @ DW_AT_data_bit_offset
	.byte	19                              @ Abbrev [19] 0x5c1:0xe DW_TAG_member
	.long	.Linfo_string67                 @ DW_AT_name
	.long	939                             @ DW_AT_type
	.byte	5                               @ DW_AT_decl_file
	.short	418                             @ DW_AT_decl_line
	.byte	1                               @ DW_AT_bit_size
	.byte	1                               @ DW_AT_data_bit_offset
	.byte	19                              @ Abbrev [19] 0x5cf:0xe DW_TAG_member
	.long	.Linfo_string36                 @ DW_AT_name
	.long	939                             @ DW_AT_type
	.byte	5                               @ DW_AT_decl_file
	.short	419                             @ DW_AT_decl_line
	.byte	30                              @ DW_AT_bit_size
	.byte	2                               @ DW_AT_data_bit_offset
	.byte	0                               @ End Of Children Mark
	.byte	17                              @ Abbrev [17] 0x5de:0x5 DW_TAG_volatile_type
	.long	1507                            @ DW_AT_type
	.byte	12                              @ Abbrev [12] 0x5e3:0xc DW_TAG_typedef
	.long	1519                            @ DW_AT_type
	.long	.Linfo_string76                 @ DW_AT_name
	.byte	5                               @ DW_AT_decl_file
	.short	430                             @ DW_AT_decl_line
	.byte	18                              @ Abbrev [18] 0x5ef:0x5a DW_TAG_structure_type
	.byte	4                               @ DW_AT_byte_size
	.byte	5                               @ DW_AT_decl_file
	.short	422                             @ DW_AT_decl_line
	.byte	19                              @ Abbrev [19] 0x5f4:0xe DW_TAG_member
	.long	.Linfo_string71                 @ DW_AT_name
	.long	939                             @ DW_AT_type
	.byte	5                               @ DW_AT_decl_file
	.short	424                             @ DW_AT_decl_line
	.byte	1                               @ DW_AT_bit_size
	.byte	0                               @ DW_AT_data_bit_offset
	.byte	19                              @ Abbrev [19] 0x602:0xe DW_TAG_member
	.long	.Linfo_string72                 @ DW_AT_name
	.long	939                             @ DW_AT_type
	.byte	5                               @ DW_AT_decl_file
	.short	425                             @ DW_AT_decl_line
	.byte	1                               @ DW_AT_bit_size
	.byte	1                               @ DW_AT_data_bit_offset
	.byte	19                              @ Abbrev [19] 0x610:0xe DW_TAG_member
	.long	.Linfo_string73                 @ DW_AT_name
	.long	939                             @ DW_AT_type
	.byte	5                               @ DW_AT_decl_file
	.short	426                             @ DW_AT_decl_line
	.byte	1                               @ DW_AT_bit_size
	.byte	2                               @ DW_AT_data_bit_offset
	.byte	19                              @ Abbrev [19] 0x61e:0xe DW_TAG_member
	.long	.Linfo_string74                 @ DW_AT_name
	.long	939                             @ DW_AT_type
	.byte	5                               @ DW_AT_decl_file
	.short	427                             @ DW_AT_decl_line
	.byte	1                               @ DW_AT_bit_size
	.byte	3                               @ DW_AT_data_bit_offset
	.byte	19                              @ Abbrev [19] 0x62c:0xe DW_TAG_member
	.long	.Linfo_string75                 @ DW_AT_name
	.long	939                             @ DW_AT_type
	.byte	5                               @ DW_AT_decl_file
	.short	428                             @ DW_AT_decl_line
	.byte	4                               @ DW_AT_bit_size
	.byte	4                               @ DW_AT_data_bit_offset
	.byte	19                              @ Abbrev [19] 0x63a:0xe DW_TAG_member
	.long	.Linfo_string36                 @ DW_AT_name
	.long	939                             @ DW_AT_type
	.byte	5                               @ DW_AT_decl_file
	.short	429                             @ DW_AT_decl_line
	.byte	24                              @ DW_AT_bit_size
	.byte	8                               @ DW_AT_data_bit_offset
	.byte	0                               @ End Of Children Mark
	.byte	17                              @ Abbrev [17] 0x649:0x5 DW_TAG_volatile_type
	.long	1614                            @ DW_AT_type
	.byte	12                              @ Abbrev [12] 0x64e:0xc DW_TAG_typedef
	.long	1626                            @ DW_AT_type
	.long	.Linfo_string83                 @ DW_AT_name
	.byte	5                               @ DW_AT_decl_file
	.short	440                             @ DW_AT_decl_line
	.byte	18                              @ Abbrev [18] 0x65a:0x5a DW_TAG_structure_type
	.byte	4                               @ DW_AT_byte_size
	.byte	5                               @ DW_AT_decl_file
	.short	432                             @ DW_AT_decl_line
	.byte	19                              @ Abbrev [19] 0x65f:0xe DW_TAG_member
	.long	.Linfo_string79                 @ DW_AT_name
	.long	939                             @ DW_AT_type
	.byte	5                               @ DW_AT_decl_file
	.short	434                             @ DW_AT_decl_line
	.byte	1                               @ DW_AT_bit_size
	.byte	0                               @ DW_AT_data_bit_offset
	.byte	19                              @ Abbrev [19] 0x66d:0xe DW_TAG_member
	.long	.Linfo_string80                 @ DW_AT_name
	.long	939                             @ DW_AT_type
	.byte	5                               @ DW_AT_decl_file
	.short	435                             @ DW_AT_decl_line
	.byte	1                               @ DW_AT_bit_size
	.byte	1                               @ DW_AT_data_bit_offset
	.byte	19                              @ Abbrev [19] 0x67b:0xe DW_TAG_member
	.long	.Linfo_string81                 @ DW_AT_name
	.long	939                             @ DW_AT_type
	.byte	5                               @ DW_AT_decl_file
	.short	436                             @ DW_AT_decl_line
	.byte	1                               @ DW_AT_bit_size
	.byte	2                               @ DW_AT_data_bit_offset
	.byte	19                              @ Abbrev [19] 0x689:0xe DW_TAG_member
	.long	.Linfo_string32                 @ DW_AT_name
	.long	939                             @ DW_AT_type
	.byte	5                               @ DW_AT_decl_file
	.short	437                             @ DW_AT_decl_line
	.byte	1                               @ DW_AT_bit_size
	.byte	3                               @ DW_AT_data_bit_offset
	.byte	19                              @ Abbrev [19] 0x697:0xe DW_TAG_member
	.long	.Linfo_string82                 @ DW_AT_name
	.long	939                             @ DW_AT_type
	.byte	5                               @ DW_AT_decl_file
	.short	438                             @ DW_AT_decl_line
	.byte	4                               @ DW_AT_bit_size
	.byte	4                               @ DW_AT_data_bit_offset
	.byte	19                              @ Abbrev [19] 0x6a5:0xe DW_TAG_member
	.long	.Linfo_string36                 @ DW_AT_name
	.long	939                             @ DW_AT_type
	.byte	5                               @ DW_AT_decl_file
	.short	439                             @ DW_AT_decl_line
	.byte	24                              @ DW_AT_bit_size
	.byte	8                               @ DW_AT_data_bit_offset
	.byte	0                               @ End Of Children Mark
	.byte	17                              @ Abbrev [17] 0x6b4:0x5 DW_TAG_volatile_type
	.long	1721                            @ DW_AT_type
	.byte	12                              @ Abbrev [12] 0x6b9:0xc DW_TAG_typedef
	.long	1733                            @ DW_AT_type
	.long	.Linfo_string90                 @ DW_AT_name
	.byte	5                               @ DW_AT_decl_file
	.short	450                             @ DW_AT_decl_line
	.byte	18                              @ Abbrev [18] 0x6c5:0x5a DW_TAG_structure_type
	.byte	4                               @ DW_AT_byte_size
	.byte	5                               @ DW_AT_decl_file
	.short	442                             @ DW_AT_decl_line
	.byte	19                              @ Abbrev [19] 0x6ca:0xe DW_TAG_member
	.long	.Linfo_string86                 @ DW_AT_name
	.long	939                             @ DW_AT_type
	.byte	5                               @ DW_AT_decl_file
	.short	444                             @ DW_AT_decl_line
	.byte	1                               @ DW_AT_bit_size
	.byte	0                               @ DW_AT_data_bit_offset
	.byte	19                              @ Abbrev [19] 0x6d8:0xe DW_TAG_member
	.long	.Linfo_string87                 @ DW_AT_name
	.long	939                             @ DW_AT_type
	.byte	5                               @ DW_AT_decl_file
	.short	445                             @ DW_AT_decl_line
	.byte	1                               @ DW_AT_bit_size
	.byte	1                               @ DW_AT_data_bit_offset
	.byte	19                              @ Abbrev [19] 0x6e6:0xe DW_TAG_member
	.long	.Linfo_string88                 @ DW_AT_name
	.long	939                             @ DW_AT_type
	.byte	5                               @ DW_AT_decl_file
	.short	446                             @ DW_AT_decl_line
	.byte	1                               @ DW_AT_bit_size
	.byte	2                               @ DW_AT_data_bit_offset
	.byte	19                              @ Abbrev [19] 0x6f4:0xe DW_TAG_member
	.long	.Linfo_string32                 @ DW_AT_name
	.long	939                             @ DW_AT_type
	.byte	5                               @ DW_AT_decl_file
	.short	447                             @ DW_AT_decl_line
	.byte	1                               @ DW_AT_bit_size
	.byte	3                               @ DW_AT_data_bit_offset
	.byte	19                              @ Abbrev [19] 0x702:0xe DW_TAG_member
	.long	.Linfo_string89                 @ DW_AT_name
	.long	939                             @ DW_AT_type
	.byte	5                               @ DW_AT_decl_file
	.short	448                             @ DW_AT_decl_line
	.byte	4                               @ DW_AT_bit_size
	.byte	4                               @ DW_AT_data_bit_offset
	.byte	19                              @ Abbrev [19] 0x710:0xe DW_TAG_member
	.long	.Linfo_string36                 @ DW_AT_name
	.long	939                             @ DW_AT_type
	.byte	5                               @ DW_AT_decl_file
	.short	449                             @ DW_AT_decl_line
	.byte	24                              @ DW_AT_bit_size
	.byte	8                               @ DW_AT_data_bit_offset
	.byte	0                               @ End Of Children Mark
	.byte	17                              @ Abbrev [17] 0x71f:0x5 DW_TAG_volatile_type
	.long	1828                            @ DW_AT_type
	.byte	12                              @ Abbrev [12] 0x724:0xc DW_TAG_typedef
	.long	1840                            @ DW_AT_type
	.long	.Linfo_string98                 @ DW_AT_name
	.byte	5                               @ DW_AT_decl_file
	.short	460                             @ DW_AT_decl_line
	.byte	18                              @ Abbrev [18] 0x730:0x5a DW_TAG_structure_type
	.byte	4                               @ DW_AT_byte_size
	.byte	5                               @ DW_AT_decl_file
	.short	452                             @ DW_AT_decl_line
	.byte	19                              @ Abbrev [19] 0x735:0xe DW_TAG_member
	.long	.Linfo_string93                 @ DW_AT_name
	.long	939                             @ DW_AT_type
	.byte	5                               @ DW_AT_decl_file
	.short	454                             @ DW_AT_decl_line
	.byte	1                               @ DW_AT_bit_size
	.byte	0                               @ DW_AT_data_bit_offset
	.byte	19                              @ Abbrev [19] 0x743:0xe DW_TAG_member
	.long	.Linfo_string94                 @ DW_AT_name
	.long	939                             @ DW_AT_type
	.byte	5                               @ DW_AT_decl_file
	.short	455                             @ DW_AT_decl_line
	.byte	1                               @ DW_AT_bit_size
	.byte	1                               @ DW_AT_data_bit_offset
	.byte	19                              @ Abbrev [19] 0x751:0xe DW_TAG_member
	.long	.Linfo_string95                 @ DW_AT_name
	.long	939                             @ DW_AT_type
	.byte	5                               @ DW_AT_decl_file
	.short	456                             @ DW_AT_decl_line
	.byte	1                               @ DW_AT_bit_size
	.byte	2                               @ DW_AT_data_bit_offset
	.byte	19                              @ Abbrev [19] 0x75f:0xe DW_TAG_member
	.long	.Linfo_string96                 @ DW_AT_name
	.long	939                             @ DW_AT_type
	.byte	5                               @ DW_AT_decl_file
	.short	457                             @ DW_AT_decl_line
	.byte	1                               @ DW_AT_bit_size
	.byte	3                               @ DW_AT_data_bit_offset
	.byte	19                              @ Abbrev [19] 0x76d:0xe DW_TAG_member
	.long	.Linfo_string97                 @ DW_AT_name
	.long	939                             @ DW_AT_type
	.byte	5                               @ DW_AT_decl_file
	.short	458                             @ DW_AT_decl_line
	.byte	4                               @ DW_AT_bit_size
	.byte	4                               @ DW_AT_data_bit_offset
	.byte	19                              @ Abbrev [19] 0x77b:0xe DW_TAG_member
	.long	.Linfo_string36                 @ DW_AT_name
	.long	939                             @ DW_AT_type
	.byte	5                               @ DW_AT_decl_file
	.short	459                             @ DW_AT_decl_line
	.byte	24                              @ DW_AT_bit_size
	.byte	8                               @ DW_AT_data_bit_offset
	.byte	0                               @ End Of Children Mark
	.byte	17                              @ Abbrev [17] 0x78a:0x5 DW_TAG_volatile_type
	.long	1935                            @ DW_AT_type
	.byte	12                              @ Abbrev [12] 0x78f:0xc DW_TAG_typedef
	.long	1947                            @ DW_AT_type
	.long	.Linfo_string103                @ DW_AT_name
	.byte	5                               @ DW_AT_decl_file
	.short	467                             @ DW_AT_decl_line
	.byte	18                              @ Abbrev [18] 0x79b:0x30 DW_TAG_structure_type
	.byte	4                               @ DW_AT_byte_size
	.byte	5                               @ DW_AT_decl_file
	.short	462                             @ DW_AT_decl_line
	.byte	19                              @ Abbrev [19] 0x7a0:0xe DW_TAG_member
	.long	.Linfo_string101                @ DW_AT_name
	.long	939                             @ DW_AT_type
	.byte	5                               @ DW_AT_decl_file
	.short	464                             @ DW_AT_decl_line
	.byte	1                               @ DW_AT_bit_size
	.byte	0                               @ DW_AT_data_bit_offset
	.byte	19                              @ Abbrev [19] 0x7ae:0xe DW_TAG_member
	.long	.Linfo_string102                @ DW_AT_name
	.long	939                             @ DW_AT_type
	.byte	5                               @ DW_AT_decl_file
	.short	465                             @ DW_AT_decl_line
	.byte	1                               @ DW_AT_bit_size
	.byte	1                               @ DW_AT_data_bit_offset
	.byte	19                              @ Abbrev [19] 0x7bc:0xe DW_TAG_member
	.long	.Linfo_string36                 @ DW_AT_name
	.long	939                             @ DW_AT_type
	.byte	5                               @ DW_AT_decl_file
	.short	466                             @ DW_AT_decl_line
	.byte	30                              @ DW_AT_bit_size
	.byte	2                               @ DW_AT_data_bit_offset
	.byte	0                               @ End Of Children Mark
	.byte	17                              @ Abbrev [17] 0x7cb:0x5 DW_TAG_volatile_type
	.long	2000                            @ DW_AT_type
	.byte	12                              @ Abbrev [12] 0x7d0:0xc DW_TAG_typedef
	.long	2012                            @ DW_AT_type
	.long	.Linfo_string110                @ DW_AT_name
	.byte	5                               @ DW_AT_decl_file
	.short	477                             @ DW_AT_decl_line
	.byte	18                              @ Abbrev [18] 0x7dc:0x5a DW_TAG_structure_type
	.byte	4                               @ DW_AT_byte_size
	.byte	5                               @ DW_AT_decl_file
	.short	469                             @ DW_AT_decl_line
	.byte	19                              @ Abbrev [19] 0x7e1:0xe DW_TAG_member
	.long	.Linfo_string106                @ DW_AT_name
	.long	939                             @ DW_AT_type
	.byte	5                               @ DW_AT_decl_file
	.short	471                             @ DW_AT_decl_line
	.byte	1                               @ DW_AT_bit_size
	.byte	0                               @ DW_AT_data_bit_offset
	.byte	19                              @ Abbrev [19] 0x7ef:0xe DW_TAG_member
	.long	.Linfo_string107                @ DW_AT_name
	.long	939                             @ DW_AT_type
	.byte	5                               @ DW_AT_decl_file
	.short	472                             @ DW_AT_decl_line
	.byte	1                               @ DW_AT_bit_size
	.byte	1                               @ DW_AT_data_bit_offset
	.byte	19                              @ Abbrev [19] 0x7fd:0xe DW_TAG_member
	.long	.Linfo_string108                @ DW_AT_name
	.long	939                             @ DW_AT_type
	.byte	5                               @ DW_AT_decl_file
	.short	473                             @ DW_AT_decl_line
	.byte	1                               @ DW_AT_bit_size
	.byte	2                               @ DW_AT_data_bit_offset
	.byte	19                              @ Abbrev [19] 0x80b:0xe DW_TAG_member
	.long	.Linfo_string32                 @ DW_AT_name
	.long	939                             @ DW_AT_type
	.byte	5                               @ DW_AT_decl_file
	.short	474                             @ DW_AT_decl_line
	.byte	1                               @ DW_AT_bit_size
	.byte	3                               @ DW_AT_data_bit_offset
	.byte	19                              @ Abbrev [19] 0x819:0xe DW_TAG_member
	.long	.Linfo_string109                @ DW_AT_name
	.long	939                             @ DW_AT_type
	.byte	5                               @ DW_AT_decl_file
	.short	475                             @ DW_AT_decl_line
	.byte	4                               @ DW_AT_bit_size
	.byte	4                               @ DW_AT_data_bit_offset
	.byte	19                              @ Abbrev [19] 0x827:0xe DW_TAG_member
	.long	.Linfo_string36                 @ DW_AT_name
	.long	939                             @ DW_AT_type
	.byte	5                               @ DW_AT_decl_file
	.short	476                             @ DW_AT_decl_line
	.byte	24                              @ DW_AT_bit_size
	.byte	8                               @ DW_AT_data_bit_offset
	.byte	0                               @ End Of Children Mark
	.byte	17                              @ Abbrev [17] 0x836:0x5 DW_TAG_volatile_type
	.long	2107                            @ DW_AT_type
	.byte	12                              @ Abbrev [12] 0x83b:0xc DW_TAG_typedef
	.long	2119                            @ DW_AT_type
	.long	.Linfo_string118                @ DW_AT_name
	.byte	5                               @ DW_AT_decl_file
	.short	487                             @ DW_AT_decl_line
	.byte	18                              @ Abbrev [18] 0x847:0x5a DW_TAG_structure_type
	.byte	4                               @ DW_AT_byte_size
	.byte	5                               @ DW_AT_decl_file
	.short	479                             @ DW_AT_decl_line
	.byte	19                              @ Abbrev [19] 0x84c:0xe DW_TAG_member
	.long	.Linfo_string113                @ DW_AT_name
	.long	939                             @ DW_AT_type
	.byte	5                               @ DW_AT_decl_file
	.short	481                             @ DW_AT_decl_line
	.byte	1                               @ DW_AT_bit_size
	.byte	0                               @ DW_AT_data_bit_offset
	.byte	19                              @ Abbrev [19] 0x85a:0xe DW_TAG_member
	.long	.Linfo_string114                @ DW_AT_name
	.long	939                             @ DW_AT_type
	.byte	5                               @ DW_AT_decl_file
	.short	482                             @ DW_AT_decl_line
	.byte	1                               @ DW_AT_bit_size
	.byte	1                               @ DW_AT_data_bit_offset
	.byte	19                              @ Abbrev [19] 0x868:0xe DW_TAG_member
	.long	.Linfo_string115                @ DW_AT_name
	.long	939                             @ DW_AT_type
	.byte	5                               @ DW_AT_decl_file
	.short	483                             @ DW_AT_decl_line
	.byte	1                               @ DW_AT_bit_size
	.byte	2                               @ DW_AT_data_bit_offset
	.byte	19                              @ Abbrev [19] 0x876:0xe DW_TAG_member
	.long	.Linfo_string116                @ DW_AT_name
	.long	939                             @ DW_AT_type
	.byte	5                               @ DW_AT_decl_file
	.short	484                             @ DW_AT_decl_line
	.byte	1                               @ DW_AT_bit_size
	.byte	3                               @ DW_AT_data_bit_offset
	.byte	19                              @ Abbrev [19] 0x884:0xe DW_TAG_member
	.long	.Linfo_string117                @ DW_AT_name
	.long	939                             @ DW_AT_type
	.byte	5                               @ DW_AT_decl_file
	.short	485                             @ DW_AT_decl_line
	.byte	4                               @ DW_AT_bit_size
	.byte	4                               @ DW_AT_data_bit_offset
	.byte	19                              @ Abbrev [19] 0x892:0xe DW_TAG_member
	.long	.Linfo_string36                 @ DW_AT_name
	.long	939                             @ DW_AT_type
	.byte	5                               @ DW_AT_decl_file
	.short	486                             @ DW_AT_decl_line
	.byte	24                              @ DW_AT_bit_size
	.byte	8                               @ DW_AT_data_bit_offset
	.byte	0                               @ End Of Children Mark
	.byte	17                              @ Abbrev [17] 0x8a1:0x5 DW_TAG_volatile_type
	.long	2214                            @ DW_AT_type
	.byte	12                              @ Abbrev [12] 0x8a6:0xc DW_TAG_typedef
	.long	2226                            @ DW_AT_type
	.long	.Linfo_string125                @ DW_AT_name
	.byte	5                               @ DW_AT_decl_file
	.short	497                             @ DW_AT_decl_line
	.byte	18                              @ Abbrev [18] 0x8b2:0x5a DW_TAG_structure_type
	.byte	4                               @ DW_AT_byte_size
	.byte	5                               @ DW_AT_decl_file
	.short	489                             @ DW_AT_decl_line
	.byte	19                              @ Abbrev [19] 0x8b7:0xe DW_TAG_member
	.long	.Linfo_string121                @ DW_AT_name
	.long	939                             @ DW_AT_type
	.byte	5                               @ DW_AT_decl_file
	.short	491                             @ DW_AT_decl_line
	.byte	1                               @ DW_AT_bit_size
	.byte	0                               @ DW_AT_data_bit_offset
	.byte	19                              @ Abbrev [19] 0x8c5:0xe DW_TAG_member
	.long	.Linfo_string122                @ DW_AT_name
	.long	939                             @ DW_AT_type
	.byte	5                               @ DW_AT_decl_file
	.short	492                             @ DW_AT_decl_line
	.byte	1                               @ DW_AT_bit_size
	.byte	1                               @ DW_AT_data_bit_offset
	.byte	19                              @ Abbrev [19] 0x8d3:0xe DW_TAG_member
	.long	.Linfo_string123                @ DW_AT_name
	.long	939                             @ DW_AT_type
	.byte	5                               @ DW_AT_decl_file
	.short	493                             @ DW_AT_decl_line
	.byte	1                               @ DW_AT_bit_size
	.byte	2                               @ DW_AT_data_bit_offset
	.byte	19                              @ Abbrev [19] 0x8e1:0xe DW_TAG_member
	.long	.Linfo_string32                 @ DW_AT_name
	.long	939                             @ DW_AT_type
	.byte	5                               @ DW_AT_decl_file
	.short	494                             @ DW_AT_decl_line
	.byte	1                               @ DW_AT_bit_size
	.byte	3                               @ DW_AT_data_bit_offset
	.byte	19                              @ Abbrev [19] 0x8ef:0xe DW_TAG_member
	.long	.Linfo_string124                @ DW_AT_name
	.long	939                             @ DW_AT_type
	.byte	5                               @ DW_AT_decl_file
	.short	495                             @ DW_AT_decl_line
	.byte	4                               @ DW_AT_bit_size
	.byte	4                               @ DW_AT_data_bit_offset
	.byte	19                              @ Abbrev [19] 0x8fd:0xe DW_TAG_member
	.long	.Linfo_string36                 @ DW_AT_name
	.long	939                             @ DW_AT_type
	.byte	5                               @ DW_AT_decl_file
	.short	496                             @ DW_AT_decl_line
	.byte	24                              @ DW_AT_bit_size
	.byte	8                               @ DW_AT_data_bit_offset
	.byte	0                               @ End Of Children Mark
	.byte	17                              @ Abbrev [17] 0x90c:0x5 DW_TAG_volatile_type
	.long	2321                            @ DW_AT_type
	.byte	12                              @ Abbrev [12] 0x911:0xc DW_TAG_typedef
	.long	2333                            @ DW_AT_type
	.long	.Linfo_string137                @ DW_AT_name
	.byte	5                               @ DW_AT_decl_file
	.short	513                             @ DW_AT_decl_line
	.byte	18                              @ Abbrev [18] 0x91d:0xae DW_TAG_structure_type
	.byte	4                               @ DW_AT_byte_size
	.byte	5                               @ DW_AT_decl_file
	.short	499                             @ DW_AT_decl_line
	.byte	19                              @ Abbrev [19] 0x922:0xe DW_TAG_member
	.long	.Linfo_string128                @ DW_AT_name
	.long	939                             @ DW_AT_type
	.byte	5                               @ DW_AT_decl_file
	.short	501                             @ DW_AT_decl_line
	.byte	1                               @ DW_AT_bit_size
	.byte	0                               @ DW_AT_data_bit_offset
	.byte	19                              @ Abbrev [19] 0x930:0xe DW_TAG_member
	.long	.Linfo_string129                @ DW_AT_name
	.long	939                             @ DW_AT_type
	.byte	5                               @ DW_AT_decl_file
	.short	502                             @ DW_AT_decl_line
	.byte	1                               @ DW_AT_bit_size
	.byte	1                               @ DW_AT_data_bit_offset
	.byte	19                              @ Abbrev [19] 0x93e:0xe DW_TAG_member
	.long	.Linfo_string130                @ DW_AT_name
	.long	939                             @ DW_AT_type
	.byte	5                               @ DW_AT_decl_file
	.short	503                             @ DW_AT_decl_line
	.byte	2                               @ DW_AT_bit_size
	.byte	2                               @ DW_AT_data_bit_offset
	.byte	19                              @ Abbrev [19] 0x94c:0xe DW_TAG_member
	.long	.Linfo_string131                @ DW_AT_name
	.long	939                             @ DW_AT_type
	.byte	5                               @ DW_AT_decl_file
	.short	504                             @ DW_AT_decl_line
	.byte	3                               @ DW_AT_bit_size
	.byte	4                               @ DW_AT_data_bit_offset
	.byte	19                              @ Abbrev [19] 0x95a:0xe DW_TAG_member
	.long	.Linfo_string132                @ DW_AT_name
	.long	939                             @ DW_AT_type
	.byte	5                               @ DW_AT_decl_file
	.short	505                             @ DW_AT_decl_line
	.byte	1                               @ DW_AT_bit_size
	.byte	7                               @ DW_AT_data_bit_offset
	.byte	19                              @ Abbrev [19] 0x968:0xe DW_TAG_member
	.long	.Linfo_string133                @ DW_AT_name
	.long	939                             @ DW_AT_type
	.byte	5                               @ DW_AT_decl_file
	.short	506                             @ DW_AT_decl_line
	.byte	5                               @ DW_AT_bit_size
	.byte	8                               @ DW_AT_data_bit_offset
	.byte	19                              @ Abbrev [19] 0x976:0xe DW_TAG_member
	.long	.Linfo_string48                 @ DW_AT_name
	.long	939                             @ DW_AT_type
	.byte	5                               @ DW_AT_decl_file
	.short	507                             @ DW_AT_decl_line
	.byte	3                               @ DW_AT_bit_size
	.byte	13                              @ DW_AT_data_bit_offset
	.byte	19                              @ Abbrev [19] 0x984:0xe DW_TAG_member
	.long	.Linfo_string134                @ DW_AT_name
	.long	939                             @ DW_AT_type
	.byte	5                               @ DW_AT_decl_file
	.short	508                             @ DW_AT_decl_line
	.byte	5                               @ DW_AT_bit_size
	.byte	16                              @ DW_AT_data_bit_offset
	.byte	19                              @ Abbrev [19] 0x992:0xe DW_TAG_member
	.long	.Linfo_string32                 @ DW_AT_name
	.long	939                             @ DW_AT_type
	.byte	5                               @ DW_AT_decl_file
	.short	509                             @ DW_AT_decl_line
	.byte	3                               @ DW_AT_bit_size
	.byte	21                              @ DW_AT_data_bit_offset
	.byte	19                              @ Abbrev [19] 0x9a0:0xe DW_TAG_member
	.long	.Linfo_string135                @ DW_AT_name
	.long	939                             @ DW_AT_type
	.byte	5                               @ DW_AT_decl_file
	.short	510                             @ DW_AT_decl_line
	.byte	6                               @ DW_AT_bit_size
	.byte	24                              @ DW_AT_data_bit_offset
	.byte	19                              @ Abbrev [19] 0x9ae:0xe DW_TAG_member
	.long	.Linfo_string136                @ DW_AT_name
	.long	939                             @ DW_AT_type
	.byte	5                               @ DW_AT_decl_file
	.short	511                             @ DW_AT_decl_line
	.byte	1                               @ DW_AT_bit_size
	.byte	30                              @ DW_AT_data_bit_offset
	.byte	19                              @ Abbrev [19] 0x9bc:0xe DW_TAG_member
	.long	.Linfo_string36                 @ DW_AT_name
	.long	939                             @ DW_AT_type
	.byte	5                               @ DW_AT_decl_file
	.short	512                             @ DW_AT_decl_line
	.byte	1                               @ DW_AT_bit_size
	.byte	31                              @ DW_AT_data_bit_offset
	.byte	0                               @ End Of Children Mark
	.byte	20                              @ Abbrev [20] 0x9cb:0xc DW_TAG_array_type
	.long	78                              @ DW_AT_type
	.byte	21                              @ Abbrev [21] 0x9d0:0x6 DW_TAG_subrange_type
	.long	2519                            @ DW_AT_type
	.byte	48                              @ DW_AT_count
	.byte	0                               @ End Of Children Mark
	.byte	22                              @ Abbrev [22] 0x9d7:0x7 DW_TAG_base_type
	.long	.Linfo_string138                @ DW_AT_name
	.byte	8                               @ DW_AT_byte_size
	.byte	7                               @ DW_AT_encoding
	.byte	17                              @ Abbrev [17] 0x9de:0x5 DW_TAG_volatile_type
	.long	2531                            @ DW_AT_type
	.byte	12                              @ Abbrev [12] 0x9e3:0xc DW_TAG_typedef
	.long	2543                            @ DW_AT_type
	.long	.Linfo_string141                @ DW_AT_name
	.byte	5                               @ DW_AT_decl_file
	.short	519                             @ DW_AT_decl_line
	.byte	18                              @ Abbrev [18] 0x9ef:0x22 DW_TAG_structure_type
	.byte	4                               @ DW_AT_byte_size
	.byte	5                               @ DW_AT_decl_file
	.short	515                             @ DW_AT_decl_line
	.byte	19                              @ Abbrev [19] 0x9f4:0xe DW_TAG_member
	.long	.Linfo_string139                @ DW_AT_name
	.long	939                             @ DW_AT_type
	.byte	5                               @ DW_AT_decl_file
	.short	517                             @ DW_AT_decl_line
	.byte	1                               @ DW_AT_bit_size
	.byte	0                               @ DW_AT_data_bit_offset
	.byte	19                              @ Abbrev [19] 0xa02:0xe DW_TAG_member
	.long	.Linfo_string36                 @ DW_AT_name
	.long	939                             @ DW_AT_type
	.byte	5                               @ DW_AT_decl_file
	.short	518                             @ DW_AT_decl_line
	.byte	31                              @ DW_AT_bit_size
	.byte	1                               @ DW_AT_data_bit_offset
	.byte	0                               @ End Of Children Mark
	.byte	4                               @ Abbrev [4] 0xa11:0x5 DW_TAG_pointer_type
	.long	2582                            @ DW_AT_type
	.byte	3                               @ Abbrev [3] 0xa16:0xb DW_TAG_typedef
	.long	2593                            @ DW_AT_type
	.long	.Linfo_string176                @ DW_AT_name
	.byte	6                               @ DW_AT_decl_file
	.byte	207                             @ DW_AT_decl_line
	.byte	23                              @ Abbrev [23] 0xa21:0x12d DW_TAG_structure_type
	.byte	32                              @ DW_AT_byte_size
	.byte	6                               @ DW_AT_decl_file
	.byte	157                             @ DW_AT_decl_line
	.byte	24                              @ Abbrev [24] 0xa25:0x8 DW_TAG_member
	.long	2605                            @ DW_AT_type
	.byte	6                               @ DW_AT_decl_file
	.byte	159                             @ DW_AT_decl_line
	.byte	0                               @ DW_AT_data_member_location
	.byte	25                              @ Abbrev [25] 0xa2d:0x1d DW_TAG_union_type
	.byte	4                               @ DW_AT_byte_size
	.byte	6                               @ DW_AT_decl_file
	.byte	159                             @ DW_AT_decl_line
	.byte	26                              @ Abbrev [26] 0xa31:0xc DW_TAG_member
	.long	.Linfo_string143                @ DW_AT_name
	.long	939                             @ DW_AT_type
	.byte	6                               @ DW_AT_decl_file
	.byte	161                             @ DW_AT_decl_line
	.byte	0                               @ DW_AT_data_member_location
	.byte	26                              @ Abbrev [26] 0xa3d:0xc DW_TAG_member
	.long	.Linfo_string144                @ DW_AT_name
	.long	2894                            @ DW_AT_type
	.byte	6                               @ DW_AT_decl_file
	.byte	162                             @ DW_AT_decl_line
	.byte	0                               @ DW_AT_data_member_location
	.byte	0                               @ End Of Children Mark
	.byte	24                              @ Abbrev [24] 0xa4a:0x8 DW_TAG_member
	.long	2642                            @ DW_AT_type
	.byte	6                               @ DW_AT_decl_file
	.byte	165                             @ DW_AT_decl_line
	.byte	4                               @ DW_AT_data_member_location
	.byte	25                              @ Abbrev [25] 0xa52:0x1d DW_TAG_union_type
	.byte	4                               @ DW_AT_byte_size
	.byte	6                               @ DW_AT_decl_file
	.byte	165                             @ DW_AT_decl_line
	.byte	26                              @ Abbrev [26] 0xa56:0xc DW_TAG_member
	.long	.Linfo_string149                @ DW_AT_name
	.long	939                             @ DW_AT_type
	.byte	6                               @ DW_AT_decl_file
	.byte	167                             @ DW_AT_decl_line
	.byte	0                               @ DW_AT_data_member_location
	.byte	26                              @ Abbrev [26] 0xa62:0xc DW_TAG_member
	.long	.Linfo_string150                @ DW_AT_name
	.long	2980                            @ DW_AT_type
	.byte	6                               @ DW_AT_decl_file
	.byte	168                             @ DW_AT_decl_line
	.byte	0                               @ DW_AT_data_member_location
	.byte	0                               @ End Of Children Mark
	.byte	24                              @ Abbrev [24] 0xa6f:0x8 DW_TAG_member
	.long	2679                            @ DW_AT_type
	.byte	6                               @ DW_AT_decl_file
	.byte	171                             @ DW_AT_decl_line
	.byte	8                               @ DW_AT_data_member_location
	.byte	25                              @ Abbrev [25] 0xa77:0x1d DW_TAG_union_type
	.byte	4                               @ DW_AT_byte_size
	.byte	6                               @ DW_AT_decl_file
	.byte	171                             @ DW_AT_decl_line
	.byte	26                              @ Abbrev [26] 0xa7b:0xc DW_TAG_member
	.long	.Linfo_string152                @ DW_AT_name
	.long	939                             @ DW_AT_type
	.byte	6                               @ DW_AT_decl_file
	.byte	173                             @ DW_AT_decl_line
	.byte	0                               @ DW_AT_data_member_location
	.byte	26                              @ Abbrev [26] 0xa87:0xc DW_TAG_member
	.long	.Linfo_string153                @ DW_AT_name
	.long	3027                            @ DW_AT_type
	.byte	6                               @ DW_AT_decl_file
	.byte	174                             @ DW_AT_decl_line
	.byte	0                               @ DW_AT_data_member_location
	.byte	0                               @ End Of Children Mark
	.byte	24                              @ Abbrev [24] 0xa94:0x8 DW_TAG_member
	.long	2716                            @ DW_AT_type
	.byte	6                               @ DW_AT_decl_file
	.byte	177                             @ DW_AT_decl_line
	.byte	12                              @ DW_AT_data_member_location
	.byte	25                              @ Abbrev [25] 0xa9c:0x1d DW_TAG_union_type
	.byte	4                               @ DW_AT_byte_size
	.byte	6                               @ DW_AT_decl_file
	.byte	177                             @ DW_AT_decl_line
	.byte	26                              @ Abbrev [26] 0xaa0:0xc DW_TAG_member
	.long	.Linfo_string155                @ DW_AT_name
	.long	939                             @ DW_AT_type
	.byte	6                               @ DW_AT_decl_file
	.byte	179                             @ DW_AT_decl_line
	.byte	0                               @ DW_AT_data_member_location
	.byte	26                              @ Abbrev [26] 0xaac:0xc DW_TAG_member
	.long	.Linfo_string156                @ DW_AT_name
	.long	3061                            @ DW_AT_type
	.byte	6                               @ DW_AT_decl_file
	.byte	180                             @ DW_AT_decl_line
	.byte	0                               @ DW_AT_data_member_location
	.byte	0                               @ End Of Children Mark
	.byte	24                              @ Abbrev [24] 0xab9:0x8 DW_TAG_member
	.long	2753                            @ DW_AT_type
	.byte	6                               @ DW_AT_decl_file
	.byte	183                             @ DW_AT_decl_line
	.byte	16                              @ DW_AT_data_member_location
	.byte	25                              @ Abbrev [25] 0xac1:0x1d DW_TAG_union_type
	.byte	4                               @ DW_AT_byte_size
	.byte	6                               @ DW_AT_decl_file
	.byte	183                             @ DW_AT_decl_line
	.byte	26                              @ Abbrev [26] 0xac5:0xc DW_TAG_member
	.long	.Linfo_string158                @ DW_AT_name
	.long	939                             @ DW_AT_type
	.byte	6                               @ DW_AT_decl_file
	.byte	185                             @ DW_AT_decl_line
	.byte	0                               @ DW_AT_data_member_location
	.byte	26                              @ Abbrev [26] 0xad1:0xc DW_TAG_member
	.long	.Linfo_string159                @ DW_AT_name
	.long	3095                            @ DW_AT_type
	.byte	6                               @ DW_AT_decl_file
	.byte	186                             @ DW_AT_decl_line
	.byte	0                               @ DW_AT_data_member_location
	.byte	0                               @ End Of Children Mark
	.byte	24                              @ Abbrev [24] 0xade:0x8 DW_TAG_member
	.long	2790                            @ DW_AT_type
	.byte	6                               @ DW_AT_decl_file
	.byte	189                             @ DW_AT_decl_line
	.byte	20                              @ DW_AT_data_member_location
	.byte	25                              @ Abbrev [25] 0xae6:0x1d DW_TAG_union_type
	.byte	4                               @ DW_AT_byte_size
	.byte	6                               @ DW_AT_decl_file
	.byte	189                             @ DW_AT_decl_line
	.byte	26                              @ Abbrev [26] 0xaea:0xc DW_TAG_member
	.long	.Linfo_string161                @ DW_AT_name
	.long	939                             @ DW_AT_type
	.byte	6                               @ DW_AT_decl_file
	.byte	191                             @ DW_AT_decl_line
	.byte	0                               @ DW_AT_data_member_location
	.byte	26                              @ Abbrev [26] 0xaf6:0xc DW_TAG_member
	.long	.Linfo_string162                @ DW_AT_name
	.long	3142                            @ DW_AT_type
	.byte	6                               @ DW_AT_decl_file
	.byte	192                             @ DW_AT_decl_line
	.byte	0                               @ DW_AT_data_member_location
	.byte	0                               @ End Of Children Mark
	.byte	24                              @ Abbrev [24] 0xb03:0x8 DW_TAG_member
	.long	2827                            @ DW_AT_type
	.byte	6                               @ DW_AT_decl_file
	.byte	195                             @ DW_AT_decl_line
	.byte	24                              @ DW_AT_data_member_location
	.byte	25                              @ Abbrev [25] 0xb0b:0x1d DW_TAG_union_type
	.byte	4                               @ DW_AT_byte_size
	.byte	6                               @ DW_AT_decl_file
	.byte	195                             @ DW_AT_decl_line
	.byte	26                              @ Abbrev [26] 0xb0f:0xc DW_TAG_member
	.long	.Linfo_string168                @ DW_AT_name
	.long	939                             @ DW_AT_type
	.byte	6                               @ DW_AT_decl_file
	.byte	197                             @ DW_AT_decl_line
	.byte	0                               @ DW_AT_data_member_location
	.byte	26                              @ Abbrev [26] 0xb1b:0xc DW_TAG_member
	.long	.Linfo_string169                @ DW_AT_name
	.long	3267                            @ DW_AT_type
	.byte	6                               @ DW_AT_decl_file
	.byte	198                             @ DW_AT_decl_line
	.byte	0                               @ DW_AT_data_member_location
	.byte	0                               @ End Of Children Mark
	.byte	24                              @ Abbrev [24] 0xb28:0x8 DW_TAG_member
	.long	2864                            @ DW_AT_type
	.byte	6                               @ DW_AT_decl_file
	.byte	201                             @ DW_AT_decl_line
	.byte	28                              @ DW_AT_data_member_location
	.byte	25                              @ Abbrev [25] 0xb30:0x1d DW_TAG_union_type
	.byte	4                               @ DW_AT_byte_size
	.byte	6                               @ DW_AT_decl_file
	.byte	201                             @ DW_AT_decl_line
	.byte	26                              @ Abbrev [26] 0xb34:0xc DW_TAG_member
	.long	.Linfo_string172                @ DW_AT_name
	.long	939                             @ DW_AT_type
	.byte	6                               @ DW_AT_decl_file
	.byte	203                             @ DW_AT_decl_line
	.byte	0                               @ DW_AT_data_member_location
	.byte	26                              @ Abbrev [26] 0xb40:0xc DW_TAG_member
	.long	.Linfo_string173                @ DW_AT_name
	.long	3301                            @ DW_AT_type
	.byte	6                               @ DW_AT_decl_file
	.byte	204                             @ DW_AT_decl_line
	.byte	0                               @ DW_AT_data_member_location
	.byte	0                               @ End Of Children Mark
	.byte	0                               @ End Of Children Mark
	.byte	17                              @ Abbrev [17] 0xb4e:0x5 DW_TAG_volatile_type
	.long	2899                            @ DW_AT_type
	.byte	3                               @ Abbrev [3] 0xb53:0xb DW_TAG_typedef
	.long	2910                            @ DW_AT_type
	.long	.Linfo_string148                @ DW_AT_name
	.byte	6                               @ DW_AT_decl_file
	.byte	109                             @ DW_AT_decl_line
	.byte	23                              @ Abbrev [23] 0xb5e:0x46 DW_TAG_structure_type
	.byte	4                               @ DW_AT_byte_size
	.byte	6                               @ DW_AT_decl_file
	.byte	102                             @ DW_AT_decl_line
	.byte	27                              @ Abbrev [27] 0xb62:0xd DW_TAG_member
	.long	.Linfo_string145                @ DW_AT_name
	.long	939                             @ DW_AT_type
	.byte	6                               @ DW_AT_decl_file
	.byte	104                             @ DW_AT_decl_line
	.byte	1                               @ DW_AT_bit_size
	.byte	0                               @ DW_AT_data_bit_offset
	.byte	27                              @ Abbrev [27] 0xb6f:0xd DW_TAG_member
	.long	.Linfo_string146                @ DW_AT_name
	.long	939                             @ DW_AT_type
	.byte	6                               @ DW_AT_decl_file
	.byte	105                             @ DW_AT_decl_line
	.byte	1                               @ DW_AT_bit_size
	.byte	1                               @ DW_AT_data_bit_offset
	.byte	27                              @ Abbrev [27] 0xb7c:0xd DW_TAG_member
	.long	.Linfo_string32                 @ DW_AT_name
	.long	939                             @ DW_AT_type
	.byte	6                               @ DW_AT_decl_file
	.byte	106                             @ DW_AT_decl_line
	.byte	6                               @ DW_AT_bit_size
	.byte	2                               @ DW_AT_data_bit_offset
	.byte	27                              @ Abbrev [27] 0xb89:0xd DW_TAG_member
	.long	.Linfo_string147                @ DW_AT_name
	.long	939                             @ DW_AT_type
	.byte	6                               @ DW_AT_decl_file
	.byte	107                             @ DW_AT_decl_line
	.byte	1                               @ DW_AT_bit_size
	.byte	8                               @ DW_AT_data_bit_offset
	.byte	27                              @ Abbrev [27] 0xb96:0xd DW_TAG_member
	.long	.Linfo_string36                 @ DW_AT_name
	.long	939                             @ DW_AT_type
	.byte	6                               @ DW_AT_decl_file
	.byte	108                             @ DW_AT_decl_line
	.byte	23                              @ DW_AT_bit_size
	.byte	9                               @ DW_AT_data_bit_offset
	.byte	0                               @ End Of Children Mark
	.byte	17                              @ Abbrev [17] 0xba4:0x5 DW_TAG_volatile_type
	.long	2985                            @ DW_AT_type
	.byte	3                               @ Abbrev [3] 0xba9:0xb DW_TAG_typedef
	.long	2996                            @ DW_AT_type
	.long	.Linfo_string151                @ DW_AT_name
	.byte	6                               @ DW_AT_decl_file
	.byte	115                             @ DW_AT_decl_line
	.byte	23                              @ Abbrev [23] 0xbb4:0x1f DW_TAG_structure_type
	.byte	4                               @ DW_AT_byte_size
	.byte	6                               @ DW_AT_decl_file
	.byte	111                             @ DW_AT_decl_line
	.byte	27                              @ Abbrev [27] 0xbb8:0xd DW_TAG_member
	.long	.Linfo_string149                @ DW_AT_name
	.long	939                             @ DW_AT_type
	.byte	6                               @ DW_AT_decl_file
	.byte	113                             @ DW_AT_decl_line
	.byte	20                              @ DW_AT_bit_size
	.byte	0                               @ DW_AT_data_bit_offset
	.byte	27                              @ Abbrev [27] 0xbc5:0xd DW_TAG_member
	.long	.Linfo_string36                 @ DW_AT_name
	.long	939                             @ DW_AT_type
	.byte	6                               @ DW_AT_decl_file
	.byte	114                             @ DW_AT_decl_line
	.byte	12                              @ DW_AT_bit_size
	.byte	20                              @ DW_AT_data_bit_offset
	.byte	0                               @ End Of Children Mark
	.byte	17                              @ Abbrev [17] 0xbd3:0x5 DW_TAG_volatile_type
	.long	3032                            @ DW_AT_type
	.byte	3                               @ Abbrev [3] 0xbd8:0xb DW_TAG_typedef
	.long	3043                            @ DW_AT_type
	.long	.Linfo_string154                @ DW_AT_name
	.byte	6                               @ DW_AT_decl_file
	.byte	120                             @ DW_AT_decl_line
	.byte	23                              @ Abbrev [23] 0xbe3:0x12 DW_TAG_structure_type
	.byte	4                               @ DW_AT_byte_size
	.byte	6                               @ DW_AT_decl_file
	.byte	117                             @ DW_AT_decl_line
	.byte	27                              @ Abbrev [27] 0xbe7:0xd DW_TAG_member
	.long	.Linfo_string36                 @ DW_AT_name
	.long	939                             @ DW_AT_type
	.byte	6                               @ DW_AT_decl_file
	.byte	119                             @ DW_AT_decl_line
	.byte	32                              @ DW_AT_bit_size
	.byte	0                               @ DW_AT_data_bit_offset
	.byte	0                               @ End Of Children Mark
	.byte	17                              @ Abbrev [17] 0xbf5:0x5 DW_TAG_volatile_type
	.long	3066                            @ DW_AT_type
	.byte	3                               @ Abbrev [3] 0xbfa:0xb DW_TAG_typedef
	.long	3077                            @ DW_AT_type
	.long	.Linfo_string157                @ DW_AT_name
	.byte	6                               @ DW_AT_decl_file
	.byte	125                             @ DW_AT_decl_line
	.byte	23                              @ Abbrev [23] 0xc05:0x12 DW_TAG_structure_type
	.byte	4                               @ DW_AT_byte_size
	.byte	6                               @ DW_AT_decl_file
	.byte	122                             @ DW_AT_decl_line
	.byte	27                              @ Abbrev [27] 0xc09:0xd DW_TAG_member
	.long	.Linfo_string36                 @ DW_AT_name
	.long	939                             @ DW_AT_type
	.byte	6                               @ DW_AT_decl_file
	.byte	124                             @ DW_AT_decl_line
	.byte	32                              @ DW_AT_bit_size
	.byte	0                               @ DW_AT_data_bit_offset
	.byte	0                               @ End Of Children Mark
	.byte	17                              @ Abbrev [17] 0xc17:0x5 DW_TAG_volatile_type
	.long	3100                            @ DW_AT_type
	.byte	3                               @ Abbrev [3] 0xc1c:0xb DW_TAG_typedef
	.long	3111                            @ DW_AT_type
	.long	.Linfo_string160                @ DW_AT_name
	.byte	6                               @ DW_AT_decl_file
	.byte	131                             @ DW_AT_decl_line
	.byte	23                              @ Abbrev [23] 0xc27:0x1f DW_TAG_structure_type
	.byte	4                               @ DW_AT_byte_size
	.byte	6                               @ DW_AT_decl_file
	.byte	127                             @ DW_AT_decl_line
	.byte	27                              @ Abbrev [27] 0xc2b:0xd DW_TAG_member
	.long	.Linfo_string158                @ DW_AT_name
	.long	939                             @ DW_AT_type
	.byte	6                               @ DW_AT_decl_file
	.byte	129                             @ DW_AT_decl_line
	.byte	1                               @ DW_AT_bit_size
	.byte	0                               @ DW_AT_data_bit_offset
	.byte	27                              @ Abbrev [27] 0xc38:0xd DW_TAG_member
	.long	.Linfo_string36                 @ DW_AT_name
	.long	939                             @ DW_AT_type
	.byte	6                               @ DW_AT_decl_file
	.byte	130                             @ DW_AT_decl_line
	.byte	31                              @ DW_AT_bit_size
	.byte	1                               @ DW_AT_data_bit_offset
	.byte	0                               @ End Of Children Mark
	.byte	17                              @ Abbrev [17] 0xc46:0x5 DW_TAG_volatile_type
	.long	3147                            @ DW_AT_type
	.byte	3                               @ Abbrev [3] 0xc4b:0xb DW_TAG_typedef
	.long	3158                            @ DW_AT_type
	.long	.Linfo_string167                @ DW_AT_name
	.byte	6                               @ DW_AT_decl_file
	.byte	143                             @ DW_AT_decl_line
	.byte	23                              @ Abbrev [23] 0xc56:0x6d DW_TAG_structure_type
	.byte	4                               @ DW_AT_byte_size
	.byte	6                               @ DW_AT_decl_file
	.byte	133                             @ DW_AT_decl_line
	.byte	27                              @ Abbrev [27] 0xc5a:0xd DW_TAG_member
	.long	.Linfo_string163                @ DW_AT_name
	.long	939                             @ DW_AT_type
	.byte	6                               @ DW_AT_decl_file
	.byte	135                             @ DW_AT_decl_line
	.byte	1                               @ DW_AT_bit_size
	.byte	0                               @ DW_AT_data_bit_offset
	.byte	27                              @ Abbrev [27] 0xc67:0xd DW_TAG_member
	.long	.Linfo_string132                @ DW_AT_name
	.long	939                             @ DW_AT_type
	.byte	6                               @ DW_AT_decl_file
	.byte	136                             @ DW_AT_decl_line
	.byte	7                               @ DW_AT_bit_size
	.byte	1                               @ DW_AT_data_bit_offset
	.byte	27                              @ Abbrev [27] 0xc74:0xd DW_TAG_member
	.long	.Linfo_string164                @ DW_AT_name
	.long	939                             @ DW_AT_type
	.byte	6                               @ DW_AT_decl_file
	.byte	137                             @ DW_AT_decl_line
	.byte	1                               @ DW_AT_bit_size
	.byte	8                               @ DW_AT_data_bit_offset
	.byte	27                              @ Abbrev [27] 0xc81:0xd DW_TAG_member
	.long	.Linfo_string48                 @ DW_AT_name
	.long	939                             @ DW_AT_type
	.byte	6                               @ DW_AT_decl_file
	.byte	138                             @ DW_AT_decl_line
	.byte	7                               @ DW_AT_bit_size
	.byte	9                               @ DW_AT_data_bit_offset
	.byte	27                              @ Abbrev [27] 0xc8e:0xd DW_TAG_member
	.long	.Linfo_string165                @ DW_AT_name
	.long	939                             @ DW_AT_type
	.byte	6                               @ DW_AT_decl_file
	.byte	139                             @ DW_AT_decl_line
	.byte	1                               @ DW_AT_bit_size
	.byte	16                              @ DW_AT_data_bit_offset
	.byte	27                              @ Abbrev [27] 0xc9b:0xd DW_TAG_member
	.long	.Linfo_string32                 @ DW_AT_name
	.long	939                             @ DW_AT_type
	.byte	6                               @ DW_AT_decl_file
	.byte	140                             @ DW_AT_decl_line
	.byte	7                               @ DW_AT_bit_size
	.byte	17                              @ DW_AT_data_bit_offset
	.byte	27                              @ Abbrev [27] 0xca8:0xd DW_TAG_member
	.long	.Linfo_string166                @ DW_AT_name
	.long	939                             @ DW_AT_type
	.byte	6                               @ DW_AT_decl_file
	.byte	141                             @ DW_AT_decl_line
	.byte	1                               @ DW_AT_bit_size
	.byte	24                              @ DW_AT_data_bit_offset
	.byte	27                              @ Abbrev [27] 0xcb5:0xd DW_TAG_member
	.long	.Linfo_string36                 @ DW_AT_name
	.long	939                             @ DW_AT_type
	.byte	6                               @ DW_AT_decl_file
	.byte	142                             @ DW_AT_decl_line
	.byte	7                               @ DW_AT_bit_size
	.byte	25                              @ DW_AT_data_bit_offset
	.byte	0                               @ End Of Children Mark
	.byte	17                              @ Abbrev [17] 0xcc3:0x5 DW_TAG_volatile_type
	.long	3272                            @ DW_AT_type
	.byte	3                               @ Abbrev [3] 0xcc8:0xb DW_TAG_typedef
	.long	3283                            @ DW_AT_type
	.long	.Linfo_string171                @ DW_AT_name
	.byte	6                               @ DW_AT_decl_file
	.byte	148                             @ DW_AT_decl_line
	.byte	23                              @ Abbrev [23] 0xcd3:0x12 DW_TAG_structure_type
	.byte	4                               @ DW_AT_byte_size
	.byte	6                               @ DW_AT_decl_file
	.byte	145                             @ DW_AT_decl_line
	.byte	27                              @ Abbrev [27] 0xcd7:0xd DW_TAG_member
	.long	.Linfo_string170                @ DW_AT_name
	.long	939                             @ DW_AT_type
	.byte	6                               @ DW_AT_decl_file
	.byte	147                             @ DW_AT_decl_line
	.byte	32                              @ DW_AT_bit_size
	.byte	0                               @ DW_AT_data_bit_offset
	.byte	0                               @ End Of Children Mark
	.byte	17                              @ Abbrev [17] 0xce5:0x5 DW_TAG_volatile_type
	.long	3306                            @ DW_AT_type
	.byte	3                               @ Abbrev [3] 0xcea:0xb DW_TAG_typedef
	.long	3317                            @ DW_AT_type
	.long	.Linfo_string175                @ DW_AT_name
	.byte	6                               @ DW_AT_decl_file
	.byte	154                             @ DW_AT_decl_line
	.byte	23                              @ Abbrev [23] 0xcf5:0x1f DW_TAG_structure_type
	.byte	4                               @ DW_AT_byte_size
	.byte	6                               @ DW_AT_decl_file
	.byte	150                             @ DW_AT_decl_line
	.byte	27                              @ Abbrev [27] 0xcf9:0xd DW_TAG_member
	.long	.Linfo_string174                @ DW_AT_name
	.long	939                             @ DW_AT_type
	.byte	6                               @ DW_AT_decl_file
	.byte	152                             @ DW_AT_decl_line
	.byte	20                              @ DW_AT_bit_size
	.byte	0                               @ DW_AT_data_bit_offset
	.byte	27                              @ Abbrev [27] 0xd06:0xd DW_TAG_member
	.long	.Linfo_string36                 @ DW_AT_name
	.long	939                             @ DW_AT_type
	.byte	6                               @ DW_AT_decl_file
	.byte	153                             @ DW_AT_decl_line
	.byte	12                              @ DW_AT_bit_size
	.byte	20                              @ DW_AT_data_bit_offset
	.byte	0                               @ End Of Children Mark
	.byte	3                               @ Abbrev [3] 0xd14:0xb DW_TAG_typedef
	.long	3359                            @ DW_AT_type
	.long	.Linfo_string178                @ DW_AT_name
	.byte	1                               @ DW_AT_decl_file
	.byte	58                              @ DW_AT_decl_line
	.byte	7                               @ Abbrev [7] 0xd1f:0x7 DW_TAG_base_type
	.long	.Linfo_string177                @ DW_AT_name
	.byte	5                               @ DW_AT_encoding
	.byte	4                               @ DW_AT_byte_size
	.byte	4                               @ Abbrev [4] 0xd26:0x5 DW_TAG_pointer_type
	.long	3371                            @ DW_AT_type
	.byte	12                              @ Abbrev [12] 0xd2b:0xc DW_TAG_typedef
	.long	3383                            @ DW_AT_type
	.long	.Linfo_string185                @ DW_AT_name
	.byte	7                               @ DW_AT_decl_file
	.short	318                             @ DW_AT_decl_line
	.byte	13                              @ Abbrev [13] 0xd37:0x8f DW_TAG_structure_type
	.short	800                             @ DW_AT_byte_size
	.byte	7                               @ DW_AT_decl_file
	.short	306                             @ DW_AT_decl_line
	.byte	16                              @ Abbrev [16] 0xd3d:0xd DW_TAG_member
	.long	.Linfo_string179                @ DW_AT_name
	.long	3526                            @ DW_AT_type
	.byte	7                               @ DW_AT_decl_file
	.short	308                             @ DW_AT_decl_line
	.byte	0                               @ DW_AT_data_member_location
	.byte	16                              @ Abbrev [16] 0xd4a:0xd DW_TAG_member
	.long	.Linfo_string36                 @ DW_AT_name
	.long	3538                            @ DW_AT_type
	.byte	7                               @ DW_AT_decl_file
	.short	309                             @ DW_AT_decl_line
	.byte	4                               @ DW_AT_data_member_location
	.byte	16                              @ Abbrev [16] 0xd57:0xd DW_TAG_member
	.long	.Linfo_string180                @ DW_AT_name
	.long	3526                            @ DW_AT_type
	.byte	7                               @ DW_AT_decl_file
	.short	310                             @ DW_AT_decl_line
	.byte	128                             @ DW_AT_data_member_location
	.byte	16                              @ Abbrev [16] 0xd64:0xd DW_TAG_member
	.long	.Linfo_string32                 @ DW_AT_name
	.long	3538                            @ DW_AT_type
	.byte	7                               @ DW_AT_decl_file
	.short	311                             @ DW_AT_decl_line
	.byte	132                             @ DW_AT_data_member_location
	.byte	28                              @ Abbrev [28] 0xd71:0xe DW_TAG_member
	.long	.Linfo_string181                @ DW_AT_name
	.long	3526                            @ DW_AT_type
	.byte	7                               @ DW_AT_decl_file
	.short	312                             @ DW_AT_decl_line
	.short	256                             @ DW_AT_data_member_location
	.byte	28                              @ Abbrev [28] 0xd7f:0xe DW_TAG_member
	.long	.Linfo_string48                 @ DW_AT_name
	.long	3538                            @ DW_AT_type
	.byte	7                               @ DW_AT_decl_file
	.short	313                             @ DW_AT_decl_line
	.short	260                             @ DW_AT_data_member_location
	.byte	28                              @ Abbrev [28] 0xd8d:0xe DW_TAG_member
	.long	.Linfo_string182                @ DW_AT_name
	.long	3526                            @ DW_AT_type
	.byte	7                               @ DW_AT_decl_file
	.short	314                             @ DW_AT_decl_line
	.short	384                             @ DW_AT_data_member_location
	.byte	28                              @ Abbrev [28] 0xd9b:0xe DW_TAG_member
	.long	.Linfo_string132                @ DW_AT_name
	.long	3538                            @ DW_AT_type
	.byte	7                               @ DW_AT_decl_file
	.short	315                             @ DW_AT_decl_line
	.short	388                             @ DW_AT_data_member_location
	.byte	28                              @ Abbrev [28] 0xda9:0xe DW_TAG_member
	.long	.Linfo_string183                @ DW_AT_name
	.long	3550                            @ DW_AT_type
	.byte	7                               @ DW_AT_decl_file
	.short	316                             @ DW_AT_decl_line
	.short	512                             @ DW_AT_data_member_location
	.byte	28                              @ Abbrev [28] 0xdb7:0xe DW_TAG_member
	.long	.Linfo_string184                @ DW_AT_name
	.long	3562                            @ DW_AT_type
	.byte	7                               @ DW_AT_decl_file
	.short	317                             @ DW_AT_decl_line
	.short	768                             @ DW_AT_data_member_location
	.byte	0                               @ End Of Children Mark
	.byte	20                              @ Abbrev [20] 0xdc6:0xc DW_TAG_array_type
	.long	939                             @ DW_AT_type
	.byte	21                              @ Abbrev [21] 0xdcb:0x6 DW_TAG_subrange_type
	.long	2519                            @ DW_AT_type
	.byte	1                               @ DW_AT_count
	.byte	0                               @ End Of Children Mark
	.byte	20                              @ Abbrev [20] 0xdd2:0xc DW_TAG_array_type
	.long	78                              @ DW_AT_type
	.byte	21                              @ Abbrev [21] 0xdd7:0x6 DW_TAG_subrange_type
	.long	2519                            @ DW_AT_type
	.byte	31                              @ DW_AT_count
	.byte	0                               @ End Of Children Mark
	.byte	20                              @ Abbrev [20] 0xdde:0xc DW_TAG_array_type
	.long	78                              @ DW_AT_type
	.byte	21                              @ Abbrev [21] 0xde3:0x6 DW_TAG_subrange_type
	.long	2519                            @ DW_AT_type
	.byte	64                              @ DW_AT_count
	.byte	0                               @ End Of Children Mark
	.byte	20                              @ Abbrev [20] 0xdea:0xc DW_TAG_array_type
	.long	939                             @ DW_AT_type
	.byte	21                              @ Abbrev [21] 0xdef:0x6 DW_TAG_subrange_type
	.long	2519                            @ DW_AT_type
	.byte	8                               @ DW_AT_count
	.byte	0                               @ End Of Children Mark
	.byte	4                               @ Abbrev [4] 0xdf6:0x5 DW_TAG_pointer_type
	.long	3579                            @ DW_AT_type
	.byte	12                              @ Abbrev [12] 0xdfb:0xc DW_TAG_typedef
	.long	3591                            @ DW_AT_type
	.long	.Linfo_string192                @ DW_AT_name
	.byte	7                               @ DW_AT_decl_file
	.short	343                             @ DW_AT_decl_line
	.byte	18                              @ Abbrev [18] 0xe07:0x7b DW_TAG_structure_type
	.byte	40                              @ DW_AT_byte_size
	.byte	7                               @ DW_AT_decl_file
	.short	332                             @ DW_AT_decl_line
	.byte	16                              @ Abbrev [16] 0xe0c:0xd DW_TAG_member
	.long	.Linfo_string186                @ DW_AT_name
	.long	3714                            @ DW_AT_type
	.byte	7                               @ DW_AT_decl_file
	.short	334                             @ DW_AT_decl_line
	.byte	0                               @ DW_AT_data_member_location
	.byte	16                              @ Abbrev [16] 0xe19:0xd DW_TAG_member
	.long	.Linfo_string187                @ DW_AT_name
	.long	939                             @ DW_AT_type
	.byte	7                               @ DW_AT_decl_file
	.short	335                             @ DW_AT_decl_line
	.byte	4                               @ DW_AT_data_member_location
	.byte	16                              @ Abbrev [16] 0xe26:0xd DW_TAG_member
	.long	.Linfo_string36                 @ DW_AT_name
	.long	78                              @ DW_AT_type
	.byte	7                               @ DW_AT_decl_file
	.short	336                             @ DW_AT_decl_line
	.byte	8                               @ DW_AT_data_member_location
	.byte	16                              @ Abbrev [16] 0xe33:0xd DW_TAG_member
	.long	.Linfo_string188                @ DW_AT_name
	.long	939                             @ DW_AT_type
	.byte	7                               @ DW_AT_decl_file
	.short	337                             @ DW_AT_decl_line
	.byte	12                              @ DW_AT_data_member_location
	.byte	16                              @ Abbrev [16] 0xe40:0xd DW_TAG_member
	.long	.Linfo_string189                @ DW_AT_name
	.long	939                             @ DW_AT_type
	.byte	7                               @ DW_AT_decl_file
	.short	338                             @ DW_AT_decl_line
	.byte	16                              @ DW_AT_data_member_location
	.byte	16                              @ Abbrev [16] 0xe4d:0xd DW_TAG_member
	.long	.Linfo_string158                @ DW_AT_name
	.long	939                             @ DW_AT_type
	.byte	7                               @ DW_AT_decl_file
	.short	339                             @ DW_AT_decl_line
	.byte	20                              @ DW_AT_data_member_location
	.byte	16                              @ Abbrev [16] 0xe5a:0xd DW_TAG_member
	.long	.Linfo_string32                 @ DW_AT_name
	.long	78                              @ DW_AT_type
	.byte	7                               @ DW_AT_decl_file
	.short	340                             @ DW_AT_decl_line
	.byte	24                              @ DW_AT_data_member_location
	.byte	16                              @ Abbrev [16] 0xe67:0xd DW_TAG_member
	.long	.Linfo_string190                @ DW_AT_name
	.long	3719                            @ DW_AT_type
	.byte	7                               @ DW_AT_decl_file
	.short	341                             @ DW_AT_decl_line
	.byte	28                              @ DW_AT_data_member_location
	.byte	16                              @ Abbrev [16] 0xe74:0xd DW_TAG_member
	.long	.Linfo_string191                @ DW_AT_name
	.long	939                             @ DW_AT_type
	.byte	7                               @ DW_AT_decl_file
	.short	342                             @ DW_AT_decl_line
	.byte	36                              @ DW_AT_data_member_location
	.byte	0                               @ End Of Children Mark
	.byte	29                              @ Abbrev [29] 0xe82:0x5 DW_TAG_const_type
	.long	939                             @ DW_AT_type
	.byte	20                              @ Abbrev [20] 0xe87:0xc DW_TAG_array_type
	.long	939                             @ DW_AT_type
	.byte	21                              @ Abbrev [21] 0xe8c:0x6 DW_TAG_subrange_type
	.long	2519                            @ DW_AT_type
	.byte	2                               @ DW_AT_count
	.byte	0                               @ End Of Children Mark
	.byte	30                              @ Abbrev [30] 0xe93:0x16 DW_TAG_subprogram
	.long	.Linfo_string193                @ DW_AT_name
	.byte	7                               @ DW_AT_decl_file
	.short	689                             @ DW_AT_decl_line
                                        @ DW_AT_prototyped
	.byte	1                               @ DW_AT_inline
	.byte	31                              @ Abbrev [31] 0xe9c:0xc DW_TAG_formal_parameter
	.long	.Linfo_string28                 @ DW_AT_name
	.byte	7                               @ DW_AT_decl_file
	.short	689                             @ DW_AT_decl_line
	.long	3753                            @ DW_AT_type
	.byte	0                               @ End Of Children Mark
	.byte	3                               @ Abbrev [3] 0xea9:0xb DW_TAG_typedef
	.long	130                             @ DW_AT_type
	.long	.Linfo_string194                @ DW_AT_name
	.byte	4                               @ DW_AT_decl_file
	.byte	98                              @ DW_AT_decl_line
	.byte	30                              @ Abbrev [30] 0xeb4:0x22 DW_TAG_subprogram
	.long	.Linfo_string195                @ DW_AT_name
	.byte	7                               @ DW_AT_decl_file
	.short	706                             @ DW_AT_decl_line
                                        @ DW_AT_prototyped
	.byte	1                               @ DW_AT_inline
	.byte	31                              @ Abbrev [31] 0xebd:0xc DW_TAG_formal_parameter
	.long	.Linfo_string28                 @ DW_AT_name
	.byte	7                               @ DW_AT_decl_file
	.short	706                             @ DW_AT_decl_line
	.long	3753                            @ DW_AT_type
	.byte	31                              @ Abbrev [31] 0xec9:0xc DW_TAG_formal_parameter
	.long	.Linfo_string196                @ DW_AT_name
	.byte	7                               @ DW_AT_decl_file
	.short	706                             @ DW_AT_decl_line
	.long	78                              @ DW_AT_type
	.byte	0                               @ End Of Children Mark
	.byte	32                              @ Abbrev [32] 0xed6:0x63 DW_TAG_subprogram
	.long	.Lfunc_begin0                   @ DW_AT_low_pc
	.long	.Lfunc_end0-.Lfunc_begin0       @ DW_AT_high_pc
	.byte	1                               @ DW_AT_frame_base
	.byte	93
                                        @ DW_AT_GNU_all_call_sites
	.long	.Linfo_string201                @ DW_AT_name
	.byte	3                               @ DW_AT_decl_file
	.byte	35                              @ DW_AT_decl_line
                                        @ DW_AT_prototyped
                                        @ DW_AT_external
	.byte	33                              @ Abbrev [33] 0xee7:0xf DW_TAG_formal_parameter
	.long	.Ldebug_loc0                    @ DW_AT_location
	.long	.Linfo_string206                @ DW_AT_name
	.byte	3                               @ DW_AT_decl_file
	.byte	35                              @ DW_AT_decl_line
	.long	4213                            @ DW_AT_type
	.byte	33                              @ Abbrev [33] 0xef6:0xf DW_TAG_formal_parameter
	.long	.Ldebug_loc1                    @ DW_AT_location
	.long	.Linfo_string221                @ DW_AT_name
	.byte	3                               @ DW_AT_decl_file
	.byte	35                              @ DW_AT_decl_line
	.long	55                              @ DW_AT_type
	.byte	34                              @ Abbrev [34] 0xf05:0x17 DW_TAG_inlined_subroutine
	.long	3731                            @ DW_AT_abstract_origin
	.long	.Ltmp6                          @ DW_AT_low_pc
	.long	.Ltmp7-.Ltmp6                   @ DW_AT_high_pc
	.byte	3                               @ DW_AT_call_file
	.byte	55                              @ DW_AT_call_line
	.byte	9                               @ DW_AT_call_column
	.byte	35                              @ Abbrev [35] 0xf15:0x6 DW_TAG_formal_parameter
	.byte	4                               @ DW_AT_const_value
	.long	3740                            @ DW_AT_abstract_origin
	.byte	0                               @ End Of Children Mark
	.byte	36                              @ Abbrev [36] 0xf1c:0x1c DW_TAG_inlined_subroutine
	.long	3764                            @ DW_AT_abstract_origin
	.long	.Ldebug_ranges0                 @ DW_AT_ranges
	.byte	3                               @ DW_AT_call_file
	.byte	56                              @ DW_AT_call_line
	.byte	9                               @ DW_AT_call_column
	.byte	35                              @ Abbrev [35] 0xf28:0x6 DW_TAG_formal_parameter
	.byte	4                               @ DW_AT_const_value
	.long	3773                            @ DW_AT_abstract_origin
	.byte	37                              @ Abbrev [37] 0xf2e:0x9 DW_TAG_formal_parameter
	.long	.Ldebug_loc2                    @ DW_AT_location
	.long	3785                            @ DW_AT_abstract_origin
	.byte	0                               @ End Of Children Mark
	.byte	0                               @ End Of Children Mark
	.byte	30                              @ Abbrev [30] 0xf39:0x16 DW_TAG_subprogram
	.long	.Linfo_string197                @ DW_AT_name
	.byte	7                               @ DW_AT_decl_file
	.short	639                             @ DW_AT_decl_line
                                        @ DW_AT_prototyped
	.byte	1                               @ DW_AT_inline
	.byte	31                              @ Abbrev [31] 0xf42:0xc DW_TAG_formal_parameter
	.long	.Linfo_string28                 @ DW_AT_name
	.byte	7                               @ DW_AT_decl_file
	.short	639                             @ DW_AT_decl_line
	.long	3753                            @ DW_AT_type
	.byte	0                               @ End Of Children Mark
	.byte	32                              @ Abbrev [32] 0xf4f:0x29 DW_TAG_subprogram
	.long	.Lfunc_begin1                   @ DW_AT_low_pc
	.long	.Lfunc_end1-.Lfunc_begin1       @ DW_AT_high_pc
	.byte	1                               @ DW_AT_frame_base
	.byte	93
                                        @ DW_AT_GNU_all_call_sites
	.long	.Linfo_string202                @ DW_AT_name
	.byte	3                               @ DW_AT_decl_file
	.byte	67                              @ DW_AT_decl_line
                                        @ DW_AT_prototyped
                                        @ DW_AT_external
	.byte	34                              @ Abbrev [34] 0xf60:0x17 DW_TAG_inlined_subroutine
	.long	3897                            @ DW_AT_abstract_origin
	.long	.Ltmp14                         @ DW_AT_low_pc
	.long	.Ltmp15-.Ltmp14                 @ DW_AT_high_pc
	.byte	3                               @ DW_AT_call_file
	.byte	69                              @ DW_AT_call_line
	.byte	5                               @ DW_AT_call_column
	.byte	35                              @ Abbrev [35] 0xf70:0x6 DW_TAG_formal_parameter
	.byte	4                               @ DW_AT_const_value
	.long	3906                            @ DW_AT_abstract_origin
	.byte	0                               @ End Of Children Mark
	.byte	0                               @ End Of Children Mark
	.byte	30                              @ Abbrev [30] 0xf78:0x16 DW_TAG_subprogram
	.long	.Linfo_string198                @ DW_AT_name
	.byte	7                               @ DW_AT_decl_file
	.short	603                             @ DW_AT_decl_line
                                        @ DW_AT_prototyped
	.byte	1                               @ DW_AT_inline
	.byte	31                              @ Abbrev [31] 0xf81:0xc DW_TAG_formal_parameter
	.long	.Linfo_string28                 @ DW_AT_name
	.byte	7                               @ DW_AT_decl_file
	.short	603                             @ DW_AT_decl_line
	.long	3753                            @ DW_AT_type
	.byte	0                               @ End Of Children Mark
	.byte	32                              @ Abbrev [32] 0xf8e:0x66 DW_TAG_subprogram
	.long	.Lfunc_begin2                   @ DW_AT_low_pc
	.long	.Lfunc_end2-.Lfunc_begin2       @ DW_AT_high_pc
	.byte	1                               @ DW_AT_frame_base
	.byte	93
                                        @ DW_AT_GNU_all_call_sites
	.long	.Linfo_string203                @ DW_AT_name
	.byte	3                               @ DW_AT_decl_file
	.byte	89                              @ DW_AT_decl_line
                                        @ DW_AT_prototyped
                                        @ DW_AT_external
	.byte	33                              @ Abbrev [33] 0xf9f:0xf DW_TAG_formal_parameter
	.long	.Ldebug_loc3                    @ DW_AT_location
	.long	.Linfo_string222                @ DW_AT_name
	.byte	3                               @ DW_AT_decl_file
	.byte	89                              @ DW_AT_decl_line
	.long	4396                            @ DW_AT_type
	.byte	34                              @ Abbrev [34] 0xfae:0x17 DW_TAG_inlined_subroutine
	.long	3731                            @ DW_AT_abstract_origin
	.long	.Ltmp17                         @ DW_AT_low_pc
	.long	.Ltmp18-.Ltmp17                 @ DW_AT_high_pc
	.byte	3                               @ DW_AT_call_file
	.byte	91                              @ DW_AT_call_line
	.byte	5                               @ DW_AT_call_column
	.byte	35                              @ Abbrev [35] 0xfbe:0x6 DW_TAG_formal_parameter
	.byte	4                               @ DW_AT_const_value
	.long	3740                            @ DW_AT_abstract_origin
	.byte	0                               @ End Of Children Mark
	.byte	34                              @ Abbrev [34] 0xfc5:0x17 DW_TAG_inlined_subroutine
	.long	3960                            @ DW_AT_abstract_origin
	.long	.Ltmp19                         @ DW_AT_low_pc
	.long	.Ltmp21-.Ltmp19                 @ DW_AT_high_pc
	.byte	3                               @ DW_AT_call_file
	.byte	95                              @ DW_AT_call_line
	.byte	9                               @ DW_AT_call_column
	.byte	35                              @ Abbrev [35] 0xfd5:0x6 DW_TAG_formal_parameter
	.byte	4                               @ DW_AT_const_value
	.long	3969                            @ DW_AT_abstract_origin
	.byte	0                               @ End Of Children Mark
	.byte	34                              @ Abbrev [34] 0xfdc:0x17 DW_TAG_inlined_subroutine
	.long	3897                            @ DW_AT_abstract_origin
	.long	.Ltmp23                         @ DW_AT_low_pc
	.long	.Ltmp24-.Ltmp23                 @ DW_AT_high_pc
	.byte	3                               @ DW_AT_call_file
	.byte	99                              @ DW_AT_call_line
	.byte	9                               @ DW_AT_call_column
	.byte	35                              @ Abbrev [35] 0xfec:0x6 DW_TAG_formal_parameter
	.byte	4                               @ DW_AT_const_value
	.long	3906                            @ DW_AT_abstract_origin
	.byte	0                               @ End Of Children Mark
	.byte	0                               @ End Of Children Mark
	.byte	32                              @ Abbrev [32] 0xff4:0x21 DW_TAG_subprogram
	.long	.Lfunc_begin3                   @ DW_AT_low_pc
	.long	.Lfunc_end3-.Lfunc_begin3       @ DW_AT_high_pc
	.byte	1                               @ DW_AT_frame_base
	.byte	93
                                        @ DW_AT_GNU_all_call_sites
	.long	.Linfo_string204                @ DW_AT_name
	.byte	3                               @ DW_AT_decl_file
	.byte	110                             @ DW_AT_decl_line
                                        @ DW_AT_prototyped
                                        @ DW_AT_external
	.byte	33                              @ Abbrev [33] 0x1005:0xf DW_TAG_formal_parameter
	.long	.Ldebug_loc4                    @ DW_AT_location
	.long	.Linfo_string222                @ DW_AT_name
	.byte	3                               @ DW_AT_decl_file
	.byte	110                             @ DW_AT_decl_line
	.long	4396                            @ DW_AT_type
	.byte	0                               @ End Of Children Mark
	.byte	38                              @ Abbrev [38] 0x1015:0xf DW_TAG_subprogram
	.long	.Lfunc_begin4                   @ DW_AT_low_pc
	.long	.Lfunc_end4-.Lfunc_begin4       @ DW_AT_high_pc
	.byte	1                               @ DW_AT_frame_base
	.byte	93
                                        @ DW_AT_GNU_all_call_sites
	.long	4155                            @ DW_AT_abstract_origin
	.byte	38                              @ Abbrev [38] 0x1024:0xf DW_TAG_subprogram
	.long	.Lfunc_begin5                   @ DW_AT_low_pc
	.long	.Lfunc_end5-.Lfunc_begin5       @ DW_AT_high_pc
	.byte	1                               @ DW_AT_frame_base
	.byte	93
                                        @ DW_AT_GNU_all_call_sites
	.long	4147                            @ DW_AT_abstract_origin
	.byte	39                              @ Abbrev [39] 0x1033:0x8 DW_TAG_subprogram
	.long	.Linfo_string199                @ DW_AT_name
	.byte	3                               @ DW_AT_decl_file
	.byte	134                             @ DW_AT_decl_line
                                        @ DW_AT_prototyped
                                        @ DW_AT_external
	.byte	1                               @ DW_AT_inline
	.byte	39                              @ Abbrev [39] 0x103b:0x8 DW_TAG_subprogram
	.long	.Linfo_string200                @ DW_AT_name
	.byte	3                               @ DW_AT_decl_file
	.byte	122                             @ DW_AT_decl_line
                                        @ DW_AT_prototyped
                                        @ DW_AT_external
	.byte	1                               @ DW_AT_inline
	.byte	32                              @ Abbrev [32] 0x1043:0x32 DW_TAG_subprogram
	.long	.Lfunc_begin6                   @ DW_AT_low_pc
	.long	.Lfunc_end6-.Lfunc_begin6       @ DW_AT_high_pc
	.byte	1                               @ DW_AT_frame_base
	.byte	93
                                        @ DW_AT_GNU_all_call_sites
	.long	.Linfo_string205                @ DW_AT_name
	.byte	3                               @ DW_AT_decl_file
	.byte	146                             @ DW_AT_decl_line
                                        @ DW_AT_prototyped
                                        @ DW_AT_external
	.byte	40                              @ Abbrev [40] 0x1054:0x10 DW_TAG_inlined_subroutine
	.long	4147                            @ DW_AT_abstract_origin
	.long	.Ltmp33                         @ DW_AT_low_pc
	.long	.Ltmp34-.Ltmp33                 @ DW_AT_high_pc
	.byte	3                               @ DW_AT_call_file
	.byte	148                             @ DW_AT_call_line
	.byte	5                               @ DW_AT_call_column
	.byte	40                              @ Abbrev [40] 0x1064:0x10 DW_TAG_inlined_subroutine
	.long	4155                            @ DW_AT_abstract_origin
	.long	.Ltmp34                         @ DW_AT_low_pc
	.long	.Ltmp35-.Ltmp34                 @ DW_AT_high_pc
	.byte	3                               @ DW_AT_call_file
	.byte	149                             @ DW_AT_call_line
	.byte	5                               @ DW_AT_call_column
	.byte	0                               @ End Of Children Mark
	.byte	4                               @ Abbrev [4] 0x1075:0x5 DW_TAG_pointer_type
	.long	4218                            @ DW_AT_type
	.byte	3                               @ Abbrev [3] 0x107a:0xb DW_TAG_typedef
	.long	4229                            @ DW_AT_type
	.long	.Linfo_string220                @ DW_AT_name
	.byte	8                               @ DW_AT_decl_file
	.byte	48                              @ DW_AT_decl_line
	.byte	23                              @ Abbrev [23] 0x1085:0x35 DW_TAG_structure_type
	.byte	20                              @ DW_AT_byte_size
	.byte	8                               @ DW_AT_decl_file
	.byte	42                              @ DW_AT_decl_line
	.byte	26                              @ Abbrev [26] 0x1089:0xc DW_TAG_member
	.long	.Linfo_string207                @ DW_AT_name
	.long	4282                            @ DW_AT_type
	.byte	8                               @ DW_AT_decl_file
	.byte	44                              @ DW_AT_decl_line
	.byte	0                               @ DW_AT_data_member_location
	.byte	26                              @ Abbrev [26] 0x1095:0xc DW_TAG_member
	.long	.Linfo_string213                @ DW_AT_name
	.long	4344                            @ DW_AT_type
	.byte	8                               @ DW_AT_decl_file
	.byte	45                              @ DW_AT_decl_line
	.byte	4                               @ DW_AT_data_member_location
	.byte	26                              @ Abbrev [26] 0x10a1:0xc DW_TAG_member
	.long	.Linfo_string218                @ DW_AT_name
	.long	4396                            @ DW_AT_type
	.byte	8                               @ DW_AT_decl_file
	.byte	46                              @ DW_AT_decl_line
	.byte	12                              @ DW_AT_data_member_location
	.byte	26                              @ Abbrev [26] 0x10ad:0xc DW_TAG_member
	.long	.Linfo_string219                @ DW_AT_name
	.long	78                              @ DW_AT_type
	.byte	8                               @ DW_AT_decl_file
	.byte	47                              @ DW_AT_decl_line
	.byte	16                              @ DW_AT_data_member_location
	.byte	0                               @ End Of Children Mark
	.byte	3                               @ Abbrev [3] 0x10ba:0xb DW_TAG_typedef
	.long	4293                            @ DW_AT_type
	.long	.Linfo_string212                @ DW_AT_name
	.byte	2                               @ DW_AT_decl_file
	.byte	175                             @ DW_AT_decl_line
	.byte	23                              @ Abbrev [23] 0x10c5:0x1d DW_TAG_structure_type
	.byte	2                               @ DW_AT_byte_size
	.byte	2                               @ DW_AT_decl_file
	.byte	171                             @ DW_AT_decl_line
	.byte	26                              @ Abbrev [26] 0x10c9:0xc DW_TAG_member
	.long	.Linfo_string208                @ DW_AT_name
	.long	4322                            @ DW_AT_type
	.byte	2                               @ DW_AT_decl_file
	.byte	173                             @ DW_AT_decl_line
	.byte	0                               @ DW_AT_data_member_location
	.byte	26                              @ Abbrev [26] 0x10d5:0xc DW_TAG_member
	.long	.Linfo_string210                @ DW_AT_name
	.long	4333                            @ DW_AT_type
	.byte	2                               @ DW_AT_decl_file
	.byte	174                             @ DW_AT_decl_line
	.byte	1                               @ DW_AT_data_member_location
	.byte	0                               @ End Of Children Mark
	.byte	3                               @ Abbrev [3] 0x10e2:0xb DW_TAG_typedef
	.long	96                              @ DW_AT_type
	.long	.Linfo_string209                @ DW_AT_name
	.byte	2                               @ DW_AT_decl_file
	.byte	135                             @ DW_AT_decl_line
	.byte	3                               @ Abbrev [3] 0x10ed:0xb DW_TAG_typedef
	.long	123                             @ DW_AT_type
	.long	.Linfo_string211                @ DW_AT_name
	.byte	1                               @ DW_AT_decl_file
	.byte	62                              @ DW_AT_decl_line
	.byte	3                               @ Abbrev [3] 0x10f8:0xb DW_TAG_typedef
	.long	4355                            @ DW_AT_type
	.long	.Linfo_string217                @ DW_AT_name
	.byte	2                               @ DW_AT_decl_file
	.byte	185                             @ DW_AT_decl_line
	.byte	23                              @ Abbrev [23] 0x1103:0x29 DW_TAG_structure_type
	.byte	8                               @ DW_AT_byte_size
	.byte	2                               @ DW_AT_decl_file
	.byte	180                             @ DW_AT_decl_line
	.byte	26                              @ Abbrev [26] 0x1107:0xc DW_TAG_member
	.long	.Linfo_string214                @ DW_AT_name
	.long	78                              @ DW_AT_type
	.byte	2                               @ DW_AT_decl_file
	.byte	182                             @ DW_AT_decl_line
	.byte	0                               @ DW_AT_data_member_location
	.byte	26                              @ Abbrev [26] 0x1113:0xc DW_TAG_member
	.long	.Linfo_string196                @ DW_AT_name
	.long	4333                            @ DW_AT_type
	.byte	2                               @ DW_AT_decl_file
	.byte	183                             @ DW_AT_decl_line
	.byte	4                               @ DW_AT_data_member_location
	.byte	26                              @ Abbrev [26] 0x111f:0xc DW_TAG_member
	.long	.Linfo_string215                @ DW_AT_name
	.long	4396                            @ DW_AT_type
	.byte	2                               @ DW_AT_decl_file
	.byte	184                             @ DW_AT_decl_line
	.byte	5                               @ DW_AT_data_member_location
	.byte	0                               @ End Of Children Mark
	.byte	7                               @ Abbrev [7] 0x112c:0x7 DW_TAG_base_type
	.long	.Linfo_string216                @ DW_AT_name
	.byte	2                               @ DW_AT_encoding
	.byte	1                               @ DW_AT_byte_size
	.byte	0                               @ End Of Children Mark
.Ldebug_info_end0:
	.section	.debug_ranges,"",%progbits
.Ldebug_ranges0:
	.long	.Ltmp8
	.long	.Ltmp9
	.long	.Ltmp10
	.long	.Ltmp12
	.long	0
	.long	0
.Ldebug_ranges1:
	.long	.Lfunc_begin0
	.long	.Lfunc_end0
	.long	.Lfunc_begin1
	.long	.Lfunc_end1
	.long	.Lfunc_begin2
	.long	.Lfunc_end2
	.long	.Lfunc_begin3
	.long	.Lfunc_end3
	.long	.Lfunc_begin4
	.long	.Lfunc_end4
	.long	.Lfunc_begin5
	.long	.Lfunc_end5
	.long	.Lfunc_begin6
	.long	.Lfunc_end6
	.long	0
	.long	0
	.section	.debug_str,"MS",%progbits,1
.Linfo_string0:
	.asciz	"Component: Arm Compiler for Embedded 6.21 Tool: armclang [5ec1fd00]" @ string offset=0
.Linfo_string1:
	.asciz	"../07_TCPL04B_MCAL\\tcpl04x_ll_wdg.c" @ string offset=68
.Linfo_string2:
	.asciz	"C:\\baidunetdiskdownload\\\346\263\260\347\237\275\345\276\256\\\346\260\233\345\233\264\347\201\257\\TCPL0X_AUTO_SDK_V2.0.0\\TCPL0X_AUTO_SDK_V2.0.0\\examples\\tcpl04x\\demo_apps\\tcpl04b_swsc_lean\\MDK" @ string offset=104
.Linfo_string3:
	.asciz	"wdg_callback"                  @ string offset=243
.Linfo_string4:
	.asciz	"unsigned int"                  @ string offset=256
.Linfo_string5:
	.asciz	"uint32_t"                      @ string offset=269
.Linfo_string6:
	.asciz	"ISR_FUNC_CALLBACK"             @ string offset=278
.Linfo_string7:
	.asciz	"unsigned char"                 @ string offset=296
.Linfo_string8:
	.asciz	"FCLK_SRC_HSI"                  @ string offset=310
.Linfo_string9:
	.asciz	"FCLK_SRC_LSI"                  @ string offset=323
.Linfo_string10:
	.asciz	"FCLK_SRC_MAX"                  @ string offset=336
.Linfo_string11:
	.asciz	"signed char"                   @ string offset=349
.Linfo_string12:
	.asciz	"NonMaskableInt_IRQn"           @ string offset=361
.Linfo_string13:
	.asciz	"HardFault_IRQn"                @ string offset=381
.Linfo_string14:
	.asciz	"SVCall_IRQn"                   @ string offset=396
.Linfo_string15:
	.asciz	"PendSV_IRQn"                   @ string offset=408
.Linfo_string16:
	.asciz	"SysTick_IRQn"                  @ string offset=420
.Linfo_string17:
	.asciz	"FLASH_IRQn"                    @ string offset=433
.Linfo_string18:
	.asciz	"ADC_IRQn"                      @ string offset=444
.Linfo_string19:
	.asciz	"PWM_IRQn"                      @ string offset=453
.Linfo_string20:
	.asciz	"TIMER_IRQn"                    @ string offset=462
.Linfo_string21:
	.asciz	"IWDG_IRQn"                     @ string offset=473
.Linfo_string22:
	.asciz	"LINSCI_IRQn"                   @ string offset=483
.Linfo_string23:
	.asciz	"AON_IRQn"                      @ string offset=495
.Linfo_string24:
	.asciz	"GPIO_IRQn"                     @ string offset=504
.Linfo_string25:
	.asciz	"RESERVE_S_IRQn"                @ string offset=514
.Linfo_string26:
	.asciz	"RESERVE_T_IRQn"                @ string offset=529
.Linfo_string27:
	.asciz	"LINSCI_UART_IRQn"              @ string offset=544
.Linfo_string28:
	.asciz	"IRQn"                          @ string offset=561
.Linfo_string29:
	.asciz	"HCLK_CTRL"                     @ string offset=566
.Linfo_string30:
	.asciz	"HCLK_CTRL_F"                   @ string offset=576
.Linfo_string31:
	.asciz	"HCLK_SEL"                      @ string offset=588
.Linfo_string32:
	.asciz	"RESERVED1"                     @ string offset=597
.Linfo_string33:
	.asciz	"HCLK_DIV_LOAD"                 @ string offset=607
.Linfo_string34:
	.asciz	"HCLK_DIV"                      @ string offset=621
.Linfo_string35:
	.asciz	"AUTO_HCLK_FORCE_EN"            @ string offset=630
.Linfo_string36:
	.asciz	"RESERVED0"                     @ string offset=649
.Linfo_string37:
	.asciz	"CRG_HCLK_CTRL_FIELD_T"         @ string offset=659
.Linfo_string38:
	.asciz	"PCLK_CTRL"                     @ string offset=681
.Linfo_string39:
	.asciz	"PCLK_CTRL_F"                   @ string offset=691
.Linfo_string40:
	.asciz	"PCLK_DIV"                      @ string offset=703
.Linfo_string41:
	.asciz	"PCLK_DIV_LOAD"                 @ string offset=712
.Linfo_string42:
	.asciz	"PCLK_EN_TEST"                  @ string offset=726
.Linfo_string43:
	.asciz	"PCLK_EN_ASYSCFG"               @ string offset=739
.Linfo_string44:
	.asciz	"CRG_PCLK_CTRL_FIELD_T"         @ string offset=755
.Linfo_string45:
	.asciz	"M0_CLKRST_CTRL"                @ string offset=777
.Linfo_string46:
	.asciz	"M0_CLKRST_CTRL_F"              @ string offset=792
.Linfo_string47:
	.asciz	"RST_M0"                        @ string offset=809
.Linfo_string48:
	.asciz	"RESERVED2"                     @ string offset=816
.Linfo_string49:
	.asciz	"FCLK_EN_SYSTICK"               @ string offset=826
.Linfo_string50:
	.asciz	"FCLK_DIV_SYSTICK"              @ string offset=842
.Linfo_string51:
	.asciz	"CRG_M0_CLKRST_CTRL_FIELD_T"    @ string offset=859
.Linfo_string52:
	.asciz	"TIM_LITE_CLKRST_CTRL"          @ string offset=886
.Linfo_string53:
	.asciz	"TIM_LITE_CLKRST_CTRL_F"        @ string offset=907
.Linfo_string54:
	.asciz	"RST_TIM_LITE"                  @ string offset=930
.Linfo_string55:
	.asciz	"PCLK_EN_TIM_LITE"              @ string offset=943
.Linfo_string56:
	.asciz	"FCLK_EN_TIM_LITE"              @ string offset=960
.Linfo_string57:
	.asciz	"FCLK_SEL_TIM_LITE"             @ string offset=977
.Linfo_string58:
	.asciz	"FCLK_DIV_TIM_LITE"             @ string offset=995
.Linfo_string59:
	.asciz	"CRG_TIM_LITE_CLKRST_CTRL_FIELD_T" @ string offset=1013
.Linfo_string60:
	.asciz	"PRINT_UART_CLKRST_CTRL"        @ string offset=1046
.Linfo_string61:
	.asciz	"PRINT_UART_CLKRST_CTRL_F"      @ string offset=1069
.Linfo_string62:
	.asciz	"RST_PRINT_UART"                @ string offset=1094
.Linfo_string63:
	.asciz	"PCLK_EN_PRINT_UART"            @ string offset=1109
.Linfo_string64:
	.asciz	"CRG_PRINT_UART_CLKRST_CTRL_FIELD_T" @ string offset=1128
.Linfo_string65:
	.asciz	"IWDG_CLKRST_CTRL"              @ string offset=1163
.Linfo_string66:
	.asciz	"IWDG_CLKRST_CTRL_F"            @ string offset=1180
.Linfo_string67:
	.asciz	"PCLK_EN_IWDG"                  @ string offset=1199
.Linfo_string68:
	.asciz	"CRG_IWDG_CLKRST_CTRL_FIELD_T"  @ string offset=1212
.Linfo_string69:
	.asciz	"PWM_CLKRST_CTRL"               @ string offset=1241
.Linfo_string70:
	.asciz	"PWM_CLKRST_CTRL_F"             @ string offset=1257
.Linfo_string71:
	.asciz	"RST_PWM"                       @ string offset=1275
.Linfo_string72:
	.asciz	"PCLK_EN_PWM"                   @ string offset=1283
.Linfo_string73:
	.asciz	"FCLK_EN_PWM"                   @ string offset=1295
.Linfo_string74:
	.asciz	"FCLK_SEL_PWM"                  @ string offset=1307
.Linfo_string75:
	.asciz	"FCLK_DIV_PWM"                  @ string offset=1320
.Linfo_string76:
	.asciz	"CRG_PWM_CLKRST_CTRL_FIELD_T"   @ string offset=1333
.Linfo_string77:
	.asciz	"ADC_CLKRST_CTRL"               @ string offset=1361
.Linfo_string78:
	.asciz	"ADC_CLKRST_CTRL_F"             @ string offset=1377
.Linfo_string79:
	.asciz	"RST_ADC"                       @ string offset=1395
.Linfo_string80:
	.asciz	"PCLK_EN_ADC"                   @ string offset=1403
.Linfo_string81:
	.asciz	"FCLK_EN_ADC"                   @ string offset=1415
.Linfo_string82:
	.asciz	"FCLK_DIV_ADC"                  @ string offset=1427
.Linfo_string83:
	.asciz	"CRG_ADC_CLKRST_CTRL_FIELD_T"   @ string offset=1440
.Linfo_string84:
	.asciz	"LIN_SCI_CLKRST_CTRL"           @ string offset=1468
.Linfo_string85:
	.asciz	"LIN_SCI_CLKRST_CTRL_F"         @ string offset=1488
.Linfo_string86:
	.asciz	"RST_LIN_SCI"                   @ string offset=1510
.Linfo_string87:
	.asciz	"PCLK_EN_LIN_SCI"               @ string offset=1522
.Linfo_string88:
	.asciz	"FCLK_EN_LIN_SCI"               @ string offset=1538
.Linfo_string89:
	.asciz	"FCLK_DIV_LIN_SCI"              @ string offset=1554
.Linfo_string90:
	.asciz	"CRG_LIN_SCI_CLKRST_CTRL_FIELD_T" @ string offset=1571
.Linfo_string91:
	.asciz	"GPIO_CLKRST_CTRL"              @ string offset=1603
.Linfo_string92:
	.asciz	"GPIO_CLKRST_CTRL_F"            @ string offset=1620
.Linfo_string93:
	.asciz	"RST_GPIO"                      @ string offset=1639
.Linfo_string94:
	.asciz	"PCLK_EN_GPIO"                  @ string offset=1648
.Linfo_string95:
	.asciz	"FCLK_EN_GPIO"                  @ string offset=1661
.Linfo_string96:
	.asciz	"FCLK_SEL_GPIO"                 @ string offset=1674
.Linfo_string97:
	.asciz	"FCLK_DIV_GPIO"                 @ string offset=1688
.Linfo_string98:
	.asciz	"CRG_GPIO_CLKRST_CTRL_FIELD_T"  @ string offset=1702
.Linfo_string99:
	.asciz	"PINMUX_CLKRST_CTRL"            @ string offset=1731
.Linfo_string100:
	.asciz	"PINMUX_CLKRST_CTRL_F"          @ string offset=1750
.Linfo_string101:
	.asciz	"RST_PINMUX"                    @ string offset=1771
.Linfo_string102:
	.asciz	"PCLK_EN_PINMUX"                @ string offset=1782
.Linfo_string103:
	.asciz	"CRG_PINMUX_CLKRST_CTRL_FIELD_T" @ string offset=1797
.Linfo_string104:
	.asciz	"RESERVED_T_CLKRST_CTRL"        @ string offset=1828
.Linfo_string105:
	.asciz	"RESERVED_T_CLKRST_CTRL_F"      @ string offset=1851
.Linfo_string106:
	.asciz	"RST_RESERVED_T"                @ string offset=1876
.Linfo_string107:
	.asciz	"PCLK_EN_RESERVED_T"            @ string offset=1891
.Linfo_string108:
	.asciz	"FCLK_EN_RESERVED_T"            @ string offset=1910
.Linfo_string109:
	.asciz	"FCLK_DIV_RESERVED_T"           @ string offset=1929
.Linfo_string110:
	.asciz	"CRG_RESERVED_T_CLKRST_CTRL_FIELD_T" @ string offset=1949
.Linfo_string111:
	.asciz	"RESERVED_S_CLKRST_CTRL"        @ string offset=1984
.Linfo_string112:
	.asciz	"RESERVED_S_CLKRST_CTRL_F"      @ string offset=2007
.Linfo_string113:
	.asciz	"RST_RESERVED_S"                @ string offset=2032
.Linfo_string114:
	.asciz	"PCLK_EN_RESERVED_S"            @ string offset=2047
.Linfo_string115:
	.asciz	"FCLK_EN_RESERVED_S"            @ string offset=2066
.Linfo_string116:
	.asciz	"FCLK_SEL_RESERVED_S"           @ string offset=2085
.Linfo_string117:
	.asciz	"FCLK_DIV_RESERVED_S"           @ string offset=2105
.Linfo_string118:
	.asciz	"CRG_RESERVED_S_CLKRST_CTRL_FIELD_T" @ string offset=2125
.Linfo_string119:
	.asciz	"LIN_SCI1_CLKRST_CTRL"          @ string offset=2160
.Linfo_string120:
	.asciz	"LIN_SCI1_CLKRST_CTRL_F"        @ string offset=2181
.Linfo_string121:
	.asciz	"RST_LIN_SCI1"                  @ string offset=2204
.Linfo_string122:
	.asciz	"PCLK_EN_LIN_SCI1"              @ string offset=2217
.Linfo_string123:
	.asciz	"FCLK_EN_LIN_SCI1"              @ string offset=2234
.Linfo_string124:
	.asciz	"FCLK_DIV_LIN_SCI1"             @ string offset=2251
.Linfo_string125:
	.asciz	"CRG_LIN_SCI1_CLKRST_CTRL_FIELD_T" @ string offset=2269
.Linfo_string126:
	.asciz	"HRC_SSG_CTRL"                  @ string offset=2302
.Linfo_string127:
	.asciz	"HRC_SSG_CTRL_F"                @ string offset=2315
.Linfo_string128:
	.asciz	"SSG_EN"                        @ string offset=2330
.Linfo_string129:
	.asciz	"SSG_SOFT_EN"                   @ string offset=2337
.Linfo_string130:
	.asciz	"SSG_AMP"                       @ string offset=2349
.Linfo_string131:
	.asciz	"SSG_MOD_FREQ_SEL"              @ string offset=2357
.Linfo_string132:
	.asciz	"RESERVED3"                     @ string offset=2374
.Linfo_string133:
	.asciz	"SSG_ALPHA"                     @ string offset=2384
.Linfo_string134:
	.asciz	"SSG_BETA"                      @ string offset=2394
.Linfo_string135:
	.asciz	"SSG_SOFT_OUT"                  @ string offset=2403
.Linfo_string136:
	.asciz	"SSG_UPDT_BUSY"                 @ string offset=2416
.Linfo_string137:
	.asciz	"CRG_HRC_SSG_CTRL_FIELD_T"      @ string offset=2430
.Linfo_string138:
	.asciz	"__ARRAY_SIZE_TYPE__"           @ string offset=2455
.Linfo_string139:
	.asciz	"CRG_LOCK"                      @ string offset=2475
.Linfo_string140:
	.asciz	"CRG_LOCK_F"                    @ string offset=2484
.Linfo_string141:
	.asciz	"CRG_CRG_LOCK_FIELD_T"          @ string offset=2495
.Linfo_string142:
	.asciz	"CRG_REG_TypeDef"               @ string offset=2516
.Linfo_string143:
	.asciz	"CTRL"                          @ string offset=2532
.Linfo_string144:
	.asciz	"CTRL_F"                        @ string offset=2537
.Linfo_string145:
	.asciz	"EN"                            @ string offset=2544
.Linfo_string146:
	.asciz	"RST_EN"                        @ string offset=2547
.Linfo_string147:
	.asciz	"DBG_STOP_EN"                   @ string offset=2554
.Linfo_string148:
	.asciz	"IWDG_CTRL_FIELD_T"             @ string offset=2566
.Linfo_string149:
	.asciz	"CNT_MAX"                       @ string offset=2584
.Linfo_string150:
	.asciz	"CNT_MAX_F"                     @ string offset=2592
.Linfo_string151:
	.asciz	"IWDG_CNT_MAX_FIELD_T"          @ string offset=2602
.Linfo_string152:
	.asciz	"WIN_MAX"                       @ string offset=2623
.Linfo_string153:
	.asciz	"WIN_MAX_F"                     @ string offset=2631
.Linfo_string154:
	.asciz	"IWDG_WIN_MAX_FIELD_T"          @ string offset=2641
.Linfo_string155:
	.asciz	"WIN_MIN"                       @ string offset=2662
.Linfo_string156:
	.asciz	"WIN_MIN_F"                     @ string offset=2670
.Linfo_string157:
	.asciz	"IWDG_WIN_MIN_FIELD_T"          @ string offset=2680
.Linfo_string158:
	.asciz	"CCR"                           @ string offset=2701
.Linfo_string159:
	.asciz	"CCR_F"                         @ string offset=2705
.Linfo_string160:
	.asciz	"IWDG_CCR_FIELD_T"              @ string offset=2711
.Linfo_string161:
	.asciz	"IRQ"                           @ string offset=2728
.Linfo_string162:
	.asciz	"IRQ_F"                         @ string offset=2732
.Linfo_string163:
	.asciz	"IMR"                           @ string offset=2738
.Linfo_string164:
	.asciz	"IRSR"                          @ string offset=2742
.Linfo_string165:
	.asciz	"ISR"                           @ string offset=2747
.Linfo_string166:
	.asciz	"ICR"                           @ string offset=2751
.Linfo_string167:
	.asciz	"IWDG_IRQ_FIELD_T"              @ string offset=2755
.Linfo_string168:
	.asciz	"LOCK"                          @ string offset=2772
.Linfo_string169:
	.asciz	"LOCK_F"                        @ string offset=2777
.Linfo_string170:
	.asciz	"PASSWORD"                      @ string offset=2784
.Linfo_string171:
	.asciz	"IWDG_LOCK_FIELD_T"             @ string offset=2793
.Linfo_string172:
	.asciz	"STATUS"                        @ string offset=2811
.Linfo_string173:
	.asciz	"STATUS_F"                      @ string offset=2818
.Linfo_string174:
	.asciz	"WCNT"                          @ string offset=2827
.Linfo_string175:
	.asciz	"IWDG_STATUS_FIELD_T"           @ string offset=2832
.Linfo_string176:
	.asciz	"IWDG_REG_TypeDef"              @ string offset=2852
.Linfo_string177:
	.asciz	"int"                           @ string offset=2869
.Linfo_string178:
	.asciz	"int32_t"                       @ string offset=2873
.Linfo_string179:
	.asciz	"ISER"                          @ string offset=2881
.Linfo_string180:
	.asciz	"ICER"                          @ string offset=2886
.Linfo_string181:
	.asciz	"ISPR"                          @ string offset=2891
.Linfo_string182:
	.asciz	"ICPR"                          @ string offset=2896
.Linfo_string183:
	.asciz	"RESERVED4"                     @ string offset=2901
.Linfo_string184:
	.asciz	"IP"                            @ string offset=2911
.Linfo_string185:
	.asciz	"NVIC_Type"                     @ string offset=2914
.Linfo_string186:
	.asciz	"CPUID"                         @ string offset=2924
.Linfo_string187:
	.asciz	"ICSR"                          @ string offset=2930
.Linfo_string188:
	.asciz	"AIRCR"                         @ string offset=2935
.Linfo_string189:
	.asciz	"SCR"                           @ string offset=2941
.Linfo_string190:
	.asciz	"SHP"                           @ string offset=2945
.Linfo_string191:
	.asciz	"SHCSR"                         @ string offset=2949
.Linfo_string192:
	.asciz	"SCB_Type"                      @ string offset=2955
.Linfo_string193:
	.asciz	"__NVIC_ClearPendingIRQ"        @ string offset=2964
.Linfo_string194:
	.asciz	"IRQn_Type"                     @ string offset=2987
.Linfo_string195:
	.asciz	"__NVIC_SetPriority"            @ string offset=2997
.Linfo_string196:
	.asciz	"priority"                      @ string offset=3016
.Linfo_string197:
	.asciz	"__NVIC_DisableIRQ"             @ string offset=3025
.Linfo_string198:
	.asciz	"__NVIC_EnableIRQ"              @ string offset=3043
.Linfo_string199:
	.asciz	"ll_wdg_interrupt_clear"        @ string offset=3060
.Linfo_string200:
	.asciz	"ll_wdg_reload"                 @ string offset=3083
.Linfo_string201:
	.asciz	"ll_wdg_init"                   @ string offset=3097
.Linfo_string202:
	.asciz	"ll_wdg_deinit"                 @ string offset=3109
.Linfo_string203:
	.asciz	"ll_wdg_isr_enable"             @ string offset=3123
.Linfo_string204:
	.asciz	"ll_wdg_enable"                 @ string offset=3141
.Linfo_string205:
	.asciz	"IWDG_IRQHandler"               @ string offset=3155
.Linfo_string206:
	.asciz	"config"                        @ string offset=3171
.Linfo_string207:
	.asciz	"clk_cfg"                       @ string offset=3178
.Linfo_string208:
	.asciz	"clk_source"                    @ string offset=3186
.Linfo_string209:
	.asciz	"fclk_src_e"                    @ string offset=3197
.Linfo_string210:
	.asciz	"fclk_div"                      @ string offset=3208
.Linfo_string211:
	.asciz	"uint8_t"                       @ string offset=3217
.Linfo_string212:
	.asciz	"ll_clk_config_t"               @ string offset=3225
.Linfo_string213:
	.asciz	"isr_cfg"                       @ string offset=3241
.Linfo_string214:
	.asciz	"isr"                           @ string offset=3249
.Linfo_string215:
	.asciz	"isr_enable"                    @ string offset=3253
.Linfo_string216:
	.asciz	"_Bool"                         @ string offset=3264
.Linfo_string217:
	.asciz	"ll_isr_config_t"               @ string offset=3270
.Linfo_string218:
	.asciz	"reset_on_overflow"             @ string offset=3286
.Linfo_string219:
	.asciz	"max_count"                     @ string offset=3304
.Linfo_string220:
	.asciz	"wdg_config_t"                  @ string offset=3314
.Linfo_string221:
	.asciz	"callback"                      @ string offset=3327
.Linfo_string222:
	.asciz	"enable"                        @ string offset=3336
	.ident	"Component: Arm Compiler for Embedded 6.21 Tool: armclang [5ec1fd00]"
	.section	".note.GNU-stack","",%progbits
	.eabi_attribute	30, 4	@ Tag_ABI_optimization_goals
	.ARM_attribute	16, 1	@ Tag_AV_eba
	.section	.debug_line,"",%progbits
.Lline_table_start0:
