	.text
	.syntax unified
	.eabi_attribute	67, "2.09"	@ Tag_conformance
	.cpu	cortex-m0
	.eabi_attribute	6, 12	@ Tag_CPU_arch
	.eabi_attribute	7, 77	@ Tag_CPU_arch_profile
	.eabi_attribute	8, 0	@ Tag_ARM_ISA_use
	.eabi_attribute	9, 1	@ Tag_THUMB_ISA_use
	.eabi_attribute	34, 0	@ Tag_CPU_unaligned_access
	.eabi_attribute	17, 1	@ Tag_ABI_PCS_GOT_use
	.eabi_attribute	20, 2	@ Tag_ABI_FP_denormal
	.eabi_attribute	21, 0	@ Tag_ABI_FP_exceptions
	.eabi_attribute	23, 1	@ Tag_ABI_FP_number_model
	.eabi_attribute	24, 1	@ Tag_ABI_align_needed
	.eabi_attribute	25, 1	@ Tag_ABI_align_preserved
	.eabi_attribute	38, 1	@ Tag_ABI_FP_16bit_format
	.eabi_attribute	18, 2	@ Tag_ABI_PCS_wchar_t
	.eabi_attribute	26, 1	@ Tag_ABI_enum_size
	.eabi_attribute	14, 0	@ Tag_ABI_PCS_R9_use
	.file	"tcpl04x_ll_cortex.c"
	.file	1 "C:\\baidunetdiskdownload\\\346\263\260\347\237\275\345\276\256\\\346\260\233\345\233\264\347\201\257\\TCPL0X_AUTO_SDK_V2.0.0\\TCPL0X_AUTO_SDK_V2.0.0\\examples\\tcpl04x\\demo_apps\\tcpl04b_swsc_lean\\MDK" "../06_TCPL04B_Device/tcpl04x.h"
	.file	2 "C:\\Keil_v5\\ARM\\ARMCLANG\\Bin\\..\\include" "stdint.h"
	.file	3 "C:\\baidunetdiskdownload\\\346\263\260\347\237\275\345\276\256\\\346\260\233\345\233\264\347\201\257\\TCPL0X_AUTO_SDK_V2.0.0\\TCPL0X_AUTO_SDK_V2.0.0\\examples\\tcpl04x\\demo_apps\\tcpl04b_swsc_lean\\MDK" "../06_TCPL04B_Device/asyscfg_reg_def.h"
	.file	4 "C:\\baidunetdiskdownload\\\346\263\260\347\237\275\345\276\256\\\346\260\233\345\233\264\347\201\257\\TCPL0X_AUTO_SDK_V2.0.0\\TCPL0X_AUTO_SDK_V2.0.0\\examples\\tcpl04x\\demo_apps\\tcpl04b_swsc_lean\\MDK" "../06_TCPL04B_Device/core_cm0.h"
	.section	.text.NMI_Handler,"ax",%progbits
	.hidden	NMI_Handler                     @ -- Begin function NMI_Handler
	.globl	NMI_Handler
	.p2align	2
	.type	NMI_Handler,%function
	.code	16                              @ @NMI_Handler
	.thumb_func
NMI_Handler:
.Lfunc_begin0:
	.file	5 "C:\\baidunetdiskdownload\\\346\263\260\347\237\275\345\276\256\\\346\260\233\345\233\264\347\201\257\\TCPL0X_AUTO_SDK_V2.0.0\\TCPL0X_AUTO_SDK_V2.0.0\\examples\\tcpl04x\\demo_apps\\tcpl04b_swsc_lean\\MDK" "../07_TCPL04B_MCAL/tcpl04x_ll_cortex.c"
	.loc	5 33 0                          @ ../07_TCPL04B_MCAL/tcpl04x_ll_cortex.c:33:0
	.fnstart
	.cfi_sections .debug_frame
	.cfi_startproc
@ %bb.0:
	movs	r0, #1
	lsls	r0, r0, #13
	ldr	r1, __arm_cp.0_0
.Ltmp0:
	.loc	5 34 5 prologue_end             @ ../07_TCPL04B_MCAL/tcpl04x_ll_cortex.c:34:5
	ldr	r2, [r1]
	orrs	r2, r0
	str	r2, [r1]
.Ltmp1:
	.loc	5 35 1                          @ ../07_TCPL04B_MCAL/tcpl04x_ll_cortex.c:35:1
	bx	lr
.Ltmp2:
	.p2align	2
@ %bb.1:
	.loc	5 0 1 is_stmt 0                 @ ../07_TCPL04B_MCAL/tcpl04x_ll_cortex.c:0:1
__arm_cp.0_0:
	.long	1073790988                      @ 0x4000c00c
.Lcpi_end0:
	.size	__arm_cp.0_0, .Lcpi_end0-__arm_cp.0_0
.Lfunc_end0:
	.size	NMI_Handler, .Lfunc_end0-NMI_Handler
	.cfi_endproc
	.cantunwind
	.fnend
                                        @ -- End function
	.section	.text.HardFault_Handler,"ax",%progbits
	.hidden	HardFault_Handler               @ -- Begin function HardFault_Handler
	.globl	HardFault_Handler
	.p2align	2
	.type	HardFault_Handler,%function
	.code	16                              @ @HardFault_Handler
	.thumb_func
HardFault_Handler:
.Lfunc_begin1:
	.loc	5 45 0 is_stmt 1                @ ../07_TCPL04B_MCAL/tcpl04x_ll_cortex.c:45:0
	.fnstart
	.cfi_startproc
@ %bb.0:
	movs	r0, #1
	lsls	r0, r0, #13
	ldr	r1, __arm_cp.1_0
.Ltmp3:
	.loc	5 46 5 prologue_end             @ ../07_TCPL04B_MCAL/tcpl04x_ll_cortex.c:46:5
	ldr	r2, [r1]
	orrs	r2, r0
	str	r2, [r1]
.Ltmp4:
	.loc	5 47 1                          @ ../07_TCPL04B_MCAL/tcpl04x_ll_cortex.c:47:1
	bx	lr
.Ltmp5:
	.p2align	2
@ %bb.1:
	.loc	5 0 1 is_stmt 0                 @ ../07_TCPL04B_MCAL/tcpl04x_ll_cortex.c:0:1
__arm_cp.1_0:
	.long	1073790988                      @ 0x4000c00c
.Lcpi_end1:
	.size	__arm_cp.1_0, .Lcpi_end1-__arm_cp.1_0
.Lfunc_end1:
	.size	HardFault_Handler, .Lfunc_end1-HardFault_Handler
	.cfi_endproc
	.cantunwind
	.fnend
                                        @ -- End function
	.section	.text.EnableNvic,"ax",%progbits
	.hidden	EnableNvic                      @ -- Begin function EnableNvic
	.globl	EnableNvic
	.p2align	2
	.type	EnableNvic,%function
	.code	16                              @ @EnableNvic
	.thumb_func
EnableNvic:
.Lfunc_begin2:
	.loc	5 63 0 is_stmt 1                @ ../07_TCPL04B_MCAL/tcpl04x_ll_cortex.c:63:0
	.fnstart
	.cfi_startproc
@ %bb.0:
	@DEBUG_VALUE: EnableNvic:irq <- $r0
	@DEBUG_VALUE: EnableNvic:level <- $r1
	@DEBUG_VALUE: EnableNvic:en <- [DW_OP_LLVM_convert 1 7, DW_OP_LLVM_convert 8 7, DW_OP_stack_value] $r2
	@DEBUG_VALUE: __NVIC_DisableIRQ:IRQn <- [DW_OP_LLVM_convert 32 7, DW_OP_LLVM_convert 8 7, DW_OP_stack_value] $r0
	.save	{r4, r5, r6, lr}
	push	{r4, r5, r6, lr}
	.cfi_def_cfa_offset 16
	.cfi_offset lr, -4
	.cfi_offset r6, -8
	.cfi_offset r5, -12
	.cfi_offset r4, -16
.Ltmp6:
	@DEBUG_VALUE: EnableNvic:enIrq <- [DW_OP_LLVM_convert 32 7, DW_OP_LLVM_convert 8 7, DW_OP_stack_value] $r0
	movs	r3, #128
.Ltmp7:
	.loc	4 641 25 prologue_end           @ ../06_TCPL04B_Device/core_cm0.h:641:25
	ands	r3, r0
.Ltmp8:
	.loc	4 641 9 is_stmt 0               @ ../06_TCPL04B_Device/core_cm0.h:641:9
	bne	.LBB2_2
.Ltmp9:
@ %bb.1:
	@DEBUG_VALUE: EnableNvic:enIrq <- [DW_OP_LLVM_convert 32 7, DW_OP_LLVM_convert 8 7, DW_OP_stack_value] $r0
	@DEBUG_VALUE: __NVIC_DisableIRQ:IRQn <- [DW_OP_LLVM_convert 32 7, DW_OP_LLVM_convert 8 7, DW_OP_stack_value] $r0
	@DEBUG_VALUE: EnableNvic:en <- [DW_OP_LLVM_convert 1 7, DW_OP_LLVM_convert 8 7, DW_OP_stack_value] $r2
	@DEBUG_VALUE: EnableNvic:level <- $r1
	@DEBUG_VALUE: EnableNvic:irq <- $r0
	.loc	4 0 9                           @ ../06_TCPL04B_Device/core_cm0.h:0:9
	movs	r4, #31
.Ltmp10:
	.loc	4 643 62 is_stmt 1              @ ../06_TCPL04B_Device/core_cm0.h:643:62
	ands	r4, r0
	movs	r5, #1
	.loc	4 643 41 is_stmt 0              @ ../06_TCPL04B_Device/core_cm0.h:643:41
	lsls	r5, r4
	ldr	r4, __arm_cp.2_1
	.loc	4 643 24                        @ ../06_TCPL04B_Device/core_cm0.h:643:24
	str	r5, [r4]
	.loc	4 644 9 is_stmt 1               @ ../06_TCPL04B_Device/core_cm0.h:644:9
	dsb	sy
	.loc	4 645 9                         @ ../06_TCPL04B_Device/core_cm0.h:645:9
	isb	sy
	ldr	r4, __arm_cp.2_2
.Ltmp11:
	@DEBUG_VALUE: __NVIC_ClearPendingIRQ:IRQn <- [DW_OP_LLVM_convert 32 7, DW_OP_LLVM_convert 8 7, DW_OP_stack_value] $r0
	.loc	4 693 24                        @ ../06_TCPL04B_Device/core_cm0.h:693:24
	str	r5, [r4]
	movs	r4, #252
.Ltmp12:
	.loc	4 710 48                        @ ../06_TCPL04B_Device/core_cm0.h:710:48
	ands	r4, r0
	ldr	r5, __arm_cp.2_3
	adds	r4, r4, r5
.Ltmp13:
	@DEBUG_VALUE: __NVIC_SetPriority:priority <- [DW_OP_LLVM_convert 8 7, DW_OP_LLVM_convert 32 7, DW_OP_stack_value] $r1
	@DEBUG_VALUE: __NVIC_SetPriority:IRQn <- [DW_OP_LLVM_convert 32 7, DW_OP_LLVM_convert 8 7, DW_OP_stack_value] $r0
	.loc	4 708 9                         @ ../06_TCPL04B_Device/core_cm0.h:708:9
	uxtb	r5, r0
	b	.LBB2_3
.Ltmp14:
.LBB2_2:
	@DEBUG_VALUE: EnableNvic:enIrq <- [DW_OP_LLVM_convert 32 7, DW_OP_LLVM_convert 8 7, DW_OP_stack_value] $r0
	@DEBUG_VALUE: EnableNvic:en <- [DW_OP_LLVM_convert 1 7, DW_OP_LLVM_convert 8 7, DW_OP_stack_value] $r2
	@DEBUG_VALUE: EnableNvic:level <- $r1
	@DEBUG_VALUE: EnableNvic:irq <- $r0
	@DEBUG_VALUE: __NVIC_SetPriority:IRQn <- [DW_OP_LLVM_convert 32 7, DW_OP_LLVM_convert 8 7, DW_OP_stack_value] $r0
	@DEBUG_VALUE: __NVIC_SetPriority:priority <- [DW_OP_LLVM_convert 8 7, DW_OP_LLVM_convert 32 7, DW_OP_stack_value] $r1
	.loc	4 0 9 is_stmt 0                 @ ../06_TCPL04B_Device/core_cm0.h:0:9
	movs	r4, #12
.Ltmp15:
	.loc	4 715 57 is_stmt 1              @ ../06_TCPL04B_Device/core_cm0.h:715:57
	ands	r4, r0
	ldr	r5, __arm_cp.2_0
	.loc	4 715 48 is_stmt 0              @ ../06_TCPL04B_Device/core_cm0.h:715:48
	adds	r4, r4, r5
.Ltmp16:
	.loc	4 708 9 is_stmt 1               @ ../06_TCPL04B_Device/core_cm0.h:708:9
	sxtb	r5, r0
.Ltmp17:
.LBB2_3:
	@DEBUG_VALUE: __NVIC_SetPriority:priority <- [DW_OP_LLVM_convert 8 7, DW_OP_LLVM_convert 32 7, DW_OP_stack_value] $r1
	@DEBUG_VALUE: __NVIC_SetPriority:IRQn <- [DW_OP_LLVM_convert 32 7, DW_OP_LLVM_convert 8 7, DW_OP_stack_value] $r0
	@DEBUG_VALUE: EnableNvic:enIrq <- [DW_OP_LLVM_convert 32 7, DW_OP_LLVM_convert 8 7, DW_OP_stack_value] $r0
	@DEBUG_VALUE: EnableNvic:en <- [DW_OP_LLVM_convert 1 7, DW_OP_LLVM_convert 8 7, DW_OP_stack_value] $r2
	@DEBUG_VALUE: EnableNvic:level <- $r1
	@DEBUG_VALUE: EnableNvic:irq <- $r0
	.loc	4 0 0 is_stmt 0                 @ ../06_TCPL04B_Device/core_cm0.h:0:0
	lsls	r5, r5, #30
	lsrs	r5, r5, #27
	lsls	r1, r1, #6
.Ltmp18:
	@DEBUG_VALUE: EnableNvic:level <- [DW_OP_LLVM_entry_value 1] $r1
	uxtb	r1, r1
	lsls	r1, r5
	movs	r6, #255
	lsls	r6, r5
	ldr	r5, [r4]
	bics	r5, r6
	orrs	r5, r1
	str	r5, [r4]
.Ltmp19:
	.loc	5 69 9 is_stmt 1                @ ../07_TCPL04B_MCAL/tcpl04x_ll_cortex.c:69:9
	cmp	r3, #0
	bne	.LBB2_6
.Ltmp20:
@ %bb.4:
	@DEBUG_VALUE: EnableNvic:level <- [DW_OP_LLVM_entry_value 1] $r1
	@DEBUG_VALUE: EnableNvic:enIrq <- [DW_OP_LLVM_convert 32 7, DW_OP_LLVM_convert 8 7, DW_OP_stack_value] $r0
	@DEBUG_VALUE: EnableNvic:en <- [DW_OP_LLVM_convert 1 7, DW_OP_LLVM_convert 8 7, DW_OP_stack_value] $r2
	@DEBUG_VALUE: EnableNvic:irq <- $r0
	cmp	r2, #0
	beq	.LBB2_6
.Ltmp21:
@ %bb.5:
	@DEBUG_VALUE: EnableNvic:level <- [DW_OP_LLVM_entry_value 1] $r1
	@DEBUG_VALUE: EnableNvic:enIrq <- [DW_OP_LLVM_convert 32 7, DW_OP_LLVM_convert 8 7, DW_OP_stack_value] $r0
	@DEBUG_VALUE: EnableNvic:en <- [DW_OP_LLVM_convert 1 7, DW_OP_LLVM_convert 8 7, DW_OP_stack_value] $r2
	@DEBUG_VALUE: EnableNvic:irq <- $r0
	.loc	5 0 9 is_stmt 0                 @ ../07_TCPL04B_MCAL/tcpl04x_ll_cortex.c:0:9
	movs	r1, #31
.Ltmp22:
	.loc	4 608 62 is_stmt 1              @ ../06_TCPL04B_Device/core_cm0.h:608:62
	ands	r0, r1
.Ltmp23:
	@DEBUG_VALUE: EnableNvic:irq <- [DW_OP_LLVM_entry_value 1] $r0
	.loc	4 0 62 is_stmt 0                @ ../06_TCPL04B_Device/core_cm0.h:0:62
	movs	r1, #1
	.loc	4 608 41                        @ ../06_TCPL04B_Device/core_cm0.h:608:41
	lsls	r1, r0
	.loc	4 607 9 is_stmt 1               @ ../06_TCPL04B_Device/core_cm0.h:607:9
	@APP
	@NO_APP
	ldr	r0, __arm_cp.2_4
	.loc	4 608 24                        @ ../06_TCPL04B_Device/core_cm0.h:608:24
	str	r1, [r0]
	.loc	4 609 9                         @ ../06_TCPL04B_Device/core_cm0.h:609:9
	@APP
	@NO_APP
.Ltmp24:
.LBB2_6:
	@DEBUG_VALUE: EnableNvic:level <- [DW_OP_LLVM_entry_value 1] $r1
	@DEBUG_VALUE: EnableNvic:en <- [DW_OP_LLVM_convert 1 7, DW_OP_LLVM_convert 8 7, DW_OP_stack_value] $r2
	.loc	5 73 1 epilogue_begin           @ ../07_TCPL04B_MCAL/tcpl04x_ll_cortex.c:73:1
	pop	{r4, r5, r6, pc}
.Ltmp25:
	.p2align	2
@ %bb.7:
	.loc	5 0 1 is_stmt 0                 @ ../07_TCPL04B_MCAL/tcpl04x_ll_cortex.c:0:1
__arm_cp.2_0:
	.long	3758157076                      @ 0xe000ed14
.Lcpi_end2:
	.size	__arm_cp.2_0, .Lcpi_end2-__arm_cp.2_0
__arm_cp.2_1:
	.long	3758154112                      @ 0xe000e180
.Lcpi_end3:
	.size	__arm_cp.2_1, .Lcpi_end3-__arm_cp.2_1
__arm_cp.2_2:
	.long	3758154368                      @ 0xe000e280
.Lcpi_end4:
	.size	__arm_cp.2_2, .Lcpi_end4-__arm_cp.2_2
__arm_cp.2_3:
	.long	3758154752                      @ 0xe000e400
.Lcpi_end5:
	.size	__arm_cp.2_3, .Lcpi_end5-__arm_cp.2_3
__arm_cp.2_4:
	.long	3758153984                      @ 0xe000e100
.Lcpi_end6:
	.size	__arm_cp.2_4, .Lcpi_end6-__arm_cp.2_4
.Lfunc_end2:
	.size	EnableNvic, .Lfunc_end2-EnableNvic
	.cfi_endproc
	.cantunwind
	.fnend
                                        @ -- End function
	.section	.debug_loc,"",%progbits
.Ldebug_loc0:
	.long	-1
	.long	.Lfunc_begin2                   @   base address
	.long	.Lfunc_begin2-.Lfunc_begin2
	.long	.Ltmp23-.Lfunc_begin2
	.short	1                               @ Loc expr size
	.byte	80                              @ DW_OP_reg0
	.long	.Ltmp23-.Lfunc_begin2
	.long	.Ltmp24-.Lfunc_begin2
	.short	4                               @ Loc expr size
	.byte	243                             @ DW_OP_GNU_entry_value
	.byte	1                               @ 1
	.byte	80                              @ DW_OP_reg0
	.byte	159                             @ DW_OP_stack_value
	.long	0
	.long	0
.Ldebug_loc1:
	.long	-1
	.long	.Lfunc_begin2                   @   base address
	.long	.Lfunc_begin2-.Lfunc_begin2
	.long	.Ltmp18-.Lfunc_begin2
	.short	1                               @ Loc expr size
	.byte	81                              @ DW_OP_reg1
	.long	.Ltmp18-.Lfunc_begin2
	.long	.Ltmp25-.Lfunc_begin2
	.short	4                               @ Loc expr size
	.byte	243                             @ DW_OP_GNU_entry_value
	.byte	1                               @ 1
	.byte	81                              @ DW_OP_reg1
	.byte	159                             @ DW_OP_stack_value
	.long	0
	.long	0
.Ldebug_loc2:
	.long	-1
	.long	.Lfunc_begin2                   @   base address
	.long	.Ltmp6-.Lfunc_begin2
	.long	.Ltmp23-.Lfunc_begin2
	.short	3                               @ Loc expr size
	.byte	112                             @ DW_OP_breg0
	.byte	0                               @ 0
	.byte	159                             @ DW_OP_stack_value
	.long	0
	.long	0
.Ldebug_loc3:
	.long	-1
	.long	.Lfunc_begin2                   @   base address
	.long	.Ltmp13-.Lfunc_begin2
	.long	.Ltmp18-.Lfunc_begin2
	.short	7                               @ Loc expr size
	.byte	113                             @ DW_OP_breg1
	.byte	0                               @ 0
	.byte	16                              @ DW_OP_constu
	.byte	255                             @ 255
	.byte	1                               @ 
	.byte	26                              @ DW_OP_and
	.byte	159                             @ DW_OP_stack_value
	.long	0
	.long	0
.Ldebug_loc4:
	.long	-1
	.long	.Lfunc_begin2                   @   base address
	.long	.Ltmp13-.Lfunc_begin2
	.long	.Ltmp20-.Lfunc_begin2
	.short	3                               @ Loc expr size
	.byte	112                             @ DW_OP_breg0
	.byte	0                               @ 0
	.byte	159                             @ DW_OP_stack_value
	.long	0
	.long	0
	.section	.debug_abbrev,"",%progbits
	.byte	1                               @ Abbreviation Code
	.byte	17                              @ DW_TAG_compile_unit
	.byte	1                               @ DW_CHILDREN_yes
	.byte	37                              @ DW_AT_producer
	.byte	14                              @ DW_FORM_strp
	.byte	19                              @ DW_AT_language
	.byte	5                               @ DW_FORM_data2
	.byte	3                               @ DW_AT_name
	.byte	14                              @ DW_FORM_strp
	.byte	16                              @ DW_AT_stmt_list
	.byte	23                              @ DW_FORM_sec_offset
	.byte	27                              @ DW_AT_comp_dir
	.byte	14                              @ DW_FORM_strp
	.byte	17                              @ DW_AT_low_pc
	.byte	1                               @ DW_FORM_addr
	.byte	85                              @ DW_AT_ranges
	.byte	23                              @ DW_FORM_sec_offset
	.byte	0                               @ EOM(1)
	.byte	0                               @ EOM(2)
	.byte	2                               @ Abbreviation Code
	.byte	4                               @ DW_TAG_enumeration_type
	.byte	1                               @ DW_CHILDREN_yes
	.byte	73                              @ DW_AT_type
	.byte	19                              @ DW_FORM_ref4
	.byte	3                               @ DW_AT_name
	.byte	14                              @ DW_FORM_strp
	.byte	11                              @ DW_AT_byte_size
	.byte	11                              @ DW_FORM_data1
	.byte	58                              @ DW_AT_decl_file
	.byte	11                              @ DW_FORM_data1
	.byte	59                              @ DW_AT_decl_line
	.byte	11                              @ DW_FORM_data1
	.byte	0                               @ EOM(1)
	.byte	0                               @ EOM(2)
	.byte	3                               @ Abbreviation Code
	.byte	40                              @ DW_TAG_enumerator
	.byte	0                               @ DW_CHILDREN_no
	.byte	3                               @ DW_AT_name
	.byte	14                              @ DW_FORM_strp
	.byte	28                              @ DW_AT_const_value
	.byte	13                              @ DW_FORM_sdata
	.byte	0                               @ EOM(1)
	.byte	0                               @ EOM(2)
	.byte	4                               @ Abbreviation Code
	.byte	36                              @ DW_TAG_base_type
	.byte	0                               @ DW_CHILDREN_no
	.byte	3                               @ DW_AT_name
	.byte	14                              @ DW_FORM_strp
	.byte	62                              @ DW_AT_encoding
	.byte	11                              @ DW_FORM_data1
	.byte	11                              @ DW_AT_byte_size
	.byte	11                              @ DW_FORM_data1
	.byte	0                               @ EOM(1)
	.byte	0                               @ EOM(2)
	.byte	5                               @ Abbreviation Code
	.byte	15                              @ DW_TAG_pointer_type
	.byte	0                               @ DW_CHILDREN_no
	.byte	73                              @ DW_AT_type
	.byte	19                              @ DW_FORM_ref4
	.byte	0                               @ EOM(1)
	.byte	0                               @ EOM(2)
	.byte	6                               @ Abbreviation Code
	.byte	22                              @ DW_TAG_typedef
	.byte	0                               @ DW_CHILDREN_no
	.byte	73                              @ DW_AT_type
	.byte	19                              @ DW_FORM_ref4
	.byte	3                               @ DW_AT_name
	.byte	14                              @ DW_FORM_strp
	.byte	58                              @ DW_AT_decl_file
	.byte	11                              @ DW_FORM_data1
	.byte	59                              @ DW_AT_decl_line
	.byte	5                               @ DW_FORM_data2
	.byte	0                               @ EOM(1)
	.byte	0                               @ EOM(2)
	.byte	7                               @ Abbreviation Code
	.byte	19                              @ DW_TAG_structure_type
	.byte	1                               @ DW_CHILDREN_yes
	.byte	11                              @ DW_AT_byte_size
	.byte	5                               @ DW_FORM_data2
	.byte	58                              @ DW_AT_decl_file
	.byte	11                              @ DW_FORM_data1
	.byte	59                              @ DW_AT_decl_line
	.byte	5                               @ DW_FORM_data2
	.byte	0                               @ EOM(1)
	.byte	0                               @ EOM(2)
	.byte	8                               @ Abbreviation Code
	.byte	13                              @ DW_TAG_member
	.byte	0                               @ DW_CHILDREN_no
	.byte	73                              @ DW_AT_type
	.byte	19                              @ DW_FORM_ref4
	.byte	58                              @ DW_AT_decl_file
	.byte	11                              @ DW_FORM_data1
	.byte	59                              @ DW_AT_decl_line
	.byte	5                               @ DW_FORM_data2
	.byte	56                              @ DW_AT_data_member_location
	.byte	11                              @ DW_FORM_data1
	.byte	0                               @ EOM(1)
	.byte	0                               @ EOM(2)
	.byte	9                               @ Abbreviation Code
	.byte	23                              @ DW_TAG_union_type
	.byte	1                               @ DW_CHILDREN_yes
	.byte	11                              @ DW_AT_byte_size
	.byte	11                              @ DW_FORM_data1
	.byte	58                              @ DW_AT_decl_file
	.byte	11                              @ DW_FORM_data1
	.byte	59                              @ DW_AT_decl_line
	.byte	5                               @ DW_FORM_data2
	.byte	0                               @ EOM(1)
	.byte	0                               @ EOM(2)
	.byte	10                              @ Abbreviation Code
	.byte	13                              @ DW_TAG_member
	.byte	0                               @ DW_CHILDREN_no
	.byte	3                               @ DW_AT_name
	.byte	14                              @ DW_FORM_strp
	.byte	73                              @ DW_AT_type
	.byte	19                              @ DW_FORM_ref4
	.byte	58                              @ DW_AT_decl_file
	.byte	11                              @ DW_FORM_data1
	.byte	59                              @ DW_AT_decl_line
	.byte	5                               @ DW_FORM_data2
	.byte	56                              @ DW_AT_data_member_location
	.byte	11                              @ DW_FORM_data1
	.byte	0                               @ EOM(1)
	.byte	0                               @ EOM(2)
	.byte	11                              @ Abbreviation Code
	.byte	53                              @ DW_TAG_volatile_type
	.byte	0                               @ DW_CHILDREN_no
	.byte	73                              @ DW_AT_type
	.byte	19                              @ DW_FORM_ref4
	.byte	0                               @ EOM(1)
	.byte	0                               @ EOM(2)
	.byte	12                              @ Abbreviation Code
	.byte	22                              @ DW_TAG_typedef
	.byte	0                               @ DW_CHILDREN_no
	.byte	73                              @ DW_AT_type
	.byte	19                              @ DW_FORM_ref4
	.byte	3                               @ DW_AT_name
	.byte	14                              @ DW_FORM_strp
	.byte	58                              @ DW_AT_decl_file
	.byte	11                              @ DW_FORM_data1
	.byte	59                              @ DW_AT_decl_line
	.byte	11                              @ DW_FORM_data1
	.byte	0                               @ EOM(1)
	.byte	0                               @ EOM(2)
	.byte	13                              @ Abbreviation Code
	.byte	19                              @ DW_TAG_structure_type
	.byte	1                               @ DW_CHILDREN_yes
	.byte	11                              @ DW_AT_byte_size
	.byte	11                              @ DW_FORM_data1
	.byte	58                              @ DW_AT_decl_file
	.byte	11                              @ DW_FORM_data1
	.byte	59                              @ DW_AT_decl_line
	.byte	5                               @ DW_FORM_data2
	.byte	0                               @ EOM(1)
	.byte	0                               @ EOM(2)
	.byte	14                              @ Abbreviation Code
	.byte	13                              @ DW_TAG_member
	.byte	0                               @ DW_CHILDREN_no
	.byte	3                               @ DW_AT_name
	.byte	14                              @ DW_FORM_strp
	.byte	73                              @ DW_AT_type
	.byte	19                              @ DW_FORM_ref4
	.byte	58                              @ DW_AT_decl_file
	.byte	11                              @ DW_FORM_data1
	.byte	59                              @ DW_AT_decl_line
	.byte	5                               @ DW_FORM_data2
	.byte	13                              @ DW_AT_bit_size
	.byte	11                              @ DW_FORM_data1
	.byte	107                             @ DW_AT_data_bit_offset
	.byte	11                              @ DW_FORM_data1
	.byte	0                               @ EOM(1)
	.byte	0                               @ EOM(2)
	.byte	15                              @ Abbreviation Code
	.byte	1                               @ DW_TAG_array_type
	.byte	1                               @ DW_CHILDREN_yes
	.byte	73                              @ DW_AT_type
	.byte	19                              @ DW_FORM_ref4
	.byte	0                               @ EOM(1)
	.byte	0                               @ EOM(2)
	.byte	16                              @ Abbreviation Code
	.byte	33                              @ DW_TAG_subrange_type
	.byte	0                               @ DW_CHILDREN_no
	.byte	73                              @ DW_AT_type
	.byte	19                              @ DW_FORM_ref4
	.byte	55                              @ DW_AT_count
	.byte	11                              @ DW_FORM_data1
	.byte	0                               @ EOM(1)
	.byte	0                               @ EOM(2)
	.byte	17                              @ Abbreviation Code
	.byte	36                              @ DW_TAG_base_type
	.byte	0                               @ DW_CHILDREN_no
	.byte	3                               @ DW_AT_name
	.byte	14                              @ DW_FORM_strp
	.byte	11                              @ DW_AT_byte_size
	.byte	11                              @ DW_FORM_data1
	.byte	62                              @ DW_AT_encoding
	.byte	11                              @ DW_FORM_data1
	.byte	0                               @ EOM(1)
	.byte	0                               @ EOM(2)
	.byte	18                              @ Abbreviation Code
	.byte	13                              @ DW_TAG_member
	.byte	0                               @ DW_CHILDREN_no
	.byte	3                               @ DW_AT_name
	.byte	14                              @ DW_FORM_strp
	.byte	73                              @ DW_AT_type
	.byte	19                              @ DW_FORM_ref4
	.byte	58                              @ DW_AT_decl_file
	.byte	11                              @ DW_FORM_data1
	.byte	59                              @ DW_AT_decl_line
	.byte	5                               @ DW_FORM_data2
	.byte	56                              @ DW_AT_data_member_location
	.byte	5                               @ DW_FORM_data2
	.byte	0                               @ EOM(1)
	.byte	0                               @ EOM(2)
	.byte	19                              @ Abbreviation Code
	.byte	38                              @ DW_TAG_const_type
	.byte	0                               @ DW_CHILDREN_no
	.byte	73                              @ DW_AT_type
	.byte	19                              @ DW_FORM_ref4
	.byte	0                               @ EOM(1)
	.byte	0                               @ EOM(2)
	.byte	20                              @ Abbreviation Code
	.byte	46                              @ DW_TAG_subprogram
	.byte	0                               @ DW_CHILDREN_no
	.byte	17                              @ DW_AT_low_pc
	.byte	1                               @ DW_FORM_addr
	.byte	18                              @ DW_AT_high_pc
	.byte	6                               @ DW_FORM_data4
	.byte	64                              @ DW_AT_frame_base
	.byte	24                              @ DW_FORM_exprloc
	.ascii	"\227B"                         @ DW_AT_GNU_all_call_sites
	.byte	25                              @ DW_FORM_flag_present
	.byte	3                               @ DW_AT_name
	.byte	14                              @ DW_FORM_strp
	.byte	58                              @ DW_AT_decl_file
	.byte	11                              @ DW_FORM_data1
	.byte	59                              @ DW_AT_decl_line
	.byte	11                              @ DW_FORM_data1
	.byte	39                              @ DW_AT_prototyped
	.byte	25                              @ DW_FORM_flag_present
	.byte	63                              @ DW_AT_external
	.byte	25                              @ DW_FORM_flag_present
	.byte	0                               @ EOM(1)
	.byte	0                               @ EOM(2)
	.byte	21                              @ Abbreviation Code
	.byte	46                              @ DW_TAG_subprogram
	.byte	1                               @ DW_CHILDREN_yes
	.byte	3                               @ DW_AT_name
	.byte	14                              @ DW_FORM_strp
	.byte	58                              @ DW_AT_decl_file
	.byte	11                              @ DW_FORM_data1
	.byte	59                              @ DW_AT_decl_line
	.byte	5                               @ DW_FORM_data2
	.byte	39                              @ DW_AT_prototyped
	.byte	25                              @ DW_FORM_flag_present
	.byte	32                              @ DW_AT_inline
	.byte	11                              @ DW_FORM_data1
	.byte	0                               @ EOM(1)
	.byte	0                               @ EOM(2)
	.byte	22                              @ Abbreviation Code
	.byte	5                               @ DW_TAG_formal_parameter
	.byte	0                               @ DW_CHILDREN_no
	.byte	3                               @ DW_AT_name
	.byte	14                              @ DW_FORM_strp
	.byte	58                              @ DW_AT_decl_file
	.byte	11                              @ DW_FORM_data1
	.byte	59                              @ DW_AT_decl_line
	.byte	5                               @ DW_FORM_data2
	.byte	73                              @ DW_AT_type
	.byte	19                              @ DW_FORM_ref4
	.byte	0                               @ EOM(1)
	.byte	0                               @ EOM(2)
	.byte	23                              @ Abbreviation Code
	.byte	46                              @ DW_TAG_subprogram
	.byte	1                               @ DW_CHILDREN_yes
	.byte	17                              @ DW_AT_low_pc
	.byte	1                               @ DW_FORM_addr
	.byte	18                              @ DW_AT_high_pc
	.byte	6                               @ DW_FORM_data4
	.byte	64                              @ DW_AT_frame_base
	.byte	24                              @ DW_FORM_exprloc
	.ascii	"\227B"                         @ DW_AT_GNU_all_call_sites
	.byte	25                              @ DW_FORM_flag_present
	.byte	3                               @ DW_AT_name
	.byte	14                              @ DW_FORM_strp
	.byte	58                              @ DW_AT_decl_file
	.byte	11                              @ DW_FORM_data1
	.byte	59                              @ DW_AT_decl_line
	.byte	11                              @ DW_FORM_data1
	.byte	39                              @ DW_AT_prototyped
	.byte	25                              @ DW_FORM_flag_present
	.byte	63                              @ DW_AT_external
	.byte	25                              @ DW_FORM_flag_present
	.byte	0                               @ EOM(1)
	.byte	0                               @ EOM(2)
	.byte	24                              @ Abbreviation Code
	.byte	5                               @ DW_TAG_formal_parameter
	.byte	0                               @ DW_CHILDREN_no
	.byte	2                               @ DW_AT_location
	.byte	23                              @ DW_FORM_sec_offset
	.byte	3                               @ DW_AT_name
	.byte	14                              @ DW_FORM_strp
	.byte	58                              @ DW_AT_decl_file
	.byte	11                              @ DW_FORM_data1
	.byte	59                              @ DW_AT_decl_line
	.byte	11                              @ DW_FORM_data1
	.byte	73                              @ DW_AT_type
	.byte	19                              @ DW_FORM_ref4
	.byte	0                               @ EOM(1)
	.byte	0                               @ EOM(2)
	.byte	25                              @ Abbreviation Code
	.byte	5                               @ DW_TAG_formal_parameter
	.byte	0                               @ DW_CHILDREN_no
	.byte	2                               @ DW_AT_location
	.byte	24                              @ DW_FORM_exprloc
	.byte	3                               @ DW_AT_name
	.byte	14                              @ DW_FORM_strp
	.byte	58                              @ DW_AT_decl_file
	.byte	11                              @ DW_FORM_data1
	.byte	59                              @ DW_AT_decl_line
	.byte	11                              @ DW_FORM_data1
	.byte	73                              @ DW_AT_type
	.byte	19                              @ DW_FORM_ref4
	.byte	0                               @ EOM(1)
	.byte	0                               @ EOM(2)
	.byte	26                              @ Abbreviation Code
	.byte	52                              @ DW_TAG_variable
	.byte	0                               @ DW_CHILDREN_no
	.byte	2                               @ DW_AT_location
	.byte	23                              @ DW_FORM_sec_offset
	.byte	3                               @ DW_AT_name
	.byte	14                              @ DW_FORM_strp
	.byte	58                              @ DW_AT_decl_file
	.byte	11                              @ DW_FORM_data1
	.byte	59                              @ DW_AT_decl_line
	.byte	11                              @ DW_FORM_data1
	.byte	73                              @ DW_AT_type
	.byte	19                              @ DW_FORM_ref4
	.byte	0                               @ EOM(1)
	.byte	0                               @ EOM(2)
	.byte	27                              @ Abbreviation Code
	.byte	29                              @ DW_TAG_inlined_subroutine
	.byte	1                               @ DW_CHILDREN_yes
	.byte	49                              @ DW_AT_abstract_origin
	.byte	19                              @ DW_FORM_ref4
	.byte	17                              @ DW_AT_low_pc
	.byte	1                               @ DW_FORM_addr
	.byte	18                              @ DW_AT_high_pc
	.byte	6                               @ DW_FORM_data4
	.byte	88                              @ DW_AT_call_file
	.byte	11                              @ DW_FORM_data1
	.byte	89                              @ DW_AT_call_line
	.byte	11                              @ DW_FORM_data1
	.byte	87                              @ DW_AT_call_column
	.byte	11                              @ DW_FORM_data1
	.byte	0                               @ EOM(1)
	.byte	0                               @ EOM(2)
	.byte	28                              @ Abbreviation Code
	.byte	5                               @ DW_TAG_formal_parameter
	.byte	0                               @ DW_CHILDREN_no
	.byte	2                               @ DW_AT_location
	.byte	24                              @ DW_FORM_exprloc
	.byte	49                              @ DW_AT_abstract_origin
	.byte	19                              @ DW_FORM_ref4
	.byte	0                               @ EOM(1)
	.byte	0                               @ EOM(2)
	.byte	29                              @ Abbreviation Code
	.byte	5                               @ DW_TAG_formal_parameter
	.byte	0                               @ DW_CHILDREN_no
	.byte	2                               @ DW_AT_location
	.byte	23                              @ DW_FORM_sec_offset
	.byte	49                              @ DW_AT_abstract_origin
	.byte	19                              @ DW_FORM_ref4
	.byte	0                               @ EOM(1)
	.byte	0                               @ EOM(2)
	.byte	30                              @ Abbreviation Code
	.byte	29                              @ DW_TAG_inlined_subroutine
	.byte	0                               @ DW_CHILDREN_no
	.byte	49                              @ DW_AT_abstract_origin
	.byte	19                              @ DW_FORM_ref4
	.byte	17                              @ DW_AT_low_pc
	.byte	1                               @ DW_FORM_addr
	.byte	18                              @ DW_AT_high_pc
	.byte	6                               @ DW_FORM_data4
	.byte	88                              @ DW_AT_call_file
	.byte	11                              @ DW_FORM_data1
	.byte	89                              @ DW_AT_call_line
	.byte	11                              @ DW_FORM_data1
	.byte	87                              @ DW_AT_call_column
	.byte	11                              @ DW_FORM_data1
	.byte	0                               @ EOM(1)
	.byte	0                               @ EOM(2)
	.byte	0                               @ EOM(3)
	.section	.debug_info,"",%progbits
.Lcu_begin0:
	.long	.Ldebug_info_end0-.Ldebug_info_start0 @ Length of Unit
.Ldebug_info_start0:
	.short	4                               @ DWARF version number
	.long	.debug_abbrev                   @ Offset Into Abbrev. Section
	.byte	4                               @ Address Size (in bytes)
	.byte	1                               @ Abbrev [1] 0xb:0xfbe DW_TAG_compile_unit
	.long	.Linfo_string0                  @ DW_AT_producer
	.short	12                              @ DW_AT_language
	.long	.Linfo_string1                  @ DW_AT_name
	.long	.Lline_table_start0             @ DW_AT_stmt_list
	.long	.Linfo_string2                  @ DW_AT_comp_dir
	.long	0                               @ DW_AT_low_pc
	.long	.Ldebug_ranges0                 @ DW_AT_ranges
	.byte	2                               @ Abbrev [2] 0x26:0x6d DW_TAG_enumeration_type
	.long	147                             @ DW_AT_type
	.long	.Linfo_string20                 @ DW_AT_name
	.byte	1                               @ DW_AT_byte_size
	.byte	1                               @ DW_AT_decl_file
	.byte	70                              @ DW_AT_decl_line
	.byte	3                               @ Abbrev [3] 0x32:0x6 DW_TAG_enumerator
	.long	.Linfo_string4                  @ DW_AT_name
	.byte	114                             @ DW_AT_const_value
	.byte	3                               @ Abbrev [3] 0x38:0x6 DW_TAG_enumerator
	.long	.Linfo_string5                  @ DW_AT_name
	.byte	115                             @ DW_AT_const_value
	.byte	3                               @ Abbrev [3] 0x3e:0x6 DW_TAG_enumerator
	.long	.Linfo_string6                  @ DW_AT_name
	.byte	123                             @ DW_AT_const_value
	.byte	3                               @ Abbrev [3] 0x44:0x6 DW_TAG_enumerator
	.long	.Linfo_string7                  @ DW_AT_name
	.byte	126                             @ DW_AT_const_value
	.byte	3                               @ Abbrev [3] 0x4a:0x6 DW_TAG_enumerator
	.long	.Linfo_string8                  @ DW_AT_name
	.byte	127                             @ DW_AT_const_value
	.byte	3                               @ Abbrev [3] 0x50:0x6 DW_TAG_enumerator
	.long	.Linfo_string9                  @ DW_AT_name
	.byte	0                               @ DW_AT_const_value
	.byte	3                               @ Abbrev [3] 0x56:0x6 DW_TAG_enumerator
	.long	.Linfo_string10                 @ DW_AT_name
	.byte	1                               @ DW_AT_const_value
	.byte	3                               @ Abbrev [3] 0x5c:0x6 DW_TAG_enumerator
	.long	.Linfo_string11                 @ DW_AT_name
	.byte	2                               @ DW_AT_const_value
	.byte	3                               @ Abbrev [3] 0x62:0x6 DW_TAG_enumerator
	.long	.Linfo_string12                 @ DW_AT_name
	.byte	3                               @ DW_AT_const_value
	.byte	3                               @ Abbrev [3] 0x68:0x6 DW_TAG_enumerator
	.long	.Linfo_string13                 @ DW_AT_name
	.byte	4                               @ DW_AT_const_value
	.byte	3                               @ Abbrev [3] 0x6e:0x6 DW_TAG_enumerator
	.long	.Linfo_string14                 @ DW_AT_name
	.byte	5                               @ DW_AT_const_value
	.byte	3                               @ Abbrev [3] 0x74:0x6 DW_TAG_enumerator
	.long	.Linfo_string15                 @ DW_AT_name
	.byte	6                               @ DW_AT_const_value
	.byte	3                               @ Abbrev [3] 0x7a:0x6 DW_TAG_enumerator
	.long	.Linfo_string16                 @ DW_AT_name
	.byte	7                               @ DW_AT_const_value
	.byte	3                               @ Abbrev [3] 0x80:0x6 DW_TAG_enumerator
	.long	.Linfo_string17                 @ DW_AT_name
	.byte	8                               @ DW_AT_const_value
	.byte	3                               @ Abbrev [3] 0x86:0x6 DW_TAG_enumerator
	.long	.Linfo_string18                 @ DW_AT_name
	.byte	9                               @ DW_AT_const_value
	.byte	3                               @ Abbrev [3] 0x8c:0x6 DW_TAG_enumerator
	.long	.Linfo_string19                 @ DW_AT_name
	.byte	10                              @ DW_AT_const_value
	.byte	0                               @ End Of Children Mark
	.byte	4                               @ Abbrev [4] 0x93:0x7 DW_TAG_base_type
	.long	.Linfo_string3                  @ DW_AT_name
	.byte	6                               @ DW_AT_encoding
	.byte	1                               @ DW_AT_byte_size
	.byte	5                               @ Abbrev [5] 0x9a:0x5 DW_TAG_pointer_type
	.long	159                             @ DW_AT_type
	.byte	6                               @ Abbrev [6] 0x9f:0xc DW_TAG_typedef
	.long	171                             @ DW_AT_type
	.long	.Linfo_string165                @ DW_AT_name
	.byte	3                               @ DW_AT_decl_file
	.short	766                             @ DW_AT_decl_line
	.byte	7                               @ Abbrev [7] 0xab:0x415 DW_TAG_structure_type
	.short	256                             @ DW_AT_byte_size
	.byte	3                               @ DW_AT_decl_file
	.short	612                             @ DW_AT_decl_line
	.byte	8                               @ Abbrev [8] 0xb1:0x9 DW_TAG_member
	.long	186                             @ DW_AT_type
	.byte	3                               @ DW_AT_decl_file
	.short	614                             @ DW_AT_decl_line
	.byte	0                               @ DW_AT_data_member_location
	.byte	9                               @ Abbrev [9] 0xba:0x20 DW_TAG_union_type
	.byte	4                               @ DW_AT_byte_size
	.byte	3                               @ DW_AT_decl_file
	.short	614                             @ DW_AT_decl_line
	.byte	10                              @ Abbrev [10] 0xbf:0xd DW_TAG_member
	.long	.Linfo_string21                 @ DW_AT_name
	.long	1216                            @ DW_AT_type
	.byte	3                               @ DW_AT_decl_file
	.short	616                             @ DW_AT_decl_line
	.byte	0                               @ DW_AT_data_member_location
	.byte	10                              @ Abbrev [10] 0xcc:0xd DW_TAG_member
	.long	.Linfo_string24                 @ DW_AT_name
	.long	1239                            @ DW_AT_type
	.byte	3                               @ DW_AT_decl_file
	.short	617                             @ DW_AT_decl_line
	.byte	0                               @ DW_AT_data_member_location
	.byte	0                               @ End Of Children Mark
	.byte	8                               @ Abbrev [8] 0xda:0x9 DW_TAG_member
	.long	227                             @ DW_AT_type
	.byte	3                               @ DW_AT_decl_file
	.short	620                             @ DW_AT_decl_line
	.byte	4                               @ DW_AT_data_member_location
	.byte	9                               @ Abbrev [9] 0xe3:0x20 DW_TAG_union_type
	.byte	4                               @ DW_AT_byte_size
	.byte	3                               @ DW_AT_decl_file
	.short	620                             @ DW_AT_decl_line
	.byte	10                              @ Abbrev [10] 0xe8:0xd DW_TAG_member
	.long	.Linfo_string28                 @ DW_AT_name
	.long	1216                            @ DW_AT_type
	.byte	3                               @ DW_AT_decl_file
	.short	622                             @ DW_AT_decl_line
	.byte	0                               @ DW_AT_data_member_location
	.byte	10                              @ Abbrev [10] 0xf5:0xd DW_TAG_member
	.long	.Linfo_string29                 @ DW_AT_name
	.long	1290                            @ DW_AT_type
	.byte	3                               @ DW_AT_decl_file
	.short	623                             @ DW_AT_decl_line
	.byte	0                               @ DW_AT_data_member_location
	.byte	0                               @ End Of Children Mark
	.byte	8                               @ Abbrev [8] 0x103:0x9 DW_TAG_member
	.long	268                             @ DW_AT_type
	.byte	3                               @ DW_AT_decl_file
	.short	626                             @ DW_AT_decl_line
	.byte	8                               @ DW_AT_data_member_location
	.byte	9                               @ Abbrev [9] 0x10c:0x20 DW_TAG_union_type
	.byte	4                               @ DW_AT_byte_size
	.byte	3                               @ DW_AT_decl_file
	.short	626                             @ DW_AT_decl_line
	.byte	10                              @ Abbrev [10] 0x111:0xd DW_TAG_member
	.long	.Linfo_string37                 @ DW_AT_name
	.long	1216                            @ DW_AT_type
	.byte	3                               @ DW_AT_decl_file
	.short	628                             @ DW_AT_decl_line
	.byte	0                               @ DW_AT_data_member_location
	.byte	10                              @ Abbrev [10] 0x11e:0xd DW_TAG_member
	.long	.Linfo_string38                 @ DW_AT_name
	.long	1411                            @ DW_AT_type
	.byte	3                               @ DW_AT_decl_file
	.short	629                             @ DW_AT_decl_line
	.byte	0                               @ DW_AT_data_member_location
	.byte	0                               @ End Of Children Mark
	.byte	8                               @ Abbrev [8] 0x12c:0x9 DW_TAG_member
	.long	309                             @ DW_AT_type
	.byte	3                               @ DW_AT_decl_file
	.short	632                             @ DW_AT_decl_line
	.byte	12                              @ DW_AT_data_member_location
	.byte	9                               @ Abbrev [9] 0x135:0x20 DW_TAG_union_type
	.byte	4                               @ DW_AT_byte_size
	.byte	3                               @ DW_AT_decl_file
	.short	632                             @ DW_AT_decl_line
	.byte	10                              @ Abbrev [10] 0x13a:0xd DW_TAG_member
	.long	.Linfo_string41                 @ DW_AT_name
	.long	1216                            @ DW_AT_type
	.byte	3                               @ DW_AT_decl_file
	.short	634                             @ DW_AT_decl_line
	.byte	0                               @ DW_AT_data_member_location
	.byte	10                              @ Abbrev [10] 0x147:0xd DW_TAG_member
	.long	.Linfo_string42                 @ DW_AT_name
	.long	1462                            @ DW_AT_type
	.byte	3                               @ DW_AT_decl_file
	.short	635                             @ DW_AT_decl_line
	.byte	0                               @ DW_AT_data_member_location
	.byte	0                               @ End Of Children Mark
	.byte	8                               @ Abbrev [8] 0x155:0x9 DW_TAG_member
	.long	350                             @ DW_AT_type
	.byte	3                               @ DW_AT_decl_file
	.short	638                             @ DW_AT_decl_line
	.byte	16                              @ DW_AT_data_member_location
	.byte	9                               @ Abbrev [9] 0x15e:0x20 DW_TAG_union_type
	.byte	4                               @ DW_AT_byte_size
	.byte	3                               @ DW_AT_decl_file
	.short	638                             @ DW_AT_decl_line
	.byte	10                              @ Abbrev [10] 0x163:0xd DW_TAG_member
	.long	.Linfo_string48                 @ DW_AT_name
	.long	1216                            @ DW_AT_type
	.byte	3                               @ DW_AT_decl_file
	.short	640                             @ DW_AT_decl_line
	.byte	0                               @ DW_AT_data_member_location
	.byte	10                              @ Abbrev [10] 0x170:0xd DW_TAG_member
	.long	.Linfo_string49                 @ DW_AT_name
	.long	1583                            @ DW_AT_type
	.byte	3                               @ DW_AT_decl_file
	.short	641                             @ DW_AT_decl_line
	.byte	0                               @ DW_AT_data_member_location
	.byte	0                               @ End Of Children Mark
	.byte	8                               @ Abbrev [8] 0x17e:0x9 DW_TAG_member
	.long	391                             @ DW_AT_type
	.byte	3                               @ DW_AT_decl_file
	.short	644                             @ DW_AT_decl_line
	.byte	20                              @ DW_AT_data_member_location
	.byte	9                               @ Abbrev [9] 0x187:0x20 DW_TAG_union_type
	.byte	4                               @ DW_AT_byte_size
	.byte	3                               @ DW_AT_decl_file
	.short	644                             @ DW_AT_decl_line
	.byte	10                              @ Abbrev [10] 0x18c:0xd DW_TAG_member
	.long	.Linfo_string54                 @ DW_AT_name
	.long	1216                            @ DW_AT_type
	.byte	3                               @ DW_AT_decl_file
	.short	646                             @ DW_AT_decl_line
	.byte	0                               @ DW_AT_data_member_location
	.byte	10                              @ Abbrev [10] 0x199:0xd DW_TAG_member
	.long	.Linfo_string55                 @ DW_AT_name
	.long	1690                            @ DW_AT_type
	.byte	3                               @ DW_AT_decl_file
	.short	647                             @ DW_AT_decl_line
	.byte	0                               @ DW_AT_data_member_location
	.byte	0                               @ End Of Children Mark
	.byte	8                               @ Abbrev [8] 0x1a7:0x9 DW_TAG_member
	.long	432                             @ DW_AT_type
	.byte	3                               @ DW_AT_decl_file
	.short	650                             @ DW_AT_decl_line
	.byte	24                              @ DW_AT_data_member_location
	.byte	9                               @ Abbrev [9] 0x1b0:0x20 DW_TAG_union_type
	.byte	4                               @ DW_AT_byte_size
	.byte	3                               @ DW_AT_decl_file
	.short	650                             @ DW_AT_decl_line
	.byte	10                              @ Abbrev [10] 0x1b5:0xd DW_TAG_member
	.long	.Linfo_string59                 @ DW_AT_name
	.long	1216                            @ DW_AT_type
	.byte	3                               @ DW_AT_decl_file
	.short	652                             @ DW_AT_decl_line
	.byte	0                               @ DW_AT_data_member_location
	.byte	10                              @ Abbrev [10] 0x1c2:0xd DW_TAG_member
	.long	.Linfo_string60                 @ DW_AT_name
	.long	1769                            @ DW_AT_type
	.byte	3                               @ DW_AT_decl_file
	.short	653                             @ DW_AT_decl_line
	.byte	0                               @ DW_AT_data_member_location
	.byte	0                               @ End Of Children Mark
	.byte	8                               @ Abbrev [8] 0x1d0:0x9 DW_TAG_member
	.long	473                             @ DW_AT_type
	.byte	3                               @ DW_AT_decl_file
	.short	656                             @ DW_AT_decl_line
	.byte	28                              @ DW_AT_data_member_location
	.byte	9                               @ Abbrev [9] 0x1d9:0x20 DW_TAG_union_type
	.byte	4                               @ DW_AT_byte_size
	.byte	3                               @ DW_AT_decl_file
	.short	656                             @ DW_AT_decl_line
	.byte	10                              @ Abbrev [10] 0x1de:0xd DW_TAG_member
	.long	.Linfo_string64                 @ DW_AT_name
	.long	1216                            @ DW_AT_type
	.byte	3                               @ DW_AT_decl_file
	.short	658                             @ DW_AT_decl_line
	.byte	0                               @ DW_AT_data_member_location
	.byte	10                              @ Abbrev [10] 0x1eb:0xd DW_TAG_member
	.long	.Linfo_string65                 @ DW_AT_name
	.long	1848                            @ DW_AT_type
	.byte	3                               @ DW_AT_decl_file
	.short	659                             @ DW_AT_decl_line
	.byte	0                               @ DW_AT_data_member_location
	.byte	0                               @ End Of Children Mark
	.byte	8                               @ Abbrev [8] 0x1f9:0x9 DW_TAG_member
	.long	514                             @ DW_AT_type
	.byte	3                               @ DW_AT_decl_file
	.short	662                             @ DW_AT_decl_line
	.byte	32                              @ DW_AT_data_member_location
	.byte	9                               @ Abbrev [9] 0x202:0x20 DW_TAG_union_type
	.byte	4                               @ DW_AT_byte_size
	.byte	3                               @ DW_AT_decl_file
	.short	662                             @ DW_AT_decl_line
	.byte	10                              @ Abbrev [10] 0x207:0xd DW_TAG_member
	.long	.Linfo_string68                 @ DW_AT_name
	.long	1216                            @ DW_AT_type
	.byte	3                               @ DW_AT_decl_file
	.short	664                             @ DW_AT_decl_line
	.byte	0                               @ DW_AT_data_member_location
	.byte	10                              @ Abbrev [10] 0x214:0xd DW_TAG_member
	.long	.Linfo_string69                 @ DW_AT_name
	.long	1899                            @ DW_AT_type
	.byte	3                               @ DW_AT_decl_file
	.short	665                             @ DW_AT_decl_line
	.byte	0                               @ DW_AT_data_member_location
	.byte	0                               @ End Of Children Mark
	.byte	8                               @ Abbrev [8] 0x222:0x9 DW_TAG_member
	.long	555                             @ DW_AT_type
	.byte	3                               @ DW_AT_decl_file
	.short	668                             @ DW_AT_decl_line
	.byte	36                              @ DW_AT_data_member_location
	.byte	9                               @ Abbrev [9] 0x22b:0x20 DW_TAG_union_type
	.byte	4                               @ DW_AT_byte_size
	.byte	3                               @ DW_AT_decl_file
	.short	668                             @ DW_AT_decl_line
	.byte	10                              @ Abbrev [10] 0x230:0xd DW_TAG_member
	.long	.Linfo_string72                 @ DW_AT_name
	.long	1216                            @ DW_AT_type
	.byte	3                               @ DW_AT_decl_file
	.short	670                             @ DW_AT_decl_line
	.byte	0                               @ DW_AT_data_member_location
	.byte	10                              @ Abbrev [10] 0x23d:0xd DW_TAG_member
	.long	.Linfo_string73                 @ DW_AT_name
	.long	1950                            @ DW_AT_type
	.byte	3                               @ DW_AT_decl_file
	.short	671                             @ DW_AT_decl_line
	.byte	0                               @ DW_AT_data_member_location
	.byte	0                               @ End Of Children Mark
	.byte	8                               @ Abbrev [8] 0x24b:0x9 DW_TAG_member
	.long	596                             @ DW_AT_type
	.byte	3                               @ DW_AT_decl_file
	.short	674                             @ DW_AT_decl_line
	.byte	40                              @ DW_AT_data_member_location
	.byte	9                               @ Abbrev [9] 0x254:0x20 DW_TAG_union_type
	.byte	4                               @ DW_AT_byte_size
	.byte	3                               @ DW_AT_decl_file
	.short	674                             @ DW_AT_decl_line
	.byte	10                              @ Abbrev [10] 0x259:0xd DW_TAG_member
	.long	.Linfo_string78                 @ DW_AT_name
	.long	1216                            @ DW_AT_type
	.byte	3                               @ DW_AT_decl_file
	.short	676                             @ DW_AT_decl_line
	.byte	0                               @ DW_AT_data_member_location
	.byte	10                              @ Abbrev [10] 0x266:0xd DW_TAG_member
	.long	.Linfo_string79                 @ DW_AT_name
	.long	2057                            @ DW_AT_type
	.byte	3                               @ DW_AT_decl_file
	.short	677                             @ DW_AT_decl_line
	.byte	0                               @ DW_AT_data_member_location
	.byte	0                               @ End Of Children Mark
	.byte	8                               @ Abbrev [8] 0x274:0x9 DW_TAG_member
	.long	637                             @ DW_AT_type
	.byte	3                               @ DW_AT_decl_file
	.short	680                             @ DW_AT_decl_line
	.byte	44                              @ DW_AT_data_member_location
	.byte	9                               @ Abbrev [9] 0x27d:0x20 DW_TAG_union_type
	.byte	4                               @ DW_AT_byte_size
	.byte	3                               @ DW_AT_decl_file
	.short	680                             @ DW_AT_decl_line
	.byte	10                              @ Abbrev [10] 0x282:0xd DW_TAG_member
	.long	.Linfo_string86                 @ DW_AT_name
	.long	1216                            @ DW_AT_type
	.byte	3                               @ DW_AT_decl_file
	.short	682                             @ DW_AT_decl_line
	.byte	0                               @ DW_AT_data_member_location
	.byte	10                              @ Abbrev [10] 0x28f:0xd DW_TAG_member
	.long	.Linfo_string87                 @ DW_AT_name
	.long	2164                            @ DW_AT_type
	.byte	3                               @ DW_AT_decl_file
	.short	683                             @ DW_AT_decl_line
	.byte	0                               @ DW_AT_data_member_location
	.byte	0                               @ End Of Children Mark
	.byte	8                               @ Abbrev [8] 0x29d:0x9 DW_TAG_member
	.long	678                             @ DW_AT_type
	.byte	3                               @ DW_AT_decl_file
	.short	686                             @ DW_AT_decl_line
	.byte	48                              @ DW_AT_data_member_location
	.byte	9                               @ Abbrev [9] 0x2a6:0x20 DW_TAG_union_type
	.byte	4                               @ DW_AT_byte_size
	.byte	3                               @ DW_AT_decl_file
	.short	686                             @ DW_AT_decl_line
	.byte	10                              @ Abbrev [10] 0x2ab:0xd DW_TAG_member
	.long	.Linfo_string94                 @ DW_AT_name
	.long	1216                            @ DW_AT_type
	.byte	3                               @ DW_AT_decl_file
	.short	688                             @ DW_AT_decl_line
	.byte	0                               @ DW_AT_data_member_location
	.byte	10                              @ Abbrev [10] 0x2b8:0xd DW_TAG_member
	.long	.Linfo_string95                 @ DW_AT_name
	.long	2271                            @ DW_AT_type
	.byte	3                               @ DW_AT_decl_file
	.short	689                             @ DW_AT_decl_line
	.byte	0                               @ DW_AT_data_member_location
	.byte	0                               @ End Of Children Mark
	.byte	8                               @ Abbrev [8] 0x2c6:0x9 DW_TAG_member
	.long	719                             @ DW_AT_type
	.byte	3                               @ DW_AT_decl_file
	.short	692                             @ DW_AT_decl_line
	.byte	52                              @ DW_AT_data_member_location
	.byte	9                               @ Abbrev [9] 0x2cf:0x20 DW_TAG_union_type
	.byte	4                               @ DW_AT_byte_size
	.byte	3                               @ DW_AT_decl_file
	.short	692                             @ DW_AT_decl_line
	.byte	10                              @ Abbrev [10] 0x2d4:0xd DW_TAG_member
	.long	.Linfo_string102                @ DW_AT_name
	.long	1216                            @ DW_AT_type
	.byte	3                               @ DW_AT_decl_file
	.short	694                             @ DW_AT_decl_line
	.byte	0                               @ DW_AT_data_member_location
	.byte	10                              @ Abbrev [10] 0x2e1:0xd DW_TAG_member
	.long	.Linfo_string103                @ DW_AT_name
	.long	2378                            @ DW_AT_type
	.byte	3                               @ DW_AT_decl_file
	.short	695                             @ DW_AT_decl_line
	.byte	0                               @ DW_AT_data_member_location
	.byte	0                               @ End Of Children Mark
	.byte	8                               @ Abbrev [8] 0x2ef:0x9 DW_TAG_member
	.long	760                             @ DW_AT_type
	.byte	3                               @ DW_AT_decl_file
	.short	698                             @ DW_AT_decl_line
	.byte	56                              @ DW_AT_data_member_location
	.byte	9                               @ Abbrev [9] 0x2f8:0x20 DW_TAG_union_type
	.byte	4                               @ DW_AT_byte_size
	.byte	3                               @ DW_AT_decl_file
	.short	698                             @ DW_AT_decl_line
	.byte	10                              @ Abbrev [10] 0x2fd:0xd DW_TAG_member
	.long	.Linfo_string110                @ DW_AT_name
	.long	1216                            @ DW_AT_type
	.byte	3                               @ DW_AT_decl_file
	.short	700                             @ DW_AT_decl_line
	.byte	0                               @ DW_AT_data_member_location
	.byte	10                              @ Abbrev [10] 0x30a:0xd DW_TAG_member
	.long	.Linfo_string111                @ DW_AT_name
	.long	2485                            @ DW_AT_type
	.byte	3                               @ DW_AT_decl_file
	.short	701                             @ DW_AT_decl_line
	.byte	0                               @ DW_AT_data_member_location
	.byte	0                               @ End Of Children Mark
	.byte	8                               @ Abbrev [8] 0x318:0x9 DW_TAG_member
	.long	801                             @ DW_AT_type
	.byte	3                               @ DW_AT_decl_file
	.short	704                             @ DW_AT_decl_line
	.byte	60                              @ DW_AT_data_member_location
	.byte	9                               @ Abbrev [9] 0x321:0x20 DW_TAG_union_type
	.byte	4                               @ DW_AT_byte_size
	.byte	3                               @ DW_AT_decl_file
	.short	704                             @ DW_AT_decl_line
	.byte	10                              @ Abbrev [10] 0x326:0xd DW_TAG_member
	.long	.Linfo_string117                @ DW_AT_name
	.long	1216                            @ DW_AT_type
	.byte	3                               @ DW_AT_decl_file
	.short	706                             @ DW_AT_decl_line
	.byte	0                               @ DW_AT_data_member_location
	.byte	10                              @ Abbrev [10] 0x333:0xd DW_TAG_member
	.long	.Linfo_string118                @ DW_AT_name
	.long	2592                            @ DW_AT_type
	.byte	3                               @ DW_AT_decl_file
	.short	707                             @ DW_AT_decl_line
	.byte	0                               @ DW_AT_data_member_location
	.byte	0                               @ End Of Children Mark
	.byte	8                               @ Abbrev [8] 0x341:0x9 DW_TAG_member
	.long	842                             @ DW_AT_type
	.byte	3                               @ DW_AT_decl_file
	.short	710                             @ DW_AT_decl_line
	.byte	64                              @ DW_AT_data_member_location
	.byte	9                               @ Abbrev [9] 0x34a:0x20 DW_TAG_union_type
	.byte	4                               @ DW_AT_byte_size
	.byte	3                               @ DW_AT_decl_file
	.short	710                             @ DW_AT_decl_line
	.byte	10                              @ Abbrev [10] 0x34f:0xd DW_TAG_member
	.long	.Linfo_string122                @ DW_AT_name
	.long	1216                            @ DW_AT_type
	.byte	3                               @ DW_AT_decl_file
	.short	712                             @ DW_AT_decl_line
	.byte	0                               @ DW_AT_data_member_location
	.byte	10                              @ Abbrev [10] 0x35c:0xd DW_TAG_member
	.long	.Linfo_string123                @ DW_AT_name
	.long	2671                            @ DW_AT_type
	.byte	3                               @ DW_AT_decl_file
	.short	713                             @ DW_AT_decl_line
	.byte	0                               @ DW_AT_data_member_location
	.byte	0                               @ End Of Children Mark
	.byte	8                               @ Abbrev [8] 0x36a:0x9 DW_TAG_member
	.long	883                             @ DW_AT_type
	.byte	3                               @ DW_AT_decl_file
	.short	716                             @ DW_AT_decl_line
	.byte	68                              @ DW_AT_data_member_location
	.byte	9                               @ Abbrev [9] 0x373:0x20 DW_TAG_union_type
	.byte	4                               @ DW_AT_byte_size
	.byte	3                               @ DW_AT_decl_file
	.short	716                             @ DW_AT_decl_line
	.byte	10                              @ Abbrev [10] 0x378:0xd DW_TAG_member
	.long	.Linfo_string126                @ DW_AT_name
	.long	1216                            @ DW_AT_type
	.byte	3                               @ DW_AT_decl_file
	.short	718                             @ DW_AT_decl_line
	.byte	0                               @ DW_AT_data_member_location
	.byte	10                              @ Abbrev [10] 0x385:0xd DW_TAG_member
	.long	.Linfo_string127                @ DW_AT_name
	.long	2722                            @ DW_AT_type
	.byte	3                               @ DW_AT_decl_file
	.short	719                             @ DW_AT_decl_line
	.byte	0                               @ DW_AT_data_member_location
	.byte	0                               @ End Of Children Mark
	.byte	8                               @ Abbrev [8] 0x393:0x9 DW_TAG_member
	.long	924                             @ DW_AT_type
	.byte	3                               @ DW_AT_decl_file
	.short	722                             @ DW_AT_decl_line
	.byte	72                              @ DW_AT_data_member_location
	.byte	9                               @ Abbrev [9] 0x39c:0x20 DW_TAG_union_type
	.byte	4                               @ DW_AT_byte_size
	.byte	3                               @ DW_AT_decl_file
	.short	722                             @ DW_AT_decl_line
	.byte	10                              @ Abbrev [10] 0x3a1:0xd DW_TAG_member
	.long	.Linfo_string130                @ DW_AT_name
	.long	1216                            @ DW_AT_type
	.byte	3                               @ DW_AT_decl_file
	.short	724                             @ DW_AT_decl_line
	.byte	0                               @ DW_AT_data_member_location
	.byte	10                              @ Abbrev [10] 0x3ae:0xd DW_TAG_member
	.long	.Linfo_string131                @ DW_AT_name
	.long	2773                            @ DW_AT_type
	.byte	3                               @ DW_AT_decl_file
	.short	725                             @ DW_AT_decl_line
	.byte	0                               @ DW_AT_data_member_location
	.byte	0                               @ End Of Children Mark
	.byte	8                               @ Abbrev [8] 0x3bc:0x9 DW_TAG_member
	.long	965                             @ DW_AT_type
	.byte	3                               @ DW_AT_decl_file
	.short	728                             @ DW_AT_decl_line
	.byte	76                              @ DW_AT_data_member_location
	.byte	9                               @ Abbrev [9] 0x3c5:0x20 DW_TAG_union_type
	.byte	4                               @ DW_AT_byte_size
	.byte	3                               @ DW_AT_decl_file
	.short	728                             @ DW_AT_decl_line
	.byte	10                              @ Abbrev [10] 0x3ca:0xd DW_TAG_member
	.long	.Linfo_string142                @ DW_AT_name
	.long	1216                            @ DW_AT_type
	.byte	3                               @ DW_AT_decl_file
	.short	730                             @ DW_AT_decl_line
	.byte	0                               @ DW_AT_data_member_location
	.byte	10                              @ Abbrev [10] 0x3d7:0xd DW_TAG_member
	.long	.Linfo_string143                @ DW_AT_name
	.long	2964                            @ DW_AT_type
	.byte	3                               @ DW_AT_decl_file
	.short	731                             @ DW_AT_decl_line
	.byte	0                               @ DW_AT_data_member_location
	.byte	0                               @ End Of Children Mark
	.byte	8                               @ Abbrev [8] 0x3e5:0x9 DW_TAG_member
	.long	1006                            @ DW_AT_type
	.byte	3                               @ DW_AT_decl_file
	.short	734                             @ DW_AT_decl_line
	.byte	80                              @ DW_AT_data_member_location
	.byte	9                               @ Abbrev [9] 0x3ee:0x20 DW_TAG_union_type
	.byte	4                               @ DW_AT_byte_size
	.byte	3                               @ DW_AT_decl_file
	.short	734                             @ DW_AT_decl_line
	.byte	10                              @ Abbrev [10] 0x3f3:0xd DW_TAG_member
	.long	.Linfo_string146                @ DW_AT_name
	.long	1216                            @ DW_AT_type
	.byte	3                               @ DW_AT_decl_file
	.short	736                             @ DW_AT_decl_line
	.byte	0                               @ DW_AT_data_member_location
	.byte	10                              @ Abbrev [10] 0x400:0xd DW_TAG_member
	.long	.Linfo_string147                @ DW_AT_name
	.long	3015                            @ DW_AT_type
	.byte	3                               @ DW_AT_decl_file
	.short	737                             @ DW_AT_decl_line
	.byte	0                               @ DW_AT_data_member_location
	.byte	0                               @ End Of Children Mark
	.byte	10                              @ Abbrev [10] 0x40e:0xd DW_TAG_member
	.long	.Linfo_string26                 @ DW_AT_name
	.long	3108                            @ DW_AT_type
	.byte	3                               @ DW_AT_decl_file
	.short	740                             @ DW_AT_decl_line
	.byte	84                              @ DW_AT_data_member_location
	.byte	8                               @ Abbrev [8] 0x41b:0x9 DW_TAG_member
	.long	1060                            @ DW_AT_type
	.byte	3                               @ DW_AT_decl_file
	.short	742                             @ DW_AT_decl_line
	.byte	240                             @ DW_AT_data_member_location
	.byte	9                               @ Abbrev [9] 0x424:0x20 DW_TAG_union_type
	.byte	4                               @ DW_AT_byte_size
	.byte	3                               @ DW_AT_decl_file
	.short	742                             @ DW_AT_decl_line
	.byte	10                              @ Abbrev [10] 0x429:0xd DW_TAG_member
	.long	.Linfo_string153                @ DW_AT_name
	.long	1216                            @ DW_AT_type
	.byte	3                               @ DW_AT_decl_file
	.short	744                             @ DW_AT_decl_line
	.byte	0                               @ DW_AT_data_member_location
	.byte	10                              @ Abbrev [10] 0x436:0xd DW_TAG_member
	.long	.Linfo_string154                @ DW_AT_name
	.long	3127                            @ DW_AT_type
	.byte	3                               @ DW_AT_decl_file
	.short	745                             @ DW_AT_decl_line
	.byte	0                               @ DW_AT_data_member_location
	.byte	0                               @ End Of Children Mark
	.byte	8                               @ Abbrev [8] 0x444:0x9 DW_TAG_member
	.long	1101                            @ DW_AT_type
	.byte	3                               @ DW_AT_decl_file
	.short	748                             @ DW_AT_decl_line
	.byte	244                             @ DW_AT_data_member_location
	.byte	9                               @ Abbrev [9] 0x44d:0x20 DW_TAG_union_type
	.byte	4                               @ DW_AT_byte_size
	.byte	3                               @ DW_AT_decl_file
	.short	748                             @ DW_AT_decl_line
	.byte	10                              @ Abbrev [10] 0x452:0xd DW_TAG_member
	.long	.Linfo_string156                @ DW_AT_name
	.long	1216                            @ DW_AT_type
	.byte	3                               @ DW_AT_decl_file
	.short	750                             @ DW_AT_decl_line
	.byte	0                               @ DW_AT_data_member_location
	.byte	10                              @ Abbrev [10] 0x45f:0xd DW_TAG_member
	.long	.Linfo_string157                @ DW_AT_name
	.long	3164                            @ DW_AT_type
	.byte	3                               @ DW_AT_decl_file
	.short	751                             @ DW_AT_decl_line
	.byte	0                               @ DW_AT_data_member_location
	.byte	0                               @ End Of Children Mark
	.byte	8                               @ Abbrev [8] 0x46d:0x9 DW_TAG_member
	.long	1142                            @ DW_AT_type
	.byte	3                               @ DW_AT_decl_file
	.short	754                             @ DW_AT_decl_line
	.byte	248                             @ DW_AT_data_member_location
	.byte	9                               @ Abbrev [9] 0x476:0x20 DW_TAG_union_type
	.byte	4                               @ DW_AT_byte_size
	.byte	3                               @ DW_AT_decl_file
	.short	754                             @ DW_AT_decl_line
	.byte	10                              @ Abbrev [10] 0x47b:0xd DW_TAG_member
	.long	.Linfo_string159                @ DW_AT_name
	.long	1216                            @ DW_AT_type
	.byte	3                               @ DW_AT_decl_file
	.short	756                             @ DW_AT_decl_line
	.byte	0                               @ DW_AT_data_member_location
	.byte	10                              @ Abbrev [10] 0x488:0xd DW_TAG_member
	.long	.Linfo_string160                @ DW_AT_name
	.long	3201                            @ DW_AT_type
	.byte	3                               @ DW_AT_decl_file
	.short	757                             @ DW_AT_decl_line
	.byte	0                               @ DW_AT_data_member_location
	.byte	0                               @ End Of Children Mark
	.byte	8                               @ Abbrev [8] 0x496:0x9 DW_TAG_member
	.long	1183                            @ DW_AT_type
	.byte	3                               @ DW_AT_decl_file
	.short	760                             @ DW_AT_decl_line
	.byte	252                             @ DW_AT_data_member_location
	.byte	9                               @ Abbrev [9] 0x49f:0x20 DW_TAG_union_type
	.byte	4                               @ DW_AT_byte_size
	.byte	3                               @ DW_AT_decl_file
	.short	760                             @ DW_AT_decl_line
	.byte	10                              @ Abbrev [10] 0x4a4:0xd DW_TAG_member
	.long	.Linfo_string162                @ DW_AT_name
	.long	1216                            @ DW_AT_type
	.byte	3                               @ DW_AT_decl_file
	.short	762                             @ DW_AT_decl_line
	.byte	0                               @ DW_AT_data_member_location
	.byte	10                              @ Abbrev [10] 0x4b1:0xd DW_TAG_member
	.long	.Linfo_string163                @ DW_AT_name
	.long	3252                            @ DW_AT_type
	.byte	3                               @ DW_AT_decl_file
	.short	763                             @ DW_AT_decl_line
	.byte	0                               @ DW_AT_data_member_location
	.byte	0                               @ End Of Children Mark
	.byte	0                               @ End Of Children Mark
	.byte	11                              @ Abbrev [11] 0x4c0:0x5 DW_TAG_volatile_type
	.long	1221                            @ DW_AT_type
	.byte	12                              @ Abbrev [12] 0x4c5:0xb DW_TAG_typedef
	.long	1232                            @ DW_AT_type
	.long	.Linfo_string23                 @ DW_AT_name
	.byte	2                               @ DW_AT_decl_file
	.byte	64                              @ DW_AT_decl_line
	.byte	4                               @ Abbrev [4] 0x4d0:0x7 DW_TAG_base_type
	.long	.Linfo_string22                 @ DW_AT_name
	.byte	7                               @ DW_AT_encoding
	.byte	4                               @ DW_AT_byte_size
	.byte	11                              @ Abbrev [11] 0x4d7:0x5 DW_TAG_volatile_type
	.long	1244                            @ DW_AT_type
	.byte	6                               @ Abbrev [6] 0x4dc:0xc DW_TAG_typedef
	.long	1256                            @ DW_AT_type
	.long	.Linfo_string27                 @ DW_AT_name
	.byte	3                               @ DW_AT_decl_file
	.short	410                             @ DW_AT_decl_line
	.byte	13                              @ Abbrev [13] 0x4e8:0x22 DW_TAG_structure_type
	.byte	4                               @ DW_AT_byte_size
	.byte	3                               @ DW_AT_decl_file
	.short	406                             @ DW_AT_decl_line
	.byte	14                              @ Abbrev [14] 0x4ed:0xe DW_TAG_member
	.long	.Linfo_string25                 @ DW_AT_name
	.long	1216                            @ DW_AT_type
	.byte	3                               @ DW_AT_decl_file
	.short	408                             @ DW_AT_decl_line
	.byte	2                               @ DW_AT_bit_size
	.byte	0                               @ DW_AT_data_bit_offset
	.byte	14                              @ Abbrev [14] 0x4fb:0xe DW_TAG_member
	.long	.Linfo_string26                 @ DW_AT_name
	.long	1216                            @ DW_AT_type
	.byte	3                               @ DW_AT_decl_file
	.short	409                             @ DW_AT_decl_line
	.byte	30                              @ DW_AT_bit_size
	.byte	2                               @ DW_AT_data_bit_offset
	.byte	0                               @ End Of Children Mark
	.byte	11                              @ Abbrev [11] 0x50a:0x5 DW_TAG_volatile_type
	.long	1295                            @ DW_AT_type
	.byte	6                               @ Abbrev [6] 0x50f:0xc DW_TAG_typedef
	.long	1307                            @ DW_AT_type
	.long	.Linfo_string36                 @ DW_AT_name
	.byte	3                               @ DW_AT_decl_file
	.short	421                             @ DW_AT_decl_line
	.byte	13                              @ Abbrev [13] 0x51b:0x68 DW_TAG_structure_type
	.byte	4                               @ DW_AT_byte_size
	.byte	3                               @ DW_AT_decl_file
	.short	412                             @ DW_AT_decl_line
	.byte	14                              @ Abbrev [14] 0x520:0xe DW_TAG_member
	.long	.Linfo_string30                 @ DW_AT_name
	.long	1216                            @ DW_AT_type
	.byte	3                               @ DW_AT_decl_file
	.short	414                             @ DW_AT_decl_line
	.byte	4                               @ DW_AT_bit_size
	.byte	0                               @ DW_AT_data_bit_offset
	.byte	14                              @ Abbrev [14] 0x52e:0xe DW_TAG_member
	.long	.Linfo_string31                 @ DW_AT_name
	.long	1216                            @ DW_AT_type
	.byte	3                               @ DW_AT_decl_file
	.short	415                             @ DW_AT_decl_line
	.byte	3                               @ DW_AT_bit_size
	.byte	4                               @ DW_AT_data_bit_offset
	.byte	14                              @ Abbrev [14] 0x53c:0xe DW_TAG_member
	.long	.Linfo_string32                 @ DW_AT_name
	.long	1216                            @ DW_AT_type
	.byte	3                               @ DW_AT_decl_file
	.short	416                             @ DW_AT_decl_line
	.byte	1                               @ DW_AT_bit_size
	.byte	7                               @ DW_AT_data_bit_offset
	.byte	14                              @ Abbrev [14] 0x54a:0xe DW_TAG_member
	.long	.Linfo_string33                 @ DW_AT_name
	.long	1216                            @ DW_AT_type
	.byte	3                               @ DW_AT_decl_file
	.short	417                             @ DW_AT_decl_line
	.byte	5                               @ DW_AT_bit_size
	.byte	8                               @ DW_AT_data_bit_offset
	.byte	14                              @ Abbrev [14] 0x558:0xe DW_TAG_member
	.long	.Linfo_string34                 @ DW_AT_name
	.long	1216                            @ DW_AT_type
	.byte	3                               @ DW_AT_decl_file
	.short	418                             @ DW_AT_decl_line
	.byte	3                               @ DW_AT_bit_size
	.byte	13                              @ DW_AT_data_bit_offset
	.byte	14                              @ Abbrev [14] 0x566:0xe DW_TAG_member
	.long	.Linfo_string35                 @ DW_AT_name
	.long	1216                            @ DW_AT_type
	.byte	3                               @ DW_AT_decl_file
	.short	419                             @ DW_AT_decl_line
	.byte	5                               @ DW_AT_bit_size
	.byte	16                              @ DW_AT_data_bit_offset
	.byte	14                              @ Abbrev [14] 0x574:0xe DW_TAG_member
	.long	.Linfo_string26                 @ DW_AT_name
	.long	1216                            @ DW_AT_type
	.byte	3                               @ DW_AT_decl_file
	.short	420                             @ DW_AT_decl_line
	.byte	11                              @ DW_AT_bit_size
	.byte	21                              @ DW_AT_data_bit_offset
	.byte	0                               @ End Of Children Mark
	.byte	11                              @ Abbrev [11] 0x583:0x5 DW_TAG_volatile_type
	.long	1416                            @ DW_AT_type
	.byte	6                               @ Abbrev [6] 0x588:0xc DW_TAG_typedef
	.long	1428                            @ DW_AT_type
	.long	.Linfo_string40                 @ DW_AT_name
	.byte	3                               @ DW_AT_decl_file
	.short	427                             @ DW_AT_decl_line
	.byte	13                              @ Abbrev [13] 0x594:0x22 DW_TAG_structure_type
	.byte	4                               @ DW_AT_byte_size
	.byte	3                               @ DW_AT_decl_file
	.short	423                             @ DW_AT_decl_line
	.byte	14                              @ Abbrev [14] 0x599:0xe DW_TAG_member
	.long	.Linfo_string39                 @ DW_AT_name
	.long	1216                            @ DW_AT_type
	.byte	3                               @ DW_AT_decl_file
	.short	425                             @ DW_AT_decl_line
	.byte	1                               @ DW_AT_bit_size
	.byte	0                               @ DW_AT_data_bit_offset
	.byte	14                              @ Abbrev [14] 0x5a7:0xe DW_TAG_member
	.long	.Linfo_string26                 @ DW_AT_name
	.long	1216                            @ DW_AT_type
	.byte	3                               @ DW_AT_decl_file
	.short	426                             @ DW_AT_decl_line
	.byte	31                              @ DW_AT_bit_size
	.byte	1                               @ DW_AT_data_bit_offset
	.byte	0                               @ End Of Children Mark
	.byte	11                              @ Abbrev [11] 0x5b6:0x5 DW_TAG_volatile_type
	.long	1467                            @ DW_AT_type
	.byte	6                               @ Abbrev [6] 0x5bb:0xc DW_TAG_typedef
	.long	1479                            @ DW_AT_type
	.long	.Linfo_string47                 @ DW_AT_name
	.byte	3                               @ DW_AT_decl_file
	.short	438                             @ DW_AT_decl_line
	.byte	13                              @ Abbrev [13] 0x5c7:0x68 DW_TAG_structure_type
	.byte	4                               @ DW_AT_byte_size
	.byte	3                               @ DW_AT_decl_file
	.short	429                             @ DW_AT_decl_line
	.byte	14                              @ Abbrev [14] 0x5cc:0xe DW_TAG_member
	.long	.Linfo_string43                 @ DW_AT_name
	.long	1216                            @ DW_AT_type
	.byte	3                               @ DW_AT_decl_file
	.short	431                             @ DW_AT_decl_line
	.byte	6                               @ DW_AT_bit_size
	.byte	0                               @ DW_AT_data_bit_offset
	.byte	14                              @ Abbrev [14] 0x5da:0xe DW_TAG_member
	.long	.Linfo_string32                 @ DW_AT_name
	.long	1216                            @ DW_AT_type
	.byte	3                               @ DW_AT_decl_file
	.short	432                             @ DW_AT_decl_line
	.byte	6                               @ DW_AT_bit_size
	.byte	6                               @ DW_AT_data_bit_offset
	.byte	14                              @ Abbrev [14] 0x5e8:0xe DW_TAG_member
	.long	.Linfo_string44                 @ DW_AT_name
	.long	1216                            @ DW_AT_type
	.byte	3                               @ DW_AT_decl_file
	.short	433                             @ DW_AT_decl_line
	.byte	1                               @ DW_AT_bit_size
	.byte	12                              @ DW_AT_data_bit_offset
	.byte	14                              @ Abbrev [14] 0x5f6:0xe DW_TAG_member
	.long	.Linfo_string45                 @ DW_AT_name
	.long	1216                            @ DW_AT_type
	.byte	3                               @ DW_AT_decl_file
	.short	434                             @ DW_AT_decl_line
	.byte	1                               @ DW_AT_bit_size
	.byte	13                              @ DW_AT_data_bit_offset
	.byte	14                              @ Abbrev [14] 0x604:0xe DW_TAG_member
	.long	.Linfo_string34                 @ DW_AT_name
	.long	1216                            @ DW_AT_type
	.byte	3                               @ DW_AT_decl_file
	.short	435                             @ DW_AT_decl_line
	.byte	2                               @ DW_AT_bit_size
	.byte	14                              @ DW_AT_data_bit_offset
	.byte	14                              @ Abbrev [14] 0x612:0xe DW_TAG_member
	.long	.Linfo_string46                 @ DW_AT_name
	.long	1216                            @ DW_AT_type
	.byte	3                               @ DW_AT_decl_file
	.short	436                             @ DW_AT_decl_line
	.byte	1                               @ DW_AT_bit_size
	.byte	16                              @ DW_AT_data_bit_offset
	.byte	14                              @ Abbrev [14] 0x620:0xe DW_TAG_member
	.long	.Linfo_string26                 @ DW_AT_name
	.long	1216                            @ DW_AT_type
	.byte	3                               @ DW_AT_decl_file
	.short	437                             @ DW_AT_decl_line
	.byte	15                              @ DW_AT_bit_size
	.byte	17                              @ DW_AT_data_bit_offset
	.byte	0                               @ End Of Children Mark
	.byte	11                              @ Abbrev [11] 0x62f:0x5 DW_TAG_volatile_type
	.long	1588                            @ DW_AT_type
	.byte	6                               @ Abbrev [6] 0x634:0xc DW_TAG_typedef
	.long	1600                            @ DW_AT_type
	.long	.Linfo_string53                 @ DW_AT_name
	.byte	3                               @ DW_AT_decl_file
	.short	448                             @ DW_AT_decl_line
	.byte	13                              @ Abbrev [13] 0x640:0x5a DW_TAG_structure_type
	.byte	4                               @ DW_AT_byte_size
	.byte	3                               @ DW_AT_decl_file
	.short	440                             @ DW_AT_decl_line
	.byte	14                              @ Abbrev [14] 0x645:0xe DW_TAG_member
	.long	.Linfo_string50                 @ DW_AT_name
	.long	1216                            @ DW_AT_type
	.byte	3                               @ DW_AT_decl_file
	.short	442                             @ DW_AT_decl_line
	.byte	1                               @ DW_AT_bit_size
	.byte	0                               @ DW_AT_data_bit_offset
	.byte	14                              @ Abbrev [14] 0x653:0xe DW_TAG_member
	.long	.Linfo_string32                 @ DW_AT_name
	.long	1216                            @ DW_AT_type
	.byte	3                               @ DW_AT_decl_file
	.short	443                             @ DW_AT_decl_line
	.byte	3                               @ DW_AT_bit_size
	.byte	1                               @ DW_AT_data_bit_offset
	.byte	14                              @ Abbrev [14] 0x661:0xe DW_TAG_member
	.long	.Linfo_string51                 @ DW_AT_name
	.long	1216                            @ DW_AT_type
	.byte	3                               @ DW_AT_decl_file
	.short	444                             @ DW_AT_decl_line
	.byte	3                               @ DW_AT_bit_size
	.byte	4                               @ DW_AT_data_bit_offset
	.byte	14                              @ Abbrev [14] 0x66f:0xe DW_TAG_member
	.long	.Linfo_string34                 @ DW_AT_name
	.long	1216                            @ DW_AT_type
	.byte	3                               @ DW_AT_decl_file
	.short	445                             @ DW_AT_decl_line
	.byte	1                               @ DW_AT_bit_size
	.byte	7                               @ DW_AT_data_bit_offset
	.byte	14                              @ Abbrev [14] 0x67d:0xe DW_TAG_member
	.long	.Linfo_string52                 @ DW_AT_name
	.long	1216                            @ DW_AT_type
	.byte	3                               @ DW_AT_decl_file
	.short	446                             @ DW_AT_decl_line
	.byte	1                               @ DW_AT_bit_size
	.byte	8                               @ DW_AT_data_bit_offset
	.byte	14                              @ Abbrev [14] 0x68b:0xe DW_TAG_member
	.long	.Linfo_string26                 @ DW_AT_name
	.long	1216                            @ DW_AT_type
	.byte	3                               @ DW_AT_decl_file
	.short	447                             @ DW_AT_decl_line
	.byte	23                              @ DW_AT_bit_size
	.byte	9                               @ DW_AT_data_bit_offset
	.byte	0                               @ End Of Children Mark
	.byte	11                              @ Abbrev [11] 0x69a:0x5 DW_TAG_volatile_type
	.long	1695                            @ DW_AT_type
	.byte	6                               @ Abbrev [6] 0x69f:0xc DW_TAG_typedef
	.long	1707                            @ DW_AT_type
	.long	.Linfo_string58                 @ DW_AT_name
	.byte	3                               @ DW_AT_decl_file
	.short	456                             @ DW_AT_decl_line
	.byte	13                              @ Abbrev [13] 0x6ab:0x3e DW_TAG_structure_type
	.byte	4                               @ DW_AT_byte_size
	.byte	3                               @ DW_AT_decl_file
	.short	450                             @ DW_AT_decl_line
	.byte	14                              @ Abbrev [14] 0x6b0:0xe DW_TAG_member
	.long	.Linfo_string56                 @ DW_AT_name
	.long	1216                            @ DW_AT_type
	.byte	3                               @ DW_AT_decl_file
	.short	452                             @ DW_AT_decl_line
	.byte	1                               @ DW_AT_bit_size
	.byte	0                               @ DW_AT_data_bit_offset
	.byte	14                              @ Abbrev [14] 0x6be:0xe DW_TAG_member
	.long	.Linfo_string34                 @ DW_AT_name
	.long	1216                            @ DW_AT_type
	.byte	3                               @ DW_AT_decl_file
	.short	453                             @ DW_AT_decl_line
	.byte	3                               @ DW_AT_bit_size
	.byte	1                               @ DW_AT_data_bit_offset
	.byte	14                              @ Abbrev [14] 0x6cc:0xe DW_TAG_member
	.long	.Linfo_string57                 @ DW_AT_name
	.long	1216                            @ DW_AT_type
	.byte	3                               @ DW_AT_decl_file
	.short	454                             @ DW_AT_decl_line
	.byte	3                               @ DW_AT_bit_size
	.byte	4                               @ DW_AT_data_bit_offset
	.byte	14                              @ Abbrev [14] 0x6da:0xe DW_TAG_member
	.long	.Linfo_string26                 @ DW_AT_name
	.long	1216                            @ DW_AT_type
	.byte	3                               @ DW_AT_decl_file
	.short	455                             @ DW_AT_decl_line
	.byte	25                              @ DW_AT_bit_size
	.byte	7                               @ DW_AT_data_bit_offset
	.byte	0                               @ End Of Children Mark
	.byte	11                              @ Abbrev [11] 0x6e9:0x5 DW_TAG_volatile_type
	.long	1774                            @ DW_AT_type
	.byte	6                               @ Abbrev [6] 0x6ee:0xc DW_TAG_typedef
	.long	1786                            @ DW_AT_type
	.long	.Linfo_string63                 @ DW_AT_name
	.byte	3                               @ DW_AT_decl_file
	.short	464                             @ DW_AT_decl_line
	.byte	13                              @ Abbrev [13] 0x6fa:0x3e DW_TAG_structure_type
	.byte	4                               @ DW_AT_byte_size
	.byte	3                               @ DW_AT_decl_file
	.short	458                             @ DW_AT_decl_line
	.byte	14                              @ Abbrev [14] 0x6ff:0xe DW_TAG_member
	.long	.Linfo_string61                 @ DW_AT_name
	.long	1216                            @ DW_AT_type
	.byte	3                               @ DW_AT_decl_file
	.short	460                             @ DW_AT_decl_line
	.byte	1                               @ DW_AT_bit_size
	.byte	0                               @ DW_AT_data_bit_offset
	.byte	14                              @ Abbrev [14] 0x70d:0xe DW_TAG_member
	.long	.Linfo_string34                 @ DW_AT_name
	.long	1216                            @ DW_AT_type
	.byte	3                               @ DW_AT_decl_file
	.short	461                             @ DW_AT_decl_line
	.byte	3                               @ DW_AT_bit_size
	.byte	1                               @ DW_AT_data_bit_offset
	.byte	14                              @ Abbrev [14] 0x71b:0xe DW_TAG_member
	.long	.Linfo_string62                 @ DW_AT_name
	.long	1216                            @ DW_AT_type
	.byte	3                               @ DW_AT_decl_file
	.short	462                             @ DW_AT_decl_line
	.byte	3                               @ DW_AT_bit_size
	.byte	4                               @ DW_AT_data_bit_offset
	.byte	14                              @ Abbrev [14] 0x729:0xe DW_TAG_member
	.long	.Linfo_string26                 @ DW_AT_name
	.long	1216                            @ DW_AT_type
	.byte	3                               @ DW_AT_decl_file
	.short	463                             @ DW_AT_decl_line
	.byte	25                              @ DW_AT_bit_size
	.byte	7                               @ DW_AT_data_bit_offset
	.byte	0                               @ End Of Children Mark
	.byte	11                              @ Abbrev [11] 0x738:0x5 DW_TAG_volatile_type
	.long	1853                            @ DW_AT_type
	.byte	6                               @ Abbrev [6] 0x73d:0xc DW_TAG_typedef
	.long	1865                            @ DW_AT_type
	.long	.Linfo_string67                 @ DW_AT_name
	.byte	3                               @ DW_AT_decl_file
	.short	470                             @ DW_AT_decl_line
	.byte	13                              @ Abbrev [13] 0x749:0x22 DW_TAG_structure_type
	.byte	4                               @ DW_AT_byte_size
	.byte	3                               @ DW_AT_decl_file
	.short	466                             @ DW_AT_decl_line
	.byte	14                              @ Abbrev [14] 0x74e:0xe DW_TAG_member
	.long	.Linfo_string66                 @ DW_AT_name
	.long	1216                            @ DW_AT_type
	.byte	3                               @ DW_AT_decl_file
	.short	468                             @ DW_AT_decl_line
	.byte	2                               @ DW_AT_bit_size
	.byte	0                               @ DW_AT_data_bit_offset
	.byte	14                              @ Abbrev [14] 0x75c:0xe DW_TAG_member
	.long	.Linfo_string26                 @ DW_AT_name
	.long	1216                            @ DW_AT_type
	.byte	3                               @ DW_AT_decl_file
	.short	469                             @ DW_AT_decl_line
	.byte	30                              @ DW_AT_bit_size
	.byte	2                               @ DW_AT_data_bit_offset
	.byte	0                               @ End Of Children Mark
	.byte	11                              @ Abbrev [11] 0x76b:0x5 DW_TAG_volatile_type
	.long	1904                            @ DW_AT_type
	.byte	6                               @ Abbrev [6] 0x770:0xc DW_TAG_typedef
	.long	1916                            @ DW_AT_type
	.long	.Linfo_string71                 @ DW_AT_name
	.byte	3                               @ DW_AT_decl_file
	.short	476                             @ DW_AT_decl_line
	.byte	13                              @ Abbrev [13] 0x77c:0x22 DW_TAG_structure_type
	.byte	4                               @ DW_AT_byte_size
	.byte	3                               @ DW_AT_decl_file
	.short	472                             @ DW_AT_decl_line
	.byte	14                              @ Abbrev [14] 0x781:0xe DW_TAG_member
	.long	.Linfo_string70                 @ DW_AT_name
	.long	1216                            @ DW_AT_type
	.byte	3                               @ DW_AT_decl_file
	.short	474                             @ DW_AT_decl_line
	.byte	1                               @ DW_AT_bit_size
	.byte	0                               @ DW_AT_data_bit_offset
	.byte	14                              @ Abbrev [14] 0x78f:0xe DW_TAG_member
	.long	.Linfo_string26                 @ DW_AT_name
	.long	1216                            @ DW_AT_type
	.byte	3                               @ DW_AT_decl_file
	.short	475                             @ DW_AT_decl_line
	.byte	31                              @ DW_AT_bit_size
	.byte	1                               @ DW_AT_data_bit_offset
	.byte	0                               @ End Of Children Mark
	.byte	11                              @ Abbrev [11] 0x79e:0x5 DW_TAG_volatile_type
	.long	1955                            @ DW_AT_type
	.byte	6                               @ Abbrev [6] 0x7a3:0xc DW_TAG_typedef
	.long	1967                            @ DW_AT_type
	.long	.Linfo_string77                 @ DW_AT_name
	.byte	3                               @ DW_AT_decl_file
	.short	486                             @ DW_AT_decl_line
	.byte	13                              @ Abbrev [13] 0x7af:0x5a DW_TAG_structure_type
	.byte	4                               @ DW_AT_byte_size
	.byte	3                               @ DW_AT_decl_file
	.short	478                             @ DW_AT_decl_line
	.byte	14                              @ Abbrev [14] 0x7b4:0xe DW_TAG_member
	.long	.Linfo_string74                 @ DW_AT_name
	.long	1216                            @ DW_AT_type
	.byte	3                               @ DW_AT_decl_file
	.short	480                             @ DW_AT_decl_line
	.byte	3                               @ DW_AT_bit_size
	.byte	0                               @ DW_AT_data_bit_offset
	.byte	14                              @ Abbrev [14] 0x7c2:0xe DW_TAG_member
	.long	.Linfo_string32                 @ DW_AT_name
	.long	1216                            @ DW_AT_type
	.byte	3                               @ DW_AT_decl_file
	.short	481                             @ DW_AT_decl_line
	.byte	1                               @ DW_AT_bit_size
	.byte	3                               @ DW_AT_data_bit_offset
	.byte	14                              @ Abbrev [14] 0x7d0:0xe DW_TAG_member
	.long	.Linfo_string75                 @ DW_AT_name
	.long	1216                            @ DW_AT_type
	.byte	3                               @ DW_AT_decl_file
	.short	482                             @ DW_AT_decl_line
	.byte	3                               @ DW_AT_bit_size
	.byte	4                               @ DW_AT_data_bit_offset
	.byte	14                              @ Abbrev [14] 0x7de:0xe DW_TAG_member
	.long	.Linfo_string34                 @ DW_AT_name
	.long	1216                            @ DW_AT_type
	.byte	3                               @ DW_AT_decl_file
	.short	483                             @ DW_AT_decl_line
	.byte	1                               @ DW_AT_bit_size
	.byte	7                               @ DW_AT_data_bit_offset
	.byte	14                              @ Abbrev [14] 0x7ec:0xe DW_TAG_member
	.long	.Linfo_string76                 @ DW_AT_name
	.long	1216                            @ DW_AT_type
	.byte	3                               @ DW_AT_decl_file
	.short	484                             @ DW_AT_decl_line
	.byte	3                               @ DW_AT_bit_size
	.byte	8                               @ DW_AT_data_bit_offset
	.byte	14                              @ Abbrev [14] 0x7fa:0xe DW_TAG_member
	.long	.Linfo_string26                 @ DW_AT_name
	.long	1216                            @ DW_AT_type
	.byte	3                               @ DW_AT_decl_file
	.short	485                             @ DW_AT_decl_line
	.byte	21                              @ DW_AT_bit_size
	.byte	11                              @ DW_AT_data_bit_offset
	.byte	0                               @ End Of Children Mark
	.byte	11                              @ Abbrev [11] 0x809:0x5 DW_TAG_volatile_type
	.long	2062                            @ DW_AT_type
	.byte	6                               @ Abbrev [6] 0x80e:0xc DW_TAG_typedef
	.long	2074                            @ DW_AT_type
	.long	.Linfo_string85                 @ DW_AT_name
	.byte	3                               @ DW_AT_decl_file
	.short	496                             @ DW_AT_decl_line
	.byte	13                              @ Abbrev [13] 0x81a:0x5a DW_TAG_structure_type
	.byte	4                               @ DW_AT_byte_size
	.byte	3                               @ DW_AT_decl_file
	.short	488                             @ DW_AT_decl_line
	.byte	14                              @ Abbrev [14] 0x81f:0xe DW_TAG_member
	.long	.Linfo_string80                 @ DW_AT_name
	.long	1216                            @ DW_AT_type
	.byte	3                               @ DW_AT_decl_file
	.short	490                             @ DW_AT_decl_line
	.byte	1                               @ DW_AT_bit_size
	.byte	0                               @ DW_AT_data_bit_offset
	.byte	14                              @ Abbrev [14] 0x82d:0xe DW_TAG_member
	.long	.Linfo_string81                 @ DW_AT_name
	.long	1216                            @ DW_AT_type
	.byte	3                               @ DW_AT_decl_file
	.short	491                             @ DW_AT_decl_line
	.byte	1                               @ DW_AT_bit_size
	.byte	1                               @ DW_AT_data_bit_offset
	.byte	14                              @ Abbrev [14] 0x83b:0xe DW_TAG_member
	.long	.Linfo_string82                 @ DW_AT_name
	.long	1216                            @ DW_AT_type
	.byte	3                               @ DW_AT_decl_file
	.short	492                             @ DW_AT_decl_line
	.byte	1                               @ DW_AT_bit_size
	.byte	2                               @ DW_AT_data_bit_offset
	.byte	14                              @ Abbrev [14] 0x849:0xe DW_TAG_member
	.long	.Linfo_string83                 @ DW_AT_name
	.long	1216                            @ DW_AT_type
	.byte	3                               @ DW_AT_decl_file
	.short	493                             @ DW_AT_decl_line
	.byte	1                               @ DW_AT_bit_size
	.byte	3                               @ DW_AT_data_bit_offset
	.byte	14                              @ Abbrev [14] 0x857:0xe DW_TAG_member
	.long	.Linfo_string84                 @ DW_AT_name
	.long	1216                            @ DW_AT_type
	.byte	3                               @ DW_AT_decl_file
	.short	494                             @ DW_AT_decl_line
	.byte	1                               @ DW_AT_bit_size
	.byte	4                               @ DW_AT_data_bit_offset
	.byte	14                              @ Abbrev [14] 0x865:0xe DW_TAG_member
	.long	.Linfo_string26                 @ DW_AT_name
	.long	1216                            @ DW_AT_type
	.byte	3                               @ DW_AT_decl_file
	.short	495                             @ DW_AT_decl_line
	.byte	27                              @ DW_AT_bit_size
	.byte	5                               @ DW_AT_data_bit_offset
	.byte	0                               @ End Of Children Mark
	.byte	11                              @ Abbrev [11] 0x874:0x5 DW_TAG_volatile_type
	.long	2169                            @ DW_AT_type
	.byte	6                               @ Abbrev [6] 0x879:0xc DW_TAG_typedef
	.long	2181                            @ DW_AT_type
	.long	.Linfo_string93                 @ DW_AT_name
	.byte	3                               @ DW_AT_decl_file
	.short	506                             @ DW_AT_decl_line
	.byte	13                              @ Abbrev [13] 0x885:0x5a DW_TAG_structure_type
	.byte	4                               @ DW_AT_byte_size
	.byte	3                               @ DW_AT_decl_file
	.short	498                             @ DW_AT_decl_line
	.byte	14                              @ Abbrev [14] 0x88a:0xe DW_TAG_member
	.long	.Linfo_string88                 @ DW_AT_name
	.long	1216                            @ DW_AT_type
	.byte	3                               @ DW_AT_decl_file
	.short	500                             @ DW_AT_decl_line
	.byte	1                               @ DW_AT_bit_size
	.byte	0                               @ DW_AT_data_bit_offset
	.byte	14                              @ Abbrev [14] 0x898:0xe DW_TAG_member
	.long	.Linfo_string89                 @ DW_AT_name
	.long	1216                            @ DW_AT_type
	.byte	3                               @ DW_AT_decl_file
	.short	501                             @ DW_AT_decl_line
	.byte	1                               @ DW_AT_bit_size
	.byte	1                               @ DW_AT_data_bit_offset
	.byte	14                              @ Abbrev [14] 0x8a6:0xe DW_TAG_member
	.long	.Linfo_string90                 @ DW_AT_name
	.long	1216                            @ DW_AT_type
	.byte	3                               @ DW_AT_decl_file
	.short	502                             @ DW_AT_decl_line
	.byte	1                               @ DW_AT_bit_size
	.byte	2                               @ DW_AT_data_bit_offset
	.byte	14                              @ Abbrev [14] 0x8b4:0xe DW_TAG_member
	.long	.Linfo_string91                 @ DW_AT_name
	.long	1216                            @ DW_AT_type
	.byte	3                               @ DW_AT_decl_file
	.short	503                             @ DW_AT_decl_line
	.byte	1                               @ DW_AT_bit_size
	.byte	3                               @ DW_AT_data_bit_offset
	.byte	14                              @ Abbrev [14] 0x8c2:0xe DW_TAG_member
	.long	.Linfo_string92                 @ DW_AT_name
	.long	1216                            @ DW_AT_type
	.byte	3                               @ DW_AT_decl_file
	.short	504                             @ DW_AT_decl_line
	.byte	1                               @ DW_AT_bit_size
	.byte	4                               @ DW_AT_data_bit_offset
	.byte	14                              @ Abbrev [14] 0x8d0:0xe DW_TAG_member
	.long	.Linfo_string26                 @ DW_AT_name
	.long	1216                            @ DW_AT_type
	.byte	3                               @ DW_AT_decl_file
	.short	505                             @ DW_AT_decl_line
	.byte	27                              @ DW_AT_bit_size
	.byte	5                               @ DW_AT_data_bit_offset
	.byte	0                               @ End Of Children Mark
	.byte	11                              @ Abbrev [11] 0x8df:0x5 DW_TAG_volatile_type
	.long	2276                            @ DW_AT_type
	.byte	6                               @ Abbrev [6] 0x8e4:0xc DW_TAG_typedef
	.long	2288                            @ DW_AT_type
	.long	.Linfo_string101                @ DW_AT_name
	.byte	3                               @ DW_AT_decl_file
	.short	516                             @ DW_AT_decl_line
	.byte	13                              @ Abbrev [13] 0x8f0:0x5a DW_TAG_structure_type
	.byte	4                               @ DW_AT_byte_size
	.byte	3                               @ DW_AT_decl_file
	.short	508                             @ DW_AT_decl_line
	.byte	14                              @ Abbrev [14] 0x8f5:0xe DW_TAG_member
	.long	.Linfo_string96                 @ DW_AT_name
	.long	1216                            @ DW_AT_type
	.byte	3                               @ DW_AT_decl_file
	.short	510                             @ DW_AT_decl_line
	.byte	1                               @ DW_AT_bit_size
	.byte	0                               @ DW_AT_data_bit_offset
	.byte	14                              @ Abbrev [14] 0x903:0xe DW_TAG_member
	.long	.Linfo_string97                 @ DW_AT_name
	.long	1216                            @ DW_AT_type
	.byte	3                               @ DW_AT_decl_file
	.short	511                             @ DW_AT_decl_line
	.byte	1                               @ DW_AT_bit_size
	.byte	1                               @ DW_AT_data_bit_offset
	.byte	14                              @ Abbrev [14] 0x911:0xe DW_TAG_member
	.long	.Linfo_string98                 @ DW_AT_name
	.long	1216                            @ DW_AT_type
	.byte	3                               @ DW_AT_decl_file
	.short	512                             @ DW_AT_decl_line
	.byte	1                               @ DW_AT_bit_size
	.byte	2                               @ DW_AT_data_bit_offset
	.byte	14                              @ Abbrev [14] 0x91f:0xe DW_TAG_member
	.long	.Linfo_string99                 @ DW_AT_name
	.long	1216                            @ DW_AT_type
	.byte	3                               @ DW_AT_decl_file
	.short	513                             @ DW_AT_decl_line
	.byte	1                               @ DW_AT_bit_size
	.byte	3                               @ DW_AT_data_bit_offset
	.byte	14                              @ Abbrev [14] 0x92d:0xe DW_TAG_member
	.long	.Linfo_string100                @ DW_AT_name
	.long	1216                            @ DW_AT_type
	.byte	3                               @ DW_AT_decl_file
	.short	514                             @ DW_AT_decl_line
	.byte	1                               @ DW_AT_bit_size
	.byte	4                               @ DW_AT_data_bit_offset
	.byte	14                              @ Abbrev [14] 0x93b:0xe DW_TAG_member
	.long	.Linfo_string26                 @ DW_AT_name
	.long	1216                            @ DW_AT_type
	.byte	3                               @ DW_AT_decl_file
	.short	515                             @ DW_AT_decl_line
	.byte	27                              @ DW_AT_bit_size
	.byte	5                               @ DW_AT_data_bit_offset
	.byte	0                               @ End Of Children Mark
	.byte	11                              @ Abbrev [11] 0x94a:0x5 DW_TAG_volatile_type
	.long	2383                            @ DW_AT_type
	.byte	6                               @ Abbrev [6] 0x94f:0xc DW_TAG_typedef
	.long	2395                            @ DW_AT_type
	.long	.Linfo_string109                @ DW_AT_name
	.byte	3                               @ DW_AT_decl_file
	.short	526                             @ DW_AT_decl_line
	.byte	13                              @ Abbrev [13] 0x95b:0x5a DW_TAG_structure_type
	.byte	4                               @ DW_AT_byte_size
	.byte	3                               @ DW_AT_decl_file
	.short	518                             @ DW_AT_decl_line
	.byte	14                              @ Abbrev [14] 0x960:0xe DW_TAG_member
	.long	.Linfo_string104                @ DW_AT_name
	.long	1216                            @ DW_AT_type
	.byte	3                               @ DW_AT_decl_file
	.short	520                             @ DW_AT_decl_line
	.byte	1                               @ DW_AT_bit_size
	.byte	0                               @ DW_AT_data_bit_offset
	.byte	14                              @ Abbrev [14] 0x96e:0xe DW_TAG_member
	.long	.Linfo_string105                @ DW_AT_name
	.long	1216                            @ DW_AT_type
	.byte	3                               @ DW_AT_decl_file
	.short	521                             @ DW_AT_decl_line
	.byte	1                               @ DW_AT_bit_size
	.byte	1                               @ DW_AT_data_bit_offset
	.byte	14                              @ Abbrev [14] 0x97c:0xe DW_TAG_member
	.long	.Linfo_string106                @ DW_AT_name
	.long	1216                            @ DW_AT_type
	.byte	3                               @ DW_AT_decl_file
	.short	522                             @ DW_AT_decl_line
	.byte	1                               @ DW_AT_bit_size
	.byte	2                               @ DW_AT_data_bit_offset
	.byte	14                              @ Abbrev [14] 0x98a:0xe DW_TAG_member
	.long	.Linfo_string107                @ DW_AT_name
	.long	1216                            @ DW_AT_type
	.byte	3                               @ DW_AT_decl_file
	.short	523                             @ DW_AT_decl_line
	.byte	1                               @ DW_AT_bit_size
	.byte	3                               @ DW_AT_data_bit_offset
	.byte	14                              @ Abbrev [14] 0x998:0xe DW_TAG_member
	.long	.Linfo_string108                @ DW_AT_name
	.long	1216                            @ DW_AT_type
	.byte	3                               @ DW_AT_decl_file
	.short	524                             @ DW_AT_decl_line
	.byte	1                               @ DW_AT_bit_size
	.byte	4                               @ DW_AT_data_bit_offset
	.byte	14                              @ Abbrev [14] 0x9a6:0xe DW_TAG_member
	.long	.Linfo_string26                 @ DW_AT_name
	.long	1216                            @ DW_AT_type
	.byte	3                               @ DW_AT_decl_file
	.short	525                             @ DW_AT_decl_line
	.byte	27                              @ DW_AT_bit_size
	.byte	5                               @ DW_AT_data_bit_offset
	.byte	0                               @ End Of Children Mark
	.byte	11                              @ Abbrev [11] 0x9b5:0x5 DW_TAG_volatile_type
	.long	2490                            @ DW_AT_type
	.byte	6                               @ Abbrev [6] 0x9ba:0xc DW_TAG_typedef
	.long	2502                            @ DW_AT_type
	.long	.Linfo_string116                @ DW_AT_name
	.byte	3                               @ DW_AT_decl_file
	.short	536                             @ DW_AT_decl_line
	.byte	13                              @ Abbrev [13] 0x9c6:0x5a DW_TAG_structure_type
	.byte	4                               @ DW_AT_byte_size
	.byte	3                               @ DW_AT_decl_file
	.short	528                             @ DW_AT_decl_line
	.byte	14                              @ Abbrev [14] 0x9cb:0xe DW_TAG_member
	.long	.Linfo_string112                @ DW_AT_name
	.long	1216                            @ DW_AT_type
	.byte	3                               @ DW_AT_decl_file
	.short	530                             @ DW_AT_decl_line
	.byte	1                               @ DW_AT_bit_size
	.byte	0                               @ DW_AT_data_bit_offset
	.byte	14                              @ Abbrev [14] 0x9d9:0xe DW_TAG_member
	.long	.Linfo_string113                @ DW_AT_name
	.long	1216                            @ DW_AT_type
	.byte	3                               @ DW_AT_decl_file
	.short	531                             @ DW_AT_decl_line
	.byte	1                               @ DW_AT_bit_size
	.byte	1                               @ DW_AT_data_bit_offset
	.byte	14                              @ Abbrev [14] 0x9e7:0xe DW_TAG_member
	.long	.Linfo_string34                 @ DW_AT_name
	.long	1216                            @ DW_AT_type
	.byte	3                               @ DW_AT_decl_file
	.short	532                             @ DW_AT_decl_line
	.byte	2                               @ DW_AT_bit_size
	.byte	2                               @ DW_AT_data_bit_offset
	.byte	14                              @ Abbrev [14] 0x9f5:0xe DW_TAG_member
	.long	.Linfo_string114                @ DW_AT_name
	.long	1216                            @ DW_AT_type
	.byte	3                               @ DW_AT_decl_file
	.short	533                             @ DW_AT_decl_line
	.byte	4                               @ DW_AT_bit_size
	.byte	4                               @ DW_AT_data_bit_offset
	.byte	14                              @ Abbrev [14] 0xa03:0xe DW_TAG_member
	.long	.Linfo_string115                @ DW_AT_name
	.long	1216                            @ DW_AT_type
	.byte	3                               @ DW_AT_decl_file
	.short	534                             @ DW_AT_decl_line
	.byte	2                               @ DW_AT_bit_size
	.byte	8                               @ DW_AT_data_bit_offset
	.byte	14                              @ Abbrev [14] 0xa11:0xe DW_TAG_member
	.long	.Linfo_string26                 @ DW_AT_name
	.long	1216                            @ DW_AT_type
	.byte	3                               @ DW_AT_decl_file
	.short	535                             @ DW_AT_decl_line
	.byte	22                              @ DW_AT_bit_size
	.byte	10                              @ DW_AT_data_bit_offset
	.byte	0                               @ End Of Children Mark
	.byte	11                              @ Abbrev [11] 0xa20:0x5 DW_TAG_volatile_type
	.long	2597                            @ DW_AT_type
	.byte	6                               @ Abbrev [6] 0xa25:0xc DW_TAG_typedef
	.long	2609                            @ DW_AT_type
	.long	.Linfo_string121                @ DW_AT_name
	.byte	3                               @ DW_AT_decl_file
	.short	544                             @ DW_AT_decl_line
	.byte	13                              @ Abbrev [13] 0xa31:0x3e DW_TAG_structure_type
	.byte	4                               @ DW_AT_byte_size
	.byte	3                               @ DW_AT_decl_file
	.short	538                             @ DW_AT_decl_line
	.byte	14                              @ Abbrev [14] 0xa36:0xe DW_TAG_member
	.long	.Linfo_string119                @ DW_AT_name
	.long	1216                            @ DW_AT_type
	.byte	3                               @ DW_AT_decl_file
	.short	540                             @ DW_AT_decl_line
	.byte	14                              @ DW_AT_bit_size
	.byte	0                               @ DW_AT_data_bit_offset
	.byte	14                              @ Abbrev [14] 0xa44:0xe DW_TAG_member
	.long	.Linfo_string34                 @ DW_AT_name
	.long	1216                            @ DW_AT_type
	.byte	3                               @ DW_AT_decl_file
	.short	541                             @ DW_AT_decl_line
	.byte	2                               @ DW_AT_bit_size
	.byte	14                              @ DW_AT_data_bit_offset
	.byte	14                              @ Abbrev [14] 0xa52:0xe DW_TAG_member
	.long	.Linfo_string120                @ DW_AT_name
	.long	1216                            @ DW_AT_type
	.byte	3                               @ DW_AT_decl_file
	.short	542                             @ DW_AT_decl_line
	.byte	14                              @ DW_AT_bit_size
	.byte	16                              @ DW_AT_data_bit_offset
	.byte	14                              @ Abbrev [14] 0xa60:0xe DW_TAG_member
	.long	.Linfo_string26                 @ DW_AT_name
	.long	1216                            @ DW_AT_type
	.byte	3                               @ DW_AT_decl_file
	.short	543                             @ DW_AT_decl_line
	.byte	2                               @ DW_AT_bit_size
	.byte	30                              @ DW_AT_data_bit_offset
	.byte	0                               @ End Of Children Mark
	.byte	11                              @ Abbrev [11] 0xa6f:0x5 DW_TAG_volatile_type
	.long	2676                            @ DW_AT_type
	.byte	6                               @ Abbrev [6] 0xa74:0xc DW_TAG_typedef
	.long	2688                            @ DW_AT_type
	.long	.Linfo_string125                @ DW_AT_name
	.byte	3                               @ DW_AT_decl_file
	.short	550                             @ DW_AT_decl_line
	.byte	13                              @ Abbrev [13] 0xa80:0x22 DW_TAG_structure_type
	.byte	4                               @ DW_AT_byte_size
	.byte	3                               @ DW_AT_decl_file
	.short	546                             @ DW_AT_decl_line
	.byte	14                              @ Abbrev [14] 0xa85:0xe DW_TAG_member
	.long	.Linfo_string124                @ DW_AT_name
	.long	1216                            @ DW_AT_type
	.byte	3                               @ DW_AT_decl_file
	.short	548                             @ DW_AT_decl_line
	.byte	1                               @ DW_AT_bit_size
	.byte	0                               @ DW_AT_data_bit_offset
	.byte	14                              @ Abbrev [14] 0xa93:0xe DW_TAG_member
	.long	.Linfo_string26                 @ DW_AT_name
	.long	1216                            @ DW_AT_type
	.byte	3                               @ DW_AT_decl_file
	.short	549                             @ DW_AT_decl_line
	.byte	31                              @ DW_AT_bit_size
	.byte	1                               @ DW_AT_data_bit_offset
	.byte	0                               @ End Of Children Mark
	.byte	11                              @ Abbrev [11] 0xaa2:0x5 DW_TAG_volatile_type
	.long	2727                            @ DW_AT_type
	.byte	6                               @ Abbrev [6] 0xaa7:0xc DW_TAG_typedef
	.long	2739                            @ DW_AT_type
	.long	.Linfo_string129                @ DW_AT_name
	.byte	3                               @ DW_AT_decl_file
	.short	556                             @ DW_AT_decl_line
	.byte	13                              @ Abbrev [13] 0xab3:0x22 DW_TAG_structure_type
	.byte	4                               @ DW_AT_byte_size
	.byte	3                               @ DW_AT_decl_file
	.short	552                             @ DW_AT_decl_line
	.byte	14                              @ Abbrev [14] 0xab8:0xe DW_TAG_member
	.long	.Linfo_string128                @ DW_AT_name
	.long	1216                            @ DW_AT_type
	.byte	3                               @ DW_AT_decl_file
	.short	554                             @ DW_AT_decl_line
	.byte	1                               @ DW_AT_bit_size
	.byte	0                               @ DW_AT_data_bit_offset
	.byte	14                              @ Abbrev [14] 0xac6:0xe DW_TAG_member
	.long	.Linfo_string26                 @ DW_AT_name
	.long	1216                            @ DW_AT_type
	.byte	3                               @ DW_AT_decl_file
	.short	555                             @ DW_AT_decl_line
	.byte	31                              @ DW_AT_bit_size
	.byte	1                               @ DW_AT_data_bit_offset
	.byte	0                               @ End Of Children Mark
	.byte	11                              @ Abbrev [11] 0xad5:0x5 DW_TAG_volatile_type
	.long	2778                            @ DW_AT_type
	.byte	6                               @ Abbrev [6] 0xada:0xc DW_TAG_typedef
	.long	2790                            @ DW_AT_type
	.long	.Linfo_string141                @ DW_AT_name
	.byte	3                               @ DW_AT_decl_file
	.short	572                             @ DW_AT_decl_line
	.byte	13                              @ Abbrev [13] 0xae6:0xae DW_TAG_structure_type
	.byte	4                               @ DW_AT_byte_size
	.byte	3                               @ DW_AT_decl_file
	.short	558                             @ DW_AT_decl_line
	.byte	14                              @ Abbrev [14] 0xaeb:0xe DW_TAG_member
	.long	.Linfo_string132                @ DW_AT_name
	.long	1216                            @ DW_AT_type
	.byte	3                               @ DW_AT_decl_file
	.short	560                             @ DW_AT_decl_line
	.byte	1                               @ DW_AT_bit_size
	.byte	0                               @ DW_AT_data_bit_offset
	.byte	14                              @ Abbrev [14] 0xaf9:0xe DW_TAG_member
	.long	.Linfo_string133                @ DW_AT_name
	.long	1216                            @ DW_AT_type
	.byte	3                               @ DW_AT_decl_file
	.short	561                             @ DW_AT_decl_line
	.byte	1                               @ DW_AT_bit_size
	.byte	1                               @ DW_AT_data_bit_offset
	.byte	14                              @ Abbrev [14] 0xb07:0xe DW_TAG_member
	.long	.Linfo_string134                @ DW_AT_name
	.long	1216                            @ DW_AT_type
	.byte	3                               @ DW_AT_decl_file
	.short	562                             @ DW_AT_decl_line
	.byte	2                               @ DW_AT_bit_size
	.byte	2                               @ DW_AT_data_bit_offset
	.byte	14                              @ Abbrev [14] 0xb15:0xe DW_TAG_member
	.long	.Linfo_string135                @ DW_AT_name
	.long	1216                            @ DW_AT_type
	.byte	3                               @ DW_AT_decl_file
	.short	563                             @ DW_AT_decl_line
	.byte	1                               @ DW_AT_bit_size
	.byte	4                               @ DW_AT_data_bit_offset
	.byte	14                              @ Abbrev [14] 0xb23:0xe DW_TAG_member
	.long	.Linfo_string136                @ DW_AT_name
	.long	1216                            @ DW_AT_type
	.byte	3                               @ DW_AT_decl_file
	.short	564                             @ DW_AT_decl_line
	.byte	3                               @ DW_AT_bit_size
	.byte	5                               @ DW_AT_data_bit_offset
	.byte	14                              @ Abbrev [14] 0xb31:0xe DW_TAG_member
	.long	.Linfo_string137                @ DW_AT_name
	.long	1216                            @ DW_AT_type
	.byte	3                               @ DW_AT_decl_file
	.short	565                             @ DW_AT_decl_line
	.byte	1                               @ DW_AT_bit_size
	.byte	8                               @ DW_AT_data_bit_offset
	.byte	14                              @ Abbrev [14] 0xb3f:0xe DW_TAG_member
	.long	.Linfo_string32                 @ DW_AT_name
	.long	1216                            @ DW_AT_type
	.byte	3                               @ DW_AT_decl_file
	.short	566                             @ DW_AT_decl_line
	.byte	3                               @ DW_AT_bit_size
	.byte	9                               @ DW_AT_data_bit_offset
	.byte	14                              @ Abbrev [14] 0xb4d:0xe DW_TAG_member
	.long	.Linfo_string138                @ DW_AT_name
	.long	1216                            @ DW_AT_type
	.byte	3                               @ DW_AT_decl_file
	.short	567                             @ DW_AT_decl_line
	.byte	6                               @ DW_AT_bit_size
	.byte	12                              @ DW_AT_data_bit_offset
	.byte	14                              @ Abbrev [14] 0xb5b:0xe DW_TAG_member
	.long	.Linfo_string34                 @ DW_AT_name
	.long	1216                            @ DW_AT_type
	.byte	3                               @ DW_AT_decl_file
	.short	568                             @ DW_AT_decl_line
	.byte	2                               @ DW_AT_bit_size
	.byte	18                              @ DW_AT_data_bit_offset
	.byte	14                              @ Abbrev [14] 0xb69:0xe DW_TAG_member
	.long	.Linfo_string139                @ DW_AT_name
	.long	1216                            @ DW_AT_type
	.byte	3                               @ DW_AT_decl_file
	.short	569                             @ DW_AT_decl_line
	.byte	1                               @ DW_AT_bit_size
	.byte	20                              @ DW_AT_data_bit_offset
	.byte	14                              @ Abbrev [14] 0xb77:0xe DW_TAG_member
	.long	.Linfo_string140                @ DW_AT_name
	.long	1216                            @ DW_AT_type
	.byte	3                               @ DW_AT_decl_file
	.short	570                             @ DW_AT_decl_line
	.byte	1                               @ DW_AT_bit_size
	.byte	21                              @ DW_AT_data_bit_offset
	.byte	14                              @ Abbrev [14] 0xb85:0xe DW_TAG_member
	.long	.Linfo_string26                 @ DW_AT_name
	.long	1216                            @ DW_AT_type
	.byte	3                               @ DW_AT_decl_file
	.short	571                             @ DW_AT_decl_line
	.byte	10                              @ DW_AT_bit_size
	.byte	22                              @ DW_AT_data_bit_offset
	.byte	0                               @ End Of Children Mark
	.byte	11                              @ Abbrev [11] 0xb94:0x5 DW_TAG_volatile_type
	.long	2969                            @ DW_AT_type
	.byte	6                               @ Abbrev [6] 0xb99:0xc DW_TAG_typedef
	.long	2981                            @ DW_AT_type
	.long	.Linfo_string145                @ DW_AT_name
	.byte	3                               @ DW_AT_decl_file
	.short	578                             @ DW_AT_decl_line
	.byte	13                              @ Abbrev [13] 0xba5:0x22 DW_TAG_structure_type
	.byte	4                               @ DW_AT_byte_size
	.byte	3                               @ DW_AT_decl_file
	.short	574                             @ DW_AT_decl_line
	.byte	14                              @ Abbrev [14] 0xbaa:0xe DW_TAG_member
	.long	.Linfo_string144                @ DW_AT_name
	.long	1216                            @ DW_AT_type
	.byte	3                               @ DW_AT_decl_file
	.short	576                             @ DW_AT_decl_line
	.byte	13                              @ DW_AT_bit_size
	.byte	0                               @ DW_AT_data_bit_offset
	.byte	14                              @ Abbrev [14] 0xbb8:0xe DW_TAG_member
	.long	.Linfo_string26                 @ DW_AT_name
	.long	1216                            @ DW_AT_type
	.byte	3                               @ DW_AT_decl_file
	.short	577                             @ DW_AT_decl_line
	.byte	19                              @ DW_AT_bit_size
	.byte	13                              @ DW_AT_data_bit_offset
	.byte	0                               @ End Of Children Mark
	.byte	11                              @ Abbrev [11] 0xbc7:0x5 DW_TAG_volatile_type
	.long	3020                            @ DW_AT_type
	.byte	6                               @ Abbrev [6] 0xbcc:0xc DW_TAG_typedef
	.long	3032                            @ DW_AT_type
	.long	.Linfo_string151                @ DW_AT_name
	.byte	3                               @ DW_AT_decl_file
	.short	587                             @ DW_AT_decl_line
	.byte	13                              @ Abbrev [13] 0xbd8:0x4c DW_TAG_structure_type
	.byte	4                               @ DW_AT_byte_size
	.byte	3                               @ DW_AT_decl_file
	.short	580                             @ DW_AT_decl_line
	.byte	14                              @ Abbrev [14] 0xbdd:0xe DW_TAG_member
	.long	.Linfo_string148                @ DW_AT_name
	.long	1216                            @ DW_AT_type
	.byte	3                               @ DW_AT_decl_file
	.short	582                             @ DW_AT_decl_line
	.byte	1                               @ DW_AT_bit_size
	.byte	0                               @ DW_AT_data_bit_offset
	.byte	14                              @ Abbrev [14] 0xbeb:0xe DW_TAG_member
	.long	.Linfo_string149                @ DW_AT_name
	.long	1216                            @ DW_AT_type
	.byte	3                               @ DW_AT_decl_file
	.short	583                             @ DW_AT_decl_line
	.byte	2                               @ DW_AT_bit_size
	.byte	1                               @ DW_AT_data_bit_offset
	.byte	14                              @ Abbrev [14] 0xbf9:0xe DW_TAG_member
	.long	.Linfo_string34                 @ DW_AT_name
	.long	1216                            @ DW_AT_type
	.byte	3                               @ DW_AT_decl_file
	.short	584                             @ DW_AT_decl_line
	.byte	1                               @ DW_AT_bit_size
	.byte	3                               @ DW_AT_data_bit_offset
	.byte	14                              @ Abbrev [14] 0xc07:0xe DW_TAG_member
	.long	.Linfo_string150                @ DW_AT_name
	.long	1216                            @ DW_AT_type
	.byte	3                               @ DW_AT_decl_file
	.short	585                             @ DW_AT_decl_line
	.byte	1                               @ DW_AT_bit_size
	.byte	4                               @ DW_AT_data_bit_offset
	.byte	14                              @ Abbrev [14] 0xc15:0xe DW_TAG_member
	.long	.Linfo_string26                 @ DW_AT_name
	.long	1216                            @ DW_AT_type
	.byte	3                               @ DW_AT_decl_file
	.short	586                             @ DW_AT_decl_line
	.byte	27                              @ DW_AT_bit_size
	.byte	5                               @ DW_AT_data_bit_offset
	.byte	0                               @ End Of Children Mark
	.byte	15                              @ Abbrev [15] 0xc24:0xc DW_TAG_array_type
	.long	1221                            @ DW_AT_type
	.byte	16                              @ Abbrev [16] 0xc29:0x6 DW_TAG_subrange_type
	.long	3120                            @ DW_AT_type
	.byte	39                              @ DW_AT_count
	.byte	0                               @ End Of Children Mark
	.byte	17                              @ Abbrev [17] 0xc30:0x7 DW_TAG_base_type
	.long	.Linfo_string152                @ DW_AT_name
	.byte	8                               @ DW_AT_byte_size
	.byte	7                               @ DW_AT_encoding
	.byte	11                              @ Abbrev [11] 0xc37:0x5 DW_TAG_volatile_type
	.long	3132                            @ DW_AT_type
	.byte	6                               @ Abbrev [6] 0xc3c:0xc DW_TAG_typedef
	.long	3144                            @ DW_AT_type
	.long	.Linfo_string155                @ DW_AT_name
	.byte	3                               @ DW_AT_decl_file
	.short	592                             @ DW_AT_decl_line
	.byte	13                              @ Abbrev [13] 0xc48:0x14 DW_TAG_structure_type
	.byte	4                               @ DW_AT_byte_size
	.byte	3                               @ DW_AT_decl_file
	.short	589                             @ DW_AT_decl_line
	.byte	14                              @ Abbrev [14] 0xc4d:0xe DW_TAG_member
	.long	.Linfo_string153                @ DW_AT_name
	.long	1216                            @ DW_AT_type
	.byte	3                               @ DW_AT_decl_file
	.short	591                             @ DW_AT_decl_line
	.byte	32                              @ DW_AT_bit_size
	.byte	0                               @ DW_AT_data_bit_offset
	.byte	0                               @ End Of Children Mark
	.byte	11                              @ Abbrev [11] 0xc5c:0x5 DW_TAG_volatile_type
	.long	3169                            @ DW_AT_type
	.byte	6                               @ Abbrev [6] 0xc61:0xc DW_TAG_typedef
	.long	3181                            @ DW_AT_type
	.long	.Linfo_string158                @ DW_AT_name
	.byte	3                               @ DW_AT_decl_file
	.short	597                             @ DW_AT_decl_line
	.byte	13                              @ Abbrev [13] 0xc6d:0x14 DW_TAG_structure_type
	.byte	4                               @ DW_AT_byte_size
	.byte	3                               @ DW_AT_decl_file
	.short	594                             @ DW_AT_decl_line
	.byte	14                              @ Abbrev [14] 0xc72:0xe DW_TAG_member
	.long	.Linfo_string156                @ DW_AT_name
	.long	1216                            @ DW_AT_type
	.byte	3                               @ DW_AT_decl_file
	.short	596                             @ DW_AT_decl_line
	.byte	32                              @ DW_AT_bit_size
	.byte	0                               @ DW_AT_data_bit_offset
	.byte	0                               @ End Of Children Mark
	.byte	11                              @ Abbrev [11] 0xc81:0x5 DW_TAG_volatile_type
	.long	3206                            @ DW_AT_type
	.byte	6                               @ Abbrev [6] 0xc86:0xc DW_TAG_typedef
	.long	3218                            @ DW_AT_type
	.long	.Linfo_string161                @ DW_AT_name
	.byte	3                               @ DW_AT_decl_file
	.short	603                             @ DW_AT_decl_line
	.byte	13                              @ Abbrev [13] 0xc92:0x22 DW_TAG_structure_type
	.byte	4                               @ DW_AT_byte_size
	.byte	3                               @ DW_AT_decl_file
	.short	599                             @ DW_AT_decl_line
	.byte	14                              @ Abbrev [14] 0xc97:0xe DW_TAG_member
	.long	.Linfo_string159                @ DW_AT_name
	.long	1216                            @ DW_AT_type
	.byte	3                               @ DW_AT_decl_file
	.short	601                             @ DW_AT_decl_line
	.byte	4                               @ DW_AT_bit_size
	.byte	0                               @ DW_AT_data_bit_offset
	.byte	14                              @ Abbrev [14] 0xca5:0xe DW_TAG_member
	.long	.Linfo_string26                 @ DW_AT_name
	.long	1216                            @ DW_AT_type
	.byte	3                               @ DW_AT_decl_file
	.short	602                             @ DW_AT_decl_line
	.byte	28                              @ DW_AT_bit_size
	.byte	4                               @ DW_AT_data_bit_offset
	.byte	0                               @ End Of Children Mark
	.byte	11                              @ Abbrev [11] 0xcb4:0x5 DW_TAG_volatile_type
	.long	3257                            @ DW_AT_type
	.byte	6                               @ Abbrev [6] 0xcb9:0xc DW_TAG_typedef
	.long	3269                            @ DW_AT_type
	.long	.Linfo_string164                @ DW_AT_name
	.byte	3                               @ DW_AT_decl_file
	.short	609                             @ DW_AT_decl_line
	.byte	13                              @ Abbrev [13] 0xcc5:0x22 DW_TAG_structure_type
	.byte	4                               @ DW_AT_byte_size
	.byte	3                               @ DW_AT_decl_file
	.short	605                             @ DW_AT_decl_line
	.byte	14                              @ Abbrev [14] 0xcca:0xe DW_TAG_member
	.long	.Linfo_string162                @ DW_AT_name
	.long	1216                            @ DW_AT_type
	.byte	3                               @ DW_AT_decl_file
	.short	607                             @ DW_AT_decl_line
	.byte	1                               @ DW_AT_bit_size
	.byte	0                               @ DW_AT_data_bit_offset
	.byte	14                              @ Abbrev [14] 0xcd8:0xe DW_TAG_member
	.long	.Linfo_string26                 @ DW_AT_name
	.long	1216                            @ DW_AT_type
	.byte	3                               @ DW_AT_decl_file
	.short	608                             @ DW_AT_decl_line
	.byte	31                              @ DW_AT_bit_size
	.byte	1                               @ DW_AT_data_bit_offset
	.byte	0                               @ End Of Children Mark
	.byte	12                              @ Abbrev [12] 0xce7:0xb DW_TAG_typedef
	.long	38                              @ DW_AT_type
	.long	.Linfo_string166                @ DW_AT_name
	.byte	1                               @ DW_AT_decl_file
	.byte	98                              @ DW_AT_decl_line
	.byte	12                              @ Abbrev [12] 0xcf2:0xb DW_TAG_typedef
	.long	3325                            @ DW_AT_type
	.long	.Linfo_string168                @ DW_AT_name
	.byte	2                               @ DW_AT_decl_file
	.byte	58                              @ DW_AT_decl_line
	.byte	4                               @ Abbrev [4] 0xcfd:0x7 DW_TAG_base_type
	.long	.Linfo_string167                @ DW_AT_name
	.byte	5                               @ DW_AT_encoding
	.byte	4                               @ DW_AT_byte_size
	.byte	5                               @ Abbrev [5] 0xd04:0x5 DW_TAG_pointer_type
	.long	3337                            @ DW_AT_type
	.byte	6                               @ Abbrev [6] 0xd09:0xc DW_TAG_typedef
	.long	3349                            @ DW_AT_type
	.long	.Linfo_string174                @ DW_AT_name
	.byte	4                               @ DW_AT_decl_file
	.short	318                             @ DW_AT_decl_line
	.byte	7                               @ Abbrev [7] 0xd15:0x8f DW_TAG_structure_type
	.short	800                             @ DW_AT_byte_size
	.byte	4                               @ DW_AT_decl_file
	.short	306                             @ DW_AT_decl_line
	.byte	10                              @ Abbrev [10] 0xd1b:0xd DW_TAG_member
	.long	.Linfo_string169                @ DW_AT_name
	.long	3492                            @ DW_AT_type
	.byte	4                               @ DW_AT_decl_file
	.short	308                             @ DW_AT_decl_line
	.byte	0                               @ DW_AT_data_member_location
	.byte	10                              @ Abbrev [10] 0xd28:0xd DW_TAG_member
	.long	.Linfo_string26                 @ DW_AT_name
	.long	3504                            @ DW_AT_type
	.byte	4                               @ DW_AT_decl_file
	.short	309                             @ DW_AT_decl_line
	.byte	4                               @ DW_AT_data_member_location
	.byte	10                              @ Abbrev [10] 0xd35:0xd DW_TAG_member
	.long	.Linfo_string170                @ DW_AT_name
	.long	3492                            @ DW_AT_type
	.byte	4                               @ DW_AT_decl_file
	.short	310                             @ DW_AT_decl_line
	.byte	128                             @ DW_AT_data_member_location
	.byte	10                              @ Abbrev [10] 0xd42:0xd DW_TAG_member
	.long	.Linfo_string34                 @ DW_AT_name
	.long	3504                            @ DW_AT_type
	.byte	4                               @ DW_AT_decl_file
	.short	311                             @ DW_AT_decl_line
	.byte	132                             @ DW_AT_data_member_location
	.byte	18                              @ Abbrev [18] 0xd4f:0xe DW_TAG_member
	.long	.Linfo_string171                @ DW_AT_name
	.long	3492                            @ DW_AT_type
	.byte	4                               @ DW_AT_decl_file
	.short	312                             @ DW_AT_decl_line
	.short	256                             @ DW_AT_data_member_location
	.byte	18                              @ Abbrev [18] 0xd5d:0xe DW_TAG_member
	.long	.Linfo_string32                 @ DW_AT_name
	.long	3504                            @ DW_AT_type
	.byte	4                               @ DW_AT_decl_file
	.short	313                             @ DW_AT_decl_line
	.short	260                             @ DW_AT_data_member_location
	.byte	18                              @ Abbrev [18] 0xd6b:0xe DW_TAG_member
	.long	.Linfo_string172                @ DW_AT_name
	.long	3492                            @ DW_AT_type
	.byte	4                               @ DW_AT_decl_file
	.short	314                             @ DW_AT_decl_line
	.short	384                             @ DW_AT_data_member_location
	.byte	18                              @ Abbrev [18] 0xd79:0xe DW_TAG_member
	.long	.Linfo_string136                @ DW_AT_name
	.long	3504                            @ DW_AT_type
	.byte	4                               @ DW_AT_decl_file
	.short	315                             @ DW_AT_decl_line
	.short	388                             @ DW_AT_data_member_location
	.byte	18                              @ Abbrev [18] 0xd87:0xe DW_TAG_member
	.long	.Linfo_string134                @ DW_AT_name
	.long	3516                            @ DW_AT_type
	.byte	4                               @ DW_AT_decl_file
	.short	316                             @ DW_AT_decl_line
	.short	512                             @ DW_AT_data_member_location
	.byte	18                              @ Abbrev [18] 0xd95:0xe DW_TAG_member
	.long	.Linfo_string173                @ DW_AT_name
	.long	3528                            @ DW_AT_type
	.byte	4                               @ DW_AT_decl_file
	.short	317                             @ DW_AT_decl_line
	.short	768                             @ DW_AT_data_member_location
	.byte	0                               @ End Of Children Mark
	.byte	15                              @ Abbrev [15] 0xda4:0xc DW_TAG_array_type
	.long	1216                            @ DW_AT_type
	.byte	16                              @ Abbrev [16] 0xda9:0x6 DW_TAG_subrange_type
	.long	3120                            @ DW_AT_type
	.byte	1                               @ DW_AT_count
	.byte	0                               @ End Of Children Mark
	.byte	15                              @ Abbrev [15] 0xdb0:0xc DW_TAG_array_type
	.long	1221                            @ DW_AT_type
	.byte	16                              @ Abbrev [16] 0xdb5:0x6 DW_TAG_subrange_type
	.long	3120                            @ DW_AT_type
	.byte	31                              @ DW_AT_count
	.byte	0                               @ End Of Children Mark
	.byte	15                              @ Abbrev [15] 0xdbc:0xc DW_TAG_array_type
	.long	1221                            @ DW_AT_type
	.byte	16                              @ Abbrev [16] 0xdc1:0x6 DW_TAG_subrange_type
	.long	3120                            @ DW_AT_type
	.byte	64                              @ DW_AT_count
	.byte	0                               @ End Of Children Mark
	.byte	15                              @ Abbrev [15] 0xdc8:0xc DW_TAG_array_type
	.long	1216                            @ DW_AT_type
	.byte	16                              @ Abbrev [16] 0xdcd:0x6 DW_TAG_subrange_type
	.long	3120                            @ DW_AT_type
	.byte	8                               @ DW_AT_count
	.byte	0                               @ End Of Children Mark
	.byte	5                               @ Abbrev [5] 0xdd4:0x5 DW_TAG_pointer_type
	.long	3545                            @ DW_AT_type
	.byte	6                               @ Abbrev [6] 0xdd9:0xc DW_TAG_typedef
	.long	3557                            @ DW_AT_type
	.long	.Linfo_string182                @ DW_AT_name
	.byte	4                               @ DW_AT_decl_file
	.short	343                             @ DW_AT_decl_line
	.byte	13                              @ Abbrev [13] 0xde5:0x7b DW_TAG_structure_type
	.byte	40                              @ DW_AT_byte_size
	.byte	4                               @ DW_AT_decl_file
	.short	332                             @ DW_AT_decl_line
	.byte	10                              @ Abbrev [10] 0xdea:0xd DW_TAG_member
	.long	.Linfo_string175                @ DW_AT_name
	.long	3680                            @ DW_AT_type
	.byte	4                               @ DW_AT_decl_file
	.short	334                             @ DW_AT_decl_line
	.byte	0                               @ DW_AT_data_member_location
	.byte	10                              @ Abbrev [10] 0xdf7:0xd DW_TAG_member
	.long	.Linfo_string176                @ DW_AT_name
	.long	1216                            @ DW_AT_type
	.byte	4                               @ DW_AT_decl_file
	.short	335                             @ DW_AT_decl_line
	.byte	4                               @ DW_AT_data_member_location
	.byte	10                              @ Abbrev [10] 0xe04:0xd DW_TAG_member
	.long	.Linfo_string26                 @ DW_AT_name
	.long	1221                            @ DW_AT_type
	.byte	4                               @ DW_AT_decl_file
	.short	336                             @ DW_AT_decl_line
	.byte	8                               @ DW_AT_data_member_location
	.byte	10                              @ Abbrev [10] 0xe11:0xd DW_TAG_member
	.long	.Linfo_string177                @ DW_AT_name
	.long	1216                            @ DW_AT_type
	.byte	4                               @ DW_AT_decl_file
	.short	337                             @ DW_AT_decl_line
	.byte	12                              @ DW_AT_data_member_location
	.byte	10                              @ Abbrev [10] 0xe1e:0xd DW_TAG_member
	.long	.Linfo_string178                @ DW_AT_name
	.long	1216                            @ DW_AT_type
	.byte	4                               @ DW_AT_decl_file
	.short	338                             @ DW_AT_decl_line
	.byte	16                              @ DW_AT_data_member_location
	.byte	10                              @ Abbrev [10] 0xe2b:0xd DW_TAG_member
	.long	.Linfo_string179                @ DW_AT_name
	.long	1216                            @ DW_AT_type
	.byte	4                               @ DW_AT_decl_file
	.short	339                             @ DW_AT_decl_line
	.byte	20                              @ DW_AT_data_member_location
	.byte	10                              @ Abbrev [10] 0xe38:0xd DW_TAG_member
	.long	.Linfo_string34                 @ DW_AT_name
	.long	1221                            @ DW_AT_type
	.byte	4                               @ DW_AT_decl_file
	.short	340                             @ DW_AT_decl_line
	.byte	24                              @ DW_AT_data_member_location
	.byte	10                              @ Abbrev [10] 0xe45:0xd DW_TAG_member
	.long	.Linfo_string180                @ DW_AT_name
	.long	3685                            @ DW_AT_type
	.byte	4                               @ DW_AT_decl_file
	.short	341                             @ DW_AT_decl_line
	.byte	28                              @ DW_AT_data_member_location
	.byte	10                              @ Abbrev [10] 0xe52:0xd DW_TAG_member
	.long	.Linfo_string181                @ DW_AT_name
	.long	1216                            @ DW_AT_type
	.byte	4                               @ DW_AT_decl_file
	.short	342                             @ DW_AT_decl_line
	.byte	36                              @ DW_AT_data_member_location
	.byte	0                               @ End Of Children Mark
	.byte	19                              @ Abbrev [19] 0xe60:0x5 DW_TAG_const_type
	.long	1216                            @ DW_AT_type
	.byte	15                              @ Abbrev [15] 0xe65:0xc DW_TAG_array_type
	.long	1216                            @ DW_AT_type
	.byte	16                              @ Abbrev [16] 0xe6a:0x6 DW_TAG_subrange_type
	.long	3120                            @ DW_AT_type
	.byte	2                               @ DW_AT_count
	.byte	0                               @ End Of Children Mark
	.byte	20                              @ Abbrev [20] 0xe71:0x11 DW_TAG_subprogram
	.long	.Lfunc_begin0                   @ DW_AT_low_pc
	.long	.Lfunc_end0-.Lfunc_begin0       @ DW_AT_high_pc
	.byte	1                               @ DW_AT_frame_base
	.byte	93
                                        @ DW_AT_GNU_all_call_sites
	.long	.Linfo_string188                @ DW_AT_name
	.byte	5                               @ DW_AT_decl_file
	.byte	32                              @ DW_AT_decl_line
                                        @ DW_AT_prototyped
                                        @ DW_AT_external
	.byte	20                              @ Abbrev [20] 0xe82:0x11 DW_TAG_subprogram
	.long	.Lfunc_begin1                   @ DW_AT_low_pc
	.long	.Lfunc_end1-.Lfunc_begin1       @ DW_AT_high_pc
	.byte	1                               @ DW_AT_frame_base
	.byte	93
                                        @ DW_AT_GNU_all_call_sites
	.long	.Linfo_string189                @ DW_AT_name
	.byte	5                               @ DW_AT_decl_file
	.byte	44                              @ DW_AT_decl_line
                                        @ DW_AT_prototyped
                                        @ DW_AT_external
	.byte	21                              @ Abbrev [21] 0xe93:0x16 DW_TAG_subprogram
	.long	.Linfo_string183                @ DW_AT_name
	.byte	4                               @ DW_AT_decl_file
	.short	639                             @ DW_AT_decl_line
                                        @ DW_AT_prototyped
	.byte	1                               @ DW_AT_inline
	.byte	22                              @ Abbrev [22] 0xe9c:0xc DW_TAG_formal_parameter
	.long	.Linfo_string20                 @ DW_AT_name
	.byte	4                               @ DW_AT_decl_file
	.short	639                             @ DW_AT_decl_line
	.long	3303                            @ DW_AT_type
	.byte	0                               @ End Of Children Mark
	.byte	21                              @ Abbrev [21] 0xea9:0x16 DW_TAG_subprogram
	.long	.Linfo_string184                @ DW_AT_name
	.byte	4                               @ DW_AT_decl_file
	.short	689                             @ DW_AT_decl_line
                                        @ DW_AT_prototyped
	.byte	1                               @ DW_AT_inline
	.byte	22                              @ Abbrev [22] 0xeb2:0xc DW_TAG_formal_parameter
	.long	.Linfo_string20                 @ DW_AT_name
	.byte	4                               @ DW_AT_decl_file
	.short	689                             @ DW_AT_decl_line
	.long	3303                            @ DW_AT_type
	.byte	0                               @ End Of Children Mark
	.byte	21                              @ Abbrev [21] 0xebf:0x22 DW_TAG_subprogram
	.long	.Linfo_string185                @ DW_AT_name
	.byte	4                               @ DW_AT_decl_file
	.short	706                             @ DW_AT_decl_line
                                        @ DW_AT_prototyped
	.byte	1                               @ DW_AT_inline
	.byte	22                              @ Abbrev [22] 0xec8:0xc DW_TAG_formal_parameter
	.long	.Linfo_string20                 @ DW_AT_name
	.byte	4                               @ DW_AT_decl_file
	.short	706                             @ DW_AT_decl_line
	.long	3303                            @ DW_AT_type
	.byte	22                              @ Abbrev [22] 0xed4:0xc DW_TAG_formal_parameter
	.long	.Linfo_string186                @ DW_AT_name
	.byte	4                               @ DW_AT_decl_file
	.short	706                             @ DW_AT_decl_line
	.long	1221                            @ DW_AT_type
	.byte	0                               @ End Of Children Mark
	.byte	21                              @ Abbrev [21] 0xee1:0x16 DW_TAG_subprogram
	.long	.Linfo_string187                @ DW_AT_name
	.byte	4                               @ DW_AT_decl_file
	.short	603                             @ DW_AT_decl_line
                                        @ DW_AT_prototyped
	.byte	1                               @ DW_AT_inline
	.byte	22                              @ Abbrev [22] 0xeea:0xc DW_TAG_formal_parameter
	.long	.Linfo_string20                 @ DW_AT_name
	.byte	4                               @ DW_AT_decl_file
	.short	603                             @ DW_AT_decl_line
	.long	3303                            @ DW_AT_type
	.byte	0                               @ End Of Children Mark
	.byte	23                              @ Abbrev [23] 0xef7:0xb8 DW_TAG_subprogram
	.long	.Lfunc_begin2                   @ DW_AT_low_pc
	.long	.Lfunc_end2-.Lfunc_begin2       @ DW_AT_high_pc
	.byte	1                               @ DW_AT_frame_base
	.byte	93
                                        @ DW_AT_GNU_all_call_sites
	.long	.Linfo_string190                @ DW_AT_name
	.byte	5                               @ DW_AT_decl_file
	.byte	62                              @ DW_AT_decl_line
                                        @ DW_AT_prototyped
                                        @ DW_AT_external
	.byte	24                              @ Abbrev [24] 0xf08:0xf DW_TAG_formal_parameter
	.long	.Ldebug_loc0                    @ DW_AT_location
	.long	.Linfo_string191                @ DW_AT_name
	.byte	5                               @ DW_AT_decl_file
	.byte	62                              @ DW_AT_decl_line
	.long	1221                            @ DW_AT_type
	.byte	24                              @ Abbrev [24] 0xf17:0xf DW_TAG_formal_parameter
	.long	.Ldebug_loc1                    @ DW_AT_location
	.long	.Linfo_string192                @ DW_AT_name
	.byte	5                               @ DW_AT_decl_file
	.byte	62                              @ DW_AT_decl_line
	.long	4015                            @ DW_AT_type
	.byte	25                              @ Abbrev [25] 0xf26:0x12 DW_TAG_formal_parameter
	.byte	6                               @ DW_AT_location
	.byte	114
	.byte	0
	.byte	16
	.byte	1
	.byte	26
	.byte	159
	.long	.Linfo_string195                @ DW_AT_name
	.byte	5                               @ DW_AT_decl_file
	.byte	62                              @ DW_AT_decl_line
	.long	4033                            @ DW_AT_type
	.byte	26                              @ Abbrev [26] 0xf38:0xf DW_TAG_variable
	.long	.Ldebug_loc2                    @ DW_AT_location
	.long	.Linfo_string197                @ DW_AT_name
	.byte	5                               @ DW_AT_decl_file
	.byte	64                              @ DW_AT_decl_line
	.long	3303                            @ DW_AT_type
	.byte	27                              @ Abbrev [27] 0xf47:0x1a DW_TAG_inlined_subroutine
	.long	3731                            @ DW_AT_abstract_origin
	.long	.Ltmp7                          @ DW_AT_low_pc
	.long	.Ltmp11-.Ltmp7                  @ DW_AT_high_pc
	.byte	5                               @ DW_AT_call_file
	.byte	65                              @ DW_AT_call_line
	.byte	5                               @ DW_AT_call_column
	.byte	28                              @ Abbrev [28] 0xf57:0x9 DW_TAG_formal_parameter
	.byte	3                               @ DW_AT_location
	.byte	112
	.byte	0
	.byte	159
	.long	3740                            @ DW_AT_abstract_origin
	.byte	0                               @ End Of Children Mark
	.byte	27                              @ Abbrev [27] 0xf61:0x1a DW_TAG_inlined_subroutine
	.long	3753                            @ DW_AT_abstract_origin
	.long	.Ltmp11                         @ DW_AT_low_pc
	.long	.Ltmp12-.Ltmp11                 @ DW_AT_high_pc
	.byte	5                               @ DW_AT_call_file
	.byte	66                              @ DW_AT_call_line
	.byte	5                               @ DW_AT_call_column
	.byte	28                              @ Abbrev [28] 0xf71:0x9 DW_TAG_formal_parameter
	.byte	3                               @ DW_AT_location
	.byte	112
	.byte	0
	.byte	159
	.long	3762                            @ DW_AT_abstract_origin
	.byte	0                               @ End Of Children Mark
	.byte	27                              @ Abbrev [27] 0xf7b:0x23 DW_TAG_inlined_subroutine
	.long	3775                            @ DW_AT_abstract_origin
	.long	.Ltmp12                         @ DW_AT_low_pc
	.long	.Ltmp19-.Ltmp12                 @ DW_AT_high_pc
	.byte	5                               @ DW_AT_call_file
	.byte	67                              @ DW_AT_call_line
	.byte	5                               @ DW_AT_call_column
	.byte	29                              @ Abbrev [29] 0xf8b:0x9 DW_TAG_formal_parameter
	.long	.Ldebug_loc4                    @ DW_AT_location
	.long	3784                            @ DW_AT_abstract_origin
	.byte	29                              @ Abbrev [29] 0xf94:0x9 DW_TAG_formal_parameter
	.long	.Ldebug_loc3                    @ DW_AT_location
	.long	3796                            @ DW_AT_abstract_origin
	.byte	0                               @ End Of Children Mark
	.byte	30                              @ Abbrev [30] 0xf9e:0x10 DW_TAG_inlined_subroutine
	.long	3809                            @ DW_AT_abstract_origin
	.long	.Ltmp22                         @ DW_AT_low_pc
	.long	.Ltmp24-.Ltmp22                 @ DW_AT_high_pc
	.byte	5                               @ DW_AT_call_file
	.byte	71                              @ DW_AT_call_line
	.byte	9                               @ DW_AT_call_column
	.byte	0                               @ End Of Children Mark
	.byte	12                              @ Abbrev [12] 0xfaf:0xb DW_TAG_typedef
	.long	4026                            @ DW_AT_type
	.long	.Linfo_string194                @ DW_AT_name
	.byte	2                               @ DW_AT_decl_file
	.byte	62                              @ DW_AT_decl_line
	.byte	4                               @ Abbrev [4] 0xfba:0x7 DW_TAG_base_type
	.long	.Linfo_string193                @ DW_AT_name
	.byte	8                               @ DW_AT_encoding
	.byte	1                               @ DW_AT_byte_size
	.byte	4                               @ Abbrev [4] 0xfc1:0x7 DW_TAG_base_type
	.long	.Linfo_string196                @ DW_AT_name
	.byte	2                               @ DW_AT_encoding
	.byte	1                               @ DW_AT_byte_size
	.byte	0                               @ End Of Children Mark
.Ldebug_info_end0:
	.section	.debug_ranges,"",%progbits
.Ldebug_ranges0:
	.long	.Lfunc_begin0
	.long	.Lfunc_end0
	.long	.Lfunc_begin1
	.long	.Lfunc_end1
	.long	.Lfunc_begin2
	.long	.Lfunc_end2
	.long	0
	.long	0
	.section	.debug_str,"MS",%progbits,1
.Linfo_string0:
	.asciz	"Component: Arm Compiler for Embedded 6.21 Tool: armclang [5ec1fd00]" @ string offset=0
.Linfo_string1:
	.asciz	"../07_TCPL04B_MCAL\\tcpl04x_ll_cortex.c" @ string offset=68
.Linfo_string2:
	.asciz	"C:\\baidunetdiskdownload\\\346\263\260\347\237\275\345\276\256\\\346\260\233\345\233\264\347\201\257\\TCPL0X_AUTO_SDK_V2.0.0\\TCPL0X_AUTO_SDK_V2.0.0\\examples\\tcpl04x\\demo_apps\\tcpl04b_swsc_lean\\MDK" @ string offset=107
.Linfo_string3:
	.asciz	"signed char"                   @ string offset=246
.Linfo_string4:
	.asciz	"NonMaskableInt_IRQn"           @ string offset=258
.Linfo_string5:
	.asciz	"HardFault_IRQn"                @ string offset=278
.Linfo_string6:
	.asciz	"SVCall_IRQn"                   @ string offset=293
.Linfo_string7:
	.asciz	"PendSV_IRQn"                   @ string offset=305
.Linfo_string8:
	.asciz	"SysTick_IRQn"                  @ string offset=317
.Linfo_string9:
	.asciz	"FLASH_IRQn"                    @ string offset=330
.Linfo_string10:
	.asciz	"ADC_IRQn"                      @ string offset=341
.Linfo_string11:
	.asciz	"PWM_IRQn"                      @ string offset=350
.Linfo_string12:
	.asciz	"TIMER_IRQn"                    @ string offset=359
.Linfo_string13:
	.asciz	"IWDG_IRQn"                     @ string offset=370
.Linfo_string14:
	.asciz	"LINSCI_IRQn"                   @ string offset=380
.Linfo_string15:
	.asciz	"AON_IRQn"                      @ string offset=392
.Linfo_string16:
	.asciz	"GPIO_IRQn"                     @ string offset=401
.Linfo_string17:
	.asciz	"RESERVE_S_IRQn"                @ string offset=411
.Linfo_string18:
	.asciz	"RESERVE_T_IRQn"                @ string offset=426
.Linfo_string19:
	.asciz	"LINSCI_UART_IRQn"              @ string offset=441
.Linfo_string20:
	.asciz	"IRQn"                          @ string offset=458
.Linfo_string21:
	.asciz	"SLEEP_MODE"                    @ string offset=463
.Linfo_string22:
	.asciz	"unsigned int"                  @ string offset=474
.Linfo_string23:
	.asciz	"uint32_t"                      @ string offset=487
.Linfo_string24:
	.asciz	"SLEEP_MODE_F"                  @ string offset=496
.Linfo_string25:
	.asciz	"SLP_MODE"                      @ string offset=509
.Linfo_string26:
	.asciz	"RESERVED0"                     @ string offset=518
.Linfo_string27:
	.asciz	"ASYSCFG_SLEEP_MODE_FIELD_T"    @ string offset=528
.Linfo_string28:
	.asciz	"WAIT_CYCLE"                    @ string offset=555
.Linfo_string29:
	.asciz	"WAIT_CYCLE_F"                  @ string offset=566
.Linfo_string30:
	.asciz	"PUP_CYCLE_HFCLK"               @ string offset=579
.Linfo_string31:
	.asciz	"PUP_CYCLE_PSW15"               @ string offset=595
.Linfo_string32:
	.asciz	"RESERVED2"                     @ string offset=611
.Linfo_string33:
	.asciz	"PUP_CYCLE_LDO33_DL_HW_EN"      @ string offset=621
.Linfo_string34:
	.asciz	"RESERVED1"                     @ string offset=646
.Linfo_string35:
	.asciz	"PUP_CYCLE_LDO15_DL_HW_EN"      @ string offset=656
.Linfo_string36:
	.asciz	"ASYSCFG_WAIT_CYCLE_FIELD_T"    @ string offset=681
.Linfo_string37:
	.asciz	"RCCLK_CTRL"                    @ string offset=708
.Linfo_string38:
	.asciz	"RCCLK_CTRL_F"                  @ string offset=719
.Linfo_string39:
	.asciz	"SW_HRC_EN"                     @ string offset=732
.Linfo_string40:
	.asciz	"ASYSCFG_RCCLK_CTRL_FIELD_T"    @ string offset=742
.Linfo_string41:
	.asciz	"RST_CTRL"                      @ string offset=769
.Linfo_string42:
	.asciz	"RST_CTRL_F"                    @ string offset=778
.Linfo_string43:
	.asciz	"RST_FLAG"                      @ string offset=789
.Linfo_string44:
	.asciz	"CLR_RST"                       @ string offset=798
.Linfo_string45:
	.asciz	"SW_POR_REQ"                    @ string offset=806
.Linfo_string46:
	.asciz	"M0_LOCKUP_EN"                  @ string offset=817
.Linfo_string47:
	.asciz	"ASYSCFG_RST_CTRL_FIELD_T"      @ string offset=830
.Linfo_string48:
	.asciz	"VS_LVD_CTRL"                   @ string offset=855
.Linfo_string49:
	.asciz	"VS_LVD_CTRL_F"                 @ string offset=867
.Linfo_string50:
	.asciz	"VS_LVD_EN"                     @ string offset=881
.Linfo_string51:
	.asciz	"VS_LVD_SEL"                    @ string offset=891
.Linfo_string52:
	.asciz	"VS_LVD"                        @ string offset=902
.Linfo_string53:
	.asciz	"ASYSCFG_VS_LVD_CTRL_FIELD_T"   @ string offset=909
.Linfo_string54:
	.asciz	"LDO33_CTRL"                    @ string offset=937
.Linfo_string55:
	.asciz	"LDO33_CTRL_F"                  @ string offset=948
.Linfo_string56:
	.asciz	"LDO33_DL_SW_ENB"               @ string offset=961
.Linfo_string57:
	.asciz	"LDO33_DL_IBASE_SEL"            @ string offset=977
.Linfo_string58:
	.asciz	"ASYSCFG_LDO33_CTRL_FIELD_T"    @ string offset=996
.Linfo_string59:
	.asciz	"LDO15_CTRL"                    @ string offset=1023
.Linfo_string60:
	.asciz	"LDO15_CTRL_F"                  @ string offset=1034
.Linfo_string61:
	.asciz	"LDO15_DL_SW_ENB"               @ string offset=1047
.Linfo_string62:
	.asciz	"LDO15_DL_IBASE_SEL"            @ string offset=1063
.Linfo_string63:
	.asciz	"ASYSCFG_LDO15_CTRL_FIELD_T"    @ string offset=1082
.Linfo_string64:
	.asciz	"VS_ALT_CTRL"                   @ string offset=1109
.Linfo_string65:
	.asciz	"VS_ALT_CTRL_F"                 @ string offset=1121
.Linfo_string66:
	.asciz	"VS_ALT_SEL"                    @ string offset=1135
.Linfo_string67:
	.asciz	"ASYSCFG_VS_ALT_CTRL_FIELD_T"   @ string offset=1146
.Linfo_string68:
	.asciz	"OPT_STATUS"                    @ string offset=1174
.Linfo_string69:
	.asciz	"OPT_STATUS_F"                  @ string offset=1185
.Linfo_string70:
	.asciz	"OTP_OUT"                       @ string offset=1198
.Linfo_string71:
	.asciz	"ASYSCFG_OPT_STATUS_FIELD_T"    @ string offset=1206
.Linfo_string72:
	.asciz	"PMU_IRQ_CTRL"                  @ string offset=1233
.Linfo_string73:
	.asciz	"PMU_IRQ_CTRL_F"                @ string offset=1246
.Linfo_string74:
	.asciz	"VS_LVD_IRQ_MODE"               @ string offset=1261
.Linfo_string75:
	.asciz	"OTP_IRQ_MODE"                  @ string offset=1277
.Linfo_string76:
	.asciz	"RESERVED12_OCP_IRQ_MODE"       @ string offset=1290
.Linfo_string77:
	.asciz	"ASYSCFG_PMU_IRQ_CTRL_FIELD_T"  @ string offset=1314
.Linfo_string78:
	.asciz	"IMR"                           @ string offset=1343
.Linfo_string79:
	.asciz	"IMR_F"                         @ string offset=1347
.Linfo_string80:
	.asciz	"WU_INT_MSK"                    @ string offset=1353
.Linfo_string81:
	.asciz	"VS_LVD_INT_MSK"                @ string offset=1364
.Linfo_string82:
	.asciz	"OTP_INT_MSK"                   @ string offset=1379
.Linfo_string83:
	.asciz	"RESERVED12_OCP_INT_MSK"        @ string offset=1391
.Linfo_string84:
	.asciz	"RESERVED12_RDY_INT_MSK"        @ string offset=1414
.Linfo_string85:
	.asciz	"ASYSCFG_IMR_FIELD_T"           @ string offset=1437
.Linfo_string86:
	.asciz	"ICR"                           @ string offset=1457
.Linfo_string87:
	.asciz	"ICR_F"                         @ string offset=1461
.Linfo_string88:
	.asciz	"WU_INT_CLR"                    @ string offset=1467
.Linfo_string89:
	.asciz	"VS_LVD_INT_CLR"                @ string offset=1478
.Linfo_string90:
	.asciz	"OTP_INT_CLR"                   @ string offset=1493
.Linfo_string91:
	.asciz	"RESERVED12_OCP_INT_CLR"        @ string offset=1505
.Linfo_string92:
	.asciz	"RESERVED12_RDY_INT_CLR"        @ string offset=1528
.Linfo_string93:
	.asciz	"ASYSCFG_ICR_FIELD_T"           @ string offset=1551
.Linfo_string94:
	.asciz	"ISR"                           @ string offset=1571
.Linfo_string95:
	.asciz	"ISR_F"                         @ string offset=1575
.Linfo_string96:
	.asciz	"WU_INT_STATUS"                 @ string offset=1581
.Linfo_string97:
	.asciz	"VS_LVD_INT_STATUS"             @ string offset=1595
.Linfo_string98:
	.asciz	"OTP_INT_STATUS"                @ string offset=1613
.Linfo_string99:
	.asciz	"RESERVED12_OCP_INT_STATUS"     @ string offset=1628
.Linfo_string100:
	.asciz	"RESERVED12_RDY_INT_STATUS"     @ string offset=1654
.Linfo_string101:
	.asciz	"ASYSCFG_ISR_FIELD_T"           @ string offset=1680
.Linfo_string102:
	.asciz	"IRSR"                          @ string offset=1700
.Linfo_string103:
	.asciz	"IRSR_F"                        @ string offset=1705
.Linfo_string104:
	.asciz	"WU_INT_RAW_STATUS"             @ string offset=1712
.Linfo_string105:
	.asciz	"VS_LVD_INT_RAW_STATUS"         @ string offset=1730
.Linfo_string106:
	.asciz	"OTP_INT_RAW_STATUS"            @ string offset=1752
.Linfo_string107:
	.asciz	"RESERVED12_OCP_INT_RAW_STATUS" @ string offset=1771
.Linfo_string108:
	.asciz	"RESERVED12_RDY_INT_RAW_STATUS" @ string offset=1801
.Linfo_string109:
	.asciz	"ASYSCFG_IRSR_FIELD_T"          @ string offset=1831
.Linfo_string110:
	.asciz	"WU_CTRL"                       @ string offset=1852
.Linfo_string111:
	.asciz	"WU_CTRL_F"                     @ string offset=1860
.Linfo_string112:
	.asciz	"WU_EN"                         @ string offset=1870
.Linfo_string113:
	.asciz	"WU_SRC_SEL"                    @ string offset=1876
.Linfo_string114:
	.asciz	"WU_TIM"                        @ string offset=1887
.Linfo_string115:
	.asciz	"WU_FILTER_CNT_MAX"             @ string offset=1894
.Linfo_string116:
	.asciz	"ASYSCFG_WU_CTRL_FIELD_T"       @ string offset=1912
.Linfo_string117:
	.asciz	"ADC_CAL_CTRL"                  @ string offset=1936
.Linfo_string118:
	.asciz	"ADC_CAL_CTRL_F"                @ string offset=1949
.Linfo_string119:
	.asciz	"ADC_OUT_CAL"                   @ string offset=1964
.Linfo_string120:
	.asciz	"ADC_OUT_OFFSET"                @ string offset=1976
.Linfo_string121:
	.asciz	"ASYSCFG_ADC_CAL_CTRL_FIELD_T"  @ string offset=1991
.Linfo_string122:
	.asciz	"OTP_RST_CTRL"                  @ string offset=2020
.Linfo_string123:
	.asciz	"OTP_RST_CTRL_F"                @ string offset=2033
.Linfo_string124:
	.asciz	"OTP_RST_EN"                    @ string offset=2048
.Linfo_string125:
	.asciz	"ASYSCFG_OTP_RST_CTRL_FIELD_T"  @ string offset=2059
.Linfo_string126:
	.asciz	"IO4_RST_CTRL"                  @ string offset=2088
.Linfo_string127:
	.asciz	"IO4_RST_CTRL_F"                @ string offset=2101
.Linfo_string128:
	.asciz	"IO4_RST_EN"                    @ string offset=2116
.Linfo_string129:
	.asciz	"ASYSCFG_IO4_RST_CTRL_FIELD_T"  @ string offset=2127
.Linfo_string130:
	.asciz	"RESERVED12_CTRL"               @ string offset=2156
.Linfo_string131:
	.asciz	"RESERVED12_CTRL_F"             @ string offset=2172
.Linfo_string132:
	.asciz	"RESERVED12_EN"                 @ string offset=2190
.Linfo_string133:
	.asciz	"RESERVED12_PULL_DOWN"          @ string offset=2204
.Linfo_string134:
	.asciz	"RESERVED4"                     @ string offset=2225
.Linfo_string135:
	.asciz	"RESERVED12_OCP_DISABLE"        @ string offset=2235
.Linfo_string136:
	.asciz	"RESERVED3"                     @ string offset=2258
.Linfo_string137:
	.asciz	"RESERVED12_OCP"                @ string offset=2268
.Linfo_string138:
	.asciz	"RESERVED12_RDY_CNT_MAX"        @ string offset=2283
.Linfo_string139:
	.asciz	"RESERVED12_WKUP_EN"            @ string offset=2306
.Linfo_string140:
	.asciz	"RESERVED12_HW_EN_CLR"          @ string offset=2325
.Linfo_string141:
	.asciz	"ASYSCFG_RESERVED12_CTRL_FIELD_T" @ string offset=2346
.Linfo_string142:
	.asciz	"IO4_RST_FILTER"                @ string offset=2378
.Linfo_string143:
	.asciz	"IO4_RST_FILTER_F"              @ string offset=2393
.Linfo_string144:
	.asciz	"IO4_RST_FILTER_CNT_MAX"        @ string offset=2410
.Linfo_string145:
	.asciz	"ASYSCFG_IO4_RST_FILTER_FIELD_T" @ string offset=2433
.Linfo_string146:
	.asciz	"AON_IO_CTRL"                   @ string offset=2464
.Linfo_string147:
	.asciz	"AON_IO_CTRL_F"                 @ string offset=2476
.Linfo_string148:
	.asciz	"AON_IO_OUT_EN"                 @ string offset=2490
.Linfo_string149:
	.asciz	"AON_IO_OUT_SEL"                @ string offset=2504
.Linfo_string150:
	.asciz	"AON_IO_OUT_VAL"                @ string offset=2519
.Linfo_string151:
	.asciz	"ASYSCFG_AON_IO_CTRL_FIELD_T"   @ string offset=2534
.Linfo_string152:
	.asciz	"__ARRAY_SIZE_TYPE__"           @ string offset=2562
.Linfo_string153:
	.asciz	"BKUP0"                         @ string offset=2582
.Linfo_string154:
	.asciz	"BKUP0_F"                       @ string offset=2588
.Linfo_string155:
	.asciz	"ASYSCFG_BKUP0_FIELD_T"         @ string offset=2596
.Linfo_string156:
	.asciz	"BKUP1"                         @ string offset=2618
.Linfo_string157:
	.asciz	"BKUP1_F"                       @ string offset=2624
.Linfo_string158:
	.asciz	"ASYSCFG_BKUP1_FIELD_T"         @ string offset=2632
.Linfo_string159:
	.asciz	"PATCH_BIT"                     @ string offset=2654
.Linfo_string160:
	.asciz	"PATCH_BIT_F"                   @ string offset=2664
.Linfo_string161:
	.asciz	"ASYSCFG_PATCH_BIT_FIELD_T"     @ string offset=2676
.Linfo_string162:
	.asciz	"ASYSCFG_LOCK"                  @ string offset=2702
.Linfo_string163:
	.asciz	"ASYSCFG_LOCK_F"                @ string offset=2715
.Linfo_string164:
	.asciz	"ASYSCFG_ASYSCFG_LOCK_FIELD_T"  @ string offset=2730
.Linfo_string165:
	.asciz	"ASYSCFG_REG_TypeDef"           @ string offset=2759
.Linfo_string166:
	.asciz	"IRQn_Type"                     @ string offset=2779
.Linfo_string167:
	.asciz	"int"                           @ string offset=2789
.Linfo_string168:
	.asciz	"int32_t"                       @ string offset=2793
.Linfo_string169:
	.asciz	"ISER"                          @ string offset=2801
.Linfo_string170:
	.asciz	"ICER"                          @ string offset=2806
.Linfo_string171:
	.asciz	"ISPR"                          @ string offset=2811
.Linfo_string172:
	.asciz	"ICPR"                          @ string offset=2816
.Linfo_string173:
	.asciz	"IP"                            @ string offset=2821
.Linfo_string174:
	.asciz	"NVIC_Type"                     @ string offset=2824
.Linfo_string175:
	.asciz	"CPUID"                         @ string offset=2834
.Linfo_string176:
	.asciz	"ICSR"                          @ string offset=2840
.Linfo_string177:
	.asciz	"AIRCR"                         @ string offset=2845
.Linfo_string178:
	.asciz	"SCR"                           @ string offset=2851
.Linfo_string179:
	.asciz	"CCR"                           @ string offset=2855
.Linfo_string180:
	.asciz	"SHP"                           @ string offset=2859
.Linfo_string181:
	.asciz	"SHCSR"                         @ string offset=2863
.Linfo_string182:
	.asciz	"SCB_Type"                      @ string offset=2869
.Linfo_string183:
	.asciz	"__NVIC_DisableIRQ"             @ string offset=2878
.Linfo_string184:
	.asciz	"__NVIC_ClearPendingIRQ"        @ string offset=2896
.Linfo_string185:
	.asciz	"__NVIC_SetPriority"            @ string offset=2919
.Linfo_string186:
	.asciz	"priority"                      @ string offset=2938
.Linfo_string187:
	.asciz	"__NVIC_EnableIRQ"              @ string offset=2947
.Linfo_string188:
	.asciz	"NMI_Handler"                   @ string offset=2964
.Linfo_string189:
	.asciz	"HardFault_Handler"             @ string offset=2976
.Linfo_string190:
	.asciz	"EnableNvic"                    @ string offset=2994
.Linfo_string191:
	.asciz	"irq"                           @ string offset=3005
.Linfo_string192:
	.asciz	"level"                         @ string offset=3009
.Linfo_string193:
	.asciz	"unsigned char"                 @ string offset=3015
.Linfo_string194:
	.asciz	"uint8_t"                       @ string offset=3029
.Linfo_string195:
	.asciz	"en"                            @ string offset=3037
.Linfo_string196:
	.asciz	"_Bool"                         @ string offset=3040
.Linfo_string197:
	.asciz	"enIrq"                         @ string offset=3046
	.ident	"Component: Arm Compiler for Embedded 6.21 Tool: armclang [5ec1fd00]"
	.section	".note.GNU-stack","",%progbits
	.eabi_attribute	30, 4	@ Tag_ABI_optimization_goals
	.ARM_attribute	16, 1	@ Tag_AV_eba
	.section	.debug_line,"",%progbits
.Lline_table_start0:
