	.text
	.syntax unified
	.eabi_attribute	67, "2.09"	@ Tag_conformance
	.cpu	cortex-m0
	.eabi_attribute	6, 12	@ Tag_CPU_arch
	.eabi_attribute	7, 77	@ Tag_CPU_arch_profile
	.eabi_attribute	8, 0	@ Tag_ARM_ISA_use
	.eabi_attribute	9, 1	@ Tag_THUMB_ISA_use
	.eabi_attribute	34, 0	@ Tag_CPU_unaligned_access
	.eabi_attribute	17, 1	@ Tag_ABI_PCS_GOT_use
	.eabi_attribute	20, 2	@ Tag_ABI_FP_denormal
	.eabi_attribute	21, 0	@ Tag_ABI_FP_exceptions
	.eabi_attribute	23, 1	@ Tag_ABI_FP_number_model
	.eabi_attribute	24, 1	@ Tag_ABI_align_needed
	.eabi_attribute	25, 1	@ Tag_ABI_align_preserved
	.eabi_attribute	38, 1	@ Tag_ABI_FP_16bit_format
	.eabi_attribute	18, 2	@ Tag_ABI_PCS_wchar_t
	.eabi_attribute	26, 1	@ Tag_ABI_enum_size
	.eabi_attribute	14, 0	@ Tag_ABI_PCS_R9_use
	.file	"tcpl04x_ll_flash.c"
	.file	1 "C:\\baidunetdiskdownload\\\346\263\260\347\237\275\345\276\256\\\346\260\233\345\233\264\347\201\257\\TCPL0X_AUTO_SDK_V2.0.0\\TCPL0X_AUTO_SDK_V2.0.0\\examples\\tcpl04x\\demo_apps\\tcpl04b_swsc_lean\\MDK" "../07_TCPL04B_MCAL/tcpl04x_ll_flash.h"
	.file	2 "C:\\Keil_v5\\ARM\\ARMCLANG\\Bin\\..\\include" "stdint.h"
	.file	3 "C:\\baidunetdiskdownload\\\346\263\260\347\237\275\345\276\256\\\346\260\233\345\233\264\347\201\257\\TCPL0X_AUTO_SDK_V2.0.0\\TCPL0X_AUTO_SDK_V2.0.0\\examples\\tcpl04x\\demo_apps\\tcpl04b_swsc_lean\\MDK" "../06_TCPL04B_Device/eflash_reg_def.h"
	.section	.text.ll_flash_init,"ax",%progbits
	.hidden	ll_flash_init                   @ -- Begin function ll_flash_init
	.globl	ll_flash_init
	.p2align	2
	.type	ll_flash_init,%function
	.code	16                              @ @ll_flash_init
	.thumb_func
ll_flash_init:
.Lfunc_begin0:
	.file	4 "C:\\baidunetdiskdownload\\\346\263\260\347\237\275\345\276\256\\\346\260\233\345\233\264\347\201\257\\TCPL0X_AUTO_SDK_V2.0.0\\TCPL0X_AUTO_SDK_V2.0.0\\examples\\tcpl04x\\demo_apps\\tcpl04b_swsc_lean\\MDK" "../07_TCPL04B_MCAL/tcpl04x_ll_flash.c"
	.loc	4 75 0                          @ ../07_TCPL04B_MCAL/tcpl04x_ll_flash.c:75:0
	.fnstart
	.cfi_sections .debug_frame
	.cfi_startproc
@ %bb.0:
	ldr	r0, __arm_cp.0_0
	ldr	r1, __arm_cp.0_1
.Ltmp0:
	.loc	4 76 5 prologue_end             @ ../07_TCPL04B_MCAL/tcpl04x_ll_flash.c:76:5
	str	r1, [r0]
	ldr	r1, __arm_cp.0_2
	.loc	4 79 30                         @ ../07_TCPL04B_MCAL/tcpl04x_ll_flash.c:79:30
	mov	r2, r1
	adds	r2, #25
	ldr	r3, __arm_cp.0_3
	str	r2, [r3]
	ldr	r2, __arm_cp.0_4
	.loc	4 81 30                         @ ../07_TCPL04B_MCAL/tcpl04x_ll_flash.c:81:30
	str	r2, [r3, #4]
	ldr	r2, __arm_cp.0_5
	.loc	4 83 30                         @ ../07_TCPL04B_MCAL/tcpl04x_ll_flash.c:83:30
	str	r2, [r3, #8]
	ldr	r2, __arm_cp.0_6
	.loc	4 85 30                         @ ../07_TCPL04B_MCAL/tcpl04x_ll_flash.c:85:30
	str	r2, [r3, #12]
	ldr	r2, __arm_cp.0_7
	.loc	4 87 30                         @ ../07_TCPL04B_MCAL/tcpl04x_ll_flash.c:87:30
	str	r2, [r3, #16]
	.loc	4 89 30                         @ ../07_TCPL04B_MCAL/tcpl04x_ll_flash.c:89:30
	str	r1, [r3, #20]
	ldr	r1, __arm_cp.0_8
	.loc	4 91 5                          @ ../07_TCPL04B_MCAL/tcpl04x_ll_flash.c:91:5
	str	r1, [r0]
	.loc	4 92 1                          @ ../07_TCPL04B_MCAL/tcpl04x_ll_flash.c:92:1
	bx	lr
.Ltmp1:
	.p2align	2
@ %bb.1:
	.loc	4 0 1 is_stmt 0                 @ ../07_TCPL04B_MCAL/tcpl04x_ll_flash.c:0:1
__arm_cp.0_0:
	.long	16711928                        @ 0xff00f8
.Lcpi_end0:
	.size	__arm_cp.0_0, .Lcpi_end0-__arm_cp.0_0
__arm_cp.0_1:
	.long	2857740885                      @ 0xaa55aa55
.Lcpi_end1:
	.size	__arm_cp.0_1, .Lcpi_end1-__arm_cp.0_1
__arm_cp.0_2:
	.long	12314                           @ 0x301a
.Lcpi_end2:
	.size	__arm_cp.0_2, .Lcpi_end2-__arm_cp.0_2
__arm_cp.0_3:
	.long	16711684                        @ 0xff0004
.Lcpi_end3:
	.size	__arm_cp.0_3, .Lcpi_end3-__arm_cp.0_3
__arm_cp.0_4:
	.long	220380                          @ 0x35cdc
.Lcpi_end4:
	.size	__arm_cp.0_4, .Lcpi_end4-__arm_cp.0_4
__arm_cp.0_5:
	.long	90200                           @ 0x16058
.Lcpi_end5:
	.size	__arm_cp.0_5, .Lcpi_end5-__arm_cp.0_5
__arm_cp.0_6:
	.long	1448668                         @ 0x161adc
.Lcpi_end6:
	.size	__arm_cp.0_6, .Lcpi_end6-__arm_cp.0_6
__arm_cp.0_7:
	.long	2057                            @ 0x809
.Lcpi_end7:
	.size	__arm_cp.0_7, .Lcpi_end7-__arm_cp.0_7
__arm_cp.0_8:
	.long	305419896                       @ 0x12345678
.Lcpi_end8:
	.size	__arm_cp.0_8, .Lcpi_end8-__arm_cp.0_8
.Lfunc_end0:
	.size	ll_flash_init, .Lfunc_end0-ll_flash_init
	.cfi_endproc
	.cantunwind
	.fnend
                                        @ -- End function
	.section	.text.ll_flash_configrctc,"ax",%progbits
	.hidden	ll_flash_configrctc             @ -- Begin function ll_flash_configrctc
	.globl	ll_flash_configrctc
	.p2align	2
	.type	ll_flash_configrctc,%function
	.code	16                              @ @ll_flash_configrctc
	.thumb_func
ll_flash_configrctc:
.Lfunc_begin1:
	.loc	4 102 0 is_stmt 1               @ ../07_TCPL04B_MCAL/tcpl04x_ll_flash.c:102:0
	.fnstart
	.cfi_startproc
@ %bb.0:
	@DEBUG_VALUE: ll_flash_configrctc:rc_time <- $r0
	.save	{r4, lr}
	push	{r4, lr}
	.cfi_def_cfa_offset 8
	.cfi_offset lr, -4
	.cfi_offset r4, -8
	ldr	r1, __arm_cp.1_0
	ldr	r2, __arm_cp.1_1
.Ltmp2:
	.loc	4 103 5 prologue_end            @ ../07_TCPL04B_MCAL/tcpl04x_ll_flash.c:103:5
	str	r2, [r1]
	movs	r2, #3
	.loc	4 104 34                        @ ../07_TCPL04B_MCAL/tcpl04x_ll_flash.c:104:34
	ands	r0, r2
.Ltmp3:
	@DEBUG_VALUE: ll_flash_configrctc:rc_time <- [DW_OP_LLVM_entry_value 1] $r0
	.loc	4 0 34 is_stmt 0                @ ../07_TCPL04B_MCAL/tcpl04x_ll_flash.c:0:34
	ldr	r3, __arm_cp.1_2
	.loc	4 104 34                        @ ../07_TCPL04B_MCAL/tcpl04x_ll_flash.c:104:34
	ldr	r4, [r3]
	bics	r4, r2
	adds	r0, r4, r0
	str	r0, [r3]
	ldr	r0, __arm_cp.1_3
	.loc	4 105 5 is_stmt 1               @ ../07_TCPL04B_MCAL/tcpl04x_ll_flash.c:105:5
	str	r0, [r1]
	.loc	4 106 1 epilogue_begin          @ ../07_TCPL04B_MCAL/tcpl04x_ll_flash.c:106:1
	pop	{r4, pc}
.Ltmp4:
	.p2align	2
@ %bb.1:
	.loc	4 0 1 is_stmt 0                 @ ../07_TCPL04B_MCAL/tcpl04x_ll_flash.c:0:1
__arm_cp.1_0:
	.long	16711928                        @ 0xff00f8
.Lcpi_end9:
	.size	__arm_cp.1_0, .Lcpi_end9-__arm_cp.1_0
__arm_cp.1_1:
	.long	2857740885                      @ 0xaa55aa55
.Lcpi_end10:
	.size	__arm_cp.1_1, .Lcpi_end10-__arm_cp.1_1
__arm_cp.1_2:
	.long	16711684                        @ 0xff0004
.Lcpi_end11:
	.size	__arm_cp.1_2, .Lcpi_end11-__arm_cp.1_2
__arm_cp.1_3:
	.long	305419896                       @ 0x12345678
.Lcpi_end12:
	.size	__arm_cp.1_3, .Lcpi_end12-__arm_cp.1_3
.Lfunc_end1:
	.size	ll_flash_configrctc, .Lfunc_end1-ll_flash_configrctc
	.cfi_endproc
	.cantunwind
	.fnend
                                        @ -- End function
	.section	.text.ll_flash_erase_chip,"ax",%progbits
	.hidden	ll_flash_erase_chip             @ -- Begin function ll_flash_erase_chip
	.globl	ll_flash_erase_chip
	.p2align	2
	.type	ll_flash_erase_chip,%function
	.code	16                              @ @ll_flash_erase_chip
	.thumb_func
ll_flash_erase_chip:
.Lfunc_begin2:
	.loc	4 340 0 is_stmt 1               @ ../07_TCPL04B_MCAL/tcpl04x_ll_flash.c:340:0
	.fnstart
	.cfi_startproc
@ %bb.0:
	.save	{r4, lr}
	push	{r4, lr}
	.cfi_def_cfa_offset 8
	.cfi_offset lr, -4
	.cfi_offset r4, -8
.Ltmp5:
	.loc	4 342 5 prologue_end            @ ../07_TCPL04B_MCAL/tcpl04x_ll_flash.c:342:5
	@APP
	mrs	r0, primask
	cpsid i

	@NO_APP
	ldr	r4, __arm_cp.2_0
	ldr	r0, __arm_cp.2_1
	.loc	4 344 5                         @ ../07_TCPL04B_MCAL/tcpl04x_ll_flash.c:344:5
	str	r0, [r4]
	movs	r0, #1
	lsls	r1, r0, #24
	ldr	r2, __arm_cp.2_2
	.loc	4 346 40                        @ ../07_TCPL04B_MCAL/tcpl04x_ll_flash.c:346:40
	ldr	r3, [r2]
	bics	r3, r1
	str	r3, [r2]
	lsls	r0, r0, #16
	.loc	4 347 42                        @ ../07_TCPL04B_MCAL/tcpl04x_ll_flash.c:347:42
	ldr	r1, [r2, #4]
	orrs	r1, r0
	str	r1, [r2, #4]
.Ltmp6:
	.loc	4 349 10                        @ ../07_TCPL04B_MCAL/tcpl04x_ll_flash.c:349:10
	bl	ll_flash_erase_ready_wait
.Ltmp7:
	.loc	4 0 10 is_stmt 0                @ ../07_TCPL04B_MCAL/tcpl04x_ll_flash.c:0:10
	ldr	r1, __arm_cp.2_3
.Ltmp8:
	str	r1, [r4]
	subs	r0, r0, #1
	@APP
	cpsie i
	@NO_APP
	.loc	4 362 1 epilogue_begin is_stmt 1 @ ../07_TCPL04B_MCAL/tcpl04x_ll_flash.c:362:1
	pop	{r4, pc}
.Ltmp9:
	.p2align	2
@ %bb.1:
	.loc	4 0 1 is_stmt 0                 @ ../07_TCPL04B_MCAL/tcpl04x_ll_flash.c:0:1
__arm_cp.2_0:
	.long	16711928                        @ 0xff00f8
.Lcpi_end13:
	.size	__arm_cp.2_0, .Lcpi_end13-__arm_cp.2_0
__arm_cp.2_1:
	.long	2857740885                      @ 0xaa55aa55
.Lcpi_end14:
	.size	__arm_cp.2_1, .Lcpi_end14-__arm_cp.2_1
__arm_cp.2_2:
	.long	16711708                        @ 0xff001c
.Lcpi_end15:
	.size	__arm_cp.2_2, .Lcpi_end15-__arm_cp.2_2
__arm_cp.2_3:
	.long	305419896                       @ 0x12345678
.Lcpi_end16:
	.size	__arm_cp.2_3, .Lcpi_end16-__arm_cp.2_3
.Lfunc_end2:
	.size	ll_flash_erase_chip, .Lfunc_end2-ll_flash_erase_chip
	.cfi_endproc
	.cantunwind
	.fnend
                                        @ -- End function
	.section	.text.ll_flash_erase_ready_wait,"ax",%progbits
	.p2align	2                               @ -- Begin function ll_flash_erase_ready_wait
	.type	ll_flash_erase_ready_wait,%function
	.code	16                              @ @ll_flash_erase_ready_wait
	.thumb_func
ll_flash_erase_ready_wait:
.Lfunc_begin3:
	.loc	4 38 0 is_stmt 1                @ ../07_TCPL04B_MCAL/tcpl04x_ll_flash.c:38:0
	.fnstart
	.cfi_startproc
@ %bb.0:
	ldr	r0, __arm_cp.3_0
.Ltmp10:
	@DEBUG_VALUE: ll_flash_erase_ready_wait:timeout <- 48000000
	ldr	r1, __arm_cp.3_1
.Ltmp11:
.LBB3_1:                                @ =>This Inner Loop Header: Depth=1
	@DEBUG_VALUE: ll_flash_erase_ready_wait:timeout <- [DW_OP_consts 18446744073661551615, DW_OP_minus, DW_OP_consts 18446744073709551615, DW_OP_mul, DW_OP_consts 48000000, DW_OP_plus, DW_OP_stack_value] $r0
	.loc	4 41 29 prologue_end            @ ../07_TCPL04B_MCAL/tcpl04x_ll_flash.c:41:29
	ldr	r3, [r1]
	movs	r2, #2
	.loc	4 41 47 is_stmt 0               @ ../07_TCPL04B_MCAL/tcpl04x_ll_flash.c:41:47
	ands	r2, r3
	.loc	4 41 5                          @ ../07_TCPL04B_MCAL/tcpl04x_ll_flash.c:41:5
	beq	.LBB3_3
.Ltmp12:
@ %bb.2:                                @   in Loop: Header=BB3_1 Depth=1
	@DEBUG_VALUE: ll_flash_erase_ready_wait:timeout <- [DW_OP_consts 18446744073661551615, DW_OP_minus, DW_OP_consts 18446744073709551615, DW_OP_mul, DW_OP_consts 48000000, DW_OP_plus, DW_OP_stack_value] $r0
	@DEBUG_VALUE: ll_flash_erase_ready_wait:timeout <- [DW_OP_consts 18446744073661551615, DW_OP_minus, DW_OP_consts 18446744073709551615, DW_OP_mul, DW_OP_consts 47999999, DW_OP_plus, DW_OP_stack_value] $r0
	.loc	4 43 23 is_stmt 1               @ ../07_TCPL04B_MCAL/tcpl04x_ll_flash.c:43:23
	adds	r0, r0, #1
.Ltmp13:
	.loc	4 43 13 is_stmt 0               @ ../07_TCPL04B_MCAL/tcpl04x_ll_flash.c:43:13
	blo	.LBB3_1
.Ltmp14:
.LBB3_3:
	.loc	4 41 47 is_stmt 1               @ ../07_TCPL04B_MCAL/tcpl04x_ll_flash.c:41:47
	rsbs	r0, r2, #0
	adcs	r0, r2
	.loc	4 50 1                          @ ../07_TCPL04B_MCAL/tcpl04x_ll_flash.c:50:1
	bx	lr
.Ltmp15:
	.p2align	2
@ %bb.4:
	.loc	4 0 1 is_stmt 0                 @ ../07_TCPL04B_MCAL/tcpl04x_ll_flash.c:0:1
__arm_cp.3_0:
	.long	4246967295                      @ 0xfd2393ff
.Lcpi_end17:
	.size	__arm_cp.3_0, .Lcpi_end17-__arm_cp.3_0
__arm_cp.3_1:
	.long	16711756                        @ 0xff004c
.Lcpi_end18:
	.size	__arm_cp.3_1, .Lcpi_end18-__arm_cp.3_1
.Lfunc_end3:
	.size	ll_flash_erase_ready_wait, .Lfunc_end3-ll_flash_erase_ready_wait
	.cfi_endproc
	.cantunwind
	.fnend
                                        @ -- End function
	.section	.text.ll_flash_erase,"ax",%progbits
	.hidden	ll_flash_erase                  @ -- Begin function ll_flash_erase
	.globl	ll_flash_erase
	.p2align	2
	.type	ll_flash_erase,%function
	.code	16                              @ @ll_flash_erase
	.thumb_func
ll_flash_erase:
.Lfunc_begin4:
	.loc	4 374 0 is_stmt 1               @ ../07_TCPL04B_MCAL/tcpl04x_ll_flash.c:374:0
	.fnstart
	.cfi_startproc
@ %bb.0:
	@DEBUG_VALUE: ll_flash_erase:type <- $r0
	@DEBUG_VALUE: ll_flash_erase:addr <- $r1
	@DEBUG_VALUE: ll_flash_erase:length <- $r2
	@DEBUG_VALUE: ll_flash_erase:length <- $r2
	.save	{r4, r5, r6, r7, lr}
	.pad	#4
	push	{r3, r4, r5, r6, r7, lr}
	.cfi_def_cfa_offset 24
	.cfi_offset lr, -4
	.cfi_offset r7, -8
	.cfi_offset r6, -12
	.cfi_offset r5, -16
	.cfi_offset r4, -20
	mov	r5, r1
.Ltmp16:
	@DEBUG_VALUE: ll_flash_erase:res <- 0
	@DEBUG_VALUE: ll_flash_erase:addr <- $r5
	movs	r1, #0
	mvns	r6, r1
.Ltmp17:
	.loc	4 377 34 prologue_end           @ ../07_TCPL04B_MCAL/tcpl04x_ll_flash.c:377:34
	cmp	r0, #0
	bne	.LBB4_3
.Ltmp18:
@ %bb.1:
	@DEBUG_VALUE: ll_flash_erase:addr <- $r5
	@DEBUG_VALUE: ll_flash_erase:res <- 0
	@DEBUG_VALUE: ll_flash_erase:length <- $r2
	@DEBUG_VALUE: ll_flash_erase:type <- $r0
	.loc	4 0 34 is_stmt 0                @ ../07_TCPL04B_MCAL/tcpl04x_ll_flash.c:0:34
	mov	r4, r2
.Ltmp19:
	@DEBUG_VALUE: ll_flash_erase:length <- $r4
	movs	r0, #0
.Ltmp20:
	@DEBUG_VALUE: ll_flash_erase:type <- [DW_OP_LLVM_entry_value 1] $r0
	.loc	4 377 47                        @ ../07_TCPL04B_MCAL/tcpl04x_ll_flash.c:377:47
	mov	r1, r5
	bl	ll_flash_addr_valid_check
.Ltmp21:
	.loc	4 377 9                         @ ../07_TCPL04B_MCAL/tcpl04x_ll_flash.c:377:9
	cmp	r0, #0
	beq	.LBB4_3
.Ltmp22:
@ %bb.2:
	@DEBUG_VALUE: ll_flash_erase:type <- [DW_OP_LLVM_entry_value 1] $r0
	@DEBUG_VALUE: ll_flash_erase:length <- $r4
	@DEBUG_VALUE: ll_flash_erase:addr <- $r5
	@DEBUG_VALUE: ll_flash_erase:res <- 0
	.loc	4 383 5 is_stmt 1               @ ../07_TCPL04B_MCAL/tcpl04x_ll_flash.c:383:5
	@APP
	mrs	r0, primask
	cpsid i

	@NO_APP
	ldr	r7, __arm_cp.4_0
	ldr	r0, __arm_cp.4_1
	.loc	4 385 5                         @ ../07_TCPL04B_MCAL/tcpl04x_ll_flash.c:385:5
	str	r0, [r7]
	movs	r0, #1
	lsls	r0, r0, #24
	ldr	r1, __arm_cp.4_2
	.loc	4 387 40                        @ ../07_TCPL04B_MCAL/tcpl04x_ll_flash.c:387:40
	ldr	r2, [r1]
	bics	r2, r0
	str	r2, [r1]
	.loc	4 389 11                        @ ../07_TCPL04B_MCAL/tcpl04x_ll_flash.c:389:11
	mov	r0, r5
	mov	r1, r4
	bl	ll_flash_erase_reg
.Ltmp23:
	mov	r6, r0
.Ltmp24:
	@DEBUG_VALUE: ll_flash_erase:res <- $r6
	.loc	4 0 11 is_stmt 0                @ ../07_TCPL04B_MCAL/tcpl04x_ll_flash.c:0:11
	ldr	r0, __arm_cp.4_3
	.loc	4 391 5 is_stmt 1               @ ../07_TCPL04B_MCAL/tcpl04x_ll_flash.c:391:5
	str	r0, [r7]
	.loc	4 394 5                         @ ../07_TCPL04B_MCAL/tcpl04x_ll_flash.c:394:5
	@APP
	cpsie i
	@NO_APP
.Ltmp25:
.LBB4_3:
	@DEBUG_VALUE: ll_flash_erase:addr <- $r5
	.loc	4 397 1                         @ ../07_TCPL04B_MCAL/tcpl04x_ll_flash.c:397:1
	mov	r0, r6
	.loc	4 397 1 epilogue_begin is_stmt 0 @ ../07_TCPL04B_MCAL/tcpl04x_ll_flash.c:397:1
	pop	{r3, r4, r5, r6, r7, pc}
.Ltmp26:
	.p2align	2
@ %bb.4:
	.loc	4 0 1                           @ ../07_TCPL04B_MCAL/tcpl04x_ll_flash.c:0:1
__arm_cp.4_0:
	.long	16711928                        @ 0xff00f8
.Lcpi_end19:
	.size	__arm_cp.4_0, .Lcpi_end19-__arm_cp.4_0
__arm_cp.4_1:
	.long	2857740885                      @ 0xaa55aa55
.Lcpi_end20:
	.size	__arm_cp.4_1, .Lcpi_end20-__arm_cp.4_1
__arm_cp.4_2:
	.long	16711708                        @ 0xff001c
.Lcpi_end21:
	.size	__arm_cp.4_2, .Lcpi_end21-__arm_cp.4_2
__arm_cp.4_3:
	.long	305419896                       @ 0x12345678
.Lcpi_end22:
	.size	__arm_cp.4_3, .Lcpi_end22-__arm_cp.4_3
.Lfunc_end4:
	.size	ll_flash_erase, .Lfunc_end4-ll_flash_erase
	.cfi_endproc
	.cantunwind
	.fnend
                                        @ -- End function
	.section	.text.ll_flash_addr_valid_check,"ax",%progbits
	.p2align	2                               @ -- Begin function ll_flash_addr_valid_check
	.type	ll_flash_addr_valid_check,%function
	.code	16                              @ @ll_flash_addr_valid_check
	.thumb_func
ll_flash_addr_valid_check:
.Lfunc_begin5:
	.loc	4 131 0 is_stmt 1               @ ../07_TCPL04B_MCAL/tcpl04x_ll_flash.c:131:0
	.fnstart
	.cfi_startproc
@ %bb.0:
	@DEBUG_VALUE: ll_flash_addr_valid_check:type <- $r0
	@DEBUG_VALUE: ll_flash_addr_valid_check:addr <- $r1
	@DEBUG_VALUE: ll_flash_addr_valid_check:length <- $r2
	.save	{r4, r5, r7, lr}
	push	{r4, r5, r7, lr}
	.cfi_def_cfa_offset 16
	.cfi_offset lr, -4
	.cfi_offset r7, -8
	.cfi_offset r5, -12
	.cfi_offset r4, -16
	mov	r3, r0
.Ltmp27:
	@DEBUG_VALUE: ll_flash_addr_valid_check:type <- $r3
	movs	r0, #0
.Ltmp28:
	@DEBUG_VALUE: ll_flash_addr_valid_check:res <- 1
	.loc	4 134 34 prologue_end           @ ../07_TCPL04B_MCAL/tcpl04x_ll_flash.c:134:34
	cmp	r3, #1
	bhi	.LBB5_12
.Ltmp29:
@ %bb.1:
	@DEBUG_VALUE: ll_flash_addr_valid_check:res <- 1
	@DEBUG_VALUE: ll_flash_addr_valid_check:type <- $r3
	@DEBUG_VALUE: ll_flash_addr_valid_check:length <- $r2
	@DEBUG_VALUE: ll_flash_addr_valid_check:addr <- $r1
	.loc	4 134 9 is_stmt 0               @ ../07_TCPL04B_MCAL/tcpl04x_ll_flash.c:134:9
	cmp	r2, #0
	beq	.LBB5_12
.Ltmp30:
@ %bb.2:
	@DEBUG_VALUE: ll_flash_addr_valid_check:res <- 1
	@DEBUG_VALUE: ll_flash_addr_valid_check:type <- $r3
	@DEBUG_VALUE: ll_flash_addr_valid_check:length <- $r2
	@DEBUG_VALUE: ll_flash_addr_valid_check:addr <- $r1
	.loc	4 139 9 is_stmt 1               @ ../07_TCPL04B_MCAL/tcpl04x_ll_flash.c:139:9
	cmp	r3, #0
	beq	.LBB5_5
.Ltmp31:
@ %bb.3:
	@DEBUG_VALUE: ll_flash_addr_valid_check:res <- 1
	@DEBUG_VALUE: ll_flash_addr_valid_check:type <- $r3
	@DEBUG_VALUE: ll_flash_addr_valid_check:length <- $r2
	@DEBUG_VALUE: ll_flash_addr_valid_check:addr <- $r1
	.loc	4 145 45                        @ ../07_TCPL04B_MCAL/tcpl04x_ll_flash.c:145:45
	lsrs	r0, r1, #9
	ldr	r3, __arm_cp.5_0
.Ltmp32:
	adds	r3, r0, r3
	rsbs	r0, r3, #0
	adcs	r0, r3
	ldr	r3, __arm_cp.5_1
	subs	r1, r3, r1
.Ltmp33:
	@DEBUG_VALUE: ll_flash_addr_valid_check:addr <- [DW_OP_LLVM_entry_value 1] $r1
	cmp	r1, r2
	bhs	.LBB5_10
.Ltmp34:
@ %bb.4:
	@DEBUG_VALUE: ll_flash_addr_valid_check:addr <- [DW_OP_LLVM_entry_value 1] $r1
	@DEBUG_VALUE: ll_flash_addr_valid_check:res <- 1
	@DEBUG_VALUE: ll_flash_addr_valid_check:length <- $r2
	.loc	4 0 45 is_stmt 0                @ ../07_TCPL04B_MCAL/tcpl04x_ll_flash.c:0:45
	movs	r1, #0
	b	.LBB5_11
.Ltmp35:
.LBB5_5:
	@DEBUG_VALUE: ll_flash_addr_valid_check:res <- 1
	@DEBUG_VALUE: ll_flash_addr_valid_check:type <- $r3
	@DEBUG_VALUE: ll_flash_addr_valid_check:length <- $r2
	@DEBUG_VALUE: ll_flash_addr_valid_check:addr <- $r1
	.loc	4 141 21 is_stmt 1              @ ../07_TCPL04B_MCAL/tcpl04x_ll_flash.c:141:21
	lsrs	r0, r1, #14
	movs	r3, #1
.Ltmp36:
	.loc	4 0 21 is_stmt 0                @ ../07_TCPL04B_MCAL/tcpl04x_ll_flash.c:0:21
	movs	r4, #0
	.loc	4 141 21                        @ ../07_TCPL04B_MCAL/tcpl04x_ll_flash.c:141:21
	cmp	r0, #3
	mov	r0, r3
	blo	.LBB5_7
.Ltmp37:
@ %bb.6:
	@DEBUG_VALUE: ll_flash_addr_valid_check:res <- 1
	@DEBUG_VALUE: ll_flash_addr_valid_check:length <- $r2
	@DEBUG_VALUE: ll_flash_addr_valid_check:addr <- $r1
	.loc	4 0 21                          @ ../07_TCPL04B_MCAL/tcpl04x_ll_flash.c:0:21
	mov	r0, r4
.Ltmp38:
.LBB5_7:
	@DEBUG_VALUE: ll_flash_addr_valid_check:res <- 1
	@DEBUG_VALUE: ll_flash_addr_valid_check:length <- $r2
	@DEBUG_VALUE: ll_flash_addr_valid_check:addr <- $r1
	movs	r5, #3
	lsls	r5, r5, #14
	.loc	4 141 38                        @ ../07_TCPL04B_MCAL/tcpl04x_ll_flash.c:141:38
	subs	r1, r5, r1
.Ltmp39:
	@DEBUG_VALUE: ll_flash_addr_valid_check:addr <- [DW_OP_LLVM_entry_value 1] $r1
	cmp	r1, r2
	bhs	.LBB5_9
.Ltmp40:
@ %bb.8:
	@DEBUG_VALUE: ll_flash_addr_valid_check:addr <- [DW_OP_LLVM_entry_value 1] $r1
	@DEBUG_VALUE: ll_flash_addr_valid_check:res <- 1
	@DEBUG_VALUE: ll_flash_addr_valid_check:length <- $r2
	.loc	4 0 38                          @ ../07_TCPL04B_MCAL/tcpl04x_ll_flash.c:0:38
	mov	r3, r4
.Ltmp41:
.LBB5_9:
	@DEBUG_VALUE: ll_flash_addr_valid_check:addr <- [DW_OP_LLVM_entry_value 1] $r1
	@DEBUG_VALUE: ll_flash_addr_valid_check:res <- 1
	@DEBUG_VALUE: ll_flash_addr_valid_check:length <- $r2
	.loc	4 141 38                        @ ../07_TCPL04B_MCAL/tcpl04x_ll_flash.c:141:38
	ands	r0, r3
.Ltmp42:
	@DEBUG_VALUE: ll_flash_addr_valid_check:res <- [DW_OP_LLVM_convert 1 7, DW_OP_LLVM_convert 8 7, DW_OP_stack_value] $r0
	@DEBUG_VALUE: ll_flash_addr_valid_check:res <- undef
	.loc	4 150 1 epilogue_begin is_stmt 1 @ ../07_TCPL04B_MCAL/tcpl04x_ll_flash.c:150:1
	pop	{r4, r5, r7, pc}
.Ltmp43:
.LBB5_10:
	@DEBUG_VALUE: ll_flash_addr_valid_check:addr <- [DW_OP_LLVM_entry_value 1] $r1
	@DEBUG_VALUE: ll_flash_addr_valid_check:res <- 1
	@DEBUG_VALUE: ll_flash_addr_valid_check:length <- $r2
	.loc	4 0 1 is_stmt 0                 @ ../07_TCPL04B_MCAL/tcpl04x_ll_flash.c:0:1
	movs	r1, #1
.Ltmp44:
.LBB5_11:
	@DEBUG_VALUE: ll_flash_addr_valid_check:addr <- [DW_OP_LLVM_entry_value 1] $r1
	@DEBUG_VALUE: ll_flash_addr_valid_check:res <- 1
	@DEBUG_VALUE: ll_flash_addr_valid_check:length <- $r2
	.loc	4 145 45 is_stmt 1              @ ../07_TCPL04B_MCAL/tcpl04x_ll_flash.c:145:45
	ands	r0, r1
.Ltmp45:
	@DEBUG_VALUE: ll_flash_addr_valid_check:res <- [DW_OP_LLVM_convert 1 7, DW_OP_LLVM_convert 8 7, DW_OP_stack_value] $r0
	@DEBUG_VALUE: ll_flash_addr_valid_check:res <- undef
.LBB5_12:
	@DEBUG_VALUE: ll_flash_addr_valid_check:length <- $r2
	.loc	4 150 1 epilogue_begin          @ ../07_TCPL04B_MCAL/tcpl04x_ll_flash.c:150:1
	pop	{r4, r5, r7, pc}
.Ltmp46:
	.p2align	2
@ %bb.13:
	.loc	4 0 1 is_stmt 0                 @ ../07_TCPL04B_MCAL/tcpl04x_ll_flash.c:0:1
__arm_cp.5_0:
	.long	4294950912                      @ 0xffffc000
.Lcpi_end23:
	.size	__arm_cp.5_0, .Lcpi_end23-__arm_cp.5_0
__arm_cp.5_1:
	.long	8389120                         @ 0x800200
.Lcpi_end24:
	.size	__arm_cp.5_1, .Lcpi_end24-__arm_cp.5_1
.Lfunc_end5:
	.size	ll_flash_addr_valid_check, .Lfunc_end5-ll_flash_addr_valid_check
	.cfi_endproc
	.cantunwind
	.fnend
                                        @ -- End function
	.section	.text.ll_flash_erase_reg,"ax",%progbits
	.p2align	2                               @ -- Begin function ll_flash_erase_reg
	.type	ll_flash_erase_reg,%function
	.code	16                              @ @ll_flash_erase_reg
	.thumb_func
ll_flash_erase_reg:
.Lfunc_begin6:
	.loc	4 162 0 is_stmt 1               @ ../07_TCPL04B_MCAL/tcpl04x_ll_flash.c:162:0
	.fnstart
	.cfi_startproc
@ %bb.0:
	@DEBUG_VALUE: ll_flash_erase_reg:addr <- $r0
	@DEBUG_VALUE: ll_flash_erase_reg:length <- $r1
	.save	{r4, r5, r6, r7, lr}
	.pad	#4
	push	{r3, r4, r5, r6, r7, lr}
	.cfi_def_cfa_offset 24
	.cfi_offset lr, -4
	.cfi_offset r7, -8
	.cfi_offset r6, -12
	.cfi_offset r5, -16
	.cfi_offset r4, -20
	ldr	r4, __arm_cp.6_0
.Ltmp47:
	@DEBUG_VALUE: ll_flash_erase_reg:sector_end <- [DW_OP_LLVM_convert 32 7, DW_OP_LLVM_convert 16 7, DW_OP_plus_uconst 1, DW_OP_stack_value] undef
	.loc	4 166 33 prologue_end           @ ../07_TCPL04B_MCAL/tcpl04x_ll_flash.c:166:33
	ldr	r2, [r4, #12]
	movs	r5, #16
	bics	r2, r5
	str	r2, [r4, #12]
	.loc	4 164 59                        @ ../07_TCPL04B_MCAL/tcpl04x_ll_flash.c:164:59
	adds	r1, r0, r1
.Ltmp48:
	@DEBUG_VALUE: ll_flash_erase_reg:length <- [DW_OP_LLVM_entry_value 1] $r1
	.loc	4 164 68 is_stmt 0              @ ../07_TCPL04B_MCAL/tcpl04x_ll_flash.c:164:68
	subs	r1, r1, #1
.Ltmp49:
	.loc	4 118 42 is_stmt 1              @ ../07_TCPL04B_MCAL/tcpl04x_ll_flash.c:118:42
	lsrs	r1, r1, #9
.Ltmp50:
	.loc	4 164 74                        @ ../07_TCPL04B_MCAL/tcpl04x_ll_flash.c:164:74
	adds	r1, r1, #1
	uxth	r6, r1
.Ltmp51:
	@DEBUG_VALUE: ll_flash_sector_get:addr <- $r0
	.loc	4 118 42                        @ ../07_TCPL04B_MCAL/tcpl04x_ll_flash.c:118:42
	lsrs	r0, r0, #9
.Ltmp52:
	@DEBUG_VALUE: ll_flash_erase_reg:addr <- [DW_OP_LLVM_entry_value 1] $r0
	@DEBUG_VALUE: ll_flash_erase_reg:sector_start <- [DW_OP_LLVM_convert 32 7, DW_OP_LLVM_convert 16 7, DW_OP_stack_value] $r0
	.loc	4 168 27                        @ ../07_TCPL04B_MCAL/tcpl04x_ll_flash.c:168:27
	uxth	r7, r0
.Ltmp53:
	@DEBUG_VALUE: index <- $r7
.LBB6_1:                                @ =>This Inner Loop Header: Depth=1
	@DEBUG_VALUE: index <- $r7
	@DEBUG_VALUE: ll_flash_erase_reg:addr <- [DW_OP_LLVM_entry_value 1] $r0
	@DEBUG_VALUE: ll_flash_erase_reg:length <- [DW_OP_LLVM_entry_value 1] $r1
	@DEBUG_VALUE: index <- $r7
	.loc	4 168 5 is_stmt 0               @ ../07_TCPL04B_MCAL/tcpl04x_ll_flash.c:168:5
	cmp	r7, r6
	bhs	.LBB6_4
.Ltmp54:
@ %bb.2:                                @   in Loop: Header=BB6_1 Depth=1
	@DEBUG_VALUE: index <- $r7
	@DEBUG_VALUE: ll_flash_erase_reg:addr <- [DW_OP_LLVM_entry_value 1] $r0
	@DEBUG_VALUE: ll_flash_erase_reg:length <- [DW_OP_LLVM_entry_value 1] $r1
	.loc	4 0 5                           @ ../07_TCPL04B_MCAL/tcpl04x_ll_flash.c:0:5
	movs	r0, #127
.Ltmp55:
	.loc	4 171 42 is_stmt 1              @ ../07_TCPL04B_MCAL/tcpl04x_ll_flash.c:171:42
	mov	r1, r7
	ands	r1, r0
	ldr	r2, [r4]
	bics	r2, r0
	adds	r0, r2, r1
	str	r0, [r4]
	.loc	4 175 48                        @ ../07_TCPL04B_MCAL/tcpl04x_ll_flash.c:175:48
	ldr	r0, [r4, #4]
	movs	r1, #1
	orrs	r1, r0
	str	r1, [r4, #4]
.Ltmp56:
	.loc	4 168 66                        @ ../07_TCPL04B_MCAL/tcpl04x_ll_flash.c:168:66
	adds	r7, r7, #1
.Ltmp57:
	@DEBUG_VALUE: index <- $r7
	.loc	4 177 14                        @ ../07_TCPL04B_MCAL/tcpl04x_ll_flash.c:177:14
	bl	ll_flash_erase_ready_wait
.Ltmp58:
	.loc	4 177 13 is_stmt 0              @ ../07_TCPL04B_MCAL/tcpl04x_ll_flash.c:177:13
	cmp	r0, #0
	bne	.LBB6_1
.Ltmp59:
@ %bb.3:
	@DEBUG_VALUE: index <- $r7
	@DEBUG_VALUE: ll_flash_erase_reg:addr <- [DW_OP_LLVM_entry_value 1] $r0
	@DEBUG_VALUE: ll_flash_erase_reg:length <- [DW_OP_LLVM_entry_value 1] $r1
	.loc	4 0 13                          @ ../07_TCPL04B_MCAL/tcpl04x_ll_flash.c:0:13
	movs	r0, #0
	mvns	r0, r0
	b	.LBB6_5
.Ltmp60:
.LBB6_4:
	@DEBUG_VALUE: index <- $r7
	@DEBUG_VALUE: ll_flash_erase_reg:addr <- [DW_OP_LLVM_entry_value 1] $r0
	@DEBUG_VALUE: ll_flash_erase_reg:length <- [DW_OP_LLVM_entry_value 1] $r1
	movs	r0, #0
.Ltmp61:
.LBB6_5:
	@DEBUG_VALUE: ll_flash_erase_reg:addr <- [DW_OP_LLVM_entry_value 1] $r0
	@DEBUG_VALUE: ll_flash_erase_reg:length <- [DW_OP_LLVM_entry_value 1] $r1
	ldr	r1, [r4, #12]
	orrs	r1, r5
	str	r1, [r4, #12]
	.loc	4 188 1 epilogue_begin is_stmt 1 @ ../07_TCPL04B_MCAL/tcpl04x_ll_flash.c:188:1
	pop	{r3, r4, r5, r6, r7, pc}
.Ltmp62:
	.p2align	2
@ %bb.6:
	.loc	4 0 1 is_stmt 0                 @ ../07_TCPL04B_MCAL/tcpl04x_ll_flash.c:0:1
__arm_cp.6_0:
	.long	16711708                        @ 0xff001c
.Lcpi_end25:
	.size	__arm_cp.6_0, .Lcpi_end25-__arm_cp.6_0
.Lfunc_end6:
	.size	ll_flash_erase_reg, .Lfunc_end6-ll_flash_erase_reg
	.cfi_endproc
	.cantunwind
	.fnend
                                        @ -- End function
	.section	.text.ll_flash_read,"ax",%progbits
	.hidden	ll_flash_read                   @ -- Begin function ll_flash_read
	.globl	ll_flash_read
	.p2align	1
	.type	ll_flash_read,%function
	.code	16                              @ @ll_flash_read
	.thumb_func
ll_flash_read:
.Lfunc_begin7:
	.loc	4 410 0 is_stmt 1               @ ../07_TCPL04B_MCAL/tcpl04x_ll_flash.c:410:0
	.fnstart
	.cfi_startproc
@ %bb.0:
	@DEBUG_VALUE: ll_flash_read:type <- $r0
	@DEBUG_VALUE: ll_flash_read:addr <- $r1
	@DEBUG_VALUE: ll_flash_read:buffer <- $r2
	@DEBUG_VALUE: ll_flash_read:length <- $r3
	.save	{r4, r5, r6, r7, lr}
	push	{r4, r5, r6, r7, lr}
	.cfi_def_cfa_offset 20
	.cfi_offset lr, -4
	.cfi_offset r7, -8
	.cfi_offset r6, -12
	.cfi_offset r5, -16
	.cfi_offset r4, -20
	.pad	#28
	sub	sp, #28
	.cfi_def_cfa_offset 48
	mov	r7, r3
.Ltmp63:
	@DEBUG_VALUE: ll_flash_read:length <- $r7
	movs	r3, #0
	mvns	r4, r3
	str	r2, [sp, #12]                   @ 4-byte Spill
.Ltmp64:
	@DEBUG_VALUE: ll_flash_read:buffer <- [DW_OP_plus_uconst 12] [$sp+0]
	.loc	4 411 26 prologue_end           @ ../07_TCPL04B_MCAL/tcpl04x_ll_flash.c:411:26
	cmp	r2, #0
	beq	.LBB7_14
.Ltmp65:
@ %bb.1:
	@DEBUG_VALUE: ll_flash_read:buffer <- [DW_OP_plus_uconst 12] [$sp+0]
	@DEBUG_VALUE: ll_flash_read:length <- $r7
	@DEBUG_VALUE: ll_flash_read:addr <- $r1
	@DEBUG_VALUE: ll_flash_read:type <- $r0
	@DEBUG_VALUE: ll_flash_read:type <- $r0
	.loc	4 0 26 is_stmt 0                @ ../07_TCPL04B_MCAL/tcpl04x_ll_flash.c:0:26
	str	r3, [sp, #8]                    @ 4-byte Spill
	mov	r5, r1
	.loc	4 411 39                        @ ../07_TCPL04B_MCAL/tcpl04x_ll_flash.c:411:39
	mov	r2, r7
	bl	ll_flash_addr_valid_check
.Ltmp66:
	@DEBUG_VALUE: ll_flash_read:addr <- [DW_OP_LLVM_entry_value 1] $r1
	.loc	4 411 9                         @ ../07_TCPL04B_MCAL/tcpl04x_ll_flash.c:411:9
	cmp	r0, #0
	beq	.LBB7_14
.Ltmp67:
@ %bb.2:
	@DEBUG_VALUE: ll_flash_read:addr <- [DW_OP_LLVM_entry_value 1] $r1
	@DEBUG_VALUE: ll_flash_read:buffer <- [DW_OP_plus_uconst 12] [$sp+0]
	@DEBUG_VALUE: ll_flash_read:length <- $r7
	.loc	4 0 9                           @ ../07_TCPL04B_MCAL/tcpl04x_ll_flash.c:0:9
	movs	r4, #7
.Ltmp68:
	@DEBUG_VALUE: ll_flash_read_reg:length <- $r7
	@DEBUG_VALUE: ll_flash_read_reg:buffer <- [DW_OP_plus_uconst 12] [$sp+0]
	@DEBUG_VALUE: ll_flash_read_reg:addr <- $r5
	@DEBUG_VALUE: ll_flash_read_reg:temp_data <- [DW_OP_plus_uconst 16, DW_OP_deref] $sp
	.loc	4 298 28 is_stmt 1              @ ../07_TCPL04B_MCAL/tcpl04x_ll_flash.c:298:28
	mov	r0, r5
	ands	r0, r4
.Ltmp69:
	@DEBUG_VALUE: ll_flash_read_reg:ptr <- [DW_OP_plus_uconst 16, DW_OP_stack_value] $sp
	@DEBUG_VALUE: ll_flash_read_reg:offset <- $r0
	.loc	4 0 28 is_stmt 0                @ ../07_TCPL04B_MCAL/tcpl04x_ll_flash.c:0:28
	mov	r1, r5
.Ltmp70:
	@DEBUG_VALUE: ll_flash_read_reg:addr <- $r1
	.loc	4 302 9 is_stmt 1               @ ../07_TCPL04B_MCAL/tcpl04x_ll_flash.c:302:9
	beq	.LBB7_6
.Ltmp71:
@ %bb.3:
	@DEBUG_VALUE: ll_flash_read_reg:addr <- $r1
	@DEBUG_VALUE: ll_flash_read_reg:offset <- $r0
	@DEBUG_VALUE: ll_flash_read_reg:ptr <- [DW_OP_plus_uconst 16, DW_OP_stack_value] $sp
	@DEBUG_VALUE: ll_flash_read_reg:temp_data <- [DW_OP_plus_uconst 16, DW_OP_deref] $sp
	@DEBUG_VALUE: ll_flash_read_reg:buffer <- [DW_OP_plus_uconst 12] [$sp+0]
	@DEBUG_VALUE: ll_flash_read_reg:length <- $r7
	@DEBUG_VALUE: ll_flash_read:addr <- [DW_OP_LLVM_entry_value 1] $r1
	@DEBUG_VALUE: ll_flash_read:buffer <- [DW_OP_plus_uconst 12] [$sp+0]
	@DEBUG_VALUE: ll_flash_read:length <- $r7
	.loc	4 0 9 is_stmt 0                 @ ../07_TCPL04B_MCAL/tcpl04x_ll_flash.c:0:9
	mov	r5, r1
.Ltmp72:
	.loc	4 304 76 is_stmt 1              @ ../07_TCPL04B_MCAL/tcpl04x_ll_flash.c:304:76
	bics	r1, r4
.Ltmp73:
	.loc	4 304 43 is_stmt 0              @ ../07_TCPL04B_MCAL/tcpl04x_ll_flash.c:304:43
	ldr	r2, [r1]
	ldr	r1, [r1, #4]
	.loc	4 304 41                        @ ../07_TCPL04B_MCAL/tcpl04x_ll_flash.c:304:41
	str	r1, [sp, #20]
	str	r2, [sp, #16]
	add	r1, sp, #16
	.loc	4 306 53 is_stmt 1              @ ../07_TCPL04B_MCAL/tcpl04x_ll_flash.c:306:53
	adds	r1, r1, r0
	movs	r2, #8
	@DEBUG_VALUE: ll_flash_read_reg:temp_data <- [DW_OP_plus_uconst 16, DW_OP_deref] $sp
	.loc	4 305 48                        @ ../07_TCPL04B_MCAL/tcpl04x_ll_flash.c:305:48
	subs	r2, r2, r0
	.loc	4 305 20 is_stmt 0              @ ../07_TCPL04B_MCAL/tcpl04x_ll_flash.c:305:20
	cmp	r2, r7
	blo	.LBB7_5
.Ltmp74:
@ %bb.4:
	@DEBUG_VALUE: ll_flash_read_reg:offset <- $r0
	@DEBUG_VALUE: ll_flash_read_reg:ptr <- [DW_OP_plus_uconst 16, DW_OP_stack_value] $sp
	@DEBUG_VALUE: ll_flash_read_reg:temp_data <- [DW_OP_plus_uconst 16, DW_OP_deref] $sp
	@DEBUG_VALUE: ll_flash_read_reg:buffer <- [DW_OP_plus_uconst 12] [$sp+0]
	@DEBUG_VALUE: ll_flash_read_reg:length <- $r7
	@DEBUG_VALUE: ll_flash_read:addr <- [DW_OP_LLVM_entry_value 1] $r1
	@DEBUG_VALUE: ll_flash_read:buffer <- [DW_OP_plus_uconst 12] [$sp+0]
	@DEBUG_VALUE: ll_flash_read:length <- $r7
	.loc	4 0 20                          @ ../07_TCPL04B_MCAL/tcpl04x_ll_flash.c:0:20
	mov	r2, r7
.Ltmp75:
.LBB7_5:
	@DEBUG_VALUE: ll_flash_read_reg:offset <- $r0
	@DEBUG_VALUE: ll_flash_read_reg:ptr <- [DW_OP_plus_uconst 16, DW_OP_stack_value] $sp
	@DEBUG_VALUE: ll_flash_read_reg:temp_data <- [DW_OP_plus_uconst 16, DW_OP_deref] $sp
	@DEBUG_VALUE: ll_flash_read_reg:buffer <- [DW_OP_plus_uconst 12] [$sp+0]
	@DEBUG_VALUE: ll_flash_read_reg:length <- $r7
	@DEBUG_VALUE: ll_flash_read:addr <- [DW_OP_LLVM_entry_value 1] $r1
	@DEBUG_VALUE: ll_flash_read:buffer <- [DW_OP_plus_uconst 12] [$sp+0]
	@DEBUG_VALUE: ll_flash_read:length <- $r7
	@DEBUG_VALUE: ll_flash_read_reg:offset <- $r2
	@DEBUG_VALUE: ll_flash_read_reg:read_len <- $r2
	.loc	4 306 9 is_stmt 1               @ ../07_TCPL04B_MCAL/tcpl04x_ll_flash.c:306:9
	ldr	r0, [sp, #12]                   @ 4-byte Reload
	str	r2, [sp, #8]                    @ 4-byte Spill
.Ltmp76:
	@DEBUG_VALUE: ll_flash_read_reg:read_len <- [DW_OP_plus_uconst 8] [$sp+0]
	@DEBUG_VALUE: ll_flash_read_reg:offset <- [DW_OP_plus_uconst 8] [$sp+0]
	bl	__aeabi_memcpy
.Ltmp77:
	.loc	4 0 9 is_stmt 0                 @ ../07_TCPL04B_MCAL/tcpl04x_ll_flash.c:0:9
	mov	r1, r5
.Ltmp78:
.LBB7_6:
	@DEBUG_VALUE: ll_flash_read_reg:ptr <- [DW_OP_plus_uconst 16, DW_OP_stack_value] $sp
	@DEBUG_VALUE: ll_flash_read_reg:temp_data <- [DW_OP_plus_uconst 16, DW_OP_deref] $sp
	@DEBUG_VALUE: ll_flash_read_reg:buffer <- [DW_OP_plus_uconst 12] [$sp+0]
	@DEBUG_VALUE: ll_flash_read_reg:length <- $r7
	@DEBUG_VALUE: ll_flash_read:addr <- [DW_OP_LLVM_entry_value 1] $r1
	@DEBUG_VALUE: ll_flash_read:buffer <- [DW_OP_plus_uconst 12] [$sp+0]
	@DEBUG_VALUE: ll_flash_read:length <- $r7
	@DEBUG_VALUE: ll_flash_read_reg:offset <- [DW_OP_plus_uconst 8] [$sp+0]
	ldr	r3, [sp, #8]                    @ 4-byte Reload
	.loc	4 310 28 is_stmt 1              @ ../07_TCPL04B_MCAL/tcpl04x_ll_flash.c:310:28
	subs	r2, r7, r3
.Ltmp79:
	@DEBUG_VALUE: ll_flash_read_reg:remain_length <- $r2
	.loc	4 311 37                        @ ../07_TCPL04B_MCAL/tcpl04x_ll_flash.c:311:37
	mov	r0, r2
	ands	r0, r4
.Ltmp80:
	@DEBUG_VALUE: ll_flash_read_reg:reseverd_length <- $r0
	.loc	4 0 37 is_stmt 0                @ ../07_TCPL04B_MCAL/tcpl04x_ll_flash.c:0:37
	str	r0, [sp, #4]                    @ 4-byte Spill
.Ltmp81:
	@DEBUG_VALUE: ll_flash_read_reg:reseverd_length <- [DW_OP_plus_uconst 4] [$sp+0]
	@DEBUG_VALUE: ll_flash_read_reg:reseverd_length <- [DW_OP_plus_uconst 4] [$sp+0]
	.loc	4 313 9 is_stmt 1               @ ../07_TCPL04B_MCAL/tcpl04x_ll_flash.c:313:9
	cmp	r2, #8
	blo	.LBB7_11
.Ltmp82:
@ %bb.7:
	@DEBUG_VALUE: ll_flash_read_reg:reseverd_length <- [DW_OP_plus_uconst 4] [$sp+0]
	@DEBUG_VALUE: ll_flash_read_reg:remain_length <- $r2
	@DEBUG_VALUE: ll_flash_read_reg:offset <- [DW_OP_plus_uconst 8] [$sp+0]
	@DEBUG_VALUE: ll_flash_read_reg:ptr <- [DW_OP_plus_uconst 16, DW_OP_stack_value] $sp
	@DEBUG_VALUE: ll_flash_read_reg:temp_data <- [DW_OP_plus_uconst 16, DW_OP_deref] $sp
	@DEBUG_VALUE: ll_flash_read_reg:buffer <- [DW_OP_plus_uconst 12] [$sp+0]
	@DEBUG_VALUE: ll_flash_read_reg:length <- $r7
	@DEBUG_VALUE: ll_flash_read:addr <- [DW_OP_LLVM_entry_value 1] $r1
	@DEBUG_VALUE: ll_flash_read:buffer <- [DW_OP_plus_uconst 12] [$sp+0]
	@DEBUG_VALUE: ll_flash_read:length <- $r7
	.loc	4 0 9 is_stmt 0                 @ ../07_TCPL04B_MCAL/tcpl04x_ll_flash.c:0:9
	str	r1, [sp]                        @ 4-byte Spill
.Ltmp83:
	.loc	4 318 49 is_stmt 1              @ ../07_TCPL04B_MCAL/tcpl04x_ll_flash.c:318:49
	adds	r1, r3, r1
.Ltmp84:
	.loc	4 315 9                         @ ../07_TCPL04B_MCAL/tcpl04x_ll_flash.c:315:9
	ldr	r0, [sp, #12]                   @ 4-byte Reload
	adds	r3, r0, r3
	bics	r2, r4
.Ltmp85:
	.loc	4 0 9 is_stmt 0                 @ ../07_TCPL04B_MCAL/tcpl04x_ll_flash.c:0:9
	movs	r4, #0
.Ltmp86:
.LBB7_8:                                @ =>This Inner Loop Header: Depth=1
	@DEBUG_VALUE: ll_flash_read_reg:reseverd_length <- [DW_OP_plus_uconst 4] [$sp+0]
	@DEBUG_VALUE: ll_flash_read_reg:ptr <- [DW_OP_plus_uconst 16, DW_OP_stack_value] $sp
	@DEBUG_VALUE: ll_flash_read_reg:temp_data <- [DW_OP_plus_uconst 16, DW_OP_deref] $sp
	@DEBUG_VALUE: ll_flash_read_reg:buffer <- [DW_OP_plus_uconst 12] [$sp+0]
	@DEBUG_VALUE: ll_flash_read:addr <- [DW_OP_LLVM_entry_value 1] $r1
	@DEBUG_VALUE: ll_flash_read:buffer <- [DW_OP_plus_uconst 12] [$sp+0]
	@DEBUG_VALUE: ll_flash_read_reg:offset <- [DW_OP_LLVM_arg 0, DW_OP_consts 8, DW_OP_div, DW_OP_consts 8, DW_OP_mul, DW_OP_LLVM_arg 1, DW_OP_plus_uconst 8, DW_OP_deref, DW_OP_plus, DW_OP_stack_value] $r4, $sp
	@DEBUG_VALUE: i <- $r4
	.loc	4 315 9                         @ ../07_TCPL04B_MCAL/tcpl04x_ll_flash.c:315:9
	cmp	r4, r2
	bhs	.LBB7_10
.Ltmp87:
@ %bb.9:                                @   in Loop: Header=BB7_8 Depth=1
	@DEBUG_VALUE: i <- $r4
	@DEBUG_VALUE: ll_flash_read_reg:offset <- [DW_OP_LLVM_arg 0, DW_OP_consts 8, DW_OP_div, DW_OP_consts 8, DW_OP_mul, DW_OP_LLVM_arg 1, DW_OP_plus_uconst 8, DW_OP_deref, DW_OP_plus, DW_OP_stack_value] $r4, $sp
	@DEBUG_VALUE: ll_flash_read_reg:reseverd_length <- [DW_OP_plus_uconst 4] [$sp+0]
	@DEBUG_VALUE: ll_flash_read_reg:ptr <- [DW_OP_plus_uconst 16, DW_OP_stack_value] $sp
	@DEBUG_VALUE: ll_flash_read_reg:temp_data <- [DW_OP_plus_uconst 16, DW_OP_deref] $sp
	@DEBUG_VALUE: ll_flash_read_reg:buffer <- [DW_OP_plus_uconst 12] [$sp+0]
	@DEBUG_VALUE: ll_flash_read:addr <- [DW_OP_LLVM_entry_value 1] $r1
	@DEBUG_VALUE: ll_flash_read:buffer <- [DW_OP_plus_uconst 12] [$sp+0]
	.loc	4 318 49 is_stmt 1              @ ../07_TCPL04B_MCAL/tcpl04x_ll_flash.c:318:49
	adds	r5, r1, r4
	.loc	4 318 47 is_stmt 0              @ ../07_TCPL04B_MCAL/tcpl04x_ll_flash.c:318:47
	ldr	r7, [r5, #4]
.Ltmp88:
	@DEBUG_VALUE: ll_flash_read:length <- [DW_OP_LLVM_entry_value 1] $r3
	ldr	r5, [r1, r4]
	.loc	4 319 13 is_stmt 1              @ ../07_TCPL04B_MCAL/tcpl04x_ll_flash.c:319:13
	strb	r5, [r3, r4]
	@DEBUG_VALUE: ll_flash_read_reg:temp_data <- [DW_OP_plus_uconst 16, DW_OP_deref] $sp
	adds	r6, r3, r4
	strb	r7, [r6, #4]
	lsrs	r0, r5, #24
	strb	r0, [r6, #3]
	lsrs	r0, r5, #16
	strb	r0, [r6, #2]
	lsrs	r0, r5, #8
	strb	r0, [r6, #1]
	lsrs	r0, r7, #24
	strb	r0, [r6, #7]
	lsrs	r0, r7, #16
	strb	r0, [r6, #6]
	lsrs	r0, r7, #8
	strb	r0, [r6, #5]
	.loc	4 318 45                        @ ../07_TCPL04B_MCAL/tcpl04x_ll_flash.c:318:45
	str	r7, [sp, #20]
	str	r5, [sp, #16]
.Ltmp89:
	@DEBUG_VALUE: ll_flash_read_reg:offset <- [DW_OP_LLVM_arg 0, DW_OP_consts 8, DW_OP_div, DW_OP_consts 8, DW_OP_mul, DW_OP_consts 8, DW_OP_LLVM_arg 1, DW_OP_plus_uconst 8, DW_OP_deref, DW_OP_plus, DW_OP_plus, DW_OP_stack_value] $r4, $sp
	.loc	4 315 69                        @ ../07_TCPL04B_MCAL/tcpl04x_ll_flash.c:315:69
	adds	r4, #8
.Ltmp90:
	@DEBUG_VALUE: i <- $r4
	.loc	4 0 69 is_stmt 0                @ ../07_TCPL04B_MCAL/tcpl04x_ll_flash.c:0:69
	b	.LBB7_8
.Ltmp91:
.LBB7_10:
	@DEBUG_VALUE: ll_flash_read_reg:offset <- [DW_OP_LLVM_arg 0, DW_OP_consts 8, DW_OP_div, DW_OP_consts 8, DW_OP_mul, DW_OP_LLVM_arg 1, DW_OP_plus_uconst 8, DW_OP_deref, DW_OP_plus, DW_OP_stack_value] $r4, $sp
	@DEBUG_VALUE: ll_flash_read_reg:reseverd_length <- [DW_OP_plus_uconst 4] [$sp+0]
	@DEBUG_VALUE: ll_flash_read_reg:ptr <- [DW_OP_plus_uconst 16, DW_OP_stack_value] $sp
	@DEBUG_VALUE: ll_flash_read_reg:temp_data <- [DW_OP_plus_uconst 16, DW_OP_deref] $sp
	@DEBUG_VALUE: ll_flash_read_reg:buffer <- [DW_OP_plus_uconst 12] [$sp+0]
	@DEBUG_VALUE: ll_flash_read:addr <- [DW_OP_LLVM_entry_value 1] $r1
	@DEBUG_VALUE: ll_flash_read:buffer <- [DW_OP_plus_uconst 12] [$sp+0]
	ldr	r3, [sp, #8]                    @ 4-byte Reload
.Ltmp92:
	.loc	4 324 9 is_stmt 1               @ ../07_TCPL04B_MCAL/tcpl04x_ll_flash.c:324:9
	adds	r3, r3, r4
	ldr	r1, [sp]                        @ 4-byte Reload
.Ltmp93:
.LBB7_11:
	@DEBUG_VALUE: ll_flash_read_reg:reseverd_length <- [DW_OP_plus_uconst 4] [$sp+0]
	@DEBUG_VALUE: ll_flash_read_reg:ptr <- [DW_OP_plus_uconst 16, DW_OP_stack_value] $sp
	@DEBUG_VALUE: ll_flash_read_reg:temp_data <- [DW_OP_plus_uconst 16, DW_OP_deref] $sp
	@DEBUG_VALUE: ll_flash_read_reg:buffer <- [DW_OP_plus_uconst 12] [$sp+0]
	@DEBUG_VALUE: ll_flash_read:addr <- [DW_OP_LLVM_entry_value 1] $r1
	@DEBUG_VALUE: ll_flash_read:buffer <- [DW_OP_plus_uconst 12] [$sp+0]
	.loc	4 0 9 is_stmt 0                 @ ../07_TCPL04B_MCAL/tcpl04x_ll_flash.c:0:9
	ldr	r2, [sp, #4]                    @ 4-byte Reload
.Ltmp94:
	@DEBUG_VALUE: ll_flash_read_reg:offset <- $r3
	.loc	4 324 9                         @ ../07_TCPL04B_MCAL/tcpl04x_ll_flash.c:324:9
	cmp	r2, #0
	beq	.LBB7_13
.Ltmp95:
@ %bb.12:
	@DEBUG_VALUE: ll_flash_read_reg:offset <- $r3
	@DEBUG_VALUE: ll_flash_read_reg:reseverd_length <- [DW_OP_plus_uconst 4] [$sp+0]
	@DEBUG_VALUE: ll_flash_read_reg:ptr <- [DW_OP_plus_uconst 16, DW_OP_stack_value] $sp
	@DEBUG_VALUE: ll_flash_read_reg:temp_data <- [DW_OP_plus_uconst 16, DW_OP_deref] $sp
	@DEBUG_VALUE: ll_flash_read_reg:buffer <- [DW_OP_plus_uconst 12] [$sp+0]
	@DEBUG_VALUE: ll_flash_read:addr <- [DW_OP_LLVM_entry_value 1] $r1
	@DEBUG_VALUE: ll_flash_read:buffer <- [DW_OP_plus_uconst 12] [$sp+0]
	.loc	4 326 43 is_stmt 1              @ ../07_TCPL04B_MCAL/tcpl04x_ll_flash.c:326:43
	ldr	r0, [r3, r1]
	.loc	4 326 76 is_stmt 0              @ ../07_TCPL04B_MCAL/tcpl04x_ll_flash.c:326:76
	adds	r1, r3, r1
	.loc	4 326 43                        @ ../07_TCPL04B_MCAL/tcpl04x_ll_flash.c:326:43
	ldr	r1, [r1, #4]
	.loc	4 326 41                        @ ../07_TCPL04B_MCAL/tcpl04x_ll_flash.c:326:41
	str	r1, [sp, #20]
	str	r0, [sp, #16]
	@DEBUG_VALUE: ll_flash_read_reg:temp_data <- [DW_OP_plus_uconst 16, DW_OP_deref] $sp
	.loc	4 328 35 is_stmt 1              @ ../07_TCPL04B_MCAL/tcpl04x_ll_flash.c:328:35
	ldr	r0, [sp, #12]                   @ 4-byte Reload
	adds	r0, r0, r3
	add	r1, sp, #16
	.loc	4 328 9 is_stmt 0               @ ../07_TCPL04B_MCAL/tcpl04x_ll_flash.c:328:9
	bl	__aeabi_memcpy
.Ltmp96:
.LBB7_13:
	@DEBUG_VALUE: ll_flash_read_reg:reseverd_length <- [DW_OP_plus_uconst 4] [$sp+0]
	@DEBUG_VALUE: ll_flash_read_reg:ptr <- [DW_OP_plus_uconst 16, DW_OP_stack_value] $sp
	@DEBUG_VALUE: ll_flash_read_reg:temp_data <- [DW_OP_plus_uconst 16, DW_OP_deref] $sp
	@DEBUG_VALUE: ll_flash_read_reg:buffer <- [DW_OP_plus_uconst 12] [$sp+0]
	@DEBUG_VALUE: ll_flash_read:addr <- [DW_OP_LLVM_entry_value 1] $r1
	@DEBUG_VALUE: ll_flash_read:buffer <- [DW_OP_plus_uconst 12] [$sp+0]
	.loc	4 0 9                           @ ../07_TCPL04B_MCAL/tcpl04x_ll_flash.c:0:9
	movs	r4, #0
.Ltmp97:
.LBB7_14:
	@DEBUG_VALUE: ll_flash_read:buffer <- [DW_OP_plus_uconst 12] [$sp+0]
	.loc	4 419 1 is_stmt 1               @ ../07_TCPL04B_MCAL/tcpl04x_ll_flash.c:419:1
	mov	r0, r4
	.loc	4 419 1 epilogue_begin is_stmt 0 @ ../07_TCPL04B_MCAL/tcpl04x_ll_flash.c:419:1
	add	sp, #28
	pop	{r4, r5, r6, r7, pc}
.Ltmp98:
.Lfunc_end7:
	.size	ll_flash_read, .Lfunc_end7-ll_flash_read
	.cfi_endproc
	.cantunwind
	.fnend
                                        @ -- End function
	.section	.text.ll_flash_write,"ax",%progbits
	.hidden	ll_flash_write                  @ -- Begin function ll_flash_write
	.globl	ll_flash_write
	.p2align	2
	.type	ll_flash_write,%function
	.code	16                              @ @ll_flash_write
	.thumb_func
ll_flash_write:
.Lfunc_begin8:
	.loc	4 432 0 is_stmt 1               @ ../07_TCPL04B_MCAL/tcpl04x_ll_flash.c:432:0
	.fnstart
	.cfi_startproc
@ %bb.0:
	@DEBUG_VALUE: ll_flash_write:type <- $r0
	@DEBUG_VALUE: ll_flash_write:addr <- $r1
	@DEBUG_VALUE: ll_flash_write:buffer <- $r2
	@DEBUG_VALUE: ll_flash_write:length <- $r3
	@DEBUG_VALUE: ll_flash_write:length <- $r3
	@DEBUG_VALUE: ll_flash_write:buffer <- $r2
	.save	{r4, r5, r6, r7, lr}
	.pad	#4
	push	{r3, r4, r5, r6, r7, lr}
	.cfi_def_cfa_offset 24
	.cfi_offset lr, -4
	.cfi_offset r7, -8
	.cfi_offset r6, -12
	.cfi_offset r5, -16
	.cfi_offset r4, -20
	mov	r6, r1
.Ltmp99:
	@DEBUG_VALUE: ll_flash_write:addr <- $r6
	movs	r1, #0
	mvns	r7, r1
.Ltmp100:
	.loc	4 433 26 prologue_end           @ ../07_TCPL04B_MCAL/tcpl04x_ll_flash.c:433:26
	cmp	r0, #0
	bne	.LBB8_4
.Ltmp101:
@ %bb.1:
	@DEBUG_VALUE: ll_flash_write:addr <- $r6
	@DEBUG_VALUE: ll_flash_write:length <- $r3
	@DEBUG_VALUE: ll_flash_write:buffer <- $r2
	@DEBUG_VALUE: ll_flash_write:type <- $r0
	@DEBUG_VALUE: ll_flash_write:length <- $r3
	.loc	4 0 26 is_stmt 0                @ ../07_TCPL04B_MCAL/tcpl04x_ll_flash.c:0:26
	mov	r5, r2
.Ltmp102:
	@DEBUG_VALUE: ll_flash_write:buffer <- $r5
	.loc	4 433 26                        @ ../07_TCPL04B_MCAL/tcpl04x_ll_flash.c:433:26
	cmp	r2, #0
	beq	.LBB8_4
.Ltmp103:
@ %bb.2:
	@DEBUG_VALUE: ll_flash_write:buffer <- $r5
	@DEBUG_VALUE: ll_flash_write:addr <- $r6
	@DEBUG_VALUE: ll_flash_write:length <- $r3
	@DEBUG_VALUE: ll_flash_write:type <- $r0
	.loc	4 0 26                          @ ../07_TCPL04B_MCAL/tcpl04x_ll_flash.c:0:26
	mov	r4, r3
.Ltmp104:
	@DEBUG_VALUE: ll_flash_write:length <- $r4
	movs	r0, #0
.Ltmp105:
	@DEBUG_VALUE: ll_flash_write:type <- [DW_OP_LLVM_entry_value 1] $r0
	.loc	4 434 19 is_stmt 1              @ ../07_TCPL04B_MCAL/tcpl04x_ll_flash.c:434:19
	mov	r1, r6
	mov	r2, r3
	bl	ll_flash_addr_valid_check
.Ltmp106:
	.loc	4 433 9                         @ ../07_TCPL04B_MCAL/tcpl04x_ll_flash.c:433:9
	cmp	r0, #0
	beq	.LBB8_4
.Ltmp107:
@ %bb.3:
	@DEBUG_VALUE: ll_flash_write:type <- [DW_OP_LLVM_entry_value 1] $r0
	@DEBUG_VALUE: ll_flash_write:length <- $r4
	@DEBUG_VALUE: ll_flash_write:buffer <- $r5
	@DEBUG_VALUE: ll_flash_write:addr <- $r6
	.loc	4 440 5                         @ ../07_TCPL04B_MCAL/tcpl04x_ll_flash.c:440:5
	@APP
	mrs	r0, primask
	cpsid i

	@NO_APP
	ldr	r1, __arm_cp.8_0
	ldr	r0, __arm_cp.8_1
	.loc	4 442 5                         @ ../07_TCPL04B_MCAL/tcpl04x_ll_flash.c:442:5
	str	r0, [r1]
	movs	r0, #1
	lsls	r0, r0, #24
	ldr	r1, __arm_cp.8_2
	.loc	4 444 40                        @ ../07_TCPL04B_MCAL/tcpl04x_ll_flash.c:444:40
	ldr	r2, [r1]
	bics	r2, r0
	str	r2, [r1]
	.loc	4 446 15                        @ ../07_TCPL04B_MCAL/tcpl04x_ll_flash.c:446:15
	mov	r0, r6
	mov	r1, r5
	mov	r2, r4
	bl	ll_flash_write_reg
.Ltmp108:
	mov	r7, r0
.Ltmp109:
	@DEBUG_VALUE: ll_flash_write:res <- $r7
	.loc	4 0 15 is_stmt 0                @ ../07_TCPL04B_MCAL/tcpl04x_ll_flash.c:0:15
	ldr	r0, __arm_cp.8_3
	.loc	4 448 5 is_stmt 1               @ ../07_TCPL04B_MCAL/tcpl04x_ll_flash.c:448:5
	ldr	r1, __arm_cp.8_0
	str	r0, [r1]
	.loc	4 451 5                         @ ../07_TCPL04B_MCAL/tcpl04x_ll_flash.c:451:5
	@APP
	cpsie i
	@NO_APP
.Ltmp110:
.LBB8_4:
	@DEBUG_VALUE: ll_flash_write:addr <- $r6
	.loc	4 454 1                         @ ../07_TCPL04B_MCAL/tcpl04x_ll_flash.c:454:1
	mov	r0, r7
	.loc	4 454 1 epilogue_begin is_stmt 0 @ ../07_TCPL04B_MCAL/tcpl04x_ll_flash.c:454:1
	pop	{r3, r4, r5, r6, r7, pc}
.Ltmp111:
	.p2align	2
@ %bb.5:
	.loc	4 0 1                           @ ../07_TCPL04B_MCAL/tcpl04x_ll_flash.c:0:1
__arm_cp.8_0:
	.long	16711928                        @ 0xff00f8
.Lcpi_end26:
	.size	__arm_cp.8_0, .Lcpi_end26-__arm_cp.8_0
__arm_cp.8_1:
	.long	2857740885                      @ 0xaa55aa55
.Lcpi_end27:
	.size	__arm_cp.8_1, .Lcpi_end27-__arm_cp.8_1
__arm_cp.8_2:
	.long	16711708                        @ 0xff001c
.Lcpi_end28:
	.size	__arm_cp.8_2, .Lcpi_end28-__arm_cp.8_2
__arm_cp.8_3:
	.long	305419896                       @ 0x12345678
.Lcpi_end29:
	.size	__arm_cp.8_3, .Lcpi_end29-__arm_cp.8_3
.Lfunc_end8:
	.size	ll_flash_write, .Lfunc_end8-ll_flash_write
	.cfi_endproc
	.cantunwind
	.fnend
                                        @ -- End function
	.section	.text.ll_flash_write_reg,"ax",%progbits
	.p2align	2                               @ -- Begin function ll_flash_write_reg
	.type	ll_flash_write_reg,%function
	.code	16                              @ @ll_flash_write_reg
	.thumb_func
ll_flash_write_reg:
.Lfunc_begin9:
	.loc	4 200 0 is_stmt 1               @ ../07_TCPL04B_MCAL/tcpl04x_ll_flash.c:200:0
	.fnstart
	.cfi_startproc
@ %bb.0:
	@DEBUG_VALUE: ll_flash_write_reg:addr <- $r0
	@DEBUG_VALUE: ll_flash_write_reg:buffer <- $r1
	@DEBUG_VALUE: ll_flash_write_reg:length <- $r2
	.save	{r4, r5, r6, r7, lr}
	push	{r4, r5, r6, r7, lr}
	.cfi_def_cfa_offset 20
	.cfi_offset lr, -4
	.cfi_offset r7, -8
	.cfi_offset r6, -12
	.cfi_offset r5, -16
	.cfi_offset r4, -20
	.pad	#44
	sub	sp, #44
	.cfi_def_cfa_offset 64
	str	r1, [sp, #20]                   @ 4-byte Spill
.Ltmp112:
	@DEBUG_VALUE: ll_flash_write_reg:buffer <- [DW_OP_plus_uconst 20] [$sp+0]
	mov	r4, r0
.Ltmp113:
	@DEBUG_VALUE: ll_flash_write_reg:addr <- $r4
	ldr	r5, __arm_cp.9_0
.Ltmp114:
	@DEBUG_VALUE: ll_flash_write_reg:ptr <- [DW_OP_plus_uconst 32, DW_OP_stack_value] $sp
	.loc	4 207 33 prologue_end           @ ../07_TCPL04B_MCAL/tcpl04x_ll_flash.c:207:33
	ldr	r0, [r5]
	movs	r6, #16
	bics	r0, r6
	str	r0, [r5]
	movs	r7, #7
	.loc	4 203 28                        @ ../07_TCPL04B_MCAL/tcpl04x_ll_flash.c:203:28
	mov	r1, r4
	ands	r1, r7
.Ltmp115:
	@DEBUG_VALUE: ll_flash_write_reg:offset <- $r1
	.loc	4 0 28 is_stmt 0                @ ../07_TCPL04B_MCAL/tcpl04x_ll_flash.c:0:28
	movs	r3, #0
	mvns	r0, r3
	.loc	4 209 9 is_stmt 1               @ ../07_TCPL04B_MCAL/tcpl04x_ll_flash.c:209:9
	str	r0, [sp, #16]                   @ 4-byte Spill
	cmp	r1, #0
	str	r2, [sp, #28]                   @ 4-byte Spill
.Ltmp116:
	@DEBUG_VALUE: ll_flash_write_reg:length <- [DW_OP_plus_uconst 28] [$sp+0]
	str	r4, [sp, #12]                   @ 4-byte Spill
	str	r7, [sp, #8]                    @ 4-byte Spill
	beq	.LBB9_4
.Ltmp117:
@ %bb.1:
	@DEBUG_VALUE: ll_flash_write_reg:length <- [DW_OP_plus_uconst 28] [$sp+0]
	@DEBUG_VALUE: ll_flash_write_reg:offset <- $r1
	@DEBUG_VALUE: ll_flash_write_reg:ptr <- [DW_OP_plus_uconst 32, DW_OP_stack_value] $sp
	@DEBUG_VALUE: ll_flash_write_reg:addr <- $r4
	@DEBUG_VALUE: ll_flash_write_reg:buffer <- [DW_OP_plus_uconst 20] [$sp+0]
	.loc	4 0 9 is_stmt 0                 @ ../07_TCPL04B_MCAL/tcpl04x_ll_flash.c:0:9
	movs	r0, #0
	mvns	r0, r0
.Ltmp118:
	.loc	4 212 19 is_stmt 1              @ ../07_TCPL04B_MCAL/tcpl04x_ll_flash.c:212:19
	str	r0, [sp, #32]
	str	r0, [sp, #36]
	.loc	4 216 76                        @ ../07_TCPL04B_MCAL/tcpl04x_ll_flash.c:216:76
	bics	r4, r7
.Ltmp119:
	@DEBUG_VALUE: ll_flash_write_reg:addr <- [DW_OP_LLVM_entry_value 1] $r0
	.loc	4 216 43 is_stmt 0              @ ../07_TCPL04B_MCAL/tcpl04x_ll_flash.c:216:43
	ldr	r0, [r4]
	ldr	r3, [r4, #4]
	.loc	4 216 41                        @ ../07_TCPL04B_MCAL/tcpl04x_ll_flash.c:216:41
	str	r3, [sp, #36]
	str	r0, [sp, #32]
	add	r0, sp, #32
	.loc	4 218 32 is_stmt 1              @ ../07_TCPL04B_MCAL/tcpl04x_ll_flash.c:218:32
	adds	r0, r0, r1
	movs	r3, #8
	.loc	4 217 49                        @ ../07_TCPL04B_MCAL/tcpl04x_ll_flash.c:217:49
	subs	r7, r3, r1
	.loc	4 217 21 is_stmt 0              @ ../07_TCPL04B_MCAL/tcpl04x_ll_flash.c:217:21
	cmp	r7, r2
	blo	.LBB9_3
.Ltmp120:
@ %bb.2:
	@DEBUG_VALUE: ll_flash_write_reg:addr <- [DW_OP_LLVM_entry_value 1] $r0
	@DEBUG_VALUE: ll_flash_write_reg:length <- [DW_OP_plus_uconst 28] [$sp+0]
	@DEBUG_VALUE: ll_flash_write_reg:offset <- $r1
	@DEBUG_VALUE: ll_flash_write_reg:ptr <- [DW_OP_plus_uconst 32, DW_OP_stack_value] $sp
	@DEBUG_VALUE: ll_flash_write_reg:buffer <- [DW_OP_plus_uconst 20] [$sp+0]
	.loc	4 0 21                          @ ../07_TCPL04B_MCAL/tcpl04x_ll_flash.c:0:21
	mov	r7, r2
.Ltmp121:
.LBB9_3:
	@DEBUG_VALUE: ll_flash_write_reg:addr <- [DW_OP_LLVM_entry_value 1] $r0
	@DEBUG_VALUE: ll_flash_write_reg:length <- [DW_OP_plus_uconst 28] [$sp+0]
	@DEBUG_VALUE: ll_flash_write_reg:offset <- $r1
	@DEBUG_VALUE: ll_flash_write_reg:ptr <- [DW_OP_plus_uconst 32, DW_OP_stack_value] $sp
	@DEBUG_VALUE: ll_flash_write_reg:buffer <- [DW_OP_plus_uconst 20] [$sp+0]
	@DEBUG_VALUE: ll_flash_write_reg:write_len <- $r7
	.loc	4 218 9 is_stmt 1               @ ../07_TCPL04B_MCAL/tcpl04x_ll_flash.c:218:9
	ldr	r1, [sp, #20]                   @ 4-byte Reload
.Ltmp122:
	mov	r2, r7
	bl	__aeabi_memcpy
.Ltmp123:
	.loc	4 222 55                        @ ../07_TCPL04B_MCAL/tcpl04x_ll_flash.c:222:55
	ldr	r0, [sp, #32]
	ldr	r1, [sp, #36]
	.loc	4 222 53 is_stmt 0              @ ../07_TCPL04B_MCAL/tcpl04x_ll_flash.c:222:53
	str	r1, [r4, #4]
	str	r0, [r4]
.Ltmp124:
	.loc	4 224 14 is_stmt 1              @ ../07_TCPL04B_MCAL/tcpl04x_ll_flash.c:224:14
	bl	ll_flash_program_ready_wait
.Ltmp125:
	.loc	4 0 14 is_stmt 0                @ ../07_TCPL04B_MCAL/tcpl04x_ll_flash.c:0:14
	mov	r3, r7
.Ltmp126:
	@DEBUG_VALUE: ll_flash_write_reg:write_len <- $r3
	ldr	r2, [sp, #28]                   @ 4-byte Reload
.Ltmp127:
	.loc	4 224 13                        @ ../07_TCPL04B_MCAL/tcpl04x_ll_flash.c:224:13
	cmp	r0, #0
	ldr	r4, [sp, #12]                   @ 4-byte Reload
	ldr	r7, [sp, #8]                    @ 4-byte Reload
	beq	.LBB9_14
.Ltmp128:
.LBB9_4:
	@DEBUG_VALUE: ll_flash_write_reg:length <- [DW_OP_plus_uconst 28] [$sp+0]
	@DEBUG_VALUE: ll_flash_write_reg:ptr <- [DW_OP_plus_uconst 32, DW_OP_stack_value] $sp
	@DEBUG_VALUE: ll_flash_write_reg:buffer <- [DW_OP_plus_uconst 20] [$sp+0]
	@DEBUG_VALUE: ll_flash_write_reg:offset <- $r3
	.loc	4 234 28 is_stmt 1              @ ../07_TCPL04B_MCAL/tcpl04x_ll_flash.c:234:28
	subs	r1, r2, r3
.Ltmp129:
	@DEBUG_VALUE: ll_flash_write_reg:reseverd_length <- undef
	@DEBUG_VALUE: ll_flash_write_reg:remain_length <- $r1
	.loc	4 237 9                         @ ../07_TCPL04B_MCAL/tcpl04x_ll_flash.c:237:9
	cmp	r1, #8
	str	r1, [sp, #4]                    @ 4-byte Spill
	blo	.LBB9_10
.Ltmp130:
@ %bb.5:
	@DEBUG_VALUE: ll_flash_write_reg:remain_length <- $r1
	@DEBUG_VALUE: ll_flash_write_reg:offset <- $r3
	@DEBUG_VALUE: ll_flash_write_reg:length <- [DW_OP_plus_uconst 28] [$sp+0]
	@DEBUG_VALUE: ll_flash_write_reg:ptr <- [DW_OP_plus_uconst 32, DW_OP_stack_value] $sp
	@DEBUG_VALUE: ll_flash_write_reg:buffer <- [DW_OP_plus_uconst 20] [$sp+0]
	.loc	4 0 9 is_stmt 0                 @ ../07_TCPL04B_MCAL/tcpl04x_ll_flash.c:0:9
	str	r6, [sp]                        @ 4-byte Spill
.Ltmp131:
	.loc	4 239 9 is_stmt 1               @ ../07_TCPL04B_MCAL/tcpl04x_ll_flash.c:239:9
	ldr	r0, [sp, #20]                   @ 4-byte Reload
	adds	r5, r0, r3
.Ltmp132:
	.loc	4 245 15                        @ ../07_TCPL04B_MCAL/tcpl04x_ll_flash.c:245:15
	adds	r4, r3, r4
	bics	r1, r7
.Ltmp133:
	.loc	4 0 15 is_stmt 0                @ ../07_TCPL04B_MCAL/tcpl04x_ll_flash.c:0:15
	str	r1, [sp, #24]                   @ 4-byte Spill
	movs	r7, #0
.Ltmp134:
.LBB9_6:                                @ =>This Inner Loop Header: Depth=1
	@DEBUG_VALUE: ll_flash_write_reg:length <- [DW_OP_plus_uconst 28] [$sp+0]
	@DEBUG_VALUE: ll_flash_write_reg:ptr <- [DW_OP_plus_uconst 32, DW_OP_stack_value] $sp
	@DEBUG_VALUE: ll_flash_write_reg:buffer <- [DW_OP_plus_uconst 20] [$sp+0]
	@DEBUG_VALUE: ll_flash_write_reg:offset <- [DW_OP_LLVM_arg 0, DW_OP_consts 8, DW_OP_div, DW_OP_consts 8, DW_OP_mul, DW_OP_LLVM_arg 1, DW_OP_plus, DW_OP_stack_value] $r7, $r3
	@DEBUG_VALUE: i <- $r7
	.loc	4 239 9 is_stmt 1               @ ../07_TCPL04B_MCAL/tcpl04x_ll_flash.c:239:9
	ldr	r0, [sp, #24]                   @ 4-byte Reload
	cmp	r7, r0
	bhs	.LBB9_9
.Ltmp135:
@ %bb.7:                                @   in Loop: Header=BB9_6 Depth=1
	@DEBUG_VALUE: i <- $r7
	@DEBUG_VALUE: ll_flash_write_reg:offset <- [DW_OP_LLVM_arg 0, DW_OP_consts 8, DW_OP_div, DW_OP_consts 8, DW_OP_mul, DW_OP_LLVM_arg 1, DW_OP_plus, DW_OP_stack_value] $r7, $r3
	@DEBUG_VALUE: ll_flash_write_reg:length <- [DW_OP_plus_uconst 28] [$sp+0]
	@DEBUG_VALUE: ll_flash_write_reg:ptr <- [DW_OP_plus_uconst 32, DW_OP_stack_value] $sp
	@DEBUG_VALUE: ll_flash_write_reg:buffer <- [DW_OP_plus_uconst 20] [$sp+0]
	.loc	4 0 9 is_stmt 0                 @ ../07_TCPL04B_MCAL/tcpl04x_ll_flash.c:0:9
	mov	r6, r3
.Ltmp136:
	@DEBUG_VALUE: ll_flash_write_reg:offset <- [DW_OP_LLVM_arg 0, DW_OP_consts 8, DW_OP_div, DW_OP_consts 8, DW_OP_mul, DW_OP_LLVM_arg 1, DW_OP_plus, DW_OP_stack_value] $r7, $r6
	.loc	4 241 13 is_stmt 1              @ ../07_TCPL04B_MCAL/tcpl04x_ll_flash.c:241:13
	adds	r0, r5, r7
	ldrb	r1, [r0, #4]
	ldrb	r2, [r0, #5]
	lsls	r2, r2, #8
	adds	r1, r2, r1
	ldrb	r2, [r0, #6]
	lsls	r2, r2, #16
	ldrb	r3, [r0, #7]
	lsls	r3, r3, #24
	adds	r2, r3, r2
	adds	r1, r2, r1
	str	r1, [sp, #36]
	ldrb	r1, [r5, r7]
	ldrb	r2, [r0, #1]
	lsls	r2, r2, #8
	adds	r1, r2, r1
	ldrb	r2, [r0, #2]
	lsls	r2, r2, #16
	ldrb	r0, [r0, #3]
	lsls	r0, r0, #24
	adds	r0, r0, r2
	adds	r0, r0, r1
	str	r0, [sp, #32]
	.loc	4 245 59                        @ ../07_TCPL04B_MCAL/tcpl04x_ll_flash.c:245:59
	ldr	r0, [sp, #36]
	ldr	r1, [sp, #32]
	.loc	4 245 57 is_stmt 0              @ ../07_TCPL04B_MCAL/tcpl04x_ll_flash.c:245:57
	str	r1, [r4, r7]
	.loc	4 245 15                        @ ../07_TCPL04B_MCAL/tcpl04x_ll_flash.c:245:15
	adds	r1, r4, r7
	.loc	4 245 57                        @ ../07_TCPL04B_MCAL/tcpl04x_ll_flash.c:245:57
	str	r0, [r1, #4]
.Ltmp137:
	.loc	4 247 18 is_stmt 1              @ ../07_TCPL04B_MCAL/tcpl04x_ll_flash.c:247:18
	bl	ll_flash_program_ready_wait
.Ltmp138:
	.loc	4 247 17 is_stmt 0              @ ../07_TCPL04B_MCAL/tcpl04x_ll_flash.c:247:17
	cmp	r0, #0
	beq	.LBB9_13
.Ltmp139:
@ %bb.8:                                @   in Loop: Header=BB9_6 Depth=1
	@DEBUG_VALUE: ll_flash_write_reg:offset <- [DW_OP_LLVM_arg 0, DW_OP_consts 8, DW_OP_div, DW_OP_consts 8, DW_OP_mul, DW_OP_LLVM_arg 1, DW_OP_plus, DW_OP_stack_value] $r7, $r6
	@DEBUG_VALUE: i <- $r7
	@DEBUG_VALUE: ll_flash_write_reg:length <- [DW_OP_plus_uconst 28] [$sp+0]
	@DEBUG_VALUE: ll_flash_write_reg:ptr <- [DW_OP_plus_uconst 32, DW_OP_stack_value] $sp
	@DEBUG_VALUE: ll_flash_write_reg:buffer <- [DW_OP_plus_uconst 20] [$sp+0]
	@DEBUG_VALUE: ll_flash_write_reg:offset <- [DW_OP_LLVM_arg 0, DW_OP_consts 8, DW_OP_div, DW_OP_consts 8, DW_OP_mul, DW_OP_consts 8, DW_OP_LLVM_arg 1, DW_OP_plus, DW_OP_plus, DW_OP_stack_value] $r7, $r6
	.loc	4 239 69 is_stmt 1              @ ../07_TCPL04B_MCAL/tcpl04x_ll_flash.c:239:69
	adds	r7, #8
.Ltmp140:
	@DEBUG_VALUE: i <- $r7
	.loc	4 0 69 is_stmt 0                @ ../07_TCPL04B_MCAL/tcpl04x_ll_flash.c:0:69
	ldr	r2, [sp, #28]                   @ 4-byte Reload
	mov	r3, r6
	b	.LBB9_6
.Ltmp141:
.LBB9_9:
	@DEBUG_VALUE: ll_flash_write_reg:offset <- [DW_OP_LLVM_arg 0, DW_OP_consts 8, DW_OP_div, DW_OP_consts 8, DW_OP_mul, DW_OP_LLVM_arg 1, DW_OP_plus, DW_OP_stack_value] $r7, $r3
	@DEBUG_VALUE: ll_flash_write_reg:length <- [DW_OP_plus_uconst 28] [$sp+0]
	@DEBUG_VALUE: ll_flash_write_reg:ptr <- [DW_OP_plus_uconst 32, DW_OP_stack_value] $sp
	@DEBUG_VALUE: ll_flash_write_reg:buffer <- [DW_OP_plus_uconst 20] [$sp+0]
	.loc	4 258 9 is_stmt 1               @ ../07_TCPL04B_MCAL/tcpl04x_ll_flash.c:258:9
	adds	r3, r3, r7
.Ltmp142:
	.loc	4 0 9 is_stmt 0                 @ ../07_TCPL04B_MCAL/tcpl04x_ll_flash.c:0:9
	ldr	r5, __arm_cp.9_0
	ldr	r6, [sp]                        @ 4-byte Reload
	ldr	r4, [sp, #12]                   @ 4-byte Reload
	ldr	r7, [sp, #8]                    @ 4-byte Reload
.Ltmp143:
.LBB9_10:
	@DEBUG_VALUE: ll_flash_write_reg:length <- [DW_OP_plus_uconst 28] [$sp+0]
	@DEBUG_VALUE: ll_flash_write_reg:ptr <- [DW_OP_plus_uconst 32, DW_OP_stack_value] $sp
	@DEBUG_VALUE: ll_flash_write_reg:buffer <- [DW_OP_plus_uconst 20] [$sp+0]
	ldr	r0, [sp, #4]                    @ 4-byte Reload
	ands	r0, r7
.Ltmp144:
	@DEBUG_VALUE: ll_flash_write_reg:reseverd_length <- $r0
	@DEBUG_VALUE: ll_flash_write_reg:offset <- $r3
	@DEBUG_VALUE: ll_flash_write_reg:reseverd_length <- $r0
	.loc	4 258 9                         @ ../07_TCPL04B_MCAL/tcpl04x_ll_flash.c:258:9
	beq	.LBB9_12
.Ltmp145:
@ %bb.11:
	@DEBUG_VALUE: ll_flash_write_reg:reseverd_length <- $r0
	@DEBUG_VALUE: ll_flash_write_reg:offset <- $r3
	@DEBUG_VALUE: ll_flash_write_reg:length <- [DW_OP_plus_uconst 28] [$sp+0]
	@DEBUG_VALUE: ll_flash_write_reg:ptr <- [DW_OP_plus_uconst 32, DW_OP_stack_value] $sp
	@DEBUG_VALUE: ll_flash_write_reg:buffer <- [DW_OP_plus_uconst 20] [$sp+0]
	.loc	4 0 9                           @ ../07_TCPL04B_MCAL/tcpl04x_ll_flash.c:0:9
	mov	r7, r0
.Ltmp146:
	@DEBUG_VALUE: ll_flash_write_reg:reseverd_length <- $r7
	@DEBUG_VALUE: ll_flash_write_reg:reseverd_length <- $r7
	movs	r0, #0
	mvns	r0, r0
.Ltmp147:
	.loc	4 261 19 is_stmt 1              @ ../07_TCPL04B_MCAL/tcpl04x_ll_flash.c:261:19
	str	r0, [sp, #36]
	str	r0, [sp, #32]
	.loc	4 265 58                        @ ../07_TCPL04B_MCAL/tcpl04x_ll_flash.c:265:58
	subs	r0, r2, r7
	.loc	4 265 44 is_stmt 0              @ ../07_TCPL04B_MCAL/tcpl04x_ll_flash.c:265:44
	ldr	r1, [sp, #20]                   @ 4-byte Reload
	adds	r1, r1, r0
	add	r0, sp, #32
	.loc	4 265 9                         @ ../07_TCPL04B_MCAL/tcpl04x_ll_flash.c:265:9
	mov	r2, r7
	mov	r7, r3
.Ltmp148:
	@DEBUG_VALUE: ll_flash_write_reg:offset <- $r7
	bl	__aeabi_memcpy
.Ltmp149:
	.loc	4 269 55 is_stmt 1              @ ../07_TCPL04B_MCAL/tcpl04x_ll_flash.c:269:55
	ldr	r0, [sp, #36]
	ldr	r1, [sp, #32]
	.loc	4 269 53 is_stmt 0              @ ../07_TCPL04B_MCAL/tcpl04x_ll_flash.c:269:53
	str	r1, [r7, r4]
	.loc	4 269 42                        @ ../07_TCPL04B_MCAL/tcpl04x_ll_flash.c:269:42
	adds	r1, r7, r4
	.loc	4 269 53                        @ ../07_TCPL04B_MCAL/tcpl04x_ll_flash.c:269:53
	str	r0, [r1, #4]
.Ltmp150:
	.loc	4 271 14 is_stmt 1              @ ../07_TCPL04B_MCAL/tcpl04x_ll_flash.c:271:14
	bl	ll_flash_program_ready_wait
.Ltmp151:
	.loc	4 0 14 is_stmt 0                @ ../07_TCPL04B_MCAL/tcpl04x_ll_flash.c:0:14
	ldr	r1, [sp, #16]                   @ 4-byte Reload
.Ltmp152:
	.loc	4 271 13                        @ ../07_TCPL04B_MCAL/tcpl04x_ll_flash.c:271:13
	cmp	r0, #0
	beq	.LBB9_15
.Ltmp153:
.LBB9_12:
	@DEBUG_VALUE: ll_flash_write_reg:length <- [DW_OP_plus_uconst 28] [$sp+0]
	@DEBUG_VALUE: ll_flash_write_reg:ptr <- [DW_OP_plus_uconst 32, DW_OP_stack_value] $sp
	@DEBUG_VALUE: ll_flash_write_reg:buffer <- [DW_OP_plus_uconst 20] [$sp+0]
	.loc	4 0 13                          @ ../07_TCPL04B_MCAL/tcpl04x_ll_flash.c:0:13
	movs	r1, #0
	b	.LBB9_15
.Ltmp154:
.LBB9_13:
	@DEBUG_VALUE: ll_flash_write_reg:offset <- [DW_OP_LLVM_arg 0, DW_OP_consts 8, DW_OP_div, DW_OP_consts 8, DW_OP_mul, DW_OP_LLVM_arg 1, DW_OP_plus, DW_OP_stack_value] $r7, $r6
	@DEBUG_VALUE: i <- $r7
	@DEBUG_VALUE: ll_flash_write_reg:length <- [DW_OP_plus_uconst 28] [$sp+0]
	@DEBUG_VALUE: ll_flash_write_reg:ptr <- [DW_OP_plus_uconst 32, DW_OP_stack_value] $sp
	@DEBUG_VALUE: ll_flash_write_reg:buffer <- [DW_OP_plus_uconst 20] [$sp+0]
	ldr	r5, __arm_cp.9_0
	ldr	r6, [sp]                        @ 4-byte Reload
.Ltmp155:
.LBB9_14:
	@DEBUG_VALUE: ll_flash_write_reg:length <- [DW_OP_plus_uconst 28] [$sp+0]
	@DEBUG_VALUE: ll_flash_write_reg:ptr <- [DW_OP_plus_uconst 32, DW_OP_stack_value] $sp
	@DEBUG_VALUE: ll_flash_write_reg:buffer <- [DW_OP_plus_uconst 20] [$sp+0]
	ldr	r1, [sp, #16]                   @ 4-byte Reload
.Ltmp156:
.LBB9_15:
	@DEBUG_VALUE: ll_flash_write_reg:length <- [DW_OP_plus_uconst 28] [$sp+0]
	@DEBUG_VALUE: ll_flash_write_reg:ptr <- [DW_OP_plus_uconst 32, DW_OP_stack_value] $sp
	@DEBUG_VALUE: ll_flash_write_reg:buffer <- [DW_OP_plus_uconst 20] [$sp+0]
	ldr	r0, [r5]
	orrs	r0, r6
	str	r0, [r5]
	.loc	4 282 1 is_stmt 1               @ ../07_TCPL04B_MCAL/tcpl04x_ll_flash.c:282:1
	mov	r0, r1
	.loc	4 282 1 epilogue_begin is_stmt 0 @ ../07_TCPL04B_MCAL/tcpl04x_ll_flash.c:282:1
	add	sp, #44
	pop	{r4, r5, r6, r7, pc}
.Ltmp157:
	.p2align	2
@ %bb.16:
	.loc	4 0 1                           @ ../07_TCPL04B_MCAL/tcpl04x_ll_flash.c:0:1
__arm_cp.9_0:
	.long	16711720                        @ 0xff0028
.Lcpi_end30:
	.size	__arm_cp.9_0, .Lcpi_end30-__arm_cp.9_0
.Lfunc_end9:
	.size	ll_flash_write_reg, .Lfunc_end9-ll_flash_write_reg
	.cfi_endproc
	.cantunwind
	.fnend
                                        @ -- End function
	.section	.text.ll_flash_smart_write,"ax",%progbits
	.hidden	ll_flash_smart_write            @ -- Begin function ll_flash_smart_write
	.globl	ll_flash_smart_write
	.p2align	2
	.type	ll_flash_smart_write,%function
	.code	16                              @ @ll_flash_smart_write
	.thumb_func
ll_flash_smart_write:
.Lfunc_begin10:
	.loc	4 467 0 is_stmt 1               @ ../07_TCPL04B_MCAL/tcpl04x_ll_flash.c:467:0
	.fnstart
	.cfi_startproc
@ %bb.0:
	@DEBUG_VALUE: ll_flash_smart_write:type <- $r0
	@DEBUG_VALUE: ll_flash_smart_write:addr <- $r1
	@DEBUG_VALUE: ll_flash_smart_write:buffer <- $r2
	@DEBUG_VALUE: ll_flash_smart_write:length <- $r3
	@DEBUG_VALUE: ll_flash_smart_write:length <- $r3
	@DEBUG_VALUE: ll_flash_smart_write:buffer <- $r2
	.save	{r4, r5, r6, r7, lr}
	.pad	#4
	push	{r3, r4, r5, r6, r7, lr}
	.cfi_def_cfa_offset 24
	.cfi_offset lr, -4
	.cfi_offset r7, -8
	.cfi_offset r6, -12
	.cfi_offset r5, -16
	.cfi_offset r4, -20
	mov	r7, r1
.Ltmp158:
	@DEBUG_VALUE: ll_flash_smart_write:addr <- $r7
	movs	r1, #0
	mvns	r4, r1
.Ltmp159:
	.loc	4 468 26 prologue_end           @ ../07_TCPL04B_MCAL/tcpl04x_ll_flash.c:468:26
	cmp	r0, #0
	bne	.LBB10_6
.Ltmp160:
@ %bb.1:
	@DEBUG_VALUE: ll_flash_smart_write:addr <- $r7
	@DEBUG_VALUE: ll_flash_smart_write:length <- $r3
	@DEBUG_VALUE: ll_flash_smart_write:buffer <- $r2
	@DEBUG_VALUE: ll_flash_smart_write:type <- $r0
	@DEBUG_VALUE: ll_flash_smart_write:length <- $r3
	.loc	4 0 26 is_stmt 0                @ ../07_TCPL04B_MCAL/tcpl04x_ll_flash.c:0:26
	mov	r6, r2
.Ltmp161:
	@DEBUG_VALUE: ll_flash_smart_write:buffer <- $r6
	.loc	4 468 26                        @ ../07_TCPL04B_MCAL/tcpl04x_ll_flash.c:468:26
	cmp	r2, #0
	beq	.LBB10_6
.Ltmp162:
@ %bb.2:
	@DEBUG_VALUE: ll_flash_smart_write:buffer <- $r6
	@DEBUG_VALUE: ll_flash_smart_write:addr <- $r7
	@DEBUG_VALUE: ll_flash_smart_write:length <- $r3
	@DEBUG_VALUE: ll_flash_smart_write:type <- $r0
	.loc	4 0 26                          @ ../07_TCPL04B_MCAL/tcpl04x_ll_flash.c:0:26
	mov	r5, r3
.Ltmp163:
	@DEBUG_VALUE: ll_flash_smart_write:length <- $r5
	movs	r0, #0
.Ltmp164:
	@DEBUG_VALUE: ll_flash_smart_write:type <- [DW_OP_LLVM_entry_value 1] $r0
	.loc	4 469 19 is_stmt 1              @ ../07_TCPL04B_MCAL/tcpl04x_ll_flash.c:469:19
	mov	r1, r7
	mov	r2, r3
	bl	ll_flash_addr_valid_check
.Ltmp165:
	.loc	4 468 9                         @ ../07_TCPL04B_MCAL/tcpl04x_ll_flash.c:468:9
	cmp	r0, #0
	beq	.LBB10_6
.Ltmp166:
@ %bb.3:
	@DEBUG_VALUE: ll_flash_smart_write:type <- [DW_OP_LLVM_entry_value 1] $r0
	@DEBUG_VALUE: ll_flash_smart_write:length <- $r5
	@DEBUG_VALUE: ll_flash_smart_write:buffer <- $r6
	@DEBUG_VALUE: ll_flash_smart_write:addr <- $r7
	.loc	4 475 5                         @ ../07_TCPL04B_MCAL/tcpl04x_ll_flash.c:475:5
	@APP
	mrs	r0, primask
	cpsid i

	@NO_APP
	ldr	r1, __arm_cp.10_0
	ldr	r0, __arm_cp.10_1
	.loc	4 477 5                         @ ../07_TCPL04B_MCAL/tcpl04x_ll_flash.c:477:5
	str	r0, [r1]
	movs	r0, #1
	lsls	r0, r0, #24
	ldr	r1, __arm_cp.10_2
	.loc	4 479 40                        @ ../07_TCPL04B_MCAL/tcpl04x_ll_flash.c:479:40
	ldr	r2, [r1]
	bics	r2, r0
	str	r2, [r1]
	.loc	4 481 15                        @ ../07_TCPL04B_MCAL/tcpl04x_ll_flash.c:481:15
	mov	r0, r7
	mov	r1, r5
	bl	ll_flash_erase_reg
.Ltmp167:
	@DEBUG_VALUE: ll_flash_smart_write:res <- $r0
	.loc	4 482 9                         @ ../07_TCPL04B_MCAL/tcpl04x_ll_flash.c:482:9
	cmp	r0, #0
	bne	.LBB10_5
.Ltmp168:
@ %bb.4:
	@DEBUG_VALUE: ll_flash_smart_write:res <- $r0
	@DEBUG_VALUE: ll_flash_smart_write:type <- [DW_OP_LLVM_entry_value 1] $r0
	@DEBUG_VALUE: ll_flash_smart_write:length <- $r5
	@DEBUG_VALUE: ll_flash_smart_write:buffer <- $r6
	@DEBUG_VALUE: ll_flash_smart_write:addr <- $r7
	.loc	4 484 15                        @ ../07_TCPL04B_MCAL/tcpl04x_ll_flash.c:484:15
	mov	r0, r7
.Ltmp169:
	mov	r1, r6
	mov	r2, r5
	bl	ll_flash_write_reg
.Ltmp170:
	mov	r4, r0
.Ltmp171:
	@DEBUG_VALUE: ll_flash_smart_write:res <- $r4
.LBB10_5:
	@DEBUG_VALUE: ll_flash_smart_write:type <- [DW_OP_LLVM_entry_value 1] $r0
	@DEBUG_VALUE: ll_flash_smart_write:length <- $r5
	@DEBUG_VALUE: ll_flash_smart_write:buffer <- $r6
	@DEBUG_VALUE: ll_flash_smart_write:addr <- $r7
	@DEBUG_VALUE: ll_flash_smart_write:res <- $r4
	.loc	4 0 15 is_stmt 0                @ ../07_TCPL04B_MCAL/tcpl04x_ll_flash.c:0:15
	ldr	r0, __arm_cp.10_3
	.loc	4 487 5 is_stmt 1               @ ../07_TCPL04B_MCAL/tcpl04x_ll_flash.c:487:5
	ldr	r1, __arm_cp.10_0
	str	r0, [r1]
	.loc	4 490 5                         @ ../07_TCPL04B_MCAL/tcpl04x_ll_flash.c:490:5
	@APP
	cpsie i
	@NO_APP
.Ltmp172:
.LBB10_6:
	@DEBUG_VALUE: ll_flash_smart_write:addr <- $r7
	.loc	4 493 1                         @ ../07_TCPL04B_MCAL/tcpl04x_ll_flash.c:493:1
	mov	r0, r4
	.loc	4 493 1 epilogue_begin is_stmt 0 @ ../07_TCPL04B_MCAL/tcpl04x_ll_flash.c:493:1
	pop	{r3, r4, r5, r6, r7, pc}
.Ltmp173:
	.p2align	2
@ %bb.7:
	.loc	4 0 1                           @ ../07_TCPL04B_MCAL/tcpl04x_ll_flash.c:0:1
__arm_cp.10_0:
	.long	16711928                        @ 0xff00f8
.Lcpi_end31:
	.size	__arm_cp.10_0, .Lcpi_end31-__arm_cp.10_0
__arm_cp.10_1:
	.long	2857740885                      @ 0xaa55aa55
.Lcpi_end32:
	.size	__arm_cp.10_1, .Lcpi_end32-__arm_cp.10_1
__arm_cp.10_2:
	.long	16711708                        @ 0xff001c
.Lcpi_end33:
	.size	__arm_cp.10_2, .Lcpi_end33-__arm_cp.10_2
__arm_cp.10_3:
	.long	305419896                       @ 0x12345678
.Lcpi_end34:
	.size	__arm_cp.10_3, .Lcpi_end34-__arm_cp.10_3
.Lfunc_end10:
	.size	ll_flash_smart_write, .Lfunc_end10-ll_flash_smart_write
	.cfi_endproc
	.cantunwind
	.fnend
                                        @ -- End function
	.section	.text.ll_flash_reg_wr,"ax",%progbits
	.hidden	ll_flash_reg_wr                 @ -- Begin function ll_flash_reg_wr
	.globl	ll_flash_reg_wr
	.p2align	1
	.type	ll_flash_reg_wr,%function
	.code	16                              @ @ll_flash_reg_wr
	.thumb_func
ll_flash_reg_wr:
.Lfunc_begin11:
	.loc	4 505 0 is_stmt 1               @ ../07_TCPL04B_MCAL/tcpl04x_ll_flash.c:505:0
	.fnstart
	.cfi_startproc
@ %bb.0:
	@DEBUG_VALUE: ll_flash_reg_wr:is_write <- [DW_OP_LLVM_convert 1 7, DW_OP_LLVM_convert 8 7, DW_OP_stack_value] $r0
	@DEBUG_VALUE: ll_flash_reg_wr:addr <- $r1
	@DEBUG_VALUE: ll_flash_reg_wr:reg_value <- $r2
	movs	r3, #1
	lsls	r3, r3, #30
.Ltmp174:
	.loc	4 507 9 prologue_end            @ ../07_TCPL04B_MCAL/tcpl04x_ll_flash.c:507:9
	cmp	r1, r3
	bls	.LBB11_4
.Ltmp175:
@ %bb.1:
	@DEBUG_VALUE: ll_flash_reg_wr:reg_value <- $r2
	@DEBUG_VALUE: ll_flash_reg_wr:addr <- $r1
	@DEBUG_VALUE: ll_flash_reg_wr:is_write <- [DW_OP_LLVM_convert 1 7, DW_OP_LLVM_convert 8 7, DW_OP_stack_value] $r0
	.loc	4 509 13                        @ ../07_TCPL04B_MCAL/tcpl04x_ll_flash.c:509:13
	cmp	r0, #0
	beq	.LBB11_3
.Ltmp176:
@ %bb.2:
	@DEBUG_VALUE: ll_flash_reg_wr:reg_value <- $r2
	@DEBUG_VALUE: ll_flash_reg_wr:addr <- $r1
	@DEBUG_VALUE: ll_flash_reg_wr:is_write <- [DW_OP_LLVM_convert 1 7, DW_OP_LLVM_convert 8 7, DW_OP_stack_value] $r0
	.loc	4 511 13                        @ ../07_TCPL04B_MCAL/tcpl04x_ll_flash.c:511:13
	ldr	r0, [r2]
.Ltmp177:
	str	r0, [r1]
	b	.LBB11_4
.Ltmp178:
.LBB11_3:
	@DEBUG_VALUE: ll_flash_reg_wr:reg_value <- $r2
	@DEBUG_VALUE: ll_flash_reg_wr:addr <- $r1
	@DEBUG_VALUE: ll_flash_reg_wr:is_write <- [DW_OP_LLVM_convert 1 7, DW_OP_LLVM_convert 8 7, DW_OP_stack_value] $r0
	.loc	4 515 26                        @ ../07_TCPL04B_MCAL/tcpl04x_ll_flash.c:515:26
	ldr	r0, [r1]
.Ltmp179:
	.loc	4 515 24 is_stmt 0              @ ../07_TCPL04B_MCAL/tcpl04x_ll_flash.c:515:24
	str	r0, [r2]
.Ltmp180:
.LBB11_4:
	@DEBUG_VALUE: ll_flash_reg_wr:reg_value <- $r2
	@DEBUG_VALUE: ll_flash_reg_wr:addr <- $r1
	.loc	4 520 22 is_stmt 1              @ ../07_TCPL04B_MCAL/tcpl04x_ll_flash.c:520:22
	ldr	r0, [r1]
	.loc	4 520 20 is_stmt 0              @ ../07_TCPL04B_MCAL/tcpl04x_ll_flash.c:520:20
	str	r0, [r2]
	movs	r0, #0
.Ltmp181:
	.loc	4 523 5 is_stmt 1               @ ../07_TCPL04B_MCAL/tcpl04x_ll_flash.c:523:5
	bx	lr
.Ltmp182:
.Lfunc_end11:
	.size	ll_flash_reg_wr, .Lfunc_end11-ll_flash_reg_wr
	.cfi_endproc
	.cantunwind
	.fnend
                                        @ -- End function
	.section	.text.ll_flash_isr_enable,"ax",%progbits
	.hidden	ll_flash_isr_enable             @ -- Begin function ll_flash_isr_enable
	.globl	ll_flash_isr_enable
	.p2align	2
	.type	ll_flash_isr_enable,%function
	.code	16                              @ @ll_flash_isr_enable
	.thumb_func
ll_flash_isr_enable:
.Lfunc_begin12:
	.loc	4 535 0                         @ ../07_TCPL04B_MCAL/tcpl04x_ll_flash.c:535:0
	.fnstart
	.cfi_startproc
@ %bb.0:
	@DEBUG_VALUE: ll_flash_isr_enable:isr_flag <- $r0
	@DEBUG_VALUE: ll_flash_isr_enable:enable <- [DW_OP_LLVM_convert 1 7, DW_OP_LLVM_convert 8 7, DW_OP_stack_value] $r1
	ldr	r2, __arm_cp.12_0
	ldr	r3, __arm_cp.12_1
.Ltmp183:
	.loc	4 536 5 prologue_end            @ ../07_TCPL04B_MCAL/tcpl04x_ll_flash.c:536:5
	str	r3, [r2]
	ldr	r3, __arm_cp.12_2
	.loc	4 538 9                         @ ../07_TCPL04B_MCAL/tcpl04x_ll_flash.c:538:9
	cmp	r1, #0
	beq	.LBB12_2
.Ltmp184:
@ %bb.1:
	@DEBUG_VALUE: ll_flash_isr_enable:enable <- [DW_OP_LLVM_convert 1 7, DW_OP_LLVM_convert 8 7, DW_OP_stack_value] $r1
	@DEBUG_VALUE: ll_flash_isr_enable:isr_flag <- $r0
	.loc	4 540 21                        @ ../07_TCPL04B_MCAL/tcpl04x_ll_flash.c:540:21
	ldr	r1, [r3]
.Ltmp185:
	bics	r1, r0
	b	.LBB12_3
.Ltmp186:
.LBB12_2:
	@DEBUG_VALUE: ll_flash_isr_enable:enable <- [DW_OP_LLVM_convert 1 7, DW_OP_LLVM_convert 8 7, DW_OP_stack_value] $r1
	@DEBUG_VALUE: ll_flash_isr_enable:isr_flag <- $r0
	.loc	4 544 21                        @ ../07_TCPL04B_MCAL/tcpl04x_ll_flash.c:544:21
	ldr	r1, [r3]
.Ltmp187:
	orrs	r1, r0
.Ltmp188:
.LBB12_3:
	@DEBUG_VALUE: ll_flash_isr_enable:isr_flag <- $r0
	.loc	4 0 0 is_stmt 0                 @ ../07_TCPL04B_MCAL/tcpl04x_ll_flash.c:0:0
	str	r1, [r3]
	ldr	r0, __arm_cp.12_3
.Ltmp189:
	@DEBUG_VALUE: ll_flash_isr_enable:isr_flag <- [DW_OP_LLVM_entry_value 1] $r0
	.loc	4 547 5 is_stmt 1               @ ../07_TCPL04B_MCAL/tcpl04x_ll_flash.c:547:5
	str	r0, [r2]
	movs	r0, #0
	.loc	4 549 5                         @ ../07_TCPL04B_MCAL/tcpl04x_ll_flash.c:549:5
	bx	lr
.Ltmp190:
	.p2align	2
@ %bb.4:
	.loc	4 0 5 is_stmt 0                 @ ../07_TCPL04B_MCAL/tcpl04x_ll_flash.c:0:5
__arm_cp.12_0:
	.long	16711928                        @ 0xff00f8
.Lcpi_end35:
	.size	__arm_cp.12_0, .Lcpi_end35-__arm_cp.12_0
__arm_cp.12_1:
	.long	2857740885                      @ 0xaa55aa55
.Lcpi_end36:
	.size	__arm_cp.12_1, .Lcpi_end36-__arm_cp.12_1
__arm_cp.12_2:
	.long	16711736                        @ 0xff0038
.Lcpi_end37:
	.size	__arm_cp.12_2, .Lcpi_end37-__arm_cp.12_2
__arm_cp.12_3:
	.long	305419896                       @ 0x12345678
.Lcpi_end38:
	.size	__arm_cp.12_3, .Lcpi_end38-__arm_cp.12_3
.Lfunc_end12:
	.size	ll_flash_isr_enable, .Lfunc_end12-ll_flash_isr_enable
	.cfi_endproc
	.cantunwind
	.fnend
                                        @ -- End function
	.section	.text.FLASH_IRQHandler,"ax",%progbits
	.hidden	FLASH_IRQHandler                @ -- Begin function FLASH_IRQHandler
	.globl	FLASH_IRQHandler
	.p2align	2
	.type	FLASH_IRQHandler,%function
	.code	16                              @ @FLASH_IRQHandler
	.thumb_func
FLASH_IRQHandler:
.Lfunc_begin13:
	.loc	4 560 0 is_stmt 1               @ ../07_TCPL04B_MCAL/tcpl04x_ll_flash.c:560:0
	.fnstart
	.cfi_startproc
@ %bb.0:
	ldr	r0, __arm_cp.13_0
.Ltmp191:
	.loc	4 561 28 prologue_end           @ ../07_TCPL04B_MCAL/tcpl04x_ll_flash.c:561:28
	ldr	r1, [r0, #8]
.Ltmp192:
	@DEBUG_VALUE: FLASH_IRQHandler:isr <- $r1
	.loc	4 0 28 is_stmt 0                @ ../07_TCPL04B_MCAL/tcpl04x_ll_flash.c:0:28
	ldr	r2, __arm_cp.13_1
	ldr	r3, __arm_cp.13_2
	.loc	4 563 5 is_stmt 1               @ ../07_TCPL04B_MCAL/tcpl04x_ll_flash.c:563:5
	str	r3, [r2]
	.loc	4 565 17                        @ ../07_TCPL04B_MCAL/tcpl04x_ll_flash.c:565:17
	str	r1, [r0]
	ldr	r0, __arm_cp.13_3
	.loc	4 567 5                         @ ../07_TCPL04B_MCAL/tcpl04x_ll_flash.c:567:5
	str	r0, [r2]
	.loc	4 568 1                         @ ../07_TCPL04B_MCAL/tcpl04x_ll_flash.c:568:1
	bx	lr
.Ltmp193:
	.p2align	2
@ %bb.1:
	.loc	4 0 1 is_stmt 0                 @ ../07_TCPL04B_MCAL/tcpl04x_ll_flash.c:0:1
__arm_cp.13_0:
	.long	16711732                        @ 0xff0034
.Lcpi_end39:
	.size	__arm_cp.13_0, .Lcpi_end39-__arm_cp.13_0
__arm_cp.13_1:
	.long	16711928                        @ 0xff00f8
.Lcpi_end40:
	.size	__arm_cp.13_1, .Lcpi_end40-__arm_cp.13_1
__arm_cp.13_2:
	.long	2857740885                      @ 0xaa55aa55
.Lcpi_end41:
	.size	__arm_cp.13_2, .Lcpi_end41-__arm_cp.13_2
__arm_cp.13_3:
	.long	305419896                       @ 0x12345678
.Lcpi_end42:
	.size	__arm_cp.13_3, .Lcpi_end42-__arm_cp.13_3
.Lfunc_end13:
	.size	FLASH_IRQHandler, .Lfunc_end13-FLASH_IRQHandler
	.cfi_endproc
	.cantunwind
	.fnend
                                        @ -- End function
	.section	.text.ll_flash_program_ready_wait,"ax",%progbits
	.p2align	2                               @ -- Begin function ll_flash_program_ready_wait
	.type	ll_flash_program_ready_wait,%function
	.code	16                              @ @ll_flash_program_ready_wait
	.thumb_func
ll_flash_program_ready_wait:
.Lfunc_begin14:
	.loc	4 53 0 is_stmt 1                @ ../07_TCPL04B_MCAL/tcpl04x_ll_flash.c:53:0
	.fnstart
	.cfi_startproc
@ %bb.0:
	ldr	r0, __arm_cp.14_0
.Ltmp194:
	@DEBUG_VALUE: ll_flash_program_ready_wait:timeout <- 48000000
	ldr	r1, __arm_cp.14_1
.Ltmp195:
.LBB14_1:                               @ =>This Inner Loop Header: Depth=1
	@DEBUG_VALUE: ll_flash_program_ready_wait:timeout <- [DW_OP_consts 18446744073661551615, DW_OP_minus, DW_OP_consts 18446744073709551615, DW_OP_mul, DW_OP_consts 48000000, DW_OP_plus, DW_OP_stack_value] $r0
	.loc	4 56 29 prologue_end            @ ../07_TCPL04B_MCAL/tcpl04x_ll_flash.c:56:29
	ldr	r3, [r1]
	movs	r2, #4
	.loc	4 56 46 is_stmt 0               @ ../07_TCPL04B_MCAL/tcpl04x_ll_flash.c:56:46
	ands	r2, r3
	.loc	4 56 5                          @ ../07_TCPL04B_MCAL/tcpl04x_ll_flash.c:56:5
	beq	.LBB14_3
.Ltmp196:
@ %bb.2:                                @   in Loop: Header=BB14_1 Depth=1
	@DEBUG_VALUE: ll_flash_program_ready_wait:timeout <- [DW_OP_consts 18446744073661551615, DW_OP_minus, DW_OP_consts 18446744073709551615, DW_OP_mul, DW_OP_consts 48000000, DW_OP_plus, DW_OP_stack_value] $r0
	@DEBUG_VALUE: ll_flash_program_ready_wait:timeout <- [DW_OP_consts 18446744073661551615, DW_OP_minus, DW_OP_consts 18446744073709551615, DW_OP_mul, DW_OP_consts 47999999, DW_OP_plus, DW_OP_stack_value] $r0
	.loc	4 58 23 is_stmt 1               @ ../07_TCPL04B_MCAL/tcpl04x_ll_flash.c:58:23
	adds	r0, r0, #1
.Ltmp197:
	.loc	4 58 13 is_stmt 0               @ ../07_TCPL04B_MCAL/tcpl04x_ll_flash.c:58:13
	blo	.LBB14_1
.Ltmp198:
.LBB14_3:
	.loc	4 56 46 is_stmt 1               @ ../07_TCPL04B_MCAL/tcpl04x_ll_flash.c:56:46
	rsbs	r0, r2, #0
	adcs	r0, r2
	.loc	4 65 1                          @ ../07_TCPL04B_MCAL/tcpl04x_ll_flash.c:65:1
	bx	lr
.Ltmp199:
	.p2align	2
@ %bb.4:
	.loc	4 0 1 is_stmt 0                 @ ../07_TCPL04B_MCAL/tcpl04x_ll_flash.c:0:1
__arm_cp.14_0:
	.long	4246967295                      @ 0xfd2393ff
.Lcpi_end43:
	.size	__arm_cp.14_0, .Lcpi_end43-__arm_cp.14_0
__arm_cp.14_1:
	.long	16711756                        @ 0xff004c
.Lcpi_end44:
	.size	__arm_cp.14_1, .Lcpi_end44-__arm_cp.14_1
.Lfunc_end14:
	.size	ll_flash_program_ready_wait, .Lfunc_end14-ll_flash_program_ready_wait
	.cfi_endproc
	.cantunwind
	.fnend
                                        @ -- End function
	.section	.debug_loc,"",%progbits
.Ldebug_loc0:
	.long	-1
	.long	.Lfunc_begin1                   @   base address
	.long	.Lfunc_begin1-.Lfunc_begin1
	.long	.Ltmp3-.Lfunc_begin1
	.short	1                               @ Loc expr size
	.byte	80                              @ DW_OP_reg0
	.long	.Ltmp3-.Lfunc_begin1
	.long	.Ltmp4-.Lfunc_begin1
	.short	4                               @ Loc expr size
	.byte	243                             @ DW_OP_GNU_entry_value
	.byte	1                               @ 1
	.byte	80                              @ DW_OP_reg0
	.byte	159                             @ DW_OP_stack_value
	.long	0
	.long	0
.Ldebug_loc1:
	.long	-1
	.long	.Lfunc_begin3                   @   base address
	.long	.Ltmp10-.Lfunc_begin3
	.long	.Ltmp11-.Lfunc_begin3
	.short	6                               @ Loc expr size
	.byte	16                              @ DW_OP_constu
	.byte	128                             @ 48000000
	.byte	216                             @ 
	.byte	241                             @ 
	.byte	22                              @ 
	.byte	159                             @ DW_OP_stack_value
	.long	.Ltmp11-.Lfunc_begin3
	.long	.Ltmp12-.Lfunc_begin3
	.short	18                              @ Loc expr size
	.byte	112                             @ DW_OP_breg0
	.byte	0                               @ 0
	.byte	17                              @ DW_OP_consts
	.byte	255                             @ -48000001
	.byte	167                             @ 
	.byte	142                             @ 
	.byte	105                             @ 
	.byte	28                              @ DW_OP_minus
	.byte	17                              @ DW_OP_consts
	.byte	127                             @ -1
	.byte	30                              @ DW_OP_mul
	.byte	17                              @ DW_OP_consts
	.byte	128                             @ 48000000
	.byte	216                             @ 
	.byte	241                             @ 
	.byte	22                              @ 
	.byte	34                              @ DW_OP_plus
	.byte	159                             @ DW_OP_stack_value
	.long	.Ltmp12-.Lfunc_begin3
	.long	.Ltmp13-.Lfunc_begin3
	.short	18                              @ Loc expr size
	.byte	112                             @ DW_OP_breg0
	.byte	0                               @ 0
	.byte	17                              @ DW_OP_consts
	.byte	255                             @ -48000001
	.byte	167                             @ 
	.byte	142                             @ 
	.byte	105                             @ 
	.byte	28                              @ DW_OP_minus
	.byte	17                              @ DW_OP_consts
	.byte	127                             @ -1
	.byte	30                              @ DW_OP_mul
	.byte	17                              @ DW_OP_consts
	.byte	255                             @ 47999999
	.byte	215                             @ 
	.byte	241                             @ 
	.byte	22                              @ 
	.byte	34                              @ DW_OP_plus
	.byte	159                             @ DW_OP_stack_value
	.long	0
	.long	0
.Ldebug_loc2:
	.long	-1
	.long	.Lfunc_begin4                   @   base address
	.long	.Lfunc_begin4-.Lfunc_begin4
	.long	.Ltmp20-.Lfunc_begin4
	.short	1                               @ Loc expr size
	.byte	80                              @ DW_OP_reg0
	.long	.Ltmp20-.Lfunc_begin4
	.long	.Ltmp25-.Lfunc_begin4
	.short	4                               @ Loc expr size
	.byte	243                             @ DW_OP_GNU_entry_value
	.byte	1                               @ 1
	.byte	80                              @ DW_OP_reg0
	.byte	159                             @ DW_OP_stack_value
	.long	0
	.long	0
.Ldebug_loc3:
	.long	-1
	.long	.Lfunc_begin4                   @   base address
	.long	.Lfunc_begin4-.Lfunc_begin4
	.long	.Ltmp16-.Lfunc_begin4
	.short	1                               @ Loc expr size
	.byte	81                              @ DW_OP_reg1
	.long	.Ltmp16-.Lfunc_begin4
	.long	.Ltmp26-.Lfunc_begin4
	.short	1                               @ Loc expr size
	.byte	85                              @ DW_OP_reg5
	.long	0
	.long	0
.Ldebug_loc4:
	.long	-1
	.long	.Lfunc_begin4                   @   base address
	.long	.Lfunc_begin4-.Lfunc_begin4
	.long	.Ltmp19-.Lfunc_begin4
	.short	1                               @ Loc expr size
	.byte	82                              @ DW_OP_reg2
	.long	.Ltmp19-.Lfunc_begin4
	.long	.Ltmp25-.Lfunc_begin4
	.short	1                               @ Loc expr size
	.byte	84                              @ DW_OP_reg4
	.long	0
	.long	0
.Ldebug_loc5:
	.long	-1
	.long	.Lfunc_begin4                   @   base address
	.long	.Ltmp16-.Lfunc_begin4
	.long	.Ltmp24-.Lfunc_begin4
	.short	3                               @ Loc expr size
	.byte	17                              @ DW_OP_consts
	.byte	0                               @ 0
	.byte	159                             @ DW_OP_stack_value
	.long	.Ltmp24-.Lfunc_begin4
	.long	.Ltmp25-.Lfunc_begin4
	.short	1                               @ Loc expr size
	.byte	86                              @ DW_OP_reg6
	.long	0
	.long	0
.Ldebug_loc6:
	.long	-1
	.long	.Lfunc_begin5                   @   base address
	.long	.Lfunc_begin5-.Lfunc_begin5
	.long	.Ltmp27-.Lfunc_begin5
	.short	1                               @ Loc expr size
	.byte	80                              @ DW_OP_reg0
	.long	.Ltmp27-.Lfunc_begin5
	.long	.Ltmp32-.Lfunc_begin5
	.short	1                               @ Loc expr size
	.byte	83                              @ DW_OP_reg3
	.long	.Ltmp35-.Lfunc_begin5
	.long	.Ltmp36-.Lfunc_begin5
	.short	1                               @ Loc expr size
	.byte	83                              @ DW_OP_reg3
	.long	0
	.long	0
.Ldebug_loc7:
	.long	-1
	.long	.Lfunc_begin5                   @   base address
	.long	.Lfunc_begin5-.Lfunc_begin5
	.long	.Ltmp33-.Lfunc_begin5
	.short	1                               @ Loc expr size
	.byte	81                              @ DW_OP_reg1
	.long	.Ltmp33-.Lfunc_begin5
	.long	.Ltmp35-.Lfunc_begin5
	.short	4                               @ Loc expr size
	.byte	243                             @ DW_OP_GNU_entry_value
	.byte	1                               @ 1
	.byte	81                              @ DW_OP_reg1
	.byte	159                             @ DW_OP_stack_value
	.long	.Ltmp35-.Lfunc_begin5
	.long	.Ltmp39-.Lfunc_begin5
	.short	1                               @ Loc expr size
	.byte	81                              @ DW_OP_reg1
	.long	.Ltmp39-.Lfunc_begin5
	.long	.Ltmp45-.Lfunc_begin5
	.short	4                               @ Loc expr size
	.byte	243                             @ DW_OP_GNU_entry_value
	.byte	1                               @ 1
	.byte	81                              @ DW_OP_reg1
	.byte	159                             @ DW_OP_stack_value
	.long	0
	.long	0
.Ldebug_loc8:
	.long	-1
	.long	.Lfunc_begin5                   @   base address
	.long	.Ltmp28-.Lfunc_begin5
	.long	.Ltmp42-.Lfunc_begin5
	.short	2                               @ Loc expr size
	.byte	49                              @ DW_OP_lit1
	.byte	159                             @ DW_OP_stack_value
	.long	.Ltmp43-.Lfunc_begin5
	.long	.Ltmp45-.Lfunc_begin5
	.short	2                               @ Loc expr size
	.byte	49                              @ DW_OP_lit1
	.byte	159                             @ DW_OP_stack_value
	.long	0
	.long	0
.Ldebug_loc9:
	.long	-1
	.long	.Lfunc_begin6                   @   base address
	.long	.Lfunc_begin6-.Lfunc_begin6
	.long	.Ltmp52-.Lfunc_begin6
	.short	1                               @ Loc expr size
	.byte	80                              @ DW_OP_reg0
	.long	.Ltmp52-.Lfunc_begin6
	.long	.Ltmp62-.Lfunc_begin6
	.short	4                               @ Loc expr size
	.byte	243                             @ DW_OP_GNU_entry_value
	.byte	1                               @ 1
	.byte	80                              @ DW_OP_reg0
	.byte	159                             @ DW_OP_stack_value
	.long	0
	.long	0
.Ldebug_loc10:
	.long	-1
	.long	.Lfunc_begin6                   @   base address
	.long	.Lfunc_begin6-.Lfunc_begin6
	.long	.Ltmp48-.Lfunc_begin6
	.short	1                               @ Loc expr size
	.byte	81                              @ DW_OP_reg1
	.long	.Ltmp48-.Lfunc_begin6
	.long	.Ltmp62-.Lfunc_begin6
	.short	4                               @ Loc expr size
	.byte	243                             @ DW_OP_GNU_entry_value
	.byte	1                               @ 1
	.byte	81                              @ DW_OP_reg1
	.byte	159                             @ DW_OP_stack_value
	.long	0
	.long	0
.Ldebug_loc11:
	.long	-1
	.long	.Lfunc_begin6                   @   base address
	.long	.Ltmp52-.Lfunc_begin6
	.long	.Ltmp53-.Lfunc_begin6
	.short	3                               @ Loc expr size
	.byte	112                             @ DW_OP_breg0
	.byte	0                               @ 0
	.byte	159                             @ DW_OP_stack_value
	.long	0
	.long	0
.Ldebug_loc12:
	.long	-1
	.long	.Lfunc_begin6                   @   base address
	.long	.Ltmp53-.Lfunc_begin6
	.long	.Ltmp59-.Lfunc_begin6
	.short	1                               @ Loc expr size
	.byte	87                              @ DW_OP_reg7
	.long	0
	.long	0
.Ldebug_loc13:
	.long	-1
	.long	.Lfunc_begin7                   @   base address
	.long	.Lfunc_begin7-.Lfunc_begin7
	.long	.Ltmp66-.Lfunc_begin7
	.short	1                               @ Loc expr size
	.byte	80                              @ DW_OP_reg0
	.long	0
	.long	0
.Ldebug_loc14:
	.long	-1
	.long	.Lfunc_begin7                   @   base address
	.long	.Lfunc_begin7-.Lfunc_begin7
	.long	.Ltmp66-.Lfunc_begin7
	.short	1                               @ Loc expr size
	.byte	81                              @ DW_OP_reg1
	.long	.Ltmp66-.Lfunc_begin7
	.long	.Ltmp97-.Lfunc_begin7
	.short	4                               @ Loc expr size
	.byte	243                             @ DW_OP_GNU_entry_value
	.byte	1                               @ 1
	.byte	81                              @ DW_OP_reg1
	.byte	159                             @ DW_OP_stack_value
	.long	0
	.long	0
.Ldebug_loc15:
	.long	-1
	.long	.Lfunc_begin7                   @   base address
	.long	.Lfunc_begin7-.Lfunc_begin7
	.long	.Ltmp64-.Lfunc_begin7
	.short	1                               @ Loc expr size
	.byte	82                              @ DW_OP_reg2
	.long	.Ltmp64-.Lfunc_begin7
	.long	.Lfunc_end7-.Lfunc_begin7
	.short	2                               @ Loc expr size
	.byte	125                             @ DW_OP_breg13
	.byte	12                              @ 12
	.long	0
	.long	0
.Ldebug_loc16:
	.long	-1
	.long	.Lfunc_begin7                   @   base address
	.long	.Lfunc_begin7-.Lfunc_begin7
	.long	.Ltmp63-.Lfunc_begin7
	.short	1                               @ Loc expr size
	.byte	83                              @ DW_OP_reg3
	.long	.Ltmp63-.Lfunc_begin7
	.long	.Ltmp86-.Lfunc_begin7
	.short	1                               @ Loc expr size
	.byte	87                              @ DW_OP_reg7
	.long	.Ltmp88-.Lfunc_begin7
	.long	.Ltmp91-.Lfunc_begin7
	.short	4                               @ Loc expr size
	.byte	243                             @ DW_OP_GNU_entry_value
	.byte	1                               @ 1
	.byte	83                              @ DW_OP_reg3
	.byte	159                             @ DW_OP_stack_value
	.long	0
	.long	0
.Ldebug_loc17:
	.long	-1
	.long	.Lfunc_begin7                   @   base address
	.long	.Ltmp68-.Lfunc_begin7
	.long	.Ltmp86-.Lfunc_begin7
	.short	1                               @ Loc expr size
	.byte	87                              @ DW_OP_reg7
	.long	0
	.long	0
.Ldebug_loc18:
	.long	-1
	.long	.Lfunc_begin7                   @   base address
	.long	.Ltmp68-.Lfunc_begin7
	.long	.Ltmp70-.Lfunc_begin7
	.short	1                               @ Loc expr size
	.byte	85                              @ DW_OP_reg5
	.long	.Ltmp70-.Lfunc_begin7
	.long	.Ltmp73-.Lfunc_begin7
	.short	1                               @ Loc expr size
	.byte	81                              @ DW_OP_reg1
	.long	0
	.long	0
.Ldebug_loc19:
	.long	-1
	.long	.Lfunc_begin7                   @   base address
	.long	.Ltmp69-.Lfunc_begin7
	.long	.Ltmp96-.Lfunc_begin7
	.short	3                               @ Loc expr size
	.byte	125                             @ DW_OP_breg13
	.byte	16                              @ 16
	.byte	159                             @ DW_OP_stack_value
	.long	0
	.long	0
.Ldebug_loc20:
	.long	-1
	.long	.Lfunc_begin7                   @   base address
	.long	.Ltmp69-.Lfunc_begin7
	.long	.Ltmp75-.Lfunc_begin7
	.short	1                               @ Loc expr size
	.byte	80                              @ DW_OP_reg0
	.long	.Ltmp75-.Lfunc_begin7
	.long	.Ltmp76-.Lfunc_begin7
	.short	1                               @ Loc expr size
	.byte	82                              @ DW_OP_reg2
	.long	.Ltmp76-.Lfunc_begin7
	.long	.Ltmp86-.Lfunc_begin7
	.short	2                               @ Loc expr size
	.byte	125                             @ DW_OP_breg13
	.byte	8                               @ 8
	.long	.Ltmp86-.Lfunc_begin7
	.long	.Ltmp89-.Lfunc_begin7
	.short	13                              @ Loc expr size
	.byte	116                             @ DW_OP_breg4
	.byte	0                               @ 0
	.byte	17                              @ DW_OP_consts
	.byte	8                               @ 8
	.byte	27                              @ DW_OP_div
	.byte	17                              @ DW_OP_consts
	.byte	8                               @ 8
	.byte	30                              @ DW_OP_mul
	.byte	125                             @ DW_OP_breg13
	.byte	8                               @ 8
	.byte	6                               @ DW_OP_deref
	.byte	34                              @ DW_OP_plus
	.byte	159                             @ DW_OP_stack_value
	.long	.Ltmp89-.Lfunc_begin7
	.long	.Ltmp90-.Lfunc_begin7
	.short	16                              @ Loc expr size
	.byte	116                             @ DW_OP_breg4
	.byte	0                               @ 0
	.byte	17                              @ DW_OP_consts
	.byte	8                               @ 8
	.byte	27                              @ DW_OP_div
	.byte	17                              @ DW_OP_consts
	.byte	8                               @ 8
	.byte	30                              @ DW_OP_mul
	.byte	17                              @ DW_OP_consts
	.byte	8                               @ 8
	.byte	125                             @ DW_OP_breg13
	.byte	8                               @ 8
	.byte	6                               @ DW_OP_deref
	.byte	34                              @ DW_OP_plus
	.byte	34                              @ DW_OP_plus
	.byte	159                             @ DW_OP_stack_value
	.long	.Ltmp91-.Lfunc_begin7
	.long	.Ltmp93-.Lfunc_begin7
	.short	13                              @ Loc expr size
	.byte	116                             @ DW_OP_breg4
	.byte	0                               @ 0
	.byte	17                              @ DW_OP_consts
	.byte	8                               @ 8
	.byte	27                              @ DW_OP_div
	.byte	17                              @ DW_OP_consts
	.byte	8                               @ 8
	.byte	30                              @ DW_OP_mul
	.byte	125                             @ DW_OP_breg13
	.byte	8                               @ 8
	.byte	6                               @ DW_OP_deref
	.byte	34                              @ DW_OP_plus
	.byte	159                             @ DW_OP_stack_value
	.long	.Ltmp94-.Lfunc_begin7
	.long	.Ltmp96-.Lfunc_begin7
	.short	1                               @ Loc expr size
	.byte	83                              @ DW_OP_reg3
	.long	0
	.long	0
.Ldebug_loc21:
	.long	-1
	.long	.Lfunc_begin7                   @   base address
	.long	.Ltmp75-.Lfunc_begin7
	.long	.Ltmp76-.Lfunc_begin7
	.short	1                               @ Loc expr size
	.byte	82                              @ DW_OP_reg2
	.long	.Ltmp76-.Lfunc_begin7
	.long	.Ltmp78-.Lfunc_begin7
	.short	2                               @ Loc expr size
	.byte	125                             @ DW_OP_breg13
	.byte	8                               @ 8
	.long	0
	.long	0
.Ldebug_loc22:
	.long	-1
	.long	.Lfunc_begin7                   @   base address
	.long	.Ltmp79-.Lfunc_begin7
	.long	.Ltmp85-.Lfunc_begin7
	.short	1                               @ Loc expr size
	.byte	82                              @ DW_OP_reg2
	.long	0
	.long	0
.Ldebug_loc23:
	.long	-1
	.long	.Lfunc_begin7                   @   base address
	.long	.Ltmp80-.Lfunc_begin7
	.long	.Ltmp81-.Lfunc_begin7
	.short	1                               @ Loc expr size
	.byte	80                              @ DW_OP_reg0
	.long	.Ltmp81-.Lfunc_begin7
	.long	.Ltmp96-.Lfunc_begin7
	.short	2                               @ Loc expr size
	.byte	125                             @ DW_OP_breg13
	.byte	4                               @ 4
	.long	0
	.long	0
.Ldebug_loc24:
	.long	-1
	.long	.Lfunc_begin7                   @   base address
	.long	.Ltmp86-.Lfunc_begin7
	.long	.Ltmp91-.Lfunc_begin7
	.short	1                               @ Loc expr size
	.byte	84                              @ DW_OP_reg4
	.long	0
	.long	0
.Ldebug_loc25:
	.long	-1
	.long	.Lfunc_begin8                   @   base address
	.long	.Lfunc_begin8-.Lfunc_begin8
	.long	.Ltmp105-.Lfunc_begin8
	.short	1                               @ Loc expr size
	.byte	80                              @ DW_OP_reg0
	.long	.Ltmp105-.Lfunc_begin8
	.long	.Ltmp110-.Lfunc_begin8
	.short	4                               @ Loc expr size
	.byte	243                             @ DW_OP_GNU_entry_value
	.byte	1                               @ 1
	.byte	80                              @ DW_OP_reg0
	.byte	159                             @ DW_OP_stack_value
	.long	0
	.long	0
.Ldebug_loc26:
	.long	-1
	.long	.Lfunc_begin8                   @   base address
	.long	.Lfunc_begin8-.Lfunc_begin8
	.long	.Ltmp99-.Lfunc_begin8
	.short	1                               @ Loc expr size
	.byte	81                              @ DW_OP_reg1
	.long	.Ltmp99-.Lfunc_begin8
	.long	.Ltmp111-.Lfunc_begin8
	.short	1                               @ Loc expr size
	.byte	86                              @ DW_OP_reg6
	.long	0
	.long	0
.Ldebug_loc27:
	.long	-1
	.long	.Lfunc_begin8                   @   base address
	.long	.Lfunc_begin8-.Lfunc_begin8
	.long	.Ltmp102-.Lfunc_begin8
	.short	1                               @ Loc expr size
	.byte	82                              @ DW_OP_reg2
	.long	.Ltmp102-.Lfunc_begin8
	.long	.Ltmp110-.Lfunc_begin8
	.short	1                               @ Loc expr size
	.byte	85                              @ DW_OP_reg5
	.long	0
	.long	0
.Ldebug_loc28:
	.long	-1
	.long	.Lfunc_begin8                   @   base address
	.long	.Lfunc_begin8-.Lfunc_begin8
	.long	.Ltmp104-.Lfunc_begin8
	.short	1                               @ Loc expr size
	.byte	83                              @ DW_OP_reg3
	.long	.Ltmp104-.Lfunc_begin8
	.long	.Ltmp110-.Lfunc_begin8
	.short	1                               @ Loc expr size
	.byte	84                              @ DW_OP_reg4
	.long	0
	.long	0
.Ldebug_loc29:
	.long	-1
	.long	.Lfunc_begin8                   @   base address
	.long	.Ltmp109-.Lfunc_begin8
	.long	.Ltmp110-.Lfunc_begin8
	.short	1                               @ Loc expr size
	.byte	87                              @ DW_OP_reg7
	.long	0
	.long	0
.Ldebug_loc30:
	.long	-1
	.long	.Lfunc_begin9                   @   base address
	.long	.Lfunc_begin9-.Lfunc_begin9
	.long	.Ltmp113-.Lfunc_begin9
	.short	1                               @ Loc expr size
	.byte	80                              @ DW_OP_reg0
	.long	.Ltmp113-.Lfunc_begin9
	.long	.Ltmp119-.Lfunc_begin9
	.short	1                               @ Loc expr size
	.byte	84                              @ DW_OP_reg4
	.long	.Ltmp119-.Lfunc_begin9
	.long	.Ltmp128-.Lfunc_begin9
	.short	4                               @ Loc expr size
	.byte	243                             @ DW_OP_GNU_entry_value
	.byte	1                               @ 1
	.byte	80                              @ DW_OP_reg0
	.byte	159                             @ DW_OP_stack_value
	.long	0
	.long	0
.Ldebug_loc31:
	.long	-1
	.long	.Lfunc_begin9                   @   base address
	.long	.Lfunc_begin9-.Lfunc_begin9
	.long	.Ltmp112-.Lfunc_begin9
	.short	1                               @ Loc expr size
	.byte	81                              @ DW_OP_reg1
	.long	.Ltmp112-.Lfunc_begin9
	.long	.Ltmp157-.Lfunc_begin9
	.short	2                               @ Loc expr size
	.byte	125                             @ DW_OP_breg13
	.byte	20                              @ 20
	.long	0
	.long	0
.Ldebug_loc32:
	.long	-1
	.long	.Lfunc_begin9                   @   base address
	.long	.Lfunc_begin9-.Lfunc_begin9
	.long	.Ltmp116-.Lfunc_begin9
	.short	1                               @ Loc expr size
	.byte	82                              @ DW_OP_reg2
	.long	.Ltmp116-.Lfunc_begin9
	.long	.Ltmp157-.Lfunc_begin9
	.short	2                               @ Loc expr size
	.byte	125                             @ DW_OP_breg13
	.byte	28                              @ 28
	.long	0
	.long	0
.Ldebug_loc33:
	.long	-1
	.long	.Lfunc_begin9                   @   base address
	.long	.Ltmp115-.Lfunc_begin9
	.long	.Ltmp122-.Lfunc_begin9
	.short	1                               @ Loc expr size
	.byte	81                              @ DW_OP_reg1
	.long	.Ltmp128-.Lfunc_begin9
	.long	.Ltmp134-.Lfunc_begin9
	.short	1                               @ Loc expr size
	.byte	83                              @ DW_OP_reg3
	.long	.Ltmp134-.Lfunc_begin9
	.long	.Ltmp136-.Lfunc_begin9
	.short	12                              @ Loc expr size
	.byte	119                             @ DW_OP_breg7
	.byte	0                               @ 0
	.byte	17                              @ DW_OP_consts
	.byte	8                               @ 8
	.byte	27                              @ DW_OP_div
	.byte	17                              @ DW_OP_consts
	.byte	8                               @ 8
	.byte	30                              @ DW_OP_mul
	.byte	115                             @ DW_OP_breg3
	.byte	0                               @ 0
	.byte	34                              @ DW_OP_plus
	.byte	159                             @ DW_OP_stack_value
	.long	.Ltmp136-.Lfunc_begin9
	.long	.Ltmp139-.Lfunc_begin9
	.short	12                              @ Loc expr size
	.byte	119                             @ DW_OP_breg7
	.byte	0                               @ 0
	.byte	17                              @ DW_OP_consts
	.byte	8                               @ 8
	.byte	27                              @ DW_OP_div
	.byte	17                              @ DW_OP_consts
	.byte	8                               @ 8
	.byte	30                              @ DW_OP_mul
	.byte	118                             @ DW_OP_breg6
	.byte	0                               @ 0
	.byte	34                              @ DW_OP_plus
	.byte	159                             @ DW_OP_stack_value
	.long	.Ltmp139-.Lfunc_begin9
	.long	.Ltmp140-.Lfunc_begin9
	.short	15                              @ Loc expr size
	.byte	119                             @ DW_OP_breg7
	.byte	0                               @ 0
	.byte	17                              @ DW_OP_consts
	.byte	8                               @ 8
	.byte	27                              @ DW_OP_div
	.byte	17                              @ DW_OP_consts
	.byte	8                               @ 8
	.byte	30                              @ DW_OP_mul
	.byte	17                              @ DW_OP_consts
	.byte	8                               @ 8
	.byte	118                             @ DW_OP_breg6
	.byte	0                               @ 0
	.byte	34                              @ DW_OP_plus
	.byte	34                              @ DW_OP_plus
	.byte	159                             @ DW_OP_stack_value
	.long	.Ltmp141-.Lfunc_begin9
	.long	.Ltmp142-.Lfunc_begin9
	.short	12                              @ Loc expr size
	.byte	119                             @ DW_OP_breg7
	.byte	0                               @ 0
	.byte	17                              @ DW_OP_consts
	.byte	8                               @ 8
	.byte	27                              @ DW_OP_div
	.byte	17                              @ DW_OP_consts
	.byte	8                               @ 8
	.byte	30                              @ DW_OP_mul
	.byte	115                             @ DW_OP_breg3
	.byte	0                               @ 0
	.byte	34                              @ DW_OP_plus
	.byte	159                             @ DW_OP_stack_value
	.long	.Ltmp144-.Lfunc_begin9
	.long	.Ltmp148-.Lfunc_begin9
	.short	1                               @ Loc expr size
	.byte	83                              @ DW_OP_reg3
	.long	.Ltmp148-.Lfunc_begin9
	.long	.Ltmp153-.Lfunc_begin9
	.short	1                               @ Loc expr size
	.byte	87                              @ DW_OP_reg7
	.long	.Ltmp154-.Lfunc_begin9
	.long	.Ltmp155-.Lfunc_begin9
	.short	12                              @ Loc expr size
	.byte	119                             @ DW_OP_breg7
	.byte	0                               @ 0
	.byte	17                              @ DW_OP_consts
	.byte	8                               @ 8
	.byte	27                              @ DW_OP_div
	.byte	17                              @ DW_OP_consts
	.byte	8                               @ 8
	.byte	30                              @ DW_OP_mul
	.byte	118                             @ DW_OP_breg6
	.byte	0                               @ 0
	.byte	34                              @ DW_OP_plus
	.byte	159                             @ DW_OP_stack_value
	.long	0
	.long	0
.Ldebug_loc34:
	.long	-1
	.long	.Lfunc_begin9                   @   base address
	.long	.Ltmp121-.Lfunc_begin9
	.long	.Ltmp126-.Lfunc_begin9
	.short	1                               @ Loc expr size
	.byte	87                              @ DW_OP_reg7
	.long	.Ltmp126-.Lfunc_begin9
	.long	.Ltmp128-.Lfunc_begin9
	.short	1                               @ Loc expr size
	.byte	83                              @ DW_OP_reg3
	.long	0
	.long	0
.Ldebug_loc35:
	.long	-1
	.long	.Lfunc_begin9                   @   base address
	.long	.Ltmp144-.Lfunc_begin9
	.long	.Ltmp146-.Lfunc_begin9
	.short	1                               @ Loc expr size
	.byte	80                              @ DW_OP_reg0
	.long	.Ltmp146-.Lfunc_begin9
	.long	.Ltmp148-.Lfunc_begin9
	.short	1                               @ Loc expr size
	.byte	87                              @ DW_OP_reg7
	.long	0
	.long	0
.Ldebug_loc36:
	.long	-1
	.long	.Lfunc_begin9                   @   base address
	.long	.Ltmp129-.Lfunc_begin9
	.long	.Ltmp133-.Lfunc_begin9
	.short	1                               @ Loc expr size
	.byte	81                              @ DW_OP_reg1
	.long	0
	.long	0
.Ldebug_loc37:
	.long	-1
	.long	.Lfunc_begin9                   @   base address
	.long	.Ltmp134-.Lfunc_begin9
	.long	.Ltmp141-.Lfunc_begin9
	.short	1                               @ Loc expr size
	.byte	87                              @ DW_OP_reg7
	.long	0
	.long	0
.Ldebug_loc38:
	.long	-1
	.long	.Lfunc_begin10                  @   base address
	.long	.Lfunc_begin10-.Lfunc_begin10
	.long	.Ltmp164-.Lfunc_begin10
	.short	1                               @ Loc expr size
	.byte	80                              @ DW_OP_reg0
	.long	.Ltmp164-.Lfunc_begin10
	.long	.Ltmp172-.Lfunc_begin10
	.short	4                               @ Loc expr size
	.byte	243                             @ DW_OP_GNU_entry_value
	.byte	1                               @ 1
	.byte	80                              @ DW_OP_reg0
	.byte	159                             @ DW_OP_stack_value
	.long	0
	.long	0
.Ldebug_loc39:
	.long	-1
	.long	.Lfunc_begin10                  @   base address
	.long	.Lfunc_begin10-.Lfunc_begin10
	.long	.Ltmp158-.Lfunc_begin10
	.short	1                               @ Loc expr size
	.byte	81                              @ DW_OP_reg1
	.long	.Ltmp158-.Lfunc_begin10
	.long	.Ltmp173-.Lfunc_begin10
	.short	1                               @ Loc expr size
	.byte	87                              @ DW_OP_reg7
	.long	0
	.long	0
.Ldebug_loc40:
	.long	-1
	.long	.Lfunc_begin10                  @   base address
	.long	.Lfunc_begin10-.Lfunc_begin10
	.long	.Ltmp161-.Lfunc_begin10
	.short	1                               @ Loc expr size
	.byte	82                              @ DW_OP_reg2
	.long	.Ltmp161-.Lfunc_begin10
	.long	.Ltmp172-.Lfunc_begin10
	.short	1                               @ Loc expr size
	.byte	86                              @ DW_OP_reg6
	.long	0
	.long	0
.Ldebug_loc41:
	.long	-1
	.long	.Lfunc_begin10                  @   base address
	.long	.Lfunc_begin10-.Lfunc_begin10
	.long	.Ltmp163-.Lfunc_begin10
	.short	1                               @ Loc expr size
	.byte	83                              @ DW_OP_reg3
	.long	.Ltmp163-.Lfunc_begin10
	.long	.Ltmp172-.Lfunc_begin10
	.short	1                               @ Loc expr size
	.byte	85                              @ DW_OP_reg5
	.long	0
	.long	0
.Ldebug_loc42:
	.long	-1
	.long	.Lfunc_begin10                  @   base address
	.long	.Ltmp167-.Lfunc_begin10
	.long	.Ltmp169-.Lfunc_begin10
	.short	1                               @ Loc expr size
	.byte	80                              @ DW_OP_reg0
	.long	.Ltmp171-.Lfunc_begin10
	.long	.Ltmp172-.Lfunc_begin10
	.short	1                               @ Loc expr size
	.byte	84                              @ DW_OP_reg4
	.long	0
	.long	0
.Ldebug_loc43:
	.long	-1
	.long	.Lfunc_begin11                  @   base address
	.long	.Lfunc_begin11-.Lfunc_begin11
	.long	.Ltmp177-.Lfunc_begin11
	.short	6                               @ Loc expr size
	.byte	112                             @ DW_OP_breg0
	.byte	0                               @ 0
	.byte	16                              @ DW_OP_constu
	.byte	1                               @ 1
	.byte	26                              @ DW_OP_and
	.byte	159                             @ DW_OP_stack_value
	.long	.Ltmp178-.Lfunc_begin11
	.long	.Ltmp179-.Lfunc_begin11
	.short	6                               @ Loc expr size
	.byte	112                             @ DW_OP_breg0
	.byte	0                               @ 0
	.byte	16                              @ DW_OP_constu
	.byte	1                               @ 1
	.byte	26                              @ DW_OP_and
	.byte	159                             @ DW_OP_stack_value
	.long	0
	.long	0
.Ldebug_loc44:
	.long	-1
	.long	.Lfunc_begin12                  @   base address
	.long	.Lfunc_begin12-.Lfunc_begin12
	.long	.Ltmp189-.Lfunc_begin12
	.short	1                               @ Loc expr size
	.byte	80                              @ DW_OP_reg0
	.long	.Ltmp189-.Lfunc_begin12
	.long	.Ltmp190-.Lfunc_begin12
	.short	4                               @ Loc expr size
	.byte	243                             @ DW_OP_GNU_entry_value
	.byte	1                               @ 1
	.byte	80                              @ DW_OP_reg0
	.byte	159                             @ DW_OP_stack_value
	.long	0
	.long	0
.Ldebug_loc45:
	.long	-1
	.long	.Lfunc_begin12                  @   base address
	.long	.Lfunc_begin12-.Lfunc_begin12
	.long	.Ltmp185-.Lfunc_begin12
	.short	6                               @ Loc expr size
	.byte	113                             @ DW_OP_breg1
	.byte	0                               @ 0
	.byte	16                              @ DW_OP_constu
	.byte	1                               @ 1
	.byte	26                              @ DW_OP_and
	.byte	159                             @ DW_OP_stack_value
	.long	.Ltmp186-.Lfunc_begin12
	.long	.Ltmp187-.Lfunc_begin12
	.short	6                               @ Loc expr size
	.byte	113                             @ DW_OP_breg1
	.byte	0                               @ 0
	.byte	16                              @ DW_OP_constu
	.byte	1                               @ 1
	.byte	26                              @ DW_OP_and
	.byte	159                             @ DW_OP_stack_value
	.long	0
	.long	0
.Ldebug_loc46:
	.long	-1
	.long	.Lfunc_begin13                  @   base address
	.long	.Ltmp192-.Lfunc_begin13
	.long	.Ltmp193-.Lfunc_begin13
	.short	1                               @ Loc expr size
	.byte	81                              @ DW_OP_reg1
	.long	0
	.long	0
.Ldebug_loc47:
	.long	-1
	.long	.Lfunc_begin14                  @   base address
	.long	.Ltmp194-.Lfunc_begin14
	.long	.Ltmp195-.Lfunc_begin14
	.short	6                               @ Loc expr size
	.byte	16                              @ DW_OP_constu
	.byte	128                             @ 48000000
	.byte	216                             @ 
	.byte	241                             @ 
	.byte	22                              @ 
	.byte	159                             @ DW_OP_stack_value
	.long	.Ltmp195-.Lfunc_begin14
	.long	.Ltmp196-.Lfunc_begin14
	.short	18                              @ Loc expr size
	.byte	112                             @ DW_OP_breg0
	.byte	0                               @ 0
	.byte	17                              @ DW_OP_consts
	.byte	255                             @ -48000001
	.byte	167                             @ 
	.byte	142                             @ 
	.byte	105                             @ 
	.byte	28                              @ DW_OP_minus
	.byte	17                              @ DW_OP_consts
	.byte	127                             @ -1
	.byte	30                              @ DW_OP_mul
	.byte	17                              @ DW_OP_consts
	.byte	128                             @ 48000000
	.byte	216                             @ 
	.byte	241                             @ 
	.byte	22                              @ 
	.byte	34                              @ DW_OP_plus
	.byte	159                             @ DW_OP_stack_value
	.long	.Ltmp196-.Lfunc_begin14
	.long	.Ltmp197-.Lfunc_begin14
	.short	18                              @ Loc expr size
	.byte	112                             @ DW_OP_breg0
	.byte	0                               @ 0
	.byte	17                              @ DW_OP_consts
	.byte	255                             @ -48000001
	.byte	167                             @ 
	.byte	142                             @ 
	.byte	105                             @ 
	.byte	28                              @ DW_OP_minus
	.byte	17                              @ DW_OP_consts
	.byte	127                             @ -1
	.byte	30                              @ DW_OP_mul
	.byte	17                              @ DW_OP_consts
	.byte	255                             @ 47999999
	.byte	215                             @ 
	.byte	241                             @ 
	.byte	22                              @ 
	.byte	34                              @ DW_OP_plus
	.byte	159                             @ DW_OP_stack_value
	.long	0
	.long	0
	.section	.debug_abbrev,"",%progbits
	.byte	1                               @ Abbreviation Code
	.byte	17                              @ DW_TAG_compile_unit
	.byte	1                               @ DW_CHILDREN_yes
	.byte	37                              @ DW_AT_producer
	.byte	14                              @ DW_FORM_strp
	.byte	19                              @ DW_AT_language
	.byte	5                               @ DW_FORM_data2
	.byte	3                               @ DW_AT_name
	.byte	14                              @ DW_FORM_strp
	.byte	16                              @ DW_AT_stmt_list
	.byte	23                              @ DW_FORM_sec_offset
	.byte	27                              @ DW_AT_comp_dir
	.byte	14                              @ DW_FORM_strp
	.byte	17                              @ DW_AT_low_pc
	.byte	1                               @ DW_FORM_addr
	.byte	85                              @ DW_AT_ranges
	.byte	23                              @ DW_FORM_sec_offset
	.byte	0                               @ EOM(1)
	.byte	0                               @ EOM(2)
	.byte	2                               @ Abbreviation Code
	.byte	4                               @ DW_TAG_enumeration_type
	.byte	1                               @ DW_CHILDREN_yes
	.byte	73                              @ DW_AT_type
	.byte	19                              @ DW_FORM_ref4
	.byte	11                              @ DW_AT_byte_size
	.byte	11                              @ DW_FORM_data1
	.byte	58                              @ DW_AT_decl_file
	.byte	11                              @ DW_FORM_data1
	.byte	59                              @ DW_AT_decl_line
	.byte	11                              @ DW_FORM_data1
	.byte	0                               @ EOM(1)
	.byte	0                               @ EOM(2)
	.byte	3                               @ Abbreviation Code
	.byte	40                              @ DW_TAG_enumerator
	.byte	0                               @ DW_CHILDREN_no
	.byte	3                               @ DW_AT_name
	.byte	14                              @ DW_FORM_strp
	.byte	28                              @ DW_AT_const_value
	.byte	15                              @ DW_FORM_udata
	.byte	0                               @ EOM(1)
	.byte	0                               @ EOM(2)
	.byte	4                               @ Abbreviation Code
	.byte	36                              @ DW_TAG_base_type
	.byte	0                               @ DW_CHILDREN_no
	.byte	3                               @ DW_AT_name
	.byte	14                              @ DW_FORM_strp
	.byte	62                              @ DW_AT_encoding
	.byte	11                              @ DW_FORM_data1
	.byte	11                              @ DW_AT_byte_size
	.byte	11                              @ DW_FORM_data1
	.byte	0                               @ EOM(1)
	.byte	0                               @ EOM(2)
	.byte	5                               @ Abbreviation Code
	.byte	15                              @ DW_TAG_pointer_type
	.byte	0                               @ DW_CHILDREN_no
	.byte	73                              @ DW_AT_type
	.byte	19                              @ DW_FORM_ref4
	.byte	0                               @ EOM(1)
	.byte	0                               @ EOM(2)
	.byte	6                               @ Abbreviation Code
	.byte	22                              @ DW_TAG_typedef
	.byte	0                               @ DW_CHILDREN_no
	.byte	73                              @ DW_AT_type
	.byte	19                              @ DW_FORM_ref4
	.byte	3                               @ DW_AT_name
	.byte	14                              @ DW_FORM_strp
	.byte	58                              @ DW_AT_decl_file
	.byte	11                              @ DW_FORM_data1
	.byte	59                              @ DW_AT_decl_line
	.byte	5                               @ DW_FORM_data2
	.byte	0                               @ EOM(1)
	.byte	0                               @ EOM(2)
	.byte	7                               @ Abbreviation Code
	.byte	19                              @ DW_TAG_structure_type
	.byte	1                               @ DW_CHILDREN_yes
	.byte	11                              @ DW_AT_byte_size
	.byte	5                               @ DW_FORM_data2
	.byte	58                              @ DW_AT_decl_file
	.byte	11                              @ DW_FORM_data1
	.byte	59                              @ DW_AT_decl_line
	.byte	5                               @ DW_FORM_data2
	.byte	0                               @ EOM(1)
	.byte	0                               @ EOM(2)
	.byte	8                               @ Abbreviation Code
	.byte	13                              @ DW_TAG_member
	.byte	0                               @ DW_CHILDREN_no
	.byte	73                              @ DW_AT_type
	.byte	19                              @ DW_FORM_ref4
	.byte	58                              @ DW_AT_decl_file
	.byte	11                              @ DW_FORM_data1
	.byte	59                              @ DW_AT_decl_line
	.byte	5                               @ DW_FORM_data2
	.byte	56                              @ DW_AT_data_member_location
	.byte	11                              @ DW_FORM_data1
	.byte	0                               @ EOM(1)
	.byte	0                               @ EOM(2)
	.byte	9                               @ Abbreviation Code
	.byte	23                              @ DW_TAG_union_type
	.byte	1                               @ DW_CHILDREN_yes
	.byte	11                              @ DW_AT_byte_size
	.byte	11                              @ DW_FORM_data1
	.byte	58                              @ DW_AT_decl_file
	.byte	11                              @ DW_FORM_data1
	.byte	59                              @ DW_AT_decl_line
	.byte	5                               @ DW_FORM_data2
	.byte	0                               @ EOM(1)
	.byte	0                               @ EOM(2)
	.byte	10                              @ Abbreviation Code
	.byte	13                              @ DW_TAG_member
	.byte	0                               @ DW_CHILDREN_no
	.byte	3                               @ DW_AT_name
	.byte	14                              @ DW_FORM_strp
	.byte	73                              @ DW_AT_type
	.byte	19                              @ DW_FORM_ref4
	.byte	58                              @ DW_AT_decl_file
	.byte	11                              @ DW_FORM_data1
	.byte	59                              @ DW_AT_decl_line
	.byte	5                               @ DW_FORM_data2
	.byte	56                              @ DW_AT_data_member_location
	.byte	11                              @ DW_FORM_data1
	.byte	0                               @ EOM(1)
	.byte	0                               @ EOM(2)
	.byte	11                              @ Abbreviation Code
	.byte	53                              @ DW_TAG_volatile_type
	.byte	0                               @ DW_CHILDREN_no
	.byte	73                              @ DW_AT_type
	.byte	19                              @ DW_FORM_ref4
	.byte	0                               @ EOM(1)
	.byte	0                               @ EOM(2)
	.byte	12                              @ Abbreviation Code
	.byte	22                              @ DW_TAG_typedef
	.byte	0                               @ DW_CHILDREN_no
	.byte	73                              @ DW_AT_type
	.byte	19                              @ DW_FORM_ref4
	.byte	3                               @ DW_AT_name
	.byte	14                              @ DW_FORM_strp
	.byte	58                              @ DW_AT_decl_file
	.byte	11                              @ DW_FORM_data1
	.byte	59                              @ DW_AT_decl_line
	.byte	11                              @ DW_FORM_data1
	.byte	0                               @ EOM(1)
	.byte	0                               @ EOM(2)
	.byte	13                              @ Abbreviation Code
	.byte	19                              @ DW_TAG_structure_type
	.byte	1                               @ DW_CHILDREN_yes
	.byte	11                              @ DW_AT_byte_size
	.byte	11                              @ DW_FORM_data1
	.byte	58                              @ DW_AT_decl_file
	.byte	11                              @ DW_FORM_data1
	.byte	59                              @ DW_AT_decl_line
	.byte	5                               @ DW_FORM_data2
	.byte	0                               @ EOM(1)
	.byte	0                               @ EOM(2)
	.byte	14                              @ Abbreviation Code
	.byte	13                              @ DW_TAG_member
	.byte	0                               @ DW_CHILDREN_no
	.byte	3                               @ DW_AT_name
	.byte	14                              @ DW_FORM_strp
	.byte	73                              @ DW_AT_type
	.byte	19                              @ DW_FORM_ref4
	.byte	58                              @ DW_AT_decl_file
	.byte	11                              @ DW_FORM_data1
	.byte	59                              @ DW_AT_decl_line
	.byte	5                               @ DW_FORM_data2
	.byte	13                              @ DW_AT_bit_size
	.byte	11                              @ DW_FORM_data1
	.byte	107                             @ DW_AT_data_bit_offset
	.byte	11                              @ DW_FORM_data1
	.byte	0                               @ EOM(1)
	.byte	0                               @ EOM(2)
	.byte	15                              @ Abbreviation Code
	.byte	1                               @ DW_TAG_array_type
	.byte	1                               @ DW_CHILDREN_yes
	.byte	73                              @ DW_AT_type
	.byte	19                              @ DW_FORM_ref4
	.byte	0                               @ EOM(1)
	.byte	0                               @ EOM(2)
	.byte	16                              @ Abbreviation Code
	.byte	33                              @ DW_TAG_subrange_type
	.byte	0                               @ DW_CHILDREN_no
	.byte	73                              @ DW_AT_type
	.byte	19                              @ DW_FORM_ref4
	.byte	55                              @ DW_AT_count
	.byte	11                              @ DW_FORM_data1
	.byte	0                               @ EOM(1)
	.byte	0                               @ EOM(2)
	.byte	17                              @ Abbreviation Code
	.byte	36                              @ DW_TAG_base_type
	.byte	0                               @ DW_CHILDREN_no
	.byte	3                               @ DW_AT_name
	.byte	14                              @ DW_FORM_strp
	.byte	11                              @ DW_AT_byte_size
	.byte	11                              @ DW_FORM_data1
	.byte	62                              @ DW_AT_encoding
	.byte	11                              @ DW_FORM_data1
	.byte	0                               @ EOM(1)
	.byte	0                               @ EOM(2)
	.byte	18                              @ Abbreviation Code
	.byte	46                              @ DW_TAG_subprogram
	.byte	0                               @ DW_CHILDREN_no
	.byte	17                              @ DW_AT_low_pc
	.byte	1                               @ DW_FORM_addr
	.byte	18                              @ DW_AT_high_pc
	.byte	6                               @ DW_FORM_data4
	.byte	64                              @ DW_AT_frame_base
	.byte	24                              @ DW_FORM_exprloc
	.ascii	"\227B"                         @ DW_AT_GNU_all_call_sites
	.byte	25                              @ DW_FORM_flag_present
	.byte	3                               @ DW_AT_name
	.byte	14                              @ DW_FORM_strp
	.byte	58                              @ DW_AT_decl_file
	.byte	11                              @ DW_FORM_data1
	.byte	59                              @ DW_AT_decl_line
	.byte	11                              @ DW_FORM_data1
	.byte	39                              @ DW_AT_prototyped
	.byte	25                              @ DW_FORM_flag_present
	.byte	63                              @ DW_AT_external
	.byte	25                              @ DW_FORM_flag_present
	.byte	0                               @ EOM(1)
	.byte	0                               @ EOM(2)
	.byte	19                              @ Abbreviation Code
	.byte	46                              @ DW_TAG_subprogram
	.byte	1                               @ DW_CHILDREN_yes
	.byte	17                              @ DW_AT_low_pc
	.byte	1                               @ DW_FORM_addr
	.byte	18                              @ DW_AT_high_pc
	.byte	6                               @ DW_FORM_data4
	.byte	64                              @ DW_AT_frame_base
	.byte	24                              @ DW_FORM_exprloc
	.ascii	"\227B"                         @ DW_AT_GNU_all_call_sites
	.byte	25                              @ DW_FORM_flag_present
	.byte	3                               @ DW_AT_name
	.byte	14                              @ DW_FORM_strp
	.byte	58                              @ DW_AT_decl_file
	.byte	11                              @ DW_FORM_data1
	.byte	59                              @ DW_AT_decl_line
	.byte	11                              @ DW_FORM_data1
	.byte	39                              @ DW_AT_prototyped
	.byte	25                              @ DW_FORM_flag_present
	.byte	63                              @ DW_AT_external
	.byte	25                              @ DW_FORM_flag_present
	.byte	0                               @ EOM(1)
	.byte	0                               @ EOM(2)
	.byte	20                              @ Abbreviation Code
	.byte	5                               @ DW_TAG_formal_parameter
	.byte	0                               @ DW_CHILDREN_no
	.byte	2                               @ DW_AT_location
	.byte	23                              @ DW_FORM_sec_offset
	.byte	3                               @ DW_AT_name
	.byte	14                              @ DW_FORM_strp
	.byte	58                              @ DW_AT_decl_file
	.byte	11                              @ DW_FORM_data1
	.byte	59                              @ DW_AT_decl_line
	.byte	11                              @ DW_FORM_data1
	.byte	73                              @ DW_AT_type
	.byte	19                              @ DW_FORM_ref4
	.byte	0                               @ EOM(1)
	.byte	0                               @ EOM(2)
	.byte	21                              @ Abbreviation Code
	.byte	46                              @ DW_TAG_subprogram
	.byte	0                               @ DW_CHILDREN_no
	.byte	17                              @ DW_AT_low_pc
	.byte	1                               @ DW_FORM_addr
	.byte	18                              @ DW_AT_high_pc
	.byte	6                               @ DW_FORM_data4
	.byte	64                              @ DW_AT_frame_base
	.byte	24                              @ DW_FORM_exprloc
	.ascii	"\227B"                         @ DW_AT_GNU_all_call_sites
	.byte	25                              @ DW_FORM_flag_present
	.byte	3                               @ DW_AT_name
	.byte	14                              @ DW_FORM_strp
	.byte	58                              @ DW_AT_decl_file
	.byte	11                              @ DW_FORM_data1
	.byte	59                              @ DW_AT_decl_line
	.byte	5                               @ DW_FORM_data2
	.byte	39                              @ DW_AT_prototyped
	.byte	25                              @ DW_FORM_flag_present
	.byte	73                              @ DW_AT_type
	.byte	19                              @ DW_FORM_ref4
	.byte	63                              @ DW_AT_external
	.byte	25                              @ DW_FORM_flag_present
	.byte	0                               @ EOM(1)
	.byte	0                               @ EOM(2)
	.byte	22                              @ Abbreviation Code
	.byte	46                              @ DW_TAG_subprogram
	.byte	1                               @ DW_CHILDREN_yes
	.byte	17                              @ DW_AT_low_pc
	.byte	1                               @ DW_FORM_addr
	.byte	18                              @ DW_AT_high_pc
	.byte	6                               @ DW_FORM_data4
	.byte	64                              @ DW_AT_frame_base
	.byte	24                              @ DW_FORM_exprloc
	.ascii	"\227B"                         @ DW_AT_GNU_all_call_sites
	.byte	25                              @ DW_FORM_flag_present
	.byte	3                               @ DW_AT_name
	.byte	14                              @ DW_FORM_strp
	.byte	58                              @ DW_AT_decl_file
	.byte	11                              @ DW_FORM_data1
	.byte	59                              @ DW_AT_decl_line
	.byte	11                              @ DW_FORM_data1
	.byte	39                              @ DW_AT_prototyped
	.byte	25                              @ DW_FORM_flag_present
	.byte	73                              @ DW_AT_type
	.byte	19                              @ DW_FORM_ref4
	.byte	0                               @ EOM(1)
	.byte	0                               @ EOM(2)
	.byte	23                              @ Abbreviation Code
	.byte	52                              @ DW_TAG_variable
	.byte	0                               @ DW_CHILDREN_no
	.byte	2                               @ DW_AT_location
	.byte	23                              @ DW_FORM_sec_offset
	.byte	3                               @ DW_AT_name
	.byte	14                              @ DW_FORM_strp
	.byte	58                              @ DW_AT_decl_file
	.byte	11                              @ DW_FORM_data1
	.byte	59                              @ DW_AT_decl_line
	.byte	11                              @ DW_FORM_data1
	.byte	73                              @ DW_AT_type
	.byte	19                              @ DW_FORM_ref4
	.byte	0                               @ EOM(1)
	.byte	0                               @ EOM(2)
	.byte	24                              @ Abbreviation Code
	.byte	46                              @ DW_TAG_subprogram
	.byte	1                               @ DW_CHILDREN_yes
	.byte	17                              @ DW_AT_low_pc
	.byte	1                               @ DW_FORM_addr
	.byte	18                              @ DW_AT_high_pc
	.byte	6                               @ DW_FORM_data4
	.byte	64                              @ DW_AT_frame_base
	.byte	24                              @ DW_FORM_exprloc
	.ascii	"\227B"                         @ DW_AT_GNU_all_call_sites
	.byte	25                              @ DW_FORM_flag_present
	.byte	3                               @ DW_AT_name
	.byte	14                              @ DW_FORM_strp
	.byte	58                              @ DW_AT_decl_file
	.byte	11                              @ DW_FORM_data1
	.byte	59                              @ DW_AT_decl_line
	.byte	5                               @ DW_FORM_data2
	.byte	39                              @ DW_AT_prototyped
	.byte	25                              @ DW_FORM_flag_present
	.byte	73                              @ DW_AT_type
	.byte	19                              @ DW_FORM_ref4
	.byte	63                              @ DW_AT_external
	.byte	25                              @ DW_FORM_flag_present
	.byte	0                               @ EOM(1)
	.byte	0                               @ EOM(2)
	.byte	25                              @ Abbreviation Code
	.byte	5                               @ DW_TAG_formal_parameter
	.byte	0                               @ DW_CHILDREN_no
	.byte	2                               @ DW_AT_location
	.byte	23                              @ DW_FORM_sec_offset
	.byte	3                               @ DW_AT_name
	.byte	14                              @ DW_FORM_strp
	.byte	58                              @ DW_AT_decl_file
	.byte	11                              @ DW_FORM_data1
	.byte	59                              @ DW_AT_decl_line
	.byte	5                               @ DW_FORM_data2
	.byte	73                              @ DW_AT_type
	.byte	19                              @ DW_FORM_ref4
	.byte	0                               @ EOM(1)
	.byte	0                               @ EOM(2)
	.byte	26                              @ Abbreviation Code
	.byte	52                              @ DW_TAG_variable
	.byte	0                               @ DW_CHILDREN_no
	.byte	2                               @ DW_AT_location
	.byte	23                              @ DW_FORM_sec_offset
	.byte	3                               @ DW_AT_name
	.byte	14                              @ DW_FORM_strp
	.byte	58                              @ DW_AT_decl_file
	.byte	11                              @ DW_FORM_data1
	.byte	59                              @ DW_AT_decl_line
	.byte	5                               @ DW_FORM_data2
	.byte	73                              @ DW_AT_type
	.byte	19                              @ DW_FORM_ref4
	.byte	0                               @ EOM(1)
	.byte	0                               @ EOM(2)
	.byte	27                              @ Abbreviation Code
	.byte	5                               @ DW_TAG_formal_parameter
	.byte	0                               @ DW_CHILDREN_no
	.byte	2                               @ DW_AT_location
	.byte	24                              @ DW_FORM_exprloc
	.byte	3                               @ DW_AT_name
	.byte	14                              @ DW_FORM_strp
	.byte	58                              @ DW_AT_decl_file
	.byte	11                              @ DW_FORM_data1
	.byte	59                              @ DW_AT_decl_line
	.byte	11                              @ DW_FORM_data1
	.byte	73                              @ DW_AT_type
	.byte	19                              @ DW_FORM_ref4
	.byte	0                               @ EOM(1)
	.byte	0                               @ EOM(2)
	.byte	28                              @ Abbreviation Code
	.byte	46                              @ DW_TAG_subprogram
	.byte	1                               @ DW_CHILDREN_yes
	.byte	3                               @ DW_AT_name
	.byte	14                              @ DW_FORM_strp
	.byte	58                              @ DW_AT_decl_file
	.byte	11                              @ DW_FORM_data1
	.byte	59                              @ DW_AT_decl_line
	.byte	11                              @ DW_FORM_data1
	.byte	39                              @ DW_AT_prototyped
	.byte	25                              @ DW_FORM_flag_present
	.byte	73                              @ DW_AT_type
	.byte	19                              @ DW_FORM_ref4
	.byte	32                              @ DW_AT_inline
	.byte	11                              @ DW_FORM_data1
	.byte	0                               @ EOM(1)
	.byte	0                               @ EOM(2)
	.byte	29                              @ Abbreviation Code
	.byte	5                               @ DW_TAG_formal_parameter
	.byte	0                               @ DW_CHILDREN_no
	.byte	3                               @ DW_AT_name
	.byte	14                              @ DW_FORM_strp
	.byte	58                              @ DW_AT_decl_file
	.byte	11                              @ DW_FORM_data1
	.byte	59                              @ DW_AT_decl_line
	.byte	11                              @ DW_FORM_data1
	.byte	73                              @ DW_AT_type
	.byte	19                              @ DW_FORM_ref4
	.byte	0                               @ EOM(1)
	.byte	0                               @ EOM(2)
	.byte	30                              @ Abbreviation Code
	.byte	46                              @ DW_TAG_subprogram
	.byte	1                               @ DW_CHILDREN_yes
	.byte	17                              @ DW_AT_low_pc
	.byte	1                               @ DW_FORM_addr
	.byte	18                              @ DW_AT_high_pc
	.byte	6                               @ DW_FORM_data4
	.byte	64                              @ DW_AT_frame_base
	.byte	24                              @ DW_FORM_exprloc
	.ascii	"\227B"                         @ DW_AT_GNU_all_call_sites
	.byte	25                              @ DW_FORM_flag_present
	.byte	3                               @ DW_AT_name
	.byte	14                              @ DW_FORM_strp
	.byte	58                              @ DW_AT_decl_file
	.byte	11                              @ DW_FORM_data1
	.byte	59                              @ DW_AT_decl_line
	.byte	11                              @ DW_FORM_data1
	.byte	39                              @ DW_AT_prototyped
	.byte	25                              @ DW_FORM_flag_present
	.byte	54                              @ DW_AT_calling_convention
	.byte	11                              @ DW_FORM_data1
	.byte	73                              @ DW_AT_type
	.byte	19                              @ DW_FORM_ref4
	.byte	0                               @ EOM(1)
	.byte	0                               @ EOM(2)
	.byte	31                              @ Abbreviation Code
	.byte	52                              @ DW_TAG_variable
	.byte	0                               @ DW_CHILDREN_no
	.byte	3                               @ DW_AT_name
	.byte	14                              @ DW_FORM_strp
	.byte	58                              @ DW_AT_decl_file
	.byte	11                              @ DW_FORM_data1
	.byte	59                              @ DW_AT_decl_line
	.byte	11                              @ DW_FORM_data1
	.byte	73                              @ DW_AT_type
	.byte	19                              @ DW_FORM_ref4
	.byte	0                               @ EOM(1)
	.byte	0                               @ EOM(2)
	.byte	32                              @ Abbreviation Code
	.byte	29                              @ DW_TAG_inlined_subroutine
	.byte	0                               @ DW_CHILDREN_no
	.byte	49                              @ DW_AT_abstract_origin
	.byte	19                              @ DW_FORM_ref4
	.byte	17                              @ DW_AT_low_pc
	.byte	1                               @ DW_FORM_addr
	.byte	18                              @ DW_AT_high_pc
	.byte	6                               @ DW_FORM_data4
	.byte	88                              @ DW_AT_call_file
	.byte	11                              @ DW_FORM_data1
	.byte	89                              @ DW_AT_call_line
	.byte	11                              @ DW_FORM_data1
	.byte	87                              @ DW_AT_call_column
	.byte	11                              @ DW_FORM_data1
	.byte	0                               @ EOM(1)
	.byte	0                               @ EOM(2)
	.byte	33                              @ Abbreviation Code
	.byte	29                              @ DW_TAG_inlined_subroutine
	.byte	1                               @ DW_CHILDREN_yes
	.byte	49                              @ DW_AT_abstract_origin
	.byte	19                              @ DW_FORM_ref4
	.byte	17                              @ DW_AT_low_pc
	.byte	1                               @ DW_FORM_addr
	.byte	18                              @ DW_AT_high_pc
	.byte	6                               @ DW_FORM_data4
	.byte	88                              @ DW_AT_call_file
	.byte	11                              @ DW_FORM_data1
	.byte	89                              @ DW_AT_call_line
	.byte	11                              @ DW_FORM_data1
	.byte	87                              @ DW_AT_call_column
	.byte	11                              @ DW_FORM_data1
	.byte	0                               @ EOM(1)
	.byte	0                               @ EOM(2)
	.byte	34                              @ Abbreviation Code
	.byte	5                               @ DW_TAG_formal_parameter
	.byte	0                               @ DW_CHILDREN_no
	.byte	2                               @ DW_AT_location
	.byte	24                              @ DW_FORM_exprloc
	.byte	49                              @ DW_AT_abstract_origin
	.byte	19                              @ DW_FORM_ref4
	.byte	0                               @ EOM(1)
	.byte	0                               @ EOM(2)
	.byte	35                              @ Abbreviation Code
	.byte	11                              @ DW_TAG_lexical_block
	.byte	1                               @ DW_CHILDREN_yes
	.byte	17                              @ DW_AT_low_pc
	.byte	1                               @ DW_FORM_addr
	.byte	18                              @ DW_AT_high_pc
	.byte	6                               @ DW_FORM_data4
	.byte	0                               @ EOM(1)
	.byte	0                               @ EOM(2)
	.byte	36                              @ Abbreviation Code
	.byte	46                              @ DW_TAG_subprogram
	.byte	1                               @ DW_CHILDREN_yes
	.byte	3                               @ DW_AT_name
	.byte	14                              @ DW_FORM_strp
	.byte	58                              @ DW_AT_decl_file
	.byte	11                              @ DW_FORM_data1
	.byte	59                              @ DW_AT_decl_line
	.byte	5                               @ DW_FORM_data2
	.byte	39                              @ DW_AT_prototyped
	.byte	25                              @ DW_FORM_flag_present
	.byte	32                              @ DW_AT_inline
	.byte	11                              @ DW_FORM_data1
	.byte	0                               @ EOM(1)
	.byte	0                               @ EOM(2)
	.byte	37                              @ Abbreviation Code
	.byte	5                               @ DW_TAG_formal_parameter
	.byte	0                               @ DW_CHILDREN_no
	.byte	3                               @ DW_AT_name
	.byte	14                              @ DW_FORM_strp
	.byte	58                              @ DW_AT_decl_file
	.byte	11                              @ DW_FORM_data1
	.byte	59                              @ DW_AT_decl_line
	.byte	5                               @ DW_FORM_data2
	.byte	73                              @ DW_AT_type
	.byte	19                              @ DW_FORM_ref4
	.byte	0                               @ EOM(1)
	.byte	0                               @ EOM(2)
	.byte	38                              @ Abbreviation Code
	.byte	52                              @ DW_TAG_variable
	.byte	0                               @ DW_CHILDREN_no
	.byte	3                               @ DW_AT_name
	.byte	14                              @ DW_FORM_strp
	.byte	58                              @ DW_AT_decl_file
	.byte	11                              @ DW_FORM_data1
	.byte	59                              @ DW_AT_decl_line
	.byte	5                               @ DW_FORM_data2
	.byte	73                              @ DW_AT_type
	.byte	19                              @ DW_FORM_ref4
	.byte	0                               @ EOM(1)
	.byte	0                               @ EOM(2)
	.byte	39                              @ Abbreviation Code
	.byte	11                              @ DW_TAG_lexical_block
	.byte	1                               @ DW_CHILDREN_yes
	.byte	0                               @ EOM(1)
	.byte	0                               @ EOM(2)
	.byte	40                              @ Abbreviation Code
	.byte	29                              @ DW_TAG_inlined_subroutine
	.byte	1                               @ DW_CHILDREN_yes
	.byte	49                              @ DW_AT_abstract_origin
	.byte	19                              @ DW_FORM_ref4
	.byte	17                              @ DW_AT_low_pc
	.byte	1                               @ DW_FORM_addr
	.byte	18                              @ DW_AT_high_pc
	.byte	6                               @ DW_FORM_data4
	.byte	88                              @ DW_AT_call_file
	.byte	11                              @ DW_FORM_data1
	.byte	89                              @ DW_AT_call_line
	.byte	5                               @ DW_FORM_data2
	.byte	87                              @ DW_AT_call_column
	.byte	11                              @ DW_FORM_data1
	.byte	0                               @ EOM(1)
	.byte	0                               @ EOM(2)
	.byte	41                              @ Abbreviation Code
	.byte	5                               @ DW_TAG_formal_parameter
	.byte	0                               @ DW_CHILDREN_no
	.byte	2                               @ DW_AT_location
	.byte	23                              @ DW_FORM_sec_offset
	.byte	49                              @ DW_AT_abstract_origin
	.byte	19                              @ DW_FORM_ref4
	.byte	0                               @ EOM(1)
	.byte	0                               @ EOM(2)
	.byte	42                              @ Abbreviation Code
	.byte	52                              @ DW_TAG_variable
	.byte	0                               @ DW_CHILDREN_no
	.byte	2                               @ DW_AT_location
	.byte	24                              @ DW_FORM_exprloc
	.byte	49                              @ DW_AT_abstract_origin
	.byte	19                              @ DW_FORM_ref4
	.byte	0                               @ EOM(1)
	.byte	0                               @ EOM(2)
	.byte	43                              @ Abbreviation Code
	.byte	52                              @ DW_TAG_variable
	.byte	0                               @ DW_CHILDREN_no
	.byte	2                               @ DW_AT_location
	.byte	23                              @ DW_FORM_sec_offset
	.byte	49                              @ DW_AT_abstract_origin
	.byte	19                              @ DW_FORM_ref4
	.byte	0                               @ EOM(1)
	.byte	0                               @ EOM(2)
	.byte	44                              @ Abbreviation Code
	.byte	52                              @ DW_TAG_variable
	.byte	0                               @ DW_CHILDREN_no
	.byte	2                               @ DW_AT_location
	.byte	24                              @ DW_FORM_exprloc
	.byte	3                               @ DW_AT_name
	.byte	14                              @ DW_FORM_strp
	.byte	58                              @ DW_AT_decl_file
	.byte	11                              @ DW_FORM_data1
	.byte	59                              @ DW_AT_decl_line
	.byte	11                              @ DW_FORM_data1
	.byte	73                              @ DW_AT_type
	.byte	19                              @ DW_FORM_ref4
	.byte	0                               @ EOM(1)
	.byte	0                               @ EOM(2)
	.byte	45                              @ Abbreviation Code
	.byte	5                               @ DW_TAG_formal_parameter
	.byte	0                               @ DW_CHILDREN_no
	.byte	2                               @ DW_AT_location
	.byte	24                              @ DW_FORM_exprloc
	.byte	3                               @ DW_AT_name
	.byte	14                              @ DW_FORM_strp
	.byte	58                              @ DW_AT_decl_file
	.byte	11                              @ DW_FORM_data1
	.byte	59                              @ DW_AT_decl_line
	.byte	5                               @ DW_FORM_data2
	.byte	73                              @ DW_AT_type
	.byte	19                              @ DW_FORM_ref4
	.byte	0                               @ EOM(1)
	.byte	0                               @ EOM(2)
	.byte	46                              @ Abbreviation Code
	.byte	46                              @ DW_TAG_subprogram
	.byte	1                               @ DW_CHILDREN_yes
	.byte	17                              @ DW_AT_low_pc
	.byte	1                               @ DW_FORM_addr
	.byte	18                              @ DW_AT_high_pc
	.byte	6                               @ DW_FORM_data4
	.byte	64                              @ DW_AT_frame_base
	.byte	24                              @ DW_FORM_exprloc
	.ascii	"\227B"                         @ DW_AT_GNU_all_call_sites
	.byte	25                              @ DW_FORM_flag_present
	.byte	3                               @ DW_AT_name
	.byte	14                              @ DW_FORM_strp
	.byte	58                              @ DW_AT_decl_file
	.byte	11                              @ DW_FORM_data1
	.byte	59                              @ DW_AT_decl_line
	.byte	5                               @ DW_FORM_data2
	.byte	39                              @ DW_AT_prototyped
	.byte	25                              @ DW_FORM_flag_present
	.byte	63                              @ DW_AT_external
	.byte	25                              @ DW_FORM_flag_present
	.byte	0                               @ EOM(1)
	.byte	0                               @ EOM(2)
	.byte	0                               @ EOM(3)
	.section	.debug_info,"",%progbits
.Lcu_begin0:
	.long	.Ldebug_info_end0-.Ldebug_info_start0 @ Length of Unit
.Ldebug_info_start0:
	.short	4                               @ DWARF version number
	.long	.debug_abbrev                   @ Offset Into Abbrev. Section
	.byte	4                               @ Address Size (in bytes)
	.byte	1                               @ Abbrev [1] 0xb:0x124d DW_TAG_compile_unit
	.long	.Linfo_string0                  @ DW_AT_producer
	.short	12                              @ DW_AT_language
	.long	.Linfo_string1                  @ DW_AT_name
	.long	.Lline_table_start0             @ DW_AT_stmt_list
	.long	.Linfo_string2                  @ DW_AT_comp_dir
	.long	0                               @ DW_AT_low_pc
	.long	.Ldebug_ranges0                 @ DW_AT_ranges
	.byte	2                               @ Abbrev [2] 0x26:0x1b DW_TAG_enumeration_type
	.long	65                              @ DW_AT_type
	.byte	1                               @ DW_AT_byte_size
	.byte	1                               @ DW_AT_decl_file
	.byte	68                              @ DW_AT_decl_line
	.byte	3                               @ Abbrev [3] 0x2e:0x6 DW_TAG_enumerator
	.long	.Linfo_string4                  @ DW_AT_name
	.byte	0                               @ DW_AT_const_value
	.byte	3                               @ Abbrev [3] 0x34:0x6 DW_TAG_enumerator
	.long	.Linfo_string5                  @ DW_AT_name
	.byte	1                               @ DW_AT_const_value
	.byte	3                               @ Abbrev [3] 0x3a:0x6 DW_TAG_enumerator
	.long	.Linfo_string6                  @ DW_AT_name
	.byte	2                               @ DW_AT_const_value
	.byte	0                               @ End Of Children Mark
	.byte	4                               @ Abbrev [4] 0x41:0x7 DW_TAG_base_type
	.long	.Linfo_string3                  @ DW_AT_name
	.byte	8                               @ DW_AT_encoding
	.byte	1                               @ DW_AT_byte_size
	.byte	5                               @ Abbrev [5] 0x48:0x5 DW_TAG_pointer_type
	.long	77                              @ DW_AT_type
	.byte	6                               @ Abbrev [6] 0x4d:0xc DW_TAG_typedef
	.long	89                              @ DW_AT_type
	.long	.Linfo_string156                @ DW_AT_name
	.byte	3                               @ DW_AT_decl_file
	.short	815                             @ DW_AT_decl_line
	.byte	7                               @ Abbrev [7] 0x59:0x3c3 DW_TAG_structure_type
	.short	256                             @ DW_AT_byte_size
	.byte	3                               @ DW_AT_decl_file
	.short	673                             @ DW_AT_decl_line
	.byte	8                               @ Abbrev [8] 0x5f:0x9 DW_TAG_member
	.long	104                             @ DW_AT_type
	.byte	3                               @ DW_AT_decl_file
	.short	675                             @ DW_AT_decl_line
	.byte	0                               @ DW_AT_data_member_location
	.byte	9                               @ Abbrev [9] 0x68:0x20 DW_TAG_union_type
	.byte	4                               @ DW_AT_byte_size
	.byte	3                               @ DW_AT_decl_file
	.short	675                             @ DW_AT_decl_line
	.byte	10                              @ Abbrev [10] 0x6d:0xd DW_TAG_member
	.long	.Linfo_string7                  @ DW_AT_name
	.long	1052                            @ DW_AT_type
	.byte	3                               @ DW_AT_decl_file
	.short	677                             @ DW_AT_decl_line
	.byte	0                               @ DW_AT_data_member_location
	.byte	10                              @ Abbrev [10] 0x7a:0xd DW_TAG_member
	.long	.Linfo_string10                 @ DW_AT_name
	.long	1075                            @ DW_AT_type
	.byte	3                               @ DW_AT_decl_file
	.short	678                             @ DW_AT_decl_line
	.byte	0                               @ DW_AT_data_member_location
	.byte	0                               @ End Of Children Mark
	.byte	8                               @ Abbrev [8] 0x88:0x9 DW_TAG_member
	.long	145                             @ DW_AT_type
	.byte	3                               @ DW_AT_decl_file
	.short	681                             @ DW_AT_decl_line
	.byte	4                               @ DW_AT_data_member_location
	.byte	9                               @ Abbrev [9] 0x91:0x20 DW_TAG_union_type
	.byte	4                               @ DW_AT_byte_size
	.byte	3                               @ DW_AT_decl_file
	.short	681                             @ DW_AT_decl_line
	.byte	10                              @ Abbrev [10] 0x96:0xd DW_TAG_member
	.long	.Linfo_string13                 @ DW_AT_name
	.long	1052                            @ DW_AT_type
	.byte	3                               @ DW_AT_decl_file
	.short	683                             @ DW_AT_decl_line
	.byte	0                               @ DW_AT_data_member_location
	.byte	10                              @ Abbrev [10] 0xa3:0xd DW_TAG_member
	.long	.Linfo_string14                 @ DW_AT_name
	.long	1126                            @ DW_AT_type
	.byte	3                               @ DW_AT_decl_file
	.short	684                             @ DW_AT_decl_line
	.byte	0                               @ DW_AT_data_member_location
	.byte	0                               @ End Of Children Mark
	.byte	8                               @ Abbrev [8] 0xb1:0x9 DW_TAG_member
	.long	186                             @ DW_AT_type
	.byte	3                               @ DW_AT_decl_file
	.short	687                             @ DW_AT_decl_line
	.byte	8                               @ DW_AT_data_member_location
	.byte	9                               @ Abbrev [9] 0xba:0x20 DW_TAG_union_type
	.byte	4                               @ DW_AT_byte_size
	.byte	3                               @ DW_AT_decl_file
	.short	687                             @ DW_AT_decl_line
	.byte	10                              @ Abbrev [10] 0xbf:0xd DW_TAG_member
	.long	.Linfo_string21                 @ DW_AT_name
	.long	1052                            @ DW_AT_type
	.byte	3                               @ DW_AT_decl_file
	.short	689                             @ DW_AT_decl_line
	.byte	0                               @ DW_AT_data_member_location
	.byte	10                              @ Abbrev [10] 0xcc:0xd DW_TAG_member
	.long	.Linfo_string22                 @ DW_AT_name
	.long	1233                            @ DW_AT_type
	.byte	3                               @ DW_AT_decl_file
	.short	690                             @ DW_AT_decl_line
	.byte	0                               @ DW_AT_data_member_location
	.byte	0                               @ End Of Children Mark
	.byte	8                               @ Abbrev [8] 0xda:0x9 DW_TAG_member
	.long	227                             @ DW_AT_type
	.byte	3                               @ DW_AT_decl_file
	.short	693                             @ DW_AT_decl_line
	.byte	12                              @ DW_AT_data_member_location
	.byte	9                               @ Abbrev [9] 0xe3:0x20 DW_TAG_union_type
	.byte	4                               @ DW_AT_byte_size
	.byte	3                               @ DW_AT_decl_file
	.short	693                             @ DW_AT_decl_line
	.byte	10                              @ Abbrev [10] 0xe8:0xd DW_TAG_member
	.long	.Linfo_string26                 @ DW_AT_name
	.long	1052                            @ DW_AT_type
	.byte	3                               @ DW_AT_decl_file
	.short	695                             @ DW_AT_decl_line
	.byte	0                               @ DW_AT_data_member_location
	.byte	10                              @ Abbrev [10] 0xf5:0xd DW_TAG_member
	.long	.Linfo_string27                 @ DW_AT_name
	.long	1298                            @ DW_AT_type
	.byte	3                               @ DW_AT_decl_file
	.short	696                             @ DW_AT_decl_line
	.byte	0                               @ DW_AT_data_member_location
	.byte	0                               @ End Of Children Mark
	.byte	8                               @ Abbrev [8] 0x103:0x9 DW_TAG_member
	.long	268                             @ DW_AT_type
	.byte	3                               @ DW_AT_decl_file
	.short	699                             @ DW_AT_decl_line
	.byte	16                              @ DW_AT_data_member_location
	.byte	9                               @ Abbrev [9] 0x10c:0x20 DW_TAG_union_type
	.byte	4                               @ DW_AT_byte_size
	.byte	3                               @ DW_AT_decl_file
	.short	699                             @ DW_AT_decl_line
	.byte	10                              @ Abbrev [10] 0x111:0xd DW_TAG_member
	.long	.Linfo_string31                 @ DW_AT_name
	.long	1052                            @ DW_AT_type
	.byte	3                               @ DW_AT_decl_file
	.short	701                             @ DW_AT_decl_line
	.byte	0                               @ DW_AT_data_member_location
	.byte	10                              @ Abbrev [10] 0x11e:0xd DW_TAG_member
	.long	.Linfo_string32                 @ DW_AT_name
	.long	1377                            @ DW_AT_type
	.byte	3                               @ DW_AT_decl_file
	.short	702                             @ DW_AT_decl_line
	.byte	0                               @ DW_AT_data_member_location
	.byte	0                               @ End Of Children Mark
	.byte	8                               @ Abbrev [8] 0x12c:0x9 DW_TAG_member
	.long	309                             @ DW_AT_type
	.byte	3                               @ DW_AT_decl_file
	.short	705                             @ DW_AT_decl_line
	.byte	20                              @ DW_AT_data_member_location
	.byte	9                               @ Abbrev [9] 0x135:0x20 DW_TAG_union_type
	.byte	4                               @ DW_AT_byte_size
	.byte	3                               @ DW_AT_decl_file
	.short	705                             @ DW_AT_decl_line
	.byte	10                              @ Abbrev [10] 0x13a:0xd DW_TAG_member
	.long	.Linfo_string37                 @ DW_AT_name
	.long	1052                            @ DW_AT_type
	.byte	3                               @ DW_AT_decl_file
	.short	707                             @ DW_AT_decl_line
	.byte	0                               @ DW_AT_data_member_location
	.byte	10                              @ Abbrev [10] 0x147:0xd DW_TAG_member
	.long	.Linfo_string38                 @ DW_AT_name
	.long	1470                            @ DW_AT_type
	.byte	3                               @ DW_AT_decl_file
	.short	708                             @ DW_AT_decl_line
	.byte	0                               @ DW_AT_data_member_location
	.byte	0                               @ End Of Children Mark
	.byte	8                               @ Abbrev [8] 0x155:0x9 DW_TAG_member
	.long	350                             @ DW_AT_type
	.byte	3                               @ DW_AT_decl_file
	.short	711                             @ DW_AT_decl_line
	.byte	24                              @ DW_AT_data_member_location
	.byte	9                               @ Abbrev [9] 0x15e:0x20 DW_TAG_union_type
	.byte	4                               @ DW_AT_byte_size
	.byte	3                               @ DW_AT_decl_file
	.short	711                             @ DW_AT_decl_line
	.byte	10                              @ Abbrev [10] 0x163:0xd DW_TAG_member
	.long	.Linfo_string42                 @ DW_AT_name
	.long	1052                            @ DW_AT_type
	.byte	3                               @ DW_AT_decl_file
	.short	713                             @ DW_AT_decl_line
	.byte	0                               @ DW_AT_data_member_location
	.byte	10                              @ Abbrev [10] 0x170:0xd DW_TAG_member
	.long	.Linfo_string43                 @ DW_AT_name
	.long	1535                            @ DW_AT_type
	.byte	3                               @ DW_AT_decl_file
	.short	714                             @ DW_AT_decl_line
	.byte	0                               @ DW_AT_data_member_location
	.byte	0                               @ End Of Children Mark
	.byte	8                               @ Abbrev [8] 0x17e:0x9 DW_TAG_member
	.long	391                             @ DW_AT_type
	.byte	3                               @ DW_AT_decl_file
	.short	717                             @ DW_AT_decl_line
	.byte	28                              @ DW_AT_data_member_location
	.byte	9                               @ Abbrev [9] 0x187:0x20 DW_TAG_union_type
	.byte	4                               @ DW_AT_byte_size
	.byte	3                               @ DW_AT_decl_file
	.short	717                             @ DW_AT_decl_line
	.byte	10                              @ Abbrev [10] 0x18c:0xd DW_TAG_member
	.long	.Linfo_string47                 @ DW_AT_name
	.long	1052                            @ DW_AT_type
	.byte	3                               @ DW_AT_decl_file
	.short	719                             @ DW_AT_decl_line
	.byte	0                               @ DW_AT_data_member_location
	.byte	10                              @ Abbrev [10] 0x199:0xd DW_TAG_member
	.long	.Linfo_string48                 @ DW_AT_name
	.long	1614                            @ DW_AT_type
	.byte	3                               @ DW_AT_decl_file
	.short	720                             @ DW_AT_decl_line
	.byte	0                               @ DW_AT_data_member_location
	.byte	0                               @ End Of Children Mark
	.byte	8                               @ Abbrev [8] 0x1a7:0x9 DW_TAG_member
	.long	432                             @ DW_AT_type
	.byte	3                               @ DW_AT_decl_file
	.short	723                             @ DW_AT_decl_line
	.byte	32                              @ DW_AT_data_member_location
	.byte	9                               @ Abbrev [9] 0x1b0:0x20 DW_TAG_union_type
	.byte	4                               @ DW_AT_byte_size
	.byte	3                               @ DW_AT_decl_file
	.short	723                             @ DW_AT_decl_line
	.byte	10                              @ Abbrev [10] 0x1b5:0xd DW_TAG_member
	.long	.Linfo_string52                 @ DW_AT_name
	.long	1052                            @ DW_AT_type
	.byte	3                               @ DW_AT_decl_file
	.short	725                             @ DW_AT_decl_line
	.byte	0                               @ DW_AT_data_member_location
	.byte	10                              @ Abbrev [10] 0x1c2:0xd DW_TAG_member
	.long	.Linfo_string53                 @ DW_AT_name
	.long	1693                            @ DW_AT_type
	.byte	3                               @ DW_AT_decl_file
	.short	726                             @ DW_AT_decl_line
	.byte	0                               @ DW_AT_data_member_location
	.byte	0                               @ End Of Children Mark
	.byte	8                               @ Abbrev [8] 0x1d0:0x9 DW_TAG_member
	.long	473                             @ DW_AT_type
	.byte	3                               @ DW_AT_decl_file
	.short	729                             @ DW_AT_decl_line
	.byte	36                              @ DW_AT_data_member_location
	.byte	9                               @ Abbrev [9] 0x1d9:0x20 DW_TAG_union_type
	.byte	4                               @ DW_AT_byte_size
	.byte	3                               @ DW_AT_decl_file
	.short	729                             @ DW_AT_decl_line
	.byte	10                              @ Abbrev [10] 0x1de:0xd DW_TAG_member
	.long	.Linfo_string57                 @ DW_AT_name
	.long	1052                            @ DW_AT_type
	.byte	3                               @ DW_AT_decl_file
	.short	731                             @ DW_AT_decl_line
	.byte	0                               @ DW_AT_data_member_location
	.byte	10                              @ Abbrev [10] 0x1eb:0xd DW_TAG_member
	.long	.Linfo_string58                 @ DW_AT_name
	.long	1772                            @ DW_AT_type
	.byte	3                               @ DW_AT_decl_file
	.short	732                             @ DW_AT_decl_line
	.byte	0                               @ DW_AT_data_member_location
	.byte	0                               @ End Of Children Mark
	.byte	8                               @ Abbrev [8] 0x1f9:0x9 DW_TAG_member
	.long	514                             @ DW_AT_type
	.byte	3                               @ DW_AT_decl_file
	.short	735                             @ DW_AT_decl_line
	.byte	40                              @ DW_AT_data_member_location
	.byte	9                               @ Abbrev [9] 0x202:0x20 DW_TAG_union_type
	.byte	4                               @ DW_AT_byte_size
	.byte	3                               @ DW_AT_decl_file
	.short	735                             @ DW_AT_decl_line
	.byte	10                              @ Abbrev [10] 0x207:0xd DW_TAG_member
	.long	.Linfo_string62                 @ DW_AT_name
	.long	1052                            @ DW_AT_type
	.byte	3                               @ DW_AT_decl_file
	.short	737                             @ DW_AT_decl_line
	.byte	0                               @ DW_AT_data_member_location
	.byte	10                              @ Abbrev [10] 0x214:0xd DW_TAG_member
	.long	.Linfo_string63                 @ DW_AT_name
	.long	1851                            @ DW_AT_type
	.byte	3                               @ DW_AT_decl_file
	.short	738                             @ DW_AT_decl_line
	.byte	0                               @ DW_AT_data_member_location
	.byte	0                               @ End Of Children Mark
	.byte	8                               @ Abbrev [8] 0x222:0x9 DW_TAG_member
	.long	555                             @ DW_AT_type
	.byte	3                               @ DW_AT_decl_file
	.short	741                             @ DW_AT_decl_line
	.byte	44                              @ DW_AT_data_member_location
	.byte	9                               @ Abbrev [9] 0x22b:0x20 DW_TAG_union_type
	.byte	4                               @ DW_AT_byte_size
	.byte	3                               @ DW_AT_decl_file
	.short	741                             @ DW_AT_decl_line
	.byte	10                              @ Abbrev [10] 0x230:0xd DW_TAG_member
	.long	.Linfo_string70                 @ DW_AT_name
	.long	1052                            @ DW_AT_type
	.byte	3                               @ DW_AT_decl_file
	.short	743                             @ DW_AT_decl_line
	.byte	0                               @ DW_AT_data_member_location
	.byte	10                              @ Abbrev [10] 0x23d:0xd DW_TAG_member
	.long	.Linfo_string71                 @ DW_AT_name
	.long	1972                            @ DW_AT_type
	.byte	3                               @ DW_AT_decl_file
	.short	744                             @ DW_AT_decl_line
	.byte	0                               @ DW_AT_data_member_location
	.byte	0                               @ End Of Children Mark
	.byte	8                               @ Abbrev [8] 0x24b:0x9 DW_TAG_member
	.long	596                             @ DW_AT_type
	.byte	3                               @ DW_AT_decl_file
	.short	747                             @ DW_AT_decl_line
	.byte	48                              @ DW_AT_data_member_location
	.byte	9                               @ Abbrev [9] 0x254:0x20 DW_TAG_union_type
	.byte	4                               @ DW_AT_byte_size
	.byte	3                               @ DW_AT_decl_file
	.short	747                             @ DW_AT_decl_line
	.byte	10                              @ Abbrev [10] 0x259:0xd DW_TAG_member
	.long	.Linfo_string75                 @ DW_AT_name
	.long	1052                            @ DW_AT_type
	.byte	3                               @ DW_AT_decl_file
	.short	749                             @ DW_AT_decl_line
	.byte	0                               @ DW_AT_data_member_location
	.byte	10                              @ Abbrev [10] 0x266:0xd DW_TAG_member
	.long	.Linfo_string76                 @ DW_AT_name
	.long	2051                            @ DW_AT_type
	.byte	3                               @ DW_AT_decl_file
	.short	750                             @ DW_AT_decl_line
	.byte	0                               @ DW_AT_data_member_location
	.byte	0                               @ End Of Children Mark
	.byte	8                               @ Abbrev [8] 0x274:0x9 DW_TAG_member
	.long	637                             @ DW_AT_type
	.byte	3                               @ DW_AT_decl_file
	.short	753                             @ DW_AT_decl_line
	.byte	52                              @ DW_AT_data_member_location
	.byte	9                               @ Abbrev [9] 0x27d:0x20 DW_TAG_union_type
	.byte	4                               @ DW_AT_byte_size
	.byte	3                               @ DW_AT_decl_file
	.short	753                             @ DW_AT_decl_line
	.byte	10                              @ Abbrev [10] 0x282:0xd DW_TAG_member
	.long	.Linfo_string80                 @ DW_AT_name
	.long	1052                            @ DW_AT_type
	.byte	3                               @ DW_AT_decl_file
	.short	755                             @ DW_AT_decl_line
	.byte	0                               @ DW_AT_data_member_location
	.byte	10                              @ Abbrev [10] 0x28f:0xd DW_TAG_member
	.long	.Linfo_string81                 @ DW_AT_name
	.long	2130                            @ DW_AT_type
	.byte	3                               @ DW_AT_decl_file
	.short	756                             @ DW_AT_decl_line
	.byte	0                               @ DW_AT_data_member_location
	.byte	0                               @ End Of Children Mark
	.byte	8                               @ Abbrev [8] 0x29d:0x9 DW_TAG_member
	.long	678                             @ DW_AT_type
	.byte	3                               @ DW_AT_decl_file
	.short	759                             @ DW_AT_decl_line
	.byte	56                              @ DW_AT_data_member_location
	.byte	9                               @ Abbrev [9] 0x2a6:0x20 DW_TAG_union_type
	.byte	4                               @ DW_AT_byte_size
	.byte	3                               @ DW_AT_decl_file
	.short	759                             @ DW_AT_decl_line
	.byte	10                              @ Abbrev [10] 0x2ab:0xd DW_TAG_member
	.long	.Linfo_string92                 @ DW_AT_name
	.long	1052                            @ DW_AT_type
	.byte	3                               @ DW_AT_decl_file
	.short	761                             @ DW_AT_decl_line
	.byte	0                               @ DW_AT_data_member_location
	.byte	10                              @ Abbrev [10] 0x2b8:0xd DW_TAG_member
	.long	.Linfo_string93                 @ DW_AT_name
	.long	2293                            @ DW_AT_type
	.byte	3                               @ DW_AT_decl_file
	.short	762                             @ DW_AT_decl_line
	.byte	0                               @ DW_AT_data_member_location
	.byte	0                               @ End Of Children Mark
	.byte	8                               @ Abbrev [8] 0x2c6:0x9 DW_TAG_member
	.long	719                             @ DW_AT_type
	.byte	3                               @ DW_AT_decl_file
	.short	765                             @ DW_AT_decl_line
	.byte	60                              @ DW_AT_data_member_location
	.byte	9                               @ Abbrev [9] 0x2cf:0x20 DW_TAG_union_type
	.byte	4                               @ DW_AT_byte_size
	.byte	3                               @ DW_AT_decl_file
	.short	765                             @ DW_AT_decl_line
	.byte	10                              @ Abbrev [10] 0x2d4:0xd DW_TAG_member
	.long	.Linfo_string104                @ DW_AT_name
	.long	1052                            @ DW_AT_type
	.byte	3                               @ DW_AT_decl_file
	.short	767                             @ DW_AT_decl_line
	.byte	0                               @ DW_AT_data_member_location
	.byte	10                              @ Abbrev [10] 0x2e1:0xd DW_TAG_member
	.long	.Linfo_string105                @ DW_AT_name
	.long	2456                            @ DW_AT_type
	.byte	3                               @ DW_AT_decl_file
	.short	768                             @ DW_AT_decl_line
	.byte	0                               @ DW_AT_data_member_location
	.byte	0                               @ End Of Children Mark
	.byte	8                               @ Abbrev [8] 0x2ef:0x9 DW_TAG_member
	.long	760                             @ DW_AT_type
	.byte	3                               @ DW_AT_decl_file
	.short	771                             @ DW_AT_decl_line
	.byte	64                              @ DW_AT_data_member_location
	.byte	9                               @ Abbrev [9] 0x2f8:0x20 DW_TAG_union_type
	.byte	4                               @ DW_AT_byte_size
	.byte	3                               @ DW_AT_decl_file
	.short	771                             @ DW_AT_decl_line
	.byte	10                              @ Abbrev [10] 0x2fd:0xd DW_TAG_member
	.long	.Linfo_string116                @ DW_AT_name
	.long	1052                            @ DW_AT_type
	.byte	3                               @ DW_AT_decl_file
	.short	773                             @ DW_AT_decl_line
	.byte	0                               @ DW_AT_data_member_location
	.byte	10                              @ Abbrev [10] 0x30a:0xd DW_TAG_member
	.long	.Linfo_string117                @ DW_AT_name
	.long	2619                            @ DW_AT_type
	.byte	3                               @ DW_AT_decl_file
	.short	774                             @ DW_AT_decl_line
	.byte	0                               @ DW_AT_data_member_location
	.byte	0                               @ End Of Children Mark
	.byte	8                               @ Abbrev [8] 0x318:0x9 DW_TAG_member
	.long	801                             @ DW_AT_type
	.byte	3                               @ DW_AT_decl_file
	.short	777                             @ DW_AT_decl_line
	.byte	68                              @ DW_AT_data_member_location
	.byte	9                               @ Abbrev [9] 0x321:0x20 DW_TAG_union_type
	.byte	4                               @ DW_AT_byte_size
	.byte	3                               @ DW_AT_decl_file
	.short	777                             @ DW_AT_decl_line
	.byte	10                              @ Abbrev [10] 0x326:0xd DW_TAG_member
	.long	.Linfo_string128                @ DW_AT_name
	.long	1052                            @ DW_AT_type
	.byte	3                               @ DW_AT_decl_file
	.short	779                             @ DW_AT_decl_line
	.byte	0                               @ DW_AT_data_member_location
	.byte	10                              @ Abbrev [10] 0x333:0xd DW_TAG_member
	.long	.Linfo_string129                @ DW_AT_name
	.long	2782                            @ DW_AT_type
	.byte	3                               @ DW_AT_decl_file
	.short	780                             @ DW_AT_decl_line
	.byte	0                               @ DW_AT_data_member_location
	.byte	0                               @ End Of Children Mark
	.byte	8                               @ Abbrev [8] 0x341:0x9 DW_TAG_member
	.long	842                             @ DW_AT_type
	.byte	3                               @ DW_AT_decl_file
	.short	783                             @ DW_AT_decl_line
	.byte	72                              @ DW_AT_data_member_location
	.byte	9                               @ Abbrev [9] 0x34a:0x20 DW_TAG_union_type
	.byte	4                               @ DW_AT_byte_size
	.byte	3                               @ DW_AT_decl_file
	.short	783                             @ DW_AT_decl_line
	.byte	10                              @ Abbrev [10] 0x34f:0xd DW_TAG_member
	.long	.Linfo_string131                @ DW_AT_name
	.long	1052                            @ DW_AT_type
	.byte	3                               @ DW_AT_decl_file
	.short	785                             @ DW_AT_decl_line
	.byte	0                               @ DW_AT_data_member_location
	.byte	10                              @ Abbrev [10] 0x35c:0xd DW_TAG_member
	.long	.Linfo_string132                @ DW_AT_name
	.long	2833                            @ DW_AT_type
	.byte	3                               @ DW_AT_decl_file
	.short	786                             @ DW_AT_decl_line
	.byte	0                               @ DW_AT_data_member_location
	.byte	0                               @ End Of Children Mark
	.byte	8                               @ Abbrev [8] 0x36a:0x9 DW_TAG_member
	.long	883                             @ DW_AT_type
	.byte	3                               @ DW_AT_decl_file
	.short	789                             @ DW_AT_decl_line
	.byte	76                              @ DW_AT_data_member_location
	.byte	9                               @ Abbrev [9] 0x373:0x20 DW_TAG_union_type
	.byte	4                               @ DW_AT_byte_size
	.byte	3                               @ DW_AT_decl_file
	.short	789                             @ DW_AT_decl_line
	.byte	10                              @ Abbrev [10] 0x378:0xd DW_TAG_member
	.long	.Linfo_string136                @ DW_AT_name
	.long	1052                            @ DW_AT_type
	.byte	3                               @ DW_AT_decl_file
	.short	791                             @ DW_AT_decl_line
	.byte	0                               @ DW_AT_data_member_location
	.byte	10                              @ Abbrev [10] 0x385:0xd DW_TAG_member
	.long	.Linfo_string137                @ DW_AT_name
	.long	2912                            @ DW_AT_type
	.byte	3                               @ DW_AT_decl_file
	.short	792                             @ DW_AT_decl_line
	.byte	0                               @ DW_AT_data_member_location
	.byte	0                               @ End Of Children Mark
	.byte	8                               @ Abbrev [8] 0x393:0x9 DW_TAG_member
	.long	924                             @ DW_AT_type
	.byte	3                               @ DW_AT_decl_file
	.short	795                             @ DW_AT_decl_line
	.byte	80                              @ DW_AT_data_member_location
	.byte	9                               @ Abbrev [9] 0x39c:0x20 DW_TAG_union_type
	.byte	4                               @ DW_AT_byte_size
	.byte	3                               @ DW_AT_decl_file
	.short	795                             @ DW_AT_decl_line
	.byte	10                              @ Abbrev [10] 0x3a1:0xd DW_TAG_member
	.long	.Linfo_string144                @ DW_AT_name
	.long	1052                            @ DW_AT_type
	.byte	3                               @ DW_AT_decl_file
	.short	797                             @ DW_AT_decl_line
	.byte	0                               @ DW_AT_data_member_location
	.byte	10                              @ Abbrev [10] 0x3ae:0xd DW_TAG_member
	.long	.Linfo_string145                @ DW_AT_name
	.long	3019                            @ DW_AT_type
	.byte	3                               @ DW_AT_decl_file
	.short	798                             @ DW_AT_decl_line
	.byte	0                               @ DW_AT_data_member_location
	.byte	0                               @ End Of Children Mark
	.byte	10                              @ Abbrev [10] 0x3bc:0xd DW_TAG_member
	.long	.Linfo_string11                 @ DW_AT_name
	.long	3084                            @ DW_AT_type
	.byte	3                               @ DW_AT_decl_file
	.short	801                             @ DW_AT_decl_line
	.byte	84                              @ DW_AT_data_member_location
	.byte	8                               @ Abbrev [8] 0x3c9:0x9 DW_TAG_member
	.long	978                             @ DW_AT_type
	.byte	3                               @ DW_AT_decl_file
	.short	803                             @ DW_AT_decl_line
	.byte	248                             @ DW_AT_data_member_location
	.byte	9                               @ Abbrev [9] 0x3d2:0x20 DW_TAG_union_type
	.byte	4                               @ DW_AT_byte_size
	.byte	3                               @ DW_AT_decl_file
	.short	803                             @ DW_AT_decl_line
	.byte	10                              @ Abbrev [10] 0x3d7:0xd DW_TAG_member
	.long	.Linfo_string150                @ DW_AT_name
	.long	1052                            @ DW_AT_type
	.byte	3                               @ DW_AT_decl_file
	.short	805                             @ DW_AT_decl_line
	.byte	0                               @ DW_AT_data_member_location
	.byte	10                              @ Abbrev [10] 0x3e4:0xd DW_TAG_member
	.long	.Linfo_string151                @ DW_AT_name
	.long	3103                            @ DW_AT_type
	.byte	3                               @ DW_AT_decl_file
	.short	806                             @ DW_AT_decl_line
	.byte	0                               @ DW_AT_data_member_location
	.byte	0                               @ End Of Children Mark
	.byte	8                               @ Abbrev [8] 0x3f2:0x9 DW_TAG_member
	.long	1019                            @ DW_AT_type
	.byte	3                               @ DW_AT_decl_file
	.short	809                             @ DW_AT_decl_line
	.byte	252                             @ DW_AT_data_member_location
	.byte	9                               @ Abbrev [9] 0x3fb:0x20 DW_TAG_union_type
	.byte	4                               @ DW_AT_byte_size
	.byte	3                               @ DW_AT_decl_file
	.short	809                             @ DW_AT_decl_line
	.byte	10                              @ Abbrev [10] 0x400:0xd DW_TAG_member
	.long	.Linfo_string153                @ DW_AT_name
	.long	1052                            @ DW_AT_type
	.byte	3                               @ DW_AT_decl_file
	.short	811                             @ DW_AT_decl_line
	.byte	0                               @ DW_AT_data_member_location
	.byte	10                              @ Abbrev [10] 0x40d:0xd DW_TAG_member
	.long	.Linfo_string154                @ DW_AT_name
	.long	3154                            @ DW_AT_type
	.byte	3                               @ DW_AT_decl_file
	.short	812                             @ DW_AT_decl_line
	.byte	0                               @ DW_AT_data_member_location
	.byte	0                               @ End Of Children Mark
	.byte	0                               @ End Of Children Mark
	.byte	11                              @ Abbrev [11] 0x41c:0x5 DW_TAG_volatile_type
	.long	1057                            @ DW_AT_type
	.byte	12                              @ Abbrev [12] 0x421:0xb DW_TAG_typedef
	.long	1068                            @ DW_AT_type
	.long	.Linfo_string9                  @ DW_AT_name
	.byte	2                               @ DW_AT_decl_file
	.byte	64                              @ DW_AT_decl_line
	.byte	4                               @ Abbrev [4] 0x42c:0x7 DW_TAG_base_type
	.long	.Linfo_string8                  @ DW_AT_name
	.byte	7                               @ DW_AT_encoding
	.byte	4                               @ DW_AT_byte_size
	.byte	11                              @ Abbrev [11] 0x433:0x5 DW_TAG_volatile_type
	.long	1080                            @ DW_AT_type
	.byte	6                               @ Abbrev [6] 0x438:0xc DW_TAG_typedef
	.long	1092                            @ DW_AT_type
	.long	.Linfo_string12                 @ DW_AT_name
	.byte	3                               @ DW_AT_decl_file
	.short	471                             @ DW_AT_decl_line
	.byte	13                              @ Abbrev [13] 0x444:0x22 DW_TAG_structure_type
	.byte	4                               @ DW_AT_byte_size
	.byte	3                               @ DW_AT_decl_file
	.short	467                             @ DW_AT_decl_line
	.byte	14                              @ Abbrev [14] 0x449:0xe DW_TAG_member
	.long	.Linfo_string7                  @ DW_AT_name
	.long	1052                            @ DW_AT_type
	.byte	3                               @ DW_AT_decl_file
	.short	469                             @ DW_AT_decl_line
	.byte	8                               @ DW_AT_bit_size
	.byte	0                               @ DW_AT_data_bit_offset
	.byte	14                              @ Abbrev [14] 0x457:0xe DW_TAG_member
	.long	.Linfo_string11                 @ DW_AT_name
	.long	1052                            @ DW_AT_type
	.byte	3                               @ DW_AT_decl_file
	.short	470                             @ DW_AT_decl_line
	.byte	24                              @ DW_AT_bit_size
	.byte	8                               @ DW_AT_data_bit_offset
	.byte	0                               @ End Of Children Mark
	.byte	11                              @ Abbrev [11] 0x466:0x5 DW_TAG_volatile_type
	.long	1131                            @ DW_AT_type
	.byte	6                               @ Abbrev [6] 0x46b:0xc DW_TAG_typedef
	.long	1143                            @ DW_AT_type
	.long	.Linfo_string20                 @ DW_AT_name
	.byte	3                               @ DW_AT_decl_file
	.short	481                             @ DW_AT_decl_line
	.byte	13                              @ Abbrev [13] 0x477:0x5a DW_TAG_structure_type
	.byte	4                               @ DW_AT_byte_size
	.byte	3                               @ DW_AT_decl_file
	.short	473                             @ DW_AT_decl_line
	.byte	14                              @ Abbrev [14] 0x47c:0xe DW_TAG_member
	.long	.Linfo_string15                 @ DW_AT_name
	.long	1052                            @ DW_AT_type
	.byte	3                               @ DW_AT_decl_file
	.short	475                             @ DW_AT_decl_line
	.byte	2                               @ DW_AT_bit_size
	.byte	0                               @ DW_AT_data_bit_offset
	.byte	14                              @ Abbrev [14] 0x48a:0xe DW_TAG_member
	.long	.Linfo_string16                 @ DW_AT_name
	.long	1052                            @ DW_AT_type
	.byte	3                               @ DW_AT_decl_file
	.short	476                             @ DW_AT_decl_line
	.byte	2                               @ DW_AT_bit_size
	.byte	2                               @ DW_AT_data_bit_offset
	.byte	14                              @ Abbrev [14] 0x498:0xe DW_TAG_member
	.long	.Linfo_string17                 @ DW_AT_name
	.long	1052                            @ DW_AT_type
	.byte	3                               @ DW_AT_decl_file
	.short	477                             @ DW_AT_decl_line
	.byte	2                               @ DW_AT_bit_size
	.byte	4                               @ DW_AT_data_bit_offset
	.byte	14                              @ Abbrev [14] 0x4a6:0xe DW_TAG_member
	.long	.Linfo_string18                 @ DW_AT_name
	.long	1052                            @ DW_AT_type
	.byte	3                               @ DW_AT_decl_file
	.short	478                             @ DW_AT_decl_line
	.byte	6                               @ DW_AT_bit_size
	.byte	6                               @ DW_AT_data_bit_offset
	.byte	14                              @ Abbrev [14] 0x4b4:0xe DW_TAG_member
	.long	.Linfo_string19                 @ DW_AT_name
	.long	1052                            @ DW_AT_type
	.byte	3                               @ DW_AT_decl_file
	.short	479                             @ DW_AT_decl_line
	.byte	2                               @ DW_AT_bit_size
	.byte	12                              @ DW_AT_data_bit_offset
	.byte	14                              @ Abbrev [14] 0x4c2:0xe DW_TAG_member
	.long	.Linfo_string11                 @ DW_AT_name
	.long	1052                            @ DW_AT_type
	.byte	3                               @ DW_AT_decl_file
	.short	480                             @ DW_AT_decl_line
	.byte	18                              @ DW_AT_bit_size
	.byte	14                              @ DW_AT_data_bit_offset
	.byte	0                               @ End Of Children Mark
	.byte	11                              @ Abbrev [11] 0x4d1:0x5 DW_TAG_volatile_type
	.long	1238                            @ DW_AT_type
	.byte	6                               @ Abbrev [6] 0x4d6:0xc DW_TAG_typedef
	.long	1250                            @ DW_AT_type
	.long	.Linfo_string25                 @ DW_AT_name
	.byte	3                               @ DW_AT_decl_file
	.short	488                             @ DW_AT_decl_line
	.byte	13                              @ Abbrev [13] 0x4e2:0x30 DW_TAG_structure_type
	.byte	4                               @ DW_AT_byte_size
	.byte	3                               @ DW_AT_decl_file
	.short	483                             @ DW_AT_decl_line
	.byte	14                              @ Abbrev [14] 0x4e7:0xe DW_TAG_member
	.long	.Linfo_string23                 @ DW_AT_name
	.long	1052                            @ DW_AT_type
	.byte	3                               @ DW_AT_decl_file
	.short	485                             @ DW_AT_decl_line
	.byte	8                               @ DW_AT_bit_size
	.byte	0                               @ DW_AT_data_bit_offset
	.byte	14                              @ Abbrev [14] 0x4f5:0xe DW_TAG_member
	.long	.Linfo_string24                 @ DW_AT_name
	.long	1052                            @ DW_AT_type
	.byte	3                               @ DW_AT_decl_file
	.short	486                             @ DW_AT_decl_line
	.byte	10                              @ DW_AT_bit_size
	.byte	8                               @ DW_AT_data_bit_offset
	.byte	14                              @ Abbrev [14] 0x503:0xe DW_TAG_member
	.long	.Linfo_string11                 @ DW_AT_name
	.long	1052                            @ DW_AT_type
	.byte	3                               @ DW_AT_decl_file
	.short	487                             @ DW_AT_decl_line
	.byte	14                              @ DW_AT_bit_size
	.byte	18                              @ DW_AT_data_bit_offset
	.byte	0                               @ End Of Children Mark
	.byte	11                              @ Abbrev [11] 0x512:0x5 DW_TAG_volatile_type
	.long	1303                            @ DW_AT_type
	.byte	6                               @ Abbrev [6] 0x517:0xc DW_TAG_typedef
	.long	1315                            @ DW_AT_type
	.long	.Linfo_string30                 @ DW_AT_name
	.byte	3                               @ DW_AT_decl_file
	.short	496                             @ DW_AT_decl_line
	.byte	13                              @ Abbrev [13] 0x523:0x3e DW_TAG_structure_type
	.byte	4                               @ DW_AT_byte_size
	.byte	3                               @ DW_AT_decl_file
	.short	490                             @ DW_AT_decl_line
	.byte	14                              @ Abbrev [14] 0x528:0xe DW_TAG_member
	.long	.Linfo_string28                 @ DW_AT_name
	.long	1052                            @ DW_AT_type
	.byte	3                               @ DW_AT_decl_file
	.short	492                             @ DW_AT_decl_line
	.byte	7                               @ DW_AT_bit_size
	.byte	0                               @ DW_AT_data_bit_offset
	.byte	14                              @ Abbrev [14] 0x536:0xe DW_TAG_member
	.long	.Linfo_string18                 @ DW_AT_name
	.long	1052                            @ DW_AT_type
	.byte	3                               @ DW_AT_decl_file
	.short	493                             @ DW_AT_decl_line
	.byte	1                               @ DW_AT_bit_size
	.byte	7                               @ DW_AT_data_bit_offset
	.byte	14                              @ Abbrev [14] 0x544:0xe DW_TAG_member
	.long	.Linfo_string29                 @ DW_AT_name
	.long	1052                            @ DW_AT_type
	.byte	3                               @ DW_AT_decl_file
	.short	494                             @ DW_AT_decl_line
	.byte	9                               @ DW_AT_bit_size
	.byte	8                               @ DW_AT_data_bit_offset
	.byte	14                              @ Abbrev [14] 0x552:0xe DW_TAG_member
	.long	.Linfo_string11                 @ DW_AT_name
	.long	1052                            @ DW_AT_type
	.byte	3                               @ DW_AT_decl_file
	.short	495                             @ DW_AT_decl_line
	.byte	15                              @ DW_AT_bit_size
	.byte	17                              @ DW_AT_data_bit_offset
	.byte	0                               @ End Of Children Mark
	.byte	11                              @ Abbrev [11] 0x561:0x5 DW_TAG_volatile_type
	.long	1382                            @ DW_AT_type
	.byte	6                               @ Abbrev [6] 0x566:0xc DW_TAG_typedef
	.long	1394                            @ DW_AT_type
	.long	.Linfo_string36                 @ DW_AT_name
	.byte	3                               @ DW_AT_decl_file
	.short	505                             @ DW_AT_decl_line
	.byte	13                              @ Abbrev [13] 0x572:0x4c DW_TAG_structure_type
	.byte	4                               @ DW_AT_byte_size
	.byte	3                               @ DW_AT_decl_file
	.short	498                             @ DW_AT_decl_line
	.byte	14                              @ Abbrev [14] 0x577:0xe DW_TAG_member
	.long	.Linfo_string33                 @ DW_AT_name
	.long	1052                            @ DW_AT_type
	.byte	3                               @ DW_AT_decl_file
	.short	500                             @ DW_AT_decl_line
	.byte	8                               @ DW_AT_bit_size
	.byte	0                               @ DW_AT_data_bit_offset
	.byte	14                              @ Abbrev [14] 0x585:0xe DW_TAG_member
	.long	.Linfo_string34                 @ DW_AT_name
	.long	1052                            @ DW_AT_type
	.byte	3                               @ DW_AT_decl_file
	.short	501                             @ DW_AT_decl_line
	.byte	5                               @ DW_AT_bit_size
	.byte	8                               @ DW_AT_data_bit_offset
	.byte	14                              @ Abbrev [14] 0x593:0xe DW_TAG_member
	.long	.Linfo_string18                 @ DW_AT_name
	.long	1052                            @ DW_AT_type
	.byte	3                               @ DW_AT_decl_file
	.short	502                             @ DW_AT_decl_line
	.byte	3                               @ DW_AT_bit_size
	.byte	13                              @ DW_AT_data_bit_offset
	.byte	14                              @ Abbrev [14] 0x5a1:0xe DW_TAG_member
	.long	.Linfo_string35                 @ DW_AT_name
	.long	1052                            @ DW_AT_type
	.byte	3                               @ DW_AT_decl_file
	.short	503                             @ DW_AT_decl_line
	.byte	5                               @ DW_AT_bit_size
	.byte	16                              @ DW_AT_data_bit_offset
	.byte	14                              @ Abbrev [14] 0x5af:0xe DW_TAG_member
	.long	.Linfo_string11                 @ DW_AT_name
	.long	1052                            @ DW_AT_type
	.byte	3                               @ DW_AT_decl_file
	.short	504                             @ DW_AT_decl_line
	.byte	11                              @ DW_AT_bit_size
	.byte	21                              @ DW_AT_data_bit_offset
	.byte	0                               @ End Of Children Mark
	.byte	11                              @ Abbrev [11] 0x5be:0x5 DW_TAG_volatile_type
	.long	1475                            @ DW_AT_type
	.byte	6                               @ Abbrev [6] 0x5c3:0xc DW_TAG_typedef
	.long	1487                            @ DW_AT_type
	.long	.Linfo_string41                 @ DW_AT_name
	.byte	3                               @ DW_AT_decl_file
	.short	512                             @ DW_AT_decl_line
	.byte	13                              @ Abbrev [13] 0x5cf:0x30 DW_TAG_structure_type
	.byte	4                               @ DW_AT_byte_size
	.byte	3                               @ DW_AT_decl_file
	.short	507                             @ DW_AT_decl_line
	.byte	14                              @ Abbrev [14] 0x5d4:0xe DW_TAG_member
	.long	.Linfo_string39                 @ DW_AT_name
	.long	1052                            @ DW_AT_type
	.byte	3                               @ DW_AT_decl_file
	.short	509                             @ DW_AT_decl_line
	.byte	4                               @ DW_AT_bit_size
	.byte	0                               @ DW_AT_data_bit_offset
	.byte	14                              @ Abbrev [14] 0x5e2:0xe DW_TAG_member
	.long	.Linfo_string40                 @ DW_AT_name
	.long	1052                            @ DW_AT_type
	.byte	3                               @ DW_AT_decl_file
	.short	510                             @ DW_AT_decl_line
	.byte	8                               @ DW_AT_bit_size
	.byte	4                               @ DW_AT_data_bit_offset
	.byte	14                              @ Abbrev [14] 0x5f0:0xe DW_TAG_member
	.long	.Linfo_string11                 @ DW_AT_name
	.long	1052                            @ DW_AT_type
	.byte	3                               @ DW_AT_decl_file
	.short	511                             @ DW_AT_decl_line
	.byte	20                              @ DW_AT_bit_size
	.byte	12                              @ DW_AT_data_bit_offset
	.byte	0                               @ End Of Children Mark
	.byte	11                              @ Abbrev [11] 0x5ff:0x5 DW_TAG_volatile_type
	.long	1540                            @ DW_AT_type
	.byte	6                               @ Abbrev [6] 0x604:0xc DW_TAG_typedef
	.long	1552                            @ DW_AT_type
	.long	.Linfo_string46                 @ DW_AT_name
	.byte	3                               @ DW_AT_decl_file
	.short	520                             @ DW_AT_decl_line
	.byte	13                              @ Abbrev [13] 0x610:0x3e DW_TAG_structure_type
	.byte	4                               @ DW_AT_byte_size
	.byte	3                               @ DW_AT_decl_file
	.short	514                             @ DW_AT_decl_line
	.byte	14                              @ Abbrev [14] 0x615:0xe DW_TAG_member
	.long	.Linfo_string44                 @ DW_AT_name
	.long	1052                            @ DW_AT_type
	.byte	3                               @ DW_AT_decl_file
	.short	516                             @ DW_AT_decl_line
	.byte	5                               @ DW_AT_bit_size
	.byte	0                               @ DW_AT_data_bit_offset
	.byte	14                              @ Abbrev [14] 0x623:0xe DW_TAG_member
	.long	.Linfo_string18                 @ DW_AT_name
	.long	1052                            @ DW_AT_type
	.byte	3                               @ DW_AT_decl_file
	.short	517                             @ DW_AT_decl_line
	.byte	3                               @ DW_AT_bit_size
	.byte	5                               @ DW_AT_data_bit_offset
	.byte	14                              @ Abbrev [14] 0x631:0xe DW_TAG_member
	.long	.Linfo_string45                 @ DW_AT_name
	.long	1052                            @ DW_AT_type
	.byte	3                               @ DW_AT_decl_file
	.short	518                             @ DW_AT_decl_line
	.byte	6                               @ DW_AT_bit_size
	.byte	8                               @ DW_AT_data_bit_offset
	.byte	14                              @ Abbrev [14] 0x63f:0xe DW_TAG_member
	.long	.Linfo_string11                 @ DW_AT_name
	.long	1052                            @ DW_AT_type
	.byte	3                               @ DW_AT_decl_file
	.short	519                             @ DW_AT_decl_line
	.byte	18                              @ DW_AT_bit_size
	.byte	14                              @ DW_AT_data_bit_offset
	.byte	0                               @ End Of Children Mark
	.byte	11                              @ Abbrev [11] 0x64e:0x5 DW_TAG_volatile_type
	.long	1619                            @ DW_AT_type
	.byte	6                               @ Abbrev [6] 0x653:0xc DW_TAG_typedef
	.long	1631                            @ DW_AT_type
	.long	.Linfo_string51                 @ DW_AT_name
	.byte	3                               @ DW_AT_decl_file
	.short	528                             @ DW_AT_decl_line
	.byte	13                              @ Abbrev [13] 0x65f:0x3e DW_TAG_structure_type
	.byte	4                               @ DW_AT_byte_size
	.byte	3                               @ DW_AT_decl_file
	.short	522                             @ DW_AT_decl_line
	.byte	14                              @ Abbrev [14] 0x664:0xe DW_TAG_member
	.long	.Linfo_string49                 @ DW_AT_name
	.long	1052                            @ DW_AT_type
	.byte	3                               @ DW_AT_decl_file
	.short	524                             @ DW_AT_decl_line
	.byte	7                               @ DW_AT_bit_size
	.byte	0                               @ DW_AT_data_bit_offset
	.byte	14                              @ Abbrev [14] 0x672:0xe DW_TAG_member
	.long	.Linfo_string18                 @ DW_AT_name
	.long	1052                            @ DW_AT_type
	.byte	3                               @ DW_AT_decl_file
	.short	525                             @ DW_AT_decl_line
	.byte	17                              @ DW_AT_bit_size
	.byte	7                               @ DW_AT_data_bit_offset
	.byte	14                              @ Abbrev [14] 0x680:0xe DW_TAG_member
	.long	.Linfo_string50                 @ DW_AT_name
	.long	1052                            @ DW_AT_type
	.byte	3                               @ DW_AT_decl_file
	.short	526                             @ DW_AT_decl_line
	.byte	1                               @ DW_AT_bit_size
	.byte	24                              @ DW_AT_data_bit_offset
	.byte	14                              @ Abbrev [14] 0x68e:0xe DW_TAG_member
	.long	.Linfo_string11                 @ DW_AT_name
	.long	1052                            @ DW_AT_type
	.byte	3                               @ DW_AT_decl_file
	.short	527                             @ DW_AT_decl_line
	.byte	7                               @ DW_AT_bit_size
	.byte	25                              @ DW_AT_data_bit_offset
	.byte	0                               @ End Of Children Mark
	.byte	11                              @ Abbrev [11] 0x69d:0x5 DW_TAG_volatile_type
	.long	1698                            @ DW_AT_type
	.byte	6                               @ Abbrev [6] 0x6a2:0xc DW_TAG_typedef
	.long	1710                            @ DW_AT_type
	.long	.Linfo_string56                 @ DW_AT_name
	.byte	3                               @ DW_AT_decl_file
	.short	536                             @ DW_AT_decl_line
	.byte	13                              @ Abbrev [13] 0x6ae:0x3e DW_TAG_structure_type
	.byte	4                               @ DW_AT_byte_size
	.byte	3                               @ DW_AT_decl_file
	.short	530                             @ DW_AT_decl_line
	.byte	14                              @ Abbrev [14] 0x6b3:0xe DW_TAG_member
	.long	.Linfo_string54                 @ DW_AT_name
	.long	1052                            @ DW_AT_type
	.byte	3                               @ DW_AT_decl_file
	.short	532                             @ DW_AT_decl_line
	.byte	1                               @ DW_AT_bit_size
	.byte	0                               @ DW_AT_data_bit_offset
	.byte	14                              @ Abbrev [14] 0x6c1:0xe DW_TAG_member
	.long	.Linfo_string18                 @ DW_AT_name
	.long	1052                            @ DW_AT_type
	.byte	3                               @ DW_AT_decl_file
	.short	533                             @ DW_AT_decl_line
	.byte	15                              @ DW_AT_bit_size
	.byte	1                               @ DW_AT_data_bit_offset
	.byte	14                              @ Abbrev [14] 0x6cf:0xe DW_TAG_member
	.long	.Linfo_string55                 @ DW_AT_name
	.long	1052                            @ DW_AT_type
	.byte	3                               @ DW_AT_decl_file
	.short	534                             @ DW_AT_decl_line
	.byte	1                               @ DW_AT_bit_size
	.byte	16                              @ DW_AT_data_bit_offset
	.byte	14                              @ Abbrev [14] 0x6dd:0xe DW_TAG_member
	.long	.Linfo_string11                 @ DW_AT_name
	.long	1052                            @ DW_AT_type
	.byte	3                               @ DW_AT_decl_file
	.short	535                             @ DW_AT_decl_line
	.byte	15                              @ DW_AT_bit_size
	.byte	17                              @ DW_AT_data_bit_offset
	.byte	0                               @ End Of Children Mark
	.byte	11                              @ Abbrev [11] 0x6ec:0x5 DW_TAG_volatile_type
	.long	1777                            @ DW_AT_type
	.byte	6                               @ Abbrev [6] 0x6f1:0xc DW_TAG_typedef
	.long	1789                            @ DW_AT_type
	.long	.Linfo_string61                 @ DW_AT_name
	.byte	3                               @ DW_AT_decl_file
	.short	544                             @ DW_AT_decl_line
	.byte	13                              @ Abbrev [13] 0x6fd:0x3e DW_TAG_structure_type
	.byte	4                               @ DW_AT_byte_size
	.byte	3                               @ DW_AT_decl_file
	.short	538                             @ DW_AT_decl_line
	.byte	14                              @ Abbrev [14] 0x702:0xe DW_TAG_member
	.long	.Linfo_string59                 @ DW_AT_name
	.long	1052                            @ DW_AT_type
	.byte	3                               @ DW_AT_decl_file
	.short	540                             @ DW_AT_decl_line
	.byte	1                               @ DW_AT_bit_size
	.byte	0                               @ DW_AT_data_bit_offset
	.byte	14                              @ Abbrev [14] 0x710:0xe DW_TAG_member
	.long	.Linfo_string18                 @ DW_AT_name
	.long	1052                            @ DW_AT_type
	.byte	3                               @ DW_AT_decl_file
	.short	541                             @ DW_AT_decl_line
	.byte	3                               @ DW_AT_bit_size
	.byte	1                               @ DW_AT_data_bit_offset
	.byte	14                              @ Abbrev [14] 0x71e:0xe DW_TAG_member
	.long	.Linfo_string60                 @ DW_AT_name
	.long	1052                            @ DW_AT_type
	.byte	3                               @ DW_AT_decl_file
	.short	542                             @ DW_AT_decl_line
	.byte	1                               @ DW_AT_bit_size
	.byte	4                               @ DW_AT_data_bit_offset
	.byte	14                              @ Abbrev [14] 0x72c:0xe DW_TAG_member
	.long	.Linfo_string11                 @ DW_AT_name
	.long	1052                            @ DW_AT_type
	.byte	3                               @ DW_AT_decl_file
	.short	543                             @ DW_AT_decl_line
	.byte	27                              @ DW_AT_bit_size
	.byte	5                               @ DW_AT_data_bit_offset
	.byte	0                               @ End Of Children Mark
	.byte	11                              @ Abbrev [11] 0x73b:0x5 DW_TAG_volatile_type
	.long	1856                            @ DW_AT_type
	.byte	6                               @ Abbrev [6] 0x740:0xc DW_TAG_typedef
	.long	1868                            @ DW_AT_type
	.long	.Linfo_string69                 @ DW_AT_name
	.byte	3                               @ DW_AT_decl_file
	.short	555                             @ DW_AT_decl_line
	.byte	13                              @ Abbrev [13] 0x74c:0x68 DW_TAG_structure_type
	.byte	4                               @ DW_AT_byte_size
	.byte	3                               @ DW_AT_decl_file
	.short	546                             @ DW_AT_decl_line
	.byte	14                              @ Abbrev [14] 0x751:0xe DW_TAG_member
	.long	.Linfo_string64                 @ DW_AT_name
	.long	1052                            @ DW_AT_type
	.byte	3                               @ DW_AT_decl_file
	.short	548                             @ DW_AT_decl_line
	.byte	1                               @ DW_AT_bit_size
	.byte	0                               @ DW_AT_data_bit_offset
	.byte	14                              @ Abbrev [14] 0x75f:0xe DW_TAG_member
	.long	.Linfo_string65                 @ DW_AT_name
	.long	1052                            @ DW_AT_type
	.byte	3                               @ DW_AT_decl_file
	.short	549                             @ DW_AT_decl_line
	.byte	1                               @ DW_AT_bit_size
	.byte	1                               @ DW_AT_data_bit_offset
	.byte	14                              @ Abbrev [14] 0x76d:0xe DW_TAG_member
	.long	.Linfo_string66                 @ DW_AT_name
	.long	1052                            @ DW_AT_type
	.byte	3                               @ DW_AT_decl_file
	.short	550                             @ DW_AT_decl_line
	.byte	1                               @ DW_AT_bit_size
	.byte	2                               @ DW_AT_data_bit_offset
	.byte	14                              @ Abbrev [14] 0x77b:0xe DW_TAG_member
	.long	.Linfo_string18                 @ DW_AT_name
	.long	1052                            @ DW_AT_type
	.byte	3                               @ DW_AT_decl_file
	.short	551                             @ DW_AT_decl_line
	.byte	1                               @ DW_AT_bit_size
	.byte	3                               @ DW_AT_data_bit_offset
	.byte	14                              @ Abbrev [14] 0x789:0xe DW_TAG_member
	.long	.Linfo_string67                 @ DW_AT_name
	.long	1052                            @ DW_AT_type
	.byte	3                               @ DW_AT_decl_file
	.short	552                             @ DW_AT_decl_line
	.byte	1                               @ DW_AT_bit_size
	.byte	4                               @ DW_AT_data_bit_offset
	.byte	14                              @ Abbrev [14] 0x797:0xe DW_TAG_member
	.long	.Linfo_string68                 @ DW_AT_name
	.long	1052                            @ DW_AT_type
	.byte	3                               @ DW_AT_decl_file
	.short	553                             @ DW_AT_decl_line
	.byte	1                               @ DW_AT_bit_size
	.byte	5                               @ DW_AT_data_bit_offset
	.byte	14                              @ Abbrev [14] 0x7a5:0xe DW_TAG_member
	.long	.Linfo_string11                 @ DW_AT_name
	.long	1052                            @ DW_AT_type
	.byte	3                               @ DW_AT_decl_file
	.short	554                             @ DW_AT_decl_line
	.byte	26                              @ DW_AT_bit_size
	.byte	6                               @ DW_AT_data_bit_offset
	.byte	0                               @ End Of Children Mark
	.byte	11                              @ Abbrev [11] 0x7b4:0x5 DW_TAG_volatile_type
	.long	1977                            @ DW_AT_type
	.byte	6                               @ Abbrev [6] 0x7b9:0xc DW_TAG_typedef
	.long	1989                            @ DW_AT_type
	.long	.Linfo_string74                 @ DW_AT_name
	.byte	3                               @ DW_AT_decl_file
	.short	563                             @ DW_AT_decl_line
	.byte	13                              @ Abbrev [13] 0x7c5:0x3e DW_TAG_structure_type
	.byte	4                               @ DW_AT_byte_size
	.byte	3                               @ DW_AT_decl_file
	.short	557                             @ DW_AT_decl_line
	.byte	14                              @ Abbrev [14] 0x7ca:0xe DW_TAG_member
	.long	.Linfo_string72                 @ DW_AT_name
	.long	1052                            @ DW_AT_type
	.byte	3                               @ DW_AT_decl_file
	.short	559                             @ DW_AT_decl_line
	.byte	7                               @ DW_AT_bit_size
	.byte	0                               @ DW_AT_data_bit_offset
	.byte	14                              @ Abbrev [14] 0x7d8:0xe DW_TAG_member
	.long	.Linfo_string18                 @ DW_AT_name
	.long	1052                            @ DW_AT_type
	.byte	3                               @ DW_AT_decl_file
	.short	560                             @ DW_AT_decl_line
	.byte	1                               @ DW_AT_bit_size
	.byte	7                               @ DW_AT_data_bit_offset
	.byte	14                              @ Abbrev [14] 0x7e6:0xe DW_TAG_member
	.long	.Linfo_string73                 @ DW_AT_name
	.long	1052                            @ DW_AT_type
	.byte	3                               @ DW_AT_decl_file
	.short	561                             @ DW_AT_decl_line
	.byte	7                               @ DW_AT_bit_size
	.byte	8                               @ DW_AT_data_bit_offset
	.byte	14                              @ Abbrev [14] 0x7f4:0xe DW_TAG_member
	.long	.Linfo_string11                 @ DW_AT_name
	.long	1052                            @ DW_AT_type
	.byte	3                               @ DW_AT_decl_file
	.short	562                             @ DW_AT_decl_line
	.byte	17                              @ DW_AT_bit_size
	.byte	15                              @ DW_AT_data_bit_offset
	.byte	0                               @ End Of Children Mark
	.byte	11                              @ Abbrev [11] 0x803:0x5 DW_TAG_volatile_type
	.long	2056                            @ DW_AT_type
	.byte	6                               @ Abbrev [6] 0x808:0xc DW_TAG_typedef
	.long	2068                            @ DW_AT_type
	.long	.Linfo_string79                 @ DW_AT_name
	.byte	3                               @ DW_AT_decl_file
	.short	571                             @ DW_AT_decl_line
	.byte	13                              @ Abbrev [13] 0x814:0x3e DW_TAG_structure_type
	.byte	4                               @ DW_AT_byte_size
	.byte	3                               @ DW_AT_decl_file
	.short	565                             @ DW_AT_decl_line
	.byte	14                              @ Abbrev [14] 0x819:0xe DW_TAG_member
	.long	.Linfo_string77                 @ DW_AT_name
	.long	1052                            @ DW_AT_type
	.byte	3                               @ DW_AT_decl_file
	.short	567                             @ DW_AT_decl_line
	.byte	7                               @ DW_AT_bit_size
	.byte	0                               @ DW_AT_data_bit_offset
	.byte	14                              @ Abbrev [14] 0x827:0xe DW_TAG_member
	.long	.Linfo_string18                 @ DW_AT_name
	.long	1052                            @ DW_AT_type
	.byte	3                               @ DW_AT_decl_file
	.short	568                             @ DW_AT_decl_line
	.byte	1                               @ DW_AT_bit_size
	.byte	7                               @ DW_AT_data_bit_offset
	.byte	14                              @ Abbrev [14] 0x835:0xe DW_TAG_member
	.long	.Linfo_string78                 @ DW_AT_name
	.long	1052                            @ DW_AT_type
	.byte	3                               @ DW_AT_decl_file
	.short	569                             @ DW_AT_decl_line
	.byte	7                               @ DW_AT_bit_size
	.byte	8                               @ DW_AT_data_bit_offset
	.byte	14                              @ Abbrev [14] 0x843:0xe DW_TAG_member
	.long	.Linfo_string11                 @ DW_AT_name
	.long	1052                            @ DW_AT_type
	.byte	3                               @ DW_AT_decl_file
	.short	570                             @ DW_AT_decl_line
	.byte	17                              @ DW_AT_bit_size
	.byte	15                              @ DW_AT_data_bit_offset
	.byte	0                               @ End Of Children Mark
	.byte	11                              @ Abbrev [11] 0x852:0x5 DW_TAG_volatile_type
	.long	2135                            @ DW_AT_type
	.byte	6                               @ Abbrev [6] 0x857:0xc DW_TAG_typedef
	.long	2147                            @ DW_AT_type
	.long	.Linfo_string91                 @ DW_AT_name
	.byte	3                               @ DW_AT_decl_file
	.short	585                             @ DW_AT_decl_line
	.byte	13                              @ Abbrev [13] 0x863:0x92 DW_TAG_structure_type
	.byte	4                               @ DW_AT_byte_size
	.byte	3                               @ DW_AT_decl_file
	.short	573                             @ DW_AT_decl_line
	.byte	14                              @ Abbrev [14] 0x868:0xe DW_TAG_member
	.long	.Linfo_string82                 @ DW_AT_name
	.long	1052                            @ DW_AT_type
	.byte	3                               @ DW_AT_decl_file
	.short	575                             @ DW_AT_decl_line
	.byte	1                               @ DW_AT_bit_size
	.byte	0                               @ DW_AT_data_bit_offset
	.byte	14                              @ Abbrev [14] 0x876:0xe DW_TAG_member
	.long	.Linfo_string83                 @ DW_AT_name
	.long	1052                            @ DW_AT_type
	.byte	3                               @ DW_AT_decl_file
	.short	576                             @ DW_AT_decl_line
	.byte	1                               @ DW_AT_bit_size
	.byte	1                               @ DW_AT_data_bit_offset
	.byte	14                              @ Abbrev [14] 0x884:0xe DW_TAG_member
	.long	.Linfo_string84                 @ DW_AT_name
	.long	1052                            @ DW_AT_type
	.byte	3                               @ DW_AT_decl_file
	.short	577                             @ DW_AT_decl_line
	.byte	1                               @ DW_AT_bit_size
	.byte	2                               @ DW_AT_data_bit_offset
	.byte	14                              @ Abbrev [14] 0x892:0xe DW_TAG_member
	.long	.Linfo_string85                 @ DW_AT_name
	.long	1052                            @ DW_AT_type
	.byte	3                               @ DW_AT_decl_file
	.short	578                             @ DW_AT_decl_line
	.byte	1                               @ DW_AT_bit_size
	.byte	3                               @ DW_AT_data_bit_offset
	.byte	14                              @ Abbrev [14] 0x8a0:0xe DW_TAG_member
	.long	.Linfo_string86                 @ DW_AT_name
	.long	1052                            @ DW_AT_type
	.byte	3                               @ DW_AT_decl_file
	.short	579                             @ DW_AT_decl_line
	.byte	1                               @ DW_AT_bit_size
	.byte	4                               @ DW_AT_data_bit_offset
	.byte	14                              @ Abbrev [14] 0x8ae:0xe DW_TAG_member
	.long	.Linfo_string87                 @ DW_AT_name
	.long	1052                            @ DW_AT_type
	.byte	3                               @ DW_AT_decl_file
	.short	580                             @ DW_AT_decl_line
	.byte	1                               @ DW_AT_bit_size
	.byte	5                               @ DW_AT_data_bit_offset
	.byte	14                              @ Abbrev [14] 0x8bc:0xe DW_TAG_member
	.long	.Linfo_string88                 @ DW_AT_name
	.long	1052                            @ DW_AT_type
	.byte	3                               @ DW_AT_decl_file
	.short	581                             @ DW_AT_decl_line
	.byte	1                               @ DW_AT_bit_size
	.byte	6                               @ DW_AT_data_bit_offset
	.byte	14                              @ Abbrev [14] 0x8ca:0xe DW_TAG_member
	.long	.Linfo_string89                 @ DW_AT_name
	.long	1052                            @ DW_AT_type
	.byte	3                               @ DW_AT_decl_file
	.short	582                             @ DW_AT_decl_line
	.byte	1                               @ DW_AT_bit_size
	.byte	7                               @ DW_AT_data_bit_offset
	.byte	14                              @ Abbrev [14] 0x8d8:0xe DW_TAG_member
	.long	.Linfo_string90                 @ DW_AT_name
	.long	1052                            @ DW_AT_type
	.byte	3                               @ DW_AT_decl_file
	.short	583                             @ DW_AT_decl_line
	.byte	1                               @ DW_AT_bit_size
	.byte	8                               @ DW_AT_data_bit_offset
	.byte	14                              @ Abbrev [14] 0x8e6:0xe DW_TAG_member
	.long	.Linfo_string11                 @ DW_AT_name
	.long	1052                            @ DW_AT_type
	.byte	3                               @ DW_AT_decl_file
	.short	584                             @ DW_AT_decl_line
	.byte	23                              @ DW_AT_bit_size
	.byte	9                               @ DW_AT_data_bit_offset
	.byte	0                               @ End Of Children Mark
	.byte	11                              @ Abbrev [11] 0x8f5:0x5 DW_TAG_volatile_type
	.long	2298                            @ DW_AT_type
	.byte	6                               @ Abbrev [6] 0x8fa:0xc DW_TAG_typedef
	.long	2310                            @ DW_AT_type
	.long	.Linfo_string103                @ DW_AT_name
	.byte	3                               @ DW_AT_decl_file
	.short	599                             @ DW_AT_decl_line
	.byte	13                              @ Abbrev [13] 0x906:0x92 DW_TAG_structure_type
	.byte	4                               @ DW_AT_byte_size
	.byte	3                               @ DW_AT_decl_file
	.short	587                             @ DW_AT_decl_line
	.byte	14                              @ Abbrev [14] 0x90b:0xe DW_TAG_member
	.long	.Linfo_string94                 @ DW_AT_name
	.long	1052                            @ DW_AT_type
	.byte	3                               @ DW_AT_decl_file
	.short	589                             @ DW_AT_decl_line
	.byte	1                               @ DW_AT_bit_size
	.byte	0                               @ DW_AT_data_bit_offset
	.byte	14                              @ Abbrev [14] 0x919:0xe DW_TAG_member
	.long	.Linfo_string95                 @ DW_AT_name
	.long	1052                            @ DW_AT_type
	.byte	3                               @ DW_AT_decl_file
	.short	590                             @ DW_AT_decl_line
	.byte	1                               @ DW_AT_bit_size
	.byte	1                               @ DW_AT_data_bit_offset
	.byte	14                              @ Abbrev [14] 0x927:0xe DW_TAG_member
	.long	.Linfo_string96                 @ DW_AT_name
	.long	1052                            @ DW_AT_type
	.byte	3                               @ DW_AT_decl_file
	.short	591                             @ DW_AT_decl_line
	.byte	1                               @ DW_AT_bit_size
	.byte	2                               @ DW_AT_data_bit_offset
	.byte	14                              @ Abbrev [14] 0x935:0xe DW_TAG_member
	.long	.Linfo_string97                 @ DW_AT_name
	.long	1052                            @ DW_AT_type
	.byte	3                               @ DW_AT_decl_file
	.short	592                             @ DW_AT_decl_line
	.byte	1                               @ DW_AT_bit_size
	.byte	3                               @ DW_AT_data_bit_offset
	.byte	14                              @ Abbrev [14] 0x943:0xe DW_TAG_member
	.long	.Linfo_string98                 @ DW_AT_name
	.long	1052                            @ DW_AT_type
	.byte	3                               @ DW_AT_decl_file
	.short	593                             @ DW_AT_decl_line
	.byte	1                               @ DW_AT_bit_size
	.byte	4                               @ DW_AT_data_bit_offset
	.byte	14                              @ Abbrev [14] 0x951:0xe DW_TAG_member
	.long	.Linfo_string99                 @ DW_AT_name
	.long	1052                            @ DW_AT_type
	.byte	3                               @ DW_AT_decl_file
	.short	594                             @ DW_AT_decl_line
	.byte	1                               @ DW_AT_bit_size
	.byte	5                               @ DW_AT_data_bit_offset
	.byte	14                              @ Abbrev [14] 0x95f:0xe DW_TAG_member
	.long	.Linfo_string100                @ DW_AT_name
	.long	1052                            @ DW_AT_type
	.byte	3                               @ DW_AT_decl_file
	.short	595                             @ DW_AT_decl_line
	.byte	1                               @ DW_AT_bit_size
	.byte	6                               @ DW_AT_data_bit_offset
	.byte	14                              @ Abbrev [14] 0x96d:0xe DW_TAG_member
	.long	.Linfo_string101                @ DW_AT_name
	.long	1052                            @ DW_AT_type
	.byte	3                               @ DW_AT_decl_file
	.short	596                             @ DW_AT_decl_line
	.byte	1                               @ DW_AT_bit_size
	.byte	7                               @ DW_AT_data_bit_offset
	.byte	14                              @ Abbrev [14] 0x97b:0xe DW_TAG_member
	.long	.Linfo_string102                @ DW_AT_name
	.long	1052                            @ DW_AT_type
	.byte	3                               @ DW_AT_decl_file
	.short	597                             @ DW_AT_decl_line
	.byte	1                               @ DW_AT_bit_size
	.byte	8                               @ DW_AT_data_bit_offset
	.byte	14                              @ Abbrev [14] 0x989:0xe DW_TAG_member
	.long	.Linfo_string11                 @ DW_AT_name
	.long	1052                            @ DW_AT_type
	.byte	3                               @ DW_AT_decl_file
	.short	598                             @ DW_AT_decl_line
	.byte	23                              @ DW_AT_bit_size
	.byte	9                               @ DW_AT_data_bit_offset
	.byte	0                               @ End Of Children Mark
	.byte	11                              @ Abbrev [11] 0x998:0x5 DW_TAG_volatile_type
	.long	2461                            @ DW_AT_type
	.byte	6                               @ Abbrev [6] 0x99d:0xc DW_TAG_typedef
	.long	2473                            @ DW_AT_type
	.long	.Linfo_string115                @ DW_AT_name
	.byte	3                               @ DW_AT_decl_file
	.short	613                             @ DW_AT_decl_line
	.byte	13                              @ Abbrev [13] 0x9a9:0x92 DW_TAG_structure_type
	.byte	4                               @ DW_AT_byte_size
	.byte	3                               @ DW_AT_decl_file
	.short	601                             @ DW_AT_decl_line
	.byte	14                              @ Abbrev [14] 0x9ae:0xe DW_TAG_member
	.long	.Linfo_string106                @ DW_AT_name
	.long	1052                            @ DW_AT_type
	.byte	3                               @ DW_AT_decl_file
	.short	603                             @ DW_AT_decl_line
	.byte	1                               @ DW_AT_bit_size
	.byte	0                               @ DW_AT_data_bit_offset
	.byte	14                              @ Abbrev [14] 0x9bc:0xe DW_TAG_member
	.long	.Linfo_string107                @ DW_AT_name
	.long	1052                            @ DW_AT_type
	.byte	3                               @ DW_AT_decl_file
	.short	604                             @ DW_AT_decl_line
	.byte	1                               @ DW_AT_bit_size
	.byte	1                               @ DW_AT_data_bit_offset
	.byte	14                              @ Abbrev [14] 0x9ca:0xe DW_TAG_member
	.long	.Linfo_string108                @ DW_AT_name
	.long	1052                            @ DW_AT_type
	.byte	3                               @ DW_AT_decl_file
	.short	605                             @ DW_AT_decl_line
	.byte	1                               @ DW_AT_bit_size
	.byte	2                               @ DW_AT_data_bit_offset
	.byte	14                              @ Abbrev [14] 0x9d8:0xe DW_TAG_member
	.long	.Linfo_string109                @ DW_AT_name
	.long	1052                            @ DW_AT_type
	.byte	3                               @ DW_AT_decl_file
	.short	606                             @ DW_AT_decl_line
	.byte	1                               @ DW_AT_bit_size
	.byte	3                               @ DW_AT_data_bit_offset
	.byte	14                              @ Abbrev [14] 0x9e6:0xe DW_TAG_member
	.long	.Linfo_string110                @ DW_AT_name
	.long	1052                            @ DW_AT_type
	.byte	3                               @ DW_AT_decl_file
	.short	607                             @ DW_AT_decl_line
	.byte	1                               @ DW_AT_bit_size
	.byte	4                               @ DW_AT_data_bit_offset
	.byte	14                              @ Abbrev [14] 0x9f4:0xe DW_TAG_member
	.long	.Linfo_string111                @ DW_AT_name
	.long	1052                            @ DW_AT_type
	.byte	3                               @ DW_AT_decl_file
	.short	608                             @ DW_AT_decl_line
	.byte	1                               @ DW_AT_bit_size
	.byte	5                               @ DW_AT_data_bit_offset
	.byte	14                              @ Abbrev [14] 0xa02:0xe DW_TAG_member
	.long	.Linfo_string112                @ DW_AT_name
	.long	1052                            @ DW_AT_type
	.byte	3                               @ DW_AT_decl_file
	.short	609                             @ DW_AT_decl_line
	.byte	1                               @ DW_AT_bit_size
	.byte	6                               @ DW_AT_data_bit_offset
	.byte	14                              @ Abbrev [14] 0xa10:0xe DW_TAG_member
	.long	.Linfo_string113                @ DW_AT_name
	.long	1052                            @ DW_AT_type
	.byte	3                               @ DW_AT_decl_file
	.short	610                             @ DW_AT_decl_line
	.byte	1                               @ DW_AT_bit_size
	.byte	7                               @ DW_AT_data_bit_offset
	.byte	14                              @ Abbrev [14] 0xa1e:0xe DW_TAG_member
	.long	.Linfo_string114                @ DW_AT_name
	.long	1052                            @ DW_AT_type
	.byte	3                               @ DW_AT_decl_file
	.short	611                             @ DW_AT_decl_line
	.byte	1                               @ DW_AT_bit_size
	.byte	8                               @ DW_AT_data_bit_offset
	.byte	14                              @ Abbrev [14] 0xa2c:0xe DW_TAG_member
	.long	.Linfo_string11                 @ DW_AT_name
	.long	1052                            @ DW_AT_type
	.byte	3                               @ DW_AT_decl_file
	.short	612                             @ DW_AT_decl_line
	.byte	23                              @ DW_AT_bit_size
	.byte	9                               @ DW_AT_data_bit_offset
	.byte	0                               @ End Of Children Mark
	.byte	11                              @ Abbrev [11] 0xa3b:0x5 DW_TAG_volatile_type
	.long	2624                            @ DW_AT_type
	.byte	6                               @ Abbrev [6] 0xa40:0xc DW_TAG_typedef
	.long	2636                            @ DW_AT_type
	.long	.Linfo_string127                @ DW_AT_name
	.byte	3                               @ DW_AT_decl_file
	.short	627                             @ DW_AT_decl_line
	.byte	13                              @ Abbrev [13] 0xa4c:0x92 DW_TAG_structure_type
	.byte	4                               @ DW_AT_byte_size
	.byte	3                               @ DW_AT_decl_file
	.short	615                             @ DW_AT_decl_line
	.byte	14                              @ Abbrev [14] 0xa51:0xe DW_TAG_member
	.long	.Linfo_string118                @ DW_AT_name
	.long	1052                            @ DW_AT_type
	.byte	3                               @ DW_AT_decl_file
	.short	617                             @ DW_AT_decl_line
	.byte	1                               @ DW_AT_bit_size
	.byte	0                               @ DW_AT_data_bit_offset
	.byte	14                              @ Abbrev [14] 0xa5f:0xe DW_TAG_member
	.long	.Linfo_string119                @ DW_AT_name
	.long	1052                            @ DW_AT_type
	.byte	3                               @ DW_AT_decl_file
	.short	618                             @ DW_AT_decl_line
	.byte	1                               @ DW_AT_bit_size
	.byte	1                               @ DW_AT_data_bit_offset
	.byte	14                              @ Abbrev [14] 0xa6d:0xe DW_TAG_member
	.long	.Linfo_string120                @ DW_AT_name
	.long	1052                            @ DW_AT_type
	.byte	3                               @ DW_AT_decl_file
	.short	619                             @ DW_AT_decl_line
	.byte	1                               @ DW_AT_bit_size
	.byte	2                               @ DW_AT_data_bit_offset
	.byte	14                              @ Abbrev [14] 0xa7b:0xe DW_TAG_member
	.long	.Linfo_string121                @ DW_AT_name
	.long	1052                            @ DW_AT_type
	.byte	3                               @ DW_AT_decl_file
	.short	620                             @ DW_AT_decl_line
	.byte	1                               @ DW_AT_bit_size
	.byte	3                               @ DW_AT_data_bit_offset
	.byte	14                              @ Abbrev [14] 0xa89:0xe DW_TAG_member
	.long	.Linfo_string122                @ DW_AT_name
	.long	1052                            @ DW_AT_type
	.byte	3                               @ DW_AT_decl_file
	.short	621                             @ DW_AT_decl_line
	.byte	1                               @ DW_AT_bit_size
	.byte	4                               @ DW_AT_data_bit_offset
	.byte	14                              @ Abbrev [14] 0xa97:0xe DW_TAG_member
	.long	.Linfo_string123                @ DW_AT_name
	.long	1052                            @ DW_AT_type
	.byte	3                               @ DW_AT_decl_file
	.short	622                             @ DW_AT_decl_line
	.byte	1                               @ DW_AT_bit_size
	.byte	5                               @ DW_AT_data_bit_offset
	.byte	14                              @ Abbrev [14] 0xaa5:0xe DW_TAG_member
	.long	.Linfo_string124                @ DW_AT_name
	.long	1052                            @ DW_AT_type
	.byte	3                               @ DW_AT_decl_file
	.short	623                             @ DW_AT_decl_line
	.byte	1                               @ DW_AT_bit_size
	.byte	6                               @ DW_AT_data_bit_offset
	.byte	14                              @ Abbrev [14] 0xab3:0xe DW_TAG_member
	.long	.Linfo_string125                @ DW_AT_name
	.long	1052                            @ DW_AT_type
	.byte	3                               @ DW_AT_decl_file
	.short	624                             @ DW_AT_decl_line
	.byte	1                               @ DW_AT_bit_size
	.byte	7                               @ DW_AT_data_bit_offset
	.byte	14                              @ Abbrev [14] 0xac1:0xe DW_TAG_member
	.long	.Linfo_string126                @ DW_AT_name
	.long	1052                            @ DW_AT_type
	.byte	3                               @ DW_AT_decl_file
	.short	625                             @ DW_AT_decl_line
	.byte	1                               @ DW_AT_bit_size
	.byte	8                               @ DW_AT_data_bit_offset
	.byte	14                              @ Abbrev [14] 0xacf:0xe DW_TAG_member
	.long	.Linfo_string11                 @ DW_AT_name
	.long	1052                            @ DW_AT_type
	.byte	3                               @ DW_AT_decl_file
	.short	626                             @ DW_AT_decl_line
	.byte	23                              @ DW_AT_bit_size
	.byte	9                               @ DW_AT_data_bit_offset
	.byte	0                               @ End Of Children Mark
	.byte	11                              @ Abbrev [11] 0xade:0x5 DW_TAG_volatile_type
	.long	2787                            @ DW_AT_type
	.byte	6                               @ Abbrev [6] 0xae3:0xc DW_TAG_typedef
	.long	2799                            @ DW_AT_type
	.long	.Linfo_string130                @ DW_AT_name
	.byte	3                               @ DW_AT_decl_file
	.short	633                             @ DW_AT_decl_line
	.byte	13                              @ Abbrev [13] 0xaef:0x22 DW_TAG_structure_type
	.byte	4                               @ DW_AT_byte_size
	.byte	3                               @ DW_AT_decl_file
	.short	629                             @ DW_AT_decl_line
	.byte	14                              @ Abbrev [14] 0xaf4:0xe DW_TAG_member
	.long	.Linfo_string128                @ DW_AT_name
	.long	1052                            @ DW_AT_type
	.byte	3                               @ DW_AT_decl_file
	.short	631                             @ DW_AT_decl_line
	.byte	14                              @ DW_AT_bit_size
	.byte	0                               @ DW_AT_data_bit_offset
	.byte	14                              @ Abbrev [14] 0xb02:0xe DW_TAG_member
	.long	.Linfo_string11                 @ DW_AT_name
	.long	1052                            @ DW_AT_type
	.byte	3                               @ DW_AT_decl_file
	.short	632                             @ DW_AT_decl_line
	.byte	18                              @ DW_AT_bit_size
	.byte	14                              @ DW_AT_data_bit_offset
	.byte	0                               @ End Of Children Mark
	.byte	11                              @ Abbrev [11] 0xb11:0x5 DW_TAG_volatile_type
	.long	2838                            @ DW_AT_type
	.byte	6                               @ Abbrev [6] 0xb16:0xc DW_TAG_typedef
	.long	2850                            @ DW_AT_type
	.long	.Linfo_string135                @ DW_AT_name
	.byte	3                               @ DW_AT_decl_file
	.short	641                             @ DW_AT_decl_line
	.byte	13                              @ Abbrev [13] 0xb22:0x3e DW_TAG_structure_type
	.byte	4                               @ DW_AT_byte_size
	.byte	3                               @ DW_AT_decl_file
	.short	635                             @ DW_AT_decl_line
	.byte	14                              @ Abbrev [14] 0xb27:0xe DW_TAG_member
	.long	.Linfo_string133                @ DW_AT_name
	.long	1052                            @ DW_AT_type
	.byte	3                               @ DW_AT_decl_file
	.short	637                             @ DW_AT_decl_line
	.byte	15                              @ DW_AT_bit_size
	.byte	0                               @ DW_AT_data_bit_offset
	.byte	14                              @ Abbrev [14] 0xb35:0xe DW_TAG_member
	.long	.Linfo_string18                 @ DW_AT_name
	.long	1052                            @ DW_AT_type
	.byte	3                               @ DW_AT_decl_file
	.short	638                             @ DW_AT_decl_line
	.byte	1                               @ DW_AT_bit_size
	.byte	15                              @ DW_AT_data_bit_offset
	.byte	14                              @ Abbrev [14] 0xb43:0xe DW_TAG_member
	.long	.Linfo_string134                @ DW_AT_name
	.long	1052                            @ DW_AT_type
	.byte	3                               @ DW_AT_decl_file
	.short	639                             @ DW_AT_decl_line
	.byte	2                               @ DW_AT_bit_size
	.byte	16                              @ DW_AT_data_bit_offset
	.byte	14                              @ Abbrev [14] 0xb51:0xe DW_TAG_member
	.long	.Linfo_string11                 @ DW_AT_name
	.long	1052                            @ DW_AT_type
	.byte	3                               @ DW_AT_decl_file
	.short	640                             @ DW_AT_decl_line
	.byte	14                              @ DW_AT_bit_size
	.byte	18                              @ DW_AT_data_bit_offset
	.byte	0                               @ End Of Children Mark
	.byte	11                              @ Abbrev [11] 0xb60:0x5 DW_TAG_volatile_type
	.long	2917                            @ DW_AT_type
	.byte	6                               @ Abbrev [6] 0xb65:0xc DW_TAG_typedef
	.long	2929                            @ DW_AT_type
	.long	.Linfo_string143                @ DW_AT_name
	.byte	3                               @ DW_AT_decl_file
	.short	651                             @ DW_AT_decl_line
	.byte	13                              @ Abbrev [13] 0xb71:0x5a DW_TAG_structure_type
	.byte	4                               @ DW_AT_byte_size
	.byte	3                               @ DW_AT_decl_file
	.short	643                             @ DW_AT_decl_line
	.byte	14                              @ Abbrev [14] 0xb76:0xe DW_TAG_member
	.long	.Linfo_string138                @ DW_AT_name
	.long	1052                            @ DW_AT_type
	.byte	3                               @ DW_AT_decl_file
	.short	645                             @ DW_AT_decl_line
	.byte	1                               @ DW_AT_bit_size
	.byte	0                               @ DW_AT_data_bit_offset
	.byte	14                              @ Abbrev [14] 0xb84:0xe DW_TAG_member
	.long	.Linfo_string139                @ DW_AT_name
	.long	1052                            @ DW_AT_type
	.byte	3                               @ DW_AT_decl_file
	.short	646                             @ DW_AT_decl_line
	.byte	1                               @ DW_AT_bit_size
	.byte	1                               @ DW_AT_data_bit_offset
	.byte	14                              @ Abbrev [14] 0xb92:0xe DW_TAG_member
	.long	.Linfo_string140                @ DW_AT_name
	.long	1052                            @ DW_AT_type
	.byte	3                               @ DW_AT_decl_file
	.short	647                             @ DW_AT_decl_line
	.byte	1                               @ DW_AT_bit_size
	.byte	2                               @ DW_AT_data_bit_offset
	.byte	14                              @ Abbrev [14] 0xba0:0xe DW_TAG_member
	.long	.Linfo_string141                @ DW_AT_name
	.long	1052                            @ DW_AT_type
	.byte	3                               @ DW_AT_decl_file
	.short	648                             @ DW_AT_decl_line
	.byte	1                               @ DW_AT_bit_size
	.byte	3                               @ DW_AT_data_bit_offset
	.byte	14                              @ Abbrev [14] 0xbae:0xe DW_TAG_member
	.long	.Linfo_string142                @ DW_AT_name
	.long	1052                            @ DW_AT_type
	.byte	3                               @ DW_AT_decl_file
	.short	649                             @ DW_AT_decl_line
	.byte	1                               @ DW_AT_bit_size
	.byte	4                               @ DW_AT_data_bit_offset
	.byte	14                              @ Abbrev [14] 0xbbc:0xe DW_TAG_member
	.long	.Linfo_string11                 @ DW_AT_name
	.long	1052                            @ DW_AT_type
	.byte	3                               @ DW_AT_decl_file
	.short	650                             @ DW_AT_decl_line
	.byte	27                              @ DW_AT_bit_size
	.byte	5                               @ DW_AT_data_bit_offset
	.byte	0                               @ End Of Children Mark
	.byte	11                              @ Abbrev [11] 0xbcb:0x5 DW_TAG_volatile_type
	.long	3024                            @ DW_AT_type
	.byte	6                               @ Abbrev [6] 0xbd0:0xc DW_TAG_typedef
	.long	3036                            @ DW_AT_type
	.long	.Linfo_string148                @ DW_AT_name
	.byte	3                               @ DW_AT_decl_file
	.short	658                             @ DW_AT_decl_line
	.byte	13                              @ Abbrev [13] 0xbdc:0x30 DW_TAG_structure_type
	.byte	4                               @ DW_AT_byte_size
	.byte	3                               @ DW_AT_decl_file
	.short	653                             @ DW_AT_decl_line
	.byte	14                              @ Abbrev [14] 0xbe1:0xe DW_TAG_member
	.long	.Linfo_string146                @ DW_AT_name
	.long	1052                            @ DW_AT_type
	.byte	3                               @ DW_AT_decl_file
	.short	655                             @ DW_AT_decl_line
	.byte	1                               @ DW_AT_bit_size
	.byte	0                               @ DW_AT_data_bit_offset
	.byte	14                              @ Abbrev [14] 0xbef:0xe DW_TAG_member
	.long	.Linfo_string147                @ DW_AT_name
	.long	1052                            @ DW_AT_type
	.byte	3                               @ DW_AT_decl_file
	.short	656                             @ DW_AT_decl_line
	.byte	1                               @ DW_AT_bit_size
	.byte	1                               @ DW_AT_data_bit_offset
	.byte	14                              @ Abbrev [14] 0xbfd:0xe DW_TAG_member
	.long	.Linfo_string11                 @ DW_AT_name
	.long	1052                            @ DW_AT_type
	.byte	3                               @ DW_AT_decl_file
	.short	657                             @ DW_AT_decl_line
	.byte	30                              @ DW_AT_bit_size
	.byte	2                               @ DW_AT_data_bit_offset
	.byte	0                               @ End Of Children Mark
	.byte	15                              @ Abbrev [15] 0xc0c:0xc DW_TAG_array_type
	.long	1057                            @ DW_AT_type
	.byte	16                              @ Abbrev [16] 0xc11:0x6 DW_TAG_subrange_type
	.long	3096                            @ DW_AT_type
	.byte	41                              @ DW_AT_count
	.byte	0                               @ End Of Children Mark
	.byte	17                              @ Abbrev [17] 0xc18:0x7 DW_TAG_base_type
	.long	.Linfo_string149                @ DW_AT_name
	.byte	8                               @ DW_AT_byte_size
	.byte	7                               @ DW_AT_encoding
	.byte	11                              @ Abbrev [11] 0xc1f:0x5 DW_TAG_volatile_type
	.long	3108                            @ DW_AT_type
	.byte	6                               @ Abbrev [6] 0xc24:0xc DW_TAG_typedef
	.long	3120                            @ DW_AT_type
	.long	.Linfo_string152                @ DW_AT_name
	.byte	3                               @ DW_AT_decl_file
	.short	664                             @ DW_AT_decl_line
	.byte	13                              @ Abbrev [13] 0xc30:0x22 DW_TAG_structure_type
	.byte	4                               @ DW_AT_byte_size
	.byte	3                               @ DW_AT_decl_file
	.short	660                             @ DW_AT_decl_line
	.byte	14                              @ Abbrev [14] 0xc35:0xe DW_TAG_member
	.long	.Linfo_string150                @ DW_AT_name
	.long	1052                            @ DW_AT_type
	.byte	3                               @ DW_AT_decl_file
	.short	662                             @ DW_AT_decl_line
	.byte	1                               @ DW_AT_bit_size
	.byte	0                               @ DW_AT_data_bit_offset
	.byte	14                              @ Abbrev [14] 0xc43:0xe DW_TAG_member
	.long	.Linfo_string11                 @ DW_AT_name
	.long	1052                            @ DW_AT_type
	.byte	3                               @ DW_AT_decl_file
	.short	663                             @ DW_AT_decl_line
	.byte	31                              @ DW_AT_bit_size
	.byte	1                               @ DW_AT_data_bit_offset
	.byte	0                               @ End Of Children Mark
	.byte	11                              @ Abbrev [11] 0xc52:0x5 DW_TAG_volatile_type
	.long	3159                            @ DW_AT_type
	.byte	6                               @ Abbrev [6] 0xc57:0xc DW_TAG_typedef
	.long	3171                            @ DW_AT_type
	.long	.Linfo_string155                @ DW_AT_name
	.byte	3                               @ DW_AT_decl_file
	.short	670                             @ DW_AT_decl_line
	.byte	13                              @ Abbrev [13] 0xc63:0x22 DW_TAG_structure_type
	.byte	4                               @ DW_AT_byte_size
	.byte	3                               @ DW_AT_decl_file
	.short	666                             @ DW_AT_decl_line
	.byte	14                              @ Abbrev [14] 0xc68:0xe DW_TAG_member
	.long	.Linfo_string153                @ DW_AT_name
	.long	1052                            @ DW_AT_type
	.byte	3                               @ DW_AT_decl_file
	.short	668                             @ DW_AT_decl_line
	.byte	1                               @ DW_AT_bit_size
	.byte	0                               @ DW_AT_data_bit_offset
	.byte	14                              @ Abbrev [14] 0xc76:0xe DW_TAG_member
	.long	.Linfo_string11                 @ DW_AT_name
	.long	1052                            @ DW_AT_type
	.byte	3                               @ DW_AT_decl_file
	.short	669                             @ DW_AT_decl_line
	.byte	31                              @ DW_AT_bit_size
	.byte	1                               @ DW_AT_data_bit_offset
	.byte	0                               @ End Of Children Mark
	.byte	5                               @ Abbrev [5] 0xc85:0x5 DW_TAG_pointer_type
	.long	1052                            @ DW_AT_type
	.byte	5                               @ Abbrev [5] 0xc8a:0x5 DW_TAG_pointer_type
	.long	3215                            @ DW_AT_type
	.byte	12                              @ Abbrev [12] 0xc8f:0xb DW_TAG_typedef
	.long	65                              @ DW_AT_type
	.long	.Linfo_string157                @ DW_AT_name
	.byte	2                               @ DW_AT_decl_file
	.byte	62                              @ DW_AT_decl_line
	.byte	5                               @ Abbrev [5] 0xc9a:0x5 DW_TAG_pointer_type
	.long	3231                            @ DW_AT_type
	.byte	11                              @ Abbrev [11] 0xc9f:0x5 DW_TAG_volatile_type
	.long	3236                            @ DW_AT_type
	.byte	12                              @ Abbrev [12] 0xca4:0xb DW_TAG_typedef
	.long	3247                            @ DW_AT_type
	.long	.Linfo_string160                @ DW_AT_name
	.byte	1                               @ DW_AT_decl_file
	.byte	35                              @ DW_AT_decl_line
	.byte	12                              @ Abbrev [12] 0xcaf:0xb DW_TAG_typedef
	.long	3258                            @ DW_AT_type
	.long	.Linfo_string159                @ DW_AT_name
	.byte	2                               @ DW_AT_decl_file
	.byte	65                              @ DW_AT_decl_line
	.byte	4                               @ Abbrev [4] 0xcba:0x7 DW_TAG_base_type
	.long	.Linfo_string158                @ DW_AT_name
	.byte	7                               @ DW_AT_encoding
	.byte	8                               @ DW_AT_byte_size
	.byte	18                              @ Abbrev [18] 0xcc1:0x11 DW_TAG_subprogram
	.long	.Lfunc_begin0                   @ DW_AT_low_pc
	.long	.Lfunc_end0-.Lfunc_begin0       @ DW_AT_high_pc
	.byte	1                               @ DW_AT_frame_base
	.byte	93
                                        @ DW_AT_GNU_all_call_sites
	.long	.Linfo_string177                @ DW_AT_name
	.byte	4                               @ DW_AT_decl_file
	.byte	74                              @ DW_AT_decl_line
                                        @ DW_AT_prototyped
                                        @ DW_AT_external
	.byte	19                              @ Abbrev [19] 0xcd2:0x21 DW_TAG_subprogram
	.long	.Lfunc_begin1                   @ DW_AT_low_pc
	.long	.Lfunc_end1-.Lfunc_begin1       @ DW_AT_high_pc
	.byte	1                               @ DW_AT_frame_base
	.byte	93
                                        @ DW_AT_GNU_all_call_sites
	.long	.Linfo_string178                @ DW_AT_name
	.byte	4                               @ DW_AT_decl_file
	.byte	101                             @ DW_AT_decl_line
                                        @ DW_AT_prototyped
                                        @ DW_AT_external
	.byte	20                              @ Abbrev [20] 0xce3:0xf DW_TAG_formal_parameter
	.long	.Ldebug_loc0                    @ DW_AT_location
	.long	.Linfo_string194                @ DW_AT_name
	.byte	4                               @ DW_AT_decl_file
	.byte	101                             @ DW_AT_decl_line
	.long	3215                            @ DW_AT_type
	.byte	0                               @ End Of Children Mark
	.byte	21                              @ Abbrev [21] 0xcf3:0x16 DW_TAG_subprogram
	.long	.Lfunc_begin2                   @ DW_AT_low_pc
	.long	.Lfunc_end2-.Lfunc_begin2       @ DW_AT_high_pc
	.byte	1                               @ DW_AT_frame_base
	.byte	93
                                        @ DW_AT_GNU_all_call_sites
	.long	.Linfo_string179                @ DW_AT_name
	.byte	4                               @ DW_AT_decl_file
	.short	339                             @ DW_AT_decl_line
                                        @ DW_AT_prototyped
	.long	4676                            @ DW_AT_type
                                        @ DW_AT_external
	.byte	22                              @ Abbrev [22] 0xd09:0x25 DW_TAG_subprogram
	.long	.Lfunc_begin3                   @ DW_AT_low_pc
	.long	.Lfunc_end3-.Lfunc_begin3       @ DW_AT_high_pc
	.byte	1                               @ DW_AT_frame_base
	.byte	93
                                        @ DW_AT_GNU_all_call_sites
	.long	.Linfo_string181                @ DW_AT_name
	.byte	4                               @ DW_AT_decl_file
	.byte	37                              @ DW_AT_decl_line
                                        @ DW_AT_prototyped
	.long	4683                            @ DW_AT_type
	.byte	23                              @ Abbrev [23] 0xd1e:0xf DW_TAG_variable
	.long	.Ldebug_loc1                    @ DW_AT_location
	.long	.Linfo_string195                @ DW_AT_name
	.byte	4                               @ DW_AT_decl_file
	.byte	39                              @ DW_AT_decl_line
	.long	1057                            @ DW_AT_type
	.byte	0                               @ End Of Children Mark
	.byte	24                              @ Abbrev [24] 0xd2e:0x57 DW_TAG_subprogram
	.long	.Lfunc_begin4                   @ DW_AT_low_pc
	.long	.Lfunc_end4-.Lfunc_begin4       @ DW_AT_high_pc
	.byte	1                               @ DW_AT_frame_base
	.byte	93
                                        @ DW_AT_GNU_all_call_sites
	.long	.Linfo_string183                @ DW_AT_name
	.byte	4                               @ DW_AT_decl_file
	.short	373                             @ DW_AT_decl_line
                                        @ DW_AT_prototyped
	.long	4676                            @ DW_AT_type
                                        @ DW_AT_external
	.byte	25                              @ Abbrev [25] 0xd44:0x10 DW_TAG_formal_parameter
	.long	.Ldebug_loc2                    @ DW_AT_location
	.long	.Linfo_string164                @ DW_AT_name
	.byte	4                               @ DW_AT_decl_file
	.short	373                             @ DW_AT_decl_line
	.long	3594                            @ DW_AT_type
	.byte	25                              @ Abbrev [25] 0xd54:0x10 DW_TAG_formal_parameter
	.long	.Ldebug_loc3                    @ DW_AT_location
	.long	.Linfo_string166                @ DW_AT_name
	.byte	4                               @ DW_AT_decl_file
	.short	373                             @ DW_AT_decl_line
	.long	1057                            @ DW_AT_type
	.byte	25                              @ Abbrev [25] 0xd64:0x10 DW_TAG_formal_parameter
	.long	.Ldebug_loc4                    @ DW_AT_location
	.long	.Linfo_string169                @ DW_AT_name
	.byte	4                               @ DW_AT_decl_file
	.short	373                             @ DW_AT_decl_line
	.long	1057                            @ DW_AT_type
	.byte	26                              @ Abbrev [26] 0xd74:0x10 DW_TAG_variable
	.long	.Ldebug_loc5                    @ DW_AT_location
	.long	.Linfo_string196                @ DW_AT_name
	.byte	4                               @ DW_AT_decl_file
	.short	375                             @ DW_AT_decl_line
	.long	4676                            @ DW_AT_type
	.byte	0                               @ End Of Children Mark
	.byte	22                              @ Abbrev [22] 0xd85:0x50 DW_TAG_subprogram
	.long	.Lfunc_begin5                   @ DW_AT_low_pc
	.long	.Lfunc_end5-.Lfunc_begin5       @ DW_AT_high_pc
	.byte	1                               @ DW_AT_frame_base
	.byte	93
                                        @ DW_AT_GNU_all_call_sites
	.long	.Linfo_string184                @ DW_AT_name
	.byte	4                               @ DW_AT_decl_file
	.byte	130                             @ DW_AT_decl_line
                                        @ DW_AT_prototyped
	.long	3215                            @ DW_AT_type
	.byte	20                              @ Abbrev [20] 0xd9a:0xf DW_TAG_formal_parameter
	.long	.Ldebug_loc6                    @ DW_AT_location
	.long	.Linfo_string164                @ DW_AT_name
	.byte	4                               @ DW_AT_decl_file
	.byte	130                             @ DW_AT_decl_line
	.long	3594                            @ DW_AT_type
	.byte	20                              @ Abbrev [20] 0xda9:0xf DW_TAG_formal_parameter
	.long	.Ldebug_loc7                    @ DW_AT_location
	.long	.Linfo_string166                @ DW_AT_name
	.byte	4                               @ DW_AT_decl_file
	.byte	130                             @ DW_AT_decl_line
	.long	1057                            @ DW_AT_type
	.byte	27                              @ Abbrev [27] 0xdb8:0xd DW_TAG_formal_parameter
	.byte	1                               @ DW_AT_location
	.byte	82
	.long	.Linfo_string169                @ DW_AT_name
	.byte	4                               @ DW_AT_decl_file
	.byte	130                             @ DW_AT_decl_line
	.long	1057                            @ DW_AT_type
	.byte	23                              @ Abbrev [23] 0xdc5:0xf DW_TAG_variable
	.long	.Ldebug_loc8                    @ DW_AT_location
	.long	.Linfo_string196                @ DW_AT_name
	.byte	4                               @ DW_AT_decl_file
	.byte	132                             @ DW_AT_decl_line
	.long	3215                            @ DW_AT_type
	.byte	0                               @ End Of Children Mark
	.byte	28                              @ Abbrev [28] 0xdd5:0x23 DW_TAG_subprogram
	.long	.Linfo_string161                @ DW_AT_name
	.byte	4                               @ DW_AT_decl_file
	.byte	116                             @ DW_AT_decl_line
                                        @ DW_AT_prototyped
	.long	3576                            @ DW_AT_type
	.byte	1                               @ DW_AT_inline
	.byte	29                              @ Abbrev [29] 0xde1:0xb DW_TAG_formal_parameter
	.long	.Linfo_string164                @ DW_AT_name
	.byte	4                               @ DW_AT_decl_file
	.byte	116                             @ DW_AT_decl_line
	.long	3594                            @ DW_AT_type
	.byte	29                              @ Abbrev [29] 0xdec:0xb DW_TAG_formal_parameter
	.long	.Linfo_string166                @ DW_AT_name
	.byte	4                               @ DW_AT_decl_file
	.byte	116                             @ DW_AT_decl_line
	.long	1057                            @ DW_AT_type
	.byte	0                               @ End Of Children Mark
	.byte	12                              @ Abbrev [12] 0xdf8:0xb DW_TAG_typedef
	.long	3587                            @ DW_AT_type
	.long	.Linfo_string163                @ DW_AT_name
	.byte	2                               @ DW_AT_decl_file
	.byte	63                              @ DW_AT_decl_line
	.byte	4                               @ Abbrev [4] 0xe03:0x7 DW_TAG_base_type
	.long	.Linfo_string162                @ DW_AT_name
	.byte	7                               @ DW_AT_encoding
	.byte	2                               @ DW_AT_byte_size
	.byte	12                              @ Abbrev [12] 0xe0a:0xb DW_TAG_typedef
	.long	38                              @ DW_AT_type
	.long	.Linfo_string165                @ DW_AT_name
	.byte	1                               @ DW_AT_decl_file
	.byte	73                              @ DW_AT_decl_line
	.byte	30                              @ Abbrev [30] 0xe15:0x9b DW_TAG_subprogram
	.long	.Lfunc_begin6                   @ DW_AT_low_pc
	.long	.Lfunc_end6-.Lfunc_begin6       @ DW_AT_high_pc
	.byte	1                               @ DW_AT_frame_base
	.byte	93
                                        @ DW_AT_GNU_all_call_sites
	.long	.Linfo_string185                @ DW_AT_name
	.byte	4                               @ DW_AT_decl_file
	.byte	161                             @ DW_AT_decl_line
                                        @ DW_AT_prototyped
	.byte	3                               @ DW_AT_calling_convention
	.long	4676                            @ DW_AT_type
	.byte	29                              @ Abbrev [29] 0xe2b:0xb DW_TAG_formal_parameter
	.long	.Linfo_string164                @ DW_AT_name
	.byte	4                               @ DW_AT_decl_file
	.byte	161                             @ DW_AT_decl_line
	.long	3594                            @ DW_AT_type
	.byte	20                              @ Abbrev [20] 0xe36:0xf DW_TAG_formal_parameter
	.long	.Ldebug_loc9                    @ DW_AT_location
	.long	.Linfo_string166                @ DW_AT_name
	.byte	4                               @ DW_AT_decl_file
	.byte	161                             @ DW_AT_decl_line
	.long	1057                            @ DW_AT_type
	.byte	20                              @ Abbrev [20] 0xe45:0xf DW_TAG_formal_parameter
	.long	.Ldebug_loc10                   @ DW_AT_location
	.long	.Linfo_string169                @ DW_AT_name
	.byte	4                               @ DW_AT_decl_file
	.byte	161                             @ DW_AT_decl_line
	.long	1057                            @ DW_AT_type
	.byte	23                              @ Abbrev [23] 0xe54:0xf DW_TAG_variable
	.long	.Ldebug_loc11                   @ DW_AT_location
	.long	.Linfo_string197                @ DW_AT_name
	.byte	4                               @ DW_AT_decl_file
	.byte	163                             @ DW_AT_decl_line
	.long	3576                            @ DW_AT_type
	.byte	31                              @ Abbrev [31] 0xe63:0xb DW_TAG_variable
	.long	.Linfo_string199                @ DW_AT_name
	.byte	4                               @ DW_AT_decl_file
	.byte	164                             @ DW_AT_decl_line
	.long	3576                            @ DW_AT_type
	.byte	32                              @ Abbrev [32] 0xe6e:0x10 DW_TAG_inlined_subroutine
	.long	3541                            @ DW_AT_abstract_origin
	.long	.Ltmp49                         @ DW_AT_low_pc
	.long	.Ltmp50-.Ltmp49                 @ DW_AT_high_pc
	.byte	4                               @ DW_AT_call_file
	.byte	164                             @ DW_AT_call_line
	.byte	27                              @ DW_AT_call_column
	.byte	33                              @ Abbrev [33] 0xe7e:0x18 DW_TAG_inlined_subroutine
	.long	3541                            @ DW_AT_abstract_origin
	.long	.Ltmp51                         @ DW_AT_low_pc
	.long	.Ltmp52-.Ltmp51                 @ DW_AT_high_pc
	.byte	4                               @ DW_AT_call_file
	.byte	163                             @ DW_AT_call_line
	.byte	29                              @ DW_AT_call_column
	.byte	34                              @ Abbrev [34] 0xe8e:0x7 DW_TAG_formal_parameter
	.byte	1                               @ DW_AT_location
	.byte	80
	.long	3564                            @ DW_AT_abstract_origin
	.byte	0                               @ End Of Children Mark
	.byte	35                              @ Abbrev [35] 0xe96:0x19 DW_TAG_lexical_block
	.long	.Ltmp52                         @ DW_AT_low_pc
	.long	.Ltmp59-.Ltmp52                 @ DW_AT_high_pc
	.byte	23                              @ Abbrev [23] 0xe9f:0xf DW_TAG_variable
	.long	.Ldebug_loc12                   @ DW_AT_location
	.long	.Linfo_string198                @ DW_AT_name
	.byte	4                               @ DW_AT_decl_file
	.byte	168                             @ DW_AT_decl_line
	.long	1057                            @ DW_AT_type
	.byte	0                               @ End Of Children Mark
	.byte	0                               @ End Of Children Mark
	.byte	36                              @ Abbrev [36] 0xeb0:0x84 DW_TAG_subprogram
	.long	.Linfo_string167                @ DW_AT_name
	.byte	4                               @ DW_AT_decl_file
	.short	293                             @ DW_AT_decl_line
                                        @ DW_AT_prototyped
	.byte	1                               @ DW_AT_inline
	.byte	37                              @ Abbrev [37] 0xeb9:0xc DW_TAG_formal_parameter
	.long	.Linfo_string166                @ DW_AT_name
	.byte	4                               @ DW_AT_decl_file
	.short	293                             @ DW_AT_decl_line
	.long	1057                            @ DW_AT_type
	.byte	37                              @ Abbrev [37] 0xec5:0xc DW_TAG_formal_parameter
	.long	.Linfo_string168                @ DW_AT_name
	.byte	4                               @ DW_AT_decl_file
	.short	293                             @ DW_AT_decl_line
	.long	3210                            @ DW_AT_type
	.byte	37                              @ Abbrev [37] 0xed1:0xc DW_TAG_formal_parameter
	.long	.Linfo_string169                @ DW_AT_name
	.byte	4                               @ DW_AT_decl_file
	.short	293                             @ DW_AT_decl_line
	.long	1057                            @ DW_AT_type
	.byte	38                              @ Abbrev [38] 0xedd:0xc DW_TAG_variable
	.long	.Linfo_string170                @ DW_AT_name
	.byte	4                               @ DW_AT_decl_file
	.short	296                             @ DW_AT_decl_line
	.long	3236                            @ DW_AT_type
	.byte	38                              @ Abbrev [38] 0xee9:0xc DW_TAG_variable
	.long	.Linfo_string171                @ DW_AT_name
	.byte	4                               @ DW_AT_decl_file
	.short	299                             @ DW_AT_decl_line
	.long	3210                            @ DW_AT_type
	.byte	38                              @ Abbrev [38] 0xef5:0xc DW_TAG_variable
	.long	.Linfo_string172                @ DW_AT_name
	.byte	4                               @ DW_AT_decl_file
	.short	298                             @ DW_AT_decl_line
	.long	1057                            @ DW_AT_type
	.byte	38                              @ Abbrev [38] 0xf01:0xc DW_TAG_variable
	.long	.Linfo_string173                @ DW_AT_name
	.byte	4                               @ DW_AT_decl_file
	.short	300                             @ DW_AT_decl_line
	.long	1057                            @ DW_AT_type
	.byte	38                              @ Abbrev [38] 0xf0d:0xc DW_TAG_variable
	.long	.Linfo_string174                @ DW_AT_name
	.byte	4                               @ DW_AT_decl_file
	.short	295                             @ DW_AT_decl_line
	.long	1057                            @ DW_AT_type
	.byte	38                              @ Abbrev [38] 0xf19:0xc DW_TAG_variable
	.long	.Linfo_string175                @ DW_AT_name
	.byte	4                               @ DW_AT_decl_file
	.short	295                             @ DW_AT_decl_line
	.long	1057                            @ DW_AT_type
	.byte	39                              @ Abbrev [39] 0xf25:0xe DW_TAG_lexical_block
	.byte	38                              @ Abbrev [38] 0xf26:0xc DW_TAG_variable
	.long	.Linfo_string176                @ DW_AT_name
	.byte	4                               @ DW_AT_decl_file
	.short	315                             @ DW_AT_decl_line
	.long	1057                            @ DW_AT_type
	.byte	0                               @ End Of Children Mark
	.byte	0                               @ End Of Children Mark
	.byte	24                              @ Abbrev [24] 0xf34:0xcb DW_TAG_subprogram
	.long	.Lfunc_begin7                   @ DW_AT_low_pc
	.long	.Lfunc_end7-.Lfunc_begin7       @ DW_AT_high_pc
	.byte	1                               @ DW_AT_frame_base
	.byte	93
                                        @ DW_AT_GNU_all_call_sites
	.long	.Linfo_string186                @ DW_AT_name
	.byte	4                               @ DW_AT_decl_file
	.short	409                             @ DW_AT_decl_line
                                        @ DW_AT_prototyped
	.long	4676                            @ DW_AT_type
                                        @ DW_AT_external
	.byte	25                              @ Abbrev [25] 0xf4a:0x10 DW_TAG_formal_parameter
	.long	.Ldebug_loc13                   @ DW_AT_location
	.long	.Linfo_string164                @ DW_AT_name
	.byte	4                               @ DW_AT_decl_file
	.short	409                             @ DW_AT_decl_line
	.long	3594                            @ DW_AT_type
	.byte	25                              @ Abbrev [25] 0xf5a:0x10 DW_TAG_formal_parameter
	.long	.Ldebug_loc14                   @ DW_AT_location
	.long	.Linfo_string166                @ DW_AT_name
	.byte	4                               @ DW_AT_decl_file
	.short	409                             @ DW_AT_decl_line
	.long	1057                            @ DW_AT_type
	.byte	25                              @ Abbrev [25] 0xf6a:0x10 DW_TAG_formal_parameter
	.long	.Ldebug_loc15                   @ DW_AT_location
	.long	.Linfo_string168                @ DW_AT_name
	.byte	4                               @ DW_AT_decl_file
	.short	409                             @ DW_AT_decl_line
	.long	3210                            @ DW_AT_type
	.byte	25                              @ Abbrev [25] 0xf7a:0x10 DW_TAG_formal_parameter
	.long	.Ldebug_loc16                   @ DW_AT_location
	.long	.Linfo_string169                @ DW_AT_name
	.byte	4                               @ DW_AT_decl_file
	.short	409                             @ DW_AT_decl_line
	.long	1057                            @ DW_AT_type
	.byte	40                              @ Abbrev [40] 0xf8a:0x74 DW_TAG_inlined_subroutine
	.long	3760                            @ DW_AT_abstract_origin
	.long	.Ltmp68                         @ DW_AT_low_pc
	.long	.Ltmp96-.Ltmp68                 @ DW_AT_high_pc
	.byte	4                               @ DW_AT_call_file
	.short	416                             @ DW_AT_call_line
	.byte	5                               @ DW_AT_call_column
	.byte	41                              @ Abbrev [41] 0xf9b:0x9 DW_TAG_formal_parameter
	.long	.Ldebug_loc18                   @ DW_AT_location
	.long	3769                            @ DW_AT_abstract_origin
	.byte	34                              @ Abbrev [34] 0xfa4:0x8 DW_TAG_formal_parameter
	.byte	2                               @ DW_AT_location
	.byte	145
	.byte	12
	.long	3781                            @ DW_AT_abstract_origin
	.byte	41                              @ Abbrev [41] 0xfac:0x9 DW_TAG_formal_parameter
	.long	.Ldebug_loc17                   @ DW_AT_location
	.long	3793                            @ DW_AT_abstract_origin
	.byte	42                              @ Abbrev [42] 0xfb5:0x8 DW_TAG_variable
	.byte	2                               @ DW_AT_location
	.byte	145
	.byte	16
	.long	3805                            @ DW_AT_abstract_origin
	.byte	43                              @ Abbrev [43] 0xfbd:0x9 DW_TAG_variable
	.long	.Ldebug_loc19                   @ DW_AT_location
	.long	3817                            @ DW_AT_abstract_origin
	.byte	43                              @ Abbrev [43] 0xfc6:0x9 DW_TAG_variable
	.long	.Ldebug_loc20                   @ DW_AT_location
	.long	3829                            @ DW_AT_abstract_origin
	.byte	43                              @ Abbrev [43] 0xfcf:0x9 DW_TAG_variable
	.long	.Ldebug_loc21                   @ DW_AT_location
	.long	3841                            @ DW_AT_abstract_origin
	.byte	43                              @ Abbrev [43] 0xfd8:0x9 DW_TAG_variable
	.long	.Ldebug_loc22                   @ DW_AT_location
	.long	3853                            @ DW_AT_abstract_origin
	.byte	43                              @ Abbrev [43] 0xfe1:0x9 DW_TAG_variable
	.long	.Ldebug_loc23                   @ DW_AT_location
	.long	3865                            @ DW_AT_abstract_origin
	.byte	35                              @ Abbrev [35] 0xfea:0x13 DW_TAG_lexical_block
	.long	.Ltmp83                         @ DW_AT_low_pc
	.long	.Ltmp91-.Ltmp83                 @ DW_AT_high_pc
	.byte	43                              @ Abbrev [43] 0xff3:0x9 DW_TAG_variable
	.long	.Ldebug_loc24                   @ DW_AT_location
	.long	3878                            @ DW_AT_abstract_origin
	.byte	0                               @ End Of Children Mark
	.byte	0                               @ End Of Children Mark
	.byte	0                               @ End Of Children Mark
	.byte	24                              @ Abbrev [24] 0xfff:0x67 DW_TAG_subprogram
	.long	.Lfunc_begin8                   @ DW_AT_low_pc
	.long	.Lfunc_end8-.Lfunc_begin8       @ DW_AT_high_pc
	.byte	1                               @ DW_AT_frame_base
	.byte	93
                                        @ DW_AT_GNU_all_call_sites
	.long	.Linfo_string187                @ DW_AT_name
	.byte	4                               @ DW_AT_decl_file
	.short	431                             @ DW_AT_decl_line
                                        @ DW_AT_prototyped
	.long	4676                            @ DW_AT_type
                                        @ DW_AT_external
	.byte	25                              @ Abbrev [25] 0x1015:0x10 DW_TAG_formal_parameter
	.long	.Ldebug_loc25                   @ DW_AT_location
	.long	.Linfo_string164                @ DW_AT_name
	.byte	4                               @ DW_AT_decl_file
	.short	431                             @ DW_AT_decl_line
	.long	3594                            @ DW_AT_type
	.byte	25                              @ Abbrev [25] 0x1025:0x10 DW_TAG_formal_parameter
	.long	.Ldebug_loc26                   @ DW_AT_location
	.long	.Linfo_string166                @ DW_AT_name
	.byte	4                               @ DW_AT_decl_file
	.short	431                             @ DW_AT_decl_line
	.long	1057                            @ DW_AT_type
	.byte	25                              @ Abbrev [25] 0x1035:0x10 DW_TAG_formal_parameter
	.long	.Ldebug_loc27                   @ DW_AT_location
	.long	.Linfo_string168                @ DW_AT_name
	.byte	4                               @ DW_AT_decl_file
	.short	431                             @ DW_AT_decl_line
	.long	3210                            @ DW_AT_type
	.byte	25                              @ Abbrev [25] 0x1045:0x10 DW_TAG_formal_parameter
	.long	.Ldebug_loc28                   @ DW_AT_location
	.long	.Linfo_string169                @ DW_AT_name
	.byte	4                               @ DW_AT_decl_file
	.short	431                             @ DW_AT_decl_line
	.long	1057                            @ DW_AT_type
	.byte	26                              @ Abbrev [26] 0x1055:0x10 DW_TAG_variable
	.long	.Ldebug_loc29                   @ DW_AT_location
	.long	.Linfo_string196                @ DW_AT_name
	.byte	4                               @ DW_AT_decl_file
	.short	446                             @ DW_AT_decl_line
	.long	4676                            @ DW_AT_type
	.byte	0                               @ End Of Children Mark
	.byte	22                              @ Abbrev [22] 0x1066:0xb5 DW_TAG_subprogram
	.long	.Lfunc_begin9                   @ DW_AT_low_pc
	.long	.Lfunc_end9-.Lfunc_begin9       @ DW_AT_high_pc
	.byte	1                               @ DW_AT_frame_base
	.byte	93
                                        @ DW_AT_GNU_all_call_sites
	.long	.Linfo_string188                @ DW_AT_name
	.byte	4                               @ DW_AT_decl_file
	.byte	199                             @ DW_AT_decl_line
                                        @ DW_AT_prototyped
	.long	4676                            @ DW_AT_type
	.byte	20                              @ Abbrev [20] 0x107b:0xf DW_TAG_formal_parameter
	.long	.Ldebug_loc30                   @ DW_AT_location
	.long	.Linfo_string166                @ DW_AT_name
	.byte	4                               @ DW_AT_decl_file
	.byte	199                             @ DW_AT_decl_line
	.long	1057                            @ DW_AT_type
	.byte	20                              @ Abbrev [20] 0x108a:0xf DW_TAG_formal_parameter
	.long	.Ldebug_loc31                   @ DW_AT_location
	.long	.Linfo_string168                @ DW_AT_name
	.byte	4                               @ DW_AT_decl_file
	.byte	199                             @ DW_AT_decl_line
	.long	3210                            @ DW_AT_type
	.byte	20                              @ Abbrev [20] 0x1099:0xf DW_TAG_formal_parameter
	.long	.Ldebug_loc32                   @ DW_AT_location
	.long	.Linfo_string169                @ DW_AT_name
	.byte	4                               @ DW_AT_decl_file
	.byte	199                             @ DW_AT_decl_line
	.long	1057                            @ DW_AT_type
	.byte	44                              @ Abbrev [44] 0x10a8:0xe DW_TAG_variable
	.byte	2                               @ DW_AT_location
	.byte	145
	.byte	32
	.long	.Linfo_string170                @ DW_AT_name
	.byte	4                               @ DW_AT_decl_file
	.byte	202                             @ DW_AT_decl_line
	.long	3236                            @ DW_AT_type
	.byte	44                              @ Abbrev [44] 0x10b6:0xf DW_TAG_variable
	.byte	3                               @ DW_AT_location
	.byte	145
	.byte	32
	.byte	159
	.long	.Linfo_string171                @ DW_AT_name
	.byte	4                               @ DW_AT_decl_file
	.byte	204                             @ DW_AT_decl_line
	.long	3210                            @ DW_AT_type
	.byte	23                              @ Abbrev [23] 0x10c5:0xf DW_TAG_variable
	.long	.Ldebug_loc33                   @ DW_AT_location
	.long	.Linfo_string172                @ DW_AT_name
	.byte	4                               @ DW_AT_decl_file
	.byte	203                             @ DW_AT_decl_line
	.long	1057                            @ DW_AT_type
	.byte	23                              @ Abbrev [23] 0x10d4:0xf DW_TAG_variable
	.long	.Ldebug_loc34                   @ DW_AT_location
	.long	.Linfo_string200                @ DW_AT_name
	.byte	4                               @ DW_AT_decl_file
	.byte	205                             @ DW_AT_decl_line
	.long	1057                            @ DW_AT_type
	.byte	23                              @ Abbrev [23] 0x10e3:0xf DW_TAG_variable
	.long	.Ldebug_loc35                   @ DW_AT_location
	.long	.Linfo_string175                @ DW_AT_name
	.byte	4                               @ DW_AT_decl_file
	.byte	201                             @ DW_AT_decl_line
	.long	1057                            @ DW_AT_type
	.byte	23                              @ Abbrev [23] 0x10f2:0xf DW_TAG_variable
	.long	.Ldebug_loc36                   @ DW_AT_location
	.long	.Linfo_string174                @ DW_AT_name
	.byte	4                               @ DW_AT_decl_file
	.byte	201                             @ DW_AT_decl_line
	.long	1057                            @ DW_AT_type
	.byte	35                              @ Abbrev [35] 0x1101:0x19 DW_TAG_lexical_block
	.long	.Ltmp131                        @ DW_AT_low_pc
	.long	.Ltmp141-.Ltmp131               @ DW_AT_high_pc
	.byte	23                              @ Abbrev [23] 0x110a:0xf DW_TAG_variable
	.long	.Ldebug_loc37                   @ DW_AT_location
	.long	.Linfo_string176                @ DW_AT_name
	.byte	4                               @ DW_AT_decl_file
	.byte	239                             @ DW_AT_decl_line
	.long	1057                            @ DW_AT_type
	.byte	0                               @ End Of Children Mark
	.byte	0                               @ End Of Children Mark
	.byte	24                              @ Abbrev [24] 0x111b:0x67 DW_TAG_subprogram
	.long	.Lfunc_begin10                  @ DW_AT_low_pc
	.long	.Lfunc_end10-.Lfunc_begin10     @ DW_AT_high_pc
	.byte	1                               @ DW_AT_frame_base
	.byte	93
                                        @ DW_AT_GNU_all_call_sites
	.long	.Linfo_string189                @ DW_AT_name
	.byte	4                               @ DW_AT_decl_file
	.short	466                             @ DW_AT_decl_line
                                        @ DW_AT_prototyped
	.long	4676                            @ DW_AT_type
                                        @ DW_AT_external
	.byte	25                              @ Abbrev [25] 0x1131:0x10 DW_TAG_formal_parameter
	.long	.Ldebug_loc38                   @ DW_AT_location
	.long	.Linfo_string164                @ DW_AT_name
	.byte	4                               @ DW_AT_decl_file
	.short	466                             @ DW_AT_decl_line
	.long	3594                            @ DW_AT_type
	.byte	25                              @ Abbrev [25] 0x1141:0x10 DW_TAG_formal_parameter
	.long	.Ldebug_loc39                   @ DW_AT_location
	.long	.Linfo_string166                @ DW_AT_name
	.byte	4                               @ DW_AT_decl_file
	.short	466                             @ DW_AT_decl_line
	.long	1057                            @ DW_AT_type
	.byte	25                              @ Abbrev [25] 0x1151:0x10 DW_TAG_formal_parameter
	.long	.Ldebug_loc40                   @ DW_AT_location
	.long	.Linfo_string168                @ DW_AT_name
	.byte	4                               @ DW_AT_decl_file
	.short	466                             @ DW_AT_decl_line
	.long	3210                            @ DW_AT_type
	.byte	25                              @ Abbrev [25] 0x1161:0x10 DW_TAG_formal_parameter
	.long	.Ldebug_loc41                   @ DW_AT_location
	.long	.Linfo_string169                @ DW_AT_name
	.byte	4                               @ DW_AT_decl_file
	.short	466                             @ DW_AT_decl_line
	.long	1057                            @ DW_AT_type
	.byte	26                              @ Abbrev [26] 0x1171:0x10 DW_TAG_variable
	.long	.Ldebug_loc42                   @ DW_AT_location
	.long	.Linfo_string196                @ DW_AT_name
	.byte	4                               @ DW_AT_decl_file
	.short	481                             @ DW_AT_decl_line
	.long	4676                            @ DW_AT_type
	.byte	0                               @ End Of Children Mark
	.byte	24                              @ Abbrev [24] 0x1182:0x43 DW_TAG_subprogram
	.long	.Lfunc_begin11                  @ DW_AT_low_pc
	.long	.Lfunc_end11-.Lfunc_begin11     @ DW_AT_high_pc
	.byte	1                               @ DW_AT_frame_base
	.byte	93
                                        @ DW_AT_GNU_all_call_sites
	.long	.Linfo_string190                @ DW_AT_name
	.byte	4                               @ DW_AT_decl_file
	.short	504                             @ DW_AT_decl_line
                                        @ DW_AT_prototyped
	.long	4676                            @ DW_AT_type
                                        @ DW_AT_external
	.byte	25                              @ Abbrev [25] 0x1198:0x10 DW_TAG_formal_parameter
	.long	.Ldebug_loc43                   @ DW_AT_location
	.long	.Linfo_string201                @ DW_AT_name
	.byte	4                               @ DW_AT_decl_file
	.short	504                             @ DW_AT_decl_line
	.long	4683                            @ DW_AT_type
	.byte	45                              @ Abbrev [45] 0x11a8:0xe DW_TAG_formal_parameter
	.byte	1                               @ DW_AT_location
	.byte	81
	.long	.Linfo_string166                @ DW_AT_name
	.byte	4                               @ DW_AT_decl_file
	.short	504                             @ DW_AT_decl_line
	.long	1057                            @ DW_AT_type
	.byte	45                              @ Abbrev [45] 0x11b6:0xe DW_TAG_formal_parameter
	.byte	1                               @ DW_AT_location
	.byte	82
	.long	.Linfo_string202                @ DW_AT_name
	.byte	4                               @ DW_AT_decl_file
	.short	504                             @ DW_AT_decl_line
	.long	4690                            @ DW_AT_type
	.byte	0                               @ End Of Children Mark
	.byte	24                              @ Abbrev [24] 0x11c5:0x37 DW_TAG_subprogram
	.long	.Lfunc_begin12                  @ DW_AT_low_pc
	.long	.Lfunc_end12-.Lfunc_begin12     @ DW_AT_high_pc
	.byte	1                               @ DW_AT_frame_base
	.byte	93
                                        @ DW_AT_GNU_all_call_sites
	.long	.Linfo_string191                @ DW_AT_name
	.byte	4                               @ DW_AT_decl_file
	.short	534                             @ DW_AT_decl_line
                                        @ DW_AT_prototyped
	.long	4676                            @ DW_AT_type
                                        @ DW_AT_external
	.byte	25                              @ Abbrev [25] 0x11db:0x10 DW_TAG_formal_parameter
	.long	.Ldebug_loc44                   @ DW_AT_location
	.long	.Linfo_string203                @ DW_AT_name
	.byte	4                               @ DW_AT_decl_file
	.short	534                             @ DW_AT_decl_line
	.long	1057                            @ DW_AT_type
	.byte	25                              @ Abbrev [25] 0x11eb:0x10 DW_TAG_formal_parameter
	.long	.Ldebug_loc45                   @ DW_AT_location
	.long	.Linfo_string204                @ DW_AT_name
	.byte	4                               @ DW_AT_decl_file
	.short	534                             @ DW_AT_decl_line
	.long	4683                            @ DW_AT_type
	.byte	0                               @ End Of Children Mark
	.byte	46                              @ Abbrev [46] 0x11fc:0x23 DW_TAG_subprogram
	.long	.Lfunc_begin13                  @ DW_AT_low_pc
	.long	.Lfunc_end13-.Lfunc_begin13     @ DW_AT_high_pc
	.byte	1                               @ DW_AT_frame_base
	.byte	93
                                        @ DW_AT_GNU_all_call_sites
	.long	.Linfo_string192                @ DW_AT_name
	.byte	4                               @ DW_AT_decl_file
	.short	559                             @ DW_AT_decl_line
                                        @ DW_AT_prototyped
                                        @ DW_AT_external
	.byte	26                              @ Abbrev [26] 0x120e:0x10 DW_TAG_variable
	.long	.Ldebug_loc46                   @ DW_AT_location
	.long	.Linfo_string205                @ DW_AT_name
	.byte	4                               @ DW_AT_decl_file
	.short	561                             @ DW_AT_decl_line
	.long	1057                            @ DW_AT_type
	.byte	0                               @ End Of Children Mark
	.byte	22                              @ Abbrev [22] 0x121f:0x25 DW_TAG_subprogram
	.long	.Lfunc_begin14                  @ DW_AT_low_pc
	.long	.Lfunc_end14-.Lfunc_begin14     @ DW_AT_high_pc
	.byte	1                               @ DW_AT_frame_base
	.byte	93
                                        @ DW_AT_GNU_all_call_sites
	.long	.Linfo_string193                @ DW_AT_name
	.byte	4                               @ DW_AT_decl_file
	.byte	52                              @ DW_AT_decl_line
                                        @ DW_AT_prototyped
	.long	4683                            @ DW_AT_type
	.byte	23                              @ Abbrev [23] 0x1234:0xf DW_TAG_variable
	.long	.Ldebug_loc47                   @ DW_AT_location
	.long	.Linfo_string195                @ DW_AT_name
	.byte	4                               @ DW_AT_decl_file
	.byte	54                              @ DW_AT_decl_line
	.long	1057                            @ DW_AT_type
	.byte	0                               @ End Of Children Mark
	.byte	4                               @ Abbrev [4] 0x1244:0x7 DW_TAG_base_type
	.long	.Linfo_string180                @ DW_AT_name
	.byte	5                               @ DW_AT_encoding
	.byte	4                               @ DW_AT_byte_size
	.byte	4                               @ Abbrev [4] 0x124b:0x7 DW_TAG_base_type
	.long	.Linfo_string182                @ DW_AT_name
	.byte	2                               @ DW_AT_encoding
	.byte	1                               @ DW_AT_byte_size
	.byte	5                               @ Abbrev [5] 0x1252:0x5 DW_TAG_pointer_type
	.long	1057                            @ DW_AT_type
	.byte	0                               @ End Of Children Mark
.Ldebug_info_end0:
	.section	.debug_ranges,"",%progbits
.Ldebug_ranges0:
	.long	.Lfunc_begin0
	.long	.Lfunc_end0
	.long	.Lfunc_begin1
	.long	.Lfunc_end1
	.long	.Lfunc_begin2
	.long	.Lfunc_end2
	.long	.Lfunc_begin3
	.long	.Lfunc_end3
	.long	.Lfunc_begin4
	.long	.Lfunc_end4
	.long	.Lfunc_begin5
	.long	.Lfunc_end5
	.long	.Lfunc_begin6
	.long	.Lfunc_end6
	.long	.Lfunc_begin7
	.long	.Lfunc_end7
	.long	.Lfunc_begin8
	.long	.Lfunc_end8
	.long	.Lfunc_begin9
	.long	.Lfunc_end9
	.long	.Lfunc_begin10
	.long	.Lfunc_end10
	.long	.Lfunc_begin11
	.long	.Lfunc_end11
	.long	.Lfunc_begin12
	.long	.Lfunc_end12
	.long	.Lfunc_begin13
	.long	.Lfunc_end13
	.long	.Lfunc_begin14
	.long	.Lfunc_end14
	.long	0
	.long	0
	.section	.debug_str,"MS",%progbits,1
.Linfo_string0:
	.asciz	"Component: Arm Compiler for Embedded 6.21 Tool: armclang [5ec1fd00]" @ string offset=0
.Linfo_string1:
	.asciz	"../07_TCPL04B_MCAL\\tcpl04x_ll_flash.c" @ string offset=68
.Linfo_string2:
	.asciz	"C:\\baidunetdiskdownload\\\346\263\260\347\237\275\345\276\256\\\346\260\233\345\233\264\347\201\257\\TCPL0X_AUTO_SDK_V2.0.0\\TCPL0X_AUTO_SDK_V2.0.0\\examples\\tcpl04x\\demo_apps\\tcpl04b_swsc_lean\\MDK" @ string offset=106
.Linfo_string3:
	.asciz	"unsigned char"                 @ string offset=245
.Linfo_string4:
	.asciz	"FLASH_TYPE_NVM"                @ string offset=259
.Linfo_string5:
	.asciz	"FLASH_TYPE_NVR"                @ string offset=274
.Linfo_string6:
	.asciz	"FLASH_TYPE_MAX"                @ string offset=289
.Linfo_string7:
	.asciz	"REVISION_ID"                   @ string offset=304
.Linfo_string8:
	.asciz	"unsigned int"                  @ string offset=316
.Linfo_string9:
	.asciz	"uint32_t"                      @ string offset=329
.Linfo_string10:
	.asciz	"REVISION_ID_F"                 @ string offset=338
.Linfo_string11:
	.asciz	"RESERVED0"                     @ string offset=352
.Linfo_string12:
	.asciz	"EFLASH_REVISION_ID_FIELD_T"    @ string offset=362
.Linfo_string13:
	.asciz	"RD_TIME_CFG"                   @ string offset=389
.Linfo_string14:
	.asciz	"RD_TIME_CFG_F"                 @ string offset=401
.Linfo_string15:
	.asciz	"RC_CYC"                        @ string offset=415
.Linfo_string16:
	.asciz	"RESERVED2"                     @ string offset=422
.Linfo_string17:
	.asciz	"CFS_CFH_CYC"                   @ string offset=432
.Linfo_string18:
	.asciz	"RESERVED1"                     @ string offset=444
.Linfo_string19:
	.asciz	"CONFEN_CYC"                    @ string offset=454
.Linfo_string20:
	.asciz	"EFLASH_RD_TIME_CFG_FIELD_T"    @ string offset=465
.Linfo_string21:
	.asciz	"RCV_TIME_CFG"                  @ string offset=492
.Linfo_string22:
	.asciz	"RCV_TIME_CFG_F"                @ string offset=505
.Linfo_string23:
	.asciz	"PROG_ESECT_RCV_CYC"            @ string offset=520
.Linfo_string24:
	.asciz	"ECHIP_RCV_CYC"                 @ string offset=539
.Linfo_string25:
	.asciz	"EFLASH_RCV_TIME_CFG_FIELD_T"   @ string offset=553
.Linfo_string26:
	.asciz	"NVS_TIME_CFG"                  @ string offset=581
.Linfo_string27:
	.asciz	"NVS_TIME_CFG_F"                @ string offset=594
.Linfo_string28:
	.asciz	"PROG_ESECT_NVS_CYC"            @ string offset=609
.Linfo_string29:
	.asciz	"ECHIP_NVS_CYC"                 @ string offset=628
.Linfo_string30:
	.asciz	"EFLASH_NVS_TIME_CFG_FIELD_T"   @ string offset=642
.Linfo_string31:
	.asciz	"PROG_TIME_CFG"                 @ string offset=670
.Linfo_string32:
	.asciz	"PROG_TIME_CFG_F"               @ string offset=684
.Linfo_string33:
	.asciz	"PGS_CYC"                       @ string offset=700
.Linfo_string34:
	.asciz	"ADH_ADS_PGH_CYC"               @ string offset=708
.Linfo_string35:
	.asciz	"PROG_CYC"                      @ string offset=724
.Linfo_string36:
	.asciz	"EFLASH_PROG_TIME_CFG_FIELD_T"  @ string offset=733
.Linfo_string37:
	.asciz	"ERASE_TIME_CFG"                @ string offset=762
.Linfo_string38:
	.asciz	"ERASE_TIME_CFG_F"              @ string offset=777
.Linfo_string39:
	.asciz	"ERASE_SECT_CYC"                @ string offset=794
.Linfo_string40:
	.asciz	"ERASE_CHIP_CYC"                @ string offset=809
.Linfo_string41:
	.asciz	"EFLASH_ERASE_TIME_CFG_FIELD_T" @ string offset=824
.Linfo_string42:
	.asciz	"LATENCY_TIME_CFG"              @ string offset=854
.Linfo_string43:
	.asciz	"LATENCY_TIME_CFG_F"            @ string offset=871
.Linfo_string44:
	.asciz	"LATENCY_ES_PROG_CYC"           @ string offset=890
.Linfo_string45:
	.asciz	"LATENCY_ECHIP_CYC"             @ string offset=910
.Linfo_string46:
	.asciz	"EFLASH_LATENCY_TIME_CFG_FIELD_T" @ string offset=928
.Linfo_string47:
	.asciz	"ERASE_CFG"                     @ string offset=960
.Linfo_string48:
	.asciz	"ERASE_CFG_F"                   @ string offset=970
.Linfo_string49:
	.asciz	"SECTOR_INDEX"                  @ string offset=982
.Linfo_string50:
	.asciz	"NVR_SECTOR_SEL"                @ string offset=995
.Linfo_string51:
	.asciz	"EFLASH_ERASE_CFG_FIELD_T"      @ string offset=1010
.Linfo_string52:
	.asciz	"ERASE_TRIG"                    @ string offset=1035
.Linfo_string53:
	.asciz	"ERASE_TRIG_F"                  @ string offset=1046
.Linfo_string54:
	.asciz	"SECTOR_ERASE_TRIG"             @ string offset=1059
.Linfo_string55:
	.asciz	"CHIP_ERASE_TRIG"               @ string offset=1077
.Linfo_string56:
	.asciz	"EFLASH_ERASE_TRIG_FIELD_T"     @ string offset=1093
.Linfo_string57:
	.asciz	"MISC_CTRL"                     @ string offset=1119
.Linfo_string58:
	.asciz	"MISC_CTRL_F"                   @ string offset=1129
.Linfo_string59:
	.asciz	"DEEP_STANDBY"                  @ string offset=1141
.Linfo_string60:
	.asciz	"WR_BUF_CLR"                    @ string offset=1154
.Linfo_string61:
	.asciz	"EFLASH_MISC_CTRL_FIELD_T"      @ string offset=1165
.Linfo_string62:
	.asciz	"OP_CTRL"                       @ string offset=1190
.Linfo_string63:
	.asciz	"OP_CTRL_F"                     @ string offset=1198
.Linfo_string64:
	.asciz	"PROG_ADDR_CHK_EN0"             @ string offset=1208
.Linfo_string65:
	.asciz	"PROG_ADDR_CHK_EN1"             @ string offset=1226
.Linfo_string66:
	.asciz	"PROG_RD_CHK_EN"                @ string offset=1244
.Linfo_string67:
	.asciz	"RDONLY_EN"                     @ string offset=1259
.Linfo_string68:
	.asciz	"CFG_WR_EN"                     @ string offset=1269
.Linfo_string69:
	.asciz	"EFLASH_OP_CTRL_FIELD_T"        @ string offset=1279
.Linfo_string70:
	.asciz	"PROG_ADDR_PROT0"               @ string offset=1302
.Linfo_string71:
	.asciz	"PROG_ADDR_PROT0_F"             @ string offset=1318
.Linfo_string72:
	.asciz	"PROG_ADDR_PROT_START0"         @ string offset=1336
.Linfo_string73:
	.asciz	"PROG_ADDR_PROT_END0"           @ string offset=1358
.Linfo_string74:
	.asciz	"EFLASH_PROG_ADDR_PROT0_FIELD_T" @ string offset=1378
.Linfo_string75:
	.asciz	"PROG_ADDR_PROT1"               @ string offset=1409
.Linfo_string76:
	.asciz	"PROG_ADDR_PROT1_F"             @ string offset=1425
.Linfo_string77:
	.asciz	"PROG_ADDR_PROT_START1"         @ string offset=1443
.Linfo_string78:
	.asciz	"PROG_ADDR_PROT_END1"           @ string offset=1465
.Linfo_string79:
	.asciz	"EFLASH_PROG_ADDR_PROT1_FIELD_T" @ string offset=1485
.Linfo_string80:
	.asciz	"ICR"                           @ string offset=1516
.Linfo_string81:
	.asciz	"ICR_F"                         @ string offset=1520
.Linfo_string82:
	.asciz	"NVM_PROG_ADDR_CHK_ERR_INT_CLR" @ string offset=1526
.Linfo_string83:
	.asciz	"NVR_ACCESS_ERR_INT_CLR"        @ string offset=1556
.Linfo_string84:
	.asciz	"PROG_RD_CHK_ERR_INT_CLR"       @ string offset=1579
.Linfo_string85:
	.asciz	"PROG_DONE_INT_CLR"             @ string offset=1603
.Linfo_string86:
	.asciz	"ERASE_DONE_INT_CLR"            @ string offset=1621
.Linfo_string87:
	.asciz	"ECC_1BIT_ERR_INT_CLR"          @ string offset=1640
.Linfo_string88:
	.asciz	"ECC_2BIT_ERR_INT_CLR"          @ string offset=1661
.Linfo_string89:
	.asciz	"NVM_NVR_WR_ERR_INT_CLR"        @ string offset=1682
.Linfo_string90:
	.asciz	"NVM_NVR_WR_SIZE_ERR_INT_CLR"   @ string offset=1705
.Linfo_string91:
	.asciz	"EFLASH_ICR_FIELD_T"            @ string offset=1733
.Linfo_string92:
	.asciz	"IMR"                           @ string offset=1752
.Linfo_string93:
	.asciz	"IMR_F"                         @ string offset=1756
.Linfo_string94:
	.asciz	"NVM_PROG_ADDR_CHK_ERR_INT_MSK" @ string offset=1762
.Linfo_string95:
	.asciz	"NVR_ACCESS_ERR_INT_MSK"        @ string offset=1792
.Linfo_string96:
	.asciz	"PROG_RD_CHK_ERR_INT_MSK"       @ string offset=1815
.Linfo_string97:
	.asciz	"PROG_DONE_INT_MSK"             @ string offset=1839
.Linfo_string98:
	.asciz	"ERASE_DONE_INT_MSK"            @ string offset=1857
.Linfo_string99:
	.asciz	"ECC_1BIT_ERR_INT_MSK"          @ string offset=1876
.Linfo_string100:
	.asciz	"ECC_2BIT_ERR_INT_MSK"          @ string offset=1897
.Linfo_string101:
	.asciz	"NVM_NVR_WR_ERR_INT_MSK"        @ string offset=1918
.Linfo_string102:
	.asciz	"NVM_NVR_WR_SIZE_ERR_INT_MSK"   @ string offset=1941
.Linfo_string103:
	.asciz	"EFLASH_IMR_FIELD_T"            @ string offset=1969
.Linfo_string104:
	.asciz	"ISR"                           @ string offset=1988
.Linfo_string105:
	.asciz	"ISR_F"                         @ string offset=1992
.Linfo_string106:
	.asciz	"NVM_PROG_ADDR_CHK_ERR_INT_STATUS" @ string offset=1998
.Linfo_string107:
	.asciz	"NVR_ACCESS_ERR_INT_STATUS"     @ string offset=2031
.Linfo_string108:
	.asciz	"PROG_RD_CHK_ERR_INT_STATUS"    @ string offset=2057
.Linfo_string109:
	.asciz	"PROG_DONE_INT_STATUS"          @ string offset=2084
.Linfo_string110:
	.asciz	"ERASE_DONE_INT_STATUS"         @ string offset=2105
.Linfo_string111:
	.asciz	"ECC_1BIT_ERR_INT_STATUS"       @ string offset=2127
.Linfo_string112:
	.asciz	"ECC_2BIT_ERR_INT_STATUS"       @ string offset=2151
.Linfo_string113:
	.asciz	"NVM_NVR_WR_ERR_INT_STATUS"     @ string offset=2175
.Linfo_string114:
	.asciz	"NVM_NVR_WR_SIZE_ERR_INT_STATUS" @ string offset=2201
.Linfo_string115:
	.asciz	"EFLASH_ISR_FIELD_T"            @ string offset=2232
.Linfo_string116:
	.asciz	"IRSR"                          @ string offset=2251
.Linfo_string117:
	.asciz	"IRSR_F"                        @ string offset=2256
.Linfo_string118:
	.asciz	"NVM_PROG_ADDR_CHK_ERR_INT_RAW_STATUS" @ string offset=2263
.Linfo_string119:
	.asciz	"NVR_ACCESS_ERR_INT_RAW_STATUS" @ string offset=2300
.Linfo_string120:
	.asciz	"PROG_RD_CHK_ERR_INT_RAW_STATUS" @ string offset=2330
.Linfo_string121:
	.asciz	"PROG_DONE_INT_RAW_STATUS"      @ string offset=2361
.Linfo_string122:
	.asciz	"ERASE_DONE_INT_RAW_STATUS"     @ string offset=2386
.Linfo_string123:
	.asciz	"ECC_1BIT_ERR_INT_RAW_STATUS"   @ string offset=2412
.Linfo_string124:
	.asciz	"ECC_2BIT_ERR_INT_RAW_STATUS"   @ string offset=2440
.Linfo_string125:
	.asciz	"NVM_NVR_WR_ERR_INT_RAW_STATUS" @ string offset=2468
.Linfo_string126:
	.asciz	"NVM_NVR_WR_SIZE_ERR_INT_RAW_STATUS" @ string offset=2498
.Linfo_string127:
	.asciz	"EFLASH_IRSR_FIELD_T"           @ string offset=2533
.Linfo_string128:
	.asciz	"ERR_ADDR"                      @ string offset=2553
.Linfo_string129:
	.asciz	"ERR_ADDR_F"                    @ string offset=2562
.Linfo_string130:
	.asciz	"EFLASH_ERR_ADDR_FIELD_T"       @ string offset=2573
.Linfo_string131:
	.asciz	"WR_BUF_STATUS"                 @ string offset=2597
.Linfo_string132:
	.asciz	"WR_BUF_STATUS_F"               @ string offset=2611
.Linfo_string133:
	.asciz	"BUF_WADDR"                     @ string offset=2627
.Linfo_string134:
	.asciz	"WR_CNT_VAL"                    @ string offset=2637
.Linfo_string135:
	.asciz	"EFLASH_WR_BUF_STATUS_FIELD_T"  @ string offset=2648
.Linfo_string136:
	.asciz	"STATUS"                        @ string offset=2677
.Linfo_string137:
	.asciz	"STATUS_F"                      @ string offset=2684
.Linfo_string138:
	.asciz	"TRIM_TAG_RD_ERR_STATUS"        @ string offset=2693
.Linfo_string139:
	.asciz	"ERASE_BUSY_STATUS"             @ string offset=2716
.Linfo_string140:
	.asciz	"PROG_BUSY_STATUS"              @ string offset=2734
.Linfo_string141:
	.asciz	"SWD_PAT_ECC_2BIT_ERR_STATUS"   @ string offset=2751
.Linfo_string142:
	.asciz	"TM_PAT_ECC_2BIT_ERR_STATUS"    @ string offset=2779
.Linfo_string143:
	.asciz	"EFLASH_STATUS_FIELD_T"         @ string offset=2806
.Linfo_string144:
	.asciz	"CELL_INIT_CTRL"                @ string offset=2828
.Linfo_string145:
	.asciz	"CELL_INIT_CTRL_F"              @ string offset=2843
.Linfo_string146:
	.asciz	"TERS"                          @ string offset=2860
.Linfo_string147:
	.asciz	"RCELL"                         @ string offset=2865
.Linfo_string148:
	.asciz	"EFLASH_CELL_INIT_CTRL_FIELD_T" @ string offset=2871
.Linfo_string149:
	.asciz	"__ARRAY_SIZE_TYPE__"           @ string offset=2901
.Linfo_string150:
	.asciz	"WR_LOCK"                       @ string offset=2921
.Linfo_string151:
	.asciz	"WR_LOCK_F"                     @ string offset=2929
.Linfo_string152:
	.asciz	"EFLASH_WR_LOCK_FIELD_T"        @ string offset=2939
.Linfo_string153:
	.asciz	"NVR_PROT"                      @ string offset=2962
.Linfo_string154:
	.asciz	"NVR_PROT_F"                    @ string offset=2971
.Linfo_string155:
	.asciz	"EFLASH_NVR_PROT_FIELD_T"       @ string offset=2982
.Linfo_string156:
	.asciz	"EFLASH_REG_TypeDef"            @ string offset=3006
.Linfo_string157:
	.asciz	"uint8_t"                       @ string offset=3025
.Linfo_string158:
	.asciz	"unsigned long long"            @ string offset=3033
.Linfo_string159:
	.asciz	"uint64_t"                      @ string offset=3052
.Linfo_string160:
	.asciz	"flash_size_t"                  @ string offset=3061
.Linfo_string161:
	.asciz	"ll_flash_sector_get"           @ string offset=3074
.Linfo_string162:
	.asciz	"unsigned short"                @ string offset=3094
.Linfo_string163:
	.asciz	"uint16_t"                      @ string offset=3109
.Linfo_string164:
	.asciz	"type"                          @ string offset=3118
.Linfo_string165:
	.asciz	"flash_type_e"                  @ string offset=3123
.Linfo_string166:
	.asciz	"addr"                          @ string offset=3136
.Linfo_string167:
	.asciz	"ll_flash_read_reg"             @ string offset=3141
.Linfo_string168:
	.asciz	"buffer"                        @ string offset=3159
.Linfo_string169:
	.asciz	"length"                        @ string offset=3166
.Linfo_string170:
	.asciz	"temp_data"                     @ string offset=3173
.Linfo_string171:
	.asciz	"ptr"                           @ string offset=3183
.Linfo_string172:
	.asciz	"offset"                        @ string offset=3187
.Linfo_string173:
	.asciz	"read_len"                      @ string offset=3194
.Linfo_string174:
	.asciz	"remain_length"                 @ string offset=3203
.Linfo_string175:
	.asciz	"reseverd_length"               @ string offset=3217
.Linfo_string176:
	.asciz	"i"                             @ string offset=3233
.Linfo_string177:
	.asciz	"ll_flash_init"                 @ string offset=3235
.Linfo_string178:
	.asciz	"ll_flash_configrctc"           @ string offset=3249
.Linfo_string179:
	.asciz	"ll_flash_erase_chip"           @ string offset=3269
.Linfo_string180:
	.asciz	"int"                           @ string offset=3289
.Linfo_string181:
	.asciz	"ll_flash_erase_ready_wait"     @ string offset=3293
.Linfo_string182:
	.asciz	"_Bool"                         @ string offset=3319
.Linfo_string183:
	.asciz	"ll_flash_erase"                @ string offset=3325
.Linfo_string184:
	.asciz	"ll_flash_addr_valid_check"     @ string offset=3340
.Linfo_string185:
	.asciz	"ll_flash_erase_reg"            @ string offset=3366
.Linfo_string186:
	.asciz	"ll_flash_read"                 @ string offset=3385
.Linfo_string187:
	.asciz	"ll_flash_write"                @ string offset=3399
.Linfo_string188:
	.asciz	"ll_flash_write_reg"            @ string offset=3414
.Linfo_string189:
	.asciz	"ll_flash_smart_write"          @ string offset=3433
.Linfo_string190:
	.asciz	"ll_flash_reg_wr"               @ string offset=3454
.Linfo_string191:
	.asciz	"ll_flash_isr_enable"           @ string offset=3470
.Linfo_string192:
	.asciz	"FLASH_IRQHandler"              @ string offset=3490
.Linfo_string193:
	.asciz	"ll_flash_program_ready_wait"   @ string offset=3507
.Linfo_string194:
	.asciz	"rc_time"                       @ string offset=3535
.Linfo_string195:
	.asciz	"timeout"                       @ string offset=3543
.Linfo_string196:
	.asciz	"res"                           @ string offset=3551
.Linfo_string197:
	.asciz	"sector_start"                  @ string offset=3555
.Linfo_string198:
	.asciz	"index"                         @ string offset=3568
.Linfo_string199:
	.asciz	"sector_end"                    @ string offset=3574
.Linfo_string200:
	.asciz	"write_len"                     @ string offset=3585
.Linfo_string201:
	.asciz	"is_write"                      @ string offset=3595
.Linfo_string202:
	.asciz	"reg_value"                     @ string offset=3604
.Linfo_string203:
	.asciz	"isr_flag"                      @ string offset=3614
.Linfo_string204:
	.asciz	"enable"                        @ string offset=3623
.Linfo_string205:
	.asciz	"isr"                           @ string offset=3630
	.ident	"Component: Arm Compiler for Embedded 6.21 Tool: armclang [5ec1fd00]"
	.section	".note.GNU-stack","",%progbits
	.eabi_attribute	30, 4	@ Tag_ABI_optimization_goals
	.ARM_attribute	16, 1	@ Tag_AV_eba
	.section	.debug_line,"",%progbits
.Lline_table_start0:
