GridI,GridJ,GridK,Target_x,Target_y,Target_Y_lm,Target_u1976,Target_v1976,Best_Ra,Best_Rmin_8,Best_Worst_R,Best_RayT,Best_SingleWhiteRatio,Best_RGBWhiteRatio,Best_RGBPoint_x,Best_RGBPoint_y,Best_RGBPoint_Y_lm,Best_RGBPoint_u1976,Best_RGBPoint_v1976,Best_R_weight,Best_G_weight,Best_B_weight,Mix_x,Mix_y,Mix_Y_lm,Mix_CCT_K,BoundaryEdge,Valid
0,0,43,0.1521,0.0284,4,0.200355660936574,0.0841730883224659,-59.6594534616168,-148.687631804541,R3,1,0,0.999999999999999,0.1521,0.0284,4,0.200355660936574,0.0841730883224659,0,0,4.58032749341578,0.152151954713431,0.0282191886852982,4,24999.9994413748,,1
0,1,42,0.151748837209302,0.0441790697674419,4,0.18811929713289,0.123227336283569,-39.5340750332502,-106.94587817238,R4,1,1.75458134332322e-15,0.999999999999998,0.151748837209302,0.0441790697674418,3.99999999999999,0.18811929713289,0.123227336283568,0,0.316286770937795,2.87593548146883,0.15178888409875,0.0439060010370213,4,24999.9994413748,,1
0,2,41,0.151397674418605,0.0599581395348837,4,0.177244208001459,0.157936865548312,-22.8202928108506,-91.130324305146,R4,1,0,1,0.151397674418605,0.0599581395348837,4,0.177244208001459,0.157936865548312,0,0.466100363626197,2.06862669045587,0.151425677791859,0.0595986761001308,4,24999.9994413748,,1
0,3,40,0.151046511627907,0.0757372093023256,4,0.16751520403584,0.188988486714845,-10.0010654069922,-75.2257951198159,R4,1,0,1,0.151046511627907,0.0757372093023256,4,0.16751520403584,0.188988486714845,0,0.553489709292104,1.59770689118443,0.151062335716675,0.0752972171618923,4,24999.9994413748,,1
0,4,39,0.150695348837209,0.0915162790697674,4,0.158760181450008,0.21693149563954,-0.673937022607126,-62.1173462483415,R4,1,0,1,0.150695348837209,0.0915162790697674,4,0.158760181450008,0.21693149563954,0,0.610744032070066,1.28917735609558,0.150698857797058,0.0910016275120288,4,24999.9994413748,,1
0,5,38,0.150344186046512,0.107295348837209,4,0.150839852818681,0.242210449686995,6.04960035604807,-51.6376303393221,R4,1,-7.22452300303687e-16,1,0.150344186046512,0.107295348837209,4,0.150839852818681,0.242210449686995,0,0.651158483159429,1.0713937687527,0.150335243956809,0.106711910442724,4,24999.9994413748,,1
0,6,37,0.149993023255814,0.123074418604651,4,0.143640281280796,0.265188995974544,10.9645204391086,-43.2281364173156,R4,1,6.29828460358853e-16,0.999999999999999,0.149993023255814,0.123074418604651,4,0.143640281280796,0.265188995974544,0,0.681210058671854,0.909453182056858,0.149971494119676,0.122428069248625,4,24999.9994413748,,1
0,7,36,0.149641860465116,0.138853488372093,4,0.137067364223514,0.286167477548099,14.6508723243322,-36.3913865843246,R4,1,0,1,0.149641860465116,0.138853488372093,4,0.137067364223514,0.286167477548099,0,0.704431616268397,0.784317890577033,0.149607608209345,0.138150107226842,4,24999.9994413748,,1
0,8,35,0.149290697674419,0.154632558139535,4,0.131042697321887,0.305396133939334,17.493160751865,-30.7467944025195,R4,1,-1.00258021353279e-15,1,0.149290697674419,0.154632558139535,4,0.131042697321887,0.305396133939334,0,0.722914009204754,0.68472079775842,0.149243586149448,0.153878027676953,4,24999.9994413748,,1
0,9,34,0.148939534883721,0.170411627906977,4,0.125500432091145,0.323085130773708,19.7394253061679,-26.0134470290131,R4,1,0,1,0.148939534883721,0.170411627906977,4,0.125500432091145,0.323085130773708,0,0.737973690073936,0.60356786271849,0.14887942786356,0.169611833901008,4,24999.9994413748,,1
0,10,33,0.148588372093023,0.186190697674419,4,0.120384859238854,0.339412272875865,21.5514765327022,-21.9849348294876,R4,1,0,1,0.148588372093023,0.186190697674419,4,0.120384859238854,0.339412272875865,0,0.75048085077881,0.536169834232129,0.148515133275198,0.185351529203526,4,24999.9994413748,,1
0,11,32,0.148237209302326,0.20196976744186,4,0.115648529491808,0.354529001941325,23.0374817803407,-18.5086973142924,R4,1,0,1,0.148237209302326,0.20196976744186,4,0.115648529491808,0.354529001941325,0,0.761033745121402,0.479302868955319,0.148150702307822,0.201097116891501,4,24999.9994413748,,1
0,12,31,0.147886046511628,0.217748837209302,4,0.111250777422343,0.368565107973139,24.2714876452681,-17.0130257417088,R1,1,0,1,0.147886046511628,0.217748837209302,4,0.111250777422343,0.368565107973139,0,0.770057218152595,0.430677580870136,0.147786134884833,0.216848600274404,4,24999.9994413748,,1
0,13,30,0.14753488372093,0.233527906976744,4,0.107156550923854,0.381632465191857,25.3049742163667,-17.142013367871,R1,1,0,1,0.14753488372093,0.233527906976744,4,0.107156550923854,0.381632465191857,0,0.777861290793083,0.388623343098304,0.147421430929577,0.232605982664184,4,24999.9994413748,,1
0,14,29,0.147183720930233,0.249306976744186,4,0.103335474964549,0.39382802021025,26.1737513500493,-17.257855800318,R1,1,0,1,0.147183720930233,0.249306976744186,4,0.103335474964549,0.39382802021025,0,0.784677496922393,0.351892476220335,0.147056590365342,0.248369267375272,4,24999.9994413748,,1
0,15,28,0.146832558139535,0.265086046511628,4,0.0997610966800023,0.405236201437212,26.9021421560133,-17.36236448875,R1,1,0,1,0.146832558139535,0.265086046511628,4,0.0997610966800023,0.405236201437212,0,0.790682242822249,0.31953436995133,0.146691613115358,0.264138457724582,4,24999.9994413748,,1
0,16,27,0.146481395348837,0.28086511627907,4,0.0964102721091039,0.415930876404838,27.5056546325664,-17.4570498123917,R1,1,0,1,0.146481395348837,0.28086511627907,4,0.0964102721091039,0.415930876404838,0,0.796012292585078,0.290812036063924,0.146326499102797,0.279913557031513,4,24999.9994413748,,1
0,17,26,0.14613023255814,0.296644186046512,4,0.0932626645076163,0.425976952978317,27.9930191557603,-17.5431753437462,R1,1,-2.6130891898611e-16,1,0.14613023255814,0.296644186046512,4,0.0932626645076163,0.425976952978317,0,0.800775311332113,0.265145293565874,0.145961248250774,0.295694568617955,4,24999.9994413748,,1
0,18,25,0.145779069767442,0.312423255813953,4,0.0903003312524714,0.435431697814771,28.368303652299,-17.6218027456426,R1,1,0,1,0.145779069767442,0.312423255813953,4,0.0903003312524714,0.435431697814771,0,0.805057213493141,0.24207117061866,0.145595860482348,0.311481495808286,4,24999.9994413748,,1
0,19,24,0.145427906976744,0.328202325581395,4,0.0875073816074132,0.444345828657149,28.633421823874,-17.6938282701244,R1,1,0,1,0.145427906976744,0.328202325581395,4,0.0875073816074132,0.444345828657149,0,0.808927391375151,0.221215729060505,0.145230335720517,0.327274341929376,4,24999.9994413748,,1
0,20,23,0.145076744186047,0.343981395348837,4,0.0848696915628918,0.452764424466818,28.7904716180615,-17.7600122064963,R1,1,0,1,0.145076744186047,0.343981395348837,4,0.0848696915628918,0.452764424466818,0,0.812442504665654,0.202273643700253,0.144864673888223,0.343073110310592,4,24999.9994413748,,1
0,21,22,0.144725581395349,0.359760465116279,4,0.082374664945895,0.460727687878487,28.1456009659454,-18.6277776622228,R1,1,0,1,0.144725581395349,0.359760465116279,4,0.082374664945895,0.460727687878487,0,0.815649272691853,0.18499315551602,0.144498874908351,0.358877804283799,4,22611.7751551022,,1
0,22,21,0.144374418604651,0.375539534883721,4,0.0800110322713268,0.468271587197152,26.8541891983075,-20.1579143100323,R1,1,0,1,0.144374418604651,0.375539534883721,4,0.0800110322713268,0.468271587197152,0,0.818586562744559,0.169164818188601,0.144132938703727,0.374688427183359,4,19342.4719404829,,1
0,23,20,0.144023255813953,0.391318604651163,4,0.0777686805569508,0.475428399570031,25.6157225031231,-21.5526014119277,R1,1,0,1,0.144023255813953,0.391318604651163,4,0.0777686805569508,0.475428399570031,0,0.821286973159456,0.154612967263942,0.143766865197119,0.390504982346138,4,17159.1626209126,,1
0,24,19,0.143672093023256,0.407097674418605,4,0.0756385086802654,0.482227172637467,24.4134852946657,-22.8288782811963,R1,1,0,1,0.143672093023256,0.407097674418605,4,0.0756385086802654,0.482227172637467,0,0.823778048237824,0.141189173242645,0.143400654311238,0.406327473111508,4,15592.7922686966,,1
0,25,18,0.143320930232558,0.422876744186046,4,0.0736123039141325,0.488694118588576,23.231720222684,-24.0011292406878,R1,1,0,1,0.143320930232558,0.422876744186046,4,0.0736123039141325,0.488694118588576,0,0.826083221168589,0.128767160403776,0.143034305968736,0.422155902821345,4,14411.5536549179,,1
0,26,17,0.14296976744186,0.438655813953488,4,0.0716826361094998,0.49485295189345,22.0552971076344,-25.0815126020118,R1,1,-1.76712057867647e-16,1,0.14296976744186,0.438655813953488,4,0.0716826361094998,0.49485295189345,0,0.828222553440946,0.117238822291204,0.142667820092208,0.437990274820035,4,13487.4395071514,,1
0,27,16,0.142618604651163,0.45443488372093,4,0.0698427666509502,0.500725179885611,20.8692862767896,-26.0803783600758,R1,1,0,1,0.142618604651163,0.45443488372093,4,0.0698427666509502,0.500725179885611,0,0.830213320211883,0.106511067311208,0.142301196604189,0.453830592454477,4,12743.8273150612,,1
0,28,15,0.142267441860465,0.470213953488372,4,0.0680865698336707,0.506330353699574,19.6585342051191,-27.0065670303441,R1,1,0,1,0.142267441860465,0.470213953488372,4,0.0680865698336707,0.506330353699574,0,0.832070477813903,0.0965032994478081,0.141934435427158,0.469676859074082,4,12131.9805984571,,1
0,29,14,0.141916279069767,0.485993023255814,4,0.0664084647286649,0.511686285733563,18.4071545188827,-27.8676887415109,R1,1,0,1,0.141916279069767,0.485993023255814,4,0.0664084647286649,0.511686285733563,0,0.83380704018937,0.0871453897501694,0.141567536483534,0.485529078030779,4,11619.3680435284,,1
0,30,13,0.14156511627907,0.501772093023256,4,0.0648033559394028,0.516809238733826,17.0979742775019,-28.6703213389544,R1,1,0,1,0.14156511627907,0.501772093023256,4,0.0648033559394028,0.516809238733826,0,0.835434384299178,0.0783760305600201,0.141200499695679,0.501387252679015,4,11183.4241675415,,1
0,31,12,0.141213953488372,0.517551162790698,4,0.0632665819250245,0.521714090729125,15.7118678135649,-29.4201833366164,R1,1,0,1,0.141213953488372,0.517551162790698,4,0.0632665819250245,0.521714090729125,0,0.836962499663732,0.0701413907963755,0.140833324985896,0.517251386375756,4,10807.9876269919,,1
0,32,11,0.140862790697674,0.533330232558139,4,0.0617938697861327,0.526414479338877,14.2269532939768,-30.1222702967268,R1,1,0,1,0.140862790697674,0.533330232558139,4,0.0617938697861327,0.526414479338877,0,0.838400193606518,0.0623940099481577,0.14046601227643,0.533121482480495,4,10481.1703349807,,1
0,33,10,0.140511627906977,0.549109302325581,4,0.0603812955895271,0.530922928402894,12.6175889155926,-30.7809675337349,R1,1,-1.41166378444209e-16,1,0.140511627906977,0.549109302325581,4,0.0603812955895271,0.530922928402894,0,0.839755261110701,0.0550918827585511,0.140098561489466,0.548997544355249,4,10194.0259378357,,1
0,34,9,0.140160465116279,0.564888372093023,4,0.0590252494560861,0.535250959408817,10.8530890235849,-31.4001401412393,R1,1,0,1,0.140160465116279,0.564888372093023,4,0.0590252494560861,0.535250959408817,0,0.84103462620802,0.0481976973148461,0.139730972547134,0.564879575364562,4,9939.68928034439,,1
0,35,8,0.139809302325581,0.580667441860465,4,0.0577224047577441,0.539409189804724,8.89603678006271,-31.9832092723294,R1,1,0,1,0.139809302325581,0.580667441860465,4,0.0577224047577441,0.539409189804724,0,0.842244460315058,0.0416781973632614,0.139363245371501,0.58076757887551,4,9712.80146685209,,1
0,36,7,0.139458139534884,0.596446511627907,4,0.0564696908701824,0.543407419963133,6.70002265561137,-32.5332091741091,R1,1,0,1,0.139458139534884,0.596446511627907,4,0.0564696908701824,0.543407419963133,0,0.843390281785892,0.035503645844032,0.138995379884578,0.596661558257702,4,9509.11849517938,,1
0,37,6,0.139106976744186,0.612225581395349,4,0.055264269011413,0.547254710295899,4.20653187143944,-33.0528468163364,R1,1,0,1,0.139106976744186,0.612225581395349,4,0.055264269011413,0.547254710295899,0,0.844477040069956,0.0296473713853021,0.138627376008318,0.612561516883281,4,9325.23234913374,,1
0,38,5,0.138755813953488,0.628004651162791,4,0.0541035107660682,0.550959449797265,1.34058607277972,-33.5445487715966,R1,1,0,1,0.138755813953488,0.628004651162791,4,0.0541035107660682,0.550959449797265,0,0.845509187182741,0.0240853831650277,0.138259233664614,0.628467458126929,4,9158.37294514455,,1
0,39,4,0.138404651162791,0.643783720930233,4,0.0529849789534412,0.554529417106472,-1.99550099149359,-34.0104856466612,R1,1,0,1,0.138404651162791,0.643783720930233,4,0.0529849789534412,0.554529417106472,0,0.846490738666052,0.0187960424110377,0.137890952775299,0.644379385365866,4,9006.26916431986,,1
0,40,3,0.138053488372093,0.659562790697674,4,0.0519064105461921,0.557971835025351,-5.9313253218218,-36.1573531664272,R4,1,0,1,0.138053488372093,0.659562790697674,4,0.0519064105461921,0.557971835025351,0,0.847425325797965,0.0137597810543638,0.137522533262149,0.660297301979858,4,8867.03625682827,,1
0,41,2,0.137702325581395,0.675341860465116,4,0.0508657013877853,0.561293419294983,-10.6422935929796,-42.9541899835136,R4,1,0,1,0.137702325581395,0.675341860465116,4,0.0508657013877853,0.561293419294983,0,0.848316240483606,0.00895885982382791,0.137153975046882,0.676221211351212,4,8739.10024789698,,1
0,42,1,0.137351162790698,0.691120930232558,4,0.049860892491487,0.564500422324571,-16.3713587609669,-51.3701393012404,R4,1,0,1,0.137351162790698,0.691120930232558,4,0.049860892491487,0.564500422324571,0,0.849166473996484,0.00437715947846803,0.136785278051154,0.692151116864785,4,8621.13311569604,,1
0,43,0,0.137,0.7069,4,0.0488901577332096,0.567598672471629,-23.4643108891191,-61.8789344397644,R4,1,0,1,0.137,0.7069,4,0.0488901577332096,0.567598672471629,0,0.849978750531237,0,0.136416442196564,0.708087021907982,4,8512.00848886149,,1
1,0,42,0.1649,0.0346395348837209,4,0.213748166815633,0.101026733970093,-62.3680083758853,-229.273906348643,R3,1,0,0.999999999999999,0.1649,0.0346395348837209,4,0.213748166815633,0.101026733970093,0.274750842101607,0,3.66795208737586,0.164888711265207,0.0344233551609825,4,24999.9994413748,,1
1,1,41,0.164548837209302,0.0504186046511628,4,0.200918895281149,0.138515796707197,-12.1223780776331,-128.799020337683,R3,1,0,1,0.164548837209302,0.0504186046511628,4,0.200918895281149,0.138515796707197,0.188764473851635,0.277144824146924,2.460024600246,0.164527974633112,0.0501133125480814,4,24999.9994413748,,1
1,2,40,0.164197674418605,0.0661976744186046,4,0.189496567966344,0.171893556633588,11.5047025287151,-70.4599811388306,R3,1,0,1,0.164197674418605,0.0661976744186046,4,0.189496567966344,0.171893556633588,0.143770026105865,0.422167559283703,1.82794731513098,0.164167103164028,0.0658091345644079,4,24999.9994413748,,1
1,3,39,0.163846511627907,0.0819767441860465,4,0.179261773483995,0.20180116685283,24.249929953855,-32.1923394740113,R3,1,0,1,0.163846511627907,0.0819767441860465,4,0.179261773483995,0.20180116685283,0.116096845194424,0.511361684043005,1.43919737069711,0.163806096782343,0.081510824498719,4,24999.9994413748,,1
1,4,38,0.163495348837209,0.0977558139534884,4,0.170038468654879,0.228753052036081,32.1150792950133,-8.23363905672818,R4,1,0,1,0.163495348837209,0.0977558139534884,4,0.170038468654879,0.228753052036081,0.0973572925681799,0.571761606994677,1.17594609989159,0.163444955412386,0.0972183856422313,4,24999.9994413748,,1
1,5,37,0.163144186046512,0.11353488372093,4,0.161683768011727,0.253166745028625,37.0264808925581,-3.98922466450955,R4,1,0,1,0.163144186046512,0.11353488372093,4,0.161683768011727,0.253166745028625,0.0838265832262075,0.615372776270515,0.985868113494736,0.16308367897843,0.112931821288623,4,24999.9994413748,,1
1,6,36,0.162793023255814,0.129313953488372,4,0.154080488296103,0.275384672952327,39.9141875864228,-0.763729132399774,R4,1,0,1,0.162793023255814,0.129313953488372,4,0.154080488296103,0.275384672952327,0.0735979461038297,0.648340953601868,0.842177291478876,0.162722267404693,0.128651134734037,4,24999.9994413748,,1
1,7,35,0.162441860465116,0.145093023255814,4,0.147131618026519,0.295690317960168,41.4812501755045,1.77140847303585,R4,1,0,1,0.162441860465116,0.145093023255814,4,0.147131618026519,0.295690317960168,0.0655940662462486,0.674138459890001,0.729739626295125,0.162360720615332,0.144376329277081,4,24999.9994413748,,1
1,8,34,0.162090697674419,0.160872093023256,4,0.140756156150698,0.314320377320768,42.2813453158057,3.82949897275446,R4,1,0,1,0.162090697674419,0.160872093023256,4,0.140756156150698,0.314320377320768,0.0591603005869671,0.694875291652222,0.639358760772284,0.161999038534453,0.160107408218833,4,24999.9994413748,,1
1,9,33,0.161739534883721,0.176651162790698,4,0.134885940039488,0.331474032497682,42.6611887157399,5.55141540522636,R4,1,0,1,0.161739534883721,0.176651162790698,4,0.134885940039488,0.331474032497682,0.0538759056490712,0.711907557761293,0.565124134653669,0.1616372210861,0.175844374862841,4,24999.9994413748,,1
1,10,32,0.161388372093023,0.19243023255814,4,0.129463198867988,0.347320098538066,42.8076391955639,7.03189043924841,R4,1,0,1,0.161388372093023,0.19243023255814,4,0.129463198867988,0.347320098538066,0.0494581399855393,0.726146569279752,0.503063825731616,0.161275268194264,0.191587232515128,4,24999.9994413748,,1
1,11,31,0.161037209302326,0.208209302325581,4,0.124438645957442,0.36200259853684,42.8179486543591,8.33566639072004,R4,1,0,1,0.161037209302326,0.208209302325581,4,0.124438645957442,0.36200259853684,0.0457099719993683,0.738227383698854,0.450409954786469,0.160913179782877,0.20733598448419,4,24999.9994413748,,1
1,12,30,0.160686046511628,0.223988372093023,4,0.119769976468957,0.37564515360181,42.7426864493039,9.50752861050586,R4,1,0,1,0.160686046511628,0.223988372093023,4,0.119769976468957,0.37564515360181,0.0424898903919789,0.748606109640905,0.405174585930566,0.160550955775814,0.223090634081003,4,24999.9994413748,,1
1,13,29,0.16033488372093,0.239767441860465,4,0.11542067339887,0.388354471914928,42.6070769618992,9.21805858684245,R1,1,0,1,0.16033488372093,0.239767441860465,4,0.11542067339887,0.388354471914928,0.0396936352386367,0.757618789889128,0.365893086670925,0.160188596096894,0.238851184619023,4,24999.9994413748,,1
1,14,28,0.159983720930233,0.255546511627907,4,0.111359050502745,0.400223145452471,42.4212722651087,7.4955234061113,R1,1,0,1,0.159983720930233,0.255546511627907,4,0.111359050502745,0.400223145452471,0.037242697302666,0.76551846953701,0.331462567480933,0.159826100669879,0.254617639414188,4,24999.9994413748,,1
1,15,27,0.159632558139535,0.271325581395349,4,0.107557479054011,0.411331909512699,42.1856861796973,5.96843704138193,R1,1,0,1,0.159632558139535,0.271325581395349,4,0.107557479054011,0.411331909512699,0.0350768303171634,0.772499329841259,0.301036695118815,0.159463469418471,0.27039000178492,4,24999.9994413748,,1
1,16,26,0.159281395348837,0.287104651162791,4,0.103991758519145,0.421751481697702,41.8949108530979,4.60549836565218,R1,1,0,1,0.159281395348837,0.287104651162791,4,0.103991758519145,0.421751481697702,0.0331490323851076,0.778712863797213,0.273955191862477,0.15910070226632,0.28616827505213,4,24999.9994413748,,1
1,17,25,0.15893023255814,0.302883720930233,4,0.100640600839408,0.431544068919814,41.5421414794117,3.38172353642484,R1,1,0,1,0.15893023255814,0.302883720930233,4,0.100640600839408,0.431544068919814,0.0314220960772684,0.784278995604962,0.249695371646591,0.158737799137014,0.301952462539218,4,24999.9994413748,,1
1,18,24,0.158579069767442,0.318662790697674,4,0.0974852050914929,0.440764610307221,41.123454691801,2.27693808421901,R1,1,0,1,0.158579069767442,0.318662790697674,4,0.0974852050914929,0.440764610307221,0.0298661834928184,0.789293896552422,0.227838074768268,0.158374759954086,0.317742567572077,4,24999.9994413748,,1
1,19,23,0.158227906976744,0.334441860465116,4,0.0945089045729264,0.449461808473547,40.6389880252642,1.27467857122396,R1,1,0,1,0.158227906976744,0.334441860465116,4,0.0945089045729264,0.449461808473547,0.0284570877762565,0.79383558836382,0.208043245859063,0.158011584641011,0.333538593479091,4,24999.9994413748,,1
1,20,22,0.157876744186047,0.350220930232558,4,0.0916968723217596,0.457678990033653,39.2468025499833,-0.687400608770531,R1,1,0,1,0.157876744186047,0.350220930232558,4,0.0916968723217596,0.457678990033653,0.0271749645944649,0.79796803180787,0.190032113807642,0.157648273121207,0.349340543591144,4,21780.7413896273,,1
1,21,21,0.157525581395349,0.366,4,0.0890358740857971,0.465454827464733,37.5212902061686,-2.95569794232517,R1,1,0,1,0.157525581395349,0.366,4,0.0890358740857971,0.465454827464733,0.0260033917467495,0.801744157692283,0.173573981260209,0.157284825318035,0.365148421241617,4,18641.4215011415,,1
1,22,20,0.157174418604651,0.381779069767442,4,0.0865140600548513,0.47282394769602,35.874283040516,-5.03288201594023,R1,1,0,1,0.157174418604651,0.381779069767442,4,0.0865140600548513,0.47282394769602,0.0249286619748634,0.805208146225547,0.158476290089859,0.156921241154797,0.380962229766393,4,16550.8682153157,,1
1,23,19,0.156823255813954,0.397558139534884,4,0.0841207884405957,0.479817447635015,34.288535538976,-6.94168416442562,R1,1,0,1,0.156823255813954,0.397558139534884,4,0.0841207884405957,0.479817447635015,0.0239392441831147,0.808397163571934,0.14457705267313,0.156557520554738,0.396781972503859,4,15054.1539999718,,1
1,24,18,0.156472093023256,0.413337209302326,4,0.0818464753635212,0.486463332820396,32.7472458692697,-8.70149088899468,R1,1,0,1,0.156472093023256,0.413337209302326,4,0.0818464753635212,0.486463332820396,0.0230253680653976,0.811342700650561,0.131739016774082,0.156193663441046,0.412607652794907,4,13927.3003050687,,1
1,25,17,0.156120930232558,0.429116279069767,4,0.0796824665813644,0.492786892250865,31.2339959104431,-10.3288602836029,R1,1,0,1,0.156120930232558,0.429116279069767,4,0.0796824665813644,0.492786892250865,0.0221787003745039,0.8140716165599,0.119845117809513,0.155829669736852,0.428439273982937,4,13046.9450468909,,1
1,26,16,0.15576976744186,0.444895348837209,4,0.0776209274391908,0.498811019967564,29.7324540851776,-11.8380176942703,R1,1,0,1,0.15576976744186,0.444895348837209,4,0.0776209274391908,0.498811019967564,0.0213920900818246,0.816606959959949,0.108794898879179,0.155465539365227,0.444276839413862,4,12339.3888181961,,1
1,27,15,0.155418604651163,0.460674418604651,4,0.0756547480910846,0.504556492010573,28.2260044023645,-13.2412269499384,R1,1,0,1,0.155418604651163,0.460674418604651,4,0.0756547480910846,0.504556492010573,0.0206593659099573,0.818968621649974,0.0985016665250705,0.155101272249186,0.460120352436105,4,11757.8235500137,,1
1,28,14,0.155067441860465,0.476453488372093,4,0.0737774615768896,0.510042205811003,26.6972682020339,-14.5491192723964,R1,1,0,1,0.155067441860465,0.476453488372093,4,0.0737774615768896,0.510042205811003,0.0199751740969052,0.821173857474795,0.0888902116598957,0.154736868311686,0.475969816400606,4,11271.0479488482,,1
1,29,13,0.154716279069767,0.492232558139535,4,0.0719831727648082,0.515285387831416,25.1275447338578,-15.7709558588243,R1,1,0,1,0.154716279069767,0.492232558139535,4,0.0719831727648082,0.515285387831416,0.0193348473641853,0.823237710656969,0.0798949688448033,0.154372327475624,0.491825234660824,4,10857.438809292,,1
1,30,12,0.15436511627907,0.508011627906977,4,0.0702664965148339,0.520301774261589,23.4961429430251,-16.9148405314783,R1,1,0,1,0.15436511627907,0.508011627906977,4,0.0702664965148339,0.520301774261589,0.0187342983043945,0.825173355422003,0.0714585186090823,0.154007649663843,0.507686610572735,4,10501.5234327951,,1
1,31,11,0.154013953488372,0.523790697674419,4,0.0686225036965963,0.525105768762493,21.7795645662596,-17.9878907166879,R1,1,0,1,0.154013953488372,0.523790697674419,4,0.0686225036965963,0.525105768762493,0.0181699320388201,0.826992378513806,0.0635303604734312,0.153642834799125,0.52355394749484,4,10191.9308070533,,1
1,32,10,0.153662790697674,0.53956976744186,4,0.0670466739218119,0.529710580589189,19.9504653969123,-18.9963926855313,R1,1,0,1,0.153662790697674,0.53956976744186,4,0.0670466739218119,0.529710580589189,0.0176385742003899,0.828705011314656,0.0560659012619909,0.153277882804195,0.539427248788164,4,9920.10684927564,,1
1,33,9,0.153311627906977,0.555348837209302,4,0.0655348540367299,0.534128345882152,17.9763420486281,-19.9458980333952,R1,1,0,1,0.153311627906977,0.555348837209302,4,0.0655348540367299,0.534128345882152,0.0171374111939005,0.83032032239395,0.0490256158842996,0.152912793601719,0.555306517816258,4,9679.49763731784,,1
1,34,8,0.152960465116279,0.571127906976744,4,0.0640832215719793,0.538370234472317,15.8177621629726,-20.8413465266675,R1,1,0,1,0.152960465116279,0.571127906976744,4,0.0640832215719793,0.538370234472317,0.0166639403591565,0.831846378138651,0.0423743472322848,0.152547567114307,0.571191757945206,4,9464.98710900901,,1
1,35,7,0.152609302325581,0.586906976744186,4,0.0626882524725377,0.542446544178968,13.4260082565202,-21.6871383859966,R1,1,0,1,0.152609302325581,0.586906976744186,4,0.0626882524725377,0.542446544178968,0.0162159281733306,0.833290377472306,0.0360807190114141,0.152182203264507,0.587082972543621,4,9272.52465347832,,1
1,36,6,0.152258139534884,0.602686046511628,4,0.0613466925342675,0.546366784276484,10.7398239548544,-22.4872014878973,R1,1,0,1,0.152258139534884,0.602686046511628,4,0.0613466925342675,0.546366784276484,0.0157913750192103,0.834658765411399,0.0301166408087071,0.151816701974813,0.60298016498265,4,9098.8613858019,,1
1,37,5,0.151906976744186,0.61846511627907,4,0.060055532059651,0.550139749554089,7.68083067382691,-23.2450559889526,R1,1,0,1,0.151906976744186,0.61846511627907,4,0.060055532059651,0.550139749554089,0.0153884853467077,0.835957329238537,0.024456888924759,0.151451063167658,0.61888333863598,4,8941.35873986885,,1
1,38,4,0.151555813953488,0.634244186046512,4,0.0588119833172471,0.553773586182717,4.14693509154251,-23.9638596902436,R1,1,0,1,0.151555813953488,0.634244186046512,4,0.0588119833172471,0.553773586182717,0.0150056422883984,0.837191280319743,0.0190787497754893,0.151085286765418,0.634792496879833,4,8797.85234467537,,1
1,39,3,0.151204651162791,0.650023255813953,4,0.0576134604495619,0.557275850427241,0.00258495725994479,-28.4201117160719,R4,1,0,1,0.151204651162791,0.650023255813953,4,0.0576134604495619,0.557275850427241,0.0146413859722495,0.838365324005249,0.0139617152316205,0.150719372690408,0.650707643092976,4,8666.54836127521,,1
1,40,2,0.150853488372093,0.665802325581395,4,0.0564575615245726,0.560653561094616,-4.93604388942161,-35.6354787693961,R4,1,0,1,0.150853488372093,0.665802325581395,4,0.0564575615245726,0.560653561094616,0.0142943949181908,0.839483719590676,0.00908722127965964,0.150353320864888,0.666628780656718,4,8545.94977603649,,1
1,41,1,0.150502325581395,0.681581395348837,4,0.0553420524687399,0.56391324648404,-10.924357421239,-44.5355174656782,R4,1,0,1,0.150502325581395,0.681581395348837,4,0.0553420524687399,0.56391324648404,0.013963470018778,0.840550331949358,0.00443842298392958,0.149987131211058,0.682555912954915,4,8434.79253809262,,1
1,42,0,0.150151162790698,0.697360465116279,4,0.0542648526553554,0.567060986499974,-18.3274987948863,-55.6210512560329,R4,1,0,1,0.150151162790698,0.697360465116279,4,0.0542648526553554,0.567060986499974,0.0136475206946575,0.841568676155013,0,0.149620803651059,0.698489043373971,4,8332.00800602074,,1
2,0,41,0.1777,0.0408790697674419,4,0.226719698779183,0.117350609814897,-118.435505214173,-289.708062994922,R3,1,1.89622151434243e-15,0.999999999999999,0.1777,0.0408790697674418,4,0.226719698779183,0.117350609814897,0.465629058266407,0,3.03409564986536,0.177628692240758,0.0406290922768689,4.00000000000001,24999.9994413748,,1
2,1,40,0.177348837209302,0.0566581395348837,4,0.213339152182488,0.15335115355887,-33.1018960878773,-156.211000661192,R3,1.06610888527015,0.382072526678449,0.617927473321551,0.167039079680625,0.0373251341332058,2.47170989328621,0.214577457392968,0.107882226647519,0.184336487277619,0.0238270867901087,2.08977878134302,0.177268041125221,0.0563267062165941,4,24999.9994413748,,1
2,2,39,0.176997674418605,0.0724372093023256,4,0.201405437303762,0.185458976764372,8.82078542233498,-78.3363324307468,R3,1.05219387711387,0.239062758725675,0.760937241274325,0.168839650044597,0.0579971056026699,3.0437489650973,0.201102171401135,0.155428678656604,0.167905608182904,0.246399250586025,1.59998606218831,0.176909932441332,0.0720257804913366,4,24999.9994413748,,1
2,3,38,0.176646511627907,0.0882162790697674,4,0.19069592287608,0.214273071901988,33.2260842016207,-29.9348548872473,R3,1.03249460217888,0.124544498409412,0.875455501590588,0.171556118843323,0.0797389663431949,3.50182200636235,0.189892343922003,0.198588622058855,0.166348014759545,0.402567801933026,1.28813544905857,0.176551914533495,0.0877295725324991,4,24999.9994413748,,1
2,4,37,0.176295348837209,0.103995348837209,4,0.181031425634119,0.240275533999362,47.7396519929846,2.99388639080061,R3,1.01019438499729,0.0338759913668531,0.966124008633147,0.17469478297689,0.101496657658628,3.86449603453259,0.180629812316002,0.236125969534596,0.169589149552776,0.517702921386764,1.07222896230783,0.176193901906067,0.103438067507703,4,24999.9994413748,,1
2,5,36,0.175944186046512,0.119774418604651,4,0.172266104407978,0.26385875072009,56.3431477185896,25.156445360186,R3,1,0,1,0.175944186046512,0.119774418604651,4,0.172266104407978,0.26385875072009,0.158919433551578,0.583315514388027,0.909253214233791,0.175835344398253,0.119153308232982,4,24999.9994413748,,1
2,6,35,0.175593023255814,0.135553488372093,4,0.164280049563599,0.285345340575682,60.9247058541733,37.5937912182757,R4,1,0,1,0.175593023255814,0.135553488372093,4,0.164280049563599,0.285345340575682,0.140420456804263,0.61849778213409,0.781094827143715,0.175476272284789,0.134875777412247,4,24999.9994413748,,1
2,7,34,0.175241860465116,0.151332558139535,4,0.15697376479558,0.305002999737523,62.8626418988556,36.2867649637894,R4,1,0,1,0.175241860465116,0.151332558139535,4,0.15697376479558,0.305002999737523,0.125779164725875,0.646343314624148,0.679661953136059,0.175117065813942,0.150604129615354,4,24999.9994413748,,1
2,8,33,0.174890697674419,0.167111627906977,4,0.150264000519509,0.323055712351828,63.1264157824931,35.1403408722795,R4,1,0,1,0.174890697674419,0.167111627906977,4,0.150264000519509,0.323055712351828,0.113902802557918,0.668930366835182,0.597384136328491,0.174757724910289,0.166338368144881,4,24999.9994413748,,1
2,9,32,0.174539534883721,0.182890697674419,4,0.144080567783253,0.339692322754908,62.5165536918525,34.1870377251956,R4,1,0,1,0.174539534883721,0.182890697674419,4,0.144080567783253,0.339692322754908,0.104075729387318,0.687619980005186,0.529303514110126,0.174398249498346,0.182078496305876,4,24999.9994413748,,1
2,10,31,0.174188372093023,0.19866976744186,4,0.138363873656443,0.355073166541513,61.5384099349066,33.4223146571817,R4,1,0,1,0.174188372093023,0.19866976744186,4,0.138363873656443,0.355073166541513,0.0958096594349266,0.703340800148114,0.47203730921984,0.174038639502578,0.197824517405865,4,24999.9994413748,,1
2,11,30,0.173837209302326,0.214448837209302,4,0.133062994424705,0.3693352546621,60.4328648104036,32.8286144367732,R4,1,0,1,0.173837209302326,0.214448837209302,4,0.133062994424705,0.3693352546621,0.0887600185028889,0.716748155493894,0.423198358625166,0.173678894847389,0.213576434754849,4,24999.9994413748,,1
2,12,29,0.173486046511628,0.230227906976744,4,0.128134154479302,0.382596365991091,59.2965397283499,32.3848156456671,R4,1,0,1,0.173486046511628,0.230227906976744,4,0.128134154479302,0.382596365991091,0.082676696359592,0.728317718035352,0.381053932764019,0.173319015457129,0.22933425166531,4,24999.9994413748,,1
2,13,28,0.17313488372093,0.246006976744186,4,0.123539514623522,0.394958307405103,58.1569159293717,32.0698106094969,R4,1,0,1,0.17313488372093,0.246006976744186,4,0.123539514623522,0.394958307405103,0.0773737517957223,0.738403119949038,0.344315856306233,0.172959001256089,0.245097971452208,4,24999.9994413748,,1
2,14,27,0.172783720930233,0.261786046511628,4,0.119246198773624,0.406509532457381,57.0054207012733,29.9141689587838,R1,1,0,1,0.172783720930233,0.261786046511628,4,0.119246198773624,0.406509532457381,0.0727100737883493,0.747272733148625,0.312006531336723,0.172598852168507,0.260867597432993,4,24999.9994413748,,1
2,15,26,0.172432558139535,0.27756511627907,4,0.115225506071616,0.417327261199156,55.8106402029053,27.2459275842361,R1,1,0,1,0.172432558139535,0.27756511627907,4,0.115225506071616,0.417327261199156,0.0685766389299549,0.755133903735806,0.283370658562266,0.17223856811856,0.276643132927595,4,24999.9994413748,,1
2,16,25,0.172081395348837,0.293344186046512,4,0.111452268470508,0.427479208605299,54.5469469687275,24.8471036428476,R1,1,0,1,0.172081395348837,0.293344186046512,4,0.111452268470508,0.427479208605299,0.0648878814172327,0.762149364981885,0.257815449771298,0.17187814903037,0.292424581258437,4,24999.9994413748,,1
2,17,24,0.17173023255814,0.309123255813953,4,0.107904323391496,0.437025003397399,53.252314422344,22.6800290008091,R1,1,0,1,0.17173023255814,0.309123255813953,4,0.107904323391496,0.437025003397399,0.0615757061321735,0.76844862354589,0.234869151276468,0.171517594828003,0.308211945750431,4,24999.9994413748,,1
2,18,23,0.171379069767442,0.324902325581395,4,0.104562078102664,0.446017360088822,51.980260490424,20.7134483695657,R1,1,0,1,0.171379069767442,0.324902325581395,4,0.104562078102664,0.446017360088822,0.0585852462722744,0.774136027822999,0.214151653355512,0.171156905435467,0.324005229730985,4,24999.9994413748,,1
2,19,22,0.171027906976744,0.340681395348837,4,0.101408147731409,0.454503052917232,50.0156459327695,17.6473953739501,R1,1,0,1,0.171027906976744,0.340681395348837,4,0.101408147731409,0.454503052917232,0.0558717999235929,0.779296594121227,0.195353267247321,0.170796080776713,0.339804436529998,4,20926.3481606241,,1
2,20,21,0.170676744186047,0.356460465116279,4,0.0984270527876444,0.462523729662564,47.9827913679026,14.6180787423057,R1,1,0,1,0.170676744186047,0.356460465116279,4,0.0984270527876444,0.462523729662564,0.0533985802672719,0.784000285429783,0.178219138889676,0.170435120775635,0.355609569479872,4,17922.2350430323,,1
2,21,20,0.170325581395349,0.372239534883721,4,0.0956049650880012,0.470116595241421,46.0124850338378,11.8361450851927,R1,1,0,1,0.170325581395349,0.372239534883721,4,0.0956049650880012,0.470116595241421,0.0511350379925836,0.788305201936809,0.162537626825698,0.17007402535607,0.371420631915506,4,15927.7469508183,,1
2,22,19,0.169974418604651,0.388018604651163,4,0.0929294932800339,0.477314988757145,44.1005659799007,9.27352899439312,R1,1,0,1,0.169974418604651,0.388018604651163,4,0.0929294932800339,0.477314988757145,0.0490555930320226,0.792259993078232,0.148131515837598,0.169712794441799,0.387237627174304,4,14502.9982242725,,1
2,23,18,0.169623255813953,0.403797674418605,4,0.0903895009480376,0.484148872888602,42.2393905558246,6.906038361092,R1,1,0,1,0.169623255813953,0.403797674418605,4,0.0903895009480376,0.484148872888602,0.0471386636538382,0.795905704057536,0.134851290632204,0.169351427956543,0.403060558596173,4,13432.2504118098,,1
2,24,17,0.169272093023256,0.419576744186046,4,0.0879749516685895,0.490645250770372,40.4176467186567,4.71279879150811,R1,1,0,1,0.169272093023256,0.419576744186046,4,0.0879749516685895,0.490645250770372,0.0453659146327246,0.799277205711888,0.122569927270069,0.168989925823969,0.418889429523528,4,12596.9919987412,,1
2,25,16,0.168920930232558,0.435355813953488,4,0.0856767764696724,0.496828522595781,38.6214274901544,2.67573343511192,R1,1,0,1,0.168920930232558,0.435355813953488,4,0.0856767764696724,0.496828522595781,0.0437216689166675,0.802404313433186,0.111178817273662,0.168628287967684,0.434724243301296,4,11926.5695955213,,1
2,26,15,0.16856976744186,0.45113488372093,4,0.0834867600030638,0.50272079187166,36.8349453455487,0.779132750036112,R1,1,0,1,0.16856976744186,0.45113488372093,4,0.0834867600030638,0.50272079187166,0.0421924427604125,0.805312671274193,0.100584547095445,0.16826651431124,0.450565003276912,4,11376.1767301758,,1
2,27,14,0.168218604651163,0.466913953488372,4,0.0813974424184045,0.508342129427492,35.0407272386609,-0.990709613961172,R1,1,0,1,0.168218604651163,0.466913953488372,4,0.0813974424184045,0.508342129427492,0.0407665751182026,0.808024456787732,0.0907063306013316,0.167904604778128,0.46641171280033,4,10915.9864236091,,1
2,28,13,0.167867441860465,0.482693023255814,4,0.0794020344688188,0.513710801824917,33.2194243593499,-2.64580803046098,R1,1,0,1,0.167867441860465,0.482693023255814,4,0.0794020344688188,0.513710801824917,0.0394339297266639,0.810558947620177,0.0814739451415559,0.167542559291786,0.482264375224017,4,10525.3475811409,,1
2,29,12,0.167516279069767,0.498472093023256,4,0.0774943438122974,0.518843469644857,31.3493571700285,-4.19672141680985,R1,1,0,1,0.167516279069767,0.498472093023256,4,0.0774943438122974,0.518843469644857,0.0381856537708575,0.812932980492267,0.0728260596220123,0.167180377775591,0.498122993902962,4,10189.5008162252,,1
2,30,11,0.16716511627907,0.514251162790698,4,0.0756687108233279,0.523755360187211,29.4057945868053,-5.65276713371362,R1,1,0,1,0.16716511627907,0.514251162790698,4,0.0756687108233279,0.523755360187211,0.0370139809802779,0.81516132568087,0.0647088703801911,0.166818060152865,0.513987572194674,4,9897.60741529973,,1
2,31,10,0.166813953488372,0.53003023255814,4,0.0739199525131547,0.52846041835416,27.3599632220689,-7.02219448579453,R1,1,0,1,0.166813953488372,0.53003023255814,4,0.0739199525131547,0.52846041835416,0.0359120698959993,0.817256994610508,0.0570749807220335,0.166455606346869,0.529858113459186,4,9641.52350282373,,1
2,32,9,0.166462790697674,0.545809302325581,4,0.0722433133882618,0.532971438866093,25.1777151095831,-8.31232720466565,R1,1,0,1,0.166462790697674,0.545809302325581,4,0.0722433133882618,0.532971438866093,0.0348738701915095,0.819231494091002,0.0498824748109091,0.166093016280811,0.545734621059058,4,9415.00932033601,,1
2,33,8,0.166111627906977,0.561588372093023,4,0.0706344222658433,0.537300182450172,22.8177282031965,-9.52968865957038,R1,1,0,1,0.166111627906977,0.561588372093023,4,0.0706344222658433,0.537300182450172,0.0338940115296186,0.821095037694891,0.0430941476834421,0.165730289877836,0.561617098359379,4,9213.2002906647,,1
2,34,7,0.165760465116279,0.577367441860465,4,0.0690892542204814,0.541457478223319,20.2290601829425,-10.6800983461568,R1,1,0,1,0.165760465116279,0.577367441860465,4,0.0690892542204814,0.541457478223319,0.0329677106441704,0.822856722474022,0.0366768615242825,0.165367427061036,0.577505548727767,4,9032.24860611963,,1
2,35,6,0.165409302325581,0.593146511627907,4,0.0676040969645356,0.545453314146238,17.3477487173154,-11.7687657666309,R1,1,0,1,0.165409302325581,0.593146511627907,4,0.0676040969645356,0.545453314146238,0.0320906932528019,0.824524677469726,0.0306010046883608,0.165004427753441,0.593399975534378,4,8869.06766710097,,1
2,36,5,0.165058139534884,0.608925581395349,4,0.0661755210710412,0.54929691713911,14.092015363934,-12.8003541805047,R1,1,0,1,0.165058139534884,0.608925581395349,4,0.0661755210710412,0.54929691713911,0.0312591281105374,0.826106189132942,0.0248400348331808,0.164641291878026,0.609300382151898,4,8721.15485040585,,1
2,37,4,0.164706976744186,0.624704651162791,4,0.0648003535363239,0.552996824211749,10.3553158386405,-14.1847792211726,R4,1,0,1,0.164706976744186,0.624704651162791,4,0.0648003535363239,0.552996824211749,0.0304695710576045,0.827607807736852,0.019370091289727,0.164278019357707,0.625206771955554,4,8586.45627434441,,1
2,38,3,0.164355813953488,0.640483720930233,4,0.0634756542533484,0.556560945762369,5.99603364600197,-20.4821739049478,R4,1,0,1,0.164355813953488,0.640483720930233,4,0.0634756542533484,0.556560945762369,0.0297189173379383,0.829035438059903,0.0141696647315627,0.163914610115343,0.641119148323116,4,8463.27232659145,,1
2,39,2,0.164004651162791,0.656262790697674,4,0.0621986950286554,0.559996622032813,0.821705458790438,-28.1419163636594,R4,1,0,1,0.164004651162791,0.656262790697674,4,0.0621986950286554,0.559996622032813,0.0290043607963589,0.830394416986627,0.00921931449844665,0.163551064073732,0.657037514634893,4,8350.1834858188,,1
2,40,1,0.163653488372093,0.672041860465116,4,0.0609669408277334,0.563310673568127,-5.43597070908257,-37.5544461006199,R4,1,0,1,0.163653488372093,0.672041860465116,4,0.0609669408277334,0.563310673568127,0.028323358823879,0.831689580176389,0.00450142574220211,0.163187381155618,0.672961874273742,4,8245.9953025004,,1
2,41,0,0.163302325581395,0.687820930232558,4,0.0597780329775198,0.566509446410466,-13.1624227803725,-49.2490293759907,R4,1,0,1,0.163302325581395,0.687820930232558,4,0.0597780329775198,0.566509446410466,0.0276736021280786,0.832925319555583,0,0.162823561283682,0.688892230625065,4,8149.69440780721,,1
3,0,40,0.1905,0.0471186046511628,4,0.239289798744178,0.133169308158463,-158.874561773089,-326.460283052047,R3,1,1.64512026943938e-15,0.999999999999999,0.1905,0.0471186046511627,3.99999999999999,0.239289798744178,0.133169308158463,0.605954364508678,0,2.56811215266785,0.190371898864675,0.046836400629465,4,24999.9994413748,,1
3,1,39,0.190148837209302,0.0628976744186047,4,0.225396685375294,0.167753255631885,-54.0682933833226,-158.331018331994,R3,1.07369998357876,0.380977831343901,0.619022168656099,0.179598598862347,0.0418045677230518,2.4760886746244,0.228609096279053,0.119728300460537,0.302756966890152,0,1.82994786515854,0.190014473199807,0.0625381954419818,4,24999.9994413748,B-R,1
3,2,38,0.189797674418605,0.0786767441860465,4,0.212985060799376,0.198649352208389,-0.487431240093397,-83.46469215565,R3,1.15912767412766,0.609141108836697,0.390858891163303,0.166962483116927,0.0356449204583419,1.56343556465321,0.215866214115264,0.103692166337662,0.121175503937564,0,1.38786969338632,0.189656850482492,0.0782486468155804,4,24999.9994413748,B-R,1
3,3,37,0.189446511627907,0.0944558139534884,4,0.201829952653134,0.226417618683058,29.2483381435308,-33.2756969362309,R3,1.15274204312368,0.489719746938851,0.510280253061149,0.167474035903485,0.0555609407071777,2.0411210122446,0.201062344110622,0.150084334377254,0.107941954863904,0.158234013274447,1.12611940532432,0.189300554528515,0.0939588467116635,4,24999.9994413748,,1
3,4,36,0.189095348837209,0.11023488372093,4,0.191749745016773,0.251510149216774,48.3725612628105,0.634517694792081,R3,1.13707246327217,0.381762156813899,0.618237843186101,0.169328862087021,0.0774930538427645,2.4729513727444,0.188601118179015,0.194204177349678,0.107514526582431,0.284419800252733,0.942035572731012,0.188944281954191,0.109673712251649,4,24999.9994413748,,1
3,5,35,0.188744186046512,0.126013953488372,4,0.182596213985844,0.274295915658368,60.5194521829772,25.2028615863196,R3,1.11448665966482,0.28458448642565,0.71541551357435,0.172194473771847,0.100473577205424,2.8616620542974,0.17838007125264,0.234186311579781,0.113645079116739,0.388483904409798,0.806007180472172,0.188588014332496,0.125393020494716,4,24999.9994413748,,1
3,6,34,0.188393023255814,0.141793023255814,4,0.17424719057621,0.295079031680427,67.9063511120714,43.391476474286,R3,1.09242006993351,0.208291529363354,0.791708470636646,0.175000710331263,0.122633697967412,3.16683388254658,0.169837524132441,0.267784959825432,0.118706273997325,0.469820623206229,0.700343335790479,0.188231636503911,0.141117431345945,4,24999.9994413748,,1
3,7,33,0.188041860465116,0.157572093023256,4,0.166601076773142,0.314112403907372,72.1190010074872,56.9662637644691,R3,1.07476679814846,0.154122159646434,0.845877840353566,0.177181374467091,0.143252164662529,3.38351136141426,0.1623780486617,0.295388078049758,0.120038010008784,0.530876608237024,0.615018680894713,0.187875072152139,0.15684761665894,4,24999.9994413748,,1
3,8,32,0.187690697674419,0.173351162790698,4,0.159572690721762,0.331608074429162,74.1658969643346,56.1432620195704,R4,1.06100763043364,0.115794715377223,0.884205284622777,0.17880741917044,0.162629142681091,3.53682113849111,0.155689990460209,0.318607538924218,0.118754071306132,0.577330096856302,0.544508068129587,0.187518319664027,0.17258374123194,4,24999.9994413748,,1
3,9,31,0.187339534883721,0.18913023255814,4,0.15309007981756,0.347745153933865,74.7062783815714,54.5313320862943,R4,1.05010413903699,0.0880704318323879,0.911929568167612,0.180026311445632,0.181115085088518,3.64771827267045,0.149606506395068,0.338650437068884,0.116014573224593,0.613578665135527,0.485256855824277,0.187161391077314,0.188325821370422,4,24999.9994413748,,1
3,10,30,0.186988372093023,0.204909302325581,4,0.147092048467841,0.362675975819132,74.3241863332895,53.0207840484768,R4,1.04101789620645,0.0671279462605892,0.932872053739411,0.180986976925739,0.198994903254437,3.73148821495764,0.144041576938692,0.356340358557447,0.112700167155789,0.642779781251581,0.434828901449578,0.186804302474823,0.204073786879222,4,24999.9994413748,,1
3,11,29,0.186637209302326,0.220688372093023,4,0.141526220283179,0.376530919953938,73.1838311549184,52.0892250429826,R4,1.02699912155361,0.0415862691199112,0.958413730880089,0.182677442788888,0.217221370942266,3.83365492352036,0.139413800559262,0.372997491932774,0.112873196796942,0.672233409411211,0.392525166746899,0.186447205313569,0.219825946057478,4,24999.9994413748,,1
3,12,28,0.186286046511628,0.236467441860465,4,0.136347504602194,0.389422229938646,71.5896531608001,51.3258136964256,R4,1.01375916771482,0.0200371461274777,0.979962853872522,0.184263256869163,0.234917711602874,3.91985141549009,0.135227028200583,0.38790291260923,0.112791447472098,0.697415798483846,0.355796942810063,0.186089976645509,0.235583591685237,4,24999.9994413748,,1
3,13,27,0.18593488372093,0.252246511627907,4,0.131516872230319,0.401447060642648,69.7846034369657,50.7043921896946,R4,1.00181724856611,0.00251044383692036,0.99748955616308,0.185667084674678,0.25207050476504,3.98995822465232,0.131364071294741,0.401278813575766,0.112193556076425,0.718674174235379,0.323504234603218,0.185732601550445,0.251346933933718,4,24999.9994413748,,1
3,14,26,0.185583720930233,0.268025581395349,4,0.127000370015238,0.412689931208995,67.8468751363223,49.7612982772939,R4,1,0,1,0.185583720930233,0.268025581395349,4,0.127000370015238,0.412689931208995,0.106526115862859,0.729876504542905,0.293456353622807,0.185374846095417,0.2671191420356,4,24999.9994413748,,1
3,15,25,0.185232558139535,0.283804651162791,4,0.122768321611386,0.423224714580992,65.8572035253649,46.321260971166,R1,1,0,1,0.185232558139535,0.283804651162791,4,0.122768321611386,0.423224714580992,0.100603439798997,0.738532046384507,0.266481408791275,0.185016910450502,0.282897851757053,4,24999.9994413748,,1
3,16,24,0.184881395348837,0.299583720930233,4,0.118794674644191,0.433116262597811,63.9505572827451,43.1697696716977,R1,1,0,1,0.184881395348837,0.299583720930233,4,0.118794674644191,0.433116262597811,0.0953046582413608,0.746275813726683,0.242348003781386,0.184658840630517,0.298682476255414,4,24999.9994413748,,1
3,17,23,0.18453023255814,0.315362790697674,4,0.115056463914715,0.442421742232224,62.1512315382632,40.2659265521647,R1,1,0,1,0.18453023255814,0.315362790697674,4,0.115056463914715,0.442421742232224,0.0905361221429018,0.753244667548562,0.220629612163119,0.184300636560002,0.314473018857109,4,24907.7583756879,,1
3,18,22,0.184179069767442,0.331141860465116,4,0.111533367273434,0.451191741148288,59.8499076879047,36.1732689999412,R1,1,0,1,0.184179069767442,0.331141860465116,4,0.111533367273434,0.451191741148288,0.0862220321460651,0.759549382861948,0.200981004268962,0.183942298163442,0.330269482891059,4,20046.390796241,,1
3,19,21,0.183827906976744,0.346920930232558,4,0.108207336020972,0.459471187739988,57.6314849050372,32.4048566893178,R1,1,0,1,0.183827906976744,0.346920930232558,4,0.108207336020972,0.459471187739988,0.0823003792789078,0.765280581076051,0.183119759014397,0.183583825365264,0.346071871688682,4,17183.1656181367,,1
3,20,20,0.183476744186047,0.3627,4,0.105062285642375,0.467300120982428,55.4871139905494,28.9287144757962,R1,1,0,1,0.183476744186047,0.3627,4,0.105062285642375,0.467300120982428,0.078719945238299,0.770513113856068,0.166812601628623,0.18322521808984,0.361880188583897,4,15288.3544358977,,1
3,21,19,0.183125581395349,0.378479069767442,4,0.102083835688895,0.474714337940744,53.4004990871328,25.715466000372,R1,1,0,1,0.183125581395349,0.378479069767442,4,0.102083835688895,0.474714337940744,0.0754380530354685,0.775309350384105,0.15186515892539,0.182866476261485,0.377694436913123,4,13938.1102120861,,1
3,22,18,0.182774418604651,0.394258139534884,4,0.0992590899303041,0.481745941034091,51.3549726282032,22.7387318981879,R1,1,0,1,0.182774418604651,0.394258139534884,4,0.0992590899303041,0.481745941034091,0.0724188577859527,0.779721675240026,0.138114174672133,0.182507599804454,0.393514620015284,4,12925.3707157061,,1
3,23,17,0.182423255813953,0.410037209302326,4,0.0965764496870949,0.488423802705401,49.3362895957612,19.9750534931372,R1,1,0,1,0.182423255813953,0.410037209302326,4,0.0965764496870949,0.488423802705401,0.0696320321429158,0.78379440954095,0.125421522370127,0.182148588642949,0.40934074123181,4,12136.7000206095,,1
3,24,16,0.182072093023256,0.425816279069767,4,0.0940254546437161,0.494773961682925,47.3324924041038,17.403652494341,R1,1,0,1,0.182072093023256,0.425816279069767,4,0.0940254546437161,0.494773961682925,0.06705174400637,0.787565304941685,0.113669549210989,0.181789442701114,0.425172803906641,4,11504.614307246,,1
3,25,15,0.181720930232558,0.441595348837209,4,0.0915966465358791,0.500819962301662,45.3319734318336,15.0061469734759,R1,1,0,1,0.181720930232558,0.441595348837209,4,0.0915966465358791,0.500819962301662,0.064655853403149,0.791066717333731,0.102757418250694,0.181430161903035,0.441010811386228,4,10986.3869787194,,1
3,26,14,0.18136976744186,0.457374418604651,4,0.0892814519669589,0.506583146206978,43.3215045672473,12.7662664325867,R1,1,0,1,0.18136976744186,0.457374418604651,4,0.0892814519669589,0.506583146206978,0.0624252756090646,0.794326537593942,0.0925982077368862,0.181070746172743,0.456854767019533,4,10553.6118164476,,1
3,27,13,0.181018604651163,0.473153488372093,4,0.0870720812932281,0.512082904058285,41.2850350168515,10.6696024862403,R1,1,0,1,0.181018604651163,0.473153488372093,4,0.0870720812932281,0.512082904058285,0.060343471705481,0.797368936097453,0.0831165908387615,0.180711195434208,0.472704674158038,4,10186.6520328867,,1
3,28,12,0.180667441860465,0.488932558139535,4,0.0849614410646783,0.517336893488973,39.203008999834,8.70336619729312,R1,1,0,1,0.180667441860465,0.488932558139535,4,0.0849614410646783,0.517336893488973,0.0583960377819281,0.800214963066903,0.0742469646622732,0.180351509611348,0.48856053615574,4,9871.48315646846,,1
3,29,11,0.180316279069767,0.504711627906977,4,0.0829430579476043,0.522361228484933,37.0517863095887,6.85619090128527,R1,1,0,1,0.180316279069767,0.504711627906977,4,0.0829430579476043,0.522361228484933,0.0565703711965864,0.80288303630742,0.0659319302269355,0.17999168862802,0.50442235636916,4,9597.8172055532,,1
3,30,10,0.17996511627907,0.520490697674419,4,0.0810110124099638,0.52717064446074,34.8028528512275,5.117958329487,R1,1,0,1,0.17996511627907,0.520490697674419,4,0.0810110124099638,0.52717064446074,0.0548553975421688,0.805389340225276,0.0581210489265532,0.179631732408026,0.520290138157338,4,9357.93356843914,,1
3,31,9,0.179613953488372,0.53626976744186,4,0.0791598807384867,0.531778642595711,32.4216376271501,3.47963435219783,R1,1,0,1,0.179613953488372,0.53626976744186,4,0.0791598807384867,0.531778642595711,0.0532413458139359,0.807748154402785,0.0507698185275145,0.179271640875108,0.536163884881843,4,9145.91899896661,,1
3,32,8,0.179262790697674,0.552048837209302,4,0.0773846841913199,0.536197616407565,29.8658114415526,1.93315177813814,R1,1,0,1,0.179262790697674,0.552048837209302,4,0.0773846841913199,0.536197616407565,0.0517195621355979,0.80997212582376,0.043838824779745,0.178911413952954,0.55204359990677,4,8957.17136869503,,1
3,33,7,0.178911627906977,0.567827906976744,4,0.0756808442823246,0.540438963062648,27.082838360007,0.47127988153737,R1,1,0,1,0.178911627906977,0.567827906976744,4,0.0756808442823246,0.540438963062648,0.0502823545428535,0.812072495710604,0.0372930344802739,0.178551051565193,0.567929286598744,4,8788.04928008282,,1
3,34,6,0.178560465116279,0.583606976744186,4,0.0740441433513748,0.544513181527779,24.0065154756056,-0.912462518030694,R1,1,0,1,0.178560465116279,0.583606976744186,4,0.0740441433513748,0.544513181527779,0.0489228629465925,0.814059289563224,0.0311012032180804,0.178190553635396,0.583820948326924,4,8635.63591594157,,1
3,35,5,0.178209302325581,0.599386046511628,4,0.0724706897057196,0.548429959343404,20.5519992439488,-2.22388729541531,R1,1,0,1,0.178209302325581,0.599386046511628,4,0.0724706897057196,0.548429959343404,0.0476349496357139,0.815941477180859,0.0252353766670175,0.177829920087078,0.599718588463003,4,8497.56789728497,,1
3,36,4,0.177858139534884,0.61516511627907,4,0.0709568867258879,0.552198249527868,16.6085342961634,-5.63017523162134,R4,1,0,1,0.177858139534884,0.61516511627907,4,0.0709568867258879,0.552198249527868,0.0464131066316487,0.817727108056416,0.0196704686301667,0.177469150843694,0.615622210381211,4,8371.90652296437,,1
3,37,3,0.177506976744186,0.630944186046512,4,0.0694994054198755,0.555826338897923,12.0285836824261,-12.3487879190933,R4,1,0,1,0.177506976744186,0.630944186046512,4,0.0694994054198755,0.555826338897923,0.0452523769445215,0.819423426454618,0.0143839023994686,0.177108245828644,0.631531817458317,4,8257.04926002755,,1
3,38,2,0.177155813953488,0.646723255813954,4,0.0680951599847857,0.559321908902823,6.61105914110717,-20.4802790275061,R4,1,0,1,0.177155813953488,0.646723255813954,4,0.0680951599847857,0.559321908902823,0.0441482873566938,0.821036969643756,0.00935530461705036,0.176747204965269,0.647447413073636,4,8151.65927760521,,1
3,39,1,0.176804651162791,0.662502325581395,4,0.0667412859983408,0.562692089911905,0.0745230263850036,-30.4348020566002,R4,1,0,1,0.176804651162791,0.662502325581395,4,0.0667412859983408,0.562692089911905,0.0430967908118281,0.822573652089706,0.00456624288508009,0.176386028176852,0.663369000609022,4,8054.61005591287,,1
3,40,0,0.176453488372093,0.678281395348837,4,0.0654351209159106,0.565943509763092,-7.98752288307706,-42.7714145636845,R4,1,0,1,0.176453488372093,0.678281395348837,4,0.0654351209159106,0.565943509763092,0.0420942168452771,0.82403883789815,0,0.17602471538662,0.679296583448879,4,7964.94805838593,,1
4,0,39,0.2033,0.0533581395348837,4,0.251476817524757,0.148505922372689,-185.938024120807,-347.274330957674,R3,1,0,1,0.2033,0.0533581395348837,4,0.251476817524757,0.148505922372689,0.713461261001299,0,2.21110997720856,0.203118332362171,0.0530452808155809,4,24999.9994413748,,1
4,1,38,0.202948837209302,0.0691372093023256,4,0.237107155762893,0.181740809068259,-73.4640484762808,-155.722273004299,R3,1.07369998357876,0.346595123499855,0.653404876500146,0.193341958652155,0.048503956225242,2.61361950600058,0.242028120029708,0.136615317219982,0.413090878254044,0,1.62104197762952,0.202764374527194,0.0687507754589849,4,24999.9994413748,B-R,1
4,2,37,0.202597674418605,0.0849162790697674,4,0.224248906324207,0.211480024248134,-11.5939881151072,-71.3692490877693,R3,1.15912767412766,0.564382232925846,0.435617767074154,0.181799317345761,0.0428773380157477,1.74247106829662,0.230788180916299,0.122470544566605,0.224349626631297,0,1.25026583197739,0.202410221526898,0.0844649298001084,4,24999.9994413748,B-R,1
4,3,36,0.202246511627907,0.100695348837209,4,0.212675525905203,0.238247528820241,25.2632880357887,-26.8826391970976,R3,1.25932435165311,0.71391439247053,0.28608560752947,0.168261150723936,0.0362779737268023,1.14434243011788,0.217194299769256,0.105363480519206,0.0947602903996829,0,0.995691730171534,0.202055873199825,0.100187751003105,4,24999.9994413748,B-R,1
4,4,35,0.201895348837209,0.116474418604651,4,0.202203591754407,0.262467552280278,46.7433477306208,4.64584105738446,R3,1.27931998685861,0.654398244348711,0.345601755651289,0.165191403401258,0.0514974442663253,1.38240702260516,0.200988052695268,0.140977886044367,0.0671610981195489,0.0982763777537918,0.830357499540961,0.201701595488976,0.115910819815858,4,24999.9994413748,,1
4,5,34,0.201544186046512,0.132253488372093,4,0.192683008170752,0.284487243621811,61.4374429320206,28.2117678783266,R3,1.26601157770395,0.554632832008128,0.445367167991872,0.166495614105076,0.074569805694356,1.78146867196749,0.186976745801953,0.188421444475915,0.0677551835688773,0.204854000191895,0.711022231437864,0.201347280905619,0.131636766429245,4,24999.9994413748,,1
4,6,33,0.201193023255814,0.148032558139535,4,0.183989766176704,0.304593417133572,71.3141579899694,46.0491564429623,R3,1.24403341316431,0.462604500665008,0.537395499334992,0.168954506818113,0.0989653840261099,2.14958199733997,0.175551942144657,0.231367146225655,0.0735921996638229,0.296601463832462,0.618754299232007,0.200992873652209,0.14736717156888,4,24999.9994413748,,1
4,7,32,0.200841860465116,0.163811627906977,4,0.176020512151575,0.323025114341385,77.3949682799322,59.9177707556774,R3,1.21788697603956,0.38126716745895,0.61873283254105,0.171980956990035,0.123439704816335,2.4749313301642,0.166273030651822,0.268521363696547,0.0810976543820374,0.374778019060518,0.54510795231592,0.200638366693819,0.163102201007328,4,24999.9994413748,,1
4,8,31,0.200490697674419,0.179590697674419,4,0.16868841921746,0.339983152877365,80.6733403012627,69.0770489789806,R4,1.19666667924266,0.3194652301603,0.6805347698397,0.174371533213512,0.146253866085306,2.7221390793588,0.158292809449588,0.298727685591366,0.085203829735669,0.436160091754329,0.483772565360684,0.200283725110671,0.178843043406854,4,24999.9994413748,,1
4,9,30,0.200139534883721,0.19536976744186,4,0.161920010837314,0.355637473024307,81.8802951462816,67.1148669824263,R4,1.18037252277362,0.273051003891659,0.726948996108341,0.176121045856989,0.167641057568774,2.90779598443336,0.151194688824971,0.323808458964396,0.0865019527644484,0.484475398716271,0.431694830021405,0.199928942818105,0.194589949010012,4,24999.9994413748,,1
4,10,29,0.199788372093023,0.211148837209302,4,0.155652689891335,0.370132852593864,81.6127611175542,65.047283333713,R4,1.16862557276105,0.238566361455269,0.761433638544731,0.177274897366949,0.187886743370668,3.04573455417893,0.144711510720008,0.345091682369392,0.0856248805914614,0.52265824610125,0.386800291207152,0.199574015615111,0.210343104488375,4,24999.9994413748,,1
4,11,28,0.199437209302326,0.226927906976744,4,0.149832796955751,0.383593397838416,80.3260783001334,63.4834448675567,R4,1.152331416292,0.203363973493787,0.796636026506213,0.179045700806549,0.208317259015153,3.18654410602485,0.139288681852099,0.364636132787579,0.0870576519708788,0.558746148863348,0.348812021937923,0.199218991769544,0.226100765318141,4,24999.9994413748,,1
4,12,27,0.199086046511628,0.242706976744186,4,0.144414070111009,0.396126105685249,78.4153825566867,62.1546247554832,R4,1.13717406143708,0.173505258081228,0.826494741918772,0.180675373410101,0.228112613635616,3.30597896767509,0.134431065982581,0.381884912048212,0.0879999749763461,0.589694754962051,0.315671044763851,0.198863841541972,0.241864003471349,4,24999.9994413748,,1
4,13,26,0.19873488372093,0.258486046511628,4,0.139356412635616,0.407823713877098,76.1892418493701,61.0631628908909,R4,1.12315350819627,0.148088186416899,0.851911813583101,0.182162717570323,0.247326620248001,3.4076472543324,0.1300327734776,0.39723427127653,0.0885112809943038,0.61640058593323,0.286480455796566,0.198508563628829,0.257632873372189,4,24999.9994413748,,1
4,14,25,0.198383720930233,0.27426511627907,4,0.134624899096425,0.418766999737236,73.9223934235722,60.255642950796,R4,1.10837508721272,0.124457759883371,0.875542240116629,0.183762157419631,0.26615487922926,3.50216896046651,0.126159708646286,0.411132251613513,0.0894153247737112,0.640697099483742,0.260785490040377,0.198153170999899,0.273406888787421,4,24999.9994413748,,1
4,15,24,0.198032558139535,0.290044186046512,4,0.130188967710372,0.429026648116438,71.7843938917827,57.4319680707199,R1,1.09321773235779,0.102630761395016,0.897369238604984,0.185423233947463,0.284539136987224,3.58947695441994,0.122723226481282,0.423727978785131,0.0905256369919827,0.662797690550801,0.237978558812684,0.19779766232034,0.289186093541951,4,24999.9994413748,,1
4,16,23,0.197681395348837,0.305823255813953,4,0.126021759483359,0.438664779866288,69.7892181134913,54.662393643202,R1,1.07502890653188,0.0796687157067582,0.920331284293242,0.187506079736481,0.302576249019414,3.68132513717297,0.119890659985617,0.435298679617518,0.092865583970564,0.684592984946256,0.217932390359844,0.197442062313577,0.304969530816017,4,23773.8252934126,,1
4,17,22,0.19733023255814,0.321602325581395,4,0.122099573920664,0.447736210699901,67.8051797465578,51.6555556991818,R1,1.04547206456478,0.0472131425410806,0.952786857458919,0.191147406514166,0.320351949554851,3.81114742983568,0.118322203100519,0.446177562870316,0.0996373421907115,0.711099399858788,0.201265729700168,0.197086459247473,0.320753756698622,4,19138.2056404934,,1
4,18,21,0.196979069767442,0.337381395348837,4,0.118401418004491,0.456289494339654,65.9727649828355,48.5720115435277,R6,1.01743095808316,0.0177273993876083,0.982272600612392,0.1946028653467,0.33717712884237,3.92909040244957,0.116932678020889,0.455855597442273,0.105801876902821,0.7351649402101,0.186165980536648,0.196730747760743,0.336542798920262,4,16422.0719641605,,1
4,19,20,0.196627906976744,0.353160465116279,4,0.114908630310872,0.464367791878794,64.220134091983,45.665533189808,R6,1,0,1,0.196627906976744,0.353160465116279,4,0.114908630310872,0.464367791878794,0.107795093951717,0.751759829595881,0.171318526808432,0.196374819644937,0.352340899562035,4,14630.933367387,,1
4,20,19,0.196276744186047,0.368939534883721,4,0.111604566056074,0.472009600222154,62.1781546385295,42.1442922186557,R1,1,0,1,0.196276744186047,0.368939534883721,4,0.111604566056074,0.472009600222154,0.103184836315359,0.757482134528291,0.155791880906127,0.196018566302788,0.368152401510647,4,13358.024793901,,1
4,21,18,0.195925581395349,0.384718604651163,4,0.108474331853069,0.479249365554945,60.0299611551086,38.6106322279861,R1,1,0,1,0.195925581395349,0.384718604651163,4,0.108474331853069,0.479249365554945,0.0989527541870761,0.762735043659888,0.141538872545572,0.195662179273935,0.383969836842432,4,12405.4273182087,,1
4,22,17,0.195574418604651,0.400497674418605,4,0.105504561259125,0.486118002467715,57.8795736744455,35.3110648376986,R1,1,0,1,0.195574418604651,0.400497674418605,4,0.105504561259125,0.486118002467715,0.0950541487475687,0.767574037680542,0.128408962907844,0.195305658483112,0.399793208897836,4,11665.0224886628,,1
4,23,16,0.195223255813954,0.416276744186046,4,0.102683223978746,0.492643335241534,55.735798782017,32.2278984207613,R1,1,0,1,0.195223255813954,0.416276744186046,4,0.102683223978746,0.492643335241534,0.0914510984553757,0.772046185244734,0.116274438014074,0.194949003855,0.415622521019812,4,11072.6283245187,,1
4,24,15,0.194872093023256,0.432055813953488,4,0.0999994629780018,0.498850474578274,53.5886397350509,29.3438715988322,R1,1,0,1,0.194872093023256,0.432055813953488,4,0.0999994629780018,0.498850474578274,0.0881112214852399,0.776191679047321,0.105026240806265,0.194592215314221,0.431457776553825,4,10587.6840087324,,1
4,25,14,0.194520930232558,0.44783488372093,4,0.0974434548599988,0.504762140531347,51.4236466304653,26.6426899426364,R1,1,0,1,0.194520930232558,0.44783488372093,4,0.0974434548599988,0.504762140531347,0.0850066997928732,0.780045047165602,0.0945706843459806,0.19423529278534,0.44729897884785,4,10183.2639329647,,1
4,26,13,0.19416976744186,0.463613953488372,4,0.0950062897161008,0.510398940391925,49.224574840164,24.109262717729,R1,1,0,1,0.19416976744186,0.463613953488372,4,0.0950062897161008,0.510398940391925,0.0821135024750635,0.783636117033709,0.0848268362094117,0.193878236192866,0.463146131252381,4,9840.77804196438,,1
4,27,12,0.193818604651163,0.479393023255814,4,0.0926798673555401,0.515779608694395,46.9729655423976,21.7297671962828,R1,1,0,1,0.193818604651163,0.479393023255814,4,0.0926798673555401,0.515779608694395,0.0794107625069191,0.786990789043526,0.0757244194332998,0.193521045461252,0.478999237120425,4,9546.9692921879,,1
4,28,11,0.193467441860465,0.495172093023256,4,0.0904568073665033,0.52092121523166,44.6468260622184,19.4916207621605,R1,1,0,1,0.193467441860465,0.495172093023256,4,0.0904568073665033,0.52092121523166,0.076880272643825,0.790131662236989,0.0672021147894595,0.193163720514894,0.494858299807514,4,9292.12254051454,,1
4,29,10,0.193116279069767,0.510951162790698,4,0.0883303709045885,0.525839345946791,42.2191475131751,17.3834146902577,R1,1,0,1,0.193116279069767,0.510951162790698,4,0.0883303709045885,0.525839345946791,0.0745060747279984,0.79307854406353,0.0592061776317803,0.192806261278131,0.510723322671696,4,9068.95291069546,,1
4,30,9,0.19276511627907,0.526730232558139,4,0.0862943924625535,0.53054826073943,39.6563338508073,15.3948313825379,R1,1,0,1,0.19276511627907,0.526730232558139,4,0.0862943924625535,0.53054826073943,0.0722741228130273,0.795848868513777,0.051689303350953,0.192448667675243,0.526594309073549,4,8871.89013566817,,1
4,31,8,0.192413953488372,0.542509302325581,4,0.0843432201662032,0.535061031552507,36.9163199376416,13.5165488275947,R1,1,0,1,0.192413953488372,0.542509302325581,4,0.0843432201662032,0.535061031552507,0.0701720050772414,0.79845804128389,0.0446096908210369,0.192090939630457,0.542471262376174,4,8696.60011709257,,1
4,32,7,0.192062790697674,0.558288372093023,4,0.0824716633787648,0.539389663555518,33.9460640494333,11.7401506984723,R1,1,0,1,0.192062790697674,0.558288372093023,4,0.0824716633787648,0.539389663555518,0.0681887128949522,0.800919726407,0.0379302646665497,0.191733077067941,0.558354185945205,4,8539.65940230526,,1
4,33,6,0.191711627906977,0.574067441860465,4,0.0806749465908679,0.543545201790123,30.678012232033,10.058040242911,R1,1,0,1,0.191711627906977,0.574067441860465,4,0.0806749465908679,0.543545201790123,0.0663144479921482,0.803246085613777,0.0316180257922069,0.191375079911804,0.574243083148804,4,8398.32678786022,,1
4,34,5,0.191360465116279,0.589846511627907,4,0.0789486687336503,0.547537825272881,27.0249849053273,8.46337157550597,R1,1,0,1,0.191360465116279,0.589846511627907,4,0.0789486687336503,0.547537825272881,0.0645404605550273,0.805447979273996,0.0256435061571021,0.191016948086102,0.590137957357668,4,8270.38307444129,,1
4,35,4,0.191009302325581,0.605625581395349,4,0.0772887671851622,0.551376930243062,22.8726157234509,3.13596716054941,R4,1,0,1,0.191009302325581,0.605625581395349,4,0.0772887671851622,0.551376930243062,0.0628589126462117,0.807535135925896,0.0199803087813114,0.190658681514831,0.606038811945033,4,8154.01091449263,,1
4,36,3,0.190658139534884,0.621404651162791,4,0.075691485850374,0.555071203988845,18.0679203664767,-4.03115968790122,R4,1,0,1,0.190658139534884,0.621404651162791,4,0.075691485850374,0.555071203988845,0.0612627624302548,0.809516295976824,0.0146047178350258,0.19030028012193,0.621945650286671,4,8047.70830855014,,1
4,37,2,0.190306976744186,0.637183720930233,4,0.0741533467868726,0.558628690472846,12.4014914272838,-12.6628602437308,R4,1,0,1,0.190306976744186,0.637183720930233,4,0.0741533467868726,0.558628690472846,0.0597456656012242,0.811399334052449,0.00949536666165489,0.189941743831282,0.637858475760895,4,7950.22013496621,,1
4,38,1,0.189955813953488,0.652962790697674,4,0.0726711249250989,0.562056848800447,5.57875575212204,-23.1892751201293,R4,1,0,1,0.189955813953488,0.652962790697674,4,0.0726711249250989,0.562056848800447,0.0583018911025017,0.813191363606323,0.00463295393494442,0.189583072566712,0.653777291748564,4,7860.49489094601,,1
4,39,0,0.189604651162791,0.668741860465116,4,0.0712418254964121,0.565362605425319,-2.82853046642409,-36.2006437870692,R4,1,2.31825689887023e-16,1,0.189604651162791,0.668741860465116,4,0.0712418254964121,0.565362605425319,0.0569262487782117,0.814898826719759,0,0.189224266251987,0.669702101633081,4,7777.64091958804,,1
5,0,38,0.2161,0.0595976744186047,4,0.263298004219092,0.163382159387622,-203.282821625796,-357.504086505502,R3,1,0,1,0.2161,0.0595976744186046,4,0.263298004219092,0.163382159387622,0.798457445878068,0,1.92885996444933,0.21586799395908,0.0592557334323291,4,24999.9994413748,,1
5,1,37,0.215748837209302,0.0753767441860465,4,0.248485335476095,0.195331458417035,-89.4153975196833,-161.351478658946,R2,1.07369998357876,0.317904678098456,0.682095321901544,0.207085318441963,0.0552033447274323,2.72838128760618,0.255010021122728,0.152952241977015,0.505158352237379,0,1.44672170630686,0.215517505722303,0.0749649292773184,4,24999.9994413748,B-R,1
5,2,36,0.215397674418605,0.0911558139534884,4,0.235209717088581,0.223965508703453,-24.4540460341932,-74.0865376629301,R2,1.15912767412766,0.525750767993835,0.474249232006165,0.196636151574595,0.0501097555731536,1.89699692802466,0.245178812712137,0.1405802703433,0.313399394339328,0,1.13149969591276,0.215166824208791,0.0906827879582159,4,24999.9994413748,B-R,1
5,3,35,0.215046511627907,0.10693488372093,4,0.223243709124094,0.249774873192648,17.1388785917601,-18.2143879585239,R2,1.25932435165311,0.672258259309762,0.327741740690238,0.184380502425096,0.0441355719488611,1.31096696276095,0.233329107500292,0.125668144526611,0.178231473339988,0,0.909304580413361,0.214815949258626,0.106409316642679,4,24999.9994413748,B-R,1
5,4,34,0.214695348837209,0.122713953488372,4,0.212402635275279,0.273157878389431,44.508479818133,15.7163299422119,R3,1.37848236701709,0.781088667275165,0.218911332724835,0.16980557972588,0.0370308267450102,0.87564533089934,0.218768146281972,0.107344069638868,0.0778244576026684,0,0.744251006357039,0.214464880711714,0.122144522506275,4,24999.9994413748,B-R,1
5,5,33,0.214344186046512,0.138493023255814,4,0.202534983475142,0.294441319175867,60.9348184269072,35.3916137598106,R3,1.43737152942201,0.767014234708835,0.232985765291165,0.162316299764034,0.0463795277302632,0.931943061164659,0.200891374435059,0.129154040235542,0.039228054009409,0.0572081981219312,0.628604058371195,0.214113177887897,0.137881471979281,4,24999.9994413748,,1
5,6,32,0.213993023255814,0.154272093023256,4,0.193515281202517,0.313895825994606,72.3495484991873,51.7793504189135,R3,1.42539023934257,0.675330271520929,0.324669728479071,0.163240999863367,0.0713942030438074,1.29867891391629,0.184962619810843,0.182012070509376,0.040467049703963,0.149648901050155,0.546291928813426,0.213760929883426,0.153618455302981,4,24999.9994413748,,1
5,7,31,0.213641860465116,0.170051162790698,4,0.185238731844826,0.331747433625107,80.451593533679,64.4719656595734,R3,1.40707700640654,0.593921365725878,0.406078634274122,0.16493178323108,0.0971644981389632,1.62431453709649,0.171978139888059,0.227960196530393,0.0441505980629122,0.228864522775883,0.480065680213833,0.213408521127896,0.169360374067525,4,24999.9994413748,,1
5,8,30,0.213290697674419,0.18583023255814,4,0.177617124370719,0.348186403570353,85.4403886638039,74.8879130860971,R3,1.37568289280192,0.513022675308886,0.486977324691114,0.168205255813604,0.124492574018484,1.94790929876446,0.161833063694277,0.269496828544873,0.052492286407008,0.302391802533493,0.426687101181169,0.213055918149119,0.185106118924461,4,24999.9994413748,,1
5,9,29,0.212939534883721,0.201609302325581,4,0.170575677075377,0.363374031751473,87.8089176553455,77.6065004461445,R4,1.35004436669148,0.448966910389598,0.551033089610402,0.170808032097401,0.149981014465254,2.20413235844161,0.15325441990486,0.302777448134833,0.0578695992058726,0.361972440146412,0.381161361978201,0.212703220826633,0.20085772839765,4,24999.9994413748,,1
5,10,28,0.212588372093023,0.217388372093023,4,0.164050575665643,0.377447958587607,88.0012985199817,75.3051311016726,R4,1.3322543689822,0.400494988245639,0.599505011754361,0.172481406333977,0.173626608275172,2.39802004701744,0.145598269701323,0.329771203294555,0.0599722702644298,0.409238892802867,0.341488874064242,0.212350439373815,0.216615773662869,4,24999.9994413748,,1
5,11,27,0.212237209302326,0.233167441860465,4,0.15798703378314,0.390526352234465,86.6582654978567,73.3061932236453,R4,1.31237143036594,0.356366178271729,0.643633821728271,0.174420652208,0.196953422848436,2.57453528691309,0.139130267790976,0.353484004112039,0.0626702546249711,0.451401039602833,0.307452486121308,0.211997522039709,0.232378874617534,4,24999.9994413748,,1
5,12,26,0.211886046511628,0.248946511627907,4,0.152337751040612,0.402711234430529,84.3934099931896,71.5517326312017,R4,1.29562790311015,0.31996975893407,0.68003024106593,0.175992694033548,0.219338345871299,2.72012096426372,0.133325910676261,0.37386688667808,0.0641776791657055,0.486971512757825,0.27747366958073,0.211644495237,0.248147909039154,4,24999.9994413748,,1
5,13,25,0.21153488372093,0.264725581395349,4,0.147061676658324,0.414091147197486,81.643048845756,70.1453144956043,R4,1.27836114062761,0.287150108604341,0.712849891395659,0.177640207064835,0.241239021992767,2.85139956558264,0.12826961996588,0.391933706407372,0.065807814840854,0.518745989808232,0.251160282270264,0.21129134066946,0.263922254721358,4,24999.9994413748,,1
5,14,24,0.211183720930233,0.280504651162791,4,0.142123010298984,0.424743307929537,78.9889777229517,69.064851452716,R1,1.25847820201135,0.255615984637384,0.744384015362616,0.179619324679963,0.262774248729007,2.97753606145046,0.124002555919564,0.408171708100843,0.0682096531149945,0.548349179722746,0.228096676562162,0.210938049269122,0.27970138771148,4,24999.9994413748,,1
5,15,23,0.210832558139535,0.296283720930233,4,0.137490388654745,0.434735363835863,76.5576168709837,65.6085726501162,R1,1.23179320544743,0.22172004383495,0.77827995616505,0.182445437227752,0.284041266304845,3.1131198246602,0.120752734647225,0.422987882872336,0.0726257598591785,0.578135086236813,0.208177493688469,0.210584603855822,0.295484073582455,4,22595.9793716525,,1
5,16,22,0.210481395348837,0.312062790697674,4,0.133136218708973,0.444126830021734,74.2854360126958,61.6997625588074,R6,1.1930737986684,0.181035561747475,0.818964438252525,0.186768340801685,0.304911876005598,3.2758577530101,0.118858413180874,0.436599792928229,0.0806494020144298,0.610866251542213,0.191501096313521,0.210230984038289,0.311268291058006,4,18198.4659684397,,1
5,17,21,0.21013023255814,0.327841860465116,4,0.129036127716576,0.452970275820507,72.1859286752775,58.0096620114642,R6,1.15644733279634,0.1440548046361,0.8559451953639,0.190860650960715,0.324516081234671,3.4237807814556,0.117227781123465,0.448469471777969,0.0879850412577807,0.640570664045907,0.176455532815752,0.209877254561358,0.327057266550668,4,15636.3043965887,,1
5,18,20,0.209779069767442,0.343620930232558,4,0.125168506740617,0.461312309335013,70.2320797921841,54.594792237644,R6,1.12191380783126,0.110398619490965,0.889601380509035,0.194720162815931,0.342952955973836,3.55840552203614,0.115801548224526,0.458902591622487,0.0946754439249386,0.66758885745658,0.162800379552448,0.209523416345097,0.342851047322867,4,13953.3227016938,,1
5,19,19,0.209427906976744,0.3594,4,0.121514129691175,0.469194399128861,68.3945527611129,51.421085167981,R6,1.08947322377316,0.0797715995766258,0.920228400423374,0.198344671478425,0.360321574204864,3.6809136016935,0.114531437475766,0.468141301523855,0.100749055940925,0.692191555341532,0.150335371610631,0.209169470160721,0.3586496994418,4,12760.9563159572,,1
5,20,18,0.209076744186047,0.375179069767442,4,0.118055833687336,0.476653563650522,66.6427299559312,48.4522711052395,R6,1.05860234539529,0.0515102185444718,0.948489781455528,0.20179697004271,0.376707364421541,3.79395912582211,0.11341855464809,0.476382825644577,0.106395338385373,0.714847577277399,0.1389441724918,0.208815414500135,0.374453083033828,4,11870.9312422386,,1
5,21,17,0.208725581395349,0.390958139534884,4,0.11477824952683,0.483722952580695,64.9450726099946,45.6537469981768,R6,1.0287779374709,0.024977997167574,0.975022002832426,0.205140586566271,0.392162730457067,3.9000880113297,0.112472489458714,0.483775143855624,0.111804940701072,0.735996749103885,0.128538854933824,0.208461248049295,0.390260987970615,4,11180.7058313823,,1
5,22,16,0.208374418604651,0.406737209302326,4,0.111667573332436,0.490432339365932,63.2700608862749,43.002355318482,R6,1.00052323522674,0.000448854662358228,0.999551145337642,0.208309053139744,0.406767367120604,3.99820458135057,0.111625176890401,0.49043633439515,0.116816850610408,0.755537361393713,0.11894754593103,0.208106973580504,0.40607366984924,4,10629.552812387,,1
5,23,15,0.208023255813954,0.422516279069767,4,0.108711372218259,0.496808540375124,61.3697847809591,40.7276484671263,R6,1,0,1,0.208023255813954,0.422516279069767,4,0.108711372218259,0.496808540375124,0.112625735986599,0.760644946184114,0.107397513908649,0.207752674834372,0.421905898569528,4,10179.1687098307,,1
5,24,14,0.207672093023256,0.438295348837209,4,0.105898418206194,0.502875773123439,59.1908576049326,38.5489734486603,R6,1,0,1,0.207672093023256,0.438295348837209,4,0.105898418206194,0.502875773123439,0.108571097144419,0.765141881072694,0.0966290231914401,0.20739824490566,0.437744348074966,4,9804.17130524533,,1
5,25,13,0.207320930232558,0.454074418604651,4,0.103218545714742,0.508655963653289,56.9046788937129,36.442066395797,R6,1,0,1,0.207320930232558,0.454074418604651,4,0.103218545714742,0.508655963653289,0.104798255411044,0.769326279308959,0.0866089418069523,0.207043681857663,0.453588746296591,4,9487.06486305288,,1
5,26,12,0.20696976744186,0.469853488372093,4,0.100662528807137,0.514169011296639,54.5382099633743,34.3869305150055,R6,1,0,1,0.20696976744186,0.469853488372093,4,0.100662528807137,0.514169011296639,0.101278820045424,0.773229628608315,0.0772618683585728,0.206688985615372,0.469439096586423,4,9215.38799419364,,1
5,27,11,0.206618604651163,0.485632558139535,4,0.0982219750747062,0.519433017556932,52.0806441939261,32.1670667377104,R1,1,0,1,0.206618604651163,0.485632558139535,4,0.0982219750747062,0.519433017556932,0.0979880901701796,0.776879324317569,0.0685222011542409,0.206334156103719,0.485295402299001,4,8980.02470823043,,1
5,28,10,0.206267441860465,0.501411627906977,4,0.0958892335834486,0.524464484658209,49.5088284134419,29.7021044632438,R1,1,0,1,0.206267441860465,0.501411627906977,4,0.0958892335834486,0.524464484658209,0.0949044741845916,0.780299313334672,0.0603325962575464,0.205979193247581,0.501157666791386,4,8774.14669831612,,1
5,29,9,0.205916279069767,0.517190697674418,4,0.0936573147564428,0.529278488349954,46.7911684490236,27.3725596007399,R1,1,0,1,0.205916279069767,0.517190697674418,4,0.0936573147564428,0.529278488349954,0.0920090154570185,0.783510620155644,0.0526427078005087,0.205624096971776,0.517025893423161,4,8592.5394390258,,1
5,30,8,0.20556511627907,0.53296976744186,4,0.0915198204247208,0.533888828779672,43.8868422309922,25.1689066003803,R1,1,0,1,0.20556511627907,0.53296976744186,4,0.0915198204247208,0.533888828779672,0.0892850022712455,0.786531779476821,0.0454081520616845,0.205268867201069,0.532900085556438,4,8431.15089162868,,1
5,31,7,0.205213953488372,0.548748837209302,4,0.0894708825721282,0.538308162613496,40.7433721925545,23.0822914438036,R1,1,0,1,0.205213953488372,0.548748837209302,4,0.0894708825721282,0.538308162613496,0.086717645067923,0.789379194161198,0.0385896502695798,0.204913503860167,0.548780246555854,4,8286.78258234732,,1
5,32,6,0.204862790697674,0.564527906976744,4,0.0875051095390811,0.542548119068775,37.2929534376391,21.1045568624715,R1,1,0,1,0.204862790697674,0.564527906976744,4,0.0875051095390811,0.542548119068775,0.0842938078143798,0.792067433171862,0.0321523151626199,0.204558006873719,0.56466637978858,4,8156.87793310908,,1
5,33,5,0.204511627906977,0.580306976744186,4,0.0856175386466704,0.546619402098671,33.447118943668,18.5557319160075,R4,1,0,1,0.204511627906977,0.580306976744186,4,0.0856175386466704,0.546619402098671,0.0820017832002198,0.794609480898944,0.026065053943584,0.204202376166319,0.580558488624318,4,8039.36742679026,,1
5,34,4,0.204160465116279,0.596086046511628,4,0.0838035943645999,0.550531880619327,29.0888432998567,12.0940306713983,R4,1,0,1,0.204160465116279,0.596086046511628,4,0.0838035943645999,0.550531880619327,0.079831103537874,0.797016946886787,0.0203000660608557,0.203846611662503,0.596456576435305,4,7932.56082272074,,1
5,35,3,0.203809302325581,0.61186511627907,4,0.0820590512805868,0.554294668380795,24.0605007584684,4.45027402262656,R4,1,0,1,0.203809302325581,0.61186511627907,4,0.0820590512805868,0.554294668380795,0.0777723809226735,0.799300243109843,0.0148324186984145,0.203490713286751,0.612360646596319,4,7835.05879817398,,1
5,36,2,0.203458139534884,0.627644186046512,4,0.0803800012403329,0.557916194842512,18.1449416904644,-4.7101051330871,R4,1,0,1,0.203458139534884,0.627644186046512,4,0.0803800012403329,0.557916194842512,0.0758171715033227,0.801468734508113,0.00963968629930363,0.203134680963487,0.628270702484674,4,7745.69747164139,,1
5,37,1,0.203106976744186,0.643423255813953,4,0.078762824120168,0.561404268213497,11.0346022587282,-15.8373402147424,R4,1,0,1,0.203106976744186,0.643423255813953,4,0.078762824120168,0.561404268213497,0.0739578597238508,0.803530867372544,0.00470164313024116,0.202778514617076,0.64418674748023,4,7663.49845811441,,1
5,38,0,0.202755813953488,0.659202325581395,4,0.0772041617723175,0.564766131649544,2.27878330464952,-29.5543594088024,R4,1,0,1,0.202755813953488,0.659202325581395,4,0.0772041617723175,0.564766131649544,0.0721875591906965,0.805494279291751,0,0.202422214171828,0.66010878496539,4,7587.63493059288,,1
6,0,37,0.2289,0.0658372093023256,4,0.27476958766556,0.177818442199061,-213.560385856928,-360.507841679118,R3,1,0,1,0.2289,0.0658372093023256,4,0.27476958766556,0.177818442199061,0.867343085786673,0,1.70010884142752,0.228620884881856,0.0654677590771243,4,24999.9994413748,,1
6,1,36,0.228548837209302,0.0816162790697674,4,0.259545170039641,0.208541860888902,-101.867826780206,-172.444642909104,R2,1.07369998357876,0.293600980952476,0.706399019047523,0.220828678231771,0.0619027332296226,2.82559607619009,0.267575816059573,0.16876552270721,0.583148776344818,0,1.29905487780845,0.2282738680126,0.0811806574950827,4,24999.9994413748,B-R,1
6,2,35,0.228197674418605,0.0973953488372093,4,0.245879559734638,0.236119550713834,-36.8495265965948,-85.0985240326042,R2,1.15912767412766,0.492069074810275,0.507930925189725,0.211472985803429,0.0573421731305594,2.0317237007589,0.259065992405616,0.158056432587499,0.391039394771301,0,1.02795082551486,0.227926659756645,0.0969022218886896,4,24999.9994413748,B-R,1
6,3,34,0.227846511627907,0.113174418604651,4,0.233545009868703,0.261011113018107,6.38161121630171,-28.5627782481093,R2,1.25932435165311,0.635195300104418,0.364804699895582,0.200499854126255,0.0519931701709199,1.45921879958233,0.248842612018588,0.145190936621335,0.252498785579426,0,0.832442827667463,0.227579259955619,0.112632459429109,4,24999.9994413748,B-R,1
6,4,33,0.227495348837209,0.128953488372093,4,0.222356079315632,0.283590774619634,36.9529878360478,10.8923061958846,R2,1.37848236701709,0.743294963139921,0.256705036860079,0.187450154023699,0.0456319155606076,1.02682014744032,0.236330163471242,0.129444789044062,0.147862523848936,0,0.684780520185966,0.227231668450973,0.12837137729542,4,24999.9994413748,B-R,1
6,5,32,0.227144186046512,0.144732558139535,4,0.212160245368389,0.304166331790368,58.5962036290317,39.9028214660266,R2,1.52254663013383,0.827824088256379,0.172175911743621,0.171672823196003,0.0379410400862784,0.688703646974483,0.220662925580705,0.109728532947653,0.0660416244014489,0,0.569315167995284,0.226883885083982,0.144118982674626,4,24999.9994413748,B-R,1
6,6,31,0.226793023255814,0.160511627906977,4,0.202830909765921,0.322993264344077,72.1224001186213,60.0273372862757,R3,1.64141735088608,0.849894528511844,0.150105471488156,0.158477600381673,0.0395477738711518,0.600421885952622,0.200755881276274,0.112721030593709,0.018497834506548,0.0267302248353119,0.482063125854409,0.226535332282021,0.159870922946584,4,24999.9994413748,,1
6,7,30,0.226441860465116,0.176290697674419,4,0.194262115196616,0.340285397921114,81.1326297396444,71.4342255825827,R3,1.62553095267834,0.762033410967615,0.237966589032385,0.159598786640426,0.0681931301590192,0.951866356129541,0.182444485652557,0.175397863870318,0.0215209505688143,0.110475640918562,0.42317328903839,0.226185163721106,0.175618538945279,4,24999.9994413748,,1
6,8,29,0.226090697674419,0.19206976744186,4,0.186364503350359,0.356223060783786,87.9236494716997,80.2092061013331,R3,1.61360939864747,0.691169279176025,0.308830720823975,0.160306062145004,0.095714540872388,1.2353228832959,0.167510593689596,0.225036399381177,0.023031112791004,0.178967878451701,0.373651460217888,0.22583490671232,0.191372160646008,4,24999.9994413748,,1
6,9,28,0.225739534883721,0.207848837209302,4,0.179062186975987,0.37095939611615,92.2021531399399,86.2592934482943,R4,1.57924727232321,0.616050212201664,0.383949787798336,0.1634354288553,0.126029486450309,1.53579915119334,0.156192658910092,0.270999878283091,0.0302700994744467,0.245816090273746,0.333453958421158,0.225484289719678,0.207129102683151,4,24999.9994413748,,1
6,10,27,0.225388372093023,0.223627906976744,4,0.172290303570619,0.384625298766358,93.5426348816134,84.0680969053039,R4,1.54909275330396,0.553340094013962,0.446659905986037,0.166134879212068,0.154732089955793,1.78663962394415,0.146875293748532,0.307787400591758,0.0357699758563893,0.302176327066088,0.298711666996003,0.225133583228745,0.22289173372348,4,24999.9994413748,,1
6,11,26,0.225037209302326,0.239406976744186,4,0.165993083478571,0.397333313892053,92.1001059954715,81.7767571677001,R4,1.52244457370556,0.500393637067453,0.499606362932547,0.168475901768105,0.182098451970828,1.99842545173019,0.138999936033684,0.33803804608145,0.0399506842468273,0.350234131903124,0.268368994249729,0.224782782308886,0.238660086994124,4,24999.9994413748,,1
6,12,25,0.224686046511628,0.255186046511628,4,0.160122310474699,0.409180743558191,89.0250256352539,79.7252996733063,R4,1.50421160871718,0.458560697827569,0.541439302172431,0.169921630294123,0.207833540942265,2.16575720868972,0.131871463560059,0.362911152867017,0.0418025519072199,0.389686333736029,0.241229728154165,0.224431942584321,0.254434989856808,4,24999.9994413748,,1
6,13,24,0.22433488372093,0.27096511627907,4,0.154636084852352,0.420252142869738,85.8363764123223,78.1514151885752,R4,1.47826469700294,0.416823872530998,0.583176127469002,0.172220715399831,0.233595959790919,2.33270450987601,0.126198836475829,0.385139273698368,0.0453339817162214,0.42732871627407,0.217825517134082,0.224080888655949,0.270214184439506,4,24999.9994413748,,1
6,14,23,0.223983720930233,0.286744186046512,4,0.149497821863938,0.430621341154393,83.0778673428474,75.8795299590609,R6,1.43829242760534,0.370998369749561,0.629001630250439,0.176071223599962,0.259414104973531,2.51600652100176,0.122254134228409,0.405276364098108,0.051922044768109,0.465891067067672,0.198041027772558,0.223729543979546,0.285996176703199,4,21368.6138086491,,1
6,15,22,0.223632558139535,0.302523255813953,4,0.144675434874841,0.440353090387167,80.5931945588236,71.5120410859535,R6,1.38709987206103,0.322037450085967,0.677962549914033,0.181180305426088,0.284493404098515,2.71185019965613,0.119757747285409,0.423104213797468,0.060964055694186,0.505046632006631,0.181272172128464,0.22337792449561,0.301780636720241,4,17222.935691035,,1
6,16,21,0.223281395348837,0.318302325581395,4,0.140140664672324,0.449504418668977,78.2699221560306,67.4300281278554,R6,1.33801112016924,0.27706476727517,0.72293523272483,0.186093883551241,0.307892369152555,2.89174093089932,0.117733982048193,0.438279520177526,0.0694532478906337,0.540825100994305,0.166269995118838,0.223026178421041,0.317569642996186,4,14822.5073006911,,1
6,17,20,0.22293023255814,0.334081395348837,4,0.135868525303493,0.45812574854543,76.0989460690677,63.6314307208625,R6,1.29172743981411,0.235995625780913,0.764004374219087,0.190732342869447,0.329700056264373,3.05601749687635,0.116036015058378,0.45130485089863,0.0772773116871086,0.573424845592363,0.152726405159823,0.22267431709494,0.333363347808002,4,13252.807324091,,1
6,18,19,0.222579069767442,0.349860465116279,4,0.131836843486364,0.466261826491755,74.0597168552114,60.0930568193297,R6,1.24824883099566,0.198445394234479,0.801554605765521,0.195092728270457,0.350049249692408,3.20621842306208,0.114585087264629,0.462592606098902,0.0844692844763884,0.603192260901678,0.140426792943158,0.222322344078728,0.349161798162337,4,12144.6852180104,,1
6,19,18,0.222227906976744,0.365639534883721,4,0.128025873664918,0.473952499745443,72.1249564704778,56.7861101192838,R6,1.20757529371389,0.164118728287302,0.835881271712698,0.199172084644026,0.3690727336951,3.34352508685079,0.113318411734209,0.472461570911558,0.0910474164542913,0.63040059851955,0.129190842208113,0.221970263189961,0.36496506421929,4,11320.0528074361,,1
6,20,17,0.221876744186047,0.381418604651163,4,0.124417974600513,0.481233368956342,70.2636815406227,53.6815561464494,R6,1.16970682796879,0.132791496972828,0.867208503027172,0.202967456879906,0.386903292530889,3.46883401210869,0.112184680160055,0.481162848879994,0.0970180725120843,0.655264865655219,0.118865388812758,0.221618078456666,0.380773241989852,4,10682.2326881213,,1
6,21,16,0.221525581395349,0.397197674418605,4,0.120997336320922,0.488136339213243,68.4432605509329,50.7426273916217,R6,1.13324089799202,0.103337621963597,0.896662378036404,0.206632657487929,0.403606251749467,3.58664951214561,0.11124220056971,0.488889841261336,0.102758656332921,0.678512622312007,0.109434338921149,0.221265771553311,0.396585894590557,4,10174.1167011423,,1
6,22,15,0.221174418604651,0.412976744186047,4,0.117749748510408,0.494690087440997,66.6320179667668,47.946026227156,R6,1.09887877166776,0.0760637148160899,0.92393628518391,0.210087578843745,0.419292798189299,3.69574514073564,0.110407692962691,0.495791275486881,0.108088656464098,0.70002515022172,0.100732486025811,0.220913355826618,0.412403310904479,4,9759.77033925299,,1
6,23,14,0.220823255813954,0.428755813953488,4,0.114662403184087,0.500920460610686,64.801166273949,45.2550500394687,R6,1.06521791322767,0.0498503560018945,0.950149643998106,0.213487757271497,0.433950799915987,3.80059857599242,0.109756219231112,0.501971632540415,0.113402110797392,0.720506445073254,0.0927849812953749,0.220560810059548,0.428224888319893,4,9415.42733062037,,1
6,24,13,0.220472093023256,0.44453488372093,4,0.11172372586835,0.506850816423575,62.924235572893,42.6478103775167,R6,1.03295959055592,0.0250577734145881,0.974942226585412,0.216753331406021,0.447680378413124,3.89976890634165,0.109214093733767,0.507532062416999,0.118513017556128,0.739790405875708,0.0854546036617354,0.220208147396875,0.4440509042636,4,9124.73739338145,,1
6,25,12,0.220120930232558,0.460313953488372,4,0.108923230595906,0.512502315936288,60.9745346400602,40.0909353845547,R6,1.00140253576834,0.00106218696589507,0.998937813034105,0.219962192538982,0.460469935036078,3.99575125213642,0.108815211526972,0.51253717200166,0.1236317592493,0.758278706168774,0.0787353247259835,0.219855356708299,0.459880950271377,4,8876.07650694538,,1
6,26,11,0.21976976744186,0.476093023255814,4,0.106251394886158,0.517894175854879,58.7961514242974,37.8467727811964,R6,1,0,1,0.21976976744186,0.476093023255814,4,0.106251394886158,0.517894175854879,0.119941787605611,0.763095908925059,0.0698951889870599,0.219502995684657,0.475733663632938,4,8660.95406168639,,1
6,27,10,0.219418604651163,0.491872093023256,4,0.103699551569507,0.523043886837246,56.2962339798267,35.6284671224359,R6,1,0,1,0.219418604651163,0.491872093023256,4,0.103699551569507,0.523043886837246,0.116094100653037,0.767024393100132,0.0615027071761935,0.219150528606701,0.491593170305583,4,8473.02170580369,,1
6,28,9,0.219067441860465,0.507651162790698,4,0.101259794866117,0.527967403029549,53.5462245155707,33.3944216297201,R6,1,0,1,0.219067441860465,0.507651162790698,4,0.101259794866117,0.527967403029549,0.112485605197768,0.770708663017769,0.0536319440797596,0.218797929055197,0.507458637719716,4,8307.43880457832,,1
6,29,8,0.218716279069767,0.523430232558139,4,0.0989248985748411,0.532679307163872,50.5554029840979,31.1105627938213,R6,1,0,1,0.218716279069767,0.523430232558139,4,0.0989248985748411,0.532679307163872,0.109094669592894,0.774170804565829,0.0462357172722011,0.218445196955445,0.523330069236457,4,8160.44699450045,,1
6,30,7,0.21836511627907,0.539209302325581,4,0.0966882445889151,0.537192954816109,47.2922785449935,28.7345776036635,R6,1,0,1,0.21836511627907,0.539209302325581,4,0.0966882445889151,0.537192954816109,0.105902194249205,0.777430318404034,0.0392723671910229,0.218092332232691,0.53920746821945,4,8029.08785418601,,1
6,31,6,0.218013953488372,0.554988372093023,4,0.0945437602489809,0.541520600829802,43.6982717099166,26.2123353171885,R6,1,0,1,0.218013953488372,0.554988372093023,4,0.0945437602489809,0.541520600829802,0.102891251686064,0.78050448747162,0.0327049720244736,0.217739334812123,0.555090838034871,4,7910.99607457836,,1
6,32,5,0.217662790697674,0.570767441860465,4,0.0924858632845599,0.545673510426214,39.688783762515,23.4725570828213,R6,1,0,1,0.217662790697674,0.570767441860465,4,0.0924858632845599,0.545673510426214,0.100046786287824,0.783408683535713,0.0265006928274881,0.217386204618874,0.570980182051427,4,7804.26155003756,,1
6,33,4,0.217311627906977,0.586546511627907,4,0.0905094132928073,0.549662057121935,35.1473331181421,20.4186711652752,R6,1,0,1,0.217311627906977,0.586546511627907,4,0.0905094132928073,0.549662057121935,0.0973553625225332,0.78615662425976,0.0206302243424076,0.217032941578021,0.586875503640363,4,7707.32448736826,,1
6,34,3,0.216960465116279,0.602325581395349,4,0.0886096688665612,0.553495809246016,29.913791787783,13.0605023384109,R4,1,0,1,0.216960465116279,0.602325581395349,4,0.0886096688665612,0.553495809246016,0.0948049527359873,0.788760589865562,0.0150673321405029,0.216679545614584,0.602776806175455,4,7618.89641480294,,1
6,35,2,0.216609302325581,0.618104651162791,4,0.0867822496189266,0.557183606575706,23.7646234891198,3.3453210327289,R4,1,0,1,0.216609302325581,0.618104651162791,4,0.0867822496189266,0.557183606575706,0.0923847574491439,0.791231606609424,0.00978846065902953,0.216326016653525,0.618684093033024,4,7537.90604743539,,1
6,36,1,0.216258139534884,0.633883720930232,4,0.0850231024641257,0.56073362838291,16.379818465173,-8.40810790115282,R4,1,0,1,0.216258139534884,0.633883720930232,4,0.0850231024641257,0.56073362838291,0.0900850524952148,0.793579602855014,0.00477239978035032,0.215972354619752,0.634597367591929,4,7463.4539177177,,1
6,37,0,0.215906976744186,0.649662790697674,4,0.0833284716082736,0.56415345399387,7.28557214142974,-22.8571899398827,R4,1,0,1,0.215906976744186,0.649662790697674,4,0.0833284716082736,0.56415345399387,0.0878970584332505,0.795813542401949,0,0.215618559438117,0.650516633233577,4,7394.77972970182,,1
7,0,36,0.2417,0.0720767441860465,4,0.285906850777206,0.191834003413903,-218.623988334778,-358.433796047267,R3,1,1.07546161323884e-15,0.999999999999999,0.2417,0.0720767441860465,4,0.285906850777206,0.191834003413903,0.924302150541223,0,1.51096274296399,0.241377006357575,0.071681358347684,4,24999.9994413748,,1
7,1,35,0.241348837209302,0.0878558139534884,4,0.270299835392661,0.221387754464193,-111.025888157222,-180.384456766241,R6,1.07369998357876,0.272749389235195,0.727250610764806,0.23457203802158,0.0686021217318129,2.90900244305922,0.279745195318045,0.184079938666854,0.650061414022045,0,1.17236269597537,0.24103346262617,0.0873979607106815,4,24999.9994413748,B-R,1
7,2,34,0.240997674418605,0.10363488372093,4,0.256269868648987,0.247955175215054,-47.5613445856303,-92.6718126499198,R2,1.15912767412766,0.462443122165346,0.537556877834653,0.226309820032263,0.0645745906879653,2.15022751133861,0.272475685488975,0.174931707275545,0.459330468014396,0,0.936870667693654,0.24068972939956,0.10312323219062,4,24999.9994413748,B-R,1
7,3,33,0.240646511627907,0.119413953488372,4,0.243589411612387,0.271967137863255,-4.51617861405136,-39.0864742525308,R1,1.25932435165311,0.60200551685716,0.39799448314284,0.216619205827415,0.0598507683929788,1.59197793257136,0.263770022223535,0.16397616503959,0.319004969878597,0,0.763613328665323,0.240345806520917,0.118857179962174,4,24999.9994413748,B-R,1
7,4,32,0.240295348837209,0.135193023255814,4,0.23207268962156,0.293775428958383,26.8603925646022,-0.326664394147059,R1,1.37848236701709,0.708989828601803,0.291010171398197,0.205094728321518,0.0542330043762049,1.16404068559279,0.253155972197071,0.150619035339768,0.211435686108181,0,0.630799491445164,0.240001693833239,0.134599811207933,4,24999.9994413748,B-R,1
7,5,31,0.239944186046512,0.150972093023256,4,0.221566530517581,0.313670098310806,50.6019266284401,31.1533446739894,R1,1.52254663013383,0.793610895786004,0.206389104213996,0.191161420061716,0.0474410228970901,0.825556416855986,0.239928777457146,0.133973423601981,0.126351925316978,0,0.525748120275677,0.23965739117935,0.150351133118422,4,24999.9994413748,B-R,1
7,6,30,0.239593023255814,0.166751162790698,4,0.211943513273599,0.331892432881125,68.5383630063066,54.9978594817634,R2,1.70023728262672,0.862217181417276,0.137782818582724,0.1739759044973,0.0390637085331132,0.551131274330897,0.222987947806129,0.112654430540233,0.0573705121811961,0,0.440578024739985,0.239312898401902,0.166111152892104,4,24999.9994413748,B-R,1
7,7,29,0.239241860465116,0.18253023255814,4,0.203096774703027,0.348644790899597,80.4908689185948,72.4180589825299,R2,1.91748403652493,0.915127910841888,0.0848720891581118,0.152945018936626,0.0297051299625626,0.339488356632447,0.200546052239447,0.0876380598728105,0.0018369274322074,0.00223572847108037,0.370594216070241,0.238968128139374,0.181879405778986,4,24999.9994413748,,1
7,8,28,0.238890697674419,0.198309302325581,4,0.19493602425243,0.364098148332645,87.5884793773515,82.4011623024575,R6,1.89492605572183,0.831383971603569,0.168616028396431,0.154401353120736,0.0633627780162707,0.674464113585722,0.178935637543064,0.165219944102072,0.0060277146822265,0.0788927961330504,0.327166199937169,0.238620032356636,0.197637648023473,4,24999.9994413748,,1
7,9,27,0.238539534883721,0.214088372093023,4,0.187384451248475,0.378397955380827,92.9632629789647,90.069063381627,R6,1.87639756595533,0.761610759398193,0.238389240601807,0.155491693907019,0.0957645100196815,0.953556962407228,0.162046865043513,0.224553871931537,0.00895539906222107,0.143301742945023,0.289944237750498,0.238271854210984,0.213401818416891,4,24999.9994413748,,1
7,10,26,0.238188372093023,0.229867441860465,4,0.180376299821158,0.391668728651849,96.3175921954616,91.5957451339615,R4,1.84675198232894,0.696337901393254,0.303662098606746,0.157652412620258,0.128907036897663,1.21464839442698,0.149024645044705,0.274167908190221,0.0134965118038867,0.201829615087311,0.258443079806284,0.237923409225613,0.229170692699622,4,24999.9994413748,,1
7,11,25,0.237837209302326,0.245646511627907,4,0.173854949179684,0.404017686387907,95.0757393189455,89.053676255387,R4,1.80598930484264,0.634239596942765,0.365760403057235,0.160895220989568,0.162264106451337,1.46304161222894,0.139141226449937,0.315731318454067,0.0195221075585158,0.255877122451033,0.23161543805643,0.237574688323622,0.244943966061041,4,24999.9994413748,,1
7,12,24,0.237486046511628,0.261425581395349,4,0.167771380504847,0.415537651588398,91.7736529370529,86.8187751534349,R4,1.7781965701929,0.584401484431609,0.415598515568391,0.162923956530355,0.193197649543553,1.66239406227356,0.130534343268998,0.348276520488635,0.0229298522355701,0.300622259553131,0.207453495171621,0.23722599497583,0.26072385959182,4,24999.9994413748,,1
7,13,23,0.23713488372093,0.277204651162791,4,0.162082942569662,0.426309389454944,89.0339555804147,83.9311920237543,R4,1.71797897845178,0.52631193596577,0.47368806403423,0.168090351772187,0.225585302049217,1.89475225613692,0.125187315468495,0.378016588511112,0.0314755468315584,0.348393594689312,0.187716607944001,0.236876727125937,0.27650535558164,4,20084.421184089,,1
7,14,22,0.236783720930233,0.292983720930233,4,0.156752350315338,0.436403503707621,86.5190359809613,80.9457103542449,R6,1.64849714182741,0.468733751521825,0.531266248478175,0.174193189813671,0.256592474343499,2.1250649939127,0.121585482540314,0.402973960382361,0.0413807816710377,0.394369773123093,0.17079649003712,0.236527151349382,0.292290138303513,4,16206.0738199703,,1
7,15,21,0.236432558139535,0.308762790697674,4,0.151746866655422,0.445881985936705,84.0882397990414,76.6476214171762,R6,1.58179457866802,0.4158574426939,0.5841425573061,0.180075605615676,0.285294821006984,2.3365702292244,0.118795396884246,0.423468523640424,0.0507431032855037,0.436336697286932,0.15574800442475,0.236177424864625,0.308079421030015,4,13976.3188329208,,1
7,16,20,0.236081395348837,0.324541860465116,4,0.147037629553238,0.454799489862058,81.7691065537048,72.5518654312387,R6,1.51787128897361,0.366999958651026,0.633000041348974,0.185734671245924,0.311823905089392,2.5320001653959,0.116623232749931,0.440538651920215,0.0596406057733143,0.474877542988094,0.142297825891805,0.235827549126338,0.323873142667091,4,12525.9045913756,,1
7,17,19,0.23573023255814,0.340320930232558,4,0.142599095144844,0.463204385846445,79.5692881617878,68.6983062372968,R6,1.45858012172081,0.322512182276383,0.677487817723617,0.19098667672838,0.336295023350009,2.70995127089447,0.114817618177539,0.45489212680566,0.0677768767615353,0.509938284921281,0.130114232733845,0.235477560121393,0.339671631772851,4,11506.402751669,,1
7,18,18,0.235379069767442,0.3561,4,0.138408574212407,0.471139638638656,77.4782726695798,65.0830519303888,R6,1.40392107690965,0.282053632076562,0.717946367923438,0.195826742175913,0.358927447538367,2.87178547169375,0.113268700752339,0.467118544124237,0.0751577137020547,0.541841361167425,0.118999949964381,0.235127467476398,0.355474993932577,4,10750.5110669869,,1
7,19,17,0.235027906976744,0.371879069767442,4,0.134445844247585,0.478643541977909,75.472712322115,61.680518008117,R6,1.35204130556345,0.244428462555147,0.755571537444853,0.200432071048384,0.379898243227893,3.02228614977941,0.112005843770343,0.477664836162938,0.0821502932417706,0.571386968204422,0.108900981344631,0.234777243267872,0.371282886485313,4,10167.732457725,,1
7,20,16,0.234676744186047,0.387658139534884,4,0.130692823104076,0.485750336571805,73.5223605740216,58.4672945148076,R6,1.30386723217056,0.209870520973767,0.790129479026233,0.204708368414211,0.399374694672995,3.16051791610493,0.110906764941326,0.486839157527611,0.0885719322127338,0.598524861647546,0.0996236273613339,0.234426912582256,0.387095595491852,4,9704.77964965764,,1
7,21,15,0.234325581395349,0.403437209302326,4,0.127133293125768,0.492490732492676,71.5950039703202,55.4134436802608,R6,1.25847243224264,0.177723321372,0.822276678628,0.208743422688803,0.417481879951975,3.289106714512,0.109976444833474,0.49488811567449,0.0946073181058916,0.623710501736715,0.0911071462635199,0.234076462595602,0.402912944275928,4,9328.20840652034,,1
7,22,14,0.233974418604651,0.419216279069767,4,0.123752666871263,0.498892352806234,69.6600018333648,52.4873187676177,R6,1.21493048129137,0.147318840820287,0.852681159179713,0.212626323590804,0.434286404676593,3.41072463671885,0.109232619154701,0.501988848093628,0.10045713246937,0.647395138898258,0.083313212988064,0.233725876221664,0.41873465589049,4,9015.96059525482,,1
7,23,13,0.233623255813953,0.434995348837209,4,0.120537787296845,0.504980111949029,67.6891122504757,49.6608071752231,R6,1.17324137931675,0.118503041348729,0.881496958651271,0.21635511916536,0.449875977546661,3.52598783460509,0.108641983798576,0.50828329099962,0.10612743910195,0.669721351323329,0.0761589166172506,0.23337515612189,0.434560707233713,4,8752.89329331502,,1
7,24,12,0.233272093023256,0.450774418604651,4,0.117476756626345,0.510776539783837,65.6543543744573,46.8992819370171,R6,1.13247870183046,0.0905954961055659,0.909404503894434,0.220020525760159,0.464244113590762,3.63761801557774,0.108239354584226,0.513867226090416,0.111840896863943,0.691131282334542,0.0696388411839551,0.233024279475383,0.450390665187228,4,8528.26835253196,,1
7,25,11,0.232920930232558,0.466553488372093,4,0.114558789215305,0.51630206021897,63.5248949732079,44.1707697795905,R6,1.09264244883249,0.0634425112635399,0.93655748873646,0.223621567397775,0.477434667158802,3.74622995494584,0.108004008647665,0.518827104519757,0.117617548711702,0.711753785438205,0.0636960373407913,0.232673245253625,0.46622439342014,4,8334.25560141711,,1
7,26,10,0.23256976744186,0.482332558139535,4,0.111774084574103,0.521575231654179,61.2648319714617,41.4483494734737,R6,1.05465904481117,0.037510532272888,0.962489467727112,0.227063949146626,0.48961492250519,3.84995787090845,0.107852833036413,0.523263611625663,0.123236707740984,0.731350960504628,0.0582088610154774,0.232322081597583,0.482062267580264,4,8165.01504380875,,1
7,27,9,0.232218604651163,0.498111627906977,4,0.10911371739969,0.526612955218727,58.8310853322229,38.6955651347828,R6,1.0185284897665,0.0127494077061552,0.987250592293845,0.230345719051859,0.50087258832974,3.94900236917538,0.107766856803231,0.527247893436414,0.128687196138269,0.749981828639762,0.0531260904565237,0.23197079274909,0.497904302893416,4,8016.1008797836,,1
7,28,8,0.231867441860465,0.513890697674419,4,0.106569542015942,0.531430655725001,56.1516824517487,36.0394967605283,R6,1,0,1,0.231867441860465,0.513890697674419,4,0.106569542015942,0.531430655725001,0.129639804644568,0.761350907351345,0.0470940072544639,0.231619929184169,0.513761213205179,4,7884.06747579821,,1
7,29,7,0.231516279069767,0.52966976744186,4,0.104134109067174,0.536042439419329,53.0579669107644,33.4782763009538,R6,1,0,1,0.231516279069767,0.52966976744186,4,0.104134109067174,0.536042439419329,0.12577778410297,0.765051035913795,0.0399796760461129,0.231269562476261,0.529635850724798,4,7766.20662533791,,1
7,30,6,0.23116511627907,0.545448837209302,4,0.101800592670124,0.5404612319284,49.5120132051479,30.7695820769645,R6,1,0,1,0.23116511627907,0.545448837209302,4,0.101800592670124,0.5404612319284,0.12213920923551,0.768537085417852,0.0332769600831425,0.23091906401793,0.545516457676341,4,7660.35861709947,,1
7,31,5,0.230813953488372,0.561227906976744,4,0.0995627265240119,0.544698899242521,45.4694257241589,27.8395460743805,R6,1,0,1,0.230813953488372,0.561227906976744,4,0.0995627265240119,0.544698899242521,0.11870523334103,0.771827112530103,0.0269511413538852,0.230568433734847,0.561403037427523,4,7564.78114569269,,1
7,32,4,0.230462790697674,0.577006976744186,4,0.0974147477193071,0.548766354120435,40.838057120445,24.5875571338675,R6,1,0,1,0.230462790697674,0.577006976744186,4,0.0974147477193071,0.548766354120435,0.115459071276895,0.774937198777049,0.0209712994986975,0.230217671552629,0.57729559334859,4,7478.05075241463,,1
7,33,3,0.230111627906977,0.592786046511628,4,0.0953513471842116,0.552673649924835,35.4692986179936,20.8727043197486,R6,1,0,1,0.230111627906977,0.592786046511628,4,0.0953513471842116,0.552673649924835,0.112385725081108,0.77788171342135,0.0153098063711376,0.229866777396835,0.593194128812325,4,7398.99755769102,,1
7,34,2,0.229760465116279,0.60856511627907,4,0.0933676258717451,0.556430063587363,29.1413093810006,11.4521406837461,R4,1,0,1,0.229760465116279,0.60856511627907,4,0.0933676258717451,0.556430063587363,0.109471752279377,0.780673535442427,0.00994189923021427,0.229515751192969,0.60909864719405,4,7326.64674866544,,1
7,35,1,0.229409302325581,0.624344186046512,4,0.0914590559262587,0.560044169144459,21.5260172466749,-0.944500923663313,R4,1,0,1,0.229409302325581,0.624344186046512,4,0.0914590559262587,0.560044169144459,0.106705069325671,0.783324241856332,0.0048453186529869,0.229164592866478,0.625009151871627,4,7260.18240008311,,1
7,36,0,0.229058139534884,0.640123255813953,4,0.0896214461814094,0.563523903071078,12.1280275041436,-16.1431872549466,R4,1,0,1,0.229058139534884,0.640123255813953,4,0.0896214461814094,0.563523903071078,0.104074784113976,0.785844268183058,0,0.228813302342755,0.640925646225462,4,7198.91573711199,,1
8,0,35,0.2545,0.0783162790697674,4,0.296724198470488,0.205446970734293,-219.78701438565,-352.704034078159,R3,1,9.89778530084072e-16,0.999999999999999,0.2545,0.0783162790697674,4,0.296724198470488,0.205446970734293,0.972185246015785,0,1.3519555554268,0.254136359613934,0.0778965318420283,4,24999.9994413748,,1
8,1,34,0.254148837209302,0.0940953488372093,4,0.280761790253339,0.233884020439779,-117.31110036693,-186.587650859251,R6,1.07369998357876,0.254663167655945,0.745336832344055,0.248315397811388,0.0753015102340032,2.98134732937622,0.29153662630913,0.198918729957805,0.708099994859946,0,1.06247262599608,0.253796290791723,0.0936168395228214,4,24999.9994413748,B-R,1
8,2,33,0.253797674418605,0.109874418604651,4,0.266391486837625,0.25948473349989,-56.2585424760491,-103.133000629381,R1,1.15912767412766,0.436181959383955,0.563818040616045,0.241146654261097,0.0718070082453712,2.25527216246418,0.285432102075375,0.191236561347079,0.519865331228654,0,0.856135007329768,0.253456034367257,0.109345819463402,4,24999.9994413748,B-R,1
8,3,32,0.253446511627907,0.125653488372093,4,0.253386406015317,0.282653300844916,-14.2408196149384,-56.7063501358247,R1,1.25932435165311,0.572111922407164,0.427888077592836,0.232738557528575,0.0677083666150375,1.71155231037134,0.278143935978778,0.18206485218956,0.378906201743992,0,0.70161951827982,0.253115590185254,0.125083478841955,4,24999.9994413748,B-R,1
8,4,31,0.253095348837209,0.141432558139535,4,0.241560819696692,0.303720597293203,16.9000937861357,-19.0654443704032,R8,1.37848236701709,0.677711551336961,0.322288448663039,0.222739302619336,0.0628340931918022,1.28915379465216,0.269290915395705,0.170923869824821,0.269399574678216,0,0.581581390227105,0.252774958090261,0.140829824844588,4,24999.9994413748,B-R,1
8,5,30,0.252744186046512,0.157211627906977,4,0.230761227527428,0.322960083913174,41.0046622084551,12.1930483050992,R1,1.52254663013383,0.7621134618221,0.2378865381779,0.210650016927429,0.0569410057079018,0.951546152711601,0.258308438145134,0.157103097104184,0.181874943874071,0,0.485639316932092,0.252434137926653,0.156584864665343,4,24999.9994413748,B-R,1
8,6,29,0.252393023255814,0.172990697674419,4,0.220859657280774,0.340599743382849,60.0355457441126,38.260884597579,R1,1.70023728262672,0.831118201800916,0.168881798199084,0.195738941714922,0.0496723983686655,0.675527192796337,0.244323157628042,0.139503481001995,0.110317151453657,0,0.407199649124849,0.252093129538634,0.172348605506212,4,24999.9994413748,B-R,1
8,7,28,0.252041860465116,0.18876976744186,4,0.211748569820876,0.356831156803901,74.7895489676409,60.1772195913573,R1,1.92488310133561,0.888586871982482,0.111413128017518,0.176887580363331,0.0404830447156281,0.445652512070071,0.225908522498141,0.116329794313906,0.0507222428605346,0,0.34187336284727,0.251751932770234,0.18812105457714,4,24999.9994413748,B-R,1
8,8,27,0.251690697674419,0.204548837209302,4,0.203336937498885,0.371816490043767,85.1699798510997,77.6474593886604,R6,2.21792961915047,0.937189178819151,0.0628108211808493,0.152296311173888,0.02849569456387,0.251243284723397,0.200564340292712,0.0844356984683261,0.000321737259915732,0,0.286625726176161,0.251410547465313,0.203902219096041,4,24999.9994413748,B-R,1
8,9,26,0.251339534883721,0.220327906976744,4,0.195547192342835,0.385693930539096,90.1288594784529,84.0470717014725,R6,2.22026899844288,0.870823866123934,0.129176133876066,0.151325720204366,0.0631913139958619,0.516704535504264,0.17516353636084,0.164577650954997,0,0.0629813442519119,0.252277945098782,0.251064938083941,0.219672710067247,4,24999.9994413748,G-B,1
8,10,25,0.250988372093023,0.236106976744186,4,0.188312826995606,0.398581961227711,93.405961017009,88.1550362595396,R6,2.22026899844288,0.812626557733464,0.187373442266536,0.150546044346773,0.0982250934247804,0.749493769066145,0.155297806549049,0.227982200741625,0,0.117954172559499,0.22260555708364,0.250719170780695,0.235448988564849,4,24999.9994413748,G-B,1
8,11,24,0.250637209302326,0.251886046511628,4,0.181576491122845,0.410582751800197,94.2312619908031,87.037510806954,R3,2.22026899844288,0.761720636873888,0.238279363126113,0.149766368489181,0.133258872853699,0.95311745250445,0.139331364122075,0.278941571646567,0,0.166039599955508,0.196650744433562,0.250373273810675,0.251231183351005,4,24999.9994413748,G-B,1
8,12,23,0.250286046511628,0.26766511627907,4,0.1752884678811,0.421784872873799,93.6837214854178,89.2844627903244,R3,2.11044478858302,0.686247932460541,0.313752067539459,0.158103634480792,0.177236174042298,1.25500827015784,0.131461982324967,0.331583726241152,0.0121304750953889,0.226281103733113,0.177431602213648,0.250025890495995,0.267011187646494,4,18733.4696059051,,1
8,13,22,0.24993488372093,0.283444186046512,4,0.169405444769683,0.432265485721311,91.6688017960921,87.9637274219016,R4,2.01526380670448,0.620482153320618,0.379517846679382,0.16529729842108,0.216786214439812,1.51807138671753,0.125442850976374,0.370164136775355,0.0223929285518995,0.279055071222346,0.160195498390767,0.249678458782541,0.282796540818584,4,15140.35044044,,1
8,14,21,0.249583720930233,0.299223255813954,4,0.163889514574226,0.442092122091359,89.3740742986858,85.1968071665511,R6,1.92008282482593,0.559063920363503,0.440936079636497,0.172557810399805,0.253332520130135,1.76374431854599,0.121202183992395,0.400358714283009,0.0326002455506476,0.327772596064811,0.145088479752785,0.249330790414685,0.298586041854183,4,13091.8951163483,,1
8,15,20,0.249232558139535,0.315002325581395,4,0.158707357671325,0.451324140933674,87.0661883401195,81.1084324944697,R6,1.8310031879396,0.502978797361639,0.497021202638361,0.179372245951561,0.286667049438208,1.98808481055345,0.117983604030739,0.424254743580011,0.0421103541315187,0.37208757922958,0.13159353683458,0.248982971915237,0.314380159184617,4,11768.0289448222,,1
8,16,19,0.248881395348837,0.330781395348837,4,0.153829568412179,0.460013928447452,84.806648074594,77.0793753960037,R6,1.74680462704704,0.451202440877201,0.548797559122799,0.185837190786494,0.317100976634303,2.1951902364912,0.115542775939277,0.443598698469477,0.0511266560164206,0.412782332259105,0.119511368867774,0.248634990331691,0.330178743557121,4,10842.4785096557,,1
8,17,18,0.24853023255814,0.346560465116279,4,0.149230096812167,0.468207892712067,82.6197839977091,73.2270931897681,R6,1.66992768014514,0.404111388671893,0.595888611328107,0.191740618909371,0.34485916040298,2.38355444531243,0.113542846336223,0.45948351726407,0.0593336317329462,0.449788584194473,0.108532962404318,0.248286900259501,0.345982166220497,4,10159.4034656757,,1
8,18,17,0.248179069767442,0.362339534883721,4,0.144885783158048,0.475947292784901,80.5082607106377,69.5755848711009,R6,1.59793180923701,0.360518488965795,0.639481511034205,0.197282557949551,0.370255873930201,2.55792604413682,0.111957101574396,0.472767301697403,0.0670652090424504,0.483923539158208,0.0985832619205177,0.247938668726578,0.361790147513009,4,9634.87118059703,,1
8,19,16,0.247827906976744,0.378118604651163,4,0.140775967978441,0.483268933539413,78.4552321264436,66.1145719559735,R6,1.53081701432265,0.320142518089502,0.679857481910498,0.202457865750231,0.393522173731903,2.71942992764199,0.110672774146677,0.484013938460444,0.07431871498562,0.515455274119866,0.0895146389277511,0.247590305815497,0.377602734150967,4,9219.64420786596,,1
8,20,15,0.247476744186047,0.393897674418605,4,0.136882163513826,0.490205750941736,76.433236371563,62.823868099917,R6,1.46858329540207,0.282783880918245,0.717216119081755,0.20726140015461,0.414889116324023,2.86886447632702,0.109602000720475,0.493644854675157,0.0810773942866993,0.544587587693324,0.081198723475105,0.24724182355056,0.39342000785168,4,8882.9304116555,,1
8,21,14,0.247125581395349,0.409676744186046,4,0.133187775662373,0.496787307404515,74.4122263646634,59.6762697402294,R6,1.41001038347681,0.247788463048863,0.752211536951136,0.211793174977365,0.434513838299544,3.00884614780455,0.108743216998498,0.501968363131825,0.0875196411487805,0.571775854460103,0.0735852712513863,0.246893202890692,0.409241765266945,4,8604.48837504205,,1
8,22,13,0.246774418604651,0.425455813953488,4,0.1296778675798,0.503040212934058,72.3631572698343,56.6405521930537,R6,1.35387800954844,0.214471420204231,0.785528579795769,0.216154918085444,0.4524764574128,3.14211431918308,0.108112492182505,0.509201017819598,0.0938480866717766,0.597482399046411,0.0666468543713664,0.24654441710983,0.425067687559804,4,8370.4663517097,,1
8,23,12,0.246423255813954,0.44123488372093,4,0.126338957830578,0.508988484724196,70.2572488516994,53.6924076706393,R6,1.30140644261539,0.183239706502984,0.816760293497016,0.22023804540283,0.469004931264039,3.26704117398806,0.107596121167164,0.515542173787278,0.0998419960403713,0.621523880742671,0.0602404702805198,0.246195506978629,0.440898132318687,4,8171.06846299501,,1
8,24,11,0.246072093023256,0.457013953488372,4,0.123158847339062,0.514653855443073,68.063057443273,50.7841434306033,R6,1.24893487568235,0.152253169039154,0.847746830960846,0.224358024843969,0.483877500084391,3.39098732384338,0.107376415005461,0.521057004393983,0.106180529229725,0.645019855149271,0.054506298803055,0.245846361200611,0.456731817626753,4,7999.17399918624,,1
8,25,10,0.245720930232558,0.472793023255814,4,0.120126470457824,0.520056038555072,65.7440172017272,47.8983134617513,R6,1.20012411574463,0.12312664698298,0.87687335301702,0.228194246337611,0.497546980158664,3.50749341206808,0.107206741285833,0.525937355037983,0.112178628655725,0.667068968756991,0.0491799175496179,0.245497098779789,0.472569952921222,4,7849.48410928762,,1
8,26,9,0.24536976744186,0.488572093023256,4,0.117231766320909,0.525212957505165,63.2563081044101,44.9915016423786,R6,1.1537538938038,0.0952213063829683,0.904778693617032,0.231850151802973,0.510016470402548,3.61911477446813,0.107133471039765,0.530254680696704,0.11805127102812,0.688078839589913,0.0442769602386886,0.245147686886823,0.48841211563878,4,7717.9749520923,,1
8,27,8,0.245018604651163,0.504351162790698,4,0.114465567330194,0.530140944380586,60.5469381891536,42.0094461187308,R6,1.10860394086142,0.0678087890793012,0.932191210920699,0.235430897211534,0.521212050893085,3.72876484368279,0.107212840962246,0.534048024746068,0.124053780444727,0.708504897565066,0.0398314811083099,0.244798081298772,0.504257669770011,4,7601.5369073146,,1
8,28,7,0.244667441860465,0.52013023255814,4,0.11181950217061,0.53485491268934,57.5507897409796,38.908563142212,R6,1.06617657779405,0.0416593911092183,0.958340608890782,0.238802042481659,0.531448428048157,3.83336243556313,0.107329449309446,0.537433221607017,0.12985086489874,0.727924940674305,0.0357038320663025,0.2444483460638,0.520107325495667,4,7497.7288101586,,1
8,29,6,0.244316279069767,0.535909302325581,4,0.109285911192714,0.539368508106252,54.1867773114635,35.6334649432382,R6,1.02742667535831,0.0173892512276319,0.982610748772368,0.241875751443639,0.541032860414378,3.93044299508947,0.107397198987917,0.540513797682379,0.135171894361924,0.746003482835837,0.0317784394989606,0.244098538159433,0.535961825595356,4,7404.60809393755,,1
8,30,5,0.24396511627907,0.551688372093023,4,0.106857772361011,0.543694240396119,50.3479841413023,32.2000746689368,R6,1,0,1,0.24396511627907,0.551688372093023,4,0.106857772361011,0.543694240396119,0.138008946510195,0.75984501540792,0.0274171677668148,0.243749063805244,0.551827054541183,4,7320.61174990065,,1
8,31,4,0.243613953488372,0.567467441860465,4,0.104528636260223,0.547843599200124,45.840001690089,28.7513298796239,R6,1,0,1,0.243613953488372,0.567467441860465,4,0.104528636260223,0.547843599200124,0.134171452700196,0.763340560108621,0.0213238420912186,0.243400801877498,0.567716845348425,4,7244.46395805551,,1
8,32,3,0.243262790697674,0.583246511627907,4,0.102292568892705,0.551827155942309,40.4977091644201,24.8233186337551,R6,1,0,1,0.243262790697674,0.583246511627907,4,0.102292568892705,0.551827155942309,0.13054159693467,0.766646968851855,0.0155602123813388,0.243052408924842,0.583612614295225,4,7175.11742110153,,1
8,33,2,0.242911627906977,0.599025581395349,4,0.100144101198734,0.555654653759239,34.1130732317474,19.5302544102583,R4,1,0,1,0.242911627906977,0.599025581395349,4,0.100144101198734,0.555654653759239,0.127102970890041,0.769779187858092,0.0101002248467867,0.24270388487332,0.599514364755907,4,7111.70264719899,,1
8,34,1,0.242560465116279,0.614804651162791,4,0.0980781843955626,0.559335087063536,26.3605774435343,6.49061764202992,R4,1,0,1,0.242560465116279,0.614804651162791,4,0.0980781843955626,0.559335087063536,0.123840850732801,0.772750628958265,0.0049205003976687,0.24235522964892,0.615422100107337,4,7053.49066009526,,1
8,35,0,0.242209302325581,0.630583720930233,4,0.0960901503674768,0.562876772109038,16.7298626076451,-9.45894650379593,R4,1,0,1,0.242209302325581,0.630583720930233,4,0.0960901503674768,0.562876772109038,0.120741986364895,0.775573361568594,0,0.242006443177574,0.631335823728921,4,6999.86905372217,,1
9,0,34,0.2673,0.0845558139534884,4,0.307235219823179,0.218674445179527,-217.998955008403,-346.052408497732,R6,1,9.16740883388191e-16,0.999999999999999,0.2673,0.0845558139534883,4,0.307235219823179,0.218674445179527,1.01300157149347,0,1.21641525554671,0.266898945879253,0.0841132801584809,4,24999.9994413748,,1
9,1,33,0.266948837209302,0.10033488372093,4,0.290942824265343,0.246044740937502,-121.188560240779,-189.307805456076,R6,1.07369998357876,0.238826405213405,0.761173594786595,0.262058757601196,0.0820008987361935,3.04469437914638,0.302967446887833,0.213303715205138,0.758920074289165,0,0.966250044323601,0.266562353738591,0.0998372945305127,4,24999.9994413748,B-R,1
9,2,32,0.266597674418605,0.116113953488372,4,0.276254703670279,0.270719946212785,-63.0984289428649,-114.848296023022,R1,1.15912767412766,0.412743152337405,0.587256847662595,0.255983488489931,0.0790394258027771,2.34902739065038,0.297957842772451,0.206999436277953,0.573894354630223,0,0.7840762191947,0.266225575890081,0.115569984306733,4,24999.9994413748,B-R,1
9,3,31,0.266246511627907,0.131893023255814,4,0.262945022841118,0.293079451261946,-22.676970557576,-78.9107707123175,R8,1.25932435165311,0.545046712973543,0.454953287026458,0.248857909229735,0.0755659648370963,1.81981314810583,0.291994577744414,0.19949503369691,0.433139873391634,0,0.645491257609177,0.26588861217999,0.13131135666884,4,24999.9994413748,B-R,1
9,4,30,0.265895348837209,0.147672093023256,4,0.250828434754662,0.3134346285179,7.6122452515331,-45.1732202095459,R8,1.37848236701709,0.649076453268691,0.350923546731309,0.240383876917155,0.0714351820073995,1.40369418692523,0.28477668735963,0.1904117622041,0.322465209321939,0,0.536522477833061,0.265551462454415,0.147061418806459,4,24999.9994413748,B-R,1
9,5,29,0.265544186046512,0.163451162790698,4,0.239751396296141,0.332043421660438,31.3030889140227,-13.8854635990018,R8,1.52254663013383,0.733020774751519,0.266979225248481,0.230138613793142,0.0664409885187136,1.06791690099392,0.275861677565688,0.179192770226865,0.233158924846829,0,0.448592716063346,0.265214126559283,0.162820177917157,4,24999.9994413748,B-R,1
9,6,28,0.265193023255814,0.17923023255814,4,0.229585627266879,0.349121334110477,49.8109031483944,14.5877136243193,R8,1.70023728262672,0.802184517239914,0.197815482760086,0.217501978932544,0.0602810882042178,0.791261931040344,0.26457124766659,0.164984458022476,0.159577332275431,0,0.376145273607689,0.264876604340352,0.17858764120645,4,24999.9994413748,B-R,1
9,7,27,0.264841860465116,0.195009302325581,4,0.220223119927444,0.364849812713079,64.1413234635839,40.3207494434944,R8,1.92488310133561,0.860155567840414,0.139844432159586,0.201526084060427,0.0524934199734966,0.559377728638344,0.249810069242674,0.146408422085311,0.0979033673806365,0,0.315421920570821,0.264538895643207,0.194363815887818,4,24999.9994413748,B-R,1
9,8,26,0.264490697674419,0.210788372093023,4,0.211572286562311,0.379382719609191,75.9407795509176,62.6284778906451,R1,2.21792961915047,0.90944749403918,0.09055250596082,0.180685810299014,0.0423345437921972,0.36221002384328,0.229687086535518,0.121084884953246,0.0454629079704827,0,0.263789752351861,0.264201000313264,0.210148709182713,4,24999.9994413748,B-R,1
9,9,25,0.264139534883721,0.226567441860465,4,0.203554953385593,0.392851382302655,84.8891088036085,78.1415469059304,R1,2.61622719270295,0.951873643442523,0.0481263565574766,0.152360510502807,0.0285269894038937,0.192505426229906,0.200632561837977,0.0845215510906667,0.000326778439986786,0,0.219349328700269,0.263862918195769,0.225942328320571,4,24999.9994413748,B-R,1
9,10,24,0.263788372093023,0.242346511627907,4,0.196103991528537,0.405368573466168,87.627035760264,80.8909667432901,R3,2.6198903737425,0.8906674508728,0.1093325491272,0.151187155183341,0.0694175634505218,0.437330196508801,0.171286007245323,0.176953384954358,0,0.0572092382069065,0.192492295324744,0.263519516465825,0.241723347322322,4,24708.0248137532,G-B,1
9,11,23,0.263437209302326,0.258125581395349,4,0.189161432963231,0.417031676082045,92.4392858196657,85.0862157925063,R3,2.6198903737425,0.836221456907613,0.163778543092387,0.150267147168376,0.110756996440854,0.655114172369549,0.149202228832109,0.24743717996935,0,0.10784562491494,0.169005681346435,0.263175945409901,0.257510129178512,4,17301.5894587025,G-B,1
9,12,22,0.263086046511628,0.273904651162791,4,0.182676959372555,0.427925222054553,94.6827500123829,88.5363876674885,R3,2.57291355290397,0.779166194500917,0.220833805499083,0.152645567466799,0.155628867861403,0.883335221996332,0.133833429405788,0.307010398360663,0.00352473921064711,0.157827415034673,0.149293098743028,0.262831726316158,0.273300364840032,4,14015.112202464,,1
9,13,21,0.26273488372093,0.289683720930233,4,0.176606680589773,0.438122944361767,93.6278140291958,91.0120613238192,R3,2.41578418665094,0.706260116413813,0.293739883586187,0.162829907963838,0.205563092593616,1.17495953434475,0.126688835954146,0.359858552973002,0.0154220431646913,0.215231716631238,0.134381255811903,0.26248602824766,0.289089377563134,4,12161.1107134694,,1
9,14,20,0.262383720930233,0.305462790697674,4,0.170912139874526,0.447689448135191,91.6730838784899,88.5509980380976,R6,2.2845730663778,0.642606764877292,0.357393235122708,0.171286578869478,0.249407606936016,1.42957294049083,0.121258007117626,0.397264085414341,0.0254074202742146,0.265702096803365,0.120803107911342,0.262140333944429,0.304883875624012,4,10972.9383615255,,1
9,15,19,0.262032558139535,0.321241860465116,4,0.165559498357982,0.45668158074541,89.5522783758607,84.8814652839757,R6,2.16146139797337,0.583949126141032,0.416050873858968,0.179258175486293,0.288885706775993,1.66420349543587,0.117390232308217,0.425658747826474,0.0349108491862629,0.311947630664455,0.108710045675923,0.261794446526294,0.320682846818901,4,10148.0838012975,,1
9,16,18,0.261681395348837,0.337020930232558,4,0.160518862103965,0.465149562301042,87.4048893677585,81.0193713693431,R6,2.04644918143765,0.529675827758873,0.470324172241127,0.186736165135921,0.32438079756189,1.88129668896451,0.114577928966394,0.447826910746641,0.0439641841370857,0.35450906602365,0.097882617954498,0.261448373803018,0.336486260151848,4,9542.9673003775,,1
9,17,17,0.26133023255814,0.3528,4,0.155763723514262,0.473137924055967,85.271456229207,77.2297247962383,R6,1.94115630714439,0.479758327687918,0.520241672312082,0.193595432006518,0.356282278336434,2.08096668924833,0.112421550506213,0.465512346546582,0.0524057007699311,0.393554325721198,0.0880837056814005,0.261102158030558,0.352294310378529,4,9080.68233055412,,1
9,18,16,0.260979069767442,0.368579069767442,4,0.151270495035091,0.480686291755885,83.1683053505655,73.5875587361903,R6,1.84558277509358,0.433952084214631,0.56604791578537,0.199825736884046,0.385050235637637,2.26419166314148,0.110692193917953,0.479916281235568,0.0601890227961811,0.429351382502958,0.0791433539146153,0.260755823714962,0.368107127377455,4,8716.35024683128,,1
9,19,15,0.260627906976744,0.384358139534884,4,0.147018117848002,0.487830043015295,81.0881324194996,70.1033621960638,R6,1.75648880453775,0.391174814611524,0.608825185388476,0.205652282202326,0.411030527361853,2.4353007415539,0.109374069064769,0.491855387226597,0.0676237630230494,0.462636130782821,0.0710250742277617,0.260409325739447,0.383924386862571,4,8422.03928877988,,1
9,20,14,0.260276744186047,0.400137209302326,4,0.142987731844503,0.494600861741305,79.009136999226,66.7635718433625,R6,1.67387439547688,0.35123436337355,0.648765636626449,0.211068241818665,0.434529877867757,2.5950625465058,0.108348165872738,0.501881090570369,0.0746852150114385,0.493608879004995,0.0636116321712124,0.260062678638263,0.399746140046,4,8179.47115018539,,1
9,21,13,0.259925581395349,0.415916279069767,4,0.139162395971851,0.501027207936769,76.9049541168935,63.5473785301127,R6,1.59773954791098,0.314014668263981,0.685985331736019,0.216066789590374,0.455855011514024,2.74394132694408,0.107520969223251,0.510404392555742,0.0813337972144397,0.522412170298612,0.0567979406812472,0.259715900557368,0.41557248395523,4,7976.19264697656,,1
9,22,12,0.259574418604651,0.431695348837209,4,0.135526850203108,0.507134717577013,74.7474745235985,60.4223722906217,R6,1.52484448109257,0.278341242692979,0.721658757307021,0.220879954093961,0.475045061838334,2.88663502922808,0.106979448195577,0.517679987221613,0.0879624602522756,0.549794798276176,0.050623581597159,0.259368915975672,0.431402791156676,4,7803.43151593184,,1
9,23,11,0.259223255813954,0.447474418604651,4,0.132067312078426,0.512946544408887,72.5055374715961,57.3563184335552,R6,1.45518919502164,0.244036124558866,0.755963875441134,0.225504322258083,0.492253391020024,3.02385550176454,0.106671460555202,0.52391955164983,0.0945790201097132,0.575915440302702,0.0450226513017891,0.259021725479234,0.447236963152889,4,7654.83639196852,,1
9,24,10,0.258872093023256,0.463253488372093,4,0.128771302098065,0.518483653280536,70.1424629158891,54.3137678270247,R6,1.3887736896982,0.210958260930206,0.789041739069794,0.229936481011393,0.507633361238432,3.15616695627917,0.106554097959552,0.529291537348862,0.101185203013417,0.600903770730515,0.0399367027166633,0.258674330853332,0.46307490993158,4,7525.69489074649,,1
9,25,9,0.258520930232558,0.479032558139535,4,0.125627493304101,0.523765072835558,67.6142278261439,51.2627767615786,R6,1.32721785549598,0.17967166618043,0.82032833381957,0.234051883387271,0.521548811173061,3.28131333527828,0.106502412158,0.533979742864784,0.10751009294707,0.624472071695876,0.0352324474189705,0.258326798686494,0.478917127155394,4,7412.44027296774,,1
9,26,8,0.25816976744186,0.494811627906977,4,0.122625581229658,0.528808113990879,64.8675075721215,48.1478769867596,R6,1.26823046310254,0.149217538158985,0.850782461841015,0.238017550369789,0.53389592533989,3.40312984736406,0.106606256555822,0.538037860151688,0.113893076522177,0.647215369042825,0.0309680507662997,0.257979053358628,0.494762866541142,4,7312.32479557047,,1
9,27,7,0.257818604651163,0.510590697674419,4,0.119756171069133,0.533628559484343,61.8368268935118,44.9253928474299,R6,1.21380125133461,0.120431366006369,0.879568633993631,0.241680587873099,0.545117610916109,3.51827453597452,0.106725215131691,0.541624125960819,0.119966596633359,0.668677948056292,0.0269929946007972,0.257631187654082,0.510612913269018,4,7223.19718824021,,1
9,28,6,0.257467441860465,0.526369767441861,4,0.117010679466455,0.53824082886484,58.4405259384224,41.5232751525623,R6,1.16303634796331,0.0929715480441819,0.907028451955818,0.24510397852468,0.555271182929886,3.62811380782327,0.106880079817498,0.544796190561777,0.125834515823168,0.689086712765843,0.0233042959578922,0.257283182457617,0.526467052195122,4,7143.34945107642,,1
9,29,5,0.257116279069767,0.542148837209302,4,0.114381248758525,0.542658122558432,54.574327199249,37.8664473637528,R6,1.11717591069533,0.0675379840452169,0.932462015954783,0.248189382189609,0.564769510517976,3.72984806381913,0.106968322428633,0.547678570184718,0.131191090515998,0.708058013783551,0.0197788714729724,0.256935123425068,0.542326140582301,4,7071.40970473957,,1
9,30,4,0.25676511627907,0.557927906976744,4,0.111860671869182,0.546892548042218,50.1013761297768,33.8246200339462,R6,1.07452753680289,0.0433981265588613,0.956601873441139,0.251061159915853,0.573491336499423,3.82640749376455,0.107064911141616,0.550271486667224,0.136302178939779,0.726040731196262,0.0164702780597567,0.256586949980718,0.558189571618548,4,7006.26212824041,,1
9,31,3,0.256413953488372,0.573706976744186,4,0.109442326341775,0.550955230665847,44.8362909743953,29.2517443543989,R6,1.03641197027106,0.0213782167836442,0.978621783216356,0.253614381048531,0.581885359304068,3.91448713286542,0.107062287678546,0.552691252449546,0.140817802234825,0.742572384413528,0.0132484430715298,0.256238763787869,0.574058476929729,4,6946.99156318951,,1
9,32,2,0.256062790697674,0.589486046511628,4,0.107120116238854,0.554856411256723,38.5206362159573,21.9300006911431,R3,1.00303143996901,0.00178982572354113,0.998210174276459,0.255828650734301,0.590214762381016,3.99284069710584,0.106919148763625,0.555007558969023,0.144594583260955,0.757488542107873,0.0100484672957898,0.255890616516497,0.589933563398828,4,6892.83968960263,,1
9,33,1,0.255711627906977,0.60526511627907,4,0.104888420835742,0.558605532311884,30.7658669566285,10.3233330137605,R3,1,0,1,0.255711627906977,0.60526511627907,4,0.104888420835742,0.558605532311884,0.141516783488808,0.761843716332936,0.0049980520092294,0.255544265258673,0.605836212087126,4,6843.17202391375,,1
9,34,0,0.255360465116279,0.621044186046512,4,0.10274204919885,0.56221131430384,21.0081192188939,-3.95850146634571,R3,1,0,1,0.255360465116279,0.621044186046512,4,0.10274204919885,0.56221131430384,0.13792122096668,0.76498692290621,0,0.255197982234336,0.621747165531878,4,6797.45541874829,,1
10,0,33,0.2801,0.0907953488372093,4,0.317452745025428,0.231532572755463,-213.959962495636,-340.541620072462,R6,1,0,1,0.2801,0.0907953488372093,4,0.317452745025428,0.231532572755463,1.04820803060895,0,1.09950384888819,0.279664766382474,0.0903316038956681,4,24999.9994413748,,1
10,1,32,0.279748837209302,0.106574418604651,4,0.300854102317206,0.257883251841385,-123.077873583264,-189.168297139375,R6,1.07369998357876,0.224844009569188,0.775155990430812,0.275802117391004,0.0887002872383837,3.10062396172325,0.314053950413871,0.227255398600788,0.803789501347135,0,0.881294409500237,0.279331652696728,0.10605932633307,4,24999.9994413748,B-R,1
10,2,31,0.279397674418605,0.122353488372093,4,0.285869289770395,0.281671943093116,-68.3366357174273,-130.916108952204,R8,1.15912767412766,0.391694914716307,0.608305085283693,0.270820322718765,0.0862718433601829,2.43322034113477,0.31007403024703,0.222246913646327,0.622412853064621,0,0.719366846727782,0.278998355199,0.121795727320616,4,24999.9994413748,B-R,1
10,3,30,0.279046511627907,0.138132558139535,4,0.272273857715977,0.303254964873745,-29.9649431075171,-99.8709117910337,R8,1.25932435165311,0.520426608744238,0.479573391255763,0.264977260930895,0.0834235630591552,1.91829356502305,0.305350010720641,0.216302025374542,0.482474006644048,0,0.594433694899015,0.278664873737108,0.137540814043521,4,24999.9994413748,B-R,1
10,4,29,0.278695348837209,0.153911627906977,4,0.259883134020708,0.322925487908416,-1.12748630032887,-68.2639350687747,R8,1.37848236701709,0.622763073133309,0.377236926866692,0.258028451214974,0.0800362708229969,1.50894770746677,0.299651693497958,0.209131043324869,0.371228311623058,0,0.495116917164659,0.2783312081587,0.15329459369493,4,24999.9994413748,B-R,1
10,5,28,0.278344186046512,0.169690697674419,4,0.248543786093858,0.34092693076832,20.7237214639245,-38.1740552849543,R8,1.52254663013383,0.706067566607312,0.293932433392688,0.249627210658855,0.0759409713295254,1.17572973357075,0.292643008845057,0.200311044389444,0.280671477065495,0,0.41427052568512,0.277997358311258,0.169057073475935,4,24999.9994413748,B-R,1
10,6,27,0.277993023255814,0.18546976744186,4,0.238127443412436,0.357463084240145,37.5616036582149,-10.2984972437336,R8,1.70023728262672,0.775197594532588,0.224802405467413,0.239265016150166,0.0708897780397701,0.89920962186965,0.283813243690512,0.189199327552406,0.20552311182464,0,0.347180347621889,0.277663324042092,0.184828260595583,4,24999.9994413748,B-R,1
10,7,26,0.277641860465116,0.201248837209302,4,0.228525816491775,0.372705860058421,51.7413488069989,15.2300889022787,R8,1.92488310133561,0.833487236507969,0.166512763492031,0.226164587757523,0.0645037952313651,0.666051053968125,0.272346657874332,0.174769333951568,0.142158877259893,0,0.290610683515901,0.277329105198347,0.200608162270888,4,24999.9994413748,B-R,1
10,8,25,0.277290697674419,0.217027906976744,4,0.219646918062774,0.386801289862641,63.8111984610611,38.5086483132938,R8,2.21792961915047,0.883300951675031,0.116699048324969,0.20907530942414,0.0561733930205244,0.466796193299876,0.256854788855845,0.155273768803802,0.0880084686209042,0,0.242266843351946,0.276994701626997,0.216396785726842,4,24999.9994413748,B-R,1
10,9,24,0.276939534883721,0.232806976744186,4,0.211412106611466,0.399874218637656,74.4569989443702,60.5347902580799,R8,2.61622719270295,0.926362170864619,0.0736378291353812,0.185848218569405,0.0448510302365031,0.294551316541525,0.234766819975321,0.127477417325603,0.0411984162530164,0,0.200476250323803,0.276660113174847,0.232194138196426,4,22552.7296334427,B-R,1
10,10,23,0.276588372093023,0.248586046511628,4,0.203753750795558,0.412032012499368,85.7016207053084,79.8941162202276,R3,3.18889074038912,0.963956743865505,0.036043256134495,0.152452814895049,0.0285719844410274,0.14417302453798,0.200730629832827,0.0846449636356747,0.000330926571131565,0,0.163990996772814,0.276325339688533,0.248000226920622,4,15767.2206176326,B-R,1
10,11,22,0.276237209302326,0.26436511627907,4,0.196613367762439,0.423367514152349,90.8076037212735,84.1886648999642,R3,3.19494080139288,0.907205546201602,0.092794453798398,0.150987761758658,0.0783770626987185,0.371177815193592,0.165986773586308,0.193866708932246,0,0.0523986336095839,0.142665573602301,0.275984151202704,0.263791789197458,4,12814.3617408795,G-B,1
10,12,21,0.275886046511628,0.280144186046512,4,0.189940126855175,0.433961418286647,94.3852189656786,87.747288285523,R3,3.19494080139288,0.856107360624591,0.143892639375409,0.149865817430727,0.128790256506744,0.575570557501636,0.141191324489864,0.273005220409643,0,0.0993260883958593,0.123831427356832,0.275642780054573,0.279589086235224,4,11172.0976035478,G-B,1
10,13,20,0.27553488372093,0.295923255813953,4,0.183689637690484,0.443884195528379,94.8978188758652,90.3642731798127,R3,2.96886189884941,0.782340855703528,0.217659144296472,0.161803347196464,0.191225590281184,0.870636577185886,0.130195195860546,0.346207112683827,0.0111578165348412,0.157645186457084,0.110386650369644,0.275299119248015,0.295383182857422,4,10131.8075945553,,1
10,14,19,0.275183720930233,0.311702325581395,4,0.177822961491904,0.453197661968212,93.446380053015,90.931144856951,R6,2.78668181233381,0.718074723497426,0.281925276502574,0.171348422115763,0.244884580874093,1.1277011060103,0.122481007226856,0.393851585770214,0.0203796444429346,0.208874929204915,0.0980587659309041,0.274955514435005,0.311182963741168,4,9416.60933001771,,1
10,15,18,0.274832558139535,0.327481395348837,4,0.172305799125772,0.461956268170565,91.5780596615721,87.9562593056428,R6,2.61108654822238,0.657749945501131,0.342250054498869,0.180636449049166,0.292651952204011,1.36900021799548,0.117476605202449,0.428232815533469,0.029606346745807,0.256480900517347,0.0871896193724978,0.274611610520523,0.326986877762226,4,8896.19522158848,,1
10,16,17,0.274481395348837,0.343260465116279,4,0.167107820060386,0.470208164464439,89.5877624476449,84.3774531939464,R6,2.45085586972069,0.6020500008412,0.3979499991588,0.189144077541917,0.334788141653794,1.5917999966352,0.11395646775802,0.453835868261788,0.0383503404595388,0.300247332282071,0.077430509084063,0.274267518039857,0.342795333471453,4,8501.33005111491,,1
10,17,16,0.27413023255814,0.359039534883721,4,0.162202104515751,0.477996086541915,87.5445122058573,80.7199956304953,R6,2.30379483602737,0.550266447230937,0.449733552769063,0.196984995318501,0.37199864913763,1.79893421107625,0.111448153238941,0.473547568281313,0.0467144289886044,0.340737991105254,0.068646949350705,0.273923229089552,0.358608230021691,4,8191.92044667112,,1
10,18,15,0.273779069767442,0.374818604651163,4,0.157564677137964,0.485358095759439,85.4755233687194,77.1340860885244,R6,2.1720983879438,0.502589353537254,0.497410646462746,0.204014683392945,0.404963339702955,1.98964258585099,0.109515583491457,0.489116961244866,0.0544748907585484,0.377967328332779,0.0606334083558168,0.273578810005567,0.374425864644679,4,7943.19207691013,,1
10,19,14,0.273427906976744,0.390597674418605,4,0.153174115145704,0.492328201213157,83.3855299932417,73.6625461554162,R6,2.0491817030658,0.45760465572265,0.54239534427735,0.210611202452491,0.434136275138386,2.1695813771094,0.108166428896045,0.501671717722243,0.0620685306592022,0.412864964059051,0.0534067529323496,0.27323417077099,0.390247703433705,4,7739.04326210132,,1
10,20,13,0.273076744186046,0.406376744186047,4,0.149011217433182,0.498936885044628,81.2611875515936,70.3022480634057,R6,1.93723972219476,0.415612234430192,0.584387765569808,0.216633116637313,0.460058783995197,2.33755106227923,0.107145469392028,0.511970348899333,0.069271324901174,0.445344756219057,0.0468015542184193,0.272889375627933,0.406074044811671,4,7568.57004226847,,1
10,21,12,0.272725581395349,0.422155813953488,4,0.145058723846397,0.505211548095418,79.0801467183889,67.0334126856792,R6,1.8318825637279,0.375527258423575,0.624472741576425,0.222334778750185,0.482929671760345,2.4978909663057,0.106501473251265,0.520492673565421,0.0764244427251739,0.476114760463111,0.0408382224473781,0.272544346256871,0.42190435854333,4,7424.13469515552,,1
10,22,11,0.272374418604651,0.43793488372093,4,0.141301075975825,0.511176889653512,76.813763972246,63.8320028071394,R6,1.73530516846662,0.337778549845449,0.662221450154551,0.227575523712818,0.503255632861061,2.6488858006182,0.10604740736666,0.52764966562746,0.083281267990553,0.504989504345516,0.0353710248432377,0.272199153687683,0.437739007336549,4,7300.23528973704,,1
10,23,10,0.272023255813953,0.453713953488372,4,0.137724212474656,0.516855232389739,74.4266770728524,60.6589087869003,R6,1.64311765480811,0.301154587374322,0.698845412625678,0.232615099798747,0.520993033916019,2.79538165050271,0.105894347110282,0.533641146909063,0.0902567518639238,0.532731059820159,0.0304645626745275,0.271853690169375,0.453577209488296,4,7192.80925896872,,1
10,24,9,0.271672093023256,0.469493023255814,4,0.134315393225419,0.522266801496775,71.8754646978372,57.4792377599192,R6,1.55747620520531,0.266149479163769,0.73385052083623,0.237316001307115,0.53660926899366,2.93540208334492,0.105889344322375,0.538723505834767,0.0970978532441681,0.55909942519012,0.0259892522525254,0.271508028402581,0.469419344315909,4,7098.79320348314,,1
10,25,8,0.271320930232558,0.485272093023256,4,0.131063047720259,0.527429965388517,69.1072004419911,54.2473569443951,R6,1.47791316014716,0.232629402657933,0.767370597342067,0.241700317137018,0.550350528323854,3.06948238936827,0.105999546504228,0.54306109731807,0.103808120064943,0.584214502763947,0.0219001387527746,0.271162172691114,0.48526536464889,4,7015.83621753646,,1
10,26,7,0.27096976744186,0.501051162790698,4,0.127956643851976,0.532361443996936,66.056708944439,50.9185390952314,R6,1.40622237753576,0.201269335829465,0.798730664170535,0.245649832179736,0.562777125408858,3.19492265668214,0.106089029077998,0.54685597037599,0.110076388870217,0.607719287403144,0.0180627074766003,0.270816223942809,0.501115966041365,4,6942.10501662267,,1
10,27,6,0.270618604651163,0.51683023255814,4,0.124986573980589,0.537076489643706,62.6423367548349,47.4109787130126,R6,1.33902418151248,0.171018933847121,0.828981066152879,0.249368095896963,0.573694837366061,3.31592426461152,0.106276869488828,0.550124927008744,0.116281440498301,0.630258387837492,0.0145564113170788,0.270470075246537,0.51697030696055,4,6876.14670944122,,1
10,28,5,0.270267441860465,0.532609302325581,4,0.122144055678729,0.541589044608882,58.7592076919982,43.6476351458897,R6,1.2782927879014,0.142696300643941,0.857303699356059,0.252725935527257,0.583678617675608,3.42921479742424,0.106425578485201,0.55303486131504,0.122065110862716,0.651383062667052,0.0112415928217247,0.270123845839254,0.532829283798096,4,6816.79914888851,,1
10,29,4,0.269916279069767,0.548388372093023,4,0.119421044995879,0.545911878825668,54.2685583981785,39.5107491048466,R6,1.22358261040866,0.116323199088588,0.883676800911412,0.255744781286772,0.592945786549674,3.53470720364565,0.106517498001101,0.555663259130889,0.127389103294871,0.671105679478714,0.00807909820645337,0.269777560156081,0.548693122107567,4,6763.11921380391,,1
10,30,3,0.26956511627907,0.564167441860465,4,0.116810160437238,0.550056710565498,48.9810397807089,34.8365012943858,R6,1.17461194834532,0.0919859236336974,0.908014076366303,0.258436244054996,0.601720786909364,3.63205630546521,0.106530166659322,0.558080333813131,0.132192831528976,0.689398172359506,0.00502610203520279,0.269431251127186,0.564562151394463,4,6714.33493653184,,1
10,31,2,0.269213953488372,0.579946511627907,4,0.114304616144162,0.554034312515428,42.629723043524,26.8199198117333,R3,1.13136239865711,0.0698926066210712,0.930107393378929,0.260795456698153,0.610271063116976,3.72042957351572,0.106429077374303,0.560357993926385,0.136370227596126,0.706159006399933,0.00202866067659021,0.269084969035981,0.580436899230707,4,6669.80678821905,,1
10,32,1,0.268862790697674,0.595725581395349,4,0.111898163002496,0.557854605269844,34.8192930638055,14.3637333755667,R3,1.07766661879288,0.0422331589592039,0.957766841040796,0.263858170526714,0.614880156410154,3.83106736416318,0.107141328961444,0.561771209135453,0.142999557660055,0.725960188471956,0,0.268737638574075,0.596307364352798,4,6629.00359846104,R-G,1
10,33,0,0.268511627906977,0.611504651162791,4,0.109585036602693,0.561526739944818,24.8936766391679,-1.65230445379707,R3,1,0,1,0.268511627906977,0.611504651162791,4,0.109585036602693,0.561526739944818,0.155636451189915,0.754070185199585,0,0.26838791980473,0.61215967142231,4,6591.47751408167,,1
11,0,32,0.2929,0.0970348837209302,4,0.327388897625822,0.244036610202976,-208.195988282647,-331.746236278463,R6,1,0,1,0.2929,0.0970348837209302,4,0.327388897625822,0.244036610202976,1.07888679985951,0,0.997627711447875,0.292433822353162,0.0965515036525203,4,24999.9994413748,,1
11,1,31,0.292548837209302,0.112813953488372,4,0.310506205384912,0.269412191582003,-123.333138427162,-186.674019979158,R6,1.07369998357876,0.212408295743705,0.787591704256295,0.289545477180812,0.0953996757405741,3.15036681702518,0.324811463239856,0.240793067417679,0.843695635360516,0,0.805736258421713,0.292104188896713,0.11228293553011,4,24999.9994413748,B-R,1
11,2,30,0.292197674418605,0.128593023255814,4,0.295244529299457,0.29235129975033,-72.2183011311547,-145.535820104958,R8,1.15912767412766,0.372689264003152,0.627310735996848,0.285657156947599,0.0935042609175888,2.50924294398739,0.321800428092137,0.237003864719506,0.666222964436917,0,0.660937074453603,0.291774373525609,0.128023049105357,4,24999.9994413748,B-R,1
11,3,29,0.291846511627907,0.144372093023256,4,0.281381097909608,0.313188772021086,-36.2727143858387,-118.077702078911,R8,1.25932435165311,0.497934588910784,0.502065411089216,0.281096612632054,0.091281161281214,2.00826164435686,0.318236326636422,0.232518662059955,0.527543852540915,0,0.547789387367698,0.291444376089219,0.143771851566994,4,24999.9994413748,B-R,1
11,4,28,0.291495348837209,0.160151162790698,4,0.268732171513657,0.332200778905866,-9.75241406170279,-88.7040089544767,R8,1.37848236701709,0.598500046556431,0.401499953443569,0.275673025512793,0.0886373596385941,1.60599981377428,0.313951368352679,0.227126305380688,0.416191765235471,0,0.456937701352812,0.291114196436744,0.159529350111687,4,24999.9994413748,B-R,1
11,5,27,0.291144186046512,0.17593023255814,4,0.257144852460902,0.34961713367868,9.74591283077327,-59.9676483588759,R8,1.52254663013383,0.681026201356719,0.318973798643281,0.269115807524568,0.0854409541403371,1.27589519457312,0.30870225380316,0.220520617290625,0.32481387257292,0,0.382382874283359,0.290783834417221,0.175295551944057,4,24999.9994413748,B-R,1
11,6,26,0.290793023255814,0.191709302325581,4,0.246490874450136,0.365630627389561,25.9335756370612,-32.8640814152501,R8,1.70023728262672,0.749967350751052,0.250032649248949,0.261028053367788,0.0814984678753224,1.00013059699579,0.302122314593928,0.212240168148636,0.248478110115146,0,0.320100856134055,0.290453289879519,0.191070464276682,4,24999.9994413748,B-R,1
11,7,25,0.290441860465116,0.207488372093023,4,0.236661834512947,0.380404195446406,40.0043906092289,-7.7171363801169,R8,1.92488310133561,0.808422831043377,0.191577168956623,0.250803091454619,0.0765141704892336,0.766308675826493,0.293631966518801,0.201555586848063,0.183752707403528,0,0.267291680243056,0.290122562672338,0.206854094330114,4,24999.9994413748,B-R,1
11,8,24,0.290090697674419,0.223267441860465,4,0.227565491279232,0.394076481518137,53.3295417690677,16.9123077098208,R8,2.21792961915047,0.858615815970181,0.141384184029819,0.237464808549266,0.0700122422488517,0.565536736119276,0.282257920477035,0.187242048866537,0.12817603355808,0,0.221946912631219,0.289791652644216,0.222646449332887,4,20190.738611049,B-R,1
11,9,23,0.289739534883721,0.239046511627907,4,0.219122861323728,0.406766201879784,67.2188706537178,42.7982985370496,R8,2.61622719270295,0.90218248700014,0.0978175129998601,0.219335926636003,0.0611750710691124,0.39127005199944,0.266230498870362,0.167072523697512,0.079936410632787,0,0.182588413104727,0.289460559643517,0.238447536521529,4,14094.4247229533,B-R,1
11,10,22,0.289388372093023,0.254825581395349,4,0.211265919815825,0.418575601457709,79.5926141606535,67.1989862677658,R8,3.18889074038912,0.940353769247288,0.0596462307527123,0.193270616372029,0.0484691794560601,0.238584923010849,0.241959608846132,0.136529100105626,0.03767088474693,0,0.148104153492216,0.289129283518442,0.254257363140574,4,11512.1287393417,B-R,1
11,11,21,0.289037209302326,0.270604651162791,4,0.203935763663841,0.429593214721128,89.7060449026091,83.7044552986003,R3,4.08250689422309,0.974073484804045,0.0259265151959548,0.152596851819191,0.0286421972076469,0.103706060783819,0.200883614782624,0.0848374857937069,0.000334399650614895,0,0.117641476923206,0.288797824117022,0.270075936442568,4,10106.396329408,B-R,1
11,12,20,0.288686046511628,0.286383720930233,4,0.197081132142871,0.439896089256867,93.6430091584959,87.1552706391218,R3,4.09342289416978,0.921200579504775,0.0787994204952252,0.150676221391272,0.0923757474186725,0.315197681980901,0.15830840718285,0.218373403099558,0,0.048327755421412,0.100500704188407,0.288458854479391,0.285878057265675,4,9231.53065687626,G-B,1
11,13,19,0.28833488372093,0.302162790697674,4,0.190657206388456,0.449551590194034,95.3477693932015,89.8830316433566,R3,3.86760302289539,0.856615649927124,0.143384350072876,0.159392780354227,0.167565507416052,0.573537400291503,0.135884707935032,0.32141717752448,0.00653948812636893,0.101657800462123,0.0872223471318946,0.288118155904857,0.30168030019296,4,8638.66208443051,,1
11,14,18,0.287983720930233,0.317941860465116,4,0.18462462829595,0.458618874850256,94.7260636044775,91.890353910503,R3,3.51495281296003,0.785619906690439,0.214380093309561,0.174015417410839,0.239580609795259,0.857520373238244,0.12593987135901,0.390130318106283,0.0175177436015831,0.157170916606777,0.0768035992696228,0.287776093660412,0.317483082278389,4,8212.26007341099,,1
11,15,17,0.287632558139535,0.333720930232558,4,0.178948693426549,0.467150105836718,93.1811711190612,90.2989423189667,R6,3.25819871274394,0.72502167630454,0.27497832369546,0.184506399715924,0.298991934680522,1.09991329478184,0.118674803607689,0.432702175436904,0.0259959995173382,0.205286318330153,0.0669271523186281,0.287434300965781,0.333292257436924,4,7891.76630573659,,1
11,16,16,0.287281395348837,0.3495,4,0.173598682948526,0.47519145518589,91.3843668758105,87.161624497974,R6,3.02000514989287,0.668109214967586,0.331890785032414,0.194323576962605,0.350308002059957,1.32756314012966,0.11405557356771,0.46261913572634,0.0344174254586323,0.250098573456576,0.058157242199676,0.287092210169714,0.349105640212146,4,7642.555777756,,1
11,17,15,0.28693023255814,0.365279069767442,4,0.168547307450616,0.482783940329499,89.4603254528988,83.7113255192419,R6,2.80655897019515,0.615181166543377,0.384818833456623,0.203160513240183,0.394507513385227,1.53927533382649,0.110898970489447,0.484535955687229,0.0424813334053276,0.291583067403659,0.0502571301378942,0.286749909308933,0.364923507180504,4,7443.48279895224,,1
11,18,14,0.286579069767442,0.381058139534884,4,0.163770241364714,0.48996412388589,87.4466359146745,80.2320831850628,R6,2.61476675075663,0.565764183796693,0.434235816203307,0.211135665063487,0.432663080671855,1.73694326481323,0.108697146784227,0.501174424230821,0.0502235571942367,0.330140586849059,0.0431161653936459,0.286407402068681,0.380745811991907,4,7280.94413593625,,1
11,19,13,0.286227906976744,0.396837209302326,4,0.159245731231587,0.496764702457429,85.3602060792638,76.8072214923923,R6,2.44153506868312,0.519397323601222,0.480602676398778,0.218371834127407,0.465652070592694,1.92241070559511,0.107162144179756,0.514148803499176,0.0576991842154766,0.366144841632782,0.0366488568033419,0.286064684607331,0.396572473373758,4,7145.81328949498,,1
11,20,12,0.285876744186047,0.412616279069767,4,0.154954264497615,0.503215004446551,83.1976836797452,73.4513323316551,R6,2.28067707818629,0.47509376321667,0.52490623678333,0.225142867492152,0.493960121766102,2.09962494713332,0.106234095530023,0.524421077751844,0.0651915383369594,0.400260146896926,0.0308544997815224,0.285721679620341,0.412403028591783,4,7031.74882904207,,1
11,21,11,0.285525581395349,0.428395348837209,4,0.150878288204369,0.50934141288025,80.9397918478801,70.1511751611291,R6,2.13528620216031,0.433265758649781,0.566734241350219,0.231287943137258,0.518418264267582,2.26693696540088,0.105629704098237,0.532716171883287,0.0724447033898717,0.432321883238313,0.0255817508882951,0.285378470957743,0.428237808219419,4,6934.21292320389,,1
11,22,10,0.285174418604651,0.444174418604651,4,0.1470019690172,0.515167726099818,78.5556745297874,66.8802108378719,R6,2.00114966630217,0.393202021924642,0.606797978075358,0.2369935088501,0.539358141064571,2.42719191230143,0.105350222906427,0.539459399087803,0.079661734565528,0.46280983237251,0.0208288227600712,0.28503500091009,0.444076426120863,4,6849.87739814304,,1
11,23,9,0.284823255813954,0.459953488372093,4,0.143310987674979,0.520715466713784,76.0044222741106,63.6042796060543,R6,1.87867110489314,0.354986241436943,0.645013758563056,0.242228141438378,0.557357245481259,2.58005503425223,0.105272750145144,0.545013852715939,0.0867410874489376,0.491731282741245,0.0165103218481692,0.284691307432133,0.459918997953333,4,6776.24658579536,,1
11,24,8,0.284472093023256,0.475732558139535,4,0.139792362235274,0.52600414726979,73.2348323071323,60.2792991470646,R6,1.76656726257223,0.318424931678777,0.681575068321223,0.247042218034961,0.572804931585077,2.72630027328489,0.1053532701877,0.549624532619669,0.0937002737920937,0.519247708946453,0.0125841760973482,0.284347390672796,0.475765444064629,4,6711.4123976431,,1
11,25,7,0.284120930232558,0.491511627906977,4,0.136434295516068,0.531051499557771,70.1831574436827,56.852984202221,R6,1.66482008153096,0.283630464148198,0.716369535851802,0.251425697060151,0.58618973798305,2.86547814340721,0.105514415685703,0.553506677784962,0.100443043846437,0.545335985042294,0.00897992745162418,0.284003291234125,0.491615936369848,4,6653.89524194606,,1
11,26,6,0.28376976744186,0.507290697674419,4,0.133226042955821,0.535873673223281,66.7687615069828,53.2615527429263,R6,1.57367462624472,0.250867065205573,0.749132934794427,0.255355529791256,0.598040687038182,2.99653173917771,0.105674080793345,0.556847740269203,0.10681931491716,0.569879158927401,0.00561594412641543,0.283659073578196,0.507470837292684,4,6602.52683229868,,1
11,27,5,0.283418604651163,0.52306976744186,4,0.130157797773209,0.540485408378501,62.8868484171012,49.4155267665134,R6,1.49180081748567,0.220023280207791,0.779976719792209,0.258886893641279,0.608628241287559,3.11990687916883,0.105821830293141,0.559757373188515,0.112833542431943,0.592974868562511,0.00246178250432325,0.283314748898422,0.523330210471867,4,6556.37433859975,,1
11,28,4,0.283067441860465,0.538848837209302,4,0.127220590840607,0.544900186097702,58.395274106806,45.1066679939267,R6,1.40504096088525,0.186763867250297,0.813236132749703,0.262721198243903,0.615704888559418,3.25294453099881,0.106548013772851,0.561830564551584,0.12017095339876,0.617179933306929,0,0.28296966846515,0.539189544916604,4,6514.68477775113,R-G,1
11,29,3,0.282716279069767,0.554627906976744,4,0.124406203117933,0.549130360033811,53.0350560046139,39.769924295957,R6,1.27584825962925,0.136087850207231,0.863912149792769,0.268762847685591,0.611322422421522,3.45564859917108,0.109717668563173,0.561513471406682,0.134753222353052,0.651267372364476,0,0.282621414090615,0.555031004452632,4,6476.84181071172,R-G,1
11,30,2,0.28236511627907,0.570406976744186,4,0.121707088846265,0.553187271862484,46.5311373911134,29.9493228854946,R3,1.16841333161168,0.0882155169936397,0.91178448300636,0.273787002816374,0.607678022006584,3.64713793202544,0.11238555229264,0.561246575577966,0.148528717727852,0.683468901533079,0,0.282273093930736,0.570875456444533,4,6442.33830296812,R-G,1
11,31,1,0.282013953488372,0.586186046511628,4,0.11911630798971,0.557081352825557,38.5001852109266,16.8766153143127,R3,1.07766661879288,0.042920457293135,0.957079542706865,0.278030739664559,0.604599718107158,3.82831817082746,0.114662074797374,0.561018831634787,0.161562590186536,0.713936816677965,0,0.281924707966872,0.586722901740299,4,6410.75175157777,R-G,1
11,32,0,0.281662790697674,0.60196511627907,4,0.116627466651901,0.560822213288203,28.3187788193084,0.751395112684619,R3,1,0,1,0.281662790697674,0.60196511627907,4,0.116627466651901,0.560822213288203,0.173913159319817,0.742807445383028,0,0.281576256180375,0.602573341188245,4,6381.72840245907,,1
12,0,31,0.3057,0.103274418604651,4,0.337055142519779,0.256200985388405,-201.108947509321,-320.369548673548,R6,1,7.505805660942e-16,0.999999999999999,0.3057,0.103274418604651,4,0.337055142519779,0.256200985388405,1.105858528131,0,0.908061683751408,0.305206115021505,0.102772980028271,4,24999.9994413748,,1
12,1,30,0.305348837209302,0.119053488372093,4,0.319909168211798,0.280643546143182,-122.247017851091,-182.236421997917,R6,1.07369998357876,0.201276081232339,0.79872391876766,0.303288836970621,0.102099064242764,3.19489567507064,0.335254415401991,0.253934880969611,0.879418847585453,0,0.738098038558147,0.304879963569749,0.118508122721555,4,24999.9994413748,B-R,1
12,2,29,0.304997674418605,0.134832558139535,4,0.304389249859873,0.302768071726398,-74.9559660510971,-157.849709261061,R8,1.15912767412766,0.355442630878166,0.644557369121834,0.300493991176433,0.100736678474995,2.57822947648734,0.333155548403419,0.25129358583225,0.705978347160005,0,0.607915114763909,0.304553632102125,0.134251950261568,4,24999.9994413748,B-R,1
12,3,28,0.304646511627907,0.150611627906977,4,0.290274546300605,0.322889383766536,-41.8062482697305,-133.914602295931,R8,1.25932435165311,0.477306166786305,0.522693833213695,0.297215964333214,0.0991387595032728,2.09077533285478,0.330677815884025,0.248175511719117,0.568879393462988,0,0.505009838328314,0.304227120469556,0.150004469840559,4,24999.9994413748,B-R,1
12,4,27,0.304295348837209,0.166390697674419,4,0.277382475427716,0.341267763431947,-18.3959931428693,-106.826533762465,R8,1.37848236701709,0.576056713061282,0.423943286938718,0.293317599810611,0.0972384484541916,1.69577314775487,0.327708457414565,0.244438756559405,0.457783022670713,0,0.421621873365172,0.303900428522798,0.165765688658723,4,24999.9994413748,B-R,1
12,5,26,0.303944186046512,0.18216976744186,4,0.265560773014786,0.358120272030332,-0.450366184099243,-79.5494239591047,R8,1.52254663013383,0.65770023020484,0.34229976979516,0.288604404390281,0.0949409369511489,1.36919907918064,0.324085036982023,0.239878904612807,0.365932407200603,0,0.352679604143924,0.303573556112444,0.181535613924207,4,24999.9994413748,B-R,1
12,6,25,0.303593023255814,0.197948837209302,4,0.254681450657115,0.373629364305969,15.2294778701749,-53.3454286621055,R8,1.70023728262672,0.726327669343299,0.273672330656701,0.28279109058541,0.0921071577108747,1.0946893226268,0.319564702184391,0.234190341055254,0.28872514392309,0,0.294728507099329,0.303246503088921,0.197314252853125,4,24999.9994413748,B-R,1
12,7,24,0.303241860465116,0.213727906976744,4,0.244636143276324,0.387949520836304,30.6698013198205,-26.5569062002995,R8,1.92488310133561,0.784821877258523,0.215178122741477,0.275441595151714,0.0885245457471021,0.860712490965906,0.313767390963485,0.226894781142233,0.222917971640167,0,0.245334218721428,0.302919269302492,0.213101612669569,4,17529.8635148062,B-R,1
12,8,23,0.302890697674419,0.229506976744186,4,0.235332487114741,0.401212411406786,46.3755760633361,1.39610556646521,R8,2.21792961915047,0.835272894497986,0.164727105502014,0.265854307674392,0.083851091477179,0.658908422008057,0.306062990015182,0.217199266002457,0.166159552274308,0,0.202731845199316,0.302591854603254,0.228897700605616,4,12214.3068670603,B-R,1
12,9,22,0.302539534883721,0.245286046511628,4,0.22669127141371,0.413530955455301,60.7457698457277,27.9228407429936,R8,2.61622719270295,0.879232958565172,0.120767041434828,0.2528236347026,0.0774991119017218,0.483068165739313,0.295325209085122,0.203686428564017,0.116703587098572,0,0.165610629970749,0.302264258841135,0.244702523901343,4,10061.1202222669,B-R,1
12,10,21,0.302188372093023,0.26106511627907,4,0.218644177596127,0.425002544995949,73.5913016541599,52.5448116598186,R8,3.18889074038912,0.917879031029161,0.0821209689708392,0.23408841784901,0.0683663744710928,0.328483875883357,0.279323483225211,0.183549239913227,0.0732259704363905,0,0.132976710887237,0.301936481865903,0.260516089804839,4,8932.72286971257,B-R,1
12,11,20,0.301837209302326,0.276844186046512,4,0.211131969274515,0.435711624865389,84.7697316081464,75.2311591381578,R8,4.08250689422308,0.952119744057178,0.0478802559428216,0.204852940065246,0.0541151413871832,0.191521023771286,0.252930171618921,0.150334879188147,0.0347044726397101,0,0.104062811308974,0.301608523527154,0.27633840557221,4,8251.44482890394,B-R,1
12,12,19,0.301486046511628,0.292623255813953,4,0.204103031576859,0.445731774996871,93.1331539344447,86.9650365293702,R3,5.6719437878244,0.982667745798438,0.0173322542015621,0.152853044145493,0.0287670816574053,0.0693290168062483,0.20115558464986,0.0851797431584327,0.000337350062384378,0,0.0782671494621935,0.301280383674321,0.292169478467596,4,7800.37238710232,B-R,1
12,13,18,0.30113488372093,0.308402325581395,4,0.197512183588954,0.455127403351154,95.2625031769235,89.5457700286471,R3,5.34283934320515,0.920097504433447,0.0799024955665532,0.161446951265418,0.131658863939325,0.319609982266213,0.151699768419859,0.278347734536408,0.00519832985738014,0.0524769770573158,0.0659317206550813,0.300942203559793,0.307977549482381,4,7481.62879682606,,1
12,14,17,0.300783720930233,0.324181395348837,4,0.191319706135346,0.463955131870026,95.5579922484968,91.452963719309,R3,4.61981527957965,0.84376898869486,0.15623101130514,0.183080797118413,0.233980649486754,0.624924045220561,0.134578497894044,0.386986078767321,0.0174628496316462,0.111420141776601,0.057183778871069,0.300601628227924,0.323783367911416,4,7245.26866248266,,1
12,15,16,0.300432558139535,0.339960465116279,4,0.185490540680244,0.472264938488576,94.4049707977515,91.9442688937103,R6,4.23952340195844,0.784667235752125,0.215332764247875,0.19395771107005,0.310352727977449,0.861331056991501,0.122441917897057,0.440819866424084,0.0245645364105085,0.158978027277895,0.0480285182998405,0.30026216705125,0.339598273212991,4,7063.39721026852,,1
12,16,15,0.300081395348837,0.355739534883721,4,0.179993625211243,0.480101103870696,92.8300800705578,89.3884516316491,R6,3.86862144724146,0.727670421240434,0.272329578759566,0.204789793599077,0.37478584705087,1.08931831503826,0.115572297334656,0.475894996179408,0.0322814893641971,0.204146875263557,0.0400627515078336,0.29992220301287,0.355416847204259,4,6919.31472017244,,1
12,17,14,0.29973023255814,0.371518604651163,4,0.174801340536025,0.487503000744592,91.0428174595762,86.223868144019,R6,3.5399741455935,0.674215119804825,0.325784880195175,0.214463891182228,0.428461280845398,1.3031395207807,0.111227695038975,0.499980257483627,0.0398588127661229,0.246236984573839,0.0329299374263798,0.299581961999139,0.371239768930483,4,6802.45523390376,,1
12,18,13,0.299379069767442,0.387297674418605,4,0.169889046153237,0.494505755545218,89.0980784626149,82.8986454889472,R6,3.24888653556245,0.623933004882926,0.376066995117074,0.223094746493689,0.473199910108403,1.50426798046829,0.108400909105343,0.517333679136991,0.0472879644701654,0.285587021351675,0.0265205095887228,0.299241454439175,0.387066991151904,4,6705.82734971806,,1
12,19,12,0.299027906976744,0.403076744186046,4,0.165234689235625,0.501140805831057,87.0230069167307,79.5562727142065,R6,2.98596869424408,0.576035507895194,0.423964492104806,0.230964603146337,0.510272868356756,1.69585796841922,0.10666454110307,0.530224312938574,0.0547513902518823,0.322761307617943,0.0207995225452057,0.298900623622851,0.40289818375689,4,6624.62911685014,,1
12,20,11,0.298676744186047,0.418855813953488,4,0.160818473632575,0.507436372139791,84.8224400913689,76.2284196357449,R6,2.74819069737346,0.530184760654331,0.469815239345669,0.238148690459312,0.54080227899469,1.87926095738268,0.105687328137665,0.540002477304476,0.0622723474108529,0.35804560497988,0.0156973924835524,0.298559461853326,0.418733193421465,4,6555.45891302214,,1
12,21,10,0.298325581395349,0.43463488372093,4,0.156622578412017,0.513417859222821,82.4787478036938,72.9090114040719,R6,2.53784845648478,0.486713200005707,0.513286799994293,0.244540225727734,0.566174572626768,2.05314719997717,0.105121911557878,0.54761561063813,0.0696241907185913,0.39132191519486,0.0110799427301569,0.298218054863799,0.434572296502906,4,6495.84125769973,,1
12,22,9,0.297974418604651,0.450413953488372,4,0.152630917502065,0.519108198689768,79.9580437966287,69.5744754800535,R6,2.34938776822875,0.445164043381113,0.554835956618887,0.250306511164198,0.587125763076478,2.21934382647555,0.104896483999286,0.553608105649192,0.076906732346229,0.422921825844558,0.00692109269093627,0.297876372061764,0.450415265751069,4,6443.93321827554,,1
12,23,8,0.297623255813953,0.466193023255814,4,0.14882893359693,0.524528142807303,77.213528193276,66.1880352514216,R6,2.18184792879698,0.405621717555708,0.594378282444292,0.255458769591455,0.604579170267274,2.37751312977717,0.104867782198365,0.558414858546315,0.0840160454116011,0.452852499998239,0.00314065394688373,0.297534459974675,0.466262239577374,4,6398.33600795359,,1
12,24,7,0.297272093023256,0.481972093023256,4,0.145203420760726,0.529696517387504,74.1834499924437,62.6706442010687,R6,2.01810119683148,0.365406244003091,0.634593755996909,0.260592037810899,0.617249329955737,2.53837502398764,0.105440866694039,0.561941323852616,0.0919544160870288,0.482725715540853,0,0.297191910896393,0.482111005777582,4,6357.96852822758,R-G,1
12,25,6,0.296920930232558,0.497751162790698,4,0.141742371172819,0.534630440261068,70.67118662108,58.621884595921,R6,1.76185209328648,0.303276517134484,0.696723482865516,0.269205459778418,0.61100136233226,2.78689393146206,0.109951523673571,0.561490076476536,0.109097447902539,0.524970533902402,0,0.296845118985475,0.497941628949153,4,6321.98241133462,R-G,1
12,26,5,0.29656976744186,0.513530232558139,4,0.138434842266782,0.53934551067829,66.5872101170494,54.1785450444111,R6,1.56334572449676,0.244964868473302,0.755035131526698,0.275877947970461,0.606161301047775,3.02014052610679,0.113504566264496,0.561134629109661,0.125186983437236,0.564619267772802,0,0.296498261588005,0.513775241501149,4,6289.70267856146,R-G,1
12,27,4,0.296218604651163,0.529309302325581,4,0.135270841165563,0.543855974053282,61.8539805627234,49.2303877172825,R6,1.40504096088525,0.190129839506641,0.809870160493359,0.281199120648104,0.602301451299996,3.23948064197344,0.116375682983251,0.560847401796293,0.140317239009869,0.601904090277266,0,0.296151338685429,0.529611844280399,4,6260.58631475701,R-G,1
12,28,3,0.295867441860465,0.545088372093023,4,0.132241223841734,0.548174865716788,56.3023812498714,43.2163775754978,R3,1.27584825962925,0.138469509513808,0.861530490486192,0.285541735844204,0.599151423442454,3.44612196194477,0.118744004120706,0.560610474292419,0.154571521545825,0.637030291003373,0,0.295804350259192,0.545451438134055,4,6234.19137807128,R-G,1
12,29,2,0.295516279069767,0.560867441860465,4,0.129337606859355,0.552314136733155,49.6613584812264,32.4807250471044,R3,1.16841333161168,0.0897159339172087,0.910284066082791,0.289152996747221,0.59653190227107,3.64113626433116,0.120730971897135,0.56041169748462,0.16802376316504,0.670180057618476,0,0.295457296290727,0.561294023909586,4,6210.15350150611,R-G,1
12,30,1,0.29516511627907,0.576646511627907,4,0.126552289903367,0.556284764339098,41.5091816281271,19.4572335563153,R3,1.07766661879288,0.0436304957505202,0.95636950424948,0.292203308802406,0.594319279804161,3.82547801699792,0.122421832801386,0.560242543290493,0.180739803819687,0.70151563661726,0,0.295110176761462,0.577139602454785,4,6188.17120595748,R-G,1
12,31,0,0.294813953488372,0.592425581395349,4,0.123878187588924,0.560096849153364,31.1737892557772,3.26490022196568,R3,1,0,1,0.294813953488372,0.592425581395349,4,0.123878187588924,0.560096849153364,0.192778468955934,0.731181988956182,0,0.294762991652819,0.592988174617763,4,6167.9922367637,,1
13,0,30,0.3185,0.109513953488372,4,0.346462330079649,0.268039352838573,-137.368888338574,-373.48286132174,R6,1,0,1,0.3185,0.109513953488372,4,0.346462330079649,0.268039352838573,1.12975683910609,0,0.828701667917488,0.317981645618316,0.108996033622458,4,1573.01850055343,,1
13,1,29,0.318148837209302,0.125293023255814,4,0.32907251410785,0.291588690627962,-75.337253516351,-255.085074769947,R6,1.07369998357876,0.191252625037627,0.808747374962373,0.317032196760429,0.108798452744955,3.23498949984949,0.345396405198906,0.266697951879763,0.911584060760738,0,0.677196523123044,0.317658977947663,0.124734888507631,4,1806.55676090359,B-R,1
13,2,28,0.317797674418605,0.141072093023256,4,0.313311850218901,0.312931826076191,-76.7312549271587,-168.206210954068,R8,1.15912767412766,0.339721614431913,0.660278385568086,0.315330825405267,0.107969096032401,2.64111354227235,0.344156749296657,0.265137921106571,0.742217015953351,0,0.559583414642882,0.317336132161392,0.140482431390163,4,24999.9994413748,B-R,1
13,3,27,0.317446511627907,0.156851162790698,4,0.298961643673604,0.332364916215311,-46.8385870666135,-147.704679504296,R8,1.25932435165311,0.45831894077605,0.54168105922395,0.313335316034374,0.106996357725332,2.1667242368958,0.342697120333719,0.263301067754365,0.606926281053686,0,0.465633827825617,0.31701310811198,0.156238669465824,4,24999.9994413748,B-R,1
13,4,26,0.317095348837209,0.17263023255814,4,0.285840666222937,0.350133380850807,-26.5282613489962,-122.920329090688,R8,1.37848236701709,0.555235760074748,0.444764239925252,0.31096217410843,0.105839537269789,1.77905695970101,0.340953267456744,0.261106536072577,0.496367737187262,0,0.388858950942345,0.31668990565174,0.172003609938335,4,24999.9994413748,B-R,1
13,5,25,0.316744186046512,0.188409302325581,4,0.27379746224731,0.366442321609495,-9.73689601163561,-97.1732758479235,R8,1.52254663013383,0.63591922746909,0.36408077253091,0.308093001255994,0.104440919761961,1.45632309012364,0.338833218532228,0.258438584783095,0.404327503781331,0,0.324943695359879,0.316366524632824,0.187777260019376,4,24999.9994413748,B-R,1
13,6,24,0.316393023255814,0.204188372093023,4,0.262704476049884,0.381464474775454,7.47420785326375,-68.7001879755255,R8,1.70023728262672,0.704132738341966,0.295867261658034,0.304554127803032,0.102715847546427,1.18346904663214,0.336200521985655,0.255125497964664,0.326512461060227,0,0.270906801279605,0.316042964907219,0.203559626928597,4,14345.284259069,B-R,1
13,7,23,0.316041860465116,0.219967441860465,4,0.252453516474738,0.39534635311689,25.1156588770149,-38.1748058130431,R8,1.92488310133561,0.76255983957129,0.23744016042871,0.30008009884881,0.100534921004971,0.949760641714838,0.332843659834171,0.250901093234142,0.259861334031989,0,0.224622435614418,0.315719226326749,0.21935071789363,4,9957.32925066565,B-R,1
13,8,22,0.315690697674419,0.235746511627907,4,0.24295221655172,0.408213040245052,41.3139234477754,-9.27342507765941,R8,2.21792961915047,0.813165613560261,0.186834386439739,0.294243806799518,0.0976899407055062,0.747337545758955,0.328416195464748,0.245329401403382,0.20213244111186,0,0.184533913356877,0.315395308743074,0.235150540150101,4,8357.83762292025,B-R,1
13,9,21,0.315339534883721,0.251525581395349,4,0.234121242467669,0.420171970233265,55.7490038215186,17.1423270796934,R8,2.61622719270295,0.857422037045974,0.142577962954026,0.286311342769198,0.093823152734331,0.570311851816103,0.322308791125102,0.237643608356382,0.151646614474935,0,0.149475174440389,0.31507121200769,0.250959100941638,4,7591.46744141339,B-R,1
13,10,20,0.314988372093023,0.267304651162791,4,0.225892073138698,0.431315934526405,68.5640498002947,41.2300366734458,R8,3.18889074038912,0.896453521939704,0.103546478060296,0.274906219325991,0.0882635694861253,0.414185912241183,0.313341431740129,0.226358737635841,0.107121173318066,0,0.11855549023107,0.314746935971927,0.266776407519885,4,7156.7291198748,B-R,1
13,11,19,0.314637209302326,0.283083720930233,4,0.218205218771319,0.441725494370443,79.9013931803359,63.3011186490764,R8,4.08250689422309,0.931133781540498,0.0688662184595016,0.257109028311302,0.0795880855667192,0.275464873838006,0.298891090852763,0.208173871636722,0.0675594230448092,0,0.0910827287393334,0.314422480486955,0.28260246714451,4,6880.59657776366,B-R,1
13,12,18,0.314286046511628,0.298862790697674,4,0.211008780387268,0.451470931507983,89.614047503113,83.6244887306747,R8,5.67194378782439,0.96215201125449,0.0378479887455096,0.225453924629646,0.0641573727800401,0.151391954982038,0.271714662016988,0.173974006002741,0.0321751591439891,0,0.0665109280481734,0.314097845403773,0.298437287083221,4,6690.88774086042,B-R,1
13,13,17,0.31393488372093,0.314641860465116,4,0.204257276529297,0.460613837056584,95.0388823579604,89.4340102474453,R3,7.97853499220681,0.970452881381346,0.0295471186186543,0.178794742139288,0.0741745279545851,0.118188474474617,0.202456613277962,0.188979429531128,0.00812018705703917,0.0114329519523816,0.0467610902568372,0.313770544840893,0.314273668533474,4,6552.96180794293,,1
13,14,16,0.313583720930233,0.330420930232558,4,0.197910681065134,0.469208414517354,95.9621749928326,91.2020144981401,R3,6.61464295866482,0.896805031990807,0.103194968009193,0.202883853480092,0.225544622688382,0.412779872036774,0.153097711473572,0.382944828763008,0.0185675380932254,0.069098175455345,0.0386556714457417,0.313432304107519,0.330085186668445,4,6448.34436337514,,1
13,15,15,0.313232558139535,0.3462,4,0.191933629068917,0.477302555172546,95.2952065864461,92.693715523949,R3,5.87103697157974,0.836622221976914,0.163377778023086,0.215483306912182,0.332073992782419,0.653511112092342,0.131514125399398,0.456011874179858,0.0253833309775376,0.117569831426249,0.0304772993994697,0.313094895237805,0.345904589938993,4,6366.35201462982,,1
13,16,14,0.312881395348837,0.361979069767442,4,0.186294757495844,0.484938730945805,93.961759833233,91.0824175267766,R6,5.25275783625059,0.780817724732533,0.219182275267467,0.226046014413302,0.416750634644548,0.87672910106987,0.1197766814642,0.496860200464533,0.0319495753076814,0.162322100719702,0.0231163708813434,0.312757250809283,0.361728727674583,4,6300.40212624432,,1
13,17,13,0.31253023255814,0.377758139534884,4,0.180966154691401,0.492154739878322,92.3179748613002,88.2775617155372,R6,4.70131968852458,0.727566729542646,0.272433270457354,0.235654683399505,0.483831075631833,1.08973308182942,0.113096195063618,0.522454164991695,0.0388039571833775,0.204565226862255,0.0166238960080705,0.312419179944683,0.377556869726476,4,6246.22753554584,,1
13,18,12,0.312179069767442,0.393537209302326,4,0.17592289833686,0.498984331844342,90.4461614625204,85.1603157577851,R6,4.21186741557114,0.67646754477147,0.32353245522853,0.244341442166937,0.536263633899379,1.29412982091412,0.109245836322458,0.539471648664999,0.0459493335134749,0.244656154625998,0.0109067789477799,0.312080670676368,0.393388822878937,4,6200.94492281534,,1
13,19,11,0.311827906976744,0.409316279069767,4,0.17114266568812,0.505457736366827,88.3811204806057,81.928240280041,R6,3.78868931812965,0.62777204286641,0.37222795713359,0.251948910524905,0.577240773289142,1.48891182853436,0.106950711623442,0.551328841008356,0.0531533484736356,0.282551796385934,0.00581514275576369,0.311741807063994,0.409224753636917,4,6162.53848092636,,1
13,20,10,0.311476744186047,0.425095348837209,4,0.166605403247023,0.51160210994949,86.1327468512152,78.6454285223998,R6,3.42030512111195,0.581123936917668,0.418876063082332,0.258657806380199,0.609027280808596,1.67550425232933,0.105671533361927,0.559824220759478,0.060444639369371,0.318548289087257,0.00128999165638474,0.311402576458436,0.425064493108327,4,6129.55655514322,,1
13,21,9,0.311125581395349,0.440874418604651,4,0.16229304555424,0.517441916888259,83.5416143239674,75.2437284141158,R6,2.84594769935533,0.513602851562263,0.486397148437737,0.270192764387551,0.61028519548758,1.94558859375095,0.110473984485448,0.561437809351917,0.0768220245963039,0.366086851343321,0,0.311059044585136,0.440891504390485,4,6100.92844131084,R-G,1
13,22,8,0.310774418604651,0.456653488372093,4,0.158189274787767,0.52299925482367,80.4331362578417,71.4897710990283,R6,2.36157595483523,0.440760862505589,0.559239137494411,0.28010412860806,0.603095731998185,2.23695654997764,0.115782101929186,0.560906783809678,0.0960307666827346,0.416163902804444,0,0.310713648021257,0.456714288660481,4,6075.84749960727,R-G,1
13,23,7,0.310423255813953,0.472432558139535,4,0.154279314422033,0.528294134168288,76.9647982281795,67.4313286814186,R6,2.01810119683149,0.37278466352846,0.62721533647154,0.287132415178532,0.597997583189684,2.50886134588616,0.119617247250447,0.560523114807368,0.113956379246,0.462895844894339,0,0.310368186250585,0.472540060085343,4,6053.69375918622,R-G,1
13,24,6,0.310072093023256,0.488211627906977,4,0.15054975144742,0.533344718857533,73.1308754633348,63.0656187412904,R6,1.76185209328648,0.309202465533175,0.690797534466825,0.29237586347036,0.594194112828397,2.7631901378673,0.122517829677845,0.56023293973633,0.130723275076228,0.506607020855554,0,0.310022659254652,0.48836881951106,4,6033.98423170116,R-G,1
13,25,5,0.309720930232558,0.503990697674419,4,0.146988382642171,0.538167534528695,68.8588284961031,58.3294190064987,R6,1.56334572449676,0.249601562997367,0.750398437002633,0.296437762091459,0.591247709973622,3.00159374801053,0.124788354499782,0.560005795803002,0.146440286373628,0.547581155445603,0,0.309677067014984,0.504200567783941,4,6016.33597307314,R-G,1
13,26,4,0.30936976744186,0.51976976744186,4,0.143584081183954,0.542777649155926,64.0204786022558,53.1024875030493,R6,1.40504096088525,0.193619365735411,0.806380634264589,0.299677043052304,0.588898014040575,3.22552253705836,0.126613999225815,0.559823157797937,0.161203029711127,0.586067520377409,0,0.3093314095131,0.520035305750615,4,6000.44186763119,R-G,1
13,27,3,0.309018604651163,0.535548837209302,4,0.140326680529169,0.547188830301219,58.420292192729,45.5903525984537,R3,1.27584825962925,0.140936016066641,0.859063983933359,0.302320624002816,0.586980424463386,3.43625593573344,0.128113849950251,0.559673112315209,0.175095852918485,0.622286009832093,0,0.308985686730513,0.535873034258029,4,5986.05336641495,R-G,1
13,28,2,0.308667441860465,0.551327906976744,4,0.137206873007119,0.551413682438457,51.7653312394982,35.0292794167425,R3,1.16841333161168,0.0912682737686809,0.908731726231319,0.304518990678068,0.585385782535556,3.63492690492528,0.129367971675028,0.559547649629805,0.188193447646088,0.656431344401109,0,0.308639898648726,0.551713754153451,4,5972.96632593388,R-G,1
13,29,1,0.308316279069767,0.567106976744186,4,0.134216120998603,0.555463767235619,43.6069603744014,22.1128831795957,R3,1.07766661879288,0.0443644218936896,0.95563557810631,0.306375877940251,0.584038841501165,3.82254231242524,0.130432180793901,0.559441185854202,0.200562192722858,0.688676573210572,0,0.308294045249238,0.567557466284469,4,5961.01203164549,R-G,1
13,30,0,0.30796511627907,0.582886046511628,4,0.131346578913828,0.559349709212511,33.2280666016068,5.90261466111157,R3,1,0,1,0.30796511627907,0.582886046511628,4,0.131346578913828,0.559349709212511,0.2122612793212,0.71917600721813,0,0.30794812651354,0.583404171498994,4,5950.04960925738,,1
14,0,29,0.3313,0.115753488372093,4,0.355620736783639,0.279564644869787,-125.870332846191,-350.581943995308,R6,1,6.69662510128003e-16,0.999999999999999,0.3313,0.115753488372093,4,0.355620736783639,0.279564644869787,1.15107873796457,0,0.757897240241338,0.33076041537503,0.115220665034922,4,1481.2414278728,,1
14,1,28,0.330948837209302,0.131532558139535,4,0.338005287122081,0.302258427686849,-66.3877708482205,-242.920809976876,R6,1.07369998357876,0.182180138024491,0.817819861975509,0.330775556550237,0.115497841247145,3.27127944790204,0.355250258266399,0.279098420422621,0.940697619311674,0,0.622073001143002,0.330441233262907,0.13096323348887,4,1674.13394042872,B-R,1
14,2,27,0.330597674418605,0.147311627906977,4,0.322020326036604,0.322851670674261,-38.43526564784,-170.491013110777,R6,1.15912767412766,0.32533235749328,0.67466764250672,0.330167659634102,0.115201513589806,2.69867057002688,0.354820323446839,0.278557373872716,0.775385832878405,0,0.515345991846453,0.330121874936878,0.146714493092364,4,1912.53919475444,B-R,1
14,3,26,0.330246511627907,0.163090697674419,4,0.307449489482208,0.341623113162612,-18.5654870865444,-115.597836864362,R6,1.25932435165311,0.440784543905966,0.559215456094034,0.329454667735534,0.11485395594739,2.23686182437614,0.35431537085135,0.277921922061826,0.642061967874208,0,0.429270717440666,0.329802340250977,0.1624744510447,4,2235.21727444727,B-R,1
14,4,25,0.329895348837209,0.17886976744186,4,0.294113073523603,0.358804265681417,-33.9056781808171,-137.232724961356,R8,1.37848236701709,0.535867406533383,0.464132593466617,0.328606748406249,0.114440626085386,1.85653037386647,0.35371388941408,0.277164994635478,0.532260541543166,0,0.358381774179878,0.329482629059077,0.178243114553127,4,24999.9994413748,B-R,1
14,5,24,0.329544186046512,0.194648837209302,4,0.28186058538623,0.37458900635511,-14.199976530843,-104.426073787626,R8,1.52254663013383,0.615534619680471,0.384465380319529,0.327581598121707,0.113940902572772,1.53786152127812,0.352985274607209,0.276248077676134,0.440261064522297,0,0.298985954612909,0.329162741214888,0.19402049083286,4,9441.97130563201,B-R,1
14,6,23,0.329193023255814,0.210427906976744,4,0.270565039838448,0.389140928808784,8.04792292483724,-65.2591468903528,R8,1.70023728262672,0.683254040042028,0.316745959957971,0.326317165020654,0.113324537381979,1.26698383983189,0.352084455459197,0.275114452135829,0.362058865508294,0,0.248497801280011,0.328842676571959,0.209806587107087,4,6518.67854687041,B-R,1
14,7,22,0.328841860465116,0.226206976744186,4,0.26011854173795,0.402599033123255,25.1929445550329,-36.345376398882,R8,1.92488310133561,0.741525922808809,0.258474077191191,0.324718602545906,0.112545296262839,1.03389630876476,0.350942201420874,0.273676995622812,0.294766656733935,0,0.20505325115808,0.328522434983678,0.225601410606984,4,6092.32672829053,B-R,1
14,8,21,0.328490697674419,0.241986046511628,4,0.250428828630771,0.415082179965304,39.9447815456436,-11.0119401295016,R8,2.21792961915047,0.792198391337356,0.207801608662644,0.322633305924644,0.111528789933833,0.831206434650576,0.349446429402214,0.271794658456057,0.23625023046739,0,0.167274437530224,0.32820201630327,0.241404968571726,4,5954.61166189782,B-R,1
14,9,20,0.328139534883721,0.25776511627907,4,0.241416538487203,0.426692610532331,53.154986520315,12.3685850574286,R8,2.61622719270295,0.836667038125068,0.163332961874932,0.319799050835796,0.11014719356694,0.653331847499729,0.347402977409334,0.269223099697978,0.18489796035921,0,0.134120877657184,0.327881420383797,0.257217268248493,4,5887.7357126935,B-R,1
14,10,19,0.327788372093023,0.273544186046512,4,0.233013031133374,0.437518753177191,65.1078888467161,34.1717969897204,R8,3.18889074038912,0.876005443321699,0.123994556678301,0.315724020802972,0.108160764501158,0.495978226713203,0.344443633447115,0.265498947180211,0.139470079026858,0,0.104792164817719,0.327560647078159,0.273038316892489,4,5848.35238626276,B-R,1
14,11,18,0.327437209302326,0.289323255813954,4,0.225158636747435,0.447637479850575,75.9424250595557,54.5618425555769,R8,4.08250689422309,0.911052984042945,0.0889470159570554,0.309365116557357,0.105061029746255,0.355788063828222,0.339774778858332,0.259623480592387,0.0989972761026607,0,0.0786625021533331,0.327239696239094,0.288868121766946,4,5822.42604276272,B-R,1
14,12,17,0.327086046511628,0.305102325581395,4,0.217801236840088,0.457115934207602,85.6632986310146,73.6533806447096,R8,5.6719437878244,0.94247539611816,0.0575246038818403,0.298054805113798,0.0995476639026746,0.230098415527361,0.331313517360279,0.248975502961623,0.0627107616953261,0,0.0552355509113887,0.326918567719176,0.304706690143139,4,5804.07344808938,B-R,1
14,13,16,0.32673488372093,0.320881395348837,4,0.210895106343695,0.466013023331217,93.7148435994568,89.2573332962487,R3,9.28804630903422,0.970807467403395,0.0291925325966053,0.272322895975806,0.0870042932236713,0.116770130386421,0.311279019629526,0.22376331873475,0.0299929642703404,0,0.0341126004837216,0.326597261370816,0.320554029300396,4,5790.4022855863,B-R,1
14,14,15,0.326383720930233,0.336660465116279,4,0.204399962424603,0.47438064313641,96.0759477870595,91.1199244676642,R3,10.8500669519693,0.941378974286599,0.0586210257134007,0.25825790903452,0.21413021366027,0.234484102853603,0.204437379682987,0.381388105012801,0.0222091473050545,0.032133079126716,0.0215954486414965,0.326267436744043,0.336386941866167,4,5779.82486044092,,1
14,15,14,0.326032558139535,0.352439534883721,4,0.198280178205219,0.482264691323103,95.9141041178507,92.4197610811899,R3,8.95781454034113,0.879947934514594,0.120052065485406,0.268199603631242,0.379014934139372,0.480208261941622,0.152999440107397,0.486486228330313,0.028867457521606,0.0815870440303841,0.0143639138005012,0.325932001128668,0.352210450982023,4,5771.39842958482,,1
14,16,13,0.325681395348837,0.368218604651163,4,0.192504128976653,0.489705909642939,94.8232395033424,92.3018207818878,R6,7.85973193608794,0.827453374361071,0.172546625638929,0.273419809714828,0.499367107550183,0.690186502555717,0.129497452443286,0.532149549590523,0.0334981522742493,0.12466158781448,0.00731069358233145,0.325597060989721,0.368040957274841,4,5764.52762818578,,1
14,17,12,0.32533023255814,0.383997674418605,4,0.187043645567454,0.496740588118105,93.3156792774297,89.9209659903704,R6,6.75832803588451,0.774601598136338,0.225398401863662,0.279437697258195,0.584949931410425,0.90159360745465,0.118148932843567,0.556475466240352,0.0396020135495811,0.166920141176017,0.00139881345073464,0.325261208447828,0.383874210963691,4,5758.81818694199,,1
14,18,11,0.324979069767442,0.399776744186047,4,0.181873554923169,0.503401156907443,91.0351696068667,87.4939844683579,R6,4.82536257630953,0.692269145094835,0.307730854905165,0.293148494655731,0.593633664884561,1.23092341962066,0.122948121512505,0.560189893221771,0.0585783660911512,0.225466671898921,0,0.32491926331538,0.399692557441519,4,5753.99898376134,R-G,1
14,19,10,0.324627906976744,0.415555813953488,4,0.176971292084405,0.509716686190686,87.8626183544752,84.1534888538275,R6,3.58028264510869,0.60543908496368,0.39456091503632,0.302251455852069,0.587030597364246,1.57824366014528,0.128074492443515,0.559677049651106,0.0803795459499624,0.285835736695791,0,0.324575260750166,0.415507508658791,4,5749.87675768767,R-G,1
14,20,9,0.324276744186047,0.43133488372093,4,0.17231657094485,0.515713310327143,84.4163301512852,77.0360856652627,R8,2.84594769935533,0.524961850112509,0.475038149887491,0.307620285875585,0.583136178132335,1.90015259954997,0.131147892578581,0.55936958584863,0.100585666605413,0.34178796565964,0,0.324231193257524,0.431325444807585,4,5746.31034947199,R-G,1
14,21,8,0.323925581395349,0.447113953488372,4,0.167891103656677,0.521414589342516,80.852308940453,70.110637006706,R8,2.36157595483523,0.450164849096583,0.549835150903417,0.311161598432696,0.580567395796478,2.19934060361367,0.133195817652281,0.559164710855895,0.119365601452686,0.393790981598147,0,0.323887060819072,0.44714636673305,4,5743.19470111451,R-G,1
14,22,7,0.323574418604651,0.462893023255814,4,0.163678360498951,0.526841818287693,77.1641197179322,63.5013765775234,R8,2.01810119683148,0.380467199499369,0.619532800500631,0.313672792546165,0.578745836423631,2.47813120200252,0.134658127703255,0.559018420952559,0.136865197702073,0.44224864612548,0,0.323542863416417,0.462970275280653,4,5740.4495009248,R-G,1
14,23,6,0.323223255813954,0.478672093023256,4,0.15966336356138,0.532014293033611,73.270406393503,57.1010111946833,R8,1.76185209328648,0.315364612332786,0.684635387667214,0.315546267162302,0.577386863324534,2.73854155066886,0.135754590438224,0.55890873051625,0.15321107158433,0.487511568864067,0,0.323198601031164,0.478797171296181,4,5738.01187561255,R-G,1
14,24,5,0.322872093023256,0.494451162790698,4,0.155832508815281,0.53694953949521,69.0445596291116,50.7799269040447,R8,1.56334572449676,0.254417170678024,0.745582829321976,0.316997576212457,0.57633411889947,2.9823313172879,0.136607234956667,0.55882343172199,0.168513676873821,0.529885604410077,0,0.322854273644908,0.494627055625741,4,5735.83371992573,R-G,1
14,25,4,0.322520930232558,0.510230232558139,4,0.152173412117122,0.541663512023306,64.3188371220412,44.3708047735997,R8,1.40504096088525,0.197239376028286,0.802760623971714,0.318154965456504,0.575494576781153,3.21104249588685,0.137289249903383,0.55875520275744,0.182869804039992,0.569638772666995,0,0.322509881239238,0.510459929115759,4,5733.87524507262,R-G,1
14,26,3,0.32216976744186,0.526009302325581,4,0.148674775471393,0.546170765696611,58.8700935991849,37.641476242502,R8,1.27584825962925,0.143491986152524,0.856508013847476,0.319099512161429,0.574809425484318,3.4260320553899,0.137847195588526,0.558699385716252,0.196364629586044,0.607006933614615,0,0.322165423795735,0.52629579261298,4,5732.10484324664,R-G,1
14,27,2,0.321818604651163,0.541788372093023,4,0.145326270510052,0.550484606433834,52.3845724681675,30.2471746397824,R8,1.16841333161168,0.0928752792458006,0.907124720754199,0.319884984608914,0.574239662800041,3.6284988830168,0.138312104584654,0.558652876091252,0.209073407277403,0.642198470444609,0,0.321820901295974,0.542134646964471,4,5730.49639392486,R-G,1
14,28,1,0.321467441860465,0.557567441860465,4,0.1421184366571,0.554617222187095,44.3909858439799,21.6422554023014,R8,1.07766661879288,0.0451234618204805,0.954876538179519,0.320548447078097,0.573758403198169,3.81950615271808,0.138705456645099,0.558613525041958,0.221062872201209,0.675398177504159,0,0.321476313721524,0.557976493017615,4,5729.0290697953,R-G,1
14,29,0,0.321116279069767,0.573346511627907,4,0.139042591863471,0.558579797941147,34.1322959201273,8.68129607939173,R3,1,0,1,0.321116279069767,0.573346511627907,4,0.139042591863471,0.558579797941147,0.232392412979076,0.706770506238989,0,0.321131661053945,0.57382133162012,4,5727.68500951659,,1
15,0,28,0.3441,0.121993023255814,4,0.36454010266341,0.290789118713344,-114.800766149093,-327.596148788435,R6,1,0,1,0.3441,0.121993023255814,4,0.36454010266341,0.290789118713344,1.17021954927944,0,0.694335631615271,0.34354242552371,0.12144687486581,4,1405.95416607042,,1
15,1,27,0.343748837209302,0.137772093023256,4,0.346716081816476,0.312663023081254,-58.10471672227,-230.198411834542,R6,1.07369998357876,0.173929415389879,0.826070584610122,0.344518916340045,0.122197229749335,3.30428233844049,0.364828081687699,0.29115152261842,0.967174140706803,0,0.571942437181678,0.343226730748558,0.137193158266106,4,1573.67251177936,B-R,1
15,2,26,0.343397674418605,0.153551162790698,4,0.330522293763521,0.33253628143673,-32.33573203542,-163.901705218332,R6,1.15912767412766,0.31211251235183,0.68788748764817,0.345004493862936,0.122433931147212,2.75154995059268,0.365161578598643,0.29157120798667,0.805859027230575,0,0.474703734826536,0.342910861662678,0.152948135969696,4,1769.24947580783,B-R,1
15,3,25,0.343046511627907,0.16933023255814,4,0.315744861199407,0.350671367200293,-13.8335791810762,-113.531893581252,R6,1.25932435165311,0.424542373229433,0.575457626770567,0.345574019436693,0.122711554169449,2.30183050708227,0.365552311275965,0.292062921049632,0.674608272512138,0,0.395587446235049,0.342594818121661,0.168711815179404,4,2007.30881309482,B-R,1
15,4,24,0.342695348837209,0.185109302325581,4,0.302205751915203,0.36728676415548,1.45719332903341,-72.4285674247371,R6,1.37848236701709,0.517804762819059,0.482195237180941,0.346251322704068,0.123041714900984,1.92878094872376,0.366016397258038,0.292646944738889,0.565733646812751,0,0.329959204130069,0.34227859998094,0.184484203106009,4,2313.81230298807,B-R,1
15,5,23,0.342344186046512,0.200888372093023,4,0.289755571389767,0.382565811488027,14.3460583419478,-37.0524077418855,R6,1.52254663013383,0.596416291966333,0.403583708033667,0.34707019498742,0.123440885383584,1.61433483213467,0.366576632544387,0.293351966418975,0.473962453202695,0,0.27464069374425,0.341962207095788,0.200265306968262,4,2735.8374940667,B-R,1
15,6,22,0.341993023255814,0.216667441860465,4,0.278268027191576,0.396663497154535,24.8993224644069,-11.8866404402985,R8,1.70023728262672,0.663577860821567,0.336422139178433,0.348080202238276,0.123933227217532,1.34568855671373,0.367266350441275,0.294219934007412,0.395557956999323,0,0.227379458852281,0.341645639321316,0.216055133992893,4,3325.30818589272,B-R,1
15,7,21,0.341641860465116,0.232446511627907,4,0.267635629610332,0.409711734131531,34.2354142025006,-12.398762392393,R8,1.92488310133561,0.721621228046363,0.278378771953637,0.349357106243002,0.124555671520708,1.11351508781455,0.368136305590752,0.295314719102227,0.327798060338528,0,0.186534653421294,0.341328896512477,0.231853691414623,4,3958.14621037267,B-R,1
15,8,20,0.341290697674419,0.248225581395349,4,0.257766317984099,0.421823500637149,43.906608412879,-1.43465307441787,R8,2.21792961915047,0.772285256398599,0.227714743601401,0.35102280504977,0.125367639162161,0.910858974405605,0.369267765938297,0.296738592418697,0.26865281274682,0,0.150882649078013,0.341011978524063,0.247660986476177,4,4403.88080696406,B-R,1
15,9,19,0.340939534883721,0.264004651162791,4,0.248580788247502,0.433096119803854,54.1414771735088,14.5535003102427,R8,2.61622719270295,0.816893094190944,0.183106905809056,0.353286758902394,0.12647123439955,0.732427623236223,0.370799499204425,0.298666184605488,0.216577569293687,0,0.119492353469059,0.340694885210705,0.263477026428294,4,4681.59802023293,B-R,1
15,10,18,0.340588372093023,0.279783720930233,4,0.24001035735327,0.443613880492204,64.3389716012129,31.999119209583,R8,3.18889074038912,0.856469401325538,0.143530598674462,0.356541822279952,0.12805795951619,0.574122394697847,0.3729895548358,0.301422235033474,0.170376140777832,0,0.0916427189306461,0.340377616426872,0.279301818529735,4,4863.56786868383,B-R,1
15,11,17,0.340237209302326,0.295562790697674,4,0.231995242814668,0.453450148662042,74.0999120503769,49.5474323375161,R8,4.08250689422309,0.891820025586179,0.108179974413821,0.361621204803413,0.130533973925792,0.432719897655283,0.376378509579372,0.305687026318973,0.129107779527896,0,0.0667666747101623,0.340060172026875,0.295135370047301,4,4990.75470013858,B-R,1
15,12,16,0.339886046511628,0.311341860465116,4,0.224483166181685,0.462669081207362,82.3555675547079,66.3473344585981,R8,5.6719437878244,0.923587450557794,0.0764125494422056,0.370655685597951,0.134937955025309,0.305650197768822,0.382321845886362,0.313166349829243,0.0920224494346307,0,0.0444121085633727,0.33974255186486,0.310977688255835,4,5084.38877252328,B-R,1
15,13,15,0.33953488372093,0.327120930232558,4,0.21742821145936,0.471327026922378,90.6318078580181,82.8111791867084,R8,9.28804630903424,0.952290195965172,0.0477098040348281,0.391209888731444,0.144957382170506,0.190839216139312,0.395454218923745,0.3296926342814,0.0585148299481077,0,0.0242141409478988,0.339424755794814,0.326828780438242,4,5156.1293450274,B-R,1
15,14,14,0.339183720930233,0.3429,4,0.210789885773789,0.479473679266212,96.09264649657,91.1877651118552,R3,23.5320281526298,0.974817438352418,0.0251825616475822,0.471755886572451,0.203201425453696,0.100730246590329,0.419813857419876,0.406863480737135,0.0294933670515446,0.00206071395237163,0.00629996825946235,0.339106180962678,0.342687109591951,4,5212.83136623506,,1
15,15,13,0.338832558139535,0.358679069767442,4,0.204532341681793,0.487153030756078,96.3242105208988,92.1832004365849,R3,15.847904623567,0.911878832207308,0.0881211677926922,0.420979453719688,0.500908184056912,0.352484671170769,0.206136654072385,0.551867689337087,0.0361539677511645,0.0526217944522719,0,0.338772572258135,0.358514149560062,4,5258.7689129789,R-G,1
15,16,12,0.338481395348837,0.374458139534884,4,0.19862372957685,0.494404167704385,93.4401541271126,87.5350129315738,R8,7.3981422620939,0.80626496322556,0.19373503677444,0.371632699906849,0.536703123781097,0.77494014709776,0.170921166673888,0.555390656469821,0.0612928075663883,0.126899916097585,0,0.338429962344709,0.374321273567637,4,5296.7397853799,R-G,1
15,17,11,0.33813023255814,0.390237209302326,4,0.193035655489586,0.501261935614067,89.4103369577768,78.9422887587177,R8,4.82536257630954,0.709191994841435,0.290808005158565,0.356607623420919,0.547601950261254,1.16323202063426,0.16103287200862,0.556379884212442,0.0843986915390562,0.195171231443051,0,0.338087287782827,0.390131380285601,4,5328.65075072961,R-G,1
15,18,10,0.337779069767442,0.406016279069767,4,0.187742724799761,0.507757499142041,85.4436028551933,71.081674211937,R8,3.58028264510869,0.619664148264619,0.380335851735381,0.349336335754603,0.552876366177651,1.52134340694152,0.156375311206573,0.556845827887696,0.10570864084586,0.258136070652046,0,0.33774454855419,0.405944470558264,4,5355.84568866509,R-G,1
15,19,9,0.337427906976744,0.421795348837209,4,0.182722156386913,0.513918815619298,81.661754299574,63.8288360991893,R8,2.84594769935533,0.53683465026447,0.46316534973553,0.345047807363618,0.555987160777089,1.85266139894212,0.153666176537025,0.557116850471907,0.125424209475971,0.316389968436422,0,0.33740174464049,0.421760545230252,4,5379.29820243115,R-G,1
15,20,8,0.337076744186046,0.437574418604651,4,0.177953454851722,0.519771037305732,78.0148143375518,57.0695815069717,R8,2.36157595483523,0.459978867235659,0.54002113276434,0.342219068257331,0.558039059594771,2.16008453105736,0.151894321827584,0.557294107308784,0.143717879020155,0.370442558839548,0,0.337058876023416,0.437579605146513,4,5399.73165328729,R-G,1
15,21,7,0.336725581395349,0.453353488372093,4,0.17341813086127,0.525336854586612,74.4094747987462,50.694299481416,R8,2.01810119683148,0.388473049713005,0.611526950286995,0.340213169913797,0.559494089657578,2.44610780114798,0.150645073059249,0.557419082502273,0.16073811802749,0.420732524196401,0,0.336715942684645,0.453401651152313,4,5417.693834286,R-G,1
15,22,6,0.336374418604651,0.469132558139535,4,0.169099461572051,0.530636789985041,70.7228159547814,44.5894619306208,R8,1.76185209328648,0.321777366400358,0.678222633599642,0.338716670854244,0.560579613820671,2.71289053439857,0.149716933093579,0.557511933882026,0.17661342034648,0.467639527282995,0,0.33637294460585,0.469226684093236,4,5433.60747479651,R-G,1
15,23,5,0.336023255813953,0.484911627906977,4,0.164982284586163,0.53568945102199,66.7976219998524,38.6262480463313,R8,1.56334572449676,0.259422250645227,0.740577749354773,0.337557390333455,0.561420527825317,2.96231099741909,0.149000194208212,0.557583636639036,0.191455555018196,0.511493813826248,0,0.336029881768698,0.485054704815187,4,5447.80452848841,R-G,1
15,24,4,0.335672093023256,0.500690697674419,4,0.161052820089677,0.540511748490747,62.4331452573357,32.6436504146253,R8,1.40504096088526,0.200997328626177,0.799002671373823,0.336632887860705,0.562091139521731,3.19601068549529,0.148430015042461,0.55764067752102,0.2053622016548,0.552583999297996,0,0.335686754154845,0.50088571416439,4,5460.54857467683,R-G,1
15,25,3,0.335320930232558,0.51646976744186,4,0.157298516776268,0.545119085541732,57.3714063169424,26.4207917713292,R8,1.27584825962925,0.146142377121615,0.853857622878385,0.335878400320041,0.56263842650525,3.41543049151354,0.14796561222591,0.557687136507674,0.218419102725088,0.591163428306584,0,0.335343561745945,0.516719712987387,4,5472.05184478424,R-G,1
15,26,2,0.33496976744186,0.532248837209302,4,0.153707917926116,0.549525522032478,51.2680707909481,19.6280673037572,R8,1.16841333161168,0.0945398896766024,0.905460110323398,0.335250978539761,0.563093543064527,3.62184044129359,0.147580049738985,0.557725708285871,0.23070183299957,0.627455402803833,0,0.335000304523641,0.532556702131042,4,5482.48761091465,R-G,1
15,27,1,0.334618604651163,0.548027906976744,4,0.150270544629681,0.553743917837147,43.626043205034,11.7349745631359,R8,1.07766661879288,0.0459089269995905,0.95409107300041,0.334721016215943,0.563477964895173,3.81636429200164,0.147254821684361,0.557758244190717,0.242277263315534,0.661657507094473,0,0.334656982469572,0.548396682442538,4,5491.99712844781,R-G,1
15,28,0,0.334267441860465,0.563806976744186,4,0.146976793649122,0.557786058192523,33.6549102520266,1.8234189115354,R8,1,0,1,0.334267441860465,0.563806976744186,4,0.146976793649122,0.557786058192523,0.253204778546805,0.693945206590367,0,0.334313595565369,0.564239654769377,4,5500.69905285221,,1
16,0,27,0.3569,0.128232558139535,4,0.373229665857221,0.301724399998541,-104.038681454404,-304.680105000833,R6,1,6.04493684786203e-16,0.999999999999999,0.3569,0.128232558139535,4,0.373229665857221,0.301724399998541,1.18749765487224,0,0.636959579606677,0.35632767729704,0.127674663715571,4,1341.8629848599,,1
16,1,26,0.356548837209302,0.144011627906977,4,0.355213070847534,0.322812238628228,-50.314451816763,-217.025289809578,R6,1.07369998357876,0.166393644352477,0.833606355647523,0.358262276129853,0.128896618251526,3.33442542259009,0.374141313619275,0.302871652684175,0.991356386545917,0,0.526155847483034,0.356015471638318,0.143424663440479,4,1492.10890191755,B-R,1
16,2,25,0.356197674418605,0.159790697674419,4,0.338825012858162,0.341993927629287,-26.5876849201944,-156.550749668878,R6,1.15912767412766,0.299925088823378,0.700074911176622,0.35984132809177,0.129666348704618,2.80029964470649,0.37519491088505,0.304197540097108,0.833952376423469,0,0.437235489612307,0.355703093573511,0.159183360623991,4,1661.320665133,B-R,1
16,3,24,0.355846511627907,0.17556976744186,4,0.323854232366375,0.359516739403739,-9.77692708818718,-110.224670716651,R6,1.25932435165311,0.409454656329312,0.590545343670688,0.361693371137853,0.130569152391508,2.36218137468275,0.376426410387703,0.305747306542639,0.704841265398467,0,0.364298299584559,0.355390542959771,0.174950762472459,4,1856.93076386621,B-R,1
16,4,23,0.355495348837209,0.191348837209302,4,0.310124495722837,0.375586949707704,4.49550198525824,-72.3901606878832,R6,1.37848236701709,0.500920098518578,0.499079901481422,0.363895897001886,0.131642803716581,1.99631960592569,0.377885025830062,0.307582884441478,0.597023758853403,0,0.303390249915058,0.355077819654091,0.190726876200197,4,2089.47153087366,B-R,1
16,5,22,0.355144186046512,0.207127906976744,4,0.297487625136606,0.390377995827319,16.9778887556674,-40.1897058531236,R6,1.52254663013383,0.578449807810428,0.421550192189572,0.366558791853133,0.132940868194396,1.68620076875829,0.379639966981004,0.309791370034654,0.505633396122592,0,0.251762189399716,0.354764923513306,0.206511709029492,4,2372.91942468764,B-R,1
16,6,21,0.354793023255814,0.222906976744186,4,0.285818129361082,0.404036761186242,28.0063008215926,-12.1328820858781,R6,1.70023728262672,0.645003219187928,0.354996780812072,0.369843239455898,0.134541917053084,1.41998712324829,0.381791743686938,0.312499248787303,0.427181658558783,0,0.207443391077312,0.354451854394095,0.222305268190619,4,2719.89960760069,B-R,1
16,7,20,0.354441860465116,0.238686046511628,4,0.275009022013713,0.416688469866474,37.5866468375674,5.72970950709174,R8,1.92488310133561,0.70275719769757,0.29724280230243,0.373995609940098,0.136566046778576,1.18897120920972,0.384492115754743,0.315897501090384,0.359102504214547,0,0.168984251674722,0.354138612152975,0.238107560921847,4,3121.06980851087,B-R,1
16,8,19,0.354090697674419,0.25446511627907,4,0.264968531952272,0.428440537005954,46.2825573301486,9.25431141302214,R8,2.21792961915047,0.753348669459123,0.246651330540877,0.379412304174896,0.139206488390488,0.986605322163508,0.387981530774292,0.320288715459678,0.299466359598435,0,0.135294720403124,0.353825196646307,0.253918594469453,4,3522.38778593569,B-R,1
16,9,18,0.353739534883721,0.270244186046512,4,0.255617491316016,0.439385626011451,54.5991388689165,18.3962441108929,R8,2.61622719270295,0.798032251957699,0.201967748042301,0.386774466968991,0.142795275232159,0.807870992169205,0.39266499467824,0.32618256697286,0.246794308458856,0,0.105539330858263,0.353511607730293,0.269738376087735,4,3864.40240905764,B-R,1
16,10,17,0.353388372093023,0.286023255813953,4,0.246887243771847,0.449604096888422,63.0362753268609,31.0453083481767,R8,3.18889074038912,0.837785708311826,0.162214291688174,0.397359623756933,0.147955154531223,0.648857166752695,0.39928190591583,0.334509543140519,0.199933784548842,0,0.0790669776263043,0.353197845260973,0.285566913039018,4,4132.03173759445,B-R,1
16,11,16,0.353037209302326,0.301802325581395,4,0.238717955975733,0.45916598262051,71.5870894164886,45.3582826990602,R8,4.08250689422308,0.873382320876892,0.126617679123108,0.413877293049468,0.156006918105328,0.506470716492431,0.409340932709808,0.347168210209748,0.157973259170586,0,0.0553627217425071,0.35288390909423,0.301404212593667,4,4337.96228639966,B-R,1
16,12,15,0.352686046511628,0.317581395348837,4,0.231057244392304,0.468132596432557,79.970843756468,60.2473175936304,R8,5.67194378782441,0.905441689501507,0.0945583104984926,0.443256566082103,0.170328246147944,0.378233241993971,0.426472134538606,0.368726774958412,0.120182361277559,0,0.034013963459348,0.352569799085788,0.317250282030103,4,4498.38236701456,B-R,1
16,13,14,0.35233488372093,0.333360465116279,4,0.223859050833133,0.476557847936488,87.9724140679753,75.1335630497301,R8,9.2880463090342,0.93446610307198,0.06553389692802,0.510096881487082,0.20291047111734,0.26213558771208,0.462176996607552,0.413659149723941,0.0859690034759791,0,0.0146862219532126,0.35225551509121,0.333105128634806,4,4625.87279755494,B-R,1
16,14,13,0.351983720930233,0.349139534883721,4,0.217082715696125,0.48448932787446,93.3918639486724,85.4236280091562,R8,15.8479046235669,0.936794085452591,0.0632059145474094,0.629397827315667,0.349726545066513,0.252823658189638,0.423985180933847,0.530074062250156,0.0644009361706594,0.0140375995101414,0,0.351936474995337,0.348957851152453,4,4729.25252066957,R-G,1
16,15,12,0.351632558139535,0.364918604651163,4,0.210692209507778,0.491969207573672,89.394490141533,75.5191730007981,R8,7.39814226209389,0.827341972301501,0.172658027698499,0.468926873144387,0.466128287597122,0.690632110793997,0.245008424442335,0.547978946641158,0.0889755459262698,0.0919258452205301,0,0.351595127630347,0.364763115613941,4,4814.61606666684,R-G,1
16,16,11,0.351281395348837,0.380697674418605,4,0.204655492094633,0.499034989015337,85.0189474761996,66.7014489947933,R8,4.82536257630953,0.72696295124241,0.27303704875759,0.420066752186106,0.501570235637948,1.09214819503036,0.205444030632197,0.551936979578268,0.111513030120588,0.163357502694572,0,0.351253715859041,0.380571362254153,4,4886.22738965042,R-G,1
16,17,10,0.35093023255814,0.396476744186046,4,0.198943975319873,0.505720133684023,80.9210122045898,58.7605168287004,R8,3.58028264510869,0.634573743455876,0.365426256544124,0.396421215657137,0.518722134991056,1.4617050261765,0.188059548589265,0.553676127986575,0.132256610683988,0.229103454142144,0,0.350912239663189,0.396382591917198,4,4947.13037196872,R-G,1
16,18,9,0.350579069767442,0.412255813953488,4,0.193532070370397,0.512054592453419,77.1094545063936,51.5270511118571,R8,2.84594769935533,0.54925691988361,0.45074308011639,0.382475328851652,0.528838143421844,1.80297232046556,0.178287172518714,0.55465375920081,0.151412272320073,0.28981655986769,0,0.350570699024555,0.4121968054475,4,4999.54382756178,R-G,1
16,19,8,0.350227906976744,0.42803488372093,4,0.188396804467541,0.518065254213965,73.4691105202056,44.6851695239342,R8,2.36157595483523,0.470230331816359,0.529769668183641,0.373276538081967,0.535510723393063,2.11907867273456,0.172025248739658,0.555280203793544,0.169155626067745,0.346053412056545,0,0.350229093924893,0.428014003689805,4,5045.11927195702,R-G,1
16,20,7,0.349876744186047,0.443813953488372,4,0.1835174948905,0.523776327417841,70.0257206745484,38.3771382555639,R8,2.01810119683148,0.396823062550579,0.603176937449421,0.36675354728143,0.540242342891525,2.41270774979768,0.1676702423114,0.555715879845276,0.185637308727826,0.398291448042284,0,0.349887424345954,0.443834187489177,4,5085.10836910576,R-G,1
16,21,6,0.349525581395349,0.459593023255814,4,0.178875470557361,0.529209665959318,66.5767396444733,32.418700826333,R8,1.76185209328648,0.328456332912562,0.671543667087439,0.361887074546186,0.543772364316808,2.68617466834975,0.164466198756323,0.556036413251748,0.200987270028275,0.44694253830594,0,0.349545690269479,0.459657357690998,4,5120.47684335541,R-G,1
16,22,5,0.349174418604651,0.475372093023256,4,0.174453833261199,0.534385048640138,62.9701904109718,26.6762807170301,R8,1.56334572449676,0.26462820961077,0.73537179038923,0.358117204454453,0.546506936751164,2.94148716155692,0.162010100491253,0.556282122003828,0.215318205963786,0.492363868308955,0,0.349203891677204,0.475483515140971,4,5151.98046058216,R-G,1
16,23,4,0.348823255813954,0.491151162790698,4,0.170237252124646,0.539320419753759,59.0049987172659,20.9908102555086,R8,1.40504096088525,0.204901261209925,0.795098738790075,0.355110810264905,0.54868770226231,3.1803949551603,0.160067422799604,0.556476468019254,0.228728330323999,0.534866722741331,0,0.348862028550857,0.491312660685118,4,5180.21920946411,R-G,1
16,24,3,0.348472093023256,0.50693023255814,4,0.166211786003282,0.544032096956413,54.4066004735564,15.1499580353389,R8,1.27584825962925,0.148892519478496,0.851107480521504,0.352657288478654,0.550467427526182,3.40442992208602,0.158492412296914,0.556634032507058,0.241303628610407,0.574723629221384,0,0.34852010087216,0.507144795169778,4,5205.6751158571,R-G,1
16,25,2,0.348120930232558,0.522709302325581,4,0.162364729502391,0.548534951499486,48.7941542848057,8.8390160849064,R8,1.16841333161168,0.0962652589620936,0.903734741037906,0.350616972470608,0.551947423329013,3.61493896415163,0.157189716212625,0.556764354584868,0.253119703718177,0.612174208110691,0,0.348178108622827,0.522979919441613,4,5228.74033611129,R-G,1
16,26,1,0.347769767441861,0.538488372093023,4,0.158684479023578,0.552842565017596,41.6217486558592,1.54636944418493,R8,1.07766661879288,0.0467222218324659,0.953277778167534,0.348893585353789,0.553197526592176,3.81311111267014,0.156094330565578,0.556873937269002,0.264243297119135,0.647429993842891,0,0.347836051784566,0.538818034347603,4,5249.7362782451,R-G,1
16,27,0,0.347418604651163,0.554267441860465,4,0.155160415866059,0.556967366354732,32.0429457557157,-7.63378728547013,R8,1,-1.39852651851852e-16,1,0.347418604651163,0.554267441860465,4,0.155160415866059,0.556967366354732,0.274733550211489,0.680678432721352,0,0.347493930339078,0.554659140735049,4,5268.92901763121,,1
17,0,26,0.3697,0.134472093023256,4,0.381698194526314,0.312381522917475,-93.5504877197745,-281.99666219995,R6,1,0,1,0.3697,0.134472093023256,4,0.381698194526314,0.312381522917475,1.20317234461648,0,0.584908050626604,0.369116171928331,0.133904032184961,4,1285.92966037126,,1
17,1,25,0.369348837209302,0.150251162790698,4,0.36350403054148,0.332715362748733,-42.9491311899549,-203.542311543084,R6,1.07369998357876,0.159483754744415,0.840516245255585,0.372005635919661,0.135596006753716,3.36206498102234,0.383200768859883,0.314272420379524,1.01353018248451,0,0.48417205063238,0.368807457166517,0.149657749613434,4,1423.18715785993,B-R,1
17,2,24,0.368997674418605,0.16603023255814,4,0.346935406460557,0.351232495416475,-21.0090568822542,-148.609106901835,R6,1.15912767412766,0.288653689480121,0.711346310519879,0.374678162320604,0.136898766262024,2.84538524207951,0.384933871692579,0.316453423791203,0.859934189306515,0,0.40258341130267,0.368498571904727,0.165420167657385,4,1574.17667978624,B-R,1
17,3,23,0.368646511627907,0.181809302325581,4,0.331783789440636,0.368165977709173,-5.90902196496115,-106.071751023923,R6,1.25932435165311,0.395402533699781,0.604597466300219,0.377812722839013,0.138426750613567,2.41838986520088,0.386954963201679,0.318996843254551,0.732999118989494,0,0.335156784760498,0.368189516001675,0.181191293526695,4,1743.3353307735,B-R,1
17,4,22,0.368295348837209,0.197588372093023,4,0.317874852846867,0.383710637477908,7.15273432803445,-71.1008695839335,R6,1.37848236701709,0.485101817333529,0.514898182666471,0.381540471299705,0.140243892532178,2.05959273066588,0.389342330185746,0.322001197894651,0.626337684304478,0,0.278499308579981,0.367880289315917,0.196971134439212,4,1936.19276121286,B-R,1
17,5,21,0.367944186046512,0.213367441860465,4,0.305061738868879,0.398030603351869,18.8158832835131,-41.2706709957424,R6,1.52254663013383,0.561534116630725,0.438465883369275,0.386047388718846,0.142440851005208,1.7538635334771,0.392205462115329,0.3256042734818,0.535452023136876,0,0.230221763861399,0.367570891705854,0.212759697620767,4,2159.10527160473,B-R,1
17,6,20,0.367593023255814,0.229146511627907,4,0.293219853209205,0.411265122206629,29.339446412026,-15.2794585004301,R6,1.70023728262672,0.627440132332954,0.372559867667046,0.39160627667352,0.145150606888636,1.49023947066819,0.395702317060505,0.330004850540296,0.45708316773023,0,0.188593019867763,0.367261323029729,0.228556990305177,4,2417.4035718218,B-R,1
17,7,19,0.367241860465116,0.244925581395349,4,0.282242800229492,0.423533102054167,38.7915845481807,7.52011099925544,R6,1.92488310133561,0.684854298274655,0.315145701725345,0.398634113637194,0.148576422036445,1.26058280690138,0.400069479197719,0.335500655717535,0.388811972437413,0,0.152328050879289,0.36695158314563,0.244363019734264,4,2710.09738979331,B-R,1
17,8,18,0.366890697674419,0.260704651162791,4,0.272039177310957,0.434936694673041,47.1643957569213,17.7631838441769,R8,2.21792961915047,0.735318514332509,0.264681485667491,0.407801803300022,0.153045337618815,1.05872594266997,0.405678033679701,0.342558676874169,0.328804963831157,0,0.120452934340559,0.366641671911486,0.26017779315786,4,3022.32880595177,B-R,1
17,9,17,0.366539534883721,0.276483720930233,4,0.262530023752494,0.445564146725787,54.9201799354577,23.0949538343353,R8,2.61622719270295,0.78002269227125,0.21997730772875,0.420262175035589,0.159119316064768,0.879909230915,0.413144983957749,0.351955374937334,0.27564721761292,0,0.0922160767634613,0.366331589185071,0.276001317833821,4,3326.63735792227,B-R,1
17,10,16,0.366188372093023,0.292262790697674,4,0.253646773418,0.455492087885004,62.2840615055011,31.9027149615753,R8,3.18889074038912,0.819899773740354,0.180100226259646,0.438177425233914,0.167852349546256,0.720400905038583,0.423577416510384,0.365083950207165,0.228229372695532,0,0.0670281967497321,0.366021334823999,0.291833601028038,4,3599.02665289441,B-R,1
17,11,15,0.365837209302326,0.308041860465116,4,0.245329598779824,0.464787381534234,69.7264767940291,43.0826737059888,R8,4.08250689422309,0.855691545182614,0.144308454817386,0.466133381295524,0.181479862284864,0.577233819269544,0.439179653975909,0.384718407263127,0.185669370683283,0,0.0444207537936839,0.365710908685728,0.307674650014449,4,3830.37056658443,B-R,1
17,12,14,0.365486046511628,0.323820930232558,4,0.237526061759285,0.473508632591727,77.2641129974157,55.5990229537907,R8,5.6719437878244,0.88799521066284,0.11200478933716,0.515857446566255,0.205718537270578,0.44801915734864,0.465060351404339,0.417287674546724,0.147257076112745,0,0.0240165311137974,0.365400310627559,0.323524472075047,4,4022.80946008391,B-R,1
17,13,13,0.36513488372093,0.3396,4,0.230190007037298,0.48170742434905,84.7138651303519,68.7201809603686,R8,9.28804630903423,0.91729698102318,0.0827030189768195,0.62898387424272,0.260863560064175,0.330812075907278,0.516365260058374,0.481851749279822,0.112414335581995,0,0.00550841946580912,0.365089540506632,0.339383074499893,4,4182.57299166764,B-R,1
17,14,12,0.364783720930233,0.355379069767442,4,0.223280648474293,0.489429339490299,83.6753979386923,65.4916130934015,R8,7.39814226209388,0.849550532897659,0.150449467102341,0.566221046381923,0.395553451413148,0.601797868409364,0.342427567497554,0.538233108533085,0.118144474502327,0.0550741377714867,0,0.364758697118659,0.355206116239159,4,4316.09439286596,R-G,1
17,15,11,0.364432558139535,0.371158139534884,4,0.216761810438196,0.496714807985714,79.2011843636335,55.8326223482153,R8,4.82536257630953,0.745647408604008,0.254352591395992,0.483525880951292,0.455538521014642,1.01741036558397,0.257900741173422,0.546689195697363,0.140021158309275,0.129908416168099,0,0.364418547834306,0.371012503136403,4,4428.78398553498,R-G,1
17,16,10,0.364081395348837,0.386937209302326,4,0.21060129423848,0.503599815166441,75.170601595094,47.3377320853433,R8,3.58028264510869,0.650218499805118,0.349781500194882,0.443506095559671,0.484567903804461,1.39912600077953,0.223772520526108,0.550103392362558,0.160113605750366,0.198639299639495,0,0.364078334367531,0.38682187252474,4,4524.89342301281,R-G,1
17,17,9,0.36373023255814,0.402716279069767,4,0.204770346241565,0.51011649616,71.4827675027002,39.7609765867526,R8,2.84594769935533,0.562267706434026,0.437732293565974,0.419902850339685,0.501689126066598,1.75092917426389,0.205319825371063,0.551949405107063,0.178631544553744,0.261984210594568,0,0.363738056700166,0.402634225248394,4,4607.69465710532,R-G,1
17,18,8,0.363379069767442,0.418495348837209,4,0.199243209124845,0.516293637409824,68.0342447296477,32.9073550359307,R8,2.36157595483523,0.480949157404767,0.519050842595233,0.404334007906602,0.512982387191356,2.07620337038093,0.193759753000336,0.553105877955308,0.195753071907677,0.320552371833546,0,0.363397714814035,0.41844956215191,4,4679.70096460898,R-G,1
17,19,7,0.363027906976744,0.434274418604651,4,0.193996741493023,0.522157101792925,64.718385652387,26.6134195327816,R8,2.01810119683148,0.405539918265979,0.594460081734021,0.393293924649062,0.520990596125472,2.37784032693608,0.18583816614899,0.553898355702403,0.211630400832834,0.3748644633491,0,0.363057308690958,0.434267884080148,4,4742.85476907993,R-G,1
17,20,6,0.362676744186047,0.450053488372093,4,0.189010094007528,0.527730190578401,61.4152927555179,20.7309825558594,R8,1.76185209328648,0.335418440143264,0.664581559856736,0.385057478238128,0.526965114812944,2.65832623942694,0.180070843456025,0.554475320265217,0.226394397732783,0.425368144071796,0,0.362716838312747,0.45008919187829,4,4798.67131498427,R-G,1
17,21,5,0.362325581395349,0.465832558139535,4,0.184264432470279,0.533033952909675,57.9772718569904,15.1110500790396,R8,1.56334572449676,0.27004738865416,0.72995261134584,0.378677018575451,0.531593345677011,2.91981044538336,0.175684199131078,0.554914161380915,0.240158197746275,0.472450419022346,0,0.362376303661207,0.465913486391835,4,4848.34625775671,R-G,1
17,22,4,0.361974418604651,0.481611627906977,4,0.179742700107223,0.538087451476954,54.2076857206936,9.58414248051957,R8,1.40504096088525,0.208959848286663,0.791040151713337,0.373588732669105,0.535284265002888,3.16416060685335,0.172235439917342,0.555259176209794,0.253020109399547,0.516447575349481,0,0.362035704718136,0.481740768466604,4,4892.83211587991,R-G,1
17,23,3,0.361623255813953,0.497390697674419,4,0.175429412726975,0.542907991448411,49.82987610915,3.93059314747865,R8,1.27584825962925,0.151748152666111,0.848251847333889,0.369436176637267,0.538296428547114,3.39300738933556,0.169452828792042,0.55553754939903,0.265065966380834,0.557653227120939,0,0.361695041465326,0.497571038948733,4,4932.8968974644,R-G,1
17,24,2,0.361272093023256,0.51316976744186,4,0.171310481569845,0.547511318454526,44.4421435344875,-2.17129757955682,R8,1.16841333161168,0.0980547755202049,0.901945224479795,0.365982966401454,0.540801303593499,3.60778089791918,0.167160358546983,0.555766888758577,0.276371045437248,0.596324875935223,0,0.36135431388456,0.513404298684683,4,4969.16560348913,R-G,1
17,25,1,0.360920930232558,0.528948837209302,4,0.167373059576423,0.551911790398664,38.8429552680553,-8.59023456762347,R8,1.07766661879288,0.0475648520334648,0.952435147966535,0.363066154491635,0.54291708828918,3.80974059186614,0.165239008368404,0.555959101163676,0.287001640995037,0.632689297275932,0,0.361013521957617,0.52924054852123,4,5002.15112447545,R-G,1
17,26,0,0.36056976744186,0.544727906976744,4,0.163605407541498,0.556122527043775,29.747603584838,-17.1581907016643,R8,1,1.42301818185786e-16,1,0.36056976744186,0.544727906976744,4,0.163605407541498,0.556122527043775,0.297016366108783,0.666946990710694,0,0.360672665666266,0.545079789305472,4,5032.27868683381,,1
18,0,25,0.3825,0.140711627906977,4,0.389954016366333,0.322770967363356,-83.3340760107229,-259.689262557809,R6,1,5.5088390868858e-16,0.999999999999999,0.3825,0.140711627906977,4,0.389954016366333,0.322770967363356,1.21745691792322,0,0.537472733336397,0.381907910651521,0.140134980875039,4,1236.23350877744,,1
18,1,24,0.382148837209302,0.156490697674419,4,0.371596364631364,0.342381238820382,-35.9409560185428,-189.884497398516,R6,1.07369998357876,0.153124881879109,0.846875118120891,0.38574899570947,0.142295395255906,3.38750047248356,0.39201668074453,0.325366703727711,1.03393576887047,0,0.44553617629589,0.38160268856811,0.155892417386723,4,1363.37935996645,B-R,1
18,2,23,0.381797674418605,0.17226976744186,4,0.354860080645597,0.36025950979322,-15.5529602062681,-140.219619043161,R6,1.15912767412766,0.278198780347944,0.721801219652056,0.389514996549438,0.14413118381943,2.88720487860822,0.394391228726276,0.328354926441148,0.884033902617089,0,0.370441498933547,0.3812972978923,0.17165855767232,4,1500.86479851882,B-R,1
18,3,22,0.381446511627907,0.188048837209302,4,0.339539447535771,0.376625534081876,-2.08554799746545,-101.279120118312,R6,1.25932435165311,0.382282921056894,0.617717078943106,0.393932074540173,0.146284348835626,2.47086831577243,0.397154182756446,0.331831934298056,0.759288395115867,0,0.307949123939552,0.380991738484369,0.187433408945245,4,1651.63415275212,B-R,1
18,4,21,0.381095348837209,0.203827906976744,4,0.325462137725235,0.391663397897726,9.73306736660733,-68.9685060134344,R6,1.37848236701709,0.470251987610486,0.529748012389514,0.399185045597524,0.148844981347775,2.11899204955806,0.400409328654295,0.335928335374083,0.653856906928609,0,0.255132279245497,0.380686010204437,0.203216978426884,4,1819.05092529228,B-R,1
18,5,20,0.380744186046512,0.219606976744186,4,0.312482702941025,0.405528474060615,20.4824811051828,-41.2307869113557,R6,1.52254663013383,0.545579652154862,0.454420347845138,0.405535985584559,0.151940833816019,1.81768139138055,0.404301044544457,0.340825820666704,0.563576219799277,0,0.209905363520724,0.380380112912471,0.219009273346609,4,2006.66625624059,B-R,1
18,6,19,0.380393023255814,0.235386046511628,4,0.300477530179742,0.41835281020862,30.3334535555766,-16.9463223005414,R6,1.70023728262672,0.61080815838566,0.38919184161434,0.413369313891142,0.155759296724189,1.55676736645736,0.409036296998728,0.346784844887939,0.485399438419481,0,0.170742007375318,0.380074046468283,0.234810300941787,4,2217.35968051747,B-R,1
18,7,18,0.380041860465116,0.25116511627907,4,0.289340892431577,0.430249347549726,39.3405901975238,4.4969942079051,R6,1.92488310133561,0.667840899488802,0.332159100511198,0.42327261733429,0.160586797294313,1.32863640204479,0.414922678817643,0.354192494674956,0.417045333897528,0,0.136499408842278,0.379767810731531,0.25062006845779,4,2451.37092876898,B-R,1
18,8,17,0.379690697674419,0.266944186046512,4,0.278981826632344,0.441315255940242,47.4264841643152,23.4026576390035,R6,2.21792961915047,0.718131230395843,0.281868769604157,0.436191302425148,0.166884186847142,1.12747507841663,0.422438025918267,0.363650097165233,0.356772051064308,0,0.106304970033363,0.379461405561715,0.266438583148009,4,2703.42442275679,B-R,1
18,9,16,0.379339534883721,0.282723255813953,4,0.269321643509919,0.451634593952002,54.7670140468219,27.1716366016215,R8,2.61622719270295,0.762808053226052,0.237191946773948,0.453749883102187,0.175443356897378,0.948767787095792,0.432367111754052,0.376145241523755,0.303226593518753,0,0.0794808953296783,0.379154830818182,0.282265852273863,4,2961.41545989636,B-R,1
18,10,15,0.378988372093023,0.298502325581395,4,0.260291924984687,0.461280448117709,61.6214175987083,33.3995358191065,R8,3.18889074038912,0.802761571451833,0.197238428548166,0.478995226710895,0.187749544561288,0.788953714192666,0.446095247075425,0.393421256199312,0.255342046712807,0,0.0554927043690906,0.378848086360122,0.298101883104809,4,3210.04359260278,B-R,1
18,11,14,0.378637209302326,0.314281395348837,4,0.251832901273905,0.47031666656355,68.2614003466897,42.0181787682028,R8,4.08250689422308,0.838703211399935,0.161296788600065,0.518389469541579,0.2069528064644,0.645187154400259,0.466318614804491,0.418871121712554,0.21226576164946,0,0.0339132550289972,0.37854117204657,0.313946682918358,4,3437.40649225817,B-R,1
18,12,13,0.378286046511628,0.330060465116279,4,0.243892126279994,0.478799274004737,75.0252668614236,52.3243954671481,R8,5.6719437878244,0.871208355891985,0.128791644108015,0.588458327050408,0.241108828393213,0.515166576432061,0.49907528093162,0.460093373058922,0.173308138341603,0,0.0143970860430675,0.378234087736403,0.329800259000081,4,3638.25464445857,B-R,1
18,13,12,0.37793488372093,0.345839534883721,4,0.236423389202723,0.486777634398591,79.3643123703943,58.9761797237852,R8,7.39814226209389,0.872984282155926,0.127015717844074,0.663515219619461,0.324978615229173,0.508062871376294,0.476260109821056,0.524844463856368,0.148922577181429,0.0161894172439757,0,0.377920671099776,0.345650275232651,4,3812.63089507587,R-G,1
18,14,11,0.377583720930233,0.361618604651163,4,0.229385814645931,0.494295412241323,74.0219739395377,47.7700450257999,R8,4.82536257630952,0.765317661665782,0.234682338334218,0.546985009716479,0.409506806391335,0.938729353336873,0.320807070150512,0.540396029088041,0.170033381031969,0.0946945491594055,0,0.377581783998838,0.361454802721629,4,3963.19340336289,R-G,1
18,15,10,0.377232558139535,0.377397674418605,4,0.222743114201676,0.501391372051445,69.5329527892602,38.1646909692127,R8,3.58028264510869,0.666654165632914,0.333345834367086,0.490590975462205,0.450413672617866,1.33338333746834,0.264334791888976,0.546045531478131,0.189378891297605,0.166635051573585,0,0.377242832957512,0.377262312170089,4,4093.35327414843,R-G,1
18,16,9,0.376881395348837,0.393176744186047,4,0.216462960576009,0.508100046950019,65.6676771467562,29.8074723474703,R8,2.84594769935533,0.57590984696963,0.42409015303037,0.457330371827719,0.474540108711353,1.69636061212148,0.23513671979907,0.548966514713374,0.207171643620753,0.232801284662409,0,0.376903817957702,0.393072804422054,4,4206.39228716138,R-G,1
18,17,8,0.37653023255814,0.408955813953488,4,0.21051646146985,0.514452300679106,62.2248812085882,22.4225917699725,R8,2.36157595483523,0.492168049783396,0.507831950216604,0.435391477731237,0.490454050989649,2.03132780086642,0.217297387762065,0.550751166441323,0.223591371912049,0.293861628202608,0,0.376564738981303,0.408886280321865,4,4305.15724117273,R-G,1
18,18,7,0.376179069767442,0.42473488372093,4,0.204877715145539,0.520475802360773,59.0330213979077,15.7885836036952,R8,2.01810119683148,0.414648334704836,0.585351665295164,0.419834302016695,0.501738849359419,2.34140666118066,0.205267895066193,0.551954600229174,0.238791101337224,0.350385139673333,0,0.376225596010202,0.424702740714183,4,4392.01261970012,R-G,1
18,19,6,0.375827906976744,0.440513953488372,4,0.199523433255963,0.526195429403921,55.9366140158169,9.71722057871207,R8,1.76185209328648,0.342682082724962,0.657317917275039,0.40822788193007,0.510157865309081,2.62927166910015,0.196607500513922,0.552820988503711,0.25290193181086,0.402859342721772,0,0.375886389026282,0.440522186443986,4,4468.88812156508,R-G,1
18,20,5,0.375476744186047,0.456293023255814,4,0.19443261935198,0.531633610933651,52.7751202682189,4.03362485942202,R8,1.56334572449676,0.275693160894863,0.724306839105137,0.399236832696449,0.516679754602859,2.89722735642055,0.190074685832209,0.553474533097528,0.266036828982113,0.451704324771021,0,0.375547118011417,0.456344618356573,4,4537.34993659056,R-G,1
18,21,4,0.375125581395349,0.472072093023256,4,0.189586293709253,0.536810621740648,49.3544580913031,-1.44592942573244,R8,1.40504096088525,0.213182465534088,0.786817534465912,0.392066655073305,0.521880827743466,3.14727013786365,0.184971202837149,0.553985086952728,0.278293654935361,0.497284007341926,0,0.375207782947475,0.47217003729756,4,4598.67159919144,R-G,1
18,22,3,0.374774418604651,0.487851162790698,4,0.184967256871294,0.541744834872594,45.407421253455,-6.94484669830635,R8,1.27584825962925,0.154715465048063,0.845284534951937,0.386215064795879,0.526125429568047,3.38113813980775,0.180874217194089,0.5543949505335,0.289757610740521,0.53991522920957,0,0.374868383816317,0.487998444112884,4,4653.89188075174,R-G,1
18,23,2,0.374423255813954,0.50363023255814,4,0.180559885699162,0.546452939500853,40.5344536590549,-12.7784868341063,R8,1.16841333161168,0.0999120844963542,0.900087915503646,0.381348960332301,0.529655183857984,3.60035166201458,0.177512705521044,0.554731237094195,0.300503219843014,0.579875122071789,0,0.374528920599798,0.503829839648801,4,4703.86373062406,R-G,1
18,24,1,0.374072093023256,0.519409302325581,4,0.176349956830983,0.550950129507051,34.1098408065185,-19.4563397161576,R8,1.07766661879288,0.0484384339334821,0.951561566066518,0.377238723629481,0.532636649986184,3.80624626426607,0.174704935825134,0.555012127153817,0.310595949934821,0.617407141830661,0,0.374189393279765,0.519664224751886,4,4749.29247220217,R-G,1
18,25,0,0.373720930232558,0.535188372093023,4,0.17232449334776,0.5552502672799,25.114378676814,-27.9060360369904,R8,1,0,1,0.373720930232558,0.535188372093023,4,0.17232449334776,0.5552502672799,0.32009354791776,0.652726032944857,0,0.373849801838058,0.535501600269035,4,4790.7645634328,,1
19,0,24,0.3953,0.146951162790698,4,0.398005045922578,0.332902693305079,-73.3975123482409,-237.875586353864,R6,1,5.27493420992755e-16,0.999999999999999,0.3953,0.146951162790698,4,0.398005045922578,0.332902693305079,1.23052844749823,0,0.494065615773662,0.394702894701172,0.146367510387169,4,1191.47598486006,,1
19,1,23,0.394948837209302,0.16273023255814,4,0.379497126308356,0.351818291516576,-29.2189750607397,-176.170739165482,R6,1.07369998357876,0.147253643160705,0.852746356839294,0.399492355499278,0.148994783758096,3.41098542735718,0.400598739704586,0.336166697541117,1.05277654008869,0,0.409863118172416,0.394401167078678,0.1621286673624,4,1310.48350869652,B-R,1
19,2,22,0.394597674418605,0.178509302325581,4,0.362605342368709,0.369082155026782,-10.2238635417362,-131.503178517275,R6,1.15912767412766,0.268474743718057,0.731525256281943,0.404351830778272,0.151363601376836,2.92610102512777,0.403579021853072,0.339917199479598,0.906448874573235,0,0.340546534828116,0.394099272772832,0.177898531271544,4,1437.48023039646,B-R,1
19,3,21,0.394246511627907,0.194288372093023,4,0.347126865136813,0.384901580567153,1.73869217467203,-95.9900659081449,R6,1.25932435165311,0.370005976247025,0.629994023752975,0.410051426241333,0.154141947057684,2.5199760950119,0.40703928342166,0.344271726022408,0.783889120829355,0,0.282489001038328,0.393797211645475,0.193677109331551,4,1574.57723719608,B-R,1
19,4,20,0.393895348837209,0.210067441860465,4,0.332891443486088,0.399450569428626,12.3354774846411,-66.1997394657007,R6,1.37848236701709,0.456284312968245,0.543715687031755,0.416829619895343,0.157446070163373,2.17486274812702,0.4111056315224,0.349388975220479,0.67974134837946,0,0.233153369777378,0.393494983558295,0.209464408767347,4,1724.03296663465,B-R,1
19,5,19,0.393544186046512,0.225846511627907,4,0.319755115923134,0.412876254180602,22.1521218899061,-40.4082999867735,R6,1.52254663013383,0.530506746016391,0.469493253983609,0.425024582450272,0.161440816626831,1.87797301593444,0.415952590459248,0.355488575185409,0.590146423841763,0,0.190711538753377,0.393192588372826,0.225260436811849,4,1888.09782024045,B-R,1
19,6,18,0.393193023255814,0.241625581395349,4,0.30759532475046,0.425303892129778,31.28609232386,-17.6708613102681,R6,1.70023728262672,0.595035164526732,0.404964835473268,0.435132351108764,0.166367986559741,1.61985934189307,0.421828805309281,0.362883430466871,0.512253278204503,0,0.153812933814282,0.392890025950451,0.241065200705974,4,2068.56566664962,B-R,1
19,7,17,0.392841860465116,0.257404651162791,4,0.296307080799381,0.436840785067647,39.7510446807691,2.5486985238222,R6,1.92488310133561,0.651652316375358,0.348347683624642,0.447911121031385,0.172597172552182,1.39339073449857,0.4291010651312,0.372035122555188,0.443909931872451,0,0.121438145045759,0.392587296152398,0.256878707698649,4,2265.87567850577,B-R,1
19,8,16,0.392490697674419,0.273183720930233,4,0.285799924304195,0.447579385339907,47.4623945333461,20.5485727212597,R6,2.21792961915047,0.701729063942123,0.298270936057877,0.464580801550274,0.18072303607547,1.19308374423151,0.438333932254822,0.383654118448739,0.383461597924312,0,0.0928032866723947,0.392284398839741,0.272700965046823,4,2477.82067041023,B-R,1
19,9,15,0.392139534883721,0.288962790697674,4,0.275995495554479,0.457599778706019,54.4283548023016,30.4332620751516,R8,2.61622719270295,0.746336840976906,0.253663159023094,0.487237591168784,0.191767397729987,1.01465263609238,0.450443810312094,0.398893655803162,0.329614933875543,0,0.0672956920340128,0.391981333873402,0.288531980015482,4,2698.57685432371,B-R,1
19,10,14,0.391788372093023,0.304741860465116,4,0.266825577205577,0.466971685151236,60.8958392082131,34.9403495547771,R8,3.18889074038912,0.786325172393498,0.213674827606502,0.519813028187875,0.207646739576321,0.854699310426009,0.467023618443188,0.419758325467712,0.281344466463972,0,0.0444295862595787,0.391678101114147,0.304371759877652,4,2919.3599753952,B-R,1
19,11,13,0.391437209302326,0.320520930232558,4,0.258230504761335,0.475756083416563,67.0001322612069,41.6128825253113,R8,4.08250689422309,0.822376296521641,0.177623703478359,0.570645557787635,0.232425750643936,0.710494813913434,0.491108361841107,0.450067494969536,0.237826656374602,0,0.0238148522009491,0.391374700422589,0.320220311914417,4,3131.05468270356,B-R,1
19,12,12,0.391086046511628,0.3363,4,0.250157866903882,0.484006539297145,73.1265965476685,50.0312077319119,R8,5.67194378782441,0.855044410225684,0.144955589774317,0.66105920753456,0.276499119515847,0.579822359097266,0.529284447099968,0.498109752257063,0.198392524914589,0,0.00513458931061221,0.391071131659187,0.336077643414929,4,3327.01365791073,B-R,1
19,13,11,0.39073488372093,0.352079069767442,4,0.242561435826955,0.491770298870753,70.3664945121867,43.471684315057,R8,4.82536257630954,0.786053840432134,0.213946159567866,0.610444138481667,0.363475091768029,0.855784638271464,0.397630838751984,0.532710557956175,0.201671958003953,0.0575724522014449,0,0.390743424642777,0.351898260799161,4,3504.07719315877,R-G,1
19,14,10,0.390383720930233,0.367858139534884,4,0.235400281445426,0.499089193799787,64.9237363430934,32.1059771891963,R8,3.58028264510869,0.683942272065666,0.316057727934334,0.537675855364739,0.416259441431271,1.26423091173734,0.310806000263317,0.541396538895162,0.22016202942091,0.132970893841202,0,0.390405735723358,0.367703910642493,4,3661.89290305087,R-G,1
19,15,9,0.390032558139535,0.383637209302326,4,0.22863803363166,0.506000395345825,60.4442842017141,22.4141844416305,R8,2.84594769935533,0.590230439294437,0.409769560705564,0.494757893315752,0.447391091356107,1.63907824282225,0.268191356599762,0.545659719674148,0.237131100685541,0.202167031626474,0,0.390067983087474,0.383512542757645,4,3801.72020781276,R-G,1
19,16,8,0.389681395348837,0.399416279069767,4,0.222242264400692,0.512537045793209,56.6665537941392,14.0412646534401,R8,2.36157595483523,0.503922839273941,0.496077160726059,0.466448947555873,0.467925714787942,1.98430864290424,0.242872249587186,0.548192650166522,0.252759434612191,0.265895937638947,0,0.389730166717088,0.399324157988757,4,3925.48856677303,R-G,1
19,17,7,0.38933023255814,0.415195348837209,4,0.216183967892396,0.518728789921436,53.3583916949798,6.69430088648751,R8,2.01810119683148,0.424175301383224,0.575824698616776,0.446374679384328,0.482487102593366,2.3032987944671,0.226095611145923,0.549870989732222,0.267199891207998,0.324780941343797,0,0.389392286594159,0.415138757180287,4,4035.25215317866,R-G,1
19,18,6,0.388979069767442,0.430974418604651,4,0.210437120553983,0.524602224510632,50.3113489336494,0.12854212126831,R8,1.76185209328648,0.35026728393659,0.64973271606341,0.431398285622011,0.493350615805218,2.59893086425364,0.214162239133132,0.551064807580262,0.28058294410529,0.379354085496876,0,0.389054342700639,0.430956341177012,4,4132.9331122559,R-G,1
19,19,5,0.388627906976744,0.446753488372093,4,0.204978307453969,0.530181280258863,47.3252086093312,-5.87210300035085,R8,1.56334572449676,0.28158004167814,0.71841995832186,0.419796646817447,0.501766163528706,2.87367983328744,0.205239372497342,0.551957453634878,0.293020633929371,0.430072247108429,0,0.388716335018472,0.446776910824028,4,4220.22778907998,R-G,1
19,20,4,0.388276744186047,0.462532558139535,4,0.199786403410366,0.53548754767781,44.1834529603319,-11.5185498903303,R8,1.40504096088525,0.217579262107155,0.782420737892845,0.410544577477506,0.508477390484045,3.12968295157138,0.198315396267558,0.552650130138523,0.30460971246317,0.477329958654523,0,0.388378263529595,0.46260046696675,4,4298.5909235757,R-G,1
19,21,3,0.387925581395349,0.478311627906977,4,0.194842299776433,0.540540556325179,40.6134797476311,-17.0484953547319,R8,1.27584825962925,0.157801138675392,0.842198861324608,0.402993952954492,0.513954430588979,3.36879544529843,0.192786283440777,0.553203264120214,0.315434164472937,0.521469691527181,0,0.38804012821594,0.478427010450913,4,4369.25243005737,R-G,1
19,22,2,0.387574418604651,0.494090697674419,4,0.19012866943472,0.545358014987191,36.2200651765273,-22.7791133385838,R8,1.16841333161168,0.101841112546962,0.898158887453038,0.396714954263148,0.51850906412247,3.59263554981215,0.188269103999887,0.553655164005138,0.325567246318238,0.562790169037243,0,0.38770192905943,0.49425654212257,4,4433.24754733317,R-G,1
19,23,1,0.387223255813954,0.50986976744186,4,0.185629763907516,0.549956019037235,30.370688308596,-29.2098369161446,R8,1.07766661879288,0.0493447048279886,0.950655295172011,0.391411292767327,0.522356211683187,3.80262118068805,0.184509343690153,0.554031291469974,0.335073146025643,0.601553135829512,0,0.387363666041982,0.510089062828094,4,4491.44715802894,R-G,1
19,24,0,0.386872093023256,0.525648837209302,4,0.181331237577113,0.554349230087545,21.987247879028,-37.2526417851782,R8,1,0,1,0.386872093023256,0.525648837209302,4,0.181331237577113,0.554349230087545,0.344008344367163,0.637988908061034,0,0.387025339145507,0.525924573414178,4,4544.58398306184,,1
20,0,23,0.4081,0.153190697674419,4,0.405858809897438,0.342786172635065,-63.7508164009656,-216.648150730891,R6,1,5.06008346173051e-16,0.999999999999999,0.4081,0.153190697674419,4,0.405858809897438,0.342786172635065,1.2425351570025,0,0.454194486078939,0.407501125312474,0.152601621323021,4,1150.734446168,,1
20,1,22,0.407748837209302,0.16896976744186,4,0.387213038725279,0.361034551296916,-22.7281441118611,-162.501949418388,R6,1.07369998357876,0.14181601809223,0.85818398190777,0.413235715289086,0.155694172260287,3.43273592763108,0.408956128799492,0.346683958135725,1.0702258476027,0,0.376824653135507,0.40720289393443,0.168366500142827,4,1263.02546970543,B-R,1
20,2,21,0.407397674418605,0.184748837209302,4,0.370177216206307,0.377707293725851,-5.04783172283668,-122.562081885936,R6,1.15912767412766,0.25940752817218,0.74059247182782,0.419188665007106,0.158596018934242,2.96236988731128,0.412508614237117,0.351154542750343,0.927349801823599,0,0.312670859982645,0.406904497783552,0.184140089058111,4,1381.59504827389,B-R,1
20,3,20,0.407046511627907,0.200527906976744,4,0.354551457868275,0.393000024307933,5.57098465915899,-90.3157406097992,R6,1.25932435165311,0.358493039066435,0.641506960933565,0.426170777942492,0.161999545279743,2.56602784373426,0.416624556625273,0.356334203311441,0.806958916623227,0,0.258613289278485,0.406605936723246,0.199922395289361,4,1508.05159483655,B-R,1
20,4,19,0.406695348837209,0.216306976744186,4,0.340167653349128,0.407077270512443,14.9921951970436,-62.9302898887693,R6,1.37848236701709,0.443122454157621,0.556877545842379,0.434474194193161,0.16604715897897,2.22751018336952,0.421449557000092,0.362406169775463,0.704132478076718,0,0.212442456139967,0.406307210616766,0.215713426065044,4,1644.02642091817,B-R,1
20,5,18,0.406344186046512,0.232086046511628,4,0.326883394103572,0.42007840576809,23.8859829238111,-38.9858932041847,R6,1.52254663013383,0.516244297249775,0.483755702750225,0.444513179315984,0.170940799437643,1.9350228110009,0.42718411043178,0.369622752867368,0.615287970560963,0,0.172549749655454,0.406008319327219,0.231513188621626,4,1791.07627298726,B-R,1
20,6,17,0.405993023255814,0.24786511627907,4,0.314577242401445,0.432122279634026,32.2945503642244,-17.7029993836743,R6,1.70023728262672,0.580056281165327,0.419943718834673,0.456895388326386,0.176976676395293,1.67977487533869,0.434112168083598,0.378341287676649,0.537755128870476,0,0.137736174984895,0.405709262717557,0.247321690203573,4,1950.43039611189,B-R,1
20,7,16,0.405641860465116,0.263644186046512,4,0.303145008237919,0.443310861540387,40.1878462402164,1.36794837044296,R6,1.92488310133561,0.636229987436292,0.363770012563708,0.472549624728481,0.18460754781005,1.45508005025483,0.442649604052548,0.389085126197936,0.469502947881428,0,0.107089776020489,0.405410040650582,0.263138938063372,4,2122.52451690288,B-R,1
20,8,15,0.405290697674419,0.279423255813953,4,0.292496792227834,0.453732134869931,47.4668209404861,18.4893375318953,R6,2.21792961915047,0.686059419836684,0.313940580163316,0.4929703006754,0.194561885303797,1.25576232065326,0.453430897197082,0.402652721084364,0.408959187027053,0,0.0799045898028285,0.405110652988942,0.278964939461533,4,2306.34500033227,B-R,1
20,9,14,0.404939534883721,0.295202325581395,4,0.282554616721488,0.463462415354832,54.0602690815448,33.0710595240304,R8,2.61622719270295,0.730561915270917,0.269438084729083,0.520725299235382,0.208091438562596,1.07775233891633,0.467474500085371,0.420325732306657,0.354887761542145,0,0.0556255930884152,0.404811099595137,0.294799701666608,4,2498.83609426469,B-R,1
20,10,13,0.404588372093023,0.310981395348837,4,0.273250513013219,0.472568223101262,60.1533966474006,36.3464627556445,R8,3.18889074038912,0.770548333597101,0.229451666402899,0.560630829664856,0.227543934591353,0.917806665611596,0.486525085510394,0.444299723360507,0.30630346041845,0,0.0338104092500773,0.40451138033151,0.310643231955196,4,2694.89101990869,B-R,1
20,11,12,0.404237209302326,0.326760465116279,4,0.264524965378704,0.48110780539027,65.8495005951279,41.5434314233974,R8,4.08250689422309,0.806672910899804,0.193327089100196,0.62290164603369,0.257898694823472,0.773308356400786,0.513841271102834,0.478675464284367,0.262411373677301,0,0.0141021100842914,0.404211495060255,0.326495537611958,4,2888.31270905603,B-R,1
20,12,11,0.403886046511628,0.342539534883721,4,0.25632563662246,0.489132383968191,68.5580467546434,43.4769521937138,R8,4.82536257630953,0.807945001211081,0.192054998788919,0.673903267246854,0.317443377144723,0.768219995155678,0.493565167700675,0.523113261063402,0.235072768399872,0.0183826958767633,0,0.403903470056198,0.34234287715838,4,3073.38352394915,R-G,1
20,13,10,0.40353488372093,0.358318604651163,4,0.24860631745445,0.496687183278388,61.8394092281199,29.8730790059873,R8,3.58028264510869,0.702150902815313,0.297849097184687,0.584760735267273,0.382105210244676,1.19139638873875,0.364578763694575,0.536017096717893,0.252584249724966,0.0975142508577024,0,0.403567042955224,0.358146667731253,4,3246.09132266262,R-G,1
20,14,9,0.403183720930233,0.374097674418605,4,0.241326055137691,0.503812283242727,56.3741386105264,18.3116439256305,R8,2.84594769935533,0.605281385210724,0.394718614789276,0.532185414803785,0.420242074000862,1.57887445915711,0.305041379951703,0.541973233110997,0.268618497137876,0.169970424449057,0,0.403230552379717,0.373953440044388,4,3404.44415666961,R-G,1
20,15,8,0.402832558139535,0.389876744186047,4,0.234448426705936,0.510543330554172,51.9039587154641,8.44337192978647,R8,2.36157595483523,0.516252862994626,0.483747137005374,0.497506417380508,0.445397378586235,1.9349885480215,0.270760791039873,0.545402672739661,0.283354870223223,0.236561713636666,0,0.402893998311711,0.389763194941724,4,3548.0783609698,R-G,1
20,16,7,0.402481395348837,0.405655813953488,4,0.227940929520423,0.516912135131131,48.1675945874464,-0.0635410826077987,R8,2.01810119683148,0.434150346594389,0.565849653405611,0.47291505675196,0.463235355827314,2.26339861362244,0.24847782464297,0.54763186688222,0.296944821879197,0.297972509598974,0,0.402557380733233,0.405575933267518,4,3677.65054919432,R-G,1
20,17,6,0.40213023255814,0.42143488372093,4,0.221774467643034,0.522947172797499,44.9197307150231,-7.5047697384265,R8,1.76185209328648,0.358195880032475,0.641804119967525,0.454568689313954,0.476543366301355,2.5672164798701,0.232832062827547,0.549197073236418,0.309517122630612,0.354784705533643,0,0.402220699626305,0.421391655866344,4,3794.32563597594,R-G,1
20,18,5,0.401779069767442,0.437213953488372,4,0.215922916899704,0.52867401094956,41.923460006738,-14.1436272868621,R8,1.56334572449676,0.287723813185697,0.712276186814303,0.440356460938446,0.486852572454553,2.84910474725721,0.221242463478926,0.550356499971727,0.321181953667893,0.407496192439507,0,0.401883954972941,0.437210363583097,4,3899.44311569408,R-G,1
20,19,4,0.401427906976744,0.452993023255814,4,0.210362754919237,0.53411567063228,38.9308507300904,-20.2281456026935,R8,1.40504096088525,0.222161242080991,0.777838757919009,0.429022499881706,0.495073953224623,3.11135503167604,0.212312687336456,0.551249837255309,0.332034144451071,0.456535489325952,0,0.401547146755148,0.453032057262989,4,3994.33196660483,R-G,1
20,20,3,0.401076744186046,0.468772093023256,4,0.205072745098156,0.539292935838889,35.6485618377518,-26.0206901141825,R8,1.27584825962925,0.16101239951939,0.83898760048061,0.419772841113104,0.501783431609911,3.35595040192244,0.205221341913097,0.55195925741953,0.342155756438942,0.502273418667554,0,0.401210274954927,0.468856737751554,4,4080.22245580825,R-G,1
20,21,2,0.400725581395349,0.484551162790698,4,0.200033665538678,0.544224618795819,31.6742101906497,-31.8494694556556,R8,1.16841333161169,0.103846095550498,0.896153904449502,0.412080948193994,0.507362944386956,3.58461561779801,0.199453679961639,0.552536255921859,0.351618161994221,0.545032500640622,0,0.400873339554271,0.484684405894641,4,4158.212806473,R-G,1
20,22,1,0.400374418604651,0.50033023255814,4,0.195228075666316,0.548927788371092,26.3731409087841,-38.2107912710066,R8,1.07766661879288,0.0502855345088708,0.949714465491129,0.405583861905173,0.512075773380191,3.79885786196452,0.194670717416991,0.553014744822245,0.360483729910243,0.585094569746029,0,0.400536340535167,0.500515062538423,4,4229.26451940671,R-G,1
20,23,0,0.400023255813953,0.516109302325581,4,0.190640114554748,0.553417967451201,18.6320713307718,-46.0037218944532,R8,1,1.50192548807091e-16,1,0.400023255813953,0.516109302325581,4,0.190640114554748,0.553417967451201,0.368807201746831,0.622706994248659,0,0.400199277879595,0.516348708529389,4,4294.21074850515,,1
21,0,22,0.4209,0.15943023255814,4,0.413522470620088,0.352430418704439,-54.4028724775435,-196.07713809222,R6,1,0,1,0.4209,0.15943023255814,4,0.413522470620088,0.352430418704439,1.25360206629965,0,0.417444186111324,0.420302603721242,0.15883731428457,4,1113.32766833086,,1
21,1,21,0.420548837209302,0.175209302325581,4,0.394750514077651,0.370037677198528,-16.4345389911352,-148.962016232351,R6,1.07369998357876,0.136765681265293,0.863234318734707,0.426979075078894,0.162393560762477,3.45293727493883,0.417097556493965,0.356929444579229,1.08643234938111,0,0.346139312645825,0.420007870372205,0.174605916330671,4,1219.96625606441,B-R,1
21,2,20,0.420197674418605,0.190988372093023,4,0.377581459984432,0.386141484643154,-0.0551824901251479,-113.482684738386,R6,1.15912767412766,0.250932759245715,0.749067240754285,0.43402549923594,0.165828436491647,2.99626896301714,0.421190739223742,0.362080463508892,0.946885074576241,0,0.28661656560866,0.41971297416232,0.190383231635382,4,1331.58973112075,B-R,1
21,3,19,0.419846511627907,0.206767441860465,4,0.361818411385213,0.40092652160581,9.40203019188976,-84.3465014956125,R6,1.25932435165311,0.347674944096069,0.652325055903931,0.442290129643652,0.169857143501802,2.60930022361573,0.425923439792959,0.368036276339606,0.828636377199129,0,0.236178552316791,0.419417914956562,0.206169267422728,4,1449.48598342782,B-R,1
21,4,18,0.419495348837209,0.222546511627907,4,0.347295451329291,0.414548410790663,17.7085336344923,-59.2610687673198,R6,1.37848236701709,0.430698633221262,0.569301366778738,0.45211876849098,0.174648247794567,2.27720546711495,0.431458235911231,0.375001477128136,0.727155899931817,0,0.192892885964372,0.419122692619757,0.221964030924725,4,1574.90307282195,B-R,1
21,5,17,0.419144186046512,0.238325581395349,4,0.333871780432141,0.427139215744391,25.7035268941742,-37.0840832945428,R6,1.52254663013383,0.502728650786844,0.497271349213156,0.464001776181697,0.180440782248455,1.98908539685262,0.438017914572451,0.383256429615509,0.639113069781185,0,0.15533893792189,0.41882730701658,0.237767529381384,4,1708.99142799911,B-R,1
21,6,16,0.418793023255814,0.254104651162791,4,0.321427137131429,0.438811736451916,33.3937221012718,-17.1906408112376,R6,1.70023728262672,0.565813010196888,0.434186989803112,0.478658425544008,0.187585366230846,1.73674795921245,0.445916188444943,0.393195921916426,0.562004584618831,0,0.122448945171006,0.418531758011558,0.253579770040728,4,1852.65413522838,B-R,1
21,7,15,0.418441860465116,0.269883720930233,4,0.309858184730103,0.449662898128934,40.7089515034266,0.781300031085351,R6,1.92488310133562,0.621520766787506,0.378479233212494,0.497188128425577,0.196617923067919,1.51391693284997,0.455609353256283,0.405394174163591,0.493912576351376,0,0.093404856785736,0.418236045469066,0.2694007601588,4,2006.28394715983,B-R,1
21,8,14,0.418090697674419,0.285662790697674,4,0.299075635214863,0.45977644895199,47.5283096090794,17.0475039716122,R6,2.21792961915047,0.671074298141549,0.328925701858451,0.521359799800526,0.208400734532124,1.3157028074338,0.467787677349777,0.420719846648427,0.43334292370072,0,0.0675693675732436,0.417940169253331,0.285230506999678,4,2169.3990151494,B-R,1
21,9,13,0.417739534883721,0.301441860465116,4,0.289001940323001,0.469225125734861,53.7353363834122,31.7397897498927,R6,2.61622719270295,0.715440038873202,0.284559961126798,0.55421300730198,0.224415479395206,1.13823984450719,0.483547419126452,0.440552513200959,0.379114346396996,0,0.0444386121102767,0.417644129228429,0.301069017835481,4,2340.28257312955,B-R,1
21,10,12,0.417388372093023,0.317220930232558,4,0.279569423491358,0.47807240607717,59.4547531905506,37.6175437297393,R8,3.18889074038912,0.755392135664173,0.244607864335827,0.601448631141837,0.247441129606386,0.978431457343307,0.504740767800631,0.467223040126001,0.330280599150906,0,0.0236089772193744,0.417347925258284,0.316916299946383,4,2515.85227995652,B-R,1
21,11,11,0.417037209302326,0.333,4,0.270718757501053,0.48637393626577,64.7826920799674,41.6573577935352,R8,4.08250689422309,0.791558004691659,0.208441995308341,0.675157734279746,0.283371639003008,0.833767981233363,0.53476313357525,0.50500434250796,0.286074786468189,0,0.004753349909096,0.417051557206671,0.332772360620622,4,2691.99183633053,B-R,1
21,12,10,0.416686046511628,0.348779069767442,4,0.262397715415454,0.494178702839255,60.4319482315496,31.6376587902226,R8,3.58028264510869,0.721355590285548,0.278644409714452,0.631845615169808,0.347950979058081,1.11457763885781,0.427520626665466,0.529720375277969,0.286780044927334,0.0601180426197493,0,0.416726754943195,0.348590583225719,4,2864.33525681651,R-G,1
21,13,9,0.41633488372093,0.364558139534884,4,0.254560139235683,0.501529999943123,53.7690633339453,17.9446118268995,R8,2.84594769935533,0.621120019059502,0.378879980940498,0.569612936291819,0.393093056645616,1.51551992376199,0.346380293009104,0.537837676775906,0.30175377953366,0.136088814941432,0,0.4163915261246,0.364395496071554,4,3029.14636453535,R-G,1
21,14,8,0.415983720930233,0.380337209302326,4,0.247165083249447,0.508466232830385,48.3261234783361,6.18855689437598,R8,2.36157595483523,0.529201404643737,0.470798595356263,0.528563887205143,0.422869042384527,1.88319438142505,0.301291854076479,0.542348336720164,0.315485081912722,0.205755980424598,0,0.416056234055421,0.380203390969958,4,3183.86654405558,R-G,1
21,15,7,0.415632558139535,0.396116279069767,4,0.240176098499051,0.515021588998682,43.8667818276395,-3.90586359873932,R8,2.01810119683148,0.444605843111328,0.555394156888672,0.499455434119593,0.443983609061261,2.22157662755469,0.272595314053099,0.545219146548281,0.328122426836938,0.269872840996083,0,0.415720878717756,0.396014268764986,4,3327.1911853029,R-G,1
21,16,6,0.415281395348837,0.411895348837209,4,0.233560631971743,0.521226601722953,40.1405379302029,-12.6325806230251,R8,1.76185209328648,0.366491730185727,0.633508269814273,0.477739093005895,0.459736116797492,2.53403307925709,0.252726702759795,0.547206807936218,0.339791537728906,0.329077267285012,0,0.415385460093696,0.411828130301011,4,3458.8253765613,R-G,1
21,17,5,0.41493023255814,0.427674418604651,4,0.227289519611715,0.527108625587587,36.8937435954468,-20.2793448168456,R8,1.56334572449676,0.294141665723423,0.705858334276577,0.460916275059444,0.4719389813804,2.82343333710631,0.238155464239956,0.548664518681712,0.350599583722538,0.383912992841255,0,0.415049978165323,0.427644976422727,4,3579.14349241913,R-G,1
21,18,4,0.414579069767442,0.443453488372093,4,0.221336556494403,0.532692239643764,33.8580674247994,-27.1256512086872,R8,1.40504096088525,0.226940356405748,0.773059643594252,0.447500422285906,0.481670515965201,3.09223857437701,0.227012225087869,0.549779291419081,0.3606384806791,0.434846362177564,0,0.414714432914715,0.443464807975144,4,3688.89216945285,R-G,1
21,19,3,0.414227906976744,0.459232558139535,4,0.215678130800835,0.537999590725203,30.7210044632359,-33.4612940355248,R8,1.27584825962925,0.164357073965273,0.835642926034727,0.436551729271717,0.489612432630843,3.34257170413891,0.2182146081668,0.550659407457476,0.369987511672729,0.482279626070547,0,0.414378824323942,0.459287625803592,4,3788.98134279373,R-G,1
21,20,2,0.413876744186047,0.475011627906977,4,0.21029291081041,0.543050687034988,27.0672370396171,-39.6315949846244,R8,1.16841333161168,0.105931609657609,0.894068390342391,0.427446942124841,0.496216824651442,3.57627356136956,0.211092519144829,0.551371903219834,0.378715425187796,0.526561586979378,0,0.414043152375068,0.475113430753721,4,3880.35543748445,R-G,1
21,21,1,0.413525581395349,0.490790697674419,4,0.205161576163708,0.547863650209066,22.256707218092,-46.1359459151397,R8,1.07766661879288,0.0512629381411464,0.948737061858854,0.419756431043019,0.501795335077195,3.79494824743541,0.205208913480849,0.551960500763341,0.38688212857019,0.567996190943872,0,0.413707417050149,0.490942223671498,4,3963.92246520834,R-G,1
21,22,0,0.413174418604651,0.50656976744186,4,0.20026658625869,0.552454932550295,15.1555365696084,-53.8638559719435,R8,1,0,1,0.413174418604651,0.50656976744186,4,0.20026658625869,0.552454932550295,0.39454006498415,0.606849513715675,0,0.413371618331235,0.506774005403213,4,4040.52044263057,,1
22,0,21,0.4337,0.16566976744186,4,0.421002847832295,0.361844013739126,-45.3604686467305,-176.213745912817,R6,1,4.67893284189775e-16,1,0.4337,0.16566976744186,4,0.421002847832295,0.361844013739126,1.26383536101906,0,0.383462101276449,0.433107331163922,0.165074589874098,4,1078.73706002601,,1
22,1,20,0.433348837209302,0.181448837209302,4,0.402115671376071,0.37883497806426,-10.3200931863843,-135.619638016086,R6,1.07369998357876,0.132062679293634,0.867937320706366,0.440722434868702,0.169092949264667,3.47174928282547,0.425031286926657,0.366913556782269,1.10152425561022,0,0.317564343931999,0.432816097629465,0.180846916528905,4,1180.54397432139,B-R,1
22,2,19,0.432997674418605,0.197227906976744,4,0.384823579380753,0.394390999308641,4.73494464386008,-104.337675903435,R6,1.15912767412766,0.242994208719157,0.757005791280843,0.448862333464774,0.173060854049053,3.02802316512337,0.429635543378789,0.372707730584826,0.965184305049963,0,0.262210787219143,0.432524703147621,0.196627959607022,4,1286.32663459906,B-R,1
22,3,18,0.432646511627907,0.213006976744186,4,0.368932693451791,0.408686491095863,13.2145290287813,-78.1574564133631,R6,1.25932435165311,0.337490630065414,0.662509369934586,0.458409481344812,0.177714741723861,2.65003747973834,0.43494857919916,0.379393859666142,0.849043858044588,0,0.215058160321813,0.432233147584934,0.212417726336015,4,1397.16026130971,B-R,1
22,4,17,0.432295348837209,0.228786046511628,4,0.354279332292085,0.421868701644112,20.4779251682128,-55.2720703806912,R6,1.37848236701709,0.418952466060589,0.581047533939411,0.469763342788799,0.183249336610165,2.32419013575764,0.441147706367272,0.387195080256182,0.748923515797014,0,0.174409641527887,0.431941430807801,0.228216223951445,4,1514.04584984392,B-R,1
22,5,16,0.431944186046512,0.24456511627907,4,0.340724352941824,0.434062804404894,27.6061965343894,-34.791715934391,R6,1.52254663013383,0.489902647629259,0.510097352370741,0.48349037304741,0.189940765059266,2.04038940948296,0.448474760447344,0.396415727551147,0.661722480190555,0,0.139006317336945,0.431649552682469,0.244023459696876,4,1637.87931689043,B-R,1
22,6,15,0.431593023255814,0.260344186046512,4,0.328148718551715,0.445375885308411,34.5932239285528,-16.2348596020066,R6,1.70023728262672,0.552252461492505,0.447747538507495,0.50042146276163,0.198194056066398,1.79099015402998,0.45726838797665,0.407481967407564,0.585091691959481,0,0.107894477668023,0.431357513075039,0.259839440823887,4,1769.3611635011,B-R,1
22,7,14,0.431241860465116,0.276123255813954,4,0.316449993344505,0.455900095907383,41.3341894142392,0.675890337350452,R6,1.92488310133561,0.607476312277885,0.392523687722115,0.521826632122673,0.208628298325787,1.57009475088846,0.468017877756124,0.421009539713456,0.517219040019883,0,0.080338411577696,0.431065311851466,0.275664174592083,4,1908.83931802737,B-R,1
22,8,13,0.430890697674419,0.291902325581395,4,0.305539546101045,0.465715169129924,47.6829455078823,16.1064751737194,R6,2.21792961915047,0.65672980299413,0.34327019700587,0.549749298925652,0.222239583760451,1.37308078802348,0.481457405656436,0.437922359685216,0.456684235136645,0,0.055761486461936,0.430772948877551,0.291497668269107,4,2056.09318563609,B-R,1
22,9,12,0.430539534883721,0.307681395348837,4,0.295340300521821,0.4748904430615,53.4893710290251,30.1595537075308,R6,2.61622719270295,0.700931481816318,0.299068518183681,0.587700715368578,0.240739520227815,1.19627407273473,0.498741152275473,0.459672892678157,0.402358339365563,0,0.0337053573509594,0.430480424018951,0.30733992913065,4,2210.1090028018,B-R,1
22,10,11,0.430188372093023,0.323460465116279,4,0.285784911633181,0.483486501455722,58.8305603835646,38.8039246668,R8,3.18889074038912,0.740820662208613,0.259179337791387,0.642266432618818,0.267338324621419,1.03671735116555,0.521793769935045,0.488683195364839,0.353332702463784,0,0.0138011153333046,0.430187737141173,0.323190964460462,4,2368.95217700329,B-R,1
22,11,10,0.429837209302326,0.339239534883721,4,0.276814276985011,0.49155651306567,60.5070065588452,36.8782221931356,R8,3.58028264510869,0.741640362870956,0.258359637129044,0.678930495072341,0.313796747871486,1.03343854851618,0.502195385869635,0.522249891642626,0.322899035675419,0.0206186453585764,0,0.429884871977286,0.339035656915295,4,2529.86629317992,R-G,1
22,12,9,0.429486046511628,0.355018604651163,4,0.268376313060891,0.499147332389235,52.6648529527062,21.2125289842294,R8,2.84594769935533,0.637809837596244,0.362190162403756,0.607040457779852,0.365944039290371,1.44876064961502,0.393081515535265,0.533165673513354,0.336669786534606,0.10038637243193,0,0.42955090461222,0.354838710628463,4,2689.65066070656,R-G,1
22,13,8,0.42913488372093,0.370797674418605,4,0.260424943371462,0.506300409983558,46.1181771719993,7.47859296415911,R8,2.36157595483523,0.542816202169176,0.457183797830824,0.559621357029779,0.40034070618282,1.82873519132329,0.334859697357348,0.53899020036223,0.349268525520214,0.173365165175239,0,0.4292168742384,0.370644745862697,4,2845.20241936235,R-G,1
22,14,7,0.428783720930233,0.386576744186047,4,0.252919256703231,0.513052549707097,40.7287670351464,-4.45536419933453,R8,2.01810119683148,0.455577359152203,0.544422640847797,0.525995811487226,0.424731862295208,2.17769056339119,0.298658019550738,0.542611826257089,0.360838768175272,0.240386344174012,0,0.428882780837992,0.386453763461849,4,2993.99769463144,R-G,1
22,15,6,0.428432558139535,0.402355813953488,4,0.245822803051936,0.519436542100221,36.2835606683733,-14.799340593949,R8,1.76185209328648,0.375180956297186,0.624819043702814,0.500909496697837,0.442928867293629,2.49927617481126,0.273970776000091,0.545081544953371,0.37150151721523,0.302150823392922,0,0.428548624393155,0.402265764270092,4,3134.33672980094,R-G,1
22,16,5,0.428081395348837,0.41813488372093,4,0.239103001663297,0.525481696913646,32.5425357269581,-23.8072319745138,R8,1.56334572449676,0.300852358349578,0.699147641650422,0.481476089180442,0.457025390306247,2.79659056660169,0.256058249545019,0.546873519071217,0.381359510337591,0.359253715814423,0,0.428214404886045,0.418080749131917,4,3265.3387056841,R-G,1
22,17,4,0.42773023255814,0.433913953488372,4,0.232730640893751,0.531214293035315,29.2394038889295,-31.7562472364738,R8,1.40504096088525,0.231929606991152,0.768070393008848,0.465978344690107,0.46826707870578,3.07228157203539,0.242468217092699,0.548233069689402,0.390500541214353,0.412203570444915,0,0.427880122298806,0.433898718892131,4,3386.78192190611,R-G,1
22,18,3,0.427379069767442,0.449693023255814,4,0.226679453693796,0.536657960386941,26.0587309189246,-38.9478665371629,R8,1.27584825962925,0.167843652496393,0.832156347503607,0.45333061743033,0.477441433651775,3.32862539001443,0.231804531991056,0.549299867706473,0.399000081311888,0.461437559330632,0,0.427545776613579,0.449719674395864,4,3498.89897422112,R-G,1
22,19,2,0.427027906976744,0.465472093023256,4,0.220925755701752,0.541834005496013,22.5816116645024,-45.7396986435484,R8,1.16841333161168,0.108102606159363,0.891897393840637,0.442812936055688,0.485070704915927,3.56758957536255,0.223213870163059,0.55015927989992,0.406923368447322,0.507333575619489,0,0.427211367812498,0.465543616488563,4,3602.19464490367,R-G,1
22,20,1,0.426676744186047,0.481251162790698,4,0.215448135433198,0.546761690202371,18.1665717938517,-52.6346114790531,R8,1.07766661879288,0.0522790906711548,0.947720909328845,0.433929000180865,0.491514896774199,3.79088363731538,0.216145288886659,0.550866422732561,0.414327084472433,0.550219951624591,0,0.426876895877687,0.481370546015993,4,3697.31093090743,R-G,1
22,21,0,0.426325581395349,0.497030232558139,4,0.210227188022142,0.551458471185504,11.669581067359,-60.5131432785953,R8,1,1.55957860310361e-16,1,0.426325581395349,0.497030232558139,4,0.210227188022142,0.551458471185504,0.421260713391988,0.590383325789042,0,0.426542360791268,0.497200463824242,4,3784.93772402505,,1
23,0,20,0.4465,0.171909302325581,4,0.428306438929608,0.371035134312143,-36.6282560884168,-157.093385004196,R6,1,4.50910861312905e-16,1,0.4465,0.171909302325581,4,0.428306438929608,0.371035134312143,1.27332581054611,0,0.351946810278563,0.445915308877582,0.171313448694189,4,1046.55773684725,,1
23,1,19,0.446148837209302,0.187688372093023,4,0.409314353013467,0.387433432331405,-4.37613559738541,-122.530341698797,R6,1.07369998357876,0.127672371651763,0.872327628348238,0.454465794658511,0.175792337766858,3.48931051339295,0.432765167891417,0.376646170711138,1.11561272753674,0,0.290889274632324,0.445627576944305,0.187089501340809,4,1144.18211450072,B-R,1
23,2,18,0.445797674418605,0.203467441860465,4,0.391908841577792,0.402461837581893,9.3242299137087,-95.1880441799094,R6,1.15912767412766,0.235542545553878,0.764457454446122,0.463699167693608,0.180293271606459,3.05782981778449,0.437852626046156,0.383048424162538,0.982361206704469,0,0.239301864584369,0.445339685978573,0.202874273577006,4,1244.97414647061,B-R,1
23,3,17,0.445446511627907,0.219246511627907,4,0.375899065266496,0.41628512609973,16.9867610035509,-71.8117481597506,R6,1.25932435165311,0.327885986672976,0.672114013327024,0.474528833045972,0.18557233994592,2.6884560533081,0.443711887347945,0.390421944445372,0.86828978619141,0,0.195139898491936,0.445051635848503,0.21866777263389,4,1349.86429009424,B-R,1
23,4,16,0.445095348837209,0.235025581395349,4,0.361123611405929,0.429042666100616,23.2884906323438,-51.0289684220623,R6,1.37848236701709,0.407829980963068,0.592170019036932,0.487407917086617,0.191850425425762,2.36868007614773,0.450532999524864,0.399005894946545,0.76953534429881,0,0.156907795352316,0.444763426422063,0.23447000575057,4,1459.68781210795,B-R,1
23,5,15,0.444744186046512,0.250804651162791,4,0.347445032684251,0.44085313343677,29.5871328283442,-32.1786428973069,R6,1.52254663013383,0.477714816800213,0.522285183199787,0.502978969913123,0.199440747870078,2.08914073279915,0.458573985819419,0.409124982060612,0.683206933751671,0,0.123486344806253,0.444475057567077,0.250280980174165,4,1575.17331174907,B-R,1
23,6,14,0.444393023255814,0.266583720930233,4,0.334745558585159,0.451818214464959,35.8910568187841,-14.9111807534433,R6,1.70023728262672,0.539326696610541,0.460673303389459,0.522184499979252,0.20880274590195,1.84269321355784,0.468194220947646,0.42123145678328,0.607098067055016,0,0.0940213203919517,0.444186529151222,0.266100703159811,4,1696.88859282609,B-R,1
23,7,13,0.444041860465116,0.282362790697674,4,0.3229236959202,0.462025541241952,42.0670450773999,0.970721875986882,R6,1.92488310133562,0.59405255473488,0.405947445265121,0.546465135819769,0.220638673583655,1.62378978106048,0.479909613559683,0.435974558446937,0.539495470710484,0,0.0678494400550545,0.443897841042028,0.281929181970678,4,1825.1432817944,B-R,1
23,8,12,0.443690697674419,0.298141860465116,4,0.31189151059449,0.471551038524005,47.9425276226265,15.5833390658247,R6,2.21792961915047,0.642985713155258,0.357014286844742,0.578138798050778,0.236078432988779,1.42805714737897,0.494488248485505,0.454320874609481,0.47904856919201,0,0.0444478377672499,0.44360899310688,0.297766423877977,4,1959.85509241494,B-R,1
23,9,11,0.443339534883721,0.313920930232558,4,0.301572436485589,0.480460815642105,53.3371336027474,28.9979231943942,R6,2.61622719270295,0.686999672845661,0.313000327154339,0.621188423435175,0.257063561060424,1.25200130861736,0.513125916090041,0.477775233961026,0.424678330835683,0,0.0233987738393159,0.443319985213013,0.313612436160973,4,2100.40511714473,B-R,1
23,10,10,0.442988372093023,0.3297,4,0.291899495916533,0.488812702995309,58.2911965293982,39.9581883652264,R8,3.18889074038912,0.726800715698355,0.273199284301645,0.683084234095798,0.287235519636451,1.09279713720658,0.537791967388666,0.508815943733142,0.375512288926411,0,0.00436447878161684,0.443030817227519,0.329467226106995,4,2245.5368425665,B-R,1
23,11,9,0.442637209302326,0.345479069767442,4,0.282813844258775,0.496657508681265,52.8690586417593,27.523673668158,R8,2.84594769935533,0.65542135078871,0.34457864921129,0.644467979267886,0.338795021935125,1.37831459684516,0.446260775552947,0.527845605582294,0.373514028823496,0.0627122637605232,0,0.442708688132604,0.345283083504489,4,2393.37082514459,R-G,1
23,12,8,0.442286046511628,0.361258139534884,4,0.274263571816394,0.504040052982883,45.2496264261494,12.043204094755,R8,2.36157595483523,0.557150035872436,0.442849964127564,0.590678826854414,0.377812369981113,1.77139985651026,0.371941114296814,0.535280565120364,0.384836168864774,0.139263698853041,0,0.442375919150755,0.361087259409234,4,2541.58278711941,R-G,1
23,13,7,0.44193488372093,0.377037209302326,4,0.266202711448431,0.511000025214957,38.8511237800284,-1.70237821498887,R8,2.01810119683148,0.467104062625073,0.532895937374927,0.552536188854858,0.405480115529155,2.13158374949971,0.326911170236476,0.539785373221364,0.395210642027451,0.209407753425436,0,0.44204308738413,0.37689441714732,4,2687.7198725467,R-G,1
23,14,6,0.441583720930233,0.392816279069767,4,0.258590411859034,0.517572697528573,33.535179683839,-13.7968777638946,R8,1.76185209328648,0.38429221774689,0.61570778225311,0.524079900389779,0.426121617789766,2.46283112901244,0.296706398379999,0.542807066980646,0.404751649040395,0.273916563279918,0,0.441710192814959,0.392704557562718,4,2829.54993578592,R-G,1
23,15,5,0.441232558139535,0.408595348837209,4,0.251390245162795,0.523789522778556,29.1046602362478,-24.4019095468318,R8,1.56334572449676,0.307876402004243,0.692123597995757,0.50203590330144,0.442111799232094,2.76849439198303,0.275040324842711,0.544974546990322,0.413555749890615,0.333442991351518,0,0.441377235425464,0.408517681499715,4,2965.3205361585,R-G,1
23,16,4,0.440881395348837,0.424374418604651,4,0.244569623951901,0.529678637843988,25.3214705679756,-33.7400743046502,R8,1.40504096088525,0.23714316482938,0.76285683517062,0.484456267094307,0.454863641446358,3.05142734068248,0.258740597429521,0.546605176244417,0.421705143409457,0.388542801698907,0,0.441044215197861,0.424333789802919,4,3093.86611176103,R-G,1
23,17,3,0.44053023255814,0.440153488372093,4,0.23809930818116,0.535265289397474,21.8906343954278,-42.0872815409215,R8,1.27584825962925,0.171481361659899,0.828518638340101,0.470109505588942,0.465270434672707,3.3140745533604,0.246033177428011,0.54787643006807,0.429270241439142,0.439692064000614,0,0.440711132114361,0.440152883317257,4,3214.57776127982,R-G,1
23,18,2,0.440179069767442,0.455932558139535,4,0.231952986129536,0.540572195714659,18.4105514550859,-49.7910319877733,R8,1.16841333161169,0.110364450732794,0.889635549267206,0.458178929986534,0.473924585180413,3.55854219706882,0.235848373415989,0.548895320688031,0.436311708473511,0.487300944006724,0,0.440377986157165,0.455974962887974,4,3327.29461208274,R-G,1
23,19,1,0.439827906976744,0.471711627906977,4,0.22610691677277,0.545619855459713,14.2561276730824,-57.3458336306685,R8,1.07766661879288,0.053336342983038,0.946663657016962,0.44810156931871,0.481234458471202,3.78665462806785,0.227502845639959,0.549730209602888,0.442882091934665,0.531724726191525,0,0.440044777308469,0.471800029360634,4,3432.17322122843,R-G,1
23,20,0,0.439476744186046,0.487490697674419,4,0.220539623317506,0.550426812296535,8.29136951288081,-65.616130185796,R8,1,0,1,0.439476744186046,0.487490697674419,4,0.220539623317506,0.550426812296535,0.449027135837437,0.573272695722786,0,0.439711505550464,0.48762808358112,4,3529.57136270999,,1
24,0,19,0.4593,0.178148837209302,4,0.435439437784208,0.380011575031005,-28.2092128043007,-138.738566168237,R6,1,0,1,0.4593,0.178148837209302,4,0.435439437784208,0.380011575031005,1.28215146773645,0,0.322639120078215,0.458726538099924,0.177553891347737,4,1016.46702440497,,1
24,1,18,0.458948837209302,0.193927906976744,4,0.41635214022148,0.395839706493556,1.40112001675458,-109.738380753501,R6,1.07369998357876,0.12356457598157,0.87643542401843,0.468209154448319,0.182491726269048,3.50574169607372,0.440306656730325,0.386136670972575,1.12879462017393,0,0.265930719763353,0.458442309555446,0.193333671369969,4,1110.4329388996,B-R,1
24,2,17,0.458597674418605,0.209706976744186,4,0.398842288038493,0.41035974220481,13.7317517632962,-86.0847759595962,R6,1.15912767412766,0.228534309812743,0.771465690187257,0.478536001922442,0.187525689163865,3.08586276074903,0.445851075747808,0.393113981588411,0.998515959465968,0,0.217756187218277,0.458157923894921,0.209122174149614,4,1206.90484314796,B-R,1
24,3,16,0.458246511627907,0.225486046511628,4,0.382722092088243,0.423727406216131,20.6940784594988,-65.362773026165,R6,1.25932435165311,0.318812892867928,0.681187107132072,0.490648184747131,0.193429938167978,2.72474842852829,0.452224595431205,0.401134664442105,0.886470587321289,0,0.176323972628592,0.457873380988038,0.224919406921328,4,1306.71293369407,B-R,1
24,4,15,0.457895348837209,0.24126511627907,4,0.367832433033275,0.436074648154393,26.126119076437,-46.5867781129305,R6,1.37848236701709,0.397282789425014,0.602717210574986,0.505052491384436,0.200451514241359,2.41086884229994,0.459628217391814,0.410451667709447,0.789081057442219,0,0.14031120544774,0.457588680704341,0.240725376927771,4,1410.57825361517,B-R,1
24,5,14,0.457544186046512,0.257044186046512,4,0.354037591211322,0.447514013478132,31.6356800754009,-29.3019442625934,R6,1.52254663013383,0.466118684984355,0.533881315015645,0.522467566778836,0.20894073068089,2.13552526006258,0.468333627999563,0.421406891991224,0.70364835265393,0,0.108719841252929,0.457303822913229,0.256540091419618,4,1519.1153652481,B-R,1
24,6,13,0.457193023255814,0.272823255813954,4,0.341221097795609,0.458142083900681,37.2796126702755,-13.2793199363059,R6,1.70023728262672,0.526992162565107,0.473007837434893,0.543947537196874,0.219411435737503,1.89203134973957,0.478717264845211,0.434474060862424,0.628097859741266,0,0.080782728145999,0.457018807483957,0.272363557655567,4,1632.80158900496,B-R,1
24,7,12,0.456841860465116,0.288602325581395,4,0.329282438448748,0.468042210883442,42.9031382454349,1.60365353547984,R6,1.92488310133561,0.581209236059034,0.418790763940966,0.571103639516865,0.232649048841524,1.67516305576386,0.491316186813752,0.450329029926273,0.560808675854661,0,0.0559004875590813,0.456733634285635,0.288195782902352,4,1751.91601338358,B-R,1
24,8,11,0.456490697674419,0.304381395348837,4,0.318134411874105,0.477286706055771,48.3069769454465,15.415345285623,R6,2.21792961915047,0.629805105377412,0.370194894622588,0.606528297175904,0.249917282217106,1.48077957849035,0.506923972689089,0.46997046931502,0.50049600724373,0,0.0335980275776193,0.456448303187229,0.304036774434756,4,1876.45370955853,B-R,1
24,9,10,0.456139534883721,0.320160465116279,4,0.307700996333755,0.485938610403852,53.2804492900992,28.1953445437587,R6,2.61622719270295,0.673610891622256,0.326389108377744,0.654676131501773,0.273387601893034,1.30555643351098,0.52676464385444,0.494938734720436,0.446128343775934,0,0.0134939156770502,0.456162814057557,0.319886539535619,4,2006.03034832428,B-R,1
24,10,9,0.455788372093023,0.335939534883721,4,0.297915613706407,0.494053133799739,54.1460601340178,33.9356617127765,R5,2.84594769935533,0.674033077573259,0.325966922426741,0.68189550075592,0.311646004579879,1.30386768970696,0.507366399404053,0.521732582013527,0.412450772280496,0.0228985231817946,0,0.45586487697571,0.335728614489054,4,2139.80704426624,R-G,1
24,11,8,0.455437209302326,0.351718604651163,4,0.288719707267307,0.501678834376631,45.5556961332245,19.301745792487,R8,2.36157595483523,0.572261412218145,0.427738587781855,0.62173629667905,0.355284033779406,1.71095435112742,0.413118223247653,0.531161195713,0.422333188534217,0.103312389370632,0,0.455533369082528,0.351530931398912,4,2276.47615684449,R-G,1
24,12,7,0.455086046511628,0.367497674418605,4,0.280061568978509,0.508858590997791,38.1742297460798,3.99652096600347,R8,2.01810119683148,0.479229188333117,0.520770811666883,0.579076566222491,0.386228368763102,2.08308324666753,0.357643024050086,0.53671095003681,0.431366971741292,0.176820873059453,0,0.455201798646295,0.367336229610661,4,2414.3434497251,R-G,1
24,13,6,0.45473488372093,0.383276744186046,4,0.271895366671348,0.515630409964973,31.9372585634291,-9.74982184512825,R8,1.76185209328648,0.393857027175974,0.606142972824026,0.547250304081721,0.409314368285903,2.42457189129611,0.32109636771545,0.540367087679355,0.439656933687878,0.244276834594403,0,0.454870165649311,0.383144509968068,4,2551.50876602134,R-G,1
24,14,5,0.454383720930233,0.399055813953488,4,0.264180332468214,0.522028098019239,26.7033985018423,-21.995612226636,R8,1.56334572449676,0.315236268905308,0.684763731094692,0.522595717422438,0.427198208157942,2.73905492437877,0.295202322870039,0.54295753511209,0.447291308704763,0.306398242485116,0,0.454538470073867,0.398955773315222,4,2686.10003562931,R-G,1
24,15,4,0.454032558139535,0.41483488372093,4,0.256880082103103,0.528081826794032,22.2796110327225,-32.8743697153577,R8,1.40504096088525,0.242596504416047,0.757403495583953,0.502934189498507,0.441460204186936,3.02961398233581,0.275895803385281,0.544888964679502,0.454344906449776,0.363793827800991,0,0.45420671190225,0.414770020496528,4,2816.48977319475,R-G,1
24,16,3,0.453681395348837,0.430613953488372,4,0.249962041154436,0.533818608611308,18.4119033289319,-42.5961400289613,R8,1.27584825962925,0.175280245598078,0.824719754401922,0.486888393747555,0.453099435693639,3.29887901760769,0.260946657664196,0.54638448136629,0.460881571522133,0.416983098213664,0,0.453874891116738,0.430587252356711,4,2941.43324896827,R-G,1
24,17,2,0.45333023255814,0.446393023255814,4,0.243396959098792,0.539262699452228,14.7395160236238,-51.463570763963,R8,1.16841333161169,0.112722967718587,0.887277032281413,0.473544923917381,0.462778465444899,3.54910812912565,0.249029319701572,0.547576695163501,0.466956121423106,0.46641210730953,0,0.453543007699604,0.446407469740813,4,3060.11111050863,R-G,1
24,18,1,0.452979069767442,0.462172093023256,4,0.237158495893458,0.544435941783355,10.6806191956578,-59.9373242706062,R8,1.07766661879288,0.0544372400560924,0.945562759943908,0.462274138456556,0.470954020168206,3.78225103977563,0.239306392237085,0.548549379525461,0.472615887531893,0.512465993610952,0,0.453211061633113,0.462230673494197,4,3172.09444686099,R-G,1
24,19,0,0.452627906976744,0.477951162790698,4,0.231222868765014,0.549358057457035,5.13885253368454,-68.8471461874295,R8,1,0,1,0.452627906976744,0.477951162790698,4,0.231222868765014,0.549358057457035,0.477901950839011,0.555479035819564,0,0.452879052899524,0.478056864462544,4,3277.26888082483,,1
25,0,18,0.4721,0.184388372093023,4,0.442407752264037,0.38878077058446,-21.3324967906828,-122.934898765832,R6,1,4.20394034067517e-16,1,0.4721,0.184388372093023,4,0.442407752264037,0.38878077058446,1.29037982049499,0,0.295314921063244,0.471541020069276,0.18379591843794,4,1000.00008696779,,1
25,1,17,0.471748837209302,0.200167441860465,4,0.42323436750193,0.40406017233825,7.01317116823955,-97.2784743517477,R6,1.07369998357876,0.11971287325178,0.88028712674822,0.481952514238127,0.189191114771238,3.52114850699288,0.447662844318089,0.395393980996645,1.14115471204093,0,0.242528159938379,0.471260296702239,0.199579427220277,4,1078.94132492709,B-R,1
25,2,16,0.471397674418605,0.215946511627907,4,0.405628746469276,0.418090212428748,17.9820336301586,-77.0703068435805,R6,1.15912767412766,0.221931064465299,0.778068935534701,0.493372836151277,0.194758106721271,3.1122757421388,0.453639503716434,0.402915239569604,1.01373716490935,0,0.197455586741881,0.47097941813704,0.215371661929432,4,1171.6328921987,B-R,1
25,3,15,0.471046511627907,0.231725581395349,4,0.389406153213202,0.431018108203195,24.3100589685284,-58.8558132417977,R6,1.25932435165311,0.310228410505424,0.689771589494576,0.506767536448291,0.201287536390037,2.7590863579783,0.460497301349907,0.411545356463443,0.903672301531365,0,0.15852133692585,0.470698384244941,0.231172629803611,4,1267.03834587769,B-R,1
25,4,14,0.470695348837209,0.247504651162791,4,0.374409779098989,0.442968821537548,28.9759253707375,-41.9921442470629,R6,1.37848236701709,0.387267382394586,0.612732617605414,0.522697065682255,0.209052603056957,2.45093047042166,0.468446603528494,0.42154906475177,0.80764128479041,0,0.124551407911904,0.470417194897061,0.246982338089028,4,1365.79846306428,B-R,1
25,5,13,0.470344186046512,0.263283720930233,4,0.360505657632992,0.454049111248957,33.7396261184818,-26.2093938018518,R6,1.52254663013383,0.455072184332366,0.544927815667634,0.541956163644549,0.218440713491702,2.17971126267054,0.477770531357292,0.43328265494689,0.723120893223242,0,0.094653237516473,0.470135849964379,0.262800794039914,4,1468.44806529552,B-R,1
25,6,12,0.469993023255814,0.279062790697674,4,0.347578651371374,0.464350731155703,38.7485749112859,-11.3882403692005,R6,1.70023728262672,0.515209201556397,0.484790798443603,0.565710574414497,0.230020125573055,1.93916319377441,0.488859390216734,0.447237302384889,0.648158588221292,0,0.0681361364166575,0.469854349317728,0.278628004918531,4,1575.40104277785,B-R,1
25,7,11,0.469641860465116,0.294841860465116,4,0.335529256171983,0.473952976790785,43.8340025766159,2.52479364355479,R6,1.92488310133561,0.568909505968435,0.431090494031565,0.595742143213961,0.244659424099392,1.72436197612626,0.502266694668741,0.464109571127164,0.581219807685563,0,0.0444572699394578,0.4695726928278,0.294463977995181,4,1686.91256112229,B-R,1
25,8,10,0.469290697674419,0.310620930232558,4,0.324271034953202,0.482924730457084,48.7696597936802,15.5527452813683,R6,2.21792961915047,0.617154023166031,0.382845976833969,0.63491779630103,0.263756131445433,1.53138390733588,0.518804436703476,0.484921303194508,0.521081803178867,0,0.0231841041075942,0.469290880365143,0.310308720548221,4,1803.02312580392,B-R,1
25,9,9,0.468939534883721,0.3264,4,0.313728540889388,0.491326116247157,53.3122081012595,27.7043347801662,R6,2.61622719270295,0.660733996229084,0.339266003770916,0.688163839568371,0.289711642725643,1.35706401508366,0.539713906040526,0.51123458541883,0.466758270294634,0,0.00396774445119225,0.469008911800161,0.326162239864068,4,1923.49450037843,B-R,1
25,10,8,0.468588372093023,0.342179069767442,4,0.303835624494375,0.499209849139995,46.900305743327,22.7791180222453,R5,2.36157595483523,0.588215362026275,0.411784637973725,0.652793766503685,0.332755697577698,1.6471385518949,0.459109250725386,0.526560240560194,0.461920950500757,0.0653565226185095,0,0.468689224323685,0.341975761621125,4,2047.75485377785,R-G,1
25,11,7,0.468237209302326,0.357958139534884,4,0.294534044280605,0.506622342176289,38.5701178907197,12.1101970104908,R8,2.01810119683148,0.492000579885607,0.507999420114393,0.605616943590124,0.366976621997049,2.03199768045757,0.391194738255401,0.533354427236071,0.469450423822127,0.142497120988823,0,0.468358914914537,0.357779200641184,4,2174.87692907634,R-G,1
25,12,6,0.467886046511628,0.373737209302326,4,0.285772319326502,0.513604620855353,31.4246980321198,-3.04386951061137,R8,1.76185209328648,0.40391011463001,0.59608988536999,0.570420707773663,0.392507118782039,2.38435954147996,0.347328068142687,0.537742861088506,0.476344113058354,0.213124014791911,0,0.468028543186345,0.373585621275377,4,2303.61447382242,R-G,1
25,13,5,0.46753488372093,0.389516279069767,4,0.277504775997438,0.520193082809722,25.3494943949391,-16.7959154621522,R8,1.56334572449676,0.322956632714025,0.677043367285975,0.543155531543436,0.412284617083789,2.7081734691439,0.316657788295085,0.540811124396412,0.482679283900058,0.278028802769599,0,0.467698109121472,0.389395024367591,4,2432.50384353806,R-G,1
25,14,4,0.467183720930233,0.405295348837209,4,0.269690751544027,0.526420132463134,20.1938967695444,-29.1975227011342,R8,1.40504096088525,0.248306557154587,0.751693442845413,0.521412111902707,0.428056766927515,3.00677377138165,0.294007682095862,0.543077047306688,0.488521169521555,0.337879808705725,0,0.467367612702272,0.405207410762029,4,2560.01639467135,R-G,1
25,15,3,0.466832558139535,0.421074418604651,4,0.262293925262342,0.532314714033531,15.7519436487681,-40.3774016535159,R8,1.27584825962925,0.17925125866235,0.82074874133765,0.503667281906167,0.440928436714571,3.2829949653506,0.276595634265261,0.544818953404044,0.493925225074436,0.393245179055405,0,0.467037053911094,0.421022781303214,4,2684.72142241233,R-G,1
25,16,2,0.466481395348837,0.436853488372093,4,0.255281753998581,0.537902761383269,11.7191426988956,-50.56623170352,R8,1.16841333161169,0.115184490200083,0.884815509799917,0.488910917848228,0.451632345709384,3.53926203919967,0.262792943124929,0.546199778456396,0.498938893589715,0.444610974880896,0,0.46670643273028,0.436841136835988,4,2805.41656288024,R-G,1
25,17,1,0.46613023255814,0.452632558139535,4,0.248624993487791,0.543207579467562,7.58206695523204,-60.1618149806615,R8,1.07766661879288,0.055584541418202,0.944415458581798,0.476446707594402,0.46067358186521,3.77766183432719,0.251582724560598,0.547321251832755,0.503603002516887,0.492395479606507,0,0.466375749142166,0.45266247820551,4,2921.2008782726,R-G,1
25,18,0,0.465779069767442,0.468411627906977,4,0.2422972906763,0.548250169215536,2.32313336950521,-69.93228181092,R8,1,0,1,0.465779069767442,0.468411627906977,4,0.2422972906763,0.548250169215536,0.50795287799732,0.536960614918778,0,0.466045003129079,0.468486806257261,4,3031.48646407824,,1
26,0,17,0.4849,0.190627906976744,4,0.449217020552335,0.397349816279639,-16.2454391179453,-109.691474222824,R6,1,0,1,0.4849,0.190627906976744,4,0.449217020552335,0.397349816279639,1.29806952080871,0,0.269779445385036,0.484358756024593,0.190039530568304,4,1000.00008696779,,1
26,1,16,0.484548837209302,0.206406976744186,4,0.429966136111782,0.412100923054065,12.4606151892064,-85.1773020648551,R6,1.07369998357876,0.116094038944591,0.883905961055409,0.495695874027935,0.195890503273428,3.53562384422164,0.454840477299925,0.40442659102176,1.15276753048155,0,0.220540485314473,0.484081539624665,0.205826769495932,4,1049.42033033242,B-R,1
26,2,15,0.484197674418605,0.222186046511628,4,0.412272842030227,0.425658516784072,22.0957792500035,-68.1797770520295,R6,1.15912767412766,0.215698690109423,0.784301309890577,0.508209670380111,0.201990524278677,3.13720523956231,0.461226074820852,0.412462473091773,1.02810347200221,0,0.178295168620063,0.483804169945936,0.221622737521356,4,1138.77405301826,B-R,1
26,3,14,0.483846511627907,0.23796511627907,4,0.395955451348183,0.438161816202555,27.8090992803982,-52.3293043774179,R6,1.25932435165311,0.302094104857869,0.697905895142131,0.522886888149451,0.209145134612096,2.79162358056852,0.468540013730178,0.421666615750312,0.919971944903902,0,0.14165228483592,0.483526646861243,0.237427441886332,4,1230.32361313929,B-R,1
26,4,13,0.483495348837209,0.253744186046512,4,0.380859476971524,0.449729197980869,31.8228473043552,-37.2849058154308,R6,1.37848236701709,0.377744530346518,0.622255469653482,0.540341639980074,0.217653691872554,2.48902187861393,0.477000607390197,0.43231375294795,0.825288725226766,0,0.109566672914583,0.483248970243283,0.253240889840629,4,1324.65318550289,B-R,1
26,5,12,0.483144186046512,0.269523255813953,4,0.366852725278955,0.460461956281818,35.8863328541573,-22.9415906637533,R6,1.52254663013383,0.444537142522419,0.555462857477581,0.561444760510262,0.227940696302513,2.22185142991032,0.486900444339202,0.444772089379873,0.741691844831038,0,0.0812379249974967,0.482971139964615,0.269063088642039,4,1422.24080497785,B-R,1
26,6,11,0.482793023255814,0.285302325581395,4,0.353821414784585,0.470447276857958,40.2863728753248,-9.27906012723764,R6,1.70023728262672,0.503941625033933,0.496058374966067,0.587473611632119,0.240628815408607,1.98423349986427,0.4986409123953,0.459546746948937,0.667341864231283,0,0.0560427042179619,0.482693155897653,0.284894045556389,4,1523.45493164982,B-R,1
26,7,10,0.482441860465116,0.301081395348837,4,0.341667078412965,0.47976061070211,44.848798078063,3.69282657696469,R6,1.92488310133561,0.55711956888495,0.44288043111505,0.620380646911056,0.256669799357261,1.7715217244602,0.512787953114259,0.477349928324628,0.600784949222527,0,0.0334883450301955,0.482415017914671,0.300733767857552,4,1628.53229004075,B-R,1
26,8,9,0.482090697674419,0.316860465116279,4,0.330304070822123,0.488467584076176,49.3193962537371,15.9547501716351,R6,2.21792961915047,0.605001184676824,0.394998815323176,0.663307295426156,0.27759498067376,1.5799952612927,0.530166017302703,0.499219154182631,0.540856858703084,0,0.0131803172492401,0.482136725887802,0.316582262827458,4,1737.54119308818,B-R,1
26,9,8,0.481739534883721,0.332639534883721,4,0.319657547246968,0.496625547234623,49.3172496629122,22.2445961757644,R6,2.36157595483523,0.605084376009089,0.394915623990911,0.68385123632832,0.310227361375991,1.57966249596364,0.510810781284253,0.521388005094309,0.503779331540765,0.0252236367393596,0,0.481843485164127,0.332421749865319,4,1850.33814269382,R-G,1
26,10,7,0.481388372093023,0.348418604651163,4,0.309661812983994,0.50428483914182,39.9711525120215,11.9411246934143,R5,2.01810119683148,0.505471320632442,0.494528679367558,0.632157320957756,0.347724875230996,1.97811471747023,0.427973087629498,0.529675110957555,0.509619289338225,0.106293833061917,0,0.481514436478837,0.348223330028254,4,1966.52774231258,R-G,1
26,11,6,0.481037209302326,0.364197674418605,4,0.300258966572409,0.511489827142716,31.9060571760932,-0.576416835082568,R4,1.76185209328648,0.414489848931037,0.585510151068963,0.593591111465605,0.375699869278176,2.34204060427585,0.375618293629101,0.534912699079431,0.51495320820135,0.180339205374403,0,0.481185325716125,0.364027891273927,4,2085.44202198633,R-G,1
26,12,5,0.480686046511628,0.379976744186046,4,0.291397777456658,0.518279766960727,24.9855043847142,-12.3129911703494,R4,1.56334572449676,0.331064644877517,0.668935355122483,0.563715345664434,0.397371026009636,2.67574142048993,0.339535317216841,0.538522450053857,0.519844130069722,0.248234900826123,0,0.480856152858423,0.379835434446023,4,2206.15373307154,R-G,1
26,13,4,0.48033488372093,0.395755813953488,4,0.283032752177792,0.524689518234252,19.0614768740216,-22.9606236115819,R8,1.40504096088525,0.254291886947143,0.745708113052857,0.539890034306908,0.414653329668093,2.98283245221143,0.31315855321564,0.541161188844906,0.524345042772507,0.310716495573981,0,0.480526917888155,0.395645960388544,4,2327.53431178479,R-G,1
26,14,3,0.479983720930233,0.41153488372093,4,0.275123353152929,0.530750143131647,13.9639177751491,-35.5430629116651,R8,1.27584825962925,0.183406370908242,0.816593629091758,0.52044617006478,0.428757437735504,3.26637451636703,0.293035892141249,0.543174265443449,0.528500807501871,0.368406751936168,0,0.480197620787739,0.411459469945809,4,2448.35095014602,R-G,1
26,15,2,0.479632558139535,0.427313953488372,4,0.26763334172491,0.536489409743399,9.44468498683042,-47.086778791727,R8,1.16841333161169,0.117755916790198,0.882244083209802,0.504276911779075,0.44048622597387,3.52897633283921,0.277178753730241,0.544760617970933,0.532349659241071,0.421836447309838,0,0.479868261539587,0.42727596396246,4,2567.38358745104,R-G,1
26,16,1,0.479281395348837,0.443093023255814,4,0.260530223015267,0.541932217466906,5.07155599977128,-57.9108705568459,R8,1.07766661879288,0.0567812442413661,0.943218755758634,0.490619276732248,0.450393143562214,3.77287502303454,0.264360828955998,0.54604292672272,0.535924386600379,0.47146075263354,0,0.479538840126104,0.443095443283454,4,2683.53368437927,R-G,1
26,17,0,0.47893023255814,0.458872093023256,4,0.253784774638775,0.547100958131797,-0.060732236754756,-68.6983779709218,R8,1,3.37853501042609e-16,1,0.47893023255814,0.458872093023256,4,0.253784774638775,0.547100958131797,0.539253268229428,0.517672231647823,0,0.479209356529687,0.458917908754069,4,2795.9023371986,,1
27,0,16,0.4977,0.196867441860465,4,0.455872626362355,0.405725487188827,-11.2676168332559,-96.3836943711541,R6,1,3.93746019386333e-16,1,0.4977,0.196867441860465,4,0.455872626362355,0.405725487188827,1.3052717849786,0,0.245862617155698,0.497179747205462,0.196284728342638,4,1000.00008696779,,1
27,1,15,0.497348837209302,0.212646511627907,4,0.436552326673253,0.419967788292739,17.7438276074036,-73.4548205418701,R6,1.07369998357876,0.112687574384032,0.887312425615968,0.509439233817743,0.202589891775619,3.54924970246387,0.461845978729552,0.41324258406631,1.16369885562888,0,0.199843147990507,0.496906039563335,0.212075698801439,4,1021.63459819515,B-R,1
27,2,14,0.496997674418605,0.228425581395349,4,0.418779007847122,0.433069705054432,26.0870815314401,-59.4420866567728,R6,1.15912767412766,0.209806795282717,0.790193204717283,0.523046504608945,0.209222941836083,3.16077281886913,0.468618536117647,0.421765431349554,1.0416849364018,0,0.16018149926016,0.496632180563245,0.227875401530586,4,1108.01861767319,B-R,1
27,3,13,0.496646511627907,0.244204651162791,4,0.402374021422717,0.445162931351214,31.1717596069617,-45.8158582037595,R6,1.25932435165311,0.294375469293592,0.705624530706408,0.539006239850611,0.217002732834155,2.82249812282563,0.476362192318569,0.431510346812423,0.935438662343775,0,0.125645255958645,0.496358170079607,0.243683843775388,4,1196.16015308849,B-R,1
27,4,12,0.496295348837209,0.259983720930233,4,0.387185206889639,0.45635963499829,34.6517187933868,-32.4992398488824,R6,1.37848236701709,0.368678769745052,0.631321230254948,0.557986214277893,0.226254780688151,2.52528492101979,0.485301942967849,0.442760473635717,0.842089098625101,0,0.0953011966185726,0.496084007986699,0.25950103278917,4,1286.60327598318,B-R,1
27,5,11,0.495944186046512,0.275762790697674,4,0.373082157989944,0.46675594727837,38.0632787455759,-19.5333814538616,R6,1.52254663013383,0.434478842050261,0.565521157949739,0.580933357375975,0.237440679113325,2.26208463179896,0.495738107170698,0.455893744958023,0.759422406768511,0,0.0684296944581186,0.495809694158657,0.275326975833287,4,1379.78530480033,B-R,1
27,6,10,0.495593023255814,0.291541860465116,4,0.35995246914675,0.476434729953305,41.8808394894115,-6.98686317107025,R6,1.70023728262672,0.493156342454814,0.506843657545185,0.609236648849741,0.25123750524416,2.02737463018074,0.508080727324156,0.471426173937944,0.685704025087125,0,0.0444669156396185,0.495535228469481,0.291161680177135,4,1476.0418706591,B-R,1
27,7,9,0.495241860465116,0.307320930232558,4,0.347698733156235,0.485467788468603,45.9348593906334,5.07280380252945,R6,1.92488310133561,0.545808373836078,0.454191626163922,0.645019150608152,0.26868017461513,1.81676650465569,0.52290471623019,0.490081253007001,0.619555628872158,0,0.0229648241456865,0.495260610793029,0.307005153098158,4,1575.59555658311,B-R,1
27,8,8,0.494890697674419,0.3231,4,0.336236120382842,0.49391765649256,49.9404477595323,16.5871038061539,R6,2.21792961915047,0.593317724458676,0.406682275541324,0.691696794551282,0.291433829902088,1.6267291021653,0.541041981631265,0.512905886936389,0.559868143575671,0,0.00356290598402741,0.49498584100302,0.322857401881864,4,1678.53245329365,B-R,1
27,9,7,0.494539534883721,0.338879069767442,4,0.32549041216663,0.501839045624862,42.4669500211147,12.7536212490648,R5,2.01810119683148,0.519700471164527,0.480299528835473,0.658697698325389,0.328473128464943,1.92119811534189,0.468467037287126,0.525624084995482,0.552049683098562,0.0680522809936385,0,0.494668363629106,0.338668617561287,4,1784.772498661,R-G,1
27,10,6,0.494188372093023,0.354658139534884,4,0.315396392030676,0.509280031346543,33.3610976630904,0.955076839798906,R4,1.76185209328648,0.425638727053533,0.574361272946467,0.616761515157547,0.358892619774313,2.29744509178587,0.406219253431383,0.531851370568097,0.555639305216788,0.145790715396766,0,0.494340513528644,0.354471319753054,4,1894.04086728568,R-G,1
27,11,5,0.493837209302326,0.370437209302326,4,0.305896520976276,0.516283029549589,25.5522020230985,-13.0156431553878,R4,1.56334572449676,0.339590253669689,0.660409746330311,0.584275159785432,0.382457434935483,2.64163898532124,0.363981136663257,0.536076883491966,0.55892312167392,0.216906487987011,0,0.494012601574797,0.370277003339774,4,2005.8498133169,R-G,1
27,12,4,0.493486046511628,0.386216279069767,4,0.296939840012762,0.522885605556523,18.8388275434345,-23.9900497946911,R4,1.40504096088525,0.260572891808,0.739427108192,0.558367956711108,0.401249892408671,2.957708432768,0.333440459868336,0.539132181274513,0.561938614024645,0.282211315787617,0,0.493684627750058,0.386085669165245,4,2119.50204681712,R-G,1
27,13,3,0.49313488372093,0.401995348837209,4,0.288481055710496,0.529121148221209,13.0430815617123,-32.2845684382201,R4,1.27584825962925,0.187758688611013,0.812241311388987,0.537225058223393,0.416586438756436,3.24896524555595,0.310329003992474,0.541444257734479,0.564717378938981,0.342389470172737,0,0.493356592036915,0.401897318073588,4,2234.12313981645,R-G,1
27,14,2,0.492783720930233,0.417774418604651,4,0.280479774130504,0.535019434651192,7.9549417024479,-41.1837087944537,R8,1.16841333161168,0.120444776198432,0.879555223801568,0.519642905709921,0.429340106238356,3.51822089520627,0.292229916285866,0.543254895491705,0.567286239543729,0.398021844566396,0,0.493028494417849,0.41771195090924,4,2348.72337332299,R-G,1
27,15,1,0.492432558139535,0.433553488372093,4,0.272899855782429,0.540607105711866,3.21918718053383,-53.2362699932069,R8,1.07766661879288,0.0580306094862761,0.941969390513724,0.504791845870094,0.440112705259217,3.7678775620549,0.2776721107291,0.544711262399846,0.56966811408197,0.449604766514488,0,0.492700334875333,0.433529568516958,4,2462.27981725681,R-G,1
27,16,0,0.492081395348837,0.449332558139535,4,0.26570886987555,0.545908068335004,-1.9406217131539,-65.1079264419834,R8,1,0,1,0.492081395348837,0.449332558139535,4,0.26570886987555,0.545908068335004,0.571882701545927,0.497564846051171,0,0.492372113391837,0.449350171741817,4,2573.82128851009,,1
28,0,15,0.5105,0.203106976744186,4,0.46237971313353,0.413914256014475,-6.57380232374544,-83.042740312691,R6,1,0,1,0.5105,0.203106976744186,4,0.46237971313353,0.413914256014475,1.31203153575727,0,0.223415259709069,0.5100039948521,0.202531512365062,4,1000.00008696779,,1
28,1,14,0.510148837209302,0.218886046511628,4,0.442997610974573,0.427666348264574,22.6195907876632,-62.4803806535488,R6,1.07369998357876,0.10947531822364,0.89052468177636,0.523182593607552,0.209289280277809,3.56209872710544,0.468685467239966,0.421849660053917,1.17400696713908,0,0.180325801445224,0.50973379775949,0.218326215741614,4,1000.00008696779,B-R,1
28,2,13,0.509797674418605,0.23466511627907,4,0.425151494875502,0.440328619512947,29.9643344154183,-50.8808227174844,R6,1.15912767412766,0.204228220849646,0.795771779150354,0.537883338837779,0.216455359393489,3.18308711660142,0.475824243238919,0.430833370953927,1.05454416289713,0,0.143031082331086,0.509463451231235,0.234129654562634,4,1079.11320895684,B-R,1
28,3,12,0.509446511627907,0.250444186046512,4,0.40866573887867,0.452025680823518,34.3910496057735,-39.343098290726,R6,1.25932435165311,0.287041435956407,0.712958564043593,0.555125591551771,0.224860331056214,2.85183425617437,0.483972785099317,0.441087810138064,0.950134708086086,0,0.110435821281029,0.50919295514333,0.249941836076986,4,1164.21894389828,B-R,1
28,4,11,0.509095348837209,0.266223255813954,4,0.393390508964953,0.462863843226754,37.4469777784507,-27.6645381550005,R6,1.37848236701709,0.360037961722183,0.639962038277817,0.575630788575711,0.234855869503749,2.55984815311127,0.493361642307969,0.452903109967667,0.85810196369282,0,0.0817044067354729,0.508922309371631,0.265762767541556,4,1251.22182432255,B-R,1
28,5,10,0.508744186046512,0.282002325581395,4,0.379197196062423,0.472934358115662,40.2582286144769,-16.0148690176803,R6,1.52254663013383,0.424865638025712,0.575134361974288,0.600421954241688,0.246940661924137,2.30053744789715,0.504297331268337,0.466665002500334,0.776368361986954,0,0.0561882493243887,0.508651513791859,0.281592456221263,4,1340.52992063065,B-R,1
28,6,9,0.508393023255814,0.297781395348837,4,0.365974786279356,0.482315992657368,43.5193157546563,-4.54190449717879,R6,1.70023728262672,0.482823036714641,0.517176963285359,0.630999686067363,0.261846195079712,2.06870785314144,0.517196433390885,0.48289772984122,0.703296686269784,0,0.0333762314886791,0.508380568279598,0.297430909389073,4,1432.45505675911,B-R,1
28,7,8,0.508041860465116,0.313560465116279,4,0.353626951392441,0.49107709416541,47.0772262533462,6.63473695602791,R6,1.92488310133561,0.534947341380618,0.465052658619382,0.669657654305248,0.280690549872998,1.86021063447753,0.532639870627029,0.502332346567156,0.63757927358917,0,0.0128601180223694,0.508109472710293,0.313278134326005,4,1527.20911941917,B-R,1
28,8,7,0.507690697674419,0.329339534883721,4,0.342069698187621,0.499277257951925,46.1063951535041,11.0773102769244,R6,2.01810119683148,0.534753934987236,0.465246065012764,0.685238075693022,0.309221381698891,1.86098426005106,0.513269605627356,0.521142023624625,0.596938125034316,0.0275953458248061,0,0.507820696655184,0.329115063029749,4,1624.8899587762,R-G,1
28,9,6,0.507339534883721,0.345118604651163,4,0.331229455304612,0.506968684759916,35.907531941814,2.07071902076224,R5,1.76185209328648,0.437403944662401,0.562596055337599,0.639931918849489,0.34208537027045,2.2503842213504,0.439426111781487,0.528529347242822,0.598574637344622,0.109332293465999,0,0.507494106913825,0.344915906502143,4,1725.46160476969,R-G,1
28,10,5,0.506988372093023,0.360897674418605,4,0.321041505443959,0.514197293152033,27.0624082873396,-12.0271001654516,R4,1.56334572449676,0.348566573830999,0.651433426169001,0.60483497390643,0.36754384386133,2.605733704676,0.39016223340338,0.533457719308019,0.600068047364446,0.183921880008311,0,0.507167455560599,0.360719730838147,4,1828.73360742206,R-G,1
28,11,4,0.506637209302326,0.376676744186047,4,0.311448692325508,0.521003636956279,19.4937077081187,-25.1488937273901,R4,1.40504096088525,0.267172036112822,0.732827963887178,0.576845879115308,0.38784645514925,2.93131185554871,0.354956647982536,0.53697969584416,0.601436338850896,0.252262318929264,0,0.506840742578069,0.376526536881358,4,1934.34647412573,R-G,1
28,12,3,0.506286046511628,0.392455813953488,4,0.302400347818115,0.527423666494656,12.9623272573573,-35.3500957445947,R4,1.27584825962925,0.192322592357738,0.807677407642262,0.554003946382005,0.404415439777368,3.23070963056905,0.32854310091525,0.539622114423348,0.602694603342921,0.31510736950161,0,0.506513967948791,0.392336325475694,4,2041.77067773619,R-G,1
28,13,2,0.50593488372093,0.40823488372093,4,0.293851396709921,0.533489363771313,7.25086342264468,-42.8782072511054,R4,1.16841333161168,0.123259300850599,0.876740699149401,0.535008899640768,0.418193986502842,3.5069627965976,0.307993682870731,0.541677883907622,0.603855599110507,0.373094253968792,0,0.506187131655317,0.408149097465391,4,2150.32440582538,R-G,1
28,14,1,0.505583720930233,0.424013953488372,4,0.285761605725721,0.539229275313742,2.05821719070389,-47.8107520777359,R4,1.07766661879288,0.0593361915761186,0.940663808423881,0.51896441500794,0.429832266956221,3.76265523369553,0.29155065185559,0.543322849293827,0.604930185300929,0.426765341335069,0,0.505860233680191,0.423964853695005,4,2259.21347944952,R-G,1
28,15,0,0.505232558139535,0.439793023255814,4,0.278094950384533,0.544668961403365,-3.26776820622961,-59.2590660459638,R8,1,0,1,0.505232558139535,0.439793023255814,4,0.278094950384533,0.544668961403365,0.605927662626164,0.476585163277544,0,0.505533274005948,0.439783595009407,4,2367.58754221675,,1
29,0,14,0.5233,0.209346511627907,4,0.468743197287768,0.421922309771429,-2.48161753716849,-69.6954975221359,R6,1,0,1,0.5233,0.209346511627907,4,0.468743197287768,0.421922309771429,1.31838834023928,0,0.202305981113111,0.522831500205351,0.208779883240001,4,1000.00008696779,,1
29,1,13,0.522948837209302,0.225125581395349,4,0.449306463021352,0.435201946938727,26.3152355874648,-53.2314306126343,R6,1.07369998357876,0.106441122541704,0.893558877458296,0.53692595339736,0.215988668779999,3.57423550983318,0.475364774867283,0.430255158243642,1.18374368359986,0,0.161890332524439,0.522564815455002,0.224578320921575,4,1000.00008696779,B-R,1
29,2,12,0.522597674418605,0.240904651162791,4,0.431394381162911,0.447439905472842,33.7320388677945,-42.5150351640683,R6,1.15912767412766,0.198938621408202,0.801061378591797,0.552720173066613,0.223687776950894,3.20424551436719,0.482850184805104,0.439675086654241,1.0667372703125,0,0.12676907186642,0.522297983192805,0.240385497223314,4,1051.8475429186,B-R,1
29,3,11,0.522246511627907,0.256683720930233,4,0.414834327473173,0.458754126342273,37.4740082896107,-32.9343675845351,R6,1.25932435165311,0.280063957812361,0.719936042187639,0.57124494325293,0.232717929278272,2.87974416875056,0.491380262439786,0.450409665164039,0.964116283197148,0,0.0959658164191316,0.522031003296337,0.25620141939764,4,1134.23106604148,B-R,1
29,4,10,0.521895348837209,0.272462790697674,4,0.399478789788338,0.469245393350832,40.1920819579803,-22.8061047245419,R6,1.37848236701709,0.351792911394844,0.648207088605156,0.59327536287353,0.243456958319346,2.59282835442062,0.501190104426068,0.462754748465778,0.873381423439965,0,0.0687303635002001,0.521763875643036,0.272026094705,4,1218.16492806416,B-R,1
29,5,9,0.521544186046512,0.288241860465116,4,0.385200961868774,0.479000343524562,42.4591082931074,-12.4121638508588,R6,1.52254663013383,0.415668625610242,0.584331374389758,0.619910551107401,0.256440644734949,2.33732549755903,0.512591071262715,0.477102164613316,0.792580663331855,0,0.0444767822015961,0.521496600110209,0.28785953041388,4,1304.03656437021,B-R,1
29,6,8,0.521193023255814,0.304020930232558,4,0.371891233517056,0.488093865146221,45.1881766640076,-1.97045714976738,R6,1.70023728262672,0.472913879545953,0.527086120454047,0.652762723284985,0.272454884915264,2.10834448181619,0.526004440924128,0.493982066048907,0.720167225965197,0,0.0227407838281432,0.521229176575023,0.303701733800817,4,1392.14052910858,B-R,1
29,7,7,0.520841860465116,0.3198,4,0.359454371241339,0.496591023992835,48.256812856128,8.35265007263303,R6,1.92488310133561,0.524510122501637,0.475489877498363,0.694296158002344,0.292700925130867,1.90195950999345,0.542014608290397,0.514129877816698,0.654899608988211,0,0.00314971250159268,0.520961604914512,0.319552712150408,4,1482.68082819558,B-R,1
29,8,6,0.520490697674419,0.335579069767442,4,0.347807235993016,0.504548622631379,39.6703482256627,1.88085881539294,R6,1.76185209328648,0.449838063963333,0.550161936036667,0.663102322541431,0.325278120766587,2.20064774414667,0.475586539414684,0.524911848026758,0.643951022180907,0.0708010581857281,0,0.520646106161521,0.335361651310631,4,1575.76362314091,R-G,1
29,9,5,0.520139534883721,0.351358139534884,4,0.336876922289064,0.51201647181446,29.6488852706408,-9.09048824800981,R4,1.56334572449676,0.358030316423562,0.641969683576438,0.625394788027428,0.352630252787178,2.56787873430575,0.418270173570638,0.530645793172863,0.643447180319572,0.149146177513598,0,0.520320715105764,0.351163616730499,4,1671.3843119113,R-G,1
29,10,4,0.519788372093023,0.367137209302326,4,0.326599230659638,0.5190384341403,21.0622751724716,-24.657876127701,R4,1.40504096088525,0.274114119055863,0.725885880944137,0.595323801519508,0.374443017889828,2.90354352377655,0.377823324183756,0.53469210721078,0.642986647366626,0.220756958438872,0,0.519995262662205,0.366968563326157,4,1769.412983532,R-G,1
29,11,3,0.519437209302326,0.382916279069767,4,0.316917405783057,0.525653286188799,13.7117072128653,-36.9428370370312,R4,1.27584825962925,0.197113895780986,0.802886104219014,0.570782834540618,0.3922444407983,3.21154441687606,0.347753769497094,0.537700273806866,0.642564069350525,0.286465919200921,0,0.519669748813469,0.382776491941321,4,1869.58355075221,R-G,1
29,12,2,0.519086046511628,0.398695348837209,4,0.307781087914111,0.531895434930541,7.32267458943504,-46.3355063229439,R4,1.16841333161169,0.126208511077497,0.873791488922503,0.550374893571615,0.407047866767327,3.49516595569001,0.324521888393482,0.540024397640037,0.642174939871097,0.346973784543951,0,0.519344173542176,0.398587403420027,4,1971.49023628673,R-G,1
29,13,1,0.51873488372093,0.414474418604651,4,0.299145436696332,0.537795516359013,1.60035209680246,-52.9766738018778,R4,1.07766661879288,0.0607018721682124,0.939298127831788,0.533136984145786,0.419551828653225,3.75719251132715,0.306033502354725,0.541873980910454,0.64181543876403,0.40287457265437,0,0.519018536830941,0.414401298606626,4,2074.59818971235,R-G,1
29,14,0,0.518383720930233,0.430253488372093,4,0.29097039517697,0.543380898332995,-4.01001329533349,-56.8005652611732,R4,1,-1.80163028712718e-16,1,0.518383720930233,0.430253488372093,4,0.29097039517697,0.543380898332995,0.641482306266182,0.454675161884418,0,0.518692838662368,0.430218178345791,4,2178.26847981077,,1
30,0,13,0.5361,0.215586046511628,4,0.474967780617685,0.429755565376758,1.02241167276652,-56.36516916507,R6,1,0,1,0.5361,0.215586046511628,4,0.474967780617685,0.429755565376758,1.32437718488386,0,0.182418600523085,0.535662264506692,0.215029841572186,4,1000.00008696779,,1
30,1,12,0.535748837209302,0.23136511627907,4,0.455483169393505,0.442579704414018,30.0026070033804,-43.8981654577137,R6,1.07369998357876,0.103570581347585,0.896429418652415,0.550669313187168,0.22268805728219,3.58571767460966,0.481889463636771,0.438466078102482,1.19295523375219,0,0.144449211872564,0.535399093892374,0.230832014946751,4,1000.00008696779,B-R,1
30,2,11,0.535397674418605,0.247144186046512,4,0.437511580551705,0.454408021200843,37.3923042057331,-34.359918355261,R6,1.15912767412766,0.193916110104772,0.806083889895228,0.567557007295447,0.2309201945083,3.22433555958091,0.48970300503317,0.448298939789247,1.07831471024828,0,0.111328180305635,0.535135777691486,0.246642930118754,4,1026.04516682521,B-R,1
30,3,10,0.535046511627907,0.262923255813953,4,0.420883366627884,0.465352172195026,40.4361271105709,-26.6093201155905,R6,1.25932435165311,0.273417650208138,0.726582349791862,0.58736429495409,0.240575527500331,2.90632939916745,0.49859264853804,0.459486009850504,0.977434253825111,0,0.0821825982762248,0.534872315783189,0.262462594344174,4,1105.97365731643,B-R,1
30,4,9,0.534695348837209,0.278702325581395,4,0.405453328666038,0.475507722639232,42.8688552475083,-17.9457223641029,R6,1.37848236701709,0.343917038318024,0.656082961681976,0.610919937171349,0.252058047134943,2.62433184672791,0.508797140069539,0.47232773535275,0.887976735884801,0,0.0563372411107112,0.534608708046505,0.278291014887024,4,1187.15129091564,B-R,1
30,5,8,0.534344186046512,0.294481395348837,4,0.391096465173439,0.484956944460993,44.6535232826106,-8.74796518274796,R6,1.52254663013383,0.406861349732962,0.593138650267038,0.639399147973114,0.26594062754576,2.37255460106815,0.520631490421821,0.487220538022272,0.808105945249488,0,0.0332616052268832,0.534344954360327,0.294128199019359,4,1269.95132405182,B-R,1
30,6,7,0.533993023255814,0.310260465116279,4,0.377704578259743,0.493771050001851,46.871395997354,0.704572439320927,R6,1.70023728262672,0.46340328125778,0.53659671874222,0.674525760502607,0.283063574750817,2.14638687496888,0.53452007078623,0.504698462924762,0.736359211137736,0,0.0125331073736938,0.534081054603409,0.30997415402129,4,1354.65609048626,B-R,1
30,7,6,0.533641860465116,0.326039534883721,4,0.365183541866261,0.502011989980234,44.4843644402026,2.62285312383092,R6,1.76185209328648,0.462999798796301,0.537000201203699,0.686272726233373,0.308470871262724,2.1480008048148,0.51511293238732,0.520957616703978,0.691982726754397,0.0300150652841151,0,0.533796511561514,0.325808553968006,4,1441.46397301123,R-G,1
30,8,5,0.533290697674419,0.341818604651163,4,0.353451086139782,0.509733911744737,33.4736739471085,-7.09213444506497,R6,1.56334572449676,0.368022290665098,0.631977709334902,0.645954602148426,0.337716661713025,2.52791083733961,0.448525797840597,0.527619012124024,0.689247578509652,0.112429421942545,0,0.533472380500158,0.341608660806237,4,1530.48728615633,R-G,1
30,9,4,0.532939534883721,0.357597674418605,4,0.342434987649783,0.516984350414438,23.6856025961594,-22.2541784702847,R4,1.40504096088525,0.281426586076531,0.718573413923469,0.613801723923708,0.361039580630406,2.87429365569388,0.402171755419427,0.53225628339252,0.686753808204786,0.187570678261793,0,0.533148188292414,0.357411748288969,4,1621.74439009722,R-G,1
30,10,3,0.532588372093023,0.373376744186047,4,0.332071581288756,0.523805208297838,15.3442151697162,-36.9141638727805,R4,1.27584825962925,0.202150028625756,0.797849971374244,0.58756172269923,0.380073441819232,3.19139988549697,0.368045100305446,0.535670323441325,0.684470813617674,0.256360927753021,0,0.532823934920978,0.373217817259716,4,1715.15005375069,R-G,1
30,11,2,0.532237209302326,0.389155813953488,4,0.322304529067147,0.530233565232087,8.17932013299303,-48.3523647641681,R4,1.16841333161169,0.129302311686089,0.870697688313911,0.565740887502461,0.395901747031813,3.48279075325565,0.341871519991241,0.538288735679937,0.68237295582964,0.319572711719016,0,0.532499620368538,0.389026868562312,4,1810.50700004283,R-G,1
30,12,1,0.531886046511628,0.40493488372093,4,0.313083795510126,0.536302352943592,1.85415235423809,-56.8452931236198,R4,1.07766661879288,0.0621318986992307,0.937868101300769,0.547309553283632,0.409271390350229,3.75147240520308,0.321161010571713,0.540360620790074,0.680438592201927,0.377858157207286,0,0.532175244617778,0.404838903040907,4,1907.50265952966,R-G,1
30,13,0,0.53153488372093,0.420713953488372,4,0.304364790309758,0.542040919326552,-4.14156459580075,-62.3447172248169,R4,1,0,1,0.53153488372093,0.420713953488372,4,0.304364790309758,0.542040919326552,0.67864932696415,0.431771557969393,0,0.531850807651374,0.420653921539971,4,2005.71473489248,,1
31,0,12,0.5489,0.221825581395349,4,0.481057961872365,0.437419684229728,4.09869221649903,-45.7731490223084,R3,1,0,1,0.5489,0.221825581395349,4,0.481057961872365,0.437419684229728,1.33002911973798,0,0.163650008885684,0.54849628899823,0.221281387966657,4,1000.00008696779,,1
31,1,11,0.548548837209302,0.237604651162791,4,0.461531838958112,0.449804528520443,33.6711801427317,-34.4993406936977,R6,1.07369998357876,0.100850801864805,0.899149198135195,0.564412672976976,0.22938744578438,3.59659679254078,0.488264841010209,0.446489098744933,1.2016829904415,0,0.127924104271662,0.54823663431474,0.237087298422879,4,1000.00008696779,B-R,1
31,2,10,0.548197674418605,0.253383720930233,4,0.443506850861473,0.461237247237783,40.9458531423633,-26.4273807152043,R6,1.15912767412766,0.189140955927257,0.810859044072743,0.582393841524281,0.238152612065706,3.24343617629097,0.496389024693934,0.456712884660595,1.08932196485346,0,0.0966477478712347,0.547976835971441,0.252901953855386,4,1001.55624163837,B-R,1
31,3,9,0.547846511627907,0.269162790697674,4,0.426816298355054,0.471823572788726,43.2936301727699,-20.3844271969496,R6,1.25932435165311,0.267079482284271,0.732920517715729,0.60348364665525,0.24843312572239,2.93168207086292,0.505617550417999,0.468326417169593,0.990134769550794,0,0.0690384050905915,0.547716893849079,0.268725361523721,4,1079.2598435965,B-R,1
31,4,8,0.547495348837209,0.284941860465116,4,0.411317283509518,0.481654141118363,45.4573626501566,-13.1021209097007,R6,1.37848236701709,0.336386090235532,0.663613909764468,0.628564511469167,0.260659135950541,2.65445563905787,0.516192012735182,0.481633728170043,0.901932844521605,0,0.0444868772989983,0.547456807828261,0.28455752869546,4,1157.94776716948,B-R,1
31,5,7,0.547144186046512,0.300720930232558,4,0.39688660816405,0.490807093189202,46.8276141412292,-5.04201453690959,R6,1.52254663013383,0.398419550944519,0.601580449055481,0.658887744838827,0.275440610356572,2.40632179622192,0.528430020169775,0.497034508471971,0.822986971790351,0,0.0225118264398303,0.547196577789468,0.300398462646233,4,1237.98423821109,B-R,1
31,6,6,0.546793023255814,0.3165,4,0.383417492288713,0.499350156427214,48.5471471889962,3.46319589142745,R6,1.70023728262672,0.454267670077247,0.545732329922753,0.696288797720229,0.293672264586369,2.18292931969101,0.54275764330797,0.515064941725054,0.751912773205563,0,0.00272790266217836,0.546936203613044,0.316248170659725,4,1319.64318398926,B-R,1
31,7,5,0.546441860465116,0.332279069767442,4,0.370816927192242,0.507342323504115,38.4200998941707,-6.65431621997492,R6,1.56334572449676,0.378587992207009,0.62141200779299,0.666514416269425,0.322803070638872,2.48564803117196,0.481185035613152,0.524351772913308,0.737677781198272,0.0736044338497603,0,0.546622452033575,0.33205486285482,4,1403.11932078565,R-G,1
31,8,4,0.546090697674419,0.348058139534884,4,0.359003524768551,0.514835216496926,27.5423612049161,-17.5177551729409,R4,1.40504096088525,0.289139891499215,0.710860108500785,0.632279646327909,0.347636143370985,2.84344043400314,0.428150790416785,0.529657333521397,0.732920099016662,0.152565267074973,0,0.546299519758573,0.347856091559172,4,1488.52975086856,R-G,1
31,9,3,0.545739534883721,0.363837209302326,4,0.347905757609901,0.52187420313232,18.0055752530132,-35.0000169761669,R4,1.27584825962925,0.207450248615676,0.792549751384324,0.604340610857843,0.367902442840164,3.1701990055373,0.389510918439859,0.53352287703773,0.728575083803441,0.224677276350897,0,0.545976526561277,0.363660301220176,4,1575.91028912761,R-G,1
31,10,2,0.545388372093023,0.379616279069767,4,0.337460509550016,0.528499316134407,9.88627454251722,-48.7651828292903,R4,1.16841333161169,0.132551603091341,0.867448396908659,0.581106881433308,0.384755627296299,3.46979358763464,0.360105373486372,0.536464615915826,0.724591277010248,0.290794493052469,0,0.545653472424445,0.379467492681462,4,1665.20915545073,R-G,1
31,11,1,0.545037209302326,0.395395348837209,4,0.32761187457802,0.534746015038225,2.84582474994795,-59.2972062841505,R4,1.07766661879288,0.0636309285102193,0.936369071489781,0.561482122421478,0.398990952047232,3.74547628595912,0.336977198568428,0.538778364953401,0.72092543432824,0.351634620996011,0,0.545330357330828,0.395277666786982,4,1756.2809838544,R-G,1
31,12,0,0.544686046511628,0.411174418604651,4,0.318310155849186,0.540645821087717,-3.63296623159019,-66.6594771467836,R4,1,0,1,0.544686046511628,0.411174418604651,4,0.318310155849186,0.540645821087717,0.717540949555764,0.407805194706393,0,0.545007181263173,0.411090824381003,4,1848.8840525578,,1
32,0,11,0.5617,0.22806511627907,4,0.48701804760066,0.44492008585742,6.55075997382546,-44.0295382846005,R8,1,0,1,0.5617,0.22806511627907,4,0.48701804760066,0.44492008585742,1.33537179690939,0,0.145908380811589,0.561333574922705,0.227534523028762,4,1000.00008696779,,1
32,1,10,0.561348837209302,0.243844186046512,4,0.467456411984453,0.456881125706617,37.3056712055989,-25.0516541841979,R6,1.07369998357876,0.0982702109288927,0.901729789071107,0.578156032766784,0.23608683428657,3.60691915628443,0.494495974284759,0.454330597053074,1.20996409188589,0,0.112244692334083,0.561077437965867,0.243344171956002,4,1000.00008696779,B-R,1
32,2,9,0.560997674418605,0.259623255813954,4,0.449383801586999,0.467931695167376,43.9028936653225,-19.3246926648216,R6,1.15912767412766,0.184595324648008,0.815404675351992,0.597230675753115,0.245385029623112,3.26161870140797,0.502914260557453,0.464924493003653,1.09980014398065,0,0.0826729461400266,0.560821159277466,0.259162569039953,4,1000.00008696779,B-R,1
32,3,8,0.560646511627907,0.275402325581395,4,0.432636433788561,0.478171939773523,46.0588669658971,-14.2734087988754,R6,1.25932435165311,0.261028510336518,0.738971489663482,0.61960299835641,0.256290723944449,2.95588595865393,0.512462184692438,0.476939968785006,1.00225979768214,0,0.0564898034761405,0.560564738739832,0.274989721543719,4,1053.931201328,B-R,1
32,4,7,0.560295348837209,0.291181395348837,4,0.41707369640126,0.487687837406227,47.9374676413139,-8.29136604512264,R6,1.37848236701709,0.329177893633862,0.670822106366138,0.646209085766986,0.269260224766138,2.68328842546455,0.523383476301951,0.490683743136374,0.91529084058617,0,0.0331443808137633,0.560308176235162,0.290825636738449,4,1130.35883106147,B-R,1
32,5,6,0.559944186046512,0.306960465116279,4,0.402574190215201,0.496553618094905,48.9634484004632,-1.31145223481826,R6,1.52254663013383,0.390320942266906,0.609679057733094,0.67837634170454,0.284940593167384,2.43871623093237,0.535997414313452,0.506557608967517,0.837263029973664,0,0.0121990656232102,0.560051471645523,0.306670321903342,4,1207.89459001536,B-R,1
32,6,5,0.559593023255814,0.322739534883721,4,0.389032555861033,0.504833704244719,44.6497338365843,-2.66808875094245,R6,1.56334572449676,0.38977829574239,0.610221704257609,0.687074230390422,0.307889479564719,2.44088681703044,0.516546162211303,0.520814235994621,0.788970983662487,0.0324842678302648,0,0.559770929995738,0.322502222665757,4,1286.80708079461,R-G,1
32,7,4,0.559241860465116,0.338518604651163,4,0.376356909439207,0.512584278631259,32.5816719344926,-15.6629412441542,R6,1.40504096088525,0.29728792248875,0.70271207751125,0.650757568732109,0.334232706111563,2.810848310045,0.455929905274028,0.526878303161514,0.781688343964003,0.115586934243389,0,0.559449257350489,0.338301592926194,4,1367.28886859458,R-G,1
32,8,3,0.558890697674419,0.354297674418605,4,0.364466754880513,0.51985456089599,21.8813531358044,-30.7973260479579,R4,1.27584825962925,0.213035887546423,0.786964112453577,0.621119499016455,0.355731443861096,3.14785644981431,0.412256234130109,0.531247429343548,0.775054386366422,0.191287447801038,0,0.559127524024256,0.354103943612047,4,1449.46120702535,R-G,1
32,9,2,0.558539534883721,0.370076744186047,4,0.353291272747064,0.526687853865695,12.5917682607652,-47.3108116638375,R4,1.16841333161168,0.135968409636059,0.864031590363941,0.596472875364155,0.373609507560785,3.45612636145576,0.37929281283649,0.534545099158131,0.768986136727588,0.26053263173518,0,0.558805729999868,0.369909275566746,4,1533.37339453597,R-G,1
32,10,1,0.558188372093023,0.385855813953488,4,0.342767908591797,0.533122406705667,4.65036694390001,-60.1536664857466,R4,1.07766661879288,0.0652040795170354,0.934795920482965,0.575654691559324,0.388710513744236,3.73918368193186,0.353530189977284,0.537122399098892,0.763414193382218,0.324114432877906,0,0.558483875260145,0.385717589634038,4,1618.99929243831,R-G,1
32,11,0,0.557837209302326,0.40163488372093,4,0.332841201430883,0.539192131254909,-2.43909583863184,-69.5889555063453,R4,1,-1.9300059512059e-16,1,0.557837209302326,0.40163488372093,4,0.332841201430883,0.539192131254909,0.758280061025636,0.38270034488433,0,0.558161959787903,0.401528886657991,4,1706.23338839383,,1
33,0,10,0.5745,0.234304651162791,4,0.49285216230694,0.452261960695122,8.2162634533514,-47.7754404552926,R8,1,0,1,0.5745,0.234304651162791,4,0.49285216230694,0.452261960695122,1.34042992300239,0,0.129111672155123,0.574174123523486,0.233789247364154,4,1000.00008696779,,1
33,1,9,0.574148837209302,0.250083720930233,4,0.47326066870373,0.463814011263912,40.8771795600978,-15.5699985299828,R6,1.07369998357876,0.0958183903671994,0.904181609632801,0.591899392556592,0.24278622278876,3.6167264385312,0.500587704025429,0.461996664580504,1.21783196994136,0,0.0973476762867832,0.573921506090154,0.249602636152472,4,1000.00008696779,B-R,1
33,2,8,0.573797674418605,0.265862790697674,4,0.455145901144907,0.474495315870883,46.8419196688544,-12.1970747062097,R6,1.15912767412766,0.180263056245609,0.819736943754391,0.612067509981949,0.252617447180518,3.27894777501756,0.509284443452223,0.472940976713913,1.1097864982533,0,0.0693540937627401,0.57366874885499,0.265424776279504,4,1000.00008696779,B-R,1
33,3,7,0.573446511627907,0.281641860465116,4,0.438346959345951,0.484400748764059,48.7390387755304,-8.28760504307832,R6,1.25932435165311,0.255245646620163,0.744754353379837,0.635722350057569,0.264148322166508,2.97901741351935,0.519133402291778,0.485335286171672,1.01384758652764,0,0.0444972089650794,0.573415851701909,0.28125567501192,4,1029.8523251299,B-R,1
33,4,6,0.573095348837209,0.297420930232558,4,0.422725498857121,0.493611884228267,50.2923748144811,-3.52717734524281,R6,1.37848236701709,0.322272135694526,0.677727864305474,0.663853660064805,0.277861313581735,2.7109114572219,0.530379809600369,0.499488198651201,0.928088367134643,0,0.0222777883103549,0.573162814514699,0.29709533962444,4,1104.21893953215,B-R,1
33,5,5,0.572744186046512,0.3132,4,0.408161912401307,0.50219924824491,51.0329075765678,2.42892630059659,R6,1.52254663013383,0.382545012716711,0.617454987283289,0.697864938570253,0.294440575978196,2.46981994913315,0.543343798517951,0.51580258203619,0.850970276132475,0,0.00229720410967282,0.572909637177018,0.312943777399839,4,1179.48037190554,B-R,1
33,6,4,0.572393023255814,0.328979069767442,4,0.39455226159532,0.510224127690987,38.7542043093026,-12.0917272054638,R6,1.40504096088525,0.305908496767519,0.694091503232481,0.669235491136309,0.320829268852141,2.77636601292992,0.48570290485614,0.523899804020391,0.833284892695058,0.0764640510230035,0,0.572597401357898,0.328748252179515,4,1255.90249203791,R-G,1
33,7,3,0.572041860465116,0.344758139534884,4,0.381805792480858,0.517740035296912,26.9754572223317,-24.3936527819233,R6,1.27584825962925,0.218930638235922,0.781069361764078,0.637898387175068,0.343560444882028,3.12427744705631,0.436398960696806,0.528832184277461,0.824105874338971,0.156049811192796,0,0.572276927599734,0.344548744224729,4,1333.67704676161,R-G,1
33,8,2,0.571690697674419,0.360537209302326,4,0.369842909251752,0.524793904430632,16.4839642859656,-43.6030931560393,R4,1.16841333161169,0.139566028282182,0.860433971717818,0.611838869295001,0.36246338782527,3.44173588687127,0.399510651935936,0.532522500923546,0.815730303545579,0.22866935966619,0,0.571956393384708,0.36035221700748,4,1412.92901881386,R-G,1
33,9,1,0.571339534883721,0.376316279069767,4,0.358593510531156,0.53142707010553,7.4164767434421,-59.1515515448789,R4,1.07766661879288,0.0668569885877014,0.933143011412299,0.58982726069717,0.37843007544124,3.73257204564919,0.370872699076359,0.535387449675537,0.808057113824926,0.29519898333126,0,0.571635798695712,0.376158671371313,4,1493.71849488586,R-G,1
33,10,0,0.570988372093023,0.392095348837209,4,0.347995614709574,0.537676079544689,-0.476935977421288,-70.9325914090308,R4,1,1.97696228249602e-16,1,0.570988372093023,0.392095348837209,4,0.347995614709574,0.537676079544689,0.801001507537997,0.356373911631918,0,0.571315143515629,0.391968108160093,4,1576.0393948327,,1
34,0,9,0.5873,0.240544186046512,4,0.498564257969627,0.459450282064823,9.42849208776995,-51.4918457095929,R8,1,0,1,0.5873,0.240544186046512,4,0.498564257969627,0.459450282064823,1.34522564113848,0,0.113186351423814,0.587017936044576,0.240045561578797,4,1000.00008696779,,1
34,1,8,0.586948837209302,0.256323255813953,4,0.478948237352528,0.470607518933967,44.3159586708412,-6.06768599092759,R6,1.07369998357876,0.0934859364222785,0.906514063577721,0.605642752346401,0.249485611290951,3.62605625431089,0.506544656605977,0.469493123334295,1.22531680121139,0,0.0831759198418189,0.586768839932634,0.255862691618949,4,1000.00008696779,B-R,1
34,2,7,0.586597674418605,0.272102325581395,4,0.460796483699569,0.480931907302516,49.7952978314952,-5.00428463019965,R6,1.15912767412766,0.176129472950107,0.823870527049893,0.626904344210783,0.259849864737924,3.29548210819957,0.515505035052129,0.480769208972324,1.1193148615425,0,0.0566460663303829,0.586519605950075,0.271688576181398,4,1000.00008696779,B-R,1
34,3,6,0.586246511627907,0.287881395348837,4,0.443950942545577,0.490513345684578,51.3360699995218,-2.43628600670948,R6,1.25932435165311,0.249713458219886,0.750286541780114,0.651841701758729,0.272005920388567,3.00114616712046,0.525637711336786,0.493520559399638,1.02493306842384,0,0.0330244689010722,0.586270233982405,0.287523222536382,4,1006.90627309171,B-R,1
34,4,5,0.585895348837209,0.303660465116279,4,0.428275516804376,0.499429243635195,52.5098409947678,1.1788242184532,R6,1.37848236701709,0.315650173128713,0.684349826871287,0.681498234362624,0.286462402397333,2.73739930748515,0.537188848205624,0.508056955304384,0.940359973304946,0,0.011857763541513,0.586020723915001,0.303366637962193,4,1079.38641004937,B-R,1
34,5,4,0.585544186046512,0.319439534883721,4,0.413652381773824,0.507746617708667,46.8690369687587,-4.29940647029099,R6,1.40504096088525,0.315043949513537,0.684956050486463,0.68771341354051,0.30742583159272,2.73982420194585,0.517692450877559,0.520699560958318,0.887963133093857,0.035004487032228,0,0.585743952070467,0.319196069108665,4,1152.5702559978,R-G,1
34,6,3,0.585193023255814,0.335218604651163,4,0.399979018161212,0.51552377901991,33.1114652869838,-21.1849758367543,R6,1.27584825962925,0.225160890470102,0.774839109529898,0.654677275333681,0.33138944590296,3.09935643811959,0.462071959187653,0.526263850383385,0.875949142804131,0.118806613682025,0,0.58542473757746,0.334994702847673,4,1226.7231318356,R-G,1
34,7,2,0.584841860465116,0.350997674418605,4,0.387165805039212,0.522811702327472,21.6069341545245,-37.1048018267885,R4,1.16841333161168,0.143359201549172,0.856640798450828,0.627204863225848,0.351317268089756,3.42656319380331,0.420844182399957,0.530388288615211,0.865015328280703,0.195074105777576,0,0.585105462868799,0.350796316793034,4,1302.03703330366,R-G,1
34,8,1,0.584490697674419,0.366776744186046,4,0.375134053209329,0.529655144620744,11.3333207725955,-55.9196327301262,R4,1.07766661879288,0.0685958790298105,0.93140412097019,0.603999829835016,0.368149637138243,3.72561648388076,0.389062591555546,0.533567727783661,0.85502227908618,0.264779403852707,0,0.584786127927443,0.366600911788094,4,1378.64053442444,R-G,1
34,9,0,0.584139534883721,0.382555813953488,4,0.3638143877452,0.536093565100006,2.39820996639675,-70.4209801953293,R4,1,0,1,0.584139534883721,0.382555813953488,4,0.3638143877452,0.536093565100006,0.845853585526461,0.32873450955658,0,0.584466732736348,0.382408488676516,4,1456.6025832137,,1
35,0,8,0.6001,0.246783720930233,4,0.504158122968684,0.466489817409899,10.4570638212005,-55.1768831746197,R8,1,3.14104071723769e-16,1,0.6001,0.246783720930233,4,0.504158122968684,0.466489817409899,1.34977885502437,0,0.0980663236337311,0.599865013730609,0.24630346627896,4,1000.00008696779,,1
35,1,7,0.599748837209302,0.262562790697674,4,0.484522601735994,0.477265809942509,47.4603429473308,3.44334680686664,R6,1.07369998357876,0.0912643392192099,0.90873566078079,0.619386112136209,0.256184999793141,3.63494264312316,0.512371255926532,0.476825540520902,1.23244589383555,0,0.0696777178519011,0.59961944073897,0.262124338962403,4,1000.00008696779,B-R,1
35,2,6,0.599397674418605,0.278341860465116,4,0.466338755596487,0.487245121817726,52.7564715479075,2.24284766714533,R6,1.15912767412766,0.172181213106305,0.827818786893695,0.641741178439617,0.26708228229533,3.31127514757478,0.521581243494485,0.488415743899647,1.12841603393035,0,0.0445077856140604,0.599373731809418,0.277953969353305,4,1000.00008696779,B-R,1
35,3,5,0.599046511627907,0.294120930232558,4,0.449451337501156,0.496512952762157,53.6848377799263,3.27253826712415,R6,1.25932435165311,0.244415991520507,0.755584008479493,0.667961053459889,0.279863518610625,3.02233603391797,0.531981298315723,0.501503573784204,1.03554821146359,0,0.0220384984238783,0.599127886829047,0.293792364725474,4,1000.00008696779,B-R,1
35,4,4,0.598695348837209,0.3099,4,0.433726475293214,0.505142771941441,54.5715960984525,5.81697048686851,R6,1.37848236701709,0.309294864105515,0.690705135894485,0.699142808660443,0.29506349121293,2.76282054357794,0.543818013711056,0.516399352715068,0.952137425781936,0,0.00185733288712367,0.598881905684829,0.309639532360777,4,1055.73911489446,B-R,1
35,5,3,0.598344186046512,0.325679069767442,4,0.419048115417064,0.513198269656114,41.0098473835065,-13.9379999676336,R6,1.27584825962925,0.231756125990221,0.768243874009779,0.671456163492293,0.319218446923893,3.07297549603912,0.489425484532776,0.523527396116409,0.930829515670028,0.0793816193361741,0,0.598570954247112,0.325441819270379,4,1127.01776658629,R-G,1
35,6,2,0.597993023255814,0.341458139534884,4,0.405315153784013,0.520734931925206,27.7184341280673,-29.9380943841417,R6,1.16841333161169,0.147364319441349,0.85263568055865,0.642570857156695,0.340171148354242,3.4105427222346,0.44338837632706,0.528132961198032,0.917054167661136,0.159601707610988,0,0.598252938741899,0.341241574712829,4,1199.09382150783,R-G,1
35,7,1,0.597641860465116,0.357237209302326,4,0.392439103724099,0.527801320316473,16.4756987970104,-49.9505886384352,R4,1.07766661879288,0.0704276388908905,0.929572361109109,0.618172398972861,0.357869198835247,3.71828944443644,0.408163529541061,0.531656864646488,0.90449572635537,0.232735197196316,0,0.597934863245182,0.357044310673722,4,1272.16063514504,R-G,1
35,8,0,0.597290697674419,0.373016279069767,4,0.380342187276711,0.534440119447898,6.37413615433269,-67.6916927775611,R4,1,0,1,0.597290697674419,0.373016279069767,4,0.380342187276711,0.534440119447898,0.892999761582952,0.299681404889384,0,0.597616727739986,0.372850027996518,4,1346.35026285411,,1
36,0,7,0.6129,0.253023255813954,4,0.509637390464422,0.473385138839336,11.3995358771751,-58.8289997321097,R8,1,0,1,0.6129,0.253023255813954,4,0.509637390464422,0.473385138839336,1.35410750507099,0,0.0836920133907221,0.612715357826854,0.252562962071224,4,1000.00008696779,,1
36,1,6,0.612548837209302,0.268802325581395,4,0.489987108343859,0.483792881499078,50.1776133377157,12.2295584813783,R8,1.07369998357876,0.0891458790200042,0.910854120979996,0.633129471926017,0.262884388295331,3.64341648391998,0.518071734370309,0.483999242334509,1.23924402040857,0,0.0568061659625839,0.612473309755463,0.268387578790111,4,1000.00008696779,B-R,1
36,2,5,0.612197674418605,0.284581395348837,4,0.471775801429243,0.493438473084075,55.7178593830571,9.53455473694322,R6,1.15912767412766,0.168406086892656,0.831593913107344,0.656578012668452,0.274314699852735,3.32637565242938,0.527518037923055,0.495886834857941,1.13711811429374,0,0.0329017759962406,0.612231127680349,0.2842209564032,4,1000.00008696779,B-R,1
36,3,4,0.611846511627907,0.300360465116279,4,0.454850990114416,0.502402674190637,55.9392809250187,9.01462769446836,R6,1.25932435165311,0.239338618555855,0.760661381444145,0.684080405161049,0.287721116832684,3.04264552577658,0.538170047710777,0.509291734584588,1.04572232738435,0,0.0115089618252073,0.611988811490201,0.300063102187873,4,1000.00008696779,B-R,1
36,4,3,0.611495348837209,0.316139534883721,4,0.439081002958177,0.510755224401497,50.1310567583207,-1.72171383601001,R6,1.27584825962925,0.238749384992809,0.761250615007191,0.688235051650906,0.307047447944825,3.04500246002876,0.518630128322308,0.520605755446511,0.989021927516298,0.0375773204911816,0,0.611715577898298,0.315890093282398,4,1033.17103270728,R-G,1
36,5,2,0.611144186046512,0.331918604651163,4,0.424351544295867,0.518556660245221,35.415784013819,-23.1650813918373,R6,1.16841333161169,0.151599656196287,0.848400343803713,0.657936851087542,0.329025028618728,3.39360137521485,0.467249299809126,0.525745907790741,0.972084260418883,0.122090314492158,0,0.611398821293699,0.331687990556336,4,1102.69652498085,R-G,1
36,6,1,0.610793023255814,0.347697674418605,4,0.410562919575213,0.525859784792941,22.574519072609,-40.563227725707,R4,1.07766661879288,0.0723599121484013,0.927640087851599,0.632344968110707,0.347588760532251,3.71056035140639,0.428245716028059,0.529647837136901,0.956683909504412,0.198932642125712,0,0.611082004938702,0.347488867817587,4,1172.86452900309,R-G,1
36,7,0,0.610441860465116,0.363476744186047,4,0.397627775926319,0.532710864362105,11.556573763951,-62.2611484061704,R4,1,0,1,0.610441860465116,0.363476744186047,4,0.397627775926319,0.532710864362105,0.942620663180039,0.269103288733083,0,0.610765128816398,0.363292725909411,4,1243.87056170881,,1
37,0,6,0.6257,0.259262790697674,4,0.515005546266582,0.480140633030482,12.2903223812684,-62.4469170665558,R8,1,0,1,0.6257,0.259262790697674,4,0.515005546266582,0.480140633030482,1.35822780464131,0,0.0700095803735143,0.625568969579211,0.258824049562475,4,1000.00008696779,,1
37,1,5,0.625348837209302,0.275041860465116,4,0.495344973049844,0.490192574799117,52.5730559615594,9.54445995794687,R8,1.07369998357876,0.0871235365993099,0.91287646340069,0.646872831715825,0.269583776797522,3.65150585360276,0.52365014305644,0.491019326859595,1.24573370558417,0,0.0445186160639834,0.625330448229043,0.27465241170966,4,1000.00008696779,B-R,1
37,2,4,0.624997674418605,0.290820930232558,4,0.477110589764142,0.499515342602184,58.6697443444627,16.862114540542,R6,1.15912767412766,0.164792950613374,0.835207049386626,0.671414846897286,0.281547117410141,3.3408281975465,0.533320162041376,0.503188451506595,1.14544679007484,0,0.021793778002366,0.625091794810834,0.290489537939372,4,1000.00008696779,B-R,1
37,3,3,0.624646511627907,0.3066,4,0.460152642985018,0.50818550148617,58.1599937156673,14.8166611259486,R6,1.25932435165311,0.234467902119127,0.765532097880873,0.700199756862208,0.295578715054743,3.06212839152349,0.544209560204667,0.516892089915819,1.05548234186221,0,0.00140799281242567,0.624853009214864,0.306335435532568,4,1000.00008696779,B-R,1
37,4,2,0.624295348837209,0.322379069767442,4,0.444341636244911,0.516269259640269,44.3980560752765,-11.6488440337582,R6,1.16841333161169,0.156085649067002,0.843914350932998,0.673302845018388,0.317878908883213,3.37565740373199,0.492545781566948,0.523215240735131,1.03037114953066,0.0823589184218191,0,0.624543110813822,0.322135564113077,4,1011.58937289023,R-G,1
37,5,1,0.623944186046512,0.338158139534884,4,0.42956501690747,0.523824162311712,30.0903060550403,-31.9670263542984,R6,1.07766661879288,0.0744012053346961,0.925598794665304,0.646517537248553,0.337308322229255,3.70239517866122,0.44938675706623,0.527532881524149,1.01181657888911,0.163222928151889,0,0.624227553297706,0.337934583009131,4,1079.49676307739,R-G,1
37,6,0,0.623593023255814,0.353937209302326,4,0.415724492698911,0.530900463793776,17.6841600046597,-53.4882516034232,R4,1,4.38019906028677e-16,1,0.623593023255814,0.353937209302326,4,0.415724492698911,0.530900463793776,0.994916391324355,0.236876851925068,0,0.62391193625537,0.353736582204554,4,1147.90567868378,,1
38,0,5,0.6385,0.265502325581395,4,0.5202659362295,0.486760510535407,13.1401899971147,-66.0295952636496,R8,1,5.83917835066679e-16,0.999999999999999,0.6385,0.265502325581395,4,0.5202659362295,0.486760510535407,1.36215444298592,0,0.0569702454377871,0.638425850234216,0.26508672935991,4,1000.00008696779,,1
38,1,4,0.638148837209302,0.281281395348837,4,0.500599287422626,0.496468582562104,54.7087823571516,6.84881436173168,R8,1.07369998357876,0.0851909155486697,0.91480908445133,0.660616191505633,0.276283165299712,3.65923633780532,0.52911036144113,0.49789067615339,1.25193547540022,0,0.0327762042192715,0.63819085740728,0.280918838328945,4,1000.00008696779,B-R,1
38,2,3,0.637797674418605,0.297060465116279,4,0.482345978544852,0.505478985862185,61.5979500776266,24.2180126092108,R6,1.15912767412766,0.161331596832955,0.838668403167045,0.68625168112612,0.288779534967547,3.35467361266818,0.538992146754105,0.510326295710686,1.15342559053307,0,0.0111524105373567,0.637955734449473,0.296759714570416,4,1000.00008696779,B-R,1
38,3,2,0.637446511627907,0.312839534883721,4,0.465358940055551,0.513864318553782,52.4717269797667,5.43609795520122,R6,1.16841333161168,0.16084522811022,0.83915477188978,0.688668838949235,0.306732789147699,3.35661908755912,0.519411392099792,0.520527597601387,1.09221276718499,0.0402044332177325,0,0.637685807591815,0.312584295172626,4,1000.00008696779,R-G,1
38,4,1,0.637095348837209,0.328618604651163,4,0.449510823416483,0.521687443852373,38.5731536855983,-21.3145533872309,R6,1.07766661879288,0.0765610127334117,0.923438987266588,0.660690106386399,0.327027883926258,3.69375594906635,0.471672664017072,0.525303393207757,1.07015016274052,0.125439965388622,0,0.637371508611825,0.328381456037846,4,1000.00008696779,R-G,1
38,5,0,0.636744186046512,0.344397674418605,4,0.434690802749126,0.529003068872614,25.0516087922125,-40.5249941609946,R4,1,0,1,0.636744186046512,0.344397674418605,4,0.434690802749126,0.529003068872614,1.05010921756171,0.202865123049521,0,0.637057150346616,0.344181596671361,4,1057.32242290175,,1
39,0,4,0.6513,0.271741860465116,4,0.525421773206321,0.493248814532356,13.9295891678679,-69.5762024316001,R8,1,2.8525517359251e-16,1,0.6513,0.271741860465116,4,0.525421773206321,0.493248814532356,1.36590076022075,0,0.0445297095612314,0.651286001039037,0.271351002071033,4,1000.00008696779,,1
39,1,3,0.650948837209302,0.287520930232558,4,0.505753024674405,0.502624456136801,56.4683138051448,4.1464010733705,R8,1.07369998357876,0.0833421746973097,0.91665782530269,0.674359551295441,0.282982553801902,3.66663130121076,0.534456106314936,0.504617967568406,1.25786807414008,0,0.0215434400601373,0.651054538538374,0.287186859256172,4,1000.00008696779,B-R,1
39,2,2,0.650597674418605,0.3033,4,0.487484720197742,0.51133253815921,64.4784339923683,31.5967899634993,R6,1.15912767412766,0.15801265807171,0.84198734192829,0.701088515354954,0.296011952524953,3.36794936771316,0.544538321967175,0.517305816390747,1.1610761087375,0,0.000948874813253621,0.650822947845503,0.303031486905238,4,1000.00008696779,B-R,1
39,3,1,0.650246511627907,0.319079069767442,4,0.470472431008112,0.519441906482991,45.3812984290607,-6.46694146480348,R6,1.07766661879288,0.0788499640339023,0.921150035966098,0.674862675524245,0.316747445623262,3.68460014386439,0.495199023170586,0.522949809708747,1.13197175511876,0.0853978015342061,0,0.650513871170623,0.318829486693277,4,1000.00008696779,R-G,1
39,4,0,0.649895348837209,0.334858139534884,4,0.454590928352579,0.527012254784344,32.3401627726745,-31.0969689634499,R6,1,2.31488389940282e-16,1,0.649895348837209,0.334858139534884,4,0.454590928352579,0.527012254784344,1.10844674198053,0.166915522366439,0,0.650200771379782,0.334627769099294,4,1000.00008696779,,1
40,0,3,0.6641,0.277981395348837,4,0.53047614359264,0.499609429060521,14.0968005169021,-73.0860912734778,R8,1,0,1,0.6641,0.277981395348837,4,0.53047614359264,0.499609429060521,1.36947889873957,0,0.032647651042317,0.664149423241478,0.27761686830366,4,1000.00008696779,,1
40,1,2,0.663748837209302,0.293760465116279,4,0.510809045271099,0.508663612202346,57.7364858150544,1.49519470861426,R8,1.07185748398929,0.0796693848380653,0.920330615161935,0.687494059238351,0.289783905374397,3.68132246064774,0.538955419740994,0.511140946713934,1.26430365042417,0.00110944866379413,0.0110166139995635,0.663920540162066,0.293455865410865,4,1000.00008696779,,1
40,2,1,0.663397674418605,0.309539534883721,4,0.492529466457058,0.517079020089765,57.0246504028453,18.8345770327157,R6,1.07766661879288,0.0812799992885717,0.918720000711428,0.689035244662091,0.306467007320266,3.67488000284571,0.52007236625853,0.520461473563106,1.19760384128276,0.0428875612251803,0,0.663654641263593,0.309278674765018,4,1000.00008696779,R-G,1
40,3,0,0.663046511627907,0.325318604651163,4,0.475495575427864,0.524920948089245,38.2741941257525,-18.257846896882,R6,1,0,1,0.663046511627907,0.325318604651163,4,0.475495575427864,0.524920948089245,1.17020560684079,0.128857573345028,0,0.663342799644442,0.325075099277867,4,1000.00008696779,,1
41,0,2,0.6769,0.284220930232558,4,0.535432013487573,0.505846086773367,13.298990039008,-76.5587905691945,R8,1,0,1,0.6769,0.284220930232558,4,0.535432013487573,0.505846086773367,1.37289993468266,0,0.0212872889273834,0.677016118089976,0.283884328665912,4,1000.00008696779,,1
41,1,1,0.676548837209302,0.3,4,0.51577010222643,0.51458933909177,58.7872527536648,-0.726131079068423,R8,1.05498018774976,0.0606443728084913,0.939355627191509,0.695420722723956,0.297300472781487,3.75742250876603,0.537340077395828,0.516868093122204,1.27662432922705,0.0112141342950853,0.00279198215380498,0.676781610171623,0.299721257744378,4,1000.00008696779,,1
41,2,0,0.676197674418605,0.315779069767442,4,0.497482772927725,0.522721342749231,48.3879347713175,4.15344911157798,R6,1,-2.45474697345887e-16,1,0.676197674418605,0.315779069767442,4,0.497482772927725,0.522721342749231,1.23569588332468,0.0885001993961823,0,0.6764832354301,0.315523586996646,4,1000.00008696779,,1
42,0,1,0.6897,0.290460465116279,4,0.540292234498099,0.511962376243035,12.2212047756942,-79.9940859555033,R8,1,0,1,0.6897,0.290460465116279,4,0.540292234498099,0.511962376243035,1.37617399246061,0,0.0104150027072498,0.689886086833607,0.290153383766224,4,1000.00008696779,,1
42,1,0,0.689348837209302,0.306239534883721,4,0.520638846100478,0.520404802762502,58.419948930489,-1.69521875296408,R8,1,0,1,0.689348837209302,0.306239534883721,4,0.520638846100478,0.520404802762502,1.30526627818583,0.0456285153550974,0,0.689622079026191,0.305973232045247,4,1000.00008696779,,1
43,0,0,0.7025,0.2967,4,0.545059549210537,0.51796174884587,9.21047923119945,-83.4063268551867,R8,1,0,1,0.7025,0.2967,4,0.545059549210537,0.51796174884587,1.37931034482759,0,0,0.702759330722079,0.296424034213337,4,1000.00008696779,,1
