GridI,GridJ,GridK,Target_x,Target_y,Target_Y_lm,Target_u1976,Target_v1976,Best_Ra,Best_Rmin_8,Best_Worst_R,Best_RayT,Best_SingleWhiteRatio,Best_RGBWhiteRatio,Best_RGBPoint_x,Best_RGBPoint_y,Best_RGBPoint_Y_lm,Best_RGBPoint_u1976,Best_RGBPoint_v1976,Best_R_weight,Best_G_weight,Best_B_weight,Mix_x,Mix_y,Mix_Y_lm,Mix_CCT_K,BoundaryEdge,Valid
0,0,43,0.1521,0.0284,4,0.200355660936574,0.0841730883224659,0,0,,0,0,0,0,0,0,0,0,0,0,0,0,0,0,0,,0
0,1,42,0.151748837209302,0.0441790697674419,4,0.18811929713289,0.123227336283569,-37.8400443346515,-112.641682803605,R3,1,0,1,0.151748837209302,0.0441790697674418,4,0.18811929713289,0.123227336283568,0.016428593286473,0.288313237161363,3.03356200706844,0.1517904281355,0.0439713801506625,4,24999.9994413748,,1
0,2,41,0.151397674418605,0.0599581395348837,4,0.177244208001459,0.157936865548312,-22.2171709358933,-88.4577816070093,R4,1,0,1,0.151397674418605,0.0599581395348837,4,0.177244208001459,0.157936865548312,0.00925982852290231,0.453197247892102,2.18226562290421,0.151428315285856,0.0596852312032857,4,24999.9994413748,,1
0,3,40,0.151046511627907,0.0757372093023256,4,0.16751520403584,0.188988486714845,-9.92421474688711,-74.2081544124791,R4,1,0,1,0.151046511627907,0.0757372093023256,4,0.16751520403584,0.188988486714845,0.00507814079564577,0.549377477936376,1.68568695707783,0.15106609368151,0.0754038016553148,4,24999.9994413748,,1
0,4,39,0.150695348837209,0.0915162790697674,4,0.158760181450008,0.21693149563954,-0.893228339012858,-62.0929398397031,R4,1,0,1,0.150695348837209,0.0915162790697674,4,0.158760181450008,0.21693149563954,0.00233845099629331,0.612391268620495,1.36034666529251,0.150703763273463,0.0911270936331616,4,24999.9994413748,,1
0,5,38,0.150344186046512,0.107295348837209,4,0.150839852818681,0.242210449686995,5.60894343538906,-52.2608637974659,R4,1,0,1,0.150344186046512,0.107295348837209,4,0.150839852818681,0.242210449686995,0.00040456977957912,0.656871189751252,1.13069676862449,0.150341324012682,0.106855109264515,4,24999.9994413748,,1
0,6,37,0.149993023255814,0.123074418604651,4,0.143640281280796,0.265188995974544,0,0,,0,0,0,0,0,0,0,0,0,0,0,0,0,0,0,,0
0,7,36,0.149641860465116,0.138853488372093,4,0.137067364223514,0.286167477548099,0,0,,0,0,0,0,0,0,0,0,0,0,0,0,0,0,0,,0
0,8,35,0.149290697674419,0.154632558139535,4,0.131042697321887,0.305396133939334,0,0,,0,0,0,0,0,0,0,0,0,0,0,0,0,0,0,,0
0,9,34,0.148939534883721,0.170411627906977,4,0.125500432091145,0.323085130773708,0,0,,0,0,0,0,0,0,0,0,0,0,0,0,0,0,0,,0
0,10,33,0.148588372093023,0.186190697674419,4,0.120384859238854,0.339412272875865,0,0,,0,0,0,0,0,0,0,0,0,0,0,0,0,0,0,,0
0,11,32,0.148237209302326,0.20196976744186,4,0.115648529491808,0.354529001941325,0,0,,0,0,0,0,0,0,0,0,0,0,0,0,0,0,0,,0
0,12,31,0.147886046511628,0.217748837209302,4,0.111250777422343,0.368565107973139,0,0,,0,0,0,0,0,0,0,0,0,0,0,0,0,0,0,,0
0,13,30,0.14753488372093,0.233527906976744,4,0.107156550923854,0.381632465191857,0,0,,0,0,0,0,0,0,0,0,0,0,0,0,0,0,0,,0
0,14,29,0.147183720930233,0.249306976744186,4,0.103335474964549,0.39382802021025,0,0,,0,0,0,0,0,0,0,0,0,0,0,0,0,0,0,,0
0,15,28,0.146832558139535,0.265086046511628,4,0.0997610966800023,0.405236201437212,0,0,,0,0,0,0,0,0,0,0,0,0,0,0,0,0,0,,0
0,16,27,0.146481395348837,0.28086511627907,4,0.0964102721091039,0.415930876404838,0,0,,0,0,0,0,0,0,0,0,0,0,0,0,0,0,0,,0
0,17,26,0.14613023255814,0.296644186046512,4,0.0932626645076163,0.425976952978317,0,0,,0,0,0,0,0,0,0,0,0,0,0,0,0,0,0,,0
0,18,25,0.145779069767442,0.312423255813953,4,0.0903003312524714,0.435431697814771,0,0,,0,0,0,0,0,0,0,0,0,0,0,0,0,0,0,,0
0,19,24,0.145427906976744,0.328202325581395,4,0.0875073816074132,0.444345828657149,0,0,,0,0,0,0,0,0,0,0,0,0,0,0,0,0,0,,0
0,20,23,0.145076744186047,0.343981395348837,4,0.0848696915628918,0.452764424466818,0,0,,0,0,0,0,0,0,0,0,0,0,0,0,0,0,0,,0
0,21,22,0.144725581395349,0.359760465116279,4,0.082374664945895,0.460727687878487,0,0,,0,0,0,0,0,0,0,0,0,0,0,0,0,0,0,,0
0,22,21,0.144374418604651,0.375539534883721,4,0.0800110322713268,0.468271587197152,0,0,,0,0,0,0,0,0,0,0,0,0,0,0,0,0,0,,0
0,23,20,0.144023255813953,0.391318604651163,4,0.0777686805569508,0.475428399570031,0,0,,0,0,0,0,0,0,0,0,0,0,0,0,0,0,0,,0
0,24,19,0.143672093023256,0.407097674418605,4,0.0756385086802654,0.482227172637467,0,0,,0,0,0,0,0,0,0,0,0,0,0,0,0,0,0,,0
0,25,18,0.143320930232558,0.422876744186046,4,0.0736123039141325,0.488694118588576,0,0,,0,0,0,0,0,0,0,0,0,0,0,0,0,0,0,,0
0,26,17,0.14296976744186,0.438655813953488,4,0.0716826361094998,0.49485295189345,0,0,,0,0,0,0,0,0,0,0,0,0,0,0,0,0,0,,0
0,27,16,0.142618604651163,0.45443488372093,4,0.0698427666509502,0.500725179885611,0,0,,0,0,0,0,0,0,0,0,0,0,0,0,0,0,0,,0
0,28,15,0.142267441860465,0.470213953488372,4,0.0680865698336707,0.506330353699574,0,0,,0,0,0,0,0,0,0,0,0,0,0,0,0,0,0,,0
0,29,14,0.141916279069767,0.485993023255814,4,0.0664084647286649,0.511686285733563,0,0,,0,0,0,0,0,0,0,0,0,0,0,0,0,0,0,,0
0,30,13,0.14156511627907,0.501772093023256,4,0.0648033559394028,0.516809238733826,0,0,,0,0,0,0,0,0,0,0,0,0,0,0,0,0,0,,0
0,31,12,0.141213953488372,0.517551162790698,4,0.0632665819250245,0.521714090729125,0,0,,0,0,0,0,0,0,0,0,0,0,0,0,0,0,0,,0
0,32,11,0.140862790697674,0.533330232558139,4,0.0617938697861327,0.526414479338877,0,0,,0,0,0,0,0,0,0,0,0,0,0,0,0,0,0,,0
0,33,10,0.140511627906977,0.549109302325581,4,0.0603812955895271,0.530922928402894,0,0,,0,0,0,0,0,0,0,0,0,0,0,0,0,0,0,,0
0,34,9,0.140160465116279,0.564888372093023,4,0.0590252494560861,0.535250959408817,0,0,,0,0,0,0,0,0,0,0,0,0,0,0,0,0,0,,0
0,35,8,0.139809302325581,0.580667441860465,4,0.0577224047577441,0.539409189804724,0,0,,0,0,0,0,0,0,0,0,0,0,0,0,0,0,0,,0
0,36,7,0.139458139534884,0.596446511627907,4,0.0564696908701824,0.543407419963133,0,0,,0,0,0,0,0,0,0,0,0,0,0,0,0,0,0,,0
0,37,6,0.139106976744186,0.612225581395349,4,0.055264269011413,0.547254710295899,0,0,,0,0,0,0,0,0,0,0,0,0,0,0,0,0,0,,0
0,38,5,0.138755813953488,0.628004651162791,4,0.0541035107660682,0.550959449797265,0,0,,0,0,0,0,0,0,0,0,0,0,0,0,0,0,0,,0
0,39,4,0.138404651162791,0.643783720930233,4,0.0529849789534412,0.554529417106472,0,0,,0,0,0,0,0,0,0,0,0,0,0,0,0,0,0,,0
0,40,3,0.138053488372093,0.659562790697674,4,0.0519064105461921,0.557971835025351,0,0,,0,0,0,0,0,0,0,0,0,0,0,0,0,0,0,,0
0,41,2,0.137702325581395,0.675341860465116,4,0.0508657013877853,0.561293419294983,0,0,,0,0,0,0,0,0,0,0,0,0,0,0,0,0,0,,0
0,42,1,0.137351162790698,0.691120930232558,4,0.049860892491487,0.564500422324571,0,0,,0,0,0,0,0,0,0,0,0,0,0,0,0,0,0,,0
0,43,0,0.137,0.7069,4,0.0488901577332096,0.567598672471629,0,0,,0,0,0,0,0,0,0,0,0,0,0,0,0,0,0,,0
1,0,42,0.1649,0.0346395348837209,4,0.213748166815633,0.101026733970093,0,0,,0,0,0,0,0,0,0,0,0,0,0,0,0,0,0,,0
1,1,41,0.164548837209302,0.0504186046511628,4,0.200918895281149,0.138515796707197,-15.6042228786056,-136.536783348219,R3,1,0,0.999999999999999,0.164548837209302,0.0504186046511628,4,0.200918895281149,0.138515796707197,0.246487451284815,0.255326616441434,2.59478449958659,0.164549533574862,0.0501860283183683,4,24999.9994413748,,1
1,2,40,0.164197674418605,0.0661976744186046,4,0.189496567966344,0.171893556633588,10.3326352531087,-76.0162628428282,R3,1,0,1,0.164197674418605,0.0661976744186046,4,0.189496567966344,0.171893556633588,0.185156889378855,0.412532089346568,1.9283162758642,0.164189304515636,0.065902204937423,4,24999.9994413748,,1
1,3,39,0.163846511627907,0.0819767441860465,4,0.179261773483995,0.20180116685283,23.6816782522101,-36.5203421077342,R3,1,0,1,0.163846511627907,0.0819767441860465,4,0.179261773483995,0.20180116685283,0.147436418964069,0.509219029845385,1.51841468464998,0.163828967257886,0.0816231020726361,4,24999.9994413748,,1
1,4,38,0.163495348837209,0.0977558139534884,4,0.170038468654879,0.228753052036081,31.6789532658903,-8.75343137903663,R3,1,0,1,0.163495348837209,0.0977558139534884,4,0.170038468654879,0.228753052036081,0.121893105288397,0.574692891182339,1.24084007316163,0.163468521752859,0.0973487218511107,4,24999.9994413748,,1
1,5,37,0.163144186046512,0.11353488372093,4,0.161683768011727,0.253166745028625,36.6222454274911,-4.75699923567331,R4,1,0,1,0.163144186046512,0.11353488372093,4,0.161683768011727,0.253166745028625,0.103449807314873,0.621967647678193,1.04042005974572,0.163107967951769,0.113079066401228,4,24999.9994413748,,1
1,6,36,0.162793023255814,0.129313953488372,4,0.154080488296103,0.275384672952327,39.4897379393216,-1.83826621105104,R4,1,0,1,0.162793023255814,0.129313953488372,4,0.154080488296103,0.275384672952327,0.0895074634552004,0.657705340139361,0.888911107961935,0.162747305805803,0.128814137852649,4,24999.9994413748,,1
1,7,35,0.162441860465116,0.145093023255814,4,0.147131618026519,0.295690317960168,40.9763254268387,0.460749683478966,R4,1,0,1,0.162441860465116,0.145093023255814,4,0.147131618026519,0.295690317960168,0.0785976184923986,0.68566998424826,0.770355778164139,0.162386535266118,0.144553938336314,4,24999.9994413748,,1
1,8,34,0.162090697674419,0.160872093023256,4,0.140756156150698,0.314320377320768,41.6529691860119,2.32857938624971,R4,1,0,1,0.162090697674419,0.160872093023256,4,0.140756156150698,0.314320377320768,0.0698279483925563,0.708148828276815,0.67505734501045,0.162025656283841,0.160298469984445,4,24999.9994413748,,1
1,9,33,0.161739534883721,0.176651162790698,4,0.134885940039488,0.331474032497682,41.8947225929881,3.89035792805214,R4,1,0,1,0.161739534883721,0.176651162790698,4,0.134885940039488,0.331474032497682,0.0626249505314562,0.726611901985894,0.596783658274553,0.161664668810071,0.176047734930545,4,24999.9994413748,,1
1,10,32,0.161388372093023,0.19243023255814,4,0.129463198867988,0.347320098538066,41.9062330169489,5.23061561416718,R4,1,0,1,0.161388372093023,0.19243023255814,4,0.129463198867988,0.347320098538066,0.0566032286504772,0.742047071770478,0.531346685890051,0.161303572795876,0.191801735309402,4,24999.9994413748,,1
1,11,31,0.161037209302326,0.208209302325581,4,0.124438645957442,0.36200259853684,41.7930291437997,6.40735963657639,R4,1,0,1,0.161037209302326,0.208209302325581,4,0.124438645957442,0.36200259853684,0.0514942149781979,0.755142743576991,0.475827950021328,0.160942368192295,0.207560473257085,4,24999.9994413748,,1
1,12,30,0.160686046511628,0.223988372093023,4,0.119769976468957,0.37564515360181,41.6094230472962,7.46087013924082,R4,1,0,1,0.160686046511628,0.223988372093023,4,0.119769976468957,0.37564515360181,0.0471050197717116,0.766393341756194,0.428131352404576,0.160581054950339,0.223323950910951,4,24999.9994413748,,1
1,13,29,0.16033488372093,0.239767441860465,4,0.11542067339887,0.388354471914928,41.3828027327314,7.10773145445683,R1,1,0,1,0.16033488372093,0.239767441860465,4,0.11542067339887,0.388354471914928,0.043293529501714,0.776163138603759,0.386712570788399,0.160219633020987,0.23909217040964,4,24999.9994413748,,1
1,14,28,0.159983720930233,0.255546511627907,4,0.111359050502745,0.400223145452471,41.1251458855573,5.20224138207689,R1,1,0,1,0.159983720930233,0.255546511627907,4,0.111359050502745,0.400223145452471,0.0399527306178373,0.784726436445805,0.350408708101389,0.159858102355191,0.254865133893082,4,24999.9994413748,,1
1,15,27,0.159632558139535,0.271325581395349,4,0.107557479054011,0.411331909512699,40.8383260527545,3.51248325891626,R1,1,0,1,0.159632558139535,0.271325581395349,4,0.107557479054011,0.411331909512699,0.03700050326781,0.792293728873293,0.318327382627568,0.159496462903872,0.270642843502492,4,24999.9994413748,,1
1,16,26,0.159281395348837,0.287104651162791,4,0.103991758519145,0.421751481697702,40.5167241282455,2.00397471433963,R1,1,0,1,0.159281395348837,0.287104651162791,4,0.103991758519145,0.421751481697702,0.0343727805967332,0.79902923515813,0.289772391337698,0.159134714617922,0.286425301380376,4,24999.9994413748,,1
1,17,25,0.15893023255814,0.302883720930233,4,0.100640600839408,0.431544068919814,40.1497048113321,0.649173670115758,R1,1,0,1,0.15893023255814,0.302883720930233,4,0.100640600839408,0.431544068919814,0.0320188462905715,0.805062953817926,0.264192609137229,0.158772857448203,0.302212509670527,4,24999.9994413748,,1
1,18,24,0.158579069767442,0.318662790697674,4,0.0974852050914929,0.440764610307221,39.7260476606329,-0.574172890740257,R1,1,0,1,0.158579069767442,0.318662790697674,4,0.0974852050914929,0.440764610307221,0.0298980292150948,0.810499135077879,0.241146070100127,0.158410891345548,0.318004470518032,4,24999.9994413748,,1
1,19,23,0.158227906976744,0.334441860465116,4,0.0945089045729264,0.449461808473547,39.239625688981,-1.68423356825015,R1,1,0,1,0.158227906976744,0.334441860465116,4,0.0945089045729264,0.449461808473547,0.0279773337425262,0.815422354932523,0.220274216653273,0.15804881626076,0.333801186069267,4,24999.9994413748,,1
1,20,22,0.157876744186047,0.350220930232558,4,0.0916968723217596,0.457678990033653,37.7929265323448,-3.7616978169489,R1,1,0,1,0.157876744186047,0.350220930232558,4,0.0916968723217596,0.457678990033653,0.0262297106665361,0.819901947220332,0.201283109919615,0.157686632144612,0.349602658471902,4,21780.7413896273,,1
1,21,21,0.157525581395349,0.366,4,0.0890358740857971,0.465454827464733,36.0008183865554,-6.1439452032205,R1,1,0,1,0.157525581395349,0.366,4,0.0890358740857971,0.465454827464733,0.024632775385318,0.823995289239076,0.183929500443396,0.157324338947849,0.365408889874901,4,18641.4215011415,,1
1,22,20,0.157174418604651,0.381779069767442,4,0.0865140600548513,0.47282394769602,34.3014835137046,-8.32633343049294,R1,1,0,1,0.157174418604651,0.381779069767442,4,0.0865140600548513,0.47282394769602,0.0231678439524605,0.827750272587004,0.16801035312776,0.156961936621183,0.381219882428521,4,16550.8682153157,,1
1,23,19,0.156823255813954,0.397558139534884,4,0.0841207884405957,0.479817447635015,32.6761086486171,-10.3324947300847,R1,1,0,1,0.156823255813954,0.397558139534884,4,0.0841207884405957,0.479817447635015,0.0218191986824803,0.831207185598393,0.153354866701702,0.156599425115301,0.397035638284317,4,15054.1539999718,,1
1,24,18,0.156472093023256,0.413337209302326,4,0.0818464753635212,0.486463332820396,31.1067377109903,-12.1826145713627,R1,1,0,1,0.156472093023256,0.413337209302326,4,0.0818464753635212,0.486463332820396,0.020573521968573,0.834400164609363,0.139818321119044,0.156236804380856,0.412856159595138,4,13927.3003050687,,1
1,25,17,0.156120930232558,0.429116279069767,4,0.0796824665813644,0.492786892250865,29.5761485472002,-13.8939573785275,R1,1,0,1,0.156120930232558,0.429116279069767,4,0.0796824665813644,0.492786892250865,0.0194194550151673,0.837358325036011,0.127277282384188,0.155874074368473,0.428681448515133,4,13046.9450468909,,1
1,26,16,0.15576976744186,0.444895348837209,4,0.0776209274391908,0.498811019967564,28.0675160126988,-15.4813729944109,R1,1,0,1,0.15576976744186,0.444895348837209,4,0.0776209274391908,0.498811019967564,0.0183472504728731,0.840106651757375,0.115625827798373,0.155511235028748,0.444511507199747,4,12339.3888181961,,1
1,27,15,0.155418604651163,0.460674418604651,4,0.0756547480910846,0.504556492010573,26.564025040487,-16.9576775900314,R1,1,0,1,0.155418604651163,0.460674418604651,4,0.0756547480910846,0.504556492010573,0.0173484964613424,0.842666706513425,0.104772546965545,0.155148286312246,0.460346337805727,4,11757.8235500137,,1
1,28,14,0.155067441860465,0.476453488372093,4,0.0737774615768896,0.510042205811003,25.0483907975068,-18.3339918918884,R1,1,0,1,0.155067441860465,0.476453488372093,4,0.0737774615768896,0.510042205811003,0.0164158954305877,0.845057194738471,0.09463813871796,0.154785228169503,0.476185942491119,4,11271.0479488482,,1
1,29,13,0.154716279069767,0.492232558139535,4,0.0719831727648082,0.515285387831416,23.5023103690106,-19.62001199939,R1,1,0,1,0.154716279069767,0.492232558139535,4,0.0719831727648082,0.515285387831416,0.0155430855554001,0.847294423371652,0.085153470241327,0.154422060551024,0.492030323415269,4,10857.438809292,,1
1,30,12,0.15436511627907,0.508011627906977,4,0.0702664965148339,0.520301774261589,21.9058173364172,-20.8242292843458,R1,1,0,1,0.15436511627907,0.508011627906977,4,0.0702664965148339,0.520301774261589,0.014724495415186,0.84939267334864,0.0762579979066424,0.154058783407286,0.50787948273883,4,10501.5234327951,,1
1,31,11,0.154013953488372,0.523790697674419,4,0.0686225036965963,0.525105768762493,20.236500707378,-21.9541076975448,R1,1,0,1,0.154013953488372,0.523790697674419,4,0.0686225036965963,0.525105768762493,0.013955224940215,0.851364504765988,0.0678984735344035,0.153695396688734,0.523733422623754,4,10191.9308070533,,1
1,32,10,0.153662790697674,0.53956976744186,4,0.0670466739218119,0.529710580589189,18.4685171502317,-23.0162448116261,R1,1,0,1,0.153662790697674,0.53956976744186,4,0.0670466739218119,0.529710580589189,0.0132309472473718,0.853221008500499,0.060027877661319,0.153331900345785,0.539592145233299,4,9920.10684927564,,1
1,33,9,0.153311627906977,0.555348837209302,4,0.0655348540367299,0.534128345882152,16.5713506287259,-24.0164729295601,R1,1,0,1,0.153311627906977,0.555348837209302,4,0.0655348540367299,0.534128345882152,0.0125478272106922,0.854972014933178,0.0526045346609218,0.152968294328825,0.555455652732028,4,9679.49763731784,,1
1,34,8,0.152960465116279,0.571127906976744,4,0.0640832215719793,0.538370234472317,14.5081401379884,-24.9599867715047,R1,1,0,1,0.152960465116279,0.571127906976744,4,0.0640832215719793,0.538370234472317,0.0119024535302548,0.85662626807355,0.0455913745483859,0.152604578588209,0.571323947285812,4,9464.98710900901,,1
1,35,7,0.152609302325581,0.586906976744186,4,0.0626882524725377,0.542446544178968,12.2334587948815,-25.8514196781094,R1,1,0,1,0.152609302325581,0.586906976744186,4,0.0626882524725377,0.542446544178968,0.0112917817590916,0.858191571595842,0.0389553138641778,0.152240753074266,0.587197031061829,4,9272.52465347832,,1
1,36,6,0.152258139534884,0.602686046511628,4,0.0613466925342675,0.546366784276484,9.69024509011533,-26.6949146256965,R1,1,0,1,0.152258139534884,0.602686046511628,4,0.0613466925342675,0.546366784276484,0.0107130862798568,0.85967491193472,0.0326667338131225,0.15187681773729,0.603074906228562,4,9098.8613858019,,1
1,37,5,0.151906976744186,0.61846511627907,4,0.060055532059651,0.550139749554089,6.80547603103969,-27.4941927198893,R1,1,0,1,0.151906976744186,0.61846511627907,4,0.060055532059651,0.550139749554089,0.0101639196328894,0.861082562537573,0.0266990382897532,0.151512772527548,0.618957574955807,4,8941.35873986885,,1
1,38,4,0.151555813953488,0.634244186046512,4,0.0588119833172471,0.553773586182717,3.4839387124155,-28.2526024169101,R1,1,0,1,0.151555813953488,0.634244186046512,4,0.0588119833172471,0.553773586182717,0.00964207791542738,0.862420172554925,0.0210282778777676,0.151148617395277,0.63484503941467,4,8797.85234467537,,1
1,39,3,0.151204651162791,0.650023255813953,4,0.0576134604495619,0.557275850427241,-0.400983570078385,-29.8328034501459,R4,1,0,1,0.151204651162791,0.650023255813953,4,0.0576134604495619,0.557275850427241,0.00914557122034727,0.863692842613293,0.0156328286131137,0.150784352290682,0.650737301777566,4,8666.54836127521,,1
1,40,2,0.150853488372093,0.665802325581395,4,0.0564575615245726,0.560653561094616,-5.02132069208557,-36.4839806532525,R4,1,0,1,0.150853488372093,0.665802325581395,4,0.0564575615245726,0.560653561094616,0.00867259827839674,0.864905189813449,0.0104931164256749,0.150419977163941,0.666634364218225,4,8545.94977603649,,1
1,41,1,0.150502325581395,0.681581395348837,4,0.0553420524687399,0.56391324648404,-10.6165538007328,-44.7053748106612,R4,1,0,1,0.150502325581395,0.681581395348837,4,0.0553420524687399,0.56391324648404,0.00822152462272393,0.866061403700154,0.00559137985712372,0.150055491965198,0.682536228911688,4,8434.79253809262,,1
1,42,0,0.150151162790698,0.697360465116279,4,0.0542648526553554,0.567060986499974,-17.5296335880294,-54.9782346641489,R4,1,0,1,0.150151162790698,0.697360465116279,4,0.0542648526553554,0.567060986499974,0.00779086371781388,0.867165294633388,0.000911464992456702,0.14969089664457,0.698442898034313,4,8332.00800602074,,1
2,0,41,0.1777,0.0408790697674419,4,0.226719698779183,0.117350609814897,0,0,,0,0,0,0,0,0,0,0,0,0,0,0,0,0,0,,0
2,1,40,0.177348837209302,0.0566581395348837,4,0.213339152182488,0.15335115355887,-39.0639653106448,-166.350563003622,R3,1.06671034652738,0.38146800074671,0.61853199925329,0.167038675583326,0.0373827278969907,2.47412799701316,0.214529267009621,0.108024687514732,0.24106373002242,0,2.20257943492149,0.177303856040749,0.0564048277030374,4,24999.9994413748,B-R,1
2,2,39,0.176997674418605,0.0724372093023256,4,0.201405437303762,0.185458976764372,5.01386353998364,-85.703299670751,R3,1.05821075352813,0.262447883056974,0.737552116943026,0.167980693323252,0.0565361974199665,2.9502084677721,0.201025640845101,0.152230333486614,0.203602009025795,0.220905265979662,1.68366854863367,0.176946341615647,0.0721237113829721,4,24999.9994413748,,1
2,3,38,0.176646511627907,0.0882162790697674,4,0.19069592287608,0.214273071901988,30.8743790054301,-35.2244008196218,R3,1.03908204010093,0.147350761976123,0.852649238023877,0.170578888569539,0.0781571981670446,3.41059695209551,0.189704487048029,0.195570714825173,0.198268965643008,0.386051056417386,1.35546436551505,0.176589842269963,0.08784636257855,4,24999.9994413748,,1
2,4,37,0.176295348837209,0.103995348837209,4,0.181031425634119,0.240275533999362,46.2939821341203,-0.730830696349614,R3,1.01576504419751,0.0515776733234216,0.948422326676578,0.173842234634289,0.100186440833303,3.79368930670631,0.180401974204954,0.233925440754167,0.202113543515268,0.510473612870405,1.12890407001657,0.176233779976822,0.103572843584414,4,24999.9994413748,,1
2,5,36,0.175944186046512,0.119774418604651,4,0.172266104407978,0.26385875072009,55.4626848271416,23.0203762094189,R3,1,0,1,0.175944186046512,0.119774418604651,4,0.172266104407978,0.26385875072009,0.195758956765698,0.590700639530615,0.959549110140076,0.175876875591954,0.119304127130919,4,24999.9994413748,,1
2,6,35,0.175593023255814,0.135553488372093,4,0.164280049563599,0.285345340575682,60.4474832808087,36.8225159792042,R4,1,0,1,0.175593023255814,0.135553488372093,4,0.164280049563599,0.285345340575682,0.171713156440743,0.628432952177893,0.824427886717362,0.175518100137209,0.13504152919897,4,24999.9994413748,,1
2,7,34,0.175241860465116,0.151332558139535,4,0.15697376479558,0.305002999737523,62.5938845257126,35.3634911264583,R4,1,0,1,0.175241860465116,0.151332558139535,4,0.15697376479558,0.305002999737523,0.152681747805271,0.658296755879471,0.71748417165981,0.175159216846211,0.15078366141916,4,24999.9994413748,,1
2,8,33,0.174890697674419,0.167111627906977,4,0.150264000519509,0.323055712351828,62.881849056205,34.0693133382479,R4,1,0,1,0.174890697674419,0.167111627906977,4,0.150264000519509,0.323055712351828,0.137244319174576,0.682520939549453,0.630736206739069,0.174800225670333,0.166530525924405,4,24999.9994413748,,1
2,9,32,0.174539534883721,0.182890697674419,4,0.144080567783253,0.339692322754908,62.1908710538837,32.9722524418006,R4,1,0,1,0.174539534883721,0.182890697674419,4,0.144080567783253,0.339692322754908,0.124470648367446,0.702565194015289,0.558956769010506,0.174441126560921,0.182282124848902,4,24999.9994413748,,1
2,10,31,0.174188372093023,0.19866976744186,4,0.138363873656443,0.355073166541513,61.0970533144319,32.0667940486419,R4,1,0,1,0.174188372093023,0.19866976744186,4,0.138363873656443,0.355073166541513,0.113726039610846,0.719425474455028,0.498579295157682,0.174081919469291,0.198038460328135,4,24999.9994413748,,1
2,11,30,0.173837209302326,0.214448837209302,4,0.133062994424705,0.3693352546621,59.876768091915,31.3343852714739,R4,1,0,1,0.173837209302326,0.214448837209302,4,0.133062994424705,0.3693352546621,0.104562599895781,0.733804607924522,0.447086927745195,0.17372260434673,0.213799534498869,4,24999.9994413748,,1
2,12,29,0.173486046511628,0.230227906976744,4,0.128134154479302,0.382596365991091,58.6424152731982,30.7530930704051,R4,1,0,1,0.173486046511628,0.230227906976744,4,0.128134154479302,0.382596365991091,0.0966552247167014,0.74621274358415,0.402652798133345,0.173363181144496,0.229565349499156,4,24999.9994413748,,1
2,13,28,0.17313488372093,0.246006976744186,4,0.123539514623522,0.394958307405103,57.4291955629288,30.301230796386,R4,1,0,1,0.17313488372093,0.246006976744186,4,0.123539514623522,0.394958307405103,0.0897622193435462,0.757029145213725,0.363918744515112,0.173003649813816,0.245335907468334,4,24999.9994413748,,1
2,14,27,0.172783720930233,0.261786046511628,4,0.119246198773624,0.406509532457381,56.2326034737792,27.7899978680419,R1,1,0,1,0.172783720930233,0.261786046511628,4,0.119246198773624,0.406509532457381,0.0837001613347726,0.766541636583605,0.329854056148099,0.172644010305889,0.26111121054703,4,24999.9994413748,,1
2,15,26,0.172432558139535,0.27756511627907,4,0.115225506071616,0.417327261199156,55.0245794475964,24.952280420165,R1,1,0,1,0.172432558139535,0.27756511627907,4,0.115225506071616,0.417327261199156,0.0783273371716422,0.774972592442109,0.299662398380573,0.172284262571886,0.276891260877156,4,24999.9994413748,,1
2,16,25,0.172081395348837,0.293344186046512,4,0.111452268470508,0.427479208605299,53.7711315168535,22.4014346956655,R1,1,0,1,0.172081395348837,0.293344186046512,4,0.111452268470508,0.427479208605299,0.0735325245822934,0.782496541125932,0.272718776858312,0.171924406562945,0.292676060601916,4,24999.9994413748,,1
2,17,24,0.17173023255814,0.309123255813953,4,0.107904323391496,0.437025003397399,52.4692784113675,20.0972585352999,R1,1,0,1,0.17173023255814,0.309123255813953,4,0.107904323391496,0.437025003397399,0.0692272104758068,0.789252376062401,0.248525807548663,0.171564442230177,0.308465611865804,4,24999.9994413748,,1
2,18,23,0.171379069767442,0.324902325581395,4,0.104562078102664,0.446017360088822,51.1593422050033,18.0064130372589,R1,1,0,1,0.171379069767442,0.324902325581395,4,0.104562078102664,0.446017360088822,0.0653400765195264,0.79535200891962,0.226682729394366,0.171204369524665,0.324259916814605,4,24999.9994413748,,1
2,19,22,0.171027906976744,0.340681395348837,4,0.101408147731409,0.454503052917232,49.0764778217927,14.8047979829778,R1,1,0,1,0.171027906976744,0.340681395348837,4,0.101408147731409,0.454503052917232,0.0618130171592111,0.800886618070093,0.206863028265278,0.170844188397458,0.340058977595395,4,20926.3481606241,,1
2,20,21,0.170676744186047,0.356460465116279,4,0.0984270527876444,0.462523729662564,46.9259991614479,11.6472105027102,R1,1,0,1,0.170676744186047,0.356460465116279,4,0.0984270527876444,0.462523729662564,0.0585982152364896,0.805931237488366,0.188798003895553,0.170483898799581,0.355862796356545,4,17922.2350430323,,1
2,21,20,0.170325581395349,0.372239534883721,4,0.0956049650880012,0.470116595241421,44.8585985765187,8.74727793893933,R1,1,0,1,0.170325581395349,0.372239534883721,4,0.0956049650880012,0.470116595241421,0.0556559613860354,0.810548178520593,0.172264516362556,0.170123500682025,0.37167137524772,4,15927.7469508183,,1
2,22,19,0.169974418604651,0.388018604651163,4,0.0929294932800339,0.477314988757145,42.8694062633818,6.07582515338959,R1,1,0,1,0.169974418604651,0.388018604651163,4,0.0929294932800339,0.477314988757145,0.052953005487913,0.814789616761012,0.157075722357936,0.169762993995753,0.387484716419879,4,14502.9982242725,,1
2,23,18,0.169623255813953,0.403797674418605,4,0.0903895009480376,0.484148872888602,40.9480938824371,3.6076834694003,R1,1,0,1,0.169623255813953,0.403797674418605,4,0.0903895009480376,0.484148872888602,0.050461294638471,0.818699572409284,0.143073983432955,0.1694023786917,0.403302822025278,4,13432.2504118098,,1
2,24,17,0.169272093023256,0.419576744186046,4,0.0879749516685895,0.490645250770372,39.081107218364,1.32112132611593,R1,1,0,1,0.169272093023256,0.419576744186046,4,0.0879749516685895,0.490645250770372,0.0481569958888579,0.822315443774684,0.130125374446294,0.169041654720769,0.419125694217469,4,12596.9919987412,,1
2,25,16,0.168920930232558,0.435355813953488,4,0.0856767764696724,0.496828522595781,37.2530813530072,-0.802690524294121,R1,1,0,1,0.168920930232558,0.435355813953488,4,0.0856767764696724,0.496828522595781,0.0460197315031826,0.825669207297643,0.118115386229326,0.168680822033835,0.434953335151304,4,11926.5695955213,,1
2,26,15,0.16856976744186,0.45113488372093,4,0.0834867600030638,0.50272079187166,35.447426837212,-2.78012279825083,R1,1,0,1,0.16856976744186,0.45113488372093,4,0.0834867600030638,0.50272079187166,0.0440319747041293,0.828788365736749,0.106945530082922,0.168319880581743,0.450785746982933,4,11376.1767301758,,1
2,27,14,0.168218604651163,0.466913953488372,4,0.0813974424184045,0.508342129427492,33.6463886933902,-4.62546411332728,R1,1,0,1,0.168218604651163,0.466913953488372,4,0.0813974424184045,0.508342129427492,0.0421785679410027,0.831696704095373,0.0965306307678972,0.167958830315308,0.466622931869806,4,10915.9864236091,,1
2,28,13,0.167867441860465,0.482693023255814,4,0.0794020344688188,0.513710801824917,31.8307771009051,-6.35124322430497,R1,1,0,1,0.167867441860465,0.482693023255814,4,0.0794020344688188,0.513710801824917,0.0404463356436913,0.834414897282398,0.0867966504427689,0.167597671185316,0.482464891970673,4,10525.3475811409,,1
2,29,12,0.167516279069767,0.498472093023256,4,0.0774943438122974,0.518843469644857,29.9794826499757,-7.96847479513622,R1,1,0,1,0.167516279069767,0.498472093023256,4,0.0774943438122974,0.518843469644857,0.0388237705259683,0.836961002360421,0.0776789258993176,0.167236403142522,0.498311629445589,4,10189.5008162252,,1
2,30,11,0.16716511627907,0.514251162790698,4,0.0756687108233279,0.523755360187211,28.0687605555934,-9.48688164857319,R1,1,0,1,0.16716511627907,0.514251162790698,4,0.0756687108233279,0.523755360187211,0.0373007776408322,0.839350860170307,0.0691207303257599,0.166875026137653,0.514163146455909,4,9897.60741529973,,1
2,31,10,0.166813953488372,0.53003023255814,4,0.0739199525131547,0.52846041835416,26.0712744084938,-10.9150754526574,R1,1,0,1,0.166813953488372,0.53003023255814,4,0.0739199525131547,0.52846041835416,0.035868464152884,0.841598425217251,0.0610720919689174,0.166513540121405,0.530019445164292,4,9641.52350282373,,1
2,32,9,0.166462790697674,0.545809302325581,4,0.0722433133882618,0.532971438866093,23.9548264830359,-12.2607054611357,R1,1,0,1,0.166462790697674,0.545809302325581,4,0.0722433133882618,0.532971438866093,0.0345189655761472,0.843716038335815,0.0534888177076459,0.166151945044445,0.545880527734705,4,9415.00932033601,,1
2,33,8,0.166111627906977,0.561588372093023,4,0.0706344222658433,0.537300182450172,21.6806515515992,-13.5305893717092,R1,1,0,1,0.166111627906977,0.561588372093023,4,0.0706344222658433,0.537300182450172,0.0332453013052882,0.845714653388184,0.0463316812354753,0.16579024085741,0.561746396332418,4,9213.2002906647,,1
2,34,7,0.165760465116279,0.577367441860465,4,0.0690892542204814,0.541457478223319,19.201102829335,-14.7308147856745,R1,1,0,1,0.165760465116279,0.577367441860465,4,0.0690892542204814,0.541457478223319,0.0320412538362546,0.847604026789351,0.0395657443618328,0.165428427510908,0.577617053124009,4,9032.24860611963,,1
2,35,6,0.165409302325581,0.593146511627907,4,0.0676040969645356,0.545453314146238,16.4564351246404,-15.8668379363897,R1,1,0,1,0.165409302325581,0.593146511627907,4,0.0676040969645356,0.545453314146238,0.0309012672649746,0.849392876781447,0.0331597866430142,0.165066504955514,0.593492500277364,4,8869.06766710097,,1
2,36,5,0.165058139534884,0.608925581395349,4,0.0661755210710412,0.54929691713911,13.3702655578974,-16.9435519121651,R1,1,0,1,0.165058139534884,0.608925581395349,4,0.0661755210710412,0.54929691713911,0.0298203615672588,0.851089017944447,0.0270858236928861,0.164704473141778,0.609372739961677,4,8721.15485040585,,1
2,37,4,0.164706976744186,0.624704651162791,4,0.0648003535363239,0.552996824211749,9.84298925426572,-17.9653634233689,R1,1,0,1,0.164706976744186,0.624704651162791,4,0.0648003535363239,0.552996824211749,0.0287940598696398,0.852699475321689,0.0213186984939306,0.164342332020216,0.625257774347454,4,8586.45627434441,,1
2,38,3,0.164355813953488,0.640483720930233,4,0.0634756542533484,0.556560945762369,5.74201238506715,-21.7978952189707,R4,1,0,1,0.164355813953488,0.640483720930233,4,0.0634756542533484,0.556560945762369,0.0278183264708235,0.854230581675688,0.0158357331194894,0.163980081541316,0.641147605606509,4,8463.27232659145,,1
2,39,2,0.164004651162791,0.656262790697674,4,0.0621986950286554,0.559996622032813,0.886803985689371,-28.8771770556605,R4,1,0,1,0.164004651162791,0.656262790697674,4,0.0621986950286554,0.559996622032813,0.0268895138043498,0.855688060713546,0.0106164306995905,0.163617721655537,0.657042235911969,4,8350.1834858188,,1
2,40,1,0.163653488372093,0.672041860465116,4,0.0609669408277334,0.563310673568127,-4.97476351294317,-37.5927356990383,R4,1,0,1,0.163653488372093,0.672041860465116,4,0.0609669408277334,0.563310673568127,0.0260043168729289,0.857077098587911,0.0056422193725708,0.163255252313306,0.672941667438276,4,8245.9953025004,,1
2,41,0,0.163302325581395,0.687820930232558,4,0.0597780329775198,0.566509446410466,-12.2054246832084,-48.4541868950413,R4,1,0,1,0.163302325581395,0.687820930232558,4,0.0597780329775198,0.566509446410466,0.0251597339546176,0.858402405556263,0.000896231480218859,0.162892673465021,0.688845902361182,4,8149.69440780721,,1
3,0,40,0.1905,0.0471186046511628,4,0.239289798744178,0.133169308158463,0,0,,0,0,0,0,0,0,0,0,0,0,0,0,0,0,0,,0
3,1,39,0.190148837209302,0.0628976744186047,4,0.225396685375294,0.167753255631885,-62.1784538330385,-168.749554993893,R3,1.06745371002378,0.347212967048692,0.652787032951308,0.180587195378885,0.0438283537257886,2.61114813180523,0.22824714839917,0.124639610554304,0.401456308267808,0,1.93282035822551,0.19006810738828,0.0626220505547322,4,24999.9994413748,B-R,1
3,2,38,0.189797674418605,0.0786767441860465,4,0.212985060799376,0.198649352208389,-5.43449620865157,-90.784965979263,R3,1.15285331749783,0.582409123449876,0.417590876550125,0.168076862529331,0.037876639017561,1.6703635062005,0.21559607255002,0.109316788783768,0.171090327264219,0,1.46481225471922,0.189704553114256,0.078348442127271,4,24999.9994413748,B-R,1
3,3,37,0.189446511627907,0.0944558139534884,4,0.201829952653134,0.226417618683058,25.8752555228845,-39.1980412563218,R3,1.15793792964468,0.499052458814195,0.500947541185805,0.166947702603756,0.0547906211670033,2.00379016474322,0.200924421713197,0.148368266400681,0.133951440228938,0.144439402799447,1.18466526328678,0.189347554098555,0.0940761093399917,4,24999.9994413748,,1
3,4,36,0.189095348837209,0.11023488372093,4,0.191749745016773,0.251510149216774,46.1227664336759,-3.67437667429327,R3,1.14302519197133,0.392293780321571,0.607706219678429,0.168670686190252,0.0765717427817617,2.43082487871372,0.188378909297396,0.192417122717503,0.130343619896459,0.275977602706839,0.990922774964382,0.18899199220638,0.109807173998634,4,24999.9994413748,,1
3,5,35,0.188744186046512,0.126013953488372,4,0.182596213985844,0.274295915658368,59.1322678961857,22.045502896299,R3,1.12062890327661,0.295219239053526,0.704780760946474,0.171475457211632,0.0995255295228278,2.81912304378589,0.17809361913195,0.232575201041476,0.135900503347499,0.384837693753459,0.847938053935393,0.188636970273651,0.12554198420423,4,24999.9994413748,,1
3,6,34,0.188393023255814,0.141793023255814,4,0.17424719057621,0.295079031680427,67.055882367705,41.2253349583785,R3,1.09691452046005,0.2153450716399,0.7846549283601,0.17448511342198,0.122041167838239,3.1386197134404,0.169587272428387,0.266884743554709,0.14235473388603,0.472120727223708,0.737354876787886,0.188282038954553,0.141280826703021,4,24999.9994413748,,1
3,7,33,0.188041860465116,0.157572093023256,4,0.166601076773142,0.314112403907372,71.575141675263,55.5821121291351,R3,1.0774216553449,0.157605432261909,0.842394567738091,0.176904125167488,0.14301466121408,3.36957827095236,0.162209275304177,0.295053522328834,0.144542847535781,0.538228758898853,0.64811344268981,0.187926723001282,0.157024255199688,4,24999.9994413748,,1
3,8,32,0.187690697674419,0.173351162790698,4,0.159572690721762,0.331608074429162,73.8050685252401,55.6185760211781,R4,1.06259787840993,0.117445841620133,0.882554158379867,0.178663501301862,0.162568751022819,3.53021663351947,0.155579474227044,0.318519515220264,0.142908016295882,0.58804734840741,0.574190391196379,0.187570942045816,0.17277249774156,4,24999.9994413748,,1
3,9,31,0.187339534883721,0.18913023255814,4,0.15309007981756,0.347745153933865,74.4455131086095,53.9978515335081,R4,1.05080454435699,0.0883473232290136,0.911652676770986,0.179995206321454,0.181180857317612,3.64661070708395,0.149554201121458,0.338713500147615,0.139433627242714,0.626928918549256,0.512029812237484,0.187214813448844,0.188525512100765,4,24999.9994413748,,1
3,10,30,0.186988372093023,0.204909302325581,4,0.147092048467841,0.362675975819132,74.1153372851514,52.3756350185333,R4,1.04147253258226,0.0671621817516244,0.932837818248376,0.180978519883102,0.199074502782258,3.7313512729935,0.144006992817106,0.356413960889886,0.134831657759869,0.657756664958607,0.458992150326457,0.186858371570929,0.204283335808229,4,24999.9994413748,,1
3,11,29,0.186637209302326,0.220688372093023,4,0.141526220283179,0.376530919953938,73.1195691938588,51.2560493616624,R4,1.02841422519828,0.0432675222428423,0.956732477757158,0.182509679654511,0.21713910496779,3.82692991102863,0.139303088835534,0.372902594503895,0.133668147735819,0.687630364688065,0.414292064438118,0.186502211993658,0.220044968105083,4,24999.9994413748,,1
3,12,28,0.186286046511628,0.236467441860465,4,0.136347504602194,0.389422229938646,71.5688061670019,50.4889502647223,R4,1.01297331702968,0.0187178260143608,0.981282173985639,0.184396950529078,0.235051630585461,3.92512869594256,0.135291890700147,0.388028672390385,0.134522206391605,0.715830885369019,0.376062031739727,0.186146229415006,0.235810471811252,4,24999.9994413748,,1
3,13,27,0.18593488372093,0.252246511627907,4,0.131516872230319,0.401447060642648,69.7558481373432,49.7627291536136,R4,1,0,1,0.18593488372093,0.252246511627907,4,0.131516872230319,0.401447060642648,0.133932022993472,0.738841743460986,0.342252568120888,0.185789936317399,0.25158075305789,4,24999.9994413748,,1
3,14,26,0.185583720930233,0.268025581395349,4,0.127000370015238,0.412689931208995,67.691786798092,47.9146592108903,R1,1,0,1,0.185583720930233,0.268025581395349,4,0.127000370015238,0.412689931208995,0.125410744534315,0.749203507345178,0.310256413352053,0.185432188644644,0.267358396314064,4,24999.9994413748,,1
3,15,25,0.185232558139535,0.283804651162791,4,0.122768321611386,0.423224714580992,65.5643238952301,44.2726487931118,R1,1,0,1,0.185232558139535,0.283804651162791,4,0.122768321611386,0.423224714580992,0.117837004085996,0.758413077320126,0.281818125280037,0.185074333305561,0.283140787947506,4,24999.9994413748,,1
3,16,24,0.184881395348837,0.299583720930233,4,0.118794674644191,0.433116262597811,63.5295431281695,40.9492175927128,R1,1,0,1,0.184881395348837,0.299583720930233,4,0.118794674644191,0.433116262597811,0.111061081213102,0.766652511489886,0.256375525559589,0.184716370251538,0.298927930102119,4,24999.9994413748,,1
3,17,23,0.18453023255814,0.315362790697674,4,0.115056463914715,0.442421742232224,61.6149401401694,37.8912595206769,R1,1,0,1,0.18453023255814,0.315362790697674,4,0.115056463914715,0.442421742232224,0.104963220324081,0.774067431097727,0.233478949453188,0.184358299433935,0.314719824923096,4,24907.7583756879,,1
3,18,22,0.184179069767442,0.331141860465116,4,0.111533367273434,0.451191741148288,59.2118338002339,33.6302261449782,R1,1,0,1,0.184179069767442,0.331141860465116,4,0.111533367273434,0.451191741148288,0.0994464914747535,0.780775701696302,0.212764439191987,0.184000120804081,0.33051647455692,4,20046.390796241,,1
3,19,21,0.183827906976744,0.346920930232558,4,0.108207336020972,0.459471187739988,56.9022518005617,29.7094489258087,R1,1,0,1,0.183827906976744,0.346920930232558,4,0.108207336020972,0.459471187739988,0.0944315994522976,0.786873745234072,0.193934252845119,0.183641834313276,0.34631788115137,4,17183.1656181367,,1
3,20,20,0.183476744186047,0.3627,4,0.105062285642375,0.467300120982428,54.6730563182702,26.0947244814547,R1,1,0,1,0.183476744186047,0.3627,4,0.105062285642375,0.467300120982428,0.0898530478274074,0.792441204518038,0.176742460896382,0.183283439912793,0.362124046855515,4,15288.3544358977,,1
3,21,19,0.183125581395349,0.378479069767442,4,0.102083835688895,0.474714337940744,52.5073501346826,22.7548562243796,R1,1,0,1,0.183125581395349,0.378479069767442,4,0.102083835688895,0.474714337940744,0.0856562625473106,0.797544440887257,0.160984145756565,0.182924937553873,0.377934973819723,4,13938.1102120861,,1
3,22,18,0.182774418604651,0.394258139534884,4,0.0992590899303041,0.481745941034091,50.3896554487541,19.6619574503938,R1,1,0,1,0.182774418604651,0.394258139534884,4,0.0992590899303041,0.481745941034091,0.0817954062492342,0.802239191979268,0.146487194830061,0.182566327187728,0.393750664195655,4,12925.3707157061,,1
3,23,17,0.182423255813953,0.410037209302326,4,0.0965764496870949,0.488423802705401,48.3078423399237,16.7913070852168,R1,1,0,1,0.182423255813953,0.410037209302326,4,0.0965764496870949,0.488423802705401,0.078231697231977,0.806572615838818,0.133105988498902,0.182207608765542,0.409571120136268,4,12136.7000206095,,1
3,24,16,0.182072093023256,0.425816279069767,4,0.0940254546437161,0.494773961682925,46.2520633126363,14.1210594835963,R1,1,0,1,0.182072093023256,0.425816279069767,4,0.0940254546437161,0.494773961682925,0.0749321021811328,0.810584880547003,0.120716491497095,0.181848782238467,0.425396343795819,4,11504.614307246,,1
3,25,15,0.181720930232558,0.441595348837209,4,0.0915966465358791,0.500819962301662,44.2122101040148,11.6319228199215,R1,1,0,1,0.181720930232558,0.441595348837209,4,0.0915966465358791,0.500819962301662,0.0718683091632976,0.814310413046968,0.109212396654028,0.18148984755763,0.441226337329862,4,10986.3869787194,,1
3,26,14,0.18136976744186,0.457374418604651,4,0.0892814519669589,0.506583146206978,42.1759671592374,9.30684513316214,R1,1,0,1,0.18136976744186,0.457374418604651,4,0.0892814519669589,0.506583146206978,0.0690159132057916,0.817778889468383,0.0985020668653944,0.181130804674123,0.457061102895252,4,10553.6118164476,,1
3,27,13,0.181018604651163,0.473153488372093,4,0.0870720812932281,0.512082904058285,40.1279430503636,7.13074248211744,R1,1,0,1,0.181018604651163,0.473153488372093,4,0.0870720812932281,0.512082904058285,0.0663537648356921,0.821016027295514,0.0885060889525065,0.180771653539013,0.472900642650142,4,10186.6520328867,,1
3,28,12,0.180667441860465,0.488932558139535,4,0.0849614410646783,0.517336893488973,38.0493001313167,5.09023798219384,R1,1,0,1,0.180667441860465,0.488932558139535,4,0.0849614410646783,0.517336893488973,0.0638634447644603,0.824044224143892,0.0791553011798763,0.180412394103335,0.488744958753989,4,9871.48315646846,,1
3,29,11,0.180316279069767,0.504711627906977,4,0.0829430579476043,0.522361228484933,35.9173818207323,3.17345011409026,R1,1,0,1,0.180316279069767,0.504711627906977,4,0.0829430579476043,0.522361228484933,0.0615288371118633,0.826883076714475,0.0703891907734355,0.180053026318095,0.504594053367552,4,9597.8172055532,,1
3,30,10,0.17996511627907,0.520490697674419,4,0.0810110124099638,0.52717064446074,33.7050567494494,1.3698068993435,R1,1,0,1,0.17996511627907,0.520490697674419,4,0.0810110124099638,0.52717064446074,0.0593357802581355,0.829549805352889,0.0621545829214507,0.17969355013427,0.520447928652893,4,9357.93356843914,,1
3,31,9,0.179613953488372,0.53626976744186,4,0.0791598807384867,0.531778642595711,31.3796409950319,-0.330128540799294,R1,1,0,1,0.179613953488372,0.53626976744186,4,0.0791598807384867,0.531778642595711,0.0572717793355822,0.832059603655897,0.0544045612225278,0.179333965502808,0.536306586773379,4,9145.91899896661,,1
3,32,8,0.179262790697674,0.552048837209302,4,0.0773846841913199,0.536197616407565,28.9013070407885,-1.93478341685669,R1,1,0,1,0.179262790697674,0.552048837209302,4,0.0773846841913199,0.536197616407565,0.0553257680268523,0.834425928121606,0.0470975732729546,0.178974272374625,0.552170029893682,4,8957.17136869503,,1
3,33,7,0.178911627906977,0.567827906976744,4,0.0756808442823246,0.540438963062648,26.2207699754447,-3.45171340530783,R1,1,0,1,0.178911627906977,0.567827906976744,4,0.0756808442823246,0.540438963062648,0.0534879100787848,0.836660739506052,0.0401966853802103,0.17861447070061,0.568038260179781,4,8788.04928008282,,1
3,34,6,0.178560465116279,0.583606976744186,4,0.0740441433513748,0.544513181527779,23.2760090223708,-4.88769603011824,R1,1,0,1,0.178560465116279,0.583606976744186,4,0.0740441433513748,0.544513181527779,0.0517494330152535,0.838774705026219,0.0336689581790136,0.17825456043162,0.583911279798963,4,8635.63591594157,,1
3,35,5,0.178209302325581,0.599386046511628,4,0.0724706897057196,0.548429959343404,19.9875469714451,-6.24881711635585,R1,1,0,1,0.178209302325581,0.599386046511628,4,0.0724706897057196,0.548429959343404,0.0501024881154562,0.840777368624617,0.027484920870266,0.177894541518484,0.599789090919821,4,8497.56789728497,,1
3,36,4,0.177858139534884,0.61516511627907,4,0.0709568867258879,0.552198249527868,16.2515432431262,-7.54055788036497,R1,1,0,1,0.177858139534884,0.61516511627907,4,0.0709568867258879,0.552198249527868,0.0485400319416588,0.842677295030013,0.0216181263750556,0.177534413912002,0.61567169571226,4,8371.90652296437,,1
3,37,3,0.177506976744186,0.630944186046512,4,0.0694994054198755,0.555826338897923,11.9294711046624,-13.5545935079704,R4,1,0,1,0.177506976744186,0.630944186046512,4,0.0694994054198755,0.555826338897923,0.0470557256439366,0.844482192201551,0.0160447732386799,0.177174177562942,0.631559096347495,4,8257.04926002755,,1
3,38,2,0.177155813953488,0.646723255813954,4,0.0680951599847857,0.559321908902823,6.83220265403074,-21.0892094311997,R4,1,0,1,0.177155813953488,0.646723255813954,4,0.0680951599847857,0.559321908902823,0.0456438490057866,0.846199015848171,0.0107433828844892,0.176813832422043,0.647451294998052,4,8151.65927760521,,1
3,39,1,0.176804651162791,0.662502325581395,4,0.0667412859983408,0.562692089911905,0.694617205556003,-30.3288684145089,R4,1,0,1,0.176804651162791,0.662502325581395,4,0.0667412859983408,0.562692089911905,0.0442992267729908,0.847834059011757,0.00569452298953828,0.176453378440016,0.663348293837768,4,8054.61005591287,,1
3,40,0,0.176453488372093,0.678281395348837,4,0.0654351209159106,0.565943509763092,-6.86665396023578,-41.8129212220566,R4,1,0,1,0.176453488372093,0.678281395348837,4,0.0654351209159106,0.565943509763092,0.0430171652654858,0.84939302914628,0.000880569471423719,0.17609281556754,0.679250095041796,4,7964.94805838593,,1
4,0,39,0.2033,0.0533581395348837,4,0.251476817524757,0.148505922372689,0,0,,0,0,0,0,0,0,0,0,0,0,0,0,0,0,0,,0
4,1,38,0.202948837209302,0.0691372093023256,4,0.237107155762893,0.181740809068259,-82.51837203585,-167.17917617752,R3,1.06819811030518,0.319140869568626,0.680859130431374,0.194154611585321,0.0502829694070471,2.7234365217255,0.241554455269022,0.140757250970338,0.532898482030546,0,1.71175202812547,0.20283463559235,0.0688403824197265,4,24999.9994413748,B-R,1
4,2,37,0.202597674418605,0.0849162790697674,4,0.224248906324207,0.211480024248134,-17.9863899489044,-79.280469080552,R3,1.15372163941749,0.54227145916743,0.45772854083257,0.182721108949738,0.0448435501189195,1.83091416333028,0.230368126456632,0.127208512135578,0.295035014530063,0,1.31921126211812,0.202473732956062,0.0845694842641198,4,24999.9994413748,B-R,1
4,3,36,0.202246511627907,0.100695348837209,4,0.212675525905203,0.238247528820241,20.8940134871291,-33.0368205030193,R3,1.25413163078661,0.69547244067238,0.30452755932762,0.169297459190734,0.0384573304499831,1.21811023731048,0.216846951389995,0.110831837286362,0.131718470838018,0,1.04969361892468,0.202112678533564,0.100305201357406,4,24999.9994413748,B-R,1
4,4,35,0.201895348837209,0.116474418604651,4,0.202203591754407,0.262467552280278,43.6983039969048,-0.413126804304412,R3,1.2847482520426,0.657636961104812,0.342363038895188,0.164876751661197,0.0512313098040817,1.36945215558075,0.200761810306353,0.140358803732247,0.0850939856430409,0.0900004842375483,0.872826454767441,0.201756086870939,0.116042477326903,4,24999.9994413748,,1
4,5,34,0.201544186046512,0.132253488372093,4,0.192683008170752,0.284487243621811,59.2906492204586,24.5504158433603,R3,1.27119328951882,0.557485973937767,0.442514026062233,0.166192564052561,0.0743953460763548,1.77005610424893,0.186714387952914,0.188059156400024,0.0841592240371452,0.201466945599353,0.747527233423291,0.201401885023167,0.131781887558159,4,24999.9994413748,,1
4,6,33,0.201193023255814,0.148032558139535,4,0.183989766176704,0.304593417133572,69.968239957576,43.2986097064529,R3,1.25049567784506,0.467664636891216,0.532335363108784,0.1684514905172,0.0985427678705823,2.12934145243514,0.175214314808723,0.230622672867245,0.0887630947108959,0.295804048456341,0.650386311977615,0.20104801705578,0.147525200560512,4,24999.9994413748,,1
4,7,32,0.200841860465116,0.163811627906977,4,0.176020512151575,0.323025114341385,76.6127900579242,58.0156860373051,R3,1.22268992822649,0.384249444317925,0.615750555682075,0.171656532778595,0.12332918837317,2.4630022227283,0.165986548677136,0.268324883971308,0.0977597650913688,0.378526611729626,0.573389873014697,0.200694528605758,0.163272162074145,4,24999.9994413748,,1
4,8,31,0.200490697674419,0.179590697674419,4,0.16868841921746,0.339983152877365,80.2151092031777,68.9922088054864,R4,1.19936620253047,0.31988187010197,0.68011812989803,0.174292124092589,0.146494053485035,2.72047251959212,0.158111599850694,0.299011908271092,0.103048824922651,0.444070803849637,0.50934728270973,0.200340733205703,0.179023716517293,4,24999.9994413748,,1
4,9,30,0.200139534883721,0.19536976744186,4,0.161920010837314,0.355637473024307,81.6136227271664,67.1443841682093,R4,1.18160130693119,0.271871936917672,0.728128063082328,0.176211662216744,0.168087760868726,2.91251225232931,0.151104520226165,0.324310805088008,0.104595912924915,0.495440105028796,0.454867195464048,0.19998652724262,0.194780142675115,4,24999.9994413748,,1
4,10,29,0.199788372093023,0.211148837209302,4,0.155652689891335,0.370132852593864,81.4431092737238,65.0421582481069,R4,1.16855525948043,0.236090272655966,0.763909727344034,0.177520262370781,0.188486386577671,3.05563890937614,0.14471378735904,0.345719985041381,0.103463847978655,0.536090548330003,0.407866466858169,0.19963193384078,0.210541529035901,4,24999.9994413748,,1
4,11,28,0.199437209302326,0.226927906976744,4,0.149832796955751,0.383593397838416,80.3350231001111,63.2022336692268,R4,1.15525875649483,0.204673992249476,0.795326007750524,0.17887120113677,0.208503025383314,3.18130403100209,0.139083189672258,0.364778386320671,0.102785064109797,0.571455418927533,0.367482130807622,0.19927727718085,0.226307320419694,4,24999.9994413748,,1
4,12,27,0.199086046511628,0.242706976744186,4,0.144414070111009,0.396126105685249,78.501280925696,61.8678982617123,R4,1.13684318631403,0.171401290720135,0.828598709279864,0.180911361929316,0.228626767592377,3.31439483711946,0.134464137935579,0.382340428993983,0.105072971448692,0.605798039860595,0.333128620527595,0.198922912595451,0.242076711345115,4,24999.9994413748,,1
4,13,26,0.19873488372093,0.258486046511628,4,0.139356412635616,0.407823713877098,76.2633379680736,60.6387436854671,R4,1.12159455514945,0.144948880526388,0.855051119473612,0.182542730645553,0.2478934640899,3.42020447789445,0.13016368772451,0.397715847149481,0.105745330800686,0.634287738613777,0.302607265095331,0.198568255159123,0.257850925294504,4,24999.9994413748,,1
4,14,25,0.198383720930233,0.27426511627907,4,0.134624899096425,0.418766999737236,73.8911005309803,59.1073001214746,R1,1.10612642058106,0.120898778025841,0.879101221974159,0.184214116143256,0.266694600407201,3.51640488789664,0.126349145834288,0.411572306441432,0.106651078333363,0.659885359936818,0.275682019004599,0.198213546572741,0.273629439061596,4,24999.9994413748,,1
4,15,24,0.198032558139535,0.290044186046512,4,0.130188967710372,0.429026648116438,71.6308573669617,55.9968790615411,R1,1.08970556888813,0.0980888863369473,0.901911113663053,0.186023903111843,0.285060520150771,3.60764445465221,0.123017882397204,0.424149623538149,0.108125180608788,0.683526387612712,0.251867041108069,0.197858848732574,0.289412071474247,4,24999.9994413748,,1
4,16,23,0.197681395348837,0.305823255813953,4,0.126021759483359,0.438664779866288,69.5255288134683,53.0485305734709,R1,1.07087951398972,0.0747968566102527,0.925203143389747,0.188168045882784,0.303003899517953,3.70081257355899,0.120240729852988,0.435648742456148,0.110821095454337,0.706434810920327,0.230881773549578,0.19750429191155,0.305198418582123,4,23773.8252934126,,1
4,17,22,0.19733023255814,0.321602325581395,4,0.122099573920664,0.447736210699901,67.4510689811346,49.8379822274815,R1,1.04091912414768,0.0422438892045087,0.957756110795491,0.191823755537662,0.320620361762605,3.83102444318197,0.118706550085306,0.446422332217633,0.118846471339948,0.73404513236774,0.213471273297701,0.197150666804061,0.320986087319679,4,19138.2056404934,,1
4,18,21,0.196979069767442,0.337381395348837,4,0.118401418004491,0.456289494339654,65.5381219766273,46.9456104936359,R1,1.01235738712029,0.0125038973456541,0.987496102654346,0.195311799601928,0.337279834869574,3.94998441061738,0.117361929920281,0.456007153456007,0.126233553940111,0.759212454745775,0.197719772795556,0.196796973443492,0.336777708151057,4,16422.0719641605,,1
4,19,20,0.196627906976744,0.353160465116279,4,0.114908630310872,0.464367791878794,63.6576785518404,43.4419760253753,R1,1,0,1,0.196627906976744,0.353160465116279,4,0.114908630310872,0.464367791878794,0.125897590772279,0.773356023002482,0.181462321002915,0.196441754614354,0.352577897033633,4,14630.933367387,,1
4,20,19,0.196276744186047,0.368939534883721,4,0.111604566056074,0.472009600222154,61.4877175863777,39.4968207105632,R1,1,0,1,0.196276744186047,0.368939534883721,4,0.111604566056074,0.472009600222154,0.120050711967688,0.779407460577984,0.165094686509536,0.196085256090662,0.368386410265456,4,13358.024793901,,1
4,21,18,0.195925581395349,0.384718604651163,4,0.108474331853069,0.479249365554945,59.2616005113597,35.819327580815,R1,1,0,1,0.195925581395349,0.384718604651163,4,0.108474331853069,0.479249365554945,0.114683447652565,0.78496250388223,0.150069675135896,0.195728650170078,0.384199685887754,4,12405.4273182087,,1
4,22,17,0.195574418604651,0.400497674418605,4,0.105504561259125,0.486118002467715,57.0509008209543,32.3897150216208,R1,1,0,1,0.195574418604651,0.400497674418605,4,0.105504561259125,0.486118002467715,0.109739109329268,0.790079824715373,0.136228594246073,0.195371936804066,0.400017726052894,4,11665.0224886628,,1
4,23,16,0.195223255813954,0.416276744186046,4,0.102683223978746,0.492643335241534,54.8582293750276,29.1881525964143,R1,1,0,1,0.195223255813954,0.416276744186046,4,0.102683223978746,0.492643335241534,0.105169603664517,0.794809199002972,0.123436812333759,0.195015115944057,0.415840532914535,4,11072.6283245187,,1
4,24,15,0.194872093023256,0.432055813953488,4,0.0999994629780018,0.498850474578274,52.6725834135869,26.1957059844594,R1,1,0,1,0.194872093023256,0.432055813953488,4,0.0999994629780018,0.498850474578274,0.100933862973449,0.799193131222994,0.111579365350987,0.194658187541454,0.431668108627636,4,10587.6840087324,,1
4,25,14,0.194520930232558,0.44783488372093,4,0.0974434548599988,0.504762140531347,50.4799737567396,23.3947415363155,R1,1,0,1,0.194520930232558,0.44783488372093,4,0.0974434548599988,0.504762140531347,0.0969966075067823,0.803268135421239,0.100557491879819,0.194301151547633,0.447500455348456,4,10183.2639329647,,1
4,26,13,0.19416976744186,0.463613953488372,4,0.0950062897161008,0.510398940391925,48.2653153978035,20.7690758056524,R1,1,0,1,0.19416976744186,0.463613953488372,4,0.0950062897161008,0.510398940391925,0.0933273604908248,0.80706575463112,0.0902858758552229,0.193944007913938,0.463337575234554,4,9840.77804196438,,1
4,27,12,0.193818604651163,0.479393023255814,4,0.0926798673555401,0.515779608694395,46.0116965149527,18.3039799372519,R1,1,0,1,0.193818604651163,0.479393023255814,4,0.0926798673555401,0.515779608694395,0.0898996576853589,0.810613378970171,0.0806904338173724,0.193586756591684,0.479179470444787,4,9546.9692921879,,1
4,28,11,0.193467441860465,0.495172093023256,4,0.0904568073665033,0.52092121523166,43.6989069524998,15.9861092146861,R1,1,0,1,0.193467441860465,0.495172093023256,4,0.0904568073665033,0.52092121523166,0.0866904080700933,0.813934907320602,0.0717065252302067,0.193229397532158,0.49502614313932,4,9292.12254051454,,1
4,29,10,0.193116279069767,0.510951162790698,4,0.0883303709045885,0.525839345946791,41.3019447216589,13.8034058548104,R1,1,0,1,0.193116279069767,0.510951162790698,4,0.0883303709045885,0.525839345946791,0.0836793729898678,0.817051286406709,0.0632774944110335,0.192871930686615,0.510877595479615,4,9068.95291069546,,1
4,30,9,0.19276511627907,0.526730232558139,4,0.0862943924625535,0.53054826073943,38.7895342118882,11.7449930247375,R1,1,0,1,0.19276511627907,0.526730232558139,4,0.0862943924625535,0.53054826073943,0.0808487389182283,0.819980952978584,0.0553534745335019,0.192514356006284,0.526733829628442,4,8871.89013566817,,1
4,31,8,0.192413953488372,0.542509302325581,4,0.0843432201662032,0.535061031552507,36.1223866718954,9.80106124377794,R1,1,0,1,0.192413953488372,0.542509302325581,4,0.0843432201662032,0.535061031552507,0.0781827647789108,0.822740198829432,0.0478904003464872,0.192156673442362,0.542594847749874,4,8696.60011709257,,1
4,32,7,0.192062790697674,0.558288372093023,4,0.0824716633787648,0.539389663555518,33.2508673216651,7.96276414687026,R1,1,0,1,0.192062790697674,0.558288372093023,4,0.0824716633787648,0.539389663555518,0.0756674890744712,0.825343473913335,0.0408491883158883,0.191798882946018,0.558460652009292,4,8539.65940230526,,1
4,33,6,0.191711627906977,0.574067441860465,4,0.0806749465908679,0.543545201790123,30.1116714204355,6.2221204724563,R1,1,0,1,0.191711627906977,0.574067441860465,4,0.0806749465908679,0.543545201790123,0.0732904853148612,0.827803639473243,0.0341950519763199,0.191440984468391,0.574331244573382,4,8398.32678786022,,1
4,34,5,0.191360465116279,0.589846511627907,4,0.0789486687336503,0.547537825272881,26.6229857090646,4.57193515275618,R1,1,0,1,0.191360465116279,0.589846511627907,4,0.0789486687336503,0.547537825272881,0.0710406567013985,0.83013218054019,0.0278969271735644,0.19108297796059,0.59020662761014,4,8270.38307444129,,1
4,35,4,0.191009302325581,0.605625581395349,4,0.0772887671851622,0.551376930243062,22.6773108159462,1.54630511130163,R4,1,0,1,0.191009302325581,0.605625581395349,4,0.0772887671851622,0.551376930243062,0.068908062906765,0.832339385213561,0.0219269871559949,0.190724863373694,0.606086803288869,4,8154.01091449263,,1
4,36,3,0.190658139534884,0.621404651162791,4,0.075691485850374,0.555071203988845,18.1306036280998,-5.11097057988368,R4,1,0,1,0.190658139534884,0.621404651162791,4,0.075691485850374,0.555071203988845,0.0668837732460262,0.834434496627034,0.0162602315444912,0.190366640658756,0.621971773780183,4,8047.70830855014,,1
4,37,2,0.190306976744186,0.637183720930233,4,0.0741533467868726,0.558628690472846,12.7853790904363,-13.1297135981494,R4,1,0,1,0.190306976744186,0.637183720930233,4,0.0741533467868726,0.558628690472846,0.0649597416638825,0.83642584233502,0.0108741363742758,0.190008309766794,0.637861541256007,4,7950.22013496621,,1
4,38,1,0.189955813953488,0.652962790697674,4,0.0726711249250989,0.562056848800447,6.36348673629669,-22.9244730806869,R4,1,0,1,0.189955813953488,0.652962790697674,4,0.0726711249250989,0.562056848800447,0.0631286998477773,0.838320944939095,0.00574835487790415,0.189649870648801,0.653756107889578,4,7860.49489094601,,1
4,39,0,0.189604651162791,0.668741860465116,4,0.0712418254964121,0.565362605425319,-1.53970876601603,-35.0656723642155,R4,1,0,1,0.189604651162791,0.668741860465116,4,0.0712418254964121,0.565362605425319,0.0613840654730826,0.84012661705295,0.000864460628691421,0.189291323255738,0.669655475855446,4,7777.64091958804,,1
5,0,38,0.2161,0.0595976744186047,4,0.263298004219092,0.163382159387622,0,0,,0,0,0,0,0,0,0,0,0,0,0,0,0,0,0,,0
5,1,37,0.215748837209302,0.0753767441860465,4,0.248485335476095,0.195331458417035,-99.0301076840799,-173.39051178169,R2,1.06894354954213,0.295716275330509,0.704283724669491,0.207740963763066,0.0567465937614007,2.81713489867796,0.254469348510616,0.156399605002998,0.64257961962116,0,1.52728287917182,0.215603441262223,0.0750598235947815,4,24999.9994413748,B-R,1
5,2,36,0.215397674418605,0.0911558139534884,4,0.235209717088581,0.223965508703453,-31.4956327529641,-82.7500774578529,R2,1.15459127035239,0.507628570162164,0.492371429837836,0.197387431907969,0.0518209639987775,1.96948571935135,0.244664072165305,0.144523579308302,0.402011893242484,0,1.19354278798265,0.21524519121567,0.0907916364278711,4,24999.9994413748,B-R,1
5,3,35,0.215046511627907,0.10693488372093,4,0.223243709124094,0.249774873192648,11.838097759462,-24.8685992430605,R2,1.25515928649118,0.65700226639294,0.34299773360706,0.185230258910879,0.0460372629408293,1.37199093442824,0.232848569167168,0.130212792721574,0.232439426899446,0,0.958294563990139,0.214886790485071,0.106530066240433,4,24999.9994413748,B-R,1
5,4,34,0.214695348837209,0.122713953488372,4,0.212402635275279,0.273157878389431,40.5807331390471,10.5094051502455,R3,1.37491838941037,0.767961782210738,0.232038217789262,0.170753169791852,0.0391498759081886,0.928152871157047,0.218334043549518,0.112632984349935,0.106475624461404,0,0.783544727239247,0.214528238975337,0.12227511720811,4,24999.9994413748,B-R,1
5,5,33,0.214344186046512,0.138493023255814,4,0.202534983475142,0.294441319175867,58.147676736391,30.900762447981,R3,1.44558965907522,0.769194036546474,0.230805963453526,0.161962530984667,0.0462082960962722,0.923223853814103,0.200537126045604,0.128730870005039,0.050125524147658,0.0508262700348805,0.659698296692932,0.214172272517383,0.138022750526285,4,24999.9994413748,,1
5,6,32,0.213993023255814,0.154272093023256,4,0.193515281202517,0.313895825994606,70.2946116859523,48.5641899176651,R3,1.43095742866652,0.674674071202999,0.325325928797001,0.163180135736297,0.0718179102004115,1.301303715188,0.184621387456647,0.182822651008478,0.0515699074417684,0.148736922023079,0.573720858500026,0.213819637346215,0.15377041326176,4,24999.9994413748,,1
5,7,31,0.213641860465116,0.170051162790698,4,0.185238731844826,0.331747433625107,79.1202509555049,62.0106387660446,R3,1.41463724367473,0.595685939228946,0.404314060771054,0.164607631446271,0.0972620767999287,1.61725624308422,0.171558778908672,0.228080962665261,0.0537196517947704,0.229686629767134,0.503962852264945,0.213466981004376,0.169522473687547,4,24999.9994413748,,1
5,8,30,0.213290697674419,0.18583023255814,4,0.177617124370719,0.348186403570353,84.7135203610958,73.1379972545692,R3,1.38200474598719,0.514063285431999,0.485936714568001,0.167981381267817,0.124797423130079,1.943746858272,0.161458214498884,0.269890211410803,0.0632794049868472,0.306548831501714,0.448157745766483,0.213114929390827,0.185277667316222,4,24999.9994413748,,1
5,9,29,0.212939534883721,0.201609302325581,4,0.170575677075377,0.363374031751473,87.4282141004322,78.076456771864,R4,1.35282356107238,0.447074178969526,0.552925821030474,0.170967479954568,0.150805991610796,2.2117032841219,0.153068528673711,0.303790026785515,0.0704430609525567,0.37026194090913,0.400844131517774,0.212762693099224,0.201037333296089,4,24999.9994413748,,1
5,10,28,0.212588372093023,0.217388372093023,4,0.164050575665643,0.377447958587607,87.8348327311465,75.8808482306391,R4,1.33230764133204,0.396527427566128,0.603472572433871,0.172940206439769,0.174782668431914,2.41389028973549,0.14558752725137,0.33106180633933,0.0733122715161503,0.420682544982749,0.359517296328347,0.212410012049884,0.216802107913176,4,24999.9994413748,,1
5,11,27,0.212237209302326,0.233167441860465,4,0.15798703378314,0.390526352234465,86.7135523883344,73.629150356031,R4,1.31667808524379,0.356487436593255,0.643512563406745,0.174342625869258,0.197562514629776,2.57405025362698,0.138861307859546,0.354050108598743,0.074017309750902,0.462072695964017,0.323302747801931,0.212057027197906,0.232571813355125,4,24999.9994413748,,1
5,12,26,0.211886046511628,0.248946511627907,4,0.152337751040612,0.402711234430529,84.608092633112,71.8277055778785,R4,1.2959699265852,0.317044592142259,0.682955407857741,0.176365525508475,0.220339985770215,2.73182163143096,0.133323682033008,0.374773985811028,0.0768027381833626,0.500911614568528,0.292266832903301,0.211704209550757,0.248345326767493,4,24999.9994413748,,1
5,13,25,0.21153488372093,0.264725581395349,4,0.147061676658324,0.414091147197486,81.7975649816787,70.244569732952,R4,1.27751524503657,0.283595004986779,0.716404995013221,0.178131728982889,0.242281697299089,2.86561998005288,0.128357396814384,0.392810187786114,0.0786305375606277,0.534343315958877,0.264761252107285,0.211351210661432,0.26412348223514,4,24999.9994413748,,1
5,14,24,0.211183720930233,0.280504651162791,4,0.142123010298984,0.424743307929537,79.0046852363335,68.1743725380893,R1,1.25612131903367,0.251216297268033,0.748783702731967,0.180265708306048,0.263832344555648,2.99513481092787,0.124204325041576,0.409010215099163,0.0815570822904652,0.565634319237218,0.240703566336429,0.2109982952428,0.279905552222303,4,24999.9994413748,,1
5,15,23,0.210832558139535,0.296283720930233,4,0.137490388654745,0.434735363835863,76.4460551876967,64.521043527834,R1,1.22823127780094,0.216750921525832,0.783249078474168,0.183201181183629,0.285028203541752,3.13299631389667,0.121045996362473,0.423733220490013,0.0868536874318009,0.596924187873367,0.219934889721236,0.210645680448302,0.295690792447661,4,22595.9793716525,,1
5,16,22,0.210481395348837,0.312062790697674,4,0.133136218708973,0.444126830021734,74.0661998480755,60.7499629818171,R1,1.18932988720863,0.176298488716058,0.823701511283942,0.187493224625203,0.305713194643173,3.29480604513577,0.119164905403463,0.437179204658742,0.096203826348986,0.63075125470427,0.202509795490243,0.210293691874097,0.311477981176525,4,18198.4659684397,,1
5,17,21,0.21013023255814,0.327841860465116,4,0.129036127716576,0.452970275820507,71.8707336933347,57.3616032597339,R1,1.1523038901519,0.139332778080813,0.860667221919187,0.191584223273852,0.325137226732093,3.44266888767675,0.117563771919614,0.448913828884576,0.104851215669308,0.661567236610447,0.186815496944233,0.2099416462603,0.327269085311294,4,15636.3043965887,,1
5,18,20,0.209779069767442,0.343620930232558,4,0.125168506740617,0.461312309335013,69.8320830024759,54.1866066002916,R6,1.11713082764737,0.105453573231841,0.894546426768159,0.195474944136236,0.343389120152726,3.57818570707264,0.116186086258423,0.459231927389836,0.112853852766165,0.689738719778927,0.172603044392754,0.209589537170883,0.343064114172484,4,13953.3227016938,,1
5,19,19,0.209427906976744,0.3594,4,0.121514129691175,0.469194399128861,67.9219482128958,50.961472131606,R6,1.08429312771397,0.0747551512546986,0.925244848745301,0.199104351198138,0.360563245162453,3.70097939498121,0.114947193461343,0.46836193637406,0.120054031079244,0.715312580844204,0.159611528475168,0.209237320446981,0.35886321874026,4,12760.9563159572,,1
5,20,18,0.209076744186047,0.375179069767442,4,0.118055833687336,0.476653563650522,66.1116390046476,47.946680094513,R6,1.05275680372974,0.046162099275203,0.953837900724797,0.202596981785622,0.376739566945671,3.81535160289919,0.113887616011725,0.476504803806995,0.126879576472304,0.739022299845253,0.14777537728332,0.2088850584911,0.37466617156356,4,11870.9312422386,,1
5,21,17,0.208725581395349,0.390958139534884,4,0.11477824952683,0.483722952580695,64.3721159486142,45.1171844449579,R6,1.02300686658941,0.0198802755594484,0.980119724440552,0.205891723979284,0.392001688199906,3.92047889776221,0.112937486442847,0.483804254511879,0.133152614896101,0.760816246015879,0.136894220523212,0.208532706976949,0.390473129378071,4,11180.7058313823,,1
5,22,16,0.208374418604651,0.406737209302326,4,0.111667573332436,0.490432339365932,62.6642711967905,42.4951944534064,R6,1,0,1,0.208374418604651,0.406737209302326,4,0.111667573332436,0.490432339365932,0.136825474028841,0.778293517965597,0.126284736915164,0.208179823451941,0.406285902288747,4,10629.552812387,,1
5,23,15,0.208023255813954,0.422516279069767,4,0.108711372218259,0.496808540375124,60.6544789829061,40.2181500751821,R6,1,0,1,0.208023255813954,0.422516279069767,4,0.108711372218259,0.496808540375124,0.131311895749367,0.78339321611623,0.114053216464419,0.207824900834692,0.422111060657429,4,10179.1687098307,,1
5,24,14,0.207672093023256,0.438295348837209,4,0.105898418206194,0.502875773123439,58.4267963765591,37.4997304956038,R1,1,0,1,0.207672093023256,0.438295348837209,4,0.105898418206194,0.502875773123439,0.126195306105848,0.788125725825893,0.102702389888553,0.207469871237451,0.437940989010473,4,9804.17130524533,,1
5,25,13,0.207320930232558,0.454074418604651,4,0.103218545714742,0.508655963653289,56.1199575387234,34.4526495724074,R1,1,0,1,0.207320930232558,0.454074418604651,4,0.103218545714742,0.508655963653289,0.121434319075683,0.792529326450067,0.0921404449458293,0.20711473461184,0.45377568950484,4,9487.06486305288,,1
5,26,12,0.20696976744186,0.469853488372093,4,0.100662528807137,0.514169011296639,53.7505364890109,31.5823162655589,R1,1,0,1,0.20696976744186,0.469853488372093,4,0.100662528807137,0.514169011296639,0.116993108096435,0.796637155208344,0.0822879027009918,0.206759490909455,0.469615164298794,4,9215.38799419364,,1
5,27,11,0.206618604651163,0.485632558139535,4,0.0982219750747062,0.519433017556932,51.306369213386,28.8765286887889,R1,1,0,1,0.206618604651163,0.485632558139535,4,0.0982219750747062,0.519433017556932,0.112840502881851,0.800478042570361,0.0730756138694079,0.206404140081863,0.4854594155519,4,8980.02470823043,,1
5,28,10,0.206267441860465,0.501411627906977,4,0.0958892335834486,0.524464484658209,48.7653141062206,26.3235320567313,R1,1,0,1,0.206267441860465,0.501411627906977,4,0.0958892335834486,0.524464484658209,0.108949256773241,0.804077189907692,0.0644431334830256,0.206048682080599,0.501308445425024,4,8774.14669831612,,1
5,29,9,0.205916279069767,0.517190697674418,4,0.0936573147564428,0.529278488349954,46.0978564374769,23.9122487041376,R1,1,0,1,0.205916279069767,0.517190697674418,4,0.0936573147564428,0.529278488349954,0.105295448205972,0.807456723098077,0.0563373930820889,0.205693116857171,0.517162256080338,4,8592.5394390258,,1
5,30,8,0.20556511627907,0.53296976744186,4,0.0915198204247208,0.533888828779672,43.265996933557,21.6323727857637,R1,1,0,1,0.20556511627907,0.53296976744186,4,0.0915198204247208,0.533888828779672,0.101857988496825,0.810636147789819,0.0487116087729097,0.205337444363056,0.533020849681317,4,8431.15089162868,,1
5,31,7,0.205213953488372,0.548748837209302,4,0.0894708825721282,0.538308162613496,40.220780796239,19.4743916356159,R1,1,0,1,0.205213953488372,0.548748837209302,4,0.0894708825721282,0.538308162613496,0.0986182145517123,0.813632726120422,0.0415243776760086,0.204981664549705,0.548884228392743,4,8286.78258234732,,1
5,32,6,0.204862790697674,0.564527906976744,4,0.0875051095390811,0.542548119068775,36.8987371403181,17.4295818374435,R1,1,0,1,0.204862790697674,0.564527906976744,4,0.0875051095390811,0.542548119068775,0.095559549878538,0.816461790257456,0.0347389259048456,0.204625777368536,0.564752394380704,4,8156.87793310908,,1
5,33,5,0.204511627906977,0.580306976744186,4,0.0856175386466704,0.546619402098671,33.2167843296781,15.4899729218495,R1,1,0,1,0.204511627906977,0.580306976744186,4,0.0856175386466704,0.546619402098671,0.092667220904252,0.819137004786667,0.0283224792333679,0.20426978277094,0.580625349812593,4,8039.36742679026,,1
5,34,4,0.204160465116279,0.596086046511628,4,0.0838035943645999,0.550531880619327,29.0647250126128,10.6359645182164,R4,1,0,1,0.204160465116279,0.596086046511628,4,0.0838035943645999,0.550531880619327,0.0899280183483505,0.821670587425829,0.0222457337183955,0.203913680708278,0.596503096857116,4,7932.56082272074,,1
5,35,3,0.203809302325581,0.61186511627907,4,0.0820590512805868,0.554294668380795,24.2938159601575,3.51681460353862,R4,1,0,1,0.203809302325581,0.61186511627907,4,0.0820590512805868,0.554294668380795,0.0873300955192605,0.824073495587362,0.0164824082330624,0.20355747113188,0.612385637684286,4,7835.05879817398,,1
5,36,2,0.203458139534884,0.627644186046512,4,0.0803800012403329,0.557916194842512,18.698833534309,-5.01570894829236,R4,1,0,1,0.203458139534884,0.627644186046512,4,0.0803800012403329,0.557916194842512,0.0848627970358809,0.82635558479966,0.0110088644965203,0.203201153993049,0.628272974465427,4,7745.69747164139,,1
5,37,1,0.203106976744186,0.643423255813953,4,0.078762824120168,0.561404268213497,11.9888479216277,-15.3966432841483,R4,1,0,1,0.203106976744186,0.643423255813953,4,0.078762824120168,0.561404268213497,0.0825165127513342,0.828525743818043,0.00580378301313325,0.202844729243058,0.644165109373175,4,7663.49845811441,,1
5,38,0,0.202755813953488,0.659202325581395,4,0.0772041617723175,0.564766131649544,3.73746737261816,-28.2288121838482,R4,1,0,1,0.202755813953488,0.659202325581395,4,0.0772041617723175,0.564766131649544,0.0802825526561399,0.83059201033111,0.000847885553176704,0.20248819683315,0.660062044581476,4,7587.63493059288,,1
6,0,37,0.2289,0.0658372093023256,4,0.27476958766556,0.177818442199061,0,0,,0,0,0,0,0,0,0,0,0,0,0,0,0,0,0,,0
6,1,36,0.228548837209302,0.0816162790697674,4,0.259545170039641,0.208541860888902,-111.846826185175,-184.750923018661,R2,1.06969002991125,0.275873284531109,0.724126715468891,0.221346291583056,0.0632192456620562,2.89650686187556,0.267008933500291,0.171587390466017,0.7354905909684,0,1.37101892905805,0.228374525007382,0.0812803743767644,4,24999.9994413748,B-R,1
6,2,35,0.228197674418605,0.0973953488372093,4,0.245879559734638,0.236119550713834,-44.2332721219411,-93.9021319378671,R2,1.15546221326482,0.47742440470996,0.52257559529004,0.212075881363012,0.0588089044248199,2.09030238116016,0.258506562312788,0.161289426886754,0.495282040074036,0,1.08397596218077,0.228018928502944,0.0970148989156463,4,24999.9994413748,B-R,1
6,3,34,0.227846511627907,0.113174418604651,4,0.233545009868703,0.261011113018107,0.694198768275642,-35.2675858605027,R2,1.25618862773225,0.622773969339093,0.377226030660907,0.201189191231107,0.0536296278571075,1.50890412264363,0.248291508679732,0.148917084165696,0.322054482411697,0,0.876973539031534,0.227663182417222,0.112756042165191,4,24999.9994413748,B-R,1
6,4,33,0.227495348837209,0.128953488372093,4,0.222356079315632,0.283590774619634,32.4759358797912,5.56440898530451,R2,1.37615362418965,0.732552865040952,0.267447134959047,0.18822316092007,0.0474611178552107,1.06978853983619,0.235788320796821,0.133773382414335,0.191220034893235,0,0.72062977922107,0.227307286655815,0.128503808302506,4,24999.9994413748,B-R,1
6,5,32,0.227144186046512,0.144732558139535,4,0.212160245368389,0.304166331790368,55.1044821100621,35.5453030177053,R2,1.52145095836455,0.81839507536201,0.18160492463799,0.172519166466207,0.0399900380771603,0.726419698551961,0.220131234228067,0.114809718786077,0.0889133202071905,0,0.598375917709441,0.226951241124242,0.144258201508216,4,24999.9994413748,B-R,1
6,6,31,0.226793023255814,0.160511627906977,4,0.202830909765921,0.322993264344077,69.5740119535657,56.0788864097113,R3,1.65408128597312,0.851416593354752,0.148583406645248,0.15804451674223,0.0394487874697009,0.59433362658099,0.200227657984487,0.112450350056148,0.0241347122512691,0.0216342409093049,0.504876047234887,0.226596216243631,0.16001691294642,4,24999.9994413748,,1
6,7,30,0.226441860465116,0.176290697674419,4,0.194262115196616,0.340285397921114,79.1919959099805,68.5937903138288,R3,1.63516770869946,0.761500944077855,0.238499055922145,0.159458255613036,0.0687508960547749,0.953996223688579,0.181921242993108,0.176480728093718,0.0276483636306291,0.109833527729856,0.443473886798487,0.226245256735443,0.175772715776822,4,24999.9994413748,,1
6,8,29,0.226090697674419,0.19206976744186,4,0.186364503350359,0.356223060783786,86.5772159124975,78.2156657726153,R3,1.6189473167882,0.687916444837051,0.312083555162949,0.160600313908768,0.0970426419541311,1.2483342206518,0.167147868854053,0.227247745602677,0.0298301304972286,0.182603716060335,0.391956016852617,0.225894134666973,0.191533210987151,4,24999.9994413748,,1
6,9,28,0.225739534883721,0.207848837209302,4,0.179062186975987,0.37095939611615,91.5372492366682,86.2752992929723,R3,1.58649884269222,0.614686300940436,0.385313699059564,0.163476544953355,0.12705793965305,1.54125479623825,0.155775688655964,0.272413456145624,0.0369217510432092,0.250836480269828,0.349680140453442,0.225543373009605,0.207297112306752,4,24999.9994413748,,1
6,10,27,0.225388372093023,0.223627906976744,4,0.172290303570619,0.384625298766358,93.3117024284911,85.1415250286238,R4,1.5507698270154,0.548871312562189,0.451128687437811,0.166724981215569,0.156449358401619,1.80451474975124,0.146766810667501,0.309872819846124,0.0444267948028401,0.311197255688504,0.313753323361091,0.22519264829402,0.223065046925872,4,24999.9994413748,,1
6,11,26,0.225037209302326,0.239406976744186,4,0.165993083478571,0.397333313892053,92.2080463370749,82.7581064178331,R4,1.52731261868917,0.498398992481857,0.501601007518143,0.168687111299103,0.183410055564643,2.00640403007257,0.138735890145389,0.33940058330438,0.0477125109378489,0.359588490811251,0.281687226532278,0.224841495775046,0.238838285776804,4,24999.9994413748,,1
6,12,25,0.224686046511628,0.255186046511628,4,0.160122310474699,0.409180743558191,89.3826830034097,80.5845336870521,R4,1.50544483081203,0.454700806762133,0.545299193237866,0.170495307930009,0.209486781087651,2.18119677295147,0.131838567113478,0.364476208243128,0.0503339745022043,0.401674888192542,0.253516778587902,0.22449021528814,0.254616088161619,4,24999.9994413748,,1
6,13,24,0.22433488372093,0.27096511627907,4,0.154636084852352,0.420252142869738,86.0784627441163,78.8286813623063,R4,1.47815721917121,0.412582153349257,0.587417846650743,0.172901846841102,0.235277907825903,2.34967138660297,0.126262610304354,0.386579481344578,0.0543505407500682,0.440972215044609,0.229087897453449,0.224139033848183,0.270397735096297,4,24999.9994413748,,1
6,14,23,0.223983720930233,0.286744186046512,4,0.149497821863938,0.430621341154393,83.1623779218291,75.7201840149595,R1,1.43646974696602,0.366215545489079,0.633784454510921,0.176881529911136,0.261055403822753,2.53513781804368,0.12243262575467,0.406564901323647,0.0622288393067661,0.481291516681555,0.208513561325618,0.223788289465941,0.286181969452569,4,21368.6138086491,,1
6,15,22,0.223632558139535,0.302523255813953,4,0.144675434874841,0.440353090387167,80.5372008274195,71.3052717804448,R6,1.38472481561208,0.31739617816722,0.68260382183278,0.181979386532976,0.285950563349808,2.73041528733112,0.119970957752867,0.424157747310969,0.0728169092809541,0.521792433937387,0.191042249420035,0.22343791685721,0.301968748753586,4,17222.935691035,,1
6,16,21,0.223281395348837,0.318302325581395,4,0.140140664672324,0.449504418668977,78.0959901125774,67.1446528482201,R6,1.33478667903932,0.272326702676346,0.727673297323654,0.18691733341579,0.309163427817294,2.91069318929462,0.118001011747482,0.439143830991688,0.0828834523616317,0.558934139358007,0.175446241669662,0.223087528103628,0.317759293348238,4,14822.5073006911,,1
6,17,20,0.22293023255814,0.334081395348837,4,0.135868525303493,0.45812574854543,75.8222195323663,63.2774729865206,R6,1.28801045425854,0.231318467829305,0.768681532170695,0.191545800336762,0.330763916790831,3.07472612868278,0.116333803474535,0.451995318903948,0.092094106082568,0.592685400509494,0.16134921369482,0.222737064185393,0.33355379904517,4,13252.807324091,,1
6,18,19,0.222579069767442,0.349860465116279,4,0.131836843486364,0.466261826491755,73.6933438580615,59.6805173902468,R6,1.24435926519625,0.193982203970355,0.806017796029645,0.195865487585244,0.350901549241487,3.22407118411858,0.114892489214249,0.463128518233084,0.100487048095468,0.62340851340559,0.148527318197445,0.222386513262753,0.349352308708644,4,12144.6852180104,,1
6,19,18,0.222227906976744,0.365639534883721,4,0.128025873664918,0.473952499745443,71.682878528454,56.3217851437967,R6,1.20311489490047,0.159571473321832,0.840428526678168,0.199951871328811,0.369709862905482,3.36171410671267,0.113663676269497,0.472867841927351,0.108299459264685,0.651658659020303,0.136851047526941,0.222035896604345,0.365154731908962,4,11320.0528074361,,1
6,20,17,0.221876744186047,0.381418604651163,4,0.124417974600513,0.481233368956342,69.762070304006,53.171855379354,R6,1.1642495993565,0.127829203398341,0.872170796601659,0.203805468498706,0.387301796114625,3.48868318640664,0.112599541242476,0.481451803005146,0.115552028892899,0.677678945470574,0.126164305859935,0.221685205754433,0.380961095880495,4,10682.2326881213,,1
6,21,16,0.221525581395349,0.397197674418605,4,0.120997336320922,0.488136339213243,67.9009041834607,50.2029034466694,R6,1.12773582404272,0.0985535730483384,0.901446426951662,0.207426814081648,0.403788545879153,3.60578570780665,0.111660735343895,0.489071212180709,0.122255181506058,0.701665181778668,0.116333911361669,0.221334430872248,0.396771439982439,4,10174.1167011423,,1
6,22,15,0.221174418604651,0.412976744186047,4,0.117749748510408,0.494690087440997,66.0690527242423,47.3839644534407,R6,1.09287320805424,0.0711162430895707,0.928883756910429,0.210890978646794,0.419234238566855,3.71553502764172,0.110863544489424,0.49587249489486,0.12863932922787,0.724058537420458,0.107307067406485,0.220983603013982,0.412585615255538,4,9759.77033925299,,1
6,23,14,0.220823255813954,0.428755813953488,4,0.114662403184087,0.500920460610686,64.237144776179,44.6892367189903,R6,1.05964311183862,0.0453695411170559,0.954630458882944,0.214198293137795,0.433715485465148,3.81852183553178,0.110181625753185,0.501973299396532,0.134712906964183,0.745001598767394,0.0989878005687699,0.220632717419739,0.428403629028127,4,9415.42733062037,,1
6,24,13,0.220472093023256,0.44453488372093,4,0.11172372586835,0.506850816423575,62.3770828981331,42.0879339584069,R6,1.0273597124441,0.0207041251689726,0.979295874831027,0.217423457530124,0.447241713690225,3.91718349932411,0.109642958630991,0.507456908540526,0.140716977248242,0.764907206007029,0.0913571119485621,0.220281816278737,0.444225253030971,4,9124.73739338145,,1
6,25,12,0.220120930232558,0.460313953488372,4,0.108923230595906,0.512502315936288,60.4589182742921,39.5909069440089,R6,1,0,1,0.220120930232558,0.460313953488372,4,0.108923230595906,0.512502315936288,0.14520952648777,0.782081645621665,0.0839515833951612,0.219930597358459,0.460052040096874,4,8876.07650694538,,1
6,26,11,0.21976976744186,0.476093023255814,4,0.106251394886158,0.517894175854879,58.2698487824458,37.3937489005413,R6,1,0,1,0.21976976744186,0.476093023255814,4,0.106251394886158,0.517894175854879,0.14003854307186,0.78648190408814,0.0744995677059322,0.219577254269159,0.475893870386036,4,8660.95406168639,,1
6,27,10,0.219418604651163,0.491872093023256,4,0.103699551569507,0.523043886837246,55.7765195324747,35.2255618083107,R6,1,0,1,0.219418604651163,0.491872093023256,4,0.103699551569507,0.523043886837246,0.135199326020593,0.790599845316772,0.0656539861572807,0.219223804618306,0.491740478269743,4,8473.02170580369,,1
6,28,9,0.219067441860465,0.507651162790698,4,0.101259794866117,0.527967403029549,53.0620229518554,33.0596964754819,R6,1,0,1,0.219067441860465,0.507651162790698,4,0.101259794866117,0.527967403029549,0.130660938944981,0.794461794688367,0.0573582902727237,0.21887024835769,0.507591865909569,4,8307.43880457832,,1
6,29,8,0.218716279069767,0.523430232558139,4,0.0989248985748411,0.532679307163872,50.135122375225,30.8644055344611,R6,1,0,1,0.218716279069767,0.523430232558139,4,0.0989248985748411,0.532679307163872,0.126396175828564,0.798090903215921,0.0495627503057651,0.218516585439067,0.52344803546839,4,8160.44699450045,,1
6,30,7,0.21836511627907,0.539209302325581,4,0.0966882445889151,0.537192954816109,46.9647951613096,28.6005788369595,R6,1,0,1,0.21836511627907,0.539209302325581,4,0.0966882445889151,0.537192954816109,0.122381015211457,0.801507612007777,0.042223457545533,0.218162815814167,0.539308989110391,4,8029.08785418601,,1
6,31,6,0.218013953488372,0.554988372093023,4,0.0945437602489809,0.541520600829802,43.4950625039245,26.2184149264792,R6,1,0,1,0.218013953488372,0.554988372093023,4,0.0945437602489809,0.541520600829802,0.118594167484099,0.804730037498891,0.0353014968172159,0.217808939434691,0.55517472900106,4,7910.99607457836,,1
6,32,5,0.217662790697674,0.570767441860465,4,0.0924858632845599,0.545673510426214,39.6457639557136,23.6524569121903,R6,1,0,1,0.217662790697674,0.570767441860465,4,0.0924858632845599,0.545673510426214,0.115016697272367,0.807774292782963,0.0287622562416237,0.217454956252308,0.571045257307192,4,7804.26155003756,,1
6,33,4,0.217311627906977,0.586546511627907,4,0.0905094132928073,0.549662057121935,35.3067211240255,19.9090905916473,R4,1,0,1,0.217311627906977,0.586546511627907,4,0.0905094132928073,0.549662057121935,0.111631706773473,0.810654757078375,0.022574848406395,0.217100866218661,0.586920576196892,4,7707.32448736826,,1
6,34,3,0.216960465116279,0.602325581395349,4,0.0886096688665612,0.553495809246016,30.3264302351581,12.2997176567818,R4,1,0,1,0.216960465116279,0.602325581395349,4,0.0886096688665612,0.553495809246016,0.108424068865582,0.813384302839082,0.0167116225183634,0.216746669285362,0.602800687839572,4,7618.89641480294,,1
6,35,2,0.216609302325581,0.618104651162791,4,0.0867822496189266,0.557183606575706,24.493273285015,3.22458353339907,R4,1,0,1,0.216609302325581,0.618104651162791,4,0.0867822496189266,0.557183606575706,0.105380201096752,0.815974488079169,0.0111477512790163,0.216392365403994,0.618685594405957,4,7537.90604743539,,1
6,36,1,0.216258139534884,0.633883720930232,4,0.0850231024641257,0.56073362838291,17.504222011848,-7.77167300014058,R4,1,0,1,0.216258139534884,0.633883720930232,4,0.0850231024641257,0.56073362838291,0.102487873429998,0.818435719972564,0.00586087946263548,0.216037954526111,0.63457529806808,4,7463.4539177177,,1
6,37,0,0.215906976744186,0.649662790697674,4,0.0833284716082736,0.56415345399387,8.91074667104866,-21.3257004624418,R4,1,0,1,0.215906976744186,0.649662790697674,4,0.0833284716082736,0.56415345399387,0.0997360440054009,0.820777394611593,0.000830823706637624,0.215683436603239,0.650469800999287,4,7394.77972970182,,1
7,0,36,0.2417,0.0720767441860465,4,0.285906850777206,0.191834003413903,0,0,,0,0,0,0,0,0,0,0,0,0,0,0,0,0,0,,0
7,1,35,0.241348837209302,0.0878558139534884,4,0.270299835392661,0.221387754464193,-121.288296202203,-191.278959612062,R2,1.07043755359524,0.258848798910109,0.741151201089891,0.234970634827122,0.0697009440349769,2.96460480435957,0.279189335684498,0.186340138294541,0.815204456268487,0,1.23695076369493,0.241147887437527,0.0875020350626482,4,24999.9994413748,B-R,1
7,2,34,0.240997674418605,0.10363488372093,4,0.256269868648987,0.247955175215054,-55.1746674870572,-101.597496895171,R2,1.156334471126,0.450857237480869,0.549142762519132,0.226786507424714,0.0658073952365003,2.19657105007653,0.271916834925206,0.177531778097397,0.577321174453595,0,0.98760249381114,0.240794945427967,0.103239272024673,4,24999.9994413748,B-R,1
7,3,33,0.240646511627907,0.119413953488372,4,0.243589411612387,0.271967137863255,-10.3889735283277,-44.867743715687,R1,1.25721965866009,0.592122618651043,0.407877381348957,0.217174320497295,0.0612344558109764,1.63150952539583,0.263204526351997,0.166979541033213,0.402304530759527,0,0.804150773400027,0.240441854940484,0.118983129429161,4,24999.9994413748,B-R,1
7,4,32,0.240295348837209,0.135193023255814,4,0.23207268962156,0.293775428958383,22.2205172721632,-4.84375199119611,R1,1.37739108044913,0.700412388335844,0.299587611664156,0.205724570560718,0.0557873069682913,1.19835044665662,0.252577854627252,0.154108651727526,0.268142063779692,0,0.663522231665032,0.240088615881363,0.134733611454686,4,24999.9994413748,B-R,1
7,5,31,0.239944186046512,0.150972093023256,4,0.221566530517581,0.313670098310806,46.8794272882325,27.5496963942784,R1,1.5229636596324,0.786066029756947,0.213933970243053,0.191854637056919,0.0491887705241033,0.855735880972212,0.239327975212933,0.138060566713449,0.162023970885878,0,0.552289686592656,0.239735228156813,0.150490722283342,4,24999.9994413748,B-R,1
7,6,30,0.239593023255814,0.166751162790698,4,0.211943513273599,0.331892432881125,65.5390615377836,51.4532027233102,R2,1.70294289172484,0.85550947196624,0.14449052803376,0.174706490096879,0.041030643981166,0.577962112135039,0.22234680945551,0.117493195253543,0.0759890337954348,0,0.462108222181231,0.239381691672961,0.16625446610074,4,24999.9994413748,B-R,1
7,7,29,0.239241860465116,0.18253023255814,4,0.203096774703027,0.348644790899597,78.2568947493734,69.6548269559871,R2,1.93116173601281,0.912946651934425,0.0870533480655746,0.152962146400097,0.0306859048157721,0.348213392262299,0.199799913109801,0.0901846818667335,0.00482890682013428,0,0.387518472070883,0.239028006335857,0.182024847096018,4,24999.9994413748,B-R,1
7,8,28,0.238890697674419,0.198309302325581,4,0.19493602425243,0.364098148332645,85.9018551114049,80.2871856409728,R2,1.90829314726879,0.829490839109645,0.170509160890355,0.154410985739842,0.0645261709714676,0.682036643561419,0.178226909388192,0.167576645771296,0.00882377001956032,0.0793018562021864,0.34209169437951,0.238678684378699,0.19778891511934,4,24999.9994413748,,1
7,9,27,0.238539534883721,0.214088372093023,4,0.187384451248475,0.378397955380827,91.8965709813725,89.138599320478,R6,1.88101418549696,0.75608650110131,0.24391349889869,0.156287640751685,0.0982247623491792,0.975653995594761,0.161699652665757,0.228658819257607,0.0133200737414671,0.148268633999927,0.303656532185946,0.238329344699603,0.213557299310109,4,24999.9994413748,,1
7,10,26,0.238188372093023,0.229867441860465,4,0.180376299821158,0.391668728651849,95.983203180415,93.1644417597275,R4,1.84736582795689,0.689627087008953,0.310372912991047,0.15878034092244,0.131799626910989,1.24149165196419,0.148948446098497,0.278186432898967,0.0187167733393789,0.209652606846923,0.270909244685091,0.237980030136035,0.229329807370866,4,24999.9994413748,,1
7,11,25,0.237837209302326,0.245646511627907,4,0.173854949179684,0.404017686387907,95.6297536089541,90.8023487439704,R4,1.80742717500572,0.628500586049357,0.371499413950643,0.161888355936148,0.164941348879661,1.48599765580257,0.139093698837678,0.31886283539128,0.0249729553347055,0.265079751142962,0.242789675514225,0.237630754382916,0.245106314293148,4,24999.9994413748,,1
7,12,24,0.237486046511628,0.261425581395349,4,0.167771380504847,0.415537651588398,92.3985024034526,88.3186938732277,R4,1.78923056117834,0.583127116863925,0.416872883136075,0.162971669016934,0.19499255776314,1.6674915325443,0.130014144468167,0.350008864352672,0.0264168725737947,0.308775603302646,0.216965440989271,0.237280994781576,0.26088867587121,4,24999.9994413748,,1
7,13,23,0.23713488372093,0.277204651162791,4,0.162082942569662,0.426309389454944,89.4212054508065,85.033979618244,R4,1.72291228199187,0.523113173832473,0.476886826167527,0.168628017258403,0.227760813457254,1.90754730467011,0.125005161937388,0.379891640323145,0.0372919072172802,0.359418144079162,0.196680759089616,0.236932106145503,0.276671825058123,4,20084.421184089,,1
7,14,22,0.236783720930233,0.292983720930233,4,0.156752350315338,0.436403503707621,86.6904448998153,80.8650342227264,R6,1.64972692195327,0.464567735235177,0.535432264764823,0.174984113702584,0.258797507885598,2.14172905905929,0.121609602428628,0.404680105522063,0.0494158867500113,0.407612781143931,0.179236715221028,0.236583386135808,0.292458064241966,4,16206.0738199703,,1
7,15,21,0.236432558139535,0.308762790697674,4,0.151746866655422,0.445881985936705,84.0927680802932,76.4580281979227,R6,1.5808072161537,0.411246173529919,0.58875382647008,0.180984378999243,0.287367473711919,2.35501530588032,0.11894266694345,0.424929329738126,0.060668874020367,0.45133894064295,0.163675345847241,0.236234618676467,0.308248171216081,4,13976.3188329208,,1
7,16,20,0.236081395348837,0.324541860465116,4,0.147037629553238,0.454799489862058,81.6407013593443,72.2744725470356,R6,1.51702144286039,0.362927475794347,0.637072524205653,0.186541122119223,0.313654350778835,2.54829009682261,0.116756586851164,0.441713466831379,0.0709158416693014,0.490922800282312,0.149651047003272,0.235885772785164,0.324042262318714,4,12525.9045913756,,1
7,17,19,0.23573023255814,0.340320930232558,4,0.142599095144844,0.463204385846445,79.3292294728717,68.3463132564273,R6,1.45648440796665,0.31827694617921,0.68172305382079,0.191830233203152,0.337911117195153,2.72689221528316,0.115018668808958,0.455865032376529,0.0806062142982008,0.527325041035516,0.137033866114957,0.235536887890462,0.339840146630309,4,11506.402751669,,1
7,18,18,0.235379069767442,0.3561,4,0.138408574212407,0.471139638638656,77.1428396768457,64.6655194417372,R6,1.40006889157996,0.277323796569546,0.722676203430454,0.196764048195036,0.360300723361589,2.89070481372182,0.113571001555606,0.46791757627824,0.0895635902132179,0.560657523246707,0.125568915686051,0.235187931266151,0.355641956988859,4,10750.5110669869,,1
7,19,17,0.235027906976744,0.371879069767442,4,0.134445844247585,0.478643541977909,75.0583732962188,61.2141150142359,R6,1.34863312948038,0.240240834745597,0.759759165254403,0.201255086026732,0.381040824100298,3.03903666101761,0.112276516233564,0.478295274490089,0.0975695364878351,0.590923707580449,0.115025070108612,0.234838859438037,0.3714479070037,4,10167.732457725,,1
7,20,16,0.234676744186047,0.387658139534884,4,0.130692823104076,0.485750336571805,73.0478717498614,57.957995282464,R6,1.29941356172908,0.205422920397636,0.794577079602364,0.205566782879893,0.400250916892722,3.17830831840946,0.111239281026084,0.48732656659408,0.10528892434272,0.619179702381719,0.105438504165692,0.234489752532998,0.387257588877378,4,9704.77964965764,,1
7,21,15,0.234325581395349,0.403437209302326,4,0.127133293125768,0.492490732492676,71.0811752344218,54.8733372643179,R6,1.25328389539944,0.173123450976684,0.826876549023316,0.209611552559827,0.418086442973451,3.30750619609326,0.11035360789341,0.495244801002163,0.112503854048711,0.645348886895965,0.0966287530447592,0.23414057268698,0.403071181204796,4,9328.20840652034,,1
7,22,14,0.233974418604651,0.419216279069767,4,0.123752666871263,0.498892352806234,69.1280492399036,51.9344539241262,R6,1.21020886449846,0.143194484869748,0.856805515130252,0.213389593334183,0.434691073501625,3.42722206052101,0.109577876966331,0.502241836207244,0.119205187879364,0.66958477892602,0.0884901921986494,0.233791309492501,0.418888735773063,4,9015.96059525482,,1
7,23,13,0.233623255813953,0.434995348837209,4,0.120537787296845,0.504980111949029,67.1589754918084,49.105815394427,R6,1.16837176302613,0.114492576171101,0.885507423828899,0.217076227130881,0.450047001327266,3.54202969531559,0.108995738144114,0.508437579529048,0.125877810389489,0.692630735090064,0.0810660041907133,0.233442034699707,0.434709830499331,4,8752.89329331502,,1
7,24,12,0.233272093023256,0.450774418604651,4,0.117476756626345,0.510776539783837,65.1447884186228,46.3649065348291,R6,1.12864690121103,0.0873887863527359,0.912611213647264,0.220583918417768,0.464304781644811,3.65044485458906,0.108521838570143,0.513959585428812,0.132282538682108,0.714310813536096,0.0742155542352463,0.233092707225774,0.450534672766351,4,8528.26835253196,,1
7,25,11,0.232920930232558,0.466553488372093,4,0.114558789215305,0.51630206021897,63.0547969735669,43.6710939407524,R6,1.08924340643693,0.0606908880383253,0.939309111961675,0.224087700880553,0.477347789694848,3.7572364478467,0.108254953135119,0.518856413800926,0.138945601484606,0.735383602709015,0.0680158320912741,0.232743417882306,0.466362678820813,4,8334.25560141711,,1
7,26,10,0.23256976744186,0.482332558139535,4,0.111774084574103,0.521575231654179,60.8544995198504,41.0050495028073,R6,1.05191941202815,0.0353650642429613,0.964634935757039,0.227412600170823,0.489431632163244,3.85853974302815,0.1080556079033,0.523247714184487,0.145354254787006,0.755303181633666,0.0622709299833297,0.232394076782877,0.482194358236824,4,8165.01504380875,,1
7,27,9,0.232218604651163,0.498111627906977,4,0.10911371739969,0.526612955218727,58.5033114937818,38.3253436873682,R6,1.01577512406325,0.010775123692111,0.989224876307889,0.230646118272737,0.500517517758298,3.95689950523156,0.107968792166569,0.527173891216364,0.151777722601837,0.774483583520256,0.0570040129028453,0.232044732199998,0.498029375503542,4,8016.1008797836,,1
7,28,8,0.231867441860465,0.513890697674419,4,0.106569542015942,0.531430655725001,55.9213671162084,35.7871797197782,R6,1,0,1,0.231867441860465,0.513890697674419,4,0.106569542015942,0.531430655725001,0.151845385271012,0.785079895012601,0.0504454919215968,0.231694096972678,0.513876404891525,4,7884.06747579821,,1
7,29,7,0.231516279069767,0.52966976744186,4,0.104134109067174,0.536042439419329,52.9286190952915,33.3343444195052,R6,1,0,1,0.231516279069767,0.52966976744186,4,0.104134109067174,0.536042439419329,0.14699976831464,0.78894574293513,0.042947718753362,0.231342337041826,0.529734933942546,4,7766.20662533791,,1
7,30,6,0.23116511627907,0.545448837209302,4,0.101800592670124,0.5404612319284,49.5046915013962,30.7639661269811,R6,1,0,1,0.23116511627907,0.545448837209302,4,0.101800592670124,0.5404612319284,0.142434505161613,0.792587923741996,0.03588374570661,0.230990470969413,0.545598248214639,4,7660.35861709947,,1
7,31,5,0.230813953488372,0.561227906976744,4,0.0995627265240119,0.544698899242521,45.6163260587921,28.0079130540913,R6,1,0,1,0.230813953488372,0.561227906976744,4,0.0995627265240119,0.544698899242521,0.138125949149848,0.796025302812018,0.0292169835688468,0.230638498707389,0.561466349874002,4,7564.78114569269,,1
7,32,4,0.230462790697674,0.577006976744186,4,0.0974147477193071,0.548766354120435,41.1801078262602,24.9734458175182,R6,1,0,1,0.230462790697674,0.577006976744186,4,0.0974147477193071,0.548766354120435,0.134053040222595,0.799274681922425,0.0229148454621075,0.230286420207679,0.577339241088138,4,7478.05075241463,,1
7,33,3,0.230111627906977,0.592786046511628,4,0.0953513471842116,0.552673649924835,36.0567486454001,21.187557642144,R4,1,0,1,0.230111627906977,0.592786046511628,4,0.0953513471842116,0.552673649924835,0.13019696067079,0.802351073898651,0.0169482141624378,0.229934235422173,0.593216924025862,4,7398.99755769102,,1
7,34,2,0.229760465116279,0.60856511627907,4,0.0933676258717451,0.556430063587363,30.0366569226708,11.545651673469,R4,1,0,1,0.229760465116279,0.60856511627907,4,0.0933676258717451,0.556430063587363,0.126540844431535,0.805267934536894,0.011290992288434,0.229581944302738,0.609099400857295,4,7326.64674866544,,1
7,35,1,0.229409302325581,0.624344186046512,4,0.0914590559262587,0.560044169144459,22.8092959978892,-0.0892372547045568,R4,1,0,1,0.229409302325581,0.624344186046512,4,0.0914590559262587,0.560044169144459,0.123069530468032,0.808037359358351,0.00591972069837559,0.229229546801207,0.62498667375387,4,7260.18240008311,,1
7,36,0,0.229058139534884,0.640123255813953,4,0.0896214461814094,0.563523903071078,13.9057402965652,-14.3892602517638,R4,1,0,1,0.229058139534884,0.640123255813953,4,0.0896214461814094,0.563523903071078,0.119769352624698,0.810670251263447,0.000813253326534876,0.228877042869388,0.640878744888334,4,7198.91573711199,,1
8,0,35,0.2545,0.0783162790697674,4,0.296724198470488,0.205446970734293,0,0,,0,0,0,0,0,0,0,0,0,0,0,0,0,0,0,,0
8,1,34,0.254148837209302,0.0940953488372093,4,0.280761790253339,0.233884020439779,-127.829595609776,-196.543331044957,R6,1.07118612278289,0.244082126735198,0.755917873264802,0.248614033388371,0.0761917078590664,3.02367149305921,0.29102576976155,0.200676276337185,0.884346546249126,0,1.12066292445669,0.253923529162573,0.0937248059495117,4,24999.9994413748,B-R,1
8,2,33,0.253797674418605,0.109874418604651,4,0.266391486837625,0.25948473349989,-64.0931144587169,-110.999539169135,R1,1.15720804691616,0.427307456260143,0.572692543739857,0.241519360354344,0.0728164603453126,2.29077017495943,0.284914822145024,0.193274774497054,0.650042652416088,0,0.902174714627287,0.25357324260104,0.109464756052284,4,24999.9994413748,B-R,1
8,3,32,0.253446511627907,0.125653488372093,4,0.253386406015317,0.282653300844916,-20.3020672769708,-67.1993438932918,R8,1.25825238343861,0.564515356500908,0.435484643499092,0.233185711266741,0.068851777515178,1.74193857399637,0.2776144383544,0.184432642727861,0.474584677394739,0,0.738560281100101,0.25322280866554,0.125211328329932,4,24999.9994413748,B-R,1
8,4,31,0.253095348837209,0.141432558139535,4,0.241560819696692,0.303720597293203,12.1104280954429,-28.5841428112384,R8,1.37863076418695,0.671107773870929,0.328892226129071,0.223257483545956,0.0641284836058128,1.31556890451628,0.268739910391753,0.173683927607447,0.338277003627002,0,0.61145347489079,0.25287222726305,0.140964526962496,4,24999.9994413748,B-R,1
8,5,30,0.252744186046512,0.157211627906977,4,0.230761227527428,0.322960083913174,37.1863600279626,6.14589803435462,R8,1.52447937189773,0.756303183745333,0.243696816254667,0.211228594462133,0.0584058128387929,0.974787265018667,0.257720576974463,0.160337451466084,0.229331279135581,0,0.509861666392465,0.252521498300465,0.156724356133536,4,24999.9994413748,B-R,1
8,6,29,0.252393023255814,0.172990697674419,4,0.220859657280774,0.340599743382849,57.0198704366753,35.3550548977325,R1,1.70483823960769,0.82595666755844,0.17404333244156,0.196353465730913,0.0513290608833449,0.69617332976624,0.243672027067166,0.143322026933754,0.140260174617657,0,0.426802926500091,0.252170621684604,0.172490820030136,4,24999.9994413748,B-R,1
8,7,28,0.252041860465116,0.18876976744186,4,0.211748569820876,0.356831156803901,72.5545091213425,57.835074080523,R1,1.93359949543727,0.883965625921031,0.116034374078969,0.17748634168879,0.0423531414562719,0.464137496315878,0.225146114767113,0.120883678156535,0.0660797932435678,0,0.357629775060976,0.251819597322206,0.188263922842903,4,24999.9994413748,B-R,1
8,8,27,0.251690697674419,0.204548837209302,4,0.203336937498885,0.371816490043767,83.6601696713198,76.3477991841051,R1,2.23326723208573,0.933024864367068,0.0669751356329321,0.152771193407821,0.0305950600919445,0.267900542531728,0.199596650804117,0.0899384931536307,0.00334408619807947,0,0.299128774072414,0.251468425119932,0.204043668765977,4,24999.9994413748,B-R,1
8,9,26,0.251339534883721,0.220327906976744,4,0.195547192342835,0.385693930539096,89.3392939652946,83.639191007393,R6,2.24866660154359,0.871015033860178,0.128984966139822,0.150746372688206,0.0639048283131432,0.51593986455929,0.174003447524231,0.165969074702666,0,0.0626229309818429,0.262662973923939,0.251120349942429,0.219817426792552,4,24999.9994413748,G-B,1
8,10,25,0.250988372093023,0.236106976744186,4,0.188312826995606,0.398581961227711,93.4230678955508,88.3894619445864,R6,2.24352634372895,0.811313551641473,0.188686448358527,0.150372631276704,0.0999495178710552,0.754745793434108,0.154281786467026,0.230732664555827,0,0.120474961992129,0.231856091673269,0.250772369255754,0.235595182535729,4,24999.9994413748,G-B,1
8,11,24,0.250637209302326,0.251886046511628,4,0.181576491122845,0.410582751800197,95.0595757172874,88.5469571365388,R3,2.23840953268863,0.759091910932013,0.240908089067987,0.150000594649445,0.135829793165689,0.96363235627195,0.138570076243562,0.282328052685286,0,0.171078864365347,0.204908922583235,0.250424284423163,0.251377660347914,4,24999.9994413748,G-B,1
8,12,23,0.250286046511628,0.26766511627907,4,0.1752884678811,0.421784872873799,94.4863420546572,90.2890534132598,R3,2.13835067571858,0.687351841065653,0.312648158934347,0.157380747410075,0.1789478887333,1.25059263573739,0.130265545264608,0.333262966008626,0.0124391062766754,0.23117052086358,0.184508871116057,0.250077086600377,0.26716025668014,4,18733.4696059051,,1
8,13,22,0.24993488372093,0.283444186046512,4,0.169405444769683,0.432265485721311,92.2009009766447,89.064319165031,R6,2.02926982297665,0.618437225924844,0.381562774075156,0.165570662998112,0.219469082421635,1.52625109630062,0.124900366408364,0.372508503047337,0.0259941004120714,0.287678660036641,0.167057649094672,0.249730009134073,0.282945994960721,4,15140.35044044,,1
8,14,21,0.249583720930233,0.299223255813954,4,0.163889514574226,0.442092122091359,89.6485887995172,85.1729374303364,R6,1.92840742382946,0.556055575204905,0.443944424795095,0.173160676339843,0.256166742218588,1.77577769918038,0.120929025242431,0.402519145537744,0.0384756990833373,0.338669605809708,0.151543456515943,0.249382874391161,0.298735634333971,4,13091.8951163483,,1
8,15,20,0.249232558139535,0.315002325581395,4,0.158707357671325,0.451324140933674,87.138674183977,80.9507503908143,R6,1.83444890008931,0.499061539062845,0.500938460937156,0.180250802205872,0.2894701298175,2.00375384374862,0.117943187023338,0.42616906994077,0.0501244694928704,0.385070931531615,0.137696678477634,0.24903569049487,0.314529109473647,4,11768.0289448222,,1
8,16,19,0.248881395348837,0.330781395348837,4,0.153829568412179,0.460013928447452,84.7242975969537,76.8166413178277,R6,1.74852689418455,0.447267921513245,0.552732078486755,0.186739737049768,0.319689271233154,2.21092831394702,0.115578371320879,0.44519513218597,0.0607767538292598,0.427188049749775,0.12520206844131,0.24868842959679,0.330326549655581,4,10842.4785096557,,1
8,17,18,0.24853023255814,0.346560465116279,4,0.149230096812167,0.468207892712067,82.413581499852,72.8811291601482,R6,1.66933847114016,0.399849080138689,0.600150919861311,0.192727639879294,0.347203341368793,2.40060367944525,0.113687108931783,0.46082245526323,0.0706245281633348,0.465675551463522,0.11389006659971,0.248341097813917,0.346127912347623,4,10159.4034656757,,1
8,18,17,0.248179069767442,0.362339534883721,4,0.144885783158048,0.475947292784901,80.199825721663,69.1610983682929,R6,1.59560137505899,0.356032219048076,0.643967780951924,0.198314768599712,0.372309624878313,2.57587112380769,0.112183486205065,0.473871572517225,0.0798704021651063,0.501128760380795,0.103632589493977,0.247993706336039,0.361933118699404,4,9634.87118059703,,1
8,19,16,0.247827906976744,0.378118604651163,4,0.140775967978441,0.483268933539413,78.0647557867049,65.6475087287462,R6,1.52845039797765,0.316008356475894,0.683991643524106,0.203399975959791,0.395303074220748,2.73596657409642,0.110892460965619,0.484913007839433,0.0882787174030966,0.533541151440624,0.0942133604801007,0.247646219119506,0.37774237760435,4,9219.64420786596,,1
8,20,15,0.247476744186047,0.393897674418605,4,0.136882163513826,0.490205750941736,75.982465804055,62.3162557774402,R6,1.46542108616381,0.278659552955453,0.721340447044547,0.208184380767631,0.416376430505698,2.88536178817819,0.109857680698247,0.494368668601561,0.0962709045731107,0.563676683152387,0.0856185465444224,0.247298675465999,0.393555438997607,4,8882.9304116555,,1
8,21,14,0.247125581395349,0.409676744186046,4,0.133187775662373,0.496787307404515,73.923969925666,59.1425181893177,R6,1.40646579900625,0.243796381514658,0.756203618485342,0.212667679601919,0.435721749209347,3.02481447394137,0.109013869034843,0.502541599334313,0.103837069228311,0.591726412111267,0.0777371812539318,0.246951068438543,0.40937232977735,4,8604.48837504205,,1
8,22,13,0.246774418604651,0.425455813953488,4,0.1296778675798,0.503040212934058,71.8595307691014,56.1008550587539,R6,1.35153731987287,0.211282081137483,0.788717918862517,0.21684959986831,0.453528112766964,3.15487167545007,0.10830785245276,0.509668802196498,0.110956883876051,0.617838266346108,0.0704715358333612,0.246603389325198,0.425193095796616,4,8370.4663517097,,1
8,23,12,0.246423255813954,0.44123488372093,4,0.126338957830578,0.508988484724196,69.7591847082212,53.1553173615334,R6,1.29823129178582,0.179930600939584,0.820069399060416,0.220931415977703,0.46975619863281,3.28027759624167,0.10783439308948,0.515887327746909,0.118130761055832,0.642782355446783,0.0638781522583877,0.246255701843499,0.441017269918972,4,8171.06846299501,,1
8,24,11,0.246072093023256,0.457013953488372,4,0.123158847339062,0.514653855443073,67.5911754949781,50.2746038952226,R6,1.24653028834806,0.149558713901973,0.850441286098027,0.224912914367969,0.484480867567858,3.40176514439211,0.107563082065319,0.521324330323004,0.125383517721008,0.66671742473488,0.0578956385819221,0.245908011779687,0.456844759302014,4,7999.17399918624,,1
8,25,10,0.245720930232558,0.472793023255814,4,0.120126470457824,0.520056038555072,65.3200784544242,47.4385627758978,R6,1.19875533528318,0.121196734066875,0.878803265933125,0.228592380326537,0.498073315238705,3.5152130637325,0.107324208075797,0.526152617606824,0.132160578074237,0.689065320487826,0.052314726888452,0.245560237427342,0.472676134136469,4,7849.48410928762,,1
8,26,9,0.24536976744186,0.488572093023256,4,0.117231766320909,0.525212957505165,62.9043555982697,44.591842489898,R6,1.15136751492423,0.0929958966406028,0.907004103359397,0.232271901173719,0.510213423447702,3.62801641343759,0.107309511491239,0.530366325573611,0.139309366332984,0.710975380138484,0.0473136040339032,0.245212505412133,0.488510402869749,4,7717.9749520923,,1
8,27,8,0.245018604651163,0.504351162790698,4,0.114465567330194,0.530140944380586,60.2939760677907,41.7056693098731,R6,1.10668347776354,0.066056330719359,0.933943669280641,0.2357497952424,0.521287288936215,3.73577467712256,0.107354824300088,0.534108998169728,0.146254680706187,0.731817427497544,0.0426914709498714,0.244864729244232,0.50434818204557,4,7601.5369073146,,1
8,28,7,0.244667441860465,0.52013023255814,4,0.11181950217061,0.53485491268934,57.4274356811881,38.7276345153479,R6,1.06427287703476,0.0401269713822396,0.95987302861776,0.239060754377735,0.531347792734197,3.83949211447104,0.107466557520138,0.537435624384812,0.153081061814597,0.751770687263042,0.0384317224583151,0.244516920807411,0.520189349941243,4,7497.7288101586,,1
8,29,6,0.244316279069767,0.535909302325581,4,0.109285911192714,0.539368508106252,54.2276869841819,35.5887072639851,R6,1.02348750581605,0.0147991507280878,0.985200849271912,0.242259155915028,0.540379193170801,3.94080339708765,0.107670353059906,0.540377271455957,0.159953773676052,0.771105934775179,0.0345442761037022,0.244169108226527,0.536033638309938,4,7404.60809393755,,1
8,30,5,0.24396511627907,0.551688372093023,4,0.106857772361011,0.543694240396119,50.5862868011549,32.3898340217722,R6,1,0,1,0.24396511627907,0.551688372093023,4,0.106857772361011,0.543694240396119,0.16203438957497,0.783869996865078,0.0296874367566101,0.243820410438807,0.551888627293144,4,7320.61174990065,,1
8,31,4,0.243613953488372,0.567467441860465,4,0.104528636260223,0.547843599200124,46.2955121859316,29.1571113952677,R6,1,0,1,0.243613953488372,0.567467441860465,4,0.104528636260223,0.547843599200124,0.157228211079115,0.787511992308194,0.0232662737067624,0.24347034297809,0.567759091310856,4,7244.46395805551,,1
8,32,3,0.243262790697674,0.583246511627907,4,0.102292568892705,0.551827155942309,41.2084812682251,25.502001616592,R6,1,0,1,0.243262790697674,0.583246511627907,4,0.102292568892705,0.551827155942309,0.15268208394847,0.790956927677931,0.017192545155816,0.243120169845212,0.583634346023032,4,7175.11742110153,,1
8,33,2,0.242911627906977,0.599025581395349,4,0.100144101198734,0.555654653759239,35.1340215244294,19.8747492192828,R4,1,0,1,0.242911627906977,0.599025581395349,4,0.100144101198734,0.555654653759239,0.148375457965668,0.794220375387603,0.0114387955491097,0.242769890992316,0.599514393599195,4,7111.70264719899,,1
8,34,1,0.242560465116279,0.614804651162791,4,0.0980781843955626,0.559335087063536,27.7678750063314,7.59132952452896,R4,1,0,1,0.242560465116279,0.614804651162791,4,0.0980781843955626,0.559335087063536,0.144289892613154,0.79731630917559,0.00598038793858682,0.242419506371519,0.615399236210179,4,7053.49066009526,,1
8,35,0,0.242209302325581,0.630583720930233,4,0.0960901503674768,0.562876772109038,18.6293310372897,-7.46539279342339,R4,1,0,1,0.242209302325581,0.630583720930233,4,0.0960901503674768,0.562876772109038,0.140408793118533,0.800257304123215,0.000795151333425494,0.242069015934909,0.631288876028126,4,6999.86905372217,,1
9,0,34,0.2673,0.0845558139534884,4,0.307235219823179,0.218674445179527,0,0,,0,0,0,0,0,0,0,0,0,0,0,0,0,0,0,,0
9,1,33,0.266948837209302,0.10033488372093,4,0.290942824265343,0.246044740937502,-131.955202833494,-199.439633080726,R6,1.07193573966916,0.231152047432775,0.768847952567225,0.262276527271582,0.082691556166354,3.0753918102689,0.302532603084014,0.214613206148195,0.944889144879029,0,1.01883829088673,0.266701450792657,0.09994868733454,4,24999.9994413748,B-R,1
9,2,32,0.266597674418605,0.116113953488372,4,0.276254703670279,0.270719946212785,-71.1680065788037,-130.359908879952,R8,1.15808294362451,0.406288631518226,0.593711368481774,0.256274490565171,0.0798361237350627,2.3748454739271,0.297519249081724,0.208541095699592,0.714948563258335,0,0.825928081933462,0.26635382063268,0.11569135129592,4,24999.9994413748,B-R,1
9,3,31,0.266246511627907,0.131893023255814,4,0.262945022841118,0.293079451261946,-28.9489801925535,-92.288433886492,R8,1.25928680624541,0.539520157839464,0.460479842160536,0.249223428309037,0.0764816237834515,1.84191936864214,0.291546281530048,0.201306713554798,0.540026031723914,0,0.679175638884483,0.266006044203293,0.131440639165198,4,24999.9994413748,B-R,1
9,4,30,0.265895348837209,0.147672093023256,4,0.250828434754662,0.3134346285179,2.65586889477464,-55.656637545083,R8,1.37987268142287,0.644279553699132,0.355720446300868,0.240821985013619,0.0724846882715827,1.42288178520347,0.284309019088546,0.192541033558882,0.402485171600414,0,0.563784802351742,0.265658121412161,0.147196555123883,4,24999.9994413748,B-R,1
9,5,29,0.265544186046512,0.163451162790698,4,0.239751396296141,0.332043421660438,27.4092455984841,-21.8942240018976,R8,1.52599810415946,0.728812653363142,0.271187346636858,0.230641153707019,0.0676412197437539,1.08474938654743,0.275358530262668,0.181700315609403,0.291499850032999,0,0.470672914822321,0.265310052166869,0.162959103357005,4,24999.9994413748,B-R,1
9,6,28,0.265193023255814,0.17923023255814,4,0.229585627266879,0.349121334110477,47.162942600424,8.71622557905684,R8,1.70673781117448,0.798461504335192,0.201538495664808,0.218048680521561,0.0616504272706724,0.806153982659231,0.264004804240951,0.167948827408977,0.200056378154432,0,0.393955794498576,0.264961836374925,0.178728288053115,4,24999.9994413748,B-R,1
9,7,27,0.264841860465116,0.195009302325581,4,0.220223119927444,0.364849812713079,62.4953345947497,36.3087913417086,R8,1.93604341714424,0.856839158850416,0.143160841149584,0.202072530387549,0.0540498710842837,0.572643364598336,0.249129829845718,0.149932448073559,0.123411102109006,0,0.329653720836805,0.26461347394376,0.194504113404294,4,24999.9994413748,B-R,1
9,8,26,0.264490697674419,0.210788372093023,4,0.211572286562311,0.379382719609191,74.8802227982076,60.7325032046746,R1,2.23652800614134,0.906476814339044,0.0935231856609559,0.181137207474388,0.0440900186325404,0.374092742643823,0.228794840504705,0.125302968249595,0.0582407584429793,0,0.274978619445142,0.264264964780727,0.210286583606154,4,24999.9994413748,B-R,1
9,9,25,0.264139534883721,0.226567441860465,4,0.203554953385593,0.392851382302655,84.4198211199404,76.6732199128952,R1,2.64742255003692,0.949200537070029,0.0507994629299712,0.152509416650173,0.0304705213928143,0.203197851719885,0.199317846378157,0.0896008087875925,0.00214786554419675,0,0.227919106880512,0.263916308793098,0.226075702857843,4,24999.9994413748,B-R,1
9,10,24,0.263788372093023,0.242346511627907,4,0.196103991528537,0.405368573466168,87.9070711749844,82.6219862465226,R6,2.66071843472064,0.890090260469244,0.109909739530756,0.150674136009074,0.0708715400391585,0.439638958123025,0.169816238053429,0.179719372713049,0,0.0579451908215406,0.199623533472844,0.263570080958562,0.241857321955782,4,24708.0248137532,G-B,1
9,11,23,0.263437209302326,0.258125581395349,4,0.189161432963231,0.417031676082045,93.0457825594886,86.9198347044507,R3,2.65352476122624,0.834315370869097,0.165684629130903,0.150232289661071,0.113484464258689,0.662738516523614,0.147962945282522,0.251482987646433,0,0.111148280784404,0.175298102152945,0.263223859489384,0.257643095347605,4,17301.5894587025,G-B,1
9,12,22,0.263086046511628,0.273904651162791,4,0.182676959372555,0.427925222054553,95.5341650263686,89.8545328047683,R3,2.61838159333503,0.779870185927902,0.220129814072098,0.151718810821434,0.157874218276917,0.880519256288393,0.132186503530321,0.309486291099279,0.0024690984627354,0.161289081029467,0.154444272903247,0.262877690904425,0.273432637001739,4,14015.112202464,,1
9,13,21,0.26273488372093,0.289683720930233,4,0.176606680589773,0.438122944361767,94.3076460150024,91.4294104852873,R6,2.44910007811688,0.705897252020909,0.294102747979091,0.162507708317967,0.208655436562227,1.17641099191636,0.125516447782788,0.362609265293322,0.0170034616072189,0.221291304407327,0.139203855166608,0.262532254613034,0.289221443506553,4,12161.1107134694,,1
9,14,20,0.262383720930233,0.305462790697674,4,0.170912139874526,0.447689448135191,92.0642847154304,88.6256223367165,R6,2.30410802776046,0.640362881124778,0.359637118875222,0.171726983335312,0.25311953383461,1.43854847550089,0.120637564645428,0.400084936851955,0.0296504889253174,0.274615294380414,0.125433455398928,0.262186702384734,0.305014469112791,4,10972.9383615255,,1
9,15,19,0.262032558139535,0.321241860465116,4,0.165559498357982,0.45668158074541,89.7019294806875,84.7783354728558,R6,2.17172225585657,0.580446234787644,0.419553765212356,0.180167321551863,0.292700886260833,1.67821506084942,0.117142455187731,0.428198217928685,0.0414524825991131,0.323194545577047,0.113123490770442,0.261841091702706,0.32081133637271,4,10148.0838012975,,1
9,16,18,0.261681395348837,0.337020930232558,4,0.160518862103965,0.465149562301042,87.3700723564531,80.7835102170264,R6,2.05340398954768,0.526062589213746,0.473937410786254,0.187712837068831,0.327983703912927,1.89574964314501,0.114452438536999,0.449951662463023,0.052186904350881,0.367271558056114,0.101976385797867,0.26149539577513,0.336612215980298,4,9542.9673003775,,1
9,17,17,0.26133023255814,0.3528,4,0.155763723514262,0.473137924055967,85.0958684297884,76.8970358670024,R6,1.94575476395346,0.476141014009058,0.523858985990942,0.194588538808912,0.359609434300465,2.09543594396377,0.112379274703558,0.467285777537954,0.0621561637857773,0.407648168635164,0.0918792345269415,0.261149628145821,0.352417003817288,4,9080.68233055412,,1
9,18,16,0.260979069767442,0.368579069767442,4,0.151270495035091,0.480686291755885,82.8821000140108,73.1807667610417,R6,1.8470376501852,0.430001559629704,0.569998440370296,0.200906371674307,0.388043207026698,2.27999376148118,0.110772995541179,0.48139634989144,0.0715103119329513,0.444863956108418,0.0827112179358294,0.260803793783173,0.368225648048131,4,8716.35024683128,,1
9,19,15,0.260627906976744,0.384358139534884,4,0.147018117848002,0.487830043015295,80.7168829164625,69.6404845375235,R6,1.75714203765916,0.387443288239766,0.612556711760234,0.206664809236883,0.413703556278203,2.45022684704094,0.109475150315227,0.493083864387247,0.0801967850094202,0.479148782676288,0.0743231400566516,0.260457881089957,0.384038226709023,4,8422.03928877988,,1
9,20,14,0.260276744186047,0.400137209302326,4,0.142987731844503,0.494600861741305,78.578113163514,66.2621670237707,R6,1.67436799303891,0.347865076905444,0.652134923094556,0.211976312907878,0.436915357685478,2.60853969237822,0.108441209577659,0.502906035802608,0.0883805456284846,0.510956201386664,0.066646024595666,0.260111898707797,0.399854660503375,4,8179.47115018539,,1
9,21,13,0.259925581395349,0.415916279069767,4,0.139162395971851,0.501027207936769,76.4388448673394,63.0191626316005,R6,1.59546034200077,0.310123476458331,0.689876523541669,0.217067669477717,0.457786834652873,2.75950609416668,0.107735157963626,0.511220341533318,0.0965084610359536,0.541052269745866,0.0597045182742331,0.25976588717099,0.415674583690914,4,7976.19264697656,,1
9,22,12,0.259574418604651,0.431695348837209,4,0.135526850203108,0.507134717577013,74.2697196953349,59.8911848142792,R6,1.52352665161846,0.275096524697551,0.724903475302449,0.221710049150386,0.476768558533876,2.8996139012098,0.107134735994028,0.518364260664614,0.104063698259138,0.56897493628836,0.0532762789967909,0.259419791366306,0.431498444841428,4,7803.43151593184,,1
9,23,11,0.259223255813954,0.447474418604651,4,0.132067312078426,0.512946544408887,72.0388988445546,56.8389543781862,R6,1.45377029119281,0.241071455852697,0.758928544147303,0.226244708441706,0.493702003199982,3.03571417658921,0.10682079999395,0.524475013949593,0.111797501909331,0.595812181477003,0.0474941238408298,0.259073689041157,0.447325526235672,4,7654.83639196852,,1
9,24,10,0.258872093023256,0.463253488372093,4,0.128771302098065,0.518483653280536,69.710443208435,53.838804518563,R6,1.38929321767501,0.209044120564222,0.790955879435778,0.230442824136208,0.509055193431154,3.16382351774311,0.106590552856584,0.529788975152065,0.119159561812536,0.621013895913997,0.0421478864922408,0.258727519465961,0.463156342742069,4,7525.69489074649,,1
9,25,9,0.258520930232558,0.479032558139535,4,0.125627493304101,0.523765072835558,67.2423150213982,50.8434795843661,R6,1.32691722967489,0.177747163362671,0.822252836637329,0.234532048028066,0.522653960394945,3.28901134654932,0.106571767863269,0.534363441025625,0.126704973411127,0.645385697955922,0.0373349245028122,0.258381346361901,0.478990261106424,4,7412.44027296774,,1
9,26,8,0.25816976744186,0.494811627906977,4,0.122625581229658,0.528808113990879,64.5838017643529,47.817328625706,R6,1.26847032013678,0.147825653520736,0.852174346479264,0.238375388303217,0.534870521419293,3.40869738591706,0.106635431199849,0.53835815627047,0.134069824341502,0.668576659500907,0.0329103819123075,0.258035127408135,0.494827643512882,4,7312.32479557047,,1
9,27,7,0.257818604651163,0.510590697674419,4,0.119756171069133,0.533628559484343,61.67269530449,44.7016725966682,R6,1.21254425604939,0.118645865745029,0.881354134254971,0.242073029589644,0.545658522766697,3.52541653701989,0.106831218260337,0.54182025519435,0.141516098887892,0.691000942548708,0.0289046897269402,0.257688895798201,0.51066812277797,4,7223.19718824021,,1
9,28,6,0.257467441860465,0.526369767441861,4,0.117010679466455,0.53824082886484,58.4309464717707,41.4393182174886,R6,1.16034761242337,0.0907313099867951,0.909268690013205,0.245532358876227,0.555355768049491,3.63707476005282,0.107065032250066,0.544869779484005,0.148750530614555,0.712372246100654,0.0252027121660258,0.257342613774791,0.526512043644542,4,7143.34945107642,,1
9,29,5,0.257116279069767,0.542148837209302,4,0.114381248758525,0.542658122558432,54.7586545052024,37.9474064766666,R6,1.11168378075466,0.0640418753749966,0.935958124625003,0.248764150377378,0.564100154451769,3.74383249850001,0.107322221372143,0.547571197500352,0.155757527922419,0.732740159418163,0.0217686954294394,0.25699627713498,0.542359428894604,4,7071.40970473957,,1
9,30,4,0.25676511627907,0.557927906976744,4,0.111860671869182,0.546892548042218,50.524633423324,34.1188446376072,R6,1.06678352765955,0.0387782944132546,0.961221705586745,0.251747343693896,0.57210791362522,3.84488682234698,0.107563646422233,0.549997978034606,0.162408778823402,0.752006429604507,0.0185399143369761,0.256649864659467,0.558210492441138,4,7006.26212824041,,1
9,31,3,0.256413953488372,0.573706976744186,4,0.109442326341775,0.550955230665847,45.5513730287028,29.8005497256167,R6,1.02547866816695,0.0149669633243813,0.985033036675619,0.254490669558068,0.579518838711217,3.94013214670247,0.107775151181927,0.552200572883502,0.168663850168312,0.770175253866445,0.0154805281840271,0.256303365788692,0.57406534929756,4,6946.99156318951,,1
9,32,2,0.256062790697674,0.589486046511628,4,0.107120116238854,0.554856411256723,39.5875484300952,24.9531382198542,R6,1,0,1,0.256062790697674,0.589486046511628,4,0.107120116238854,0.554856411256723,0.170916761874285,0.782815255354528,0.0115913825510443,0.255956205775688,0.589930572411468,4,6892.83968960263,,1
9,33,1,0.255711627906977,0.60526511627907,4,0.104888420835742,0.558605532311884,32.2355058653238,15.1796630759791,R4,1,0,1,0.255711627906977,0.60526511627907,4,0.104888420835742,0.558605532311884,0.166179159605041,0.786257311771164,0.00604296752179857,0.255607833540145,0.605812985216691,4,6843.17202391375,,1
9,34,0,0.255360465116279,0.621044186046512,4,0.10274204919885,0.56221131430384,22.9808336738495,-0.622813940935799,R4,1,0,1,0.255360465116279,0.621044186046512,4,0.10274204919885,0.56221131430384,0.161682296910906,0.789524461314627,0.000776493229821498,0.255259356103038,0.621700194198226,4,6797.45541874829,,1
10,0,33,0.2801,0.0907953488372093,4,0.317452745025428,0.231532572755463,0,0,,0,0,0,0,0,0,0,0,0,0,0,0,0,0,0,,0
10,1,32,0.279748837209302,0.106574418604651,4,0.300854102317206,0.257883251841385,-134.091518218052,-199.447540676862,R6,1.0726864064551,0.219735984006076,0.780264015993924,0.275958156593591,0.089200508042181,3.12105606397569,0.313723413837263,0.228167373452579,0.998342656633333,0,0.928936562672487,0.27948165293813,0.106173679515024,4,24999.9994413748,B-R,1
10,2,31,0.279397674418605,0.122353488372093,4,0.285869289770395,0.281671943093116,-76.6567652265,-148.551171173968,R8,1.15895916424933,0.387413557509319,0.61258644249068,0.27105194862304,0.0868664094621422,2.45034576996272,0.309747723817231,0.223352068389339,0.773234594271276,0,0.75745799130295,0.279136680133625,0.121919058053126,4,24999.9994413748,B-R,1
10,3,30,0.279046511627907,0.138132558139535,4,0.272273857715977,0.303254964873745,-36.4543325912679,-114.142966346203,R8,1.26032293127184,0.5167830569947,0.4832169430053,0.265287536606942,0.084124025530949,1.9328677720212,0.305023458565724,0.217630098549878,0.59955533144881,0,0.625155880251015,0.278791562164864,0.137671062232761,4,24999.9994413748,B-R,1
10,4,29,0.278695348837209,0.153911627906977,4,0.259883134020708,0.322925487908416,-6.19608973322919,-79.6727523999066,R8,1.38111683819838,0.619626550798525,0.380373449201474,0.258418160408599,0.0808559616154884,1.5214937968059,0.299317223637633,0.210718779557998,0.461487376784165,0,0.51998107944922,0.278446298940202,0.153429696236906,4,24999.9994413748,B-R,1
10,5,28,0.278344186046512,0.169690697674419,4,0.248543786093858,0.34092693076832,17.1303209480945,-47.1226453936991,R8,1.52751986545245,0.703343779154712,0.296656220845288,0.250092430275571,0.0768950461797938,1.18662488338115,0.292287346257377,0.202204281704155,0.349096538415918,0,0.434366107705497,0.278100890367915,0.169194964252059,4,24999.9994413748,B-R,1
10,6,27,0.277993023255814,0.18546976744186,4,0.238127443412436,0.357463084240145,35.1128312200084,-17.109879459706,R8,1.70864162055934,0.772816314101411,0.227183685898589,0.239792295896359,0.0719948199413157,0.908734743594358,0.283412845362138,0.19145559936744,0.255829279100949,0,0.363318735101136,0.2777553363562,0.184966870468244,4,24999.9994413748,B-R,1
10,7,26,0.277641860465116,0.201248837209302,4,0.228525816491775,0.372705860058421,50.0541312532511,10.2938690795159,R8,1.93849352452925,0.831394754045663,0.168605245954337,0.226720947858624,0.0657762056719656,0.674420983817346,0.271858043665206,0.177460570872858,0.177187402095329,0,0.303412410213255,0.277409636813181,0.200745419079014,4,24999.9994413748,B-R,1
10,8,25,0.277290697674419,0.217027906976744,4,0.219646918062774,0.386801289862641,62.7753204929773,35.2315886378444,R8,2.23979831617602,0.881455272920463,0.118544727079537,0.209586176603616,0.0576244425392856,0.474178908318149,0.256192689336732,0.158486893439438,0.109980880857549,0,0.252217094827192,0.277063791646901,0.216530614281455,4,24999.9994413748,B-R,1
10,9,24,0.276939534883721,0.232806976744186,4,0.211412106611466,0.399874218637656,74.016951538019,58.7255221578543,R8,2.65200611569955,0.924729840351996,0.0752701596480038,0.186144510389936,0.0464722125173403,0.301080638592015,0.233748758092546,0.131303090070815,0.0518845366622989,0,0.207961558175771,0.276717800765326,0.23232246027619,4,22552.7296334427,B-R,1
10,10,23,0.276588372093023,0.248586046511628,4,0.203753750795558,0.412032012499368,85.808528813981,80.3644824932653,R1,3.2501584891742,0.96251067691456,0.03748932308544,0.152128443008095,0.0302892755014165,0.14995729234176,0.198911775537531,0.0891089809627258,0.00116355629904362,0,0.169324286991924,0.276371664076346,0.248120961267382,4,15767.2206176326,B-R,1
10,11,22,0.276237209302326,0.26436511627907,4,0.196613367762439,0.423367514152349,91.194747393883,86.1277780910145,R6,3.25766120545188,0.905987988630345,0.0940120113696546,0.150569486156998,0.0809642707729309,0.376048045478618,0.164089104274832,0.198526599041262,0,0.0540466556690718,0.147085028517776,0.276027260371172,0.26391040309687,4,12814.3617408795,G-B,1
10,12,21,0.275886046511628,0.280144186046512,4,0.189940126855175,0.433961418286647,95.156549812997,89.3093700062953,R3,3.24688411906741,0.85370142372314,0.14629857627686,0.150029183972424,0.133072557173788,0.585194305107442,0.139665568671938,0.278730585813057,0,0.103287705363976,0.127630734484798,0.275682800287253,0.279704200908915,4,11172.0976035478,G-B,1
10,13,20,0.27553488372093,0.295923255813953,4,0.183689637690484,0.443884195528379,95.6834033183289,91.4403707454833,R3,3.0483391429747,0.784753423078818,0.215246576921182,0.160080009748191,0.194168436202133,0.860986307684729,0.127811931612922,0.348815236759785,0.0107734760109036,0.160662239238462,0.113169855609619,0.275338769396717,0.29549784837262,4,10131.8075945553,,1
10,14,19,0.275183720930233,0.311702325581395,4,0.177822961491904,0.453197661968212,93.9598807663538,91.1342448738129,R6,2.83162144341234,0.717189987884539,0.282810012115461,0.171300967995488,0.249614618234469,1.13124004846184,0.121215519083528,0.39742111919695,0.0231673371617315,0.215596170883556,0.10090756321916,0.274994789463759,0.311294341475964,4,9416.60933001771,,1
10,15,18,0.274832558139535,0.327481395348837,4,0.172305799125772,0.461956268170565,91.8122969553764,87.9252680629793,R6,2.63908260424207,0.655443043871503,0.344556956128497,0.181294306917451,0.297783505651977,1.37822782451399,0.11676042647909,0.431513773634041,0.034703239550606,0.265654251237688,0.0899180763976166,0.274650739664003,0.327094719321682,4,8896.19522158848,,1
10,16,17,0.274481395348837,0.343260465116279,4,0.167107820060386,0.470208164464439,89.6027611511317,84.1835423619787,R6,2.4681833617117,0.598897947797699,0.401102052202302,0.190180355347298,0.339825598925856,1.60440820880921,0.113582104143353,0.456649371691928,0.0454086713635292,0.311396039985449,0.0800012621440851,0.274306615185074,0.342899011745588,4,8501.33005111491,,1
10,17,16,0.27413023255814,0.359039534883721,4,0.162202104515751,0.477996086541915,87.3965087417805,80.4081416005873,R6,2.31643052474185,0.547028717135982,0.452971282864018,0.198080347290436,0.376731748842984,1.81188513145607,0.111208928580115,0.47589704445237,0.0553156818973583,0.353294400711757,0.0709947140763698,0.273962411577401,0.358707252532961,4,8191.92044667112,,1
10,18,15,0.273779069767442,0.374818604651163,4,0.157564677137964,0.485358095759439,85.2066229479059,76.7388840974161,R6,2.17919253777933,0.498932406896826,0.501067593103174,0.205243302548416,0.409272965220138,2.0042703724127,0.109451580713898,0.491075898549931,0.0646764628727381,0.392022775097775,0.0628244767881782,0.273618139069335,0.374519320486721,4,7943.19207691013,,1
10,19,14,0.273427906976744,0.390597674418605,4,0.153174115145704,0.492328201213157,83.0287512930686,73.2060777277432,R6,2.05409700976678,0.454050032990557,0.545949967009443,0.211792648566125,0.438029588469715,2.18379986803777,0.108157218932135,0.503304248018697,0.0736065019706085,0.428026574918492,0.0554025497540245,0.27327380163556,0.390335151574346,4,7739.04326210132,,1
10,20,13,0.273076744186046,0.406376744186047,4,0.149011217433182,0.498936885044628,80.8458200812454,69.8058661522101,R6,1.94097819383785,0.412290938917071,0.587709061082929,0.217725343174571,0.463566335157578,2.35083624433171,0.107156929691388,0.513340684340451,0.0820185183529387,0.46145240282416,0.048604525632099,0.272929389899299,0.406154833567534,4,7568.57004226847,,1
10,21,12,0.272725581395349,0.422155813953488,4,0.145058723846397,0.505211548095418,78.6330658360389,66.5182175889807,R6,1.83536646034207,0.37261059736208,0.62738940263792,0.223293256782782,0.48610797327442,2.50955761055168,0.106498628899772,0.52165535647143,0.0903069734794477,0.493007235413991,0.0424515755020917,0.272584929977245,0.421978039666577,4,7424.13469515552,,1
10,22,11,0.272374418604651,0.43793488372093,4,0.141301075975825,0.511176889653512,76.3605102708047,63.3166383779018,R6,1.73716086913325,0.334877854775868,0.665122145224132,0.228494489287594,0.506000546855969,2.66048858089653,0.106091246857121,0.528612376871056,0.0984399042158075,0.52283700878831,0.036861694240972,0.272240419357813,0.437804763743956,4,7300.23528973704,,1
10,23,10,0.272023255813953,0.453713953488372,4,0.137724212474656,0.516855232389739,73.9929162553053,60.1709365474652,R6,1.64626176889609,0.299020642541326,0.700979357458674,0.233327205200541,0.523583868312117,2.8039174298347,0.10586111124113,0.53449032091897,0.10637000781556,0.551042776187477,0.0317589240535122,0.271895853725461,0.453635027285216,4,7192.80925896872,,1
10,24,9,0.271672093023256,0.469493023255814,4,0.134315393225419,0.522266801496775,71.4884349223135,57.0411050634713,R6,1.56053790528067,0.264408404166704,0.735591595833296,0.237912068207073,0.538939758990517,2.94236638333319,0.105839209285492,0.539452060340426,0.114331607857142,0.578053990814412,0.0271520939395427,0.271551252704983,0.469468546517852,4,7098.79320348314,,1
10,25,8,0.271320930232558,0.485272093023256,4,0.131063047720259,0.527429965388517,68.7963509242295,53.884563684243,R6,1.4802909075644,0.231071141942295,0.768928858057705,0.242225353834546,0.552355329342815,3.07571543223082,0.10596251142015,0.543667924003761,0.122248259811098,0.603896022938843,0.0229729480697645,0.271206610987457,0.485305346960937,4,7015.83621753646,,1
10,26,7,0.27096976744186,0.501051162790698,4,0.127956643851976,0.532361443996936,65.8541659488234,50.6536310508003,R6,1.4063547046539,0.199297605749498,0.800702394250502,0.246210480786204,0.564219474134618,3.20280957700201,0.106145650246644,0.547301017561668,0.129925961007111,0.628433032201226,0.0191273709471146,0.270861910868502,0.50114563152479,4,6942.10501662267,,1
10,27,6,0.270618604651163,0.51683023255814,4,0.124986573980589,0.537076489643706,62.5833814579574,47.2798807794146,R6,1.33750904084789,0.168738625833724,0.831261374166276,0.249935579685156,0.574621984112998,3.3250454966651,0.106405455832757,0.550428062355904,0.137486372882053,0.651908506191001,0.0156118417552043,0.270517162940916,0.516989231043429,4,6876.14670944122,,1
10,28,5,0.270267441860465,0.532609302325581,4,0.122144055678729,0.541589044608882,58.8830928343193,43.6825963758117,R6,1.27419376542084,0.139632684084142,0.860367315915858,0.253368178671667,0.583886087098957,3.44146926366343,0.106682498556378,0.553161256018158,0.144772083668045,0.674208276469897,0.0123515563197362,0.270172350812005,0.532836349074693,4,6816.79914888851,,1
10,29,4,0.269916279069767,0.548388372093023,4,0.119421044995879,0.545911878825668,54.6200085564035,39.7440160457522,R6,1.21547734836631,0.111722398073351,0.88827760192665,0.256560191241844,0.592084672791148,3.5531104077066,0.1069904008578,0.555548374041918,0.151870734755141,0.695513254303678,0.00934180150712962,0.269827481822663,0.548686864260597,4,6763.11921380391,,1
10,30,3,0.26956511627907,0.564167441860465,4,0.116810160437238,0.550056710565498,49.6127132442343,35.316118964245,R6,1.16238047933843,0.0855758507916201,0.91442414920838,0.25944314798096,0.599658527837543,3.65769659683352,0.107240970547034,0.557705673866371,0.158474195713259,0.715504595846377,0.00647382526754287,0.269482520513764,0.564541281742378,4,6714.33493653184,,1
10,31,2,0.269213953488372,0.579946511627907,4,0.114304616144162,0.554034312515428,43.6060239852682,30.170045837404,R6,1.11436563126151,0.0611580480029712,0.938841951997029,0.262044824207781,0.606747698364166,3.75536780798812,0.10742973197764,0.55967970870381,0.164570093331323,0.734223936714925,0.00372175265174197,0.269137460445898,0.580399708824306,4,6669.80678821905,,1
10,32,1,0.268862790697674,0.595725581395349,4,0.111898163002496,0.557854605269844,36.2274079591611,19.7033351153823,R3,1.07194362812891,0.0389356897359495,0.96106431026405,0.264327665153343,0.613720523208784,3.8442572410562,0.107494066045984,0.561558539243123,0.169906103304998,0.751408763404604,0.000997087395636438,0.268792266016767,0.596262707909976,4,6629.00359846104,,1
10,33,0,0.268511627906977,0.611504651162791,4,0.109585036602693,0.561526739944818,26.8966291913661,4.81118182446653,R3,1.01031361172428,0.00576937200003884,0.994230627999961,0.267857864849375,0.614247088490565,3.97692251199985,0.108937905202973,0.562082730157409,0.180824422749777,0.774984170004054,0,0.268447716422604,0.612118131916464,4,6591.47751408167,R-G,1
11,0,32,0.2929,0.0970348837209302,4,0.327388897625822,0.244036610202976,0,0,,0,0,0,0,0,0,0,0,0,0,0,0,0,0,0,,0
11,1,31,0.292548837209302,0.112813953488372,4,0.310506205384912,0.269412191582003,-134.595041892476,-197.073744496289,R6,1.07343812534799,0.209582724049747,0.790417275950253,0.28965896158369,0.0957185826253875,3.16166910380101,0.324611044489537,0.241354332884131,1.0458833350734,0,0.848979437088581,0.292264136209564,0.112399782788362,4,24999.9994413748,B-R,1
11,2,30,0.292197674418605,0.128593023255814,4,0.295244529299457,0.29235129975033,-80.8014987764575,-163.995603446049,R8,1.15983671179797,0.370370179804451,0.629629820195549,0.285851785246942,0.0939073416558039,2.5185192807822,0.321616819475903,0.237727765723214,0.825864366265943,0,0.695632452735434,0.291921821714828,0.128147876621554,4,24999.9994413748,B-R,1
11,3,29,0.291846511627907,0.144372093023256,4,0.281381097909608,0.313188772021086,-42.9696567909055,-133.215607944504,R8,1.26136076272304,0.49601127965401,0.50398872034599,0.281378101357258,0.0917790137746523,2.01595488138396,0.318067869178112,0.233429322370731,0.653939105685244,0,0.575805419697882,0.291579363161591,0.143902597830527,4,24999.9994413748,B-R,1
11,4,28,0.291495348837209,0.160151162790698,4,0.268732171513657,0.332200778905866,-14.7783834672587,-101.003421158791,R8,1.38236324057676,0.596894523917154,0.403105476082846,0.276046095484231,0.0892423444341572,1.61242190433138,0.313794299008882,0.228253228668676,0.515892096554194,0,0.47959056756964,0.291236760458896,0.159663950599725,4,24999.9994413748,B-R,1
11,5,27,0.291144186046512,0.17593023255814,4,0.257144852460902,0.34961713367868,6.19951528200191,-69.8205293857185,R8,1.52904466484759,0.679681461178965,0.320318538821036,0.269582540112898,0.0861673473070918,1.28127415528414,0.308548948684137,0.221900127232209,0.402607782914332,0,0.400634612247482,0.29089401351571,0.175431939117117,4,24999.9994413748,B-R,1
11,6,26,0.290793023255814,0.191709302325581,4,0.246490874450136,0.365630627389561,23.339030194257,-40.5847227125355,R8,1.71054968195957,0.748840464448626,0.251159535551374,0.261584474003913,0.0823623160364875,1.00463814220549,0.301957833344605,0.21391705236799,0.307971714996468,0,0.334675955569367,0.290551122240922,0.191206567574197,4,24999.9994413748,B-R,1
11,7,25,0.290441860465116,0.207488372093023,4,0.236661834512947,0.380404195446406,38.1564918849662,-13.5601862553248,R8,1.9409498411064,0.807480663925761,0.192519336074239,0.251431830657201,0.0775322577590072,0.770077344296957,0.293426826290867,0.203584405392642,0.227729409033832,0,0.278749342952247,0.290208086543347,0.206987840165993,4,24999.9994413748,B-R,1
11,8,24,0.290090697674419,0.223267441860465,4,0.227565491279232,0.394076481518137,52.0760780952037,12.7062944449492,R8,2.24307820408228,0.857832258570806,0.142167741429194,0.238118465225602,0.0711985051875813,0.568670965716777,0.281951729052848,0.189685913922484,0.158829096633124,0,0.23072777833486,0.289864906331719,0.222775761091065,4,20190.738611049,B-R,1
11,9,23,0.289739534883721,0.239046511627907,4,0.219122861323728,0.406766201879784,66.4325458648339,40.0451109083164,R8,2.65660558023025,0.901536600182159,0.0984633998178415,0.219896273106991,0.062529408197699,0.393853599271366,0.265690698511052,0.169990761054207,0.0990247783882452,0,0.189045863798783,0.2895215815147,0.238570334551513,4,14094.4247229533,B-R,1
11,10,22,0.289388372093023,0.254825581395349,4,0.211265919815825,0.418575601457709,79.2822925958001,65.795113161041,R8,3.25706943085365,0.939828503594414,0.0601714964055858,0.193436676288361,0.0499414160592781,0.240685985622343,0.240860730660363,0.139917020569139,0.0466267535367769,0,0.152525925810775,0.289178112000871,0.254371564752976,4,11512.1287393417,B-R,1
11,11,21,0.289037209302326,0.270604651162791,4,0.203935763663841,0.429593214721128,89.9737063943182,84.4886598104594,R6,4.2082453269686,0.97365477337566,0.0263452266243401,0.151522861345678,0.0300011737114336,0.10538090649736,0.198265527686634,0.088326253805213,0.00033942993345611,0,0.120264973371901,0.288834497698737,0.270179455904643,4,10106.396329408,B-R,1
11,12,20,0.288686046511628,0.286383720930233,4,0.197081132142871,0.439896089256867,94.2007527255948,88.8958384295648,R6,4.19993285833445,0.919441123990614,0.0805588760093859,0.150404296805649,0.0968956037865806,0.322235504037543,0.155781135191747,0.225808981628054,0,0.0507475980564714,0.102625366632498,0.288491894866575,0.285976682052671,4,9231.53065687626,G-B,1
11,13,19,0.28833488372093,0.302162790697674,4,0.190657206388456,0.449551590194034,96.1645374246621,91.2072959128016,R3,4.00702471899924,0.858317026152209,0.141682973847791,0.157333502183691,0.171546028601238,0.566731895391165,0.132662145853564,0.325453535895586,0.00578711346729757,0.103762495128007,0.088478254978447,0.288149374311747,0.30177577713648,4,8638.66208443051,,1
11,14,18,0.287983720930233,0.317941860465116,4,0.18462462829595,0.458618874850256,95.3524326419369,92.6301232235353,R6,3.61686988624562,0.786457514601254,0.213542485398746,0.1730605327166,0.2455641080067,0.854169941594985,0.123600358808181,0.394610923779604,0.0191401733845387,0.161628642839611,0.0779407388597845,0.287807022443552,0.317575059662945,4,8212.26007341099,,1
11,15,17,0.287632558139535,0.333720930232558,4,0.178948693426549,0.467150105836718,93.5022572662158,90.3796924510129,R6,3.3191165539066,0.723586342198297,0.276413657801703,0.184971200921832,0.306171982889872,1.10565463120681,0.117365253233904,0.437102599125197,0.0301680631823802,0.212702754215967,0.0681118595006696,0.287464546452408,0.3333789778,4,7891.76630573659,,1
11,16,16,0.287281395348837,0.3495,4,0.173598682948526,0.47519145518589,91.4502849770084,87.0278943926266,R6,3.05904775588542,0.665589889338803,0.334410110661196,0.195409557571122,0.357530286247953,1.33764044264479,0.113288384573111,0.466374651291373,0.0405888534235417,0.259647990856158,0.059275776982658,0.287121996382716,0.349186732963123,4,7642.555777756,,1
11,17,15,0.28693023255814,0.365279069767442,4,0.168547307450616,0.482783940329499,89.33716978548,83.4324319411535,R6,2.83293962837606,0.612152724753356,0.387847275246644,0.204503363735098,0.401349616593763,1.55138910098658,0.110435077490422,0.487654184261088,0.0503279833371012,0.302809044974474,0.0512623181748943,0.286779366896314,0.364998399139812,4,7443.48279895224,,1
11,18,14,0.286579069767442,0.381058139534884,4,0.163770241364714,0.48996412388589,87.1904859257407,79.8528500689445,R6,2.634052346322,0.562631514551358,0.437368485448642,0.212522297383435,0.438998595638073,1.74947394179457,0.10838911765036,0.503763651098194,0.0595074145213952,0.342702327314133,0.0439793924908727,0.286436659944959,0.380813930147275,4,7280.94413593625,,1
11,19,13,0.286227906976744,0.396837209302326,4,0.159245731231587,0.496764702457429,85.0134666274122,76.3611090856786,R6,2.45271355150264,0.515815637570688,0.484184362429312,0.219879438516372,0.471270197596991,1.93673744971725,0.107056116014813,0.516272935293808,0.0685541192299459,0.380165151291657,0.0374374449597168,0.286093891919715,0.396633010366824,4,7145.81328949498,,1
11,20,12,0.285876744186047,0.412616279069767,4,0.154954264497615,0.503215004446551,82.7942953728425,72.9634587911657,R6,2.29170426232149,0.472097711998693,0.527902288001307,0.22642830848525,0.499181492389113,2.11160915200523,0.106088690233746,0.526234550393502,0.0771427452791714,0.415053223078673,0.0314591974694764,0.285751048159177,0.412455883374264,4,7031.74882904207,,1
11,21,11,0.285525581395349,0.428395348837209,4,0.150878288204369,0.50934141288025,80.509625787014,69.6473815131889,R6,2.14461064541119,0.430564589950336,0.569435410049664,0.232444928185711,0.523163786506812,2.27774164019865,0.105500027104318,0.534260036114152,0.0856004615138592,0.447994630785463,0.0260572851960244,0.285408142768099,0.428282263708405,4,6934.21292320389,,1
11,22,10,0.285174418604651,0.444174418604651,4,0.1470019690172,0.515167726099818,78.1275424640894,66.3842332029569,R6,2.00771020823668,0.390530378302969,0.609469621697031,0.238088573246765,0.543508866503553,2.43787848678812,0.105279874129456,0.54074928760849,0.0941607112744227,0.47946952830711,0.0212297508420661,0.285065188252079,0.444111875174454,4,6849.87739814304,,1
11,23,9,0.284823255813954,0.459953488372093,4,0.143310987674979,0.520715466713784,75.6078582612704,63.1438735933432,R6,1.88455949892606,0.352676899365132,0.647323100634868,0.243181074565674,0.561105952746959,2.58929240253947,0.105194532400514,0.54612340401698,0.102407879324697,0.509125605214525,0.0168077412950034,0.284722164175723,0.459945086511899,4,6776.24658579536,,1
11,24,8,0.284472093023256,0.475732558139535,4,0.139792362235274,0.52600414726979,72.9008783192879,59.8840814859661,R6,1.77217442609021,0.31653359343719,0.68346640656281,0.247849476172829,0.57621759153658,2.73386562625124,0.105256094261641,0.550589945355867,0.110495966029695,0.537296463819295,0.0127841871519527,0.28437907821944,0.475781723703416,4,6711.4123976431,,1
11,25,7,0.284120930232558,0.491511627906977,4,0.136434295516068,0.531051499557771,69.9448468454411,56.550484378267,R6,1.66845338030065,0.281706575897257,0.718293424102743,0.252182849538891,0.589046748806566,2.87317369641097,0.105469552631234,0.554298671283525,0.118551323797107,0.564263087259472,0.00915079402648804,0.284035938011291,0.491621603290376,4,6653.89524194606,,1
11,26,6,0.28376976744186,0.507290697674419,4,0.133226042955821,0.535873673223281,66.6616138228681,53.0819544560842,R6,1.57435965987478,0.248540296228924,0.751459703771076,0.256125703440073,0.600159311795614,3.0058388150843,0.10573155078459,0.557443049560316,0.126350622580102,0.589856593317944,0.00580982251756412,0.283692730577618,0.507464969889837,4,6602.52683229868,,1
11,27,5,0.283418604651163,0.52306976744186,4,0.130157797773209,0.540485408378501,62.9499139792146,49.3909758464727,R6,1.48837303829915,0.216797365342687,0.783202634657313,0.259741598303669,0.609741216973685,3.13281053862925,0.106044989849483,0.560114373557826,0.133959230385308,0.614253669497497,0.00274624027076569,0.283349459333293,0.523311734147002,4,6556.37433859975,,1
11,28,4,0.283067441860465,0.538848837209302,4,0.127220590840607,0.544900186097702,58.6747754986318,45.3504317875434,R6,1.40803695326819,0.185862693707099,0.814137306292901,0.263141953616918,0.617701503966806,3.25654922517161,0.106469101017934,0.562334422815591,0.141631316121403,0.63785438155485,0,0.283006141351355,0.539161503137704,4,6514.68477775113,R-G,1
11,29,3,0.282716279069767,0.554627906976744,4,0.124406203117933,0.549130360033811,53.6086367485098,40.3932475081401,R6,1.28170610783378,0.13695560955101,0.86304439044899,0.268860924477729,0.613512345079804,3.45217756179596,0.109466310392741,0.562028859661071,0.158426803771456,0.67198925233228,0,0.282663428237616,0.554999724714248,4,6476.84181071172,R-G,1
11,30,2,0.28236511627907,0.570406976744186,4,0.121707088846265,0.553187271862484,47.4795669574738,34.5766593245906,R3,1.17617794415751,0.0907543418539891,0.909245658146011,0.273638162301035,0.610013007739242,3.63698263258404,0.111998988543581,0.561770655101971,0.174293070068288,0.704235589029802,0,0.282320653367505,0.5708408003138,4,6442.33830296812,R-G,1
11,31,1,0.282013953488372,0.586186046511628,4,0.11911630798971,0.557081352825557,39.9227292183842,22.2586225663664,R3,1.08670502588224,0.0470403835382621,0.952959616461738,0.277688582534419,0.607046065901324,3.81183846584695,0.114167363491538,0.561549590969832,0.189305153894089,0.734745899428087,0,0.281977816724327,0.586684730707863,4,6410.75175157777,R-G,1
11,32,0,0.281662790697674,0.60196511627907,4,0.116627466651901,0.560822213288203,30.346811738269,7.016505388637,R3,1.0098823626533,0.00561813807904836,0.994381861920952,0.281166328376659,0.604498609329795,3.97752744768381,0.116044764046743,0.561358191449743,0.203530226274755,0.763656700807057,0,0.281634918291382,0.602531516668223,4,6381.72840245907,R-G,1
12,0,31,0.3057,0.103274418604651,4,0.337055142519779,0.256200985388405,0,0,,0,0,0,0,0,0,0,0,0,0,0,0,0,0,0,,0
12,1,30,0.305348837209302,0.119053488372093,4,0.319909168211798,0.280643546143182,-133.759202241083,-194.767737518706,R8,1.07419089856126,0.200493718833826,0.799506281166174,0.303378982584014,0.102245799108499,3.1980251246647,0.335207650955868,0.254188807532151,1.08844084627362,0,0.777403338908485,0.305048901217746,0.118626997452055,4,24999.9994413748,B-R,1
12,2,29,0.304997674418605,0.134832558139535,4,0.304389249859873,0.302768071726398,-83.8106372498834,-177.119661506849,R8,1.16071558928691,0.354904206714511,0.645095793285489,0.300674051309603,0.100958944518437,2.58038317314196,0.333142149163516,0.251687098095869,0.873623129317159,0,0.639529012894215,0.304709245987462,0.134377807298963,4,24999.9994413748,B-R,1
12,3,28,0.304646511627907,0.150611627906977,4,0.290274546300605,0.322889383766536,-48.6842876601,-149.893309214085,R8,1.26240030481804,0.476960567693401,0.523039432306599,0.297495187971715,0.0994466196337933,2.0921577292264,0.330700028862133,0.248729233123238,0.703816860550236,0,0.530543938520753,0.30436944780503,0.15013524625651,4,24999.9994413748,B-R,1
12,4,27,0.304295348837209,0.166390697674419,4,0.277382475427716,0.341267763431947,-23.3997730366932,-119.985203632824,R8,1.38361189464319,0.57586736728017,0.42413263271983,0.293705876303687,0.0976438776716188,1.69653053087932,0.327767949385949,0.245177935844941,0.566216538380941,0,0.442229287628701,0.304029506580184,0.165899318510611,4,24999.9994413748,B-R,1
12,5,26,0.303944186046512,0.18216976744186,4,0.265560773014786,0.358120272030332,-4.16300415269622,-90.2725267798502,R8,1.53057251145205,0.657640069227471,0.342359930772529,0.289111599627523,0.095458178506295,1.36943972309012,0.324182020462863,0.240834704452969,0.452453377712384,0,0.3692138058302,0.303689422222581,0.181670028250704,4,24999.9994413748,B-R,1
12,6,25,0.303593023255814,0.197948837209302,4,0.254681450657115,0.373629364305969,12.4391809455136,-61.9414840801581,R8,1.7124620096359,0.726376097786947,0.273623902213053,0.283425377717935,0.0927529930423645,1.09449560885221,0.31969608449009,0.235401395997273,0.356826992934617,0,0.307838871131086,0.303349194641802,0.197447379669757,4,24999.9994413748,B-R,1
12,7,24,0.303241860465116,0.213727906976744,4,0.244636143276324,0.387949520836304,28.545647780942,-33.3588533100956,R8,1.94341239050915,0.784962861278339,0.215037138721661,0.276205416538967,0.0893181404562299,0.860148554886645,0.313922689956534,0.228408734147521,0.275320387069774,0,0.255526294177279,0.303008823747355,0.21323137696427,4,17529.8635148062,B-R,1
12,8,23,0.302890697674419,0.229506976744186,4,0.235332487114741,0.401212411406786,44.773131011018,-3.81252956395504,R8,2.24636771199841,0.835493707327102,0.164506292672898,0.266734439908214,0.0848123809698589,0.658025170691593,0.306214728437879,0.219072949430648,0.205021269872102,0,0.210406908586791,0.302668309448666,0.22902202433428,4,12214.3068670603,B-R,1
12,9,22,0.302539534883721,0.245286046511628,4,0.22669127141371,0.413530955455301,59.6271945292814,24.2085299538027,R8,2.66122102649459,0.879523329547191,0.120476670452809,0.253765312884897,0.078642397725944,0.481906681811237,0.295404140336284,0.205979302954207,0.143766732997096,0,0.171092516335479,0.30232765165509,0.244819325983363,4,10061.1202222669,B-R,1
12,10,21,0.302188372093023,0.26106511627907,4,0.218644177596127,0.425002544995949,72.9373482598463,50.2221162366619,R8,3.26400982518153,0.918230551817819,0.0817694481821811,0.23492095458949,0.0696773089643059,0.327077792728725,0.27914558496686,0.186287147983149,0.0899167825693251,0,0.136530536409794,0.301986850275902,0.260623286118637,4,8932.72286971257,B-R,1
12,11,20,0.301837209302326,0.276844186046512,4,0.211131969274515,0.435711624865389,84.6122922634976,74.1982411290216,R8,4.21983850627395,0.952525444037857,0.0474745559621433,0.205039878207899,0.0554615687488617,0.189898223848573,0.251933596938673,0.153328335029238,0.0422053184641845,0,0.105908360316267,0.301645905220303,0.276433908950771,4,8251.44482890394,B-R,1
12,12,19,0.301486046511628,0.292623255813953,4,0.204103031576859,0.445731774996871,93.5141864902914,87.7029000476303,R6,5.94493197679352,0.982377320811834,0.0176226791881664,0.151091115366266,0.0306568594619619,0.0704907167526655,0.197137503715272,0.0899995849902797,0,0.000448090741116266,0.0786863655975632,0.301304819825132,0.292251038893525,4,7800.37238710232,G-B,1
12,13,18,0.30113488372093,0.308402325581395,4,0.197512183588954,0.455127403351154,96.0201200104888,91.0797125775286,R3,5.59986309440786,0.920499561597497,0.0795004384025027,0.159619560753671,0.137298115825456,0.318001753610011,0.147511170205044,0.285486707785992,0.00507424676070988,0.0542237346740518,0.0658888788971766,0.300964044734299,0.308053672744261,4,7481.62879682606,,1
12,14,17,0.300783720930233,0.324181395348837,4,0.191319706135346,0.463955131870026,96.2601367991475,92.4907587024127,R3,4.87465043483194,0.847373145108321,0.152626854891679,0.180219016702206,0.241191789523716,0.610507419566718,0.130266327405826,0.392262318885155,0.0180225159788327,0.113160648354705,0.0566042468061513,0.300623270785682,0.323856231818135,4,7245.26866248266,,1
12,15,16,0.300432558139535,0.339960465116279,4,0.185490540680244,0.472264938488576,94.8082603148461,92.1602245512615,R6,4.37750348087953,0.784358530587963,0.215641469412037,0.19415116372144,0.32091291641597,0.86256587764815,0.12016809421695,0.446908784275636,0.0281586306743739,0.164626066786754,0.0477452659050672,0.300282389155658,0.339663788756718,4,7063.39721026852,,1
12,16,15,0.300081395348837,0.355739534883721,4,0.179993625211243,0.480101103870696,92.944611301649,89.3306356885278,R6,3.95944854491619,0.726135535762047,0.273864464237953,0.20591587211269,0.385746966641476,1.09545785695181,0.114126152181386,0.481039112114999,0.0377824064522382,0.212006530038687,0.0397769826312118,0.29994142400099,0.355475217840703,4,6919.31472017244,,1
12,17,14,0.29973023255814,0.371518604651163,4,0.174801340536025,0.487503000744592,90.9415483636919,85.9867761488914,R6,3.59974537184691,0.671818870739935,0.328181129260065,0.216097028537772,0.438900377137753,1.31272451704026,0.11032943087827,0.504186316611729,0.0470922392200782,0.255987904506054,0.0326219721513688,0.299600378063165,0.371290391542072,4,6802.45523390376,,1
12,18,13,0.299379069767442,0.387297674418605,4,0.169889046153237,0.494505755545218,88.8506504541817,82.544040674836,R6,3.2877050154457,0.620920537449036,0.379079462550964,0.224980774567459,0.482689653318468,1.51631785020386,0.107874513823401,0.520743612442899,0.0561316113907146,0.296991991322313,0.0261822173747661,0.299259252388685,0.387109261315252,4,6705.82734971806,,1
12,19,12,0.299027906976744,0.403076744186046,4,0.165234689235625,0.501140805831057,86.6821480143049,79.1218117565406,R6,3.01763658010295,0.573273675179065,0.426726324820935,0.232703969628476,0.519043925761033,1.70690529928374,0.10621969877047,0.533074495655375,0.0648186342147954,0.335227244386624,0.0203429283995262,0.298918045894075,0.402931877771911,4,6624.62911685014,,1
12,20,11,0.298676744186047,0.418855813953488,4,0.160818473632575,0.507436372139791,84.4280243342209,75.7509809153337,R6,2.77339215287458,0.527597447452301,0.472402552547699,0.239758883032637,0.548767099571045,1.8896102101908,0.10532269415471,0.542397697567046,0.0736356333196836,0.371556341628426,0.0151561266793008,0.298576767957081,0.418757804549813,4,6555.45891302214,,1
12,21,10,0.298325581395349,0.43463488372093,4,0.156622578412017,0.513417859222821,82.065132723662,72.4195391353217,R6,2.55728589991905,0.484214980454064,0.515785019545936,0.246040612704346,0.573287652740467,2.06314007818375,0.104838989741548,0.549630891375979,0.0823079248072044,0.405863214139172,0.0104801659106766,0.298235414811162,0.43458721722353,4,6495.84125769973,,1
12,22,9,0.297974418604651,0.450413953488372,4,0.152630917502065,0.519108198689768,79.5582822172774,69.104098906411,R6,2.3669598843371,0.443125527813397,0.556874472186603,0.251599509784396,0.593690423225751,2.22749788874641,0.104603371485435,0.555364932418997,0.0907342874183673,0.438215742679431,0.00622981505897418,0.297893984939035,0.450420186574954,4,6443.93321827554,,1
12,23,8,0.297623255813953,0.466193023255814,4,0.14882893359693,0.524528142807303,76.8608925310913,65.7658374016701,R6,2.1952714183136,0.403632637259392,0.596367362740608,0.256653243175525,0.610334417201515,2.38546945096243,0.104642104072957,0.55989950811168,0.0991643048581617,0.469091423659445,0.00242270965339391,0.297552484622107,0.466256420475645,4,6398.33600795359,,1
12,24,7,0.297272093023256,0.481972093023256,4,0.145203420760726,0.529696517387504,73.9020429391902,62.2800284564855,R6,1.99749505850343,0.358077374488195,0.641922625511805,0.262730926927637,0.618002581931724,2.56769050204722,0.106255129909013,0.562356237003004,0.111232209934854,0.503150832417374,0,0.297211009448275,0.482091472164949,4,6357.96852822758,R-G,1
12,25,6,0.296920930232558,0.497751162790698,4,0.141742371172819,0.534630440261068,70.4920379541069,58.4074516946878,R6,1.75245381355388,0.298122474498542,0.701877525501458,0.270600795791479,0.612237885469216,2.80751010200583,0.11038562953508,0.561935135792627,0.130910548252482,0.545456406383104,0,0.296869689557981,0.497919289384883,4,6321.98241133462,R-G,1
12,26,5,0.29656976744186,0.513530232558139,4,0.138434842266782,0.53934551067829,66.5864997653459,54.2085462057375,R6,1.56096372996923,0.241852002376452,0.758147997623548,0.276750788405366,0.607733002188554,3.03259199049419,0.113663588195936,0.561600950467699,0.14937958727852,0.585162162223886,0,0.296528308182817,0.513749957804848,4,6289.70267856146,R-G,1
12,27,4,0.296218604651163,0.529309302325581,4,0.135270841165563,0.543855974053282,62.0978409476562,49.5755009270664,R6,1.40719948010358,0.188936452231211,0.811063547768789,0.281689159015746,0.604115634722749,3.24425419107516,0.116328262891614,0.561329288963961,0.166747477112398,0.622500606971407,0,0.296186865306168,0.529583478195328,4,6260.58631475701,R-G,1
12,28,3,0.295867441860465,0.545088372093023,4,0.132241223841734,0.548174865716788,56.8586355951152,44.3398319484625,R6,1.28101213434726,0.139084471959303,0.860915528040697,0.285741855791683,0.601147025312343,3.44366211216279,0.118537042377246,0.561104105620768,0.183109845055028,0.65767732545639,0,0.295845360911413,0.545419851327087,4,6234.19137807128,R-G,1
12,29,2,0.295516279069767,0.560867441860465,4,0.129337606859355,0.552314136733155,50.607988781038,36.8080137747277,R3,1.17559351564726,0.0920374962786642,0.907962503721336,0.289127533599299,0.598667008781137,3.63185001488534,0.120397704520596,0.560914412568692,0.198551557149029,0.690874767364636,0,0.295503794981924,0.561259077971166,4,6210.15350150611,R-G,1
12,30,1,0.29516511627907,0.576646511627907,4,0.126552289903367,0.556284764339098,42.9441770433129,24.5674768967438,R3,1.08620611256217,0.0475652609168944,0.952434739083106,0.291998344758065,0.596564133216399,3.80973895633242,0.121986535881654,0.560752432452533,0.213148190507456,0.722255412530309,0,0.295162167501069,0.577101158898886,4,6188.17120595748,R-G,1
12,31,0,0.294813953488372,0.592425581395349,4,0.123878187588924,0.560096849153364,33.2301049049939,9.29117213197372,R3,1.00945148157976,0.00546203366863198,0.994537966331368,0.294463435402901,0.594758448831321,3.97815186532547,0.12335905043841,0.560612505665598,0.226967270352443,0.751964430389645,0,0.294820478452209,0.592946094881842,4,6167.9922367637,R-G,1
13,0,30,0.3185,0.109513953488372,4,0.346462330079649,0.268039352838573,-143.009462800267,-386.594698947581,R6,1.00032398254316,0.00102208074224304,0.998977919257757,0.318495658633922,0.10943746573062,3.99591167703103,0.34654328952139,0.267918388436242,1.39676231878482,0,0.873420011965733,0.318172801828754,0.109108423886463,4,1573.01850055343,B-R,1
13,1,29,0.318148837209302,0.125293023255814,4,0.32907251410785,0.291588690627962,-83.1592291775498,-263.274796699904,R6,1.07494472831457,0.192309970169776,0.807690029830224,0.317118260049944,0.108782176737917,3.2307601193209,0.345524747871583,0.26668474377614,1.12675966853813,0,0.71295615421184,0.317835948573684,0.124855323803715,4,1806.55676090359,B-R,1
13,2,28,0.317797674418605,0.141072093023256,4,0.313311850218901,0.312931826076191,-85.8621773762551,-188.272191182694,R8,1.16159579974174,0.340806335231874,0.659193664768126,0.315518797838061,0.108021242325844,2.6367746590725,0.344338434487801,0.265247896130893,0.917157208922128,0,0.588388416695336,0.317498953562919,0.140608850383218,4,24999.9994413748,B-R,1
13,3,27,0.317446511627907,0.156851162790698,4,0.298961643673604,0.332364916215311,-53.8600135181875,-164.501595620484,R8,1.26344156178978,0.459425529314334,0.540574470685666,0.313638862077852,0.107126874330275,2.16229788274267,0.342939176555775,0.263553132763801,0.749726344018768,0,0.488883458262826,0.317161816706958,0.156369007808831,4,24999.9994413748,B-R,1
13,4,26,0.317095348837209,0.17263023255814,4,0.285840666222937,0.350133380850807,-31.6835500168675,-136.909920407342,R8,1.38486280650487,0.55636021875993,0.44363978124007,0.311397589241372,0.106060602419971,1.77455912496028,0.341263985113212,0.261524162246827,0.612903134094307,0,0.407568774593273,0.316824537916227,0.172135800267938,4,24999.9994413748,B-R,1
13,5,25,0.316744186046512,0.188409302325581,4,0.27379746224731,0.366442321609495,-13.6735991704593,-108.734997552346,R8,1.53210341440944,0.637058563091269,0.362941436908731,0.308679725693706,0.104767595379621,1.45176574763492,0.339222310923376,0.259051312498917,0.498997507840662,0,0.339874119774761,0.316487117101073,0.187909231951451,4,24999.9994413748,B-R,1
13,6,24,0.316393023255814,0.204188372093023,4,0.262704476049884,0.381464474775454,4.31828034288996,-78.3288873098874,R8,1.71437861791295,0.705284651610302,0.294715348389698,0.305315170641294,0.103166928792017,1.17886139355879,0.336679119704445,0.25597103171958,0.402696457255427,0,0.282641947910738,0.316149554171773,0.20368930705381,4,14345.284259069,B-R,1
13,7,23,0.316041860465116,0.219967441860465,4,0.252453516474738,0.39534635311689,22.5882036254972,-46.0560083239141,R8,1.94588119649102,0.763722526004588,0.236277473995412,0.301041944467739,0.101133967449215,0.945109895981647,0.333423748832312,0.252028168024391,0.320211460382597,0,0.233620722404473,0.315811849038522,0.219476029772989,4,9957.32925066565,B-R,1
13,8,22,0.315690697674419,0.235746511627907,4,0.24295221655172,0.408213040245052,39.359613086776,-15.495550727161,R8,2.24966688231024,0.814337631011866,0.185662368988134,0.295434469372785,0.0984662453030491,0.742649475952538,0.329108340731503,0.246801400753032,0.248768294088181,0,0.19116170926782,0.315474001611444,0.2352694043105,4,8357.83762292025,B-R,1
13,9,21,0.315339534883721,0.251525581395349,4,0.234121242467669,0.420171970233265,54.3124996947094,12.466313785139,R8,2.665852537935,0.858602214781775,0.141397785218225,0.287752242040383,0.0948114724080309,0.5655911408729,0.323114436491084,0.23954166035777,0.186288881691978,0,0.154029897657337,0.315136011800585,0.251069434871398,4,7591.46744141339,B-R,1
13,10,20,0.314988372093023,0.267304651162791,4,0.225892073138698,0.431315934526405,67.6014585582632,37.9841996449825,R8,3.27097986083926,0.897640896551896,0.102359103448104,0.276582405702272,0.0894974907561034,0.409436413792415,0.314226319947722,0.228776486921644,0.131185824349381,0,0.121281888898354,0.314797879515917,0.26687612566428,4,7156.7291198748,B-R,1
13,11,19,0.314637209302326,0.283083720930233,4,0.218205218771319,0.441725494370443,79.3984630733474,61.3781857943334,R8,4.23149573749578,0.932327550722158,0.0676724492778421,0.258852574745509,0.0810626315921826,0.270689797111368,0.299680574508911,0.211158865500659,0.0822256492845147,0,0.09218462426026,0.314459604667334,0.282689480901296,4,6880.59657776366,B-R,1
13,12,18,0.314286046511628,0.298862790697674,4,0.211008780387268,0.451470931507983,89.6470623082976,82.9329267151408,R8,5.9906310738151,0.963351499776978,0.0366485002230221,0.226381302899825,0.0656146216500879,0.146594000892088,0.27155332605184,0.177091500784619,0.0384353785518089,0,0.0661598583276386,0.314121187164655,0.298509504798145,4,6690.88774086042,B-R,1
13,13,17,0.31393488372093,0.314641860465116,4,0.204257276529297,0.460613837056584,95.6484418750069,90.6188109981231,R6,8.67919998257459,0.97183719064013,0.0281628093598697,0.175977163103748,0.0769081158882954,0.112651237439479,0.197121219719868,0.193834802320174,0.00844890960591286,0.0116928587663045,0.0452951584298897,0.313782531631027,0.314331377627134,4,6552.96180794293,,1
13,14,16,0.313583720930233,0.330420930232558,4,0.197910681065134,0.469208414517354,96.6911914694452,92.4348581988599,R3,7.25697955577715,0.901809945645088,0.0981900543549122,0.198979137252789,0.235445801021959,0.392760217419649,0.146648085512837,0.390429227842082,0.018971310790068,0.0690380206436067,0.0366219817687283,0.313443365178002,0.330138154395404,4,6448.34436337514,,1
13,15,15,0.313232558139535,0.3462,4,0.191933629068917,0.477302555172546,95.76842256604,93.3110934238263,R6,6.22976626801152,0.838025428837797,0.161974571162203,0.215606200387608,0.349337859760807,0.647898284648813,0.127561746335797,0.465036866228425,0.0286026810693938,0.121240502329627,0.0287578779069899,0.313104109103281,0.345949034133203,4,6366.35201462982,,1
13,16,14,0.312881395348837,0.361979069767442,4,0.186294757495844,0.484938730945805,94.1182578492221,91.1313327762563,R6,5.46182278321481,0.779946810181317,0.220053189818683,0.228023751811324,0.435059576423679,0.880212759274731,0.117467363207858,0.504276098294281,0.0373241074514769,0.168804566866675,0.0215603493443188,0.312764764815522,0.361764104598651,4,6300.40212624432,,1
13,17,13,0.31253023255814,0.377758139534884,4,0.180966154691401,0.492154739878322,92.233932266873,88.1009191131981,R6,4.83198245786519,0.725534496411376,0.274465503588624,0.238305623508002,0.500987566110139,1.0978620143545,0.111680813275428,0.528267316989697,0.0458913425156084,0.2131087236192,0.0151197235944408,0.312425326047427,0.377582899097418,4,6246.22753554584,,1
13,18,12,0.312179069767442,0.393537209302326,4,0.17592289833686,0.498984331844342,90.2029647621907,84.831330807625,R6,4.30494266144332,0.674193389677265,0.325806610322735,0.247002526118513,0.551966937396119,1.30322644129094,0.108220546316162,0.544131552083049,0.0543975865626194,0.254637842676557,0.00936518051888902,0.312085793220527,0.393405305748698,4,6200.94492281534,,1
13,19,11,0.311827906976744,0.409316279069767,4,0.17114266568812,0.505457736366827,88.0421815010393,81.5097370125403,R6,3.85442911899274,0.625279104623857,0.374720895376143,0.254533540172032,0.591189881400379,1.49888358150457,0.106219269242425,0.555095621475664,0.0629900042168882,0.293886926121424,0.00425533392041403,0.311746166358901,0.409231143577846,4,6162.53848092636,,1
13,20,10,0.311476744186047,0.425095348837209,4,0.166605403247023,0.51160210994949,85.7433335079997,78.1861524198515,R6,3.43588997333856,0.57637588267724,0.42362411732276,0.261727940125909,0.618737271996819,1.69449646929104,0.105733802445789,0.562409385930649,0.0726984478844557,0.33240125583593,0,0.311406438247067,0.425059364883764,4,6129.55655514322,R-G,1
13,21,9,0.311125581395349,0.440874418604651,4,0.16229304555424,0.517441916888259,83.0110200804348,74.753366311059,R6,2.76972376224761,0.500873274290377,0.499126725709623,0.274360599143819,0.609483821143628,1.99650690283849,0.112384319777951,0.561731370883624,0.096294606473353,0.386275822182473,0,0.31106650980449,0.440876788075843,4,6100.92844131084,R-G,1
13,22,8,0.310774418604651,0.456653488372093,4,0.158189274787767,0.52299925482367,79.9265988660755,71.0594262044233,R6,2.31992583128103,0.430588455565461,0.569411544434539,0.2828902180201,0.603235856328286,2.27764617773816,0.116980775537097,0.561262765809458,0.118260095672446,0.436427256820976,0,0.310726520148045,0.45669705964871,4,6075.84749960727,R-G,1
13,23,7,0.310423255813953,0.472432558139535,4,0.154279314422033,0.528294134168288,76.5689049360999,67.1436991416833,R6,1.99581003448255,0.36499860986535,0.63500139013465,0.289036498445474,0.598733692233975,2.5400055605386,0.12034748932641,0.560919531968514,0.138758306714787,0.48322861334795,0,0.310386469261196,0.472520180371834,4,6053.69375918622,R-G,1
13,24,6,0.310072093023256,0.488211627906977,4,0.15054975144742,0.533344718857533,72.9063271578098,62.9850395016072,R6,1.75115671559566,0.3036485105874,0.6963514894126,0.293675914110277,0.595335309931332,2.7854059576504,0.122919743383977,0.560657292676637,0.157931507521171,0.52700471677714,0,0.310046357127401,0.488346151014961,4,6033.98423170116,R-G,1
13,25,5,0.309720930232558,0.503990697674419,4,0.146988382642171,0.538167534528695,68.8575987375123,58.5152814974684,R6,1.55993452857921,0.246139940532957,0.753860059467043,0.297302103258,0.592679118308076,3.01544023786817,0.124949068945326,0.560450404520846,0.175904149370474,0.56803971330359,0,0.309706183730112,0.504174972348112,4,6016.33597307314,R-G,1
13,26,4,0.30936976744186,0.51976976744186,4,0.143584081183954,0.542777649155926,64.294389879186,53.6178447253619,R6,1.40636300257249,0.19212303850523,0.80787696149477,0.300214314490879,0.590545917096886,3.23150784597908,0.126590951533453,0.560283015873528,0.192785571270449,0.60658324490208,0,0.309365949052773,0.520006645141589,4,6000.44186763119,R-G,1
13,27,3,0.309018604651163,0.535548837209302,4,0.140326680529169,0.547188830301219,59.0276515310743,47.6794556364226,R8,1.28031891195114,0.141289175657115,0.858710824342885,0.302604516803053,0.588795088582198,3.43484329737154,0.127946679191925,0.56014480049776,0.208672226249366,0.64285553237895,0,0.309025653078825,0.535841170165969,4,5986.05336641495,R-G,1
13,28,2,0.308667441860465,0.551327906976744,4,0.137206873007119,0.551413682438457,52.7778243630127,38.9931651322542,R3,1.1750096676394,0.0933650551176282,0.906634944882372,0.304601519582052,0.587332279600894,3.62653977952949,0.129085064085724,0.560028743047076,0.223649525347285,0.677051585558664,0,0.308685295791702,0.551678548192108,4,5972.96632593388,R-G,1
13,29,1,0.308316279069767,0.567106976744186,4,0.134216120998603,0.555463767235619,45.1190616540184,26.8977710277176,R3,1.08570765714055,0.048107796643135,0.951892203356865,0.306294973602181,0.586091820761217,3.80756881342746,0.130054492490762,0.559929910578442,0.237793373766285,0.709344710610102,0,0.308344877174831,0.567518779991138,4,5961.01203164549,R-G,1
13,30,0,0.30796511627907,0.582886046511628,4,0.131346578913828,0.559349709212511,35.3727653121991,11.6454153509072,R3,1.00902096803283,0.00530081963695196,0.994699180363048,0.307749200458154,0.585026596351846,3.97879672145219,0.130889980134723,0.559844733265774,0.251171457513719,0.739889447700481,0,0.308004397211634,0.583361866334471,4,5950.04960925738,R-G,1
14,0,29,0.3313,0.115753488372093,4,0.355620736783639,0.279564644869787,-130.369384294977,-363.559368937703,R6,1.00097767089004,0.00291613711656298,0.997083862883437,0.331299413397466,0.115528774128497,3.98833545153375,0.35587751927994,0.279223888510776,1.42161944012478,0,0.798485924760986,0.330959472075563,0.115335146506691,4,1481.2414278728,B-R,1
14,1,28,0.330948837209302,0.131532558139535,4,0.338005287122081,0.302258427686849,-73.661445680117,-250.949337626207,R6,1.0756996168338,0.18490264957785,0.815097350422149,0.3308768345505,0.115327734814106,3.2603894016886,0.355573250329857,0.278855361837787,1.16144301633755,0,0.654623356139466,0.330625278888602,0.131084762141057,4,1674.13394042872,B-R,1
14,2,27,0.330597674418605,0.147311627906977,4,0.322020326036604,0.322851670674261,-45.134237158677,-175.939953536661,R6,1.16247734619729,0.32790272332198,0.67209727667802,0.330386076014255,0.115094259427521,2.68838910671208,0.355219568292856,0.278426986663925,0.957003427464324,0,0.541580045161827,0.330290945052806,0.146841006172289,4,1912.53919475444,B-R,1
14,3,26,0.330246511627907,0.163090697674419,4,0.307449489482208,0.341623113162612,-24.0827908012532,-119.587586404965,R6,1.26448453788515,0.443232204291254,0.556767795708746,0.329809189519916,0.114819809189096,2.22707118283498,0.354803372409851,0.277922895516819,0.792123011273008,0,0.450410676917816,0.329956470479368,0.162603882785715,4,2235.21727444727,B-R,1
14,4,25,0.329895348837209,0.17886976744186,4,0.294113073523603,0.358804265681417,-39.3033577680255,-152.027521050816,R8,1.3861159822911,0.538214010497116,0.461785989502884,0.329121320984337,0.114492559920051,1.84714395801153,0.354306481803612,0.27732106794977,0.656332581920449,0,0.375326394965913,0.329621855079403,0.17837339617019,4,24999.9994413748,B-R,1
14,5,24,0.329544186046512,0.194648837209302,4,0.28186058538623,0.37458900635511,-18.7275241238799,-117.303346898043,R8,1.53363738289998,0.617796551356755,0.382203448643245,0.328287035653773,0.114095653751966,1.52881379457298,0.353702908723808,0.276590027930913,0.542557662028149,0,0.312415421011565,0.329287098763953,0.194149550518098,4,9441.97130563201,B-R,1
14,6,23,0.329193023255814,0.210427906976744,4,0.270565039838448,0.389140928808784,4.32128451621827,-76.1851376080325,R8,1.71629952117952,0.685443997840976,0.314556002159024,0.327254017110109,0.113604201467352,1.25822400863609,0.352954164275122,0.275683158200963,0.445845710869973,0,0.258939285443678,0.328952201443983,0.209932350025351,4,6518.67854687041,B-R,1
14,7,22,0.328841860465116,0.226206976744186,4,0.26011854173795,0.402599033123255,22.2368357096979,-45.3323452547556,R8,1.9483562829264,0.743653947807387,0.256346052192613,0.325941654623144,0.112979853001957,1.02538420877045,0.352000713919086,0.274528351285978,0.362626045817509,0,0.21292360654396,0.328617163030385,0.2257217988914,4,6092.32672829053,B-R,1
14,8,21,0.328490697674419,0.241986046511628,4,0.250428828630771,0.415082179965304,37.6445818205448,-18.2339880976684,R8,2.25297575765296,0.79427256038125,0.20572743961875,0.324218924509955,0.112160274636116,0.822909758474999,0.350745315097218,0.273007828238942,0.290259311500643,0,0.172908972896411,0.328281983433976,0.241517901319233,4,5954.61166189782,B-R,1
14,9,20,0.328139534883721,0.25776511627907,4,0.241416538487203,0.426692610532331,51.4178391551762,6.75060430925429,R8,2.67050019857581,0.83869394478969,0.16130605521031,0.321857677160239,0.111036925581373,0.645224220841239,0.349017546148254,0.270915176516566,0.226752424211266,0,0.137793324070065,0.327946662565496,0.257320661515383,4,5887.7357126935,B-R,1
14,10,19,0.327788372093023,0.273544186046512,4,0.233013031133374,0.437518753177191,63.8654506381291,30.0196333422845,R8,3.2779797281234,0.877990540154886,0.122009459845114,0.318422167071344,0.109402502567034,0.488037839380455,0.346489016386014,0.267852653506643,0.170572174857318,0,0.106728883794469,0.327611200335611,0.273130083689928,4,5848.35238626276,B-R,1
14,11,18,0.327437209302326,0.289323255813954,4,0.225158636747435,0.447637479850575,75.1517053180063,51.7573660058313,R8,4.24321755293148,0.913000831481743,0.0869991685182569,0.312963408176569,0.106805531247933,0.347996674073028,0.3424351249951,0.262942631940038,0.120519826087195,0,0.0790528193963411,0.327275596654912,0.288946172056497,4,5822.42604276272,B-R,1
14,12,17,0.327086046511628,0.305102325581395,4,0.217801236840088,0.457115934207602,85.3278324687818,72.0974264903828,R8,6.01415190367241,0.944389847039087,0.0556101529609127,0.302948152463717,0.102040834301043,0.222440611843651,0.334879433304759,0.253791274497817,0.0756446224061042,0,0.0542394178782425,0.326939851433914,0.304768930832274,4,5804.07344808938,B-R,1
14,13,16,0.32673488372093,0.320881395348837,4,0.210895106343695,0.466013023331217,93.9997581094057,90.867437333465,R3,10.3221810919752,0.972691806297189,0.0273081937028107,0.278584734406333,0.0904500864497578,0.109232774811243,0.315834977371517,0.230724872283377,0.0351828186913302,0,0.0318663722012544,0.326603964583056,0.320598364238,4,5790.4022855863,B-R,1
14,14,15,0.326383720930233,0.336660465116279,4,0.204399962424603,0.47438064313641,96.7739481213206,92.4726358890806,R3,12.7089746001402,0.945779653630943,0.0542203463690574,0.261793749415041,0.231987678225724,0.216881385476229,0.199072683477068,0.396917122420612,0.0239783958295529,0.0316365078241197,0.0184894042987486,0.326267105245186,0.336419525509441,4,5779.82486044092,,1
14,15,14,0.326032558139535,0.352439534883721,4,0.198280178205219,0.482264691323103,96.4347159500184,93.2921177292453,R3,10.0730233718588,0.883245233409349,0.116754766590651,0.272797121006513,0.414494794736365,0.467019066362602,0.146895268664613,0.502191808397837,0.0322028038471374,0.0833316793708676,0.0113020925113626,0.325929515695175,0.352234097487319,4,5771.39842958482,,1
14,16,13,0.325681395348837,0.368218604651163,4,0.192504128976653,0.489705909642939,95.0100085596925,92.4842227496137,R6,8.4192077153571,0.827092936053722,0.172907063946278,0.279544275742175,0.536030730789682,0.69162825578511,0.126016205450318,0.543685813880332,0.039226907812769,0.129980809025834,0.00459654610247281,0.325591853466148,0.368053220710488,4,5764.52762818578,,1
14,17,12,0.32533023255814,0.383997674418605,4,0.187043645567454,0.496740588118105,93.1750332787544,90.046960642563,R6,6.60217559394471,0.76368592414803,0.23631407585197,0.288525241737456,0.599108188910747,0.94525630340788,0.120065669648719,0.560948263264514,0.0514242168342909,0.179940403616386,0,0.325253898385417,0.383872182984895,4,5758.81818694199,R-G,1
14,18,11,0.324979069767442,0.399776744186047,4,0.181873554923169,0.503401156907443,90.30309837204,87.2845472398598,R6,4.51535252479548,0.673028457661343,0.326971542338657,0.300649560200485,0.590227098645664,1.30788616935463,0.126837274558403,0.560257903433547,0.0782857850253987,0.245370944336916,0,0.32491529867408,0.399682068029456,4,5753.99898376134,R-G,1
14,19,10,0.324627906976744,0.415555813953488,4,0.176971292084405,0.509716686190686,87.0186001305477,80.3919113227089,R8,3.43090744896563,0.589255700475309,0.410744299524691,0.306950121876941,0.585611923191477,1.64297719809877,0.130430545878729,0.55989157222929,0.10310743201065,0.305832558947961,0,0.324576638002921,0.415494799407746,4,5749.87675768767,R-G,1
14,20,9,0.324276744186047,0.43133488372093,4,0.17231657094485,0.515713310327143,83.6456566357576,73.2886027204422,R8,2.7664850976572,0.511612084381905,0.488387915618095,0.310810376395069,0.582784278163327,1.95355166247238,0.132657841026412,0.559664501228814,0.126113030657105,0.36187056642123,0,0.324237916355476,0.431310377888495,4,5746.31034947199,R-G,1
14,21,8,0.323925581395349,0.447113953488372,4,0.167891103656677,0.521414589342516,80.2393282580752,66.6088342222464,R8,2.31765322743222,0.439448700009188,0.560551299990812,0.313418062984035,0.58087414193173,2.24220519996325,0.134173665748225,0.559509964082497,0.14749485110003,0.413953306461442,0,0.323899133715275,0.447128804240708,4,5743.19470111451,R-G,1
14,22,7,0.323574418604651,0.462893023255814,4,0.163678360498951,0.526841818287693,76.7538318938786,60.2615290846086,R8,1.99412785093208,0.37220511792108,0.62779488207892,0.315297726264333,0.579497284394443,2.51117952831568,0.135271971389807,0.559397992680269,0.167418947103081,0.462485259829633,0,0.323560290065843,0.46295007923367,4,5740.4495009248,R-G,1
14,23,6,0.323223255813954,0.478672093023256,4,0.15966336356138,0.532014293033611,73.0947213332023,54.144817188135,R8,1.74986153633993,0.30939480524076,0.69060519475924,0.316716899088176,0.578457737141644,2.76242077903696,0.136104378999377,0.559313129374701,0.186029477074321,0.507817573656231,0,0.323221385390698,0.478774203636939,4,5738.01187561255,R-G,1
14,24,5,0.322872093023256,0.494451162790698,4,0.155832508815281,0.53694953949521,69.1343597044076,48.1383775752168,R8,1.55890668347637,0.250593334607868,0.749406665392132,0.317826335476151,0.577645072517648,2.99762666156853,0.136757022379142,0.55924659289194,0.203452197721106,0.550256571432961,0,0.322882419673353,0.494601178220352,4,5735.83371992573,R-G,1
14,25,4,0.322520930232558,0.510230232558139,4,0.152173412117122,0.541663512023306,64.7109745533598,42.0887640881288,R8,1.40552751890047,0.19542878099141,0.80457121900859,0.318717459340173,0.576992322303449,3.21828487603436,0.137282458514384,0.559193025088392,0.219797309449086,0.590070683955745,0,0.322543392897313,0.510431003754025,4,5733.87524507262,R-G,1
14,26,3,0.32216976744186,0.526009302325581,4,0.148674775471393,0.546170765696611,59.6127276560976,35.7842810707647,R8,1.27962643942673,0.143573846943866,0.856426153056134,0.319448937156834,0.576456513174344,3.42570461222454,0.137714575888434,0.559148971059652,0.235161789628643,0.627496132793503,0,0.322204305046079,0.526263681008349,4,5732.10484324664,R-G,1
14,27,2,0.321818604651163,0.541788372093023,4,0.145326270510052,0.550484606433834,53.5428236840647,28.9108297222658,R8,1.17442639926945,0.0947393639221022,0.905260636077898,0.320060143160853,0.576008803415745,3.62104254431159,0.138076207378712,0.559112103011703,0.249631318136361,0.662741620603277,0,0.321865156103147,0.542099210753994,4,5730.49639392486,R-G,1
14,28,1,0.321467441860465,0.557567441860465,4,0.1421184366571,0.554617222187095,46.055326410147,20.9699313302638,R8,1.08520965898729,0.0486688970777768,0.951331102922223,0.32057848713903,0.575629115297804,3.80532441168889,0.138383298690197,0.559080795292378,0.263281875941401,0.695992225034342,0,0.321525946052005,0.557937593761907,4,5729.0290697953,R-G,1
14,29,0,0.321116279069767,0.573346511627907,4,0.139042591863471,0.558579797941147,36.4340260592627,11.1167019704615,R8,1.00859082154247,0.00513424093714302,0.994865759062857,0.321023638047692,0.575303041266223,3.97946303625143,0.138647323025589,0.559053878217625,0.276181079723693,0.727412649647491,0,0.321186674876134,0.573778830803313,4,5727.68500951659,R-G,1
15,0,28,0.3441,0.121993023255814,4,0.36454010266341,0.290789118713344,-118.455101682141,-340.434155202691,R6,1.0016322141357,0.0046164442009,0.9953835557991,0.344119913012456,0.121628048787531,3.9815342231964,0.364988421717182,0.290258897381107,1.44393384432289,0,0.731217093135869,0.343748424937559,0.121562980691646,4,1405.95416607042,B-R,1
15,1,27,0.343748837209302,0.137772093023256,4,0.346716081816476,0.312663023081254,-64.7774583891644,-238.098672744814,R6,1.07645556635111,0.178166266535236,0.821833733464764,0.344654746768742,0.121882492691784,3.28733493385906,0.365363512401388,0.290713202435508,1.19298482866734,0,0.601574204710628,0.343416892773942,0.137315312761904,4,1573.67251177936,B-R,1
15,2,26,0.343397674418605,0.153551162790698,4,0.330522293763521,0.33253628143673,-38.8884834160145,-169.178082823995,R6,1.16336023169757,0.316047785159318,0.683952214840682,0.345275937175611,0.122178020246936,2.73580885936273,0.365798672169566,0.29124026239855,0.993611352449378,0,0.498575779852269,0.343085221068953,0.153074274964254,4,1769.24947580783,B-R,1
15,3,25,0.343046511627907,0.16933023255814,4,0.315744861199407,0.350671367200293,-19.2274703917644,-117.287540563137,R6,1.26552923736512,0.428232272968029,0.571767727031971,0.346006236359747,0.122525455638776,2.28707090812788,0.366309586707643,0.291859075573041,0.831395186458822,0,0.414773210420597,0.342753409734473,0.168839871485496,4,2007.30881309482,B-R,1
15,4,24,0.342695348837209,0.185109302325581,4,0.302205751915203,0.36728676415548,-3.05643435226409,-75.2651988687151,R6,1.3873714281534,0.521291121624961,0.478708878375039,0.346877158533693,0.122939791562107,1.91483551350016,0.366917923670938,0.292595885546844,0.696834250847448,0,0.345257622498125,0.342421458682311,0.184612106515956,4,2313.81230298807,B-R,1
15,5,23,0.342344186046512,0.200888372093023,4,0.289755571389767,0.382565811488027,10.3858795709874,-39.3233579442629,R6,1.53517442614068,0.599731084677547,0.400268915322453,0.34793364732046,0.123442409672024,1.60107566128981,0.367654484857313,0.293487999064816,0.5834118845705,0,0.286662440772638,0.342089367824201,0.200390984249488,4,2735.8374940667,B-R,1
15,6,22,0.341993023255814,0.216667441860465,4,0.278268027191576,0.396663497154535,21.043519433378,-23.4331771994345,R8,1.71822473388898,0.66674607645679,0.333253923543211,0.349242082197856,0.124064889601072,1.33301569417284,0.368564586420555,0.294590302474655,0.486509761624112,0,0.236601789685841,0.341757137071802,0.216176508883481,4,3325.30818589272,B-R,1
15,7,21,0.341641860465116,0.232446511627907,4,0.267635629610332,0.409711734131531,30.9067107377464,-22.1637364909165,R8,1.9508376738113,0.724662766666836,0.275337233333164,0.350904788408362,0.124855911960552,1.10134893333266,0.369717749781781,0.295986999235236,0.402763571609354,0,0.193337631268003,0.341424766336699,0.231968684618861,4,3958.14621037267,B-R,1
15,8,20,0.341290697674419,0.248225581395349,4,0.257766317984099,0.421823500637149,41.3021800267968,-9.47142184890413,R8,2.25629438091298,0.77521622307651,0.22478377692349,0.353088178395643,0.125894646457657,0.899135107693961,0.371226353654117,0.297814201011099,0.32966444679692,0,0.155573858187303,0.341092255530404,0.247767515660094,4,4403.88080696406,B-R,1
15,9,19,0.340939534883721,0.264004651162791,4,0.248580788247502,0.433096119803854,52.1289230546762,8.11009915914582,R8,2.67516409302831,0.819726706287339,0.180273293712661,0.356082239138607,0.127319052632578,0.721093174850646,0.373284675832245,0.30030721459017,0.265303320995292,0,0.122324226865074,0.340759604564351,0.263573006215191,4,4681.59802023293,B-R,1
15,10,18,0.340588372093023,0.279783720930233,4,0.24001035735327,0.443613880492204,62.8282378723586,27.0135980273626,R8,3.28500961896287,0.859216639927727,0.140783360072272,0.36044138589871,0.129392890171469,0.56313344028909,0.376260122406291,0.303911037544479,0.20820179336441,0,0.0928249799514214,0.340426813349901,0.27938516049571,4,4863.56786868383,B-R,1
15,11,17,0.340237209302326,0.295562790697674,4,0.231995242814668,0.453450148662042,73.0290173199042,45.898822654829,R8,4.255004490793,0.894490113055259,0.105509886944741,0.367374863022077,0.132691449711855,0.422039547778964,0.38094135902112,0.3095808916478,0.1571971697869,0,0.066475457494212,0.340093881798343,0.295203982716763,4,4990.75470013858,B-R,1
15,12,16,0.339886046511628,0.311341860465116,4,0.224483166181685,0.462669081207362,81.7386250058362,63.9478667456511,R8,6.03785815977946,0.926188207063594,0.0738117929364057,0.380118616094611,0.138754212670439,0.295247171745623,0.389384674715896,0.319807327967215,0.11136246144462,0,0.0427967673662626,0.339760809820886,0.311029477097018,4,5084.38877252328,B-R,1
15,13,15,0.33953488372093,0.327120930232558,4,0.21742821145936,0.471327026922378,90.4810035033089,81.5877221699769,R8,10.3922112510348,0.954828310031755,0.0451716899682452,0.411243324504994,0.153561603254134,0.180686759872981,0.409171628194576,0.343773033742038,0.0699495371819394,0,0.0214024171811283,0.339427597328668,0.326861647858699,4,5156.1293450274,B-R,1
15,14,14,0.339183720930233,0.3429,4,0.210789885773789,0.479473679266212,96.6966415360002,92.6273648134047,R3,36.038233618579,0.979907217307932,0.0200927826920685,0.594392436496256,0.248296769229838,0.080371130768274,0.496280679462555,0.466452774287049,0.0327962846658227,0.00055697310169606,0.00209851177150291,0.339094219111375,0.342700226101605,4,5212.83136623506,,1
15,15,13,0.338832558139535,0.358679069767442,4,0.204532341681793,0.487153030756078,95.6602892559786,91.0700577183021,R8,12.2120303160523,0.884634940380457,0.115365059619543,0.416560610167795,0.505321996505763,0.461460238478174,0.202441321976005,0.552550129856711,0.0561500392993666,0.0721761266437685,0,0.338757380932346,0.35850729752368,4,5258.7689129789,R-G,1
15,16,12,0.338481395348837,0.374458139534884,4,0.19862372957685,0.494404167704385,91.8207737888392,81.8325318433264,R8,6.58380322770366,0.782751162927986,0.217248837072014,0.375230611940468,0.53559631221529,0.868995348288055,0.172983207353297,0.555553361631568,0.084628686354638,0.146571701591017,0,0.338420047999255,0.374312494154617,4,5296.7397853799,R-G,1
15,17,11,0.33813023255814,0.390237209302326,4,0.193035655489586,0.501261935614067,87.8025037767723,73.4853262602871,R8,4.5067513763454,0.689106636855297,0.310893363144703,0.359978109156348,0.546768804459473,1.24357345257881,0.162862634961951,0.556585146081276,0.110804290296359,0.214950971893302,0,0.338082654343648,0.390120535842187,4,5328.65075072961,R-G,1
15,18,10,0.337779069767442,0.406016279069767,4,0.187742724799761,0.507757499142041,84.0440886044292,65.8772992620488,R8,3.42593935439162,0.602740752484489,0.397259247515511,0.352041336483493,0.552582508111023,1.58903699006204,0.157743917237284,0.557106995354868,0.13494536162403,0.278015375120707,0,0.337745199949129,0.405931423354658,4,5355.84568866509,R-G,1
15,19,9,0.337427906976744,0.421795348837209,4,0.182722156386913,0.513918815619298,80.5196122817589,58.8812689519183,R8,2.763253998224,0.522836643089487,0.477163356910513,0.347175011055299,0.556147102320491,1.90865342764205,0.154653728823477,0.557422037649784,0.157280231675227,0.336361387682542,0,0.337407684799294,0.421745157460573,4,5379.29820243115,R-G,1
15,20,8,0.337076744186046,0.437574418604651,4,0.177953454851722,0.519771037305732,77.148177167156,52.384873315271,R8,2.3153850717203,0.448695267818064,0.551304732181936,0.343886156208487,0.558556195817363,2.20521892872774,0.152585643097236,0.557632877374108,0.178004296991045,0.390499449488018,0,0.337070108877733,0.437561738928753,4,5399.73165328729,R-G,1
15,21,7,0.336725581395349,0.453353488372093,4,0.17341813086127,0.525336854586612,73.830073744097,46.2825425321888,R8,1.99244850067576,0.37971490691211,0.62028509308789,0.341514722416052,0.56029327634956,2.48114037235156,0.151104520783928,0.557783876636985,0.19728575083096,0.440868936544593,0,0.336732472168033,0.453381168528295,4,5417.693834286,R-G,1
15,22,6,0.336374418604651,0.469132558139535,4,0.169099461572051,0.530636789985041,70.4439521347331,40.4670480727873,R8,1.74856827153252,0.315374794944045,0.684625205055955,0.339723826405648,0.561605111664037,2.73850082022382,0.149991528804716,0.557897345299863,0.215270158025618,0.487850111975269,0,0.336394774653771,0.469203447028574,4,5433.60747479651,R-G,1
15,23,5,0.336023255813953,0.484911627906977,4,0.164982284586163,0.53568945102199,66.8379274990895,34.8188975784086,R8,1.55788019198151,0.255221949509354,0.744778050490646,0.338323538559031,0.562630825628977,2.97911220196258,0.149124590866857,0.557985728945427,0.232084136632801,0.531773743712564,0,0.336057016318522,0.485028575199242,4,5447.80452848841,R-G,1
15,24,4,0.335672093023256,0.500690697674419,4,0.161052820089677,0.540511748490747,62.8197342985449,29.1908934072782,R8,1.40469302731731,0.198860490450454,0.801139509549546,0.33719863276816,0.563454821625033,3.20455803819818,0.148430234081255,0.558056518077329,0.247838343437779,0.5729289036055,0,0.335719197145853,0.500856553810227,4,5460.54857467683,R-G,1
15,25,3,0.335320930232558,0.51646976744186,4,0.157298516776268,0.545119085541732,58.1442710000764,23.3829370223497,R8,1.27893471555796,0.145942916980793,0.854057083019207,0.33627514643392,0.56413127742071,3.41622833207683,0.14786158995781,0.558114490901523,0.262629912179593,0.611569336867069,0,0.335381317119324,0.516687383631735,4,5472.05184478424,R-G,1
15,26,2,0.33496976744186,0.532248837209302,4,0.153707917926116,0.549525522032478,52.4866170420319,17.0974485392882,R8,1.17384370967466,0.0961629364012518,0.903837063598748,0.335503427201792,0.56469656347623,3.61534825439499,0.14738735223727,0.558162839066686,0.276544458074835,0.647918698548377,0,0.335043376222491,0.532521065434251,4,5482.48761091465,R-G,1
15,27,1,0.334618604651163,0.548027906976744,4,0.150270544629681,0.553743917837147,45.3784932969363,9.85477780273561,R8,1.08471211747345,0.0492495316897896,0.95075046831021,0.334848903407736,0.565176003612463,3.80300187324084,0.146985812855275,0.558203775693022,0.289657736050439,0.682174885387056,0,0.334705374438905,0.548357599988535,4,5491.99712844781,R-G,1
15,28,0,0.334267441860465,0.563806976744186,4,0.146976793649122,0.557786058192523,36.0735919098838,0.820661382303143,R8,1.00816104163946,0.00496202526091004,0.99503797473909,0.334286762652067,0.565587772967417,3.98015189895636,0.146641445418965,0.558238883684154,0.302037020526169,0.714513640252064,0,0.334367311752108,0.564196988065628,4,5500.69905285221,R-G,1
16,0,27,0.3569,0.128232558139535,4,0.373229665857221,0.301724399998541,-107.045677550993,-317.367051536842,R6,1.0022876139583,0.00615128433176249,0.993848715668238,0.356957190348958,0.127735305345455,3.97539486267295,0.373883916956217,0.301033007799356,1.46407670167792,0,0.670494589956534,0.356539661026019,0.127791926739001,4,1341.8629848599,B-R,1
16,1,26,0.356548837209302,0.144011627906977,4,0.355213070847534,0.322812238628228,-56.2880352629821,-224.812501826682,R6,1.07721257910492,0.172013612703871,0.827986387296129,0.35845203750217,0.128446469780113,3.31194554918451,0.374905362721942,0.302270169887632,1.22179344172443,0,0.553121932515818,0.356210790841367,0.143546975964182,4,1492.10890191755,B-R,1
16,2,25,0.356197674418605,0.159790697674419,4,0.338825012858162,0.341993927629287,-33.008102686926,-161.690013449777,R6,1.16424445929586,0.305118674360662,0.694881325639338,0.360188432815635,0.129272549281812,2.77952530255735,0.376088149242589,0.303702745841216,1.02736033222311,0,0.458929990567323,0.355881782223404,0.159308657057297,4,1661.320665133,B-R,1
16,3,24,0.355846511627907,0.17556976744186,4,0.323854232366375,0.359516739403739,-15.0943241355377,-113.803515293558,R6,1.26657566450472,0.414298500085502,0.585701499914498,0.362230068877686,0.130243845211783,2.34280599965799,0.377473780855203,0.305381005183968,0.867875991460556,0,0.381668767901444,0.355552635084704,0.175076974206614,4,1856.93076386621,B-R,1
16,4,23,0.355495348837209,0.191348837209302,4,0.310124495722837,0.375586949707704,0.0645908260086223,-75.0071957509182,R6,1.38862915026557,0.505471881533651,0.494528118466349,0.364665189206034,0.131402338886477,1.9781124738654,0.379119332881736,0.307374076818141,0.734694549387206,0,0.317149825152628,0.355223349337767,0.19085193160393,4,2089.47153087366,B-R,1
16,5,22,0.355144186046512,0.207127906976744,4,0.297487625136606,0.390377995827319,13.1898967434935,-42.2016344561048,R6,1.53671455338555,0.582754028644503,0.417245971355497,0.367619678979276,0.132807919413405,1.66898388542199,0.381105509503158,0.309779708618767,0.62180471646375,0,0.262461029522225,0.354893924895022,0.206633533444574,4,2372.91942468764,B-R,1
16,6,21,0.354793023255814,0.222906976744186,4,0.285818129361082,0.404036761186242,24.5669684244581,-13.7587645403507,R6,1.72015427055962,0.649094926550407,0.350905073449593,0.371279531719509,0.134549072078641,1.40362029379837,0.383550283187624,0.312740787335159,0.524897304330814,0,0.215514820816231,0.354564361668819,0.22242178392741,4,2719.89960760069,B-R,1
16,7,20,0.354441860465116,0.238686046511628,4,0.275009022013713,0.416688469866474,34.2960903973332,-4.59469906144489,R8,1.95332539326415,0.706664489292058,0.293335510707942,0.375931588457929,0.136762259756901,1.17334204283177,0.386633214999254,0.316474795038819,0.440802612835516,0,0.174775656998825,0.35423465957144,0.238216687254839,4,3121.06980851087,B-R,1
16,8,19,0.354090697674419,0.25446511627907,4,0.264968531952272,0.428440537005954,43.4463030882761,0.513356316934363,R8,2.25962279522976,0.757094416076807,0.242905583923193,0.382042606307168,0.139669539303573,0.971622335692772,0.390641678621406,0.321329795071093,0.367137138700766,0,0.139088864347589,0.353904818515089,0.254018247632806,4,3522.38778593569,B-R,1
16,9,18,0.353739534883721,0.270244186046512,4,0.255617491316016,0.439385626011451,52.3447855091464,11.1840969592562,R8,2.67984430649593,0.801635318237237,0.198364681762764,0.390426553214659,0.143658151015378,0.793458727051054,0.396066068076578,0.32789974641963,0.302074052449571,0,0.107569446390017,0.353574838411898,0.269826469270801,4,3864.40240905764,B-R,1
16,10,17,0.353388372093023,0.286023255813953,4,0.246887243771847,0.449604096888422,61.2974136646476,25.2685261061281,R8,3.29206972693662,0.841261836770403,0.158738163229597,0.402641219248592,0.149469204035669,0.634952652918387,0.403817538736368,0.337288228853516,0.244189648045915,0,0.0795276973623112,0.353244719173924,0.285641356381864,4,4132.03173759445,B-R,1
16,11,16,0.353037209302326,0.301802325581395,4,0.238717955975733,0.45916598262051,70.294861296394,40.9141952049854,R8,4.26685709528918,0.876744784843196,0.123255215156804,0.422089451486241,0.158721582149811,0.493020860627216,0.415802508941311,0.351804271960464,0.192357960789302,0,0.0544181504868379,0.352914460713149,0.301462913182589,4,4337.96228639966,B-R,1
16,12,15,0.352686046511628,0.317581395348837,4,0.231057244392304,0.468132596432557,79.0754297573293,57.0369073692269,R8,6.06175204352281,0.908701783843436,0.091298216156564,0.457899859918621,0.175758165999156,0.365192864626256,0.436792071729787,0.377226562798352,0.145676800744701,0,0.0318037453153787,0.352584062941483,0.317291143893127,4,4498.38236701456,B-R,1
16,13,14,0.35233488372093,0.333360465116279,4,0.223859050833133,0.476557847936488,87.4459198935114,73.0618589140716,R8,10.4631981309249,0.937633518785402,0.062366481214598,0.545714237154506,0.21753532148126,0.249465924858392,0.483040313916797,0.433241844082097,0.103414792688695,0,0.0113301715518983,0.35225352577076,0.333126052737191,4,4625.87279755494,B-R,1
16,14,13,0.351983720930233,0.349139534883721,4,0.217082715696125,0.48448932787446,90.5862121780364,78.218595820393,R8,12.149319707498,0.908387424342473,0.0916125756575266,0.575903546497566,0.388602940918168,0.366450302630106,0.353780171712518,0.53712125234299,0.09189152596099,0.0334431794769097,0,0.351920688098981,0.348950639734326,4,4729.25252066957,R-G,1
16,15,12,0.351632558139535,0.364918604651163,4,0.210692209507778,0.491969207573672,86.6717146106515,68.6100691183725,R8,6.56553283001366,0.802813191173263,0.197186808826737,0.46145475828527,0.472436933067264,0.788747235306948,0.238282923165362,0.548896106612786,0.11956918791746,0.111458380941449,0,0.351584560703575,0.364753993852958,4,4814.61606666684,R-G,1
16,16,11,0.351281395348837,0.380697674418605,4,0.204655492094633,0.499034989015337,82.7334486107882,60.0826420504031,R8,4.49818293369206,0.705990591138482,0.294009408861518,0.419081061789279,0.503475760082048,1.17603763544607,0.204341396189621,0.552356418774858,0.144952495122866,0.183006470103766,0,0.351248372806421,0.380560192519704,4,4886.22738965042,R-G,1
16,17,10,0.35093023255814,0.396476744186046,4,0.198943975319873,0.505720133684023,79.0295032438772,52.4287100371981,R8,3.42098562702234,0.616874725904253,0.383125274095747,0.397002152060288,0.519648610610157,1.53250109638299,0.188113027346094,0.554010888301818,0.168315381301334,0.248859585691091,0,0.350912124391183,0.396369236502645,4,4947.13037196872,R-G,1
16,18,9,0.350579069767442,0.412255813953488,4,0.193532070370397,0.512054592453419,75.5761094238935,45.481359761531,R8,2.76003043747187,0.53458067085352,0.46541932914648,0.3834548011018,0.52957207534609,1.86167731658592,0.178601209540416,0.554980610697041,0.189889840981005,0.309671652152675,0,0.350575815441517,0.412181126570139,4,4999.54382756178,R-G,1
16,19,8,0.350227906976744,0.42803488372093,4,0.188396804467541,0.518065254213965,72.2473651254951,38.8335003189593,R8,2.31312135109861,0.458353988745867,0.541646011254133,0.374294672948856,0.536281889610215,2.16658404501653,0.172351135225471,0.555617800891263,0.209873659722624,0.366000168904207,0,0.350239445941076,0.427995863490822,4,5045.11927195702,R-G,1
16,20,7,0.349876744186047,0.443813953488372,4,0.1835174948905,0.523776327417841,69.1352230232239,32.8117905872835,R8,1.99077197656145,0.387547533405143,0.612452466594857,0.367687598555395,0.541121586311961,2.44980986637943,0.167930613741554,0.556068469603499,0.22843649533532,0.418323351489325,0,0.349903015873505,0.443813448033606,4,5085.10836910576,R-G,1
16,21,6,0.349525581395349,0.459593023255814,4,0.178875470557361,0.529209665959318,66.0229800797496,27.1513492759236,R8,1.74727691693187,0.321603031759415,0.678396968240584,0.362696771519597,0.544777378226162,2.71358787296234,0.164638877475888,0.556404059544475,0.245724706385009,0.467053741726916,0,0.349566525222444,0.45963388096768,4,5120.47684335541,R-G,1
16,22,5,0.349174418604651,0.475372093023256,4,0.174453833261199,0.534385048640138,62.7684786601794,21.7271390918536,R8,1.55685505142245,0.260036333975204,0.739963666024796,0.358793765865037,0.547636338556919,2.95985466409918,0.162092522809527,0.55666365841365,0.261865219064049,0.512549107281155,0,0.349229973971527,0.475457163062511,4,5151.98046058216,R-G,1
16,23,4,0.348823255813954,0.491151162790698,4,0.170237252124646,0.539320419753759,59.1817035643938,16.3930647134612,R8,1.40385952605698,0.202425506779462,0.797574493220538,0.355657873886318,0.549933386412391,3.19029797288215,0.160064122486307,0.556870452242136,0.276968648682151,0.555121240227751,0,0.348893362104382,0.491283295087841,4,5180.21920946411,R-G,1
16,24,3,0.348472093023256,0.50693023255814,4,0.166211786003282,0.544032096956413,55.0017806390523,10.9568540307036,R8,1.27824373913138,0.148401150475757,0.851598849524243,0.35308317415128,0.551819359700051,3.40639539809697,0.158410229999499,0.557039065289244,0.29113183818686,0.595043112397739,0,0.348556689604631,0.507112277813691,4,5205.6751158571,R-G,1
16,25,2,0.348120930232558,0.522709302325581,4,0.162364729502391,0.548534951499486,49.8668279235379,5.13569206828808,R8,1.17326159799398,0.0976384697667446,0.902361530233255,0.3509313945256,0.55339554306611,3.60944612093302,0.157035891824601,0.557179177992623,0.304439936900837,0.632554734727463,0,0.348219956455891,0.522944112010359,4,5228.74033611129,R-G,1
16,26,1,0.347769767441861,0.538488372093023,4,0.158684479023578,0.552842565017596,43.2602255616827,-1.52955528898457,R8,1.08421503197125,0.0498507386462508,0.950149261353749,0.349106240414353,0.55473247251572,3.800597045415,0.155875752604548,0.557297453279876,0.316968113785625,0.667867986446025,0,0.347883162641772,0.538778798448421,4,5249.7362782451,R-G,1
16,27,0,0.347418604651163,0.554267441860465,4,0.155160415866059,0.556967366354732,34.3835015192896,-9.85470566136335,R8,1.00773162785537,0.00478388155309246,0.995216118446908,0.34753858872716,0.555880780866463,3.98086447378763,0.15488335625779,0.557398627312227,0.328782978062838,0.701170619389248,0,0.347546308145878,0.554616337898729,4,5268.92901763121,R-G,1
17,0,26,0.3697,0.134472093023256,4,0.381698194526314,0.312381522917475,-96.0329473519604,-294.519019718786,R6,1.00294387204039,0.00754369061896085,0.992456309381039,0.369811278363127,0.133850559480961,3.96982523752416,0.38257155498793,0.311555364218222,1.48235029295256,0,0.61540716195594,0.369333180952438,0.134021984946535,4,1285.92966037126,B-R,1
17,1,25,0.369348837209302,0.150251162790698,4,0.36350403054148,0.332715362748733,-48.1405460026301,-211.223723563653,R6,1.07797065733996,0.166371965875651,0.833628034124349,0.372268747663129,0.135019685542892,3.3345121364974,0.384208137404918,0.313537571975674,1.24820936320054,0,0.508693850709154,0.369006973702756,0.149779752045929,4,1423.18715785993,B-R,1
17,2,24,0.368997674418605,0.16603023255814,4,0.346935406460557,0.351232495416475,-27.2878615559755,-153.632734750572,R6,1.16513003205473,0.295011011162549,0.704988988837451,0.375123614584505,0.136377871104405,2.8199559553498,0.386099732680398,0.315828648055983,1.05857269040277,0,0.422264035514067,0.368680629128425,0.165544152749709,4,1574.17667978624,B-R,1
17,3,23,0.368646511627907,0.181809302325581,4,0.331783789440636,0.368165977709173,-11.1684281684833,-109.506463457857,R6,1.26762382359314,0.401321116791959,0.598678883208041,0.378480753573477,0.137975009544965,2.39471553283216,0.388310981255135,0.318506884136855,0.901852818365647,0,0.350836555914637,0.368354147142711,0.181315191247614,4,1743.3353307735,B-R,1
17,4,22,0.368295348837209,0.197588372093023,4,0.317874852846867,0.383710637477908,2.76814939062735,-73.5415606702377,R6,1.38988915482384,0.490651735663708,0.509348264336292,0.382485500634868,0.139880243584271,2.03739305734517,0.390930386492279,0.321679474363343,0.770163708702073,0,0.290817229254302,0.368027527658808,0.197092871732916,4,1936.19276121286,B-R,1
17,5,21,0.367944186046512,0.213367441860465,4,0.305061738868879,0.398030603351869,15.0904661031206,-43.0763849683669,R6,1.53825777392579,0.566769897608988,0.433230102391012,0.387345249390874,0.142192239475767,1.73292040956405,0.394082445948732,0.325497208589054,0.657952094113428,0,0.239675068993024,0.367700770589836,0.212877198402416,4,2159.10527160473,B-R,1
17,6,20,0.367593023255814,0.229146511627907,4,0.293219853209205,0.411265122206629,26.0563856167983,-16.6771495094213,R6,1.72208814577501,0.632405039067757,0.367594960932243,0.393366532235709,0.145056828140271,1.47037984372897,0.397948020927417,0.330179143718152,0.561194303218044,0,0.195576225333753,0.367373875848843,0.228668175456453,4,2417.4035718218,B-R,1
17,7,19,0.367241860465116,0.244925581395349,4,0.282242800229492,0.423533102054167,35.6840990854018,5.66877572586179,R8,1.95581946552651,0.689583232335376,0.310416767664624,0.401022298645596,0.148699012412459,1.24166707065849,0.402800304336982,0.336056167518456,0.476903547610552,0,0.15715942376089,0.367046843348802,0.244465807098906,4,2710.09738979331,B-R,1
17,8,18,0.366890697674419,0.260704651162791,4,0.272039177310957,0.434936694673041,44.2868808677516,8.44659804361767,R8,2.26296104399768,0.739840040067893,0.260159959932107,0.41108258573951,0.153485132764802,1.04063983972843,0.409072361031092,0.343652802619256,0.402816136727052,0,0.123392952663962,0.366719673002615,0.260270097537198,4,3022.32880595177,B-R,1
17,9,17,0.366539534883721,0.276483720930233,4,0.262530023752494,0.445564146725787,52.4813384922026,15.2163417150907,R8,2.68454092477936,0.784360483483319,0.215639516516681,0.424891249010671,0.160054520268738,0.862558066066723,0.417494114877284,0.353853123502575,0.337185139995436,0,0.0934806217055289,0.366392364723108,0.2760810509823,4,3326.63735792227,B-R,1
17,10,16,0.366188372093023,0.292262790697674,4,0.253646773418,0.455492087885004,60.3387610221431,25.4071387163074,R8,3.2991602472913,0.824073669833606,0.175926330166394,0.445022834153635,0.169631999368312,0.703705320665578,0.429399319808639,0.368272555927138,0.278640889228728,0,0.0667981836525399,0.366064918423035,0.291898671648734,4,3599.02665289441,B-R,1
17,11,15,0.365837209302326,0.308041860465116,4,0.245329598779824,0.464787381534234,68.2279120287984,37.8942414449002,R8,4.27877591670954,0.859718336813424,0.140281663186576,0.477109713843122,0.184897137081723,0.561126652746302,0.447512761764196,0.390211325881995,0.226094354590184,0,0.0428492964940161,0.365737334015076,0.307722963754577,4,3830.37056658443,B-R,1
17,12,14,0.365486046511628,0.323820930232558,4,0.237526061759285,0.473508632591727,76.1615128442846,51.6344315457967,R8,6.08583579127402,0.891889233974178,0.108110766025823,0.536299163947859,0.213056157708648,0.43244306410329,0.478403324137323,0.427625581181622,0.178668770197218,0,0.021234360763867,0.365409611411837,0.323553931521465,4,4022.80946008391,B-R,1
17,13,13,0.36513488372093,0.3396,4,0.230190007037298,0.48170742434905,83.9656968561398,65.8952610339349,R8,10.5351614719278,0.921070573827624,0.078929426172376,0.682034866500744,0.282389031168433,0.315717704689504,0.542956693840389,0.505811799527159,0.135650321286574,0,0.00162804446189671,0.365081750525852,0.339391579174597,4,4182.57299166764,B-R,1
17,14,12,0.364783720930233,0.355379069767442,4,0.223280648474293,0.489429339490299,80.4016470664332,57.330232761503,R8,6.54736355431976,0.823952280138009,0.176047719861991,0.547201675949027,0.409627124990499,0.704190879447964,0.320886601399119,0.540474726141939,0.156385523832211,0.0744599478825376,0,0.364747436803627,0.355196681858284,4,4316.09439286596,R-G,1
17,15,11,0.364432558139535,0.371158139534884,4,0.216761810438196,0.496714807985714,76.3577292136714,47.9812194426235,R8,4.48964701064417,0.723742450789775,0.276257549210225,0.477959702399771,0.460347024760417,1.1050301968409,0.252613232896014,0.547435142729732,0.180856059492704,0.149419888258833,0,0.36441245436773,0.371001037840288,4,4428.78398553498,R-G,1
17,16,10,0.364081395348837,0.386937209302326,4,0.21060129423848,0.503599815166441,72.7709219784344,39.7952396002429,R8,3.41604620462514,0.631705616184127,0.368294383815873,0.441833133440937,0.486809816947004,1.47317753526349,0.222081061634465,0.550547873739929,0.203330807308808,0.218266184867999,0,0.364077411634497,0.386808238629905,4,4524.89342301281,R-G,1
17,17,9,0.36373023255814,0.402716279069767,4,0.204770346241565,0.51011649616,69.5025694628533,32.5258917034371,R8,2.75681438904811,0.546881083190777,0.453118916809223,0.419650043123027,0.503058979988422,1.81247566723689,0.204772074212561,0.55231251148684,0.224044361787433,0.281717464817122,0,0.363742308587644,0.402618284995309,4,4607.69465710532,R-G,1
17,18,8,0.363379069767442,0.418495348837209,4,0.199243209124845,0.516293637409824,66.4451614140504,25.9797524422205,R8,2.31086205257147,0.468453047686882,0.531546952313118,0.404643787775831,0.514051095436867,2.12618780925247,0.193625088245391,0.55344893799883,0.243195936558719,0.340383973915469,0,0.363407145210884,0.418431177704949,4,4679.70096460898,R-G,1
17,19,7,0.363027906976744,0.434274418604651,4,0.193996741493023,0.522157101792925,63.5019290273248,19.9966617234263,R8,1.98909827146106,0.395724272332436,0.604275727667564,0.393816465961642,0.521982132769326,2.41710291067025,0.185846801820505,0.554241928223912,0.260955792078184,0.394787266483359,0,0.363071921487924,0.434246917527553,4,4742.85476907993,R-G,1
17,20,6,0.362676744186047,0.450053488372093,4,0.189010094007528,0.527730190578401,60.5665478268592,14.4337638823169,R8,1.74598746830891,0.328095301557084,0.671904698442916,0.385635809664186,0.527974481718825,2.68761879377167,0.180110602864426,0.554826729226706,0.277470311180794,0.445375753161787,0,0.362736637402463,0.450065505232124,4,4798.67131498427,R-G,1
17,21,5,0.362325581395349,0.465832558139535,4,0.184264432470279,0.533033952909675,57.5052267783431,9.15027313120012,R8,1.55583125913405,0.265047900830963,0.734952099169037,0.379237070612211,0.532661572319141,2.93980839667615,0.175705621148153,0.55527581367177,0.292866043094562,0.492537088831638,0,0.362401292938198,0.465886941587944,4,4848.34625775671,R-G,1
17,22,4,0.361974418604651,0.481611627906977,4,0.179742700107223,0.538087451476954,54.1358643650093,3.98934430625522,R8,1.40302701335764,0.206131751416347,0.793868248583653,0.374095221713351,0.536427988084236,3.17547299433461,0.172216628788344,0.555631513717459,0.307252952488643,0.536608125336186,0,0.362065888078815,0.481711227364569,4,4892.83211587991,R-G,1
17,23,3,0.361623255813953,0.497390697674419,4,0.175429412726975,0.542907991448411,50.1985520744605,-1.24883038965046,R8,1.27755350893618,0.150953677668963,0.849046322331037,0.369873049762124,0.539520738437824,3.39618528932415,0.16938482240007,0.555920214166705,0.32072705009059,0.57788296978093,0,0.361730422807999,0.497538363331835,4,4932.8968974644,R-G,1
17,24,2,0.361272093023256,0.51316976744186,4,0.171310481569845,0.547511318454526,45.3129977576149,-6.85372334118767,R8,1.17268006336806,0.0991688617887884,0.900831138211212,0.366344067907764,0.542105725502291,3.60332455284485,0.167040503065525,0.556159215691619,0.333372537982444,0.616619556161952,0,0.361394897109426,0.513368350259854,4,4969.16560348913,R-G,1
17,25,1,0.360920930232558,0.528948837209302,4,0.167373059576423,0.551911790398664,40.2256097074853,-12.8473651949255,R8,1.08371840185405,0.0504736310071595,0.94952636899284,0.363350516131946,0.544298508842263,3.79810547597136,0.165067767791369,0.556360334511835,0.345263570918913,0.653045040765027,0,0.361059310966768,0.529201188919016,4,5002.15112447545,R-G,1
17,26,0,0.36056976744186,0.544727906976744,4,0.163605407541498,0.556122527043775,31.8555659194864,-20.5914594827867,R8,1.00730257972257,0.00459949837014199,0.995400501629858,0.360779130704232,0.54618205439243,3.98160200651943,0.163384757702224,0.556531916075756,0.356465711526172,0.687360259837354,0,0.360723664363689,0.545036880079988,4,5032.27868683381,R-G,1
18,0,25,0.3825,0.140711627906977,4,0.389954016366333,0.322770967363356,-85.3704044008439,-272.033603726921,R6,1.00360099006894,0.00881261077028716,0.991187389229713,0.382682210097489,0.139973826913828,3.96474955691885,0.391058537043099,0.32183468867661,1.49900328311689,0,0.565205185623794,0.38212898532853,0.140253155612135,4,1236.23350877744,B-R,1
18,1,24,0.382148837209302,0.156490697674419,4,0.371596364631364,0.342381238820382,-40.3355759595676,-197.46325502568,R6,1.07872980330728,0.161180202046348,0.838819797953652,0.38610491827921,0.141602159498748,3.35527919181461,0.393280710510594,0.324526156848301,1.27251879443812,0,0.467808606532702,0.381805441970208,0.156013641305285,4,1363.37935996645,B-R,1
18,2,23,0.381797674418605,0.17226976744186,4,0.354860080645597,0.36025950979322,-21.66257464476,-145.142058690822,R6,1.16601695304606,0.285635538157226,0.714364461842774,0.390081534289666,0.143494010361792,2.8574578473711,0.39584453032728,0.32763142272223,1.08752405292942,0,0.388254129853539,0.3814817623965,0.171780762339886,4,1500.86479851882,B-R,1
18,3,22,0.381446511627907,0.188048837209302,4,0.339539447535771,0.376625534081876,-7.29398310170397,-104.592128113032,R6,1.26867371893379,0.389204922931556,0.610795077068444,0.394758357167173,0.145718980379982,2.44318030827378,0.398835346782904,0.331253861481143,0.933574916128474,0,0.322050393933658,0.381157946521364,0.187554522907151,4,1651.63415275212,B-R,1
18,4,21,0.381095348837209,0.203827906976744,4,0.325462137725235,0.391663397897726,5.37851834349497,-71.2613185732509,R6,1.39115144804695,0.47673893186001,0.52326106813999,0.400338180772059,0.148373547498051,2.09304427255996,0.402369522338866,0.335534409854697,0.803461319870036,0,0.266096808578922,0.380833994258687,0.203334927201822,4,1819.05092529228,B-R,1
18,5,20,0.380744186046512,0.219606976744186,4,0.312482702941025,0.405528474060615,16.7871081839128,-42.8630529087925,R6,1.53980409708993,0.551694057782256,0.448305942217744,0.407110477793441,0.151595426585951,1.79322376887097,0.40660992436201,0.340670330721097,0.692045412942718,0,0.218183910638953,0.380509905522285,0.219121979422177,4,2006.66625624059,B-R,1
18,6,19,0.380393023255814,0.235386046511628,4,0.300477530179742,0.41835281020862,27.1081870683384,-18.1491406421565,R6,1.72402637418439,0.616599971536813,0.383400028463186,0.41550325105696,0.155588237382915,1.53360011385275,0.411791736466677,0.346946475475502,0.595567004602616,0,0.17669468114118,0.3801856802259,0.234915683770031,4,2217.35968051747,B-R,1
18,7,18,0.380041860465116,0.25116511627907,4,0.289340892431577,0.430249347549726,36.354242823316,3.57131713453012,R6,1.95831991496397,0.673350652935658,0.326649347064342,0.426177164092254,0.160666286541996,1.30659738825737,0.418267607531175,0.354789967943136,0.511210817363941,0,0.140418448229409,0.379861318283199,0.25071604445074,4,2451.37092876898,B-R,1
18,8,17,0.379690697674419,0.266944186046512,4,0.278981826632344,0.441315255940242,44.5711355404813,14.0208803550308,R8,2.26630917086794,0.723392269234382,0.276607730765618,0.440208496421712,0.167341607495127,1.10643092306247,0.426591452284198,0.364871702581122,0.436827217904515,0,0.108430791281717,0.379536819607781,0.266523065673207,4,2703.42442275679,B-R,1
18,9,16,0.379339534883721,0.282723255813953,4,0.269321643509919,0.451634593952002,52.2303383054711,18.7104515605925,R8,2.68925403428188,0.767848139482045,0.232151860517955,0.459476960570503,0.176508462035164,0.928607442071821,0.437685932281175,0.378309195301702,0.370746465708535,0,0.0800136610614531,0.379212184113168,0.282336751649883,4,2961.41545989636,B-R,1
18,10,15,0.378988372093023,0.298502325581395,4,0.260291924984687,0.461280448117709,59.5024319912303,26.2577336068475,R8,3.3062813769593,0.807604064582922,0.192395935417078,0.487587407722493,0.189881836171675,0.769583741668313,0.453210568233796,0.397112436432411,0.311651875494071,0,0.0546008349414179,0.378887411712811,0.298157106596773,4,3210.04359260278,B-R,1
18,11,14,0.378637209302326,0.314281395348837,4,0.251832901273905,0.47031666656355,66.572468929082,36.1430494478563,R8,4.29076151150938,0.843367952451435,0.156632047548565,0.532438218829777,0.211219336568612,0.626528190194261,0.476480833709249,0.425297085286397,0.258491188308371,0,0.0317398032468265,0.378562502320087,0.313984134733437,4,3437.40649225817,B-R,1
18,12,13,0.378286046511628,0.330060465116279,4,0.243892126279994,0.478799274004737,73.7285340486401,47.650382662233,R8,6.1101116750875,0.875712340310255,0.124287659689745,0.61532392435185,0.250651706481547,0.497150638758981,0.515220170698342,0.472217676331029,0.210413364904571,0,0.0110645881051964,0.378237455848302,0.329817840282999,4,3638.25464445857,B-R,1
18,13,12,0.37793488372093,0.345839534883721,4,0.236423389202723,0.486777634398591,75.505909859336,49.5792832116437,R8,6.52929456341214,0.846257557789986,0.153742442210014,0.63247531600638,0.347163993814027,0.614969768840056,0.428722902863317,0.529480899442974,0.195232921469664,0.0354204072739805,0,0.377908676604584,0.345640557949014,4,3812.63089507587,R-G,1
18,14,11,0.377583720930233,0.361618604651163,4,0.229385814645931,0.494295412241323,70.6343610587144,38.691198538342,R8,4.48114342242106,0.742430902099884,0.257569097900116,0.536615305558231,0.417381664868922,1.03027639160046,0.30949575984595,0.541636013540436,0.218653903085739,0.114061271651232,0,0.377574899332833,0.361443071582276,4,3963.19340336289,R-G,1
18,15,10,0.377232558139535,0.377397674418605,4,0.222743114201676,0.501391372051445,66.6163846194046,29.4102589253711,R8,3.41112102532622,0.647286271524951,0.352713728475049,0.486534842201591,0.45406571576578,1.4108549139002,0.26032805588241,0.54664862255263,0.240116413158441,0.186126156526267,0,0.377241061984411,0.377248429514693,4,4093.35327414843,R-G,1
18,16,9,0.376881395348837,0.393176744186047,4,0.216462960576009,0.508100046950019,63.2039156546252,21.3787968152412,R8,2.75360582672269,0.559778378300531,0.440221621699469,0.455761032326675,0.476607600007192,1.76088648679788,0.233491039205222,0.549384635439387,0.259856245332058,0.252406788578414,0,0.376907164543097,0.393056632514254,4,4206.39228716138,R-G,1
18,17,8,0.37653023255814,0.408955813953488,4,0.21051646146985,0.514452300679106,60.1907251306937,14.3199570489298,R8,2.30860716319393,0.479023259362611,0.520976740637389,0.434933674578732,0.491863685923005,2.08390696254955,0.216587036869087,0.551107985273154,0.278072801990632,0.313572703188251,0,0.376573206992664,0.408867681349223,4,4305.15724117273,R-G,1
18,18,7,0.376179069767442,0.42473488372093,4,0.204877715145539,0.520475802360773,57.4074339055107,8.01374557532405,R8,1.98742737827046,0.404268309964035,0.595731690035965,0.419901435540162,0.502874834483226,2.38292676014386,0.204962565770748,0.552293091021283,0.294935854006874,0.370193941714209,0,0.376239189316878,0.424681576788142,4,4392.01261970012,R-G,1
18,19,6,0.375827906976744,0.440513953488372,4,0.199523433255963,0.526195429403921,54.7067079932519,2.27578871324729,R8,1.74469992144705,0.334868757608758,0.665131242391242,0.408541015851659,0.511196367195392,2.66052496956497,0.196478316068189,0.553158053651067,0.310590847698746,0.422758870713782,0,0.375905111499501,0.44049831959983,4,4468.88812156508,R-G,1
18,20,5,0.375476744186047,0.456293023255814,4,0.19443261935198,0.531633610933651,51.9409524326007,-3.06199376289878,R8,1.55480881245819,0.270269017315604,0.729730982684396,0.399653505878702,0.517706488035779,2.91892393073758,0.190013260520819,0.553817161014005,0.325163110666794,0.471688303925641,0,0.375570973524288,0.456317910553381,4,4537.34993659056,R-G,1
18,21,4,0.375125581395349,0.472072093023256,4,0.189586293709253,0.536810621740648,48.9325194946369,-8.17221041865226,R8,1.40219548746164,0.209987786098115,0.790012213901885,0.392510715175464,0.522938598127038,3.16004885560754,0.18492322214789,0.554336086450089,0.338761214147592,0.517346792077449,0,0.375236775374989,0.472140350418169,4,4598.67159919144,R-G,1
18,22,3,0.374774418604651,0.487851162790698,4,0.184967256871294,0.541744834872594,45.4341093470503,-13.2601186088925,R8,1.27686402376416,0.153606030071407,0.846393969928593,0.386644802656084,0.52723539210606,3.38557587971437,0.180811698619377,0.554755253062143,0.351479682854944,0.56005172174678,0,0.374902517035347,0.487965639963842,4,4653.89188075174,R-G,1
18,23,2,0.374423255813954,0.50363023255814,4,0.180559885699162,0.546452939500853,41.0713359819518,-18.6106538428089,R8,1.17209910493926,0.100757229790574,0.899242770209426,0.381741470078638,0.530827094134739,3.5969710808377,0.17742126731353,0.555100904885371,0.363401195414334,0.600080703781898,0,0.3745681984891,0.503793779960328,4,4703.86373062406,R-G,1
18,24,1,0.374072093023256,0.519409302325581,4,0.176349956830983,0.550950129507051,35.2529045251121,-24.6801160004904,R8,1.08322222649636,0.0511194036029007,0.948880596397099,0.377581748500663,0.533874099450895,3.7955223855884,0.174577521064718,0.555390822594072,0.374598383717051,0.637677615011107,0,0.374233819719981,0.519624771177829,4,4749.29247220217,R-G,1
18,25,0,0.373720930232558,0.535188372093023,4,0.17232449334776,0.5552502672799,27.0126526837846,-32.2980530925335,R8,1.00687389677421,0.00440854206304414,0.995591457936956,0.374008402989978,0.536491582992381,3.98236583174782,0.172158100565941,0.555637480624014,0.385135313969927,0.673057571178284,0,0.373899380711714,0.535458614386829,4,4790.7645634328,R-G,1
19,0,24,0.3953,0.146951162790698,4,0.398005045922578,0.332902693305079,-75.0409487254445,-250.0294440595,R6,1.00425896973535,0.00997377442076628,0.990026225579234,0.395570018681221,0.146105123405061,3.96010490231694,0.399351735500525,0.331879304912102,1.51424210396027,0,0.519266353272378,0.394927074766226,0.146485439033794,4,1191.47598486006,B-R,1
19,1,23,0.394948837209302,0.16273023255814,4,0.379497126308356,0.351818291516576,-32.8806728606783,-183.647720368163,R6,1.07949001926429,0.156386571876806,0.843613428123194,0.399960590493661,0.14819391122133,3.37445371249277,0.402131522281096,0.335246147219166,1.29496404172136,0,0.43005867290375,0.394606196256039,0.162248644040498,4,1310.48350869652,B-R,1
19,2,22,0.394597674418605,0.178509302325581,4,0.362605342368709,0.369082155026782,-16.1182558323397,-136.334732924819,R6,1.16690522535112,0.276915477392117,0.723084522607883,0.405062243896433,0.150620991776157,2.89233809043153,0.405333065814228,0.33912381592764,1.11445150931715,0,0.356621758472697,0.39428518264033,0.178018486126333,4,1437.48023039646,B-R,1
19,3,21,0.394246511627907,0.194288372093023,4,0.347126865136813,0.384901580567153,-3.41901896457726,-99.1981574517876,R6,1.26972535484434,0.377866947689545,0.622133052310455,0.411062946600051,0.153475789563739,2.48853220924182,0.409060230502812,0.343638110278065,0.963259515368422,0,0.295113156413919,0.39396403383375,0.193794969483983,4,1574.57723719608,B-R,1
19,4,20,0.393895348837209,0.210067441860465,4,0.332891443486088,0.399450569428626,8.00254440366414,-68.3659961241586,R6,1.39241603617623,0.463652619052676,0.536347380947324,0.41822331788927,0.156882292622524,2.14538952378929,0.41345403508005,0.34895983036214,0.834780884325123,0,0.24284490606874,0.39364274975088,0.209578098309666,4,1724.03296663465,B-R,1
19,5,19,0.393544186046512,0.225846511627907,4,0.319755115923134,0.412876254180602,18.4718094577595,-41.8914424558401,R6,1.54135353224406,0.537451228196172,0.462548771803828,0.426915483905101,0.161017537699126,1.85019508721531,0.418710897815471,0.355326875483638,0.724254917400877,0,0.197880238700104,0.39332133030623,0.225367876803132,4,1888.09782024045,B-R,1
19,6,18,0.393193023255814,0.241625581395349,4,0.30759532475046,0.425303892129778,28.0830482344362,-18.7042389253825,R6,1.72596897050302,0.601611177428819,0.398388822571181,0.437689856247855,0.16614337976228,1.59355529028472,0.425112804168473,0.363080782835739,0.628164482783601,0,0.158788299040036,0.392999775414237,0.241164309167675,4,2068.56566664962,B-R,1
19,7,17,0.392841860465116,0.257404651162791,4,0.296307080799381,0.436840785067647,36.8180265067896,1.80836216575869,R6,1.96082676606683,0.657905034804586,0.342094965195414,0.45139643117391,0.172664199357399,1.36837986078166,0.433079597049735,0.372730060798968,0.543854858380597,0,0.124489081193302,0.392678084989266,0.256967399610129,4,2265.87567850577,B-R,1
19,8,16,0.392490697674419,0.273183720930233,4,0.285799924304195,0.447579385339907,44.6315623711321,18.0621729030688,R8,2.26966721975047,0.707695834824035,0.292304165175965,0.469420720333439,0.181239145219046,1.16921666070386,0.443264951856958,0.38506643268083,0.46928466823811,0,0.0941521034795407,0.39235625894561,0.272777152340877,4,2477.82067041023,B-R,1
19,9,15,0.392139534883721,0.288962790697674,4,0.275995495554479,0.457599778706019,51.827391775116,21.4547248766227,R8,2.69398372201459,0.752048893150953,0.247951106849047,0.494184326398474,0.193020280079202,0.991804427396189,0.456745501867194,0.401393902979692,0.402858420988678,0,0.067128280976684,0.392034297197488,0.288593571573851,4,2698.57685432371,B-R,1
19,10,14,0.391788372093023,0.304741860465116,4,0.266825577205577,0.466971685151236,58.6424765483397,27.2170705677391,R8,3.31343331457699,0.791808883753785,0.208191116246215,0.530336127248806,0.210219279293481,0.832764464984858,0.475428945641843,0.424023051870456,0.343311073724554,0,0.0429029632805168,0.391712199659049,0.30441666152654,4,2919.3599753952,B-R,1
19,11,13,0.391437209302326,0.320520930232558,4,0.258230504761335,0.475756083416563,65.1382829971253,35.1086259284479,R8,4.3028144423965,0.827654149254456,0.172345850745544,0.58807756404603,0.237689416402782,0.689383402982175,0.503047682332544,0.457474513618462,0.289626693014689,0,0.0210628438164207,0.39138996624437,0.320246426419989,4,3131.05468270356,B-R,1
19,12,12,0.391086046511628,0.3363,4,0.250157866903882,0.484006539297145,71.6472736270982,44.6962066354605,R8,6.1345820034149,0.860135721950086,0.139864278049914,0.694981655783509,0.288548387368241,0.559457112199655,0.548026085653702,0.511951782258005,0.240980014289022,0,0.00127218476715217,0.391067596867452,0.336082870478806,4,3327.01365791073,B-R,1
19,13,11,0.39073488372093,0.352079069767442,4,0.242561435826955,0.491770298870753,66.3968531415339,33.2042485305057,R8,4.47267198563935,0.762132075542628,0.237867924457372,0.595049136196953,0.37457875384184,0.951471697829487,0.377518539342378,0.534701144306128,0.258500001621752,0.0767865811526657,0,0.390735708006909,0.351886293524059,4,3504.07719315877,R-G,1
19,14,10,0.390383720930233,0.367858139534884,4,0.235400281445426,0.499089193799787,61.4606553834906,22.1609055377771,R8,3.40621002760816,0.663675022102287,0.336324977897713,0.531107836684396,0.421415898079623,1.34529991159085,0.303716890861616,0.54222516471928,0.27880991519145,0.152319176234429,0,0.390403075746189,0.367689808935318,4,3661.89290305087,R-G,1
19,15,9,0.390032558139535,0.383637209302326,4,0.22863803363166,0.506000395345825,57.4648822280558,12.8022697323385,R8,2.75040472438755,0.573317082500028,0.426682917499972,0.491788062547711,0.450217720167634,1.70673166999989,0.265149288011392,0.54615710170314,0.29744912771643,0.221638431949667,0,0.390070383613223,0.3834961689052,4,3801.72020781276,R-G,1
19,16,8,0.389681395348837,0.399416279069767,4,0.222242264400692,0.512537045793209,54.1467489887036,4.76752344865224,R8,2.30635667007152,0.490098382371668,0.509901617628332,0.46516450656883,0.469719534190989,2.03960647051333,0.241446183402286,0.548573614702582,0.31461564395809,0.285480728264525,0,0.389737631591844,0.399305374201787,4,3925.48856677303,R-G,1
19,17,7,0.38933023255814,0.415195348837209,4,0.216183967892396,0.518728789921436,51.2773900102353,-2.23794078984002,R8,1.98575928990938,0.41320496348241,0.58679503651759,0.445942617823982,0.483799610487972,2.34718014607036,0.225402554675731,0.550209250118925,0.330477368813239,0.34447050370945,0,0.389404819665879,0.415117425593434,4,4035.25215317866,R-G,1
19,18,6,0.388979069767442,0.430974418604651,4,0.210437120553983,0.524602224510632,48.6544075947733,-8.45738321438267,R8,1.74341427214214,0.34194207192347,0.65805792807653,0.431412464873155,0.494442979871187,2.63223171230612,0.213822169694342,0.551389861321869,0.345177617477149,0.399140747682763,0,0.389071947819152,0.430932323848775,4,4132.9331122559,R-G,1
19,19,5,0.388627906976744,0.446753488372093,4,0.204978307453969,0.530181280258863,46.0871412779628,-14.1021100459552,R8,1.55378770874372,0.275713106979566,0.724286893020434,0.420043124603222,0.502771046929109,2.89714757208174,0.205069985648116,0.552282139648696,0.358839457912342,0.449949150097765,0,0.388739016035477,0.446750069736719,4,4220.22778907998,R-G,1
19,20,4,0.388276744186047,0.462532558139535,4,0.199786403410366,0.53548754767781,43.373333286268,-19.3738986990233,R8,1.40136494661548,0.214002878890334,0.785997121109666,0.410904393106634,0.50946518809482,3.14398848443866,0.198222681575895,0.552980216950151,0.371569164470319,0.497290945406433,0,0.388406024298665,0.462570664026453,4,4298.5909235757,R-G,1
19,21,3,0.387925581395349,0.478311627906977,4,0.194842299776433,0.540540556325179,40.2604520642107,-24.4944820679397,R8,1.27617528240971,0.156364180479966,0.843635819520034,0.403398462159377,0.514963299223238,3.37454327808014,0.19271940611915,0.553541271584135,0.383458987922062,0.541509214346486,0,0.38807297259252,0.478394107487442,4,4369.25243005737,R-G,1
19,22,2,0.387574418604651,0.494090697674419,4,0.19012866943472,0.545358014987191,36.3809603928326,-29.7531064886185,R8,1.17151872185166,0.102406931843101,0.897593068156899,0.397123623723555,0.519559632346397,3.59037227262759,0.188199804889105,0.554002041399094,0.39458939471346,0.582903211735244,0,0.387739860900841,0.494220400889427,4,4433.24754733317,R-G,1
19,23,1,0.387223255813954,0.50986976744186,4,0.185629763907516,0.549956019037235,31.1415615032902,-35.5985123936956,R8,1.08272650527384,0.0517893406837611,0.948210659316239,0.391799955427812,0.523459231224472,3.79284263726496,0.184421776931116,0.55438720839824,0.405030890427888,0.621735147929327,0,0.38740668920742,0.510049545002425,4,4491.44715802894,R-G,1
19,24,0,0.386872093023256,0.525648837209302,4,0.181331237577113,0.554349230087545,23.5235014449985,-42.8452382343935,R8,1.00644557854426,0.00421065476238649,0.995789345237613,0.387226419966579,0.526809356131337,3.98315738095045,0.181216645158759,0.554713969078773,0.414845514825605,0.658235748878137,0,0.387073457496045,0.525881540596734,4,4544.58398306184,R-G,1
20,0,23,0.4081,0.153190697674419,4,0.405858809897438,0.342786172635065,-65.0400616541276,-228.60036066339,R6,1.00491781273544,0.0110403485013449,0.988959651498655,0.408474737330441,0.152244464757025,3.95583860599462,0.40745771244687,0.3416971608404,1.52823955498574,0,0.477069744846115,0.407727449877677,0.152718835509609,4,1150.734446168,B-R,1
20,1,22,0.407748837209302,0.16896976744186,4,0.387213038725279,0.361034551296916,-25.7672434583845,-169.876735330036,R6,1.08025130747473,0.151946969804897,0.848053030195103,0.413835805565787,0.154794960339503,3.39221212078041,0.410768605329914,0.345707272087312,1.31575162082504,0,0.395096717636869,0.407409237172786,0.168484760549922,4,1263.02546970543,B-R,1
20,2,21,0.407397674418605,0.184748837209302,4,0.370177216206307,0.377707293725851,-10.6624521480012,-127.310359504154,R6,1.16779485206054,0.268784423022435,0.731215576977565,0.420065795528589,0.157758840145071,2.92486230791026,0.414575316468603,0.350317912083907,1.13956012011971,0,0.32712603149695,0.407090890472837,0.184257324407659,4,1381.59504827389,B-R,1
20,3,20,0.407046511627907,0.200527906976744,4,0.354551457868275,0.393000024307933,0.469053807135348,-93.4320973303054,R6,1.27077873565678,0.367234546979277,0.632765453020723,0.427394589035529,0.161245469048824,2.53106181208289,0.418998236189303,0.355674896058533,0.991096809709423,0,0.269852252484946,0.406772409693176,0.200036531276978,4,1508.05159483655,B-R,1
20,4,19,0.406695348837209,0.216306976744186,4,0.340167653349128,0.407077270512443,10.6766099962367,-64.9869970451488,R6,1.39368292547575,0.451321275007698,0.548678724992302,0.436141000579421,0.165406521105232,2.19471489996921,0.42420016344303,0.361975404025016,0.864293576732884,0,0.220934440242745,0.406453794749079,0.215822385355568,4,1644.02642091817,B-R,1
20,5,18,0.406344186046512,0.232086046511628,4,0.326883394103572,0.42007840576809,20.2124467870476,-40.3394223046508,R6,1.54290608879201,0.523974223470143,0.476025776529857,0.446760387926328,0.170458629999937,1.90410310611943,0.430406782640989,0.36949278206479,0.754732544138037,0,0.178668277971251,0.40613504555575,0.23161489084466,4,1791.07627298726,B-R,1
20,6,17,0.405993023255814,0.24786511627907,4,0.314577242401445,0.432122279634026,29.0969226386354,-18.5876758205536,R6,1.72791594951256,0.587377012331198,0.412622987668802,0.459926516631326,0.176722335594849,1.65049195067521,0.437940273305883,0.378617249908046,0.659120801407445,0,0.141783435453788,0.405816162028322,0.247414051949021,4,1950.43039611189,B-R,1
20,7,16,0.405641860465116,0.263644186046512,4,0.303145008237919,0.443310861540387,37.2700426512018,0.792600923657929,R6,1.96334004345099,0.643190504087764,0.356809495912236,0.476680347529738,0.184692868671497,1.42723798364894,0.447277055143385,0.389925841028068,0.574953759064568,0,0.109313698857467,0.405497144081856,0.263219872876967,4,2122.52451690288,B-R,1
20,8,15,0.405290697674419,0.279423255813953,4,0.292496792227834,0.453732134869931,44.6391115065752,18.1126678724737,R6,2.27303523481583,0.692700404700308,0.307299595299692,0.498719641721669,0.195177928739723,1.22919838119877,0.459152638184565,0.404309395796924,0.500292565684613,0,0.0805111032626436,0.405177991631342,0.279032357840359,4,2306.34500033227,B-R,1
20,9,14,0.404939534883721,0.295202325581395,4,0.282554616721488,0.463462415354832,51.4003035958822,23.6274963237477,R8,2.69873007560176,0.736917527389061,0.263082472610939,0.529013989498662,0.209590280306126,1.05232989044376,0.474765461804639,0.423219448706083,0.433612909556726,0,0.0547876037723587,0.404858704591697,0.294851511054614,4,2498.83609426469,B-R,1
20,10,13,0.404588372093023,0.310981395348837,4,0.273250513013219,0.472568223101262,57.7885971557761,28.0973738133526,R8,3.32061626050317,0.776647532364301,0.223352467635699,0.573270190321598,0.230644898479418,0.893409870542795,0.496209113362388,0.4491917260718,0.373699850799919,0,0.031674504127149,0.404539282877768,0.310677336738703,4,2694.89101990869,B-R,1
20,11,12,0.404237209302326,0.326760465116279,4,0.264524965378704,0.48110780539027,63.8311156262238,34.463752878427,R8,4.3149352784191,0.812540460414449,0.187459539585551,0.644030376360991,0.264308626301225,0.749838158342205,0.527499989355907,0.487090836124551,0.319573124448828,0,0.0107936403291605,0.404219726404328,0.326509839115157,4,2888.31270905603,B-R,1
20,12,11,0.403886046511628,0.342539534883721,4,0.25632563662246,0.489132383968191,63.9812039244154,32.1079396993759,R8,4.46423251829973,0.782930582356664,0.217069417643336,0.653262449701046,0.331937372106785,0.868277670573346,0.460309502211849,0.526260670312966,0.300565483371989,0.0374357319974838,0,0.403894880695064,0.342330703444086,4,3073.38352394915,R-G,1
20,13,10,0.40353488372093,0.358318604651163,4,0.24860631745445,0.496687183278388,57.8021779982513,18.7952807636891,R8,3.40131315030725,0.680936409800909,0.319063590199091,0.575552672020731,0.388859957253559,1.27625436079636,0.353359174012108,0.537164172729689,0.319563695466369,0.116712105946588,0,0.403563453225018,0.358132376670144,4,3246.09132266262,R-G,1
20,14,9,0.403183720930233,0.374097674418605,4,0.241326055137691,0.503812283242727,52.852301439539,7.55378778489619,R8,2.74721105605589,0.587546263811911,0.412453736188089,0.527731426256338,0.423889126234672,1.64981494475236,0.300222395160523,0.542581425826314,0.336959255982871,0.189300881864527,0,0.403231966103291,0.373936893946431,4,3404.44415666961,R-G,1
20,15,8,0.402832558139535,0.389876744186047,4,0.234448426705936,0.510543330554172,48.8696944500273,-1.97828800624329,R8,2.30411056035999,0.501715479344865,0.498284520655135,0.495336456282651,0.447618513857427,1.99313808262054,0.268447789921999,0.545820822009948,0.35294675219635,0.256014040030842,0,0.402900419313777,0.389744256040841,4,3548.0783609698,R-G,1
20,16,7,0.402481395348837,0.405655813953488,4,0.227940929520423,0.516912135131131,45.5975863415501,-10.1392083786329,R8,1.98409399932128,0.422561931538626,0.577438068461374,0.471940122975351,0.464756380089471,2.3097522738455,0.247309307132761,0.547975873818184,0.367690495407989,0.317537224130949,0,0.402568812840365,0.405554463721545,4,3677.65054919432,R-G,1
20,17,6,0.40213023255814,0.42143488372093,4,0.221774467643034,0.522947172797499,42.7976602345014,-17.2267614312745,R8,1.74213051620241,0.349335607137093,0.650664392862907,0.454250231299527,0.477714265122893,2.60265757145163,0.232232170501037,0.549512976120425,0.381330188804313,0.374453392287526,0,0.402237146666935,0.421367517756993,4,3794.32563597594,R-G,1
20,18,5,0.401779069767442,0.437213953488372,4,0.215922916899704,0.52867401094956,40.2420565212571,-23.5023989587707,R8,1.55276794534644,0.281394764922605,0.718605235077395,0.440405979585511,0.487855210323204,2.87442094030958,0.220936206231647,0.550664590853953,0.393985367996596,0.427261346691672,0,0.401905420777367,0.437183418915907,4,3899.44311569408,R-G,1
20,19,4,0.401427906976744,0.452993023255814,4,0.210362754919237,0.53411567063228,37.6951620867034,-29.2076646519772,R8,1.40053538906981,0.21818707855964,0.78181292144036,0.429276294248884,0.496007729608965,3.12725168576144,0.21215749123444,0.551559573990508,0.405758913498544,0.476390390587087,0,0.401573635155529,0.45300216796729,4,3994.33196660483,R-G,1
20,20,3,0.401076744186046,0.468772093023256,4,0.205072745098156,0.539292935838889,34.8815779247299,-34.5917000435637,R8,1.27548728366983,0.159234587878344,0.840765412121656,0.420134057534984,0.502704438354161,3.36306164848662,0.205138946490816,0.55227510914465,0.416739853814943,0.522212025092006,0,0.401241789785287,0.468823765680421,4,4080.22245580825,R-G,1
20,21,2,0.400725581395349,0.484551162790698,4,0.200033665538678,0.544224618795819,31.425982994834,-39.9579171033007,R8,1.17093891325101,0.10412159046363,0.89587840953637,0.412490551482938,0.508303323553103,3.58351363814548,0.199399425386008,0.552860248837913,0.427005620846578,0.565049360628176,0,0.4009098846505,0.484648212824854,4,4158.212806473,R-G,1
20,22,1,0.400374418604651,0.50033023255814,4,0.195228075666316,0.548927788371092,26.7354570851573,-45.7554794611034,R8,1.08223123756329,0.0524848244445414,0.947515175555459,0.406005154787938,0.513053891069851,3.79006070222183,0.194618500382978,0.553347660407397,0.436623878518724,0.605184747482891,0,0.400577919735021,0.500475510170423,4,4229.26451940671,R-G,1
20,23,0,0.400023255813953,0.516109302325581,4,0.190640114554748,0.553417967451201,19.7632689640502,-52.7887444035018,R8,1.00601762456746,0.00400545213995818,0.995994547860042,0.400433195991755,0.517135363292237,3.98397819144017,0.190574528160864,0.553759940216531,0.445654015968405,0.642866006630663,0,0.400245895022699,0.516305658487238,4,4294.21074850515,R-G,1
21,0,22,0.4209,0.15943023255814,4,0.413522470620088,0.352430418704439,-55.3677897672038,-207.817931257948,R6,1.0055775207695,0.0120234387147163,0.987976561285284,0.421396399348485,0.15839186681358,3.95190624514113,0.415382736993544,0.351295849529312,1.54114138465313,0,0.438175988156637,0.420530111275252,0.158953345337787,4,1113.32766833086,B-R,1
21,1,21,0.420548837209302,0.175209302325581,4,0.394750514077651,0.370037677198528,-18.9677611509854,-156.233442209844,R6,1.08101367020878,0.147823572998689,0.852176427001311,0.427730604871369,0.161405326537542,3.40870570800524,0.419199608956789,0.355918796187061,1.33505862985347,0,0.362624885172777,0.420214565333203,0.174721991132019,4,1219.96625606441,B-R,1
21,2,20,0.420197674418605,0.190988372093023,4,0.377581459984432,0.386141484643154,-5.31247545859223,-118.153422793794,R6,1.16868583627442,0.261184647042375,0.738815352957625,0.435092241468993,0.164907580341786,2.9552614118305,0.423580748309662,0.361225176312864,1.16302814881491,0,0.299557538261866,0.419898886507162,0.190497277482582,4,1331.58973112075,B-R,1
21,3,19,0.419846511627907,0.206767441860465,4,0.361818411385213,0.40092652160581,4.36616829126869,-87.3817744802366,R6,1.27183386571751,0.357243845315363,0.642756154684637,0.443753351860091,0.169028050893944,2.57102461873855,0.428661270156659,0.367378639598603,1.01725403520065,0,0.246115924087217,0.41958307471317,0.206279208585108,4,1449.48598342782,B-R,1
21,4,18,0.419495348837209,0.222546511627907,4,0.347295451329291,0.414548410790663,13.4086882611001,-61.222273575458,R6,1.39495212223239,0.439681398564427,0.560318601435573,0.454091317758151,0.17394627524725,2.24127440574229,0.434623169599879,0.374599616191551,0.892151374867589,0,0.200252581550062,0.419267129867198,0.222067788638761,4,1574.90307282195,B-R,1
21,5,17,0.419144186046512,0.238325581395349,4,0.333871780432141,0.427139215744391,22.031813787311,-38.3242971262227,R6,1.54446177617553,0.511202894069639,0.488797105930361,0.466645310542384,0.179918760903663,1.95518842372144,0.441717584921328,0.383192281576923,0.783614318561852,0,0.160462283101795,0.418951051885145,0.237863021846247,4,1708.99142799911,B-R,1
21,6,16,0.418793023255814,0.254104651162791,4,0.321427137131429,0.438811736451916,30.191966140341,-17.9441792099817,R6,1.72986732606144,0.573841886540891,0.426158113459109,0.482213401792929,0.187325185559918,1.70463245383643,0.450301079528746,0.393588500808086,0.688556856399426,0,0.125613680072399,0.418634840682841,0.253664912413813,4,1852.65413522838,B-R,1
21,7,15,0.418441860465116,0.269883720930233,4,0.309858184730103,0.449662898128934,37.784632868401,0.353157942821284,R6,1.96585977185869,0.629156353998487,0.370843646001513,0.50202916207018,0.196752412901918,1.48337458400605,0.460897448823539,0.406422688196963,0.604614687313639,0,0.094840006324424,0.418318496176044,0.269473464551254,4,2006.28394715983,B-R,1
21,8,14,0.418090697674419,0.285662790697674,4,0.299075635214863,0.45977644895199,44.6800623192617,16.8312351174016,R6,2.27641326049712,0.67836004420693,0.321639955793071,0.528105647117545,0.209158141946994,1.28655982317228,0.474308784772159,0.422666327306856,0.529945894989315,0,0.0674660049235817,0.41800201828044,0.285288682471913,4,2169.3990151494,B-R,1
21,9,13,0.417739534883721,0.301441860465116,4,0.289001940323001,0.469225125734861,51.0105408082903,25.4360025923293,R8,2.70349318328632,0.72241256888437,0.27758743111563,0.563966597414608,0.226218770780836,1.11034972446252,0.49182861261094,0.443886119411901,0.463094225885489,0,0.0429578050889283,0.417685406911645,0.301110570392689,4,2340.28257312955,B-R,1
21,10,12,0.417388372093023,0.317220930232558,4,0.279569423491358,0.47807240607717,56.9837157160373,28.89049778315,R8,3.32783041683776,0.762082609342956,0.237917390657044,0.616390804937107,0.251159268426346,0.951669562628176,0.515686337795803,0.472782291975964,0.402893171859842,0,0.0208877583407178,0.417368661985204,0.316939132534037,4,2515.85227995652,B-R,1
21,11,11,0.417037209302326,0.333,4,0.270718757501053,0.48637393626577,62.6188662058774,34.0508153048187,R8,4.3271245950555,0.797993152287588,0.202006847712412,0.700299312326481,0.291078230102301,0.808027390849647,0.55008054728845,0.514440119996157,0.348397322828454,0,0.000909271997376573,0.417051783416589,0.332774373119974,4,2691.99183633053,B-R,1
21,12,10,0.416686046511628,0.348779069767442,4,0.262397715415454,0.494178702839255,55.8065534084959,19.5273346031007,R8,3.39643033261102,0.699142037704096,0.300857962295904,0.619869900154262,0.356397488987626,1.20343184918362,0.410711819036239,0.531317115369957,0.362546807385732,0.079157241662138,0,0.416722194726009,0.348576132497591,4,2864.33525681651,R-G,1
21,13,9,0.41633488372093,0.364558139534884,4,0.254560139235683,0.501529999943123,49.6860387776049,6.11360835415408,R8,2.74402479586149,0.602520126187093,0.397479873812907,0.563591414565914,0.397621604967123,1.58991949525163,0.339294380938776,0.538598067396934,0.378537138091478,0.155270953233212,0,0.416391912318497,0.364378807416282,4,3029.14636453535,R-G,1
21,14,8,0.415983720930233,0.380337209302326,4,0.247165083249447,0.508466232830385,44.757067888539,-5.32958881757544,R8,2.30186882126507,0.513915331300288,0.486084668699712,0.525449695585256,0.425560499030782,1.94433867479885,0.29788129758963,0.54282009889494,0.393200685418478,0.225069197709483,0,0.416061570463742,0.380184326644639,4,3183.86654405558,R-G,1
21,15,7,0.415632558139535,0.396116279069767,4,0.240176098499051,0.515021588998682,40.7852693632448,-15.0893401750628,R8,1.98243149947329,0.432369581012873,0.567630418987127,0.497894060787292,0.44574506286409,2.27052167594851,0.270846580046073,0.545576267230591,0.406696004381552,0.289306694357755,0,0.415731169145694,0.395992690950648,4,3327.1911853029,R-G,1
21,16,6,0.415281395348837,0.411895348837209,4,0.233560631971743,0.521226601722953,37.5272728334869,-23.4661448182403,R8,1.7408486494484,0.35707161228772,0.642928387712279,0.477054389482147,0.461010168487966,2.57171355084912,0.251809741784052,0.547517058020957,0.419157354012109,0.348622513962767,0,0.415400708348295,0.411803901102573,4,3458.8253765613,R-G,1
21,17,5,0.41493023255814,0.427674418604651,4,0.227289519611715,0.527108625587587,34.7390400047199,-30.7497141467902,R8,1.55174951962911,0.287329888454359,0.712670111545641,0.460742123486786,0.472958939643606,2.85068044618256,0.237679007028216,0.548957675391224,0.430699179365957,0.403561413110791,0,0.415070188055483,0.427617957868952,4,3579.14349241913,R-G,1
21,18,4,0.414579069767442,0.443453488372093,4,0.221336556494403,0.532692239643764,32.164538233944,-37.2164940880251,R8,1.39970681307945,0.222551298545631,0.777448701454369,0.44762645725256,0.482566194358009,3.10979480581748,0.22677429377746,0.550069402389025,0.441419636651778,0.45459061374326,0,0.414739608251189,0.443434862018603,4,3688.89216945285,R-G,1
21,19,3,0.414227906976744,0.459232558139535,4,0.215678130800835,0.537999590725203,29.5080463723226,-43.1464656505563,R8,1.27480002634413,0.162224247934322,0.837775752065678,0.436851617982811,0.490458788109831,3.35110300826271,0.218104044964342,0.550953327482839,0.451403391626521,0.502113123472895,0,0.414408968919338,0.459254614320618,4,3788.98134279373,R-G,1
21,20,2,0.413876744186047,0.475011627906977,4,0.21029291081041,0.543050687034988,26.3794587955306,-48.8639506553977,R8,1.17035967828474,0.105905119169702,0.894094880830298,0.427842275952412,0.497058151203514,3.57637952332119,0.211045295944448,0.551672961431542,0.46072386024349,0.546478401031807,0,0.414078270043852,0.475077215544367,4,3880.35543748445,R-G,1
21,21,1,0.413525581395349,0.490790697674419,4,0.205161576163708,0.547863650209066,22.1798592742189,-54.8256937024552,R8,1.08173642274264,0.0532073445433309,0.946792655456669,0.420197364422893,0.502658065917834,3.78717062182668,0.205186966314049,0.552270213561182,0.469445017075336,0.587990964335248,0,0.413747511608643,0.490902666459497,4,3963.92246520834,R-G,1
21,22,0,0.413174418604651,0.50656976744186,4,0.20026658625869,0.552454932550295,15.8463706245517,-61.8310683744112,R8,1.00559003437937,0.00379252091744088,0.996207479082559,0.413628745398814,0.5074695939759,3.98482991633024,0.200246836237975,0.552773855963502,0.477622865755187,0.626917389757235,0,0.41341669359762,0.506730967835934,4,4040.52044263057,R-G,1
22,0,21,0.4337,0.16566976744186,4,0.421002847832295,0.361844013739126,-46.0251160821777,-187.734717200623,R6,1.00623809554227,0.0129324776901956,0.987067522309805,0.434335038126203,0.164547345460221,3.94827008923922,0.423132801446675,0.360682628783621,1.55307138442644,0,0.402211902406767,0.43333505957154,0.16518896881664,4,1078.73706002601,B-R,1
22,1,20,0.433348837209302,0.181448837209302,4,0.402115671376071,0.37883497806426,-12.4472535621302,-142.78612087836,R6,1.08177710974299,0.143983761125925,0.856016238874075,0.441645029903067,0.168025029555327,3.4240649554963,0.427431821742668,0.365889547354727,1.35303780721114,0,0.332386289741384,0.433022181350263,0.180960336085357,4,1180.54397432139,B-R,1
22,2,19,0.432997674418605,0.197227906976744,4,0.384823579380753,0.394390999308641,-0.0902121411046473,-108.935249421447,R6,1.16957818110229,0.254065726617322,0.745934273382678,0.450141634160183,0.172067237315521,2.98373709353071,0.432358348387995,0.371856493615604,1.18501130058838,0,0.273733367905513,0.432709171356664,0.196738345649926,4,1286.32663459906,B-R,1
22,3,18,0.432646511627907,0.213006976744186,4,0.368932693451791,0.408686491095863,8.2610932368427,-81.120407757267,R6,1.27289074938736,0.347838451536643,0.652161548463357,0.460139302684209,0.176823567264372,2.60864619385343,0.438060588845221,0.3787629745553,1.04187883275539,0,0.223770194732889,0.432396029507477,0.212523001707454,4,1397.16026130971,B-R,1
22,4,17,0.432295348837209,0.228786046511628,4,0.354279332292085,0.421868701644112,16.1942069935985,-57.1496234268612,R6,1.39622363275593,0.42867641586767,0.571323584132331,0.472074358665288,0.182501597503883,2.28529433652932,0.444737411489613,0.38684985701442,0.918489677334657,0,0.180698808951272,0.432082755719368,0.22831430845858,4,1514.04584984392,B-R,1
22,5,16,0.431944186046512,0.24456511627907,4,0.340724352941824,0.434062804404894,23.9332951007751,-35.9325557757715,R6,1.5460206038745,0.499083228786393,0.500916771213607,0.486570372925761,0.189397988057377,2.00366708485443,0.452662014689931,0.396448035373999,0.811022384537276,0,0.143185259148626,0.431769349908935,0.244112270107488,4,1637.87931689043,B-R,1
22,6,15,0.431593023255814,0.260344186046512,4,0.328148718551715,0.445375885308411,31.3812094182183,-16.8724743064722,R6,1.73182311506523,0.560955539513857,0.439044460486143,0.504550682085154,0.197952010701648,1.75617784194457,0.462220233663264,0.408024828329673,0.716581953883572,0,0.110218989072477,0.431455811992701,0.259916890861903,4,1769.3611635011,B-R,1
22,7,14,0.431241860465116,0.276123255813954,4,0.316449993344505,0.455900095907383,38.3893632039745,0.379239474378124,R6,1.96838597615936,0.615756461018682,0.384243538981318,0.527443124985115,0.208842951074975,1.53697415592527,0.47397526002727,0.422262366388202,0.632935124368312,0,0.0810204355109733,0.431142141887123,0.2757281749331,4,1908.83931802737,B-R,1
22,8,13,0.430890697674419,0.291902325581395,4,0.305539546101045,0.465715169129924,44.7939385165025,16.0352269881348,R6,2.27980134149203,0.664632746177958,0.335367253822041,0.557579125353371,0.223179969825463,1.34146901528817,0.488782779613104,0.440197045318507,0.558331519542117,0,0.0549785955031401,0.430828339508585,0.291546126535904,4,2056.09318563609,B-R,1
22,9,12,0.430539534883721,0.307681395348837,4,0.295340300521821,0.4748904430615,50.6889890318698,27.0381527161903,R8,2.70827313393523,0.708495908508491,0.291504091491509,0.599042802269449,0.242906061746944,1.16601636596604,0.508009189258054,0.463483827548706,0.49137982674733,0,0.031607804291678,0.430514404773401,0.307370749888699,4,2210.1090028018,B-R,1
22,10,11,0.430188372093023,0.323460465116279,4,0.285784911633181,0.483486501455722,56.2484415349548,29.6405331259699,R8,3.33507598744082,0.748079599476825,0.251920400523174,0.659699189612091,0.271762968836194,1.0076816020927,0.533979438215359,0.494938661971817,0.430960217750034,0,0.0105171640403241,0.430200337597816,0.323202049213424,4,2368.95217700329,B-R,1
22,11,10,0.429837209302326,0.339239534883721,4,0.276814276985011,0.49155651306567,55.3098630518665,23.8689764279515,R8,3.39156151405569,0.718371562910537,0.281628437089463,0.664060069863785,0.324028091300134,1.12651374835785,0.477722416325676,0.524485437320995,0.40794731971632,0.0394902654269528,0,0.429879300554199,0.339021076196133,4,2529.86629317992,R-G,1
22,12,9,0.429486046511628,0.355018604651163,4,0.268376313060891,0.499147332389235,48.0163873380227,8.41542728128353,R8,2.74084591805796,0.618298699530098,0.381701300469902,0.59936831724081,0.371414944111941,1.52680520187961,0.383090491350181,0.53413308815141,0.422349458911577,0.119412220775753,0,0.429550222563958,0.354821909093145,4,2689.65066070656,R-G,1
22,13,8,0.42913488372093,0.370797674418605,4,0.260424943371462,0.506300409983558,42.003321285645,-5.05292722679359,R8,2.29963144004226,0.5267429159592,0.4732570840408,0.555504395673504,0.403545364308972,1.8930283361632,0.330090743214191,0.539536371073621,0.435525849539135,0.192532115613379,0,0.429221085346939,0.370625585791489,4,2845.20241936235,R-G,1
22,14,7,0.428783720930233,0.386576744186047,4,0.252919256703231,0.513052549707097,37.1218521771478,-16.6838146471058,R8,1.98077178335608,0.442661276233244,0.557338723766756,0.523804540685149,0.426765578657521,2.22935489506703,0.296203449437139,0.542991154203451,0.447626587323515,0.259682877856337,0,0.428891888887151,0.386432107058968,4,2993.99769463144,R-G,1
22,15,6,0.428432558139535,0.402355813953488,4,0.245822803051936,0.519436542100221,33.1627886989152,-26.6977500600928,R8,1.73956866771299,0.365174446441115,0.634825553558885,0.499825013553717,0.444330635664036,2.53930221423554,0.272669592760153,0.545390412508419,0.458778222949478,0.321566776663384,0,0.428562633168597,0.402241473663659,4,3134.33672980094,R-G,1
22,16,5,0.428081395348837,0.41813488372093,4,0.239103001663297,0.525481696913646,29.895073025175,-35.35452504034,R8,1.55073242896138,0.293535825640628,0.706464174359372,0.481051608830198,0.45808219641699,2.82585669743749,0.255373096003775,0.547153776841737,0.46908820463355,0.378780075648345,0,0.428233318175276,0.418053686373916,4,3265.3387056841,R-G,1
22,17,4,0.42773023255814,0.433913953488372,4,0.232730640893751,0.531214293035315,27.064914068058,-42.9321848695012,R8,1.39887921690331,0.227107412009404,0.772892587990596,0.465954920676592,0.469140554097449,3.09157035196238,0.242124411922917,0.548504469834695,0.478648351383823,0.431832307080389,0,0.427903943891179,0.43386874595837,4,3386.78192190611,R-G,1
22,18,3,0.427379069767442,0.449693023255814,4,0.226679453693796,0.536657960386941,24.3737910925105,-49.726372079895,R8,1.27411350923479,0.165340749924329,0.834659250075671,0.453551172639868,0.478226327147323,3.33863700030268,0.231651456231117,0.549572179486624,0.487537595030163,0.481161488263515,0,0.427574510300292,0.449686653185929,4,3498.89897422112,R-G,1
22,19,2,0.427027906976744,0.465472093023256,4,0.220925755701752,0.541834005496013,21.4272401284835,-56.078126546378,R8,1.169781016102,0.107761752298414,0.892238247701586,0.443178819682912,0.485824098779017,3.56895299080634,0.223164630047732,0.550437404786616,0.495824164540814,0.527146242989605,0,0.427245017386596,0.465507408825778,4,3602.19464490367,R-G,1
22,20,1,0.426676744186047,0.481251162790698,4,0.215448135433198,0.546761690202371,17.6233638182924,-62.4530426990557,R8,1.08124206019099,0.0539585087523873,0.946041491247613,0.434376602141915,0.492271742723117,3.78416596499045,0.216147881123931,0.55115275685833,0.503567340628025,0.570115538391487,0,0.426915465134066,0.481331013647378,4,3697.31093090743,R-G,1
22,21,0,0.426325581395349,0.497030232558139,4,0.210227188022142,0.551458471185504,11.8900179923139,-69.6477787705526,R8,1.0051628075163,0.00357141608820086,0.996428583911799,0.426813082496708,0.497812037700986,3.9857143356472,0.210249687203708,0.551754073121178,0.51081887613606,0.610356567118263,0,0.426585853526671,0.497157468420468,4,3784.93772402505,R-G,1
23,0,20,0.4465,0.171909302325581,4,0.428306438929608,0.371035134312143,-37.0124110514041,-168.387399238309,R6,1.00689953876299,0.0137755286089337,0.986224471391066,0.447290687142238,0.170710916624206,3.94489788556427,0.430713636417829,0.369864439446992,1.564135373475,0,0.368858485940778,0.446142295379346,0.171425706244585,4,1046.55773684725,B-R,1
23,1,19,0.446148837209302,0.187688372093023,4,0.409314353013467,0.387433432331405,-6.1748734218101,-129.590079688965,R6,1.08254162836038,0.140399251591391,0.859600748408609,0.455579122270838,0.174654089188543,3.43840299363443,0.435472192565014,0.375627941982098,1.36982158068681,0,0.304158205338723,0.44583208583716,0.187199795708609,4,1144.18211450072,B-R,1
23,2,18,0.445797674418605,0.203467441860465,4,0.391908841577792,0.402461837581893,4.98072022746337,-99.7158011394611,R6,1.17047188966322,0.247383423981538,0.752616576018462,0.46521402620499,0.179237836091752,3.01046630407385,0.440916654701113,0.382222205105854,1.20564618119778,0,0.249493046152241,0.445521745634921,0.202980529208622,4,1244.97414647061,B-R,1
23,3,17,0.445446511627907,0.219246511627907,4,0.375899065266496,0.41628512609973,12.1397825330247,-74.7096676805515,R6,1.27394939104166,0.338968393824542,0.661031606175458,0.476552509343277,0.184632050432383,2.64412642470183,0.447206842564006,0.389840800447116,1.06510203644023,0,0.2026963392777,0.445211274690061,0.218767910943203,4,1349.86429009424,B-R,1
23,4,16,0.445095348837209,0.235025581395349,4,0.361123611405929,0.429042666100616,19.0230132129391,-52.833001285344,R6,1.39749746337922,0.418255760826,0.581744239174,0.490090212866326,0.191072530485368,2.326976956696,0.454556408806794,0.398742501375307,0.943429504316243,0,0.162183276066764,0.444900672919942,0.23456194511447,4,1459.68781210795,B-R,1
23,5,15,0.444744186046512,0.250804651162791,4,0.347445032684251,0.44085313343677,25.9112800391341,-33.2322107671984,R6,1.5475825814071,0.48756659118994,0.51243340881006,0.506535696738643,0.198896369341125,2.04973363524024,0.463257589210315,0.409281260142245,0.8370667311163,0,0.126767873110008,0.444589940241857,0.250362635928083,4,1575.17331174907,B-R,1
23,6,14,0.444393023255814,0.266583720930233,4,0.334745558585159,0.451818214464959,32.6644399668571,-15.4462415609453,R6,1.73378333150706,0.548672416205948,0.451327583794052,0.526938528631766,0.208602892431127,1.80531033517621,0.473720990629347,0.421954398535306,0.743295166510221,0,0.0955449400621182,0.444279076573027,0.266169987593247,4,1696.88859282609,B-R,1
23,7,13,0.444041860465116,0.282362790697674,4,0.3229236959202,0.462025541241952,39.0913693242079,0.791546617160691,R6,1.97091868135043,0.602948778503146,0.397051221496854,0.552922487752091,0.220964602829579,1.58820488598742,0.486542277095459,0.437483377234965,0.660003935070318,0,0.0678116228923651,0.443968081830607,0.281984004322719,4,1825.1432817944,B-R,1
23,8,12,0.443690697674419,0.298141860465116,4,0.31189151059449,0.471551038524005,44.9955604933455,15.6430678130957,R6,2.28319952276468,0.651480019963743,0.348519980036257,0.587140467579763,0.237243598462654,1.39407992014503,0.502619662811195,0.456956101831343,0.585529031199151,0,0.0430138609366397,0.44365695593168,0.297804690332807,4,1959.85509241494,B-R,1
23,9,11,0.443339534883721,0.313920930232558,4,0.301572436485589,0.480460815642105,50.4476081156621,28.5403956824512,R5,2.7130700170451,0.695132466981803,0.304867533018197,0.634243260806474,0.259652465646074,1.21947013207279,0.523373940859968,0.482093418792323,0.518541010749463,0,0.0207089917974965,0.443345698793257,0.313632049843377,4,2100.40511714473,B-R,1
23,10,10,0.442988372093023,0.3297,4,0.291899495916533,0.488812702995309,55.5870051924846,30.3951033975283,R8,3.3423531779517,0.734606600338853,0.265393399661147,0.703196573498597,0.292456584470568,1.06157359864459,0.551193212792458,0.515787766268412,0.457964932357757,0,0.000539094367787543,0.443034310332283,0.329466087077855,4,2245.5368425665,B-R,1
23,11,9,0.442637209302326,0.345479069767442,4,0.282813844258775,0.496657508681265,47.679067205995,13.8900422341619,R8,2.7376743970181,0.634948644044285,0.365051355955715,0.635062422704212,0.3452689323985,1.46020542382286,0.432522633235384,0.529093519899666,0.468581313644868,0.0815731910493796,0,0.442706897144718,0.345266198755468,4,2393.37082514459,R-G,1
23,12,8,0.442286046511628,0.361258139534884,4,0.274263571816394,0.504040052982883,40.5927869780335,-1.39251750844758,R8,2.29739840399653,0.540247961845616,0.459752038154384,0.5855007270793,0.381572984776997,1.83900815261754,0.365488268899252,0.535927620980472,0.480086325949825,0.158276657676278,0,0.442378964268494,0.361068033259758,4,2541.58278711941,R-G,1
23,13,7,0.44193488372093,0.377037209302326,4,0.266202711448431,0.511000025214957,34.7144968772724,-14.8864792329045,R8,1.97911484398377,0.453473758172512,0.546526241827488,0.549671671728121,0.407817847583657,2.18610496730995,0.323599400559361,0.540198158386629,0.490628364907027,0.228560018693176,0,0.442050972369945,0.376872711824788,4,2687.7198725467,R-G,1
23,14,6,0.441583720930233,0.392816279069767,4,0.258590411859034,0.517572697528573,29.8988933531493,-26.6888420331116,R8,1.73829056684126,0.373670834900591,0.626329165099409,0.522562177429073,0.427675612508321,2.50531666039764,0.294941967706104,0.543119761280535,0.500323475785837,0.293196943367862,0,0.441722921433134,0.39268023521845,4,2829.54993578592,R-G,1
23,15,5,0.441232558139535,0.408595348837209,4,0.251390245162795,0.523789522778556,25.9537863961117,-36.9700722274994,R8,1.54971667071982,0.300031544658448,0.699968455341552,0.501334488001281,0.443224942270834,2.79987382136621,0.274101918828868,0.545244387984562,0.509269778185083,0.352841591224433,0,0.44139481144212,0.408490604208914,4,2965.3205361585,R-G,1
23,16,4,0.440881395348837,0.424374418604651,4,0.244569623951901,0.529678637843988,22.6522961389332,-45.95707212682,R8,1.39805259880443,0.23186835970171,0.76813164029829,0.484261722988775,0.45573078064954,3.07252656119316,0.258264450545623,0.54685900550475,0.517550798590271,0.408050830071772,0,0.441066642380955,0.424303819564624,4,3093.86611176103,R-G,1
23,17,3,0.44053023255814,0.440153488372093,4,0.23809930818116,0.535265289397474,19.7162712317622,-53.9239130510456,R8,1.27342773114655,0.168592341060437,0.831407658939563,0.470232750580434,0.466007034169666,3.32563063575825,0.24582131242057,0.548127573716759,0.525238086117401,0.459301675065178,0,0.440738414233687,0.440119882054305,4,3214.57776127982,R-G,1
23,18,2,0.440179069767442,0.455932558139535,4,0.231952986129536,0.540572195714659,16.7687426692528,-61.2062871943585,R8,1.16920292585359,0.109696078569156,0.890303921430844,0.458500205180798,0.474601149793656,3.56121568572338,0.235786899823314,0.549150574242762,0.532393285097454,0.507005106545976,0,0.440410126984357,0.455938792446954,4,3327.29461208274,R-G,1
23,19,1,0.439827906976744,0.471711627906977,4,0.22610691677277,0.545619855459713,13.2235880901219,-68.2674782362599,R8,1.08074814928853,0.0547400549013912,0.945259945098609,0.448542885721701,0.481894908464229,3.78103978039444,0.227523518125864,0.549993019551954,0.539069791684838,0.551517114585203,0,0.440081780616999,0.471760551511849,4,3432.17322122843,R-G,1
23,20,0,0.439476744186046,0.487490697674419,4,0.220539623317506,0.550426812296535,8.01594843098762,-75.8957914339573,R8,1.00473594351539,0.00334165781288912,0.996658342187111,0.439986221570081,0.488162684003964,3.98663336874844,0.220600319647558,0.550698834228826,0.545314088739824,0.593147598592523,0,0.439753375115643,0.487585160018543,4,3529.57136270999,R-G,1
24,0,19,0.4593,0.178148837209302,4,0.435439437784208,0.380011575031005,-28.328898208397,-149.79963685053,R6,1.00756185214539,0.0145595250235984,0.985440474976402,0.460263379963322,0.176882596274706,3.94176189990561,0.438130724955551,0.378847922517914,1.574424346007,0,0.337841428317101,0.458951819311699,0.177663557920147,4,1016.46702440497,B-R,1
24,1,18,0.458948837209302,0.193927906976744,4,0.41635214022148,0.395839706493556,-0.128327828149546,-116.689475481356,R6,1.0833072283504,0.137045401714154,0.862954598285846,0.46953292370235,0.181292525288873,3.45181839314338,0.443327350160829,0.385142008710916,1.38552533487372,0,0.277746570358704,0.458644279407306,0.193440370300557,4,1110.4329388996,B-R,1
24,2,17,0.458597674418605,0.209706976744186,4,0.398842288038493,0.41035974220481,9.87769748200144,-90.5452687934311,R6,1.17136696508579,0.241098766298218,0.758901233701782,0.480309470367148,0.186419401772505,3.03560493480713,0.449263783894532,0.392332141561178,1.22505313835529,0,0.226695197468014,0.458336609955733,0.209223828457706,4,1206.90484314796,B-R,1
24,3,16,0.458246511627907,0.225486046511628,4,0.382722092088243,0.423727406216131,15.9874347698473,-68.2017668072563,R6,1.27500979507032,0.3305892315392,0.6694107684608,0.492993039898548,0.192453532777704,2.6776430738432,0.456110115747112,0.400624331412057,1.08703999882749,0,0.182788773783965,0.458028810875109,0.225013936591649,4,1306.71293369407,B-R,1
24,4,15,0.457895348837209,0.24126511627907,4,0.367832433033275,0.436074648154393,21.8826972254833,-48.3260271796466,R6,1.3987736204582,0.408374098255737,0.591625901744263,0.508138970253917,0.199659116957589,2.36650360697705,0.464092903294463,0.410292981910926,0.967079356826215,0,0.144625430850538,0.457720882083491,0.240810698905981,4,1410.57825361517,B-R,1
24,5,14,0.457544186046512,0.257044186046512,4,0.354037591211322,0.447514013478132,27.9559512085576,-30.2788457750325,R6,1.54914771833,0.476609067286206,0.523390932713794,0.526541404135384,0.208413962869097,2.09356373085518,0.473520726534251,0.421711841216642,0.86184666777808,0,0.111147523989151,0.457412823498871,0.25661411960784,4,1519.1153652481,B-R,1
24,6,13,0.457193023255814,0.272823255813954,4,0.341221097795609,0.458142083900681,34.0349639487391,-13.7236864655248,R6,1.73574799043794,0.536951128993222,0.463048871006778,0.549377113332174,0.219277912528453,1.85219548402711,0.48482500087631,0.435403434173162,0.768786503666298,0,0.0815420892633075,0.457104635039167,0.272424202907913,4,1632.80158900496,B-R,1
24,7,12,0.456841860465116,0.288602325581395,4,0.329282438448748,0.468042210883442,39.887763496227,1.52936584638431,R6,1.97345791255815,0.590694895972931,0.409305104027069,0.57846750314462,0.233117488421191,1.63722041610828,0.498627852751424,0.452121272381498,0.685902299288251,0,0.0551739549929846,0.456796316622232,0.288240953020437,4,1751.91601338358,B-R,1
24,8,11,0.456490697674419,0.304381395348837,4,0.318134411874105,0.477286706055771,45.2860727829365,15.5932261338657,R6,2.28660784954773,0.63886653100439,0.36113346899561,0.616790067282954,0.251349215057247,1.44453387598244,0.515860594737088,0.472993349761517,0.611611495581105,0,0.0315396581821546,0.456487868165846,0.304064374163203,4,1876.45370955853,B-R,1
24,9,10,0.456139534883721,0.320160465116279,4,0.307700996333755,0.485938610403852,50.2849097859043,27.584360173694,R5,2.71788392274767,0.682289899633268,0.317710100366732,0.669568634430114,0.276458297137356,1.27084040146693,0.537983051062481,0.49978778680722,0.544643518409387,0,0.0102349882860475,0.456179289587724,0.319894470557562,4,2006.03034832428,B-R,1
24,10,9,0.455788372093023,0.335939534883721,4,0.297915613706407,0.494053133799739,48.459910268878,21.819938545065,R8,2.73451020723319,0.652544191620999,0.347455808379001,0.670674018045875,0.319183359532915,1.389823233516,0.488753556510871,0.523360821195985,0.517438821778078,0.0415851630268345,0,0.455861936365744,0.335711676181752,4,2139.80704426624,R-G,1
24,11,8,0.455437209302326,0.351718604651163,4,0.288719707267307,0.501678834376631,40.3857655543739,5.08554702295498,R8,2.29516970048213,0.554485592557718,0.445514407442281,0.615438859672817,0.359643236004578,1.78205762976913,0.404571852098067,0.531943080203126,0.527063997319972,0.122163003262633,0,0.455535207533457,0.351511668827864,4,2276.47615684449,R-G,1
24,12,7,0.455086046511628,0.367497674418605,4,0.280061568978509,0.508858590997791,33.518293439046,-10.0349997373397,R8,1.97746067439386,0.464847582704233,0.535152417295767,0.575495562610797,0.388901790023471,2.14060966918307,0.353290697425159,0.537171153864238,0.535862629855086,0.195821380049844,0,0.455208419899208,0.367314505026444,4,2414.3434497251,R-G,1
24,13,6,0.45473488372093,0.383276744186046,4,0.271895366671348,0.515630409964973,27.7870156410169,-23.5430080418947,R8,1.73701434269053,0.382590163678384,0.617409836321616,0.54526595480598,0.411045045037045,2.46963934528646,0.31877536801039,0.54068996473675,0.543936802903755,0.263414892824758,0,0.454881573447121,0.3831201855452,4,2551.50876602134,R-G,1
24,14,5,0.454383720930233,0.399055813953488,4,0.264180332468214,0.522028098019239,23.0464641349289,-35.5075676499067,R8,1.54870224228784,0.30683782744203,0.69316217255797,0.521590813248409,0.428387138933089,2.77264869023188,0.293958974787253,0.543219976640757,0.551372454044488,0.325662974125637,0,0.454554668161314,0.398928711152117,4,2686.10003562931,R-G,1
24,15,4,0.454032558139535,0.41483488372093,4,0.256880082103103,0.528081826794032,19.110257794979,-46.0689013866701,R8,1.39722695704996,0.236848272714303,0.763151727285697,0.502546902566029,0.442336845903103,3.05260690914279,0.275256994176372,0.54512662895516,0.558242445628996,0.383175596301547,0,0.454227704025901,0.414740082615455,4,2816.48977319475,R-G,1
24,16,3,0.453681395348837,0.430613953488372,4,0.249962041154436,0.533818608611308,15.7394238272771,-55.4385131512602,R8,1.27274269088676,0.171987999367705,0.828012000632295,0.486896380816223,0.453800887925712,3.31204800252918,0.260657520168605,0.546615033926011,0.564608960372424,0.436473326365993,0,0.453900681024989,0.430554300703752,4,2941.43324896827,R-G,1
24,17,2,0.45333023255814,0.446393023255814,4,0.243396959098792,0.539262699452228,12.5975649629805,-63.9117334812894,R8,1.16862540669201,0.111713078949818,0.888286921050182,0.473806454907962,0.463389287794043,3.55314768420073,0.248944075334487,0.547809210477002,0.570525388868629,0.486003127465065,0,0.45357359914268,0.44637136618582,4,3060.11111050863,R-G,1
24,18,1,0.452979069767442,0.462172093023256,4,0.237158495893458,0.544435941783355,9.14206633896031,-71.9242718725555,R8,1.08025468941661,0.0555538642997957,0.944446135700204,0.46269623290648,0.471527550143481,3.77778454280082,0.23933786862093,0.548788555747651,0.576037830454222,0.532150923467302,0,0.45324645836307,0.462191279830753,4,3172.09444686099,R-G,1
24,19,0,0.452627906976744,0.477951162790698,4,0.231222868765014,0.549358057457035,4.34736494013251,-80.238594462552,R8,1.00430944191453,0.00310272794326838,0.996897272056732,0.453148176879323,0.478521522439064,3.98758908822693,0.231317192076895,0.54960625745604,0.581186296775646,0.575251674710903,0,0.452919258670249,0.478014042407916,4,3277.26888082483,R-G,1
25,0,18,0.4721,0.184388372093023,4,0.442407752264037,0.38878077058446,-21.1977488522233,-133.91345180111,R6,1.00822503740771,0.015290461986386,0.984709538013614,0.473253150244561,0.183062400422931,3.93883815205446,0.445389315770963,0.38763943516838,1.5840169795855,0,0.308923548758034,0.471763631981841,0.18390252414196,4,1000.00008696779,B-R,1
25,1,17,0.471748837209302,0.200167441860465,4,0.42323436750193,0.40406017233825,5.70681362538288,-104.11900516037,R6,1.084073912009,0.133900641418213,0.866099358581787,0.483506476043397,0.187940357764199,3.46439743432715,0.451003621353141,0.394439410508566,1.40025006748606,0,0.252981520020645,0.47145876267433,0.199682060160089,4,1078.94132492709,B-R,1
25,2,16,0.471397674418605,0.215946511627907,4,0.405628746469276,0.418090212428748,14.5829519798857,-81.4654577452517,R6,1.17226341050818,0.235177285038094,0.764822714961906,0.495428019571914,0.193611959536647,3.05929085984762,0.457407456937262,0.402195654520801,1.24333861051859,0,0.205214785875655,0.471153764933116,0.215468243696323,4,1171.6328921987,B-R,1
25,3,15,0.471046511627907,0.231725581395349,4,0.389406153213202,0.431018108203195,19.7894298115221,-61.6410133708276,R6,1.27607196587789,0.322661310545916,0.677338689454084,0.509460962638075,0.20028804678796,2.70935475781634,0.464779964043812,0.41112514113069,1.10779654066748,0,0.163953286293876,0.470848638677024,0.231261078952193,4,1267.03834587769,B-R,1
25,4,14,0.470695348837209,0.247504651162791,4,0.374409779098989,0.442968821537548,24.760253680894,-43.6741836457596,R6,1.40005211037207,0.398990664531087,0.601009335468913,0.526220721049363,0.208261399842781,2.40403734187565,0.473358913906788,0.421515855825329,0.989536794736803,0,0.127952844050224,0.470543383824808,0.247060570132772,4,1365.79846306428,B-R,1
25,5,13,0.470344186046512,0.263283720930233,4,0.360505657632992,0.454049111248957,30.0556393388876,-27.1189811660619,R6,1.55071602423861,0.466170905934741,0.533829094065259,0.546587617764998,0.217950826990814,2.13531637626104,0.483466830389775,0.433758435396193,0.885452089899642,0,0.0962675450886116,0.470238000295156,0.262866721446676,4,1468.44806529552,B-R,1
25,6,12,0.469993023255814,0.279062790697674,4,0.347578651371374,0.464350731155703,35.4827439866544,-11.7524989521663,R6,1.73771710697721,0.525753991777442,0.474246008222558,0.57186660886583,0.229977153144826,1.89698403289023,0.495552446411888,0.448396379433689,0.793137924697976,0,0.068165414930462,0.469932488006687,0.278679537106073,4,1575.40104277785,B-R,1
25,7,11,0.469641860465116,0.294841860465116,4,0.335529256171983,0.473952976790785,40.7700289534193,2.54403058925239,R6,1.97600369503841,0.578959654366957,0.421040345633043,0.604078425240535,0.245301728725795,1.68416138253217,0.510259132987397,0.466208930707484,0.710704525076491,0,0.0430711715878388,0.469626846877951,0.294499021326683,4,1686.91256112229,B-R,1
25,8,10,0.469290697674419,0.310620930232558,4,0.324271034953202,0.482924730457084,45.6576702297216,15.8370496534565,R6,2.29002636734431,0.626759783843205,0.373240216156795,0.646528320302249,0.265497007927382,1.49296086462718,0.528543264969752,0.488354438246544,0.636646107545369,0,0.0205264268650798,0.469321076827428,0.310325178327781,4,1803.02312580392,B-R,1
25,9,9,0.468939534883721,0.3264,4,0.313728540889388,0.491326116247157,50.1884261626907,26.7877592196639,R5,2.72271494181558,0.669938335023507,0.330061664976493,0.705019589247364,0.293323873117141,1.32024665990597,0.551890925897235,0.516632827485256,0.569748063403278,0,0.00016143152877659,0.469015177773532,0.326158012332202,4,1923.49450037843,B-R,1
25,10,8,0.468588372093023,0.342179069767442,4,0.303835624494375,0.499209849139995,41.2555545969534,13.7884191367195,R8,2.29294531690233,0.56951707880828,0.430482921191721,0.645318962665701,0.337755994043806,1.72193168476688,0.447948878760596,0.527520826218437,0.576661028986447,0.0840357396221488,0,0.468689815446802,0.341956492274281,4,2047.75485377785,R-G,1
25,11,7,0.468237209302326,0.357958139534884,4,0.294534044280605,0.506622342176289,33.4270793516047,-2.65142082082883,R8,1.97580926764708,0.476827628935635,0.523172371064365,0.601276321664675,0.370017326623899,2.09268948425746,0.385578423330298,0.533879445429462,0.583507868605681,0.161337781027684,0,0.468364231779997,0.357757486442329,4,2174.87692907634,R-G,1
25,12,6,0.467886046511628,0.373737209302326,4,0.285772319326502,0.513604620855353,26.7764967679909,-17.6327229905467,R8,1.73573999113025,0.391964819064806,0.608035180935194,0.567936419165931,0.394438879424849,2.43214072374078,0.344339867359908,0.538083683997534,0.58977656530872,0.232112485715633,0,0.468038589515697,0.37356132442222,4,2303.61447382242,R-G,1
25,13,5,0.46753488372093,0.389516279069767,4,0.277504775997438,0.520193082809722,21.193377540192,-31.1585403688767,R8,1.54768914105571,0.313977491783875,0.686022508216125,0.541820636683238,0.413568748231851,2.7440900328645,0.315049377882833,0.541069826519732,0.595537379759113,0.297153109118413,0,0.46771288863808,0.389368006981754,4,2432.50384353806,R-G,1
25,14,4,0.467183720930233,0.405295348837209,4,0.269690751544027,0.526420132463134,16.5266803337609,-43.2888371503958,R8,1.39640228991112,0.242062612566671,0.757937387433329,0.520810497694674,0.428958721813322,3.03174954973332,0.293171418023335,0.543300267437646,0.600849630990654,0.357129373715524,0,0.46738712913132,0.405177534889007,4,2560.01639467135,R-G,1
25,15,3,0.466832558139535,0.421074418604651,4,0.262293925262342,0.532314714033531,12.5805890956755,-54.1561281903668,R8,1.2720583872653,0.175537516467832,0.824462483532168,0.503542092296558,0.441607867210019,3.29784993412867,0.276208215052521,0.545029652729874,0.605763746505081,0.412610615002483,0,0.467061310979585,0.420989908912331,4,2684.72142241233,R-G,1
25,16,2,0.466481395348837,0.436853488372093,4,0.255281753998581,0.537902761383269,9.0727741967663,-63.9874837315177,R8,1.16804845777143,0.113818169484292,0.886181830515709,0.489097591281937,0.452188496359287,3.54472732206283,0.262670894952701,0.546409771939501,0.610322868074805,0.464083911290244,0,0.466735434167038,0.436805129820355,4,2805.41656288024,R-G,1
25,17,1,0.46613023255814,0.452632558139535,4,0.248624993487791,0.543207579467562,5.52872664324503,-73.1616660860439,R8,1.0797616799577,0.0564019768564914,0.943598023143509,0.47683666140809,0.461169654786915,3.77439209257403,0.251616810794955,0.547536727184589,0.614564121669575,0.511968421403971,0,0.466409498677834,0.452623198381984,4,2921.2008782726,R-G,1
25,18,0,0.465779069767442,0.468411627906977,4,0.2422972906763,0.548250169215536,1.00206267063184,-82.3889278482133,R8,1.00388330225241,0.00285406612127875,0.997145933878721,0.46629896266062,0.468888542578249,3.98858373551489,0.242420092772424,0.548474325403056,0.618519630708121,0.556626824474879,0,0.466083504496125,0.4684441153664,4,3031.48646407824,R-G,1
26,0,17,0.4849,0.190627906976744,4,0.449217020552335,0.397349816279639,-15.8297653710968,-120.79072383073,R6,1.00888909627272,0.0159735496415931,0.984026450358407,0.486260031729726,0.189250345122276,3.93610580143363,0.452494435624463,0.396245065746494,1.59298165083897,0,0.281898719604163,0.484577734003237,0.190142605208761,4,1000.00008696779,B-R,1
26,1,16,0.484548837209302,0.206406976744186,4,0.429966136111782,0.412100923054065,11.339396362601,-91.9053674567911,R6,1.08484168163862,0.130946008819281,0.869053991180719,0.497499821258319,0.1945976065788,3.47621596472288,0.458507048046289,0.403527465252552,1.41408456388412,0,0.229713729105875,0.484275536252084,0.2059248655862,4,1049.42033033242,B-R,1
26,2,15,0.484197674418605,0.222186046511628,4,0.412272842030227,0.425658516784072,19.0880506897285,-72.5109997397458,R6,1.17316122907818,0.229588383518831,0.770411616481169,0.510569726906679,0.200815534640184,3.08164646592468,0.465355022942433,0.411821645136847,1.26059707992254,0,0.184940820678571,0.483973211181308,0.221713775223726,4,1138.77405301826,B-R,1
26,3,14,0.483846511627907,0.23796511627907,4,0.395955451348183,0.438161816202555,23.531668820368,-55.0650270455457,R6,1.27713590788359,0.315149135695313,0.684850864304687,0.525956346077652,0.208135625059125,2.73940345721875,0.47322544852912,0.421354204261546,1.127464593834,0,0.146105545941553,0.48367075871043,0.237509338324344,4,1230.32361313929,B-R,1
26,4,13,0.483495348837209,0.253744186046512,4,0.380859476971524,0.449729197980869,27.642897551318,-38.9163227743704,R6,1.40133293952338,0.390068705514222,0.609931294485778,0.544335555804118,0.216879422220246,2.43972517794311,0.482365787343619,0.432424866096704,1.0108897819845,0,0.112100210515151,0.483368178758902,0.253311559094608,4,1324.65318550289,B-R,1
26,5,12,0.483144186046512,0.269523255813953,4,0.366852725278955,0.460461956281818,32.1979710113882,-23.792144110357,R6,1.55228750876721,0.456216036992887,0.543783963007113,0.566674460773663,0.227507020292322,2.17513585202845,0.493110367322148,0.445438564376075,0.907964568450695,0,0.0820765171072688,0.483065471246111,0.269120441744613,4,1422.24080497785,B-R,1
26,6,11,0.482793023255814,0.285302325581395,4,0.353821414784585,0.470447276857958,36.9958142186008,-9.57270047217099,R6,1.73969069631287,0.51504661522599,0.48495338477401,0.594407188696661,0.240700696804651,1.93981353909604,0.505922163222737,0.460956048223774,0.816424219178823,0,0.0553738338032739,0.482762636091374,0.284935990488008,4,1523.45493164982,B-R,1
26,7,10,0.482441860465116,0.301081395348837,4,0.341667078412965,0.47976061070211,41.7255631690739,3.79529432957267,R6,1.97855605417761,0.567710809134193,0.432289190865807,0.629755509430417,0.257517445243902,1.72915676346323,0.521461260615713,0.479776804866662,0.734478760723922,0,0.0314700182429566,0.482459673213939,0.300758209541996,4,1628.53229004075,B-R,1
26,8,9,0.482090697674419,0.316860465116279,4,0.330304070822123,0.488467584076176,46.0945105227635,16.3347351698781,R6,2.29345512193007,0.615129842592236,0.384870157407764,0.676355624847646,0.279687166519042,1.53948062963105,0.540702250580687,0.503081246594578,0.660694769213851,0,0.00994693499202282,0.482156582532989,0.316587103127336,4,1737.54119308818,B-R,1
26,9,8,0.481739534883721,0.332639534883721,4,0.319657547246968,0.496625547234623,43.213165584561,15.9047012324976,R5,2.29072524070919,0.5854107198685,0.4145892801315,0.675141204614265,0.315911135426808,1.658357120526,0.496367936722023,0.52258454108136,0.629102777315218,0.0437216261134044,0,0.481842788313426,0.33240250337754,4,1850.33814269382,R-G,1
26,10,7,0.481388372093023,0.348418604651163,4,0.309661812983994,0.50428483914182,34.3756569066771,5.61880596128722,R5,1.97416061682733,0.489463691047976,0.510536308952024,0.627014056859677,0.351164378296732,2.04214523580809,0.420818727195534,0.530286723978033,0.633762115090289,0.124965893082966,0,0.481518408317293,0.348201655850889,4,1966.52774231258,R-G,1
26,11,6,0.481037209302326,0.364197674418605,4,0.300258966572409,0.511489827142716,26.7949272469049,-9.42121938180014,R8,1.734467508042,0.401830580563997,0.598169419436003,0.590573643774943,0.377857062004214,2.39267767774401,0.37183117652879,0.535280966502343,0.638017715988454,0.199170252624431,0,0.481193969943926,0.364003651627873,4,2085.44202198633,R-G,1
26,12,5,0.480686046511628,0.379976744186046,4,0.291397777456658,0.518279766960727,20.351329914558,-24.2944942500423,R8,1.54667736442053,0.321475646891743,0.678524353108257,0.562024010281155,0.398769732095033,2.71409741243303,0.337491718156858,0.538781847459418,0.641919877237999,0.267211730967673,0,0.480869473177564,0.379808491476106,4,2206.15373307154,R-G,1
26,13,4,0.48033488372093,0.395755813953488,4,0.283032752177792,0.524689518234252,14.9083222270726,-37.8561534381999,R8,1.39557859566325,0.247528331553159,0.752471668446841,0.539052546570693,0.415596380401556,3.00988667378736,0.312084834672583,0.541372059384292,0.645510874520121,0.329827483668971,0,0.480544918002442,0.395616176163479,4,2327.53431178479,R-G,1
26,14,3,0.479983720930233,0.41153488372093,4,0.275123353152929,0.530750143131647,10.3007120292343,-50.1751635230246,R8,1.27137481909464,0.179251591876558,0.820748408123442,0.520169913908535,0.429427950862724,3.28299363249377,0.292526283300329,0.543366038418715,0.648826499779647,0.387641610216581,0,0.480220304402788,0.41142670645816,4,2448.35095014602,R-G,1
26,15,2,0.479632558139535,0.427313953488372,4,0.26763334172491,0.536489409743399,6.29748480948253,-61.4070045017216,R8,1.16747207824768,0.116017249856555,0.883982750143445,0.504373636676009,0.440998759100904,3.53593100057378,0.277005171624487,0.544948403629897,0.651897258322955,0.441186027671421,0,0.479895632362825,0.427240083128591,4,2567.38358745104,R-G,1
26,16,1,0.479281395348837,0.443093023255814,4,0.260530223015267,0.541932217466906,2.50296095371034,-71.8569263114838,R8,1.07926912029541,0.0572866081525728,0.942713391847427,0.490964188906049,0.450821209444242,3.77085356738971,0.264388298940325,0.546234683944496,0.654749310135392,0.490916884296669,0,0.47957090186677,0.443056306943493,4,2683.53368437927,R-G,1
26,17,0,0.47893023255814,0.458872093023256,4,0.253784774638775,0.547100958131797,-1.91696150252797,-82.1594303433387,R8,1.0034575240685,0.00259506539151472,0.997404934608485,0.479438593126006,0.459263734011173,3.98961973843394,0.253930261732552,0.547300872668631,0.657405216986245,0.537227586729865,0,0.479246112898834,0.458875378671863,4,2795.9023371986,R-G,1
27,0,16,0.4977,0.196867441860465,4,0.455872626362355,0.405725487188827,-10.4893349670474,-107.595763113031,R6,1.00955403046773,0.0166133376103408,0.983386662389659,0.49928405825155,0.195446446468456,3.93354664955864,0.459450900934954,0.404670647837421,1.60137806785519,0,0.256586945312372,0.497394125989571,0.196383801419395,4,1000.00008696779,B-R,1
27,1,15,0.497348837209302,0.212646511627907,4,0.436552326673253,0.419967788292739,16.7747394201523,-80.068558653015,R6,1.08561053954824,0.128164767573241,0.871835232426759,0.511513001430419,0.201264291753552,3.48734092970704,0.465843403085959,0.412413164939965,1.42710718876626,0,0.207811398569161,0.497094600754638,0.212168786877992,4,1021.63459819515,B-R,1
27,2,14,0.496997674418605,0.228425581395349,4,0.418779007847122,0.433069705054432,23.3962243373057,-63.710376305023,R6,1.17406042395322,0.224304808099894,0.775695191900106,0.525734645621598,0.208030152416551,3.10278076760042,0.473113481287522,0.421218590966075,1.2769127055239,0,0.16577443819885,0.496794949314765,0.227960423339271,4,1108.01861767319,B-R,1
27,3,13,0.496646511627907,0.244204651162791,4,0.402374021422717,0.445162931351214,27.2005619235786,-48.50572646881,R6,1.2782016255214,0.30802083950394,0.69197916049606,0.542479258961771,0.21599630029597,2.76791664198424,0.481455167292322,0.431321934700745,1.1461275924019,0,0.12916984062209,0.49649517159017,0.243758715007717,4,1196.16015308849,B-R,1
27,4,12,0.496295348837209,0.259983720930233,4,0.387185206889639,0.45635963499829,30.5184097883118,-34.0857714212576,R6,1.4026161143381,0.381574995422465,0.618425004577535,0.562483565401303,0.225513227327076,2.47370001831014,0.491124244403687,0.443032997619789,1.03121783806861,0,0.0970084943143413,0.496195267501006,0.259563666091361,4,1286.60327598318,B-R,1
27,5,11,0.495944186046512,0.275762790697674,4,0.373082157989944,0.46675594727837,34.3703345266496,-20.3322500852179,R6,1.55386218158916,0.446711654876094,0.553288345123906,0.58680205680725,0.23708260159739,2.21315338049562,0.502464936900267,0.456768699780743,0.92945829175284,0,0.0685276744903936,0.495895236967355,0.27537528080178,4,1379.78530480033,B-R,1
27,6,10,0.495593023255814,0.291541860465116,4,0.35995246914675,0.476434729953305,38.5606080452581,-7.21841553060278,R6,1.741668773702,0.504797553987471,0.495202446012529,0.616999027077527,0.251448626407667,1.98080978405012,0.51595175164871,0.473103757850646,0.838713774141756,0,0.0431297796523746,0.495595079909235,0.291193563354105,4,1476.0418706591,B-R,1
27,7,9,0.495241860465116,0.307320930232558,4,0.347698733156235,0.485467788468603,42.7372206330474,5.24915403946669,R6,1.98111501549347,0.556918734367264,0.443081265632736,0.655499012426081,0.269764760104599,1.77232506253095,0.532257556697206,0.492853141030575,0.757287620062335,0,0.0203399411826086,0.495294796246594,0.307018517967021,4,1575.59555658311,B-R,1
27,8,8,0.494890697674419,0.3231,4,0.336236120382842,0.49391765649256,46.4076080614935,16.8442464857543,R6,2.28850945940331,0.602242881159753,0.397757118840248,0.704905753422651,0.294108537163426,1.59102847536099,0.550762379936468,0.517039070085354,0.684641213279679,0.00102696235939299,0,0.494994126438153,0.322849701916225,4,1678.53245329365,R-G,1
27,9,7,0.494539534883721,0.338879069767442,4,0.32549041216663,0.501839045624862,36.4145971261649,5.20232104560735,R5,1.97251471504159,0.502811170099678,0.497188829900322,0.652708875805659,0.332342866217511,1.98875531960129,0.459436015547167,0.526349721596114,0.686845702069274,0.0865462487272445,0,0.494670949816001,0.338647013030627,4,1784.772498661,R-G,1
27,10,6,0.494188372093023,0.354658139534884,4,0.315396392030676,0.509280031346543,27.8203738906289,-5.73801628409596,R4,1.73319688931942,0.412227077244394,0.587772922755606,0.61317770168434,0.361299539264882,2.35109169102242,0.401475663255822,0.532258734237034,0.688854031354632,0.164455870262196,0,0.494347715036796,0.354447166940578,4,1894.04086728568,R-G,1
27,11,5,0.493837209302326,0.370437209302326,4,0.305896520976276,0.516283029549589,20.4781060862376,-18.4166442036848,R4,1.54566690978619,0.329359988432391,0.670640011567609,0.582200985881725,0.383990052550038,2.68256004627043,0.361420292799918,0.536342347966138,0.690691267849557,0.235728246278155,0,0.494024422084837,0.370250164413509,4,2005.8498133169,R-G,1
27,12,4,0.493486046511628,0.386216279069767,4,0.296939840012762,0.522885605556523,14.2259168067151,-30.1222521293444,R8,1.39475587258571,0.253264056853527,0.746735943146473,0.5572730873,0.402249793755138,2.98694377258589,0.332083203708686,0.539333241282599,0.692378381812607,0.301176881273378,0,0.49370107094442,0.386056006217125,4,2119.50204681712,R-G,1
27,13,3,0.49313488372093,0.401995348837209,4,0.288481055710496,0.529121148221209,8.90490402392644,-43.754566431991,R8,1.27069198518977,0.183141940727376,0.816858059272624,0.536779874477191,0.417261117769423,3.2674322370905,0.309669962687579,0.541618253696809,0.693933051014763,0.361487553450074,0,0.493377661599834,0.401864693119409,4,2234.12313981645,R-G,1
27,14,2,0.492783720930233,0.417774418604651,4,0.280479774130504,0.535019434651192,4.31841505963667,-56.3184473886058,R8,1.16689626727825,0.118316758608294,0.881683241391706,0.519634613419325,0.429820059662746,3.52673296556683,0.291988140718372,0.543420901634581,0.69537028251507,0.417242435412635,0,0.493054194035361,0.417676225888618,4,2348.72337332299,R-G,1
27,15,1,0.492432558139535,0.433553488372093,4,0.272899855782429,0.540607105711866,0.142789369795205,-68.0501549496154,R8,1.07877700981445,0.0582101687680322,0.941789831231968,0.505078833047631,0.440482201188796,3.76715932492787,0.277682575914639,0.544879342791664,0.69670289866007,0.468938947665539,0,0.492730668235279,0.433490605293287,4,2462.27981725681,R-G,1
27,16,0,0.492081395348837,0.449332558139535,4,0.26570886987555,0.545908068335004,-4.32928345767442,-79.499799744833,R8,1.00303210690306,0.00232506725481095,0.997674932745189,0.492567082463416,0.449647086345142,3.99069973098076,0.265870526287685,0.546083572024261,0.697941920683103,0.517004639677196,0,0.49240708418386,0.449307832102229,4,2573.82128851009,R-G,1
28,0,15,0.5105,0.203106976744186,4,0.46237971313353,0.413914256014475,-5.19752049182007,-94.3602692851647,R6,1.01021984172461,0.0172138164483718,0.982786183551628,0.512325263732016,0.20165072059965,3.93114473420651,0.466263328667942,0.412921773450919,1.60925860168796,0,0.232830348505807,0.510212808554745,0.202626113072815,4,1000.00008696779,B-R,1
28,1,14,0.510148837209302,0.218886046511628,4,0.442997610974573,0.427666348264574,21.7799731546204,-69.013559097058,R6,1.08638048805338,0.125542089671474,0.874457910328526,0.52554605876239,0.207940433366129,3.4978316413141,0.473018205071455,0.421103193627922,1.43938737141854,0,0.187157757545521,0.509915956796281,0.218413824334672,4,1000.00008696779,B-R,1
28,2,13,0.509797674418605,0.23466511627907,4,0.425151494875502,0.440328619512947,27.5200521495654,-55.0868242240595,R6,1.17496099830043,0.219302203740141,0.780697796259859,0.540922829130208,0.215255838276914,3.12279118503943,0.480689502174136,0.43039457087163,1.29236069543485,0,0.147627289544533,0.509618979948164,0.234208188342425,4,1079.11320895684,B-R,1
28,3,12,0.509446511627907,0.250444186046512,4,0.40866573887867,0.452025680823518,30.7828252995159,-41.9901387652234,R6,1.2792691232401,0.301247730258206,0.698752269741794,0.559029770264571,0.223870105312523,2.79500907896718,0.489477284634966,0.441038220946227,1.16386065578195,0,0.113078003357935,0.50932187793131,0.250009209302035,4,1164.21894389828,B-R,1
28,4,11,0.509095348837209,0.266223255813954,4,0.393390508964953,0.462863843226754,33.3751901960914,-29.211180433572,R6,1.4039016412658,0.373479423353981,0.626520576646018,0.580664841057224,0.234162858558874,2.50608230658407,0.499644422554619,0.453352528766124,1.0505930276222,0,0.0826241940708807,0.509024650666571,0.265816891423012,4,1251.22182432255,B-R,1
28,5,10,0.508744186046512,0.282002325581395,4,0.379197196062423,0.472934358115662,36.5598180866279,-16.7685835350708,R6,1.55544005241713,0.437627857402662,0.562372142597338,0.606970530013851,0.246677629968718,2.24948857038935,0.511543335705047,0.467764340665848,0.950000882215578,0,0.055578390589694,0.508727298074728,0.281631238918416,4,1340.52992063065,B-R,1
28,6,9,0.508393023255814,0.297781395348837,4,0.365974786279356,0.482315992657368,40.161209453294,-4.71904949221795,R6,1.74365135447117,0.494977998259517,0.505022001740483,0.639642299054712,0.262221025231079,2.02008800696193,0.52565767607149,0.484859449763484,0.860069244854254,0,0.0313988348104246,0.508429820076498,0.29745225600486,4,1432.45505675911,B-R,1
28,7,8,0.508041860465116,0.313560465116279,4,0.353626951392441,0.49107709416541,43.7805923367177,6.87646662196448,R6,1.9836806046359,0.546556162260696,0.453443837739304,0.681309192269134,0.282043796069608,1.81377535095722,0.542669682602016,0.505464175174561,0.779188733116809,0,0.0096528185875233,0.50813221659253,0.313279946902513,4,1527.20911941917,B-R,1
28,8,7,0.507690697674419,0.329339534883721,4,0.342069698187621,0.499277257951925,39.7169701451466,7.0864104042475,R5,1.97087155541977,0.516931886060628,0.483068113939373,0.678360885753908,0.31355271182443,1.93227245575749,0.501940127809807,0.522016460552625,0.743004490632655,0.0459009041519558,0,0.507821856580949,0.3290935577601,4,1624.8899587762,R-G,1
28,9,6,0.507339534883721,0.345118604651163,4,0.331229455304612,0.506968684759916,29.9277207240979,-5.14456076908225,R5,1.73192813086816,0.423198319773983,0.576801680226017,0.635748665731543,0.34476625785328,2.30720672090407,0.433536599697315,0.528990146810922,0.742500712764596,0.127822384976802,0,0.507499825099218,0.344891870138812,4,1725.46160476969,R-G,1
28,10,5,0.506988372093023,0.360897674418605,4,0.321041505443959,0.514197293152033,21.5823979965488,-18.5545050489739,R4,1.54465777456337,0.337661140368305,0.662338859631695,0.602351615189132,0.369229671723437,2.64935543852678,0.386987795707362,0.533735761016538,0.742040986973849,0.202580368483636,0,0.507177735664894,0.360693025572357,4,1828.73360742206,R-G,1
28,11,4,0.506637209302326,0.376676744186047,4,0.311448692325508,0.521003636956279,14.4629591511274,-30.4075534319632,R4,1.39393411896193,0.259290302619683,0.740709697380317,0.575472157898705,0.388918934027182,2.96283878952127,0.353262637931467,0.537174014507702,0.741619777207455,0.27107509599904,0,0.506855588262333,0.376497024828256,4,1934.34647412573,R-G,1
28,12,3,0.506286046511628,0.392455813953488,4,0.302400347818115,0.527423666494656,8.38054526323216,-39.4999600862257,R4,1.27000988436826,0.187221417206083,0.812778582793917,0.55337200276567,0.40510734686105,3.25111433117567,0.327703537008324,0.539779744881565,0.741232437742145,0.334062028518213,0,0.506533382875883,0.392303868674305,4,2041.77067773619,R-G,1
28,13,2,0.50593488372093,0.40823488372093,4,0.293851396709921,0.533489363771313,3.14672508820978,-48.9824378270152,R8,1.16632102402232,0.120723736098386,0.879276263901614,0.534880543797001,0.418652381720914,3.51710505560646,0.307664856190155,0.541822672737951,0.740875041119501,0.392179826907552,0,0.506211119489889,0.408113557878579,4,2150.32440582538,R-G,1
28,14,1,0.505583720930233,0.424013953488372,4,0.285761605725721,0.539229275313742,-1.51043433659156,-61.9182842487658,R8,1.07828534790067,0.0591752862173452,0.940824713782655,0.519180611447938,0.430152617117476,3.76329885513062,0.291532412234916,0.543467362797481,0.740544244499979,0.445972084649133,0,0.505888798088688,0.423926093209428,4,2259.21347944952,R-G,1
28,15,0,0.505232558139535,0.439793023255814,4,0.278094950384533,0.544668961403365,-6.17819836882341,-74.4987429589959,R8,1.00260705029712,0.00204335607807451,0.997956643921926,0.505684444836732,0.440038589205079,3.9918265756877,0.278265452206288,0.544819919009039,0.740237184786966,0.495904382168656,0,0.505566418656612,0.439741475435477,4,2367.58754221675,R-G,1
29,0,14,0.5233,0.209346511627907,4,0.468743197287768,0.421922309771429,0.0086639869863685,-81.1115760843217,R6,1.0108865317798,0.0177785009602614,0.982221499039739,0.525383682182654,0.207863183696635,3.92888599615895,0.472936146554237,0.421003805398093,1.616669379752,0,0.210489873834171,0.523033782312882,0.208869540468079,4,1000.00008696779,B-R,1
29,1,13,0.522948837209302,0.225125581395349,4,0.449306463021352,0.435201946938727,25.6402900489224,-59.844261624606,R6,1.08715152947615,0.123064790985658,0.876935209014342,0.539599035576733,0.214626051551203,3.50774083605737,0.480036732200099,0.429603944201725,1.45098684397504,0,0.167648980760268,0.522739604991522,0.224659978255558,4,1000.00008696779,B-R,1
29,2,12,0.522597674418605,0.240904651162791,4,0.431394381162911,0.447439905472842,31.4759955254898,-46.6590935427405,R6,1.17586295529665,0.214558738622918,0.785441261377082,0.556134331010058,0.222492617710466,3.14176504550833,0.488089445754281,0.439357288188529,1.30700846607675,0,0.130420178922045,0.5224453036964,0.240457070532759,4,1051.8475429186,B-R,1
29,3,11,0.522246511627907,0.256683720930233,4,0.414834327473173,0.458754126342273,34.2651738730097,-35.5410883204902,R6,1.28033840550336,0.294803906027174,0.705196093972826,0.575607949190801,0.231757073032522,2.8207843758913,0.497299558086738,0.450512458819045,1.18073159929593,0,0.0977684952542665,0.522150878349133,0.256260821507126,4,1134.23106604148,B-R,1
29,4,10,0.521895348837209,0.272462790697674,4,0.399478789788338,0.469245393350832,36.2020320615293,-24.3172019884742,R6,1.40518952677968,0.365754636626099,0.634245363373901,0.598879474322898,0.242828359470479,2.5369814534956,0.507935915075144,0.463395078792593,1.06908081401304,0,0.0688987092415705,0.521856328871268,0.272071235389648,4,1218.16492806416,B-R,1
29,5,9,0.521544186046512,0.288241860465116,4,0.385200961868774,0.479000343524562,38.752518484237,-13.1265287726367,R6,1.55702113100329,0.428937331545787,0.571062668454213,0.627180005046338,0.256292164709151,2.28425067381685,0.520357615732951,0.478440084255848,0.969654106993627,0,0.0431897296914081,0.521561655184289,0.287888316394866,4,1304.03656437021,B-R,1
29,6,8,0.521193023255814,0.304020930232558,4,0.371891233517056,0.488093865146221,41.7768925992638,-2.10011565564096,R6,1.7456384540168,0.485561503337017,0.514438496662983,0.662337180472445,0.273017976931706,2.05775398665193,0.535055355105348,0.496241798791309,0.880548142994154,0,0.0201494070765525,0.521266857209611,0.303712068740875,4,1392.14052910858,B-R,1
29,7,7,0.520841860465116,0.3198,4,0.359454371241339,0.496591023992835,44.366438585374,8.01464018995637,R6,1.9692311311147,0.531895035182883,0.468104964817117,0.703970193598637,0.294793836817241,1.87241985926847,0.548948972489445,0.517223945558052,0.802513677710905,0.00283068351389713,0,0.520971128916893,0.319541289817921,4,1482.68082819558,R-G,1
29,8,6,0.520490697674419,0.335579069767442,4,0.347807235993016,0.504548622631379,33.2954157279556,-3.44311462596184,R5,1.73066122860589,0.434793323200826,0.565206676799174,0.65828660854085,0.328257164571947,2.2608267071967,0.468322002563547,0.525443802160999,0.79919743176517,0.0891061332600301,0,0.52065030043603,0.335337761001103,4,1575.76362314091,R-G,1
29,9,5,0.520139534883721,0.351358139534884,4,0.336876922289064,0.51201647181446,23.7539049561926,-16.8853694408617,R4,1.5436499561695,0.34641305248056,0.65358694751944,0.622475949772623,0.354488551840641,2.61434779007776,0.414368579275044,0.530944311520054,0.79617904302128,0.16763253047211,0,0.520329414222654,0.351137074731095,4,1671.3843119113,R-G,1
29,10,4,0.519788372093023,0.367137209302326,4,0.326599230659638,0.5190384341403,15.6500999851131,-31.0267560557875,R4,1.39311333307942,0.265629715127035,0.734370284872965,0.593649796293377,0.375603773436392,2.93748113949186,0.375730948042493,0.534883387842791,0.793420106958124,0.239409007116072,0,0.520008470261181,0.366939231775234,4,1769.412983532,R-G,1
29,11,3,0.519437209302326,0.382916279069767,4,0.316917405783057,0.525653286188799,8.73278262654397,-42.0664475492125,R4,1.26932851545018,0.191504156435962,0.808495843564038,0.56994632747539,0.392966617113752,3.23398337425615,0.346698141573595,0.537843259783592,0.790888549290736,0.305270007743306,0,0.519687468536021,0.382744232901131,4,1869.58355075221,R-G,1
29,12,2,0.519086046511628,0.398695348837209,4,0.307781087914111,0.531895434930541,2.78746514605279,-50.373068035092,R4,1.1657463476407,0.123245896500935,0.876754103499065,0.550111450050232,0.407495708983686,3.50701641399626,0.324084643082521,0.540148688290436,0.78855737331915,0.365917878461291,0,0.519366409031576,0.398552078876675,4,1971.49023628673,R-G,1
29,13,1,0.51873488372093,0.414474418604651,4,0.299145436696332,0.537795516359013,-2.43459051918988,-56.0716281891521,R4,1.07779413394103,0.0601848299142698,0.93981517008573,0.533269541689974,0.419832444350692,3.75926068034292,0.305973375786249,0.541995117843845,0.786403693408332,0.421948011918061,0,0.519045291732246,0.414362770470031,4,2074.59818971235,R-G,1
29,14,0,0.518383720930233,0.430253488372093,4,0.29097039517697,0.543380898332995,-7.42359954316482,-67.3472408280919,R8,1.00218235379248,0.00174915276044845,0.998250847239551,0.51879069438584,0.430438232233489,3.99300338895821,0.291141512397413,0.543507214730567,0.784407981144438,0.473868459300053,0,0.518724116622424,0.430176308449639,4,2178.26847981077,R-G,1
30,0,13,0.5361,0.215586046511628,4,0.474967780617685,0.429755565376758,5.0413731281814,-67.8732631364802,R6,1.01155410237433,0.0183104990458521,0.981689500954148,0.538459347704837,0.214083851982932,3.92675800381659,0.479473602686778,0.428921888914947,1.62365118934618,0,0.189442564219253,0.535857047878323,0.215114083904354,4,1000.00008696779,B-R,1
30,1,12,0.535748837209302,0.23136511627907,4,0.455483169393505,0.442579704414018,29.5140678228333,-50.5882197689795,R6,1.08792366614524,0.120721109604093,0.879278890395907,0.553671974316189,0.22132116650065,3.51711556158363,0.486904035216733,0.437921534059129,1.46196067931523,0,0.149192442923115,0.53556554595509,0.23090724894007,4,1000.00008696779,B-R,1
30,2,11,0.535397674418605,0.247144186046512,4,0.437511580551705,0.454408021200843,35.279509292029,-38.442116255144,R6,1.17676629812849,0.210054785642656,0.789945214357344,0.571369205003338,0.229740516284726,3.15978085742938,0.495319379938381,0.448114092292515,1.32091662574619,0,0.114081908215999,0.535273921174591,0.246707070209955,4,1026.04516682521,B-R,1
30,3,10,0.535046511627907,0.262923255813953,4,0.420883366627884,0.465352172195026,37.6341284180737,-29.1777732804739,R6,1.28140947678978,0.288665923635424,0.711334076364576,0.592213865176785,0.239657236489876,2.8453363054583,0.504929363427165,0.459753581769319,1.19680180085765,0,0.0831856190308376,0.534982173459142,0.262513551922929,4,1105.97365731643,B-R,1
30,4,9,0.534695348837209,0.278702325581395,4,0.405453328666038,0.475507722639232,38.9875372305726,-19.4250406195883,R6,1.40647977737673,0.358375732022863,0.641624267977137,0.617127557085595,0.2515097737767,2.56649707190855,0.516007807087256,0.473171651483121,1.08674079828298,0,0.0557877915222388,0.53469030273099,0.278326698291463,4,1187.15129091564,B-R,1
30,5,8,0.534344186046512,0.294481395348837,4,0.391096465173439,0.484956944460993,40.9316800385669,-9.42813532812032,R6,1.55860542713948,0.420615079135712,0.579384920864288,0.647430607064928,0.2659262653629,2.31753968345715,0.528919137775187,0.488809690596206,0.988474498298887,0,0.0313260559947474,0.534398308912318,0.294146513531581,4,1269.95132405182,B-R,1
30,6,7,0.533993023255814,0.310260465116279,4,0.377704578259743,0.493771050001851,43.37654600137,0.616164726643632,R6,1.74763008780557,0.476523751794079,0.523476248205921,0.685083847977452,0.283839565548155,2.09390499282368,0.544159243329253,0.507268312135875,0.900203353853909,0,0.00935244560673412,0.534106191925244,0.309973001862862,4,1354.65609048626,B-R,1
30,7,6,0.533641860465116,0.326039534883721,4,0.365183541866261,0.502011989980234,38.0853254379835,-0.444275369364718,R6,1.72939617846216,0.447066839064551,0.552933160935449,0.680791602524219,0.311772206378965,2.21173264374179,0.506194560658219,0.521582724447039,0.859211909938057,0.0481242971934908,0,0.533799141351991,0.325784839306036,4,1441.46397301123,R-G,1
30,8,5,0.533290697674419,0.341818604651163,4,0.353451086139782,0.509733911744737,27.1697651323748,-13.5838298751807,R5,1.54264345202876,0.355653464456531,0.644346535543469,0.642574041066945,0.339766655225584,2.57738614217387,0.443762635701687,0.527947610428248,0.85333888821169,0.130734031406532,0,0.53347945806296,0.341582311668228,4,1530.48728615633,R-G,1
30,9,4,0.532939534883721,0.357597674418605,4,0.342434987649783,0.516984350414438,17.8859515130765,-29.8723045551245,R4,1.39229351322965,0.272307357164846,0.727692642835154,0.611806040321312,0.362304284266865,2.91077057134062,0.399609478187588,0.532448990346988,0.84798416303027,0.206053423132102,0,0.533159717245892,0.357382626836481,4,1621.74439009722,R-G,1
30,10,3,0.532588372093023,0.373376744186047,4,0.332071581288756,0.523805208297838,10.0084811137656,-43.1319370458461,R4,1.26864787725815,0.196005738113407,0.803994261886593,0.586502877246208,0.380838907548771,3.21597704754637,0.366732701013034,0.535800752098549,0.843082024055885,0.275006751864275,0,0.532839918885255,0.373185785578224,4,1715.15005375069,R-G,1
30,11,2,0.532237209302326,0.389155813953488,4,0.322304529067147,0.530233565232087,3.26453873804694,-53.3486735981934,R4,1.16517223729586,0.125891710392805,0.874108289607195,0.565327354376399,0.396350025191428,3.49643315842878,0.341301615931664,0.538393431357342,0.838577418357955,0.338368390349248,0,0.532520062965514,0.38899178866116,4,1810.50700004283,R-G,1
30,12,1,0.531886046511628,0.40493488372093,4,0.313083795510126,0.536302352943592,-2.60623907663299,-60.7791915268761,R4,1.07730336732363,0.0612419396653943,0.938758060334606,0.547345641324716,0.409521670032314,3.75503224133842,0.321044136817965,0.540458665529045,0.834423873980944,0.396792011615024,0,0.532200149471129,0.404800636853269,4,1907.50265952966,R-G,1
30,13,0,0.53153488372093,0.420713953488372,4,0.304364790309758,0.542040919326552,-8.02997495583875,-65.355171177571,R4,1.00175801693174,0.00144160753776702,0.998558392462233,0.531885845226677,0.420846005090414,3.99423356984893,0.304527275647656,0.542142546623367,0.830581890777332,0.45083322346283,0,0.531880178386553,0.420612330922806,4,2005.71473489248,R-G,1
31,0,12,0.5489,0.221825581395349,4,0.481057961872365,0.437419684229728,9.68548607073841,-54.6656765613473,R6,1.01222255525381,0.0188125689275603,0.98118743107244,0.551552294490077,0.220312741724945,3.92474972428976,0.485879774539285,0.436680962585664,1.63024022869052,0,0.169579296784905,0.548682605865629,0.221359743680912,4,1000.00008696779,B-R,1
31,1,11,0.548548837209302,0.237604651162791,4,0.461531838958112,0.449804528520443,33.3929164852279,-41.2642203236277,R6,1.08869690039597,0.118500519093562,0.881499480906438,0.567764917544158,0.228025798463749,3.52599792362575,0.493624949535094,0.446061819791604,1.47235816542928,0,0.131705248161563,0.548393780301933,0.23715563668774,4,1000.00008696779,B-R,1
31,2,10,0.548197674418605,0.253383720930233,4,0.443506850861473,0.461237247237783,38.9426608264801,-30.4475635519617,R6,1.17767102999237,0.205772650951521,0.794227349048479,0.586627505017513,0.236999559645843,3.17690939619391,0.502385096989857,0.456671998699192,1.33413981286012,0,0.098548292281269,0.548104832998073,0.252958187673798,4,1001.55624163837,B-R,1
31,3,9,0.547846511627907,0.269162790697674,4,0.426816298355054,0.471823572788726,40.8762081256801,-22.9162596706915,R6,1.28248234159296,0.282812513677699,0.717187486322301,0.608847587891389,0.247570628829123,2.8687499452892,0.512373717882759,0.468770088972334,1.21212694710937,0,0.069278841941804,0.547815763877062,0.268767400849487,4,1079.2598435965,B-R,1
31,4,8,0.547495348837209,0.284941860465116,4,0.411317283509518,0.481654141118363,41.7187925537853,-14.5529089625805,R6,1.40777239957784,0.351319987608168,0.648680012391832,0.635409181570379,0.26020714535305,2.59472004956733,0.52386870876285,0.482692675368132,1.10362736100146,0,0.0432510683304072,0.547526572861849,0.284583280428759,4,1157.94776716948,B-R,1
31,5,7,0.547144186046512,0.300720930232558,4,0.39688660816405,0.490807093189202,43.0731479017304,-5.69255897370498,R6,1.56019295065745,0.412638176709648,0.587361823290352,0.667722461739768,0.275579991716773,2.34944729316141,0.537238620269707,0.498886141722313,1.00651389648881,0,0.0199546912692125,0.547237259875317,0.300405830629121,4,1237.98423821109,B-R,1
31,6,6,0.546793023255814,0.3165,4,0.383417492288713,0.499350156427214,44.1583213767811,2.25310732044528,R6,1.72813297637848,0.460080219906021,0.539919780093979,0.703263719882039,0.295311330387386,2.15967912037591,0.54758432831795,0.517363069965357,0.922844146139749,0.00467201781095947,0,0.546946348151786,0.316233104832252,4,1319.64318398926,R-G,1
31,7,5,0.546441860465116,0.332279069767442,4,0.370816927192242,0.507342323504115,32.0257805633702,-9.28775198879609,R5,1.54163825957202,0.365424449919702,0.634575550080298,0.662645940372784,0.325063944300399,2.53830220032119,0.475400490030436,0.524722155893044,0.91378078386362,0.0917168643234992,0,0.54662786749058,0.332028736162311,4,1403.11932078565,R-G,1
31,8,4,0.546090697674419,0.348058139534884,4,0.359003524768551,0.514835216496926,21.3436437048848,-26.5463820880842,R4,1.39147465770818,0.279351039193826,0.720648960806174,0.629940927730789,0.349020438867901,2.8825958432247,0.425035298319877,0.52985684784564,0.905539189042053,0.170869427622361,0,0.546309329521314,0.347827209790471,4,1488.52975086856,R-G,1
31,9,3,0.545739534883721,0.363837209302326,4,0.347905757609901,0.52187420313232,12.3116080455589,-42.4487955834796,R4,1.26796796861732,0.200743375885976,0.799256624114024,0.603041680656584,0.368724197232319,3.1970264964561,0.387895025445851,0.533643269653373,0.898012445238247,0.243156536885009,0,0.545990734228519,0.363628526483976,4,1575.91028912761,R-G,1
31,10,2,0.545388372093023,0.379616279069767,4,0.337460509550016,0.528499316134407,4.63752249107618,-54.8393004222325,R4,1.16459869215192,0.128670499793414,0.871329500206586,0.580528278929178,0.385215314116526,3.48531800082634,0.359375274558859,0.536550835978368,0.891111412301704,0.309434297217011,0,0.545672081596719,0.379432687010343,4,1665.20915545073,R-G,1
31,11,1,0.545037209302326,0.395395348837209,4,0.32761187457802,0.534746015038225,-1.9840780635117,-64.1742932274355,R4,1.07681304743764,0.0623500582884065,0.937649941711594,0.561408927871191,0.399220281329616,3.75059976684637,0.336786813733696,0.53885371191473,0.884761179370741,0.370422155139265,0,0.545353371610435,0.395239692137368,4,1756.2809838544,R-G,1
31,12,0,0.544686046511628,0.411174418604651,4,0.318310155849186,0.540645821087717,-7.95447777504258,-70.4966236167198,R4,1.00133403925825,0.00111979178536747,0.998880208214633,0.544969911451282,0.411261897453407,3.99552083285853,0.318453618224353,0.540722766876104,0.878898334584193,0.426729120371804,0,0.54503460425418,0.411049542633122,4,1848.8840525578,R-G,1
32,0,11,0.5617,0.22806511627907,4,0.48701804760066,0.44492008585742,13.744149779797,-41.5063754344665,R6,1.0128918921685,0.0192871669837472,0.980712833016253,0.564662556820321,0.226549869232102,3.92285133206501,0.492158577446985,0.444285768614353,1.6364687346792,0,0.15080289043728,0.561510456889582,0.227606520097133,4,1000.00008696779,B-R,1
32,1,10,0.561348837209302,0.243844186046512,4,0.467456411984453,0.456881125706617,37.268432544591,-31.8889689747572,R6,1.08947123457029,0.116393570430946,0.883606429569054,0.581877907945136,0.234739967747388,3.53442571827622,0.500204106592209,0.454030410936626,1.48222354554266,0,0.115112985229244,0.56122430864722,0.243405141798204,4,1000.00008696779,B-R,1
32,2,9,0.560997674418605,0.259623255813954,4,0.449383801586999,0.467931695167376,41.8795441128942,-23.3868816832675,R6,1.17857715409454,0.201696341649168,0.798303658350832,0.601909285125957,0.244269773518895,3.19321463340333,0.509292129001635,0.46503770780898,1.34672741332744,0,0.0837613162281718,0.5609380397824,0.259210423224183,4,1000.00008696779,B-R,1
32,3,8,0.560646511627907,0.275402325581395,4,0.432636433788561,0.478171939773523,43.9787229079634,-16.7699023459765,R6,1.28355700442155,0.277224334273441,0.722775665726559,0.625509187236996,0.255497283305896,2.89110266290624,0.519639301652988,0.477570071400517,1.22675767813105,0,0.0560022107354094,0.560651650218836,0.275022368586952,4,1053.931201328,B-R,1
32,4,7,0.560295348837209,0.291181395348837,4,0.41707369640126,0.487687837406227,44.3782490141506,-9.71640605266749,R6,1.40906739992786,0.344566629019692,0.655433370980308,0.653724440341662,0.268920518236484,2.62173348392123,0.531526785960005,0.491968040830816,1.11979022159589,0,0.0312516275538154,0.560365139880177,0.290840982101946,4,1130.35883106147,B-R,1
32,5,6,0.559944186046512,0.306960465116279,4,0.402574190215201,0.496553618094905,45.1354611594023,-1.93640731524664,R6,1.56178371142903,0.404985564650636,0.595014435349364,0.688055695253534,0.285253403801411,2.38005774139746,0.545326184067739,0.508681695880136,1.02381992691918,0,0.00904561426436899,0.560078508690008,0.306666267988155,4,1207.89459001536,B-R,1
32,6,5,0.559593023255814,0.322739534883721,4,0.389032555861033,0.504833704244719,38.2416137815769,-6.34670581145747,R6,1.54063437623685,0.375773056942051,0.624226943057949,0.682691698857204,0.310380381585097,2.4969077722318,0.509549258187789,0.52124071565439,0.977795762510899,0.0503931584609112,0,0.559774642810204,0.322476347991957,4,1286.80708079461,R-G,1
32,7,4,0.559241860465116,0.338518604651163,4,0.376356909439207,0.512584278631259,26.22994140007,-20.4722318527848,R4,1.39065676481454,0.2867917064963,0.7132082935037,0.648054496181337,0.335752209653813,2.8528331740148,0.452163837017914,0.527091114516578,0.966338043728711,0.133702445370371,0,0.559457307392222,0.338272980415734,4,1367.28886859458,R-G,1
32,8,3,0.558890697674419,0.354297674418605,4,0.364466754880513,0.51985456089599,15.8102341096906,-39.6346114956934,R4,1.26728878835534,0.205736137324664,0.794263862675336,0.619562766223748,0.356622465275463,3.17705545070134,0.410283097126387,0.531360823233774,0.955900891306924,0.209591175243564,0,0.559139914870669,0.354072455396834,4,1449.46120702535,R-G,1
32,9,2,0.558539534883721,0.370076744186047,4,0.353291272747064,0.526687853865695,7.01387343596308,-54.5973524411369,R4,1.16402571137465,0.131592547903671,0.868407452096329,0.595714245818644,0.374091559563298,3.47362980838532,0.378371191067733,0.534614217128769,0.94635376269141,0.279008525425685,0,0.558822465230131,0.369874773702589,4,1533.37339453597,R-G,1
32,10,1,0.558188372093023,0.385855813953488,4,0.342767908591797,0.533122406705667,-0.497216928003934,-66.0913475127628,R4,1.07632317367338,0.0635129690688886,0.936487030931112,0.575459418816545,0.388928265433224,3.74594812372445,0.353247366186155,0.537175571450207,0.937587468797339,0.342748411788501,0,0.558504958455187,0.385679936100611,4,1618.99929243831,R-G,1
32,11,0,0.557837209302326,0.40163488372093,4,0.332841201430883,0.539192131254909,-7.13772094528517,-74.3533888102795,R4,1.00091042031614,0.000782688652709216,0.999217311347291,0.558042907127847,0.401685899017483,3.99686924538916,0.332953961643651,0.539244468191313,0.929509979429783,0.401479987595373,0,0.558187394530411,0.401487943358785,4,1706.23338839383,R-G,1
33,0,10,0.5745,0.234304651162791,4,0.49285216230694,0.452261960695122,17.3594010178967,-28.4105190513135,R6,1.01356211487327,0.0197364879392654,0.980263512060735,0.577790169068257,0.232795250856999,3.92105404824294,0.498313772586468,0.451740862490144,1.64236551033136,0,0.133026515816004,0.574340601565183,0.233854413452504,4,1000.00008696779,B-R,1
33,1,9,0.574148837209302,0.250083720930233,4,0.47326066870373,0.463814011263912,41.131572101253,-22.4773355017449,R6,1.09024667101684,0.114391757597482,0.885608242402518,0.596010988325141,0.241463694716271,3.54243296961007,0.506645944491815,0.461832682868857,1.49159664744513,0,0.0993486690579612,0.57405713160634,0.249655764571205,4,1000.00008696779,B-R,1
33,2,8,0.573797674418605,0.265862790697674,4,0.455145901144907,0.474495315870883,44.7903654348415,-16.3083053925035,R6,1.17948467365112,0.197811366185011,0.802188633814989,0.617214599568592,0.251551183708196,3.20875453525995,0.516045762341498,0.47321762240314,1.35872417690472,0,0.0696684113737253,0.573773542143352,0.265463777161111,4,1000.00008696779,B-R,1
33,3,7,0.573446511627907,0.281641860465116,4,0.438346959345951,0.484400748764059,46.930434667877,-10.7497078343909,R6,1.28463346979935,0.27188375755347,0.72811624244653,0.642198733350487,0.263437233287391,2.91246496978612,0.526732477903851,0.486161236039393,1.24074014645177,0,0.0433138443800834,0.573489833100631,0.281278455435584,4,1029.8523251299,B-R,1
33,4,6,0.573095348837209,0.297420930232558,4,0.422725498857121,0.493611884228267,46.9359315794173,-4.92882609111102,R6,1.41036478499576,0.338096625180071,0.661903374819929,0.672073426304769,0.277649936626146,2.64761349927972,0.538989788518055,0.501007134377768,1.13527492727755,0,0.0197556545678204,0.573206004402529,0.297099803611541,4,1104.21893953215,B-R,1
33,5,5,0.572744186046512,0.3132,4,0.408161912401307,0.50219924824491,45.9738682854915,0.0529822980545589,R6,1.53963179946751,0.386752065609916,0.613247934390084,0.702711367554079,0.295715929697253,2.45299173756034,0.546520206998844,0.517471556302611,1.04571031409487,0.006552154171753,0,0.572919784326449,0.312925146935835,4,1179.48037190554,R-G,1
33,6,4,0.572393023255814,0.328979069767442,4,0.39455226159532,0.510224127690987,32.547623941045,-14.6707306161898,R6,1.38983983285225,0.294663893684464,0.705336106315536,0.666146783243993,0.322499569103732,2.82134442526214,0.481172061572977,0.52413374868269,1.03066291480045,0.0943799720473774,0,0.572603651163315,0.328719938490855,4,1255.90249203791,R-G,1
33,7,3,0.572041860465116,0.344758139534884,4,0.381805792480858,0.517740035296912,20.711710883421,-34.1454357763817,R4,1.26661033530239,0.211005200416301,0.788994799583699,0.636066162403862,0.344533690834001,3.1559791983348,0.43400658732975,0.528942231938922,1.0169929098939,0.174168291463872,0,0.572287461116488,0.3445175720953,4,1333.67704676161,R-G,1
33,8,2,0.571690697674419,0.360537209302326,4,0.369842909251752,0.524793904430632,10.5565084928974,-52.2558259814606,R4,1.16345329413146,0.134669226266566,0.865330773733434,0.610885277111383,0.362978745367922,3.46132309493374,0.398361804762757,0.532576189678041,1.00451945255901,0.246972668994667,0,0.571971214170613,0.360318048516319,4,1412.92901881386,R-G,1
33,9,1,0.571339534883721,0.376316279069767,4,0.358593510531156,0.53142707010553,1.96487555458106,-66.2821765120987,R4,1.07583374542226,0.0647348389142542,0.935265161085746,0.589497131616117,0.378645609557063,3.74106064434298,0.370476043202704,0.535419121286388,0.993092027853984,0.313671621826465,0,0.571654910310331,0.376121368521335,4,1493.71849488586,R-G,1
33,10,0,0.570988372093023,0.392095348837209,4,0.347995614709574,0.537676079544689,-5.49644965977476,-76.7389156917942,R4,1.00048715965033,0.000429182330863692,0.999570817669136,0.57110484630077,0.392117999495091,3.99828327067655,0.348064540457433,0.537703956484735,0.982584349492383,0.375002250686712,0,0.571338549520275,0.391927532878051,4,1576.0393948327,R-G,1
34,0,9,0.5873,0.240544186046512,4,0.498564257969627,0.459450282064823,20.6029256182107,-24.7154614437513,R8,1.01423322512766,0.0201624988009333,0.979837501199067,0.590935165697605,0.239048902995542,3.91935000479627,0.504348974488851,0.459050622087042,1.64795637015169,0,0.116172352713355,0.587173040507652,0.240103424046619,4,1000.00008696779,B-R,1
34,1,8,0.586948837209302,0.256323255813953,4,0.478948237352528,0.470607518933967,44.9714048136664,-13.0425671438687,R6,1.09102321209093,0.112487402803596,0.887512597196404,0.610164201612149,0.24819699979312,3.55005038878561,0.512954717988229,0.469473788892479,1.50051342090324,0,0.0843518369010054,0.586892249794901,0.255907505306596,4,1000.00008696779,B-R,1
34,2,7,0.586597674418605,0.272102325581395,4,0.460796483699569,0.480931907302516,47.7141488731591,-9.16419999311252,R6,1.18039359188814,0.194104562222176,0.805895437777824,0.632543502752533,0.258843816097598,3.2235817511113,0.522651051145562,0.481217863986893,1.37017074875046,0,0.0562218308111743,0.586611340696923,0.27171824978469,4,1000.00008696779,B-R,1
34,3,6,0.586246511627907,0.287881395348837,4,0.443950942545577,0.490513345684578,49.7189692499386,-4.86463477234551,R6,1.28571174226532,0.266774683912765,0.733225316087235,0.658916296604224,0.27139051225283,2.93290126434894,0.533659311354833,0.494550928399883,1.25411650336511,0,0.0311754927583983,0.586330313138831,0.287535661695747,4,1006.90627309171,B-R,1
34,4,5,0.585895348837209,0.303660465116279,4,0.428275516804376,0.499429243635195,49.332490250132,-0.201396094383256,R6,1.41166456137475,0.331892509194106,0.668107490805894,0.690456232707505,0.286395444884111,2.67242996322358,0.546265076417581,0.50981887032363,1.15012328168953,0,0.00873211400361563,0.586049167045678,0.303359745258168,4,1079.38641004937,B-R,1
34,5,4,0.585544186046512,0.319439534883721,4,0.413652381773824,0.507746617708667,40.2074876660999,-8.76388703776011,R6,1.38902386012884,0.303006260647464,0.696993739352536,0.684217826401562,0.30926248976142,2.78797495741014,0.512262342825843,0.520964118794841,1.09882969824976,0.0527088970954997,0,0.585748361139216,0.319168083794474,4,1152.5702559978,R-G,1
34,6,3,0.585193023255814,0.335218604651163,4,0.399979018161212,0.51552377901991,27.0854345516707,-25.2358746566159,R4,1.26593260829114,0.216574153850954,0.783425846149046,0.652551897592182,0.332457853108345,3.13370338459618,0.459188653022431,0.526374940012286,1.08156199946882,0.136729303382034,0,0.58543337327068,0.334963876357933,4,1226.7231318356,R-G,1
34,7,2,0.584841860465116,0.350997674418605,4,0.387165805039212,0.522811702327472,15.4689958435354,-47.3015167065619,R4,1.16288143959139,0.137913142663828,0.862086857336172,0.626041394830598,0.351876855398353,3.44834742934469,0.419427345299814,0.530428574275436,1.06584683646601,0.213195449630349,0,0.585118328722954,0.350762511230006,4,1302.03703330366,R-G,1
34,8,1,0.584490697674419,0.366776744186046,4,0.375134053209329,0.529655144620744,5.56061280378475,-64.3933859511041,R4,1.07534476207681,0.0660202682420455,0.933979731757954,0.603522083693512,0.368372300938306,3.73591892703182,0.388527895544395,0.533578749041187,1.05148383472947,0.283082309292884,0,0.584803227480738,0.366563989177932,4,1378.64053442444,R-G,1
34,9,0,0.584139534883721,0.382555813953488,4,0.3638143877452,0.536093565100006,-2.9156062445298,-77.3987889282988,R4,1.00006425680648,5.8045714216964e-05,0.999941954285783,0.584155742990699,0.382558188616074,3.99976781714313,0.363824704575728,0.536097220063778,1.03830567869755,0.3472039990418,0,0.584488069528727,0.382368310969229,4,1456.6025832137,R-G,1
35,0,8,0.6001,0.246783720930233,4,0.504158122968684,0.466489817409899,23.2743291562765,-27.9032162714646,R8,1.01490522469584,0.0205669676449819,0.979433032355018,0.604097581263425,0.24531084208709,3.91773212942007,0.510267658117781,0.466219256236712,1.65326451792969,0,0.100170451163604,0.600007774332431,0.24635355217918,4,1000.00008696779,B-R,1
35,1,7,0.599748837209302,0.262562790697674,4,0.484522601735994,0.477265809942509,48.7722251071378,-3.59647426378066,R6,1.09180086015459,0.110673558078834,0.889326441921166,0.624337590856524,0.254939903458884,3.55730576768467,0.519134507857849,0.476958671591835,1.50900639844652,0,0.0700677733518174,0.599729663828733,0.262160364304335,4,1000.00008696779,B-R,1
35,2,6,0.599397674418605,0.278341860465116,4,0.466338755596487,0.487245121817726,50.6421815219072,-1.96526745867041,R6,1.1813039120416,0.190563947653882,0.809436052346118,0.647896049252728,0.266147696650802,3.23774420938447,0.529112829932242,0.489044288067307,1.38110412948502,0,0.0433781089659331,0.599451436059331,0.277973841395138,4,1000.00008696779,B-R,1
35,3,5,0.599046511627907,0.294120930232558,4,0.449451337501156,0.496512952762157,52.0196902279732,0.834846976631098,R6,1.2867918263737,0.261882379906099,0.738117620093901,0.675661947607038,0.279357153793934,2.9524704803756,0.540425585573376,0.502746153465131,1.26692532334381,0,0.0195521515327057,0.599173090950042,0.293793987667918,4,1000.00008696779,B-R,1
35,4,4,0.598695348837209,0.3099,4,0.433726475293214,0.505142771941441,50.0658833647565,1.96962738027753,R6,1.38820884495578,0.311862227485626,0.688137772514374,0.702267663048878,0.296040944235079,2.7525510900575,0.545667183172938,0.517558521415331,1.17119318649822,0.00847233215881712,0,0.598891437624472,0.309617416105286,4,1055.73911489446,R-G,1
35,5,3,0.598344186046512,0.325679069767442,4,0.419048115417064,0.513198269656114,34.71292422043,-17.2312900604939,R6,1.26525560615676,0.222469350084039,0.777530649915961,0.669020000123224,0.320394931343398,3.11012259966384,0.485968075433864,0.523644798815934,1.14991370290868,0.0970970485786161,0,0.598577651637876,0.325411367963345,4,1127.01776658629,R-G,1
35,6,2,0.597993023255814,0.341458139534884,4,0.405315153784013,0.520734931925206,21.8653614326396,-39.0369655542545,R4,1.16231014692511,0.141338313803905,0.858661686196094,0.641182620956212,0.340785873554247,3.43464674478438,0.441656908868939,0.528162287633978,1.13060090523053,0.177530918615824,0,0.598263809191866,0.341208161622181,4,1199.09382150783,R-G,1
35,7,1,0.597641860465116,0.357237209302326,4,0.392439103724099,0.527801320316473,10.488443535967,-59.939553917115,R4,1.07485622303064,0.0673743488614365,0.932625651138564,0.61753429244067,0.358108326837315,3.73050260455425,0.407463363303,0.53164829289446,1.11299418952834,0.250859304599671,0,0.597949910271204,0.35700779784885,4,1272.16063514504,R-G,1
35,8,0,0.597290697674419,0.373016279069767,4,0.380342187276711,0.534440119447898,0,0,,0,0,0,0,0,0,0,0,0,0,0,0,0,0,0,,0
36,0,7,0.6129,0.253023255813954,4,0.509637390464422,0.473385138839336,25.4573110054515,-30.360876967284,R8,1.00031156230693,0.00042542491051608,0.999574575089484,0.612987549008248,0.252994412389967,3.99829830035794,0.509765422517157,0.473382466583527,1.66825522995397,0.012354625406195,0.0876518883692606,0.612840825780997,0.252601506551944,4,1000.00008696779,,1
36,1,6,0.612548837209302,0.268802325581395,4,0.489987108343859,0.483792881499078,52.5058503919376,5.85040972137531,R6,1.09257961757661,0.108943920567749,0.891056079432251,0.638531199231461,0.261692426252948,3.56422431772901,0.525189229701667,0.484292073492925,1.51710509197806,0,0.056446843297503,0.612569374323884,0.268414341864487,4,1000.00008696779,B-R,1
36,2,5,0.612197674418605,0.284581395348837,4,0.471775801429243,0.493438473084075,53.5632699936403,5.2788822807706,R6,1.18221563735748,0.187178591218902,0.812821408781098,0.663272293812609,0.273462851411662,3.25128563512439,0.535435725402891,0.49670249844607,1.39155807472868,0,0.0310975922479417,0.612293828847015,0.284230552292777,4,1000.00008696779,B-R,1
36,3,4,0.611846511627907,0.300360465116279,4,0.454850990114416,0.502402674190637,54.0745971069287,6.54783267137788,R6,1.28787372669402,0.257193336348503,0.742806663651497,0.692435757205224,0.287337191615398,2.97122665460599,0.54703681908049,0.510753595197424,1.27920197555506,0,0.00841172501428018,0.61201816715109,0.300053433652677,4,1000.00008696779,B-R,1
36,4,3,0.611495348837209,0.316139534883721,4,0.439081002958177,0.510755224401497,44.3206593045411,-7.147414524341,R6,1.26457932773691,0.22872032232048,0.77127967767952,0.685470498270925,0.308344904828439,3.08511871071808,0.514501818921712,0.520735805956213,1.2223904422101,0.0550729810754252,0,0.611720296522629,0.315860046690202,4,1033.17103270728,R-G,1
36,5,2,0.611144186046512,0.331918604651163,4,0.424351544295867,0.518556660245221,29.4841964722459,-26.5240290589023,R4,1.16173941530494,0.144960367788846,0.855039632211154,0.656308977424978,0.329705783766886,3.42015852884462,0.465149717846642,0.525767214109887,1.19907711363521,0.139816348628147,0,0.611407655881987,0.331654999471429,4,1102.69652498085,R-G,1
36,6,1,0.610793023255814,0.347697674418605,4,0.410562919575213,0.525859784792941,16.8911206885413,-52.2667802577113,R4,1.07436812767849,0.0688027313830514,0.931197268616949,0.631533775217944,0.347853674537595,3.72478907446779,0.427348951949227,0.529620972665417,1.17787977642386,0.216868140381991,0,0.611094958986448,0.347452794312591,4,1172.86452900309,R-G,1
36,7,0,0.610441860465116,0.363476744186047,4,0.397627775926319,0.532710864362105,0,0,,0,0,0,0,0,0,0,0,0,0,0,0,0,0,0,,0
37,0,6,0.6257,0.259262790697674,4,0.515005546266582,0.480140633030482,27.3382262264165,-33.4791766412613,R8,1,0,1,0.6257,0.259262790697674,4,0.515005546266582,0.480140633030482,1.67344211664953,0.0128309910668221,0.0732753084227534,0.625679717532753,0.258853572426075,4,1000.00008696779,,1
37,1,5,0.625348837209302,0.275041860465116,4,0.495344973049844,0.490192574799117,56.1099570272115,15.2886973117467,R6,1.09335948673252,0.107292759355278,0.892707240644722,0.652745070033419,0.268454588773338,3.57082896257889,0.531122642218695,0.49147854708407,1.52483633540061,0,0.0434439156671025,0.625411381896625,0.274669438287225,4,1000.00008696779,B-R,1
37,2,4,0.624997674418605,0.290820930232558,4,0.477110589764142,0.499515342602184,56.4612825108716,12.5597360688085,R6,1.18312877109178,0.183938499772607,0.816061500227392,0.678672291344742,0.280789306504496,3.26424600090957,0.541624167489624,0.50419786060048,1.40156344320747,0,0.0193440301228728,0.625138519676632,0.290488382778039,4,1000.00008696779,B-R,1
37,3,3,0.624646511627907,0.3066,4,0.460152642985018,0.50818550148617,54.1524878428874,8.78384083511234,R6,1.26390377187173,0.235360279343005,0.764639720656995,0.701903420248804,0.296307752897002,3.05855888262798,0.544968109761399,0.517629791403563,1.29937725576347,0.0104338447013759,0,0.624861308229418,0.306309912317229,4,1000.00008696779,R-G,1
37,4,2,0.624295348837209,0.322379069767442,4,0.444341636244911,0.516269259640269,38.862816341119,-15.8193641091144,R6,1.1611692439048,0.148796782528441,0.851203217471559,0.671420486130582,0.318636569999094,3.40481286988623,0.490016601476249,0.523232054748381,1.27160588773067,0.0998697512555565,0,0.624549869097876,0.32210302455639,4,1011.58937289023,R-G,1
37,5,1,0.623944186046512,0.338158139534884,4,0.42956501690747,0.523824162311712,24.5162687650748,-40.5007847496134,R4,1.07388047541619,0.0703117040386846,0.929688295961316,0.645520549354162,0.33760833134574,3.71875318384526,0.448258012765555,0.527489310248108,1.2464262441161,0.180959175828415,0,0.624238373931113,0.337898978347713,4,1079.49676307739,R-G,1
37,6,0,0.623593023255814,0.353937209302326,4,0.415724492698911,0.530900463793776,0,0,,0,0,0,0,0,0,0,0,0,0,0,0,0,0,0,,0
38,0,5,0.6385,0.265502325581395,4,0.5202659362295,0.486760510535407,28.869444782258,-36.5845954450665,R8,1,0,1,0.6385,0.265502325581395,4,0.5202659362295,0.486760510535407,1.67818879042474,0.013040939116711,0.0595212384742565,0.638520973824761,0.265106817822454,4,1000.00008696779,,1
38,1,4,0.638148837209302,0.281281395348837,4,0.500599287422626,0.496468582562104,59.4511405600743,24.7100646228733,R6,1.09414047000464,0.105714852031292,0.894285147968708,0.666979246682562,0.275226411676934,3.57714059187483,0.536938354987041,0.498522464240252,1.53222458164078,0,0.0310178638762133,0.638255687163445,0.280925653872832,4,1000.00008696779,B-R,1
38,2,3,0.637797674418605,0.297060465116279,4,0.482345978544852,0.505478985862185,59.3106941249172,19.8700859012326,R6,1.18404331651058,0.180834519764754,0.819165480235246,0.694096096931478,0.288127088134398,3.27666192094098,0.547682399705787,0.511535514219797,1.41114850098875,0,0.00808421771881535,0.637985509165062,0.296747333151462,4,1000.00008696779,B-R,1
38,3,2,0.637446511627907,0.312839534883721,4,0.465358940055551,0.513864318553782,47.4697789562966,-1.77917562245338,R6,1.16059963190024,0.152867167774675,0.847132832225325,0.686517168923753,0.307578216245166,3.3885313289013,0.516381744186452,0.520544149043958,1.34855795679628,0.0574869403189522,0,0.63769044914402,0.312552236655759,4,1000.00008696779,R-G,1
38,4,1,0.637095348837209,0.328618604651163,4,0.449510823416483,0.521687443852373,33.2087787388572,-24.5912401356728,R4,1.07339326564065,0.0719082852294601,0.92809171477054,0.65949463214671,0.327372284591377,3.71236685908216,0.470271646964017,0.525245037437318,1.31895240991704,0.142965394315916,0,0.637380155409768,0.328346349732829,4,1000.00008696779,R-G,1
38,5,0,0.636744186046512,0.344397674418605,4,0.434690802749126,0.529003068872614,0,0,,0,0,0,0,0,0,0,0,0,0,0,0,0,0,0,,0
39,0,4,0.6513,0.271741860465116,4,0.525421773206321,0.493248814532356,30.2379336416167,-39.6614686788531,R8,1,0,1,0.6513,0.271741860465116,4,0.525421773206321,0.493248814532356,1.68271748500049,0.0132412458240489,0.0463987900145498,0.651364512820872,0.271361174816375,4,1000.00008696779,,1
39,1,3,0.650948837209302,0.287520930232558,4,0.505753024674405,0.502624456136801,62.4088827012286,27.5467490881664,R8,1.09492256978211,0.104205429514888,0.895794570485112,0.681233772723205,0.282007915679678,3.58317828194045,0.542639835786466,0.505428025092106,1.53929216099867,0,0.0191311313171689,0.651102290741056,0.287182988921693,4,1000.00008696779,B-R,1
39,2,2,0.650597674418605,0.3033,4,0.487484720197742,0.51133253815921,59.3592158316704,21.9485701053504,R6,1.16003057846844,0.157193600380268,0.842806399619732,0.701599047612362,0.296530706530785,3.37122559847893,0.544384759740477,0.517689263482517,1.43035069152115,0.0124380409985696,0,0.650829396324827,0.303002635548286,4,1000.00008696779,R-G,1
39,3,1,0.650246511627907,0.319079069767442,4,0.470472431008112,0.519441906482991,40.6703228442193,-12.3446635625475,R6,1.0729064977499,0.0736003326755136,0.926399667324486,0.673456040861595,0.317145521627117,3.70559866929795,0.493479756978246,0.522878988750164,1.39581521797499,0.102699805979064,0,0.650520303726905,0.318794908246605,4,1000.00008696779,R-G,1
39,4,0,0.649895348837209,0.334858139534884,4,0.454590928352579,0.527012254784344,0,0,,0,0,0,0,0,0,0,0,0,0,0,0,0,0,0,,0
40,0,3,0.6641,0.277981395348837,4,0.53047614359264,0.499609429060521,31.5152333528983,-42.7087710687939,R8,1,0,1,0.6641,0.277981395348837,4,0.53047614359264,0.499609429060521,1.68704287857656,0.0134325604138656,0.0338654311579182,0.664210335129812,0.277616643704265,4,1000.00008696779,,1
40,1,2,0.663748837209302,0.293760465116279,4,0.510809045271099,0.508663612202346,65.0518247116339,25.2630510665707,R8,1.0957057884609,0.102760127910339,0.897239872089661,0.695508691824253,0.288799121556786,3.58895948835864,0.548230417493668,0.512199266377394,1.54605950657302,0,0.00774935222370597,0.663951193246389,0.293441443734306,4,1000.00008696779,B-R,1
40,2,1,0.663397674418605,0.309539534883721,4,0.492529466457058,0.517079020089765,51.373765716537,8.72651363421042,R6,1.07242017114303,0.0753966727486301,0.92460332725137,0.687404792733518,0.306928029828503,3.69841330900548,0.517982273659477,0.520380976314422,1.47741561432844,0.0599523699861629,0,0.663658819186941,0.309244653667765,4,1000.00008696779,R-G,1
40,3,0,0.663046511627907,0.325318604651163,4,0.475495575427864,0.524920948089245,0,0,,0,0,0,0,0,0,0,0,0,0,0,0,0,0,0,,0
41,0,2,0.6769,0.284220930232558,4,0.535432013487573,0.505846086773367,32.6975214498891,-45.7252570761165,R8,1,0,1,0.6769,0.284220930232558,4,0.535432013487573,0.505846086773367,1.69117836042389,0.0136154751011421,0.02188236484823,0.677058441360522,0.283873224782659,4,1000.00008696779,,1
41,1,1,0.676548837209302,0.3,4,0.51577010222643,0.51458933909177,65.2601724031999,23.806877790295,R8,1.07193428522026,0.0773072544803503,0.92269274551965,0.701340904965946,0.296719796593956,3.6907709820786,0.543890594699518,0.517739643222431,1.56420554286549,0.014486329614302,0,0.676795702094215,0.299695585775087,4,1000.00008696779,R-G,1
41,2,0,0.676197674418605,0.315779069767442,4,0.497482772927725,0.522721342749231,0,0,,0,0,0,0,0,0,0,0,0,0,0,0,0,0,0,,0
42,0,1,0.6897,0.290460465116279,4,0.540292234498099,0.511962376243035,33.0549048422962,-48.7076335952875,R8,1,0,1,0.6897,0.290460465116279,4,0.540292234498099,0.511962376243035,1.69513616932535,0.0137905312141265,0.0104141277096879,0.689908832122161,0.290130918348194,4,1000.00008696779,,1
42,1,0,0.689348837209302,0.306239534883721,4,0.520638846100478,0.520404802762502,0,0,,0,0,0,0,0,0,0,0,0,0,0,0,0,0,0,,0
43,0,0,0.7025,0.2967,4,0.545059549210537,0.51796174884587,0,0,,0,0,0,0,0,0,0,0,0,0,0,0,0,0,0,,0
