GridI,GridJ,GridK,Target_x,Target_y,Target_Y_lm,Target_u1976,Target_v1976,Best_Ra,Best_Rmin_8,Best_Worst_R,Best_RayT,Best_SingleWhiteRatio,Best_RGBWhiteRatio,Best_RGBPoint_x,Best_RGBPoint_y,Best_RGBPoint_Y_lm,Best_RGBPoint_u1976,Best_RGBPoint_v1976,Best_R_weight,Best_G_weight,Best_B_weight,Mix_x,Mix_y,Mix_Y_lm,Mix_CCT_K,BoundaryEdge,Valid
0,0,43,0.1521,0.0284,4,0.200355660936574,0.0841730883224659,0,0,,0,0,0,0,0,0,0,0,0,0,0,0,0,0,0,,0
0,1,42,0.151748837209302,0.0441790697674419,4,0.18811929713289,0.123227336283569,-35.1434503992244,-122.415906940857,R3,1,0,1,0.151748837209302,0.0441790697674418,4,0.18811929713289,0.123227336283568,0.0694298078174023,0.243053557465962,3.40934012139654,0.15181624149481,0.0439299491134796,4,24999.9994413748,,1
0,2,41,0.151397674418605,0.0599581395348837,4,0.177244208001459,0.157936865548312,-21.2512180170285,-83.6493690241476,R4,1,0,1,0.151397674418605,0.0599581395348837,4,0.177244208001459,0.157936865548312,0.0389176267728872,0.442183268043243,2.45294610144828,0.151452001183022,0.0596300381761207,4,24999.9994413748,,1
0,3,40,0.151046511627907,0.0757372093023256,4,0.16751520403584,0.188988486714845,-9.89998241760052,-72.2856080125638,R4,1,0,1,0.151046511627907,0.0757372093023256,4,0.16751520403584,0.188988486714845,0.0211192448739502,0.558339718187149,1.89506182604811,0.151087638716815,0.0753353925407963,4,24999.9994413748,,1
0,4,39,0.150695348837209,0.0915162790697674,4,0.158760181450008,0.21693149563954,-1.41126705212741,-61.9328528628318,R4,1,0,1,0.150695348837209,0.0915162790697674,4,0.158760181450008,0.21693149563954,0.00945839200450569,0.634441202167892,1.52955632725855,0.150723154034729,0.0910460148566686,4,24999.9994413748,,1
0,5,38,0.150344186046512,0.107295348837209,4,0.150839852818681,0.242210449686995,4.69973325419923,-53.2640272458813,R4,1,0,1,0.150344186046512,0.107295348837209,4,0.150839852818681,0.242210449686995,0.00122727608020925,0.688159411605023,1.27155477581221,0.150358547075262,0.106761907774677,4,24999.9994413748,,1
0,6,37,0.149993023255814,0.123074418604651,4,0.143640281280796,0.265188995974544,0,0,,0,0,0,0,0,0,0,0,0,0,0,0,0,0,0,,0
0,7,36,0.149641860465116,0.138853488372093,4,0.137067364223514,0.286167477548099,0,0,,0,0,0,0,0,0,0,0,0,0,0,0,0,0,0,,0
0,8,35,0.149290697674419,0.154632558139535,4,0.131042697321887,0.305396133939334,0,0,,0,0,0,0,0,0,0,0,0,0,0,0,0,0,0,,0
0,9,34,0.148939534883721,0.170411627906977,4,0.125500432091145,0.323085130773708,0,0,,0,0,0,0,0,0,0,0,0,0,0,0,0,0,0,,0
0,10,33,0.148588372093023,0.186190697674419,4,0.120384859238854,0.339412272875865,0,0,,0,0,0,0,0,0,0,0,0,0,0,0,0,0,0,,0
0,11,32,0.148237209302326,0.20196976744186,4,0.115648529491808,0.354529001941325,0,0,,0,0,0,0,0,0,0,0,0,0,0,0,0,0,0,,0
0,12,31,0.147886046511628,0.217748837209302,4,0.111250777422343,0.368565107973139,0,0,,0,0,0,0,0,0,0,0,0,0,0,0,0,0,0,,0
0,13,30,0.14753488372093,0.233527906976744,4,0.107156550923854,0.381632465191857,0,0,,0,0,0,0,0,0,0,0,0,0,0,0,0,0,0,,0
0,14,29,0.147183720930233,0.249306976744186,4,0.103335474964549,0.39382802021025,0,0,,0,0,0,0,0,0,0,0,0,0,0,0,0,0,0,,0
0,15,28,0.146832558139535,0.265086046511628,4,0.0997610966800023,0.405236201437212,0,0,,0,0,0,0,0,0,0,0,0,0,0,0,0,0,0,,0
0,16,27,0.146481395348837,0.28086511627907,4,0.0964102721091039,0.415930876404838,0,0,,0,0,0,0,0,0,0,0,0,0,0,0,0,0,0,,0
0,17,26,0.14613023255814,0.296644186046512,4,0.0932626645076163,0.425976952978317,0,0,,0,0,0,0,0,0,0,0,0,0,0,0,0,0,0,,0
0,18,25,0.145779069767442,0.312423255813953,4,0.0903003312524714,0.435431697814771,0,0,,0,0,0,0,0,0,0,0,0,0,0,0,0,0,0,,0
0,19,24,0.145427906976744,0.328202325581395,4,0.0875073816074132,0.444345828657149,0,0,,0,0,0,0,0,0,0,0,0,0,0,0,0,0,0,,0
0,20,23,0.145076744186047,0.343981395348837,4,0.0848696915628918,0.452764424466818,0,0,,0,0,0,0,0,0,0,0,0,0,0,0,0,0,0,,0
0,21,22,0.144725581395349,0.359760465116279,4,0.082374664945895,0.460727687878487,0,0,,0,0,0,0,0,0,0,0,0,0,0,0,0,0,0,,0
0,22,21,0.144374418604651,0.375539534883721,4,0.0800110322713268,0.468271587197152,0,0,,0,0,0,0,0,0,0,0,0,0,0,0,0,0,0,,0
0,23,20,0.144023255813953,0.391318604651163,4,0.0777686805569508,0.475428399570031,0,0,,0,0,0,0,0,0,0,0,0,0,0,0,0,0,0,,0
0,24,19,0.143672093023256,0.407097674418605,4,0.0756385086802654,0.482227172637467,0,0,,0,0,0,0,0,0,0,0,0,0,0,0,0,0,0,,0
0,25,18,0.143320930232558,0.422876744186046,4,0.0736123039141325,0.488694118588576,0,0,,0,0,0,0,0,0,0,0,0,0,0,0,0,0,0,,0
0,26,17,0.14296976744186,0.438655813953488,4,0.0716826361094998,0.49485295189345,0,0,,0,0,0,0,0,0,0,0,0,0,0,0,0,0,0,,0
0,27,16,0.142618604651163,0.45443488372093,4,0.0698427666509502,0.500725179885611,0,0,,0,0,0,0,0,0,0,0,0,0,0,0,0,0,0,,0
0,28,15,0.142267441860465,0.470213953488372,4,0.0680865698336707,0.506330353699574,0,0,,0,0,0,0,0,0,0,0,0,0,0,0,0,0,0,,0
0,29,14,0.141916279069767,0.485993023255814,4,0.0664084647286649,0.511686285733563,0,0,,0,0,0,0,0,0,0,0,0,0,0,0,0,0,0,,0
0,30,13,0.14156511627907,0.501772093023256,4,0.0648033559394028,0.516809238733826,0,0,,0,0,0,0,0,0,0,0,0,0,0,0,0,0,0,,0
0,31,12,0.141213953488372,0.517551162790698,4,0.0632665819250245,0.521714090729125,0,0,,0,0,0,0,0,0,0,0,0,0,0,0,0,0,0,,0
0,32,11,0.140862790697674,0.533330232558139,4,0.0617938697861327,0.526414479338877,0,0,,0,0,0,0,0,0,0,0,0,0,0,0,0,0,0,,0
0,33,10,0.140511627906977,0.549109302325581,4,0.0603812955895271,0.530922928402894,0,0,,0,0,0,0,0,0,0,0,0,0,0,0,0,0,0,,0
0,34,9,0.140160465116279,0.564888372093023,4,0.0590252494560861,0.535250959408817,0,0,,0,0,0,0,0,0,0,0,0,0,0,0,0,0,0,,0
0,35,8,0.139809302325581,0.580667441860465,4,0.0577224047577441,0.539409189804724,0,0,,0,0,0,0,0,0,0,0,0,0,0,0,0,0,0,,0
0,36,7,0.139458139534884,0.596446511627907,4,0.0564696908701824,0.543407419963133,0,0,,0,0,0,0,0,0,0,0,0,0,0,0,0,0,0,,0
0,37,6,0.139106976744186,0.612225581395349,4,0.055264269011413,0.547254710295899,0,0,,0,0,0,0,0,0,0,0,0,0,0,0,0,0,0,,0
0,38,5,0.138755813953488,0.628004651162791,4,0.0541035107660682,0.550959449797265,0,0,,0,0,0,0,0,0,0,0,0,0,0,0,0,0,0,,0
0,39,4,0.138404651162791,0.643783720930233,4,0.0529849789534412,0.554529417106472,0,0,,0,0,0,0,0,0,0,0,0,0,0,0,0,0,0,,0
0,40,3,0.138053488372093,0.659562790697674,4,0.0519064105461921,0.557971835025351,0,0,,0,0,0,0,0,0,0,0,0,0,0,0,0,0,0,,0
0,41,2,0.137702325581395,0.675341860465116,4,0.0508657013877853,0.561293419294983,0,0,,0,0,0,0,0,0,0,0,0,0,0,0,0,0,0,,0
0,42,1,0.137351162790698,0.691120930232558,4,0.049860892491487,0.564500422324571,0,0,,0,0,0,0,0,0,0,0,0,0,0,0,0,0,0,,0
0,43,0,0.137,0.7069,4,0.0488901577332096,0.567598672471629,0,0,,0,0,0,0,0,0,0,0,0,0,0,0,0,0,0,,0
1,0,42,0.1649,0.0346395348837209,4,0.213748166815633,0.101026733970093,0,0,,0,0,0,0,0,0,0,0,0,0,0,0,0,0,0,,0
1,1,41,0.164548837209302,0.0504186046511628,4,0.200918895281149,0.138515796707197,-22.4658200237092,-149.592212911855,R3,1,0,1,0.164548837209302,0.0504186046511628,4,0.200918895281149,0.138515796707197,0.424713321251107,0.220508034819197,2.9161026212217,0.164559724067703,0.0501400055453924,4,24999.9994413748,,1
1,2,40,0.164197674418605,0.0661976744186046,4,0.189496567966344,0.171893556633588,7.72284584817603,-85.459646837498,R3,1,0,1,0.164197674418605,0.0661976744186046,4,0.189496567966344,0.171893556633588,0.312390690288964,0.406242570890222,2.16742409729337,0.164197579057245,0.0658429229350516,4,24999.9994413748,,1
1,3,39,0.163846511627907,0.0819767441860465,4,0.179261773483995,0.20180116685283,22.4270973924026,-44.0143095780512,R3,1,0,1,0.163846511627907,0.0819767441860465,4,0.179261773483995,0.20180116685283,0.243308289175226,0.52047589690497,1.70696025619363,0.163835312581239,0.0815511071748044,4,24999.9994413748,,1
1,4,38,0.163495348837209,0.0977558139534884,4,0.170038468654879,0.228753052036081,30.6695454956771,-15.0035202568931,R3,1,0,1,0.163495348837209,0.0977558139534884,4,0.170038468654879,0.228753052036081,0.196527498222388,0.597831710512911,1.3951462146353,0.163472924578563,0.0972645609148936,4,24999.9994413748,,1
1,5,37,0.163144186046512,0.11353488372093,4,0.161683768011727,0.253166745028625,35.6302774195759,-6.16759399908423,R4,1,0,1,0.163144186046512,0.11353488372093,4,0.161683768011727,0.253166745028625,0.162749889023544,0.653685713578865,1.17000395808202,0.163110414988056,0.11298328680734,4,24999.9994413748,,1
1,6,36,0.162793023255814,0.129313953488372,4,0.154080488296103,0.275384672952327,38.4404425703549,-3.82243075817414,R4,1,0,1,0.162793023255814,0.129313953488372,4,0.154080488296103,0.275384672952327,0.137215462215282,0.695908949238921,0.99980604864551,0.162747783748515,0.128707287505946,4,24999.9994413748,,1
1,7,35,0.162441860465116,0.145093023255814,4,0.147131618026519,0.295690317960168,39.7853940016642,-1.96342802003737,R4,1,0,1,0.162441860465116,0.145093023255814,4,0.147131618026519,0.295690317960168,0.117234844860268,0.728948512709412,0.866626661905802,0.162385030798696,0.144436565666293,4,24999.9994413748,,1
1,8,34,0.162090697674419,0.160872093023256,4,0.140756156150698,0.314320377320768,40.2472552471366,-0.447056944960337,R4,1,0,1,0.162090697674419,0.160872093023256,4,0.140756156150698,0.314320377320768,0.101173807953502,0.755506733551865,0.759572960428948,0.162022156077315,0.160171123945746,4,24999.9994413748,,1
1,9,33,0.161739534883721,0.176651162790698,4,0.134885940039488,0.331474032497682,40.2430380484551,0.822925609869856,R4,1,0,1,0.161739534883721,0.176651162790698,4,0.134885940039488,0.331474032497682,0.087982021584187,0.777320417047923,0.671644044747787,0.161659159523044,0.175910965003456,4,24999.9994413748,,1
1,10,32,0.161388372093023,0.19243023255814,4,0.129463198867988,0.347320098538066,40.008581117288,1.91212314132815,R4,1,0,1,0.161388372093023,0.19243023255814,4,0.129463198867988,0.347320098538066,0.0769536594825812,0.7955567039032,0.598135279961464,0.161296041074518,0.191656091500358,4,24999.9994413748,,1
1,11,31,0.161037209302326,0.208209302325581,4,0.124438645957442,0.36200259853684,39.6644397764211,2.86589946956499,R4,1,0,1,0.161037209302326,0.208209302325581,4,0.124438645957442,0.36200259853684,0.0675968585751988,0.811028929408916,0.535768187666489,0.160932800670327,0.207406506099175,4,24999.9994413748,,1
1,12,30,0.160686046511628,0.223988372093023,4,0.119769976468957,0.37564515360181,39.2712189360302,3.71595178822335,R4,1,0,1,0.160686046511628,0.223988372093023,4,0.119769976468957,0.37564515360181,0.0595583548002796,0.824321244203813,0.482188111334166,0.160569438249022,0.22316221146442,4,24999.9994413748,,1
1,13,29,0.16033488372093,0.239767441860465,4,0.11542067339887,0.388354471914928,38.8592912216331,3.37267003570254,R1,1,0,1,0.16033488372093,0.239767441860465,4,0.11542067339887,0.388354471914928,0.0525778771769181,0.835864027361787,0.435660233215515,0.160205953749112,0.238923210262394,4,24999.9994413748,,1
1,14,28,0.159983720930233,0.255546511627907,4,0.111359050502745,0.400223145452471,38.4431625318383,1.15831293049993,R1,1,0,1,0.159983720930233,0.255546511627907,4,0.111359050502745,0.400223145452471,0.0464594378786153,0.84598136057251,0.394878210364372,0.159842347109065,0.254689505161192,4,24999.9994413748,,1
1,15,27,0.159632558139535,0.271325581395349,4,0.107557479054011,0.411331909512699,38.0281935272029,-0.806101574071803,R1,1,0,1,0.159632558139535,0.271325581395349,4,0.107557479054011,0.411331909512699,0.0410526401443644,0.854921937019116,0.358839583845534,0.159478618267307,0.270461098830701,4,24999.9994413748,,1
1,16,26,0.159281395348837,0.287104651162791,4,0.103991758519145,0.421751481697702,37.6134821800315,-2.56040867674099,R1,1,0,1,0.159281395348837,0.287104651162791,4,0.103991758519145,0.421751481697702,0.0362401500141294,0.862879777874775,0.326762272476836,0.159114767162222,0.286237993942605,4,24999.9994413748,,1
1,17,25,0.15893023255814,0.302883720930233,4,0.100640600839408,0.431544068919814,37.1927345531774,-4.13645768833518,R1,1,0,1,0.15893023255814,0.302883720930233,4,0.100640600839408,0.431544068919814,0.0319290841089195,0.870008473303442,0.298027168688554,0.158750793732154,0.302020193170381,4,24999.9994413748,,1
1,18,24,0.158579069767442,0.318662790697674,4,0.0974852050914929,0.440764610307221,36.7543961351268,-5.56000277813199,R1,1,0,1,0.158579069767442,0.318662790697674,4,0.0974852050914929,0.440764610307221,0.0280449560933921,0.876431192472544,0.272137789099556,0.158386697915406,0.317807699189307,4,24999.9994413748,,1
1,19,23,0.158227906976744,0.334441860465116,4,0.0945089045729264,0.449461808473547,36.2828548453808,-6.85208566846104,R1,1,0,1,0.158227906976744,0.334441860465116,4,0.0945089045729264,0.449461808473547,0.024527336784983,0.882247859912804,0.248691347282777,0.158022479650238,0.333600514676459,4,24999.9994413748,,1
1,20,22,0.157876744186047,0.350220930232558,4,0.0916968723217596,0.457678990033653,34.7582539176752,-9.12388620717255,R1,1,0,1,0.157876744186047,0.350220930232558,4,0.0916968723217596,0.457678990033653,0.0213266874557572,0.887540391909229,0.227357646363462,0.157658138874869,0.349398642310715,4,21780.7413896273,,1
1,21,21,0.157525581395349,0.366,4,0.0890358740857971,0.465454827464733,32.8590878167445,-11.6978234118672,R1,1,0,1,0.157525581395349,0.366,4,0.0890358740857971,0.465454827464733,0.0184020122744384,0.892376578377687,0.207863431538156,0.157293675527475,0.365202084772754,4,18641.4215011415,,1
1,22,20,0.157174418604651,0.381779069767442,4,0.0865140600548513,0.47282394769602,31.0741718739216,-14.0571475587327,R1,1,0,1,0.157174418604651,0.381779069767442,4,0.0865140600548513,0.47282394769602,0.0157190929010597,0.89681300210514,0.189980622890655,0.156929089546194,0.38101084474506,4,16550.8682153157,,1
1,23,19,0.156823255813954,0.397558139534884,4,0.0841207884405957,0.479817447635015,29.3825357408983,-16.2270153148113,R1,1,0,1,0.156823255813954,0.397558139534884,4,0.0841207884405957,0.479817447635015,0.013249143494904,0.900897262802576,0.1735173504429,0.15656438086912,0.396824924911922,4,15054.1539999718,,1
1,24,18,0.156472093023256,0.413337209302326,4,0.0818464753635212,0.486463332820396,27.7647736045911,-18.2289624524406,R1,1,0,1,0.156472093023256,0.413337209302326,4,0.0818464753635212,0.486463332820396,0.0109677737913477,0.904669691741133,0.158311042617286,0.156199549434303,0.412644327959436,4,13927.3003050687,,1
1,25,17,0.156120930232558,0.429116279069767,4,0.0796824665813644,0.492786892250865,26.2026807086426,-20.0814458999294,R1,1,0,1,0.156120930232558,0.429116279069767,4,0.0796824665813644,0.492786892250865,0.00885418095142287,0.908164688094084,0.14422303956727,0.155834595179757,0.428469056575507,4,13046.9450468909,,1
1,26,16,0.15576976744186,0.444895348837209,4,0.0776209274391908,0.498811019967564,24.6788013893231,-21.8003688599906,R1,1,0,1,0.15576976744186,0.444895348837209,4,0.0776209274391908,0.498811019967564,0.00689051338704109,0.911411770903167,0.131134352799572,0.155469518043449,0.44429911344985,4,12339.3888181961,,1
1,27,15,0.155418604651163,0.460674418604651,4,0.0756547480910846,0.504556492010573,23.1760038065965,-23.3994783528945,R1,1,0,1,0.155418604651163,0.460674418604651,4,0.0756547480910846,0.504556492010573,0.00506136532818036,0.914436414852544,0.118942296247622,0.155104317963307,0.460134501273991,4,11757.8235500137,,1
1,28,14,0.155067441860465,0.476453488372093,4,0.0737774615768896,0.510042205811003,21.6770040934443,-24.8907193519906,R1,1,0,1,0.155067441860465,0.476453488372093,4,0.0737774615768896,0.510042205811003,0.00335337182287063,0.917260719969007,0.10755778677272,0.154738994877216,0.47597522274127,4,11271.0479488482,,1
1,29,13,0.154716279069767,0.492232558139535,4,0.0719831727648082,0.515285387831416,20.1638523279067,-26.2845196137192,R1,1,0,1,0.154716279069767,0.492232558139535,4,0.0719831727648082,0.515285387831416,0.00175488163357252,0.919903952514223,0.0969031638780609,0.154373548723021,0.491821280546842,4,10857.438809292,,1
1,30,12,0.15436511627907,0.508011627906977,4,0.0702664965148339,0.520301774261589,18.6173436468411,-27.5900218746829,R1,1,0,1,0.15436511627907,0.508011627906977,4,0.0702664965148339,0.520301774261589,0.000255691093471246,0.922382985074826,0.0869104157467546,0.154007979438522,0.507672677387675,4,10501.5234327951,,1
1,31,11,0.154013953488372,0.523790697674419,4,0.0686225036965963,0.525105768762493,0,0,,0,0,0,0,0,0,0,0,0,0,0,0,0,0,0,,0
1,32,10,0.153662790697674,0.53956976744186,4,0.0670466739218119,0.529710580589189,0,0,,0,0,0,0,0,0,0,0,0,0,0,0,0,0,0,,0
1,33,9,0.153311627906977,0.555348837209302,4,0.0655348540367299,0.534128345882152,0,0,,0,0,0,0,0,0,0,0,0,0,0,0,0,0,0,,0
1,34,8,0.152960465116279,0.571127906976744,4,0.0640832215719793,0.538370234472317,0,0,,0,0,0,0,0,0,0,0,0,0,0,0,0,0,0,,0
1,35,7,0.152609302325581,0.586906976744186,4,0.0626882524725377,0.542446544178968,0,0,,0,0,0,0,0,0,0,0,0,0,0,0,0,0,0,,0
1,36,6,0.152258139534884,0.602686046511628,4,0.0613466925342675,0.546366784276484,0,0,,0,0,0,0,0,0,0,0,0,0,0,0,0,0,0,,0
1,37,5,0.151906976744186,0.61846511627907,4,0.060055532059651,0.550139749554089,0,0,,0,0,0,0,0,0,0,0,0,0,0,0,0,0,0,,0
1,38,4,0.151555813953488,0.634244186046512,4,0.0588119833172471,0.553773586182717,0,0,,0,0,0,0,0,0,0,0,0,0,0,0,0,0,0,,0
1,39,3,0.151204651162791,0.650023255813953,4,0.0576134604495619,0.557275850427241,0,0,,0,0,0,0,0,0,0,0,0,0,0,0,0,0,0,,0
1,40,2,0.150853488372093,0.665802325581395,4,0.0564575615245726,0.560653561094616,0,0,,0,0,0,0,0,0,0,0,0,0,0,0,0,0,0,,0
1,41,1,0.150502325581395,0.681581395348837,4,0.0553420524687399,0.56391324648404,0,0,,0,0,0,0,0,0,0,0,0,0,0,0,0,0,0,,0
1,42,0,0.150151162790698,0.697360465116279,4,0.0542648526553554,0.567060986499974,0,0,,0,0,0,0,0,0,0,0,0,0,0,0,0,0,0,,0
2,0,41,0.1777,0.0408790697674419,4,0.226719698779183,0.117350609814897,0,0,,0,0,0,0,0,0,0,0,0,0,0,0,0,0,0,,0
2,1,40,0.177348837209302,0.0566581395348837,4,0.213339152182488,0.15335115355887,-49.7825375246285,-180.535173448439,R3,1.0542431179969,0.309122852828705,0.690877147171294,0.169101108044481,0.0412670963170153,2.76350858868518,0.214255243056232,0.117644447580603,0.470481838315642,0,2.48355286975086,0.177303102176479,0.0563556404192852,4,24999.9994413748,B-R,1
2,2,39,0.176997674418605,0.0724372093023256,4,0.201405437303762,0.185458976764372,-1.62890018491276,-98.5740127842426,R3,1.06769784563707,0.297957500768005,0.702042499231996,0.166680365306665,0.0542967056611955,2.80816999692798,0.200928670365378,0.1472697214259,0.315841386860529,0.180894981533663,1.88487327497989,0.176942321751711,0.0720637862293416,4,24999.9994413748,,1
2,3,38,0.176646511627907,0.0882162790697674,4,0.19069592287608,0.214273071901988,26.6108179320315,-44.6219201094848,R3,1.04902148433892,0.180319581369952,0.819680418630049,0.169158308889959,0.0758538587436554,3.27872167452019,0.189430726476831,0.191124906839575,0.299164576365009,0.369594868228482,1.51749770878647,0.17658311043738,0.0877741306315758,4,24999.9994413748,,1
2,4,37,0.176295348837209,0.103995348837209,4,0.181031425634119,0.240275533999362,43.601575777026,-7.57525267208658,R3,1.0237001977014,0.0757800377048189,0.924219962295181,0.172666738335647,0.0983925118671207,3.69687984918072,0.180077998469646,0.230885434204043,0.304455905471965,0.515868314930149,1.26511040613904,0.176224210034936,0.10348796628649,4,24999.9994413748,,1
2,5,36,0.175944186046512,0.119774418604651,4,0.172266104407978,0.26385875072009,53.6647213700332,18.7319728027907,R3,1,0,1,0.175944186046512,0.119774418604651,4,0.172266104407978,0.26385875072009,0.307443766921271,0.622803764841262,1.07903352766791,0.175865187646319,0.119206083006702,4,24999.9994413748,,1
2,6,35,0.175593023255814,0.135553488372093,4,0.164280049563599,0.285345340575682,59.2435451280085,35.0728668471601,R4,1,0,1,0.175593023255814,0.135553488372093,4,0.164280049563599,0.285345340575682,0.266241636736507,0.666678268016222,0.927259227917411,0.175504655431058,0.134932919114644,4,24999.9994413748,,1
2,7,34,0.175241860465116,0.151332558139535,4,0.15697376479558,0.305002999737523,61.685984470063,33.3322272254037,R4,1,0,1,0.175241860465116,0.151332558139535,4,0.15697376479558,0.305002999737523,0.233631594001335,0.701403400360204,0.807135186301837,0.175144002196231,0.150665034237364,4,24999.9994413748,,1
2,8,33,0.174890697674419,0.167111627906977,4,0.150264000519509,0.323055712351828,61.9938054646946,31.7759675498818,R4,1,0,1,0.174890697674419,0.167111627906977,4,0.150264000519509,0.323055712351828,0.207179783890454,0.729570876689437,0.709695929187966,0.174783227880892,0.166402431033312,4,24999.9994413748,,1
2,9,32,0.174539534883721,0.182890697674419,4,0.144080567783253,0.339692322754908,61.1536296144175,30.4324395403386,R4,1,0,1,0.174539534883721,0.182890697674419,4,0.144080567783253,0.339692322754908,0.185292284184881,0.752878001127367,0.629070002173853,0.174422332424058,0.182145112162726,4,24999.9994413748,,1
2,10,31,0.174188372093023,0.19866976744186,4,0.138363873656443,0.355073166541513,59.8488188862511,29.2922387941789,R4,1,0,1,0.174188372093023,0.19866976744186,4,0.138363873656443,0.355073166541513,0.166881552880823,0.772482853726759,0.561251279233129,0.174061315764702,0.197893080287627,4,24999.9994413748,,1
2,11,30,0.173837209302326,0.214448837209302,4,0.133062994424705,0.3693352546621,58.4119031436115,28.333645073894,R4,1,0,1,0.173837209302326,0.214448837209302,4,0.133062994424705,0.3693352546621,0.151180131801962,0.789202670053892,0.503412711696801,0.173700177841758,0.213646338071825,4,24999.9994413748,,1
2,12,29,0.173486046511628,0.230227906976744,4,0.128134154479302,0.382596365991091,56.9810554511417,27.5323297318872,R4,1,0,1,0.173486046511628,0.230227906976744,4,0.128134154479302,0.382596365991091,0.13763095909216,0.803630643035108,0.453502277672949,0.173338918594117,0.229404888180922,4,24999.9994413748,,1
2,13,28,0.17313488372093,0.246006976744186,4,0.123539514623522,0.394958307405103,55.6063109585231,26.8648828930881,R4,1,0,1,0.17313488372093,0.246006976744186,4,0.123539514623522,0.394958307405103,0.125819894336113,0.816207774261456,0.409994428088029,0.17297753796063,0.245168733282309,4,24999.9994413748,,1
2,14,27,0.172783720930233,0.261786046511628,4,0.119246198773624,0.406509532457381,54.296838000573,23.9755882247915,R1,1,0,1,0.172783720930233,0.261786046511628,4,0.119246198773624,0.406509532457381,0.115432645839922,0.827268740407661,0.371731421787767,0.172616035880107,0.260937876045171,4,24999.9994413748,,1
2,15,26,0.172432558139535,0.27756511627907,4,0.115225506071616,0.417327261199156,53.0383407228506,20.8533038145262,R1,1,0,1,0.172432558139535,0.27756511627907,4,0.115225506071616,0.417327261199156,0.106226389544123,0.837072115118343,0.337818779495906,0.172254412291318,0.276712319140488,4,24999.9994413748,,1
2,16,25,0.172081395348837,0.293344186046512,4,0.111452268470508,0.427479208605299,51.7979960340668,18.0474736879097,R1,1,0,1,0.172081395348837,0.293344186046512,4,0.111452268470508,0.427479208605299,0.0980105476986403,0.84582083702952,0.307554479146207,0.171892667132989,0.292492065241034,4,24999.9994413748,,1
2,17,24,0.17173023255814,0.309123255813953,4,0.107904323391496,0.437025003397399,50.5346068225184,15.5135414832143,R1,1,0,1,0.17173023255814,0.309123255813953,4,0.107904323391496,0.437025003397399,0.0906334544056518,0.853676409099551,0.28037983638583,0.171530800343807,0.308277117021381,4,24999.9994413748,,1
2,18,23,0.171379069767442,0.324902325581395,4,0.104562078102664,0.446017360088822,49.2326915325868,13.2146077229646,R1,1,0,1,0.171379069767442,0.324902325581395,4,0.104562078102664,0.446017360088822,0.0839729067362916,0.860768960347651,0.255844698179654,0.171168811862417,0.324067477157901,4,24999.9994413748,,1
2,19,22,0.171027906976744,0.340681395348837,4,0.101408147731409,0.454503052917232,46.9300806283931,9.78652401602527,R1,1,0,1,0.171027906976744,0.340681395348837,4,0.101408147731409,0.454503052917232,0.0779293416659169,0.867204511463071,0.233582309015807,0.170806701627423,0.339863148328764,4,20926.3481606241,,1
2,20,21,0.170676744186047,0.356460465116279,4,0.0984270527876444,0.462523729662564,44.5694121552102,6.41481300677937,R1,1,0,1,0.170676744186047,0.356460465116279,4,0.0984270527876444,0.462523729662564,0.0724208251870231,0.873070310698663,0.213290852542583,0.170444469577387,0.355664133213946,4,17922.2350430323,,1
2,21,20,0.170325581395349,0.372239534883721,4,0.0956049650880012,0.470116595241421,42.3364745231945,3.31799254947046,R1,1,0,1,0.170325581395349,0.372239534883721,4,0.0956049650880012,0.470116595241421,0.0673793158779224,0.878438812647393,0.194719687856603,0.170082115650831,0.371470434495221,4,15927.7469508183,,1
2,22,19,0.169974418604651,0.388018604651163,4,0.0929294932800339,0.477314988757145,40.2175615085434,0.465013761451658,R1,1,0,1,0.169974418604651,0.388018604651163,4,0.0929294932800339,0.477314988757145,0.0627478401402429,0.883370686219132,0.177658944061426,0.169719639786234,0.387282054856173,4,14502.9982242725,,1
2,23,18,0.169623255813953,0.403797674418605,4,0.0903895009480376,0.484148872888602,38.1956071871787,-2.1709374982328,R1,1,0,1,0.169623255813953,0.403797674418605,4,0.0903895009480376,0.484148872888602,0.0584783297303542,0.887917117367088,0.161931554486361,0.169357041922035,0.403098996982189,4,13432.2504118098,,1
2,24,17,0.169272093023256,0.419576744186046,4,0.0879749516685895,0.490645250770372,36.2525783142099,-4.61303454964165,R1,1,0,1,0.169272093023256,0.419576744186046,4,0.0879749516685895,0.490645250770372,0.0545299472359851,0.892121592220896,0.147387088325443,0.168994321996631,0.418921263560466,4,12596.9919987412,,1
2,25,16,0.168920930232558,0.435355813953488,4,0.0856767764696724,0.496828522595781,34.3702468269556,-6.88137024959522,R1,1,0,1,0.168920930232558,0.435355813953488,4,0.0856767764696724,0.496828522595781,0.05086777570217,0.896021292451615,0.133896923675738,0.168631479948378,0.434748857280009,4,11926.5695955213,,1
2,26,15,0.16856976744186,0.45113488372093,4,0.0834867600030638,0.50272079187166,32.530291782904,-8.99342419041255,R1,1,0,1,0.16856976744186,0.45113488372093,4,0.0834867600030638,0.50272079187166,0.047461783250122,0.899648197807749,0.121350433553821,0.168268515715589,0.450581780831634,4,11376.1767301758,,1
2,27,14,0.168218604651163,0.466913953488372,4,0.0813974424184045,0.508342129427492,30.7140753606217,-10.9644602540547,R1,1,0,1,0.168218604651163,0.466913953488372,4,0.0813974424184045,0.508342129427492,0.0442859976365149,0.90302996509411,0.109651945259611,0.167905429236536,0.466420036907971,4,10915.9864236091,,1
2,28,13,0.167867441860465,0.482693023255814,4,0.0794020344688188,0.513710801824917,28.9022257909399,-12.807867633473,R1,1,0,1,0.167867441860465,0.482693023255814,4,0.0794020344688188,0.513710801824917,0.0413178427130122,0.906190634749563,0.0987182961243478,0.167542220449451,0.482263628203463,4,10525.3475811409,,1
2,29,12,0.167516279069767,0.498472093023256,4,0.0774943438122974,0.518843469644857,27.0740933931078,-14.5354223143698,R1,1,0,1,0.167516279069767,0.498472093023256,4,0.0774943438122974,0.518843469644857,0.0385376009115238,0.909151203225016,0.0884768534934512,0.167178889292523,0.49811255741437,4,10189.5008162252,,1
2,30,11,0.16716511627907,0.514251162790698,4,0.0756687108233279,0.523755360187211,25.2070331094546,-16.1575234260753,R1,1,0,1,0.16716511627907,0.514251162790698,4,0.0756687108233279,0.523755360187211,0.035927974686743,0.911930089985754,0.078863899233549,0.166815435703899,0.513966827238766,4,9897.60741529973,,1
2,31,10,0.166813953488372,0.53003023255814,4,0.0739199525131547,0.52846041835416,23.2754941130834,-17.6833860088045,R1,1,0,1,0.166813953488372,0.53003023255814,4,0.0739199525131547,0.52846041835416,0.0334737262941624,0.914543521097435,0.0698233028001284,0.166451859621685,0.529826440376547,4,9641.52350282373,,1
2,32,9,0.166462790697674,0.545809302325581,4,0.0722433133882618,0.532971438866093,21.2498404175394,-19.1212002174532,R1,1,0,1,0.166462790697674,0.545809302325581,4,0.0722433133882618,0.532971438866093,0.0311613800510989,0.917005846276448,0.061305424470831,0.166088160983946,0.545691399529427,4,9415.00932033601,,1
2,33,8,0.166111627906977,0.561588372093023,4,0.0706344222658433,0.537300182450172,19.0947830002294,-20.4782715598472,R1,1,0,1,0.166111627906977,0.561588372093023,4,0.0706344222658433,0.537300182450172,0.0289789747915346,0.919329802490857,0.0532662034752943,0.165724339728703,0.561561707400943,4,9213.2002906647,,1
2,34,7,0.165760465116279,0.577367441860465,4,0.0690892542204814,0.541457478223319,16.767264212505,-21.7611305429562,R1,1,0,1,0.165760465116279,0.577367441860465,4,0.0690892542204814,0.541457478223319,0.0269158569124314,0.921526734337127,0.0456663956498378,0.165360395793938,0.577437366696454,4,9032.24860611963,,1
2,35,6,0.165409302325581,0.593146511627907,4,0.0676040969645356,0.545453314146238,14.2135164916667,-22.9756393053611,R1,1,0,1,0.165409302325581,0.593146511627907,4,0.0676040969645356,0.545453314146238,0.024962506452725,0.923606779241647,0.0384709327730447,0.164996329117588,0.593318380123145,4,8869.06766710097,,1
2,36,5,0.165058139534884,0.608925581395349,4,0.0661755210710412,0.54929691713911,11.3649087277263,-24.1270670298216,R1,1,0,1,0.165058139534884,0.608925581395349,4,0.0661755210710412,0.54929691713911,0.0231103902131785,0.925579023867543,0.0316483815104484,0.164632139637552,0.609204750390027,4,8721.15485040585,,1
2,37,4,0.164706976744186,0.624704651162791,4,0.0648003535363239,0.552996824211749,8.13190386507589,-25.220174548648,R1,1,0,1,0.164706976744186,0.624704651162791,4,0.0648003535363239,0.552996824211749,0.0213518371360218,0.927451636817919,0.0251704843565227,0.164267827291683,0.625096480207939,4,8586.45627434441,,1
2,38,3,0.164355813953488,0.640483720930233,4,0.0634756542533484,0.556560945762369,4.39507588720892,-26.2592707219245,R1,1,0,1,0.164355813953488,0.640483720930233,4,0.0634756542533484,0.556560945762369,0.0196799321056067,0.929231981723297,0.0190117684332758,0.163903392017795,0.640993572289549,4,8463.27232659145,,1
2,39,2,0.164004651162791,0.656262790697674,4,0.0621986950286554,0.559996622032813,-0.00867100937673548,-31.36889443079,R4,1,0,1,0.164004651162791,0.656262790697674,4,0.0621986950286554,0.559996622032813,0.0180884250696944,0.930926714014734,0.0131492107247205,0.163538833753659,0.656896029349355,4,8350.1834858188,,1
2,40,1,0.163653488372093,0.672041860465116,4,0.0609669408277334,0.563310673568127,-5.30794348285672,-39.1102444877771,R4,1,0,1,0.163653488372093,0.672041860465116,4,0.0609669408277334,0.563310673568127,0.0165716529633524,0.932541864063942,0.00756195047169848,0.163174152437004,0.672803854103689,4,8245.9953025004,,1
2,41,0,0.163302325581395,0.687820930232558,4,0.0597780329775198,0.566509446410466,-11.8328762176915,-48.7919893078757,R4,1,0,1,0.163302325581395,0.687820930232558,4,0.0597780329775198,0.566509446410466,0.0151244723795573,0.934082908879676,0.00223104115382893,0.162809348005517,0.688717049270717,4,8149.69440780721,,1
3,0,40,0.1905,0.0471186046511628,4,0.239289798744178,0.133169308158463,0,0,,0,0,0,0,0,0,0,0,0,0,0,0,0,0,0,,0
3,1,39,0.190148837209302,0.0628976744186047,4,0.225396685375294,0.167753255631885,-75.8576275284047,-186.249188419089,R3,1.05613566146258,0.287656439400342,0.712343560599658,0.182331881076613,0.0473198978146888,2.84937424239863,0.227688940398203,0.1329552955386,0.70860921485132,0,2.17858750821807,0.190053261383466,0.0625691371022761,4,24999.9994413748,B-R,1
3,2,38,0.189797674418605,0.0786767441860465,4,0.212985060799376,0.198649352208389,-14.1918504770611,-102.870189654425,R3,1.14121938909853,0.535387662001424,0.464612337998576,0.170083119283265,0.0417163458871205,1.8584493519943,0.21526580119144,0.118796215524083,0.328670703736436,0,1.64919637207025,0.189692414002915,0.0782868549020262,4,24999.9994413748,B-R,1
3,3,37,0.189446511627907,0.0944558139534884,4,0.201829952653134,0.226417618683058,20.0117172664136,-49.6983652516006,R3,1.16691954596481,0.515498180763457,0.484501819236543,0.166085538892646,0.05340292208592,1.93800727694617,0.200788644036231,0.145262952244773,0.213964585630647,0.121349132913064,1.32535027791079,0.189333483604709,0.094006105957963,4,24999.9994413748,,1
3,4,36,0.189095348837209,0.11023488372093,4,0.191749745016773,0.251510149216774,42.0494182829435,-11.3401446159469,R3,1.15160219402338,0.406512127090281,0.593487872909719,0.167824855889245,0.0753413471053767,2.37395149163888,0.188120918250345,0.190018859127332,0.203011985335362,0.270184969901272,1.10891832461897,0.188975692286048,0.10972666279708,4,24999.9994413748,,1
3,5,35,0.188744186046512,0.126013953488372,4,0.182596213985844,0.274295915658368,56.4975134112727,16.2455325111746,R3,1.1291497820521,0.308967669393874,0.691032330606126,0.170578518330057,0.0983260423063831,2.7641293224245,0.177743562587371,0.23052637435203,0.206661728338387,0.392153696249242,0.949147095620724,0.188618040240176,0.125450922620482,4,24999.9994413748,,1
3,6,34,0.188393023255814,0.141793023255814,4,0.17424719057621,0.295079031680427,65.3525895676974,37.0809746581008,R3,1.10195233031694,0.222110473605441,0.777889526394559,0.174017033385798,0.121544579159542,3.11155810557824,0.169339005958557,0.266123580442945,0.217745546473062,0.494212488759851,0.826645081077645,0.188260482033634,0.141178748178035,4,24999.9994413748,,1
3,7,33,0.188041860465116,0.157572093023256,4,0.166601076773142,0.314112403907372,70.3958985548088,52.719481506873,R3,1.07883224305165,0.15785568016241,0.842144319837589,0.176898281251973,0.143159359023841,3.36857727935036,0.162138945487817,0.295233744077439,0.222714131760764,0.572413083514989,0.727869810216339,0.187902722041381,0.156911409329494,4,24999.9994413748,,1
3,8,32,0.187690697674419,0.173351162790698,4,0.159572690721762,0.331608074429162,72.9377285700049,54.4120678143774,R4,1.06118971623029,0.113226530223105,0.886773469776895,0.179019545677924,0.163129491845261,3.54709387910758,0.15568559123503,0.319200065007737,0.220846884015823,0.631172861710124,0.645846560948063,0.187544685249981,0.172649475800615,4,24999.9994413748,,1
3,9,31,0.187339534883721,0.18913023255814,4,0.15309007981756,0.347745153933865,73.7552000467926,52.7846693713175,R4,1.04722115696453,0.0811571543353293,0.918842845664671,0.180631275362012,0.18198709912578,3.67537138265868,0.149821196559118,0.339627957634035,0.215466042918484,0.676771530383735,0.576716566497631,0.187186418291233,0.188392899870795,4,24999.9994413748,,1
3,10,30,0.186988372093023,0.204909302325581,4,0.147092048467841,0.362675975819132,73.4935294920326,51.0539004159474,R4,1.03599621671532,0.0577200322606546,0.942279967739345,0.181862092272103,0.200032149809184,3.76911987095738,0.144430661608641,0.357437026060404,0.20815089480197,0.712923053790607,0.517660434432286,0.186827944341444,0.204141695587578,4,24999.9994413748,,1
3,11,29,0.186637209302326,0.220688372093023,4,0.141526220283179,0.376530919953938,72.6271490204514,49.6231882492117,R4,1.02365334464007,0.0356409892867335,0.964359010713267,0.183260391812176,0.217856791700716,3.85743604285307,0.139686545711616,0.373628149438175,0.203373117232568,0.74521355315972,0.467358450433002,0.186469419217565,0.219894904169733,4,24999.9994413748,,1
3,12,28,0.186286046511628,0.236467441860465,4,0.136347504602194,0.389422229938646,71.2291403777263,48.7302305206956,R4,1.00635707880136,0.00909334539619615,0.990906654603804,0.185376259831728,0.235806734398345,3.96362661841521,0.135833445598085,0.38876872815148,0.204780471395599,0.778062485315495,0.424919787069216,0.186111021822383,0.235651131045954,4,24999.9994413748,,1
3,13,27,0.18593488372093,0.252246511627907,4,0.131516872230319,0.401447060642648,69.3621303611227,47.3160708814534,R4,1,0,1,0.18593488372093,0.252246511627907,4,0.131516872230319,0.401447060642648,0.195438502647593,0.79752394988659,0.385598354584408,0.185752035651167,0.251415681043273,4,24999.9994413748,,1
3,14,26,0.185583720930233,0.268025581395349,4,0.127000370015238,0.412689931208995,67.0651430518844,44.4906067763523,R1,1,0,1,0.185583720930233,0.268025581395349,4,0.127000370015238,0.412689931208995,0.18119451304132,0.809427365783454,0.349662330302747,0.18539263909996,0.267187672559399,4,24999.9994413748,,1
3,15,25,0.185232558139535,0.283804651162791,4,0.122768321611386,0.423224714580992,64.7351957991252,40.5246971128131,R1,1,0,1,0.185232558139535,0.283804651162791,4,0.122768321611386,0.423224714580992,0.168534408017933,0.820007161160796,0.317722273190626,0.185033121734414,0.282964965970377,4,24999.9994413748,,1
3,16,24,0.184881395348837,0.299583720930233,4,0.118794674644191,0.433116262597811,62.4956405678092,36.9149663237903,R1,1,0,1,0.184881395348837,0.299583720930233,4,0.118794674644191,0.433116262597811,0.157207918050845,0.829472481233098,0.289146780668219,0.1846734834936,0.298747563950075,4,24999.9994413748,,1
3,17,23,0.18453023255814,0.315362790697674,4,0.115056463914715,0.442421742232224,60.3916766024732,33.6009874623564,R1,1,0,1,0.18453023255814,0.315362790697674,4,0.115056463914715,0.442421742232224,0.147014862215383,0.837990613176695,0.263430818207381,0.184313724316547,0.314535469174159,4,24907.7583756879,,1
3,18,22,0.184179069767442,0.331141860465116,4,0.111533367273434,0.451191741148288,57.8186123262721,29.0613402621965,R1,1,0,1,0.184179069767442,0.331141860465116,4,0.111533367273434,0.451191741148288,0.137793214458292,0.845696958908561,0.240165611837824,0.183953844142245,0.330328684320096,4,20046.390796241,,1
3,19,21,0.183827906976744,0.346920930232558,4,0.108207336020972,0.459471187739988,55.341992953648,24.8885708400961,R1,1,0,1,0.183827906976744,0.346920930232558,4,0.108207336020972,0.459471187739988,0.129410426571848,0.852702286302481,0.219016756962038,0.18359384290964,0.346127212067153,4,17183.1656181367,,1
3,20,20,0.183476744186047,0.3627,4,0.105062285642375,0.467300120982428,52.9426770870941,21.0447498160172,R1,1,0,1,0.183476744186047,0.3627,4,0.105062285642375,0.467300120982428,0.12175701610424,0.859098087643507,0.199708041356098,0.183233720557639,0.361931055096399,4,15288.3544358977,,1
3,21,19,0.183125581395349,0.378479069767442,4,0.102083835688895,0.474714337940744,50.6084997975045,17.4956440069914,R1,1,0,1,0.183125581395349,0.378479069767442,4,0.102083835688895,0.474714337940744,0.114741758218234,0.864960597695052,0.182009314756171,0.182873477025107,0.37774021609071,4,13938.1102120861,,1
3,22,18,0.182774418604651,0.394258139534884,4,0.0992590899303041,0.481745941034091,48.333392702008,14.2108563716765,R1,1,0,1,0.182774418604651,0.394258139534884,4,0.0992590899303041,0.481745941034091,0.108288032143596,0.870353846895193,0.165727271358496,0.182513112250868,0.393554697734766,4,12925.3707157061,,1
3,23,17,0.182423255813953,0.410037209302326,4,0.0965764496870949,0.488423802705401,46.114012909692,11.1635662641712,R1,1,0,1,0.182423255813953,0.410037209302326,4,0.0965764496870949,0.488423802705401,0.102331011205378,0.875332009593565,0.15069836056879,0.182152626173706,0.409374502715054,4,12136.7000206095,,1
3,24,16,0.182072093023256,0.425816279069767,4,0.0940254546437161,0.494773961682925,43.9453925614575,8.33015490268502,R1,1,0,1,0.182072093023256,0.425816279069767,4,0.0940254546437161,0.494773961682925,0.096815477610929,0.879941230189944,0.136783273949438,0.181792018732362,0.425199633719871,4,11504.614307246,,1
3,25,15,0.181720930232558,0.441595348837209,4,0.0915966465358791,0.500819962301662,41.8187061739486,5.68982049075771,R1,1,0,1,0.181720930232558,0.441595348837209,4,0.0915966465358791,0.500819962301662,0.0916941057286482,0.884221057763706,0.123862614119975,0.181431289865536,0.441030093439324,4,10986.3869787194,,1
3,26,14,0.18136976744186,0.457374418604651,4,0.0892814519669589,0.506583146206978,39.7212037528168,3.22421556479642,R1,1,0,1,0.18136976744186,0.457374418604651,4,0.0892814519669589,0.506583146206978,0.0869261007201947,0.888205583741523,0.111833460175394,0.181070439511888,0.456865884565333,4,10553.6118164476,,1
3,27,13,0.181018604651163,0.473153488372093,4,0.0870720812932281,0.512082904058285,37.6367929517087,0.91713744747662,R1,1,0,1,0.181018604651163,0.473153488372093,4,0.0870720812932281,0.512082904058285,0.0824761095720588,0.891924351926407,0.100606620338178,0.180709467610036,0.472707009791629,4,10186.6520328867,,1
3,28,12,0.180667441860465,0.488932558139535,4,0.0849614410646783,0.517336893488973,35.5463718828,-1.24576325237692,R1,1,0,1,0.180667441860465,0.488932558139535,4,0.0849614410646783,0.517336893488973,0.0783133429894461,0.89540309231334,0.090104416592833,0.180348374098557,0.488553471813761,4,9871.48315646846,,1
3,29,11,0.180316279069767,0.504711627906977,4,0.0829430579476043,0.522361228484933,33.4277329695751,-3.27721849295652,R1,1,0,1,0.180316279069767,0.504711627906977,4,0.0829430579476043,0.522361228484933,0.0744108620063748,0.898664317254887,0.0802588848813656,0.179987158915984,0.504405273329092,4,9597.8172055532,,1
3,30,10,0.17996511627907,0.520490697674419,4,0.0810110124099638,0.52717064446074,31.2550231669298,-5.18854844355945,R1,1,0,1,0.17996511627907,0.520490697674419,4,0.0810110124099638,0.52717064446074,0.0707449943575019,0.901727809187524,0.0710103026733836,0.179625822000813,0.520262417036805,4,9357.93356843914,,1
3,31,9,0.179613953488372,0.53626976744186,4,0.0791598807384867,0.531778642595711,28.997753648748,-6.98985274688438,R1,1,0,1,0.179613953488372,0.53626976744186,4,0.0791598807384867,0.531778642595711,0.0672948538851421,0.904611022253547,0.0623059764826888,0.179264363291494,0.536124905637901,4,9145.91899896661,,1
3,32,8,0.179262790697674,0.552048837209302,4,0.0773846841913199,0.536197616407565,26.6193279276147,-8.69014946446936,R1,1,0,1,0.179262790697674,0.552048837209302,4,0.0773846841913199,0.536197616407565,0.0640419423662786,0.90732941504623,0.0540992373204743,0.17890278272644,0.551992741835204,4,8957.17136869503,,1
3,33,7,0.178911627906977,0.567827906976744,4,0.0756808442823246,0.540438963062648,24.074902914918,-10.2975256940458,R1,1,0,1,0.178911627906977,0.567827906976744,4,0.0756808442823246,0.540438963062648,0.0609698177272877,0.909896727876113,0.0463486036374472,0.178541080244019,0.567865928333359,4,8788.04928008282,,1
3,34,6,0.178560465116279,0.583606976744186,4,0.0740441433513748,0.544513181527779,21.3083692856511,-11.8192413489617,R1,1,0,1,0.178560465116279,0.583606976744186,4,0.0740441433513748,0.544513181527779,0.0580638160818338,0.912325215058354,0.0390170800559088,0.178179255782559,0.583744467838835,4,8635.63591594157,,1
3,35,5,0.178209302325581,0.599386046511628,4,0.0724706897057196,0.548429959343404,18.2480022757571,-13.2618254666261,R1,1,0,1,0.178209302325581,0.599386046511628,4,0.0724706897057196,0.548429959343404,0.055310817673525,0.914625840509743,0.0320715668687331,0.177817309280346,0.599628363059928,4,8497.56789728497,,1
3,36,4,0.177858139534884,0.61516511627907,4,0.0709568867258879,0.552198249527868,14.8000879885274,-14.63117334892,R1,1,0,1,0.177858139534884,0.61516511627907,4,0.0709568867258879,0.552198249527868,0.0526990488401866,0.916808443243179,0.0254823604169393,0.177455240675624,0.615517616706761,4,8371.90652296437,,1
3,37,3,0.177506976744186,0.630944186046512,4,0.0694994054198755,0.555826338897923,10.8393847868833,-16.7039047759017,R4,1,0,1,0.177506976744186,0.630944186046512,4,0.0694994054198755,0.555826338897923,0.0502179136937861,0.91888187802938,0.0192227284365942,0.177093049906597,0.631412231491286,4,8257.04926002755,,1
3,38,2,0.177155813953488,0.646723255813954,4,0.0680951599847857,0.559321908902823,6.19439427700536,-23.4121007602011,R4,1,0,1,0.177155813953488,0.646723255813954,4,0.0680951599847857,0.559321908902823,0.0478578504408905,0.920854135466984,0.0132685475710758,0.176730736911424,0.647312210127284,4,8151.65927760521,,1
3,39,1,0.176804651162791,0.662502325581395,4,0.0667412859983408,0.562692089911905,0.623849811419506,-31.6470984499967,R4,1,0,1,0.176804651162791,0.662502325581395,4,0.0667412859983408,0.562692089911905,0.0456102082355448,0.922732444894126,0.00759799268438718,0.176368301628226,0.66321755533037,4,8054.61005591287,,1
3,40,0,0.176453488372093,0.678281395348837,4,0.0654351209159106,0.565943509763092,-6.2223729624819,-41.9172454003765,R4,1,0,1,0.176453488372093,0.678281395348837,4,0.0654351209159106,0.565943509763092,0.0434671412210081,0.924523362935631,0.00219126954007187,0.17600574399508,0.679128269817991,4,7964.94805838593,,1
4,0,39,0.2033,0.0533581395348837,4,0.251476817524757,0.148505922372689,0,0,,0,0,0,0,0,0,0,0,0,0,0,0,0,0,0,,0
4,1,38,0.202948837209302,0.0691372093023256,4,0.237107155762893,0.181740809068259,-97.5947349747106,-186.732386249419,R3,1.05803501201491,0.270064652580899,0.729935347419101,0.195610242457445,0.0533944699849893,2.9197413896764,0.240787137189682,0.147883761953552,0.903755276761868,0,1.92866752762594,0.202806386163997,0.0687840789892899,4,24999.9994413748,B-R,1
4,2,37,0.202597674418605,0.0849162790697674,4,0.224248906324207,0.211480024248134,-28.7656944358242,-92.6357596442642,R3,1.14343741657522,0.502861806149041,0.497138193850959,0.184409476421479,0.0482703541625093,1.98855277540384,0.229763298448522,0.135319512917507,0.515472267516354,0,1.48461526113365,0.20244893013172,0.0845052983334621,4,24999.9994413748,B-R,1
4,3,36,0.202246511627907,0.100695348837209,4,0.212675525905203,0.238247528820241,13.2755231797277,-43.2831347672105,R3,1.24383740737475,0.662699829623656,0.337300170376345,0.1712417346846,0.0422463881620045,1.34920068150538,0.2164552827344,0.12015190864337,0.248877990931216,0,1.17972993282239,0.20209128158301,0.10023498471356,4,24999.9994413748,B-R,1
4,4,35,0.201895348837209,0.116474418604651,4,0.202203591754407,0.262467552280278,38.4235353352103,-9.42142360732817,R3,1.2952154839549,0.666125569915534,0.333874430084466,0.164254001537685,0.0503681197231406,1.33549772033787,0.200559880994103,0.138377780795297,0.139132929956805,0.0742494281823799,0.974995698057758,0.201734343851614,0.115966691503165,4,24999.9994413748,,1
4,5,34,0.201544186046512,0.132253488372093,4,0.192683008170752,0.284487243621811,55.4297709813994,17.9512090500989,R3,1.28002855584415,0.563073486010171,0.436926513989829,0.165740907108837,0.0739665213169319,1.74770605595932,0.186429111455013,0.187198226713741,0.13462243853213,0.200143861379398,0.835504097437897,0.201378233072318,0.13169734818676,4,24999.9994413748,,1
4,6,33,0.201193023255814,0.148032558139535,4,0.183989766176704,0.304593417133572,67.3760754495046,38.2271681498515,R3,1.26010770577893,0.4746547795203,0.5253452204797,0.167845400670031,0.0979963041706473,2.1013808819188,0.174826901042008,0.229662997809283,0.136561510518762,0.304015241778021,0.726887694294233,0.20102208985932,0.147432196102635,4,24999.9994413748,,1
4,7,32,0.200841860465116,0.163811627906977,4,0.176020512151575,0.323025114341385,74.9956586158474,54.3503065555995,R3,1.22883233747448,0.3869631328824,0.6130368671176,0.171423600893979,0.123402497950118,2.4521474684704,0.165707408921169,0.268397077105572,0.150326510148247,0.398580687955513,0.641725502392324,0.200666035025004,0.163169927382561,4,24999.9994413748,,1
4,8,31,0.200490697674419,0.179590697674419,4,0.16868841921746,0.339983152877365,79.1594006799345,66.828599312926,R3,1.20070148910741,0.316826324641895,0.683173675358105,0.174618408737877,0.14731603123535,2.73269470143242,0.158077368471668,0.300062829110105,0.160067630052079,0.475120447416361,0.571195446039425,0.200309852532412,0.178912321419716,4,24999.9994413748,,1
4,9,30,0.200139534883721,0.19536976744186,4,0.161920010837314,0.355637473024307,80.8913121683304,66.657737077449,R4,1.17905655458258,0.264598744058747,0.735401255941253,0.176994601356258,0.16940115368969,2.94160502376501,0.151315439167306,0.325853285815313,0.163312584278585,0.534977173906732,0.511037490583855,0.199953472029212,0.194660197847894,4,24999.9994413748,,1
4,10,29,0.199788372093023,0.211148837209302,4,0.155652689891335,0.370132852593864,80.8953325409989,64.5791878745296,R4,1.16250779265239,0.225361215211538,0.774638784788462,0.178725472539778,0.190144516046432,3.09855513915385,0.145178872585225,0.347522788274714,0.1621941423739,0.582484544485074,0.459066568339791,0.199596902446653,0.210413646007909,4,24999.9994413748,,1
4,11,28,0.199437209302326,0.226927906976744,4,0.149832796955751,0.383593397838416,79.905036560625,62.4809112067098,R4,1.14898996425943,0.194510219730992,0.805489780269009,0.180074057761223,0.210021703892766,3.22195912107603,0.139589254034452,0.366308950991134,0.159039305330267,0.621461844039549,0.413868613016155,0.19924017278278,0.226172476170602,4,24999.9994413748,,1
4,12,27,0.199086046511628,0.242706976744186,4,0.144414070111009,0.396126105685249,78.3049482863069,60.8784020058645,R4,1.13067608950465,0.162093355372053,0.837906644627947,0.182057128661876,0.229940834493229,3.35162657851179,0.134977718521464,0.383577403925974,0.160467198514351,0.65903238751851,0.375412659821972,0.198883442882793,0.241934758496668,4,24999.9994413748,,1
4,13,26,0.19873488372093,0.258486046511628,4,0.139356412635616,0.407823713877098,76.1699330066254,59.4511015025861,R4,1.11321299615029,0.133927716306604,0.866072283693396,0.183941894414651,0.249212322410694,3.46428913477358,0.130857466705648,0.398905371145122,0.161501184921987,0.691823330182887,0.341606205178035,0.198526601315529,0.257701781913237,4,24999.9994413748,,1
4,14,25,0.198383720930233,0.27426511627907,4,0.134624899096425,0.418766999737236,73.6501412545455,57.0130352223684,R1,1.09586622022071,0.108574301107032,0.891425698892968,0.185823685468432,0.267925014952008,3.56570279557187,0.127201291126052,0.412654164172556,0.16273687139896,0.721122589300605,0.311756155525152,0.198169663889073,0.273473339939985,4,24999.9994413748,,1
4,15,24,0.198032558139535,0.290044186046512,4,0.130188967710372,0.429026648116438,71.1928649253139,53.6065467622702,R1,1.07759278847324,0.0845068804584434,0.915493119541557,0.187839392010985,0.286136938026021,3.66197247816623,0.124028057853545,0.425098637341561,0.164939781155116,0.748200646808979,0.285382342867938,0.197812657492674,0.289249032231573,4,24999.9994413748,,1
4,16,23,0.197681395348837,0.305823255813953,4,0.126021759483359,0.438664779866288,68.9122410654329,50.3968244600486,R1,1.05672073650763,0.0597448775647145,0.940255122435286,0.190210219081266,0.303862037417685,3.76102048974114,0.121425168100928,0.436449330062705,0.169293006194691,0.77457082052532,0.262223030176187,0.197455631325773,0.305028071840047,4,23773.8252934126,,1
4,17,22,0.19733023255814,0.321602325581395,4,0.122099573920664,0.447736210699901,66.696516709678,46.8445857198243,R1,1.02589002343738,0.026711729493038,0.973288270506962,0.193910943183701,0.321115653350129,3.89315308202785,0.119965333007676,0.446989621757294,0.181224753543051,0.80537816526351,0.242996147126377,0.197098807910047,0.32080691268992,4,19138.2056404934,,1
4,18,21,0.196979069767442,0.337381395348837,4,0.118401418004491,0.456289494339654,64.6523069210564,43.4385790321375,R1,1,0,1,0.196979069767442,0.337381395348837,4,0.118401418004491,0.456289494339654,0.189622815566865,0.83118244095874,0.22506646385373,0.196741795754449,0.336591321165407,4,16422.0719641605,,1
4,19,20,0.196627906976744,0.353160465116279,4,0.114908630310872,0.464367791878794,62.3860941807781,38.9129346573448,R1,1,0,1,0.196627906976744,0.353160465116279,4,0.114908630310872,0.464367791878794,0.1790724062446,0.838712503211257,0.204965884659358,0.196383904496949,0.352392706381526,4,14630.933367387,,1
4,20,19,0.196276744186047,0.368939534883721,4,0.111604566056074,0.472009600222154,59.9914745164309,34.705978393825,R1,1,0,1,0.196276744186047,0.368939534883721,4,0.111604566056074,0.472009600222154,0.169424451818222,0.845598463293086,0.186584657345092,0.196025892816185,0.368199408448366,4,13358.024793901,,1
4,21,18,0.195925581395349,0.384718604651163,4,0.108474331853069,0.479249365554945,57.6207309058872,30.793723214326,R1,1,0,1,0.195925581395349,0.384718604651163,4,0.108474331853069,0.479249365554945,0.160567910877787,0.851919573933097,0.169711226455,0.195667760651366,0.384011430049898,4,12405.4273182087,,1
4,22,17,0.195574418604651,0.400497674418605,4,0.105504561259125,0.486118002467715,55.2896794574867,27.1518241297483,R1,1,0,1,0.195574418604651,0.400497674418605,4,0.105504561259125,0.486118002467715,0.152409241542225,0.85774259805642,0.154167376534972,0.195309507941661,0.399828773871905,4,11665.0224886628,,1
4,23,16,0.195223255813954,0.416276744186046,4,0.102683223978746,0.492643335241534,52.9908895667918,23.7569812650478,R1,1,0,1,0.195223255813954,0.416276744186046,4,0.102683223978746,0.492643335241534,0.144869084840162,0.863124175929465,0.139801913328919,0.194951134626198,0.415651442601971,4,11072.6283245187,,1
4,24,15,0.194872093023256,0.432055813953488,4,0.0999994629780018,0.498850474578274,50.7129609878166,20.5875459361064,R1,1,0,1,0.194872093023256,0.432055813953488,4,0.0999994629780018,0.498850474578274,0.137879674846356,0.868112673603261,0.126485729585608,0.194592640644064,0.431479438929497,4,10587.6840087324,,1
4,25,14,0.194520930232558,0.44783488372093,4,0.0974434548599988,0.504762140531347,48.4443958590054,17.6237105584997,R1,1,0,1,0.194520930232558,0.44783488372093,4,0.0974434548599988,0.504762140531347,0.131382796327586,0.872749640587105,0.114107913977338,0.194234025934305,0.447312765545691,4,10183.2639329647,,1
4,26,13,0.19416976744186,0.463613953488372,4,0.0950062897161008,0.510398940391925,46.1733677702258,14.8475171073353,R1,1,0,1,0.19416976744186,0.463613953488372,4,0.0950062897161008,0.510398940391925,0.125328159456837,0.877070969851261,0.102572654614763,0.193875290435925,0.463151425143574,4,9840.77804196438,,1
4,27,12,0.193818604651163,0.479393023255814,4,0.0926798673555401,0.515779608694395,43.8860358869771,12.2427647957414,R1,1,0,1,0.193818604651163,0.479393023255814,4,0.0926798673555401,0.515779608694395,0.11967209550211,0.881107828742927,0.0917967540806971,0.193516434087888,0.478995420417984,4,9546.9692921879,,1
4,28,11,0.193467441860465,0.495172093023256,4,0.0904568073665033,0.52092121523166,41.5648845781254,9.79487102390496,R1,1,0,1,0.193467441860465,0.495172093023256,4,0.0904568073665033,0.52092121523166,0.11437650189298,0.884887411915746,0.0817076195769863,0.193157456829117,0.494844754065573,4,9292.12254051454,,1
4,29,10,0.193116279069767,0.510951162790698,4,0.0883303709045885,0.525839345946791,39.1875007733945,7.49072427755647,R1,1,0,1,0.193116279069767,0.510951162790698,4,0.0883303709045885,0.525839345946791,0.109407982756338,0.888433554748592,0.0722416254781537,0.192798358598493,0.51069942878481,4,9068.95291069546,,1
4,30,9,0.19276511627907,0.526730232558139,4,0.0862943924625535,0.53054826073943,36.7254969689984,5.31854080545556,R1,1,0,1,0.19276511627907,0.526730232558139,4,0.0862943924625535,0.53054826073943,0.104737143932129,0.891767236508554,0.0633427701994274,0.192439139334856,0.526559447275985,4,8871.89013566817,,1
4,31,8,0.192413953488372,0.542509302325581,4,0.0843432201662032,0.535061031552507,34.14315324925,3.2677220494337,R1,1,0,1,0.192413953488372,0.542509302325581,4,0.0843432201662032,0.535061031552507,0.100338011017344,0.894906995705907,0.0549615674575017,0.192079798977006,0.542424812241208,4,8696.60011709257,,1
4,32,7,0.192062790697674,0.558288372093023,4,0.0824716633787648,0.539389663555518,31.3954289885642,1.32872751519561,R1,1,0,1,0.192062790697674,0.558288372093023,4,0.0824716633787648,0.539389663555518,0.0961875460979835,0.897869275013281,0.0470541255510528,0.191720337463699,0.55829552638441,4,8539.65940230526,,1
4,33,6,0.191711627906977,0.574067441860465,4,0.0806749465908679,0.543545201790123,28.424989567583,-0.507042102504002,R1,1,0,1,0.191711627906977,0.574067441860465,4,0.0806749465908679,0.543545201790123,0.0922652441809271,0.900668709301226,0.0395813784850551,0.191360754733653,0.574171592411345,4,8398.32678786022,,1
4,34,5,0.191360465116279,0.589846511627907,4,0.0789486687336503,0.547537825272881,25.1577852001765,-2.24733978654751,R1,1,0,1,0.191360465116279,0.589846511627907,4,0.0789486687336503,0.547537825272881,0.0885527944012595,0.903318367442095,0.0325084405049276,0.191001050725541,0.590053013029595,4,8270.38307444129,,1
4,35,4,0.191009302325581,0.605625581395349,4,0.0772887671851622,0.551376930243062,21.4964286437137,-3.89916754840523,R1,1,0,1,0.191009302325581,0.605625581395349,4,0.0772887671851622,0.551376930243062,0.0850337941913625,0.905829956313934,0.0258040615331302,0.190641225377999,0.605939790948567,4,8154.01091449263,,1
4,36,3,0.190658139534884,0.621404651162791,4,0.075691485850374,0.555071203988845,17.310137361721,-8.09500017213276,R4,1,0,1,0.190658139534884,0.621404651162791,4,0.075691485850374,0.555071203988845,0.0816935069979183,0.908213993723254,0.0194401655729916,0.190281278629618,0.621831928879496,4,8047.70830855014,,1
4,37,2,0.190306976744186,0.637183720930233,4,0.0741533467868726,0.558628690472846,12.4190545649585,-15.2600758601818,R4,1,0,1,0.190306976744186,0.637183720930233,4,0.0741533467868726,0.558628690472846,0.0785186559979529,0.91047995563449,0.0133914576976998,0.189921210418949,0.637729429535447,4,7950.22013496621,,1
4,38,1,0.189955813953488,0.652962790697674,4,0.0726711249250989,0.562056848800447,6.56900137562161,-24.0200592556593,R4,1,0,1,0.189955813953488,0.652962790697674,4,0.0726711249250989,0.562056848800447,0.0754972477244135,0.912636402052357,0.0076350880227674,0.189561020684501,0.653632295631317,4,7860.49489094601,,1
4,39,0,0.189604651162791,0.668741860465116,4,0.0712418254964121,0.565362605425319,-0.610947697268315,-34.9145796940369,R4,1,0,1,0.189604651162791,0.668741860465116,4,0.0712418254964121,0.565362605425319,0.0726184206612411,0.914691085082917,0.0021503632502336,0.189200709364742,0.669540529883834,4,7777.64091958804,,1
5,0,38,0.2161,0.0595976744186047,4,0.263298004219092,0.163382159387622,0,0,,0,0,0,0,0,0,0,0,0,0,0,0,0,0,0,,0
5,1,37,0.215748837209302,0.0753767441860465,4,0.248485335476095,0.195331458417035,-114.964487413752,-193.240565252131,R2,1.05994120644556,0.255385291038302,0.744614708961698,0.208936449397687,0.0594909304964282,2.97845883584679,0.253562246883546,0.162443994865632,1.06659374370105,0,1.72012329107482,0.215562477552842,0.0750004665845978,4,24999.9994413748,B-R,1
5,2,36,0.215397674418605,0.0911558139534884,4,0.235209717088581,0.223965508703453,-43.26192380097,-97.1372034038119,R2,1.14566408257695,0.474788682457382,0.525211317542618,0.198791630251152,0.0548498882553854,2.10084527017047,0.24387007475804,0.151397492177743,0.676701027478555,0,1.34256501330612,0.215208414456687,0.0907251886771849,4,24999.9994413748,B-R,1
5,3,35,0.215046511627907,0.10693488372093,4,0.223243709124094,0.249774873192648,2.88546258876759,-36.0067504038148,R2,1.24647271774937,0.629442736710681,0.370557263289319,0.186861496564717,0.0493921020119564,1.48222905315728,0.232199475678189,0.138096108088044,0.401871687341036,0,1.07643002789793,0.214854160649255,0.106458380677729,4,24999.9994413748,B-R,1
5,4,34,0.214695348837209,0.122713953488372,4,0.212402635275279,0.273157878389431,33.8192277312328,1.75573268196472,R3,1.36673357657735,0.744324669823547,0.255675330176453,0.172629301866222,0.0428811710801791,1.02270132070581,0.217875821617162,0.121770945778026,0.197719743031707,0,0.87873652584087,0.214499715976418,0.122200049431374,4,24999.9994413748,B-R,1
5,5,33,0.214344186046512,0.138493023255814,4,0.202534983475142,0.294441319175867,53.3314601999997,22.9470481690992,R3,1.46038501408254,0.774846126550925,0.225153873449075,0.161374213519257,0.0455380769240786,0.900615493796299,0.200234250357272,0.127133918224564,0.0836154348912646,0.0381947846964336,0.735115901730915,0.214145210514972,0.137945504544331,4,24999.9994413748,,1
5,6,32,0.213993023255814,0.154272093023256,4,0.193515281202517,0.313895825994606,66.6236679923087,42.738360036258,R3,1.44189421207567,0.676218572243294,0.323781427756706,0.162995348199407,0.0720232482244739,1.29512571102682,0.184264633286116,0.183198536214197,0.0848013733155903,0.149259490615093,0.639938710319889,0.213790873014522,0.153686057746236,4,24999.9994413748,,1
5,7,31,0.213641860465116,0.170051162790698,4,0.185238731844826,0.331747433625107,76.5214670751112,57.6192824381883,R3,1.42372037346908,0.595750742143084,0.404249257856916,0.16459277834931,0.0978708898683494,1.61699703142766,0.171216052094343,0.229070813307349,0.0858746584285211,0.239807049649981,0.562446801791684,0.213436425904397,0.169431483380559,4,24999.9994413748,,1
5,8,30,0.213290697674419,0.18583023255814,4,0.177617124370719,0.348186403570353,83.1512742382156,69.8552165711515,R3,1.38961109175746,0.513583687633426,0.486416312366574,0.168053225632152,0.12560813671242,1.9456652494663,0.161156099546681,0.271019279412515,0.0982602440838359,0.325063831157102,0.500497976778159,0.213081927738654,0.185179562690568,4,24999.9994413748,,1
5,9,29,0.212939534883721,0.201609302325581,4,0.170575677075377,0.363374031751473,86.4764229630122,78.0147705730631,R4,1.35359050871056,0.441054526050213,0.558945473949787,0.171760219778587,0.15253422893059,2.23578189579915,0.15312183539435,0.305959799829959,0.11111891969506,0.399091587584509,0.448746127126819,0.212727342453235,0.200931599985457,4,24999.9994413748,,1
5,10,28,0.212588372093023,0.217388372093023,4,0.164050575665643,0.377447958587607,87.2659598571881,76.1780675466031,R4,1.32634567271712,0.385278145357488,0.614721854642512,0.17446740280254,0.177244059631693,2.45888741857005,0.146059125306372,0.333863241925628,0.117454743052308,0.458287096974185,0.403541678744527,0.212372625527616,0.216689302404831,4,24999.9994413748,,1
5,11,27,0.212237209302326,0.233167441860465,4,0.15798703378314,0.390526352234465,86.3251298998597,73.852290896636,R4,1.3070404361166,0.342947936495928,0.657052063504072,0.176263494949874,0.200242710443403,2.62820825401629,0.139603991587289,0.356840954289714,0.118521266791788,0.505599532303062,0.363540731258005,0.212017770259833,0.232452964613924,4,24999.9994413748,,1
5,12,26,0.211886046511628,0.248946511627907,4,0.152337751040612,0.402711234430529,84.5586921610725,71.6625539186103,R4,1.28919022606998,0.306725662253208,0.693274337746792,0.177902159735949,0.222499056650693,2.77309735098717,0.133907405293471,0.376820105226735,0.118897576679108,0.54642731157232,0.328495500221205,0.211662802151819,0.248221614539995,4,24999.9994413748,,1
5,13,25,0.21153488372093,0.264725581395349,4,0.147061676658324,0.414091147197486,81.814908982195,69.7857875226985,R4,1.26969106463879,0.273125428117481,0.726874571882519,0.179747715027853,0.244316866875939,2.90749828753008,0.129029298576954,0.394603494163653,0.120497883043861,0.583501373454447,0.297891115764983,0.211307738180152,0.263994583681663,4,24999.9994413748,,1
5,14,24,0.211183720930233,0.280504651162791,4,0.142123010298984,0.424743307929537,78.8345206148011,66.6952996370657,R1,1.24559673873836,0.239273508419309,0.760726491580691,0.182150188324914,0.265794548822776,3.04290596632276,0.12507664535548,0.410653177792805,0.124934501227263,0.619051206362476,0.271355267785993,0.210952600574527,0.279770976760236,4,24999.9994413748,,1
5,15,23,0.210832558139535,0.296283720930233,4,0.137490388654745,0.434735363835863,76.0861605667797,62.697176583084,R1,1.21560575984684,0.203774281614251,0.796225718385749,0.185268734744114,0.28677199705978,3.184902873543,0.12207351781683,0.425146475560436,0.13282845943208,0.654262909886832,0.248460642416248,0.210597407674714,0.295550036657159,4,22595.9793716525,,1
5,16,22,0.210481395348837,0.312062790697674,4,0.133136218708973,0.444126830021734,73.5371235813458,58.5435990730842,R1,1.17554838879934,0.162893554705546,0.837106445294454,0.189605425904059,0.307088239261581,3.34842578117782,0.120272753369771,0.438290638290314,0.146635902577111,0.691803179599579,0.229272877595601,0.210242207141194,0.311329814365287,4,18198.4659684397,,1
5,17,21,0.21013023255814,0.327841860465116,4,0.129036127716576,0.452970275820507,71.1913352576656,54.8020494419356,R1,1.13745167736856,0.125470674986154,0.874529325013846,0.193736402963898,0.326115723121418,3.49811730005538,0.118748943000701,0.449751661816166,0.159471349983371,0.726043171556466,0.212006173484117,0.209886921164379,0.327113409066005,4,15636.3043965887,,1
5,18,20,0.209779069767442,0.343620930232558,4,0.125168506740617,0.461312309335013,69.0200214953037,51.4157591408983,R1,1.10126502604265,0.09109144130878,0.90890855869122,0.197665653152196,0.34394709781644,3.63563423476488,0.117447806735892,0.459820010011444,0.171422206344108,0.757396731481153,0.196386244298784,0.209531549654889,0.342900821847857,4,13953.3227016938,,1
5,19,19,0.209427906976744,0.3594,4,0.121514129691175,0.469194399128861,66.9953532348005,48.3360541966255,R1,1.06693869356874,0.0594222709338857,0.940577729066114,0.20139713180506,0.360671835177806,3.76231091626446,0.11632597544387,0.468725055808139,0.182554632834077,0.78619985554378,0.182185751138628,0.209176092289644,0.358692063796785,4,12760.9563159572,,1
5,20,18,0.209076744186047,0.375179069767442,4,0.118055833687336,0.476653563650522,65.0904746668676,45.498050760283,R1,1.03488896503321,0.0305875913590427,0.969412408640957,0.204878790321271,0.376392475516446,3.87764963456383,0.115311760485668,0.476650499370511,0.19262299440878,0.812468187692879,0.169153261855834,0.208820542758178,0.374487391576008,4,11870.9312422386,,1
5,21,17,0.208725581395349,0.390958139534884,4,0.11477824952683,0.483722952580695,63.2788997818662,42.8885977741205,R1,1.00459025399548,0.0039783871990366,0.996021612800963,0.208171655163197,0.391190214236888,3.98408645120385,0.114412416873306,0.483751210625279,0.201954991552967,0.836683138823422,0.157188585807176,0.208464904919714,0.390286647805583,4,11180.7058313823,,1
5,22,16,0.208374418604651,0.406737209302326,4,0.111667573332436,0.490432339365932,61.3177634967841,39.2272102940323,R1,1,0,1,0.208374418604651,0.406737209302326,4,0.111667573332436,0.490432339365932,0.195176771863265,0.845518273871979,0.142962149862548,0.208108827860635,0.406104283758881,4,10629.552812387,,1
5,23,15,0.208023255813954,0.422516279069767,4,0.108711372218259,0.496808540375124,59.0552783885934,35.5664963004253,R1,1,0,1,0.208023255813954,0.422516279069767,4,0.108711372218259,0.496808540375124,0.18615079128874,0.851276902119624,0.129227293985533,0.207752568282037,0.421929817134624,4,10179.1687098307,,1
5,24,14,0.207672093023256,0.438295348837209,4,0.105898418206194,0.502875773123439,56.7180280921886,32.128788387788,R1,1,0,1,0.207672093023256,0.438295348837209,4,0.105898418206194,0.502875773123439,0.177774699322811,0.856620897644721,0.116481375133307,0.207396188734767,0.437760679681416,4,9804.17130524533,,1
5,25,13,0.207320930232558,0.454074418604651,4,0.103218545714742,0.508655963653289,54.3487767819801,28.8988015468291,R1,1,0,1,0.207320930232558,0.454074418604651,4,0.103218545714742,0.508655963653289,0.16998074514793,0.861593485863999,0.1046212967274,0.207039689158216,0.45359687409157,4,9487.06486305288,,1
5,26,12,0.20696976744186,0.469853488372093,4,0.100662528807137,0.514169011296639,51.9440403255772,25.8613650389711,R1,1,0,1,0.20696976744186,0.469853488372093,4,0.100662528807137,0.514169011296639,0.162710279037874,0.866232085644845,0.0935578113414267,0.206683069491734,0.46943840305921,4,9215.38799419364,,1
5,27,11,0.206618604651163,0.485632558139535,4,0.0982219750747062,0.519433017556932,49.4890086919444,23.0019773089124,R1,1,0,1,0.206618604651163,0.485632558139535,4,0.0982219750747062,0.519433017556932,0.155912273804131,0.870569252631129,0.0832132707825672,0.206326329674632,0.485285269280279,4,8980.02470823043,,1
5,28,10,0.206267441860465,0.501411627906977,4,0.0958892335834486,0.524464484658209,46.9633587795987,20.3070495933096,R1,1,0,1,0.206267441860465,0.501411627906977,4,0.0958892335834486,0.524464484658209,0.149542125416511,0.874633444454251,0.0735198009931341,0.205969469646177,0.501137475452534,4,8774.14669831612,,1
5,29,9,0.205916279069767,0.517190697674418,4,0.0936573147564428,0.529278488349954,44.3410630571928,17.7640117664746,R1,1,0,1,0.205916279069767,0.517190697674418,4,0.0936573147564428,0.529278488349954,0.143560673176324,0.878449645868366,0.0644178110457934,0.2056124893456,0.516995024275551,4,8592.5394390258,,1
5,30,8,0.20556511627907,0.53296976744186,4,0.0915198204247208,0.533888828779672,41.5885575935159,15.3613209194614,R1,1,0,1,0.20556511627907,0.53296976744186,4,0.0915198204247208,0.533888828779672,0.137933393941715,0.882039882839324,0.055854766994356,0.205255388712085,0.532857918450726,4,8431.15089162868,,1
5,31,7,0.205213953488372,0.548748837209302,4,0.0894708825721282,0.538308162613496,38.6622161923431,13.088421135157,R1,1,0,1,0.205213953488372,0.548748837209302,4,0.0894708825721282,0.538308162613496,0.132629735371508,0.88542364793898,0.0477841772693694,0.204898167684779,0.548726160681279,4,8286.78258234732,,1
5,32,6,0.204862790697674,0.564527906976744,4,0.0875051095390811,0.542548119068775,35.5050365530061,10.935694394421,R1,1,0,1,0.204862790697674,0.564527906976744,4,0.0875051095390811,0.542548119068775,0.127622560987708,0.888618254398562,0.0401647482284204,0.204540826202788,0.564599753672248,4,8156.87793310908,,1
5,33,5,0.204511627906977,0.580306976744186,4,0.0856175386466704,0.546619402098671,32.0419707186679,8.89438910631283,R1,1,0,1,0.204511627906977,0.580306976744186,4,0.0856175386466704,0.546619402098671,0.122887685773506,0.891639132399843,0.0329596774745275,0.204183364205175,0.580478700130501,4,8039.36742679026,,1
5,34,4,0.204160465116279,0.596086046511628,4,0.0838035943645999,0.550531880619327,28.173021078754,6.95656434759239,R1,1,0,1,0.204160465116279,0.596086046511628,4,0.0838035943645999,0.550531880619327,0.118403485530752,0.89450007830736,0.0261360594144876,0.203825781630962,0.596363002764728,4,7932.56082272074,,1
5,35,3,0.203809302325581,0.61186511627907,4,0.0820590512805868,0.554294668380795,23.7626674202818,0.727791921214745,R4,1,0,1,0.203809302325581,0.61186511627907,4,0.0820590512805868,0.554294668380795,0.114150566681885,0.897213465336705,0.0196643827956939,0.203468078419132,0.612252664285449,4,7835.05879817398,,1
5,36,2,0.203458139534884,0.627644186046512,4,0.0803800012403329,0.557916194842512,18.6232445577433,-6.92404819288376,R4,1,0,1,0.203458139534884,0.627644186046512,4,0.0803800012403329,0.557916194842512,0.110111485879233,0.899790422445422,0.0135181040349556,0.203110254508624,0.628147687405013,4,7745.69747164139,,1
5,37,1,0.203106976744186,0.643423255813953,4,0.078762824120168,0.561404268213497,12.4878535123795,-16.2416522256283,R4,1,0,1,0.203106976744186,0.643423255813953,4,0.078762824120168,0.561404268213497,0.106270510871501,0.902240986901594,0.0076732833284593,0.202752309838339,0.644048074837598,4,7663.49845811441,,1
5,38,0,0.202755813953488,0.659202325581395,4,0.0772041617723175,0.564766131649544,4.96433789309236,-27.7972923957326,R4,1,0,1,0.202755813953488,0.659202325581395,4,0.0772041617723175,0.564766131649544,0.102613415714522,0.904574234940565,0.00210827302349532,0.202394244347134,0.659953829299217,4,7587.63493059288,,1
6,0,37,0.2289,0.0658372093023256,4,0.27476958766556,0.177818442199061,0,0,,0,0,0,0,0,0,0,0,0,0,0,0,0,0,0,,0
6,1,36,0.228548837209302,0.0816162790697674,4,0.259545170039641,0.208541860888902,-128.338160413043,-205.023230971804,R2,1.06185428181185,0.242950393209555,0.757049606790445,0.222310760964994,0.0656093978670306,3.02819842716178,0.266026077999793,0.176649452852153,1.20453432736353,0,1.54346531676429,0.228321536585252,0.0812183003927055,4,24999.9994413748,B-R,1
6,2,35,0.228197674418605,0.0973953488372093,4,0.245879559734638,0.236119550713834,-56.5295401309817,-108.51325902673,R2,1.14789943766871,0.45031251152908,0.54968748847092,0.213229907374351,0.0614550975793517,2.19874995388368,0.257601715535201,0.167047916539774,0.81727187134818,0,1.21871537746145,0.2279708680139,0.0969465264382563,4,24999.9994413748,B-R,1
6,3,34,0.227846511627907,0.113174418604651,4,0.233545009868703,0.261011113018107,-8.86258487691238,-46.4877797650899,R2,1.24911921866384,0.59985270555813,0.40014729444187,0.202547585952064,0.056568159307006,1.60058917776748,0.247482883618518,0.155515134979719,0.537995679139018,0,0.984520388869375,0.227620010537702,0.112683225265113,4,24999.9994413748,B-R,1
6,4,33,0.227495348837209,0.128953488372093,4,0.222356079315632,0.283590774619634,24.8795072170181,-3.43619332717776,R2,1.36991603834387,0.712796678974481,0.287203321025519,0.189799183990256,0.050736032469067,1.14881328410208,0.235101182160068,0.14140328299543,0.327065346772568,0,0.807638763581079,0.227268964003974,0.128428403721539,4,24999.9994413748,B-R,1
6,5,32,0.227144186046512,0.144732558139535,4,0.212160245368389,0.304166331790368,49.0976069447624,28.1000632852603,R2,1.51657757835198,0.801113839194722,0.198886160805278,0.174321125302008,0.0436551448609294,0.795544643221113,0.219601984651196,0.123738313293613,0.162127215100466,0,0.669325205379827,0.226917728259864,0.144182068663181,4,24999.9994413748,B-R,1
6,6,31,0.226793023255814,0.160511627906977,4,0.202830909765921,0.322993264344077,65.1619028185731,49.0301548901214,R3,1.67675633960776,0.855944149437875,0.144055850562124,0.1573531012562,0.038771031671303,0.576223402248498,0.199778822323312,0.110755172398021,0.0416794459407319,0.0105840746618617,0.560706285063797,0.226566209104143,0.159942477127914,4,24999.9994413748,,1
6,7,30,0.226441860465116,0.176290697674419,4,0.194262115196616,0.340285397921114,75.7189894335733,63.4530827801639,R3,1.65130202064214,0.761580942922115,0.238419057077885,0.159385016144491,0.0694059774635959,0.95367622831154,0.181423339305318,0.177756323232449,0.0470658567201897,0.11077035159001,0.493150750132011,0.226213651538727,0.175692785303003,4,24999.9994413748,,1
6,8,29,0.226090697674419,0.19206976744186,4,0.186364503350359,0.356223060783786,83.9602129299851,74.5194646118504,R3,1.62746669398756,0.68329636397532,0.316703636024679,0.161267551286025,0.0989974868001993,1.26681454409872,0.16688167016006,0.230498622109786,0.0511376578567421,0.194118504019241,0.436605899046606,0.225860988502483,0.191448059038169,4,24999.9994413748,,1
6,9,28,0.225739534883721,0.207848837209302,4,0.179062186975987,0.37095939611615,89.985512042728,83.4819798893038,R3,1.59535403442326,0.611167396532552,0.388832603467448,0.164024858766553,0.128933967674367,1.55533041386979,0.155504830931373,0.275032539210175,0.0588783734671837,0.268573599979502,0.389535248167412,0.225508177960987,0.207207182219361,4,24999.9994413748,,1
6,10,27,0.225388372093023,0.223627906976744,4,0.172290303570619,0.384625298766358,92.522738409841,85.896375460157,R4,1.5480728918287,0.538902835302146,0.461097164697854,0.168382418402236,0.159628288268599,1.84438865879142,0.14709823678833,0.313763989907519,0.0732431756538347,0.33929268130779,0.350707044675306,0.225155191275389,0.222968866291634,4,24999.9994413748,,1
6,11,26,0.225037209302326,0.239406976744186,4,0.165993083478571,0.397333313892053,91.9256190138246,83.9164331919694,R4,1.51176107812948,0.481323251565189,0.518676748434811,0.171628395018282,0.187722678279235,2.07470699373924,0.13983611718023,0.344135499708556,0.0818546954624643,0.397302878566113,0.316196837958045,0.224802141077487,0.238736228010142,4,24999.9994413748,,1
6,12,25,0.224686046511628,0.255186046511628,4,0.160122310474699,0.409180743558191,89.5110172118316,81.1457132482214,R4,1.50080118976836,0.445117648953546,0.554882351046454,0.172245174019302,0.212510797219785,2.21952940418582,0.132352755760638,0.36740870710838,0.078737995253829,0.438782346916954,0.283743550482556,0.224449087658903,0.254512103880952,4,24999.9994413748,,1
6,13,24,0.22433488372093,0.27096511627907,4,0.154636084852352,0.420252142869738,86.2257388589886,79.1282664815461,R4,1.47197072869522,0.402802408329295,0.597197591670705,0.17474722423025,0.238193883612434,2.38879036668282,0.126885132323499,0.389146899422137,0.0837097015674062,0.482209762557569,0.256671702942162,0.224095847873464,0.270289865330985,4,24999.9994413748,,1
6,14,23,0.223983720930233,0.286744186046512,4,0.149497821863938,0.430621341154393,83.114584403481,74.7220867963318,R1,1.42728081355873,0.355384837358097,0.644615162641903,0.178941367446969,0.263818086208309,2.57846065056761,0.123239250457165,0.408813642405691,0.0954355132616048,0.527264403603958,0.234093101568873,0.223742434178642,0.28606895219097,4,21368.6138086491,,1
6,15,22,0.223632558139535,0.302523255813953,4,0.144675434874841,0.440353090387167,80.2772580151721,70.0022641168043,R1,1.37273114637748,0.305520941070097,0.694479058929903,0.18420973828547,0.288405413532442,2.77791623571961,0.120943052318983,0.426043815711437,0.111468849145563,0.572472188914221,0.215016527411779,0.223388871953506,0.301849522308126,4,17222.935691035,,1
6,16,21,0.223281395348837,0.318302325581395,4,0.140140664672324,0.449504418668977,77.6516060151052,65.7484810636045,R1,1.32141780393953,0.260123455936199,0.739876544063801,0.189172986484734,0.311199739597597,2.95950617625521,0.119050642857001,0.44065060199694,0.126269678110209,0.613511206166681,0.197905347006871,0.223035215886462,0.317633931123028,4,14822.5073006911,,1
6,17,20,0.22293023255814,0.334081395348837,4,0.135868525303493,0.45812574854543,75.2165722302284,61.8940002789893,R1,1.27325119521263,0.218668002746947,0.781331997253053,0.19383724135064,0.332354829075831,3.12532798901221,0.117466731444563,0.453171068435953,0.139931479623894,0.65090092813605,0.18246424951518,0.22268146734722,0.333422200804034,4,13252.807324091,,1
6,18,19,0.222579069767442,0.349860465116279,4,0.131836843486364,0.466261826491755,72.9471490795989,58.3808770945983,R1,1.22814343707217,0.180739705593764,0.819260294406236,0.19820857559294,0.352018808144208,3.27704117762494,0.116118414417609,0.464009682125783,0.152519719650626,0.685057329185455,0.168448887738857,0.222327627585541,0.349214370921021,4,12144.6852180104,,1
6,19,18,0.222227906976744,0.365639534883721,4,0.128025873664918,0.473952499745443,70.8170038286316,55.1847722433926,R1,1.18536245159534,0.145581772346307,0.854418227653693,0.202362225071349,0.370317996946894,3.41767291061477,0.114993376455638,0.47347899459222,0.164397937579073,0.716596047531669,0.155721237324602,0.221973695039497,0.365010258402386,4,11320.0528074361,,1
6,20,17,0.221876744186047,0.381418604651163,4,0.124417974600513,0.481233368956342,68.7992219461674,52.0629568901029,R6,1.14612314536899,0.113782483152918,0.886217516847082,0.206165107846197,0.387412372181438,3.54487006738833,0.113956602772232,0.481815017587715,0.174956920125336,0.745230065181346,0.143976901476779,0.221619675997929,0.380810401180904,4,10682.2326881213,,1
6,21,16,0.221525581395349,0.397197674418605,4,0.120997336320922,0.488136339213243,66.866412253836,49.0079265535042,R6,1.10842802445088,0.0838333656061718,0.916166634393828,0.209828971297259,0.403356134049218,3.66466653757531,0.113105963570527,0.489205393438964,0.18518296221861,0.772033049919987,0.133270585791534,0.221265563510555,0.396614095755534,4,10174.1167011423,,1
6,22,15,0.221174418604651,0.412976744186047,4,0.117749748510408,0.494690087440997,64.990580346463,46.123254051641,R6,1.0728641643739,0.0559800400314994,0.944019959968501,0.213288652052399,0.418264988004141,3.776079839874,0.112366557102486,0.495796384215186,0.194771812972911,0.7969144221371,0.123412313616059,0.220911361107026,0.41242161977968,4,9759.77033925299,,1
6,23,14,0.220823255813954,0.428755813953488,4,0.114662403184087,0.500920460610686,63.1434158906304,43.3846740095683,R6,1.03937387305943,0.0300757087412485,0.969924291258752,0.216548168871166,0.432234724556156,3.87969716503501,0.111713169370407,0.501709159207397,0.203730537861984,0.820030808827356,0.114295334859346,0.220557069509703,0.428233024503343,4,9415.42733062037,,1
6,24,13,0.220472093023256,0.44453488372093,4,0.11172372586835,0.506850816423575,61.2963228503061,40.7630197991628,R6,1.00729279476303,0.00554398400791625,0.994456015992084,0.219677704153708,0.445294318055579,3.97782406396833,0.111170446004406,0.507029278630685,0.21240218000722,0.841812291827895,0.105897923838919,0.22020268732884,0.444047994117651,4,9124.73739338145,,1
6,25,12,0.220120930232558,0.460313953488372,4,0.108923230595906,0.512502315936288,59.2946192861018,38.4729365150431,R6,1,0,1,0.220120930232558,0.460313953488372,4,0.108923230595906,0.512502315936288,0.207532307056561,0.850739773489362,0.0953918608155951,0.219848280541259,0.459882419569649,4,8876.07650694538,,1
6,26,11,0.21976976744186,0.476093023255814,4,0.106251394886158,0.517894175854879,56.9369862711666,36.2348070373434,R1,1,0,1,0.21976976744186,0.476093023255814,4,0.106251394886158,0.517894175854879,0.199112560529463,0.855677303883973,0.0847792598275901,0.219493777683809,0.47572681880532,4,8660.95406168639,,1
6,27,10,0.219418604651163,0.491872093023256,4,0.103699551569507,0.523043886837246,54.3821319592892,33.1723315444956,R1,1,0,1,0.219418604651163,0.491872093023256,4,0.103699551569507,0.523043886837246,0.1912330185383,0.8602980460823,0.0748475552505788,0.219139155375265,0.491576556871984,4,8473.02170580369,,1
6,28,9,0.219067441860465,0.507651162790698,4,0.101259794866117,0.527967403029549,51.6774457298043,30.2745590393948,R1,1,0,1,0.219067441860465,0.507651162790698,4,0.101259794866117,0.527967403029549,0.183843308352625,0.864631539796358,0.0655332551864176,0.218784413555241,0.507431636468506,4,8307.43880457832,,1
6,29,8,0.218716279069767,0.523430232558139,4,0.0989248985748411,0.532679307163872,48.8116674176889,27.5310588769197,R1,1,0,1,0.218716279069767,0.523430232558139,4,0.0989248985748411,0.532679307163872,0.176899131287996,0.868703762779771,0.0567805237188161,0.218429552163312,0.523292060295567,4,8160.44699450045,,1
6,30,7,0.21836511627907,0.539209302325581,4,0.0966882445889151,0.537192954816109,45.7493733496635,24.9316978910173,R1,1,0,1,0.21836511627907,0.539209302325581,4,0.0966882445889151,0.537192954816109,0.17036137397135,0.872537652001928,0.0485400607150088,0.218074571139012,0.539157831055674,4,8029.08785418601,,1
6,31,6,0.218013953488372,0.554988372093023,4,0.0945437602489809,0.541520600829802,42.4371221098648,22.4668358896269,R1,1,0,1,0.218013953488372,0.554988372093023,4,0.0945437602489809,0.541520600829802,0.164195371213931,0.876153535916013,0.0407681727199454,0.217719470421835,0.555028951453151,4,7910.99607457836,,1
6,32,5,0.217662790697674,0.570767441860465,4,0.0924858632845599,0.545673510426214,38.8010606542575,20.1274473436088,R1,1,0,1,0.217662790697674,0.570767441860465,4,0.0924858632845599,0.545673510426214,0.158370291153078,0.87956949502582,0.0334259979632514,0.217364249951234,0.570905424194152,4,7804.26155003756,,1
6,33,4,0.217311627906977,0.586546511627907,4,0.0905094132928073,0.549662057121935,34.7403448872605,16.6077146104126,R4,1,0,1,0.217311627906977,0.586546511627907,4,0.0905094132928073,0.549662057121935,0.15285861963821,0.882801664253502,0.0264788564577452,0.217008909666619,0.586787251986651,4,7707.32448736826,,1
6,34,3,0.216960465116279,0.602325581395349,4,0.0886096688665612,0.553495809246016,30.1161974329493,9.74496298135494,R4,1,0,1,0.216960465116279,0.602325581395349,4,0.0886096688665612,0.553495809246016,0.147635725661786,0.885864487780722,0.0198957022504234,0.216653449507361,0.602674437540452,4,7618.89641480294,,1
6,35,2,0.216609302325581,0.618104651162791,4,0.0867822496189266,0.557183606575706,24.7343112007006,1.57560346610504,R4,1,0,1,0.216609302325581,0.618104651162791,4,0.0867822496189266,0.557183606575706,0.142679493352725,0.888770934856056,0.0136486595715675,0.216297869412792,0.618566983567187,4,7537.90604743539,,1
6,36,1,0.216258139534884,0.633883720930232,4,0.0850231024641257,0.56073362838291,18.3158015944554,-8.33240085322514,R4,1,0,1,0.216258139534884,0.633883720930232,4,0.0850231024641257,0.56073362838291,0.137970008933871,0.891532683370242,0.00771262826282606,0.215942169322199,0.634464892780319,4,7463.4539177177,,1
6,37,0,0.215906976744186,0.649662790697674,4,0.0833284716082736,0.56415345399387,10.4472039167795,-20.5852138157657,R4,1,0,1,0.215906976744186,0.649662790697674,4,0.0833284716082736,0.56415345399387,0.133489293298694,0.894160276679268,0.00206494670568958,0.21558634917483,0.650368167895142,4,7394.77972970182,,1
7,0,36,0.2417,0.0720767441860465,4,0.285906850777206,0.191834003413903,0,0,,0,0,0,0,0,0,0,0,0,0,0,0,0,0,0,,0
7,1,35,0.241348837209302,0.0878558139534884,4,0.270299835392661,0.221387754464193,-138.205138067487,-211.874238942112,R2,1.06377427543909,0.232281752507947,0.767718247492053,0.235733438100756,0.0717499914720163,3.07087298996821,0.278189870531522,0.190512946520724,1.32288178349325,0,1.39189990135445,0.241083564296958,0.0874375809183534,4,24999.9994413748,B-R,1
7,2,34,0.240997674418605,0.10363488372093,4,0.256269868648987,0.247955175215054,-67.8228463688009,-116.388751219239,R2,1.15014353281093,0.428783609258662,0.571216390741338,0.227724636947112,0.0680861327164003,2.28486556296535,0.270972988159349,0.182287616894913,0.940916046272615,0,1.10977894642666,0.240736291839924,0.103169312121973,4,24999.9994413748,B-R,1
7,3,33,0.240646511627907,0.119413953488372,4,0.243589411612387,0.271967137863255,-20.2439617613562,-57.1363921336037,R8,1.25177698154882,0.573354909880468,0.426645090119532,0.218300426223653,0.0637747537332668,1.70658036047813,0.262325443487725,0.172431712127462,0.659894358558953,0,0.902215546970744,0.240388832285753,0.118909518981566,4,24999.9994413748,B-R,1
7,4,32,0.240295348837209,0.135193023255814,4,0.23207268962156,0.293775428958383,14.3396808740783,-12.5124832844397,R1,1.37311335553133,0.684178897453957,0.315821102546043,0.207049213448412,0.058627559584351,1.26328441018417,0.251775011993983,0.16040702165098,0.444471630167439,0,0.743103721158317,0.240041185483203,0.134658208348516,4,24999.9994413748,B-R,1
7,5,31,0.239944186046512,0.150972093023256,4,0.221566530517581,0.313670098310806,40.4672238910466,20.8829485642291,R2,1.52049712298623,0.771837021763446,0.228162978236554,0.19338269224933,0.0523754124285576,0.912651912946215,0.238615950964666,0.145409186166002,0.274079346710654,0,0.61725150710649,0.239693351280868,0.150415387081597,4,24999.9994413748,B-R,1
7,6,30,0.239593023255814,0.166751162790698,4,0.211943513273599,0.331892432881125,60.2945526812888,45.2994639121982,R2,1.70332422985384,0.842905592680752,0.157094407319248,0.176429600501708,0.0446197280954505,0.628377629276993,0.221744291849154,0.126179974658483,0.135934295399088,0,0.515217188326595,0.239345329527181,0.166181062046974,4,24999.9994413748,B-R,1
7,7,29,0.239241860465116,0.18253023255814,4,0.203096774703027,0.348644790899597,74.2476392951185,64.4958389040614,R2,1.93612741542966,0.901686928513104,0.0983130714868961,0.154842354322379,0.0347440151883087,0.393252285947584,0.199330828932097,0.100634578316771,0.0216735110620655,0,0.430823855504338,0.238997120070409,0.181955240118225,4,24999.9994413748,B-R,1
7,8,28,0.238890697674419,0.198309302325581,4,0.19493602425243,0.364098148332645,82.7512780669313,76.5119799518768,R2,1.93551069078416,0.829659031440057,0.170340968559943,0.154218277733422,0.0653819355901827,0.68136387423977,0.177458884566291,0.169278651305642,0.0164594701644616,0.0797309136386819,0.378699721895979,0.238646616019064,0.197717782964988,4,24999.9994413748,,1
7,9,27,0.238539534883721,0.214088372093023,4,0.187384451248475,0.378397955380827,89.5499678038533,86.1452750548854,R2,1.89363640939472,0.750344547811851,0.249655452188149,0.157343315081275,0.10121170246543,0.998621808752595,0.161383808905421,0.233574223301329,0.0254084834358139,0.159462274212097,0.337036188857149,0.238295664689981,0.21348215602668,4,24999.9994413748,,1
7,10,26,0.238188372093023,0.229867441860465,4,0.180376299821158,0.391668728651849,94.6443109925914,93.0199692200709,R7,1.84971077399885,0.680266974629715,0.319733025370285,0.160684869146491,0.135946736331648,1.27893210148114,0.149127796790793,0.283880082174996,0.0343648437896782,0.229331954208877,0.301348830325028,0.23794457480732,0.229250942738306,4,24999.9994413748,,1
7,11,25,0.237837209302326,0.245646511627907,4,0.173854949179684,0.404017686387907,95.835412714077,92.5068410580401,R4,1.80001394135024,0.615886432000564,0.384113567999436,0.164585700235252,0.169842399938665,1.53645427199774,0.139807082827155,0.324612852113863,0.0446437524248348,0.292395646826902,0.270758990150075,0.237593312101551,0.245023620813796,4,24999.9994413748,,1
7,12,24,0.237486046511628,0.261425581395349,4,0.167771380504847,0.415537651588398,92.8610956308698,89.7436346634849,R4,1.78237430814038,0.571553825558693,0.428446174441307,0.165574930742716,0.199638025278746,1.71378469776523,0.130772806901138,0.354771436888332,0.0444976812771024,0.33978767753659,0.241957628193656,0.23724220813214,0.260804468181055,4,24999.9994413748,,1
7,13,23,0.23713488372093,0.277204651162791,4,0.162082942569662,0.426309389454944,89.753349317343,85.5478802759627,R6,1.7204118933614,0.514206398290157,0.485793601709843,0.170665996611116,0.231677970255343,1.94317440683937,0.12551730681881,0.383375070427245,0.0578807786283778,0.393641353145678,0.219236749088929,0.236890590596908,0.276584512303656,4,20084.421184089,,1
7,14,22,0.236783720930233,0.292983720930233,4,0.156752350315338,0.436403503707621,86.7695686928127,80.7602746062908,R6,1.64322514926807,0.454791149457021,0.545208850542979,0.177210601000929,0.262484377747845,2.18083540217191,0.122311395990716,0.407627244618575,0.0759905600628751,0.447106763789159,0.200242086747307,0.236538685339377,0.292365956623247,4,16206.0738199703,,1
7,15,21,0.236432558139535,0.308762790697674,4,0.151746866655422,0.445881985936705,83.9355873098998,76.1105776700792,R6,1.57134572023714,0.40085917229343,0.59914082770657,0.183316008111163,0.290687006562544,2.39656331082628,0.11978283252105,0.427368319380635,0.0926903639375545,0.495494524345235,0.183280270922487,0.236186675327353,0.308151231703596,4,13976.3188329208,,1
7,16,20,0.236081395348837,0.324541860465116,4,0.147037629553238,0.454799489862058,81.2797040970405,71.7294867678548,R6,1.50462088450206,0.351768514527824,0.648231485472176,0.188990878529269,0.316539512066466,2.5929259418887,0.117742295833994,0.443712948564278,0.108067770813079,0.539441643846607,0.168030312165739,0.235834565209485,0.323940372784333,4,12525.9045913756,,1
7,17,19,0.23573023255814,0.340320930232558,4,0.142599095144844,0.463204385846445,78.7935050562849,67.6326559034715,R6,1.44201366578359,0.306596513759244,0.693403486240756,0.194326915278066,0.340285980314798,2.77361394496302,0.116106563782353,0.45745711857533,0.122493195071208,0.57972942402171,0.154292760958094,0.235482349241041,0.33973323305838,4,11506.402751669,,1
7,18,18,0.235379069767442,0.3561,4,0.138408574212407,0.471139638638656,76.4575607998795,63.8082120488731,R6,1.38428590145932,0.265366583749652,0.734633416250348,0.199248151836979,0.362133288652911,2.93853366500139,0.114723013171644,0.469145127506741,0.135685958117579,0.616486976040918,0.141782137037766,0.235130042435888,0.3555300625716,4,10750.5110669869,,1
7,19,17,0.235027906976744,0.371879069767442,4,0.134445844247585,0.478643541977909,74.2479075431646,60.2295744761031,R6,1.33042698020474,0.2273381247611,0.7726618752389,0.203844821263469,0.382280603730352,3.0906475009556,0.113567673957921,0.479203332542544,0.147981624875705,0.650320437118771,0.130379304217257,0.23477763853376,0.371330718763588,4,10167.732457725,,1
7,20,16,0.234676744186047,0.387658139534884,4,0.130692823104076,0.485750336571805,72.1381542016827,56.8705859051963,R6,1.28032660572977,0.192257899150836,0.807742100849164,0.208123295400048,0.400905853383802,3.23096840339666,0.112580872404789,0.487942706935343,0.159386726158473,0.681496477355659,0.119927630938598,0.23442514171467,0.3871352684274,4,9704.77964965764,,1
7,21,15,0.234325581395349,0.403437209302326,4,0.127133293125768,0.492490732492676,70.1003903332211,53.7056085340273,R6,1.23387683061223,0.159929651544632,0.840070348455368,0.212089877699792,0.418180152024594,3.36028139382147,0.111714710820031,0.495605774951312,0.169893780461215,0.710228648329369,0.110292296681239,0.234072556319997,0.402943804642159,4,9328.20840652034,,1
7,22,14,0.233974418604651,0.419216279069767,4,0.123752666871263,0.498892352806234,68.1057330104547,50.6997981482959,R6,1.18929680117143,0.129242228198671,0.870757771801329,0.215910661296587,0.434135948577909,3.48303108720532,0.111039307785359,0.502355226842543,0.180202998131801,0.737318345221865,0.101505274575184,0.233719859905733,0.418755734094374,4,9015.96059525482,,1
7,23,13,0.233623255813953,0.434995348837209,4,0.120537787296845,0.504980111949029,66.124821996268,47.8381585948001,R6,1.14819699715114,0.101001525938895,0.898998474061105,0.219429429928668,0.449014095479349,3.59599389624442,0.110414323777509,0.508361947637729,0.189599410951853,0.762298045941695,0.0933215480461768,0.233367081867076,0.434571779980754,4,8752.89329331502,,1
7,24,12,0.233272093023256,0.450774418604651,4,0.117476756626345,0.510776539783837,64.1277889767689,45.0793796770833,R6,1.10802053153901,0.0736188097458115,0.926381190254189,0.222888305415895,0.462697121970635,3.70552476101675,0.109978837936736,0.513690057969235,0.199175228598367,0.786263605464684,0.0858843415321117,0.233014183458597,0.450390816984542,4,8528.26835253196,,1
7,25,11,0.232920930232558,0.466553488372093,4,0.114558789215305,0.51630206021897,62.0837638869191,42.4089310213583,R6,1.07037068110766,0.0479673427293796,0.95203265727062,0.22613163238039,0.475430995272945,3.80813062908248,0.109600937652004,0.518469199664846,0.208193810537301,0.808687506835462,0.0789689550765265,0.232661194805167,0.466213630246385,4,8334.25560141711,,1
7,26,10,0.23256976744186,0.482332558139535,4,0.111774084574103,0.521575231654179,59.9595681560991,39.7863731317586,R6,1.03357806598895,0.0229274295090847,0.977072570490915,0.229318395503298,0.487098378942725,3.90829028196366,0.10937444657383,0.52272849672884,0.217420405982641,0.830344553197199,0.07267149982883,0.232308088276693,0.482039273504746,4,8165.01504380875,,1
7,27,9,0.232218604651163,0.498111627906977,4,0.10911371739969,0.526612955218727,57.7170162927269,37.2029179829197,R6,1,0,1,0.232218604651163,0.498111627906977,4,0.10911371739969,0.526612955218727,0.225668881223784,0.850284161579249,0.0666914239602129,0.231954912195248,0.497869283686795,4,8016.1008797836,,1
7,28,8,0.231867441860465,0.513890697674419,4,0.106569542015942,0.531430655725001,55.1652295498651,34.943463047694,R6,1,0,1,0.231867441860465,0.513890697674419,4,0.106569542015942,0.531430655725001,0.217311538178471,0.854872516487744,0.0577406507426677,0.231602289562272,0.513727237607575,4,7884.06747579821,,1
7,29,7,0.231516279069767,0.52966976744186,4,0.104134109067174,0.536042439419329,52.2140761556006,32.6555739426694,R6,1,0,1,0.231516279069767,0.52966976744186,4,0.104134109067174,0.536042439419329,0.209452132176532,0.859187493617595,0.0493231716028809,0.2312495480581,0.529590537339339,4,7766.20662533791,,1
7,30,6,0.23116511627907,0.545448837209302,4,0.101800592670124,0.5404612319284,48.8951556074057,30.2941557265749,R6,1,0,1,0.23116511627907,0.545448837209302,4,0.101800592670124,0.5404612319284,0.20204744935732,0.863252818275823,0.0413927041919749,0.230896687622614,0.545459185585699,4,7660.35861709947,,1
7,31,5,0.230813953488372,0.561227906976744,4,0.0995627265240119,0.544698899242521,45.1823535607957,27.7999940741204,R6,1,0,1,0.230813953488372,0.561227906976744,4,0.0995627265240119,0.544698899242521,0.195059135736281,0.867089547596534,0.033908171122571,0.230543708195656,0.561333185052092,4,7564.78114569269,,1
7,32,4,0.230462790697674,0.577006976744186,4,0.0974147477193071,0.548766354120435,40.9964904483574,25.0925915995217,R6,1,0,1,0.230462790697674,0.577006976744186,4,0.0974147477193071,0.548766354120435,0.188453032704117,0.870716435365685,0.0268329882837144,0.230190609717024,0.577212538445778,4,7478.05075241463,,1
7,33,3,0.230111627906977,0.592786046511628,4,0.0953513471842116,0.552673649924835,36.2069309066719,18.9204508483526,R4,1,0,1,0.230111627906977,0.592786046511628,4,0.0953513471842116,0.552673649924835,0.182198618654003,0.874150238579339,0.0201344668196951,0.22983739212648,0.593097248475847,4,7398.99755769102,,1
7,34,2,0.229760465116279,0.60856511627907,4,0.0933676258717451,0.556430063587363,30.6190238130756,10.2041535438341,R4,1,0,1,0.229760465116279,0.60856511627907,4,0.0933676258717451,0.556430063587363,0.176268537474805,0.877405976310675,0.0137833081429671,0.229484055363742,0.608987317853213,4,7326.64674866544,,1
7,35,1,0.229409302325581,0.624344186046512,4,0.0914590559262587,0.560044169144459,23.9454451727007,-0.324685421202773,R4,1,0,1,0.229409302325581,0.624344186046512,4,0.0914590559262587,0.560044169144459,0.170638198542734,0.880497149322885,0.00775317552239187,0.229130599368489,0.624882749290622,4,7260.18240008311,,1
7,36,0,0.229058139534884,0.640123255813953,4,0.0896214461814094,0.563523903071078,15.752842134502,-13.307299255638,R4,1,0,1,0.229058139534884,0.640123255813953,4,0.0896214461814094,0.563523903071078,0.165285435874349,0.883435927201252,0.00202032903370688,0.228777024080358,0.640783545502651,4,7198.91573711199,,1
8,0,35,0.2545,0.0783162790697674,4,0.296724198470488,0.205446970734293,0,0,,0,0,0,0,0,0,0,0,0,0,0,0,0,0,0,,0
8,1,34,0.254148837209302,0.0940953488372093,4,0.280761790253339,0.233884020439779,-145.121747393417,-214.930874272315,R2,1.06570122492308,0.22302800333163,0.776971996668369,0.249204743637068,0.0779128315515628,3.10788798667348,0.290064329753009,0.204046677041478,1.42553381811603,0,1.26043532426025,0.253848561724176,0.0936583086665167,4,24999.9994413748,B-R,1
8,2,33,0.253797674418605,0.109874418604651,4,0.266391486837625,0.25948473349989,-77.0660791689698,-134.178688419082,R8,1.15239641936331,0.409699868262914,0.590300131737086,0.242276150704461,0.0747431454283558,2.36120052694834,0.28399789494942,0.197132552168748,1.05051724099461,0,1.01321505251527,0.253504686971809,0.109393546233868,4,24999.9994413748,B-R,1
8,3,32,0.253446511627907,0.125653488372093,4,0.253386406015317,0.282653300844916,-30.4322535200931,-87.1603315645229,R8,1.25444607844421,0.549488699248546,0.450511300751454,0.23412044436747,0.071012080628798,1.80204520300582,0.276745958413523,0.188867270104126,0.769686870893929,0,0.828084675230504,0.253160626931291,0.125137262333178,4,24999.9994413748,B-R,1
8,4,31,0.253095348837209,0.141432558139535,4,0.241560819696692,0.303720597293203,4.00975615268868,-44.1042529113614,R8,1.37632563239856,0.658086158942495,0.341913841057505,0.224379952733421,0.0665560097546725,1.36765536423002,0.267923382537805,0.178811876239551,0.551518762735275,0,0.684262822343167,0.252816381452824,0.140889463818955,4,24999.9994413748,B-R,1
8,5,30,0.252744186046512,0.157211627906977,4,0.230761227527428,0.322960083913174,30.6182390634588,-5.62183588108513,R8,1.52443697998427,0.744884125610498,0.255115874389502,0.212543042478508,0.0611408712782762,1.02046349755801,0.256957942002536,0.166314185651911,0.377144995306979,0,0.569311290067673,0.252471950386451,0.156650157553097,4,24999.9994413748,B-R,1
8,6,29,0.252393023255814,0.172990697674419,4,0.220859657280774,0.340599743382849,51.6695197968135,28.483145771862,R8,1.70827006042217,0.815847816908341,0.184152183091659,0.197851287184281,0.0544197010010454,0.736608732366637,0.242961019098227,0.150361410104548,0.234581676403969,0,0.475329998065596,0.252127333582051,0.172419350404904,4,24999.9994413748,B-R,1
8,7,28,0.252041860465116,0.18876976744186,4,0.211748569820876,0.356831156803901,68.2726630998328,53.6580911957576,R1,1.94252012304955,0.87494794497656,0.12505205502344,0.179130257271814,0.0458552219931314,0.500208220093759,0.224473855453947,0.129290952394605,0.115851798477587,0,0.397060304201625,0.251782530889341,0.188197049251087,4,24999.9994413748,B-R,1
8,8,27,0.251690697674419,0.204548837209302,4,0.203336937498885,0.371816490043767,80.4704756520636,73.0100396862869,R1,2.25122384563136,0.924930005626005,0.0750699943739948,0.154458965577275,0.0345686228688334,0.300279977495979,0.198922940089907,0.100169693342252,0.0154397663316068,0,0.330866190692993,0.251437542157877,0.203983260975776,4,24999.9994413748,B-R,1
8,9,26,0.251339534883721,0.220327906976744,4,0.195547192342835,0.385693930539096,87.3108728984557,82.405183064635,R1,2.30052556379277,0.873397354887928,0.126602645112072,0.149819904478446,0.0641710805018961,0.506410580448288,0.17268249940029,0.166418146306637,0,0.0619411442823854,0.288788969944287,0.251089453440191,0.219758658600378,4,24999.9994413748,G-B,1
8,10,25,0.250988372093023,0.236106976744186,4,0.188312826995606,0.398581961227711,92.1785629993705,88.4847411967628,R6,2.2853737092693,0.810873143950827,0.189126856049173,0.150200127080389,0.102051466590951,0.756507424196693,0.153100721879658,0.234050033060744,0,0.127340428080028,0.25510912773351,0.25074065259601,0.235535586740944,4,24999.9994413748,G-B,1
8,11,24,0.250637209302326,0.251886046511628,4,0.181576491122845,0.410582751800197,95.0579885464576,91.0786829885886,R3,2.22722585219706,0.744638827596544,0.255361172403456,0.153977476366953,0.14325943451053,1.02144468961383,0.139625438256979,0.292289424725326,0.00863607567361622,0.19212397199566,0.227439500398948,0.250391338270904,0.251314597981499,4,24999.9994413748,,1
8,12,23,0.250286046511628,0.26766511627907,4,0.1752884678811,0.421784872873799,95.1778423321241,91.7857442915509,R3,2.11502694993811,0.67045129677889,0.32954870322111,0.162071856255943,0.186563760729618,1.31819481288444,0.131909941807743,0.341648665147834,0.0280461767003469,0.25961685524353,0.205477101956377,0.250041345082866,0.267093627785145,4,18733.4696059051,,1
8,13,22,0.24993488372093,0.283444186046512,4,0.169405444769683,0.432265485721311,92.6713694217705,89.6281369387506,R6,2.0301067507008,0.609376014527531,0.390623985472469,0.168077330996636,0.224773617601364,1.56249594188988,0.125404435415578,0.377338924886934,0.0416650214047512,0.316409813062882,0.185207295565212,0.249691442883081,0.282878530907167,4,15140.35044044,,1
8,14,21,0.249583720930233,0.299223255813954,4,0.163889514574226,0.442092122091359,89.8571622057564,85.2483865737999,R6,1.92739347045815,0.547378654506618,0.452621345493382,0.175562624884665,0.261036212121088,1.81048538197353,0.121469110822864,0.406365719067094,0.0593563581252202,0.372046870266953,0.168217452255999,0.249341150178118,0.298665059493839,4,13091.8951163483,,1
8,15,20,0.249232558139535,0.315002325581395,4,0.158707357671325,0.451324140933674,87.0861386480716,80.7140613358367,R6,1.82935876210555,0.489913428664024,0.510086571335976,0.182744987796971,0.293938541765222,2.0403462853439,0.118631440572053,0.429332122356179,0.0765314129479708,0.423212197255857,0.153190150171905,0.248990696603263,0.314455002182263,4,11768.0289448222,,1
8,16,19,0.248881395348837,0.330781395348837,4,0.153829568412179,0.460013928447452,84.4441787988932,76.3473956258633,R6,1.73947116555146,0.437474241243285,0.562525758756715,0.189340208918865,0.323668714556463,2.25010303502686,0.116421332586864,0.447788519834938,0.0924093456129685,0.469795729728534,0.139667321744983,0.248640133546187,0.330248782799989,4,10842.4785096557,,1
8,17,18,0.24853023255814,0.346560465116279,4,0.149230096812167,0.468207892712067,81.9420884401837,72.223857240298,R6,1.65748235859005,0.389624020374508,0.610375979625492,0.195359787121836,0.350610862250942,2.44150391850197,0.114637489881217,0.462913002582558,0.106980717580652,0.512259551843173,0.127404777087666,0.248289472740854,0.346046499236946,4,10159.4034656757,,1
8,18,17,0.248179069767442,0.362339534883721,4,0.144885783158048,0.475947292784901,79.5683172286694,68.3453204868192,R6,1.58080826481398,0.345165530326736,0.654834469673264,0.201005282212493,0.375082198070361,2.61933787869306,0.113258750289496,0.475524902722945,0.120863391228755,0.55153425678917,0.11633058220802,0.247938686938649,0.361847808015753,4,9634.87118059703,,1
8,19,16,0.247827906976744,0.378118604651163,4,0.140775967978441,0.483268933539413,77.3022578266455,64.7007193228981,R6,1.51160876092253,0.304691316547768,0.695308683452232,0.206094909539259,0.397415773240471,2.78123473380893,0.112056831596528,0.48618179395881,0.133382620239907,0.587351364468059,0.106138191533201,0.247587825613804,0.37765326948724,4,9219.64420786596,,1
8,20,15,0.247476744186047,0.393897674418605,4,0.136882163513826,0.490205750941736,75.1187134886194,61.2595690664267,R6,1.4462201325982,0.266637293654168,0.733362706345832,0.210920938113868,0.41776941379137,2.93345082538333,0.111136910552285,0.495287975538161,0.145514177567009,0.62083883742522,0.0968899718029445,0.247236835255726,0.393462193230975,4,8882.9304116555,,1
8,21,14,0.247125581395349,0.409676744186046,4,0.133187775662373,0.496787307404515,72.989938286287,58.004332127937,R6,1.38679729287169,0.231749433223267,0.768250566776733,0.215302059006478,0.436472801296174,3.07300226710693,0.11031133209422,0.503166420242933,0.156535564678411,0.651592576993102,0.0883177399219781,0.246885768756212,0.409275244272113,4,8604.48837504205,,1
8,22,13,0.246774418604651,0.425455813953488,4,0.1296778675798,0.503040212934058,70.8865071151063,54.9028064513034,R6,1.33092179492451,0.198933499671343,0.801066500328657,0.219431812902621,0.453602636575742,3.20426600131463,0.109656034077092,0.510024491939712,0.167125382558439,0.680403815834602,0.0804613712911964,0.246534587434822,0.425091874698404,4,8370.4663517097,,1
8,23,12,0.246423255813954,0.44123488372093,4,0.126338957830578,0.508988484724196,68.7780804393548,51.9237289933574,R6,1.27738754509896,0.16752668351761,0.83247331648239,0.223406540443882,0.469205224576618,3.32989326592956,0.109196532588996,0.51601024241667,0.177659500731445,0.707770141875187,0.0733123966874513,0.246183268980021,0.440911678373462,4,8171.06846299501,,1
8,24,11,0.246072093023256,0.457013953488372,4,0.123158847339062,0.514653855443073,66.6328544532216,49.0450331073792,R6,1.22722653321512,0.137909567818047,0.862090432181953,0.227137781600858,0.483511737864044,3.44836172872781,0.108836342551527,0.521283644260646,0.187749770967244,0.733495564347167,0.0667158720071279,0.245831843617421,0.456735039183396,4,7999.17399918624,,1
8,25,10,0.245720930232558,0.472793023255814,4,0.120126470457824,0.520056038555072,64.4164449289685,46.2323372349049,R6,1.17926224339374,0.109445251952802,0.890554748047198,0.230720432460946,0.49652609361433,3.56221899218879,0.10861428791353,0.525927036043746,0.197783058557976,0.758044845896039,0.0606874813343791,0.245480286837497,0.472561489924837,4,7849.48410928762,,1
8,26,9,0.24536976744186,0.488572093023256,4,0.117231766320909,0.525212957505165,62.090035559992,43.4532669945803,R6,1.13343753392784,0.0820240693592203,0.91797593064078,0.23415698043392,0.508343811713206,3.67190372256312,0.108508844451338,0.530027116228758,0.207763368082988,0.781530610901427,0.055171864390828,0.245128600449441,0.488390955314151,4,7717.9749520923,,1
8,27,8,0.245018604651163,0.504351162790698,4,0.114465567330194,0.530140944380586,59.6079465444718,40.6623207601301,R6,1.08864136261162,0.0549551145270278,0.945044885472972,0.237538922788372,0.518884017262225,3.78017954189189,0.108570233078988,0.53361594628831,0.218139310732867,0.804441961682735,0.0502128750569378,0.244776752140815,0.504222718532287,4,7601.5369073146,,1
8,28,7,0.244667441860465,0.52013023255814,4,0.11181950217061,0.53485491268934,56.9145504607041,37.8215569844542,R6,1.04586241267492,0.028698539544474,0.971301460455526,0.240781402312068,0.52837309465388,3.8852058418221,0.108718243933551,0.53678788100762,0.228506645500348,0.826508058434345,0.0456835068210555,0.244424773663988,0.520057206595914,4,7497.7288101586,,1
8,29,6,0.244316279069767,0.535909302325581,4,0.109285911192714,0.539368508106252,53.9402140768779,34.8695754022405,R6,1.00446553877665,0.00282382045088714,0.997176179549113,0.243936334414692,0.536782356696312,3.98870471819645,0.108979017851115,0.539569194925794,0.239134535126571,0.84803908011517,0.0416014600467448,0.24407264561702,0.535893896330558,4,7404.60809393755,,1
8,30,5,0.24396511627907,0.551688372093023,4,0.106857772361011,0.543694240396119,50.5247789391218,32.13724013837,R6,1,0,1,0.24396511627907,0.551688372093023,4,0.106857772361011,0.543694240396119,0.233016792679684,0.854178005448667,0.0344070193031742,0.243721739170328,0.551761982535902,4,7320.61174990065,,1
8,31,4,0.243613953488372,0.567467441860465,4,0.104528636260223,0.547843599200124,46.4784862115297,29.2344880889086,R6,1,0,1,0.243613953488372,0.567467441860465,4,0.104528636260223,0.547843599200124,0.225244181018815,0.858224883739157,0.0271990265298869,0.243370882014183,0.567638861973592,4,7244.46395805551,,1
8,32,3,0.243262790697674,0.583246511627907,4,0.102292568892705,0.551827155942309,41.7064613263242,25.9954930608838,R6,1,0,1,0.243262790697674,0.583246511627907,4,0.102292568892705,0.551827155942309,0.21789212766126,0.862052794668119,0.020381041818664,0.243019906508609,0.583521096923015,4,7175.11742110153,,1
8,33,2,0.242911627906977,0.599025581395349,4,0.100144101198734,0.555654653759239,36.041905685292,18.9038333189337,R4,1,0,1,0.242911627906977,0.599025581395349,4,0.100144101198734,0.555654653759239,0.210927398539818,0.86567904184352,0.0139222452949677,0.242668812593714,0.59940869009437,4,7111.70264719899,,1
8,34,1,0.242560465116279,0.614804651162791,4,0.0980781843955626,0.559335087063536,29.2078555796119,7.73128642691614,R4,1,0,1,0.242560465116279,0.614804651162791,4,0.0980781843955626,0.559335087063536,0.204320171420062,0.869119152472729,0.00779498107431554,0.242317600209567,0.615301644199686,4,7053.49066009526,,1
8,35,0,0.242209302325581,0.630583720930233,4,0.0960901503674768,0.562876772109038,20.7617089145555,-6.00523171124259,R4,1,0,1,0.242209302325581,0.630583720930233,4,0.0960901503674768,0.562876772109038,0.198043609029609,0.872387099616507,0.00197436140033387,0.241966269296194,0.631199961952823,4,6999.86905372217,,1
9,0,34,0.2673,0.0845558139534884,4,0.307235219823179,0.218674445179527,0,0,,0,0,0,0,0,0,0,0,0,0,0,0,0,0,0,,0
9,1,33,0.266948837209302,0.10033488372093,4,0.290942824265343,0.246044740937502,-149.604984117524,-215.467977387601,R6,1.06763516813247,0.214925181702138,0.785074818297863,0.262724942313885,0.0840980392186538,3.14029927319145,0.301659657643616,0.217262271961987,1.51541858920771,0,1.14532154729324,0.266616529903603,0.0998804841424061,4,24999.9994413748,B-R,1
9,2,32,0.266597674418605,0.116113953488372,4,0.276254703670279,0.270719946212785,-84.475121076212,-156.69441254289,R8,1.15465814908874,0.392667106741684,0.607332893258316,0.256884782985718,0.0814262886684528,2.42933157303326,0.296689722075238,0.211597865067041,1.1483393091393,0,0.927029132421285,0.266276054447086,0.115619229279708,4,24999.9994413748,B-R,1
9,3,31,0.266246511627907,0.131893023255814,4,0.262945022841118,0.293079451261946,-39.366335613368,-113.418482870208,R8,1.25712658200563,0.527880592193358,0.472119407806642,0.250008071021058,0.0782803370012544,1.88847763122657,0.290762177187885,0.204842037819771,0.869091355207792,0,0.760967702311687,0.265935395512682,0.131366455826274,4,24999.9994413748,B-R,1
9,4,30,0.265895348837209,0.147672093023256,4,0.250828434754662,0.3134346285179,-5.66031741880859,-72.4132457174671,R8,1.37955297418227,0.634198394286566,0.365801605713434,0.241791969613965,0.0745216427223094,1.46320642285374,0.283570747471091,0.19664571746272,0.649519848698299,0,0.630394289439955,0.265594552952042,0.147122170639737,4,24999.9994413748,B-R,1
9,5,29,0.265544186046512,0.163451162790698,4,0.239751396296141,0.332043421660438,20.7307464050861,-34.9266337262709,R8,1.5283973076543,0.719989012747584,0.280010987252416,0.231802945875415,0.0699518736167434,1.12004394900966,0.274662961783845,0.186493207038526,0.472341850573841,0,0.525031183503932,0.265253526616654,0.162886380585125,4,24999.9994413748,B-R,1
9,6,28,0.265193023255814,0.17923023255814,4,0.229585627266879,0.349121334110477,41.9901713450919,-1.11021167868765,R8,1.71324469639691,0.790673963657239,0.209326036342761,0.219397737621343,0.0642767507107091,0.837304145371045,0.263341103232323,0.17358929455103,0.326360642787248,0,0.438219990107995,0.264912316357846,0.178659092534871,4,24999.9994413748,B-R,1
9,7,27,0.264841860465116,0.195009302325581,4,0.220223119927444,0.364849812713079,59.1928161536171,29.2575739880413,R8,1.94895518541441,0.849920047204048,0.150079952795952,0.203579079192781,0.0570400458564231,0.600319811183807,0.248470006730446,0.156640193219295,0.204003412266666,0,0.365457356045934,0.264570922026789,0.194440313368822,4,24999.9994413748,B-R,1
9,8,26,0.264490697674419,0.210788372093023,4,0.211572286562311,0.379382719609191,72.6223289257356,56.474511926035,R8,2.2598712897813,0.900296115043158,0.0997038849568418,0.182713331234684,0.047494403271207,0.398815539827367,0.228070499671172,0.133390171795424,0.099964870369792,0,0.303588365384862,0.264229343474489,0.210230049974251,4,24999.9994413748,B-R,1
9,9,25,0.264139534883721,0.226567441860465,4,0.203554953385593,0.392851382302655,82.8345168532107,73.9649320514207,R1,2.68881733015296,0.943655398100523,0.0563446018994767,0.153926530421506,0.0343250449387742,0.225378407597907,0.198355896926865,0.0995234147017584,0.0104176551844117,0,0.250336986434155,0.263887580551794,0.226028309245865,4,24999.9994413748,B-R,1
9,10,24,0.263788372093023,0.242346511627907,4,0.196103991528537,0.405368573466168,87.3696726416419,81.8946711476503,R1,2.73579633862686,0.891184824603721,0.10881517539628,0.149899948600746,0.0721456255220371,0.435260701585118,0.168145990950367,0.182086418781951,0,0.0592023739106308,0.218008561389129,0.263541416505929,0.241812723913533,4,24708.0248137532,G-B,1
9,11,23,0.263437209302326,0.258125581395349,4,0.189161432963231,0.417031676082045,92.808106718317,88.8171697078817,R6,2.71439512843042,0.832906710276624,0.167093289723376,0.150350922272557,0.11707471894509,0.668373158893506,0.14653390516727,0.256730619833789,0,0.11919039347756,0.191528440047033,0.263194525512677,0.25759929924586,4,17301.5894587025,G-B,1
9,12,22,0.263086046511628,0.273904651162791,4,0.182676959372555,0.427925222054553,96.0120880788172,91.9153323956444,R3,2.59680655773474,0.764192643521558,0.235807356478442,0.157195490712079,0.167724442080676,0.943229425913766,0.133831737412339,0.321290516185311,0.0128307566698546,0.183525549644302,0.170759504751211,0.262846627965933,0.27338561775316,4,14015.112202464,,1
9,13,21,0.26273488372093,0.289683720930233,4,0.176606680589773,0.438122944361767,94.925414514782,92.5450516980764,R6,2.44511060712966,0.694493267905454,0.305506732094546,0.166396417060514,0.216393088092364,1.22202692837819,0.126442866585251,0.369978310919914,0.0306011264213604,0.246412958501115,0.153567097408024,0.262498167301242,0.289173484870827,4,12161.1107134694,,1
9,14,20,0.262383720930233,0.305462790697674,4,0.170912139874526,0.447689448135191,92.4029228867022,88.9678748889775,R6,2.31181059802087,0.632339222861247,0.367660777138753,0.174471055806587,0.25963178926961,1.47064310855501,0.121020958604229,0.405207601465059,0.0462778565115659,0.302577149959002,0.138097443631669,0.262149633040573,0.30496571458032,4,10972.9383615255,,1
9,15,19,0.262032558139535,0.321241860465116,4,0.165559498357982,0.45668158074541,89.7547223469257,84.6909771085498,R6,2.17506662925356,0.572462900318576,0.427537099681425,0.182871325311123,0.298729770019091,1.7101483987257,0.117620772665004,0.432314137783971,0.0632784881613615,0.355736940283696,0.124741292623592,0.261800776811696,0.320760515771348,4,10148.0838012975,,1
9,16,18,0.261681395348837,0.337020930232558,4,0.160518862103965,0.465149562301042,87.1678349461123,80.4105256691584,R6,2.05116904448606,0.517611346366481,0.482388653633519,0.190497694403745,0.333468956693864,1.92955461453407,0.115093357715965,0.453313304342856,0.0791225867780084,0.404300963794491,0.112726061226566,0.261451794356941,0.336559116405012,4,9542.9673003775,,1
9,17,17,0.26133023255814,0.3528,4,0.155763723514262,0.473137924055967,84.6820258922232,76.3069510541615,R6,1.9381026814824,0.467019021838147,0.532980978161853,0.197473801193047,0.364432473250382,2.13192391264741,0.113194010196183,0.470016978952786,0.0940336627239037,0.448945820522345,0.101885998036335,0.261102680608479,0.352361430444208,4,9080.68233055412,,1
9,18,16,0.260979069767442,0.368579069767442,4,0.151270495035091,0.480686291755885,82.2960243324385,72.4163086645251,R6,1.83551530146395,0.420392810721437,0.579607189278563,0.203812335617742,0.39212311373916,2.31842875711425,0.111710852040364,0.483581701605283,0.107941593423898,0.490008176608078,0.0920307906526148,0.260753453497008,0.368167559440509,4,8716.35024683128,,1
9,19,15,0.260627906976744,0.384358139534884,4,0.147018117848002,0.487830043015295,79.9938341154475,68.7336463834356,R6,1.74151050892931,0.377089708420762,0.622910291579238,0.209632677278936,0.416953561952981,2.49164116631695,0.110563171998777,0.49479091339292,0.121085542046513,0.528030700737452,0.0830631164268671,0.26040410289494,0.383977381092647,4,8422.03928877988,,1
9,20,14,0.260276744186047,0.400137209302326,4,0.142987731844503,0.494600861741305,77.7521346290041,65.2418718507553,R6,1.6558124379435,0.336937323039898,0.663062676960102,0.214944853272106,0.439313614170825,2.65225070784041,0.109639538964985,0.504193601834932,0.133390748036717,0.563228104465033,0.0748437384937551,0.260054645374748,0.399791007440376,4,8179.47115018539,,1
9,21,13,0.259925581395349,0.415916279069767,4,0.139162395971851,0.501027207936769,75.5436607523559,61.9163875954748,R6,1.57663576579029,0.299332473220591,0.700667526779409,0.21986414682042,0.459461666480796,2.80267010711763,0.108927061902119,0.512168867675297,0.145135652716755,0.596082488080117,0.0673254282053535,0.259705063368003,0.415608239396019,4,7976.19264697656,,1
9,22,12,0.259574418604651,0.431695348837209,4,0.135526850203108,0.507134717577013,73.3386611989673,58.7327990082783,R6,1.50377474853198,0.264159229365088,0.735840770634912,0.22439805389611,0.477687640239814,2.94336308253965,0.108359634146426,0.519009092665283,0.156259437811372,0.626743495202016,0.0604059623197184,0.259355370129971,0.431429165591809,4,7803.43151593184,,1
9,23,11,0.259223255813954,0.447474418604651,4,0.132067312078426,0.512946544408887,71.1050695011944,55.6607038013426,R6,1.43554807159335,0.230802067083996,0.769197932916004,0.228657910213021,0.494110475144886,3.07679173166402,0.107959227345752,0.524904283470334,0.167095856981239,0.65567836293284,0.0540775659451236,0.259005538330785,0.447253455762153,4,7654.83639196852,,1
9,24,10,0.258872093023256,0.463253488372093,4,0.128771302098065,0.518483653280536,68.8078869571708,52.6651174168576,R6,1.37035057586965,0.198587629040754,0.801412370959246,0.232752042059538,0.508752348538293,3.20564948383698,0.107761510662027,0.529979554976202,0.178039197578251,0.683383687409283,0.0483555022197732,0.258655530253425,0.463080607509372,4,7525.69489074649,,1
9,25,9,0.258520930232558,0.479032558139535,4,0.125627493304101,0.523765072835558,66.4073067774147,49.7116448053562,R6,1.3080970380195,0.167367866631116,0.832632133368884,0.236683298779632,0.521744838675392,3.33052853347554,0.107735476032573,0.534357366646202,0.189105172859528,0.710004029360225,0.0431853029029357,0.258305345286,0.478910482299875,4,7412.44027296774,,1
9,26,8,0.25816976744186,0.494811627906977,4,0.122625581229658,0.528808113990879,63.8565743785944,46.7660675860296,R6,1.24960234649265,0.137412577624701,0.862587422375299,0.240390534254132,0.533353132558309,3.4503496895012,0.107805014198363,0.538169358310344,0.200009017707736,0.735403605563961,0.038457563556691,0.25795501640228,0.494743351274079,4,7312.32479557047,,1
9,27,7,0.257818604651163,0.510590697674419,4,0.119756171069133,0.533628559484343,61.0987757718891,43.7818693627026,R6,1.19444688037272,0.10853024728994,0.891469752710061,0.243899825632855,0.543683747905667,3.56587901084024,0.107963207447461,0.541493387682657,0.210821337603396,0.759744359214193,0.0341427858766702,0.257604538777348,0.510579060870468,4,7223.19718824021,,1
9,28,6,0.257467441860465,0.526369767441861,4,0.117010679466455,0.53824082886484,58.0626900710938,40.6903246090455,R6,1.14088122060619,0.0798566869450253,0.920143313054975,0.247333495268442,0.552569415274919,3.6805732522199,0.108287653908383,0.544333885944507,0.222124697401437,0.783625476981578,0.0303229108191036,0.257253846780014,0.526416629403015,4,7143.34945107642,,1
9,29,5,0.257116279069767,0.542148837209302,4,0.114381248758525,0.542658122558432,54.6569186256086,37.4234481812126,R6,1.09000978728351,0.0518478030343289,0.948152196965671,0.250610036724777,0.560308207131207,3.79260878786268,0.108695309666563,0.546791614882075,0.23352150933208,0.8067758386954,0.0268811821846141,0.256902986383464,0.542256487355494,4,7071.40970473957,,1
9,30,4,0.25676511627907,0.557927906976744,4,0.111860671869182,0.546892548042218,50.7611363322405,33.8829508469846,R6,1.041946963009,0.0245621498391883,0.975437850160812,0.253718303498465,0.567052542044123,3.90175140064325,0.109159088772281,0.548926152841833,0.244917848403232,0.82918198546883,0.0237676863140898,0.256551970465536,0.558098677564468,4,7006.26212824041,,1
9,31,3,0.256413953488372,0.573706976744186,4,0.109442326341775,0.550955230665847,46.2116546219086,29.9713900189284,R6,1,0,1,0.256413953488372,0.573706976744186,4,0.109442326341775,0.550955230665847,0.254772651950184,0.849553040891853,0.0206358168601614,0.256200992885821,0.573945982713371,4,6946.99156318951,,1
9,32,2,0.256062790697674,0.589486046511628,4,0.107120116238854,0.554856411256723,40.7043692083737,25.9907341941613,R6,1,0,1,0.256062790697674,0.589486046511628,4,0.107120116238854,0.554856411256723,0.246708014449127,0.853572558102584,0.0140656792312975,0.2558521413349,0.589831100121973,4,6892.83968960263,,1
9,33,1,0.255711627906977,0.60526511627907,4,0.104888420835742,0.558605532311884,33.893294092591,15.7570196413741,R4,1,0,1,0.255711627906977,0.60526511627907,4,0.104888420835742,0.558605532311884,0.239063862035862,0.857382500233589,0.00783810441413142,0.255503172077742,0.605721577338726,4,6843.17202391375,,1
9,34,0,0.255360465116279,0.621044186046512,4,0.10274204919885,0.56221131430384,25.331091195556,1.25764568930369,R4,1,0,1,0.255360465116279,0.621044186046512,4,0.10274204919885,0.56221131430384,0.231808144510007,0.860998841509629,0.00192698159741819,0.255154085054764,0.621617417076772,4,6797.45541874829,,1
10,0,33,0.2801,0.0907953488372093,4,0.317452745025428,0.231532572755463,0,0,,0,0,0,0,0,0,0,0,0,0,0,0,0,0,0,,0
10,1,32,0.279748837209302,0.106574418604651,4,0.300854102317206,0.257883251841385,-152.094701830868,-215.686040669416,R6,1.06957614321134,0.207771140068363,0.792228859931637,0.276294300796367,0.0903057364670134,3.16891543972655,0.312985582121417,0.230170818525827,1.59477852381265,0,1.04368673528586,0.279387469872417,0.106104107851467,4,24999.9994413748,B-R,1
10,2,31,0.279397674418605,0.122353488372093,4,0.285869289770395,0.281671943093116,-90.3119816211722,-175.954961218271,R8,1.1569287741573,0.377371549628629,0.622628450371371,0.271550870760102,0.0881357165930509,2.49051380148548,0.309061084763844,0.225697933598932,1.23618431468108,0,0.849633481604728,0.279050395303769,0.121846361765496,4,24999.9994413748,B-R,1
10,3,30,0.279046511627907,0.138132558139535,4,0.272273857715977,0.303254964873745,-47.1532378596733,-136.423541295517,R8,1.25981856551103,0.508224588821152,0.491775411178848,0.265963740510593,0.0855797215457625,1.96710164471539,0.304390867144302,0.220375125582396,0.959515512858216,0,0.699914161496888,0.278713139068778,0.137597099967415,4,24999.9994413748,B-R,1
10,4,29,0.278695348837209,0.153911627906977,4,0.259883134020708,0.322925487908416,-14.6486467546734,-97.6326839549653,R8,1.38279548710858,0.612247436392955,0.387752563607045,0.259285837196678,0.0825247206715414,1.55101025442818,0.298740066293842,0.21393471305412,0.739575060748815,0,0.580893387426692,0.278375701020543,0.153356329317985,4,24999.9994413748,B-R,1
10,5,28,0.278344186046512,0.169690697674419,4,0.248543786093858,0.34092693076832,10.7941011308445,-61.3875173324296,R8,1.53237826595385,0.696924688811478,0.303075311188523,0.251163180347091,0.0788087753201349,1.21230124475409,0.291763624618689,0.20598342197937,0.560537920206623,0,0.484007440115614,0.278038081012001,0.169124056685362,4,24999.9994413748,B-R,1
10,6,27,0.277993023255814,0.18546976744186,4,0.238127443412436,0.357463084240145,30.7910820080674,-28.1747797232795,R8,1.71824839016483,0.767193897352488,0.232806102647512,0.241070044966062,0.0741913773191147,0.931224410590048,0.282933074650524,0.195918939766744,0.411964391826603,0,0.403606876306033,0.277700278895932,0.184900288945115,4,24999.9994413748,B-R,1
10,7,26,0.277641860465116,0.201248837209302,4,0.228525816491775,0.372705860058421,46.9918932422451,2.02744718524271,R8,1.95543302485398,0.826444083280032,0.173555916719968,0.228190424648488,0.0682992208322375,0.69422366687987,0.27139600342706,0.18276974197805,0.286688906828221,0,0.335814048504124,0.277362294524956,0.200685032980231,4,24999.9994413748,B-R,1
10,8,25,0.277290697674419,0.217027906976744,4,0.219646918062774,0.386801289862641,60.6837252714511,29.4271831819046,R8,2.26858542355686,0.877078669209326,0.122921330790674,0.211185596312469,0.0605198680937412,0.491685323162696,0.255682909708252,0.164860987392164,0.179629794511823,0,0.27787901064748,0.277024127751537,0.216478295681126,4,24999.9994413748,B-R,1
10,9,24,0.276939534883721,0.232806976744186,4,0.211412106611466,0.399874218637656,72.7591355521585,55.0644178132598,R8,2.70116250918817,0.920849486060928,0.0791505139390725,0.187695758413333,0.0497737593311842,0.31660205575629,0.23302539686105,0.139037438931978,0.0870830754759497,0,0.227797354309756,0.276685778427975,0.232280083945655,4,22552.7296334427,B-R,1
10,10,23,0.276588372093023,0.248586046511628,4,0.203753750795558,0.412032012499368,84.9478707498733,78.0862862478642,R1,3.33757628896512,0.959063572898344,0.0409364271016557,0.153137162916026,0.0339639258410629,0.163745708406623,0.197513970552162,0.0985638421889386,0.00628521488894835,0,0.184073592636769,0.276347246406415,0.248090404679123,4,15767.2206176326,B-R,1
10,11,22,0.276237209302326,0.26436511627907,4,0.196613367762439,0.423367514152349,90.7970571078188,86.7396616217503,R6,3.37421431731337,0.906009306850295,0.0939906931497049,0.150017350479573,0.0838420067335801,0.37596277259882,0.161915317932764,0.203606026564463,0,0.0569198203264372,0.159018557369633,0.276002897709625,0.263883647101634,4,12814.3617408795,G-B,1
10,12,21,0.275886046511628,0.280144186046512,4,0.189940126855175,0.433961418286647,95.1717964713693,91.233349624192,R6,3.34171875464544,0.851476714550111,0.148523285449889,0.150571417992683,0.139042016435201,0.594093141799558,0.137906076954469,0.286529564286469,0,0.112321501934584,0.137942305846561,0.275657919589754,0.27967987976825,4,11172.0976035478,G-B,1
10,13,20,0.27553488372093,0.295923255813953,4,0.183689637690484,0.443884195528379,96.3790463904274,93.1234986197797,R3,3.05576037895979,0.773862230728007,0.226137769271993,0.164801111866357,0.204489727331149,0.904551077087973,0.128643468830532,0.359154753410876,0.0216189262630903,0.180785109412008,0.123596037217126,0.275310751015616,0.295470595541394,4,10131.8075945553,,1
10,14,19,0.275183720930233,0.311702325581395,4,0.177822961491904,0.453197661968212,94.4329671591742,91.8721677319858,R6,2.85019871681495,0.708912679415552,0.291087320584448,0.174872830964868,0.25860592519652,1.16434928233779,0.121576124256674,0.404526468313546,0.0374528890722691,0.239161598537577,0.109956639817345,0.274963855377132,0.311267328222014,4,9416.60933001771,,1
10,15,18,0.274832558139535,0.327481395348837,4,0.172305799125772,0.461956268170565,91.9704640544546,88.0458641131661,R6,2.65668904712105,0.648191295980401,0.351808704019599,0.184431274879888,0.306079284519169,1.4072348160784,0.117023270988034,0.436972514172197,0.0532802693379776,0.293245698102522,0.0979466177481082,0.274616706922164,0.327067383029512,4,8896.19522158848,,1
10,16,17,0.274481395348837,0.343260465116279,4,0.167107820060386,0.470208164464439,89.4756521748856,83.9339399744733,R6,2.47703038705199,0.591321759688705,0.408678240311295,0.193364947464575,0.347485459014125,1.63471296124518,0.114027552309382,0.461053375839583,0.068947289724705,0.343493615793129,0.087309201046313,0.274269325418806,0.342870730813235,4,8501.33005111491,,1
10,17,16,0.27413023255814,0.359039534883721,4,0.162202104515751,0.477996086541915,87.033966901953,79.9005353814735,R6,2.31510708106242,0.538563989787267,0.461436010212733,0.201444570026676,0.383552519197012,1.84574404085093,0.111917674538477,0.479457890148116,0.0839007092655227,0.389907120484201,0.077744330440373,0.273921778769031,0.35867767251984,4,8191.92044667112,,1
10,18,15,0.273779069767442,0.374818604651163,4,0.157564677137964,0.485358095759439,84.6577841751918,76.0332009332897,R6,2.17243000697066,0.490128034454161,0.509871965545839,0.208567422147169,0.415172009542246,2.03948786218335,0.110281227859415,0.493930339916476,0.0976850138068989,0.43249168950415,0.0690034207301296,0.273574132748063,0.374488579460629,4,7943.19207691013,,1
10,19,14,0.273427906976744,0.390597674418605,4,0.153174115145704,0.492328201213157,82.336447448047,72.3452693354149,R6,2.04189675392232,0.444683284171049,0.555316715828951,0.215110764945576,0.442898468449798,2.2212668633158,0.109130128985789,0.505555943487851,0.111045510019501,0.472241020966073,0.0611117658122633,0.27322631369345,0.390302922645261,4,7739.04326210132,,1
10,20,13,0.273076744186046,0.406376744186047,4,0.149011217433182,0.498936885044628,80.0490994495196,68.8263886425914,R6,1.92517693948583,0.402545386117702,0.597454613882298,0.220967766750215,0.467416906449333,2.38981845552919,0.108223800512915,0.515087237671717,0.123534749056352,0.509049434905486,0.0538674321743715,0.272878385958985,0.406121095598455,4,7568.57004226847,,1
10,21,12,0.272725581395349,0.422155813953488,4,0.145058723846397,0.505211548095418,77.7689157172327,65.4534413797032,R6,1.81762001119405,0.362714730511251,0.637285269488749,0.226387442621398,0.489001003473318,2.549141077955,0.107608348243984,0.522980986684781,0.135720853079083,0.543659491112369,0.0472953699167147,0.27253028848917,0.42194260664226,4,7424.13469515552,,1
10,22,11,0.272374418604651,0.43793488372093,4,0.141301075975825,0.511176889653512,75.4651290496592,62.2050602667606,R6,1.7209535960369,0.325625316941294,0.674374683058706,0.23126162063158,0.508253008878575,2.69749873223482,0.107108794597547,0.529643983776896,0.147125323331752,0.57586019040217,0.0412169090601565,0.27218209160353,0.437767941026618,4,7300.23528973704,,1
10,23,10,0.272023255813953,0.453713953488372,4,0.137724212474656,0.516855232389739,73.1029033438758,59.0419629558849,R6,1.62872383151134,0.289614223496665,0.710385776503335,0.235949129369656,0.524957136489279,2.84154310601334,0.106914435048212,0.53521013448955,0.158859821024844,0.606806807208773,0.0357941283913048,0.271833652791187,0.453595886894827,4,7192.80925896872,,1
10,24,9,0.271672093023256,0.469493023255814,4,0.134315393225419,0.522266801496775,70.6421235498764,55.9352075476049,R6,1.54327717032541,0.255233650562028,0.744766349437972,0.240309839072121,0.539626315638986,2.97906539775189,0.106864975935714,0.539932510794514,0.170396616293161,0.636191913165746,0.030858400704384,0.271485045424557,0.469426925866704,4,7098.79320348314,,1
10,25,8,0.271320930232558,0.485272093023256,4,0.131063047720259,0.527429965388517,68.0354104247842,52.8428617840244,R6,1.46309993675561,0.222026577743869,0.777973422256132,0.244424516696431,0.552362350139978,3.11189368902453,0.106975015674627,0.54393146273371,0.181977911477833,0.664363434798141,0.0264084334267613,0.271136238475101,0.485260686642662,4,7015.83621753646,,1
10,26,7,0.27096976744186,0.501051162790698,4,0.127956643851976,0.532361443996936,65.2249418725535,49.720182220432,R6,1.38844292830326,0.19006697537546,0.80993302462454,0.248272956805536,0.56345497090044,3.23973209849816,0.107188459104088,0.547343977715187,0.193461220384018,0.691314687052364,0.0223696633247033,0.270787254915843,0.501097263185845,4,6942.10501662267,,1
10,27,6,0.270618604651163,0.51683023255814,4,0.124986573980589,0.537076489643706,62.1382462654569,46.5021582019367,R6,1.31764640871231,0.158776676855727,0.841223323144273,0.251946905519506,0.572872662318511,3.36489329257709,0.107548073060943,0.550217274281924,0.205202580477618,0.71746197597142,0.0187763863419614,0.270438043183252,0.516936045284157,4,6876.14670944122,,1
10,28,5,0.270267441860465,0.532609302325581,4,0.122144055678729,0.541589044608882,58.6821157464393,43.1107147068735,R6,1.25058183100059,0.128061406558112,0.871938593441888,0.255449897170112,0.580773461237671,3.48775437376755,0.108031121677391,0.552627425551148,0.217205083503967,0.742899594084882,0.0155944042272529,0.270088602048047,0.532776858161099,4,6816.79914888851,,1
10,29,4,0.269916279069767,0.548388372093023,4,0.119421044995879,0.545911878825668,54.7333694753417,39.4471528151811,R6,1.18792687731126,0.0981975161549832,0.901802483845017,0.258737689144494,0.587474977377518,3.60720993538007,0.108573898237276,0.554673767856068,0.229202306761628,0.767474800721185,0.0127376488917565,0.26973897374503,0.548619981350402,4,6763.11921380391,,1
10,30,3,0.26956511627907,0.564167441860465,4,0.116810160437238,0.550056710565498,50.1244427913185,35.3614126704104,R6,1.12880419364614,0.0688482524146538,0.931151747585346,0.261858132329485,0.592989626773561,3.72460699034138,0.109196740931365,0.556382196977881,0.24139318407267,0.791434128919882,0.0102199857430332,0.269389127780579,0.564464955592674,4,6714.33493653184,,1
10,31,2,0.269213953488372,0.579946511627907,4,0.114304616144162,0.554034312515428,44.6199142471376,30.6411329727451,R6,1.07307689105826,0.0399715354384532,0.960028464561547,0.264815744324214,0.597451825961526,3.84011385824619,0.109884440514559,0.557799101200974,0.253761964332957,0.814827897563497,0.00801374844964063,0.269039066982268,0.580311649772555,4,6669.80678821905,,1
10,32,1,0.268862790697674,0.595725581395349,4,0.111898163002496,0.557854605269844,37.8765411186026,22.999706131574,R4,1.02040222847894,0.0114248237778609,0.988575176222139,0.267627696722011,0.600934792243494,3.95430070488856,0.110636107741359,0.558953524906626,0.266373058598927,0.837769970491018,0.00611047626607359,0.268688780723686,0.59615977448115,4,6629.00359846104,,1
10,33,0,0.268511627906977,0.611504651162791,4,0.109585036602693,0.561526739944818,29.3514856035502,8.39683964635651,R4,1,0,1,0.268511627906977,0.611504651162791,4,0.109585036602693,0.561526739944818,0.26662614038007,0.849255267428395,0.00187812353499347,0.268340471588443,0.612035910705649,4,6591.47751408167,,1
11,0,32,0.2929,0.0970348837209302,4,0.327388897625822,0.244036610202976,0,0,,0,0,0,0,0,0,0,0,0,0,0,0,0,0,0,,0
11,1,31,0.292548837209302,0.112813953488372,4,0.310506205384912,0.269412191582003,-152.953537994348,-221.577317674588,R8,1.07152418858163,0.201408452534916,0.798591547465084,0.289913087692408,0.0965360461791262,3.19436618986034,0.324051384262589,0.242782894695461,1.66535995070598,0,0.953294397020632,0.292161382668283,0.11232918029938,4,24999.9994413748,B-R,1
11,2,30,0.292197674418605,0.128593023255814,4,0.295244529299457,0.29235129975033,-94.8150594300281,-192.479285153734,R8,1.15920834715022,0.363560321287952,0.636439678712048,0.286274753652646,0.0948715845734873,2.54575871484819,0.321123969124167,0.239446418745963,1.31550456572901,0,0.779748547169067,0.291827710580356,0.128074944197471,4,24999.9994413748,B-R,1
11,3,29,0.291846511627907,0.144372093023256,4,0.281381097909608,0.313188772021086,-53.9249555415331,-156.632291883469,R8,1.2625221028674,0.490267588575481,0.509732411424519,0.281987890890459,0.0929104346630268,2.03892964569807,0.31764788107262,0.235484601363078,1.04212369064472,0,0.644137896777646,0.291493858638913,0.143829195263399,4,24999.9994413748,B-R,1
11,4,28,0.291495348837209,0.160151162790698,4,0.268732171513657,0.332200778905866,-23.1501328115448,-120.13820646361,R8,1.38605327840467,0.59200690963355,0.40799309036645,0.276862133989028,0.0905655082574161,1.6319723614658,0.313452916731969,0.230703455891811,0.822613119414257,0,0.535249623875684,0.291159826698499,0.159591940361053,4,24999.9994413748,B-R,1
11,5,27,0.291144186046512,0.17593023255814,4,0.257144852460902,0.34961713367868,0.273817742647914,-85.2846722408945,R8,1.53638001651135,0.675496361732491,0.324503638267509,0.270624531926485,0.0877119359820573,1.29801455307003,0.308290355616536,0.224819507020543,0.642478072990105,0,0.445893589748072,0.290825614613503,0.175363186361723,4,24999.9994413748,B-R,1
11,6,26,0.290793023255814,0.191709302325581,4,0.246490874450136,0.365630627389561,18.9825880752701,-52.860051461025,R8,1.7232813970698,0.745242235679159,0.254757764320841,0.262869315179638,0.0841640867803441,1.01903105728336,0.301781781537032,0.217401460773267,0.491995875234306,0,0.371246858502873,0.290491222238156,0.191142940144113,4,24999.9994413748,B-R,1
11,7,25,0.290441860465116,0.207488372093023,4,0.236661834512947,0.380404195446406,34.9497886612024,-23.0346763915108,R8,1.96195406933158,0.804380045184489,0.195619954815512,0.252965919605947,0.079633490766422,0.782479819262046,0.293321872457959,0.207759410758974,0.364401409192766,0,0.307953592209449,0.290156649426533,0.206931208594353,4,24999.9994413748,B-R,1
11,8,24,0.290090697674419,0.223267441860465,4,0.227565491279232,0.394076481518137,49.7557125002995,5.66258026723128,R8,2.27736702141617,0.85515891427018,0.14484108572982,0.239878291248843,0.0736461749589108,0.579364342919282,0.281878338688802,0.194716820831452,0.254842013243239,0,0.253606626875368,0.289821896032552,0.222727998606003,4,20190.738611049,B-R,1
11,9,23,0.289739534883721,0.239046511627907,4,0.219122861323728,0.406766201879784,64.7753891405881,35.1396141015642,R8,2.71362157205016,0.899234122946368,0.100765877053632,0.221776506302922,0.0653649875509536,0.403063508214529,0.265534871523384,0.176089607897719,0.159746290832335,0,0.206434370361051,0.28948696190997,0.238533317080067,4,14094.4247229533,B-R,1
11,10,22,0.289388372093023,0.254825581395349,4,0.211265919815825,0.418575601457709,78.2434260762011,62.8398356859735,R8,3.35661855256732,0.937850964460924,0.0621490355390764,0.195096227449022,0.0531593188864663,0.248596142156306,0.240287050841494,0.147313796303138,0.076427424028239,0,0.16510402596993,0.289151846912391,0.254347170925005,4,11512.1287393417,B-R,1
11,11,21,0.289037209302326,0.270604651162791,4,0.203935763663841,0.429593214721128,89.3143348972902,84.7935280276219,R1,4.39895891830727,0.971964277792663,0.0280357222073371,0.151845741892695,0.0333731277761911,0.112142888829348,0.196133332382836,0.0969902812728737,0.00282527278388486,0,0.128593660724457,0.288816550893255,0.270169567056738,4,10106.396329408,B-R,1
11,12,20,0.288686046511628,0.286383720930233,4,0.197081132142871,0.439896089256867,93.9295897815546,89.8242013388571,R6,4.40128655437773,0.918554229262357,0.0814457707376431,0.150206223936068,0.102658877212717,0.325783082950573,0.15282355351936,0.235007322006334,0,0.0549882548836235,0.109099443082674,0.288473907968786,0.285971447501021,4,9231.53065687626,G-B,1
11,13,19,0.28833488372093,0.302162790697674,4,0.190657206388456,0.449551590194034,96.6339396034256,93.2912301809618,R3,4.02827411840083,0.846885578387588,0.153114421612412,0.163978454923903,0.186370039407567,0.61245768644965,0.133628606731848,0.341720682798466,0.0153027445621661,0.119881500489564,0.095338601939017,0.288129008423015,0.301769444937074,4,8638.66208443051,,1
11,14,18,0.287983720930233,0.317941860465116,4,0.18462462829595,0.458618874850256,95.9594513607908,93.871975311485,R6,3.65037863931384,0.777341489996236,0.222658510003764,0.17821489956386,0.258419287163131,0.890634040015054,0.124092085418809,0.404862465224486,0.0328190508166942,0.181608763407745,0.0837174993036231,0.287783544388447,0.317569669062914,4,8212.26007341099,,1
11,15,17,0.287632558139535,0.333720930232558,4,0.178948693426549,0.467150105836718,93.7658129905442,90.7884445299154,R6,3.36192084748594,0.716611809880866,0.283388190119134,0.188981166463146,0.317945496107024,1.13355276047654,0.117427313708942,0.444514360758895,0.0470046224781285,0.236029647291971,0.0728481968513336,0.287438209503472,0.333375098463538,4,7891.76630573659,,1
11,16,16,0.287281395348837,0.3495,4,0.173598682948526,0.47519145518589,91.3954288062516,86.935543767903,R6,3.0918285720738,0.658950900434222,0.341049099565778,0.199176494723654,0.368535640005872,1.36419639826311,0.113425043722583,0.472207501506307,0.0617158996228722,0.287121837003674,0.0633349082455722,0.287092534438568,0.349183530767452,4,7642.555777756,,1
11,17,15,0.28693023255814,0.365279069767442,4,0.168547307450616,0.482783940329499,89.0203160368967,83.0219747049166,R6,2.85189249320413,0.605128189122239,0.394871810877761,0.208280789044433,0.411352432307669,1.57948724351104,0.110792550872032,0.492331853344299,0.076011604872431,0.334550534480127,0.0548208709428454,0.286746647068229,0.364995457119003,4,7443.48279895224,,1
11,18,14,0.286579069767442,0.381058139534884,4,0.163770241364714,0.48996412388589,86.6712599164912,79.2158627397201,R6,2.63770870429582,0.554636100066012,0.445363899933988,0.216450859599538,0.447644328551637,1.78145559973595,0.109059321591728,0.507480175741667,0.0899663850944582,0.378791040998239,0.0471867255511133,0.286400545745473,0.380810775942607,4,7280.94413593625,,1
11,19,13,0.286227906976744,0.396837209302326,4,0.159245731231587,0.496764702457429,84.3436803969669,75.5519343593886,R6,2.45120985321281,0.507839981532286,0.492160018467714,0.223576140197575,0.478739443529694,1.96864007387086,0.107777130162348,0.519257633509079,0.103050352353156,0.419723013962082,0.0402092172549541,0.286054319651938,0.396629911145183,4,7145.81328949498,,1
11,20,12,0.285876744186047,0.412616279069767,4,0.154954264497615,0.503215004446551,82.0188167465597,72.0278499246331,R6,2.28221022964024,0.46349684558517,0.53650315441483,0.230070780354146,0.505212730839578,2.14601261765932,0.106979671050199,0.528562802555328,0.115976103234286,0.458263647783356,0.0339400460415296,0.285707872225975,0.412452247605829,4,7031.74882904207,,1
11,21,11,0.285525581395349,0.428395348837209,4,0.150878288204369,0.50934141288025,79.6698891244282,68.6269903404108,R6,2.13292588639383,0.422056447875093,0.577943552124907,0.235819116807661,0.528087557417139,2.31177420849963,0.10639961445416,0.5361045569701,0.128221865080629,0.494203998173189,0.0281891352236771,0.285361293694347,0.428278253885692,4,6934.21292320389,,1
11,22,10,0.285174418604651,0.444174418604651,4,0.1470019690172,0.515167726099818,77.2638437123073,65.3207940546245,R6,1.99627805579331,0.382468383801007,0.617531616198993,0.241113442355764,0.547562594613174,2.47012646479597,0.106117752764366,0.54222921297349,0.140414505818803,0.528307659262729,0.0230161980403531,0.285014491085826,0.444107279886782,4,6849.87739814304,,1
11,23,9,0.284823255813954,0.459953488372093,4,0.143310987674979,0.520715466713784,74.761363996994,62.077500262449,R6,1.87186967566562,0.344708187182636,0.655291812817363,0.245958144318236,0.564188549503764,2.62116725126945,0.106035336997438,0.547263141339518,0.152435175447042,0.560654572831052,0.0183359757409503,0.284667488085613,0.459939378139344,4,6776.24658579536,,1
11,24,8,0.284472093023256,0.475732558139535,4,0.139792362235274,0.52600414726979,72.1151628000808,58.8561836040848,R6,1.75717915915155,0.308325386688346,0.691674613311654,0.250453618196166,0.578203550717456,2.76669845324662,0.106152129054146,0.55139734594018,0.164501926263313,0.591595862805592,0.0141411032038433,0.284320250454468,0.475774209476775,4,6711.4123976431,,1
11,25,7,0.284120930232558,0.491511627906977,4,0.136434295516068,0.531051499557771,69.2671800792653,55.6091881505204,R6,1.65147595295101,0.273200751925544,0.726799248074456,0.254622705107079,0.589957219699653,2.90719699229782,0.106422690542218,0.554804717228147,0.176600275971946,0.621258090407513,0.0103827541479535,0.283972782328301,0.491611680514165,4,6653.89524194606,,1
11,26,6,0.28376976744186,0.507290697674419,4,0.133226042955821,0.535873673223281,66.1443091908848,52.2772141060412,R6,1.55417323445155,0.239264779434674,0.760735220565326,0.25848271387634,0.599777055404527,3.0429408822613,0.106807075045587,0.55762326236324,0.188691440140212,0.649729164638285,0.0070127649192613,0.283625092741093,0.507451737680241,4,6602.52683229868,,1
11,27,5,0.283418604651163,0.52306976744186,4,0.130157797773209,0.540485408378501,62.6520513027761,48.7761028007383,R6,1.46312133519365,0.205989165203701,0.794010834796299,0.262123639443142,0.607668034039049,3.1760433391852,0.107342274767443,0.559903928297014,0.20109082951625,0.677393078803292,0.00406125009486321,0.283277122854389,0.523293791125673,4,6556.37433859975,,1
11,28,4,0.283067441860465,0.538848837209302,4,0.127220590840607,0.544900186097702,58.6647953934517,45.005881503929,R6,1.37948811116952,0.173781208898995,0.826218791101005,0.265484786886441,0.614157811605647,3.30487516440402,0.107932445629573,0.561791127919808,0.213423255027403,0.704015280509618,0.00141927162426677,0.28292894492606,0.539138268949872,4,6514.68477775113,,1
11,29,3,0.282716279069767,0.554627906976744,4,0.124406203117933,0.549130360033811,54.0071614739629,40.7023069900121,R6,1.28599602241776,0.136492315446704,0.863507684553296,0.26936492057206,0.615896236262974,3.45403073821319,0.109364286321153,0.56263216239667,0.230226188286288,0.733661194654872,0,0.282579639499982,0.554977160812866,4,6476.84181071172,R-G,1
11,30,2,0.28236511627907,0.570406976744186,4,0.121707088846265,0.553187271862484,48.4148511958583,35.5688200830787,R6,1.18372270457048,0.0926227294585278,0.907377270541472,0.273723740232702,0.612664480581708,3.62950908216589,0.111672397924691,0.562391304189695,0.252566090394431,0.767341228627928,0,0.282228924324298,0.570807035669331,4,6442.33830296812,R-G,1
11,31,1,0.282013953488372,0.586186046511628,4,0.11911630798971,0.557081352825557,41.5441630837442,28.5121876553635,R4,1.09651826599629,0.0511149235300981,0.948885076469902,0.27744033444665,0.609908889527015,3.79554030587961,0.113658171042287,0.562184082947954,0.273703292861189,0.799208051218717,0,0.281878158920123,0.586639177638209,4,6410.75175157777,R-G,1
11,32,0,0.281662790697674,0.60196511627907,4,0.116627466651901,0.560822213288203,32.8554311558638,14.7072800098258,R4,1.02128086132811,0.0117831724856676,0.988216827514332,0.280646901766321,0.607531447246876,3.95286731005733,0.115384722491738,0.562003912246621,0.293732373334191,0.829404249371881,0,0.281527343276666,0.602473587206569,4,6381.72840245907,R-G,1
12,0,31,0.3057,0.103274418604651,4,0.337055142519779,0.256200985388405,0,0,,0,0,0,0,0,0,0,0,0,0,0,0,0,0,0,,0
12,1,30,0.305348837209302,0.119053488372093,4,0.319909168211798,0.280643546143182,-152.477937508218,-230.295431952884,R8,1.07347934294573,0.195712695661998,0.804287304338003,0.303581573570361,0.102789092134346,3.21714921735201,0.334865923666659,0.255108598061887,1.72854310172742,0,0.872376894907439,0.304938269329344,0.118555701992062,4,24999.9994413748,B-R,1
12,2,29,0.304997674418605,0.134832558139535,4,0.304389249859873,0.302768071726398,-98.187301954852,-206.690308129799,R8,1.16149692106398,0.351027354551264,0.648972645448736,0.301056773970408,0.101634049208071,2.59589058179494,0.332889770881554,0.252856308609155,1.38748354134276,0,0.716331627466267,0.30460800131583,0.134304977082107,4,24999.9994413748,B-R,1
12,3,28,0.304646511627907,0.150611627906977,4,0.290274546300605,0.322889383766536,-59.8463364190985,-174.432909930726,R8,1.26523726861746,0.473798432674857,0.526201567325143,0.298080963983339,0.100272678477669,2.10480626930057,0.330548218732891,0.250187560905432,1.11788728924246,0,0.592983027554034,0.304277555262906,0.150062742221258,4,24999.9994413748,B-R,1
12,4,27,0.304295348837209,0.166390697674419,4,0.277382475427716,0.341267763431947,-31.5559493546721,-140.268856650735,R8,1.38932645631059,0.573284394091663,0.426715605908337,0.294521443963087,0.0986442726349225,1.70686242363335,0.327729597145796,0.246975080716802,0.899423439739024,0,0.493029078796396,0.303946931026567,0.165829004276535,4,24999.9994413748,B-R,1
12,5,26,0.303944186046512,0.18216976744186,4,0.265560773014786,0.358120272030332,-10.1586853418454,-106.903349156117,R8,1.540402722648,0.655535926896951,0.344464073103049,0.290187794878826,0.0966617189622154,1.3778562924122,0.324271571339374,0.243033849497341,0.718805127081642,0,0.410390630334179,0.303616128462655,0.181603770122361,4,24999.9994413748,B-R,1
12,6,25,0.303593023255814,0.197948837209302,4,0.254681450657115,0.373629364305969,7.88169544739971,-75.3934980852452,R8,1.72834397545628,0.724674448351317,0.275325551648683,0.284796667219446,0.0941953909939557,1.10130220659473,0.319928732592342,0.238084166467476,0.566982022285824,0,0.340926877537183,0.303285147426855,0.197387046640581,4,24999.9994413748,B-R,1
12,7,24,0.303241860465116,0.213727906976744,4,0.244636143276324,0.387949520836304,24.9915070167717,-44.1399277474776,R8,1.96851875253839,0.78360427437533,0.21639572562467,0.277907211794066,0.0910436094604336,0.865582902498681,0.31431166142601,0.231682196822957,0.437576461336011,0,0.281719842425739,0.302953987774695,0.213178840720464,4,17529.8635148062,B-R,1
12,8,23,0.302890697674419,0.229506976744186,4,0.235332487114741,0.401212411406786,41.9880160418383,-12.2308234029762,R8,2.28621686985555,0.834431010467985,0.165568989532015,0.268793985815155,0.0868744994832746,0.662275958128061,0.306763130440586,0.223078875839763,0.325964689520529,0,0.230654014618752,0.302622649361551,0.22897915925872,4,12214.3068670603,B-R,1
12,9,22,0.302539534883721,0.245286046511628,4,0.22669127141371,0.413530955455301,57.5460048444839,17.9999920288845,R8,2.72619610190246,0.87871845395706,0.12128154604294,0.256173104704713,0.0811007107634683,0.485126184171758,0.296080087604358,0.210903043644764,0.228712722996791,0,0.186158240601273,0.302291132042638,0.244788009159504,4,10061.1202222669,B-R,1
12,10,21,0.302188372093023,0.26106511627907,4,0.218644177596127,0.425002544995949,71.5110225304242,46.0583227445849,R8,3.37587935110109,0.91765233148071,0.0823476685192897,0.237536827238991,0.0725750042245054,0.329390674077159,0.279798552132906,0.192346416397603,0.143216793332138,0,0.147041216012941,0.301959435673019,0.26060539733443,4,8932.72286971257,B-R,1
12,11,20,0.301837209302326,0.276844186046512,4,0.211131969274515,0.435711624865389,83.8129371175476,71.8825579419176,R8,4.43209832074056,0.952148041972314,0.0478519580276864,0.207239001633914,0.058714383703445,0.191407832110746,0.251955067261587,0.16061223684648,0.0674667518385598,0,0.112383235834307,0.301627560107597,0.276431330702581,4,8251.44482890394,B-R,1
12,12,19,0.301486046511628,0.292623255813953,4,0.204103031576859,0.445731774996871,93.0911977227795,88.4543796721522,R6,6.44473661642269,0.982771188740903,0.017228811259097,0.149501921844368,0.0324914673307262,0.0689152450363882,0.193474034691315,0.0946079769405,0,0.000100013742918189,0.0814865990871927,0.301295489460339,0.292265760979592,4,7800.37238710232,G-B,1
12,13,18,0.30113488372093,0.308402325581395,4,0.197512183588954,0.455127403351154,96.1079929316177,92.6211827821696,R6,5.83178846015907,0.914488097258785,0.0855119027412146,0.164563821058666,0.153796331573654,0.342047610964859,0.14574686791243,0.306473806502123,0.0110870495919534,0.0630611396785475,0.06860707803646,0.300952850872201,0.308070177296715,4,7481.62879682606,,1
12,14,17,0.300783720930233,0.324181395348837,4,0.191319706135346,0.463955131870026,96.9188653397479,94.1446129938749,R3,5.01471237954232,0.840639654068094,0.159360345931906,0.1858975910924,0.259068362476912,0.637441383727626,0.12961253309068,0.406415379783447,0.0302313173801281,0.127910263621643,0.0588756554610934,0.30060872625741,0.323873738637265,4,7245.26866248266,,1
12,15,16,0.300432558139535,0.339960465116279,4,0.185490540680244,0.472264938488576,95.1740011631301,92.9264524905853,R6,4.48133125274108,0.777856415717743,0.222143584282257,0.199587297478738,0.338430298588911,0.88857433712903,0.119836461954511,0.457201699482929,0.0444488769154257,0.183975842171801,0.0493945757004221,0.300265012739589,0.339683410460927,4,7063.39721026852,,1
12,16,15,0.300081395348837,0.355739534883721,4,0.179993625211243,0.480101103870696,92.9569929635962,89.4425448929304,R6,4.03942265855702,0.719994564853201,0.280005435146799,0.210969764054818,0.402362864781028,1.1200217405872,0.113938939877676,0.48893639591222,0.0578901125652397,0.235493286611337,0.0408551192462675,0.299921126845442,0.35549697839181,4,6919.31472017244,,1
12,17,14,0.29973023255814,0.371518604651163,4,0.174801340536025,0.487503000744592,90.6639993343617,85.6960276590374,R6,3.65422651594202,0.665505276783763,0.334494723216237,0.22097994909212,0.454114430255396,1.33797889286495,0.110387682904446,0.510405762398171,0.0713435362438452,0.283647204852064,0.0332802858147636,0.299576951016851,0.371313858435767,4,6802.45523390376,,1
12,18,13,0.299379069767442,0.387297674418605,4,0.169889046153237,0.494505755545218,88.3532545420991,81.9837206919424,R6,3.3177000556921,0.613994913481025,0.386005086518975,0.229799558095513,0.495992417030435,1.5440203460759,0.1082388943039,0.525644001697357,0.0847937645968654,0.328836510326267,0.026549294338236,0.299232490127807,0.387133948391346,4,6705.82734971806,,1
12,19,12,0.299027906976744,0.403076744186046,4,0.165234689235625,0.501140805831057,86.0266066880392,78.3691314355852,R6,3.03180151496467,0.565955550655115,0.434044449344885,0.237317842359445,0.530423447976309,1.73617779737954,0.106774328580522,0.5369596978272,0.0976113101924092,0.370856675757521,0.0204324520324597,0.298887863013622,0.402957715571208,4,6624.62911685014,,1
12,20,11,0.298676744186047,0.418855813953488,4,0.160818473632575,0.507436372139791,83.666584885456,74.8619939024824,R6,2.77900092046397,0.520250475122761,0.479749524877239,0.244020043813373,0.558428779192494,1.91899809950896,0.105944754501722,0.545511949493209,0.110424608694679,0.410554559208626,0.0149758218484016,0.298542964035171,0.418784561876692,4,6555.45891302214,,1
12,21,10,0.298325581395349,0.43463488372093,4,0.156622578412017,0.513417859222821,81.2450110662355,71.4454841398058,R6,2.55759514945057,0.47696636917373,0.52303363082627,0.249924217704748,0.581414681513689,2.09213452330508,0.105485216402539,0.552143252223608,0.122979074608489,0.447959287422949,0.010054618123958,0.298197845884242,0.434614653233403,4,6495.84125769973,,1
12,22,9,0.297974418604651,0.450413953488372,4,0.152630917502065,0.519108198689768,78.7251081045871,68.093056927851,R6,2.36260900832145,0.435870137483496,0.564129862516504,0.25515363830361,0.600319957552685,2.25651945006602,0.105288199459199,0.557369542771731,0.135285944266331,0.483297854402583,0.00560925873112085,0.297852513451285,0.450447930607805,4,6443.93321827554,,1
12,23,8,0.297623255813953,0.466193023255814,4,0.14882893359693,0.524528142807303,76.0609627186016,64.7653127663903,R6,2.18635154515298,0.396202478514961,0.603797521485039,0.259924866248906,0.615427770764813,2.41519008594016,0.105389719741732,0.561448632218059,0.147772211080232,0.517132674653292,0.0016747443412268,0.297506883815819,0.466283823004804,4,6398.33600795359,,1
12,24,7,0.297272093023256,0.481972093023256,4,0.145203420760726,0.529696517387504,73.1676234959448,61.3043756446469,R6,1.96162619285171,0.34622441579783,0.65377558420217,0.266377056152915,0.618111525851258,2.61510233680868,0.107794946482122,0.562795927605936,0.169097529763626,0.557225554742389,0,0.297159080968539,0.482110766612621,4,6357.96852822758,R-G,1
12,25,6,0.296920930232558,0.497751162790698,4,0.141742371172819,0.534630440261068,69.8990258932947,57.6101093226691,R6,1.73320382335306,0.289302609328116,0.710697390671884,0.273107152100119,0.613121636957887,2.84278956268753,0.111344540944793,0.562425517025938,0.196636168373799,0.601414937452287,0,0.296809529248816,0.497930015166288,4,6321.98241133462,R-G,1
12,26,5,0.29656976744186,0.513530232558139,4,0.138434842266782,0.53934551067829,66.2329685572695,53.6954770844973,R6,1.55243042363925,0.235878837048524,0.764121162951476,0.278433348161592,0.609172640274994,3.05648465180591,0.114191529259717,0.5621284254556,0.222482466115292,0.642888735728971,0,0.296459927484342,0.51375152853607,4,6289.70267856146,R-G,1
12,27,4,0.296218604651163,0.529309302325581,4,0.135270841165563,0.543855974053282,62.077222021466,49.4602266858423,R6,1.40580478874755,0.185640262634662,0.814359737365338,0.282753435521279,0.605969601848261,3.25743894946135,0.116525735202407,0.561884844227897,0.246787772479906,0.681889809820937,0,0.296110275664368,0.529575307208379,4,6260.58631475701,R-G,1
12,28,3,0.295867441860465,0.545088372093023,4,0.132241223841734,0.548174865716788,57.2714168323149,44.7530235439476,R6,1.28448623739727,0.138310273365074,0.861689726634926,0.286327890565044,0.60331939690874,3.4467589065397,0.118474252040631,0.561681510788043,0.269685912063934,0.718632898967308,0,0.295760573778143,0.545401351669763,4,6234.19137807128,R-G,1
12,29,2,0.295516279069767,0.560867441860465,4,0.129337606859355,0.552314136733155,51.5721925610111,39.3445819186355,R6,1.18244339288123,0.093643384668056,0.906356615331944,0.289334418059815,0.601090269973335,3.62542646132778,0.120125378021062,0.561509210955346,0.291295649736656,0.753308577086258,0,0.295410821814913,0.56122966240691,4,6210.15350150611,R-G,1
12,30,1,0.29516511627907,0.576646511627907,4,0.126552289903367,0.556284764339098,44.6095774516004,32.069050433896,R3,1.0954204166864,0.0514209812452315,0.948579018754769,0.291898409409208,0.599189252208149,3.79431607501907,0.121542369489054,0.561361343744872,0.311722751074924,0.786086559014425,0,0.295061019763921,0.577060239906649,4,6188.17120595748,R-G,1
12,31,0,0.294813953488372,0.592425581395349,4,0.123878187588924,0.560096849153364,35.8011240807,18.1879250928785,R3,1.02032843538876,0.0114477387981663,0.988552261201834,0.294110873276508,0.597548867143058,3.95420904480733,0.1227717306689,0.56123305630459,0.331061713523564,0.817118478382423,0,0.294711167614406,0.592893084655946,4,6167.9922367637,R-G,1
13,0,30,0.3185,0.109513953488372,4,0.346462330079649,0.268039352838573,0,0,,0,0,0,0,0,0,0,0,0,0,0,0,0,0,0,,0
13,1,29,0.318148837209302,0.125293023255814,4,0.32907251410785,0.291588690627962,-96.6290742122172,-275.310524448121,R6,1.07544164528899,0.190584230929923,0.809415769070077,0.317300030976958,0.109064999017093,3.23766307628031,0.3454376621133,0.267157572807099,1.78543326907559,0,0.799518701509431,0.317718130894229,0.124783673435664,4,1806.55676090359,B-R,1
13,2,28,0.317797674418605,0.141072093023256,4,0.313311850218901,0.312931826076191,-100.601735067484,-218.93325509144,R8,1.16379454931441,0.339603039164028,0.660396960835972,0.315897276729001,0.108423268334216,2.64158784334389,0.344369331285268,0.265939959334021,1.45309534227849,0,0.658524493146582,0.317391268549655,0.140536460926114,4,24999.9994413748,B-R,1
13,3,27,0.317446511627907,0.156851162790698,4,0.298961643673604,0.332364916215311,-65.147880702582,-190.151254136203,R8,1.26796413794659,0.458639561899559,0.541360438100441,0.314243405420824,0.107666656856808,2.16544175240176,0.343106083470096,0.264500192251362,1.18762314015944,0,0.545898036874055,0.317064229981059,0.156297741348263,4,24999.9994413748,B-R,1
13,4,26,0.317095348837209,0.17263023255814,4,0.285840666222937,0.350133380850807,-39.862372817862,-158.318368063343,R8,1.39261513009122,0.555915289097899,0.4440847109021,0.312264356620203,0.106761283488579,1.7763388436084,0.341589219963752,0.262771370622628,0.970681306521972,0,0.453860566491765,0.316737015045889,0.17206752157226,4,24999.9994413748,B-R,1
13,5,25,0.316744186046512,0.188409302325581,4,0.27379746224731,0.366442321609495,-19.9053684466604,-126.501588235886,R8,1.5444465494,0.63689754811611,0.36310245188389,0.309853771809686,0.105658491435845,1.45240980753556,0.339733842856274,0.260656733373164,0.790076748021021,0,0.377239167911189,0.316409623601439,0.187845808475667,4,24999.9994413748,B-R,1
13,6,24,0.316393023255814,0.204188372093023,4,0.262704476049884,0.381464474775454,-0.729000361663442,-93.2084375969508,R8,1.73343638671345,0.705363671157769,0.294636328842231,0.306853233230492,0.104285807892573,1.17854531536892,0.33741240218335,0.258010907411641,0.637385355188547,0,0.312459916672197,0.316082055504849,0.203632608943468,4,14345.284259069,B-R,1
13,7,23,0.316041860465116,0.219967441860465,4,0.252453516474738,0.39534635311689,18.4774158903998,-58.3357457712119,R8,1.97512751398957,0.764007142964835,0.235992857035165,0.303015971068939,0.102530340838456,0.943971428140662,0.334424063470606,0.254604994764281,0.506600187386592,0,0.25697437104834,0.315754310613105,0.219427929868078,4,9957.32925066565,B-R,1
13,8,22,0.315690697674419,0.235746511627907,4,0.24295221655172,0.408213040245052,36.0981319969383,-25.3127262886636,R8,2.29513576764428,0.814800323145874,0.185199676854126,0.297935289883109,0.100206035628465,0.740798707416504,0.330433247093114,0.250056523764182,0.393322538767367,0,0.208916382162758,0.315426388783039,0.235231778149354,4,8357.83762292025,B-R,1
13,9,21,0.315339534883721,0.251525581395349,4,0.234121242467669,0.420171970233265,51.8129351914952,4.939577776607,R8,2.73888771138983,0.859220639546294,0.140779360453706,0.290889964876598,0.0969829470268051,0.563117441814826,0.324833848642131,0.243674696322575,0.29425748761627,0,0.16688808103539,0.315098289871327,0.251044160694605,4,7591.46744141339,B-R,1
13,10,20,0.314988372093023,0.267304651162791,4,0.225892073138698,0.431315934526405,65.7890689230808,32.5696513445134,R8,3.39536246823989,0.898396668063767,0.101603331936233,0.280467299498413,0.0922147959552374,0.406413327744931,0.316407831536839,0.234071274159151,0.206888112891517,0,0.129821665103891,0.314770013734491,0.266865084418604,4,7156.7291198748,B-R,1
13,11,19,0.314637209302326,0.283083720930233,4,0.218205218771319,0.441725494370443,78.2264141043641,57.9011973180915,R8,4.46574082230089,0.933205357582324,0.0667946424176755,0.263473202930311,0.0844403527757495,0.267178569670702,0.302292222923383,0.217983228417642,0.129258665667996,0,0.0968874088111747,0.314441560228899,0.282694556243594,4,6880.59657776366,B-R,1
13,12,18,0.314286046511628,0.298862790697674,4,0.211008780387268,0.451470931507983,89.1251759855616,81.1864695385187,R8,6.52168274546778,0.964338455775883,0.0356615442241167,0.230831590319081,0.0695074987981392,0.142646176896467,0.273786923981257,0.185494756555428,0.0598264280127078,0,0.067430814803338,0.314112929210762,0.2985325830993,4,6690.88774086042,B-R,1
13,13,17,0.31393488372093,0.314641860465116,4,0.204257276529297,0.460613837056584,95.5457385530462,91.7694454176917,R6,9.71417609843118,0.970495240745927,0.029504759254073,0.179169137082402,0.0901808965901775,0.118019037016292,0.1924567099171,0.217955042982987,0.0137074902802578,0.014346184913439,0.0443184584259985,0.313781327879325,0.314370008859926,4,6552.96180794293,,1
13,14,16,0.313583720930233,0.330420930232558,4,0.197910681065134,0.469208414517354,97.2339766162984,94.4114901566965,R3,7.70354873555886,0.896470367216633,0.103529632783367,0.207558523370847,0.26352574971097,0.414118531133468,0.144459085538936,0.412676619837869,0.0315394481797701,0.079572582243556,0.035759502068198,0.31343892125406,0.330178257985741,4,6448.34436337514,,1
13,15,15,0.313232558139535,0.3462,4,0.191933629068917,0.477302555172546,96.2213709162618,94.4867100846673,R6,6.48281691305306,0.831577011869172,0.168422988130828,0.224589434466174,0.378000338095708,0.673691952523312,0.126764483955167,0.480046135259293,0.0459625938870909,0.13728838621786,0.027610999379098,0.313096758656278,0.345991818340347,4,6366.35201462982,,1
13,16,14,0.312881395348837,0.361979069767442,4,0.186294757495844,0.484938730945805,94.1873125488245,91.4794511990272,R6,5.67728602647388,0.774745826992064,0.225254173007936,0.235619156637107,0.462910551255002,0.901016692031745,0.116589926697226,0.515382929890387,0.0573293344171912,0.188393847924871,0.0197999141678339,0.312754854750537,0.361810927379986,4,6300.40212624432,,1
13,17,13,0.31253023255814,0.377758139534884,4,0.180966154691401,0.492154739878322,91.9855777992608,87.9458560970374,R6,4.98159968721379,0.720218858216022,0.279781141783978,0.245361571788258,0.526503296221866,1.11912456713591,0.111182860276819,0.536802969931593,0.0695745346316705,0.236833996855127,0.0130203881712385,0.312412487494364,0.37763289017692,4,6246.22753554584,,1
13,18,12,0.312179069767442,0.393537209302326,4,0.17592289833686,0.498984331844342,89.7176881029982,84.3556301063293,R6,4.39970499619379,0.66837689073365,0.33162310926635,0.253632987216709,0.574188045251237,1.3264924370654,0.108124583676334,0.550751103231943,0.0821002967435483,0.282497512417744,0.0070462823112263,0.312069764072162,0.39345795415605,4,6200.94492281534,,1
13,19,11,0.311827906976744,0.409316279069767,4,0.17114266568812,0.505457736366827,87.3924012946883,80.8140461652044,R6,3.91682515866918,0.619308078988603,0.380691921011397,0.260573183956037,0.610333015702331,1.52276768404559,0.106325482375827,0.560346964596454,0.0945759156642113,0.325443795800246,0.0017226109630838,0.311726752145032,0.409286270105761,4,6162.53848092636,,1
13,20,10,0.311476744186047,0.425095348837209,4,0.166605403247023,0.51160210994949,84.8735229993959,77.334558883831,R6,3.23478113596523,0.553214166981465,0.446785833018535,0.271422190197944,0.6143709167226,1.78714333207414,0.110450886056045,0.56251877253136,0.121587552065499,0.378769560666201,0,0.311380170381858,0.425102795850472,4,6129.55655514322,R-G,1
13,21,9,0.311125581395349,0.440874418604651,4,0.16229304555424,0.517441916888259,82.0081570558825,73.7458269043634,R6,2.65727768438617,0.481540693198322,0.518459306801678,0.280839795246729,0.607388430409814,2.07383722720671,0.115488980049127,0.561993032665106,0.154379322312434,0.435046779667311,0,0.311031730748837,0.44091369144859,4,6100.92844131084,R-G,1
13,22,8,0.310774418604651,0.456653488372093,4,0.158189274787767,0.52299925482367,78.9650620033275,70.0536320117433,R6,2.25474030835949,0.414820387504755,0.585179612495245,0.287404150861276,0.60252142621996,2.34071844998098,0.119064025476181,0.561619966202421,0.184904938270834,0.487434825859946,0,0.310683241243758,0.456726850055397,4,6075.84749960727,R-G,1
13,23,7,0.310423255813953,0.472432558139535,4,0.154279314422033,0.528294134168288,75.7471294050191,66.2557946538876,R6,1.95811543743473,0.352556948046613,0.647443051953387,0.292241344257053,0.598934990337021,2.58977220781355,0.121732517846301,0.561341501206792,0.213391466043617,0.536323389971546,0,0.310334701855911,0.472542272156784,4,6053.69375918622,R-G,1
13,24,6,0.310072093023256,0.488211627906977,4,0.15054975144742,0.533344718857533,72.3029953765928,62.3144465902971,R6,1.73046251514792,0.294318235157901,0.705681764842099,0.295953781480478,0.596182481396015,2.82272705936839,0.123800479786567,0.561125703320649,0.240036616497772,0.582051783288958,0,0.309986112574587,0.488359958238779,4,6033.98423170116,R-G,1
13,25,5,0.309720930232558,0.503990697674419,4,0.146988382642171,0.538167534528695,68.545986613341,58.1596948092368,R6,1.55023076884732,0.239726227329728,0.760273772670272,0.298892900544219,0.594003333032083,3.04109509068109,0.125450127318422,0.560953557768392,0.265013340570568,0.62491682412055,0,0.30963747338907,0.504179908787552,4,6016.33597307314,R-G,1
13,26,4,0.30936976744186,0.51976976744186,4,0.143584081183954,0.542777649155926,64.3513056178387,53.6838902805604,R6,1.40400078099649,0.188448806667735,0.811551193332265,0.301277537844831,0.592235293575531,3.24620477332906,0.126796729077264,0.56081303593026,0.288473587555262,0.665179287764188,0,0.309288784288644,0.52000212428941,4,6000.44186763119,R-G,1
13,27,3,0.309018604651163,0.535548837209302,4,0.140326680529169,0.547188830301219,59.5415893552167,47.8019292514505,R8,1.28297999325527,0.140192996517815,0.859807003482185,0.303251077532816,0.590772053846564,3.43922801392874,0.127916765949859,0.560696156801683,0.310551398996404,0.703069216248745,0,0.308940045262589,0.5358266052308,4,5986.05336641495,R-G,1
13,28,2,0.308667441860465,0.551327906976744,4,0.137206873007119,0.551413682438457,53.8587046978017,41.0552936561842,R8,1.18116684344618,0.0946993603315362,0.905300639668464,0.304911389745761,0.589541050078431,3.62120255867385,0.128862980113578,0.560597416581956,0.331365471299244,0.738790316283026,0,0.30859125630018,0.55165335209831,4,5972.96632593388,R-G,1
13,29,1,0.308316279069767,0.567106976744186,4,0.134216120998603,0.555463767235619,46.9125237289283,32.0162414834817,R7,1.09432476354161,0.051737335600575,0.948262664399425,0.306327562078446,0.588491058718814,3.7930506575977,0.129672922061611,0.560512896767118,0.351021290529986,0.772523622998851,0,0.308242417390691,0.567482365378664,4,5961.01203164549,R-G,1
13,30,0,0.30796511627907,0.582886046511628,4,0.131346578913828,0.559349709212511,38.0845210451079,18.3190604177402,R7,1.01937778422074,0.0111013256700612,0.988898674329939,0.307549755727529,0.587584888797471,3.95559469731976,0.130374052894855,0.560439731710848,0.369612920474215,0.804430568615999,0,0.307893528523394,0.583313645558728,4,5950.04960925738,R-G,1
14,0,29,0.3313,0.115753488372093,4,0.355620736783639,0.279564644869787,-140.464831808352,-382.537674653805,R6,1.00125843467884,0.00369606800715012,0.99630393199285,0.33130239102589,0.115470785411381,3.9852157279714,0.355947803805201,0.27913634360752,2.2489750642798,0,0.896417085783844,0.330824249215921,0.115265282986448,4,1481.2414278728,B-R,1
14,1,28,0.330948837209302,0.131532558139535,4,0.338005287122081,0.302258427686849,-86.6498300168421,-262.698630848533,R6,1.07741113488236,0.185942326104359,0.814057673895641,0.331068734455422,0.115363892425141,3.25623069558256,0.355774685643433,0.278939034870682,1.83692601712727,0,0.733572883962725,0.330500968402053,0.131013095136575,4,1674.13394042872,B-R,1
14,2,27,0.330597674418605,0.147311627906977,4,0.322020326036604,0.322851670674261,-55.8564457957218,-183.949357921058,R6,1.16610128574081,0.329146500935921,0.670853499064079,0.330796609679434,0.115239401040725,2.68341399625632,0.35557297042678,0.278709133084572,1.51314903315137,0,0.605614319592865,0.330177513321782,0.146769396236439,4,1912.53919475444,B-R,1
14,3,26,0.330246511627907,0.163090697674419,4,0.307449489482208,0.341623113162612,-32.8876022034461,-125.523100714492,R6,1.27070278668973,0.44464058932016,0.55535941067984,0.330475664684547,0.115092575428873,2.22143764271936,0.355334934378979,0.278437835195121,1.25202307332457,0,0.502415807676327,0.329853883834161,0.162534193151918,4,2235.21727444727,B-R,1
14,4,25,0.329895348837209,0.17886976744186,4,0.294113073523603,0.358804265681417,-47.715888999979,-174.538347953989,R8,1.3959194100485,0.539757961119979,0.460242038880021,0.330091467056605,0.114916813062444,1.84096815552008,0.35504979704563,0.278112854346816,1.03696778040951,0,0.417424693719945,0.329530079798091,0.178307492756294,4,24999.9994413748,B-R,1
14,5,24,0.329544186046512,0.194648837209302,4,0.28186058538623,0.37458900635511,-25.8042905133101,-136.920389523876,R8,1.5485116635411,0.619454088516357,0.380545911483642,0.329623273774743,0.114702624443928,1.52218364593457,0.354702043167545,0.277716507263909,0.856779096711501,0,0.34621306836424,0.329206101072321,0.194089301930268,4,9441.97130563201,B-R,1
14,6,23,0.329193023255814,0.210427906976744,4,0.270565039838448,0.389140928808784,-1.55972460518448,-92.8841707261938,R8,1.73855889532025,0.687198086820644,0.312801913179356,0.329040158740271,0.114435861531028,1.25120765271742,0.354268502633751,0.277222386172181,0.703613537961346,0,0.285681140591278,0.328881947515446,0.209879627561964,4,6518.67854687041,B-R,1
14,7,22,0.328841860465116,0.226206976744186,4,0.26011854173795,0.402599033123255,17.5177700110578,-59.1489909801109,R8,1.98178079912239,0.745491118660906,0.254508881339093,0.328293889786536,0.114094459117891,1.01803552535637,0.353712965362494,0.276589221193197,0.571816109162559,0,0.233594023188312,0.328557618985912,0.225678476546946,4,6092.32672829053,B-R,1
14,8,21,0.328490697674419,0.241986046511628,4,0.250428828630771,0.415082179965304,33.9071999133347,-29.432609276744,R8,2.30412452606499,0.796181978147657,0.203818021852343,0.32730485421002,0.113641996060423,0.815272087409373,0.352975505772134,0.275748713075755,0.45720678566294,0,0.188299745879511,0.328233115342007,0.24148585578822,4,5954.61166189782,B-R,1
14,9,20,0.328139534883721,0.25776511627907,4,0.241416538487203,0.426692610532331,48.5161267136341,-2.07195206962305,R8,2.7516980433277,0.840666764291674,0.159333235708326,0.325931580605852,0.113013752154505,0.637332942833305,0.351949266032422,0.274579072267034,0.356629062230894,0,0.148550839271279,0.327908436441871,0.257301772196251,4,5887.7357126935,B-R,1
14,10,19,0.327788372093023,0.273544186046512,4,0.233013031133374,0.437518753177191,61.6908092045212,23.364672637077,R8,3.41507177551059,0.880019446885613,0.119980553114387,0.323896175022258,0.112082596738655,0.479922212457547,0.350423324896049,0.272839904550425,0.267654750576827,0,0.113387669100116,0.327583582143488,0.27312623268897,4,5848.35238626276,B-R,1
14,11,18,0.327437209302326,0.289323255813954,4,0.225158636747435,0.447637479850575,73.6286406329351,47.0881712538246,R8,4.49989796716231,0.915079707686919,0.084920292313081,0.32056764212957,0.11055986266794,0.339681169252324,0.347915253826839,0.269981369492578,0.188385375134333,0,0.082059946679699,0.327258552304688,0.288959244191784,4,5822.42604276272,B-R,1
14,12,17,0.327086046511628,0.305102325581395,4,0.217801236840088,0.457115934207602,84.4278634370501,69.2460929120056,R8,6.59478753946828,0.946513524145696,0.0534864758543039,0.314139968367975,0.107619336571978,0.213945903417216,0.343026944674782,0.264409995038205,0.117315196490128,0,0.0539725949564567,0.326933346783149,0.304800813637587,4,5804.07344808938,B-R,1
14,13,16,0.32673488372093,0.320881395348837,4,0.210895106343695,0.466013023331217,93.8267178987275,89.8841281039529,R8,12.3391964477918,0.974855878212764,0.0251441217872357,0.29651460667635,0.0995561028225199,0.100576487148943,0.329310287176846,0.248776647636022,0.053234649052134,0,0.0286475865092519,0.326607965436394,0.320650947966768,4,5790.4022855863,B-R,1
14,14,15,0.326383720930233,0.336660465116279,4,0.204399962424603,0.47438064313641,97.1568369339124,94.6007582906717,R6,15.2389583471496,0.944757547101636,0.0552424528983645,0.283435048892435,0.283413383669265,0.220969811593458,0.194330237824712,0.437209613099495,0.0368943687809773,0.0366201604618257,0.0143492927652605,0.326273782869947,0.336482856885751,4,5779.82486044092,,1
14,15,14,0.326032558139535,0.352439534883721,4,0.198280178205219,0.482264691323103,96.9315245298674,94.7153475752931,R3,11.1406139414879,0.879144080878687,0.120855919121313,0.291884630262152,0.474527810174612,0.483423676485251,0.143952807055608,0.526566345882202,0.0506033035165319,0.095044922053723,0.0072581750735231,0.325933306620065,0.352300685665757,4,5771.39842958482,,1
14,16,13,0.325681395348837,0.368218604651163,4,0.192504128976653,0.489705909642939,95.114974821551,93.0928730972273,R6,9.10166396152189,0.82288141180323,0.17711858819677,0.295554510059364,0.593595591413314,0.708474352787078,0.124025736228411,0.560463594422643,0.060348746508438,0.146015488079212,0.00019663450475598,0.325593365848293,0.368124886502504,4,5764.52762818578,,1
14,17,12,0.32533023255814,0.383997674418605,4,0.187043645567454,0.496740588118105,92.3303661492118,89.1198955901841,R8,5.6920446118243,0.730726394450097,0.269273605549903,0.30623470216118,0.588559907762488,1.07709442219961,0.129619732271925,0.560518447277481,0.0996045263588958,0.219394577829899,0,0.325246250229173,0.383928164687409,4,5758.81818694199,R-G,1
14,18,11,0.324979069767442,0.399776744186047,4,0.181873554923169,0.503401156907443,89.0243777110957,81.5520852344901,R8,4.1174483992046,0.644678420410587,0.355321579589413,0.311197047890958,0.584880680298819,1.42128631835765,0.132478196187224,0.560220158194628,0.13663500538063,0.28774766634383,0,0.324898871833052,0.399732975247713,4,5753.99898376134,R-G,1
14,19,10,0.324627906976744,0.415555813953488,4,0.176971292084405,0.509716686190686,85.7230551735672,74.5340565352897,R8,3.22524541137623,0.565165101597287,0.434834898402713,0.314008828874084,0.582795944091734,1.73933959361085,0.134112519325866,0.560049611787692,0.170853315772371,0.350909884624373,0,0.32455144372664,0.415540047496587,4,5749.87675768767,R-G,1
14,20,9,0.324276744186047,0.43133488372093,4,0.17231657094485,0.515713310327143,82.4987311390272,68.0122595604928,R8,2.65083945571273,0.491469286780755,0.508530713219245,0.315819071346663,0.581453777668092,2.03412285287698,0.135170377453299,0.559939221193313,0.202568081343728,0.409450909087631,0,0.324203965899264,0.431349381919543,4,5746.31034947199,R-G,1
14,21,8,0.323925581395349,0.447113953488372,4,0.167891103656677,0.521414589342516,79.3140471907778,61.9066616643163,R8,2.25010322394222,0.422975060483149,0.577024939516851,0.317081993048465,0.580517410783807,2.3080997580674,0.135911044138646,0.559861930455064,0.232044359412271,0.463859998494707,0,0.323856438340251,0.447160979002229,4,5743.19470111451,R-G,1
14,22,7,0.323574418604651,0.462893023255814,4,0.163678360498951,0.526841818287693,76.0913063439869,56.1320573413345,R8,1.95461722608354,0.359150488386919,0.640849511613081,0.318013218252699,0.579826973330866,2.56339804645232,0.13645858131536,0.559804793346775,0.259511066263445,0.514559700312839,0,0.323508861038923,0.462974839230434,4,5740.4495009248,R-G,1
14,23,6,0.323223255813954,0.478672093023256,4,0.15966336356138,0.532014293033611,72.7293606627298,50.5962662086503,R8,1.72772986478632,0.299533775452157,0.700466224547843,0.318728254602622,0.579296824582791,2.80186489819137,0.13687981460418,0.559760836419169,0.285166933961874,0.561916846156486,0,0.3231612339846,0.478790963090085,4,5738.01187561255,R-G,1
14,24,5,0.322872093023256,0.494451162790698,4,0.155832508815281,0.53694953949521,69.1066667428334,45.1924647810989,R8,1.54803733866312,0.243722074391141,0.756277925608859,0.319294556256681,0.578876952064471,3.02511170243544,0.137213927621346,0.559725970747112,0.309185326589669,0.606251441890083,0,0.322813557166599,0.49460935106725,4,5735.83371992573,R-G,1
14,25,4,0.322520930232558,0.510230232558139,4,0.152173412117122,0.541663512023306,65.0752143502224,39.7861374983301,R8,1.40220139731992,0.191362370756722,0.808637629243278,0.319754158759832,0.57853618940019,3.23455051697311,0.13748541493153,0.559697640251027,0.331718162820401,0.647843908151326,0,0.322465830574233,0.510430003648135,4,5733.87524507262,R-G,1
14,26,3,0.32216976744186,0.526009302325581,4,0.148674775471393,0.546170765696611,60.4427387336529,34.1929858006866,R8,1.28147727754978,0.14214400858907,0.85785599141093,0.320134621265344,0.578254103432101,3.43142396564372,0.137710375473628,0.559674164959483,0.352899132483864,0.686941017680152,0,0.322118054196812,0.526252921319083,4,5732.10484324664,R-G,1
14,27,2,0.321818604651163,0.541788372093023,4,0.145326270510052,0.550484606433834,54.9392115868596,28.1400477247347,R8,1.17989304732871,0.0957925221628896,0.904207477837111,0.320454764338857,0.578016740045405,3.61682991134844,0.137899825710998,0.559654395272257,0.372846351054551,0.723760795133439,0,0.321770228023645,0.542078104566581,4,5730.49639392486,R-G,1
14,28,1,0.321467441860465,0.557567441860465,4,0.1421184366571,0.554617222187095,48.1581322091871,21.1931822067478,R8,1.09323129997861,0.0520645150980688,0.947935484901931,0.32072787915296,0.577814244778146,3.79174193960772,0.138061558599168,0.559637517971613,0.391664563410517,0.758496584915859,0,0.321422352044034,0.557905553877251,4,5729.0290697953,R-G,1
14,29,0,0.321116279069767,0.573346511627907,4,0.139042591863471,0.558579797941147,39.4476642186249,12.6131387781433,R8,1.01842890286796,0.0107433850623166,0.989256614937683,0.320963619181359,0.577639460264128,3.95702645975073,0.138201242247612,0.559622941573722,0.409446983694354,0.791320447306072,0,0.321074426247283,0.573735269737856,4,5727.68500951659,R-G,1
15,0,28,0.3441,0.121993023255814,4,0.36454010266341,0.290789118713344,-126.79034158487,-359.167547771252,R6,1.0029653717373,0.00824988248553622,0.991750117514464,0.344143590964538,0.121345365379748,3.96700047005785,0.365346744801809,0.289848640669301,2.28078579879611,0,0.820358449955786,0.343606656662276,0.121492643514416,4,1405.95416607042,B-R,1
15,1,27,0.343748837209302,0.137772093023256,4,0.346716081816476,0.312663023081254,-77.3251880177053,-249.609865999245,R6,1.079387851285,0.181720874019992,0.818279125980009,0.344887960563787,0.121685898877996,3.27311650392003,0.365884725185732,0.290461795458555,1.8837546740604,0,0.673600282326278,0.34328678289241,0.137243967601417,4,1573.67251177936,B-R,1
15,2,26,0.343397674418605,0.153551162790698,4,0.330522293763521,0.33253628143673,-49.3832082444698,-176.874436626179,R6,1.16841718461022,0.319539763306539,0.680460236693461,0.345755123335277,0.122082607680214,2.72184094677384,0.366510518184087,0.291175033311626,1.56832217356422,0,0.557004144392689,0.342966736672645,0.153003783520264,4,1769.24947580783,B-R,1
15,3,25,0.343046511627907,0.16933023255814,4,0.315744861199407,0.350671367200293,-27.7917375571298,-122.805571628851,R6,1.27345329133839,0.431673294031058,0.568326705968942,0.346778195147846,0.122550641602669,2.27330682387577,0.367247534421768,0.292015036124735,1.31167694757957,0,0.462138072818475,0.342646517863485,0.168772098139966,4,2007.30881309482,B-R,1
15,4,24,0.342695348837209,0.185109302325581,4,0.302205751915203,0.36728676415548,-10.2957321859121,-79.503370962358,R6,1.3992394075337,0.52468987296177,0.47531012703823,0.348003376029931,0.123111136190551,1.90124050815292,0.368128317777169,0.293018895277967,1.09878557810473,0,0.383445130775048,0.342326126325286,0.18454891833694,4,2313.81230298807,B-R,1
15,5,23,0.342344186046512,0.200888372093023,4,0.289755571389767,0.382565811488027,3.79615382869599,-42.812541172293,R6,1.55259823360551,0.603094206562554,0.396905793437446,0.349497120391275,0.123794492944199,1.58762317374978,0.369199480719039,0.294239736608817,0.919337933986717,0,0.317114292219955,0.342005561918253,0.200334250995027,4,2735.8374940667,B-R,1
15,6,22,0.341993023255814,0.216667441860465,4,0.278268027191576,0.396663497154535,14.6836829971793,-40.9265797103665,R8,1.74371176889114,0.67007875840625,0.32992124159375,0.351358602857083,0.124646082177086,1.319684966375,0.370530227710136,0.295756434829164,0.766027275396645,0,0.26044470152293,0.341684824502441,0.216128103005496,4,3325.30818589272,B-R,1
15,7,21,0.341641860465116,0.232446511627907,4,0.267635629610332,0.409711734131531,25.5224667236065,-37.0230179219309,R8,1.98847905939627,0.727969141363691,0.272030858636309,0.353742683182935,0.125736748983314,1.08812343454524,0.372227929624222,0.29769136422521,0.633530864015905,0,0.211468867286593,0.341363913937751,0.231930481267057,4,3958.14621037267,B-R,1
15,8,20,0.341290697674419,0.248225581395349,4,0.257766317984099,0.421823500637149,37.1103130393135,-21.7751601936055,R8,2.31318396915963,0.778499635091226,0.221500364908774,0.356905371242589,0.127183612517112,0.886001459635097,0.374468642625996,0.300245182077015,0.517879373350912,0,0.168719571837997,0.341042830083936,0.24774139268587,4,4403.88080696406,B-R,1
15,9,19,0.340939534883721,0.264004651162791,4,0.248580788247502,0.433096119803854,48.8503089831705,-1.83752353145358,R8,2.76462877141102,0.822989900494007,0.177010099505993,0.361302530148236,0.12919522060267,0.708040398023971,0.377562486395511,0.303771342474633,0.416052434123738,0,0.131080369051945,0.340721572800595,0.263560844175557,4,4681.59802023293,B-R,1
15,10,18,0.340588372093023,0.279783720930233,4,0.24001035735327,0.443613880492204,60.2974319890537,19.2202979343468,R8,3.43501123485828,0.862461896789291,0.137538103210709,0.36783218383931,0.132182400380044,0.550152412842835,0.382111257693691,0.308955733932116,0.325711040752687,0,0.0976866713637412,0.340400141947177,0.27938884265721,4,4863.56786868383,B-R,1
15,11,17,0.340237209302326,0.295562790697674,4,0.231995242814668,0.453450148662042,71.1405114364548,40.077600893705,R8,4.53458165541318,0.897719347796697,0.102280652203303,0.378542210498199,0.137082013217753,0.409122608813212,0.389456761794225,0.317327658175693,0.245015673158594,0,0.0678585205048336,0.340078537382977,0.295225395059401,4,4990.75470013858,B-R,1
15,12,16,0.339886046511628,0.311341860465116,4,0.224483166181685,0.462669081207362,80.5036640354339,59.9595455231976,R8,6.66954984957421,0.929403043714203,0.0705969562857971,0.399337209934256,0.14659528983621,0.282387825143188,0.40332314588937,0.333131654142212,0.172499725018567,0,0.041053801655572,0.339756758967141,0.311070508318193,4,5084.38877252328,B-R,1
15,13,15,0.33953488372093,0.327120930232558,4,0.21742821145936,0.471327026922378,89.8669589223358,79.2923889716461,R8,12.6035375639048,0.958030137609837,0.0419698623901629,0.457135387682551,0.173036745372335,0.167879449560652,0.439324072884871,0.37416315169225,0.106979564058162,0,0.0168349982261428,0.33943480655866,0.326924189377151,4,5156.1293450274,B-R,1
15,14,14,0.339183720930233,0.3429,4,0.210789885773789,0.479473679266212,95.5308664592041,90.7784710601933,R8,23.681157972524,0.950789451489023,0.0492105485109772,0.561089840907927,0.399602894931311,0.196842194043909,0.336331611883877,0.538947457119391,0.0723520271426648,0.0218163803241483,0,0.339106825476004,0.342769879160398,4,5212.83136623506,R-G,1
15,15,13,0.338832558139535,0.358679069767442,4,0.204532341681793,0.487153030756078,92.7487159510256,81.295581415937,R8,9.13970432547789,0.845200995323656,0.154799004676344,0.415610792428228,0.507465293019201,0.619196018705377,0.201304227585038,0.553037960206348,0.114824378359885,0.106693302091196,0,0.338760507501709,0.358568608267942,4,5258.7689129789,R-G,1
15,16,12,0.338481395348837,0.374458139534884,4,0.19862372957685,0.494404167704385,89.0005962386144,72.7863076777759,R8,5.66258486228045,0.748511197996573,0.251488802003427,0.380824171830709,0.533257105367668,1.00595520801371,0.176359804569254,0.55564098381768,0.15371729507008,0.184417067182994,0,0.338414139978707,0.374369597744976,4,5296.7397853799,R-G,1
15,17,11,0.33813023255814,0.390237209302326,4,0.193035655489586,0.501261935614067,85.3870496901445,65.1212699057683,R8,4.10201111040515,0.659640619449531,0.340359380550469,0.365211510949909,0.544832786269726,1.36143752220187,0.165862544974667,0.556736403605971,0.189464975848896,0.255855379823117,0,0.338067722896366,0.39017284807663,4,5328.65075072961,R-G,1
15,18,10,0.337779069767442,0.406016279069767,4,0.187742724799761,0.507757499142041,82.0617202333263,58.1631201210286,R8,3.21576574175803,0.577677621368867,0.422322378631133,0.35634512550594,0.551406582334192,1.68928951452453,0.160079771905672,0.557339852915183,0.222434121982127,0.321741057372848,0,0.337721256244047,0.405978359748174,4,5355.84568866509,R-G,1
15,19,9,0.337427906976744,0.421795348837209,4,0.182722156386913,0.513918815619298,78.9629303311479,51.7927298581148,R8,2.64443234956873,0.501846980454438,0.498153019545562,0.350629256908631,0.555644493569548,1.99261207818225,0.15641787476761,0.557721982608325,0.252936562598367,0.382697260448295,0,0.337374740011109,0.421786133245017,4,5379.29820243115,R-G,1
15,20,8,0.337076744186046,0.437574418604651,4,0.177953454851722,0.519771037305732,76.0094845442181,45.9050415362974,R8,2.24548517357563,0.431485292580337,0.568514707419663,0.3466380152511,0.558603716227576,2.27405882967865,0.153890887756177,0.557985681105265,0.281239148204363,0.439257264202251,0,0.33702817418691,0.437596169052707,4,5399.73165328729,R-G,1
15,21,7,0.336725581395349,0.453353488372093,4,0.17341813086127,0.525336854586612,73.1069759360634,40.4026151684186,R8,1.95113149168741,0.366021513337786,0.633978486662214,0.343693172555384,0.560787108258738,2.53591394664886,0.152041995879077,0.558178618388595,0.307571578140091,0.49188010074267,0,0.336681558760803,0.45340846765693,4,5417.693834286,R-G,1
15,22,6,0.336374418604651,0.469132558139535,4,0.169099461572051,0.530636789985041,70.1414890872598,35.1882830746977,R8,1.72500583131697,0.304961425640349,0.695038574359651,0.341430912763069,0.562464413471048,2.7801542974386,0.150630546241903,0.55832590729279,0.332132648395519,0.540963044795453,0,0.336334893722137,0.469223029543512,4,5433.60747479651,R-G,1
15,23,5,0.336023255813953,0.484911627906977,4,0.164982284586163,0.53568945102199,66.9711220906525,30.1559001742819,R8,1.5458501067023,0.247875139882629,0.752124860117371,0.339638560706717,0.563793315419722,3.00849944046948,0.149517715201008,0.55844203447172,0.35509527960012,0.58685166165941,0,0.335988179060262,0.485039855198418,4,5447.80452848841,R-G,1
15,24,4,0.335672093023256,0.500690697674419,4,0.161052820089677,0.540511748490747,63.4184930420818,25.1769751335824,R8,1.40040661996179,0.194386957664356,0.805613042335644,0.338183480590784,0.56487215414155,3.22245216934258,0.148617801117246,0.558535943142477,0.376610594281748,0.62984795521722,0,0.33564141476452,0.500858945107751,4,5460.54857467683,R-G,1
15,25,3,0.335320930232558,0.51646976744186,4,0.157298516776268,0.545119085541732,59.2612730601914,20.0789189938245,R8,1.27997807789707,0.144167093601998,0.855832906398002,0.336978660898432,0.565765442506016,3.42333162559201,0.147875033441568,0.558613453125221,0.396811246720468,0.670217022329034,0,0.335294600824253,0.516680299757756,4,5472.05184478424,R-G,1
15,26,2,0.33496976744186,0.532248837209302,4,0.153707917926116,0.549525522032478,54.2071815580386,14.6064793831528,R8,1.17862199563069,0.0969248696333457,0.903075130366654,0.335964650417524,0.566517259371056,3.61230052146662,0.147251555279129,0.558678514897825,0.415814160500519,0.708192523567623,0,0.334947737228799,0.532503919634813,4,5482.48761091465,R-G,1
15,27,1,0.334618604651163,0.548027906976744,4,0.150270544629681,0.553743917837147,47.8330951234137,8.34816848272078,R8,1.09214001944039,0.0524030850382387,0.947596914961761,0.335099446985173,0.56715874636195,3.79038765984705,0.14672076561891,0.558733904353709,0.433722793137209,0.743981208858087,0,0.334600823967494,0.548329805225445,4,5491.99712844781,R-G,1
15,28,0,0.334267441860465,0.563806976744186,4,0.146976793649122,0.557786058192523,39.4599231124041,0.585133396674024,R8,1.01748178639275,0.0103733318449208,0.989626668155079,0.334352533439349,0.567712529790277,3.95850667262032,0.146263425424706,0.55878162914266,0.450629020427851,0.777766683172538,0,0.334253861029669,0.564157957016313,4,5500.69905285221,R-G,1
16,0,27,0.3569,0.128232558139535,4,0.373229665857221,0.301724399998541,-113.847109717084,-335.832481417583,R6,1.00467813867872,0.0123605383043104,0.98763946169569,0.357028648813665,0.127240009423402,3.95055784678276,0.374555720099676,0.300344427275574,2.30950084231833,0,0.751701530483429,0.356392040535491,0.127721454104371,4,1341.8629848599,B-R,1
16,1,26,0.356548837209302,0.144011627906977,4,0.355213070847534,0.322812238628228,-68.3767908414742,-236.106727091395,R6,1.08137183434689,0.177865224307601,0.822134775692399,0.358757987893408,0.128031145825367,3.2885391027696,0.375775175839121,0.301734283019891,1.9265254775724,0,0.618824499105353,0.356075575405383,0.143476291337051,4,1492.10890191755,B-R,1
16,2,25,0.356197674418605,0.159790697674419,4,0.338825012858162,0.341993927629287,-43.3187698910096,-169.128763422077,R6,1.17074230062161,0.310683276792269,0.689316723207732,0.360773171000146,0.128953049881686,2.75726689283093,0.377191342987084,0.30334833753769,1.61918649326022,0,0.512190246301,0.355758939643162,0.159239623285009,4,1661.320665133,B-R,1
16,3,24,0.355846511627907,0.17556976744186,4,0.323854232366375,0.359516739403739,-23.5039428932763,-118.998523082422,R6,1.27621572904784,0.419627682383539,0.580372317616461,0.363151454117981,0.130041064586689,2.32148927046584,0.37885599486043,0.305245598662978,1.36709077031788,0,0.4247231808674,0.355442133110788,0.175011456820386,4,1856.93076386621,B-R,1
16,4,23,0.355495348837209,0.191348837209302,4,0.310124495722837,0.375586949707704,-6.98527665513872,-78.8498000740747,R6,1.40257523495995,0.510604470280674,0.489395529719326,0.366000690026711,0.131344530327784,1.9575821188773,0.380840820607925,0.307507772989926,1.1565718456294,0,0.35168159037223,0.355125155670072,0.190791798822739,4,2089.47153087366,B-R,1
16,5,22,0.355144186046512,0.207127906976744,4,0.297487625136606,0.390377995827319,7.01663656108049,-45.2244694146106,R6,1.55670642991125,0.587719976958877,0.412280023041123,0.369476139951436,0.132934475862968,1.64912009216449,0.383248020514064,0.310251341705909,0.978127718089322,0,0.289768663022172,0.354808007182677,0.206580656179047,4,2372.91942468764,B-R,1
16,6,21,0.354793023255814,0.222906976744186,4,0.285818129361082,0.404036761186242,18.7178426483912,-21.6944640155308,R8,1.74889527822273,0.653917826614407,0.346082173385593,0.373809738471893,0.134917006403793,1.38432869354237,0.386228470797121,0.313648263638018,0.824946885392426,0,0.236621081776865,0.354490687510114,0.222378035783727,4,2719.89960760069,B-R,1
16,7,20,0.354441860465116,0.238686046511628,4,0.275009022013713,0.416688469866474,28.8707549257465,-20.1881719851934,R8,1.99522275239492,0.711363254388264,0.288636745611736,0.379364089762299,0.137458005763961,1.15454698244694,0.390014619758892,0.317963468128957,0.692019025849881,0,0.190500466746774,0.354173196513748,0.238183944538638,4,3121.06980851087,B-R,1
16,8,19,0.354090697674419,0.25446511627907,4,0.264968531952272,0.428440537005954,38.846831316116,-12.7408322399258,R8,2.32231493398129,0.76168444111943,0.23831555888057,0.386739575939719,0.140832136184938,0.953262235522279,0.394984231670334,0.323627506140936,0.575576553384583,0,0.150099617261907,0.353855534054792,0.253998389353096,4,3522.38778593569,B-R,1
16,9,18,0.353739534883721,0.270244186046512,4,0.255617491316016,0.439385626011451,48.7064214195584,0.186886450910478,R8,2.7776816009433,0.806129301496808,0.193870698503192,0.397007478222029,0.145529486382194,0.775482794012768,0.401794977871673,0.33138994837219,0.472731812095691,0,0.114416632993766,0.35353769999431,0.26982137714388,4,3864.40240905764,B-R,1
16,10,17,0.353388372093023,0.286023255813953,4,0.246887243771847,0.449604096888422,58.4602055561682,16.3898391917344,R8,3.45518490130133,0.845670374937679,0.154329625062321,0.412284261062612,0.152518294506447,0.617318500249284,0.411702626946212,0.342682037566988,0.381234360336762,0,0.0826707013032218,0.353219694193215,0.285652914835245,4,4132.03173759445,B-R,1
16,11,16,0.353037209302326,0.301802325581395,4,0.238717955975733,0.45916598262051,68.12254506104,34.0011454370522,R8,4.56980415687907,0.881076812535031,0.118923187464969,0.437417417326788,0.164016186995995,0.475692749859875,0.427441007338043,0.360619612245821,0.299304393997741,0,0.0542443018264376,0.352901516512271,0.301493009358931,4,4337.96228639966,B-R,1
16,12,15,0.352686046511628,0.317581395348837,4,0.231057244392304,0.468132596432557,77.4785457535812,51.9395188523488,R8,6.74602669384704,0.912964903924152,0.0870350960758478,0.486488291361606,0.186465083906914,0.348140384303391,0.456303321926471,0.39351498714746,0.22551582809238,0,0.0286426404933262,0.352583166812089,0.317341667654172,4,4498.38236701456,B-R,1
16,13,14,0.35233488372093,0.333360465116279,4,0.223859050833133,0.476557847936488,86.3531903686191,69.6280213987101,R8,12.8794525206557,0.941834254512057,0.0581657454879434,0.62478874595048,0.249734644697617,0.232662981951773,0.526443977551142,0.473456710308685,0.158712583191141,0,0.0054646042904275,0.352264644953133,0.33319889666771,4,4625.87279755494,B-R,1
16,14,13,0.351983720930233,0.349139534883721,4,0.217082715696125,0.48448932787446,85.8572953568385,66.527508781045,R8,9.06398662195129,0.867403290170963,0.132596709829037,0.53409854438551,0.419615027268124,0.530386839316148,0.306636714497897,0.542046206646806,0.173277102748594,0.0660999865319284,0,0.351925976126577,0.34901266088807,4,4729.25252066957,R-G,1
16,15,12,0.351632558139535,0.364918604651163,4,0.210692209507778,0.491969207573672,82.5706798826161,57.6993198800237,R8,5.63342848639092,0.767225845906528,0.232774154093472,0.454645526348598,0.478523805888417,0.931096616373889,0.232169456777583,0.549817083126669,0.21065924616986,0.14761082443688,0,0.351580569566054,0.364812090733806,4,4814.61606666684,R-G,1
16,16,11,0.351281395348837,0.380697674418605,4,0.204655492094633,0.499034989015337,79.3946989046603,49.9092552791732,R8,4.0866891453303,0.675352665042632,0.324647334957368,0.418822460856774,0.505084068628566,1.29858933982947,0.203723179884382,0.55278553544808,0.244942576602572,0.222364777367061,0,0.35123511358643,0.380613781085659,4,4886.22738965042,R-G,1
16,17,10,0.35093023255814,0.396476744186046,4,0.198943975319873,0.505720133684023,76.3516415761135,42.9572791207124,R8,3.20634163428734,0.590792262806317,0.409207737193683,0.398433281047052,0.520201199599001,1.63683094877473,0.188706896898169,0.554352528564851,0.276497075795163,0.291168581361777,0,0.350889608177095,0.396417732428795,4,4947.13037196872,R-G,1
16,18,9,0.350579069767442,0.412255813953488,4,0.193532070370397,0.512054592453419,73.4701176602688,36.6834565101829,R8,2.63805614082788,0.512704950536419,0.487295049463581,0.385271575057022,0.529959671254185,1.94918019785432,0.179426145277791,0.55532100218252,0.305636081367607,0.354705461341102,0,0.350544053327442,0.412223945248523,4,4999.54382756178,R-G,1
16,19,8,0.350227906976744,0.42803488372093,4,0.188396804467541,0.518065254213965,70.6392970058942,30.5676829948714,R8,2.24088604030485,0.440374856638761,0.559625143361239,0.376072965992954,0.536779787573972,2.23850057344496,0.173121791396091,0.555978879977403,0.332626727451756,0.413557896663562,0,0.350198449026857,0.428032420030287,4,5045.11927195702,R-G,1
16,20,7,0.349876744186047,0.443813953488372,4,0.1835174948905,0.523776327417841,68.0221437100795,25.1772522965701,R8,1.94765816761343,0.373187916032819,0.626812083967181,0.369281698060084,0.541815031156823,2.50724833586872,0.168559878865127,0.556454928913208,0.357698158133673,0.468225530333718,0,0.349852795264725,0.443843157259674,4,5085.10836910576,R-G,1
16,21,6,0.349525581395349,0.459593023255814,4,0.178875470557361,0.529209665959318,65.404160053085,20.142825507424,R8,1.72229037404644,0.310614393688851,0.689385606311149,0.364062095109298,0.545684996606982,2.75754242524459,0.165105733380436,0.556815379112755,0.381048048958014,0.519139388980956,0,0.349507092030426,0.459656157422406,4,5120.47684335541,R-G,1
16,22,5,0.349174418604651,0.475372093023256,4,0.174453833261199,0.534385048640138,62.6591996932622,15.3517595032817,R8,1.54366904672937,0.252194888752093,0.747805111247907,0.359925157917069,0.548752242172277,2.99122044499163,0.162399543541457,0.557097777949687,0.402847829619025,0.566673270807867,0,0.349161339313339,0.475471421004346,4,5151.98046058216,R-G,1
16,23,4,0.348823255813954,0.491151162790698,4,0.170237252124646,0.539320419753759,59.6131671826922,10.6755927373519,R8,1.39861643125686,0.197529036515408,0.802470963484592,0.356565684729901,0.551243053310148,3.20988385393837,0.160222101030036,0.557325000454131,0.423246899924345,0.611152938394899,0,0.348815537102838,0.491288948491497,4,5180.21920946411,R-G,1
16,24,3,0.348472093023256,0.50693023255814,4,0.166211786003282,0.544032096956413,56.0251099408255,5.9484851430833,R8,1.27848238197125,0.146266320414384,0.853733679585616,0.353783334917549,0.553305968391157,3.41493471834246,0.158432233774206,0.55751177834533,0.442376058384345,0.652863594654489,0,0.348469685388296,0.50710874037,4,5205.6751158571,R-G,1
16,25,2,0.348120930232558,0.522709302325581,4,0.162364729502391,0.548534951499486,51.5629408990104,0.929315337969982,R8,1.17735367949232,0.0980985481769118,0.901901451823088,0.351441156092821,0.5550425278987,3.60760580729235,0.156934918577189,0.557668027572221,0.460350309806762,0.692056004721644,0,0.348123784159082,0.522930797126135,4,5228.74033611129,R-G,1
16,26,1,0.347769767441861,0.538488372093023,4,0.158684479023578,0.552842565017596,45.7574635759251,-4.77179501423728,R8,1.09105091539608,0.0527536507797007,0.947246349220299,0.349442351583055,0.556524499701412,3.7889853968812,0.155663848331629,0.557800667475688,0.477271179273652,0.728951541523364,0,0.347777833404561,0.538755119246321,4,5249.7362782451,R-G,1
16,27,0,0.347418604651163,0.554267441860465,4,0.155160415866059,0.556967366354732,37.8856039071087,-11.849039857309,R8,1.01653642987578,0.00999054060501281,0.990009459394987,0.347716568043436,0.557804045815504,3.96003783757995,0.154571346453458,0.557914673246938,0.493228630867944,0.76374636951438,0,0.347431833114096,0.554581707217119,4,5268.92901763121,R-G,1
17,0,26,0.3697,0.134472093023256,4,0.381698194526314,0.312381522917475,-101.558296011926,-312.692345969088,R6,1.00639676542132,0.0160897234431894,0.983910276556811,0.369957789646479,0.133154820508623,3.93564110622724,0.38358043128762,0.310630201723665,2.33555111708866,0,0.689416003534613,0.369180401875291,0.133951715262849,4,1285.92966037126,B-R,1
17,1,25,0.369348837209302,0.150251162790698,4,0.36350403054148,0.332715362748733,-59.7118428467492,-222.310493775854,R6,1.08336312421157,0.174329804541297,0.825670195458703,0.372679097087689,0.134399761655734,3.30268078183481,0.385453114912322,0.312764563807412,1.96574396354408,0,0.568598103773908,0.368867346981537,0.149710066850572,4,1423.18715785993,B-R,1
17,2,24,0.368997674418605,0.16603023255814,4,0.346935406460557,0.351232495416475,-37.432339256991,-160.84699680809,R6,1.17307668891022,0.302492456472661,0.697507543527339,0.375851108795522,0.135850890563257,2.79003017410936,0.387624378580917,0.31523922786008,1.66622777793193,0,0.470744624891339,0.368554123274739,0.165476916038328,4,1574.17667978624,B-R,1
17,3,23,0.368646511627907,0.181809302325581,4,0.331783789440636,0.368165977709173,-19.4611586603797,-114.431092325872,R6,1.27899017764424,0.408408860268889,0.591591139731111,0.379595902878893,0.137564055408672,2.36636455892444,0.390171816328632,0.318142630478498,1.41870108602334,0,0.389876381093275,0.368240730618316,0.181252269701394,4,1743.3353307735,B-R,1
17,4,22,0.368295348837209,0.197588372093023,4,0.317874852846867,0.383710637477908,-4.16640715830371,-77.0611203432277,R6,1.40592700581492,0.497408658018782,0.502591341981218,0.384084021330824,0.13961727558119,2.01036536792487,0.393202458665805,0.321596758024944,1.21070851142699,0,0.321924136828416,0.367927168875534,0.197036134722465,4,1936.19276121286,B-R,1
17,5,21,0.367944186046512,0.213367441860465,4,0.305061738868879,0.398030603351869,9.08750737068406,-45.7259194071796,R6,1.56083642458376,0.57324492898372,0.42675507101628,0.389561169537328,0.14212295614776,1.70702028406512,0.396868194146522,0.325774723120536,1.03347910591632,0,0.264022378183671,0.367613437909516,0.212828517991666,4,2159.10527160473,B-R,1
17,6,20,0.367593023255814,0.229146511627907,4,0.293219853209205,0.411265122206629,20.5282828977093,-18.7943410151739,R6,1.7541096973412,0.638637001588776,0.361362998411224,0.396394752463801,0.145249177183475,1.4454519936449,0.401392020778881,0.33093068428247,0.880657797518078,0,0.214094870447851,0.367299537583234,0.228629426406558,4,2417.4035718218,B-R,1
17,7,19,0.367241860465116,0.244925581395349,4,0.282242800229492,0.423533102054167,30.4038206105097,-10.5169965375944,R8,2.00201234193055,0.69560344490681,0.30439655509319,0.405159871692777,0.149259035614845,1.21758622037276,0.407115176268453,0.337453561887212,0.747527189237237,0,0.170600415751161,0.366985467759513,0.244438866872155,4,2710.09738979331,B-R,1
17,8,18,0.366890697674419,0.260704651162791,4,0.272039177310957,0.434936694673041,39.5844488956807,-5.57965215816635,R8,2.33151827085204,0.745674134892411,0.254325865107589,0.416810246614897,0.154588838084119,1.01730346043036,0.414587481048133,0.345970005235986,0.630511960155624,0,0.132370938354223,0.366671228301031,0.260256846300927,4,3022.32880595177,B-R,1
17,9,17,0.366539534883721,0.276483720930233,4,0.262530023752494,0.445564146725787,48.5465970887774,3.31261616456216,R8,2.79085826958625,0.790029704234174,0.209970295765826,0.43305117805882,0.162018723996957,0.839881183063304,0.424755456379663,0.357558797240056,0.52685297105313,0,0.0985050132777588,0.366356819070317,0.276083371612814,4,3326.63735792227,B-R,1
17,10,16,0.366188372093023,0.292262790697674,4,0.253646773418,0.455492087885004,57.2126638345066,15.5431819040391,R8,3.47559692568066,0.829595819389535,0.170404180610465,0.457261552947308,0.173094463337991,0.68161672244186,0.439398841647738,0.37424836822878,0.43438693892724,0,0.0682958848345219,0.36604223992975,0.291918449735236,4,3599.02665289441,B-R,1
17,11,15,0.365837209302326,0.308041860465116,4,0.245329598779824,0.464787381534234,65.7852949995411,29.9572113478559,R8,4.60557812559489,0.865108482260713,0.134891517739286,0.497214414120513,0.191372060373192,0.539566070957146,0.462306150960195,0.400356618331604,0.351393826941684,0,0.041181608140328,0.365727490741563,0.307762087603102,4,3830.37056658443,B-R,1
17,12,14,0.365486046511628,0.323820930232558,4,0.237526061759285,0.473508632591727,74.303376717896,45.4997108088742,R8,6.8242777358893,0.897160239842851,0.102839760157149,0.575661203785568,0.227259823304291,0.411359040628596,0.503222844900319,0.44699078492875,0.276488852454201,0,0.016709767581094,0.365412571367836,0.32361429215882,4,4022.80946008391,B-R,1
17,13,13,0.36513488372093,0.3396,4,0.230190007037298,0.48170742434905,79.3796671104828,54.4908290965768,R8,8.98951317411034,0.89085293228679,0.10914706771321,0.650639207984603,0.333208389460712,0.436588270852841,0.456811532757954,0.526375024454656,0.235013760019249,0.0232260976521448,0,0.36508998504308,0.33945777301445,4,4182.57299166764,R-G,1
17,14,12,0.364783720930233,0.355379069767442,4,0.223280648474293,0.489429339490299,75.4757537085085,44.4628295547126,R8,5.60457082199212,0.786945218358591,0.213054781641409,0.527710569899093,0.424351257359189,0.852219126565635,0.299972159912783,0.542741672440225,0.270658213144092,0.108828582165275,0,0.364745539234072,0.355255643477609,4,4316.09439286596,R-G,1
17,15,11,0.364432558139535,0.371158139534884,4,0.216761810438196,0.496714807985714,72.2193128676814,35.8898188720422,R8,4.07148121650633,0.69187237503031,0.30812762496969,0.472034402431282,0.46563118737096,1.23251049987876,0.247025088640294,0.54826685442523,0.303271956429814,0.187152618860492,0,0.364401044146154,0.371055774098454,4,4428.78398553498,R-G,1
17,16,10,0.364081395348837,0.386937209302326,4,0.21060129423848,0.503599815166441,69.3766205517627,28.4473062676771,R8,3.19697260190108,0.604553559961917,0.395446440038083,0.440275470725932,0.489178183108471,1.58178576015233,0.220424638533648,0.551042689314489,0.333225761522408,0.259088640085655,0,0.364056499768749,0.386858165362051,4,4524.89342301281,R-G,1
17,17,9,0.36373023255814,0.402716279069767,4,0.204770346241565,0.51011649616,66.7810282661216,21.892226152948,R8,2.63171060652994,0.524077327359556,0.475922672640444,0.419747237147895,0.504398412587387,1.90369069056177,0.204423521977937,0.552712452699108,0.360832290356649,0.325387523918081,0,0.363711906091279,0.402662817753606,4,4607.69465710532,R-G,1
17,18,8,0.363379069767442,0.418495348837209,4,0.199243209124845,0.516293637409824,64.3286329778028,16.0361088711983,R8,2.23630570813124,0.449669693093506,0.550330306906494,0.40538758767792,0.515045074383152,2.20132122762597,0.193739037088127,0.553827409995394,0.386357050082952,0.386686903137602,0,0.363367263103161,0.418469731758462,4,4679.70096460898,R-G,1
17,19,7,0.363027906976744,0.434274418604651,4,0.193996741493023,0.522157101792925,61.9454382204024,10.7253395256299,R8,1.94419718770235,0.380669161811264,0.619330838188736,0.394779282172502,0.522910380648356,2.47732335275494,0.186098882246294,0.554624682533425,0.410026959754708,0.443531738686265,0,0.363022570793811,0.434278907862103,4,4742.85476907993,R-G,1
17,20,6,0.362676744186047,0.450053488372093,4,0.189010094007528,0.527730190578401,59.5525462185677,5.82574269281284,R8,1.71958345253714,0.316507007411873,0.683492992588127,0.386622138656637,0.528958324117625,2.73397197035251,0.180364176739082,0.555223115851761,0.432037114905061,0.496390565241704,0,0.36267782915264,0.45009034655015,4,4798.67131498427,R-G,1
17,21,5,0.362325581395349,0.465832558139535,4,0.184264432470279,0.533033952909675,57.0412253127043,1.20847054601946,R8,1.54149413265675,0.256691561257783,0.743308438742217,0.380154590535242,0.53375355241622,2.97323375496887,0.175901127698288,0.555688848092766,0.452556177311287,0.545668435088689,0,0.362333038169056,0.465904048308366,4,4848.34625775671,R-G,1
17,22,4,0.361974418604651,0.481611627906977,4,0.179742700107223,0.538087451476954,54.2523653315358,-3.26609319020405,R8,1.39683081363008,0.20079558898408,0.79920441101592,0.374900951643062,0.537648753103331,3.19681764406368,0.17232897185482,0.556061613018939,0.471730705248206,0.591717317505757,0,0.361988197832466,0.481720013622649,4,4892.83211587991,R-G,1
17,23,3,0.361623255813953,0.497390697674419,4,0.175429412726975,0.542907991448411,50.9505400747247,-7.77155179691958,R8,1.27699017750402,0.148446070033085,0.851553929966915,0.370548781161618,0.540875578889735,3.40621571986766,0.16940516319845,0.556366721016936,0.489688659511796,0.634844518710174,0,0.361643308132273,0.497538242979039,4,4932.8968974644,R-G,1
17,24,2,0.361272093023256,0.51316976744186,4,0.171310481569845,0.547511318454526,46.7870679598063,-12.5552962817802,R8,1.17608809009186,0.0993158627572008,0.900684137242799,0.366884389010951,0.543592465816312,3.6027365489712,0.166967874778271,0.556621059203125,0.506542262618388,0.675319548411692,0,0.361298369057876,0.513358736863715,4,4969.16560348913,R-G,1
17,25,1,0.360920930232558,0.528948837209302,4,0.167373059576423,0.551911790398664,42.4520573189303,-17.8219784317894,R8,1.08996398134083,0.0531168613513783,0.946883138648622,0.363756678611846,0.545911441281834,3.78753255459449,0.164904998858197,0.556836326348162,0.522390346247312,0.713379757349565,0,0.360953380598671,0.529181495762994,4,5002.15112447545,R-G,1
17,26,0,0.36056976744186,0.544727906976744,4,0.163605407541498,0.556122527043775,35.1343751386519,-24.3509165362566,R8,1.01559282841602,0.00959434211961765,0.990405657880382,0.361055792277349,0.547913956970836,3.96162263152153,0.163136414459991,0.557020883310824,0.537320290694974,0.749234995018288,0,0.360608342744053,0.545006520163332,4,5032.27868683381,R-G,1
18,0,25,0.3825,0.140711627906977,4,0.389954016366333,0.322770967363356,-89.847381053831,-289.892346866428,R6,1.00812128208837,0.0194881842331582,0.980511815766842,0.382931240078893,0.139089902307441,3.92204726306737,0.392426354046265,0.320712204835545,2.35929111230956,0,0.632654294679991,0.381971741721891,0.140183427496623,4,1236.23350877744,B-R,1
18,1,24,0.382148837209302,0.156490697674419,4,0.371596364631364,0.342381238820382,-51.3035101756996,-208.346511399165,R6,1.08536176131878,0.171076310477775,0.828923689522225,0.386651570861006,0.140791875704999,3.3156947580889,0.394925318812938,0.32356036112647,2.00183504175359,0,0.522376922176075,0.381662098661921,0.155945294649311,4,1363.37935996645,B-R,1
18,2,23,0.381797674418605,0.17226976744186,4,0.354860080645597,0.36025950979322,-31.6448182830602,-152.154104087906,R6,1.17542040505193,0.294894971941095,0.705105028058905,0.390989295688896,0.142776293945036,2.82042011223562,0.397818148948006,0.326857419355402,1.7098614334991,0,0.432301287682825,0.381352288609265,0.171715662288114,4,1500.86479851882,B-R,1
18,3,22,0.381446511627907,0.188048837209302,4,0.339539447535771,0.376625534081876,-15.489961599962,-109.282144213423,R6,1.28177671563201,0.397934528074809,0.602065471925191,0.396112006734522,0.145119826935422,2.40826188770077,0.401205926836202,0.330718586600817,1.46688650030445,0,0.357342042550001,0.381042311428797,0.187494537291443,4,1651.63415275212,B-R,1
18,4,21,0.381095348837209,0.203827906976744,4,0.325462137725235,0.391663397897726,-1.47456064514774,-74.5045265260847,R6,1.4092948346737,0.485020740339612,0.514979259660388,0.402253988092934,0.147929654741749,2.05991703864155,0.405227560012688,0.335302180569071,1.26153073790426,0,0.293988540479638,0.380732166985242,0.203281926545135,4,1819.05092529228,B-R,1
18,5,20,0.380744186046512,0.219606976744186,4,0.312482702941025,0.405528474060615,10.8771172414059,-45.1947407393843,R6,1.56498839157996,0.559592419236842,0.440407580763158,0.409753055137912,0.151360320820803,1.76163032305263,0.410079299919846,0.340831875794388,1.08568517549952,0,0.239739114645837,0.380421855143184,0.21907783694246,4,2006.66625624059,B-R,1
18,6,19,0.380393023255814,0.235386046511628,4,0.300477530179742,0.41835281020862,21.734932824115,-19.9130405995939,R6,1.75935530355058,0.624166294598707,0.375833705401293,0.419114845909194,0.155643143983418,1.50333482160517,0.416047738240264,0.347634310697033,0.933415177055342,0,0.19276289372593,0.380111375767055,0.23488227538413,4,2217.35968051747,B-R,1
18,7,18,0.380041860465116,0.25116511627907,4,0.289340892431577,0.430249347549726,31.2044778787867,-4.41737204625133,R8,2.00884829815018,0.680626657227723,0.319373342772277,0.431131815210508,0.16114065570158,1.27749337108911,0.423568549979955,0.356206039100304,0.800277444783587,0,0.151689093319566,0.379800728721146,0.250695248778311,4,2451.37092876898,B-R,1
18,8,17,0.379690697674419,0.266944186046512,4,0.278981826632344,0.441315255940242,39.8399256628229,-0.672043634479323,R8,2.34079484362691,0.730412276239261,0.269587723760739,0.447120205798679,0.168455009463257,1.07835089504296,0.433337925370104,0.36734053301032,0.68287925415391,0,0.115471037268039,0.379489913869598,0.266516764040631,4,2703.42442275679,B-R,1
18,9,16,0.379339534883721,0.282723255813953,4,0.269321643509919,0.451634593952002,48.135798870557,6.01471579697203,R8,2.804160548131,0.774640724132798,0.225359275867202,0.469438473512942,0.178665149408844,0.901437103468809,0.446541516293323,0.382389120750449,0.578585286133612,0,0.083295713616667,0.379178931076406,0.282346828094193,4,2961.41545989636,B-R,1
18,10,15,0.378988372093023,0.298502325581395,4,0.260291924984687,0.461280448117709,56.1262703234589,15.5079712198287,R8,3.49625155750693,0.81419327033171,0.18580672966829,0.502773423164466,0.193915190558035,0.743226918673161,0.465376313127761,0.403855787991109,0.485317441909906,0,0.0545220162386993,0.378867780205419,0.298185447869583,4,3210.04359260278,B-R,1
18,11,14,0.378637209302326,0.314281395348837,4,0.251832901273905,0.47031666656355,63.8772206166123,27.2599822761036,R8,4.64191661496211,0.849774201314519,0.150225798685481,0.557955019934832,0.219159615110141,0.600903194741923,0.494421231460355,0.436959282674839,0.401414961610662,0,0.0286375906096388,0.378556461120336,0.314032630304881,4,3437.40649225817,B-R,1
18,12,13,0.378286046511628,0.330060465116279,4,0.243892126279994,0.478799274004737,71.6206595004216,40.536115881059,R8,6.90436544008114,0.881953125382199,0.118046874617801,0.666927130037083,0.269012072682324,0.472187498471203,0.545065410203792,0.494680199036097,0.325534666518221,0,0.00522805792328317,0.378244973684712,0.32988838234567,4,3638.25464445857,B-R,1
18,13,12,0.37793488372093,0.345839534883721,4,0.236423389202723,0.486777634398591,69.6782351719219,34.7800551187114,R8,5.5760073019627,0.807752457421711,0.192247542578289,0.600030866027818,0.370730886230909,0.768990170313156,0.384099099746563,0.53396277983574,0.333967167443112,0.0679068242183236,0,0.377909049225565,0.345700255800132,4,3812.63089507587,R-G,1
18,14,11,0.377583720930233,0.361618604651163,4,0.229385814645931,0.494295412241323,65.666778803101,24.6868561522679,R8,4.0563860555529,0.709263668214591,0.290736331785409,0.524851773686048,0.426470852025267,1.16294532714164,0.297032107160117,0.543048475557255,0.364678805980412,0.150082659842092,0,0.377565514818396,0.36149882693871,4,3963.19340336289,R-G,1
18,15,10,0.377232558139535,0.377397674418605,4,0.222743114201676,0.501391372051445,62.456672802555,16.1792373547492,R8,3.18765816321242,0.619010549662328,0.380989450337672,0.481873844420821,0.45833593888034,1.52395780135069,0.255762055369179,0.547355126353897,0.392822325422122,0.22538692030047,0,0.377221931261918,0.377299658371582,4,4093.35327414843,R-G,1
18,16,9,0.376881395348837,0.393176744186047,4,0.216462960576009,0.508100046950019,59.7898239049632,8.89651253295452,R8,2.62539552585477,0.536001553634724,0.463998446365276,0.454057442910179,0.478959828055228,1.8559937854611,0.231679601094825,0.549868201002097,0.418706919007516,0.294646921035307,0,0.376878298545582,0.393102750583852,4,4206.39228716138,R-G,1
18,17,8,0.37653023255814,0.408955813953488,4,0.21051646146985,0.514452300679106,57.4587303794358,2.56294234326971,R8,2.23174406200261,0.459398162784769,0.540601837215231,0.43458261665243,0.493399030706453,2.16240734886092,0.215898140961917,0.551515042595557,0.442594060574133,0.358562293590767,0,0.376534616658837,0.408908104060763,4,4305.15724117273,R-G,1
18,18,7,0.376179069767442,0.42473488372093,4,0.204877715145539,0.520475802360773,55.302060205156,-3.0375267162724,R8,1.94074848626433,0.388486464776498,0.611513535223502,0.420186408840016,0.504072797920674,2.44605414089401,0.204756713197767,0.552677683219302,0.464706368531501,0.417728703151102,0,0.376190885591128,0.424715719287696,4,4392.01261970012,R-G,1
18,19,6,0.375827906976744,0.440513953488372,4,0.199523433255963,0.526195429403921,53.1907738491379,-8.08261912907508,R8,1.71688502660528,0.322654835725588,0.677345164274412,0.409111378304995,0.512284147698444,2.70938065709765,0.19647121743351,0.553542298972984,0.485234564806524,0.472656468750452,0,0.375847105331898,0.440525596750171,4,4468.88812156508,R-G,1
18,20,5,0.375476744186047,0.456293023255814,4,0.19443261935198,0.531633610933651,51.0033449863253,-12.730336338322,R8,1.53932533854363,0.261376254013805,0.738623745986195,0.400327099843174,0.518797067258101,2.95449498394478,0.19006829555724,0.554210462626836,0.504342989905069,0.523785320049612,0,0.375503275870586,0.456337736933847,4,4537.34993659056,R-G,1
18,21,4,0.375125581395349,0.472072093023256,4,0.189586293709253,0.536810621740648,48.591959889308,-17.1380239941108,R8,1.39504974959605,0.20419416108147,0.79580583891853,0.393189460875715,0.524089120400882,3.18322335567412,0.184971785017645,0.554742298430838,0.522174011923736,0.571496194629953,0,0.37515939719663,0.472152140324522,4,4598.67159919144,R-G,1
18,22,3,0.374774418604651,0.487851162790698,4,0.184967256871294,0.541744834872594,45.7415783283207,-21.4869976320859,R8,1.27550145228425,0.150711066133136,0.849288933866864,0.387275136826786,0.528474172280537,3.39715573546746,0.180818871246151,0.555175667148013,0.538851579930538,0.616120745855596,0,0.374815469299461,0.487968807408135,4,4653.89188075174,R-G,1
18,23,2,0.374423255813954,0.50363023255814,4,0.180559885699162,0.546452939500853,42.1156314716644,-26.0226812547886,R8,1.17482521864549,0.100579292976117,0.899420707023883,0.38229445635576,0.53216699365467,3.59768282809553,0.177369703632912,0.555535597892092,0.554484109366903,0.657949063409747,0,0.374471492168512,0.50378773867076,4,4703.86373062406,R-G,1
18,24,1,0.374072093023256,0.519409302325581,4,0.176349956830983,0.550950129507051,37.1744361860473,-31.1321499674945,R8,1.08887921079568,0.053493413462775,0.946506586537225,0.378042513395754,0.535319507841365,3.7860263461489,0.174459371382472,0.555839299587654,0.569166841518107,0.697235986583834,0,0.374127465793208,0.519608934598615,4,4749.29247220217,R-G,1
18,25,0,0.373720930232558,0.535188372093023,4,0.17232449334776,0.5552502672799,30.0346067459543,-37.5150474896224,R8,1.01465097713058,0.00918401945115185,0.990815980548848,0.374370275167801,0.538042212077861,3.96326392219539,0.17197075594361,0.556098993898595,0.582983785595163,0.734206300750562,0,0.373783390162976,0.535432395678053,4,4790.7645634328,R-G,1
19,0,24,0.3953,0.146951162790698,4,0.398005045922578,0.332902693305079,-78.6467738924927,-267.553827935928,R6,1.00985171901,0.022598048264213,0.977401951735787,0.395949228282759,0.145045359203701,3.90960780694315,0.401098749226957,0.330596432584847,2.3810151108482,0,0.580712781266252,0.394766061115985,0.146416591312701,4,1191.47598486006,B-R,1
19,1,23,0.394948837209302,0.16273023255814,4,0.379497126308356,0.351818291516576,-43.1515541227511,-194.328614780252,R6,1.08736778640726,0.168072312643495,0.831927687356505,0.400675694017849,0.147207618265252,3.32771074942602,0.404198278870783,0.334129073369425,2.03515845303435,0,0.479700240827677,0.394459831488072,0.162181975240838,4,1310.48350869652,B-R,1
19,2,22,0.394597674418605,0.178509302325581,4,0.362605342368709,0.369082155026782,-25.9323657932109,-143.160678775922,R6,1.17777350506765,0.287828605610605,0.712171394389395,0.406188093522259,0.149729425562153,2.84868557755758,0.407780791534861,0.338212186551968,1.75044478622525,0,0.396545413149189,0.394153436689115,0.177955862542494,4,1437.48023039646,B-R,1
19,3,21,0.394246511627907,0.194288372093023,4,0.347126865136813,0.384901580567153,-11.5295752232812,-103.680322162264,R6,1.28457542220121,0.388132958335883,0.611867041664117,0.412700235052694,0.152708593892889,2.44746816665647,0.411968716970094,0.342985309540078,1.51197698337526,0,0.326897372452376,0.393846876585447,0.193738260099222,4,1574.57723719608,B-R,1
19,4,20,0.393895348837209,0.210067441860465,4,0.332891443486088,0.399450569428626,1.21177328980325,-71.3674735068768,R6,1.41267883721188,0.473368727699427,0.526631272300573,0.420511214400923,0.156281953316593,2.10652508920229,0.416929683044875,0.348639493593968,1.30933386677967,0,0.267712460011779,0.393540151043255,0.2095291748,4,1724.03296663465,B-R,1
19,5,19,0.393544186046512,0.225846511627907,4,0.319755115923134,0.412876254180602,12.6186823933551,-43.9456050818661,R6,1.56916250671268,0.546694274126388,0.453305725873612,0.430052651767788,0.160646961033365,1.81322290349445,0.422899494078495,0.355443493025171,1.13500661702308,0,0.216797614315615,0.393233259928581,0.225328613541245,4,1888.09782024045,B-R,1
19,6,18,0.393193023255814,0.241625581395349,4,0.30759532475046,0.425303892129778,22.7821683700439,-20.1579981668606,R6,1.76463237748195,0.610442946232963,0.389557053767037,0.441971234294669,0.166099462863277,1.55822821506815,0.430220714256357,0.363787740044943,0.983447832595293,0,0.172532634894362,0.392926203107323,0.24113658322682,4,2068.56566664962,B-R,1
19,7,17,0.392841860465116,0.257404651162791,4,0.296307080799381,0.436840785067647,31.7365493625713,-0.113294709991379,R8,2.01573109764419,0.666375949584467,0.333624050415533,0.457281731031938,0.173103694389009,1.33449620166213,0.439410798229711,0.374261995557431,0.850470349030184,0,0.133694598579127,0.392618980445235,0.256953090768047,4,2265.87567850577,B-R,1
19,8,16,0.392490697674419,0.273183720930233,4,0.285799924304195,0.447579385339907,39.8755582288682,2.7745181071533,R8,2.35014552996412,0.71584758137854,0.28415241862146,0.477672321121853,0.182431962203365,1.13660967448584,0.451290029621461,0.387801165085145,0.732854402993943,0,0.0993431259768512,0.392311591807925,0.272778143083714,4,2477.82067041023,B-R,1
19,9,15,0.392139534883721,0.288962790697674,4,0.275995495554479,0.457599778706019,47.6252290238577,8.05419348010024,R8,2.81759024129137,0.759916328408778,0.240083671591222,0.506174301231531,0.195471021030506,0.960334686364888,0.467241017132839,0.405981055427291,0.628083503295943,0,0.0687432387015101,0.392004037060856,0.288611747100089,4,2698.57685432371,B-R,1
19,10,14,0.391788372093023,0.304741860465116,4,0.266825577205577,0.466971685151236,55.0719519537225,15.6692906236082,R8,3.51715314790999,0.799421450127464,0.200578549872536,0.548829459299957,0.21498486228627,0.802314199490142,0.489790216536379,0.431681155321866,0.534162359082202,0,0.0413121826163214,0.391696316069346,0.304453909750924,4,2919.3599753952,B-R,1
19,11,13,0.391437209302326,0.320520930232558,4,0.258230504761335,0.475756083416563,62.2125865244308,25.3575184355192,R8,4.67883309362937,0.835036940855013,0.164963059144987,0.619661747920133,0.247389150501526,0.659852236579946,0.524099279079272,0.470784376631939,0.449488587800464,0,0.0165819582518488,0.391388428698566,0.320304637977473,4,3131.05468270356,B-R,1
19,12,12,0.391086046511628,0.3363,4,0.250157866903882,0.484006539297145,65.7550621787509,29.7290265429146,R8,5.54773345181402,0.829740138845084,0.170259861154916,0.671617743742713,0.317654292847563,0.681039444619664,0.491252441543093,0.522781014735261,0.400867783817585,0.0246634811542857,0,0.391071099783284,0.336145927525164,4,3327.01365791073,R-G,1
19,13,11,0.39073488372093,0.352079069767442,4,0.242561435826955,0.491770298870753,60.5359904801312,17.3446644446062,R8,4.04140241283047,0.727597390882762,0.272402609117238,0.577278947060443,0.387599820737755,1.08961043646895,0.355432316448414,0.536954242646437,0.429413276134949,0.111003889749361,0,0.390728525845959,0.35194293943016,4,3504.07719315877,R-G,1
19,14,10,0.390383720930233,0.367858139534884,4,0.235400281445426,0.499089193799787,56.4742666914722,7.07643573581367,R8,3.17839784242835,0.634217355352865,0.365782644647135,0.523230527027904,0.427672891454771,1.46313057858854,0.295376267101534,0.543221267317816,0.455509882501924,0.189937250982681,0,0.390385902899457,0.367742211281067,4,3661.89290305087,R-G,1
19,15,9,0.390032558139535,0.383637209302326,4,0.22863803363166,0.506000395345825,53.2871483027734,-1.51699401758412,R8,2.61911068009666,0.54851879627929,0.45148120372071,0.488203380584838,0.453643036661296,1.80592481488284,0.261515004244754,0.546754789286632,0.479459772322259,0.2623775245609,0,0.390043230933259,0.383543743562888,4,3801.72020781276,R-G,1
19,16,8,0.389681395348837,0.399416279069767,4,0.222242264400692,0.512537045793209,50.7153503431672,-8.8022916500575,R8,2.22720098780361,0.469591335998888,0.530408664001112,0.46365878326711,0.471841115040679,2.12163465600445,0.239778783209538,0.549023027623514,0.50151736579815,0.329094245091028,0,0.389700509936844,0.399347536760762,4,3925.48856677303,R-G,1
19,17,7,0.38933023255814,0.415195348837209,4,0.216183967892396,0.518728789921436,48.5366427978015,-15.0748229651997,R8,1.9373119980748,0.396662988694193,0.603337011305807,0.445503558582297,0.485301926702516,2.41334804522323,0.224643955234388,0.550602391257134,0.521898407225312,0.39073996571305,0,0.389357739899689,0.41515359135997,4,4035.25215317866,R-G,1
19,18,6,0.388979069767442,0.430974418604651,4,0.210437120553983,0.524602224510632,46.5597798974989,-20.5746165624095,R8,1.71419505631893,0.329074826005888,0.670925173994112,0.431530146855429,0.495662220601054,2.68370069597645,0.213499672345312,0.551765329821528,0.540787045109574,0.447871673045335,0,0.389014920811266,0.430961907845929,4,4132.9331122559,R-G,1
19,19,5,0.388627906976744,0.446753488372093,4,0.204978307453969,0.530181280258863,44.6124395169831,-25.505689521389,R8,1.53716263859502,0.266261011419029,0.733738988580971,0.420442925766832,0.503882608809831,2.93495595432388,0.204951507515999,0.552657355861584,0.558341411890218,0.500967663950585,0,0.388672052661047,0.446772486704198,4,4220.22778907998,R-G,1
19,20,4,0.388276744186047,0.462532558139535,4,0.199786403410366,0.53548754767781,42.5194501259666,-30.0571960618554,R8,1.39327322175844,0.207732921351595,0.792267078648405,0.411431391058741,0.51056402276067,3.16906831459362,0.198186933367263,0.553363258989455,0.574698061566279,0.550440967846577,0,0.388329135438498,0.462585328420472,4,4298.5909235757,R-G,1
19,21,3,0.387925581395349,0.478311627906977,4,0.194842299776433,0.540540556325179,40.0639752875596,-34.429797108794,R8,1.27401619415773,0.153066409228942,0.846933590771058,0.403962538470171,0.516101647316144,3.38773436308423,0.192700461158895,0.553935788435907,0.589975528963082,0.596650112277257,0,0.387986169133084,0.478400433480588,4,4369.25243005737,R-G,1
19,22,2,0.387574418604651,0.494090697674419,4,0.19012866943472,0.545358014987191,36.9234901448627,-38.8765921249531,R8,1.17356505640707,0.101891509932784,0.898108490067216,0.397671464851216,0.520766032285521,3.59243396026886,0.188161129123436,0.554409481030861,0.604277206995469,0.639907825655714,0,0.387643153734265,0.494217802370518,4,4433.24754733317,R-G,1
19,23,1,0.387223255813954,0.50986976744186,4,0.185629763907516,0.549956019037235,32.5647541497876,-43.7808171456531,R8,1.08779659730747,0.0538840559644308,0.946115944035569,0.392299940919658,0.524748636369745,3.78446377614228,0.184343165077713,0.554807896762984,0.61769368967063,0.680488124051111,0,0.3873000892315,0.510037435576378,4,4491.44715802894,R-G,1
19,24,0,0.386872093023256,0.525648837209302,4,0.181331237577113,0.554349230087545,26.060095348454,-49.8293637174878,R8,1.01371087115469,0.0087588036177731,0.991241196382227,0.387660085485688,0.528188760147836,3.96496478552891,0.181087272060228,0.555147658736838,0.630304693093563,0.71863212157704,0,0.386956975614245,0.52585933358442,4,4544.58398306184,R-G,1
20,0,23,0.4081,0.153190697674419,4,0.405858809897438,0.342786172635065,-67.9059699956772,-245.773600986855,R6,1.0115881067249,0.0254545796138456,0.974545420386154,0.40901198399925,0.151021296299175,3.89818168154462,0.409602673285022,0.340288647988017,2.40096945040946,0,0.533002476271539,0.407563361098757,0.15265120721833,4,1150.734446168,B-R,1
20,1,22,0.407748837209302,0.16896976744186,4,0.387213038725279,0.361034551296916,-35.266674413483,-180.355040450411,R6,1.08938124051747,0.165290171648593,0.834709828351407,0.414751753472171,0.153647120593616,3.33883931340563,0.41327821617308,0.344477790923844,2.06602080172055,0,0.44017539718405,0.40726054650201,0.168420109132956,4,1263.02546970543,B-R,1
20,2,21,0.407397674418605,0.184748837209302,4,0.370177216206307,0.377707293725851,-20.2938288671532,-133.962472168136,R6,1.18013604542776,0.281239545009194,0.718760454990806,0.421447867040934,0.156710452277953,2.87504181996323,0.417520078916724,0.349312388121721,1.78828689035836,0,0.363204709718338,0.406957568557151,0.184197517309835,4,1381.59504827389,B-R,1
20,3,20,0.407046511627907,0.200527906976744,4,0.354551457868275,0.393000024307933,-7.5621421683241,-97.7275862639438,R6,1.28738637723506,0.378941350943079,0.621058649056921,0.429361061309591,0.160330572886506,2.48423459622768,0.422470072530183,0.35495406648319,1.55426143663919,0,0.298347307289908,0.40665442713197,0.199983438633658,4,1508.05159483655,B-R,1
20,4,19,0.406695348837209,0.216306976744186,4,0.340167653349128,0.407077270512443,3.93610949235764,-67.7742980101941,R6,1.41607913021871,0.46238893692123,0.53761106307877,0.438856330351347,0.164674459561697,2.15044425231508,0.428321667488752,0.361623330978417,1.35437916236965,0,0.242952285532293,0.406351122094116,0.215777879996549,4,1644.02642091817,B-R,1
20,5,18,0.406344186046512,0.232086046511628,4,0.326883394103572,0.42007840576809,14.3951519387392,-42.1480783514125,R6,1.57335894767545,0.534489651332866,0.465510348667134,0.450460823587883,0.169983272120968,1.86204139466854,0.435345874059001,0.369629061350697,1.18167608649122,0,0.195089658989472,0.406047653311094,0.231580848298072,4,1791.07627298726,B-R,1
20,6,17,0.405993023255814,0.24786511627907,4,0.314577242401445,0.432122279634026,23.8231133660109,-19.7658496440883,R6,1.76994120314344,0.59741051647759,0.40258948352241,0.464965147733789,0.176618696574238,1.61035793408964,0.443934413745283,0.379417716102285,1.0309615334372,0,0.153320892968935,0.405744020650267,0.247392350445245,4,1950.43039611189,B-R,1
20,7,16,0.405641860465116,0.263644186046512,4,0.303145008237919,0.443310861540387,32.2010541028306,0.00848489054861545,R6,2.02266122355707,0.652799770659566,0.347200229340434,0.48361145477464,0.185148991433718,1.38880091736173,0.454675348645836,0.391659529878699,0.898287472633498,0,0.116551837224745,0.405440223978856,0.263212393352545,4,2122.52451690288,B-R,1
20,8,15,0.405290697674419,0.279423255813953,4,0.292496792227834,0.453732134869931,39.8412202244438,5.36855568368878,R8,2.35957122160199,0.701933347206136,0.298066652793864,0.508469506219855,0.196521029231618,1.19226661117546,0.46849371753877,0.407408801264039,0.780597656828686,0,0.0839354887717255,0.405136263163934,0.279040983941924,4,2306.34500033227,B-R,1
20,9,14,0.404939534883721,0.295202325581395,4,0.282554616721488,0.463462415354832,47.1001114681738,9.59122039935259,R8,2.83114918852011,0.745814376160301,0.254185623839699,0.543263692887233,0.212438640746771,1.0167424953588,0.486933267824312,0.428424992387662,0.675489285366118,0,0.0548059396641095,0.404832138072436,0.294878129142813,4,2498.83609426469,B-R,1
20,10,13,0.404588372093023,0.310981395348837,4,0.273250513013219,0.472568223101262,54.0592817916162,15.8263594162767,R8,3.53830615269463,0.785242393920288,0.214757606079712,0.595439479587838,0.2363079701591,0.859030424318849,0.512777592968354,0.457880660680945,0.581047226109073,0,0.0286324335515902,0.404527848571148,0.310723835892138,4,2694.89101990869,B-R,1
20,11,12,0.404237209302326,0.326760465116279,4,0.264524965378704,0.48110780539027,60.696997265182,23.9171805945086,R8,4.71634146213673,0.820862500323523,0.179137499676477,0.682357833143163,0.276071296103647,0.716549998705908,0.551607552520297,0.502136504160274,0.495726269317515,0,0.00498673372592428,0.404223394526715,0.326578111134325,4,2888.31270905603,B-R,1
20,12,11,0.403886046511628,0.342539534883721,4,0.25632563662246,0.489132383968191,57.1816727873269,14.5233505277209,R8,4.02652905709539,0.74695228144036,0.253047718559641,0.629320230627229,0.349014899377971,1.01219087423856,0.424532363544904,0.529743450317326,0.497753384023702,0.0697484757802448,0,0.403890077471593,0.342388111396577,4,3073.38352394915,R-G,1
20,13,10,0.40353488372093,0.358318604651163,4,0.24860631745445,0.496687183278388,51.9395695055052,1.94267529403481,R8,3.16919116926869,0.650233864204064,0.349766135795936,0.564347618823133,0.397187483626082,1.39906454318375,0.340093697594751,0.538554872455194,0.521535307779334,0.152600024877811,0,0.403548414924168,0.358185823914226,4,3246.09132266262,R-G,1
20,14,9,0.403183720930233,0.374097674418605,4,0.241326055137691,0.503812283242727,47.857438774315,-8.54949752525194,R8,2.61285585263913,0.561674421255645,0.438325578744355,0.52218622706205,0.428447165824979,1.75330231497742,0.294314049705544,0.543332112814638,0.543311035507539,0.228462381243384,0,0.403206703497164,0.373985796514377,4,3404.44415666961,R-G,1
20,15,8,0.402832558139535,0.389876744186047,4,0.234448426705936,0.510543330554172,44.6773246989988,-17.3303714276135,R8,2.22267637234619,0.480283323943057,0.519716676056943,0.492616811937682,0.450370790282942,2.07886670422777,0.265589691021367,0.546329583785523,0.563324151168294,0.298184143528056,0,0.402864943180089,0.38978802968207,4,3548.0783609698,R-G,1
20,16,7,0.402481395348837,0.405655813953488,4,0.227940929520423,0.516912135131131,42.150548788322,-24.7461147914312,R8,1.93388765837035,0.405224076236802,0.594775923763198,0.470731208521601,0.466597413241563,2.37910369505279,0.245886261610405,0.548385694361762,0.581780339318521,0.362481876310096,0,0.402523133962453,0.405592523902481,4,3677.65054919432,R-G,1
20,17,6,0.40213023255814,0.42143488372093,4,0.221774467643034,0.522947172797499,40.0491797666634,-31.0966483244775,R8,1.711513501996,0.335785460101391,0.664214539898609,0.453878775026565,0.479092297621048,2.65685815959443,0.231530934743587,0.549883714771337,0.59885448012662,0.421964827731379,0,0.402181275833757,0.421399279660929,4,3794.32563597594,R-G,1
20,18,5,0.401779069767442,0.437213953488372,4,0.215922916899704,0.52867401094956,38.1596016846629,-36.640355350402,R8,1.53500600716066,0.271358929055275,0.728641070944725,0.440502306885724,0.489010000181624,2.9145642837789,0.220606457007014,0.551023716024193,0.614696208030782,0.477154294770652,0,0.401839368783503,0.437208297442868,4,3899.44311569408,R-G,1
20,19,4,0.401427906976744,0.452993023255814,4,0.210362754919237,0.53411567063228,36.2674408621804,-41.6098276719354,R8,1.39150121280941,0.211420726420685,0.788579273579315,0.429626919914263,0.497073328414344,3.15431709431726,0.21201418104082,0.551920345190598,0.629434308651503,0.528498941222704,0,0.40149741280119,0.453019577733893,4,3994.33196660483,R-G,1
20,20,3,0.401076744186046,0.468772093023256,4,0.205072745098156,0.539292935838889,34.1292275596981,-46.236803280397,R8,1.27253439102676,0.155517615017771,0.844482384982229,0.420611122013572,0.503757903220179,3.37792953992892,0.205079304761344,0.552644019844676,0.643180227692326,0.576387022019038,0,0.401155407876311,0.468833121019738,4,4080.22245580825,R-G,1
20,21,2,0.400725581395349,0.484551162790698,4,0.200033665538678,0.544224618795819,31.4160325060372,-50.7927087332094,R8,1.17230759466793,0.103255395073927,0.896744604926073,0.413015520763873,0.509389502919748,3.58697841970429,0.199364457277757,0.553240380920077,0.656030894251188,0.621156219089813,0,0.400813353998359,0.484648927786274,4,4158.212806473,R-G,1
20,22,1,0.400374418604651,0.50033023255814,4,0.195228075666316,0.548927788371092,27.6019328035524,-55.6661182328363,R8,1.08671613444865,0.0542895948186509,0.945710405181349,0.406529045830787,0.514198764107055,3.7828416207254,0.194573715761001,0.553740308830857,0.668071009893894,0.663101616046011,0,0.400471251156822,0.500466998519515,4,4229.26451940671,R-G,1
20,23,0,0.400023255813953,0.516109302325581,4,0.190640114554748,0.553417967451201,21.7433066429207,-61.538360118591,R8,1.0127725056416,0.00831786878356535,0.991682131216435,0.400925291747265,0.518353550380817,3.96672852486574,0.190499701483874,0.554165444154675,0.67937491782293,0.702482209996286,0,0.400129099341187,0.51628733370561,4,4294.21074850515,R-G,1
21,0,22,0.4209,0.15943023255814,4,0.413522470620088,0.352430418704439,-57.5908879570582,-224.626178738891,R6,1.0133304759822,0.0280875219149455,0.971912478085055,0.422119738552371,0.157017819419751,3.88764991234022,0.417942988110836,0.349794392309121,2.41936190555549,0,0.489026596141557,0.420363642711871,0.15888727572099,4,1113.32766833086,B-R,1
21,1,21,0.420548837209302,0.175209302325581,4,0.394750514077651,0.370037677198528,-27.6633518267188,-166.508308040241,R6,1.09140216499442,0.162706185267158,0.837293814732842,0.428880038266957,0.1601105149212,3.34917525893137,0.422171095482795,0.354613312035702,2.09468501710373,0,0.403465662526243,0.420064244746242,0.174659696833709,4,1219.96625606441,B-R,1
21,2,20,0.420197674418605,0.190988372093023,4,0.377581459984432,0.386141484643154,-14.7375220743793,-124.641389061059,R6,1.1825080830567,0.275081009816453,0.724918990183547,0.436768983922751,0.16371954229734,2.89967596073419,0.427043439021235,0.360166489929855,1.82365641329478,0,0.332042468565843,0.419764685256719,0.19044062709874,4,1331.58973112075,B-R,1
21,3,19,0.419846511627907,0.206767441860465,4,0.361818411385213,0.40092652160581,-3.58813045231748,-91.5079486951016,R6,1.2902096613175,0.370304486158191,0.629695513841809,0.446094963134791,0.1679859824218,2.51878205536724,0.432719404815385,0.366635583811962,1.59399388927086,0,0.271520328953015,0.419464964112553,0.206230073403916,4,1449.48598342782,B-R,1
21,4,18,0.419495348837209,0.222546511627907,4,0.347295451329291,0.414548410790663,6.71049959051271,-63.8182425032441,R6,1.41949583161065,0.452024826767055,0.547975173232945,0.457289972121926,0.17310746451504,2.19190069293178,0.439415681394896,0.37426756106913,1.39689858872784,0,0.21958051270657,0.419165081182857,0.222028042644508,4,1574.90307282195,B-R,1
21,5,17,0.419144186046512,0.238325581395349,4,0.333871780432141,0.427139215744391,16.2363129336348,-39.9141080602098,R6,1.57757789406774,0.522924080119261,0.477075919880739,0.47097844402808,0.179369653659485,1.90830367952296,0.447434554563299,0.383406947252283,1.22590187550302,0,0.17451836338503,0.418865036336599,0.237834541723231,4,1708.99142799911,B-R,1
21,6,16,0.418793023255814,0.254104651162791,4,0.321427137131429,0.438811736451916,24.9159856286498,-18.8757654257253,R6,1.77528206797121,0.585018108852518,0.414981891147482,0.488097831187779,0.187201414659983,1.65992756458993,0.457210805107114,0.394549277011937,1.07614183823537,0,0.135052638959782,0.418564829442609,0.253649577550257,4,1852.65413522838,B-R,1
21,7,15,0.418441860465116,0.269883720930233,4,0.309858184730103,0.449662898128934,32.6862397385605,-0.159275176914292,R6,2.02963916570048,0.639851336466342,0.360148663533658,0.510122847386837,0.197277398180535,1.44059465413463,0.469393234590495,0.408434011856774,0.943893595071318,0,0.10020173470214,0.418264460369573,0.269473157043223,4,2006.28394715983,B-R,1
21,8,14,0.418090697674419,0.285662790697674,4,0.299075635214863,0.45977644895199,39.8182699391084,7.48502792971973,R8,2.36907282464231,0.688626951032421,0.311373048967579,0.539514721659032,0.210723564945102,1.24549219587031,0.484994835252689,0.426215693962557,0.826255264877805,0,0.0692009283056622,0.417963928986037,0.285305287127243,4,2169.3990151494,B-R,1
21,9,13,0.417739534883721,0.301441860465116,4,0.289001940323001,0.469225125734861,46.6081525604649,10.8212542198845,R8,2.84483926484884,0.732296215577967,0.267703784422033,0.580711777475693,0.229570354965703,1.07081513768813,0.505690042185307,0.449802734725685,0.720932566073937,0,0.0414456159903463,0.417663235160403,0.301145974734917,4,2340.28257312955,B-R,1
21,10,12,0.417388372093023,0.317220930232558,4,0.279569423491358,0.47807240607717,53.1066518861408,15.960118712243,R8,3.55971513550736,0.771621123832445,0.228378876167555,0.642613539888188,0.257889114521856,0.913515504670221,0.534459923243038,0.482592759945945,0.626087701827222,0,0.0164514897614558,0.417362378760932,0.316995226806343,4,2515.85227995652,B-R,1
21,11,11,0.417037209302326,0.333,4,0.270718757501053,0.48637393626577,55.5208836928511,16.0266196043608,R8,4.01176477516271,0.767416100848677,0.232583899151323,0.680979869272631,0.310712940663796,0.930335596605292,0.507569361619727,0.521078296328152,0.570009004483997,0.0261293533384514,0,0.417050169937993,0.332834342661772,4,2691.99183633053,R-G,1
21,12,10,0.416686046511628,0.348779069767442,4,0.262397715415454,0.494178702839255,49.0369079528371,1.05499785138967,R8,3.1600376788864,0.667126515336411,0.332873484663589,0.605227195817775,0.366878176179134,1.33149393865436,0.3909683543956,0.533245952991022,0.591172485608674,0.113220361013552,0,0.416709467578799,0.348630496094815,4,2864.33525681651,R-G,1
21,13,9,0.41633488372093,0.364558139534884,4,0.254560139235683,0.501529999943123,43.8359270037255,-11.6674434905108,R8,2.60663082893,0.575518542961433,0.424481457038567,0.556007148016421,0.403371351281221,1.69792582815427,0.330541397061394,0.539551682997379,0.610503940458396,0.192772296386082,0,0.416368716480097,0.364428909262023,4,3029.14636453535,R-G,1
21,14,8,0.415983720930233,0.380337209302326,4,0.247165083249447,0.508466232830385,39.7603044487444,-22.3908482554556,R8,2.21817010336022,0.491511660103887,0.508488339896113,0.521457421205126,0.428987523686058,2.03395335958445,0.293574755449922,0.543409260335825,0.628231385143878,0.265723481121141,0,0.416027916631427,0.380229582648335,4,3183.86654405558,R-G,1
21,15,7,0.415632558139535,0.396116279069767,4,0.240176098499051,0.515021588998682,36.5820314367805,-31.4179021859383,R8,1.93047540284466,0.414197511352941,0.585802488647059,0.495869832412744,0.447958906282215,2.34320995458824,0.268627012890382,0.546012630351272,0.644546504200392,0.332862726815192,0,0.415687068022325,0.396032516738826,4,3327.1911853029,R-G,1
21,16,6,0.415281395348837,0.411895348837209,4,0.233560631971743,0.521226601722953,34.0680001478007,-39.0579130091634,R8,1.70884032420233,0.342806932026099,0.657193067973901,0.476157591470856,0.462574135085935,2.62877227189561,0.250656275252901,0.547887929465379,0.659611609618328,0.394857972486274,0,0.415346170642327,0.411837712018711,4,3458.8253765613,R-G,1
21,17,5,0.41493023255814,0.427674418604651,4,0.227289519611715,0.527108625587587,31.9875226583144,-45.6031668032877,R8,1.53285541873406,0.276684270923646,0.723315729076354,0.460505480442328,0.474179065475004,2.89326291630541,0.237094766923263,0.549303112585268,0.673565059350992,0.452278582574122,0,0.415005224480965,0.427645168973344,4,3579.14349241913,R-G,1
21,18,4,0.414579069767442,0.443453488372093,4,0.221336556494403,0.532692239643764,30.1029571025463,-51.3260698677402,R8,1.38973370552907,0.215267195007026,0.784732804992974,0.447776224261426,0.483616906263046,3.1389312199719,0.226497063097356,0.550409014023329,0.686525519006449,0.50561288446315,0,0.414664229527766,0.443454888088217,4,3688.89216945285,R-G,1
21,19,3,0.414227906976744,0.459232558139535,4,0.215678130800835,0.537999590725203,28.1460245677342,-56.4938848817492,R8,1.27105603084987,0.158070657502257,0.841929342497743,0.437221022747163,0.491442839684574,3.36771736999097,0.217987284888997,0.551297034307042,0.698595344957928,0.555282090506561,0,0.414323185772257,0.459266869848964,4,3788.98134279373,R-G,1
21,20,2,0.413876744186047,0.475011627906977,4,0.21029291081041,0.543050687034988,25.7694346954779,-61.4040267859015,R8,1.17105282475671,0.104674061315643,0.895325938684357,0.42832672990532,0.498037327105565,3.58130375473743,0.211003730071021,0.552025788709208,0.709863293167557,0.601651445256201,0,0.413982093203959,0.475081114741353,4,3880.35543748445,R-G,1
21,21,1,0.413525581395349,0.490790697674419,4,0.205161576163708,0.547863650209066,22.4423455082337,-66.4587110737181,R8,1.08563781581718,0.0547108986499378,0.945289101350062,0.420729912440397,0.503669828542477,3.78115640540025,0.205169597366548,0.552634597546829,0.72040670547307,0.645039222371493,0,0.413640951812393,0.490897623251296,4,3963.92246520834,R-G,1
21,22,0,0.413174418604651,0.50656976744186,4,0.20026658625869,0.552454932550295,17.214338223127,-72.3410059885319,R8,1.01183587576247,0.00786032690526309,0.992139673094737,0.414165962215329,0.508536532164781,3.96855869237895,0.200222689490465,0.553150821874663,0.730293287272508,0.685724040067736,0,0.413299761587075,0.50671639586484,4,4040.52044263057,R-G,1
22,0,21,0.4337,0.16566976744186,4,0.421002847832295,0.361844013739126,-47.6791464624957,-204.166845064003,R6,1.01507885774323,0.0305221379240717,0.969477862075928,0.435272724862618,0.163035035121676,3.87791144830371,0.426124370298879,0.359118995624101,2.43636894962438,0,0.448363197731689,0.43316690699748,0.165124797328399,4,1078.73706002601,B-R,1
22,1,20,0.433348837209302,0.181448837209302,4,0.402115671376071,0.37883497806426,-20.3558123424084,-152.856491558109,R6,1.0934306014905,0.160299911495118,0.839700088504882,0.443060839594005,0.166597934462153,3.35880035401953,0.430882638305539,0.36454215770218,2.12137786276585,0,0.369280624895899,0.432870927263761,0.180900738851373,4,1180.54397432139,B-R,1
22,2,19,0.432997674418605,0.197227906976744,4,0.384823579380753,0.394390999308641,-9.27528977710858,-115.266937455664,R6,1.18488967533746,0.269312139511981,0.730687860488019,0.452151814807577,0.170756865180289,2.92275144195208,0.436357974021733,0.370782586568157,1.85678802400503,0,0.302851935106304,0.432574787831654,0.196685192418047,4,1286.32663459906,B-R,1
22,3,18,0.432646511627907,0.213006976744186,4,0.368932693451791,0.408686491095863,0.383982591977462,-85.0918447014991,R6,1.29304535574094,0.362173614368791,0.637826385631209,0.462902422356918,0.175675042925272,2.55130554252484,0.442725678755099,0.378040079165476,1.63139860571285,0,0.246265016199253,0.432278488571874,0.212478164919397,4,1397.16026130971,B-R,1
22,4,17,0.432295348837209,0.228786046511628,4,0.354279332292085,0.421868701644112,9.53294474910722,-59.5736910930013,R6,1.4229290604449,0.442226024050389,0.557773975949611,0.47581278204508,0.18158126203025,2.23109590379844,0.450223264492235,0.38658533609297,1.43709880508138,0,0.197483546575259,0.431982029354997,0.228279663253843,4,1514.04584984392,B-R,1
22,5,16,0.431944186046512,0.24456511627907,4,0.340724352941824,0.434062804404894,18.1492611741195,-37.3263609635506,R6,1.5818195274206,0.511948648547282,0.488051351452718,0.491606395911823,0.18880650952215,1.95220540581087,0.459180737166111,0.396794476488677,1.26787101927041,0,0.154996729469714,0.431685410051459,0.244089694327251,4,1637.87931689043,B-R,1
22,6,15,0.431593023255814,0.260344186046512,4,0.328148718551715,0.445375885308411,26.0813384540522,-17.5825051077714,R6,1.7806552628813,0.573219706116468,0.426780293883532,0.511370544690216,0.197848193559475,1.70712117553413,0.470070477655493,0.409205889124426,1.11915651688974,0,0.117660036601513,0.431388630531556,0.25990826505295,4,1769.3611635011,B-R,1
22,7,14,0.431241860465116,0.276123255813954,4,0.316449993344505,0.455900095907383,33.2300047552528,0.112471989643865,R6,2.03666542066862,0.62748809171397,0.37251190828603,0.536817795585861,0.209489777763116,1.49004763314412,0.483593305751679,0.42461832247559,0.987438601787299,0,0.0845905560687334,0.431091690665443,0.275735382351738,4,1908.83931802737,B-R,1
22,8,13,0.430890697674419,0.291902325581395,4,0.305539546101045,0.465715169129924,39.847433964539,9.34796344184764,R8,2.37865125984082,0.675889414479384,0.324110585520616,0.57081097588538,0.225040945644836,1.29644234208246,0.500835559264157,0.444269913192763,0.869960971806832,0,0.0550962826841698,0.430794590323135,0.291571053151896,4,2056.09318563609,B-R,1
22,9,12,0.430539534883721,0.307681395348837,4,0.295340300521821,0.4748904430615,46.1739105434476,11.8941206425519,R8,2.85866238175237,0.719326330164637,0.280673669835363,0.618523783680025,0.246868555700293,1.12269467934145,0.523576453046821,0.47018849377947,0.764532739336889,0,0.0286271658707234,0.430497329374508,0.307415284389192,4,2210.1090028018,B-R,1
22,10,11,0.430188372093023,0.323460465116279,4,0.285784911633181,0.483486501455722,52.2195913718802,16.1060995893456,R8,3.58138477111882,0.758525360871682,0.241474639128318,0.69036194091981,0.279733007737606,0.965898556513272,0.554945275425943,0.50594062201654,0.669390520862526,0,0.00474048546558293,0.430199907689296,0.323268083006897,4,2368.95217700329,B-R,1
22,11,10,0.429837209302326,0.339239534883721,4,0.276814276985011,0.49155651306567,47.6316806493193,3.9735771117445,R8,3.15093691178944,0.684969221036016,0.315030778963984,0.64587131010782,0.336743447630272,1.26012311585594,0.449365962021219,0.527151991571326,0.664726107241268,0.0716259571882156,0,0.429869061106045,0.339076227646631,4,2529.86629317992,R-G,1
22,12,9,0.429486046511628,0.355018604651163,4,0.268376313060891,0.499147332389235,41.2894573996966,-10.8864079140565,R8,2.60043539645688,0.590106662194204,0.409893337805796,0.589667298040267,0.378414736981693,1.63957335122318,0.370764198979266,0.535354315792698,0.681307862140882,0.155164189177058,0,0.429529270124806,0.354873081629569,4,2689.65066070656,R-G,1
22,13,8,0.42913488372093,0.370797674418605,4,0.260424943371462,0.506300409983558,36.1727139466932,-23.7030556624816,R8,2.21368206948421,0.503317740473391,0.496682259526609,0.550181323795116,0.407690786814484,1.98672903810643,0.324020761982462,0.540232130368745,0.696478364028525,0.231592583743821,0,0.429189430533654,0.370672195483247,4,2845.20241936235,R-G,1
22,14,7,0.428783720930233,0.386576744186047,4,0.252919256703231,0.513052549707097,32.1277971568503,-34.6450069781868,R8,1.92707516764446,0.423613820483643,0.576386179516357,0.520919900672758,0.429386057043601,2.30554471806543,0.293030557481217,0.543466048987977,0.710410424073546,0.301781756793926,0,0.428849542322157,0.386473569692638,4,2993.99769463144,R-G,1
22,15,6,0.428432558139535,0.402355813953488,4,0.245822803051936,0.519436542100221,28.9529389170483,-43.9473443349095,R8,1.70617548374975,0.350161350929763,0.649838649070237,0.498366922790696,0.446107490843203,2.59935459628095,0.270978387046087,0.54576725757025,0.723249745105829,0.366465753479885,0,0.428509605479882,0.402277204742856,4,3134.33672980094,R-G,1
22,16,5,0.428081395348837,0.41813488372093,4,0.239103001663297,0.525481696913646,26.4293599179863,-51.8782678365212,R8,1.53071084795145,0.282252602728991,0.717747397271009,0.480452682351451,0.459389629775873,2.87098958908404,0.254484800303784,0.547488411661431,0.735120036524833,0.426267816912814,0,0.428169619996388,0.418083101119152,4,3265.3387056841,R-G,1
22,17,4,0.42773023255814,0.433913953488372,4,0.232730640893751,0.531214293035315,24.320428215008,-58.7174253962999,R8,1.3879706827849,0.219282791693366,0.780717208306634,0.465879480022119,0.470194625873171,3.12286883322654,0.241683343378989,0.548824281190808,0.746127013201574,0.481720534474013,0,0.427829585861237,0.433891259306919,4,3386.78192190611,R-G,1
22,18,3,0.427379069767442,0.449693023255814,4,0.226679453693796,0.536657960386941,22.3526849042164,-64.7533156729486,R8,1.26958110164149,0.160732017601565,0.839267982398435,0.453792375333157,0.479156356866845,3.35707192959374,0.231459069582798,0.54989121411138,0.756361552486899,0.5332817426991,0,0.427489503063983,0.449701679791685,4,3498.89897422112,R-G,1
22,19,2,0.427027906976744,0.465472093023256,4,0.220925755701752,0.541834005496013,20.1708831475631,-70.3060755614774,R8,1.16980073803912,0.106150876762454,0.893849123237546,0.44360519763461,0.486709426726703,3.57539649295018,0.223104897649646,0.550762996424459,0.765902209101957,0.581347197197715,0,0.427149371594181,0.46551436305912,4,3602.19464490367,R-G,1
22,20,1,0.426676744186047,0.481251162790698,4,0.215448135433198,0.546761690202371,17.2384293778732,-75.7939582226028,R8,1.08456163503642,0.0551489049555492,0.944851095044451,0.434902624725438,0.49316176741306,3.7794043801778,0.216150734487413,0.55148868372125,0.774817235285357,0.626260750075815,0,0.426809191441381,0.481329309595031,4,3697.31093090743,R-G,1
22,21,0,0.426325581395349,0.497030232558139,4,0.210227188022142,0.551458471185504,12.5989955491787,-81.9060112086396,R8,1.01090097670631,0.00738522176250368,0.992614778237496,0.427382164900385,0.49873765507476,3.97045911294999,0.210271863994435,0.552102161078153,0.78316621614229,0.668322588760516,0,0.42646896259513,0.497146519885366,4,3784.93772402505,R-G,1
23,0,20,0.4465,0.171909302325581,4,0.428306438929608,0.371035134312143,-38.155461816842,-184.434725051247,R6,1.01683328318335,0.0327800226997863,0.967219977300214,0.448471177460771,0.169073050697867,3.86887990920086,0.434151319891892,0.3682675867868,2.45214143519874,0,0.410651596454806,0.445973154998223,0.171363772548511,4,1046.55773684725,B-R,1
23,1,19,0.446148837209302,0.187688372093023,4,0.409314353013467,0.387433432331405,-13.354943460642,-139.454923437034,R6,1.0954665919683,0.158053626634196,0.841946373365803,0.457294450813936,0.173109513422813,3.36778549346321,0.439418335165178,0.374270585662602,2.14629594806538,0,0.337368490295373,0.445680595098045,0.187143235694465,4,1144.18211450072,B-R,1
23,2,18,0.445797674418605,0.203467441860465,4,0.391908841577792,0.402461837581893,-3.91970702167306,-105.89774410992,R6,1.18728088011627,0.263897085692106,0.736102914307894,0.467596733327208,0.177822591855521,2.94441165723158,0.445470478001172,0.38116842148718,1.88788760601437,0,0.275451716108184,0.445387877326276,0.202931213776834,4,1244.97414647061,B-R,1
23,3,17,0.445446511627907,0.219246511627907,4,0.375899065266496,0.41628512609973,4.34249213949023,-78.5388135771274,R6,1.29589354251403,0.354505535421916,0.645494464578084,0.479783925049884,0.183397976765556,2.58197785831234,0.452497439062735,0.389177291248166,1.66667432104716,0,0.22244718497034,0.445095001555095,0.218727713689741,4,1349.86429009424,B-R,1
23,4,16,0.445095348837209,0.235025581395349,4,0.361123611405929,0.429042666100616,12.3950043608969,-55.1019773744658,R6,1.42637893693329,0.432947504879084,0.567052495120916,0.494425408682544,0.190096148810734,2.26820998048366,0.460755368226978,0.398589137790712,1.47516452483431,0,0.176559855201378,0.444801967656545,0.234532742334755,4,1459.68781210795,B-R,1
23,5,15,0.444744186046512,0.250804651162791,4,0.347445032684251,0.44085313343677,20.1304429439575,-34.4499334734741,R6,1.58608403122264,0.50151931201652,0.49848068798348,0.512345571582746,0.19829424793748,1.99392275193392,0.470598774088582,0.409808006781083,1.30775194070729,0,0.136446416582434,0.444508775502526,0.250346306620897,4,1575.17331174907,B-R,1
23,6,14,0.444393023255814,0.266583720930233,4,0.334745558585159,0.451818214464959,27.3225808177965,-15.9567208000962,R6,1.7860610823225,0.561973599260952,0.438026400739048,0.534784563575815,0.208559616711632,1.75210560295619,0.482532748162281,0.423409568430548,1.16015763232247,0,0.10108160060535,0.444215424964805,0.266168413464654,4,1696.88859282609,B-R,1
23,7,13,0.444041860465116,0.282362790697674,4,0.3229236959202,0.462025541241952,33.8460533112561,0.747312547291457,R6,2.04374049195611,0.615671242587721,0.384328757412279,0.56369821230574,0.221787005308706,1.53731502964912,0.497302416891681,0.440243069033491,1.02905912980164,0,0.0696693160311207,0.443921915915007,0.281999069789988,4,1825.1432817944,B-R,1
23,8,12,0.443690697674419,0.298141860465116,4,0.31189151059449,0.471551038524005,39.9453188834652,11.0908221187589,R8,2.38830746290457,0.663685022138511,0.336314977861489,0.602361326196384,0.239474569980375,1.34525991144595,0.51605475639851,0.46161575681534,0.911837326208334,0,0.0415820031940255,0.443628248224618,0.297838282528345,4,1959.85509241494,B-R,1
23,9,11,0.443339534883721,0.313920930232558,4,0.301572436485589,0.480460815642105,45.8036435769444,12.9109826343894,R8,2.87262048803847,0.706872027145984,0.293127972854016,0.656705042304551,0.264335681681847,1.17251189141606,0.540651707449828,0.489649749854649,0.806399706713831,0,0.0163182782490031,0.443334421764989,0.313686058618666,4,2100.40511714473,B-R,1
23,10,10,0.442988372093023,0.3297,4,0.291899495916533,0.488812702995309,47.4207022088533,9.87233886595426,R8,3.14188841376382,0.703844447896929,0.296155552103071,0.686281990217363,0.306781793972727,1.18462220841229,0.517088398017681,0.520084956995936,0.742536127656925,0.027624569642773,0,0.443027195748545,0.32952301839351,4,2245.5368425665,R-G,1
23,11,9,0.442637209302326,0.345479069767442,4,0.282813844258775,0.496657508681265,40.0762851639586,-6.74337785836674,R8,2.594269344723,0.605500409810789,0.394499590189211,0.623167820775006,0.353576474997384,1.57799836075684,0.415682009987767,0.530667010636331,0.756021927967549,0.115479175538519,0,0.442688364673983,0.345318313440797,4,2393.37082514459,R-G,1
23,12,8,0.442286046511628,0.361258139534884,4,0.274263571816394,0.504040052982883,33.9122875865733,-21.472792981822,R8,2.2092121602561,0.515747333523716,0.484252666476284,0.578789226676724,0.386480055500784,1.93701066590513,0.357267254335123,0.53676276150288,0.768329659962563,0.195659136607689,0,0.442349485129517,0.361115868010533,4,2541.58278711941,R-G,1
23,13,7,0.44193488372093,0.377037209302326,4,0.266202711448431,0.511000025214957,28.9065996856891,-34.3519362136038,R8,1.92368688936558,0.433506619505592,0.566493380494407,0.545881880410233,0.410878519197826,2.26597352197763,0.319286189977069,0.540726196826478,0.779607230705389,0.269128008328397,0,0.442010557104748,0.376915682587592,4,2687.7198725467,R-G,1
23,14,6,0.441583720930233,0.392816279069767,4,0.258590411859034,0.517572697528573,24.9111217519875,-45.495658931504,R8,1.70351894169414,0.357872973643041,0.642127026356959,0.520507093554381,0.429692124248475,2.56850810542784,0.292613230477893,0.543509598283249,0.789978782094945,0.33669452561837,0,0.44167158058927,0.392717757656983,4,2829.54993578592,R-G,1
23,15,5,0.441232558139535,0.408595348837209,4,0.251390245162795,0.523789522778556,21.7425958783889,-55.0870649230484,R8,1.52857226959083,0.288080943835237,0.711919056164763,0.500344147209498,0.444641519147632,2.84767622465905,0.272852607764298,0.545571677148154,0.799549279662238,0.399042497013018,0,0.441332555572676,0.408522093703859,4,2965.3205361585,R-G,1
23,16,4,0.440881395348837,0.424374418604651,4,0.244569623951901,0.529678637843988,19.1895536291004,-63.3596801484435,R8,1.38621212753121,0.223478921998082,0.776521078001918,0.48393686222666,0.45680635747215,3.10608431200767,0.257625540744016,0.547160666196329,0.808408077644433,0.456754029699935,0,0.440993482044556,0.424328691213508,4,3093.86611176103,R-G,1
23,17,3,0.44053023255814,0.440153488372093,4,0.23809930818116,0.535265289397474,16.9972719583975,-70.5860872168541,R8,1.2681095914716,0.163508738083903,0.836491261916097,0.470325313809447,0.466898355387402,3.34596504766439,0.245532423015363,0.548422618455653,0.816631717232525,0.510327758985494,0,0.440654359994498,0.440137550671359,4,3214.57776127982,R-G,1
23,18,2,0.440179069767442,0.455932558139535,4,0.231952986129536,0.540572195714659,14.8257914104006,-77.0875857304913,R8,1.16855132591777,0.107689491403992,0.892310508596008,0.458851028860681,0.475405724000625,3.56924203438403,0.235696011474109,0.549449076813758,0.824286143762738,0.560193292411787,0,0.440315189412085,0.455948672562977,4,3327.29461208274,R-G,1
23,19,1,0.439827906976744,0.471711627906977,4,0.22610691677277,0.545619855459713,12.1514903023667,-83.2882045229757,R8,1.08348758575498,0.0556046270696529,0.944395372930347,0.449047266330208,0.482674518702486,3.77758149172139,0.227538527420213,0.55030033417048,0.831428478908703,0.606722754881274,0,0.439975970286898,0.471762057374071,4,3432.17322122843,R-G,1
23,20,0,0.439476744186046,0.487490697674419,4,0.220539623317506,0.550426812296535,8.02470252131572,-89.8791149027292,R8,1.0099678036799,0.00689152228715753,0.993108477712842,0.440573967561816,0.488956868871977,3.97243391085137,0.22066391936854,0.551017719658444,0.838108448700383,0.650240091630002,0,0.439636702608515,0.487577705590484,4,3529.57136270999,R-G,1
24,0,19,0.4593,0.178148837209302,4,0.435439437784208,0.380011575031005,-29.0084601857945,-165.455628209066,R6,1.01859378369387,0.0348797458950806,0.965120254104919,0.461715332501833,0.175131974184294,3.86048101641968,0.442028168634502,0.377245102835895,2.4668090808484,0,0.375581638596696,0.458782387757223,0.177604201889519,4,1016.46702440497,B-R,1
24,1,18,0.458948837209302,0.193927906976744,4,0.41635214022148,0.395839706493556,-6.66554261405934,-126.347904861526,R6,1.09751017870355,0.155951887991166,0.844048112008834,0.471581167476419,0.179645387010963,3.37619244803534,0.447783457143519,0.383804603550614,2.16961057912374,0,0.307509870118409,0.458493249293059,0.193387187871737,4,1110.4329388996,B-R,1
24,2,17,0.458597674418605,0.209706976744186,4,0.398842288038493,0.41035974220481,1.31723904515568,-96.5829867502815,R6,1.18968175570724,0.258804266427616,0.741195733572384,0.483104116135617,0.184916894634337,2.96478293428953,0.454387453478989,0.391331405832487,1.91713653975412,0,0.249682006737493,0.458203954785393,0.209178691684416,4,1206.90484314796,B-R,1
24,3,16,0.458246511627907,0.225486046511628,4,0.382722092088243,0.423727406216131,8.2747950917706,-71.8993764919625,R6,1.29875430436958,0.347261830815009,0.652738169184991,0.49673996157975,0.191155008274851,2.61095267673996,0.462042834571682,0.400056507566359,1.69999777317244,0,0.199947503499308,0.457914504107868,0.224978720224825,4,1306.71293369407,B-R,1
24,4,15,0.457895348837209,0.24126511627907,4,0.367832433033275,0.436074648154393,15.2854096341966,-50.4546245536163,R6,1.4298455824563,0.424148902945143,0.575851097054857,0.513128506901064,0.198652424444309,2.30340438821943,0.471022392778373,0.410290819605167,1.51126135335311,0,0.156718409816781,0.457624897133994,0.240787280397686,4,1410.57825361517,B-R,1
24,5,14,0.457544186046512,0.257044186046512,4,0.354037591211322,0.447514013478132,22.1710535470463,-31.3380781565447,R6,1.59037159094655,0.491596302511463,0.508403697488537,0.533196873033341,0.207833281548146,2.03361478995415,0.481702226700749,0.422462994490429,1.34569670942019,0,0.118796690680951,0.45733513373714,0.256604379115175,4,1519.1153652481,B-R,1
24,6,13,0.457193023255814,0.272823255813954,4,0.341221097795609,0.458142083900681,28.634461311687,-14.0541919880902,R6,1.79149982433009,0.551241894858568,0.448758105141432,0.558341178713401,0.219336274661898,1.79503242056573,0.494615757674887,0.437180990907407,1.1992833365902,0,0.0852614704171497,0.457045213790543,0.27243002329694,4,1632.80158900496,B-R,1
24,7,12,0.456841860465116,0.288602325581395,4,0.329282438448748,0.468042210883442,34.5349997750121,1.68689217880573,R6,2.05086489007818,0.604365350136477,0.395634649863523,0.59076603715415,0.234169968147183,1.58253859945409,0.510545597350628,0.455336778332252,1.0688799998548,0,0.0553932655118913,0.456755137167299,0.288264219870108,4,1751.91601338358,B-R,1
24,8,11,0.456490697674419,0.304381395348837,4,0.318134411874105,0.477286706055771,40.1122921296905,12.2737537181743,R5,2.39804238479666,0.651980987131622,0.348019012868378,0.634168879736634,0.254025859405278,1.39207605147351,0.530688302205306,0.47829411343085,0.951996828147211,0,0.0286217839690327,0.456464903740369,0.304106975769293,4,1876.45370955853,B-R,1
24,9,10,0.456139534883721,0.320160465116279,4,0.307700996333755,0.485938610403852,45.4878862038534,13.9359655743954,R8,2.88671557076376,0.694903162316017,0.305096837683983,0.695260988780193,0.281974219506147,1.22038735073593,0.556969761374478,0.508247998441813,0.846634802377137,0,0.004489160880413,0.456174513382576,0.31995829793661,4,2006.03034832428,B-R,1
24,10,9,0.455788372093023,0.335939534883721,4,0.297915613706407,0.494053133799739,40.007125549226,0.0548853001428853,R8,2.58813246522335,0.621768417090978,0.378231582909022,0.656509849040682,0.328855725422562,1.51292633163609,0.466167817702449,0.525398668713356,0.83497924213654,0.0735403243330698,0,0.455846000370267,0.335764604519527,4,2139.80704426624,R-G,1
24,11,8,0.455437209302326,0.351718604651163,4,0.288719707267307,0.501678834376631,32.8552588836265,-16.2455652037592,R8,2.20476026610423,0.528851173173032,0.471148826826968,0.60728183112043,0.365354809802626,1.88459530730787,0.393719251339426,0.532958888836739,0.844078548659335,0.157776470022177,0,0.455508080661708,0.351560600053961,4,2276.47615684449,R-G,1
24,12,7,0.455086046511628,0.367497674418605,4,0.280061568978509,0.508858590997791,26.8836904847933,-30.8485303999338,R8,1.92031050504896,0.443913014710249,0.556086985289751,0.570756235454351,0.392435948848443,2.22434794115901,0.347613071032691,0.537770203810463,0.852396470142424,0.23477900248164,0,0.455170112612839,0.367358855247399,4,2414.3434497251,R-G,1
24,13,6,0.45473488372093,0.383276744186046,4,0.271895366671348,0.515630409964973,22.0030925883101,-43.7751871653518,R8,1.70087065933356,0.365968471950127,0.634031528049873,0.542578426311914,0.413327796153797,2.53612611219949,0.315692247118654,0.541101235291481,0.86002951279896,0.305441320720552,0,0.454832096213288,0.383159370584753,4,2551.50876602134,R-G,1
24,14,5,0.454383720930233,0.399055813953488,4,0.264180332468214,0.522028098019239,18.0684715624893,-55.1094890813938,R8,1.52643965857094,0.294187941015912,0.705812058984088,0.52018010830367,0.429934560624363,2.82324823593635,0.292283039361624,0.54354405469346,0.867058919029693,0.37051552015285,0,0.454494031452677,0.398962146551069,4,2686.10003562931,R-G,1
24,15,4,0.454032558139535,0.41483488372093,4,0.256880082103103,0.528081826794032,14.9052294697568,-65.0015876214421,R8,1.3844580228086,0.227868040563858,0.772131959436142,0.501948545019438,0.443451971944267,3.08852783774457,0.274381535887529,0.54541212901981,0.87355357037027,0.430639266413551,0,0.454155918320627,0.414767183631537,4,2816.48977319475,R-G,1
24,16,3,0.453681395348837,0.430613953488372,4,0.249962041154436,0.533818608611308,12.2954411591526,-73.6660973077083,R8,1.26664148846545,0.166408485800678,0.833591514199322,0.486819971593214,0.454668736326864,3.33436605679729,0.26024855902071,0.546886946555556,0.879572252199,0.486356760720537,0,0.453817756806755,0.430574482311481,4,2941.43324896827,R-G,1
24,17,2,0.45333023255814,0.446393023255814,4,0.243396959098792,0.539262699452228,9.93765801481951,-81.3900846420029,R8,1.16730457983193,0.1092938672348,0.890706132765199,0.474064328044752,0.464126141476744,3.5628245310608,0.248807441406096,0.548080860693077,0.885165438128216,0.538135258743376,0,0.453479546900677,0.446384043076369,4,3060.11111050863,R-G,1
24,18,1,0.452979069767442,0.462172093023256,4,0.237158495893458,0.544435941783355,7.34981861037653,-88.5783651015109,R8,1.0824156616466,0.0560791619899402,0.94392083801006,0.463163920567997,0.472208020639859,3.77568335204024,0.239355991363967,0.549067147191082,0.890376708868992,0.586378205636715,0,0.453141288592003,0.462195866411803,4,3172.09444686099,R-G,1
24,19,0,0.452627906976744,0.477951162790698,4,0.231222868765014,0.549358057457035,3.62039344952488,-95.9080747484271,R8,1.00903635190771,0.00637811509381034,0.99362188490619,0.453741437709037,0.479194123502989,3.97448753962476,0.231416708992457,0.549895634563069,0.895243890041639,0.631435769235359,0,0.452802981870343,0.478009952803527,4,3277.26888082483,R-G,1
25,0,18,0.4721,0.184388372093023,4,0.442407752264037,0.38878077058446,-21.4751884072855,-149.39229761071,R6,1.02036039088382,0.0368373636422445,0.963162636357756,0.475005427779121,0.181211914366416,3.85265054543102,0.449759087768112,0.38605629787901,2.48048404690928,0,0.34288515172206,0.471594606318089,0.183846085859849,4,1000.00008696779,B-R,1
25,1,17,0.471748837209302,0.200167441860465,4,0.42323436750193,0.40406017233825,-0.284549196801812,-113.570334130979,R6,1.09956140428805,0.153981178365221,0.846018821634779,0.485921287340631,0.186205691445188,3.38407528653912,0.455983066735016,0.39314998126566,2.19147170253432,0,0.279512730514333,0.471308890893256,0.199632595892179,4,1078.94132492709,B-R,1
25,2,16,0.471397674418605,0.215946511627907,4,0.405628746469276,0.418090212428748,6.42473756325956,-87.363678926932,R6,1.19209236089712,0.254005749888536,0.745994250111464,0.498674342939575,0.19203994722463,2.98397700044586,0.463115126885402,0.401278636081239,1.94469524251023,0,0.225401471693813,0.4710230212543,0.215427626650343,4,1171.6328921987,B-R,1
25,3,15,0.471046511627907,0.231725581395349,4,0.389406153213202,0.431018108203195,12.168528275319,-65.2164617984658,R6,1.30162772477257,0.340408219932843,0.659591780067157,0.513771026652204,0.198946363770646,2.63836712026863,0.471369640899403,0.410686590259324,1.73152666432841,0,0.178659492717078,0.470736997276332,0.231231185034764,4,1267.03834587769,B-R,1
25,4,14,0.470695348837209,0.247504651162791,4,0.374409779098989,0.442968821537548,18.1918414587971,-45.6753864579555,R6,1.43332911957727,0.415793922441645,0.584206077558356,0.5319227379492,0.20725039143834,2.33682431023342,0.481034221314282,0.421701645723446,1.54553819651263,0,0.137877360909898,0.470450818834329,0.247043277953314,4,1365.79846306428,B-R,1
25,5,13,0.470344186046512,0.263283720930233,4,0.360505657632992,0.454049111248957,24.2595616050388,-28.0353885643725,R6,1.59468239407593,0.482143621849675,0.517856378150325,0.554161212035734,0.217424027470796,2.0714255126013,0.492503919254212,0.43477405585835,1.38184297948529,0,0.101983522999332,0.470164485803131,0.262863912321328,4,1468.44806529552,B-R,1
25,6,12,0.469993023255814,0.279062790697674,4,0.347578651371374,0.464350731155703,30.0066775532705,-11.9205969579025,R6,1.79697179058064,0.540990088502162,0.459009911497838,0.582041696743145,0.230178765170781,1.83603964599135,0.506336559626821,0.450539592941055,1.23665942604171,0,0.0701487814032278,0.469877998057446,0.278693095061618,4,1575.40104277785,B-R,1
25,7,11,0.469641860465116,0.294841860465116,4,0.335529256171983,0.473952976790785,35.2885090303001,2.20483417330546,R5,2.05803913269354,0.593537975289414,0.406462024710586,0.618023236878956,0.246639566024497,1.62584809884234,0.523346203556079,0.469926070497524,1.10701546670636,0,0.0417214434090471,0.469591355471843,0.294530833104474,4,1686.91256112229,B-R,1
25,8,10,0.469290697674419,0.310620930232558,4,0.324271034953202,0.482924730457084,40.3345182066601,11.8270116838389,R5,2.40785699204844,0.640747156979576,0.359252843020424,0.666236794517883,0.268696258643767,1.4370113720817,0.544769363294916,0.494342784168481,0.990542938399487,0,0.0161822362898658,0.469304557920758,0.310377133387682,4,1803.02312580392,B-R,1
25,9,9,0.468939534883721,0.3264,4,0.313728540889388,0.491326116247157,40.9983241309991,8.95295175043306,R8,2.58202455142116,0.638987338727405,0.361012661272595,0.689694504963656,0.304251656280104,1.44405064509038,0.523325340919434,0.519434113734277,0.918551850746953,0.0291500201003072,0,0.469002177456242,0.326211954689618,4,1923.49450037843,R-G,1
25,10,8,0.468588372093023,0.342179069767442,4,0.303835624494375,0.499209849139995,32.8898827448023,-8.6092625596927,R8,2.20032627833838,0.54268565093841,0.45731434906159,0.63565983275542,0.3443145339603,1.82925739624636,0.433863828483115,0.528769684616387,0.924051010508123,0.117781558408782,0,0.468665217372862,0.342006391437335,4,2047.75485377785,R-G,1
25,11,7,0.468237209302326,0.357958139534884,4,0.294534044280605,0.506622342176289,25.9635067080547,-24.6441420954438,R8,1.91694595217681,0.454874067899202,0.545125932100798,0.595543426383618,0.374058004509151,2.18050372840319,0.378266359402965,0.534571443376425,0.929065355896045,0.198599204129804,0,0.468328209089122,0.357803087495813,4,2174.87692907634,R-G,1
25,12,6,0.467886046511628,0.373737209302326,4,0.285772319326502,0.513604620855353,20.1854956783807,-39.1389099774622,R8,1.69823059820635,0.374477240793724,0.625522759206276,0.564581241610675,0.397014268896019,2.5020910368251,0.340365032471821,0.538526557865951,0.933656293050883,0.272592657672301,0,0.467991152594678,0.373602043349861,4,2303.61447382242,R-G,1
25,13,5,0.46753488372093,0.389516279069767,4,0.277504775997438,0.520193082809722,15.4341288047717,-52.1131356265379,R8,1.52431298995029,0.300594067736328,0.699405932263672,0.539960797621087,0.41526858220407,2.79762372905469,0.312871055178835,0.541395634934511,0.937875278009849,0.340591250776259,0,0.467654047879186,0.389403259484426,4,2432.50384353806,R-G,1
25,14,4,0.467183720930233,0.405295348837209,4,0.269690751544027,0.526420132463134,11.5632176737559,-63.6385834431912,R8,1.38270835174339,0.232463774625161,0.767536225374839,0.519914701664513,0.43013134082651,3.07014490149936,0.292015273524716,0.543571996842907,0.941765753607894,0.403295164097912,0,0.467316894932295,0.405206736384594,4,2560.01639467135,R-G,1
25,15,3,0.466832558139535,0.421074418604651,4,0.262293925262342,0.532314714033531,8.39398497937938,-73.8539448703193,R8,1.26517678080319,0.169439622380208,0.830560377619792,0.503276481484524,0.442467401223402,3.32224151047917,0.275652544197131,0.545279495579542,0.945364650885444,0.461299625829642,0,0.466979693743654,0.421012474535589,4,2684.72142241233,R-G,1
25,16,2,0.466481395348837,0.436853488372093,4,0.255281753998581,0.537902761383269,5.67591761115022,-82.98296583635,R8,1.1660604912574,0.110968312320459,0.889031687679541,0.489245199202715,0.452870602034653,3.55612675071816,0.262472120276214,0.546654911425071,0.948703565112659,0.515113866020971,0,0.466642444302908,0.436820474422775,4,2805.41656288024,R-G,1
25,17,1,0.46613023255814,0.452632558139535,4,0.248624993487791,0.543207579467562,2.99272119643888,-91.3813059477881,R8,1.08134585641006,0.0565736991939527,0.943426300806047,0.477252670422727,0.461762211698487,3.77370520322419,0.25162791167817,0.54778653635819,0.9518096858318,0.565176106338711,0,0.466305146599701,0.452630736531655,4,2921.2008782726,R-G,1
25,18,0,0.465779069767442,0.468411627906977,4,0.2422972906763,0.548250169215536,-0.488633379267192,-99.686244109612,R8,1.0081066166318,0.00584379609751618,0.994156203902484,0.466884642602648,0.469449369098831,3.97662481560994,0.242549347609379,0.548733911112583,0.954706538921304,0.611865520126855,0,0.465967800623669,0.46844326134787,4,3031.48646407824,R-G,1
26,0,17,0.4849,0.190627906976744,4,0.449217020552335,0.397349816279639,-15.738326798224,-136.378365019802,R6,1.02213313658195,0.038666829909218,0.961333170090782,0.488341702738493,0.187312980785696,3.84533268036313,0.457348095396543,0.394705751487582,2.49326380901892,0,0.312329074126053,0.48440981172492,0.190089424968168,4,1000.00008696779,B-R,1
26,1,16,0.484548837209302,0.206406976744186,4,0.429966136111782,0.412100923054065,5.79873614696474,-101.149127413324,R6,1.10162031163257,0.152129615016699,0.847870384983301,0.500315110395942,0.192790563964341,3.39148153993321,0.464022028063471,0.40231226261732,2.21201113377859,0,0.25320825781483,0.484127520943575,0.205879460265017,4,1049.42033033242,B-R,1
26,2,15,0.484197674418605,0.222186046511628,4,0.412272842030227,0.425658516784072,11.3933416462847,-78.273817588654,R6,1.1945127549501,0.24947674182495,0.75052325817505,0.514307796529637,0.199191924745061,3.0020930327002,0.471659463060529,0.411016910567344,1.9707061119087,0,0.202484651858886,0.48384507777878,0.221678019184407,4,1138.77405301826,B-R,1
26,3,14,0.483846511627907,0.23796511627907,4,0.395955451348183,0.438161816202555,16.0120838692428,-58.5265384729861,R6,1.30451388792825,0.333914017562709,0.666085982437291,0.530877619360676,0.206772271577731,2.66434392974916,0.480485281572131,0.42107600017582,1.76140215670654,0,0.158487841239586,0.483562482107114,0.237485108629911,4,1230.32361313929,B-R,1
26,4,13,0.483495348837209,0.253744186046512,4,0.380859476971524,0.449729197980869,21.1017416528921,-40.8016573475414,R6,1.43682967205687,0.407849837597404,0.592150162402596,0.550808769535257,0.215890355255388,2.36860064961039,0.490800251723749,0.432832327243668,1.57812931388722,0,0.11996290964241,0.483279733805021,0.253300735512556,4,1324.65318550289,B-R,1
26,5,12,0.483144186046512,0.269523255813953,4,0.366852725278955,0.460461956281818,26.3827133653296,-24.5797597245095,R6,1.59901663013268,0.473128605318619,0.526871394681382,0.575239510274584,0.227066907356852,2.10748557872553,0.503015988292636,0.446755023322045,1.41631565806526,0,0.0859488139033269,0.482996832748817,0.269124906750839,4,1422.24080497785,B-R,1
26,6,11,0.482793023255814,0.285302325581395,4,0.353821414784585,0.470447276857958,31.4248848122593,-9.5942462104082,R6,1.80247728644777,0.531186694217068,0.468813305782932,0.605887440318159,0.241087693324371,1.87525322313173,0.517711200141504,0.463503662851506,1.2724006924088,0,0.055697118548816,0.482713778814679,0.284957629270733,4,1523.45493164982,B-R,1
26,7,10,0.482441860465116,0.301081395348837,4,0.341667078412965,0.47976061070211,36.0890592944792,2.51126706887268,R5,2.0652637447297,0.583159368012192,0.416840631987808,0.645471805844586,0.259196711320593,1.66736252795123,0.535726056493743,0.48403581565895,1.14357031396864,0,0.0286162840907693,0.482430571878652,0.300798910005698,4,1628.53229004075,B-R,1
26,8,9,0.482090697674419,0.316860465116279,4,0.330304070822123,0.488467584076176,40.5830619137165,11.5441897968672,R5,2.41775226707941,0.62995575422273,0.37004424577727,0.698568280464263,0.283487236168889,1.48017698310908,0.558328648289019,0.509796768702972,1.02757096844909,0,0.00423260136553495,0.482147211816649,0.316648755896694,4,1737.54119308818,B-R,1
26,9,8,0.481739534883721,0.332639534883721,4,0.319657547246968,0.496625547234623,34.0080859102891,1.00502838975798,R8,2.19591008914093,0.557313627187287,0.442686372812713,0.663923921626199,0.323358716354737,1.77074549125085,0.478292007419562,0.524133474001018,1.00861042014597,0.0754926750061312,0,0.481820895505565,0.332453241984502,4,1850.33814269382,R-G,1
26,10,7,0.481388372093023,0.348418604651163,4,0.309661812983994,0.50428483914182,26.0886103482131,-16.2231371903761,R8,1.91359316866871,0.466435337884058,0.533564662115942,0.620243910554287,0.35574434708272,2.13425864846377,0.411544919500522,0.531098728147444,1.00993255655237,0.160438234601367,0,0.481484846776232,0.348248379156625,4,1966.52774231258,R-G,1
26,11,6,0.481037209302326,0.364197674418605,4,0.300258966572409,0.511489827142716,19.3926067533089,-32.0425024977294,R8,1.69559872008929,0.38343175491744,0.61656824508256,0.586515858010936,0.380751306285288,2.46627298033024,0.366802582203981,0.535767722107953,1.01114012834694,0.23802316558508,0,0.48114874997613,0.364045775776047,4,2085.44202198633,R-G,1
26,12,5,0.480686046511628,0.379976744186046,4,0.291397777456658,0.518279766960727,13.8013599548401,-46.4562117757063,R8,1.5221922389262,0.307321853454323,0.692678146545677,0.559686445857828,0.400643412841968,2.77071258618271,0.334723277339728,0.539115291540364,1.01224740790055,0.309164449384455,0,0.480812605094943,0.379845432327614,4,2206.15373307154,R-G,1
26,13,4,0.48033488372093,0.395755813953488,4,0.283032752177792,0.524689518234252,9.17526335565298,-59.4921571246553,R8,1.38096309754709,0.237281065332498,0.762718934667502,0.537835504551166,0.41684433630445,3.05087573867001,0.310597577891215,0.541632878949166,1.01326639138515,0.374632824582934,0,0.480476412122354,0.395647349296309,4,2327.53431178479,R-G,1
26,14,3,0.479983720930233,0.41153488372093,4,0.275123353152929,0.530750143131647,5.36008214541676,-71.2275637131299,R8,1.2637154567196,0.172611284753695,0.827388715246305,0.519694975669885,0.430294252070091,3.30955486098522,0.291793758887186,0.543595112544215,1.0142072351439,0.435080823134469,0,0.48014017104804,0.411451527167257,4,2448.35095014602,R-G,1
26,15,2,0.479632558139535,0.427313953488372,4,0.26763334172491,0.536489409743399,2.15186451920081,-81.8182447715328,R8,1.16481905170627,0.11271751942676,0.88728248057324,0.5043937459075,0.441639028882368,3.54912992229296,0.276725820078252,0.545167496097402,1.01507859538035,0.491064594956871,0,0.479803881861678,0.427257966425719,4,2567.38358745104,R-G,1
26,16,1,0.479281395348837,0.443093023255814,4,0.260530223015267,0.541932217466906,-0.790822182857694,-91.5530159142689,R8,1.08027816376898,0.057089530594269,0.942910469405731,0.491313598550574,0.451337030594676,3.77164187762292,0.264381017404012,0.546455712418058,1.0158878952672,0.543061069326747,0,0.479467544552941,0.443066667557095,4,2683.53368437927,R-G,1
26,17,0,0.47893023255814,0.458872093023256,4,0.253784774638775,0.547100958131797,-4.19019827198441,-101.005477531872,R8,1.00717859311174,0.00528726108599028,0.99471273891401,0.480003649255578,0.459722555974166,3.97885095565604,0.254082324725103,0.547530411167037,1.01664153694527,0.591481575538097,0,0.479131159111499,0.458877631046925,4,2795.9023371986,R-G,1
27,0,16,0.4977,0.196867441860465,4,0.455872626362355,0.405725487188827,-10.015918386744,-123.279996741785,R6,1.02391205283854,0.0403803296305438,0.959619670369456,0.501724398492726,0.193435283746182,3.83847868147783,0.464799063449733,0.40319787663364,2.50523348520744,0,0.283709890820623,0.497228005022298,0.196334219723378,4,1000.00008696779,B-R,1
27,1,15,0.497348837209302,0.212646511627907,4,0.436552326673253,0.419967788292739,11.600234338939,-89.1044908975349,R6,1.1036869439699,0.150386709872952,0.849613290127048,0.514762938882834,0.19940014283711,3.39845316050819,0.471905016504064,0.41129677629186,2.23134521726748,0,0.228447451867724,0.496949140489443,0.212127781499717,4,1021.63459819515,B-R,1
27,2,14,0.496997674418605,0.228425581395349,4,0.418779007847122,0.433069705054432,16.2149740070465,-69.3413611834256,R6,1.19694299761268,0.24519515704582,0.75480484295418,0.530004862811519,0.206373003739411,3.01921937181672,0.480026178849281,0.420552744976024,1.99529598698617,0,0.180819795975725,0.496670125405103,0.227929869796635,4,1108.01861767319,B-R,1
27,3,13,0.496646511627907,0.244204651162791,4,0.402374021422717,0.445162931351214,19.7947529408581,-51.8605485248263,R6,1.30741287879039,0.327751674573938,0.672248325426062,0.548060243235092,0.214632962050499,2.68899330170425,0.489396847730793,0.43123281933361,1.78975098547712,0,0.13934697867178,0.496390959647328,0.243740491520857,4,1196.16015308849,B-R,1
27,4,12,0.496295348837209,0.259983720930233,4,0.387185206889639,0.45635963499829,24.0025114081192,-35.8655131001207,R6,1.44034736486777,0.400287064277805,0.599712935722195,0.569787275906362,0.224572624349389,2.39885174288878,0.500329426040742,0.4436930557102,1.60915607628581,0,0.102908341779977,0.496111643094033,0.25955965358657,4,1286.60327598318,B-R,1
27,5,11,0.495944186046512,0.275762790697674,4,0.373082157989944,0.46675594727837,28.5254331261002,-21.0036987757523,R6,1.60337449070473,0.464521544552592,0.535478455447408,0.596432699482159,0.236762347454309,2.14191382178963,0.51324992814034,0.45841899735918,1.44922834749665,0,0.07063972211415,0.495832175623006,0.275387362915429,4,1379.78530480033,B-R,1
27,6,10,0.495593023255814,0.291541860465116,4,0.35995246914675,0.476434729953305,32.8693637087506,-7.10778102903723,R6,1.80801662105899,0.521802921460923,0.478197078539077,0.629879748350555,0.252063671646911,1.91278831415631,0.528754791324537,0.476090424426476,1.30661210040201,0,0.0418640403077015,0.495552557111898,0.291223626436574,4,1476.0418706591,B-R,1
27,7,9,0.495241860465116,0.307320930232558,4,0.347698733156235,0.485467788468603,36.9058150698694,2.9732750325189,R5,2.07253925851104,0.573202194329497,0.426797805670503,0.673113766518463,0.271842329271951,1.70719122268201,0.547705565841492,0.497689275429979,1.17864081556993,0,0.0160432727043698,0.495272787438231,0.307068451086637,4,1575.59555658311,B-R,1
27,8,8,0.494890697674419,0.3231,4,0.336236120382842,0.49391765649256,36.3457169420348,4.78165695060163,R5,2.19151159155808,0.572805386102238,0.427194613897762,0.692074782248522,0.302486849466045,1.70877845559105,0.527728047510748,0.518974678404636,1.09816306678775,0.0307066311057201,0,0.494975115302347,0.322901151519344,4,1678.53245329365,R-G,1
27,9,7,0.494539534883721,0.338879069767442,4,0.32549041216663,0.501839045624862,27.2951844377903,-5.92598697880869,R8,1.91025209287779,0.478647513446508,0.521352486553492,0.644858142128492,0.337494639840135,2.08540994621397,0.447801097867783,0.527315289729689,1.09535262311533,0.120128782428291,0,0.494640025916752,0.338694730053663,4,1784.772498661,R-G,1
27,10,6,0.494188372093023,0.354658139534884,4,0.315396392030676,0.509280031346543,19.6057067321488,-22.885449222626,R8,1.69297498699574,0.392867983065607,0.607132016934393,0.608382592101235,0.364538673593653,2.42852806773757,0.39520126078773,0.532804236809562,1.09279225793734,0.201593984750205,0,0.494304888600278,0.354490567687085,4,1894.04086728568,R-G,1
27,11,5,0.493837209302326,0.370437209302326,4,0.305896520976276,0.516283029549589,13.1319153429638,-38.5378607969977,R8,1.52007738083383,0.314396148350851,0.685603851649149,0.579357282427904,0.386058882443837,2.7424154065966,0.357959836983465,0.536690488474745,1.09045001437217,0.276119035927598,0,0.493969703342637,0.370288664904353,4,2005.8498133169,R-G,1
27,12,4,0.493486046511628,0.386216279069767,4,0.296939840012762,0.522885605556523,7.71530962632401,-52.9048723073955,R8,1.37922224351588,0.242336330020934,0.757663669979066,0.555711125199418,0.403590831208154,3.03065467991627,0.330207103484922,0.539586567511329,1.08829915799927,0.344554566565967,0,0.493634470133543,0.386089022190351,4,2119.50204681712,R-G,1
27,13,3,0.49313488372093,0.401995348837209,4,0.288481055710496,0.529121148221209,3.20234549181781,-66.0330506788775,R8,1.26225750450373,0.17593347714669,0.82406652285331,0.536075585725791,0.418149191312293,3.29626609141324,0.308726425967391,0.541828139133577,1.08631715190219,0.407617651898001,0,0.493299188962706,0.401891640030099,4,2234.12313981645,R-G,1
27,14,2,0.492783720930233,0.417774418604651,4,0.280479774130504,0.535019434651192,-0.582719748480054,-78.0282658031533,R8,1.16358025272673,0.114546609941265,0.885453390058735,0.519510071291433,0.430431345554584,3.54181356023494,0.291607464666542,0.543614552891851,1.0844848639836,0.465917033284121,0,0.492963859819831,0.417696518908759,4,2348.72337332299,R-G,1
27,15,1,0.492432558139535,0.433553488372093,4,0.272899855782429,0.540607105711866,-3.91528816853037,-89.11591514863,R8,1.07921257747178,0.0576280618079616,0.942371938192038,0.505346787281585,0.440932416286534,3.76948775276815,0.2776441756052,0.545071663008029,1.08278594737756,0.519972832132159,0,0.492628482694623,0.433503659311628,4,2462.27981725681,R-G,1
27,16,0,0.492081395348837,0.449332558139535,4,0.26570886987555,0.545908068335004,-7.39464046011611,-99.7964571015842,R8,1.00625227662456,0.00470709509086248,0.995292904909137,0.493098524434228,0.450013634626445,3.98117161963655,0.266037630464853,0.546282839992447,1.08120635140907,0.570232110092016,0,0.49229305757678,0.449313061724144,4,2573.82128851009,R-G,1
28,0,15,0.5105,0.203106976744186,4,0.46237971313353,0.413914256014475,-4.31780179371756,-110.129950088488,R6,1.02569717192741,0.0419885504347621,0.958011449565238,0.515153757836054,0.199578934321147,3.83204579826095,0.472115724270875,0.411536927197384,2.51646773405297,0,0.256849095094392,0.510049187255294,0.202580470634618,4,1000.00008696779,B-R,1
28,1,14,0.510148837209302,0.218886046511628,4,0.442997610974573,0.427666348264574,16.8612333620258,-77.8897362074848,R6,1.10576134485788,0.148743170747431,0.851256829252569,0.529265077314056,0.2060345673717,3.40502731701028,0.479636527750701,0.420108646186602,2.2495770314222,0,0.205098302030434,0.509773750576774,0.21837756010598,4,1000.00008696779,B-R,1
28,2,13,0.509797674418605,0.23466511627907,4,0.425151494875502,0.440328619512947,20.8827786809923,-60.5891053286283,R6,1.19938314911855,0.241141259261763,0.758858740738237,0.545765930837849,0.213583362191107,3.03543496295295,0.488220755857144,0.429892386882016,2.01857821663456,0,0.160307038249948,0.509498165180029,0.234183178997292,4,1079.11320895684,B-R,1
28,3,12,0.509446511627907,0.250444186046512,4,0.40866573887867,0.452025680823518,23.5066240620501,-45.2446770263532,R6,1.31032478306961,0.321896387258136,0.678103612741864,0.565319406291276,0.222528667595546,2.71241445096745,0.498111116528094,0.441164771887264,1.81668725595422,0,0.121159862178751,0.50922243094458,0.249997334218432,4,1164.21894389828,B-R,1
28,4,11,0.509095348837209,0.266223255813954,4,0.393390508964953,0.462863843226754,26.8811613596757,-30.8945159004037,R6,1.44388232420946,0.393078791828545,0.606921208171455,0.588858937928699,0.233297510202361,2.42768483268582,0.509630257752691,0.454293534238151,1.63872847613652,0,0.0866531974748821,0.508946547749815,0.265820032686747,4,1251.22182432255,B-R,1
28,5,10,0.508744186046512,0.282002325581395,4,0.379197196062423,0.472934358115662,30.6693145103255,-17.3352574483155,R6,1.60775616947428,0.456295360474621,0.543704639525379,0.617741721575622,0.246510778670538,2.17481855810151,0.523216632827395,0.469778394271375,1.48068459593309,0,0.0560080829811507,0.508670515474996,0.281651281327056,4,1340.52992063065,B-R,1
28,6,9,0.508393023255814,0.297781395348837,4,0.365974786279356,0.482315992657368,34.3102135939141,-4.48930185234801,R6,1.81359010735353,0.512812392731219,0.487187607268781,0.654019976262044,0.26310732021544,1.94875042907513,0.539481578248449,0.488316113266191,1.3393898172585,0,0.0286106623136998,0.508394333999249,0.297491087071667,4,1432.45505675911,B-R,1
28,7,8,0.508041860465116,0.313560465116279,4,0.353626951392441,0.49107709416541,37.6906045326666,3.58036188860846,R5,2.07986621388955,0.563641295939436,0.436358704060563,0.700951169967766,0.284577358198839,1.74543481624225,0.559303842252133,0.510908230880413,1.21231558242481,0,0.0039706416392572,0.508118003201574,0.313339456860381,4,1527.20911941917,B-R,1
28,8,7,0.507690697674419,0.329339534883721,4,0.342069698187621,0.499277257951925,29.7303364228674,-5.44216747263911,R5,1.90692266358697,0.491567156303008,0.508432843696992,0.669386572102081,0.319308548399954,2.03373137478797,0.487453246817596,0.523177471833838,1.18572118579514,0.0774841509984379,0,0.507793746753211,0.329142140010798,4,1624.8899587762,R-G,1
28,9,6,0.507339534883721,0.345118604651163,4,0.331229455304612,0.506968684759916,20.8871457737,-14.9833799046841,R5,1.6903593611738,0.402825870877305,0.597174129122695,0.630181758513609,0.348376137543771,2.38869651649078,0.425787687341134,0.529612453601973,1.17895833333106,0.163150902394657,0,0.507459568709702,0.344936418906791,4,1725.46160476969,R-G,1
28,10,5,0.506988372093023,0.360897674418605,4,0.321041505443959,0.514197293152033,13.4350401343127,-28.689938415449,R8,1.51796839114523,0.321844430046003,0.678155569953997,0.598973535472146,0.371514821859428,2.71262227981599,0.382716583738713,0.534107049430959,1.17278684805175,0.241326657074377,0,0.5071253428649,0.360732957038407,4,1828.73360742206,R-G,1
28,11,4,0.506637209302326,0.376676744186047,4,0.311448692325508,0.521003636956279,7.16899485306877,-44.223294278019,R8,1.37748577303004,0.247647649135802,0.752352350864198,0.573541734265502,0.390370699008129,3.00940940345679,0.350931447959328,0.537423921457655,1.16713241246184,0.312952813424742,0,0.50679106920855,0.376531754890426,4,1934.34647412573,R-G,1
28,12,3,0.506286046511628,0.392455813953488,4,0.302400347818115,0.527423666494656,1.91004666978414,-58.5874984646636,R8,1.26080291249865,0.179417176486946,0.820582823513054,0.552418442622233,0.406032121845046,3.28233129405221,0.326510219377308,0.539972348197232,1.16193266109622,0.378819370462049,0,0.50645674773039,0.392332812947769,4,2041.77067773619,R-G,1
28,13,2,0.50593488372093,0.40823488372093,4,0.293851396709921,0.533489363771313,-2.51424260836329,-71.8646777345917,R8,1.16234408590289,0.116461183952964,0.883538816047036,0.534594278048578,0.419247475910934,3.53415526418815,0.30715948471168,0.541991654043648,1.15713487067438,0.439594187227875,0,0.506122378420158,0.408136131695494,4,2150.32440582538,R-G,1
28,14,1,0.505583720930233,0.424013953488372,4,0.285761605725721,0.539229275313742,-6.33487871506539,-84.2350983364618,R8,1.0781490912915,0.0581908249473099,0.94180917505269,0.519352318621286,0.430548307972778,3.76723670021076,0.291448609502212,0.543631129893583,1.15269416600018,0.495845709107001,0,0.505787961267587,0.423941711618799,4,2259.21347944952,R-G,1
28,15,0,0.505232558139535,0.439793023255814,4,0.278094950384533,0.544668961403365,-10.0379208343072,-96.1334710947827,R8,1.00532766246465,0.00410176037564907,0.995898239624351,0.506169334659598,0.440322555735062,3.9835929584974,0.27843889551434,0.544988731657539,1.14857211207833,0.548060801841869,0,0.50545349626241,0.439749553203018,4,2367.58754221675,R-G,1
29,0,14,0.5233,0.209346511627907,4,0.468743197287768,0.421922309771429,1.3469279338289,-96.9564963771506,R6,1.02748852634784,0.0435009057790718,0.956499094220928,0.528630025258846,0.205744044359814,3.82599637688371,0.479301676850524,0.419727005072418,2.527032313392,0,0.231589461676862,0.522873359469466,0.208828178211267,4,1000.00008696779,B-R,1
29,1,13,0.522948837209302,0.225125581395349,4,0.449306463021352,0.435201946938727,20.7728429496787,-68.7781413603607,R6,1.10784355818239,0.147190735615003,0.852809264384996,0.543821832496018,0.212693977925616,3.41123705753999,0.487220886365621,0.428752801154212,2.26679822706162,0,0.183043432781003,0.52260135225197,0.224628796593747,4,1000.00008696779,B-R,1
29,2,12,0.522597674418605,0.240904651162791,4,0.431394381162911,0.447439905472842,25.39091165375,-52.0354172161913,R6,1.20183327019358,0.237297356897193,0.762702643102807,0.561591392840306,0.220823179537926,3.05081057241123,0.496248452426649,0.439041829399573,2.0406544066041,0,0.140856859156618,0.522329198150804,0.240437947296881,4,1051.8475429186,B-R,1
29,3,11,0.522246511627907,0.256683720930233,4,0.414834327473173,0.458754126342273,27.1381753288516,-38.7010129638609,R6,1.3132496872418,0.316325763646981,0.683674236353019,0.582655621081022,0.23045962269458,2.73469694541208,0.506634568317085,0.450879243718546,1.84231397864489,0,0.10385694003495,0.522056897046962,0.256255637233704,4,1134.23106604148,B-R,1
29,4,10,0.521895348837209,0.272462790697674,4,0.399478789788338,0.469245393350832,29.7230929083724,-25.9123596922791,R6,1.44743467752338,0.386200665505172,0.613799334494828,0.608024443168937,0.24206532736165,2.45519733797931,0.518710857169129,0.464643006426882,1.66694643033987,0,0.0711425551230402,0.521784448821307,0.272081873324723,4,1218.16492806416,B-R,1
29,5,9,0.521544186046512,0.288241860465116,4,0.385200961868774,0.479000343524562,32.7883636003159,-13.5987285656329,R6,1.61216186224652,0.448425318717074,0.551574681282926,0.639167528796587,0.256312636636128,2.2062987251317,0.53292643477273,0.480844990272672,1.51077898555338,0,0.0420099023099379,0.521511853354574,0.287916662497921,4,1304.03656437021,B-R,1
29,6,8,0.521193023255814,0.304020930232558,4,0.371891233517056,0.488093865146221,35.6982712595427,-2.60298945896663,R5,1.81919806214127,0.504190895946711,0.495809104053289,0.678309496239193,0.274219266776568,1.98323641621316,0.54990500025423,0.50019604665087,1.37082211551122,0,0.0159012923539967,0.521239110527368,0.303760011688777,4,1392.14052910858,B-R,1
29,7,7,0.520841860465116,0.3198,4,0.359454371241339,0.496591023992835,33.6425053773086,-3.04621899158228,R5,1.90360482000523,0.505257577043905,0.494742422956096,0.693829648332164,0.301185740707892,1.97896969182438,0.53100194009982,0.518633038122761,1.28148108090819,0.0322953672913577,0,0.520946009528083,0.319590608851938,4,1482.68082819558,R-G,1
29,8,6,0.520490697674419,0.335579069767442,4,0.347807235993016,0.504548622631379,23.3893868388364,-15.2909106692949,R5,1.68775180510453,0.41334990614399,0.58665009385601,0.651913669938684,0.332263466297717,2.34660037542404,0.458824795874292,0.52616493455102,1.27002330949699,0.122522170466728,0,0.52061279054693,0.335383329259019,4,1575.76362314091,R-G,1
29,9,5,0.520139534883721,0.351358139534884,4,0.336876922289064,0.51201647181446,14.78905267269,-27.532770238738,R4,1.51586524546836,0.329697160279895,0.670302839720105,0.618535431867032,0.357011062875923,2.68121135888042,0.409147743508578,0.531348880484245,1.25959464744251,0.204645020085867,0,0.520279523904313,0.351178308553574,4,1671.3843119113,R-G,1
29,10,4,0.519788372093023,0.367137209302326,4,0.326599230659638,0.5190384341403,7.56607949705075,-39.4305333078509,R4,1.37575366955347,0.253234982300412,0.746765017699588,0.591327501547289,0.377183813811294,2.98706007079835,0.372868460376981,0.535134729951839,1.25006240548367,0.279708807638788,0,0.519946209590004,0.366975547220281,4,1769.412983532,R-G,1
29,11,3,0.519437209302326,0.382916279069767,4,0.316917405783057,0.525653286188799,1.48928998985116,-49.1915187672236,R8,1.25935166910107,0.18307445356833,0.81692554643167,0.568723676726193,0.393942947010479,3.26770218572668,0.345210966778123,0.538020870425905,1.24131576559572,0.34858619463604,0,0.519612847593776,0.382775045743959,4,1869.58355075221,R-G,1
29,12,2,0.519086046511628,0.398695348837209,4,0.307781087914111,0.531895434930541,-3.63669291944237,-63.6159077186454,R8,1.1611105428546,0.118467377521427,0.881532622478573,0.549646468437059,0.40808734413427,3.52613048991429,0.323428221730793,0.540293963679733,1.233261453027,0.412011694130725,0,0.519279437905394,0.398576804609564,4,1971.49023628673,R-G,1
29,13,1,0.51873488372093,0.414474418604651,4,0.299145436696332,0.537795516359013,-8.02565051657257,-77.1563342798251,R8,1.07708769902572,0.0587794931768559,0.941220506823144,0.53333027425228,0.420184645091552,3.76488202729258,0.305828143869331,0.54213058336044,1.22582039693079,0.470607967325119,0,0.518945980514625,0.414380824302193,4,2074.59818971235,R-G,1
29,14,0,0.518383720930233,0.430253488372093,4,0.29097039517697,0.543380898332995,-12.0755586000154,-90.1988926834998,R8,1.00440474594365,0.00346958282574377,0.996530417174256,0.519216146208416,0.430649270160523,3.98612166869702,0.291311547018764,0.543645432765227,1.21892512580302,0.524906333783906,0,0.518612475411229,0.430187105307079,4,2178.26847981077,R-G,1
30,0,13,0.5361,0.215586046511628,4,0.474967780617685,0.429755565376758,6.96929082741047,-83.7840417711234,R6,1.02928614882653,0.0449257193359595,0.95507428066404,0.542153446962444,0.21193072649414,3.82029712265616,0.486360392729552,0.427772066893547,2.53698536835472,0,0.207791967079622,0.535700522710861,0.215077342962938,4,1000.00008696779,B-R,1
30,1,12,0.535748837209302,0.23136511627907,4,0.455483169393505,0.442579704414018,24.7058151836524,-59.5761225088962,R6,1.10993362816054,0.145722033703204,0.854277966296796,0.55843351355043,0.219378515915565,3.41711186518718,0.494662253845448,0.437233984195849,2.28309056832006,0,0.162178130292981,0.535431946561922,0.230881491473196,4,1000.00008696779,B-R,1
30,2,11,0.535397674418605,0.247144186046512,4,0.437511580551705,0.454408021200843,29.7342068585475,-43.694888011621,R6,1.20429342206088,0.233647544980608,0.766352455019392,0.577481644262164,0.228092636686881,3.06540982007757,0.504114314889536,0.448006824006941,2.06161590187158,0,0.122388779402858,0.535163225365165,0.246694175206145,4,1026.04516682521,B-R,1
30,3,10,0.535046511627907,0.262923255813953,4,0.420883366627884,0.465352172195026,30.679401921739,-32.2481038719123,R6,1.31618767855674,0.311019537342471,0.688980462657529,0.600069404742827,0.238426063927633,2.75592185063012,0.514973402722804,0.460383300753833,1.86672438572521,0,0.0873752627519144,0.534894359003058,0.26251540107798,4,1105.97365731643,B-R,1
30,4,9,0.534695348837209,0.278702325581395,4,0.405453328666038,0.475507722639232,32.5090002366792,-20.9393970417403,R6,1.45100455350826,0.379630511560857,0.620369488439143,0.627284485976857,0.250876393477735,2.48147795375657,0.527578955009328,0.474750283243647,1.6939009081138,0,0.0563264114182497,0.534625347357939,0.278345176012368,4,1187.15129091564,B-R,1
30,5,8,0.534344186046512,0.294481395348837,4,0.391096465173439,0.484956944460993,34.8390523738967,-9.81518565673031,R6,1.61659176697876,0.440888781220631,0.559111218779369,0.660711083852955,0.266168361769777,2.23644487511748,0.542389140514005,0.4916299622121,1.53959808242644,0,0.0286049145397788,0.534356190312019,0.294183506940462,4,1269.95132405182,B-R,1
30,6,7,0.533993023255814,0.310260465116279,4,0.377704578259743,0.493771050001851,36.9658010922468,-1.07924559302175,R5,1.82484080616281,0.495916166707443,0.504083833292557,0.702749697493427,0.285400146865419,2.01633533317023,0.560037747124374,0.511744687563073,1.40099016682646,0,0.00370310938799552,0.534086887747384,0.31003040080091,4,1354.65609048626,B-R,1
30,7,6,0.533641860465116,0.326039534883721,4,0.365183541866261,0.502011989980234,27.3505112864063,-13.0688201101823,R5,1.68515228150014,0.424489783299787,0.575510216700213,0.673578637140625,0.316200429445899,2.30204086680085,0.494619413027836,0.522429661397967,1.36641719472992,0.0795159403274499,0,0.533764554354435,0.325831298567663,4,1441.46397301123,R-G,1
30,8,5,0.533290697674419,0.341818604651163,4,0.353451086139782,0.509733911744737,17.347279504736,-25.8016825853246,R4,1.51376791954619,0.337988201319456,0.662011798680544,0.638043197233426,0.342547438211449,2.64804719472218,0.437429134405433,0.528397634499552,1.35124774208167,0.1659159476981,0,0.5334322467034,0.341624719273694,4,1530.48728615633,R-G,1
30,9,4,0.532939534883721,0.357597674418605,4,0.342434987649783,0.516984350414438,8.99486912265413,-40.1480929160871,R4,1.37402591663312,0.259120418967609,0.740879581032391,0.609068595989684,0.364030050356981,2.96351832412956,0.396127786038572,0.532707551185568,1.33741699977073,0.244691119440692,0,0.533099891520486,0.357420399003701,4,1621.74439009722,R-G,1
30,10,3,0.532588372093023,0.373376744186047,4,0.332071581288756,0.523805208297838,1.98537037193255,-51.21171420429,R4,1.25790376276107,0.186918612788682,0.813081387211318,0.58499141780511,0.381881570595237,3.25232554884527,0.364901463777255,0.535966109384723,1.32475524428748,0.316808142542675,0,0.532767488795494,0.3732183382424,4,1715.15005375069,R-G,1
30,11,2,0.532237209302326,0.389155813953488,4,0.322304529067147,0.530233565232087,-3.92594999787741,-59.5172796494281,R4,1.15987961523722,0.120571928369126,0.879428071630874,0.564666744281373,0.39695087472895,3.51771228652349,0.340464389294684,0.538516189690439,1.31312027918476,0.383076919270612,0,0.532435038518224,0.389018537474646,4,1810.50700004283,R-G,1
30,12,1,0.531886046511628,0.40493488372093,4,0.313083795510126,0.536302352943592,-8.96377936006128,-68.1397343249948,R8,1.07602839449642,0.0593958973280835,0.940604102671917,0.547280735535834,0.409841367319246,3.76241641068767,0.32081948175428,0.540566193338058,1.30239207185214,0.444181114267359,0,0.53210254067847,0.404820997185433,4,1907.50265952966,R-G,1
30,13,0,0.53153488372093,0.420713953488372,4,0.304364790309758,0.542040919326552,-13.4703723743085,-82.2265372558036,R8,1.00348352239044,0.00280873648679526,0.997191263513205,0.53223902511426,0.420993728943613,3.98876505405282,0.304682982603959,0.542250084293,1.29246859719157,0.500701827551923,0,0.531769995266025,0.420625717859894,4,2005.71473489248,R-G,1
31,0,12,0.5489,0.221825581395349,4,0.481057961872365,0.437419684229728,12.5393690910712,-70.6336534418078,R6,1.03109007231962,0.0462703782611309,0.953729621738869,0.555724270874156,0.218139094145674,3.81491848695548,0.493295221591299,0.435675930410347,2.54637850202028,0,0.185333229687485,0.548530678026012,0.221327965399484,4,1000.00008696779,B-R,1
31,1,11,0.548548837209302,0.237604651162791,4,0.461531838958112,0.449804528520443,28.6518668351231,-50.302681057289,R6,1.11203159934373,0.144330468470065,0.855669531529935,0.573100431936178,0.226088323827462,3.42267812611974,0.501964636235274,0.445556761139205,2.29852723077658,0,0.142408679945027,0.548265534554008,0.237135645254742,4,1000.00008696779,B-R,1
31,2,10,0.548197674418605,0.253383720930233,4,0.443506850861473,0.461237247237783,33.9076681382333,-35.578874976757,R6,1.20676366644588,0.230177485170346,0.769822514829654,0.593437083791226,0.23539191602929,3.07929005931862,0.511823188145182,0.456792892602956,2.0815450499902,0,0.104830246856281,0.548000247871337,0.252951863236064,4,1001.55624163837,B-R,1
31,3,9,0.547846511627907,0.269162790697674,4,0.426816298355054,0.471823572788726,34.1178318731439,-25.901433011778,R6,1.31913884504671,0.30595932114985,0.69404067885015,0.617561279053319,0.24642822999658,2.7761627154006,0.523133553680791,0.469683706104018,1.89000306441092,0,0.0716577178371246,0.547734817861939,0.268776626262804,4,1079.2598435965,B-R,1
31,4,8,0.547495348837209,0.284941860465116,4,0.411317283509518,0.481654141118363,35.2069752951208,-15.993076000934,R6,1.45459208213558,0.37334809845364,0.626651901546361,0.646639767569203,0.259731029342588,2.50660760618544,0.536241924353109,0.484623768041686,1.71967491065626,0,0.0421591428582861,0.54746924440963,0.284609941261794,4,1157.94776716948,B-R,1
31,5,7,0.547144186046512,0.300720930232558,4,0.39688660816405,0.490807093189202,36.7469167985481,-6.0029038034703,R6,1.62104608381011,0.433664988757101,0.566335011242899,0.682373360063117,0.27607839934426,2.26534004497159,0.551614063743975,0.50214392522636,1.56722126812619,0,0.0157561959241681,0.5472035273981,0.300451815167356,4,1237.98423821109,B-R,1
31,6,6,0.546793023255814,0.3165,4,0.383417492288713,0.499350156427214,33.0544947017416,-7.62445700789971,R5,1.68256075330222,0.436301188081038,0.563698811918962,0.69517696897195,0.300186797996077,2.25479524767585,0.533531815921889,0.51836903816997,1.46862184034678,0.0339172335206766,0,0.546914860374637,0.316280326656655,4,1319.64318398926,R-G,1
31,7,5,0.546441860465116,0.332279069767442,4,0.370816927192242,0.507342323504115,21.3371100696537,-22.6875774841588,R5,1.51167638925576,0.34675530409396,0.65324469590604,0.657497055945259,0.328123781508649,2.61297878362416,0.467762082546075,0.525232302506848,1.44816344862187,0.124963097945627,0,0.546583511504633,0.332072189022647,4,1403.11932078565,R-G,1
31,8,4,0.546090697674419,0.348058139534884,4,0.359003524768551,0.514835216496926,11.6070988578811,-38.9392792528068,R4,1.37230249789848,0.265328470290322,0.734671529709678,0.62676518568997,0.350909284012976,2.93868611883871,0.420832699349501,0.530129521113533,1.42956000211265,0.207753910219129,0,0.546252115242518,0.347866310064511,4,1488.52975086856,R-G,1
31,9,3,0.545739534883721,0.363837209302326,4,0.347905757609901,0.52187420313232,3.49307305899548,-52.3672378689504,R4,1.25645918198178,0.190964353870611,0.809035646129389,0.601221795030319,0.369847896827936,3.23614258451756,0.385662420947232,0.533799642689017,1.41257016230928,0.283363697739985,0,0.545920671578122,0.363662690266863,4,1575.91028912761,R-G,1
31,10,2,0.545388372093023,0.379616279069767,4,0.337460509550016,0.528499316134407,-3.32420471852201,-62.6093299730649,R4,1.15865129474148,0.122782251478624,0.877217748521376,0.579655206974686,0.385837992519129,3.5088709940855,0.358323601079913,0.536652528625707,1.3969927164541,0.352687916500109,0,0.545589180501276,0.379461330114456,4,1665.20915545073,R-G,1
31,11,1,0.545037209302326,0.395395348837209,4,0.32761187457802,0.534746015038225,-9.10816825184752,-70.0796295703301,R4,1.07497117154983,0.0600420449192405,0.93995795508076,0.561203783513457,0.399518414569326,3.75983182032304,0.33646251728619,0.538933796757199,1.38265857103565,0.416479082392484,0,0.545257642001806,0.395262230092182,4,1756.2809838544,R-G,1
31,12,0,0.544686046511628,0.411174418604651,4,0.318310155849186,0.540645821087717,-14.1794502086732,-74.7964399965607,R4,1.00256398715098,0.002117225950767,0.997882774049233,0.54523803716867,0.411355883304572,3.99153109619693,0.318582765025879,0.540799601280675,1.36942458881015,0.475374198279713,0,0.544926056069533,0.411065390685073,4,1848.8840525578,R-G,1
32,0,11,0.5617,0.22806511627907,4,0.48701804760066,0.44492008585742,18.0441458291215,-57.5235071820854,R6,1.03290033001468,0.0475414613022991,0.952458538697701,0.569342746662409,0.224369261532491,3.8098341547908,0.500109396561848,0.443442280528069,2.55525767032253,0,0.164103370062266,0.56136382646194,0.227580046030996,4,1000.00008696779,B-R,1
32,1,10,0.561348837209302,0.243844186046512,4,0.467456411984453,0.456881125706617,32.6033508546736,-40.9747048587102,R6,1.11413751662082,0.143010118548277,0.856989881451723,0.58782290147146,0.232823545226558,3.42795952580689,0.509131891320062,0.45372552883479,2.31317390028352,0,0.123650959071357,0.561102117276097,0.243391258449041,4,1000.00008696779,B-R,1
32,2,9,0.560997674418605,0.259623255813954,4,0.449383801586999,0.467931695167376,36.8830880499963,-28.5295507450859,R6,1.20924406558148,0.226874217500233,0.773125782499767,0.609458113393169,0.24272120145603,3.09250312999907,0.519379725611916,0.465405338848904,2.10051628226649,0,0.0881156839763498,0.560840266718034,0.259211011897858,4,1000.00008696779,B-R,1
32,3,8,0.560646511627907,0.275402325581395,4,0.432636433788561,0.478171939773523,37.4335836560018,-19.6738261328687,R6,1.3221032755353,0.301128394200785,0.698871605799215,0.635131770479369,0.254466361748986,2.79548642319686,0.531120703519108,0.478786936114281,1.91222693626158,0,0.056652368577003,0.560578274673167,0.275039313299961,4,1053.931201328,B-R,1
32,4,7,0.560295348837209,0.291181395348837,4,0.41707369640126,0.487687837406227,37.7546558790082,-11.08830283499,R6,1.45819739466545,0.367334928755256,0.632665071244744,0.666090996114789,0.268629558928606,2.53066028497898,0.544706801085832,0.494271479862092,1.74434432485259,0,0.0285990364851856,0.560316141026791,0.290876169585352,4,1130.35883106147,B-R,1
32,5,6,0.559944186046512,0.306960465116279,4,0.402574190215201,0.496553618094905,38.4344311055469,-2.17768809657483,R6,1.62552501509158,0.426734869975958,0.573265130024042,0.704155341502531,0.286043199553484,2.29306052009617,0.560610055887308,0.512396967589282,1.59372146992175,0,0.00342982488828814,0.560053865664076,0.306721587691521,4,1207.89459001536,B-R,1
32,6,5,0.559593023255814,0.322739534883721,4,0.389032555861033,0.504833704244719,27.0427788652719,-17.4795931459292,R5,1.50959063060722,0.356040682900413,0.643959317099587,0.676897231138127,0.3137399273283,2.57583726839835,0.500378222084349,0.521828712803655,1.55080842389671,0.0815892796003707,0,0.559733318550432,0.322520717624349,4,1286.80708079461,R-G,1
32,7,4,0.559241860465116,0.338518604651163,4,0.376356909439207,0.512584278631259,15.6194724731736,-35.2715205649708,R4,1.3705833970611,0.27188641034198,0.72811358965802,0.644417437903122,0.337821390771576,2.91245435863208,0.447122289389695,0.52738612538281,1.5268962279469,0.168734902295603,0,0.559402880998571,0.338313280226574,4,1367.28886859458,R-G,1
32,8,3,0.558890697674419,0.354297674418605,4,0.364466754880513,0.51985456089599,6.16136644788671,-51.6306957024939,R4,1.2550179153191,0.195227959708468,0.804772040291532,0.617414936980474,0.357841830376621,3.21908816116613,0.40758356961228,0.531512106612254,1.50511394836645,0.248118256369166,0,0.559072396184183,0.354108101641158,4,1449.46120702535,R-G,1
32,9,2,0.558539534883721,0.370076744186047,4,0.353291272747064,0.526687853865695,-1.73197535525764,-64.1724478116797,R4,1.15742557309326,0.125106526381843,0.874893473618157,0.594611957481114,0.374748622647077,3.49957389447263,0.377066977348461,0.53469660240716,1.48518914356437,0.320732228134984,0,0.558741864097127,0.36990518235275,4,1533.37339453597,R-G,1
32,10,1,0.558188372093023,0.385855813953488,4,0.342767908591797,0.533122406705667,-8.38956065084574,-73.5665873254244,R4,1.07391602405637,0.0607201419965155,0.939279858003485,0.575099498908469,0.389215726991176,3.75711943201394,0.352800690184795,0.537228860555861,1.46689393652242,0.387407292748702,0,0.558411284727258,0.385704522846142,4,1618.99929243831,R-G,1
32,11,0,0.557837209302326,0.40163488372093,4,0.332841201430883,0.539192131254909,-14.1439477430776,-80.0143188601889,R4,1.00164613558832,0.00139286623181986,0.99860713376818,0.558213247922254,0.40173568464227,3.99442853507272,0.333042840358727,0.539290650061831,1.45003626073099,0.448843417524616,0,0.558080658064432,0.401506123606263,4,1706.23338839383,R-G,1
33,0,10,0.5745,0.234304651162791,4,0.49285216230694,0.452261960695122,23.4622083278734,-44.4692695580171,R6,1.03471695533276,0.0487448464387427,0.951255153561257,0.583009125752059,0.230621343676196,3.80502061424503,0.506806039236025,0.451074675035948,2.56366393396764,0,0.144004213127334,0.574199969066158,0.233833585367803,4,1000.00008696779,B-R,1
33,1,9,0.574148837209302,0.250083720930233,4,0.47326066870373,0.463814011263912,36.5529765172119,-31.607211407462,R6,1.11625142522139,0.141755653517876,0.858244346482124,0.602601238356162,0.239584324767679,3.4329773859285,0.516167735420486,0.461744522901391,2.32708970730186,0,0.105829240375639,0.573941695776546,0.249648331566985,4,1000.00008696779,B-R,1
33,2,8,0.573797674418605,0.265862790697674,4,0.455145901144907,0.474495315870883,39.7990094546858,-21.4713014295423,R6,1.21173468221331,0.223725998634082,0.776274001365918,0.625545138345301,0.250080678372979,3.10509600546367,0.526788398594154,0.473849258844568,2.11859704269252,0,0.0721856693807557,0.57368328295446,0.265471621702982,4,1000.00008696779,B-R,1
33,3,7,0.573446511627907,0.281641860465116,4,0.438346959345951,0.484400748764059,40.5861108641793,-13.5758027178167,R6,1.32508105964638,0.296511517373173,0.703488482626827,0.652781410230909,0.262540702202266,2.81395393050731,0.538940296154115,0.487699195403762,1.93346610631092,0,0.0423118807121039,0.573424730486795,0.281303462701475,4,1029.8523251299,B-R,1
33,4,6,0.573095348837209,0.297420930232558,4,0.422725498857121,0.493611884228267,40.0490412485541,-6.23773718628537,R6,1.46182062366253,0.361574057253005,0.638425942746995,0.685638886820866,0.277572309428123,2.55370377098798,0.552980302956721,0.503701075155238,1.76797866952427,0,0.0156078796925722,0.573166038260324,0.29714386149563,4,1104.21893953215,B-R,1
33,5,5,0.572744186046512,0.3132,4,0.408161912401307,0.50219924824491,34.6603775769612,-8.27919962821339,R5,1.50751061974297,0.365891695136195,0.634108304863805,0.696243944717825,0.299395711142991,2.53643321945522,0.535545421542377,0.518158912525022,1.65970617900726,0.0355732770077017,0,0.57288166808316,0.312970304902756,4,1179.48037190554,R-G,1
33,6,4,0.572393023255814,0.328979069767442,4,0.39455226159532,0.510224127690987,21.3075728686591,-28.4044380462675,R4,1.36886859791401,0.278824676703956,0.721175323296044,0.662025519047072,0.324766247245684,2.88470129318418,0.475154079993907,0.524460925919808,1.62987744707785,0.127452995474116,0,0.572552189031063,0.328761309313794,4,1255.90249203791,R-G,1
33,7,3,0.572041860465116,0.344758139534884,4,0.381805792480858,0.517740035296912,10.19672114018,-48.4987157371891,R4,1.25357995138136,0.199727515401929,0.800272484598071,0.633570971644942,0.345863276346253,3.20108993839228,0.430764958348898,0.529093060792405,1.6027791489698,0.210922316495815,0,0.572222662856145,0.344554572189132,4,1333.67704676161,R-G,1
33,8,2,0.571690697674419,0.360537209302326,4,0.369842909251752,0.524793904430632,0.996711334746925,-63.8690023809148,R4,1.15620244205342,0.127553798306987,0.872446201693013,0.609537096337991,0.36368269057149,3.48978480677205,0.396761843789522,0.532641385401913,1.57805278876659,0.287085494318642,0,0.571893089548296,0.360350094013322,4,1412.92901881386,R-G,1
33,9,1,0.571339534883721,0.376316279069767,4,0.358593510531156,0.53142707010553,-6.70401939355395,-75.5275271820839,R4,1.0728629459105,0.0614326182972421,0.938567381702758,0.588967962127565,0.378933244968934,3.75426952681103,0.369881388604053,0.535446439641366,1.5553999979753,0.35686157616174,0,0.571563469097402,0.376147875271053,4,1493.71849488586,R-G,1
33,10,0,0.570988372093023,0.392095348837209,4,0.347995614709574,0.537676079544689,-13.2820487294318,-83.9349779916442,R4,1.00072996308243,0.000633259704524941,0.999366740295475,0.571164722685795,0.392133084533394,3.9974669611819,0.348097783110972,0.537719622685229,1.53457043700493,0.421021668594272,0,0.571233801493349,0.391947916447152,4,1576.0393948327,R-G,1
34,0,9,0.5873,0.240544186046512,4,0.498564257969627,0.459450282064823,28.7488865834913,-31.4844252589216,R6,1.03653998193045,0.0498858017683322,0.950114198231668,0.596723661339862,0.236895456409001,3.80045679292667,0.513388164445573,0.458576550041648,2.57163409332675,0,0.124947770156018,0.587039106886665,0.240088583920471,4,1000.00008696779,B-R,1
34,1,8,0.586948837209302,0.256323255813953,4,0.478948237352528,0.470607518933967,40.4934401581792,-22.2135566839078,R6,1.11837337071891,0.140562261980731,0.859437738019269,0.617435761194504,0.24637080820558,3.43775095207707,0.523075749818368,0.469617825049353,2.34032802477248,0,0.0888751701118709,0.586784271104201,0.255906865119704,4,1000.00008696779,B-R,1
34,2,7,0.586597674418605,0.272102325581395,4,0.460796483699569,0.480931907302516,42.713791227484,-14.3472316940785,R6,1.214235579605,0.22072216237396,0.77927783762604,0.641698567270733,0.257470533716652,3.11711135050416,0.534053505104983,0.482129551183626,2.13584858907077,0,0.0569862320160251,0.58652929763031,0.271733693163134,4,1000.00008696779,B-R,1
34,3,6,0.586246511627907,0.287881395348837,4,0.443950942545577,0.490513345684578,43.485352447081,-7.61586428529523,R6,1.32807228781303,0.292094772714468,0.707905227285532,0.670510734314471,0.270651496568182,2.83162090914213,0.546597549464385,0.496426430968547,1.95378460177297,0,0.0285930236696773,0.586274186353365,0.287569074979607,4,1006.90627309171,B-R,1
34,4,5,0.585895348837209,0.303660465116279,4,0.428275516804376,0.499429243635195,42.0391222928373,-1.45201561675549,R6,1.46546190301231,0.356049931477169,0.643950068522831,0.705284162020782,0.286559611293515,2.57580027409132,0.56106884735902,0.512919868045425,1.79064174967538,0,0.00315060060416609,0.586018937161621,0.303413017505459,4,1079.38641004937,B-R,1
34,5,4,0.585544186046512,0.319439534883721,4,0.413652381773824,0.507746617708667,28.9291927486079,-18.0476837412992,R5,1.36715808433127,0.286177342830298,0.713822657169702,0.67958959470794,0.311743730664936,2.85529062867881,0.505107188578288,0.521335231297463,1.73900939475043,0.0837054565239475,0,0.585700039582357,0.319210397150111,4,1152.5702559978,R-G,1
34,6,3,0.585193023255814,0.335218604651163,4,0.399979018161212,0.51552377901991,15.8629636178081,-42.2779834243591,R4,1.25214527882904,0.204483164688665,0.795516835311335,0.649690026427175,0.333912140276207,3.18206734124534,0.455318479710446,0.52653082891376,1.70600299444043,0.17160935828857,0,0.585371471836425,0.335002101734675,4,1226.7231318356,R-G,1
34,7,2,0.584841860465116,0.350997674418605,4,0.387165805039212,0.522811702327472,5.05891171016518,-61.2228338035524,R4,1.15498189341761,0.130134095819485,0.869865904180515,0.624430723658118,0.352640122065823,3.47946361672206,0.417482539561199,0.530479120101057,1.67596419381112,0.25160983561557,0,0.585042857097252,0.350796064920008,4,1302.03703330366,R-G,1
34,8,1,0.584490697674419,0.366776744186046,4,0.375134053209329,0.529655144620744,-3.90782812843953,-75.6362810689435,R4,1.0718119310306,0.0621821563399265,0.937817843660073,0.602809253262361,0.368670909120347,3.75127137464029,0.38775640817731,0.533581128987647,1.64850998633486,0.324726926069322,0,0.584714195354758,0.366592287190695,4,1378.64053442444,R-G,1
34,9,0,0.584139534883721,0.382555813953488,4,0.3638143877452,0.536093565100006,0,0,,0,0,0,0,0,0,0,0,0,0,0,0,0,0,0,,0
35,0,8,0.6001,0.246783720930233,4,0.504158122968684,0.466489817409899,33.7969683569767,-18.5805583242045,R6,1.03836944370194,0.0509690626069486,0.949030937393051,0.610486608410115,0.24319171638088,3.79612374957221,0.519858684784763,0.465951225129268,2.57920122701493,0,0.106854951043125,0.599881240971949,0.246345042199805,4,1000.00008696779,B-R,1
35,1,7,0.599748837209302,0.262562790697674,4,0.484522601735994,0.477265809942509,44.4168769817737,-12.8056122545671,R6,1.12050339903405,0.139425589890437,0.860574410109563,0.632326791017926,0.25318314240542,3.44229764043825,0.529859386835037,0.477349370008309,2.35293715222389,0,0.0727268919601595,0.599629844308398,0.262166859618569,4,1000.00008696779,B-R,1
35,2,6,0.599397674418605,0.278341860465116,4,0.466338755596487,0.487245121817726,45.596057908126,-7.16797959354638,R6,1.21674682154353,0.217852998930199,0.782147001069802,0.657918812172982,0.264890955970025,3.12858800427921,0.541179178180766,0.4902509264301,2.15232668638717,0,0.0424682402627573,0.599378311795767,0.27799722679025,4,1000.00008696779,B-R,1
35,3,5,0.599046511627907,0.294120930232558,4,0.449451337501156,0.496512952762157,45.4362986978618,-1.89104266058739,R6,1.33107705128679,0.28786542330403,0.71213457669597,0.688320283587444,0.278798992277658,2.84853830678388,0.554097466901869,0.504974345415308,1.97324101672196,0,0.015456235281891,0.59912664332391,0.293836150646859,4,1000.00008696779,B-R,1
35,4,4,0.598695348837209,0.3099,4,0.433726475293214,0.505142771941441,38.3298949266851,-5.69439245132546,R6,1.36545184026744,0.293982677656225,0.706017322343775,0.697109829645229,0.298753718871843,2.8240692893751,0.537186157540631,0.5179876969174,1.85486007763921,0.0372645895718946,0,0.598846432894761,0.309660543559506,4,1055.73911489446,R-G,1
35,5,3,0.598344186046512,0.325679069767442,4,0.419048115417064,0.513198269656114,23.4422377015008,-32.0273709119447,R4,1.2507138863745,0.209517411444364,0.790482588555636,0.665772228148058,0.321988328137789,3.16193035422254,0.481369676325625,0.523812310235263,1.81527394312467,0.129993351644911,0,0.598518823367383,0.325450690101713,4,1127.01776658629,R-G,1
35,6,2,0.597993023255814,0.341458139534884,4,0.405315153784013,0.520734931925206,10.7060452986722,-55.5835745839905,R4,1.15376391901609,0.132858568182608,0.867141431817392,0.639292939132007,0.341620843216633,3.46856572726957,0.439311354971681,0.52820121926988,1.77934642620337,0.214151964485629,0,0.59819116698641,0.341243094896678,4,1199.09382150783,R-G,1
35,7,1,0.597641860465116,0.357237209302326,4,0.392439103724099,0.527801320316473,0.188019149282018,-73.4411186624791,R4,1.07076297335884,0.062971725175141,0.937028274824859,0.616623452090936,0.358428660295623,3.74811309929944,0.406482476629376,0.531627008890449,1.74659272646187,0.290876051532472,0,0.597863463741791,0.357037758428888,4,1272.16063514504,R-G,1
35,8,0,0.597290697674419,0.373016279069767,4,0.380342187276711,0.534440119447898,0,0,,0,0,0,0,0,0,0,0,0,0,0,0,0,0,0,,0
36,0,7,0.6129,0.253023255813954,4,0.509637390464422,0.473385138839336,38.4184010313059,-5.76759418638261,R6,1.04020537478114,0.0519988971803075,0.948001102819692,0.624298223750455,0.249510241066797,3.79200441127877,0.526220414907751,0.473201908257178,2.58639515078243,0,0.0896544671081697,0.612726372370988,0.252602960716848,4,1000.00008696779,B-R,1
36,1,6,0.612548837209302,0.268802325581395,4,0.489987108343859,0.483792881499078,48.313950312577,-3.39390962742483,R6,1.12264155643798,0.138341687471264,0.861658312528736,0.647274651308256,0.260021475353358,3.44663325011494,0.536521975584316,0.484942952084046,2.36496090460152,0,0.0573282929239222,0.612478416438963,0.268428315575189,4,1000.00008696779,B-R,1
36,2,5,0.612197674418605,0.284581395348837,4,0.471775801429243,0.493438473084075,48.3910846978306,0.0569347599420524,R6,1.21926847234467,0.215109650073667,0.784890349926333,0.674206288470996,0.272342135178566,3.13956139970533,0.548169393721578,0.498217916054365,2.16808220896956,0,0.0285868714051994,0.612230326501506,0.284262223096503,4,1000.00008696779,B-R,1
36,3,4,0.611846511627907,0.300360465116279,4,0.454850990114416,0.502402674190637,46.9071773921241,3.82484184854339,R6,1.33409544214688,0.283811790582348,0.716188209417652,0.706210603813077,0.286983439005947,2.86475283767061,0.561444848394607,0.513348409387498,1.9918890764186,0,0.00286524075798026,0.611982102449955,0.300104690215973,4,1000.00008696779,B-R,1
36,4,3,0.611495348837209,0.316139534883721,4,0.439081002958177,0.510755224401497,32.8939252486089,-16.4685603328041,R4,1.24928576278161,0.214855475769459,0.785144524230541,0.681817703049237,0.310091746331773,3.14057809692217,0.509059887889827,0.520922755545672,1.93113941044218,0.0858658125714706,0,0.611664717691327,0.315900337114212,4,1033.17103270728,R-G,1
36,5,2,0.611144186046512,0.331918604651163,4,0.424351544295867,0.518556660245221,18.2253030830394,-46.0733781584398,R4,1.15254851071353,0.135739646405019,0.864260353594981,0.654123842030103,0.330624780421925,3.45704141437992,0.462339623732016,0.52579815196809,1.88867119027926,0.174540971094345,0,0.611338019458129,0.331691183767246,4,1102.69652498085,R-G,1
36,6,1,0.610793023255814,0.347697674418605,4,0.410562919575213,0.525859784792941,5.82322873055822,-68.3303529042377,R4,1.06971606686112,0.0638046196924112,0.936195380307589,0.63041063807937,0.348206439576303,3.74478152123036,0.426121855147915,0.529577582212458,1.85005751996324,0.255167692046787,0,0.611011274500915,0.347484288809488,4,1172.86452900309,R-G,1
36,7,0,0.610441860465116,0.363476744186047,4,0.397627775926319,0.532710864362105,0,0,,0,0,0,0,0,0,0,0,0,0,0,0,0,0,0,,0
37,0,6,0.6257,0.259262790697674,4,0.515005546266582,0.480140633030482,42.5685816673349,6.94599243178499,R6,1.0420478095438,0.0529791628299684,0.947020837170031,0.638158765967829,0.255851148774015,3.78808334868013,0.532476075610977,0.480331700410874,2.59324281014247,0,0.0732818923324139,0.625574502133251,0.258862339982883,4,1000.00008696779,B-R,1
37,1,5,0.625348837209302,0.275041860465116,4,0.495344973049844,0.490192574799117,52.1721850151132,6.01225752078396,R6,1.12478788955574,0.137306963362211,0.862693036637789,0.662279668021126,0.266885956167269,3.45077214655116,0.543066727420243,0.492402231367466,2.37643912094862,0,0.0426283518714884,0.625329988546213,0.27469123350141,4,1000.00008696779,B-R,1
37,2,4,0.624997674418605,0.290820930232558,4,0.477110589764142,0.499515342602184,51.0138878882545,7.31913375034918,R6,1.22180059685845,0.212484017785023,0.787515982214977,0.69056141503462,0.279824262966453,3.15006392885991,0.555027977888707,0.506034880864339,2.18316166513071,0,0.0153011493956952,0.625085342798694,0.290528682594307,4,1000.00008696779,B-R,1
37,3,3,0.624646511627907,0.3066,4,0.460152642985018,0.50818550148617,42.0231972294828,-1.26670722193387,R6,1.24786089686554,0.220525716551441,0.779474283448559,0.697826576796421,0.298222301685945,3.11789713379423,0.538548816553085,0.517845499457817,2.05421494082097,0.0389923100386435,0,0.624809155050513,0.306351042596176,4,1000.00008696779,R-G,1
37,4,2,0.624295348837209,0.322379069767442,4,0.444341636244911,0.516269259640269,27.6975135284171,-31.5071086032159,R4,1.15133566040886,0.138791232881737,0.861208767118263,0.66892353120499,0.319651860389516,3.44483506847305,0.486669000347237,0.523259310250311,2.00446602327934,0.13258571600203,0,0.624483414754716,0.322140331355663,4,1011.58937289023,R-G,1
37,5,1,0.623944186046512,0.338158139534884,4,0.42956501690747,0.523824162311712,13.2811978510457,-59.4830125507973,R4,1.06867120552689,0.0646845065802507,0.935315493419749,0.644170890383261,0.338004188274121,3.741261973679,0.446743029944696,0.527425702216859,1.95935985449321,0.217444647115868,0,0.624157627874489,0.337931878156394,4,1079.49676307739,R-G,1
37,6,0,0.623593023255814,0.353937209302326,4,0.415724492698911,0.530900463793776,0,0,,0,0,0,0,0,0,0,0,0,0,0,0,0,0,0,,0
38,0,5,0.6385,0.265502325581395,4,0.5202659362295,0.486760510535407,46.3824279236632,5.26102788864345,R8,1.04389678260964,0.0539133542940042,0.946086645705996,0.652068495504639,0.262214558649475,3.78434658282398,0.538628297713052,0.487343600025018,2.59976861763658,0,0.0576788569663482,0.638425631308695,0.26512318050943,4,1000.00008696779,B-R,1
38,1,4,0.638148837209302,0.281281395348837,4,0.500599287422626,0.496468582562104,55.9726852766268,15.4048075433285,R6,1.1269424453696,0.136318144864265,0.863681855135735,0.677342169609671,0.27377673510758,3.45472742054294,0.549496741098289,0.499730739617002,2.3874081053843,0,0.028580574783696,0.638184561680953,0.280955613909319,4,1000.00008696779,B-R,1
38,2,3,0.637797674418605,0.297060465116279,4,0.482345978544852,0.505478985862185,53.3962263124042,14.6116388887164,R6,1.22434326047475,0.209968684416502,0.790031315583498,0.706984614220504,0.287337532553006,3.16012526233399,0.56175861408816,0.513706018964827,2.1976076556928,0,0.00257354087262398,0.637943361738985,0.296796605796315,4,1000.00008696779,B-R,1
38,3,2,0.637446511627907,0.312839534883721,4,0.465358940055551,0.513864318553782,35.217046658478,-18.6297537668485,R4,1.15012536003507,0.142028925731846,0.857971074268154,0.683692105093595,0.308702010135405,3.43188429707262,0.512412960321614,0.520572852615268,2.1273228080188,0.0880717458185591,0,0.637627353118424,0.312590537485917,4,1000.00008696779,R-G,1
38,4,1,0.637095348837209,0.328618604651163,4,0.449510823416483,0.521687443852373,22.054446558782,-47.1645467386654,R4,1.06762838336905,0.0656154782912949,0.934384521708705,0.657904287849246,0.327821847929889,3.73753808683482,0.468421510191688,0.525163489300369,2.0750081074731,0.177531462625317,0,0.637302524104817,0.328380526293541,4,1000.00008696779,R-G,1
38,5,0,0.636744186046512,0.344397674418605,4,0.434690802749126,0.529003068872614,0,0,,0,0,0,0,0,0,0,0,0,0,0,0,0,0,0,,0
39,0,4,0.6513,0.271741860465116,4,0.525421773206321,0.493248814532356,49.8750020575555,2.93599691920829,R8,1.04575232884452,0.0548046453361612,0.945195354663839,0.666027674655051,0.268600590687263,3.78078141865535,0.544679625743765,0.494240507187929,2.60599474363566,0,0.042792352231904,0.651279760947769,0.271385482808249,4,1000.00008696779,B-R,1
39,1,3,0.650948837209302,0.287520930232558,4,0.505753024674405,0.502624456136801,59.6834810816947,24.7770489942643,R6,1.12910527122251,0.135372243363748,0.864627756636252,0.692462487048492,0.280693963588239,3.45851102654501,0.555815007667476,0.506931885834334,2.3979010106631,0,0.0151425035361506,0.651042136894482,0.287221457311242,4,1000.00008696779,B-R,1
39,2,2,0.650597674418605,0.3033,4,0.487484720197742,0.51133253815921,47.8847173892692,7.71326108106913,R6,1.14891760155904,0.145470285472073,0.854529714527927,0.698429661719365,0.29777515698216,3.41811885811171,0.539698569878478,0.517725519330343,2.25790789202448,0.040757626796459,0,0.650769834791452,0.303041801982039,4,1000.00008696779,R-G,1
39,3,1,0.650246511627907,0.319079069767442,4,0.470472431008112,0.519441906482991,28.3794167427773,-38.3704817204947,R4,1.06658759442388,0.0666021166878398,0.93339788331216,0.671610909016503,0.317659360312376,3.73359153324864,0.491240751923759,0.52278223458128,2.19757145234132,0.135231702192663,0,0.650445963434151,0.318830233044905,4,1000.00008696779,R-G,1
39,4,0,0.649895348837209,0.334858139534884,4,0.454590928352579,0.527012254784344,0,0,,0,0,0,0,0,0,0,0,0,0,0,0,0,0,0,,0
40,0,3,0.6641,0.277981395348837,4,0.53047614359264,0.499609429060521,52.8899957918008,0.656212018041273,R8,1.04709072404567,0.0550712426981844,0.944928757301816,0.679861265338087,0.275042058061893,3.77971502920726,0.550407803855347,0.501009443314061,2.61237878429166,0.000383823079932024,0.0286648201414304,0.664136584821443,0.277649056171404,4,1000.00008696779,,1
40,1,2,0.663748837209302,0.293760465116279,4,0.510809045271099,0.508663612202346,63.2473607069828,34.1246594781673,R6,1.13127641482156,0.134466524162144,0.865533475837856,0.707640953857897,0.287637794187799,3.46213390335142,0.56202441510964,0.514008961551916,2.40794817285327,0,0.00227528728289997,0.663902715238588,0.293488764219744,4,1000.00008696779,B-R,1
40,2,1,0.663397674418605,0.309539534883721,4,0.492529466457058,0.517079020089765,40.3172236215411,-14.476460064895,R4,1.06554883275086,0.0676495684561236,0.932350431543876,0.685290832118247,0.3075166674172,3.72940172617551,0.515293231734945,0.520272287856115,2.32768922675454,0.0903247139603548,0,0.663587946104689,0.309280998234499,4,1000.00008696779,R-G,1
40,3,0,0.663046511627907,0.325318604651163,4,0.475495575427864,0.524920948089245,0,0,,0,0,0,0,0,0,0,0,0,0,0,0,0,0,0,,0
41,0,2,0.6769,0.284220930232558,4,0.535432013487573,0.505846086773367,55.553024504579,-0.835850115586979,R8,1.0329558654982,0.0382106522008824,0.961789347799118,0.688352163260626,0.282369500365488,3.84715739119647,0.549392890283675,0.507075534124219,2.63128707664108,0.0119865023113804,0.0178123994332981,0.676986930542021,0.283908230706627,4,1000.00008696779,,1
41,1,1,0.676548837209302,0.3,4,0.51577010222643,0.51458933909177,56.7188769913261,24.465510100314,R6,1.06451209243262,0.0687636349089581,0.931236365091042,0.698944135083224,0.297393711465722,3.72494546036417,0.54068169938915,0.517622926886026,2.46608208815448,0.0425617805229471,0,0.676728472358574,0.299732821686377,4,1000.00008696779,R-G,1
41,2,0,0.676197674418605,0.315779069767442,4,0.497482772927725,0.522721342749231,0,0,,0,0,0,0,0,0,0,0,0,0,0,0,0,0,0,,0
42,0,1,0.6897,0.290460465116279,4,0.540292234498099,0.511962376243035,58.0607433593724,-2.42385385497748,R8,1.020851656138,0.023937590855644,0.976062409144356,0.697212851706523,0.289419143107192,3.90424963657742,0.54913740059429,0.512891393156319,2.6479891410467,0.0218676051634138,0.00713723463731871,0.689840812169562,0.290169265890527,4,1000.00008696779,,1
42,1,0,0.689348837209302,0.306239534883721,4,0.520638846100478,0.520404802762502,0,0,,0,0,0,0,0,0,0,0,0,0,0,0,0,0,0,,0
43,0,0,0.7025,0.2967,4,0.545059549210537,0.51796174884587,0,0,,0,0,0,0,0,0,0,0,0,0,0,0,0,0,0,,0
