GridI,GridJ,GridK,Target_x,Target_y,Target_Y_lm,Target_u1976,Target_v1976,Best_Ra,Best_Rmin_8,Best_Worst_R,Best_RayT,Best_SingleWhiteRatio,Best_RGBWhiteRatio,Best_RGBPoint_x,Best_RGBPoint_y,Best_RGBPoint_Y_lm,Best_RGBPoint_u1976,Best_RGBPoint_v1976,Best_R_weight,Best_G_weight,Best_B_weight,Mix_x,Mix_y,Mix_Y_lm,Mix_CCT_K,BoundaryEdge,Valid
0,0,43,0.1521,0.0284,4,0.200355660936574,0.0841730883224659,0,0,,0,0,0,0,0,0,0,0,0,0,0,0,0,0,0,,0
0,1,42,0.151748837209302,0.0441790697674419,4,0.18811929713289,0.123227336283569,-33.9645690936382,-130.648131061713,R3,1,0,1,0.151748837209302,0.0441790697674418,4,0.18811929713289,0.123227336283568,0.156602132235841,0.196533003373394,3.77622359702887,0.151935868781291,0.0431459432064432,4,24999.9994413748,,1
0,2,41,0.151397674418605,0.0599581395348837,4,0.177244208001459,0.157936865548312,-21.0658533091534,-90.6575047078436,R3,1,0,1,0.151397674418605,0.0599581395348837,4,0.177244208001459,0.157936865548312,0.089527742971487,0.426866351409445,2.71695714761177,0.151555496372521,0.0585924491355532,4,24999.9994413748,,1
0,3,40,0.151046511627907,0.0757372093023256,4,0.16751520403584,0.188988486714845,-10.2871579982566,-71.072294109042,R4,1,0,1,0.151046511627907,0.0757372093023256,4,0.16751520403584,0.188988486714845,0.0504018740595524,0.561224524180682,2.09906527118543,0.151174650388257,0.0740581864455511,4,24999.9994413748,,1
0,4,39,0.150695348837209,0.0915162790697674,4,0.158760181450008,0.21693149563954,-2.07276157455489,-61.919119859405,R4,1,0,1,0.150695348837209,0.0915162790697674,4,0.158760181450008,0.21693149563954,0.0247680269288486,0.64925111521514,1.69424497341088,0.150793329943525,0.089543191074311,4,24999.9994413748,,1
0,5,38,0.150344186046512,0.107295348837209,4,0.150839852818681,0.242210449686995,3.88875518607304,-54.0111478530999,R4,1,0,1,0.150344186046512,0.107295348837209,4,0.150839852818681,0.242210449686995,0.00667371001388387,0.711386971257346,1.40849204977858,0.150411534151141,0.105047499049306,4,24999.9994413748,,1
0,6,37,0.149993023255814,0.123074418604651,4,0.143640281280796,0.265188995974544,0,0,,0,0,0,0,0,0,0,0,0,0,0,0,0,0,0,,0
0,7,36,0.149641860465116,0.138853488372093,4,0.137067364223514,0.286167477548099,0,0,,0,0,0,0,0,0,0,0,0,0,0,0,0,0,0,,0
0,8,35,0.149290697674419,0.154632558139535,4,0.131042697321887,0.305396133939334,0,0,,0,0,0,0,0,0,0,0,0,0,0,0,0,0,0,,0
0,9,34,0.148939534883721,0.170411627906977,4,0.125500432091145,0.323085130773708,0,0,,0,0,0,0,0,0,0,0,0,0,0,0,0,0,0,,0
0,10,33,0.148588372093023,0.186190697674419,4,0.120384859238854,0.339412272875865,0,0,,0,0,0,0,0,0,0,0,0,0,0,0,0,0,0,,0
0,11,32,0.148237209302326,0.20196976744186,4,0.115648529491808,0.354529001941325,0,0,,0,0,0,0,0,0,0,0,0,0,0,0,0,0,0,,0
0,12,31,0.147886046511628,0.217748837209302,4,0.111250777422343,0.368565107973139,0,0,,0,0,0,0,0,0,0,0,0,0,0,0,0,0,0,,0
0,13,30,0.14753488372093,0.233527906976744,4,0.107156550923854,0.381632465191857,0,0,,0,0,0,0,0,0,0,0,0,0,0,0,0,0,0,,0
0,14,29,0.147183720930233,0.249306976744186,4,0.103335474964549,0.39382802021025,0,0,,0,0,0,0,0,0,0,0,0,0,0,0,0,0,0,,0
0,15,28,0.146832558139535,0.265086046511628,4,0.0997610966800023,0.405236201437212,0,0,,0,0,0,0,0,0,0,0,0,0,0,0,0,0,0,,0
0,16,27,0.146481395348837,0.28086511627907,4,0.0964102721091039,0.415930876404838,0,0,,0,0,0,0,0,0,0,0,0,0,0,0,0,0,0,,0
0,17,26,0.14613023255814,0.296644186046512,4,0.0932626645076163,0.425976952978317,0,0,,0,0,0,0,0,0,0,0,0,0,0,0,0,0,0,,0
0,18,25,0.145779069767442,0.312423255813953,4,0.0903003312524714,0.435431697814771,0,0,,0,0,0,0,0,0,0,0,0,0,0,0,0,0,0,,0
0,19,24,0.145427906976744,0.328202325581395,4,0.0875073816074132,0.444345828657149,0,0,,0,0,0,0,0,0,0,0,0,0,0,0,0,0,0,,0
0,20,23,0.145076744186047,0.343981395348837,4,0.0848696915628918,0.452764424466818,0,0,,0,0,0,0,0,0,0,0,0,0,0,0,0,0,0,,0
0,21,22,0.144725581395349,0.359760465116279,4,0.082374664945895,0.460727687878487,0,0,,0,0,0,0,0,0,0,0,0,0,0,0,0,0,0,,0
0,22,21,0.144374418604651,0.375539534883721,4,0.0800110322713268,0.468271587197152,0,0,,0,0,0,0,0,0,0,0,0,0,0,0,0,0,0,,0
0,23,20,0.144023255813953,0.391318604651163,4,0.0777686805569508,0.475428399570031,0,0,,0,0,0,0,0,0,0,0,0,0,0,0,0,0,0,,0
0,24,19,0.143672093023256,0.407097674418605,4,0.0756385086802654,0.482227172637467,0,0,,0,0,0,0,0,0,0,0,0,0,0,0,0,0,0,,0
0,25,18,0.143320930232558,0.422876744186046,4,0.0736123039141325,0.488694118588576,0,0,,0,0,0,0,0,0,0,0,0,0,0,0,0,0,0,,0
0,26,17,0.14296976744186,0.438655813953488,4,0.0716826361094998,0.49485295189345,0,0,,0,0,0,0,0,0,0,0,0,0,0,0,0,0,0,,0
0,27,16,0.142618604651163,0.45443488372093,4,0.0698427666509502,0.500725179885611,0,0,,0,0,0,0,0,0,0,0,0,0,0,0,0,0,0,,0
0,28,15,0.142267441860465,0.470213953488372,4,0.0680865698336707,0.506330353699574,0,0,,0,0,0,0,0,0,0,0,0,0,0,0,0,0,0,,0
0,29,14,0.141916279069767,0.485993023255814,4,0.0664084647286649,0.511686285733563,0,0,,0,0,0,0,0,0,0,0,0,0,0,0,0,0,0,,0
0,30,13,0.14156511627907,0.501772093023256,4,0.0648033559394028,0.516809238733826,0,0,,0,0,0,0,0,0,0,0,0,0,0,0,0,0,0,,0
0,31,12,0.141213953488372,0.517551162790698,4,0.0632665819250245,0.521714090729125,0,0,,0,0,0,0,0,0,0,0,0,0,0,0,0,0,0,,0
0,32,11,0.140862790697674,0.533330232558139,4,0.0617938697861327,0.526414479338877,0,0,,0,0,0,0,0,0,0,0,0,0,0,0,0,0,0,,0
0,33,10,0.140511627906977,0.549109302325581,4,0.0603812955895271,0.530922928402894,0,0,,0,0,0,0,0,0,0,0,0,0,0,0,0,0,0,,0
0,34,9,0.140160465116279,0.564888372093023,4,0.0590252494560861,0.535250959408817,0,0,,0,0,0,0,0,0,0,0,0,0,0,0,0,0,0,,0
0,35,8,0.139809302325581,0.580667441860465,4,0.0577224047577441,0.539409189804724,0,0,,0,0,0,0,0,0,0,0,0,0,0,0,0,0,0,,0
0,36,7,0.139458139534884,0.596446511627907,4,0.0564696908701824,0.543407419963133,0,0,,0,0,0,0,0,0,0,0,0,0,0,0,0,0,0,,0
0,37,6,0.139106976744186,0.612225581395349,4,0.055264269011413,0.547254710295899,0,0,,0,0,0,0,0,0,0,0,0,0,0,0,0,0,0,,0
0,38,5,0.138755813953488,0.628004651162791,4,0.0541035107660682,0.550959449797265,0,0,,0,0,0,0,0,0,0,0,0,0,0,0,0,0,0,,0
0,39,4,0.138404651162791,0.643783720930233,4,0.0529849789534412,0.554529417106472,0,0,,0,0,0,0,0,0,0,0,0,0,0,0,0,0,0,,0
0,40,3,0.138053488372093,0.659562790697674,4,0.0519064105461921,0.557971835025351,0,0,,0,0,0,0,0,0,0,0,0,0,0,0,0,0,0,,0
0,41,2,0.137702325581395,0.675341860465116,4,0.0508657013877853,0.561293419294983,0,0,,0,0,0,0,0,0,0,0,0,0,0,0,0,0,0,,0
0,42,1,0.137351162790698,0.691120930232558,4,0.049860892491487,0.564500422324571,0,0,,0,0,0,0,0,0,0,0,0,0,0,0,0,0,0,,0
0,43,0,0.137,0.7069,4,0.0488901577332096,0.567598672471629,0,0,,0,0,0,0,0,0,0,0,0,0,0,0,0,0,0,,0
1,0,42,0.1649,0.0346395348837209,4,0.213748166815633,0.101026733970093,0,0,,0,0,0,0,0,0,0,0,0,0,0,0,0,0,0,,0
1,1,41,0.164548837209302,0.0504186046511628,4,0.200918895281149,0.138515796707197,-29.1915780580896,-163.377454844184,R3,1.00439737459537,0.0292288133252909,0.970771186674708,0.163835358067977,0.0491601578535878,3.88308474669883,0.200886258136679,0.135624572274356,0.658770439370856,0.162601262358878,3.22463381072922,0.164452974061484,0.049268535149901,4,24999.9994413748,,1
1,2,40,0.164197674418605,0.0661976744186046,4,0.189496567966344,0.171893556633588,4.21759372383489,-94.6865870888334,R3,1,0,1,0.164197674418605,0.0661976744186046,4,0.189496567966344,0.171893556633588,0.50338964941894,0.394917338195129,2.40065103328084,0.164077830642891,0.0647251135603264,4,24999.9994413748,,1
1,3,39,0.163846511627907,0.0819767441860465,4,0.179261773483995,0.20180116685283,20.4364559927272,-51.5411687715663,R3,1,0,1,0.163846511627907,0.0819767441860465,4,0.179261773483995,0.20180116685283,0.387580707345155,0.525198662090164,1.8906723735974,0.163704576602456,0.0802031032565994,4,24999.9994413748,,1
1,4,38,0.163495348837209,0.0977558139534884,4,0.170038468654879,0.228753052036081,29.1295131049253,-21.397581200157,R3,1,0,1,0.163495348837209,0.0977558139534884,4,0.170038468654879,0.228753052036081,0.309157927848775,0.613421759144338,1.54532819498697,0.163330857305949,0.0957003860560355,4,24999.9994413748,,1
1,5,37,0.163144186046512,0.11353488372093,4,0.161683768011727,0.253166745028625,34.2896257022184,-7.42237924478825,R4,1,0,1,0.163144186046512,0.11353488372093,4,0.161683768011727,0.253166745028625,0.252533532575377,0.677122377152523,1.29597583333156,0.162956671882922,0.111216998054016,4,24999.9994413748,,1
1,6,36,0.162793023255814,0.129313953488372,4,0.154080488296103,0.275384672952327,37.2340090606358,-5.38274480392218,R4,1,0,1,0.162793023255814,0.129313953488372,4,0.154080488296103,0.275384672952327,0.209727913380747,0.725277317858828,1.10747612067648,0.162582019460759,0.126752975436019,4,24999.9994413748,,1
1,7,35,0.162441860465116,0.145093023255814,4,0.147131618026519,0.295690317960168,38.6447942937159,-3.75548072521755,R4,1,0,1,0.162441860465116,0.145093023255814,4,0.147131618026519,0.295690317960168,0.176232636428002,0.762958423889952,0.959975624253646,0.162206899164661,0.142308354477903,4,24999.9994413748,,1
1,8,34,0.162090697674419,0.160872093023256,4,0.140756156150698,0.314320377320768,39.0881907061246,-2.42264109729769,R4,1,0,1,0.162090697674419,0.160872093023256,4,0.140756156150698,0.314320377320768,0.149308099023486,0.793247659898056,0.841410172810325,0.161831310117644,0.157883171546183,4,24999.9994413748,,1
1,9,33,0.161739534883721,0.176651162790698,4,0.134885940039488,0.331474032497682,39.0065533253147,-1.30406729249366,R4,1,0,1,0.161739534883721,0.176651162790698,4,0.134885940039488,0.331474032497682,0.127193540194263,0.818125825176435,0.744026042800466,0.161455251440531,0.173477463098323,4,24999.9994413748,,1
1,10,32,0.161388372093023,0.19243023255814,4,0.129463198867988,0.347320098538066,38.667113295026,-0.344473752165541,R4,1,0,1,0.161388372093023,0.19243023255814,4,0.129463198867988,0.347320098538066,0.108705720905949,0.838924025468076,0.662612698266875,0.161078722251945,0.189091265683012,4,24999.9994413748,,1
1,11,31,0.161037209302326,0.208209302325581,4,0.124438645957442,0.36200259853684,38.2096173525081,0.494746245780931,R4,1,0,1,0.161037209302326,0.208209302325581,4,0.124438645957442,0.36200259853684,0.0930200875636025,0.856569856967607,0.593539117894134,0.160701721668302,0.204724615940455,4,24999.9994413748,,1
1,12,30,0.160686046511628,0.223988372093023,4,0.119769976468957,0.37564515360181,37.7042744384868,1.24078840234226,R4,1,0,1,0.160686046511628,0.223988372093023,4,0.119769976468957,0.37564515360181,0.0795444323602342,0.871729534353567,0.534197443098489,0.160324248803804,0.220377550602656,4,24999.9994413748,,1
1,13,29,0.16033488372093,0.239767441860465,4,0.11542067339887,0.388354471914928,37.1861036809834,1.52065649105016,R1,1,0,1,0.16033488372093,0.239767441860465,4,0.11542067339887,0.388354471914928,0.067842440019229,0.884893898236836,0.48266630687682,0.159946302770432,0.236050106493711,4,24999.9994413748,,1
1,14,28,0.159983720930233,0.255546511627907,4,0.111359050502745,0.400223145452471,36.6721209496943,-0.906367033077103,R1,1,0,1,0.159983720930233,0.255546511627907,4,0.111359050502745,0.400223145452471,0.0575855588041052,0.896432558722043,0.437498891986798,0.159567882677941,0.251742320530089,4,24999.9994413748,,1
1,15,27,0.159632558139535,0.271325581395349,4,0.107557479054011,0.411331909512699,36.1696204873198,-3.06002918488888,R1,1,0,1,0.159632558139535,0.271325581395349,4,0.107557479054011,0.411331909512699,0.0485216653158113,0.906629146499748,0.397584942598256,0.15918898763385,0.267454229720928,4,24999.9994413748,,1
1,16,26,0.159281395348837,0.287104651162791,4,0.103991758519145,0.421751481697702,35.680033990371,-4.98379459066842,R1,1,0,1,0.159281395348837,0.287104651162791,4,0.103991758519145,0.421751481697702,0.040454062254281,0.91570493968717,0.362058278400289,0.158809616743435,0.283185871168324,4,24999.9994413748,,1
1,17,25,0.15893023255814,0.302883720930233,4,0.100640600839408,0.431544068919814,35.2004889742654,-6.71244214174425,R1,1,0,1,0.15893023255814,0.302883720930233,4,0.100640600839408,0.431544068919814,0.0332270409920824,0.923835105467088,0.330233217651082,0.158429769109726,0.298937282067624,4,24999.9994413748,,1
1,18,24,0.158579069767442,0.318662790697674,4,0.0974852050914929,0.440764610307221,34.7241081592403,-8.2741129578538,R1,1,0,1,0.158579069767442,0.318662790697674,4,0.0974852050914929,0.440764610307221,0.0267157334940004,0.931160116350939,0.301559888880468,0.158049443833495,0.314708499707716,4,24999.9994413748,,1
1,19,23,0.158227906976744,0.334441860465116,4,0.0945089045729264,0.449461808473547,34.2398184533927,-9.6918111277603,R1,1,0,1,0.158227906976744,0.334441860465116,4,0.0945089045729264,0.449461808473547,0.0208188369739378,0.937793934705107,0.275592193038142,0.157668640013252,0.330499561471326,4,24999.9994413748,,1
1,20,22,0.157876744186047,0.350220930232558,4,0.0916968723217596,0.457678990033653,32.6795781537563,-12.0932266811579,R1,1,0,1,0.157876744186047,0.350220930232558,4,0.0916968723217596,0.457678990033653,0.0154533052785854,0.943829984773036,0.251964426360666,0.157287356745238,0.346310504835315,4,21780.7413896273,,1
1,21,21,0.157525581395349,0.366,4,0.0890358740857971,0.465454827464733,30.7321593258324,-14.793403737754,R1,1,0,1,0.157525581395349,0.366,4,0.0890358740857971,0.465454827464733,0.0105504134682625,0.949345579894836,0.230373950278013,0.156905593123414,0.362141367370971,4,18641.4215011415,,1
1,22,20,0.157174418604651,0.381779069767442,4,0.0865140600548513,0.47282394769602,28.9070737680589,-17.2694193126327,R1,1,0,1,0.157174418604651,0.381779069767442,4,0.0865140600548513,0.47282394769602,0.00605279831170918,0.954405251855166,0.210568158875051,0.15652334823946,0.377992186744308,4,16550.8682153157,,1
1,23,19,0.156823255813954,0.397558139534884,4,0.0841207884405957,0.479817447635015,27.1833779920105,-19.5473988313763,R1,1,0,1,0.156823255813954,0.397558139534884,4,0.0841207884405957,0.479817447635015,0.00191220355687831,0.959063287380855,0.192334549919228,0.156140621182763,0.393863000716369,4,15054.1539999718,,1
1,24,18,0.156472093023256,0.413337209302326,4,0.0818464753635212,0.486463332820396,0,0,,0,0,0,0,0,0,0,0,0,0,0,0,0,0,0,,0
1,25,17,0.156120930232558,0.429116279069767,4,0.0796824665813644,0.492786892250865,0,0,,0,0,0,0,0,0,0,0,0,0,0,0,0,0,0,,0
1,26,16,0.15576976744186,0.444895348837209,4,0.0776209274391908,0.498811019967564,0,0,,0,0,0,0,0,0,0,0,0,0,0,0,0,0,0,,0
1,27,15,0.155418604651163,0.460674418604651,4,0.0756547480910846,0.504556492010573,0,0,,0,0,0,0,0,0,0,0,0,0,0,0,0,0,0,,0
1,28,14,0.155067441860465,0.476453488372093,4,0.0737774615768896,0.510042205811003,0,0,,0,0,0,0,0,0,0,0,0,0,0,0,0,0,0,,0
1,29,13,0.154716279069767,0.492232558139535,4,0.0719831727648082,0.515285387831416,0,0,,0,0,0,0,0,0,0,0,0,0,0,0,0,0,0,,0
1,30,12,0.15436511627907,0.508011627906977,4,0.0702664965148339,0.520301774261589,0,0,,0,0,0,0,0,0,0,0,0,0,0,0,0,0,0,,0
1,31,11,0.154013953488372,0.523790697674419,4,0.0686225036965963,0.525105768762493,0,0,,0,0,0,0,0,0,0,0,0,0,0,0,0,0,0,,0
1,32,10,0.153662790697674,0.53956976744186,4,0.0670466739218119,0.529710580589189,0,0,,0,0,0,0,0,0,0,0,0,0,0,0,0,0,0,,0
1,33,9,0.153311627906977,0.555348837209302,4,0.0655348540367299,0.534128345882152,0,0,,0,0,0,0,0,0,0,0,0,0,0,0,0,0,0,,0
1,34,8,0.152960465116279,0.571127906976744,4,0.0640832215719793,0.538370234472317,0,0,,0,0,0,0,0,0,0,0,0,0,0,0,0,0,0,,0
1,35,7,0.152609302325581,0.586906976744186,4,0.0626882524725377,0.542446544178968,0,0,,0,0,0,0,0,0,0,0,0,0,0,0,0,0,0,,0
1,36,6,0.152258139534884,0.602686046511628,4,0.0613466925342675,0.546366784276484,0,0,,0,0,0,0,0,0,0,0,0,0,0,0,0,0,0,,0
1,37,5,0.151906976744186,0.61846511627907,4,0.060055532059651,0.550139749554089,0,0,,0,0,0,0,0,0,0,0,0,0,0,0,0,0,0,,0
1,38,4,0.151555813953488,0.634244186046512,4,0.0588119833172471,0.553773586182717,0,0,,0,0,0,0,0,0,0,0,0,0,0,0,0,0,0,,0
1,39,3,0.151204651162791,0.650023255813953,4,0.0576134604495619,0.557275850427241,0,0,,0,0,0,0,0,0,0,0,0,0,0,0,0,0,0,,0
1,40,2,0.150853488372093,0.665802325581395,4,0.0564575615245726,0.560653561094616,0,0,,0,0,0,0,0,0,0,0,0,0,0,0,0,0,0,,0
1,41,1,0.150502325581395,0.681581395348837,4,0.0553420524687399,0.56391324648404,0,0,,0,0,0,0,0,0,0,0,0,0,0,0,0,0,0,,0
1,42,0,0.150151162790698,0.697360465116279,4,0.0542648526553554,0.567060986499974,0,0,,0,0,0,0,0,0,0,0,0,0,0,0,0,0,0,,0
2,0,41,0.1777,0.0408790697674419,4,0.226719698779183,0.117350609814897,0,0,,0,0,0,0,0,0,0,0,0,0,0,0,0,0,0,,0
2,1,40,0.177348837209302,0.0566581395348837,4,0.213339152182488,0.15335115355887,-59.4517445189889,-193.642227648882,R3,1.04324033627823,0.246238804706586,0.753761195293415,0.17088651867306,0.0445533593500191,3.01504478117366,0.214085339555329,0.125586251989912,0.831618572355051,0,2.75995999616285,0.177006504115202,0.0554164395600105,4,24999.9994413748,B-R,1
2,2,39,0.176997674418605,0.0724372093023256,4,0.201405437303762,0.185458976764372,-7.84056546931812,-110.771353235708,R3,1.07372462176141,0.319059765897561,0.680940234102439,0.165953554626137,0.0529619074747016,2.72376093640976,0.200934443934163,0.144282602245043,0.486649567162921,0.14481862058081,2.08204068567042,0.176659156577759,0.0709131483237631,4,24999.9994413748,,1
2,3,38,0.176646511627907,0.0882162790697674,4,0.19069592287608,0.214273071901988,22.2113035719067,-53.9328722700752,R3,1.05499033214236,0.198885553915366,0.801114446084633,0.168389521429991,0.0745575757570576,3.20445778433853,0.189312751705307,0.188598876825337,0.453090353974199,0.354854729640065,1.67635521817832,0.176282416043772,0.0863997808579012,4,24999.9994413748,,1
2,4,37,0.176295348837209,0.103995348837209,4,0.181031425634119,0.240275533999362,40.5393401303351,-14.9430564609262,R3,1.02864629751871,0.0901369018378764,0.909863098162123,0.171983947822051,0.0973320867957645,3.63945239264849,0.179898720387505,0.229075536991231,0.457915781294089,0.518707862767808,1.39823567815458,0.175900272223228,0.101892709900443,4,24999.9994413748,,1
2,5,36,0.175944186046512,0.119774418604651,4,0.172266104407978,0.26385875072009,51.4417814019282,13.0551470624696,R3,1.00158062129392,0.00443498295906985,0.99556501704093,0.175705740134666,0.119431699473632,3.98226006816372,0.172185877115414,0.263338106116248,0.467783298577386,0.643318923186958,1.19439299950726,0.175516540433043,0.11739509273968,4,24999.9994413748,,1
2,6,35,0.175593023255814,0.135553488372093,4,0.164280049563599,0.285345340575682,57.5699497311134,30.7667078145728,R3,1,0,1,0.175593023255814,0.135553488372093,4,0.164280049563599,0.285345340575682,0.406304946557708,0.695939113011704,1.02709223464226,0.175148498593669,0.132941561925959,4,24999.9994413748,,1
2,7,34,0.175241860465116,0.151332558139535,4,0.15697376479558,0.305002999737523,60.3529473680939,31.5933906844964,R4,1,0,1,0.175241860465116,0.151332558139535,4,0.15697376479558,0.305002999737523,0.353694101826599,0.735125625469551,0.894054702869047,0.17478102407683,0.148509314636913,4,24999.9994413748,,1
2,8,33,0.174890697674419,0.167111627906977,4,0.150264000519509,0.323055712351828,60.850938187924,29.9353553061144,R4,1,0,1,0.174890697674419,0.167111627906977,4,0.150264000519509,0.323055712351828,0.311018534489811,0.766911974075734,0.786140599331552,0.174413090111955,0.164096531482308,4,24999.9994413748,,1
2,9,32,0.174539534883721,0.182890697674419,4,0.144080567783253,0.339692322754908,60.0604823902826,28.4864927483938,R4,1,0,1,0.174539534883721,0.182890697674419,4,0.144080567783253,0.339692322754908,0.275706717884305,0.793213527460652,0.696847280670064,0.174044695836844,0.179703248988566,4,24999.9994413748,,1
2,10,31,0.174188372093023,0.19866976744186,4,0.138363873656443,0.355073166541513,58.7139418361806,27.2400961875379,R4,1,0,1,0.174188372093023,0.19866976744186,4,0.138363873656443,0.355073166541513,0.246004085051529,0.815337152304185,0.621737957118334,0.173675840387137,0.195329503773556,4,24999.9994413748,,1
2,11,30,0.173837209302326,0.214448837209302,4,0.133062994424705,0.3693352546621,57.192956017879,26.1755939782314,R4,1,0,1,0.173837209302326,0.214448837209302,4,0.133062994424705,0.3693352546621,0.220672470703573,0.834205080129655,0.557681668611521,0.173306522896309,0.210975332546889,4,24999.9994413748,,1
2,12,29,0.173486046511628,0.230227906976744,4,0.128134154479302,0.382596365991091,55.6641471940354,25.2691391556275,R4,1,0,1,0.173486046511628,0.230227906976744,4,0.128134154479302,0.382596365991091,0.198813148792856,0.850486715498797,0.502405798244847,0.172936742495664,0.226640772110198,4,24999.9994413748,,1
2,13,28,0.17313488372093,0.246006976744186,4,0.123539514623522,0.394958307405103,54.1925401767205,24.4975364816756,R4,1,0,1,0.17313488372093,0.246006976744186,4,0.123539514623522,0.394958307405103,0.179757973090211,0.864679718555002,0.454220798442213,0.172566498314324,0.24232585935743,4,24999.9994413748,,1
2,14,27,0.172783720930233,0.261786046511628,4,0.119246198773624,0.406509532457381,52.7977531384179,21.9917642408708,R1,1,0,1,0.172783720930233,0.261786046511628,4,0.119246198773624,0.406509532457381,0.162999886562863,0.877161764221251,0.411844469374794,0.172195789479229,0.258030631275136,4,24999.9994413748,,1
2,15,26,0.172432558139535,0.27756511627907,4,0.115225506071616,0.417327261199156,51.4775584259459,18.679042241861,R1,1,0,1,0.172432558139535,0.27756511627907,4,0.115225506071616,0.417327261199156,0.148147133241853,0.888224646902983,0.374286174084866,0.171824615115123,0.273755124942761,4,24999.9994413748,,1
2,16,25,0.172081395348837,0.293344186046512,4,0.111452268470508,0.427479208605299,50.2161158156909,15.7022317022703,R1,1,0,1,0.172081395348837,0.293344186046512,4,0.111452268470508,0.427479208605299,0.13489224783191,0.898097378179182,0.340768422224232,0.171452974344551,0.289499377532935,4,24999.9994413748,,1
2,17,24,0.17173023255814,0.309123255813953,4,0.107904323391496,0.437025003397399,48.9847021366552,13.0139986049366,R1,1,0,1,0.17173023255814,0.309123255813953,4,0.107904323391496,0.437025003397399,0.122990542797169,0.906962210420466,0.310672470148051,0.171080866287852,0.305263426311767,4,24999.9994413748,,1
2,18,23,0.171379069767442,0.324902325581395,4,0.104562078102664,0.446017360088822,47.7452240968136,10.575146790883,R1,1,0,1,0.171379069767442,0.324902325581395,4,0.104562078102664,0.446017360088822,0.112244864169802,0.914965991229375,0.283499772786516,0.170708290063153,0.321047308639141,4,24999.9994413748,,1
2,19,22,0.171027906976744,0.340681395348837,4,0.101408147731409,0.454503052917232,45.3262428935618,7.00014957226261,R1,1,0,1,0.171027906976744,0.340681395348837,4,0.101408147731409,0.454503052917232,0.102494583677317,0.922228362513072,0.258844147934903,0.170335244786357,0.336851061969005,4,20926.3481606241,,1
2,20,21,0.170676744186047,0.356460465116279,4,0.0984270527876444,0.462523729662564,42.8544043110668,3.49002803441437,R1,1,0,1,0.170676744186047,0.356460465116279,4,0.0984270527876444,0.462523729662564,0.0936075145151152,0.928847781916396,0.236371333592537,0.169961729571143,0.352674723849673,4,17922.2350430323,,1
2,21,20,0.170325581395349,0.372239534883721,4,0.0956049650880012,0.470116595241421,40.5371672978346,0.265660586241097,R1,1,0,1,0.170325581395349,0.372239534883721,4,0.0956049650880012,0.470116595241421,0.0854738832400641,0.934906012779564,0.215803744634088,0.169587743528954,0.368518331924122,4,15927.7469508183,,1
2,22,19,0.169974418604651,0.388018604651163,4,0.0929294932800339,0.477314988757145,38.3531763208438,-2.70514514573597,R1,1,0,1,0.169974418604651,0.388018604651163,4,0.0929294932800339,0.477314988757145,0.0780017724890977,0.940471518570731,0.19690894876975,0.169213285768991,0.384381923930287,4,14502.9982242725,,1
2,23,18,0.169623255813953,0.403797674418605,4,0.0903895009480376,0.484148872888602,36.2812061925857,-5.45021338601715,R1,1,0,1,0.169623255813953,0.403797674418605,4,0.0903895009480376,0.484148872888602,0.0711136321981856,0.945602061459764,0.179490844432248,0.168838355398207,0.400265537701364,4,13432.2504118098,,1
2,24,17,0.169272093023256,0.419576744186046,4,0.0879749516685895,0.490645250770372,34.3008097560521,-7.99360715728132,R1,1,0,1,0.169272093023256,0.419576744186046,4,0.0879749516685895,0.490645250770372,0.0647435780391876,0.950346714542879,0.163382829309014,0.1684629515213,0.416169211166107,4,12596.9919987412,,1
2,25,16,0.168920930232558,0.435355813953488,4,0.0856767764696724,0.496828522595781,32.3922758249028,-10.3562027014756,R1,1,0,1,0.168920930232558,0.435355813953488,4,0.0856767764696724,0.496828522595781,0.0588352773506874,0.954747436479924,0.148442454475851,0.168087073240703,0.432092982349135,4,11926.5695955213,,1
2,26,15,0.16856976744186,0.45113488372093,4,0.0834867600030638,0.50272079187166,30.5363476124767,-12.5561698820477,R1,1,0,1,0.16856976744186,0.45113488372093,4,0.0834867600030638,0.50272079187166,0.0533402787238763,0.958840315680893,0.134547200405242,0.167710719656582,0.448036889371232,4,11376.1767301758,,1
2,27,14,0.168218604651163,0.466913953488372,4,0.0813974424184045,0.508342129427492,28.7138129360397,-14.6093818449352,R1,1,0,1,0.168218604651163,0.466913953488372,4,0.0813974424184045,0.508342129427492,0.0482166802921403,0.962656562213341,0.121591109457851,0.167333889866824,0.464000970449649,4,10915.9864236091,,1
2,28,13,0.167867441860465,0.482693023255814,4,0.0794020344688188,0.513710801824917,26.904996765873,-16.5297669374298,R1,1,0,1,0.167867441860465,0.482693023255814,4,0.0794020344688188,0.513710801824917,0.043428059219594,0.966223305159102,0.109482078870245,0.166956582967031,0.479985263898416,4,10525.3475811409,,1
2,29,12,0.167516279069767,0.498472093023256,4,0.0774943438122974,0.518843469644857,25.089177204287,-18.3295794191317,R1,1,0,1,0.167516279069767,0.498472093023256,4,0.0774943438122974,0.518843469644857,0.0389426045110271,0.969564238529679,0.0981396678833438,0.166578798050516,0.495989808128641,4,10189.5008162252,,1
2,30,11,0.16716511627907,0.514251162790698,4,0.0756687108233279,0.523755360187211,23.2438531717535,-20.0196441371179,R1,1,0,1,0.16716511627907,0.514251162790698,4,0.0756687108233279,0.523755360187211,0.0347324094728558,0.972700148267614,0.0874933085818564,0.166200534208291,0.512014641648823,4,9897.60741529973,,1
2,31,10,0.166813953488372,0.53003023255814,4,0.0739199525131547,0.52846041835416,21.3438337331124,-21.6095564720835,R1,1,0,1,0.166813953488372,0.53003023255814,4,0.0739199525131547,0.52846041835416,0.0307728905552565,0.975649345114473,0.0774808363149883,0.165821790529061,0.528059803065157,4,9641.52350282373,,1
2,32,9,0.166462790697674,0.545809302325581,4,0.0722433133882618,0.532971438866093,19.3600654565612,-23.1078477852678,R1,1,0,1,0.166462790697674,0.545809302325581,4,0.0722433133882618,0.532971438866093,0.0270423070001739,0.978428022394859,0.0680472750258934,0.165442566099221,0.544125331081849,4,9415.00932033601,,1
2,33,8,0.166111627906977,0.561588372093023,4,0.0706344222658433,0.537300182450172,17.2580720433073,-24.522131252805,R1,1,0,1,0.166111627906977,0.561588372093023,4,0.0706344222658433,0.537300182450172,0.0235213614686474,0.981050553484025,0.0591438273542912,0.165062860002842,0.560211264501422,4,9213.2002906647,,1
2,34,7,0.165760465116279,0.577367441860465,4,0.0690892542204814,0.541457478223319,14.9958409685979,-25.8592163998964,R1,1,0,1,0.165760465116279,0.577367441860465,4,0.0690892542204814,0.541457478223319,0.0201928661556865,0.983529740497916,0.050727030338044,0.164682671321669,0.576317642225031,4,9032.24860611963,,1
2,35,6,0.165409302325581,0.593146511627907,4,0.0676040969645356,0.545453314146238,12.5208673715405,-27.1252204161571,R1,1,0,1,0.165409302325581,0.593146511627907,4,0.0676040969645356,0.545453314146238,0.0170414621978433,0.985877023288848,0.0427580458764833,0.164301999135108,0.592444503252776,4,8869.06766710097,,1
2,36,5,0.165058139534884,0.608925581395349,4,0.0661755210710412,0.54929691713911,9.76595101358078,-28.3256478133005,R1,1,0,1,0.165058139534884,0.608925581395349,4,0.0661755210710412,0.54929691713911,0.0140533827066855,0.988102655946977,0.035202061510949,0.163920842520227,0.608591886684017,4,8721.15485040585,,1
2,37,4,0.164706976744186,0.624704651162791,4,0.0648003535363239,0.552996824211749,6.64303229977566,-29.4654796013297,R1,1,0,1,0.164706976744186,0.624704651162791,4,0.0648003535363239,0.552996824211749,0.0112162517147068,0.990215856552858,0.0280277820174485,0.16353920055174,0.62475983171769,4,8586.45627434441,,1
2,38,3,0.164355813953488,0.640483720930233,4,0.0634756542533484,0.556560945762369,3.0339484656771,-30.5492343759238,R1,1,0,1,0.164355813953488,0.640483720930233,4,0.0634756542533484,0.556560945762369,0.0085189128404632,0.992224934794023,0.0212069961505919,0.163157072302003,0.640948377652626,4,8463.27232659145,,1
2,39,2,0.164004651162791,0.656262790697674,4,0.0621986950286554,0.559996622032813,-1.22388526756838,-33.5372357182935,R4,1,0,1,0.164004651162791,0.656262790697674,4,0.0621986950286554,0.559996622032813,0.00595128267098351,0.994137401171207,0.0147142058903354,0.162774456841008,0.657157563887864,4,8350.1834858188,,1
2,40,1,0.163653488372093,0.672041860465116,4,0.0609669408277334,0.563310673568127,-6.36041046649074,-40.9744247123247,R4,1,0,1,0.163653488372093,0.672041860465116,4,0.0609669408277334,0.563310673568127,0.00350422479904864,0.995960060820063,0.00852630791887484,0.162391353236374,0.673387429922977,4,8245.9953025004,,1
2,41,0,0.163302325581395,0.687820930232558,4,0.0597780329775198,0.566509446410466,-12.7111899459476,-50.3366991874353,R4,1,0,1,0.163302325581395,0.687820930232558,4,0.0597780329775198,0.566509446410466,0.00116944119848001,0.99769909441889,0.00262231894033329,0.162007760553338,0.689638015358389,4,8149.69440780721,,1
3,0,40,0.1905,0.0471186046511628,4,0.239289798744178,0.133169308158463,0,0,,0,0,0,0,0,0,0,0,0,0,0,0,0,0,0,,0
3,1,39,0.190148837209302,0.0628976744186047,4,0.225396685375294,0.167753255631885,-87.242775126482,-202.734828557949,R3,1.04577651262909,0.234252019576522,0.765747980423478,0.183893423530034,0.050368536455016,3.06299192169391,0.227264909371277,0.140058037253154,1.17956819921282,0,2.42057805519082,0.18955560297819,0.0615542139451965,4,24999.9994413748,B-R,1
3,2,38,0.189797674418605,0.0786767441860465,4,0.212985060799376,0.198649352208389,-22.0581263241417,-114.045101179774,R3,1.13051450096687,0.493912891657095,0.506087108342905,0.171916884264048,0.0450140191657383,2.02434843337162,0.215142546985499,0.126747115289837,0.577970804218604,0,1.8306274137507,0.189254301428746,0.0770995586012264,4,24999.9994413748,B-R,1
3,3,37,0.189446511627907,0.0944558139534884,4,0.201829952653134,0.226417618683058,14.5899753669924,-59.8522588732602,R3,1.17379779449323,0.527638392536844,0.472361607463156,0.165574778282886,0.0523716884692464,1.88944642985262,0.200860389684887,0.142948371683372,0.334106992672608,0.0975630434289625,1.46255771323649,0.18892151971899,0.0926503833482103,4,24999.9994413748,,1
3,4,36,0.189095348837209,0.11023488372093,4,0.191749745016773,0.251510149216774,37.9799537024832,-19.1235428304966,R3,1.15760753282864,0.41572935340594,0.58427064659406,0.167392058508413,0.0745580362257171,2.33708258637624,0.18808559713847,0.188494060007225,0.313188020287221,0.262514266752203,1.2240649777146,0.18855327841253,0.108182484966009,4,24999.9994413748,,1
3,5,35,0.188744186046512,0.126013953488372,4,0.182596213985844,0.274295915658368,53.5594095468371,9.96388557627546,R3,1.13499802656711,0.317707734747087,0.682292265252913,0.170106923606675,0.0975852527867336,2.72916906101165,0.177619834700454,0.22926416649468,0.31342957363317,0.396066827063344,1.04781562215839,0.188180545064763,0.12372371846826,4,24999.9994413748,,1
3,6,34,0.188393023255814,0.141793023255814,4,0.17424719057621,0.295079031680427,63.2648698884172,32.0997543584474,R3,1.10518268831354,0.225927679777824,0.774072320222176,0.173835005360512,0.121302701739628,3.0962892808887,0.169266403149948,0.265758107464179,0.331156461336699,0.510812728863049,0.913565599630881,0.187802390702602,0.139269846452876,4,24999.9994413748,,1
3,7,33,0.188041860465116,0.157572093023256,4,0.166601076773142,0.314112403907372,68.8554410209578,48.7951930524953,R3,1.07885865198036,0.156141953310072,0.843858046689927,0.177099580630092,0.143454193612204,3.37543218675971,0.162206911448153,0.29562937751743,0.341264495926162,0.600045084690928,0.805559709771632,0.187425248263755,0.154830632042844,4,24999.9994413748,,1
3,8,32,0.187690697674419,0.173351162790698,4,0.159572690721762,0.331608074429162,71.7773834461292,53.311613608953,R4,1.05878653790102,0.10780944887259,0.89219055112741,0.179512943400871,0.163754328834796,3.56876220450964,0.155893988521146,0.31996973976393,0.339679941666522,0.66690012964327,0.715658630151238,0.187051260945118,0.170411704835959,4,24999.9994413748,,1
3,9,31,0.187339534883721,0.18913023255814,4,0.15309007981756,0.347745153933865,72.8742473622186,51.7697567855715,R4,1.0427509320367,0.0729655996266255,0.927034400373375,0.181377470017729,0.182825762552765,3.7081376014935,0.150173198462475,0.340587733541072,0.332251713595004,0.718797737657503,0.639792872191808,0.18667926737493,0.186012482872167,4,24999.9994413748,,1
3,10,30,0.186988372093023,0.204909302325581,4,0.147092048467841,0.362675975819132,72.782525010474,50.0770255432515,R4,1.02923396052144,0.0466579856728828,0.953342014327117,0.182901124482352,0.201059461668726,3.81336805730847,0.144960839558515,0.358543087179659,0.322397747921614,0.760480535026709,0.575046944624933,0.18630838528345,0.201632162162387,4,24999.9994413748,,1
3,11,29,0.186637209302326,0.220688372093023,4,0.141526220283179,0.376530919953938,72.0358002991682,48.5172045163894,R4,1.01635521722111,0.0245440064407131,0.975455993559287,0.184344816414148,0.218792612240152,3.90182397423715,0.140270929045452,0.374586321787765,0.313466754708332,0.795900149664658,0.519482754003669,0.185937346773732,0.217268080945255,4,24999.9994413748,,1
3,12,28,0.186286046511628,0.236467441860465,4,0.136347504602194,0.389422229938646,70.8275016881487,47.3969210534503,R4,1,0,1,0.186286046511628,0.236467441860465,4,0.136347504602194,0.389422229938646,0.311787710640281,0.830364941539087,0.472291890296672,0.185563082720509,0.232910869649182,4,24999.9994413748,,1
3,13,27,0.18593488372093,0.252246511627907,4,0.131516872230319,0.401447060642648,68.7682442718736,45.4037246058642,R4,1,0,1,0.18593488372093,0.252246511627907,4,0.131516872230319,0.401447060642648,0.286136851813665,0.845465569188408,0.427182538345887,0.185200557539898,0.248608506333028,4,24999.9994413748,,1
3,14,26,0.185583720930233,0.268025581395349,4,0.127000370015238,0.412689931208995,66.4988309727682,42.6642368170434,R1,1,0,1,0.185583720930233,0.268025581395349,4,0.127000370015238,0.412689931208995,0.263506202393277,0.858788203438962,0.387384497411686,0.184837577142766,0.264325854264358,4,24999.9994413748,,1
3,15,25,0.185232558139535,0.283804651162791,4,0.122768321611386,0.423224714580992,64.1897677965736,38.493135378287,R1,1,0,1,0.185232558139535,0.283804651162791,4,0.122768321611386,0.423224714580992,0.243392006418058,0.870629404778079,0.352011867138905,0.184474140671164,0.280062950593101,4,24999.9994413748,,1
3,16,24,0.184881395348837,0.299583720930233,4,0.118794674644191,0.433116262597811,61.8829856046101,34.7005495882614,R1,1,0,1,0.184881395348837,0.299583720930233,4,0.118794674644191,0.433116262597811,0.225396639200447,0.881223254348683,0.320365388602267,0.184110247264985,0.295819832562595,4,24999.9994413748,,1
3,17,23,0.18453023255814,0.315362790697674,4,0.115056463914715,0.442421742232224,59.6781700469279,31.2221441205934,R1,1,0,1,0.18453023255814,0.315362790697674,4,0.115056463914715,0.442421742232224,0.20920205611586,0.890756984612817,0.291885751604662,0.183745896061956,0.311596537509892,4,24907.7583756879,,1
3,18,22,0.184179069767442,0.331141860465116,4,0.111533367273434,0.451191741148288,56.9584245711928,26.509018814856,R1,1,0,1,0.184179069767442,0.331141860465116,4,0.111533367273434,0.451191741148288,0.194550832460295,0.899382141163132,0.266120251554319,0.183381086197637,0.327393102866042,4,20046.390796241,,1
3,19,21,0.183827906976744,0.346920930232558,4,0.108207336020972,0.459471187739988,54.3253522300017,22.1783907294135,R1,1,0,1,0.183827906976744,0.346920930232558,4,0.108207336020972,0.459471187739988,0.181232377514215,0.907222698485772,0.242698545651044,0.183015816805406,0.343209566156397,4,17183.1656181367,,1
3,20,20,0.183476744186047,0.3627,4,0.105062285642375,0.467300120982428,51.7677365006435,18.1903341803059,R1,1,0,1,0.183476744186047,0.3627,4,0.105062285642375,0.467300120982428,0.169072747105155,0.914381057291678,0.221314737357476,0.182650087016461,0.359045965000905,4,15288.3544358977,,1
3,21,19,0.183125581395349,0.378479069767442,4,0.102083835688895,0.474714337940744,49.2880181688224,14.5089428899407,R1,1,0,1,0.183125581395349,0.378479069767442,4,0.102083835688895,0.474714337940744,0.157927004500717,0.920942541649081,0.201713942339465,0.182283895959803,0.374902337114407,4,13938.1102120861,,1
3,22,18,0.182774418604651,0.394258139534884,4,0.0992590899303041,0.481745941034091,46.8903225009565,11.1024060940359,R1,1,0,1,0.182774418604651,0.394258139534884,4,0.0992590899303041,0.481745941034091,0.147673415703796,0.92697881620574,0.183682080368474,0.18191724276224,0.39077872030694,4,12925.3707157061,,1
3,23,17,0.182423255813953,0.410037209302326,4,0.0965764496870949,0.488423802705401,44.5737560371571,7.94269999558021,R1,1,0,1,0.182423255813953,0.410037209302326,4,0.0965764496870949,0.488423802705401,0.138208985009227,0.932550514401015,0.167038024194724,0.181550126548371,0.406675152484032,4,12136.7000206095,,1
3,24,16,0.182072093023256,0.425816279069767,4,0.0940254546437161,0.494773961682925,42.3309904057758,5.00517532386891,R1,1,0,1,0.182072093023256,0.425816279069767,4,0.0940254546437161,0.494773961682925,0.12944598316827,0.937709282330972,0.15162749401088,0.181182546440583,0.422591671647011,4,11504.614307246,,1
3,25,15,0.181720930232558,0.441595348837209,4,0.0915966465358791,0.500819962301662,40.1496899348726,2.26814255074314,R1,1,0,1,0.181720930232558,0.441595348837209,4,0.0915966465358791,0.500819962301662,0.121309219886142,0.942499384425588,0.137318260892616,0.180814501559046,0.438528315893302,4,10986.3869787194,,1
3,26,14,0.18136976744186,0.457374418604651,4,0.0892814519669589,0.506583146206978,38.0141367782778,-0.287514741814405,R1,1,0,1,0.18136976744186,0.457374418604651,4,0.0892814519669589,0.506583146206978,0.113733880900115,0.946958976758094,0.123996343105107,0.180445991021702,0.454485123416732,4,10553.6118164476,,1
3,27,13,0.181018604651163,0.473153488372093,4,0.0870720812932281,0.512082904058285,35.9061611519736,-2.67866858551243,R1,1,0,1,0.181018604651163,0.473153488372093,4,0.0870720812932281,0.512082904058285,0.106663797841858,0.951121125574793,0.111562963499693,0.180077013944258,0.470462132507838,4,10186.6520328867,,1
3,28,12,0.180667441860465,0.488932558139535,4,0.0849614410646783,0.517336893488973,33.8053731664032,-4.92025409524398,R1,1,0,1,0.180667441860465,0.488932558139535,4,0.0849614410646783,0.517336893488973,0.100050053114853,0.955014628601933,0.0999320960648152,0.179707569440184,0.486459381554169,4,9871.48315646846,,1
3,29,11,0.180316279069767,0.504711627906977,4,0.0829430579476043,0.522361228484933,31.6889031572793,-7.0255182334586,R1,1,0,1,0.180316279069767,0.504711627906977,4,0.0829430579476043,0.522361228484933,0.0938498464705902,0.958664682290845,0.0890284726978888,0.1793376566207,0.502476909040598,4,9597.8172055532,,1
3,30,10,0.17996511627907,0.520490697674419,4,0.0810110124099638,0.52717064446074,29.5307340598939,-9.0062362341193,R1,1,0,1,0.17996511627907,0.520490697674419,4,0.0810110124099638,0.52717064446074,0.0880255677483808,0.962093427694827,0.0787859525345099,0.178967274594772,0.518514753549626,4,9357.93356843914,,1
3,31,9,0.179613953488372,0.53626976744186,4,0.0791598807384867,0.531778642595711,27.3006264386139,-10.8729121392585,R1,1,0,1,0.179613953488372,0.53626976744186,4,0.0791598807384867,0.531778642595711,0.0825440333160136,0.965320399975545,0.0691461791603948,0.178596422469104,0.534572953761697,4,9145.91899896661,,1
3,32,8,0.179262790697674,0.552048837209302,4,0.0773846841913199,0.536197616407565,24.9625940242304,-12.6349252772258,R1,1,0,1,0.179262790697674,0.552048837209302,4,0.0773846841913199,0.536197616407565,0.0773758534581371,0.968362900820684,0.0600574681067127,0.178225099348132,0.550651548455502,4,8957.17136869503,,1
3,33,7,0.178911627906977,0.567827906976744,4,0.0756808442823246,0.540438963062648,22.4727247638917,-14.3006878675484,R1,1,0,1,0.178911627906977,0.567827906976744,4,0.0756808442823246,0.540438963062648,0.0724949052405028,0.971236308768087,0.051473879834247,0.177853304334013,0.566750576508299,4,8788.04928008282,,1
3,34,6,0.178560465116279,0.583606976744186,4,0.0740441433513748,0.544513181527779,19.7761180952869,-15.8777546371433,R1,1,0,1,0.178560465116279,0.583606976744186,4,0.0740441433513748,0.544513181527779,0.0678778908876999,0.973954339188219,0.0433544431007565,0.177481036526624,0.582870076896221,4,8635.63591594157,,1
3,35,5,0.178209302325581,0.599386046511628,4,0.0724706897057196,0.548429959343404,16.8024620331019,-17.3729246327874,R1,1,0,1,0.178209302325581,0.599386046511628,4,0.0724706897057196,0.548429959343404,0.0635039659161536,0.97652926320179,0.0356625009992672,0.177108295023549,0.599010088694591,4,8497.56789728497,,1
3,36,4,0.177858139534884,0.61516511627907,4,0.0709568867258879,0.552198249527868,13.4595123113522,-18.7923439201344,R1,1,0,1,0.177858139534884,0.61516511627907,4,0.0709568867258879,0.552198249527868,0.0593544244977614,0.978972092905783,0.02836515764161,0.176735078920074,0.615170651078241,4,8371.90652296437,,1
3,37,3,0.177506976744186,0.630944186046512,4,0.0694994054198755,0.555826338897923,9.62325706162991,-20.1415733447792,R1,1,0,1,0.177506976744186,0.630944186046512,4,0.0694994054198755,0.555826338897923,0.0554124320353362,0.981292738805941,0.0214328078681839,0.176361387309181,0.631351803321826,4,8257.04926002755,,1
3,38,2,0.177155813953488,0.646723255813954,4,0.0680951599847857,0.559321908902823,5.12258796171268,-25.5049114571261,R4,1,0,1,0.177155813953488,0.646723255813954,4,0.0680951599847857,0.559321908902823,0.0516627968865785,0.983500144202576,0.0148387358039443,0.175987219281539,0.647553584800143,4,8151.65927760521,,1
3,39,1,0.176804651162791,0.662502325581395,4,0.0667412859983408,0.562692089911905,-0.285423360182529,-33.4241107965056,R4,1,0,1,0.176804651162791,0.662502325581395,4,0.0667412859983408,0.562692089911905,0.0480917747096706,0.985602400372065,0.00855877078245927,0.175612573925495,0.663776034988448,4,8054.61005591287,,1
3,40,0,0.176453488372093,0.678281395348837,4,0.0654351209159106,0.565943509763092,-6.95710210437922,-43.3650216250772,R4,1,0,1,0.176453488372093,0.678281395348837,4,0.0654351209159106,0.565943509763092,0.0446869001182835,0.987606845671332,0.00257099129603563,0.175237450327071,0.680019193462783,4,7964.94805838593,,1
4,0,39,0.2033,0.0533581395348837,4,0.251476817524757,0.148505922372689,0,0,,0,0,0,0,0,0,0,0,0,0,0,0,0,0,0,,0
4,1,38,0.202948837209302,0.0691372093023256,4,0.237107155762893,0.181740809068259,-109.825872236245,-205.513767945484,R3,1.04832505020754,0.224428815091887,0.775571184908113,0.19696372354918,0.0562120565132125,3.10228473963245,0.240154470548248,0.154211379440758,1.46471390741478,0,2.14245358992454,0.202118982074447,0.0676989728040035,4,24999.9994413748,B-R,1
4,2,37,0.202597674418605,0.0849162790697674,4,0.224248906324207,0.211480024248134,-37.7393639080766,-105.268639504948,R3,1.13349336935526,0.466835492141406,0.533164507858594,0.186017487494986,0.0513181711509224,2.13265803143438,0.229383387205523,0.142384225188744,0.854335556639742,0,1.6475325828114,0.201834374989093,0.0832614234744993,4,24999.9994413748,B-R,1
4,3,36,0.202246511627907,0.100695348837209,4,0.212675525905203,0.238247528820241,6.63948525439544,-52.5949792198093,R3,1.23372391535045,0.633271393709689,0.366728606290311,0.173135382655024,0.0455587901180591,1.46691442516124,0.216389832023375,0.128116692710212,0.435251097640895,0,1.30772088691851,0.201549002715946,0.0988657149770938,4,24999.9994413748,B-R,1
4,4,35,0.201895348837209,0.116474418604651,4,0.202203591754407,0.262467552280278,33.7068755561189,-17.9535703195484,R3,1.3046307770825,0.674791679778453,0.325208320221547,0.163845547892269,0.0494173916884481,1.30083328088619,0.200710090396882,0.136206206889725,0.219604212474563,0.0559524899630325,1.07418823995683,0.201237712498741,0.114480243941664,4,24999.9994413748,,1
4,5,34,0.201544186046512,0.132253488372093,4,0.192683008170752,0.284487243621811,51.7584630514812,11.3681742133514,R3,1.28755068777411,0.568403902711181,0.431596097288819,0.16552679059648,0.0734935084092476,1.72638438915528,0.186463440904452,0.186275997551088,0.210821865834566,0.195288949735603,0.920946221729017,0.200876543070589,0.130057254382909,4,24999.9994413748,,1
4,6,33,0.201193023255814,0.148032558139535,4,0.183989766176704,0.304593417133572,64.621677109961,32.9190412341566,R3,1.26704347191948,0.479233663843369,0.520766336156631,0.167650500088737,0.0976768537741408,2.08306534462652,0.174780621122039,0.229119791568907,0.210063406375751,0.308750303225133,0.801345311471553,0.200512823387003,0.145647075198764,4,24999.9994413748,,1
4,7,32,0.200841860465116,0.163811627906977,4,0.176020512151575,0.323025114341385,73.0648288409943,50.0383638150306,R3,1.2341977765132,0.38991271103934,0.61008728896066,0.171342744252307,0.123344975355455,2.44034915584264,0.165650407537668,0.268306238645581,0.228966149833343,0.412500870780163,0.707870165171508,0.20014114417628,0.161238811864112,4,24999.9994413748,,1
4,8,31,0.200490697674419,0.179590697674419,4,0.16868841921746,0.339983152877365,77.7899670080168,63.487696404511,R3,1.20131184952597,0.314082581651692,0.685917418348308,0.17506313841092,0.147982864630473,2.74366967339323,0.158225275375358,0.300936661303698,0.247030250850692,0.49956569575077,0.631213202320246,0.199768100640885,0.17684141175864,4,24999.9994413748,,1
4,9,30,0.200139534883721,0.19536976744186,4,0.161920010837314,0.355637473024307,79.9193307864099,65.9756683805709,R4,1.17623558327506,0.258140435764407,0.741859564235594,0.177817453936064,0.170479975030905,2.96743825694237,0.151652641925827,0.327138369054081,0.253573776336612,0.567212062250751,0.56557882734895,0.199398718941428,0.192465204809955,4,24999.9994413748,,1
4,10,29,0.199788372093023,0.211148837209302,4,0.155652689891335,0.370132852593864,80.2125318650251,63.9855459930965,R4,1.15702001305504,0.216341360050287,0.783658639949713,0.179845004620928,0.191450493990137,3.13463455979885,0.145690847820561,0.34895779228747,0.252628000767099,0.620695003663354,0.508724863839023,0.199032235910953,0.208110621540249,4,24999.9994413748,,1
4,11,28,0.199437209302326,0.226927906976744,4,0.149832796955751,0.383593397838416,79.3826526193748,61.8521299542622,R4,1.14147567511299,0.183840553143336,0.816159446856664,0.181418472504098,0.211411973575224,3.26463778742666,0.140251047528967,0.367736472895279,0.247888716522222,0.664297053027043,0.459156964583419,0.198667482145197,0.223776528544223,4,24999.9994413748,,1
4,12,27,0.199086046511628,0.242706976744186,4,0.144414070111009,0.396126105685249,77.9705820574331,60.0393442208609,R4,1.12390795653206,0.152897470315207,0.847102529684793,0.183261271514253,0.231072884099941,3.38841011873917,0.135589594810871,0.384668984084947,0.246770430427308,0.704100075118735,0.41650913262266,0.198300655735877,0.239453751420098,4,24999.9994413748,,1
4,13,26,0.19873488372093,0.258486046511628,4,0.139356412635616,0.407823713877098,76.0892291414796,58.5336853287733,R4,1.1044673478056,0.123169930262569,0.876830069737431,0.185356260676841,0.250325688964088,3.50732027894972,0.131617127490285,0.39993838349935,0.248674109650756,0.740839689047034,0.379524209125956,0.19793173649861,0.255141281491847,4,24999.9994413748,,1
4,14,25,0.198383720930233,0.27426511627907,4,0.134624899096425,0.418766999737236,73.6471171819208,56.1205083702213,R1,1.08681582206287,0.098036199737015,0.901963800262985,0.187235156096536,0.268853462105644,3.60785520105194,0.12798528762592,0.413495514874979,0.249037529324617,0.772529475670854,0.346586086238126,0.197563308881229,0.270846190521734,4,24999.9994413748,,1
4,15,24,0.198032558139535,0.290044186046512,4,0.130188967710372,0.429026648116438,71.1002147148392,52.5074490852302,R1,1.06743388186162,0.0733140352756056,0.926685964724394,0.189349269677494,0.286904746788401,3.70674385889758,0.124897310721471,0.425803968392854,0.251977529532591,0.802399708135758,0.317645315981802,0.19719277724739,0.286560399659535,4,24999.9994413748,,1
4,16,23,0.197681395348837,0.305823255813953,4,0.126021759483359,0.438664779866288,68.7116721123653,49.123236900786,R1,1.04511793897177,0.0475146521636082,0.952485347836392,0.191855830024066,0.304434672548018,3.80994139134557,0.122405738930108,0.43702211108284,0.258700123016324,0.831730977173623,0.292336841151011,0.19681903369144,0.30227901464254,4,23773.8252934126,,1
4,17,22,0.19733023255814,0.321602325581395,4,0.122099573920664,0.447736210699901,66.3888775473778,45.352656988536,R1,1.0135066953336,0.0139481758083831,0.986051824191617,0.19558152385439,0.321399756562311,3.94420729676647,0.120997583788678,0.447380379893848,0.276360799277848,0.865403210301039,0.271345103388459,0.196436436759275,0.317979443481663,4,19138.2056404934,,1
4,18,21,0.196979069767442,0.337381395348837,4,0.118401418004491,0.456289494339654,64.1275227322757,41.0264227733037,R1,1,0,1,0.196979069767442,0.337381395348837,4,0.118401418004491,0.456289494339654,0.273812465957188,0.884374706853369,0.249383564399433,0.196067855308614,0.33374589394136,4,16422.0719641605,,1
4,19,20,0.196627906976744,0.353160465116279,4,0.114908630310872,0.464367791878794,61.5921928991126,36.3242485696167,R1,1,0,1,0.196627906976744,0.353160465116279,4,0.114908630310872,0.464367791878794,0.257187939137487,0.892747265746512,0.227123454840692,0.195710379185304,0.349575085624166,4,14630.933367387,,1
4,20,19,0.196276744186047,0.368939534883721,4,0.111604566056074,0.472009600222154,59.0558875055749,31.9589527420808,R1,1,0,1,0.196276744186047,0.368939534883721,4,0.111604566056074,0.472009600222154,0.241985431612203,0.900403657471783,0.20676741783882,0.19535245223944,0.365424239917529,4,13358.024793901,,1
4,21,18,0.195925581395349,0.384718604651163,4,0.108474331853069,0.479249365554945,56.57237832597,27.9034759872916,R1,1,0,1,0.195925581395349,0.384718604651163,4,0.108474331853069,0.479249365554945,0.22802997283362,0.907432001903581,0.18808116921816,0.194994073617666,0.381293394608336,4,12405.4273182087,,1
4,22,17,0.195574418604651,0.400497674418605,4,0.105504561259125,0.486118002467715,54.1396396357641,24.1311529036049,R1,1,0,1,0.195574418604651,0.400497674418605,4,0.105504561259125,0.486118002467715,0.215174166671115,0.913906531698128,0.170867346728838,0.194635242464474,0.397182587578905,4,11665.0224886628,,1
4,23,16,0.195223255813954,0.416276744186046,4,0.102683223978746,0.492643335241534,51.7483435351913,20.6168730704779,R1,1,0,1,0.195223255813954,0.416276744186046,4,0.102683223978746,0.492643335241534,0.203292965336712,0.919890224285137,0.154958512374535,0.194275957922192,0.41309185680728,4,11072.6283245187,,1
4,24,15,0.194872093023256,0.432055813953488,4,0.0999994629780018,0.498850474578274,49.3889842297678,17.3375387704778,R1,1,0,1,0.194872093023256,0.432055813953488,4,0.0999994629780018,0.498850474578274,0.192279588476471,0.925436857123161,0.140211688108225,0.19391621913098,0.429021240367542,4,10587.6840087324,,1
4,25,14,0.194520930232558,0.44783488372093,4,0.0974434548599988,0.504762140531347,47.0525460742456,14.2721589060387,R1,1,0,1,0.194520930232558,0.44783488372093,4,0.0974434548599988,0.504762140531347,0.182042304985326,0.930592628464204,0.126504046707766,0.193556025228822,0.444970776430105,4,10183.2639329647,,1
4,26,13,0.19416976744186,0.463613953488372,4,0.0950062897161008,0.510398940391925,44.7288882835562,11.4017929688756,R1,1,0,1,0.19416976744186,0.463613953488372,4,0.0950062897161008,0.510398940391925,0.172501872006209,0.935397447142657,0.113729482616034,0.193195375351521,0.460940503262024,4,9840.77804196438,,1
4,27,12,0.193818604651163,0.479393023255814,4,0.0926798673555401,0.515779608694395,42.4047993811344,8.70941347301373,R1,1,0,1,0.193818604651163,0.479393023255814,4,0.0926798673555401,0.515779608694395,0.163589479696381,0.939885967646254,0.10179585999935,0.192834268632687,0.476930459227303,4,9546.9692921879,,1
4,28,11,0.193467441860465,0.495172093023256,4,0.0904568073665033,0.52092121523166,40.0627528941077,6.17973407055932,R1,1,0,1,0.193467441860465,0.495172093023256,4,0.0904568073665033,0.52092121523166,0.155245088944125,0.944088427286661,0.0906227869633073,0.192472704203739,0.4929406827872,4,9292.12254051454,,1
4,29,10,0.193116279069767,0.510951162790698,4,0.0883303709045885,0.525839345946791,37.6801820071283,3.79903805962658,R1,1,0,1,0.193116279069767,0.510951162790698,4,0.0883303709045885,0.525839345946791,0.147416077090813,0.948031328250272,0.0801398021853654,0.192110681193887,0.508971212500533,4,9068.95291069546,,1
4,30,9,0.19276511627907,0.526730232558139,4,0.0862943924625535,0.53054826073943,35.2287192478279,1.55501645115231,R1,1,0,1,0.19276511627907,0.526730232558139,4,0.0862943924625535,0.53054826073943,0.140056127070704,0.951737997057286,0.0702848874818479,0.191748198730136,0.525022087023997,4,8871.89013566817,,1
4,31,8,0.192413953488372,0.542509302325581,4,0.0843432201662032,0.535061031552507,32.6729807027779,-0.563389299057192,R1,1,0,1,0.192413953488372,0.542509302325581,4,0.0843432201662032,0.535061031552507,0.133124310409247,0.955229046388431,0.0610032399499434,0.191385255937269,0.541093345112465,4,8696.60011709257,,1
4,32,7,0.192062790697674,0.558288372093023,4,0.0824716633787648,0.539389663555518,29.9686143039503,-2.56612619531541,R1,1,0,1,0.192062790697674,0.558288372093023,4,0.0824716633787648,0.539389663555518,0.126584325726328,0.958522758595211,0.0522462523295955,0.191021851937849,0.557185025619308,4,8539.65940230526,,1
4,33,6,0.191711627906977,0.574067441860465,4,0.0806749465908679,0.543545201790123,27.0592999623279,-4.46215637608056,R1,1,0,1,0.191711627906977,0.574067441860465,4,0.0806749465908679,0.543545201790123,0.120403862824528,0.961635405962166,0.0439706615227171,0.190657985852204,0.573297167496704,4,8398.32678786022,,1
4,34,5,0.191360465116279,0.589846511627907,4,0.0789486687336503,0.547537825272881,23.8722443723403,-6.25956029591278,R1,1,0,1,0.191360465116279,0.589846511627907,4,0.0789486687336503,0.547537825272881,0.114554068845574,0.96458151956484,0.0361378337809222,0.190293656798425,0.589429809795953,4,8270.38307444129,,1
4,35,4,0.191009302325581,0.605625581395349,4,0.0772887671851622,0.551376930243062,20.3113847370202,-7.96563980889226,R1,1,0,1,0.191009302325581,0.605625581395349,4,0.0772887671851622,0.551376930243062,0.109009097879898,0.967374116098528,0.0287131616362845,0.189928863892358,0.605582991667794,4,8154.01091449263,,1
4,36,3,0.190658139534884,0.621404651162791,4,0.075691485850374,0.555071203988845,16.2469889645491,-10.3993005329862,R4,1,0,1,0.190658139534884,0.621404651162791,4,0.075691485850374,0.555071203988845,0.103745729195639,0.970024890148413,0.0216655527130161,0.189563606247595,0.621756752362719,4,8047.70830855014,,1
4,37,2,0.190306976744186,0.637183720930233,4,0.0741533467868726,0.558628690472846,11.4993022363101,-17.2657567717726,R4,1,0,1,0.190306976744186,0.637183720930233,4,0.0741533467868726,0.558628690472846,0.0987430421921981,0.972544377891706,0.0149669944928371,0.189197882975469,0.637951131231293,4,7950.22013496621,,1
4,38,1,0.189955813953488,0.652962790697674,4,0.0726711249250989,0.562056848800447,5.81195673462976,-25.6981635025521,R4,1,0,1,0.189955813953488,0.652962790697674,4,0.0726711249250989,0.562056848800447,0.093982138482925,0.974942097064274,0.00859218218591156,0.188831693185045,0.654166167724473,4,7860.49489094601,,1
4,39,0,0.189604651162791,0.668741860465116,4,0.0712418254964121,0.565362605425319,-1.19320071053981,-36.2542465820785,R4,1,0,1,0.189604651162791,0.668741860465116,4,0.0712418254964121,0.565362605425319,0.0894459033228358,0.977226667112065,0.0025181992844471,0.188465035983114,0.670401901393927,4,7777.64091958804,,1
5,0,38,0.2161,0.0595976744186047,4,0.263298004219092,0.163382159387622,0,0,,0,0,0,0,0,0,0,0,0,0,0,0,0,0,0,,0
5,1,37,0.215748837209302,0.0753767441860465,4,0.248485335476095,0.195331458417035,-127.627852803374,-209.660109131349,R2,1.05088603960657,0.216231900724015,0.783768099275985,0.210097883341179,0.0620841272445407,3.13507239710394,0.252763491119872,0.168056674897331,1.70265204218061,0,1.91037428943114,0.214696665793114,0.0738507280651796,4,24999.9994413748,B-R,1
5,2,36,0.215397674418605,0.0911558139534884,4,0.235209717088581,0.223965508703453,-52.7236764541506,-109.188228647258,R2,1.13648797765752,0.443464940746776,0.556535059253224,0.200192596293655,0.0576556333722031,2.2261402370129,0.243285634235122,0.157649543897816,1.09286646306522,0,1.48950311051741,0.214428791420308,0.0894303136510638,4,24999.9994413748,B-R,1
5,3,35,0.215046511627907,0.10693488372093,4,0.223243709124094,0.249774873192648,-4.44456064071813,-45.365533227076,R2,1.23727237191235,0.603637993098081,0.39636200690192,0.188530496372382,0.0524416968358707,1.58544802760768,0.231877761708284,0.145123165281189,0.663038047809514,0,1.19283753157453,0.214160196435769,0.105051810047863,4,24999.9994413748,B-R,1
5,4,34,0.214695348837209,0.122713953488372,4,0.212402635275279,0.273157878389431,28.1406735521365,-5.98959402626676,R3,1.35767144026521,0.722619612917553,0.277380387082447,0.174598716795384,0.0462130231799255,1.10952154832979,0.21788351977034,0.129756831851799,0.343747877953771,0,0.972464937001704,0.21389087792779,0.12071538660044,4,24999.9994413748,B-R,1
5,5,33,0.214344186046512,0.138493023255814,4,0.202534983475142,0.294441319175867,49.2177203606212,15.7382940972584,R3,1.47429088904677,0.78189388423986,0.21810611576014,0.161007418068034,0.0445326891294467,0.872424463040559,0.200483811638231,0.124765601325576,0.133920366040026,0.0228485244602387,0.808110482191108,0.213606927976495,0.136402796882268,4,24999.9994413748,,1
5,6,32,0.213993023255814,0.154272093023256,4,0.193515281202517,0.313895825994606,63.3327301536027,37.129465458563,R3,1.4530812682221,0.68031953733209,0.31968046266791,0.162882295168257,0.0716627336979512,1.27872185067164,0.184350448027909,0.18249299817128,0.134498030285708,0.145274854295894,0.703850795612631,0.213251782402862,0.152023890105359,4,24999.9994413748,,1
5,7,31,0.213641860465116,0.170051162790698,4,0.185238731844826,0.331747433625107,73.9503230339365,53.1770869377822,R3,1.43207416337832,0.597210306242999,0.402789693757001,0.164749151996134,0.098089713291856,1.611158775028,0.171275686736405,0.229444954982387,0.135402141311308,0.245251204763861,0.619008196656563,0.212896061356801,0.167661147943801,4,24999.9994413748,,1
5,8,30,0.213290697674419,0.18583023255814,4,0.177617124370719,0.348186403570353,81.3655315851192,66.1581976882673,R3,1.39822374549954,0.515879441202694,0.484120558797306,0.168088598153286,0.125790131059347,1.93648223518923,0.161108400435492,0.271274529108082,0.150044084006506,0.336896197977888,0.550769598576404,0.212532968560958,0.183302277895635,4,24999.9994413748,,1
5,9,29,0.212939534883721,0.201609302325581,4,0.170575677075377,0.363374031751473,85.2803204700407,76.9360650280875,R3,1.35497345786383,0.437389786892843,0.562610213107157,0.172522091867411,0.153691187592642,2.25044085242863,0.153378531340885,0.307433609517111,0.173531131413505,0.421128283077597,0.494972910865815,0.212163476766635,0.198945841565236,4,24999.9994413748,,1
5,10,28,0.212588372093023,0.217388372093023,4,0.164050575665643,0.377447958587607,86.5164234365701,75.871955784399,R4,1.3233377045085,0.37832362774788,0.62167637225212,0.175659446497402,0.17884275797486,2.48670548900848,0.146541802689557,0.335694245410196,0.18456661989613,0.487504159451377,0.445846921623819,0.21179898432231,0.214613090243085,4,24999.9994413748,,1
5,11,27,0.212237209302326,0.233167441860465,4,0.15798703378314,0.390526352234465,85.8616387501283,73.6665643044911,R4,1.29956631301766,0.332767368818097,0.667232631181903,0.177918056484009,0.20218253177262,2.66893052472761,0.140359467657902,0.358878825751646,0.187897234778114,0.541030078170255,0.402388085734951,0.211438051677634,0.230303343284799,4,24999.9994413748,,1
5,12,26,0.211886046511628,0.248946511627907,4,0.152337751040612,0.402711234430529,84.2863328196404,71.3261191761699,R4,1.2811910992394,0.296753413461939,0.703246586538061,0.179573265612287,0.22429913088039,2.81298634615224,0.134702435103374,0.378567977760026,0.18656316896548,0.585129908608958,0.363767772872275,0.21107959265484,0.24601588050561,4,24999.9994413748,,1
5,13,25,0.21153488372093,0.264725581395349,4,0.147061676658324,0.414091147197486,81.9429337738285,69.1907853870065,R4,1.26335187510429,0.265051512301554,0.734948487698446,0.181179599214724,0.245797318483784,2.93979395079378,0.129710280340489,0.395935791103034,0.185366963494054,0.623959383993989,0.329748070012796,0.210720777272793,0.26174473303123,4,24999.9994413748,,1
5,14,24,0.211183720930233,0.280504651162791,4,0.142123010298984,0.424743307929537,78.9152218563455,66.1337802247603,R1,1.23752011290446,0.230314971377872,0.769685028622128,0.183722529271988,0.267180877573562,3.07874011448851,0.125864817684875,0.411841233083161,0.191739241554253,0.663047687251758,0.300730835647024,0.210356042641925,0.277474458845888,4,24999.9994413748,,1
5,15,23,0.210832558139535,0.296283720930233,4,0.137490388654745,0.434735363835863,76.0577012970291,61.9246849503909,R1,1.20562921690172,0.193765913012294,0.806234086987706,0.186986263883672,0.287993516036725,3.22493634795082,0.122977843746239,0.426169532343496,0.203640512978156,0.701836650001252,0.275785583570699,0.20998609363623,0.293204358123749,4,22595.9793716525,,1
5,16,22,0.210481395348837,0.312062790697674,4,0.133136218708973,0.444126830021734,73.3867711386732,57.5405195832959,R1,1.16418114268567,0.152115979169603,0.847884020830397,0.191384073921607,0.308034243636101,3.39153608332159,0.121251125993684,0.439098043898757,0.224244834039668,0.742869473319889,0.254928930737776,0.209607669627396,0.308921788753365,4,18198.4659684397,,1
5,17,21,0.21013023255814,0.327841860465116,4,0.129036127716576,0.452970275820507,70.9304434766518,53.5734702644081,R1,1.12512138460537,0.114177852011285,0.885822147988715,0.195532349714227,0.326746029919945,3.54328859195486,0.119776853696058,0.450346839420931,0.243200720103284,0.780160955973302,0.236132889226494,0.209228705570809,0.324648690000738,4,15636.3043965887,,1
5,18,20,0.209779069767442,0.343620930232558,4,0.125168506740617,0.461312309335013,68.6608143735959,49.9861963395266,R1,1.08790592947014,0.0791518971886529,0.920848102811347,0.199492236127888,0.344238111630396,3.68339241124539,0.118535949837469,0.46022007036387,0.261059919568777,0.814428593912458,0.219164908683969,0.20884891158291,0.340383918617652,4,13953.3227016938,,1
5,19,19,0.209427906976744,0.3594,4,0.121514129691175,0.469194399128861,66.5503575177003,46.7073807658613,R1,1.05294032314699,0.0470889350992038,0.952911064900796,0.203214190443654,0.360607039367751,3.81164425960318,0.117450319877323,0.468939580796037,0.277477699909855,0.845766167046683,0.203706886848075,0.208468753209631,0.356128876274948,4,12760.9563159572,,1
5,20,18,0.209076744186047,0.375179069767442,4,0.118055833687336,0.476653563650522,64.5726130399565,43.7156381028381,R1,1.01970130109107,0.0173339461974905,0.98266605380251,0.206757442877834,0.375939127636744,3.93066421521004,0.116519915490568,0.476693309015995,0.292952565702224,0.874740463584067,0.189618359996552,0.20808792203582,0.371882334162689,4,11870.9312422386,,1
5,21,17,0.208725581395349,0.390958139534884,4,0.11477824952683,0.483722952580695,62.6505676366921,40.378676929171,R1,1,0,1,0.208725581395349,0.390958139534884,4,0.11477824952683,0.483722952580695,0.295895310729229,0.894352707734091,0.174883543264035,0.207718299755537,0.38769151609821,4,11180.7058313823,,1
5,22,16,0.208374418604651,0.406737209302326,4,0.111667573332436,0.490432339365932,60.3819503777721,36.332448301067,R1,1,0,1,0.208374418604651,0.406737209302326,4,0.111667573332436,0.490432339365932,0.280603932832002,0.90123531684104,0.158445780843425,0.20736730817238,0.403593537476713,4,10629.552812387,,1
5,23,15,0.208023255813954,0.422516279069767,4,0.108711372218259,0.496808540375124,57.9854523013991,32.5385626160808,R1,1,0,1,0.208023255813954,0.422516279069767,4,0.108711372218259,0.496808540375124,0.26645468237759,0.907603857379935,0.143235770407315,0.207015872860158,0.419515662440005,4,10179.1687098307,,1
5,24,14,0.207672093023256,0.438295348837209,4,0.105898418206194,0.502875773123439,55.5684291492656,28.9800781538147,R1,1,0,1,0.207672093023256,0.438295348837209,4,0.105898418206194,0.502875773123439,0.253324206184276,0.913513850294509,0.129120911067248,0.206663992976888,0.435457929135101,4,9804.17130524533,,1
5,25,13,0.207320930232558,0.454074418604651,4,0.103218545714742,0.508655963653289,53.1401496158061,25.6397532080898,R1,1,0,1,0.207320930232558,0.454074418604651,4,0.103218545714742,0.508655963653289,0.241106297144912,0.919013099125281,0.115987033439248,0.20631166767845,0.451420375805588,4,9487.06486305288,,1
5,26,12,0.20696976744186,0.469853488372093,4,0.100662528807137,0.514169011296639,50.6908825111062,22.5009035138209,R1,1,0,1,0.20696976744186,0.469853488372093,4,0.100662528807137,0.514169011296639,0.229709015147448,0.924142985875672,0.103735304721657,0.205958896118589,0.467403040791933,4,9215.38799419364,,1
5,27,11,0.206618604651163,0.485632558139535,4,0.0982219750747062,0.519433017556932,48.2052663639125,19.5478268584291,R1,1,0,1,0.206618604651163,0.485632558139535,4,0.0982219750747062,0.519433017556932,0.219052369274078,0.928939514248102,0.0922797371302762,0.205605677448904,0.483405962531793,4,8980.02470823043,,1
5,28,10,0.206267441860465,0.501411627906977,4,0.0958892335834486,0.524464484658209,45.6638387391492,16.7659611300408,R1,1,0,1,0.206267441860465,0.501411627906977,4,0.0958892335834486,0.524464484658209,0.20906643763773,0.933434155900648,0.0815451667802423,0.205252010818841,0.499429179560317,4,8774.14669831612,,1
5,29,9,0.205916279069767,0.517190697674418,4,0.0936573147564428,0.529278488349954,43.0417059626349,14.1419325142083,R1,1,0,1,0.205916279069767,0.517190697674418,4,0.0936573147564428,0.529278488349954,0.199689831392158,0.937654541792084,0.0714656025439625,0.204897895375689,0.51547273051046,4,8592.5394390258,,1
5,30,8,0.20556511627907,0.53296976744186,4,0.0915198204247208,0.533888828779672,40.3064386681111,11.6635235467486,R1,1,0,1,0.20556511627907,0.53296976744186,4,0.0915198204247208,0.533888828779672,0.19086843158856,0.941625030719396,0.0619828682107109,0.20454333026457,0.53153665411329,4,8431.15089162868,,1
5,31,7,0.205213953488372,0.548748837209302,4,0.0894708825721282,0.538308162613496,37.4155614418884,9.31960352329446,R1,1,0,1,0.205213953488372,0.548748837209302,4,0.0894708825721282,0.538308162613496,0.182554343959527,0.945367179766797,0.0530454789114149,0.204188314628435,0.547620989198304,4,8286.78258234732,,1
5,32,6,0.204862790697674,0.564527906976744,4,0.0875051095390811,0.542548119068775,34.3133000708217,7.10005763601366,R1,1,0,1,0.204862790697674,0.564527906976744,4,0.0875051095390811,0.542548119068775,0.174705028991438,0.948900135857856,0.0446077059731509,0.203832847608053,0.563725774693737,4,8156.87793310908,,1
5,33,5,0.204511627906977,0.580306976744186,4,0.0856175386466704,0.546619402098671,30.9259069304625,4.99569839101771,R1,1,0,1,0.204511627906977,0.580306976744186,4,0.0856175386466704,0.546619402098671,0.167282573921545,0.9522409634277,0.036628794338336,0.20347692834201,0.579851049626878,4,8039.36742679026,,1
5,34,4,0.204160465116279,0.596086046511628,4,0.0838035943645999,0.550531880619327,27.1546240556438,2.99819611357367,R1,1,0,1,0.204160465116279,0.596086046511628,4,0.0838035943645999,0.550531880619327,0.160253080361418,0.955404920052103,0.0290723042786972,0.203120555966697,0.595996853124385,4,7932.56082272074,,1
5,35,3,0.203809302325581,0.61186511627907,4,0.0820590512805868,0.554294668380795,22.8647646881215,-1.48734875933187,R4,1,0,1,0.203809302325581,0.61186511627907,4,0.0820590512805868,0.554294668380795,0.15358614667393,0.95840568942824,0.0219055549664085,0.202763729616303,0.6121632244126,4,7835.05879817398,,1
5,36,2,0.203458139534884,0.627644186046512,4,0.0803800012403329,0.557916194842512,17.868370635245,-8.82795046489561,R4,1,0,1,0.203458139534884,0.627644186046512,4,0.0803800012403329,0.557916194842512,0.147254428428975,0.961255579212421,0.0150991519774617,0.202406448422814,0.628350202817869,4,7745.69747164139,,1
5,37,1,0.203106976744186,0.643423255813953,4,0.078762824120168,0.561404268213497,11.8956670164374,-17.8064916190158,R4,1,0,1,0.203106976744186,0.643423255813953,4,0.078762824120168,0.561404268213497,0.141233263534501,0.963965689747631,0.00862658431901452,0.202048711515998,0.64455782776686,4,7663.49845811441,,1
5,38,0,0.202755813953488,0.659202325581395,4,0.0772041617723175,0.564766131649544,4.54605023220021,-29.0156625044012,R4,1,0,1,0.202755813953488,0.659202325581395,4,0.0772041617723175,0.564766131649544,0.135500351206088,0.966546058558478,0.00246387933153729,0.201690518023402,0.660786138786882,4,7587.63493059288,,1
6,0,37,0.2289,0.0658372093023256,4,0.27476958766556,0.177818442199061,0,0,,0,0,0,0,0,0,0,0,0,0,0,0,0,0,0,,0
6,1,36,0.228548837209302,0.0816162790697674,4,0.259545170039641,0.208541860888902,-141.214114116521,-221.74461719728,R2,1.05345957230662,0.209288288607121,0.790711711392879,0.223296372067884,0.0679849584036878,3.16284684557152,0.26510103141414,0.181603872287582,1.90420960902641,0,1.71377974535454,0.227288678578902,0.080009491684653,4,24999.9994413748,B-R,1
6,2,35,0.228197674418605,0.0973953488372093,4,0.245879559734638,0.236119550713834,-66.1645901845282,-120.719227767586,R2,1.1394984509553,0.423088811004094,0.576911188995906,0.21444280273941,0.0640266705386974,2.30764475598363,0.256861221897349,0.172556175313989,1.30083488515739,0,1.35172163603454,0.227037575265408,0.095606241152371,4,24999.9994413748,B-R,1
6,3,34,0.227846511627907,0.113174418604651,4,0.233545009868703,0.261011113018107,-16.418892312092,-55.8984248936908,R2,1.24084129960928,0.57727209125729,0.42272790874271,0.2040144248875,0.0593643112154362,1.69091163497084,0.246965199435369,0.161689878915096,0.865708286283797,0,1.0906216802843,0.226785796070374,0.111244971567725,4,24999.9994413748,B-R,1
6,4,33,0.227495348837209,0.128953488372093,4,0.222356079315632,0.283590774619634,18.7991146843062,-10.9717335378781,R2,1.36196995484281,0.69372287172625,0.30627712827375,0.191550048740133,0.0537916899348724,1.225108513095,0.234857820094989,0.148395409037744,0.537068034510561,0,0.893419405319107,0.22653333826127,0.126925852655987,4,24999.9994413748,B-R,1
6,5,32,0.227144186046512,0.144732558139535,4,0.212160245368389,0.304166331790368,44.2133652643442,21.9004489433806,R2,1.50930560379456,0.784782198978149,0.21521780102185,0.176388921549292,0.047013394814273,0.860871204087402,0.219704628609563,0.131756494695903,0.280085984979837,0,0.739216003516564,0.226280199090817,0.142649055058578,4,24999.9994413748,B-R,1
6,6,31,0.226793023255814,0.160511627906977,4,0.202830909765921,0.322993264344077,61.5740074112927,43.1352074388413,R3,1.69238500433763,0.857938381187912,0.142061618812088,0.157549692228997,0.0385906796315425,0.56824647524835,0.200190920214646,0.110329528450083,0.0736290935501261,0,0.615330482943528,0.226026375796886,0.158414750339255,4,24999.9994413748,B-R,1
6,7,30,0.226441860465116,0.176290697674419,4,0.194262115196616,0.340285397921114,72.787860365299,58.6972723188088,R3,1.66924672072771,0.76550923662662,0.23449076337338,0.159277504683062,0.0690042227908765,0.937963053493519,0.181538910346881,0.17695933107039,0.0758541371082871,0.106891697311706,0.540766518778773,0.225679050411896,0.174082683082562,4,24999.9994413748,,1
6,8,29,0.226090697674419,0.19206976744186,4,0.186364503350359,0.356223060783786,81.5921305716033,70.8239225182978,R3,1.63993280486888,0.683854047313555,0.316145952686445,0.161643511360822,0.0995801303325789,1.26458381074578,0.167001135697556,0.23148153684927,0.0826828550925697,0.199313672600931,0.479239329069637,0.225328428978333,0.189762909468566,4,24999.9994413748,,1
6,9,28,0.225739534883721,0.207848837209302,4,0.179062186975987,0.37095939611615,88.2614871324412,80.4540228752064,R3,1.60763985868598,0.612102285692855,0.387897714307145,0.164331168141726,0.129614498845508,1.55159085722858,0.155516800534114,0.275990080763489,0.0912838478441457,0.279451576913295,0.427497982786089,0.224975662550987,0.205456281319979,4,24999.9994413748,,1
6,10,27,0.225388372093023,0.223627906976744,4,0.172290303570619,0.384625298766358,91.527962748556,85.5365788524094,R4,1.55119647717508,0.534844748600354,0.465155251399646,0.169490640046108,0.16135808728323,1.86062100559858,0.147469217800028,0.315884933525002,0.116274035251498,0.359237698568181,0.385840842588716,0.224610573661593,0.221142315620757,4,24999.9994413748,,1
6,11,26,0.225037209302326,0.239406976744186,4,0.165993083478571,0.397333313892053,91.5292827288982,84.0174207934352,R4,1.50729255017368,0.473192923451632,0.526807076548368,0.173413703696512,0.190101680117654,2.10722830619347,0.140575517467899,0.346732659183935,0.131864412431719,0.424706030222719,0.348709733513618,0.224249622399966,0.236850163580183,4,24999.9994413748,,1
6,12,25,0.224686046511628,0.255186046511628,4,0.160122310474699,0.409180743558191,89.5893544625286,81.180915984322,R4,1.49313963898245,0.435638923209584,0.564361076790416,0.174329608353301,0.215037598880238,2.25744430716166,0.133284816642349,0.369918834898803,0.126975374979563,0.470530513669329,0.31323808257983,0.223902664956797,0.252603752143129,4,24999.9994413748,,1
6,13,24,0.22433488372093,0.27096511627907,4,0.154636084852352,0.420252142869738,86.4327252041435,78.8845839282787,R4,1.46809958021248,0.396080503029112,0.603919496970888,0.176371005804275,0.240241454762007,2.41567798788355,0.127570378475822,0.390978719161244,0.129838422929968,0.515488972043615,0.283033036877569,0.223549444678164,0.268361253774063,4,24999.9994413748,,1
6,14,23,0.223983720930233,0.286744186046512,4,0.149497821863938,0.430621341154393,83.2552020224273,74.4381107297173,R1,1.42103395400477,0.347802065023858,0.652197934976142,0.180694576417431,0.265753195567548,2.60879173990457,0.12402570601142,0.410419138231659,0.147109106550675,0.564663809279474,0.258479501155959,0.223183164333417,0.28410294610424,4,21368.6138086491,,1
6,15,22,0.223632558139535,0.302523255813953,4,0.144675434874841,0.440353090387167,80.2924867713991,69.4578558545782,R1,1.36457340382994,0.297264759199111,0.702735240800889,0.186020452696038,0.290099781194604,2.81094096320356,0.121797798855997,0.42737455555842,0.170793439654859,0.613822605397164,0.237785898920827,0.222809137553059,0.299837394602438,4,17222.935691035,,1
6,16,21,0.223281395348837,0.318302325581395,4,0.140140664672324,0.449504418668977,77.5433336959045,64.9752154767787,R1,1.31120629292249,0.250987241462925,0.749012758537075,0.19106575414684,0.312607974156479,2.9960510341483,0.119994240185732,0.441733277271018,0.192975021801569,0.658633797246612,0.219277606627575,0.222434054952624,0.315580151088273,4,14822.5073006911,,1
6,17,20,0.22293023255814,0.334081395348837,4,0.135868525303493,0.45812574854543,74.9949274913551,60.9000719787942,R1,1.26148295929214,0.208844875784089,0.791155124215911,0.195770058386456,0.333422823151364,3.16462049686365,0.11847737856508,0.454011662070478,0.213327422407651,0.699377680364669,0.202559722338916,0.222058460543209,0.331332480401431,4,13252.807324091,,1
6,18,19,0.222579069767442,0.349860465116279,4,0.131836843486364,0.466261826491755,72.6246041675189,57.1966743362076,R1,1.21462688058495,0.170004519802138,0.829995480197862,0.200210456619967,0.352706517379291,3.31998192079145,0.117218253867607,0.46462705437087,0.232406294731572,0.736796392142242,0.187438709393333,0.221682036207595,0.347093278538351,4,12144.6852180104,,1
6,19,18,0.222227906976744,0.365639534883721,4,0.128025873664918,0.473952499745443,70.4068737080154,53.7908278607723,R1,1.17117222818976,0.134546840024955,0.865453159975045,0.204328068807487,0.370610296775362,3.46181263990018,0.116117473099979,0.473881271865795,0.249804260343186,0.770964215488492,0.173617373225952,0.221305406792896,0.362864336373156,4,11320.0528074361,,1
6,20,17,0.221876744186047,0.381418604651163,4,0.124417974600513,0.481233368956342,68.3154432231867,50.663044981527,R1,1.13037085813517,0.101782194478253,0.898217805521747,0.208197809287245,0.387261644599956,3.59287122208699,0.115173656226366,0.482018827548613,0.266033791621473,0.802473753011587,0.160982444366658,0.220928229527432,0.378644505045125,4,10682.2326881213,,1
6,21,16,0.221525581395349,0.397197674418605,4,0.120997336320922,0.488136339213243,66.3238448298486,47.7762164215778,R1,1.09213082192704,0.0714887488487114,0.928511251151289,0.211826562681411,0.402780587969658,3.71404500460515,0.114350737248289,0.489226078879583,0.281122522219782,0.831572335705638,0.149374885624194,0.22055063751206,0.394434130453778,4,10174.1167011423,,1
6,22,15,0.221174418604651,0.412976744186047,4,0.117749748510408,0.494690087440997,64.4052910189144,45.1238912837299,R1,1.05576297585512,0.0430494919096394,0.956950508090361,0.215284421859619,0.417235738727986,3.82780203236144,0.113662636320516,0.495643185177798,0.29557706473512,0.858770270033445,0.138736346224824,0.220172176706634,0.410231441266772,4,9759.77033925299,,1
6,23,14,0.220823255813954,0.428755813953488,4,0.114662403184087,0.500920460610686,62.5325800850161,42.607749302043,R6,1.02180050646387,0.0167496045890198,0.98325039541098,0.218512909117306,0.430764857371264,3.93300158164392,0.113041179650237,0.50139773255542,0.308915750262852,0.883933993988998,0.128872634793823,0.21979354467625,0.426038872544564,4,9415.42733062037,,1
6,24,13,0.220472093023256,0.44453488372093,4,0.11172372586835,0.506850816423575,60.6475317952698,39.8856359291577,R1,1,0,1,0.220472093023256,0.44453488372093,4,0.11172372586835,0.506850816423575,0.312655167503798,0.901925548433907,0.118341476477758,0.219425891414523,0.441901749783254,4,9124.73739338145,,1
6,25,12,0.220120930232558,0.460313953488372,4,0.108923230595906,0.512502315936288,58.402690914482,36.3374991533855,R1,1,0,1,0.220120930232558,0.460313953488372,4,0.108923230595906,0.512502315936288,0.29856906980351,0.907747489782481,0.105755135452005,0.219081452388298,0.457877125892063,4,8876.07650694538,,1
6,26,11,0.21976976744186,0.476093023255814,4,0.106251394886158,0.517894175854879,55.9217515921578,32.9860480293069,R1,1,0,1,0.21976976744186,0.476093023255814,4,0.106251394886158,0.517894175854879,0.285416678364421,0.913183519915246,0.0940030883287504,0.218736576847538,0.473872747917658,4,8660.95406168639,,1
6,27,10,0.219418604651163,0.491872093023256,4,0.103699551569507,0.523043886837246,53.3164466840697,29.8197206213243,R1,1,0,1,0.219418604651163,0.491872093023256,4,0.103699551569507,0.523043886837246,0.273108134360752,0.918270778487521,0.0830050436142454,0.218391263961912,0.48988865437153,4,8473.02170580369,,1
6,28,9,0.219067441860465,0.507651162790698,4,0.101259794866117,0.527967403029549,50.5957541312839,26.8266245093581,R1,1,0,1,0.219067441860465,0.507651162790698,4,0.101259794866117,0.527967403029549,0.261564751116301,0.923041787580545,0.0726906924577404,0.218045512898981,0.50592488386291,4,8307.43880457832,,1
6,29,8,0.218716279069767,0.523430232558139,4,0.0989248985748411,0.532679307163872,47.7376278363629,23.995096759916,R1,1,0,1,0.218716279069767,0.523430232558139,4,0.0989248985748411,0.532679307163872,0.250717330153877,0.927525147697039,0.0629982039923108,0.217699322824193,0.521981475099071,4,8160.44699450045,,1
6,30,7,0.21836511627907,0.539209302325581,4,0.0966882445889151,0.537192954816109,44.7041116267098,21.3140191824545,R1,1,0,1,0.21836511627907,0.539209302325581,4,0.0966882445889151,0.537192954816109,0.240504772912924,0.931746111553804,0.053872984863877,0.217352692900873,0.538058466885649,4,8029.08785418601,,1
6,31,6,0.218013953488372,0.554988372093023,4,0.0945437602489809,0.541520600829802,41.4417879387196,18.7729462986682,R1,1,0,1,0.218013953488372,0.554988372093023,4,0.0945437602489809,0.541520600829802,0.230872929291614,0.935727059992118,0.0452666503698285,0.217005622290221,0.554155898126948,4,7910.99607457836,,1
6,32,5,0.217662790697674,0.570767441860465,4,0.0924858632845599,0.545673510426214,37.8776510195758,16.3621803665276,R1,1,0,1,0.217662790697674,0.570767441860465,4,0.0924858632845599,0.545673510426214,0.221773637183734,0.939487898947858,0.0371361662570872,0.216658110151301,0.570273807826257,4,7804.26155003756,,1
6,33,4,0.217311627906977,0.586546511627907,4,0.0905094132928073,0.549662057121935,33.9118109965459,14.072779620036,R1,1,0,1,0.217311627906977,0.586546511627907,4,0.0905094132928073,0.549662057121935,0.213163917043833,0.943046392346716,0.0294431290424681,0.216310155641038,0.586412235086166,4,7707.32448736826,,1
6,34,3,0.216960465116279,0.602325581395349,4,0.0886096688665612,0.553495809246016,29.4059895298642,7.63809953210726,R4,1,0,1,0.216960465116279,0.602325581395349,4,0.0886096688665612,0.553495809246016,0.205005293051803,0.946418442674443,0.0221531594533408,0.215961757914207,0.602571219108881,4,7618.89641480294,,1
6,35,2,0.216609302325581,0.618104651162791,4,0.0867822496189266,0.557183606575706,24.1650955973007,-0.2076244881832,R4,1,0,1,0.216609302325581,0.618104651162791,4,0.0867822496189266,0.557183606575706,0.19726321825394,0.949618328572473,0.0152353887743268,0.21561291612343,0.61875079919654,4,7537.90604743539,,1
6,36,1,0.216258139534884,0.633883720930232,4,0.0850231024641257,0.56073362838291,17.9066116350247,-9.76616867602642,R4,1,0,1,0.216258139534884,0.633883720930232,4,0.0850231024641257,0.56073362838291,0.189906585562718,0.952658906947165,0.00866202191126554,0.215263629419167,0.634951014751534,4,7463.4539177177,,1
6,37,0,0.215906976744186,0.649662790697674,4,0.0833284716082736,0.56415345399387,10.2073799664032,-21.6666051377845,R4,1,0,1,0.215906976744186,0.649662790697674,4,0.0833284716082736,0.56415345399387,0.182907310017851,0.955551785625969,0.00240796412923635,0.21491389694971,0.651171905276826,4,7394.77972970182,,1
7,0,36,0.2417,0.0720767441860465,4,0.285906850777206,0.191834003413903,0,0,,0,0,0,0,0,0,0,0,0,0,0,0,0,0,0,,0
7,1,35,0.241348837209302,0.0878558139534884,4,0.270299835392661,0.221387754464193,-151.194882998658,-228.772253569234,R2,1.05604574068641,0.203330949522659,0.796669050477341,0.236559663498182,0.0739147618050728,3.18667620190937,0.277175765765078,0.194862496436756,2.07713787035856,0,1.54510955734536,0.23989504493225,0.0861752756456082,4,24999.9994413748,B-R,1
7,2,34,0.240997674418605,0.10363488372093,4,0.256269868648987,0.247955175215054,-77.518062399225,-128.680673148808,R2,1.14252491565907,0.405166248395564,0.594833751604435,0.228768705201765,0.0704315501717515,2.37933500641774,0.270121529712341,0.187116614683629,1.483761040056,0,1.23053095194,0.239660751123434,0.101789218027315,4,24999.9994413748,B-R,1
7,3,33,0.240646511627907,0.119413953488372,4,0.243589411612387,0.271967137863255,-27.8369139829524,-68.2429416571338,R8,1.24443087610146,0.553661494964479,0.446338505035521,0.219587938985919,0.0663269778625223,1.78535402014208,0.261667481003868,0.177833673038147,1.04719895594035,0,0.999087652200885,0.239425826317937,0.117445211651732,4,24999.9994413748,B-R,1
7,4,32,0.240295348837209,0.135193023255814,4,0.23207268962156,0.293775428958383,8.20696224000975,-21.3031375064405,R8,1.36629577486922,0.667493460850475,0.332506539149525,0.208609060609743,0.0614184986452354,1.3300261565981,0.251351066808125,0.166505766815684,0.712543662828936,0,0.821670216901243,0.239190267963236,0.133143426625616,4,24999.9994413748,B-R,1
7,5,31,0.239944186046512,0.150972093023256,4,0.221566530517581,0.313670098310806,35.4174154779127,14.7624704181818,R2,1.51461979292536,0.757530796940837,0.242469203059163,0.195246465055404,0.0554442979737153,0.969876812236652,0.23848071454671,0.152373516917506,0.447842347466713,0,0.681338868619319,0.238954073493019,0.148884033974458,4,24999.9994413748,B-R,1
7,6,30,0.239593023255814,0.166751162790698,4,0.211943513273599,0.331892432881125,56.1246870097807,40.2124449724652,R2,1.6990694669489,0.830528306932622,0.169471693067378,0.17862928850903,0.0480150267008996,0.677886772269511,0.221974068025345,0.134248445522204,0.233236521128177,0,0.56756563361279,0.238717240327099,0.164667205648693,4,24999.9994413748,B-R,1
7,7,29,0.239241860465116,0.18253023255814,4,0.203096774703027,0.348644790899597,71.0256784929574,60.231000987188,R2,1.93467302236542,0.890905082409723,0.109094917590277,0.157403629553354,0.0385253773681187,0.436379670361106,0.200036557410992,0.110160030858104,0.0557344694228827,0,0.473462957150734,0.238479765871314,0.180493114529958,4,24999.9994413748,B-R,1
7,8,28,0.238890697674419,0.198309302325581,4,0.19493602425243,0.364098148332645,80.2066806942995,73.3813867444045,R2,1.96435898518372,0.833276048158129,0.166723951841871,0.154114572095512,0.0649474254559301,0.666895807367485,0.177595341950632,0.168396214391713,0.0285497611136274,0.0759843382841974,0.413631211974042,0.238159219730575,0.196235109045013,4,24999.9994413748,,1
7,9,27,0.238539534883721,0.214088372093023,4,0.187384451248475,0.378397955380827,87.4797958189671,83.5378418674238,R2,1.9164788340844,0.7518642652082,0.2481357347918,0.157650686718207,0.101809058187056,0.992542939167202,0.16142780167037,0.23455862317903,0.0417212759596022,0.163393970505134,0.368364819848812,0.237811791708152,0.211955401971998,4,24999.9994413748,,1
7,10,26,0.238188372093023,0.229867441860465,4,0.180376299821158,0.391668728651849,93.1428898695491,90.9652806896247,R7,1.86395508126729,0.67872269288125,0.32127730711875,0.161631905903425,0.137655305919158,1.285109228475,0.149361836307444,0.286212122525641,0.0563578125806462,0.24084079242359,0.329830396855571,0.237461466040681,0.227686897799775,4,24999.9994413748,,1
7,11,25,0.237837209302326,0.245646511627907,4,0.173854949179684,0.404017686387907,95.6819976518581,92.3922951276009,R4,1.80509627609537,0.611154421429556,0.388845578570444,0.166213597800576,0.172420196841651,1.55538231428177,0.140364874035939,0.327614069758162,0.0734194086834935,0.311018003153029,0.296927042077187,0.237107228270144,0.243426678975883,4,24999.9994413748,,1
7,12,24,0.237486046511628,0.261425581395349,4,0.167771380504847,0.415537651588398,93.1349968704036,90.0351203998326,R4,1.77572518842665,0.562468450672657,0.437531549327343,0.168202963112732,0.203110891358392,1.75012619730937,0.13189997554914,0.358366003150947,0.0763427581257111,0.365205217154094,0.266086348600296,0.236763316413571,0.259202627721503,4,24999.9994413748,,1
7,13,23,0.23713488372093,0.277204651162791,4,0.162082942569662,0.426309389454944,90.002634775997,85.9388938012336,R4,1.71879244021185,0.507801132003965,0.492198867996035,0.172684275988818,0.234511723434859,1.96879547198414,0.126305702199953,0.38593773173116,0.0919108336867093,0.421301569600108,0.240808063084793,0.236406930430415,0.274969113539856,4,20084.421184089,,1
7,14,22,0.236783720930233,0.292983720930233,4,0.156752350315338,0.436403503707621,86.9328435515834,81.0141685456685,R1,1.64122778945644,0.448863296822488,0.551136703177512,0.179062781287232,0.265015750718011,2.20454681271005,0.123023586360244,0.409672924138901,0.117242307695007,0.478476774519899,0.220060955216667,0.236038980831909,0.290723481861612,4,16206.0738199703,,1
7,15,21,0.236432558139535,0.308762790697674,4,0.151746866655422,0.445881985936705,83.9824302224877,76.0218830673712,R1,1.56598820345586,0.394010728538837,0.605989271461164,0.185285652070028,0.293007258615426,2.42395708584465,0.120598926516658,0.429103986334684,0.142167899548388,0.531167161200981,0.201779477337506,0.235668515409459,0.306483443040956,4,13976.3188329208,,1
7,16,20,0.236081395348837,0.324541860465116,4,0.147037629553238,0.454799489862058,81.2036158116278,71.4869049467584,R1,1.49661165213066,0.344152693824339,0.655847306175661,0.191029479214035,0.318553647869076,2.62338922470264,0.118641076654683,0.445143245951674,0.16505182296402,0.578971811120894,0.185336067465897,0.235297387836366,0.322252895315072,4,12525.9045913756,,1
7,17,19,0.23573023255814,0.340320930232558,4,0.142599095144844,0.463204385846445,78.602037510474,67.3650580703622,R1,1.43198675722453,0.298371188193605,0.701628811806395,0.196389299039738,0.34192832281758,2.80651524722558,0.117066304462619,0.458597500031436,0.186429515371619,0.622726828070783,0.170514805070694,0.234925316271471,0.33803091634075,4,11506.402751669,,1
7,18,18,0.235379069767442,0.3561,4,0.138408574212407,0.471139638638656,76.1630682702887,63.4694583761982,R6,1.37193572028285,0.256257310487253,0.743742689512747,0.201376360232467,0.363352746545516,2.97497075805099,0.115775455102408,0.47002285410896,0.206351426099717,0.662877308272987,0.157076378769594,0.234552483138887,0.353817754308483,4,10750.5110669869,,1
7,19,17,0.235027906976744,0.371879069767442,4,0.134445844247585,0.478643541977909,73.8643270449568,59.7791375699167,R6,1.31628613910478,0.217491469434159,0.782508530565841,0.206001665996854,0.383037350535394,3.13003412226336,0.114693157006466,0.479833336474944,0.224837020607878,0.69977884851803,0.144818549538057,0.234179096598567,0.369613830331037,4,10167.732457725,,1
7,20,16,0.234676744186047,0.387658139534884,4,0.130692823104076,0.485750336571805,71.6803864697153,56.32377865096,R6,1.26487080456191,0.181824803468244,0.818175196531756,0.210275983299742,0.401181950032923,3.27270078612702,0.11376059798631,0.488344270691182,0.241881541245989,0.73371604411005,0.133568677743652,0.233805389571245,0.385419754680046,4,9704.77964965764,,1
7,21,15,0.234325581395349,0.403437209302326,4,0.127133293125768,0.492490732492676,69.5842358732456,53.0721384187701,R6,1.2167004057432,0.148598433854616,0.851401566145384,0.214286337362854,0.417920859676883,3.40560626458154,0.112983309246739,0.495788416559465,0.257986553509717,0.765243670736316,0.123261050046561,0.233430920759369,0.401234062164587,4,9328.20840652034,,1
7,22,14,0.233974418604651,0.419216279069767,4,0.123752666871263,0.498892352806234,67.5479787914379,50.0043317347261,R6,1.17247175640864,0.118111332480317,0.881888667519683,0.217964627541743,0.433465253828876,3.52755467007873,0.112271102169503,0.502364306924161,0.272611151436775,0.794231083093662,0.113686998731004,0.233056585005903,0.417059592819254,4,9015.96059525482,,1
7,23,13,0.233623255813953,0.434995348837209,4,0.120537787296845,0.504980111949029,65.5429339860627,47.0789675268657,R6,1.12963092474537,0.0887976647032303,0.91120233529677,0.221544668300354,0.44775042889762,3.64480934118708,0.111751334366605,0.508171077290645,0.287344084164376,0.821843371125904,0.104992364176111,0.232680345094735,0.432889287047479,4,8752.89329331502,,1
7,24,12,0.233272093023256,0.450774418604651,4,0.117476756626345,0.510776539783837,63.5395787261639,44.2830706198562,R6,1.08972153686849,0.0614803058924779,0.938519694107522,0.224880625469209,0.461018322912927,3.75407877643009,0.11129317745023,0.513354302103974,0.301108537849826,0.847561745242462,0.0969163811726763,0.232303783253467,0.448728284631841,4,8528.26835253196,,1
7,25,11,0.232920930232558,0.466553488372093,4,0.114558789215305,0.51630206021897,61.5074386574365,41.5792217588216,R6,1.05108810287058,0.0350665730753139,0.964933426924686,0.228124826658885,0.473192565554437,3.85973370769874,0.110981819745405,0.517964172356169,0.31500518700682,0.872202328965974,0.0895547327563543,0.231925376889202,0.464570724517674,4,8334.25560141711,,1
7,26,10,0.23256976744186,0.482332558139535,4,0.111774084574103,0.521575231654179,59.4140647141307,38.9477212529405,R6,1.01446432348706,0.00995013288422591,0.990049867115774,0.231206790875879,0.484440481003062,3.9601994684631,0.110746176259219,0.522096881580793,0.328477866084909,0.895532782243015,0.0827514495673645,0.231545990365152,0.480419356837609,4,8165.01504380875,,1
7,27,9,0.232218604651163,0.498111627906977,4,0.10911371739969,0.526612955218727,57.1601662614387,36.5696836407623,R6,1,0,1,0.232218604651163,0.498111627906977,4,0.10911371739969,0.526612955218727,0.32580965347914,0.907869323975616,0.0739627067447448,0.231191051793075,0.496378546723283,4,8016.1008797836,,1
7,28,8,0.231867441860465,0.513890697674419,4,0.106569542015942,0.531430655725001,54.5037877554578,34.3577836874301,R6,1,0,1,0.231867441860465,0.513890697674419,4,0.106569542015942,0.531430655725001,0.312788221287654,0.912901782437869,0.0640512358487806,0.23085323411014,0.512427807711015,4,7884.06747579821,,1
7,29,7,0.231516279069767,0.52966976744186,4,0.104134109067174,0.536042439419329,51.5051941116106,32.1342245515871,R6,1,0,1,0.231516279069767,0.52966976744186,4,0.104134109067174,0.536042439419329,0.300542616223374,0.917634403083962,0.0547302981505887,0.23051498725011,0.528497458321817,4,7766.20662533791,,1
7,30,6,0.23116511627907,0.545448837209302,4,0.101800592670124,0.5404612319284,48.191116682425,29.8562485150939,R6,1,0,1,0.23116511627907,0.545448837209302,4,0.101800592670124,0.5404612319284,0.289005507514655,0.922093207576227,0.045948643758931,0.230176310394598,0.544587537436075,4,7660.35861709947,,1
7,31,5,0.230813953488372,0.561227906976744,4,0.0995627265240119,0.544698899242521,44.5224516792238,27.4676122894202,R6,1,0,1,0.230813953488372,0.561227906976744,4,0.0995627265240119,0.544698899242521,0.278117136479051,0.926301291153555,0.0376607863990924,0.229837202723137,0.560698084033093,4,7564.78114569269,,1
7,32,4,0.230462790697674,0.577006976744186,4,0.0974147477193071,0.548766354120435,40.4126832053354,24.0065610113948,R4,1,0,1,0.230462790697674,0.577006976744186,4,0.0974147477193071,0.548766354120435,0.267824281176008,0.930279222767283,0.029826215341757,0.229497663413171,0.576829137191404,4,7478.05075241463,,1
7,33,3,0.230111627906977,0.592786046511628,4,0.0953513471842116,0.552673649924835,35.727314730413,16.9483102575294,R4,1,0,1,0.230111627906977,0.592786046511628,4,0.0953513471842116,0.552673649924835,0.258079386415859,0.934045381311006,0.0224087331954684,0.229157691640048,0.592980736089088,4,7398.99755769102,,1
7,34,2,0.229760465116279,0.60856511627907,4,0.0933676258717451,0.556430063587363,30.2684328448784,8.56655629870365,R4,1,0,1,0.229760465116279,0.60856511627907,4,0.0933676258717451,0.556430063587363,0.248839829113225,0.937616239543137,0.0153758967186547,0.228817286577015,0.609152920004089,4,7326.64674866544,,1
7,35,1,0.229409302325581,0.624344186046512,4,0.0914590559262587,0.560044169144459,23.7433701527281,-1.60496418417095,R4,1,0,1,0.229409302325581,0.624344186046512,4,0.0914590559262587,0.560044169144459,0.240067295040909,0.941006604955975,0.00869854242590142,0.228476447395209,0.625345728314535,4,7260.18240008311,,1
7,36,0,0.229058139534884,0.640123255813953,4,0.0896214461814094,0.563523903071078,15.707431904116,-14.2329277794986,R4,1,0,1,0.229058139534884,0.640123255813953,4,0.0896214461814094,0.563523903071078,0.231727247762056,0.944229825020162,0.00235038235719895,0.228135173263654,0.641559200499053,4,7198.91573711199,,1
8,0,35,0.2545,0.0783162790697674,4,0.296724198470488,0.205446970734293,0,0,,0,0,0,0,0,0,0,0,0,0,0,0,0,0,0,,0
8,1,34,0.254148837209302,0.0940953488372093,4,0.280761790253339,0.233884020439779,-158.178202208185,-231.910196584979,R2,1.05864463803406,0.198163681902748,0.801836318097252,0.249888236064688,0.0798737513481906,3.20734527238901,0.288996002851583,0.207841670663635,2.22713211991868,0,1.39880866888037,0.252515789409486,0.0923480919585648,4,24999.9994413748,B-R,1
8,2,33,0.253797674418605,0.109874418604651,4,0.266391486837625,0.25948473349989,-86.7893425878329,-147.873756841397,R8,1.14556749952584,0.389279254321036,0.610720745678965,0.243170908424149,0.0768705426423869,2.44288298271586,0.283077414710768,0.20134278353518,1.64591121927019,0,1.12310459098077,0.252298343649617,0.107979256352312,4,24999.9994413748,B-R,1
8,3,32,0.253446511627907,0.125653488372093,4,0.253386406015317,0.282653300844916,-38.0244547459841,-98.4060654322015,R8,1.24804128111083,0.532395746253747,0.467604253746253,0.235251818398144,0.0733300453820457,1.87041701498501,0.275999169088492,0.19357053814959,1.21066517790248,0,0.916644175739605,0.252080311933124,0.123652542442644,4,24999.9994413748,B-R,1
8,4,31,0.253095348837209,0.141432558139535,4,0.241560819696692,0.303720597293203,-2.10272562217034,-53.2882999517305,R8,1.37064916135199,0.643578359017705,0.356421640982295,0.22577678169598,0.0690939094907393,1.42568656392918,0.267383423856969,0.184110046144569,0.872536486925454,0,0.75625170042909,0.251861691888323,0.139368120718885,4,24999.9994413748,B-R,1
8,5,30,0.252744186046512,0.157211627906977,4,0.230761227527428,0.322960083913174,25.5947446239103,-13.0483228572608,R8,1.51997153626803,0.732442543722805,0.267557456277195,0.214237270695537,0.0639347804811458,1.07022982510878,0.256668191549193,0.172344218946155,0.602282625263946,0,0.628055877386495,0.251642481130713,0.155126162591684,4,24999.9994413748,B-R,1
8,6,29,0.252393023255814,0.172990697674419,4,0.220859657280774,0.340599743382849,47.490521433499,22.5617786806673,R8,1.70580694258271,0.8050955195116,0.1949044804884,0.199876062493177,0.0575141162219097,0.779617921953599,0.242979593299818,0.157313496609525,0.381330310973538,0,0.523246408210058,0.251422677262891,0.170926840399248,4,24999.9994413748,B-R,1
8,7,28,0.252041860465116,0.18876976744186,4,0.211748569820876,0.356831156803901,64.8104505680404,50.2443657918215,R1,1.94341337505399,0.865602520981317,0.134397479018683,0.181514031733755,0.0493047488091703,0.537589916074733,0.224880636462464,0.137439993870314,0.197316347879011,0,0.435958769449955,0.251202277874463,0.186770327413628,4,24999.9994413748,B-R,1
8,8,27,0.251690697674419,0.204548837209302,4,0.203336937498885,0.371816490043767,77.7719983781518,70.2070040860683,R1,2.25792594720157,0.916774400231468,0.0832255997685318,0.157208757402863,0.0384382531767452,0.332902399074127,0.199830536413213,0.109933810148231,0.0416923693130289,0,0.362138014790705,0.250981280541953,0.202656797847047,4,24999.9994413748,B-R,1
8,9,26,0.251339534883721,0.220327906976744,4,0.195547192342835,0.385693930539096,85.4406184936412,81.0592188323026,R1,2.35584148107142,0.879240035355694,0.120759964644306,0.149027106098127,0.0626813801648194,0.483039858577223,0.172578838856187,0.163321493669455,0,0.0570432749050772,0.313376630518941,0.250684033908426,0.21846843162895,4,24999.9994413748,G-B,1
8,10,25,0.250988372093023,0.236106976744186,4,0.188312826995606,0.398581961227711,90.9546960142112,88.0655908672607,R6,2.33335467815469,0.81464842511568,0.18535157488432,0.149904583364733,0.102114134064139,0.741406299537281,0.152747191722591,0.234113630434795,0,0.12894534768769,0.276842202290562,0.250354415165983,0.234252494831122,4,24999.9994413748,G-B,1
8,11,24,0.250637209302326,0.251886046511628,4,0.181576491122845,0.410582751800197,94.4433787491425,92.0402353184479,R6,2.26802042303734,0.747118153697027,0.252881846302973,0.154061235222156,0.144467023372137,1.01152738521189,0.139249231460665,0.293799244051794,0.0124225858099245,0.199571603187941,0.246848729423507,0.250012732324166,0.250034257338355,4,24999.9994413748,,1
8,12,23,0.250286046511628,0.26766511627907,4,0.1752884678811,0.421784872873799,95.4496475443325,93.3120040921387,R3,2.11554273807663,0.663111785445877,0.336888214554123,0.164931461336141,0.190765307344029,1.34755285821649,0.133027460119107,0.346194135708093,0.0509010298177621,0.279001414135652,0.22474173289652,0.249643280145127,0.265779595126559,4,18733.4696059051,,1
8,13,22,0.24993488372093,0.283444186046512,4,0.169405444769683,0.432265485721311,92.9329424361859,90.4566536388822,R6,2.02867097230161,0.60215934156985,0.39784065843015,0.170865969822063,0.228764343223493,1.5913626337206,0.126486804080796,0.381031161777028,0.0696663967585722,0.339983698467024,0.202657213341826,0.249289840101421,0.281567663912589,4,15140.35044044,,1
8,14,21,0.249583720930233,0.299223255813954,4,0.163889514574226,0.442092122091359,90.0322622390552,85.6768852907264,R6,1.92941907352482,0.541880821884349,0.458119178115651,0.177817438376175,0.264484596861184,1.83247671246261,0.122249521086054,0.409124718539485,0.0929330244175549,0.398568174410855,0.183926241152913,0.248928911792248,0.297353768406321,4,13091.8951163483,,1
8,15,20,0.249232558139535,0.315002325581395,4,0.158707357671325,0.451324140933674,87.1524900636801,80.8898554088004,R6,1.82949697363812,0.484488487817043,0.515511512182956,0.184890599863428,0.297087120013541,2.06204604873183,0.119375440780506,0.431585155427342,0.117419129852588,0.453493437942573,0.167633028282409,0.248563577391083,0.313142333197182,4,11768.0289448222,,1
8,16,19,0.248881395348837,0.330781395348837,4,0.153829568412179,0.460013928447452,84.3893646320851,76.3308468217932,R6,1.73503887922044,0.431096142799924,0.568903857200076,0.191608191515626,0.32650449470742,2.2756154288003,0.117284134424575,0.449673068125757,0.14123077260097,0.504212870197752,0.153156922271866,0.248195963141726,0.328936956592712,4,10842.4785096557,,1
8,17,18,0.24853023255814,0.346560465116279,4,0.149230096812167,0.468207892712067,81.7706257938707,72.0488948961103,R6,1.64940608424508,0.382405257711294,0.617594742288706,0.197701369368948,0.353028851764701,2.47037896915482,0.11559889063634,0.464447583003529,0.163054848079431,0.550426247507143,0.140027595330383,0.247827875199244,0.344741448972239,4,10159.4034656757,,1
8,18,17,0.248179069767442,0.362339534883721,4,0.144885783158048,0.475947292784901,79.2920477920349,68.0378475247623,R6,1.57106296420903,0.337667135478704,0.662332864521296,0.203281568299966,0.37703842997178,2.64933145808519,0.114236853431364,0.476734263226566,0.183302464607762,0.592816525113067,0.128093039149247,0.247459113485094,0.360555209558276,4,9634.87118059703,,1
8,19,16,0.247827906976744,0.378118604651163,4,0.140775967978441,0.483268933539413,76.9357302717485,64.274381323516,R6,1.49856304726723,0.296163225938939,0.703836774061061,0.208455339629998,0.39881824670433,2.81534709624425,0.113153987904585,0.487095792669897,0.202422895518109,0.632019129677771,0.117243499043649,0.247089331950625,0.376377135601216,4,9219.64420786596,,1
8,20,15,0.247476744186047,0.393897674418605,4,0.136882163513826,0.490205750941736,74.6775972637449,60.733817324077,R6,1.43167516982182,0.257657785945677,0.742342214054323,0.213234864261738,0.418631657753651,2.96936885621729,0.112271566237161,0.495936591439535,0.220379378880157,0.668309941775681,0.107321358169622,0.246718783821439,0.39220767812807,4,8882.9304116555,,1
8,21,14,0.247125581395349,0.409676744186046,4,0.133187775662373,0.496787307404515,72.490669824293,57.3912948689355,R6,1.37017615557924,0.221975394036936,0.778024605963064,0.217632011418268,0.436728012411084,3.11209842385226,0.111527916775538,0.503563659981377,0.23711378668418,0.701905513792029,0.098189010077692,0.246347760330269,0.40804752521748,4,8604.48837504205,,1
8,22,13,0.246774418604651,0.425455813953488,4,0.1296778675798,0.503040212934058,70.3462088070209,54.2171949911727,R6,1.31275691787004,0.188487371405565,0.811512628594435,0.221745864416684,0.453246084460416,3.24605051437774,0.110935870500053,0.510191296649005,0.253116349170167,0.733326237838304,0.0898145787604498,0.245975714952077,0.423894885057487,4,8370.4663517097,,1
8,23,12,0.246423255813954,0.44123488372093,4,0.126338957830578,0.508988484724196,68.2141792788596,51.1862880291544,R6,1.25926257833576,0.157060801599116,0.842939198400883,0.225584573878045,0.468362793458281,3.37175679360353,0.110456350870523,0.515995838540857,0.268350148966353,0.762733586791855,0.0820985057580071,0.245602837984453,0.439750089593259,4,8171.06846299501,,1
8,24,11,0.246072093023256,0.457013953488372,4,0.123158847339062,0.514653855443073,66.0630654117985,48.266847727115,R6,1.20848517451338,0.127062823627591,0.872937176372409,0.229241521249109,0.482118477595241,3.49174870548964,0.110120431923786,0.521087816375338,0.283367043933268,0.79063005054729,0.0750472446925046,0.24522835277307,0.455610290960987,4,7999.17399918624,,1
8,25,10,0.245720930232558,0.472793023255814,4,0.120126470457824,0.520056038555072,63.8590919497276,45.4310442580632,R6,1.16033160107818,0.0983739390599393,0.901626060940061,0.232721393162815,0.494629068730096,3.60650424376024,0.10990246974797,0.525573304321124,0.298162246728465,0.817150404663615,0.0685900433641067,0.244852314650061,0.471475164216554,4,7849.48410928762,,1
8,26,9,0.24536976744186,0.488572093023256,4,0.117231766320909,0.525212957505165,61.5648419818582,42.6410448010203,R6,1.11368762371726,0.0703291308921109,0.929670869107889,0.236112157803581,0.505849439150409,3.71868347643156,0.10984555029746,0.529502371618935,0.313363300381109,0.842805231195652,0.0627651451703296,0.244473667512611,0.48734035985782,4,7717.9749520923,,1
8,27,8,0.245018604651163,0.504351162790698,4,0.114465567330194,0.530140944380586,59.1370162072226,39.8608211854206,R6,1.06851604973093,0.0427949330428481,0.957205066957152,0.239415266500377,0.515844809802887,3.82882026782861,0.109933107133537,0.532939912441062,0.329014336939683,0.867726948100117,0.057526200918041,0.244092280696095,0.503204465062974,4,7601.5369073146,,1
8,28,7,0.244667441860465,0.52013023255814,4,0.11181950217061,0.53485491268934,56.5237501464287,37.0519236995327,R6,1.02520544859505,0.0159105626995207,0.984089437300479,0.242597253888299,0.524756194400522,3.93635774920192,0.110122815428878,0.535958937636646,0.344865293672313,0.891852112815623,0.0527868285487293,0.243708563410055,0.519068093160689,4,7497.7288101586,,1
8,29,6,0.244316279069767,0.535909302325581,4,0.109285911192714,0.539368508106252,53.6385395075589,34.3339018247003,R6,1,0,1,0.244316279069767,0.535909302325581,4,0.109285911192714,0.539368508106252,0.349207681303338,0.907973972241412,0.0466549170017237,0.243344912416918,0.535020692260975,4,7404.60809393755,,1
8,30,5,0.24396511627907,0.551688372093023,4,0.106857772361011,0.543694240396119,50.2312052437423,31.7550187185578,R6,1,0,1,0.24396511627907,0.551688372093023,4,0.106857772361011,0.543694240396119,0.336409166155603,0.912658650165821,0.0382035495087529,0.243014206554199,0.551123877886506,4,7320.61174990065,,1
8,31,4,0.243613953488372,0.567467441860465,4,0.104528636260223,0.547843599200124,46.2170894129084,28.9863433561356,R6,1,0,1,0.243613953488372,0.567467441860465,4,0.104528636260223,0.547843599200124,0.324322405193355,0.917082802624435,0.0302221815521948,0.242683079780727,0.567247559078479,4,7244.46395805551,,1
8,32,3,0.243262790697674,0.583246511627907,4,0.102292568892705,0.551827155942309,41.5113945966529,25.913136279306,R6,1,0,1,0.243262790697674,0.583246511627907,4,0.102292568892705,0.551827155942309,0.312889631321242,0.921267574276085,0.0226726672263584,0.242351531292411,0.583391774990862,4,7175.11742110153,,1
8,33,2,0.242911627906977,0.599025581395349,4,0.100144101198734,0.555654653759239,35.945119363807,17.445677717353,R4,1,0,1,0.242911627906977,0.599025581395349,4,0.100144101198734,0.555654653759239,0.302059164068968,0.925231881874436,0.0155208798656382,0.242019560283107,0.599556564877417,4,7111.70264719899,,1
8,34,1,0.242560465116279,0.614804651162791,4,0.0980781843955626,0.559335087063536,29.2337391566433,6.63313653135287,R4,1,0,1,0.242560465116279,0.614804651162791,4,0.0980781843955626,0.559335087063536,0.291784628519762,0.928992700165879,0.00873619627198716,0.24168716594462,0.615741968092018,4,7053.49066009526,,1
8,35,0,0.242209302325581,0.630583720930233,4,0.0960901503674768,0.562876772109038,20.9206159814754,-6.75248642761531,R4,1,0,1,0.242209302325581,0.630583720930233,4,0.0960901503674768,0.562876772109038,0.282024291507175,0.932565304863367,0.00229105837931391,0.241354347466688,0.631948024088973,4,6999.86905372217,,1
9,0,34,0.2673,0.0845558139534884,4,0.307235219823179,0.218674445179527,0,0,,0,0,0,0,0,0,0,0,0,0,0,0,0,0,0,,0
9,1,33,0.266948837209302,0.10033488372093,4,0.290942824265343,0.246044740937502,-162.701879660144,-232.012379736117,R2,1.06125635855825,0.193639089001186,0.806360910998814,0.263282572921267,0.0858621430433318,3.22544364399526,0.300569704763631,0.220550137716123,2.35847095637061,0,1.27070383473355,0.265150936622984,0.098527952661455,4,24999.9994413748,B-R,1
9,2,32,0.266597674418605,0.116113953488372,4,0.276254703670279,0.270719946212785,-94.2130977445214,-170.484341362503,R8,1.14862633167718,0.375099676982349,0.624900323017651,0.257650023609007,0.0833439212093449,2.4996012920706,0.295739241081083,0.215246062233239,1.79063469533264,0,1.02722362153564,0.264950377555537,0.114176368231378,4,24999.9994413748,B-R,1
9,3,31,0.266246511627907,0.131893023255814,4,0.262945022841118,0.293079451261946,-46.9400438435733,-124.860117842962,R8,1.25167269645109,0.513142058190857,0.486857941809143,0.251006851929783,0.0803738664362545,1.94743176723657,0.289974101352501,0.208915668652133,1.35866502917926,0,0.842001095912158,0.264749277727253,0.129866976111014,4,24999.9994413748,B-R,1
9,4,30,0.265895348837209,0.147672093023256,4,0.250828434754662,0.3134346285179,-11.7180011463337,-81.8656035135031,R8,1.37503037863588,0.621684209269766,0.378315790730234,0.243054254450942,0.076818388534883,1.51326316292094,0.282973943788809,0.201229167614138,1.0190090745757,0,0.696361393210461,0.264547634948126,0.145599947173335,4,24999.9994413748,B-R,1
9,5,29,0.265544186046512,0.163451162790698,4,0.239751396296141,0.332043421660438,15.8015879249431,-42.6687113307094,R8,1.52536123331524,0.70926971317235,0.29073028682765,0.233362756080178,0.0724854761273195,1.1629211473106,0.274294310800964,0.191698523858843,0.744931790849865,0,0.578840903496955,0.26434544701631,0.161375453215242,4,24999.9994413748,B-R,1
9,6,28,0.265193023255814,0.17923023255814,4,0.229585627266879,0.349121334110477,37.9574057487757,-7.36784961468267,R8,1.71259806440196,0.781433513303533,0.218566486696467,0.221292010874251,0.0670888408836837,0.874265946785867,0.263248405603613,0.179569602332076,0.519112934509355,0,0.482012949633302,0.264142711718035,0.177193666963818,4,24999.9994413748,B-R,1
9,7,27,0.264841860465116,0.195009302325581,4,0.220223119927444,0.364849812713079,56.0614629993739,24.2916354401885,R8,1.95223305945163,0.841919125539325,0.158080874460675,0.205843271697883,0.0601819590891794,0.6323234978427,0.248715856056918,0.163612181922746,0.329838093726132,0,0.400854556362223,0.263939426827529,0.193054762082633,4,24999.9994413748,B-R,1
9,8,26,0.264490697674419,0.210788372093023,4,0.211572286562311,0.379382719609191,70.5566603262591,52.6161263179739,R8,2.26984004449519,0.893349146274331,0.106650853725669,0.185367850436838,0.0510277289136156,0.426603414902675,0.228736450337582,0.14167385819176,0.168900498382823,0,0.331846775925449,0.263735590106935,0.208958913178098,4,24999.9994413748,B-R,1
9,9,25,0.264139534883721,0.226567441860465,4,0.203554953385593,0.392851382302655,81.33152678475,71.6802188911943,R1,2.71086876925986,0.937615579172932,0.0623844208270684,0.156935702048982,0.0383161745377651,0.249537683308274,0.19954171477909,0.109616670459549,0.0303795885462536,0,0.272450955380766,0.263531199306233,0.224906295805877,4,24999.9994413748,B-R,1
9,10,24,0.263788372093023,0.242346511627907,4,0.196103991528537,0.405368573466168,86.638260933524,80.7392325052116,R1,2.81834732847701,0.896106583184291,0.103893416815709,0.149211346825385,0.0709609328468723,0.415573667262834,0.167978373645382,0.179743566944234,0,0.0560859725029825,0.235032333681219,0.263236934580181,0.240756186353875,4,24708.0248137532,G-B,1
9,11,23,0.263437209302326,0.258125581395349,4,0.189161432963231,0.417031676082045,92.1369671579082,89.0885717198169,R6,2.78622466578072,0.83599371809028,0.16400628190972,0.150257029665438,0.117952639250919,0.656025127638881,0.146060790368133,0.257981775927908,0,0.121913180623473,0.206403504138447,0.26291411348796,0.256583330217431,4,17301.5894587025,G-B,1
9,12,22,0.263086046511628,0.273904651162791,4,0.182676959372555,0.427925222054553,95.8157511076683,93.6871476957175,R3,2.63725265781535,0.76291942013535,0.23708057986465,0.158770206822867,0.171256524646409,0.948322319458599,0.134052928566443,0.325339608921677,0.0223958694931862,0.194096662689981,0.184613309645251,0.262565914290973,0.272384392223831,4,14015.112202464,,1
9,13,21,0.26273488372093,0.289683720930233,4,0.176606680589773,0.438122944361767,95.195329963412,93.6530461153182,R6,2.44481853208958,0.686683632666681,0.313316367333319,0.170172416460456,0.221898211473546,1.25326546933328,0.127890680015959,0.375220061731394,0.0548770292891604,0.266212890360303,0.167176795507241,0.262202664412292,0.288170908403118,4,12161.1107134694,,1
9,14,20,0.262383720930233,0.305462790697674,4,0.170912139874526,0.447689448135191,92.5894967079528,89.5479030087511,R6,2.31970772428264,0.626902911056155,0.373097088943845,0.177373059872314,0.26437077506879,1.49238835577538,0.121954011300632,0.408982187911667,0.0743414232878754,0.324864954670453,0.150014557630905,0.26185114926121,0.303991912766476,4,10972.9383615255,,1
9,15,19,0.262032558139535,0.321241860465116,4,0.165559498357982,0.45668158074541,89.8321719141571,84.9467170308921,R6,2.18362816310401,0.56796108794211,0.43203891205789,0.185371989901287,0.303063533978747,1.72815564823156,0.11833478757397,0.435295848101167,0.0975624524564269,0.381283766751175,0.13543437311238,0.261491971125141,0.319810236269362,4,10148.0838012975,,1
9,16,18,0.261681395348837,0.337020930232558,4,0.160518862103965,0.465149562301042,87.1243666736473,80.445881906169,R6,2.05358585725597,0.51240611764747,0.48759388235253,0.193073354444129,0.337464416372473,1.95037552941012,0.115900346825451,0.455798506094774,0.121010436638451,0.433914349692721,0.122599037758336,0.261129263177116,0.335632673502151,4,9542.9673003775,,1
9,17,17,0.26133023255814,0.3528,4,0.155763723514262,0.473137924055967,84.5202439877956,76.1684530727432,R6,1.93578710996101,0.461216674650383,0.538783325349617,0.200064468093901,0.367959751181368,2.15513330139847,0.114071789540266,0.472053395167526,0.143041051533019,0.482260415623859,0.111019328347185,0.260765341719651,0.351463571891241,4,9080.68233055412,,1
9,18,16,0.260979069767442,0.368579069767442,4,0.151270495035091,0.480686291755885,82.027729038137,72.1320212660675,R6,1.82810552228634,0.413683179072948,0.586316820927052,0.206472393959837,0.39506111403944,2.34526728370821,0.112706523497564,0.485214602914532,0.164004022743677,0.526976613256146,0.10056048984544,0.260399963838371,0.36730202372759,4,8716.35024683128,,1
9,19,15,0.260627906976744,0.384358139534884,4,0.147018117848002,0.487830043015295,79.6340235551593,68.327990316462,R6,1.73165212279318,0.370017288646792,0.629982711353208,0.212212954646611,0.419300483706234,2.51993084541283,0.111585611262343,0.496071396411486,0.183285428246724,0.568046002284321,0.0909666485993474,0.260034287584805,0.383150601510389,4,8422.03928877988,,1
9,20,14,0.260276744186047,0.400137209302326,4,0.142987731844503,0.494600861741305,77.3171688600135,64.7312900790479,R6,1.64286963192823,0.329173588368815,0.670826411631185,0.217510963206262,0.440983351660259,2.68330564652474,0.11073799212887,0.505149823079577,0.201746219671628,0.606312091187249,0.0822401193474601,0.259667251570929,0.399006453815178,4,8179.47115018539,,1
9,21,13,0.259925581395349,0.415916279069767,4,0.139162395971851,0.501027207936769,75.050386935342,61.3179008859894,R6,1.56143051034693,0.290992329710257,0.709007670289743,0.222380242428985,0.460446858106727,2.83603068115897,0.110081029899089,0.512835778715109,0.219297972319297,0.641980757822799,0.0742534487366337,0.25929916519208,0.41487007297215,4,7976.19264697656,,1
9,22,12,0.259574418604651,0.431695348837209,4,0.135526850203108,0.507134717577013,72.804152046534,58.0633687772688,R6,1.48702048786271,0.255368321147896,0.744631678852104,0.226834183156634,0.478008732021382,2.97852671540842,0.109549495684731,0.519421867081561,0.235830053294167,0.675205908442497,0.0668922637579356,0.258930395798493,0.430742256515236,4,7803.43151593184,,1
9,23,11,0.259223255813954,0.447474418604651,4,0.132067312078426,0.512946544408887,70.5467027201099,54.9316121318848,R6,1.41643590586449,0.221155192166096,0.778844807833904,0.231081873133464,0.493646507553478,3.11537923133562,0.10923798221884,0.525056908564146,0.252436650839895,0.706859984392766,0.060246304576574,0.258559189012634,0.446617562011001,4,7654.83639196852,,1
9,24,10,0.258872093023256,0.463253488372093,4,0.128771302098065,0.518483653280536,68.2433004219062,51.8990717926926,R6,1.35095972584572,0.188760141067938,0.811239858932062,0.235032133413424,0.507703761928566,3.24495943572825,0.109033519527774,0.529938763191057,0.268489236028991,0.73671702824682,0.0541443376810209,0.258186701914605,0.462498861666156,4,7525.69489074649,,1
9,25,9,0.258520930232558,0.479032558139535,4,0.125627493304101,0.523765072835558,65.8551980133027,48.9212288598778,R6,1.28757671033135,0.156938565490738,0.843061434509263,0.238885459964352,0.519992844653381,3.37224573803705,0.109053437761913,0.534108549308092,0.285241824412139,0.765701120707484,0.0487221765323585,0.257810664584948,0.478378417619021,4,7412.44027296774,,1
9,26,8,0.25816976744186,0.494811627906977,4,0.122625581229658,0.528808113990879,63.3374919623433,45.9728403879617,R6,1.22853452025769,0.126543155660844,0.873456844339156,0.242485390169012,0.530968446389886,3.49382737735662,0.109145909625205,0.537740960607993,0.301605421944406,0.793259600361644,0.0437532330701564,0.257433099380134,0.494261880117556,4,7312.32479557047,,1
9,27,7,0.257818604651163,0.510590697674419,4,0.119756171069133,0.533628559484343,60.636189192008,42.9954014909281,R6,1.1710849001269,0.0963084764835763,0.903691523516424,0.246016929517292,0.540357878809057,3.6147660940657,0.109434963282091,0.540822945278762,0.318892243978427,0.820318994400408,0.0393972120139402,0.257051445019807,0.510139865890534,4,7223.19718824021,,1
9,28,6,0.257467441860465,0.526369767441861,4,0.117010679466455,0.53824082886484,57.6845173770409,39.9403307386302,R6,1.11624601750954,0.0665949558375239,0.933405044162476,0.249407808092996,0.548429747150688,3.7336201766499,0.109842957225284,0.54345763216238,0.336597095309678,0.846661402066991,0.0355322597039385,0.256666603624517,0.526014252878116,4,7143.34945107642,,1
9,29,5,0.257116279069767,0.542148837209302,4,0.114381248758525,0.542658122558432,54.3973640160572,36.7215182099231,R6,1.06212924732047,0.0363173628668651,0.963682637133135,0.252786881937883,0.554919431752714,3.85473054853254,0.110466161663019,0.545616106235572,0.35585434789566,0.873078251091842,0.0323005800488256,0.256276105265338,0.541874786349095,4,7071.40970473957,,1
9,30,4,0.25676511627907,0.557927906976744,4,0.111860671869182,0.546892548042218,50.6635670898269,33.2439434180274,R6,1.00917808513335,0.00548681475041085,0.994513185249589,0.256122330153975,0.559959273349363,3.97805274099836,0.11126964851907,0.547353918182456,0.376573664468203,0.899588980381093,0.0296549835462536,0.255879900893097,0.557719316337373,4,7006.26212824041,,1
9,31,3,0.256413953488372,0.573706976744186,4,0.109442326341775,0.550955230665847,46.2567412917621,29.8657177541176,R6,1,0,1,0.256413953488372,0.573706976744186,4,0.109442326341775,0.550955230665847,0.369522633363823,0.908064831373593,0.0229453785878256,0.255543277369721,0.57380433545196,4,6946.99156318951,,1
9,32,2,0.256062790697674,0.589486046511628,4,0.107120116238854,0.554856411256723,40.8399821416789,26.0917401126327,R6,1,0,1,0.256062790697674,0.589486046511628,4,0.107120116238854,0.554856411256723,0.357000974748446,0.91244669703538,0.0156705554792082,0.255219737741088,0.589961733453537,4,6892.83968960263,,1
9,33,1,0.255711627906977,0.60526511627907,4,0.104888420835742,0.558605532311884,34.1334555545783,14.8784235365579,R4,1,0,1,0.255711627906977,0.60526511627907,4,0.104888420835742,0.558605532311884,0.345132187476824,0.916600094998867,0.00877503703656061,0.254895785567736,0.606139733720255,4,6843.17202391375,,1
9,34,0,0.255360465116279,0.621044186046512,4,0.10274204919885,0.56221131430384,25.6821620198268,0.716603546888138,R4,1,0,1,0.255360465116279,0.621044186046512,4,0.10274204919885,0.56221131430384,0.333866508411095,0.920542439521357,0.00222991191224308,0.25457142006011,0.622338375682111,4,6797.45541874829,,1
10,0,33,0.2801,0.0907953488372093,4,0.317452745025428,0.231532572755463,0,0,,0,0,0,0,0,0,0,0,0,0,0,0,0,0,0,,0
10,1,32,0.279748837209302,0.106574418604651,4,0.300854102317206,0.257883251841385,-165.215250336267,-230.253336299068,R6,1.06388099739964,0.189644292191661,0.810355707808339,0.27674316200142,0.0918801550376849,3.24142283123336,0.311904504887809,0.232996279410397,2.47443099437619,0,1.15759912147685,0.277800511241326,0.104714869819702,4,24999.9994413748,B-R,1
10,2,31,0.279397674418605,0.122353488372093,4,0.285869289770395,0.281671943093116,-100.05607922228,-189.91845305353,R8,1.1517015426174,0.362366302259025,0.637633697740975,0.272206668504255,0.0898519620577434,2.5505347909639,0.308116907820721,0.228837320340863,1.92059754316291,0,0.941121738269382,0.277616877609281,0.120380565796207,4,24999.9994413748,B-R,1
10,3,30,0.279046511627907,0.138132558139535,4,0.272273857715977,0.303254964873745,-54.6902700475783,-148.111397874573,R8,1.25532530605818,0.495627772625493,0.504372227374507,0.266853837593957,0.0874587978039281,2.01748890949803,0.303605435011954,0.223883511785563,1.49329438696393,0,0.77410136619253,0.277432748568455,0.136088524855259,4,24999.9994413748,B-R,1
10,4,29,0.278695348837209,0.153911627906977,4,0.259883134020708,0.322925487908416,-20.5945641064141,-107.386442087597,R8,1.37943969445633,0.601565225088709,0.398434774911291,0.260442534698072,0.0845924078192762,1.59373909964516,0.298140643283115,0.217882914382725,1.15360574573307,0,0.641326959016751,0.27724812211136,0.151838918254565,4,24999.9994413748,B-R,1
10,5,28,0.278344186046512,0.169690697674419,4,0.248543786093858,0.34092693076832,6.18164787693404,-69.470539705783,R8,1.53078928924607,0.687801014746467,0.312198985253532,0.2526243589983,0.0810970277244659,1.24879594101413,0.29138466683293,0.210464535649886,0.877090523465621,0,0.533245203387223,0.277062996219651,0.167631918178372,4,24999.9994413748,B-R,1
10,6,27,0.277993023255814,0.18546976744186,4,0.238127443412436,0.357463084240145,27.5600981687039,-34.7975623986305,R8,1.71944347569279,0.759363571561717,0.240636428438283,0.24287916226892,0.0767401076479729,0.962545713753131,0.28281859436807,0.201058586670367,0.647625049996558,0,0.443553825728063,0.276877368864044,0.183467697743744,4,24999.9994413748,B-R,1
10,7,26,0.277641860465116,0.201248837209302,4,0.228525816491775,0.372705860058421,44.6937791278692,-3.30933499811391,R8,1.96113316056235,0.819704293832403,0.180295706167597,0.230394342446589,0.0711583463304905,0.721182824670389,0.271602444435757,0.188742728446805,0.454142410170621,0,0.367927090878739,0.276691238004249,0.199346431006885,4,24999.9994413748,B-R,1
10,8,25,0.277290697674419,0.217027906976744,4,0.219646918062774,0.386801289862641,58.9446179437281,25.2254039150048,R8,2.28188053979898,0.8712708406545,0.1287291593455,0.213825686484232,0.0637507678271994,0.514916637382002,0.256281401844348,0.171919505724956,0.28879418047775,0,0.30329727842612,0.276504601588892,0.215268292969519,4,24999.9994413748,B-R,1
10,9,24,0.276939534883721,0.232806976744186,4,0.211412106611466,0.399874218637656,71.4435066273503,51.8404690913446,R8,2.72806046357281,0.915847286480903,0.0841527135190967,0.190777636420928,0.0534463568611202,0.336610854076387,0.234097278779212,0.147560299033438,0.145859722818126,0,0.247428357369527,0.276317457555441,0.231233459585316,4,22552.7296334427,B-R,1
10,10,23,0.276588372093023,0.248586046511628,4,0.203753750795558,0.412032012499368,83.7898550044257,76.1457262536382,R1,3.39113471384079,0.954764727238038,0.045235272761962,0.156525605566194,0.0381328270232124,0.180941091047848,0.19910762211856,0.109140016376352,0.0210708755918465,0,0.19865202751469,0.276129803830127,0.247242107766377,4,15767.2206176326,B-R,1
10,11,22,0.276237209302326,0.26436511627907,4,0.196613367762439,0.423367514152349,90.1068348710038,86.1451797151779,R1,3.50681592129421,0.910163548162511,0.0898364518374888,0.149485600556329,0.0832855596946059,0.359345807349955,0.16158616142406,0.202561558750791,0,0.0552881348851985,0.16973841295229,0.275837459866882,0.263128498884561,4,12814.3617408795,G-B,1
10,12,21,0.275886046511628,0.280144186046512,4,0.189940126855175,0.433961418286647,94.5592552000175,91.7074210799884,R6,3.45722057245877,0.85398364200437,0.146016357995629,0.150779232574791,0.141419798565095,0.584065431982518,0.137213012315287,0.289565290386745,0,0.115986433654623,0.147037403056018,0.275521490442133,0.278998937041695,4,11172.0976035478,G-B,1
10,13,20,0.27553488372093,0.295923255813953,4,0.183689637690484,0.443884195528379,96.4310290485256,94.4726351889858,R3,3.10788241229537,0.771466046028231,0.228533953971769,0.167474046752002,0.210181462154748,0.914135815887074,0.129143349674678,0.364671194279765,0.0364066709325014,0.192873502132085,0.132512142795758,0.275157518099436,0.294802853350123,4,10131.8075945553,,1
10,14,19,0.275183720930233,0.311702325581395,4,0.177822961491904,0.453197661968212,94.6297750823229,92.6481376630092,R6,2.86843893219182,0.703408105943691,0.296591894056309,0.178741855581401,0.265182541376638,1.18636757622524,0.122747367150397,0.409744723698315,0.0622520854499882,0.257696568525185,0.118370700867835,0.27480277874945,0.31063424208875,4,9416.60933001771,,1
10,15,18,0.274832558139535,0.327481395348837,4,0.172305799125772,0.461956268170565,92.0547231581536,88.3975441357823,R6,2.67946889019723,0.644244506440527,0.355755493559473,0.187554856231751,0.312166982515201,1.42302197423789,0.117757321935513,0.440990355256817,0.0829763883413131,0.314635500215515,0.105176211791573,0.274451576846758,0.32648462119484,4,8896.19522158848,,1
10,16,17,0.274481395348837,0.343260465116279,4,0.167107820060386,0.470208164464439,89.4355971291716,84.0223477845317,R6,2.49278034037907,0.58722186904378,0.41277813095622,0.196381210889516,0.353203076499641,1.65111252382488,0.11474761822114,0.464355658489691,0.105509733565197,0.368651723432088,0.0937819102934066,0.274094500158904,0.342335446326299,4,8501.33005111491,,1
10,17,16,0.27413023255814,0.359039534883721,4,0.162202104515751,0.477996086541915,86.8725439960322,79.7944583723222,R6,2.32396440253484,0.53409520126535,0.46590479873465,0.204397335375328,0.388748680279206,1.8636191949386,0.112674750616026,0.482172926448658,0.12731935780888,0.418702492067856,0.0835877972820867,0.273735193395152,0.358193023598182,4,8191.92044667112,,1
10,18,15,0.273779069767442,0.374818604651163,4,0.157564677137964,0.485358095759439,84.3872883903846,75.7707252450582,R6,2.17212655026605,0.484598819004989,0.515401180995012,0.211631829722057,0.419615645876912,2.06160472398005,0.111207766552352,0.496121814056893,0.148241759500029,0.46512995012237,0.0744020037611502,0.273374085796423,0.374057743844677,4,7943.19207691013,,1
10,19,14,0.273427906976744,0.390597674418605,4,0.153174115145704,0.492328201213157,81.9727754273552,71.9525665455308,R6,2.03641830236393,0.43858375398339,0.56141624601661,0.218112092931972,0.446561852471135,2.24566498406644,0.110122610880235,0.507295363674266,0.168056766184966,0.508169233837102,0.0660505303656651,0.273011745438637,0.389930501806611,4,7739.04326210132,,1
10,20,13,0.273076744186046,0.406376744186047,4,0.149011217433182,0.498936885044628,79.6090757836268,68.3259116279743,R6,1.91603429776625,0.395998664165494,0.604001335834506,0.223864399272795,0.470294635046927,2.41600534333802,0.109258016512247,0.516441127437458,0.186494516475225,0.547966744034339,0.0583731425935791,0.272648884918686,0.405812784332914,4,7568.57004226847,,1
10,21,12,0.272725581395349,0.422155813953488,4,0.145058723846397,0.505211548095418,77.2695870192794,64.8609250747166,R6,1.80400900709226,0.355355915458307,0.644644084541693,0.229249261783932,0.490943458981203,2.57857633816677,0.108741408286778,0.523963462663215,0.204951598220441,0.585659182349733,0.0514906024731966,0.272283222392515,0.421698560457886,4,7424.13469515552,,1
10,22,11,0.272374418604651,0.43793488372093,4,0.141301075975825,0.511176889653512,74.9235255215411,61.5386552122635,R6,1.70401511289707,0.317550726923363,0.682449273076637,0.234057986774116,0.509276173324132,2.72979709230655,0.108320084253254,0.530299722802185,0.222181351325281,0.620699390473941,0.045120262663662,0.271917141229722,0.437593501469039,4,7300.23528973704,,1
10,23,10,0.272023255813953,0.453713953488372,4,0.137724212474656,0.516855232389739,72.5360894868164,58.3185905082442,R6,1.60948862998866,0.280937472661974,0.719062527338026,0.238637453044761,0.525093576552555,2.8762501093521,0.108178405931558,0.535576109454318,0.239831629924362,0.65431010479518,0.0394489210945028,0.271547651800761,0.453489130567577,4,7192.80925896872,,1
10,24,9,0.271672093023256,0.469493023255814,4,0.134315393225419,0.522266801496775,70.0678205230522,55.1764664981923,R6,1.52339017990759,0.246319836094337,0.753680163905663,0.242818687872769,0.539047926606139,3.01472065562265,0.108124399747827,0.540071798109758,0.256819641517295,0.685987849599235,0.0342416443204068,0.27117688720576,0.469390684599566,4,7098.79320348314,,1
10,25,8,0.271320930232558,0.485272093023256,4,0.131063047720259,0.527429965388517,67.4724805502479,52.0606068576407,R6,1.44077920222719,0.212203458963702,0.787796541036298,0.246866910120158,0.550803659579494,3.15118616414519,0.108323538760356,0.54380011262838,0.274673614781405,0.716832235262489,0.029684520976306,0.270801786056089,0.485288558014479,4,7015.83621753646,,1
10,26,7,0.27096976744186,0.501051162790698,4,0.127956643851976,0.532361443996936,64.6943643528797,48.9341244655569,R6,1.36395638759333,0.17925897100886,0.82074102899114,0.250649997681505,0.560904213935522,3.28296411596456,0.108629340390906,0.546953818185817,0.292503187770265,0.746418701628799,0.0255883189032807,0.270424120127494,0.501186993912256,4,6942.10501662267,,1
10,27,6,0.270618604651163,0.51683023255814,4,0.124986573980589,0.537076489643706,61.6641712602308,45.7267192101784,R6,1.28977796675192,0.146324351689851,0.853675648310148,0.254338474137691,0.569056982896064,3.41470259324059,0.109158063219158,0.549518142038738,0.311498313157723,0.77560177408393,0.0220985656533956,0.270041264563685,0.517076721152724,4,6876.14670944122,,1
10,28,5,0.270267441860465,0.532609302325581,4,0.122144055678729,0.541589044608882,58.2933869377033,42.3659571849107,R6,1.2189208436709,0.113505517693558,0.886494482306442,0.257891286537684,0.575519824158042,3.54597792922577,0.109852516342087,0.55158969854678,0.331435134891276,0.804342445403208,0.0191423510116122,0.269653527103139,0.532957156995154,4,6816.79914888851,,1
10,29,4,0.269916279069767,0.548388372093023,4,0.119421044995879,0.545911878825668,54.4657816408687,38.7416877332285,R6,1.15010207546355,0.0801080544271752,0.919891945572825,0.26137791449805,0.580178246303233,3.6795677822913,0.110760591445985,0.5531721879146,0.353003114100981,0.833158666849938,0.016795452815236,0.269259130382431,0.548820621604403,4,6763.11921380391,,1
10,30,3,0.26956511627907,0.564167441860465,4,0.116810160437238,0.550056710565498,50.0246086261351,34.6998657573524,R6,1.08229617552245,0.0453669540467622,0.954633045953238,0.264854904242365,0.582895371999009,3.81853218381295,0.111929819121525,0.554256644474175,0.376981562682757,0.862614385441763,0.0151515666563468,0.2688559131774,0.564657275055927,4,6714.33493653184,,1
10,31,2,0.269213953488372,0.579946511627907,4,0.114304616144162,0.554034312515428,44.7525530131529,30.0095858958362,R6,1.01392753277345,0.0079724801009227,0.992027519899077,0.268411921938288,0.583335728143909,3.96811007959631,0.113454976384466,0.554782614577743,0.404772175043032,0.893652376714776,0.0144059784374482,0.268439991799,0.580449973531127,4,6669.80678821905,,1
10,32,1,0.268862790697674,0.595725581395349,4,0.111898163002496,0.557854605269844,38.2510065009793,23.021849134921,R4,1,0,1,0.268862790697674,0.595725581395349,4,0.111898163002496,0.557854605269844,0.400188287801004,0.903810596722063,0.00881512173908185,0.268102306764736,0.596539024835633,4,6629.00359846104,,1
10,33,0,0.268511627906977,0.611504651162791,4,0.109585036602693,0.561526739944818,29.8486929849356,8.09507516886809,R4,1,0,1,0.268511627906977,0.611504651162791,4,0.109585036602693,0.561526739944818,0.38732621305011,0.908144458329896,0.00216685766293533,0.267786391545056,0.612730254914111,4,6591.47751408167,,1
11,0,32,0.2929,0.0970348837209302,4,0.327388897625822,0.244036610202976,0,0,,0,0,0,0,0,0,0,0,0,0,0,0,0,0,0,,0
11,1,31,0.292548837209302,0.112813953488372,4,0.310506205384912,0.269412191582003,-166.086168253288,-238.445244007416,R8,1.06651865064238,0.186091385295142,0.813908614704858,0.290270496077533,0.0979280076418254,3.25563445881943,0.323007724696588,0.245188135066322,2.57756395417237,0,1.05700564077706,0.290464537989462,0.110908855526299,4,24999.9994413748,B-R,1
11,2,30,0.292197674418605,0.128593023255814,4,0.295244529299457,0.29235129975033,-104.558658530884,-206.680482441412,R8,1.15479326425217,0.35086861410348,0.64913138589652,0.286841467491144,0.0963949443383558,2.59652554358608,0.320219874546285,0.24212694496037,2.03794838915835,0,0.863375451451384,0.290297868635611,0.126591861206254,4,24999.9994413748,B-R,1
11,3,29,0.291846511627907,0.144372093023256,4,0.281381097909608,0.313188772021086,-61.4018454042617,-168.608138422405,R8,1.25899929602137,0.479627366833706,0.520372633166294,0.282793582746044,0.0945852004406172,2.08149053266518,0.316905688152796,0.238487812994856,1.61628680638081,0,0.712070675610715,0.290130749381839,0.142317200901749,4,24999.9994413748,B-R,1
11,4,28,0.291495348837209,0.160151162790698,4,0.268732171513657,0.332200778905866,-28.8445406473917,-130.220567783187,R8,1.38387737999402,0.583013923607363,0.416986076392637,0.277942691847234,0.0924164454597987,1.66794430557055,0.312900572606353,0.2340900084419,1.27771456765745,0,0.590580839262646,0.289963178404025,0.158085046256316,4,24999.9994413748,B-R,1
11,5,27,0.291144186046512,0.17593023255814,4,0.257144852460902,0.34961713367868,-3.69612227901566,-93.7276057975277,R8,1.53625611502761,0.66785513239135,0.33214486760865,0.272023537777667,0.0897700872673772,1.3285794704346,0.307963321527333,0.228668675393545,0.999874982991935,0,0.490883693981904,0.28979515386817,0.173895569842648,4,24999.9994413748,B-R,1
11,6,26,0.290793023255814,0.191709302325581,4,0.246490874450136,0.365630627389561,16.1080756702934,-59.8649467474742,R8,1.72634383006773,0.738730244211684,0.261269755788316,0.264639577858282,0.0864688380355589,1.04507902315326,0.301725667783554,0.221819439281363,0.767771835081572,0,0.4075981488887,0.289626673930338,0.189748945168899,4,24999.9994413748,B-R,1
11,7,25,0.290441860465116,0.207488372093023,4,0.236661834512947,0.380404195446406,32.7303630219859,-28.7661941281781,R8,1.97011478326662,0.798825539091849,0.201174460908151,0.255170291810255,0.0822352731688466,0.804697843632606,0.29359592926595,0.212892605422894,0.570970634236258,0,0.336979997282548,0.289457736736581,0.205645346685025,4,24999.9994413748,B-R,1
11,8,24,0.290090697674419,0.223267441860465,4,0.227565491279232,0.394076481518137,47.9903725558972,1.03394371921375,R8,2.29404945529597,0.850426556053948,0.149573443946052,0.242587044995705,0.0766095067327013,0.598293775784207,0.282559296528995,0.200773865492155,0.401986654321843,0,0.276343495770615,0.289288340422876,0.221584949789187,4,20190.738611049,B-R,1
11,9,23,0.289739534883721,0.239046511627907,4,0.219122861323728,0.406766201879784,63.3151021872897,31.467403692734,R8,2.74547160093342,0.895215375329739,0.104784624670261,0.225051545505872,0.0687696681024304,0.419138498681044,0.266717252831985,0.183378559141822,0.255311387389611,0,0.223712027097644,0.289118483115052,0.237567930834202,4,14094.4247229533,B-R,1
11,10,22,0.289388372093023,0.254825581395349,4,0.211265919815825,0.418575601457709,77.0469536359216,60.0325437975174,R8,3.4180800412749,0.934457452396335,0.0655425476036648,0.19892406133956,0.0570884918805832,0.262170190414659,0.242057955045862,0.156301494617966,0.126800696065596,0,0.177598550940231,0.288948162928726,0.253594467134044,4,11512.1287393417,B-R,1
11,11,21,0.289037209302326,0.270604651162791,4,0.203935763663841,0.429593214721128,88.2809293050136,83.1339522303301,R1,4.52718822035399,0.969123085789902,0.0308769142100979,0.155840738785795,0.0378266341460335,0.123507656840392,0.198381831331971,0.108343064081533,0.0132770284719594,0,0.136862866734141,0.288777377969229,0.269664736970405,4,10106.396329408,B-R,1
11,12,20,0.288686046511628,0.286383720930233,4,0.197081132142871,0.439896089256867,93.2648114225547,89.979504312015,R6,4.64036995053543,0.922058974395126,0.0779410256048737,0.149937155536454,0.10357788757695,0.311764102419495,0.152102319126203,0.236415603071368,0,0.0546129807148163,0.114484734887886,0.288485881309107,0.285585851343032,4,9231.53065687626,G-B,1
11,13,19,0.28833488372093,0.302162790697674,4,0.190657206388456,0.449551590194034,96.3043671167137,94.2082664154307,R6,4.2305178710822,0.850651638091862,0.149348361908138,0.164072638168141,0.190912770616314,0.597393447632551,0.132241778545474,0.346218299310906,0.021058801230221,0.124031782348341,0.0996521083489186,0.288146426978745,0.301448193519581,4,8638.66208443051,,1
11,14,18,0.287983720930233,0.317941860465116,4,0.18462462829595,0.458618874850256,96.1250862569307,94.8179637087284,R6,3.70710075437726,0.773101348025915,0.226898651974085,0.182904142578347,0.267432396854957,0.90759460789634,0.125204335603375,0.411900539615037,0.0549268745897615,0.195834645152526,0.088646917073188,0.287784101229797,0.317283490319778,4,8212.26007341099,,1
11,15,17,0.287632558139535,0.333720930232558,4,0.178948693426549,0.467150105836718,93.8510078114081,91.2551385111463,R6,3.41392949849431,0.713182535933377,0.286817464066623,0.193085114851998,0.326771058792707,1.14726985626649,0.118183735594315,0.450023322585615,0.0739953248372409,0.253628859671005,0.0768492887537716,0.287439979899598,0.333162833352561,4,7891.76630573659,,1
11,16,16,0.287281395348837,0.3495,4,0.173598682948526,0.47519145518589,91.3514605230063,87.0833694663177,R6,3.1301895526735,0.655412234957276,0.344587765042724,0.203099276584696,0.376979445229488,1.3783510601709,0.114139916074494,0.476682668046377,0.0950152854244581,0.308491032806593,0.066697571168358,0.287089482981786,0.349042792939396,4,7642.555777756,,1
11,17,15,0.28693023255814,0.365279069767442,4,0.168547307450616,0.482783940329499,88.8501455894037,82.9477985557619,R6,2.87810923147213,0.601316191823156,0.398683808176844,0.212050454268934,0.419141495447708,1.59473523270738,0.111523370613486,0.495986500567923,0.115702111123921,0.359536446444193,0.0576573071985854,0.286736160569552,0.36492901754524,4,7443.48279895224,,1
11,18,14,0.286579069767442,0.381058139534884,4,0.163770241364714,0.48996412388589,86.3882981427614,78.9705542657556,R6,2.65259730392288,0.550324167045812,0.449675832954188,0.220110068903846,0.45452954106766,1.79870333181675,0.109860932773808,0.510443884317283,0.136225342521491,0.407319012986461,0.0496106836345756,0.286379793880309,0.380820317028613,4,7280.94413593625,,1
11,19,13,0.286227906976744,0.396837209302326,4,0.159245731231587,0.496764702457429,83.9648221525293,75.1683216885941,R6,2.45516298079213,0.502727954864634,0.497272045135366,0.227188899156048,0.484492166345297,1.98908818054146,0.108708957625136,0.521611913246349,0.155858924588525,0.451763855401175,0.0423213197944221,0.286021795701333,0.396719101509204,4,7145.81328949498,,1
11,20,12,0.285876744186047,0.412616279069767,4,0.154954264497615,0.503215004446551,81.5614598927881,71.5313872427361,R6,2.28109289018903,0.458147586835706,0.541852413164294,0.233450252119404,0.510000193724671,2.16740965265718,0.107915176297818,0.530445826104875,0.174694094633853,0.493247152931793,0.035700627927763,0.285662194050418,0.412625049123125,4,7031.74882904207,,1
11,21,11,0.285525581395349,0.428395348837209,4,0.150878288204369,0.50934141288025,79.1511076544391,68.0363695987417,R6,2.12410448267644,0.415815016259607,0.584184983740393,0.239128822421997,0.531582911953964,2.33673993496157,0.107464725404046,0.537511224866312,0.1933087187733,0.53240093747686,0.0297521188994119,0.285300007570171,0.428535368812064,4,6934.21292320389,,1
11,22,10,0.285174418604651,0.444174418604651,4,0.1470019690172,0.515167726099818,76.7004249643951,64.6554185010562,R6,1.98242492790485,0.375546045021496,0.624453954978504,0.244280409803328,0.549858209046731,2.49781581991402,0.107261226675946,0.543234509092516,0.211663961401882,0.569434668988664,0.0243943017011512,0.284935378767939,0.444449752838666,4,6849.87739814304,,1
11,23,9,0.284823255813954,0.459953488372093,4,0.143310987674979,0.520715466713784,74.1700730138138,61.3557642884701,R6,1.85400652669973,0.337093303970587,0.662906696029413,0.248974842309465,0.565298172533039,2.65162678411765,0.107251693462474,0.547909451189106,0.229825919602478,0.604591064211942,0.0195726122313578,0.284568234361265,0.460367371172995,4,6776.24658579536,,1
11,24,8,0.284472093023256,0.475732558139535,4,0.139792362235274,0.52600414726979,71.5132357909387,58.0947808162701,R6,1.73527726990779,0.299801291563279,0.700198708436721,0.253349345140485,0.578033565643659,2.80079483374688,0.107468629989857,0.551693036921874,0.24834849171735,0.638389735142741,0.0153182189952345,0.284197395007479,0.476284324199216,4,6711.4123976431,,1
11,25,7,0.284120930232558,0.491511627906977,4,0.136434295516068,0.531051499557771,68.6729493439361,54.8275697020605,R6,1.62630984866301,0.263734086441896,0.736265913558104,0.257390608505433,0.588534306137536,2.94506365423242,0.107834340541088,0.554777311427501,0.26699889645859,0.670838164108926,0.0115451798886593,0.283823335432164,0.49220094491327,4,6653.89524194606,,1
11,26,6,0.28376976744186,0.507290697674419,4,0.133226042955821,0.535873673223281,65.5779516336163,51.4861889759181,R6,1.52342009521051,0.22797536784421,0.77202463215579,0.261246879019349,0.59663363890271,3.08809852862316,0.10843370325411,0.557190153577533,0.286668398245789,0.702624551781008,0.00835134673708571,0.283443934410151,0.508110110964718,4,6602.52683229868,,1
11,27,5,0.283418604651163,0.52306976744186,4,0.130157797773209,0.540485408378501,62.1366286715786,47.9933056710991,R6,1.4268182311676,0.192499144665376,0.807500855334624,0.26490263422279,0.602658463747629,3.2300034213385,0.109214596980508,0.559046829464145,0.307262600398523,0.73380746164943,0.00568395912367808,0.283059227810116,0.524010408417547,4,6556.37433859975,,1
11,28,4,0.283067441860465,0.538848837209302,4,0.127220590840607,0.544900186097702,58.227879238043,44.2327073860698,R6,1.33429616713566,0.156504316559268,0.843495683440732,0.268447815295381,0.606459848296017,3.37398273376293,0.110238463279333,0.560348027780432,0.329574468738999,0.764984065699713,0.0036349552359136,0.282667057714144,0.53989353860945,4,6514.68477775113,,1
11,29,3,0.282716279069767,0.554627906976744,4,0.124406203117933,0.549130360033811,53.6870420115911,40.0430530691194,R6,1.24461274104894,0.11927714224471,0.88072285775529,0.271932839257387,0.607960310927489,3.52289143102116,0.111543221794765,0.56109871458014,0.354311015746604,0.796686245798016,0.00228648819252132,0.282265275522861,0.555750357424201,4,6476.84181071172,,1
11,30,2,0.28236511627907,0.570406976744186,4,0.121707088846265,0.553187271862484,48.2835465106649,35.1821818140335,R6,1.15597355914224,0.0796218684463363,0.920378131553664,0.275434449315045,0.606874683059263,3.68151252621465,0.113212082986103,0.561249622517949,0.382732770449793,0.829780270599981,0.0018114819906691,0.281850088148076,0.571565348915621,4,6442.33830296812,,1
11,31,1,0.282013953488372,0.586186046511628,4,0.11911630798971,0.557081352825557,41.6844658954638,28.6409529744923,R4,1.06536125596053,0.0352291468098725,0.964770853190127,0.279086681238865,0.602499303981851,3.85908341276051,0.11542263223159,0.560648843462628,0.417363584983438,0.865909991137507,0.00258539057998015,0.281413961112743,0.587308575950467,4,6410.75175157777,,1
11,32,0,0.281662790697674,0.60196511627907,4,0.116627466651901,0.560822213288203,33.3732703501686,15.2660566891135,R4,1,0,1,0.281662790697674,0.60196511627907,4,0.116627466651901,0.560822213288203,0.442480303969943,0.895353527544295,0.00210180493167386,0.280999262422505,0.603123661420727,4,6381.72840245907,,1
12,0,31,0.3057,0.103274418604651,4,0.337055142519779,0.256200985388405,0,0,,0,0,0,0,0,0,0,0,0,0,0,0,0,0,0,,0
12,1,30,0.305348837209302,0.119053488372093,4,0.319909168211798,0.280643546143182,-165.614492629809,-247.414553376746,R8,1.0691694153259,0.182910890611361,0.817089109388638,0.303865072821009,0.104005923356601,3.26835643755455,0.333886389518946,0.257133418824327,2.66988661837606,0,0.966956269964075,0.303143041648868,0.117109921901886,4,24999.9994413748,B-R,1
12,2,29,0.304997674418605,0.134832558139535,4,0.304389249859873,0.302768071726398,-107.924623620974,-221.181154189925,R8,1.15790162990738,0.340435063976888,0.659564936023112,0.301555051673531,0.102973150207524,2.63825974409245,0.332057185604172,0.255124867207926,2.14443813888259,0,0.792824765983301,0.30299337551612,0.132810266648809,4,24999.9994413748,B-R,1
12,3,28,0.304646511627907,0.150611627906977,4,0.290274546300605,0.322889383766536,-67.2198301253215,-186.730851844757,R8,1.26269485461487,0.464952689891398,0.535047310108603,0.298826904220788,0.101753439539944,2.14018924043441,0.329886778073514,0.252741658032207,1.72908857183492,0,0.655179596931716,0.302843305149656,0.148553016504879,4,24999.9994413748,B-R,1
12,4,27,0.304295348837209,0.166390697674419,4,0.277382475427716,0.341267763431947,-36.7905123732998,-150.701610577988,R8,1.3883437099305,0.565853943808648,0.434146056191352,0.29555580911396,0.100290985744621,1.73658422476541,0.327269879552431,0.24986818082607,1.39251540139982,0,0.54364060756412,0.302692828909568,0.164338343500547,4,24999.9994413748,B-R,1
12,5,26,0.303944186046512,0.18216976744186,4,0.265560773014786,0.358120272030332,-13.8182411119992,-115.72005876789,R8,1.54176212751865,0.649275591229823,0.350724408770177,0.291561771652899,0.0985053160979635,1.40289763508071,0.324052917147986,0.246335805356522,1.11424841000554,0,0.451424050450087,0.302541945147064,0.180166420598058,4,24999.9994413748,B-R,1
12,6,25,0.303593023255814,0.197948837209302,4,0.254681450657115,0.373629364305969,5.06003097267367,-82.7902551866317,R8,1.7332997916737,0.719397680913441,0.280602319086559,0.286575352043926,0.0962759684195676,1.12240927634624,0.320002767813313,0.241888551593769,0.880344339182938,0,0.373909186045438,0.302390652204411,0.196037421697766,4,24999.9994413748,B-R,1
12,7,24,0.303241860465116,0.213727906976744,4,0.244636143276324,0.387949520836304,22.6756049045009,-50.3446186582417,R8,1.97917905277861,0.779165845730551,0.220834154269449,0.280174223710123,0.093414127317307,0.883336617077796,0.314747587440151,0.236118117282023,0.680977533096666,0,0.307839831689112,0.302238948414871,0.2119515216445,4,17529.8635148062,B-R,1
12,8,23,0.302890697674419,0.229506976744186,4,0.235332487114741,0.401212411406786,40.0331183663784,-17.3849350211639,R8,2.30634885653642,0.830715645634316,0.169284354365684,0.271656807920812,0.0896061282709249,0.677137417462736,0.307655594980337,0.228330777224628,0.509024470916347,0,0.250855281347615,0.302086832102642,0.227908896233991,4,12214.3068670603,B-R,1
12,9,22,0.302539534883721,0.245286046511628,4,0.22669127141371,0.413530955455301,55.9213523047949,13.8335133963907,R8,2.76310640994439,0.875633124615247,0.124366875384753,0.259765753328977,0.0842898297989151,0.497467501539012,0.297559836016233,0.217245160786589,0.359194635095257,0,0.20120227887272,0.301934301582796,0.24390972221934,4,10061.1202222669,B-R,1
12,10,21,0.302188372093023,0.26106511627907,4,0.218644177596127,0.425002544995949,70.1870116700466,42.8068553739006,R8,3.44545700354708,0.915120877520787,0.0848791224792129,0.242001694259212,0.0763478058716067,0.339516489916852,0.282039263066357,0.200202844380989,0.227476567451867,0,0.157551443224102,0.301781355161217,0.259954177317546,4,8932.72286971257,B-R,1
12,11,20,0.301837209302326,0.276844186046512,4,0.211131969274515,0.435711624865389,82.7415171473683,69.4460935510122,R8,4.57533952658927,0.950107325797511,0.0498926742024892,0.212586757026955,0.0631968624750898,0.199570696809957,0.255115167497769,0.170638925761725,0.110773361479643,0,0.118876472092943,0.301627991134537,0.276042440216087,4,8251.44482890394,B-R,1
12,12,19,0.301486046511628,0.292623255813953,4,0.204103031576859,0.445731774996871,92.2783513780908,88.5063089904183,R6,6.80787240842955,0.981320638499361,0.0186793615006385,0.154465834498243,0.0372119366432491,0.0747174460025541,0.196921551334888,0.106739608214831,0.00665608634191693,0,0.0843724276096669,0.301474207790073,0.29217469057955,4,7800.37238710232,B-R,1
12,13,18,0.30113488372093,0.308402325581395,4,0.197512183588954,0.455127403351154,95.5608993027022,92.9560950051973,R6,6.35309250919143,0.919636154533374,0.0803638454666264,0.163747142019915,0.157457565874544,0.321455381866506,0.143574982390479,0.310635505938208,0.0142114586206392,0.062880344589453,0.0693672308839721,0.301159975801331,0.308092353631322,4,7481.62879682606,,1
12,14,17,0.300783720930233,0.324181395348837,4,0.191319706135346,0.463955131870026,96.8730347098996,95.2511046809616,R3,5.27495034292061,0.841470166634911,0.158529833365089,0.189565419799412,0.271092477136753,0.634119333460355,0.129088254130337,0.415362796081601,0.0463539507747773,0.135401864470365,0.0598255234813194,0.300803336409532,0.323955184903725,4,7245.26866248266,,1
12,15,16,0.300432558139535,0.339960465116279,4,0.185490540680244,0.472264938488576,95.2430832010381,93.530551183974,R6,4.59762225796211,0.774761393732069,0.225238606267931,0.205572462416804,0.35205014921571,0.900954425071724,0.120686145941589,0.465028458441754,0.0707816253657654,0.198246379288255,0.0504217163910523,0.300454706703396,0.33984251013716,4,7063.39721026852,,1
12,16,15,0.300081395348837,0.355739534883721,4,0.179993625211243,0.480101103870696,92.8984745480579,89.6511846156651,R6,4.13617574681209,0.717436366291558,0.282563633708442,0.2162871554532,0.41576447999131,1.13025453483377,0.114489146560297,0.495180450569239,0.0891391963542923,0.253086340276664,0.0412351675399651,0.300112926233356,0.355754312829682,4,6919.31472017244,,1
12,17,14,0.29973023255814,0.371518604651163,4,0.174801340536025,0.487503000744592,90.4741522000668,85.6509280774342,R6,3.72199356559702,0.662590219473326,0.337409780526674,0.226046499759188,0.466566821831254,1.3496391221067,0.110987886556694,0.515435308586077,0.10862945050896,0.304943693182066,0.0332544918074444,0.299765777204806,0.371668461451175,4,6802.45523390376,,1
12,18,13,0.299379069767442,0.387297674418605,4,0.169889046153237,0.494505755545218,88.045986341117,81.7505160905045,R6,3.36131935294275,0.610540071178272,0.389459928821728,0.234629496533609,0.507011074172446,1.55783971528691,0.108941581427098,0.529676896273539,0.128415633165374,0.353748311007077,0.0262219189223858,0.299414659634506,0.387586498587634,4,6705.82734971806,,1
12,19,12,0.299027906976744,0.403076744186046,4,0.165234689235625,0.501140805831057,85.6196558938404,77.9883554812523,R6,3.0543060212074,0.561667067547654,0.438332932452346,0.241975529057538,0.539640320037706,1.75333172980938,0.10764355877339,0.540136478463814,0.14766398984921,0.399361357376357,0.0198998049740618,0.299061228279207,0.403510995347925,4,6624.62911685014,,1
12,20,11,0.298676744186047,0.418855813953488,4,0.160818473632575,0.507436372139791,83.1777459474927,74.360925509485,R6,2.78750754441813,0.515325217893481,0.484674782106519,0.248406212245004,0.565888701967603,1.93869912842608,0.106912058538695,0.547996494692404,0.166758418287542,0.442344656675068,0.0142589322560223,0.298704805211017,0.41943989964343,4,6555.45891302214,,1
12,21,10,0.298325581395349,0.43463488372093,4,0.156622578412017,0.513417859222821,80.6912494949438,70.8480864743393,R6,2.55640800970185,0.471501218463488,0.528498781536512,0.254007768207467,0.587217161974376,2.11399512614605,0.106517947563266,0.554060320457535,0.1854202184177,0.482800705464387,0.00917840055066926,0.298346054374891,0.435374024936086,4,6495.84125769973,,1
12,22,9,0.297974418604651,0.450413953488372,4,0.152630917502065,0.519108198689768,78.1225903542034,67.4192033645593,R6,2.35224349447285,0.429610512703596,0.570389487296404,0.258995213688393,0.604318131673258,2.28155794918561,0.106430989424952,0.5587589649719,0.204055151170836,0.52121937963763,0.00465627156906024,0.297984164237196,0.451310861986491,4,6443.93321827554,,1
12,23,8,0.297623255813953,0.466193023255814,4,0.14882893359693,0.524528142807303,75.4254177342448,64.0334543516338,R6,2.16837112828142,0.389041151745963,0.610958848254037,0.263533990289724,0.617605770054609,2.44383539301615,0.106648573154489,0.562357218781361,0.223134013862663,0.558098909994987,0.000709833395655403,0.297618046285314,0.467246912590697,4,6398.33600795359,,1
12,24,7,0.297272093023256,0.481972093023256,4,0.145203420760726,0.529696517387504,72.4980348906843,60.4919872163699,R6,1.91871722151367,0.334397562277378,0.665602437722622,0.270144296368467,0.615527938411209,2.66240975089049,0.109747315027878,0.562637130656115,0.259804546133117,0.6042914435813,0,0.29720593182964,0.483072956912607,4,6357.96852822758,R-G,1
12,25,6,0.296920930232558,0.497751162790698,4,0.141742371172819,0.534630440261068,69.2509821278589,56.8132180472156,R6,1.70441871585748,0.279483658904655,0.720516341095345,0.275873554275961,0.611269057942661,2.88206536438138,0.112791566817809,0.562317358365454,0.298355996698366,0.650173311895132,0,0.296783265704634,0.498871517769106,4,6321.98241133462,R-G,1
12,26,5,0.29656976744186,0.513530232558139,4,0.138434842266782,0.53934551067829,65.6555037820272,52.964559874068,R6,1.53318022981718,0.227944397403374,0.772055602596626,0.280451605099085,0.607865934615096,3.0882224103865,0.115252252820262,0.56205888460773,0.334538332498647,0.693235586910325,0,0.296360627620887,0.5146690304897,4,6289.70267856146,R-G,1
12,27,4,0.296218604651163,0.529309302325581,4,0.135270841165563,0.543855974053282,61.6130343707151,48.8492824721244,R6,1.39320824500292,0.179477976675599,0.820522023324401,0.284193747856306,0.60508418888876,3.28208809329761,0.117282496006343,0.561845625140704,0.368563428294141,0.733730430600113,0,0.295938017575609,0.530465495178693,4,6260.58631475701,R-G,1
12,28,3,0.295867441860465,0.545088372093023,4,0.132241223841734,0.548174865716788,56.9650920023376,44.3240340534352,R6,1.27665571522868,0.133817541447405,0.866182458552595,0.287309772864519,0.602767871791282,3.46472983421038,0.118986157042584,0.561666670300678,0.400618625673569,0.771880806873181,0,0.295515435566009,0.546260911940372,4,6234.19137807128,R-G,1
12,29,2,0.295516279069767,0.560867441860465,4,0.129337606859355,0.552314136733155,51.4756547369309,39.1729836382888,R6,1.17809874133816,0.0907262665565899,0.90927373344341,0.289944687747719,0.600809190978944,3.63709493377364,0.120436170213047,0.561514358972639,0.430870184053444,0.807884588767833,0,0.295092881589299,0.562055280879013,4,6210.15350150611,R-G,1
12,30,1,0.29516511627907,0.576646511627907,4,0.126552289903367,0.556284764339098,44.7889940601939,33.0606878666374,R6,1.09366827628415,0.0499932483070944,0.950006751692906,0.292201931250481,0.599131254600116,3.80002700677162,0.121685256988462,0.561383153222599,0.45946616508871,0.841917991322796,0,0.294670355642688,0.577848602098876,4,6188.17120595748,R-G,1
12,31,0,0.294813953488372,0.592425581395349,4,0.123878187588924,0.560096849153364,36.3482741188582,21.2030643227866,R7,1.02053022869366,0.0114300524183538,0.988569947581646,0.294157272638482,0.597677739087084,3.95427979032658,0.122772474477721,0.56126895043946,0.486538856131125,0.874138455847388,0,0.294247857723388,0.593640875704209,4,6167.9922367637,R-G,1
13,0,30,0.3185,0.109513953488372,4,0.346462330079649,0.268039352838573,0,0,,0,0,0,0,0,0,0,0,0,0,0,0,0,0,0,,0
13,1,29,0.318148837209302,0.125293023255814,4,0.32907251410785,0.291588690627962,-106.513292231846,-286.906120789501,R6,1.07183338945677,0.180047170270019,0.819952829729981,0.317527394863304,0.110114126900417,3.27981131891993,0.344547243363717,0.268839535922143,2.75301403022031,0,0.885875733581677,0.315836047057714,0.123318081094831,4,1806.55676090359,B-R,1
13,2,28,0.317797674418605,0.141072093023256,4,0.313311850218901,0.312931826076191,-110.326136611234,-233.755755960932,R8,1.16102677434828,0.330924453300343,0.669075546699657,0.3163480589686,0.10958686486772,2.67630218679863,0.343637492610763,0.267840586963741,2.2415079318468,0,0.728514910343637,0.315703423189398,0.139035794339081,4,24999.9994413748,B-R,1
13,3,27,0.317446511627907,0.156851162790698,4,0.298961643673604,0.332364916215311,-72.3331968938367,-202.799031568674,R8,1.26641217232993,0.45144552942853,0.54855447057147,0.314954628471835,0.108963884595988,2.19421788228588,0.342560056900229,0.266657512064063,1.832915835118,0,0.602814769300838,0.315570440911459,0.154795983947155,4,24999.9994413748,B-R,1
13,4,26,0.317095348837209,0.17263023255814,4,0.285840666222937,0.350133380850807,-44.7020410611164,-169.11892756492,R8,1.39283896250479,0.549934422195865,0.450065577804135,0.313282983742948,0.108216519234128,1.80026231121654,0.341263868372865,0.265234236320573,1.49901752875454,0,0.5000935846772,0.315437098769054,0.170598822337524,4,24999.9994413748,B-R,1
13,5,25,0.316744186046512,0.188409302325581,4,0.27379746224731,0.366442321609495,-23.4998903314581,-135.702338518614,R8,1.5473077495756,0.631926644245653,0.368073355754347,0.311240561141477,0.107303385073357,1.47229342301739,0.339674779512968,0.263489342286413,1.22104644685726,0,0.414577970253804,0.315303395299454,0.186444482863089,4,24999.9994413748,B-R,1
13,6,24,0.316393023255814,0.204188372093023,4,0.262704476049884,0.381464474775454,-3.72661724558627,-101.14165812376,R8,1.74031203540513,0.701246636443666,0.298753363556334,0.308688613119912,0.106162450325903,1.19501345422534,0.337680864067095,0.26129992969035,0.986036920994036,0,0.342279140237481,0.315169329031996,0.202333139817521,4,14345.284259069,B-R,1
13,7,23,0.316041860465116,0.219967441860465,4,0.252453516474738,0.39534635311689,15.9221484717811,-65.1263800904785,R8,1.98832711511615,0.760621475086957,0.239378524913043,0.305409299454588,0.104696322145802,0.957514099652172,0.335104844196842,0.258471339158432,0.784743582155994,0,0.280352829656609,0.31503489848802,0.218264968441649,4,9957.32925066565,B-R,1
13,8,22,0.315690697674419,0.235746511627907,4,0.24295221655172,0.408213040245052,33.9472354571944,-31.0127926161448,R8,2.31878085360665,0.812048117891305,0.187951882108695,0.301039962470514,0.10274286214335,0.75180752843478,0.331648241239171,0.254675827131691,0.610396318704722,0,0.226716266977824,0.314900102180823,0.234240144929908,4,8357.83762292025,B-R,1
13,9,21,0.315339534883721,0.251525581395349,4,0.234121242467669,0.420171970233265,50.025599478596,0.26095957716349,R8,2.78096922855607,0.85702241831192,0.14297758168808,0.294928799166688,0.100010659723167,0.571910326752319,0.326766444792885,0.249315385868727,0.457923869087484,0,0.179809318518787,0.3147649386156,0.250258846436826,4,7591.46744141339,B-R,1
13,10,20,0.314988372093023,0.267304651162791,4,0.225892073138698,0.431315934526405,64.3264378941262,28.8372825760623,R8,3.47327605587892,0.89668702718028,0.10331297281972,0.285774955609746,0.0959181240999434,0.413251891278879,0.319349120375083,0.241170816076143,0.3234524038127,0,0.138440231141428,0.31462940628939,0.266321251083582,4,7156.7291198748,B-R,1
13,11,19,0.314637209302326,0.283083720930233,4,0.218205218771319,0.441725494370443,77.0533903617364,55.0354057036045,R8,4.62452612158713,0.931929830170327,0.0680701698296733,0.270552856707208,0.0891125695117138,0.272280679318693,0.306727959594287,0.227312190100999,0.203971801490602,0,0.101682964703808,0.314493503691017,0.282427537964601,4,6880.59657776366,B-R,1
13,12,18,0.314286046511628,0.298862790697674,4,0.211008780387268,0.451470931507983,88.1781353946219,79.0721383545327,R8,6.91734541985649,0.96345120202549,0.0365487979745102,0.240236661152913,0.075558688074392,0.146195191898041,0.280467564200402,0.198477045375087,0.0971076426909351,0,0.068807047765909,0.314357229301041,0.298577887154213,4,6690.88774086042,B-R,1
13,13,17,0.31393488372093,0.314641860465116,4,0.204257276529297,0.460613837056584,94.9879202064524,91.9025329198622,R6,11.5061627590286,0.976812529825489,0.0231874701745108,0.178771878179195,0.0839460726261673,0.0927498806980432,0.195924633358885,0.207001141648279,0.0178521322732424,0.0105136062627386,0.0418984129468074,0.314191399690624,0.314727363661849,4,6552.96180794293,,1
13,14,16,0.313583720930233,0.330420930232558,4,0.197910681065134,0.469208414517354,96.9916229825531,95.4536636428885,R6,8.63964314591363,0.900790568297121,0.0992094317028794,0.212616065120402,0.283215042235599,0.396837726811518,0.142376470760547,0.426718018006685,0.0453867470773783,0.0817842036852105,0.0332436986784077,0.313845251076101,0.330623798647016,4,6448.34436337514,,1
13,15,15,0.313232558139535,0.3462,4,0.191933629068917,0.477302555172546,96.2326286401147,95.1750020211008,R6,6.86623601543138,0.830668711784789,0.169331288215211,0.233642742060403,0.402515865748141,0.677325152860844,0.126929653488412,0.49201270945977,0.0715710454838031,0.147279895603014,0.0255612149411887,0.313496667394961,0.346527360059834,4,6366.35201462982,,1
13,16,14,0.312881395348837,0.361979069767442,4,0.186294757495844,0.484938730945805,94.0968035203107,91.7536372583321,R6,5.92746089587595,0.773010051052,0.226989948948,0.244298015205076,0.487033443620219,0.907959795792,0.116947682066639,0.524581514152443,0.0883217909691809,0.202614449434846,0.0174181799491103,0.31316200617898,0.362466795172998,4,6300.40212624432,,1
13,17,13,0.31253023255814,0.377758139534884,4,0.180966154691401,0.492154739878322,91.7611132578834,87.9277986304898,R6,5.15216149850136,0.718100203856874,0.281899796143125,0.253279853593478,0.548653381861574,1.1275991845725,0.111610451225236,0.543982333990686,0.106002043852289,0.254775960798316,0.0103235469488025,0.312822271461504,0.378410040673202,4,6246.22753554584,,1
13,18,12,0.312179069767442,0.393537209302326,4,0.17592289833686,0.498984331844342,89.3712929369984,84.1300260555422,R6,4.5110828357307,0.665715369653316,0.334284630346684,0.260843772585491,0.593448467598127,1.33713852138674,0.108688368938408,0.556375669022232,0.124379675576939,0.304071208189104,0.00413218800127155,0.312477739965219,0.394356468504682,4,6200.94492281534,,1
13,19,11,0.311827906976744,0.409316279069767,4,0.17114266568812,0.505457736366827,86.9198038785928,80.4387076431547,R6,3.84519130738396,0.608483232873968,0.391516767126032,0.269229438053633,0.616208004184376,1.56606706850413,0.109264781898745,0.562687816583124,0.151347403967636,0.355794803498309,0,0.312110656622585,0.41026881656978,4,6162.53848092636,R-G,1
13,20,10,0.311476744186047,0.425095348837209,4,0.166605403247023,0.51160210994949,84.1448671381949,76.7523345603664,R6,3.07131124743627,0.534009879396107,0.465990120603893,0.279737512071262,0.608396760229517,1.86396048241557,0.114866767792039,0.562099376472068,0.200513743275504,0.418742561450163,0,0.311687477883967,0.426070471385257,4,6129.55655514322,R-G,1
13,21,9,0.311125581395349,0.440874418604651,4,0.16229304555424,0.517441916888259,81.2079241762818,73.0178983645847,R6,2.55674320047036,0.464867387455015,0.535132612544985,0.286724536811232,0.603202910750442,2.14053045017994,0.118665269086366,0.561700376801942,0.246160717134118,0.477184469107641,0,0.311264327221822,0.441871077814529,4,6100.92844131084,R-G,1
13,22,8,0.310774418604651,0.456653488372093,4,0.158189274787767,0.52299925482367,78.1649222994294,69.2523722371635,R6,2.18985456668027,0.400503154005377,0.599496845994623,0.291706307397689,0.599499679757524,2.39798738397849,0.12141044552141,0.561412019787648,0.288653146886411,0.531587607931635,0,0.310841204633358,0.457670635961926,4,6075.84749960727,R-G,1
13,23,7,0.310423255813953,0.472432558139535,4,0.154279314422033,0.528294134168288,74.9901675559118,65.4369256688352,R6,1.91504816296235,0.340438402937434,0.659561597062566,0.295437746131207,0.596725890935593,2.63824638825026,0.123487077881203,0.561193887539604,0.328307114292713,0.582356658002506,0,0.310418110115779,0.473469145931768,4,6053.69375918622,R-G,1
13,24,6,0.310072093023256,0.488211627906977,4,0.15054975144742,0.533344718857533,71.6229631514904,61.5269839883352,R6,1.70152285261297,0.2842562545913,0.7157437454087,0.298337084002686,0.594570649605575,2.8629749816348,0.125112876179982,0.561023111505942,0.365397837882221,0.629843982127892,0,0.309995043666294,0.489266607828357,4,6033.98423170116,R-G,1
13,25,5,0.309720930232558,0.503990697674419,4,0.146988382642171,0.538167534528695,67.9739611848703,57.4520920708502,R6,1.53083661616115,0.231592036407483,0.768407963592517,0.300654734630029,0.592847809204762,3.07363185437007,0.126420277639617,0.560885780303265,0.400166069735495,0.674357815655531,0,0.309572005282109,0.505063021755986,4,6016.33597307314,R-G,1
13,26,4,0.30936976744186,0.51976976744186,4,0.143584081183954,0.542777649155926,63.9196750350509,53.1086815088467,R6,1.39127274898342,0.182125358461762,0.817874641538238,0.302549792433417,0.591439105879491,3.27149856615295,0.127494472792505,0.560772945403803,0.432823327113268,0.716168964537597,0,0.309148994960431,0.520858387818929,4,6000.44186763119,R-G,1
13,27,3,0.309018604651163,0.535548837209302,4,0.140326680529169,0.547188830301219,59.2876313798974,47.9092019749627,R8,1.27503032264085,0.135573589888401,0.864426410111599,0.304128181751368,0.590265800095998,3.4577056404464,0.128392749214483,0.560678589243759,0.463556199236981,0.755516319310036,0,0.308726012698469,0.536652706121451,4,5986.05336641495,R-G,1
13,28,2,0.308667441860465,0.551327906976744,4,0.137206873007119,0.551413682438457,53.8290454119295,41.6889173614161,R8,1.17671448424003,0.0916864555366046,0.908313544463395,0.305463156200885,0.589273438310081,3.63325417785358,0.129155050905334,0.56059851605183,0.492529914505918,0.792611422207458,0,0.30830305849343,0.552445976767798,4,5972.96632593388,R-G,1
13,29,1,0.308316279069767,0.567106976744186,4,0.134216120998603,0.555463767235619,47.1699673688347,33.2212512895582,R7,1.09247521932761,0.0502415346761882,0.949758465323812,0.306606992922754,0.58842315997515,3.79903386129525,0.129810079852667,0.560529710932742,0.519891312193169,0.827642271831153,0,0.307880132342522,0.568238199862208,4,5961.01203164549,R-G,1
13,30,0,0.30796511627907,0.582886046511628,4,0.131346578913828,0.559349709212511,38.7200312106296,20.2306538342029,R7,1.01949132957508,0.0110404908194375,0.988959509180563,0.307597999352957,0.587686489013929,3.95583803672225,0.130378991047337,0.560469951737887,0.545771331468205,0.860776509849431,0,0.307457234242956,0.5840293755089,4,5950.04960925738,R-G,1
14,0,29,0.3313,0.115753488372093,4,0.355620736783639,0.279564644869787,0,0,,0,0,0,0,0,0,0,0,0,0,0,0,0,0,0,,0
14,1,28,0.330948837209302,0.131532558139535,4,0.338005287122081,0.302258427686849,-96.1440151648295,-273.89026000713,R6,1.07451067202075,0.177455143617596,0.822544856382404,0.331257969857872,0.116252845236936,3.29017942552962,0.354996762861395,0.280313598003553,2.8282547804907,0,0.812487662734878,0.328543579111021,0.129533345281311,4,1674.13394042872,B-R,1
14,2,27,0.330597674418605,0.147311627906977,4,0.322020326036604,0.322851670674261,-63.3230350539262,-192.058418815535,R6,1.16416883379897,0.322219505936667,0.677780494063334,0.331221134199055,0.11623637660876,2.71112197625333,0.354969075540254,0.280283196027489,2.33035474380183,0,0.669652874313761,0.328428036651195,0.145268456520276,4,1912.53919475444,B-R,1
14,3,26,0.330246511627907,0.163090697674419,4,0.307449489482208,0.341623113162612,-38.989417896166,-131.749798192915,R6,1.27015144190767,0.438971884673056,0.561028115326944,0.331177591713738,0.116216909466769,2.24411246130777,0.354936344697911,0.280247256028803,1.92879863755354,0,0.554456695866757,0.32831218176427,0.161046115539274,4,2235.21727444727,B-R,1
14,4,25,0.329895348837209,0.17886976744186,4,0.294113073523603,0.358804265681417,-52.3970990988428,-185.720650830516,R8,1.39736341957123,0.535125545627861,0.464874454372139,0.331125327235929,0.116193542862792,1.85949781748856,0.354897054148822,0.280204113164716,1.59808940393949,0,0.459584673510008,0.328196013181324,0.176866495145894,4,24999.9994413748,B-R,1
14,5,24,0.329544186046512,0.194648837209302,4,0.28186058538623,0.37458900635511,-29.8043785502468,-146.846256570621,R8,1.55289341016084,0.615689950090274,0.384310049909726,0.331061428427883,0.116164974737657,1.5372401996389,0.354849012298369,0.280151360961638,1.32099758869535,0,0.380094117399941,0.328079529626556,0.192729769084806,4,9441.97130563201,B-R,1
14,6,23,0.329193023255814,0.210427906976744,4,0.270565039838448,0.389140928808784,-4.99935867474416,-101.540822875694,R8,1.74738124712223,0.684172008850078,0.315827991149922,0.330981523961137,0.116129250741001,1.26331196459969,0.354788928920356,0.280085386597024,1.08546158368133,0,0.31252486059598,0.327962729817235,0.208636112044117,4,6518.67854687041,B-R,1
14,7,22,0.328841860465116,0.226206976744186,4,0.26011854173795,0.402599033123255,14.6731719489909,-66.5445747442083,R8,1.99756013758369,0.743100134317974,0.256899865682026,0.330878739071624,0.116083297276837,1.0275994627281,0.354711628099636,0.280000506673495,0.882785211109714,0,0.25438219206608,0.327845612463658,0.224585699661788,4,6092.32672829053,B-R,1
14,8,21,0.328490697674419,0.241986046511628,4,0.250428828630771,0.415082179965304,31.5541297322235,-35.6737089604552,R8,2.33134760233583,0.794343262932319,0.205656737067681,0.330741603969531,0.11602198638737,0.822626948270722,0.354608471400739,0.279887235784099,0.706540483412847,0,0.203822086551065,0.327728176269098,0.240578708532091,4,5954.61166189782,B-R,1
14,9,20,0.328139534883721,0.25776511627907,4,0.241416538487203,0.426692610532331,46.5725038298729,-7.2574819326753,R8,2.79906450762391,0.839312703988164,0.160687296011836,0.330549444549747,0.115936075014087,0.642749184047342,0.354463880996027,0.279728468744102,0.551873367881792,0,0.159452046192166,0.327610419929757,0.256615316212136,4,5887.7357126935,B-R,1
14,10,19,0.327788372093023,0.273544186046512,4,0.233013031133374,0.437518753177191,60.0976279976256,19.1477894946971,R8,3.50154799390767,0.879094128014085,0.120905871985915,0.33026083231956,0.115807041146947,0.483623487943661,0.354246620437454,0.279489906469783,0.415049828132519,0,0.120200871436122,0.327492342134722,0.272695701228433,4,5848.35238626276,B-R,1
14,11,18,0.327437209302326,0.289323255813954,4,0.225158636747435,0.447637479850575,72.3420524816845,43.7611695395778,R8,4.67478175740798,0.91453636497129,0.0854636350287096,0.329778814422163,0.115591538729426,0.341854540114838,0.353883516172679,0.279091200971699,0.293150413120185,0,0.0852310464332268,0.327373941565911,0.288820043083523,4,5822.42604276272,B-R,1
14,12,17,0.327086046511628,0.305102325581395,4,0.217801236840088,0.457115934207602,83.4119737453066,66.728287963726,R8,7.03039670111198,0.946312648031906,0.0536873519680944,0.328811020451714,0.115158853674742,0.214749407872377,0.353153521602639,0.278289632725657,0.183859616350432,0,0.0538783115814767,0.327255216898025,0.304988522262656,4,5804.07344808938,B-R,1
14,13,16,0.32673488372093,0.320881395348837,4,0.210895106343695,0.466013023331217,92.9859168845136,88.0225752586196,R8,14.1712834331264,0.974963787692927,0.0250362123070728,0.325877218753192,0.113847198315113,0.100144849228291,0.350932770858584,0.275851144342504,0.085317383580749,0,0.0256090648832735,0.327136166798501,0.321201320240524,4,5790.4022855863,B-R,1
14,14,15,0.326383720930233,0.336660465116279,4,0.204399962424603,0.47438064313641,96.7463741307153,94.9074536031726,R6,21.5040493687947,0.953325879946191,0.046674120053809,0.317848314332526,0.337900244845556,0.186696480215236,0.198063904231051,0.473757881080426,0.0496201262831929,0.033368856741265,0.00846358368180141,0.326911290713115,0.337294099483473,4,5779.82486044092,,1
14,15,14,0.326032558139535,0.352439534883721,4,0.198280178205219,0.482264691323103,96.8260037710139,95.5046495032726,R3,13.115279162065,0.882237225792994,0.117762774207006,0.316734785759346,0.544339921797266,0.471051096828023,0.1423749569474,0.550542115782709,0.074989352632226,0.0997718019461623,0.00200093607944704,0.326566933901408,0.353220581545844,4,5771.39842958482,,1
14,16,13,0.325681395348837,0.368218604651163,4,0.192504128976653,0.489705909642939,94.5278727353065,90.4772577812603,R8,7.69194539076461,0.795288275054792,0.204711724945208,0.318195754109401,0.57980858030892,0.818846899780832,0.136545487458013,0.559822214685021,0.122906278608189,0.175872206858516,0,0.3261693073966,0.369066870104936,4,5764.52762818578,R-G,1
14,17,12,0.32533023255814,0.383997674418605,4,0.187043645567454,0.496740588118105,91.1626952284292,83.0756389056975,R8,5.11417728548397,0.705168234558128,0.294831765441872,0.319283348733893,0.579000109896392,1.17932706176749,0.13718699866209,0.559754829487814,0.178503377451982,0.252950304727195,0,0.32574567217843,0.384869522184031,4,5758.81818694199,R-G,1
14,18,11,0.324979069767442,0.399776744186047,4,0.181873554923169,0.503401156907443,87.8027859369703,76.2102991294167,R8,3.83048391893114,0.622162216710964,0.377837783289036,0.31982495602669,0.578597502655078,1.51135113315614,0.137507073412254,0.559721208406804,0.229711674224212,0.323943903177141,0,0.325322065066363,0.400671125835276,4,5753.99898376134,R-G,1
14,19,10,0.324627906976744,0.415555813953488,4,0.176971292084405,0.509716686190686,84.5904181043008,69.8750577890433,R8,3.06192089775568,0.545459841853498,0.454540158146502,0.320149222980224,0.578356456743496,1.81816063258601,0.137698900944479,0.55970105858556,0.277031110533854,0.389546105788698,0,0.324898486057601,0.416471681163002,4,5749.87675768767,R-G,1
14,20,9,0.324276744186047,0.43133488372093,4,0.17231657094485,0.515713310327143,81.496481658898,63.9994153860714,R8,2.55023245307875,0.474369311388323,0.525630688611677,0.320365111135836,0.578195974903758,2.10252275444671,0.137826695544893,0.559687634869347,0.320888472640526,0.450348595829011,0,0.324474935149349,0.432271188271531,4,5746.31034947199,R-G,1
14,21,8,0.323925581395349,0.447113953488372,4,0.167891103656677,0.521414589342516,78.451942855238,58.5056001366302,R8,2.18507656936589,0.408296483597209,0.591703516402791,0.320519175256427,0.578081450355433,2.36681406561116,0.137917933154714,0.559678051148452,0.361650300058119,0.506859532340767,0,0.324051412338809,0.448069647265167,4,5743.19470111451,R-G,1
14,22,7,0.323574418604651,0.462893023255814,4,0.163678360498951,0.526841818287693,75.3697679356017,53.3133233194911,R8,1.91139310991117,0.346728229031741,0.653271770968259,0.320634645945473,0.577995614481014,2.61308708387303,0.137986337179556,0.559670865897946,0.399633153992177,0.559517785986098,0,0.323627917623186,0.463867058248202,4,5740.4495009248,R-G,1
14,23,6,0.323223255813954,0.478672093023256,4,0.15966336356138,0.532014293033611,72.1492794437395,48.3361461056725,R8,1.69863681301085,0.289219077967012,0.710780922032988,0.320724410654859,0.577928887310804,2.84312368813195,0.138039525986356,0.559665278874348,0.435111854828833,0.608704359246415,0,0.323204450999685,0.479663421324916,4,5738.01187561255,R-G,1
14,24,5,0.322872093023256,0.494451162790698,4,0.155832508815281,0.53694953949521,68.6748074016809,43.4738330849349,R8,1.52850015644805,0.235380424517436,0.764619575482564,0.320796193571533,0.577875527021088,3.05847830193026,0.138082068011187,0.559660810203007,0.468326142360846,0.654751619953737,0,0.322781012465511,0.495458736599572,4,5735.83371992573,R-G,1
14,25,4,0.322520930232558,0.510230232558139,4,0.152173412117122,0.541663512023306,64.807096078001,38.5998853607754,R8,1.38934262322755,0.184871733954249,0.815128266045751,0.320854905984329,0.577831882773936,3.260513064183,0.138116869160098,0.559657154643654,0.499486100193045,0.69795082151859,0,0.322357602017868,0.511253004176421,4,5733.87524507262,R-G,1
14,26,3,0.32216976744186,0.526009302325581,4,0.148674775471393,0.546170765696611,60.3644243835834,33.5405624455765,R8,1.27340906357427,0.137393332584561,0.862606667415439,0.320903819894008,0.577795522306675,3.45042666966176,0.138145866019397,0.559654108774665,0.52877660382962,0.738558269620621,0,0.321934219653963,0.527046224159699,4,5732.10484324664,R-G,1
14,27,2,0.321818604651163,0.541788372093023,4,0.145326270510052,0.550484606433834,55.0899711265972,28.0380270077107,R8,1.17533347630737,0.0926804575578052,0.907319542442195,0.32094519928779,0.577764762669943,3.62927816976878,0.138170398914077,0.559651531806507,0.556360991483604,0.776800411305299,0,0.321510865371001,0.54283839665363,4,5730.49639392486,R-G,1
14,28,1,0.321467441860465,0.557567441860465,4,0.1421184366571,0.554617222187095,48.5961956159212,21.6817148505742,R8,1.09128476249012,0.0504983170093615,0.949501682990638,0.320980660557233,0.577738402308748,3.79800673196255,0.138191424987234,0.559649323199584,0.582384111586413,0.812878059956862,0,0.321087539166188,0.558629521762423,4,5729.0290697953,R-G,1
14,29,0,0.321116279069767,0.573346511627907,4,0.139042591863471,0.558579797941147,40.2624244383311,13.772469310479,R8,1.01845454350269,0.0106379659029224,0.989362034097078,0.321011388594603,0.577715560425854,3.95744813638831,0.138209645999557,0.559647409240014,0.606974867074312,0.846969922618373,0,0.320664241036732,0.574419599590271,4,5727.68500951659,R-G,1
15,0,28,0.3441,0.121993023255814,4,0.36454010266341,0.290789118713344,0,0,,0,0,0,0,0,0,0,0,0,0,0,0,0,0,0,,0
15,1,27,0.343748837209302,0.137772093023256,4,0.346716081816476,0.312663023081254,-86.4735436208718,-260.417223091417,R6,1.07720136299513,0.175097896598152,0.824902103401848,0.345057310543043,0.122422307603183,3.29960841360739,0.365241170384954,0.291562437525665,2.89668040186687,0,0.745746909469591,0.341265662760825,0.135755726665385,4,1573.67251177936,B-R,1
15,2,26,0.343397674418605,0.153551162790698,4,0.330522293763521,0.33253628143673,-56.5778723627672,-184.602722853643,R6,1.16732794596218,0.314222007761253,0.685777992238747,0.346174929186819,0.1229219768497,2.74311196895499,0.366059862468137,0.292461399797575,2.41198099457808,0,0.615574543212723,0.341167240954584,0.151508265463678,4,1769.24947580783,B-R,1
15,3,25,0.343046511627907,0.16933023255814,4,0.315744861199407,0.350671367200293,-33.6255107673626,-128.622185110573,R6,1.27391285837229,0.427417505667154,0.572582494332846,0.347496640066486,0.123512892438872,2.29032997733138,0.367025960280751,0.293522220467953,2.01761519928881,0,0.509662450126564,0.341068552862745,0.1673034236202,4,2007.30881309482,B-R,1
15,4,24,0.342695348837209,0.185109302325581,4,0.302205751915203,0.36728676415548,-15.2181660443266,-84.0684839708195,R6,1.40191736665837,0.52131500356573,0.47868499643427,0.349083965583977,0.12422256004304,1.91473998573708,0.368183213011102,0.294792938195679,1.6904823881833,0,0.421806654428236,0.340969597403168,0.183141374332768,4,2313.81230298807,B-R,1
15,5,23,0.342344186046512,0.200888372093023,4,0.289755571389767,0.382565811488027,-0.638018128623104,-46.5265705253737,R6,1.55851954445324,0.60046187000771,0.39953812999229,0.351025917756106,0.125090775497411,1.59815251996916,0.369594583349982,0.296342688965728,1.41473982327146,0,0.347752381589142,0.340870373487843,0.199022291738934,4,2735.8374940667,B-R,1
15,6,22,0.341993023255814,0.216667441860465,4,0.278268027191576,0.396663497154535,10.6654121693023,-49.7937515409814,R8,1.75450812387463,0.668080802979494,0.331919197020506,0.353456282728542,0.12617735242712,1.32767678808202,0.371354095962063,0.298274716265981,1.17915983315386,0,0.284484293584018,0.340770880022847,0.214946350922367,4,3325.30818589272,B-R,1
15,7,21,0.341641860465116,0.232446511627907,4,0.267635629610332,0.409711734131531,22.169057481577,-44.7775081958018,R8,2.0068793092689,0.72651944020505,0.273480559794951,0.356585822678498,0.127576519197868,1.0939222391798,0.373608687468051,0.300750363391543,0.975563399802452,0,0.229805808130414,0.340671115908307,0.230913727919288,4,3958.14621037267,B-R,1
15,8,20,0.341290697674419,0.248225581395349,4,0.257766317984099,0.421823500637149,34.508716689918,-28.420744914923,R8,2.34405130554229,0.777528485937957,0.222471514062043,0.36076693880194,0.129445828693227,0.889886056248174,0.376601520031977,0.304036633793294,0.797851182801318,0,0.182078867573194,0.340571080038357,0.246924599724955,4,4403.88080696406,B-R,1
15,9,19,0.340939534883721,0.264004651162791,4,0.248580788247502,0.433096119803854,46.7537660506692,-7.4458449797699,R8,2.81739681460581,0.822440099009392,0.177559900990608,0.366636680541403,0.132070095430849,0.710239603962431,0.380766172212936,0.308609617046967,0.641382026922305,0,0.140057028964157,0.340470771301099,0.262979144300204,4,4681.59802023293,B-R,1
15,10,18,0.340588372093023,0.279783720930233,4,0.24001035735327,0.443613880492204,58.574860504037,14.5688878151701,R8,3.53028396765455,0.862285917161336,0.137714082838664,0.375476868940056,0.136022400898213,0.550856331354658,0.386958401354066,0.315408974816807,0.502561772979822,0,0.102775033838246,0.340370188578559,0.279077540578044,4,4863.56786868383,B-R,1
15,11,17,0.340237209302326,0.295562790697674,4,0.231995242814668,0.453450148662042,69.7263030604695,36.3069259674457,R8,4.72614166939247,0.897877275926993,0.102122724073007,0.390306154804069,0.142652335120699,0.408490896292029,0.397135322417973,0.326583711043751,0.378563780438524,0,0.0694737509039661,0.340269330746649,0.295219968470302,4,4990.75470013858,B-R,1
15,12,16,0.339886046511628,0.311341860465116,4,0.224483166181685,0.462669081207362,79.3922737640235,57.0009209735615,R8,7.1472046077964,0.929861034145506,0.0701389658544939,0.420328651925745,0.156074908731914,0.280555863417976,0.416967725176632,0.348360618635237,0.267134434929843,0,0.0395479425427504,0.340168196675124,0.311406608874327,4,5084.38877252328,B-R,1
15,13,15,0.33953488372093,0.327120930232558,4,0.21742821145936,0.471327026922378,89.0008894125152,77.0778204158605,R8,14.6540337483807,0.958759242613375,0.0412407573866253,0.513417415828216,0.197693391724652,0.164963029546501,0.472598398707219,0.409445705070302,0.166454945235473,0,0.0125091485810291,0.340066785227536,0.327637643679745,4,5156.1293450274,B-R,1
15,14,14,0.339183720930233,0.3429,4,0.210789885773789,0.479473679266212,92.1951877984997,81.9536598801346,R8,15.2727924394028,0.917354354983915,0.082645645016085,0.515933999394931,0.432818592368238,0.33058258006434,0.288152601627606,0.543897200092327,0.151216984515895,0.0474165712592505,0,0.339803208928224,0.343670500076997,4,5212.83136623506,R-G,1
15,15,13,0.338832558139535,0.358679069767442,4,0.204532341681793,0.487153030756078,89.6472005847144,73.3648603845227,R8,7.63331626521757,0.815502927789249,0.184497072210751,0.418648321758688,0.505136522376687,0.737988288843004,0.203614266453112,0.552777220193428,0.209493147856866,0.135586535530734,0,0.339379145409394,0.359473100839647,4,5258.7689129789,R-G,1
15,16,12,0.338481395348837,0.374458139534884,4,0.19862372957685,0.494404167704385,86.4984877657292,65.6965536688391,R8,5.08819344383238,0.722235214531817,0.277764785468183,0.386237199228768,0.529229537377087,1.11105914187273,0.180100065269251,0.555247183420679,0.262857981732395,0.216325815991414,0,0.338955110023492,0.375274653237145,4,5296.7397853799,R-G,1
15,17,11,0.33813023255814,0.390237209302326,4,0.193035655489586,0.501261935614067,83.3515219230154,58.8097867136673,R8,3.81588860972813,0.636509979128661,0.363490020871339,0.370034905364176,0.541273616034348,1.45396008348535,0.169058082666675,0.556407048081657,0.311907248477075,0.290535781927527,0,0.338531102767717,0.391075157373812,4,5328.65075072961,R-G,1
15,18,10,0.337779069767442,0.406016279069767,4,0.187742724799761,0.507757499142041,80.4082500599147,52.575697093201,R8,3.05258779390975,0.557447848334789,0.442552151665211,0.360314574360577,0.548499286187005,1.77020860666085,0.162645228916657,0.557080662839838,0.357144097632098,0.358977682442085,0,0.338107123639271,0.406874613353955,4,5355.84568866509,R-G,1
15,19,9,0.337427906976744,0.421795348837209,4,0.182722156386913,0.513918815619298,77.6423426206958,46.882931213412,R8,2.5437547807023,0.484301035863881,0.515698964136119,0.353834789180952,0.553316075898251,2.06279585654448,0.158454950077453,0.557520815348692,0.398996388845246,0.42229885544643,0,0.337683172635355,0.422673021281869,4,5379.29820243115,R-G,1
15,20,8,0.337076744186046,0.437574418604651,4,0.177953454851722,0.519771037305732,74.9863434981013,41.6332618918081,R8,2.18031937668068,0.41642961705481,0.58357038294519,0.349206584478028,0.556756481432787,2.33428153178076,0.15550244819685,0.557830950105831,0.437830266755874,0.481053266025411,0,0.33725924975317,0.438470381261833,4,5399.73165328729,R-G,1
15,21,7,0.336725581395349,0.453353488372093,4,0.17341813086127,0.525336854586612,72.3533388934782,36.7356227001481,R8,1.90775198232037,0.353282758131444,0.646717241868556,0.345735547582659,0.559336698884678,2.58686896747422,0.153309857243856,0.558061262800017,0.473960901018405,0.535717755748154,0,0.336835354989919,0.454266693398113,4,5417.693834286,R-G,1
15,22,6,0.336374418604651,0.469132558139535,4,0.169099461572051,0.530636789985041,69.63468060325,32.0992537926167,R8,1.69576054714861,0.294383733536602,0.705616266463398,0.343035921331653,0.561343483305702,2.82246506585359,0.151617249832363,0.558239056552477,0.50766105890969,0.586705012747774,0,0.336411488342803,0.470061957794961,4,5433.60747479651,R-G,1
15,23,5,0.336023255813953,0.484911627906977,4,0.164982284586163,0.53568945102199,66.6940042161935,27.6250164901055,R8,1.52617081797139,0.239317868490141,0.760682131509859,0.340876263869941,0.562948878477459,3.04272852603944,0.150271110051114,0.558380456880407,0.53916800421568,0.634374009515441,0,0.335987649809027,0.485856174556616,4,5447.80452848841,R-G,1
15,24,4,0.335672093023256,0.500690697674419,4,0.161052820089677,0.540511748490747,63.3625569573594,23.192818176155,R8,1.38741784541562,0.187722761460189,0.812277238539811,0.339109300186653,0.564262362220188,3.24910895415924,0.149174934657687,0.558495600613814,0.568689091623966,0.679038467036684,0,0.335563839385792,0.501649343787302,4,5460.54857467683,R-G,1
15,25,3,0.335320930232558,0.51646976744186,4,0.157298516776268,0.545119085541732,59.4316574279696,18.641145171946,R8,1.27179192228109,0.139280298959719,0.860719701040281,0.337636850240088,0.565356917295136,3.44287880416112,0.14826501493564,0.558591179801711,0.596406335604461,0.720973767361202,0,0.335140057070302,0.517441465591231,4,5472.05184478424,R-G,1
15,26,2,0.33496976744186,0.532248837209302,4,0.153707917926116,0.549525522032478,54.627412273162,13.7307804208426,R8,1.17395570611379,0.0937100907210318,0.906289909278968,0.336390945105995,0.566283068836388,3.62515963711587,0.147497596894058,0.558671790421983,0.622480166594813,0.760422636590788,0,0.334716302859761,0.533232540072599,4,5482.48761091465,R-G,1
15,27,1,0.334618604651163,0.548027906976744,4,0.150270544629681,0.553743917837147,48.5499603104426,8.07562173547748,R8,1.09009689728098,0.0507640389749649,0.949235961025035,0.335323036671299,0.56707690539396,3.79694384410014,0.146841635886297,0.558740693445948,0.647052538286966,0.797599846104159,0,0.334292576751374,0.549022567335589,4,5491.99712844781,R-G,1
15,28,0,0.334267441860465,0.563806976744186,4,0.146976793649122,0.557786058192523,40.5538301702194,1.00071272881675,R8,1.01741986403636,0.0102218196562675,0.989778180343733,0.334397523682374,0.567764891387183,3.95911272137493,0.146274494381543,0.558800266750201,0.670249513138444,0.832696124352515,0,0.333868878742345,0.56481154748437,4,5500.69905285221,R-G,1
16,0,27,0.3569,0.128232558139535,4,0.373229665857221,0.301724399998541,-122.616741404982,-351.565620632811,R6,1.00232424709537,0.00608681168812574,0.993913188311874,0.356969959837571,0.12774826071802,3.9756527532475,0.373884571807313,0.301053297324216,3.54726677264076,0,0.833162588884006,0.354083365727657,0.126257759935208,4,1341.8629848599,B-R,1
16,1,26,0.356548837209302,0.144011627906977,4,0.355213070847534,0.322812238628228,-77.2001241787149,-246.532191598641,R6,1.0799055633611,0.172944912598592,0.827055087401409,0.358925934805849,0.128622745538088,3.30822034960563,0.375286446405532,0.302592621326041,2.95917672353688,0,0.684789456681034,0.354002323016341,0.141985237479081,4,1492.10890191755,B-R,1
16,2,25,0.356197674418605,0.159790697674419,4,0.338825012858162,0.341993927629287,-50.2763672589723,-176.50468710182,R6,1.17050425003942,0.306849084978204,0.693150915021796,0.361210102848252,0.129643960181402,2.77260366008719,0.376917448069265,0.304383537582881,2.48723253335222,0,0.565719532220666,0.353921061210125,0.157755233468728,4,1661.320665133,B-R,1
16,3,24,0.355846511627907,0.17556976744186,4,0.323854232366375,0.359516739403739,-29.128951663937,-124.461735793985,R6,1.27769661906504,0.416684383668282,0.583315616331718,0.36391262970261,0.130852216293207,2.33326246532687,0.378838749906038,0.30649321703342,2.10011889698974,0,0.468052069842915,0.353839579419338,0.173567920557252,4,1856.93076386621,B-R,1
16,4,23,0.355495348837209,0.191348837209302,4,0.310124495722837,0.375586949707704,-11.6897726726246,-83.0471465492801,R6,1.40650109302901,0.508405134433902,0.491594865566098,0.367160039504384,0.13230408077115,1.96637946226439,0.38113542857333,0.309015077834332,1.77684984066419,0,0.386492379274427,0.353757876749486,0.189423472333807,4,2089.47153087366,B-R,1
16,5,22,0.355144186046512,0.207127906976744,4,0.297487625136606,0.390377995827319,2.89453207136397,-48.5533112507917,R6,1.56418659396121,0.586151253325167,0.413848746674832,0.371135595830696,0.134081487800924,1.65539498669933,0.383929403782142,0.312082993541551,1.50283426319496,0,0.317359174991397,0.353675952301218,0.205322063329945,4,2372.91942468764,B-R,1
16,6,21,0.354793023255814,0.222906976744186,4,0.285818129361082,0.404036761186242,14.9213426933111,-30.645438886438,R8,1.76169337413047,0.652890436031201,0.347109563968799,0.376115123591648,0.136307754245371,1.3884382558752,0.387401803593822,0.315895851254247,1.26761254473729,0,0.258013530250576,0.353593805170296,0.221263869026025,4,2719.89960760069,B-R,1
16,7,20,0.354441860465116,0.238686046511628,4,0.275009022013713,0.416688469866474,25.5091777795533,-28.1675649823806,R8,2.01628584155314,0.710805623907782,0.289194376092218,0.382533891890001,0.139177481890903,1.15677750436887,0.39183387305676,0.320762471214923,1.06349092585062,0,0.206514335542716,0.353511434447557,0.237249065857665,4,3121.06980851087,B-R,1
16,8,19,0.354090697674419,0.25446511627907,4,0.264968531952272,0.428440537005954,36.0106507731493,-19.7240012268153,R8,2.35689421432078,0.761538312246022,0.238461687753978,0.391121287453615,0.143016767764229,0.953846751015911,0.397687239158426,0.327189741488035,0.884683969441493,0,0.161401944638417,0.353428839218883,0.253277831222255,4,3522.38778593569,B-R,1
16,9,18,0.353739534883721,0.270244186046512,4,0.255617491316016,0.439385626011451,46.4398099864497,-5.81641882641543,R8,2.83597083740573,0.806346620559738,0.193653379440262,0.403199735303507,0.148416846735587,0.774613517761049,0.405776140891392,0.336071734643328,0.726757443293299,0,0.121557615732925,0.353346018565169,0.269350343485516,4,3864.40240905764,B-R,1
16,10,17,0.353388372093023,0.286023255813953,4,0.246887243771847,0.449604096888422,56.6276285191052,11.3184761491812,R8,3.55949549618665,0.846211041209276,0.153788958790724,0.421441190716051,0.156572306857983,0.615155835162895,0.417683573451929,0.349146653586744,0.586255609882978,0,0.0861094779262823,0.353262971562281,0.285466781988117,4,4132.03173759445,B-R,1
16,11,16,0.353037209302326,0.301802325581395,4,0.238717955975733,0.45916598262051,66.6174095199611,29.8019191770021,R8,4.77864265854761,0.881907015022257,0.118092984977743,0.452178247613336,0.170314348605005,0.472371939910971,0.436948865918961,0.370300847502774,0.46044543418314,0,0.0543679957161425,0.353179697281031,0.301627327052347,4,4337.96228639966,B-R,1
16,12,15,0.352686046511628,0.317581395348837,4,0.231057244392304,0.468132596432557,76.2439793659972,48.5493424826154,R8,7.26795954907305,0.914055871343717,0.0859441286562829,0.514938738931935,0.198373550715536,0.343776514625131,0.473441025751204,0.410370949050784,0.347137045860622,0,0.0257806722171304,0.353096194787136,0.317832159988838,4,4498.38236701456,B-R,1
16,13,14,0.35233488372093,0.333360465116279,4,0.223859050833133,0.476557847936488,85.2881577501688,66.8622313482021,R8,15.0433743386315,0.942597379717321,0.0574026202826792,0.710930814507382,0.28786646406113,0.229610481130717,0.565067650205083,0.514809672018942,0.245190241578195,0.000395296171491512,0,0.353011076577152,0.334079552049178,4,4625.87279755494,R-G,1
16,14,13,0.351983720930233,0.349139534883721,4,0.217082715696125,0.48448932787446,82.2316429360019,57.6688786611857,R8,7.57557413826786,0.836822229901135,0.163177770098865,0.517581144984425,0.431594176171024,0.65271108039546,0.289800378573698,0.543724115392075,0.300811640867058,0.0930994144755608,0,0.352586613017003,0.349881053103447,4,4729.25252066957,R-G,1
16,15,12,0.351632558139535,0.364918604651163,4,0.210692209507778,0.491969207573672,79.4908558396255,49.7031811333887,R8,5.06247230212745,0.740194508839407,0.259805491160593,0.452514137772365,0.479962151681409,1.03922196464237,0.230447833467055,0.549958586327783,0.351622904806528,0.177786486063979,0,0.352162177613794,0.365681505959572,4,4814.61606666684,R-G,1
16,16,11,0.351281395348837,0.380697674418605,4,0.204655492094633,0.499034989015337,76.8631530805847,42.7152181678911,R8,3.80140410346992,0.651576794954267,0.348423205045732,0.419863676737739,0.504233080488364,1.39369282018293,0.204535436457366,0.5526804592608,0.398222141551994,0.25545337706929,0,0.351737770364724,0.381480910721846,4,4886.22738965042,R-G,1
16,17,10,0.35093023255814,0.396476744186046,4,0.198943975319873,0.505720133684023,74.3029563149306,36.5111443323034,R8,3.04331141401264,0.570012736096969,0.429987263903031,0.400235812166966,0.51882357901531,1.71994905561213,0.190013660714234,0.554205846060013,0.441112244692532,0.326938259622584,0,0.35131339126699,0.397279267494552,4,4947.13037196872,R-G,1
16,18,9,0.350579069767442,0.412255813953488,4,0.193532070370397,0.512054592453419,71.8346347313917,30.9376882261297,R8,2.53730993194476,0.494692397433123,0.505307602566877,0.387134869893338,0.528562248153551,2.02123041026751,0.180725166975491,0.555181521899131,0.480719114913698,0.392950981876627,0,0.350889040317793,0.413076576381957,4,4999.54382756178,R-G,1
16,19,8,0.350227906976744,0.42803488372093,4,0.188396804467541,0.518065254213965,69.3599653826646,25.4190041633615,R8,2.17558285303679,0.424925273817325,0.575074726182674,0.377769352701146,0.535524165192669,2.3002989047307,0.174272950814377,0.555859271337763,0.517405851322139,0.454096720669273,0,0.350464717514331,0.428872837488315,4,5045.11927195702,R-G,1
16,20,7,0.349876744186047,0.443813953488372,4,0.1835174948905,0.523776327417841,67.0743440736451,20.6550066060427,R8,1.90412470075891,0.360119059169597,0.639880940830403,0.370740998617746,0.540748737103226,2.55952376332161,0.169529981325985,0.55635747921362,0.551483915476007,0.510894588599332,0,0.350040422853805,0.444668050917867,4,5085.10836910576,R-G,1
16,21,6,0.349525581395349,0.459593023255814,4,0.178875470557361,0.529209665959318,64.7672459808414,16.2175285480832,R8,1.69289400546118,0.299762789279717,0.700237210720283,0.365272000514806,0.544814151783315,2.80094884288113,0.165896507238396,0.556739144204633,0.583221995667482,0.56379240811542,0,0.349616156333415,0.460462216774838,4,5120.47684335541,R-G,1
16,22,5,0.349174418604651,0.475372093023256,4,0.174453833261199,0.534385048640138,62.3201051097514,12.0007847959057,R8,1.52384856822376,0.243413341866259,0.756586658133741,0.360895225755537,0.548067655262903,3.02634663253496,0.16302398784987,0.55704087749354,0.612853105807599,0.613178543218646,0,0.349191917950362,0.476255335163441,4,5151.98046058216,R-G,1
16,23,4,0.348823255813954,0.491151162790698,4,0.170237252124646,0.539320419753759,59.5649383601502,7.88457727674258,R8,1.38549839335145,0.19068453888757,0.80931546111243,0.357313185546601,0.55073038773711,3.23726184444972,0.16069603337726,0.557285408953363,0.640580315928295,0.659391450483377,0,0.348767707701846,0.492047406187875,4,5180.21920946411,R-G,1
16,24,3,0.348472093023256,0.50693023255814,4,0.166211786003282,0.544032096956413,56.2688499577853,3.71405949815505,R8,1.27017888309335,0.141238284107892,0.858761715892108,0.354327434910574,0.552949864547728,3.43504686356843,0.158771195664789,0.557487596488081,0.66658141245445,0.702727446326958,0,0.348343525585069,0.507838429952325,4,5205.6751158571,R-G,1
16,25,2,0.348120930232558,0.522709302325581,4,0.162364729502391,0.548534951499486,52.1142000436717,-0.735731386883003,R8,1.17258116228643,0.0947773058497381,0.905222694150262,0.351800521153121,0.554828262033246,3.62089077660105,0.157153110432987,0.557657562330844,0.691012714395774,0.743447067452066,0,0.347919371597232,0.523628406560961,4,5228.74033611129,R-G,1
16,26,1,0.347769767441861,0.538488372093023,4,0.158684479023578,0.552842565017596,46.6562127620472,-5.8285348458961,R8,1.0889116152464,0.0510391756803909,0.948960824319609,0.349634223336458,0.55643859335528,3.79584329727844,0.155773860888974,0.557802440552659,0.714012218594304,0.781780313026893,0,0.347495245735538,0.539417336117941,4,5249.7362782451,R-G,1
16,27,0,0.347418604651163,0.554267441860465,4,0.155160415866059,0.556967366354732,39.2088572908509,-12.2121099858561,R8,1.01638728476213,0.00979134876653669,0.990208651233463,0.347756487596979,0.557834420213676,3.96083460493385,0.154584201808474,0.557927403937926,0.735702207732209,0.817930991448552,0,0.34707114799719,0.555205218727407,4,5268.92901763121,R-G,1
17,0,26,0.3697,0.134472093023256,4,0.381698194526314,0.312381522917475,-109.371968448749,-327.906187105699,R6,1.00466516279368,0.0116232454020596,0.98837675459794,0.369900135483849,0.133529133432063,3.95350701839176,0.383063209150587,0.311131871245521,3.58400927106922,0,0.763824669166934,0.366817474480928,0.13247699706138,4,1285.92966037126,B-R,1
17,1,25,0.369348837209302,0.150251162790698,4,0.36350403054148,0.332715362748733,-68.2186817610992,-232.35119369447,R6,1.08262337511642,0.170970744103948,0.829029255896052,0.372864365746814,0.134854392911446,3.31611702358421,0.385138341134545,0.313410463406275,3.01648243008057,0,0.628894808679244,0.366753584944128,0.148221889982473,4,1423.18715785993,B-R,1
17,2,24,0.368997674418605,0.16603023255814,4,0.346935406460557,0.351232495416475,-44.1727197481714,-167.884536214498,R6,1.17369788675139,0.3000303216177,0.6999696783823,0.37632732129094,0.136402624409812,2.7998787135292,0.387549110961205,0.316057601646577,2.55682805883286,0,0.519611695166999,0.366689522586033,0.164009372863106,4,1574.17667978624,B-R,1
17,3,23,0.368646511627907,0.181809302325581,4,0.331783789440636,0.368165977709173,-24.9056744716346,-119.568577120786,R6,1.28150292367874,0.406687964228262,0.593312035771738,0.380426426996919,0.138235268371961,2.37324814308695,0.39038411401928,0.319170567854885,2.17695968643179,0,0.42929775265377,0.36662528670447,0.179839618746181,4,1743.3353307735,B-R,1
17,4,22,0.368295348837209,0.197588372093023,4,0.317874852846867,0.383710637477908,-8.70350153976522,-80.9314294846747,R6,1.41111489174147,0.496310612662236,0.503689387337764,0.385354704682193,0.14043862173524,2.01475754935105,0.393766134907364,0.322884185274243,1.85776259227515,0,0.353408444391975,0.366560876593458,0.195712801613298,4,1936.19276121286,B-R,1
17,5,21,0.367944186046512,0.213367441860465,4,0.305061738868879,0.398030603351869,5.15287411149203,-48.7218881226531,R6,1.56989500663823,0.572677611498955,0.427322388501045,0.391392052226613,0.143137822321489,1.70928955400418,0.397870400557259,0.327390861287046,1.58577638628726,0,0.288743554244063,0.36649629154318,0.211629096391135,4,2159.10527160473,B-R,1
17,6,20,0.367593023255814,0.229146511627907,4,0.293219853209205,0.411265122206629,16.9250547670908,-21.1719463440535,R6,1.76893771801122,0.638527319943478,0.361472680056522,0.398960317468918,0.146521471486724,1.44589072022609,0.402955925378783,0.332975005852896,1.35124821786298,0,0.232984335894505,0.366431530839959,0.22758867895787,4,2417.4035718218,B-R,1
17,7,19,0.367241860465116,0.244925581395349,4,0.282242800229492,0.423533102054167,27.1308750785448,-18.6749036267919,R8,2.0257809686364,0.695892433697709,0.304107566302291,0.408726351266481,0.150887707479891,1.21643026520917,0.409422391110006,0.340075488249608,1.14693850445605,0,0.184409574076627,0.366366593766231,0.243591726149661,4,2710.09738979331,B-R,1
17,8,18,0.366890697674419,0.260704651162791,4,0.272039177310957,0.434936694673041,36.7370857599578,-12.8277854519976,R8,2.36987862937227,0.746313535305566,0.253686464694434,0.421810087655229,0.156737234721944,1.01474585877774,0.417920642190036,0.349406966170419,0.967360357652446,0,0.141714757647085,0.366301479600515,0.259638415767179,4,3022.32880595177,B-R,1
17,9,17,0.366539534883721,0.276483720930233,4,0.262530023752494,0.445564146725787,46.1572677415775,-3.02480320602932,R8,2.85479138837027,0.790979519922485,0.209020480077515,0.440248081963886,0.164980564210764,0.83608192031006,0.429586747705719,0.362216896709805,0.808279447341378,0,0.10389317198052,0.366236187617394,0.275728926582188,4,3326.63735792227,B-R,1
17,10,16,0.366188372093023,0.292262790697674,4,0.253646773418,0.455492087885004,55.2747174928201,10.0940060261213,R8,3.58919448301276,0.830822532132829,0.169177467867171,0.468172527811133,0.177465132979911,0.676709871468685,0.446597775565387,0.380895802450282,0.666375877850702,0,0.070155509809816,0.366170717087481,0.29186343834419,4,3599.02665289441,B-R,1
17,11,15,0.365837209302326,0.308041860465116,4,0.245329598779824,0.464787381534234,64.1936873883293,25.3562434108738,R8,4.83232317948574,0.866583724629041,0.133416275370959,0.515440411374064,0.198597840362593,0.533665101483835,0.473718456356245,0.410675580855742,0.53900998398542,0,0.0398741890881483,0.366105067277395,0.308042131787112,4,3830.37056658443,B-R,1
17,12,14,0.365486046511628,0.323820930232558,4,0.237526061759285,0.473508632591727,72.9898652672474,41.6975330925907,R8,7.39286502341681,0.898859791250534,0.101140208749466,0.61280072015009,0.242126062084476,0.404560834997864,0.523771225777623,0.465635867193785,0.424056600477945,0,0.0125439504473969,0.366039237449733,0.324265188636062,4,4022.80946008391,B-R,1
17,13,13,0.36513488372093,0.3396,4,0.230190007037298,0.48170742434905,75.2631936242866,44.6368957852457,R8,7.51869903196859,0.859339271861036,0.140660728138964,0.615028453123187,0.359156097095906,0.562642912555855,0.404636210656805,0.531661605583717,0.39726049871588,0.0482253242012197,0,0.365791710857397,0.340290726433006,4,4182.57299166764,R-G,1
17,14,12,0.364783720930233,0.355379069767442,4,0.223280648474293,0.489429339490299,71.9657041670606,35.4909485505889,R8,5.03700989651188,0.759117975373833,0.240882024626167,0.518124378231927,0.431190360265892,0.96352809850467,0.290345641115663,0.543666840283416,0.445153308755325,0.137178113170798,0,0.365366875587246,0.356090079887958,4,4316.09439286596,R-G,1
17,15,11,0.364432558139535,0.371158139534884,4,0.216761810438196,0.496714807985714,69.2817555083321,27.7430480106647,R8,3.78702914315681,0.667418107684805,0.332581892315195,0.469315594405962,0.467472681551884,1.33032756926078,0.244720681341344,0.54845934724575,0.488973978591038,0.218567590906419,0,0.364942068495228,0.371888385416002,4,4428.78398553498,R-G,1
17,16,10,0.364081395348837,0.386937209302326,4,0.21060129423848,0.503599815166441,66.9625182736462,21.0726975234604,R8,3.03409124250303,0.583197172365913,0.416802827634087,0.4399151551362,0.489327685916228,1.66721131053635,0.220174947466856,0.551037664050213,0.529220686605708,0.293319039439101,0,0.364517289578543,0.387685643121393,4,4524.89342301281,R-G,1
17,17,9,0.36373023255814,0.402716279069767,4,0.204770346241565,0.51011649616,64.8330919068975,15.2420320236994,R8,2.5308976579512,0.505576059717937,0.494423940282063,0.420266639088989,0.503933535850122,1.97769576112825,0.204841516724414,0.552648308179065,0.566313533469593,0.362212724663387,0,0.364092538834385,0.403481853108373,4,4607.69465710532,R-G,1
17,18,8,0.363379069767442,0.418495348837209,4,0.199243209124845,0.516293637409824,62.7925557674356,10.0680517585959,R8,2.17086686402199,0.433808244867904,0.566191755132096,0.406208290474888,0.514383899108219,2.26476702052839,0.1943536117488,0.553749971783034,0.600609261463868,0.425911234989263,0,0.363667816259954,0.41927701548117,4,4679.70096460898,R-G,1
17,19,7,0.363027906976744,0.434274418604651,4,0.193996741493023,0.522157101792925,60.7791634786257,5.40275935158954,R8,1.90051118639874,0.36725570086534,0.63274429913466,0.395651542469115,0.522231325183133,2.53097719653864,0.186727773659265,0.554551000042971,0.632412764903514,0.484980860004586,0,0.363243121852446,0.435071130343999,4,4742.85476907993,R-G,1
17,20,6,0.362676744186047,0.450053488372093,4,0.189010094007528,0.527730190578401,58.7288588939396,1.11792717580673,R8,1.69003713871806,0.305369878762059,0.694630121237941,0.387433030090706,0.528340608865955,2.77852048495176,0.180933110285803,0.555159679254943,0.661986179197808,0.53990847186665,0,0.362818455609059,0.450864197801059,4,4798.67131498427,R-G,1
17,21,5,0.362325581395349,0.465832558139535,4,0.184264432470279,0.533033952909675,56.5456762217768,-2.90859352821269,R8,1.5215333748953,0.247676553243745,0.752323446756255,0.380853357755583,0.533231650332399,3.00929378702502,0.176380750216721,0.55563786526177,0.689556122677289,0.59111497577013,0,0.362393817526993,0.466656217956538,4,4848.34625775671,R-G,1
17,22,4,0.361974418604651,0.481611627906977,4,0.179742700107223,0.538087451476954,54.0807103063723,-6.80821081303149,R8,1.38358424496154,0.193763647282265,0.806236352717734,0.375466771407077,0.537235803708318,3.22494541087094,0.172709870042856,0.556023459438251,0.715319514834337,0.638966116344235,0,0.361969207603446,0.482447190914607,4,4892.83211587991,R-G,1
17,23,3,0.361623255813953,0.497390697674419,4,0.175429412726975,0.542907991448411,51.1082582178041,-10.7434391709701,R8,1.26856993042246,0.143271374269931,0.856728625730069,0.37097573520499,0.540574244161416,3.42691450292027,0.169687045597937,0.556340980971855,0.739448287107287,0.683781227136919,0,0.361544625835617,0.498237116779426,4,4932.8968974644,R-G,1
17,24,2,0.361272093023256,0.51316976744186,4,0.171310481569845,0.547511318454526,47.2929104248904,-14.9450885402278,R8,1.17120983350562,0.0958841988261847,0.904115801173815,0.367174054330358,0.543400247927707,3.61646320469526,0.167154585056349,0.556606994023427,0.762093224574475,0.725840365911383,0,0.361120072220706,0.51402599565514,4,4969.16560348913,R-G,1
17,25,1,0.360920930232558,0.528948837209302,4,0.167373059576423,0.551911790398664,43.326381794936,-19.6751267549848,R8,1.08772890796935,0.0513242365070719,0.948675763492928,0.363914322180759,0.545823390646848,3.79470305397171,0.165002119865291,0.556833091853767,0.783387120038964,0.765390172824632,0,0.360695546755912,0.529813827645879,4,5002.15112447545,R-G,1
17,26,0,0.36056976744186,0.544727906976744,4,0.163605407541498,0.556122527043775,36.473690333732,-25.5109729647066,R8,1.015356799292,0.00934580065378736,0.990654199346213,0.361088362982603,0.547924085471251,3.96261679738485,0.163150091521975,0.557027631394704,0.803447379929247,0.802648710446992,0,0.360271049438437,0.545600612855763,4,5032.27868683381,R-G,1
18,0,25,0.3825,0.140711627906977,4,0.389954016366333,0.322770967363356,-96.7588985569606,-304.565548820098,R6,1.00701703844729,0.0166686781688333,0.983331321831167,0.382890849041514,0.139337071668622,3.93332528732467,0.392078908325585,0.321031531422645,3.61749324560638,0,0.70063601195609,0.379566170640233,0.138703358560287,4,1236.23350877744,B-R,1
18,1,24,0.382148837209302,0.156490697674419,4,0.371596364631364,0.342381238820382,-59.494146427576,-217.998647419303,R6,1.08535490128824,0.169154002132053,0.830845997867947,0.386873131745721,0.141117485953325,3.32338399147179,0.394802385499844,0.32402203698433,3.06921839592619,0,0.577457379045104,0.379519473668249,0.15446569646376,4,1363.37935996645,B-R,1
18,2,23,0.381797674418605,0.17226976744186,4,0.354860080645597,0.36025950979322,-38.1806661753232,-158.86153868178,R6,1.17690899835879,0.29370550345122,0.70629449654878,0.391527257912063,0.143198270599933,2.82517798619512,0.397961829976106,0.327491255073396,2.62138214592957,0,0.47684386909705,0.379472650308338,0.170270696002815,4,1500.86479851882,B-R,1
18,3,22,0.381446511627907,0.188048837209302,4,0.339539447535771,0.376625534081876,-20.7710476582613,-114.111082760178,R6,1.28533197429285,0.397354915099209,0.602645084900791,0.397038908678915,0.145662440646733,2.41058033960317,0.401671032203229,0.331564132935002,2.24870126023037,0,0.393115202645799,0.379425700046692,0.186118530611254,4,1651.63415275212,B-R,1
18,4,21,0.381095348837209,0.203827906976744,4,0.325462137725235,0.391663397897726,-5.86921136231092,-78.0719589424862,R6,1.41575905971208,0.484956560550643,0.515043439449357,0.403669132016507,0.148626706425391,2.06017375779743,0.40608715635762,0.336413244199683,1.93372157731212,0,0.32235002572908,0.379378622366712,0.202009374664243,4,1819.05092529228,B-R,1
18,5,20,0.380744186046512,0.219606976744186,4,0.312482702941025,0.405528474060615,7.07938937145606,-47.8870580236793,R6,1.57564523700084,0.559969603437497,0.440030396562503,0.411796899808073,0.152260500144648,1.76012158625001,0.411433583164438,0.342283871371465,1.66400535975164,0,0.261754003547139,0.379331416748993,0.217943403484711,4,2006.66625624059,B-R,1
18,6,19,0.380393023255814,0.235386046511628,4,0.300477530179742,0.41835281020862,18.2696493451013,-21.9853497898604,R6,1.77624188753222,0.624925669245878,0.375074330754122,0.421994172786465,0.156819536211215,1.50029732301649,0.418038888545138,0.349536806209441,1.43044991788173,0,0.209282072625561,0.379284082671302,0.233920793349792,4,2217.35968051747,B-R,1
18,7,18,0.380041860465116,0.25116511627907,4,0.289340892431577,0.430249347549726,28.0157087719193,-12.7400918592486,R8,2.03536594807713,0.681720201244205,0.318279798755795,0.435166669802972,0.162708746896489,1.27311919502318,0.426407030351136,0.358725418050338,1.22624001305475,0,0.163403081608298,0.37923661960856,0.249941721497329,4,2451.37092876898,B-R,1
18,8,17,0.379690697674419,0.266944186046512,4,0.278981826632344,0.441315255940242,37.0209781993149,-8.14920355427861,R8,2.38300690237791,0.731800484124893,0.268199515875107,0.452838897629723,0.170609714558086,1.07279806350043,0.437352383194767,0.370743928380756,1.0461718015397,0,0.122947904541378,0.379189027032823,0.266006366132426,4,2703.42442275679,B-R,1
18,9,16,0.379339534883721,0.282723255813953,4,0.269321643509919,0.451634593952002,45.7131259425283,-0.612493421201279,R8,2.87386340844549,0.776290704912722,0.223709295087278,0.477791446799071,0.181765596317542,0.894837180349113,0.452282246183572,0.387137617567953,0.886203166652784,0,0.0870084158606544,0.379141304413261,0.282114906434057,4,2961.41545989636,B-R,1
18,10,15,0.378988372093023,0.298502325581395,4,0.260291924984687,0.461280448117709,54.1075521044236,9.72091184266594,R8,3.61939323225643,0.81607734896015,0.183922651039849,0.515690240755969,0.198709535044594,0.735690604159398,0.473856534606593,0.410827197245083,0.743146669690199,0,0.0548685069533527,0.37909345121614,0.298267522561727,4,3210.04359260278,B-R,1
18,11,14,0.378637209302326,0.314281395348837,4,0.251832901273905,0.47031666656355,62.2071970164488,22.2882188610261,R8,4.88722343435791,0.851868871173912,0.148131128826088,0.580140024074042,0.227523992326668,0.592524515304353,0.507780329378247,0.448077113600895,0.614454996606247,0,0.0259558833545222,0.379045466904799,0.314464395662187,4,3437.40649225817,B-R,1
18,12,13,0.378286046511628,0.330060465116279,4,0.243892126279994,0.478799274004737,70.1299220155296,36.1345240873589,R8,7.46267156385538,0.8831579062863,0.1168420937137,0.711023455237662,0.287797598982415,0.4673683748548,0.565254913659904,0.514790001614508,0.499284560754152,0.000757297392271298,0,0.378994439568317,0.330702120365158,4,3638.25464445857,R-G,1
18,13,12,0.37793488372093,0.345839534883721,4,0.236423389202723,0.486777634398591,65.69526034836,24.8611596187051,R8,5.01180234247637,0.779085400455027,0.220914599544973,0.583077930014815,0.382906722573625,0.883658398179893,0.36279538923824,0.536056621578254,0.543843542400621,0.0943294817142574,0,0.378569204581525,0.346500374559117,4,3812.63089507587,R-G,1
18,14,11,0.377583720930233,0.361618604651163,4,0.229385814645931,0.494295412241323,62.3031607994232,15.6004976078244,R8,3.77276249073079,0.684095211237238,0.315904788762762,0.518394917465322,0.43098925319833,1.26361915505105,0.290617529182269,0.54363828079627,0.58451390066808,0.17973570330248,0,0.378143997796849,0.36229758099307,4,3963.19340336289,R-G,1
18,15,10,0.377232558139535,0.377397674418605,4,0.222743114201676,0.501391372051445,59.6599704974977,7.87966233540587,R8,3.02492677004865,0.597048138389729,0.402951861610271,0.479354795198314,0.460009977504566,1.61180744644108,0.253579576478302,0.547528797019898,0.621783387843486,0.258000223601258,0,0.377718819211485,0.378093739771247,4,4093.35327414843,R-G,1
18,16,9,0.376881395348837,0.393176744186047,4,0.216462960576009,0.508100046950019,57.5058873483892,1.33948612199521,R8,2.52451771237594,0.51698785637267,0.483012143627331,0.453231369618642,0.479428992806237,1.93204857450932,0.231043483735094,0.549896018424802,0.656061457815135,0.329982880364764,0,0.377293668822627,0.393888850997863,4,4206.39228716138,R-G,1
18,17,8,0.37653023255814,0.408955813953488,4,0.21051646146985,0.514452300679106,55.6339243850466,-4.29252120137397,R8,2.166171276387,0.443105634343733,0.556894365656266,0.434524201335487,0.493335085865648,2.22757746262507,0.215886562495352,0.551488121758773,0.68769437132185,0.396410808111769,0,0.37686854662747,0.409682914777122,4,4305.15724117273,R-G,1
18,18,7,0.376179069767442,0.42473488372093,4,0.204877715145539,0.520475802360773,53.8878560433653,-9.22821552814321,R8,1.89691136100903,0.374712920149685,0.625287079850315,0.420467718437918,0.503784062231442,2.50114831940126,0.204994374437409,0.552632251799894,0.716976934206091,0.457903088015375,0,0.376443452623211,0.425475931213211,4,4392.01261970012,R-G,1
18,19,6,0.375827906976744,0.440513953488372,4,0.199523433255963,0.526195429403921,52.1493310045187,-13.6403624701311,R8,1.68718989802052,0.311219816514198,0.688780183485802,0.409519389372253,0.511922572588955,2.75512073394321,0.196788952675923,0.553494160306013,0.744161712904106,0.514990100085469,0,0.376018386807045,0.441267900410304,4,4468.88812156508,R-G,1
18,20,5,0.375476744186047,0.456293023255814,4,0.19443261935198,0.531633610933651,50.3111676712439,-17.681044168568,R8,1.5192252058722,0.252118023115573,0.747881976884427,0.400750936707235,0.51844065789728,2.99152790753771,0.190385330786752,0.554166805337149,0.769466337850798,0.568128860044051,0,0.375593349176168,0.457058822472562,4,4537.34993659056,R-G,1
18,21,4,0.375125581395349,0.472072093023256,4,0.189586293709253,0.536810621740648,48.2405481064212,-21.5001118587863,R8,1.38167537829418,0.196967199643788,0.803032800356212,0.393570265955705,0.523778455376211,3.21213120142485,0.185248745741364,0.554706359118992,0.793079342181173,0.617715280378521,0,0.375168339727778,0.472848697504131,4,4598.67159919144,R-G,1
18,22,3,0.374774418604651,0.487851162790698,4,0.184967256871294,0.541744834872594,45.7367676887581,-25.2685330013059,R8,1.26696504875874,0.145383975299225,0.854616024700775,0.387581911606614,0.528229936839932,3.4184640988031,0.181037002636885,0.555148766263055,0.815164867349189,0.664094051964142,0,0.374743358459071,0.488637525609146,4,4653.89188075174,R-G,1
18,23,2,0.374423255813954,0.50363023255814,4,0.180559885699162,0.546452939500853,42.4786621888234,-29.2159424865843,R8,1.16984170850458,0.0970330243296269,0.902966975670373,0.382511670945946,0.531998932627731,3.61186790268149,0.177520953849636,0.555518096743041,0.83586648416561,0.707566668099719,0,0.374318405367244,0.504425306891724,4,4703.86373062406,R-G,1
18,24,1,0.374072093023256,0.519409302325581,4,0.176349956830983,0.550950129507051,37.9485665220274,-33.7026942194073,R8,1.0865487670693,0.0516197682578891,0.948380231742111,0.378163434391204,0.53523122205066,3.79352092696844,0.174541377644187,0.555831075423572,0.855310317362896,0.748397985976273,0,0.373893480449497,0.520212041455972,4,4749.29247220217,R-G,1
18,25,0,0.373720930232558,0.535188372093023,4,0.17232449334776,0.5552502672799,31.3028932422432,-39.3781647433678,R8,1.0143284012639,0.00888436908023942,0.991115630919761,0.374393232148606,0.538033825974717,3.96446252367904,0.17198419586902,0.556099685226672,0.873607617426937,0.786821627426857,0,0.373468583703026,0.53599772940598,4,4790.7645634328,R-G,1
19,0,24,0.3953,0.146951162790698,4,0.398005045922578,0.332902693305079,-84.7393990168962,-281.671010521613,R6,1.00937995120709,0.0212856535739372,0.978714346426063,0.395942526657685,0.145172265951194,3.91485738570425,0.400935969851998,0.330757000027732,3.64813376626127,0,0.642813325635644,0.392329479285582,0.144936856680802,4,1191.47598486006,B-R,1
19,1,23,0.394948837209302,0.16273023255814,4,0.379497126308356,0.351818291516576,-51.0195442837977,-203.58918480788,R6,1.08810024594611,0.167476578155716,0.832523421844284,0.400952766528383,0.147412263283918,3.33009368737713,0.404283901499937,0.334433185863961,3.11791027121349,0,0.529964460906904,0.392300014370442,0.160716669239352,4,1310.48350869652,B-R,1
19,2,22,0.394597674418605,0.178509302325581,4,0.362605342368709,0.369082155026782,-32.2723315414396,-149.543952493091,R6,1.18013772868342,0.287822835055858,0.712177164944142,0.40681059349839,0.150031203120535,2.84870865977657,0.408162299437527,0.338691848544308,2.68142344323796,0,0.437065818228594,0.392270469661058,0.176539215272256,4,1437.48023039646,B-R,1
19,3,21,0.394246511627907,0.194288372093023,4,0.347126865136813,0.384901580567153,-16.6588854973191,-108.213125362756,R6,1.28918397540931,0.38862132423917,0.61137867576083,0.413750961987955,0.153134129787914,2.44551470304332,0.412708086469985,0.343683335725214,2.31583489946749,0,0.359256644346902,0.392240844832855,0.192404668605333,4,1574.57723719608,B-R,1
19,4,20,0.393895348837209,0.210067441860465,4,0.332891443486088,0.399450569428626,-3.05600466806832,-74.6491779518228,R6,1.42043389777879,0.474276996628124,0.525723003371876,0.422104507871665,0.156868865245939,2.10289201348751,0.418109744462332,0.349614609326886,2.00516821400349,0,0.293136634405634,0.392211139559492,0.208313204008436,4,1724.03296663465,B-R,1
19,5,19,0.393544186046512,0.225846511627907,4,0.319755115923134,0.412876254180602,8.93084551949515,-46.3546676254023,R6,1.5814377462493,0.54796377190319,0.45203622809681,0.432351775156639,0.161450252959589,1.80814491238724,0.424634104949403,0.356778662878513,1.73791181873192,0,0.236255751005369,0.392181353512855,0.224264997201874,4,1888.09782024045,B-R,1
19,6,18,0.393193023255814,0.241625581395349,4,0.30759532475046,0.425303892129778,19.413316145277,-21.9466963663158,R6,1.78360662684929,0.612026493621603,0.387973506378397,0.445219036255629,0.167202997595585,1.55189402551359,0.432671781881323,0.365604408801821,1.50556114232034,0,0.186803943801618,0.392151486363044,0.240260224862876,4,2068.56566664962,B-R,1
19,7,17,0.392841860465116,0.257404651162791,4,0.296307080799381,0.436840785067647,28.6128567776849,-8.5926436965127,R8,2.04504206134749,0.668235043700765,0.331764956299235,0.461858382460805,0.17464218056482,1.32705982519694,0.442818365986559,0.376745833626531,1.30169695608715,0,0.14341499142562,0.392121537778356,0.256299064632118,4,2265.87567850577,B-R,1
19,8,16,0.392490697674419,0.273183720930233,4,0.285799924304195,0.447579385339907,37.0860826752366,-4.91049257862481,R8,2.39628143741903,0.717950391108803,0.282049608891196,0.484213399448315,0.184636747634932,1.12819843556479,0.456029180311314,0.391251926824585,1.12138312788191,0,0.105038323854483,0.392091507425283,0.272381695120297,4,2477.82067041023,B-R,1
19,9,15,0.392139534883721,0.288962790697674,4,0.275995495554479,0.457599778706019,45.1978669810279,1.16794131923676,R8,2.89319197150154,0.762236237137997,0.237763762862003,0.515839817747226,0.198776408501773,0.951055051448014,0.473939178822534,0.41091794446696,0.9607616930704,0,0.070852840301086,0.392061394968487,0.288508295914764,4,2698.57685432371,B-R,1
19,10,14,0.391788372093023,0.304741860465116,4,0.266825577205577,0.466971685151236,53.0049050679747,9.57764570248638,R8,3.65010446565242,0.801935975744085,0.198064024255915,0.564014347192225,0.220314462616343,0.79225609702366,0.499598064152337,0.439092602955261,0.816773725168684,0,0.0402075013750112,0.392031200070797,0.304679047586205,4,2919.3599753952,B-R,1
19,11,13,0.391437209302326,0.320520930232558,4,0.258230504761335,0.475756083416563,60.4750212949516,20.0451855614614,R8,4.94338547326412,0.837726921593581,0.162273078406419,0.646326641497448,0.257114960088028,0.649092313625675,0.53942295836941,0.48282220303245,0.686962654791536,0,0.0125794689356644,0.392000922393195,0.320894131695382,4,3131.05468270356,B-R,1
19,12,12,0.391086046511628,0.3363,4,0.250157866903882,0.484006539297145,61.2700033358213,18.935144427001,R8,4.98684583288401,0.800185623324506,0.199814376675494,0.647384603159099,0.335103946250135,0.799257506701975,0.452204364602659,0.526664982899587,0.648132699189192,0.0490499491902213,0,0.391769165234082,0.336912389510026,4,3327.01365791073,R-G,1
19,13,11,0.39073488372093,0.352079069767442,4,0.242561435826955,0.491770298870753,56.712207256423,7.36215672546047,R8,3.7586029267201,0.701676042530164,0.298323957469836,0.567105841072998,0.394779676930812,1.19329582987935,0.343536838327937,0.538079565593517,0.685231105337034,0.138799526189691,0,0.391343558906974,0.352708496990006,4,3504.07719315877,R-G,1
19,14,10,0.390383720930233,0.367858139534884,4,0.235400281445426,0.499089193799787,53.2592178145771,-2.12368467884481,R8,3.0158174934524,0.611617488808816,0.388382511191184,0.518556897880191,0.430868844022078,1.55353004476474,0.290780424974395,0.543621170003806,0.719146880595654,0.220849587072087,0,0.390917980803143,0.368503556981047,4,3661.89290305087,R-G,1
19,15,9,0.390032558139535,0.383637209302326,4,0.22863803363166,0.506000395345825,50.6270897993204,-9.96892648403885,R8,2.51816985135107,0.52896718521476,0.47103281478524,0.48603032153078,0.455047682356806,1.88413125914096,0.259613846407708,0.546894949213953,0.750272731566189,0.29615017942696,0,0.390492430919783,0.384297569587339,4,3801.72020781276,R-G,1
19,16,8,0.389681395348837,0.399416279069767,4,0.222242264400692,0.512537045793209,48.5584648390754,-16.5413290757566,R8,2.16149595803292,0.452847135769326,0.547152864230675,0.462717881881982,0.47237713330797,2.1886114569227,0.239035264570868,0.549056551048034,0.778939308842729,0.365501223090105,0,0.390066909254085,0.400090534913059,4,3925.48856677303,R-G,1
19,17,7,0.38933023255814,0.415195348837209,4,0.216183967892396,0.518728789921436,46.8340123108319,-22.1348998875493,R8,1.89332514695054,0.382512813809828,0.617487186190172,0.445190061746991,0.485406550386838,2.46994874476069,0.224432615523079,0.550590432887628,0.805426998884105,0.429581037393527,0,0.389641415803244,0.415882453062368,4,4035.25215317866,R-G,1
19,18,6,0.388979069767442,0.430974418604651,4,0.210437120553983,0.524602224510632,45.2680287638207,-26.9866364901216,R8,1.68435223479878,0.317328728733708,0.682671271266292,0.4315314551205,0.495559762884579,2.73068508506517,0.21353286129022,0.551735357689909,0.829975125503159,0.488968601684281,0,0.389215950564453,0.431673324139415,4,4132.9331122559,R-G,1
19,19,5,0.388627906976744,0.446753488372093,4,0.204978307453969,0.530181280258863,43.6981097369554,-31.2960479004801,R8,1.51692402923523,0.256749170551785,0.743250829448215,0.420588237770344,0.503694473415711,2.97300331779286,0.205086030774114,0.552622624095366,0.852789201408949,0.544161098472925,0,0.388790513534907,0.447463148248335,4,4220.22778907998,R-G,1
19,20,4,0.388276744186047,0.462532558139535,4,0.199786403410366,0.53548754767781,41.9635640427674,-35.2459585824625,R8,1.37977177151865,0.200302895781859,0.799697104218141,0.411623876232781,0.510358188836062,3.19878841687256,0.198347847930825,0.553330411857803,0.874046695452286,0.595587865726894,0,0.3883651047118,0.463251925493249,4,4298.5909235757,R-G,1
19,21,3,0.387925581395349,0.478311627906977,4,0.194842299776433,0.540540556325179,39.8652802946442,-39.0277950622719,R8,1.26536422267088,0.147580844533759,0.852419155466241,0.404146123787631,0.515916823889937,3.40967662186497,0.192847487834891,0.553908177058814,0.893901658333842,0.643621587522339,0,0.387939724092327,0.479039655978263,4,4369.25243005737,R-G,1
19,22,2,0.387574418604651,0.494090697674419,4,0.19012866943472,0.545358014987191,37.1009154446909,-42.8800654090242,R8,1.16847677606913,0.0982262111659864,0.901773788834014,0.397813496718639,0.520624222679483,3.60709515533605,0.188272557078938,0.554388733920859,0.912488461964425,0.68858734041666,0,0.387514371673684,0.494826339807471,4,4433.24754733317,R-G,1
19,23,1,0.387223255813954,0.50986976744186,4,0.185629763907516,0.549956019037235,33.1626360096084,-47.1605589662719,R8,1.08537118420208,0.0519263586578994,0.948073641342101,0.392381660716136,0.524662012674791,3.7922945653684,0.184407624992486,0.554794711570481,0.929924844487624,0.73076996005864,0,0.387089047453066,0.510611977084952,4,4491.44715802894,R-G,1
19,24,0,0.386872093023256,0.525648837209302,4,0.181331237577113,0.554349230087545,27.1635556954295,-52.5066613338291,R8,1.01330208434148,0.00840618928133352,0.991593810718667,0.38767117707122,0.528163580786519,3.96637524287467,0.181099312693456,0.555142221131149,0.94631440686456,0.770420081001154,0,0.386663751427669,0.526396567914772,4,4544.58398306184,R-G,1
20,0,23,0.4081,0.153190697674419,4,0.405858809897438,0.342786172635065,-73.2693745630658,-259.324870415715,R6,1.01175397894978,0.0255265254749148,0.974473474525085,0.409055598488617,0.151034908595691,3.89789389810034,0.409638544227968,0.340312834502241,3.67627827899422,0,0.589700934050375,0.405107425554508,0.151177503699898,4,1150.734446168,B-R,1
20,1,22,0.407748837209302,0.16896976744186,4,0.387213038725279,0.361034551296916,-42.7993358854753,-189.222511908903,R6,1.09085951421522,0.165923038417058,0.834076961582942,0.415103809234426,0.153738965943844,3.33630784633177,0.413588011977007,0.344649535165947,3.16300606349721,0,0.485979078157304,0.40509523229028,0.166974820653944,4,1263.02546970543,B-R,1
20,2,21,0.407397674418605,0.184748837209302,4,0.370177216206307,0.377707293725851,-26.4440135855641,-140.026691380474,R6,1.18338422312966,0.282337518169894,0.717662481830106,0.422178016327917,0.156901729689595,2.87064992732042,0.418156943512492,0.349666436095747,2.73740918301561,0,0.399974620925759,0.40508300598636,0.182814943084315,4,1381.59504827389,B-R,1
20,3,20,0.407046511627907,0.200527906976744,4,0.354551457868275,0.393000024307933,-12.5482945942094,-101.974260875943,R6,1.29305913398886,0.380431234237968,0.619568765762032,0.430563484831209,0.160650737235297,2.47827506304813,0.423503483023142,0.355537187021619,2.37879073931293,0,0.327505140959248,0.405070746508276,0.198698045209962,4,1508.05159483655,B-R,1
20,4,19,0.406695348837209,0.216306976744186,4,0.340167653349128,0.407077270512443,-0.215877436833196,-70.7838254668857,R6,1.42513971076624,0.464213552561195,0.535786447438805,0.440662034333428,0.165165635630013,2.14314578975522,0.429844612224032,0.362500044034653,2.07249298843532,0,0.265608606883004,0.405058453720826,0.214624302196549,4,1644.02642091817,B-R,1
20,5,18,0.406344186046512,0.232086046511628,4,0.326883394103572,0.42007840576809,10.7993053237131,-44.2898516441297,R6,1.58727300239089,0.536603483742061,0.463396516257939,0.453058339008786,0.17070782325477,1.85358606503176,0.437486319589704,0.370890996818765,1.80784439013152,0,0.212128517864374,0.40504612748807,0.2305938901629,4,1791.07627298726,B-R,1
20,6,17,0.405993023255814,0.24786511627907,4,0.314577242401445,0.432122279634026,20.5215900072504,-21.2881294966958,R6,1.79103269251146,0.59977674263188,0.40022325736812,0.468637293669983,0.177672922289611,1.60089302947248,0.446874454114547,0.381199608462641,1.5768908011068,0,0.165457503623688,0.40503376767333,0.246606986187482,4,1950.43039611189,B-R,1
20,7,16,0.405641860465116,0.263644186046512,4,0.303145008237919,0.443310861540387,29.1225212295199,-5.3910931168417,R8,2.05481061440444,0.65538817909423,0.34461182090577,0.488805091743115,0.186689619105856,1.37844728362308,0.458684943394571,0.394168079141214,1.37358229577544,0,0.124372997478356,0.405021374139181,0.262663768314957,4,2122.52451690288,B-R,1
20,8,15,0.405290697674419,0.279423255813953,4,0.292496792227834,0.453732134869931,37.0748145294914,-2.50901929092015,R8,2.40970469244472,0.704718844593183,0.295281155406817,0.515939402499306,0.198820931236173,1.18112462162727,0.473994190752114,0.410978350143544,1.19323550907837,0,0.0879285867820574,0.405008946747447,0.278764415562778,4,2306.34500033227,B-R,1
20,9,14,0.404939534883721,0.295202325581395,4,0.282554616721488,0.463462415354832,44.6730521674903,2.46863316860184,R8,2.91278228883282,0.748775893015785,0.251224106984215,0.554403453266937,0.216017587154621,1.00489642793686,0.494627239516114,0.433634404567815,1.03216841148281,0,0.0553802083942956,0.404996485359196,0.294909107927843,4,2498.83609426469,B-R,1
20,10,13,0.404588372093023,0.310981395348837,4,0.273250513013219,0.472568223101262,51.9611656128124,9.45709326190533,R8,3.68134134041591,0.788362067931449,0.211637932068551,0.613165549989702,0.242289171613903,0.846551728274203,0.523945608373856,0.465827347456158,0.887446272191585,0,0.0261348130214596,0.404983989834735,0.311098026393201,4,2694.89101990869,B-R,1
20,11,12,0.404237209302326,0.326760465116279,4,0.264524965378704,0.48110780539027,58.7504753846553,18.0040625891758,R8,4.96213663605339,0.822517857612784,0.177482142387216,0.711054013272804,0.287774883471763,0.709928569548864,0.56531670001904,0.514783511492483,0.758511148627194,0.00112661041576964,0,0.404966758182138,0.32732612427783,4,2888.31270905603,R-G,1
20,12,11,0.403886046511628,0.342539534883721,4,0.25632563662246,0.489132383968191,52.8781332173684,3.72810264388677,R8,3.74454924989169,0.720236106503256,0.279763893496744,0.615452497642232,0.358840880893543,1.11905557398698,0.405223833905917,0.531599880849569,0.791558145890518,0.0955832497026446,0,0.404540752462764,0.343121132943932,4,3073.38352394915,R-G,1
20,13,10,0.40353488372093,0.358318604651163,4,0.24860631745445,0.496687183278388,48.2795205404275,-8.10288458744203,R8,3.00676291556035,0.626962600378744,0.373037399621256,0.557523602701929,0.401902695042833,1.49214959848503,0.332463602498964,0.53924271313531,0.821694600030187,0.18172082387842,0,0.404114774990617,0.358915094287894,4,3246.09132266262,R-G,1
20,14,9,0.403183720930233,0.374097674418605,4,0.241326055137691,0.503812283242727,44.7891502959415,-17.8617117518579,R8,2.51185383345529,0.541557462657643,0.458442537342357,0.518664742232184,0.43078867723403,1.83377014936943,0.29088892357855,0.543609773164918,0.849288802533825,0.260592002749119,0,0.40368882576289,0.374708008413878,4,3404.44415666961,R-G,1
20,15,8,0.402832558139535,0.389876744186047,4,0.234448426705936,0.510543330554172,42.1500892290708,-25.9326926752084,R8,2.15684077799885,0.463065348843175,0.536934651156825,0.490790121850917,0.451509454379478,2.1477386046273,0.263988666797973,0.546435412213087,0.874649422999165,0.333079041746898,0,0.403262904776774,0.390499875426037,4,3548.0783609698,R-G,1
20,16,7,0.402481395348837,0.405655813953488,4,0.227940929520423,0.516912135131131,40.1166593319562,-32.6650785803646,R8,1.88975246717007,0.390679557174085,0.609320442825915,0.469819103579338,0.467098394791042,2.43728177130366,0.245158957357649,0.548413310145225,0.898037104899823,0.399926925548384,0,0.402837012029458,0.406290695428505,4,3677.65054919432,R-G,1
20,17,6,0.40213023255814,0.42143488372093,4,0.221774467643034,0.522947172797499,38.4647934717539,-38.3589593318282,R8,1.68152410080927,0.323714201738623,0.676285798261377,0.453469601566079,0.479251901566096,2.70514319304551,0.231241594957356,0.549875208556328,0.919673456387817,0.461769066052131,0,0.402411147518137,0.422080468525405,4,3794.32563597594,R-G,1
20,18,5,0.401779069767442,0.437213953488372,4,0.215922916899704,0.52867401094956,36.9869068889277,-43.2705552407886,R8,1.51462981325826,0.261582411229381,0.738417588770619,0.440365534440138,0.488992893583268,2.95367035508248,0.220536075548004,0.55099973067226,0.939748094225466,0.519147435709634,0,0.401985311240001,0.437869194820847,4,3899.44311569408,R-G,1
20,19,4,0.401427906976744,0.452993023255814,4,0.210362754919237,0.53411567063228,35.4788130652289,-47.6279644438651,R8,1.37787340292439,0.2037790841043,0.796220915895701,0.429627808139172,0.496974851030146,3.1848836635828,0.212045580208956,0.551891583689278,0.958424215552993,0.572528493040069,0,0.401559503192242,0.453656874418925,4,3994.33196660483,R-G,1
20,20,3,0.401076744186046,0.468772093023256,4,0.205072745098156,0.539292935838889,33.7129451556263,-51.6553089752083,R8,1.26376743680548,0.149867126559752,0.850132873440248,0.420668530614256,0.503634787217215,3.40053149376099,0.205147110729922,0.552616208174894,0.9758430443676,0.622315891787101,0,0.401133723372054,0.469443507423721,4,4080.22245580825,R-G,1
20,21,2,0.400725581395349,0.484551162790698,4,0.200033665538678,0.544224618795819,31.3826396469147,-55.611069488695,R8,1.16711502503735,0.0994663794083249,0.900533620591675,0.413079656781134,0.509276025064771,3.6021344823667,0.199431275400016,0.553216607183455,0.992127409223645,0.668860706886847,0,0.400707971776631,0.485229093939301,4,4158.212806473,R-G,1
20,22,1,0.400374418604651,0.50033023255814,4,0.195228075666316,0.548927788371092,27.9920693198905,-59.8601974237731,R8,1.08419615105963,0.0522446402555448,0.947755359744455,0.406569101467613,0.514115687951633,3.79102143897782,0.194617968066543,0.55372220344089,1.00738464394658,0.712469725438716,0,0.400282248403164,0.501013634069719,4,4229.26451940671,R-G,1
20,23,0,0.400023255813953,0.516109302325581,4,0.190640114554748,0.553417967451201,22.6431956348907,-65.0362104070599,R8,1.01227784221402,0.00791033255681637,0.992089667443184,0.400922279395234,0.518313289215483,3.96835866977274,0.190509067195942,0.554153807898785,1.02170895624372,0.753412216791331,0,0.39985655324885,0.516797127919015,4,4294.21074850515,R-G,1
21,0,22,0.4209,0.15943023255814,4,0.413522470620088,0.352430418704439,-62.3067784255158,-237.606488127058,R6,1.01413920028645,0.0294354519507502,0.97056454804925,0.422230498746955,0.156925193731576,3.882258192197,0.418190638415322,0.349703434678025,3.70221983854615,0,0.54074580441896,0.417900034642236,0.157425311922721,4,1113.32766833086,B-R,1
21,1,21,0.420548837209302,0.175209302325581,4,0.394750514077651,0.370037677198528,-34.8421114194805,-174.982820492097,R6,1.09363281228977,0.16448014765952,0.83551985234048,0.429326804486105,0.160097837424917,3.34207940936192,0.422719649846444,0.354676501462546,3.20488996274411,0,0.445126500874048,0.417905152725342,0.173240163080601,4,1219.96625606441,B-R,1
21,2,20,0.420197674418605,0.190988372093023,4,0.377581459984432,0.386141484643154,-20.7022533332292,-130.391534383328,R6,1.18664862870631,0.277210608716625,0.722789391283375,0.437630222273196,0.163810161420493,2.8911575651335,0.42795192970344,0.360421789934405,2.7897368469376,0,0.36530694100164,0.41791028468473,0.189097891880442,4,1331.58973112075,B-R,1
21,3,19,0.419846511627907,0.206767441860465,4,0.361818411385213,0.40092652160581,-8.43787261712097,-95.4772312911589,R6,1.29695765948822,0.372735442099172,0.627264557900828,0.447477385944474,0.168212669269981,2.50905823160331,0.43406507260597,0.367134307308217,2.43794699489776,0,0.297669941330206,0.417915430576909,0.204998672935445,4,1449.48598342782,B-R,1
21,4,18,0.419495348837209,0.222546511627907,4,0.347295451329291,0.414548410790663,2.66569243210918,-66.5670877964077,R6,1.4298768075519,0.454714405906494,0.545285594093506,0.459342929470259,0.173517562156354,2.18114237637402,0.44130196594869,0.375080755325215,2.1360425944717,0,0.23962418556432,0.417920590458696,0.220942681808215,4,1574.90307282195,B-R,1
21,5,17,0.419144186046512,0.238325581395349,4,0.333871780432141,0.427139215744391,12.7186625518423,-41.8019929417762,R6,1.59315148036597,0.525838036586715,0.474161963413285,0.47391827670319,0.180033964517895,1.89664785365314,0.450003833157689,0.384635813297251,1.87411519164304,0,0.189264621306465,0.417925764387216,0.236930095017227,4,1708.99142799911,B-R,1
21,6,16,0.418793023255814,0.254104651162791,4,0.321427137131429,0.438811736451916,21.6599885971209,-20.1461202043482,R6,1.79852085372001,0.588128576448003,0.411871423551997,0.492251370722331,0.188230394781372,1.64748569420799,0.460665603737769,0.396342937013396,1.64471746305943,0,0.145159386312135,0.417930952419908,0.252961090043335,4,1852.65413522838,B-R,1
21,7,15,0.418441860465116,0.269883720930233,4,0.309858184730103,0.449662898128934,29.6363774520987,-2.70157020358022,R8,2.0646729382774,0.643135336680531,0.356864663319469,0.516010469315719,0.198852704062089,1.42745865327787,0.474033443820696,0.411021451852277,1.44214375151054,0,0.106211480390387,0.41793615461452,0.269035845336343,4,2006.28394715983,B-R,1
21,8,14,0.418090697674419,0.285662790697674,4,0.299075635214863,0.45977644895199,37.0672433562488,-0.572541694267656,R8,2.42327918078913,0.692065313127042,0.307934686872958,0.548022847074133,0.213164921170176,1.23173874749183,0.49128734373314,0.429967042487884,1.2619490464803,0,0.0715662820304743,0.417941371029121,0.285154540321626,4,2169.3990151494,B-R,1
21,9,13,0.417739534883721,0.301441860465116,4,0.289001940323001,0.469225125734861,44.1791882303303,3.48040532144599,R8,2.93263971384244,0.735872779309866,0.264127220690134,0.59349289155836,0.233493843735186,1.05650888276054,0.514410022764478,0.455356827611786,1.1006190393922,0,0.0405481114575084,0.417946601722095,0.301317355406806,4,2340.28257312955,B-R,1
21,10,12,0.417388372093023,0.317220930232558,4,0.279569423491358,0.47807240607717,50.9808444732882,9.33539554621395,R8,3.71311746803709,0.775322140466474,0.224677859533526,0.663165266819648,0.264643237532202,0.898711438134105,0.547009415211761,0.491152488152872,0.955338650691888,0,0.0126157264105507,0.417951846752146,0.31752447198848,4,2515.85227995652,B-R,1
21,11,11,0.417037209302326,0.333,4,0.270718757501053,0.48637393626577,50.7408241482551,4.53670928229045,R8,3.73060027691161,0.739859560132297,0.260140439867703,0.663438958010986,0.323169839003118,1.04056175947081,0.478054273227994,0.523949673830266,0.903977141473687,0.0498909180979241,0,0.417735579101149,0.333535488392138,4,2691.99183633053,R-G,1
21,12,10,0.416686046511628,0.348779069767442,4,0.262397715415454,0.494178702839255,44.9173474938891,-9.7479117734007,R8,2.99776254517121,0.643147127153337,0.356852872846663,0.596257023566075,0.373109959183864,1.42741149138665,0.379491156612135,0.534302875782604,0.929851931001582,0.14045162145661,0,0.417309202410776,0.349328351229053,4,2864.33525681651,R-G,1
21,13,9,0.41633488372093,0.364558139534884,4,0.254560139235683,0.501529999943123,40.3379180313745,-21.7772829523172,R8,2.50556941968338,0.554806649491578,0.445193350508422,0.55113586664607,0.406651059449846,1.78077340203369,0.325271875604328,0.539998141773149,0.953486857720766,0.223172896743229,0,0.416882853988758,0.365120167014724,4,3029.14636453535,R-G,1
21,14,8,0.415983720930233,0.380337209302326,4,0.247165083249447,0.508466232830385,36.8355463934872,-31.8138190554769,R8,2.15220560644967,0.473796143897874,0.526203856102126,0.518741704190089,0.430731467070928,2.1048154244085,0.290966374348599,0.543601637632163,0.975160697549006,0.299030448249608,0,0.416456533832283,0.380910935853277,4,3183.86654405558,R-G,1
21,15,7,0.415632558139535,0.396116279069767,4,0.240176098499051,0.515021588998682,34.1839632238902,-40.168091381332,R8,1.88619324519489,0.399239654395914,0.600760345604086,0.494355371116173,0.448859203560529,2.40304138241635,0.26730582412193,0.546086973559139,0.995107806874873,0.368844513735076,0,0.41603024193854,0.39670065784882,4,3327.1911853029,R-G,1
21,16,6,0.415281395348837,0.411895348837209,4,0.233560631971743,0.521226601722953,32.1535137613203,-47.1536439921287,R8,1.67870544813192,0.330395451050075,0.669604548949925,0.475334200430407,0.462998712312016,2.6784181957997,0.250001020996449,0.547904693286913,1.0135266307729,0.433309642830979,0,0.415603978304719,0.412489333105451,4,3458.8253765613,R-G,1
21,17,5,0.41493023255814,0.427674418604651,4,0.227289519611715,0.527108625587587,30.5181039058009,-53.0638686686715,R8,1.5123425264068,0.266631268581904,0.733368731418096,0.460083098559796,0.474335716323589,2.93347492567238,0.236794258546315,0.549291949326266,1.03058632775251,0.493017883390551,0,0.415177742928011,0.428276961727252,4,3579.14349241913,R-G,1
21,18,4,0.414579069767442,0.443453488372093,4,0.221336556494403,0.532692239643764,29.0471336744173,-58.1693106346492,R8,1.37598025092013,0.207404831379973,0.792595168620027,0.447582266444141,0.483628289741924,3.17038067448011,0.226383938350257,0.550385463320942,1.04643198016641,0.548477017704779,0,0.414751535805605,0.444063543818293,4,3688.89216945285,R-G,1
21,19,3,0.414227906976744,0.459232558139535,4,0.215678130800835,0.537999590725203,27.4842488036915,-62.7318759563458,R8,1.26217467588651,0.152248393432766,0.847751606567234,0.437149290151808,0.491383709322901,3.39100642626894,0.217966900729347,0.551269600240732,1.0611887304521,0.600125039178352,0,0.414325356934691,0.45984907948263,4,3788.98134279373,R-G,1
21,20,2,0.413876744186047,0.475011627906977,4,0.21029291081041,0.543050687034988,25.5020556195538,-67.0382194815347,R8,1.1657564442993,0.100756359602685,0.899243640397315,0.428310275683486,0.497954247198516,3.59697456158926,0.211020678491501,0.551999240740175,1.07496509298045,0.648341743663865,0,0.413899206312463,0.475633568824302,4,3880.35543748445,R-G,1
21,21,1,0.413525581395349,0.490790697674419,4,0.205161576163708,0.547863650209066,22.6012883095715,-71.4693283425038,R8,1.08302365936984,0.052575294778831,0.947424705221169,0.420725856523767,0.503592173636137,3.78969882088468,0.205190727389163,0.552611626622513,1.08785562704258,0.693458084806558,0,0.413473083936109,0.491417011947338,4,3963.92246520834,R-G,1
21,22,0,0.413174418604651,0.50656976744186,4,0.20026658625869,0.552454932550295,17.882480322857,-76.6630266770374,R8,1.01125566859628,0.00739580025067183,0.992604199749328,0.414146620435662,0.508482890815573,3.97041679899731,0.200227979891124,0.553132920275248,1.0999431102739,0.735763780939238,0,0.413046989802823,0.507199408955752,4,4040.52044263057,R-G,1
22,0,21,0.4337,0.16566976744186,4,0.421002847832295,0.361844013739126,-51.8167586154762,-216.57532716682,R6,1.01653569457125,0.0330499386687409,0.966950061331259,0.435467665749667,0.162843317323286,3.86780024532504,0.42659612199126,0.358933049532182,3.72620735098059,0,0.4954782183121,0.430707331801849,0.163680293682676,4,1078.73706002601,B-R,1
22,1,20,0.433348837209302,0.181448837209302,4,0.402115671376071,0.37883497806426,-27.1571972692669,-160.939839475355,R6,1.09642024744666,0.163136491125288,0.836863508874712,0.443622302458177,0.166489123701387,3.34745403549885,0.431683566817809,0.364519302353523,3.24389331390442,0,0.407083542929986,0.430729801031377,0.179512708920841,4,1180.54397432139,B-R,1
22,2,19,0.432997674418605,0.197227906976744,4,0.384823579380753,0.394390999308641,-15.0575477299299,-120.708203557979,R6,1.18993109404878,0.272408090784512,0.727591909215488,0.453167914906366,0.170756812868969,2.91036763686195,0.437553181539601,0.370964414372958,2.83875361749333,0,0.332832766059042,0.430752331215141,0.195388074130735,4,1286.32663459906,B-R,1
22,3,18,0.432646511627907,0.213006976744186,4,0.368932693451791,0.408686491095863,-4.33487439154522,-88.7917920485335,R6,1.30087976389771,0.365490509967328,0.634509490032672,0.464493585055908,0.175820337087573,2.53803796013069,0.444400369541641,0.378482947663981,2.49363756568716,0,0.269582644720057,0.430774922601511,0.211306564320932,4,1397.16026130971,B-R,1
22,4,17,0.432295348837209,0.228786046511628,4,0.354279332292085,0.421868701644112,5.58816666099091,-62.0720858854552,R6,1.43464550113376,0.445733387501494,0.554266612498506,0.478148427599839,0.181925196668462,2.21706644999402,0.452491534852385,0.387367426333747,2.19612590534056,0,0.215057077108226,0.43079757544021,0.227268355452111,4,1514.04584984392,B-R,1
22,5,16,0.431944186046512,0.24456511627907,4,0.340724352941824,0.434062804404894,14.6979537760267,-38.9721300441726,R6,1.59907366217684,0.515621902302203,0.484378097697797,0.494933298637998,0.189429441440353,1.93751239079119,0.462199552168241,0.398027284272121,1.93700448900472,0,0.167567367664122,0.43082028998232,0.243273624443538,4,1637.87931689043,B-R,1
22,6,15,0.431593023255814,0.260344186046512,4,0.328148718551715,0.445375885308411,22.8534478904366,-18.6136583295956,R6,1.80607189259414,0.577038741451309,0.422961258548691,0.51606373384229,0.198876517771717,1.69184503419476,0.474062861139966,0.411053753447355,1.70929299173556,0,0.125834218025967,0.430843066480292,0.259322549179607,4,1769.3611635011,B-R,1
22,7,14,0.431241860465116,0.276123255813954,4,0.316449993344505,0.455900095907383,30.1961735038073,-1.66040381159738,R5,2.07463038967276,0.631436247245296,0.368563752754704,0.543478257674893,0.211133108643162,1.47425501101882,0.488888834102868,0.427333366517739,1.5076066519032,0,0.0888707519685336,0.430865905187959,0.275415308516425,4,1908.83931802737,B-R,1
22,8,13,0.430890697674419,0.291902325581395,4,0.305539546101045,0.465715169129924,37.1042769049627,1.12149929303422,R8,2.43700747274029,0.679952730766585,0.320047269233414,0.580469808075308,0.227671433427748,1.28018907693366,0.50794563673649,0.448258628826683,1.32772502240342,0,0.0559034795598149,0.430888806360539,0.291552082288457,4,2056.09318563609,B-R,1
22,9,12,0.430539534883721,0.307681395348837,4,0.295340300521821,0.4748904430615,43.7370511977273,4.3502410288629,R8,2.95276974691938,0.723492995446398,0.276507004553602,0.633118960164138,0.251210019062925,1.10602801821441,0.533345676638086,0.476149062905106,1.16629341831736,0,0.0263175808658744,0.43091177025465,0.30773305131523,4,2210.1090028018,B-R,1
22,10,11,0.430188372093023,0.323460465116279,4,0.285784911633181,0.483486501455722,49.8614529140348,8.89707237345068,R8,3.71675484201277,0.760640488263614,0.239359511736386,0.711069232584563,0.287763570099135,0.957438046945546,0.565347475535004,0.514780278791013,1.02302708609462,0.0015034590308409,0,0.430928039458834,0.323951562872077,4,2368.95217700329,R-G,1
22,11,10,0.429837209302326,0.339239534883721,4,0.276814276985011,0.49155651306567,43.0522694749483,-7.47569017475489,R8,2.98881589694753,0.660241883083831,0.339758116916169,0.634759249139901,0.344489083821013,1.35903246766468,0.432961330207168,0.528686297039325,1.04409210625046,0.0968614100977904,0,0.430501263700262,0.339743327341957,4,2529.86629317992,R-G,1
22,12,9,0.429486046511628,0.355018604651163,4,0.268376313060891,0.499147332389235,37.3494943428014,-21.7059427312181,R8,2.49931637341601,0.568767861432521,0.431232138567479,0.58344491736787,0.382633920180127,1.72492855426992,0.36325017804271,0.536008849952315,1.0632846249749,0.183742848987334,0,0.430074516233966,0.355534044927287,4,2689.65066070656,R-G,1
22,13,8,0.42913488372093,0.370797674418605,4,0.260424943371462,0.506300409983558,32.8323428989501,-33.8801831420067,R8,2.14759031466393,0.485079082619142,0.514920917380858,0.54657340513133,0.410042594365426,2.05968366952343,0.320225128962454,0.540528258808604,1.08084369175043,0.263229914177617,0,0.429647797057131,0.371323715732166,4,2845.20241936235,R-G,1
22,14,7,0.428783720930233,0.386576744186047,4,0.252919256703231,0.513052549707097,29.3424831320849,-44.1781827489631,R8,1.88264740512735,0.408222225795424,0.591777774204576,0.518799387574534,0.430688587758574,2.3671110968183,0.291024436070299,0.543595538751049,1.09696932651604,0.336228063694055,0,0.429221106166946,0.387112339860678,4,2993.99769463144,R-G,1
22,15,6,0.428432558139535,0.402355813953488,4,0.245822803051936,0.519436542100221,26.6804219707035,-52.8428242332144,R8,1.67589622916738,0.33739351452781,0.66260648547219,0.497125620946681,0.446799920650483,2.65042594188876,0.269907507582432,0.54581368923933,1.11183017271797,0.403500719236408,0,0.428794443560597,0.402899917416894,4,3134.33672980094,R-G,1
22,16,5,0.428081395348837,0.41813488372093,4,0.239103001663297,0.525481696913646,24.6313466645521,-60.1468751247616,R8,1.51006213733656,0.271910500163951,0.728089499836049,0.479741200332894,0.459722740779116,2.9123579993442,0.253925688945528,0.547492440902169,1.1255694175508,0.465696066156254,0,0.428367809235273,0.418686448504871,4,3265.3387056841,R-G,1
22,17,4,0.42773023255814,0.433913953488372,4,0.232730640893751,0.531214293035315,22.9642777332865,-66.3712598507896,R8,1.37409229403312,0.211190001704101,0.7888099982959,0.46548745479311,0.470318353590269,3.1552399931836,0.241408940366788,0.548807216959093,1.13830942047852,0.523368006025606,0,0.427941203188161,0.434471933228651,4,3386.78192190611,R-G,1
22,18,3,0.427379069767442,0.449693023255814,4,0.226679453693796,0.536657960386941,21.4148522476428,-71.8019578344159,R8,1.26058592471488,0.154730690018174,0.845269309981826,0.453588559669753,0.479163473299732,3.3810772399273,0.231340568485474,0.549864812244201,1.15015536730735,0.576992698035812,0,0.42751462541645,0.450256371692265,4,3498.89897422112,R-G,1
22,19,2,0.427027906976744,0.465472093023256,4,0.220925755701752,0.541834005496013,19.6439412758032,-76.7510949427486,R8,1.16440102279671,0.102099214335595,0.897900785664405,0.443505477396494,0.486658796926232,3.59160314265762,0.223066191236794,0.550733963927171,1.16119818104067,0.626981735968496,0,0.42708807591733,0.466039763999728,4,3602.19464490367,R-G,1
22,20,1,0.426676744186047,0.481251162790698,4,0.215448135433198,0.546761690202371,17.1441127121689,-81.6186858890903,R8,1.08185370089633,0.0529190580095988,0.947080941990401,0.43485202533115,0.493091395804074,3.7883237679616,0.216145547556496,0.551460917620626,1.17151686009422,0.673692732919115,0,0.426661554687989,0.481822110255041,4,3697.31093090743,R-G,1
22,21,0,0.426325581395349,0.497030232558139,4,0.210227188022142,0.551458471185504,13.012109793619,-87.0519572329221,R8,1.0102355572284,0.00686151703779439,0.993138482962206,0.427344281179411,0.498672325384654,3.97255393184882,0.210271541374898,0.552077931107571,1.18118037112769,0.717437889840257,0,0.426235061725617,0.497603410562193,4,3784.93772402505,R-G,1
23,0,20,0.4465,0.171909302325581,4,0.428306438929608,0.371035134312143,-41.7724663126536,-196.274055455751,R6,1.01894354191019,0.0364020461476967,0.963597953852303,0.44876754196665,0.168789477191968,3.85439181540921,0.434858732986362,0.368005783597457,3.74845358567632,0,0.453496651970251,0.44352934234445,0.169942461341503,4,1046.55773684725,B-R,1
23,1,19,0.446148837209302,0.187688372093023,4,0.409314353013467,0.387433432331405,-19.7530170395586,-147.150437204564,R6,1.09922192805925,0.161882171950889,0.838117828049111,0.457990858948839,0.172913073261651,3.35247131219644,0.44048434163964,0.37418296551934,3.28030340084242,0,0.371569994352363,0.44356920262247,0.185792470604714,4,1144.18211450072,B-R,1
23,2,18,0.445797674418605,0.203467441860465,4,0.391908841577792,0.402461837581893,-9.52135955819413,-111.035690478604,R6,1.19323176944162,0.267900120991336,0.732099879008663,0.46879180560595,0.177742002080873,2.92839951603465,0.446966390522683,0.381300558946989,2.88476409036356,0,0.302350297951912,0.443609171095219,0.201685502334022,4,1244.97414647061,B-R,1
23,3,17,0.445446511627907,0.219246511627907,4,0.375899065266496,0.41628512609973,-0.250179715453376,-81.9771240030483,R6,1.30482566177976,0.358657944777437,0.641342055222563,0.481613013052743,0.183474156872721,2.56536822089025,0.454516569562577,0.389591009340306,2.54615834137647,0,0.243094020450801,0.443649248203813,0.217621731934501,4,1349.86429009424,B-R,1
23,4,16,0.445095348837209,0.235025581395349,4,0.361123611405929,0.429042666100616,8.54397484379482,-57.3593325058556,R6,1.43944610869921,0.437229231038899,0.562770768961101,0.497079779560937,0.19038909839615,2.25108307584441,0.46342259861603,0.399370246584742,2.25301899400577,0,0.191794399678695,0.44368943439177,0.233601335766041,4,1459.68781210795,B-R,1
23,5,15,0.444744186046512,0.250804651162791,4,0.347445032684251,0.44085313343677,16.7344231284999,-35.8642520407341,R6,1.60504003701946,0.505914083361522,0.494085916638478,0.516105140738323,0.198895030126228,1.97634366655391,0.474085727967973,0.411078862296065,1.99676465807565,0,0.146949685475934,0.443729730105025,0.249624491149847,4,1575.17331174907,B-R,1
23,6,14,0.444393023255814,0.266583720930233,4,0.334745558585159,0.451818214464959,24.1083343820114,-16.7601549595086,R6,1.81368660444321,0.566468033519652,0.433531966480348,0.540076891055049,0.209612412558205,1.73412786592139,0.487082863798254,0.425350326494039,1.77084567068626,0,0.107413681584794,0.443770135791946,0.265691376375004,4,1696.88859282609,B-R,1
23,7,13,0.444041860465116,0.282362790697674,4,0.3229236959202,0.462025541241952,30.81856601789,-1.83780895579136,R5,2.08468435159616,0.620254200983197,0.379745799016803,0.571212271863648,0.223532538493196,1.51898319606721,0.503274502193837,0.443129504205697,1.57017640869446,0,0.0722963998785617,0.443810651903354,0.281802170705088,4,1825.1432817944,B-R,1
23,8,12,0.443690697674419,0.298141860465116,4,0.31189151059449,0.471551038524005,37.2021427356477,2.70564024137991,R8,2.45089219716255,0.66834713444326,0.33165286555674,0.613286498851119,0.242343245896565,1.32661146222696,0.52400339973227,0.465890805075847,1.39074786935871,0,0.0408962616638279,0.443851278892535,0.297957054384831,4,1959.85509241494,B-R,1
23,9,11,0.443339534883721,0.313920930232558,4,0.301572436485589,0.480460815642105,43.3485812168759,5.17740817403647,R8,2.97317804051806,0.711605336101114,0.288394663898886,0.673292785968467,0.269171087788065,1.15357865559554,0.551487473616942,0.496069606127209,1.22935709155961,0,0.0126527461771836,0.443892017215261,0.314156208646847,4,2100.40511714473,B-R,1
23,10,10,0.442988372093023,0.3297,4,0.291899495916533,0.488812702995309,42.4006495786736,-2.10540171043269,R8,2.97992249132852,0.678325877840699,0.321674122159301,0.673032343230846,0.316038534809833,1.28669648863721,0.494295405102998,0.522243683557132,1.16494312855369,0.0507487216880374,0,0.443690959495488,0.330160022164204,4,2245.5368425665,R-G,1
23,11,9,0.442637209302326,0.345479069767442,4,0.282813844258775,0.496657508681265,35.6904009456813,-18.1703622266169,R8,2.49309446039007,0.583500080823607,0.416499919176393,0.615593104818673,0.358736359650626,1.66599967670557,0.405418879295201,0.531579393020303,1.17914597015623,0.142135278197772,0,0.443263813134865,0.345949641689143,4,2393.37082514459,R-G,1
23,12,8,0.442286046511628,0.361258139534884,4,0.274263571816394,0.504040052982883,30.1447949094092,-32.3192055075572,R8,2.142994775022,0.496957905422972,0.503042094577028,0.574285994262366,0.389442264185019,2.01216837830811,0.35206700549225,0.53718354539477,1.19210810543819,0.225538652084521,0,0.442836695087609,0.361738214600259,4,2541.58278711941,R-G,1
23,13,7,0.44193488372093,0.377037209302326,4,0.266202711448431,0.511000025214957,25.7181091579547,-44.6005994066475,R8,1.87911487163941,0.417659338821583,0.582340661178417,0.543151672244474,0.412586161367595,2.32936264471367,0.316488267075539,0.540920783792711,1.20398530569569,0.301961135900319,0,0.442409605350905,0.377525741001611,4,2687.7198725467,R-G,1
23,14,6,0.441583720930233,0.392816279069767,4,0.258590411859034,0.517572697528573,22.2606547160596,-55.139226974036,R8,1.67309639663443,0.344731473647459,0.655268526352541,0.518844229880664,0.430655253943824,2.62107410541016,0.291069579578351,0.543590796816421,1.21490831346428,0.372243977505838,0,0.441982543921937,0.393312220997244,4,2829.54993578592,R-G,1
23,15,5,0.441232558139535,0.408595348837209,4,0.251390245162795,0.523789522778556,19.592164553935,-64.1253354252979,R8,1.50778861489201,0.277436241717194,0.722563758282806,0.499340108335758,0.445153767301923,2.89025503313123,0.272002663130167,0.545593611290782,1.22498767530228,0.437098476060935,0,0.441555510797892,0.409097654691189,4,2965.3205361585,R-G,1
23,16,4,0.440881395348837,0.424374418604651,4,0.244569623951901,0.529678637843988,17.5060704605479,-71.7965932368273,R8,1.37220951090828,0.215145346113964,0.784854653886036,0.483343575715362,0.457044892023747,3.13941861554415,0.257171119869668,0.54715153648545,1.2343174964202,0.497130140757204,0,0.441128505975955,0.424882042187463,4,3093.86611176103,R-G,1
23,17,3,0.44053023255814,0.440153488372093,4,0.23809930818116,0.535265289397474,15.7552561215608,-78.4260338333649,R8,1.25900116816793,0.157320585227671,0.84267941477233,0.469986495646708,0.46697396282833,3.37071765908932,0.245304801897218,0.548397990439196,1.24297838771147,0.552857653149688,0,0.440701529453314,0.44066538359007,4,3214.57776127982,R-G,1
23,18,2,0.440179069767442,0.455932558139535,4,0.231952986129536,0.540572195714659,14.0130412577838,-84.3300445850584,R8,1.16304874952267,0.103498262509135,0.896501737490865,0.458665385315066,0.475389582521527,3.58600694996346,0.235595279920458,0.549417891649076,1.25103980083215,0.60472789195945,0,0.440274581227154,0.456447679002999,4,3327.29461208274,R-G,1
23,19,1,0.439827906976744,0.471711627906977,4,0.22610691677277,0.545619855459713,11.7812413199912,-89.9179074697722,R8,1.0806862674383,0.0532767252492478,0.946723274750752,0.448947706907061,0.482613280850303,3.78689309900301,0.227503519057005,0.550267861062035,1.25856189462073,0.653127942337927,0,0.439847661294664,0.472228928530226,4,3432.17322122843,R-G,1
23,20,0,0.439476744186046,0.487490697674419,4,0.220539623317506,0.550426812296535,8.16154377906016,-95.8432000394384,R8,1.00921750187573,0.0063063234224363,0.993693676577564,0.440515342286933,0.488881532963263,3.97477470631026,0.220656294711477,0.550987102690103,1.26559703904492,0.69839477284036,0,0.439420769653031,0.488009132275714,4,3529.57136270999,R-G,1
24,0,19,0.4593,0.178148837209302,4,0.435439437784208,0.380011575031005,-32.1536120770079,-176.731446262829,R6,1.02136282317006,0.0395193433199828,0.960480656680017,0.462130574070032,0.174763873037515,3.84192262672007,0.442982083427404,0.376925603048511,3.76914150363432,0,0.414455833957345,0.456366091639334,0.176211827289365,4,1016.46702440497,B-R,1
24,1,18,0.458948837209302,0.193927906976744,4,0.41635214022148,0.395839706493556,-12.636201136559,-133.660286721984,R6,1.10203796361148,0.16070856697968,0.83929143302032,0.472433035451765,0.179369937140463,3.35716573208128,0.449126387898164,0.383672337284496,3.31437053455507,0,0.338341707639825,0.456423382971213,0.192079460590886,4,1110.4329388996,B-R,1
24,2,17,0.458597674418605,0.209706976744186,4,0.398842288038493,0.41035974220481,-4.10468629634322,-101.423588461119,R6,1.1965508068415,0.263660407745615,0.736339592254385,0.484502613665415,0.184766050640698,2.94535836901754,0.456197027377486,0.391436230768692,2.92803660997208,0,0.27368175540939,0.456480829901415,0.207990189017942,4,1206.90484314796,B-R,1
24,3,16,0.458246511627907,0.225486046511628,4,0.382722092088243,0.423727406216131,3.804163939825,-75.0835675955257,R6,1.308795570308,0.352203514106351,0.647796485893649,0.498836612151043,0.19117454987501,2.5911859435746,0.464420566517786,0.400466062106455,2.59577246082604,0,0.218071355585301,0.456538433064691,0.223944188373242,4,1306.71293369407,B-R,1
24,4,15,0.457895348837209,0.24126511627907,4,0.367832433033275,0.436074648154393,11.5223109553416,-52.479790464298,R6,1.44427895169537,0.429164939084884,0.570835060915116,0.516138252990744,0.198909834079535,2.28334024366046,0.474104013052164,0.411098940175361,2.30696937452615,0,0.16973494872093,0.456596193099245,0.239941635417022,4,1410.57825361517,B-R,1
24,5,14,0.457544186046512,0.257044186046512,4,0.354037591211322,0.447514013478132,18.819320867918,-32.530815015446,R6,1.61105110141821,0.496677562961818,0.503322437038182,0.53743556493426,0.20843151830601,2.01328974815273,0.485673997786816,0.423803325592876,2.05362356985453,0,0.127332957631148,0.456654110646767,0.255982707873579,4,1519.1153652481,B-R,1
24,6,13,0.457193023255814,0.272823255813954,4,0.341221097795609,0.458142083900681,25.4215567025592,-14.6404705178874,R6,1.82136579804606,0.556380834962506,0.443619165037495,0.564293392861964,0.220439219428802,1.77447666014998,0.499741325206178,0.439249910305708,1.82958289985902,0,0.0898357095310197,0.456712186352448,0.272067584437849,4,1632.80158900496,B-R,1
24,7,12,0.456841860465116,0.288602325581395,4,0.329282438448748,0.468042210883442,31.5055714666412,-1.85259638440667,R5,2.09483623399273,0.609555662728756,0.390444337271244,0.599216401238152,0.236052732480521,1.56177734908498,0.51721238002814,0.45843394720802,1.63004066975294,0,0.0564387173291566,0.456770420865009,0.288196444782044,4,1751.91601338358,B-R,1
24,8,11,0.456490697674419,0.304381395348837,4,0.318134411874105,0.477286706055771,37.3587256823916,4.25815429295683,R8,2.46493604317485,0.657217345933502,0.342782654066498,0.646479275162167,0.257183200134548,1.37113061626599,0.539492531330889,0.4828985974044,1.45118689707894,0,0.0265043117244272,0.456828814836723,0.304369469562341,4,1876.45370955853,B-R,1
24,9,10,0.456139534883721,0.320160465116279,4,0.307700996333755,0.485938610403852,42.7472174997145,5.63426237351554,R8,2.97108185444423,0.697487537816209,0.302512462183791,0.71107834515528,0.287756796211474,1.21004984873516,0.565365903364187,0.514778343107122,1.29299593039316,0.00188807625300208,0,0.456878290432639,0.320578435233557,4,2006.03034832428,R-G,1
24,10,9,0.455788372093023,0.335939534883721,4,0.297915613706407,0.494053133799739,35.180172721324,-11.8747885788889,R8,2.48690344866938,0.59906898959598,0.40093101040402,0.647581627396388,0.3349574870246,1.60372404161608,0.452512006274386,0.526632667805811,1.30158744794634,0.0981646817338944,0,0.456450745327581,0.336366956838032,4,2139.80704426624,R-G,1
24,11,8,0.455437209302326,0.351718604651163,4,0.288719707267307,0.501678834376631,28.6535243903622,-27.6677963844872,R8,2.13841886099424,0.509481098146482,0.490518901853518,0.601880234597757,0.368929909337962,1.96207560741407,0.386849879610894,0.53352990565003,1.30940808700127,0.185802817399622,0,0.456023228559779,0.352154431995274,4,2276.47615684449,R-G,1
24,12,7,0.455086046511628,0.367497674418605,4,0.280061568978509,0.508858590997791,23.2804904475965,-41.7322793740472,R8,1.87559556996736,0.427586390561269,0.572413609438731,0.567412740525836,0.394551541261829,2.28965443775493,0.343897294545107,0.538041702789058,1.31655714406882,0.265915200641769,0,0.455595740126417,0.367940860809316,4,2414.3434497251,R-G,1
24,13,6,0.45473488372093,0.383276744186046,4,0.271895366671348,0.515630409964973,18.9601138491503,-54.100220810797,R8,1.67030590356727,0.352434707822583,0.647565292177417,0.540490391551261,0.414564441373252,2.59026116870967,0.313609897891479,0.541223131551986,1.32311756395995,0.339431311589344,0,0.455168280024679,0.383726243384176,4,2551.50876602134,R-G,1
24,14,5,0.454383720930233,0.399055813953488,4,0.264180332468214,0.522028098019239,15.5481050711361,-64.8640765938001,R8,1.50552192810497,0.283226171900009,0.716773828099991,0.51888008952969,0.430628597444621,2.86709531239997,0.29110568455582,0.543587004301167,1.3291591725994,0.407133620040571,0,0.454740848251746,0.39951057982386,4,2686.10003562931,R-G,1
24,15,4,0.454032558139535,0.41483488372093,4,0.256880082103103,0.528081826794032,12.8739333392728,-74.1800713056516,R8,1.37033188030742,0.219282604569418,0.780717395430582,0.501150830631672,0.443807755314935,3.12286958172233,0.273726093874763,0.545412579814077,1.33474117204024,0.469685544614305,0,0.454313444804805,0.415293870232359,4,2816.48977319475,R-G,1
24,16,3,0.453681395348837,0.430613953488372,4,0.249962041154436,0.533818608611308,10.7263530394891,-82.2657295999133,R8,1.25742039119895,0.160025230066137,0.839974769933863,0.486343253775403,0.454815062173508,3.35989907973545,0.259899602210396,0.546864933041212,1.33991408692678,0.527653264826146,0,0.453886069681038,0.431076114713652,4,2941.43324896827,R-G,1
24,17,2,0.45333023255814,0.446393023255814,4,0.243396959098792,0.539262699452228,8.81542275429278,-89.4061780187491,R8,1.16169961352134,0.104957106728581,0.895042893271419,0.473790122261557,0.464146512683619,3.58017157308568,0.24863766130893,0.548047902416892,1.34472129813677,0.581522907093978,0,0.45345872287763,0.4468573133717,4,3060.11111050863,R-G,1
24,18,1,0.452979069767442,0.462172093023256,4,0.237158495893458,0.544435941783355,6.68140565350143,-95.9951699984245,R8,1.07952135083028,0.0536491574613423,0.946350842538658,0.463012999841857,0.472157755487051,3.78540337015463,0.239287313791822,0.549030075459841,1.34920026226212,0.631714210247343,0,0.453031404391767,0.462637466310456,4,3172.09444686099,R-G,1
24,19,0,0.452627906976744,0.477951162790698,4,0.231222868765014,0.549358057457035,3.46066045704556,-102.677085095936,R8,1.00820149632875,0.00572896733830186,0.994271032661698,0.453659884093868,0.47911045383339,3.97708413064679,0.231399926361894,0.549858577213257,1.35338348953014,0.67859148411976,0,0.452604114220635,0.478416573633854,4,3277.26888082483,R-G,1
25,0,18,0.4721,0.184388372093023,4,0.442407752264037,0.38878077058446,-24.2461160535183,-160.26676810487,R6,1.02379361998748,0.0424256674875332,0.957574332512467,0.47555721298418,0.180766706460929,3.83029733004987,0.450969664602255,0.385696341483029,3.78842930091979,0,0.378057227523352,0.469217605114153,0.182488403944922,4,1000.00008696779,B-R,1
25,1,17,0.471748837209302,0.200167441860465,4,0.42323436750193,0.40406017233825,-5.81102557874811,-120.505481267491,R6,1.10486846471208,0.159608128244593,0.840391871755407,0.486949399229243,0.185859968951631,3.36156748702163,0.457613961397796,0.392992090721669,3.34631381568497,0,0.307184977141845,0.469292367608873,0.198373691366718,4,1078.94132492709,B-R,1
25,2,16,0.471397674418605,0.215946511627907,4,0.405628746469276,0.418090212428748,1.18259840608205,-91.9133231548643,R6,1.1998883599005,0.259665698121339,0.740334301878661,0.500301066403566,0.191829283720935,2.96133720751464,0.465250352654181,0.401377206168668,2.96880850668497,0,0.246669904330981,0.469367333269175,0.214302146739032,4,1171.6328921987,B-R,1
25,3,15,0.471046511627907,0.231725581395349,4,0.389406153213202,0.431018108203195,7.8161419704882,-68.1539673130581,R6,1.31278970930711,0.346096672554121,0.653903327445879,0.516165336068565,0.198921942486247,2.61561330978352,0.474118968039737,0.411115361452519,2.64271472137107,0,0.194396231111086,0.469442502924334,0.230273946263339,4,1267.03834587769,B-R,1
25,4,14,0.470695348837209,0.247504651162791,4,0.374409779098989,0.442968821537548,14.5109725345139,-47.4768117894641,R6,1.44914435590086,0.421507244992552,0.578492755007448,0.535325132607827,0.20748797809554,2.31397102002979,0.484544234033033,0.422562792049577,2.35819960187232,0,0.148787725053602,0.469517877408143,0.24628926710137,4,1365.79846306428,B-R,1
25,5,13,0.470344186046512,0.263283720930233,4,0.360505657632992,0.454049111248957,20.9405481624274,-29.0158110044266,R6,1.61710735936358,0.48787883333045,0.51212116666955,0.558926359649668,0.218039705555125,2.0484846666782,0.496975422741146,0.43621281978667,2.10778749417089,0,0.108646019575563,0.469593457558947,0.262348287381664,4,1468.44806529552,B-R,1
25,6,12,0.469993023255814,0.279062790697674,4,0.347578651371374,0.464350731155703,26.7841632638145,-12.2995707052438,R6,1.82911029593728,0.546744713577768,0.453255286422232,0.588715833143596,0.231358098065618,1.81302114568893,0.512053098138599,0.452768813925171,1.88569353026896,0,0.0730437854454495,0.469669244219671,0.278451186206171,4,1575.40104277785,B-R,1
25,7,11,0.469641860465116,0.294841860465116,4,0.335529256171983,0.473952976790785,32.2478200359166,-1.7012928379668,R5,2.10508747440632,0.599309936042782,0.400690063957218,0.627494611286012,0.248695463510605,1.60276025582887,0.530723055091276,0.473269301548535,1.68737119869772,0,0.0412522051711326,0.469745238237852,0.294598143656914,4,1686.91256112229,B-R,1
25,8,10,0.469290697674419,0.310620930232558,4,0.324271034953202,0.482924730457084,37.5539243231686,5.82400701846859,R8,2.47914176188696,0.646534692158696,0.353465307841304,0.680054639285061,0.27219420320456,1.41386123136522,0.554442710284228,0.499314594472676,1.5091978113973,0,0.0126905525310553,0.469821440465673,0.310789340802696,4,1803.02312580392,B-R,1
25,9,9,0.468939534883721,0.3264,4,0.313728540889388,0.491326116247157,35.7327523707623,-3.37839830904214,R8,2.48074310861589,0.61554794829688,0.38445205170312,0.679411671624658,0.311296420292118,1.53780820681248,0.505445654927859,0.521072446361927,1.43118600140185,0.0516238705713337,0,0.469635313448007,0.326785989911862,4,1923.49450037843,R-G,1
25,10,8,0.468588372093023,0.342179069767442,4,0.303835624494375,0.499209849139995,28.2495635109314,-20.5134655720719,R8,2.13386244712943,0.522702553530667,0.477297446469333,0.629356882648916,0.348504967466659,1.90918978587733,0.425000936424688,0.529522467477922,1.43324842924008,0.14385140955668,0,0.469207398109475,0.342572367455096,4,2047.75485377785,R-G,1
25,11,7,0.468237209302326,0.357958139534884,4,0.294534044280605,0.506622342176289,21.9359824304647,-36.0775759823925,R8,1.87208942590653,0.438042551411233,0.561957448588767,0.591583103964612,0.376584347180292,2.24782979435507,0.373483261975945,0.534933953092378,1.43512903027145,0.227948027010139,0,0.468779511129257,0.358357698821654,4,2174.87692907634,R-G,1
25,12,6,0.467886046511628,0.373737209302326,4,0.285772319326502,0.513604620855353,16.7381794321892,-50.069927251245,R8,1.66752470331288,0.360531187675695,0.639468812324305,0.56206446785089,0.398527213923729,2.55787524929722,0.337667638582332,0.53869607420598,1.43685083451117,0.304943577933557,0,0.468351652504534,0.374141984115529,4,2303.61447382242,R-G,1
25,13,5,0.46753488372093,0.389516279069767,4,0.277504775997438,0.520193082809722,12.5301949779552,-62.5193797399986,R8,1.5032620461932,0.289299701223199,0.710700298776801,0.538361409273088,0.416147033951349,2.8428011951072,0.311324662346601,0.54146317575835,1.43843314024629,0.375701042106378,0,0.467923822232487,0.389925223440701,4,2432.50384353806,R-G,1
25,14,4,0.467183720930233,0.405295348837209,4,0.269690751544027,0.526420132463134,9.16850743242267,-73.5048337643741,R8,1.36845938110845,0.223614622335444,0.776385377664556,0.518909419861887,0.430606794554797,3.10554151065822,0.291135218495849,0.543583902016499,1.43989224045902,0.440949008245465,0,0.467496020310298,0.405707416901135,4,2560.01639467135,R-G,1
25,15,3,0.466832558139535,0.421074418604651,4,0.262293925262342,0.532314714033531,6.48015701011543,-83.1695271314816,R8,1.25584357883668,0.1628524235689,0.8371475764311,0.502658988967609,0.442686656180613,3.3485903057244,0.275168666700438,0.545261050029833,1.44124198592097,0.501306854422841,0,0.467068246735149,0.421488564600783,4,2684.72142241233,R-G,1
25,16,2,0.466481395348837,0.436853488372093,4,0.255281753998581,0.537902761383269,4.224854093151,-91.7376579234711,R8,1.16035360388769,0.106479664278431,0.89352033572157,0.488879810489084,0.452929496534871,3.57408134288628,0.262225537965525,0.54662061363018,1.44249422625417,0.55730447141036,0,0.466640501504223,0.437268666643583,4,2805.41656288024,R-G,1
25,17,1,0.46613023255814,0.452632558139535,4,0.248624993487791,0.543207579467562,2.0063249960807,-99.5572652585687,R8,1.07835894294199,0.0540372881909881,0.945962711809012,0.477048002301257,0.461724746742204,3.78385084723605,0.251521336128725,0.547744997346524,1.44365915873809,0.609397860611489,0,0.466212784614704,0.453047723133459,4,2921.2008782726,R-G,1
25,18,0,0.465779069767442,0.468411627906977,4,0.2422972906763,0.548250169215536,-0.963953888995185,-107.237955971023,R8,1.00718753440289,0.00512809472222535,0.994871905277775,0.466777986612678,0.46935902851726,3.9794876211111,0.242521366705246,0.548690366204626,1.44474560661641,0.657981579370404,0,0.465785096063773,0.468825734174322,4,3031.48646407824,R-G,1
26,0,17,0.4849,0.190627906976744,4,0.449217020552335,0.397349816279639,-18.219831425732,-147.051840231366,R6,1.0262360147781,0.0451417350309154,0.954858264969085,0.489047913936417,0.186798180986996,3.81943305987634,0.458824852062979,0.394321705415359,3.80645446162805,0,0.344041382125406,0.482083908255083,0.18877220375542,4,1000.00008696779,B-R,1
26,1,16,0.484548837209302,0.206406976744186,4,0.429966136111782,0.412100923054065,0.721079862289969,-107.713955383435,R6,1.10771354310905,0.158574220457086,0.841425779542914,0.501540523386449,0.192383424921224,3.36570311817166,0.465951167149388,0.402146733325142,3.37632585185354,0,0.27791193788213,0.482176182125558,0.204675175448354,4,1049.42033033242,B-R,1
26,2,15,0.484197674418605,0.222186046511628,4,0.412272842030227,0.425658516784072,6.33197320211545,-82.5392719419573,R6,1.20324458398982,0.255895351191682,0.744104648808318,0.51618789927678,0.198932030132253,2.97641859523327,0.474131426725416,0.411129041673218,3.00729045156866,0,0.221175172709204,0.482268706893104,0.220621388082807,4,1138.77405301826,B-R,1
26,3,14,0.483846511627907,0.23796511627907,4,0.395955451348183,0.438161816202555,11.7743053389549,-61.2247578872506,R6,1.31680830129343,0.340310078368315,0.659689921631685,0.533600150200802,0.206716766319167,2.63875968652674,0.483618110245574,0.421545864732035,2.68719529444886,0,0.17196264797993,0.482361483582418,0.236611018260157,4,1230.32361313929,B-R,1
26,4,13,0.483495348837209,0.253744186046512,4,0.380859476971524,0.449729197980869,17.4971373832143,-42.3874875493063,R6,1.45404265149899,0.414226154204219,0.585773845795781,0.554641720500815,0.216124112586963,2.34309538318312,0.494751339815821,0.433770672512333,2.40691034062954,0,0.128870680125151,0.482454513223781,0.252644243544779,4,1324.65318550289,B-R,1
26,5,12,0.483144186046512,0.269523255813953,4,0.366852725278955,0.460461956281818,23.0835640408648,-25.3566604481373,R6,1.62320932245304,0.479487489550084,0.520512510449916,0.58057934030203,0.227720403517412,2.08205004179966,0.508000523049345,0.448318896570214,2.15944360004917,0,0.0908242966682274,0.482547796853102,0.268721242470612,4,1422.24080497785,B-R,1
26,6,11,0.482793023255814,0.285302325581395,4,0.353821414784585,0.470447276857958,28.1816517114045,-11.1221419915857,R5,1.83692093470101,0.537530074320114,0.462469925679886,0.613346850085906,0.242370227958989,1.84987970271955,0.524032232788728,0.465922465122978,1.93934989231585,0,0.0569863369438632,0.482641335511952,0.284842194547789,4,1523.45493164982,B-R,1
26,7,10,0.482441860465116,0.301081395348837,4,0.341667078412965,0.47976061070211,33.0224957789392,-1.38747623067604,R5,2.11543953865808,0.589488869067131,0.410511130932869,0.656050945498211,0.261462539362965,1.64204452373148,0.543825871884785,0.48765680839643,1.74232552080422,0,0.0266951359068634,0.482735130247608,0.301007280269318,4,1628.53229004075,B-R,1
26,8,9,0.482090697674419,0.316860465116279,4,0.330304070822123,0.488467584076176,37.4422427798484,7.00875494148863,R8,2.47461321286129,0.633019151967924,0.366980848032076,0.711084412299565,0.287752286161008,1.4679233921283,0.565378173006414,0.514777054287448,1.56858805234395,0.00228070480489973,0,0.482817518131812,0.317206740448706,4,1737.54119308818,R-G,1
26,9,8,0.481739534883721,0.332639534883721,4,0.319657547246968,0.496625547234623,28.9228367097071,-11.2905259027382,R8,2.12932540904328,0.536682346524332,0.463317653475668,0.656716688493255,0.328166880996277,1.85327061390267,0.467034303057869,0.52510722627582,1.56419183134343,0.0994938119703637,0,0.482389204372304,0.332992020517775,4,1850.33814269382,R-G,1
26,10,7,0.481388372093023,0.348418604651163,4,0.309661812983994,0.50428483914182,21.6268554080499,-28.1213960747025,R8,1.86859636580606,0.449071281635202,0.550928718364799,0.615663270288899,0.358684201700061,2.20371487345919,0.405516247287013,0.531569165355863,1.56019379962991,0.187901807239984,0,0.481960918994969,0.348776254576654,4,1966.52774231258,R-G,1
26,11,6,0.481037209302326,0.364197674418605,4,0.300258966572409,0.511489827142716,15.5294986759477,-43.5011918073646,R8,1.6647527495285,0.369051814399693,0.630948185600307,0.583566818265649,0.382543304368964,2.52379274240123,0.363401369197782,0.535992968630624,1.55654220187668,0.268649149939069,0,0.481532661996986,0.36455944272931,4,2085.44202198633,R-G,1
26,12,5,0.480686046511628,0.379976744186046,4,0.291397777456658,0.518279766960727,10.501743230143,-57.4434448961729,R8,1.50100893855901,0.295678189445756,0.704321810554244,0.557784331333461,0.401708880748843,2.81728724221698,0.332760326271041,0.539211544872355,1.55319387960856,0.342690198247881,0,0.481104433375535,0.380341585079696,4,2206.15373307154,R-G,1
26,13,4,0.48033488372093,0.395755813953488,4,0.283032752177792,0.524689518234252,6.40425719091775,-69.9839698559403,R8,1.36659199230455,0.228155483196828,0.771844516803172,0.536619542632434,0.417441861647095,3.08737806721269,0.309466348816391,0.541658375503748,1.5501125573885,0.41082710655052,0,0.480676233127796,0.396122681731752,4,2327.53431178479,R-G,1
26,14,3,0.479983720930233,0.41153488372093,4,0.275123353152929,0.530750143131647,3.0875830993876,-81.2055819325109,R8,1.25427071618489,0.165810687909687,0.834189312090313,0.518933855359029,0.430588630271883,3.33675724836125,0.291159825647833,0.543581317248254,1.54726752327042,0.473739004423306,0,0.480248061250948,0.411902732789404,4,2448.35095014602,R-G,1
26,15,2,0.479632558139535,0.427313953488372,4,0.26763334172491,0.536489409743399,0.356815697618169,-91.2662673426644,R8,1.15901070976713,0.108070202247551,0.891929797752449,0.503934571684828,0.44173844361834,3.56771919100979,0.276393863722116,0.545132353691564,1.544632601607,0.532004710812602,0,0.479819917742172,0.427681738356565,4,2567.38358745104,R-G,1
26,16,1,0.479281395348837,0.443093023255814,4,0.260530223015267,0.541932217466906,-2.11142514861434,-100.450119065869,R8,1.07719903567812,0.0544421313780213,0.945557868621979,0.491052812028621,0.45131418195761,3.78223147448792,0.264231891607444,0.546409863552912,1.54218534533471,0.586120594939249,0,0.47939180259865,0.443459698537131,4,2683.53368437927,R-G,1
26,17,0,0.47893023255814,0.458872093023256,4,0.253784774638775,0.547100958131797,-4.99779947120886,-109.307996044503,R8,1.00617560993848,0.00450223891205702,0.995497761087943,0.479869729534268,0.459627197776128,3.98199104435177,0.254040901354465,0.547480338836223,1.53990639490646,0.636514752143975,0,0.478963715817561,0.459236613434989,4,2795.9023371986,R-G,1
27,0,16,0.4977,0.196867441860465,4,0.455872626362355,0.405725487188827,-12.206299456776,-133.738577773619,R6,1.0286900907459,0.0476856359831812,0.952314364016819,0.502603136508475,0.192858502087285,3.80925745606728,0.466550910382203,0.402805279499227,3.82333704011996,0,0.312181739418509,0.494965026606994,0.195063239196769,4,1000.00008696779,B-R,1
27,1,15,0.497348837209302,0.212646511627907,4,0.436552326673253,0.419967788292739,6.9619061813448,-95.3067671717418,R6,1.1105733117044,0.15760098710677,0.84239901289323,0.51620698694687,0.198940563921292,3.36959605157292,0.474141965990322,0.411140614279963,3.40457664449009,0,0.250356774436274,0.49507485217039,0.2109839253808,4,1021.63459819515,B-R,1
27,2,14,0.496997674418605,0.228425581395349,4,0.418779007847122,0.433069705054432,11.3362925122804,-73.3297264562371,R6,1.20661963622391,0.252330981290058,0.747669018709942,0.532163855993133,0.206074622374522,2.99067607483977,0.48284511921818,0.420697084360971,3.04367009743639,0,0.197073238394398,0.495184976527147,0.226947925663843,4,1108.01861767319,B-R,1
27,3,13,0.496646511627907,0.244204651162791,4,0.402374021422717,0.445162931351214,15.6678843520037,-54.3268687807383,R6,1.3208515715162,0.334819184171091,0.665180815828909,0.551142031800265,0.214559458287585,2.66072326331564,0.492924071541406,0.431764246319753,2.72940287161077,0,0.150675440430461,0.495295400898279,0.242955417048324,4,1196.16015308849,B-R,1
27,4,12,0.496295348837209,0.259983720930233,4,0.387185206889639,0.45635963499829,20.4673967079494,-37.2436522697954,R6,1.45897417315247,0.4072945516054,0.5927054483946,0.574089336422957,0.224818827594167,2.3708217935784,0.504733051888929,0.444731060119729,2.45328299181266,0,0.109909641951024,0.495406126511463,0.259006577502412,4,1286.60327598318,B-R,1
27,5,11,0.495944186046512,0.275762790697674,4,0.373082157989944,0.46675594727837,25.2308300503867,-21.5854806555348,R6,1.62935751003515,0.471475878525587,0.528524121474413,0.602396349813666,0.237474436133676,2.11409648589765,0.518759310695438,0.46013254957114,2.20876211662638,0,0.0738090586494943,0.495517154601082,0.275101585966608,4,1379.78530480033,B-R,1
27,6,10,0.495593023255814,0.291541860465116,4,0.35995246914675,0.476434729953305,29.5907418945952,-9.93226224547173,R5,1.8447985652721,0.528709855698983,0.471290144301017,0.638189127130266,0.253476808832216,1.88516057720407,0.535692030255748,0.478725469129331,1.99070956364264,0,0.0416162066195663,0.495628486408275,0.291240622360399,4,1476.0418706591,B-R,1
27,7,9,0.495241860465116,0.307320930232558,4,0.347698733156235,0.485467788468603,33.7869264729372,-0.918966061021351,R5,2.12589392154517,0.580066596211643,0.419933403788357,0.684889527296551,0.274355803552898,1.67973361515343,0.556539024338914,0.501616445539698,1.79504836840922,0,0.0127291708111936,0.495740123180978,0.307423867588959,4,1575.59555658311,B-R,1
27,8,8,0.494890697674419,0.3231,4,0.336236120382842,0.49391765649256,30.7935773520132,-2.26313128771555,R5,2.12480762340714,0.551487646933225,0.448512353066775,0.68396039584243,0.307915097084004,1.7940494122671,0.513574352765035,0.520218597039712,1.70286744732583,0.0525168962191906,0,0.495568647983643,0.323413390721528,4,1678.53245329365,R-G,1
27,9,7,0.494539534883721,0.338879069767442,4,0.32549041216663,0.501839045624862,22.3856609196031,-18.2067631092111,R8,1.86511631656378,0.460720935168283,0.539279064831717,0.639653743444447,0.340850730209843,2.15711625932687,0.440312931232984,0.527914075008341,1.69229978124641,0.145600964245558,0,0.495139964358869,0.33919652761251,4,1784.772498661,R-G,1
27,10,6,0.494188372093023,0.354658139534884,4,0.315396392030676,0.509280031346543,15.3135422779692,-34.7943354029142,R8,1.66198999617896,0.378030813887792,0.621969186112208,0.604997799895286,0.36661244725658,2.48787674444883,0.390992547941134,0.533094754212889,1.68267244570933,0.2304022391261,0,0.494711309137291,0.35497861876369,4,1894.04086728568,R-G,1
27,11,5,0.493837209302326,0.370437209302326,4,0.305896520976276,0.516283029549589,9.42390632826405,-50.0338539598122,R8,1.49876257478787,0.302385196560996,0.697614803439004,0.577149117899334,0.38731394293759,2.79045921375601,0.355525905082468,0.536820217943082,1.67386527831572,0.307979157494357,0,0.494282682316086,0.370759664278994,4,2005.8498133169,R-G,1
27,12,4,0.493486046511628,0.386216279069767,4,0.296939840012762,0.522885605556523,4.55575865302347,-63.955997255483,R8,1.36472969300342,0.23292066241524,0.76707933758476,0.554281397083768,0.404312809302856,3.06831735033904,0.328794722776142,0.539628097181731,1.66577775385944,0.379217184036385,0,0.493854083892432,0.386539664262337,4,2119.50204681712,R-G,1
27,13,3,0.49313488372093,0.401995348837209,4,0.288481055710496,0.529121148221209,0.55906424976348,-76.6138372250103,R8,1.25270178842188,0.168909354202665,0.831090645797335,0.535168006314155,0.418520870442845,3.32436258318934,0.307925542810455,0.541820223832986,1.65832513034424,0.444862758854019,0,0.493425513863506,0.40231861881762,4,2234.12313981645,R-G,1
27,14,2,0.492783720930233,0.417774418604651,4,0.280479774130504,0.535019434651192,-2.73404787793019,-88.1167163177813,R8,1.15767092035528,0.109733377466655,0.890266622533345,0.518954526973296,0.430573263895351,3.56106649013338,0.291180643914717,0.543579130469581,1.65143546837555,0.505549551808317,0,0.492996972226488,0.418096528048727,4,2348.72337332299,R-G,1
27,15,1,0.492432558139535,0.433553488372093,4,0.272899855782429,0.540607105711866,-5.58288593751151,-98.6876603421689,R8,1.07604162097815,0.0548647902016884,0.945135209798312,0.505027526347223,0.440925988787394,3.78054083919325,0.277447375750489,0.545021691375239,1.64504730142325,0.561818983741792,0,0.492568458978555,0.433873392059533,4,2462.27981725681,R-G,1
27,16,0,0.492081395348837,0.449332558139535,4,0.26570886987555,0.545908068335004,-8.54813038596371,-108.808911114679,R8,1.00516571680052,0.00384980869402415,0.996150191305976,0.492935192229604,0.449914902609082,3.9846007652239,0.265980294643648,0.546226208953206,1.63910779696024,0.614136423876904,0,0.492139974116888,0.449649210953894,4,2573.82128851009,R-G,1
28,0,15,0.5105,0.203106976744186,4,0.46237971313353,0.413914256014475,-6.21527470941549,-120.36140892434,R6,1.03115593189265,0.0500732374425704,0.94992676255743,0.51622334468868,0.198947877203484,3.79970705022972,0.474150997676834,0.411150531494985,3.83918233826714,0,0.28227958094223,0.507860985773617,0.201361522773629,4,1000.00008696779,B-R,1
28,1,14,0.510148837209302,0.218886046511628,4,0.442997610974573,0.427666348264574,12.5897451929927,-83.7698493217419,R6,1.11344788456908,0.156683239462701,0.843316760537299,0.530949374928898,0.205531647504109,3.3732670421492,0.482190180858867,0.419977931351502,3.43121681087652,0,0.224372578224621,0.507988403451675,0.21729995373801,4,1000.00008696779,B-R,1
28,2,13,0.509797674418605,0.23466511627907,4,0.425151494875502,0.440328619512947,16.189620607086,-64.3077626939461,R6,1.21001367548498,0.248956158183393,0.751043841816607,0.54822968862846,0.213257396688703,3.00417536726643,0.49139611791736,0.430086481639404,3.07811513902164,0,0.174253001694532,0.50811616798475,0.233281772125864,4,1079.11320895684,B-R,1
28,3,12,0.509446511627907,0.250444186046512,4,0.40866573887867,0.452025680823518,19.4865846990537,-47.4864768239565,R6,1.32491974799973,0.329601888865718,0.670398111134282,0.568791970159077,0.222450460688032,2.68159244453713,0.502042685592881,0.441776911853922,2.76950734025803,0,0.13044892649244,0.508244280791081,0.249307155341816,4,1164.21894389828,B-R,1
28,4,11,0.509095348837209,0.266223255813954,4,0.393390508964953,0.462863843226754,23.4069721330923,-32.0726651123138,R6,1.46393926007961,0.400687864093981,0.599312135906019,0.593669318092698,0.233572721189467,2.39724854362407,0.514496754452349,0.455452063069385,2.49748195028947,0,0.0918373920892268,0.508372743296647,0.265376281758982,4,1251.22182432255,B-R,1
28,5,10,0.508744186046512,0.282002325581395,4,0.379197196062423,0.472934358115662,27.3589497955613,-17.7299910718977,R6,1.63555244935685,0.463818794552306,0.536181205447694,0.624379259134611,0.247302639875463,2.14472482179078,0.529261319754007,0.47166424765011,2.25589820719726,0,0.0575467730821557,0.508501556935226,0.281489330725592,4,1340.52992063065,B-R,1
28,6,9,0.508393023255814,0.297781395348837,4,0.365974786279356,0.482315992657368,30.9706933844771,-8.61259333429338,R5,1.85274405324523,0.520259264345561,0.479740735654439,0.663245393948033,0.26467906107728,1.91896294261776,0.547045091811111,0.491191662730793,2.03991691473811,0,0.0268901894992754,0.50863072314844,0.297646482571661,4,1432.45505675911,B-R,1
28,7,8,0.508041860465116,0.313560465116279,4,0.353626951392441,0.49107709416541,34.1143823127295,-0.861928763188558,R5,2.12030896793681,0.567193798663807,0.432806201336193,0.711088742109738,0.287749067568954,1.73122480534477,0.565386929419347,0.51477613450209,1.84998099489309,0.0026815976271084,0,0.508745729578644,0.313836477604737,4,1527.20911941917,R-G,1
28,8,7,0.507690697674419,0.329339534883721,4,0.342069698187621,0.499277257951925,24.3500279969454,-11.9545388984696,R5,1.86164920562105,0.473045468358927,0.526954531641073,0.66355502362982,0.32308356088384,2.10781812656429,0.478247102414034,0.523929418793961,1.83205883506649,0.100849578120933,0,0.508316647856047,0.329618517467582,4,1624.8899587762,R-G,1
28,9,6,0.507339534883721,0.345118604651163,4,0.331229455304612,0.506968684759916,16.1481882711324,-24.2255892960405,R8,1.6592363975342,0.387506196229109,0.612493803770891,0.626357767472965,0.350734378893413,2.44997521508357,0.420649808916593,0.52997951574667,1.81577550320497,0.190040937868933,0,0.507887594560477,0.345399511757006,4,1725.46160476969,R-G,1
28,10,5,0.506988372093023,0.360897674418605,4,0.321041505443959,0.514197293152033,9.30338284002142,-40.6232860815689,R8,1.49652292464706,0.3094467735883,0.690553226411699,0.596456029592045,0.372962026783052,2.7622129056468,0.379749127243677,0.534275778201503,1.80091604213953,0.271433096968805,0,0.507458569689106,0.36117946057691,4,1828.73360742206,R-G,1
28,11,4,0.506637209302326,0.376676744186047,4,0.311448692325508,0.521003636956279,3.60744728334331,-55.7666390176787,R8,1.36287246242649,0.237927202928623,0.762072797071377,0.571895180277768,0.391219491034874,3.04829118828551,0.349203993345957,0.537484280030202,1.7873015131092,0.346006185994495,0,0.507029573239111,0.376958364031184,4,1934.34647412573,R-G,1
28,12,3,0.506286046511628,0.392455813953488,4,0.302400347818115,0.527423666494656,-1.11613828712181,-69.7086758876693,R8,1.25113678080001,0.172158660818164,0.827841339181836,0.551361594431079,0.406483263258732,3.31136535672734,0.325523490424468,0.539971711815001,1.77478175498445,0.41458270708732,0,0.506600605207668,0.3927362222237,4,2041.77067773619,R-G,1
28,13,2,0.50593488372093,0.40823488372093,4,0.293851396709921,0.533489363771313,-5.03299629272496,-82.5362056729549,R8,1.15633422489766,0.111474282045267,0.888525717954733,0.533939796919574,0.419433867743076,3.55410287181893,0.306627275812606,0.541956595539547,1.76322982271094,0.477857997178672,0,0.506171665591953,0.408513035258319,4,2150.32440582538,R-G,1
28,14,1,0.505583720930233,0.424013953488372,4,0.285761605725721,0.539229275313742,-8.35999369275297,-94.4291159866752,R8,1.07488669081618,0.0553064671192606,0.944693532880739,0.518972242162502,0.430560095196276,3.77877413152296,0.29119848583159,0.543577256330705,1.7525376675452,0.536423889342467,0,0.505742754389142,0.424288803238889,4,2259.21347944952,R-G,1
28,15,0,0.505232558139535,0.439793023255814,4,0.278094950384533,0.544668961403365,-11.547935587308,-105.807969336858,R8,1.00415784887867,0.00316907479450919,0.996830925205491,0.505974453751314,0.440222084251845,3.98732370082196,0.278362926868449,0.544925520657963,1.74261274720767,0.590787280558868,0,0.505313871596413,0.440063526269241,4,2367.58754221675,R-G,1
29,0,14,0.5233,0.209346511627907,4,0.468743197287768,0.421922309771429,-0.255304402015275,-106.950098903412,R6,1.03363362302748,0.0523185148433596,0.94768148515664,0.5299090069249,0.205066515771068,3.79072594062656,0.481628169912284,0.419360816995865,3.85408310392831,0,0.254159879307103,0.520771811417717,0.207667067019488,4,1000.00008696779,B-R,1
29,1,13,0.522948837209302,0.225125581395349,4,0.449306463021352,0.435201946938727,16.6298453272531,-74.4815092237066,R6,1.11633737695811,0.155816364033191,0.844183635966809,0.545768278423615,0.212156939936954,3.37673454386724,0.49009950274371,0.428662737418298,3.45638027038276,0,0.199828727420924,0.52091686173707,0.223623273122964,4,1000.00008696779,B-R,1
29,2,12,0.522597674418605,0.240904651162791,4,0.431394381162911,0.447439905472842,20.8869503330386,-55.4919728874193,R6,1.21342686244791,0.245756153839245,0.754243846160755,0.564386157744366,0.220480693109606,3.01697538464302,0.499788937175188,0.439302190478816,3.11077589759281,0,0.152614873038296,0.521062307139039,0.239622940141826,4,1051.8475429186,B-R,1
29,3,11,0.522246511627907,0.256683720930233,4,0.414834327473173,0.458754126342273,23.2199161402297,-40.7256572677085,R6,1.32901306158625,0.324638240312375,0.675361759687625,0.586550966794957,0.230390221282907,2.7014470387505,0.510979553520192,0.451590011626989,2.80766206912272,0,0.111205755314412,0.521208149239992,0.255666245884042,4,1134.23106604148,B-R,1
29,4,10,0.521895348837209,0.272462790697674,4,0.399478789788338,0.469245393350832,26.2973775830156,-26.898040201491,R6,1.46893825613211,0.394383769513419,0.605616230486581,0.613383021500416,0.242386399614262,2.42246492194632,0.524049512635415,0.465941439204389,2.53965655202725,0,0.0745928694422273,0.521354389665128,0.27175336912884,4,1218.16492806416,B-R,1
29,5,9,0.521544186046512,0.288241860465116,4,0.385200961868774,0.479000343524562,29.4307927572954,-14.2023521652619,R5,1.64179467571424,0.456493214424315,0.543506785575685,0.646529967777466,0.257205863984182,2.17402714230274,0.539515634569419,0.482923965842942,2.30099359985615,0,0.0419885427684344,0.521501030048532,0.287884489633347,4,1304.03656437021,B-R,1
29,6,8,0.521193023255814,0.304020930232558,4,0.371891233517056,0.488093865146221,32.2531450239355,-7.17759283179845,R5,1.86075827919192,0.512155542265234,0.487844457734766,0.688518427440404,0.275978226201861,1.95137783093906,0.55810336432716,0.503334164153033,2.0871044642136,0,0.0127686274567982,0.521648072033243,0.304059788139286,4,1392.14052910858,B-R,1
29,7,7,0.520841860465116,0.3198,4,0.359454371241339,0.496591023992835,27.760854751826,-10.7130152117266,R5,1.8581949609578,0.486105275560189,0.513894724439811,0.687367607331155,0.305382324655909,2.05557889775924,0.519763138034391,0.519568518735238,1.98015582740584,0.0534283520398931,0,0.521490970121366,0.320042223680393,4,1482.68082819558,R-G,1
29,8,6,0.520490697674419,0.335579069767442,4,0.347807235993016,0.504548622631379,18.1780680090867,-21.283589613387,R5,1.65649190816671,0.397520293576962,0.602479706423038,0.647647073384839,0.334908837330965,2.40991882569215,0.452614247481622,0.526621928252287,1.9564460246726,0.147384928294217,0,0.521061518901343,0.335822121247761,4,1575.76362314091,R-G,1
29,9,5,0.520139534883721,0.351358139534884,4,0.336876922289064,0.51201647181446,10.2137796759347,-32.9178023063367,R4,1.49428995808429,0.316891800735617,0.683108199264383,0.615705325477432,0.358652939706984,2.73243279705753,0.405574618671402,0.531563033947365,1.93486577915978,0.23290255178206,0,0.520632096129334,0.351600973511925,4,1671.3843119113,R-G,1
29,10,4,0.519788372093023,0.367137209302326,4,0.326599230659638,0.5190384341403,3.58619303011872,-45.6953265301296,R8,1.36102027990812,0.243193919020315,0.756806080979685,0.589461088205059,0.378161761152264,3.02722432391874,0.370787438850153,0.53521712596888,1.91514051424233,0.311069307457158,0,0.520202701802512,0.367378780576749,4,1769.412983532,R-G,1
29,11,3,0.519437209302326,0.382916279069767,4,0.316917405783057,0.525653286188799,-1.93352032572194,-60.7902656658238,R8,1.24957567864525,0.175569866394355,0.824430133605645,0.56751477154628,0.394475695850927,3.29772053442258,0.344017212011624,0.538029106497554,1.89704091189565,0.382793930693864,0,0.51977333591805,0.38315554254608,4,1869.58355075221,R-G,1
29,12,2,0.519086046511628,0.398695348837209,4,0.307781087914111,0.531895434930541,-6.53449940344845,-74.8113747590635,R8,1.1550006126894,0.113298495446044,0.886701504553956,0.548890501532553,0.408320165952139,3.54680601821583,0.322778935661879,0.540260003527986,1.88037395675203,0.448841297662615,0,0.519343998473123,0.398931259523754,4,1971.49023628673,R-G,1
29,13,1,0.51873488372093,0.414474418604651,4,0.299145436696332,0.537795516359013,-10.4181059587806,-87.9171065444286,R8,1.07373423720073,0.0557684752909392,0.944231524709061,0.532887055964303,0.420216429457915,3.77692609883624,0.305518458925777,0.542073067152373,1.8649760258773,0.509859808979119,0,0.518914689464904,0.414705931613591,4,2074.59818971235,R-G,1
29,14,0,0.518383720930233,0.430253488372093,4,0.29097039517697,0.543380898332995,-13.9507514251779,-100.483078624177,R8,1.00315200008704,0.00245815457480698,0.997541845425193,0.518987592835281,0.430548684175594,3.99016738170077,0.291213947100319,0.543575632258302,1.85070749909627,0.566402747763665,0,0.51848540889057,0.430479558919398,4,2178.26847981077,R-G,1
30,0,13,0.5361,0.215586046511628,4,0.474967780617685,0.429755565376758,5.66595215616557,-93.530390414071,R6,1.0361232497766,0.0544338257004653,0.945566174299535,0.543660596178243,0.211214629243313,3.78226469719814,0.488985384999547,0.427439383926745,3.8681213476532,0,0.227667869835836,0.533697529261259,0.213979884496749,4,1000.00008696779,B-R,1
30,1,12,0.535748837209302,0.23136511627907,4,0.455483169393505,0.442579704414018,20.6953960454401,-65.0966742305533,R6,1.11924190532602,0.154996244999539,0.845003755000461,0.560664294673795,0.218816708237424,3.38001502000184,0.49787349632809,0.437198946669591,3.48018649604226,0,0.176608690818203,0.533860252853758,0.22995389616776,4,1000.00008696779,B-R,1
30,2,11,0.535397674418605,0.247144186046512,4,0.437511580551705,0.454408021200843,25.4236818133945,-46.8971193078683,R6,1.21685935960566,0.242717727552447,0.757282272447553,0.580634032508252,0.227744855519555,3.02912908979021,0.508027925858289,0.448348986138553,3.1417875140523,0,0.132069320021638,0.534023419922989,0.245971442413998,4,1026.04516682521,B-R,1
30,3,10,0.535046511627907,0.262923255813953,4,0.420883366627884,0.465352172195026,26.8556505966121,-34.062932067533,R6,1.33313174597953,0.319910180339459,0.680089819660541,0.604420035640657,0.238379193385169,2.72035927864216,0.519740055371095,0.461209453183502,2.84400586832284,0,0.0928759186184712,0.53418703228436,0.262032701447931,4,1105.97365731643,B-R,1
30,4,9,0.534695348837209,0.278702325581395,4,0.405453328666038,0.475507722639232,29.1102841780642,-21.7399630834946,R6,1.47397150987446,0.388361944684023,0.611638055315977,0.633231821221459,0.251260477418989,2.44655222126391,0.5333980895464,0.476206614734546,2.57994275977191,0,0.0581204810096413,0.534351091763204,0.278137852456061,4,1187.15129091564,B-R,1
30,5,8,0.534344186046512,0.294481395348837,4,0.391096465173439,0.484956944460993,31.3793334084271,-11.8669692591514,R5,1.64808473260672,0.449478066218163,0.550521933781837,0.668850404364544,0.26718497071572,2.20208773512735,0.549530915964444,0.493921214138888,2.34417801083651,0,0.0270896146877551,0.534515600194841,0.294287075605587,4,1269.95132405182,B-R,1
30,6,7,0.533993023255814,0.310260465116279,4,0.377704578259743,0.493771050001851,32.9423449442069,-6.31932889610107,R5,1.85475351108744,0.499968178871839,0.500031821128161,0.711091987356542,0.287746655194009,2.00012728451264,0.565393492568125,0.514775445100141,2.13735985453331,0.00309101842153374,0,0.534662931789458,0.310467645789636,4,1354.65609048626,R-G,1
30,7,6,0.533641860465116,0.326039534883721,4,0.365183541866261,0.502011989980234,21.6342912714244,-20.1681576063716,R5,1.65375648294905,0.408120392441549,0.591879607558451,0.668866067689429,0.319135562350996,2.3675184302338,0.487165989038804,0.522992566981776,2.1053482555072,0.102232788969572,0,0.534233082794465,0.326246446774622,4,1441.46397301123,R-G,1
30,8,5,0.533290697674419,0.341818604651163,4,0.353451086139782,0.509733911744737,12.3014066729189,-32.2467639338263,R4,1.49206364522637,0.324752382186975,0.675247617813025,0.634897263077429,0.344386490278809,2.7009904712521,0.433166792558918,0.528664714998352,2.07629210271794,0.192221371873294,0,0.533803262271283,0.342024202622684,4,1530.48728615633,R-G,1
30,9,4,0.532939534883721,0.357597674418605,4,0.342434987649783,0.516984350414438,4.5756391303106,-45.1301610602439,R4,1.35917312489489,0.248741632587513,0.751258367412488,0.606979315792286,0.36513947475506,3.00503346964995,0.393649388370652,0.532815676131083,2.04980016717523,0.274268425905389,0,0.533373470217085,0.357800913437656,4,1621.74439009722,R-G,1
30,10,3,0.532588372093023,0.373376744186047,4,0.332071581288756,0.523805208297838,-1.85082926758643,-54.9114212807503,R4,1.2480184673567,0.179155380173166,0.820844619826834,0.583627688739365,0.382498055913439,3.28337847930734,0.363476889044898,0.535985035924603,2.02554735394376,0.349380788851633,0,0.532943706629042,0.373576579323362,4,1715.15005375069,R-G,1
30,11,2,0.532237209302326,0.389155813953488,4,0.322304529067147,0.530233565232087,-7.21631013299864,-65.2036973240629,R8,1.15367007307497,0.115212144218196,0.884787855781804,0.563806760268132,0.397232069724235,3.53915142312722,0.339685019964023,0.538484165760137,2.00326129448193,0.418402001812037,0,0.532513971504326,0.389351200383611,4,1810.50700004283,R-G,1
30,12,1,0.531886046511628,0.40493488372093,4,0.313083795510126,0.536302352943592,-11.7341986488314,-79.4106225914853,R8,1.07258425217452,0.0562522516196593,0.943747748380341,0.546772063829104,0.409894920153247,3.77499099352136,0.320443340126783,0.54050533761526,1.98271207371307,0.482044125054469,0,0.53208426484011,0.405124776722197,4,1907.50265952966,R-G,1
30,13,0,0.53153488372093,0.420713953488372,4,0.304364790309758,0.542040919326552,-15.71885511837,-93.0659124643105,R8,1.00214816436412,0.00171499464363698,0.998285005356363,0.531974687902232,0.420894644085781,3.99314002142545,0.30456044367619,0.542173698358984,1.96370426884207,0.540912394259192,0,0.531654586633565,0.420897308442901,4,2005.71473489248,R-G,1
31,0,12,0.5489,0.221825581395349,4,0.481057961872365,0.437419684229728,11.5413669943689,-80.1245467467121,R6,1.0386248985932,0.0564301371545272,0.943569862845473,0.557478589977551,0.21739243111565,3.77427945138189,0.496225506696646,0.435389376828135,3.88136985278367,0,0.202666200804081,0.546638165085584,0.220299987796813,4,1000.00008696779,B-R,1
31,1,11,0.548548837209302,0.237604651162791,4,0.461531838958112,0.449804528520443,24.7766332435114,-55.635014210298,R6,1.12216158734248,0.154219198871186,0.845780801128814,0.575638027154141,0.225511222209314,3.38312320451525,0.505515605346675,0.445590340487424,3.50274241136714,0,0.154608177719548,0.546818602688623,0.236291835533693,4,1000.00008696779,B-R,1
31,2,10,0.548197674418605,0.253383720930233,4,0.443506850861473,0.461237247237783,29.7946771299201,-38.5346775674179,R6,1.22031133129498,0.239828942819088,0.760171057180912,0.596974090815379,0.235050231702958,3.04068422872365,0.516117274861714,0.457231470417769,3.17127181800734,0,0.112535629126842,0.5469995323296,0.252327291674051,4,1001.55624163837,B-R,1
31,3,9,0.547846511627907,0.269162790697674,4,0.426816298355054,0.471823572788726,30.3759892461108,-27.5137434200543,R6,1.3372760377894,0.315401325220652,0.684598674779348,0.622400203236936,0.246417835944611,2.73839469911739,0.52832936092131,0.470640913179462,2.87866467679799,0,0.0753958996494214,0.547180956023882,0.268406534836015,4,1079.2598435965,B-R,1
31,4,8,0.547495348837209,0.284941860465116,4,0.411317283509518,0.481654141118363,31.7918612628758,-16.6157201039076,R6,1.47903937466492,0.38260384653926,0.61739615346074,0.653217110735643,0.260195577605972,2.46958461384296,0.542548962240404,0.486254701769878,2.61846462725329,0,0.0423695031979839,0.547362875797856,0.28452974461453,4,1157.94776716948,B-R,1
31,5,7,0.547144186046512,0.300720930232558,4,0.39688660816405,0.490807093189202,33.1079056186783,-9.47772417130756,R5,1.65442317189476,0.442754026861089,0.557245973138911,0.691342527187639,0.277240835590715,2.22898389255564,0.55931542563717,0.5046650642696,2.3855703906567,0,0.0128089500676042,0.547545293689007,0.300697101588044,4,1237.98423821109,B-R,1
31,6,6,0.546793023255814,0.3165,4,0.383417492288713,0.499350156427214,26.8285128922581,-15.9906558974172,R5,1.65103007705137,0.419359480329137,0.580640519670863,0.690015098136811,0.303414295451267,2.32256207868345,0.524632420203201,0.519057042806032,2.26322652441643,0.0543588145222591,0,0.547402286874186,0.316672487876424,4,1319.64318398926,R-G,1
31,7,5,0.546441860465116,0.332279069767442,4,0.370816927192242,0.507342323504115,15.7870456134436,-29.2344128542988,R5,1.48984395637787,0.333064308894681,0.666935691105319,0.654032098381546,0.330162488207093,2.66774276442128,0.462713353267455,0.525561104636631,2.22583895790033,0.149204326903138,0,0.546972068749237,0.332449147447998,4,1403.11932078565,R-G,1
31,8,4,0.546090697674419,0.348058139534884,4,0.359003524768551,0.514835216496926,6.7211354489907,-44.951569638018,R4,1.35733097694479,0.254593448263456,0.745406551736544,0.624450056909324,0.352152487728853,2.98162620694618,0.417906908185516,0.530267633717967,2.19184129067681,0.235450276239827,0,0.546541879117054,0.348224762152695,4,1488.52975086856,R-G,1
31,9,3,0.545739534883721,0.363837209302326,4,0.347905757609901,0.52187420313232,-0.777780014451647,-56.9575788569514,R4,1.24646513240617,0.182928912840065,0.817071087159935,0.599700496337783,0.370550231699398,3.26828434863974,0.383980230967964,0.53383133739197,2.16079247832208,0.31421551268103,0,0.546111717974806,0.363999332094313,4,1575.91028912761,R-G,1
31,10,2,0.545388372093023,0.379616279069767,4,0.337460509550016,0.528499316134407,-7.02372925326796,-65.9538007125302,R4,1.15234259544786,0.117221970737319,0.882778029262681,0.578688692032397,0.386169490669765,3.53111211705072,0.35739965006788,0.536623397256935,2.13232480594134,0.386432862587439,0,0.545681585319664,0.379772857376634,4,1665.20915545073,R-G,1
31,11,1,0.545037209302326,0.395395348837209,4,0.32761187457802,0.534746015038225,-12.2692376654468,-72.3325539775574,R4,1.07143672781438,0.0567593716785338,0.943240628321466,0.560627361422225,0.399595496168844,3.77296251328586,0.336012285488183,0.538869954714984,2.1061292563356,0.452886246853159,0,0.545251481148797,0.395545338103427,4,1756.2809838544,R-G,1
31,12,0,0.544686046511628,0.411174418604651,4,0.318310155849186,0.540645821087717,-16.8102365131961,-83.7896872057236,R8,1.00114633567263,0.000937351049249014,0.999062648950751,0.544935817059312,0.411259905920963,3.996250595803,0.318431634795692,0.540716649841136,2.08194424720185,0.514239252597424,0,0.544821405459377,0.411316774378449,4,1848.8840525578,R-G,1
32,0,11,0.5617,0.22806511627907,4,0.48701804760066,0.44492008585742,17.3638730881059,-66.7518139142245,R6,1.04113865676742,0.0583172161651575,0.941682783834842,0.571363470474667,0.223600136950383,3.76673113533937,0.503351308325275,0.443213840937213,3.89389343766973,0,0.17903255147319,0.559593744731574,0.226627389540161,4,1000.00008696779,B-R,1
32,1,10,0.561348837209302,0.243844186046512,4,0.467456411984453,0.456881125706617,28.8643687144255,-46.1140232198644,R6,1.12509654190822,0.153481919173216,0.846518080826784,0.59069008565278,0.232240754479048,3.38607232330713,0.513029157672101,0.453840573031898,3.52414399594675,0,0.133733571874736,0.559791937188412,0.242637103911337,4,1000.00008696779,B-R,1
32,2,9,0.560997674418605,0.259623255813954,4,0.449383801586999,0.467931695167376,32.8116298691554,-31.31761456877,R6,1.2237829437227,0.237079010616939,0.762920989383061,0.613407119413011,0.242397173401811,3.05168395753224,0.524061024217236,0.46595407946067,3.19933892732415,0,0.0939408459994862,0.559990670412067,0.258690500683139,4,1000.00008696779,B-R,1
32,3,8,0.560646511627907,0.275402325581395,4,0.432636433788561,0.478171939773523,33.7471502952876,-21.0908580531973,R6,1.34144617657707,0.311096775993163,0.688903224006837,0.64049250892914,0.254506613635755,2.75561289602735,0.536752439847875,0.479889848553141,2.91175302036111,0,0.0587079378127524,0.560189946618783,0.274787758880516,4,1053.931201328,B-R,1
32,4,7,0.560295348837209,0.291181395348837,4,0.41707369640126,0.487687837406227,34.2382567802896,-11.5400548845672,R6,1.48414220873825,0.377092521401372,0.622907478598628,0.673340302753364,0.269192331775214,2.49162991439451,0.551508336684787,0.496092514753363,2.65533557513763,0,0.0272935601040549,0.560389768036927,0.290929058508027,4,1130.35883106147,B-R,1
32,5,6,0.559944186046512,0.306960465116279,4,0.402574190215201,0.496553618094905,34.092982607753,-7.86189542983109,R5,1.64831264593897,0.431297131602887,0.568702868397113,0.711094510187614,0.287744779831414,2.27481147358845,0.565398594775748,0.514774909157409,2.43091768732861,0.00350924222986591,0,0.560569131774626,0.307100244092164,4,1207.89459001536,R-G,1
32,6,5,0.559593023255814,0.322739534883721,4,0.389032555861033,0.504833704244719,20.9670236384211,-25.2381407477828,R5,1.48763086201982,0.341867603446785,0.658132396553215,0.673110085858246,0.315980744331074,2.63252958621286,0.494429572109132,0.522229590474876,2.38422642470644,0.103644286379398,0,0.560138516197253,0.322875807526843,4,1286.80708079461,R-G,1
32,7,4,0.559241860465116,0.338518604651163,4,0.376356909439207,0.512584278631259,10.2331697912387,-42.4487255987829,R4,1.35549381572649,0.260775075057646,0.739224924942354,0.641873504376426,0.339200656739475,2.95689969976942,0.443691806768123,0.527559153390719,2.34188791954175,0.194444317173138,0,0.559707929136414,0.338650326260819,4,1367.28886859458,R-G,1
32,8,3,0.558890697674419,0.354297674418605,4,0.364466754880513,0.51985456089599,1.42875399905104,-57.2222737805456,R4,1.24491565933772,0.18690565173218,0.81309434826782,0.6157333439215,0.358632112017582,3.25237739307128,0.405613512361631,0.531558948501983,2.30332060609001,0.277156572493154,0,0.559277370589278,0.354423800397863,4,1449.46120702535,R-G,1
32,9,2,0.558539534883721,0.370076744186047,4,0.353291272747064,0.526687853865695,-5.86158961887928,-68.3823100225062,R4,1.15101816925034,0.119335412576727,0.880664587423273,0.593536415184786,0.375132340805485,3.52265834969309,0.375982250932709,0.534671455940965,2.26804210415781,0.352815574844315,0,0.55884684055301,0.370196230041732,4,1533.37339453597,R-G,1
32,10,1,0.558188372093023,0.385855813953488,4,0.342767908591797,0.533122406705667,-11.9571113906656,-76.5674569063778,R4,1.07029165623096,0.0572915668526039,0.942708433147396,0.574453044000028,0.389318086695283,3.77083373258958,0.352267905048532,0.537162442635951,2.23564893878476,0.422286624942525,0,0.558416339024781,0.385967615296171,4,1618.99929243831,R-G,1
32,11,0,0.557837209302326,0.40163488372093,4,0.332841201430883,0.539192131254909,-17.168174652744,-81.9629922153524,R4,1.00014650799939,0.000122766648688186,0.999877233351312,0.557871058101645,0.401644411851635,3.99950893340525,0.332859082048085,0.539201171433093,2.20580104045463,0.486299042881289,0,0.557985866001757,0.401737956264907,4,1706.23338839383,R-G,1
33,0,10,0.5745,0.234304651162791,4,0.49285216230694,0.452261960695122,23.1257158951559,-53.4288150399616,R6,1.0436646124365,0.0601037893150914,0.939896210684909,0.585315724500521,0.229837964401757,3.75958484273963,0.510365476312764,0.450915726077077,3.90575001620846,0,0.156657630713822,0.57256429409983,0.23296210237644,4,1000.00008696779,B-R,1
33,1,9,0.574148837209302,0.250083720930233,4,0.47326066870373,0.463814011263912,32.9495920014681,-36.5492682199021,R6,1.12804688917111,0.15278142941405,0.84721857058595,0.605821086354045,0.239005580532689,3.3888742823438,0.520417370146951,0.461953176546911,3.54447765069026,0,0.113900599854535,0.57278028235992,0.248989714020638,4,1000.00008696779,B-R,1
33,2,8,0.573797674418605,0.265862790697674,4,0.455145901144907,0.474495315870883,35.7500426878122,-24.0942456008438,R6,1.2272743649924,0.234458154754191,0.765541845245809,0.629933914026693,0.249786036372154,3.06216738098323,0.531863069821253,0.474521091144065,3.2260886224424,0,0.076218864949276,0.572996860283959,0.26506108223199,4,1000.00008696779,B-R,1
33,3,7,0.573446511627907,0.281641860465116,4,0.438346959345951,0.484400748764059,36.892127310198,-14.8047167971256,R6,1.34564240490124,0.306982953989385,0.693017046010615,0.658698005067478,0.262645996947381,2.77206818404246,0.545014071317513,0.488961507053554,2.94337527593882,0,0.0427593910605182,0.573214030289991,0.281176386443433,4,1029.8523251299,B-R,1
33,4,6,0.573095348837209,0.297420930232558,4,0.422725498857121,0.493611884228267,36.3457166392967,-6.96589879791541,R5,1.48928037529009,0.371812438264014,0.628187561735986,0.693602829548484,0.278251380273227,2.51275024694394,0.560282161794783,0.505726585872699,2.69065950637228,0,0.0128501674682663,0.573431794809292,0.297335807070316,4,1104.21893953215,B-R,1
33,5,5,0.572744186046512,0.3132,4,0.408161912401307,0.50219924824491,28.1916103804976,-17.4318736566729,R5,1.48542433280837,0.351207164508925,0.648792835491075,0.692131478466237,0.301841070612284,2.5951713419643,0.528563540967847,0.518644112608887,2.55226231274334,0.055308884451572,0,0.573302605249161,0.313304182398361,4,1179.48037190554,R-G,1
33,6,4,0.572393023255814,0.328979069767442,4,0.39455226159532,0.510224127690987,15.3922736525948,-36.9078762994164,R4,1.35366162101859,0.267315203956441,0.732684796043559,0.659249849971321,0.326283839227726,2.93073918417424,0.471153030832824,0.524674589586712,2.50063647008975,0.151060226408079,0,0.572871620908936,0.329077605301147,4,1255.90249203791,R-G,1
33,7,3,0.572041860465116,0.344758139534884,4,0.381805792480858,0.517740035296912,4.9694541167013,-55.2211467516409,R4,1.24337003376717,0.191102465134709,0.80889753486529,0.631726380327635,0.346743586228966,3.23559013946116,0.428472786443923,0.529157779695803,2.4537363042491,0.238046773966426,0,0.572440665106164,0.34484998377311,4,1333.67704676161,R-G,1
33,8,2,0.571690697674419,0.360537209302326,4,0.369842909251752,0.524793904430632,-3.58929495572847,-69.0517199034014,R4,1.14969678397315,0.121560694479415,0.878439305520585,0.608350047541221,0.364120532552176,3.51375722208234,0.395498217101419,0.532621472681739,2.41094135123979,0.317419312388749,0,0.572009737838011,0.360621317917981,4,1412.92901881386,R-G,1
33,9,1,0.571339534883721,0.376316279069767,4,0.358593510531156,0.53142707010553,-10.6980328168222,-79.3683568463716,R4,1.06914902956864,0.0578507440878302,0.94214925591217,0.588249206412096,0.379062621225519,3.76859702364868,0.369256652267756,0.535377921844433,2.37173521214467,0.390135615665037,0,0.571578839101645,0.376391607839479,4,1493.71849488586,R-G,1
33,10,0,0.570988372093023,0.392095348837209,4,0.347995614709574,0.537676079544689,0,0,,0,0,0,0,0,0,0,0,0,0,0,0,0,0,0,,0
34,0,9,0.5873,0.240544186046512,4,0.498564257969627,0.459450282064823,28.8170267575947,-40.169887621383,R6,1.04620285459512,0.061797677743149,0.938202322256851,0.599335843622028,0.236106133241403,3.7528092890274,0.517270613568875,0.458497890364618,3.91699149332562,0,0.135443487114719,0.585549839150842,0.239304138984546,4,1000.00008696779,B-R,1
34,1,8,0.586948837209302,0.256323255813953,4,0.478948237352528,0.470607518933967,37.022854009273,-26.9546024226848,R6,1.13101275054261,0.152115042922449,0.847884957077551,0.621031651922555,0.245805978753534,3.3915398283102,0.527683353175913,0.46993156640257,3.56382136366917,0,0.0950331939151398,0.585783664270156,0.255349678610991,4,1000.00008696779,B-R,1
34,2,7,0.586597674418605,0.272102325581395,4,0.460796483699569,0.480931907302516,38.6653992299952,-16.8026749135588,R6,1.23078576513151,0.231957495744197,0.768042504255803,0.646555279488689,0.257217180441495,3.07217001702321,0.539527169805818,0.482936632073058,3.25161153160457,0,0.0593096437219388,0.58601812811939,0.271439049140986,4,1000.00008696779,B-R,1
34,3,6,0.586246511627907,0.287881395348837,4,0.443950942545577,0.490513345684578,39.6668563575388,-8.66371988746927,R6,1.34986496836518,0.303047457756655,0.696952542243345,0.677017757211061,0.270836462273763,2.78781016897338,0.553118853028876,0.497860937169275,2.97362677140514,0,0.0275021811950227,0.586253233319311,0.287572430416625,4,1006.90627309171,B-R,1
34,4,5,0.585895348837209,0.303660465116279,4,0.428275516804376,0.499429243635195,37.6121018472146,-4.70145663451451,R5,1.48322433957351,0.361133532737528,0.638866467262472,0.711096527665639,0.287743280126234,2.55546586904989,0.56540267499076,0.514774480566153,2.73085594141355,0.00393655604974725,0,0.586464336538564,0.303734271601858,4,1079.38641004937,R-G,1
34,5,4,0.585544186046512,0.319439534883721,4,0.413652381773824,0.507746617708667,22.5450755933361,-27.3522164243102,R4,1.35183437270885,0.274245953182158,0.725754046817842,0.676579284436249,0.313401893404143,2.90301618727137,0.500459544395981,0.521596194099069,2.66886654793991,0.105084947001311,0,0.586032955068159,0.319506598812963,4,1152.5702559978,R-G,1
34,6,3,0.585193023255814,0.335218604651163,4,0.399979018161212,0.51552377901991,10.1095767920728,-50.2850954661342,R4,1.24182824138171,0.19553814146011,0.80446185853989,0.64767975365507,0.334884544243301,3.21784743415956,0.45266531089967,0.526616564482374,2.61271295803379,0.196711029253154,0,0.585601602158946,0.335277881759316,4,1226.7231318356,R-G,1
34,7,2,0.584841860465116,0.350997674418605,4,0.387165805039212,0.522811702327472,-0.0151548186955228,-67.5031601922536,R4,1.14837842915525,0.123906935327897,0.876093064672103,0.623129706377229,0.353133978732326,3.50437225868841,0.416019681610292,0.530465870528388,2.56160812757765,0.280099026470592,0,0.585170277808088,0.351048120544621,4,1302.03703330366,R-G,1
34,8,1,0.584490697674419,0.366776744186046,4,0.375134053209329,0.529655144620744,-8.35328019870525,-80.421690379765,R4,1.06800884000527,0.0584390087220053,0.941560991277995,0.602015943103405,0.368829029553275,3.76624396511198,0.387029267369816,0.533511062519256,2.51490044987454,0.356312168429521,0,0.584738982012749,0.36681731527257,4,1378.64053442444,R-G,1
34,9,0,0.584139534883721,0.382555813953488,4,0.3638143877452,0.536093565100006,0,0,,0,0,0,0,0,0,0,0,0,0,0,0,0,0,0,,0
35,0,8,0.6001,0.246783720930233,4,0.504158122968684,0.466489817409899,34.4226238040108,-26.9873720194809,R6,1.04875347310581,0.0634059116078003,0.9365940883922,0.613424324199817,0.242404865384141,3.7463763535688,0.52406924270633,0.46596310374682,3.92766452461214,0,0.115302075448791,0.598550405905162,0.245653512072708,4,1000.00008696779,B-R,1
35,1,7,0.599748837209302,0.262562790697674,4,0.484522601735994,0.477265809942509,41.0731894827604,-17.3423456299689,R6,1.13399424871441,0.151480328411096,0.848519671588904,0.636322411588635,0.252642230460298,3.39407868635562,0.534830115091898,0.477779045889381,3.58224570972946,0,0.0770625169997727,0.598802109046522,0.261717010461329,4,1000.00008696779,B-R,1
35,2,6,0.599397674418605,0.278341860465116,4,0.466338755596487,0.487245121817726,41.4956736385886,-9.45380377666461,R6,1.23431731611892,0.229568950299148,0.770431049700852,0.663272029868633,0.26469096956722,3.08172419880341,0.547056950574706,0.491204684208931,3.27599015667103,0,0.0431585238849438,0.599054500153196,0.277824414260251,4,1000.00008696779,B-R,1
35,3,5,0.599046511627907,0.294120930232558,4,0.449451337501156,0.496512952762157,41.3611944051653,-2.77959097634789,R6,1.35411411566463,0.299278938188996,0.700721061811004,0.695452844335804,0.279078492007604,2.80288424724402,0.561071209744635,0.506592997497064,3.00259474542266,0,0.0128923097770747,0.599307582049604,0.293975903721902,4,1000.00008696779,B-R,1
35,4,4,0.598695348837209,0.3099,4,0.433726475293214,0.505142771941441,31.9688856606769,-14.3029536030926,R5,1.35001205079351,0.281603395689638,0.718396604310362,0.693861997484939,0.300554678243813,2.87358641724145,0.531803808400544,0.518303750572233,2.8474537519349,0.0562791882031931,0,0.5991919322474,0.309937306335718,4,1055.73911489446,R-G,1
35,5,3,0.598344186046512,0.325679069767442,4,0.419048115417064,0.513198269656114,17.1835140527723,-41.5040533814545,R4,1.24029026793942,0.200233670462377,0.799766329537623,0.663593611269019,0.323054876515713,3.19906531815049,0.478311230685432,0.523922682674331,2.78100284975889,0.152953736364136,0,0.598760182380877,0.325707493895907,4,1127.01776658629,R-G,1
35,6,2,0.597993023255814,0.341458139534884,4,0.405315153784013,0.520734931925206,5.11186390223857,-63.1081157697642,R4,1.14706309438351,0.126384273044946,0.873615726955054,0.637875508431033,0.342172592567831,3.49446290782022,0.437626406888181,0.528196271128417,2.72069345250042,0.240693459060117,0,0.598328461096432,0.341476637461055,4,1199.09382150783,R-G,1
35,7,1,0.597641860465116,0.357237209302326,4,0.392439103724099,0.527801320316473,-4.73882957604853,-79.2913831348322,R4,1.06687107975207,0.0590586909736759,0.940941309026324,0.615753348116479,0.358617241771442,3.7637652361053,0.405641283502623,0.531556031384089,2.66571175438523,0.320682302677742,0,0.597896768391225,0.357244737134826,4,1272.16063514504,R-G,1
35,8,0,0.597290697674419,0.373016279069767,4,0.380342187276711,0.534440119447898,0,0,,0,0,0,0,0,0,0,0,0,0,0,0,0,0,0,,0
36,0,7,0.6129,0.253023255813954,4,0.509637390464422,0.473385138839336,39.9137627394928,-13.8918572147221,R6,1.05131655870958,0.0649348276147524,0.935065172385248,0.627581667446812,0.248734384914174,3.74026068954099,0.530763809113475,0.473314051374676,3.93781116356517,0,0.0961540352442549,0.611566020443576,0.252010234378575,4,1000.00008696779,B-R,1
36,1,6,0.612548837209302,0.268802325581395,4,0.489987108343859,0.483792881499078,45.0860207949378,-7.72342987862062,R6,1.13699150767534,0.150875080336286,0.849124919663714,0.65169400123508,0.259514619945909,3.39649967865486,0.541860566308979,0.485498810778381,3.59981471088377,0,0.0599261235323257,0.611835642876985,0.268091722380207,4,1000.00008696779,B-R,1
36,2,5,0.612197674418605,0.284581395348837,4,0.471775801429243,0.493438473084075,44.1343830083198,-2.05738108433596,R6,1.23786919191311,0.227285144045552,0.772714855954448,0.680084988606438,0.272207771896018,3.09085942381779,0.554455912524874,0.499329091151574,3.29929976398717,0,0.0277156406177397,0.61210600268111,0.284217190469738,4,1000.00008696779,B-R,1
36,3,4,0.611846511627907,0.300360465116279,4,0.454850990114416,0.502402674190637,41.9316060911393,0.947674892068036,R5,1.34819463537652,0.289428187183462,0.710571812816538,0.711098177809534,0.287742053481227,2.84228725126615,0.565406012323515,0.514774130008244,3.03738491800318,0.00437325949156255,0,0.612348553079747,0.300369727409024,4,1000.00008696779,R-G,1
36,4,3,0.611495348837209,0.316139534883721,4,0.439081002958177,0.510755224401497,26.5321171668485,-27.6399892586608,R4,1.23875609926885,0.205212575365294,0.794787424634706,0.679468099805567,0.311254474043332,3.17914969853882,0.505545573516455,0.52106195077938,2.959449062447,0.106555684089644,0,0.611916406404986,0.316138819722477,4,1033.17103270728,R-G,1
36,5,2,0.611144186046512,0.331918604651163,4,0.424351544295867,0.518556660245221,12.1109296105818,-55.0165350544929,R4,1.14575076929246,0.129004011032659,0.870995988967341,0.652587569906629,0.331236287677708,3.48398395586936,0.460406820838042,0.525803385896307,2.88892318804267,0.19902281352713,0,0.61148428833601,0.331906868206854,4,1102.69652498085,R-G,1
36,6,1,0.610793023255814,0.347697674418605,4,0.410562919575213,0.525859784792941,0.383657257655205,-75.3853128746856,R4,1.0657357410534,0.0597123767916145,0.940287623208385,0.62946151509353,0.348427188270481,3.76115049283354,0.425153606350371,0.529506430824183,2.8247984648367,0.283097334132654,0,0.611052198869978,0.347673872965795,4,1172.86452900309,R-G,1
36,7,0,0.610441860465116,0.363476744186047,4,0.397627775926319,0.532710864362105,0,0,,0,0,0,0,0,0,0,0,0,0,0,0,0,0,0,,0
37,0,6,0.6257,0.259262790697674,4,0.515005546266582,0.480140633030482,45.2256524669877,-0.89238670771941,R6,1.05389220303668,0.0663901524616773,0.933609847538323,0.641808379487665,0.255094918111663,3.73443939015329,0.537356683886898,0.480553336823354,3.94746941536839,0,0.077927645728501,0.624596708907283,0.2583743186693,4,1000.00008696779,B-R,1
37,1,5,0.625348837209302,0.275041860465116,4,0.495344973049844,0.490192574799117,49.0387193386066,1.8925008790355,R6,1.14000465272856,0.150297293292097,0.849702706707903,0.667147063485305,0.266423434516919,3.39881082683161,0.548777523274211,0.49309395366042,3.61658657959147,0,0.0435672344392347,0.624884292010253,0.274473827205891,4,1000.00008696779,B-R,1
37,2,4,0.624997674418605,0.290820930232558,4,0.477110589764142,0.499515342602184,46.4851025690723,5.3780361549907,R6,1.24144156848062,0.225099335475793,0.774900664524207,0.696994988647505,0.279767959824323,3.09960265809683,0.561727435472284,0.507313564097293,3.32160916056979,0,0.0129354084793515,0.625172662059943,0.290617390679318,4,1000.00008696779,B-R,1
37,3,3,0.624646511627907,0.3066,4,0.460152642985018,0.50818550148617,35.0776904974411,-12.910714798912,R4,1.2372257212686,0.210501306993614,0.789498693006386,0.695303365176173,0.299483228361942,3.15799477202554,0.534520627984575,0.5180183721996,3.14899960566875,0.0572703791197225,0,0.625070274864072,0.306571858778781,4,1000.00008696779,R-G,1
37,4,2,0.624295348837209,0.322379069767442,4,0.444341636244911,0.516269259640269,21.3451037560836,-42.0789610219839,R4,1.14444144356402,0.131778790611242,0.868221209388758,0.667266006476837,0.320324978075828,3.47288483755503,0.484459226473759,0.523276888951647,3.06710911231543,0.154886011757785,0,0.624637760159562,0.322338812321752,4,1011.58937289023,R-G,1
37,5,1,0.623944186046512,0.338158139534884,4,0.42956501690747,0.523824162311712,7.31778019691149,-67.9071004685478,R4,1.06460281618659,0.0604029439259209,0.939597056074079,0.643140537278588,0.338258799736849,3.75838822429632,0.445633179942229,0.527355228948935,2.99286093571775,0.243391800818475,0,0.624205274081687,0.338104722305189,4,1079.49676307739,R-G,1
37,6,0,0.623593023255814,0.353937209302326,4,0.415724492698911,0.530900463793776,0,0,,0,0,0,0,0,0,0,0,0,0,0,0,0,0,0,,0
38,0,5,0.6385,0.265502325581395,4,0.5202659362295,0.486760510535407,50.2178149446655,12.0033790358312,R6,1.05648049861751,0.0677770745168026,0.932222925483197,0.656104971419078,0.261486693479687,3.72889170193279,0.543850166631434,0.487683485166722,3.95667371258639,0,0.0605579281303191,0.637642497498067,0.264745777741626,4,1000.00008696779,B-R,1
38,1,4,0.638148837209302,0.281281395348837,4,0.500599287422626,0.496468582562104,52.8909183285737,11.4970772212726,R6,1.14303381050902,0.149745139812567,0.850254860187433,0.682682247792901,0.273368964533539,3.40101944074973,0.555583712229598,0.500567468076969,3.6326143631119,0,0.0279341086624745,0.637948082755953,0.280863337806439,4,1000.00008696779,B-R,1
38,2,3,0.637797674418605,0.297060465116279,4,0.482345978544852,0.505478985862185,47.736425964867,9.3747417714924,R5,1.23569911990683,0.216129713844884,0.783870286155116,0.711099552572141,0.287741031542661,3.13548114462047,0.565408792729767,0.514773837950643,3.35072426313074,0.00481966547900184,0,0.638221788390711,0.297006610604742,4,1000.00008696779,R-G,1
38,3,2,0.637446511627907,0.312839534883721,4,0.465358940055551,0.513864318553782,28.0979456361735,-32.3751512351521,R4,1.1431351069272,0.134722795007235,0.865277204992765,0.681910933286329,0.309438578168662,3.46110881997106,0.509893220004256,0.520605268161672,3.25616201886406,0.108057449432722,0,0.6377888771996,0.31277246934565,4,1000.00008696779,R-G,1
38,4,1,0.637095348837209,0.328618604651163,4,0.449510823416483,0.521687443852373,15.6497693296585,-57.2645580282015,R4,1.06347229746178,0.0611336042818159,0.938866395718184,0.656790507519611,0.328112007151421,3.75546558287274,0.467153753992534,0.525094678989447,3.1706808444366,0.201381027844908,0,0.637355994658804,0.328537284692886,4,1000.00008696779,R-G,1
38,5,0,0.636744186046512,0.344397674418605,4,0.434690802749126,0.529003068872614,0,0,,0,0,0,0,0,0,0,0,0,0,0,0,0,0,0,,0
39,0,4,0.6513,0.271741860465116,4,0.525421773206321,0.493248814532356,54.7484396680727,22.4326769131307,R8,1.05908153889369,0.0691003056225155,0.930899694377485,0.670471959371004,0.267909941771613,3.72359877750994,0.550246488134466,0.494706945913865,3.96545532532381,0,0.04398587165574,0.650703412478473,0.271124624421968,4,1000.00008696779,B-R,1
39,1,3,0.650948837209302,0.287520930232558,4,0.505753024674405,0.502624456136801,56.566621348871,21.0834266515671,R6,1.14607910900122,0.149216951064189,0.850783048935811,0.698300210532619,0.280351503450322,3.40313219574325,0.562281772794757,0.507922252454065,3.64794650395823,0,0.0129794965059005,0.651027041484806,0.287260267079793,4,1000.00008696779,B-R,1
39,2,2,0.650597674418605,0.3033,4,0.487484720197742,0.51133253815921,40.1608046546832,-9.45333081932456,R4,1.14183174915788,0.137851991837341,0.862148008162658,0.696522464954648,0.298577002753043,3.44859203265063,0.536831360510846,0.517775649756116,3.4571072880694,0.0582831389780548,0,0.650937640088412,0.30320783881861,4,1000.00008696779,R-G,1
39,3,1,0.650246511627907,0.319079069767442,4,0.470472431008112,0.519441906482991,21.044848976191,-51.739301223515,R4,1.06234417722174,0.0619079538709681,0.938092046129032,0.670411518270591,0.317986741787934,3.75236818451613,0.489796771306878,0.522716226084195,3.3591333479131,0.156858255356202,0,0.650504361233553,0.318971559668927,4,1000.00008696779,R-G,1
39,4,0,0.649895348837209,0.334858139534884,4,0.454590928352579,0.527012254784344,0,0,,0,0,0,0,0,0,0,0,0,0,0,0,0,0,0,,0
40,0,3,0.6641,0.277981395348837,4,0.53047614359264,0.499609429060521,58.8769497713412,20.5440071864034,R8,1.06169541822934,0.0703641345755568,0.929635865424443,0.684909864568758,0.274364896018863,3.71854346169777,0.556547812921082,0.501626095814759,3.97384271614619,0,0.0281577637057616,0.663779480171983,0.277510871566508,4,1000.00008696779,B-R,1
40,1,2,0.663748837209302,0.293760465116279,4,0.510809045271099,0.508663612202346,58.8435946146125,28.582456927215,R6,1.14053136007849,0.141184422838574,0.858815577161426,0.711100715579191,0.28774016701394,3.4352623086457,0.565411144881238,0.514773590877498,3.67110349252939,0.00527610099684723,0,0.664084049458057,0.293644920280862,4,1000.00008696779,R-G,1
40,2,1,0.663397674418605,0.309539534883721,4,0.492529466457058,0.517079020089765,32.5436639925224,-32.4478280661815,R4,1.0612184478417,0.0627300319993559,0.937269968000644,0.684003661593637,0.307882935211428,3.74907987200258,0.513652397758891,0.520210399088892,3.55920148705639,0.109591235406923,0,0.663650374437936,0.309407546773519,4,1000.00008696779,R-G,1
40,3,0,0.663046511627907,0.325318604651163,4,0.475495575427864,0.524920948089245,0,0,,0,0,0,0,0,0,0,0,0,0,0,0,0,0,0,,0
41,0,2,0.6769,0.284220930232558,4,0.535432013487573,0.505846086773367,62.6870357919941,18.6698849815791,R8,1.06432223192246,0.0715724735628646,0.928427526437135,0.699419213396054,0.280851791559094,3.71371010574854,0.562756241696218,0.508443241541865,3.98186184825112,0,0.0130246083169221,0.676870726963193,0.283904532061269,4,1000.00008696779,B-R,1
41,1,1,0.676548837209302,0.3,4,0.51577010222643,0.51458933909177,50.4233108239033,11.3414086344119,R4,1.06009510172917,0.0636043917476296,0.93639560825237,0.697567029161053,0.297800519276713,3.74558243300948,0.538820722295895,0.517566684526282,3.77199333948288,0.0593181795532715,0,0.676794034903725,0.299845245547033,4,1000.00008696779,R-G,1
41,2,0,0.676197674418605,0.315779069767442,4,0.497482772927725,0.522721342749231,0,0,,0,0,0,0,0,0,0,0,0,0,0,0,0,0,0,,0
42,0,1,0.6897,0.290460465116279,4,0.540292234498099,0.511962376243035,65.7352988999821,17.2252114228522,R8,1.05897413132377,0.0645361843401037,0.935463815659896,0.711101712257395,0.287739426126829,3.74185526263959,0.5654131606464,0.514773379138822,3.99876255229389,0.00574290788973242,0,0.689935343262467,0.290284655530005,4,1000.00008696779,R-G,1
42,1,0,0.689348837209302,0.306239534883721,4,0.520638846100478,0.520404802762502,0,0,,0,0,0,0,0,0,0,0,0,0,0,0,0,0,0,,0
43,0,0,0.7025,0.2967,4,0.545059549210537,0.51796174884587,0,0,,0,0,0,0,0,0,0,0,0,0,0,0,0,0,0,,0
