SampleIndex,GridRow,GridI,GridJ,GridK,SegmentIndex,SegmentName,Label,Temperature_C,t,x,y,W25,W_T,DeltaW_Exact,FitWeight,DeltaW_Pred,DeltaW_Error,AbsDeltaW_Error,W_Corrected,W_ErrorAfterCorrection,AbsW_ErrorAfterCorrection,AbsW_ErrorBeforeCorrection
1,2,0,1,42,1,SEG_LOW,T60,60,0.491094147582697,0.151748837209302,0.0441790697674419,1.75458134332322e-15,0,-1.75458134332322e-15,1.00000000000006,-0.00439970197015186,-0.00439970197015011,0.00439970197015011,0,0,0,1.75458134332322e-15
2,3,0,2,41,1,SEG_LOW,T60,60,0.491094147582697,0.151397674418605,0.0599581395348837,-1.2928315017885e-15,0,1.2928315017885e-15,1.00000000000004,-0.00469434560386485,-0.00469434560386615,0.00469434560386615,0,0,0,1.2928315017885e-15
3,4,0,3,40,1,SEG_LOW,T60,60,0.491094147582697,0.151046511627907,0.0757372093023256,-1.02348333525075e-15,0,1.02348333525075e-15,1.00000000000003,-0.00497559286990269,-0.00497559286990371,0.00497559286990371,0,0,0,1.02348333525075e-15
4,5,0,4,39,1,SEG_LOW,T60,60,0.491094147582697,0.150695348837209,0.0915162790697674,0,0,0,1,-0.00524344376826445,-0.00524344376826445,0.00524344376826445,0,0,0,0
5,6,0,5,38,1,SEG_LOW,T60,60,0.491094147582697,0.150344186046512,0.107295348837209,0,0,0,1,-0.00549789829894941,-0.00549789829894941,0.00549789829894941,0,0,0,0
6,46,1,1,41,1,SEG_LOW,T60,60,0.491094147582697,0.164548837209302,0.0504186046511628,0,0,0,1,-0.00188678440267331,-0.00188678440267331,0.00188678440267331,0,0,0,0
7,47,1,2,40,1,SEG_LOW,T60,60,0.491094147582697,0.164197674418605,0.0661976744186046,0,0,0,1,-0.00222665242183124,-0.00222665242183124,0.00222665242183124,0,0,0,0
8,48,1,3,39,1,SEG_LOW,T60,60,0.491094147582697,0.163846511627907,0.0819767441860465,0,0,0,1,-0.00255312407331308,-0.00255312407331308,0.00255312407331308,0,0,0,0
9,49,1,4,38,1,SEG_LOW,T60,60,0.491094147582697,0.163495348837209,0.0977558139534884,0,0,0,1,-0.00286619935711862,-0.00286619935711862,0.00286619935711862,0,0,0,0
10,50,1,5,37,1,SEG_LOW,T60,60,0.491094147582697,0.163144186046512,0.11353488372093,0,0,0,1,-0.00316587827324767,-0.00316587827324767,0.00316587827324767,0,0,0,0
11,51,1,6,36,1,SEG_LOW,T60,60,0.491094147582697,0.162793023255814,0.129313953488372,0,0,0,1,-0.00345216082170061,-0.00345216082170061,0.00345216082170061,0,0,0,0
12,52,1,7,35,1,SEG_LOW,T60,60,0.491094147582697,0.162441860465116,0.145093023255814,0,0,0,1,-0.00372504700247725,-0.00372504700247725,0.00372504700247725,0,0,0,0
13,53,1,8,34,1,SEG_LOW,T60,60,0.491094147582697,0.162090697674419,0.160872093023256,0,0,0,1,-0.00398453681557741,-0.00398453681557741,0.00398453681557741,0,0,0,0
14,54,1,9,33,1,SEG_LOW,T60,60,0.491094147582697,0.161739534883721,0.176651162790698,0,0,0,1,-0.00423063026100145,-0.00423063026100145,0.00423063026100145,0,0,0,0
15,55,1,10,32,1,SEG_LOW,T60,60,0.491094147582697,0.161388372093023,0.19243023255814,0,0,0,1,-0.00446332733874919,-0.00446332733874919,0.00446332733874919,0,0,0,0
16,56,1,11,31,1,SEG_LOW,T60,60,0.491094147582697,0.161037209302326,0.208209302325581,0,0,0,1,-0.00468262804882045,-0.00468262804882045,0.00468262804882045,0,0,0,0
17,57,1,12,30,1,SEG_LOW,T60,60,0.491094147582697,0.160686046511628,0.223988372093023,0,0,0,1,-0.0048885323912156,-0.0048885323912156,0.0048885323912156,0,0,0,0
18,58,1,13,29,1,SEG_LOW,T60,60,0.491094147582697,0.16033488372093,0.239767441860465,0,0,0,1,-0.00508104036593443,-0.00508104036593443,0.00508104036593443,0,0,0,0
19,59,1,14,28,1,SEG_LOW,T60,60,0.491094147582697,0.159983720930233,0.255546511627907,0,0,0,1,-0.00526015197297681,-0.00526015197297681,0.00526015197297681,0,0,0,0
20,60,1,15,27,1,SEG_LOW,T60,60,0.491094147582697,0.159632558139535,0.271325581395349,0,0,0,1,-0.00542586721234305,-0.00542586721234305,0.00542586721234305,0,0,0,0
21,61,1,16,26,1,SEG_LOW,T60,60,0.491094147582697,0.159281395348837,0.287104651162791,0,0,0,1,-0.00557818608403299,-0.00557818608403299,0.00557818608403299,0,0,0,0
22,62,1,17,25,1,SEG_LOW,T60,60,0.491094147582697,0.15893023255814,0.302883720930233,0,0,0,1,-0.00571710858804648,-0.00571710858804648,0.00571710858804648,0,0,0,0
23,63,1,18,24,1,SEG_LOW,T60,60,0.491094147582697,0.158579069767442,0.318662790697674,0,0,0,1,-0.00584263472438382,-0.00584263472438382,0.00584263472438382,0,0,0,0
24,64,1,19,23,1,SEG_LOW,T60,60,0.491094147582697,0.158227906976744,0.334441860465116,0,0,0,1,-0.00595476449304485,-0.00595476449304485,0.00595476449304485,0,0,0,0
25,65,1,20,22,1,SEG_LOW,T60,60,0.491094147582697,0.157876744186047,0.350220930232558,0,0,0,1,-0.00605349789402946,-0.00605349789402946,0.00605349789402946,0,0,0,0
26,66,1,21,21,1,SEG_LOW,T60,60,0.491094147582697,0.157525581395349,0.366,0,0,0,1,-0.00613883492733789,-0.00613883492733789,0.00613883492733789,0,0,0,0
27,67,1,22,20,1,SEG_LOW,T60,60,0.491094147582697,0.157174418604651,0.381779069767442,0,0,0,1,-0.00621077559297003,-0.00621077559297003,0.00621077559297003,0,0,0,0
28,68,1,23,19,1,SEG_LOW,T60,60,0.491094147582697,0.156823255813954,0.397558139534884,0,0,0,1,-0.00626931989092574,-0.00626931989092574,0.00626931989092574,0,0,0,0
29,69,1,24,18,1,SEG_LOW,T60,60,0.491094147582697,0.156472093023256,0.413337209302326,0,0,0,1,-0.00631446782120529,-0.00631446782120529,0.00631446782120529,0,0,0,0
30,70,1,25,17,1,SEG_LOW,T60,60,0.491094147582697,0.156120930232558,0.429116279069767,0,0,0,1,-0.00634621938380852,-0.00634621938380852,0.00634621938380852,0,0,0,0
31,71,1,26,16,1,SEG_LOW,T60,60,0.491094147582697,0.15576976744186,0.444895348837209,0,0,0,1,-0.00636457457873544,-0.00636457457873544,0.00636457457873544,0,0,0,0
32,72,1,27,15,1,SEG_LOW,T60,60,0.491094147582697,0.155418604651163,0.460674418604651,0,0,0,1,-0.00636953340598598,-0.00636953340598598,0.00636953340598598,0,0,0,0
33,73,1,28,14,1,SEG_LOW,T60,60,0.491094147582697,0.155067441860465,0.476453488372093,0,0,0,1,-0.0063610958655603,-0.0063610958655603,0.0063610958655603,0,0,0,0
34,74,1,29,13,1,SEG_LOW,T60,60,0.491094147582697,0.154716279069767,0.492232558139535,0,0,0,1,-0.00633926195745833,-0.00633926195745833,0.00633926195745833,0,0,0,0
35,75,1,30,12,1,SEG_LOW,T60,60,0.491094147582697,0.15436511627907,0.508011627906977,0,0,0,1,-0.00630403168167998,-0.00630403168167998,0.00630403168167998,0,0,0,0
36,76,1,31,11,1,SEG_LOW,T60,60,0.491094147582697,0.154013953488372,0.523790697674419,0,0,0,1,-0.00625540503822541,-0.00625540503822541,0.00625540503822541,0,0,0,0
37,77,1,32,10,1,SEG_LOW,T60,60,0.491094147582697,0.153662790697674,0.53956976744186,0,0,0,1,-0.00619338202709454,-0.00619338202709454,0.00619338202709454,0,0,0,0
38,78,1,33,9,1,SEG_LOW,T60,60,0.491094147582697,0.153311627906977,0.555348837209302,0,0,0,1,-0.00611796264828729,-0.00611796264828729,0.00611796264828729,0,0,0,0
39,79,1,34,8,1,SEG_LOW,T60,60,0.491094147582697,0.152960465116279,0.571127906976744,0,0,0,1,-0.00602914690180381,-0.00602914690180381,0.00602914690180381,0,0,0,0
40,80,1,35,7,1,SEG_LOW,T60,60,0.491094147582697,0.152609302325581,0.586906976744186,0,0,0,1,-0.00592693478764404,-0.00592693478764404,0.00592693478764404,0,0,0,0
41,81,1,36,6,1,SEG_LOW,T60,60,0.491094147582697,0.152258139534884,0.602686046511628,0,0,0,1,-0.00581132630580791,-0.00581132630580791,0.00581132630580791,0,0,0,0
42,82,1,37,5,1,SEG_LOW,T60,60,0.491094147582697,0.151906976744186,0.61846511627907,0,0,0,1,-0.00568232145629553,-0.00568232145629553,0.00568232145629553,0,0,0,0
43,83,1,38,4,1,SEG_LOW,T60,60,0.491094147582697,0.151555813953488,0.634244186046512,0,0,0,1,-0.00553992023910687,-0.00553992023910687,0.00553992023910687,0,0,0,0
44,84,1,39,3,1,SEG_LOW,T60,60,0.491094147582697,0.151204651162791,0.650023255813953,0,0,0,1,-0.00538412265424185,-0.00538412265424185,0.00538412265424185,0,0,0,0
45,85,1,40,2,1,SEG_LOW,T60,60,0.491094147582697,0.150853488372093,0.665802325581395,0,0,0,1,-0.00521492870170058,-0.00521492870170058,0.00521492870170058,0,0,0,0
46,86,1,41,1,1,SEG_LOW,T60,60,0.491094147582697,0.150502325581395,0.681581395348837,0,0,0,1,-0.00503233838148299,-0.00503233838148299,0.00503233838148299,0,0,0,0
47,87,1,42,0,1,SEG_LOW,T60,60,0.491094147582697,0.150151162790698,0.697360465116279,0,0,0,1,-0.00483635169358909,-0.00483635169358909,0.00483635169358909,0,0,0,0
48,90,2,2,39,1,SEG_LOW,T60,60,0.491094147582697,0.176997674418605,0.0724372093023256,0.243215163301601,0.241682165835276,-0.00153299746632457,1.05109991554415,-0.013912929728982,-0.0123799322626574,0.0123799322626574,0.229302233572619,-0.012379932262657,0.012379932262657,0.00153299746632501
49,91,2,3,38,1,SEG_LOW,T60,60,0.491094147582697,0.176646511627907,0.0882162790697674,0.127498710844987,0.132986272544385,0.00548756169939776,1.18291872331326,-0.021770648712871,-0.0272582104122687,0.0272582104122687,0.105728062132116,-0.0272582104122689,0.0272582104122689,0.00548756169939799
50,92,2,4,37,1,SEG_LOW,T60,60,0.491094147582697,0.176295348837209,0.103995348837209,0.0364937815284556,0.035187475239505,-0.00130630628895058,1.04354354296502,-0.0099799240301347,-0.00867361774118412,0.00867361774118412,0.0265138574983209,-0.0086736177411841,0.0086736177411841,0.0013063062889506
51,93,2,5,36,1,SEG_LOW,T60,60,0.491094147582697,0.175944186046512,0.119774418604651,0,0,0,1,-0.00093010344219853,-0.00093010344219853,0.00093010344219853,0,0,0,0
52,94,2,6,35,1,SEG_LOW,T60,60,0.491094147582697,0.175593023255814,0.135553488372093,0,0,0,1,-0.00126161037609554,-0.00126161037609554,0.00126161037609554,0,0,0,0
53,95,2,7,34,1,SEG_LOW,T60,60,0.491094147582697,0.175241860465116,0.151332558139535,0,0,0,1,-0.00157972094231626,-0.00157972094231626,0.00157972094231626,0,0,0,0
54,96,2,8,33,1,SEG_LOW,T60,60,0.491094147582697,0.174890697674419,0.167111627906977,0,0,0,1,-0.00188443514086051,-0.00188443514086051,0.00188443514086051,0,0,0,0
55,97,2,9,32,1,SEG_LOW,T60,60,0.491094147582697,0.174539534883721,0.182890697674419,0,0,0,1,-0.00217575297172863,-0.00217575297172863,0.00217575297172863,0,0,0,0
56,98,2,10,31,1,SEG_LOW,T60,60,0.491094147582697,0.174188372093023,0.19866976744186,0,0,0,1,-0.00245367443492044,-0.00245367443492044,0.00245367443492044,0,0,0,0
57,99,2,11,30,1,SEG_LOW,T60,60,0.491094147582697,0.173837209302326,0.214448837209302,0,0,0,1,-0.00271819953043579,-0.00271819953043579,0.00271819953043579,0,0,0,0
58,100,2,12,29,1,SEG_LOW,T60,60,0.491094147582697,0.173486046511628,0.230227906976744,0,0,0,1,-0.002969328258275,-0.002969328258275,0.002969328258275,0,0,0,0
59,101,2,13,28,1,SEG_LOW,T60,60,0.491094147582697,0.17313488372093,0.246006976744186,0,0,0,1,-0.00320706061843792,-0.00320706061843792,0.00320706061843792,0,0,0,0
60,102,2,14,27,1,SEG_LOW,T60,60,0.491094147582697,0.172783720930233,0.261786046511628,0,0,0,1,-0.00343139661092439,-0.00343139661092439,0.00343139661092439,0,0,0,0
61,103,2,15,26,1,SEG_LOW,T60,60,0.491094147582697,0.172432558139535,0.27756511627907,0,0,0,1,-0.00364233623573471,-0.00364233623573471,0.00364233623573471,0,0,0,0
62,104,2,16,25,1,SEG_LOW,T60,60,0.491094147582697,0.172081395348837,0.293344186046512,0,0,0,1,-0.00383987949286871,-0.00383987949286871,0.00383987949286871,0,0,0,0
63,105,2,17,24,1,SEG_LOW,T60,60,0.491094147582697,0.17173023255814,0.309123255813953,0,0,0,1,-0.00402402638232629,-0.00402402638232629,0.00402402638232629,0,0,0,0
64,106,2,18,23,1,SEG_LOW,T60,60,0.491094147582697,0.171379069767442,0.324902325581395,0,0,0,1,-0.0041947769041077,-0.0041947769041077,0.0041947769041077,0,0,0,0
65,107,2,19,22,1,SEG_LOW,T60,60,0.491094147582697,0.171027906976744,0.340681395348837,0,0,0,1,-0.0043521310582128,-0.0043521310582128,0.0043521310582128,0,0,0,0
66,108,2,20,21,1,SEG_LOW,T60,60,0.491094147582697,0.170676744186047,0.356460465116279,0,0,0,1,-0.0044960888446415,-0.0044960888446415,0.0044960888446415,0,0,0,0
67,109,2,21,20,1,SEG_LOW,T60,60,0.491094147582697,0.170325581395349,0.372239534883721,0,0,0,1,-0.00462665026339402,-0.00462665026339402,0.00462665026339402,0,0,0,0
68,110,2,22,19,1,SEG_LOW,T60,60,0.491094147582697,0.169974418604651,0.388018604651163,0,0,0,1,-0.00474381531447023,-0.00474381531447023,0.00474381531447023,0,0,0,0
69,111,2,23,18,1,SEG_LOW,T60,60,0.491094147582697,0.169623255813953,0.403797674418605,0,0,0,1,-0.00484758399787014,-0.00484758399787014,0.00484758399787014,0,0,0,0
70,112,2,24,17,1,SEG_LOW,T60,60,0.491094147582697,0.169272093023256,0.419576744186046,0,0,0,1,-0.00493795631359364,-0.00493795631359364,0.00493795631359364,0,0,0,0
71,113,2,25,16,1,SEG_LOW,T60,60,0.491094147582697,0.168920930232558,0.435355813953488,0,0,0,1,-0.00501493226164094,-0.00501493226164094,0.00501493226164094,0,0,0,0
72,114,2,26,15,1,SEG_LOW,T60,60,0.491094147582697,0.16856976744186,0.45113488372093,0,0,0,1,-0.00507851184201195,-0.00507851184201195,0.00507851184201195,0,0,0,0
73,115,2,27,14,1,SEG_LOW,T60,60,0.491094147582697,0.168218604651163,0.466913953488372,0,0,0,1,-0.00512869505470657,-0.00512869505470657,0.00512869505470657,0,0,0,0
74,116,2,28,13,1,SEG_LOW,T60,60,0.491094147582697,0.167867441860465,0.482693023255814,0,0,0,1,-0.00516548189972498,-0.00516548189972498,0.00516548189972498,0,0,0,0
75,117,2,29,12,1,SEG_LOW,T60,60,0.491094147582697,0.167516279069767,0.498472093023256,0,0,0,1,-0.0051888723770671,-0.0051888723770671,0.0051888723770671,0,0,0,0
76,118,2,30,11,1,SEG_LOW,T60,60,0.491094147582697,0.16716511627907,0.514251162790698,0,0,0,1,-0.00519886648673281,-0.00519886648673281,0.00519886648673281,0,0,0,0
77,119,2,31,10,1,SEG_LOW,T60,60,0.491094147582697,0.166813953488372,0.53003023255814,0,0,0,1,-0.00519546422872231,-0.00519546422872231,0.00519546422872231,0,0,0,0
78,120,2,32,9,1,SEG_LOW,T60,60,0.491094147582697,0.166462790697674,0.545809302325581,0,0,0,1,-0.00517866560303554,-0.00517866560303554,0.00517866560303554,0,0,0,0
79,121,2,33,8,1,SEG_LOW,T60,60,0.491094147582697,0.166111627906977,0.561588372093023,0,0,0,1,-0.00514847060967236,-0.00514847060967236,0.00514847060967236,0,0,0,0
80,122,2,34,7,1,SEG_LOW,T60,60,0.491094147582697,0.165760465116279,0.577367441860465,0,0,0,1,-0.00510487924863295,-0.00510487924863295,0.00510487924863295,0,0,0,0
81,123,2,35,6,1,SEG_LOW,T60,60,0.491094147582697,0.165409302325581,0.593146511627907,0,0,0,1,-0.00504789151991728,-0.00504789151991728,0.00504789151991728,0,0,0,0
82,124,2,36,5,1,SEG_LOW,T60,60,0.491094147582697,0.165058139534884,0.608925581395349,0,0,0,1,-0.00497750742352521,-0.00497750742352521,0.00497750742352521,0,0,0,0
83,125,2,37,4,1,SEG_LOW,T60,60,0.491094147582697,0.164706976744186,0.624704651162791,0,0,0,1,-0.00489372695945693,-0.00489372695945693,0.00489372695945693,0,0,0,0
84,126,2,38,3,1,SEG_LOW,T60,60,0.491094147582697,0.164355813953488,0.640483720930233,0,0,0,1,-0.00479655012771233,-0.00479655012771233,0.00479655012771233,0,0,0,0
85,127,2,39,2,1,SEG_LOW,T60,60,0.491094147582697,0.164004651162791,0.656262790697674,0,0,0,1,-0.00468597692829139,-0.00468597692829139,0.00468597692829139,0,0,0,0
86,128,2,40,1,1,SEG_LOW,T60,60,0.491094147582697,0.163653488372093,0.672041860465116,0,0,0,1,-0.0045620073611942,-0.0045620073611942,0.0045620073611942,0,0,0,0
87,129,2,41,0,1,SEG_LOW,T60,60,0.491094147582697,0.163302325581395,0.687820930232558,-2.25395210212983e-16,0,2.25395210212983e-16,1.00000000000001,-0.00442464142642059,-0.00442464142642081,0.00442464142642081,0,0,0,2.25395210212983e-16
88,136,3,6,34,1,SEG_LOW,T60,60,0.491094147582697,0.188393023255814,0.141793023255814,0.209897152742355,0.199245314231528,-0.0106518385108268,1.35506128369423,-0.0212176579838911,-0.0105658194730643,0.0105658194730643,0.188679494758464,-0.0105658194730641,0.0105658194730641,0.010651838510827
89,137,3,7,33,1,SEG_LOW,T60,60,0.491094147582697,0.188041860465116,0.157572093023256,0.155614833815413,0.139256011974116,-0.0163588218412977,1.54529406137659,-0.0243922846959526,-0.0080334628546549,0.0080334628546549,0.13122254911946,-0.00803346285465562,0.00803346285465562,0.016358821841297
90,138,3,8,32,1,SEG_LOW,T60,60,0.491094147582697,0.187690697674419,0.173351162790698,0.117186926030631,0.0961357589868978,-0.0210511670437328,1.70170556812443,-0.0233066677399169,-0.00225550069618411,0.00225550069618411,0.0938802582907141,-0.00225550069618372,0.00225550069618372,0.0210511670437332
91,139,3,9,31,1,SEG_LOW,T60,60,0.491094147582697,0.187339534883721,0.18913023255814,0.0898069174259292,0.0647416692320051,-0.0250652481939241,1.8355082731308,-0.0208627891524449,0.00420245904147918,0.00420245904147918,0.0689441282734843,0.00420245904147917,0.00420245904147917,0.0250652481939241
92,140,3,10,30,1,SEG_LOW,T60,60,0.491094147582697,0.186988372093023,0.204909302325581,0.0691660059638762,0.0409502932542296,-0.0282157127096466,1.94052375698822,-0.0180864204375812,0.0101292922720654,0.0101292922720654,0.051079585526295,0.0101292922720654,0.0101292922720654,0.0282157127096466
93,141,3,11,29,1,SEG_LOW,T60,60,0.491094147582697,0.186637209302326,0.220688372093023,0.0435305902233924,0.0182580411557646,-0.0252725490676278,1.84241830225426,-0.0131284401949122,0.0121441088727156,0.0121441088727156,0.0304021500284802,0.0121441088727156,0.0121441088727156,0.0252725490676278
94,142,3,12,28,1,SEG_LOW,T60,60,0.491094147582697,0.186286046511628,0.236467441860465,0.0218994025599235,0,-0.0218994025599235,1.72998008533078,-0.00786437539419531,0.0140350271657282,0.0140350271657282,0.0140350271657282,0.0140350271657282,0.0140350271657282,0.0218994025599235
95,143,3,13,27,1,SEG_LOW,T60,60,0.491094147582697,0.18593488372093,0.252246511627907,0.00394089825749042,0,-0.00394089825749042,1.13136327524968,-0.00272230947162732,0.0012185887858631,0.0012185887858631,0.0012185887858631,0.0012185887858631,0.0012185887858631,0.00394089825749042
96,144,3,14,26,1,SEG_LOW,T60,60,0.491094147582697,0.185583720930233,0.268025581395349,0,0,0,1,-0.00169888644352455,-0.00169888644352455,0.00169888644352455,0,0,0,0
97,145,3,15,25,1,SEG_LOW,T60,60,0.491094147582697,0.185232558139535,0.283804651162791,0,0,0,1,-0.00195505045377896,-0.00195505045377896,0.00195505045377896,0,0,0,0
98,146,3,16,24,1,SEG_LOW,T60,60,0.491094147582697,0.184881395348837,0.299583720930233,0,0,0,1,-0.00219781809635705,-0.00219781809635705,0.00219781809635705,0,0,0,0
99,147,3,17,23,1,SEG_LOW,T60,60,0.491094147582697,0.18453023255814,0.315362790697674,0,0,0,1,-0.0024271893712587,-0.0024271893712587,0.0024271893712587,0,0,0,0
100,148,3,18,22,1,SEG_LOW,T60,60,0.491094147582697,0.184179069767442,0.331141860465116,0,0,0,1,-0.00264316427848419,-0.00264316427848419,0.00264316427848419,0,0,0,0
101,149,3,19,21,1,SEG_LOW,T60,60,0.491094147582697,0.183827906976744,0.346920930232558,0,0,0,1,-0.00284574281803339,-0.00284574281803339,0.00284574281803339,0,0,0,0
102,150,3,20,20,1,SEG_LOW,T60,60,0.491094147582697,0.183476744186047,0.3627,0,0,0,1,-0.00303492498990615,-0.00303492498990615,0.00303492498990615,0,0,0,0
103,151,3,21,19,1,SEG_LOW,T60,60,0.491094147582697,0.183125581395349,0.378479069767442,0,0,0,1,-0.00321071079410274,-0.00321071079410274,0.00321071079410274,0,0,0,0
104,152,3,22,18,1,SEG_LOW,T60,60,0.491094147582697,0.182774418604651,0.394258139534884,0,0,0,1,-0.00337310023062302,-0.00337310023062302,0.00337310023062302,0,0,0,0
105,153,3,23,17,1,SEG_LOW,T60,60,0.491094147582697,0.182423255813953,0.410037209302326,0,0,0,1,-0.00352209329946702,-0.00352209329946702,0.00352209329946702,0,0,0,0
106,154,3,24,16,1,SEG_LOW,T60,60,0.491094147582697,0.182072093023256,0.425816279069767,0,0,0,1,-0.0036576900006346,-0.0036576900006346,0.0036576900006346,0,0,0,0
107,155,3,25,15,1,SEG_LOW,T60,60,0.491094147582697,0.181720930232558,0.441595348837209,0,0,0,1,-0.003779890334126,-0.003779890334126,0.003779890334126,0,0,0,0
108,156,3,26,14,1,SEG_LOW,T60,60,0.491094147582697,0.18136976744186,0.457374418604651,0,0,0,1,-0.00388869429994108,-0.00388869429994108,0.00388869429994108,0,0,0,0
109,157,3,27,13,1,SEG_LOW,T60,60,0.491094147582697,0.181018604651163,0.473153488372093,0,0,0,1,-0.00398410189807976,-0.00398410189807976,0.00398410189807976,0,0,0,0
110,158,3,28,12,1,SEG_LOW,T60,60,0.491094147582697,0.180667441860465,0.488932558139535,0,0,0,1,-0.00406611312854225,-0.00406611312854225,0.00406611312854225,0,0,0,0
111,159,3,29,11,1,SEG_LOW,T60,60,0.491094147582697,0.180316279069767,0.504711627906977,0,0,0,1,-0.00413472799132844,-0.00413472799132844,0.00413472799132844,0,0,0,0
112,160,3,30,10,1,SEG_LOW,T60,60,0.491094147582697,0.17996511627907,0.520490697674419,0,0,0,1,-0.00418994648643825,-0.00418994648643825,0.00418994648643825,0,0,0,0
113,161,3,31,9,1,SEG_LOW,T60,60,0.491094147582697,0.179613953488372,0.53626976744186,0,0,0,1,-0.00423176861387183,-0.00423176861387183,0.00423176861387183,0,0,0,0
114,162,3,32,8,1,SEG_LOW,T60,60,0.491094147582697,0.179262790697674,0.552048837209302,0,0,0,1,-0.00426019437362911,-0.00426019437362911,0.00426019437362911,0,0,0,0
115,163,3,33,7,1,SEG_LOW,T60,60,0.491094147582697,0.178911627906977,0.567827906976744,0,0,0,1,-0.00427522376571002,-0.00427522376571002,0.00427522376571002,0,0,0,0
116,164,3,34,6,1,SEG_LOW,T60,60,0.491094147582697,0.178560465116279,0.583606976744186,0,0,0,1,-0.00427685679011472,-0.00427685679011472,0.00427685679011472,0,0,0,0
117,165,3,35,5,1,SEG_LOW,T60,60,0.491094147582697,0.178209302325581,0.599386046511628,0,0,0,1,-0.00426509344684308,-0.00426509344684308,0.00426509344684308,0,0,0,0
118,166,3,36,4,1,SEG_LOW,T60,60,0.491094147582697,0.177858139534884,0.61516511627907,0,0,0,1,-0.00423993373589513,-0.00423993373589513,0.00423993373589513,0,0,0,0
119,167,3,37,3,1,SEG_LOW,T60,60,0.491094147582697,0.177506976744186,0.630944186046512,0,0,0,1,-0.00420137765727092,-0.00420137765727092,0.00420137765727092,0,0,0,0
120,168,3,38,2,1,SEG_LOW,T60,60,0.491094147582697,0.177155813953488,0.646723255813954,0,0,0,1,-0.00414942521097039,-0.00414942521097039,0.00414942521097039,0,0,0,0
121,169,3,39,1,1,SEG_LOW,T60,60,0.491094147582697,0.176804651162791,0.662502325581395,0,0,0,1,-0.00408407639699352,-0.00408407639699352,0.00408407639699352,0,0,0,0
122,170,3,40,0,1,SEG_LOW,T60,60,0.491094147582697,0.176453488372093,0.678281395348837,0,0,0,1,-0.00400533121534041,-0.00400533121534041,0.00400533121534041,0,0,0,0
123,181,4,10,29,1,SEG_LOW,T60,60,0.491094147582697,0.199788372093023,0.211148837209302,0.239941266807303,0.215531669850267,-0.0244095969570363,1.81365323190121,-0.0212950693225213,0.00311452763451502,0.00311452763451502,0.218646197484782,0.0031145276345147,0.0031145276345147,0.024409596957036
124,182,4,11,28,1,SEG_LOW,T60,60,0.491094147582697,0.199437209302326,0.226927906976744,0.204679693831528,0.183759728753619,-0.0209199650779089,1.69733216926363,-0.0259530216949776,-0.00503305661706874,0.00503305661706874,0.17872667213655,-0.00503305661706865,0.00503305661706865,0.020919965077909
125,183,4,12,27,1,SEG_LOW,T60,60,0.491094147582697,0.199086046511628,0.242706976744186,0.174768435764758,0.148476177616193,-0.0262922581485643,1.87640860495214,-0.0280143453742225,-0.00172208722565816,0.00172208722565816,0.146754090390536,-0.00172208722565745,0.00172208722565745,0.026292258148565
126,184,4,13,26,1,SEG_LOW,T60,60,0.491094147582697,0.19873488372093,0.258486046511628,0.14930403597345,0.120725013544407,-0.028579022429043,1.9526340809681,-0.0283903325187107,0.000188689910332347,0.000188689910332347,0.120913703454739,0.000188689910332343,0.000188689910332343,0.028579022429043
127,185,4,14,25,1,SEG_LOW,T60,60,0.491094147582697,0.198383720930233,0.27426511627907,0.125634404307775,0.0963295884875753,-0.0293048158201995,1.97682719400665,-0.0275031723276105,0.00180164349258898,0.00180164349258898,0.0981312319801645,0.0018016434925892,0.0018016434925892,0.0293048158201997
128,186,4,15,24,1,SEG_LOW,T60,60,0.491094147582697,0.198032558139535,0.290044186046512,0.103774444371881,0.0732673706283557,-0.0305070737435251,2.0169024581175,-0.0256152920426978,0.00489178170082728,0.00489178170082728,0.0781591523291832,0.00489178170082748,0.00489178170082748,0.0305070737435253
129,187,4,16,23,1,SEG_LOW,T60,60,0.491094147582697,0.197681395348837,0.305823255813953,0.080790384743409,0.0490668714059135,-0.0317235133374955,2.05745044458318,-0.0224067736535982,0.00931673968389726,0.00931673968389726,0.0583836110898108,0.00931673968389726,0.00931673968389726,0.0317235133374955
130,188,4,17,22,1,SEG_LOW,T60,60,0.491094147582697,0.19733023255814,0.321602325581395,0.0483409072693082,0.0152561204291415,-0.0330847868401667,2.10282622800556,-0.0156183341289166,0.0174664527112501,0.0174664527112501,0.0327225731403916,0.0174664527112501,0.0174664527112501,0.0330847868401667
131,189,4,18,21,1,SEG_LOW,T60,60,0.491094147582697,0.196979069767442,0.337381395348837,0.0188624586231508,0,-0.0188624586231508,1.62874862077169,-0.0075224488289518,0.011340009794199,0.011340009794199,0.011340009794199,0.011340009794199,0.011340009794199,0.0188624586231508
132,190,4,19,20,1,SEG_LOW,T60,60,0.491094147582697,0.196627906976744,0.353160465116279,0,0,0,1,-0.00143559977250654,-0.00143559977250654,0.00143559977250654,0,0,0,0
133,191,4,20,19,1,SEG_LOW,T60,60,0.491094147582697,0.196276744186047,0.368939534883721,0,0,0,1,-0.00167000632982342,-0.00167000632982342,0.00167000632982342,0,0,0,0
134,192,4,21,18,1,SEG_LOW,T60,60,0.491094147582697,0.195925581395349,0.384718604651163,0,0,0,1,-0.00189101651946408,-0.00189101651946408,0.00189101651946408,0,0,0,0
135,193,4,22,17,1,SEG_LOW,T60,60,0.491094147582697,0.195574418604651,0.400497674418605,0,0,0,1,-0.00209863034142844,-0.00209863034142844,0.00209863034142844,0,0,0,0
136,194,4,23,16,1,SEG_LOW,T60,60,0.491094147582697,0.195223255813954,0.416276744186046,0,0,0,1,-0.00229284779571639,-0.00229284779571639,0.00229284779571639,0,0,0,0
137,195,4,24,15,1,SEG_LOW,T60,60,0.491094147582697,0.194872093023256,0.432055813953488,0,0,0,1,-0.00247366888232816,-0.00247366888232816,0.00247366888232816,0,0,0,0
138,196,4,25,14,1,SEG_LOW,T60,60,0.491094147582697,0.194520930232558,0.44783488372093,0,0,0,1,-0.00264109360126363,-0.00264109360126363,0.00264109360126363,0,0,0,0
139,197,4,26,13,1,SEG_LOW,T60,60,0.491094147582697,0.19416976744186,0.463613953488372,0,0,0,1,-0.00279512195252278,-0.00279512195252278,0.00279512195252278,0,0,0,0
140,198,4,27,12,1,SEG_LOW,T60,60,0.491094147582697,0.193818604651163,0.479393023255814,0,0,0,1,-0.00293575393610558,-0.00293575393610558,0.00293575393610558,0,0,0,0
141,199,4,28,11,1,SEG_LOW,T60,60,0.491094147582697,0.193467441860465,0.495172093023256,0,0,0,1,-0.00306298955201214,-0.00306298955201214,0.00306298955201214,0,0,0,0
142,200,4,29,10,1,SEG_LOW,T60,60,0.491094147582697,0.193116279069767,0.510951162790698,0,0,0,1,-0.0031768288002424,-0.0031768288002424,0.0031768288002424,0,0,0,0
143,201,4,30,9,1,SEG_LOW,T60,60,0.491094147582697,0.19276511627907,0.526730232558139,0,0,0,1,-0.00327727168079629,-0.00327727168079629,0.00327727168079629,0,0,0,0
144,202,4,31,8,1,SEG_LOW,T60,60,0.491094147582697,0.192413953488372,0.542509302325581,0,0,0,1,-0.00336431819367394,-0.00336431819367394,0.00336431819367394,0,0,0,0
145,203,4,32,7,1,SEG_LOW,T60,60,0.491094147582697,0.192062790697674,0.558288372093023,0,0,0,1,-0.00343796833887529,-0.00343796833887529,0.00343796833887529,0,0,0,0
146,204,4,33,6,1,SEG_LOW,T60,60,0.491094147582697,0.191711627906977,0.574067441860465,0,0,0,1,-0.0034982221164003,-0.0034982221164003,0.0034982221164003,0,0,0,0
147,205,4,34,5,1,SEG_LOW,T60,60,0.491094147582697,0.191360465116279,0.589846511627907,0,0,0,1,-0.00354507952624908,-0.00354507952624908,0.00354507952624908,0,0,0,0
148,206,4,35,4,1,SEG_LOW,T60,60,0.491094147582697,0.191009302325581,0.605625581395349,0,0,0,1,-0.00357854056842154,-0.00357854056842154,0.00357854056842154,0,0,0,0
149,207,4,36,3,1,SEG_LOW,T60,60,0.491094147582697,0.190658139534884,0.621404651162791,0,0,0,1,-0.00359860524291762,-0.00359860524291762,0.00359860524291762,0,0,0,0
150,208,4,37,2,1,SEG_LOW,T60,60,0.491094147582697,0.190306976744186,0.637183720930233,0,0,0,1,-0.0036052735497375,-0.0036052735497375,0.0036052735497375,0,0,0,0
151,209,4,38,1,1,SEG_LOW,T60,60,0.491094147582697,0.189955813953488,0.652962790697674,0,0,0,1,-0.00359854548888106,-0.00359854548888106,0.00359854548888106,0,0,0,0
152,210,4,39,0,1,SEG_LOW,T60,60,0.491094147582697,0.189604651162791,0.668741860465116,2.31825689887023e-16,0,-2.31825689887023e-16,1.00000000000001,-0.00357842106034839,-0.00357842106034816,0.00357842106034816,0,0,0,2.31825689887023e-16
153,226,5,15,23,1,SEG_LOW,T60,60,0.491094147582697,0.210832558139535,0.296283720930233,0.22253198511609,0.195765725729162,-0.0267662593869283,1.89220864623094,-0.0281382350363622,-0.00137197564943386,0.00137197564943386,0.194393750079728,-0.00137197564943417,0.00137197564943417,0.026766259386928
154,227,5,16,22,1,SEG_LOW,T60,60,0.491094147582697,0.210481395348837,0.312062790697674,0.182267589402577,0.153353040976299,-0.0289145484262776,1.96381828087592,-0.0307993799479036,-0.001884831521626,0.001884831521626,0.151468209454673,-0.00188483152162561,0.00188483152162561,0.028914548426278
155,228,5,17,21,1,SEG_LOW,T60,60,0.491094147582697,0.21013023255814,0.327841860465116,0.145302943380851,0.114957777432513,-0.0303451659483378,2.01150553161126,-0.0303482021217791,-3.03617344129398e-06,3.03617344129398e-06,0.114954741259072,-3.03617344107887e-06,3.03617344107887e-06,0.030345165948338
156,229,5,18,20,1,SEG_LOW,T60,60,0.491094147582697,0.209779069767442,0.343620930232558,0.111663828490989,0.0797736253607339,-0.0318902031302551,2.0630067710085,-0.027508792514576,0.00438141061567908,0.00438141061567908,0.084155035976413,0.00438141061567908,0.00438141061567908,0.0318902031302551
157,230,5,19,19,1,SEG_LOW,T60,60,0.491094147582697,0.209427906976744,0.3594,0.0810543188071695,0.0474820475489948,-0.0335722712581747,2.11907570860582,-0.0228851569454303,0.0106871143127444,0.0106871143127444,0.0581691618617391,0.0106871143127443,0.0106871143127443,0.0335722712581747
158,231,5,20,18,1,SEG_LOW,T60,60,0.491094147582697,0.209076744186047,0.375179069767442,0.0528116469261456,0.0178301167116205,-0.034981530214525,2.16605100715083,-0.016858536447379,0.018122993767146,0.018122993767146,0.0359531104787666,0.0181229937671461,0.0181229937671461,0.0349815302145251
159,232,5,21,17,1,SEG_LOW,T60,60,0.491094147582697,0.208725581395349,0.390958139534884,0.0267401786883533,0,-0.0267401786883533,1.89133928961178,-0.00977003109161208,0.0169701475967412,0.0169701475967412,0.0169701475967412,0.0169701475967412,0.0169701475967412,0.0267401786883533
160,233,5,22,16,1,SEG_LOW,T60,60,0.491094147582697,0.208374418604651,0.406737209302326,0.00223958843682823,0,-0.00223958843682823,1.07465294789427,-0.0017439998044507,0.000495588632377528,0.000495588632377528,0.000495588632377528,0.000495588632377528,0.000495588632377528,0.00223958843682823
161,234,5,23,15,1,SEG_LOW,T60,60,0.491094147582697,0.208023255813954,0.422516279069767,0,0,0,1,-0.00115984748661849,-0.00115984748661849,0.00115984748661849,0,0,0,0
162,235,5,24,14,1,SEG_LOW,T60,60,0.491094147582697,0.207672093023256,0.438295348837209,0,0,0,1,-0.00138589295867433,-0.00138589295867433,0.00138589295867433,0,0,0,0
163,236,5,25,13,1,SEG_LOW,T60,60,0.491094147582697,0.207320930232558,0.454074418604651,0,0,0,1,-0.00159854206305388,-0.00159854206305388,0.00159854206305388,0,0,0,0
164,237,5,26,12,1,SEG_LOW,T60,60,0.491094147582697,0.20696976744186,0.469853488372093,0,0,0,1,-0.00179779479975712,-0.00179779479975712,0.00179779479975712,0,0,0,0
165,238,5,27,11,1,SEG_LOW,T60,60,0.491094147582697,0.206618604651163,0.485632558139535,0,0,0,1,-0.00198365116878397,-0.00198365116878397,0.00198365116878397,0,0,0,0
166,239,5,28,10,1,SEG_LOW,T60,60,0.491094147582697,0.206267441860465,0.501411627906977,0,0,0,1,-0.00215611117013462,-0.00215611117013462,0.00215611117013462,0,0,0,0
167,240,5,29,9,1,SEG_LOW,T60,60,0.491094147582697,0.205916279069767,0.517190697674418,0,0,0,1,-0.00231517480380894,-0.00231517480380894,0.00231517480380894,0,0,0,0
168,241,5,30,8,1,SEG_LOW,T60,60,0.491094147582697,0.20556511627907,0.53296976744186,0,0,0,1,-0.00246084206980692,-0.00246084206980692,0.00246084206980692,0,0,0,0
169,242,5,31,7,1,SEG_LOW,T60,60,0.491094147582697,0.205213953488372,0.548748837209302,0,0,0,1,-0.00259311296812867,-0.00259311296812867,0.00259311296812867,0,0,0,0
170,243,5,32,6,1,SEG_LOW,T60,60,0.491094147582697,0.204862790697674,0.564527906976744,0,0,0,1,-0.00271198749877411,-0.00271198749877411,0.00271198749877411,0,0,0,0
171,244,5,33,5,1,SEG_LOW,T60,60,0.491094147582697,0.204511627906977,0.580306976744186,0,0,0,1,-0.00281746566174317,-0.00281746566174317,0.00281746566174317,0,0,0,0
172,245,5,34,4,1,SEG_LOW,T60,60,0.491094147582697,0.204160465116279,0.596086046511628,0,0,0,1,-0.00290954745703602,-0.00290954745703602,0.00290954745703602,0,0,0,0
173,246,5,35,3,1,SEG_LOW,T60,60,0.491094147582697,0.203809302325581,0.61186511627907,0,0,0,1,-0.00298823288465256,-0.00298823288465256,0.00298823288465256,0,0,0,0
174,247,5,36,2,1,SEG_LOW,T60,60,0.491094147582697,0.203458139534884,0.627644186046512,0,0,0,1,-0.00305352194459276,-0.00305352194459276,0.00305352194459276,0,0,0,0
175,248,5,37,1,1,SEG_LOW,T60,60,0.491094147582697,0.203106976744186,0.643423255813953,0,0,0,1,-0.0031054146368567,-0.0031054146368567,0.0031054146368567,0,0,0,0
176,249,5,38,0,1,SEG_LOW,T60,60,0.491094147582697,0.202755813953488,0.659202325581395,0,0,0,1,-0.00314391096144433,-0.00314391096144433,0.00314391096144433,0,0,0,0
177,267,6,17,20,1,SEG_LOW,T60,60,0.491094147582697,0.22293023255814,0.334081395348837,0.236873027415814,0.209324878712162,-0.0275481487036522,1.91827162345507,-0.0279026944066845,-0.000354545703032328,0.000354545703032328,0.208970333009129,-0.000354545703032505,0.000354545703032505,0.027548148703652
178,268,6,18,19,1,SEG_LOW,T60,60,0.491094147582697,0.222579069767442,0.349860465116279,0.199790407299196,0.17004674101012,-0.0297436662890762,1.99145554296921,-0.0313790732880061,-0.00163540699892991,0.00163540699892991,0.16841133401119,-0.00163540699893008,0.00163540699893008,0.029743666289076
179,269,6,19,18,1,SEG_LOW,T60,60,0.491094147582697,0.222227906976744,0.365639534883721,0.165493775184467,0.134672243563883,-0.0308215316205837,2.02738438735279,-0.0320989922454774,-0.00127746062489365,0.00127746062489365,0.13339478293899,-0.00127746062489334,0.00127746062489334,0.030821531620584
180,270,6,20,17,1,SEG_LOW,T60,60,0.491094147582697,0.221876744186047,0.381418604651163,0.133728600220558,0.10160194254828,-0.0321266576722781,2.07088858907594,-0.0306012825519792,0.0015253751202989,0.0015253751202989,0.103127317668579,0.00152537512029879,0.00152537512029879,0.032126657672278
181,271,6,21,16,1,SEG_LOW,T60,60,0.491094147582697,0.221525581395349,0.397197674418605,0.10477475965422,0.0710874530332414,-0.0336873066209786,2.12291022069929,-0.0274135642592833,0.00627374236169527,0.00627374236169527,0.0773611953949367,0.00627374236169527,0.00627374236169527,0.0336873066209786
182,272,6,22,15,1,SEG_LOW,T60,60,0.491094147582697,0.221174418604651,0.412976744186047,0.0770442985389634,0.0429768051988216,-0.0340674933401417,2.13558311133806,-0.0226695578911586,0.0113979354489831,0.0113979354489831,0.0543747406478048,0.0113979354489832,0.0113979354489832,0.0340674933401418
183,273,6,23,14,1,SEG_LOW,T60,60,0.491094147582697,0.220823255813954,0.428755813953488,0.0513570020062141,0.0161655525181466,-0.0351914494880675,2.17304831626892,-0.0168021987634146,0.0183892507246529,0.0183892507246529,0.0345548032427995,0.0183892507246529,0.0183892507246529,0.0351914494880675
184,274,6,24,13,1,SEG_LOW,T60,60,0.491094147582697,0.220472093023256,0.44453488372093,0.0260886389144661,0,-0.0260886389144661,1.86962129714887,-0.00959877530286616,0.0164898636115999,0.0164898636115999,0.0164898636115999,0.0164898636115999,0.0164898636115999,0.0260886389144661
185,275,6,25,12,1,SEG_LOW,T60,60,0.491094147582697,0.220120930232558,0.460313953488372,0.00212140275572678,0,-0.00212140275572678,1.07071342519089,-0.00145765264369362,0.000663750112033163,0.000663750112033163,0.000663750112033163,0.000663750112033163,0.000663750112033163,0.00212140275572678
186,276,6,26,11,1,SEG_LOW,T60,60,0.491094147582697,0.21976976744186,0.476093023255814,0,0,0,1,-0.000896712841644047,-0.000896712841644047,0.000896712841644047,0,0,0,0
187,277,6,27,10,1,SEG_LOW,T60,60,0.491094147582697,0.219418604651163,0.491872093023256,0,0,0,1,-0.00112779359611499,-0.00112779359611499,0.00112779359611499,0,0,0,0
188,278,6,28,9,1,SEG_LOW,T60,60,0.491094147582697,0.219067441860465,0.507651162790698,0,0,0,1,-0.00134547798290972,-0.00134547798290972,0.00134547798290972,0,0,0,0
189,279,6,29,8,1,SEG_LOW,T60,60,0.491094147582697,0.218716279069767,0.523430232558139,0,0,0,1,-0.00154976600202811,-0.00154976600202811,0.00154976600202811,0,0,0,0
190,280,6,30,7,1,SEG_LOW,T60,60,0.491094147582697,0.21836511627907,0.539209302325581,0,0,0,1,-0.00174065765347016,-0.00174065765347016,0.00174065765347016,0,0,0,0
191,281,6,31,6,1,SEG_LOW,T60,60,0.491094147582697,0.218013953488372,0.554988372093023,0,0,0,1,-0.00191815293723598,-0.00191815293723598,0.00191815293723598,0,0,0,0
192,282,6,32,5,1,SEG_LOW,T60,60,0.491094147582697,0.217662790697674,0.570767441860465,0,0,0,1,-0.00208225185332551,-0.00208225185332551,0.00208225185332551,0,0,0,0
193,283,6,33,4,1,SEG_LOW,T60,60,0.491094147582697,0.217311627906977,0.586546511627907,0,0,0,1,-0.00223295440173869,-0.00223295440173869,0.00223295440173869,0,0,0,0
194,284,6,34,3,1,SEG_LOW,T60,60,0.491094147582697,0.216960465116279,0.602325581395349,0,0,0,1,-0.00237026058247558,-0.00237026058247558,0.00237026058247558,0,0,0,0
195,285,6,35,2,1,SEG_LOW,T60,60,0.491094147582697,0.216609302325581,0.618104651162791,0,0,0,1,-0.00249417039553619,-0.00249417039553619,0.00249417039553619,0,0,0,0
196,286,6,36,1,1,SEG_LOW,T60,60,0.491094147582697,0.216258139534884,0.633883720930232,0,0,0,1,-0.00260468384092049,-0.00260468384092049,0.00260468384092049,0,0,0,0
197,287,6,37,0,1,SEG_LOW,T60,60,0.491094147582697,0.215906976744186,0.649662790697674,0,0,0,1,-0.00270180091862848,-0.00270180091862848,0.00270180091862848,0,0,0,0
198,307,7,19,17,1,SEG_LOW,T60,60,0.491094147582697,0.235027906976744,0.371879069767442,0.245378659132983,0.217287452424479,-0.0280912067085035,1.93637355695012,-0.0283338560831426,-0.000242649374639123,0.000242649374639123,0.21704480304984,-0.000242649374638609,0.000242649374638609,0.028091206708504
199,308,7,20,16,1,SEG_LOW,T60,60,0.491094147582697,0.234676744186047,0.387658139534884,0.210850591907114,0.181114986427092,-0.0297356054800225,1.99118684933408,-0.0321127037571165,-0.00237709827709401,0.00237709827709401,0.178737888149997,-0.00237709827709451,0.00237709827709451,0.029735605480022
200,309,7,21,15,1,SEG_LOW,T60,60,0.491094147582697,0.234325581395349,0.403437209302326,0.178734173350236,0.148032156536734,-0.030702016813502,2.02340056045007,-0.0334342049738729,-0.00273218816037087,0.00273218816037087,0.145299968376363,-0.00273218816037085,0.00273218816037085,0.030702016813502
201,310,7,22,14,1,SEG_LOW,T60,60,0.491094147582697,0.233974418604651,0.419216279069767,0.148362568142547,0.116898698425173,-0.0314638697173741,2.0487956572458,-0.0326995600442356,-0.0012356903268615,0.0012356903268615,0.115663008098311,-0.0012356903268616,0.0012356903268616,0.031463869717374
202,311,7,23,13,1,SEG_LOW,T60,60,0.491094147582697,0.233623255813953,0.434995348837209,0.119581603540953,0.0870341641794078,-0.0325474393615451,2.08491464538484,-0.0302032035887464,0.00234423577279869,0.00234423577279869,0.0893783999522066,0.00234423577279878,0.00234423577279878,0.0325474393615452
203,312,7,24,12,1,SEG_LOW,T60,60,0.491094147582697,0.233272093023256,0.450774418604651,0.0917125150888613,0.058833640636777,-0.0328788744520843,2.09596248173614,-0.0260814946233475,0.00679737982873679,0.00679737982873679,0.0656310204655138,0.00679737982873679,0.00679737982873679,0.0328788744520843
204,313,7,25,11,1,SEG_LOW,T60,60,0.491094147582697,0.232920930232558,0.466553488372093,0.0651799930928344,0.0316427917399924,-0.033537201352842,2.1179067117614,-0.0205979852241402,0.0129392161287018,0.0129392161287018,0.0445820078686942,0.0129392161287018,0.0129392161287018,0.033537201352842
205,314,7,26,10,1,SEG_LOW,T60,60,0.491094147582697,0.23256976744186,0.482332558139535,0.0393142452340617,0.00534958906319799,-0.0339646561708637,2.13215520569546,-0.013759326231571,0.0202053299392927,0.0202053299392927,0.0255549190024907,0.0202053299392927,0.0202053299392927,0.0339646561708637
206,315,7,27,9,1,SEG_LOW,T60,60,0.491094147582697,0.232218604651163,0.498111627906977,0.0139988825075917,0,-0.0139988825075917,1.46662941691972,-0.00562804600003754,0.00837083650755416,0.00837083650755416,0.00837083650755416,0.00837083650755416,0.00837083650755416,0.0139988825075917
207,316,7,28,8,1,SEG_LOW,T60,60,0.491094147582697,0.231867441860465,0.513890697674419,0,0,0,1,-0.0006310899903374,-0.0006310899903374,0.0006310899903374,0,0,0,0
208,317,7,29,7,1,SEG_LOW,T60,60,0.491094147582697,0.231516279069767,0.52966976744186,0,0,0,1,-0.000880602394899882,-0.000880602394899882,0.000880602394899882,0,0,0,0
209,318,7,30,6,1,SEG_LOW,T60,60,0.491094147582697,0.23116511627907,0.545448837209302,0,0,0,1,-0.00111671843178602,-0.00111671843178602,0.00111671843178602,0,0,0,0
210,319,7,31,5,1,SEG_LOW,T60,60,0.491094147582697,0.230813953488372,0.561227906976744,0,0,0,1,-0.00133943810099591,-0.00133943810099591,0.00133943810099591,0,0,0,0
211,320,7,32,4,1,SEG_LOW,T60,60,0.491094147582697,0.230462790697674,0.577006976744186,0,0,0,1,-0.00154876140252951,-0.00154876140252951,0.00154876140252951,0,0,0,0
212,321,7,33,3,1,SEG_LOW,T60,60,0.491094147582697,0.230111627906977,0.592786046511628,0,0,0,1,-0.00174468833638675,-0.00174468833638675,0.00174468833638675,0,0,0,0
213,322,7,34,2,1,SEG_LOW,T60,60,0.491094147582697,0.229760465116279,0.60856511627907,0,0,0,1,-0.00192721890256775,-0.00192721890256775,0.00192721890256775,0,0,0,0
214,323,7,35,1,1,SEG_LOW,T60,60,0.491094147582697,0.229409302325581,0.624344186046512,0,0,0,1,-0.00209635310107244,-0.00209635310107244,0.00209635310107244,0,0,0,0
215,324,7,36,0,1,SEG_LOW,T60,60,0.491094147582697,0.229058139534884,0.640123255813953,0,0,0,1,-0.00225209093190079,-0.00225209093190079,0.00225209093190079,0,0,0,0
216,346,8,21,14,1,SEG_LOW,T60,60,0.491094147582697,0.247125581395349,0.409676744186046,0.248832698501755,0.220708875607807,-0.0281238228939477,1.93746076313159,-0.0295049710066817,-0.00138114811273399,0.00138114811273399,0.219327727495073,-0.00138114811273371,0.00138114811273371,0.028123822893948
217,347,8,22,13,1,SEG_LOW,T60,60,0.491094147582697,0.246774418604651,0.425455813953488,0.215561955495859,0.186551607525702,-0.0290103479701572,1.96701159900524,-0.0332550358457126,-0.00424468787555539,0.00424468787555539,0.182306919650146,-0.0042446878755556,0.0042446878755556,0.029010347970157
218,348,8,23,12,1,SEG_LOW,T60,60,0.491094147582697,0.246423255813954,0.44123488372093,0.183809218208307,0.154113726843132,-0.029695491365175,1.9898497121725,-0.0346819695805675,-0.00498647821539252,0.00498647821539252,0.149127248627739,-0.0049864782153925,0.0049864782153925,0.029695491365175
219,349,8,24,11,1,SEG_LOW,T60,60,0.491094147582697,0.246072093023256,0.457013953488372,0.153445999033669,0.12328576951796,-0.0301602295157095,2.00534098385698,-0.0340620543011384,-0.00390182478542889,0.00390182478542889,0.119383944732531,-0.00390182478542939,0.00390182478542939,0.030160229515709
220,350,8,25,10,1,SEG_LOW,T60,60,0.491094147582697,0.245720930232558,0.472793023255814,0.124375265484056,0.0927480896784465,-0.0316271758056098,2.05423919352033,-0.0316337222018528,-6.54639624303455e-06,6.54639624303455e-06,0.0927415432822032,-6.54639624333986e-06,6.54639624333986e-06,0.0316271758056095
221,351,8,26,9,1,SEG_LOW,T60,60,0.491094147582697,0.24536976744186,0.488572093023256,0.0958756280796541,0.0629379880369551,-0.032937640042699,2.09792133475663,-0.0274755365905371,0.00546210345216191,0.00546210345216191,0.068400091489117,0.0054621034521619,0.0054621034521619,0.032937640042699
222,352,8,27,8,1,SEG_LOW,T60,60,0.491094147582697,0.245018604651163,0.504351162790698,0.0691802850382965,0.0337387724047765,-0.03544151263352,2.18138375445067,-0.0220060392599811,0.0134354733735389,0.0134354733735389,0.0471742457783154,0.0134354733735389,0.0134354733735389,0.03544151263352
223,353,8,28,7,1,SEG_LOW,T60,60,0.491094147582697,0.244667441860465,0.52013023255814,0.0434576380188361,0.00453052313750108,-0.0389271148813351,2.2975704960445,-0.0152590410628761,0.023668073818459,0.023668073818459,0.02819859695596,0.0236680738184589,0.0236680738184589,0.038927114881335
224,354,8,29,6,1,SEG_LOW,T60,60,0.491094147582697,0.244316279069767,0.535909302325581,0.0187965417544851,0,-0.0187965417544851,1.62655139181617,-0.0074186716496496,0.0113778701048355,0.0113778701048355,0.0113778701048355,0.0113778701048355,0.0113778701048355,0.0187965417544851
225,355,8,30,5,1,SEG_LOW,T60,60,0.491094147582697,0.24396511627907,0.551688372093023,0,0,0,1,-0.000589024404754474,-0.000589024404754474,0.000589024404754474,0,0,0,0
226,356,8,31,4,1,SEG_LOW,T60,60,0.491094147582697,0.243613953488372,0.567467441860465,0,0,0,1,-0.000856968459408432,-0.000856968459408432,0.000856968459408432,0,0,0,0
227,357,8,32,3,1,SEG_LOW,T60,60,0.491094147582697,0.243262790697674,0.583246511627907,0,0,0,1,-0.00111151614638611,-0.00111151614638611,0.00111151614638611,0,0,0,0
228,358,8,33,2,1,SEG_LOW,T60,60,0.491094147582697,0.242911627906977,0.599025581395349,0,0,0,1,-0.00135266746568745,-0.00135266746568745,0.00135266746568745,0,0,0,0
229,359,8,34,1,1,SEG_LOW,T60,60,0.491094147582697,0.242560465116279,0.614804651162791,0,0,0,1,-0.00158042241731253,-0.00158042241731253,0.00158042241731253,0,0,0,0
230,360,8,35,0,1,SEG_LOW,T60,60,0.491094147582697,0.242209302325581,0.630583720930233,1.22927010334136e-16,0,-1.22927010334136e-16,1,-0.00179478100126134,-0.00179478100126121,0.00179478100126121,0,0,0,1.22927010334136e-16
231,362,9,1,33,1,SEG_LOW,T60,60,0.491094147582697,0.266948837209302,0.10033488372093,0.238826405213405,0.223345335731292,-0.0154810694821134,1.51603564940378,0.00557538676117195,0.0210564562432854,0.0210564562432854,0.244401791974577,0.0210564562432849,0.0210564562432849,0.015481069482113
232,384,9,23,11,1,SEG_LOW,T60,60,0.491094147582697,0.259223255813954,0.447474418604651,0.244632260296891,0.216901360981397,-0.0277308993154942,1.92436331051647,-0.0316355485579109,-0.00390464924241667,0.00390464924241667,0.21299671173898,-0.00390464924241687,0.00390464924241687,0.027730899315494
233,385,9,24,10,1,SEG_LOW,T60,60,0.491094147582697,0.258872093023256,0.463253488372093,0.212221169332371,0.182790150390007,-0.0294310189423642,1.98103396474547,-0.0348767995883862,-0.00544578064602195,0.00544578064602195,0.177344369743985,-0.00544578064602216,0.00544578064602216,0.029431018942364
234,386,9,25,9,1,SEG_LOW,T60,60,0.491094147582697,0.258520930232558,0.479032558139535,0.180341020807605,0.149999525211958,-0.0303414955956467,2.01138318652156,-0.0358838134904875,-0.00554231789484085,0.00554231789484085,0.144457207317117,-0.00554231789484055,0.00554231789484055,0.030341495595647
235,387,9,26,8,1,SEG_LOW,T60,60,0.491094147582697,0.25816976744186,0.494811627906977,0.150409476910065,0.117331667131001,-0.0330778097790643,2.10259365930214,-0.034904052676412,-0.0018262428973477,0.0018262428973477,0.115505424233653,-0.00182624289734799,0.00182624289734799,0.033077809779064
236,388,9,27,7,1,SEG_LOW,T60,60,0.491094147582697,0.257818604651163,0.510590697674419,0.121845213425516,0.0849991246232981,-0.0368460888022176,2.22820296007392,-0.0321950228483902,0.00465106595382739,0.00465106595382739,0.0896501905771258,0.00465106595382769,0.00465106595382769,0.0368460888022179
237,389,9,28,6,1,SEG_LOW,T60,60,0.491094147582697,0.257467441860465,0.526369767441861,0.0948331760224215,0.052018263287253,-0.0428149127351685,2.42716375783895,-0.0280314410660181,0.0147834716691504,0.0147834716691504,0.0668017349564034,0.0147834716691504,0.0147834716691504,0.0428149127351685
238,390,9,29,5,1,SEG_LOW,T60,60,0.491094147582697,0.257116279069767,0.542148837209302,0.0692765951491983,0.0179358827480145,-0.0513407124011837,2.71135708003946,-0.0226412800922873,0.0286994323088965,0.0286994323088965,0.0466353150569111,0.0286994323088966,0.0286994323088966,0.0513407124011838
239,391,9,30,4,1,SEG_LOW,T60,60,0.491094147582697,0.25676511627907,0.557927906976744,0.0458026623565112,0,-0.0458026623565112,2.52675541188371,-0.016447736258173,0.0293549260983382,0.0293549260983382,0.0293549260983382,0.0293549260983382,0.0293549260983382,0.0458026623565112
240,392,9,31,3,1,SEG_LOW,T60,60,0.491094147582697,0.256413953488372,0.573706976744186,0.0241775975177024,0,-0.0241775975177024,1.80591991725675,-0.00966684876957211,0.0145107487481303,0.0145107487481303,0.0145107487481303,0.0145107487481303,0.0145107487481303,0.0241775975177024
241,393,9,32,2,1,SEG_LOW,T60,60,0.491094147582697,0.256062790697674,0.589486046511628,0.00543514630096424,0,-0.00543514630096424,1.18117154336547,-0.00295763999410177,0.00247750630686247,0.00247750630686247,0.00247750630686247,0.00247750630686247,0.00247750630686247,0.00543514630096424
242,394,9,33,1,1,SEG_LOW,T60,60,0.491094147582697,0.255711627906977,0.60526511627907,0,0,0,1,-0.00105689178964074,-0.00105689178964074,0.00105689178964074,0,0,0,0
243,395,9,34,0,1,SEG_LOW,T60,60,0.491094147582697,0.255360465116279,0.621044186046512,0,0,0,1,-0.00132987112670992,-0.00132987112670992,0.00132987112670992,0,0,0,0
244,397,10,1,32,1,SEG_LOW,T60,60,0.491094147582697,0.279748837209302,0.106574418604651,0.224844009569188,0.214002722245937,-0.0108412873232511,1.36137624410837,0.00546700582739095,0.016308293150642,0.016308293150642,0.230311015396579,0.016308293150642,0.016308293150642,0.010841287323251
245,421,10,25,8,1,SEG_LOW,T60,60,0.491094147582697,0.271320930232558,0.485272093023256,0.233971027709417,0.202822530146566,-0.031148497562851,2.03828325209503,-0.0343186013697512,-0.00317010380690021,0.00317010380690021,0.199652426339666,-0.00317010380690022,0.00317010380690022,0.031148497562851
246,422,10,26,7,1,SEG_LOW,T60,60,0.491094147582697,0.27096976744186,0.501051162790698,0.202343151423791,0.167239677146133,-0.0351034742776586,2.17011580925529,-0.0366688278199886,-0.00156535354232997,0.00156535354232997,0.165674323603802,-0.00156535354233056,0.00156535354233056,0.035103474277658
247,423,10,27,6,1,SEG_LOW,T60,60,0.491094147582697,0.270618604651163,0.51683023255814,0.172449908824651,0.131697973582762,-0.0407519352418888,2.35839784139629,-0.0369750957225988,0.00377683951929002,0.00377683951929002,0.135474813102052,0.00377683951929023,0.00377683951929023,0.040751935241889
248,424,10,28,5,1,SEG_LOW,T60,60,0.491094147582697,0.270267441860465,0.532609302325581,0.144497728824071,0.0951687800931781,-0.0493289487308932,2.64429829102977,-0.0355732195778281,0.0137557291530651,0.0137557291530651,0.108924509246243,0.0137557291530648,0.0137557291530648,0.0493289487308929
249,425,10,29,4,1,SEG_LOW,T60,60,0.491094147582697,0.269916279069767,0.548388372093023,0.118381711357968,0.0565419009931495,-0.0618398103648186,3.06132701216062,-0.0327723681625903,0.0290674422022283,0.0290674422022283,0.0856093431953777,0.0290674422022282,0.0290674422022282,0.0618398103648185
250,426,10,30,3,1,SEG_LOW,T60,60,0.491094147582697,0.26956511627907,0.564167441860465,0.0944486616148813,0.0140524552605587,-0.0803962063543226,3.67987354514409,-0.0289404604067302,0.0514557459475924,0.0514557459475924,0.0655082012081511,0.0514557459475924,0.0514557459475924,0.0803962063543226
251,427,10,31,2,1,SEG_LOW,T60,60,0.491094147582697,0.269213953488372,0.579946511627907,0.0731984128735955,0,-0.0731984128735955,3.43994709578652,-0.0245300462113678,0.0486683666622277,0.0486683666622277,0.0486683666622277,0.0486683666622277,0.0486683666622277,0.0731984128735955
252,428,10,32,1,1,SEG_LOW,T60,60,0.491094147582697,0.268862790697674,0.595725581395349,0.0422331589592039,0,-0.0422331589592039,2.4077719653068,-0.0159800837834359,0.026253075175768,0.026253075175768,0.026253075175768,0.026253075175768,0.026253075175768,0.0422331589592039
253,429,10,33,0,1,SEG_LOW,T60,60,0.491094147582697,0.268511627906977,0.611504651162791,0,0,0,1,-0.000857361308246652,-0.000857361308246652,0.000857361308246652,0,0,0,0
254,431,11,1,31,1,SEG_LOW,T60,60,0.491094147582697,0.292548837209302,0.112813953488372,0.212408295743705,0.205693554729709,-0.00671474101399616,1.22382470046654,0.00575845983918467,0.0124732008531808,0.0124732008531808,0.21816675558289,0.0124732008531807,0.0124732008531807,0.00671474101399602
255,457,11,27,5,1,SEG_LOW,T60,60,0.491094147582697,0.283418604651163,0.52306976744186,0.22153862878949,0.174448811183658,-0.0470898176058318,2.56966058686106,-0.036921945690694,0.0101678719151378,0.0101678719151378,0.184616683098796,0.010167871915138,0.010167871915138,0.047089817605832
256,458,11,28,4,1,SEG_LOW,T60,60,0.491094147582697,0.283067441860465,0.538848837209302,0.186763867250297,0.133640915560179,-0.053122951690118,2.77076505633727,-0.0381716431210336,0.0149513085690844,0.0149513085690844,0.148592224129263,0.0149513085690844,0.0149513085690844,0.053122951690118
257,459,11,29,3,1,SEG_LOW,T60,60,0.491094147582697,0.282716279069767,0.554627906976744,0.136087850207231,0.0888557462184752,-0.0472321039887559,2.57440346629186,-0.0348961154746794,0.0123359885140765,0.0123359885140765,0.101191734732552,0.0123359885140764,0.0123359885140764,0.0472321039887558
258,460,11,30,2,1,SEG_LOW,T60,60,0.491094147582697,0.28236511627907,0.570406976744186,0.0882155169936397,0.0373025747827483,-0.0509129422108914,2.69709807369638,-0.0270509521058398,0.0238619901050516,0.0238619901050516,0.0611645648877999,0.0238619901050516,0.0238619901050516,0.0509129422108914
259,461,11,31,1,1,SEG_LOW,T60,60,0.491094147582697,0.282013953488372,0.586186046511628,0.042920457293135,0,-0.042920457293135,2.43068190977117,-0.0153448090864617,0.0275756482066733,0.0275756482066733,0.0275756482066733,0.0275756482066733,0.0275756482066733,0.042920457293135
260,462,11,32,0,1,SEG_LOW,T60,60,0.491094147582697,0.281662790697674,0.60196511627907,1.28771201990037e-16,0,-1.28771201990037e-16,1,-0.000377251545871644,-0.000377251545871515,0.000377251545871515,0,0,0,1.28771201990037e-16
261,464,12,1,30,1,SEG_LOW,T60,60,0.491094147582697,0.305348837209302,0.119053488372093,0.201276081232339,0.198255345994802,-0.00302073523753793,1.1006911745846,0.00632676559059574,0.00934750082813367,0.00934750082813367,0.207602846822935,0.00934750082813277,0.00934750082813277,0.00302073523753701
262,489,12,26,5,1,SEG_LOW,T60,60,0.491094147582697,0.29656976744186,0.513530232558139,0.244964868473302,0.23863720717285,-0.0063276613004517,1.21092204334839,-0.033120120227269,-0.0267924589268173,0.0267924589268173,0.211844748246033,-0.026792458926817,0.026792458926817,0.00632766130045201
263,490,12,27,4,1,SEG_LOW,T60,60,0.491094147582697,0.296218604651163,0.529309302325581,0.190129839506641,0.187180226510337,-0.00294961299630417,1.09832043321014,-0.0361503262690868,-0.0332007132727826,0.0332007132727826,0.153979513237554,-0.0332007132727828,0.0332007132727828,0.002949612996304
264,491,12,28,3,1,SEG_LOW,T60,60,0.491094147582697,0.295867441860465,0.545088372093023,0.138469509513808,0.138702371176724,0.000232861662915806,1.00776205543053,-0.0335193539704618,-0.0337522156333776,0.0337522156333776,0.104950155543346,-0.0337522156333778,0.0337522156333778,0.000232861662916001
265,492,12,29,2,1,SEG_LOW,T60,60,0.491094147582697,0.295516279069767,0.560867441860465,0.0897159339172087,0.0929522030090757,0.00323626909186703,1.10787563639557,-0.0261186225427285,-0.0293548916345955,0.0293548916345955,0.0635973113744802,-0.0293548916345955,0.0293548916345955,0.003236269091867
266,493,12,30,1,1,SEG_LOW,T60,60,0.491094147582697,0.29516511627907,0.576646511627907,0.0436304957505202,0.0468209753479861,0.00319047959746591,1.10634931991553,-0.0146978282997438,-0.0178883078972097,0.0178883078972097,0.0289326674507764,-0.0178883078972097,0.0178883078972097,0.0031904795974659
267,494,12,31,0,1,SEG_LOW,T60,60,0.491094147582697,0.294813953488372,0.592425581395349,2.61689481391922e-16,0,-2.61689481391922e-16,1.00000000000001,0.000110458160415267,0.000110458160415528,0.000110458160415528,0.000110458160415528,0.000110458160415528,0.000110458160415528,2.61689481391922e-16
268,496,13,1,29,1,SEG_LOW,T60,60,0.491094147582697,0.318148837209302,0.125293023255814,0.191252625037627,0.191557976002034,0.000305350964406759,1.01017836548023,0.00708195263133946,0.0067766016669327,0.0067766016669327,0.198334577668966,0.00677660166693245,0.00677660166693245,0.000305350964407008
269,520,13,25,5,1,SEG_LOW,T60,60,0.491094147582697,0.309720930232558,0.503990697674419,0.249601562997367,0.242684524266309,-0.00691703873105876,1.23056795770196,-0.0300756742162456,-0.0231586354851868,0.0231586354851868,0.219525888781121,-0.0231586354851876,0.0231586354851876,0.00691703873105801
270,521,13,26,4,1,SEG_LOW,T60,60,0.491094147582697,0.30936976744186,0.51976976744186,0.193619365735411,0.190160266136774,-0.00345909959863638,1.11530331995455,-0.0340517365689963,-0.0305926369703599,0.0305926369703599,0.159567629166415,-0.0305926369703593,0.0305926369703593,0.00345909959863699
271,522,13,27,3,1,SEG_LOW,T60,60,0.491094147582697,0.309018604651163,0.535548837209302,0.140936016066641,0.140731090569001,-0.000204925497639896,1.00683084992133,-0.0320985947591702,-0.0318936692615303,0.0318936692615303,0.108837421307471,-0.0318936692615302,0.0318936692615302,0.000204925497640007
272,523,13,28,2,1,SEG_LOW,T60,60,0.491094147582697,0.308667441860465,0.551327906976744,0.0912682737686809,0.0941312526783567,0.00286297890967584,1.09543263032253,-0.0251630085230768,-0.0280259874327526,0.0280259874327526,0.0661052652456041,-0.0280259874327526,0.0280259874327526,0.00286297890967581
273,524,13,29,1,1,SEG_LOW,T60,60,0.491094147582697,0.308316279069767,0.567106976744186,0.0443644218936896,0.0501245837077974,0.00576016181410782,1.19200539380359,-0.0140388874194778,-0.0197990492335856,0.0197990492335856,0.0303255344742118,-0.0197990492335856,0.0197990492335856,0.00576016181410779
274,525,13,30,0,1,SEG_LOW,T60,60,0.491094147582697,0.30796511627907,0.582886046511628,0,0.00850048781159669,0.00850048781159669,1.28334959371989,0.000605767810614173,-0.00789472000098252,0.00789472000098252,0.000605767810614173,-0.00789472000098252,0.00789472000098252,0.00850048781159669
275,526,14,0,29,1,SEG_LOW,T60,60,0.491094147582697,0.3313,0.115753488372093,6.69662510128003e-16,0.00336551716108588,0.00336551716108521,1.11218390536951,0.0229640126587618,0.0195984954976766,0.0195984954976766,0.0229640126587625,0.0195984954976766,0.0195984954976766,0.00336551716108521
276,527,14,1,28,1,SEG_LOW,T60,60,0.491094147582697,0.330948837209302,0.131532558139535,0.182180138024491,0.185496014828042,0.00331587680355089,1.11052922678503,0.00795730933426647,0.00464143253071558,0.00464143253071558,0.190137447358757,0.00464143253071547,0.00464143253071547,0.003315876803551
277,551,14,25,4,1,SEG_LOW,T60,60,0.491094147582697,0.322520930232558,0.510230232558139,0.197239376028286,0.19325173856416,-0.00398763746412614,1.1329212488042,-0.0318707098396743,-0.0278830723755482,0.0278830723755482,0.165368666188612,-0.0278830723755483,0.0278830723755483,0.003987637464126
278,552,14,26,3,1,SEG_LOW,T60,60,0.491094147582697,0.32216976744186,0.526009302325581,0.143491986152524,0.142833394361122,-0.000658591791402208,1.02195305971341,-0.0306312487584931,-0.0299726569670908,0.0299726569670908,0.112860737394031,-0.029972656967091,0.029972656967091,0.000658591791402013
279,553,14,27,2,1,SEG_LOW,T60,60,0.491094147582697,0.321818604651163,0.541788372093023,0.0928752792458006,0.0953518225648636,0.00247654331906305,1.08255144396877,-0.024183047439995,-0.026659590759058,0.026659590759058,0.0686922318058056,-0.026659590759058,0.026659590759058,0.00247654331906301
280,554,14,28,1,1,SEG_LOW,T60,60,0.491094147582697,0.321467441860465,0.557567441860465,0.0451234618204805,0.0505576926017983,0.00543423078131784,1.18114102604393,-0.0133677118016742,-0.0188019425829921,0.0188019425829921,0.0317557500188063,-0.018801942582992,0.018801942582992,0.0054342307813178
281,555,14,29,0,1,SEG_LOW,T60,60,0.491094147582697,0.321116279069767,0.573346511627907,0,0.00822912120593236,0.00822912120593236,1.27430404019775,0.00110867740472484,-0.00712044380120752,0.00712044380120752,0.00110867740472484,-0.00712044380120752,0.00712044380120752,0.00822912120593236
282,556,15,0,28,1,SEG_LOW,T60,60,0.491094147582697,0.3441,0.121993023255814,0,0.00645494097545697,0.00645494097545697,1.2151646991819,0.0241747218865477,0.0177197809110907,0.0177197809110907,0.0241747218865477,0.0177197809110907,0.0177197809110907,0.00645494097545697
283,557,15,1,27,1,SEG_LOW,T60,60,0.491094147582697,0.343748837209302,0.137772093023256,0.173929415389879,0.179983131734798,0.00605371634491927,1.20179054483064,0.00890277850411981,0.00284906215920054,0.00284906215920054,0.182832193893999,0.0028490621592008,0.0028490621592008,0.006053716344919
284,580,15,24,4,1,SEG_LOW,T60,60,0.491094147582697,0.335672093023256,0.500690697674419,0.200997328626177,0.196461013096519,-0.00453631552965844,1.15121051765528,-0.0296015907679376,-0.0250652752382792,0.0250652752382792,0.171395737858239,-0.0250652752382796,0.0250652752382796,0.004536315529658
285,581,15,25,3,1,SEG_LOW,T60,60,0.491094147582697,0.335320930232558,0.51646976744186,0.146142377121615,0.145013360009271,-0.00112901711234378,1.03763390374479,-0.0291144897882884,-0.0279854726759446,0.0279854726759446,0.117027887333327,-0.0279854726759444,0.0279854726759444,0.00112901711234401
286,582,15,26,2,1,SEG_LOW,T60,60,0.491094147582697,0.33496976744186,0.532248837209302,0.0945398896766024,0.096616145178277,0.00207625550167462,1.06920851672249,-0.0231775834210172,-0.0252538389226918,0.0252538389226918,0.0713623062555852,-0.0252538389226918,0.0252538389226918,0.0020762555016746
287,583,15,27,1,1,SEG_LOW,T60,60,0.491094147582697,0.334618604651163,0.548027906976744,0.0459089269995905,0.0510058797695524,0.00509695276996196,1.1698984256654,-0.0126840040773335,-0.0177809568472955,0.0177809568472955,0.033224922922257,-0.0177809568472954,0.0177809568472954,0.00509695276996189
288,584,15,28,0,1,SEG_LOW,T60,60,0.491094147582697,0.334267441860465,0.563806976744186,-1.37486364618896e-16,0.00794857163053634,0.00794857163053648,1.26495238768455,0.00161918694274738,-0.0063293846877891,0.0063293846877891,0.00161918694274724,-0.0063293846877891,0.0063293846877891,0.00794857163053648
289,585,16,0,27,1,SEG_LOW,T60,60,0.491094147582697,0.3569,0.128232558139535,6.04493684786203e-16,0.0092437146594705,0.0092437146594699,1.30812382198233,0.0252891859196806,0.0160454712602107,0.0160454712602107,0.0252891859196812,0.0160454712602107,0.0160454712602107,0.0092437146594699
290,586,16,1,26,1,SEG_LOW,T60,60,0.491094147582697,0.356548837209302,0.144011627906977,0.166393644352477,0.174947957655334,0.00855431330285666,1.28514377676189,0.00988040250993944,0.00132608920708278,0.00132608920708278,0.176274046862416,0.00132608920708244,0.00132608920708244,0.008554313302857
291,608,16,23,4,1,SEG_LOW,T60,60,0.491094147582697,0.348823255813954,0.491151162790698,0.204901261209925,0.199794953876958,-0.00510630733296677,1.17021024443223,-0.027238175553755,-0.0221318682207883,0.0221318682207883,0.17766308565617,-0.0221318682207881,0.0221318682207881,0.00510630733296699
292,609,16,24,3,1,SEG_LOW,T60,60,0.491094147582697,0.348472093023256,0.50693023255814,0.148892519478496,0.147275371891834,-0.00161714758666209,1.0539049195554,-0.0275452278703674,-0.0259280802837053,0.0259280802837053,0.121347291608129,-0.0259280802837054,0.0259280802837054,0.00161714758666198
293,610,16,25,2,1,SEG_LOW,T60,60,0.491094147582697,0.348120930232558,0.522709302325581,0.0962652589620936,0.097926616003024,0.00166135704093044,1.05537856803101,-0.0221453572300773,-0.0238067142710077,0.0238067142710077,0.0741199017320164,-0.0238067142710077,0.0238067142710077,0.0016613570409304
294,611,16,26,1,1,SEG_LOW,T60,60,0.491094147582697,0.347769767441861,0.538488372093023,0.0467222218324659,0.0514699465638417,0.00474772473137584,1.15825749104586,-0.011987441814819,-0.0167351665461949,0.0167351665461949,0.0347347800176469,-0.0167351665461948,0.0167351665461948,0.0047477247313758
295,612,16,27,0,1,SEG_LOW,T60,60,0.491094147582697,0.347418604651163,0.554267441860465,0,0.0076583649392466,0.0076583649392466,1.25527883130822,0.00213729642468169,-0.00552106851456491,0.00552106851456491,0.00213729642468169,-0.00552106851456491,0.00552106851456491,0.0076583649392466
296,613,17,0,26,1,SEG_LOW,T60,60,0.491094147582697,0.3697,0.134472093023256,0,0.011773688910933,0.011773688910933,1.3924562970311,0.0263074047581612,0.0145337158472282,0.0145337158472282,0.0263074047581612,0.0145337158472282,0.0145337158472282,0.011773688910933
297,614,17,1,25,1,SEG_LOW,T60,60,0.491094147582697,0.369348837209302,0.150251162790698,0.159483754744415,0.170330978599867,0.0108472238554522,1.36157412851507,0.0108611294793931,1.39056239409335e-05,1.39056239409335e-05,0.170344884223808,1.39056239411295e-05,1.39056239411295e-05,0.010847223855452
298,635,17,22,4,1,SEG_LOW,T60,60,0.491094147582697,0.361974418604651,0.481611627906977,0.208959848286663,0.203260968895362,-0.00569887939130179,1.18996264637673,-0.0247736465685059,-0.0190747671772041,0.0190747671772041,0.184186201718157,-0.0190747671772049,0.0190747671772049,0.00569887939130101
299,636,17,23,3,1,SEG_LOW,T60,60,0.491094147582697,0.361623255813953,0.497390697674419,0.151748152666111,0.149624150741941,-0.00212400192416978,1.07080006413899,-0.0259200789407198,-0.02379607701655,0.02379607701655,0.125828073725391,-0.0237960770165498,0.0237960770165498,0.00212400192417
300,637,17,24,2,1,SEG_LOW,T60,60,0.491094147582697,0.361272093023256,0.51316976744186,0.0980547755202049,0.099285808646319,0.00123103312611408,1.04103443753714,-0.0210849948628354,-0.0223160279889495,0.0223160279889495,0.0769697806573695,-0.0223160279889495,0.0223160279889495,0.0012310331261141
301,638,17,25,1,1,SEG_LOW,T60,60,0.491094147582697,0.360920930232558,0.528948837209302,0.0475648520334648,0.051950752146691,0.0043859001132262,1.14619667044087,-0.0112776748935083,-0.0156635750067345,0.0156635750067345,0.0362871771399566,-0.0156635750067345,0.0156635750067345,0.0043859001132262
302,639,17,26,0,1,SEG_LOW,T60,60,0.491094147582697,0.36056976744186,0.544727906976744,0,0.00735799377200639,0.00735799377200639,1.24526645906688,0.00266300585052791,-0.00469498792147848,0.00469498792147848,0.00266300585052791,-0.00469498792147848,0.00469498792147848,0.00735799377200639
303,640,18,0,25,1,SEG_LOW,T60,60,0.491094147582697,0.3825,0.140711627906977,5.5088390868858e-16,0.0140792913342575,0.0140792913342569,1.4693097111419,0.027229378401989,0.0131500870677321,0.0131500870677321,0.0272293784019895,0.013150087067732,0.013150087067732,0.0140792913342569
304,641,18,1,24,1,SEG_LOW,T60,60,0.491094147582697,0.382148837209302,0.156490697674419,0.153124881879109,0.166082172251176,0.0129572903720668,1.43190967906889,0.0118225400783518,-0.00113475029371502,0.00113475029371502,0.164947421957461,-0.00113475029371521,0.00113475029371521,0.012957290372067
305,661,18,21,4,1,SEG_LOW,T60,60,0.491094147582697,0.375125581395349,0.472072093023256,0.213182465534088,0.206867064938101,-0.00631540059598643,1.21051335319955,-0.0222004977275125,-0.0158850971315261,0.0158850971315261,0.190981967806575,-0.0158850971315255,0.0158850971315255,0.00631540059598701
306,662,18,22,3,1,SEG_LOW,T60,60,0.491094147582697,0.374774418604651,0.487851162790698,0.154715465048063,0.152064786533197,-0.00265067851486625,1.08835595049554,-0.0242353304112449,-0.0215846518963787,0.0215846518963787,0.130480134636818,-0.0215846518963789,0.0215846518963789,0.002650678514866
307,663,18,23,2,1,SEG_LOW,T60,60,0.491094147582697,0.374423255813954,0.50363023255814,0.0999120844963542,0.100696491707767,0.00078440721141261,1.02614690704709,-0.0199949946377371,-0.0207794018491497,0.0207794018491497,0.0799170898586171,-0.0207794018491499,0.0207794018491499,0.000784407211412791
308,664,18,24,1,1,SEG_LOW,T60,60,0.491094147582697,0.374072093023256,0.519409302325581,0.0484384339334821,0.0524492187980244,0.00401078486454227,1.13369282881808,-0.0105543225469166,-0.0145651074114589,0.0145651074114589,0.0378841113865655,-0.014565107411459,0.014565107411459,0.0040107848645423
309,665,18,25,0,1,SEG_LOW,T60,60,0.491094147582697,0.373720930232558,0.535188372093023,0,0.00704691459473657,0.00704691459473657,1.23489715315789,0.00319631522028597,-0.0038505993744506,0.0038505993744506,0.00319631522028597,-0.0038505993744506,0.0038505993744506,0.00704691459473657
310,666,19,0,24,1,SEG_LOW,T60,60,0.491094147582697,0.3953,0.146951162790698,5.27493420992755e-16,0.016189102360288,0.0161891023602875,1.53963674534292,0.0280551068511642,0.0118660044908767,0.0118660044908767,0.0280551068511648,0.0118660044908768,0.0118660044908768,0.0161891023602875
311,667,19,1,23,1,SEG_LOW,T60,60,0.491094147582697,0.394948837209302,0.16273023255814,0.147253643160705,0.162159188277469,0.0149055451167632,1.49685150389211,0.0127472073885892,-0.00215833772817405,0.00215833772817405,0.160000850549294,-0.00215833772817486,0.00215833772817486,0.014905545116764
312,686,19,20,4,1,SEG_LOW,T60,60,0.491094147582697,0.388276744186047,0.462532558139535,0.217579262107155,0.210621909337636,-0.00695735276951928,1.23191175898398,-0.0195104490353755,-0.0125530962658562,0.0125530962658562,0.198068813071779,-0.0125530962658565,0.0125530962658565,0.006957352769519
313,687,19,21,3,1,SEG_LOW,T60,60,0.491094147582697,0.387925581395349,0.478311627906977,0.157801138675392,0.154602775300674,-0.00319836337471752,1.10661211249058,-0.022486901916531,-0.0192885385418135,0.0192885385418135,0.135314236758861,-0.019288538541813,0.019288538541813,0.00319836337471799
314,688,19,22,2,1,SEG_LOW,T60,60,0.491094147582697,0.387574418604651,0.494090697674419,0.101841112546962,0.102161647603202,0.000320535056240079,1.01068450187467,-0.0188737125508307,-0.0191942476070708,0.0191942476070708,0.0829673999961313,-0.0191942476070707,0.0191942476070707,0.000320535056239996
315,689,19,23,1,1,SEG_LOW,T60,60,0.491094147582697,0.387223255813954,0.50986976744186,0.0493447048279886,0.0529663378202668,0.00362163299227827,1.12072109974261,-0.00981697002652324,-0.0134386030188015,0.0134386030188015,0.0395277348014654,-0.0134386030188014,0.0134386030188014,0.0036216329922782
316,690,19,24,0,1,SEG_LOW,T60,60,0.491094147582697,0.386872093023256,0.525648837209302,-1.47466837348797e-16,0.00672454441688605,0.0067245444168862,1.22415148056287,0.00373722453395594,-0.00298731988293025,0.00298731988293025,0.0037372245339558,-0.00298731988293025,0.00298731988293025,0.0067245444168862
317,691,20,0,23,1,SEG_LOW,T60,60,0.491094147582697,0.4081,0.153190697674419,5.06008346173051e-16,0.0181270460380419,0.0181270460380414,1.60423486793471,0.0287845901056869,0.0106575440676455,0.0106575440676455,0.0287845901056874,0.0106575440676455,0.0106575440676455,0.0181270460380414
318,692,20,1,22,1,SEG_LOW,T60,60,0.491094147582697,0.407748837209302,0.16896976744186,0.14181601809223,0.158525931818011,0.0167099137257809,1.5569971241927,0.0136214988193467,-0.00308841490643425,0.00308841490643425,0.155437516911577,-0.00308841490643436,0.00308841490643436,0.016709913725781
319,710,20,19,4,1,SEG_LOW,T60,60,0.491094147582697,0.401427906976744,0.452993023255814,0.222161242080991,0.214534899524383,-0.00762634255660763,1.25421141855359,-0.0166943484683869,-0.00906800591177922,0.00906800591177922,0.205466893612604,-0.00906800591177886,0.00906800591177886,0.00762634255660799
320,711,20,20,3,1,SEG_LOW,T60,60,0.491094147582697,0.401076744186046,0.468772093023256,0.16101239951939,0.157244060457771,-0.00376833906161861,1.12561130205395,-0.0206703004589383,-0.0169019613973197,0.0169019613973197,0.140342099060452,-0.0169019613973193,0.0169019613973193,0.003768339061619
321,712,20,21,2,1,SEG_LOW,T60,60,0.491094147582697,0.400725581395349,0.484551162790698,0.103846095550498,0.103684493612078,-0.000161601938419756,1.00538673128066,-0.0177193456212292,-0.0175577436828095,0.0175577436828095,0.0861267499292687,-0.0175577436828093,0.0175577436828093,0.000161601938419992
322,713,20,22,1,1,SEG_LOW,T60,60,0.491094147582697,0.400374418604651,0.50033023255814,0.0502855345088708,0.0535031761184218,0.00321764160955101,1.10725472031837,-0.0090651648292305,-0.0122828064387815,0.0122828064387815,0.0412203696796403,-0.0122828064387815,0.0122828064387815,0.003217641609551
323,714,20,23,0,1,SEG_LOW,T60,60,0.491094147582697,0.400023255813953,0.516109302325581,0,0.00639025714495008,0.00639025714495008,1.21300857149834,0.00428573379153769,-0.00210452335341239,0.00210452335341239,0.00428573379153769,-0.00210452335341239,0.00210452335341239,0.00639025714495008
324,715,21,0,22,1,SEG_LOW,T60,60,0.491094147582697,0.4209,0.15943023255814,0,0.0199133012062078,0.0199133012062078,1.66377670687359,0.0294178281655571,0.00950452695934929,0.00950452695934929,0.0294178281655571,0.00950452695934929,0.00950452695934929,0.0199133012062078
325,716,21,1,21,1,SEG_LOW,T60,60,0.491094147582697,0.420548837209302,0.175209302325581,0.136765681265293,0.15515144963731,0.0183857683720171,1.6128589457339,0.0144346909542271,-0.00395107741779001,0.00395107741779001,0.15120037221952,-0.00395107741778991,0.00395107741778991,0.018385768372017
326,733,21,18,4,1,SEG_LOW,T60,60,0.491094147582697,0.414579069767442,0.443453488372093,0.226940356405748,0.218616241555755,-0.00832411484999299,1.27747049499977,-0.0137420590002525,-0.00541794415025948,0.00541794415025948,0.213198297405496,-0.00541794415025945,0.00541794415025945,0.00832411484999301
327,734,21,19,3,1,SEG_LOW,T60,60,0.491094147582697,0.414227906976744,0.459232558139535,0.164357073965273,0.159995079262657,-0.00436199470261628,1.14539982342054,-0.0187805690173843,-0.014418574314768,0.014418574314768,0.145576504947889,-0.0144185743147683,0.0144185743147683,0.004361994702616
328,735,21,20,2,1,SEG_LOW,T60,60,0.491094147582697,0.413876744186047,0.475011627906977,0.105931609657609,0.105268505460991,-0.000663104196618539,1.02210347322062,-0.0165299129046711,-0.0158668087080526,0.0158668087080526,0.0894016967529379,-0.0158668087080531,0.0158668087080531,0.000663104196618011
329,736,21,21,1,1,SEG_LOW,T60,60,0.491094147582697,0.413525581395349,0.490790697674419,0.0512629381411464,0.0540608835475385,0.00279794540639219,1.09326484687974,-0.00829841242149968,-0.0110963578278919,0.0110963578278919,0.0429645257196467,-0.0110963578278918,0.0110963578278918,0.0027979454063921
330,737,21,22,0,1,SEG_LOW,T60,60,0.491094147582697,0.413174418604651,0.50656976744186,0,0.00604337952397729,0.00604337952397729,1.20144598413258,0.0048418429930313,-0.00120153653094599,0.00120153653094599,0.0048418429930313,-0.00120153653094599,0.00120153653094599,0.00604337952397729
331,738,22,0,21,1,SEG_LOW,T60,60,0.491094147582697,0.4337,0.16566976744186,4.67893284189775e-16,0.0215650067627567,0.0215650067627562,1.71883355875854,0.0299548210307745,0.00838981426801833,0.00838981426801833,0.029954821030775,0.0083898142680183,0.0083898142680183,0.0215650067627562
332,739,22,1,20,1,SEG_LOW,T60,60,0.491094147582697,0.433348837209302,0.181448837209302,0.132062679293634,0.15200904609216,0.0199463667985264,1.66487889328421,0.0151783087720759,-0.00476805802645048,0.00476805802645048,0.14724098806571,-0.00476805802645008,0.00476805802645008,0.019946366798526
333,740,22,2,19,1,SEG_LOW,T60,60,0.491094147582697,0.432997674418605,0.197227906976744,0.242994208719157,0.261580931689604,0.0185867229704467,1.61955743234822,0.0261734006511529,0.00758667768070618,0.00758667768070618,0.26916760937031,0.00758667768070587,0.00758667768070587,0.018586722970447
334,755,22,17,4,1,SEG_LOW,T60,60,0.491094147582697,0.42773023255814,0.433913953488372,0.231929606991152,0.222877039003886,-0.00905256798726559,1.30175226624219,-0.0106423281399361,-0.00158976015267049,0.00158976015267049,0.221287278851216,-0.00158976015267007,0.00158976015267007,0.009052567987266
335,756,22,18,3,1,SEG_LOW,T60,60,0.491094147582697,0.427379069767442,0.449693023255814,0.167843652496393,0.162862815198998,-0.0049808372973949,1.16602790991316,-0.0168122275058165,-0.0118313902084216,0.0118313902084216,0.151031424990577,-0.0118313902084215,0.0118313902084215,0.00498083729739499
336,757,22,19,2,1,SEG_LOW,T60,60,0.491094147582697,0.427027906976744,0.465472093023256,0.108102606159363,0.106917443807176,-0.00118516235218713,1.03950541173957,-0.0153032337930571,-0.01411807144087,0.01411807144087,0.0927993723663059,-0.0141180714408701,0.0141180714408701,0.00118516235218701
337,758,22,20,1,1,SEG_LOW,T60,60,0.491094147582697,0.426676744186047,0.481251162790698,0.0522790906711548,0.0546407011340374,0.00236161046288257,1.07872034876275,-0.00751617138135494,-0.00987778184423751,0.00987778184423751,0.0447629192897999,-0.00987778184423754,0.00987778184423754,0.0023616104628826
338,759,22,21,0,1,SEG_LOW,T60,60,0.491094147582697,0.426325581395349,0.497030232558139,1.55957860310361e-16,0.0056831866117045,0.00568318661170434,1.18943955372348,0.00540555213843674,-0.000277634473267599,0.000277634473267599,0.0054055521384369,-0.000277634473267604,0.000277634473267604,0.00568318661170434
339,760,23,0,20,1,SEG_LOW,T60,60,0.491094147582697,0.4465,0.171909302325581,4.50910861312905e-16,0.0230968133458549,0.0230968133458544,1.76989377819515,0.0303955687013394,0.00729875535548496,0.00729875535548496,0.0303955687013398,0.00729875535548491,0.00729875535548491,0.0230968133458545
340,761,23,1,19,1,SEG_LOW,T60,60,0.491094147582697,0.446148837209302,0.187688372093023,0.127672371651763,0.14907557543209,0.0214032037803278,1.71344012601093,0.0158456276363624,-0.00555757614396543,0.00555757614396543,0.143517999288125,-0.0055575761439646,0.0055575761439646,0.021403203780327
341,762,23,2,18,1,SEG_LOW,T60,60,0.491094147582697,0.445797674418605,0.203467441860465,0.235542545553878,0.255514821436555,0.0199722758826769,1.66574252942256,0.0255725151664127,0.00560023928373577,0.00560023928373577,0.261115060720291,0.00560023928373565,0.00560023928373565,0.019972275882677
342,776,23,16,4,1,SEG_LOW,T60,60,0.491094147582697,0.440881395348837,0.424374418604651,0.23714316482938,0.227329393832043,-0.00981377099733632,1.32712569991121,-0.00738263681385754,0.00243113418347878,0.00243113418347878,0.229760528015522,0.00243113418347946,0.00243113418347946,0.00981377099733699
343,777,23,17,3,1,SEG_LOW,T60,60,0.491094147582697,0.44053023255814,0.440153488372093,0.171481361659899,0.165854857168234,-0.00562650449166585,1.18755014972219,-0.0147592047487957,-0.00913270025712986,0.00913270025712986,0.156722156911103,-0.00913270025713073,0.00913270025713073,0.00562650449166499
344,778,23,18,2,1,SEG_LOW,T60,60,0.491094147582697,0.440179069767442,0.455932558139535,0.110364450732794,0.108635384046706,-0.00172906668608851,1.05763555620295,-0.0140369031457355,-0.012307836459647,0.012307836459647,0.0963275475870585,-0.0123078364596475,0.0123078364596475,0.00172906668608799
345,779,23,19,1,1,SEG_LOW,T60,60,0.491094147582697,0.439827906976744,0.471711627906977,0.053336342983038,0.0552439702946146,0.00190762731157663,1.06358757705255,-0.00671784786522267,-0.0086254751767993,0.0086254751767993,0.0466184951178153,-0.00862547517679927,0.00862547517679927,0.0019076273115766
346,780,23,20,0,1,SEG_LOW,T60,60,0.491094147582697,0.439476744186046,0.487490697674419,0,0.00530889672130338,0.00530889672130338,1.17696322404345,0.00597686122775409,0.000667964506450708,0.000667964506450708,0.00597686122775409,0.000667964506450708,0.000667964506450708,0.00530889672130338
347,781,24,0,19,1,SEG_LOW,T60,60,0.491094147582697,0.4593,0.178148837209302,0,0.0245213190814132,0.0245213190814132,1.81737730271377,0.0307400711772517,0.00621875209583854,0.00621875209583854,0.0307400711772517,0.00621875209583854,0.00621875209583854,0.0245213190814132
348,782,24,1,18,1,SEG_LOW,T60,60,0.491094147582697,0.458948837209302,0.193927906976744,0.12356457598157,0.146330870719111,0.0227662947375412,1.75887649125137,0.0164312946441867,-0.00633500009335453,0.00633500009335453,0.139995870625757,-0.00633500009335433,0.00633500009335433,0.022766294737541
349,783,24,2,17,1,SEG_LOW,T60,60,0.491094147582697,0.458597674418605,0.209706976744186,0.228534309812743,0.249809688268007,0.0212753784552639,1.70917928184213,0.0250251232283728,0.00374974477310887,0.00374974477310887,0.253559433041116,0.00374974477310877,0.00374974477310877,0.021275378455264
350,796,24,15,4,1,SEG_LOW,T60,60,0.491094147582697,0.454032558139535,0.41483488372093,0.242596504416047,0.231986521189535,-0.0106099832265119,1.3536661075504,-0.00394902376362604,0.00666095946288586,0.00666095946288586,0.238647480652421,0.00666095946288595,0.00666095946288595,0.010609983226512
351,797,24,16,3,1,SEG_LOW,T60,60,0.491094147582697,0.453681395348837,0.430613953488372,0.175280245598078,0.168979466549685,-0.00630077904839307,1.21002596827977,-0.0126147598743044,-0.00631398082591129,0.00631398082591129,0.162665485723774,-0.00631398082591134,0.00631398082591134,0.00630077904839302
352,798,24,17,2,1,SEG_LOW,T60,60,0.491094147582697,0.45333023255814,0.446393023255814,0.112722967718587,0.110426749944744,-0.00229621777384291,1.07654059246143,-0.0127282627107576,-0.0104320449369147,0.0104320449369147,0.0999947050078294,-0.0104320449369146,0.0104320449369146,0.00229621777384301
353,799,24,18,1,1,SEG_LOW,T60,60,0.491094147582697,0.452979069767442,0.462172093023256,0.0544372400560924,0.0558721431968432,0.00143490314075072,1.04783010469169,-0.00590278928941293,-0.00733769243016365,0.00733769243016365,0.0485344507666795,-0.00733769243016373,0.00733769243016373,0.0014349031407508
354,800,24,19,0,1,SEG_LOW,T60,60,0.491094147582697,0.452627906976744,0.477951162790698,0,0.00491966575849072,0.00491966575849072,1.16398885861636,0.00655577026098326,0.00163610450249254,0.00163610450249254,0.00655577026098326,0.00163610450249254,0.00163610450249254,0.00491966575849072
355,801,25,0,18,1,SEG_LOW,T60,60,0.491094147582697,0.4721,0.184388372093023,4.20394034067517e-16,0.0258494168588329,0.0258494168588325,1.86164722862775,0.0309883284585113,0.00513891159967878,0.00513891159967878,0.0309883284585117,0.0051389115996788,0.0051389115996788,0.0258494168588325
356,802,25,1,17,1,SEG_LOW,T60,60,0.491094147582697,0.471748837209302,0.200167441860465,0.11971287325178,0.143757279556297,0.0240444063045173,1.80148021015058,0.016931038381793,-0.00711336792272427,0.00711336792272427,0.136643911633573,-0.00711336792272396,0.00711336792272396,0.024044406304517
357,803,25,2,16,1,SEG_LOW,T60,60,0.491094147582697,0.471397674418605,0.215946511627907,0.221931064465299,0.244434242086789,0.0225031776214898,1.75010592071633,0.0245104052765923,0.00200722765510251,0.00200722765510251,0.246441469741891,0.00200722765510233,0.00200722765510233,0.02250317762149
358,815,25,14,4,1,SEG_LOW,T60,60,0.491094147582697,0.467183720930233,0.405295348837209,0.248306557154587,0.236862880418363,-0.0114436767362246,1.38145589120749,-0.000325880812421572,0.011117795923803,0.011117795923803,0.247980676342165,0.0111177959238024,0.0111177959238024,0.011443676736224
359,816,25,15,3,1,SEG_LOW,T60,60,0.491094147582697,0.466832558139535,0.421074418604651,0.17925125866235,0.17224565337624,-0.00700560528611022,1.23352017620367,-0.0103713911955775,-0.00336578590946724,0.00336578590946724,0.168879867466773,-0.00336578590946746,0.00336578590946746,0.00700560528610999
360,817,25,16,2,1,SEG_LOW,T60,60,0.491094147582697,0.466481395348837,0.436853488372093,0.115184490200083,0.112296351672088,-0.00288813852799551,1.09627128426652,-0.0113743681875624,-0.00848622965956685,0.00848622965956685,0.103810122012521,-0.00848622965956736,0.00848622965956736,0.00288813852799501
361,818,25,17,1,1,SEG_LOW,T60,60,0.491094147582697,0.46613023255814,0.452632558139535,0.055584541418202,0.0565267944299212,0.000942253011719164,1.03140843372397,-0.00507027709530548,-0.00601253010702465,0.00601253010702465,0.0505142643228965,-0.00601253010702468,0.00601253010702468,0.000942253011719199
362,819,25,18,0,1,SEG_LOW,T60,60,0.491094147582697,0.465779069767442,0.468411627906977,0,0.00451458086667106,0.00451458086667106,1.15048602888904,0.0071422792381243,0.00262769837145324,0.00262769837145324,0.0071422792381243,0.00262769837145324,0.00262769837145324,0.00451458086667106
363,820,26,0,17,1,SEG_LOW,T60,60,0.491094147582697,0.4849,0.190627906976744,4.06633912152144e-16,0.0270905734056349,0.0270905734056345,1.90301911352115,0.0311403405451183,0.00404976713948382,0.00404976713948382,0.0311403405451187,0.00404976713948382,0.00404976713948382,0.0270905734056345
364,821,26,1,16,1,SEG_LOW,T60,60,0.491094147582697,0.484548837209302,0.206406976744186,0.116094038944591,0.141339284023923,0.0252452450793325,1.84150816931108,0.0173414447702079,-0.00790380030912459,0.00790380030912459,0.133435483714799,-0.0079038003091241,0.0079038003091241,0.025245245079332
365,822,26,2,15,1,SEG_LOW,T60,60,0.491094147582697,0.484197674418605,0.222186046511628,0.215698690109423,0.239360707609657,0.0236620175002341,1.78873391667447,0.0240107363404926,0.000348718840258451,0.000348718840258451,0.239709426449916,0.000348718840258555,0.000348718840258555,0.023662017500234
366,834,26,14,3,1,SEG_LOW,T60,60,0.491094147582697,0.479983720930233,0.41153488372093,0.183406370908242,0.175663263104723,-0.00774310780351867,1.25810359345062,-0.00802073024876853,-0.000277622445249864,0.000277622445249864,0.175385640659473,-0.000277622445249537,0.000277622445249537,0.007743107803519
367,835,26,15,2,1,SEG_LOW,T60,60,0.491094147582697,0.479632558139535,0.427313953488372,0.117755916790198,0.114249428936568,-0.00350648785363079,1.11688292845436,-0.00997195115185739,-0.0064654632982266,0.0064654632982266,0.107783965638341,-0.00646546329822739,0.00646546329822739,0.00350648785363
368,836,26,16,1,1,SEG_LOW,T60,60,0.491094147582697,0.479281395348837,0.443093023255814,0.0567812442413661,0.0572096341830024,0.000428389941636333,1.01427966472121,-0.00421951844208568,-0.00464790838372201,0.00464790838372201,0.0525617257992804,-0.00464790838372198,0.00464790838372198,0.000428389941636298
369,837,26,17,0,1,SEG_LOW,T60,60,0.491094147582697,0.47893023255814,0.458872093023256,1.68926750521305e-16,0.0040926532794024,0.00409265327940224,1.13642177598007,0.00773638815917711,0.00364373487977487,0.00364373487977487,0.00773638815917728,0.00364373487977488,0.00364373487977488,0.00409265327940223
370,838,27,0,16,1,SEG_LOW,T60,60,0.491094147582697,0.4977,0.196867441860465,0,0.0282530552919997,0.0282530552919997,1.94176850973332,0.0311961074370729,0.00294305214507315,0.00294305214507315,0.0311961074370729,0.00294305214507315,0.00294305214507315,0.0282530552919997
371,839,27,1,15,1,SEG_LOW,T60,60,0.491094147582697,0.497348837209302,0.212646511627907,0.112687574384032,0.139063187527253,0.0263756131432203,1.87918710477401,0.0176597827454711,-0.00871583039774925,0.00871583039774925,0.130347357129503,-0.00871583039774995,0.00871583039774995,0.026375613143221
372,840,27,2,14,1,SEG_LOW,T60,60,0.491094147582697,0.496997674418605,0.228425581395349,0.209806795282717,0.234564344324652,0.0247575490419353,1.82525163473118,0.0235111360247384,-0.00124641301719694,0.00124641301719694,0.233317931307455,-0.00124641301719663,0.00124641301719663,0.024757549041935
373,851,27,13,3,1,SEG_LOW,T60,60,0.491094147582697,0.49313488372093,0.401995348837209,0.187758688611013,0.179243075740867,-0.00851561287014613,1.2838537623382,-0.00555341815140521,0.00296219471874092,0.00296219471874092,0.182205270459608,0.00296219471874079,0.00296219471874079,0.00851561287014599
374,852,27,14,2,1,SEG_LOW,T60,60,0.491094147582697,0.492783720930233,0.417774418604651,0.120444776198432,0.116291700023672,-0.00415307617475989,1.138435872492,-0.00851737490278814,-0.00436429872802825,0.00436429872802825,0.111927401295644,-0.00436429872802815,0.00436429872802815,0.00415307617475999
375,853,27,15,1,1,SEG_LOW,T60,60,0.491094147582697,0.492432558139535,0.433553488372093,0.0580306094862761,0.0579225231633144,-0.000108086322961644,1.00360287743205,-0.00334963664014969,-0.00324155031718805,0.00324155031718805,0.0546809728461264,-0.00324155031718799,0.00324155031718799,0.000108086322961699
376,854,27,16,0,1,SEG_LOW,T60,60,0.491094147582697,0.492081395348837,0.449332558139535,0,0.00365281026239557,0.00365281026239557,1.12176034207985,0.00833809702414191,0.00468528676174634,0.00468528676174634,0.00833809702414191,0.00468528676174634,0.00468528676174634,0.00365281026239557
377,855,28,0,15,1,SEG_LOW,T60,60,0.491094147582697,0.5105,0.203106976744186,3.81649969990739e-16,0.0293441132775406,0.0293441132775403,1.97813710925134,0.0311556291343746,0.00181151585683429,0.00181151585683429,0.031155629134375,0.00181151585683438,0.00181151585683438,0.0293441132775402
378,856,28,1,14,1,SEG_LOW,T60,60,0.491094147582697,0.510148837209302,0.218886046511628,0.10947531822364,0.136916855204371,0.0274415369807316,1.91471789935772,0.0178838678188921,-0.00955766916183947,0.00955766916183947,0.127359186042532,-0.00955766916183887,0.00955766916183887,0.027441536980731
379,857,28,2,13,1,SEG_LOW,T60,60,0.491094147582697,0.509797674418605,0.23466511627907,0.204228220849646,0.230023043031872,0.0257948221822261,1.8598274060742,0.0229988238988933,-0.00279599828333279,0.00279599828333279,0.227227044748539,-0.00279599828333266,0.00279599828333266,0.025794822182226
380,867,28,12,3,1,SEG_LOW,T60,60,0.491094147582697,0.506286046511628,0.392455813953488,0.192322592357738,0.182996919421044,-0.00932567293669376,1.31085576455646,-0.00295896082174858,0.00636671211494518,0.00636671211494518,0.189363631535989,0.00636671211494541,0.00636671211494541,0.00932567293669398
381,868,28,13,2,1,SEG_LOW,T60,60,0.491094147582697,0.50593488372093,0.40823488372093,0.123259300850599,0.118429417712988,-0.00482988313761119,1.16099610458704,-0.00700658309406933,-0.00217669995645814,0.00217669995645814,0.11625271775653,-0.00217669995645833,0.00217669995645833,0.004829883137611
382,869,28,14,1,1,SEG_LOW,T60,60,0.491094147582697,0.505583720930233,0.424013953488372,0.0593361915761186,0.0586674895280614,-0.000668702048057197,1.02229006826857,-0.00245966010066161,-0.00179095805260441,0.00179095805260441,0.056876531475457,-0.00179095805260442,0.00179095805260442,0.000668702048057197
383,870,28,15,0,1,SEG_LOW,T60,60,0.491094147582697,0.505232558139535,0.439793023255814,0,0.00319388600679594,0.00319388600679594,1.1064628668932,0.00894740583301853,0.00575351982622259,0.00575351982622259,0.00894740583301853,0.00575351982622259,0.00575351982622259,0.00319388600679594
384,871,29,0,14,1,SEG_LOW,T60,60,0.491094147582697,0.5233,0.209346511627907,0,0.0303701336915645,0.0303701336915645,2.01233778971882,0.0310189056370239,0.000648771945459408,0.000648771945459408,0.0310189056370239,0.000648771945459408,0.000648771945459408,0.0303701336915645
385,872,29,1,13,1,SEG_LOW,T60,60,0.491094147582697,0.522948837209302,0.225125581395349,0.106441122541704,0.134889497502834,0.0284483749611291,1.94827916537097,0.0180119546468362,-0.0104364203142929,0.0104364203142929,0.12445307718854,-0.0104364203142938,0.0104364203142938,0.02844837496113
386,873,29,2,12,1,SEG_LOW,T60,60,0.491094147582697,0.522597674418605,0.240904651162791,0.198938621408202,0.225716985082853,0.0267783636746507,1.89261212248836,0.0224628580627211,-0.00431550561192964,0.00431550561192964,0.221401479470923,-0.00431550561192995,0.00431550561192995,0.026778363674651
387,882,29,11,3,1,SEG_LOW,T60,60,0.491094147582697,0.519437209302326,0.382916279069767,0.197113895780986,0.186937800971861,-0.0101760948091252,1.33920316030417,-0.00022555881732687,0.00995053599179833,0.00995053599179833,0.196888336963659,0.00995053599179815,0.00995053599179815,0.010176094809125
388,883,29,12,2,1,SEG_LOW,T60,60,0.491094147582697,0.519086046511628,0.398695348837209,0.126208511077497,0.120669433222071,-0.00553907785542625,1.18463592851421,-0.00543503976460558,0.000104038090820669,0.000104038090820669,0.120773471312891,0.000104038090820435,0.000104038090820435,0.00553907785542601
389,884,29,13,1,1,SEG_LOW,T60,60,0.491094147582697,0.51873488372093,0.414474418604651,0.0607018721682124,0.0594467481545494,-0.00125512401366303,1.0418374671221,-0.00154850953047791,-0.000293385516814878,0.000293385516814878,0.0591533626377345,-0.00029338551681491,0.00029338551681491,0.001255124013663
390,885,29,14,0,1,SEG_LOW,T60,60,0.491094147582697,0.518383720930233,0.430253488372093,0,0.00271461131098605,0.00271461131098605,1.09048704369954,0.00956431458580698,0.00684970327482093,0.00684970327482093,0.00956431458580698,0.00684970327482093,0.00684970327482093,0.00271461131098605
391,886,30,0,13,1,SEG_LOW,T60,60,0.491094147582697,0.5361,0.215586046511628,0,0.031336763525648,0.031336763525648,2.04455878418827,0.0307859369450205,-0.000550826580627464,0.000550826580627464,0.0307859369450205,-0.000550826580627464,0.000550826580627464,0.031336763525648
392,887,30,1,12,1,SEG_LOW,T60,60,0.491094147582697,0.535748837209302,0.23136511627907,0.103570581347585,0.1329714887758,0.0294009074282146,1.98003024760715,0.0180426519727054,-0.0113582554555092,0.0113582554555092,0.12161323332029,-0.0113582554555096,0.0113582554555096,0.029400907428215
393,888,30,2,11,1,SEG_LOW,T60,60,0.491094147582697,0.535397674418605,0.247144186046512,0.193916110104772,0.221628353238119,0.0277122431333468,1.92374143777823,0.0218938397620259,-0.00581840337132087,0.00581840337132087,0.215809949866798,-0.00581840337132106,0.00581840337132106,0.027712243133347
394,896,30,10,3,1,SEG_LOW,T60,60,0.491094147582697,0.532588372093023,0.373376744186047,0.202150028625756,0.191080056484028,-0.0110699721417281,1.36899907139094,0.00266009343247123,0.0137300655741993,0.0137300655741993,0.204810122058227,0.0137300655741992,0.0137300655741992,0.011069972141728
395,897,30,11,2,1,SEG_LOW,T60,60,0.491094147582697,0.532237209302326,0.389155813953488,0.129302311686089,0.123019269555218,-0.00628304213087026,1.20943473769568,-0.00379765907728956,0.0024853830535807,0.0024853830535807,0.125504652608799,0.00248538305358142,0.00248538305358142,0.006283042130871
396,898,30,12,1,1,SEG_LOW,T60,60,0.491094147582697,0.531886046511628,0.40493488372093,0.0621318986992307,0.0602627226341262,-0.00186917606510451,1.06230586883682,-0.000614983044495688,0.00125419302060882,0.00125419302060882,0.061516915654735,0.00125419302060881,0.00125419302060881,0.0018691760651045
397,899,30,13,0,1,SEG_LOW,T60,60,0.491094147582697,0.53153488372093,0.420713953488372,-1.84248159436126e-16,0.00221360185861908,0.00221360185861926,1.07378672862064,0.0101888232825073,0.00797522142388804,0.00797522142388804,0.0101888232825071,0.00797522142388804,0.00797522142388804,0.00221360185861926
398,900,31,0,12,1,SEG_LOW,T60,60,0.491094147582697,0.5489,0.221825581395349,0,0.032249014414512,0.032249014414512,2.0749671471504,0.0304567230583645,-0.00179229135614749,0.00179229135614749,0.0304567230583645,-0.00179229135614749,0.00179229135614749,0.032249014414512
399,901,31,1,11,1,SEG_LOW,T60,60,0.491094147582697,0.548548837209302,0.237604651162791,0.100850801864805,0.131154214460327,0.0303034125955224,2.01011375318408,0.0179748549356492,-0.0123285576598732,0.0123285576598732,0.118825656800454,-0.0123285576598728,0.0123285576598728,0.030303412595522
400,902,31,2,10,1,SEG_LOW,T60,60,0.491094147582697,0.548197674418605,0.253383720930233,0.189140955927257,0.217741085245239,0.0286001293179814,1.95333764393271,0.0212836707696614,-0.00731645854832001,0.00731645854832001,0.210424626696918,-0.00731645854832061,0.00731645854832061,0.028600129317982
401,909,31,9,3,1,SEG_LOW,T60,60,0.491094147582697,0.545739534883721,0.363837209302326,0.207450248615676,0.195439525573837,-0.0120107230418393,1.40035743472798,0.00571304546848457,0.0177237685103239,0.0177237685103239,0.213163294084161,0.0177237685103236,0.0177237685103236,0.012010723041839
402,910,31,10,2,1,SEG_LOW,T60,60,0.491094147582697,0.545388372093023,0.379616279069767,0.132551603091341,0.125487205911505,-0.00706439717983548,1.23547990599452,-0.00208872269023186,0.00497567448960362,0.00497567448960362,0.130462880401109,0.00497567448960415,0.00497567448960415,0.00706439717983601
403,911,31,11,1,1,SEG_LOW,T60,60,0.491094147582697,0.545037209302326,0.395395348837209,0.0636309285102193,0.0611180704499608,-0.00251285806025857,1.08376193534195,0.00034226120343551,0.00285511926369408,0.00285511926369408,0.0639731897136548,0.00285511926369401,0.00285511926369401,0.0025128580602585
404,912,31,12,0,1,SEG_LOW,T60,60,0.491094147582697,0.544686046511628,0.411174418604651,0,0.0016893448649089,0.0016893448649089,1.05631149549696,0.0108209319231194,0.00913158705821055,0.00913158705821055,0.0108209319231194,0.00913158705821055,0.00913158705821055,0.0016893448649089
405,913,32,0,11,1,SEG_LOW,T60,60,0.491094147582697,0.5617,0.22806511627907,0,0.0331113495482925,0.0331113495482925,2.10371165160975,0.030031263977056,-0.00308008557123652,0.00308008557123652,0.030031263977056,-0.00308008557123652,0.00308008557123652,0.0331113495482925
406,914,32,1,10,1,SEG_LOW,T60,60,0.491094147582697,0.561348837209302,0.243844186046512,0.0982702109288927,0.129429941718265,0.0311597307893726,2.03865769297909,0.0178076909433104,-0.0133520398460622,0.0133520398460622,0.116077901872203,-0.0133520398460619,0.0133520398460619,0.0311597307893723
407,915,32,2,9,1,SEG_LOW,T60,60,0.491094147582697,0.560997674418605,0.259623255813954,0.184595324648008,0.214040662950506,0.0294453383024988,1.98151127674996,0.0206253531571673,-0.00881998514533149,0.00881998514533149,0.205220677805175,-0.00881998514533067,0.00881998514533067,0.029445338302498
408,921,32,8,3,1,SEG_LOW,T60,60,0.491094147582697,0.558890697674419,0.354297674418605,0.213035887546423,0.200033753796766,-0.0130021337496572,1.43340445832191,0.0089503737690078,0.021952507518665,0.021952507518665,0.221986261315431,0.0219525075186648,0.0219525075186648,0.013002133749657
409,922,32,9,2,1,SEG_LOW,T60,60,0.491094147582697,0.558539534883721,0.370076744186047,0.135968409636059,0.128082375147628,-0.0078860344884307,1.26286781628102,-0.000301782200497701,0.007584252287933,0.007584252287933,0.135666627435561,0.0075842522879333,0.0075842522879333,0.007886034488431
410,923,32,10,1,1,SEG_LOW,T60,60,0.491094147582697,0.558188372093023,0.385855813953488,0.0652040795170354,0.0620157118896403,-0.00318836762739504,1.10627892091317,0.00132472535835177,0.00451309298574681,0.00451309298574681,0.0665288048753872,0.00451309298574686,0.00451309298574686,0.0031883676273951
411,924,32,11,0,1,SEG_LOW,T60,60,0.491094147582697,0.557837209302326,0.40163488372093,0,0.00114018381987083,0.00114018381987083,1.03800612732903,0.0114606405076435,0.0103204566877726,0.0103204566877726,0.0114606405076435,0.0103204566877726,0.0103204566877726,0.00114018381987083
412,925,33,0,10,1,SEG_LOW,T60,60,0.491094147582697,0.5745,0.234304651162791,0,0.0339277566979545,0.0339277566979545,2.13092522326515,0.0295095597010948,-0.00441819699685972,0.00441819699685972,0.0295095597010948,-0.00441819699685972,0.00441819699685972,0.0339277566979545
413,926,33,1,9,1,SEG_LOW,T60,60,0.491094147582697,0.574148837209302,0.250083720930233,0.0958183903671994,0.127791709442037,0.0319733190748381,2.0657773024946,0.0175404761995982,-0.0144328428752399,0.0144328428752399,0.113358866566798,-0.0144328428752394,0.0144328428752394,0.0319733190748376
414,927,33,2,8,1,SEG_LOW,T60,60,0.491094147582697,0.573797674418605,0.265862790697674,0.180263056245609,0.210513931106642,0.0302508748610322,2.00836249536774,0.0199128233049397,-0.0103380515560925,0.0103380515560925,0.200175879550549,-0.0103380515560933,0.0103380515560933,0.030250874861033
415,932,33,7,3,1,SEG_LOW,T60,60,0.491094147582697,0.572041860465116,0.344758139534884,0.218930638235922,0.204882228666087,-0.014048409569835,1.4682803189945,0.0123915199164631,0.0264399294862981,0.0264399294862981,0.231322158152385,0.0264399294862981,0.0264399294862981,0.014048409569835
416,933,33,8,2,1,SEG_LOW,T60,60,0.491094147582697,0.571690697674419,0.360537209302326,0.139566028282182,0.1308148767135,-0.00875115156868278,1.29170505228943,0.00157045651278514,0.0103216080814679,0.0103216080814679,0.141136484794967,0.0103216080814671,0.0103216080814671,0.008751151568682
417,934,33,9,1,1,SEG_LOW,T60,60,0.491094147582697,0.571339534883721,0.376316279069767,0.0668569885877014,0.062958863355344,-0.0038981252323574,1.12993750774525,0.00233409576892737,0.00623222100128477,0.00623222100128477,0.0691910843566288,0.00623222100128476,0.00623222100128476,0.0038981252323574
418,935,33,10,0,1,SEG_LOW,T60,60,0.491094147582697,0.570988372093023,0.392095348837209,0,0.000564301004419806,0.000564301004419806,1.01881003348066,0.0121079490360793,0.0115436480316595,0.0115436480316595,0.0121079490360793,0.0115436480316595,0.0115436480316595,0.000564301004419806
419,936,34,0,9,1,SEG_LOW,T60,60,0.491094147582697,0.5873,0.240544186046512,0,0.0347018098753724,0.0347018098753724,2.15672699584575,0.0288916102304809,-0.00581019964489148,0.00581019964489148,0.0288916102304809,-0.00581019964489148,0.00581019964489148,0.0347018098753724
420,937,34,1,8,1,SEG_LOW,T60,60,0.491094147582697,0.586948837209302,0.256323255813953,0.0934859364222785,0.126233234325594,0.0327472979033153,2.09157659677718,0.0171726806475936,-0.0155746172557217,0.0155746172557217,0.110658617069872,-0.0155746172557219,0.0155746172557219,0.0327472979033155
421,938,34,2,7,1,SEG_LOW,T60,60,0.491094147582697,0.586597674418605,0.272102325581395,0.176129472950107,0.207148941109842,0.0310194681597354,2.03398227199118,0.019140813707263,-0.0118786544524724,0.0118786544524724,0.19527028665737,-0.011878654452472,0.011878654452472,0.031019468159735
422,939,34,3,6,1,SEG_LOW,T60,60,0.491094147582697,0.586246511627907,0.287881395348837,0.249713458219886,0.279194504819486,0.0294810465995999,1.98270155332,0.0304684163079252,0.000987369708325279,0.000987369708325279,0.280181874527811,0.000987369708325192,0.000987369708325192,0.0294810465996
423,942,34,6,3,1,SEG_LOW,T60,60,0.491094147582697,0.585193023255814,0.335218604651163,0.225160890470102,0.210006655970666,-0.0151542344994366,1.50514114998122,0.0160586966436576,0.0312129311430942,0.0312129311430942,0.24121958711376,0.0312129311430936,0.0312129311430936,0.015154234499436
424,943,34,7,2,1,SEG_LOW,T60,60,0.491094147582697,0.584841860465116,0.350997674418605,0.143359201549172,0.13369590800425,-0.0096632935449216,1.32210978483072,0.00353627100019918,0.0131995645451208,0.0131995645451208,0.146895472549371,0.0131995645451212,0.0131995645451212,0.00966329354492201
425,944,34,8,1,1,SEG_LOW,T60,60,0.491094147582697,0.584490697674419,0.366776744186046,0.0685958790298105,0.0639510758722201,-0.0046448031575904,1.15482677191968,0.00337227119700982,0.00801707435460022,0.00801707435460022,0.0719681502268203,0.00801707435460022,0.00801707435460022,0.0046448031575904
426,946,35,0,8,1,SEG_LOW,T60,60,0.491094147582697,0.6001,0.246783720930233,3.14104071723769e-16,0.0354367216395391,0.0354367216395388,2.18122405465129,0.0281774155652145,-0.00725930607432427,0.00725930607432427,0.0281774155652148,-0.00725930607432425,0.00725930607432425,0.0354367216395388
427,947,35,1,7,1,SEG_LOW,T60,60,0.491094147582697,0.599748837209302,0.262562790697674,0.0912643392192099,0.124748830328128,0.0334844911089184,2.11614970363061,0.0167038995922713,-0.0167805915166471,0.0167805915166471,0.107968238811481,-0.0167805915166468,0.0167805915166468,0.0334844911089181
428,948,35,2,6,1,SEG_LOW,T60,60,0.491094147582697,0.599397674418605,0.278341860465116,0.172181213106305,0.20393481575434,0.0317536026480353,2.05845342160118,0.0183047374502752,-0.0134488651977601,0.0134488651977601,0.19048595055658,-0.0134488651977598,0.0134488651977598,0.031753602648035
429,949,35,3,5,1,SEG_LOW,T60,60,0.491094147582697,0.599046511627907,0.294120930232558,0.244415991520507,0.274624423941055,0.0302084324205481,2.0069477473516,0.0289275439988574,-0.00128088842169074,0.00128088842169074,0.273343535519364,-0.00128088842169066,0.00128088842169066,0.030208432420548
430,951,35,5,3,1,SEG_LOW,T60,60,0.491094147582697,0.598344186046512,0.325679069767442,0.231756125990221,0.21543128465488,-0.0163248413353409,1.5441613778447,0.01997737781734,0.0363022191526809,0.0363022191526809,0.251733503807561,0.0363022191526809,0.0363022191526809,0.016324841335341
431,952,35,6,2,1,SEG_LOW,T60,60,0.491094147582697,0.597993023255814,0.341458139534884,0.147364319441349,0.13673791773023,-0.0106264017111193,1.35421339037064,0.00560508696404587,0.0162314886751652,0.0162314886751652,0.152969406405395,0.0162314886751649,0.0162314886751649,0.010626401711119
432,953,35,7,1,1,SEG_LOW,T60,60,0.491094147582697,0.597641860465116,0.357237209302326,0.0704276388908905,0.0649962797666479,-0.00543135912424265,1.18104530414142,0.0044413962468339,0.00987275537107655,0.00987275537107655,0.0748690351377244,0.0098727553710765,0.0098727553710765,0.0054313591242426
433,955,36,0,7,1,SEG_LOW,T60,60,0.491094147582697,0.6129,0.253023255813954,0,0.0361353876635721,0.0361353876635721,2.20451292211907,0.0273669757052955,-0.00876841195827656,0.00876841195827656,0.0273669757052955,-0.00876841195827656,0.00876841195827656,0.0361353876635721
434,956,36,1,6,1,SEG_LOW,T60,60,0.491094147582697,0.612548837209302,0.268802325581395,0.0891458790200042,0.123333339354415,0.0341874603344105,2.13958201114702,0.0161338306508223,-0.0180536296835882,0.0180536296835882,0.105279709670827,-0.0180536296835885,0.0180536296835885,0.0341874603344108
435,957,36,2,5,1,SEG_LOW,T60,60,0.491094147582697,0.612197674418605,0.284581395348837,0.168406086892656,0.200861631778732,0.0324555448860756,2.08185149620252,0.0174005912697897,-0.0150549536162859,0.0150549536162859,0.185806678162446,-0.0150549536162863,0.0150549536162863,0.032455544886076
436,958,36,3,4,1,SEG_LOW,T60,60,0.491094147582697,0.611846511627907,0.300360465116279,0.239338618555855,0.270244216114333,0.0309055975584784,2.03018658528261,0.0273675491081008,-0.00353804845037761,0.00353804845037761,0.266706167663956,-0.00353804845037725,0.00353804845037725,0.030905597558478
437,959,36,4,3,1,SEG_LOW,T60,60,0.491094147582697,0.611495348837209,0.316139534883721,0.238749384992809,0.221183290518182,-0.0175660944746272,1.58553648248757,0.0241768928252307,0.0417429872998579,0.0417429872998579,0.26292627781804,0.0417429872998577,0.0417429872998577,0.017566094474627
438,960,36,5,2,1,SEG_LOW,T60,60,0.491094147582697,0.611144186046512,0.331918604651163,0.151599656196287,0.139954785734661,-0.0116448704616257,1.38816234872086,0.00778767623720548,0.0194325466988312,0.0194325466988312,0.159387332433492,0.0194325466988315,0.0194325466988315,0.011644870461626
439,961,36,6,1,1,SEG_LOW,T60,60,0.491094147582697,0.610793023255814,0.347697674418605,0.0723599121484013,0.0660988366993329,-0.00626107544906838,1.20870251496895,0.0055439011544829,0.0118049766035513,0.0118049766035513,0.0779038133028842,0.0118049766035513,0.0118049766035513,0.0062610754490684
440,963,37,0,6,1,SEG_LOW,T60,60,0.491094147582697,0.6257,0.259262790697674,0,0.0311228214318184,0.0311228214318184,2.03742738106061,0.0264602906507241,-0.00466253078109426,0.00466253078109426,0.0264602906507241,-0.00466253078109426,0.00466253078109426,0.0311228214318184
441,964,37,1,5,1,SEG_LOW,T60,60,0.491094147582697,0.625348837209302,0.275041860465116,0.0871235365993099,0.121982071370563,0.0348585347712528,2.16195115904176,0.0154622549710933,-0.0193962798001595,0.0193962798001595,0.102585791570403,-0.0193962798001598,0.0193962798001598,0.0348585347712531
442,965,37,2,4,1,SEG_LOW,T60,60,0.491094147582697,0.624997674418605,0.290820930232558,0.164792950613374,0.197920317532063,0.0331273669186883,2.10424556395628,0.016424873901439,-0.0167024930172493,0.0167024930172493,0.181217824514813,-0.01670249301725,0.01670249301725,0.033127366918689
443,966,37,3,3,1,SEG_LOW,T60,60,0.491094147582697,0.624646511627907,0.3066,0.234467902119127,0.227293231545113,-0.00717467057401372,1.23915568580046,0.0257808275335489,0.0329554981075627,0.0329554981075627,0.260248729652676,0.0329554981075629,0.0329554981075629,0.007174670574014
444,967,37,4,2,1,SEG_LOW,T60,60,0.491094147582697,0.624295348837209,0.322379069767442,0.156085649067002,0.143362034737255,-0.0127236143297471,1.42412047765824,0.0100963959422704,0.0228200102720175,0.0228200102720175,0.166182045009272,0.0228200102720174,0.0228200102720174,0.012723614329747
445,968,37,5,1,1,SEG_LOW,T60,60,0.491094147582697,0.623944186046512,0.338158139534884,0.0744012053346961,0.0672636005056139,-0.00713760482908217,1.23792016096941,0.00668254936761353,0.0138201541966957,0.0138201541966957,0.0810837547023096,0.0138201541966957,0.0138201541966957,0.0071376048290822
446,970,38,0,5,1,SEG_LOW,T60,60,0.491094147582697,0.6385,0.265502325581395,5.83917835066679e-16,0.0109324975915881,0.0109324975915875,1.36441658638625,0.0254573604014998,0.0145248628099123,0.0145248628099123,0.0254573604015003,0.0145248628099122,0.0145248628099122,0.0109324975915875
447,971,38,1,4,1,SEG_LOW,T60,60,0.491094147582697,0.638148837209302,0.281281395348837,0.0851909155486697,0.120690752490077,0.0354998369414073,2.18332789804691,0.0146890218837201,-0.0208108150576872,0.0208108150576872,0.0998799374323898,-0.0208108150576873,0.0208108150576873,0.0354998369414073
448,972,38,2,3,1,SEG_LOW,T60,60,0.491094147582697,0.637797674418605,0.297060465116279,0.161331596832955,0.195102563536597,0.0337709667036419,2.1256988901214,0.0153745170698062,-0.0183964496338357,0.0183964496338357,0.176706113902761,-0.0183964496338358,0.0183964496338358,0.033770966703642
449,973,38,3,2,1,SEG_LOW,T60,60,0.491094147582697,0.637446511627907,0.312839534883721,0.16084522811022,0.1469770808185,-0.0138681472917203,1.46227157639068,0.0125454789473782,0.0264136262390985,0.0264136262390985,0.173390707057598,0.0264136262390982,0.0264136262390982,0.01386814729172
450,974,38,4,1,1,SEG_LOW,T60,60,0.491094147582697,0.637095348837209,0.328618604651163,0.0765610127334117,0.068495988632636,-0.00806502410077573,1.26883413669252,0.00786049471915875,0.0159255188199345,0.0159255188199345,0.0844215074525704,0.0159255188199344,0.0159255188199344,0.0080650241007757
451,976,39,0,4,1,SEG_LOW,T60,60,0.491094147582697,0.6513,0.271741860465116,2.8525517359251e-16,0,-2.8525517359251e-16,1.00000000000001,0.024358184957623,0.0243581849576233,0.0243581849576233,0.0243581849576233,0.0243581849576233,0.0243581849576233,2.8525517359251e-16
452,977,39,1,3,1,SEG_LOW,T60,60,0.491094147582697,0.650948837209302,0.287520930232558,0.0833421746973097,0.119455479819476,0.0361133051221658,2.20377683740553,0.0138140363275528,-0.022299268794613,0.022299268794613,0.0971562110248625,-0.0222992687946135,0.0222992687946135,0.0361133051221663
453,978,39,2,2,1,SEG_LOW,T60,60,0.491094147582697,0.650597674418605,0.3033,0.15801265807171,0.15081953117405,-0.00719312689765919,1.23977089658864,0.0142468269651494,0.0214399538628086,0.0214399538628086,0.172259485036859,0.0214399538628094,0.0214399538628094,0.00719312689766
454,979,39,3,1,1,SEG_LOW,T60,60,0.491094147582697,0.650246511627907,0.319079069767442,0.0788499640339023,0.0698020663911132,-0.00904789764278906,1.30159658809297,0.0090813504844853,0.0181292481272744,0.0181292481272744,0.0879313145183876,0.0181292481272744,0.0181292481272744,0.00904789764278911
455,981,40,0,3,1,SEG_LOW,T60,60,0.491094147582697,0.6641,0.277981395348837,2.78852372411666e-16,0,-2.78852372411666e-16,1.00000000000001,0.0231627643190937,0.023162764319094,0.023162764319094,0.023162764319094,0.023162764319094,0.023162764319094,2.78852372411666e-16
456,982,40,1,2,1,SEG_LOW,T60,60,0.491094147582697,0.663748837209302,0.293760465116279,0.080963852997077,0.11827268205843,0.0373088290613529,2.24362763537843,0.012853192101203,-0.0244556369601499,0.0244556369601499,0.09381704509828,-0.02445563696015,0.02445563696015,0.037308829061353
457,983,40,2,1,1,SEG_LOW,T60,60,0.491094147582697,0.663397674418605,0.309539534883721,0.0812799992885717,0.0711886467861433,-0.0100913525024284,1.33637841674761,0.0103492732475359,0.0204406257499643,0.0204406257499643,0.0916292725361076,0.0204406257499643,0.0204406257499643,0.0100913525024284
458,985,41,0,2,1,SEG_LOW,T60,60,0.491094147582697,0.6769,0.284220930232558,0,0,0,1,0.0218710984859116,0.0218710984859116,0.0218710984859116,0.0218710984859116,0.0218710984859116,0.0218710984859116,0
459,986,41,1,1,1,SEG_LOW,T60,60,0.491094147582697,0.676548837209302,0.3,0.0617990053241993,0.0726634093948233,0.010864404070624,1.36214680235413,0.0125311483671553,0.0016667442965313,0.0016667442965313,0.0743301536913546,0.00166674429653131,0.00166674429653131,0.010864404070624
460,988,42,0,1,1,SEG_LOW,T60,60,0.491094147582697,0.6897,0.290460465116279,2.66872021802681e-16,0,-2.66872021802681e-16,1.00000000000001,0.020483187458077,0.0204831874580773,0.0204831874580773,0.0204831874580773,0.0204831874580773,0.0204831874580773,2.66872021802681e-16
461,2,0,1,42,1,SEG_LOW,T100,100,1,0.151748837209302,0.0441790697674419,1.75458134332322e-15,0,-1.75458134332322e-15,1.00000000000006,0.0115626910860362,0.011562691086038,0.011562691086038,0.011562691086038,0.011562691086038,0.011562691086038,1.75458134332322e-15
462,3,0,2,41,1,SEG_LOW,T100,100,1,0.151397674418605,0.0599581395348837,-1.2928315017885e-15,0,1.2928315017885e-15,1.00000000000004,0.00923021290323028,0.00923021290322899,0.00923021290322899,0.00923021290322899,0.00923021290322899,0.00923021290322899,1.2928315017885e-15
463,4,0,3,40,1,SEG_LOW,T100,100,1,0.151046511627907,0.0757372093023256,-1.02348333525075e-15,0,1.02348333525075e-15,1.00000000000003,0.00702317040354027,0.00702317040353925,0.00702317040353925,0.00702317040353925,0.00702317040353925,0.00702317040353925,1.02348333525075e-15
464,5,0,4,39,1,SEG_LOW,T100,100,1,0.150695348837209,0.0915162790697674,0,0,0,1,0.00494156358696665,0.00494156358696665,0.00494156358696665,0.00494156358696665,0.00494156358696665,0.00494156358696665,0
465,6,0,5,38,1,SEG_LOW,T100,100,1,0.150344186046512,0.107295348837209,0,0,0,1,0.00298539245350978,0.00298539245350978,0.00298539245350978,0.00298539245350978,0.00298539245350978,0.00298539245350978,0
466,46,1,1,41,1,SEG_LOW,T100,100,1,0.164548837209302,0.0504186046511628,0,0.0188971103903045,0.0188971103903045,1.62990367967682,0.0134564187334414,-0.00544069165686305,0.00544069165686305,0.0134564187334414,-0.00544069165686305,0.00544069165686305,0.0188971103903045
467,47,1,2,40,1,SEG_LOW,T100,100,1,0.164197674418605,0.0661976744186046,0,0,0,1,0.0110752011489512,0.0110752011489512,0.0110752011489512,0.0110752011489512,0.0110752011489512,0.0110752011489512,0
468,48,1,3,39,1,SEG_LOW,T100,100,1,0.163846511627907,0.0819767441860465,0,0,0,1,0.00881941924757714,0.00881941924757714,0.00881941924757714,0.00881941924757714,0.00881941924757714,0.00881941924757714,0
469,49,1,4,38,1,SEG_LOW,T100,100,1,0.163495348837209,0.0977558139534884,0,0,0,1,0.00668907302931953,0.00668907302931953,0.00668907302931953,0.00668907302931953,0.00668907302931953,0.00668907302931953,0
470,50,1,5,37,1,SEG_LOW,T100,100,1,0.163144186046512,0.11353488372093,0,0,0,1,0.00468416249417859,0.00468416249417859,0.00468416249417859,0.00468416249417859,0.00468416249417859,0.00468416249417859,0
471,51,1,6,36,1,SEG_LOW,T100,100,1,0.162793023255814,0.129313953488372,0,0,0,1,0.00280468764215384,0.00280468764215384,0.00280468764215384,0.00280468764215384,0.00280468764215384,0.00280468764215384,0
472,52,1,7,35,1,SEG_LOW,T100,100,1,0.162441860465116,0.145093023255814,0,0,0,1,0.00105064847324552,0.00105064847324552,0.00105064847324552,0.00105064847324552,0.00105064847324552,0.00105064847324552,0
473,53,1,8,34,1,SEG_LOW,T100,100,1,0.162090697674419,0.160872093023256,0,0,0,1,-0.000577955012546193,-0.000577955012546193,0.000577955012546193,0,0,0,0
474,54,1,9,33,1,SEG_LOW,T100,100,1,0.161739534883721,0.176651162790698,0,0,0,1,-0.00208112281522161,-0.00208112281522161,0.00208112281522161,0,0,0,0
475,55,1,10,32,1,SEG_LOW,T100,100,1,0.161388372093023,0.19243023255814,0,0,0,1,-0.00345885493478061,-0.00345885493478061,0.00345885493478061,0,0,0,0
476,56,1,11,31,1,SEG_LOW,T100,100,1,0.161037209302326,0.208209302325581,0,0,0,1,-0.00471115137122295,-0.00471115137122295,0.00471115137122295,0,0,0,0
477,57,1,12,30,1,SEG_LOW,T100,100,1,0.160686046511628,0.223988372093023,0,0,0,1,-0.00583801212454908,-0.00583801212454908,0.00583801212454908,0,0,0,0
478,58,1,13,29,1,SEG_LOW,T100,100,1,0.16033488372093,0.239767441860465,0,0,0,1,-0.00683943719475877,-0.00683943719475877,0.00683943719475877,0,0,0,0
479,59,1,14,28,1,SEG_LOW,T100,100,1,0.159983720930233,0.255546511627907,0,0,0,1,-0.0077154265818519,-0.0077154265818519,0.0077154265818519,0,0,0,0
480,60,1,15,27,1,SEG_LOW,T100,100,1,0.159632558139535,0.271325581395349,0,0,0,1,-0.00846598028582872,-0.00846598028582872,0.00846598028582872,0,0,0,0
481,61,1,16,26,1,SEG_LOW,T100,100,1,0.159281395348837,0.287104651162791,0,0,0,1,-0.00909109830668909,-0.00909109830668909,0.00909109830668909,0,0,0,0
482,62,1,17,25,1,SEG_LOW,T100,100,1,0.15893023255814,0.302883720930233,0,0,0,1,-0.00959078064443292,-0.00959078064443292,0.00959078064443292,0,0,0,0
483,63,1,18,24,1,SEG_LOW,T100,100,1,0.158579069767442,0.318662790697674,0,0,0,1,-0.0099650272990604,-0.0099650272990604,0.0099650272990604,0,0,0,0
484,64,1,19,23,1,SEG_LOW,T100,100,1,0.158227906976744,0.334441860465116,0,0,0,1,-0.0102138382705715,-0.0102138382705715,0.0102138382705715,0,0,0,0
485,65,1,20,22,1,SEG_LOW,T100,100,1,0.157876744186047,0.350220930232558,0,0,0,1,-0.010337213558966,-0.010337213558966,0.010337213558966,0,0,0,0
486,66,1,21,21,1,SEG_LOW,T100,100,1,0.157525581395349,0.366,0,0,0,1,-0.0103351531642442,-0.0103351531642442,0.0103351531642442,0,0,0,0
487,67,1,22,20,1,SEG_LOW,T100,100,1,0.157174418604651,0.381779069767442,0,0,0,1,-0.0102076570864059,-0.0102076570864059,0.0102076570864059,0,0,0,0
488,68,1,23,19,1,SEG_LOW,T100,100,1,0.156823255813954,0.397558139534884,0,0,0,1,-0.0099547253254512,-0.0099547253254512,0.0099547253254512,0,0,0,0
489,69,1,24,18,1,SEG_LOW,T100,100,1,0.156472093023256,0.413337209302326,0,0,0,1,-0.00957635788138007,-0.00957635788138007,0.00957635788138007,0,0,0,0
490,90,2,2,39,1,SEG_LOW,T100,100,1,0.176997674418605,0.0724372093023256,0.243215163301601,0.316561407969226,0.073346244667625,3.44487482225417,0.0171164269981476,-0.0562298176694774,0.0562298176694774,0.260331590299749,-0.0562298176694774,0.0562298176694774,0.073346244667625
491,91,2,3,38,1,SEG_LOW,T100,100,1,0.176646511627907,0.0882162790697674,0.127498710844987,0.197064807753932,0.069566096908945,3.31886989696483,0.00619915418476342,-0.0633669427241816,0.0633669427241816,0.13369786502975,-0.0633669427241816,0.0633669427241816,0.069566096908945
492,92,2,4,37,1,SEG_LOW,T100,100,1,0.176295348837209,0.103995348837209,0.0364937815284556,0.0893830802188664,0.0528892986904108,2.76297662301369,0.0056311642182654,-0.0472581344721454,0.0472581344721454,0.042124945746721,-0.0472581344721454,0.0472581344721454,0.0528892986904108
493,93,2,5,36,1,SEG_LOW,T100,100,1,0.175944186046512,0.119774418604651,0,0.00537806542197524,0.00537806542197524,1.17926884739917,0.00634577396670029,0.000967708544725049,0.000967708544725049,0.00634577396670029,0.000967708544725049,0.000967708544725049,0.00537806542197524
494,94,2,6,35,1,SEG_LOW,T100,100,1,0.175593023255814,0.135553488372093,0,0,0,1,0.00441755971299148,0.00441755971299148,0.00441755971299148,0.00441755971299148,0.00441755971299148,0.00441755971299148,0
495,95,2,7,34,1,SEG_LOW,T100,100,1,0.175241860465116,0.151332558139535,0,0,0,1,0.0026147811423991,0.0026147811423991,0.0026147811423991,0.0026147811423991,0.0026147811423991,0.0026147811423991,0
496,96,2,8,33,1,SEG_LOW,T100,100,1,0.174890697674419,0.167111627906977,0,0,0,1,0.000937438254923354,0.000937438254923354,0.000937438254923354,0.000937438254923354,0.000937438254923354,0.000937438254923354,0
497,97,2,9,32,1,SEG_LOW,T100,100,1,0.174539534883721,0.182890697674419,0,0,0,1,-0.000614468949436162,-0.000614468949436162,0.000614468949436162,0,0,0,0
498,98,2,10,31,1,SEG_LOW,T100,100,1,0.174188372093023,0.19866976744186,0,0,0,1,-0.00204094047067914,-0.00204094047067914,0.00204094047067914,0,0,0,0
499,99,2,11,30,1,SEG_LOW,T100,100,1,0.173837209302326,0.214448837209302,0,0,0,1,-0.00334197630880561,-0.00334197630880561,0.00334197630880561,0,0,0,0
500,100,2,12,29,1,SEG_LOW,T100,100,1,0.173486046511628,0.230227906976744,0,0,0,1,-0.0045175764638158,-0.0045175764638158,0.0045175764638158,0,0,0,0
501,101,2,13,28,1,SEG_LOW,T100,100,1,0.17313488372093,0.246006976744186,0,0,0,1,-0.00556774093570954,-0.00556774093570954,0.00556774093570954,0,0,0,0
502,102,2,14,27,1,SEG_LOW,T100,100,1,0.172783720930233,0.261786046511628,0,0,0,1,-0.00649246972448673,-0.00649246972448673,0.00649246972448673,0,0,0,0
503,103,2,15,26,1,SEG_LOW,T100,100,1,0.172432558139535,0.27756511627907,0,0,0,1,-0.0072917628301476,-0.0072917628301476,0.0072917628301476,0,0,0,0
504,104,2,16,25,1,SEG_LOW,T100,100,1,0.172081395348837,0.293344186046512,0,0,0,1,-0.00796562025269204,-0.00796562025269204,0.00796562025269204,0,0,0,0
505,105,2,17,24,1,SEG_LOW,T100,100,1,0.17173023255814,0.309123255813953,0,0,0,1,-0.00851404199211992,-0.00851404199211992,0.00851404199211992,0,0,0,0
506,106,2,18,23,1,SEG_LOW,T100,100,1,0.171379069767442,0.324902325581395,0,0,0,1,-0.00893702804843149,-0.00893702804843149,0.00893702804843149,0,0,0,0
507,107,2,19,22,1,SEG_LOW,T100,100,1,0.171027906976744,0.340681395348837,0,0,0,1,-0.0092345784216266,-0.0092345784216266,0.0092345784216266,0,0,0,0
508,108,2,20,21,1,SEG_LOW,T100,100,1,0.170676744186047,0.356460465116279,0,0,0,1,-0.00940669311170519,-0.00940669311170519,0.00940669311170519,0,0,0,0
509,109,2,21,20,1,SEG_LOW,T100,100,1,0.170325581395349,0.372239534883721,0,0,0,1,-0.00945337211866747,-0.00945337211866747,0.00945337211866747,0,0,0,0
510,110,2,22,19,1,SEG_LOW,T100,100,1,0.169974418604651,0.388018604651163,0,0,0,1,-0.00937461544251327,-0.00937461544251327,0.00937461544251327,0,0,0,0
511,111,2,23,18,1,SEG_LOW,T100,100,1,0.169623255813953,0.403797674418605,0,0,0,1,-0.00917042308324263,-0.00917042308324263,0.00917042308324263,0,0,0,0
512,112,2,24,17,1,SEG_LOW,T100,100,1,0.169272093023256,0.419576744186046,0,0,0,1,-0.00884079504085556,-0.00884079504085556,0.00884079504085556,0,0,0,0
513,113,2,25,16,1,SEG_LOW,T100,100,1,0.168920930232558,0.435355813953488,0,0,0,1,-0.00838573131535202,-0.00838573131535202,0.00838573131535202,0,0,0,0
514,114,2,26,15,1,SEG_LOW,T100,100,1,0.16856976744186,0.45113488372093,0,0,0,1,-0.0078052319067321,-0.0078052319067321,0.0078052319067321,0,0,0,0
515,115,2,27,14,1,SEG_LOW,T100,100,1,0.168218604651163,0.466913953488372,0,0,0,1,-0.00709929681499569,-0.00709929681499569,0.00709929681499569,0,0,0,0
516,116,2,28,13,1,SEG_LOW,T100,100,1,0.167867441860465,0.482693023255814,0,0,0,1,-0.00626792604014288,-0.00626792604014288,0.00626792604014288,0,0,0,0
517,117,2,29,12,1,SEG_LOW,T100,100,1,0.167516279069767,0.498472093023256,0,0,0,1,-0.00531111958217363,-0.00531111958217363,0.00531111958217363,0,0,0,0
518,118,2,30,11,1,SEG_LOW,T100,100,1,0.16716511627907,0.514251162790698,0,0,0,1,-0.00422887744108795,-0.00422887744108795,0.00422887744108795,0,0,0,0
519,119,2,31,10,1,SEG_LOW,T100,100,1,0.166813953488372,0.53003023255814,0,0,0,1,-0.00302119961688579,-0.00302119961688579,0.00302119961688579,0,0,0,0
520,120,2,32,9,1,SEG_LOW,T100,100,1,0.166462790697674,0.545809302325581,0,0,0,1,-0.00168808610956731,-0.00168808610956731,0.00168808610956731,0,0,0,0
521,121,2,33,8,1,SEG_LOW,T100,100,1,0.166111627906977,0.561588372093023,0,0,0,1,-0.000229536919132346,-0.000229536919132346,0.000229536919132346,0,0,0,0
522,122,2,34,7,1,SEG_LOW,T100,100,1,0.165760465116279,0.577367441860465,0,0,0,1,0.00135444795441911,0.00135444795441911,0.00135444795441911,0.00135444795441911,0.00135444795441911,0.00135444795441911,0
523,123,2,35,6,1,SEG_LOW,T100,100,1,0.165409302325581,0.593146511627907,0,0,0,1,0.00306386851108697,0.00306386851108697,0.00306386851108697,0.00306386851108697,0.00306386851108697,0.00306386851108697,0
524,124,2,36,5,1,SEG_LOW,T100,100,1,0.165058139534884,0.608925581395349,0,0,0,1,0.00489872475087125,0.00489872475087125,0.00489872475087125,0.00489872475087125,0.00489872475087125,0.00489872475087125,0
525,125,2,37,4,1,SEG_LOW,T100,100,1,0.164706976744186,0.624704651162791,0,0,0,1,0.00685901667377201,0.00685901667377201,0.00685901667377201,0.00685901667377201,0.00685901667377201,0.00685901667377201,0
526,126,2,38,3,1,SEG_LOW,T100,100,1,0.164355813953488,0.640483720930233,0,0,0,1,0.00894474427978919,0.00894474427978919,0.00894474427978919,0.00894474427978919,0.00894474427978919,0.00894474427978919,0
527,127,2,39,2,1,SEG_LOW,T100,100,1,0.164004651162791,0.656262790697674,0,0,0,1,0.0111559075689226,0.0111559075689226,0.0111559075689226,0.0111559075689226,0.0111559075689226,0.0111559075689226,0
528,128,2,40,1,1,SEG_LOW,T100,100,1,0.163653488372093,0.672041860465116,0,0,0,1,0.0134925065411727,0.0134925065411727,0.0134925065411727,0.0134925065411727,0.0134925065411727,0.0134925065411727,0
529,129,2,41,0,1,SEG_LOW,T100,100,1,0.163302325581395,0.687820930232558,-2.25395210212983e-16,0,2.25395210212983e-16,1.00000000000001,0.0159545411965392,0.015954541196539,0.015954541196539,0.015954541196539,0.015954541196539,0.015954541196539,2.25395210212983e-16
530,136,3,6,34,1,SEG_LOW,T100,100,1,0.188393023255814,0.141793023255814,0.209897152742355,0.226372961291557,0.0164758085492023,1.54919361830674,0.00292155383497277,-0.0135542547142295,0.0135542547142295,0.212818706577328,-0.0135542547142292,0.0135542547142292,0.016475808549202
531,137,3,7,33,1,SEG_LOW,T100,100,1,0.188041860465116,0.157572093023256,0.155614833815413,0.157932739624833,0.00231790580941932,1.07726352698064,-0.00222515934621207,-0.00454306515563139,0.00454306515563139,0.153389674469201,-0.00454306515563208,0.00454306515563208,0.00231790580942001
532,138,3,8,32,1,SEG_LOW,T100,100,1,0.187690697674419,0.173351162790698,0.117186926030631,0.110628454106545,-0.00655847192408593,1.21861573080286,-0.00468827096335581,0.00187020096073012,0.00187020096073012,0.112498655067275,0.00187020096073019,0.00187020096073019,0.006558471924086
533,139,3,9,31,1,SEG_LOW,T100,100,1,0.187339534883721,0.18913023255814,0.0898069174259292,0.0761529521990125,-0.0136539652269167,1.45513217423056,-0.00598745117125723,0.00766651405565947,0.00766651405565947,0.083819466254672,0.00766651405565948,0.00766651405565948,0.0136539652269167
534,140,3,10,30,1,SEG_LOW,T100,100,1,0.186988372093023,0.204909302325581,0.0691660059638762,0.0504923962884545,-0.0186736096754217,1.62245365584739,-0.00675205974909186,0.0119215499263298,0.0119215499263298,0.0624139462147843,0.0119215499263298,0.0119215499263298,0.0186736096754217
535,141,3,11,29,1,SEG_LOW,T100,100,1,0.186637209302326,0.220688372093023,0.0435305902233924,0.028167456184849,-0.0153631340385434,1.51210446795145,-0.00647087484387899,0.00889225919466441,0.00889225919466441,0.0370597153795134,0.00889225919466441,0.00889225919466441,0.0153631340385434
536,142,3,12,28,1,SEG_LOW,T100,100,1,0.186286046511628,0.236467441860465,0.0218994025599235,0.00171668632413021,-0.0201827162357933,1.67275720785978,-0.00575752422236953,0.0144251920134238,0.0144251920134238,0.016141878337554,0.0144251920134238,0.0144251920134238,0.0201827162357933
537,143,3,13,27,1,SEG_LOW,T100,100,1,0.18593488372093,0.252246511627907,0.00394089825749042,0,-0.00394089825749042,1.13136327524968,-0.0048314792812267,-0.000890581023736278,0.000890581023736278,0,0,0,0.00394089825749042
538,144,3,14,26,1,SEG_LOW,T100,100,1,0.185583720930233,0.268025581395349,0,0,0,1,-0.00530667143526868,-0.00530667143526868,0.00530667143526868,0,0,0,0
539,145,3,15,25,1,SEG_LOW,T100,100,1,0.185232558139535,0.283804651162791,0,0,0,1,-0.00615470394261361,-0.00615470394261361,0.00615470394261361,0,0,0,0
540,146,3,16,24,1,SEG_LOW,T100,100,1,0.184881395348837,0.299583720930233,0,0,0,1,-0.00687730076684209,-0.00687730076684209,0.00687730076684209,0,0,0,0
541,147,3,17,23,1,SEG_LOW,T100,100,1,0.18453023255814,0.315362790697674,0,0,0,1,-0.00747446190795403,-0.00747446190795403,0.00747446190795403,0,0,0,0
542,148,3,18,22,1,SEG_LOW,T100,100,1,0.184179069767442,0.331141860465116,0,0,0,1,-0.00794618736594966,-0.00794618736594966,0.00794618736594966,0,0,0,0
543,149,3,19,21,1,SEG_LOW,T100,100,1,0.183827906976744,0.346920930232558,0,0,0,1,-0.00829247714082886,-0.00829247714082886,0.00829247714082886,0,0,0,0
544,150,3,20,20,1,SEG_LOW,T100,100,1,0.183476744186047,0.3627,0,0,0,1,-0.00851333123259153,-0.00851333123259153,0.00851333123259153,0,0,0,0
545,151,3,21,19,1,SEG_LOW,T100,100,1,0.183125581395349,0.378479069767442,0,0,0,1,-0.00860874964123782,-0.00860874964123782,0.00860874964123782,0,0,0,0
546,152,3,22,18,1,SEG_LOW,T100,100,1,0.182774418604651,0.394258139534884,0,0,0,1,-0.00857873236676769,-0.00857873236676769,0.00857873236676769,0,0,0,0
547,153,3,23,17,1,SEG_LOW,T100,100,1,0.182423255813953,0.410037209302326,0,0,0,1,-0.00842327940918113,-0.00842327940918113,0.00842327940918113,0,0,0,0
548,154,3,24,16,1,SEG_LOW,T100,100,1,0.182072093023256,0.425816279069767,0,0,0,1,-0.0081423907684781,-0.0081423907684781,0.0081423907684781,0,0,0,0
549,155,3,25,15,1,SEG_LOW,T100,100,1,0.181720930232558,0.441595348837209,0,0,0,1,-0.00773606644465864,-0.00773606644465864,0.00773606644465864,0,0,0,0
550,156,3,26,14,1,SEG_LOW,T100,100,1,0.18136976744186,0.457374418604651,0,0,0,1,-0.00720430643772277,-0.00720430643772277,0.00720430643772277,0,0,0,0
551,157,3,27,13,1,SEG_LOW,T100,100,1,0.181018604651163,0.473153488372093,0,0,0,1,-0.00654711074767043,-0.00654711074767043,0.00654711074767043,0,0,0,0
552,158,3,28,12,1,SEG_LOW,T100,100,1,0.180667441860465,0.488932558139535,0,0,0,1,-0.00576447937450166,-0.00576447937450166,0.00576447937450166,0,0,0,0
553,159,3,29,11,1,SEG_LOW,T100,100,1,0.180316279069767,0.504711627906977,0,0,0,1,-0.00485641231821649,-0.00485641231821649,0.00485641231821649,0,0,0,0
554,160,3,30,10,1,SEG_LOW,T100,100,1,0.17996511627907,0.520490697674419,0,0,0,1,-0.00382290957881483,-0.00382290957881483,0.00382290957881483,0,0,0,0
555,161,3,31,9,1,SEG_LOW,T100,100,1,0.179613953488372,0.53626976744186,0,0,0,1,-0.00266397115629686,-0.00266397115629686,0.00266397115629686,0,0,0,0
556,162,3,32,8,1,SEG_LOW,T100,100,1,0.179262790697674,0.552048837209302,0,0,0,1,-0.00137959705066234,-0.00137959705066234,0.00137959705066234,0,0,0,0
557,163,3,33,7,1,SEG_LOW,T100,100,1,0.178911627906977,0.567827906976744,0,0,0,1,3.02127380885419e-05,3.02127380885419e-05,3.02127380885419e-05,3.02127380885419e-05,3.02127380885419e-05,3.02127380885419e-05,0
558,164,3,34,6,1,SEG_LOW,T100,100,1,0.178560465116279,0.583606976744186,0,0,0,1,0.00156545820995593,0.00156545820995593,0.00156545820995593,0.00156545820995593,0.00156545820995593,0.00156545820995593,0
559,165,3,35,5,1,SEG_LOW,T100,100,1,0.178209302325581,0.599386046511628,0,0,0,1,0.00322613936493976,0.00322613936493976,0.00322613936493976,0.00322613936493976,0.00322613936493976,0.00322613936493976,0
560,166,3,36,4,1,SEG_LOW,T100,100,1,0.177858139534884,0.61516511627907,0,0,0,1,0.00501225620303995,0.00501225620303995,0.00501225620303995,0.00501225620303995,0.00501225620303995,0.00501225620303995,0
561,167,3,37,3,1,SEG_LOW,T100,100,1,0.177506976744186,0.630944186046512,0,0,0,1,0.00692380872425668,0.00692380872425668,0.00692380872425668,0.00692380872425668,0.00692380872425668,0.00692380872425668,0
562,168,3,38,2,1,SEG_LOW,T100,100,1,0.177155813953488,0.646723255813954,0,0,0,1,0.0089607969285898,0.0089607969285898,0.0089607969285898,0.0089607969285898,0.0089607969285898,0.0089607969285898,0
563,169,3,39,1,1,SEG_LOW,T100,100,1,0.176804651162791,0.662502325581395,0,0,0,1,0.0111232208160392,0.0111232208160392,0.0111232208160392,0.0111232208160392,0.0111232208160392,0.0111232208160392,0
564,170,3,40,0,1,SEG_LOW,T100,100,1,0.176453488372093,0.678281395348837,0,0,0,1,0.0134110803866052,0.0134110803866052,0.0134110803866052,0.0134110803866052,0.0134110803866052,0.0134110803866052,0
565,181,4,10,29,1,SEG_LOW,T100,100,1,0.199788372093023,0.211148837209302,0.239941266807303,0.219468473695136,-0.020472793112167,1.68242643707223,-0.00421169877181078,0.0162610943403562,0.0162610943403562,0.235729568035492,0.0162610943403562,0.0162610943403562,0.020472793112167
566,182,4,11,28,1,SEG_LOW,T100,100,1,0.199437209302326,0.226927906976744,0.204679693831528,0.18694071344947,-0.0177389803820586,1.59129934606862,-0.00865552689087439,0.00908345349118421,0.00908345349118421,0.196024166940654,0.00908345349118361,0.00908345349118361,0.017738980382058
567,183,4,12,27,1,SEG_LOW,T100,100,1,0.199086046511628,0.242706976744186,0.174768435764758,0.155169508784118,-0.0195989269806399,1.65329756602133,-0.0115950200423948,0.0080039069382451,0.0080039069382451,0.163173415722363,0.00800390693824521,0.00800390693824521,0.01959892698064
568,184,4,13,26,1,SEG_LOW,T100,100,1,0.19873488372093,0.258486046511628,0.14930403597345,0.125828394226069,-0.0234756417473813,1.78252139157938,-0.0134825353536572,0.00999310639372413,0.00999310639372413,0.135821500619793,0.00999310639372381,0.00999310639372381,0.023475641747381
569,185,4,14,25,1,SEG_LOW,T100,100,1,0.198383720930233,0.27426511627907,0.125634404307775,0.100652043692519,-0.0249823606152558,1.83274535384186,-0.0145713706371184,0.0104109899781374,0.0104109899781374,0.111063033670657,0.0104109899781376,0.0104109899781376,0.024982360615256
570,186,4,15,24,1,SEG_LOW,T100,100,1,0.198032558139535,0.290044186046512,0.103774444371881,0.0755241570211738,-0.0282502873507069,1.94167624502356,-0.0149883104154773,0.0132619769352296,0.0132619769352296,0.0887861339564037,0.0132619769352299,0.0132619769352299,0.0282502873507072
571,187,4,16,23,1,SEG_LOW,T100,100,1,0.197681395348837,0.305823255813953,0.080790384743409,0.0500020850662195,-0.0307882996771896,2.02627665590632,-0.0146342510434574,0.0161540486337322,0.0161540486337322,0.0661561336999516,0.0161540486337321,0.0161540486337321,0.0307882996771895
572,188,4,17,22,1,SEG_LOW,T100,100,1,0.19733023255814,0.321602325581395,0.0483409072693082,0.0163463438453691,-0.0319945634239391,2.06648544746464,-0.0125751429578934,0.0194194204660457,0.0194194204660457,0.0357657643114148,0.0194194204660457,0.0194194204660457,0.0319945634239391
573,189,4,18,21,1,SEG_LOW,T100,100,1,0.196979069767442,0.337381395348837,0.0188624586231508,0,-0.0188624586231508,1.62874862077169,-0.00967562211209153,0.00918683651105927,0.00918683651105927,0.00918683651105927,0.00918683651105927,0.00918683651105927,0.0188624586231508
574,190,4,19,20,1,SEG_LOW,T100,100,1,0.196627906976744,0.353160465116279,0,0,0,1,-0.0073875344281782,-0.0073875344281782,0.0073875344281782,0,0,0,0
575,191,4,20,19,1,SEG_LOW,T100,100,1,0.196276744186047,0.368939534883721,0,0,0,1,-0.00765712792162492,-0.00765712792162492,0.00765712792162492,0,0,0,0
576,192,4,21,18,1,SEG_LOW,T100,100,1,0.195925581395349,0.384718604651163,0,0,0,1,-0.00780128573195532,-0.00780128573195532,0.00780128573195532,0,0,0,0
577,193,4,22,17,1,SEG_LOW,T100,100,1,0.195574418604651,0.400497674418605,0,0,0,1,-0.00782000785916923,-0.00782000785916923,0.00782000785916923,0,0,0,0
578,194,4,23,16,1,SEG_LOW,T100,100,1,0.195223255813954,0.416276744186046,0,0,0,1,-0.00771329430326667,-0.00771329430326667,0.00771329430326667,0,0,0,0
579,195,4,24,15,1,SEG_LOW,T100,100,1,0.194872093023256,0.432055813953488,0,0,0,1,-0.00748114506424775,-0.00748114506424775,0.00748114506424775,0,0,0,0
580,196,4,25,14,1,SEG_LOW,T100,100,1,0.194520930232558,0.44783488372093,0,0,0,1,-0.00712356014211237,-0.00712356014211237,0.00712356014211237,0,0,0,0
581,197,4,26,13,1,SEG_LOW,T100,100,1,0.19416976744186,0.463613953488372,0,0,0,1,-0.00664053953686052,-0.00664053953686052,0.00664053953686052,0,0,0,0
582,198,4,27,12,1,SEG_LOW,T100,100,1,0.193818604651163,0.479393023255814,0,0,0,1,-0.00603208324849228,-0.00603208324849228,0.00603208324849228,0,0,0,0
583,199,4,28,11,1,SEG_LOW,T100,100,1,0.193467441860465,0.495172093023256,0,0,0,1,-0.00529819127700758,-0.00529819127700758,0.00529819127700758,0,0,0,0
584,200,4,29,10,1,SEG_LOW,T100,100,1,0.193116279069767,0.510951162790698,0,0,0,1,-0.00443886362240644,-0.00443886362240644,0.00443886362240644,0,0,0,0
585,201,4,30,9,1,SEG_LOW,T100,100,1,0.19276511627907,0.526730232558139,0,0,0,1,-0.00345410028468894,-0.00345410028468894,0.00345410028468894,0,0,0,0
586,202,4,31,8,1,SEG_LOW,T100,100,1,0.192413953488372,0.542509302325581,0,0,0,1,-0.00234390126385497,-0.00234390126385497,0.00234390126385497,0,0,0,0
587,203,4,32,7,1,SEG_LOW,T100,100,1,0.192062790697674,0.558288372093023,0,0,0,1,-0.00110826655990448,-0.00110826655990448,0.00110826655990448,0,0,0,0
588,204,4,33,6,1,SEG_LOW,T100,100,1,0.191711627906977,0.574067441860465,0,0,0,1,0.000252803827162376,0.000252803827162376,0.000252803827162376,0.000252803827162376,0.000252803827162376,0.000252803827162376,0
589,205,4,34,5,1,SEG_LOW,T100,100,1,0.191360465116279,0.589846511627907,0,0,0,1,0.0017393098973457,0.0017393098973457,0.0017393098973457,0.0017393098973457,0.0017393098973457,0.0017393098973457,0
590,206,4,35,4,1,SEG_LOW,T100,100,1,0.191009302325581,0.605625581395349,0,0,0,1,0.00335125165064548,0.00335125165064548,0.00335125165064548,0.00335125165064548,0.00335125165064548,0.00335125165064548,0
591,207,4,36,3,1,SEG_LOW,T100,100,1,0.190658139534884,0.621404651162791,0,0,0,1,0.00508862908706161,0.00508862908706161,0.00508862908706161,0.00508862908706161,0.00508862908706161,0.00508862908706161,0
592,208,4,37,2,1,SEG_LOW,T100,100,1,0.190306976744186,0.637183720930233,0,0,0,1,0.00695144220659422,0.00695144220659422,0.00695144220659422,0.00695144220659422,0.00695144220659422,0.00695144220659422,0
593,209,4,38,1,1,SEG_LOW,T100,100,1,0.189955813953488,0.652962790697674,0,0,0,1,0.00893969100924318,0.00893969100924318,0.00893969100924318,0.00893969100924318,0.00893969100924318,0.00893969100924318,0
594,210,4,39,0,1,SEG_LOW,T100,100,1,0.189604651162791,0.668741860465116,2.31825689887023e-16,0,-2.31825689887023e-16,1.00000000000001,0.0110533754950085,0.0110533754950088,0.0110533754950088,0.0110533754950088,0.0110533754950088,0.0110533754950088,2.31825689887023e-16
595,226,5,15,23,1,SEG_LOW,T100,100,1,0.210832558139535,0.296283720930233,0.22253198511609,0.195748735491571,-0.0267832496245189,1.89277498748396,-0.0150333638135522,0.0117498858109667,0.0117498858109667,0.207498621302538,0.0117498858109668,0.0117498858109668,0.026783249624519
596,227,5,16,22,1,SEG_LOW,T100,100,1,0.210481395348837,0.312062790697674,0.182267589402577,0.154177150226175,-0.0280904391764019,1.93634797254673,-0.017586225122204,0.0105042140541979,0.0105042140541979,0.164681364280373,0.010504214054198,0.010504214054198,0.028090439176402
597,228,5,17,21,1,SEG_LOW,T100,100,1,0.21013023255814,0.327841860465116,0.145302943380851,0.115897118040426,-0.0294058253404245,1.98019417801415,-0.0184654091944096,0.0109404161460149,0.0109404161460149,0.126837534186441,0.0109404161460154,0.0109404161460154,0.029405825340425
598,229,5,18,20,1,SEG_LOW,T100,100,1,0.209779069767442,0.343620930232558,0.111663828490989,0.0812600297369254,-0.0304037987540637,2.01345995846879,-0.0180132792325364,0.0123905195215273,0.0123905195215273,0.0936505492584526,0.0123905195215273,0.0123905195215273,0.0304037987540636
599,230,5,19,19,1,SEG_LOW,T100,100,1,0.209427906976744,0.3594,0.0810543188071695,0.0491640335315628,-0.0318902852756067,2.06300950918689,-0.0165192585072124,0.0153710267683943,0.0153710267683943,0.0645350602999571,0.0153710267683943,0.0153710267683943,0.0318902852756067
600,231,5,20,18,1,SEG_LOW,T100,100,1,0.209076744186047,0.375179069767442,0.0528116469261456,0.0197232819630711,-0.0330883649630745,2.10294549876915,-0.0141710153860558,0.0189173495770187,0.0189173495770187,0.0386406315400898,0.0189173495770187,0.0189173495770187,0.0330883649630745
601,232,5,21,17,1,SEG_LOW,T100,100,1,0.208725581395349,0.390958139534884,0.0267401786883533,0,-0.0267401786883533,1.89133928961178,-0.0111338071931928,0.0156063714951605,0.0156063714951605,0.0156063714951605,0.0156063714951605,0.0156063714951605,0.0267401786883533
602,233,5,22,16,1,SEG_LOW,T100,100,1,0.208374418604651,0.406737209302326,0.00223958843682823,0,-0.00223958843682823,1.07465294789427,-0.00747326847704105,-0.00523368004021281,0.00523368004021281,0,0,0,0.00223958843682823
603,234,5,23,15,1,SEG_LOW,T100,100,1,0.208023255813954,0.422516279069767,0,0,0,1,-0.0070404677654994,-0.0070404677654994,0.0070404677654994,0,0,0,0
604,235,5,24,14,1,SEG_LOW,T100,100,1,0.207672093023256,0.438295348837209,0,0,0,1,-0.0068570579281645,-0.0068570579281645,0.0068570579281645,0,0,0,0
605,236,5,25,13,1,SEG_LOW,T100,100,1,0.207320930232558,0.454074418604651,0,0,0,1,-0.0065482124077132,-0.0065482124077132,0.0065482124077132,0,0,0,0
606,237,5,26,12,1,SEG_LOW,T100,100,1,0.20696976744186,0.469853488372093,0,0,0,1,-0.00611393120414543,-0.00611393120414543,0.00611393120414543,0,0,0,0
607,238,5,27,11,1,SEG_LOW,T100,100,1,0.206618604651163,0.485632558139535,0,0,0,1,-0.0055542143174612,-0.0055542143174612,0.0055542143174612,0,0,0,0
608,239,5,28,10,1,SEG_LOW,T100,100,1,0.206267441860465,0.501411627906977,0,0,0,1,-0.0048690617476606,-0.0048690617476606,0.0048690617476606,0,0,0,0
609,240,5,29,9,1,SEG_LOW,T100,100,1,0.205916279069767,0.517190697674418,0,0,0,1,-0.00405847349474355,-0.00405847349474355,0.00405847349474355,0,0,0,0
610,241,5,30,8,1,SEG_LOW,T100,100,1,0.20556511627907,0.53296976744186,0,0,0,1,-0.00312244955871004,-0.00312244955871004,0.00312244955871004,0,0,0,0
611,242,5,31,7,1,SEG_LOW,T100,100,1,0.205213953488372,0.548748837209302,0,0,0,1,-0.00206098993956009,-0.00206098993956009,0.00206098993956009,0,0,0,0
612,243,5,32,6,1,SEG_LOW,T100,100,1,0.204862790697674,0.564527906976744,0,0,0,1,-0.000874094637293738,-0.000874094637293738,0.000874094637293738,0,0,0,0
613,244,5,33,5,1,SEG_LOW,T100,100,1,0.204511627906977,0.580306976744186,0,0,0,1,0.000438236348089048,0.000438236348089048,0.000438236348089048,0.000438236348089048,0.000438236348089048,0.000438236348089048,0
614,245,5,34,4,1,SEG_LOW,T100,100,1,0.204160465116279,0.596086046511628,0,0,0,1,0.00187600301658833,0.00187600301658833,0.00187600301658833,0.00187600301658833,0.00187600301658833,0.00187600301658833,0
615,246,5,35,3,1,SEG_LOW,T100,100,1,0.203809302325581,0.61186511627907,0,0,0,1,0.00343920536820404,0.00343920536820404,0.00343920536820404,0.00343920536820404,0.00343920536820404,0.00343920536820404,0
616,247,5,36,2,1,SEG_LOW,T100,100,1,0.203458139534884,0.627644186046512,0,0,0,1,0.00512784340293605,0.00512784340293605,0.00512784340293605,0.00512784340293605,0.00512784340293605,0.00512784340293605,0
617,248,5,37,1,1,SEG_LOW,T100,100,1,0.203106976744186,0.643423255813953,0,0,0,1,0.00694191712078456,0.00694191712078456,0.00694191712078456,0.00694191712078456,0.00694191712078456,0.00694191712078456,0
618,249,5,38,0,1,SEG_LOW,T100,100,1,0.202755813953488,0.659202325581395,0,0,0,1,0.00888142652174957,0.00888142652174957,0.00888142652174957,0.00888142652174957,0.00888142652174957,0.00888142652174957,0
619,267,6,17,20,1,SEG_LOW,T100,100,1,0.22293023255814,0.334081395348837,0.236873027415814,0.210193431028282,-0.0266795963875323,1.88931987958441,-0.0174530996297135,0.00922649675781877,0.00922649675781877,0.2194199277861,0.00922649675781848,0.00922649675781848,0.026679596387532
620,268,6,18,19,1,SEG_LOW,T100,100,1,0.222579069767442,0.349860465116279,0.199790407299196,0.171857062609971,-0.0279333446892256,1.93111148964085,-0.0198811730652953,0.00805217162393026,0.00805217162393026,0.179909234233901,0.00805217162392968,0.00805217162392968,0.027933344689225
621,269,6,19,18,1,SEG_LOW,T100,100,1,0.222227906976744,0.365639534883721,0.165493775184467,0.13646052827083,-0.029033246913637,1.96777489712123,-0.0208306124512751,0.0082026344623619,0.0082026344623619,0.144663162733192,0.00820263446236191,0.00820263446236191,0.029033246913637
622,270,6,20,17,1,SEG_LOW,T100,100,1,0.221876744186047,0.381418604651163,0.133728600220558,0.103727211315111,-0.0300013889054469,2.00004629684823,-0.0205572042862284,0.00944418461921854,0.00944418461921854,0.11317139593433,0.00944418461921863,0.00944418461921863,0.030001388905447
623,271,6,21,16,1,SEG_LOW,T100,100,1,0.221525581395349,0.397197674418605,0.10477475965422,0.0734342601905415,-0.0313404994636786,2.04468331545595,-0.0193122901373139,0.0120282093263647,0.0120282093263647,0.0854624695169061,0.0120282093263646,0.0120282093263646,0.0313404994636785
624,272,6,22,15,1,SEG_LOW,T100,100,1,0.221174418604651,0.412976744186047,0.0770442985389634,0.0454019982369838,-0.0316423003019795,2.05474334339932,-0.0171604772903828,0.0144818230115967,0.0144818230115967,0.0598838212485806,0.0144818230115968,0.0144818230115968,0.0316423003019796
625,273,6,23,14,1,SEG_LOW,T100,100,1,0.220823255813954,0.428755813953488,0.0513570020062141,0.01904323959088,-0.0323137624153341,2.07712541384447,-0.014309002890969,0.0180047595243651,0.0180047595243651,0.0370479991152451,0.0180047595243651,0.0180047595243651,0.0323137624153341
626,274,6,24,13,1,SEG_LOW,T100,100,1,0.220472093023256,0.44453488372093,0.0260886389144661,0,-0.0260886389144661,1.86962129714887,-0.010657100429761,0.0154315384847051,0.0154315384847051,0.0154315384847051,0.0154315384847051,0.0154315384847051,0.0260886389144661
627,275,6,25,12,1,SEG_LOW,T100,100,1,0.220120930232558,0.460313953488372,0.00212140275572678,0,-0.00212140275572678,1.07071342519089,-0.00639583474165062,-0.00427443198592384,0.00427443198592384,0,0,0,0.00212140275572678
628,276,6,26,11,1,SEG_LOW,T100,100,1,0.21976976744186,0.476093023255814,0,0,0,1,-0.00562448143957746,-0.00562448143957746,0.00562448143957746,0,0,0,0
629,277,6,27,10,1,SEG_LOW,T100,100,1,0.219418604651163,0.491872093023256,0,0,0,1,-0.00511350395457727,-0.00511350395457727,0.00511350395457727,0,0,0,0
630,278,6,28,9,1,SEG_LOW,T100,100,1,0.219067441860465,0.507651162790698,0,0,0,1,-0.00447709078646073,-0.00447709078646073,0.00447709078646073,0,0,0,0
631,279,6,29,8,1,SEG_LOW,T100,100,1,0.218716279069767,0.523430232558139,0,0,0,1,-0.00371524193522775,-0.00371524193522775,0.00371524193522775,0,0,0,0
632,280,6,30,7,1,SEG_LOW,T100,100,1,0.21836511627907,0.539209302325581,0,0,0,1,-0.00282795740087833,-0.00282795740087833,0.00282795740087833,0,0,0,0
633,281,6,31,6,1,SEG_LOW,T100,100,1,0.218013953488372,0.554988372093023,0,0,0,1,-0.00181523718341239,-0.00181523718341239,0.00181523718341239,0,0,0,0
634,282,6,32,5,1,SEG_LOW,T100,100,1,0.217662790697674,0.570767441860465,0,0,0,1,-0.000677081282830102,-0.000677081282830102,0.000677081282830102,0,0,0,0
635,283,6,33,4,1,SEG_LOW,T100,100,1,0.217311627906977,0.586546511627907,0,0,0,1,0.000586510300868591,0.000586510300868591,0.000586510300868591,0.000586510300868591,0.000586510300868591,0.000586510300868591,0
636,284,6,34,3,1,SEG_LOW,T100,100,1,0.216960465116279,0.602325581395349,0,0,0,1,0.00197553756768381,0.00197553756768381,0.00197553756768381,0.00197553756768381,0.00197553756768381,0.00197553756768381,0
637,285,6,35,2,1,SEG_LOW,T100,100,1,0.216609302325581,0.618104651162791,0,0,0,1,0.00349000051761546,0.00349000051761546,0.00349000051761546,0.00349000051761546,0.00349000051761546,0.00349000051761546,0
638,286,6,36,1,1,SEG_LOW,T100,100,1,0.216258139534884,0.633883720930232,0,0,0,1,0.00512989915066336,0.00512989915066336,0.00512989915066336,0.00512989915066336,0.00512989915066336,0.00512989915066336,0
639,287,6,37,0,1,SEG_LOW,T100,100,1,0.215906976744186,0.649662790697674,0,0,0,1,0.00689523346682785,0.00689523346682785,0.00689523346682785,0.00689523346682785,0.00689523346682785,0.00689523346682785,0
640,307,7,19,17,1,SEG_LOW,T100,100,1,0.235027906976744,0.371879069767442,0.245378659132983,0.218960449235773,-0.0264182098972102,1.88060699657367,-0.0199879614849174,0.00643024841229284,0.00643024841229284,0.225390697648066,0.00643024841229264,0.00643024841229264,0.02641820989721
641,308,7,20,16,1,SEG_LOW,T100,100,1,0.234676744186047,0.387658139534884,0.210850591907114,0.183390037695424,-0.0274605542116907,1.91535180705636,-0.0220941499969713,0.0053664042147194,0.0053664042147194,0.188756441910143,0.00536640421471868,0.00536640421471868,0.02746055421169
642,309,7,21,15,1,SEG_LOW,T100,100,1,0.234325581395349,0.403437209302326,0.178734173350236,0.15023629980239,-0.0284978735478463,1.94992911826154,-0.0228825943975753,0.00561527915027102,0.00561527915027102,0.155851578952661,0.00561527915027071,0.00561527915027071,0.028497873547846
643,310,7,22,14,1,SEG_LOW,T100,100,1,0.233974418604651,0.419216279069767,0.148362568142547,0.119795964277893,-0.0285666038646545,1.95222012882182,-0.022539104293692,0.00602749957096249,0.00602749957096249,0.125823463848855,0.00602749957096198,0.00602749957096198,0.028566603864654
644,311,7,23,13,1,SEG_LOW,T100,100,1,0.233623255813953,0.434995348837209,0.119581603540953,0.0905045574540331,-0.0290770460869198,1.96923486956399,-0.0212030689521262,0.00787397713479357,0.00787397713479357,0.0983785345888268,0.00787397713479367,0.00787397713479367,0.0290770460869199
645,312,7,24,12,1,SEG_LOW,T100,100,1,0.233272093023256,0.450774418604651,0.0917125150888613,0.0631817300701229,-0.0285307850187384,1.95102616729128,-0.0189345900133488,0.00959619500538957,0.00959619500538957,0.0727779250755125,0.00959619500538958,0.00959619500538958,0.0285307850187384
646,313,7,25,11,1,SEG_LOW,T100,100,1,0.232920930232558,0.466553488372093,0.0651799930928344,0.0372391139719566,-0.0279408791208778,1.93136263736259,-0.0158632731861649,0.0120776059347129,0.0120776059347129,0.0493167199066695,0.0120776059347129,0.0120776059347129,0.0279408791208778
647,314,7,26,10,1,SEG_LOW,T100,100,1,0.23256976744186,0.482332558139535,0.0393142452340617,0.0120689513831118,-0.02724529385095,1.90817646169833,-0.0119874640197485,0.0152578298312015,0.0152578298312015,0.0273267812143132,0.0152578298312014,0.0152578298312014,0.0272452938509499
648,315,7,27,9,1,SEG_LOW,T100,100,1,0.232218604651163,0.498111627906977,0.0139988825075917,0,-0.0139988825075917,1.46662941691972,-0.00733645956998973,0.00666242293760197,0.00666242293760197,0.00666242293760197,0.00666242293760197,0.00666242293760197,0.0139988825075917
649,316,7,28,8,1,SEG_LOW,T100,100,1,0.231867441860465,0.513890697674419,0,0,0,1,-0.00412227839340791,-0.00412227839340791,0.00412227839340791,0,0,0,0
650,317,7,29,7,1,SEG_LOW,T100,100,1,0.231516279069767,0.52966976744186,0,0,0,1,-0.00340916894385902,-0.00340916894385902,0.00340916894385902,0,0,0,0
651,318,7,30,6,1,SEG_LOW,T100,100,1,0.23116511627907,0.545448837209302,0,0,0,1,-0.00257062381119364,-0.00257062381119364,0.00257062381119364,0,0,0,0
652,319,7,31,5,1,SEG_LOW,T100,100,1,0.230813953488372,0.561227906976744,0,0,0,1,-0.00160664299541183,-0.00160664299541183,0.00160664299541183,0,0,0,0
653,320,7,32,4,1,SEG_LOW,T100,100,1,0.230462790697674,0.577006976744186,0,0,0,1,-0.000517226496513592,-0.000517226496513592,0.000517226496513592,0,0,0,0
654,321,7,33,3,1,SEG_LOW,T100,100,1,0.230111627906977,0.592786046511628,0,0,0,1,0.000697625685501112,0.000697625685501112,0.000697625685501112,0.000697625685501112,0.000697625685501112,0.000697625685501112,0
655,322,7,34,2,1,SEG_LOW,T100,100,1,0.229760465116279,0.60856511627907,0,0,0,1,0.00203791355063222,0.00203791355063222,0.00203791355063222,0.00203791355063222,0.00203791355063222,0.00203791355063222,0
656,323,7,35,1,1,SEG_LOW,T100,100,1,0.229409302325581,0.624344186046512,0,0,0,1,0.00350363709887985,0.00350363709887985,0.00350363709887985,0.00350363709887985,0.00350363709887985,0.00350363709887985,0
657,324,7,36,0,1,SEG_LOW,T100,100,1,0.229058139534884,0.640123255813953,0,0,0,1,0.00509479633024368,0.00509479633024368,0.00509479633024368,0.00509479633024368,0.00509479633024368,0.00509479633024368,0
658,346,8,21,14,1,SEG_LOW,T100,100,1,0.247125581395349,0.409676744186046,0.248832698501755,0.223080523442109,-0.0257521750596455,1.85840583532152,-0.0225492822854964,0.00320289277414912,0.00320289277414912,0.226283416216259,0.00320289277414962,0.00320289277414962,0.025752175059646
659,347,8,22,13,1,SEG_LOW,T100,100,1,0.246774418604651,0.425455813953488,0.215561955495859,0.190190738935756,-0.0253712165601028,1.84570721867009,-0.0241957812273756,0.00117543533272721,0.00117543533272721,0.191366174268483,0.0011754353327274,0.0011754353327274,0.025371216560103
660,348,8,23,12,1,SEG_LOW,T100,100,1,0.246423255813954,0.44123488372093,0.183809218208307,0.15834046477862,-0.0254687534296874,1.84895844765625,-0.024592914423008,0.000875839006679376,0.000875839006679376,0.159216303785299,0.000875839006679008,0.000875839006679008,0.025468753429687
661,349,8,24,11,1,SEG_LOW,T100,100,1,0.246072093023256,0.457013953488372,0.153445999033669,0.128398221338437,-0.0250477776952319,1.8349259231744,-0.023870333872958,0.0011774438222739,0.0011774438222739,0.129575665160711,0.001177443822274,0.001177443822274,0.025047777695232
662,350,8,25,10,1,SEG_LOW,T100,100,1,0.245720930232558,0.472793023255814,0.124375265484056,0.0997417541996157,-0.0246335112844406,1.82111704281469,-0.0221403997829572,0.00249311150148337,0.00249311150148337,0.102234865701099,0.00249311150148307,0.00249311150148307,0.0246335112844403
663,351,8,26,9,1,SEG_LOW,T100,100,1,0.24536976744186,0.488572093023256,0.0958756280796541,0.07227233212815,-0.0236032959515042,1.78677653171681,-0.0194297117805124,0.00417358417099184,0.00417358417099184,0.0764459162991417,0.00417358417099174,0.00417358417099174,0.0236032959515041
664,352,8,27,8,1,SEG_LOW,T100,100,1,0.245018604651163,0.504351162790698,0.0691802850382965,0.0453247387510033,-0.0238555462872932,1.79518487624311,-0.0159575093010612,0.00789803698623204,0.00789803698623204,0.0532227757372353,0.00789803698623204,0.00789803698623204,0.0238555462872932
665,353,8,28,7,1,SEG_LOW,T100,100,1,0.244667441860465,0.52013023255814,0.0434576380188361,0.0185566720219158,-0.0249009659969204,1.83003219989735,-0.0117277000270597,0.0131732659698607,0.0131732659698607,0.0317299379917764,0.0131732659698606,0.0131732659698606,0.0249009659969203
666,354,8,29,6,1,SEG_LOW,T100,100,1,0.244316279069767,0.535909302325581,0.0187965417544851,0,-0.0187965417544851,1.62655139181617,-0.00683029323256085,0.0119662485219242,0.0119662485219242,0.0119662485219242,0.0119662485219242,0.0119662485219242,0.0187965417544851
667,355,8,30,5,1,SEG_LOW,T100,100,1,0.24396511627907,0.551688372093023,0,0,0,1,-0.00235044878965611,-0.00235044878965611,0.00235044878965611,0,0,0,0
668,356,8,31,4,1,SEG_LOW,T100,100,1,0.243613953488372,0.567467441860465,0,0,0,1,-0.00143520737555835,-0.00143520737555835,0.00143520737555835,0,0,0,0
669,357,8,32,3,1,SEG_LOW,T100,100,1,0.243262790697674,0.583246511627907,0,0,0,1,-0.000394530278344138,-0.000394530278344138,0.000394530278344138,0,0,0,0
670,358,8,33,2,1,SEG_LOW,T100,100,1,0.242911627906977,0.599025581395349,0,0,0,1,0.000771582501986471,0.000771582501986471,0.000771582501986471,0.000771582501986471,0.000771582501986471,0.000771582501986471,0
671,359,8,34,1,1,SEG_LOW,T100,100,1,0.242560465116279,0.614804651162791,0,0,0,1,0.00206313096543352,0.00206313096543352,0.00206313096543352,0.00206313096543352,0.00206313096543352,0.00206313096543352,0
672,360,8,35,0,1,SEG_LOW,T100,100,1,0.242209302325581,0.630583720930233,1.22927010334136e-16,0,-1.22927010334136e-16,1,0.00348011511199699,0.00348011511199712,0.00348011511199712,0.00348011511199712,0.00348011511199712,0.00348011511199712,1.22927010334136e-16
673,362,9,1,33,1,SEG_LOW,T100,100,1,0.266948837209302,0.10033488372093,0.238826405213405,0.202577373240864,-0.0362490319725415,2.20830106575138,0.0266454092436552,0.0628944412161967,0.0628944412161967,0.26547181445706,0.0628944412161962,0.0628944412161962,0.036249031972541
674,384,9,23,11,1,SEG_LOW,T100,100,1,0.259223255813954,0.447474418604651,0.244632260296891,0.222352551472035,-0.0222797088248561,1.74265696082854,-0.0250689336793003,-0.00278922485444419,0.00278922485444419,0.219563326617591,-0.0027892248544443,0.0027892248544443,0.022279708824856
675,385,9,24,10,1,SEG_LOW,T100,100,1,0.258872093023256,0.463253488372093,0.212221169332371,0.190073841228025,-0.022147328104346,1.73824427014487,-0.0260371372467203,-0.00388980914237433,0.00388980914237433,0.186184032085651,-0.00388980914237433,0.00388980914237433,0.022147328104346
676,386,9,25,9,1,SEG_LOW,T100,100,1,0.258520930232558,0.479032558139535,0.180341020807605,0.158945211766322,-0.0213958090412827,1.71319363470942,-0.0257869775083078,-0.00439116846702513,0.00439116846702513,0.154554043299297,-0.00439116846702484,0.00439116846702484,0.021395809041283
677,387,9,26,8,1,SEG_LOW,T100,100,1,0.25816976744186,0.494811627906977,0.150409476910065,0.128814755212762,-0.0215947216973036,1.71982405657679,-0.0244683388359339,-0.00287361713863032,0.00287361713863032,0.125941138074131,-0.00287361713863091,0.00287361713863091,0.021594721697303
678,388,9,27,7,1,SEG_LOW,T100,100,1,0.257818604651163,0.510590697674419,0.121845213425516,0.0993333089658475,-0.0225119044596682,1.75039681532227,-0.0221911670576612,0.000320737402007009,0.000320737402007009,0.0996540463678548,0.000320737402007318,0.000320737402007318,0.0225119044596685
679,389,9,28,6,1,SEG_LOW,T100,100,1,0.257467441860465,0.526369767441861,0.0948331760224215,0.0699541848852391,-0.0248789911371824,1.82929970457275,-0.0190912010167581,0.0057877901204243,0.0057877901204243,0.0757419750056634,0.0057877901204243,0.0057877901204243,0.0248789911371824
680,390,9,29,5,1,SEG_LOW,T100,100,1,0.257116279069767,0.542148837209302,0.0692765951491983,0.0411461863440039,-0.0281304088051943,1.93768029350648,-0.0152758286466083,0.012854580158586,0.012854580158586,0.05400076650259,0.0128545801585861,0.0128545801585861,0.0281304088051944
681,391,9,30,4,1,SEG_LOW,T100,100,1,0.25676511627907,0.557927906976744,0.0458026623565112,0.0117774640164356,-0.0340251983400757,2.13417327800252,-0.0109627495629945,0.0230624487770812,0.0230624487770812,0.0348399127935167,0.0230624487770811,0.0230624487770811,0.0340251983400756
682,392,9,31,3,1,SEG_LOW,T100,100,1,0.256413953488372,0.573706976744186,0.0241775975177024,0,-0.0241775975177024,1.80591991725675,-0.00625165551022297,0.0179259420074794,0.0179259420074794,0.0179259420074794,0.0179259420074794,0.0179259420074794,0.0241775975177024
683,393,9,32,2,1,SEG_LOW,T100,100,1,0.256062790697674,0.589486046511628,0.00543514630096424,0,-0.00543514630096424,1.18117154336547,-0.00148466003889423,0.00395048626207001,0.00395048626207001,0.00395048626207001,0.00395048626207001,0.00395048626207001,0.00543514630096424
684,394,9,33,1,1,SEG_LOW,T100,100,1,0.255711627906977,0.60526511627907,0,0,0,1,0.000808380750324686,0.000808380750324686,0.000808380750324686,0.000808380750324686,0.000808380750324686,0.000808380750324686,0
685,395,9,34,0,1,SEG_LOW,T100,100,1,0.255360465116279,0.621044186046512,0,0,0,1,0.00205118981208772,0.00205118981208772,0.00205118981208772,0.00205118981208772,0.00205118981208772,0.00205118981208772,0
686,397,10,1,32,1,SEG_LOW,T100,100,1,0.279748837209302,0.106574418604651,0.224844009569188,0.197788224570063,-0.0270557849991252,1.90185949997084,0.0262319813508039,0.0532877663499291,0.0532877663499291,0.251075990919992,0.0532877663499289,0.0532877663499289,0.027055784999125
687,421,10,25,8,1,SEG_LOW,T100,100,1,0.271320930232558,0.485272093023256,0.233971027709417,0.214285502569672,-0.0196855251397449,1.65618417132483,-0.0272237382776649,-0.00753821313791999,0.00753821313791999,0.206747289431752,-0.00753821313791989,0.00753821313791989,0.019685525139745
688,422,10,26,7,1,SEG_LOW,T100,100,1,0.27096976744186,0.501051162790698,0.202343151423791,0.181630389967677,-0.020712761456114,1.69042538187047,-0.0273415790232892,-0.00662881756717516,0.00662881756717516,0.175001572400502,-0.00662881756717515,0.00662881756717515,0.020712761456114
689,423,10,27,6,1,SEG_LOW,T100,100,1,0.270618604651163,0.51683023255814,0.172449908824651,0.149643882014521,-0.0228060268101297,1.76020089367099,-0.0263708495849423,-0.00356482277481258,0.00356482277481258,0.146079059239709,-0.00356482277481229,0.00356482277481229,0.02280602681013
690,424,10,28,5,1,SEG_LOW,T100,100,1,0.270267441860465,0.532609302325581,0.144497728824071,0.118004034253022,-0.0264936945710496,1.88312315236832,-0.0244781179415712,0.00201557662947839,0.00201557662947839,0.1200196108825,0.00201557662947778,0.00201557662947778,0.026493694571049
691,425,10,29,4,1,SEG_LOW,T100,100,1,0.269916279069767,0.548388372093023,0.118381711357968,0.086387501860462,-0.0319942094975061,2.06647364991687,-0.0218085688311643,0.0101856406663418,0.0101856406663418,0.0965731425268037,0.0101856406663417,0.0101856406663417,0.031994209497506
692,426,10,30,3,1,SEG_LOW,T100,100,1,0.26956511627907,0.564167441860465,0.0944486616148813,0.0542985945374009,-0.0401500670774804,2.33833556924935,-0.0185494393564357,0.0216006277210447,0.0216006277210447,0.0758992222584456,0.0216006277210447,0.0216006277210447,0.0401500670774804
693,427,10,31,2,1,SEG_LOW,T100,100,1,0.269213953488372,0.579946511627907,0.0731984128735955,0.0212716974437372,-0.0519267154298583,2.73089051432861,-0.0149341017701219,0.0369926136597364,0.0369926136597364,0.0582643111034736,0.0369926136597364,0.0369926136597364,0.0519267154298583
694,428,10,32,1,1,SEG_LOW,T100,100,1,0.268862790697674,0.595725581395349,0.0422331589592039,0,-0.0422331589592039,2.4077719653068,-0.00888411545291919,0.0333490435062847,0.0333490435062847,0.0333490435062847,0.0333490435062847,0.0333490435062847,0.0422331589592039
695,429,10,33,0,1,SEG_LOW,T100,100,1,0.268511627906977,0.611504651162791,0,0,0,1,0.000808020430515844,0.000808020430515844,0.000808020430515844,0.000808020430515844,0.000808020430515844,0.000808020430515844,0
696,431,11,1,31,1,SEG_LOW,T100,100,1,0.292548837209302,0.112813953488372,0.212408295743705,0.193528834129884,-0.018879461613821,1.62931538712737,0.0261358370709194,0.0450152986847405,0.0450152986847405,0.238544132814624,0.0450152986847405,0.0450152986847405,0.018879461613821
697,457,11,27,5,1,SEG_LOW,T100,100,1,0.283418604651163,0.52306976744186,0.22153862878949,0.196764817209452,-0.0247738115800377,1.82579371933459,-0.0287487823447854,-0.00397497076474774,0.00397497076474774,0.192789846444705,-0.00397497076474745,0.00397497076474745,0.024773811580038
698,458,11,28,4,1,SEG_LOW,T100,100,1,0.283067441860465,0.538848837209302,0.186763867250297,0.162725929782499,-0.0240379374677982,1.80126458225994,-0.0277851220122311,-0.0037471845444329,0.0037471845444329,0.158978745238066,-0.0037471845444331,0.0037471845444331,0.024037937467798
699,459,11,29,3,1,SEG_LOW,T100,100,1,0.282716279069767,0.554627906976744,0.136087850207231,0.128290442539737,-0.00779740766749387,1.25991358891646,-0.0239349956808465,-0.0161375880133526,0.0161375880133526,0.112152854526385,-0.0161375880133525,0.0161375880133525,0.00779740766749398
700,460,11,30,2,1,SEG_LOW,T100,100,1,0.28236511627907,0.570406976744186,0.0882155169936397,0.0914060732422231,0.00319055624858347,1.10635187495278,-0.0178548174722223,-0.0210453737208058,0.0210453737208058,0.0703606995214174,-0.0210453737208057,0.0210453737208057,0.00319055624858339
701,461,11,31,1,1,SEG_LOW,T100,100,1,0.282013953488372,0.586186046511628,0.042920457293135,0.0509992954051989,0.00807883811206391,1.26929460373546,-0.00986826764161419,-0.0179471057536781,0.0179471057536781,0.0330521896515208,-0.0179471057536781,0.0179471057536781,0.0080788381120639
702,462,11,32,0,1,SEG_LOW,T100,100,1,0.281662790697674,0.60196511627907,1.28771201990037e-16,0.0127108508380787,0.0127108508380785,1.42369502793595,-0.000249393032718565,-0.0129602438707971,0.0129602438707971,0,-0.0127108508380787,0.0127108508380787,0.0127108508380786
703,464,12,1,30,1,SEG_LOW,T100,100,1,0.305348837209302,0.119053488372093,0.201276081232339,0.189715908813884,-0.0115601724184558,1.38533908061519,0.0262809518884233,0.0378411243068791,0.0378411243068791,0.227557033120762,0.0378411243068783,0.0378411243068783,0.011560172418455
704,489,12,26,5,1,SEG_LOW,T100,100,1,0.29656976744186,0.513530232558139,0.244964868473302,0.230786219120065,-0.0141786493532364,1.47262164510788,-0.0288881655868748,-0.0147095162336384,0.0147095162336384,0.216076702886427,-0.0147095162336378,0.0147095162336378,0.014178649353237
705,490,12,27,4,1,SEG_LOW,T100,100,1,0.296218604651163,0.529309302325581,0.190129839506641,0.181882528433292,-0.00824731107334878,1.27491036911163,-0.0280196023088933,-0.0197722912355446,0.0197722912355446,0.162110237197748,-0.0197722912355443,0.0197722912355443,0.008247311073349
706,491,12,28,3,1,SEG_LOW,T100,100,1,0.295867441860465,0.545088372093023,0.138469509513808,0.135810139189509,-0.00265937032429928,1.08864567747664,-0.0244337959689911,-0.0217744256446918,0.0217744256446918,0.114035713544817,-0.0217744256446921,0.0217744256446921,0.002659370324299
707,492,12,29,2,1,SEG_LOW,T100,100,1,0.295516279069767,0.560867441860465,0.0897159339172087,0.0923300895610152,0.0026141556438065,1.08713852146022,-0.0185366171286797,-0.0211507727724862,0.0211507727724862,0.071179316788529,-0.0211507727724862,0.0211507727724862,0.0026141556438065
708,493,12,30,1,1,SEG_LOW,T100,100,1,0.29516511627907,0.576646511627907,0.0436304957505202,0.051229573052883,0.00759907730236278,1.25330257674543,-0.0106695913650863,-0.0182686686674491,0.0182686686674491,0.0329609043854339,-0.0182686686674491,0.0182686686674491,0.0075990773023628
709,494,12,31,0,1,SEG_LOW,T100,100,1,0.294813953488372,0.592425581395349,2.61689481391922e-16,0.012318455307486,0.0123184553074857,1.41061517691619,-0.00112105057761563,-0.0134395058851013,0.0134395058851013,0,-0.012318455307486,0.012318455307486,0.0123184553074857
710,496,13,1,29,1,SEG_LOW,T100,100,1,0.318148837209302,0.125293023255814,0.191252625037627,0.186282747349053,-0.00496987768857415,1.16566258961914,0.0266102868389243,0.0315801645274985,0.0315801645274985,0.217862911876551,0.0315801645274983,0.0315801645274983,0.00496987768857399
711,520,13,25,5,1,SEG_LOW,T100,100,1,0.309720930232558,0.503990697674419,0.249601562997367,0.234452700349153,-0.0151488626482148,1.50496208827383,-0.028546315374793,-0.0133974527265782,0.0133974527265782,0.221055247622574,-0.013397452726579,0.013397452726579,0.015148862648214
712,521,13,26,4,1,SEG_LOW,T100,100,1,0.30936976744186,0.51976976744186,0.193619365735411,0.184540155051722,-0.00907921068368828,1.30264035612294,-0.0280605920035772,-0.0189813813198889,0.0189813813198889,0.165558773731834,-0.0189813813198882,0.0189813813198882,0.009079210683689
713,522,13,27,3,1,SEG_LOW,T100,100,1,0.309018604651163,0.535548837209302,0.140936016066641,0.137568792629873,-0.00336722343676746,1.11224078122558,-0.0247472138309048,-0.0213799903941373,0.0213799903941373,0.116188802235736,-0.0213799903941368,0.0213799903941368,0.00336722343676799
714,523,13,28,2,1,SEG_LOW,T100,100,1,0.308667441860465,0.551327906976744,0.0912682737686809,0.0932860820805203,0.00201780831183944,1.06726027706131,-0.0190361805778797,-0.0210539888897191,0.0210539888897191,0.0722320931908012,-0.0210539888897191,0.0210539888897191,0.00201780831183941
715,524,13,29,1,1,SEG_LOW,T100,100,1,0.308316279069767,0.567106976744186,0.0443644218936896,0.0514675978867004,0.00710317599301088,1.23677253310036,-0.0112882132444132,-0.0183913892374241,0.0183913892374241,0.0330762086492764,-0.018391389237424,0.018391389237424,0.00710317599301079
716,525,13,30,0,1,SEG_LOW,T100,100,1,0.30796511627907,0.582886046511628,0,0.0119132158569716,0.0119132158569716,1.39710719523239,-0.00180695220417506,-0.0137201680611467,0.0137201680611467,0,-0.0119132158569716,0.0119132158569716,0.0119132158569716
717,526,14,0,29,1,SEG_LOW,T100,100,1,0.3313,0.115753488372093,6.69662510128003e-16,0.000202284478995272,0.000202284478994602,1.00674281596649,0.03783371393782,0.0376314294588254,0.0376314294588254,0.0378337139378206,0.0376314294588254,0.0376314294588254,0.000202284478994602
718,527,14,1,28,1,SEG_LOW,T100,100,1,0.330948837209302,0.131532558139535,0.182180138024491,0.183175304946092,0.000995166921600982,1.03317223072003,0.0270804174515178,0.0260852505299168,0.0260852505299168,0.209260555476009,0.0260852505299168,0.0260852505299168,0.000995166921600982
719,551,14,25,4,1,SEG_LOW,T100,100,1,0.322520930232558,0.510230232558139,0.197239376028286,0.187297158462105,-0.00994221756618105,1.33140725220603,-0.0279070904731632,-0.0179648729069821,0.0179648729069821,0.169332285555123,-0.0179648729069821,0.0179648729069821,0.00994221756618099
720,552,14,26,3,1,SEG_LOW,T100,100,1,0.32216976744186,0.526009302325581,0.143491986152524,0.139391234812257,-0.00410075134026727,1.13669171134224,-0.0248749949189807,-0.0207742435787135,0.0207742435787135,0.118616991233543,-0.0207742435787137,0.0207742435787137,0.00410075134026702
721,553,14,27,2,1,SEG_LOW,T100,100,1,0.321818604651163,0.541788372093023,0.0928752792458006,0.0942757398629149,0.00140046061711435,1.04668202057048,-0.019353588114851,-0.0207540487319653,0.0207540487319653,0.0735216911309496,-0.0207540487319653,0.0207540487319653,0.00140046061711431
722,554,14,28,1,1,SEG_LOW,T100,100,1,0.321467441860465,0.557567441860465,0.0451234618204805,0.0517137675512047,0.0065903057307242,1.21967685769081,-0.0117242670967599,-0.0183145728274841,0.0183145728274841,0.0333991947237205,-0.0183145728274842,0.0183145728274842,0.0065903057307242
723,555,14,29,0,1,SEG_LOW,T100,100,1,0.321116279069767,0.573346511627907,0,0.0114944913819706,0.0114944913819706,1.38314971273235,-0.00230709791239713,-0.0138015892943677,0.0138015892943677,0,-0.0114944913819706,0.0114944913819706,0.0114944913819706
724,556,15,0,28,1,SEG_LOW,T100,100,1,0.3441,0.121993023255814,0,0.0063692411675454,0.0063692411675454,1.21230803891818,0.0392559610328497,0.0328867198653043,0.0328867198653043,0.0392559610328497,0.0328867198653043,0.0328867198653043,0.0063692411675454
725,557,15,1,27,1,SEG_LOW,T100,100,1,0.343748837209302,0.137772093023256,0.173929415389879,0.180349327313636,0.00641991192375732,1.21399706412524,0.027657847353754,0.0212379354299966,0.0212379354299966,0.201587262743633,0.0212379354299969,0.0212379354299969,0.00641991192375702
726,580,15,24,4,1,SEG_LOW,T100,100,1,0.335672093023256,0.500690697674419,0.200997328626177,0.190159218868075,-0.0108381097581026,1.36127032527009,-0.0275579768175769,-0.0167198670594743,0.0167198670594743,0.1734393518086,-0.0167198670594749,0.0167198670594749,0.010838109758102
727,581,15,25,3,1,SEG_LOW,T100,100,1,0.335320930232558,0.51646976744186,0.146142377121615,0.141281000396195,-0.00486137672541959,1.16204589084732,-0.0248168454257091,-0.0199554687002896,0.0199554687002896,0.121325531695906,-0.0199554687002892,0.0199554687002892,0.00486137672542
728,582,15,26,2,1,SEG_LOW,T100,100,1,0.33496976744186,0.532248837209302,0.0945398896766024,0.0953008730631147,0.000760983386512273,1.02536611288374,-0.0194889180829486,-0.0202499014694609,0.0202499014694609,0.0750509715936538,-0.0202499014694609,0.0202499014694609,0.000760983386512301
729,583,15,27,1,1,SEG_LOW,T100,100,1,0.334618604651163,0.548027906976744,0.0459089269995905,0.0519685073781846,0.00605958037859417,1.20198601261981,-0.0119778944315709,-0.0180374748101651,0.0180374748101651,0.0339310325680196,-0.018037474810165,0.018037474810165,0.0060595803785941
730,584,15,28,0,1,SEG_LOW,T100,100,1,0.334267441860465,0.563806976744186,-1.37486364618896e-16,0.0110615973883194,0.0110615973883195,1.36871991294398,-0.0026214877022818,-0.0136830850906013,0.0136830850906013,0,-0.0110615973883194,0.0110615973883194,0.0110615973883195
731,585,16,0,27,1,SEG_LOW,T100,100,1,0.3569,0.128232558139535,6.04493684786203e-16,0.0119360547732024,0.0119360547732018,1.39786849244006,0.040641049559732,0.0287049947865302,0.0287049947865302,0.0406410495597326,0.0287049947865302,0.0287049947865302,0.0119360547732018
732,586,16,1,26,1,SEG_LOW,T100,100,1,0.356548837209302,0.144011627906977,0.166393644352477,0.177768229713086,0.0113745853606085,1.37915284535362,0.0283164302722431,0.0169418449116346,0.0169418449116346,0.19471007462472,0.0169418449116341,0.0169418449116341,0.011374585360609
733,608,16,23,4,1,SEG_LOW,T100,100,1,0.348823255813954,0.491151162790698,0.204901261209925,0.19313245777529,-0.0117688034346352,1.39229344782117,-0.0270119938213675,-0.0152431903867323,0.0152431903867323,0.177889267388557,-0.0152431903867326,0.0152431903867326,0.011768803434635
734,609,16,24,3,1,SEG_LOW,T100,100,1,0.348472093023256,0.50693023255814,0.148892519478496,0.143241890105516,-0.00565062937298036,1.18835431243268,-0.0245724263895725,-0.0189217970165922,0.0189217970165922,0.124320093088923,-0.0189217970165925,0.0189217970165925,0.00565062937298
735,610,16,25,2,1,SEG_LOW,T100,100,1,0.348120930232558,0.522709302325581,0.0962652589620936,0.0963634239785922,9.81650164985914e-05,1.00327216721662,-0.0194422459795438,-0.0195404109960424,0.0195404109960424,0.0768230129825498,-0.0195404109960424,0.0195404109960424,9.81650164985914e-05
736,611,16,26,1,1,SEG_LOW,T100,100,1,0.347769767441861,0.538488372093023,0.0467222218324659,0.0522322728391119,0.00551005100664606,1.1836683668882,-0.0120492449854278,-0.0175592959920739,0.0175592959920739,0.0346729768470381,-0.0175592959920738,0.0175592959920738,0.005510051006646
737,612,16,27,0,1,SEG_LOW,T100,100,1,0.347418604651163,0.554267441860465,0,0.0106138022583523,0.0106138022583523,1.35379340861174,-0.00275012157382895,-0.0133639238321812,0.0133639238321812,0,-0.0106138022583523,0.0106138022583523,0.0106138022583523
738,613,17,0,26,1,SEG_LOW,T100,100,1,0.3697,0.134472093023256,0,0.0169862656116557,0.0169862656116557,1.56620885372186,0.0419889795184674,0.0250027139068117,0.0250027139068117,0.0419889795184674,0.0250027139068117,0.0250027139068117,0.0169862656116557
739,614,17,1,25,1,SEG_LOW,T100,100,1,0.369348837209302,0.150251162790698,0.159483754744415,0.175401504477019,0.0159177497326041,1.53059165775347,0.0290355364118839,0.0131177866792798,0.0131177866792798,0.188519291156299,0.0131177866792799,0.0131177866792799,0.015917749732604
740,635,17,22,4,1,SEG_LOW,T100,100,1,0.361974418604651,0.481611627906977,0.208959848286663,0.196223481696941,-0.0127363665897224,1.42454555299075,-0.0262677294810324,-0.01353136289131,0.01353136289131,0.182692118805631,-0.0135313628913104,0.0135313628913104,0.012736366589722
741,636,17,23,3,1,SEG_LOW,T100,100,1,0.361623255813953,0.497390697674419,0.151748152666111,0.145277996242777,-0.00647015642333393,1.2156718807778,-0.0241413471133223,-0.0176711906899884,0.0176711906899884,0.127606805552789,-0.0176711906899883,0.0176711906899883,0.00647015642333398
742,637,17,24,2,1,SEG_LOW,T100,100,1,0.361272093023256,0.51316976744186,0.0980547755202049,0.0974654793316537,-0.000589296188551192,1.01964320628504,-0.0192136433805975,-0.0186243471920463,0.0186243471920463,0.0788411321396074,-0.0186243471920463,0.0186243471920463,0.000589296188551205
743,638,17,25,1,1,SEG_LOW,T100,100,1,0.360920930232558,0.528948837209302,0.0475648520334648,0.0525055522629733,0.00494070022950859,1.16469000765029,-0.0119384772986445,-0.0168791775281531,0.0168791775281531,0.0356263747348203,-0.016879177528153,0.016879177528153,0.0049407002295085
744,639,17,26,0,1,SEG_LOW,T100,100,1,0.36056976744186,0.544727906976744,0,0.010150323124653,0.010150323124653,1.3383441041551,-0.00269299952703873,-0.0128433226516917,0.0128433226516917,0,-0.010150323124653,0.010150323124653,0.010150323124653
745,640,18,0,25,1,SEG_LOW,T100,100,1,0.3825,0.140711627906977,5.5088390868858e-16,0.0215885963826929,0.0215885963826924,1.71961987942308,0.0432997509090556,0.0217111545263632,0.0217111545263632,0.0432997509090562,0.0217111545263633,0.0217111545263633,0.0215885963826923
746,641,18,1,24,1,SEG_LOW,T100,100,1,0.382148837209302,0.156490697674419,0.153124881879109,0.173223509496362,0.0200986276172523,1.66995425390841,0.0297987281145122,0.00970010049725989,0.00970010049725989,0.182923609993621,0.0097001004972592,0.0097001004972592,0.020098627617253
747,661,18,21,4,1,SEG_LOW,T100,100,1,0.375125581395349,0.472072093023256,0.213182465534088,0.199439431158411,-0.0137430343756768,1.45810114585589,-0.0253235956775268,-0.01158056130185,0.01158056130185,0.187858869856561,-0.0115805613018498,0.0115805613018498,0.013743034375677
748,662,18,22,3,1,SEG_LOW,T100,100,1,0.374774418604651,0.487851162790698,0.154715465048063,0.147393731197206,-0.00732173385085719,1.24405779502857,-0.0235231575407159,-0.0162014236898588,0.0162014236898588,0.131192307507347,-0.0162014236898589,0.0162014236898589,0.00732173385085699
749,663,18,23,2,1,SEG_LOW,T100,100,1,0.374423255813954,0.50363023255814,0.0999120844963542,0.0986092839475858,-0.00130280054876847,1.04342668495895,-0.0188031766491069,-0.0175003761003384,0.0175003761003384,0.0811089078472473,-0.0175003761003385,0.0175003761003385,0.00130280054876841
750,664,18,24,1,1,SEG_LOW,T100,100,1,0.374072093023256,0.519409302325581,0.0484384339334821,0.0527888698535958,0.00435043592011374,1.14501453067046,-0.0116457593368531,-0.0159961952569668,0.0159961952569668,0.036792674596629,-0.0159961952569668,0.0159961952569668,0.0043504359201137
751,665,18,25,0,1,SEG_LOW,T100,100,1,0.373720930232558,0.535188372093023,0,0.00967032130251559,0.00967032130251559,1.32234404341719,-0.00245012156191098,-0.0121204428644266,0.0121204428644266,0,-0.00967032130251559,0.00967032130251559,0.00967032130251559
752,666,19,0,24,1,SEG_LOW,T100,100,1,0.3953,0.146951162790698,5.27493420992755e-16,0.0258000979442572,0.0258000979442567,1.86000326480856,0.0445733637314968,0.0187732657872401,0.0187732657872401,0.0445733637314973,0.0187732657872401,0.0187732657872401,0.0258000979442567
753,667,19,1,23,1,SEG_LOW,T100,100,1,0.394948837209302,0.16273023255814,0.147253643160705,0.171212535424417,0.0239588922637111,1.7986297421237,0.0305927898781289,0.00663389761441777,0.00663389761441777,0.177846433038834,0.00663389761441688,0.00663389761441688,0.023958892263712
754,686,19,20,4,1,SEG_LOW,T100,100,1,0.388276744186047,0.462532558139535,0.217579262107155,0.202788035766128,-0.0147912263410274,1.49304087803425,-0.0241778034911777,-0.00938657715015032,0.00938657715015032,0.193401458615977,-0.0093865771501507,0.0093865771501507,0.014791226341027
755,687,19,21,3,1,SEG_LOW,T100,100,1,0.387925581395349,0.478311627906977,0.157801138675392,0.14959385936403,-0.00820727931136192,1.2735759770454,-0.0227173394079503,-0.0145100600965884,0.0145100600965884,0.135083799267442,-0.0145100600965883,0.0145100600965883,0.008207279311362
756,688,19,22,2,1,SEG_LOW,T100,100,1,0.387574418604651,0.494090697674419,0.101841112546962,0.0997972560173281,-0.00204385652963369,1.06812855098779,-0.0182109053852826,-0.0161670488556489,0.0161670488556489,0.0836302071616794,-0.0161670488556487,0.0161670488556487,0.0020438565296339
757,689,19,23,1,1,SEG_LOW,T100,100,1,0.387223255813954,0.50986976744186,0.0493447048279886,0.0530827890456917,0.00373808421770309,1.12460280725677,-0.0111712691609988,-0.0149093533787019,0.0149093533787019,0.0381734356669898,-0.0149093533787019,0.0149093533787019,0.0037380842177031
758,690,19,24,0,1,SEG_LOW,T100,100,1,0.386872093023256,0.525648837209302,-1.47466837348797e-16,0.00917289722505352,0.00917289722505367,1.30576324083512,-0.0020214876784458,-0.0111943849034995,0.0111943849034995,0,-0.00917289722505352,0.00917289722505352,0.00917289722505367
759,691,20,0,23,1,SEG_LOW,T100,100,1,0.4081,0.153190697674419,5.06008346173051e-16,0.0296685263126678,0.0296685263126673,1.98895087708891,0.0458098179857908,0.0161412916731235,0.0161412916731235,0.0458098179857913,0.0161412916731235,0.0161412916731235,0.0296685263126673
760,692,20,1,22,1,SEG_LOW,T100,100,1,0.407748837209302,0.16896976744186,0.14181601809223,0.169350079552645,0.0275340614604148,1.91780204868049,0.0314070087693835,0.00387294730896868,0.00387294730896868,0.173223026861613,0.00387294730896845,0.00387294730896845,0.027534061460415
761,710,20,19,4,1,SEG_LOW,T100,100,1,0.401427906976744,0.452993023255814,0.222161242080991,0.206277676234563,-0.0158835658464281,1.52945219488094,-0.0228283345559211,-0.00694476870949303,0.00694476870949303,0.19933290752507,-0.00694476870949312,0.00694476870949312,0.015883565846428
762,711,20,20,3,1,SEG_LOW,T100,100,1,0.401076744186046,0.468772093023256,0.16101239951939,0.151883532961175,-0.0091288665582154,1.30429555194051,-0.0217232959497433,-0.0125944293915279,0.0125944293915279,0.139289103569647,-0.0125944293915283,0.0125944293915283,0.00912886655821502
763,712,20,21,2,1,SEG_LOW,T100,100,1,0.400725581395349,0.484551162790698,0.103846095550498,0.101032004163037,-0.00281409138746033,1.09380304624868,-0.0174368805675916,-0.0146227891801313,0.0146227891801313,0.0864092149829064,-0.0146227891801306,0.0146227891801306,0.002814091387461
764,713,20,22,1,1,SEG_LOW,T100,100,1,0.400374418604651,0.50033023255814,0.0502855345088708,0.0533879162448335,0.0031023817359627,1.10341272453209,-0.0105151956492974,-0.0136175773852601,0.0136175773852601,0.0397703388595734,-0.0136175773852601,0.0136175773852601,0.0031023817359627
765,714,20,23,0,1,SEG_LOW,T100,100,1,0.400023255813953,0.516109302325581,0,0.0086570848166022,0.0086570848166022,1.28856949388674,-0.00140709787664325,-0.0100641826932455,0.0100641826932455,0,-0.0086570848166022,0.0086570848166022,0.0086570848166022
766,715,21,0,22,1,SEG_LOW,T100,100,1,0.4209,0.15943023255814,0,0.0332341614985995,0.0332341614985995,2.10780538328665,0.0470091136719378,0.0137749521733383,0.0137749521733383,0.0470091136719378,0.0137749521733383,0.0137749521733383,0.0332341614985995
767,716,21,1,21,1,SEG_LOW,T100,100,1,0.420548837209302,0.175209302325581,0.136765681265293,0.167620274838399,0.0308545935731058,2.02848645243686,0.0322326342802022,0.00137804070709641,0.00137804070709641,0.168998315545495,0.00137804070709621,0.00137804070709621,0.030854593573106
768,733,21,18,4,1,SEG_LOW,T100,100,1,0.414579069767442,0.443453488372093,0.226940356405748,0.209917454419143,-0.0170229019866049,1.56743006622016,-0.02127290772699,-0.00425000574038513,0.00425000574038513,0.205667448678758,-0.00425000574038503,0.00425000574038503,0.017022901986605
769,734,21,19,3,1,SEG_LOW,T100,100,1,0.414227906976744,0.459232558139535,0.164357073965273,0.154268332310033,-0.0100887416552398,1.33629138850799,-0.0205403398957298,-0.01045159824049,0.01045159824049,0.143816734069543,-0.0104515982404898,0.0104515982404898,0.01008874165524
770,735,21,20,2,1,SEG_LOW,T100,100,1,0.413876744186047,0.475011627906977,0.105931609657609,0.102316346559988,-0.00361526309762142,1.12050876992071,-0.0164811423231342,-0.0128658792255127,0.0128658792255127,0.0894504673344748,-0.0128658792255132,0.0128658792255132,0.003615263097621
771,736,21,21,1,1,SEG_LOW,T100,100,1,0.413525581395349,0.490790697674419,0.0512629381411464,0.0537049050035938,0.00244196686244744,1.08139889541491,-0.00967773927480203,-0.0121197061372495,0.0121197061372495,0.0415851988663444,-0.0121197061372494,0.0121197061372494,0.0024419668624474
772,737,21,22,0,1,SEG_LOW,T100,100,1,0.413174418604651,0.50656976744186,0,0.00812184523037537,0.00812184523037537,1.27072817434585,-0.000606952156503154,-0.00872879738687852,0.00872879738687852,0,-0.00812184523037537,0.00812184523037537,0.00812184523037537
773,738,22,0,21,1,SEG_LOW,T100,100,1,0.4337,0.16566976744186,4.67893284189775e-16,0.0365312153317739,0.0365312153317734,2.21770717772578,0.0481712507899377,0.0116400354581643,0.0116400354581643,0.0481712507899381,0.0116400354581642,0.0116400354581642,0.0365312153317734
774,739,22,1,20,1,SEG_LOW,T100,100,1,0.433348837209302,0.181448837209302,0.132062679293634,0.1660094367378,0.0339467574441666,2.13155858147222,0.0330624684634047,-0.000884288980761913,0.000884288980761913,0.165125147757039,-0.000884288980761316,0.000884288980761316,0.033946757444166
775,740,22,2,19,1,SEG_LOW,T100,100,1,0.432997674418605,0.197227906976744,0.242994208719157,0.274770043479175,0.0317758347600173,2.05919449200058,0.0301926503117021,-0.00158318444831518,0.00158318444831518,0.273186859030859,-0.0015831844483159,0.0015831844483159,0.031775834760018
776,755,22,17,4,1,SEG_LOW,T100,100,1,0.42773023255814,0.433913953488372,0.231929606991152,0.213717272587142,-0.0182123344040098,1.60707781346699,-0.0195089401852425,-0.00129660578123271,0.00129660578123271,0.212420666805909,-0.0012966057812325,0.0012966057812325,0.01821233440401
777,756,22,18,3,1,SEG_LOW,T100,100,1,0.427379069767442,0.449693023255814,0.167843652496393,0.156754311243198,-0.0110893412531952,1.36964470843984,-0.0191676794385875,-0.00807833818539234,0.00807833818539234,0.148675973057805,-0.00807833818539255,0.00807833818539255,0.011089341253195
778,757,22,19,2,1,SEG_LOW,T100,100,1,0.427027906976744,0.465472093023256,0.108102606159363,0.10365333240982,-0.00444927374954281,1.14830912498476,-0.0153437172527044,-0.0108944435031615,0.0108944435031615,0.0927588889066586,-0.0108944435031614,0.0108944435031614,0.004449273749543
779,758,22,20,1,1,SEG_LOW,T100,100,1,0.426676744186047,0.481251162790698,0.0522790906711548,0.0540344606943661,0.00175537002321123,1.05851233410704,-0.00865911294224952,-0.0104144829654607,0.0104144829654607,0.0436199777289053,-0.0104144829654608,0.0104144829654608,0.0017553700232113
780,759,22,21,0,1,SEG_LOW,T100,100,1,0.426325581395349,0.497030232558139,1.55957860310361e-16,0.00756605986496005,0.00756605986495989,1.25220199549866,0.000378949481974221,-0.00718711038298567,0.00718711038298567,0.000378949481974377,-0.00718711038298567,0.00718711038298567,0.00756605986495989
781,760,23,0,20,1,SEG_LOW,T100,100,1,0.4465,0.171909302325581,4.50910861312905e-16,0.0395889326994139,0.0395889326994134,2.31963108998045,0.0492962293397904,0.00970729664037701,0.00970729664037701,0.0492962293397909,0.00970729664037696,0.00970729664037696,0.0395889326994135
782,761,23,1,19,1,SEG_LOW,T100,100,1,0.446148837209302,0.187688372093023,0.127672371651763,0.164505700429483,0.0368333287777201,2.227777625924,0.0338905517929702,-0.00294277698474987,0.00294277698474987,0.161562923444733,-0.00294277698474976,0.00294277698474976,0.03683332877772
783,762,23,2,18,1,SEG_LOW,T100,100,1,0.445797674418605,0.203467441860465,0.235542545553878,0.270047669173404,0.034505123619526,2.15017078731753,0.0300918542674165,-0.00441326935210951,0.00441326935210951,0.265634399821294,-0.00441326935210951,0.00441326935210951,0.034505123619526
784,776,23,16,4,1,SEG_LOW,T100,100,1,0.440881395348837,0.424374418604651,0.23714316482938,0.217687923380182,-0.0194552414491971,1.64850804830657,-0.0175335019150328,0.00192173953416432,0.00192173953416432,0.219609662914347,0.00192173953416522,0.00192173953416522,0.019455241449198
785,777,23,17,3,1,SEG_LOW,T100,100,1,0.44053023255814,0.440153488372093,0.171481361659899,0.159348048416975,-0.0121333132429247,1.40444377476416,-0.0176044017886109,-0.00547108854568623,0.00547108854568623,0.153876959871288,-0.00547108854568693,0.00547108854568693,0.012133313242924
786,778,23,18,2,1,SEG_LOW,T100,100,1,0.440179069767442,0.455932558139535,0.110364450732794,0.105046266109508,-0.00531818462328604,1.1772728207762,-0.014024615219721,-0.00870643059643495,0.00870643059643495,0.096339835513073,-0.008706430596435,0.008706430596435,0.005318184623286
787,779,23,19,1,1,SEG_LOW,T100,100,1,0.439827906976744,0.471711627906977,0.053336342983038,0.0543773457491923,0.0010410027661543,1.03470009220514,-0.00745954288778577,-0.00850054565394007,0.00850054565394007,0.0458768000952522,-0.00850054565394007,0.00850054565394007,0.0010410027661543
788,780,23,20,0,1,SEG_LOW,T100,100,1,0.439476744186046,0.487490697674419,0,0.00698852256086593,0.00698852256086593,1.23295075202886,0.00155060703878921,-0.00543791552207672,0.00543791552207672,0.00155060703878921,-0.00543791552207672,0.00543791552207672,0.00698852256086593
789,781,24,0,19,1,SEG_LOW,T100,100,1,0.4593,0.178148837209302,0,0.0424324613641815,0.0424324613641815,2.41441537880605,0.0503840493214961,0.00795158795731457,0.00795158795731457,0.0503840493214961,0.00795158795731457,0.00795158795731457,0.0424324613641815
790,782,24,1,18,1,SEG_LOW,T100,100,1,0.458948837209302,0.193927906976744,0.12356457598157,0.163098728071211,0.0395341520896413,2.31780506965471,0.0347119201443353,-0.00482223194530595,0.00482223194530595,0.158276496125905,-0.00482223194530565,0.00482223194530565,0.039534152089641
791,783,24,2,17,1,SEG_LOW,T100,100,1,0.458597674418605,0.209706976744186,0.228534309812743,0.265606310021943,0.0370720002091997,2.23573334030666,0.0300630619178778,-0.0070089382913219,0.0070089382913219,0.258597371730621,-0.00700893829132221,0.00700893829132221,0.0370720002092
792,796,24,15,4,1,SEG_LOW,T100,100,1,0.454032558139535,0.41483488372093,0.242596504416047,0.221841192189391,-0.0207553122266556,1.69184374088852,-0.0153432622616333,0.00541204996502227,0.00541204996502227,0.227253242154414,0.00541204996502267,0.00541204996502267,0.020755312226656
793,797,24,16,3,1,SEG_LOW,T100,100,1,0.453681395348837,0.430613953488372,0.175280245598078,0.16205670544436,-0.0132235401537179,1.4407846717906,-0.0158494538471149,-0.00262591369339702,0.00262591369339702,0.159430791750963,-0.0026259136933969,0.0026259136933969,0.013223540153718
794,798,24,17,2,1,SEG_LOW,T100,100,1,0.45333023255814,0.446393023255814,0.112722967718587,0.106498734519313,-0.00622423319927409,1.2074744399758,-0.0125238254922238,-0.00629959229294972,0.00629959229294972,0.100199142226363,-0.0062995922929498,0.0062995922929498,0.00622423319927401
795,799,24,18,1,1,SEG_LOW,T100,100,1,0.452979069767442,0.462172093023256,0.0544372400560924,0.0547343855484999,0.000297145492407488,1.00990484974692,-0.00607926964494739,-0.00637641513735488,0.00637641513735488,0.048357970411145,-0.00637641513735489,0.00637641513735489,0.000297145492407502
796,800,24,19,0,1,SEG_LOW,T100,100,1,0.452627906976744,0.477951162790698,0,0.00638793086256576,0.00638793086256576,1.21293102875219,0.00290802051394152,-0.00347991034862424,0.00347991034862424,0.00290802051394152,-0.00347991034862424,0.00347991034862424,0.00638793086256576
797,801,25,0,18,1,SEG_LOW,T100,100,1,0.4721,0.184388372093023,4.20394034067517e-16,0.0450835451790358,0.0450835451790354,2.50278483930118,0.0514347107350545,0.00635116555601908,0.00635116555601908,0.0514347107350549,0.0063511655560191,0.0063511655560191,0.0450835451790354
798,802,25,1,17,1,SEG_LOW,T100,100,1,0.471748837209302,0.200167441860465,0.11971287325178,0.161779470808145,0.042066597556365,2.4022199185455,0.035522415161577,-0.00654418239478801,0.00654418239478801,0.155235288413357,-0.00654418239478802,0.00654418239478802,0.042066597556365
799,803,25,2,16,1,SEG_LOW,T100,100,1,0.471397674418605,0.215946511627907,0.221931064465299,0.261421607161411,0.0394905426961116,2.31635142320372,0.0300932737260561,-0.00939726897005552,0.00939726897005552,0.252024338191355,-0.00939726897005588,0.00939726897005588,0.039490542696112
800,815,25,14,4,1,SEG_LOW,T100,100,1,0.467183720930233,0.405295348837209,0.248306557154587,0.226189973988328,-0.0221165831662593,1.73721943887531,-0.0129344269867476,0.0091821561795117,0.0091821561795117,0.235372130167839,0.0091821561795114,0.0091821561795114,0.022116583166259
801,816,25,15,3,1,SEG_LOW,T100,100,1,0.466832558139535,0.421074418604651,0.17925125866235,0.164888092930112,-0.0143631657322385,1.47877219107462,-0.0139016194290015,0.000461546303236979,0.000461546303236979,0.165349639233348,0.000461546303236471,0.000461546303236471,0.014363165732238
802,817,25,16,2,1,SEG_LOW,T100,100,1,0.466481395348837,0.436853488372093,0.115184490200083,0.108014637803425,-0.00716985239665813,1.2389950798886,-0.0108413121023041,-0.00367145970564594,0.00367145970564594,0.104343178097779,-0.00367145970564607,0.00367145970564607,0.007169852396658
803,818,25,17,1,1,SEG_LOW,T100,100,1,0.46613023255814,0.452632558139535,0.055584541418202,0.0551064750545028,-0.000478066363699181,1.01593554545664,-0.00451854907987938,-0.0040404827161802,0.0040404827161802,0.0510659923383226,-0.00404048271618018,0.00404048271618018,0.000478066363699202
804,819,25,18,0,1,SEG_LOW,T100,100,1,0.465779069767442,0.468411627906977,0,0.00576287621281259,0.00576287621281259,1.19209587376042,0.00445118990743134,-0.00131168630538125,0.00131168630538125,0.00445118990743134,-0.00131168630538125,0.00131168630538125,0.00576287621281259
805,820,26,0,17,1,SEG_LOW,T100,100,1,0.4849,0.190627906976744,4.06633912152144e-16,0.04756108116236,0.0475610811623596,2.58536937207865,0.0524482135804659,0.00488713241810629,0.00488713241810629,0.0524482135804663,0.0048871324181063,0.0048871324181063,0.0475610811623596
806,821,26,1,16,1,SEG_LOW,T100,100,1,0.484548837209302,0.206406976744186,0.116094038944591,0.160539973947013,0.0444459350024222,2.48153116674741,0.0363185350862144,-0.00812739991620781,0.00812739991620781,0.152412574030805,-0.00812739991620762,0.00812739991620762,0.044445935002422
807,822,26,2,15,1,SEG_LOW,T100,100,1,0.484197674418605,0.222186046511628,0.215698690109423,0.257471937957459,0.0417732478480352,2.39244159493451,0.0301713365637457,-0.0116019112842895,0.0116019112842895,0.245870026673169,-0.0116019112842903,0.0116019112842903,0.041773247848036
808,834,26,14,3,1,SEG_LOW,T100,100,1,0.479983720930233,0.41153488372093,0.183406370908242,0.167850745690124,-0.0155556252181182,1.51852084060394,-0.0117594923377849,0.00379613288033325,0.00379613288033325,0.171646878570457,0.00379613288033304,0.00379613288033304,0.015555625218118
809,835,26,15,2,1,SEG_LOW,T100,100,1,0.479632558139535,0.427313953488372,0.117755916790198,0.109598224401602,-0.00815769238859633,1.27192307961988,-0.00897700825641258,-0.000819315867816249,0.000819315867816249,0.108778908533785,-0.00081931586781657,0.00081931586781657,0.00815769238859601
810,836,26,16,1,1,SEG_LOW,T100,100,1,0.479281395348837,0.443093023255814,0.0567812442413661,0.0554945863014768,-0.00128665793988922,1.04288859799631,-0.00277765349806745,-0.00149099555817823,0.00149099555817823,0.0540035907432986,-0.00149099555817815,0.00149099555817815,0.0012866579398893
811,837,26,17,0,1,SEG_LOW,T100,100,1,0.47893023255814,0.458872093023256,1.68926750521305e-16,0.00511183292384518,0.00511183292384501,1.17039443079483,0.00618011521925865,0.00106828229541364,0.00106828229541364,0.00618011521925882,0.00106828229541364,0.00106828229541364,0.00511183292384501
812,838,27,0,16,1,SEG_LOW,T100,100,1,0.4977,0.196867441860465,0,0.0498815706371548,0.0498815706371548,2.66271902123849,0.0534245578577302,0.0035429872205754,0.0035429872205754,0.0534245578577302,0.0035429872205754,0.0035429872205754,0.0498815706371548
813,839,27,1,15,1,SEG_LOW,T100,100,1,0.497348837209302,0.212646511627907,0.112687574384032,0.159373216430101,0.0466856420460682,2.55618806820227,0.0370973165274345,-0.00958832551863371,0.00958832551863371,0.149784890911466,-0.00958832551863451,0.00958832551863451,0.046685642046069
814,840,27,2,14,1,SEG_LOW,T100,100,1,0.496997674418605,0.228425581395349,0.209806795282717,0.253738042298891,0.0439312470161738,2.46437490053913,0.0302876402331165,-0.0136436067830573,0.0136436067830573,0.240094435515833,-0.0136436067830575,0.0136436067830575,0.043931247016174
815,851,27,13,3,1,SEG_LOW,T100,100,1,0.49313488372093,0.401995348837209,0.187758688611013,0.170954008680748,-0.0168046799302653,1.56015599767551,-0.00942144443752527,0.00738323549274003,0.00738323549274003,0.178337244173488,0.00738323549273973,0.00738323549273973,0.016804679930265
816,852,27,14,2,1,SEG_LOW,T100,100,1,0.492783720930233,0.417774418604651,0.120444776198432,0.111254130792097,-0.00919064540633485,1.30635484687783,-0.00693080959128972,0.00225983581504513,0.00225983581504513,0.113513966607142,0.00225983581504527,0.00225983581504527,0.00919064540633499
817,853,27,15,1,1,SEG_LOW,T100,100,1,0.492432558139535,0.433553488372093,0.0580306094862761,0.0558997768748943,-0.0021308326113818,1.07102775371273,-0.000856872823813005,0.00127395978756879,0.00127395978756879,0.0571737366624631,0.00127395978756879,0.00127395978756879,0.0021308326113818
818,854,27,16,0,1,SEG_LOW,T100,100,1,0.492081395348837,0.449332558139535,0,0.00443314574371765,0.00443314574371765,1.14777152479059,0.00809479644942334,0.00366165070570569,0.00366165070570569,0.00809479644942334,0.00366165070570569,0.00366165070570569,0.00443314574371765
819,855,28,0,15,1,SEG_LOW,T100,100,1,0.5105,0.203106976744186,3.81649969990739e-16,0.0520594872150713,0.0520594872150709,2.73531624050236,0.0543637435668472,0.00230425635177634,0.00230425635177634,0.0543637435668476,0.00230425635177632,0.00230425635177632,0.0520594872150709
820,856,28,1,14,1,SEG_LOW,T100,100,1,0.510148837209302,0.218886046511628,0.10947531822364,0.158272977764834,0.0487976595411945,2.62658865137315,0.0378562400925656,-0.0109414194486289,0.0109414194486289,0.147331558316206,-0.0109414194486284,0.0109414194486284,0.048797659541194
821,857,28,2,13,1,SEG_LOW,T100,100,1,0.509797674418605,0.23466511627907,0.204228220849646,0.250202708510816,0.0459744876611705,2.53248292203902,0.0304338703703356,-0.0155406172908349,0.0155406172908349,0.234662091219982,-0.0155406172908344,0.0155406172908344,0.04597448766117
822,867,28,12,3,1,SEG_LOW,T100,100,1,0.506286046511628,0.392455813953488,0.192322592357738,0.174208135460363,-0.0181144568973749,1.6038152299125,-0.00688558766657387,0.011228869230801,0.011228869230801,0.185437004691164,0.0112288692308011,0.0112288692308011,0.018114456897375
823,868,28,13,2,1,SEG_LOW,T100,100,1,0.50593488372093,0.40823488372093,0.123259300850599,0.112987426829613,-0.0102718740209854,1.34239580069951,-0.00470256602164533,0.00556930799934007,0.00556930799934007,0.118556734828954,0.00556930799934066,0.00556930799934066,0.010271874020986
824,869,28,14,1,1,SEG_LOW,T100,100,1,0.505583720930233,0.424013953488372,0.0593361915761186,0.0563231995351465,-0.0030129920409721,1.1004330680324,0.00124348414790854,0.00425647618888064,0.00425647618888064,0.0605796757240271,0.00425647618888064,0.00425647618888064,0.0030129920409721
825,870,28,15,0,1,SEG_LOW,T100,100,1,0.505232558139535,0.439793023255814,0,0.00372501580443889,0.00372501580443889,1.1241671934813,0.0101952335979256,0.0064702177934867,0.0064702177934867,0.0101952335979256,0.0064702177934867,0.0064702177934867,0.00372501580443889
826,871,29,0,14,1,SEG_LOW,T100,100,1,0.5233,0.209346511627907,0,0.0541075789742601,0.0541075789742601,2.80358596580867,0.0552657707078173,0.00115819173355723,0.00115819173355723,0.0552657707078173,0.00115819173355723,0.00115819173355723,0.0541075789742601
827,872,29,1,13,1,SEG_LOW,T100,100,1,0.522948837209302,0.225125581395349,0.106441122541704,0.157233727082273,0.0507926045405688,2.69308681801896,0.0385931545622605,-0.0121994499783083,0.0121994499783083,0.145034277103965,-0.0121994499783085,0.0121994499783085,0.050792604540569
828,873,29,2,12,1,SEG_LOW,T100,100,1,0.522597674418605,0.240904651162791,0.198938621408202,0.2468505080777,0.0479118866694973,2.59706288898324,0.030602806102035,-0.0173090805674623,0.0173090805674623,0.229541427510237,-0.017309080567463,0.017309080567463,0.047911886669498
829,882,29,11,3,1,SEG_LOW,T100,100,1,0.519437209302326,0.382916279069767,0.197113895780986,0.177624401368697,-0.0194894944122886,1.64964981374295,-0.0041497286861142,0.0153397657261744,0.0153397657261744,0.192964167094872,0.0153397657261748,0.0153397657261748,0.019489494412289
830,883,29,12,2,1,SEG_LOW,T100,100,1,0.519086046511628,0.398695348837209,0.126208511077497,0.114803667592027,-0.0114048434854697,1.38016144951566,-0.00229207186437568,0.00911277162109402,0.00911277162109402,0.123916439213121,0.00911277162109433,0.00911277162109433,0.01140484348547
831,884,29,13,1,1,SEG_LOW,T100,100,1,0.51873488372093,0.414474418604651,0.0607018721682124,0.0567661131702668,-0.00393575899794561,1.13119196659819,0.00352308842985904,0.00745884742780465,0.00745884742780465,0.0642249605980714,0.00745884742780464,0.00745884742780464,0.0039357589979456
832,885,29,14,0,1,SEG_LOW,T100,100,1,0.518383720930233,0.430253488372093,0,0.002985484700775,0.002985484700775,1.0995161566925,0.0124814266647652,0.00949594196399023,0.00949594196399023,0.0124814266647652,0.00949594196399023,0.00949594196399023,0.002985484700775
833,886,30,0,13,1,SEG_LOW,T100,100,1,0.5361,0.215586046511628,0,0.0560371181630639,0.0560371181630639,2.8679039387688,0.0561306392806403,9.35211175763576e-05,9.35211175763576e-05,0.0561306392806403,9.35211175763576e-05,9.35211175763576e-05,0.0560371181630639
834,887,30,1,12,1,SEG_LOW,T100,100,1,0.535748837209302,0.23136511627907,0.103570581347585,0.156250530147062,0.0526799487994773,2.75599829331591,0.0393062155857526,-0.0133737332137247,0.0133737332137247,0.142876796933338,-0.0133737332137244,0.0133737332137244,0.052679948799477
835,888,30,2,11,1,SEG_LOW,T100,100,1,0.535397674418605,0.247144186046512,0.193916110104772,0.243667570550373,0.0497514604456016,2.65838201485339,0.0307881534511755,-0.0189633069944261,0.0189633069944261,0.224704263555947,-0.0189633069944255,0.0189633069944255,0.049751460445601
836,896,30,10,3,1,SEG_LOW,T100,100,1,0.532588372093023,0.373376744186047,0.202150028625756,0.181215234056093,-0.0209347945696633,1.69782648565544,-0.00121131453681929,0.019723480032844,0.019723480032844,0.200938714088937,0.0197234800328437,0.0197234800328437,0.020934794569663
837,897,30,11,2,1,SEG_LOW,T100,100,1,0.532237209302326,0.389155813953488,0.129302311686089,0.116708952852758,-0.0125933588333306,1.41977862777769,0.000300946153653233,0.0128943049869838,0.0128943049869838,0.129603257839742,0.0128943049869842,0.0128943049869842,0.012593358833331
838,898,30,12,1,1,SEG_LOW,T100,100,1,0.531886046511628,0.40493488372093,0.0621318986992307,0.0572298952968032,-0.00490200340242741,1.16340011341425,0.0059815894571253,0.0108835928595527,0.0108835928595527,0.068113488156356,0.0108835928595528,0.0108835928595528,0.0049020034024275
839,899,30,13,0,1,SEG_LOW,T100,100,1,0.53153488372093,0.420713953488372,-1.84248159436126e-16,0.00221241640300304,0.00221241640300323,1.07374721343344,0.0149533756499423,0.012740959246939,0.012740959246939,0.0149533756499421,0.012740959246939,0.012740959246939,0.00221241640300322
840,900,31,0,12,1,SEG_LOW,T100,100,1,0.5489,0.221825581395349,0,0.0578581087615527,0.0578581087615527,2.92860362538509,0.0569583492853161,-0.000899759476236578,0.000899759476236578,0.0569583492853161,-0.000899759476236578,0.000899759476236578,0.0578581087615527
841,901,31,1,11,1,SEG_LOW,T100,100,1,0.548548837209302,0.237604651162791,0.100850801864805,0.15531897101898,0.0544681691541753,2.81560563847251,0.0399938358242016,-0.0144743333299737,0.0144743333299737,0.140844637689007,-0.0144743333299734,0.0144743333299734,0.054468169154175
842,902,31,2,10,1,SEG_LOW,T100,100,1,0.548197674418605,0.253383720930233,0.189140955927257,0.240641391710318,0.0515004357830606,2.71668119276869,0.0309844074728297,-0.0205160283102309,0.0205160283102309,0.220125363400087,-0.0205160283102313,0.0205160283102313,0.051500435783061
843,909,31,9,3,1,SEG_LOW,T100,100,1,0.545739534883721,0.363837209302326,0.207450248615676,0.184994364547052,-0.0224558840686236,1.74852946895412,0.00193263273086416,0.0243885167994878,0.0243885167994878,0.20938288134654,0.0243885167994881,0.0243885167994881,0.022455884068624
844,910,31,10,2,1,SEG_LOW,T100,100,1,0.545388372093023,0.379616279069767,0.132551603091341,0.118709995520167,-0.0138416075711741,1.46138691903914,0.00307684349627045,0.0169184510674445,0.0169184510674445,0.135628446587611,0.0169184510674444,0.0169184510674444,0.013841607571174
845,911,31,11,1,1,SEG_LOW,T100,100,1,0.545037209302326,0.395395348837209,0.0636309285102193,0.0577160563703236,-0.00591487213989578,1.19716240466319,0.00861861364837886,0.0145334857882746,0.0145334857882746,0.0722495421585982,0.0145334857882746,0.0145334857882746,0.0059148721398957
846,912,31,12,0,1,SEG_LOW,T100,100,1,0.544686046511628,0.411174418604651,0,0.00140347665185096,0.00140347665185096,1.0467825550617,0.0176110805534568,0.0162076039016059,0.0162076039016059,0.0176110805534568,0.0162076039016059,0.0162076039016059,0.00140347665185096
847,913,32,0,11,1,SEG_LOW,T100,100,1,0.5617,0.22806511627907,0,0.0595794599715416,0.0595794599715416,2.98598199905139,0.0577489007218447,-0.00183055924969686,0.00183055924969686,0.0577489007218447,-0.00183055924969686,0.00183055924969686,0.0595794599715416
848,914,32,1,10,1,SEG_LOW,T100,100,1,0.561348837209302,0.243844186046512,0.0982702109288927,0.15443508574173,0.0561648748128373,2.87216249376124,0.0406546441793597,-0.0155102306334776,0.0155102306334776,0.138924855108252,-0.0155102306334776,0.0155102306334776,0.0561648748128373
849,915,32,2,9,1,SEG_LOW,T100,100,1,0.560997674418605,0.259623255813954,0.184595324648008,0.237760669396318,0.05316534474831,2.772178158277,0.031186737610847,-0.021978607137463,0.021978607137463,0.215782062258855,-0.021978607137463,0.021978607137463,0.05316534474831
850,921,32,8,3,1,SEG_LOW,T100,100,1,0.558890697674419,0.354297674418605,0.213035887546423,0.188977002708264,-0.0240588848381585,1.80196282793862,0.00528559501050309,0.0293444798486616,0.0293444798486616,0.218321482556926,0.0293444798486621,0.0293444798486621,0.024058884838159
851,922,32,9,2,1,SEG_LOW,T100,100,1,0.558539534883721,0.370076744186047,0.135968409636059,0.120814200662004,-0.0151542089740545,1.50514029913515,0.00603607564590927,0.0211902846199638,0.0211902846199638,0.142004485281968,0.0211902846199643,0.0211902846199643,0.015154208974055
852,923,32,10,1,1,SEG_LOW,T100,100,1,0.558188372093023,0.385855813953488,0.0652040795170354,0.0582262562187034,-0.00697782329833196,1.2325941099444,0.011433762930685,0.018411586229017,0.018411586229017,0.0766378424477204,0.018411586229017,0.018411586229017,0.006977823298332
853,924,32,11,0,1,SEG_LOW,T100,100,1,0.557837209302326,0.40163488372093,0,0.00055610941699266,0.00055610941699266,1.01853698056642,0.0204545413753088,0.0198984319583161,0.0198984319583161,0.0204545413753088,0.0198984319583161,0.0198984319583161,0.00055610941699266
854,925,33,0,10,1,SEG_LOW,T100,100,1,0.5745,0.234304651162791,0,0.0612091319863582,0.0612091319863582,3.04030439954527,0.0585022935902264,-0.0027068383961318,0.0027068383961318,0.0585022935902264,-0.0027068383961318,0.0027068383961318,0.0612091319863582
855,926,33,1,9,1,SEG_LOW,T100,100,1,0.574148837209302,0.250083720930233,0.0958183903671994,0.153595305958433,0.0577769155912336,2.92589718637445,0.0412874522771555,-0.0164894633140781,0.0164894633140781,0.137105842644355,-0.0164894633140781,0.0164894633140781,0.0577769155912336
856,927,33,2,8,1,SEG_LOW,T100,100,1,0.573797674418605,0.265862790697674,0.180263056245609,0.235015162449021,0.054752106203412,2.8250702067804,0.0313908919246015,-0.0233612142788105,0.0233612142788105,0.21165394817021,-0.0233612142788105,0.0233612142788105,0.054752106203412
857,932,33,7,3,1,SEG_LOW,T100,100,1,0.572041860465116,0.344758139534884,0.218930638235922,0.193180041848084,-0.0257505963878374,1.85835321292791,0.00885165391049382,0.0346022502983312,0.0346022502983312,0.227782292146416,0.0346022502983318,0.0346022502983318,0.025750596387838
858,933,33,8,2,1,SEG_LOW,T100,100,1,0.571690697674419,0.360537209302326,0.139566028282182,0.123029757075418,-0.016536271206764,1.55120904022547,0.00917921994072694,0.0257154911474909,0.0257154911474909,0.148745248222909,0.0257154911474909,0.0257154911474909,0.016536271206764
859,934,33,9,1,1,SEG_LOW,T100,100,1,0.571339534883721,0.376316279069767,0.0668569885877014,0.0587623229749052,-0.00809466561279624,1.26982218709321,0.0144266132535943,0.0225212788663905,0.0225212788663905,0.0812836018412957,0.0225212788663905,0.0225212788663905,0.0080946656127962
860,936,34,0,9,1,SEG_LOW,T100,100,1,0.5873,0.240544186046512,0,0.0627542590736701,0.0627542590736701,3.091808635789,0.0592185278904609,-0.00353573118320924,0.00353573118320924,0.0592185278904609,-0.00353573118320924,0.00353573118320924,0.0627542590736701
861,937,34,1,8,1,SEG_LOW,T100,100,1,0.586948837209302,0.256323255813953,0.0934859364222785,0.152796410762341,0.0593104743400625,2.97701581133542,0.0418912267785458,-0.0174192475615167,0.0174192475615167,0.135377163200824,-0.0174192475615167,0.0174192475615167,0.0593104743400625
862,938,34,2,7,1,SEG_LOW,T100,100,1,0.586597674418605,0.272102325581395,0.176129472950107,0.232395569062622,0.0562660961125147,2.87553653708382,0.0315931167292301,-0.0246729793832846,0.0246729793832846,0.207722589679337,-0.0246729793832849,0.0246729793832849,0.056266096112515
863,939,34,3,6,1,SEG_LOW,T100,100,1,0.586246511627907,0.287881395348837,0.249713458219886,0.303268906990051,0.053555448770165,2.78518162567217,0.0262509194388899,-0.0273045293312751,0.0273045293312751,0.275964377658776,-0.0273045293312751,0.0273045293312751,0.053555448770165
864,942,34,6,3,1,SEG_LOW,T100,100,1,0.585193023255814,0.335218604651163,0.225160890470102,0.197622298250524,-0.0275385922195787,1.91795307398596,0.0126356074517932,0.0401741996713719,0.0401741996713719,0.237796497921895,0.0401741996713712,0.0401741996713712,0.027538592219578
865,943,34,7,2,1,SEG_LOW,T100,100,1,0.584841860465116,0.350997674418605,0.143359201549172,0.125365743789275,-0.0179934577598965,1.59978192532988,0.0125070024140668,0.0305004601739633,0.0305004601739633,0.155866203963239,0.0305004601739638,0.0305004601739638,0.017993457759897
866,944,34,8,1,1,SEG_LOW,T100,100,1,0.584490697674419,0.366776744186046,0.0685958790298105,0.0593262749643003,-0.00926960406551012,1.30898680218367,0.0175967131304732,0.0268663171959833,0.0268663171959833,0.0861925921602837,0.0268663171959834,0.0268663171959834,0.0092696040655102
867,946,35,0,8,1,SEG_LOW,T100,100,1,0.6001,0.246783720930233,3.14104071723769e-16,0.0642212539865851,0.0642212539865847,3.14070846621949,0.0598976036225481,-0.00432365036403657,0.00432365036403657,0.0598976036225484,-0.00432365036403666,0.00432365036403666,0.0642212539865848
868,947,35,1,7,1,SEG_LOW,T100,100,1,0.599748837209302,0.262562790697674,0.0912643392192099,0.152035485412862,0.0607711461936524,3.02570487312175,0.0424650663969172,-0.0183060797967352,0.0183060797967352,0.133729405616127,-0.0183060797967349,0.0183060797967349,0.0607711461936521
869,948,35,2,6,1,SEG_LOW,T100,100,1,0.599397674418605,0.278341860465116,0.172181213106305,0.229893421498337,0.0577122083920317,2.92374027973439,0.0317900888876345,-0.0259221195043972,0.0259221195043972,0.20397130199394,-0.0259221195043975,0.0259221195043975,0.057712208392032
870,949,35,3,5,1,SEG_LOW,T100,100,1,0.599046511627907,0.294120930232558,0.244415991520507,0.299397475359447,0.0549814838389399,2.83271612796466,0.025925347923173,-0.0290561359157669,0.0290561359157669,0.27034133944368,-0.029056135915767,0.029056135915767,0.05498148383894
871,951,35,5,3,1,SEG_LOW,T100,100,1,0.598344186046512,0.325679069767442,0.231756125990221,0.2023247928067,-0.0294313331835206,1.98104443945069,0.016643112948794,0.0460744461323146,0.0460744461323146,0.248399238939015,0.046074446132315,0.046074446132315,0.029431333183521
872,952,35,6,2,1,SEG_LOW,T100,100,1,0.597993023255814,0.341458139534884,0.147364319441349,0.127832254419037,-0.0195320650223121,1.65106883407707,0.0160203309042936,0.0355523959266057,0.0355523959266057,0.163384650345643,0.0355523959266056,0.0355523959266056,0.019532065022312
873,953,35,7,1,1,SEG_LOW,T100,100,1,0.597641860465116,0.357237209302326,0.0704276388908905,0.0599203460988204,-0.0105072927920701,1.350243093069,0.0209435822618985,0.0314508750539686,0.0314508750539686,0.091371221152789,0.0314508750539686,0.0314508750539686,0.0105072927920701
874,955,36,0,7,1,SEG_LOW,T100,100,1,0.6129,0.253023255813954,0,0.0656158969261293,0.0656158969261293,3.18719656420431,0.0605395207864885,-0.00507637613964085,0.00507637613964085,0.0605395207864885,-0.00507637613964085,0.00507637613964085,0.0656158969261293
875,956,36,1,6,1,SEG_LOW,T100,100,1,0.612548837209302,0.268802325581395,0.0891458790200042,0.15130988580137,0.0621640067813658,3.07213355937886,0.043008182736908,-0.0191558240444578,0.0191558240444578,0.132154061756912,-0.0191558240444578,0.0191558240444578,0.0621640067813658
876,957,36,2,5,1,SEG_LOW,T100,100,1,0.612197674418605,0.284581395348837,0.168406086892656,0.227500994648524,0.0590949077558678,2.96983025852893,0.0319788585357805,-0.0271160492200873,0.0271160492200873,0.200384945428436,-0.0271160492200875,0.0271160492200875,0.059094907755868
877,958,36,3,4,1,SEG_LOW,T100,100,1,0.611846511627907,0.300360465116279,0.239338618555855,0.292258224026172,0.0529196054703171,2.76398684901057,0.0256201257776903,-0.0272994796926268,0.0272994796926268,0.264958744333545,-0.0272994796926267,0.0272994796926267,0.052919605470317
878,959,36,4,3,1,SEG_LOW,T100,100,1,0.611495348837209,0.316139534883721,0.238749384992809,0.207311083635783,-0.0314383013570263,2.04794337856754,0.0208808628385208,0.0523191641955471,0.0523191641955471,0.25963024783133,0.0523191641955468,0.0523191641955468,0.031438301357026
879,960,36,5,2,1,SEG_LOW,T100,100,1,0.611144186046512,0.331918604651163,0.151599656196287,0.130440542965818,-0.0211591132304684,1.70530377434895,0.0197203360631147,0.0408794492935831,0.0408794492935831,0.171319992259402,0.0408794492935837,0.0408794492935837,0.021159113230469
880,961,36,6,1,1,SEG_LOW,T100,100,1,0.610793023255814,0.347697674418605,0.0723599121484013,0.0605470154514376,-0.0118128966969636,1.39376322323212,0.0244667103191862,0.0362796070161498,0.0362796070161498,0.0968266224675875,0.0362796070161499,0.0362796070161499,0.0118128966969637
881,963,37,0,6,1,SEG_LOW,T100,100,1,0.6257,0.259262790697674,0,0.0669434116576636,0.0669434116576636,3.23144705525545,0.061144279382282,-0.00579913227538161,0.00579913227538161,0.061144279382282,-0.00579913227538161,0.00579913227538161,0.0669434116576636
882,964,37,1,5,1,SEG_LOW,T100,100,1,0.625348837209302,0.275041860465116,0.0871235365993099,0.150617207753744,0.0634936711544342,3.11645570514781,0.0435198842514895,-0.0199737869029447,0.0199737869029447,0.130643420850799,-0.0199737869029446,0.0199737869029446,0.0634936711544341
883,965,37,2,4,1,SEG_LOW,T100,100,1,0.624997674418605,0.290820930232558,0.164792950613374,0.225211226371285,0.0604182757579104,3.01394252526368,0.0321568004500925,-0.0282614753078179,0.0282614753078179,0.196949751063467,-0.0282614753078185,0.0282614753078185,0.060418275757911
884,966,37,3,3,1,SEG_LOW,T100,100,1,0.624646511627907,0.3066,0.234467902119127,0.212607660800837,-0.0218602413182903,1.72867471060968,0.0253304356036729,0.0471906769219632,0.0471906769219632,0.2597983377228,0.0471906769219629,0.0471906769219629,0.02186024131829
885,967,37,4,2,1,SEG_LOW,T100,100,1,0.624295348837209,0.322379069767442,0.156085649067002,0.133203195501532,-0.0228824535654704,1.76274845218235,0.0236084223652822,0.0464908759307526,0.0464908759307526,0.179694071432284,0.0464908759307522,0.0464908759307522,0.02288245356547
886,968,37,5,1,1,SEG_LOW,T100,100,1,0.623944186046512,0.338158139534884,0.0744012053346961,0.0612090418364661,-0.01319216349823,1.43973878327433,0.0281655559981963,0.0413577194964263,0.0413577194964263,0.102566761332892,0.0413577194964263,0.0413577194964263,0.01319216349823
887,970,38,0,5,1,SEG_LOW,T100,100,1,0.6385,0.265502325581395,5.83917835066679e-16,0.0682085308944851,0.0682085308944845,3.27361769648282,0.0617118794099278,-0.00649665148455669,0.00649665148455669,0.0617118794099284,-0.00649665148455671,0.00649665148455671,0.0682085308944845
888,971,38,1,4,1,SEG_LOW,T100,100,1,0.638148837209302,0.281281395348837,0.0851909155486697,0.149955260418584,0.0647643448699144,3.15881149566381,0.043999562755663,-0.0207647821142514,0.0207647821142514,0.129190478304333,-0.0207647821142513,0.0207647821142513,0.0647643448699143
889,972,38,2,3,1,SEG_LOW,T100,100,1,0.637797674418605,0.297060465116279,0.161331596832955,0.218244417077982,0.0569128202450268,2.89709400816756,0.0323215726036076,-0.0245912476414192,0.0245912476414192,0.193653169436563,-0.0245912476414193,0.0245912476414193,0.056912820245027
890,973,38,3,2,1,SEG_LOW,T100,100,1,0.637446511627907,0.312839534883721,0.16084522811022,0.136134333265596,-0.0247108948446248,1.82369649482083,0.0276863318529183,0.0523972266975431,0.0523972266975431,0.188531559963138,0.0523972266975423,0.0523972266975423,0.024710894844624
891,974,38,4,1,1,SEG_LOW,T100,100,1,0.637095348837209,0.328618604651163,0.0765610127334117,0.0619095044129001,-0.0146515083205117,1.48838361068372,0.0320395464979167,0.0466910548184284,0.0466910548184284,0.108600559231328,0.0466910548184283,0.0466910548184283,0.0146515083205116
892,976,39,0,4,1,SEG_LOW,T100,100,1,0.6513,0.271741860465116,2.8525517359251e-16,0.0694155526736913,0.069415552673691,3.3138517557897,0.0622423208694268,-0.00717323180426415,0.00717323180426415,0.0622423208694271,-0.00717323180426417,0.00717323180426417,0.069415552673691
893,977,39,1,3,1,SEG_LOW,T100,100,1,0.650948837209302,0.287520930232558,0.0833421746973097,0.149322043120474,0.065979868423164,3.1993289474388,0.0444466820457735,-0.0215331863773905,0.0215331863773905,0.127788856743083,-0.0215331863773908,0.0215331863773908,0.0659798684231643
894,978,39,2,2,1,SEG_LOW,T100,100,1,0.650597674418605,0.3033,0.15801265807171,0.139249854089003,-0.018762803982707,1.62542679942357,0.0324710807261977,0.0512338847089047,0.0512338847089047,0.190483738797908,0.0512338847089047,0.0512338847089047,0.018762803982707
895,979,39,3,1,1,SEG_LOW,T100,100,1,0.650246511627907,0.319079069767442,0.0788499640339023,0.0626518505712784,-0.0161981134626239,1.5399371154208,0.0360880776397915,0.0522861911024154,0.0522861911024154,0.114938041673694,0.0522861911024154,0.0522861911024154,0.0161981134626239
896,981,40,0,3,1,SEG_LOW,T100,100,1,0.6641,0.277981395348837,2.78852372411666e-16,0.0705683891396163,0.0705683891396161,3.3522796379872,0.0627356037607787,-0.00783278537883744,0.00783278537883744,0.0627356037607789,-0.00783278537883736,0.00783278537883736,0.070568389139616
897,982,40,1,2,1,SEG_LOW,T100,100,1,0.663748837209302,0.293760465116279,0.080963852997077,0.142567720858206,0.0616038678611293,3.05346226203764,0.0449407510807746,-0.0166631167803547,0.0166631167803547,0.125904604077852,-0.0166631167803544,0.0166631167803544,0.061603867861129
898,983,40,2,1,1,SEG_LOW,T100,100,1,0.663397674418605,0.309539534883721,0.0812799992885717,0.0634399526753471,-0.0178400466132246,1.59466822044082,0.0403105149293092,0.0581505615425338,0.0581505615425338,0.121590514217881,0.0581505615425338,0.0581505615425338,0.0178400466132246
899,985,41,0,2,1,SEG_LOW,T100,100,1,0.6769,0.284220930232558,0,0.071670608901567,0.071670608901567,3.3890202967189,0.0631917280839834,-0.00847888081758356,0.00847888081758356,0.0631917280839834,-0.00847888081758356,0.00847888081758356,0.071670608901567
900,986,41,1,1,1,SEG_LOW,T100,100,1,0.676548837209302,0.3,0.0617990053241993,0.0642781756295073,0.00247917030530798,1.08263901017693,0.047832002112843,0.045352831807535,0.045352831807535,0.109631007437042,0.045352831807535,0.045352831807535,0.002479170305308
901,988,42,0,1,1,SEG_LOW,T100,100,1,0.6897,0.290460465116279,2.66872021802681e-16,0.065171457760884,0.0651714577608838,3.17238192536279,0.0636106938390409,-0.00156076392184286,0.00156076392184286,0.0636106938390412,-0.00156076392184279,0.00156076392184279,0.0651714577608837
902,89,2,1,40,2,SEG_MID,T60,60,0.491094147582697,0.177348837209302,0.0566581395348837,0.388059301947401,0.346360056305677,-0.0416992456417242,2.38997485472414,-0.0562434854481528,-0.0145442398064286,0.0145442398064286,0.331815816499248,-0.0145442398064288,0.0145442398064288,0.041699245641724
903,131,3,1,39,2,SEG_MID,T60,60,0.491094147582697,0.190148837209302,0.0628976744186047,0.380977831343901,0.318326615371917,-0.0626512159719846,3.08837386573282,-0.049778001161208,0.0128732148107766,0.0128732148107766,0.331199830182693,0.0128732148107761,0.0128732148107761,0.062651215971984
904,132,3,2,38,2,SEG_MID,T60,60,0.491094147582697,0.189797674418605,0.0786767441860465,0.609141108836697,0.55964693597092,-0.0494941728657768,2.64980576219256,-0.0345969612905577,0.0148972115752191,0.0148972115752191,0.574544147546139,0.0148972115752194,0.0148972115752194,0.0494941728657771
905,133,3,3,37,2,SEG_MID,T60,60,0.491094147582697,0.189446511627907,0.0944558139534884,0.491882109141411,0.487091789374593,-0.00479031976681799,1.1596773255606,-0.0394447822614899,-0.0346544624946719,0.0346544624946719,0.452437326879921,-0.0346544624946719,0.0346544624946719,0.00479031976681799
906,134,3,4,36,2,SEG_MID,T60,60,0.491094147582697,0.189095348837209,0.11023488372093,0.383668471983598,0.381552066748465,-0.00211640523513285,1.07054684117109,-0.0429258630856076,-0.0408094578504747,0.0408094578504747,0.34074260889799,-0.0408094578504746,0.0408094578504746,0.00211640523513301
907,135,3,5,35,2,SEG_MID,T60,60,0.491094147582697,0.188744186046512,0.126013953488372,0.286320350147011,0.282882967902331,-0.00343738224467943,1.11457940815598,-0.0450887983115995,-0.04165141606692,0.04165141606692,0.241231551835412,-0.0416514160669194,0.0416514160669194,0.00343738224468004
908,172,4,1,38,2,SEG_MID,T60,60,0.491094147582697,0.202948837209302,0.0691372093023256,0.346595123499855,0.29535313084606,-0.051241992653795,2.70806642179317,-0.0450889972917269,0.0061529953620681,0.0061529953620681,0.301506126208128,0.00615299536206809,0.00615299536206809,0.051241992653795
909,173,4,2,37,2,SEG_MID,T60,60,0.491094147582697,0.202597674418605,0.0849162790697674,0.564382232925846,0.523210469365337,-0.0411717635605093,2.37239211868364,-0.0313140648907662,0.00985769866974308,0.00985769866974308,0.53306816803508,0.00985769866974273,0.00985769866974273,0.041171763560509
910,174,4,3,36,2,SEG_MID,T60,60,0.491094147582697,0.202246511627907,0.100695348837209,0.71391439247053,0.679656826483042,-0.0342575659874884,2.14191886624961,-0.0224554423881529,0.0118021235993355,0.0118021235993355,0.691458950082377,0.0118021235993351,0.0118021235993351,0.034257565987488
911,175,4,4,35,2,SEG_MID,T60,60,0.491094147582697,0.201895348837209,0.116474418604651,0.655091156397604,0.652234528882249,-0.00285662751535587,1.09522091717853,-0.024652813940105,-0.0217961864247491,0.0217961864247491,0.630438342457499,-0.02179618642475,0.02179618642475,0.00285662751535498
912,176,4,5,34,2,SEG_MID,T60,60,0.491094147582697,0.201544186046512,0.132253488372093,0.555880218045281,0.551154523020557,-0.00472569502472331,1.15752316749078,-0.0281716880636475,-0.0234459930389242,0.0234459930389242,0.527708529981633,-0.0234459930389236,0.0234459930389236,0.00472569502472397
913,177,4,6,33,2,SEG_MID,T60,60,0.491094147582697,0.201193023255814,0.148032558139535,0.463181744993778,0.458827229750428,-0.00435451524335034,1.14515050811168,-0.0306779291608358,-0.0263234139174855,0.0263234139174855,0.432503815832942,-0.0263234139174858,0.0263234139174858,0.00435451524335001
914,178,4,7,32,2,SEG_MID,T60,60,0.491094147582697,0.200841860465116,0.163811627906977,0.382355381696419,0.372197979971134,-0.0101574017252852,1.33858005750951,-0.0320811410060605,-0.0219237392807753,0.0219237392807753,0.350274240690359,-0.0219237392807755,0.0219237392807755,0.010157401725285
915,179,4,8,31,2,SEG_MID,T60,60,0.491094147582697,0.200490697674419,0.179590697674419,0.320493336597662,0.304744550995992,-0.0157487856016696,1.52495952005565,-0.0323337734574758,-0.0165849878558062,0.0165849878558062,0.288159563140186,-0.0165849878558058,0.0165849878558058,0.01574878560167
916,180,4,9,30,2,SEG_MID,T60,60,0.491094147582697,0.200139534883721,0.19536976744186,0.274022338754268,0.25424828344698,-0.0197740553072882,1.65913517690961,-0.0317715029388905,-0.0119974476316023,0.0119974476316023,0.242250835815378,-0.0119974476316024,0.0119974476316024,0.019774055307288
917,212,5,1,37,2,SEG_MID,T60,60,0.491094147582697,0.215748837209302,0.0753767441860465,0.317904678098456,0.276183043764537,-0.0417216343339189,2.39072114446396,-0.0401735169679892,0.00154811736592971,0.00154811736592971,0.277731161130467,0.0015481173659298,0.0015481173659298,0.041721634333919
918,213,5,2,36,2,SEG_MID,T60,60,0.491094147582697,0.215397674418605,0.0911558139534884,0.525750767993835,0.491762090618658,-0.0339886773751771,2.1329559125059,-0.0277321669155195,0.00625651045965762,0.00625651045965762,0.498018601078316,0.00625651045965753,0.00625651045965753,0.033988677375177
919,214,5,3,35,2,SEG_MID,T60,60,0.491094147582697,0.215046511627907,0.10693488372093,0.672258259309762,0.643720423588858,-0.0285378357209035,1.95126119069678,-0.0196165816902391,0.00892125403066441,0.00892125403066441,0.652641677619523,0.00892125403066502,0.00892125403066502,0.0285378357209041
920,215,5,4,34,2,SEG_MID,T60,60,0.491094147582697,0.214695348837209,0.122713953488372,0.781088667275165,0.75659988949431,-0.0244887777808549,1.81629259269516,-0.014254771594011,0.0102340061868439,0.0102340061868439,0.766833895681154,0.010234006186844,0.010234006186844,0.024488777780855
921,216,5,5,33,2,SEG_MID,T60,60,0.491094147582697,0.214344186046512,0.138493023255814,0.767651545205461,0.767498592621752,-0.000152952583709842,1.00509841945699,-0.0148459982376805,-0.0146930456539706,0.0146930456539706,0.75280554696778,-0.0146930456539716,0.0146930456539716,0.000152952583708954
922,217,5,6,32,2,SEG_MID,T60,60,0.491094147582697,0.213993023255814,0.154272093023256,0.675330271520929,0.671083642195141,-0.00424662932578757,1.14155431085959,-0.0183452552240896,-0.0140986258983021,0.0140986258983021,0.656985016296839,-0.0140986258983017,0.0140986258983017,0.0042466293257879
923,218,5,7,31,2,SEG_MID,T60,60,0.491094147582697,0.213641860465116,0.170051162790698,0.59446370370583,0.589612358818605,-0.00485134488722427,1.16171149624081,-0.020771253691021,-0.0159199088037967,0.0159199088037967,0.573692450014809,-0.0159199088037959,0.0159199088037959,0.00485134488722505
924,219,5,8,30,2,SEG_MID,T60,60,0.491094147582697,0.213290697674419,0.18583023255814,0.51354186807102,0.504717717740719,-0.00882415033030093,1.29413834434336,-0.0226004432164556,-0.0137762928861546,0.0137762928861546,0.490941424854564,-0.0137762928861546,0.0137762928861546,0.00882415033030093
925,220,5,9,29,2,SEG_MID,T60,60,0.491094147582697,0.212939534883721,0.201609302325581,0.449463813698507,0.43440991746132,-0.0150538962371873,1.50179654123958,-0.0234337285466625,-0.00837983230947521,0.00837983230947521,0.426030085151844,-0.00837983230947553,0.00837983230947553,0.015053896237187
926,221,5,10,28,2,SEG_MID,T60,60,0.491094147582697,0.212588372093023,0.217388372093023,0.400968211060082,0.381045438428248,-0.0199227726318346,1.66409242106115,-0.0235152197195931,-0.00359244708775847,0.00359244708775847,0.377452991340489,-0.00359244708775908,0.00359244708775908,0.019922772631834
927,222,5,11,27,2,SEG_MID,T60,60,0.491094147582697,0.212237209302326,0.233167441860465,0.357275147566939,0.339954269962333,-0.017320877604606,1.5773625868202,-0.0232070069636267,-0.00588612935902072,0.00588612935902072,0.334068140603312,-0.00588612935902072,0.00588612935902072,0.017320877604606
928,223,5,12,26,2,SEG_MID,T60,60,0.491094147582697,0.211886046511628,0.248946511627907,0.320843252185655,0.297780246203294,-0.0230630059823608,1.76876686607869,-0.0225421728941411,0.000520833088219749,0.000520833088219749,0.298301079291514,0.00052083308821993,0.00052083308821993,0.023063005982361
929,224,5,13,25,2,SEG_MID,T60,60,0.491094147582697,0.21153488372093,0.264725581395349,0.287993867604313,0.26358211130932,-0.0244117562949925,1.81372520983308,-0.0216364804558556,0.00277527583913688,0.00277527583913688,0.266357387148457,0.00277527583913734,0.00277527583913734,0.024411756294993
930,225,5,14,24,2,SEG_MID,T60,60,0.491094147582697,0.211183720930233,0.280504651162791,0.2564376299386,0.231334755945236,-0.025102873993364,1.83676246644547,-0.020540684847901,0.00456218914546296,0.00456218914546296,0.235896945090699,0.00456218914546291,0.00456218914546291,0.025102873993364
931,251,6,1,36,2,SEG_MID,T60,60,0.491094147582697,0.228548837209302,0.0816162790697674,0.293600980952476,0.259944049068809,-0.0336569318836674,2.12189772945558,-0.0351478638853977,-0.00149093200173027,0.00149093200173027,0.258453117067078,-0.00149093200173067,0.00149093200173067,0.033656931883667
932,252,6,2,35,2,SEG_MID,T60,60,0.491094147582697,0.228197674418605,0.0973953488372093,0.492069074810275,0.464343129263448,-0.0277259455468269,1.92419818489423,-0.0239636710202542,0.00376227452657269,0.00376227452657269,0.468105403790021,0.0037622745265728,0.0037622745265728,0.027725945546827
933,253,6,3,34,2,SEG_MID,T60,60,0.491094147582697,0.227846511627907,0.113174418604651,0.635195300104418,0.611746514025205,-0.0234487860792132,1.78162620264044,-0.0166024680069505,0.0068463180722627,0.0068463180722627,0.618592832097468,0.00684631807226255,0.00684631807226255,0.0234487860792131
934,254,6,4,33,2,SEG_MID,T60,60,0.491094147582697,0.227495348837209,0.128953488372093,0.743294963139921,0.723076608774029,-0.0202183543658915,1.67394514552972,-0.0117495642670159,0.0084687900988756,0.0084687900988756,0.731545398872905,0.00846879009887613,0.00846879009887613,0.020218354365892
935,257,6,7,30,2,SEG_MID,T60,60,0.491094147582697,0.226441860465116,0.176290697674419,0.762033410967615,0.758663080310289,-0.00337033065732628,1.11234435524421,-0.0119330147401486,-0.00856268408282232,0.00856268408282232,0.750100396227466,-0.00856268408282257,0.00856268408282257,0.00337033065732606
936,258,6,8,29,2,SEG_MID,T60,60,0.491094147582697,0.226090697674419,0.19206976744186,0.691169279176025,0.683758048037095,-0.0074112311389305,1.24704103796435,-0.0143164857391975,-0.00690525460026699,0.00690525460026699,0.676852793436827,-0.00690525460026747,0.00690525460026747,0.00741123113893005
937,259,6,9,28,2,SEG_MID,T60,60,0.491094147582697,0.225739534883721,0.207848837209302,0.616050212201664,0.607476367572939,-0.00857384462872557,1.28579482095752,-0.0162849297645857,-0.00771108513586016,0.00771108513586016,0.599765282437078,-0.00771108513586072,0.00771108513586072,0.00857384462872501
938,260,6,10,27,2,SEG_MID,T60,60,0.491094147582697,0.225388372093023,0.223627906976744,0.553340094013962,0.538900454482463,-0.0144396395314998,1.48132131771666,-0.0174850764485649,-0.00304543691706513,0.00304543691706513,0.535855017565397,-0.00304543691706594,0.00304543691706594,0.014439639531499
939,261,6,11,26,2,SEG_MID,T60,60,0.491094147582697,0.225037209302326,0.239406976744186,0.50083461211604,0.486462719601137,-0.014371892514903,1.4790630838301,-0.0181083509249066,-0.00373645841000364,0.00373645841000364,0.482726261191133,-0.0037364584100037,0.0037364584100037,0.014371892514903
940,262,6,12,25,2,SEG_MID,T60,60,0.491094147582697,0.224686046511628,0.255186046511628,0.458560697827569,0.440584839197674,-0.0179758586298944,1.59919528766315,-0.0182847987542048,-0.000308940124310379,0.000308940124310379,0.440275899073364,-0.00030894012430982,0.00030894012430982,0.017975858629895
941,263,6,13,24,2,SEG_MID,T60,60,0.491094147582697,0.22433488372093,0.27096511627907,0.417237119835693,0.397663138074466,-0.0195739817612278,1.65246605870759,-0.0181918444880438,0.00138213727318398,0.00138213727318398,0.399045275347649,0.00138213727318315,0.00138213727318315,0.019573981761227
942,264,6,14,23,2,SEG_MID,T60,60,0.491094147582697,0.223983720930233,0.286744186046512,0.371410878430774,0.349614769895993,-0.0217961085347804,1.72653695115935,-0.0178472868777297,0.00394882165705069,0.00394882165705069,0.353563591553044,0.00394882165705135,0.00394882165705135,0.021796108534781
943,265,6,15,22,2,SEG_MID,T60,60,0.491094147582697,0.223632558139535,0.302523255813953,0.322457828165289,0.298649323326349,-0.0238085048389399,1.79361682796466,-0.0171986968729715,0.00660980796596838,0.00660980796596838,0.305259131292317,0.00660980796596844,0.00660980796596844,0.02380850483894
944,266,6,16,21,2,SEG_MID,T60,60,0.491094147582697,0.223281395348837,0.318302325581395,0.277923087878477,0.251914343027168,-0.0260087448513087,1.86695816171029,-0.0162621609033845,0.00974658394792417,0.00974658394792417,0.261660926975093,0.00974658394792455,0.00974658394792455,0.0260087448513091
945,289,7,1,35,2,SEG_MID,T60,60,0.491094147582697,0.241348837209302,0.0878558139534884,0.272749389235195,0.246011646716171,-0.0267377425190234,1.89125808396745,-0.0300949090319524,-0.003357166512929,0.003357166512929,0.242654480203243,-0.00335716651292842,0.00335716651292842,0.026737742519024
946,290,7,2,34,2,SEG_MID,T60,60,0.491094147582697,0.240997674418605,0.10363488372093,0.462443122165346,0.440225789132843,-0.0222173330325035,1.74057776775012,-0.0200934013176348,0.00212393171486869,0.00212393171486869,0.442349720847711,0.00212393171486819,0.00212393171486819,0.022217333032503
947,291,7,3,33,2,SEG_MID,T60,60,0.491094147582697,0.240646511627907,0.119413953488372,0.60200551685716,0.583113961451472,-0.0188915554056881,1.62971851352294,-0.0134852286570813,0.00540632674860678,0.00540632674860678,0.588520288200079,0.00540632674860664,0.00540632674860664,0.018891555405688
948,292,7,4,32,2,SEG_MID,T60,60,0.491094147582697,0.240295348837209,0.135193023255814,0.708989828601803,0.692647713761436,-0.0163421148403669,1.54473716134556,-0.00916366188801125,0.00717845295235565,0.00717845295235565,0.699826166713792,0.00717845295235586,0.00717845295235586,0.0163421148403671
949,293,7,5,31,2,SEG_MID,T60,60,0.491094147582697,0.239944186046512,0.150972093023256,0.793610895786004,0.7792853044699,-0.0143255913161039,1.4775197105368,-0.00646398273475623,0.00786160858134767,0.00786160858134767,0.787146913051248,0.00786160858134777,0.00786160858134777,0.014325591316104
950,297,7,9,27,2,SEG_MID,T60,60,0.491094147582697,0.238539534883721,0.214088372093023,0.761181488399806,0.752645464756196,-0.00853602364360995,1.28453412145366,-0.0105472803608264,-0.00201125671721649,0.00201125671721649,0.75063420803898,-0.00201125671721636,0.00201125671721636,0.00853602364361006
951,298,7,10,26,2,SEG_MID,T60,60,0.491094147582697,0.238188372093023,0.229867441860465,0.69592515509828,0.683446868719966,-0.0124782863783137,1.41594287927712,-0.0125393013479334,-6.101496961969e-05,6.101496961969e-05,0.683385853750347,-6.10149696192996e-05,6.10149696192996e-05,0.0124782863783141
952,299,7,11,25,2,SEG_MID,T60,60,0.491094147582697,0.237837209302326,0.245646511627907,0.634643052964059,0.619796081373217,-0.0148469715908415,1.49489905302805,-0.0140235024312942,0.000823469159547334,0.000823469159547334,0.620619550532765,0.000823469159547896,0.000823469159547896,0.014846971590842
953,300,7,12,24,2,SEG_MID,T60,60,0.491094147582697,0.237486046511628,0.261425581395349,0.584792528814136,0.572986076009302,-0.0118064528048346,1.39354842682782,-0.014994312327417,-0.00318785952258244,0.00318785952258244,0.569798216486719,-0.00318785952258294,0.00318785952258294,0.0118064528048341
954,301,7,13,23,2,SEG_MID,T60,60,0.491094147582697,0.23713488372093,0.277204651162791,0.526707020054911,0.510991004121824,-0.0157160159330865,1.52386719776955,-0.0156651683083036,5.08476247828883e-05,5.08476247828883e-05,0.511041851746607,5.08476247833567e-05,5.08476247833567e-05,0.015716015933087
955,302,7,14,22,2,SEG_MID,T60,60,0.491094147582697,0.236783720930233,0.292983720930233,0.469139723437533,0.450427234907346,-0.0187124885301871,1.6237496176729,-0.0159380707172581,0.00277441781292898,0.00277441781292898,0.453201652720275,0.00277441781292892,0.00277441781292892,0.018712488530187
956,303,7,15,21,2,SEG_MID,T60,60,0.491094147582697,0.236432558139535,0.308762790697674,0.416275831897535,0.395103574044046,-0.0211722578534889,1.70574192844963,-0.0158413790891008,0.00533087876438812,0.00533087876438812,0.400434452808434,0.0053308787643882,0.0053308787643882,0.021172257853489
957,304,7,16,20,2,SEG_MID,T60,60,0.491094147582697,0.236081395348837,0.324541860465116,0.367863969989177,0.344374311422703,-0.023489658566474,1.78298861888247,-0.0154328291485132,0.00805682941796081,0.00805682941796081,0.352431140840664,0.00805682941796076,0.00805682941796076,0.0234896585664739
958,305,7,17,19,2,SEG_MID,T60,60,0.491094147582697,0.23573023255814,0.340320930232558,0.323404437895431,0.298194524071302,-0.0252099138241296,1.84033046080432,-0.0147620563679538,0.0104478574561758,0.0104478574561758,0.308642381527477,0.0104478574561752,0.0104478574561752,0.025209913824129
959,306,7,18,18,2,SEG_MID,T60,60,0.491094147582697,0.235379069767442,0.3561,0.282514117644947,0.255766363335906,-0.0267477543090405,1.89159181030135,-0.0138719862083263,0.0128757681007142,0.0128757681007142,0.268642131436621,0.0128757681007147,0.0128757681007147,0.026747754309041
960,326,8,1,34,2,SEG_MID,T60,60,0.491094147582697,0.254148837209302,0.0940953488372093,0.254663167655945,0.233926980974697,-0.020736186681248,1.69120622270827,-0.0250752971141642,-0.00433911043291616,0.00433911043291616,0.229587870541781,-0.00433911043291615,0.00433911043291615,0.020736186681248
961,327,8,2,33,2,SEG_MID,T60,60,0.491094147582697,0.253797674418605,0.109874418604651,0.436181959383955,0.418847594054535,-0.01733436532942,1.57781217764733,-0.0161865697854133,0.00114779554400666,0.00114779554400666,0.419995389598542,0.00114779554400668,0.00114779554400668,0.01733436532942
962,328,8,3,32,2,SEG_MID,T60,60,0.491094147582697,0.253446511627907,0.125653488372093,0.572111922407164,0.557325003797522,-0.0147869186096424,1.49289728698808,-0.0103223466126834,0.00446457199695901,0.00446457199695901,0.561789575794481,0.0044645719969586,0.0044645719969586,0.014786918609642
963,329,8,4,31,2,SEG_MID,T60,60,0.491094147582697,0.253095348837209,0.141432558139535,0.677711551336961,0.664903662386005,-0.0128078889509565,1.42692963169855,-0.00654524188652654,0.00626264706442996,0.00626264706442996,0.671166309450435,0.00626264706442958,0.00626264706442958,0.0128078889509561
964,330,8,5,30,2,SEG_MID,T60,60,0.491094147582697,0.252744186046512,0.157211627906977,0.7621134618221,0.750887338695442,-0.0112261231266573,1.37420410422191,-0.00427619683238583,0.00694992629427147,0.00694992629427147,0.757837264989714,0.00694992629427227,0.00694992629427227,0.011226123126658
965,336,8,11,24,2,SEG_MID,T60,60,0.491094147582697,0.250637209302326,0.251886046511628,0.761720636873888,0.754196355434755,-0.00752428143913297,1.25080938130443,-0.0108723612579261,-0.00334807981879312,0.00334807981879312,0.750848275615962,-0.00334807981879315,0.00334807981879315,0.00752428143913297
966,337,8,12,23,2,SEG_MID,T60,60,0.491094147582697,0.250286046511628,0.26766511627907,0.686247932460541,0.679821007332282,-0.00642692512825827,1.21423083760861,-0.0126876444828084,-0.00626071935455008,0.00626071935455008,0.673560287977733,-0.0062607193545493,0.0062607193545493,0.00642692512825904
967,338,8,13,22,2,SEG_MID,T60,60,0.491094147582697,0.24993488372093,0.283444186046512,0.620482153320618,0.608884475769568,-0.0115976775510502,1.38658925170167,-0.0139394991272409,-0.00234182157619074,0.00234182157619074,0.606542654193377,-0.00234182157619089,0.00234182157619089,0.01159767755105
968,339,8,14,21,2,SEG_MID,T60,60,0.491094147582697,0.249583720930233,0.299223255813954,0.55944983765461,0.544042725051484,-0.0154071126031254,1.51357042010418,-0.0147403890541701,0.000666723548955276,0.000666723548955276,0.54470944860044,0.000666723548955916,0.000666723548955916,0.015407112603126
969,340,8,15,20,2,SEG_MID,T60,60,0.491094147582697,0.249232558139535,0.315002325581395,0.503381907877217,0.48530715706499,-0.0180747508122273,1.60249169374091,-0.0151533616852253,0.00292138912700204,0.00292138912700204,0.488228546191992,0.00292138912700179,0.00292138912700179,0.018074750812227
970,341,8,16,19,2,SEG_MID,T60,60,0.491094147582697,0.248881395348837,0.330781395348837,0.4516242076907,0.431342937908267,-0.0202812697824334,1.67604232608111,-0.0152347194531767,0.00504655032925669,0.00504655032925669,0.436389488237523,0.00504655032925627,0.00504655032925627,0.020281269782433
971,342,8,17,18,2,SEG_MID,T60,60,0.491094147582697,0.24853023255814,0.346560465116279,0.404551856147284,0.382159389811712,-0.0223924663355719,1.74641554451906,-0.0150453053495049,0.00734716098606696,0.00734716098606696,0.389506550797779,0.00734716098606708,0.00734716098606708,0.022392466335572
972,343,8,18,17,2,SEG_MID,T60,60,0.491094147582697,0.248179069767442,0.362339534883721,0.360978577801817,0.3370406335276,-0.0239379442742165,1.79793147580722,-0.014620790161138,0.00931715411307846,0.00931715411307846,0.346357787640679,0.00931715411307898,0.00931715411307898,0.023937944274217
973,344,8,19,16,2,SEG_MID,T60,60,0.491094147582697,0.247827906976744,0.378118604651163,0.321102513115239,0.295293000569788,-0.0258095125454508,1.86031708484836,-0.014009884065476,0.0117996284799748,0.0117996284799748,0.307092629049763,0.011799628479975,0.011799628479975,0.025809512545451
974,345,8,20,15,2,SEG_MID,T60,60,0.491094147582697,0.247476744186047,0.393897674418605,0.283785110592214,0.256731176253045,-0.0270539343391694,1.90179781130565,-0.0132266474618558,0.0138272868773136,0.0138272868773136,0.270558463130358,0.0138272868773132,0.0138272868773132,0.027053934339169
975,363,9,2,32,2,SEG_MID,T60,60,0.491094147582697,0.266597674418605,0.116113953488372,0.412743152337405,0.399766969422064,-0.0129761829153415,1.43253943051138,-0.0122941331979993,0.00068204971734219,0.00068204971734219,0.400449019139406,0.000682049717341648,0.000682049717341648,0.012976182915341
976,364,9,3,31,2,SEG_MID,T60,60,0.491094147582697,0.266246511627907,0.131893023255814,0.545046712973543,0.533976070595577,-0.0110706423779654,1.36902141259885,-0.00716019608517574,0.00391044629278966,0.00391044629278966,0.537886516888367,0.00391044629279036,0.00391044629279036,0.0110706423779661
977,365,9,4,30,2,SEG_MID,T60,60,0.491094147582697,0.265895348837209,0.147672093023256,0.649076453268691,0.639504129501896,-0.00957232376679518,1.31907745889317,-0.00393414237917398,0.0056381813876212,0.0056381813876212,0.645142310889517,0.00563818138762107,0.00563818138762107,0.00957232376679507
978,366,9,5,29,2,SEG_MID,T60,60,0.491094147582697,0.265544186046512,0.163451162790698,0.733020774751519,0.724657483505838,-0.0083632912456818,1.27877637485606,-0.00211010133772579,0.00625318990795601,0.00625318990795601,0.730910673413793,0.0062531899079552,0.0062531899079552,0.00836329124568103
979,373,9,12,22,2,SEG_MID,T60,60,0.491094147582697,0.263086046511628,0.273904651162791,0.778854119347761,0.774126774448753,-0.00472734489900817,1.15757816330027,-0.0111620274419727,-0.00643468254296456,0.00643468254296456,0.767692091905788,-0.00643468254296464,0.00643468254296464,0.00472734489900806
980,374,9,13,21,2,SEG_MID,T60,60,0.491094147582697,0.26273488372093,0.289683720930233,0.706260116413813,0.698246927878314,-0.00801318853549882,1.26710628451663,-0.0129261031728117,-0.00491291463731287,0.00491291463731287,0.693334013241001,-0.00491291463731269,0.00491291463731269,0.00801318853549904
981,375,9,14,20,2,SEG_MID,T60,60,0.491094147582697,0.262383720930233,0.305462790697674,0.642606764877292,0.630325895083139,-0.0122808697941529,1.40936232647176,-0.0142104847144169,-0.00192961492026401,0.00192961492026401,0.628396280162875,-0.00192961492026389,0.00192961492026389,0.012280869794153
982,376,9,15,19,2,SEG_MID,T60,60,0.491094147582697,0.262032558139535,0.321241860465116,0.583949126141032,0.568596874678917,-0.0153522514621144,1.51174171540381,-0.0150949630029157,0.000257288459198687,0.000257288459198687,0.568854163138116,0.000257288459199367,0.000257288459199367,0.0153522514621151
983,377,9,16,18,2,SEG_MID,T60,60,0.491094147582697,0.261681395348837,0.337020930232558,0.530076171493956,0.512339746298823,-0.0177364251951333,1.59121417317111,-0.0156411769197519,0.00209524827538144,0.00209524827538144,0.514434994574204,0.00209524827538121,0.00209524827538121,0.0177364251951331
984,378,9,17,17,2,SEG_MID,T60,60,0.491094147582697,0.26133023255814,0.3528,0.480183361632561,0.460483211753507,-0.019700149879054,1.65667166263513,-0.0158960391825185,0.00380411069653545,0.00380411069653545,0.464287322450042,0.00380411069653547,0.00380411069653547,0.019700149879054
985,379,9,18,16,2,SEG_MID,T60,60,0.491094147582697,0.260979069767442,0.368579069767442,0.434402130031135,0.412807935363249,-0.0215941946678856,1.71980648892952,-0.0159130232000282,0.00568117146785737,0.00568117146785737,0.418489106831107,0.00568117146785774,0.00568117146785774,0.021594194667886
986,380,9,19,15,2,SEG_MID,T60,60,0.491094147582697,0.260627906976744,0.384358139534884,0.391651254685123,0.368725718610587,-0.0229255360745362,1.76418453581787,-0.0157156561905494,0.00720987988398676,0.00720987988398676,0.375935598494574,0.00720987988398658,0.00720987988398658,0.022925536074536
987,381,9,20,14,2,SEG_MID,T60,60,0.491094147582697,0.260276744186047,0.400137209302326,0.352241227885775,0.327635410905965,-0.0246058169798092,1.82019389932697,-0.0153513689776637,0.00925444800214547,0.00925444800214547,0.336889858908111,0.00925444800214631,0.00925444800214631,0.02460581697981
988,382,9,21,13,2,SEG_MID,T60,60,0.491094147582697,0.259925581395349,0.415916279069767,0.314546748946101,0.28890308075307,-0.0256436681930309,1.8547889397677,-0.01480573813836,0.0108379300546709,0.0108379300546709,0.299741010807741,0.010837930054671,0.010837930054671,0.025643668193031
989,383,9,22,12,2,SEG_MID,T60,60,0.491094147582697,0.259574418604651,0.431695348837209,0.278904032054856,0.251842760917531,-0.0270612711373249,1.90204237124416,-0.0141130630944712,0.0129482080428537,0.0129482080428537,0.264790968960385,0.0129482080428538,0.0129482080428538,0.027061271137325
990,398,10,2,31,2,SEG_MID,T60,60,0.491094147582697,0.279397674418605,0.122353488372093,0.391694914716307,0.38263241473139,-0.00906249998491693,1.30208333283056,-0.00845648555507557,0.000606014429841355,0.000606014429841355,0.383238429161231,0.000606014429841484,0.000606014429841484,0.00906249998491704
991,399,10,3,30,2,SEG_MID,T60,60,0.491094147582697,0.279046511627907,0.138132558139535,0.520426608744238,0.512736509509424,-0.00769009923481356,1.25633664116045,-0.00403660134290751,0.00365349789190605,0.00365349789190605,0.51639000740133,0.0036534978919065,0.0036534978919065,0.00769009923481401
992,400,10,4,29,2,SEG_MID,T60,60,0.491094147582697,0.278695348837209,0.153911627906977,0.622763073133309,0.616163976712922,-0.00659909642038659,1.21996988067955,-0.00136359081461507,0.00523550560577152,0.00523550560577152,0.621399482318694,0.00523550560577191,0.00523550560577191,0.00659909642038703
993,401,10,5,28,2,SEG_MID,T60,60,0.491094147582697,0.278344186046512,0.169690697674419,0.706067566607312,0.700356574318499,-0.00571099228881289,1.1903664096271,5.72895555090961e-06,0.0057167212443638,0.0057167212443638,0.706073295562863,0.00571672124436395,0.00571672124436395,0.005710992288813
994,402,10,6,27,2,SEG_MID,T60,60,0.491094147582697,0.277993023255814,0.18546976744186,0.775197594532588,0.770223593261376,-0.00497400127121117,1.16580004237371,0.000370962396831621,0.00534496366804279,0.00534496366804279,0.77556855692942,0.0053449636680436,0.0053449636680436,0.00497400127121195
995,409,10,13,20,2,SEG_MID,T60,60,0.491094147582697,0.27553488372093,0.295923255813953,0.7820468642042,0.778404899973715,-0.00364196423048435,1.12139880768281,-0.0125699464813644,-0.00892798225088001,0.00892798225088001,0.769476917722836,-0.00892798225087932,0.00892798225087932,0.00364196423048502
996,410,10,14,19,2,SEG_MID,T60,60,0.491094147582697,0.275183720930233,0.311702325581395,0.718074723497426,0.709215790715995,-0.00885893278143002,1.295297759381,-0.0142998582859402,-0.00544092550451016,0.00544092550451016,0.703774865211486,-0.00544092550450925,0.00544092550450925,0.00885893278143091
997,411,10,15,18,2,SEG_MID,T60,60,0.491094147582697,0.274832558139535,0.327481395348837,0.657749945501131,0.645342372999093,-0.0124075725020374,1.41358575006791,-0.0156223468550705,-0.00321477435303309,0.00321477435303309,0.642127598646061,-0.00321477435303252,0.00321477435303252,0.0124075725020379
998,412,10,16,17,2,SEG_MID,T60,60,0.491094147582697,0.274481395348837,0.343260465116279,0.6020500008412,0.587215345687089,-0.0148346551541109,1.49448850513703,-0.0166000498578649,-0.00176539470375403,0.00176539470375403,0.585449950983335,-0.00176539470375392,0.00176539470375392,0.014834655154111
999,413,10,17,16,2,SEG_MID,T60,60,0.491094147582697,0.27413023255814,0.359039534883721,0.550668172554959,0.533292797747435,-0.0173753748075248,1.57917916025083,-0.0172862309628558,8.91438446690221e-05,8.91438446690221e-05,0.533381941592103,8.91438446682935e-05,8.91438446682935e-05,0.017375374807524
1000,414,10,18,15,2,SEG_MID,T60,60,0.491094147582697,0.273779069767442,0.374818604651163,0.502589353537254,0.483455196382318,-0.0191341571549354,1.63780523849785,-0.0177113305520135,0.0014228266029219,0.0014228266029219,0.48487802298524,0.00142282660292248,0.00142282660292248,0.019134157154936
1001,415,10,19,14,2,SEG_MID,T60,60,0.491094147582697,0.273427906976744,0.390597674418605,0.458071333511246,0.437249161609875,-0.0208221719013706,1.69407239671235,-0.0179245082299789,0.00289766367139172,0.00289766367139172,0.440146825281267,0.00289766367139216,0.00289766367139216,0.020822171901371
1002,416,10,20,13,2,SEG_MID,T60,60,0.491094147582697,0.273076744186046,0.406376744186047,0.416114097565033,0.39368855927821,-0.0224255382868229,1.7475179428941,-0.0179379813522918,0.0044875569345311,0.0044875569345311,0.398176116212741,0.00448755693453118,0.00448755693453118,0.022425538286823
1003,417,10,21,12,2,SEG_MID,T60,60,0.491094147582697,0.272725581395349,0.422155813953488,0.376067495731442,0.352142071409704,-0.0239254243217382,1.79751414405794,-0.0177599272334986,0.00616549708823957,0.00616549708823957,0.358307568497943,0.00616549708823938,0.00616549708823938,0.023925424321738
1004,418,10,22,11,2,SEG_MID,T60,60,0.491094147582697,0.272374418604651,0.43793488372093,0.338358863005296,0.313082287992505,-0.0252765750127913,1.84255250042638,-0.0174316616779628,0.00784491333482852,0.00784491333482852,0.320927201327333,0.00784491333482823,0.00784491333482823,0.025276575012791
1005,419,10,23,10,2,SEG_MID,T60,60,0.491094147582697,0.272023255813953,0.453713953488372,0.30177929015662,0.275308961482074,-0.0264703286745462,1.88234428915154,-0.0169278082108071,0.00954252046373912,0.00954252046373912,0.284851481945813,0.00954252046373888,0.00954252046373888,0.026470328674546
1006,420,10,24,9,2,SEG_MID,T60,60,0.491094147582697,0.271672093023256,0.469493023255814,0.266714654015203,0.238751539363098,-0.0279631146521053,1.93210382173684,-0.0162813280613747,0.0116817865907306,0.0116817865907306,0.250433325953828,0.0116817865907303,0.0116817865907303,0.027963114652105
1007,432,11,2,30,2,SEG_MID,T60,60,0.491094147582697,0.292197674418605,0.128593023255814,0.372689264003152,0.367160650898301,-0.00552861310485137,1.18428710349505,-0.00470605956951126,0.000822553535340114,0.000822553535340114,0.367983204433641,0.000822553535339721,0.000822553535339721,0.00552861310485098
1008,433,11,3,29,2,SEG_MID,T60,60,0.491094147582697,0.291846511627907,0.144372093023256,0.497934588910784,0.493332829299371,-0.0046017596114134,1.15339198704711,-0.000982719627636431,0.00361903998377697,0.00361903998377697,0.496951869283148,0.00361903998377661,0.00361903998377661,0.00460175961141301
1009,434,11,4,28,2,SEG_MID,T60,60,0.491094147582697,0.291495348837209,0.160151162790698,0.598500046556431,0.594642501915171,-0.00385754464125976,1.12858482137533,0.0011384800717339,0.00499602471299366,0.00499602471299366,0.599638526628165,0.00499602471299387,0.00499602471299387,0.00385754464125998
1010,435,11,5,27,2,SEG_MID,T60,60,0.491094147582697,0.291144186046512,0.17593023255814,0.681026201356719,0.677779375358515,-0.00324682599820414,1.10822753327347,0.0020468725721316,0.00529369857033574,0.00529369857033574,0.683073073928851,0.00529369857033568,0.00529369857033568,0.00324682599820403
1011,436,11,6,26,2,SEG_MID,T60,60,0.491094147582697,0.290793023255814,0.191709302325581,0.749967350751052,0.74723071022448,-0.00273664052657197,1.09122135088573,0.00201014138198721,0.00474678190855918,0.00474678190855918,0.751977492133039,0.00474678190855926,0.00474678190855926,0.00273664052657208
1012,444,11,14,18,2,SEG_MID,T60,60,0.491094147582697,0.287983720930233,0.317941860465116,0.785619906690439,0.780283258615187,-0.00533664807525158,1.17788826917505,-0.0149569306508157,-0.00962028257556409,0.00962028257556409,0.770662976039623,-0.00962028257556369,0.00962028257556369,0.00533664807525203
1013,445,11,15,17,2,SEG_MID,T60,60,0.491094147582697,0.287632558139535,0.333720930232558,0.724716561633873,0.715401586269856,-0.0093149753640176,1.31049917880059,-0.0166908574520205,-0.00737588208800288,0.00737588208800288,0.708025704181853,-0.00737588208800344,0.00737588208800344,0.00931497536401704
1014,446,11,16,16,2,SEG_MID,T60,60,0.491094147582697,0.287281395348837,0.3495,0.668109214967586,0.655418019913743,-0.0126911950538432,1.42303983512811,-0.0180793224470335,-0.00538812739319032,0.00538812739319032,0.650029892520553,-0.0053881273931905,0.0053881273931905,0.012691195053843
1015,447,11,17,15,2,SEG_MID,T60,60,0.491094147582697,0.28693023255814,0.365279069767442,0.615181166543377,0.600151762356418,-0.0150294041869585,1.50098013956528,-0.0191638855450006,-0.00413448135804213,0.00413448135804213,0.596017280998376,-0.00413448135804162,0.00413448135804162,0.015029404186959
1016,448,11,18,14,2,SEG_MID,T60,60,0.491094147582697,0.286579069767442,0.381058139534884,0.565764183796693,0.548669370358406,-0.0170948134382871,1.56982711460957,-0.0199871117785441,-0.00289229834025698,0.00289229834025698,0.545777072018149,-0.00289229834025706,0.00289229834025706,0.017094813438287
1017,449,11,19,13,2,SEG_MID,T60,60,0.491094147582697,0.286227906976744,0.396837209302326,0.519397323601222,0.500671169444349,-0.0187261541568733,1.62420513856244,-0.0205794452916234,-0.00185329113475012,0.00185329113475012,0.498817878309599,-0.00185329113475036,0.00185329113475036,0.0187261541568731
1018,450,11,20,12,2,SEG_MID,T60,60,0.491094147582697,0.285876744186047,0.412616279069767,0.4755962521821,0.454813759345595,-0.0207824928365051,1.69274976121684,-0.0209625149867667,-0.000180022150261635,0.000180022150261635,0.454633737195333,-0.000180022150261694,0.000180022150261694,0.020782492836505
1019,451,11,21,11,2,SEG_MID,T60,60,0.491094147582697,0.285525581395349,0.428395348837209,0.433817840532923,0.41157444596718,-0.0222433945657428,1.74144648552476,-0.0211473658165062,0.00109602874923656,0.00109602874923656,0.412670474716417,0.00109602874923675,0.00109602874923675,0.022243394565743
1020,452,11,22,10,2,SEG_MID,T60,60,0.491094147582697,0.285174418604651,0.444174418604651,0.393707782330895,0.369658744827406,-0.024049037503489,1.80163458344963,-0.0211440173602265,0.00290502014326247,0.00290502014326247,0.372563764970668,0.00290502014326244,0.00290502014326244,0.024049037503489
1021,453,11,23,9,2,SEG_MID,T60,60,0.491094147582697,0.284823255813954,0.459953488372093,0.35538281822616,0.329371535770313,-0.0260112824558467,1.86704274852822,-0.0209788159638424,0.00503246649200427,0.00503246649200427,0.334404002262318,0.00503246649200462,0.00503246649200462,0.0260112824558471
1022,454,11,24,8,2,SEG_MID,T60,60,0.491094147582697,0.284472093023256,0.475732558139535,0.319064268239543,0.290484469869891,-0.0285797983696525,1.95265994565508,-0.020685354990788,0.00789444337886455,0.00789444337886455,0.298378913248755,0.00789444337886402,0.00789444337886402,0.028579798369652
1023,455,11,25,7,2,SEG_MID,T60,60,0.491094147582697,0.284120930232558,0.491511627906977,0.284671513519774,0.251751879870605,-0.0329196336491684,2.09732112163895,-0.0202840157213478,0.0126356179278206,0.0126356179278206,0.264387497798426,0.0126356179278211,0.0126356179278211,0.032919633649169
1024,456,11,26,6,2,SEG_MID,T60,60,0.491094147582697,0.28376976744186,0.507290697674419,0.252133623834221,0.213573216645956,-0.038560407188265,2.2853469062755,-0.0197943415939375,0.0187660655943275,0.0187660655943275,0.232339282240283,0.0187660655943275,0.0187660655943275,0.038560407188265
1025,465,12,2,29,2,SEG_MID,T60,60,0.491094147582697,0.304997674418605,0.134832558139535,0.355442630878166,0.353120835127035,-0.00232179575113117,1.07739319170437,-0.00106919553914047,0.0012526002119907,0.0012526002119907,0.354373435339026,0.00125260021199053,0.00125260021199053,0.00232179575113101
1026,466,12,3,28,2,SEG_MID,T60,60,0.491094147582697,0.304646511627907,0.150611627906977,0.477306166786305,0.475536859479619,-0.00176930730668567,1.05897691022286,0.00197555238220749,0.00374485968889316,0.00374485968889316,0.479281719168512,0.00374485968889349,0.00374485968889349,0.00176930730668601
1027,467,12,4,27,2,SEG_MID,T60,60,0.491094147582697,0.304295348837209,0.166390697674419,0.576056713061282,0.574735107647481,-0.00132160541380111,1.04405351379337,0.00354841849146425,0.00487002390526536,0.00487002390526536,0.579605131552746,0.00487002390526525,0.00487002390526525,0.001321605413801
1028,468,12,5,26,2,SEG_MID,T60,60,0.491094147582697,0.303944186046512,0.18216976744186,0.65770023020484,0.656748769145128,-0.000951461059712444,1.03171536865708,0.00399233360324932,0.00494379466296176,0.00494379466296176,0.661692563808089,0.00494379466296135,0.00494379466296135,0.000951461059712
1029,469,12,6,25,2,SEG_MID,T60,60,0.491094147582697,0.303593023255814,0.197948837209302,0.726327669343299,0.725687342100715,-0.000640327242584338,1.02134424141948,0.0035467804500422,0.00418710769262653,0.00418710769262653,0.729874449793341,0.0041871076926262,0.0041871076926262,0.000640327242584005
1030,470,12,7,24,2,SEG_MID,T60,60,0.491094147582697,0.303241860465116,0.213727906976744,0.784821877258523,0.78444674315759,-0.00037513410093315,1.0125044700311,0.00238396469128557,0.00275909879221872,0.00275909879221872,0.787205841949809,0.00275909879221858,0.00275909879221858,0.000375134100933039
1031,478,12,15,16,2,SEG_MID,T60,60,0.491094147582697,0.300432558139535,0.339960465116279,0.784398700932268,0.777773221828738,-0.00662547910353017,1.22084930345101,-0.0182480617609896,-0.0116225826574594,0.0116225826574594,0.766150639171278,-0.0116225826574595,0.0116225826574595,0.00662547910353006
1032,479,12,16,15,2,SEG_MID,T60,60,0.491094147582697,0.300081395348837,0.355739534883721,0.727670421240434,0.717480662885469,-0.0101897583549652,1.33965861183217,-0.0200279021041545,-0.0098381437491893,0.0098381437491893,0.70764251913628,-0.00983814374918945,0.00983814374918945,0.0101897583549651
1033,480,12,17,14,2,SEG_MID,T60,60,0.491094147582697,0.29973023255814,0.371518604651163,0.674215119804825,0.661434278613829,-0.0127808411909955,1.42602803969985,-0.0215011877844142,-0.00872034659341868,0.00872034659341868,0.652713932020411,-0.00872034659341825,0.00872034659341825,0.012780841190996
1034,481,12,18,13,2,SEG_MID,T60,60,0.491094147582697,0.299379069767442,0.387297674418605,0.623933004882926,0.608639291923011,-0.0152937129599159,1.5097904319972,-0.022706915538667,-0.00741320257875112,0.00741320257875112,0.601226089344259,-0.007413202578752,0.007413202578752,0.015293712959915
1035,482,12,19,12,2,SEG_MID,T60,60,0.491094147582697,0.299027906976744,0.403076744186046,0.576035507895194,0.558964908202334,-0.0170705996928593,1.56901998976198,-0.0236594541297488,-0.00658885443688952,0.00658885443688952,0.552376053765445,-0.00658885443688884,0.00658885443688884,0.01707059969286
1036,483,12,20,11,2,SEG_MID,T60,60,0.491094147582697,0.298676744186047,0.418855813953488,0.530606321314931,0.511277957317141,-0.0193283639977904,1.64427879992635,-0.0243921054256539,-0.00506374142786347,0.00506374142786347,0.506214215889277,-0.00506374142786381,0.00506374142786381,0.01932836399779
1037,484,12,21,10,2,SEG_MID,T60,60,0.491094147582697,0.298325581395349,0.43463488372093,0.487034654755977,0.465890014826436,-0.0211446399295409,1.7048213309847,-0.0249107293375955,-0.00376608940805462,0.00376608940805462,0.462123925418381,-0.00376608940805451,0.00376608940805451,0.021144639929541
1038,485,12,22,9,2,SEG_MID,T60,60,0.491094147582697,0.297974418604651,0.450413953488372,0.445681645525165,0.42208934462011,-0.0235923009050542,1.78641003016847,-0.0252550934923244,-0.00166279258727025,0.00166279258727025,0.420426552032841,-0.00166279258726948,0.00166279258726948,0.023592300905055
1039,486,12,23,8,2,SEG_MID,T60,60,0.491094147582697,0.297623255813953,0.466193023255814,0.406263054046279,0.379896809534039,-0.0263662445122407,1.87887481707469,-0.0254388335290921,0.000927410983148649,0.000927410983148649,0.380824220517187,0.000927410983147969,0.000927410983147969,0.02636624451224
1040,487,12,24,7,2,SEG_MID,T60,60,0.491094147582697,0.297272093023256,0.481972093023256,0.365406244003091,0.338385606409154,-0.0270206375939367,1.90068791979789,-0.0253045480464653,0.00171608954747145,0.00171608954747145,0.340101695956626,0.00171608954747177,0.00171608954747177,0.027020637593937
1041,488,12,25,6,2,SEG_MID,T60,60,0.491094147582697,0.296920930232558,0.497751162790698,0.303276517134484,0.293356634409444,-0.00991988272503974,1.33066275750132,-0.0236821488366329,-0.0137622661115932,0.0137622661115932,0.279594368297851,-0.0137622661115929,0.0137622661115929,0.00991988272504002
1042,497,13,2,28,2,SEG_MID,T60,60,0.491094147582697,0.317797674418605,0.141072093023256,0.339721614431913,0.340322964780813,0.00060135034890002,1.02004501163,0.00243249252903207,0.00183114218013205,0.00183114218013205,0.342154106960945,0.00183114218013208,0.00183114218013208,0.000601350348899965
1043,498,13,3,27,2,SEG_MID,T60,60,0.491094147582697,0.317446511627907,0.156851162790698,0.45831894077605,0.459156736026633,0.000837795250582918,1.02792650835276,0.00481651363685406,0.00397871838627115,0.00397871838627115,0.463135454412904,0.00397871838627112,0.00397871838627112,0.000837795250582973
1044,499,13,4,26,2,SEG_MID,T60,60,0.491094147582697,0.317095348837209,0.17263023255814,0.555235760074748,0.556266776273196,0.0010310161984477,1.03436720661492,0.00584606408087371,0.00481504788242601,0.00481504788242601,0.561081824155622,0.0048150478824257,0.0048150478824257,0.00103101619844803
1045,500,13,5,25,2,SEG_MID,T60,60,0.491094147582697,0.316744186046512,0.188409302325581,0.63591922746909,0.637111100535931,0.00119187306684088,1.03972910222803,0.00582396172465156,0.00463208865781068,0.00463208865781068,0.641743189193742,0.00463208865781062,0.00463208865781062,0.00119187306684099
1046,501,13,6,24,2,SEG_MID,T60,60,0.491094147582697,0.316393023255814,0.204188372093023,0.704132738341966,0.705460607196983,0.00132786885501757,1.04426229516725,0.00496475014182393,0.00363688128680636,0.00363688128680636,0.70909748848379,0.00363688128680695,0.00363688128680695,0.00132786885501701
1047,502,13,7,23,2,SEG_MID,T60,60,0.491094147582697,0.316041860465116,0.219967441860465,0.76255983957129,0.764004193263122,0.00144435369183193,1.04814512306106,0.00342458551559916,0.00198023182376723,0.00198023182376723,0.765984425086889,0.00198023182376728,0.00198023182376728,0.00144435369183193
1048,511,13,16,14,2,SEG_MID,T60,60,0.491094147582697,0.312881395348837,0.361979069767442,0.780817724732533,0.772641410008278,-0.00817631472425429,1.27254382414181,-0.0224035338692203,-0.014227219144966,0.014227219144966,0.758414190863313,-0.0142272191449653,0.0142272191449653,0.00817631472425495
1049,512,13,17,13,2,SEG_MID,T60,60,0.491094147582697,0.31253023255814,0.377758139534884,0.727216766785019,0.716169777439509,-0.0110469893455097,1.36823297818366,-0.0242460104016069,-0.0131990210560972,0.0131990210560972,0.702970756383412,-0.0131990210560969,0.0131990210560969,0.01104698934551
1050,513,13,18,12,2,SEG_MID,T60,60,0.491094147582697,0.312179069767442,0.393537209302326,0.67646754477147,0.662822046689923,-0.0136454980815466,1.45484993605155,-0.0258170573286911,-0.0121715592471445,0.0121715592471445,0.650650487442779,-0.0121715592471441,0.0121715592471441,0.013645498081547
1051,514,13,19,11,2,SEG_MID,T60,60,0.491094147582697,0.311827906976744,0.409316279069767,0.62777204286641,0.61187036632252,-0.01590167654389,1.53005588479633,-0.0271248194473533,-0.0112231429034633,0.0112231429034633,0.600647223419057,-0.0112231429034633,0.0112231429034633,0.01590167654389
1052,515,13,20,10,2,SEG_MID,T60,60,0.491094147582697,0.311476744186047,0.425095348837209,0.581123936917668,0.562944008201889,-0.0181799287157783,1.60599762385928,-0.0281950878688116,-0.0100151591530333,0.0100151591530333,0.552928849048856,-0.0100151591530325,0.0100151591530325,0.018179928715779
1053,516,13,21,9,2,SEG_MID,T60,60,0.491094147582697,0.311125581395349,0.440874418604651,0.513602851562263,0.490378836124542,-0.023224015437721,1.77413384792403,-0.0280504018728095,-0.00482638643508854,0.00482638643508854,0.485552449689453,-0.00482638643508848,0.00482638643508848,0.0232240154377211
1054,517,13,22,8,2,SEG_MID,T60,60,0.491094147582697,0.310774418604651,0.456653488372093,0.440760862505589,0.422036191087252,-0.0187246714183371,1.62415571394457,-0.0271686912522804,-0.0084440198339433,0.0084440198339433,0.413592171253309,-0.00844401983394338,0.00844401983394338,0.018724671418337
1055,518,13,23,7,2,SEG_MID,T60,60,0.491094147582697,0.310423255813953,0.472432558139535,0.37278466352846,0.358258783333276,-0.0145258801951837,1.48419600650612,-0.0260162667523769,-0.0114903865571932,0.0114903865571932,0.346768396776083,-0.0114903865571929,0.0114903865571929,0.014525880195184
1056,519,13,24,6,2,SEG_MID,T60,60,0.491094147582697,0.310072093023256,0.488211627906977,0.309202465533175,0.298603965493231,-0.0105985000399438,1.35328333466479,-0.0246301237492135,-0.0140316237092697,0.0140316237092697,0.284572341783962,-0.0140316237092695,0.0140316237092695,0.010598500039944
1057,528,14,2,27,2,SEG_MID,T60,60,0.491094147582697,0.330597674418605,0.147311627906977,0.32533235749328,0.32860922824802,0.0032768707547402,1.10922902515801,0.00578110255270535,0.00250423179796515,0.00250423179796515,0.331113460045985,0.00250423179796533,0.00250423179796533,0.00327687075474004
1058,529,14,3,26,2,SEG_MID,T60,60,0.491094147582697,0.330246511627907,0.163090697674419,0.440784543905966,0.444029956303754,0.00324541239778803,1.1081804132596,0.00752184234289639,0.00427642994510836,0.00427642994510836,0.448306386248862,0.00427642994510835,0.00427642994510835,0.00324541239778803
1059,530,14,4,25,2,SEG_MID,T60,60,0.491094147582697,0.329895348837209,0.17886976744186,0.535867406533383,0.539086910797895,0.00321950426451167,1.10731680881706,0.00801412683057548,0.00479462256606381,0.00479462256606381,0.543881533363959,0.00479462256606356,0.00479462256606356,0.0032195042645119
1060,531,14,5,24,2,SEG_MID,T60,60,0.491094147582697,0.329544186046512,0.194648837209302,0.615534619680471,0.61873241626056,0.0031977965800889,1.1065932193363,0.00752598613938377,0.00432818955929487,0.00432818955929487,0.623060605819855,0.00432818955929481,0.00432818955929481,0.00319779658008901
1061,532,14,6,23,2,SEG_MID,T60,60,0.491094147582697,0.329193023255814,0.210427906976744,0.683254040042028,0.686433384466602,0.00317934442457302,1.10597814748577,0.00624987997536684,0.00307053555079382,0.00307053555079382,0.689503920017395,0.00307053555079295,0.00307053555079295,0.0031793444245739
1062,533,14,7,22,2,SEG_MID,T60,60,0.491094147582697,0.328841860465116,0.226206976744186,0.741525922808809,0.744689389338426,0.00316346652961663,1.10544888432055,0.00432748982854441,0.00116402329892779,0.00116402329892779,0.745853412637353,0.0011640232989274,0.0011640232989274,0.00316346652961697
1063,534,14,8,21,2,SEG_MID,T60,60,0.491094147582697,0.328490697674419,0.241986046511628,0.792198391337356,0.7953480506568,0.00314965931944422,1.10498864398147,0.00186538381233364,-0.00128427550711058,0.00128427550711058,0.79406377514969,-0.00128427550711041,0.00128427550711041,0.003149659319444
1064,543,14,17,12,2,SEG_MID,T60,60,0.491094147582697,0.32533023255814,0.383997674418605,0.774346416343679,0.745765877589712,-0.0285805387539668,1.95268462513223,-0.0273611205061057,0.00121941824786108,0.00121941824786108,0.746985295837573,0.0012194182478612,0.0012194182478612,0.0285805387539669
1065,544,14,18,11,2,SEG_MID,T60,60,0.491094147582697,0.324979069767442,0.399776744186047,0.692269145094835,0.657619986868679,-0.0346491582261553,2.15497194087184,-0.0282353684817902,0.00641378974436509,0.00641378974436509,0.664033776613045,0.00641378974436579,0.00641378974436579,0.034649158226156
1066,545,14,19,10,2,SEG_MID,T60,60,0.491094147582697,0.324627906976744,0.415555813953488,0.60543908496368,0.576168071362038,-0.0292710136016414,1.97570045338805,-0.0283190309317338,0.000951982669907602,0.000951982669907602,0.577120054031946,0.000951982669908258,0.000951982669908258,0.0292710136016421
1067,546,14,20,9,2,SEG_MID,T60,60,0.491094147582697,0.324276744186047,0.43133488372093,0.524961850112509,0.500675495134353,-0.0242863549781555,1.80954516593852,-0.0280218031640304,-0.00373544818587492,0.00373544818587492,0.496940046948479,-0.00373544818587451,0.00373544818587451,0.0242863549781559
1068,547,14,21,8,2,SEG_MID,T60,60,0.491094147582697,0.323925581395349,0.447113953488372,0.450164849096583,0.430511326208328,-0.0196535228882554,1.65511742960851,-0.0273972788089623,-0.00774375592070691,0.00774375592070691,0.422767570287621,-0.00774375592070731,0.00774375592070731,0.019653522888255
1069,548,14,22,7,2,SEG_MID,T60,60,0.491094147582697,0.323574418604651,0.462893023255814,0.380467199499369,0.365130661293105,-0.0153365382062645,1.51121794020882,-0.0264910401022311,-0.0111545018959666,0.0111545018959666,0.353976159397138,-0.0111545018959671,0.0111545018959671,0.015336538206264
1070,549,14,23,6,2,SEG_MID,T60,60,0.491094147582697,0.323223255813954,0.478672093023256,0.315364612332786,0.304060446425735,-0.0113041659070512,1.37680553023504,-0.0253420905120078,-0.0140379246049566,0.0140379246049566,0.290022521820778,-0.0140379246049568,0.0140379246049568,0.011304165907051
1071,550,14,24,5,2,SEG_MID,T60,60,0.491094147582697,0.322872093023256,0.494451162790698,0.254417170678024,0.246888012587602,-0.00752915809042282,1.25097193634743,-0.0239839922616812,-0.0164548341712584,0.0164548341712584,0.230433178416343,-0.0164548341712593,0.0164548341712593,0.00752915809042198
1072,558,15,2,26,2,SEG_MID,T60,60,0.491094147582697,0.343397674418605,0.153551162790698,0.31211251235183,0.317847464548082,0.00573495219625192,1.1911650732084,0.00896168046180223,0.00322672826555031,0.00322672826555031,0.321074192813632,0.00322672826555026,0.00322672826555026,0.00573495219625197
1073,559,15,3,25,2,SEG_MID,T60,60,0.491094147582697,0.343046511627907,0.16933023255814,0.424542373229433,0.430017969472059,0.00547559624262683,1.18251987475423,0.0100759630189785,0.0046003667763517,0.0046003667763517,0.434618336248412,0.0046003667763525,0.0046003667763525,0.005475596242626
1074,560,15,4,24,2,SEG_MID,T60,60,0.491094147582697,0.342695348837209,0.185109302325581,0.517804762819059,0.523065219099752,0.00526045628069327,1.17534854268978,0.0100376939896597,0.0047772377089664,0.0047772377089664,0.527842456808719,0.00477723770896665,0.00477723770896665,0.00526045628069305
1075,561,15,5,23,2,SEG_MID,T60,60,0.491094147582697,0.342344186046512,0.200888372093023,0.596416291966333,0.601495405248389,0.00507911328205557,1.16930377606852,0.0090846381756107,0.00400552489355513,0.00400552489355513,0.605500930141944,0.00400552489355466,0.00400552489355466,0.00507911328205601
1076,562,15,6,22,2,SEG_MID,T60,60,0.491094147582697,0.341993023255814,0.216667441860465,0.663577860821567,0.668502044153506,0.00492418333193878,1.16413944439796,0.0073896699541208,0.00246548662218202,0.00246548662218202,0.670967530775688,0.00246548662218182,0.00246548662218182,0.004924183331939
1077,563,15,7,21,2,SEG_MID,T60,60,0.491094147582697,0.341641860465116,0.232446511627907,0.721621228046363,0.726411515518779,0.00479028747241628,1.15967624908054,0.00508141486575252,0.000291127393336241,0.000291127393336241,0.726702642912116,0.000291127393336477,0.000291127393336477,0.00479028747241605
1078,564,15,8,20,2,SEG_MID,T60,60,0.491094147582697,0.341290697674419,0.248225581395349,0.772285256398599,0.776958670850936,0.00467341445233749,1.15578048174458,0.00225751237592604,-0.00241590207641145,0.00241590207641145,0.774542768774525,-0.00241590207641085,0.00241590207641085,0.00467341445233693
1079,573,15,17,11,2,SEG_MID,T60,60,0.491094147582697,0.33813023255814,0.390237209302326,0.709191994841435,0.673089324144387,-0.0361026706970479,2.20342235656826,-0.0274005148145841,0.00870215588246377,0.00870215588246377,0.681791480026851,0.00870215588246381,0.00870215588246381,0.036102670697048
1080,574,15,18,10,2,SEG_MID,T60,60,0.491094147582697,0.337779069767442,0.406016279069767,0.619664148264619,0.589122472183005,-0.030541676081614,2.01805586938713,-0.027775816086152,0.002765859995462,0.002765859995462,0.591888332178467,0.00276585999546208,0.00276585999546208,0.0305416760816141
1081,575,15,19,9,2,SEG_MID,T60,60,0.491094147582697,0.337427906976744,0.421795348837209,0.53683465026447,0.51143790293955,-0.0253967473249201,1.846558244164,-0.0277523991798071,-0.00235565185488697,0.00235565185488697,0.509082251084663,-0.00235565185488718,0.00235565185488718,0.0253967473249199
1082,576,15,20,8,2,SEG_MID,T60,60,0.491094147582697,0.337076744186046,0.437574418604651,0.459978867235659,0.4393559932019,-0.0206228740337596,1.68742913445865,-0.0273872793814452,-0.00676440534768559,0.00676440534768559,0.432591587854214,-0.00676440534768619,0.00676440534768619,0.020622874033759
1083,577,15,21,7,2,SEG_MID,T60,60,0.491094147582697,0.336725581395349,0.453353488372093,0.388473049713005,0.372291737510786,-0.0161813122022181,1.53937707340727,-0.0267287568974162,-0.0105474446951981,0.0105474446951981,0.361744292815589,-0.0105474446951971,0.0105474446951971,0.016181312202219
1084,578,15,22,6,2,SEG_MID,T60,60,0.491094147582697,0.336374418604651,0.469132558139535,0.321777366400358,0.309738836024754,-0.012038530375604,1.40128434585347,-0.0258180088279008,-0.0137794784522968,0.0137794784522968,0.295959357572457,-0.0137794784522968,0.0137794784522968,0.012038530375604
1085,579,15,23,5,2,SEG_MID,T60,60,0.491094147582697,0.336023255813953,0.484911627906977,0.259422250645227,0.251256889079302,-0.00816536156592512,1.27217871886417,-0.0246903464596487,-0.0165249848937236,0.0165249848937236,0.234731904185578,-0.0165249848937237,0.0165249848937237,0.00816536156592501
1086,587,16,2,25,2,SEG_MID,T60,60,0.491094147582697,0.356197674418605,0.159790697674419,0.299925088823378,0.307926155280016,0.00800106645663845,1.26670221522128,0.0119616374561226,0.00396057099948411,0.00396057099948411,0.311886726279501,0.00396057099948455,0.00396057099948455,0.00800106645663801
1087,588,16,3,24,2,SEG_MID,T60,60,0.491094147582697,0.355846511627907,0.17556976744186,0.409454656329312,0.417001920402322,0.00754726407300937,1.25157546910031,0.0124655506433177,0.00491828657030835,0.00491828657030835,0.42192020697263,0.00491828657030774,0.00491828657030774,0.00754726407300998
1088,589,16,4,23,2,SEG_MID,T60,60,0.491094147582697,0.355495348837209,0.191348837209302,0.500920098518578,0.508088403406133,0.00716830488755493,1.23894349625183,0.0119038352106507,0.00473553032309575,0.00473553032309575,0.512823933729229,0.00473553032309559,0.00473553032309559,0.00716830488755504
1089,590,16,5,22,2,SEG_MID,T60,60,0.491094147582697,0.355144186046512,0.207127906976744,0.578449807810428,0.58529689197485,0.0068470841644217,1.22823613881406,0.0104878434765028,0.00364075931208114,0.00364075931208114,0.588937651286931,0.00364075931208085,0.00364075931208085,0.00684708416442203
1090,591,16,6,21,2,SEG_MID,T60,60,0.491094147582697,0.354793023255814,0.222906976744186,0.645003219187928,0.651574559574578,0.00657134038664997,1.219044679555,0.0083730515755713,0.00180171118892133,0.00180171118892133,0.653376270763499,0.00180171118892136,0.00180171118892136,0.00657134038664997
1091,592,16,7,20,2,SEG_MID,T60,60,0.491094147582697,0.354441860465116,0.238686046511628,0.70275719769757,0.709089252074894,0.00633205437732387,1.21106847924413,0.00567630379097405,-0.000655750586349823,0.000655750586349823,0.708433501488544,-0.000655750586350035,0.000655750586350035,0.00633205437732409
1092,593,16,8,19,2,SEG_MID,T60,60,0.491094147582697,0.354090697674419,0.25446511627907,0.753348669459123,0.759471113491044,0.00612244403192119,1.20408146773071,0.00248706858888247,-0.00363537544303872,0.00363537544303872,0.755835738048006,-0.00363537544303849,0.00363537544303849,0.00612244403192097
1093,594,16,9,18,2,SEG_MID,T60,60,0.491094147582697,0.353739534883721,0.270244186046512,0.798032251957699,0.803969563182939,0.00593731122524011,1.19791037417467,-0.00112501064862578,-0.0070623218738659,0.0070623218738659,0.796907241309073,-0.0070623218738658,0.0070623218738658,0.00593731122523999
1094,601,16,16,11,2,SEG_MID,T60,60,0.491094147582697,0.351281395348837,0.380697674418605,0.72696295124241,0.689333923747584,-0.0376290274948261,2.2543009164942,-0.0263162906073242,0.0113127368875019,0.0113127368875019,0.700646660635086,0.0113127368875018,0.0113127368875018,0.037629027494826
1095,602,16,17,10,2,SEG_MID,T60,60,0.491094147582697,0.35093023255814,0.396476744186046,0.634573743455876,0.6027002586645,-0.031873484791376,2.06244949304587,-0.026987958808155,0.00488552598322098,0.00488552598322098,0.607585784647721,0.00488552598322101,0.00488552598322101,0.031873484791376
1096,603,16,18,9,2,SEG_MID,T60,60,0.491094147582697,0.350579069767442,0.412255813953488,0.54925691988361,0.522698391602386,-0.0265585282812232,1.88528427604077,-0.0272417554242314,-0.000683227143008235,0.000683227143008235,0.522015164459379,-0.000683227143007392,0.000683227143007392,0.0265585282812241
1097,604,16,19,8,2,SEG_MID,T60,60,0.491094147582697,0.350227906976744,0.42803488372093,0.470230331816359,0.448594899135002,-0.0216354326813568,1.72118108937856,-0.027138446034039,-0.00550301335268217,0.00550301335268217,0.44309188578232,-0.005503013352682,0.005503013352682,0.021635432681357
1098,605,16,20,7,2,SEG_MID,T60,60,0.491094147582697,0.349876744186047,0.443813953488372,0.396823062550579,0.379760660454992,-0.0170624020955868,1.56874673651956,-0.0267292938335087,-0.00966689173792187,0.00966689173792187,0.37009376871707,-0.00966689173792173,0.00966689173792173,0.017062402095587
1099,606,16,21,6,2,SEG_MID,T60,60,0.491094147582697,0.349525581395349,0.459593023255814,0.328456332912562,0.31565295242084,-0.0128033804917216,1.42677934972405,-0.0260578335271785,-0.0132544530354569,0.0132544530354569,0.302398499385383,-0.0132544530354566,0.0132544530354566,0.012803380491722
1100,607,16,22,5,2,SEG_MID,T60,60,0.491094147582697,0.349174418604651,0.475372093023256,0.26462820961077,0.255801110528381,-0.00882709908238916,1.29423663607964,-0.0251612644612446,-0.0163341653788554,0.0163341653788554,0.239466945149525,-0.0163341653788556,0.0163341653788556,0.00882709908238899
1101,615,17,2,24,2,SEG_MID,T60,60,0.491094147582697,0.368997674418605,0.16603023255814,0.288653689480121,0.298750545807902,0.010096856327781,1.3365618775927,0.014770300218181,0.00467344389040003,0.00467344389040003,0.303423989698302,0.00467344389040003,0.00467344389040003,0.010096856327781
1102,616,17,3,23,2,SEG_MID,T60,60,0.491094147582697,0.368646511627907,0.181809302325581,0.395402533699781,0.404879269978088,0.00947673627830675,1.31589120927689,0.0146791384654231,0.0052024021871163,0.0052024021871163,0.410081672165204,0.0052024021871161,0.0052024021871161,0.00947673627830697
1103,617,17,4,22,2,SEG_MID,T60,60,0.491094147582697,0.368295348837209,0.197588372093023,0.485101817333529,0.494057477017411,0.0089556596838819,1.29852198946273,0.0136012838409358,0.0046456241570539,0.0046456241570539,0.498703101174465,0.00464562415705377,0.00464562415705377,0.00895565968388201
1104,618,17,5,21,2,SEG_MID,T60,60,0.491094147582697,0.367944186046512,0.213367441860465,0.561534116630725,0.570045769622375,0.00851165299164991,1.28372176638833,0.0117249692625776,0.00321331627092771,0.00321331627092771,0.573259085893303,0.00321331627092769,0.00321331627092769,0.00851165299164991
1105,619,17,6,20,2,SEG_MID,T60,60,0.491094147582697,0.367593023255814,0.229146511627907,0.627440132332954,0.635568927392823,0.00812879505986908,1.27095983532897,0.00919018871082671,0.00106139365095763,0.00106139365095763,0.636630321043781,0.0010613936509577,0.0010613936509577,0.00812879505986897
1106,620,17,7,19,2,SEG_MID,T60,60,0.491094147582697,0.367241860465116,0.244925581395349,0.684854298274655,0.692649565831865,0.00779526755721049,1.25984225190702,0.00610314858410843,-0.00169211897310206,0.00169211897310206,0.690957446858763,-0.00169211897310151,0.00169211897310151,0.00779526755720994
1107,621,17,8,18,2,SEG_MID,T60,60,0.491094147582697,0.366890697674419,0.260704651162791,0.735318514332509,0.742820627688498,0.00750211335598938,1.25007044519965,0.00254584204251177,-0.00495627131347761,0.00495627131347761,0.737864356375021,-0.0049562713134772,0.0049562713134772,0.00750211335598894
1108,622,17,9,17,2,SEG_MID,T60,60,0.491094147582697,0.366539534883721,0.276483720930233,0.78002269227125,0.787265112351516,0.00724242008026632,1.24141400267554,-0.00141744506792236,-0.00865986514818868,0.00865986514818868,0.778605247203328,-0.00865986514818839,0.00865986514818839,0.00724242008026599
1109,628,17,15,11,2,SEG_MID,T60,60,0.491094147582697,0.364432558139535,0.371158139534884,0.745647408604008,0.706413563233138,-0.0392338453708695,2.30779484569565,-0.0249814478956202,0.0142523974752493,0.0142523974752493,0.720665960708388,0.0142523974752498,0.0142523974752498,0.03923384537087
1110,629,17,16,10,2,SEG_MID,T60,60,0.491094147582697,0.364081395348837,0.386937209302326,0.650218499805118,0.616947537583889,-0.0332709622212292,2.10903207404097,-0.0259546655535058,0.0073162966677234,0.0073162966677234,0.624263834251612,0.00731629666772327,0.00731629666772327,0.0332709622212291
1111,630,17,17,9,2,SEG_MID,T60,60,0.491094147582697,0.36373023255814,0.402716279069767,0.562267706434026,0.534492356710005,-0.027775349724022,1.92584499080073,-0.0264893888480043,0.00128596087601767,0.00128596087601767,0.535778317586022,0.00128596087601673,0.00128596087601673,0.0277753497240211
1112,631,17,18,8,2,SEG_MID,T60,60,0.491094147582697,0.363379069767442,0.418495348837209,0.480949157404767,0.458255003849316,-0.0226941535554513,1.75647178518171,-0.0266505046439683,-0.00395635108851696,0.00395635108851696,0.454298652760799,-0.00395635108851727,0.00395635108851727,0.022694153555451
1113,632,17,19,7,2,SEG_MID,T60,60,0.491094147582697,0.363027906976744,0.434274418604651,0.405539918265979,0.387557717168619,-0.0179822010973599,1.59940670324533,-0.0264925138849687,-0.00851031278760875,0.00851031278760875,0.37904740438101,-0.00851031278760861,0.00851031278760861,0.01798220109736
1114,633,17,20,6,2,SEG_MID,T60,60,0.491094147582697,0.362676744186047,0.450053488372093,0.335418440143264,0.321817785325628,-0.0136006548176366,1.45335516058789,-0.0260615138858646,-0.012460859068228,0.012460859068228,0.309356926257399,-0.0124608590682286,0.0124608590682286,0.013600654817636
1115,634,17,21,5,2,SEG_MID,T60,60,0.491094147582697,0.362325581395349,0.465832558139535,0.27004738865416,0.260531449320593,-0.00951593933356726,1.31719797778558,-0.0253967460159739,-0.0158808066824066,0.0158808066824066,0.244650642638186,-0.0158808066824069,0.0158808066824069,0.00951593933356698
1116,642,18,2,23,2,SEG_MID,T60,60,0.491094147582697,0.381797674418605,0.17226976744186,0.278198780347944,0.290239609380059,0.0120408290321151,1.40136096773717,0.017378559991983,0.00533773095986792,0.00533773095986792,0.295577340339927,0.005337730959868,0.005337730959868,0.012040829032115
1117,643,18,3,22,2,SEG_MID,T60,60,0.491094147582697,0.381446511627907,0.188048837209302,0.382282921056894,0.393561088236858,0.0112781671799647,1.37593890599882,0.0167068050541739,0.00542863787420925,0.00542863787420925,0.398989726111068,0.00542863787420994,0.00542863787420994,0.011278167179964
1118,644,18,4,21,2,SEG_MID,T60,60,0.491094147582697,0.381095348837209,0.203827906976744,0.470251987610486,0.480885573869931,0.0106335862594453,1.35445287531484,0.0151201777669175,0.00448659150747217,0.00448659150747217,0.485372165377403,0.00448659150747244,0.00448659150747244,0.010633586259445
1119,645,18,5,20,2,SEG_MID,T60,60,0.491094147582697,0.380744186046512,0.219606976744186,0.545579652154862,0.55566128558299,0.0100816334281278,1.33605444760426,0.0127866155076683,0.00270498207954054,0.00270498207954054,0.55836626766253,0.0027049820795404,0.0027049820795404,0.010081633428128
1120,646,18,6,19,2,SEG_MID,T60,60,0.491094147582697,0.380393023255814,0.235386046511628,0.61080815838566,0.620411839139767,0.00960368075410734,1.32012269180358,0.00983231080788279,0.000228630053775445,0.000228630053775445,0.620640469193543,0.000228630053775825,0.000228630053775825,0.009603680754107
1121,647,18,7,18,2,SEG_MID,T60,60,0.491094147582697,0.380041860465116,0.25116511627907,0.667840899488802,0.677026680881233,0.00918578139243131,1.30619271308104,0.00635385685695867,-0.00283192453547264,0.00283192453547264,0.674194756345761,-0.00283192453547232,0.00283192453547232,0.00918578139243098
1122,648,18,8,17,2,SEG_MID,T60,60,0.491094147582697,0.379690697674419,0.266944186046512,0.718131230395843,0.726948516485786,0.00881728608994259,1.29390953633142,0.00242640825990958,-0.00639087783003301,0.00639087783003301,0.720557638655753,-0.00639087783003334,0.00639087783003334,0.00881728608994292
1123,649,18,9,16,2,SEG_MID,T60,60,0.491094147582697,0.379339534883721,0.282723255813953,0.762808053226052,0.771297976201732,0.00848992297567974,1.28299743252266,-0.00189070526633187,-0.0103806282420116,0.0103806282420116,0.76091734795972,-0.0103806282420118,0.0103806282420118,0.00848992297567996
1124,654,18,14,11,2,SEG_MID,T60,60,0.491094147582697,0.377583720930233,0.361618604651163,0.765317661665782,0.724394327907376,-0.040923333758406,2.3641111252802,-0.023394586508043,0.0175287472503629,0.0175287472503629,0.741923075157739,0.0175287472503629,0.0175287472503629,0.040923333758406
1125,655,18,15,10,2,SEG_MID,T60,60,0.491094147582697,0.377232558139535,0.377397674418605,0.666654165632914,0.631915077508909,-0.0347390881240056,2.15796960413352,-0.0246750492827967,0.0100640388412089,0.0100640388412089,0.641979116350117,0.0100640388412083,0.0100640388412083,0.0347390881240051
1126,656,18,16,9,2,SEG_MID,T60,60,0.491094147582697,0.376881395348837,0.393176744186047,0.57590984696963,0.546858629021571,-0.0290512179480585,1.96837393160195,-0.0254947610407287,0.00355645690732975,0.00355645690732975,0.550415085928901,0.0035564569073302,0.0035564569073302,0.029051217948059
1127,657,18,17,8,2,SEG_MID,T60,60,0.491094147582697,0.37653023255814,0.408955813953488,0.492168049783396,0.46836578270865,-0.0238022670747459,1.79340890249153,-0.0259231501728902,-0.00212088309814435,0.00212088309814435,0.466244899610506,-0.00212088309814423,0.00212088309814423,0.023802267074746
1128,658,18,18,7,2,SEG_MID,T60,60,0.491094147582697,0.376179069767442,0.42473488372093,0.414648334704836,0.395705017280474,-0.0189433174243621,1.6314439141454,-0.0260182644327912,-0.0070749470084291,0.0070749470084291,0.388630070272045,-0.00707494700842926,0.00707494700842926,0.0189433174243619
1129,659,18,19,6,2,SEG_MID,T60,60,0.491094147582697,0.375827906976744,0.440513953488372,0.342682082724962,0.328249622887507,-0.0144324598374548,1.48108199458183,-0.0258289928335509,-0.0113965329960961,0.0113965329960961,0.316853089891411,-0.0113965329960959,0.0113965329960959,0.014432459837455
1130,660,18,20,5,2,SEG_MID,T60,60,0.491094147582697,0.375476744186047,0.456293023255814,0.275693160894863,0.265459578697452,-0.0102335821974109,1.34111940658036,-0.0253967897467633,-0.0151632075493524,0.0151632075493524,0.2502963711481,-0.0151632075493522,0.0151632075493522,0.010233582197411
1131,668,19,2,22,2,SEG_MID,T60,60,0.491094147582697,0.394597674418605,0.178509302325581,0.268474743718057,0.282323647937192,0.0138489042191356,1.46163014063785,0.0197785960734136,0.00592969185427799,0.00592969185427799,0.288253339791471,0.00592969185427861,0.00592969185427861,0.013848904219135
1132,669,19,3,21,2,SEG_MID,T60,60,0.491094147582697,0.394246511627907,0.194288372093023,0.370005976247025,0.382969869092865,0.0129638928458397,1.43212976152799,0.01853992251754,0.00557602967170033,0.00557602967170033,0.388545898764565,0.00557602967170007,0.00557602967170007,0.01296389284584
1133,670,19,4,20,2,SEG_MID,T60,60,0.491094147582697,0.393895348837209,0.210067441860465,0.456284312968245,0.468496148468129,0.0122118354998839,1.40706118332946,0.0164518472239917,0.00424001172410776,0.00424001172410776,0.472736160192237,0.00424001172410771,0.00424001172410771,0.012211835499884
1134,671,19,5,19,2,SEG_MID,T60,60,0.491094147582697,0.393544186046512,0.225846511627907,0.530506746016391,0.542071611162768,0.0115648651463767,1.38549550487922,0.0136644413802094,0.00209957623383271,0.00209957623383271,0.5441711873966,0.00209957623383239,0.00209957623383239,0.011564865146377
1135,672,19,6,18,2,SEG_MID,T60,60,0.491094147582697,0.393193023255814,0.241625581395349,0.595035164526732,0.606037558570769,0.011002394044037,1.36674646813457,0.0102915724604388,-0.000710821583598188,0.000710821583598188,0.605326736987171,-0.000710821583598253,0.000710821583598253,0.011002394044037
1136,673,19,7,17,2,SEG_MID,T60,60,0.491094147582697,0.392841860465116,0.257404651162791,0.651652316375358,0.662161198993781,0.0105088826184238,1.35029608728079,0.00642113845226265,-0.00408774416616115,0.00408774416616115,0.658073454827621,-0.00408774416616031,0.00408774416616031,0.010508882618423
1137,674,19,8,16,2,SEG_MID,T60,60,0.491094147582697,0.392490697674419,0.273183720930233,0.701729063942123,0.711801445495502,0.0100723815533785,1.33574605177928,0.00212203690084911,-0.00795034465252938,0.00795034465252938,0.703851100842972,-0.00795034465252986,0.00795034465252986,0.010072381553379
1138,675,19,9,15,2,SEG_MID,T60,60,0.491094147582697,0.392139534883721,0.288962790697674,0.746336840976906,0.756020392521725,0.0096835515448197,1.32278505149399,-0.00255098489829308,-0.0122345364431128,0.0122345364431128,0.743785856078613,-0.0122345364431121,0.0122345364431121,0.00968355154481904
1139,676,19,10,14,2,SEG_MID,T60,60,0.491094147582697,0.391788372093023,0.304741860465116,0.786325172393498,0.795660159981973,0.00933498758847562,1.31116625294919,-0.00755388710150153,-0.0168888746899771,0.0168888746899771,0.778771285291996,-0.0168888746899766,0.0168888746899766,0.00933498758847506
1140,679,19,13,11,2,SEG_MID,T60,60,0.491094147582697,0.39073488372093,0.352079069767442,0.786053840432134,0.743349465366451,-0.0427043750656834,2.42347916885611,-0.0215541305905379,0.0211502444751455,0.0211502444751455,0.764499709841596,0.0211502444751451,0.0211502444751451,0.042704375065683
1141,680,19,14,10,2,SEG_MID,T60,60,0.491094147582697,0.390383720930233,0.367858139534884,0.683942272065666,0.647658913260459,-0.0362833588052065,2.20944529350688,-0.0231481155745046,0.0131352432307019,0.0131352432307019,0.660794156491161,0.0131352432307025,0.0131352432307025,0.0362833588052071
1142,681,19,15,9,2,SEG_MID,T60,60,0.491094147582697,0.390032558139535,0.383637209302326,0.590230439294437,0.559839901563759,-0.0303905377306775,2.01301792435592,-0.0242572702672224,0.00613326746345512,0.00613326746345512,0.565973169027215,0.00613326746345566,0.00613326746345566,0.030390537730678
1143,682,19,16,8,2,SEG_MID,T60,60,0.491094147582697,0.389681395348837,0.399416279069767,0.503922839273941,0.478959526998713,-0.0249633122752281,1.83211040917427,-0.0249560423222997,7.26995292842092e-06,7.26995292842092e-06,0.478966796951641,7.26995292826826e-06,7.26995292826826e-06,0.024963312275228
1144,683,19,17,7,2,SEG_MID,T60,60,0.491094147582697,0.38933023255814,0.415195348837209,0.424175301383224,0.404226702384082,-0.0199485989991421,1.6649532999714,-0.0253063750872985,-0.00535777608815638,0.00535777608815638,0.398868926295926,-0.00535777608815646,0.00535777608815646,0.019948598999142
1145,684,19,18,6,2,SEG_MID,T60,60,0.491094147582697,0.388979069767442,0.430974418604651,0.35026728393659,0.334966195394846,-0.0153010885417444,1.51003628472481,-0.0253602060301241,-0.0100591174883797,0.0100591174883797,0.324907077906466,-0.0100591174883801,0.0100591174883801,0.015301088541744
1146,685,19,19,5,2,SEG_MID,T60,60,0.491094147582697,0.388627906976744,0.446753488372093,0.28158004167814,0.270598168936176,-0.0109818727419638,1.36606242473213,-0.0251613929091179,-0.0141795201671541,0.0141795201671541,0.256418648769022,-0.0141795201671539,0.0141795201671539,0.010981872741964
1147,693,20,2,21,2,SEG_MID,T60,60,0.491094147582697,0.407397674418605,0.184748837209302,0.25940752817218,0.274942379088953,0.0155348509167731,1.51782836389244,0.0219636559340978,0.00642880501732467,0.00642880501732467,0.281371184106278,0.00642880501732473,0.00642880501732473,0.015534850916773
1148,694,20,3,20,2,SEG_MID,T60,60,0.491094147582697,0.407046511627907,0.200527906976744,0.358493039066435,0.373037753036381,0.0145447139699456,1.48482379899819,0.0201709523867749,0.00562623841682927,0.00562623841682927,0.37866399145321,0.00562623841682885,0.00562623841682885,0.014544713969946
1149,695,20,4,19,2,SEG_MID,T60,60,0.491094147582697,0.406695348837209,0.216306976744186,0.443122454157621,0.456821487362398,0.0136990332047768,1.45663444015923,0.0175886399359887,0.0038896067312119,0.0038896067312119,0.46071109409361,0.00388960673121169,0.00388960673121169,0.013699033204777
1150,696,20,5,18,2,SEG_MID,T60,60,0.491094147582697,0.406344186046512,0.232086046511628,0.516244297249775,0.529212642003614,0.0129683447538392,1.43227815846131,0.014351020194183,0.00138267544034384,0.00138267544034384,0.530595317443958,0.00138267544034409,0.00138267544034409,0.0129683447538389
1151,697,20,6,17,2,SEG_MID,T60,60,0.491094147582697,0.405993023255814,0.24786511627907,0.580056281165327,0.592386968583044,0.0123306874177168,1.41102291392389,0.0105609346066369,-0.0017697528110799,0.0017697528110799,0.590617215771964,-0.00176975281108005,0.00176975281108005,0.0123306874177169
1152,698,20,7,16,2,SEG_MID,T60,60,0.491094147582697,0.405641860465116,0.263644186046512,0.636229987436292,0.647999344932841,0.0117693574965492,1.39231191655164,0.00629840848182388,-0.00547094901472532,0.00547094901472532,0.642528395918116,-0.00547094901472511,0.00547094901472511,0.0117693574965489
1153,699,20,8,15,2,SEG_MID,T60,60,0.491094147582697,0.405290697674419,0.279423255813953,0.686059419836684,0.697330844168093,0.0112714243314093,1.37571414438031,0.00162661253281237,-0.00964481179859693,0.00964481179859693,0.687686032369496,-0.00964481179859666,0.00964481179859666,0.011271424331409
1154,700,20,9,14,2,SEG_MID,T60,60,0.491094147582697,0.404939534883721,0.295202325581395,0.730561915270917,0.741388637197729,0.0108267219268119,1.36089073089373,-0.00340394161104033,-0.0142306635378522,0.0142306635378522,0.727157973659877,-0.0142306635378523,0.0142306635378523,0.010826721926812
1155,701,20,10,13,2,SEG_MID,T60,60,0.491094147582697,0.404588372093023,0.310981395348837,0.770548333597101,0.780975481158309,0.0104271475612084,1.34757158537361,-0.00875239385896934,-0.0191795414201777,0.0191795414201777,0.761795939738132,-0.0191795414201773,0.0191795414201773,0.010427147561208
1156,704,20,13,10,2,SEG_MID,T60,60,0.491094147582697,0.40353488372093,0.358318604651163,0.702150902815313,0.664241046931269,-0.0379098558840436,2.26366186280145,-0.0213727462304762,0.0165371096535674,0.0165371096535674,0.680778156584837,0.0165371096535678,0.0165371096535678,0.0379098558840441
1157,705,20,14,9,2,SEG_MID,T60,60,0.491094147582697,0.403183720930233,0.374097674418605,0.605281385210724,0.57348322207213,-0.0317981631385938,2.05993877128646,-0.0227762421158297,0.00902192102276407,0.00902192102276407,0.582505143094894,0.00902192102276433,0.00902192102276433,0.0317981631385941
1158,706,20,15,8,2,SEG_MID,T60,60,0.491094147582697,0.402832558139535,0.389876744186047,0.516252862994626,0.490071688428095,-0.0261811745665308,1.87270581888436,-0.0237488004529461,0.00243237411358471,0.00243237411358471,0.49250406254168,0.00243237411358493,0.00243237411358493,0.026181174566531
1159,707,20,16,7,2,SEG_MID,T60,60,0.491094147582697,0.402481395348837,0.405655813953488,0.434150346594389,0.413149184959426,-0.0210011616349629,1.70003872116543,-0.0243566551480132,-0.00335549351305028,0.00335549351305028,0.409793691446376,-0.00335549351305015,0.00335549351305015,0.021001161634963
1160,708,20,17,6,2,SEG_MID,T60,60,0.491094147582697,0.40213023255814,0.42143488372093,0.358195880032475,0.341986838496281,-0.0162090415361945,1.54030138453982,-0.0246550807864182,-0.00844603925022371,0.00844603925022371,0.333540799246057,-0.00844603925022419,0.00844603925022419,0.016209041536194
1161,709,20,18,5,2,SEG_MID,T60,60,0.491094147582697,0.401779069767442,0.437213953488372,0.287723813185697,0.275960996120883,-0.0117628170648143,1.39209390216048,-0.0246905511026221,-0.0129277340378078,0.0129277340378078,0.263033262083075,-0.0129277340378081,0.0129277340378081,0.011762817064814
1162,717,21,2,20,2,SEG_MID,T60,60,0.491094147582697,0.420197674418605,0.190988372093023,0.250932759245715,0.268043398078031,0.0171106388323162,1.57035462774387,0.0239278788941631,0.00681724006184685,0.00681724006184685,0.274860638139878,0.00681724006184703,0.00681724006184703,0.017110638832316
1163,718,21,3,19,2,SEG_MID,T60,60,0.491094147582697,0.419846511627907,0.206767441860465,0.347674944096069,0.363705071630206,0.0160301275341373,1.53433758447124,0.0215932789616652,0.00556315142752793,0.00556315142752793,0.369268223057734,0.00556315142752828,0.00556315142752828,0.016030127534137
1164,719,21,4,18,2,SEG_MID,T60,60,0.491094147582697,0.419495348837209,0.222546511627907,0.430698633221262,0.44580147102905,0.0151028378077889,1.5034279269263,0.018523776142466,0.00342093833467713,0.00342093833467713,0.449222409363728,0.00342093833467805,0.00342093833467805,0.015102837807788
1165,720,21,5,17,2,SEG_MID,T60,60,0.491094147582697,0.419144186046512,0.238325581395349,0.502728650786844,0.517026986939972,0.0142983361531279,1.47661120510426,0.0148397175532878,0.000541381400159913,0.000541381400159913,0.517568368340132,0.000541381400159913,0.000541381400159913,0.0142983361531279
1166,721,21,6,16,2,SEG_MID,T60,60,0.491094147582697,0.418793023255814,0.254104651162791,0.565813010196888,0.579406758551153,0.0135937483542652,1.45312494514217,0.0106340635695503,-0.00295968478471492,0.00295968478471492,0.576447073766438,-0.00295968478471464,0.00295968478471464,0.013593748354265
1167,722,21,7,15,2,SEG_MID,T60,60,0.491094147582697,0.418441860465116,0.269883720930233,0.621520766787506,0.634492316454762,0.0129715496672552,1.43238498890851,0.00597970409014988,-0.00699184557710532,0.00699184557710532,0.627500470877656,-0.00699184557710608,0.00699184557710608,0.012971549667256
1168,723,21,8,14,2,SEG_MID,T60,60,0.491094147582697,0.418090697674419,0.285662790697674,0.671074298141549,0.683492385525774,0.0124180873842242,1.41393624614081,0.000934566006851768,-0.0114835213773724,0.0114835213773724,0.672008864148401,-0.0114835213773732,0.0114835213773732,0.012418087384225
1169,724,21,9,13,2,SEG_MID,T60,60,0.491094147582697,0.417739534883721,0.301441860465116,0.715440038873202,0.72736260629179,0.0119225674185881,1.39741891395294,-0.00445475377122203,-0.0163773211898101,0.0163773211898101,0.71098528510198,-0.0163773211898101,0.0163773211898101,0.011922567418588
1170,725,21,10,12,2,SEG_MID,T60,60,0.491094147582697,0.417388372093023,0.317220930232558,0.755392135664173,0.766868479007552,0.0114763433433788,1.38254477811263,-0.0101503592528389,-0.0216267025962177,0.0216267025962177,0.745241776411334,-0.0216267025962179,0.0216267025962179,0.011476343343379
1171,726,21,11,11,2,SEG_MID,T60,60,0.491094147582697,0.417037209302326,0.333,0.791558004691659,0.784517815870482,-0.00704018882117696,1.2346729607059,-0.0161211226314508,-0.00908093381027387,0.00908093381027387,0.775436882060208,-0.00908093381027375,0.00908093381027375,0.00704018882117707
1172,727,21,12,10,2,SEG_MID,T60,60,0.491094147582697,0.416686046511628,0.348779069767442,0.721355590285548,0.681730263946873,-0.039625326338675,2.32084421128917,-0.0193476798368498,0.0202776465018252,0.0202776465018252,0.702007910448698,0.0202776465018252,0.0202776465018252,0.039625326338675
1173,728,21,13,9,2,SEG_MID,T60,60,0.491094147582697,0.41633488372093,0.364558139534884,0.621120019059502,0.587840562747959,-0.0332794563115429,2.10931521038476,-0.0210509184726158,0.0122285378389271,0.0122285378389271,0.600069100586886,0.0122285378389272,0.0122285378389272,0.0332794563115429
1174,729,21,14,8,2,SEG_MID,T60,60,0.491094147582697,0.415983720930233,0.380337209302326,0.529201404643737,0.501741275473465,-0.0274601291702723,1.91533763900908,-0.02230099762137,0.00515913154890232,0.00515913154890232,0.506900407022367,0.00515913154890202,0.00515913154890202,0.027460129170272
1175,730,21,15,7,2,SEG_MID,T60,60,0.491094147582697,0.415632558139535,0.396116279069767,0.444605843111328,0.422501421817916,-0.0221044212934121,1.73681404311374,-0.0231688906298127,-0.00106446933640064,0.00106446933640064,0.421436952481515,-0.00106446933640075,0.00106446933640075,0.022104421293412
1176,731,21,16,6,2,SEG_MID,T60,60,0.491094147582697,0.415281395348837,0.411895348837209,0.366491730185727,0.349332679102185,-0.0171590510835421,1.5719683694514,-0.0237135347984019,-0.0065544837148598,0.0065544837148598,0.342778195387325,-0.00655448371485989,0.00655448371485989,0.017159051083542
1177,732,21,17,5,2,SEG_MID,T60,60,0.491094147582697,0.41493023255814,0.427674418604651,0.294141665723423,0.281563065471024,-0.0125786002523995,1.41928667507998,-0.023984257924766,-0.0114056576723665,0.0114056576723665,0.270157407798657,-0.011405657672367,0.011405657672367,0.012578600252399
1178,741,22,3,18,2,SEG_MID,T60,60,0.491094147582697,0.432646511627907,0.213006976744186,0.337490630065414,0.354919147819324,0.0174285177539095,1.58095059179698,0.0228010723351985,0.00537255458128898,0.00537255458128898,0.360291702400612,0.00537255458128849,0.00537255458128849,0.01742851775391
1179,742,22,4,17,2,SEG_MID,T60,60,0.491094147582697,0.432295348837209,0.228786046511628,0.418952466060589,0.435382538349007,0.0164300722884181,1.5476690762806,0.0192512277203319,0.00282115543191385,0.00282115543191385,0.438203693780921,0.00282115543191397,0.00282115543191397,0.016430072288418
1180,743,22,5,16,2,SEG_MID,T60,60,0.491094147582697,0.431944186046512,0.24456511627907,0.489902647629259,0.505463111637953,0.0155604640086934,1.51868213362311,0.015124588475209,-0.000435875533484379,0.000435875533484379,0.505027236104468,-0.000435875533485008,0.000435875533485008,0.015560464008694
1181,744,22,6,15,2,SEG_MID,T60,60,0.491094147582697,0.431593023255814,0.260344186046512,0.552252461492505,0.567048728522755,0.0147962670302499,1.49320890100833,0.010505244890722,-0.00429102213952793,0.00429102213952793,0.562757706383227,-0.00429102213952803,0.00429102213952803,0.0147962670302501
1182,745,22,7,14,2,SEG_MID,T60,60,0.491094147582697,0.431241860465116,0.276123255813954,0.607476312277885,0.621595722437307,0.0141194101594221,1.47064700531407,0.00545961272995074,-0.00865979742947136,0.00865979742947136,0.612935925007836,-0.00865979742947121,0.00865979742947121,0.014119410159422
1183,746,22,8,13,2,SEG_MID,T60,60,0.491094147582697,0.430890697674419,0.291902325581395,0.65672980299413,0.670245532621871,0.0135157296277414,1.45052432092471,4.08148190639762e-05,-0.0134749148086774,0.0134749148086774,0.656770617813194,-0.0134749148086771,0.0134749148086771,0.0135157296277411
1184,747,22,9,12,2,SEG_MID,T60,60,0.491094147582697,0.430539534883721,0.307681395348837,0.700931481816318,0.713905448970284,0.0129739671539653,1.43246557179884,-0.00570817013996843,-0.0186821372939337,0.0186821372939337,0.69522331167635,-0.0186821372939343,0.0186821372939343,0.0129739671539659
1185,748,22,10,11,2,SEG_MID,T60,60,0.491094147582697,0.430188372093023,0.323460465116279,0.740820662208613,0.753305723474339,0.0124850612657258,1.41616870885753,-0.0117522080724897,-0.0242372693382155,0.0242372693382155,0.729068454136123,-0.0242372693382157,0.0242372693382157,0.012485061265726
1186,749,22,11,10,2,SEG_MID,T60,60,0.491094147582697,0.429837209302326,0.339239534883721,0.741640362870956,0.700203086814113,-0.0414372760568427,2.38124253522809,-0.0170714886094501,0.0243657874473926,0.0243657874473926,0.724568874261506,0.0243657874473929,0.0243657874473929,0.041437276056843
1187,750,22,12,9,2,SEG_MID,T60,60,0.491094147582697,0.429486046511628,0.355018604651163,0.637809837596244,0.60296948187303,-0.0348403557232148,2.16134519077383,-0.0190804444667917,0.0157599112564231,0.0157599112564231,0.618729393129452,0.0157599112564223,0.0157599112564223,0.034840355723214
1188,751,22,13,8,2,SEG_MID,T60,60,0.491094147582697,0.42913488372093,0.370797674418605,0.542816202169176,0.514011310905532,-0.0288048912636441,1.96016304212147,-0.0206121535527163,0.00819273771092782,0.00819273771092782,0.52220404861646,0.00819273771092777,0.00819273771092777,0.0288048912636441
1189,752,22,14,7,2,SEG_MID,T60,60,0.491094147582697,0.428783720930233,0.386576744186047,0.455577359152203,0.432315228034077,-0.0232621311181261,1.7754043706042,-0.0217428407686402,0.00151929034948591,0.00151929034948591,0.433834518383563,0.00151929034948578,0.00151929034948578,0.023262131118126
1190,753,22,15,6,2,SEG_MID,T60,60,0.491094147582697,0.428432558139535,0.402355813953488,0.375180956297186,0.357026847731595,-0.0181541085655909,1.60513695218636,-0.0225354746577575,-0.00438136609216663,0.00438136609216663,0.352645481639428,-0.00438136609216649,0.00438136609216649,0.018154108565591
1191,754,22,16,5,2,SEG_MID,T60,60,0.491094147582697,0.428081395348837,0.41813488372093,0.300852358349578,0.287420751551876,-0.0134316067977022,1.44772022659007,-0.0230425045547768,-0.00961089775707457,0.00961089775707457,0.277809853794801,-0.00961089775707474,0.00961089775707474,0.013431606797702
1192,763,23,3,17,2,SEG_MID,T60,60,0.491094147582697,0.445446511627907,0.219246511627907,0.327885986672976,0.34663330109242,0.0187473144194442,1.62491048064814,0.0237891751098579,0.00504186069041367,0.00504186069041367,0.351675161782834,0.0050418606904139,0.0050418606904139,0.018747314419444
1193,764,23,4,16,2,SEG_MID,T60,60,0.491094147582697,0.445095348837209,0.235025581395349,0.407829980963068,0.425516816034597,0.0176868350715281,1.58956116905094,0.0197656168548817,0.00207878178335356,0.00207878178335356,0.42759559781795,0.00207878178335263,0.00207878178335263,0.017686835071529
1194,765,23,5,15,2,SEG_MID,T60,60,0.491094147582697,0.444744186046512,0.250804651162791,0.477714816800213,0.494474610062086,0.0167597932618724,1.55865977539575,0.0152002901351738,-0.00155950312669858,0.00155950312669858,0.492915106935387,-0.00155950312669917,0.00155950312669917,0.016759793261873
1195,766,23,6,14,2,SEG_MID,T60,60,0.491094147582697,0.444393023255814,0.266583720930233,0.539326696610541,0.555269191128395,0.0159424945178538,1.53141648392846,0.0101693094890467,-0.00577318502880712,0.00577318502880712,0.549496006099588,-0.0057731850288073,0.0057731850288073,0.015942494517854
1196,767,23,7,13,2,SEG_MID,T60,60,0.491094147582697,0.444041860465116,0.282362790697674,0.59405255473488,0.609269095504072,0.0152165407691925,1.50721802563975,0.00473321013453932,-0.0104833306346532,0.0104833306346532,0.598785764869419,-0.0104833306346528,0.0104833306346528,0.0152165407691921
1197,768,23,8,12,2,SEG_MID,T60,60,0.491094147582697,0.443690697674419,0.298141860465116,0.642985713155258,0.657553141950576,0.0145674287953175,1.48558095984392,-0.00105928888513705,-0.0156267176804545,0.0156267176804545,0.641926424270121,-0.0156267176804551,0.0156267176804551,0.014567428795318
1198,769,23,9,11,2,SEG_MID,T60,60,0.491094147582697,0.443339534883721,0.313920930232558,0.686999672845661,0.700983244208208,0.0139835713625469,1.46611904541823,-0.00716855349787574,-0.0211521248604226,0.0211521248604226,0.679831119347785,-0.0211521248604227,0.0211521248604227,0.013983571362547
1199,770,23,10,10,2,SEG_MID,T60,60,0.491094147582697,0.442988372093023,0.3297,0.726800715698355,0.719744894444126,-0.00705582125422932,1.23519404180764,-0.0135620224740446,-0.00650620121981532,0.00650620121981532,0.71323869322431,-0.0065062012198156,0.0065062012198156,0.00705582125422899
1200,771,23,11,9,2,SEG_MID,T60,60,0.491094147582697,0.442637209302326,0.345479069767442,0.65542135078871,0.6189338950374,-0.0364874557513094,2.21624852504365,-0.0168638529453525,0.0196236028059569,0.0196236028059569,0.638557497843357,0.0196236028059574,0.0196236028059574,0.03648745575131
1201,772,23,12,8,2,SEG_MID,T60,60,0.491094147582697,0.442286046511628,0.361258139534884,0.557150035872436,0.526929361804764,-0.0302206740676717,2.00735580225572,-0.0186817263260262,0.0115389477416455,0.0115389477416455,0.53846830954641,0.0115389477416457,0.0115389477416457,0.0302206740676719
1202,773,23,13,7,2,SEG_MID,T60,60,0.491094147582697,0.44193488372093,0.377037209302326,0.467104062625073,0.442625638534545,-0.0244784240905277,1.81594746968426,-0.0200782339000481,0.00440019019047955,0.00440019019047955,0.447025828725025,0.00440019019047982,0.00440019019047982,0.024478424090528
1203,774,23,14,6,2,SEG_MID,T60,60,0.491094147582697,0.441583720930233,0.392816279069767,0.38429221774689,0.365094721800175,-0.0191974959467148,1.63991653155716,-0.0211207940932552,-0.00192329814654044,0.00192329814654044,0.363171423653635,-0.00192329814654024,0.00192329814654024,0.019197495946715
1204,775,23,15,5,2,SEG_MID,T60,60,0.491094147582697,0.441232558139535,0.408595348837209,0.307876402004243,0.293551958126122,-0.0143244438781207,1.47748146260402,-0.0218652792522306,-0.00754083537410987,0.00754083537410987,0.286011122752012,-0.0075408353741096,0.0075408353741096,0.014324443878121
1205,784,24,3,16,2,SEG_MID,T60,60,0.491094147582697,0.458246511627907,0.225486046511628,0.318812892867928,0.338806017815392,0.0199931249474639,1.6664374982488,0.0245530081594864,0.00455988321202254,0.00455988321202254,0.343365901027414,0.0045598832120225,0.0045598832120225,0.019993124947464
1206,785,24,4,15,2,SEG_MID,T60,60,0.491094147582697,0.457895348837209,0.24126511627907,0.397282789425014,0.416161383143565,0.0188785937185509,1.62928645728503,0.0200621306692038,0.00118353695065295,0.00118353695065295,0.417344920094218,0.00118353695065287,0.00118353695065287,0.018878593718551
1207,786,24,5,14,2,SEG_MID,T60,60,0.491094147582697,0.457544186046512,0.257044186046512,0.466118684984355,0.484019582049321,0.0179008970649656,1.59669656883219,0.015062007531141,-0.0028388895338246,0.0028388895338246,0.481180692515496,-0.002838889533825,0.002838889533825,0.017900897064966
1208,787,24,6,13,2,SEG_MID,T60,60,0.491094147582697,0.457193023255814,0.272823255813954,0.526992162565107,0.544028455562104,0.0170362929969977,1.56787643323326,0.00962157013666151,-0.00741472286033619,0.00741472286033619,0.536613732701768,-0.00741472286033551,0.00741472286033551,0.017036292996997
1209,788,24,7,12,2,SEG_MID,T60,60,0.491094147582697,0.456841860465116,0.288602325581395,0.581209236059034,0.597475467870781,0.016266231811747,1.54220772705823,0.00379600649188419,-0.0124702253198628,0.0124702253198628,0.585005242550918,-0.0124702253198629,0.0124702253198629,0.016266231811747
1210,789,24,8,11,2,SEG_MID,T60,60,0.491094147582697,0.456490697674419,0.304381395348837,0.629805105377412,0.645381115635062,0.0155760102576494,1.51920034192165,-0.00237000378229437,-0.0179460140399438,0.0179460140399438,0.627435101595118,-0.0179460140399443,0.0179460140399443,0.01557601025765
1211,790,24,9,10,2,SEG_MID,T60,60,0.491094147582697,0.456139534883721,0.320160465116279,0.673610891622256,0.688564715297291,0.0149538236750347,1.49846078916782,-0.00883991906212006,-0.0237937427371548,0.0237937427371548,0.664770972560136,-0.0237937427371552,0.0237937427371552,0.0149538236750351
1212,791,24,10,9,2,SEG_MID,T60,60,0.491094147582697,0.455788372093023,0.335939534883721,0.674033077573259,0.635804977768556,-0.0382280998047027,2.27426999349009,-0.0144000459228336,0.0238280538818691,0.0238280538818691,0.659633031650425,0.0238280538818694,0.0238280538818694,0.038228099804703
1213,792,24,11,8,2,SEG_MID,T60,60,0.491094147582697,0.455437209302326,0.351718604651163,0.572261412218145,0.540548155829626,-0.031713256388519,2.05710854628397,-0.016509102493606,0.015204153894913,0.015204153894913,0.555752309724539,0.015204153894913,0.015204153894913,0.031713256388519
1214,793,24,12,7,2,SEG_MID,T60,60,0.491094147582697,0.455086046511628,0.367497674418605,0.479229188333117,0.453471326003991,-0.0257578623291265,1.85859541097088,-0.0181747625785866,0.00758309975053992,0.00758309975053992,0.46105442575453,0.00758309975053945,0.00758309975053945,0.025757862329126
1215,794,24,13,6,2,SEG_MID,T60,60,0.491094147582697,0.45473488372093,0.383276744186046,0.393857027175974,0.373564205239959,-0.0202928219360143,1.67642739786714,-0.0194693718867053,0.000823450049309019,0.000823450049309019,0.374387655289269,0.000823450049309726,0.000823450049309726,0.020292821936015
1216,795,24,14,5,2,SEG_MID,T60,60,0.491094147582697,0.454383720930233,0.399055813953488,0.315236268905308,0.299976300933192,-0.015259967972116,1.50866559907053,-0.0204525667515745,-0.00519259877945845,0.00519259877945845,0.294783702153734,-0.00519259877945849,0.00519259877945849,0.015259967972116
1217,804,25,3,15,2,SEG_MID,T60,60,0.491094147582697,0.471046511627907,0.231725581395349,0.310228410505424,0.331400255604427,0.0211718450990028,1.70572816996676,0.0250884918034138,0.00391664670441104,0.00391664670441104,0.335316902308838,0.00391664670441083,0.00391664670441083,0.021171845099003
1218,805,25,4,14,2,SEG_MID,T60,60,0.491094147582697,0.470695348837209,0.247504651162791,0.387267382394586,0.407277646841682,0.0200102644470957,1.66700881490319,0.0201364489553647,0.000126184508268967,0.000126184508268967,0.407403831349951,0.000126184508268679,0.000126184508268679,0.020010264447096
1219,806,25,5,13,2,SEG_MID,T60,60,0.491094147582697,0.470344186046512,0.263283720930233,0.455072184332366,0.474060099387901,0.018987915055535,1.63293050185117,0.0147053898924984,-0.00428252516303656,0.00428252516303656,0.469777574224864,-0.00428252516303657,0.00428252516303657,0.018987915055535
1220,807,25,6,12,2,SEG_MID,T60,60,0.491094147582697,0.469993023255814,0.279062790697674,0.515209201556397,0.53329038078774,0.018081179231343,1.6027059743781,0.00885776660888589,-0.00922341262245711,0.00922341262245711,0.524066968165283,-0.00922341262245707,0.00922341262245707,0.018081179231343
1221,808,25,7,11,2,SEG_MID,T60,60,0.491094147582697,0.469641860465116,0.294841860465116,0.568909505968435,0.586181001048018,0.0172714950795828,1.57571650265276,0.00264389958281166,-0.0146275954967711,0.0146275954967711,0.571553405551247,-0.0146275954967713,0.0146275954967713,0.0172714950795829
1222,809,25,8,10,2,SEG_MID,T60,60,0.491094147582697,0.469290697674419,0.310620930232558,0.617154023166031,0.633698095535223,0.0165440723691919,1.55146907897306,-0.00389523925295156,-0.0204393116221435,0.0204393116221435,0.613258783913079,-0.0204393116221436,0.0204393116221436,0.0165440723691921
1223,810,25,9,9,2,SEG_MID,T60,60,0.491094147582697,0.468939534883721,0.3264,0.660733996229084,0.65366222644481,-0.00707176978427415,1.23572565947581,-0.0107259684065891,-0.00365419862231493,0.00365419862231493,0.650008027822495,-0.00365419862231509,0.00365419862231509,0.00707176978427404
1224,811,25,10,8,2,SEG_MID,T60,60,0.491094147582697,0.468588372093023,0.342179069767442,0.588215362026275,0.554926300569672,-0.0332890614566033,2.10963538188678,-0.0140935852861885,0.0191954761704148,0.0191954761704148,0.574121776740086,0.0191954761704145,0.0191954761704145,0.033289061456603
1225,812,25,11,7,2,SEG_MID,T60,60,0.491094147582697,0.468237209302326,0.357958139534884,0.492000579885607,0.464895085613866,-0.027105494271741,1.9035164757247,-0.0160320777739573,0.0110734164977837,0.0110734164977837,0.47596850211165,0.0110734164977837,0.0110734164977837,0.027105494271741
1226,813,25,12,6,2,SEG_MID,T60,60,0.491094147582697,0.467886046511628,0.373737209302326,0.40391011463001,0.38246605094237,-0.0214440636876403,1.71480212292134,-0.017581069393836,0.00386299429380435,0.00386299429380435,0.386329045236174,0.00386299429380399,0.00386299429380399,0.02144406368764
1227,814,25,13,5,2,SEG_MID,T60,60,0.491094147582697,0.46753488372093,0.389516279069767,0.322956632714025,0.306715317326996,-0.0162413153870292,1.54137717956764,-0.0188043475290626,-0.0025630321420334,0.0025630321420334,0.304152285184962,-0.00256303214203357,0.00256303214203357,0.0162413153870291
1228,823,26,3,14,2,SEG_MID,T60,60,0.491094147582697,0.483846511627907,0.23796511627907,0.302094104857869,0.324382857136672,0.0222887522788034,1.74295840929345,0.0253919795305645,0.00310322725176114,0.00310322725176114,0.327486084388434,0.00310322725176154,0.00310322725176154,0.022288752278803
1229,824,26,4,13,2,SEG_MID,T60,60,0.491094147582697,0.483495348837209,0.253744186046512,0.377744530346518,0.398830810264809,0.0210862799182907,1.70287599727636,0.019984682720485,-0.00110159719780566,0.00110159719780566,0.397729213067003,-0.00110159719780595,0.00110159719780595,0.021086279918291
1230,825,26,5,12,2,SEG_MID,T60,60,0.491094147582697,0.483144186046512,0.269523255813953,0.444537142522419,0.464561746058732,0.0200246035363125,1.66748678454375,0.014126496063787,-0.00589810747252551,0.00589810747252551,0.458663638586206,-0.00589810747252606,0.00589810747252606,0.020024603536313
1231,826,26,6,11,2,SEG_MID,T60,60,0.491094147582697,0.482793023255814,0.285302325581395,0.503941625033933,0.523021987373329,0.0190803623393963,1.63601207797988,0.00787401815753455,-0.0112063441818618,0.0112063441818618,0.511815643191468,-0.0112063441818614,0.0112063441818614,0.0190803623393959
1232,827,26,7,10,2,SEG_MID,T60,60,0.491094147582697,0.482441860465116,0.301081395348837,0.55711956888495,0.575354661587637,0.0182350927026869,1.6078364234229,0.00127313385466902,-0.0169619588480179,0.0169619588480179,0.558392702739619,-0.0169619588480181,0.0169619588480181,0.0182350927026871
1233,828,26,8,9,2,SEG_MID,T60,60,0.491094147582697,0.482090697674419,0.316860465116279,0.605001184676824,0.62247519349671,0.0174740088198865,1.58246696066288,-0.00563859045960774,-0.0231125992794942,0.0231125992794942,0.599362594217216,-0.0231125992794937,0.0231125992794937,0.017474008819886
1234,829,26,9,8,2,SEG_MID,T60,60,0.491094147582697,0.481739534883721,0.332639534883721,0.605084376009089,0.570129126677546,-0.0349552493315429,2.1651749777181,-0.0114343804656258,0.0235208688659171,0.0235208688659171,0.593649995543463,0.0235208688659173,0.0235208688659173,0.034955249331543
1235,830,26,10,7,2,SEG_MID,T60,60,0.491094147582697,0.481388372093023,0.348418604651163,0.505471320632442,0.476944399380994,-0.028526921251448,1.95089737504827,-0.0136497819388709,0.0148771393125771,0.0148771393125771,0.491821538693571,0.0148771393125772,0.0148771393125772,0.0285269212514481
1236,831,26,11,6,2,SEG_MID,T60,60,0.491094147582697,0.481037209302326,0.364197674418605,0.414489848931037,0.391834233876303,-0.0226556150547341,1.75518716849114,-0.0154557275833782,0.00719988747135594,0.00719988747135594,0.399034121347659,0.00719988747135586,0.00719988747135586,0.022655615054734
1237,832,26,12,5,2,SEG_MID,T60,60,0.491094147582697,0.480686046511628,0.379976744186046,0.331064644877517,0.313792707492112,-0.0172719373854049,1.57573124618016,-0.0169205969127274,0.000351340472677514,0.000351340472677514,0.31414404796479,0.000351340472677597,0.000351340472677597,0.017271937385405
1238,833,26,13,4,2,SEG_MID,T60,60,0.491094147582697,0.48033488372093,0.395755813953488,0.254291886947143,0.241974325007046,-0.0123175619400971,1.41058539800324,-0.0181006320504887,-0.00578307011039156,0.00578307011039156,0.236191254896654,-0.00578307011039164,0.00578307011039164,0.012317561940097
1239,841,27,3,13,2,SEG_MID,T60,60,0.491094147582697,0.496646511627907,0.244204651162791,0.294375469293592,0.317724053825268,0.023348584531676,1.77828615105587,0.0254602020029894,0.00211161747131342,0.00211161747131342,0.319835671296581,0.00211161747131339,0.00211161747131339,0.023348584531676
1240,842,27,4,12,2,SEG_MID,T60,60,0.491094147582697,0.496295348837209,0.259983720930233,0.368678769745052,0.390789417007926,0.0221106472628733,1.73702157542911,0.0196033217058394,-0.00250732555703386,0.00250732555703386,0.388282091450891,-0.00250732555703459,0.00250732555703459,0.022110647262874
1241,843,27,5,11,2,SEG_MID,T60,60,0.491094147582697,0.495944186046512,0.275762790697674,0.434478842050261,0.455493220893002,0.0210143788427417,1.70047929475806,0.0133217474199391,-0.00769263142280256,0.00769263142280256,0.4478005894702,-0.00769263142280185,0.00769263142280185,0.021014378842741
1242,844,27,6,10,2,SEG_MID,T60,60,0.491094147582697,0.495593023255814,0.291541860465116,0.493156342454814,0.513193119170199,0.020036776715385,1.6678925571795,0.00666678219200071,-0.0133699945233843,0.0133699945233843,0.499823124646815,-0.0133699945233843,0.0133699945233843,0.0200367767153851
1243,845,27,7,9,2,SEG_MID,T60,60,0.491094147582697,0.495241860465116,0.307320930232558,0.545808373836078,0.564967936329094,0.0191595624930155,1.63865208310052,-0.000319735428214698,-0.0194792979212302,0.0194792979212302,0.545488638407863,-0.0194792979212307,0.0194792979212307,0.019159562493016
1244,846,27,8,8,2,SEG_MID,T60,60,0.491094147582697,0.494890697674419,0.3231,0.593317724458676,0.586229680361943,-0.00708804409673358,1.23626813655779,-0.00760336928219859,-0.000515325185465007,0.000515325185465007,0.585714355176477,-0.000515325185465598,0.000515325185465598,0.00708804409673303
1245,847,27,9,7,2,SEG_MID,T60,60,0.491094147582697,0.494539534883721,0.338879069767442,0.519700471164527,0.489672095847209,-0.0300283753173179,2.0009458439106,-0.0110274206908447,0.0190009546264732,0.0190009546264732,0.508673050473682,0.0190009546264734,0.0190009546264734,0.030028375317318
1246,848,27,10,6,2,SEG_MID,T60,60,0.491094147582697,0.494188372093023,0.354658139534884,0.425638727053533,0.40170638442261,-0.0239323426309229,1.7977447543641,-0.0130931634858205,0.0108391791451024,0.0108391791451024,0.412545563567712,0.0108391791451025,0.0108391791451025,0.023932342630923
1247,849,27,11,5,2,SEG_MID,T60,60,0.491094147582697,0.493837209302326,0.370437209302326,0.339590253669689,0.321234612930912,-0.0183556407387771,1.61185469129257,-0.014801283998485,0.00355435674029212,0.00355435674029212,0.324788969671204,0.00355435674029203,0.00355435674029203,0.018355640738777
1248,850,27,12,4,2,SEG_MID,T60,60,0.491094147582697,0.493486046511628,0.386216279069767,0.260572891808,0.247338274767584,-0.013234617040416,1.4411539013472,-0.0162118678894437,-0.00297725084902773,0.00297725084902773,0.244361023918556,-0.00297725084902775,0.00297725084902775,0.013234617040416
1249,858,28,3,12,2,SEG_MID,T60,60,0.491094147582697,0.509446511627907,0.250444186046512,0.287041435956407,0.311397043686634,0.024355607730227,1.81185359100757,0.0252902195258576,0.000934611795630605,0.000934611795630605,0.312331655482265,0.000934611795630591,0.000934611795630591,0.024355607730227
1250,859,28,4,11,2,SEG_MID,T60,60,0.491094147582697,0.509095348837209,0.266223255813954,0.360037961722183,0.383124959669631,0.0230869979474482,1.76956659824827,0.0189891893870298,-0.00409780856041844,0.00409780856041844,0.379027151109213,-0.00409780856041825,0.00409780856041825,0.023086997947448
1251,860,28,5,10,2,SEG_MID,T60,60,0.491094147582697,0.508744186046512,0.282002325581395,0.424865638025712,0.44682599297898,0.0219603549532682,1.73201183177561,0.0122878871288495,-0.00967246782441874,0.00967246782441874,0.437153525154561,-0.00967246782441861,0.00967246782441861,0.021960354953268
1252,861,28,6,9,2,SEG_MID,T60,60,0.491094147582697,0.508393023255814,0.297781395348837,0.482823036714641,0.503776147525947,0.020953110811306,1.69843702704353,0.00523281824253683,-0.0157202925687692,0.0157202925687692,0.488055854957178,-0.0157202925687692,0.0157202925687692,0.020953110811306
1253,862,28,7,8,2,SEG_MID,T60,60,0.491094147582697,0.508041860465116,0.313560465116279,0.534947341380618,0.554994581643619,0.0200472402630011,1.66824134210004,-0.00213787367688924,-0.0221851139398903,0.0221851139398903,0.532809467703729,-0.0221851139398903,0.0221851139398903,0.0200472402630011
1254,863,28,8,7,2,SEG_MID,T60,60,0.491094147582697,0.507690697674419,0.329339534883721,0.534753934987236,0.503137124407316,-0.0316168105799198,2.05389368599733,-0.00816447278200817,0.0234523377979116,0.0234523377979116,0.526589462205228,0.0234523377979119,0.0234523377979119,0.0316168105799201
1255,864,28,9,6,2,SEG_MID,T60,60,0.491094147582697,0.507339534883721,0.345118604651163,0.437403944662401,0.412124293576218,-0.0252796510861831,1.8426550362061,-0.0104931659152472,0.0147864851709359,0.0147864851709359,0.426910778747154,0.0147864851709358,0.0147864851709358,0.025279651086183
1256,865,28,10,5,2,SEG_MID,T60,60,0.491094147582697,0.506988372093023,0.360897674418605,0.348566573830999,0.329069939117846,-0.0194966347131528,1.64988782377176,-0.0124463703258023,0.00705026438735054,0.00705026438735054,0.336120203505197,0.00705026438735074,0.00705026438735074,0.019496634713153
1257,866,28,11,4,2,SEG_MID,T60,60,0.491094147582697,0.506637209302326,0.376676744186047,0.267172036112822,0.252973914175253,-0.0141981219375693,1.47327073125231,-0.0140884184517774,0.000109703485791923,0.000109703485791923,0.253083617661045,0.00010970348579159,0.00010970348579159,0.014198121937569
1258,874,29,3,11,2,SEG_MID,T60,60,0.491094147582697,0.522246511627907,0.256683720930233,0.280063957812361,0.305377630775645,0.0253136729632841,1.84378909877614,0.0248793815273466,-0.000434291435937453,0.000434291435937453,0.304943339339708,-0.000434291435937373,0.000434291435937373,0.025313672963284
1259,875,29,4,10,2,SEG_MID,T60,60,0.491094147582697,0.521895348837209,0.272462790697674,0.351792911394844,0.375811542183822,0.0240186307889774,1.80062102629925,0.0181394042401654,-0.00587922654881198,0.00587922654881198,0.369932315635009,-0.00587922654881262,0.00587922654881262,0.024018630788978
1260,876,29,5,9,2,SEG_MID,T60,60,0.491094147582697,0.521544186046512,0.288241860465116,0.415668625610242,0.438534001825,0.0228653762147578,1.76217920715859,0.0110219447851513,-0.0118434314296065,0.0118434314296065,0.426690570395393,-0.0118434314296067,0.0118434314296067,0.022865376214758
1261,877,29,6,8,2,SEG_MID,T60,60,0.491094147582697,0.521193023255814,0.304020930232558,0.472913879545953,0.494745711920699,0.0218318323747459,1.72772774582486,0.00356915643455254,-0.0182626759401934,0.0182626759401934,0.476483035980506,-0.0182626759401935,0.0182626759401935,0.021831832374746
1262,878,29,7,7,2,SEG_MID,T60,60,0.491094147582697,0.520841860465116,0.3198,0.524510122501637,0.517405468224832,-0.00710465427680507,1.23682180922684,-0.00418419471835211,0.00292045955845296,0.00292045955845296,0.520325927783285,0.00292045955845288,0.00292045955845288,0.00710465427680496
1263,879,29,8,6,2,SEG_MID,T60,60,0.491094147582697,0.520490697674419,0.335579069767442,0.449838063963333,0.423134504316782,-0.026703559646551,1.89011865488503,-0.00765549029137791,0.0190480693551731,0.0190480693551731,0.442182573671955,0.0190480693551731,0.0190480693551731,0.026703559646551
1264,880,29,9,5,2,SEG_MID,T60,60,0.491094147582697,0.520139534883721,0.351358139534884,0.358030316423562,0.337330730715001,-0.0206995857085617,1.68998619028539,-0.00985580825385513,0.0108437774547066,0.0108437774547066,0.348174508169707,0.0108437774547058,0.0108437774547058,0.020699585708561
1265,881,29,10,4,2,SEG_MID,T60,60,0.491094147582697,0.519788372093023,0.367137209302326,0.274114119055863,0.258902421629851,-0.0152116974260119,1.50705658086706,-0.0117303319707052,0.00348136545530673,0.00348136545530673,0.262383787085158,0.00348136545530686,0.00348136545530686,0.015211697426012
1266,889,30,3,10,2,SEG_MID,T60,60,0.491094147582697,0.535046511627907,0.262923255813953,0.273417650208138,0.299643915961017,0.0262262657528786,1.87420885842929,0.0242252918713547,-0.00200097388152389,0.00200097388152389,0.297642942079493,-0.00200097388152431,0.00200097388152431,0.026226265752879
1267,890,30,4,9,2,SEG_MID,T60,60,0.491094147582697,0.534695348837209,0.278702325581395,0.343917038318024,0.368825587509287,0.0249085491912638,1.83028497304213,0.0170513462793724,-0.00785720291189137,0.00785720291189137,0.360968384597396,-0.00785720291189057,0.00785720291189057,0.024908549191263
1268,891,30,5,8,2,SEG_MID,T60,60,0.491094147582697,0.534344186046512,0.294481395348837,0.406861349732962,0.430593395640514,0.0237320459075522,1.79106819691841,0.00952120560692051,-0.0142108403006317,0.0142108403006317,0.416382555339882,-0.0142108403006315,0.0142108403006315,0.023732045907552
1269,892,30,6,7,2,SEG_MID,T60,60,0.491094147582697,0.533993023255814,0.310260465116279,0.46340328125778,0.48607849189919,0.0226752106414103,1.75584035471368,0.00167306982876399,-0.0210021408126463,0.0210021408126463,0.465076351086544,-0.021002140812646,0.021002140812646,0.02267521064141
1270,893,30,7,6,2,SEG_MID,T60,60,0.491094147582697,0.533641860465116,0.326039534883721,0.462999798796301,0.434789006796225,-0.0282107920000761,1.94035973333587,-0.00457985234166349,0.0236309396584126,0.0236309396584126,0.458419946454638,0.0236309396584125,0.0236309396584125,0.028210792000076
1271,894,30,8,5,2,SEG_MID,T60,60,0.491094147582697,0.533290697674419,0.341818604651163,0.368022290665098,0.346052609617151,-0.0219696810479471,1.73232270159824,-0.00702953896283543,0.0149401420851117,0.0149401420851117,0.360992751702263,0.0149401420851116,0.0149401420851116,0.021969681047947
1272,895,30,9,4,2,SEG_MID,T60,60,0.491094147582697,0.532939534883721,0.357597674418605,0.281426586076531,0.265147235412578,-0.0162793506639529,1.54264502213176,-0.00913765893236593,0.00714169173158697,0.00714169173158697,0.272288927144165,0.00714169173158707,0.00714169173158707,0.016279350663953
1273,903,31,3,9,2,SEG_MID,T60,60,0.491094147582697,0.547846511627907,0.269162790697674,0.267079482284271,0.294176030710025,0.0270965484257548,1.90321828085849,0.0233257790465231,-0.00377076937923169,0.00377076937923169,0.290405261330794,-0.00377076937923093,0.00377076937923093,0.027096548425754
1274,904,31,4,8,2,SEG_MID,T60,60,0.491094147582697,0.547495348837209,0.284941860465116,0.336386090235532,0.362145583724642,0.0257594934891093,1.85864978297031,0.015722628047388,-0.0100368654417213,0.0100368654417213,0.35210871828292,-0.0100368654417219,0.0100368654417219,0.02575949348911
1275,905,31,5,7,2,SEG_MID,T60,60,0.491094147582697,0.547144186046512,0.300720930232558,0.398419550944519,0.422982302198941,0.0245627512544217,1.81875837514739,0.00778318352307717,-0.0167795677313445,0.0167795677313445,0.406202734467596,-0.0167795677313449,0.0167795677313449,0.024562751254422
1276,906,31,6,6,2,SEG_MID,T60,60,0.491094147582697,0.546793023255814,0.3165,0.454267670077247,0.447146059246948,-0.00712161083029933,1.23738702767664,-0.000457949914657237,0.00666366091564209,0.00666366091564209,0.45380972016259,0.00666366091564174,0.00666366091564174,0.007121610830299
1277,907,31,7,5,2,SEG_MID,T60,60,0.491094147582697,0.546441860465116,0.332279069767442,0.378587992207009,0.355275288452906,-0.0233127037541039,1.7770901251368,-0.00396748998380149,0.0193452137703024,0.0193452137703024,0.374620502223208,0.0193452137703015,0.0193452137703015,0.023312703754103
1278,908,31,8,4,2,SEG_MID,T60,60,0.491094147582697,0.546090697674419,0.348058139534884,0.289139891499215,0.271734363378805,-0.0174055281204095,1.58018427068032,-0.0063104519771121,0.0110950761432974,0.0110950761432974,0.282829439522103,0.0110950761432979,0.0110950761432979,0.01740552812041
1279,916,32,3,8,2,SEG_MID,T60,60,0.491094147582697,0.560646511627907,0.275402325581395,0.261028510336518,0.288955907061568,0.0279273967250497,1.93091322416832,0.0221788704502101,-0.00574852627483959,0.00574852627483959,0.283207380786728,-0.00574852627483985,0.00574852627483985,0.02792739672505
1280,917,32,4,7,2,SEG_MID,T60,60,0.491094147582697,0.560295348837209,0.291181395348837,0.329177893633862,0.355751862767838,0.0265739691339752,1.88579897113251,0.0141510693829677,-0.0124228997510075,0.0124228997510075,0.34332896301683,-0.0124228997510083,0.0124228997510083,0.026573969133976
1281,918,32,5,6,2,SEG_MID,T60,60,0.491094147582697,0.559944186046512,0.306960465116279,0.390320942266906,0.415680627646305,0.0253596853793986,1.84532284597995,0.00580559759008741,-0.0195540877893112,0.0195540877893112,0.396126539856993,-0.0195540877893116,0.0195540877893116,0.025359685379399
1282,919,32,6,5,2,SEG_MID,T60,60,0.491094147582697,0.559593023255814,0.322739534883721,0.38977829574239,0.365043175154233,-0.0247351205881579,1.82450401960526,-0.000669572132430912,0.024065548455727,0.024065548455727,0.389108723609959,0.0240655484557261,0.0240655484557261,0.024735120588157
1283,920,32,7,4,2,SEG_MID,T60,60,0.491094147582697,0.559241860465116,0.338518604651163,0.29728792248875,0.278692745014131,-0.0185951774746199,1.619839249154,-0.00324876571327937,0.0153464117613405,0.0153464117613405,0.294039156775471,0.0153464117613397,0.0153464117613397,0.018595177474619
1284,928,33,3,7,2,SEG_MID,T60,60,0.491094147582697,0.573446511627907,0.281641860465116,0.255245646620163,0.28396707817553,0.0287214315553668,1.95738105184556,0.0207827701259138,-0.00793866142945297,0.00793866142945297,0.276028416746077,-0.00793866142945315,0.00793866142945315,0.028721431555367
1285,929,33,4,6,2,SEG_MID,T60,60,0.491094147582697,0.573095348837209,0.297420930232558,0.322272135694526,0.349626407026367,0.0273542713318406,1.91180904439469,0.0123346754037121,-0.0150195959281285,0.0150195959281285,0.334606811098238,-0.0150195959281289,0.0150195959281289,0.027354271331841
1286,930,33,5,5,2,SEG_MID,T60,60,0.491094147582697,0.572744186046512,0.3132,0.382545012716711,0.375406088010908,-0.0071389247058028,1.23796415686009,0.00358635126725832,0.0107252759730611,0.0107252759730611,0.386131363983969,0.0107252759730613,0.0107252759730613,0.00713892470580296
1287,931,33,6,4,2,SEG_MID,T60,60,0.491094147582697,0.572393023255814,0.328979069767442,0.305908496767519,0.286054676482528,-0.0198538202849909,1.6617940094997,4.73435891262789e-05,0.0199011638741172,0.0199011638741172,0.305955840356645,0.0199011638741173,0.0199011638741173,0.019853820284991
1288,940,34,4,5,2,SEG_MID,T60,60,0.491094147582697,0.585895348837209,0.303660465116279,0.315650173128713,0.343752679772257,0.0281025066435437,1.93675022145146,0.0102716172362859,-0.0178308894072578,0.0178308894072578,0.325921790364999,-0.0178308894072581,0.0178308894072581,0.028102506643544
1289,941,34,5,4,2,SEG_MID,T60,60,0.491094147582697,0.585544186046512,0.319439534883721,0.315043949513537,0.293856311834666,-0.0211876376788713,1.70625458929571,0.00357781846880589,0.0247654561476772,0.0247654561476772,0.318621767982343,0.0247654561476769,0.0247654561476769,0.021187637678871
1290,950,35,4,4,2,SEG_MID,T60,60,0.491094147582697,0.598695348837209,0.3099,0.309294864105515,0.302138256787267,-0.0071566073182478,1.23855357727493,0.00796021510226069,0.0151168224205085,0.0151168224205085,0.317255079207776,0.0151168224205087,0.0151168224205087,0.00715660731824797
1291,89,2,1,40,2,SEG_MID,T100,100,1,0.177348837209302,0.0566581395348837,0.388059301947401,0.265636364865775,-0.122422937081626,5.08076456938753,-0.113802290627247,0.00862064645437946,0.00862064645437946,0.274257011320154,0.00862064645437943,0.00862064645437943,0.122422937081626
1292,131,3,1,39,2,SEG_MID,T100,100,1,0.190148837209302,0.0628976744186047,0.380977831343901,0.251266047973575,-0.129711783370327,5.32372611234423,-0.101660825388804,0.0280509579815231,0.0280509579815231,0.279317005955097,0.0280509579815221,0.0280509579815221,0.129711783370326
1293,132,3,2,38,2,SEG_MID,T100,100,1,0.189797674418605,0.0786767441860465,0.609141108836697,0.50680988141887,-0.102331227417827,4.41104091392757,-0.0739775289727518,0.0283536984450752,0.0283536984450752,0.535163579863945,0.0283536984450753,0.0283536984450753,0.102331227417827
1294,133,3,3,37,2,SEG_MID,T100,100,1,0.189446511627907,0.0944558139534884,0.491882109141411,0.526302827111813,0.0344207179704027,2.14735726568009,-0.0768306710571797,-0.111251389027582,0.111251389027582,0.415051438084231,-0.111251389027582,0.111251389027582,0.034420717970402
1295,134,3,4,36,2,SEG_MID,T100,100,1,0.189095348837209,0.11023488372093,0.383668471983598,0.415707275175783,0.032038803192185,2.06796010640617,-0.0771421913701693,-0.109180994562354,0.109180994562354,0.306526280613429,-0.109180994562354,0.109180994562354,0.032038803192185
1296,135,3,5,35,2,SEG_MID,T100,100,1,0.188744186046512,0.126013953488372,0.286320350147011,0.317628733078839,0.0313083829318285,2.04361276439428,-0.0750730574333625,-0.106381440365191,0.106381440365191,0.211247292713649,-0.10638144036519,0.10638144036519,0.031308382931828
1297,172,4,1,38,2,SEG_MID,T100,100,1,0.202948837209302,0.0691372093023256,0.346595123499855,0.239489532435054,-0.1071055910648,4.57018636882667,-0.0923967381367395,0.0147088529280605,0.0147088529280605,0.254198385363116,0.0147088529280615,0.0147088529280615,0.107105591064801
1298,173,4,2,37,2,SEG_MID,T100,100,1,0.202597674418605,0.0849162790697674,0.564382232925846,0.478444647930936,-0.0859375849949097,3.86458616649699,-0.0668400675601481,0.0190975174347616,0.0190975174347616,0.497542165365698,0.0190975174347618,0.0190975174347618,0.08593758499491
1299,174,4,3,36,2,SEG_MID,T100,100,1,0.202246511627907,0.100695348837209,0.71391439247053,0.642510714781835,-0.0714036776886949,3.38012258962316,-0.0504710028997209,0.020932674788974,0.020932674788974,0.663443389570809,0.0209326747889741,0.0209326747889741,0.071403677688695
1300,175,4,4,35,2,SEG_MID,T100,100,1,0.201895348837209,0.116474418604651,0.655091156397604,0.673795367543854,0.01870421114625,1.623473704875,-0.0501383104919405,-0.0688425216381905,0.0688425216381905,0.604952845905663,-0.0688425216381906,0.0688425216381906,0.0187042111462501
1301,176,4,5,34,2,SEG_MID,T100,100,1,0.201544186046512,0.132253488372093,0.555880218045281,0.56815718319071,0.0122769651454298,1.40923217151433,-0.0510977274628994,-0.0633746926083292,0.0633746926083292,0.504782490582382,-0.0633746926083284,0.0633746926083284,0.012276965145429
1302,177,4,6,33,2,SEG_MID,T100,100,1,0.201193023255814,0.148032558139535,0.463181744993778,0.479426740863582,0.0162449958698037,1.54149986232679,-0.0501775180652443,-0.066422513935048,0.066422513935048,0.413004226928534,-0.0664225139350483,0.0664225139350483,0.016244995869804
1303,178,4,7,32,2,SEG_MID,T100,100,1,0.200841860465116,0.163811627906977,0.382355381696419,0.389985775808515,0.00763039411209582,1.25434647040319,-0.0473883632031318,-0.0550187573152276,0.0550187573152276,0.334967018493287,-0.0550187573152278,0.0550187573152278,0.00763039411209598
1304,179,4,8,31,2,SEG_MID,T100,100,1,0.200490697674419,0.179590697674419,0.320493336597662,0.31555239676521,-0.00494093983245159,1.16469799441505,-0.0429054151811024,-0.0379644753486508,0.0379644753486508,0.27758792141656,-0.0379644753486505,0.0379644753486505,0.00494093983245197
1305,180,4,9,30,2,SEG_MID,T100,100,1,0.200139534883721,0.19536976744186,0.274022338754268,0.260766304568874,-0.0132560341853936,1.44186780617979,-0.0373231964599115,-0.0240671622745179,0.0240671622745179,0.236699142294357,-0.0240671622745175,0.0240671622745175,0.013256034185394
1306,212,5,1,37,2,SEG_MID,T100,100,1,0.215748837209302,0.0753767441860465,0.317904678098456,0.22966268931353,-0.0882419887849254,3.94139962616418,-0.0828563788028548,0.00538560998207058,0.00538560998207058,0.235048299295601,0.00538560998207119,0.00538560998207119,0.088241988784926
1307,213,5,2,36,2,SEG_MID,T100,100,1,0.215397674418605,0.0911558139534884,0.525750767993835,0.453962564757982,-0.0717882032358523,3.39294010786174,-0.0593604317372294,0.012427771498623,0.012427771498623,0.466390336256606,0.0124277714986236,0.0124277714986236,0.071788203235853
1308,214,5,3,35,2,SEG_MID,T100,100,1,0.215046511627907,0.10693488372093,0.672258259309762,0.612068074803338,-0.0601901845064241,3.00633948354747,-0.044130247089189,0.0160599374172351,0.0160599374172351,0.628128012220573,0.016059937417235,0.016059937417235,0.060190184506424
1309,215,5,4,34,2,SEG_MID,T100,100,1,0.214695348837209,0.122713953488372,0.781088667275165,0.72951385866916,-0.0515748086060048,2.71916028686683,-0.0341090869716129,0.0174657216343919,0.0174657216343919,0.746979580303552,0.0174657216343921,0.0174657216343921,0.0515748086060051
1310,216,5,5,33,2,SEG_MID,T100,100,1,0.214344186046512,0.138493023255814,0.767651545205461,0.781182686137999,0.013531140932538,1.4510380310846,-0.0324029457786311,-0.0459340867111692,0.0459340867111692,0.73524859942683,-0.0459340867111692,0.0459340867111692,0.013531140932538
1311,217,5,6,32,2,SEG_MID,T100,100,1,0.213993023255814,0.154272093023256,0.675330271520929,0.679977090512659,0.00464681899173058,1.15489396639102,-0.0338396473908873,-0.0384864663826179,0.0384864663826179,0.641490624130042,-0.0384864663826173,0.0384864663826173,0.00464681899173003
1312,218,5,7,31,2,SEG_MID,T100,100,1,0.213641860465116,0.170051162790698,0.59446370370583,0.597800749559901,0.00333704585407146,1.11123486180238,-0.0334683078937734,-0.0368053537478449,0.0368053537478449,0.560995395812057,-0.0368053537478444,0.0368053537478444,0.00333704585407102
1313,219,5,8,30,2,SEG_MID,T100,100,1,0.213290697674419,0.18583023255814,0.51354186807102,0.515770553289136,0.00222868521811659,1.07428950727055,-0.0318501148468631,-0.0340788000649796,0.0340788000649796,0.481691753224157,-0.0340788000649791,0.0340788000649791,0.00222868521811603
1314,220,5,9,29,2,SEG_MID,T100,100,1,0.212939534883721,0.201609302325581,0.449463813698507,0.438629654994094,-0.0108341587044136,1.36113862348045,-0.0288066878763561,-0.0179725291719425,0.0179725291719425,0.420657125822151,-0.017972529171943,0.017972529171943,0.010834158704413
1315,221,5,10,28,2,SEG_MID,T100,100,1,0.212588372093023,0.217388372093023,0.400968211060082,0.380260037677039,-0.020708173383043,1.69027244610143,-0.0248229470478838,-0.00411477366484085,0.00411477366484085,0.376145264012198,-0.00411477366484081,0.00411477366484081,0.020708173383043
1316,222,5,11,27,2,SEG_MID,T100,100,1,0.212237209302326,0.233167441860465,0.357275147566939,0.335734220867127,-0.0215409266998122,1.71803088999374,-0.0202523606686681,0.00128856603114414,0.00128856603114414,0.337022786898271,0.00128856603114397,0.00128856603114397,0.021540926699812
1317,223,5,12,26,2,SEG_MID,T100,100,1,0.211886046511628,0.248946511627907,0.320843252185655,0.299331019527831,-0.0215122326578243,1.71707442192748,-0.0152767092196763,0.006235523438148,0.006235523438148,0.305566542965979,0.00623552343814776,0.00623552343814776,0.021512232657824
1318,224,5,13,25,2,SEG_MID,T100,100,1,0.21153488372093,0.264725581395349,0.287993867604313,0.266862834944984,-0.021131032659329,1.70436775531097,-0.0100016716070578,0.0111293610522712,0.0111293610522712,0.277992195997255,0.0111293610522712,0.0111293610522712,0.021131032659329
1319,225,5,14,24,2,SEG_MID,T100,100,1,0.211183720930233,0.280504651162791,0.2564376299386,0.232215612704684,-0.024222017233916,1.80740057446387,-0.00444445487230073,0.0197775623616153,0.0197775623616153,0.251993175066299,0.0197775623616153,0.0197775623616153,0.024222017233916
1320,251,6,1,36,2,SEG_MID,T100,100,1,0.228548837209302,0.0816162790697674,0.293600980952476,0.221338363365111,-0.0722626175873657,3.40875391957886,-0.0732147504586574,-0.000952132871291728,0.000952132871291728,0.220386230493819,-0.000952132871292449,0.000952132871292449,0.072262617587365
1321,252,6,2,35,2,SEG_MID,T100,100,1,0.228197674418605,0.0973953488372093,0.492069074810275,0.432617321563683,-0.0594517532465917,2.98172510821972,-0.0516982224389127,0.00775353080767897,0.00775353080767897,0.440370852371362,0.00775353080767927,0.00775353080767927,0.059451753246592
1322,253,6,3,34,2,SEG_MID,T100,100,1,0.227846511627907,0.113174418604651,0.635195300104418,0.584982163605785,-0.0502131364986327,2.67377121662109,-0.0376503114447302,0.0125628250539025,0.0125628250539025,0.597544988659688,0.0125628250539028,0.0125628250539028,0.050213136498633
1323,254,6,4,33,2,SEG_MID,T100,100,1,0.227495348837209,0.128953488372093,0.743294963139921,0.700059523113868,-0.043235440026053,2.44118133420177,-0.0284538627788202,0.0147815772472328,0.0147815772472328,0.714841100361101,0.0147815772472328,0.0147815772472328,0.0432354400260531
1324,257,6,7,30,2,SEG_MID,T100,100,1,0.226441860465116,0.176290697674419,0.762033410967615,0.764572252042925,0.00253884107531011,1.08462803584367,-0.0227708596742065,-0.0253097007495166,0.0253097007495166,0.739262551293409,-0.0253097007495164,0.0253097007495164,0.00253884107530999
1325,258,6,8,29,2,SEG_MID,T100,100,1,0.226090697674419,0.19206976744186,0.691169279176025,0.683803698100843,-0.00736558107518259,1.24551936917275,-0.0229747039104947,-0.0156091228353121,0.0156091228353121,0.66819457526553,-0.0156091228353127,0.0156091228353127,0.00736558107518204
1326,259,6,9,28,2,SEG_MID,T100,100,1,0.225739534883721,0.207848837209302,0.616050212201664,0.611425005912458,-0.00462520628920693,1.15417354297356,-0.0221520057466928,-0.0175267994574859,0.0175267994574859,0.593898206454971,-0.0175267994574868,0.0175267994574868,0.00462520628920604
1327,260,6,10,27,2,SEG_MID,T100,100,1,0.225388372093023,0.223627906976744,0.553340094013962,0.535414901513525,-0.017925192500437,1.59750641668123,-0.0202249887963341,-0.00229979629589714,0.00229979629589714,0.533115105217628,-0.00229979629589716,0.00229979629589716,0.017925192500437
1328,261,6,11,26,2,SEG_MID,T100,100,1,0.225037209302326,0.239406976744186,0.50083461211604,0.474907032953964,-0.0259275791620751,1.86425263873584,-0.0175229927942357,0.00840458636783943,0.00840458636783943,0.483311619321804,0.00840458636784025,0.00840458636784025,0.0259275791620759
1329,262,6,12,25,2,SEG_MID,T100,100,1,0.224686046511628,0.255186046511628,0.458560697827569,0.438717781011628,-0.0198429168159412,1.66143056053137,-0.014338886767334,0.00550403004860724,0.00550403004860724,0.444221811060235,0.005504030048607,0.005504030048607,0.019842916815941
1330,263,6,13,24,2,SEG_MID,T100,100,1,0.22433488372093,0.27096511627907,0.417237119835693,0.397226402554533,-0.0200107172811602,1.66702390937201,-0.0106749885765491,0.0093357287046111,0.0093357287046111,0.406562131259144,0.00933572870461091,0.00933572870461091,0.02001071728116
1331,264,6,14,23,2,SEG_MID,T100,100,1,0.223983720930233,0.286744186046512,0.371410878430774,0.34912483917757,-0.0222860392532038,1.74286797510679,-0.00633603247861872,0.0159500067745851,0.0159500067745851,0.365074845952155,0.0159500067745853,0.0159500067745853,0.022286039253204
1332,265,6,15,22,2,SEG_MID,T100,100,1,0.223632558139535,0.302523255813953,0.322457828165289,0.298357282139264,-0.0241005460260251,1.80335153420084,-0.00126250413224853,0.0228380418937766,0.0228380418937766,0.32119532403304,0.0228380418937765,0.0228380418937765,0.024100546026025
1333,266,6,16,21,2,SEG_MID,T100,100,1,0.223281395348837,0.318302325581395,0.277923087878477,0.252629778423189,-0.0252933094552877,1.84311031517626,0.00418334459614603,0.0294766540514337,0.0294766540514337,0.282106432474623,0.0294766540514341,0.0294766540514341,0.025293309455288
1334,289,7,1,35,2,SEG_MID,T100,100,1,0.241348837209302,0.0878558139534884,0.272749389235195,0.214196427512495,-0.0585529617227001,2.95176539075667,-0.0635970298370812,-0.00504406811438109,0.00504406811438109,0.209152359398114,-0.00504406811438124,0.00504406811438124,0.0585529617227
1335,290,7,2,34,2,SEG_MID,T100,100,1,0.240997674418605,0.10363488372093,0.462443122165346,0.413842340133193,-0.0486007820321536,2.62002606773845,-0.0439744599245052,0.00462632210764841,0.00462632210764841,0.418468662240841,0.0046263221076478,0.0046263221076478,0.048600782032153
1336,291,7,3,33,2,SEG_MID,T100,100,1,0.240646511627907,0.119413953488372,0.60200551685716,0.560726800812961,-0.0412787160441993,2.37595720147331,-0.0311295049340852,0.0101492111101141,0.0101492111101141,0.570876011923075,0.0101492111101137,0.0101492111101137,0.041278716044199
1337,292,7,4,32,2,SEG_MID,T100,100,1,0.240295348837209,0.135193023255814,0.708989828601803,0.67332398694257,-0.0356658416592334,2.18886138864111,-0.0228068560855589,0.0128589855736745,0.0128589855736745,0.686182972516244,0.012858985573674,0.012858985573674,0.035665841659233
1338,293,7,5,31,2,SEG_MID,T100,100,1,0.239944186046512,0.150972093023256,0.793610895786004,0.762384652911687,-0.0312262428743166,2.04087476247722,-0.0176882156420904,0.0135380272322262,0.0135380272322262,0.775922680143914,0.0135380272322266,0.0135380272322266,0.031226242874317
1339,297,7,9,27,2,SEG_MID,T100,100,1,0.238539534883721,0.214088372093023,0.761181488399806,0.751296292926997,-0.00988519547280897,1.3295065157603,-0.0173056656425248,-0.00742047016971581,0.00742047016971581,0.743875822757281,-0.0074204701697157,0.0074204701697157,0.00988519547280908
1340,298,7,10,26,2,SEG_MID,T100,100,1,0.238188372093023,0.229867441860465,0.69592515509828,0.678040697183143,-0.0178844579151369,1.59614859717123,-0.0172008702974701,0.000683587617666792,0.000683587617666792,0.67872428480081,0.000683587617666959,0.000683587617666959,0.017884457915137
1341,299,7,11,25,2,SEG_MID,T100,100,1,0.237837209302326,0.245646511627907,0.634643052964059,0.611979855061081,-0.0226631979029783,1.75543993009928,-0.0162106551380972,0.00645254276488106,0.00645254276488106,0.618432397825962,0.00645254276488072,0.00645254276488072,0.022663197902978
1342,300,7,12,24,2,SEG_MID,T100,100,1,0.237486046511628,0.261425581395349,0.584792528814136,0.564653506252591,-0.0201390225615452,1.67130075205151,-0.0146385817880432,0.00550044077350197,0.00550044077350197,0.570153947026093,0.00550044077350176,0.00550044077350176,0.020139022561545
1343,301,7,13,23,2,SEG_MID,T100,100,1,0.23713488372093,0.277204651162791,0.526707020054911,0.509027257427205,-0.0176797626277058,1.58932542092353,-0.0121247049088756,0.00555505771883024,0.00555505771883024,0.514582315146035,0.00555505771883047,0.00555505771883047,0.017679762627706
1344,302,7,14,22,2,SEG_MID,T100,100,1,0.236783720930233,0.292983720930233,0.469139723437533,0.449529592629986,-0.0196101308075465,1.65367102691822,-0.0088226404928883,0.0107874903146582,0.0107874903146582,0.460317082944645,0.0107874903146588,0.0107874903146588,0.019610130807547
1345,303,7,15,21,2,SEG_MID,T100,100,1,0.236432558139535,0.308762790697674,0.416275831897535,0.394876077920479,-0.0213997539770561,1.71332513256854,-0.0049735590975507,0.0164261948795054,0.0164261948795054,0.411302272799984,0.0164261948795053,0.0164261948795053,0.021399753977056
1346,304,7,16,20,2,SEG_MID,T100,100,1,0.236081395348837,0.324541860465116,0.367863969989177,0.345198752330649,-0.0226652176585276,1.75550725528425,-0.000696198499486923,0.0219690191590407,0.0219690191590407,0.36716777148969,0.021969019159041,0.021969019159041,0.022665217658528
1347,305,7,17,19,2,SEG_MID,T100,100,1,0.23573023255814,0.340320930232558,0.323404437895431,0.299579078636474,-0.0238253592589571,1.79417864196524,0.00391859214910861,0.0277439514080657,0.0277439514080657,0.32732303004454,0.0277439514080656,0.0277439514080656,0.023825359258957
1348,306,7,18,18,2,SEG_MID,T100,100,1,0.235379069767442,0.3561,0.282514117644947,0.257606685658234,-0.0249074319867131,1.83024773289044,0.00878948746203628,0.0336969194487494,0.0336969194487494,0.291303605106983,0.0336969194487493,0.0336969194487493,0.024907431986713
1349,326,8,1,34,2,SEG_MID,T100,100,1,0.254148837209302,0.0940953488372093,0.254663167655945,0.208001666168296,-0.0466615014876485,2.55538338292162,-0.0540951219158718,-0.00743362042822335,0.00743362042822335,0.200568045740073,-0.00743362042822285,0.00743362042822285,0.046661501487649
1350,327,8,2,33,2,SEG_MID,T100,100,1,0.253797674418605,0.109874418604651,0.436181959383955,0.397199741345805,-0.0389822180381498,2.29940726793833,-0.0362825770144394,0.00269964102371036,0.00269964102371036,0.399899382369516,0.00269964102371056,0.00269964102371056,0.03898221803815
1351,328,8,3,32,2,SEG_MID,T100,100,1,0.253446511627907,0.125653488372093,0.572111922407164,0.538880319527907,-0.0332316028792569,2.10772009597523,-0.0246465196760408,0.00858508320321615,0.00858508320321615,0.547465402731123,0.00858508320321616,0.00858508320321616,0.033231602879257
1352,329,8,4,31,2,SEG_MID,T100,100,1,0.253095348837209,0.141432558139535,0.677711551336961,0.648947416949501,-0.0287641343874603,1.95880447958201,-0.0172315044086693,0.011532629978791,0.011532629978791,0.660480046928292,0.0115326299787908,0.0115326299787908,0.0287641343874601
1353,330,8,5,30,2,SEG_MID,T100,100,1,0.252744186046512,0.157211627906977,0.7621134618221,0.736920011153523,-0.0251934506685769,1.83978168895256,-0.0128620436975792,0.0123314069709977,0.0123314069709977,0.749251418124521,0.0123314069709978,0.0123314069709978,0.025193450668577
1354,336,8,11,24,2,SEG_MID,T100,100,1,0.250637209302326,0.251886046511628,0.761720636873888,0.746128703829125,-0.0155919330447626,1.51973110149209,-0.0162676052819024,-0.000675672237139784,0.000675672237139784,0.745453031591986,-0.00067567223713938,0.00067567223713938,0.015591933044763
1355,337,8,12,23,2,SEG_MID,T100,100,1,0.250286046511628,0.26766511627907,0.686247932460541,0.663757531616584,-0.0224904008439567,1.74968002813189,-0.015662650051814,0.00682775079214275,0.00682775079214275,0.670585282408727,0.00682775079214304,0.00682775079214304,0.022490400843957
1356,338,8,13,22,2,SEG_MID,T100,100,1,0.24993488372093,0.283444186046512,0.620482153320618,0.603763599468897,-0.0167185538517213,1.55728512839071,-0.0142890894040696,0.00242946444765168,0.00242946444765168,0.606193063916548,0.00242946444765135,0.00242946444765135,0.0167185538517209
1357,339,8,14,21,2,SEG_MID,T100,100,1,0.249583720930233,0.299223255813954,0.55944983765461,0.54261667050597,-0.0168331671486399,1.56110557162133,-0.0121857836536096,0.0046473834950303,0.0046473834950303,0.547264054001,0.00464738349503047,0.00464738349503047,0.01683316714864
1358,340,8,15,20,2,SEG_MID,T100,100,1,0.249232558139535,0.315002325581395,0.503381907877217,0.485057710475817,-0.0183241974014003,1.61080658004668,-0.00950192843472267,0.00882226896667763,0.00882226896667763,0.493879979442494,0.00882226896667732,0.00882226896667732,0.0183241974014
1359,341,8,16,19,2,SEG_MID,T100,100,1,0.248881395348837,0.330781395348837,0.4516242076907,0.43186837891767,-0.0197558287730306,1.65852762576769,-0.00633576410020447,0.0134200646728261,0.0134200646728261,0.445288443590496,0.0134200646728255,0.0134200646728255,0.01975582877303
1360,342,8,17,18,2,SEG_MID,T100,100,1,0.24853023255814,0.346560465116279,0.404551856147284,0.383369570002469,-0.0211822861448149,1.70607620482716,-0.00283957140165122,0.0183427147431637,0.0183427147431637,0.401712284745633,0.0183427147431638,0.0183427147431638,0.021182286144815
1361,343,8,18,17,2,SEG_MID,T100,100,1,0.248179069767442,0.362339534883721,0.360978577801817,0.338372278244162,-0.0226062995576549,1.7535433185885,0.000955146460416417,0.0235614460180713,0.0235614460180713,0.361933724262233,0.0235614460180714,0.0235614460180714,0.022606299557655
1362,344,8,19,16,2,SEG_MID,T100,100,1,0.247827906976744,0.378118604651163,0.321102513115239,0.297018229633921,-0.0240842834813172,1.80280944937724,0.00492936320639209,0.0290136466877093,0.0290136466877093,0.326031876321631,0.0290136466877101,0.0290136466877101,0.024084283481318
1363,345,8,20,15,2,SEG_MID,T100,100,1,0.247476744186047,0.393897674418605,0.283785110592214,0.259116674024407,-0.0246684365678075,1.82228121892692,0.00909756437743133,0.0337660009452388,0.0337660009452388,0.292882674969645,0.0337660009452383,0.0337660009452383,0.024668436567807
1364,363,9,2,32,2,SEG_MID,T100,100,1,0.266597674418605,0.116113953488372,0.412743152337405,0.382345766105717,-0.0303973862316885,2.01324620772295,-0.0286958561154797,0.00170153011620882,0.00170153011620882,0.384047296221925,0.00170153011620827,0.00170153011620827,0.030397386231688
1365,364,9,3,31,2,SEG_MID,T100,100,1,0.266246511627907,0.131893023255814,0.545046712973543,0.519100844953288,-0.0259458680202541,1.8648622673418,-0.0182650913602655,0.00768077665998857,0.00768077665998857,0.526781621613277,0.00768077665998945,0.00768077665998945,0.025945868020255
1366,365,9,4,30,2,SEG_MID,T100,100,1,0.265895348837209,0.147672093023256,0.649076453268691,0.626630795531729,-0.0224456577369625,1.74818859123208,-0.0117804679028976,0.0106651898340649,0.0106651898340649,0.637295985365793,0.0106651898340645,0.0106651898340645,0.0224456577369621
1367,366,9,5,29,2,SEG_MID,T100,100,1,0.265544186046512,0.163451162790698,0.733020774751519,0.713399528345822,-0.0196212464056975,1.65404154685658,-0.00819075139521101,0.0114304950104865,0.0114304950104865,0.724830023356308,0.0114304950104861,0.0114304950104861,0.0196212464056971
1368,373,9,12,22,2,SEG_MID,T100,100,1,0.263086046511628,0.273904651162791,0.778854119347761,0.761914018331042,-0.0169401010167188,1.56467003389063,-0.017658300647597,-0.000718199630878172,0.000718199630878172,0.761195818700164,-0.000718199630877936,0.000718199630877936,0.0169401010167191
1369,374,9,13,21,2,SEG_MID,T100,100,1,0.26273488372093,0.289683720930233,0.706260116413813,0.688163250096399,-0.0180968663174146,1.60322887724715,-0.0173190723812301,0.000777793936184549,0.000777793936184549,0.688941044032583,0.000777793936183935,0.000777793936183935,0.018096866317414
1370,375,9,14,20,2,SEG_MID,T100,100,1,0.262383720930233,0.305462790697674,0.642606764877292,0.627610633645176,-0.014996131232116,1.49987104107053,-0.0163559517773173,-0.00135982054520133,0.00135982054520133,0.626250813099975,-0.00135982054520134,0.00135982054520134,0.014996131232116
1371,376,9,15,19,2,SEG_MID,T100,100,1,0.262032558139535,0.321241860465116,0.583949126141032,0.56818156647221,-0.015767559668822,1.52558532229407,-0.0147827422823573,0.000984817386464654,0.000984817386464654,0.569166383858675,0.00098481738646472,0.00098481738646472,0.015767559668822
1372,377,9,16,18,2,SEG_MID,T100,100,1,0.261681395348837,0.337020930232558,0.530076171493956,0.512835202364256,-0.0172409691297,1.57469897099,-0.0127277235254288,0.00451324560427122,0.00451324560427122,0.517348447968527,0.00451324560427124,0.00451324560427124,0.0172409691297001
1373,378,9,17,17,2,SEG_MID,T100,100,1,0.26133023255814,0.3528,0.480183361632561,0.46144558024796,-0.0187377813846009,1.62459271282003,-0.0102630749522142,0.00847470643238674,0.00847470643238674,0.469920286680347,0.00847470643238679,0.00847470643238679,0.018737781384601
1374,379,9,18,16,2,SEG_MID,T100,100,1,0.260979069767442,0.368579069767442,0.434402130031135,0.414096122076959,-0.0203060079541759,1.67686693180586,-0.00751458482134994,0.012791423132826,0.012791423132826,0.426887545209785,0.0127914231328261,0.0127914231328261,0.020306007954176
1375,380,9,19,15,2,SEG_MID,T100,100,1,0.260627906976744,0.384358139534884,0.391651254685123,0.370607850704589,-0.0210434039805338,1.70144679935113,-0.00449199939625323,0.0165514045842806,0.0165514045842806,0.38715925528887,0.0165514045842808,0.0165514045842808,0.021043403980534
1376,381,9,20,14,2,SEG_MID,T100,100,1,0.260276744186047,0.400137209302326,0.352241227885775,0.329933628171693,-0.0223075997140813,1.74358665713604,-0.00131584256584995,0.0209917571482314,0.0209917571482314,0.350925385319925,0.020991757148232,0.020991757148232,0.022307599714082
1377,382,9,21,13,2,SEG_MID,T100,100,1,0.259925581395349,0.415916279069767,0.314546748946101,0.291911241117817,-0.0226355078282837,1.75451692760946,0.00211151899585601,0.0247470268241397,0.0247470268241397,0.316658267941957,0.02474702682414,0.02474702682414,0.022635507828284
1378,383,9,22,12,2,SEG_MID,T100,100,1,0.259574418604651,0.431695348837209,0.278904032054856,0.256432927938873,-0.0224711041159831,1.7490368038661,0.00569798626496605,0.0281690903809491,0.0281690903809491,0.284602018319822,0.028169090380949,0.028169090380949,0.022471104115983
1379,398,10,2,31,2,SEG_MID,T100,100,1,0.279397674418605,0.122353488372093,0.391694914716307,0.369006776631962,-0.0226881380843453,1.75627126947818,-0.0212725834976953,0.00141555458665003,0.00141555458665003,0.370422331218612,0.00141555458664971,0.00141555458664971,0.022688138084345
1380,399,10,3,30,2,SEG_MID,T100,100,1,0.279046511627907,0.138132558139535,0.520426608744238,0.501108273093746,-0.0193183356504915,1.64394452168305,-0.0120373913304825,0.00728094432000903,0.00728094432000903,0.508389217413756,0.00728094432000959,0.00728094432000959,0.019318335650492
1381,400,10,4,29,2,SEG_MID,T100,100,1,0.278695348837209,0.153911627906977,0.622763073133309,0.60612359345045,-0.0166394796828584,1.55464932276195,-0.00649782476030004,0.0101416549225584,0.0101416549225584,0.616265248373009,0.010141654922559,0.010141654922559,0.0166394796828591
1382,401,10,5,28,2,SEG_MID,T100,100,1,0.278344186046512,0.169690697674419,0.706067566607312,0.691608744042185,-0.0144588225651271,1.4819607521709,-0.00371095294106109,0.010747869624066,0.010747869624066,0.702356613666251,0.0107478696240659,0.0107478696240659,0.014458822565127
1383,402,10,6,27,2,SEG_MID,T100,100,1,0.277993023255814,0.18546976744186,0.775197594532588,0.762548384884575,-0.0126492096480125,1.42164032160042,-0.00305267849937433,0.00959653114863817,0.00959653114863817,0.772144916033214,0.00959653114863868,0.00959653114863868,0.012649209648013
1384,409,10,13,20,2,SEG_MID,T100,100,1,0.27553488372093,0.295923255813953,0.7820468642042,0.770922795111827,-0.0111240690923725,1.37080230307908,-0.0210324145825408,-0.00990834549016831,0.00990834549016831,0.761014449621659,-0.00990834549016784,0.00990834549016784,0.011124069092373
1385,410,10,14,19,2,SEG_MID,T100,100,1,0.275183720930233,0.311702325581395,0.718074723497426,0.704269739014998,-0.0138049844824271,1.46016614941424,-0.0212225672419346,-0.00741758275950753,0.00741758275950753,0.696852156255491,-0.00741758275950666,0.00741758275950666,0.013804984482428
1386,411,10,15,18,2,SEG_MID,T100,100,1,0.274832558139535,0.327481395348837,0.657749945501131,0.644389735499778,-0.0133602100013526,1.44534033337842,-0.0207272638280641,-0.00736705382671154,0.00736705382671154,0.637022681673067,-0.0073670538267111,0.0073670538267111,0.013360210001353
1387,412,10,16,17,2,SEG_MID,T100,100,1,0.274481395348837,0.343260465116279,0.6020500008412,0.587235683896943,-0.0148143169442568,1.49381056480856,-0.0197243949537733,-0.00491007800951646,0.00491007800951646,0.582325605887427,-0.00491007800951637,0.00491007800951637,0.0148143169442569
1388,413,10,17,16,2,SEG_MID,T100,100,1,0.27413023255814,0.359039534883721,0.550668172554959,0.534321486398507,-0.0163466861564523,1.54488953854841,-0.0183206168779717,-0.00197393072151939,0.00197393072151939,0.532347555676987,-0.00197393072151963,0.00197393072151963,0.0163466861564521
1389,414,10,18,15,2,SEG_MID,T100,100,1,0.273779069767442,0.374818604651163,0.502589353537254,0.485046533033219,-0.0175428205040348,1.58476068346783,-0.0165441559788125,0.000998664525222327,0.000998664525222327,0.486045197558441,0.000998664525222515,0.000998664525222515,0.017542820504035
1390,415,10,19,14,2,SEG_MID,T100,100,1,0.273427906976744,0.390597674418605,0.458071333511246,0.439257643933791,-0.0188136895774553,1.62712298591518,-0.0145162110536123,0.00429747852384304,0.00429747852384304,0.443555122457634,0.00429747852384271,0.00429747852384271,0.018813689577455
1391,416,10,20,13,2,SEG_MID,T100,100,1,0.273076744186046,0.406376744186047,0.416114097565033,0.396424621438685,-0.0196894761263474,1.65631587087825,-0.012225525798424,0.00746395032792336,0.00746395032792336,0.403888571766609,0.00746395032792391,0.00746395032792391,0.019689476126348
1392,417,10,21,12,2,SEG_MID,T100,100,1,0.272725581395349,0.422155813953488,0.376067495731442,0.356482353119305,-0.0195851426121365,1.65283808707122,-0.00966557536076197,0.00991956725137453,0.00991956725137453,0.36640192037068,0.00991956725137505,0.00991956725137505,0.019585142612137
1393,418,10,22,11,2,SEG_MID,T100,100,1,0.272374418604651,0.43793488372093,0.338358863005296,0.31836217050367,-0.0199966925016261,1.66655641672087,-0.00694737506204871,0.0130493174395774,0.0130493174395774,0.331411487943247,0.0130493174395773,0.0130493174395773,0.019996692501626
1394,419,10,23,10,2,SEG_MID,T100,100,1,0.272023255813953,0.453713953488372,0.30177929015662,0.282501250413385,-0.0192780397432353,1.64260132477451,-0.00396647596293445,0.0153115637803008,0.0153115637803008,0.297812814193685,0.0153115637803005,0.0153115637803005,0.019278039743235
1395,420,10,24,9,2,SEG_MID,T100,100,1,0.271672093023256,0.469493023255814,0.266714654015203,0.247894344792797,-0.0188203092224066,1.62734364074689,-0.000813409388733829,0.0180068998336728,0.0180068998336728,0.265901244626469,0.0180068998336722,0.0180068998336722,0.018820309222406
1396,432,11,2,30,2,SEG_MID,T100,100,1,0.292197674418605,0.128593023255814,0.372689264003152,0.356962244478328,-0.015727019524824,1.5242339841608,-0.0140596984871253,0.00166732103769866,0.00166732103769866,0.358629565516027,0.00166732103769868,0.00166732103769868,0.015727019524824
1397,433,11,3,29,2,SEG_MID,T100,100,1,0.291846511627907,0.144372093023256,0.497934588910784,0.484670922571161,-0.0132636663396233,1.44212221132078,-0.0060065355598123,0.007257130779811,0.007257130779811,0.491928053350972,0.00725713077981072,0.00725713077981072,0.013263666339623
1398,434,11,4,28,2,SEG_MID,T100,100,1,0.291495348837209,0.160151162790698,0.598500046556431,0.587214324228652,-0.0112857223277794,1.37619074425931,-0.00142075097340831,0.00986497135437109,0.00986497135437109,0.597079295583023,0.00986497135437059,0.00986497135437059,0.0112857223277789
1399,435,11,5,27,2,SEG_MID,T100,100,1,0.291144186046512,0.17593023255814,0.681026201356719,0.6713636219801,-0.00966257937661863,1.32208597922062,0.000545959901398793,0.0102085392780174,0.0102085392780174,0.681572161258118,0.0102085392780178,0.0102085392780178,0.00966257937661896
1400,436,11,6,26,2,SEG_MID,T100,100,1,0.290793023255814,0.191709302325581,0.749967350751052,0.741660721387554,-0.00830662936349713,1.2768876454499,0.000464464959717947,0.00877109432321508,0.00877109432321508,0.75043181571077,0.00877109432321599,0.00877109432321599,0.00830662936349802
1401,444,11,14,18,2,SEG_MID,T100,100,1,0.287983720930233,0.317941860465116,0.785619906690439,0.773316375930727,-0.0123035307597125,1.41011769199042,-0.0266845821995237,-0.0143810514398112,0.0143810514398112,0.758935324490915,-0.0143810514398117,0.0143810514398117,0.012303530759712
1402,445,11,15,17,2,SEG_MID,T100,100,1,0.287632558139535,0.333720930232558,0.724716561633873,0.71336896180835,-0.0113475998255228,1.37825332751743,-0.0272540675338271,-0.0159064677083043,0.0159064677083043,0.697462494100046,-0.0159064677083041,0.0159064677083041,0.011347599825523
1403,446,11,16,16,2,SEG_MID,T100,100,1,0.287281395348837,0.3495,0.668109214967586,0.65554696580019,-0.0125622491673957,1.41874163891319,-0.0272965925896238,-0.0147343434222281,0.0147343434222281,0.640812622377962,-0.0147343434222278,0.0147343434222278,0.012562249167396
1404,447,11,17,15,2,SEG_MID,T100,100,1,0.28693023255814,0.365279069767442,0.615181166543377,0.601363661331739,-0.0138175052116376,1.46058350705459,-0.026880887424902,-0.0130633822132644,0.0130633822132644,0.588300279118475,-0.0130633822132641,0.0130633822132641,0.0138175052116379
1405,448,11,18,14,2,SEG_MID,T100,100,1,0.286579069767442,0.381058139534884,0.565764183796693,0.550635536233898,-0.0151286475627945,1.50428825209315,-0.0260958913834587,-0.0109672438206642,0.0109672438206642,0.539668292413234,-0.0109672438206637,0.0109672438206637,0.015128647562795
1406,449,11,19,13,2,SEG_MID,T100,100,1,0.286227906976744,0.396837209302326,0.519397323601222,0.502889106117689,-0.0165082174835325,1.55027391611775,-0.024992619916191,-0.00848440243265852,0.00848440243265852,0.494404703685031,-0.00848440243265797,0.00848440243265797,0.016508217483533
1407,450,11,20,12,2,SEG_MID,T100,100,1,0.285876744186047,0.412616279069767,0.4755962521821,0.458569001669256,-0.0170272505128441,1.5675750170948,-0.0236017083960359,-0.00657445788319179,0.00657445788319179,0.451994543786064,-0.00657445788319189,0.00657445788319189,0.017027250512844
1408,451,11,21,11,2,SEG_MID,T100,100,1,0.285525581395349,0.428395348837209,0.433817840532923,0.416330299341327,-0.0174875411915959,1.58291803971986,-0.0219278520343009,-0.00444031084270501,0.00444031084270501,0.411889988498622,-0.00444031084270491,0.00444031084270491,0.017487541191596
1409,452,11,22,10,2,SEG_MID,T100,100,1,0.285174418604651,0.444174418604651,0.393707782330895,0.376638348994557,-0.0170694333363376,1.56898111121125,-0.0199806863974077,-0.00291125306107015,0.00291125306107015,0.373727095933487,-0.00291125306106976,0.00291125306106976,0.017069433336338
1410,453,11,23,9,2,SEG_MID,T100,100,1,0.284823255813954,0.459953488372093,0.35538281822616,0.338384032504573,-0.0169987857215863,1.56662619071954,-0.0178248377665143,-0.000826052044928013,0.000826052044928013,0.337557980459646,-0.000826052044927306,0.000826052044927306,0.016998785721587
1411,454,11,24,8,2,SEG_MID,T100,100,1,0.284472093023256,0.475732558139535,0.319064268239543,0.301506033231332,-0.017558235008211,1.5852745002737,-0.0155455595920479,0.00201267541616314,0.00201267541616314,0.303518708647495,0.00201267541616312,0.00201267541616312,0.017558235008211
1412,455,11,25,7,2,SEG_MID,T100,100,1,0.284120930232558,0.491511627906977,0.284671513519774,0.265961312605123,-0.018710200914651,1.6236733638217,-0.0131868479313497,0.00552335298330134,0.00552335298330134,0.271484665588424,0.00552335298330131,0.00552335298330131,0.018710200914651
1413,456,11,26,6,2,SEG_MID,T100,100,1,0.28376976744186,0.507290697674419,0.252133623834221,0.231147749011758,-0.020985874822463,1.69952916074877,-0.0107912930555845,0.0101945817668785,0.0101945817668785,0.241342330778637,0.0101945817668785,0.0101945817668785,0.020985874822463
1414,465,12,2,29,2,SEG_MID,T100,100,1,0.304997674418605,0.134832558139535,0.355442630878166,0.346032462049356,-0.00941016882880957,1.31367229429365,-0.00709542651820761,0.00231474231060196,0.00231474231060196,0.348347204359958,0.00231474231060241,0.00231474231060241,0.00941016882881002
1415,466,12,3,28,2,SEG_MID,T100,100,1,0.304646511627907,0.150611627906977,0.477306166786305,0.469595504369564,-0.00771066241674134,1.25702208055804,-0.000208467590153268,0.00750219482658807,0.00750219482658807,0.477097699196152,0.00750219482658776,0.00750219482658776,0.00771066241674101
1416,467,12,4,27,2,SEG_MID,T100,100,1,0.304295348837209,0.166390697674419,0.576056713061282,0.569723223769701,-0.00633348929158117,1.21111630971937,0.00341917957041215,0.00975266886199332,0.00975266886199332,0.579475892631694,0.00975266886199322,0.00975266886199322,0.00633348929158106
1417,468,12,5,26,2,SEG_MID,T100,100,1,0.303944186046512,0.18216976744186,0.65770023020484,0.652505339755442,-0.0051948904493988,1.17316301497996,0.00455291877067811,0.00974780922007691,0.00974780922007691,0.662253148975518,0.00974780922007612,0.00974780922007612,0.00519489044939803
1418,469,12,6,25,2,SEG_MID,T100,100,1,0.303593023255814,0.197948837209302,0.726327669343299,0.722089855774942,-0.0042378135683574,1.14126045227858,0.00371577382724459,0.00795358739560199,0.00795358739560199,0.730043443170544,0.00795358739560159,0.00795358739560159,0.00423781356835695
1419,470,12,7,24,2,SEG_MID,T100,100,1,0.303241860465116,0.213727906976744,0.784821877258523,0.781399822733098,-0.00342205452542499,1.11406848418083,0.00127728952272735,0.00469934404815234,0.00469934404815234,0.78609916678125,0.00469934404815231,0.00469934404815231,0.00342205452542499
1420,478,12,15,16,2,SEG_MID,T100,100,1,0.300432558139535,0.339960465116279,0.784398700932268,0.774849161074437,-0.00954953985783114,1.31831799526104,-0.0342524824186803,-0.0247029425608492,0.0247029425608492,0.750146218513588,-0.0247029425608493,0.0247029425608493,0.00954953985783102
1421,479,12,16,15,2,SEG_MID,T100,100,1,0.300081395348837,0.355739534883721,0.727670421240434,0.717302674682779,-0.0103677465576552,1.34559155192184,-0.035328791125471,-0.0249610445678158,0.0249610445678158,0.692341630114963,-0.024961044567816,0.024961044567816,0.010367746557655
1422,480,12,17,14,2,SEG_MID,T100,100,1,0.29973023255814,0.371518604651163,0.674215119804825,0.662473884405739,-0.0117412353990854,1.39137451330285,-0.0359211698866147,-0.0241799344875293,0.0241799344875293,0.63829394991821,-0.0241799344875288,0.0241799344875288,0.011741235399086
1423,481,12,18,13,2,SEG_MID,T100,100,1,0.299379069767442,0.387297674418605,0.623933004882926,0.610792163989165,-0.0131408408937617,1.43802802979206,-0.0361132436784173,-0.0229724027846556,0.0229724027846556,0.587819761204509,-0.0229724027846563,0.0229724027846563,0.013140840893761
1424,482,12,19,12,2,SEG_MID,T100,100,1,0.299027906976744,0.403076744186046,0.576035507895194,0.561851274624546,-0.0141842332706473,1.47280777568824,-0.0359081975005219,-0.0217239642298746,0.0217239642298746,0.540127310394672,-0.0217239642298739,0.0217239642298739,0.014184233270648
1425,483,12,20,11,2,SEG_MID,T100,100,1,0.298676744186047,0.418855813953488,0.530606321314931,0.515814058160264,-0.0147922631546674,1.49307543848891,-0.0353843604623,-0.0205920973076326,0.0205920973076326,0.495221960852631,-0.0205920973076331,0.0205920973076331,0.014792263154667
1426,484,12,21,10,2,SEG_MID,T100,100,1,0.298325581395349,0.43463488372093,0.487034654755977,0.472197378673623,-0.0148372760823537,1.49457586941179,-0.0345327794837001,-0.0196955034013464,0.0196955034013464,0.452501875272277,-0.0196955034013461,0.0196955034013461,0.014837276082354
1427,485,12,22,9,2,SEG_MID,T100,100,1,0.297974418604651,0.450413953488372,0.445681645525165,0.430682359882378,-0.0149992856427864,1.49997618809288,-0.0334570143623886,-0.0184577287196022,0.0184577287196022,0.412224631162776,-0.0184577287196017,0.0184577287196017,0.014999285642787
1428,486,12,23,8,2,SEG_MID,T100,100,1,0.297623255813953,0.466193023255814,0.406263054046279,0.390587580029281,-0.0156754740169985,1.52251580056662,-0.0321780235536857,-0.0165025495366872,0.0165025495366872,0.374085030492593,-0.0165025495366878,0.0165025495366878,0.015675474016998
1429,487,12,24,7,2,SEG_MID,T100,100,1,0.297272093023256,0.481972093023256,0.365406244003091,0.33819981743109,-0.027206426572001,1.90688088573337,-0.0302155462330805,-0.00300911966107947,0.00300911966107947,0.335190697770011,-0.00300911966107947,0.00300911966107947,0.027206426572001
1430,488,12,25,6,2,SEG_MID,T100,100,1,0.296920930232558,0.497751162790698,0.303276517134484,0.282790474124581,-0.0204860430099027,1.68286810033009,-0.0241897592228359,-0.00370371621293325,0.00370371621293325,0.279086757911648,-0.00370371621293297,0.00370371621293297,0.020486043009903
1431,497,13,2,28,2,SEG_MID,T100,100,1,0.317797674418605,0.141072093023256,0.339721614431913,0.336069515190419,-0.00365209924149401,1.12173664138313,-0.000411211511865062,0.00324088772962895,0.00324088772962895,0.339310402920048,0.00324088772962894,0.00324088772962894,0.00365209924149401
1432,498,13,3,27,2,SEG_MID,T100,100,1,0.317446511627907,0.156851162790698,0.45831894077605,0.455719485599657,-0.00259945517639232,1.08664850587974,0.00532660960075099,0.00792606477714331,0.00792606477714331,0.463645550376801,0.00792606477714397,0.00792606477714397,0.00259945517639298
1433,499,13,4,26,2,SEG_MID,T100,100,1,0.317095348837209,0.17263023255814,0.555235760074748,0.553496517500006,-0.00173924257474189,1.0579747524914,0.0079949781826819,0.00973422075742379,0.00973422075742379,0.56323073825743,0.00973422075742392,0.00973422075742392,0.00173924257474201
1434,500,13,5,25,2,SEG_MID,T100,100,1,0.316744186046512,0.188409302325581,0.63591922746909,0.634896113796428,-0.00102311367266161,1.03410378908872,0.00828645920374502,0.00930957287640663,0.00930957287640663,0.644205686672835,0.0093095728764071,0.0093095728764071,0.00102311367266206
1435,501,13,6,24,2,SEG_MID,T100,100,1,0.316393023255814,0.204188372093023,0.704132738341966,0.703715072950421,-0.000417665391544753,1.01392217971816,0.00668104979342447,0.00709871518496922,0.00709871518496922,0.71081378813539,0.00709871518496941,0.00709871518496941,0.000417665391544975
1436,502,13,7,23,2,SEG_MID,T100,100,1,0.316041860465116,0.219967441860465,0.76255983957129,0.762660760418121,0.000100920846830554,1.00336402822769,0.00352191798162678,0.00342099713479622,0.00342099713479622,0.766081757552917,0.00342099713479582,0.00342099713479582,0.000100920846830999
1437,511,13,16,14,2,SEG_MID,T100,100,1,0.312881395348837,0.361979069767442,0.780817724732533,0.772792127182295,-0.00802559755023802,1.26751991834127,-0.04375395001546,-0.035728352465222,0.035728352465222,0.737063774717073,-0.035728352465222,0.035728352465222,0.00802559755023802
1438,512,13,17,13,2,SEG_MID,T100,100,1,0.31253023255814,0.377758139534884,0.727216766785019,0.717852064330459,-0.00936470245456,1.31215674848533,-0.0453257328560433,-0.0359610304014833,0.0359610304014833,0.681891033928976,-0.0359610304014834,0.0359610304014834,0.00936470245456
1439,513,13,18,12,2,SEG_MID,T100,100,1,0.312179069767442,0.393537209302326,0.67646754477147,0.665664464966051,-0.0108030798054188,1.36010266018063,-0.046472674188688,-0.0356695943832692,0.0356695943832692,0.629994870582782,-0.0356695943832691,0.0356695943832691,0.0108030798054189
1440,514,13,19,11,2,SEG_MID,T100,100,1,0.311827906976744,0.409316279069767,0.62777204286641,0.61474100142483,-0.0130310414415805,1.43436804805268,-0.0471846598758347,-0.0341536184342542,0.0341536184342542,0.580587382990575,-0.0341536184342548,0.0341536184342548,0.01303104144158
1441,515,13,20,10,2,SEG_MID,T100,100,1,0.311476744186047,0.425095348837209,0.581123936917668,0.539596383203367,-0.0415275537143005,2.38425179047668,-0.047519673876704,-0.00599212016240354,0.00599212016240354,0.533604263040964,-0.00599212016240314,0.00599212016240314,0.0415275537143009
1442,516,13,21,9,2,SEG_MID,T100,100,1,0.311125581395349,0.440874418604651,0.513602851562263,0.469830676179868,-0.0437721753823943,2.45907251274648,-0.0444631777977672,-0.000691002415372906,0.000691002415372906,0.469139673764496,-0.000691002415372177,0.000691002415372177,0.043772175382395
1443,517,13,22,8,2,SEG_MID,T100,100,1,0.310774418604651,0.456653488372093,0.440760862505589,0.404886296427614,-0.0358745660779748,2.19581886926583,-0.0396502695684328,-0.00377570349045803,0.00377570349045803,0.401110592937156,-0.0037757034904578,0.0037757034904578,0.035874566077975
1444,518,13,23,7,2,SEG_MID,T100,100,1,0.310423255813953,0.472432558139535,0.37278466352846,0.344280152393702,-0.0285045111347585,1.95015037115862,-0.0344893233293135,-0.00598481219455499,0.00598481219455499,0.338295340199147,-0.00598481219455549,0.00598481219455549,0.028504511134758
1445,519,13,24,6,2,SEG_MID,T100,100,1,0.310072093023256,0.488211627906977,0.309202465533175,0.287591606878064,-0.021610858655111,1.72036195517037,-0.0290433737135795,-0.0074325150584685,0.0074325150584685,0.280159091819595,-0.00743251505846854,0.00743251505846854,0.021610858655111
1446,528,14,2,27,2,SEG_MID,T100,100,1,0.330597674418605,0.147311627906977,0.32533235749328,0.32695054996897,0.00161819247569012,1.05393974918967,0.0059668441299296,0.00434865165423948,0.00434865165423948,0.33129920162321,0.00434865165423959,0.00434865165423959,0.00161819247569001
1447,529,14,3,26,2,SEG_MID,T100,100,1,0.330246511627907,0.163090697674419,0.440784543905966,0.442905206148996,0.00212066224303004,1.07068874143433,0.0105731315788128,0.00845246933578271,0.00845246933578271,0.451357675484779,0.00845246933578275,0.00845246933578275,0.00212066224302998
1448,530,14,4,25,2,SEG_MID,T100,100,1,0.329895348837209,0.17886976744186,0.535867406533383,0.53840188739126,0.00253448085787733,1.08448269526258,0.0122834382128324,0.00974895735495503,0.00974895735495503,0.548150844746215,0.0097489573549554,0.0097489573549554,0.002534480857877
1449,531,14,5,24,2,SEG_MID,T100,100,1,0.329544186046512,0.194648837209302,0.615534619680471,0.618415827328879,0.00288120764840782,1.09604025494693,0.0117261401890522,0.00884493254064436,0.00884493254064436,0.627260759869523,0.00884493254064411,0.00884493254064411,0.00288120764840805
1450,532,14,6,23,2,SEG_MID,T100,100,1,0.329193023255814,0.210427906976744,0.683254040042028,0.686429975425361,0.00317593538333205,1.10586451277773,0.00934250320833559,0.00616656782500354,0.00616656782500354,0.692596543250364,0.00616656782500269,0.00616656782500269,0.00317593538333294
1451,533,14,7,22,2,SEG_MID,T100,100,1,0.328841860465116,0.226206976744186,0.741525922808809,0.744955468455282,0.00342954564647246,1.11431818821575,0.00545149868934706,0.0020219530428746,0.0020219530428746,0.746977421498156,0.002021953042874,0.002021953042874,0.00342954564647302
1452,534,14,8,21,2,SEG_MID,T100,100,1,0.328490697674419,0.241986046511628,0.792198391337356,0.795848473157834,0.00365008182047832,1.12166939401594,0.000289423438116848,-0.00336065838236147,0.00336065838236147,0.792487814775473,-0.0033606583823611,0.0033606583823611,0.00365008182047799
1453,543,14,17,12,2,SEG_MID,T100,100,1,0.32533023255814,0.383997674418605,0.774346416343679,0.71227870194613,-0.0620677143975493,3.06892381325164,-0.055041326607598,0.00702638778995135,0.00702638778995135,0.719305089736081,0.00702638778995102,0.00702638778995102,0.062067714397549
1454,544,14,18,11,2,SEG_MID,T100,100,1,0.324979069767442,0.399776744186047,0.692269145094835,0.628525251140119,-0.0637438939547159,3.1247964651572,-0.0537097210798045,0.0100341728749114,0.0100341728749114,0.638559424015031,0.0100341728749115,0.0100341728749115,0.0637438939547159
1455,545,14,19,10,2,SEG_MID,T100,100,1,0.324627906976744,0.415555813953488,0.60543908496368,0.551132204877407,-0.0543068800862723,2.81022933620908,-0.0505414220377373,0.00376545804853499,0.00376545804853499,0.554897662925943,0.00376545804853579,0.00376545804853579,0.054306880086273
1456,546,14,20,9,2,SEG_MID,T100,100,1,0.324276744186047,0.43133488372093,0.524961850112509,0.479401535216187,-0.0455603148963217,2.51867716321072,-0.0468274103622137,-0.00126709546589199,0.00126709546589199,0.478134439750295,-0.00126709546589177,0.00126709546589177,0.045560314896322
1457,547,14,21,8,2,SEG_MID,T100,100,1,0.323925581395349,0.447113953488372,0.450164849096583,0.412733750451397,-0.0374310986451861,2.24770328817287,-0.0426578773188269,-0.00522677867364083,0.00522677867364083,0.407506971777756,-0.00522677867364091,0.00522677867364091,0.037431098645186
1458,548,14,22,7,2,SEG_MID,T100,100,1,0.323574418604651,0.462893023255814,0.380467199499369,0.350611100627917,-0.0298560988714516,1.99520329571505,-0.038110517066406,-0.0082544181949544,0.0082544181949544,0.342356682432963,-0.00825441819495398,0.00825441819495398,0.029856098871452
1459,549,14,23,6,2,SEG_MID,T100,100,1,0.323223255813954,0.478672093023256,0.315364612332786,0.292584104760414,-0.0227805075723717,1.75935025241239,-0.0332526182232086,-0.0104721106508369,0.0104721106508369,0.282111994109577,-0.0104721106508366,0.0104721106508366,0.022780507572372
1460,550,14,24,5,2,SEG_MID,T100,100,1,0.322872093023256,0.494451162790698,0.254417170678024,0.238260657736929,-0.0161565129410959,1.53855043136986,-0.0281427490627948,-0.0119862361216989,0.0119862361216989,0.226274421615229,-0.0119862361216998,0.0119862361216998,0.016156512941095
1461,558,15,2,26,2,SEG_MID,T100,100,1,0.343397674418605,0.153551162790698,0.31211251235183,0.318572681077482,0.00646016872565142,1.21533895752171,0.0120168915036824,0.00555672277803093,0.00555672277803093,0.324129403855512,0.00555672277803038,0.00555672277803038,0.00646016872565197
1462,559,15,3,25,2,SEG_MID,T100,100,1,0.343046511627907,0.16933023255814,0.424542373229433,0.431035296081571,0.00649292285213843,1.21643076173795,0.0155093149105026,0.00901639205836416,0.00901639205836416,0.440051688139936,0.00901639205836463,0.00901639205836463,0.00649292285213798
1463,560,15,4,24,2,SEG_MID,T100,100,1,0.342695348837209,0.185109302325581,0.517804762819059,0.524324855749335,0.00652009293027611,1.2173364310092,0.0162644949920397,0.00974440206176354,0.00974440206176354,0.534069257811099,0.00974440206176364,0.00974440206176364,0.006520092930276
1464,561,15,5,23,2,SEG_MID,T100,100,1,0.342344186046512,0.200888372093023,0.596416291966333,0.60295928674803,0.00654299478169651,1.21809982605655,0.014854072400947,0.00831107761925045,0.00831107761925045,0.61127036436728,0.00831107761924987,0.00831107761924987,0.00654299478169706
1465,562,15,6,22,2,SEG_MID,T100,100,1,0.341993023255814,0.216667441860465,0.663577860821567,0.67014042174436,0.00656256092279262,1.21875203075975,0.0116844044430739,0.00512184352028125,0.00512184352028125,0.675262265264641,0.00512184352028089,0.00512184352028089,0.00656256092279295
1466,563,15,7,21,2,SEG_MID,T100,100,1,0.341641860465116,0.232446511627907,0.721621228046363,0.728200698709833,0.00657947066346976,1.21931568878233,0.00705227259909862,0.000472801935628864,0.000472801935628864,0.728673500645462,0.000472801935628597,0.000472801935628597,0.00657947066346998
1467,564,15,8,20,2,SEG_MID,T100,100,1,0.341290697674419,0.248225581395349,0.772285256398599,0.778879486984211,0.00659423058561204,1.21980768618707,0.00117948286076261,-0.00541474772484943,0.00541474772484943,0.773464739259362,-0.00541474772484929,0.00541474772484929,0.00659423058561193
1468,573,15,17,11,2,SEG_MID,T100,100,1,0.33813023255814,0.390237209302326,0.709191994841435,0.642983425985408,-0.0662085688560272,3.20695229520091,-0.0539640149700402,0.012244553885987,0.012244553885987,0.655227979871395,0.0122445538859868,0.0122445538859868,0.066208568856027
1469,574,15,18,10,2,SEG_MID,T100,100,1,0.337779069767442,0.406016279069767,0.619664148264619,0.563210105177084,-0.0564540430875354,2.88180143625118,-0.0515338323338564,0.00492021075367898,0.00492021075367898,0.568130315930763,0.00492021075367854,0.00492021075367854,0.056454043087535
1470,575,15,19,9,2,SEG_MID,T100,100,1,0.337427906976744,0.421795348837209,0.53683465026447,0.489405312936393,-0.0474293373280768,2.58097791093589,-0.0485134918674167,-0.00108415453933994,0.00108415453933994,0.488321158397053,-0.00108415453933974,0.00108415453933974,0.047429337328077
1471,576,15,20,8,2,SEG_MID,T100,100,1,0.337076744186046,0.437574418604651,0.459978867235659,0.420923368268242,-0.0390554989674176,2.30184996558059,-0.0450000511689767,-0.00594455220155907,0.00594455220155907,0.414978816066682,-0.00594455220155965,0.00594455220155965,0.039055498967417
1472,577,15,21,7,2,SEG_MID,T100,100,1,0.336725581395349,0.453353488372093,0.388473049713005,0.357208482464506,-0.0312645672484987,2.04215224161662,-0.0410768351870443,-0.00981226793854564,0.00981226793854564,0.347396214525961,-0.00981226793854534,0.00981226793854534,0.031264567248499
1473,578,15,22,6,2,SEG_MID,T100,100,1,0.336374418604651,0.469132558139535,0.321777366400358,0.29777964166395,-0.0239977247364076,1.79992415788025,-0.0368157814656653,-0.0128180567292577,0.0128180567292577,0.284961584934693,-0.0128180567292573,0.0128180567292573,0.023997724736408
1474,579,15,23,5,2,SEG_MID,T100,100,1,0.336023255813953,0.484911627906977,0.259422250645227,0.242218440949642,-0.0172038096955847,1.57346032318616,-0.0322793207430399,-0.0150755110474552,0.0150755110474552,0.227142929902187,-0.0150755110474549,0.0150755110474549,0.017203809695585
1475,587,16,2,25,2,SEG_MID,T100,100,1,0.356197674418605,0.159790697674419,0.299925088823378,0.310849093141774,0.0109240043183959,1.36413347727986,0.0177205027166232,0.00679649839822734,0.00679649839822734,0.317645591540001,0.00679649839822721,0.00679649839822721,0.010924004318396
1476,588,16,3,24,2,SEG_MID,T100,100,1,0.355846511627907,0.17556976744186,0.409454656329312,0.420009070197493,0.0105544138681807,1.35181379560602,0.0201164830785929,0.0095620692104122,0.0095620692104122,0.429571139407905,0.00956206921041192,0.00956206921041192,0.010554413868181
1477,589,16,4,23,2,SEG_MID,T100,100,1,0.355495348837209,0.191348837209302,0.500920098518578,0.511165876511281,0.010245777992703,1.3415259330901,0.0199207115039753,0.00967493351127233,0.00967493351127233,0.520840810022553,0.00967493351127235,0.00967493351127235,0.010245777992703
1478,590,16,5,22,2,SEG_MID,T100,100,1,0.355144186046512,0.207127906976744,0.578449807810428,0.588433973885777,0.00998416607534902,1.33280553584497,0.0176545320936263,0.00767036601827728,0.00767036601827728,0.596104339904054,0.00767036601827731,0.00767036601827731,0.00998416607534902
1479,591,16,6,21,2,SEG_MID,T100,100,1,0.354793023255814,0.222906976744186,0.645003219187928,0.654762811152062,0.00975959196413412,1.3253197321378,0.0136927941017126,0.00393320213757852,0.00393320213757852,0.658696013289641,0.00393320213757864,0.00393320213757864,0.00975959196413401
1480,592,16,7,20,2,SEG_MID,T100,100,1,0.354441860465116,0.238686046511628,0.70275719769757,0.712321907864897,0.00956471016732685,1.31882367224423,0.00831192737463518,-0.00125278279269167,0.00125278279269167,0.711069125072205,-0.00125278279269192,0.00125278279269192,0.00956471016732707
1481,593,16,8,19,2,SEG_MID,T100,100,1,0.354090697674419,0.25446511627907,0.753348669459123,0.76274266659205,0.00939399713292721,1.31313323776424,0.00172025229494311,-0.0076737448379841,0.0076737448379841,0.755068921754066,-0.00767374483798389,0.00767374483798389,0.00939399713292699
1482,594,16,9,18,2,SEG_MID,T100,100,1,0.353739534883721,0.270244186046512,0.798032251957699,0.807275471307522,0.00924321934982342,1.30810731166078,-0.00592226130899736,-0.0151654806588208,0.0151654806588208,0.792109990648702,-0.0151654806588203,0.0151654806588203,0.00924321934982297
1483,601,16,16,11,2,SEG_MID,T100,100,1,0.351281395348837,0.380697674418605,0.72696295124241,0.658166187675112,-0.0687967635672979,3.29322545224326,-0.0534988661488043,0.0152978974184936,0.0152978974184936,0.673464085093606,0.0152978974184936,0.0152978974184936,0.0687967635672979
1484,602,16,17,10,2,SEG_MID,T100,100,1,0.35093023255814,0.396476744186046,0.634573743455876,0.575869212586233,-0.0587045308696431,2.95681769565477,-0.0518271173526855,0.00687741351695755,0.00687741351695755,0.582746626103191,0.00687741351695748,0.00687741351695748,0.058704530869643
1485,603,16,18,9,2,SEG_MID,T100,100,1,0.350579069767442,0.412255813953488,0.54925691988361,0.499872062351847,-0.0493848575317626,2.64616191772542,-0.0495171141067532,-0.000132256574990566,0.000132256574990566,0.499739805776857,-0.000132256574990164,0.000132256574990164,0.049384857531763
1486,604,16,19,8,2,SEG_MID,T100,100,1,0.350227906976744,0.42803488372093,0.470230331816359,0.429478027103094,-0.040752304713265,2.35841015710883,-0.0466734985844195,-0.00592119387115446,0.00592119387115446,0.42355683323194,-0.00592119387115447,0.00592119387115447,0.040752304713265
1487,605,16,20,7,2,SEG_MID,T100,100,1,0.349876744186047,0.443813953488372,0.396823062550579,0.364089478431189,-0.0327335841193904,2.09111947064635,-0.0433857876297317,-0.0106522035103413,0.0106522035103413,0.353437274920847,-0.0106522035103417,0.0106522035103417,0.03273358411939
1488,606,16,21,6,2,SEG_MID,T100,100,1,0.349525581395349,0.459593023255814,0.328456332912562,0.303190860716792,-0.0252654721957692,1.84218240652564,-0.0397310096412468,-0.0144655374454776,0.0144655374454776,0.288725323271315,-0.0144655374454769,0.0144655374454769,0.02526547219577
1489,607,16,22,5,2,SEG_MID,T100,100,1,0.349174418604651,0.475372093023256,0.26462820961077,0.24633506988163,-0.0182931397291393,1.60977132430464,-0.0357758085157554,-0.0174826687866161,0.0174826687866161,0.228852401095015,-0.0174826687866154,0.0174826687866154,0.01829313972914
1490,615,17,2,24,2,SEG_MID,T100,100,1,0.368997674418605,0.16603023255814,0.288653689480121,0.303706021123075,0.0150523316429541,1.50174438809847,0.0230620265526154,0.00800969490966126,0.00800969490966126,0.311715716032736,0.00800969490966136,0.00800969490966136,0.015052331642954
1491,616,17,3,23,2,SEG_MID,T100,100,1,0.368646511627907,0.181809302325581,0.395402533699781,0.409739665005861,0.0143371313060798,1.47790437686933,0.0243785316439157,0.0100414003378359,0.0100414003378359,0.419781065343697,0.0100414003378357,0.0100414003378357,0.01433713130608
1492,617,17,4,22,2,SEG_MID,T100,100,1,0.368295348837209,0.197588372093023,0.485101817333529,0.498837977656352,0.013736160322823,1.45787201076077,0.0232368618834868,0.00950070156066378,0.00950070156066378,0.508338679217016,0.00950070156066379,0.00950070156066379,0.013736160322823
1493,618,17,5,21,2,SEG_MID,T100,100,1,0.367944186046512,0.213367441860465,0.561534116630725,0.574758192662566,0.0132240760318412,1.44080253439471,0.0201136430423462,0.00688956701050496,0.00688956701050496,0.581647759673071,0.00688956701050525,0.00688956701050525,0.0132240760318409
1494,619,17,6,20,2,SEG_MID,T100,100,1,0.367593023255814,0.229146511627907,0.627440132332954,0.640222648505512,0.0127825161725582,1.42608387241861,0.015355240811681,0.00257272463912282,0.00257272463912282,0.642795373144635,0.00257272463912306,0.00257272463912306,0.012782516172558
1495,620,17,7,19,2,SEG_MID,T100,100,1,0.367241860465116,0.244925581395349,0.684854298274655,0.697252148635391,0.0123978503607359,1.4132616786912,0.00921941212084502,-0.00317843823989088,0.00317843823989088,0.6940737103955,-0.00317843823989095,0.00317843823989095,0.0123978503607359
1496,621,17,8,18,2,SEG_MID,T100,100,1,0.366890697674419,0.260704651162791,0.735318514332509,0.747378262444097,0.0120597481115878,1.40199160371959,0.00190193594084514,-0.0101578121707427,0.0101578121707427,0.737220450273354,-0.0101578121707429,0.0101578121707429,0.0120597481115879
1497,622,17,9,17,2,SEG_MID,T100,100,1,0.366539534883721,0.276483720930233,0.78002269227125,0.791782929476137,0.0117602372048872,1.39200790682957,-0.00644581541181986,-0.0182060526167071,0.0182060526167071,0.77357687685943,-0.0182060526167069,0.0182060526167069,0.0117602372048871
1498,628,17,15,11,2,SEG_MID,T100,100,1,0.364432558139535,0.371158139534884,0.745647408604008,0.674129406368677,-0.0715180022353303,3.38393340784434,-0.0523062758044064,0.0192117264309239,0.0192117264309239,0.693341132799602,0.0192117264309246,0.0192117264309246,0.071518002235331
1499,629,17,16,10,2,SEG_MID,T100,100,1,0.364081395348837,0.386937209302326,0.650218499805118,0.589152514277157,-0.0610659855279609,3.03553285093203,-0.0514151224332796,0.00965086309468134,0.00965086309468134,0.598803377371838,0.00965086309468144,0.00965086309468144,0.0610659855279611
1500,630,17,17,9,2,SEG_MID,T100,100,1,0.36373023255814,0.402716279069767,0.562267706434026,0.510834684054354,-0.0514330223796727,2.71443407932242,-0.0498335585710656,0.00159946380860706,0.00159946380860706,0.51243414786296,0.00159946380860643,0.00159946380860643,0.0514330223796721
1501,631,17,18,8,2,SEG_MID,T100,100,1,0.363379069767442,0.418495348837209,0.480949157404767,0.438422690111709,-0.0425264672930578,2.41754890976859,-0.0476746254961515,-0.00514815820309373,0.00514815820309373,0.433274531908615,-0.0051481582030935,0.0051481582030935,0.042526467293058
1502,632,17,19,7,2,SEG_MID,T100,100,1,0.363027906976744,0.434274418604651,0.405539918265979,0.371272778647198,-0.0342671396187816,2.14223798729272,-0.0450346647224285,-0.0107675251036469,0.0107675251036469,0.360505253543551,-0.0107675251036475,0.0107675251036475,0.034267139618781
1503,633,17,20,6,2,SEG_MID,T100,100,1,0.362676744186047,0.450053488372093,0.335418440143264,0.308831477004638,-0.0265869631386267,1.88623210462089,-0.041996291285875,-0.0154093281472483,0.0154093281472483,0.293422148857389,-0.015409328147249,0.015409328147249,0.026586963138626
1504,634,17,21,5,2,SEG_MID,T100,100,1,0.362325581395349,0.465832558139535,0.27004738865416,0.250620303281529,-0.0194270853726308,1.64756951242103,-0.0386307537598635,-0.0192036683872327,0.0192036683872327,0.231416634894297,-0.0192036683872325,0.0192036683872325,0.019427085372631
1505,642,18,2,23,2,SEG_MID,T100,100,1,0.381797674418605,0.17226976744186,0.278198780347944,0.2970803869311,0.0188816065831557,1.62938688610519,0.0280280844801309,0.00914647789697517,0.00914647789697517,0.306226864828075,0.00914647789697487,0.00914647789697487,0.018881606583156
1506,643,18,3,22,2,SEG_MID,T100,100,1,0.381446511627907,0.188048837209302,0.382282921056894,0.400151745675871,0.0178688246189773,1.59562748729924,0.028281500212182,0.0104126755932047,0.0104126755932047,0.410564421269076,0.010412675593205,0.010412675593205,0.017868824618977
1507,644,18,4,21,2,SEG_MID,T100,100,1,0.381095348837209,0.203827906976744,0.470251987610486,0.487264836636984,0.0170128490264981,1.56709496754994,0.0261995917019637,0.0091867426754656,0.0091867426754656,0.49645157931245,0.00918674267546565,0.00918674267546565,0.017012849026498
1508,645,18,5,20,2,SEG_MID,T100,100,1,0.380744186046512,0.219606976744186,0.545579652154862,0.561859531686348,0.016279879531486,1.54266265104953,0.0222191129399758,0.00593923340848981,0.00593923340848981,0.567798765094838,0.0059392334084899,0.0059392334084899,0.0162798795314859
1509,646,18,6,19,2,SEG_MID,T100,100,1,0.380393023255814,0.235386046511628,0.61080815838566,0.626453337431454,0.0156451790457941,1.52150596819314,0.0166606377219785,0.00101545867618438,0.00101545867618438,0.627468796107639,0.00101545867618447,0.00101545867618447,0.015645179045794
1510,647,18,7,18,2,SEG_MID,T100,100,1,0.380041860465116,0.25116511627907,0.667840899488802,0.682931126251151,0.0150902267623491,1.50300755874497,0.00976477987385514,-0.00532544688849396,0.00532544688849396,0.677605679362657,-0.0053254468884939,0.0053254468884939,0.0150902267623491
1511,648,18,8,17,2,SEG_MID,T100,100,1,0.379690697674419,0.266944186046512,0.718131230395843,0.732732111329247,0.0146008809334042,1.48669603111347,0.00171565904611575,-0.0128852218872885,0.0128852218872885,0.719846889441959,-0.0128852218872882,0.0128852218872882,0.0146008809334039
1512,649,18,9,16,2,SEG_MID,T100,100,1,0.379339534883721,0.282723255813953,0.762808053226052,0.776974210098029,0.0141661568719765,1.47220522906588,-0.00734343878611943,-0.0215095956580959,0.0215095956580959,0.755464614439933,-0.0215095956580964,0.0215095956580964,0.014166156871977
1513,654,18,14,11,2,SEG_MID,T100,100,1,0.377583720930233,0.361618604651163,0.765317661665782,0.690934847667082,-0.0743828139986999,3.47942713329,-0.0503773952742446,0.0240054187244553,0.0240054187244553,0.714940266391537,0.0240054187244554,0.0240054187244554,0.0743828139986999
1514,655,18,15,10,2,SEG_MID,T100,100,1,0.377232558139535,0.377397674418605,0.666654165632914,0.60310734379372,-0.0635468218391942,3.11822739463981,-0.0502910668692448,0.0132557549699494,0.0132557549699494,0.616363098763669,0.0132557549699492,0.0132557549699492,0.063546821839194
1515,656,18,16,9,2,SEG_MID,T100,100,1,0.376881395348837,0.393176744186047,0.57590984696963,0.522329271666312,-0.0535805753033181,2.78601917677727,-0.0494576464134922,0.00412292888982588,0.00412292888982588,0.526452200556138,0.00412292888982568,0.00412292888982568,0.0535805753033179
1516,657,18,17,8,2,SEG_MID,T100,100,1,0.37653023255814,0.408955813953488,0.492168049783396,0.447784649668667,-0.0443834001147289,2.47944667049096,-0.047999500973857,-0.00361610085912806,0.00361610085912806,0.444168548809539,-0.00361610085912795,0.00361610085912795,0.044383400114729
1517,658,18,18,7,2,SEG_MID,T100,100,1,0.376179069767442,0.42473488372093,0.414648334704836,0.378778752350209,-0.0358695823546267,2.19565274515422,-0.0460205124264216,-0.0101509300717949,0.0101509300717949,0.368627822278414,-0.0101509300717947,0.0101509300717947,0.0358695823546269
1518,659,18,19,6,2,SEG_MID,T100,100,1,0.375827906976744,0.440513953488372,0.342682082724962,0.314716393639464,-0.0279656890854977,1.93218963618326,-0.0436094401455833,-0.0156437510600856,0.0156437510600856,0.299072642579379,-0.0156437510600853,0.0156437510600853,0.027965689085498
1519,660,18,20,5,2,SEG_MID,T100,100,1,0.375476744186047,0.456293023255814,0.275693160894863,0.255084715986916,-0.0206084449079463,1.68694816359821,-0.0408425755618747,-0.0202341306539284,0.0202341306539284,0.234850585332988,-0.0202341306539277,0.0202341306539277,0.020608444907947
1520,668,19,2,22,2,SEG_MID,T100,100,1,0.394597674418605,0.178509302325581,0.268474743718057,0.29091793168979,0.0224431879717331,1.74810626572444,0.0326071725892412,0.0101639846175081,0.0101639846175081,0.301081916307298,0.0101639846175082,0.0101639846175082,0.022443187971733
1521,669,19,3,21,2,SEG_MID,T100,100,1,0.394246511627907,0.194288372093023,0.370005976247025,0.391179654832963,0.0211736785859377,1.70578928619792,0.0318132271242804,0.0106395485383427,0.0106395485383427,0.401819203371305,0.0106395485383424,0.0106395485383424,0.021173678585938
1522,670,19,4,20,2,SEG_MID,T100,100,1,0.393895348837209,0.210067441860465,0.456284312968245,0.476379198797214,0.0200948858289686,1.66982952763229,0.0287971390160544,0.0087022531870858,0.0087022531870858,0.485081451984299,0.0087022531870854,0.0087022531870854,0.020094885828969
1523,671,19,5,19,2,SEG_MID,T100,100,1,0.393544186046512,0.225846511627907,0.530506746016391,0.549673581697201,0.0191668356808102,1.63889452269367,0.0239600136735755,0.00479317799276534,0.00479317799276534,0.554466759689967,0.00479317799276557,0.00479317799276557,0.01916683568081
1524,672,19,6,18,2,SEG_MID,T100,100,1,0.393193023255814,0.241625581395349,0.595035164526732,0.613395160470558,0.0183599959438254,1.61199986479418,0.0175990306796752,-0.000760965264150155,0.000760965264150155,0.612634195206407,-0.000760965264150704,0.000760965264150704,0.018359995943826
1525,673,19,7,17,2,SEG_MID,T100,100,1,0.392841860465116,0.257404651162791,0.651652316375358,0.669304392166157,0.0176520757907994,1.58840252635998,0.00993905311648378,-0.00771302267431562,0.00771302267431562,0.661591369491842,-0.00771302267431517,0.00771302267431517,0.017652075790799
1526,674,19,8,16,2,SEG_MID,T100,100,1,0.392490697674419,0.273183720930233,0.701729063942123,0.718754998402195,0.0170259344600718,1.56753114866906,0.00115336214364825,-0.0158725723164236,0.0158725723164236,0.702882426085771,-0.0158725723164238,0.0158725723164238,0.0170259344600721
1527,675,19,9,15,2,SEG_MID,T100,100,1,0.392139534883721,0.288962790697674,0.746336840976906,0.762805016112929,0.0164681751360236,1.54893917120079,-0.0086223552187808,-0.0250905303548044,0.0250905303548044,0.737714485758125,-0.0250905303548037,0.0250905303548037,0.0164681751360229
1528,676,19,10,14,2,SEG_MID,T100,100,1,0.391788372093023,0.304741860465116,0.786325172393498,0.802293348063434,0.0159681756699367,1.53227252233122,-0.0192803357416731,-0.0352485114116098,0.0352485114116098,0.767044836651825,-0.0352485114116091,0.0352485114116091,0.015968175669936
1529,679,19,13,11,2,SEG_MID,T100,100,1,0.39073488372093,0.352079069767442,0.786053840432134,0.708650971293797,-0.0774028691383374,3.58009563794458,-0.0477024101029646,0.0297004590353728,0.0297004590353728,0.738351430329169,0.0297004590353724,0.0297004590353724,0.077402869138337
1530,680,19,14,10,2,SEG_MID,T100,100,1,0.390383720930233,0.367858139534884,0.683942272065666,0.617785944615917,-0.0661563274497492,3.20521091499164,-0.0484474622339588,0.0177088652157904,0.0177088652157904,0.635494809831707,0.0177088652157903,0.0177088652157903,0.0661563274497491
1531,681,19,15,9,2,SEG_MID,T100,100,1,0.390032558139535,0.383637209302326,0.590230439294437,0.534395508830709,-0.0558349304637276,2.86116434879092,-0.0483836809094926,0.00745124955423501,0.00745124955423501,0.541846758384944,0.00745124955423537,0.00745124955423537,0.055834930463728
1532,682,19,16,8,2,SEG_MID,T100,100,1,0.389681395348837,0.399416279069767,0.503922839273941,0.457593805519084,-0.0463290337548563,2.54430112516188,-0.0476438168135576,-0.00131478305870131,0.00131478305870131,0.456279022460383,-0.00131478305870064,0.00131478305870064,0.046329033754857
1533,683,19,17,7,2,SEG_MID,T100,100,1,0.38933023255814,0.415195348837209,0.424175301383224,0.386629640793604,-0.03754566058962,2.251522019654,-0.0463401041541648,-0.00879444356454481,0.00879444356454481,0.377835197229059,-0.00879444356454478,0.00879444356454478,0.03754566058962
1534,684,19,18,6,2,SEG_MID,T100,100,1,0.388979069767442,0.430974418604651,0.35026728393659,0.320861833243182,-0.0294054506934082,1.98018168978027,-0.0445680757692426,-0.0151626250758344,0.0151626250758344,0.305699208167347,-0.0151626250758347,0.0151626250758347,0.029405450693408
1535,685,19,19,5,2,SEG_MID,T100,100,1,0.388627906976744,0.446753488372093,0.28158004167814,0.259739786054123,-0.0218402556240169,1.72800852080056,-0.0424095576251742,-0.0205693020011573,0.0205693020011573,0.239170484052966,-0.0205693020011572,0.0205693020011572,0.021840255624017
1536,693,20,2,21,2,SEG_MID,T100,100,1,0.407397674418605,0.184748837209302,0.25940752817218,0.285171726477745,0.0257641983055649,1.8588066101855,0.0367893443619907,0.0110251460564258,0.0110251460564258,0.296196872534171,0.0110251460564257,0.0110251460564257,0.025764198305565
1537,694,20,3,20,2,SEG_MID,T100,100,1,0.407046511627907,0.200527906976744,0.358493039066435,0.382765906962245,0.0242728678958101,1.809095596527,0.0349630688001879,0.0106902009043778,0.0106902009043778,0.393456107866623,0.0106902009043778,0.0106902009043778,0.02427286789581
1538,695,20,4,19,2,SEG_MID,T100,100,1,0.406695348837209,0.216306976744186,0.443122454157621,0.466121569522448,0.0229991153648275,1.76663717882758,0.0310191038670403,0.00801998850221279,0.00801998850221279,0.474141558024661,0.0080199885022133,0.0080199885022133,0.022999115364827
1539,696,20,5,18,2,SEG_MID,T100,100,1,0.406344186046512,0.232086046511628,0.516244297249775,0.538142859897697,0.0218985626479217,1.72995208826406,0.025326597189417,0.0034280345414953,0.0034280345414953,0.541570894439192,0.0034280345414951,0.0034280345414951,0.0218985626479219
1540,697,20,6,17,2,SEG_MID,T100,100,1,0.405993023255814,0.24786511627907,0.580056281165327,0.600994413259264,0.0209381320939367,1.69793773646456,0.0181614724772007,-0.00277665961673603,0.00277665961673603,0.598217753642528,-0.00277665961673623,0.00277665961673623,0.0209381320939369
1541,698,20,7,16,2,SEG_MID,T100,100,1,0.405641860465116,0.263644186046512,0.636229987436292,0.656322652260247,0.0200926648239547,1.66975549413182,0.00973410848562083,-0.0103585563383339,0.0103585563383339,0.645964095921913,-0.0103585563383342,0.0103585563383342,0.020092664823955
1542,699,20,8,15,2,SEG_MID,T100,100,1,0.405290697674419,0.279423255813953,0.686059419836684,0.705402104697182,0.0193426848604982,1.64475616201661,0.000207709535169697,-0.0191349753253285,0.0191349753253285,0.686267129371854,-0.0191349753253284,0.0191349753253284,0.0193426848604981
1543,700,20,9,14,2,SEG_MID,T100,100,1,0.404939534883721,0.295202325581395,0.730561915270917,0.749234795594384,0.0186728803234671,1.62242934411557,-0.0102891742542658,-0.0289620545777329,0.0289620545777329,0.720272741016651,-0.0289620545777328,0.0289620545777328,0.018672880323467
1544,701,20,10,13,2,SEG_MID,T100,100,1,0.404588372093023,0.310981395348837,0.770548333597101,0.788619380604185,0.0180710470070836,1.60236823356945,-0.0216539130613664,-0.03972496006845,0.03972496006845,0.748894420535735,-0.0397249600684505,0.0397249600684505,0.0180710470070841
1545,704,20,13,10,2,SEG_MID,T100,100,1,0.40353488372093,0.358318604651163,0.702150902815313,0.633246123747305,-0.0689047790680083,3.29682596893361,-0.0458760175772475,0.0230287614907608,0.0230287614907608,0.656274885238066,0.0230287614907605,0.0230287614907605,0.068904779068008
1546,705,20,14,9,2,SEG_MID,T100,100,1,0.403183720930233,0.374097674418605,0.605281385210724,0.547077126940865,-0.0582042582698583,2.94014194232861,-0.0466053810651932,0.0115988772046651,0.0115988772046651,0.558676004145531,0.0115988772046659,0.0115988772046659,0.0582042582698591
1547,706,20,15,8,2,SEG_MID,T100,100,1,0.402832558139535,0.389876744186047,0.516252862994626,0.46788298376535,-0.0483698792292758,2.61232930764253,-0.0466028411645813,0.00176703806469452,0.00176703806469452,0.469650021830045,0.00176703806469475,0.00176703806469475,0.048369879229276
1548,707,20,16,7,2,SEG_MID,T100,100,1,0.402481395348837,0.405655813953488,0.434150346594389,0.394849777361136,-0.0393005692332532,2.31001897444177,-0.0459899085948936,-0.00668933936164039,0.00668933936164039,0.388160437999495,-0.00668933936164062,0.00668933936164062,0.039300569233253
1549,708,20,17,6,2,SEG_MID,T100,100,1,0.40213023255814,0.42143488372093,0.358195880032475,0.327285487288752,-0.0309103927437232,2.03034642479077,-0.0448696014567989,-0.0139592087130757,0.0139592087130757,0.313326278575676,-0.0139592087130759,0.0139592087130759,0.030910392743723
1550,709,20,18,5,2,SEG_MID,T100,100,1,0.401779069767442,0.437213953488372,0.287723813185697,0.264597993294506,-0.0231258198911912,1.77086066303971,-0.0433298334609927,-0.0202040135698015,0.0202040135698015,0.244393979724704,-0.0202040135698017,0.0202040135698017,0.023125819891191
1551,717,21,2,20,2,SEG_MID,T100,100,1,0.420197674418605,0.190988372093023,0.250932759245715,0.279800974990727,0.028868215745012,1.96227385816707,0.0405659557528058,0.0116977400077938,0.0116977400077938,0.291498714998521,0.0116977400077938,0.0116977400077938,0.028868215745012
1552,718,21,3,19,2,SEG_MID,T100,100,1,0.419846511627907,0.206767441860465,0.347674944096069,0.374859955414485,0.0271850113184167,1.90616704394722,0.0377216700410851,0.0105366587226684,0.0105366587226684,0.385396614137154,0.0105366587226691,0.0105366587226691,0.027185011318416
1553,719,21,4,18,2,SEG_MID,T100,100,1,0.419495348837209,0.222546511627907,0.430698633221262,0.456439126398353,0.0257404931770913,1.85801643923638,0.0328562566893122,0.00711576351222094,0.00711576351222094,0.463554889910574,0.00711576351222126,0.00711576351222126,0.025740493177091
1554,720,21,5,17,2,SEG_MID,T100,100,1,0.419144186046512,0.238325581395349,0.502728650786844,0.527215903254087,0.0244872524672429,1.8162417489081,0.0263101403983765,0.0018228879311336,0.0018228879311336,0.529038791185221,0.00182288793113361,0.00182288793113361,0.0244872524672429
1555,721,21,6,16,2,SEG_MID,T100,100,1,0.418793023255814,0.254104651162791,0.565813010196888,0.589202666272524,0.0233896560756363,1.77965520252121,0.0183398986693266,-0.0050497574063097,0.0050497574063097,0.584152908866215,-0.00504975740630942,0.00504975740630942,0.023389656075636
1556,722,21,7,15,2,SEG_MID,T100,100,1,0.418441860465116,0.269883720930233,0.621520766787506,0.643941171004358,0.022420404216852,1.7473468072284,0.0091425775505427,-0.0132778266663093,0.0132778266663093,0.630663344338049,-0.0132778266663093,0.0132778266663093,0.022420404216852
1557,723,21,8,14,2,SEG_MID,T100,100,1,0.418090697674419,0.285662790697674,0.671074298141549,0.692632527047212,0.0215582289056624,1.71860763018875,-0.00112799016883248,-0.0226862190744949,0.0226862190744949,0.669946307972716,-0.0226862190744955,0.0226862190744955,0.0215582289056631
1558,724,21,9,13,2,SEG_MID,T100,100,1,0.417739534883721,0.301441860465116,0.715440038873202,0.736226354147761,0.0207863152745592,1.69287717581864,-0.0123499551203692,-0.0331362703949284,0.0331362703949284,0.703090083752833,-0.0331362703949283,0.0331362703949283,0.0207863152745591
1559,725,21,10,12,2,SEG_MID,T100,100,1,0.417388372093023,0.317220930232558,0.755392135664173,0.775483329712409,0.0200911940482361,1.66970646827454,-0.0244255503063839,-0.04451674435462,0.04451674435462,0.730966585357789,-0.0445167443546199,0.0445167443546199,0.020091194048236
1560,726,21,11,11,2,SEG_MID,T100,100,1,0.417037209302326,0.333,0.791558004691659,0.747128328084907,-0.0444296766067523,2.48098922022508,-0.0372754218941688,0.0071542547125835,0.0071542547125835,0.75428258279749,0.00715425471258324,0.00715425471258324,0.044429676606752
1561,727,21,12,10,2,SEG_MID,T100,100,1,0.416686046511628,0.348779069767442,0.721355590285548,0.649552012560933,-0.0718035777246147,3.39345259082049,-0.0425675289638333,0.0292360487607814,0.0292360487607814,0.678788061321715,0.0292360487607818,0.0292360487607818,0.071803577724615
1562,728,21,13,9,2,SEG_MID,T100,100,1,0.41633488372093,0.364558139534884,0.621120019059502,0.560422434735736,-0.0606975843237658,3.02325281079219,-0.0441158047436356,0.0165817795801302,0.0165817795801302,0.577004214315866,0.0165817795801304,0.0165817795801304,0.0606975843237659
1563,729,21,14,8,2,SEG_MID,T100,100,1,0.415983720930233,0.380337209302326,0.529201404643737,0.4786883038584,-0.0505131007853373,2.68377002617791,-0.0448713651443059,0.00564173564103138,0.00564173564103138,0.484330039499431,0.0056417356410311,0.0056417356410311,0.050513100785337
1564,730,21,15,7,2,SEG_MID,T100,100,1,0.415632558139535,0.396116279069767,0.444605843111328,0.40346583948729,-0.0411400036240383,2.37133345413461,-0.0449660528722828,-0.00382604924824451,0.00382604924824451,0.399639790239045,-0.00382604924824481,0.00382604924824481,0.041140003624038
1565,731,21,16,6,2,SEG_MID,T100,100,1,0.415281395348837,0.411895348837209,0.366491730185727,0.334006686193818,-0.0324850439919085,2.08283479973028,-0.0445111791328509,-0.0120261351409424,0.0120261351409424,0.321980551052876,-0.0120261351409419,0.0120261351409419,0.032485043991909
1566,732,21,17,5,2,SEG_MID,T100,100,1,0.41493023255814,0.427674418604651,0.294141665723423,0.269672930998185,-0.0244687347252383,1.81562449084128,-0.0436013695920264,-0.0191326348667881,0.0191326348667881,0.250540296131397,-0.0191326348667884,0.0191326348667884,0.024468734725238
1567,741,22,3,18,2,SEG_MID,T100,100,1,0.432646511627907,0.213006976744186,0.337490630065414,0.367417176117938,0.0299265460525242,1.99755153508414,0.0400807748123639,0.0101542287598397,0.0101542287598397,0.377571404877778,0.0101542287598399,0.0101542287598399,0.029926546052524
1568,742,22,4,17,2,SEG_MID,T100,100,1,0.432295348837209,0.228786046511628,0.418952466060589,0.447284809377694,0.0283323433171053,1.94441144390351,0.0343003781750962,0.00596803485799089,0.00596803485799089,0.453252844235685,0.00596803485799119,0.00596803485799119,0.028332343317105
1569,743,22,5,16,2,SEG_MID,T100,100,1,0.431944186046512,0.24456511627907,0.489902647629259,0.516846500591912,0.0269438529626531,1.89812843208844,0.0269028139152702,-4.10390473828612e-05,4.10390473828612e-05,0.516805461544529,-4.10390473827293e-05,4.10390473827293e-05,0.0269438529626529
1570,744,22,6,15,2,SEG_MID,T100,100,1,0.431593023255814,0.260344186046512,0.552252461492505,0.577976132727121,0.0257236712346163,1.85745570782054,0.0181270213254841,-0.00759664990913218,0.00759664990913218,0.570379482817989,-0.00759664990913189,0.00759664990913189,0.0257236712346161
1571,745,22,7,14,2,SEG_MID,T100,100,1,0.431241860465116,0.276123255813954,0.607476312277885,0.632119256409964,0.0246429441320792,1.82143147106931,0.00815776110802803,-0.0164851830240512,0.0164851830240512,0.615634073385913,-0.016485183024051,0.016485183024051,0.024642944132079
1572,746,22,8,13,2,SEG_MID,T100,100,1,0.430890697674419,0.291902325581395,0.65672980299413,0.680408859574823,0.0236790565806932,1.78930188602311,-0.00285985326598988,-0.0265389098466831,0.0265389098466831,0.65386994972814,-0.0265389098466829,0.0265389098466829,0.023679056580693
1573,747,22,9,12,2,SEG_MID,T100,100,1,0.430539534883721,0.307681395348837,0.700931481816318,0.723745514469824,0.0228140326535058,1.76046775511686,-0.0148102628334893,-0.0376242954869951,0.0376242954869951,0.686121218982829,-0.0376242954869953,0.0376242954869953,0.022814032653506
1574,748,22,10,11,2,SEG_MID,T100,100,1,0.430188372093023,0.323460465116279,0.740820662208613,0.762854066243599,0.0220334040349858,1.73444680116619,-0.0276003039940483,-0.0496337080290341,0.0496337080290341,0.713220358214565,-0.0496337080290342,0.0496337080290342,0.022033404034986
1575,749,22,11,10,2,SEG_MID,T100,100,1,0.429837209302326,0.339239534883721,0.741640362870956,0.666774956016797,-0.0748654068541588,3.49551356180529,-0.0385117502510501,0.0363536566031087,0.0363536566031087,0.703128612619906,0.0363536566031089,0.0363536566031089,0.074865406854159
1576,750,22,12,9,2,SEG_MID,T100,100,1,0.429486046511628,0.355018604651163,0.637809837596244,0.574484933278219,-0.0633249043180255,3.11083014393418,-0.0409072593260566,0.0224176449919689,0.0224176449919689,0.596902578270187,0.0224176449919684,0.0224176449919684,0.063324904318025
1577,751,22,13,8,2,SEG_MID,T100,100,1,0.42913488372093,0.370797674418605,0.542816202169176,0.490049602238633,-0.052766599930543,2.75888666435143,-0.0424436411716744,0.0103229587588686,0.0103229587588686,0.500372560997502,0.0103229587588687,0.0103229587588687,0.0527665999305431
1578,752,22,14,7,2,SEG_MID,T100,100,1,0.428783720930233,0.386576744186047,0.455577359152203,0.412507137877388,-0.0430702212748154,2.43567404249385,-0.0432642802244616,-0.000194058949646227,0.000194058949646227,0.412313078927741,-0.000194058949646636,0.000194058949646636,0.043070221274815
1579,753,22,15,6,2,SEG_MID,T100,100,1,0.428432558139535,0.402355813953488,0.375180956297186,0.341046593611061,-0.0341343626861245,2.13781208953748,-0.0434897006335316,-0.00935533794740706,0.00935533794740706,0.331691255663654,-0.00935533794740656,0.00935533794740656,0.034134362686125
1580,754,22,16,5,2,SEG_MID,T100,100,1,0.428081395348837,0.41813488372093,0.300852358349578,0.274979432951304,-0.0258729253982742,1.86243084660914,-0.0432219464504516,-0.0173490210521774,0.0173490210521774,0.257630411899126,-0.0173490210521776,0.0173490210521776,0.025872925398274
1581,763,23,3,17,2,SEG_MID,T100,100,1,0.445446511627907,0.219246511627907,0.327885986672976,0.360398024825393,0.032512038152417,2.08373460508057,0.0420330694218883,0.00952103126947131,0.00952103126947131,0.369919056094864,0.00952103126947129,0.00952103126947129,0.032512038152417
1582,764,23,4,16,2,SEG_MID,T100,100,1,0.445095348837209,0.235025581395349,0.407829980963068,0.438616555874444,0.0307865749113758,2.02621916371253,0.0353441247305965,0.00455754981922072,0.00455754981922072,0.443174105693664,0.00455754981922052,0.00455754981922052,0.030786574911376
1583,765,23,5,15,2,SEG_MID,T100,100,1,0.444744186046512,0.250804651162791,0.477714816800213,0.506993039315466,0.0292782225152523,1.97594075050841,0.0270975704658128,-0.0021806520494395,0.0021806520494395,0.504812387266026,-0.00218065204944018,0.00218065204944018,0.029278222515253
1584,766,23,6,14,2,SEG_MID,T100,100,1,0.444393023255814,0.266583720930233,0.539326696610541,0.567275125252368,0.0279484286418266,1.93161428806089,0.0175162377664383,-0.0104321908753883,0.0104321908753883,0.556842934376979,-0.0104321908753886,0.0104321908753886,0.027948428641827
1585,767,23,7,13,2,SEG_MID,T100,100,1,0.444041860465116,0.282362790697674,0.59405255473488,0.620819813266725,0.0267672585318453,1.89224195106151,0.00677355489374713,-0.0199937036380982,0.0199937036380982,0.600826109628627,-0.0199937036380979,0.0199937036380979,0.026767258531845
1586,768,23,8,12,2,SEG_MID,T100,100,1,0.443690697674419,0.298141860465116,0.642985713155258,0.668696827734426,0.0257111145791676,1.85703715263892,-0.00499348144383504,-0.0307045960230026,0.0307045960230026,0.637992231711423,-0.030704596023003,0.030704596023003,0.025711114579168
1587,769,23,9,11,2,SEG_MID,T100,100,1,0.443339534883721,0.313920930232558,0.686999672845661,0.711760816508153,0.0247611436624926,1.82537145541642,-0.0176752175772754,-0.042436361239768,0.042436361239768,0.669324455268386,-0.0424363612397675,0.0424363612397675,0.024761143662492
1588,770,23,10,10,2,SEG_MID,T100,100,1,0.442988372093023,0.3297,0.726800715698355,0.684994556250931,-0.0418061594474246,2.39353864824749,-0.0311828456904666,0.010623313756958,0.010623313756958,0.695617870007888,0.0106233137569575,0.0106233137569575,0.0418061594474241
1589,771,23,11,9,2,SEG_MID,T100,100,1,0.442637209302326,0.345479069767442,0.65542135078871,0.589324032819938,-0.0660973179687712,3.20324393229237,-0.0369711974847436,0.0291261204840276,0.0291261204840276,0.618450153303966,0.0291261204840284,0.0291261204840284,0.0660973179687721
1590,772,23,12,8,2,SEG_MID,T100,100,1,0.442286046511628,0.361258139534884,0.557150035872436,0.502010923097874,-0.0551391127745617,2.83797042581872,-0.0393133114810257,0.015825801293536,0.015825801293536,0.51783672439141,0.0158258012935363,0.0158258012935363,0.055139112774562
1591,773,23,13,7,2,SEG_MID,T100,100,1,0.44193488372093,0.377037209302326,0.467104062625073,0.422005949633587,-0.0450981129914856,2.50327043304952,-0.0408799012321306,0.00421821175935502,0.00421821175935502,0.426224161392942,0.00421821175935538,0.00421821175935538,0.045098112991486
1592,774,23,14,6,2,SEG_MID,T100,100,1,0.441583720930233,0.392816279069767,0.38429221774689,0.348428429028559,-0.0358637887183312,2.19545962394437,-0.0418017547948207,-0.00593796607648945,0.00593796607648945,0.342490462952069,-0.00593796607648966,0.00593796607648966,0.035863788718331
1593,775,23,15,5,2,SEG_MID,T100,100,1,0.441232558139535,0.408595348837209,0.307876402004243,0.280533718246238,-0.0273426837580055,1.91142279193352,-0.0421891365924516,-0.0148464528344461,0.0148464528344461,0.265687265411791,-0.0148464528344466,0.0148464528344466,0.027342683758005
1594,784,24,3,16,2,SEG_MID,T100,100,1,0.458246511627907,0.225486046511628,0.318812892867928,0.353767334282606,0.0349544414146772,2.16514804715591,0.0435720518023929,0.00861761038771567,0.00861761038771567,0.362384944670321,0.00861761038771491,0.00861761038771491,0.034954441414678
1595,785,24,4,15,2,SEG_MID,T100,100,1,0.457895348837209,0.24126511627907,0.397282789425014,0.430396654548655,0.033113865123641,2.10379550412137,0.035980914875967,0.00286704975232604,0.00286704975232604,0.433263704300981,0.00286704975232605,0.00286704975232605,0.033113865123641
1596,786,24,5,14,2,SEG_MID,T100,100,1,0.457544186046512,0.257044186046512,0.466118684984355,0.497617947274327,0.0314992622899724,2.04997540966575,0.0268880496069321,-0.00461121268304026,0.00461121268304026,0.493006734591287,-0.00461121268303988,0.00461121268303988,0.031499262289972
1597,787,24,6,13,2,SEG_MID,T100,100,1,0.457193023255814,0.272823255813954,0.526992162565107,0.557063587117246,0.0300714245521392,2.00238081840464,0.0165015518764923,-0.0135698726756469,0.0135698726756469,0.543493714441599,-0.0135698726756467,0.0135698726756467,0.0300714245521391
1598,788,24,7,12,2,SEG_MID,T100,100,1,0.456841860465116,0.288602325581395,0.581209236059034,0.610008954333726,0.0287997182746919,1.9599906091564,0.00498438497434266,-0.0238153333003492,0.0238153333003492,0.586193621033377,-0.0238153333003495,0.0238153333003495,0.0287997182746921
1599,789,24,8,11,2,SEG_MID,T100,100,1,0.456490697674419,0.304381395348837,0.629805105377412,0.657464967365373,0.0276598619879611,1.9219953995987,-0.00753401478604201,-0.0351938767740031,0.0351938767740031,0.62227109059137,-0.035193876774003,0.035193876774003,0.027659861987961
1600,790,24,9,10,2,SEG_MID,T100,100,1,0.456139534883721,0.320160465116279,0.673610891622256,0.700243252681708,0.0266323610594513,1.88774536864838,-0.0209495382770766,-0.0475818993365279,0.0475818993365279,0.652661353345179,-0.0475818993365287,0.0475818993365287,0.026632361059452
1601,791,24,10,9,2,SEG_MID,T100,100,1,0.455788372093023,0.335939534883721,0.674033077573259,0.605005891805081,-0.0690271857681776,3.30090619227259,-0.0322980950901696,0.036729090678008,0.036729090678008,0.641734982483089,0.0367290906780084,0.0367290906780084,0.069027185768178
1602,792,24,11,8,2,SEG_MID,T100,100,1,0.455437209302326,0.351718604651163,0.572261412218145,0.514621089005873,-0.0576403232122719,2.92134410707573,-0.035473324942282,0.0221669982699899,0.0221669982699899,0.536788087275863,0.0221669982699899,0.0221669982699899,0.057640323212272
1603,793,24,12,7,2,SEG_MID,T100,100,1,0.455086046511628,0.367497674418605,0.479229188333117,0.43199790326474,-0.047231285068377,2.5743761689459,-0.0378077374173209,0.00942354765105606,0.00942354765105606,0.441421450915796,0.00942354765105602,0.00942354765105602,0.047231285068377
1604,794,24,13,6,2,SEG_MID,T100,100,1,0.45473488372093,0.383276744186046,0.393857027175974,0.356177723612517,-0.0376793035634563,2.25597678544854,-0.0394435896081552,-0.00176428604469887,0.00176428604469887,0.354413437567819,-0.00176428604469814,0.00176428604469814,0.037679303563457
1605,795,24,14,5,2,SEG_MID,T100,100,1,0.454383720930233,0.399055813953488,0.315236268905308,0.286353556862148,-0.0288827120431606,1.96275706810535,-0.0405002797789013,-0.0116175677357407,0.0116175677357407,0.274735989126407,-0.0116175677357412,0.0116175677357412,0.02888271204316
1606,804,25,3,15,2,SEG_MID,T100,100,1,0.471046511627907,0.231725581395349,0.310228410505424,0.347493724945059,0.0372653144396351,2.24217714798784,0.0446919219654622,0.00742660752582711,0.00742660752582711,0.354920332470886,0.00742660752582719,0.00742660752582719,0.037265314439635
1607,805,25,4,14,2,SEG_MID,T100,100,1,0.470695348837209,0.247504651162791,0.387267382394586,0.422591196836931,0.0353238144423449,2.1774604814115,0.0362048328817295,0.000881018439384644,0.000881018439384644,0.423472215276316,0.00088101843938454,0.00088101843938454,0.035323814442345
1608,806,25,5,13,2,SEG_MID,T100,100,1,0.470344186046512,0.263283720930233,0.455072184332366,0.488687213992797,0.0336150296604313,2.12050098868104,0.0262684960444007,-0.00734653361603064,0.00734653361603064,0.481340680376767,-0.00734653361603033,0.00734653361603033,0.033615029660431
1609,807,25,6,12,2,SEG_MID,T100,100,1,0.469993023255814,0.279062790697674,0.515209201556397,0.547308686345001,0.0320994847886039,2.0699828262868,0.0150775060150018,-0.0170219787736021,0.0170219787736021,0.530286707571399,-0.0170219787736021,0.0170219787736021,0.0320994847886039
1610,808,25,7,11,2,SEG_MID,T100,100,1,0.469641860465116,0.294841860465116,0.568909505968435,0.599655660899256,0.0307461549308214,2.02487183102738,0.00278515137975801,-0.0279610035510634,0.0279610035510634,0.571694657348193,-0.027961003551063,0.027961003551063,0.030746154930821
1611,809,25,8,10,2,SEG_MID,T100,100,1,0.469290697674419,0.310620930232558,0.617154023166031,0.646684342426782,0.0295303192607509,1.98434397535836,-0.0104861783593162,-0.0400164976200671,0.0400164976200671,0.606667844806715,-0.0400164976200672,0.0400164976200672,0.029530319260751
1612,810,25,9,9,2,SEG_MID,T100,100,1,0.468939534883721,0.3264,0.660733996229084,0.621604403001194,-0.0391295932278902,2.30431977426301,-0.0246375811508414,0.0144920120770488,0.0144920120770488,0.636096415078243,0.0144920120770485,0.0144920120770485,0.03912959322789
1613,811,25,10,8,2,SEG_MID,T100,100,1,0.468588372093023,0.342179069767442,0.588215362026275,0.527934366987037,-0.060280995039238,3.00936650130793,-0.0309158398933679,0.0293651551458701,0.0293651551458701,0.557299522132907,0.0293651551458701,0.0293651551458701,0.060280995039238
1614,812,25,11,7,2,SEG_MID,T100,100,1,0.468237209302326,0.357958139534884,0.492000579885607,0.442522425259025,-0.0494781546265824,2.64927182088608,-0.0340420557831809,0.0154360988434015,0.0154360988434015,0.457958524102426,0.0154360988434011,0.0154360988434011,0.049478154626582
1615,813,25,12,6,2,SEG_MID,T100,100,1,0.467886046511628,0.373737209302326,0.40391011463001,0.364322615231867,-0.0395874993981424,2.31958331327141,-0.0364110685587349,0.00317643083940746,0.00317643083940746,0.367499046071275,0.00317643083940805,0.00317643083940805,0.039587499398143
1616,814,25,13,5,2,SEG_MID,T100,100,1,0.46753488372093,0.389516279069767,0.322956632714025,0.292458459576671,-0.030498173137354,2.01660577124513,-0.0381524543833657,-0.00765428124601172,0.00765428124601172,0.284804178330659,-0.0076542812460117,0.0076542812460117,0.030498173137354
1617,823,26,3,14,2,SEG_MID,T100,100,1,0.483846511627907,0.23796511627907,0.302094104857869,0.341549108402092,0.0394550035442228,2.31516678480743,0.045387489731722,0.00593248618749923,0.00593248618749923,0.347481594589591,0.00593248618749898,0.00593248618749898,0.039455003544223
1618,824,26,4,13,2,SEG_MID,T100,100,1,0.483495348837209,0.253744186046512,0.377744530346518,0.415169609403652,0.0374250790571335,2.24750263523778,0.0360105466657689,-0.00141453239136462,0.00141453239136462,0.413755077012287,-0.00141453239136513,0.00141453239136513,0.037425079057134
1619,825,26,5,12,2,SEG_MID,T100,100,1,0.483144186046512,0.269523255813953,0.444537142522419,0.48016997840132,0.035632835878901,2.18776119596337,0.0252336893365275,-0.0103991465423735,0.0103991465423735,0.469770831858946,-0.0103991465423735,0.0103991465423735,0.035632835878901
1620,826,26,6,11,2,SEG_MID,T100,100,1,0.482793023255814,0.285302325581395,0.503941625033933,0.537980463087785,0.0340388380538516,2.13462793512839,0.0132391218981084,-0.0207997161557432,0.0207997161557432,0.517180746932041,-0.0207997161557436,0.0207997161557436,0.034038838053852
1621,827,26,7,10,2,SEG_MID,T100,100,1,0.482441860465116,0.301081395348837,0.55711956888495,0.589731485547429,0.0326119166624791,2.0870638887493,0.000171178775210323,-0.0324407378872688,0.0324407378872688,0.55729074766016,-0.0324407378872688,0.0324407378872688,0.0326119166624791
1622,828,26,8,9,2,SEG_MID,T100,100,1,0.482090697674419,0.316860465116279,0.605001184676824,0.636328296082102,0.0313271114052781,2.0442370468426,-0.0138543232699618,-0.0451814346752399,0.0451814346752399,0.591146861406862,-0.0451814346752398,0.0451814346752398,0.031327111405278
1623,829,26,9,8,2,SEG_MID,T100,100,1,0.481739534883721,0.332639534883721,0.605084376009089,0.542011249208823,-0.0630731268002656,3.10243756000885,-0.0256321101615446,0.037441016638721,0.037441016638721,0.579452265847544,0.0374410166387213,0.0374410166387213,0.063073126800266
1624,830,26,10,7,2,SEG_MID,T100,100,1,0.481388372093023,0.348418604651163,0.505471320632442,0.453623260018236,-0.0518480606142066,2.72826868714022,-0.0295764925506132,0.0222715680635934,0.0222715680635934,0.475894828081829,0.0222715680635929,0.0222715680635929,0.051848060614206
1625,831,26,11,6,2,SEG_MID,T100,100,1,0.481037209302326,0.364197674418605,0.414489848931037,0.372894189848856,-0.0415956590821803,2.38652196940601,-0.0326996200758527,0.00889603900632756,0.00889603900632756,0.381790228855184,0.00889603900632829,0.00889603900632829,0.041595659082181
1626,832,26,12,5,2,SEG_MID,T100,100,1,0.480686046511628,0.379976744186046,0.331064644877517,0.298869896484658,-0.0321947483928595,2.07315827976198,-0.0351424444800003,-0.00294769608714076,0.00294769608714076,0.295922200397517,-0.00294769608714124,0.00294769608714124,0.032194748392859
1627,833,26,13,4,2,SEG_MID,T100,100,1,0.48033488372093,0.395755813953488,0.254291886947143,0.230748407063178,-0.0235434798839652,1.78478266279884,-0.0370230891169777,-0.0134796092330125,0.0134796092330125,0.217268797830165,-0.0134796092330127,0.0134796092330127,0.023543479883965
1628,841,27,3,13,2,SEG_MID,T100,100,1,0.496646511627907,0.244204651162791,0.294375469293592,0.3359082669274,0.0415327976338087,2.38442658779362,0.045654096639986,0.00412129900617733,0.00412129900617733,0.340029565933578,0.00412129900617803,0.00412129900617803,0.041532797633808
1629,842,27,4,12,2,SEG_MID,T100,100,1,0.496295348837209,0.259983720930233,0.368678769745052,0.408104253918411,0.0394254841733589,2.31418280577863,0.035393237548079,-0.00403224662527989,0.00403224662527989,0.404072007293131,-0.00403224662528001,0.00403224662528001,0.039425484173359
1630,843,27,5,11,2,SEG_MID,T100,100,1,0.495944186046512,0.275762790697674,0.434478842050261,0.472038172536975,0.0375593304867143,2.25197768289048,0.0237788831742961,-0.0137804473124182,0.0137804473124182,0.458257725224557,-0.0137804473124179,0.0137804473124179,0.037559330486714
1631,844,27,6,10,2,SEG_MID,T100,100,1,0.495593023255814,0.291541860465116,0.493156342454814,0.529051522282315,0.0358951798275006,2.19650599425002,0.0109818491016065,-0.0249133307258941,0.0249133307258941,0.50413819155642,-0.0249133307258945,0.0249133307258945,0.035895179827501
1632,845,27,7,9,2,SEG_MID,T100,100,1,0.495241860465116,0.307320930232558,0.545808373836078,0.580210291133172,0.0344019172970933,2.14673057656978,-0.0028618268319542,-0.0372637441290475,0.0372637441290475,0.542946547004124,-0.0372637441290482,0.0372637441290482,0.034401917297094
1633,846,27,8,8,2,SEG_MID,T100,100,1,0.494890697674419,0.3231,0.593317724458676,0.556919371969197,-0.0363983524894791,2.21327841631597,-0.0176424629411657,0.0187558895483134,0.0187558895483134,0.57567526151751,0.0187558895483133,0.0187558895483133,0.036398352489479
1634,847,27,9,7,2,SEG_MID,T100,100,1,0.494539534883721,0.338879069767442,0.519700471164527,0.465349077609798,-0.054351393554729,2.81171311849097,-0.0244039639529494,0.0299474296017796,0.0299474296017796,0.495296507211578,0.0299474296017796,0.0299474296017796,0.054351393554729
1635,848,27,10,6,2,SEG_MID,T100,100,1,0.494188372093023,0.354658139534884,0.425638727053533,0.38192687800563,-0.0437118490479037,2.45706163493012,-0.0283041787933125,0.0154076702545912,0.0154076702545912,0.39733454826022,0.0154076702545904,0.0154076702545904,0.043711849047903
1636,849,27,11,5,2,SEG_MID,T100,100,1,0.493837209302326,0.370437209302326,0.339590253669689,0.305611549280803,-0.0339787043888861,2.13262347962954,-0.0314667018301564,0.00251200255872966,0.00251200255872966,0.308123551839533,0.00251200255872958,0.00251200255872958,0.033978704388886
1637,850,27,12,4,2,SEG_MID,T100,100,1,0.493486046511628,0.386216279069767,0.260572891808,0.235532026561745,-0.0250408652462552,1.83469550820851,-0.0340197287765169,-0.00897886353026173,0.00897886353026173,0.226553163031483,-0.00897886353026195,0.00897886353026195,0.025040865246255
1638,858,28,3,12,2,SEG_MID,T100,100,1,0.509446511627907,0.250444186046512,0.287041435956407,0.330548495879701,0.0435070599232933,2.45023533077644,0.0454875495568493,0.00198048963355604,0.00198048963355604,0.332528985513256,0.0019804896335554,0.0019804896335554,0.043507059923294
1639,859,28,4,11,2,SEG_MID,T100,100,1,0.509095348837209,0.266223255813954,0.360037961722183,0.401370083114097,0.0413321213919138,2.37773737973046,0.0343485399122522,-0.00698358147966159,0.00698358147966159,0.394386501634435,-0.00698358147966177,0.00698358147966177,0.041332121391914
1640,860,28,5,10,2,SEG_MID,T100,100,1,0.508744186046512,0.282002325581395,0.424865638025712,0.464266212544494,0.0394005745187822,2.31335248395941,0.0218997527497317,-0.0175008217690505,0.0175008217690505,0.446765390775444,-0.0175008217690503,0.0175008217690503,0.039400574518782
1641,861,28,6,9,2,SEG_MID,T100,100,1,0.508393023255814,0.297781395348837,0.482823036714641,0.520496764944991,0.0376737282303498,2.25579094101166,0.00830152006285646,-0.0293722081674933,0.0293722081674933,0.491124556777497,-0.0293722081674935,0.0293722081674935,0.03767372823035
1642,862,28,7,8,2,SEG_MID,T100,100,1,0.508041860465116,0.313560465116279,0.534947341380618,0.571068020922004,0.0361206795413864,2.20402265137955,-0.00631781619466315,-0.0424384957360495,0.0424384957360495,0.528629525185955,-0.0424384957360493,0.0424384957360493,0.0361206795413861
1643,863,28,8,7,2,SEG_MID,T100,100,1,0.507690697674419,0.329339534883721,0.534753934987236,0.477754187142391,-0.0569997478448451,2.89999159482817,-0.0185165614518333,0.0384831863930118,0.0384831863930118,0.516237373535403,0.0384831863930117,0.0384831863930117,0.056999747844845
1644,864,28,9,6,2,SEG_MID,T100,100,1,0.507339534883721,0.345118604651163,0.437403944662401,0.391458917067304,-0.0459450275950974,2.53150091983658,-0.0232191170289243,0.0227259105661731,0.0227259105661731,0.414184827633477,0.0227259105661727,0.0227259105661727,0.045945027595097
1645,865,28,10,5,2,SEG_MID,T100,100,1,0.506988372093023,0.360897674418605,0.348566573830999,0.312709603553497,-0.0358569702775023,2.19523234258341,-0.0271213018207709,0.00873566845673143,0.00873566845673143,0.321445272010228,0.00873566845673113,0.00873566845673113,0.035856970277502
1646,866,28,11,4,2,SEG_MID,T100,100,1,0.506637209302326,0.376676744186047,0.267172036112822,0.240557941374697,-0.0266140947381255,1.88713649127085,-0.0303625709823959,-0.00374847624427041,0.00374847624427041,0.236809465130426,-0.00374847624427094,0.00374847624427094,0.026614094738125
1647,874,29,3,11,2,SEG_MID,T100,100,1,0.522246511627907,0.256683720930233,0.280063957812361,0.325449298259095,0.0453853404467339,2.5128446815578,0.0448840639912954,-0.000501276455438467,0.000501276455438467,0.324948021803656,-0.000501276455438571,0.000501276455438571,0.045385340446734
1648,875,29,4,10,2,SEG_MID,T100,100,1,0.521895348837209,0.272462790697674,0.351792911394844,0.394944344103635,0.0431514327087904,2.43838109029301,0.0328724891811453,-0.0102789435276451,0.0102789435276451,0.384665400575989,-0.0102789435276457,0.0102789435276457,0.043151432708791
1649,876,29,5,9,2,SEG_MID,T100,100,1,0.521544186046512,0.288241860465116,0.415668625610242,0.456830729810449,0.041162104200207,2.3720701400069,0.0195923489828388,-0.0215697552173682,0.0215697552173682,0.435260974593081,-0.0215697552173682,0.0215697552173682,0.041162104200207
1650,877,29,6,8,2,SEG_MID,T100,100,1,0.521193023255814,0.304020930232558,0.472913879545953,0.512293152555399,0.0393792730094455,2.31264243364818,0.00519431064457847,-0.034184962364867,0.034184962364867,0.478108190190531,-0.0341849623648675,0.0341849623648675,0.039379273009446
1651,878,29,7,7,2,SEG_MID,T100,100,1,0.520841860465116,0.3198,0.524510122501637,0.490899377820217,-0.0336107446814202,2.12035815604734,-0.0102004304496303,0.0234103142317899,0.0234103142317899,0.514309692052007,0.0234103142317896,0.0234103142317896,0.03361074468142
1652,879,29,8,6,2,SEG_MID,T100,100,1,0.520490697674419,0.335579069767442,0.449838063963333,0.401532892306373,-0.0483051716569598,2.61017238856533,-0.0174381645287867,0.0308670071281731,0.0308670071281731,0.432399899434546,0.0308670071281733,0.0308670071281733,0.04830517165696
1653,880,29,9,5,2,SEG_MID,T100,100,1,0.520139534883721,0.351358139534884,0.358030316423562,0.32019308869414,-0.0378372277294226,2.26124092431409,-0.0221018922012708,0.0157353355281518,0.0157353355281518,0.335928424222291,0.0157353355281512,0.0157353355281512,0.037837227729422
1654,881,29,10,4,2,SEG_MID,T100,100,1,0.519788372093023,0.367137209302326,0.274114119055863,0.245845038592842,-0.0282690804630204,1.94230268210068,-0.0260486931922707,0.00222038727074966,0.00222038727074966,0.248065425863592,0.00222038727075027,0.00222038727075027,0.028269080463021
1655,889,30,3,10,2,SEG_MID,T100,100,1,0.535046511627907,0.262923255813953,0.273417650208138,0.320592122755051,0.0471744725469125,2.57248241823042,0.0438402154985547,-0.0033342570483578,0.0033342570483578,0.317257865706693,-0.00333425704835827,0.00333425704835827,0.047174472546913
1656,890,30,4,9,2,SEG_MID,T100,100,1,0.534695348837209,0.278702325581395,0.343917038318024,0.388806321549258,0.0448892832312346,2.49630944104115,0.0309614768001638,-0.0139278064310708,0.0139278064310708,0.374878515118188,-0.0139278064310702,0.0139278064310702,0.044889283231234
1657,891,30,5,8,2,SEG_MID,T100,100,1,0.534344186046512,0.294481395348837,0.406861349732962,0.449710336278161,0.0428489865451991,2.42829955150664,0.0168530585865716,-0.0259959279586275,0.0259959279586275,0.423714408319534,-0.0259959279586274,0.0259959279586274,0.042848986545199
1658,892,30,6,7,2,SEG_MID,T100,100,1,0.533993023255814,0.310260465116279,0.46340328125778,0.5044194998702,0.0410162186124204,2.36720728708068,0.00165670547468671,-0.0393595131377337,0.0393595131377337,0.465059986732467,-0.0393595131377332,0.0393595131377332,0.0410162186124199
1659,893,30,7,6,2,SEG_MID,T100,100,1,0.533641860465116,0.326039534883721,0.462999798796301,0.412196372976096,-0.0508034258202048,2.69344752734016,-0.0109543140626867,0.0398491117575181,0.0398491117575181,0.452045484733614,0.0398491117575183,0.0398491117575183,0.050803425820205
1660,894,30,8,5,2,SEG_MID,T100,100,1,0.533290697674419,0.341818604651163,0.368022290665098,0.328094274723965,-0.0399280159411334,2.33093386470445,-0.016403633207355,0.0235243827337784,0.0235243827337784,0.351618657457743,0.023524382733778,0.023524382733778,0.039928015941133
1661,895,30,9,4,2,SEG_MID,T100,100,1,0.532939534883721,0.357597674418605,0.281426586076531,0.251414220689913,-0.0300123653866183,2.00041217955394,-0.0210748601886073,0.00893750519801097,0.00893750519801097,0.260351725887924,0.00893750519801068,0.00893750519801068,0.030012365386618
1662,903,31,3,9,2,SEG_MID,T100,100,1,0.547846511627907,0.269162790697674,0.267079482284271,0.315960138228669,0.0488806559443985,2.62935519814662,0.0423528978577375,-0.006527758086661,0.006527758086661,0.309432380142008,-0.00652775808666051,0.00652775808666051,0.048880655944398
1663,904,31,4,8,2,SEG_MID,T100,100,1,0.547495348837209,0.284941860465116,0.336386090235532,0.382937114575594,0.0465510243400614,2.55170081133538,0.028612211151129,-0.0179388131889324,0.0179388131889324,0.364998301386661,-0.017938813188933,0.017938813188933,0.046551024340062
1664,905,31,5,7,2,SEG_MID,T100,100,1,0.547144186046512,0.300720930232558,0.398419550944519,0.442885418978912,0.0444658680343927,2.48219560114642,0.0136785691192272,-0.0307872989151655,0.0307872989151655,0.412098120063746,-0.0307872989151659,0.0307872989151659,0.044465868034393
1665,906,31,6,6,2,SEG_MID,T100,100,1,0.546793023255814,0.3165,0.454267670077247,0.423502663414102,-0.0307650066631453,2.02550022210484,-0.00231453259929619,0.0284504740638491,0.0284504740638491,0.451953137477951,0.0284504740638488,0.0284504740638488,0.030765006663145
1666,907,31,7,5,2,SEG_MID,T100,100,1,0.546441860465116,0.332279069767442,0.378587992207009,0.336449137476835,-0.0421388547301741,2.4046284910058,-0.0100211273346921,0.032117727395482,0.032117727395482,0.368566864872317,0.0321177273954819,0.0321177273954819,0.042138854730174
1667,908,31,8,4,2,SEG_MID,T100,100,1,0.546090697674419,0.348058139534884,0.289139891499215,0.257288681709406,-0.0318512097898088,2.06170699299363,-0.0154374811144424,0.0164137286753664,0.0164137286753664,0.273702410384773,0.0164137286753666,0.0164137286753666,0.031851209789809
1668,916,32,3,8,2,SEG_MID,T100,100,1,0.560646511627907,0.275402325581395,0.261028510336518,0.311538038851022,0.050509528514504,2.68365095048347,0.0404192869467091,-0.0100902415677949,0.0100902415677949,0.301447797283227,-0.0100902415677949,0.0100902415677949,0.050509528514504
1669,917,32,4,7,2,SEG_MID,T100,100,1,0.560295348837209,0.291181395348837,0.329177893633862,0.377319442365049,0.0481415487311866,2.60471829103955,0.0258216835047765,-0.0223198652264101,0.0223198652264101,0.354999577138639,-0.0223198652264104,0.0223198652264104,0.048141548731187
1670,918,32,5,6,2,SEG_MID,T100,100,1,0.559944186046512,0.306960465116279,0.390320942266906,0.435511694200106,0.0451907519331993,2.50635839777331,0.0100658383124004,-0.0351249136207989,0.0351249136207989,0.400386780579306,-0.0351249136207996,0.0351249136207996,0.0451907519332
1671,919,32,6,5,2,SEG_MID,T100,100,1,0.559593023255814,0.322739534883721,0.38977829574239,0.345297906281273,-0.044480389461117,2.4826796487039,-0.00294833661336017,0.0415320528477568,0.0415320528477568,0.38682995912903,0.0415320528477568,0.0415320528477568,0.044480389461117
1672,920,32,7,4,2,SEG_MID,T100,100,1,0.559241860465116,0.338518604651163,0.29728792248875,0.263494230149493,-0.0337936923392574,2.12645641130858,-0.00913255922462972,0.0246611331146277,0.0246611331146277,0.28815536326412,0.0246611331146273,0.0246611331146273,0.033793692339257
1673,928,33,3,7,2,SEG_MID,T100,100,1,0.573446511627907,0.281641860465116,0.255245646620163,0.307311875143453,0.05206622852329,2.73554095077633,0.0380368094288457,-0.0140294190944443,0.0140294190944443,0.293282456049009,-0.0140294190944443,0.0140294190944443,0.05206622852329
1674,929,33,4,6,2,SEG_MID,T100,100,1,0.573095348837209,0.297420930232558,0.322272135694526,0.371937474223452,0.0496653385289259,2.65551128429753,0.0225871382700556,-0.0270782002588703,0.0270782002588703,0.344859273964582,-0.0270782002588704,0.0270782002588704,0.049665338528926
1675,930,33,5,5,2,SEG_MID,T100,100,1,0.572744186046512,0.3132,0.382545012716711,0.354685711731229,-0.0278593009854821,1.92864336618274,0.00601206707643992,0.033871368061922,0.033871368061922,0.388557079793151,0.0338713680619219,0.0338713680619219,0.027859300985482
1676,931,33,6,4,2,SEG_MID,T100,100,1,0.572393023255814,0.328979069767442,0.305908496767519,0.270059668024848,-0.0358488287426708,2.19496095808903,-0.00215563286975228,0.0336931958729185,0.0336931958729185,0.303752863897767,0.0336931958729187,0.0336931958729187,0.035848828742671
1677,940,34,4,5,2,SEG_MID,T100,100,1,0.585895348837209,0.303660465116279,0.315650173128713,0.364663355555681,0.0490131824269672,2.63377274756557,0.0189060469206212,-0.030107135506346,0.030107135506346,0.334556220049334,-0.0301071355063468,0.0301071355063468,0.049013182426968
1678,941,34,5,4,2,SEG_MID,T100,100,1,0.585544186046512,0.319439534883721,0.315043949513537,0.277017237848816,-0.0380267116647217,2.26755705549072,0.00549829412540364,0.0435250057901253,0.0435250057901253,0.320542243638941,0.0435250057901246,0.0435250057901246,0.038026711664721
1679,950,35,4,4,2,SEG_MID,T100,100,1,0.598695348837209,0.3099,0.309294864105515,0.284403152171277,-0.0248917119342381,1.82972373114127,0.0147760850789785,0.0396677970132166,0.0396677970132166,0.324070949184494,0.0396677970132165,0.0396677970132165,0.024891711934238
1680,255,6,5,32,3,SEG_HIGH,T60,60,0.491094147582697,0.227144186046512,0.144732558139535,0.827824088256379,0.810131787707934,-0.0176923005484455,1.58974335161485,-0.0225920915496746,-0.00489979100122912,0.00489979100122912,0.805231996706704,-0.00489979100122961,0.00489979100122961,0.017692300548445
1681,256,6,6,31,3,SEG_HIGH,T60,60,0.491094147582697,0.226793023255814,0.160511627906977,0.849894528511844,0.851495061161851,0.00160053265000704,1.05335108833357,-0.0191942447392524,-0.0207947773892595,0.0207947773892595,0.830700283772592,-0.0207947773892595,0.0207947773892595,0.00160053265000704
1682,294,7,6,30,3,SEG_HIGH,T60,60,0.491094147582697,0.239593023255814,0.166751162790698,0.862217181417276,0.849526480719918,-0.0126907006973576,1.42302335657859,-0.0140914883944209,-0.00140078769706328,0.00140078769706328,0.848125693022855,-0.00140078769706287,0.00140078769706287,0.012690700697358
1683,295,7,7,29,3,SEG_HIGH,T60,60,0.491094147582697,0.239241860465116,0.18253023255814,0.914646575333411,0.907623472359388,-0.0070231029740232,1.23410343246744,-0.0120755283080987,-0.00505242533407554,0.00505242533407554,0.902571047025312,-0.00505242533407579,0.00505242533407579,0.00702310297402298
1684,296,7,8,28,3,SEG_HIGH,T60,60,0.491094147582697,0.238890697674419,0.198309302325581,0.830929565003302,0.82774562218921,-0.00318394281409184,1.10613142713639,-0.00595965038100869,-0.00277570756691685,0.00277570756691685,0.824969914622293,-0.0027757075669167,0.0027757075669167,0.00318394281409196
1685,331,8,6,29,3,SEG_HIGH,T60,60,0.491094147582697,0.252393023255814,0.172990697674419,0.831118201800916,0.821185288019708,-0.00993291378120831,1.33109712604028,-0.00946262074411389,0.000470293037094418,0.000470293037094418,0.821655581056802,0.000470293037094116,0.000470293037094116,0.00993291378120797
1686,332,8,7,28,3,SEG_HIGH,T60,60,0.491094147582697,0.252041860465116,0.18876976744186,0.888586871982482,0.879730971481407,-0.00885590050107488,1.29519668336916,-0.00699572707833918,0.0018601734227357,0.0018601734227357,0.881591144904143,0.00186017342273581,0.00186017342273581,0.00885590050107499
1687,333,8,8,27,3,SEG_HIGH,T60,60,0.491094147582697,0.251690697674419,0.204548837209302,0.937189178819151,0.929244128173185,-0.00794505064596585,1.2648350215322,-0.00560399634353129,0.00234105430243456,0.00234105430243456,0.93158518247562,0.0023410543024347,0.0023410543024347,0.00794505064596596
1688,334,8,9,26,3,SEG_HIGH,T60,60,0.491094147582697,0.251339534883721,0.220327906976744,0.870823866123934,0.871975408081686,0.00115154195775224,1.03838473192507,-0.00322080102198221,-0.00437234297973445,0.00437234297973445,0.867603065101952,-0.00437234297973421,0.00437234297973421,0.00115154195775202
1689,335,8,10,25,3,SEG_HIGH,T60,60,0.491094147582697,0.250988372093023,0.236106976744186,0.812626557733464,0.810951865098776,-0.00167469263468756,1.05582308782292,0.00673763495905671,0.00841232759374427,0.00841232759374427,0.819364192692521,0.00841232759374466,0.00841232759374466,0.001674692634688
1690,367,9,6,28,3,SEG_HIGH,T60,60,0.491094147582697,0.265193023255814,0.17923023255814,0.802184517239914,0.794817376924673,-0.00736714031524077,1.24557134384136,-0.00598246694088589,0.00138467337435488,0.00138467337435488,0.796202050299028,0.00138467337435511,0.00138467337435511,0.00736714031524099
1691,368,9,7,27,3,SEG_HIGH,T60,60,0.491094147582697,0.264841860465116,0.195009302325581,0.860155567840414,0.853623372453204,-0.00653219538720962,1.21773984624032,-0.00309097563466841,0.00344121975254121,0.00344121975254121,0.857064592205746,0.00344121975254164,0.00344121975254164,0.00653219538721006
1692,369,9,8,26,3,SEG_HIGH,T60,60,0.491094147582697,0.264490697674419,0.210788372093023,0.90944749403918,0.903625239964853,-0.00582225407432657,1.19407513581089,-0.00164888470815572,0.00417336936617085,0.00417336936617085,0.907798609331024,0.0041733693661713,0.0041733693661713,0.00582225407432702
1693,370,9,9,25,3,SEG_HIGH,T60,60,0.491094147582697,0.264139534883721,0.226567441860465,0.951873643442523,0.946662444332584,-0.00521119910993895,1.17370663699796,-0.00101563968302187,0.00419555942691708,0.00419555942691708,0.950858003759501,0.00419555942691718,0.00419555942691718,0.00521119910993906
1694,371,9,10,24,3,SEG_HIGH,T60,60,0.491094147582697,0.263788372093023,0.242346511627907,0.8906674508728,0.890418190128395,-0.000249260744405122,1.00830869148017,-0.00110036252808142,-0.000851101783676298,0.000851101783676298,0.889567088344719,-0.000851101783676422,0.000851101783676422,0.000249260744405011
1695,372,9,11,23,3,SEG_HIGH,T60,60,0.491094147582697,0.263437209302326,0.258125581395349,0.836221456907613,0.833472675045869,-0.00274878186174365,1.09162606205812,0.00609472887395241,0.00884351073569606,0.00884351073569606,0.842316185781565,0.00884351073569645,0.00884351073569645,0.00274878186174399
1696,403,10,7,26,3,SEG_HIGH,T60,60,0.491094147582697,0.277641860465116,0.201248837209302,0.833487236507969,0.829134657559941,-0.0043525789480271,1.14508596493424,-0.000119781450920173,0.00423279749710693,0.00423279749710693,0.833367455057049,0.00423279749710781,0.00423279749710781,0.00435257894802799
1697,404,10,8,25,3,SEG_HIGH,T60,60,0.491094147582697,0.277290697674419,0.217027906976744,0.883300951675031,0.879479433710679,-0.00382151796435137,1.12738393214505,0.00137375910441907,0.00519527706877044,0.00519527706877044,0.88467471077945,0.00519527706877099,0.00519527706877099,0.00382151796435193
1698,405,10,9,24,3,SEG_HIGH,T60,60,0.491094147582697,0.276939534883721,0.232806976744186,0.926362170864619,0.922999725935563,-0.00336244492905602,1.1120814976352,0.00175671545261324,0.00511916038166926,0.00511916038166926,0.928118886317232,0.00511916038166926,0.00511916038166926,0.00336244492905602
1699,406,10,10,23,3,SEG_HIGH,T60,60,0.491094147582697,0.276588372093023,0.248586046511628,0.963956743865505,0.960995092389653,-0.00296165147585226,1.09872171586174,0.00157970077032402,0.00454135224617628,0.00454135224617628,0.965536444635829,0.00454135224617602,0.00454135224617602,0.00296165147585203
1700,407,10,11,22,3,SEG_HIGH,T60,60,0.491094147582697,0.276237209302326,0.26436511627907,0.907205546201602,0.905788824591717,-0.00141672160988471,1.04722405366282,-0.00065368398269525,0.00076303762718946,0.00076303762718946,0.906551862218907,0.000763037627189767,0.000763037627189767,0.00141672160988504
1701,408,10,12,21,3,SEG_HIGH,T60,60,0.491094147582697,0.275886046511628,0.280144186046512,0.856107360624591,0.852453330777042,-0.00365402984754948,1.12180099491832,0.00410799948072745,0.00776202932827693,0.00776202932827693,0.860215360105319,0.00776202932827652,0.00776202932827652,0.00365402984754903
1702,437,11,7,25,3,SEG_HIGH,T60,60,0.491094147582697,0.290441860465116,0.207488372093023,0.808422831043377,0.806118778848221,-0.00230405219515517,1.07680173983851,0.00211145738612385,0.00441550958127902,0.00441550958127902,0.810534288429501,0.00441550958127979,0.00441550958127979,0.00230405219515595
1703,438,11,8,24,3,SEG_HIGH,T60,60,0.491094147582697,0.290090697674419,0.223267441860465,0.858615815970181,0.85668320712798,-0.00193260884220148,1.06442029474005,0.00364441654037023,0.00557702538257171,0.00557702538257171,0.862260232510551,0.00557702538257121,0.00557702538257121,0.00193260884220103
1704,439,11,9,23,3,SEG_HIGH,T60,60,0.491094147582697,0.289739534883721,0.239046511627907,0.90218248700014,0.900572284772887,-0.00161020222725305,1.0536734075751,0.00378002032034982,0.00539022254760287,0.00539022254760287,0.90596250732049,0.00539022254760291,0.00539022254760291,0.00161020222725305
1705,440,11,10,22,3,SEG_HIGH,T60,60,0.491094147582697,0.289388372093023,0.254825581395349,0.940353769247288,0.939026046117165,-0.00132772313012242,1.04425743767075,0.00310642198570001,0.00443414511582243,0.00443414511582243,0.943460191232988,0.00443414511582296,0.00443414511582296,0.00132772313012297
1706,441,11,11,21,3,SEG_HIGH,T60,60,0.491094147582697,0.289037209302326,0.270604651162791,0.974073484804045,0.972995297823752,-0.00107818698029338,1.03593956600978,0.00209650196221385,0.00317468894250723,0.00317468894250723,0.976169986766259,0.00317468894250683,0.00317468894250683,0.00107818698029294
1707,442,11,12,20,3,SEG_HIGH,T60,60,0.491094147582697,0.288686046511628,0.286383720930233,0.921200579504775,0.918795917423651,-0.002404662081124,1.08015540270413,-0.00204356337124228,0.000361098709881723,0.000361098709881723,0.919157016133533,0.000361098709881769,0.000361098709881769,0.002404662081124
1708,443,11,13,19,3,SEG_HIGH,T60,60,0.491094147582697,0.28833488372093,0.302162790697674,0.856376532141709,0.854519360121445,-0.0018571720202637,1.06190573400879,0.000953609512648858,0.00281078153291256,0.00281078153291256,0.857330141654358,0.00281078153291281,0.00281078153291281,0.00185717202026392
1709,471,12,8,23,3,SEG_HIGH,T60,60,0.491094147582697,0.302890697674419,0.229506976744186,0.835272894497986,0.835126488406851,-0.000146406091134477,1.00488020303782,0.00532564455667262,0.0054720506478071,0.0054720506478071,0.840598539054659,0.00547205064780765,0.00547205064780765,0.000146406091135032
1710,472,12,9,22,3,SEG_HIGH,T60,60,0.491094147582697,0.302539534883721,0.245286046511628,0.879232958565172,0.879285852676786,5.28941116145765e-05,1.00176313705382,0.00520668235869751,0.00515378824708293,0.00515378824708293,0.88443964092387,0.00515378824708346,0.00515378824708346,5.28941116140214e-05
1711,473,12,10,21,3,SEG_HIGH,T60,60,0.491094147582697,0.302188372093023,0.26106511627907,0.917879031029161,0.918107133485917,0.000228102456756307,1.00760341522521,0.0040404938484289,0.00381239139167259,0.00381239139167259,0.92191952487759,0.00381239139167289,0.00381239139167289,0.000228102456755974
1712,474,12,11,20,3,SEG_HIGH,T60,60,0.491094147582697,0.301837209302326,0.276844186046512,0.952119744057178,0.9525030824353,0.000383338378121545,1.01277794593738,0.00232826781109062,0.00194492943296908,0.00194492943296908,0.954448011868269,0.00194492943296865,0.00194492943296865,0.000383338378121989
1713,475,12,12,19,3,SEG_HIGH,T60,60,0.491094147582697,0.301486046511628,0.292623255813953,0.982667745798438,0.982309290223217,-0.000358455575221184,1.01194851917404,0.000477810622875441,0.000836266198096625,0.000836266198096625,0.983145556421313,0.000836266198096403,0.000836266198096403,0.000358455575220962
1714,476,12,13,18,3,SEG_HIGH,T60,60,0.491094147582697,0.30113488372093,0.308402325581395,0.919724500050577,0.919672536600272,-5.19634503047817e-05,1.00173211501016,-0.00594778912916044,-0.00589582567885566,0.00589582567885566,0.913776710921417,-0.00589582567885549,0.00589582567885549,5.19634503050037e-05
1715,477,12,14,17,3,SEG_HIGH,T60,60,0.491094147582697,0.300783720930233,0.324181395348837,0.84376898869486,0.842046853135175,-0.00172213555968492,1.05740451865616,-0.00430480018116955,-0.00258266462148463,0.00258266462148463,0.83946418851369,-0.0025826646214846,0.0025826646214846,0.00172213555968492
1716,503,13,8,22,3,SEG_HIGH,T60,60,0.491094147582697,0.315690697674419,0.235746511627907,0.813165613560261,0.814710858879453,0.00154524531919187,1.0515081773064,0.00656422836009551,0.00501898304090364,0.00501898304090364,0.819729841920356,0.00501898304090342,0.00501898304090342,0.00154524531919209
1717,504,13,9,21,3,SEG_HIGH,T60,60,0.491094147582697,0.315339534883721,0.251525581395349,0.857422037045974,0.859055515430974,0.0016334783849995,1.05444927949998,0.00617519778080313,0.00454171939580363,0.00454171939580363,0.863597234826777,0.00454171939580306,0.00454171939580306,0.00163347838500005
1718,505,13,10,20,3,SEG_HIGH,T60,60,0.491094147582697,0.314988372093023,0.267304651162791,0.896453521939704,0.898164816544451,0.00171129460474684,1.05704315349156,0.00451238285531449,0.00280108825056765,0.00280108825056765,0.900965904795018,0.00280108825056746,0.00280108825056746,0.00171129460474706
1719,506,13,11,19,3,SEG_HIGH,T60,60,0.491094147582697,0.314637209302326,0.283083720930233,0.931133781540498,0.932914217422072,0.00178043588157328,1.05934786271911,0.00210242326117618,0.0003219873796029,0.0003219873796029,0.933236204801674,0.000321987379602096,0.000321987379602096,0.00178043588157406
1720,507,13,12,18,3,SEG_HIGH,T60,60,0.491094147582697,0.314286046511628,0.298862790697674,0.96215201125449,0.963994287503812,0.00184227624932187,1.06140920831073,-0.000624872452730704,-0.00246714870205257,0.00246714870205257,0.961527138801759,-0.00246714870205267,0.00246714870205267,0.00184227624932198
1721,508,13,13,17,3,SEG_HIGH,T60,60,0.491094147582697,0.31393488372093,0.314641860465116,0.970018154993678,0.971435803707311,0.00141764871363348,1.04725495712112,-0.00544614597626543,-0.00686379468989891,0.00686379468989891,0.964572009017413,-0.00686379468989839,0.00686379468989839,0.00141764871363292
1722,509,13,14,16,3,SEG_HIGH,T60,60,0.491094147582697,0.313583720930233,0.330420930232558,0.896603022733733,0.897171242540216,0.000568219806482806,1.01894066021609,-0.0132875409563899,-0.0138557607628727,0.0138557607628727,0.883315481777343,-0.0138557607628728,0.0138557607628728,0.000568219806482917
1723,510,13,15,15,3,SEG_HIGH,T60,60,0.491094147582697,0.313232558139535,0.3462,0.836622221976914,0.832484388108977,-0.00413783386793787,1.13792779559793,-0.0121992204406989,-0.00806138657276108,0.00806138657276108,0.824423001536215,-0.0080613865727619,0.0080613865727619,0.00413783386793709
1724,535,14,9,20,3,SEG_HIGH,T60,60,0.491094147582697,0.328139534883721,0.25776511627907,0.836667038125068,0.839804580648743,0.00313754252367549,1.10458475078918,0.00681169216414855,0.00367414964047306,0.00367414964047306,0.843478730289217,0.00367414964047363,0.00367414964047363,0.00313754252367493
1725,536,14,10,19,3,SEG_HIGH,T60,60,0.491094147582697,0.327788372093023,0.273544186046512,0.876005443321699,0.879132266935399,0.00312682361370031,1.10422745379001,0.00464153666315082,0.00151471304945051,0.00151471304945051,0.88064697998485,0.00151471304945083,0.00151471304945083,0.00312682361369998
1726,537,14,11,18,3,SEG_HIGH,T60,60,0.491094147582697,0.327437209302326,0.289323255813954,0.911052984042945,0.914170257919385,0.00311727387644056,1.10390912921469,0.00153194510204673,-0.00158532877439383,0.00158532877439383,0.912584929144992,-0.00158532877439332,0.00158532877439332,0.00311727387644001
1727,538,14,12,17,3,SEG_HIGH,T60,60,0.491094147582697,0.327086046511628,0.305102325581395,0.94247539611816,0.945584108030673,0.00310871191251361,1.10362373041712,-0.00206733480547588,-0.00517604671798949,0.00517604671798949,0.940408061312684,-0.00517604671798899,0.00517604671798899,0.00310871191251305
1728,539,14,13,16,3,SEG_HIGH,T60,60,0.491094147582697,0.32673488372093,0.320881395348837,0.970807467403395,0.973908459406573,0.00310099200317804,1.10336640010593,-0.00578496653790842,-0.00888595854108646,0.00888595854108646,0.965022500865487,-0.00888595854108643,0.00888595854108643,0.00310099200317804
1729,540,14,14,15,3,SEG_HIGH,T60,60,0.491094147582697,0.326383720930233,0.336660465116279,0.941161574619912,0.942984072096083,0.00182249747617147,1.06074991587238,-0.0157840725219266,-0.0176065699980981,0.0176065699980981,0.925377502097985,-0.0176065699980976,0.0176065699980976,0.00182249747617103
1730,541,14,15,14,3,SEG_HIGH,T60,60,0.491094147582697,0.326032558139535,0.352439534883721,0.879947934514594,0.878648912255791,-0.00129902225880363,1.04330074196012,-0.0230582066408787,-0.021759184382075,0.021759184382075,0.856889727873715,-0.0217591843820757,0.0217591843820757,0.00129902225880296
1731,542,14,16,13,3,SEG_HIGH,T60,60,0.491094147582697,0.325681395348837,0.368218604651163,0.827225069568719,0.820620819872005,-0.00660424969671414,1.22014165655714,-0.0225939230491898,-0.0159896733524756,0.0159896733524756,0.804631146519529,-0.0159896733524757,0.0159896733524757,0.00660424969671403
1732,565,15,9,19,3,SEG_HIGH,T60,60,0.491094147582697,0.340939534883721,0.264004651162791,0.816893094190944,0.821463606191749,0.00457051200080472,1.15235040002682,0.0072312623902271,0.00266075038942238,0.00266075038942238,0.824124356581171,0.00266075038942215,0.00266075038942215,0.00457051200080494
1733,566,15,10,18,3,SEG_HIGH,T60,60,0.491094147582697,0.340588372093023,0.279783720930233,0.856469401325538,0.860948617732826,0.00447921640728755,1.14930721357625,0.00453751628749508,5.82998802075322e-05,5.82998802075322e-05,0.861006917613033,5.82998802070023e-05,5.82998802070023e-05,0.0044792164072881
1734,567,15,11,17,3,SEG_HIGH,T60,60,0.491094147582697,0.340237209302326,0.295562790697674,0.891820025586179,0.896217694308583,0.00439766872240388,1.14658895741346,0.000720930812791444,-0.00367673790961244,0.00367673790961244,0.89254095639897,-0.00367673790961254,0.00367673790961254,0.00439766872240399
1735,568,15,12,16,3,SEG_HIGH,T60,60,0.491094147582697,0.339886046511628,0.311341860465116,0.923587450557794,0.927911837407096,0.0043243868493017,1.14414622831006,-0.00375077489842743,-0.00807516174772913,0.00807516174772913,0.919836675659367,-0.00807516174772949,0.00807516174772949,0.00432438684930203
1736,569,15,13,15,3,SEG_HIGH,T60,60,0.491094147582697,0.33953488372093,0.327120930232558,0.952290195965172,0.956548370619166,0.00425817465399436,1.14193915513315,-0.00849028751525784,-0.0127484621692522,0.0127484621692522,0.943799908449914,-0.0127484621692519,0.0127484621692519,0.00425817465399403
1737,570,15,14,14,3,SEG_HIGH,T60,60,0.491094147582697,0.339183720930233,0.3429,0.9744981861755,0.971356242766981,-0.00314194340851981,1.10473144695066,-0.0138231612653058,-0.010681217856786,0.010681217856786,0.960675024910194,-0.0106812178567868,0.0106812178567868,0.00314194340851903
1738,571,15,15,13,3,SEG_HIGH,T60,60,0.491094147582697,0.338832558139535,0.358679069767442,0.911878832207308,0.86318633103507,-0.0486925011722381,2.62308337240794,-0.0290374164697192,0.0196550847025189,0.0196550847025189,0.882841415737589,0.0196550847025189,0.0196550847025189,0.048692501172238
1739,572,15,16,12,3,SEG_HIGH,T60,60,0.491094147582697,0.338481395348837,0.374458139534884,0.80626496322556,0.764132634995924,-0.0421323282296363,2.40441094098788,-0.0388107903975351,0.00332153783210116,0.00332153783210116,0.767454172828025,0.00332153783210087,0.00332153783210087,0.042132328229636
1740,595,16,10,17,3,SEG_HIGH,T60,60,0.491094147582697,0.353388372093023,0.286023255813953,0.837785708311826,0.8435583132056,0.00577260489377374,1.19242016312579,0.00430099246112235,-0.00147161243265139,0.00147161243265139,0.842086700772948,-0.0014716124326517,0.0014716124326517,0.00577260489377407
1741,596,16,11,16,3,SEG_HIGH,T60,60,0.491094147582697,0.353037209302326,0.301802325581395,0.873382320876892,0.879007442054634,0.00562512117774172,1.18750403925806,-0.000234550464491423,-0.00585967164223314,0.00585967164223314,0.873147770412401,-0.00585967164223333,0.00585967164223333,0.00562512117774194
1742,597,16,12,15,3,SEG_HIGH,T60,60,0.491094147582697,0.352686046511628,0.317581395348837,0.905441689501507,0.910933982455503,0.00549229295399545,1.18307643179985,-0.00558365276968377,-0.0110759457236792,0.0110759457236792,0.899858036731823,-0.0110759457236798,0.0110759457236798,0.005492292953996
1743,598,16,13,14,3,SEG_HIGH,T60,60,0.491094147582697,0.35233488372093,0.333360465116279,0.93446610307198,0.939838142213588,0.00537203914160822,1.17906797138694,-0.0113444888180589,-0.0167165279596671,0.0167165279596671,0.923121614253921,-0.0167165279596668,0.0167165279596668,0.005372039141608
1744,599,16,14,13,3,SEG_HIGH,T60,60,0.491094147582697,0.351983720930233,0.349139534883721,0.936794085452591,0.886093270869272,-0.0507008145833189,2.6900271527773,-0.022233915381466,0.0284668992018529,0.0284668992018529,0.914560170071125,0.0284668992018531,0.0284668992018531,0.050700814583319
1745,600,16,15,12,3,SEG_HIGH,T60,60,0.491094147582697,0.351632558139535,0.364918604651163,0.827341972301501,0.78345966310768,-0.0438823091938205,2.46274363979402,-0.0484290093229026,-0.00454670012908214,0.00454670012908214,0.778912962978598,-0.00454670012908165,0.00454670012908165,0.043882309193821
1746,623,17,10,16,3,SEG_HIGH,T60,60,0.491094147582697,0.366188372093023,0.292262790697674,0.819899773740354,0.826910541872402,0.00701076813204793,1.23369227106826,0.00402462464610586,-0.00298614348594207,0.00298614348594207,0.82392439838646,-0.00298614348594206,0.00298614348594206,0.00701076813204793
1747,624,17,11,15,3,SEG_HIGH,T60,60,0.491094147582697,0.365837209302326,0.308041860465116,0.855691545182614,0.862494393545228,0.0068028483626138,1.22676161208713,-0.00124570240757511,-0.00804855077018891,0.00804855077018891,0.854445842775039,-0.00804855077018918,0.00804855077018918,0.00680284836261402
1748,625,17,12,14,3,SEG_HIGH,T60,60,0.491094147582697,0.365486046511628,0.323820930232558,0.88799521066284,0.894610402186804,0.00661519152396384,1.22050638413213,-0.00748103796685852,-0.0140962294908224,0.0140962294908224,0.880514172695982,-0.0140962294908225,0.0140962294908225,0.00661519152396395
1749,626,17,13,13,3,SEG_HIGH,T60,60,0.491094147582697,0.36513488372093,0.3396,0.91729698102318,0.9102871456365,-0.00700983538668065,1.23366117955602,-0.0142664376608027,-0.00725660227412203,0.00725660227412203,0.903030543362377,-0.00725660227412273,0.00725660227412273,0.00700983538667999
1750,627,17,14,12,3,SEG_HIGH,T60,60,0.491094147582697,0.364783720930233,0.355379069767442,0.849550532897659,0.803824292330787,-0.0457262405668717,2.52420801889572,-0.0443533824646516,0.00137285810222015,0.00137285810222015,0.805197150433007,0.00137285810222043,0.00137285810222043,0.045726240566872
1751,650,18,10,15,3,SEG_HIGH,T60,60,0.491094147582697,0.378988372093023,0.298502325581395,0.802761571451833,0.810958740661162,0.00819716920932856,1.27323897364429,0.00379383839668045,-0.00440333081264811,0.00440333081264811,0.806555409848513,-0.00440333081264854,0.00440333081264854,0.008197169209329
1752,651,18,11,14,3,SEG_HIGH,T60,60,0.491094147582697,0.378637209302326,0.314281395348837,0.838703211399935,0.846637023314815,0.00793381191487985,1.26446039716266,-0.0022303292723978,-0.0101641411872776,0.0101641411872776,0.836472882127537,-0.0101641411872778,0.0101641411872778,0.00793381191488007
1753,652,18,12,13,3,SEG_HIGH,T60,60,0.491094147582697,0.378286046511628,0.330060465116279,0.871208355891985,0.878903990947894,0.00769563505590942,1.25652116853031,-0.0093640261529104,-0.0170596612088198,0.0170596612088198,0.861844329739075,-0.0170596612088194,0.0170596612088194,0.00769563505590898
1754,653,18,13,12,3,SEG_HIGH,T60,60,0.491094147582697,0.37793488372093,0.345839534883721,0.872984282155926,0.82531238530672,-0.0476718968492067,2.58906322830689,-0.0262450696920479,0.0214268271571588,0.0214268271571588,0.846739212463878,0.0214268271571582,0.0214268271571582,0.047671896849206
1755,677,19,11,13,3,SEG_HIGH,T60,60,0.491094147582697,0.391437209302326,0.320520930232558,0.822376296521641,0.831397039378926,0.00902074285728482,1.30069142857616,-0.00311223647713441,-0.0121329793344192,0.0121329793344192,0.819264060044507,-0.0121329793344194,0.0121329793344194,0.00902074285728494
1756,678,19,12,12,3,SEG_HIGH,T60,60,0.491094147582697,0.391086046511628,0.3363,0.855044410225684,0.848019547045831,-0.00702486317985218,1.23416210599507,-0.0111592161388725,-0.00413435295902029,0.00413435295902029,0.843885194086812,-0.00413435295901954,0.00413435295901954,0.00702486317985296
1757,702,20,11,12,3,SEG_HIGH,T60,60,0.491094147582697,0.404237209302326,0.326760465116279,0.806672910899804,0.816739074515396,0.0100661636155929,1.33553878718643,-0.00382069502412289,-0.0138868586397158,0.0138868586397158,0.802852215875681,-0.0138868586397148,0.0138868586397148,0.010066163615592
1758,703,20,12,11,3,SEG_HIGH,T60,60,0.491094147582697,0.403886046511628,0.342539534883721,0.807945001211081,0.763360382825214,-0.0445846183858668,2.48615394619556,-0.0267556259601188,0.017828992425748,0.017828992425748,0.781189375250962,0.0178289924257482,0.0178289924257482,0.044584618385867
1759,255,6,5,32,3,SEG_HIGH,T100,100,1,0.227144186046512,0.144732558139535,0.827824088256379,0.790044896303567,-0.0377791919528128,2.25930639842709,-0.0454196356758571,-0.00764044372304429,0.00764044372304429,0.782404452580522,-0.00764044372304507,0.00764044372304507,0.037779191952812
1760,256,6,6,31,3,SEG_HIGH,T100,100,1,0.226793023255814,0.160511627906977,0.849894528511844,0.861829284210777,0.0119347556989329,1.39782518996443,-0.0373569091399445,-0.0492916648388774,0.0492916648388774,0.812537619371899,-0.0492916648388775,0.0492916648388775,0.011934755698933
1761,294,7,6,30,3,SEG_HIGH,T100,100,1,0.239593023255814,0.166751162790698,0.862217181417276,0.834590330425636,-0.02762685099164,1.92089503305467,-0.0271390724532613,0.000487778538378707,0.000487778538378707,0.835078108964015,0.000487778538378669,0.000487778538378669,0.02762685099164
1762,295,7,7,29,3,SEG_HIGH,T100,100,1,0.239241860465116,0.18253023255814,0.914646575333411,0.894312175457367,-0.0203343998760441,1.67781332920147,-0.0219233181716482,-0.00158891829560406,0.00158891829560406,0.892723257161763,-0.00158891829560415,0.00158891829560415,0.020334399876044
1763,296,7,8,28,3,SEG_HIGH,T100,100,1,0.238890697674419,0.198309302325581,0.830929565003302,0.832362927243457,0.00143336224015511,1.0477787413385,-0.0102678777020793,-0.0117012399422344,0.0117012399422344,0.820661687301223,-0.0117012399422343,0.0117012399422343,0.001433362240155
1764,331,8,6,29,3,SEG_HIGH,T100,100,1,0.252393023255814,0.172990697674419,0.831118201800916,0.808844046443925,-0.0222741553569912,1.74247184523304,-0.0201440048134697,0.00213015054352146,0.00213015054352146,0.810974196987446,0.00213015054352117,0.00213015054352117,0.022274155356991
1765,332,8,7,28,3,SEG_HIGH,T100,100,1,0.252041860465116,0.18876976744186,0.888586871982482,0.868743970181053,-0.0198429018014292,1.66143006004764,-0.0130336563529582,0.00680924544847097,0.00680924544847097,0.875553215629524,0.00680924544847072,0.00680924544847072,0.019842901801429
1766,333,8,8,27,3,SEG_HIGH,T100,100,1,0.251690697674419,0.204548837209302,0.937189178819151,0.919402432674914,-0.017786746144237,1.59289153814123,-0.0102843345781147,0.00750241156612229,0.00750241156612229,0.926904844241036,0.0075024115661223,0.0075024115661223,0.017786746144237
1767,334,8,9,26,3,SEG_HIGH,T100,100,1,0.251339534883721,0.220327906976744,0.870823866123934,0.87724896661867,0.00642510049473632,1.21417001649121,-0.00452393208472289,-0.0109490325794592,0.0109490325794592,0.866299934039211,-0.0109490325794589,0.0109490325794589,0.00642510049473599
1768,335,8,10,25,3,SEG_HIGH,T100,100,1,0.250988372093023,0.236106976744186,0.812626557733464,0.813034596013869,0.000408038280405254,1.01360127601351,0.0200958359338825,0.0196877976534773,0.0196877976534773,0.832722393667347,0.0196877976534776,0.0196877976534776,0.000408038280404921
1769,367,9,6,28,3,SEG_HIGH,T100,100,1,0.265193023255814,0.17923023255814,0.802184517239914,0.784890371161508,-0.0172941460784065,1.57647153594688,-0.0154714606383203,0.00182268544008617,0.00182268544008617,0.786713056601594,0.00182268544008568,0.00182268544008568,0.0172941460784061
1770,368,9,7,27,3,SEG_HIGH,T100,100,1,0.264841860465116,0.195009302325581,0.860155567840414,0.844811930019256,-0.0153436378211581,1.5114545940386,-0.00668104982701347,0.00866258799414463,0.00866258799414463,0.853474518013401,0.00866258799414454,0.00866258799414454,0.015343637821158
1771,369,9,8,26,3,SEG_HIGH,T100,100,1,0.264490697674419,0.210788372093023,0.90944749403918,0.895762344516413,-0.0136851495227671,1.4561716507589,-0.00323649884646174,0.0104486506763054,0.0104486506763054,0.906210995192718,0.0104486506763053,0.0104486506763053,0.013685149522767
1772,370,9,9,25,3,SEG_HIGH,T100,100,1,0.264139534883721,0.226567441860465,0.951873643442523,0.939615974599807,-0.0122576688427161,1.40858896142387,-0.0028123236846835,0.0094453451580326,0.0094453451580326,0.949061319757839,0.00944534515803253,0.00944534515803253,0.0122576688427161
1773,371,9,10,24,3,SEG_HIGH,T100,100,1,0.263788372093023,0.242346511627907,0.8906674508728,0.894279969710371,0.00361251883757119,1.12041729458571,-0.00081300738664267,-0.00442552622421386,0.00442552622421386,0.889854443486157,-0.00442552622421377,0.00442552622421377,0.00361251883757108
1774,372,9,11,23,3,SEG_HIGH,T100,100,1,0.263437209302326,0.258125581395349,0.836221456907613,0.834502111934273,-0.00171934497333992,1.05731149911133,0.0192767615947019,0.0209961065680418,0.0209961065680418,0.855498218502315,0.0209961065680417,0.0209961065680417,0.00171934497333992
1775,403,10,7,26,3,SEG_HIGH,T100,100,1,0.277641860465116,0.201248837209302,0.833487236507969,0.822363871593689,-0.0111233649142791,1.37077883047597,-0.00218211300729136,0.00894125190698774,0.00894125190698774,0.831305123500678,0.00894125190698869,0.00894125190698869,0.01112336491428
1776,404,10,8,25,3,SEG_HIGH,T100,100,1,0.277290697674419,0.217027906976744,0.883300951675031,0.873481557627264,-0.00981939404776644,1.32731313492555,0.00190998186859614,0.0117293759163626,0.0117293759163626,0.885210933543627,0.0117293759163631,0.0117293759163631,0.00981939404776699
1777,405,10,9,24,3,SEG_HIGH,T100,100,1,0.276939534883721,0.232806976744186,0.926362170864619,0.917669987969673,-0.00869218289494578,1.28973942983153,0.002188504549128,0.0108806874440738,0.0108806874440738,0.928550675413747,0.010880687444074,0.010880687444074,0.008692182894946
1778,406,10,10,23,3,SEG_HIGH,T100,100,1,0.276588372093023,0.248586046511628,0.963956743865505,0.956248672028482,-0.0077080718370226,1.25693572790075,0.000508531084679564,0.00821660292170216,0.00821660292170216,0.964465274950185,0.00821660292170256,0.00821660292170256,0.00770807183702304
1779,407,10,11,22,3,SEG_HIGH,T100,100,1,0.276237209302326,0.26436511627907,0.907205546201602,0.908473995449182,0.00126844924757974,1.04228164158599,-0.000748927545554973,-0.00201737679313471,0.00201737679313471,0.906456618656047,-0.00201737679313496,0.00201737679313496,0.00126844924757996
1780,408,10,12,21,3,SEG_HIGH,T100,100,1,0.275886046511628,0.280144186046512,0.856107360624591,0.852595045982644,-0.00351231464194723,1.11707715473157,0.015378900880427,0.0188912155223743,0.0188912155223743,0.871486261505018,0.018891215522374,0.018891215522374,0.00351231464194701
1781,437,11,7,25,3,SEG_HIGH,T100,100,1,0.290441860465116,0.207488372093023,0.808422831043377,0.801265917197619,-0.00715691384575801,1.2385637948586,0.00094847008538726,0.00810538393114527,0.00810538393114527,0.809371301128764,0.00810538393114524,0.00810538393114524,0.00715691384575801
1782,438,11,8,24,3,SEG_HIGH,T100,100,1,0.290090697674419,0.223267441860465,0.858615815970181,0.852446109027238,-0.00616970694294294,1.2056568980981,0.00561069336807145,0.0117804003110144,0.0117804003110144,0.864226509338252,0.0117804003110143,0.0117804003110143,0.00616970694294294
1783,439,11,9,23,3,SEG_HIGH,T100,100,1,0.289739534883721,0.239046511627907,0.90218248700014,0.896869659129764,-0.00531282787037557,1.17709426234585,0.00571570263921517,0.0110285305095907,0.0110285305095907,0.907898189639355,0.0110285305095912,0.0110285305095912,0.00531282787037601
1784,440,11,10,22,3,SEG_HIGH,T100,100,1,0.289388372093023,0.254825581395349,0.940353769247288,0.935791702730887,-0.00456206651640079,1.15206888388003,0.00320932746219561,0.0077713939785964,0.0077713939785964,0.943563096709484,0.00777139397859661,0.00777139397859661,0.00456206651640101
1785,441,11,11,21,3,SEG_HIGH,T100,100,1,0.289037209302326,0.270604651162791,0.974073484804045,0.97017462522796,-0.00389885957608538,1.12996198586951,-0.000397309517794831,0.00350155005829055,0.00350155005829055,0.97367617528625,0.00350155005829011,0.00350155005829011,0.00389885957608493
1786,442,11,12,20,3,SEG_HIGH,T100,100,1,0.288686046511628,0.286383720930233,0.921200579504775,0.920485406616633,-0.000715172888142157,1.02383909627141,-0.00452668607798524,-0.00381151318984308,0.00381151318984308,0.91667389342679,-0.0038115131898433,0.0038115131898433,0.000715172888141935
1787,443,11,13,19,3,SEG_HIGH,T100,100,1,0.28833488372093,0.302162790697674,0.856376532141709,0.848190049140025,-0.0081864830016839,1.2728827667228,0.00997685932365672,0.0181633423253406,0.0181633423253406,0.866353391465366,0.0181633423253406,0.0181633423253406,0.0081864830016839
1788,471,12,8,23,3,SEG_HIGH,T100,100,1,0.302890697674419,0.229506976744186,0.835272894497986,0.832554428840674,-0.00271846565731226,1.09061552191041,0.00827316523588111,0.0109916308931934,0.0109916308931934,0.843546059733867,0.0109916308931931,0.0109916308931931,0.00271846565731204
1789,472,12,9,22,3,SEG_HIGH,T100,100,1,0.302539534883721,0.245286046511628,0.879232958565172,0.877127559074046,-0.00210539949112565,1.07017998303752,0.00815317480621743,0.0102585742973431,0.0102585742973431,0.887386133371389,0.0102585742973434,0.0102585742973434,0.00210539949112598
1790,473,12,10,21,3,SEG_HIGH,T100,100,1,0.302188372093023,0.26106511627907,0.917879031029161,0.916312588884582,-0.00156644214457902,1.05221473815263,0.00480496475923976,0.00637140690381878,0.00637140690381878,0.922683995788401,0.00637140690381877,0.00637140690381877,0.00156644214457902
1791,474,12,11,20,3,SEG_HIGH,T100,100,1,0.301837209302326,0.276844186046512,0.952119744057178,0.95103082220537,-0.00108892185180864,1.03629739506029,-0.000190442576172998,0.000898479275635642,0.000898479275635642,0.951929301481005,0.000898479275635022,0.000898479275635022,0.00108892185180798
1792,475,12,12,19,3,SEG_HIGH,T100,100,1,0.301486046511628,0.292623255813953,0.982667745798438,0.982004845762329,-0.000662900036109138,1.0220966678703,-0.00558017722755201,-0.00491727719144287,0.00491727719144287,0.977087568570886,-0.00491727719144308,0.00491727719144308,0.000662900036108915
1793,476,12,13,18,3,SEG_HIGH,T100,100,1,0.30113488372093,0.308402325581395,0.919724500050577,0.917526675399741,-0.00219782465083607,1.07326082169454,-0.0124692650811463,-0.0102714404303103,0.0102714404303103,0.907255234969431,-0.0102714404303103,0.0102714404303103,0.00219782465083607
1794,477,12,14,17,3,SEG_HIGH,T100,100,1,0.300783720930233,0.324181395348837,0.84376898869486,0.839984234505292,-0.00378475418956759,1.12615847298559,0.00146228206737548,0.00524703625694307,0.00524703625694307,0.845231270762235,0.00524703625694345,0.00524703625694345,0.00378475418956792
1795,503,13,8,22,3,SEG_HIGH,T100,100,1,0.315690697674419,0.235746511627907,0.813165613560261,0.813715700246588,0.000550086686326612,1.01833622287755,0.0102630387823494,0.00971295209602275,0.00971295209602275,0.82342865234261,0.0097129520960223,0.0097129520960223,0.000550086686327056
1796,504,13,9,21,3,SEG_HIGH,T100,100,1,0.315339534883721,0.251525581395349,0.857422037045974,0.858364934118175,0.000942897072200743,1.03142990240669,0.00984779024852591,0.00890489317632517,0.00890489317632517,0.8672698272945,0.00890489317632481,0.00890489317632481,0.000942897072201077
1797,505,13,10,20,3,SEG_HIGH,T100,100,1,0.314988372093023,0.267304651162791,0.896453521939704,0.89774285397964,0.00128933203993586,1.04297773466453,0.00562328879991579,0.00433395675997993,0.00433395675997993,0.90207681073962,0.00433395675997972,0.00433395675997972,0.00128933203993609
1798,506,13,11,19,3,SEG_HIGH,T100,100,1,0.314637209302326,0.283083720930233,0.931133781540498,0.932730928019177,0.00159714647867815,1.05323821595594,-0.000768342765422514,-0.00236548924410066,0.00236548924410066,0.930365438775075,-0.00236548924410152,0.00236548924410152,0.00159714647867903
1799,507,13,12,18,3,SEG_HIGH,T100,100,1,0.314286046511628,0.298862790697674,0.96215201125449,0.964024468791393,0.00187245753690268,1.06241525123009,-0.00801920710800541,-0.00989166464490809,0.00989166464490809,0.954132804146485,-0.00989166464490843,0.00989166464490843,0.00187245753690302
1800,508,13,13,17,3,SEG_HIGH,T100,100,1,0.31393488372093,0.314641860465116,0.970018154993678,0.974466456519187,0.00444830152550935,1.14827671751698,-0.0178594793841617,-0.0223077809096711,0.0223077809096711,0.952158675609516,-0.0223077809096707,0.0223077809096707,0.0044483015255089
1801,509,13,14,16,3,SEG_HIGH,T100,100,1,0.313583720930233,0.330420930232558,0.896603022733733,0.898767674665393,0.00216465193165971,1.07215506438866,-0.0254151357848058,-0.0275797877164655,0.0275797877164655,0.871187886948927,-0.0275797877164657,0.0275797877164657,0.00216465193165993
1802,510,13,15,15,3,SEG_HIGH,T100,100,1,0.313232558139535,0.3462,0.836622221976914,0.829857117553229,-0.00676510442368583,1.22550348078953,-0.0123163062040684,-0.00555120178038254,0.00555120178038254,0.824305915772846,-0.00555120178038326,0.00555120178038326,0.00676510442368505
1803,535,14,9,20,3,SEG_HIGH,T100,100,1,0.328139534883721,0.25776511627907,0.836667038125068,0.840510655913115,0.00384361778804709,1.1281205929349,0.0111137405137876,0.00727012272574055,0.00727012272574055,0.847780778638856,0.00727012272574068,0.00727012272574068,0.00384361778804698
1804,536,14,10,19,3,SEG_HIGH,T100,100,1,0.327788372093023,0.273544186046512,0.876005443321699,0.880020269294891,0.00401482597319147,1.13382753243972,0.00596300592575079,0.00194817995255932,0.00194817995255932,0.88196844924745,0.00194817995255891,0.00194817995255891,0.00401482597319192
1805,537,14,11,18,3,SEG_HIGH,T100,100,1,0.327437209302326,0.289323255813954,0.911052984042945,0.915220343546935,0.00416735950399094,1.13891198346636,-0.00184781578538422,-0.00601517528937516,0.00601517528937516,0.909205168257561,-0.00601517528937423,0.00601517528937423,0.00416735950399005
1806,538,14,12,17,3,SEG_HIGH,T100,100,1,0.327086046511628,0.305102325581395,0.94247539611816,0.946779511906941,0.00430411578878098,1.1434705262927,-0.0109620571179723,-0.0152661729067533,0.0152661729067533,0.931513339000188,-0.0152661729067534,0.0152661729067534,0.00430411578878098
1807,539,14,13,16,3,SEG_HIGH,T100,100,1,0.32673488372093,0.320881395348837,0.970807467403395,0.975234889728927,0.0044274223255325,1.14758074418442,-0.0202811195862482,-0.0247085419117807,0.0247085419117807,0.950526347817147,-0.0247085419117802,0.0247085419117802,0.00442742232553206
1808,540,14,14,15,3,SEG_HIGH,T100,100,1,0.326383720930233,0.336660465116279,0.941161574619912,0.950177599775665,0.0090160251557535,1.30053417185845,-0.0372926685023206,-0.0463086936580741,0.0463086936580741,0.903868906117591,-0.0463086936580736,0.0463086936580736,0.00901602515575295
1809,541,14,15,14,3,SEG_HIGH,T100,100,1,0.326032558139535,0.352439534883721,0.879947934514594,0.880277475286731,0.000329540772136871,1.01098469240456,-0.0431557930698569,-0.0434853338419938,0.0434853338419938,0.836792141444737,-0.0434853338419939,0.0434853338419939,0.000329540772136983
1810,542,14,16,13,3,SEG_HIGH,T100,100,1,0.325681395348837,0.368218604651163,0.827225069568719,0.803210234070351,-0.0240148354983681,1.80049451661227,-0.0305561488417355,-0.00654131334336737,0.00654131334336737,0.796668920726983,-0.00654131334336749,0.00654131334336749,0.024014835498368
1811,565,15,9,19,3,SEG_HIGH,T100,100,1,0.340939534883721,0.264004651162791,0.816893094190944,0.823500320352198,0.00660722616125331,1.22024087204178,0.0122362962836094,0.0056290701223561,0.0056290701223561,0.829129390474553,0.00562907012235547,0.00562907012235547,0.00660722616125398
1812,566,15,10,18,3,SEG_HIGH,T100,100,1,0.340588372093023,0.279783720930233,0.856469401325538,0.86308815722951,0.00661875590397154,1.22062519679905,0.00609684794778128,-0.000521907956190263,0.000521907956190263,0.862566249273319,-0.000521907956190781,0.000521907956190781,0.0066187559039721
1813,567,15,11,17,3,SEG_HIGH,T100,100,1,0.340237209302326,0.295562790697674,0.891820025586179,0.898449080167116,0.00662905458093688,1.22096848603123,-0.00316900374696894,-0.00979805832790582,0.00979805832790582,0.88865102183921,-0.00979805832790592,0.00979805832790592,0.00662905458093699
1814,568,15,12,16,3,SEG_HIGH,T100,100,1,0.339886046511628,0.311341860465116,0.923587450557794,0.930225759924315,0.0066383093665211,1.22127697888404,-0.014161666727938,-0.0207999760944591,0.0207999760944591,0.909425783829856,-0.0207999760944589,0.0207999760944589,0.00663830936652099
1815,569,15,13,15,3,SEG_HIGH,T100,100,1,0.33953488372093,0.327120930232558,0.952290195965172,0.958936867285949,0.00664667132077656,1.22155571069255,-0.0257429974481765,-0.032389668768953,0.032389668768953,0.926547198516996,-0.0323896687689534,0.0323896687689534,0.00664667132077701
1816,570,15,14,14,3,SEG_HIGH,T100,100,1,0.339183720930233,0.3429,0.9744981861755,0.926354089884224,-0.0481440962912763,2.60480320970921,-0.0380004521966165,0.0101436440946598,0.0101436440946598,0.936497733978884,0.0101436440946596,0.0101436440946596,0.048144096291276
1817,571,15,15,13,3,SEG_HIGH,T100,100,1,0.338832558139535,0.358679069767442,0.911878832207308,0.823586475416952,-0.0882923567903559,3.94307855967853,-0.0618999913562685,0.0263923654340874,0.0263923654340874,0.84997884085104,0.0263923654340876,0.0263923654340876,0.0882923567903561
1818,572,15,16,12,3,SEG_HIGH,T100,100,1,0.338481395348837,0.374458139534884,0.80626496322556,0.729479788232642,-0.0767851749929177,3.55950583309726,-0.06791442956154,0.00887074543137774,0.00887074543137774,0.73835053366402,0.008870745431378,0.008870745431378,0.0767851749929179
1819,595,16,10,17,3,SEG_HIGH,T100,100,1,0.353388372093023,0.286023255813953,0.837785708311826,0.846894785820628,0.00910907750880185,1.30363591696006,0.00627433363371927,-0.00283474387508258,0.00283474387508258,0.844060041945545,-0.00283474387508276,0.00283474387508276,0.00910907750880208
1820,596,16,11,16,3,SEG_HIGH,T100,100,1,0.353037209302326,0.301802325581395,0.873382320876892,0.882371283165999,0.00898896228910673,1.29963207630356,-0.00449303130122444,-0.0134819935903312,0.0134819935903312,0.868889289575668,-0.0134819935903314,0.0134819935903314,0.00898896228910695
1821,597,16,12,15,3,SEG_HIGH,T100,100,1,0.352686046511628,0.317581395348837,0.905441689501507,0.914322472449151,0.00888078294764316,1.29602609825477,-0.0173899519286476,-0.0262707348762908,0.0262707348762908,0.888051737572859,-0.0262707348762915,0.0262707348762915,0.00888078294764394
1822,598,16,13,14,3,SEG_HIGH,T100,100,1,0.35233488372093,0.333360465116279,0.93446610307198,0.943248947660849,0.00878284458886935,1.29276148629565,-0.031243041328027,-0.0400258859168964,0.0400258859168964,0.903223061743953,-0.040025885916896,0.040025885916896,0.00878284458886902
1823,599,16,14,13,3,SEG_HIGH,T100,100,1,0.351983720930233,0.349139534883721,0.936794085452591,0.845076196307997,-0.0917178891445932,4.05726297148644,-0.0540032946978434,0.0377145944467498,0.0377145944467498,0.882790790754748,0.0377145944467506,0.0377145944467506,0.091717889144594
1824,600,16,15,12,3,SEG_HIGH,T100,100,1,0.351632558139535,0.364918604651163,0.827341972301501,0.747580200344567,-0.0797617719569336,3.65872573189779,-0.099655377556314,-0.0198936055993804,0.0198936055993804,0.727686594745187,-0.0198936055993799,0.0198936055993799,0.079761771956934
1825,623,17,10,16,3,SEG_HIGH,T100,100,1,0.366188372093023,0.292262790697674,0.819899773740354,0.831392840819806,0.0114930670794517,1.38310223598172,0.00672418544704179,-0.00476888163240991,0.00476888163240991,0.826623959187396,-0.00476888163241018,0.00476888163241018,0.011493067079452
1826,624,17,11,15,3,SEG_HIGH,T100,100,1,0.365837209302326,0.308041860465116,0.855691545182614,0.8669448130663,0.0112532678836861,1.3751089294562,-0.00559993088227328,-0.0168531987659594,0.0168531987659594,0.850091614300341,-0.0168531987659593,0.0168531987659593,0.011253267883686
1827,625,17,12,14,3,SEG_HIGH,T100,100,1,0.365486046511628,0.323820930232558,0.88799521066284,0.899032049107851,0.0110368384450105,1.36789461483368,-0.0204360185161374,-0.0314728569611479,0.0314728569611479,0.867559192146703,-0.0314728569611483,0.0314728569611483,0.0110368384450109
1828,626,17,13,13,3,SEG_HIGH,T100,100,1,0.36513488372093,0.3396,0.91729698102318,0.867773231345578,-0.0495237496776022,2.65079165592007,-0.0365794762355681,0.0129442734420341,0.0129442734420341,0.880717504787612,0.0129442734420339,0.0129442734420339,0.049523749677602
1829,627,17,14,12,3,SEG_HIGH,T100,100,1,0.364783720930233,0.355379069767442,0.849550532897659,0.766652360808832,-0.0828981720888264,3.76327240296088,-0.0973870415607383,-0.0144888694719119,0.0144888694719119,0.752163491336921,-0.0144888694719113,0.0144888694719113,0.082898172088827
1830,650,18,10,15,3,SEG_HIGH,T100,100,1,0.378988372093023,0.298502325581395,0.802761571451833,0.816538963979992,0.013777392528159,1.4592464176053,0.00765645069456818,-0.00612094183359082,0.00612094183359082,0.810418022146401,-0.0061209418335908,0.0061209418335908,0.013777392528159
1831,651,18,11,14,3,SEG_HIGH,T100,100,1,0.378637209302326,0.314281395348837,0.838703211399935,0.852130876827938,0.0134276654280028,1.44758884760009,-0.00628680922263321,-0.019714474650636,0.019714474650636,0.832416402177302,-0.0197144746506362,0.0197144746506362,0.013427665428003
1832,652,18,12,13,3,SEG_HIGH,T100,100,1,0.378286046511628,0.330060465116279,0.871208355891985,0.884319732749411,0.0131113768574259,1.43704589524753,-0.0231045734142144,-0.0362159502716403,0.0362159502716403,0.848103782477771,-0.0362159502716404,0.0362159502716404,0.013111376857426
1833,653,18,13,12,3,SEG_HIGH,T100,100,1,0.37793488372093,0.345839534883721,0.872984282155926,0.78677668287815,-0.0862075992777764,3.87358664259255,-0.060320651187001,0.0258869480907754,0.0258869480907754,0.812663630968925,0.0258869480907751,0.0258869480907751,0.0862075992777761
1834,677,19,11,13,3,SEG_HIGH,T100,100,1,0.391437209302326,0.320520930232558,0.822376296521641,0.837893702124977,0.0155174056033357,1.51724685344452,-0.00636622304788274,-0.0218836286512184,0.0218836286512184,0.816010073473758,-0.0218836286512187,0.0218836286512187,0.015517405603336
1835,678,19,12,12,3,SEG_HIGH,T100,100,1,0.391086046511628,0.3363,0.855044410225684,0.808042703861482,-0.047001706364202,2.5667235454734,-0.0252145089033938,0.0217871974608082,0.0217871974608082,0.82982990132229,0.0217871974608081,0.0217871974608081,0.047001706364202
1836,702,20,11,12,3,SEG_HIGH,T100,100,1,0.404237209302326,0.326760465116279,0.806672910899804,0.824200248940916,0.0175273380411123,1.58424460137041,-0.00566473664265697,-0.0231920746837693,0.0231920746837693,0.801008174257147,-0.023192074683769,0.023192074683769,0.0175273380411121
1837,703,20,12,11,3,SEG_HIGH,T100,100,1,0.403886046511628,0.342539534883721,0.807945001211081,0.727353863232663,-0.0805911379784174,3.68637126594725,-0.0575030798847645,0.0230880580936529,0.0230880580936529,0.750441921326317,0.0230880580936536,0.0230880580936536,0.080591137978418
