6501 100 477
220.3 203.1
219.7 203.6
222.3 204.0
225.0 204.7
227.6 205.4
229.0 206.0
229.7 207.8
230.4 210.9
231.7 214.0
234.5 217.1
237.3 218.2
240.1 219.3
242.5 220.4
244.9 221.7
247.3 223.2
249.2 224.7
250.1 226.2
251.0 227.2
251.9 228.2
254.7 229.1
257.5 231.4
260.3 234.2
261.9 236.9
262.4 240.0
262.8 243.7
263.7 247.4
269.1 251.1
274.6 252.7
280.0 254.0
284.1 255.4
287.5 257.4
290.9 260.3
293.7 263.2
294.4 266.0
295.2 267.1
295.9 268.3
300.0 269.5
305.0 271.1
310.0 272.9
313.2 274.8
313.7 276.9
314.1 279.9
314.5 282.8
319.4 285.8
324.7 289.7
329.9 293.9
334.6 298.1
338.7 301.8
342.8 304.5
346.6 307.3
346.7 310.1
346.8 313.3
347.0 316.6
349.1 319.9
352.4 322.1
355.6 323.0
358.8 323.9
361.8 325.0
364.7 329.2
367.7 333.4
373.1 337.6
379.2 339.9
385.4 341.1
390.2 342.3
392.8 344.1
395.4 348.3
398.0 352.4
398.2 356.6
398.1 360.2
398.1 363.7
401.2 367.2
407.5 370.6
413.8 373.8
419.8 377.0
422.2 380.2
424.6 383.0
427.0 385.8
430.1 388.6
433.5 392.2
436.9 396.7
440.3 401.1
443.8 405.3
447.3 407.6
450.8 409.8
456.2 412.1
462.1 416.4
468.0 421.6
472.2 426.9
473.3 430.4
474.5 428.2
475.6 426.0
478.8 423.9
482.2 427.0
485.6 431.2
487.7 435.5
488.5 440.2
489.3 445.6
490.5 451.1
498.1 456.6
505.8 462.0
513.5 467.4
516.7 472.8
517.3 476.5
517.9 478.6
519.5 480.7
524.8 482.7
530.2 483.6
535.6 484.4
542.1 485.2
549.0 488.7
556.0 493.2
561.2 497.8
563.4 502.4
565.6 507.2
567.7 512.0
574.2 516.8
581.2 520.7
588.1 524.5
593.5 528.3
597.3 531.2
601.0 533.0
604.8 534.7
607.9 536.5
611.1 545.6
614.2 554.6
617.3 563.7
620.4 568.4
623.4 569.8
627.1 571.2
633.6 572.7
640.0 574.6
646.4 576.6
650.3 578.6
653.4 581.8
656.4 585.5
660.0 589.2
664.6 593.6
669.1 599.5
673.7 605.5
678.9 611.4
684.2 615.5
689.4 619.3
694.5 623.0
699.2 627.5
703.9 632.9
708.6 638.2
713.7 643.6
718.7 645.9
723.8 648.3
728.5 650.6
733.1 654.8
737.7 660.1
742.8 665.4
750.3 670.6
757.9 675.2
765.4 679.8
771.7 684.3
777.7 689.5
783.6 694.9
789.6 700.3
795.8 705.5
801.9 710.5
808.1 715.6
811.0 720.6
813.5 723.2
816.1 725.6
821.0 727.9
828.8 732.8
836.5 740.4
844.2 748.1
851.2 755.5
858.2 758.5
865.2 761.5
869.2 764.5
871.2 769.4
873.2 775.6
876.2 781.7
883.5 787.2
890.8 789.8
898.1 792.4
904.9 795.0
911.6 802.6
918.2 811.6
924.0 820.7
928.0 828.0
932.0 832.1
936.0 836.2
945.3 840.3
955.3 847.0
965.3 854.0
972.1 861.0
975.3 864.9
978.6 865.9
982.0 866.8
989.4 867.9
996.7 872.2
1004.1 876.6
1010.1 880.9
1015.1 888.1
1020.1 896.8
1025.6 905.5
1033.3 914.1
1041.1 922.4
1048.8 930.7
1057.5 939.0
1066.6 941.1
1075.7 941.6
1083.2 942.2
1087.1 944.7
1091.0 950.6
1095.0 956.5
1102.5 962.5
1110.4 968.4
1118.4 974.4
1125.4 980.3
1131.6 986.2
1137.7 991.9
1143.8 997.6
1149.6 1003.2
1155.4 1007.1
1161.1 1011.0
1167.1 1014.9
1173.2 1022.0
1179.3 1030.7
1185.5 1039.4
1192.2 1047.3
1199.0 1052.9
1205.7 1058.4
1215.0 1063.9
1225.1 1067.1
1235.1 1069.9
1243.8 1072.6
1249.4 1077.0
1255.0 1083.8
1260.6 1090.6
1265.4 1097.4
1270.1 1110.4
1274.8 1123.7
1282.3 1136.9
1293.2 1146.4
1304.1 1152.7
1314.9 1159.0
1322.9 1164.8
1330.9 1166.3
1338.9 1167.7
1347.1 1169.2
1355.4 1171.9
1363.8 1175.0
1371.8 1178.2
1377.9 1183.5
1384.0 1194.9
1390.1 1206.4
1398.4 1217.8
1407.4 1224.7
1416.4 1230.8
1424.9 1236.8
1432.5 1244.0
1440.1 1252.8
1447.7 1261.6
1454.8 1270.4
1461.9 1277.6
1468.9 1284.8
1475.6 1292.1
1481.8 1297.9
1488.0 1302.6
1494.3 1307.3
1503.7 1312.0
1513.0 1317.2
1522.3 1322.3
1532.2 1327.4
1542.5 1333.3
1552.7 1339.6
1561.9 1345.8
1566.6 1353.1
1571.3 1363.0
1575.9 1373.0
1584.0 1382.9
1593.2 1388.3
1602.4 1393.0
1610.4 1397.7
1616.2 1402.7
1621.9 1408.2
1627.6 1413.6
1634.6 1419.1
1641.8 1424.7
1649.1 1430.4
1656.2 1436.1
1663.4 1443.6
1670.5 1452.4
1677.6 1461.2
1682.8 1469.5
1688.1 1475.0
1693.4 1480.4
1698.1 1485.9
1702.5 1489.1
1707.0 1491.5
1711.6 1493.9
1717.4 1496.3
1723.1 1498.6
1728.9 1501.0
1733.3 1503.4
1737.3 1511.5
1741.2 1520.4
1746.4 1529.2
1754.2 1535.4
1762.0 1538.5
1769.8 1541.7
1774.5 1544.9
1778.8 1550.0
1783.1 1555.1
1793.4 1560.1
1810.5 1565.7
1827.6 1571.5
1843.9 1577.4
1844.0 1583.7
1844.0 1591.9
1844.1 1600.2
1849.7 1608.5
1858.7 1613.3
1867.7 1617.0
1876.4 1620.7
1883.5 1626.1
1890.5 1634.8
1897.6 1643.4
1903.0 1652.1
1908.0 1658.0
1912.9 1663.8
1920.9 1669.5
1935.0 1677.1
1949.1 1686.7
1963.2 1696.4
1966.0 1705.9
1967.7 1713.8
1969.3 1721.6
1978.5 1729.5
1996.2 1737.2
2013.8 1744.9
2031.0 1752.6
2039.0 1760.0
2047.1 1765.8
2055.1 1771.7
2062.4 1777.6
2069.2 1789.7
2075.9 1803.6
2083.5 1817.4
2094.6 1828.4
2105.7 1834.5
2116.7 1840.6
2123.4 1846.6
2128.7 1852.8
2134.0 1859.1
2142.7 1865.3
2158.1 1874.5
2173.5 1886.6
2188.8 1898.7
2194.4 1910.3
2199.1 1916.7
2203.7 1923.1
2213.4 1929.6
2228.5 1940.4
2243.7 1953.4
2258.3 1966.3
2264.4 1977.5
2270.5 1982.9
2276.6 1988.3
2285.4 1993.7
2295.6 2002.2
2305.8 2011.3
2315.8 2020.4
2324.6 2028.3
2333.3 2034.0
2342.1 2039.8
2355.7 2045.5
2370.7 2055.3
2385.7 2065.1
2396.7 2075.0
2400.2 2084.0
2403.7 2092.3
2407.1 2100.7
2417.8 2109.0
2429.2 2117.6
2440.5 2126.2
2448.9 2134.8
2454.4 2138.8
2460.0 2140.8
2465.2 2142.8
2467.1 2146.2
2468.9 2153.3
2470.7 2160.4
2476.2 2167.5
2483.6 2172.8
2491.1 2177.8
2501.0 2182.7
2520.0 2187.9
2539.0 2193.5
2558.0 2199.0
2563.3 2204.6
2564.9 2212.9
2566.5 2221.2
2569.2 2229.5
2573.9 2235.2
2578.7 2238.8
2583.4 2242.4
2591.8 2247.7
2600.5 2262.6
2609.2 2277.4
2616.7 2292.3
2623.0 2296.7
2629.2 2297.1
2635.6 2297.5
2642.4 2298.8
2649.2 2302.1
2656.0 2305.5
2663.5 2308.8
2671.4 2316.7
2679.3 2325.3
2686.3 2333.9
2690.4 2341.6
2694.4 2348.1
2698.5 2354.6
2707.5 2361.3
2717.8 2370.5
2728.0 2379.8
2737.3 2389.0
2745.0 2393.7
2752.6 2395.4
2760.3 2397.0
2767.6 2400.7
2774.9 2413.3
2782.1 2425.9
2790.5 2438.5
2799.9 2447.9
2809.3 2456.3
2819.1 2464.6
2832.2 2474.1
2845.3 2486.1
2858.4 2498.0
2871.2 2509.9
2883.8 2514.6
2896.4 2518.6
2908.0 2522.6
2916.3 2532.2
2924.7 2547.7
2933.0 2563.1
2948.1 2578.4
2964.7 2590.0
2981.3 2601.6
2994.8 2613.2
3003.5 2622.7
3012.2 2630.9
3020.8 2639.2
3038.2 2647.4
3055.8 2655.2
3073.4 2663.0
3087.5 2670.8
3098.7 2686.8
3109.8 2704.9
3121.2 2723.1
3134.6 2739.7
3148.0 2753.8
3161.4 2767.9
3172.5 2782.0
3182.5 2792.0
3192.5 2801.8
3203.7 2811.7
3218.1 2822.9
3232.5 2835.5
3246.8 2848.2
3262.4 2860.1
3278.2 2864.9
3294.1 2869.8
3305.2 2874.6
3309.7 2886.3
3314.3 2901.4
3318.9 2916.4
3333.0 2929.7
3347.3 2937.3
3361.5 2944.9
3376.3 2952.6
3391.6 2964.7
3406.8 2977.8
3421.0 2990.8
3428.9 3000.9
3436.8 3006.5
3444.7 3012.0
3454.0 3017.6
3463.8 3029.3
3473.6 3041.3
3482.7 3053.2
3490.0 3064.5
3497.3 3075.5
3504.6 3086.4
3518.7 3096.9
3533.7 3104.5
3548.8 3112.1
3562.7 3119.8
3575.1 3130.9
3587.5 3143.5
3599.9 3156.2
3612.6 3166.0
3625.2 3168.9
3637.9 3171.9
3649.3 3174.8
3659.8 3185.7
3670.3 3198.0
3679.9 3210.2
3684.5 3219.3
3689.2 3224.2
3693.8 3229.1
3704.3 3234.2
3716.8 3245.1
3729.3 3256.1
3742.1 3267.0
3755.5 3277.4
3768.8 3287.4
3782.2 3297.5
3784.5 3306.7
3785.6 3311.9
3786.6 3317.2
3791.7 3322.5
3801.4 3332.8
3811.0 3345.0
3821.3 3357.1
3844.2 3367.9
3867.1 3375.8
3890.0 3383.8
3899.3 3391.8
3900.4 3401.4
3901.4 3411.2
3905.1 3421.0
3919.9 3429.9
3934.8 3437.7
3949.6 3445.6
3964.1 3453.9
3978.6 3468.7
3993.1 3483.5
4008.8 3498.3
4026.9 3508.2
4044.9 3515.3
4063.0 3522.3
4070.1 3530.3
4076.2 3541.6
4082.3 3552.9
4085.2 3564.3
4084.8 3577.2
4084.4 3590.5
4085.5 3603.8
4106.0 3614.5
4126.5 3620.7
4147.0 3626.9
4162.9 3633.1
4176.2 3648.0
4189.6 3663.4
4202.1 3678.8
4211.7 3691.2
4221.3 3701.0
4230.9 3710.7
4244.3 3720.2
4258.6 3728.0
4272.9 3735.7
4285.4 3743.4
4294.9 3757.4
4304.5 3774.5
4314.0 3791.6
4323.7 3805.0
4333.4 3807.3
4343.1 3809.5
4354.5 3811.8
4367.3 3823.1
4380.2 3836.4
4393.4 3849.6
4409.6 3862.6
4425.8 3875.3
4442.0 3888.1
4448.4 3900.8
4450.3 3906.3
4452.3 3911.6
4459.4 3917.0
4480.9 3928.8
4502.5 3945.7
4524.1 3962.6
4536.2 3979.0
4546.4 3992.7
4556.6 4006.4
4570.1 4020.1
4588.0 4030.1
4605.9 4038.7
4623.9 4047.3
4637.6 4058.3
4651.2 4075.2
4664.9 4092.0
4677.3 4108.9
4688.7 4114.4
4700.2 4118.3
4712.7 4122.3
4731.5 4130.9
4750.4 4145.4
4769.2 4159.8
4789.0 4174.4
4809.1 4193.6
4829.2 4212.9
4845.7 4232.1
4854.2 4246.0
4862.6 4256.5
4871.1 4267.1
4883.5 4278.6
4896.5 4294.4
4909.4 4310.2
4923.7 4326.0
4939.6 4337.6
4955.4 4347.8
4971.4 4358.1
4991.9 4372.2
5012.5 4393.6
5033.0 4415.1
5046.2 4436.5
5054.7 4451.0
5063.1 4464.9
5074.6 4478.8
5099.0 4491.1
5123.4 4501.9
5147.8 4512.6
5169.5 4524.1
5190.4 4544.3
5211.2 4564.5
5230.8 4584.6
5248.0 4598.1
5265.1 4608.1
5282.3 4618.0
5300.6 4629.9
5319.0 4647.8
5337.4 4665.8
5353.5 4683.7
5367.2 4698.6
5380.9 4712.9
5395.0 4727.1
5414.5 4742.0
5433.9 4758.0
5453.3 4774.0
5472.4 4789.9
5491.3 4811.2
5510.2 4832.7
5528.9 4854.2
5546.9 4868.1
5565.0 4876.0
5583.0 4883.9
5598.8 4893.9
5614.0 4917.5
5629.2 4941.1
5644.3 4964.7
5659.2 4981.7
5674.2 4996.1
5689.2 5010.4
5700.9 5024.5
5712.6 5038.3
5724.3 5052.1
5743.1 5065.9
5767.7 5082.8
5792.3 5100.2
5815.8 5117.5
5832.6 5132.2
5849.3 5143.6
5866.0 5155.0
5878.8 5166.5
5889.9 5181.6
5901.0 5196.8
5911.8 5211.9
5921.7 5222.7
5931.7 5230.8
5941.7 5238.9
5968.5 5248.4
5998.0 5264.3
6027.5 5280.1
6050.9 5296.0
6066.6 5310.0
6082.3 5323.5
6097.7 5336.9
6101.4 5351.7
6105.1 5368.8
6108.8 5385.9
6123.5 5403.0
6145.5 5417.7
6167.4 5432.3
6189.4 5446.8
6211.2 5459.4
6233.0 5470.3
6254.9 5481.1
6267.2 5492.1
6276.4 5504.6
6285.7 5517.0
6299.7 5529.4
6323.0 5544.7
6346.3 5561.3
6369.5 5578.0
6382.9 5593.0
6395.5 5602.9
6408.0 5612.8
6426.0 5622.7
6449.5 5643.2
6473.0 5665.9
6495.5 5688.6
6506.2 5706.5
6516.9 5717.6
6527.6 5728.8
6540.4 5739.9
6554.3 5750.3
6568.2 5760.7
6581.4 5771.1
6592.2 5786.0
6603.1 5804.1
6613.9 5822.2
6633.2 5840.1
6654.3 5856.4
6675.4 5872.7
6695.2 5889.0
6713.1 5899.1
6731.0 5907.1
6748.9 5915.0
6765.1 5928.3
6781.1 5953.2
6797.2 5978.0
6813.0 6002.9
6828.4 6007.5
6843.8 6009.7
6859.4 6011.9
6876.0 6022.6
6892.6 6042.8
6909.2 6063.0
6927.1 6082.3
6945.6 6086.7
6964.1 6091.1
6980.8 6095.4
6993.5 6109.7
7006.2 6129.7
7018.8 6149.6
7029.5 6166.8
7040.0 6174.3
7050.4 6181.8
7062.5 6189.3
7076.6 6206.4
7090.6 6226.0
7104.6 6245.5
7117.7 6259.3
7130.7 6263.9
7143.8 6268.5
7165.3 6273.0
7191.8 6292.2
7218.3 6311.9
7240.7 6331.6
7247.5 6344.0
7254.3 6350.2
7261.2 6356.4
7273.0 6364.5
7286.3 6386.3
7299.5 6408.0
7312.9 6429.7
7326.2 6445.6
7339.6 6459.1
7353.0 6472.6
7380.1 6487.6
7407.9 6506.1
7435.7 6524.7
7456.8 6543.2
7472.1 6550.9
7487.4 6556.9
7503.3 6563.0
7524.1 6568.7
7545.0 6574.1
7565.9 6579.4
7569.0 6585.3
7564.4 6605.4
7559.8 6625.5
7564.1 6645.6
7591.4 6666.1
7618.7 6687.0
7646.0 6707.8
7661.2 6726.6
7674.5 6736.9
7687.8 6747.3
7707.3 6757.6
7734.6 6768.4
7761.9 6779.3
7788.6 6790.2
7794.5 6808.8
7800.5 6841.0
7806.4 6873.2
7820.4 6905.4
7839.7 6899.0
7859.0 6890.4
7877.6 6881.8
7893.0 6893.2
7908.4 6922.5
7923.9 6951.8
7937.4 6979.9
7950.5 6999.4
7963.5 7018.8
7980.6 7038.2
8005.4 7055.4
8030.2 7071.8
8054.9 7088.1
8078.7 7105.0
8102.4 7123.4
8126.2 7141.7
8145.1 7160.1
8159.4 7172.8
8173.8 7184.5
8188.6 7196.2
8206.9 7209.7
8225.3 7225.7
8243.7 7241.6
8262.0 7257.7
8280.2 7281.1
8298.4 7304.5
8318.0 7327.8
8341.1 7340.6
8364.2 7346.5
8387.3 7352.4
8404.1 7361.5
8419.9 7384.1
8435.8 7406.7
8456.8 7429.3
8484.7 7452.7
8512.7 7476.4
8540.4 7500.1
8559.4 7520.7
8578.3 7536.0
8597.2 7551.2
8616.5 7566.4
8635.9 7581.3
8655.3 7596.2
8674.3 7611.1
8691.4 7628.8
8708.4 7649.0
8725.5 7669.2
8738.3 7688.6
8749.8 7701.1
8761.3 7713.6
8779.3 7726.1
8809.3 7742.5
8839.4 7760.5
8869.5 7778.6
8889.7 7797.6
8909.3 7819.4
8928.8 7841.2
8953.7 7863.0
8983.5 7878.6
9013.2 7893.3
9041.4 7908.0
9056.2 7925.7
9071.0 7947.3
9085.8 7968.9
9098.9 7990.6
9111.4 8016.3
9123.8 8041.9
9133.8 8067.6
9137.6 8085.5
9141.4 8098.6
9145.2 8111.6
9180.6 8126.8
9221.3 8150.5
9262.0 8174.2
9296.5 8197.9
9323.0 8210.6
9349.6 8220.1
9375.8 8229.7
9385.9 8242.8
9396.0 8262.1
9406.2 8281.4
9424.4 8300.6
9447.8 8318.7
9471.1 8336.8
9493.0 8354.8
9508.9 8368.3
9524.8 8377.7
9540.6 8387.2
9565.4 8398.1
9592.6 8419.5
9619.8 8441.0
9642.3 8462.5
9656.8 8483.0
9671.3 8503.1
9685.8 8523.2
9691.0 8540.8
9695.8 8552.3
9700.6 8563.8
9720.0 8575.3
9751.9 8592.0
9783.9 8609.5
9813.2 8627.0
9824.2 8645.4
9835.2 8665.0
9846.2 8684.6
9870.6 8703.9
9900.4 8716.5
9930.3 8729.2
9955.1 8741.8
9967.5 8759.0
9979.9 8778.7
9992.3 8798.4
10013.1 8817.0
10034.9 8831.2
10056.8 8845.3
10078.1 8859.5
10098.8 8880.0
10119.5 8902.1
10140.2 8924.2
10161.4 8943.5
10182.6 8958.4
10203.7 8973.3
10221.3 8988.2
10236.9 9005.6
10252.5 9023.1
10271.4 9040.6
10301.6 9057.1
10331.8 9072.7
10362.0 9088.3
10386.1 9102.9
10408.8 9111.1
10431.4 9119.3
10447.7 9127.5
10454.3 9153.7
10460.9 9186.3
10467.5 9219.0
10489.7 9245.2
10512.1 9257.5
10534.5 9269.8
10556.8 9282.0
10579.0 9296.0
10601.2 9310.1
10621.8 9324.2
10633.8 9338.6
10645.8 9353.3
10657.8 9368.0
10671.5 9382.8
10685.8 9399.2
10700.1 9415.5
10717.3 9431.9
10740.5 9442.7
10763.7 9450.6
10786.8 9458.5
10794.8 9468.0
10801.4 9482.2
10808.0 9496.4
10821.1 9510.6
10840.5 9526.0
10859.8 9541.5
10879.6 9557.1
10903.3 9576.1
10927.1 9599.7
10950.8 9623.3
10969.4 9646.7
10985.4 9656.9
11001.5 9667.1
11018.0 9677.2
11035.5 9690.8
11053.1 9706.5
11070.7 9722.3
11083.3 9739.3
11095.0 9761.7
11106.7 9784.2
11117.6 9806.6
11127.5 9811.6
11137.4 9811.5
11147.9 9811.4
11176.0 9815.7
11204.2 9827.7
11232.4 9839.7
11255.5 9851.6
11275.6 9878.7
11295.7 9906.6
11317.2 9934.4
11344.2 9957.0
11371.2 9975.1
11398.2 9993.2
11405.2 10010.6
11407.2 10023.4
11409.2 10036.2
11420.9 10049.0
11447.8 10068.7
11474.7 10091.3
11501.7 10113.8
11515.5 10136.3
11529.0 10158.6
11542.4 10180.9
11563.0 10203.3
11589.0 10215.8
11615.0 10227.2
11640.1 10238.6
11660.4 10252.6
11680.7 10269.6
11700.9 10286.5
11723.3 10304.1
11746.4 10330.1
11769.4 10356.1
11790.3 10382.1
11806.7 10401.3
11823.1 10416.8
11839.4 10432.4
11862.8 10450.7
11886.8 10477.4
11910.8 10504.0
11935.4 10530.6
11960.5 10558.3
11985.6 10586.1
12012.2 10614.0
12051.3 10637.6
12090.4 10655.5
12129.5 10673.4
12158.3 10691.4
12182.5 10714.5
12206.8 10737.7
12230.1 10760.8
12250.8 10785.7
12271.6 10811.7
12292.4 10837.7
12317.9 10863.2
12344.0 10886.6
12370.2 10910.0
12397.0 10933.4
12424.5 10963.4
12452.0 10995.2
12479.9 11027.1
12514.6 11053.7
12549.3 11071.6
12583.9 11089.4
12618.9 11107.3
12653.9 11136.5
12689.0 11166.3
12720.4 11196.0
12739.9 11222.2
12759.4 11245.7
12778.9 11269.1
12801.3 11293.1
12824.3 11320.2
12847.4 11347.4
12875.9 11374.5
12912.1 11396.1
12948.3 11415.7
12984.5 11435.3
13008.5 11457.8
13032.6 11486.4
13056.6 11515.1
13081.2 11543.7
13106.2 11566.8
13131.2 11589.4
13158.7 11612.0
13197.2 11637.8
13235.7 11666.8
13274.2 11695.7
13295.8 11724.0
13312.8 11745.6
13329.8 11767.2
13350.6 11788.9
13377.9 11814.8
13405.2 11842.8
13432.5 11870.7
13458.4 11896.6
13484.3 11917.1
13510.1 11937.6
13537.5 11958.1
13566.1 11968.8
13594.6 11977.9
13622.0 11987.1
13642.2 12003.8
13662.5 12029.4
13682.7 12055.0
13705.1 12079.9
13728.2 12091.9
13751.3 12103.9
13775.5 12115.9
13801.8 12139.1
13828.2 12168.7
13854.5 12198.3
13861.0 12227.4
13865.8 12255.2
13870.6 12283.0
13892.1 12310.8
13929.1 12332.0
13966.1 12351.8
14002.1 12371.6
14029.3 12388.9
14056.6 12402.6
14083.8 12416.4
14108.5 12430.2
14132.2 12453.7
14155.9 12477.3
14174.8 12500.9
14182.1 12517.9
14189.4 12530.6
14196.7 12543.2
14220.1 12557.5
14245.5 12578.3
14270.9 12599.2
14297.6 12620.0
14325.9 12638.7
14354.2 12656.8
14380.8 12674.9
14387.4 12691.4
14394.1 12705.1
14400.7 12718.8
14420.0 12732.5
14445.6 12756.7
14471.2 12781.2
14500.8 12805.7
14542.1 12825.0
14583.3 12840.2
14624.6 12855.4
14641.0 12872.7
14653.3 12901.7
14665.6 12930.8
14686.5 12959.9
14717.6 12984.7
14748.8 13008.1
14779.8 13031.5
14805.6 13053.3
14831.4 13071.7
14857.3 13090.1
14872.7 13108.6
14882.3 13122.5
14891.9 13136.1
14907.8 13149.7
14944.7 13173.5
14981.5 13206.4
15018.4 13239.3
15046.4 13270.8
15072.7 13292.0
15098.9 13313.1
15127.0 13334.2
15157.3 13358.6
15187.7 13384.4
15218.0 13410.2
15241.2 13434.4
15264.5 13455.2
15287.7 13476.0
15315.6 13496.8
15346.4 13541.8
15377.3 13589.4
15406.4 13637.0
15428.9 13666.6
15451.5 13677.7
15474.1 13688.9
15505.5 13701.0
15539.2 13721.6
15572.9 13742.3
15607.0 13763.0
15642.0 13793.3
15676.9 13828.1
15711.9 13862.9
15750.7 13898.7
15789.5 13937.1
15828.4 13975.5
15861.1 14013.9
15889.6 14021.2
15918.1 14024.1
15945.2 14027.0
15966.1 14053.4
15987.0 14106.5
16007.8 14159.5
16041.0 14211.2
16077.5 14241.7
16114.1 14272.3
16147.4 14302.8
16175.4 14329.9
16203.5 14355.3
16231.5 14380.7
16260.9 14405.8
16290.3 14430.4
16319.8 14455.0
16349.0 14479.5
16378.1 14489.0
16407.3 14495.8
16438.7 14502.5
16481.8 14521.5
16524.8 14555.5
16567.8 14589.5
16593.0 14623.2
16612.7 14650.0
16632.3 14676.8
16654.6 14703.6
16681.5 14732.7
16708.4 14763.1
16735.3 14793.6
16766.3 14823.9
16797.4 14854.2
16828.6 14884.4
16857.9 14914.6
16885.8 14937.5
16913.8 14958.8
16941.1 14980.1
16965.2 14996.1
16989.2 15004.8
17013.3 15013.6
17027.1 15022.7
17037.5 15051.2
17047.9 15079.7
17068.3 15108.2
17107.4 15131.2
17146.4 15150.7
17185.5 15170.2
17199.8 15190.5
17212.6 15213.9
17225.4 15237.3
17243.6 15260.6
17266.2 15270.1
17288.7 15276.4
17312.2 15282.7
17340.7 15298.5
17369.3 15327.9
17397.9 15357.3
17421.2 15386.7
17442.6 15404.8
17464.0 15423.0
17490.1 15441.1
17525.2 15460.9
17560.4 15481.9
17595.5 15502.8
17608.3 15523.6
17619.6 15544.0
17630.9 15564.3
17649.4 15584.7
17674.3 15616.2
17699.1 15650.5
17723.1 15684.7
17741.4 15704.5
17759.7 15702.4
17778.0 15700.2
17797.3 15698.0
17817.0 15723.7
17836.6 15749.5
17857.2 15775.4
17879.5 15797.4
17901.9 15816.9
17924.2 15836.3
17939.2 15855.0
17953.6 15870.4
17968.0 15885.9
17988.6 15901.3
18014.8 15919.8
18040.9 15939.1
18067.7 15958.4
18098.2 15978.3
18128.7 15999.2
18159.2 16020.1
18179.5 16041.0
18196.1 16057.0
18212.7 16072.8
18233.9 16088.7
18264.6 16108.6
18295.3 16131.3
18325.9 16154.1
18352.0 16177.6
18377.6 16204.9
18403.3 16232.1
18426.4 16259.3
18447.2 16287.6
18468.1 16316.1
18492.0 16344.6
18535.6 16366.8
18579.3 16378.9
18622.9 16391.0
18650.4 16403.1
18672.1 16441.7
18693.8 16480.7
18712.6 16519.7
18725.8 16545.3
18739.1 16561.3
18752.3 16577.2
18789.7 16593.6
18828.8 16611.6
18867.9 16629.6
18900.9 16647.6
18928.6 16687.7
18956.3 16734.0
18983.8 16780.3
19010.0 16811.7
19036.3 16819.1
19062.5 16826.4
19088.9 16833.8
19115.4 16868.9
19141.9 16904.5
19173.4 16940.2
19214.4 16967.5
19255.5 16988.8
19296.5 17010.2
19322.0 17034.6
19346.6 17072.4
19371.3 17110.3
19400.6 17148.1
19433.8 17168.9
19467.0 17185.0
19500.6 17201.0
19535.8 17223.8
19571.1 17257.4
19606.3 17290.9
19632.0 17324.4
19654.4 17350.9
19676.8 17377.2
19699.5 17403.6
19722.6 17433.5
19745.8 17465.9
19768.9 17498.4
19802.9 17527.2
19837.4 17540.6
19871.8 17553.9
19901.5 17567.2
19927.4 17586.0
19953.3 17606.3
19980.5 17626.5
20014.1 17651.7
20047.8 17684.5
20081.4 17717.2
20118.4 17750.0
20156.4 17779.2
20194.4 17808.3
20227.2 17837.5
20250.9 17850.3
20274.7 17852.0
20298.5 17853.8
20323.5 17867.8
20348.6 17931.3
20373.7 17994.8
20402.2 18058.3
20433.1 18083.4
20464.0 18098.9
20496.2 18114.4
20533.8 18128.4
20571.4 18140.2
20609.0 18151.9
20629.0 18163.8
20644.1 18192.2
20659.3 18220.7
20677.1 18249.1
20699.1 18280.3
20721.2 18313.3
20743.3 18346.3
20784.3 18377.2
20825.5 18400.1
20866.7 18423.1
20895.1 18446.0
20914.9 18468.8
20934.8 18491.6
20955.7 18514.4
20980.8 18540.0
21005.9 18569.4
21031.0 18598.8
21057.0 18628.0
21083.2 18645.5
21109.4 18663.0
21133.5 18680.5
21154.5 18707.2
21175.5 18739.3
21196.6 18771.5
21223.3 18799.1
21250.0 18811.6
21276.7 18824.1
21318.7 18836.5
21370.0 18878.5
21421.4 18926.4
21465.4 18974.2
21484.8 19009.2
21504.2 19027.8
21523.6 19046.5
21550.3 19065.4
21578.4 19090.0
21606.6 19114.7
21638.7 19139.3
21676.0 19172.2
21713.3 19209.4
21749.9 19246.6
21773.7 19275.3
21797.4 19278.7
21821.1 19282.1
21857.7 19285.5
21901.2 19319.7
21944.7 19358.9
21982.8 19398.1
22005.9 19434.9
22029.0 19469.0
22052.0 19503.0
22081.8 19536.6
22112.5 19564.9
22143.2 19593.2
22178.0 19621.4
22217.2 19646.6
22256.5 19670.3
22294.5 19694.0
22319.8 19723.6
22345.0 19768.3
22370.2 19813.1
22405.9 19857.9
22446.2 19884.5
22486.5 19908.7
22526.7 19932.9
22566.4 19966.0
22606.2 20008.3
22646.0 20050.6
22680.5 20091.1
22714.6 20115.2
22748.6 20139.3
22783.5 20163.5
22819.4 20198.8
22855.2 20238.8
22891.5 20278.9
22931.1 20316.4
22970.7 20348.5
23010.2 20380.5
23057.7 20412.6
23108.2 20445.1
23158.7 20477.6
23204.0 20510.1
23239.1 20539.9
23274.2 20567.2
23309.4 20594.5
23337.7 20624.9
23365.7 20675.3
23393.7 20725.7
23428.5 20776.1
23468.8 20813.0
23509.1 20845.3
23550.2 20877.5
23594.9 20913.2
23639.6 20955.5
23684.4 20997.9
23723.7 21040.2
23761.5 21072.7
23799.2 21104.8
23842.1 21136.8
23893.4 21180.1
23944.6 21232.2
23995.9 21284.3
24028.5 21331.3
24060.9 21353.6
24093.2 21375.9
24129.0 21398.2
24167.1 21424.4
24205.1 21451.6
24244.9 21478.9
24291.0 21517.6
24337.1 21574.2
24383.3 21630.9
24424.1 21687.6
24463.8 21697.8
24503.6 21707.9
24547.7 21718.0
24597.8 21742.2
24647.9 21775.5
24697.4 21808.8
24731.8 21846.1
24766.2 21898.1
24800.6 21950.1
24840.8 22002.1
24884.1 22034.8
24927.4 22063.3
24965.2 22091.8
24987.2 22126.4
25009.3 22169.0
25031.4 22211.5
25072.6 22253.7
25116.6 22286.4
25160.7 22319.1
25201.0 22351.8
25237.5 22382.4
25274.0 22411.9
25309.8 22441.4
25339.8 22474.4
25369.7 22517.0
25399.6 22559.7
25430.9 22602.3
25462.7 22619.1
25494.5 22632.0
25533.2 22645.0
25586.4 22672.6
25639.7 22716.0
25693.0 22759.4
25718.3 22802.0
25741.6 22836.8
25764.9 22871.6
25795.6 22906.4
25832.7 22938.7
25869.8 22969.9
25906.8 23001.1
25943.0 23034.3
25979.2 23071.9
26015.5 23109.4
26027.8 23147.0
26032.8 23155.9
26037.9 23162.6
26059.8 23169.2
26109.2 23194.9
26158.7 23236.9
26208.1 23278.9
26245.6 23318.2
26283.0 23341.6
26320.4 23365.0
26357.5 23388.5
26394.3 23421.7
26431.1 23457.9
26468.3 23494.2
26506.5 23522.6
26544.8 23537.5
26583.1 23552.4
26609.7 23567.4
26633.9 23605.7
26658.2 23644.4
26693.4 23683.1
26742.4 23714.9
26791.3 23742.0
26838.7 23769.1
26861.7 23798.7
26884.7 23837.3
26907.7 23875.9
26931.6 23914.6
26955.8 23950.3
26980.1 23985.4
27003.8 24020.5
27025.9 24043.9
27048.1 24051.9
27070.2 24059.9
27113.8 24069.8
27159.8 24115.9
27205.7 24162.1
27242.9 24208.2
27272.0 24237.6
27301.0 24258.4
27330.0 24279.1
27358.7 24303.3
27387.5 24336.7
27416.2 24370.1
27462.2 24403.5
27513.9 24429.3
27565.7 24454.1
27608.6 24478.8
27636.1 24515.1
27663.5 24562.8
27691.0 24610.5
27735.5 24656.6
27780.4 24690.7
27825.2 24724.7
27861.1 24758.8
27890.7 24781.0
27920.3 24798.8
27953.8 24816.6
28002.2 24840.8
28050.6 24877.2
28098.9 24913.5
28133.0 24949.9
28164.1 24991.3
28195.1 25033.0
28228.4 25074.6
28264.6 25116.6
28300.7 25158.8
28338.0 25200.9
28393.5 25241.1
28449.1 25272.2
28504.6 25303.3
28544.0 25334.5
28575.7 25362.9
28607.3 25390.7
28648.0 25418.5
28710.8 25454.0
28773.5 25500.3
28836.3 25546.7
28861.1 25592.1
28881.9 25613.2
28902.8 25634.3
28930.4 25655.4
28964.2 25702.8
28998.0 25764.4
29035.1 25825.9
29093.0 25874.6
29150.9 25887.8
29208.7 25901.0
29242.9 25914.2
29269.7 25949.2
29296.5 25987.0
29326.2 26024.8
29360.8 26061.2
29395.4 26096.0
29430.0 26130.8
29480.2 26168.5
29530.4 26228.2
29580.7 26287.8
29640.4 26347.5
29706.0 26367.5
29771.7 26373.1
29826.8 26378.6
29847.4 26400.2
29868.0 26451.8
29888.5 26503.3
29925.1 26554.9
29964.4 26583.4
30003.8 26611.2
30049.0 26639.0
30100.8 26679.0
30152.7 26727.8
30200.9 26776.6
30212.1 26820.0
30223.3 26841.6
30234.4 26863.3
30266.0 26884.9
30306.0 26912.4
30346.0 26941.2
30384.7 26970.0
30420.5 27005.3
30456.4 27048.9
30492.2 27092.5
30529.5 27134.9
30566.8 27157.5
30604.2 27180.0
30646.6 27202.6
30692.9 27237.3
30739.3 27277.8
30783.5 27318.2
30818.3 27354.5
30853.2 27380.8
30888.0 27407.1
30903.6 27433.4
30914.7 27462.0
30925.7 27490.7
30960.5 27519.5
31027.0 27549.0
31093.5 27579.1
31157.4 27609.2
31172.3 27640.1
31187.2 27675.5
31202.1 27710.9
31232.3 27746.3
31270.0 27762.4
31307.7 27772.8
31346.8 27783.2
31389.4 27808.0
31432.0 27855.5
31474.6 27903.0
31506.6 27950.2
31537.6 27969.2
31568.7 27988.2
31583.1 28007.2
31583.1 28025.5
31583.2 28043.5
31589.7 28061.4
31631.0 28084.7
31672.3 28123.6
31713.6 28162.6
31754.4 28201.6
31795.1 28216.3
31835.7 28227.5
31880.7 28238.6
31932.1 28266.2
31983.5 28310.7
32034.3 28355.3
32056.2 28397.4
32078.2 28421.6
32100.1 28445.7
32122.5 28469.8
32145.1 28494.9
32167.7 28520.4
32189.7 28545.8
32210.2 28571.7
32230.8 28598.2
32251.3 28624.8
32296.0 28651.3
32343.6 28688.1
32391.2 28725.1
32420.5 28762.1
32432.4 28785.9
32444.4 28800.9
32460.8 28815.9
32504.9 28836.6
32549.1 28877.3
32593.2 28918.0
32635.7 28958.7
32677.7 28985.7
32719.7 29010.2
32753.7 29034.7
32775.0 29055.2
32796.3 29070.9
32817.8 29086.7
32856.0 29105.2
32894.1 29152.4
32932.3 29199.5
32964.0 29246.7
32991.9 29273.2
33019.8 29291.3
33049.5 29309.5
33084.5 29333.3
33119.5 29367.9
33154.4 29402.5
33189.1 29437.2
33223.8 29474.5
33258.5 29512.0
33294.5 29549.4
33331.9 29583.6
33369.3 29615.6
33408.3 29647.5
33457.5 29676.8
33506.7 29696.0
33555.9 29715.3
33577.4 29734.6
33590.2 29769.9
33603.0 29808.5
33622.5 29847.0
33652.9 29875.2
33683.3 29891.1
33713.9 29906.9
33765.5 29925.9
33817.1 29979.9
33868.7 30033.9
33910.3 30087.9
33946.3 30121.4
33982.3 30146.4
34014.3 30171.3
34035.1 30201.4
34055.8 30241.9
34076.6 30282.3
34135.6 30322.8
34199.1 30352.6
34262.8 30382.0
34306.0 30411.3
34330.2 30448.5
34354.4 30491.4
34382.1 30534.2
34431.0 30573.4
34479.9 30598.8
34528.7 30624.1
34564.1 30649.5
34595.4 30687.7
34626.7 30728.4
34664.4 30769.2
34711.7 30803.3
34759.1 30829.7
34806.1 30856.1
34843.6 30883.4
34881.1 30920.7
34918.5 30958.0
34953.7 30995.4
34987.7 31026.9
35021.6 31056.2
35056.7 31085.5
35094.6 31112.6
35132.4 31135.5
35170.3 31158.5
35209.7 31181.4
35249.3 31233.3
35288.9 31286.1
35325.6 31339.0
35359.8 31374.6
35394.1 31398.3
35426.4 31422.0
35448.7 31446.4
35471.1 31473.8
35493.5 31501.2
35538.5 31528.6
35589.3 31556.0
35640.1 31583.5
35683.3 31611.0
35716.1 31642.1
35748.9 31677.2
35780.8 31712.3
35796.1 31746.3
35811.5 31771.2
35826.9 31796.2
35869.3 31821.1
35924.2 31851.8
35979.1 31884.6
36026.4 31917.4
36057.3 31954.4
36088.1 31998.8
36119.0 32043.2
36156.9 32087.5
36195.1 32095.1
36233.4 32102.4
36261.6 32109.7
36282.5 32141.4
36303.3 32187.9
36328.3 32234.5
36368.8 32274.8
36409.2 32296.4
36449.7 32318.0
36480.0 32339.6
36508.3 32373.2
36536.6 32408.5
36558.8 32443.7
36574.2 32463.3
36589.6 32467.9
36606.1 32472.5
36633.0 32480.8
36659.9 32511.3
36686.8 32541.9
36725.8 32572.4
36769.3 32614.4
36812.8 32659.8
36844.0 32705.2
36853.7 32741.0
36863.3 32762.4
36873.0 32783.9
36904.2 32805.0
36935.6 32817.9
36967.0 32830.8
36999.6 32843.7
37032.9 32850.5
37066.2 32854.3
37101.4 32858.1
37142.4 32874.0
37183.4 32918.9
37224.4 32963.8
37246.4 33008.7
37266.1 33031.7
37285.8 33052.9
37314.3 33074.2
37350.7 33099.1
37387.0 33126.9
37423.9 33154.8
37463.8 33184.0
37503.7 33219.4
37543.6 33254.8
37560.2 33290.1
37570.6 33305.1
37581.1 33315.8
37602.8 33326.4
37639.8 33357.4
37676.7 33412.8
37712.6 33468.2
37731.3 33520.9
37750.0 33544.4
37768.7 33568.0
37792.1 33591.6
37817.5 33599.7
37843.0 33601.7
37869.9 33603.7
37899.8 33619.0
37929.8 33658.6
37959.7 33698.1
37998.2 33737.7
38037.0 33781.8
38075.8 33826.0
38097.2 33870.2
38107.0 33882.6
38116.8 33875.7
38133.5 33868.8
38173.0 33875.8
38212.5 33923.2
38252.1 33970.6
38296.5 34018.1
38341.6 34049.0
38386.8 34077.8
38417.6 34106.7
38434.4 34127.1
38451.2 34140.0
38470.0 34152.9
38501.6 34169.0
38533.3 34202.1
38564.9 34235.2
38601.4 34268.3
38639.3 34311.6
38677.2 34357.6
38710.9 34403.6
38738.5 34434.3
38766.1 34444.5
38794.5 34454.7
38838.5 34466.6
38882.5 34504.0
38926.4 34541.4
38980.9 34578.8
39040.2 34614.8
39099.5 34650.2
39144.3 34685.6
39158.5 34724.3
39172.8 34769.6
39187.0 34814.9
39216.2 34860.3
39246.0 34891.9
39275.8 34923.2
39306.4 34954.6
39337.4 34990.6
39368.4 35029.7
39403.7 35068.7
39452.6 35098.6
39501.6 35100.1
39550.6 35101.7
39593.1 35103.2
39634.6 35155.2
39676.1 35213.8
39705.8 35272.5
39723.9 35329.8
39742.1 35386.0
39767.2 35442.2
39832.3 35490.3
39897.4 35495.6
39962.5 35500.9
39992.1 35506.1
40012.1 35543.2
40032.0 35588.5
40065.4 35633.7
40116.7 35668.3
40168.1 35688.7
40217.6 35709.2
40239.9 35731.7
40262.3 35781.1
40284.6 35830.5
40329.2 35879.9
40383.1 35924.4
40437.0 35966.9
40485.3 36009.4
40522.9 36047.9
40560.5 36078.9
40598.1 36109.8
40654.3 36140.8
40710.7 36196.1
40767.2 36251.7
40805.1 36307.3
40831.8 36332.7
40858.5 36340.3
40894.6 36347.9
40956.7 36372.0
41018.7 36442.0
41080.7 36512.0
41107.6 36581.9
41130.9 36614.2
41154.2 36642.4
41189.2 36670.8
41234.0 36697.4
41278.9 36722.8
41319.4 36748.1
41341.3 36776.1
41363.2 36815.7
41385.1 36855.3
41460.6 36894.9
41547.4 36931.9
41634.0 36968.3
41685.4 37004.7
41697.0 37034.9
41708.6 37057.9
41722.6 37080.9
41755.7 37107.8
41788.8 37166.1
41821.9 37224.4
41863.4 37282.6
41907.6 37317.9
41951.8 37345.5
41992.4 37373.1
42027.2 37408.4
42062.1 37455.6
42096.6 37502.9
42122.8 37548.4
42148.9 37546.2
42175.0 37544.0
42225.7 37541.8
42287.9 37579.4
42350.1 37636.1
42395.8 37692.8
42407.5 37734.4
42419.2 37743.8
42430.9 37753.3
42466.8 37762.7
42503.4 37811.2
42540.0 37861.1
42574.3 37911.1
42607.2 37946.4
42640.1 37972.0
42676.6 37997.7
42723.7 38018.7
42770.8 38025.6
42817.9 38032.5
42826.9 38039.4
42831.7 38085.1
42836.5 38135.6
42871.0 38186.0
42930.3 38223.0
42989.6 38248.4
43042.2 38273.7
43066.2 38299.7
43090.3 38329.0
43114.3 38358.4
43152.6 38387.7
43193.6 38415.6
43234.7 38443.2
43266.9 38470.8
43289.5 38497.1
43312.2 38521.8
43335.7 38546.6
43364.8 38572.4
43393.8 38606.4
43423.0 38640.4
43463.7 38674.4
43508.0 38708.4
43552.2 38742.4
43588.8 38776.4
43614.8 38816.6
43640.7 38865.9
43666.6 38915.3
43691.9 38962.4
43717.2 38963.5
43742.6 38964.6
43772.9 38965.7
43805.3 38987.9
43837.7 39019.4
43869.9 39050.9
43902.0 39078.4
43934.0 39097.7
43966.1 39117.1
44012.4 39136.4
44058.8 39170.4
44105.1 39204.6
44137.8 39238.8
44163.3 39272.3
44188.7 39305.3
44212.7 39338.2
44233.4 39367.6
44254.1 39387.5
44274.9 39407.5
44326.9 39427.4
44380.7 39458.8
44434.5 39491.1
44468.0 39523.4
44487.6 39549.3
44507.2 39570.4
44526.1 39591.6
44542.8 39613.5
44559.4 39638.5
44576.0 39663.5
44614.6 39688.5
44655.9 39714.8
44697.3 39741.4
44737.3 39767.9
44776.3 39797.0
44815.2 39828.5
44849.4 39860.0
44863.0 39892.0
44876.6 39926.3
44890.3 39960.6
44928.1 39995.0
44970.6 40023.1
45013.0 40049.8
45047.3 40076.5
45073.0 40094.2
45098.6 40101.6
45126.6 40108.9
45169.8 40119.3
45213.0 40153.1
45256.3 40187.0
45272.7 40220.9
45282.0 40247.8
45291.3 40272.5
45306.8 40297.3
45330.3 40335.1
45353.7 40391.5
45379.3 40447.9
45426.3 40500.6
45473.3 40499.2
45520.3 40497.9
45574.8 40496.5
45632.0 40530.3
45689.2 40578.3
45727.6 40626.3
45736.8 40662.6
45746.1 40678.5
45756.7 40694.4
45799.2 40710.8
45841.6 40752.6
45884.1 40794.5
45919.8 40836.3
45952.4 40863.1
45985.1 40882.2
46004.8 40901.3
46000.3 40922.9
45995.8 40949.4
45991.3 40975.9
46064.0 41002.4
46136.9 41034.0
46209.7 41065.8
46251.3 41097.5
46276.1 41128.7
46301.0 41159.6
46321.1 41190.5
46330.5 41222.9
46339.8 41259.2
46349.1 41295.5
46394.7 41331.9
46441.8 41349.6
46489.0 41365.9
46531.8 41382.3
46571.7 41416.1
46611.6 41462.7
46648.6 41509.2
46677.4 41548.4
46706.2 41563.6
46734.9 41578.7
46783.2 41593.8
46833.2 41617.6
46883.2 41642.5
46922.7 41667.4
46954.4 41707.8
46986.1 41761.3
47018.9 41814.8
47055.7 41862.6
47092.4 41886.3
47129.2 41910.1
47173.8 41933.9
47219.4 41983.0
47265.0 42036.5
47302.2 42090.0
47331.9 42131.6
47361.7 42161.7
47389.3 42191.7
47407.4 42217.7
47425.6 42222.3
47443.7 42226.8
47448.2 42231.4
47450.1 42242.2
47452.1 42254.5
47449.4 42266.7
47442.1 42281.5
47434.7 42299.2
47429.4 42316.9
47435.4 42331.4
47441.3 42324.5
47447.2 42317.6
47459.8 42310.6
47473.9 42321.4
47488.0 42337.1
47498.2 42352.8
47504.2 42355.1
47510.2 42340.3
47511.6 42325.4
47482.4 42312.9
47453.1 42322.7
47423.9 42332.6
47440.6 42342.4
47469.8 42336.3
47499.0 42324.9
47506.6 42313.5
47486.9 42315.0
47467.3 42335.2
47452.2 42355.3
47477.8 42373.4
47503.4 42363.2
47529.0 42353.0
47549.4 42342.8
47568.0 42365.2
47586.7 42400.0
47612.4 42434.8
47648.0 42460.0
47683.7 42469.6
47715.9 42479.3
47706.7 42488.4
47697.5 42486.4
47688.4 42484.4
47699.1 42482.4
47717.2 42504.7
47735.2 42537.4
47766.6 42570.1
47818.5 42590.1
47870.4 42587.2
47920.0 42584.3
47927.9 42581.8
47935.8 42597.6
47943.7 42613.4
47962.4 42629.2
47985.5 42645.3
48008.5 42661.6
48025.1 42677.8
48030.7 42692.3
48036.3 42703.4
48042.4 42714.5
48064.5 42725.6
48086.7 42725.2
48108.8 42724.7
48119.3 42724.3
48124.7 42738.1
48130.0 42759.5
48144.4 42780.8
48175.4 42805.8
48206.3 42838.6
48237.0 42871.4
48248.3 42904.3
48259.7 42911.9
48271.0 42919.1
48287.4 42926.2
48306.2 42918.4
48325.0 42902.2
48345.8 42886.0
48370.7 42887.6
48395.7 42930.2
48420.6 42972.7
48433.6 43015.2
48446.6 43015.6
48459.6 43014.4
48471.6 43013.2
48483.0 43011.9
48494.5 43010.4
48511.7 43008.9
48541.1 43019.6
48570.4 43060.3
48599.8 43101.1
48619.6 43141.8
48639.2 43142.2
48658.9 43140.5
48679.2 43138.9
48699.8 43156.3
48720.4 43185.6
48735.7 43214.9
48739.4 43239.0
48743.2 43249.9
48746.9 43260.8
48779.1 43271.7
48812.0 43294.6
48844.9 43318.3
48871.3 43341.9
48893.9 43361.4
48916.6 43378.3
48933.2 43395.1
48936.0 43412.8
48938.8 43432.5
48941.6 43452.2
48985.0 43471.9
49029.6 43484.8
49074.2 43497.2
49098.6 43509.6
49111.2 43523.1
49123.8 43537.5
49136.8 43551.9
49150.5 43565.9
49164.3 43579.0
49178.0 43592.1
49180.2 43605.2
49181.9 43606.1
49183.7 43606.1
49207.9 43606.1
49245.3 43627.7
49282.8 43663.8
49314.9 43699.9
49334.1 43726.0
49353.3 43724.5
49372.5 43722.9
49374.6 43721.4
49376.1 43755.4
49377.6 43792.0
49395.1 43828.7
49422.1 43849.8
49449.0 43860.4
49481.0 43871.1
49525.1 43887.2
49569.3 43918.8
49613.4 43950.4
49606.6 43982.0
49597.9 43997.4
49589.1 44011.7
49609.0 44026.0
49646.0 44035.9
49682.9 44043.0
49725.3 44050.1
49780.5 44060.4
49835.7 44079.5
49890.9 44098.6
49921.5 44117.7
49951.0 44174.6
49980.6 44234.1
49994.7 44293.6
49999.7 44329.9
50004.8 44351.1
50019.5 44372.3
50056.5 44397.1
50093.6 44431.5
50130.6 44465.9
50138.5 44500.3
50145.6 44491.0
50152.7 44479.2
50165.2 44467.4
50180.9 44489.1
50196.6 44532.0
50220.8 44574.9
50264.4 44611.2
50308.0 44630.8
50351.5 44650.4
50364.7 44670.1
50377.2 44682.2
50389.7 44694.0
50409.5 44705.8
50433.2 44726.0
50456.9 44751.4
50485.7 44776.6
50525.1 44807.2
50564.5 44850.3
50603.9 44893.4
50635.4 44936.5
50666.8 44929.3
50698.2 44920.3
50708.8 44911.3
50708.6 44940.7
50708.3 44992.2
50713.4 45043.7
50729.2 45081.5
50745.0 45088.5
50760.9 45095.5
50797.6 45102.5
50834.3 45125.9
50871.0 45149.7
50894.0 45173.5
50910.4 45183.3
50926.7 45185.5
50942.5 45187.8
50957.3 45201.4
50972.1 45238.5
50987.4 45275.7
51029.3 45312.8
51071.1 45336.7
51113.0 45360.6
51129.8 45384.5
51135.5 45415.0
51141.1 45448.6
51155.4 45482.3
51184.6 45500.4
51213.9 45489.2
51242.9 45477.9
51266.0 45467.0
51289.0 45470.7
51312.1 45474.4
51324.9 45478.2
51333.5 45500.8
51342.1 45531.7
51357.8 45562.7
51384.9 45589.0
51412.1 45607.2
51438.5 45625.4
51453.9 45643.9
51469.2 45669.6
51484.6 45695.3
51482.1 45721.0
51473.0 45732.8
51464.0 45739.0
51471.9 45745.2
51504.5 45755.9
51537.1 45773.3
51567.7 45790.8
51575.6 45806.1
51583.6 45793.0
51591.6 45779.9
51590.3 45766.8
51586.0 45793.9
51581.8 45834.7
51583.3 45875.5
51592.2 45904.9
51601.1 45918.7
51609.9 45932.5
51617.1 45943.0
51624.2 45923.9
51631.4 45904.8
51648.1 45885.7
51667.4 45884.7
51686.7 45888.9
51689.2 45893.2
51672.1 45907.8
51655.0 45935.0
51645.4 45962.3
51681.6 45987.9
51717.8 46003.1
51754.0 46018.2
51759.6 46033.4
51758.3 46026.8
51757.0 46015.0
51757.6 46003.2
51760.0 46016.8
51762.3 46057.0
51765.0 46097.3
51769.4 46129.5
51773.7 46121.5
51778.0 46113.6
51793.9 46105.6
51811.7 46119.0
51829.5 46136.2
51841.8 46153.5
51849.2 46157.0
51856.6 46148.2
51867.2 46139.3
51890.4 46132.3
51913.5 46132.5
51936.7 46132.8
51924.6 46133.1
51908.1 46150.7
51891.6 46170.6
51890.2 46190.4
51900.4 46207.1
51910.7 46221.3
51914.9 46235.4
51900.6 46243.2
51886.3 46231.4
51872.0 46219.6
51914.2 46207.9
51960.9 46231.3
52007.7 46257.5
52025.8 46283.7
52025.4 46287.4
52024.9 46276.5
52022.7 46265.6
52016.0 46267.1
52009.2 46299.0
52002.5 46330.9
52012.7 46362.8
52023.4 46372.0
52034.1 46380.6
52036.9 46389.2
52035.3 46395.0
52033.7 46399.2
52036.6 46403.4
52048.6 46401.9
52060.6 46389.1
52072.6 46376.3
52078.4 46364.0
52084.2 46380.9
52090.0 46397.9
52108.8 46414.8
52133.2 46434.1
52157.6 46454.5
52172.0 46474.9
52169.5 46493.6
52167.0 46509.5
52165.5 46525.5
52181.7 46541.1
52197.9 46551.6
52214.0 46562.2
52233.3 46572.8
52253.7 46597.3
52274.2 46626.4
52290.3 46655.4
52300.7 46682.2
52311.1 46706.1
52323.9 46730.0
52357.1 46750.2
52390.2 46744.5
52423.3 46738.8
52445.0 46733.2
52463.7 46761.1
52482.4 46796.9
52487.9 46832.7
52478.9 46857.0
52469.9 46869.7
52469.9 46882.3
52517.1 46893.4
52564.3 46897.3
52611.5 46901.2
52614.2 46905.1
52608.9 46942.5
52603.6 46984.9
52605.0 47027.4
52612.3 47051.2
52619.6 47059.9
52633.6 47068.7
52671.6 47076.6
52709.6 47081.9
52747.6 47087.3
52768.9 47092.6
52788.4 47134.6
52807.9 47179.4
52824.8 47224.2
52839.9 47241.4
52855.1 47241.5
52868.7 47241.6
52878.6 47245.4
52888.5 47257.8
52898.4 47270.1
52893.4 47282.5
52887.8 47292.4
52882.3 47302.2
52895.7 47312.1
52919.5 47332.7
52943.2 47358.3
52968.0 47383.9
52995.1 47397.8
53022.1 47391.9
53048.6 47386.0
53052.6 47383.9
53056.6 47440.3
53060.6 47496.7
53070.0 47553.1
53081.6 47558.8
53093.1 47547.6
53107.5 47536.5
53126.2 47536.6
53144.9 47551.0
53163.8 47565.4
53185.0 47578.6
53206.2 47582.8
53227.4 47587.1
53221.9 47591.3
53208.9 47613.2
53195.8 47638.8
53203.4 47664.4
53234.3 47677.3
53265.2 47678.0
53294.7 47678.7
53317.0 47683.9
53339.3 47706.6
53361.5 47729.3
53396.8 47751.9
53434.5 47792.1
53472.1 47834.3
53505.5 47876.4
53535.3 47894.2
53565.1 47894.9
53588.5 47895.6
53590.5 47897.7
53592.5 47903.3
53594.5 47908.9
53596.6 47914.5
53598.6 47920.1
53600.6 47925.7
53602.7 47931.3
53607.9 47936.9
53633.7 47950.7
53659.4 47968.2
53685.2 47985.7
53698.9 47987.4
53711.3 47969.2
53723.7 47951.1
53745.0 47946.6
53770.8 47996.8
53796.7 48047.0
53819.3 48097.3
53837.2 48116.4
53855.1 48134.1
53870.1 48151.8
53871.5 48172.8
53872.9 48195.1
53874.3 48217.5
53895.5 48223.9
53918.0 48212.3
53940.6 48200.8
53975.5 48197.1
54015.9 48220.0
54056.3 48242.9
54079.6 48265.8
54082.3 48283.9
54085.1 48302.0
54093.9 48320.1
54125.6 48322.2
54157.3 48318.9
54189.0 48315.7
54218.8 48340.6
54248.6 48393.7
54278.4 48446.8
54323.3 48488.9
54373.9 48499.0
54424.5 48509.2
54471.4 48520.2
54514.4 48597.5
54557.3 48674.8
54603.7 48752.1
54660.8 48796.4
54717.9 48830.7
54775.0 48865.1
54830.9 48916.6
54886.9 48983.6
54942.9 49050.6
55020.6 49110.7
55104.9 49153.4
55189.3 49196.0
55246.0 49238.5
55277.7 49277.8
55309.3 49317.0
55347.5 49356.3
55402.3 49420.8
55457.1 49491.8
55511.2 49562.9
55547.0 49594.3
55582.7 49593.5
55618.5 49592.7
55643.9 49603.2
55666.8 49639.4
55689.6 49675.6
55721.8 49711.5
55761.3 49743.1
55800.8 49774.7
55825.3 49806.4
55816.7 49795.5
55808.2 49775.3
55800.5 49755.0
55805.2 49726.5
55809.9 49691.9
55814.6 49657.2
55819.4 49634.9
55824.3 49637.5
55829.2 49640.1
55823.3 49642.7
55809.7 49644.5
55796.2 49646.3
55781.5 49648.1
55764.6 49649.4
55747.7 49650.5
55733.8 49651.6
55746.4 49647.2
55758.9 49639.1
55771.5 49631.0
55767.4 49633.5
55760.5 49655.5
55753.5 49677.5
55760.6 49696.0
55776.4 49685.2
55792.1 49674.3
55796.9 49663.5
55783.4 49672.6
55769.9 49684.9
55760.8 49697.2
55781.6 49712.8
55802.3 49730.4
55823.0 49748.0
55826.4 49753.1
55827.7 49737.3
55829.0 49721.5
55824.3 49708.0
55816.5 49710.7
55808.6 49713.4
55803.2 49716.1
55801.5 49690.4
55799.8 49661.0
55797.1 49631.6
55789.4 49646.2
55781.8 49685.8
55774.1 49725.5
55785.3 49730.2
55798.1 49680.8
55810.9 49631.4
55791.6 49591.3
55756.7 49605.0
55721.8 49618.7
55703.5 49632.4
55707.2 49636.1
55710.9 49638.7
55717.6 49641.3
55737.2 49647.9
55756.9 49656.5
55776.5 49665.1
55749.0 49667.0
55718.6 49659.2
55688.3 49651.5
55685.5 49642.4
55694.6 49626.9
55703.6 49611.4
55704.2 49595.8
55694.7 49579.9
55685.3 49564.0
55680.7 49548.0
55694.2 49538.9
55707.8 49533.1
55721.4 49527.3
55717.5 49535.5
55713.1 49562.2
55708.6 49588.9
55693.6 49604.6
55674.5 49570.6
55655.5 49536.5
55653.0 49502.5
55668.3 49505.7
55683.6 49511.4
55691.5 49517.0
55675.5 49527.7
55659.5 49540.7
55643.5 49553.6
55618.3 49558.0
55593.0 49551.7
55567.7 49545.4
55554.5 49539.2
55545.3 49533.8
55536.1 49528.3
55534.8 49522.9
55541.2 49510.9
55547.6 49498.5
55549.3 49486.2
55537.3 49467.6
55525.4 49446.4
55514.1 49425.1
55545.5 49413.7
55576.8 49413.7
55608.2 49413.8
55597.2 49417.8
55573.9 49436.4
55550.5 49455.0
55518.6 49473.6
55478.9 49446.9
55439.3 49418.8
55406.0 49390.6
55388.6 49387.7
55371.1 49394.4
55355.5 49401.2
55386.4 49394.9
55417.4 49374.2
55448.3 49353.5
55431.6 49339.4
55402.6 49347.2
55373.7 49355.0
55365.0 49362.8
55372.8 49361.1
55380.6 49359.4
55386.1 49357.6
55386.2 49336.8
55386.4 49309.2
55385.2 49281.7
55362.9 49259.3
55340.5 49242.3
55318.2 49225.3
55331.7 49213.2
55353.2 49216.1
55374.8 49219.1
55363.0 49222.0
55326.3 49209.3
55289.6 49196.6
55263.6 49183.9
55259.4 49173.6
55255.2 49164.1
55253.1 49154.6
55273.5 49147.2
55293.8 49141.9
55314.2 49136.6
55294.0 49129.8
55266.0 49118.3
55238.0 49106.8
55230.4 49095.5
55236.9 49107.7
55243.4 49120.0
55239.7 49132.2
55217.0 49113.2
55194.3 49084.5
55175.7 49055.8
55192.7 49044.1
55209.7 49048.4
55226.8 49052.7
55231.1 49056.8
55233.4 49060.0
55235.6 49063.2
55215.7 49065.8
55181.9 49036.6
55148.0 49007.4
55132.0 48978.3
55146.7 48969.8
55161.3 48967.4
55176.7 48965.0
55196.9 48954.5
55217.2 48936.8
55237.4 48919.0
55214.7 48904.3
55186.0 48897.4
55157.3 48890.6
55150.1 48885.0
55155.2 48914.4
55160.3 48943.7
55169.3 48973.1
55184.4 48977.1
55199.4 48974.3
55213.3 48971.4
55220.6 48954.3
55227.9 48925.0
55235.1 48895.7
55228.1 48882.5
55219.4 48908.4
55210.6 48934.3
55199.3 48958.5
55186.6 48947.0
55173.9 48935.6
55183.6 48924.1
55226.2 48922.9
55268.8 48924.2
55304.6 48925.6
55305.0 48919.4
55305.4 48907.0
55305.9 48894.6
55317.8 48904.4
55330.7 48965.1
55343.7 49025.8
55347.5 49083.0
55346.7 49079.2
55345.9 49075.4
55340.9 49071.6
55330.4 49041.2
55319.9 49004.4
55314.9 48967.7
55335.3 48974.3
55355.7 49015.0
55376.0 49055.6
55386.8 49083.4
55396.9 49082.7
55407.0 49082.0
55414.8 49083.6
55421.4 49118.7
55428.0 49153.9
55453.0 49189.0
55501.3 49198.9
55549.6 49203.1
55590.9 49207.4
55603.5 49212.0
55616.1 49217.0
55628.7 49221.9
55651.9 49225.4
55675.6 49225.7
55699.4 49226.0
55691.3 49226.9
55669.8 49235.1
55648.3 49243.2
55651.3 49251.4
55683.2 49279.5
55715.0 49311.7
55744.9 49343.9
55767.5 49380.7
55790.1 49420.8
55812.8 49460.9
55801.1 49483.5
55788.3 49470.7
55775.5 49458.0
55783.2 49448.2
55798.8 49471.0
55814.4 49493.7
55832.4 49516.5
55853.0 49517.0
55873.5 49513.2
55893.2 49509.4
55909.5 49526.6
55925.9 49558.6
55942.2 49590.6
55984.3 49613.5
56026.8 49618.7
56069.2 49623.9
56097.5 49630.9
56120.7 49655.9
56143.9 49680.8
56155.4 49705.8
56154.9 49734.1
56154.4 49763.0
56155.6 49791.9
56162.1 49807.1
56168.6 49813.2
56175.1 49819.3
56183.0 49820.9
56190.8 49814.1
56198.7 49807.2
56215.8 49805.1
56236.0 49843.5
56256.3 49881.9
56277.0 49920.3
56298.3 49946.2
56319.6 49969.9
56341.7 49993.7
56366.0 50006.9
56390.4 50013.3
56414.6 50019.7
56430.6 50031.7
56446.5 50053.7
56462.4 50075.7
56472.3 50099.3
56480.4 50135.9
56488.5 50172.5
56506.4 50209.1
56533.1 50195.9
56559.7 50174.9
56579.2 50153.8
56579.7 50149.7
56580.3 50156.1
56581.3 50162.5
56598.1 50179.6
56614.9 50214.9
56631.7 50250.3
56634.4 50284.3
56633.3 50308.2
56632.1 50332.1
56650.1 50356.0
56684.6 50357.1
56719.0 50354.8
56743.2 50352.5
56742.8 50363.6
56742.5 50382.8
56743.2 50401.9
56767.3 50418.5
56791.4 50430.8
56815.4 50443.1
56847.7 50456.0
56882.0 50473.0
56916.3 50490.0
56920.9 50507.1
56901.7 50547.3
56882.4 50590.6
56875.0 50633.9
56894.1 50630.8
56913.2 50600.8
56933.8 50570.8
56975.9 50552.2
57018.1 50551.6
57060.3 50551.1
57048.4 50553.8
57024.4 50576.7
57000.4 50599.7
56998.7 50622.7
57013.9 50648.2
57029.0 50674.1
57052.9 50700.0
57095.2 50716.5
57137.5 50727.8
57178.7 50739.1
57207.2 50754.0
57235.7 50774.6
57264.1 50795.2
57280.2 50815.5
57293.8 50834.1
57307.5 50852.7
57315.3 50871.3
57319.0 50880.6
57322.7 50888.7
57335.2 50896.9
57364.6 50907.3
57393.9 50918.7
57419.4 50930.2
57407.9 50937.0
57396.4 50937.0
57384.8 50937.0
57398.9 50943.1
57417.4 50982.8
57436.0 51022.4
57457.8 51062.0
57481.7 51065.9
57505.5 51066.2
57524.3 51066.4
57533.9 51082.5
57543.5 51106.9
57553.9 51131.2
57570.7 51141.4
57587.5 51131.6
57604.3 51121.7
57633.2 51119.7
57663.9 51158.5
57694.7 51197.3
57707.7 51236.0
57709.9 51245.3
57712.0 51251.7
57721.1 51258.2
57741.9 51275.1
57762.7 51297.0
57779.7 51319.0
57770.5 51333.5
57761.3 51337.8
57752.0 51342.1
57772.1 51346.9
57796.3 51354.2
57820.5 51361.5
57831.4 51368.9
57834.6 51417.1
57837.9 51468.7
57833.8 51520.3
57818.0 51538.3
57802.2 51540.4
57798.2 51542.5
57865.4 51540.2
57932.6 51531.9
57999.7 51523.6
57994.7 51524.2
57981.3 51564.0
57967.9 51603.9
57968.7 51643.8
57977.2 51646.5
57985.7 51646.6
57998.0 51646.7
58015.6 51642.2
58033.3 51635.6
58049.4 51629.1
58056.8 51631.0
58064.2 51643.7
58071.6 51656.4
58099.3 51676.2
58128.9 51725.8
58158.5 51775.4
58148.6 51825.0
58118.9 51820.1
58089.2 51811.9
58077.9 51803.8
58091.8 51816.7
58105.7 51838.8
58117.3 51860.8
58118.0 51877.2
58118.6 51886.6
58119.3 51896.0
58157.9 51908.6
58199.5 51934.0
58241.1 51959.4
58268.1 51984.7
58288.5 51982.9
58308.9 51979.8
58319.9 51976.6
58319.1 51979.2
58318.2 51984.1
58319.6 51989.0
58330.8 52005.5
58341.9 52035.5
58353.0 52065.5
58357.8 52091.6
58362.3 52103.4
58366.8 52115.1
58370.4 52126.9
58373.7 52128.3
58376.9 52129.4
58377.6 52130.5
58375.1 52170.8
58372.6 52226.4
58374.9 52282.1
58395.4 52310.0
58416.0 52306.6
58436.5 52303.2
58441.8 52300.9
58446.5 52302.3
58451.3 52303.8
58455.4 52305.2
58459.3 52314.5
58463.2 52323.9
58475.3 52333.4
58496.5 52345.4
58517.7 52358.2
58530.5 52371.1
58514.8 52377.6
58499.0 52377.4
58483.3 52377.2
58493.5 52373.0
58504.3 52355.8
58515.0 52338.6
58518.8 52321.4
58520.3 52325.4
58521.7 52329.7
58536.0 52334.0
58563.5 52352.6
58591.1 52376.1
58608.4 52399.7
58594.4 52416.0
58580.4 52424.9
58566.4 52433.7
58563.0 52438.6
58559.6 52431.3
58556.2 52424.0
58566.5 52416.7
58581.3 52433.9
58596.0 52451.1
58598.0 52468.3
58587.7 52475.2
58577.4 52478.7
58583.9 52482.3
58636.6 52481.6
58689.3 52476.9
58740.2 52472.3
58705.0 52472.1
58669.8 52484.8
58634.6 52497.6
58625.1 52510.2
58623.0 52517.7
58621.0 52525.2
58627.8 52532.7
58642.6 52529.0
58657.4 52521.9
58668.6 52514.8
58671.0 52521.2
58673.4 52539.9
58674.8 52558.7
58654.1 52561.8
58633.3 52523.6
58612.5 52485.3
58630.8 52449.1
58659.1 52484.5
58687.4 52520.0
58708.6 52555.4
58724.0 52554.2
58739.4 52542.6
58752.3 52531.0
58759.6 52510.1
58766.8 52481.2
58771.2 52452.2
58732.9 52437.3
58694.6 52456.9
58656.2 52476.6
58670.7 52496.1
58697.1 52513.6
58723.4 52531.1
58712.0 52548.6
58672.3 52571.4
58632.6 52595.6
58616.0 52619.7
58646.7 52623.9
58677.4 52611.6
58708.5 52599.4
58743.7 52587.1
58778.8 52574.6
58813.9 52562.2
58796.3 52550.0
58768.5 52543.4
58740.8 52536.7
58740.9 52530.1
58760.0 52566.1
58779.1 52612.1
58795.4 52658.0
58806.7 52668.5
58817.9 52651.8
58821.9 52635.0
58764.3 52630.4
58706.6 52651.5
58649.0 52672.6
58657.0 52689.6
58675.5 52654.0
58694.0 52618.3
58708.1 52582.7
58719.5 52581.4
58730.9 52587.2
58744.8 52593.1
58763.1 52595.7
58781.4 52595.9
58796.1 52596.2
58785.7 52595.5
58775.3 52593.0
58764.9 52590.4
58765.8 52587.7
58768.2 52583.4
58770.6 52579.0
58774.4 52574.7
58779.0 52590.2
58783.5 52609.4
58793.8 52628.6
58812.7 52634.8
58831.5 52632.2
58847.9 52629.7
58850.8 52632.6
58853.6 52645.4
58856.4 52658.3
58831.4 52671.7
58803.7 52690.3
58775.9 52708.8
58771.0 52727.4
58777.7 52702.6
58784.4 52670.9
58798.7 52639.3
58823.4 52631.4
58848.2 52638.2
58868.6 52644.9
58869.3 52652.3
58870.0 52660.5
58870.7 52668.7
58837.7 52671.0
58802.4 52633.2
58767.2 52595.4
58754.0 52557.5
58750.8 52543.6
58747.5 52532.9
58757.3 52522.2
58783.2 52529.1
58809.1 52546.0
58834.4 52562.9
58857.6 52571.2
58880.8 52566.5
58904.0 52561.8
58885.2 52560.3
58864.7 52577.1
58844.3 52593.8
58835.1 52610.6
58830.3 52604.2
58825.6 52595.3
58815.7 52586.4
58800.0 52583.5
58784.3 52583.6
58773.1 52583.7
58776.4 52583.0
58779.8 52581.2
58783.2 52579.4
58792.0 52576.2
58800.8 52566.2
58809.7 52556.2
58811.9 52546.1
58812.0 52570.0
58812.1 52596.6
58818.6 52623.2
58831.4 52622.3
58844.3 52608.4
58854.1 52594.5
58855.2 52584.0
58856.2 52577.8
58857.7 52571.5
58877.3 52566.7
58897.0 52567.5
58916.6 52568.4
58886.1 52569.3
58841.1 52583.3
58796.2 52598.0
58783.0 52612.8
58797.5 52602.5
58812.1 52581.9
58824.8 52561.2
58833.0 52555.7
58841.2 52568.0
58849.4 52580.2
58857.4 52584.1
58865.4 52558.0
58873.4 52531.9
58880.6 52505.8
58887.5 52514.6
58894.5 52524.4
58886.0 52534.2
58865.7 52546.2
58845.3 52559.0
58836.2 52571.8
58850.6 52575.6
58865.1 52569.7
58876.0 52563.8
58846.6 52560.1
58817.1 52562.9
58787.7 52565.7
58820.8 52568.5
58866.0 52572.3
58911.3 52576.2
58914.1 52580.1
58888.4 52583.8
58862.6 52587.6
58835.9 52591.3
58807.4 52587.0
58778.9 52575.1
58758.6 52563.3
58803.3 52554.6
58848.0 52554.6
58892.7 52554.6
58897.6 52554.4
58896.7 52545.3
58895.8 52536.2
58908.3 52527.1
58928.7 52521.6
58949.1 52517.0
58954.5 52512.5
58936.2 52509.9
58918.0 52509.0
58899.8 52508.1
58881.8 52508.5
58863.8 52511.8
58845.9 52515.2
58858.3 52517.5
58873.8 52502.3
58889.3 52487.1
58900.8 52472.0
58910.3 52479.1
58919.8 52491.5
58929.1 52503.9
58938.2 52507.8
58947.2 52505.4
58954.4 52502.9
58953.2 52495.9
58952.0 52479.6
58950.8 52463.2
58935.9 52450.8
58920.1 52481.7
58904.4 52512.6
58907.9 52543.5
58919.7 52549.2
58931.4 52550.1
58943.2 52551.0
58955.2 52549.6
58967.2 52546.7
58973.9 52543.7
58961.9 52542.9
58949.8 52545.9
58937.7 52549.0
58929.2 52550.5
58920.7 52540.3
58912.2 52530.0
58944.2 52519.8
58990.4 52528.9
59036.6 52540.9
59050.8 52552.8
59032.9 52566.7
59015.0 52581.8
59000.7 52596.8
58996.9 52593.5
58993.1 52561.5
58988.6 52529.5
58948.9 52501.2
58909.4 52493.9
58869.7 52486.5
58899.2 52479.2
58948.2 52490.5
58997.3 52503.6
59001.1 52516.8
58966.3 52517.6
58931.6 52512.3
58912.9 52507.0
58931.9 52508.5
58950.9 52519.2
58967.2 52529.9
58941.1 52537.6
58914.9 52531.4
58888.7 52525.2
58887.3 52519.0
58891.4 52549.2
58895.5 52581.6
58895.2 52614.0
58891.7 52604.2
58888.2 52576.4
58884.7 52548.6
58881.3 52529.4
58877.9 52520.1
58876.6 52510.8
58892.8 52505.7
58909.0 52515.8
58925.3 52525.8
58923.3 52535.9
58918.5 52510.4
58913.7 52484.2
58915.8 52457.9
58922.1 52469.9
58928.4 52495.3
58928.1 52520.8
58917.2 52525.9
58906.2 52510.8
58899.7 52495.6
58918.6 52481.8
58937.6 52471.7
58956.6 52461.6
58930.4 52451.1
58899.7 52421.3
58869.0 52391.4
58859.3 52361.6
58860.0 52363.8
58860.8 52375.2
58853.3 52386.5
58835.0 52388.7
58816.7 52383.1
58799.1 52377.6
58784.5 52379.0
58769.9 52396.8
58755.4 52414.5
58742.3 52430.3
58729.3 52414.6
58716.4 52398.9
58714.6 52383.2
58717.4 52383.5
58720.1 52387.2
58716.9 52390.9
58707.2 52418.6
58697.5 52463.6
58692.4 52508.6
58701.4 52522.8
58710.3 52477.9
58719.2 52432.9
58701.7 52392.3
58684.2 52389.8
58666.7 52387.4
58680.3 52385.0
58703.5 52358.7
58726.7 52328.6
58718.9 52298.5
58683.4 52286.7
58647.9 52285.8
58632.3 52285.0
58664.7 52276.7
58697.1 52256.3
58727.3 52236.0
58718.6 52217.1
58709.9 52205.9
58701.2 52194.7
58681.4 52183.5
58659.0 52182.5
58636.7 52182.5
58614.7 52182.5
58592.9 52175.5
58571.2 52165.1
58544.6 52154.7
58508.8 52124.2
58473.0 52067.2
58440.3 52010.2
58433.6 51964.2
58426.9 51964.3
58420.2 51964.5
58399.5 51964.6
58376.7 51997.2
58353.9 52031.3
58347.6 52065.4
58350.9 52055.9
58354.1 52029.3
58355.2 52002.7
58352.8 51988.7
58350.5 51988.3
58344.9 51987.9
58322.7 51984.9
58300.6 51973.7
58278.4 51962.5
58249.5 51951.1
58220.1 51915.7
58190.7 51880.3
58191.4 51844.9
58205.6 51837.2
58219.8 51838.0
58228.1 51838.7
58229.2 51849.9
58230.3 51870.4
58226.6 51891.0
58205.7 51892.9
58184.8 51850.0
58163.9 51807.2
58169.7 51765.3
58176.1 51740.3
58182.4 51715.3
58158.6 51690.3
58124.5 51683.8
58090.5 51681.3
58076.2 51678.8
58080.8 51679.8
58085.4 51683.1
58079.7 51686.5
58047.1 51678.0
58014.6 51647.1
57983.9 51616.2
57996.0 51587.7
58008.1 51578.6
58020.2 51569.5
57996.4 51560.4
57964.0 51550.0
57931.6 51539.6
57905.2 51529.1
57883.3 51515.2
57861.4 51499.3
57842.4 51483.5
57829.1 51464.5
57815.7 51440.8
57802.2 51417.1
57786.3 51398.4
57770.4 51404.4
57754.5 51410.4
57734.9 51416.4
57714.8 51394.4
57694.7 51370.3
57687.6 51346.2
57688.1 51340.0
57688.6 51341.6
57681.8 51343.3
57664.2 51345.6
57646.6 51348.5
57630.1 51351.4
57619.2 51350.7
57608.2 51337.4
57597.3 51324.1
57601.5 51310.7
57606.8 51285.5
57612.1 51260.2
57583.2 51234.8
57539.7 51210.6
57496.1 51186.8
57487.3 51163.0
57518.1 51144.7
57549.0 51131.6
57568.7 51118.6
57552.0 51098.2
57535.4 51059.7
57518.7 51021.2
57455.3 50983.3
57391.9 50957.1
57328.4 50931.0
57321.1 50904.8
57330.8 50898.4
57340.4 50896.4
57337.9 50894.3
57324.8 50888.6
57311.7 50880.2
57300.1 50871.7
57291.9 50856.0
57283.8 50826.6
57270.7 50797.2
57190.1 50771.7
57109.5 50776.4
57029.0 50781.1
57012.0 50785.7
57007.4 50787.0
57002.7 50787.8
56997.1 50788.6
56990.8 50765.2
56984.5 50728.6
56974.4 50691.9
56958.2 50671.9
56941.9 50675.4
56929.9 50679.0
56944.2 50681.4
56958.5 50678.4
56972.8 50675.5
56950.8 50672.6
56925.1 50672.5
56899.5 50672.7
56879.8 50672.9
56862.9 50669.6
56846.0 50665.1
56831.4 50660.5
56819.7 50654.1
56807.9 50645.8
56795.2 50637.5
56779.1 50623.3
56763.0 50591.4
56746.9 50559.5
56722.6 50527.9
56698.1 50513.7
56673.6 50499.6
56671.9 50485.5
56677.5 50431.6
56683.2 50366.6
56660.3 50301.7
56611.2 50253.7
56562.3 50219.6
56521.3 50185.4
56499.5 50153.5
56477.9 50126.4
56456.0 50099.3
56432.5 50074.9
56409.0 50078.9
56385.4 50082.9
56366.4 50086.8
56348.2 50071.2
56330.0 50052.4
56314.5 50033.5
56300.7 49997.3
56286.9 49950.7
56278.6 49904.1
56279.3 49887.9
56280.1 49918.6
56274.1 49949.4
56227.5 49973.9
56180.8 49966.1
56134.3 49958.2
56132.4 49950.3
56134.9 49953.3
56137.3 49957.1
56138.5 49960.9
56139.2 49966.0
56139.8 49971.8
56130.3 49977.5
56108.4 49970.8
56086.5 49949.8
56070.4 49928.9
56073.9 49907.3
56077.3 49883.3
56080.8 49859.3
56050.0 49835.5
56019.1 49830.7
55988.2 49826.0
55953.5 49821.3
55917.8 49765.9
55882.0 49696.2
55857.5 49626.5
55842.8 49580.6
55828.0 49554.4
55805.0 49528.2
55763.7 49507.2
55722.4 49497.2
55687.0 49487.1
55715.8 49477.6
55744.7 49473.2
55773.5 49468.8
55756.2 49464.4
55731.2 49439.0
55706.1 49410.1
55691.3 49381.3
55682.7 49351.2
55674.2 49320.4
55641.5 49289.5
55572.8 49265.0
55504.0 49249.7
55445.7 49234.4
55437.3 49219.3
55428.9 49205.2
55420.5 49191.1
55389.9 49177.0
55358.1 49184.7
55326.3 49193.8
55327.3 49202.8
55341.3 49207.5
55355.2 49210.3
55355.2 49213.2
55340.6 49194.2
55326.1 49152.1
55307.7 49110.0
55278.4 49085.8
55249.2 49112.7
55219.9 49139.7
55189.4 49164.8
55158.8 49132.9
55128.2 49101.0
55129.2 49069.1
55137.6 49064.5
55146.0 49066.6
55139.8 49068.7
55123.2 49042.1
55106.6 48994.2
55087.4 48946.4
55063.4 48905.3
55039.5 48876.6
55017.3 48848.0
55006.7 48816.7
54996.1 48767.0
54985.6 48717.2
54958.2 48667.4
54929.1 48658.7
54900.0 48654.8
54880.8 48651.0
54866.1 48645.3
54851.5 48638.6
54832.7 48631.9
54809.1 48614.1
54785.6 48582.0
54757.3 48549.9
54713.2 48517.8
54669.1 48485.6
54625.3 48453.4
54615.6 48421.3
54605.9 48421.4
54596.1 48421.8
54563.1 48422.3
54523.6 48402.0
54484.1 48375.1
54464.6 48348.3
54460.8 48331.5
54456.9 48323.4
54445.3 48315.2
54418.2 48296.5
54391.1 48254.4
54362.9 48212.3
54326.4 48174.7
54289.9 48185.8
54253.4 48196.9
54227.2 48208.0
54202.3 48203.5
54177.4 48196.3
54156.6 48189.2
54137.8 48186.6
54119.0 48186.6
54116.5 48186.6
54134.6 48180.7
54152.7 48166.2
54159.2 48151.7
54123.5 48137.4
54087.9 48123.8
54052.2 48110.2
54006.2 48096.6
53960.0 48047.4
53913.9 47996.8
53891.6 47946.1
53876.5 47915.9
53861.3 47893.0
53860.0 47870.2
53870.1 47839.6
53880.1 47801.8
53879.0 47764.0
53854.6 47737.6
53830.2 47739.3
53805.6 47741.1
53779.6 47738.0
53753.7 47665.3
53727.7 47592.6
53674.6 47519.9
53617.8 47497.2
53561.0 47483.8
53520.1 47470.5
53487.4 47448.4
53454.7 47420.8
53433.0 47393.3
53425.5 47362.4
53417.9 47326.6
53399.3 47290.8
53340.5 47251.9
53281.8 47197.7
53223.0 47143.5
53195.5 47089.3
53168.1 47092.0
53140.8 47097.7
53108.6 47103.4
53074.9 47086.2
53041.3 47060.5
53010.9 47034.8
52983.1 47018.1
52955.3 47010.1
52932.0 47002.1
52917.6 46987.7
52903.2 46957.1
52886.8 46926.4
52854.3 46897.8
52821.9 46900.6
52789.5 46903.4
52765.1 46906.2
52741.7 46888.6
52718.3 46867.1
52678.4 46845.6
52630.4 46821.1
52582.4 46794.7
52547.2 46768.4
52527.3 46746.8
52507.4 46732.4
52483.0 46718.0
52444.1 46702.1
52405.3 46678.7
52366.6 46655.3
52341.7 46631.9
52316.9 46607.2
52292.1 46582.4
52234.3 46557.6
52168.0 46478.8
52101.7 46380.5
52051.1 46282.3
52011.9 46221.1
51972.8 46194.9
51928.2 46168.7
51873.8 46156.2
51819.4 46176.7
51769.9 46197.1
51750.3 46214.7
51730.7 46197.3
51711.1 46179.8
51691.8 46162.4
51672.5 46112.2
51653.3 46056.5
51617.6 46000.7
51575.0 45984.6
51532.4 45991.1
51487.1 45997.7
51439.1 45977.7
51391.2 45920.6
51355.2 45863.4
51352.1 45791.5
51349.1 45659.3
51342.9 45527.2
51278.2 45395.1
51213.4 45349.6
51148.6 45306.1
51134.4 45262.6
51130.3 45281.7
51126.2 45320.6
51109.3 45359.4
51084.6 45392.5
51059.9 45420.8
51044.3 45449.0
51042.5 45463.2
51040.7 45448.2
51031.3 45433.1
50988.4 45412.5
50945.5 45345.1
50902.5 45277.8
50874.5 45210.3
50846.9 45169.0
50819.3 45131.0
50787.6 45093.0
50754.5 45078.3
50721.3 45074.9
50698.8 45071.6
50685.7 45068.4
50672.5 45065.3
50654.6 45062.3
50626.6 45046.4
50598.7 44989.6
50573.2 44932.7
50568.8 44876.3
50564.3 44839.2
50559.8 44802.2
50539.2 44765.2
50516.6 44738.9
50494.0 44715.3
50472.7 44691.7
50451.9 44668.3
50431.2 44645.0
50404.6 44621.8
50371.3 44599.0
50337.9 44576.9
50304.4 44554.8
50270.5 44532.8
50236.6 44511.0
50203.1 44489.3
50181.4 44467.5
50159.6 44433.2
50137.9 44398.1
50111.2 44363.0
50083.4 44367.8
50055.6 44387.8
50042.0 44407.9
50037.7 44411.6
50033.3 44399.8
50026.1 44387.9
50014.3 44381.0
50002.6 44386.1
49991.5 44391.1
49983.8 44393.7
49976.2 44367.7
49968.5 44341.7
49947.1 44315.7
49925.2 44326.5
49903.3 44343.0
49909.9 44359.5
49925.9 44356.5
49941.9 44343.0
49934.3 44329.6
49906.4 44320.0
49878.5 44315.3
49864.3 44310.6
49878.2 44303.3
49892.1 44287.5
49898.5 44271.7
49849.0 44255.6
49799.6 44223.9
49750.0 44192.2
49735.2 44160.5
49724.1 44123.9
49712.9 44086.0
49699.9 44048.1
49686.1 44039.0
49672.4 44050.2
49675.6 44061.4
49697.2 44058.9
49718.8 44033.3
49726.7 44007.6
49697.8 43983.3
49668.9 43965.8
49640.1 43948.4
49611.9 43930.9
49583.7 43909.5
49555.5 43887.8
49519.5 43866.1
49482.2 43850.8
49444.8 43837.8
49436.8 43824.7
49445.4 43806.7
49454.1 43784.1
49441.5 43761.5
49400.9 43746.1
49360.2 43746.3
49324.3 43746.5
49305.5 43746.7
49286.6 43746.2
49267.6 43745.8
49240.0 43745.3
49212.5 43744.5
49184.9 43743.6
49152.6 43742.7
49119.1 43698.9
49085.6 43635.0
49066.4 43571.1
49056.9 43533.5
49047.4 43525.6
49041.5 43517.7
49041.5 43505.6
49041.4 43481.6
49039.4 43457.5
49028.2 43436.2
49017.1 43467.3
49005.9 43498.5
48994.8 43529.7
48983.8 43536.6
48972.8 43538.9
48964.1 43541.2
48956.1 43526.6
48948.2 43502.1
48935.4 43477.6
48918.7 43471.4
48902.0 43490.2
48890.7 43508.9
48889.5 43516.6
48888.4 43483.2
48884.1 43449.8
48859.9 43416.5
48835.7 43425.0
48811.5 43433.6
48788.4 43442.1
48765.5 43384.6
48742.5 43310.2
48708.9 43235.8
48671.2 43218.3
48633.5 43240.7
48616.4 43263.1
48618.6 43252.6
48620.7 43188.2
48613.3 43123.9
48584.6 43061.9
48556.0 43011.8
48525.7 42961.6
48480.7 42911.3
48435.8 42914.1
48390.8 42918.8
48374.1 42923.5
48360.5 42902.7
48346.9 42873.9
48334.9 42845.0
48323.6 42830.7
48312.2 42828.1
48287.4 42825.5
48248.7 42812.4
48210.0 42779.2
48177.3 42746.0
48159.8 42714.9
48142.2 42696.7
48123.5 42678.4
48091.3 42660.2
48059.1 42655.1
48026.9 42650.9
48009.9 42646.7
47995.1 42636.9
47980.3 42625.1
47964.0 42613.3
47947.0 42600.6
47930.0 42587.1
47919.2 42573.6
47915.6 42574.5
47912.0 42606.5
47905.4 42638.5
47890.9 42663.7
47876.3 42635.1
47860.7 42606.5
47829.4 42578.0
47798.1 42562.2
47766.9 42547.8
47753.1 42533.4
47742.2 42525.2
47731.3 42519.5
47727.3 42513.9
47726.9 42493.5
47726.4 42458.2
47713.8 42422.9
47686.6 42385.3
47659.4 42342.3
47634.3 42299.2
47615.4 42257.1
47596.5 42224.6
47578.8 42192.0
47583.7 42159.4
47588.5 42115.9
47593.4 42070.9
47527.9 42026.0
47449.9 41993.3
47372.0 41966.4
47365.6 41939.5
47398.1 41903.4
47430.6 41857.7
47421.1 41811.9
47359.9 41778.6
47298.7 41777.3
47243.2 41776.0
47205.0 41773.0
47166.7 41749.9
47129.3 41726.7
47106.9 41703.6
47084.6 41705.5
47062.2 41711.0
47023.7 41716.5
46982.3 41708.5
46940.8 41694.0
46926.5 41679.5
46926.9 41673.3
46927.4 41676.3
46915.6 41679.2
46888.7 41681.7
46861.7 41682.7
46834.8 41683.7
46807.9 41684.5
46781.0 41681.9
46755.3 41679.2
46752.8 41676.5
46750.3 41660.4
46747.9 41642.3
46729.0 41624.3
46707.3 41610.4
46685.6 41598.7
46670.7 41586.9
46659.5 41579.2
46648.3 41575.9
46636.4 41572.7
46623.6 41556.3
46610.7 41504.6
46596.3 41452.9
46577.2 41402.3
46558.2 41364.7
46538.7 41327.0
46514.3 41289.4
46489.8 41269.4
46465.3 41252.0
46458.0 41234.6
46453.5 41201.8
46449.0 41161.7
46428.4 41121.5
46399.7 41102.8
46371.1 41107.7
46346.1 41112.5
46325.3 41105.0
46304.5 41065.3
46286.3 41025.7
46274.8 40988.5
46263.3 40979.4
46248.7 40970.3
46196.4 40961.3
46144.1 40923.8
46091.8 40882.5
46093.9 40841.2
46103.4 40811.6
46113.0 40787.5
46091.7 40763.4
46056.1 40747.4
46020.6 40740.1
45994.5 40732.7
45978.1 40721.7
45961.8 40701.8
45929.6 40682.0
45859.5 40660.3
45789.4 40621.6
45726.7 40582.9
45731.1 40544.3
45735.5 40536.4
45739.9 40531.9
45713.5 40527.4
45683.9 40522.3
45654.4 40517.0
45633.3 40511.6
45615.5 40502.7
45597.8 40490.3
45576.4 40477.9
45551.4 40467.6
45526.5 40462.0
45513.5 40456.4
45525.2 40453.1
45536.9 40466.3
45542.9 40479.6
45511.4 40492.9
45479.9 40491.4
45448.4 40488.6
45413.6 40485.8
45378.6 40474.2
45343.5 40459.3
45348.9 40444.3
45367.9 40415.2
45387.0 40373.7
45382.3 40332.3
45358.6 40302.8
45335.0 40296.3
45324.0 40289.7
45334.9 40279.2
45345.8 40245.8
45345.2 40212.5
45289.7 40179.1
45234.2 40124.9
45178.6 40069.7
45167.8 40014.6
45157.8 39975.9
45147.8 39942.2
45127.7 39908.6
45105.0 39889.3
45082.3 39880.7
45064.7 39872.1
45050.6 39854.8
45036.4 39823.2
45013.3 39791.6
44977.4 39761.0
44941.4 39734.7
44910.0 39708.3
44894.5 39682.0
44879.1 39654.1
44862.8 39626.3
44821.7 39598.4
44780.5 39589.5
44739.3 39585.3
44713.8 39581.1
44691.2 39588.9
44668.6 39604.2
44634.9 39619.5
44595.4 39626.1
44555.8 39620.9
44524.5 39615.6
44502.6 39608.1
44480.7 39592.9
44470.8 39577.8
44492.1 39563.4
44513.4 39566.8
44532.9 39570.2
44533.9 39573.5
44534.9 39582.8
44535.9 39593.2
44511.7 39603.5
44484.6 39573.8
44457.6 39523.7
44439.7 39473.6
44425.4 39457.6
44411.2 39479.4
44390.4 39501.2
44363.9 39504.7
44337.3 39462.6
44319.2 39420.6
44317.6 39379.0
44316.0 39341.2
44313.7 39303.3
44307.5 39265.5
44301.2 39246.3
44294.9 39228.8
44243.3 39211.4
44190.1 39189.6
44137.0 39166.1
44111.9 39142.5
44094.7 39108.3
44077.5 39064.8
44063.8 39021.3
44052.6 38981.7
44041.3 38949.5
44026.6 38917.4
44006.7 38886.3
43986.9 38861.0
43962.7 38835.7
43923.4 38810.3
43884.1 38771.4
43845.6 38732.0
43826.3 38692.7
43806.9 38654.3
43787.6 38616.1
43724.0 38577.9
43653.1 38549.9
43582.2 38528.6
43543.7 38507.3
43520.8 38491.1
43498.0 38482.2
43481.2 38473.2
43470.7 38465.1
43460.1 38459.9
43444.0 38454.7
43415.4 38449.0
43386.7 38431.5
43361.2 38414.1
43357.9 38396.7
43354.6 38405.7
43351.3 38418.9
43347.4 38432.2
43343.4 38440.9
43339.5 38447.5
43313.9 38454.1
43281.5 38444.3
43249.1 38417.9
43223.8 38391.5
43203.8 38372.5
43183.7 38369.5
43166.2 38366.6
43152.6 38362.7
43138.9 38353.0
43126.7 38343.3
43119.7 38333.6
43112.7 38346.2
43106.3 38360.1
43115.6 38373.9
43124.9 38370.5
43134.1 38361.8
43094.7 38353.1
43046.8 38339.2
42998.9 38321.8
42978.9 38304.3
42972.4 38284.7
42965.8 38261.8
42966.8 38239.0
42975.6 38213.1
42984.4 38176.2
42994.9 38139.2
43009.0 38103.3
43023.2 38093.4
43032.7 38083.4
43012.8 38073.4
42992.9 38068.8
42973.1 38065.2
42930.2 38061.5
42886.3 38015.7
42842.4 37949.8
42821.9 37883.9
42808.1 37830.2
42794.3 37788.9
42786.4 37747.7
42782.4 37719.5
42778.3 37719.4
42769.2 37719.3
42753.2 37716.4
42737.2 37696.0
42722.9 37675.7
42714.0 37655.3
42705.2 37634.7
42694.1 37614.1
42653.8 37593.4
42613.4 37584.7
42573.1 37579.3
42561.5 37573.9
42553.3 37569.5
42545.2 37565.7
42509.0 37561.8
42461.6 37557.4
42414.2 37552.2
42382.4 37546.9
42364.1 37545.2
42345.8 37554.1
42331.8 37563.0
42325.1 37572.4
42318.3 37587.9
42304.2 37603.3
42258.0 37618.8
42211.7 37592.7
42166.3 37561.6
42181.7 37530.5
42197.2 37516.2
42212.6 37508.7
42205.1 37501.2
42193.3 37507.2
42181.4 37524.7
42178.4 37542.3
42179.9 37551.1
42181.3 37544.4
42172.0 37537.7
42151.3 37528.5
42130.7 37508.3
42115.3 37488.1
42111.2 37468.1
42107.0 37465.0
42101.8 37461.9
42089.6 37458.8
42077.5 37441.1
42065.3 37420.5
42049.2 37399.9
42033.0 37384.4
42016.8 37371.5
42014.8 37358.6
42016.5 37350.7
42018.2 37348.0
42002.1 37345.3
41975.4 37329.7
41948.7 37286.2
41920.0 37242.7
41889.1 37196.8
41858.1 37136.3
41834.7 37075.9
41830.1 37015.4
41825.6 36977.7
41819.1 36940.8
41797.6 36903.9
41776.1 36887.2
41754.6 36875.6
41743.1 36864.0
41732.1 36842.4
41721.1 36814.9
41687.8 36787.4
41648.0 36750.3
41608.1 36701.5
41596.6 36652.7
41603.7 36616.6
41610.9 36613.1
41605.3 36609.5
41583.1 36610.9
41560.9 36651.6
41532.5 36692.5
41487.0 36733.3
41441.5 36708.3
41400.1 36678.9
41398.3 36649.6
41396.4 36644.3
41394.5 36646.3
41381.2 36648.3
41366.9 36636.0
41352.6 36614.0
41320.8 36592.1
41283.5 36565.3
41246.3 36532.1
41222.5 36498.9
41208.0 36481.3
41193.5 36508.4
41172.6 36535.4
41142.8 36562.9
41113.0 36595.1
41086.4 36627.1
41068.8 36659.3
41051.2 36637.6
41035.7 36611.4
41040.9 36585.1
41046.1 36572.4
41051.3 36564.1
41024.8 36555.8
40995.7 36547.4
40966.6 36538.9
40950.0 36530.5
40937.5 36510.3
40924.9 36473.7
40922.2 36437.0
40926.2 36404.1
40930.2 36382.4
40920.1 36360.6
40891.1 36339.7
40862.2 36327.2
40847.4 36314.7
40872.4 36302.3
40897.5 36284.4
40919.5 36266.2
40913.4 36247.9
40907.2 36225.4
40901.1 36201.6
40858.3 36177.7
40813.0 36132.9
40767.6 36073.3
40746.8 36013.6
40733.4 35956.5
40719.9 35902.7
40715.1 35849.0
40715.8 35808.6
40716.6 35807.5
40707.9 35806.4
40687.5 35803.9
40667.1 35786.8
40645.3 35769.7
40619.6 35752.6
40593.9 35739.8
40570.6 35727.4
40565.0 35715.1
40559.4 35712.7
40553.8 35713.5
40526.2 35714.3
40497.6 35700.2
40469.0 35676.3
40444.4 35652.3
40420.8 35646.8
40397.2 35665.4
40362.0 35684.1
40320.2 35689.7
40278.5 35660.5
40236.8 35631.3
40195.3 35607.6
40153.8 35628.0
40123.5 35648.3
40117.4 35668.6
40111.3 35624.4
40098.6 35576.7
40049.8 35528.9
40001.0 35519.7
39952.3 35520.9
39956.1 35522.1
39960.1 35527.3
39964.2 35534.8
39949.3 35542.4
39930.9 35534.1
39912.4 35507.6
39909.6 35481.1
39914.2 35457.3
39918.7 35439.7
39916.4 35422.0
39907.6 35407.0
39898.9 35407.5
39884.7 35408.0
39860.6 35408.5
39836.6 35391.0
39817.7 35373.1
39818.6 35355.3
39819.6 35333.5
39819.1 35310.8
39791.0 35288.2
39762.8 35272.5
39734.7 35260.4
39733.5 35248.3
39735.4 35223.6
39737.4 35186.6
39728.4 35149.5
39715.4 35118.5
39702.4 35098.6
39686.9 35078.6
39669.5 35052.4
39652.1 35000.1
39627.6 34947.8
39593.6 34897.6
39559.6 34903.6
39540.0 34909.6
39559.2 34915.6
39578.3 34872.0
39591.4 34821.6
39557.7 34771.3
39524.1 34759.8
39490.4 34763.4
39457.4 34766.9
39424.5 34774.5
39391.5 34785.2
39360.7 34796.0
39330.4 34784.5
39300.1 34741.2
39279.0 34697.8
39262.9 34664.6
39246.8 34660.7
39226.2 34656.9
39201.4 34652.7
39176.6 34645.4
39153.1 34638.2
39132.3 34631.0
39111.5 34634.6
39087.1 34638.9
39047.9 34643.2
39008.7 34625.6
38970.5 34602.3
38952.5 34578.9
38934.5 34577.2
38916.5 34587.8
38884.5 34598.3
38850.9 34595.6
38817.3 34579.0
38810.8 34562.3
38813.7 34560.2
38816.6 34587.3
38820.2 34614.3
38824.4 34631.5
38828.5 34604.0
38814.7 34576.5
38778.3 34549.4
38742.0 34540.3
38719.2 34531.2
38729.5 34522.0
38739.8 34471.9
38746.2 34415.9
38729.4 34360.0
38712.5 34335.4
38695.7 34322.7
38687.8 34310.0
38680.0 34277.7
38672.2 34231.0
38623.2 34184.2
38566.7 34144.1
38510.2 34113.0
38483.3 34082.0
38469.2 34063.2
38455.0 34077.1
38445.7 34090.9
38440.2 34090.7
38434.8 33990.8
38425.4 33890.9
38410.3 33791.0
38395.2 33772.2
38380.1 33755.6
38365.1 33738.9
38350.1 33755.9
38334.4 33780.1
38313.0 33804.2
38291.5 33799.5
38270.0 33781.2
38253.1 33762.8
38236.4 33727.1
38219.7 33675.9
38193.0 33624.7
38164.0 33598.1
38135.0 33611.0
38105.5 33624.0
38075.8 33627.2
38046.0 33598.9
38023.8 33570.6
38008.1 33545.0
37992.5 33546.8
37974.4 33548.6
37952.4 33550.4
37930.3 33542.0
37904.1 33532.9
37864.9 33523.8
37825.7 33539.7
37789.2 33561.8
37778.8 33584.0
37768.4 33573.1
37758.0 33544.4
37746.7 33515.8
37735.3 33495.3
37724.0 33482.7
37687.9 33470.1
37646.1 33452.6
37604.3 33426.5
37586.6 33400.4
37580.8 33383.5
37575.0 33399.7
37560.7 33415.8
37538.7 33426.5
37516.7 33367.7
37490.1 33309.0
37456.2 33250.3
37422.2 33248.7
37397.2 33251.4
37400.0 33254.0
37402.9 33246.3
37403.7 33235.8
37387.4 33225.2
37371.1 33190.4
37354.8 33142.3
37338.6 33094.1
37322.4 33065.7
37306.2 33056.8
37314.4 33047.9
37327.7 33032.7
37341.0 33006.3
37321.2 32980.0
37286.0 32950.7
37250.9 32911.5
37222.3 32872.3
37198.9 32833.9
37175.6 32805.7
37163.4 32777.4
37167.2 32749.1
37171.0 32733.5
37160.9 32718.7
37113.3 32703.9
37065.6 32641.7
37025.4 32567.6
37034.6 32493.5
37043.7 32481.8
37052.9 32502.1
37004.4 32522.5
36955.8 32521.2
36907.1 32499.9
36885.6 32478.6
36868.6 32453.3
36851.5 32421.6
36821.3 32389.9
36785.9 32371.6
36750.6 32394.4
36720.1 32417.2
36692.9 32432.1
36665.7 32380.4
36648.1 32328.7
36642.3 32277.1
36636.4 32281.5
36628.1 32287.7
36614.3 32294.0
36600.6 32296.2
36582.8 32297.7
36546.5 32299.2
36510.1 32297.8
36474.4 32295.1
36450.4 32292.5
36426.3 32273.1
36402.3 32240.6
36380.4 32208.0
36358.8 32193.1
36337.1 32202.0
36316.0 32210.9
36295.0 32217.2
36274.1 32217.2
36262.0 32217.1
36254.7 32218.6
36247.4 32228.2
36226.6 32237.8
36193.1 32247.1
36159.6 32243.8
36136.1 32240.5
36128.6 32237.2
36121.2 32203.4
36105.8 32165.7
36067.1 32128.0
36028.5 32078.6
35992.3 32025.4
35973.8 31972.2
35955.3 31942.8
35936.8 31927.9
35917.2 31913.0
35897.5 31891.3
35877.8 31862.6
35858.6 31833.7
35839.4 31800.4
35820.2 31758.9
35796.5 31717.4
35771.1 31674.9
35745.7 31629.1
35748.5 31583.3
35769.8 31542.6
35791.0 31551.2
35796.4 31559.9
35784.3 31568.5
35772.3 31535.8
35755.6 31501.4
35730.5 31467.1
35705.3 31433.3
35682.2 31399.5
35666.2 31365.7
35650.1 31343.8
35632.4 31326.9
35597.7 31310.0
35563.0 31278.6
35528.3 31236.3
35521.4 31194.1
35515.5 31160.2
35509.6 31136.8
35476.0 31113.4
35437.1 31095.4
35398.1 31089.0
35368.9 31082.7
35343.5 31074.9
35318.1 31061.2
35300.4 31047.6
35288.0 31035.2
35275.6 31042.6
35245.4 31050.1
35194.4 31057.6
35143.5 31056.3
35101.6 31054.3
35077.5 31052.4
35053.4 31032.8
35025.6 31009.0
34984.4 30985.3
34943.2 30965.8
34905.0 30948.4
34896.7 30931.0
34888.4 30916.9
34880.1 30905.7
34863.1 30894.4
34845.9 30884.5
34828.8 30876.5
34796.4 30868.4
34761.4 30865.1
34726.3 30872.5
34716.6 30879.8
34716.7 30874.7
34716.8 30812.6
34698.9 30750.6
34669.1 30693.9
34639.3 30726.0
34620.7 30758.1
34614.1 30790.2
34607.4 30744.2
34596.3 30692.6
34577.0 30641.1
34557.7 30605.6
34535.6 30573.9
34504.4 30542.1
34473.2 30524.9
34444.9 30514.3
34437.9 30503.7
34430.9 30476.7
34423.9 30437.2
34384.5 30397.6
34345.2 30359.3
34305.9 30322.4
34295.2 30285.4
34288.5 30245.8
34281.7 30200.2
34276.4 30154.7
34271.6 30110.9
34266.8 30073.7
34238.5 30036.5
34197.4 29999.0
34156.2 29957.7
34118.0 29916.5
34082.4 29875.2
34046.9 29865.9
34022.1 29857.7
34012.9 29849.6
34003.8 29813.5
33985.5 29772.2
33945.3 29730.9
33905.2 29729.2
33864.5 29742.3
33821.4 29755.5
33778.4 29726.3
33734.8 29669.8
33683.9 29613.2
33633.0 29573.2
33582.2 29550.6
33537.9 29528.0
33494.1 29515.4
33450.2 29519.5
33438.1 29523.7
33432.4 29522.1
33426.7 29503.7
33388.6 29485.3
33337.8 29466.7
33287.0 29446.3
33263.6 29426.0
33258.0 29405.6
33252.4 29386.3
33240.8 29367.0
33223.0 29347.7
33205.2 29315.8
33171.2 29282.7
33110.9 29249.6
33050.6 29233.7
33002.1 29222.4
32986.2 29211.1
32970.2 29211.6
32953.2 29217.5
32930.7 29223.5
32908.3 29213.0
32885.7 29189.9
32860.5 29166.8
32835.3 29130.7
32810.2 29078.8
32802.1 29026.9
32795.3 28986.2
32788.5 28967.1
32781.8 28948.1
32775.2 28927.5
32768.6 28901.6
32741.1 28875.7
32705.2 28853.3
32669.4 28858.4
32640.6 28863.6
32616.4 28868.5
32592.3 28802.5
32585.6 28736.5
32596.6 28670.5
32607.6 28646.2
32599.2 28627.1
32560.1 28607.9
32521.0 28587.1
32490.0 28565.7
32479.5 28544.4
32469.1 28514.9
32456.9 28481.5
32436.9 28448.0
32416.8 28424.2
32396.1 28408.0
32366.1 28391.8
32336.1 28371.5
32306.1 28346.1
32275.6 28320.8
32245.0 28308.3
32214.4 28320.3
32185.5 28332.3
32156.9 28335.4
32128.4 28309.3
32099.8 28283.2
32071.2 28258.2
32042.6 28241.1
32009.8 28223.9
31974.8 28207.6
31939.7 28234.2
31915.6 28260.7
31900.9 28287.2
31886.1 28264.3
31860.4 28236.6
31820.3 28209.0
31780.3 28183.8
31739.2 28159.2
31695.9 28134.6
31652.6 28103.2
31619.8 28068.9
31621.8 28034.5
31623.8 28020.3
31621.0 28019.7
31585.1 28019.0
31549.2 28001.3
31514.0 27966.1
31506.5 27930.9
31498.9 27908.8
31491.4 27907.5
31461.9 27906.2
31430.6 27906.0
31399.3 27908.3
31389.6 27910.6
31384.6 27905.3
31379.6 27865.7
31351.9 27826.0
31315.6 27788.3
31279.2 27773.4
31260.8 27758.5
31253.2 27743.7
31245.6 27728.3
31240.8 27713.0
31238.5 27697.6
31236.2 27663.0
31228.0 27625.5
31211.9 27588.1
31195.8 27553.0
31189.3 27518.5
31202.8 27484.1
31216.3 27457.8
31221.9 27435.5
31200.8 27413.1
31179.8 27400.6
31158.2 27395.4
31132.9 27390.2
31107.6 27373.5
31082.8 27344.0
31069.7 27314.5
31056.7 27286.7
31043.6 27261.9
31021.8 27237.2
30999.4 27216.2
30977.0 27205.2
30955.7 27194.2
30934.6 27183.1
30913.4 27171.4
30894.1 27159.6
30875.3 27147.3
30856.5 27128.8
30844.2 27110.3
30835.2 27091.8
30826.3 27106.2
30794.9 27121.2
30745.8 27136.2
30696.7 27126.9
30656.5 27114.4
30626.6 27101.9
30596.6 27102.4
30568.0 27106.4
30541.6 27110.3
30515.2 27080.4
30496.7 27035.6
30499.0 26990.8
30501.3 26975.6
30496.4 26980.2
30460.2 26984.8
30423.9 26984.4
30389.2 26979.1
30369.5 26973.7
30349.8 26964.4
30330.1 26949.4
30307.7 26934.4
30285.3 26915.9
30262.9 26890.2
30248.0 26864.5
30233.7 26845.4
30219.4 26849.2
30214.4 26853.1
30211.4 26854.1
30208.4 26836.3
30190.6 26818.5
30167.4 26801.0
30144.1 26789.4
30126.8 26777.9
30112.7 26766.4
30098.6 26747.3
30073.2 26727.9
30038.9 26708.4
30004.6 26676.1
29980.9 26641.7
29969.3 26607.3
29957.8 26574.4
29948.7 26541.8
29943.7 26509.2
29938.6 26512.8
29935.7 26533.5
29937.8 26554.3
29939.9 26542.0
29940.3 26506.5
29933.9 26470.9
29927.5 26434.2
29920.2 26396.2
29906.4 26358.1
29892.7 26323.8
29879.4 26294.6
29880.1 26265.5
29880.9 26240.3
29881.6 26223.5
29864.3 26206.7
29846.2 26195.1
29828.0 26200.4
29818.5 26205.6
29810.4 26208.0
29802.3 26193.7
29789.1 26179.4
29774.5 26164.2
29759.9 26135.7
29727.3 26107.1
29687.0 26078.5
29646.7 26066.8
29618.3 26055.5
29597.3 26044.2
29576.3 26036.1
29549.0 26028.3
29516.3 26020.5
29483.6 25999.1
29460.6 25974.5
29449.0 25949.9
29437.5 25933.9
29415.5 25921.2
29375.8 25908.6
29336.2 25889.8
29309.1 25867.5
29312.4 25845.2
29315.8 25833.7
29314.6 25830.8
29297.0 25827.9
29279.3 25836.6
29258.4 25858.2
29216.0 25879.8
29173.7 25883.9
29133.3 25860.8
29125.8 25837.7
29118.2 25814.5
29110.7 25791.0
29073.3 25767.5
29035.3 25751.2
28997.2 25759.0
28973.5 25766.9
28951.5 25771.8
28929.5 25759.4
28921.7 25747.1
28917.2 25733.8
28912.6 25707.1
28902.5 25680.5
28890.6 25653.8
28878.7 25643.7
28853.0 25633.9
28820.4 25624.0
28787.9 25607.0
28780.0 25589.4
28789.0 25571.7
28798.0 25546.1
28796.0 25518.9
28783.6 25491.7
28771.1 25477.1
28768.0 25466.7
28776.4 25456.2
28784.9 25430.0
28783.8 25396.3
28766.0 25362.6
28748.3 25343.0
28735.0 25332.8
28732.4 25322.6
28729.8 25295.2
28724.9 25252.1
28711.9 25208.9
28698.9 25187.8
28687.1 25193.8
28682.7 25199.8
28678.3 25196.6
28673.0 25178.0
28657.6 25159.3
28642.2 25144.1
28626.8 25136.9
28616.8 25129.8
28606.8 25118.3
28596.7 25091.8
28570.3 25065.3
28542.8 25045.0
28515.2 25059.5
28504.1 25074.0
28495.6 25085.6
28487.1 25063.7
28468.8 25041.8
28447.9 25020.0
28427.0 25004.8
28398.2 24989.7
28366.4 24974.5
28334.6 24934.1
28319.4 24892.0
28312.7 24850.0
28305.9 24846.7
28287.6 24849.5
28261.1 24852.4
28234.6 24845.7
28199.6 24836.6
28156.7 24827.4
28113.9 24808.7
28085.5 24786.2
28074.4 24763.7
28063.3 24774.4
28054.6 24802.7
28049.7 24830.9
28044.8 24839.3
28034.5 24833.4
28012.8 24827.5
27991.1 24815.6
27965.4 24798.1
27928.4 24780.6
27891.4 24768.5
27860.2 24763.2
27853.2 24757.9
27846.1 24741.3
27841.6 24706.5
27854.1 24671.6
27866.6 24645.2
27876.6 24637.2
27851.2 24629.1
27825.8 24619.9
27800.6 24606.9
27790.6 24593.9
27780.6 24579.0
27770.7 24555.3
27766.6 24531.5
27762.8 24507.2
27759.1 24478.1
27754.7 24449.0
27750.3 24421.8
27745.9 24428.9
27765.8 24436.1
27791.0 24443.2
27816.3 24427.4
27801.6 24411.4
27774.2 24395.4
27746.8 24372.0
27744.0 24347.9
27752.0 24323.9
27759.9 24309.9
27756.0 24297.4
27745.4 24285.0
27734.8 24267.1
27735.1 24247.8
27743.2 24228.5
27751.2 24211.9
27748.5 24196.2
27735.8 24180.5
27723.2 24166.5
27705.1 24153.3
27680.9 24140.1
27656.6 24136.1
27638.8 24137.7
27630.6 24139.4
27622.4 24126.6
27605.8 24102.3
27574.0 24078.1
27542.1 24068.6
27512.7 24074.2
27489.1 24079.7
27465.6 24077.6
27445.2 24065.9
27434.8 24054.2
27424.3 24034.2
27409.7 24000.8
27376.7 23967.3
27343.6 23948.5
27318.8 23960.4
27348.7 23972.3
27378.6 23981.5
27401.8 23983.2
27344.8 23984.9
27287.8 23981.1
27232.2 23956.3
27235.0 23931.5
27237.8 23912.9
27240.6 23928.5
27184.7 23944.2
27127.0 23955.4
27069.3 23925.7
27054.6 23895.9
27043.8 23868.1
27032.9 23881.2
27022.3 23894.3
27011.7 23907.4
27001.0 23922.1
27004.9 23936.9
27012.1 23951.7
27019.2 23908.2
27010.3 23860.6
26996.5 23813.0
26982.6 23820.9
26973.5 23836.2
26966.3 23851.5
26959.0 23858.0
26959.5 23862.6
26963.9 23867.3
26968.3 23852.9
26967.2 23833.0
26962.6 23813.1
26958.0 23804.6
26953.8 23800.2
26950.1 23795.9
26946.3 23784.6
26942.9 23769.9
26939.7 23755.2
26936.6 23725.2
26940.4 23686.0
26951.7 23646.8
26963.1 23630.4
26963.7 23630.7
26950.2 23631.0
26936.8 23617.3
26924.6 23591.2
26914.3 23565.0
26904.1 23540.6
26899.8 23517.9
26906.7 23495.3
26913.7 23487.0
26911.2 23497.8
26886.3 23508.5
26861.4 23508.0
26846.1 23489.5
26859.4 23470.9
26872.6 23450.9
26885.2 23428.0
26895.4 23405.1
26905.7 23393.2
26912.1 23408.3
26899.1 23423.5
26886.0 23432.0
26870.4 23420.1
26837.1 23408.3
26803.8 23398.6
26771.4 23397.7
26748.2 23396.8
26725.1 23391.9
26702.9 23365.9
26699.7 23339.8
26696.5 23316.7
26693.2 23317.3
26650.4 23317.9
26607.6 23319.7
26564.9 23336.5
26562.6 23353.3
26561.8 23369.1
26561.1 23345.3
26553.2 23321.5
26544.8 23297.8
26536.4 23282.7
26536.6 23267.8
26537.9 23252.9
26539.2 23250.8
26507.0 23249.4
26468.9 23247.9
26430.8 23260.8
26398.6 23275.1
26367.8 23289.5
26337.0 23263.2
26320.0 23230.4
26307.1 23197.5
26294.1 23174.6
26275.1 23153.9
26254.0 23133.2
26232.9 23135.5
26220.1 23144.3
26210.8 23153.0
26201.6 23145.6
26209.2 23132.6
26225.1 23119.7
26241.1 23126.0
26237.0 23140.3
26221.4 23154.6
26205.7 23150.2
26186.2 23136.6
26164.0 23123.1
26141.8 23114.6
26131.0 23109.0
26128.8 23103.4
26126.6 23108.8
26116.5 23121.6
26099.6 23134.3
26082.6 23131.3
26061.3 23116.1
26035.8 23100.9
26010.2 23080.3
25997.6 23055.0
25999.3 23029.6
26001.0 23010.5
26001.2 22997.7
25999.5 22984.9
25997.8 22972.2
25990.5 22959.6
25975.3 22947.0
25960.2 22931.6
25947.2 22912.5
25938.0 22893.4
25928.8 22863.4
25924.6 22816.7
25929.7 22770.0
25934.8 22738.0
25935.6 22731.8
25927.5 22725.6
25919.4 22718.6
25906.7 22709.8
25883.0 22701.0
25859.2 22687.1
25841.9 22661.4
25841.5 22635.6
25841.1 22614.0
25832.3 22603.7
25797.9 22593.4
25763.5 22580.3
25737.4 22558.4
25740.8 22536.5
25744.2 22521.3
25744.6 22530.6
25732.7 22539.9
25720.8 22546.2
25702.7 22539.2
25654.3 22532.2
25606.0 22522.0
25565.2 22494.5
25567.4 22467.1
25569.7 22442.5
25570.8 22436.3
25564.8 22430.2
25558.7 22424.3
25549.7 22420.6
25515.3 22417.0
25480.9 22412.5
25446.6 22399.4
25413.2 22386.2
25379.9 22372.6
25348.7 22352.4
25350.5 22332.2
25352.3 22312.8
25352.8 22320.7
25322.4 22328.6
25292.0 22336.2
25262.1 22302.6
25252.5 22269.1
25242.9 22235.6
25233.3 22229.8
25204.2 22224.4
25175.2 22219.1
25146.2 22208.0
25116.9 22196.6
25087.6 22185.2
25058.2 22165.5
25058.9 22145.3
25060.7 22125.1
25062.4 22118.8
25023.9 22113.7
24983.1 22108.5
24942.3 22098.8
24960.4 22088.5
24982.8 22078.2
25005.2 22066.7
24983.0 22055.0
24956.7 22043.3
24930.4 22018.0
24913.5 21990.3
24897.8 21962.6
24882.0 21936.2
24842.3 21910.0
24799.4 21883.8
24756.5 21874.7
24743.0 21869.4
24734.0 21864.1
24725.0 21841.8
24727.8 21815.3
24732.6 21788.8
24737.4 21745.3
24723.8 21697.2
24706.8 21649.1
24689.8 21646.8
24673.6 21658.1
24657.6 21669.3
24641.7 21645.4
24627.6 21610.0
24614.0 21574.7
24600.3 21544.2
24572.6 21515.5
24541.5 21486.8
24510.4 21467.9
24490.4 21452.7
24473.3 21437.5
24456.2 21409.4
24434.0 21376.2
24410.3 21343.0
24386.7 21321.4
24364.8 21304.9
24343.4 21288.4
24322.0 21275.6
24284.7 21264.4
24242.8 21253.3
24200.8 21237.9
24173.1 21220.3
24149.8 21202.8
24126.5 21180.7
24103.7 21156.3
24081.2 21131.9
24058.6 21113.9
24030.6 21099.2
24000.7 21084.5
23970.8 21056.5
23930.2 21021.0
23885.8 20985.5
23841.5 20960.6
23811.1 20941.6
23785.6 20922.7
23760.1 20898.6
23718.4 20871.4
23670.9 20844.2
23623.3 20819.8
23606.6 20797.0
23601.3 20774.3
23596.0 20760.7
23571.1 20752.8
23538.8 20744.9
23506.6 20734.9
23486.2 20723.4
23470.3 20711.9
23454.4 20692.5
23434.2 20667.7
23412.4 20643.0
23390.6 20628.4
23378.5 20620.9
23370.3 20613.4
23362.0 20602.5
23333.4 20589.2
23297.0 20575.8
23260.6 20560.8
23246.7 20544.6
23241.6 20528.3
23236.5 20508.6
23217.3 20486.3
23192.5 20464.1
23167.8 20443.3
23145.7 20423.5
23124.6 20403.7
23103.6 20397.0
23097.6 20399.9
23097.3 20402.9
23097.0 20393.0
23091.6 20373.6
23084.3 20354.2
23077.0 20340.9
23048.6 20332.1
23012.5 20323.3
22976.5 20304.9
22957.3 20279.2
22944.3 20253.5
22931.2 20236.5
22927.9 20225.9
22928.1 20215.3
22928.3 20216.3
22913.8 20225.9
22894.4 20235.5
22874.9 20212.3
22852.8 20165.1
22829.9 20117.9
22806.9 20084.6
22813.9 20061.3
22830.4 20038.0
22847.0 20014.7
22814.8 19991.4
22767.7 19968.1
22720.5 19954.7
22709.5 19948.1
22709.1 19941.6
22708.7 19928.6
22716.3 19911.2
22726.2 19893.7
22736.1 19892.2
22714.5 19901.5
22684.5 19910.8
22654.5 19883.8
22642.9 19832.9
22635.8 19781.9
22628.7 19764.1
22615.0 19767.4
22599.8 19770.8
22584.5 19773.0
22582.1 19774.5
22582.4 19776.0
22582.7 19765.9
22539.8 19748.7
22488.4 19731.4
22436.9 19724.8
22415.8 19724.2
22400.3 19723.7
22384.8 19707.7
22382.5 19683.1
22382.4 19658.5
22382.2 19649.7
22373.4 19649.5
22363.2 19649.3
22353.1 19628.8
22331.9 19598.0
22309.4 19567.2
22286.9 19553.3
22276.1 19547.7
22266.6 19542.1
22257.1 19551.0
22221.3 19566.7
22183.4 19582.4
22145.4 19577.9
22147.5 19564.5
22152.2 19551.2
22157.0 19546.3
22133.6 19544.9
22108.9 19543.5
22084.2 19550.6
22067.3 19560.9
22050.5 19571.2
22033.8 19551.9
22023.8 19522.0
22013.7 19492.2
22003.8 19478.9
22001.1 19471.1
21998.3 19463.3
21995.0 19453.6
21971.7 19443.3
21948.3 19433.0
21926.1 19417.9
21924.3 19401.5
21922.4 19385.1
21919.5 19377.4
21903.3 19371.8
21887.1 19366.3
21872.4 19353.4
21872.9 19338.8
21873.4 19324.3
21873.3 19310.0
21869.1 19295.7
21864.8 19281.4
21859.9 19261.3
21850.9 19240.2
21841.9 19219.0
21832.2 19209.4
21819.0 19201.4
21805.8 19193.4
21794.5 19176.0
21791.2 19157.4
21788.0 19138.9
21784.2 19143.3
21778.5 19149.7
21772.8 19156.1
21767.9 19146.2
21765.2 19135.3
21762.6 19124.4
21758.5 19106.4
21750.2 19088.1
21741.8 19069.8
21732.3 19054.5
21719.9 19039.3
21707.4 19024.0
21693.5 19008.0
21676.7 18992.0
21659.9 18976.4
21645.7 18969.9
21636.5 18963.4
21627.3 18957.0
21615.2 18952.2
21598.7 18947.5
21582.2 18941.6
21565.4 18923.8
21548.4 18906.0
21531.4 18889.1
21520.3 18879.5
21516.4 18869.8
21512.6 18859.7
21495.1 18847.1
21462.7 18834.5
21430.3 18825.0
21415.2 18831.0
21416.7 18837.0
21418.2 18835.7
21397.5 18804.5
21358.3 18773.3
21319.0 18741.2
21287.5 18706.3
21261.8 18671.4
21236.0 18644.9
21223.2 18642.9
21218.7 18640.9
21214.2 18638.1
21199.7 18633.2
21179.6 18628.3
21159.6 18623.1
21151.6 18617.5
21149.2 18611.9
21146.7 18608.7
21129.6 18610.2
21106.8 18611.7
21084.0 18599.1
21058.9 18563.6
21033.1 18528.3
21007.3 18507.1
20985.6 18505.9
20965.1 18504.7
20944.5 18494.4
20928.0 18473.2
20912.2 18452.0
20896.5 18435.3
20884.1 18423.3
20872.3 18411.3
20860.4 18404.1
20840.6 18401.3
20820.0 18398.5
20799.4 18389.3
20786.2 18375.0
20773.4 18360.7
20760.5 18347.2
20751.4 18334.4
20742.3 18321.5
20733.7 18313.0
20738.7 18307.0
20743.7 18301.0
20747.1 18293.1
20732.5 18284.2
20717.8 18275.4
20703.7 18254.1
20693.3 18227.9
20682.9 18201.6
20672.5 18179.7
20662.3 18159.2
20652.0 18138.7
20641.7 18131.4
20631.4 18127.5
20621.1 18123.7
20608.6 18123.2
20589.7 18123.4
20570.8 18123.7
20552.3 18128.1
20534.8 18133.2
20517.4 18138.3
20507.3 18109.1
20510.6 18076.7
20513.9 18044.4
20498.8 18011.7
20456.3 17978.9
20413.9 17946.2
20384.2 17924.0
20370.1 17901.8
20355.9 17880.2
20347.6 17870.9
20344.9 17861.6
20342.3 17851.7
20329.2 17835.4
20307.7 17819.1
20286.2 17801.0
20267.3 17771.8
20250.0 17742.5
20232.7 17714.5
20209.6 17692.3
20183.6 17670.0
20157.5 17646.7
20143.7 17620.0
20134.8 17593.2
20126.0 17577.0
20108.5 17587.5
20088.3 17598.1
20068.1 17598.0
20051.1 17576.5
20034.9 17555.1
20018.7 17543.5
20014.4 17547.9
20011.8 17552.3
20009.2 17542.1
19970.7 17512.7
19929.2 17483.3
19887.7 17459.2
19870.4 17440.9
19853.5 17422.5
19836.7 17413.1
19821.4 17411.3
19806.1 17409.5
19789.8 17403.8
19764.6 17395.2
19739.3 17386.7
19714.9 17380.6
19695.2 17376.0
19675.5 17371.4
19654.9 17361.5
19630.9 17349.2
19606.8 17337.0
19588.9 17325.3
19587.3 17313.7
19585.7 17302.2
19575.4 17300.5
19547.3 17301.2
19519.3 17301.9
19498.6 17285.3
19489.5 17265.9
19480.5 17246.6
19467.0 17220.4
19448.2 17193.7
19429.5 17167.0
19420.7 17155.1
19421.3 17143.6
19421.9 17132.0
19415.7 17121.0
19404.5 17110.0
19393.3 17097.3
19373.2 17068.4
19348.2 17039.6
19323.2 17014.0
19308.0 17006.3
19296.9 16998.6
19285.7 16990.6
19268.0 16981.4
19248.4 16972.1
19228.7 16961.6
19227.6 16947.8
19230.1 16934.0
19232.5 16915.9
19222.3 16889.4
19210.8 16862.9
19199.3 16838.8
19189.4 16818.2
19179.5 16797.6
19169.4 16777.3
19154.1 16757.4
19138.9 16737.4
19123.4 16724.9
19106.4 16719.0
19089.5 16713.2
19071.8 16701.5
19050.8 16685.8
19029.8 16670.1
19012.7 16657.4
19006.6 16646.3
19000.5 16635.1
18989.3 16617.9
18967.6 16598.4
18945.8 16578.8
18923.0 16560.3
18898.7 16542.0
18874.3 16523.7
18853.8 16498.7
18837.5 16472.7
18821.2 16446.6
18804.5 16427.3
18787.5 16408.4
18770.5 16389.5
18764.0 16382.0
18763.9 16374.4
18763.8 16367.1
18746.2 16363.5
18720.9 16359.9
18695.5 16355.3
18667.2 16344.9
18638.0 16334.4
18608.8 16326.6
18599.0 16328.6
18592.7 16330.6
18586.4 16327.2
18568.3 16310.5
18549.2 16293.7
18530.1 16276.7
18486.8 16259.4
18443.6 16242.1
18403.2 16222.9
18396.4 16201.2
18389.5 16179.5
18381.7 16172.4
18369.3 16179.8
18356.8 16187.2
18344.6 16179.9
18333.1 16162.0
18321.5 16144.1
18306.1 16125.2
18282.6 16105.9
18259.0 16086.6
18241.4 16065.6
18232.5 16044.0
18223.6 16022.4
18222.2 16010.6
18228.8 16001.1
18235.5 15991.7
18224.7 16002.6
18200.8 16016.1
18176.8 16029.7
18149.4 16006.6
18120.1 15982.4
18090.8 15956.8
18077.3 15905.8
18069.2 15854.7
18061.2 15809.8
18073.0 15806.7
18089.1 15803.6
18105.1 15797.6
18073.1 15780.9
18036.5 15764.1
17999.9 15744.9
17983.5 15719.5
17967.1 15694.1
17950.7 15671.8
17933.2 15654.8
17915.7 15637.8
17900.6 15626.6
17896.9 15622.4
17893.1 15618.1
17884.8 15605.5
17863.9 15585.9
17842.9 15566.2
17820.4 15538.3
17795.1 15505.5
17769.8 15472.7
17741.9 15467.8
17710.8 15474.1
17679.7 15480.4
17662.1 15452.2
17656.0 15415.4
17649.9 15378.6
17630.7 15373.9
17603.7 15373.2
17576.7 15372.5
17556.9 15348.0
17539.9 15323.0
17522.9 15298.6
17489.5 15285.4
17452.6 15272.2
17415.7 15260.3
17411.1 15255.9
17409.7 15251.4
17408.0 15241.8
17386.9 15216.1
17365.8 15190.5
17345.0 15170.3
17326.3 15161.2
17307.5 15152.1
17283.2 15146.3
17237.3 15144.8
17191.4 15143.3
17160.1 15122.2
17162.7 15083.1
17165.3 15043.9
17149.8 15019.0
17107.3 15003.0
17064.8 14987.1
17029.7 14954.5
17002.0 14915.0
16974.3 14875.6
16956.3 14865.3
16944.7 14862.2
16933.1 14859.1
16912.7 14847.0
16888.6 14833.9
16864.4 14820.9
16840.5 14801.6
16816.7 14782.3
16792.9 14763.1
16781.6 14744.8
16771.5 14726.6
16761.5 14707.7
16762.0 14686.3
16762.4 14664.8
16758.2 14642.2
16717.8 14616.8
16677.4 14591.4
16642.1 14571.2
16624.8 14559.1
16607.6 14547.0
16592.5 14525.7
16581.9 14494.8
16571.3 14463.9
16563.3 14450.0
16558.5 14447.9
16553.8 14445.8
16538.9 14427.3
16515.5 14401.6
16492.1 14375.8
16473.9 14348.1
16458.5 14319.8
16443.1 14291.4
16433.8 14267.4
16426.5 14243.7
16419.2 14220.1
16392.9 14203.0
16363.7 14185.9
16334.5 14169.4
16317.4 14157.0
16300.5 14144.6
16284.7 14138.6
16278.6 14156.1
16272.5 14173.6
16262.2 14176.6
16234.6 14149.1
16207.1 14121.5
16187.1 14100.8
16183.5 14089.4
16179.9 14078.0
16156.1 14047.7
16105.0 14001.2
16053.9 13954.6
16021.6 13941.4
16005.3 13946.5
15988.9 13951.6
15982.2 13941.3
15980.5 13925.9
15978.8 13910.5
15960.1 13920.1
15936.5 13933.6
15912.8 13947.1
15885.1 13922.3
15856.9 13896.5
15828.8 13870.8
15815.5 13845.2
15802.1 13819.6
15787.1 13793.1
15759.8 13763.1
15732.5 13733.1
15708.3 13711.0
15693.4 13706.0
15678.5 13701.0
15660.0 13689.3
15635.5 13668.6
15610.9 13647.9
15594.0 13635.1
15585.2 13628.9
15576.4 13622.7
15555.3 13607.3
15526.3 13587.1
15497.3 13567.0
15473.3 13538.3
15451.2 13507.1
15429.0 13475.9
15414.3 13454.8
15400.9 13434.9
15387.5 13415.0
15387.6 13400.8
15388.0 13386.7
15384.3 13374.3
15345.1 13373.2
15306.0 13372.2
15276.6 13365.4
15279.9 13341.8
15283.2 13318.3
15276.6 13293.3
15252.3 13266.1
15227.9 13238.9
15204.6 13218.0
15182.6 13203.6
15160.5 13189.2
15139.8 13177.4
15120.0 13167.1
15100.1 13156.8
15095.2 13147.5
15095.5 13138.5
15095.8 13129.4
15075.9 13124.2
15053.0 13119.6
15030.2 13115.0
15021.4 13087.0
15012.7 13058.7
15000.4 13031.6
14965.0 13013.2
14929.5 12994.8
14904.0 12976.6
14906.5 12958.8
14908.9 12941.1
14898.8 12923.1
14869.7 12904.7
14840.7 12886.3
14814.8 12869.8
14791.9 12855.0
14769.0 12840.2
14764.5 12818.9
14769.3 12793.7
14774.1 12768.5
14757.6 12753.2
14735.9 12741.0
14714.1 12728.8
14660.9 12723.4
14605.6 12719.0
14552.8 12714.1
14529.6 12688.0
14506.4 12661.8
14482.0 12635.1
14452.6 12604.9
14423.3 12574.7
14395.9 12547.7
14372.4 12529.0
14348.9 12510.3
14317.8 12489.3
14278.7 12465.1
14239.7 12440.8
14216.3 12418.0
14202.1 12396.5
14187.8 12375.0
14159.7 12349.6
14127.4 12322.6
14095.2 12295.5
14045.7 12259.4
13994.6 12221.3
13944.5 12183.2
13910.3 12143.6
13876.3 12103.9
13842.6 12064.4
13810.5 12025.3
13778.4 11986.3
13737.7 11947.3
13680.8 11908.1
13623.9 11868.9
13575.2 11832.8
13535.1 11801.7
13494.9 11770.7
13456.9 11733.2
13420.2 11689.6
13383.5 11645.9
13335.2 11599.1
13283.7 11550.5
13232.1 11502.0
13180.7 11458.0
13129.2 11415.1
13078.2 11372.3
13032.4 11324.4
12986.6 11276.3
12940.8 11228.0
12895.0 11178.6
12849.3 11129.3
12803.7 11081.7
12758.5 11040.5
12713.2 10999.3
12654.7 10966.1
12584.6 10946.5
12514.4 10926.9
12465.2 10891.2
12425.7 10840.5
12386.1 10789.8
12326.5 10744.6
12263.0 10702.2
12199.5 10659.8
12157.4 10607.0
12115.5 10551.8
12070.3 10496.7
12005.1 10445.9
11940.0 10395.3
11881.4 10346.2
11838.3 10308.8
11795.3 10271.5
11738.5 10227.9
11665.5 10166.7
11592.5 10105.6
11544.7 10058.6
11512.8 10032.2
11480.8 10005.8
11434.0 9956.4
11382.7 9889.1
11331.4 9821.9
11277.9 9777.1
11224.2 9741.2
11170.0 9705.3
11111.2 9659.3
11052.3 9611.8
10996.6 9564.7
10950.1 9540.1
10903.7 9515.5
10857.0 9484.6
10809.9 9424.5
10762.8 9364.4
10716.1 9316.6
10669.7 9293.1
10623.4 9269.6
10580.8 9239.9
10539.5 9203.7
10498.3 9167.5
10452.8 9129.1
10406.8 9089.6
10360.8 9050.1
10314.7 9002.2
10268.6 8952.3
10226.7 8902.5
10198.5 8874.8
10170.3 8847.9
10140.0 8820.1
10106.4 8785.4
10072.8 8750.8
10031.3 8717.8
9983.6 8688.8
9935.9 8659.8
9916.7 8627.4
9908.1 8590.7
9899.5 8554.0
9862.4 8534.9
9822.1 8527.0
9783.0 8519.2
9761.2 8500.2
9739.4 8477.9
9716.8 8455.7
9691.6 8426.3
9666.4 8396.4
9641.9 8368.3
9618.6 8355.8
9595.3 8343.3
9570.6 8333.1
9544.8 8329.6
9519.1 8326.0
9510.5 8310.7
9507.5 8280.1
9504.4 8249.5
9486.8 8230.6
9468.1 8219.5
9449.3 8208.3
9430.4 8203.2
9411.4 8199.9
9394.9 8196.5
9384.5 8183.8
9374.1 8170.5
9368.0 8157.8
9366.8 8149.7
9365.7 8141.5
9362.7 8137.8
9358.5 8145.1
9354.4 8152.4
9357.2 8156.4
9361.7 8156.4
9366.2 8156.4
9353.2 8153.9
9340.1 8150.0
9328.5 8146.0
9324.7 8143.9
9320.9 8142.3
9322.2 8140.6
9332.9 8141.6
9343.7 8142.6
9348.4 8143.9
9347.7 8147.3
9347.1 8150.8
9360.0 8157.5
9378.2 8171.2
9396.5 8184.9
9402.1 8184.2
9406.4 8169.4
9409.6 8154.6
9401.8 8155.7
9393.9 8164.3
9388.3 8172.9
9388.9 8177.2
9389.5 8180.8
9396.1 8185.0
9409.9 8202.3
9423.7 8219.6
9435.1 8232.0
9445.2 8226.9
9455.4 8221.8
9457.6 8221.6
9458.3 8228.8
9459.2 8236.0
9473.5 8243.9
9487.8 8252.4
9499.5 8260.9
9501.2 8261.2
9503.0 8259.0
9509.1 8256.7
9521.8 8268.0
9534.5 8280.1
9536.4 8292.9
9530.7 8309.9
9525.0 8327.0
9540.0 8338.7
9560.7 8338.9
9581.4 8339.2
9583.7 8341.1
9585.6 8344.7
9588.2 8348.3
9594.4 8354.7
9600.5 8362.3
9607.1 8369.9
9614.7 8374.1
9622.2 8377.8
9635.0 8382.1
9651.9 8395.2
9668.8 8408.4
9671.3 8422.7
9669.1 8440.5
9666.8 8458.2
9668.7 8464.5
9670.7 8456.6
9673.1 8448.8
9677.2 8446.9
9681.3 8448.2
9684.5 8449.6
9685.7 8464.3
9687.0 8481.7
9700.6 8498.5
9724.3 8494.5
9747.9 8490.4
9752.6 8489.1
9751.1 8497.1
9749.6 8505.1
9751.7 8519.1
9754.0 8541.4
9754.1 8563.7
9741.5 8557.7
9728.9 8533.6
9726.8 8509.5
9743.2 8516.4
9759.5 8530.7
9767.8 8545.0
9769.7 8553.8
9771.7 8562.7
9777.2 8569.1
9783.9 8565.9
9790.5 8562.7
9812.0 8566.8
9833.8 8581.5
9850.3 8596.3
9843.0 8608.2
9835.7 8618.2
9834.5 8628.2
9842.8 8626.5
9851.2 8621.9
9854.7 8617.3
9855.0 8617.2
9855.3 8617.2
9853.2 8618.5
9850.5 8625.3
9848.1 8632.0
9865.0 8635.3
9881.8 8633.8
9893.1 8632.2
9885.6 8636.4
9878.1 8644.2
9870.8 8652.0
9863.9 8657.7
9856.9 8663.0
9858.6 8667.5
9864.7 8649.2
9870.9 8630.8
9875.1 8620.8
9879.0 8637.6
9882.7 8654.4
9884.6 8661.3
9886.5 8655.9
9887.9 8650.6
9888.2 8650.5
9888.5 8653.3
9884.8 8656.0
9877.4 8652.1
9870.0 8647.2
9873.4 8643.3
9880.6 8650.9
9887.9 8658.5
9878.6 8660.8
9868.6 8649.9
9859.3 8639.0
9853.1 8634.1
9846.9 8635.1
9845.4 8636.0
9850.8 8621.8
9856.3 8601.4
9856.6 8581.0
9853.6 8592.1
9850.7 8605.6
9836.5 8616.6
9820.1 8613.2
9805.3 8609.7
9813.5 8605.4
9821.6 8599.6
9826.4 8593.8
9822.9 8593.5
9819.5 8597.1
9814.4 8600.8
9807.7 8587.1
9801.0 8569.0
9802.8 8551.1
9807.6 8551.5
9812.3 8551.9
9790.5 8551.3
9767.7 8547.6
9750.6 8543.9
9757.2 8539.3
9763.9 8533.6
9763.9 8527.9
9754.8 8529.5
9745.7 8534.6
9736.3 8539.7
9726.9 8523.3
9717.4 8504.6
9719.5 8486.9
9723.0 8476.9
9726.7 8466.8
9731.1 8463.8
9735.6 8473.8
9730.9 8483.8
9708.8 8482.4
9686.8 8472.5
9679.0 8462.5
9681.6 8456.2
9684.2 8450.9
9665.3 8445.4
9641.5 8433.4
9618.4 8421.4
9609.6 8411.5
9600.9 8407.7
9593.4 8403.8
9589.1 8400.4
9584.8 8397.5
9577.5 8394.6
9567.6 8396.7
9557.6 8400.7
9553.7 8404.8
9551.8 8387.5
9549.8 8368.9
9533.1 8352.2
9516.3 8344.3
9503.3 8336.3
9502.7 8326.1
9502.0 8312.5
9500.1 8299.0
9496.6 8291.1
9493.2 8286.5
9483.3 8281.8
9471.0 8269.2
9458.7 8255.6
9451.6 8244.1
9444.7 8250.4
9435.4 8256.7
9417.1 8254.0
9398.9 8234.5
9390.1 8214.9
9392.9 8202.4
9395.7 8195.0
9392.2 8187.5
9385.9 8185.2
9379.6 8183.9
9357.7 8183.0
9334.8 8188.0
9314.9 8193.1
9307.7 8187.0
9300.5 8154.8
9284.7 8122.7
9257.8 8111.0
9230.9 8116.8
9225.2 8122.5
9229.2 8115.9
9233.2 8105.7
9212.9 8095.9
9190.8 8099.1
9172.3 8102.3
9169.4 8099.5
9166.4 8080.1
9158.5 8060.7
9144.3 8039.6
9130.2 8016.9
9115.5 7994.1
9100.6 7978.2
9085.6 7964.6
9080.3 7950.9
9075.5 7943.7
9070.9 7936.5
9067.1 7929.3
9063.2 7922.2
9054.4 7915.2
9039.6 7903.4
9024.8 7887.0
9012.1 7870.7
9000.4 7860.9
8988.6 7853.4
8968.3 7845.8
8947.8 7836.9
8932.7 7827.9
8936.5 7821.3
8940.2 7821.9
8929.0 7822.4
8902.2 7816.3
8875.3 7803.5
8866.7 7790.7
8864.4 7767.5
8861.9 7741.0
8847.4 7714.6
8833.0 7710.3
8819.3 7706.1
8807.6 7700.2
8796.0 7689.8
8789.6 7679.3
8787.9 7666.7
8786.1 7651.8
8767.4 7637.0
8744.3 7617.9
8722.3 7597.5
8716.1 7577.8
8709.8 7580.5
8701.1 7583.3
8687.5 7578.7
8673.8 7556.0
8664.1 7533.3
8657.0 7517.7
8650.0 7507.9
8631.7 7498.2
8611.6 7492.0
8593.3 7486.6
8586.3 7481.5
8579.4 7479.3
8569.8 7477.2
8556.3 7469.1
8542.8 7448.6
8532.3 7428.1
8523.1 7415.9
8513.9 7409.4
8503.3 7402.8
8492.6 7381.4
8480.6 7357.4
8464.0 7336.2
8447.3 7335.7
8435.3 7335.1
8428.0 7327.9
8420.7 7310.0
8411.6 7292.1
8401.9 7288.2
8391.6 7291.6
8367.6 7295.1
8343.6 7275.7
8325.0 7254.3
8318.1 7236.4
8311.2 7233.3
8298.0 7230.2
8280.5 7231.8
8263.0 7238.9
8247.2 7246.1
8231.7 7243.3
8217.3 7236.9
8209.3 7230.5
8201.4 7216.8
8187.8 7203.1
8166.7 7192.5
8145.7 7190.1
8127.3 7187.7
8110.0 7173.1
8092.6 7148.5
8082.1 7123.8
8071.7 7107.0
8061.9 7091.9
8053.8 7078.5
8045.7 7081.2
8032.5 7083.8
8015.4 7082.4
7998.3 7074.3
7981.9 7066.2
7965.7 7044.3
7951.2 7014.8
7947.7 6985.3
7944.3 6968.0
7934.8 6951.7
7916.9 6934.8
7898.9 6915.7
7874.7 6896.6
7848.0 6880.2
7821.2 6866.7
7815.1 6853.3
7809.1 6832.0
7803.5 6808.3
7799.0 6784.9
7794.5 6765.3
7780.3 6745.7
7758.9 6730.0
7737.5 6722.0
7724.9 6714.0
7713.6 6701.4
7701.5 6685.9
7684.9 6670.5
7668.4 6655.0
7656.6 6639.5
7650.6 6621.5
7644.5 6592.3
7626.7 6563.0
7604.8 6547.8
7583.0 6548.1
7563.1 6548.5
7543.2 6529.4
7526.4 6504.2
7515.3 6479.8
7504.3 6472.7
7488.0 6465.7
7468.7 6458.6
7449.4 6451.5
7434.9 6444.4
7420.8 6434.0
7405.7 6421.8
7387.1 6409.6
7368.6 6397.3
7356.6 6385.0
7350.3 6371.3
7343.9 6352.1
7326.7 6333.0
7307.4 6320.1
7288.8 6313.3
7274.7 6306.5
7260.7 6299.6
7247.6 6292.7
7235.7 6286.2
7223.7 6282.6
7215.1 6279.0
7207.5 6276.3
7199.0 6274.9
7171.5 6273.6
7144.0 6269.8
7126.0 6265.0
7125.0 6260.1
7124.1 6252.7
7114.4 6245.3
7100.4 6240.7
7086.3 6243.3
7078.3 6245.9
7070.6 6230.5
7062.1 6202.2
7051.7 6173.9
7041.4 6165.1
7024.7 6158.7
7003.7 6153.3
6982.6 6151.9
6964.9 6150.4
6947.5 6142.9
6932.5 6129.0
6926.1 6115.1
6919.6 6106.2
6905.8 6098.7
6885.4 6090.3
6865.1 6073.4
6849.8 6056.5
6835.5 6046.1
6822.5 6045.4
6816.9 6044.7
6811.3 6025.9
6799.7 5999.9
6781.7 5974.2
6763.7 5966.2
6752.5 5958.1
6743.0 5942.6
6732.8 5911.9
6717.5 5881.2
6702.3 5857.6
6688.9 5838.1
6678.0 5818.6
6667.0 5801.4
6649.6 5784.4
6630.1 5766.3
6611.8 5745.1
6609.7 5724.0
6607.6 5700.5
6601.3 5675.2
6588.6 5649.9
6575.9 5623.7
6555.2 5597.4
6531.4 5575.1
6508.3 5568.7
6502.8 5562.3
6497.3 5545.0
6490.7 5517.7
6482.1 5490.4
6473.5 5486.8
6453.9 5488.0
6429.4 5487.6
6405.0 5478.8
6390.1 5470.0
6375.1 5455.8
6360.6 5435.5
6346.8 5415.1
6333.0 5398.3
6313.8 5382.4
6292.0 5369.0
6270.4 5375.3
6266.5 5381.5
6262.6 5381.0
6253.7 5371.6
6235.0 5362.2
6216.4 5348.4
6195.6 5333.1
6173.8 5319.2
6152.0 5320.0
6135.5 5320.9
6119.0 5317.7
6105.1 5308.4
6096.4 5299.2
6087.7 5289.8
6072.5 5280.3
6054.2 5271.3
6035.9 5269.6
6022.4 5267.9
6008.9 5267.0
5997.1 5267.4
5988.6 5267.7
5980.0 5265.8
5965.0 5263.1
5947.1 5259.9
5929.3 5247.4
5916.2 5235.0
5903.2 5216.1
5885.4 5186.4
5859.3 5156.8
5833.2 5146.1
5821.4 5143.3
5815.7 5139.6
5809.8 5110.6
5800.4 5081.6
5791.0 5060.5
5780.9 5052.9
5769.7 5045.3
5758.5 5033.3
5743.0 5019.5
5726.1 5004.6
5710.1 4966.8
5705.4 4929.0
5700.7 4902.4
5693.6 4894.1
5683.2 4885.8
5672.8 4873.3
5665.0 4858.9
5657.9 4844.4
5648.9 4826.3
5626.0 4808.2
5603.2 4788.6
5584.8 4766.9
5571.4 4745.1
5558.0 4730.1
5537.6 4717.5
5515.7 4705.5
5493.7 4700.5
5471.3 4695.4
5448.9 4681.8
5433.8 4656.1
5425.3 4630.5
5416.7 4616.7
5402.9 4606.5
5388.4 4596.8
5372.5 4591.0
5352.6 4585.2
5332.7 4579.3
5315.6 4573.2
5300.6 4567.2
5285.5 4565.4
5267.5 4564.7
5249.4 4564.0
5232.3 4563.1
5217.8 4562.2
5203.2 4558.1
5185.4 4550.7
5165.8 4543.3
5146.4 4536.8
5131.6 4530.4
5116.7 4521.1
5100.2 4500.4
5081.0 4479.7
5061.7 4466.4
5046.8 4459.3
5033.3 4452.2
5019.4 4430.2
5002.8 4406.6
4986.2 4384.0
4967.3 4364.3
4945.8 4344.5
4924.3 4326.5
4908.7 4309.6
4894.1 4292.7
4879.2 4283.3
4862.7 4274.2
4846.3 4262.8
4826.3 4246.7
4803.7 4230.6
4781.1 4226.0
4773.6 4226.8
4767.2 4226.5
4755.1 4197.4
4730.3 4168.4
4705.4 4130.8
4685.2 4080.2
4667.2 4029.6
4649.8 3986.8
4643.0 3946.5
4636.2 3913.1
