Index,Target xyY,Method,Ra,RGB Point,White_RGB Ratio,RGB Weights,RaDiff_ExactMinusMethod,Note,WhiteRatio,RGBRatio,BestApproxSource
1,"(0.1498, 0.0316, 4.0000)",Exact,-58.3650384001613,"(0.14985, 0.03155)","W=0.0000, RGB=1.0000","R=0.0000, G=0.0000, B=8.2254",0,Compare to Exact,0,1,Proj1
,,Projection1,-58.3650384001613,"(0.14985, 0.03155)","W=0.0000, RGB=1.0000","R=0.0000, G=0.0000, B=8.2254",0,Compare to Exact,0,1,Proj1
,,ProjectionK,-58.3650384001613,"(0.14985, 0.03155)","W=0.0000, RGB=1.0000","R=0.0000, G=0.0000, B=8.2254",0,Compare to Exact,0,1,Proj1
,,Ratio1,-58.3650384001613,"(0.14985, 0.03155)","W=0.0000, RGB=1.0000","R=0.0000, G=0.0000, B=8.2254",0,Compare to Exact,0,1,Proj1
,,RatioK,-58.3650384001613,"(0.14985, 0.03155)","W=0.0000, RGB=1.0000","R=0.0000, G=0.0000, B=8.2254",0,Compare to Exact,0,1,Proj1
,,PureRGB,-58.3650384001613,"(0.14985, 0.03155)","W=0.0000, RGB=1.0000","R=0.0000, G=0.0000, B=8.2254",0,Compare to Exact,0,1,Proj1
2,"(0.1500, 0.0400, 4.0000)",Exact,-47.3412130192558,"(0.14999, 0.03997)","W=0.0000, RGB=1.0000","R=0.0000, G=0.3162, B=6.4138",0,Compare to Exact,5.65764923473204e-15,0.999999999999994,Ratio1
,,Projection1,NaN,"(NaN, NaN)","W=NaN, RGB=NaN","R=NaN, G=NaN, B=NaN",NaN,Compare to Exact,NaN,NaN,Ratio1
,,ProjectionK,NaN,"(NaN, NaN)","W=NaN, RGB=NaN","R=NaN, G=NaN, B=NaN",NaN,Compare to Exact,NaN,NaN,Ratio1
,,Ratio1,-47.3412130192561,"(0.14999, 0.03997)","W=0.0000, RGB=1.0000","R=0.0000, G=0.3162, B=6.4138",3.05533376376843e-13,Compare to Exact,0,1,Ratio1
,,RatioK,-47.3412130192561,"(0.14999, 0.03997)","W=0.0000, RGB=1.0000","R=0.0000, G=0.3162, B=6.4138",3.05533376376843e-13,Compare to Exact,0,1,Ratio1
,,PureRGB,-47.3412130192561,"(0.14999, 0.03997)","W=0.0000, RGB=1.0000","R=0.0000, G=0.3162, B=6.4138",3.05533376376843e-13,Compare to Exact,0,1,Ratio1
3,"(0.1501, 0.0490, 4.0000)",Exact,-37.3363098874181,"(0.15014, 0.04896)","W=0.0000, RGB=1.0000","R=0.0000, G=0.5338, B=5.1673",0,Compare to Exact,3.07929614176423e-15,0.999999999999997,Ratio1
,,Projection1,NaN,"(NaN, NaN)","W=NaN, RGB=NaN","R=NaN, G=NaN, B=NaN",NaN,Compare to Exact,NaN,NaN,Ratio1
,,ProjectionK,NaN,"(NaN, NaN)","W=NaN, RGB=NaN","R=NaN, G=NaN, B=NaN",NaN,Compare to Exact,NaN,NaN,Ratio1
,,Ratio1,-37.3363098874183,"(0.15014, 0.04896)","W=0.0000, RGB=1.0000","R=0.0000, G=0.5338, B=5.1673",1.98951966012828e-13,Compare to Exact,0,1,Ratio1
,,RatioK,-37.3363098874183,"(0.15014, 0.04896)","W=0.0000, RGB=1.0000","R=0.0000, G=0.5338, B=5.1673",1.98951966012828e-13,Compare to Exact,0,1,Ratio1
,,PureRGB,-37.3363098874183,"(0.15014, 0.04896)","W=0.0000, RGB=1.0000","R=0.0000, G=0.5338, B=5.1673",1.98951966012828e-13,Compare to Exact,0,1,Ratio1
4,"(0.1503, 0.0586, 4.0000)",Exact,-27.3872260095736,"(0.15030, 0.05858)","W=0.0000, RGB=1.0000","R=0.0000, G=0.6926, B=4.2573",0,Compare to Exact,0,1,Ratio1
,,Projection1,NaN,"(NaN, NaN)","W=NaN, RGB=NaN","R=NaN, G=NaN, B=NaN",NaN,Compare to Exact,NaN,NaN,Ratio1
,,ProjectionK,NaN,"(NaN, NaN)","W=NaN, RGB=NaN","R=NaN, G=NaN, B=NaN",NaN,Compare to Exact,NaN,NaN,Ratio1
,,Ratio1,-27.3872260095736,"(0.15030, 0.05858)","W=0.0000, RGB=1.0000","R=0.0000, G=0.6926, B=4.2573",0,Compare to Exact,0,1,Ratio1
,,RatioK,-27.3872260095736,"(0.15030, 0.05858)","W=0.0000, RGB=1.0000","R=0.0000, G=0.6926, B=4.2573",0,Compare to Exact,0,1,Ratio1
,,PureRGB,-27.3872260095736,"(0.15030, 0.05858)","W=0.0000, RGB=1.0000","R=0.0000, G=0.6926, B=4.2573",0,Compare to Exact,0,1,Ratio1
5,"(0.1505, 0.0689, 4.0000)",Exact,-17.9814855869079,"(0.15047, 0.06890)","W=0.0000, RGB=1.0000","R=0.0000, G=0.8137, B=3.5636",0,Compare to Exact,2.1883128480483e-15,0.999999999999998,Ratio1
,,Projection1,NaN,"(NaN, NaN)","W=NaN, RGB=NaN","R=NaN, G=NaN, B=NaN",NaN,Compare to Exact,NaN,NaN,Ratio1
,,ProjectionK,NaN,"(NaN, NaN)","W=NaN, RGB=NaN","R=NaN, G=NaN, B=NaN",NaN,Compare to Exact,NaN,NaN,Ratio1
,,Ratio1,-17.981485586908,"(0.15047, 0.06890)","W=0.0000, RGB=1.0000","R=0.0000, G=0.8137, B=3.5636",9.9475983006414e-14,Compare to Exact,1.09415642402415e-15,0.999999999999999,Ratio1
,,RatioK,-17.981485586908,"(0.15047, 0.06890)","W=0.0000, RGB=1.0000","R=0.0000, G=0.8137, B=3.5636",9.9475983006414e-14,Compare to Exact,1.09415642402415e-15,0.999999999999999,Ratio1
,,PureRGB,-17.9814855869081,"(0.15047, 0.06890)","W=0.0000, RGB=1.0000","R=0.0000, G=0.8137, B=3.5636",1.98951966012828e-13,Compare to Exact,0,1,Ratio1
6,"(0.1507, 0.0800, 4.0000)",Exact,-9.47090153908318,"(0.15066, 0.07999)","W=0.0000, RGB=1.0000","R=0.0000, G=0.9091, B=3.0173",0,Compare to Exact,0,1,Ratio1
,,Projection1,NaN,"(NaN, NaN)","W=NaN, RGB=NaN","R=NaN, G=NaN, B=NaN",NaN,Compare to Exact,NaN,NaN,Ratio1
,,ProjectionK,NaN,"(NaN, NaN)","W=NaN, RGB=NaN","R=NaN, G=NaN, B=NaN",NaN,Compare to Exact,NaN,NaN,Ratio1
,,Ratio1,-9.47090153908325,"(0.15066, 0.07999)","W=-0.0000, RGB=1.0000","R=0.0000, G=0.9091, B=3.0173",7.105427357601e-14,Compare to Exact,-9.42414310174676e-16,1,Ratio1
,,RatioK,-9.47090153908325,"(0.15066, 0.07999)","W=-0.0000, RGB=1.0000","R=0.0000, G=0.9091, B=3.0173",7.105427357601e-14,Compare to Exact,-9.42414310174676e-16,1,Ratio1
,,PureRGB,-9.47090153908329,"(0.15066, 0.07999)","W=0.0000, RGB=1.0000","R=0.0000, G=0.9091, B=3.0173",1.10134124042816e-13,Compare to Exact,0,1,Ratio1
7,"(0.1509, 0.0920, 4.0000)",Exact,-2.02570999222787,"(0.15086, 0.09195)","W=0.0000, RGB=1.0000","R=0.0000, G=0.9861, B=2.5760",0,Compare to Exact,0,1,Ratio1
,,Projection1,NaN,"(NaN, NaN)","W=NaN, RGB=NaN","R=NaN, G=NaN, B=NaN",NaN,Compare to Exact,NaN,NaN,Ratio1
,,ProjectionK,NaN,"(NaN, NaN)","W=NaN, RGB=NaN","R=NaN, G=NaN, B=NaN",NaN,Compare to Exact,NaN,NaN,Ratio1
,,Ratio1,-2.02570999222787,"(0.15086, 0.09195)","W=0.0000, RGB=1.0000","R=0.0000, G=0.9861, B=2.5760",0,Compare to Exact,0,1,Ratio1
,,RatioK,-2.02570999222787,"(0.15086, 0.09195)","W=0.0000, RGB=1.0000","R=0.0000, G=0.9861, B=2.5760",0,Compare to Exact,0,1,Ratio1
,,PureRGB,-2.02570999222787,"(0.15086, 0.09195)","W=0.0000, RGB=1.0000","R=0.0000, G=0.9861, B=2.5760",0,Compare to Exact,0,1,Ratio1
8,"(0.1511, 0.1049, 4.0000)",Exact,4.31096539750354,"(0.15108, 0.10489)","W=0.0000, RGB=1.0000","R=0.0000, G=1.0496, B=2.2120",0,Compare to Exact,0,1,Ratio1
,,Projection1,NaN,"(NaN, NaN)","W=NaN, RGB=NaN","R=NaN, G=NaN, B=NaN",NaN,Compare to Exact,NaN,NaN,Ratio1
,,ProjectionK,NaN,"(NaN, NaN)","W=NaN, RGB=NaN","R=NaN, G=NaN, B=NaN",NaN,Compare to Exact,NaN,NaN,Ratio1
,,Ratio1,4.31096539750354,"(0.15108, 0.10489)","W=0.0000, RGB=1.0000","R=0.0000, G=1.0496, B=2.2120",0,Compare to Exact,0,1,Ratio1
,,RatioK,4.31096539750354,"(0.15108, 0.10489)","W=0.0000, RGB=1.0000","R=0.0000, G=1.0496, B=2.2120",0,Compare to Exact,0,1,Ratio1
,,PureRGB,4.31096539750354,"(0.15108, 0.10489)","W=0.0000, RGB=1.0000","R=0.0000, G=1.0496, B=2.2120",0,Compare to Exact,0,1,Ratio1
9,"(0.1513, 0.1189, 4.0000)",Exact,9.59594750139067,"(0.15131, 0.11892)","W=0.0000, RGB=1.0000","R=0.0000, G=1.1029, B=1.9066",0,Compare to Exact,0,1,Ratio1
,,Projection1,NaN,"(NaN, NaN)","W=NaN, RGB=NaN","R=NaN, G=NaN, B=NaN",NaN,Compare to Exact,NaN,NaN,Ratio1
,,ProjectionK,NaN,"(NaN, NaN)","W=NaN, RGB=NaN","R=NaN, G=NaN, B=NaN",NaN,Compare to Exact,NaN,NaN,Ratio1
,,Ratio1,9.59594750139067,"(0.15131, 0.11892)","W=0.0000, RGB=1.0000","R=0.0000, G=1.1029, B=1.9066",0,Compare to Exact,0,1,Ratio1
,,RatioK,9.59594750139067,"(0.15131, 0.11892)","W=0.0000, RGB=1.0000","R=0.0000, G=1.1029, B=1.9066",0,Compare to Exact,0,1,Ratio1
,,PureRGB,9.59594750139067,"(0.15131, 0.11892)","W=0.0000, RGB=1.0000","R=0.0000, G=1.1029, B=1.9066",0,Compare to Exact,0,1,Ratio1
10,"(0.1516, 0.1342, 4.0000)",Exact,13.9602248280741,"(0.15157, 0.13420)","W=0.0000, RGB=1.0000","R=0.0000, G=1.1483, B=1.6468",0,Compare to Exact,5.61735733738222e-16,0.999999999999999,Ratio1
,,Projection1,NaN,"(NaN, NaN)","W=NaN, RGB=NaN","R=NaN, G=NaN, B=NaN",NaN,Compare to Exact,NaN,NaN,Ratio1
,,ProjectionK,NaN,"(NaN, NaN)","W=NaN, RGB=NaN","R=NaN, G=NaN, B=NaN",NaN,Compare to Exact,NaN,NaN,Ratio1
,,Ratio1,13.9602248280741,"(0.15157, 0.13420)","W=0.0000, RGB=1.0000","R=0.0000, G=1.1483, B=1.6468",0,Compare to Exact,5.61735733738222e-16,0.999999999999999,Ratio1
,,RatioK,13.9602248280741,"(0.15157, 0.13420)","W=0.0000, RGB=1.0000","R=0.0000, G=1.1483, B=1.6468",0,Compare to Exact,5.61735733738222e-16,0.999999999999999,Ratio1
,,PureRGB,13.9602248280741,"(0.15157, 0.13420)","W=0.0000, RGB=1.0000","R=0.0000, G=1.1483, B=1.6468",0,Compare to Exact,0,1,Ratio1
11,"(0.1518, 0.1509, 4.0000)",Exact,17.5654841368068,"(0.15185, 0.15089)","W=0.0000, RGB=1.0000","R=0.0000, G=1.1873, B=1.4231",0,Compare to Exact,0,1,PureRGB
,,Projection1,NaN,"(NaN, NaN)","W=NaN, RGB=NaN","R=NaN, G=NaN, B=NaN",NaN,Compare to Exact,NaN,NaN,PureRGB
,,ProjectionK,NaN,"(NaN, NaN)","W=NaN, RGB=NaN","R=NaN, G=NaN, B=NaN",NaN,Compare to Exact,NaN,NaN,PureRGB
,,Ratio1,17.5654841368067,"(0.15185, 0.15089)","W=0.0000, RGB=1.0000","R=0.0000, G=1.1873, B=1.4231",9.9475983006414e-14,Compare to Exact,4.99585185784037e-16,0.999999999999999,PureRGB
,,RatioK,17.5654841368067,"(0.15185, 0.15089)","W=0.0000, RGB=1.0000","R=0.0000, G=1.1873, B=1.4231",9.9475983006414e-14,Compare to Exact,4.99585185784037e-16,0.999999999999999,PureRGB
,,PureRGB,17.5654841368068,"(0.15185, 0.15089)","W=0.0000, RGB=1.0000","R=0.0000, G=1.1873, B=1.4231",0,Compare to Exact,0,1,PureRGB
12,"(0.1522, 0.1692, 4.0000)",Exact,20.5637321865146,"(0.15216, 0.16921)","W=0.0000, RGB=1.0000","R=0.0000, G=1.2213, B=1.2284",0,Compare to Exact,0,1,Ratio1
,,Projection1,NaN,"(NaN, NaN)","W=NaN, RGB=NaN","R=NaN, G=NaN, B=NaN",NaN,Compare to Exact,NaN,NaN,Ratio1
,,ProjectionK,NaN,"(NaN, NaN)","W=NaN, RGB=NaN","R=NaN, G=NaN, B=NaN",NaN,Compare to Exact,NaN,NaN,Ratio1
,,Ratio1,20.5637321865146,"(0.15216, 0.16921)","W=0.0000, RGB=1.0000","R=0.0000, G=1.2213, B=1.2284",0,Compare to Exact,0,1,Ratio1
,,RatioK,20.5637321865146,"(0.15216, 0.16921)","W=0.0000, RGB=1.0000","R=0.0000, G=1.2213, B=1.2284",0,Compare to Exact,0,1,Ratio1
,,PureRGB,20.5637321865146,"(0.15216, 0.16921)","W=0.0000, RGB=1.0000","R=0.0000, G=1.2213, B=1.2284",0,Compare to Exact,0,1,Ratio1
13,"(0.1525, 0.1894, 4.0000)",Exact,23.0788432474159,"(0.15249, 0.18940)","W=0.0000, RGB=1.0000","R=0.0000, G=1.2512, B=1.0574",0,Compare to Exact,3.98006433934826e-16,1,Ratio1
,,Projection1,NaN,"(NaN, NaN)","W=NaN, RGB=NaN","R=NaN, G=NaN, B=NaN",NaN,Compare to Exact,NaN,NaN,Ratio1
,,ProjectionK,NaN,"(NaN, NaN)","W=NaN, RGB=NaN","R=NaN, G=NaN, B=NaN",NaN,Compare to Exact,NaN,NaN,Ratio1
,,Ratio1,23.0788432474158,"(0.15249, 0.18940)","W=0.0000, RGB=1.0000","R=0.0000, G=1.2512, B=1.0574",9.9475983006414e-14,Compare to Exact,0,1,Ratio1
,,RatioK,23.0788432474158,"(0.15249, 0.18940)","W=0.0000, RGB=1.0000","R=0.0000, G=1.2512, B=1.0574",9.9475983006414e-14,Compare to Exact,0,1,Ratio1
,,PureRGB,23.0788432474158,"(0.15249, 0.18940)","W=0.0000, RGB=1.0000","R=0.0000, G=1.2512, B=1.0574",9.9475983006414e-14,Compare to Exact,0,1,Ratio1
14,"(0.1529, 0.2118, 4.0000)",Exact,25.2053901463938,"(0.15287, 0.21177)","W=0.0000, RGB=1.0000","R=0.0000, G=1.2776, B=0.9061",0,Compare to Exact,0,1,Ratio1
,,Projection1,NaN,"(NaN, NaN)","W=NaN, RGB=NaN","R=NaN, G=NaN, B=NaN",NaN,Compare to Exact,NaN,NaN,Ratio1
,,ProjectionK,NaN,"(NaN, NaN)","W=NaN, RGB=NaN","R=NaN, G=NaN, B=NaN",NaN,Compare to Exact,NaN,NaN,Ratio1
,,Ratio1,25.2053901463938,"(0.15287, 0.21177)","W=0.0000, RGB=1.0000","R=0.0000, G=1.2776, B=0.9061",0,Compare to Exact,0,1,Ratio1
,,RatioK,25.2053901463938,"(0.15287, 0.21177)","W=0.0000, RGB=1.0000","R=0.0000, G=1.2776, B=0.9061",0,Compare to Exact,0,1,Ratio1
,,PureRGB,25.2053901463938,"(0.15287, 0.21177)","W=0.0000, RGB=1.0000","R=0.0000, G=1.2776, B=0.9061",0,Compare to Exact,0,1,Ratio1
15,"(0.1533, 0.2367, 4.0000)",Exact,27.0140814319201,"(0.15329, 0.23669)","W=0.0000, RGB=1.0000","R=0.0000, G=1.3011, B=0.7712",0,Compare to Exact,0,1,Ratio1
,,Projection1,NaN,"(NaN, NaN)","W=NaN, RGB=NaN","R=NaN, G=NaN, B=NaN",NaN,Compare to Exact,NaN,NaN,Ratio1
,,ProjectionK,NaN,"(NaN, NaN)","W=NaN, RGB=NaN","R=NaN, G=NaN, B=NaN",NaN,Compare to Exact,NaN,NaN,Ratio1
,,Ratio1,27.0140814319201,"(0.15329, 0.23669)","W=0.0000, RGB=1.0000","R=0.0000, G=1.3011, B=0.7712",0,Compare to Exact,0,1,Ratio1
,,RatioK,27.0140814319201,"(0.15329, 0.23669)","W=0.0000, RGB=1.0000","R=0.0000, G=1.3011, B=0.7712",0,Compare to Exact,0,1,Ratio1
,,PureRGB,27.0140814319201,"(0.15329, 0.23669)","W=0.0000, RGB=1.0000","R=0.0000, G=1.3011, B=0.7712",0,Compare to Exact,0,1,Ratio1
16,"(0.1538, 0.2646, 4.0000)",Exact,28.5576682729807,"(0.15376, 0.26461)","W=0.0000, RGB=1.0000","R=0.0000, G=1.3223, B=0.6502",0,Compare to Exact,0,1,Ratio1
,,Projection1,NaN,"(NaN, NaN)","W=NaN, RGB=NaN","R=NaN, G=NaN, B=NaN",NaN,Compare to Exact,NaN,NaN,Ratio1
,,ProjectionK,NaN,"(NaN, NaN)","W=NaN, RGB=NaN","R=NaN, G=NaN, B=NaN",NaN,Compare to Exact,NaN,NaN,Ratio1
,,Ratio1,28.5576682729807,"(0.15376, 0.26461)","W=0.0000, RGB=1.0000","R=0.0000, G=1.3223, B=0.6502",0,Compare to Exact,0,1,Ratio1
,,RatioK,28.5576682729807,"(0.15376, 0.26461)","W=0.0000, RGB=1.0000","R=0.0000, G=1.3223, B=0.6502",0,Compare to Exact,0,1,Ratio1
,,PureRGB,28.5576682729807,"(0.15376, 0.26461)","W=0.0000, RGB=1.0000","R=0.0000, G=1.3223, B=0.6502",0,Compare to Exact,0,1,Ratio1
17,"(0.1543, 0.2961, 4.0000)",Exact,29.873214964205,"(0.15428, 0.29613)","W=0.0000, RGB=1.0000","R=0.0000, G=1.3413, B=0.5410",0,Compare to Exact,0,1,Ratio1
,,Projection1,NaN,"(NaN, NaN)","W=NaN, RGB=NaN","R=NaN, G=NaN, B=NaN",NaN,Compare to Exact,NaN,NaN,Ratio1
,,ProjectionK,NaN,"(NaN, NaN)","W=NaN, RGB=NaN","R=NaN, G=NaN, B=NaN",NaN,Compare to Exact,NaN,NaN,Ratio1
,,Ratio1,29.873214964205,"(0.15428, 0.29613)","W=0.0000, RGB=1.0000","R=0.0000, G=1.3413, B=0.5410",0,Compare to Exact,0,1,Ratio1
,,RatioK,29.873214964205,"(0.15428, 0.29613)","W=0.0000, RGB=1.0000","R=0.0000, G=1.3413, B=0.5410",0,Compare to Exact,0,1,Ratio1
,,PureRGB,29.873214964205,"(0.15428, 0.29613)","W=0.0000, RGB=1.0000","R=0.0000, G=1.3413, B=0.5410",0,Compare to Exact,0,1,Ratio1
18,"(0.1549, 0.3320, 4.0000)",Exact,30.9635187731484,"(0.15489, 0.33197)","W=-0.0000, RGB=1.0000","R=0.0000, G=1.3586, B=0.4421",0,Compare to Exact,-2.27082437336765e-16,1,Ratio1
,,Projection1,NaN,"(NaN, NaN)","W=NaN, RGB=NaN","R=NaN, G=NaN, B=NaN",NaN,Compare to Exact,NaN,NaN,Ratio1
,,ProjectionK,NaN,"(NaN, NaN)","W=NaN, RGB=NaN","R=NaN, G=NaN, B=NaN",NaN,Compare to Exact,NaN,NaN,Ratio1
,,Ratio1,30.9635187731484,"(0.15489, 0.33197)","W=-0.0000, RGB=1.0000","R=0.0000, G=1.3586, B=0.4421",0,Compare to Exact,-2.27082437336765e-16,1,Ratio1
,,RatioK,30.9635187731484,"(0.15489, 0.33197)","W=-0.0000, RGB=1.0000","R=0.0000, G=1.3586, B=0.4421",0,Compare to Exact,-2.27082437336765e-16,1,Ratio1
,,PureRGB,30.9635187731484,"(0.15489, 0.33197)","W=0.0000, RGB=1.0000","R=0.0000, G=1.3586, B=0.4421",0,Compare to Exact,0,1,Ratio1
19,"(0.1556, 0.3731, 4.0000)",Exact,28.8463390882059,"(0.15558, 0.37310)","W=-0.0000, RGB=1.0000","R=0.0000, G=1.3743, B=0.3520",0,Compare to Exact,-2.02049662336195e-16,1,Ratio1
,,Projection1,NaN,"(NaN, NaN)","W=NaN, RGB=NaN","R=NaN, G=NaN, B=NaN",NaN,Compare to Exact,NaN,NaN,Ratio1
,,ProjectionK,NaN,"(NaN, NaN)","W=NaN, RGB=NaN","R=NaN, G=NaN, B=NaN",NaN,Compare to Exact,NaN,NaN,Ratio1
,,Ratio1,28.8463390882059,"(0.15558, 0.37310)","W=-0.0000, RGB=1.0000","R=0.0000, G=1.3743, B=0.3520",0,Compare to Exact,-2.02049662336195e-16,1,Ratio1
,,RatioK,28.8463390882059,"(0.15558, 0.37310)","W=-0.0000, RGB=1.0000","R=0.0000, G=1.3743, B=0.3520",0,Compare to Exact,-2.02049662336195e-16,1,Ratio1
,,PureRGB,28.8463383759864,"(0.15558, 0.37310)","W=0.0000, RGB=1.0000","R=0.0000, G=1.3743, B=0.3520",7.12219502929656e-07,Compare to Exact,0,1,Ratio1
20,"(0.1564, 0.4208, 4.0000)",Exact,25.6217453751415,"(0.15637, 0.42077)","W=0.0000, RGB=1.0000","R=0.0000, G=1.3887, B=0.2695",0,Compare to Exact,1.79155407717701e-16,1,Ratio1
,,Projection1,NaN,"(NaN, NaN)","W=NaN, RGB=NaN","R=NaN, G=NaN, B=NaN",NaN,Compare to Exact,NaN,NaN,Ratio1
,,ProjectionK,NaN,"(NaN, NaN)","W=NaN, RGB=NaN","R=NaN, G=NaN, B=NaN",NaN,Compare to Exact,NaN,NaN,Ratio1
,,Ratio1,25.6217420955088,"(0.15637, 0.42077)","W=0.0000, RGB=1.0000","R=0.0000, G=1.3887, B=0.2695",3.27963270052578e-06,Compare to Exact,0,1,Ratio1
,,RatioK,25.6217420955088,"(0.15637, 0.42077)","W=0.0000, RGB=1.0000","R=0.0000, G=1.3887, B=0.2695",3.27963270052578e-06,Compare to Exact,0,1,Ratio1
,,PureRGB,25.6217420955088,"(0.15637, 0.42077)","W=0.0000, RGB=1.0000","R=0.0000, G=1.3887, B=0.2695",3.27963270052578e-06,Compare to Exact,0,1,Ratio1
21,"(0.1573, 0.4767, 4.0000)",Exact,22.0914768479842,"(0.15731, 0.47670)","W=0.0000, RGB=1.0000","R=0.0000, G=1.4019, B=0.1939",0,Compare to Exact,1.58136862398298e-16,1,Ratio1
,,Projection1,NaN,"(NaN, NaN)","W=NaN, RGB=NaN","R=NaN, G=NaN, B=NaN",NaN,Compare to Exact,NaN,NaN,Ratio1
,,ProjectionK,NaN,"(NaN, NaN)","W=NaN, RGB=NaN","R=NaN, G=NaN, B=NaN",NaN,Compare to Exact,NaN,NaN,Ratio1
,,Ratio1,22.0914768479842,"(0.15731, 0.47670)","W=0.0000, RGB=1.0000","R=0.0000, G=1.4019, B=0.1939",0,Compare to Exact,1.58136862398298e-16,1,Ratio1
,,RatioK,22.0914768479842,"(0.15731, 0.47670)","W=0.0000, RGB=1.0000","R=0.0000, G=1.4019, B=0.1939",0,Compare to Exact,1.58136862398298e-16,1,Ratio1
,,PureRGB,22.0914768479842,"(0.15731, 0.47670)","W=0.0000, RGB=1.0000","R=0.0000, G=1.4019, B=0.1939",0,Compare to Exact,0,1,Ratio1
22,"(0.1584, 0.5432, 4.0000)",Exact,17.3959954497973,"(0.15843, 0.54322)","W=0.0000, RGB=1.0000","R=0.0000, G=1.4141, B=0.1242",0,Compare to Exact,1.38772584456808e-16,1,Ratio1
,,Projection1,NaN,"(NaN, NaN)","W=NaN, RGB=NaN","R=NaN, G=NaN, B=NaN",NaN,Compare to Exact,NaN,NaN,Ratio1
,,ProjectionK,NaN,"(NaN, NaN)","W=NaN, RGB=NaN","R=NaN, G=NaN, B=NaN",NaN,Compare to Exact,NaN,NaN,Ratio1
,,Ratio1,17.3959950139776,"(0.15843, 0.54322)","W=0.0000, RGB=1.0000","R=0.0000, G=1.4141, B=0.1242",4.35819700328466e-07,Compare to Exact,0,1,Ratio1
,,RatioK,17.3959950139776,"(0.15843, 0.54322)","W=0.0000, RGB=1.0000","R=0.0000, G=1.4141, B=0.1242",4.35819700328466e-07,Compare to Exact,0,1,Ratio1
,,PureRGB,17.3959950139776,"(0.15843, 0.54322)","W=0.0000, RGB=1.0000","R=0.0000, G=1.4141, B=0.1242",4.35819700328466e-07,Compare to Exact,0,1,Ratio1
23,"(0.1598, 0.6237, 4.0000)",Exact,8.59880640954232,"(0.15978, 0.62365)","W=0.0000, RGB=1.0000","R=0.0000, G=1.4253, B=0.0597",0,Compare to Exact,1.20874669418626e-16,1,Ratio1
,,Projection1,NaN,"(NaN, NaN)","W=NaN, RGB=NaN","R=NaN, G=NaN, B=NaN",NaN,Compare to Exact,NaN,NaN,Ratio1
,,ProjectionK,NaN,"(NaN, NaN)","W=NaN, RGB=NaN","R=NaN, G=NaN, B=NaN",NaN,Compare to Exact,NaN,NaN,Ratio1
,,Ratio1,8.59880640954232,"(0.15978, 0.62365)","W=0.0000, RGB=1.0000","R=0.0000, G=1.4253, B=0.0597",0,Compare to Exact,1.20874669418626e-16,1,Ratio1
,,RatioK,8.59880640954232,"(0.15978, 0.62365)","W=0.0000, RGB=1.0000","R=0.0000, G=1.4253, B=0.0597",0,Compare to Exact,1.20874669418626e-16,1,Ratio1
,,PureRGB,8.59880589458034,"(0.15978, 0.62365)","W=0.0000, RGB=1.0000","R=0.0000, G=1.4253, B=0.0597",5.14961980613293e-07,Compare to Exact,0,1,Ratio1
24,"(0.1614, 0.7229, 4.0000)",Exact,-23.0538896546135,"(0.16144, 0.72288)","W=-0.0000, RGB=1.0000","R=0.0000, G=1.4358, B=0.0000",0,Compare to Exact,-4.17130531229685e-16,1,Proj1
,,Projection1,-23.0538896546135,"(0.16144, 0.72288)","W=-0.0000, RGB=1.0000","R=0.0000, G=1.4358, B=0.0000",0,Compare to Exact,-4.17130531229685e-16,1,Proj1
,,ProjectionK,-23.0538896546135,"(0.16144, 0.72288)","W=-0.0000, RGB=1.0000","R=0.0000, G=1.4358, B=0.0000",0,Compare to Exact,-4.17130531229685e-16,1,Proj1
,,Ratio1,-23.0538896546135,"(0.16144, 0.72288)","W=-0.0000, RGB=1.0000","R=0.0000, G=1.4358, B=0.0000",0,Compare to Exact,-4.17130531229685e-16,1,Proj1
,,RatioK,-23.0538896546135,"(0.16144, 0.72288)","W=-0.0000, RGB=1.0000","R=0.0000, G=1.4358, B=0.0000",0,Compare to Exact,-4.17130531229685e-16,1,Proj1
,,PureRGB,-23.0538898590213,"(0.16144, 0.72288)","W=0.0000, RGB=1.0000","R=0.0000, G=1.4358, B=0.0000",2.04407800907802e-07,Compare to Exact,0,1,Proj1
25,"(0.1647, 0.0385, 4.0000)",Exact,-63.049041584592,"(0.16470, 0.03853)","W=0.0000, RGB=1.0000","R=0.7273, G=0.0000, B=6.5564",0,Compare to Exact,0,1,Ratio1
,,Projection1,NaN,"(NaN, NaN)","W=NaN, RGB=NaN","R=NaN, G=NaN, B=NaN",NaN,Compare to Exact,NaN,NaN,Ratio1
,,ProjectionK,NaN,"(NaN, NaN)","W=NaN, RGB=NaN","R=NaN, G=NaN, B=NaN",NaN,Compare to Exact,NaN,NaN,Ratio1
,,Ratio1,-63.049041584592,"(0.16470, 0.03853)","W=0.0000, RGB=1.0000","R=0.7273, G=0.0000, B=6.5564",0,Compare to Exact,0,1,Ratio1
,,RatioK,-63.049041584592,"(0.16470, 0.03853)","W=0.0000, RGB=1.0000","R=0.7273, G=0.0000, B=6.5564",0,Compare to Exact,0,1,Ratio1
,,PureRGB,-63.049041584592,"(0.16470, 0.03853)","W=0.0000, RGB=1.0000","R=0.7273, G=0.0000, B=6.5564",0,Compare to Exact,0,1,Ratio1
26,"(0.1653, 0.0473, 4.0000)",Exact,-33.3191879976979,"(0.16534, 0.04733)","W=0.0000, RGB=1.0000","R=0.6117, G=0.2719, B=5.2640",0,Compare to Exact,0,1,Ratio1
,,Projection1,-33.3599767253144,"(0.16488, 0.04652)","W=0.0199, RGB=0.9801","R=0.5923, G=0.2520, B=5.2585",0.0407887276164942,Compare to Exact,0.0199216036877218,0.980078396312277,Ratio1
,,ProjectionK,-33.3646899619835,"(0.16484, 0.04644)","W=0.0218, RGB=0.9782","R=0.5905, G=0.2502, B=5.2580",0.0455019642855987,Compare to Exact,0.0217759494680783,0.978224050531921,Ratio1
,,Ratio1,-33.3191879976979,"(0.16534, 0.04733)","W=0.0000, RGB=1.0000","R=0.6117, G=0.2719, B=5.2640",0,Compare to Exact,0,1,Ratio1
,,RatioK,-33.3214189666752,"(0.16530, 0.04728)","W=0.0014, RGB=0.9986","R=0.6104, G=0.2705, B=5.2636",0.00223096897730102,Compare to Exact,0.00137010278407418,0.998629897215926,Ratio1
,,PureRGB,-33.319187997698,"(0.16534, 0.04733)","W=0.0000, RGB=1.0000","R=0.6117, G=0.2719, B=5.2640",9.9475983006414e-14,Compare to Exact,0,1,Ratio1
27,"(0.1660, 0.0567, 4.0000)",Exact,-10.3717884778899,"(0.16602, 0.05674)","W=0.0000, RGB=1.0000","R=0.5278, G=0.4692, B=4.3259",0,Compare to Exact,0,1,PureRGB
,,Projection1,-10.5330941984704,"(0.16534, 0.05557)","W=0.0246, RGB=0.9754","R=0.5038, G=0.4446, B=4.3192",0.161305720580499,Compare to Exact,0.0246478454603006,0.9753521545397,PureRGB
,,ProjectionK,-10.6074334434415,"(0.16507, 0.05511)","W=0.0345, RGB=0.9655","R=0.4943, G=0.4348, B=4.3165",0.2356449655516,Compare to Exact,0.0344537284579336,0.965546271542066,PureRGB
,,Ratio1,-10.3717884778899,"(0.16602, 0.05674)","W=0.0000, RGB=1.0000","R=0.5278, G=0.4692, B=4.3259",0,Compare to Exact,0,1,PureRGB
,,RatioK,-10.4230441256767,"(0.16579, 0.05634)","W=0.0085, RGB=0.9915","R=0.5196, G=0.4608, B=4.3236",0.0512556477867996,Compare to Exact,0.0084632310847103,0.991536768915289,PureRGB
,,PureRGB,-10.3717884778896,"(0.16602, 0.05674)","W=0.0000, RGB=1.0000","R=0.5278, G=0.4692, B=4.3259",-3.00204305858642e-13,Compare to Exact,0,1,PureRGB
28,"(0.1667, 0.0668, 4.0000)",Exact,7.47386165996552,"(0.16675, 0.06683)","W=0.0000, RGB=1.0000","R=0.4642, G=0.6190, B=3.6141",0,Compare to Exact,0,1,Ratio1
,,Projection1,7.10512957743727,"(0.16582, 0.06526)","W=0.0290, RGB=0.9710","R=0.4360, G=0.5901, B=3.6062",0.36873208252825,Compare to Exact,0.0289548982791017,0.971045101720899,Ratio1
,,ProjectionK,6.80219507879018,"(0.16515, 0.06414)","W=0.0496, RGB=0.9504","R=0.4158, G=0.5695, B=3.6005",0.67166658117534,Compare to Exact,0.0496029280978026,0.950397071902198,Ratio1
,,Ratio1,7.47386165996552,"(0.16675, 0.06683)","W=0.0000, RGB=1.0000","R=0.4642, G=0.6190, B=3.6141",0,Compare to Exact,0,1,Ratio1
,,RatioK,7.24552840707769,"(0.16616, 0.06583)","W=0.0185, RGB=0.9815","R=0.4461, G=0.6005, B=3.6091",0.22833325288783,Compare to Exact,0.0185294821180235,0.981470517881977,Ratio1
,,PureRGB,7.47386165996549,"(0.16675, 0.06683)","W=0.0000, RGB=1.0000","R=0.4642, G=0.6190, B=3.6141",3.01980662698043e-14,Compare to Exact,0,1,Ratio1
29,"(0.1675, 0.0777, 4.0000)",Exact,21.273631037073,"(0.16753, 0.07766)","W=0.0000, RGB=1.0000","R=0.4143, G=0.7365, B=3.0555",0,Compare to Exact,0,1,PureRGB
,,Projection1,20.5958012580656,"(0.16630, 0.07566)","W=0.0331, RGB=0.9669","R=0.3820, G=0.7035, B=3.0464",0.6778297790074,Compare to Exact,0.0330784637770671,0.966921536222933,PureRGB
,,ProjectionK,19.9276499503586,"(0.16522, 0.07391)","W=0.0617, RGB=0.9383","R=0.3541, G=0.6749, B=3.0386",1.3459810867144,Compare to Exact,0.0617017532791818,0.938298246720819,PureRGB
,,Ratio1,21.273631037073,"(0.16753, 0.07766)","W=0.0000, RGB=1.0000","R=0.4143, G=0.7365, B=3.0555",0,Compare to Exact,0,1,PureRGB
,,RatioK,20.7484383290222,"(0.16657, 0.07609)","W=0.0261, RGB=0.9739","R=0.3889, G=0.7105, B=3.0484",0.525192708050799,Compare to Exact,0.0260542434938327,0.973945756506167,PureRGB
,,PureRGB,21.2736310370732,"(0.16753, 0.07766)","W=0.0000, RGB=1.0000","R=0.4143, G=0.7365, B=3.0555",-2.02504679691629e-13,Compare to Exact,0,1,PureRGB
30,"(0.1684, 0.0893, 4.0000)",Exact,31.9934875115057,"(0.16838, 0.08932)","W=0.0000, RGB=1.0000","R=0.3740, G=0.8312, B=2.6054",0,Compare to Exact,0,1,Ratio1
,,Projection1,30.954271734863,"(0.16679, 0.08685)","W=0.0372, RGB=0.9628","R=0.3378, G=0.7941, B=2.5952",1.0392157766427,Compare to Exact,0.0371782832441688,0.962821716755831,Ratio1
,,ProjectionK,29.8792626447057,"(0.16530, 0.08451)","W=0.0716, RGB=0.9284","R=0.3042, G=0.7597, B=2.5858",2.1142248668,Compare to Exact,0.0716235493825882,0.928376450617412,Ratio1
,,Ratio1,31.9934875115057,"(0.16838, 0.08932)","W=0.0000, RGB=1.0000","R=0.3740, G=0.8312, B=2.6054",0,Compare to Exact,0,1,Ratio1
,,RatioK,31.1173066895943,"(0.16703, 0.08722)","W=0.0316, RGB=0.9684","R=0.3432, G=0.7996, B=2.5967",0.876180821911397,Compare to Exact,0.0316468836163893,0.968353116383611,Ratio1
,,PureRGB,31.9934875115055,"(0.16838, 0.08932)","W=0.0000, RGB=1.0000","R=0.3740, G=0.8312, B=2.6054",1.98951966012828e-13,Compare to Exact,0,1,Ratio1
31,"(0.1693, 0.1019, 4.0000)",Exact,40.4722334314085,"(0.16929, 0.10191)","W=0.0000, RGB=1.0000","R=0.3409, G=0.9091, B=2.2350",0,Compare to Exact,0,1,Ratio1
,,Projection1,39.0771228025333,"(0.16729, 0.09893)","W=0.0414, RGB=0.9586","R=0.3006, G=0.8678, B=2.2237",1.39511062887519,Compare to Exact,0.0413725882590994,0.958627411740901,Ratio1
,,ProjectionK,37.6481875141486,"(0.16536, 0.09606)","W=0.0802, RGB=0.9198","R=0.2627, G=0.8291, B=2.2131",2.82404591725989,Compare to Exact,0.08015532406432,0.91984467593568,Ratio1
,,Ratio1,40.4722334314085,"(0.16929, 0.10191)","W=0.0000, RGB=1.0000","R=0.3409, G=0.9091, B=2.2350",0,Compare to Exact,0,1,Ratio1
,,RatioK,39.2721027095855,"(0.16756, 0.09933)","W=0.0358, RGB=0.9642","R=0.3060, G=0.8733, B=2.2252",1.20013072182299,Compare to Exact,0.0358399984568135,0.964160001543186,Ratio1
,,PureRGB,40.4722334314084,"(0.16929, 0.10191)","W=0.0000, RGB=1.0000","R=0.3409, G=0.9091, B=2.2350",9.9475983006414e-14,Compare to Exact,0,1,Ratio1
32,"(0.1703, 0.1156, 4.0000)",Exact,47.2448762230793,"(0.17028, 0.11556)","W=0.0000, RGB=1.0000","R=0.3132, G=0.9743, B=1.9249",0,Compare to Exact,0,1,PureRGB
,,Projection1,45.5097298224856,"(0.16777, 0.11201)","W=0.0458, RGB=0.9542","R=0.2686, G=0.9287, B=1.9124",1.7351464005937,Compare to Exact,0.0457535532279168,0.954246446772083,PureRGB
,,ProjectionK,43.8497973412281,"(0.16546, 0.10875)","W=0.0866, RGB=0.9134","R=0.2287, G=0.8879, B=1.9012",3.39507888185121,Compare to Exact,0.0866048182062698,0.913395181793731,PureRGB
,,Ratio1,47.2448762230793,"(0.17028, 0.11556)","W=0.0000, RGB=1.0000","R=0.3132, G=0.9743, B=1.9249",0,Compare to Exact,0,1,PureRGB
,,RatioK,45.8164931975718,"(0.16821, 0.11263)","W=0.0379, RGB=0.9621","R=0.2762, G=0.9365, B=1.9145",1.4283830255075,Compare to Exact,0.0379372179994197,0.96206278200058,PureRGB
,,PureRGB,47.2448762230793,"(0.17028, 0.11556)","W=0.0000, RGB=1.0000","R=0.3132, G=0.9743, B=1.9249",0,Compare to Exact,0,1,PureRGB
33,"(0.1714, 0.1304, 4.0000)",Exact,52.5590522484163,"(0.17136, 0.13039)","W=0.0000, RGB=1.0000","R=0.2896, G=1.0297, B=1.6614",0,Compare to Exact,0,1,Ratio1
,,Projection1,50.486775667412,"(0.16825, 0.12626)","W=0.0504, RGB=0.9496","R=0.2405, G=0.9795, B=1.6476",2.0722765810043,Compare to Exact,0.0503908215651213,0.949609178434879,Ratio1
,,ProjectionK,48.741876563367,"(0.16567, 0.12284)","W=0.0906, RGB=0.9094","R=0.2012, G=0.9393, B=1.6366",3.8171756850493,Compare to Exact,0.090645334836079,0.909354665163921,Ratio1
,,Ratio1,52.5590522484163,"(0.17136, 0.13039)","W=0.0000, RGB=1.0000","R=0.2896, G=1.0297, B=1.6614",0,Compare to Exact,0,1,Ratio1
,,RatioK,51.0238842917862,"(0.16905, 0.12732)","W=0.0377, RGB=0.9623","R=0.2529, G=0.9922, B=1.6511",1.5351679566301,Compare to Exact,0.0376521505387369,0.962347849461263,Ratio1
,,PureRGB,52.5590522484163,"(0.17136, 0.13039)","W=0.0000, RGB=1.0000","R=0.2896, G=1.0297, B=1.6614",0,Compare to Exact,0,1,Ratio1
34,"(0.1725, 0.1466, 4.0000)",Exact,56.4884103829213,"(0.17253, 0.14656)","W=0.0000, RGB=1.0000","R=0.2693, G=1.0774, B=1.4348",0,Compare to Exact,0,1,Ratio1
,,Projection1,54.0605788822021,"(0.16870, 0.14184)","W=0.0553, RGB=0.9447","R=0.2154, G=1.0222, B=1.4197",2.4278315007192,Compare to Exact,0.0553228686782641,0.944677131321736,Ratio1
,,ProjectionK,52.6726390952009,"(0.16651, 0.13914)","W=0.0858, RGB=0.9142","R=0.1857, G=0.9919, B=1.4113",3.8157712877204,Compare to Exact,0.0857578776580749,0.914242122341925,Ratio1
,,Ratio1,56.4884103829213,"(0.17253, 0.14656)","W=0.0000, RGB=1.0000","R=0.2693, G=1.0774, B=1.4348",0,Compare to Exact,0,1,Ratio1
,,RatioK,54.9367036507617,"(0.17008, 0.14354)","W=0.0357, RGB=0.9643","R=0.2345, G=1.0418, B=1.4250",1.5517067321596,Compare to Exact,0.0357115773838947,0.964288422616105,Ratio1
,,PureRGB,56.4884103829213,"(0.17253, 0.14656)","W=0.0000, RGB=1.0000","R=0.2693, G=1.0774, B=1.4348",0,Compare to Exact,0,1,Ratio1
35,"(0.1738, 0.1643, 4.0000)",Exact,59.0988129362242,"(0.17382, 0.16428)","W=0.0000, RGB=1.0000","R=0.2517, G=1.1188, B=1.2378",0,Compare to Exact,0,1,Ratio1
,,Projection1,56.2832089058171,"(0.16913, 0.15899)","W=0.0605, RGB=0.9395","R=0.1927, G=1.0585, B=1.2213",2.8156040304071,Compare to Exact,0.060529033447349,0.939470966552651,Ratio1
,,ProjectionK,54.9703910830543,"(0.16693, 0.15650)","W=0.0878, RGB=0.9122","R=0.1661, G=1.0312, B=1.2138",4.1284218531699,Compare to Exact,0.0878432789865654,0.912156721013435,Ratio1
,,Ratio1,59.0988129362242,"(0.17382, 0.16428)","W=0.0000, RGB=1.0000","R=0.2517, G=1.1188, B=1.2378",0,Compare to Exact,0,1,Ratio1
,,RatioK,57.5649693281971,"(0.17127, 0.16140)","W=0.0333, RGB=0.9667","R=0.2192, G=1.0856, B=1.2287",1.5338436080271,Compare to Exact,0.0333468400708986,0.966653159929102,Ratio1
,,PureRGB,59.0988129362242,"(0.17382, 0.16428)","W=0.0000, RGB=1.0000","R=0.2517, G=1.1188, B=1.2378",0,Compare to Exact,0,1,Ratio1
36,"(0.1752, 0.1838, 4.0000)",Exact,60.6408908832341,"(0.17523, 0.18376)","W=0.0000, RGB=1.0000","R=0.2363, G=1.1552, B=1.0650",0,Compare to Exact,0,1,Ratio1
,,Projection1,57.4261685247665,"(0.16954, 0.17800)","W=0.0659, RGB=0.9341","R=0.1721, G=1.0895, B=1.0470",3.2147223584676,Compare to Exact,0.0658634947644146,0.934136505235585,Ratio1
,,ProjectionK,56.159960806696,"(0.16726, 0.17569)","W=0.0910, RGB=0.9090","R=0.1476, G=1.0644, B=1.0401",4.4809300765381,Compare to Exact,0.0910047440847184,0.908995255915282,Ratio1
,,Ratio1,60.6408908832341,"(0.17523, 0.18376)","W=0.0000, RGB=1.0000","R=0.2363, G=1.1552, B=1.0650",0,Compare to Exact,0,1,Ratio1
,,RatioK,59.134610358388,"(0.17258, 0.18108)","W=0.0313, RGB=0.9687","R=0.2058, G=1.1240, B=1.0565",1.5062805248461,Compare to Exact,0.0312722870173455,0.968727712982654,Ratio1
,,PureRGB,60.6408908832341,"(0.17523, 0.18376)","W=0.0000, RGB=1.0000","R=0.2363, G=1.1552, B=1.0650",0,Compare to Exact,0,1,Ratio1
37,"(0.1768, 0.2053, 4.0000)",Exact,61.4759748809859,"(0.17679, 0.20530)","W=0.0000, RGB=1.0000","R=0.2226, G=1.1873, B=0.9122",0,Compare to Exact,0,1,Ratio1
,,Projection1,57.889549400469,"(0.16997, 0.19928)","W=0.0709, RGB=0.9291","R=0.1535, G=1.1166, B=0.8928",3.5864254805169,Compare to Exact,0.0709089685552293,0.929091031444771,Ratio1
,,ProjectionK,56.9037340488836,"(0.16805, 0.19759)","W=0.0898, RGB=0.9102","R=0.1351, G=1.0978, B=0.8876",4.5722408321023,Compare to Exact,0.0897881439752098,0.91021185602479,Ratio1
,,Ratio1,61.4759748809859,"(0.17679, 0.20530)","W=0.0000, RGB=1.0000","R=0.2226, G=1.1873, B=0.9122",0,Compare to Exact,0,1,Ratio1
,,RatioK,60.0012977553341,"(0.17401, 0.20285)","W=0.0297, RGB=0.9703","R=0.1937, G=1.1578, B=0.9041",1.4746771256518,Compare to Exact,0.0296522919667841,0.970347708033216,Ratio1
,,PureRGB,61.4759748809859,"(0.17679, 0.20530)","W=0.0000, RGB=1.0000","R=0.2226, G=1.1873, B=0.9122",0,Compare to Exact,0,1,Ratio1
38,"(0.1785, 0.2292, 4.0000)",Exact,61.8824013075224,"(0.17853, 0.22922)","W=0.0000, RGB=1.0000","R=0.2105, G=1.2160, B=0.7761",0,Compare to Exact,0,1,Ratio1
,,Projection1,58.0056698973507,"(0.17054, 0.22337)","W=0.0747, RGB=0.9253","R=0.1377, G=1.1415, B=0.7557",3.8767314101717,Compare to Exact,0.0746608923988116,0.925339107601188,Ratio1
,,ProjectionK,57.0238028538538,"(0.16845, 0.22184)","W=0.0929, RGB=0.9071","R=0.1199, G=1.1233, B=0.7507",4.8585984536686,Compare to Exact,0.0928962976694936,0.907103702330506,Ratio1
,,Ratio1,61.8824013075224,"(0.17853, 0.22922)","W=0.0000, RGB=1.0000","R=0.2105, G=1.2160, B=0.7761",0,Compare to Exact,0,1,Ratio1
,,RatioK,60.4888970531246,"(0.17568, 0.22714)","W=0.0275, RGB=0.9725","R=0.1837, G=1.1886, B=0.7686",1.3935042543978,Compare to Exact,0.0274796798580977,0.972520320141902,Ratio1
,,PureRGB,61.8824013075224,"(0.17853, 0.22922)","W=0.0000, RGB=1.0000","R=0.2105, G=1.2160, B=0.7761",0,Compare to Exact,0,1,Ratio1
39,"(0.1805, 0.2560, 4.0000)",Exact,62.0042541567354,"(0.18047, 0.25596)","W=0.0000, RGB=1.0000","R=0.1995, G=1.2416, B=0.6541",0,Compare to Exact,0,1,Ratio1
,,Projection1,58.04841611651,"(0.17158, 0.25096)","W=0.0749, RGB=0.9251","R=0.1265, G=1.1670, B=0.6336",3.9558380402254,Compare to Exact,0.0748801666367404,0.92511983336326,Ratio1
,,ProjectionK,57.0235736324991,"(0.16921, 0.24963)","W=0.0934, RGB=0.9066","R=0.1085, G=1.1485, B=0.6285",4.9806805242363,Compare to Exact,0.093429812114257,0.906570187885743,Ratio1
,,Ratio1,62.0042541567354,"(0.18047, 0.25596)","W=0.0000, RGB=1.0000","R=0.1995, G=1.2416, B=0.6541",0,Compare to Exact,0,1,Ratio1
,,RatioK,60.7789687864024,"(0.17770, 0.25441)","W=0.0242, RGB=0.9758","R=0.1759, G=1.2175, B=0.6475",1.225285370333,Compare to Exact,0.0242191348478466,0.975780865152153,Ratio1
,,PureRGB,62.0042541567354,"(0.18047, 0.25596)","W=0.0000, RGB=1.0000","R=0.1995, G=1.2416, B=0.6541",0,Compare to Exact,0,1,Ratio1
40,"(0.1826, 0.2860, 4.0000)",Exact,60.3967522283912,"(0.18265, 0.28604)","W=0.0000, RGB=1.0000","R=0.1897, G=1.2648, B=0.5442",0,Compare to Exact,0,1,Ratio1
,,Projection1,58.1262047098017,"(0.17389, 0.28284)","W=0.0670, RGB=0.9330","R=0.1244, G=1.1980, B=0.5258",2.2705475185895,Compare to Exact,0.0669727648764701,0.93302723512353,Ratio1
,,ProjectionK,56.896565235493,"(0.17052, 0.28161)","W=0.0908, RGB=0.9092","R=0.1012, G=1.1742, B=0.5193",3.5001869928982,Compare to Exact,0.0908084674684967,0.909191532531503,Ratio1
,,Ratio1,60.3967522283912,"(0.18265, 0.28604)","W=0.0000, RGB=1.0000","R=0.1897, G=1.2648, B=0.5442",0,Compare to Exact,0,1,Ratio1
,,RatioK,59.9204456255862,"(0.18023, 0.28515)","W=0.0193, RGB=0.9807","R=0.1709, G=1.2456, B=0.5389",0.476306602805003,Compare to Exact,0.0192699200997479,0.980730079900252,Ratio1
,,PureRGB,60.3967522283912,"(0.18265, 0.28604)","W=0.0000, RGB=1.0000","R=0.1897, G=1.2648, B=0.5442",0,Compare to Exact,0,1,Ratio1
41,"(0.1851, 0.3201, 4.0000)",Exact,57.7734740649174,"(0.18512, 0.32012)","W=0.0000, RGB=1.0000","R=0.1808, G=1.2857, B=0.4445",0,Compare to Exact,0,1,Ratio1
,,Projection1,56.679695515594,"(0.17902, 0.31930)","W=0.0431, RGB=0.9569","R=0.1388, G=1.2427, B=0.4327",1.0937785493234,Compare to Exact,0.0430961917566961,0.956903808243304,Ratio1
,,ProjectionK,55.7548944810259,"(0.17452, 0.31869)","W=0.0727, RGB=0.9273","R=0.1099, G=1.2132, B=0.4246",2.0185795838915,Compare to Exact,0.0727443747857421,0.927255625214258,Ratio1
,,Ratio1,57.7734740649174,"(0.18512, 0.32012)","W=0.0000, RGB=1.0000","R=0.1808, G=1.2857, B=0.4445",0,Compare to Exact,0,1,Ratio1
,,RatioK,57.4801891158173,"(0.18343, 0.31989)","W=0.0123, RGB=0.9877","R=0.1688, G=1.2735, B=0.4412",0.293284949100098,Compare to Exact,0.0122907335177505,0.98770926648225,Ratio1
,,PureRGB,57.7734740649174,"(0.18512, 0.32012)","W=0.0000, RGB=1.0000","R=0.1808, G=1.2857, B=0.4445",0,Compare to Exact,0,1,Ratio1
42,"(0.1879, 0.3591, 4.0000)",Exact,54.3790134162177,"(0.18794, 0.35906)","W=0.0000, RGB=1.0000","R=0.1727, G=1.3048, B=0.3538",0,Compare to Exact,0,1,Ratio1
,,Projection1,54.0304449623504,"(0.18599, 0.35933)","W=0.0129, RGB=0.9871","R=0.1601, G=1.2919, B=0.3503",0.348568453867301,Compare to Exact,0.0129067964938755,0.987093203506125,Ratio1
,,ProjectionK,53.6580325724967,"(0.18396, 0.35961)","W=0.0259, RGB=0.9741","R=0.1474, G=1.2789, B=0.3467",0.720980843721001,Compare to Exact,0.0259356764734316,0.974064323526568,Ratio1
,,Ratio1,54.3790134162177,"(0.18794, 0.35906)","W=0.0000, RGB=1.0000","R=0.1727, G=1.3048, B=0.3538",0,Compare to Exact,0,1,Ratio1
,,RatioK,54.2092789410231,"(0.18699, 0.35920)","W=0.0064, RGB=0.9936","R=0.1665, G=1.2985, B=0.3521",0.169734475194602,Compare to Exact,0.00636518800046237,0.993634811999538,Ratio1
,,PureRGB,54.3790134162177,"(0.18794, 0.35906)","W=0.0000, RGB=1.0000","R=0.1727, G=1.3048, B=0.3538",0,Compare to Exact,0,1,Ratio1
43,"(0.1912, 0.4040, 4.0000)",Exact,50.7867345503758,"(0.19120, 0.40399)","W=0.0000, RGB=1.0000","R=0.1653, G=1.3223, B=0.2709",0,Compare to Exact,0,1,Ratio1
,,Projection1,49.9674478619229,"(0.18712, 0.40590)","W=0.0242, RGB=0.9758","R=0.1417, G=1.2982, B=0.2643",0.819286688452898,Compare to Exact,0.0241666672887598,0.97583333271124,Ratio1
,,ProjectionK,49.7698108130691,"(0.18618, 0.40634)","W=0.0296, RGB=0.9704","R=0.1365, G=1.2928, B=0.2628",1.0169237373067,Compare to Exact,0.0295503117152111,0.970449688284789,Ratio1
,,Ratio1,50.7867345503758,"(0.19120, 0.40399)","W=0.0000, RGB=1.0000","R=0.1653, G=1.3223, B=0.2709",0,Compare to Exact,0,1,Ratio1
,,RatioK,50.7231061073646,"(0.19088, 0.40415)","W=0.0020, RGB=0.9980","R=0.1633, G=1.3203, B=0.2704",0.0636284430111971,Compare to Exact,0.00198320295054085,0.998016797049459,Ratio1
,,PureRGB,50.7867345503758,"(0.19120, 0.40399)","W=0.0000, RGB=1.0000","R=0.1653, G=1.3223, B=0.2709",0,Compare to Exact,0,1,Ratio1
44,"(0.1950, 0.4564, 4.0000)",Exact,46.5993279946665,"(0.19500, 0.45640)","W=0.0000, RGB=1.0000","R=0.1585, G=1.3383, B=0.1948",0,Compare to Exact,0,1,Ratio1
,,Projection1,45.6164214441674,"(0.19046, 0.46036)","W=0.0244, RGB=0.9756","R=0.1347, G=1.3140, B=0.1881",0.982906550499102,Compare to Exact,0.0243608076811615,0.975639192318838,Ratio1
,,ProjectionK,45.389907394891,"(0.18943, 0.46126)","W=0.0297, RGB=0.9703","R=0.1295, G=1.3087, B=0.1867",1.20942059977551,Compare to Exact,0.0296834593725117,0.970316540627488,Ratio1
,,Ratio1,46.5993279946665,"(0.19500, 0.45640)","W=0.0000, RGB=1.0000","R=0.1585, G=1.3383, B=0.1948",0,Compare to Exact,0,1,Ratio1
,,RatioK,46.5873680532494,"(0.19495, 0.45645)","W=0.0003, RGB=0.9997","R=0.1582, G=1.3380, B=0.1947",0.0119599414171034,Compare to Exact,0.000309700769209479,0.99969029923079,Ratio1
,,PureRGB,46.5993279946665,"(0.19500, 0.45640)","W=0.0000, RGB=1.0000","R=0.1585, G=1.3383, B=0.1948",0,Compare to Exact,0,1,Ratio1
45,"(0.1995, 0.5183, 4.0000)",Exact,41.0545776502157,"(0.19949, 0.51832)","W=0.0000, RGB=1.0000","R=0.1522, G=1.3530, B=0.1247",0,Compare to Exact,0,1,Ratio1
,,Projection1,40.275597584275,"(0.19589, 0.52330)","W=0.0177, RGB=0.9823","R=0.1349, G=1.3353, B=0.1199",0.778980065940701,Compare to Exact,0.0177289710147166,0.982271028985284,Ratio1
,,ProjectionK,40.130031133087,"(0.19521, 0.52424)","W=0.0210, RGB=0.9790","R=0.1318, G=1.3321, B=0.1190",0.924546517128697,Compare to Exact,0.0209735738035014,0.979026426196499,Ratio1
,,Ratio1,41.0545776502157,"(0.19949, 0.51832)","W=0.0000, RGB=1.0000","R=0.1522, G=1.3530, B=0.1247",0,Compare to Exact,0,1,Ratio1
,,RatioK,41.0545776502157,"(0.19949, 0.51832)","W=0.0000, RGB=1.0000","R=0.1522, G=1.3530, B=0.1247",0,Compare to Exact,0,1,Ratio1
,,PureRGB,41.0545776502157,"(0.19949, 0.51832)","W=0.0000, RGB=1.0000","R=0.1522, G=1.3530, B=0.1247",0,Compare to Exact,0,1,Ratio1
46,"(0.2049, 0.5926, 4.0000)",Exact,31.2849606673205,"(0.20488, 0.59261)","W=0.0000, RGB=1.0000","R=0.1464, G=1.3666, B=0.0600",0,Compare to Exact,0,1,Ratio1
,,Projection1,30.8488587375744,"(0.20273, 0.59699)","W=0.0097, RGB=0.9903","R=0.1369, G=1.3569, B=0.0573",0.436101929746101,Compare to Exact,0.00973905696902375,0.990260943030976,Ratio1
,,ProjectionK,30.7899113560475,"(0.20244, 0.59759)","W=0.0110, RGB=0.9890","R=0.1357, G=1.3556, B=0.0570",0.495049311273,Compare to Exact,0.0110463911405073,0.988953608859493,Ratio1
,,Ratio1,31.2849606673205,"(0.20488, 0.59261)","W=0.0000, RGB=1.0000","R=0.1464, G=1.3666, B=0.0600",0,Compare to Exact,0,1,Ratio1
,,RatioK,31.2849606673205,"(0.20488, 0.59261)","W=0.0000, RGB=1.0000","R=0.1464, G=1.3666, B=0.0600",0,Compare to Exact,0,1,Ratio1
,,PureRGB,31.2849606673205,"(0.20488, 0.59261)","W=0.0000, RGB=1.0000","R=0.1464, G=1.3666, B=0.0600",0,Compare to Exact,0,1,Ratio1
47,"(0.2115, 0.6834, 4.0000)",Exact,-2.69050288989935,"(0.21146, 0.68338)","W=-0.0000, RGB=1.0000","R=0.1411, G=1.3792, B=0.0000",0,Compare to Exact,-4.41244739631169e-16,1,PureRGB
,,Projection1,NaN,"(NaN, NaN)","W=NaN, RGB=NaN","R=NaN, G=NaN, B=NaN",NaN,Compare to Exact,NaN,NaN,PureRGB
,,ProjectionK,NaN,"(NaN, NaN)","W=NaN, RGB=NaN","R=NaN, G=NaN, B=NaN",NaN,Compare to Exact,NaN,NaN,PureRGB
,,Ratio1,-2.69050308019972,"(0.21146, 0.68338)","W=-0.0000, RGB=1.0000","R=0.1411, G=1.3792, B=0.0000",1.90300369684593e-07,Compare to Exact,-1.21342303398572e-15,1,PureRGB
,,RatioK,-2.69050308019972,"(0.21146, 0.68338)","W=-0.0000, RGB=1.0000","R=0.1411, G=1.3792, B=0.0000",1.90300369684593e-07,Compare to Exact,-1.21342303398572e-15,1,PureRGB
,,PureRGB,-2.69050308019896,"(0.21146, 0.68338)","W=0.0000, RGB=1.0000","R=0.1411, G=1.3792, B=0.0000",1.90299609847955e-07,Compare to Exact,0,1,PureRGB
48,"(0.1801, 0.0458, 4.0000)",Exact,-124.419170034193,"(0.18008, 0.04575)","W=0.0000, RGB=1.0000","R=1.2467, G=0.0000, B=5.3642",0,Compare to Exact,1.64762581533673e-15,0.999999999999999,PureRGB
,,Projection1,NaN,"(NaN, NaN)","W=NaN, RGB=NaN","R=NaN, G=NaN, B=NaN",NaN,Compare to Exact,NaN,NaN,PureRGB
,,ProjectionK,NaN,"(NaN, NaN)","W=NaN, RGB=NaN","R=NaN, G=NaN, B=NaN",NaN,Compare to Exact,NaN,NaN,PureRGB
,,Ratio1,-124.419170034194,"(0.18008, 0.04575)","W=0.0000, RGB=1.0000","R=1.2467, G=0.0000, B=5.3642",9.9475983006414e-13,Compare to Exact,0,1,PureRGB
,,RatioK,-124.419170034193,"(0.18008, 0.04575)","W=0.0000, RGB=1.0000","R=1.2467, G=0.0000, B=5.3642",0,Compare to Exact,1.64762581533673e-15,0.999999999999999,PureRGB
,,PureRGB,-124.419170034193,"(0.18008, 0.04575)","W=0.0000, RGB=1.0000","R=1.2467, G=0.0000, B=5.3642",0,Compare to Exact,0,1,PureRGB
49,"(0.1812, 0.0550, 4.0000)",Exact,-73.5742331948865,"(0.17530, 0.04351)","W=0.2391, RGB=0.7609","R=0.8399, G=0.0000, B=4.3314",0,Compare to Exact,0.23907364082547,0.760926359174529,Ratio1
,,Projection1,-74.9806093746946,"(0.17812, 0.04894)","W=0.1281, RGB=0.8719","R=0.9482, G=0.1107, B=4.3618",1.40637617980809,Compare to Exact,0.128056991316536,0.871943008683464,Ratio1
,,ProjectionK,-74.7586421727369,"(0.17771, 0.04816)","W=0.1443, RGB=0.8557","R=0.9323, G=0.0945, B=4.3573",1.1844089778504,Compare to Exact,0.144299546482161,0.855700453517839,Ratio1
,,Ratio1,-73.6458225757748,"(0.17546, 0.04382)","W=0.2329, RGB=0.7671","R=0.8460, G=0.0062, B=4.3331",0.0715893808882981,Compare to Exact,0.232850139034407,0.767149860965592,Ratio1
,,RatioK,-73.7253332357084,"(0.17564, 0.04416)","W=0.2260, RGB=0.7740","R=0.8526, G=0.0130, B=4.3350",0.151100040821902,Compare to Exact,0.226029433969202,0.773970566030797,Ratio1
,,PureRGB,-76.901488672613,"(0.18125, 0.05497)","W=0.0000, RGB=1.0000","R=1.0730, G=0.2385, B=4.3969",3.3272554777265,Compare to Exact,0,1,Ratio1
50,"(0.1825, 0.0648, 4.0000)",Exact,-36.3114212974321,"(0.16974, 0.04090)","W=0.4197, RGB=0.5803","R=0.5326, G=0.0000, B=3.5512",0,Compare to Exact,0.419665278477075,0.580334721522925,Ratio1
,,Projection1,-36.7203989138688,"(0.17201, 0.04515)","W=0.3501, RGB=0.6499","R=0.6004, G=0.0694, B=3.5702",0.408977616436701,Compare to Exact,0.350098175294131,0.649901824705869,Ratio1
,,ProjectionK,-37.7195709167799,"(0.17536, 0.05144)","W=0.2434, RGB=0.7566","R=0.7045, G=0.1758, B=3.5995",1.4081496193478,Compare to Exact,0.243370772338342,0.756629227661658,Ratio1
,,Ratio1,-36.3549966628674,"(0.17006, 0.04149)","W=0.4100, RGB=0.5900","R=0.5420, G=0.0096, B=3.5538",0.0435753654353022,Compare to Exact,0.410046221887382,0.589953778112618,Ratio1
,,RatioK,-36.4463457589405,"(0.17064, 0.04258)","W=0.3924, RGB=0.6076","R=0.5592, G=0.0272, B=3.5587",0.134924461508405,Compare to Exact,0.392354059666265,0.607645940333734,Ratio1
,,PureRGB,-41.1860080751265,"(0.18250, 0.06482)","W=0.0000, RGB=1.0000","R=0.9418, G=0.4186, B=3.6661",4.8745867776944,Compare to Exact,0,1,Ratio1
51,"(0.1839, 0.0754, 4.0000)",Exact,-8.56185511179563,"(0.16778, 0.04616)","W=0.4488, RGB=0.5512","R=0.4016, G=0.1118, B=2.9717",0,Compare to Exact,0.448787576834363,0.551212423165636,Proj1
,,Projection1,-8.56781932568859,"(0.16830, 0.04712)","W=0.4356, RGB=0.5644","R=0.4145, G=0.1250, B=2.9754",0.00596421389296076,Compare to Exact,0.435550269790064,0.564449730209936,Proj1
,,ProjectionK,-8.59905198903903,"(0.16909, 0.04856)","W=0.4154, RGB=0.5846","R=0.4342, G=0.1451, B=2.9809",0.0371968772433995,Compare to Exact,0.415377754997817,0.584622245002183,Proj1
,,Ratio1,-8.60743972525109,"(0.16924, 0.04882)","W=0.4118, RGB=0.5882","R=0.4377, G=0.1487, B=2.9819",0.0455846134554605,Compare to Exact,0.411757866634906,0.588242133365094,Proj1
,,RatioK,-8.64465802458355,"(0.16974, 0.04974)","W=0.3987, RGB=0.6013","R=0.4504, G=0.1618, B=2.9855",0.0828029127879191,Compare to Exact,0.398680684762402,0.601319315237598,Proj1
,,PureRGB,-13.4086204955639,"(0.18385, 0.07540)","W=0.0000, RGB=1.0000","R=0.8391, G=0.5594, B=3.0947",4.84676538376827,Compare to Exact,0,1,Proj1
52,"(0.1853, 0.0868, 4.0000)",Exact,13.4741527861429,"(0.16862, 0.05746)","W=0.4067, RGB=0.5933","R=0.3602, G=0.2670, B=2.5241",0,Compare to Exact,0.406676467911617,0.593323532088383,Proj1
,,Projection1,13.4722249321714,"(0.16895, 0.05803)","W=0.3996, RGB=0.6004","R=0.3671, G=0.2740, B=2.5261",0.00192785397149997,Compare to Exact,0.39960579834481,0.60039420165519,Proj1
,,ProjectionK,13.4630913478267,"(0.16938, 0.05879)","W=0.3901, RGB=0.6099","R=0.3763, G=0.2835, B=2.5287",0.0110614383162009,Compare to Exact,0.39010024253439,0.60989975746561,Proj1
,,Ratio1,13.4260097466636,"(0.17018, 0.06020)","W=0.3723, RGB=0.6277","R=0.3937, G=0.3013, B=2.5336",0.0481430394792994,Compare to Exact,0.372264600506349,0.627735399493651,Proj1
,,RatioK,13.4268264642287,"(0.17017, 0.06018)","W=0.3726, RGB=0.6274","R=0.3934, G=0.3010, B=2.5335",0.0473263219142002,Compare to Exact,0.372557743682196,0.627442256317804,Proj1
,,PureRGB,8.69105508126805,"(0.18530, 0.08678)","W=0.0000, RGB=1.0000","R=0.7567, G=0.6726, B=2.6355",4.78309770487485,Compare to Exact,0,1,Proj1
53,"(0.1869, 0.0990, 4.0000)",Exact,31.3655406974694,"(0.16954, 0.06976)","W=0.3722, RGB=0.6278","R=0.3261, G=0.3943, B=2.1566",0,Compare to Exact,0.372174025646555,0.627825974353444,Proj1
,,Projection1,31.3655002145683,"(0.16960, 0.06986)","W=0.3710, RGB=0.6290","R=0.3273, G=0.3955, B=2.1569",4.0482901098926e-05,Compare to Exact,0.370969161545796,0.629030838454204,Proj1
,,ProjectionK,31.3644804305376,"(0.16932, 0.06939)","W=0.3764, RGB=0.6236","R=0.3220, G=0.3901, B=2.1554",0.00106026693179828,Compare to Exact,0.376373188907699,0.623626811092301,Proj1
,,Ratio1,31.3115736261059,"(0.17121, 0.07259)","W=0.3398, RGB=0.6602","R=0.3577, G=0.4266, B=2.1655",0.0539670713634983,Compare to Exact,0.339772016591613,0.660227983408387,Proj1
,,RatioK,31.3530196036799,"(0.17036, 0.07114)","W=0.3565, RGB=0.6435","R=0.3414, G=0.4100, B=2.1609",0.0125210937894984,Compare to Exact,0.356471817633861,0.643528182366139,Proj1
,,PureRGB,26.5101199542281,"(0.18686, 0.09905)","W=0.0000, RGB=1.0000","R=0.6890, G=0.7655, B=2.2585",4.8554207432413,Compare to Exact,0,1,Proj1
54,"(0.1885, 0.1123, 4.0000)",Exact,45.973044797596,"(0.17074, 0.08352)","W=0.3401, RGB=0.6599","R=0.3008, G=0.5040, B=1.8503",0,Compare to Exact,0.340084008946692,0.659915991053308,RatioK
,,Projection1,45.9716306425066,"(0.17045, 0.08306)","W=0.3448, RGB=0.6552","R=0.2962, G=0.4992, B=1.8490",0.00141415508940668,Compare to Exact,0.344844687891705,0.655155312108295,RatioK
,,ProjectionK,45.9400336185489,"(0.16942, 0.08139)","W=0.3622, RGB=0.6378","R=0.2793, G=0.4820, B=1.8443",0.0330111790471008,Compare to Exact,0.362150011833636,0.637849988166364,RatioK
,,Ratio1,45.9070306579841,"(0.17253, 0.08643)","W=0.3093, RGB=0.6907","R=0.3309, G=0.5347, B=1.8588",0.0660141396119016,Compare to Exact,0.309255639207467,0.690744360792533,RatioK
,,RatioK,45.9730342921008,"(0.17075, 0.08354)","W=0.3399, RGB=0.6601","R=0.3010, G=0.5042, B=1.8504",1.0505495204427e-05,Compare to Exact,0.339866107403306,0.660133892596694,RatioK
,,PureRGB,40.9467334340953,"(0.18855, 0.11232)","W=0.0000, RGB=1.0000","R=0.6324, G=0.8432, B=1.9435",5.0263113635007,Compare to Exact,0,1,RatioK
55,"(0.1904, 0.1267, 4.0000)",Exact,57.7786220014723,"(0.17248, 0.09925)","W=0.3064, RGB=0.6936","R=0.2857, G=0.6035, B=1.5923",0,Compare to Exact,0.306371807388996,0.693628192611004,ProjK
,,Projection1,57.7658119756584,"(0.17173, 0.09811)","W=0.3176, RGB=0.6824","R=0.2748, G=0.5923, B=1.5893",0.0128100258138986,Compare to Exact,0.317577317385689,0.682422682614311,ProjK
,,ProjectionK,57.7756482776091,"(0.17212, 0.09871)","W=0.3117, RGB=0.6883","R=0.2805, G=0.5982, B=1.5909",0.0029737238631995,Compare to Exact,0.311678423226295,0.688321576773705,ProjK
,,Ratio1,57.6964416319605,"(0.17441, 0.10221)","W=0.2767, RGB=0.7233","R=0.3146, G=0.6330, B=1.6004",0.0821803695118035,Compare to Exact,0.276744477782699,0.723255522217301,ProjK
,,RatioK,57.772117330625,"(0.17195, 0.09844)","W=0.3143, RGB=0.6857","R=0.2780, G=0.5956, B=1.5902",0.00650467084729911,Compare to Exact,0.31430682062079,0.68569317937921,ProjK
,,PureRGB,52.6130520243277,"(0.19038, 0.12672)","W=0.0000, RGB=1.0000","R=0.5844, G=0.9091, B=1.6763",5.1655699771446,Compare to Exact,0,1,ProjK
56,"(0.1924, 0.1424, 4.0000)",Exact,67.0436136728143,"(0.17487, 0.11716)","W=0.2707, RGB=0.7293","R=0.2793, G=0.6957, B=1.3726",0,Compare to Exact,0.270680175281793,0.729319824718207,RatioK
,,Projection1,66.9900384846906,"(0.17344, 0.11510)","W=0.2901, RGB=0.7099","R=0.2603, G=0.6763, B=1.3672",0.0535751881237019,Compare to Exact,0.290117644769864,0.709882355230136,RatioK
,,ProjectionK,67.0405786127801,"(0.17452, 0.11666)","W=0.2754, RGB=0.7246","R=0.2746, G=0.6909, B=1.3713",0.0030350600342075,Compare to Exact,0.27544875078372,0.72455124921628,RatioK
,,Ratio1,66.9437658450207,"(0.17686, 0.12003)","W=0.2431, RGB=0.7569","R=0.3062, G=0.7232, B=1.3801",0.0998478277935959,Compare to Exact,0.243063704502949,0.756936295497051,RatioK
,,RatioK,67.0413349897722,"(0.17457, 0.11672)","W=0.2748, RGB=0.7252","R=0.2752, G=0.6915, B=1.3714",0.00227868304210688,Compare to Exact,0.274830270415787,0.725169729584213,RatioK
,,PureRGB,61.9457459212327,"(0.19238, 0.14241)","W=0.0000, RGB=1.0000","R=0.5432, G=0.9656, B=1.4467",5.0978677515816,Compare to Exact,0,1,RatioK
57,"(0.1946, 0.1596, 4.0000)",Exact,74.0146336027154,"(0.17732, 0.13648)","W=0.2418, RGB=0.7582","R=0.2716, G=0.7736, B=1.1812",0,Compare to Exact,0.241803383228924,0.758196616771076,RatioK
,,Projection1,73.8697149944309,"(0.17508, 0.13349)","W=0.2692, RGB=0.7308","R=0.2449, G=0.7463, B=1.1737",0.144918608284513,Compare to Exact,0.269172133170257,0.730827866829743,RatioK
,,ProjectionK,73.9871642639923,"(0.17633, 0.13516)","W=0.2540, RGB=0.7460","R=0.2597, G=0.7614, B=1.1779",0.0274693387231082,Compare to Exact,0.254005732443012,0.745994267556988,RatioK
,,Ratio1,73.9054048609902,"(0.17942, 0.13929)","W=0.2153, RGB=0.7847","R=0.2975, G=0.8000, B=1.1885",0.109228741725204,Compare to Exact,0.215292120683052,0.784707879316948,RatioK
,,RatioK,73.9950898157682,"(0.17648, 0.13536)","W=0.2521, RGB=0.7479","R=0.2616, G=0.7633, B=1.1784",0.0195437869472102,Compare to Exact,0.252131669323377,0.747868330676623,RatioK
,,PureRGB,69.2077728054097,"(0.19456, 0.15955)","W=0.0000, RGB=1.0000","R=0.5074, G=1.0148, B=1.2474",4.8068607973057,Compare to Exact,0,1,RatioK
58,"(0.1970, 0.1784, 4.0000)",Exact,78.9023120981352,"(0.17941, 0.15697)","W=0.2232, RGB=0.7768","R=0.2584, G=0.8352, B=1.0117",0,Compare to Exact,0.22318202190451,0.77681797809549,ProjK
,,Projection1,78.6057516155353,"(0.17633, 0.15321)","W=0.2571, RGB=0.7429","R=0.2254, G=0.8014, B=1.0024",0.296560482599901,Compare to Exact,0.257072353314409,0.742927646685591,ProjK
,,ProjectionK,78.8678766407538,"(0.17830, 0.15562)","W=0.2355, RGB=0.7645","R=0.2464, G=0.8229, B=1.0083",0.0344354573813916,Compare to Exact,0.2355384028356,0.7644615971644,ProjK
,,Ratio1,78.7849042465057,"(0.18179, 0.15987)","W=0.1960, RGB=0.8040","R=0.2849, G=0.8623, B=1.0191",0.117407851629494,Compare to Exact,0.196031581649102,0.803968418350898,ProjK
,,RatioK,78.867657027974,"(0.17829, 0.15561)","W=0.2356, RGB=0.7644","R=0.2463, G=0.8229, B=1.0083",0.0346550701611932,Compare to Exact,0.235576200657682,0.764423799342318,ProjK
,,PureRGB,74.4415682254865,"(0.19695, 0.17837)","W=0.0000, RGB=1.0000","R=0.4760, G=1.0578, B=1.0728",4.46074387264869,Compare to Exact,0,1,ProjK
59,"(0.1996, 0.1991, 4.0000)",Exact,81.685822001983,"(0.18109, 0.17906)","W=0.2132, RGB=0.7868","R=0.2404, G=0.8832, B=0.8601",0,Compare to Exact,0.213194322724996,0.786805677275005,ProjK
,,Projection1,81.0190491961001,"(0.18821, 0.18678)","W=0.1379, RGB=0.8621","R=0.3139, G=0.9584, B=0.8807",0.6667728058829,Compare to Exact,0.13785849060734,0.86214150939266,ProjK
,,ProjectionK,81.6724902485918,"(0.18035, 0.17826)","W=0.2206, RGB=0.7794","R=0.2332, G=0.8758, B=0.8581",0.0133317533911992,Compare to Exact,0.220611169335879,0.779388830664121,ProjK
,,Ratio1,81.5570106962215,"(0.18393, 0.18214)","W=0.1841, RGB=0.8159","R=0.2688, G=0.9123, B=0.8681",0.128811305761502,Compare to Exact,0.184060198751542,0.815939801248458,ProjK
,,RatioK,81.6590184699751,"(0.18008, 0.17796)","W=0.2234, RGB=0.7766","R=0.2305, G=0.8731, B=0.8573",0.0268035320079036,Compare to Exact,0.223363775000934,0.776636224999066,ProjK
,,PureRGB,77.4109831664681,"(0.19959, 0.19913)","W=0.0000, RGB=1.0000","R=0.4483, G=1.0959, B=0.9185",4.2748388355149,Compare to Exact,0,1,ProjK
60,"(0.2025, 0.2221, 4.0000)",Exact,82.415916757928,"(0.18196, 0.20306)","W=0.2136, RGB=0.7864","R=0.2154, G=0.9167, B=0.7226",0,Compare to Exact,0.213607435289898,0.786392564710102,RatioK
,,Projection1,81.7218744150997,"(0.18976, 0.21029)","W=0.1400, RGB=0.8600","R=0.2871, G=0.9900, B=0.7428",0.694042342828297,Compare to Exact,0.140021287012708,0.859978712987292,RatioK
,,ProjectionK,82.4127190266771,"(0.18232, 0.20339)","W=0.2104, RGB=0.7896","R=0.2185, G=0.9199, B=0.7235",0.00319773125090705,Compare to Exact,0.210375897875607,0.789624102124393,RatioK
,,Ratio1,82.2504003677384,"(0.18549, 0.20633)","W=0.1813, RGB=0.8187","R=0.2469, G=0.9489, B=0.7315",0.165516390189609,Compare to Exact,0.181275436183085,0.818724563816915,RatioK
,,RatioK,82.4158665623037,"(0.18200, 0.20309)","W=0.2133, RGB=0.7867","R=0.2157, G=0.9170, B=0.7227",5.01956242970891e-05,Compare to Exact,0.213274462334475,0.786725537665525,RatioK
,,PureRGB,77.4059940843468,"(0.20252, 0.22213)","W=0.0000, RGB=1.0000","R=0.4236, G=1.1297, B=0.7812",5.0099226735812,Compare to Exact,0,1,RatioK
61,"(0.2058, 0.2478, 4.0000)",Exact,80.9363088144678,"(0.18369, 0.23132)","W=0.2082, RGB=0.7918","R=0.1985, G=0.9523, B=0.6011",0,Compare to Exact,0.208233378814945,0.791766621185055,RatioK
,,Projection1,79.6791363888989,"(0.19126, 0.23695)","W=0.1445, RGB=0.8555","R=0.2607, G=1.0159, B=0.6186",1.2571724255689,Compare to Exact,0.144455701206875,0.855544298793125,RatioK
,,ProjectionK,80.9114010893836,"(0.18438, 0.23183)","W=0.2027, RGB=0.7973","R=0.2039, G=0.9579, B=0.6026",0.0249077250841907,Compare to Exact,0.202692774456398,0.797307225543602,RatioK
,,Ratio1,80.4981701905384,"(0.18731, 0.23401)","W=0.1786, RGB=0.8214","R=0.2274, G=0.9819, B=0.6092",0.43813862392939,Compare to Exact,0.178594447274985,0.821405552725015,RatioK
,,RatioK,80.9229011839534,"(0.18420, 0.23169)","W=0.2042, RGB=0.7958","R=0.2025, G=0.9564, B=0.6022",0.0134076305143935,Compare to Exact,0.204192781907868,0.795807218092132,RatioK
,,PureRGB,75.090026225277,"(0.20578, 0.24776)","W=0.0000, RGB=1.0000","R=0.4015, G=1.1600, B=0.6582",5.84628258919079,Compare to Exact,0,1,RatioK
62,"(0.2094, 0.2765, 4.0000)",Exact,77.1458655363447,"(0.18643, 0.26439)","W=0.1981, RGB=0.8019","R=0.1885, G=0.9898, B=0.4931",0,Compare to Exact,0.198079095101793,0.801920904898207,RatioK
,,Projection1,76.3446680583825,"(0.19338, 0.26805)","W=0.1453, RGB=0.8547","R=0.2399, G=1.0424, B=0.5075",0.801197477962205,Compare to Exact,0.145328064860032,0.854671935139968,RatioK
,,ProjectionK,77.0937083581939,"(0.18790, 0.26516)","W=0.1874, RGB=0.8126","R=0.1989, G=1.0004, B=0.4960",0.0521571781508072,Compare to Exact,0.187380952225888,0.812619047774113,RatioK
,,Ratio1,76.8222112677119,"(0.19040, 0.26648)","W=0.1686, RGB=0.8314","R=0.2173, G=1.0192, B=0.5012",0.323654268632808,Compare to Exact,0.168604327711541,0.831395672288459,RatioK
,,RatioK,77.1185049036956,"(0.18749, 0.26494)","W=0.1904, RGB=0.8096","R=0.1960, G=0.9974, B=0.4952",0.0273606326491063,Compare to Exact,0.190405083634909,0.809594916365091,RatioK
,,PureRGB,72.2155212152395,"(0.20944, 0.27650)","W=0.0000, RGB=1.0000","R=0.3816, G=1.1873, B=0.5473",4.9303443211052,Compare to Exact,0,1,RatioK
63,"(0.2136, 0.3090, 4.0000)",Exact,73.6361490817639,"(0.19286, 0.30349)","W=0.1671, RGB=0.8329","R=0.2007, G=1.0454, B=0.4012",0,Compare to Exact,0.167081209311661,0.832918790688339,ProjK
,,Projection1,73.1354793060893,"(0.19869, 0.30503)","W=0.1254, RGB=0.8746","R=0.2413, G=1.0870, B=0.4126",0.500669775674609,Compare to Exact,0.125427375761575,0.874572624238425,ProjK
,,ProjectionK,73.5831797401563,"(0.19458, 0.30395)","W=0.1552, RGB=0.8448","R=0.2123, G=1.0573, B=0.4045",0.0529693416076071,Compare to Exact,0.155188735378108,0.844811264621892,ProjK
,,Ratio1,73.2561660275242,"(0.19782, 0.30480)","W=0.1319, RGB=0.8681","R=0.2350, G=1.0805, B=0.4109",0.379983054239702,Compare to Exact,0.131884211508019,0.868115788491981,ProjK
,,RatioK,73.581725515887,"(0.19460, 0.30395)","W=0.1550, RGB=0.8450","R=0.2125, G=1.0575, B=0.4045",0.0544235658769026,Compare to Exact,0.155020441080439,0.844979558919561,ProjK
,,PureRGB,69.9330890002924,"(0.21357, 0.30897)","W=0.0000, RGB=1.0000","R=0.3636, G=1.2121, B=0.4470",3.70306008147151,Compare to Exact,0,1,ProjK
64,"(0.2183, 0.3459, 4.0000)",Exact,70.4944781899442,"(0.20250, 0.34683)","W=0.1223, RGB=0.8777","R=0.2280, G=1.1126, B=0.3222",0,Compare to Exact,0.122326943033451,0.877673056966549,ProjK
,,Projection1,70.427125605598,"(0.20452, 0.34671)","W=0.1084, RGB=0.8916","R=0.2415, G=1.1265, B=0.3260",0.0673525843462102,Compare to Exact,0.108399507595092,0.891600492404908,ProjK
,,ProjectionK,70.493014693108,"(0.20223, 0.34684)","W=0.1241, RGB=0.8759","R=0.2262, G=1.1108, B=0.3217",0.00146349683620883,Compare to Exact,0.124141385209108,0.875858614790892,ProjK
,,Ratio1,70.1860482063381,"(0.20703, 0.34657)","W=0.0904, RGB=0.9096","R=0.2590, G=1.1444, B=0.3309",0.308429983606104,Compare to Exact,0.0904369176875091,0.909563082312491,ProjK
,,RatioK,70.4544013505895,"(0.20405, 0.34674)","W=0.1117, RGB=0.8883","R=0.2384, G=1.1232, B=0.3251",0.0400768393546969,Compare to Exact,0.111654267063122,0.888345732936878,ProjK
,,PureRGB,68.1328297255671,"(0.21827, 0.34591)","W=0.0000, RGB=1.0000","R=0.3472, G=1.2346, B=0.3557",2.3616484643771,Compare to Exact,0,1,ProjK
65,"(0.2237, 0.3883, 4.0000)",Exact,67.5306976921654,"(0.21317, 0.39322)","W=0.0792, RGB=0.9208","R=0.2550, G=1.1761, B=0.2506",0,Compare to Exact,0.079225753863126,0.920774246136874,Proj1
,,Projection1,67.5009612526137,"(0.21186, 0.39382)","W=0.0881, RGB=0.9119","R=0.2463, G=1.1673, B=0.2481",0.0297364395516979,Compare to Exact,0.0881165464217114,0.911883453578289,Proj1
,,ProjectionK,67.4305119630875,"(0.21073, 0.39435)","W=0.0956, RGB=0.9044","R=0.2390, G=1.1598, B=0.2461",0.100185729077907,Compare to Exact,0.0956158802878202,0.90438411971218,Proj1
,,Ratio1,67.2795910540851,"(0.21713, 0.39138)","W=0.0511, RGB=0.9489","R=0.2825, G=1.2042, B=0.2583",0.251106638080302,Compare to Exact,0.0510619318390555,0.948938068160945,Proj1
,,RatioK,67.4890191614518,"(0.21469, 0.39251)","W=0.0687, RGB=0.9313","R=0.2653, G=1.1866, B=0.2535",0.0416785307136109,Compare to Exact,0.0686736443600181,0.931326355639982,Proj1
,,PureRGB,66.2654862412487,"(0.22367, 0.38835)","W=0.0000, RGB=1.0000","R=0.3322, G=1.2551, B=0.2723",1.26521145091671,Compare to Exact,0,1,Proj1
66,"(0.2299, 0.4376, 4.0000)",Exact,64.4522938842026,"(0.22482, 0.44265)","W=0.0381, RGB=0.9619","R=0.2814, G=1.2360, B=0.1853",0,Compare to Exact,0.0380960001418366,0.961903999858163,RatioK
,,Projection1,64.3927199672256,"(0.22307, 0.44438)","W=0.0503, RGB=0.9497","R=0.2695, G=1.2239, B=0.1820",0.0595739169770013,Compare to Exact,0.05026787245533,0.94973212754467,RatioK
,,ProjectionK,64.1805825279293,"(0.22093, 0.44650)","W=0.0647, RGB=0.9353","R=0.2555, G=1.2095, B=0.1781",0.2717113562733,Compare to Exact,0.0646519504434441,0.935348049556556,RatioK
,,Ratio1,64.2441337408747,"(0.22832, 0.43918)","W=0.0124, RGB=0.9876","R=0.3064, G=1.2616, B=0.1924",0.208160143327902,Compare to Exact,0.0124334880912056,0.987566511908794,RatioK
,,RatioK,64.3983636872545,"(0.22650, 0.44098)","W=0.0260, RGB=0.9740","R=0.2932, G=1.2481, B=0.1886",0.0539301969481016,Compare to Exact,0.0259775334357895,0.974022466564211,RatioK
,,PureRGB,64.051423304454,"(0.22994, 0.43758)","W=0.0000, RGB=1.0000","R=0.3185, G=1.2740, B=0.1958",0.400870579748599,Compare to Exact,0,1,RatioK
67,"(0.2373, 0.4954, 4.0000)",Exact,60.2560222147588,"(0.23729, 0.49541)","W=0.0000, RGB=1.0000","R=0.3058, G=1.2914, B=0.1253",0,Compare to Exact,0,1,Ratio1
,,Projection1,59.9385072477137,"(0.23355, 0.50176)","W=0.0268, RGB=0.9732","R=0.2797, G=1.2646, B=0.1180",0.317514967045099,Compare to Exact,0.0268234186558072,0.973176581344193,Ratio1
,,ProjectionK,59.6972265480315,"(0.23195, 0.50448)","W=0.0377, RGB=0.9623","R=0.2691, G=1.2537, B=0.1150",0.558795666727299,Compare to Exact,0.0377116204182207,0.962288379581779,Ratio1
,,Ratio1,60.2560222147588,"(0.23729, 0.49541)","W=0.0000, RGB=1.0000","R=0.3058, G=1.2914, B=0.1253",0,Compare to Exact,0,1,Ratio1
,,RatioK,60.220243067003,"(0.23639, 0.49693)","W=0.0067, RGB=0.9933","R=0.2994, G=1.2847, B=0.1235",0.0357791477558038,Compare to Exact,0.0066546075817823,0.993345392418218,Ratio1
,,PureRGB,60.2560222147588,"(0.23729, 0.49541)","W=0.0000, RGB=1.0000","R=0.3058, G=1.2914, B=0.1253",0,Compare to Exact,0,1,Ratio1
68,"(0.2461, 0.5643, 4.0000)",Exact,50.7843908159817,"(0.24605, 0.56427)","W=0.0000, RGB=1.0000","R=0.2942, G=1.3074, B=0.0603",0,Compare to Exact,0,1,Ratio1
,,Projection1,50.4367877649402,"(0.24394, 0.57000)","W=0.0150, RGB=0.9850","R=0.2796, G=1.2925, B=0.0562",0.347603051041503,Compare to Exact,0.0149672033384472,0.985032796661553,Ratio1
,,ProjectionK,50.3150118225661,"(0.24325, 0.57188)","W=0.0197, RGB=0.9803","R=0.2750, G=1.2878, B=0.0549",0.469378993415603,Compare to Exact,0.0196974498065947,0.980302550193405,Ratio1
,,Ratio1,50.7843908159817,"(0.24605, 0.56427)","W=0.0000, RGB=1.0000","R=0.2942, G=1.3074, B=0.0603",0,Compare to Exact,0,1,Ratio1
,,RatioK,50.7491121958255,"(0.24583, 0.56489)","W=0.0016, RGB=0.9984","R=0.2926, G=1.3058, B=0.0598",0.0352786201562054,Compare to Exact,0.00164702120897235,0.998352978791028,Ratio1
,,PureRGB,50.7843908159817,"(0.24605, 0.56427)","W=0.0000, RGB=1.0000","R=0.2942, G=1.3074, B=0.0603",0,Compare to Exact,0,1,Ratio1
69,"(0.2567, 0.6477, 4.0000)",Exact,14.8784077166519,"(0.25667, 0.64767)","W=0.0000, RGB=1.0000","R=0.2833, G=1.3223, B=0.0000",0,Compare to Exact,1.16391941311225e-16,1,Ratio1
,,Projection1,NaN,"(NaN, NaN)","W=NaN, RGB=NaN","R=NaN, G=NaN, B=NaN",NaN,Compare to Exact,NaN,NaN,Ratio1
,,ProjectionK,NaN,"(NaN, NaN)","W=NaN, RGB=NaN","R=NaN, G=NaN, B=NaN",NaN,Compare to Exact,NaN,NaN,Ratio1
,,Ratio1,14.8784077166517,"(0.25667, 0.64767)","W=0.0000, RGB=1.0000","R=0.2833, G=1.3223, B=0.0000",1.98951966012828e-13,Compare to Exact,2.3278388262245e-16,1,Ratio1
,,RatioK,14.8784077166517,"(0.25667, 0.64767)","W=0.0000, RGB=1.0000","R=0.2833, G=1.3223, B=0.0000",1.98951966012828e-13,Compare to Exact,2.3278388262245e-16,1,Ratio1
,,PureRGB,14.8784071206666,"(0.25667, 0.64767)","W=0.0000, RGB=1.0000","R=0.2833, G=1.3223, B=0.0000",5.95985300222424e-07,Compare to Exact,0,1,Ratio1
70,"(0.1960, 0.0532, 4.0000)",Exact,-169.131470580749,"(0.19602, 0.05324)","W=0.0000, RGB=1.0000","R=1.6363, G=0.0000, B=4.4702",0,Compare to Exact,0,1,PureRGB
,,Projection1,NaN,"(NaN, NaN)","W=NaN, RGB=NaN","R=NaN, G=NaN, B=NaN",NaN,Compare to Exact,NaN,NaN,PureRGB
,,ProjectionK,NaN,"(NaN, NaN)","W=NaN, RGB=NaN","R=NaN, G=NaN, B=NaN",NaN,Compare to Exact,NaN,NaN,PureRGB
,,Ratio1,-169.131470580749,"(0.19602, 0.05324)","W=0.0000, RGB=1.0000","R=1.6363, G=0.0000, B=4.4702",0,Compare to Exact,0,1,PureRGB
,,RatioK,-169.131470580749,"(0.19602, 0.05324)","W=0.0000, RGB=1.0000","R=1.6363, G=0.0000, B=4.4702",0,Compare to Exact,0,1,PureRGB
,,PureRGB,-169.131470580749,"(0.19602, 0.05324)","W=0.0000, RGB=1.0000","R=1.6363, G=0.0000, B=4.4702",0,Compare to Exact,0,1,PureRGB
71,"(0.1978, 0.0629, 4.0000)",Exact,-107.646956126871,"(0.19237, 0.05153)","W=0.2129, RGB=0.7871","R=1.2257, G=0.0000, B=3.6614",0,Compare to Exact,0.212896560391685,0.787103439608314,Ratio1
,,Projection1,-108.226110274429,"(0.19297, 0.05278)","W=0.1903, RGB=0.8097","R=1.2477, G=0.0225, B=3.6675",0.579154147558,Compare to Exact,0.190310626008798,0.809689373991202,Ratio1
,,ProjectionK,-109.657479819519,"(0.19436, 0.05572)","W=0.1363, RGB=0.8637","R=1.3004, G=0.0764, B=3.6823",2.01052369264799,Compare to Exact,0.136253445564706,0.863746554435294,Ratio1
,,Ratio1,-107.772929799156,"(0.19250, 0.05180)","W=0.2079, RGB=0.7921","R=1.2305, G=0.0049, B=3.6627",0.125973672284999,Compare to Exact,0.20794720817807,0.79205279182193,Ratio1
,,RatioK,-107.794629424584,"(0.19253, 0.05185)","W=0.2071, RGB=0.7929","R=1.2314, G=0.0058, B=3.6629",0.147673297712998,Compare to Exact,0.207096733910877,0.792903266089123,Ratio1
,,PureRGB,-113.561938232933,"(0.19776, 0.06288)","W=0.0000, RGB=1.0000","R=1.4333, G=0.2123, B=3.7197",5.914982106062,Compare to Exact,0,1,Ratio1
72,"(0.1996, 0.0732, 4.0000)",Exact,-61.6832781640674,"(0.18812, 0.04953)","W=0.3788, RGB=0.6212","R=0.9058, G=0.0000, B=3.0311",0,Compare to Exact,0.378787307721201,0.621212692278799,Ratio1
,,Projection1,-66.6220214624615,"(0.19421, 0.06206)","W=0.1866, RGB=0.8134","R=1.0932, G=0.1917, B=3.0838",4.9387432983941,Compare to Exact,0.186570054739176,0.813429945260824,Ratio1
,,ProjectionK,-65.8056724403362,"(0.19332, 0.06022)","W=0.2158, RGB=0.7842","R=1.0646, G=0.1626, B=3.0758",4.12239427626879,Compare to Exact,0.215808560802995,0.784191439197005,Ratio1
,,Ratio1,-61.8660314581351,"(0.18838, 0.05006)","W=0.3709, RGB=0.6291","R=0.9134, G=0.0078, B=3.0333",0.182753294067695,Compare to Exact,0.370933361205084,0.629066638794916,Ratio1
,,RatioK,-61.9706717157421,"(0.18853, 0.05037)","W=0.3665, RGB=0.6335","R=0.9178, G=0.0123, B=3.0345",0.287393551674697,Compare to Exact,0.366466403441252,0.633533596558748,Ratio1
,,PureRGB,-72.4410368611667,"(0.19963, 0.07322)","W=0.0000, RGB=1.0000","R=1.2750, G=0.3778, B=3.1349",10.7577586970993,Compare to Exact,0,1,Ratio1
73,"(0.2016, 0.0843, 4.0000)",Exact,-26.144796669977,"(0.18309, 0.04717)","W=0.5117, RGB=0.4883","R=0.6494, G=0.0000, B=2.5262",0,Compare to Exact,0.511692238461449,0.488307761538551,Ratio1
,,Projection1,-30.1413645558068,"(0.18998, 0.06097)","W=0.3375, RGB=0.6625","R=0.8192, G=0.1737, B=2.5739",3.9965678858298,Compare to Exact,0.337510176750069,0.662489823249931,Ratio1
,,ProjectionK,-28.9847267271393,"(0.18822, 0.05743)","W=0.3839, RGB=0.6161","R=0.7740, G=0.1275, B=2.5612",2.8399300571623,Compare to Exact,0.383855078070932,0.616144921929067,Ratio1
,,Ratio1,-26.3398967400579,"(0.18349, 0.04796)","W=0.5021, RGB=0.4979","R=0.6587, G=0.0095, B=2.5288",0.195100070080898,Compare to Exact,0.502117659341925,0.497882340658074,Ratio1
,,RatioK,-26.5704025932435,"(0.18395, 0.04888)","W=0.4910, RGB=0.5090","R=0.6696, G=0.0207, B=2.5319",0.425605923266499,Compare to Exact,0.490983134760248,0.509016865239751,Ratio1
,,PureRGB,-40.96589602779,"(0.20164, 0.08432)","W=0.0000, RGB=1.0000","R=1.1483, G=0.5104, B=2.6664",14.821099357813,Compare to Exact,0,1,Ratio1
74,"(0.2038, 0.0963, 4.0000)",Exact,1.92614674810664,"(0.17706, 0.04433)","W=0.6206, RGB=0.3794","R=0.4394, G=0.0000, B=2.1126",0,Compare to Exact,0.620560050008071,0.379439949991929,Ratio1
,,Projection1,-1.15563925852314,"(0.18497, 0.05970)","W=0.4610, RGB=0.5390","R=0.5950, G=0.1591, B=2.1563",3.08178600662978,Compare to Exact,0.461033037377965,0.538966962622035,Ratio1
,,ProjectionK,-1.05747488911478,"(0.18476, 0.05929)","W=0.4654, RGB=0.5346","R=0.5907, G=0.1547, B=2.1551",2.98362163722142,Compare to Exact,0.465431719792623,0.534568280207376,Ratio1
,,Ratio1,1.75439628365065,"(0.17761, 0.04541)","W=0.6100, RGB=0.3900","R=0.4498, G=0.0106, B=2.1155",0.17175046445599,Compare to Exact,0.609980519160211,0.390019480839789,Ratio1
,,RatioK,1.42648875792681,"(0.17861, 0.04735)","W=0.5906, RGB=0.4094","R=0.4687, G=0.0299, B=2.1208",0.49965799017983,Compare to Exact,0.590591730037133,0.409408269962867,Ratio1
,,PureRGB,-16.3366909885314,"(0.20381, 0.09628)","W=0.0000, RGB=1.0000","R=1.0444, G=0.6189, B=2.2826",18.262837736638,Compare to Exact,0,1,Ratio1
75,"(0.2061, 0.1092, 4.0000)",Exact,24.2397831142076,"(0.16968, 0.04087)","W=0.7114, RGB=0.2886","R=0.2643, G=0.0000, B=1.7676",0,Compare to Exact,0.711370964384957,0.288629035615043,Ratio1
,,Projection1,24.0894443615517,"(0.17077, 0.04291)","W=0.6949, RGB=0.3051","R=0.2804, G=0.0165, B=1.7721",0.150338752655902,Compare to Exact,0.694853439685151,0.305146560314849,Ratio1
,,ProjectionK,22.6365497904126,"(0.17746, 0.05545)","W=0.5883, RGB=0.4117","R=0.3842, G=0.1227, B=1.8013",1.603233323795,Compare to Exact,0.588323188910011,0.411676811089989,Ratio1
,,Ratio1,24.1409959079938,"(0.17042, 0.04225)","W=0.7002, RGB=0.2998","R=0.2751, G=0.0111, B=1.7706",0.0987872062137995,Compare to Exact,0.700233265026112,0.299766734973888,Ratio1
,,RatioK,23.7305690938709,"(0.17286, 0.04683)","W=0.6625, RGB=0.3375","R=0.3119, G=0.0487, B=1.7810",0.509214020336699,Compare to Exact,0.662524031723085,0.337475968276915,Ratio1
,,PureRGB,3.23479032903461,"(0.20614, 0.10920)","W=0.0000, RGB=1.0000","R=0.9578, G=0.7095, B=1.9625",21.004992785173,Compare to Exact,0,1,Ratio1
76,"(0.2087, 0.1232, 4.0000)",Exact,41.6375261822994,"(0.16426, 0.04338)","W=0.7428, RGB=0.2572","R=0.1603, G=0.0454, B=1.4879",0,Compare to Exact,0.742784877890291,0.257215122109709,Proj1
,,Projection1,41.6200549393771,"(0.16555, 0.04569)","W=0.7270, RGB=0.2730","R=0.1757, G=0.0612, B=1.4922",0.017471242922305,Compare to Exact,0.726963368134127,0.273036631865873,Proj1
,,ProjectionK,41.3794430355199,"(0.16921, 0.05227)","W=0.6805, RGB=0.3195","R=0.2210, G=0.1075, B=1.5049",0.258083146779505,Compare to Exact,0.680512787275786,0.319487212724214,Proj1
,,Ratio1,41.550903512794,"(0.16712, 0.04853)","W=0.7072, RGB=0.2928","R=0.1950, G=0.0809, B=1.4976",0.0866226695054024,Compare to Exact,0.707182837734657,0.292817162265343,Proj1
,,RatioK,41.2870454049854,"(0.17003, 0.05374)","W=0.6698, RGB=0.3302","R=0.2315, G=0.1182, B=1.5079",0.350480777314004,Compare to Exact,0.669778135072336,0.330221864927664,Proj1
,,PureRGB,18.9945182636792,"(0.20868, 0.12320)","W=0.0000, RGB=1.0000","R=0.8845, G=0.7862, B=1.6914",22.6430079186202,Compare to Exact,0,1,Proj1
77,"(0.2114, 0.1384, 4.0000)",Exact,55.904089017101,"(0.16459, 0.05833)","W=0.6986, RGB=0.3014","R=0.1404, G=0.1552, B=1.2674",0,Compare to Exact,0.698647160596181,0.301352839403819,Proj1
,,Projection1,55.8964542285245,"(0.16544, 0.05979)","W=0.6895, RGB=0.3105","R=0.1494, G=0.1644, B=1.2700",0.00763478857650313,Compare to Exact,0.689454863451387,0.310545136548613,Proj1
,,ProjectionK,55.7739148576387,"(0.16814, 0.06440)","W=0.6599, RGB=0.3401","R=0.1782, G=0.1938, B=1.2781",0.1301741594623,Compare to Exact,0.659911799540477,0.340088200459523,Proj1
,,Ratio1,55.8095557948224,"(0.16761, 0.06350)","W=0.6658, RGB=0.3342","R=0.1725, G=0.1880, B=1.2765",0.0945332222785993,Compare to Exact,0.665763251890523,0.334236748109477,Proj1
,,RatioK,55.6839462775445,"(0.16922, 0.06624)","W=0.6478, RGB=0.3522","R=0.1900, G=0.2059, B=1.2814",0.220142739556501,Compare to Exact,0.647840233955711,0.352159766044289,Proj1
,,PureRGB,31.8055893484054,"(0.21143, 0.13841)","W=0.0000, RGB=1.0000","R=0.8216, G=0.8520, B=1.4588",24.0984996686956,Compare to Exact,0,1,Proj1
78,"(0.2144, 0.1550, 4.0000)",Exact,67.9476021511779,"(0.16490, 0.07528)","W=0.6609, RGB=0.3391","R=0.1226, G=0.2499, B=1.0761",0,Compare to Exact,0.660931653373892,0.339068346626108,Proj1
,,Projection1,67.9472130154332,"(0.16511, 0.07562)","W=0.6590, RGB=0.3410","R=0.1245, G=0.2518, B=1.0767",0.000389135744697455,Compare to Exact,0.658968213530498,0.341031786469502,Proj1
,,ProjectionK,67.6327705792759,"(0.17046, 0.08424)","W=0.6073, RGB=0.3927","R=0.1749, G=0.3034, B=1.0908",0.314831571902005,Compare to Exact,0.607276532927647,0.392723467072353,Proj1
,,Ratio1,67.8443339131704,"(0.16806, 0.08038)","W=0.6309, RGB=0.3691","R=0.1519, G=0.2798, B=1.0844",0.103268238007502,Compare to Exact,0.630867269298426,0.369132730701574,Proj1
,,RatioK,67.6650204814802,"(0.17016, 0.08376)","W=0.6103, RGB=0.3897","R=0.1720, G=0.3004, B=1.0900",0.282581669697706,Compare to Exact,0.610265605410236,0.389734394589764,Proj1
,,PureRGB,42.2098056628943,"(0.21444, 0.15502)","W=0.0000, RGB=1.0000","R=0.7670, G=0.9091, B=1.2572",25.7377964882836,Compare to Exact,0,1,Proj1
79,"(0.2177, 0.1732, 4.0000)",Exact,78.138873724953,"(0.16519, 0.09473)","W=0.6285, RGB=0.3715","R=0.1065, G=0.3322, B=0.9085",0,Compare to Exact,0.628472323682812,0.371527676317188,Proj1
,,Projection1,78.13451575085,"(0.16457, 0.09380)","W=0.6335, RGB=0.3665","R=0.1016, G=0.3272, B=0.9071",0.00435797410300154,Compare to Exact,0.633504743214208,0.366495256785792,Proj1
,,ProjectionK,77.4346693195898,"(0.17345, 0.10708)","W=0.5577, RGB=0.4423","R=0.1755, G=0.4027, B=0.9279",0.7042044053632,Compare to Exact,0.557744572644498,0.442255427355502,Proj1
,,Ratio1,78.010246532727,"(0.16858, 0.09980)","W=0.6003, RGB=0.3997","R=0.1340, G=0.3603, B=0.9162",0.128627192226006,Compare to Exact,0.600294019034609,0.399705980965391,Proj1
,,RatioK,77.9588806393048,"(0.16922, 0.10075)","W=0.5949, RGB=0.4051","R=0.1392, G=0.3657, B=0.9177",0.179993085648206,Compare to Exact,0.594907281729554,0.405092718270446,Proj1
,,PureRGB,50.4169481092303,"(0.21773, 0.17322)","W=0.0000, RGB=1.0000","R=0.7192, G=0.9590, B=1.0807",27.7219256157227,Compare to Exact,0,1,Proj1
80,"(0.2214, 0.1932, 4.0000)",Exact,86.6187240741676,"(0.16595, 0.11799)","W=0.5968, RGB=0.4032","R=0.0952, G=0.4078, B=0.7613",0,Compare to Exact,0.596804570349377,0.403195429650623,RatioK
,,Projection1,85.0837286362267,"(0.17778, 0.13407)","W=0.5060, RGB=0.4940","R=0.1837, G=0.4984, B=0.7862",1.53499543794091,Compare to Exact,0.506033186947917,0.493966813052083,RatioK
,,ProjectionK,85.4916696830052,"(0.17581, 0.13139)","W=0.5221, RGB=0.4779","R=0.1680, G=0.4823, B=0.7818",1.1270543911624,Compare to Exact,0.522147452529574,0.477852547470426,RatioK
,,Ratio1,85.6492888186763,"(0.17498, 0.13025)","W=0.5288, RGB=0.4712","R=0.1615, G=0.4757, B=0.7800",0.969435255491305,Compare to Exact,0.528824992039381,0.471175007960619,RatioK
,,RatioK,86.3430593840376,"(0.17041, 0.12405)","W=0.5642, RGB=0.4358","R=0.1270, G=0.4404, B=0.7703",0.27566469013,Compare to Exact,0.564170044644114,0.435829955355886,RatioK
,,PureRGB,56.1140308980141,"(0.22135, 0.19324)","W=0.0000, RGB=1.0000","R=0.6771, G=1.0031, B=0.9248",30.5046931761535,Compare to Exact,0,1,RatioK
81,"(0.2254, 0.2154, 4.0000)",Exact,92.47092723199,"(0.16926, 0.14821)","W=0.5534, RGB=0.4466","R=0.1000, G=0.4903, B=0.6346",0,Compare to Exact,0.553428313396961,0.446571686603039,RatioK
,,Projection1,90.8341589828855,"(0.18094, 0.16220)","W=0.4728, RGB=0.5272","R=0.1787, G=0.5708, B=0.6567",1.63676824910451,Compare to Exact,0.472751258871128,0.527248741128872,RatioK
,,ProjectionK,91.0567182863484,"(0.18004, 0.16112)","W=0.4794, RGB=0.5206","R=0.1722, G=0.5641, B=0.6549",1.4142089456416,Compare to Exact,0.479416881759386,0.520583118240614,RatioK
,,Ratio1,91.5558691996439,"(0.17774, 0.15837)","W=0.4961, RGB=0.5039","R=0.1559, G=0.5475, B=0.6504",0.91505803234611,Compare to Exact,0.496067733005823,0.503932266994177,RatioK
,,RatioK,92.4637840354207,"(0.16864, 0.14748)","W=0.5574, RGB=0.4426","R=0.0962, G=0.4864, B=0.6336",0.00714319656930229,Compare to Exact,0.557351817928625,0.442648182071375,RatioK
,,PureRGB,59.6974569085658,"(0.22536, 0.21537)","W=0.0000, RGB=1.0000","R=0.6396, G=1.0423, B=0.7862",32.7734703234242,Compare to Exact,0,1,RatioK
82,"(0.2298, 0.2400, 4.0000)",Exact,93.3435694479234,"(0.17109, 0.18109)","W=0.5259, RGB=0.4741","R=0.0933, G=0.5528, B=0.5181",0,Compare to Exact,0.525923601382296,0.474076398617704,RatioK
,,Projection1,92.3054271193117,"(0.18089, 0.19091)","W=0.4671, RGB=0.5329","R=0.1506, G=0.6115, B=0.5342",1.0381423286117,Compare to Exact,0.467148180112229,0.532851819887771,RatioK
,,ProjectionK,92.494611261183,"(0.17993, 0.18995)","W=0.4733, RGB=0.5267","R=0.1446, G=0.6054, B=0.5326",0.848958186740404,Compare to Exact,0.47325989077233,0.526740109227671,RatioK
,,Ratio1,92.8694262407601,"(0.17764, 0.18766)","W=0.4875, RGB=0.5125","R=0.1308, G=0.5912, B=0.5287",0.474143207163294,Compare to Exact,0.487468292904231,0.512531707095769,RatioK
,,RatioK,93.3175320830781,"(0.16980, 0.17979)","W=0.5331, RGB=0.4669","R=0.0863, G=0.5457, B=0.5162",0.0260373648452941,Compare to Exact,0.533123903950944,0.466876096049056,RatioK
,,PureRGB,61.9902810256876,"(0.22981, 0.23998)","W=0.0000, RGB=1.0000","R=0.6060, G=1.0774, B=0.6622",31.3532884222358,Compare to Exact,0,1,RatioK
83,"(0.2348, 0.2675, 4.0000)",Exact,89.3504015212564,"(0.17080, 0.21860)","W=0.5132, RGB=0.4868","R=0.0755, G=0.5971, B=0.4100",0,Compare to Exact,0.513216971180887,0.486783028819113,RatioK
,,Projection1,88.1552083733096,"(0.18411, 0.22877)","W=0.4438, RGB=0.5562","R=0.1431, G=0.6663, B=0.4290",1.1951931479468,Compare to Exact,0.443816428394769,0.556183571605231,RatioK
,,ProjectionK,88.280594286722,"(0.18323, 0.22810)","W=0.4488, RGB=0.5512","R=0.1383, G=0.6614, B=0.4276",1.06980723453439,Compare to Exact,0.448788613883229,0.551211386116771,RatioK
,,Ratio1,88.5349336903515,"(0.18127, 0.22660)","W=0.4596, RGB=0.5404","R=0.1277, G=0.6505, B=0.4246",0.815467830904907,Compare to Exact,0.459643182693637,0.540356817306363,RatioK
,,RatioK,88.8235766944155,"(0.17868, 0.22462)","W=0.4736, RGB=0.5264","R=0.1141, G=0.6366, B=0.4208",0.526824826840908,Compare to Exact,0.473588826985161,0.526411173014839,RatioK
,,PureRGB,62.874447072974,"(0.23479, 0.26749)","W=0.0000, RGB=1.0000","R=0.5758, G=1.1090, B=0.5506",26.4759544482824,Compare to Exact,0,1,RatioK
84,"(0.2404, 0.2985, 4.0000)",Exact,85.6029424209938,"(0.18210, 0.27147)","W=0.4512, RGB=0.5488","R=0.1085, G=0.6875, B=0.3259",0,Compare to Exact,0.451240613568306,0.548759386431694,ProjK
,,Projection1,84.6941436981157,"(0.19305, 0.27653)","W=0.3960, RGB=0.6040","R=0.1624, G=0.7426, B=0.3410",0.908798722878103,Compare to Exact,0.396011032009017,0.603988967990983,ProjK
,,ProjectionK,85.3284794649988,"(0.18715, 0.27380)","W=0.4268, RGB=0.5732","R=0.1323, G=0.7119, B=0.3326",0.274462955995006,Compare to Exact,0.426834315577928,0.573165684422072,ProjK
,,Ratio1,84.8187253787488,"(0.19204, 0.27607)","W=0.4015, RGB=0.5985","R=0.1571, G=0.7372, B=0.3395",0.784217042245004,Compare to Exact,0.401462865310614,0.598537134689386,ProjK
,,RatioK,85.2097470996541,"(0.18844, 0.27440)","W=0.4203, RGB=0.5797","R=0.1387, G=0.7184, B=0.3344",0.393195321339704,Compare to Exact,0.420302071435525,0.579697928564475,ProjK
,,PureRGB,65.1477567560578,"(0.24039, 0.29845)","W=0.0000, RGB=1.0000","R=0.5485, G=1.1376, B=0.4495",20.455185664936,Compare to Exact,0,1,ProjK
85,"(0.2467, 0.3336, 4.0000)",Exact,82.0276767015202,"(0.19535, 0.32987)","W=0.3913, RGB=0.6087","R=0.1421, G=0.7733, B=0.2504",0,Compare to Exact,0.391268071903744,0.608731928096256,ProjK
,,Projection1,81.7820513504807,"(0.20025, 0.33022)","W=0.3674, RGB=0.6326","R=0.1654, G=0.7971, B=0.2569",0.245625351039507,Compare to Exact,0.367438867941918,0.632561132058082,ProjK
,,ProjectionK,81.9227823703947,"(0.19836, 0.33008)","W=0.3768, RGB=0.6232","R=0.1562, G=0.7877, B=0.2544",0.104894331125507,Compare to Exact,0.376849130691247,0.623150869308753,ProjK
,,Ratio1,81.3817297777042,"(0.20424, 0.33051)","W=0.3466, RGB=0.6534","R=0.1856, G=0.8178, B=0.2626",0.645946923816012,Compare to Exact,0.346649598226057,0.653350401773943,ProjK
,,RatioK,81.6773642595587,"(0.20141, 0.33030)","W=0.3615, RGB=0.6385","R=0.1712, G=0.8030, B=0.2586",0.350312441961506,Compare to Exact,0.361493437565918,0.638506562434082,ProjK
,,PureRGB,66.8070813045819,"(0.24675, 0.33357)","W=0.0000, RGB=1.0000","R=0.5236, G=1.1636, B=0.3576",15.2205953969383,Compare to Exact,0,1,ProjK
86,"(0.2540, 0.3737, 4.0000)",Exact,78.6387867017478,"(0.21015, 0.39373)","W=0.3351, RGB=0.6649","R=0.1742, G=0.8531, B=0.1819",0,Compare to Exact,0.335112847623593,0.664887152376406,ProjK
,,Projection1,78.6034124624386,"(0.20853, 0.39448)","W=0.3429, RGB=0.6571","R=0.1666, G=0.8454, B=0.1797",0.0353742393092062,Compare to Exact,0.342860890767519,0.657139109232481,ProjK
,,ProjectionK,78.6222330389563,"(0.20905, 0.39423)","W=0.3404, RGB=0.6596","R=0.1691, G=0.8479, B=0.1804",0.0165536627915088,Compare to Exact,0.340369907322799,0.659630092677201,ProjK
,,Ratio1,78.1225377073444,"(0.21797, 0.39017)","W=0.2948, RGB=0.7052","R=0.2135, G=0.8933, B=0.1929",0.516248994403398,Compare to Exact,0.294797891782452,0.705202108217548,ProjK
,,RatioK,78.3242234862202,"(0.21595, 0.39109)","W=0.3058, RGB=0.6942","R=0.2028, G=0.8824, B=0.1899",0.314563215527599,Compare to Exact,0.305753666691746,0.694246333308254,ProjK
,,PureRGB,67.6640912813535,"(0.25401, 0.37373)","W=0.0000, RGB=1.0000","R=0.5009, G=1.1873, B=0.2737",10.9746954203943,Compare to Exact,0,1,ProjK
87,"(0.2624, 0.4201, 4.0000)",Exact,75.1765731989073,"(0.22686, 0.46308)","W=0.2811, RGB=0.7189","R=0.2060, G=0.9287, B=0.1197",0,Compare to Exact,0.281111135842916,0.718888864157084,Proj1
,,Projection1,75.1268120497336,"(0.22491, 0.46545)","W=0.2910, RGB=0.7090","R=0.1964, G=0.9189, B=0.1170",0.0497611491737047,Compare to Exact,0.290991940608335,0.709008059391665,Proj1
,,ProjectionK,75.1257221672266,"(0.22489, 0.46547)","W=0.2911, RGB=0.7089","R=0.1963, G=0.9188, B=0.1170",0.0508510316807076,Compare to Exact,0.291098480917993,0.708901519082007,Proj1
,,Ratio1,74.7891006005925,"(0.23344, 0.45513)","W=0.2449, RGB=0.7551","R=0.2414, G=0.9649, B=0.1296",0.387472598314801,Compare to Exact,0.244860149874265,0.755139850125735,Proj1
,,RatioK,74.9099189530208,"(0.23213, 0.45671)","W=0.2524, RGB=0.7476","R=0.2340, G=0.9573, B=0.1276",0.2666542458865,Compare to Exact,0.252436068102643,0.747563931897357,Proj1
,,PureRGB,67.6500104886346,"(0.26240, 0.42010)","W=0.0000, RGB=1.0000","R=0.4801, G=1.2091, B=0.1967",7.5265627102727,Compare to Exact,0,1,Proj1
88,"(0.2722, 0.4742, 4.0000)",Exact,70.6853492413067,"(0.24630, 0.53563)","W=0.2241, RGB=0.7759","R=0.2425, G=1.0056, B=0.0645",0,Compare to Exact,0.224074329917363,0.775925670082637,ProjK
,,Projection1,70.6837785330319,"(0.24671, 0.53466)","W=0.2216, RGB=0.7784","R=0.2448, G=1.0081, B=0.0652",0.00157070827479799,Compare to Exact,0.221640168446477,0.778359831553523,ProjK
,,ProjectionK,70.6841197813304,"(0.24596, 0.53644)","W=0.2261, RGB=0.7739","R=0.2405, G=1.0036, B=0.0640",0.00122945997630097,Compare to Exact,0.226093981340191,0.773906018659809,ProjK
,,Ratio1,70.45717580572,"(0.25155, 0.52320)","W=0.1908, RGB=0.8092","R=0.2749, G=1.0389, B=0.0737",0.228173435586697,Compare to Exact,0.19078410891673,0.80921589108327,ProjK
,,RatioK,70.5178281659961,"(0.25074, 0.52512)","W=0.1962, RGB=0.8038","R=0.2696, G=1.0334, B=0.0722",0.167521075310603,Compare to Exact,0.196237748640262,0.803762251359738,ProjK
,,PureRGB,66.2787840102607,"(0.27220, 0.47424)","W=0.0000, RGB=1.0000","R=0.4609, G=1.2291, B=0.1259",4.406565231046,Compare to Exact,0,1,ProjK
89,"(0.2838, 0.5383, 4.0000)",Exact,61.8513619284925,"(0.27032, 0.59749)","W=0.1447, RGB=0.8553","R=0.3021, G=1.1033, B=0.0209",0,Compare to Exact,0.144708356228806,0.855291643771194,Proj1
,,Projection1,61.832634304156,"(0.27183, 0.59086)","W=0.1319, RGB=0.8681","R=0.3146, G=1.1161, B=0.0244",0.0187276243364991,Compare to Exact,0.1318902201716,0.8681097798284,Proj1
,,ProjectionK,61.8266430197281,"(0.27205, 0.58987)","W=0.1299, RGB=0.8701","R=0.3166, G=1.1181, B=0.0250",0.0247189087643989,Compare to Exact,0.129920791667454,0.870079208332546,Proj1
,,Ratio1,61.7506857780252,"(0.27382, 0.58211)","W=0.1139, RGB=0.8861","R=0.3322, G=1.1340, B=0.0293",0.100676150467301,Compare to Exact,0.113912633311975,0.886087366688025,Proj1
,,RatioK,61.7438245206597,"(0.27394, 0.58160)","W=0.1128, RGB=0.8872","R=0.3332, G=1.1351, B=0.0296",0.107537407832801,Compare to Exact,0.112814646212777,0.887185353787223,Proj1
,,PureRGB,60.2584338925709,"(0.28379, 0.53829)","W=0.0000, RGB=1.0000","R=0.4432, G=1.2476, B=0.0605",1.5929280359216,Compare to Exact,0,1,Proj1
90,"(0.2977, 0.6153, 4.0000)",Exact,27.6198795844915,"(0.29772, 0.61525)","W=-0.0000, RGB=1.0000","R=0.4268, G=1.2648, B=0.0000",0,Compare to Exact,-1.22525583061947e-16,1,PureRGB
,,Projection1,NaN,"(NaN, NaN)","W=NaN, RGB=NaN","R=NaN, G=NaN, B=NaN",NaN,Compare to Exact,NaN,NaN,PureRGB
,,ProjectionK,NaN,"(NaN, NaN)","W=NaN, RGB=NaN","R=NaN, G=NaN, B=NaN",NaN,Compare to Exact,NaN,NaN,PureRGB
,,Ratio1,27.619878247245,"(0.29772, 0.61525)","W=-0.0000, RGB=1.0000","R=0.4268, G=1.2648, B=0.0000",1.33724649842293e-06,Compare to Exact,-4.90102332247786e-16,1,PureRGB
,,RatioK,27.619878247245,"(0.29772, 0.61525)","W=-0.0000, RGB=1.0000","R=0.4268, G=1.2648, B=0.0000",1.33724649842293e-06,Compare to Exact,-4.90102332247786e-16,1,PureRGB
,,PureRGB,27.6198782546213,"(0.29772, 0.61525)","W=0.0000, RGB=1.0000","R=0.4268, G=1.2648, B=0.0000",1.3298701979636e-06,Compare to Exact,0,1,PureRGB
91,"(0.2125, 0.0610, 4.0000)",Exact,-198.981403582875,"(0.21255, 0.06100)","W=0.0000, RGB=1.0000","R=1.9394, G=0.0000, B=3.7748",0,Compare to Exact,0,1,Ratio1
,,Projection1,NaN,"(NaN, NaN)","W=NaN, RGB=NaN","R=NaN, G=NaN, B=NaN",NaN,Compare to Exact,NaN,NaN,Ratio1
,,ProjectionK,NaN,"(NaN, NaN)","W=NaN, RGB=NaN","R=NaN, G=NaN, B=NaN",NaN,Compare to Exact,NaN,NaN,Ratio1
,,Ratio1,-198.981403582875,"(0.21255, 0.06100)","W=0.0000, RGB=1.0000","R=1.9394, G=0.0000, B=3.7748",0,Compare to Exact,0,1,Ratio1
,,RatioK,-198.981403582875,"(0.21255, 0.06100)","W=0.0000, RGB=1.0000","R=1.9394, G=0.0000, B=3.7748",0,Compare to Exact,0,1,Ratio1
,,PureRGB,-198.981403582875,"(0.21255, 0.06100)","W=0.0000, RGB=1.0000","R=1.9394, G=0.0000, B=3.7748",0,Compare to Exact,0,1,Ratio1
92,"(0.2149, 0.0711, 4.0000)",Exact,-132.926170872351,"(0.21013, 0.05987)","W=0.1919, RGB=0.8081","R=1.5354, G=0.0000, B=3.1236",0,Compare to Exact,0.191886210791158,0.808113789208842,Ratio1
,,Projection1,-141.060578652101,"(0.21484, 0.07096)","W=0.0027, RGB=0.9973","R=1.7198, G=0.1887, B=3.1754",8.13440777974998,Compare to Exact,0.00267538744660208,0.997324612553397,Ratio1
,,ProjectionK,-140.330025810455,"(0.21446, 0.07005)","W=0.0187, RGB=0.9813","R=1.7042, G=0.1728, B=3.1710",7.40385493810399,Compare to Exact,0.0186715983782826,0.981328401621717,Ratio1
,,Ratio1,-133.08766592881,"(0.21023, 0.06011)","W=0.1879, RGB=0.8121","R=1.5393, G=0.0040, B=3.1247",0.161495056458989,Compare to Exact,0.18785629345406,0.812143706545939,Ratio1
,,RatioK,-133.127625746059,"(0.21026, 0.06017)","W=0.1869, RGB=0.8131","R=1.5403, G=0.0050, B=3.1249",0.201454873708002,Compare to Exact,0.186861121487082,0.813138878512918,Ratio1
,,PureRGB,-141.183508963622,"(0.21491, 0.07111)","W=0.0000, RGB=1.0000","R=1.7224, G=0.1914, B=3.1761",8.25733809127098,Compare to Exact,0,1,Ratio1
93,"(0.2174, 0.0819, 4.0000)",Exact,-83.4400361096753,"(0.20730, 0.05854)","W=0.3452, RGB=0.6548","R=1.2127, G=0.0000, B=2.6034",0,Compare to Exact,0.345166021308877,0.654833978691123,Ratio1
,,Projection1,-90.7870199168,"(0.21255, 0.07065)","W=0.1741, RGB=0.8259","R=1.3794, G=0.1706, B=2.6502",7.3469838071247,Compare to Exact,0.174109479289424,0.825890520710576,Ratio1
,,ProjectionK,-90.5672899183029,"(0.21240, 0.07032)","W=0.1789, RGB=0.8211","R=1.3747, G=0.1658, B=2.6489",7.1272538086276,Compare to Exact,0.178905290663781,0.821094709336219,Ratio1
,,Ratio1,-83.7014376001948,"(0.20751, 0.05902)","W=0.3386, RGB=0.6614","R=1.2190, G=0.0065, B=2.6052",0.261401490519489,Compare to Exact,0.33863241162564,0.66136758837436,Ratio1
,,RatioK,-83.7091763646317,"(0.20751, 0.05904)","W=0.3384, RGB=0.6616","R=1.2192, G=0.0067, B=2.6052",0.269140254956397,Compare to Exact,0.338439577512311,0.661560422487689,Ratio1
,,PureRGB,-99.2319771356418,"(0.21744, 0.08195)","W=0.0000, RGB=1.0000","R=1.5492, G=0.3443, B=2.6979",15.7919410259665,Compare to Exact,0,1,Ratio1
94,"(0.2202, 0.0936, 4.0000)",Exact,-44.8833164660657,"(0.20394, 0.05696)","W=0.4704, RGB=0.5296","R=0.9489, G=0.0000, B=2.1783",0,Compare to Exact,0.470425574121989,0.529574425878012,RatioK
,,Projection1,-51.5344832983199,"(0.20984, 0.07030)","W=0.3141, RGB=0.6859","R=1.1014, G=0.1559, B=2.2211",6.6511668322542,Compare to Exact,0.314084656178506,0.685915343821494,RatioK
,,ProjectionK,-51.3933791437425,"(0.20973, 0.07004)","W=0.3172, RGB=0.6828","R=1.0983, G=0.1528, B=2.2202",6.5100626776768,Compare to Exact,0.317180672486495,0.682819327513505,RatioK
,,Ratio1,-45.2031850478714,"(0.20426, 0.05769)","W=0.4623, RGB=0.5377","R=0.9568, G=0.0081, B=2.1805",0.3198685818057,Compare to Exact,0.46232082186094,0.53767917813906,RatioK
,,RatioK,-45.1772643076177,"(0.20423, 0.05763)","W=0.4630, RGB=0.5370","R=0.9562, G=0.0074, B=2.1803",0.293947841551997,Compare to Exact,0.462974950061427,0.537025049938573,RatioK
,,PureRGB,-67.3682372023581,"(0.22017, 0.09361)","W=0.0000, RGB=1.0000","R=1.4076, G=0.4692, B=2.3071",22.4849207362924,Compare to Exact,0,1,RatioK
95,"(0.2231, 0.1062, 4.0000)",Exact,-13.9644859622203,"(0.19989, 0.05506)","W=0.5747, RGB=0.4253","R=0.7294, G=0.0000, B=1.8244",0,Compare to Exact,0.574704756190723,0.425295243809277,RatioK
,,Projection1,-19.983761460864,"(0.20662, 0.06989)","W=0.4305, RGB=0.5695","R=0.8700, G=0.1439, B=1.8639",6.0192754986437,Compare to Exact,0.430478695018763,0.569521304981237,RatioK
,,ProjectionK,-19.9399122469389,"(0.20658, 0.06979)","W=0.4315, RGB=0.5685","R=0.8691, G=0.1429, B=1.8636",5.9754262847186,Compare to Exact,0.43145110496673,0.56854889503327,RatioK
,,Ratio1,-14.3132781320963,"(0.20034, 0.05604)","W=0.5656, RGB=0.4344","R=0.7382, G=0.0091, B=1.8268",0.348792169876001,Compare to Exact,0.565619528471489,0.434380471528511,RatioK
,,RatioK,-14.2532839289788,"(0.20026, 0.05587)","W=0.5672, RGB=0.4328","R=0.7367, G=0.0075, B=1.8264",0.2887979667585,Compare to Exact,0.567174415491755,0.432825584508245,RatioK
,,PureRGB,-42.3625066998441,"(0.22311, 0.10619)","W=0.0000, RGB=1.0000","R=1.2897, G=0.5732, B=1.9818",28.3980207376238,Compare to Exact,0,1,RatioK
96,"(0.2263, 0.1198, 4.0000)",Exact,11.3589977102184,"(0.19491, 0.05272)","W=0.6629, RGB=0.3371","R=0.5438, G=0.0000, B=1.5252",0,Compare to Exact,0.662867399620273,0.337132600379727,Ratio1
,,Projection1,5.93989965054395,"(0.20272, 0.06941)","W=0.5287, RGB=0.4713","R=0.6746, G=0.1338, B=1.5619",5.41909805967445,Compare to Exact,0.528726435973075,0.471273564026925,Ratio1
,,ProjectionK,5.90845740830192,"(0.20276, 0.06949)","W=0.5280, RGB=0.4720","R=0.6752, G=0.1345, B=1.5621",5.45054030191648,Compare to Exact,0.528016239277529,0.471983760722471,Ratio1
,,Ratio1,11.0045166472226,"(0.19551, 0.05399)","W=0.6532, RGB=0.3468","R=0.5532, G=0.0097, B=1.5278",0.3544810629958,Compare to Exact,0.653186395415184,0.346813604584816,Ratio1
,,RatioK,10.9354669792993,"(0.19562, 0.05424)","W=0.6513, RGB=0.3487","R=0.5550, G=0.0115, B=1.5283",0.423530730919101,Compare to Exact,0.651319131184508,0.348680868815493,Ratio1
,,PureRGB,-22.3385913860116,"(0.22629, 0.11980)","W=0.0000, RGB=1.0000","R=1.1900, G=0.6611, B=1.7067",33.69758909623,Compare to Exact,0,1,Ratio1
97,"(0.2297, 0.1346, 4.0000)",Exact,32.4043699621139,"(0.18865, 0.04978)","W=0.7384, RGB=0.2616","R=0.3848, G=0.0000, B=1.2689",0,Compare to Exact,0.738381753171381,0.261618246828619,Ratio1
,,Projection1,27.5951264041939,"(0.19789, 0.06884)","W=0.6127, RGB=0.3873","R=0.5073, G=0.1254, B=1.3033",4.80924355792,Compare to Exact,0.612692971364944,0.387307028635056,Ratio1
,,ProjectionK,27.8413342635799,"(0.19749, 0.06802)","W=0.6185, RGB=0.3815","R=0.5017, G=0.1196, B=1.3017",4.563035698534,Compare to Exact,0.618463322361311,0.381536677638689,Ratio1
,,Ratio1,32.0655276745888,"(0.18943, 0.05140)","W=0.7284, RGB=0.2716","R=0.3946, G=0.0100, B=1.2716",0.338842287525097,Compare to Exact,0.728360939774311,0.271639060225689,Ratio1
,,RatioK,31.7653154686707,"(0.19011, 0.05279)","W=0.7197, RGB=0.2803","R=0.4030, G=0.0187, B=1.2740",0.639054493443197,Compare to Exact,0.719671772229365,0.280328227770635,Ratio1
,,PureRGB,-6.150011301853,"(0.22974, 0.13458)","W=0.0000, RGB=1.0000","R=1.1047, G=0.7365, B=1.4711",38.5543812639669,Compare to Exact,0,1,Ratio1
98,"(0.2335, 0.1507, 4.0000)",Exact,50.0204456701914,"(0.18052, 0.04596)","W=0.8038, RGB=0.1962","R=0.2471, G=0.0000, B=1.0469",0,Compare to Exact,0.803787524875366,0.196212475124634,Ratio1
,,Projection1,45.8933236512753,"(0.19175, 0.06816)","W=0.6852, RGB=0.3148","R=0.3627, G=0.1183, B=1.0794",4.1271220189161,Compare to Exact,0.685194963096502,0.314805036903498,Ratio1
,,ProjectionK,46.2923981012098,"(0.19088, 0.06643)","W=0.6951, RGB=0.3049","R=0.3530, G=0.1084, B=1.0767",3.7280475689816,Compare to Exact,0.695147480425802,0.304852519574198,Ratio1
,,Ratio1,49.7211758170772,"(0.18156, 0.04801)","W=0.7936, RGB=0.2064","R=0.2570, G=0.0102, B=1.0497",0.299269853114197,Compare to Exact,0.793599934681027,0.206400065318973,Ratio1
,,RatioK,49.2549055243721,"(0.18308, 0.05102)","W=0.7784, RGB=0.2216","R=0.2718, G=0.0253, B=1.0539",0.765540145819301,Compare to Exact,0.778388651389116,0.221611348610884,Ratio1
,,PureRGB,6.8888267520704,"(0.23350, 0.15068)","W=0.0000, RGB=1.0000","R=1.0307, G=0.8017, B=1.2671",43.131618918121,Compare to Exact,0,1,Ratio1
99,"(0.2376, 0.1683, 4.0000)",Exact,64.6876753816039,"(0.16955, 0.04081)","W=0.8610, RGB=0.1390","R=0.1267, G=0.0000, B=0.8528",0,Compare to Exact,0.860987131502913,0.139012868497087,Ratio1
,,Projection1,61.4279579901671,"(0.18371, 0.06732)","W=0.7483, RGB=0.2517","R=0.2365, G=0.1124, B=0.8836",3.25971739143679,Compare to Exact,0.748324482748525,0.251675517251475,Ratio1
,,ProjectionK,60.8433724593348,"(0.18548, 0.07063)","W=0.7327, RGB=0.2673","R=0.2517, G=0.1279, B=0.8879",3.84430292226909,Compare to Exact,0.732712005537381,0.267287994462619,Ratio1
,,Ratio1,64.4622548363664,"(0.17095, 0.04343)","W=0.8508, RGB=0.1492","R=0.1366, G=0.0102, B=0.8556",0.225420545237498,Compare to Exact,0.850751002166638,0.149248997833362,Ratio1
,,RatioK,63.9892516915469,"(0.17357, 0.04834)","W=0.8311, RGB=0.1689","R=0.1558, G=0.0298, B=0.8610",0.698423690056998,Compare to Exact,0.831082137186764,0.168917862813235,Ratio1
,,PureRGB,16.8948267353644,"(0.23762, 0.16828)","W=0.0000, RGB=1.0000","R=0.9661, G=0.8587, B=1.0886",47.7928486462395,Compare to Exact,0,1,Ratio1
100,"(0.2421, 0.1876, 4.0000)",Exact,76.3892728037338,"(0.15394, 0.03348)","W=0.9114, RGB=0.0886","R=0.0204, G=0.0000, B=0.6816",0,Compare to Exact,0.911433793927734,0.0885662060722658,Proj1
,,Projection1,76.3692796798757,"(0.15463, 0.03468)","W=0.9079, RGB=0.0921","R=0.0239, G=0.0035, B=0.6825",0.0199931238581001,Compare to Exact,0.907878555272567,0.0921214447274328,Proj1
,,ProjectionK,75.5622413819947,"(0.16546, 0.05361)","W=0.8482, RGB=0.1518","R=0.0821, G=0.0631, B=0.6989",0.827031421739107,Compare to Exact,0.848194642694036,0.151805357305964,Proj1
,,Ratio1,76.2761475930888,"(0.15691, 0.03866)","W=0.8960, RGB=0.1040","R=0.0355, G=0.0154, B=0.6858",0.113125210645009,Compare to Exact,0.89596772873072,0.10403227126928,Proj1
,,RatioK,75.5042554751455,"(0.16595, 0.05446)","W=0.8453, RGB=0.1547","R=0.0849, G=0.0659, B=0.6997",0.885017328588305,Compare to Exact,0.845329977785129,0.154670022214871,Proj1
,,PureRGB,23.945156536215,"(0.24214, 0.18761)","W=0.0000, RGB=1.0000","R=0.9090, G=0.9091, B=0.9312",52.4441162675188,Compare to Exact,0,1,Proj1
101,"(0.2471, 0.2089, 4.0000)",Exact,84.9263851618508,"(0.15023, 0.05453)","W=0.8804, RGB=0.1196","R=0.0000, G=0.0756, B=0.5502",0,Compare to Exact,0.88043417189965,0.11956582810035,RatioK
,,Projection1,84.0017144727368,"(0.16530, 0.07853)","W=0.8119, RGB=0.1881","R=0.0668, G=0.1439, B=0.5690",0.924670689114009,Compare to Exact,0.811946535335797,0.188053464664203,RatioK
,,ProjectionK,84.0959200070585,"(0.16449, 0.07726)","W=0.8159, RGB=0.1841","R=0.0629, G=0.1400, B=0.5679",0.830465154792307,Compare to Exact,0.815906608753901,0.184093391246099,RatioK
,,Ratio1,84.0272901975694,"(0.16508, 0.07819)","W=0.8130, RGB=0.1870","R=0.0657, G=0.1429, B=0.5687",0.899094964281403,Compare to Exact,0.81300227432209,0.18699772567791,RatioK
,,RatioK,84.3106626873235,"(0.16246, 0.07401)","W=0.8258, RGB=0.1742","R=0.0533, G=0.1301, B=0.5652",0.615722474527303,Compare to Exact,0.825803722999529,0.174196277000471,RatioK
,,PureRGB,29.3418196373406,"(0.24712, 0.20893)","W=0.0000, RGB=1.0000","R=0.8584, G=0.9538, B=0.7914",55.5845655245102,Compare to Exact,0,1,RatioK
102,"(0.2526, 0.2326, 4.0000)",Exact,90.5571790246428,"(0.15083, 0.09009)","W=0.8340, RGB=0.1660","R=0.0000, G=0.1620, B=0.4379",0,Compare to Exact,0.833950311914218,0.166049688085782,RatioK
,,Projection1,89.096830187458,"(0.16559, 0.11075)","W=0.7774, RGB=0.2226","R=0.0551, G=0.2184, B=0.4534",1.46034883718481,Compare to Exact,0.777419962773469,0.222580037226531,RatioK
,,ProjectionK,87.1016848846392,"(0.17493, 0.12381)","W=0.7361, RGB=0.2639","R=0.0954, G=0.2596, B=0.4647",3.45549414000361,Compare to Exact,0.736097525428234,0.263902474571766,RatioK
,,Ratio1,89.2159434877388,"(0.16487, 0.10974)","W=0.7804, RGB=0.2196","R=0.0522, G=0.2154, B=0.4525",1.34123553690401,Compare to Exact,0.78041142476385,0.21958857523615,RatioK
,,RatioK,90.0835461717862,"(0.15814, 0.10031)","W=0.8072, RGB=0.1928","R=0.0261, G=0.1887, B=0.4452",0.47363285285661,Compare to Exact,0.807197212716092,0.192802787283908,RatioK
,,PureRGB,33.9157706414491,"(0.25265, 0.23258)","W=0.0000, RGB=1.0000","R=0.8131, G=0.9938, B=0.6663",56.6414083831937,Compare to Exact,0,1,RatioK
103,"(0.2588, 0.2589, 4.0000)",Exact,93.9918998540228,"(0.15160, 0.13599)","W=0.7921, RGB=0.2079","R=0.0000, G=0.2397, B=0.3368",0,Compare to Exact,0.792128674832684,0.207871325167316,RatioK
,,Projection1,91.2872865668891,"(0.17326, 0.16083)","W=0.7200, RGB=0.2800","R=0.0704, G=0.3116, B=0.3566",2.70461328713371,Compare to Exact,0.719959160003397,0.280040839996603,RatioK
,,ProjectionK,89.8764735086476,"(0.17966, 0.16818)","W=0.6946, RGB=0.3054","R=0.0951, G=0.3369, B=0.3635",4.1154263453752,Compare to Exact,0.694623441699913,0.305376558300088,RatioK
,,Ratio1,91.5951438404029,"(0.17170, 0.15904)","W=0.7258, RGB=0.2742","R=0.0646, G=0.3058, B=0.3550",2.39675601361991,Compare to Exact,0.725822953779507,0.274177046220493,RatioK
,,RatioK,93.5903540294305,"(0.15870, 0.14413)","W=0.7705, RGB=0.2295","R=0.0211, G=0.2612, B=0.3427",0.401545824592304,Compare to Exact,0.770489041414424,0.229510958585576,RatioK
,,PureRGB,38.8349493162332,"(0.25881, 0.25894)","W=0.0000, RGB=1.0000","R=0.7723, G=1.0297, B=0.5538",55.1569505377896,Compare to Exact,0,1,RatioK
104,"(0.2657, 0.2885, 4.0000)",Exact,94.5716930406045,"(0.16609, 0.20833)","W=0.7194, RGB=0.2806","R=0.0340, G=0.3447, B=0.2549",0,Compare to Exact,0.719420367866286,0.280579632133713,RatioK
,,Projection1,92.9996774573227,"(0.18586, 0.22424)","W=0.6563, RGB=0.3437","R=0.0956, G=0.4077, B=0.2722",1.5720155832818,Compare to Exact,0.656268355231039,0.343731644768961,RatioK
,,ProjectionK,92.1354681029211,"(0.19071, 0.22815)","W=0.6380, RGB=0.3620","R=0.1134, G=0.4259, B=0.2772",2.43622493768341,Compare to Exact,0.638032888838662,0.361967111161338,RatioK
,,Ratio1,93.2123866355176,"(0.18446, 0.22311)","W=0.6613, RGB=0.3387","R=0.0906, G=0.4027, B=0.2709",1.3593064050869,Compare to Exact,0.66133153489543,0.33866846510457,RatioK
,,RatioK,94.0815077788719,"(0.17724, 0.21730)","W=0.6858, RGB=0.3142","R=0.0668, G=0.3782, B=0.2641",0.490185261732606,Compare to Exact,0.685828898493038,0.314171101506962,RatioK
,,PureRGB,45.0229604905296,"(0.26572, 0.28853)","W=0.0000, RGB=1.0000","R=0.7354, G=1.0623, B=0.4520",49.5487325500749,Compare to Exact,0,1,RatioK
105,"(0.2735, 0.3220, 4.0000)",Exact,91.4333718517651,"(0.18454, 0.29383)","W=0.6494, RGB=0.3506","R=0.0688, G=0.4441, B=0.1816",0,Compare to Exact,0.649397841007778,0.350602158992221,ProjK
,,Projection1,90.7992279154281,"(0.19792, 0.29806)","W=0.6081, RGB=0.3919","R=0.1090, G=0.4854, B=0.1929",0.634143936336997,Compare to Exact,0.608071955634244,0.391928044365756,ProjK
,,ProjectionK,91.1484162799665,"(0.19278, 0.29643)","W=0.6249, RGB=0.3751","R=0.0926, G=0.4686, B=0.1883",0.284955571798605,Compare to Exact,0.624897652697441,0.375102347302559,ProjK
,,Ratio1,90.4077023689586,"(0.20216, 0.29940)","W=0.5931, RGB=0.4069","R=0.1236, G=0.5002, B=0.1970",1.02566948280651,Compare to Exact,0.593149299145469,0.406850700854531,ProjK
,,RatioK,90.9296412903106,"(0.19621, 0.29752)","W=0.6138, RGB=0.3862","R=0.1034, G=0.4796, B=0.1914",0.503730561454503,Compare to Exact,0.613829622558963,0.386170377441037,ProjK
,,PureRGB,50.6221889834593,"(0.27353, 0.32196)","W=0.0000, RGB=1.0000","R=0.7019, G=1.0918, B=0.3595",40.8111828683058,Compare to Exact,0,1,ProjK
106,"(0.2824, 0.3600, 4.0000)",Exact,87.8751428666317,"(0.20839, 0.39265)","W=0.5787, RGB=0.4213","R=0.1071, G=0.5417, B=0.1165",0,Compare to Exact,0.578684204637906,0.421315795362094,ProjK
,,Projection1,87.8134776676195,"(0.20552, 0.39391)","W=0.5871, RGB=0.4129","R=0.0989, G=0.5332, B=0.1142",0.0616651990122108,Compare to Exact,0.587121203735681,0.412878796264319,ProjK
,,ProjectionK,87.8620953514818,"(0.20704, 0.39324)","W=0.5827, RGB=0.4173","R=0.1032, G=0.5376, B=0.1154",0.013047515149907,Compare to Exact,0.582703142812314,0.417296857187686,ProjK
,,Ratio1,87.062239397348,"(0.22302, 0.38620)","W=0.5284, RGB=0.4716","R=0.1561, G=0.5918, B=0.1303",0.812903469283711,Compare to Exact,0.528404872671365,0.471595127328635,ProjK
,,RatioK,87.4231846180393,"(0.21865, 0.38813)","W=0.5448, RGB=0.4552","R=0.1401, G=0.5755, B=0.1258",0.451958248592405,Compare to Exact,0.544796663517306,0.455203336482694,ProjK
,,PureRGB,55.2226312453599,"(0.28243, 0.36003)","W=0.0000, RGB=1.0000","R=0.6713, G=1.1188, B=0.2751",32.6525116212718,Compare to Exact,0,1,ProjK
107,"(0.2927, 0.4038, 4.0000)",Exact,84.1836052486028,"(0.23602, 0.50389)","W=0.5119, RGB=0.4881","R=0.1442, G=0.6330, B=0.0575",0,Compare to Exact,0.511908149757593,0.488091850242407,Proj1
,,Projection1,84.1670017171896,"(0.23456, 0.50647)","W=0.5170, RGB=0.4830","R=0.1392, G=0.6279, B=0.0561",0.016603531413196,Compare to Exact,0.516995260534628,0.483004739465372,Proj1
,,ProjectionK,84.1559957942015,"(0.23413, 0.50724)","W=0.5185, RGB=0.4815","R=0.1378, G=0.6265, B=0.0557",0.0276094544013006,Compare to Exact,0.518471141146971,0.481528858853029,Proj1
,,Ratio1,83.6107111495271,"(0.24732, 0.48392)","W=0.4664, RGB=0.5336","R=0.1885, G=0.6784, B=0.0699",0.572894099075697,Compare to Exact,0.466434633158894,0.533565366841106,Proj1
,,RatioK,83.8147914576991,"(0.24481, 0.48837)","W=0.4776, RGB=0.5224","R=0.1776, G=0.6672, B=0.0668",0.368813790903701,Compare to Exact,0.477621580099809,0.522378419900191,Proj1
,,PureRGB,58.792585920225,"(0.29266, 0.40380)","W=0.0000, RGB=1.0000","R=0.6432, G=1.1436, B=0.1977",25.3910193283778,Compare to Exact,0,1,Proj1
108,"(0.3045, 0.4546, 4.0000)",Exact,79.5527100827342,"(0.26908, 0.62126)","W=0.4416, RGB=0.5584","R=0.1869, G=0.7259, B=0.0055",0,Compare to Exact,0.441615126174817,0.558384873825183,Proj1
,,Projection1,79.5181139976227,"(0.27130, 0.61081)","W=0.4299, RGB=0.5701","R=0.1984, G=0.7376, B=0.0088",0.0345960851114882,Compare to Exact,0.429861895228397,0.570138104771603,Proj1
,,ProjectionK,79.3945151344725,"(0.27396, 0.59832)","W=0.4146, RGB=0.5854","R=0.2133, G=0.7528, B=0.0129",0.158194948261695,Compare to Exact,0.414572985971473,0.585427014028527,Proj1
,,Ratio1,79.2196316380853,"(0.27627, 0.58747)","W=0.4000, RGB=0.6000","R=0.2275, G=0.7673, B=0.0169",0.333078444648891,Compare to Exact,0.400027838505972,0.599972161494028,Proj1
,,RatioK,79.0758734362936,"(0.27773, 0.58059)","W=0.3901, RGB=0.6099","R=0.2371, G=0.7772, B=0.0196",0.476836646440589,Compare to Exact,0.390143956659375,0.609856043340625,Proj1
,,PureRGB,61.2521208515303,"(0.30454, 0.45463)","W=0.0000, RGB=1.0000","R=0.6175, G=1.1663, B=0.1265",18.3005892312039,Compare to Exact,0,1,Proj1
109,"(0.3185, 0.5144, 4.0000)",Exact,69.1777192495184,"(0.31317, 0.60305)","W=0.2220, RGB=0.7780","R=0.3772, G=0.9659, B=0.0000",0,Compare to Exact,0.222001985342511,0.777998014657489,Ratio1
,,Projection1,67.4651982596405,"(0.31515, 0.57018)","W=0.1596, RGB=0.8404","R=0.4381, G=1.0282, B=0.0171",1.7125209898779,Compare to Exact,0.159592685192686,0.840407314807314,Ratio1
,,ProjectionK,67.5958839178703,"(0.31503, 0.57208)","W=0.1637, RGB=0.8363","R=0.4341, G=1.0241, B=0.0160",1.58183533164811,Compare to Exact,0.16368337596152,0.83631662403848,Ratio1
,,Ratio1,68.9493122268683,"(0.31351, 0.59731)","W=0.2123, RGB=0.7877","R=0.3867, G=0.9756, B=0.0027",0.228407022650103,Compare to Exact,0.212250519829662,0.787749480170338,Ratio1
,,RatioK,68.7946331150846,"(0.31373, 0.59374)","W=0.2060, RGB=0.7940","R=0.3928, G=0.9819, B=0.0044",0.38308613443381,Compare to Exact,0.205970082323165,0.794029917676835,Ratio1
,,PureRGB,60.4553329682056,"(0.31851, 0.51440)","W=0.0000, RGB=1.0000","R=0.5937, G=1.1873, B=0.0608",8.7223862813128,Compare to Exact,0,1,Ratio1
110,"(0.3352, 0.5857, 4.0000)",Exact,34.4729528308289,"(0.33517, 0.58568)","W=-0.0000, RGB=1.0000","R=0.5716, G=1.2068, B=0.0000",0,Compare to Exact,-1.28712803102233e-16,1,PureRGB
,,Projection1,NaN,"(NaN, NaN)","W=NaN, RGB=NaN","R=NaN, G=NaN, B=NaN",NaN,Compare to Exact,NaN,NaN,PureRGB
,,ProjectionK,NaN,"(NaN, NaN)","W=NaN, RGB=NaN","R=NaN, G=NaN, B=NaN",NaN,Compare to Exact,NaN,NaN,PureRGB
,,Ratio1,34.4729528247853,"(0.33517, 0.58568)","W=-0.0000, RGB=1.0000","R=0.5716, G=1.2068, B=0.0000",6.04359939870847e-09,Compare to Exact,-2.57425606204466e-16,1,PureRGB
,,RatioK,34.4729528247853,"(0.33517, 0.58568)","W=-0.0000, RGB=1.0000","R=0.5716, G=1.2068, B=0.0000",6.04359939870847e-09,Compare to Exact,-2.57425606204466e-16,1,PureRGB
,,PureRGB,34.4729528247855,"(0.33517, 0.58568)","W=0.0000, RGB=1.0000","R=0.5716, G=1.2068, B=0.0000",6.04340044674245e-09,Compare to Exact,0,1,PureRGB
111,"(0.2297, 0.0691, 4.0000)",Exact,-217.404193904093,"(0.22970, 0.06906)","W=0.0000, RGB=1.0000","R=2.1818, G=0.0000, B=3.2185",0,Compare to Exact,0,1,Ratio1
,,Projection1,NaN,"(NaN, NaN)","W=NaN, RGB=NaN","R=NaN, G=NaN, B=NaN",NaN,Compare to Exact,NaN,NaN,Ratio1
,,ProjectionK,NaN,"(NaN, NaN)","W=NaN, RGB=NaN","R=NaN, G=NaN, B=NaN",NaN,Compare to Exact,NaN,NaN,Ratio1
,,Ratio1,-217.404193904093,"(0.22970, 0.06906)","W=0.0000, RGB=1.0000","R=2.1818, G=0.0000, B=3.2185",0,Compare to Exact,0,1,Ratio1
,,RatioK,-217.404193904093,"(0.22970, 0.06906)","W=0.0000, RGB=1.0000","R=2.1818, G=0.0000, B=3.2185",0,Compare to Exact,0,1,Ratio1
,,PureRGB,-217.404193904094,"(0.22970, 0.06906)","W=0.0000, RGB=1.0000","R=2.1818, G=0.0000, B=3.2185",9.9475983006414e-13,Compare to Exact,0,1,Ratio1
112,"(0.2327, 0.0797, 4.0000)",Exact,-150.232389237221,"(0.22861, 0.06855)","W=0.1747, RGB=0.8253","R=1.7894, G=0.0000, B=2.6824",0,Compare to Exact,0.174650309669736,0.825349690330264,Ratio1
,,Projection1,-159.820069162107,"(0.23254, 0.07916)","W=0.0080, RGB=0.9920","R=1.9518, G=0.1662, B=2.7280",9.58767992488598,Compare to Exact,0.0080240334212561,0.991975966578744,Ratio1
,,ProjectionK,-159.818388479362,"(0.23254, 0.07916)","W=0.0081, RGB=0.9919","R=1.9518, G=0.1662, B=2.7280",9.58599924214099,Compare to Exact,0.00805192278526273,0.991948077214737,Ratio1
,,Ratio1,-150.415236221312,"(0.22869, 0.06877)","W=0.1713, RGB=0.8287","R=1.7926, G=0.0033, B=2.6833",0.182846984090986,Compare to Exact,0.17130553113361,0.828694468866389,Ratio1
,,RatioK,-150.47304379656,"(0.22872, 0.06884)","W=0.1702, RGB=0.8298","R=1.7937, G=0.0044, B=2.6836",0.240654559338992,Compare to Exact,0.170249661117572,0.829750338882428,Ratio1
,,PureRGB,-160.304579809201,"(0.23272, 0.07965)","W=0.0000, RGB=1.0000","R=1.9597, G=0.1742, B=2.7302",10.07219057198,Compare to Exact,0,1,Ratio1
113,"(0.2360, 0.0910, 4.0000)",Exact,-100.116731454797,"(0.22733, 0.06795)","W=0.3170, RGB=0.6830","R=1.4695, G=0.0000, B=2.2454",0,Compare to Exact,0.317026632781802,0.682973367218197,Ratio1
,,Projection1,-108.916127125829,"(0.23166, 0.07951)","W=0.1653, RGB=0.8347","R=1.6175, G=0.1514, B=2.2869",8.79939567103199,Compare to Exact,0.165269204022971,0.834730795977029,Ratio1
,,ProjectionK,-108.918512375929,"(0.23166, 0.07951)","W=0.1652, RGB=0.8348","R=1.6175, G=0.1514, B=2.2869",8.80178092113199,Compare to Exact,0.165229613609431,0.834770386390569,Ratio1
,,Ratio1,-100.42360773096,"(0.22749, 0.06838)","W=0.3115, RGB=0.6885","R=1.4749, G=0.0055, B=2.2469",0.306876276162996,Compare to Exact,0.311506375568331,0.688493624431669,Ratio1
,,RatioK,-100.429251336036,"(0.22749, 0.06839)","W=0.3114, RGB=0.6886","R=1.4750, G=0.0056, B=2.2469",0.312519881238998,Compare to Exact,0.311405037675702,0.688594962324298,Ratio1
,,PureRGB,-119.201457257093,"(0.23597, 0.09103)","W=0.0000, RGB=1.0000","R=1.7786, G=0.3162, B=2.3322",19.084725802296,Compare to Exact,0,1,Ratio1
114,"(0.2395, 0.1033, 4.0000)",Exact,-61.0854279299294,"(0.22580, 0.06723)","W=0.4353, RGB=0.5647","R=1.2037, G=0.0000, B=1.8823",0,Compare to Exact,0.435318273804265,0.564681726195735,RatioK
,,Projection1,-69.1760201804897,"(0.23061, 0.07993)","W=0.2958, RGB=0.7042","R=1.3397, G=0.1391, B=1.9205",8.0905922505603,Compare to Exact,0.295826684603911,0.704173315396089,RatioK
,,ProjectionK,-70.984246643196,"(0.23159, 0.08250)","W=0.2659, RGB=0.7341","R=1.3689, G=0.1690, B=1.9287",9.8988187132666,Compare to Exact,0.265894269065735,0.734105730934265,RatioK
,,Ratio1,-61.4737628648479,"(0.22605, 0.06789)","W=0.4284, RGB=0.5716","R=1.2105, G=0.0069, B=1.8842",0.388334934918497,Compare to Exact,0.428369143654244,0.571630856345756,RatioK
,,RatioK,-61.4269827241666,"(0.22602, 0.06781)","W=0.4292, RGB=0.5708","R=1.2097, G=0.0061, B=1.8839",0.341554794237197,Compare to Exact,0.42920465892661,0.57079534107339,RatioK
,,PureRGB,-87.8721787938905,"(0.23947, 0.10329)","W=0.0000, RGB=1.0000","R=1.6282, G=0.4342, B=2.0015",26.7867508639611,Compare to Exact,0,1,RatioK
115,"(0.2433, 0.1165, 4.0000)",Exact,-29.7255031245405,"(0.22395, 0.06636)","W=0.5352, RGB=0.4648","R=0.9794, G=0.0000, B=1.5758",0,Compare to Exact,0.535159965246868,0.464840034753132,RatioK
,,Projection1,-37.2105002660319,"(0.22937, 0.08044)","W=0.4059, RGB=0.5941","R=1.1054, G=0.1289, B=1.6112",7.4849971414914,Compare to Exact,0.405915894320605,0.594084105679395,RatioK
,,ProjectionK,-38.886620134561,"(0.23046, 0.08328)","W=0.3781, RGB=0.6219","R=1.1326, G=0.1567, B=1.6188",9.1611170100205,Compare to Exact,0.378094992788803,0.621905007211197,RatioK
,,Ratio1,-30.1663373543138,"(0.22430, 0.06726)","W=0.5273, RGB=0.4727","R=0.9871, G=0.0079, B=1.5780",0.440834229773301,Compare to Exact,0.527273432039862,0.472726567960138,RatioK
,,RatioK,-30.0667177272905,"(0.22422, 0.06706)","W=0.5291, RGB=0.4709","R=0.9854, G=0.0061, B=1.5775",0.34121460275,Compare to Exact,0.529052091188355,0.470947908811645,RatioK
,,PureRGB,-63.258269523423,"(0.24325, 0.11653)","W=0.0000, RGB=1.0000","R=1.5012, G=0.5338, B=1.7224",33.5327663988825,Compare to Exact,0,1,RatioK
116,"(0.2474, 0.1309, 4.0000)",Exact,-3.9419787060162,"(0.22166, 0.06529)","W=0.6206, RGB=0.3794","R=0.7876, G=0.0000, B=1.3137",0,Compare to Exact,0.62055589868885,0.37944410131115,RatioK
,,Projection1,-10.9208484074306,"(0.22785, 0.08108)","W=0.4999, RGB=0.5001","R=0.9052, G=0.1203, B=1.3467",6.9788697014144,Compare to Exact,0.499946489750516,0.500053510249484,RatioK
,,ProjectionK,-12.4894606746292,"(0.22909, 0.08425)","W=0.4739, RGB=0.5261","R=0.9305, G=0.1462, B=1.3538",8.547481968613,Compare to Exact,0.473927473267266,0.526072526732734,RatioK
,,Ratio1,-4.41587486485957,"(0.22212, 0.06646)","W=0.6121, RGB=0.3879","R=0.7959, G=0.0085, B=1.3160",0.47389615884337,Compare to Exact,0.612063429940322,0.387936570059678,RatioK
,,RatioK,-4.2625956694054,"(0.22197, 0.06608)","W=0.6148, RGB=0.3852","R=0.7932, G=0.0057, B=1.3152",0.3206169633892,Compare to Exact,0.614804598729145,0.385195401270855,RatioK
,,PureRGB,-43.6445225079868,"(0.24735, 0.13089)","W=0.0000, RGB=1.0000","R=1.3926, G=0.6189, B=1.4837",39.7025438019706,Compare to Exact,0,1,RatioK
117,"(0.2518, 0.1465, 4.0000)",Exact,17.6194619481009,"(0.21876, 0.06392)","W=0.6944, RGB=0.3056","R=0.6216, G=0.0000, B=1.0869",0,Compare to Exact,0.694429729313469,0.305570270686531,RatioK
,,Projection1,11.0564757100423,"(0.22596, 0.08191)","W=0.5811, RGB=0.4189","R=0.7321, G=0.1130, B=1.1180",6.5629862380586,Compare to Exact,0.581122972349434,0.418877027650566,RatioK
,,ProjectionK,9.57244787944352,"(0.22739, 0.08549)","W=0.5566, RGB=0.4434","R=0.7560, G=0.1374, B=1.1247",8.04701406865738,Compare to Exact,0.556635104643137,0.443364895356863,RatioK
,,Ratio1,17.1256658011564,"(0.21936, 0.06542)","W=0.6856, RGB=0.3144","R=0.6303, G=0.0088, B=1.0893",0.493796146944497,Compare to Exact,0.685559218054961,0.314440781945039,RatioK
,,RatioK,17.3340695303232,"(0.21911, 0.06479)","W=0.6893, RGB=0.3107","R=0.6266, G=0.0051, B=1.0883",0.285392417777697,Compare to Exact,0.689294847052739,0.310705152947261,RatioK
,,PureRGB,-28.0398093568686,"(0.25181, 0.14651)","W=0.0000, RGB=1.0000","R=1.2986, G=0.6926, B=1.2771",45.6592713049695,Compare to Exact,0,1,RatioK
118,"(0.2567, 0.1636, 4.0000)",Exact,35.8556040642159,"(0.21497, 0.06214)","W=0.7590, RGB=0.2410","R=0.4766, G=0.0000, B=0.8888",0,Compare to Exact,0.758966021258373,0.241033978741627,RatioK
,,Projection1,29.6210860083636,"(0.22355, 0.08301)","W=0.6518, RGB=0.3482","R=0.5811, G=0.1069, B=0.9182",6.2345180558523,Compare to Exact,0.651815328864873,0.348184671135127,RatioK
,,ProjectionK,28.1970090328307,"(0.22524, 0.08713)","W=0.6286, RGB=0.3714","R=0.6037, G=0.1300, B=0.9245",7.6585950313852,Compare to Exact,0.628608032345379,0.371391967654621,RatioK
,,Ratio1,35.3508699861146,"(0.21575, 0.06404)","W=0.7499, RGB=0.2501","R=0.4855, G=0.0091, B=0.8913",0.504734078101301,Compare to Exact,0.749876507260393,0.250123492739607,RatioK
,,RatioK,35.8126866657019,"(0.21504, 0.06231)","W=0.7582, RGB=0.2418","R=0.4774, G=0.0008, B=0.8890",0.0429173985140068,Compare to Exact,0.758189695233737,0.241810304766263,RatioK
,,PureRGB,-16.2985477192856,"(0.25668, 0.16355)","W=0.0000, RGB=1.0000","R=1.2166, G=0.7570, B=1.0967",52.1541517835015,Compare to Exact,0,1,RatioK
119,"(0.2620, 0.1822, 4.0000)",Exact,51.3064820498695,"(0.20979, 0.05971)","W=0.8158, RGB=0.1842","R=0.3489, G=0.0000, B=0.7143",0,Compare to Exact,0.815829914752583,0.184170085247417,RatioK
,,Projection1,45.22683869312,"(0.22038, 0.08455)","W=0.7138, RGB=0.2862","R=0.4483, G=0.1018, B=0.7422",6.0796433567495,Compare to Exact,0.713787893233278,0.286212106766722,RatioK
,,ProjectionK,43.7982416221921,"(0.22243, 0.08938)","W=0.6916, RGB=0.3084","R=0.4700, G=0.1239, B=0.7483",7.5082404276774,Compare to Exact,0.691610950097107,0.308389049902893,RatioK
,,Ratio1,50.7938412021898,"(0.21083, 0.06214)","W=0.8066, RGB=0.1934","R=0.3578, G=0.0092, B=0.7168",0.512640847679698,Compare to Exact,0.806633626333463,0.193366373666537,RatioK
,,RatioK,51.2568776217498,"(0.20989, 0.05995)","W=0.8149, RGB=0.1851","R=0.3497, G=0.0009, B=0.7145",0.0496044281197001,Compare to Exact,0.814934278349559,0.185065721650441,RatioK
,,PureRGB,-8.00888602637286,"(0.26201, 0.18223)","W=0.0000, RGB=1.0000","R=1.1442, G=0.8137, B=0.9378",59.3153680762424,Compare to Exact,0,1,RatioK
120,"(0.2679, 0.2028, 4.0000)",Exact,63.0062267485912,"(0.20229, 0.05619)","W=0.8663, RGB=0.1337","R=0.2354, G=0.0000, B=0.5593",0,Compare to Exact,0.866312843609143,0.133687156390857,Ratio1
,,Projection1,56.639624866599,"(0.21600, 0.08683)","W=0.7683, RGB=0.2317","R=0.3310, G=0.0977, B=0.5862",6.3666018819922,Compare to Exact,0.768329434614393,0.231670565385607,Ratio1
,,ProjectionK,57.3333899750233,"(0.21471, 0.08395)","W=0.7785, RGB=0.2215","R=0.3210, G=0.0876, B=0.5834",5.6728367735679,Compare to Exact,0.778534123777899,0.221465876222101,Ratio1
,,Ratio1,63.0062267485912,"(0.20229, 0.05619)","W=0.8663, RGB=0.1337","R=0.2354, G=0.0000, B=0.5593",0,Compare to Exact,0.866312843609143,0.133687156390857,Ratio1
,,RatioK,62.5930016219706,"(0.20334, 0.05854)","W=0.8596, RGB=0.1404","R=0.2420, G=0.0067, B=0.5612",0.413225126620603,Compare to Exact,0.859555368617432,0.140444631382568,Ratio1
,,PureRGB,-1.41874850962568,"(0.26788, 0.20279)","W=0.0000, RGB=1.0000","R=1.0800, G=0.8641, B=0.7966",64.4249752582169,Compare to Exact,0,1,Ratio1
121,"(0.2744, 0.2255, 4.0000)",Exact,71.1648577321632,"(0.19047, 0.05063)","W=0.9114, RGB=0.0886","R=0.1341, G=0.0000, B=0.4208",0,Compare to Exact,0.911431803904252,0.0885681960957484,Ratio1
,,Projection1,65.2483959624522,"(0.20961, 0.09053)","W=0.8163, RGB=0.1837","R=0.2268, G=0.0949, B=0.4469",5.91646176971101,Compare to Exact,0.816285181373598,0.183714818626402,Ratio1
,,ProjectionK,66.4310212723445,"(0.20636, 0.08377)","W=0.8345, RGB=0.1655","R=0.2091, G=0.0767, B=0.4419",4.7338364598187,Compare to Exact,0.834496731363822,0.165503268636178,Ratio1
,,Ratio1,71.1648577321632,"(0.19047, 0.05063)","W=0.9114, RGB=0.0886","R=0.1341, G=0.0000, B=0.4208",0,Compare to Exact,0.911431803904252,0.0885681960957484,Ratio1
,,RatioK,70.4968995660503,"(0.19307, 0.05606)","W=0.9001, RGB=0.0999","R=0.1452, G=0.0113, B=0.4239",0.667958166112896,Compare to Exact,0.900058186484912,0.0999418135150878,Ratio1
,,PureRGB,4.3595719353523,"(0.27438, 0.22554)","W=0.0000, RGB=1.0000","R=1.0227, G=0.9091, B=0.6705",66.8052857968109,Compare to Exact,0,1,Ratio1
122,"(0.2816, 0.2508, 4.0000)",Exact,82.4576976546729,"(0.16909, 0.04059)","W=0.9520, RGB=0.0480","R=0.0429, G=0.0000, B=0.2963",0,Compare to Exact,0.951998576106371,0.0480014238936288,Proj1
,,Projection1,82.138778216819,"(0.17148, 0.04506)","W=0.9459, RGB=0.0541","R=0.0489, G=0.0061, B=0.2980",0.318919437853893,Compare to Exact,0.945907730859469,0.0540922691405312,Proj1
,,ProjectionK,79.8698178612138,"(0.18559, 0.07142)","W=0.9058, RGB=0.0942","R=0.0879, G=0.0461, B=0.3089",2.58787979345909,Compare to Exact,0.905828365912795,0.0941716340872051,Proj1
,,Ratio1,81.7975127049496,"(0.17390, 0.04958)","W=0.9396, RGB=0.0604","R=0.0551, G=0.0124, B=0.2997",0.660184949723302,Compare to Exact,0.93955063814541,0.0604493618545901,Proj1
,,RatioK,80.6728754259185,"(0.18107, 0.06297)","W=0.9195, RGB=0.0805","R=0.0746, G=0.0324, B=0.3052",1.78482222875439,Compare to Exact,0.91950430737327,0.0804956926267296,Proj1
,,PureRGB,11.6635788473652,"(0.28160, 0.25084)","W=0.0000, RGB=1.0000","R=0.9711, G=0.9495, B=0.5571",70.7941188073077,Compare to Exact,0,1,Proj1
123,"(0.2897, 0.2791, 4.0000)",Exact,91.6406005215415,"(0.15042, 0.06560)","W=0.9482, RGB=0.0518","R=0.0000, G=0.0404, B=0.1948",0,Compare to Exact,0.948204630061968,0.0517953699380316,RatioK
,,Projection1,89.4194054039096,"(0.17813, 0.10809)","W=0.8990, RGB=0.1010","R=0.0480, G=0.0894, B=0.2083",2.22119511763191,Compare to Exact,0.898988219434349,0.101011780565651,RatioK
,,ProjectionK,88.6998235132443,"(0.18374, 0.11670)","W=0.8867, RGB=0.1133","R=0.0599, G=0.1017, B=0.2117",2.9407770082972,Compare to Exact,0.886730094969903,0.113269905030097,RatioK
,,Ratio1,89.2979515982676,"(0.17913, 0.10963)","W=0.8969, RGB=0.1031","R=0.0500, G=0.0916, B=0.2089",2.3426489232739,Compare to Exact,0.896872449301096,0.103127550698904,RatioK
,,RatioK,89.765995061961,"(0.17514, 0.10350)","W=0.9052, RGB=0.0948","R=0.0420, G=0.0833, B=0.2066",1.87460545958051,Compare to Exact,0.905158075545377,0.0948419244546232,RatioK
,,PureRGB,19.9601730476457,"(0.28968, 0.27914)","W=0.0000, RGB=1.0000","R=0.9244, G=0.9861, B=0.4546",71.6804274738958,Compare to Exact,0,1,RatioK
124,"(0.2988, 0.3110, 4.0000)",Exact,96.2542806701255,"(0.17288, 0.19251)","W=0.8800, RGB=0.1200","R=0.0241, G=0.1416, B=0.1204",0,Compare to Exact,0.880029244210156,0.119970755789844,RatioK
,,Projection1,93.0577468223221,"(0.21015, 0.22759)","W=0.8137, RGB=0.1863","R=0.0888, G=0.2077, B=0.1385",3.19653384780339,Compare to Exact,0.813708168896185,0.186291831103815,RatioK
,,ProjectionK,92.8114273541851,"(0.21174, 0.22909)","W=0.8099, RGB=0.1901","R=0.0924, G=0.2115, B=0.1396",3.4428533159404,Compare to Exact,0.809939773427166,0.190060226572834,RatioK
,,Ratio1,93.2602848737678,"(0.20879, 0.22631)","W=0.8169, RGB=0.1831","R=0.0857, G=0.2046, B=0.1377",2.99399579635769,Compare to Exact,0.816852974000591,0.183147025999409,RatioK
,,RatioK,95.329956272715,"(0.19053, 0.20912)","W=0.8531, RGB=0.1469","R=0.0504, G=0.1685, B=0.1278",0.924324397410501,Compare to Exact,0.853081310857697,0.146918689142303,RatioK
,,PureRGB,28.214971660447,"(0.29878, 0.31101)","W=0.0000, RGB=1.0000","R=0.8821, G=1.0193, B=0.3615",68.0393090096785,Compare to Exact,0,1,RatioK
125,"(0.3091, 0.3472, 4.0000)",Exact,94.8414351256066,"(0.21977, 0.38159)","W=0.7994, RGB=0.2006","R=0.0640, G=0.2523, B=0.0575",0,Compare to Exact,0.79944322339845,0.20055677660155,ProjK
,,Projection1,94.5865468845765,"(0.20971, 0.38546)","W=0.8145, RGB=0.1855","R=0.0494, G=0.2373, B=0.0534",0.254888241030088,Compare to Exact,0.8144842639485,0.1855157360515,ProjK
,,ProjectionK,94.698101519357,"(0.21220, 0.38450)","W=0.8110, RGB=0.1890","R=0.0528, G=0.2407, B=0.0543",0.143333606249598,Compare to Exact,0.810992272324512,0.189007727675488,ProjK
,,Ratio1,93.4051864399015,"(0.24576, 0.37158)","W=0.7438, RGB=0.2562","R=0.1183, G=0.3078, B=0.0727",1.4362486857051,Compare to Exact,0.743751648444783,0.256248351555217,ProjK
,,RatioK,94.1534280182012,"(0.23872, 0.37429)","W=0.7620, RGB=0.2380","R=0.1005, G=0.2896, B=0.0677",0.688007107405397,Compare to Exact,0.762012255786202,0.237987744213797,ProjK
,,PureRGB,35.8743362898689,"(0.30910, 0.34718)","W=0.0000, RGB=1.0000","R=0.8434, G=1.0496, B=0.2765",58.9670988357377,Compare to Exact,0,1,ProjK
126,"(0.3209, 0.3886, 4.0000)",Exact,91.2844114177122,"(0.28221, 0.62250)","W=0.7222, RGB=0.2778","R=0.1039, G=0.3571, B=0.0008",0,Compare to Exact,0.722190091426042,0.277809908573958,Proj1
,,Projection1,91.2634314074662,"(0.28411, 0.61104)","W=0.7158, RGB=0.2842","R=0.1102, G=0.3635, B=0.0026",0.0209800102460065,Compare to Exact,0.715795122780771,0.284204877219229,Proj1
,,ProjectionK,90.904622115231,"(0.29035, 0.57331)","W=0.6903, RGB=0.3097","R=0.1350, G=0.3889, B=0.0096",0.3797893024812,Compare to Exact,0.690316267533587,0.309683732466413,Proj1
,,Ratio1,90.4163750096375,"(0.29402, 0.55113)","W=0.6711, RGB=0.3289","R=0.1538, G=0.4081, B=0.0148",0.868036408074701,Compare to Exact,0.671093098372875,0.328906901627125,Proj1
,,RatioK,89.8546947782721,"(0.29668, 0.53506)","W=0.6544, RGB=0.3456","R=0.1700, G=0.4247, B=0.0194",1.4297166394401,Compare to Exact,0.654444456904888,0.345555543095112,Proj1
,,PureRGB,42.4537923319149,"(0.32092, 0.38858)","W=0.0000, RGB=1.0000","R=0.8080, G=1.0774, B=0.1987",48.8306190857973,Compare to Exact,0,1,Proj1
127,"(0.3346, 0.4364, 4.0000)",Exact,80.7534856933261,"(0.34277, 0.57967)","W=0.4640, RGB=0.5360","R=0.3231, G=0.6401, B=0.0000",0,Compare to Exact,0.463995441735384,0.536004558264616,Ratio1
,,Projection1,77.2398989859074,"(0.34068, 0.54312)","W=0.4076, RGB=0.5924","R=0.3781, G=0.6963, B=0.0154",3.5135867074187,Compare to Exact,0.407638742277414,0.592361257722586,Ratio1
,,ProjectionK,76.8326023694575,"(0.34049, 0.53977)","W=0.4015, RGB=0.5985","R=0.3841, G=0.7025, B=0.0171",3.92088332386859,Compare to Exact,0.401456461858432,0.598543538141568,Ratio1
,,Ratio1,79.4775329210396,"(0.34190, 0.56444)","W=0.4427, RGB=0.5573","R=0.3438, G=0.6613, B=0.0058",1.2759527722865,Compare to Exact,0.442738757153219,0.557261242846781,Ratio1
,,RatioK,79.384189849595,"(0.34184, 0.56343)","W=0.4412, RGB=0.5588","R=0.3453, G=0.6628, B=0.0062",1.36929584373109,Compare to Exact,0.44122657955473,0.55877342044527,Ratio1
,,PureRGB,47.4700064526393,"(0.33458, 0.43642)","W=0.0000, RGB=1.0000","R=0.7755, G=1.1029, B=0.1271",33.2834792406868,Compare to Exact,0,1,Ratio1
128,"(0.3506, 0.4923, 4.0000)",Exact,65.387748978571,"(0.36083, 0.56541)","W=0.2230, RGB=0.7770","R=0.5280, G=0.9040, B=0.0000",0,Compare to Exact,0.223013562323914,0.776986437676086,RatioK
,,Projection1,62.2612863015402,"(0.35793, 0.54482)","W=0.1762, RGB=0.8238","R=0.5736, G=0.9507, B=0.0128",3.12646267703079,Compare to Exact,0.17623965231671,0.82376034768329,RatioK
,,ProjectionK,62.2938010257044,"(0.35796, 0.54501)","W=0.1767, RGB=0.8233","R=0.5732, G=0.9502, B=0.0127",3.0939479528666,Compare to Exact,0.176717766038754,0.823282233961246,RatioK
,,Ratio1,64.7401710130905,"(0.36017, 0.56074)","W=0.2132, RGB=0.7868","R=0.5376, G=0.9139, B=0.0027",0.647577965480494,Compare to Exact,0.213174996235187,0.786825003764813,RatioK
,,RatioK,64.8853959041123,"(0.36032, 0.56177)","W=0.2154, RGB=0.7846","R=0.5355, G=0.9117, B=0.0021",0.502353074458696,Compare to Exact,0.215373546069452,0.784626453930548,RatioK
,,PureRGB,49.7945569506384,"(0.35055, 0.49234)","W=0.0000, RGB=1.0000","R=0.7454, G=1.1265, B=0.0611",15.5931920279326,Compare to Exact,0,1,RatioK
129,"(0.3695, 0.5586, 4.0000)",Exact,30.4876603297523,"(0.36946, 0.55859)","W=0.0000, RGB=1.0000","R=0.7177, G=1.1483, B=0.0000",0,Compare to Exact,0,1,PureRGB
,,Projection1,NaN,"(NaN, NaN)","W=NaN, RGB=NaN","R=NaN, G=NaN, B=NaN",NaN,Compare to Exact,NaN,NaN,PureRGB
,,ProjectionK,NaN,"(NaN, NaN)","W=NaN, RGB=NaN","R=NaN, G=NaN, B=NaN",NaN,Compare to Exact,NaN,NaN,PureRGB
,,Ratio1,30.4876589847479,"(0.36946, 0.55859)","W=-0.0000, RGB=1.0000","R=0.7177, G=1.1483, B=0.0000",1.34500439941121e-06,Compare to Exact,-4.04862919600134e-16,1,PureRGB
,,RatioK,30.4876589847479,"(0.36946, 0.55859)","W=-0.0000, RGB=1.0000","R=0.7177, G=1.1483, B=0.0000",1.34500439941121e-06,Compare to Exact,-4.04862919600134e-16,1,PureRGB
,,PureRGB,30.4876603297523,"(0.36946, 0.55859)","W=0.0000, RGB=1.0000","R=0.7177, G=1.1483, B=0.0000",0,Compare to Exact,0,1,PureRGB
130,"(0.2475, 0.0774, 4.0000)",Exact,-227.024230257009,"(0.24751, 0.07743)","W=0.0000, RGB=1.0000","R=2.3801, G=0.0000, B=2.7633",0,Compare to Exact,0,1,PureRGB
,,Projection1,NaN,"(NaN, NaN)","W=NaN, RGB=NaN","R=NaN, G=NaN, B=NaN",NaN,Compare to Exact,NaN,NaN,PureRGB
,,ProjectionK,NaN,"(NaN, NaN)","W=NaN, RGB=NaN","R=NaN, G=NaN, B=NaN",NaN,Compare to Exact,NaN,NaN,PureRGB
,,Ratio1,-227.02423025701,"(0.24751, 0.07743)","W=-0.0000, RGB=1.0000","R=2.3801, G=0.0000, B=2.7633",9.9475983006414e-13,Compare to Exact,-9.73594328416997e-16,1,PureRGB
,,RatioK,-227.02423025701,"(0.24751, 0.07743)","W=-0.0000, RGB=1.0000","R=2.3801, G=0.0000, B=2.7633",9.9475983006414e-13,Compare to Exact,-9.73594328416997e-16,1,PureRGB
,,PureRGB,-227.024230257009,"(0.24751, 0.07743)","W=0.0000, RGB=1.0000","R=2.3801, G=0.0000, B=2.7633",0,Compare to Exact,0,1,PureRGB
131,"(0.2512, 0.0885, 4.0000)",Exact,-160.693388019936,"(0.24786, 0.07759)","W=0.1603, RGB=0.8397","R=2.0015, G=0.0000, B=2.3139",0,Compare to Exact,0.160255583828636,0.839744416171363,Ratio1
,,Projection1,-171.088684653784,"(0.25096, 0.08759)","W=0.0144, RGB=0.9856","R=2.1438, G=0.1455, B=2.3539",10.395296633848,Compare to Exact,0.0143564387873755,0.985643561212625,Ratio1
,,ProjectionK,-170.56448293541,"(0.25081, 0.08712)","W=0.0215, RGB=0.9785","R=2.1368, G=0.1384, B=2.3520",9.871094915474,Compare to Exact,0.0214757101100162,0.978524289889984,Ratio1
,,Ratio1,-160.886779803326,"(0.24792, 0.07779)","W=0.1574, RGB=0.8426","R=2.0043, G=0.0028, B=2.3147",0.193391783389984,Compare to Exact,0.157434986796341,0.842565013203659,Ratio1
,,RatioK,-160.958914060981,"(0.24794, 0.07787)","W=0.1564, RGB=0.8436","R=2.0053, G=0.0039, B=2.3150",0.265526041044978,Compare to Exact,0.156384130102118,0.843615869897882,Ratio1
,,PureRGB,-172.150484197524,"(0.25125, 0.08854)","W=0.0000, RGB=1.0000","R=2.1578, G=0.1598, B=2.3578",11.457096177588,Compare to Exact,0,1,Ratio1
132,"(0.2553, 0.1005, 4.0000)",Exact,-111.489832776045,"(0.24826, 0.07778)","W=0.2931, RGB=0.7069","R=1.6876, G=0.0000, B=1.9413",0,Compare to Exact,0.29312948219618,0.70687051780382,Ratio1
,,Projection1,-120.980106053828,"(0.25161, 0.08862)","W=0.1598, RGB=0.8402","R=1.8177, G=0.1330, B=1.9779",9.49027327778299,Compare to Exact,0.159755934267629,0.840244065732371,Ratio1
,,ProjectionK,-121.46799742669,"(0.25177, 0.08914)","W=0.1531, RGB=0.8469","R=1.8242, G=0.1397, B=1.9797",9.978164650645,Compare to Exact,0.153075352153006,0.846924647846994,Ratio1
,,Ratio1,-111.817058478805,"(0.24838, 0.07818)","W=0.2884, RGB=0.7116","R=1.6923, G=0.0047, B=1.9426",0.327225702759989,Compare to Exact,0.288403879291682,0.711596120708318,Ratio1
,,RatioK,-111.817446662715,"(0.24838, 0.07818)","W=0.2884, RGB=0.7116","R=1.6923, G=0.0047, B=1.9426",0.327613886669994,Compare to Exact,0.288398279612123,0.711601720387877,Ratio1
,,PureRGB,-132.90934702345,"(0.25527, 0.10049)","W=0.0000, RGB=1.0000","R=1.9734, G=0.2924, B=2.0216",21.419514247405,Compare to Exact,0,1,Ratio1
133,"(0.2596, 0.1134, 4.0000)",Exact,-73.2532733892959,"(0.24874, 0.07801)","W=0.4051, RGB=0.5949","R=1.4232, G=0.0000, B=1.6274",0,Compare to Exact,0.405087105575735,0.594912894424265,RatioK
,,Projection1,-81.930508412288,"(0.25238, 0.08985)","W=0.2823, RGB=0.7177","R=1.5429, G=0.1225, B=1.6610",8.67723502299211,Compare to Exact,0.282280848866946,0.717719151133054,RatioK
,,ProjectionK,-83.5516199146769,"(0.25301, 0.09189)","W=0.2599, RGB=0.7401","R=1.5647, G=0.1448, B=1.6672",10.298346525381,Compare to Exact,0.259883886049658,0.740116113950341,RatioK
,,Ratio1,-73.6696639191048,"(0.24893, 0.07861)","W=0.3991, RGB=0.6009","R=1.4290, G=0.0060, B=1.6290",0.416390529808908,Compare to Exact,0.399062963446707,0.600937036553293,RatioK
,,RatioK,-73.6026853568656,"(0.24890, 0.07852)","W=0.4000, RGB=0.6000","R=1.4281, G=0.0050, B=1.6288",0.349411967569708,Compare to Exact,0.400030959944053,0.599969040055947,RatioK
,,PureRGB,-103.019940567035,"(0.25961, 0.11338)","W=0.0000, RGB=1.0000","R=1.8181, G=0.4040, B=1.7384",29.7666671777391,Compare to Exact,0,1,RatioK
134,"(0.2643, 0.1273, 4.0000)",Exact,-42.6045399929689,"(0.24933, 0.07828)","W=0.5007, RGB=0.4993","R=1.1973, G=0.0000, B=1.3592",0,Compare to Exact,0.500706884986686,0.499293115013314,RatioK
,,Projection1,-50.6172348343833,"(0.25331, 0.09132)","W=0.3869, RGB=0.6131","R=1.3082, G=0.1135, B=1.3904",8.01269484141439,Compare to Exact,0.386943134308384,0.613056865691616,RatioK
,,ProjectionK,-52.1284059990039,"(0.25400, 0.09359)","W=0.3660, RGB=0.6340","R=1.3287, G=0.1344, B=1.3962",9.523866006035,Compare to Exact,0.365960327846483,0.634039672153517,RatioK
,,Ratio1,-43.0816922599272,"(0.24959, 0.07911)","W=0.4938, RGB=0.5062","R=1.2040, G=0.0069, B=1.3611",0.477152266958299,Compare to Exact,0.493796563428212,0.506203436571788,RatioK
,,RatioK,-42.9498810996863,"(0.24952, 0.07889)","W=0.4957, RGB=0.5043","R=1.2022, G=0.0050, B=1.3606",0.345341106717399,Compare to Exact,0.495703569064042,0.504296430935958,RatioK
,,PureRGB,-79.6720559235743,"(0.26430, 0.12734)","W=0.0000, RGB=1.0000","R=1.6854, G=0.4994, B=1.4964",37.0675159306054,Compare to Exact,0,1,RatioK
135,"(0.2694, 0.1425, 4.0000)",Exact,-17.5300557054062,"(0.25006, 0.07863)","W=0.5833, RGB=0.4167","R=1.0021, G=0.0000, B=1.1276",0,Compare to Exact,0.583321869898664,0.416678130101336,RatioK
,,Projection1,-25.0202474071317,"(0.25446, 0.09313)","W=0.4774, RGB=0.5226","R=1.1054, G=0.1057, B=1.1566",7.4901917017255,Compare to Exact,0.477394074471198,0.522605925528802,RatioK
,,ProjectionK,-26.4495683083046,"(0.25522, 0.09566)","W=0.4576, RGB=0.5424","R=1.1247, G=0.1254, B=1.1620",8.9195126028984,Compare to Exact,0.457613564750308,0.542386435249692,RatioK
,,Ratio1,-18.0510964194853,"(0.25039, 0.07971)","W=0.5758, RGB=0.4242","R=1.0095, G=0.0075, B=1.1296",0.521040714079103,Compare to Exact,0.575811775107963,0.424188224892037,RatioK
,,RatioK,-17.8539100791602,"(0.25027, 0.07930)","W=0.5787, RGB=0.4213","R=1.0067, G=0.0047, B=1.1288",0.323854373754003,Compare to Exact,0.578651146746069,0.421348853253931,RatioK
,,PureRGB,-61.3107247652935,"(0.26940, 0.14250)","W=0.0000, RGB=1.0000","R=1.5708, G=0.5818, B=1.2874",43.7806690598873,Compare to Exact,0,1,RatioK
136,"(0.2750, 0.1590, 4.0000)",Exact,3.18361829517486,"(0.25100, 0.07907)","W=0.6554, RGB=0.3446","R=0.8318, G=0.0000, B=0.9254",0,Compare to Exact,0.655416212414931,0.344583787585069,RatioK
,,Projection1,-3.94336516441347,"(0.25590, 0.09541)","W=0.5564, RGB=0.4436","R=0.9284, G=0.0988, B=0.9525",7.12698345958833,Compare to Exact,0.556359513054161,0.443640486945839,RatioK
,,ProjectionK,-5.32641800613834,"(0.25676, 0.09828)","W=0.5376, RGB=0.4624","R=0.9467, G=0.1175, B=0.9577",8.5100363013132,Compare to Exact,0.537571794089413,0.462428205910587,RatioK
,,Ratio1,2.62579434259648,"(0.25141, 0.08045)","W=0.6475, RGB=0.3525","R=0.8395, G=0.0079, B=0.9276",0.55782395257838,Compare to Exact,0.64750873099366,0.35249126900634,RatioK
,,RatioK,3.18361829517486,"(0.25100, 0.07907)","W=0.6554, RGB=0.3446","R=0.8318, G=0.0000, B=0.9254",0,Compare to Exact,0.655416212414931,0.344583787585069,RatioK
,,PureRGB,-47.5561711437994,"(0.27496, 0.15901)","W=0.0000, RGB=1.0000","R=1.4708, G=0.6537, B=1.1049",50.7397894389743,Compare to Exact,0,1,RatioK
137,"(0.2810, 0.1771, 4.0000)",Exact,19.574578205849,"(0.25223, 0.07965)","W=0.7189, RGB=0.2811","R=0.6819, G=0.0000, B=0.7474",0,Compare to Exact,0.718879247343837,0.281120752656163,RatioK
,,Projection1,12.4983590975525,"(0.25776, 0.09835)","W=0.6259, RGB=0.3741","R=0.7725, G=0.0927, B=0.7729",7.0762191082965,Compare to Exact,0.625920976332535,0.374079023667465,RatioK
,,ProjectionK,11.1018377609184,"(0.25874, 0.10167)","W=0.6079, RGB=0.3921","R=0.7901, G=0.1107, B=0.7778",8.4727404449306,Compare to Exact,0.607894944205508,0.392105055794492,RatioK
,,Ratio1,18.9631886445881,"(0.25275, 0.08140)","W=0.7107, RGB=0.2893","R=0.6899, G=0.0081, B=0.7497",0.6113895612609,Compare to Exact,0.710719387653286,0.289280612346714,RatioK
,,RatioK,19.574578205849,"(0.25223, 0.07965)","W=0.7189, RGB=0.2811","R=0.6819, G=0.0000, B=0.7474",0,Compare to Exact,0.718879247343837,0.281120752656163,RatioK
,,PureRGB,-38.1152111822922,"(0.28103, 0.17708)","W=0.0000, RGB=1.0000","R=1.3828, G=0.7170, B=0.9444",57.6897893881412,Compare to Exact,0,1,RatioK
138,"(0.2877, 0.1969, 4.0000)",Exact,31.1011297994597,"(0.25394, 0.08045)","W=0.7752, RGB=0.2248","R=0.5489, G=0.0000, B=0.5896",0,Compare to Exact,0.775173469272454,0.224826530727547,Ratio1
,,Projection1,24.4819382166267,"(0.26028, 0.10231)","W=0.6877, RGB=0.3123","R=0.6342, G=0.0872, B=0.6135",6.619191582833,Compare to Exact,0.687706995491172,0.312293004508828,Ratio1
,,ProjectionK,23.13290404653,"(0.26143, 0.10627)","W=0.6701, RGB=0.3299","R=0.6513, G=0.1048, B=0.6183",7.9682257529297,Compare to Exact,0.670145741342474,0.329854258657526,Ratio1
,,Ratio1,31.1011297994597,"(0.25394, 0.08045)","W=0.7752, RGB=0.2248","R=0.5489, G=0.0000, B=0.5896",0,Compare to Exact,0.775173469272454,0.224826530727547,Ratio1
,,RatioK,31.1011297994597,"(0.25394, 0.08045)","W=0.7752, RGB=0.2248","R=0.5489, G=0.0000, B=0.5896",0,Compare to Exact,0.775173469272454,0.224826530727547,Ratio1
,,PureRGB,-30.7134424801693,"(0.28771, 0.19693)","W=0.0000, RGB=1.0000","R=1.3047, G=0.7732, B=0.8019",61.814572279629,Compare to Exact,0,1,Ratio1
139,"(0.2951, 0.2188, 4.0000)",Exact,41.5475064759292,"(0.25646, 0.08163)","W=0.8254, RGB=0.1746","R=0.4302, G=0.0000, B=0.4486",0,Compare to Exact,0.825448628558238,0.174551371441762,Ratio1
,,Projection1,35.4232720458306,"(0.26386, 0.10792)","W=0.7430, RGB=0.2570","R=0.5105, G=0.0822, B=0.4712",6.1242344300986,Compare to Exact,0.743038835861962,0.256961164138038,Ratio1
,,ProjectionK,34.0955800977712,"(0.26525, 0.11284)","W=0.7255, RGB=0.2745","R=0.5276, G=0.0997, B=0.4760",7.451926378158,Compare to Exact,0.7254716775251,0.274528322474899,Ratio1
,,Ratio1,41.5475064759292,"(0.25646, 0.08163)","W=0.8254, RGB=0.1746","R=0.4302, G=0.0000, B=0.4486",0,Compare to Exact,0.825448628558238,0.174551371441762,Ratio1
,,RatioK,41.5475064759292,"(0.25646, 0.08163)","W=0.8254, RGB=0.1746","R=0.4302, G=0.0000, B=0.4486",0,Compare to Exact,0.825448628558238,0.174551371441762,Ratio1
,,PureRGB,-23.8298605802514,"(0.29508, 0.21883)","W=0.0000, RGB=1.0000","R=1.2349, G=0.8233, B=0.6747",65.3773670561806,Compare to Exact,0,1,Ratio1
140,"(0.3033, 0.2431, 4.0000)",Exact,56.3201586303854,"(0.26054, 0.08355)","W=0.8706, RGB=0.1294","R=0.3234, G=0.0000, B=0.3219",0,Compare to Exact,0.870621086639873,0.129378913360127,Ratio1
,,Projection1,50.3349170651263,"(0.26935, 0.11644)","W=0.7931, RGB=0.2069","R=0.3990, G=0.0773, B=0.3432",5.9852415652591,Compare to Exact,0.793088517596463,0.206911482403537,Ratio1
,,ProjectionK,48.8795802693505,"(0.27113, 0.12310)","W=0.7745, RGB=0.2255","R=0.4171, G=0.0958, B=0.3482",7.4405783610349,Compare to Exact,0.774528580380703,0.225471419619297,Ratio1
,,Ratio1,56.3201586303854,"(0.26054, 0.08355)","W=0.8706, RGB=0.1294","R=0.3234, G=0.0000, B=0.3219",0,Compare to Exact,0.870621086639873,0.129378913360127,Ratio1
,,RatioK,56.3201586303854,"(0.26054, 0.08355)","W=0.8706, RGB=0.1294","R=0.3234, G=0.0000, B=0.3219",0,Compare to Exact,0.870621086639873,0.129378913360127,Ratio1
,,PureRGB,-14.584936729697,"(0.30325, 0.24313)","W=0.0000, RGB=1.0000","R=1.1723, G=0.8684, B=0.5604",70.9050953600824,Compare to Exact,0,1,Ratio1
141,"(0.3124, 0.2702, 4.0000)",Exact,71.2648827276372,"(0.26831, 0.08720)","W=0.9114, RGB=0.0886","R=0.2270, G=0.0000, B=0.2075",0,Compare to Exact,0.911430175709684,0.0885698242903158,Ratio1
,,Projection1,65.6010784250229,"(0.27882, 0.13085)","W=0.8393, RGB=0.1607","R=0.2974, G=0.0720, B=0.2272",5.6638043026143,Compare to Exact,0.839276172171849,0.160723827828151,Ratio1
,,ProjectionK,64.3592868129718,"(0.28062, 0.13835)","W=0.8237, RGB=0.1763","R=0.3126, G=0.0875, B=0.2315",6.9055959146654,Compare to Exact,0.823722844205786,0.176277155794214,Ratio1
,,Ratio1,71.2648827276372,"(0.26831, 0.08720)","W=0.9114, RGB=0.0886","R=0.2270, G=0.0000, B=0.2075",0,Compare to Exact,0.911430175709684,0.0885698242903158,Ratio1
,,RatioK,71.2388348414999,"(0.26837, 0.08744)","W=0.9111, RGB=0.0889","R=0.2274, G=0.0003, B=0.2076",0.0260478861373059,Compare to Exact,0.911092495707698,0.0889075042923015,Ratio1
,,PureRGB,-4.01394147130916,"(0.31237, 0.27024)","W=0.0000, RGB=1.0000","R=1.1156, G=0.9091, B=0.4572",75.2788241989464,Compare to Exact,0,1,Ratio1
142,"(0.3226, 0.3007, 4.0000)",Exact,85.1493466789026,"(0.28882, 0.09683)","W=0.9485, RGB=0.0515","R=0.1395, G=0.0000, B=0.1036",0,Compare to Exact,0.94847897888014,0.05152102111986,Ratio1
,,Projection1,80.3333820322496,"(0.29913, 0.15904)","W=0.8862, RGB=0.1138","R=0.2002, G=0.0621, B=0.1206",4.815964646653,Compare to Exact,0.886216484236836,0.113783515763164,Ratio1
,,ProjectionK,79.4616049072545,"(0.30043, 0.16684)","W=0.8752, RGB=0.1248","R=0.2109, G=0.0730, B=0.1236",5.68774177164811,Compare to Exact,0.875240921846669,0.124759078153331,Ratio1
,,Ratio1,85.1493459303609,"(0.28882, 0.09683)","W=0.9485, RGB=0.0515","R=0.1395, G=0.0000, B=0.1036",7.48541708617267e-07,Compare to Exact,0.94847897888014,0.0515210211198601,Ratio1
,,RatioK,84.878793506387,"(0.28961, 0.10158)","W=0.9449, RGB=0.0551","R=0.1430, G=0.0036, B=0.1046",0.270553172515605,Compare to Exact,0.94487818401994,0.0551218159800602,Ratio1
,,PureRGB,6.52483783247944,"(0.32261, 0.30068)","W=0.0000, RGB=1.0000","R=1.0642, G=0.9460, B=0.3634",78.6245088464232,Compare to Exact,0,1,Ratio1
143,"(0.3342, 0.3351, 4.0000)",Exact,96.2238036839538,"(0.49773, 0.19496)","W=0.9823, RGB=0.0177","R=0.0597, G=0.0000, B=0.0088",0,Compare to Exact,0.982264333973426,0.0177356660265737,ProjK
,,Projection1,94.6755510135318,"(0.40827, 0.27161)","W=0.9474, RGB=0.0526","R=0.0937, G=0.0348, B=0.0184",1.548252670422,Compare to Exact,0.947390812334026,0.0526091876659743,ProjK
,,ProjectionK,94.848857877,"(0.41158, 0.26877)","W=0.9500, RGB=0.0500","R=0.0911, G=0.0322, B=0.0177",1.3749458069538,Compare to Exact,0.95002997246186,0.0499700275381396,ProjK
,,Ratio1,93.3504471366977,"(0.39049, 0.28685)","W=0.9284, RGB=0.0716","R=0.1123, G=0.0538, B=0.0236",2.87335654725611,Compare to Exact,0.928365770489239,0.0716342295107611,ProjK
,,RatioK,91.6834783232216,"(0.37763, 0.29787)","W=0.9059, RGB=0.0941","R=0.1341, G=0.0761, B=0.0298",4.5403253607322,Compare to Exact,0.905917775257994,0.0940822247420061,ProjK
,,PureRGB,16.1963511092513,"(0.33419, 0.33509)","W=0.0000, RGB=1.0000","R=1.0174, G=0.9797, B=0.2779",80.0274525747025,Compare to Exact,0,1,ProjK
144,"(0.3474, 0.3743, 4.0000)",Exact,85.6963494381777,"(0.42240, 0.51678)","W=0.7288, RGB=0.2712","R=0.2639, G=0.2837, B=0.0000",0,Compare to Exact,0.728808061157766,0.271191938842234,Proj1
,,Projection1,84.535306734099,"(0.41539, 0.50347)","W=0.7143, RGB=0.2857","R=0.2780, G=0.2981, B=0.0040",1.16104270407871,Compare to Exact,0.714348252493159,0.285651747506841,Proj1
,,ProjectionK,80.2964545762728,"(0.39704, 0.46861)","W=0.6623, RGB=0.3377","R=0.3287, G=0.3499, B=0.0182",5.39989486190491,Compare to Exact,0.662348552551128,0.337651447448872,Proj1
,,Ratio1,82.8793250515986,"(0.40711, 0.48775)","W=0.6939, RGB=0.3061","R=0.2979, G=0.3184, B=0.0096",2.81702438657911,Compare to Exact,0.693920860393928,0.306079139606072,Proj1
,,RatioK,83.0613019573758,"(0.40794, 0.48932)","W=0.6962, RGB=0.3038","R=0.2957, G=0.3162, B=0.0089",2.6350474808019,Compare to Exact,0.696156831024885,0.303843168975115,Proj1
,,PureRGB,25.7710506513215,"(0.34738, 0.37432)","W=0.0000, RGB=1.0000","R=0.9744, G=1.0106, B=0.1997",59.9252987868562,Compare to Exact,0,1,Proj1
145,"(0.3626, 0.4195, 4.0000)",Exact,69.5823689928919,"(0.40810, 0.52807)","W=0.4662, RGB=0.5338","R=0.4805, G=0.5739, B=0.0000",0,Compare to Exact,0.466205337373572,0.533794662626428,RatioK
,,Projection1,67.7417762773171,"(0.40306, 0.51605)","W=0.4428, RGB=0.5572","R=0.5033, G=0.5972, B=0.0064",1.8405927155748,Compare to Exact,0.44282900034113,0.55717099965887,RatioK
,,ProjectionK,67.4685443054176,"(0.40237, 0.51440)","W=0.4394, RGB=0.5606","R=0.5066, G=0.6007, B=0.0074",2.11382468747431,Compare to Exact,0.439368394765408,0.560631605234592,RatioK
,,Ratio1,67.8933989766332,"(0.40345, 0.51698)","W=0.4448, RGB=0.5552","R=0.5014, G=0.5953, B=0.0059",1.68897001625871,Compare to Exact,0.444750371249395,0.555249628750605,RatioK
,,RatioK,68.5361007517373,"(0.40515, 0.52104)","W=0.4529, RGB=0.5471","R=0.4935, G=0.5872, B=0.0036",1.04626824115461,Compare to Exact,0.452902974182139,0.547097025817861,RatioK
,,PureRGB,32.2388152527472,"(0.36256, 0.41945)","W=0.0000, RGB=1.0000","R=0.9350, G=1.0389, B=0.1277",37.3435537401447,Compare to Exact,0,1,RatioK
146,"(0.3802, 0.4719, 4.0000)",Exact,53.4238545151774,"(0.40336, 0.53182)","W=0.2240, RGB=0.7760","R=0.6802, G=0.8416, B=0.0000",0,Compare to Exact,0.224034400232042,0.775965599767958,RatioK
,,Projection1,51.4718408365568,"(0.39970, 0.52235)","W=0.1984, RGB=0.8016","R=0.7052, G=0.8672, B=0.0070",1.9520136786206,Compare to Exact,0.198395326540175,0.801604673459824,RatioK
,,ProjectionK,50.9324436385099,"(0.39876, 0.51991)","W=0.1913, RGB=0.8087","R=0.7121, G=0.8742, B=0.0090",2.4914108766675,Compare to Exact,0.191329021132369,0.808670978867631,RatioK
,,Ratio1,52.6690686591534,"(0.40190, 0.52804)","W=0.2141, RGB=0.7859","R=0.6899, G=0.8515, B=0.0027",0.754785856024,Compare to Exact,0.214107561152762,0.785892438847238,RatioK
,,RatioK,52.9854174152298,"(0.40250, 0.52961)","W=0.2183, RGB=0.7817","R=0.6858, G=0.8474, B=0.0016",0.438437099947606,Compare to Exact,0.218266070459146,0.781733929540854,RatioK
,,PureRGB,36.1686919830441,"(0.38022, 0.47193)","W=0.0000, RGB=1.0000","R=0.8986, G=1.0651, B=0.0614",17.2551625321333,Compare to Exact,0,1,RatioK
147,"(0.4010, 0.5337, 4.0000)",Exact,23.6972827567659,"(0.40099, 0.53369)","W=0.0000, RGB=1.0000","R=0.8650, G=1.0893, B=0.0000",0,Compare to Exact,4.23752432650674e-16,1,RatioK
,,Projection1,NaN,"(NaN, NaN)","W=NaN, RGB=NaN","R=NaN, G=NaN, B=NaN",NaN,Compare to Exact,NaN,NaN,RatioK
,,ProjectionK,NaN,"(NaN, NaN)","W=NaN, RGB=NaN","R=NaN, G=NaN, B=NaN",NaN,Compare to Exact,NaN,NaN,RatioK
,,Ratio1,23.6972811281494,"(0.40099, 0.53369)","W=0.0000, RGB=1.0000","R=0.8650, G=1.0893, B=0.0000",1.62861650210289e-06,Compare to Exact,0,1,RatioK
,,RatioK,23.6972811301388,"(0.40099, 0.53369)","W=0.0000, RGB=1.0000","R=0.8650, G=1.0893, B=0.0000",1.62662709968231e-06,Compare to Exact,5.65003243534231e-16,0.999999999999999,RatioK
,,PureRGB,23.6972811281494,"(0.40099, 0.53369)","W=0.0000, RGB=1.0000","R=0.8650, G=1.0893, B=0.0000",1.62861650210289e-06,Compare to Exact,0,1,RatioK
148,"(0.2660, 0.0861, 4.0000)",Exact,-229.757515193378,"(0.26603, 0.08612)","W=0.0000, RGB=1.0000","R=2.5454, G=0.0000, B=2.3841",0,Compare to Exact,0,1,PureRGB
,,Projection1,NaN,"(NaN, NaN)","W=NaN, RGB=NaN","R=NaN, G=NaN, B=NaN",NaN,Compare to Exact,NaN,NaN,PureRGB
,,ProjectionK,NaN,"(NaN, NaN)","W=NaN, RGB=NaN","R=NaN, G=NaN, B=NaN",NaN,Compare to Exact,NaN,NaN,PureRGB
,,Ratio1,-229.757515193378,"(0.26603, 0.08612)","W=0.0000, RGB=1.0000","R=2.5454, G=0.0000, B=2.3841",0,Compare to Exact,0,1,PureRGB
,,RatioK,-229.757515193378,"(0.26603, 0.08612)","W=0.0000, RGB=1.0000","R=2.5454, G=0.0000, B=2.3841",0,Compare to Exact,0,1,PureRGB
,,PureRGB,-229.757515193378,"(0.26603, 0.08612)","W=0.0000, RGB=1.0000","R=2.5454, G=0.0000, B=2.3841",0,Compare to Exact,0,1,PureRGB
149,"(0.2705, 0.0978, 4.0000)",Exact,-165.459919713156,"(0.26792, 0.08701)","W=0.1481, RGB=0.8519","R=2.1814, G=0.0000, B=2.0016",0,Compare to Exact,0.148053014279615,0.851946985720385,Ratio1
,,Projection1,-176.109609867385,"(0.27016, 0.09624)","W=0.0220, RGB=0.9780","R=2.3043, G=0.1257, B=2.0361",10.649690154229,Compare to Exact,0.0219749877113293,0.978025012288671,Ratio1
,,ProjectionK,-174.826843978613,"(0.26990, 0.09519)","W=0.0368, RGB=0.9632","R=2.2898, G=0.1110, B=2.0321",9.36692426545699,Compare to Exact,0.0367964798512852,0.963203520148715,Ratio1
,,Ratio1,-165.657467930111,"(0.26797, 0.08720)","W=0.1456, RGB=0.8544","R=2.1837, G=0.0024, B=2.0023",0.197548216954999,Compare to Exact,0.145642378280132,0.854357621719868,Ratio1
,,RatioK,-165.740170655453,"(0.26799, 0.08727)","W=0.1446, RGB=0.8554","R=2.1847, G=0.0034, B=2.0025",0.280250942296988,Compare to Exact,0.144634115791932,0.855365884208069,Ratio1
,,PureRGB,-178.024831410262,"(0.27053, 0.09778)","W=0.0000, RGB=1.0000","R=2.3257, G=0.1477, B=2.0422",12.564911697106,Compare to Exact,0,1,Ratio1
150,"(0.2754, 0.1103, 4.0000)",Exact,-118.145200494727,"(0.27017, 0.08807)","W=0.2726, RGB=0.7274","R=1.8752, G=0.0000, B=1.6799",0,Compare to Exact,0.272582486888497,0.727417513111503,RatioK
,,Projection1,-127.765050965345,"(0.27249, 0.09798)","W=0.1575, RGB=0.8425","R=1.9874, G=0.1148, B=1.7115",9.61985047061799,Compare to Exact,0.157493647709291,0.842506352290709,RatioK
,,ProjectionK,-128.746001411611,"(0.27271, 0.09893)","W=0.1460, RGB=0.8540","R=1.9986, G=0.1263, B=1.7146",10.600800916884,Compare to Exact,0.145984604661346,0.854015395338653,RatioK
,,Ratio1,-118.480610369886,"(0.27025, 0.08844)","W=0.2685, RGB=0.7315","R=1.8792, G=0.0041, B=1.6810",0.335409875158987,Compare to Exact,0.268491527563621,0.731508472436379,RatioK
,,RatioK,-118.475815068912,"(0.27025, 0.08843)","W=0.2685, RGB=0.7315","R=1.8791, G=0.0040, B=1.6810",0.330614574184992,Compare to Exact,0.268549970030775,0.731450029969225,RatioK
,,PureRGB,-141.428763328784,"(0.27538, 0.11034)","W=0.0000, RGB=1.0000","R=2.1409, G=0.2719, B=1.7546",23.283562834057,Compare to Exact,0,1,RatioK
151,"(0.2806, 0.1239, 4.0000)",Exact,-81.5882126257048,"(0.27286, 0.08933)","W=0.3788, RGB=0.6212","R=1.6141, G=0.0000, B=1.4056",0,Compare to Exact,0.378782152051582,0.621217847948418,RatioK
,,Projection1,-90.2846855488471,"(0.27526, 0.10003)","W=0.2733, RGB=0.7267","R=1.7169, G=0.1052, B=1.4345",8.6964729231423,Compare to Exact,0.273288765300976,0.726711234699024,RatioK
,,ProjectionK,-91.6198920900945,"(0.27561, 0.10157)","W=0.2573, RGB=0.7427","R=1.7325, G=0.1211, B=1.4389",10.0316794643897,Compare to Exact,0.257347229348766,0.742652770651234,RatioK
,,Ratio1,-82.0165421272474,"(0.27299, 0.08989)","W=0.3735, RGB=0.6265","R=1.6192, G=0.0053, B=1.4070",0.428329501542606,Compare to Exact,0.373509890097149,0.626490109902851,RatioK
,,RatioK,-81.9346117627816,"(0.27296, 0.08979)","W=0.3745, RGB=0.6255","R=1.6183, G=0.0043, B=1.4068",0.346399137076801,Compare to Exact,0.374517679616386,0.625482320383614,RatioK
,,PureRGB,-113.753590654545,"(0.28063, 0.12392)","W=0.0000, RGB=1.0000","R=1.9834, G=0.3778, B=1.5094",32.1653780288402,Compare to Exact,0,1,RatioK
152,"(0.2863, 0.1386, 4.0000)",Exact,-52.547102500136,"(0.27616, 0.09088)","W=0.4704, RGB=0.5296","R=1.3888, G=0.0000, B=1.1689",0,Compare to Exact,0.470421598104052,0.529578401895948,RatioK
,,Projection1,-60.4762269981481,"(0.27863, 0.10249)","W=0.3735, RGB=0.6265","R=1.4833, G=0.0967, B=1.1954",7.9291244980121,Compare to Exact,0.373502144315768,0.626497855684232,RatioK
,,ProjectionK,-61.7215214202069,"(0.27899, 0.10420)","W=0.3585, RGB=0.6415","R=1.4979, G=0.1116, B=1.1995",9.1744189200709,Compare to Exact,0.358483907267711,0.641516092732289,RatioK
,,Ratio1,-53.040565255468,"(0.27632, 0.09165)","W=0.4643, RGB=0.5357","R=1.3947, G=0.0061, B=1.1706",0.493462755332004,Compare to Exact,0.464316841962945,0.535683158037055,RatioK
,,RatioK,-52.8877723941379,"(0.27627, 0.09141)","W=0.4662, RGB=0.5338","R=1.3929, G=0.0042, B=1.1700",0.340669894001898,Compare to Exact,0.466205937406556,0.533794062593444,RatioK
,,PureRGB,-92.3823131670418,"(0.28632, 0.13864)","W=0.0000, RGB=1.0000","R=1.8474, G=0.4692, B=1.2977",39.8352106669058,Compare to Exact,0,1,RatioK
153,"(0.2925, 0.1547, 4.0000)",Exact,-29.2337328382637,"(0.28028, 0.09282)","W=0.5503, RGB=0.4497","R=1.1924, G=0.0000, B=0.9625",0,Compare to Exact,0.550303086256003,0.449696913743997,RatioK
,,Projection1,-36.5488638599975,"(0.28278, 0.10549)","W=0.4613, RGB=0.5387","R=1.2792, G=0.0888, B=0.9869",7.31513102173381,Compare to Exact,0.461261761982553,0.538738238017447,RatioK
,,ProjectionK,-37.7306656204239,"(0.28316, 0.10739)","W=0.4471, RGB=0.5529","R=1.2931, G=0.1030, B=0.9908",8.4969327821602,Compare to Exact,0.447050200871109,0.552949799128891,RatioK
,,Ratio1,-29.7774504960363,"(0.28048, 0.09382)","W=0.5436, RGB=0.4564","R=1.1989, G=0.0067, B=0.9644",0.5437176577726,Compare to Exact,0.543614267738623,0.456385732261377,RatioK
,,RatioK,-29.2337328382637,"(0.28028, 0.09282)","W=0.5503, RGB=0.4497","R=1.1924, G=0.0000, B=0.9625",0,Compare to Exact,0.550303086256003,0.449696913743997,RatioK
,,PureRGB,-76.2415903370199,"(0.29250, 0.15466)","W=0.0000, RGB=1.0000","R=1.7289, G=0.5489, B=1.1133",47.0078574987562,Compare to Exact,0,1,RatioK
154,"(0.2993, 0.1721, 4.0000)",Exact,-11.7236743156068,"(0.28559, 0.09531)","W=0.6206, RGB=0.3794","R=1.0197, G=0.0000, B=0.7811",0,Compare to Exact,0.620553131173558,0.379446868826442,RatioK
,,Projection1,-18.5760182563744,"(0.28806, 0.10920)","W=0.5390, RGB=0.4610","R=1.0992, G=0.0813, B=0.8034",6.8523439407676,Compare to Exact,0.539027340122088,0.460972659877912,RatioK
,,ProjectionK,-19.7226212512764,"(0.28844, 0.11136)","W=0.5255, RGB=0.4745","R=1.1123, G=0.0948, B=0.8071",7.9989469356696,Compare to Exact,0.525502629843029,0.474497370156971,RatioK
,,Ratio1,-12.3154406905001,"(0.28581, 0.09659)","W=0.6135, RGB=0.3865","R=1.0266, G=0.0071, B=0.7830",0.5917663748933,Compare to Exact,0.613459957992757,0.386540042007243,RatioK
,,RatioK,-11.7236743156068,"(0.28559, 0.09531)","W=0.6206, RGB=0.3794","R=1.0197, G=0.0000, B=0.7811",0,Compare to Exact,0.620553131173558,0.379446868826442,RatioK
,,PureRGB,-65.5247543757788,"(0.29926, 0.17215)","W=0.0000, RGB=1.0000","R=1.6247, G=0.6189, B=0.9511",53.801080060172,Compare to Exact,0,1,RatioK
155,"(0.3067, 0.1913, 4.0000)",Exact,0.558820796554945,"(0.29267, 0.09864)","W=0.6828, RGB=0.3172","R=0.8666, G=0.0000, B=0.6202",0,Compare to Exact,0.682814609269593,0.317185390730407,RatioK
,,Projection1,-5.53765867733309,"(0.29498, 0.11392)","W=0.6089, RGB=0.3911","R=0.9387, G=0.0738, B=0.6405",6.09647947388804,Compare to Exact,0.608863281270177,0.391136718729823,RatioK
,,ProjectionK,-6.2815734100406,"(0.29524, 0.11564)","W=0.5999, RGB=0.4001","R=0.9474, G=0.0827, B=0.6430",6.84039420659555,Compare to Exact,0.599909363145646,0.400090636854354,RatioK
,,Ratio1,-0.044309469776735,"(0.29292, 0.10026)","W=0.6754, RGB=0.3246","R=0.8738, G=0.0073, B=0.6223",0.60313026633168,Compare to Exact,0.675448743764617,0.324551256235383,RatioK
,,RatioK,0.558820796554945,"(0.29267, 0.09864)","W=0.6828, RGB=0.3172","R=0.8666, G=0.0000, B=0.6202",0,Compare to Exact,0.682814609269593,0.317185390730407,RatioK
,,PureRGB,-57.7139999639704,"(0.30667, 0.19132)","W=0.0000, RGB=1.0000","R=1.5323, G=0.6810, B=0.8073",58.2728207605253,Compare to Exact,0,1,RatioK
156,"(0.3148, 0.2124, 4.0000)",Exact,14.2009391157733,"(0.30262, 0.10331)","W=0.7384, RGB=0.2616","R=0.7300, G=0.0000, B=0.4767",0,Compare to Exact,0.73837685539228,0.26162314460772,Ratio1
,,Projection1,8.67752072003508,"(0.30449, 0.12006)","W=0.6727, RGB=0.3273","R=0.7940, G=0.0655, B=0.4947",5.52341839573822,Compare to Exact,0.672736378066319,0.327263621933681,Ratio1
,,ProjectionK,7.85616660360835,"(0.30475, 0.12234)","W=0.6630, RGB=0.3370","R=0.8034, G=0.0751, B=0.4974",6.34477251216495,Compare to Exact,0.663033235069687,0.336966764930313,Ratio1
,,Ratio1,14.2009391157733,"(0.30262, 0.10331)","W=0.7384, RGB=0.2616","R=0.7300, G=0.0000, B=0.4767",0,Compare to Exact,0.73837685539228,0.26162314460772,Ratio1
,,RatioK,14.2009391157733,"(0.30262, 0.10331)","W=0.7384, RGB=0.2616","R=0.7300, G=0.0000, B=0.4767",0,Compare to Exact,0.73837685539228,0.26162314460772,Ratio1
,,PureRGB,-49.7117481548433,"(0.31483, 0.21244)","W=0.0000, RGB=1.0000","R=1.4499, G=0.7365, B=0.6790",63.9126872706166,Compare to Exact,0,1,Ratio1
157,"(0.3239, 0.2358, 4.0000)",Exact,32.9242680470151,"(0.31758, 0.11034)","W=0.7883, RGB=0.2117","R=0.6073, G=0.0000, B=0.3478",0,Compare to Exact,0.788265908879786,0.211734091120214,Ratio1
,,Projection1,28.1203742366177,"(0.31847, 0.12825)","W=0.7330, RGB=0.2670","R=0.6612, G=0.0551, B=0.3630",4.8038938103974,Compare to Exact,0.733040202038146,0.266959797961854,Ratio1
,,ProjectionK,27.1380294182622,"(0.31864, 0.13156)","W=0.7218, RGB=0.2782","R=0.6721, G=0.0663, B=0.3661",5.7862386287529,Compare to Exact,0.72178567784865,0.27821432215135,Ratio1
,,Ratio1,32.9242680470151,"(0.31758, 0.11034)","W=0.7883, RGB=0.2117","R=0.6073, G=0.0000, B=0.3478",0,Compare to Exact,0.788265908879786,0.211734091120214,Ratio1
,,RatioK,32.9242680470151,"(0.31758, 0.11034)","W=0.7883, RGB=0.2117","R=0.6073, G=0.0000, B=0.3478",0,Compare to Exact,0.788265908879786,0.211734091120214,Ratio1
,,PureRGB,-36.5936286885306,"(0.32386, 0.23580)","W=0.0000, RGB=1.0000","R=1.3758, G=0.7862, B=0.5638",69.5178967355457,Compare to Exact,0,1,Ratio1
158,"(0.3339, 0.2618, 4.0000)",Exact,51.3479789764089,"(0.34263, 0.12211)","W=0.8333, RGB=0.1667","R=0.4966, G=0.0000, B=0.2315",0,Compare to Exact,0.833308458584091,0.166691541415909,Ratio1
,,Projection1,47.9179068555567,"(0.34157, 0.13913)","W=0.7939, RGB=0.2061","R=0.5350, G=0.0393, B=0.2423",3.4300721208522,Compare to Exact,0.793944328057214,0.206055671942786,Ratio1
,,ProjectionK,46.7249381945286,"(0.34124, 0.14442)","W=0.7803, RGB=0.2197","R=0.5483, G=0.0529, B=0.2460",4.62304078188031,Compare to Exact,0.780290562486407,0.219709437513593,Ratio1
,,Ratio1,51.3479789764089,"(0.34263, 0.12211)","W=0.8333, RGB=0.1667","R=0.4966, G=0.0000, B=0.2315",0,Compare to Exact,0.833308458584091,0.166691541415909,Ratio1
,,RatioK,51.3479789764089,"(0.34263, 0.12211)","W=0.8333, RGB=0.1667","R=0.4966, G=0.0000, B=0.2315",0,Compare to Exact,0.833308458584091,0.166691541415909,Ratio1
,,PureRGB,-21.8523892107206,"(0.33390, 0.26180)","W=0.0000, RGB=1.0000","R=1.3090, G=0.8311, B=0.4598",73.2003681871295,Compare to Exact,0,1,Ratio1
159,"(0.3451, 0.2909, 4.0000)",Exact,67.1429834083865,"(0.39320, 0.14586)","W=0.8742, RGB=0.1258","R=0.3961, G=0.0000, B=0.1259",0,Compare to Exact,0.874178015223666,0.125821984776334,Ratio1
,,Projection1,66.2882030192191,"(0.39108, 0.15228)","W=0.8641, RGB=0.1359","R=0.4059, G=0.0100, B=0.1287",0.854780389167402,Compare to Exact,0.864136681212113,0.135863318787887,Ratio1
,,ProjectionK,65.2611086012426,"(0.38871, 0.15944)","W=0.8521, RGB=0.1479","R=0.4176, G=0.0220, B=0.1320",1.8818748071439,Compare to Exact,0.852096075954101,0.147903924045899,Ratio1
,,Ratio1,67.1429834083865,"(0.39320, 0.14586)","W=0.8742, RGB=0.1258","R=0.3961, G=0.0000, B=0.1259",0,Compare to Exact,0.874178015223666,0.125821984776334,Ratio1
,,RatioK,67.1429834083865,"(0.39320, 0.14586)","W=0.8742, RGB=0.1258","R=0.3961, G=0.0000, B=0.1259",0,Compare to Exact,0.874178015223666,0.125821984776334,Ratio1
,,PureRGB,-8.14526957962514,"(0.34515, 0.29091)","W=0.0000, RGB=1.0000","R=1.2484, G=0.8719, B=0.3654",75.2882529880116,Compare to Exact,0,1,Ratio1
160,"(0.3578, 0.3237, 4.0000)",Exact,79.413735087718,"(0.54873, 0.21892)","W=0.9114, RGB=0.0886","R=0.3045, G=0.0000, B=0.0297",0,Compare to Exact,0.911428818885322,0.0885711811146781,Ratio1
,,Projection1,71.1650042570424,"(0.45786, 0.26880)","W=0.8145, RGB=0.1855","R=0.3990, G=0.0967, B=0.0562",8.2487308306756,Compare to Exact,0.814524453739473,0.185475546260528,Ratio1
,,ProjectionK,70.4012860708894,"(0.45314, 0.27139)","W=0.8056, RGB=0.1944","R=0.4077, G=0.1055, B=0.0587",9.0124490168286,Compare to Exact,0.805614972750405,0.194385027249595,Ratio1
,,Ratio1,79.413735087718,"(0.54873, 0.21892)","W=0.9114, RGB=0.0886","R=0.3045, G=0.0000, B=0.0297",0,Compare to Exact,0.911428818885322,0.0885711811146781,Ratio1
,,RatioK,78.5309752726658,"(0.53319, 0.22745)","W=0.9010, RGB=0.0990","R=0.3147, G=0.0104, B=0.0326",0.882759815052196,Compare to Exact,0.90096783654966,0.0990321634503398,Ratio1
,,PureRGB,1.53812871765671,"(0.35782, 0.32371)","W=0.0000, RGB=1.0000","R=1.1931, G=0.9091, B=0.2794",77.8756063700613,Compare to Exact,0,1,Ratio1
161,"(0.3722, 0.3610, 4.0000)",Exact,71.9688671669343,"(0.52411, 0.43645)","W=0.7324, RGB=0.2676","R=0.4284, G=0.2125, B=0.0000",0,Compare to Exact,0.73244366829186,0.26755633170814,Proj1
,,Projection1,70.1434915457461,"(0.50603, 0.42746)","W=0.7112, RGB=0.2888","R=0.4492, G=0.2337, B=0.0058",1.8253756211882,Compare to Exact,0.711181406734637,0.288818593265363,Proj1
,,ProjectionK,68.776912415493,"(0.49454, 0.42176)","W=0.6953, RGB=0.3047","R=0.4647, G=0.2496, B=0.0102",3.1919547514413,Compare to Exact,0.695260812566185,0.304739187433815,Proj1
,,Ratio1,68.9447211516601,"(0.49587, 0.42242)","W=0.6972, RGB=0.3028","R=0.4628, G=0.2477, B=0.0097",3.0241460152742,Compare to Exact,0.6972159467842,0.3027840532158,Proj1
,,RatioK,69.9795828841777,"(0.50457, 0.42674)","W=0.7093, RGB=0.2907","R=0.4510, G=0.2356, B=0.0063",1.9892842827566,Compare to Exact,0.709272025424634,0.290727974575366,Proj1
,,PureRGB,9.84116922038526,"(0.37221, 0.36095)","W=0.0000, RGB=1.0000","R=1.1425, G=0.9431, B=0.2006",62.127697946549,Compare to Exact,0,1,Proj1
162,"(0.3887, 0.4036, 4.0000)",Exact,56.1577905387114,"(0.46366, 0.48420)","W=0.4684, RGB=0.5316","R=0.6394, G=0.5071, B=0.0000",0,Compare to Exact,0.46843638412302,0.53156361587698,Proj1
,,Projection1,55.8704898419678,"(0.46244, 0.48289)","W=0.4650, RGB=0.5350","R=0.6427, G=0.5105, B=0.0009",0.2873006967436,Compare to Exact,0.465030659351997,0.534969340648003,Proj1
,,ProjectionK,55.5233445886599,"(0.46099, 0.48134)","W=0.4609, RGB=0.5391","R=0.6467, G=0.5146, B=0.0021",0.6344459500515,Compare to Exact,0.46091501592276,0.53908498407724,Proj1
,,Ratio1,54.3314814424875,"(0.45626, 0.47625)","W=0.4468, RGB=0.5532","R=0.6605, G=0.5287, B=0.0059",1.8263090962239,Compare to Exact,0.446780348595195,0.553219651404805,Proj1
,,RatioK,55.1874571279514,"(0.45963, 0.47986)","W=0.4569, RGB=0.5431","R=0.6506, G=0.5186, B=0.0032",0.970333410760006,Compare to Exact,0.45693230607093,0.54306769392907,Proj1
,,PureRGB,17.0019498230641,"(0.38869, 0.40361)","W=0.0000, RGB=1.0000","R=1.0961, G=0.9743, B=0.1283",39.1558407156473,Compare to Exact,0,1,Proj1
163,"(0.4078, 0.4530, 4.0000)",Exact,40.8336700353214,"(0.44154, 0.50166)","W=0.2251, RGB=0.7749","R=0.8338, G=0.7786, B=0.0000",0,Compare to Exact,0.225064626826557,0.774935373173443,ProjK
,,Projection1,40.4460408119295,"(0.44053, 0.50021)","W=0.2203, RGB=0.7797","R=0.8384, G=0.7834, B=0.0013",0.387629223391897,Compare to Exact,0.220309956616515,0.779690043383485,ProjK
,,ProjectionK,40.473025118077,"(0.44060, 0.50031)","W=0.2206, RGB=0.7794","R=0.8381, G=0.7830, B=0.0012",0.3606449172444,Compare to Exact,0.220640954384782,0.779359045615218,ProjK
,,Ratio1,40.0170544164508,"(0.43943, 0.49863)","W=0.2150, RGB=0.7850","R=0.8436, G=0.7886, B=0.0027",0.8166156188706,Compare to Exact,0.215048321201915,0.784951678798085,ProjK
,,RatioK,40.4074668405339,"(0.44043, 0.50006)","W=0.2198, RGB=0.7802","R=0.8389, G=0.7838, B=0.0014",0.426203194787497,Compare to Exact,0.219836822926093,0.780163177073907,ProjK
,,PureRGB,22.4875995928771,"(0.40776, 0.45297)","W=0.0000, RGB=1.0000","R=1.0532, G=1.0031, B=0.0617",18.3460704424443,Compare to Exact,0,1,ProjK
164,"(0.4301, 0.5107, 4.0000)",Exact,15.9954451374191,"(0.43007, 0.51072)","W=0.0000, RGB=1.0000","R=1.0136, G=1.0297, B=0.0000",0,Compare to Exact,1.03322132467969e-15,0.999999999999999,RatioK
,,Projection1,NaN,"(NaN, NaN)","W=NaN, RGB=NaN","R=NaN, G=NaN, B=NaN",NaN,Compare to Exact,NaN,NaN,RatioK
,,ProjectionK,NaN,"(NaN, NaN)","W=NaN, RGB=NaN","R=NaN, G=NaN, B=NaN",NaN,Compare to Exact,NaN,NaN,RatioK
,,Ratio1,15.9954432402456,"(0.43007, 0.51072)","W=0.0000, RGB=1.0000","R=1.0136, G=1.0297, B=0.0000",1.8971735009643e-06,Compare to Exact,1.47603046382813e-16,1,RatioK
,,RatioK,15.9954451374191,"(0.43007, 0.51072)","W=0.0000, RGB=1.0000","R=1.0136, G=1.0297, B=0.0000",0,Compare to Exact,1.03322132467969e-15,0.999999999999999,RatioK
,,PureRGB,15.9954451364939,"(0.43007, 0.51072)","W=0.0000, RGB=1.0000","R=1.0136, G=1.0297, B=0.0000",9.25199472590066e-10,Compare to Exact,0,1,RatioK
165,"(0.2853, 0.0952, 4.0000)",Exact,-227.008743239667,"(0.28528, 0.09517)","W=0.0000, RGB=1.0000","R=2.6852, G=0.0000, B=2.0631",0,Compare to Exact,7.9212932872804e-16,0.999999999999999,RatioK
,,Projection1,NaN,"(NaN, NaN)","W=NaN, RGB=NaN","R=NaN, G=NaN, B=NaN",NaN,Compare to Exact,NaN,NaN,RatioK
,,ProjectionK,NaN,"(NaN, NaN)","W=NaN, RGB=NaN","R=NaN, G=NaN, B=NaN",NaN,Compare to Exact,NaN,NaN,RatioK
,,Ratio1,-227.008743239668,"(0.28528, 0.09517)","W=0.0000, RGB=1.0000","R=2.6852, G=0.0000, B=2.0631",9.9475983006414e-13,Compare to Exact,0,1,RatioK
,,RatioK,-227.008743239667,"(0.28528, 0.09517)","W=0.0000, RGB=1.0000","R=2.6852, G=0.0000, B=2.0631",0,Compare to Exact,7.9212932872804e-16,0.999999999999999,RatioK
,,PureRGB,-227.008743239668,"(0.28528, 0.09517)","W=0.0000, RGB=1.0000","R=2.6852, G=0.0000, B=2.0631",9.9475983006414e-13,Compare to Exact,0,1,RatioK
166,"(0.2906, 0.1074, 4.0000)",Exact,-165.531540048591,"(0.28886, 0.09685)","W=0.1376, RGB=0.8624","R=2.3358, G=0.0000, B=1.7335",0,Compare to Exact,0.137577271797708,0.862422728202292,Ratio1
,,Projection1,-175.893350325297,"(0.29023, 0.10510)","W=0.0312, RGB=0.9688","R=2.4395, G=0.1061, B=1.7626",10.361810276706,Compare to Exact,0.0311787779963587,0.968821222003642,Ratio1
,,ProjectionK,-173.529831038609,"(0.28993, 0.10330)","W=0.0550, RGB=0.9450","R=2.4162, G=0.0823, B=1.7561",7.99829099001798,Compare to Exact,0.0550205596958025,0.944979440304198,Ratio1
,,Ratio1,-165.729543175601,"(0.28889, 0.09702)","W=0.1355, RGB=0.8645","R=2.3378, G=0.0021, B=1.7340",0.198003127009997,Compare to Exact,0.135493303318361,0.864506696681639,Ratio1
,,RatioK,-165.82064166099,"(0.28890, 0.09709)","W=0.1345, RGB=0.8655","R=2.3387, G=0.0030, B=1.7343",0.28910161239898,Compare to Exact,0.134535261923845,0.865464738076155,Ratio1
,,PureRGB,-179.016123442365,"(0.29061, 0.10741)","W=0.0000, RGB=1.0000","R=2.4699, G=0.1372, B=1.7712",13.484583393774,Compare to Exact,0,1,Ratio1
167,"(0.2964, 0.1206, 4.0000)",Exact,-120.836609114508,"(0.29311, 0.09885)","W=0.2547, RGB=0.7453","R=2.0382, G=0.0000, B=1.4528",0,Compare to Exact,0.254727303345175,0.745272696654825,RatioK
,,Projection1,-130.043459145933,"(0.29441, 0.10756)","W=0.1585, RGB=0.8415","R=2.1320, G=0.0959, B=1.4791",9.20685003142502,Compare to Exact,0.158528373273144,0.841471626726856,RatioK
,,ProjectionK,-129.492628923375,"(0.29434, 0.10707)","W=0.1642, RGB=0.8358","R=2.1264, G=0.0903, B=1.4776",8.65601980886701,Compare to Exact,0.164210592637078,0.835789407362922,RatioK
,,Ratio1,-121.173986203538,"(0.29316, 0.09918)","W=0.2512, RGB=0.7488","R=2.0417, G=0.0036, B=1.4537",0.337377089030014,Compare to Exact,0.251151221751084,0.748848778248916,RatioK
,,RatioK,-121.168679708642,"(0.29316, 0.09918)","W=0.2512, RGB=0.7488","R=2.0416, G=0.0035, B=1.4537",0.332070594134009,Compare to Exact,0.25120743526827,0.74879256473173,RatioK
,,PureRGB,-145.696255749097,"(0.29636, 0.12063)","W=0.0000, RGB=1.0000","R=2.2865, G=0.2541, B=1.5225",24.859646634589,Compare to Exact,0,1,RatioK
168,"(0.3026, 0.1349, 4.0000)",Exact,-86.70284345108,"(0.29824, 0.10126)","W=0.3557, RGB=0.6443","R=1.7817, G=0.0000, B=1.2109",0,Compare to Exact,0.355685187943606,0.644314812056394,RatioK
,,Projection1,-94.8428721302304,"(0.29943, 0.11046)","W=0.2689, RGB=0.7311","R=1.8664, G=0.0866, B=1.2347",8.1400286791504,Compare to Exact,0.268859868082752,0.731140131917248,RatioK
,,ProjectionK,-95.6779384603084,"(0.29955, 0.11136)","W=0.2600, RGB=0.7400","R=1.8750, G=0.0954, B=1.2371",8.9750950092284,Compare to Exact,0.260046233650701,0.739953766349299,RatioK
,,Ratio1,-87.1347539836832,"(0.29831, 0.10177)","W=0.3510, RGB=0.6490","R=1.7863, G=0.0046, B=1.2121",0.431910532603197,Compare to Exact,0.351032346171936,0.648967653828064,RatioK
,,RatioK,-87.0496696647711,"(0.29829, 0.10167)","W=0.3519, RGB=0.6481","R=1.7854, G=0.0037, B=1.2119",0.346826213691102,Compare to Exact,0.351948488431826,0.648051511568174,RatioK
,,PureRGB,-120.864794366331,"(0.30259, 0.13494)","W=0.0000, RGB=1.0000","R=2.1285, G=0.3548, B=1.3083",34.161950915251,Compare to Exact,0,1,RatioK
169,"(0.3094, 0.1505, 4.0000)",Exact,-60.0869221943951,"(0.30455, 0.10422)","W=0.4436, RGB=0.5564","R=1.5584, G=0.0000, B=1.0002",0,Compare to Exact,0.443590970819636,0.556409029180364,RatioK
,,Projection1,-67.28036825949,"(0.30555, 0.11391)","W=0.3657, RGB=0.6343","R=1.6344, G=0.0777, B=1.0216",7.1934460650949,Compare to Exact,0.365713443067959,0.634286556932041,RatioK
,,ProjectionK,-68.0921406037788,"(0.30566, 0.11494)","W=0.3570, RGB=0.6430","R=1.6429, G=0.0864, B=1.0240",8.0052184093837,Compare to Exact,0.356995998448955,0.643004001551045,RatioK
,,Ratio1,-60.5850270738218,"(0.30462, 0.10492)","W=0.4382, RGB=0.5618","R=1.5637, G=0.0054, B=1.0017",0.498104879426698,Compare to Exact,0.438158707975493,0.561841292024507,RatioK
,,RatioK,-60.0869221943951,"(0.30455, 0.10422)","W=0.4436, RGB=0.5564","R=1.5584, G=0.0000, B=1.0002",0,Compare to Exact,0.443590970819636,0.556409029180364,RatioK
,,PureRGB,-102.13532995975,"(0.30936, 0.15048)","W=0.0000, RGB=1.0000","R=1.9909, G=0.4424, B=1.1218",42.0484077653549,Compare to Exact,0,1,RatioK
170,"(0.3167, 0.1674, 4.0000)",Exact,-40.3805253477156,"(0.31249, 0.10795)","W=0.5208, RGB=0.4792","R=1.3623, G=0.0000, B=0.8152",0,Compare to Exact,0.520822086684462,0.479177913315538,RatioK
,,Projection1,-46.7283241461995,"(0.31321, 0.11807)","W=0.4519, RGB=0.5481","R=1.4294, G=0.0687, B=0.8341",6.3477987984839,Compare to Exact,0.451911817253007,0.548088182746993,RatioK
,,ProjectionK,-47.5394576365362,"(0.31330, 0.11930)","W=0.4432, RGB=0.5568","R=1.4380, G=0.0775, B=0.8365",7.1589322888206,Compare to Exact,0.443158466922589,0.556841533077411,RatioK
,,Ratio1,-40.9299389059674,"(0.31255, 0.10886)","W=0.5148, RGB=0.4852","R=1.3681, G=0.0060, B=0.8168",0.5494135582518,Compare to Exact,0.514826838177883,0.485173161822117,RatioK
,,RatioK,-40.3805253477156,"(0.31249, 0.10795)","W=0.5208, RGB=0.4792","R=1.3623, G=0.0000, B=0.8152",0,Compare to Exact,0.520822086684462,0.479177913315538,RatioK
,,PureRGB,-89.5207066486183,"(0.31674, 0.16742)","W=0.0000, RGB=1.0000","R=1.8700, G=0.5195, B=0.9579",49.1401813009027,Compare to Exact,0,1,RatioK
171,"(0.3248, 0.1860, 4.0000)",Exact,-27.3446431407563,"(0.32279, 0.11279)","W=0.5892, RGB=0.4108","R=1.1885, G=0.0000, B=0.6513",0,Compare to Exact,0.589211622851473,0.410788377148527,RatioK
,,Projection1,-32.6667415894295,"(0.32308, 0.12317)","W=0.5299, RGB=0.4701","R=1.2464, G=0.0592, B=0.6676",5.3220984486732,Compare to Exact,0.52987802102865,0.47012197897135,RatioK
,,ProjectionK,-33.4708784043779,"(0.32312, 0.12465)","W=0.5210, RGB=0.4790","R=1.2551, G=0.0681, B=0.6700",6.1262352636216,Compare to Exact,0.520960295018885,0.479039704981115,RatioK
,,Ratio1,-27.916076805859,"(0.32283, 0.11396)","W=0.5828, RGB=0.4172","R=1.1948, G=0.0064, B=0.6531",0.571433665102699,Compare to Exact,0.582813154557363,0.417186845442637,RatioK
,,RatioK,-27.3446431407563,"(0.32279, 0.11279)","W=0.5892, RGB=0.4108","R=1.1885, G=0.0000, B=0.6513",0,Compare to Exact,0.589211622851473,0.410788377148527,RatioK
,,PureRGB,-81.6409932369738,"(0.32481, 0.18596)","W=0.0000, RGB=1.0000","R=1.7630, G=0.5877, B=0.8127",54.2963500962175,Compare to Exact,0,1,RatioK
172,"(0.3337, 0.2063, 4.0000)",Exact,7.13574225209799,"(0.33671, 0.11933)","W=0.6502, RGB=0.3498","R=1.0336, G=0.0000, B=0.5052",0,Compare to Exact,0.650195679265972,0.349804320734028,Ratio1
,,Projection1,2.87559643526028,"(0.33636, 0.12951)","W=0.6020, RGB=0.3980","R=1.0807, G=0.0481, B=0.5184",4.26014581683771,Compare to Exact,0.601955197351645,0.398044802648355,Ratio1
,,ProjectionK,2.06816776077251,"(0.33630, 0.13132)","W=0.5928, RGB=0.4072","R=1.0896, G=0.0572, B=0.5209",5.06757449132548,Compare to Exact,0.592845154734422,0.407154845265578,Ratio1
,,Ratio1,7.13574225209799,"(0.33671, 0.11933)","W=0.6502, RGB=0.3498","R=1.0336, G=0.0000, B=0.5052",0,Compare to Exact,0.650195679265972,0.349804320734028,Ratio1
,,RatioK,7.13574225209799,"(0.33671, 0.11933)","W=0.6502, RGB=0.3498","R=1.0336, G=0.0000, B=0.5052",0,Compare to Exact,0.650195679265972,0.349804320734028,Ratio1
,,PureRGB,-51.6225764615401,"(0.33368, 0.20633)","W=0.0000, RGB=1.0000","R=1.6675, G=0.6485, B=0.6833",58.7583187136381,Compare to Exact,0,1,Ratio1
173,"(0.3435, 0.2288, 4.0000)",Exact,26.7124900250251,"(0.35654, 0.12864)","W=0.7049, RGB=0.2951","R=0.8946, G=0.0000, B=0.3741",0,Compare to Exact,0.704915317079889,0.295084682920111,Ratio1
,,Projection1,23.8122022817722,"(0.35539, 0.13749)","W=0.6708, RGB=0.3292","R=0.9279, G=0.0340, B=0.3834",2.9002877432529,Compare to Exact,0.670797863296841,0.329202136703159,Ratio1
,,ProjectionK,23.0585312172347,"(0.35511, 0.13966)","W=0.6620, RGB=0.3380","R=0.9365, G=0.0428, B=0.3858",3.6539588077904,Compare to Exact,0.661964621738991,0.338035378261009,Ratio1
,,Ratio1,26.7124900250251,"(0.35654, 0.12864)","W=0.7049, RGB=0.2951","R=0.8946, G=0.0000, B=0.3741",0,Compare to Exact,0.704915317079889,0.295084682920111,Ratio1
,,RatioK,26.7124900250251,"(0.35654, 0.12864)","W=0.7049, RGB=0.2951","R=0.8946, G=0.0000, B=0.3741",0,Compare to Exact,0.704915317079889,0.295084682920111,Ratio1
,,PureRGB,-35.1663504268216,"(0.34348, 0.22882)","W=0.0000, RGB=1.0000","R=1.5819, G=0.7031, B=0.5672",61.8788404518467,Compare to Exact,0,1,Ratio1
174,"(0.3544, 0.2538, 4.0000)",Exact,41.5201684715414,"(0.38707, 0.14298)","W=0.7543, RGB=0.2457","R=0.7692, G=0.0000, B=0.2558",0,Compare to Exact,0.754288624861684,0.245711375138316,Ratio1
,,Projection1,40.2821441002425,"(0.38564, 0.14781)","W=0.7396, RGB=0.2604","R=0.7836, G=0.0147, B=0.2598",1.23802437129891,Compare to Exact,0.739576400922,0.260423599078,Ratio1
,,ProjectionK,39.5281047028077,"(0.38481, 0.15063)","W=0.7306, RGB=0.2694","R=0.7923, G=0.0236, B=0.2623",1.9920637687337,Compare to Exact,0.730639070298002,0.269360929701998,Ratio1
,,Ratio1,41.5201684715414,"(0.38707, 0.14298)","W=0.7543, RGB=0.2457","R=0.7692, G=0.0000, B=0.2558",0,Compare to Exact,0.754288624861684,0.245711375138316,Ratio1
,,RatioK,41.5201684715414,"(0.38707, 0.14298)","W=0.7543, RGB=0.2457","R=0.7692, G=0.0000, B=0.2558",0,Compare to Exact,0.754288624861684,0.245711375138316,Ratio1
,,PureRGB,-24.5713380104004,"(0.35435, 0.25379)","W=0.0000, RGB=1.0000","R=1.5046, G=0.7523, B=0.4624",66.0915064819418,Compare to Exact,0,1,Ratio1
175,"(0.3665, 0.2817, 4.0000)",Exact,54.1413371994125,"(0.44012, 0.16790)","W=0.7991, RGB=0.2009","R=0.6555, G=0.0000, B=0.1485",0,Compare to Exact,0.799062645186459,0.200937354813541,Ratio1
,,Projection1,52.6817030434783,"(0.43562, 0.17485)","W=0.7819, RGB=0.2181","R=0.6722, G=0.0171, B=0.1532",1.4596341559342,Compare to Exact,0.78191584855561,0.21808415144439,Ratio1
,,ProjectionK,52.4147957634565,"(0.43484, 0.17605)","W=0.7788, RGB=0.2212","R=0.6753, G=0.0202, B=0.1541",1.72654143595599,Compare to Exact,0.778790219466469,0.221209780533531,Ratio1
,,Ratio1,54.1413371994126,"(0.44012, 0.16790)","W=0.7991, RGB=0.2009","R=0.6555, G=0.0000, B=0.1485",-9.9475983006414e-14,Compare to Exact,0.799062645186459,0.200937354813541,Ratio1
,,RatioK,54.1413371994126,"(0.44012, 0.16790)","W=0.7991, RGB=0.2009","R=0.6555, G=0.0000, B=0.1485",-9.9475983006414e-14,Compare to Exact,0.799062645186459,0.200937354813541,Ratio1
,,PureRGB,-15.8948746207138,"(0.36649, 0.28166)","W=0.0000, RGB=1.0000","R=1.4345, G=0.7970, B=0.3674",70.0362118201263,Compare to Exact,0,1,Ratio1
176,"(0.3801, 0.3130, 4.0000)",Exact,65.0601525610954,"(0.55523, 0.22197)","W=0.8399, RGB=0.1601","R=0.5519, G=0.0000, B=0.0508",0,Compare to Exact,0.839851435636395,0.160148564363605,Ratio1
,,Projection1,56.2648998246995,"(0.48943, 0.25616)","W=0.7394, RGB=0.2606","R=0.6499, G=0.1002, B=0.0783",8.79525273639591,Compare to Exact,0.739363107570639,0.260636892429361,Ratio1
,,ProjectionK,57.2570792835377,"(0.49485, 0.25334)","W=0.7507, RGB=0.2493","R=0.6388, G=0.0890, B=0.0752",7.80307327755771,Compare to Exact,0.750657066165562,0.249342933834438,Ratio1
,,Ratio1,65.0601525610954,"(0.55523, 0.22197)","W=0.8399, RGB=0.1601","R=0.5519, G=0.0000, B=0.0508",0,Compare to Exact,0.839851435636395,0.160148564363605,Ratio1
,,RatioK,64.4001579177748,"(0.54844, 0.22550)","W=0.8323, RGB=0.1677","R=0.5593, G=0.0076, B=0.0528",0.659994643320601,Compare to Exact,0.832265759612476,0.167734240387524,Ratio1
,,PureRGB,-8.22842994341328,"(0.38012, 0.31296)","W=0.0000, RGB=1.0000","R=1.3707, G=0.8377, B=0.2808",73.2885825045087,Compare to Exact,0,1,Ratio1
177,"(0.3955, 0.3484, 4.0000)",Exact,62.3778509677935,"(0.60089, 0.37582)","W=0.7361, RGB=0.2639","R=0.5946, G=0.1407, B=0.0000",0,Compare to Exact,0.736115729207836,0.263884270792164,RatioK
,,Projection1,59.2795409105798,"(0.56576, 0.37112)","W=0.7007, RGB=0.2993","R=0.6291, G=0.1760, B=0.0097",3.0983100572137,Compare to Exact,0.700747429260593,0.299252570739407,RatioK
,,ProjectionK,58.4990467110609,"(0.55830, 0.37013)","W=0.6918, RGB=0.3082","R=0.6378, G=0.1848, B=0.0121",3.8788042567326,Compare to Exact,0.691832859004832,0.308167140995168,RatioK
,,Ratio1,59.2615945908351,"(0.56559, 0.37110)","W=0.7005, RGB=0.2995","R=0.6293, G=0.1762, B=0.0097",3.1162563769584,Compare to Exact,0.700542475946312,0.299457524053688,RatioK
,,RatioK,61.1196289979748,"(0.58544, 0.37375)","W=0.7218, RGB=0.2782","R=0.6086, G=0.1550, B=0.0039",1.2582219698187,Compare to Exact,0.721756207971685,0.278243792028315,RatioK
,,PureRGB,-1.24069716200247,"(0.39554, 0.34838)","W=0.0000, RGB=1.0000","R=1.3123, G=0.8749, B=0.2017",63.618548129796,Compare to Exact,0,1,RatioK
178,"(0.4131, 0.3888, 4.0000)",Exact,45.266261449061,"(0.51147, 0.44643)","W=0.4707, RGB=0.5293","R=0.7998, G=0.4396, B=0.0000",0,Compare to Exact,0.47068888710269,0.52931111289731,RatioK
,,Projection1,43.7761288487927,"(0.50395, 0.44202)","W=0.4534, RGB=0.5466","R=0.8166, G=0.4569, B=0.0047",1.4901326002683,Compare to Exact,0.453374603352838,0.546625396647162,RatioK
,,ProjectionK,43.2524287506184,"(0.50145, 0.44056)","W=0.4473, RGB=0.5527","R=0.8226, G=0.4629, B=0.0064",2.0138326984426,Compare to Exact,0.447286268063681,0.552713731936319,RatioK
,,Ratio1,43.3851108139483,"(0.50208, 0.44092)","W=0.4488, RGB=0.5512","R=0.8211, G=0.4614, B=0.0060",1.8811506351127,Compare to Exact,0.448828941790101,0.551171058209899,RatioK
,,RatioK,44.3334481613532,"(0.50669, 0.44363)","W=0.4599, RGB=0.5401","R=0.8103, G=0.4504, B=0.0030",0.932813287707795,Compare to Exact,0.459851888857687,0.540148111142313,RatioK
,,PureRGB,5.18268767771762,"(0.41314, 0.38879)","W=0.0000, RGB=1.0000","R=1.2587, G=0.9091, B=0.1289",40.0835737713434,Compare to Exact,0,1,RatioK
179,"(0.4334, 0.4353, 4.0000)",Exact,29.7125821387991,"(0.47601, 0.47444)","W=0.2261, RGB=0.7739","R=0.9888, G=0.7150, B=0.0000",0,Compare to Exact,0.226104372227994,0.773895627772006,RatioK
,,Projection1,29.1384986654944,"(0.47422, 0.47280)","W=0.2193, RGB=0.7807","R=0.9955, G=0.7218, B=0.0019",0.5740834733047,Compare to Exact,0.219275285396029,0.780724714603971,RatioK
,,ProjectionK,28.9503442167404,"(0.47364, 0.47227)","W=0.2170, RGB=0.7830","R=0.9976, G=0.7241, B=0.0025",0.762237922058699,Compare to Exact,0.217036710566501,0.782963289433499,RatioK
,,Ratio1,28.862992930464,"(0.47337, 0.47202)","W=0.2160, RGB=0.7840","R=0.9987, G=0.7251, B=0.0028",0.8495892083351,Compare to Exact,0.215997384884331,0.784002615115669,RatioK
,,RatioK,29.3004788828706,"(0.47472, 0.47326)","W=0.2212, RGB=0.7788","R=0.9936, G=0.7199, B=0.0013",0.4121032559285,Compare to Exact,0.221202309296963,0.778797690703037,RatioK
,,PureRGB,10.7832029654501,"(0.43340, 0.43532)","W=0.0000, RGB=1.0000","R=1.2092, G=0.9405, B=0.0619",18.929379173349,Compare to Exact,0,1,RatioK
180,"(0.4570, 0.4895, 4.0000)",Exact,8.78012684020009,"(0.45698, 0.48947)","W=0.0000, RGB=1.0000","R=1.1636, G=0.9697, B=0.0000",0,Compare to Exact,1.54011756245362e-16,1,Ratio1
,,Projection1,NaN,"(NaN, NaN)","W=NaN, RGB=NaN","R=NaN, G=NaN, B=NaN",NaN,Compare to Exact,NaN,NaN,Ratio1
,,ProjectionK,NaN,"(NaN, NaN)","W=NaN, RGB=NaN","R=NaN, G=NaN, B=NaN",NaN,Compare to Exact,NaN,NaN,Ratio1
,,Ratio1,8.78012683938989,"(0.45698, 0.48947)","W=0.0000, RGB=1.0000","R=1.1636, G=0.9697, B=0.0000",8.10199907164133e-10,Compare to Exact,4.62035268736087e-16,1,Ratio1
,,RatioK,8.78012683938989,"(0.45698, 0.48947)","W=0.0000, RGB=1.0000","R=1.1636, G=0.9697, B=0.0000",8.10199907164133e-10,Compare to Exact,4.62035268736087e-16,1,Ratio1
,,PureRGB,8.78012683938987,"(0.45698, 0.48947)","W=0.0000, RGB=1.0000","R=1.1636, G=0.9697, B=0.0000",8.10219447089366e-10,Compare to Exact,0,1,Ratio1
181,"(0.3053, 0.1046, 4.0000)",Exact,-219.825856882855,"(0.30531, 0.10458)","W=0.0000, RGB=1.0000","R=2.8051, G=0.0000, B=1.7880",0,Compare to Exact,0,1,PureRGB
,,Projection1,NaN,"(NaN, NaN)","W=NaN, RGB=NaN","R=NaN, G=NaN, B=NaN",NaN,Compare to Exact,NaN,NaN,PureRGB
,,ProjectionK,NaN,"(NaN, NaN)","W=NaN, RGB=NaN","R=NaN, G=NaN, B=NaN",NaN,Compare to Exact,NaN,NaN,PureRGB
,,Ratio1,-219.825856882856,"(0.30531, 0.10458)","W=-0.0000, RGB=1.0000","R=2.8051, G=0.0000, B=1.7880",9.9475983006414e-13,Compare to Exact,-7.2084008962086e-16,1,PureRGB
,,RatioK,-219.825856882856,"(0.30531, 0.10458)","W=-0.0000, RGB=1.0000","R=2.8051, G=0.0000, B=1.7880",9.9475983006414e-13,Compare to Exact,-7.2084008962086e-16,1,PureRGB
,,PureRGB,-219.825856882855,"(0.30531, 0.10458)","W=0.0000, RGB=1.0000","R=2.8051, G=0.0000, B=1.7880",0,Compare to Exact,0,1,PureRGB
182,"(0.3115, 0.1174, 4.0000)",Exact,-161.722055804931,"(0.31073, 0.10712)","W=0.1285, RGB=0.8715","R=2.4697, G=0.0000, B=1.5008",0,Compare to Exact,0.128486024883534,0.871513975116466,Ratio1
,,Projection1,-171.217340991746,"(0.31128, 0.11416)","W=0.0422, RGB=0.9578","R=2.5539, G=0.0861, B=1.5244",9.49528518681501,Compare to Exact,0.0421972857542259,0.957802714245774,Ratio1
,,ProjectionK,-169.037888192708,"(0.31116, 0.11260)","W=0.0617, RGB=0.9383","R=2.5348, G=0.0666, B=1.5191",7.31583238777702,Compare to Exact,0.0617135777340479,0.938286422265952,Ratio1
,,Ratio1,-161.918261311288,"(0.31074, 0.10727)","W=0.1267, RGB=0.8733","R=2.4715, G=0.0018, B=1.5013",0.196205506357018,Compare to Exact,0.126666556641438,0.873333443358562,Ratio1
,,RatioK,-162.018266038298,"(0.31074, 0.10735)","W=0.1257, RGB=0.8743","R=2.4724, G=0.0027, B=1.5015",0.29621023336702,Compare to Exact,0.125739852427398,0.874260147572603,Ratio1
,,PureRGB,-175.985521654059,"(0.31154, 0.11745)","W=0.0000, RGB=1.0000","R=2.5950, G=0.1282, B=1.5360",14.263465849128,Compare to Exact,0,1,Ratio1
183,"(0.3183, 0.1314, 4.0000)",Exact,-120.249455001409,"(0.31717, 0.11015)","W=0.2391, RGB=0.7609","R=2.1811, G=0.0000, B=1.2535",0,Compare to Exact,0.239067479507718,0.760932520492282,Ratio1
,,Projection1,-128.447542741633,"(0.31755, 0.11736)","W=0.1629, RGB=0.8371","R=2.2554, G=0.0760, B=1.2744",8.19808774022398,Compare to Exact,0.162883502595024,0.837116497404976,Ratio1
,,ProjectionK,-129.276561843761,"(0.31758, 0.11806)","W=0.1553, RGB=0.8447","R=2.2628, G=0.0836, B=1.2765",9.02710684235198,Compare to Exact,0.155265406197236,0.844734593802764,Ratio1
,,Ratio1,-120.585105482797,"(0.31719, 0.11046)","W=0.2359, RGB=0.7641","R=2.1842, G=0.0031, B=1.2544",0.335650481388001,Compare to Exact,0.235914853782842,0.764085146217158,Ratio1
,,RatioK,-120.589399357398,"(0.31719, 0.11046)","W=0.2359, RGB=0.7641","R=2.1842, G=0.0032, B=1.2544",0.33994435598899,Compare to Exact,0.23587454346406,0.76412545653594,Ratio1
,,PureRGB,-146.467326329763,"(0.31827, 0.13136)","W=0.0000, RGB=1.0000","R=2.4142, G=0.2384, B=1.3190",26.217871328354,Compare to Exact,0,1,Ratio1
184,"(0.3256, 0.1465, 4.0000)",Exact,-50.8374612196421,"(0.32498, 0.11382)","W=0.3352, RGB=0.6648","R=1.9301, G=0.0000, B=1.0385",0,Compare to Exact,0.335243100536382,0.664756899463618,RatioK
,,Projection1,-56.3893491810675,"(0.32511, 0.12112)","W=0.2689, RGB=0.7311","R=1.9947, G=0.0661, B=1.0567",5.5518879614254,Compare to Exact,0.268942670133536,0.731057329866464,RatioK
,,ProjectionK,-57.0287475682445,"(0.32513, 0.12193)","W=0.2613, RGB=0.7387","R=2.0022, G=0.0737, B=1.0588",6.1912863486024,Compare to Exact,0.261344313388841,0.738655686611159,RatioK
,,Ratio1,-51.181957743273,"(0.32499, 0.11429)","W=0.3311, RGB=0.6689","R=1.9341, G=0.0041, B=1.0396",0.344496523630902,Compare to Exact,0.331106600296363,0.668893399703637,RatioK
,,RatioK,-50.8374612196421,"(0.32498, 0.11382)","W=0.3352, RGB=0.6648","R=1.9301, G=0.0000, B=1.0385",0,Compare to Exact,0.335243100536382,0.664756899463618,RatioK
,,PureRGB,-79.1416780342377,"(0.32557, 0.14645)","W=0.0000, RGB=1.0000","R=2.2569, G=0.3344, B=1.1304",28.3042168145956,Compare to Exact,0,1,RatioK
185,"(0.3335, 0.1629, 4.0000)",Exact,-29.3508765431983,"(0.33464, 0.11835)","W=0.4197, RGB=0.5803","R=1.7098, G=0.0000, B=0.8498",0,Compare to Exact,0.419655785822734,0.580344214177266,RatioK
,,Projection1,-33.8857850654267,"(0.33446, 0.12557)","W=0.3635, RGB=0.6365","R=1.7645, G=0.0560, B=0.8652",4.5349085222284,Compare to Exact,0.363502918026878,0.636497081973122,RatioK
,,ProjectionK,-34.4956004737917,"(0.33443, 0.12650)","W=0.3560, RGB=0.6440","R=1.7719, G=0.0635, B=0.8672",5.1447239305934,Compare to Exact,0.355966047174574,0.644033952825426,RatioK
,,Ratio1,-29.7430414207879,"(0.33462, 0.11900)","W=0.4148, RGB=0.5852","R=1.7145, G=0.0049, B=0.8511",0.3921648775896,Compare to Exact,0.414790718265553,0.585209281734447,RatioK
,,RatioK,-29.3508765431983,"(0.33464, 0.11835)","W=0.4197, RGB=0.5803","R=1.7098, G=0.0000, B=0.8498",0,Compare to Exact,0.419655785822734,0.580344214177266,RatioK
,,PureRGB,-63.3884606355674,"(0.33351, 0.16288)","W=0.0000, RGB=1.0000","R=2.1189, G=0.4186, B=0.9648",34.0375840923691,Compare to Exact,0,1,RatioK
186,"(0.3422, 0.1808, 4.0000)",Exact,-10.7799721615782,"(0.34689, 0.12411)","W=0.4943, RGB=0.5057","R=1.5149, G=0.0000, B=0.6828",0,Compare to Exact,0.494339200917636,0.505660799082364,RatioK
,,Projection1,-14.3117375849332,"(0.34633, 0.13091)","W=0.4492, RGB=0.5508","R=1.5589, G=0.0450, B=0.6952",3.531765423355,Compare to Exact,0.449199381585399,0.550800618414601,RatioK
,,ProjectionK,-14.8859678466738,"(0.34624, 0.13198)","W=0.4419, RGB=0.5581","R=1.5660, G=0.0523, B=0.6972",4.1059956850956,Compare to Exact,0.441869545295431,0.558130454704569,RatioK
,,Ratio1,-13.033641302145,"(0.34652, 0.12850)","W=0.4655, RGB=0.5345","R=1.5430, G=0.0287, B=0.6907",2.2536691405668,Compare to Exact,0.4655227484069,0.5344772515931,RatioK
,,RatioK,-10.7799721615782,"(0.34689, 0.12411)","W=0.4943, RGB=0.5057","R=1.5149, G=0.0000, B=0.6828",0,Compare to Exact,0.494339200917636,0.505660799082364,RatioK
,,PureRGB,-49.892871660867,"(0.34219, 0.18082)","W=0.0000, RGB=1.0000","R=1.9968, G=0.4931, B=0.8182",39.1128994992888,Compare to Exact,0,1,RatioK
187,"(0.3517, 0.2005, 4.0000)",Exact,5.58727393309123,"(0.36293, 0.13164)","W=0.5609, RGB=0.4391","R=1.3412, G=0.0000, B=0.5340",0,Compare to Exact,0.560883761472898,0.439116238527102,RatioK
,,Projection1,3.10322653946485,"(0.36199, 0.13744)","W=0.5284, RGB=0.4716","R=1.3728, G=0.0324, B=0.5429",2.48404739362638,Compare to Exact,0.528407098437509,0.471592901562491,RatioK
,,ProjectionK,2.59107479031392,"(0.36180, 0.13859)","W=0.5217, RGB=0.4783","R=1.3794, G=0.0391, B=0.5448",2.99619914277731,Compare to Exact,0.521723634926437,0.478276365073563,RatioK
,,Ratio1,3.21538170331149,"(0.36203, 0.13718)","W=0.5299, RGB=0.4701","R=1.3714, G=0.0309, B=0.5425",2.37189222977974,Compare to Exact,0.529871277352481,0.470128722647519,RatioK
,,RatioK,5.58727393309123,"(0.36293, 0.13164)","W=0.5609, RGB=0.4391","R=1.3412, G=0.0000, B=0.5340",0,Compare to Exact,0.560883761472898,0.439116238527102,RatioK
,,PureRGB,-39.152691119575,"(0.35171, 0.20049)","W=0.0000, RGB=1.0000","R=1.8880, G=0.5594, B=0.6877",44.7399650526662,Compare to Exact,0,1,RatioK
188,"(0.3622, 0.2222, 4.0000)",Exact,20.1566434202692,"(0.38486, 0.14194)","W=0.6206, RGB=0.3794","R=1.1855, G=0.0000, B=0.4006",0,Compare to Exact,0.620551154392035,0.379448845607965,RatioK
,,Projection1,18.8450773905221,"(0.38382, 0.14563)","W=0.6033, RGB=0.3967","R=1.2023, G=0.0172, B=0.4054",1.3115660297471,Compare to Exact,0.603292472712892,0.396707527287108,RatioK
,,ProjectionK,18.211791354944,"(0.38333, 0.14735)","W=0.5950, RGB=0.4050","R=1.2104, G=0.0255, B=0.4076",1.9448520653252,Compare to Exact,0.594986243912507,0.405013756087493,RatioK
,,Ratio1,17.6718899670734,"(0.38292, 0.14880)","W=0.5879, RGB=0.4121","R=1.2173, G=0.0325, B=0.4096",2.4847534531958,Compare to Exact,0.587919294950952,0.412080705049048,RatioK
,,RatioK,20.1566434202692,"(0.38486, 0.14194)","W=0.6206, RGB=0.3794","R=1.1855, G=0.0000, B=0.4006",0,Compare to Exact,0.620551154392035,0.379448845607965,RatioK
,,PureRGB,-30.6344156494211,"(0.36219, 0.22217)","W=0.0000, RGB=1.0000","R=1.7905, G=0.6189, B=0.5706",50.7910590696903,Compare to Exact,0,1,RatioK
189,"(0.3738, 0.2462, 4.0000)",Exact,33.0936597308352,"(0.41662, 0.15686)","W=0.6744, RGB=0.3256","R=1.0450, G=0.0000, B=0.2804",0,Compare to Exact,0.674355097373477,0.325644902626523,Ratio1
,,Projection1,33.0131485357169,"(0.41650, 0.15713)","W=0.6733, RGB=0.3267","R=1.0460, G=0.0010, B=0.2806",0.080511195118298,Compare to Exact,0.673320273802681,0.326679726197319,Ratio1
,,ProjectionK,33.0004011574372,"(0.41648, 0.15717)","W=0.6732, RGB=0.3268","R=1.0462, G=0.0012, B=0.2807",0.0932585733979963,Compare to Exact,0.673156482141591,0.326843517858409,Ratio1
,,Ratio1,33.0936597308352,"(0.41662, 0.15686)","W=0.6744, RGB=0.3256","R=1.0450, G=0.0000, B=0.2804",0,Compare to Exact,0.674355097373477,0.325644902626523,Ratio1
,,RatioK,33.0936597308352,"(0.41662, 0.15686)","W=0.6744, RGB=0.3256","R=1.0450, G=0.0000, B=0.2804",0,Compare to Exact,0.674355097373477,0.325644902626523,Ratio1
,,PureRGB,-23.1436269960938,"(0.37380, 0.24616)","W=0.0000, RGB=1.0000","R=1.7025, G=0.6726, B=0.4651",56.237286726929,Compare to Exact,0,1,Ratio1
190,"(0.3867, 0.2729, 4.0000)",Exact,44.455384379193,"(0.46678, 0.18042)","W=0.7231, RGB=0.2769","R=0.9177, G=0.0000, B=0.1713",0,Compare to Exact,0.723119405025124,0.276880594974876,Ratio1
,,Projection1,41.2115436734771,"(0.45706, 0.19165)","W=0.6836, RGB=0.3164","R=0.9563, G=0.0395, B=0.1822",3.2438407057159,Compare to Exact,0.683557082048705,0.316442917951295,Ratio1
,,ProjectionK,40.8440110840126,"(0.45605, 0.19281)","W=0.6791, RGB=0.3209","R=0.9607, G=0.0439, B=0.1834",3.6113732951804,Compare to Exact,0.679104610480133,0.320895389519867,Ratio1
,,Ratio1,44.455384379193,"(0.46678, 0.18042)","W=0.7231, RGB=0.2769","R=0.9177, G=0.0000, B=0.1713",0,Compare to Exact,0.723119405025124,0.276880594974876,Ratio1
,,RatioK,44.455384379193,"(0.46678, 0.18042)","W=0.7231, RGB=0.2769","R=0.9177, G=0.0000, B=0.1713",0,Compare to Exact,0.723119405025124,0.276880594974876,Ratio1
,,PureRGB,-16.9392640579732,"(0.38672, 0.27288)","W=0.0000, RGB=1.0000","R=1.6227, G=0.7212, B=0.3694",61.3946484371662,Compare to Exact,0,1,Ratio1
191,"(0.4012, 0.3028, 4.0000)",Exact,54.5333114169247,"(0.55778, 0.22317)","W=0.7675, RGB=0.2325","R=0.8019, G=0.0000, B=0.0721",0,Compare to Exact,0.767520468375359,0.232479531624641,Ratio1
,,Projection1,45.9361809417068,"(0.50672, 0.24914)","W=0.6659, RGB=0.3341","R=0.9010, G=0.1014, B=0.0999",8.5971304752179,Compare to Exact,0.665875833163596,0.334124166836404,Ratio1
,,ProjectionK,45.5951977814472,"(0.50517, 0.24992)","W=0.6619, RGB=0.3381","R=0.9049, G=0.1054, B=0.1010",8.9381136354775,Compare to Exact,0.661882232996594,0.338117767003406,Ratio1
,,Ratio1,54.5333114169247,"(0.55778, 0.22317)","W=0.7675, RGB=0.2325","R=0.8019, G=0.0000, B=0.0721",0,Compare to Exact,0.767520468375359,0.232479531624641,Ratio1
,,RatioK,54.202095675088,"(0.55525, 0.22445)","W=0.7636, RGB=0.2364","R=0.8057, G=0.0039, B=0.0731",0.331215741836694,Compare to Exact,0.763565970461396,0.236434029538604,Ratio1
,,PureRGB,-11.9136787848823,"(0.40120, 0.30280)","W=0.0000, RGB=1.0000","R=1.5501, G=0.7655, B=0.2823",66.446990201807,Compare to Exact,0,1,Ratio1
192,"(0.4175, 0.3365, 4.0000)",Exact,57.3745563274018,"(0.66089, 0.32842)","W=0.7398, RGB=0.2602","R=0.7625, G=0.0681, B=0.0000",0,Compare to Exact,0.739824794944622,0.260175205055378,RatioK
,,Projection1,53.9546789367629,"(0.61900, 0.32982)","W=0.7010, RGB=0.2990","R=0.8004, G=0.1069, B=0.0106",3.4198773906389,Compare to Exact,0.700959846619957,0.299040153380042,RatioK
,,ProjectionK,51.8953893846681,"(0.59852, 0.33050)","W=0.6776, RGB=0.3224","R=0.8232, G=0.1302, B=0.0171",5.4791669427337,Compare to Exact,0.677570518368625,0.322429481631376,RatioK
,,Ratio1,54.2135850468913,"(0.62179, 0.32973)","W=0.7039, RGB=0.2961","R=0.7975, G=0.1039, B=0.0098",3.16097128051049,Compare to Exact,0.703900900093376,0.296099099906624,RatioK
,,RatioK,54.5956540550571,"(0.62602, 0.32959)","W=0.7082, RGB=0.2918","R=0.7933, G=0.0996, B=0.0087",2.77890227234469,Compare to Exact,0.708241288252154,0.291758711747846,RatioK
,,PureRGB,-7.12339645744754,"(0.41752, 0.33655)","W=0.0000, RGB=1.0000","R=1.4838, G=0.8060, B=0.2027",64.4979527848493,Compare to Exact,0,1,RatioK
193,"(0.4361, 0.3749, 4.0000)",Exact,38.3773271896967,"(0.55307, 0.41358)","W=0.4730, RGB=0.5270","R=0.9617, G=0.3715, B=0.0000",0,Compare to Exact,0.472963157328626,0.527036842671374,RatioK
,,Projection1,36.0287634888689,"(0.53991, 0.40923)","W=0.4460, RGB=0.5540","R=0.9880, G=0.3984, B=0.0074",2.3485637008278,Compare to Exact,0.445967600640287,0.554032399359713,RatioK
,,ProjectionK,35.1856952591827,"(0.53555, 0.40779)","W=0.4363, RGB=0.5637","R=0.9975, G=0.4080, B=0.0101",3.191631930514,Compare to Exact,0.436268404388599,0.563731595611401,RatioK
,,Ratio1,36.4573333132956,"(0.54220, 0.40999)","W=0.4509, RGB=0.5491","R=0.9832, G=0.3935, B=0.0060",1.9199938764011,Compare to Exact,0.450896408087849,0.549103591912151,RatioK
,,RatioK,37.5863803314802,"(0.54846, 0.41206)","W=0.4639, RGB=0.5361","R=0.9706, G=0.3805, B=0.0025",0.7909468582165,Compare to Exact,0.463875531423369,0.536124468576631,RatioK
,,PureRGB,-2.33428888314784,"(0.43607, 0.37489)","W=0.0000, RGB=1.0000","R=1.4228, G=0.8432, B=0.1296",40.7116160728445,Compare to Exact,0,1,RatioK
194,"(0.4573, 0.4188, 4.0000)",Exact,21.5822192412494,"(0.50728, 0.44974)","W=0.2272, RGB=0.7728","R=1.1453, G=0.6509, B=0.0000",0,Compare to Exact,0.22715376897256,0.77284623102744,RatioK
,,Projection1,20.2453945983176,"(0.50262, 0.44686)","W=0.2115, RGB=0.7885","R=1.1605, G=0.6665, B=0.0043",1.3368246429318,Compare to Exact,0.211472757351356,0.788527242648644,RatioK
,,ProjectionK,19.7426369291784,"(0.50092, 0.44581)","W=0.2056, RGB=0.7944","R=1.1663, G=0.6724, B=0.0059",1.839582312071,Compare to Exact,0.205572476777564,0.794427523222436,RatioK
,,Ratio1,20.7126415402991,"(0.50422, 0.44785)","W=0.2170, RGB=0.7830","R=1.1552, G=0.6610, B=0.0028",0.869577700950302,Compare to Exact,0.21695486262557,0.78304513737443,RatioK
,,RatioK,21.2375198230783,"(0.50605, 0.44898)","W=0.2231, RGB=0.7769","R=1.1492, G=0.6549, B=0.0011",0.3446994181711,Compare to Exact,0.223111505180225,0.776888494819775,RatioK
,,PureRGB,2.31046453330428,"(0.45733, 0.41885)","W=0.0000, RGB=1.0000","R=1.3667, G=0.8774, B=0.0622",19.2717547079451,Compare to Exact,0,1,RatioK
195,"(0.4820, 0.4697, 4.0000)",Exact,2.83489342795209,"(0.48195, 0.46975)","W=-0.0000, RGB=1.0000","R=1.3149, G=0.9091, B=0.0000",0,Compare to Exact,-4.81433090878434e-16,1,Ratio1
,,Projection1,NaN,"(NaN, NaN)","W=NaN, RGB=NaN","R=NaN, G=NaN, B=NaN",NaN,Compare to Exact,NaN,NaN,Ratio1
,,ProjectionK,NaN,"(NaN, NaN)","W=NaN, RGB=NaN","R=NaN, G=NaN, B=NaN",NaN,Compare to Exact,NaN,NaN,Ratio1
,,Ratio1,2.83489342778048,"(0.48195, 0.46975)","W=-0.0000, RGB=1.0000","R=1.3149, G=0.9091, B=0.0000",1.7160983745157e-10,Compare to Exact,-6.41910787837912e-16,1,Ratio1
,,RatioK,2.83489342778048,"(0.48195, 0.46975)","W=-0.0000, RGB=1.0000","R=1.3149, G=0.9091, B=0.0000",1.7160983745157e-10,Compare to Exact,-6.41910787837912e-16,1,Ratio1
,,PureRGB,2.83489342722486,"(0.48195, 0.46975)","W=0.0000, RGB=1.0000","R=1.3149, G=0.9091, B=0.0000",7.27229831909426e-10,Compare to Exact,0,1,Ratio1
196,"(0.3262, 0.1144, 4.0000)",Exact,-138.703189432805,"(0.32619, 0.11438)","W=0.0000, RGB=1.0000","R=2.9090, G=0.0000, B=1.5496",0,Compare to Exact,0,1,PureRGB
,,Projection1,NaN,"(NaN, NaN)","W=NaN, RGB=NaN","R=NaN, G=NaN, B=NaN",NaN,Compare to Exact,NaN,NaN,PureRGB
,,ProjectionK,NaN,"(NaN, NaN)","W=NaN, RGB=NaN","R=NaN, G=NaN, B=NaN",NaN,Compare to Exact,NaN,NaN,PureRGB
,,Ratio1,-138.703189432805,"(0.32619, 0.11438)","W=0.0000, RGB=1.0000","R=2.9090, G=0.0000, B=1.5496",0,Compare to Exact,0,1,PureRGB
,,RatioK,-138.703189432805,"(0.32619, 0.11438)","W=0.0000, RGB=1.0000","R=2.9090, G=0.0000, B=1.5496",0,Compare to Exact,0,1,PureRGB
,,PureRGB,-138.703189431605,"(0.32619, 0.11438)","W=0.0000, RGB=1.0000","R=2.9090, G=0.0000, B=1.5496",-1.19999299386109e-09,Compare to Exact,0,1,PureRGB
197,"(0.3334, 0.1279, 4.0000)",Exact,-91.3699581929562,"(0.33358, 0.11786)","W=0.1205, RGB=0.8795","R=2.5871, G=0.0000, B=1.2969",0,Compare to Exact,0.120521819698293,0.879478180301707,Ratio1
,,Projection1,-96.0760198035348,"(0.33347, 0.12344)","W=0.0551, RGB=0.9449","R=2.6509, G=0.0653, B=1.3148",4.7060616105786,Compare to Exact,0.055057181274763,0.944942818725237,Ratio1
,,ProjectionK,-95.4494487664933,"(0.33348, 0.12279)","W=0.0629, RGB=0.9371","R=2.6433, G=0.0575, B=1.3127",4.0794905735371,Compare to Exact,0.0628783322959019,0.937121667704098,Ratio1
,,Ratio1,-91.470175293334,"(0.33358, 0.11800)","W=0.1189, RGB=0.8811","R=2.5887, G=0.0016, B=1.2974",0.10021710037779,Compare to Exact,0.118919513815798,0.881080486184202,Ratio1
,,RatioK,-91.5289469706487,"(0.33358, 0.11808)","W=0.1180, RGB=0.8820","R=2.5896, G=0.0025, B=1.2976",0.1589887776925,Compare to Exact,0.117985152051223,0.882014847948777,Ratio1
,,PureRGB,-100.851428842409,"(0.33338, 0.12792)","W=0.0000, RGB=1.0000","R=2.7046, G=0.1202, B=1.3299",9.4814706494528,Compare to Exact,0,1,Ratio1
198,"(0.3412, 0.1426, 4.0000)",Exact,-61.1171482252629,"(0.34243, 0.12201)","W=0.2252, RGB=0.7748","R=2.3075, G=0.0000, B=1.0774",0,Compare to Exact,0.225221573996739,0.774778426003261,RatioK
,,Projection1,-65.9969209953016,"(0.34210, 0.12741)","W=0.1703, RGB=0.8297","R=2.3610, G=0.0548, B=1.0924",4.87977277003869,Compare to Exact,0.170315475156917,0.829684524843083,RatioK
,,ProjectionK,-66.5387963999468,"(0.34206, 0.12799)","W=0.1643, RGB=0.8357","R=2.3669, G=0.0607, B=1.0941",5.4216481746839,Compare to Exact,0.164324432229105,0.835675567770895,RatioK
,,Ratio1,-61.3610183475255,"(0.34241, 0.12229)","W=0.2224, RGB=0.7776","R=2.3102, G=0.0028, B=1.0782",0.243870122262599,Compare to Exact,0.22242141167018,0.77757858832982,RatioK
,,RatioK,-61.1171482252629,"(0.34243, 0.12201)","W=0.2252, RGB=0.7748","R=2.3075, G=0.0000, B=1.0774",0,Compare to Exact,0.225221573996739,0.774778426003261,RatioK
,,PureRGB,-81.6922930021496,"(0.34117, 0.14258)","W=0.0000, RGB=1.0000","R=2.5271, G=0.2246, B=1.1391",20.5751447768867,Compare to Exact,0,1,RatioK
199,"(0.3496, 0.1585, 4.0000)",Exact,-38.3352538611005,"(0.35320, 0.12707)","W=0.3170, RGB=0.6830","R=2.0623, G=0.0000, B=0.8849",0,Compare to Exact,0.317023021289425,0.682976978710575,RatioK
,,Projection1,-42.1563575581729,"(0.35263, 0.13207)","W=0.2730, RGB=0.7270","R=2.1053, G=0.0439, B=0.8970",3.8211036970724,Compare to Exact,0.27301360235722,0.72698639764278,RatioK
,,ProjectionK,-42.6611774575387,"(0.35256, 0.13272)","W=0.2672, RGB=0.7328","R=2.1109, G=0.0497, B=0.8985",4.3259235964382,Compare to Exact,0.26721973994076,0.73278026005924,RatioK
,,Ratio1,-40.0400541832494,"(0.35295, 0.12934)","W=0.2973, RGB=0.7027","R=2.0815, G=0.0196, B=0.8903",1.70480032214891,Compare to Exact,0.297349533182583,0.702650466817417,RatioK
,,RatioK,-38.3352538611005,"(0.35320, 0.12707)","W=0.3170, RGB=0.6830","R=2.0623, G=0.0000, B=0.8849",0,Compare to Exact,0.317023021289425,0.682976978710575,RatioK
,,PureRGB,-66.0802401181856,"(0.34963, 0.15852)","W=0.0000, RGB=1.0000","R=2.3714, G=0.3162, B=0.9717",27.7449862570851,Compare to Exact,0,1,RatioK
200,"(0.3589, 0.1759, 4.0000)",Exact,-19.2913918025673,"(0.36660, 0.13337)","W=0.3982, RGB=0.6018","R=1.8456, G=0.0000, B=0.7147",0,Compare to Exact,0.398171343201242,0.601828656798758,RatioK
,,Projection1,-21.9810729880508,"(0.36583, 0.13762)","W=0.3659, RGB=0.6341","R=1.8771, G=0.0322, B=0.7236",2.6896811854835,Compare to Exact,0.365883381088584,0.634116618911416,RatioK
,,ProjectionK,-22.417890768688,"(0.36570, 0.13829)","W=0.3606, RGB=0.6394","R=1.8822, G=0.0374, B=0.7250",3.1264989661207,Compare to Exact,0.360644606780949,0.639355393219051,RatioK
,,Ratio1,-21.2368567360461,"(0.36604, 0.13646)","W=0.3748, RGB=0.6252","R=1.8684, G=0.0233, B=0.7211",1.9454649334788,Compare to Exact,0.37481162388416,0.62518837611584,RatioK
,,RatioK,-19.2913918025673,"(0.36660, 0.13337)","W=0.3982, RGB=0.6018","R=1.8456, G=0.0000, B=0.7147",0,Compare to Exact,0.398171343201242,0.601828656798758,RatioK
,,PureRGB,-52.5295449017605,"(0.35885, 0.17589)","W=0.0000, RGB=1.0000","R=2.2338, G=0.3971, B=0.8238",33.2381530991932,Compare to Exact,0,1,RatioK
201,"(0.3690, 0.1949, 4.0000)",Exact,-2.82843917936728,"(0.38372, 0.14141)","W=0.4704, RGB=0.5296","R=1.6527, G=0.0000, B=0.5633",0,Compare to Exact,0.470419212525551,0.529580787474449,RatioK
,,Projection1,-4.37473603590354,"(0.38290, 0.14436)","W=0.4511, RGB=0.5489","R=1.6715, G=0.0192, B=0.5685",1.54629685653626,Compare to Exact,0.451148867429951,0.548851132570048,RatioK
,,ProjectionK,-5.0230357914406,"(0.38257, 0.14558)","W=0.4431, RGB=0.5569","R=1.6794, G=0.0273, B=0.5708",2.19459661207332,Compare to Exact,0.443072690039688,0.556927309960312,RatioK
,,Ratio1,-4.92850476858131,"(0.38262, 0.14540)","W=0.4443, RGB=0.5557","R=1.6782, G=0.0261, B=0.5704",2.10006558921403,Compare to Exact,0.444250205497012,0.555749794502988,RatioK
,,RatioK,-2.82843917936728,"(0.38372, 0.14141)","W=0.4704, RGB=0.5296","R=1.6527, G=0.0000, B=0.5633",0,Compare to Exact,0.470419212525551,0.529580787474449,RatioK
,,PureRGB,-40.7175875331484,"(0.36895, 0.19490)","W=0.0000, RGB=1.0000","R=2.1113, G=0.4692, B=0.6921",37.8891483537811,Compare to Exact,0,1,RatioK
202,"(0.3801, 0.2158, 4.0000)",Exact,11.6735706718244,"(0.40636, 0.15204)","W=0.5352, RGB=0.4648","R=1.4798, G=0.0000, B=0.4275",0,Compare to Exact,0.535154819680118,0.464845180319881,RatioK
,,Projection1,11.3002820216971,"(0.40600, 0.15290)","W=0.5304, RGB=0.4696","R=1.4845, G=0.0048, B=0.4288",0.3732886501273,Compare to Exact,0.530363708240408,0.469636291759592,RatioK
,,ProjectionK,11.1143616523312,"(0.40583, 0.15333)","W=0.5280, RGB=0.4720","R=1.4868, G=0.0072, B=0.4295",0.559209019493201,Compare to Exact,0.527977818403316,0.472022181596684,RatioK
,,Ratio1,9.46715253850994,"(0.40431, 0.15702)","W=0.5069, RGB=0.4931","R=1.5074, G=0.0282, B=0.4353",2.20641813331446,Compare to Exact,0.506850505585318,0.493149494414682,RatioK
,,RatioK,11.6735706718244,"(0.40636, 0.15204)","W=0.5352, RGB=0.4648","R=1.4798, G=0.0000, B=0.4275",0,Compare to Exact,0.535154819680118,0.464845180319881,RatioK
,,PureRGB,-31.0052515551684,"(0.38006, 0.21581)","W=0.0000, RGB=1.0000","R=2.0016, G=0.5338, B=0.5741",42.6788222269928,Compare to Exact,0,1,RatioK
203,"(0.3923, 0.2389, 4.0000)",Exact,24.5870391223857,"(0.43771, 0.16676)","W=0.5935, RGB=0.4065","R=1.3240, G=0.0000, B=0.3052",0,Compare to Exact,0.593491936623062,0.406508063376938,RatioK
,,Projection1,23.2329238151615,"(0.43544, 0.17037)","W=0.5758, RGB=0.4242","R=1.3412, G=0.0176, B=0.3100",1.3541153072242,Compare to Exact,0.575849319269505,0.424150680730495,RatioK
,,ProjectionK,23.0713273463053,"(0.43517, 0.17079)","W=0.5737, RGB=0.4263","R=1.3433, G=0.0197, B=0.3106",1.5157117760804,Compare to Exact,0.573746900837521,0.426253099162479,RatioK
,,Ratio1,22.2887835530659,"(0.43391, 0.17279)","W=0.5636, RGB=0.4364","R=1.3532, G=0.0298, B=0.3134",2.2982555693198,Compare to Exact,0.563575265489693,0.436424734510307,RatioK
,,RatioK,24.5870391223857,"(0.43771, 0.16676)","W=0.5935, RGB=0.4065","R=1.3240, G=0.0000, B=0.3052",0,Compare to Exact,0.593491936623062,0.406508063376938,RatioK
,,PureRGB,-23.7486420967973,"(0.39232, 0.23890)","W=0.0000, RGB=1.0000","R=1.9026, G=0.5919, B=0.4678",48.335681219183,Compare to Exact,0,1,RatioK
204,"(0.4059, 0.2645, 4.0000)",Exact,36.0651426352177,"(0.48397, 0.18850)","W=0.6463, RGB=0.3537","R=1.1829, G=0.0000, B=0.1944",0,Compare to Exact,0.646334532575465,0.353665467424535,RatioK
,,Projection1,31.7388873936004,"(0.47167, 0.20048)","W=0.5914, RGB=0.4086","R=1.2364, G=0.0548, B=0.2095",4.3262552416173,Compare to Exact,0.591413682250603,0.408586317749397,RatioK
,,ProjectionK,31.3718588325793,"(0.47073, 0.20140)","W=0.5868, RGB=0.4132","R=1.2409, G=0.0594, B=0.2107",4.6932838026384,Compare to Exact,0.586814606471378,0.413185393528622,RatioK
,,Ratio1,33.6265866921069,"(0.47676, 0.19553)","W=0.6152, RGB=0.3848","R=1.2132, G=0.0310, B=0.2029",2.4385559431108,Compare to Exact,0.615214605494988,0.384785394505012,RatioK
,,RatioK,36.0513965702199,"(0.48393, 0.18854)","W=0.6462, RGB=0.3538","R=1.1831, G=0.0002, B=0.1945",0.0137460649977967,Compare to Exact,0.646157929541396,0.353842070458604,RatioK
,,PureRGB,-17.7881997803158,"(0.40594, 0.26455)","W=0.0000, RGB=1.0000","R=1.8130, G=0.6447, B=0.3715",53.8533424155335,Compare to Exact,0,1,RatioK
205,"(0.4212, 0.2932, 4.0000)",Exact,46.0056844205347,"(0.55914, 0.22381)","W=0.6944, RGB=0.3056","R=1.0545, G=0.0000, B=0.0936",0,Compare to Exact,0.69442395325079,0.30557604674921,RatioK
,,Projection1,37.4774019837381,"(0.51751, 0.24474)","W=0.5920, RGB=0.4080","R=1.1543, G=0.1021, B=0.1216",8.5282824367966,Compare to Exact,0.592035946084435,0.407964053915565,RatioK
,,ProjectionK,36.0547645804126,"(0.51205, 0.24749)","W=0.5751, RGB=0.4249","R=1.1708, G=0.1190, B=0.1263",9.9509198401221,Compare to Exact,0.57513259952154,0.42486740047846,RatioK
,,Ratio1,43.3624300641973,"(0.54429, 0.23128)","W=0.6624, RGB=0.3376","R=1.0857, G=0.0319, B=0.1023",2.6432543563374,Compare to Exact,0.662423054019922,0.337576945980078,RatioK
,,RatioK,45.9891674543292,"(0.55904, 0.22386)","W=0.6942, RGB=0.3058","R=1.0547, G=0.0002, B=0.0936",0.0165169662055007,Compare to Exact,0.694222898763082,0.305777101236918,RatioK
,,PureRGB,-13.0279197948143,"(0.42116, 0.29319)","W=0.0000, RGB=1.0000","R=1.7315, G=0.6926, B=0.2838",59.033604215349,Compare to Exact,0,1,RatioK
206,"(0.4383, 0.3254, 4.0000)",Exact,54.5486227228531,"(0.70261, 0.29119)","W=0.7384, RGB=0.2616","R=0.9371, G=0.0000, B=0.0014",0,Compare to Exact,0.738373916756008,0.261626083243992,Ratio1
,,Projection1,51.6195421658038,"(0.66494, 0.29607)","W=0.7042, RGB=0.2958","R=0.9705, G=0.0341, B=0.0108",2.9290805570493,Compare to Exact,0.704161797571297,0.295838202428703,Ratio1
,,ProjectionK,47.5580334265071,"(0.62395, 0.30137)","W=0.6570, RGB=0.3430","R=1.0164, G=0.0812, B=0.0237",6.990589296346,Compare to Exact,0.657003935361966,0.342996064638034,Ratio1
,,Ratio1,51.8881752507021,"(0.66807, 0.29566)","W=0.7073, RGB=0.2927","R=0.9674, G=0.0310, B=0.0099",2.66044747215101,Compare to Exact,0.707291680151973,0.292708319848027,Ratio1
,,RatioK,49.1061668814909,"(0.63830, 0.29951)","W=0.6749, RGB=0.3251","R=0.9989, G=0.0633, B=0.0188",5.4424558413622,Compare to Exact,0.674945320926277,0.325054679073723,Ratio1
,,PureRGB,-9.52739631411941,"(0.43825, 0.32538)","W=0.0000, RGB=1.0000","R=1.6570, G=0.7365, B=0.2037",64.0760190369725,Compare to Exact,0,1,Ratio1
207,"(0.4576, 0.3618, 4.0000)",Exact,34.8929048575447,"(0.58958, 0.38475)","W=0.4753, RGB=0.5247","R=1.1253, G=0.3026, B=0.0000",0,Compare to Exact,0.475259511857117,0.524740488142883,RatioK
,,Projection1,32.0589460941381,"(0.57254, 0.38179)","W=0.4429, RGB=0.5571","R=1.1568, G=0.3350, B=0.0089",2.8339587634066,Compare to Exact,0.442861991078322,0.557138008921678,RatioK
,,ProjectionK,30.5640175212373,"(0.56441, 0.38038)","W=0.4258, RGB=0.5742","R=1.1735, G=0.3520, B=0.0136",4.3288873363074,Compare to Exact,0.425752461811294,0.574247538188706,RatioK
,,Ratio1,32.9438210051459,"(0.57762, 0.38267)","W=0.4530, RGB=0.5470","R=1.1470, G=0.3249, B=0.0061",1.9490838523988,Compare to Exact,0.452983009504116,0.547016990495884,RatioK
,,RatioK,34.1742886309014,"(0.58504, 0.38396)","W=0.4670, RGB=0.5330","R=1.1333, G=0.3108, B=0.0022",0.718616226643299,Compare to Exact,0.467048958186734,0.532951041813266,RatioK
,,PureRGB,-6.24952908395969,"(0.45761, 0.36183)","W=0.0000, RGB=1.0000","R=1.5886, G=0.7767, B=0.1302",41.1424339415044,Compare to Exact,0,1,RatioK
208,"(0.4797, 0.4034, 4.0000)",Exact,16.6195286812463,"(0.53578, 0.42723)","W=0.2282, RGB=0.7718","R=1.3032, G=0.5861, B=0.0000",0,Compare to Exact,0.228212952068439,0.771787047931561,RatioK
,,Projection1,14.675562041309,"(0.52842, 0.42411)","W=0.2056, RGB=0.7944","R=1.3252, G=0.6087, B=0.0062",1.9439666399373,Compare to Exact,0.205569832067527,0.794430167932473,RatioK
,,ProjectionK,13.8302168790366,"(0.52538, 0.42282)","W=0.1957, RGB=0.8043","R=1.3348, G=0.6185, B=0.0089",2.7893118022097,Compare to Exact,0.195715590365005,0.804284409634995,RatioK
,,Ratio1,15.7356638404933,"(0.53237, 0.42579)","W=0.2179, RGB=0.7821","R=1.3132, G=0.5963, B=0.0028",0.883864840753001,Compare to Exact,0.217920866817895,0.782079133182105,RatioK
,,RatioK,16.3543959994283,"(0.53475, 0.42679)","W=0.2251, RGB=0.7749","R=1.3062, G=0.5892, B=0.0008",0.265132681818002,Compare to Exact,0.225126177495165,0.774873822504835,RatioK
,,PureRGB,-2.8767415137671,"(0.47972, 0.40344)","W=0.0000, RGB=1.0000","R=1.5257, G=0.8137, B=0.0625",19.4962701950134,Compare to Exact,0,1,RatioK
209,"(0.5052, 0.4514, 4.0000)",Exact,-1.45886285863527,"(0.50519, 0.45140)","W=0.0000, RGB=1.0000","R=1.4675, G=0.8479, B=0.0000",0,Compare to Exact,1.67001638585166e-16,1,Ratio1
,,Projection1,NaN,"(NaN, NaN)","W=NaN, RGB=NaN","R=NaN, G=NaN, B=NaN",NaN,Compare to Exact,NaN,NaN,Ratio1
,,ProjectionK,NaN,"(NaN, NaN)","W=NaN, RGB=NaN","R=NaN, G=NaN, B=NaN",NaN,Compare to Exact,NaN,NaN,Ratio1
,,Ratio1,-1.45886588543495,"(0.50519, 0.45140)","W=0.0000, RGB=1.0000","R=1.4675, G=0.8479, B=0.0000",3.02679968000596e-06,Compare to Exact,0,1,Ratio1
,,RatioK,-1.45886588551323,"(0.50519, 0.45140)","W=0.0000, RGB=1.0000","R=1.4675, G=0.8479, B=0.0000",3.02687795983303e-06,Compare to Exact,5.01004915755497e-16,1,Ratio1
,,PureRGB,-1.45886588543495,"(0.50519, 0.45140)","W=0.0000, RGB=1.0000","R=1.4675, G=0.8479, B=0.0000",3.02679968000596e-06,Compare to Exact,0,1,Ratio1
210,"(0.3479, 0.1246, 4.0000)",Exact,-119.710691320818,"(0.34795, 0.12460)","W=-0.0000, RGB=1.0000","R=2.9999, G=0.0000, B=1.3410",0,Compare to Exact,-6.0499577652176e-16,1,Ratio1
,,Projection1,NaN,"(NaN, NaN)","W=NaN, RGB=NaN","R=NaN, G=NaN, B=NaN",NaN,Compare to Exact,NaN,NaN,Ratio1
,,ProjectionK,NaN,"(NaN, NaN)","W=NaN, RGB=NaN","R=NaN, G=NaN, B=NaN",NaN,Compare to Exact,NaN,NaN,Ratio1
,,Ratio1,-119.710691320818,"(0.34795, 0.12460)","W=-0.0000, RGB=1.0000","R=2.9999, G=0.0000, B=1.3410",0,Compare to Exact,-6.0499577652176e-16,1,Ratio1
,,RatioK,-119.710691320818,"(0.34795, 0.12460)","W=-0.0000, RGB=1.0000","R=2.9999, G=0.0000, B=1.3410",0,Compare to Exact,-6.0499577652176e-16,1,Ratio1
,,PureRGB,-119.710691321457,"(0.34795, 0.12460)","W=0.0000, RGB=1.0000","R=2.9999, G=0.0000, B=1.3410",6.39005293123773e-10,Compare to Exact,0,1,Ratio1
211,"(0.3562, 0.1389, 4.0000)",Exact,-74.1489030841158,"(0.35750, 0.12909)","W=0.1135, RGB=0.8865","R=2.6908, G=0.0000, B=1.1169",0,Compare to Exact,0.11348730974626,0.88651269025374,RatioK
,,Projection1,-77.0939540951518,"(0.35697, 0.13300)","W=0.0694, RGB=0.9306","R=2.7338, G=0.0440, B=1.1289",2.945051011036,Compare to Exact,0.0693751163593576,0.930624883640643,RatioK
,,ProjectionK,-77.0957050954283,"(0.35697, 0.13300)","W=0.0694, RGB=0.9306","R=2.7338, G=0.0440, B=1.1290",2.9468020113125,Compare to Exact,0.0693516546164058,0.930648345383594,RatioK
,,Ratio1,-74.6042978323774,"(0.35741, 0.12977)","W=0.1060, RGB=0.8940","R=2.6981, G=0.0075, B=1.1189",0.455394748261597,Compare to Exact,0.105958478307272,0.894041521692728,RatioK
,,RatioK,-74.1489030841158,"(0.35750, 0.12909)","W=0.1135, RGB=0.8865","R=2.6908, G=0.0000, B=1.1169",0,Compare to Exact,0.11348730974626,0.88651269025374,RatioK
,,PureRGB,-82.9942668887603,"(0.35618, 0.13886)","W=0.0000, RGB=1.0000","R=2.8014, G=0.1132, B=1.1479",8.84536380464449,Compare to Exact,0,1,RatioK
212,"(0.3651, 0.1543, 4.0000)",Exact,-46.6195943104532,"(0.36898, 0.13448)","W=0.2129, RGB=0.7871","R=2.4201, G=0.0000, B=0.9205",0,Compare to Exact,0.212891674444914,0.787108325555086,RatioK
,,Projection1,-49.6518534499805,"(0.36833, 0.13783)","W=0.1800, RGB=0.8200","R=2.4522, G=0.0328, B=0.9295",3.0322591395273,Compare to Exact,0.179966418438137,0.820033581561863,RatioK
,,ProjectionK,-50.0255910507152,"(0.36825, 0.13822)","W=0.1760, RGB=0.8240","R=2.4561, G=0.0368, B=0.9306",3.405996740262,Compare to Exact,0.175960516857989,0.824039483142011,RatioK
,,Ratio1,-47.8350193578261,"(0.36872, 0.13585)","W=0.1996, RGB=0.8004","R=2.4330, G=0.0133, B=0.9242",1.2154250473729,Compare to Exact,0.199589836149025,0.800410163850975,RatioK
,,RatioK,-46.6195943104532,"(0.36898, 0.13448)","W=0.2129, RGB=0.7871","R=2.4201, G=0.0000, B=0.9205",0,Compare to Exact,0.212891674444914,0.787108325555086,RatioK
,,PureRGB,-66.8706225501705,"(0.36512, 0.15432)","W=0.0000, RGB=1.0000","R=2.6276, G=0.2123, B=0.9788",20.2510282397173,Compare to Exact,0,1,RatioK
213,"(0.3748, 0.1712, 4.0000)",Exact,-26.6381701697082,"(0.38303, 0.14108)","W=0.3007, RGB=0.6993","R=2.1810, G=0.0000, B=0.7471",0,Compare to Exact,0.300681334513045,0.699318665486955,RatioK
,,Projection1,-28.547736529644,"(0.38236, 0.14354)","W=0.2795, RGB=0.7205","R=2.2016, G=0.0211, B=0.7529",1.9095663599358,Compare to Exact,0.279524190275876,0.720475809724124,RatioK
,,ProjectionK,-29.2796795175236,"(0.38210, 0.14447)","W=0.2714, RGB=0.7286","R=2.2095, G=0.0292, B=0.7551",2.6415093478154,Compare to Exact,0.271431171560166,0.728568828439834,RatioK
,,Ratio1,-28.2402082306975,"(0.38246, 0.14315)","W=0.2829, RGB=0.7171","R=2.1983, G=0.0177, B=0.7520",1.6020380609893,Compare to Exact,0.282927008810998,0.717072991189002,RatioK
,,RatioK,-26.6381701697082,"(0.38303, 0.14108)","W=0.3007, RGB=0.6993","R=2.1810, G=0.0000, B=0.7471",0,Compare to Exact,0.300681334513045,0.699318665486955,RatioK
,,PureRGB,-53.9831848488916,"(0.37484, 0.17116)","W=0.0000, RGB=1.0000","R=2.4741, G=0.2999, B=0.8295",27.3450146791834,Compare to Exact,0,1,RatioK
214,"(0.3855, 0.1896, 4.0000)",Exact,-9.93480370595262,"(0.40060, 0.14934)","W=0.3788, RGB=0.6212","R=1.9683, G=0.0000, B=0.5929",0,Compare to Exact,0.378779574269402,0.621220425730598,RatioK
,,Projection1,-10.6831422536516,"(0.40017, 0.15050)","W=0.3701, RGB=0.6299","R=1.9767, G=0.0086, B=0.5952",0.74833854769898,Compare to Exact,0.370112738566363,0.629887261433637,RatioK
,,ProjectionK,-11.0008805418638,"(0.39998, 0.15099)","W=0.3664, RGB=0.6336","R=1.9803, G=0.0123, B=0.5962",1.06607683591118,Compare to Exact,0.366433798780282,0.633566201219718,RatioK
,,Ratio1,-11.765799060806,"(0.39955, 0.15215)","W=0.3576, RGB=0.6424","R=1.9889, G=0.0211, B=0.5987",1.83099535485338,Compare to Exact,0.357579207331418,0.642420792668582,RatioK
,,RatioK,-9.93480370595262,"(0.40060, 0.14934)","W=0.3788, RGB=0.6212","R=1.9683, G=0.0000, B=0.5929",0,Compare to Exact,0.378779574269402,0.621220425730598,RatioK
,,PureRGB,-42.6634666868105,"(0.38547, 0.18955)","W=0.0000, RGB=1.0000","R=2.3375, G=0.3778, B=0.6966",32.7286629808579,Compare to Exact,0,1,RatioK
215,"(0.3971, 0.2097, 4.0000)",Exact,4.56996068382027,"(0.42324, 0.15997)","W=0.4487, RGB=0.5513","R=1.7778, G=0.0000, B=0.4547",0,Compare to Exact,0.44870725384709,0.55129274615291,RatioK
,,Projection1,4.0289304559366,"(0.42272, 0.16097)","W=0.4422, RGB=0.5578","R=1.7842, G=0.0065, B=0.4565",0.541030227883669,Compare to Exact,0.442180820458559,0.557819179541441,RatioK
,,ProjectionK,3.97127474699646,"(0.42267, 0.16107)","W=0.4415, RGB=0.5585","R=1.7848, G=0.0072, B=0.4567",0.59868593682381,Compare to Exact,0.441485355634828,0.558514644365172,RatioK
,,Ratio1,2.59093411071055,"(0.42136, 0.16356)","W=0.4248, RGB=0.5752","R=1.8011, G=0.0238, B=0.4613",1.97902657310972,Compare to Exact,0.424836846888717,0.575163153111283,RatioK
,,RatioK,4.56996068382027,"(0.42324, 0.15997)","W=0.4487, RGB=0.5513","R=1.7778, G=0.0000, B=0.4547",0,Compare to Exact,0.44870725384709,0.55129274615291,RatioK
,,PureRGB,-32.6502957920216,"(0.39713, 0.20974)","W=0.0000, RGB=1.0000","R=2.2153, G=0.4475, B=0.5777",37.2202564758419,Compare to Exact,0,1,RatioK
216,"(0.4100, 0.2320, 4.0000)",Exact,17.4060935946366,"(0.45350, 0.17418)","W=0.5117, RGB=0.4883","R=1.6063, G=0.0000, B=0.3304",0,Compare to Exact,0.51168283019025,0.48831716980975,RatioK
,,Projection1,14.8567562474293,"(0.44948, 0.17952)","W=0.4799, RGB=0.5201","R=1.6373, G=0.0317, B=0.3391",2.5493373472073,Compare to Exact,0.479923178201927,0.520076821798073,RatioK
,,ProjectionK,14.6099742059744,"(0.44910, 0.18002)","W=0.4769, RGB=0.5231","R=1.6402, G=0.0347, B=0.3399",2.7961193886622,Compare to Exact,0.476850145344901,0.523149854655099,RatioK
,,Ratio1,15.3243691265949,"(0.45020, 0.17857)","W=0.4857, RGB=0.5143","R=1.6316, G=0.0259, B=0.3375",2.0817244680417,Compare to Exact,0.485746766025797,0.514253233974203,RatioK
,,RatioK,17.3827273767248,"(0.45346, 0.17423)","W=0.5114, RGB=0.4886","R=1.6066, G=0.0003, B=0.3304",0.0233662179117999,Compare to Exact,0.511391617417101,0.488608382582899,RatioK
,,PureRGB,-24.2825254726114,"(0.40998, 0.23198)","W=0.0000, RGB=1.0000","R=2.1051, G=0.5104, B=0.4705",41.688619067248,Compare to Exact,0,1,RatioK
217,"(0.4242, 0.2566, 4.0000)",Exact,28.8714579056582,"(0.49598, 0.19414)","W=0.5687, RGB=0.4313","R=1.4510, G=0.0000, B=0.2177",0,Compare to Exact,0.568693958938386,0.431306041061614,RatioK
,,Projection1,23.6872350783124,"(0.48264, 0.20576)","W=0.5032, RGB=0.4968","R=1.5149, G=0.0654, B=0.2357",5.1842228273458,Compare to Exact,0.503158674774941,0.496841325225059,RatioK
,,ProjectionK,23.3192742683332,"(0.48177, 0.20651)","W=0.4985, RGB=0.5015","R=1.5194, G=0.0700, B=0.2370",5.552183637325,Compare to Exact,0.498530691848142,0.501469308151858,RatioK
,,Ratio1,26.6994633654824,"(0.49010, 0.19926)","W=0.5412, RGB=0.4588","R=1.4779, G=0.0275, B=0.2253",2.1719945401758,Compare to Exact,0.541167108215388,0.458832891784612,RatioK
,,RatioK,28.799002173154,"(0.49578, 0.19431)","W=0.5678, RGB=0.4322","R=1.4519, G=0.0009, B=0.2180",0.0724557325041992,Compare to Exact,0.567774236530589,0.432225763469411,RatioK
,,PureRGB,-18.1875317299538,"(0.42422, 0.25662)","W=0.0000, RGB=1.0000","R=2.0055, G=0.5672, B=0.3735",47.058989635612,Compare to Exact,0,1,RatioK
218,"(0.4401, 0.2841, 4.0000)",Exact,39.0178813351707,"(0.55999, 0.22420)","W=0.6205, RGB=0.3795","R=1.3098, G=0.0000, B=0.1153",0,Compare to Exact,0.620549671814157,0.379450328185843,RatioK
,,Projection1,30.5923949033034,"(0.52488, 0.24173)","W=0.5175, RGB=0.4825","R=1.4102, G=0.1027, B=0.1435",8.4254864318673,Compare to Exact,0.517533497389518,0.482466502610482,RatioK
,,ProjectionK,29.1734126301073,"(0.52008, 0.24413)","W=0.5005, RGB=0.4995","R=1.4268, G=0.1197, B=0.1482",9.8444687050634,Compare to Exact,0.500513970615764,0.499486029384236,RatioK
,,Ratio1,36.6988787159554,"(0.54899, 0.22970)","W=0.5918, RGB=0.4082","R=1.3378, G=0.0287, B=0.1232",2.3190026192153,Compare to Exact,0.591808004479847,0.408191995520153,RatioK
,,RatioK,38.9174785078852,"(0.55949, 0.22445)","W=0.6193, RGB=0.3807","R=1.3110, G=0.0012, B=0.1157",0.1004028272855,Compare to Exact,0.619298598109466,0.380701401890534,RatioK
,,PureRGB,-13.4545590430095,"(0.44008, 0.28407)","W=0.0000, RGB=1.0000","R=1.9148, G=0.6189, B=0.2853",52.4724403781802,Compare to Exact,0,1,RatioK
219,"(0.4578, 0.3148, 4.0000)",Exact,47.5697398139596,"(0.66744, 0.27467)","W=0.6679, RGB=0.3321","R=1.1808, G=0.0000, B=0.0218",0,Compare to Exact,0.66791901140077,0.33208098859923,Ratio1
,,Projection1,36.504430769582,"(0.58628, 0.29022)","W=0.5384, RGB=0.4616","R=1.3070, G=0.1292, B=0.0572",11.0653090443776,Compare to Exact,0.538411289594597,0.461588710405403,Ratio1
,,ProjectionK,38.6648458612139,"(0.59884, 0.28781)","W=0.5636, RGB=0.4364","R=1.2825, G=0.1041, B=0.0503",8.9048939527457,Compare to Exact,0.563562188945853,0.436437811054147,Ratio1
,,Ratio1,45.0523197079673,"(0.64464, 0.27904)","W=0.6383, RGB=0.3617","R=1.2097, G=0.0296, B=0.0299",2.5174201059923,Compare to Exact,0.638262165706746,0.361737834293254,Ratio1
,,RatioK,44.8450096645303,"(0.64290, 0.27937)","W=0.6358, RGB=0.3642","R=1.2121, G=0.0320, B=0.0306",2.7247301494293,Compare to Exact,0.635826846156926,0.364173153843074,Ratio1
,,PureRGB,-10.005080607994,"(0.45785, 0.31482)","W=0.0000, RGB=1.0000","R=1.8320, G=0.6662, B=0.2047",57.5748204219536,Compare to Exact,0,1,Ratio1
220,"(0.4779, 0.3495, 4.0000)",Exact,33.8592853211212,"(0.62188, 0.35923)","W=0.4776, RGB=0.5224","R=1.2904, G=0.2332, B=0.0000",0,Compare to Exact,0.47757827393205,0.52242172606795,RatioK
,,Projection1,30.7720427162636,"(0.60240, 0.35792)","W=0.4424, RGB=0.5576","R=1.3247, G=0.2683, B=0.0096",3.0872426048576,Compare to Exact,0.442387318622906,0.557612681377094,RatioK
,,ProjectionK,28.5252720819119,"(0.58976, 0.35707)","W=0.4167, RGB=0.5833","R=1.3497, G=0.2938, B=0.0167",5.3340132392093,Compare to Exact,0.416746532452524,0.583253467547476,RatioK
,,Ratio1,32.0723205123447,"(0.61028, 0.35845)","W=0.4572, RGB=0.5428","R=1.3102, G=0.2535, B=0.0056",1.7869648087765,Compare to Exact,0.457214690231948,0.542785309768052,RatioK
,,RatioK,32.7792736420146,"(0.61476, 0.35875)","W=0.4653, RGB=0.5347","R=1.3024, G=0.2454, B=0.0034",1.0800116791066,Compare to Exact,0.465272718009326,0.534727281990674,RatioK
,,PureRGB,-7.64123550485058,"(0.47790, 0.34953)","W=0.0000, RGB=1.0000","R=1.7560, G=0.7095, B=0.1308",41.5005208259718,Compare to Exact,0,1,RatioK
221,"(0.5007, 0.3890, 4.0000)",Exact,14.2962109474361,"(0.56186, 0.40663)","W=0.2293, RGB=0.7707","R=1.4625, G=0.5207, B=0.0000",0,Compare to Exact,0.229282059053703,0.770717940946297,RatioK
,,Projection1,11.9213998821631,"(0.55231, 0.40388)","W=0.2017, RGB=0.7983","R=1.4894, G=0.5482, B=0.0075",2.374811065273,Compare to Exact,0.201739930278965,0.798260069721035,RatioK
,,ProjectionK,10.5294575329001,"(0.54706, 0.40236)","W=0.1856, RGB=0.8144","R=1.5052, G=0.5643, B=0.0120",3.766753414536,Compare to Exact,0.185579356465606,0.814420643534395,RatioK
,,Ratio1,13.4002556376729,"(0.55817, 0.40557)","W=0.2189, RGB=0.7811","R=1.4727, G=0.5311, B=0.0028",0.895955309763199,Compare to Exact,0.218895511864256,0.781104488135744,RatioK
,,RatioK,14.0958180913611,"(0.56103, 0.40639)","W=0.2270, RGB=0.7730","R=1.4648, G=0.5230, B=0.0006",0.200392856075,Compare to Exact,0.226959425549624,0.773040574450376,RatioK
,,PureRGB,-5.37660128909286,"(0.50070, 0.38900)","W=0.0000, RGB=1.0000","R=1.6861, G=0.7494, B=0.0628",19.672812236529,Compare to Exact,0,1,RatioK
222,"(0.5269, 0.4343, 4.0000)",Exact,-3.99413200941415,"(0.52686, 0.43428)","W=0.0000, RGB=1.0000","R=1.6215, G=0.7862, B=0.0000",0,Compare to Exact,0,1,Ratio1
,,Projection1,NaN,"(NaN, NaN)","W=NaN, RGB=NaN","R=NaN, G=NaN, B=NaN",NaN,Compare to Exact,NaN,NaN,Ratio1
,,ProjectionK,NaN,"(NaN, NaN)","W=NaN, RGB=NaN","R=NaN, G=NaN, B=NaN",NaN,Compare to Exact,NaN,NaN,Ratio1
,,Ratio1,-3.99413200941415,"(0.52686, 0.43428)","W=0.0000, RGB=1.0000","R=1.6215, G=0.7862, B=0.0000",0,Compare to Exact,0,1,Ratio1
,,RatioK,-3.99413200941415,"(0.52686, 0.43428)","W=0.0000, RGB=1.0000","R=1.6215, G=0.7862, B=0.0000",0,Compare to Exact,0,1,Ratio1
,,PureRGB,-3.99413200941415,"(0.52686, 0.43428)","W=0.0000, RGB=1.0000","R=1.6215, G=0.7862, B=0.0000",0,Compare to Exact,0,1,Ratio1
223,"(0.3707, 0.1353, 4.0000)",Exact,-101.146151806864,"(0.37065, 0.13527)","W=-0.0000, RGB=1.0000","R=3.0801, G=0.0000, B=1.1570",0,Compare to Exact,-5.57295429073529e-16,1,Ratio1
,,Projection1,NaN,"(NaN, NaN)","W=NaN, RGB=NaN","R=NaN, G=NaN, B=NaN",NaN,Compare to Exact,NaN,NaN,Ratio1
,,ProjectionK,NaN,"(NaN, NaN)","W=NaN, RGB=NaN","R=NaN, G=NaN, B=NaN",NaN,Compare to Exact,NaN,NaN,Ratio1
,,Ratio1,-101.146151806864,"(0.37065, 0.13527)","W=-0.0000, RGB=1.0000","R=3.0801, G=0.0000, B=1.1570",0,Compare to Exact,-5.57295429073529e-16,1,Ratio1
,,RatioK,-101.146151806864,"(0.37065, 0.13527)","W=-0.0000, RGB=1.0000","R=3.0801, G=0.0000, B=1.1570",0,Compare to Exact,-5.57295429073529e-16,1,Ratio1
,,PureRGB,-101.146151811214,"(0.37065, 0.13527)","W=0.0000, RGB=1.0000","R=3.0801, G=0.0000, B=1.1570",4.34999947174219e-09,Compare to Exact,0,1,Ratio1
224,"(0.3800, 0.1503, 4.0000)",Exact,-57.6869689975816,"(0.38256, 0.14086)","W=0.1072, RGB=0.8928","R=2.7830, G=0.0000, B=0.9567",0,Compare to Exact,0.107228681797118,0.892771318202882,RatioK
,,Projection1,-59.0678810322315,"(0.38199, 0.14297)","W=0.0841, RGB=0.9159","R=2.8055, G=0.0230, B=0.9630",1.3809120346499,Compare to Exact,0.0841367046609474,0.915863295339053,RatioK
,,ProjectionK,-59.7977107619025,"(0.38172, 0.14396)","W=0.0732, RGB=0.9268","R=2.8163, G=0.0340, B=0.9660",2.1107417643209,Compare to Exact,0.0731506407156476,0.926849359284352,RatioK
,,Ratio1,-58.0706509529095,"(0.38239, 0.14148)","W=0.1005, RGB=0.8995","R=2.7896, G=0.0067, B=0.9585",0.383681955327901,Compare to Exact,0.100482675858999,0.899517324141001,RatioK
,,RatioK,-57.8794090466656,"(0.38247, 0.14118)","W=0.1038, RGB=0.8962","R=2.7864, G=0.0034, B=0.9576",0.192440049083999,Compare to Exact,0.103812005805941,0.896187994194059,RatioK
,,PureRGB,-65.8423769373179,"(0.38002, 0.15029)","W=0.0000, RGB=1.0000","R=2.8876, G=0.1069, B=0.9860",8.15540793973629,Compare to Exact,0,1,RatioK
225,"(0.3902, 0.1666, 4.0000)",Exact,-32.356794579201,"(0.39692, 0.14761)","W=0.2018, RGB=0.7982","R=2.5209, G=0.0000, B=0.7799",0,Compare to Exact,0.20184171999877,0.798158280001229,RatioK
,,Projection1,-33.4667835333073,"(0.39649, 0.14883)","W=0.1901, RGB=0.8099","R=2.5324, G=0.0117, B=0.7832",1.1099889541063,Compare to Exact,0.190068465786702,0.809931534213298,RatioK
,,ProjectionK,-33.8944804713201,"(0.39633, 0.14929)","W=0.1856, RGB=0.8144","R=2.5368, G=0.0162, B=0.7844",1.5376858921191,Compare to Exact,0.185564071574704,0.814435928425296,RatioK
,,Ratio1,-33.4878718618013,"(0.39648, 0.14885)","W=0.1898, RGB=0.8102","R=2.5326, G=0.0120, B=0.7832",1.1310772826003,Compare to Exact,0.189845983527662,0.810154016472338,RatioK
,,RatioK,-32.8355349886161,"(0.39674, 0.14814)","W=0.1967, RGB=0.8033","R=2.5259, G=0.0051, B=0.7813",0.478740409415096,Compare to Exact,0.196748058937545,0.803251941062455,RatioK
,,PureRGB,-52.1574930606742,"(0.39020, 0.16662)","W=0.0000, RGB=1.0000","R=2.7177, G=0.2013, B=0.8352",19.8006984814732,Compare to Exact,0,1,RatioK
226,"(0.4013, 0.1844, 4.0000)",Exact,-14.9369889872834,"(0.41459, 0.15591)","W=0.2859, RGB=0.7141","R=2.2879, G=0.0000, B=0.6228",0,Compare to Exact,0.285941801295431,0.714058198704569,Proj1
,,Projection1,-14.9671841946492,"(0.41457, 0.15595)","W=0.2856, RGB=0.7144","R=2.2883, G=0.0003, B=0.6229",0.0301952073658001,Compare to Exact,0.285618063512861,0.714381936487139,Proj1
,,ProjectionK,-14.9713841667185,"(0.41457, 0.15595)","W=0.2856, RGB=0.7144","R=2.2883, G=0.0004, B=0.6229",0.0343951794351014,Compare to Exact,0.285573034798401,0.714426965201599,Proj1
,,Ratio1,-16.4406201701898,"(0.41372, 0.15779)","W=0.2698, RGB=0.7302","R=2.3036, G=0.0161, B=0.6273",1.5036311829064,Compare to Exact,0.269838851674764,0.730161148325236,Proj1
,,RatioK,-15.5433373922433,"(0.41424, 0.15667)","W=0.2794, RGB=0.7206","R=2.2943, G=0.0065, B=0.6246",0.606348404959901,Compare to Exact,0.279443843411895,0.720556156588105,Proj1
,,PureRGB,-41.8244169858994,"(0.40130, 0.18442)","W=0.0000, RGB=1.0000","R=2.5667, G=0.2852, B=0.7012",26.887427998616,Compare to Exact,0,1,Proj1
227,"(0.4135, 0.2039, 4.0000)",Exact,-0.455152493651325,"(0.43686, 0.16636)","W=0.3612, RGB=0.6388","R=2.0795, G=0.0000, B=0.4823",0,Compare to Exact,0.361188925653889,0.638811074346111,RatioK
,,Projection1,-2.11323842336579,"(0.43534, 0.16880)","W=0.3426, RGB=0.6574","R=2.0976, G=0.0185, B=0.4874",1.65808592971447,Compare to Exact,0.342605136942386,0.657394863057614,RatioK
,,ProjectionK,-2.26001210417276,"(0.43521, 0.16901)","W=0.3410, RGB=0.6590","R=2.0992, G=0.0202, B=0.4878",1.80485961052143,Compare to Exact,0.340960507823182,0.659039492176818,RatioK
,,Ratio1,-2.17958497055879,"(0.43528, 0.16889)","W=0.3419, RGB=0.6581","R=2.0983, G=0.0193, B=0.4876",1.72443247690747,Compare to Exact,0.341861703133503,0.658138296866497,RatioK
,,RatioK,-1.13558929831337,"(0.43623, 0.16737)","W=0.3536, RGB=0.6464","R=2.0869, G=0.0076, B=0.4844",0.680436804662045,Compare to Exact,0.353561475527013,0.646438524472987,RatioK
,,PureRGB,-32.664997144919,"(0.41347, 0.20393)","W=0.0000, RGB=1.0000","R=2.4316, G=0.3602, B=0.5812",32.2098446512677,Compare to Exact,0,1,RatioK
228,"(0.4268, 0.2254, 4.0000)",Exact,12.1797042155063,"(0.46577, 0.17995)","W=0.4289, RGB=0.5711","R=1.8919, G=0.0000, B=0.3558",0,Compare to Exact,0.428911081760655,0.571088918239345,RatioK
,,Projection1,8.47934446073695,"(0.46049, 0.18611)","W=0.3856, RGB=0.6144","R=1.9341, G=0.0432, B=0.3677",3.70035975476935,Compare to Exact,0.385608245207327,0.614391754792673,RatioK
,,ProjectionK,8.17217647867054,"(0.46007, 0.18660)","W=0.3820, RGB=0.6180","R=1.9376, G=0.0468, B=0.3686",4.00752773683576,Compare to Exact,0.382013521351598,0.617986478648402,RatioK
,,Ratio1,10.3115248039063,"(0.46305, 0.18312)","W=0.4070, RGB=0.5930","R=1.9132, G=0.0218, B=0.3618",1.8681794116,Compare to Exact,0.407049143266626,0.592950856733374,RatioK
,,RatioK,11.4557674354306,"(0.46470, 0.18119)","W=0.4204, RGB=0.5796","R=1.9001, G=0.0084, B=0.3581",0.7239367800757,Compare to Exact,0.420439299688011,0.579560700311989,RatioK
,,PureRGB,-24.4331632913311,"(0.42684, 0.22538)","W=0.0000, RGB=1.0000","R=2.3100, G=0.4278, B=0.4733",36.6128675068374,Compare to Exact,0,1,RatioK
229,"(0.4416, 0.2491, 4.0000)",Exact,23.4281694591859,"(0.50484, 0.19830)","W=0.4902, RGB=0.5098","R=1.7221, G=0.0000, B=0.2413",0,Compare to Exact,0.49018329988626,0.50981670011374,RatioK
,,Projection1,17.3829340623512,"(0.49125, 0.20922)","W=0.4170, RGB=0.5830","R=1.7935, G=0.0730, B=0.2614",6.0452353968347,Compare to Exact,0.417006280726172,0.582993719273828,RatioK
,,ProjectionK,16.992115014519,"(0.49044, 0.20987)","W=0.4123, RGB=0.5877","R=1.7981, G=0.0777, B=0.2627",6.4360544446669,Compare to Exact,0.412279184537872,0.587720815462128,RatioK
,,Ratio1,21.4585198902986,"(0.50017, 0.20206)","W=0.4663, RGB=0.5337","R=1.7454, G=0.0238, B=0.2479",1.9696495688873,Compare to Exact,0.466330172000163,0.533669827999837,RatioK
,,RatioK,22.6832524923332,"(0.50305, 0.19974)","W=0.4812, RGB=0.5188","R=1.7309, G=0.0090, B=0.2438",0.744916966852699,Compare to Exact,0.481161009606671,0.518838990393329,RatioK
,,PureRGB,-17.5106506249633,"(0.44162, 0.24908)","W=0.0000, RGB=1.0000","R=2.2000, G=0.4889, B=0.3756",40.9388200841492,Compare to Exact,0,1,RatioK
230,"(0.4580, 0.2754, 4.0000)",Exact,33.5040971228618,"(0.56057, 0.22447)","W=0.5459, RGB=0.4541","R=1.5678, G=0.0000, B=0.1373",0,Compare to Exact,0.54588514421115,0.45411485578885,RatioK
,,Projection1,25.0380001008831,"(0.53022, 0.23955)","W=0.4423, RGB=0.5577","R=1.6688, G=0.1033, B=0.1657",8.4660970219787,Compare to Exact,0.442280281126972,0.557719718873028,RatioK
,,ProjectionK,23.6398717696455,"(0.52600, 0.24165)","W=0.4253, RGB=0.5747","R=1.6853, G=0.1202, B=0.1703",9.8642253532163,Compare to Exact,0.425342861737288,0.574657138262712,RatioK
,,Ratio1,31.4394226347994,"(0.55231, 0.22858)","W=0.5205, RGB=0.4795","R=1.5926, G=0.0253, B=0.1443",2.0646744880624,Compare to Exact,0.520472738372343,0.479527261627657,RatioK
,,RatioK,32.7508547754863,"(0.55748, 0.22601)","W=0.5366, RGB=0.4634","R=1.5769, G=0.0093, B=0.1398",0.753242347375497,Compare to Exact,0.536604770267372,0.463395229732628,RatioK
,,PureRGB,-12.6649213396156,"(0.45804, 0.27541)","W=0.0000, RGB=1.0000","R=2.1000, G=0.5445, B=0.2868",46.1690184624774,Compare to Exact,0,1,RatioK
231,"(0.4764, 0.3048, 4.0000)",Exact,42.2736459072205,"(0.64647, 0.26482)","W=0.5967, RGB=0.4033","R=1.4269, G=0.0000, B=0.0423",0,Compare to Exact,0.596743206710142,0.403256793289858,RatioK
,,Projection1,31.6351839640351,"(0.58457, 0.27939)","W=0.4715, RGB=0.5285","R=1.5490, G=0.1249, B=0.0766",10.6384619431854,Compare to Exact,0.47149691760737,0.52850308239263,RatioK
,,ProjectionK,35.56224030958,"(0.60421, 0.27477)","W=0.5173, RGB=0.4827","R=1.5044, G=0.0792, B=0.0641",6.7114055976405,Compare to Exact,0.517331187537943,0.482668812462057,RatioK
,,Ratio1,40.0399330527256,"(0.63093, 0.26848)","W=0.5701, RGB=0.4299","R=1.4529, G=0.0266, B=0.0496",2.2337128544949,Compare to Exact,0.570117190430428,0.429882809569572,RatioK
,,RatioK,40.2994047316851,"(0.63265, 0.26808)","W=0.5732, RGB=0.4268","R=1.4499, G=0.0235, B=0.0488",1.9742411755354,Compare to Exact,0.5731987524364,0.4268012475636,RatioK
,,PureRGB,-9.20142271429502,"(0.47639, 0.30484)","W=0.0000, RGB=1.0000","R=2.0087, G=0.5952, B=0.2058",51.4750686215155,Compare to Exact,0,1,RatioK
232,"(0.4970, 0.3379, 4.0000)",Exact,34.7590743818748,"(0.65067, 0.33650)","W=0.4799, RGB=0.5201","R=1.4571, G=0.1630, B=0.0000",0,Compare to Exact,0.479919773136581,0.520080226863419,Ratio1
,,Projection1,31.5398907894507,"(0.62970, 0.33669)","W=0.4433, RGB=0.5567","R=1.4928, G=0.1995, B=0.0100",3.2191835924241,Compare to Exact,0.443319394648251,0.556680605351749,Ratio1
,,ProjectionK,28.4942189058282,"(0.61221, 0.33686)","W=0.4087, RGB=0.5913","R=1.5266, G=0.2341, B=0.0195",6.2648554760466,Compare to Exact,0.408663300408004,0.591336699591996,Ratio1
,,Ratio1,32.9504748910751,"(0.63854, 0.33661)","W=0.4594, RGB=0.5406","R=1.4772, G=0.1835, B=0.0056",1.80859949079969,Compare to Exact,0.459360318396476,0.540639681603524,Ratio1
,,RatioK,32.583823221396,"(0.63619, 0.33663)","W=0.4552, RGB=0.5448","R=1.4812, G=0.1877, B=0.0068",2.17525116047879,Compare to Exact,0.455191356121974,0.544808643878026,Ratio1
,,PureRGB,-7.13210214881189,"(0.49703, 0.33793)","W=0.0000, RGB=1.0000","R=1.9250, G=0.6417, B=0.1315",41.8911765306867,Compare to Exact,0,1,Ratio1
233,"(0.5204, 0.3754, 4.0000)",Exact,14.1231797228406,"(0.58582, 0.38771)","W=0.2304, RGB=0.7696","R=1.6234, G=0.4547, B=0.0000",0,Compare to Exact,0.230361230055852,0.769638769944147,RatioK
,,Projection1,11.4546331644848,"(0.57460, 0.38560)","W=0.1995, RGB=0.8005","R=1.6535, G=0.4854, B=0.0084",2.6685465583558,Compare to Exact,0.199549889004407,0.800450110995592,RatioK
,,ProjectionK,9.46821467727702,"(0.56685, 0.38415)","W=0.1766, RGB=0.8234","R=1.6759, G=0.5083, B=0.0147",4.65496504556358,Compare to Exact,0.17658395329213,0.82341604670787,RatioK
,,Ratio1,13.3008208284083,"(0.58226, 0.38704)","W=0.2209, RGB=0.7791","R=1.6327, G=0.4642, B=0.0026",0.8223588944323,Compare to Exact,0.220871192456529,0.779128807543471,RatioK
,,RatioK,13.9668030700789,"(0.58514, 0.38758)","W=0.2286, RGB=0.7714","R=1.6252, G=0.4565, B=0.0005",0.156376652761701,Compare to Exact,0.228556984166945,0.771443015833055,RatioK
,,PureRGB,-5.73075256499763,"(0.52041, 0.37543)","W=0.0000, RGB=1.0000","R=1.8480, G=0.6845, B=0.0631",19.8539322878382,Compare to Exact,0,1,RatioK
234,"(0.5471, 0.4183, 4.0000)",Exact,-4.79807609773525,"(0.54713, 0.41827)","W=0.0000, RGB=1.0000","R=1.7769, G=0.7240, B=0.0000",0,Compare to Exact,0,1,Ratio1
,,Projection1,NaN,"(NaN, NaN)","W=NaN, RGB=NaN","R=NaN, G=NaN, B=NaN",NaN,Compare to Exact,NaN,NaN,Ratio1
,,ProjectionK,NaN,"(NaN, NaN)","W=NaN, RGB=NaN","R=NaN, G=NaN, B=NaN",NaN,Compare to Exact,NaN,NaN,Ratio1
,,Ratio1,-4.79807609773525,"(0.54713, 0.41827)","W=0.0000, RGB=1.0000","R=1.7769, G=0.7240, B=0.0000",0,Compare to Exact,0,1,Ratio1
,,RatioK,-4.79807609773525,"(0.54713, 0.41827)","W=0.0000, RGB=1.0000","R=1.7769, G=0.7240, B=0.0000",0,Compare to Exact,0,1,Ratio1
,,PureRGB,-4.79807609773525,"(0.54713, 0.41827)","W=0.0000, RGB=1.0000","R=1.7769, G=0.7240, B=0.0000",0,Compare to Exact,0,1,Ratio1
235,"(0.3944, 0.1464, 4.0000)",Exact,-82.5768727550716,"(0.39437, 0.14641)","W=0.0000, RGB=1.0000","R=3.1514, G=0.0000, B=0.9933",0,Compare to Exact,5.14895243668175e-16,0.999999999999999,Ratio1
,,Projection1,NaN,"(NaN, NaN)","W=NaN, RGB=NaN","R=NaN, G=NaN, B=NaN",NaN,Compare to Exact,NaN,NaN,Ratio1
,,ProjectionK,NaN,"(NaN, NaN)","W=NaN, RGB=NaN","R=NaN, G=NaN, B=NaN",NaN,Compare to Exact,NaN,NaN,Ratio1
,,Ratio1,-82.5768727550716,"(0.39437, 0.14641)","W=0.0000, RGB=1.0000","R=3.1514, G=0.0000, B=0.9933",0,Compare to Exact,5.14895243668175e-16,0.999999999999999,Ratio1
,,RatioK,-82.5768727550716,"(0.39437, 0.14641)","W=0.0000, RGB=1.0000","R=3.1514, G=0.0000, B=0.9933",0,Compare to Exact,5.14895243668175e-16,0.999999999999999,Ratio1
,,PureRGB,-82.5768727550718,"(0.39437, 0.14641)","W=0.0000, RGB=1.0000","R=3.1514, G=0.0000, B=0.9933",1.98951966012828e-13,Compare to Exact,0,1,Ratio1
236,"(0.4050, 0.1623, 4.0000)",Exact,-41.8765135569286,"(0.40883, 0.15320)","W=0.1016, RGB=0.8984","R=2.8656, G=0.0000, B=0.8132",0,Compare to Exact,0.101624279361754,0.898375720638246,RatioK
,,Projection1,-42.0913244112677,"(0.40868, 0.15357)","W=0.0976, RGB=0.9024","R=2.8695, G=0.0040, B=0.8143",0.214810854339099,Compare to Exact,0.0976445295500459,0.902355470449954,RatioK
,,ProjectionK,-42.2042283586709,"(0.40859, 0.15377)","W=0.0956, RGB=0.9044","R=2.8715, G=0.0060, B=0.8149",0.327714801742303,Compare to Exact,0.0955909951685384,0.904409004831462,RatioK
,,Ratio1,-42.2067722904785,"(0.40859, 0.15377)","W=0.0955, RGB=0.9045","R=2.8716, G=0.0061, B=0.8149",0.330258733549897,Compare to Exact,0.0955450275989917,0.904454972401008,RatioK
,,RatioK,-42.0539328948046,"(0.40870, 0.15351)","W=0.0983, RGB=0.9017","R=2.8688, G=0.0033, B=0.8141",0.177419337876003,Compare to Exact,0.0983304138719823,0.901669586128018,RatioK
,,PureRGB,-49.4499042338766,"(0.40496, 0.16225)","W=0.0000, RGB=1.0000","R=2.9647, G=0.1014, B=0.8411",7.573390676948,Compare to Exact,0,1,RatioK
237,"(0.4165, 0.1795, 4.0000)",Exact,-18.4306986646637,"(0.42637, 0.16144)","W=0.1919, RGB=0.8081","R=2.6118, G=0.0000, B=0.6532",0,Compare to Exact,0.191882241618792,0.808117758381208,RatioK
,,Projection1,-19.3863111691551,"(0.42580, 0.16248)","W=0.1819, RGB=0.8181","R=2.6216, G=0.0100, B=0.6560",0.955612504491398,Compare to Exact,0.181890656695485,0.818109343304515,RatioK
,,ProjectionK,-19.452885380175,"(0.42576, 0.16255)","W=0.1812, RGB=0.8188","R=2.6223, G=0.0107, B=0.6562",1.0221867155113,Compare to Exact,0.181197918541459,0.81880208145854,RatioK
,,Ratio1,-19.4710261582827,"(0.42575, 0.16257)","W=0.1810, RGB=0.8190","R=2.6224, G=0.0108, B=0.6562",1.040327493619,Compare to Exact,0.181009224881134,0.818990775118866,RatioK
,,RatioK,-18.9162195406357,"(0.42608, 0.16197)","W=0.1868, RGB=0.8132","R=2.6168, G=0.0051, B=0.6546",0.485520875972,Compare to Exact,0.186794169099575,0.813205830900425,RatioK
,,PureRGB,-37.5590344485521,"(0.41650, 0.17950)","W=0.0000, RGB=1.0000","R=2.7989, G=0.1914, B=0.7058",19.1283357838884,Compare to Exact,0,1,RatioK
238,"(0.4291, 0.1984, 4.0000)",Exact,-3.20219009799164,"(0.44806, 0.17163)","W=0.2726, RGB=0.7274","R=2.3849, G=0.0000, B=0.5102",0,Compare to Exact,0.272579817008147,0.727420182991853,RatioK
,,Projection1,-6.01086426931998,"(0.44568, 0.17498)","W=0.2433, RGB=0.7567","R=2.4135, G=0.0292, B=0.5182",2.80867417132834,Compare to Exact,0.24326315211502,0.75673684788498,RatioK
,,ProjectionK,-6.22364302783931,"(0.44551, 0.17523)","W=0.2410, RGB=0.7590","R=2.4157, G=0.0315, B=0.5188",3.02145292984767,Compare to Exact,0.241046547408724,0.758953452591276,RatioK
,,Ratio1,-4.6064413712662,"(0.44686, 0.17332)","W=0.2579, RGB=0.7421","R=2.3992, G=0.0146, B=0.5142",1.40425127327456,Compare to Exact,0.257908066706773,0.742091933293227,RatioK
,,RatioK,-3.83715760664363,"(0.44751, 0.17240)","W=0.2659, RGB=0.7341","R=2.3914, G=0.0066, B=0.5120",0.63496750865199,Compare to Exact,0.265941728887764,0.734058271112236,RatioK
,,PureRGB,-29.5016890493155,"(0.42911, 0.19836)","W=0.0000, RGB=1.0000","R=2.6507, G=0.2719, B=0.5849",26.2994989513239,Compare to Exact,0,1,RatioK
239,"(0.4429, 0.2191, 4.0000)",Exact,9.20891337760731,"(0.47558, 0.18456)","W=0.3452, RGB=0.6548","R=2.1808, G=0.0000, B=0.3815",0,Compare to Exact,0.345159599765711,0.654840400234289,RatioK
,,Projection1,4.38033184992744,"(0.46944, 0.19105)","W=0.2925, RGB=0.7075","R=2.2322, G=0.0526, B=0.3960",4.82858152767987,Compare to Exact,0.292469863883343,0.707530136116657,RatioK
,,ProjectionK,4.0222471336791,"(0.46901, 0.19151)","W=0.2886, RGB=0.7114","R=2.2360, G=0.0564, B=0.3970",5.18666624392821,Compare to Exact,0.288563713638941,0.71143628636106,RatioK
,,Ratio1,7.58806652046564,"(0.47346, 0.18680)","W=0.3275, RGB=0.6725","R=2.1981, G=0.0176, B=0.3864",1.62084685714167,Compare to Exact,0.327467757009269,0.672532242990731,RatioK
,,RatioK,8.48354410522786,"(0.47463, 0.18557)","W=0.3372, RGB=0.6628","R=2.1886, G=0.0079, B=0.3837",0.725369272379449,Compare to Exact,0.337241185971445,0.662758814028555,RatioK
,,PureRGB,-22.3914061604733,"(0.44295, 0.21906)","W=0.0000, RGB=1.0000","R=2.5174, G=0.3443, B=0.4761",31.6003195380806,Compare to Exact,0,1,RatioK
240,"(0.4582, 0.2419, 4.0000)",Exact,20.0599611487021,"(0.51165, 0.20150)","W=0.4108, RGB=0.5892","R=1.9963, G=0.0000, B=0.2652",0,Compare to Exact,0.410787846978766,0.589212153021234,RatioK
,,Projection1,13.1422907143144,"(0.49821, 0.21166)","W=0.3319, RGB=0.6681","R=2.0732, G=0.0787, B=0.2868",6.9176704343877,Compare to Exact,0.331864616798427,0.668135383201573,RatioK
,,ProjectionK,12.7128464008099,"(0.49744, 0.21224)","W=0.3270, RGB=0.6730","R=2.0780, G=0.0836, B=0.2882",7.3471147478922,Compare to Exact,0.326963267332737,0.673036732667263,RatioK
,,Ratio1,18.2980989512536,"(0.50803, 0.20424)","W=0.3907, RGB=0.6093","R=2.0159, G=0.0200, B=0.2707",1.7618621974485,Compare to Exact,0.390691104581927,0.609308895418073,RatioK
,,RatioK,19.2794951433602,"(0.51003, 0.20272)","W=0.4019, RGB=0.5981","R=2.0050, G=0.0089, B=0.2677",0.7804660053419,Compare to Exact,0.401885658596632,0.598114341403368,RatioK
,,PureRGB,-15.8860699840169,"(0.45821, 0.24189)","W=0.0000, RGB=1.0000","R=2.3968, G=0.4097, B=0.3777",35.946031132719,Compare to Exact,0,1,RatioK
241,"(0.4751, 0.2672, 4.0000)",Exact,29.7788326096999,"(0.56099, 0.22467)","W=0.4704, RGB=0.5296","R=1.8286, G=0.0000, B=0.1595",0,Compare to Exact,0.470417622153326,0.529582377846674,RatioK
,,Projection1,20.9529154360084,"(0.53427, 0.23790)","W=0.3662, RGB=0.6338","R=1.9302, G=0.1039, B=0.1881",8.8259171736915,Compare to Exact,0.366237961647962,0.633762038352038,RatioK
,,ProjectionK,19.5166103250954,"(0.53050, 0.23977)","W=0.3493, RGB=0.6507","R=1.9467, G=0.1208, B=0.1927",10.2622222846045,Compare to Exact,0.3493070511409,0.6506929488591,RatioK
,,Ratio1,27.9153689851008,"(0.55478, 0.22775)","W=0.4484, RGB=0.5516","R=1.8501, G=0.0220, B=0.1655",1.8634636245991,Compare to Exact,0.448406180777383,0.551593819222617,RatioK
,,RatioK,28.9686457395176,"(0.55825, 0.22603)","W=0.4608, RGB=0.5392","R=1.8380, G=0.0095, B=0.1621",0.810186870182299,Compare to Exact,0.460846828385189,0.539153171614811,RatioK
,,PureRGB,-10.4352267748423,"(0.47512, 0.26718)","W=0.0000, RGB=1.0000","R=2.2873, G=0.4692, B=0.2884",40.2140593845422,Compare to Exact,0,1,RatioK
242,"(0.4940, 0.2954, 4.0000)",Exact,38.4728361594924,"(0.63255, 0.25829)","W=0.5248, RGB=0.4752","R=1.6756, G=0.0000, B=0.0631",0,Compare to Exact,0.524835381351202,0.475164618648798,RatioK
,,Projection1,28.15576707453,"(0.58286, 0.27158)","W=0.4026, RGB=0.5974","R=1.7948, G=0.1220, B=0.0966",10.3170690849624,Compare to Exact,0.40255159238586,0.59744840761414,RatioK
,,ProjectionK,27.8844557485391,"(0.58178, 0.27187)","W=0.3994, RGB=0.6006","R=1.7979, G=0.1251, B=0.0974",10.5883804109533,Compare to Exact,0.399371666106635,0.600628333893365,RatioK
,,Ratio1,36.5037529695688,"(0.62153, 0.26123)","W=0.5013, RGB=0.4987","R=1.6986, G=0.0235, B=0.0695",1.9690831899236,Compare to Exact,0.50130279033049,0.49869720966951,RatioK
,,RatioK,37.0954368974674,"(0.62476, 0.26037)","W=0.5084, RGB=0.4916","R=1.6917, G=0.0164, B=0.0676",1.377399262025,Compare to Exact,0.508365393395091,0.491634606604909,RatioK
,,PureRGB,-6.93274097026236,"(0.49397, 0.29537)","W=0.0000, RGB=1.0000","R=2.1873, G=0.5235, B=0.2068",45.4055771297548,Compare to Exact,0,1,RatioK
243,"(0.5151, 0.3270, 4.0000)",Exact,37.4632503325295,"(0.67648, 0.31611)","W=0.4823, RGB=0.5177","R=1.6255, G=0.0922, B=0.0000",0,Compare to Exact,0.482284345549315,0.517715654450685,Ratio1
,,Projection1,34.1736450580302,"(0.65464, 0.31758)","W=0.4450, RGB=0.5550","R=1.6619, G=0.1294, B=0.0102",3.28960527449929,Compare to Exact,0.444987402409411,0.555012597590589,Ratio1
,,ProjectionK,31.82162512133,"(0.64065, 0.31852)","W=0.4183, RGB=0.5817","R=1.6879, G=0.1559, B=0.0175",5.6416252111995,Compare to Exact,0.41834377062054,0.58165622937946,Ratio1
,,Ratio1,35.6329263912374,"(0.66398, 0.31695)","W=0.4615, RGB=0.5385","R=1.6458, G=0.1129, B=0.0057",1.8303239412921,Compare to Exact,0.46152617962277,0.53847382037723,Ratio1
,,RatioK,35.1367292336943,"(0.66074, 0.31717)","W=0.4559, RGB=0.5441","R=1.6512, G=0.1185, B=0.0072",2.3265210988352,Compare to Exact,0.455901595424213,0.544098404575787,Ratio1
,,PureRGB,-4.95234557196521,"(0.51510, 0.32697)","W=0.0000, RGB=1.0000","R=2.0957, G=0.5732, B=0.1321",42.4155959044947,Compare to Exact,0,1,Ratio1
244,"(0.5390, 0.3627, 4.0000)",Exact,15.8733088347462,"(0.60791, 0.37027)","W=0.2315, RGB=0.7685","R=1.7858, G=0.3881, B=0.0000",0,Compare to Exact,0.231450607853032,0.768549392146968,RatioK
,,Projection1,13.0012337960484,"(0.59545, 0.36890)","W=0.1985, RGB=0.8015","R=1.8180, G=0.4209, B=0.0090",2.8720750386978,Compare to Exact,0.198502029352729,0.801497970647271,RatioK
,,ProjectionK,10.4077820925967,"(0.58511, 0.36775)","W=0.1687, RGB=0.8313","R=1.8470, G=0.4507, B=0.0172",5.4655267421495,Compare to Exact,0.168704030985149,0.831295969014851,RatioK
,,Ratio1,15.0379193317277,"(0.60417, 0.36986)","W=0.2219, RGB=0.7781","R=1.7952, G=0.3976, B=0.0026",0.835389503018501,Compare to Exact,0.221872467274408,0.778127532725592,RatioK
,,RatioK,15.7360356090982,"(0.60729, 0.37020)","W=0.2299, RGB=0.7701","R=1.7874, G=0.3897, B=0.0004",0.137273225648,Compare to Exact,0.229877013235418,0.770122986764582,RatioK
,,PureRGB,-4.20416717422089,"(0.53896, 0.36266)","W=0.0000, RGB=1.0000","R=2.0115, G=0.6189, B=0.0634",20.0774760089671,Compare to Exact,0,1,RatioK
245,"(0.5661, 0.4033, 4.0000)",Exact,-3.91132915278798,"(0.56612, 0.40328)","W=0.0000, RGB=1.0000","R=1.9338, G=0.6611, B=0.0000",0,Compare to Exact,1.869293795863e-16,1,Ratio1
,,Projection1,NaN,"(NaN, NaN)","W=NaN, RGB=NaN","R=NaN, G=NaN, B=NaN",NaN,Compare to Exact,NaN,NaN,Ratio1
,,ProjectionK,NaN,"(NaN, NaN)","W=NaN, RGB=NaN","R=NaN, G=NaN, B=NaN",NaN,Compare to Exact,NaN,NaN,Ratio1
,,Ratio1,-3.91132915278798,"(0.56612, 0.40328)","W=0.0000, RGB=1.0000","R=1.9338, G=0.6611, B=0.0000",0,Compare to Exact,1.869293795863e-16,1,Ratio1
,,RatioK,-3.91132915278798,"(0.56612, 0.40328)","W=0.0000, RGB=1.0000","R=1.9338, G=0.6611, B=0.0000",0,Compare to Exact,1.869293795863e-16,1,Ratio1
,,PureRGB,-3.91132915278803,"(0.56612, 0.40328)","W=0.0000, RGB=1.0000","R=1.9338, G=0.6611, B=0.0000",5.01820807130571e-14,Compare to Exact,0,1,Ratio1
246,"(0.4192, 0.1581, 4.0000)",Exact,-63.9689549898709,"(0.41916, 0.15805)","W=0.0000, RGB=1.0000","R=3.2152, G=0.0000, B=0.8470",0,Compare to Exact,0,1,PureRGB
,,Projection1,NaN,"(NaN, NaN)","W=NaN, RGB=NaN","R=NaN, G=NaN, B=NaN",NaN,Compare to Exact,NaN,NaN,PureRGB
,,ProjectionK,NaN,"(NaN, NaN)","W=NaN, RGB=NaN","R=NaN, G=NaN, B=NaN",NaN,Compare to Exact,NaN,NaN,PureRGB
,,Ratio1,-63.9689549912193,"(0.41916, 0.15805)","W=-0.0000, RGB=1.0000","R=3.2152, G=0.0000, B=0.8470",1.34839694965194e-09,Compare to Exact,-4.76958334149971e-16,1,PureRGB
,,RatioK,-63.9689549912193,"(0.41916, 0.15805)","W=-0.0000, RGB=1.0000","R=3.2152, G=0.0000, B=0.8470",1.34839694965194e-09,Compare to Exact,-4.76958334149971e-16,1,PureRGB
,,PureRGB,-63.9689549898709,"(0.41916, 0.15805)","W=0.0000, RGB=1.0000","R=3.2152, G=0.0000, B=0.8470",0,Compare to Exact,0,1,PureRGB
247,"(0.4311, 0.1748, 4.0000)",Exact,-26.4803536045742,"(0.43642, 0.16616)","W=0.0966, RGB=0.9034","R=2.9400, G=0.0000, B=0.6840",0,Compare to Exact,0.0965766165896035,0.903423383410396,RatioK
,,Projection1,-27.5851062224859,"(0.43528, 0.16800)","W=0.0768, RGB=0.9232","R=2.9593, G=0.0197, B=0.6894",1.1047526179117,Compare to Exact,0.076812968299322,0.923187031700678,RatioK
,,ProjectionK,-27.652456558537,"(0.43522, 0.16810)","W=0.0757, RGB=0.9243","R=2.9604, G=0.0208, B=0.6897",1.1721029539628,Compare to Exact,0.0756930467643248,0.924306953235675,RatioK
,,Ratio1,-26.7737106188934,"(0.43610, 0.16668)","W=0.0911, RGB=0.9089","R=2.9454, G=0.0055, B=0.6855",0.293357014319199,Compare to Exact,0.0910699157719408,0.908930084228059,RatioK
,,RatioK,-26.6510592765372,"(0.43623, 0.16646)","W=0.0933, RGB=0.9067","R=2.9432, G=0.0032, B=0.6849",0.170705671962999,Compare to Exact,0.0933495754989969,0.906650424501003,RatioK
,,PureRGB,-33.6589622945213,"(0.43108, 0.17478)","W=0.0000, RGB=1.0000","R=3.0342, G=0.0963, B=0.7105",7.1786086899471,Compare to Exact,0,1,RatioK
248,"(0.4441, 0.1930, 4.0000)",Exact,-5.07720545843507,"(0.45745, 0.17604)","W=0.1829, RGB=0.8171","R=2.6942, G=0.0000, B=0.5384",0,Compare to Exact,0.182859407699379,0.817140592300621,RatioK
,,Projection1,-8.82893786142615,"(0.45437, 0.17995)","W=0.1442, RGB=0.8558","R=2.7319, G=0.0386, B=0.5490",3.75173240299108,Compare to Exact,0.144152016624158,0.855847983375842,RatioK
,,ProjectionK,-8.49591232964849,"(0.45463, 0.17962)","W=0.1476, RGB=0.8524","R=2.7286, G=0.0352, B=0.5481",3.41870687121342,Compare to Exact,0.147550688044313,0.852449311955687,RatioK
,,Ratio1,-6.02719264958352,"(0.45664, 0.17706)","W=0.1730, RGB=0.8270","R=2.7038, G=0.0099, B=0.5411",0.94998719114845,Compare to Exact,0.172958526488481,0.827041473511519,RatioK
,,RatioK,-5.57284541695188,"(0.45703, 0.17657)","W=0.1777, RGB=0.8223","R=2.6992, G=0.0052, B=0.5399",0.495639958516811,Compare to Exact,0.177683608200987,0.822316391799013,RatioK
,,PureRGB,-23.3196181246391,"(0.44410, 0.19303)","W=0.0000, RGB=1.0000","R=2.8725, G=0.1824, B=0.5885",18.242412666204,Compare to Exact,0,1,RatioK
249,"(0.4584, 0.2130, 4.0000)",Exact,8.40549160111625,"(0.48361, 0.18832)","W=0.2604, RGB=0.7396","R=2.4732, G=0.0000, B=0.4076",0,Compare to Exact,0.260410885616909,0.73958911438309,RatioK
,,Projection1,2.53447081849819,"(0.47691, 0.19487)","W=0.2000, RGB=0.8000","R=2.5321, G=0.0602, B=0.4241",5.87102078261806,Compare to Exact,0.200026470493254,0.799973529506746,RatioK
,,ProjectionK,2.95610472465195,"(0.47737, 0.19442)","W=0.2043, RGB=0.7957","R=2.5279, G=0.0559, B=0.4230",5.4493868764643,Compare to Exact,0.204345840898482,0.795654159101518,RatioK
,,Ratio1,7.10535356850661,"(0.48207, 0.18983)","W=0.2470, RGB=0.7530","R=2.4863, G=0.0134, B=0.4113",1.30013803260964,Compare to Exact,0.24698763637918,0.75301236362082,RatioK
,,RatioK,7.73892859205934,"(0.48281, 0.18910)","W=0.2535, RGB=0.7465","R=2.4800, G=0.0069, B=0.4095",0.66656300905691,Compare to Exact,0.253524660565947,0.746475339434053,RatioK
,,PureRGB,-17.1231475126731,"(0.45835, 0.21303)","W=0.0000, RGB=1.0000","R=2.7271, G=0.2597, B=0.4789",25.5286391137893,Compare to Exact,0,1,RatioK
250,"(0.4740, 0.2350, 4.0000)",Exact,18.9522873915278,"(0.51705, 0.20403)","W=0.3305, RGB=0.6695","R=2.2736, G=0.0000, B=0.2894",0,Compare to Exact,0.330492558376647,0.669507441623353,RatioK
,,Projection1,11.1564634542718,"(0.50395, 0.21347)","W=0.2471, RGB=0.7529","R=2.3549, G=0.0832, B=0.3122",7.795823937256,Compare to Exact,0.24707525958564,0.75292474041436,RatioK
,,ProjectionK,10.1821834083877,"(0.50244, 0.21456)","W=0.2367, RGB=0.7633","R=2.3651, G=0.0936, B=0.3151",8.7701039831401,Compare to Exact,0.236655174678282,0.763344825321718,RatioK
,,Ratio1,17.4340866451853,"(0.51435, 0.20598)","W=0.3142, RGB=0.6858","R=2.2894, G=0.0162, B=0.2938",1.5182007463425,Compare to Exact,0.314236940146052,0.685763059853948,RatioK
,,RatioK,18.1760863442306,"(0.51566, 0.20504)","W=0.3222, RGB=0.6778","R=2.2817, G=0.0083, B=0.2916",0.776201047297199,Compare to Exact,0.322180661932811,0.677819338067189,RatioK
,,PureRGB,-11.915092126856,"(0.47404, 0.23503)","W=0.0000, RGB=1.0000","R=2.5958, G=0.3296, B=0.3799",30.8673795183838,Compare to Exact,0,1,RatioK
251,"(0.4914, 0.2593, 4.0000)",Exact,28.1155276277192,"(0.56131, 0.22482)","W=0.3941, RGB=0.6059","R=2.0923, G=0.0000, B=0.1820",0,Compare to Exact,0.394134081661769,0.605865918338231,RatioK
,,Projection1,18.7498607472817,"(0.53745, 0.23660)","W=0.2894, RGB=0.7106","R=2.1944, G=0.1045, B=0.2107",9.3656668804375,Compare to Exact,0.28938317972004,0.71061682027996,RatioK
,,ProjectionK,17.2356622933497,"(0.53404, 0.23828)","W=0.2724, RGB=0.7276","R=2.2109, G=0.1214, B=0.2153",10.8798653343695,Compare to Exact,0.272435067991955,0.727564932008045,RatioK
,,Ratio1,26.4574488765939,"(0.55670, 0.22710)","W=0.3756, RGB=0.6244","R=2.1103, G=0.0185, B=0.1871",1.6580787511253,Compare to Exact,0.375597028536583,0.624402971463417,RatioK
,,RatioK,27.2736068151993,"(0.55894, 0.22599)","W=0.3847, RGB=0.6153","R=2.1014, G=0.0094, B=0.1846",0.841920812519898,Compare to Exact,0.384721829643497,0.615278170356503,RatioK
,,PureRGB,-7.06109106493338,"(0.49138, 0.25935)","W=0.0000, RGB=1.0000","R=2.4765, G=0.3931, B=0.2899",35.1766186926526,Compare to Exact,0,1,RatioK
252,"(0.5107, 0.2864, 4.0000)",Exact,36.348897143644,"(0.62264, 0.25363)","W=0.4522, RGB=0.5478","R=1.9269, G=0.0000, B=0.0840",0,Compare to Exact,0.452184184049798,0.547815815950201,RatioK
,,Projection1,25.9529796693692,"(0.58130, 0.26572)","W=0.3320, RGB=0.6680","R=2.0440, G=0.1198, B=0.1170",10.3959174742748,Compare to Exact,0.332024627059918,0.667975372940082,RatioK
,,ProjectionK,26.617165227128,"(0.58359, 0.26505)","W=0.3397, RGB=0.6603","R=2.0366, G=0.1122, B=0.1149",9.731731916516,Compare to Exact,0.339690555583927,0.660309444416073,RatioK
,,Ratio1,34.5878112205635,"(0.61470, 0.25595)","W=0.4318, RGB=0.5682","R=1.9467, G=0.0203, B=0.0896",1.7610859230805,Compare to Exact,0.431809052535878,0.568190947464122,RatioK
,,RatioK,35.3553720524474,"(0.61811, 0.25495)","W=0.4407, RGB=0.5593","R=1.9381, G=0.0115, B=0.0872",0.993525091196602,Compare to Exact,0.440688757521245,0.559311242478755,RatioK
,,PureRGB,-3.09431325149791,"(0.51065, 0.28638)","W=0.0000, RGB=1.0000","R=2.3677, G=0.4510, B=0.2079",39.4432103951419,Compare to Exact,0,1,RatioK
253,"(0.5322, 0.3166, 4.0000)",Exact,41.7208788239126,"(0.69976, 0.29773)","W=0.4847, RGB=0.5153","R=1.7956, G=0.0206, B=0.0000",0,Compare to Exact,0.484672333905115,0.515327666094885,Ratio1
,,Projection1,38.4582742507308,"(0.67745, 0.30024)","W=0.4470, RGB=0.5530","R=1.8323, G=0.0582, B=0.0103",3.2626045731818,Compare to Exact,0.447046511447849,0.552953488552151,Ratio1
,,ProjectionK,35.0315289258995,"(0.65687, 0.30256)","W=0.4078, RGB=0.5922","R=1.8705, G=0.0973, B=0.0211",6.6893498980131,Compare to Exact,0.40778516265396,0.59221483734604,Ratio1
,,Ratio1,39.9060628081068,"(0.68699, 0.29917)","W=0.4637, RGB=0.5363","R=1.8160, G=0.0415, B=0.0057",1.8148160158058,Compare to Exact,0.463712561460274,0.536287438539726,Ratio1
,,RatioK,38.3123496705386,"(0.67652, 0.30035)","W=0.4454, RGB=0.5546","R=1.8339, G=0.0598, B=0.0108",3.408529153374,Compare to Exact,0.445369376762643,0.554630623237357,Ratio1
,,PureRGB,-1.11644918935938,"(0.53220, 0.31661)","W=0.0000, RGB=1.0000","R=2.2681, G=0.5040, B=0.1328",42.837328013272,Compare to Exact,0,1,Ratio1
254,"(0.5565, 0.3506, 4.0000)",Exact,19.51138510553,"(0.62833, 0.35414)","W=0.2326, RGB=0.7674","R=1.9498, G=0.3208, B=0.0000",0,Compare to Exact,0.232550337937012,0.767449662062988,RatioK
,,Projection1,16.4896362703831,"(0.61498, 0.35349)","W=0.1982, RGB=0.8018","R=1.9833, G=0.3551, B=0.0094",3.0217488351469,Compare to Exact,0.198210209635153,0.801789790364847,RatioK
,,ProjectionK,13.9428598735171,"(0.60461, 0.35298)","W=0.1692, RGB=0.8308","R=2.0115, G=0.3840, B=0.0173",5.5685252320129,Compare to Exact,0.169226811237402,0.830773188762598,RatioK
,,Ratio1,18.6602337930329,"(0.62445, 0.35395)","W=0.2229, RGB=0.7771","R=1.9592, G=0.3305, B=0.0026",0.851151312497098,Compare to Exact,0.222882861586867,0.777117138413133,RatioK
,,RatioK,19.51138510553,"(0.62833, 0.35414)","W=0.2326, RGB=0.7674","R=1.9498, G=0.3208, B=0.0000",0,Compare to Exact,0.232550337937012,0.767449662062988,RatioK
,,PureRGB,-0.85953962912181,"(0.55645, 0.35062)","W=0.0000, RGB=1.0000","R=2.1765, G=0.5528, B=0.0637",20.3709247346518,Compare to Exact,0,1,RatioK
255,"(0.5839, 0.3892, 4.0000)",Exact,-1.33527893689305,"(0.58395, 0.38919)","W=0.0000, RGB=1.0000","R=2.0920, G=0.5977, B=0.0000",0,Compare to Exact,0,1,PureRGB
,,Projection1,NaN,"(NaN, NaN)","W=NaN, RGB=NaN","R=NaN, G=NaN, B=NaN",NaN,Compare to Exact,NaN,NaN,PureRGB
,,ProjectionK,NaN,"(NaN, NaN)","W=NaN, RGB=NaN","R=NaN, G=NaN, B=NaN",NaN,Compare to Exact,NaN,NaN,PureRGB
,,Ratio1,-1.33527893695663,"(0.58395, 0.38919)","W=-0.0000, RGB=1.0000","R=2.0920, G=0.5977, B=0.0000",6.35800301296285e-11,Compare to Exact,-3.8738661553909e-16,1,PureRGB
,,RatioK,-1.33527893695663,"(0.58395, 0.38919)","W=-0.0000, RGB=1.0000","R=2.0920, G=0.5977, B=0.0000",6.35800301296285e-11,Compare to Exact,-3.8738661553909e-16,1,PureRGB
,,PureRGB,-1.33527893689305,"(0.58395, 0.38919)","W=0.0000, RGB=1.0000","R=2.0920, G=0.5977, B=0.0000",0,Compare to Exact,0,1,PureRGB
256,"(0.4451, 0.1702, 4.0000)",Exact,-45.4334868048211,"(0.44510, 0.17024)","W=0.0000, RGB=1.0000","R=3.2726, G=0.0000, B=0.7152",0,Compare to Exact,0,1,Ratio1
,,Projection1,NaN,"(NaN, NaN)","W=NaN, RGB=NaN","R=NaN, G=NaN, B=NaN",NaN,Compare to Exact,NaN,NaN,Ratio1
,,ProjectionK,NaN,"(NaN, NaN)","W=NaN, RGB=NaN","R=NaN, G=NaN, B=NaN",NaN,Compare to Exact,NaN,NaN,Ratio1
,,Ratio1,-45.4334868048211,"(0.44510, 0.17024)","W=0.0000, RGB=1.0000","R=3.2726, G=0.0000, B=0.7152",0,Compare to Exact,0,1,Ratio1
,,RatioK,-45.4334868048211,"(0.44510, 0.17024)","W=0.0000, RGB=1.0000","R=3.2726, G=0.0000, B=0.7152",0,Compare to Exact,0,1,Ratio1
,,PureRGB,-45.4334868048211,"(0.44510, 0.17024)","W=0.0000, RGB=1.0000","R=3.2726, G=0.0000, B=0.7152",0,Compare to Exact,0,1,Ratio1
257,"(0.4585, 0.1879, 4.0000)",Exact,-11.3707120385372,"(0.46542, 0.17978)","W=0.0920, RGB=0.9080","R=3.0074, G=0.0000, B=0.5670",0,Compare to Exact,0.0920066595562211,0.907993340443779,RatioK
,,Projection1,-14.3083097917246,"(0.46179, 0.18403)","W=0.0451, RGB=0.9549","R=3.0531, G=0.0468, B=0.5799",2.9375977531874,Compare to Exact,0.0451230932744271,0.954876906725573,RatioK
,,ProjectionK,-13.846176127081,"(0.46226, 0.18348)","W=0.0514, RGB=0.9486","R=3.0470, G=0.0405, B=0.5782",2.4754640885438,Compare to Exact,0.0513725621804632,0.948627437819537,RatioK
,,Ratio1,-11.6365594538549,"(0.46502, 0.18025)","W=0.0870, RGB=0.9130","R=3.0123, G=0.0050, B=0.5684",0.265847415317701,Compare to Exact,0.0869952558134734,0.913004744186527,RatioK
,,RatioK,-11.539600174135,"(0.46517, 0.18008)","W=0.0888, RGB=0.9112","R=3.0105, G=0.0032, B=0.5679",0.1688881355978,Compare to Exact,0.0888051016762938,0.911194898323706,RatioK
,,PureRGB,-18.2788790494919,"(0.45848, 0.18792)","W=0.0000, RGB=1.0000","R=3.0971, G=0.0918, B=0.5922",6.9081670109547,Compare to Exact,0,1,RatioK
258,"(0.4731, 0.2072, 4.0000)",Exact,7.63598615084824,"(0.49029, 0.19146)","W=0.1746, RGB=0.8254","R=2.7692, G=0.0000, B=0.4340",0,Compare to Exact,0.17464702151723,0.82535297848277,RatioK
,,Projection1,1.10490486055589,"(0.48325, 0.19792)","W=0.1079, RGB=0.8921","R=2.8343, G=0.0666, B=0.4522",6.53108129029235,Compare to Exact,0.107870891139201,0.892129108860799,RatioK
,,ProjectionK,1.58212407924666,"(0.48374, 0.19748)","W=0.1127, RGB=0.8873","R=2.8296, G=0.0618, B=0.4509",6.05386207160158,Compare to Exact,0.11269464150106,0.88730535849894,RatioK
,,Ratio1,6.76238579994621,"(0.48930, 0.19237)","W=0.1656, RGB=0.8344","R=2.7780, G=0.0090, B=0.4364",0.87360035090203,Compare to Exact,0.165593470441251,0.834406529558749,RatioK
,,RatioK,7.12306967874143,"(0.48971, 0.19200)","W=0.1693, RGB=0.8307","R=2.7743, G=0.0053, B=0.4354",0.512916472106809,Compare to Exact,0.169325138601685,0.830674861398315,RatioK
,,PureRGB,-9.71104363877197,"(0.47310, 0.20725)","W=0.0000, RGB=1.0000","R=2.9394, G=0.1742, B=0.4818",17.3470297896202,Compare to Exact,0,1,RatioK
259,"(0.4892, 0.2285, 4.0000)",Exact,19.6505609037999,"(0.52143, 0.20609)","W=0.2493, RGB=0.7507","R=2.5540, G=0.0000, B=0.3138",0,Compare to Exact,0.249282049341363,0.750717950658637,RatioK
,,Projection1,11.1855292350756,"(0.50878, 0.21486)","W=0.1622, RGB=0.8378","R=2.6389, G=0.0868, B=0.3376",8.4650316687243,Compare to Exact,0.162228363654643,0.837771636345357,RatioK
,,ProjectionK,10.1280032372579,"(0.50733, 0.21587)","W=0.1515, RGB=0.8485","R=2.6494, G=0.0976, B=0.3406",9.522557666542,Compare to Exact,0.151453042642902,0.848546957357098,RatioK
,,Ratio1,18.4620396824905,"(0.51953, 0.20741)","W=0.2370, RGB=0.7630","R=2.5660, G=0.0123, B=0.3171",1.1885212213094,Compare to Exact,0.236954431921279,0.763045568078721,RatioK
,,RatioK,18.9580373564691,"(0.52032, 0.20686)","W=0.2421, RGB=0.7579","R=2.5610, G=0.0072, B=0.3157",0.692523547330801,Compare to Exact,0.242094059788699,0.757905940211301,RatioK
,,PureRGB,-4.86323117469786,"(0.48916, 0.22847)","W=0.0000, RGB=1.0000","R=2.7971, G=0.2486, B=0.3821",24.5137920784978,Compare to Exact,0,1,RatioK
260,"(0.5069, 0.2519, 4.0000)",Exact,28.6214591996917,"(0.56156, 0.22494)","W=0.3170, RGB=0.6830","R=2.3588, G=0.0000, B=0.2047",0,Compare to Exact,0.317021215574093,0.682978784425907,RatioK
,,Projection1,18.6615788383609,"(0.54000, 0.23556)","W=0.2117, RGB=0.7883","R=2.4614, G=0.1050, B=0.2335",9.9598803613308,Compare to Exact,0.211697896972435,0.788302103027565,RatioK
,,ProjectionK,17.0554839305694,"(0.53690, 0.23709)","W=0.1947, RGB=0.8053","R=2.4780, G=0.1220, B=0.2382",11.5659752691223,Compare to Exact,0.194735324270626,0.805264675729374,RatioK
,,Ratio1,27.206558275472,"(0.55823, 0.22658)","W=0.3020, RGB=0.6980","R=2.3734, G=0.0149, B=0.2088",1.4149009242197,Compare to Exact,0.302033744343166,0.697966255656834,RatioK
,,RatioK,27.7968903931927,"(0.55960, 0.22590)","W=0.3083, RGB=0.6917","R=2.3673, G=0.0087, B=0.2071",0.824568806498998,Compare to Exact,0.308285350239333,0.691714649760667,RatioK
,,PureRGB,-1.37017162805689,"(0.50687, 0.25188)","W=0.0000, RGB=1.0000","R=2.6678, G=0.3162, B=0.2915",29.9916308277486,Compare to Exact,0,1,RatioK
261,"(0.5265, 0.2778, 4.0000)",Exact,36.2002017029471,"(0.61522, 0.25014)","W=0.3788, RGB=0.6212","R=2.1808, G=0.0000, B=0.1052",0,Compare to Exact,0.378778027616935,0.621221972383065,RatioK
,,Projection1,25.445896426339,"(0.57992, 0.26116)","W=0.2602, RGB=0.7398","R=2.2964, G=0.1183, B=0.1377",10.7543052766081,Compare to Exact,0.260170535217137,0.739829464782863,RatioK
,,ProjectionK,26.2386708294102,"(0.58223, 0.26044)","W=0.2689, RGB=0.7311","R=2.2879, G=0.1096, B=0.1353",9.9615308735369,Compare to Exact,0.268919747759501,0.7310802522405,RatioK
,,Ratio1,34.6442295080101,"(0.60951, 0.25192)","W=0.3616, RGB=0.6384","R=2.1975, G=0.0171, B=0.1099",1.555972194937,Compare to Exact,0.361625867484389,0.638374132515611,RatioK
,,RatioK,35.300697346671,"(0.61189, 0.25118)","W=0.3689, RGB=0.6311","R=2.1904, G=0.0099, B=0.1079",0.899504356276097,Compare to Exact,0.368862599008273,0.631137400991727,RatioK
,,PureRGB,1.91423436532086,"(0.52651, 0.27784)","W=0.0000, RGB=1.0000","R=2.5500, G=0.3778, B=0.2090",34.2859673376262,Compare to Exact,0,1,RatioK
262,"(0.5484, 0.3068, 4.0000)",Exact,42.8863811174738,"(0.69064, 0.28557)","W=0.4353, RGB=0.5647","R=2.0178, G=0.0000, B=0.0142",0,Compare to Exact,0.435311464430748,0.564688535569252,Ratio1
,,Projection1,31.9374880017449,"(0.63404, 0.29401)","W=0.3107, RGB=0.6893","R=2.1392, G=0.1243, B=0.0483",10.9488931157289,Compare to Exact,0.310737164891072,0.689262835108928,Ratio1
,,ProjectionK,33.8755672304301,"(0.64272, 0.29272)","W=0.3328, RGB=0.6672","R=2.1178, G=0.1023, B=0.0423",9.0108138870437,Compare to Exact,0.332752246309741,0.667247753690259,Ratio1
,,Ratio1,41.2261933420589,"(0.68073, 0.28705)","W=0.4164, RGB=0.5836","R=2.0362, G=0.0189, B=0.0194",1.6601877754149,Compare to Exact,0.416396710125021,0.583603289874979,Ratio1
,,RatioK,40.3269667041549,"(0.67559, 0.28782)","W=0.4062, RGB=0.5938","R=2.0462, G=0.0291, B=0.0222",2.5594144133189,Compare to Exact,0.40615448357196,0.59384551642804,Ratio1
,,PureRGB,4.32103687423322,"(0.54840, 0.30678)","W=0.0000, RGB=1.0000","R=2.4422, G=0.4342, B=0.1334",38.5653442432406,Compare to Exact,0,1,Ratio1
263,"(0.5730, 0.3393, 4.0000)",Exact,25.0587790739073,"(0.64727, 0.33918)","W=0.2337, RGB=0.7663","R=2.1153, G=0.2529, B=0.0000",0,Compare to Exact,0.233660568577964,0.766339431422036,RatioK
,,Projection1,21.9246125705746,"(0.63329, 0.33920)","W=0.1984, RGB=0.8016","R=2.1497, G=0.2881, B=0.0097",3.1341665033327,Compare to Exact,0.198411021714991,0.801588978285009,RatioK
,,ProjectionK,18.7294115336999,"(0.62024, 0.33921)","W=0.1625, RGB=0.8375","R=2.1847, G=0.3240, B=0.0195",6.3293675402074,Compare to Exact,0.162454691167736,0.837545308832264,RatioK
,,Ratio1,24.19102384723,"(0.64327, 0.33919)","W=0.2239, RGB=0.7761","R=2.1248, G=0.2627, B=0.0027",0.8677552266773,Compare to Exact,0.223902500552815,0.776097499447185,RatioK
,,RatioK,25.0587790739073,"(0.64727, 0.33918)","W=0.2337, RGB=0.7663","R=2.1153, G=0.2529, B=0.0000",0,Compare to Exact,0.233660568577964,0.766339431422036,RatioK
,,PureRGB,4.33113999881375,"(0.57297, 0.33926)","W=0.0000, RGB=1.0000","R=2.3431, G=0.4860, B=0.0640",20.7276390750935,Compare to Exact,0,1,RatioK
264,"(0.6007, 0.3759, 4.0000)",Exact,2.97400647669894,"(0.60072, 0.37594)","W=0.0000, RGB=1.0000","R=2.2517, G=0.5338, B=0.0000",0,Compare to Exact,2.00519301736923e-16,1,Ratio1
,,Projection1,NaN,"(NaN, NaN)","W=NaN, RGB=NaN","R=NaN, G=NaN, B=NaN",NaN,Compare to Exact,NaN,NaN,Ratio1
,,ProjectionK,NaN,"(NaN, NaN)","W=NaN, RGB=NaN","R=NaN, G=NaN, B=NaN",NaN,Compare to Exact,NaN,NaN,Ratio1
,,Ratio1,2.97400647669894,"(0.60072, 0.37594)","W=0.0000, RGB=1.0000","R=2.2517, G=0.5338, B=0.0000",0,Compare to Exact,2.00519301736923e-16,1,Ratio1
,,RatioK,2.97400647665295,"(0.60072, 0.37594)","W=0.0000, RGB=1.0000","R=2.2517, G=0.5338, B=0.0000",4.59898785720725e-11,Compare to Exact,1.00259650868462e-15,0.999999999999999,Ratio1
,,PureRGB,2.97400647666222,"(0.60072, 0.37594)","W=0.0000, RGB=1.0000","R=2.2517, G=0.5338, B=0.0000",3.67199604056623e-11,Compare to Exact,0,1,Ratio1
265,"(0.4723, 0.1830, 4.0000)",Exact,-29.4637322337909,"(0.47228, 0.18300)","W=0.0000, RGB=1.0000","R=3.3245, G=0.0000, B=0.5960",0,Compare to Exact,0,1,PureRGB
,,Projection1,NaN,"(NaN, NaN)","W=NaN, RGB=NaN","R=NaN, G=NaN, B=NaN",NaN,Compare to Exact,NaN,NaN,PureRGB
,,ProjectionK,NaN,"(NaN, NaN)","W=NaN, RGB=NaN","R=NaN, G=NaN, B=NaN",NaN,Compare to Exact,NaN,NaN,PureRGB
,,Ratio1,-29.4637322337914,"(0.47228, 0.18300)","W=-0.0000, RGB=1.0000","R=3.3245, G=0.0000, B=0.5960",5.00932628710871e-13,Compare to Exact,-4.11923848497121e-16,1,PureRGB
,,RatioK,-29.4637322337914,"(0.47228, 0.18300)","W=-0.0000, RGB=1.0000","R=3.3245, G=0.0000, B=0.5960",5.00932628710871e-13,Compare to Exact,-4.11923848497121e-16,1,PureRGB
,,PureRGB,-29.4637322337909,"(0.47228, 0.18300)","W=0.0000, RGB=1.0000","R=3.3245, G=0.0000, B=0.5960",0,Compare to Exact,0,1,PureRGB
266,"(0.4872, 0.2017, 4.0000)",Exact,3.44321929894524,"(0.49594, 0.19412)","W=0.0878, RGB=0.9122","R=3.0686, G=0.0000, B=0.4606",0,Compare to Exact,0.0878496578319274,0.912150342168072,RatioK
,,Projection1,-1.75157082901263,"(0.48872, 0.20041)","W=0.0157, RGB=0.9843","R=3.1390, G=0.0720, B=0.4804",5.19479012795787,Compare to Exact,0.0156843242388521,0.984315675761148,RatioK
,,ProjectionK,-0.29660004166266,"(0.49028, 0.19905)","W=0.0319, RGB=0.9681","R=3.1232, G=0.0558, B=0.4760",3.7398193406079,Compare to Exact,0.0318679982080952,0.968132001791905,RatioK
,,Ratio1,3.19960824530208,"(0.49546, 0.19453)","W=0.0833, RGB=0.9167","R=3.0731, G=0.0046, B=0.4619",0.24361105364316,Compare to Exact,0.0832695984891501,0.91673040151085,RatioK
,,RatioK,3.27373900843172,"(0.49561, 0.19441)","W=0.0846, RGB=0.9154","R=3.0718, G=0.0032, B=0.4615",0.16948029051352,Compare to Exact,0.0846493755439645,0.915350624456035,RatioK
,,PureRGB,-3.27459378805851,"(0.48723, 0.20171)","W=0.0000, RGB=1.0000","R=3.1543, G=0.0876, B=0.4847",6.71781308700375,Compare to Exact,0,1,RatioK
267,"(0.5036, 0.2222, 4.0000)",Exact,19.8007280661326,"(0.52506, 0.20779)","W=0.1671, RGB=0.8329","R=2.8377, G=0.0000, B=0.3385",0,Compare to Exact,0.167140582408007,0.832859417591993,RatioK
,,Projection1,10.9089945396522,"(0.51289, 0.21597)","W=0.0771, RGB=0.9229","R=2.9255, G=0.0898, B=0.3631",8.8917335264804,Compare to Exact,0.0770575836082981,0.922942416391702,RatioK
,,ProjectionK,10.8027489344957,"(0.51275, 0.21606)","W=0.0760, RGB=0.9240","R=2.9265, G=0.0909, B=0.3634",8.9979791316369,Compare to Exact,0.0759907194838085,0.924009280516191,RatioK
,,Ratio1,18.9897766049834,"(0.52387, 0.20859)","W=0.1588, RGB=0.8412","R=2.8458, G=0.0083, B=0.3407",0.810951461149198,Compare to Exact,0.158830044528206,0.841169955471794,RatioK
,,RatioK,19.2655110027946,"(0.52427, 0.20832)","W=0.1617, RGB=0.8383","R=2.8430, G=0.0055, B=0.3400",0.535217063337999,Compare to Exact,0.161652396160327,0.838347603839673,RatioK
,,PureRGB,3.19711363217029,"(0.50362, 0.22220)","W=0.0000, RGB=1.0000","R=3.0006, G=0.1667, B=0.3842",16.6036144339623,Compare to Exact,0,1,RatioK
268,"(0.5216, 0.2448, 4.0000)",Exact,30.3022425833413,"(0.56176, 0.22503)","W=0.2391, RGB=0.7609","R=2.6282, G=0.0000, B=0.2276",0,Compare to Exact,0.239065425805705,0.760934574194295,RatioK
,,Projection1,20.1534407216854,"(0.54210, 0.23470)","W=0.1332, RGB=0.8668","R=2.7314, G=0.1056, B=0.2566",10.1488018616559,Compare to Exact,0.13316613161548,0.86683386838452,RatioK
,,ProjectionK,18.7691601938166,"(0.53971, 0.23588)","W=0.1189, RGB=0.8811","R=2.7453, G=0.1198, B=0.2605",11.5330823895247,Compare to Exact,0.118927412713182,0.881072587286818,RatioK
,,Ratio1,29.2269716246086,"(0.55948, 0.22615)","W=0.2277, RGB=0.7723","R=2.6393, G=0.0113, B=0.2307",1.0752709587327,Compare to Exact,0.227704550647336,0.772295449352664,RatioK
,,RatioK,29.5940443671632,"(0.56025, 0.22577)","W=0.2316, RGB=0.7684","R=2.6355, G=0.0075, B=0.2297",0.708198216178101,Compare to Exact,0.231578826343406,0.768421173656594,RatioK
,,PureRGB,7.07360482055976,"(0.52165, 0.24476)","W=0.0000, RGB=1.0000","R=2.8613, G=0.2384, B=0.2931",23.2286377627815,Compare to Exact,0,1,RatioK
269,"(0.5416, 0.2697, 4.0000)",Exact,38.0397164063962,"(0.60945, 0.24744)","W=0.3046, RGB=0.6954","R=2.4373, G=0.0000, B=0.1266",0,Compare to Exact,0.304605082787948,0.695394917212052,RatioK
,,Projection1,26.9035684090127,"(0.57872, 0.25753)","W=0.1871, RGB=0.8129","R=2.5518, G=0.1172, B=0.1588",11.1361479973835,Compare to Exact,0.187141487533801,0.8128585124662,RatioK
,,ProjectionK,24.6985756711855,"(0.57343, 0.25926)","W=0.1640, RGB=0.8360","R=2.5744, G=0.1403, B=0.1652",13.3411407352107,Compare to Exact,0.163965803940473,0.836034196059527,RatioK
,,Ratio1,36.731242815144,"(0.60544, 0.24875)","W=0.2907, RGB=0.7093","R=2.4508, G=0.0138, B=0.1304",1.3084735912522,Compare to Exact,0.290742924019911,0.709257075980089,RatioK
,,RatioK,37.1792486029122,"(0.60680, 0.24831)","W=0.2955, RGB=0.7045","R=2.4462, G=0.0091, B=0.1291",0.860467803483999,Compare to Exact,0.295486509650725,0.704513490349275,RatioK
,,PureRGB,9.09005876882109,"(0.54160, 0.26971)","W=0.0000, RGB=1.0000","R=2.7342, G=0.3038, B=0.2101",28.9496576375751,Compare to Exact,0,1,RatioK
270,"(0.5638, 0.2975, 4.0000)",Exact,44.0829956452267,"(0.67395, 0.27773)","W=0.3646, RGB=0.6354","R=2.2626, G=0.0000, B=0.0342",0,Compare to Exact,0.364573690672299,0.635426309327701,Ratio1
,,Projection1,32.8472582831807,"(0.62676, 0.28618)","W=0.2415, RGB=0.7585","R=2.3826, G=0.1228, B=0.0680",11.235737362046,Compare to Exact,0.241457409293399,0.758542590706601,Ratio1
,,ProjectionK,36.3649331923064,"(0.64009, 0.28380)","W=0.2800, RGB=0.7200","R=2.3450, G=0.0843, B=0.0574",7.7180624529203,Compare to Exact,0.280013874947135,0.719986125052865,Ratio1
,,Ratio1,42.6301042866319,"(0.66703, 0.27897)","W=0.3487, RGB=0.6513","R=2.2781, G=0.0159, B=0.0386",1.4528913585948,Compare to Exact,0.348656807457705,0.651343192542295,Ratio1
,,RatioK,42.263640274458,"(0.66532, 0.27928)","W=0.3446, RGB=0.6554","R=2.2820, G=0.0199, B=0.0397",1.8193553707687,Compare to Exact,0.344642157842954,0.655357842157046,Ratio1
,,PureRGB,10.853375307641,"(0.56378, 0.29746)","W=0.0000, RGB=1.0000","R=2.6180, G=0.3636, B=0.1341",33.2296203375857,Compare to Exact,0,1,Ratio1
271,"(0.5886, 0.3285, 4.0000)",Exact,32.1616870414473,"(0.66489, 0.32527)","W=0.2348, RGB=0.7652","R=2.2824, G=0.1844, B=0.0000",0,Compare to Exact,0.234781450891094,0.765218549108906,RatioK
,,Projection1,28.9979014836468,"(0.65046, 0.32588)","W=0.1989, RGB=0.8011","R=2.3174, G=0.2201, B=0.0098",3.1637855578005,Compare to Exact,0.198933171034787,0.801066828965213,RatioK
,,ProjectionK,24.977475493006,"(0.63388, 0.32658)","W=0.1535, RGB=0.8465","R=2.3616, G=0.2654, B=0.0223",7.1842115484413,Compare to Exact,0.153548430015489,0.846451569984511,RatioK
,,Ratio1,31.293469518153,"(0.66079, 0.32544)","W=0.2249, RGB=0.7751","R=2.2920, G=0.1942, B=0.0027",0.868217523294302,Compare to Exact,0.224931511631982,0.775068488368018,RatioK
,,RatioK,31.6715522034547,"(0.66256, 0.32537)","W=0.2292, RGB=0.7708","R=2.2878, G=0.1899, B=0.0015",0.490134837992603,Compare to Exact,0.229219703151954,0.770780296848046,RatioK
,,PureRGB,11.2828481036241,"(0.58859, 0.32850)","W=0.0000, RGB=1.0000","R=2.5113, G=0.4186, B=0.0643",20.8788389378232,Compare to Exact,0,1,RatioK
272,"(0.6165, 0.3635, 4.0000)",Exact,9.09176211644631,"(0.61653, 0.36346)","W=-0.0000, RGB=1.0000","R=2.4129, G=0.4692, B=0.0000",0,Compare to Exact,-2.07408219699068e-16,1,Ratio1
,,Projection1,NaN,"(NaN, NaN)","W=NaN, RGB=NaN","R=NaN, G=NaN, B=NaN",NaN,Compare to Exact,NaN,NaN,Ratio1
,,ProjectionK,NaN,"(NaN, NaN)","W=NaN, RGB=NaN","R=NaN, G=NaN, B=NaN",NaN,Compare to Exact,NaN,NaN,Ratio1
,,Ratio1,9.09176211644631,"(0.61653, 0.36346)","W=-0.0000, RGB=1.0000","R=2.4129, G=0.4692, B=0.0000",0,Compare to Exact,-2.07408219699068e-16,1,Ratio1
,,RatioK,9.09176211644631,"(0.61653, 0.36346)","W=-0.0000, RGB=1.0000","R=2.4129, G=0.4692, B=0.0000",0,Compare to Exact,-2.07408219699068e-16,1,Ratio1
,,PureRGB,9.09176211614194,"(0.61653, 0.36346)","W=0.0000, RGB=1.0000","R=2.4129, G=0.4692, B=0.0000",3.04369862647036e-10,Compare to Exact,0,1,Ratio1
273,"(0.5008, 0.1964, 4.0000)",Exact,-17.9632695800064,"(0.50079, 0.19639)","W=0.0000, RGB=1.0000","R=3.3717, G=0.0000, B=0.4876",0,Compare to Exact,0,1,PureRGB
,,Projection1,NaN,"(NaN, NaN)","W=NaN, RGB=NaN","R=NaN, G=NaN, B=NaN",NaN,Compare to Exact,NaN,NaN,PureRGB
,,ProjectionK,NaN,"(NaN, NaN)","W=NaN, RGB=NaN","R=NaN, G=NaN, B=NaN",NaN,Compare to Exact,NaN,NaN,PureRGB
,,Ratio1,-17.9632695800071,"(0.50079, 0.19639)","W=-0.0000, RGB=1.0000","R=3.3717, G=0.0000, B=0.4876",6.99884594723699e-13,Compare to Exact,-7.67681719283046e-16,1,PureRGB
,,RatioK,-17.9632695800071,"(0.50079, 0.19639)","W=-0.0000, RGB=1.0000","R=3.3717, G=0.0000, B=0.4876",6.99884594723699e-13,Compare to Exact,-7.67681719283046e-16,1,PureRGB
,,PureRGB,-17.9632695800064,"(0.50079, 0.19639)","W=0.0000, RGB=1.0000","R=3.3717, G=0.0000, B=0.4876",0,Compare to Exact,0,1,PureRGB
274,"(0.5175, 0.2162, 4.0000)",Exact,14.4535862088076,"(0.52811, 0.20923)","W=0.0841, RGB=0.9159","R=3.1246, G=0.0000, B=0.3634",0,Compare to Exact,0.0840520572183175,0.915947942781682,RatioK
,,Projection1,8.56275359769942,"(0.51842, 0.21557)","W=0.0080, RGB=0.9920","R=3.1987, G=0.0758, B=0.3843",5.89083261110818,Compare to Exact,0.00801249192885583,0.991987508071144,RatioK
,,ProjectionK,9.67429769882943,"(0.51978, 0.21468)","W=0.0192, RGB=0.9808","R=3.1879, G=0.0647, B=0.3812",4.77928850997817,Compare to Exact,0.0191682589139943,0.980831741086006,RatioK
,,Ratio1,14.2166274240339,"(0.52755, 0.20960)","W=0.0798, RGB=0.9202","R=3.1287, G=0.0042, B=0.3646",0.2369587847737,Compare to Exact,0.0798499460763325,0.920150053923668,RatioK
,,RatioK,14.2733590883645,"(0.52768, 0.20951)","W=0.0808, RGB=0.9192","R=3.1277, G=0.0032, B=0.3643",0.180227120443099,Compare to Exact,0.0808467540114015,0.919153245988599,RatioK
,,PureRGB,7.72808604505488,"(0.51746, 0.21620)","W=0.0000, RGB=1.0000","R=3.2065, G=0.0838, B=0.3865",6.72550016375272,Compare to Exact,0,1,RatioK
275,"(0.5358, 0.2380, 4.0000)",Exact,30.6406493839327,"(0.56192, 0.22511)","W=0.1603, RGB=0.8397","R=2.9005, G=0.0000, B=0.2508",0,Compare to Exact,0.160252815355923,0.839747184644077,RatioK
,,Projection1,19.7884118436667,"(0.54386, 0.23398)","W=0.0538, RGB=0.9462","R=3.0044, G=0.1062, B=0.2800",10.852237540266,Compare to Exact,0.0537726854412082,0.946227314558792,RatioK
,,ProjectionK,19.9283979338835,"(0.54408, 0.23388)","W=0.0551, RGB=0.9449","R=3.0030, G=0.1048, B=0.2796",10.7122514500492,Compare to Exact,0.0551376900074667,0.944862309992533,RatioK
,,Ratio1,29.8676985225779,"(0.56053, 0.22580)","W=0.1526, RGB=0.8474","R=2.9080, G=0.0076, B=0.2529",0.772950861354801,Compare to Exact,0.15259742337028,0.84740257662972,RatioK
,,RatioK,30.0717368617137,"(0.56089, 0.22562)","W=0.1546, RGB=0.8454","R=2.9060, G=0.0056, B=0.2524",0.568912522219001,Compare to Exact,0.154616381891411,0.845383618108589,RatioK
,,PureRGB,14.2628057949006,"(0.53577, 0.23796)","W=0.0000, RGB=1.0000","R=3.0568, G=0.1598, B=0.2947",16.3778435890321,Compare to Exact,0,1,RatioK
276,"(0.5560, 0.2620, 4.0000)",Exact,40.2731610773587,"(0.60485, 0.24527)","W=0.2297, RGB=0.7703","R=2.6965, G=0.0000, B=0.1483",0,Compare to Exact,0.229653271867614,0.770346728132386,RatioK
,,Projection1,29.3296017700356,"(0.57766, 0.25456)","W=0.1130, RGB=0.8870","R=2.8102, G=0.1163, B=0.1802",10.9435593073231,Compare to Exact,0.113031818165575,0.886968181834425,RatioK
,,ProjectionK,30.0054463610846,"(0.57916, 0.25405)","W=0.1202, RGB=0.8798","R=2.8032, G=0.1092, B=0.1783",10.2677147162741,Compare to Exact,0.120153889962159,0.879846110037841,RatioK
,,Ratio1,39.2975305897668,"(0.60216, 0.24619)","W=0.2191, RGB=0.7809","R=2.7067, G=0.0105, B=0.1511",0.9756304875919,Compare to Exact,0.219149704342291,0.780850295657709,RatioK
,,RatioK,39.5555593085473,"(0.60286, 0.24595)","W=0.2219, RGB=0.7781","R=2.7040, G=0.0077, B=0.1504",0.717601768811399,Compare to Exact,0.221925731510992,0.778074268489008,RatioK
,,PureRGB,18.4655087874786,"(0.55597, 0.26197)","W=0.0000, RGB=1.0000","R=2.9204, G=0.2291, B=0.2112",21.8076522898801,Compare to Exact,0,1,RatioK
277,"(0.5784, 0.2886, 4.0000)",Exact,46.9624533879217,"(0.66114, 0.27171)","W=0.2931, RGB=0.7069","R=2.5099, G=0.0000, B=0.0545",0,Compare to Exact,0.293124850889365,0.706875149110635,Ratio1
,,Projection1,35.5348544083137,"(0.62087, 0.27993)","W=0.1712, RGB=0.8288","R=2.6287, G=0.1216, B=0.0879",11.427598979608,Compare to Exact,0.17124045539507,0.828759544604931,Ratio1
,,ProjectionK,37.4414902785274,"(0.62685, 0.27871)","W=0.1914, RGB=0.8086","R=2.6090, G=0.1014, B=0.0823",9.5209631093943,Compare to Exact,0.191427548960412,0.808572451039588,Ratio1
,,Ratio1,45.7695617203932,"(0.65637, 0.27269)","W=0.2803, RGB=0.7197","R=2.5224, G=0.0128, B=0.0580",1.1928916675285,Compare to Exact,0.280265845343167,0.719734154656833,Ratio1
,,RatioK,45.6502102174544,"(0.65591, 0.27278)","W=0.2790, RGB=0.7210","R=2.5237, G=0.0141, B=0.0583",1.3122431704673,Compare to Exact,0.278981673271634,0.721018326728367,Ratio1
,,PureRGB,19.2879006632109,"(0.57839, 0.28860)","W=0.0000, RGB=1.0000","R=2.7956, G=0.2924, B=0.1348",27.6745527247108,Compare to Exact,0,1,Ratio1
278,"(0.6034, 0.3183, 4.0000)",Exact,40.4676748579338,"(0.68131, 0.31230)","W=0.2359, RGB=0.7641","R=2.4511, G=0.1152, B=0.0000",0,Compare to Exact,0.235913138905222,0.764086861094778,Ratio1
,,Projection1,37.2316352073503,"(0.66658, 0.31344)","W=0.1997, RGB=0.8003","R=2.4865, G=0.1513, B=0.0099",3.2360396505835,Compare to Exact,0.199666836451029,0.800333163548971,Ratio1
,,ProjectionK,34.9213478992548,"(0.65681, 0.31419)","W=0.1738, RGB=0.8262","R=2.5116, G=0.1771, B=0.0170",5.546326958679,Compare to Exact,0.173832483493108,0.826167516506892,Ratio1
,,Ratio1,39.5806111151167,"(0.67714, 0.31262)","W=0.2260, RGB=0.7740","R=2.4608, G=0.1251, B=0.0027",0.887063742817098,Compare to Exact,0.225970024638037,0.774029975361963,Ratio1
,,RatioK,39.3353989925175,"(0.67601, 0.31271)","W=0.2232, RGB=0.7768","R=2.4635, G=0.1278, B=0.0035",1.1322758654163,Compare to Exact,0.223222426068009,0.776777573931991,Ratio1
,,PureRGB,19.307543265151,"(0.60339, 0.31832)","W=0.0000, RGB=1.0000","R=2.6811, G=0.3505, B=0.0646",21.1601315927828,Compare to Exact,0,1,Ratio1
279,"(0.6315, 0.3517, 4.0000)",Exact,17.0461642745922,"(0.63146, 0.35167)","W=0.0000, RGB=1.0000","R=2.5756, G=0.4040, B=0.0000",0,Compare to Exact,0,1,PureRGB
,,Projection1,NaN,"(NaN, NaN)","W=NaN, RGB=NaN","R=NaN, G=NaN, B=NaN",NaN,Compare to Exact,NaN,NaN,PureRGB
,,ProjectionK,NaN,"(NaN, NaN)","W=NaN, RGB=NaN","R=NaN, G=NaN, B=NaN",NaN,Compare to Exact,NaN,NaN,PureRGB
,,Ratio1,17.0461642745908,"(0.63146, 0.35167)","W=-0.0000, RGB=1.0000","R=2.5756, G=0.4040, B=0.0000",1.3997691894474e-12,Compare to Exact,-2.14360935762351e-16,1,PureRGB
,,RatioK,17.0461642745908,"(0.63146, 0.35167)","W=-0.0000, RGB=1.0000","R=2.5756, G=0.4040, B=0.0000",1.3997691894474e-12,Compare to Exact,-2.14360935762351e-16,1,PureRGB
,,PureRGB,17.0461642745922,"(0.63146, 0.35167)","W=0.0000, RGB=1.0000","R=2.5756, G=0.4040, B=0.0000",0,Compare to Exact,0,1,PureRGB
280,"(0.5307, 0.2105, 4.0000)",Exact,-6.07174350507637,"(0.53072, 0.21045)","W=0.0000, RGB=1.0000","R=3.4149, G=0.0000, B=0.3887",0,Compare to Exact,0,1,PureRGB
,,Projection1,NaN,"(NaN, NaN)","W=NaN, RGB=NaN","R=NaN, G=NaN, B=NaN",NaN,Compare to Exact,NaN,NaN,PureRGB
,,ProjectionK,NaN,"(NaN, NaN)","W=NaN, RGB=NaN","R=NaN, G=NaN, B=NaN",NaN,Compare to Exact,NaN,NaN,PureRGB
,,Ratio1,-6.07174350507666,"(0.53072, 0.21045)","W=-0.0000, RGB=1.0000","R=3.4149, G=0.0000, B=0.3887",2.90434343241941e-13,Compare to Exact,-3.58199914326694e-16,1,PureRGB
,,RatioK,-6.07174350507666,"(0.53072, 0.21045)","W=-0.0000, RGB=1.0000","R=3.4149, G=0.0000, B=0.3887",2.90434343241941e-13,Compare to Exact,-3.58199914326694e-16,1,PureRGB
,,PureRGB,-6.07174350507637,"(0.53072, 0.21045)","W=0.0000, RGB=1.0000","R=3.4149, G=0.0000, B=0.3887",0,Compare to Exact,0,1,PureRGB
281,"(0.5493, 0.2315, 4.0000)",Exact,25.2522989209743,"(0.56206, 0.22518)","W=0.0806, RGB=0.9194","R=3.1759, G=0.0000, B=0.2743",0,Compare to Exact,0.0805691800490331,0.919430819950967,RatioK
,,Projection1,22.9023137894885,"(0.55625, 0.22803)","W=0.0451, RGB=0.9549","R=3.2105, G=0.0354, B=0.2840",2.3499851314858,Compare to Exact,0.0451102148103153,0.954889785189685,RatioK
,,ProjectionK,22.8002211869491,"(0.55604, 0.22813)","W=0.0438, RGB=0.9562","R=3.2118, G=0.0367, B=0.2844",2.4520777340252,Compare to Exact,0.0437877173780951,0.956212282621905,RatioK
,,Ratio1,25.0223931794732,"(0.56141, 0.22549)","W=0.0767, RGB=0.9233","R=3.1797, G=0.0039, B=0.2753",0.229905741501099,Compare to Exact,0.0767000854197669,0.923299914580233,RatioK
,,RatioK,25.0624979802943,"(0.56153, 0.22544)","W=0.0774, RGB=0.9226","R=3.1791, G=0.0032, B=0.2752",0.189800940680001,Compare to Exact,0.0773695754028941,0.922630424597106,RatioK
,,PureRGB,18.6077386211004,"(0.54926, 0.23146)","W=0.0000, RGB=1.0000","R=3.2545, G=0.0804, B=0.2964",6.6445602998739,Compare to Exact,0,1,RatioK
282,"(0.5697, 0.2546, 4.0000)",Exact,40.07221124781,"(0.60108, 0.24350)","W=0.1539, RGB=0.8461","R=2.9584, G=0.0000, B=0.1701",0,Compare to Exact,0.153910262174006,0.846089737825994,RatioK
,,Projection1,27.3010250687014,"(0.57673, 0.25210)","W=0.0379, RGB=0.9621","R=3.0715, G=0.1157, B=0.2019",12.7711861791086,Compare to Exact,0.0379011790825654,0.962098820917434,RatioK
,,ProjectionK,28.1258145147553,"(0.57816, 0.25159)","W=0.0453, RGB=0.9547","R=3.0643, G=0.1083, B=0.1999",11.9463967330547,Compare to Exact,0.0453475956449204,0.954652404355079,RatioK
,,Ratio1,39.3016215351284,"(0.59946, 0.24408)","W=0.1468, RGB=0.8532","R=2.9653, G=0.0071, B=0.1721",0.770589712681605,Compare to Exact,0.146835478804626,0.853164521195374,RatioK
,,RatioK,39.4480852003759,"(0.59977, 0.24397)","W=0.1482, RGB=0.8518","R=2.9640, G=0.0057, B=0.1717",0.624126047434103,Compare to Exact,0.148178754985567,0.851821245014433,RatioK
,,PureRGB,23.0972476385594,"(0.56969, 0.25458)","W=0.0000, RGB=1.0000","R=3.1085, G=0.1535, B=0.2123",16.9749636092506,Compare to Exact,0,1,RatioK
283,"(0.5923, 0.2802, 4.0000)",Exact,48.4646435436908,"(0.65099, 0.26695)","W=0.2210, RGB=0.7790","R=2.7596, G=0.0000, B=0.0749",0,Compare to Exact,0.220954169319075,0.779045830680925,RatioK
,,Projection1,36.4547099377942,"(0.61599, 0.27484)","W=0.1001, RGB=0.8999","R=2.8775, G=0.1205, B=0.1080",12.0099336058966,Compare to Exact,0.100098558799539,0.899901441200461,RatioK
,,ProjectionK,39.0918057720438,"(0.62296, 0.27327)","W=0.1264, RGB=0.8736","R=2.8518, G=0.0943, B=0.1008",9.372837771647,Compare to Exact,0.126442644201465,0.873557355798535,RatioK
,,Ratio1,47.5045909758238,"(0.64786, 0.26765)","W=0.2112, RGB=0.7888","R=2.7691, G=0.0097, B=0.0776",0.960052567866995,Compare to Exact,0.211214392297022,0.788785607702978,RatioK
,,RatioK,47.5533917052935,"(0.64802, 0.26762)","W=0.2117, RGB=0.7883","R=2.7686, G=0.0092, B=0.0775",0.911251838397298,Compare to Exact,0.211709167059878,0.788290832940122,RatioK
,,PureRGB,26.3248966880002,"(0.59229, 0.28018)","W=0.0000, RGB=1.0000","R=2.9750, G=0.2204, B=0.1355",22.1397468556906,Compare to Exact,0,1,RatioK
284,"(0.6174, 0.3087, 4.0000)",Exact,49.904943748099,"(0.69666, 0.30018)","W=0.2371, RGB=0.7629","R=2.6215, G=0.0453, B=0.0000",0,Compare to Exact,0.237055789633335,0.762944210366665,Ratio1
,,Projection1,46.5438073992837,"(0.68173, 0.30177)","W=0.2005, RGB=0.7995","R=2.6571, G=0.0817, B=0.0100",3.3611363488153,Compare to Exact,0.200541545556852,0.799458454443148,Ratio1
,,ProjectionK,41.5087787546637,"(0.66178, 0.30391)","W=0.1466, RGB=0.8534","R=2.7096, G=0.1355, B=0.0248",8.3961649934353,Compare to Exact,0.146610752670934,0.853389247329066,Ratio1
,,Ratio1,48.9855447410247,"(0.69243, 0.30063)","W=0.2270, RGB=0.7730","R=2.6313, G=0.0553, B=0.0027",0.919399007074304,Compare to Exact,0.227018171793175,0.772981828206825,Ratio1
,,RatioK,48.3170471442874,"(0.68943, 0.30095)","W=0.2197, RGB=0.7803","R=2.6383, G=0.0626, B=0.0047",1.5878966038116,Compare to Exact,0.219744299722923,0.780255700277077,Ratio1
,,PureRGB,27.5780925606403,"(0.61743, 0.30865)","W=0.0000, RGB=1.0000","R=2.8526, G=0.2817, B=0.0649",22.3268511874587,Compare to Exact,0,1,Ratio1
285,"(0.6456, 0.3405, 4.0000)",Exact,26.2382601859296,"(0.64557, 0.34052)","W=0.0000, RGB=1.0000","R=2.7398, G=0.3383, B=0.0000",0,Compare to Exact,0,1,PureRGB
,,Projection1,NaN,"(NaN, NaN)","W=NaN, RGB=NaN","R=NaN, G=NaN, B=NaN",NaN,Compare to Exact,NaN,NaN,PureRGB
,,ProjectionK,NaN,"(NaN, NaN)","W=NaN, RGB=NaN","R=NaN, G=NaN, B=NaN",NaN,Compare to Exact,NaN,NaN,PureRGB
,,Ratio1,26.2382601859083,"(0.64557, 0.34052)","W=0.0000, RGB=1.0000","R=2.7398, G=0.3383, B=0.0000",2.13020712180878e-11,Compare to Exact,4.42756680597226e-16,1,PureRGB
,,RatioK,26.2382601859208,"(0.64557, 0.34052)","W=0.0000, RGB=1.0000","R=2.7398, G=0.3383, B=0.0000",8.80007178238884e-12,Compare to Exact,1.32827004179168e-15,0.999999999999999,PureRGB
,,PureRGB,26.2382601859296,"(0.64557, 0.34052)","W=0.0000, RGB=1.0000","R=2.7398, G=0.3383, B=0.0000",0,Compare to Exact,0,1,PureRGB
286,"(0.5622, 0.2252, 4.0000)",Exact,3.93971434760927,"(0.56218, 0.22523)","W=0.0000, RGB=1.0000","R=3.4544, G=0.0000, B=0.2980",0,Compare to Exact,0,1,PureRGB
,,Projection1,NaN,"(NaN, NaN)","W=NaN, RGB=NaN","R=NaN, G=NaN, B=NaN",NaN,Compare to Exact,NaN,NaN,PureRGB
,,ProjectionK,NaN,"(NaN, NaN)","W=NaN, RGB=NaN","R=NaN, G=NaN, B=NaN",NaN,Compare to Exact,NaN,NaN,PureRGB
,,Ratio1,3.93971434760889,"(0.56218, 0.22523)","W=-0.0000, RGB=1.0000","R=3.4544, G=0.0000, B=0.2980",3.80140363631654e-13,Compare to Exact,-3.34695751778035e-16,1,PureRGB
,,RatioK,3.93971434760889,"(0.56218, 0.22523)","W=-0.0000, RGB=1.0000","R=3.4544, G=0.0000, B=0.2980",3.80140363631654e-13,Compare to Exact,-3.34695751778035e-16,1,PureRGB
,,PureRGB,3.93971434760927,"(0.56218, 0.22523)","W=0.0000, RGB=1.0000","R=3.4544, G=0.0000, B=0.2980",0,Compare to Exact,0,1,PureRGB
287,"(0.5828, 0.2475, 4.0000)",Exact,36.4653460618278,"(0.59795, 0.24203)","W=0.0774, RGB=0.9226","R=3.2232, G=0.0000, B=0.1922",0,Compare to Exact,0.0773634592736201,0.92263654072638,RatioK
,,Projection1,36.053456156288,"(0.59654, 0.24254)","W=0.0705, RGB=0.9295","R=3.2298, G=0.0068, B=0.1941",0.411889905539802,Compare to Exact,0.0705393153354278,0.929460684664572,RatioK
,,ProjectionK,35.089394838507,"(0.59350, 0.24364)","W=0.0556, RGB=0.9444","R=3.2444, G=0.0217, B=0.1982",1.3759512233208,Compare to Exact,0.0556010451694454,0.944398954830555,RatioK
,,Ratio1,36.2515323673628,"(0.59721, 0.24230)","W=0.0738, RGB=0.9262","R=3.2267, G=0.0036, B=0.1932",0.213813694465003,Compare to Exact,0.0737893005525634,0.926210699447437,RatioK
,,RatioK,36.2759945677324,"(0.59729, 0.24227)","W=0.0742, RGB=0.9258","R=3.2263, G=0.0032, B=0.1931",0.189351494095405,Compare to Exact,0.0741947699425892,0.925805230057411,RatioK
,,PureRGB,30.0911157162745,"(0.58278, 0.24753)","W=0.0000, RGB=1.0000","R=3.2986, G=0.0772, B=0.2134",6.3742303455533,Compare to Exact,0,1,RatioK
288,"(0.6055, 0.2721, 4.0000)",Exact,50.0396070473872,"(0.64276, 0.26308)","W=0.1481, RGB=0.8519","R=3.0119, G=0.0000, B=0.0956",0,Compare to Exact,0.148050651359795,0.851949348640205,RatioK
,,Projection1,35.8597560102844,"(0.61189, 0.27060)","W=0.0280, RGB=0.9720","R=3.1289, G=0.1197, B=0.1285",14.1798510371028,Compare to Exact,0.0280460103508708,0.971953989649129,RatioK
,,ProjectionK,38.9132318488918,"(0.61797, 0.26912)","W=0.0537, RGB=0.9463","R=3.1039, G=0.0941, B=0.1214",11.1263751984954,Compare to Exact,0.0537235082329833,0.946276491767017,RatioK
,,Ratio1,49.274869240356,"(0.64090, 0.26353)","W=0.1415, RGB=0.8585","R=3.0183, G=0.0065, B=0.0974",0.764737807031203,Compare to Exact,0.141492833780394,0.858507166219606,RatioK
,,RatioK,49.369792865593,"(0.64113, 0.26348)","W=0.1423, RGB=0.8577","R=3.0175, G=0.0057, B=0.0972",0.669814181794202,Compare to Exact,0.142305770095407,0.857694229904593,RatioK
,,PureRGB,32.5189651687081,"(0.60553, 0.27215)","W=0.0000, RGB=1.0000","R=3.1563, G=0.1477, B=0.1361",17.5206418786791,Compare to Exact,0,1,RatioK
289,"(0.6308, 0.2995, 4.0000)",Exact,56.5206633452122,"(0.70053, 0.29022)","W=0.2129, RGB=0.7871","R=2.8182, G=0.0000, B=0.0069",0,Compare to Exact,0.212890045845825,0.787109954154175,Ratio1
,,Projection1,55.3363795286934,"(0.69600, 0.29082)","W=0.2015, RGB=0.7985","R=2.8293, G=0.0113, B=0.0101",1.1842838165188,Compare to Exact,0.201511735423599,0.798488264576401,Ratio1
,,ProjectionK,48.2049983021241,"(0.67105, 0.29413)","W=0.1335, RGB=0.8665","R=2.8955, G=0.0792, B=0.0287",8.3156650430881,Compare to Exact,0.133525471813338,0.866474528186662,Ratio1
,,Ratio1,55.5782807906695,"(0.69691, 0.29070)","W=0.2038, RGB=0.7962","R=2.8270, G=0.0090, B=0.0094",0.942382554542696,Compare to Exact,0.203833667060318,0.796166332939682,Ratio1
,,RatioK,54.9104345600278,"(0.69439, 0.29103)","W=0.1974, RGB=0.8026","R=2.8332, G=0.0154, B=0.0112",1.6102287851844,Compare to Exact,0.19742591460151,0.80257408539849,Ratio1
,,PureRGB,33.9469621539522,"(0.63077, 0.29947)","W=0.0000, RGB=1.0000","R=3.0257, G=0.2123, B=0.0653",22.57370119126,Compare to Exact,0,1,Ratio1
290,"(0.6589, 0.3300, 4.0000)",Exact,32.4569612239087,"(0.65894, 0.32996)","W=0.0000, RGB=1.0000","R=2.9055, G=0.2719, B=0.0000",0,Compare to Exact,6.85384020975829e-16,0.999999999999999,RatioK
,,Projection1,NaN,"(NaN, NaN)","W=NaN, RGB=NaN","R=NaN, G=NaN, B=NaN",NaN,Compare to Exact,NaN,NaN,RatioK
,,ProjectionK,NaN,"(NaN, NaN)","W=NaN, RGB=NaN","R=NaN, G=NaN, B=NaN",NaN,Compare to Exact,NaN,NaN,RatioK
,,Ratio1,32.4569612239079,"(0.65894, 0.32996)","W=0.0000, RGB=1.0000","R=2.9055, G=0.2719, B=0.0000",7.95807864051312e-13,Compare to Exact,0,1,RatioK
,,RatioK,32.4569612239081,"(0.65894, 0.32996)","W=0.0000, RGB=1.0000","R=2.9055, G=0.2719, B=0.0000",5.96855898038484e-13,Compare to Exact,9.13845361301105e-16,0.999999999999999,RatioK
,,PureRGB,32.4569612239079,"(0.65894, 0.32996)","W=0.0000, RGB=1.0000","R=2.9055, G=0.2719, B=0.0000",7.95807864051312e-13,Compare to Exact,0,1,RatioK
291,"(0.5953, 0.2408, 4.0000)",Exact,10.6295246103819,"(0.59530, 0.24079)","W=0.0000, RGB=1.0000","R=3.4907, G=0.0000, B=0.2146",0,Compare to Exact,0,1,PureRGB
,,Projection1,NaN,"(NaN, NaN)","W=NaN, RGB=NaN","R=NaN, G=NaN, B=NaN",NaN,Compare to Exact,NaN,NaN,PureRGB
,,ProjectionK,NaN,"(NaN, NaN)","W=NaN, RGB=NaN","R=NaN, G=NaN, B=NaN",NaN,Compare to Exact,NaN,NaN,PureRGB
,,Ratio1,10.6295246103818,"(0.59530, 0.24079)","W=-0.0000, RGB=1.0000","R=3.4907, G=0.0000, B=0.2146",9.9475983006414e-14,Compare to Exact,-3.13071953763895e-16,1,PureRGB
,,RatioK,10.6295246103818,"(0.59530, 0.24079)","W=-0.0000, RGB=1.0000","R=3.4907, G=0.0000, B=0.2146",9.9475983006414e-14,Compare to Exact,-3.13071953763895e-16,1,PureRGB
,,PureRGB,10.6295246103819,"(0.59530, 0.24079)","W=0.0000, RGB=1.0000","R=3.4907, G=0.0000, B=0.2146",0,Compare to Exact,0,1,PureRGB
292,"(0.6182, 0.2645, 4.0000)",Exact,46.9670051381359,"(0.63594, 0.25988)","W=0.0744, RGB=0.9256","R=3.2668, G=0.0000, B=0.1165",0,Compare to Exact,0.0744030779874519,0.925596922012548,RatioK
,,Projection1,46.6163947588496,"(0.63369, 0.26046)","W=0.0655, RGB=0.9345","R=3.2755, G=0.0089, B=0.1189",0.350610379286302,Compare to Exact,0.0654550059333254,0.934544994066675,RatioK
,,ProjectionK,46.2405211056492,"(0.63160, 0.26101)","W=0.0570, RGB=0.9430","R=3.2837, G=0.0173, B=0.1212",0.726484032486702,Compare to Exact,0.0570293331111774,0.942970666888822,RatioK
,,Ratio1,46.8425734468957,"(0.63511, 0.26010)","W=0.0711, RGB=0.9289","R=3.2700, G=0.0033, B=0.1174",0.124431691240204,Compare to Exact,0.0710913677371612,0.928908632262839,RatioK
,,RatioK,46.8506316187965,"(0.63516, 0.26008)","W=0.0713, RGB=0.9287","R=3.2698, G=0.0031, B=0.1173",0.116373519339405,Compare to Exact,0.0713010693371976,0.928698930662802,RatioK
,,PureRGB,41.9040363552451,"(0.61815, 0.26449)","W=0.0000, RGB=1.0000","R=3.3393, G=0.0742, B=0.1368",5.06296878289081,Compare to Exact,0,1,RatioK
293,"(0.6435, 0.2907, 4.0000)",Exact,60.384068895297,"(0.68720, 0.28395)","W=0.1426, RGB=0.8574","R=3.0615, G=0.0000, B=0.0265",0,Compare to Exact,0.142620846719325,0.857379153280675,Ratio1
,,Projection1,53.2433462210991,"(0.66822, 0.28690)","W=0.0853, RGB=0.9147","R=3.1174, G=0.0572, B=0.0422",7.1407226741979,Compare to Exact,0.0852591614994365,0.914740838500564,Ratio1
,,ProjectionK,50.5172222892275,"(0.66158, 0.28793)","W=0.0636, RGB=0.9364","R=3.1385, G=0.0788, B=0.0481",9.8668466060695,Compare to Exact,0.0636393026543748,0.936360697345625,Ratio1
,,Ratio1,59.6355767101843,"(0.68508, 0.28428)","W=0.1365, RGB=0.8635","R=3.0674, G=0.0061, B=0.0282",0.748492185112696,Compare to Exact,0.136525326195587,0.863474673804413,Ratio1
,,RatioK,59.3522852498089,"(0.68429, 0.28441)","W=0.1342, RGB=0.8658","R=3.0697, G=0.0084, B=0.0288",1.0317836454881,Compare to Exact,0.134225577091795,0.865774422908205,Ratio1
,,PureRGB,42.4444402469897,"(0.64346, 0.29074)","W=0.0000, RGB=1.0000","R=3.2005, G=0.1422, B=0.0656",17.9396286483073,Compare to Exact,0,1,Ratio1
294,"(0.6716, 0.3200, 4.0000)",Exact,41.4326978191373,"(0.67162, 0.31995)","W=0.0000, RGB=1.0000","R=3.0728, G=0.2049, B=0.0000",0,Compare to Exact,0,1,Ratio1
,,Projection1,NaN,"(NaN, NaN)","W=NaN, RGB=NaN","R=NaN, G=NaN, B=NaN",NaN,Compare to Exact,NaN,NaN,Ratio1
,,ProjectionK,NaN,"(NaN, NaN)","W=NaN, RGB=NaN","R=NaN, G=NaN, B=NaN",NaN,Compare to Exact,NaN,NaN,Ratio1
,,Ratio1,41.4326978191373,"(0.67162, 0.31995)","W=0.0000, RGB=1.0000","R=3.0728, G=0.2049, B=0.0000",0,Compare to Exact,0,1,Ratio1
,,RatioK,41.4326978191372,"(0.67162, 0.31995)","W=0.0000, RGB=1.0000","R=3.0728, G=0.2049, B=0.0000",9.9475983006414e-14,Compare to Exact,9.42443439584614e-16,0.999999999999999,Ratio1
,,PureRGB,41.4326978191373,"(0.67162, 0.31995)","W=0.0000, RGB=1.0000","R=3.0728, G=0.2049, B=0.0000",0,Compare to Exact,0,1,Ratio1
295,"(0.6302, 0.2572, 4.0000)",Exact,13.3593988379947,"(0.63021, 0.25719)","W=0.0000, RGB=1.0000","R=3.5243, G=0.0000, B=0.1375",0,Compare to Exact,0,1,PureRGB
,,Projection1,NaN,"(NaN, NaN)","W=NaN, RGB=NaN","R=NaN, G=NaN, B=NaN",NaN,Compare to Exact,NaN,NaN,PureRGB
,,ProjectionK,NaN,"(NaN, NaN)","W=NaN, RGB=NaN","R=NaN, G=NaN, B=NaN",NaN,Compare to Exact,NaN,NaN,PureRGB
,,Ratio1,13.3593988379943,"(0.63021, 0.25719)","W=-0.0000, RGB=1.0000","R=3.5243, G=0.0000, B=0.1375",3.99680288865056e-13,Compare to Exact,-2.93111551647397e-16,1,PureRGB
,,RatioK,13.3593988379943,"(0.63021, 0.25719)","W=-0.0000, RGB=1.0000","R=3.5243, G=0.0000, B=0.1375",3.99680288865056e-13,Compare to Exact,-2.93111551647397e-16,1,PureRGB
,,PureRGB,13.3593988379947,"(0.63021, 0.25719)","W=0.0000, RGB=1.0000","R=3.5243, G=0.0000, B=0.1375",0,Compare to Exact,0,1,PureRGB
296,"(0.6555, 0.2824, 4.0000)",Exact,54.9861241832963,"(0.67623, 0.27880)","W=0.0717, RGB=0.9283","R=3.3072, G=0.0000, B=0.0463",0,Compare to Exact,0.0716609098070924,0.928339090192908,Proj1
,,Projection1,54.9725122915987,"(0.67537, 0.27895)","W=0.0688, RGB=0.9312","R=3.3100, G=0.0028, B=0.0470",0.0136118916976002,Compare to Exact,0.068842240693206,0.931157759306794,Proj1
,,ProjectionK,54.9709111447851,"(0.67529, 0.27897)","W=0.0686, RGB=0.9314","R=3.3102, G=0.0031, B=0.0471",0.0152130385111988,Compare to Exact,0.0685898930360079,0.931410106963992,Proj1
,,Ratio1,54.9069148762151,"(0.67328, 0.27932)","W=0.0619, RGB=0.9381","R=3.3167, G=0.0097, B=0.0489",0.0792093070812001,Compare to Exact,0.0619492786109187,0.938050721389081,Proj1
,,RatioK,54.9001250478439,"(0.67312, 0.27935)","W=0.0614, RGB=0.9386","R=3.3172, G=0.0102, B=0.0491",0.085999135452397,Compare to Exact,0.0614256738848629,0.938574326115137,Proj1
,,PureRGB,52.3397485460231,"(0.65554, 0.28242)","W=0.0000, RGB=1.0000","R=3.3771, G=0.0715, B=0.0659",2.6463756372732,Compare to Exact,0,1,Proj1
297,"(0.6837, 0.3104, 4.0000)",Exact,52.7581488998944,"(0.68366, 0.31044)","W=0.0000, RGB=1.0000","R=3.2417, G=0.1372, B=0.0000",0,Compare to Exact,7.28483521509986e-16,0.999999999999999,PureRGB
,,Projection1,NaN,"(NaN, NaN)","W=NaN, RGB=NaN","R=NaN, G=NaN, B=NaN",NaN,Compare to Exact,NaN,NaN,PureRGB
,,ProjectionK,NaN,"(NaN, NaN)","W=NaN, RGB=NaN","R=NaN, G=NaN, B=NaN",NaN,Compare to Exact,NaN,NaN,PureRGB
,,Ratio1,52.7581488998942,"(0.68366, 0.31044)","W=0.0000, RGB=1.0000","R=3.2417, G=0.1372, B=0.0000",1.98951966012828e-13,Compare to Exact,2.42827840503329e-16,1,PureRGB
,,RatioK,52.7581488998943,"(0.68366, 0.31044)","W=0.0000, RGB=1.0000","R=3.2417, G=0.1372, B=0.0000",9.9475983006414e-14,Compare to Exact,9.71311362013315e-16,0.999999999999999,PureRGB
,,PureRGB,52.7581488998944,"(0.68366, 0.31044)","W=0.0000, RGB=1.0000","R=3.2417, G=0.1372, B=0.0000",0,Compare to Exact,0,1,PureRGB
298,"(0.6671, 0.2745, 4.0000)",Exact,15.3329636156304,"(0.66706, 0.27449)","W=0.0000, RGB=1.0000","R=3.5554, G=0.0000, B=0.0662",0,Compare to Exact,2.74629720792502e-16,1,RatioK
,,Projection1,NaN,"(NaN, NaN)","W=NaN, RGB=NaN","R=NaN, G=NaN, B=NaN",NaN,Compare to Exact,NaN,NaN,RatioK
,,ProjectionK,NaN,"(NaN, NaN)","W=NaN, RGB=NaN","R=NaN, G=NaN, B=NaN",NaN,Compare to Exact,NaN,NaN,RatioK
,,Ratio1,15.3329636156301,"(0.66706, 0.27449)","W=0.0000, RGB=1.0000","R=3.5554, G=0.0000, B=0.0662",3.00204305858642e-13,Compare to Exact,0,1,RatioK
,,RatioK,15.3329636156304,"(0.66706, 0.27449)","W=0.0000, RGB=1.0000","R=3.5554, G=0.0000, B=0.0662",0,Compare to Exact,2.74629720792502e-16,1,RatioK
,,PureRGB,15.3329636156301,"(0.66706, 0.27449)","W=0.0000, RGB=1.0000","R=3.5554, G=0.0000, B=0.0662",3.00204305858642e-13,Compare to Exact,0,1,RatioK
299,"(0.6951, 0.3014, 4.0000)",Exact,60.6356294762368,"(0.69511, 0.30140)","W=0.0000, RGB=1.0000","R=3.4121, G=0.0689, B=0.0000",0,Compare to Exact,0,1,Ratio1
,,Projection1,NaN,"(NaN, NaN)","W=NaN, RGB=NaN","R=NaN, G=NaN, B=NaN",NaN,Compare to Exact,NaN,NaN,Ratio1
,,ProjectionK,NaN,"(NaN, NaN)","W=NaN, RGB=NaN","R=NaN, G=NaN, B=NaN",NaN,Compare to Exact,NaN,NaN,Ratio1
,,Ratio1,60.6356294762368,"(0.69511, 0.30140)","W=0.0000, RGB=1.0000","R=3.4121, G=0.0689, B=0.0000",0,Compare to Exact,0,1,Ratio1
,,RatioK,60.6356294762368,"(0.69511, 0.30140)","W=0.0000, RGB=1.0000","R=3.4121, G=0.0689, B=0.0000",0,Compare to Exact,0,1,Ratio1
,,PureRGB,60.6356294762368,"(0.69511, 0.30140)","W=0.0000, RGB=1.0000","R=3.4121, G=0.0689, B=0.0000",0,Compare to Exact,0,1,Ratio1
300,"(0.7060, 0.2928, 4.0000)",Exact,9.58124934858634,"(0.70601, 0.29279)","W=0.0000, RGB=1.0000","R=3.5842, G=0.0000, B=0.0000",0,Compare to Exact,2.57468040477918e-16,1,Ratio1
,,Projection1,9.58124934858626,"(0.70601, 0.29279)","W=0.0000, RGB=1.0000","R=3.5842, G=0.0000, B=0.0000",7.99360577730113e-14,Compare to Exact,0,1,Ratio1
,,ProjectionK,9.58124934858626,"(0.70601, 0.29279)","W=0.0000, RGB=1.0000","R=3.5842, G=0.0000, B=0.0000",7.99360577730113e-14,Compare to Exact,0,1,Ratio1
,,Ratio1,9.58124934858634,"(0.70601, 0.29279)","W=0.0000, RGB=1.0000","R=3.5842, G=0.0000, B=0.0000",0,Compare to Exact,2.57468040477918e-16,1,Ratio1
,,RatioK,9.58124934858634,"(0.70601, 0.29279)","W=0.0000, RGB=1.0000","R=3.5842, G=0.0000, B=0.0000",0,Compare to Exact,2.57468040477918e-16,1,Ratio1
,,PureRGB,9.58124934858626,"(0.70601, 0.29279)","W=0.0000, RGB=1.0000","R=3.5842, G=0.0000, B=0.0000",7.99360577730113e-14,Compare to Exact,0,1,Ratio1
