Index,NeighborRank,Target_x,Target_y,Target_u1976,Target_v1976,GridI,GridJ,GridK,Neighbor_x,Neighbor_y,Neighbor_u1976,Neighbor_v1976,Delta_u1976,Delta_v1976,Delta_uv1976
1,1,0.149847034585031,0.0315533724733915,0.194673131770244,0.092232963916951,0,0,24,0.151944807551146,0.0287090273315391,0.199886696622239,0.0849765361535396,0.00521356485199501,-0.0072564277634114,0.00893515541843372
1,2,0.149847034585031,0.0315533724733915,0.194673131770244,0.092232963916951,0,1,23,0.151802349751986,0.0366395227314026,0.193621150558292,0.105149358736479,-0.00105198121195202,0.012916394819528,0.0129591635379846
1,3,0.149847034585031,0.0315533724733915,0.194673131770244,0.092232963916951,1,0,23,0.165725480739411,0.0354076158307829,0.214292771521417,0.103014281297325,0.019619639751173,0.010781317380374,0.0223867610078404
1,4,0.149847034585031,0.0315533724733915,0.194673131770244,0.092232963916951,1,1,22,0.166020826189018,0.0436943336881004,0.208027225457469,0.123187103880264,0.013354093687225,0.030954139963313,0.033711876231909
1,5,0.149847034585031,0.0315533724733915,0.194673131770244,0.092232963916951,0,2,22,0.151650658034637,0.0450840619122693,0.187355604494345,0.125322181319417,-0.00731752727589902,0.033089217402466,0.033888678253086
1,6,0.149847034585031,0.0315533724733915,0.194673131770244,0.092232963916951,2,0,22,0.179993415144414,0.0423430550511762,0.228698846420594,0.121052026441111,0.03402571465035,0.02881906252416,0.0445902189077211
2,1,0.149988238831978,0.0399727772713966,0.188682438517603,0.113141287506273,0,1,23,0.151802349751986,0.0366395227314026,0.193621150558292,0.105149358736479,0.00493871204068899,-0.007991928769794,0.00939477525448627
2,2,0.149988238831978,0.0399727772713966,0.188682438517603,0.113141287506273,0,2,22,0.151650658034637,0.0450840619122693,0.187355604494345,0.125322181319417,-0.00132683402325801,0.012180893813144,0.0122529450587344
2,3,0.149988238831978,0.0399727772713966,0.188682438517603,0.113141287506273,1,1,22,0.166020826189018,0.0436943336881004,0.208027225457469,0.123187103880264,0.019344786939866,0.010045816373991,0.0217976881427539
2,4,0.149988238831978,0.0399727772713966,0.188682438517603,0.113141287506273,1,0,23,0.165725480739411,0.0354076158307829,0.214292771521417,0.103014281297325,0.025610333003814,-0.010127006208948,0.0275398876417882
2,5,0.149988238831978,0.0399727772713966,0.188682438517603,0.113141287506273,0,0,24,0.151944807551146,0.0287090273315391,0.199886696622239,0.0849765361535396,0.011204258104636,-0.0281647513527334,0.0303115261647545
2,6,0.149988238831978,0.0399727772713966,0.188682438517603,0.113141287506273,1,2,21,0.166335670047518,0.0525281323058379,0.201761679393522,0.143359926463203,0.013079240875919,0.03021863895693,0.03292768868748
3,1,0.150138996776212,0.0489618281425533,0.182691745264962,0.134049611095595,0,2,22,0.151650658034637,0.0450840619122693,0.187355604494345,0.125322181319417,0.00466385922938298,-0.00872742977617799,0.00989543396772567
3,2,0.150138996776212,0.0489618281425533,0.182691745264962,0.134049611095595,0,3,21,0.15148880453282,0.054094298341464,0.181090058430398,0.145495003902356,-0.00160168683456402,0.011445392806761,0.0115569207497963
3,3,0.150138996776212,0.0489618281425533,0.182691745264962,0.134049611095595,1,2,21,0.166335670047518,0.0525281323058379,0.201761679393522,0.143359926463203,0.01906993412856,0.00931031536760801,0.0212213185243503
3,4,0.150138996776212,0.0489618281425533,0.182691745264962,0.134049611095595,1,1,22,0.166020826189018,0.0436943336881004,0.208027225457469,0.123187103880264,0.025335480192507,-0.010862507215331,0.0275659322278067
3,5,0.150138996776212,0.0489618281425533,0.182691745264962,0.134049611095595,0,1,23,0.151802349751986,0.0366395227314026,0.193621150558292,0.105149358736479,0.01092940529333,-0.028900252359116,0.0308978395116302
3,6,0.150138996776212,0.0489618281425533,0.182691745264962,0.134049611095595,1,3,20,0.16667200912661,0.061965037653583,0.195496133329575,0.163532749046142,0.012804388064613,0.029483137950547,0.0321435495413962
4,1,0.150300311952944,0.0585803615956412,0.176701052012321,0.154957934684917,0,3,21,0.15148880453282,0.054094298341464,0.181090058430398,0.145495003902356,0.00438900641807699,-0.009462930782561,0.0104312241052266
4,2,0.150300311952944,0.0585803615956412,0.176701052012321,0.154957934684917,0,4,20,0.151315732757046,0.06372904582255,0.17482451236645,0.165667826485295,-0.00187653964587101,0.010709891800378,0.0108730484878128
4,3,0.150300311952944,0.0585803615956412,0.176701052012321,0.154957934684917,1,3,20,0.16667200912661,0.061965037653583,0.195496133329575,0.163532749046142,0.018795081317254,0.00857481436122501,0.0206587154259809
4,4,0.150300311952944,0.0585803615956412,0.176701052012321,0.154957934684917,1,2,21,0.166335670047518,0.0525281323058379,0.201761679393522,0.143359926463203,0.025060627381201,-0.011598008221714,0.0276142868720224
4,5,0.150300311952944,0.0585803615956412,0.176701052012321,0.154957934684917,1,4,19,0.167032122529595,0.0720689961575702,0.189230587265628,0.183705571629081,0.012529535253307,0.028747636944164,0.0313594624242401
4,6,0.150300311952944,0.0585803615956412,0.176701052012321,0.154957934684917,0,2,22,0.151650658034637,0.0450840619122693,0.187355604494345,0.125322181319417,0.010654552482024,-0.0296357533655,0.0314928145159011
5,1,0.150473333547693,0.0688968986438816,0.17071035875968,0.175866258274239,0,5,19,0.151130234506905,0.0740555637675003,0.168558966302503,0.185840649068234,-0.00215139245717699,0.00997439079399501,0.0102037719112165
5,2,0.150473333547693,0.0688968986438816,0.17071035875968,0.175866258274239,0,4,20,0.151315732757046,0.06372904582255,0.17482451236645,0.165667826485295,0.00411415360677,-0.010198431788944,0.0109970119056879
5,3,0.150473333547693,0.0688968986438816,0.17071035875968,0.175866258274239,1,4,19,0.167032122529595,0.0720689961575702,0.189230587265628,0.183705571629081,0.018520228505948,0.007839313354842,0.0201110342296942
5,4,0.150473333547693,0.0688968986438816,0.17071035875968,0.175866258274239,1,3,20,0.16667200912661,0.061965037653583,0.195496133329575,0.163532749046142,0.024785774569895,-0.012333509228097,0.0276848346736838
5,5,0.150473333547693,0.0688968986438816,0.17071035875968,0.175866258274239,1,5,18,0.1674186233639,0.0829133256360264,0.182965041201681,0.20387839421202,0.012254682442001,0.028012135937781,0.0305754313387565
5,6,0.150473333547693,0.0688968986438816,0.17071035875968,0.175866258274239,0,6,18,0.1509309216251,0.0851511296235151,0.162293420238556,0.206013471651173,-0.00841693852112399,0.030147213376934,0.0313001490166224
6,1,0.150659383815266,0.0799902796813128,0.164719665507039,0.196774581863561,0,6,18,0.1509309216251,0.0851511296235151,0.162293420238556,0.206013471651173,-0.00242624526848301,0.009238889787612,0.00955215947367283
6,2,0.150659383815266,0.0799902796813128,0.164719665507039,0.196774581863561,0,5,19,0.151130234506905,0.0740555637675003,0.168558966302503,0.185840649068234,0.00383930079546399,-0.010933932795327,0.0115884044186755
6,3,0.150659383815266,0.0799902796813128,0.164719665507039,0.196774581863561,1,5,18,0.1674186233639,0.0829133256360264,0.182965041201681,0.20387839421202,0.018245375694642,0.007103812348459,0.0195795271679566
6,4,0.150659383815266,0.0799902796813128,0.164719665507039,0.196774581863561,1,4,19,0.167032122529595,0.0720689961575702,0.189230587265628,0.183705571629081,0.024510921758589,-0.01306901023448,0.0277774065377712
6,5,0.150659383815266,0.0799902796813128,0.164719665507039,0.196774581863561,1,6,17,0.167834522253701,0.0945824973179742,0.176699495137734,0.224051216794959,0.011979829630695,0.027276634931398,0.0297914607087541
6,6,0.150659383815266,0.0799902796813128,0.164719665507039,0.196774581863561,0,7,17,0.150716191196719,0.0971049761979383,0.156027874174609,0.226186294234112,-0.00869179133243,0.029411712370551,0.0306691385782928
7,1,0.150859991935088,0.0919516831310716,0.158728972254397,0.217682905452882,0,7,17,0.150716191196719,0.0971049761979383,0.156027874174609,0.226186294234112,-0.00270109807978799,0.00850338878123,0.00892208224583155
7,2,0.150859991935088,0.0919516831310716,0.158728972254397,0.217682905452882,0,6,18,0.1509309216251,0.0851511296235151,0.162293420238556,0.206013471651173,0.003564447984159,-0.011669433801709,0.0122016791747793
7,3,0.150859991935088,0.0919516831310716,0.158728972254397,0.217682905452882,1,6,17,0.167834522253701,0.0945824973179742,0.176699495137734,0.224051216794959,0.017970522883337,0.00636831134207702,0.019065546990584
7,4,0.150859991935088,0.0919516831310716,0.158728972254397,0.217682905452882,1,5,18,0.1674186233639,0.0829133256360264,0.182965041201681,0.20387839421202,0.024236068947284,-0.013804511240862,0.0278917831738415
7,5,0.150859991935088,0.0919516831310716,0.158728972254397,0.217682905452882,1,7,16,0.168283305918205,0.107174340570212,0.170433949073787,0.244224039377898,0.01170497681939,0.026541133925016,0.0290075554359221
7,6,0.150859991935088,0.0919516831310716,0.158728972254397,0.217682905452882,0,8,16,0.150484182347709,0.11002069664742,0.149762328110662,0.246359116817051,-0.00896664414373499,0.028676211364169,0.0300453957438219
8,1,0.151076936137328,0.104887137246267,0.152738279001756,0.238591229042204,0,8,16,0.150484182347709,0.11002069664742,0.149762328110662,0.246359116817051,-0.00297595089109398,0.00776788777484699,0.0083184352007346
8,2,0.151076936137328,0.104887137246267,0.152738279001756,0.238591229042204,0,7,17,0.150716191196719,0.0971049761979383,0.156027874174609,0.226186294234112,0.00328959517285302,-0.012404934808092,0.0128336995443352
8,3,0.151076936137328,0.104887137246267,0.152738279001756,0.238591229042204,1,7,16,0.168283305918205,0.107174340570212,0.170433949073787,0.244224039377898,0.017695670072031,0.00563281033569399,0.0185705490380892
8,4,0.151076936137328,0.104887137246267,0.152738279001756,0.238591229042204,1,6,17,0.167834522253701,0.0945824973179742,0.176699495137734,0.224051216794959,0.023961216135978,-0.014540012247245,0.0280276976376064
8,5,0.151076936137328,0.104887137246267,0.152738279001756,0.238591229042204,1,8,15,0.168769035156525,0.12080279212876,0.16416840300984,0.264396861960837,0.011430124008084,0.025805632918633,0.0282237209660848
8,6,0.151076936137328,0.104887137246267,0.152738279001756,0.238591229042204,0,9,15,0.150232722177482,0.124019254360603,0.143496782046715,0.26653193939999,-0.00924149695504098,0.027940710357786,0.0294293826178484
9,1,0.151312296557197,0.11892067158508,0.146747585749115,0.259499552631526,0,9,15,0.150232722177482,0.124019254360603,0.143496782046715,0.26653193939999,-0.0032508037024,0.00703238676846396,0.00774739881333112
9,2,0.151312296557197,0.11892067158508,0.146747585749115,0.259499552631526,0,8,16,0.150484182347709,0.11002069664742,0.149762328110662,0.246359116817051,0.003014742361547,-0.013140435814475,0.013481829434496
9,3,0.151312296557197,0.11892067158508,0.146747585749115,0.259499552631526,1,8,15,0.168769035156525,0.12080279212876,0.16416840300984,0.264396861960837,0.017420817260725,0.00489730932931098,0.0180960910889211
9,4,0.151312296557197,0.11892067158508,0.146747585749115,0.259499552631526,1,9,14,0.16929646807087,0.135601353459745,0.157902856945893,0.284569684543775,0.011155271196778,0.025070131912249,0.0274399633667983
9,5,0.151312296557197,0.11892067158508,0.146747585749115,0.259499552631526,1,7,16,0.168283305918205,0.107174340570212,0.170433949073787,0.244224039377898,0.023686363324672,-0.015275513253628,0.0281848383481285
9,6,0.151312296557197,0.11892067158508,0.146747585749115,0.259499552631526,0,10,14,0.149959257497693,0.139242782997667,0.137231235982768,0.286704761982929,-0.00951634976634699,0.027205209351403,0.0288215948331996
10,1,0.151568522146146,0.13419830663946,0.140756892496474,0.280407876220848,0,10,14,0.149959257497693,0.139242782997667,0.137231235982768,0.286704761982929,-0.00352565651370598,0.00629688576208098,0.00721671837841381
10,2,0.151568522146146,0.13419830663946,0.140756892496474,0.280407876220848,0,9,15,0.150232722177482,0.124019254360603,0.143496782046715,0.26653193939999,0.00273988955024101,-0.013875936820858,0.0141438544040853
10,3,0.151568522146146,0.13419830663946,0.140756892496474,0.280407876220848,1,9,14,0.16929646807087,0.135601353459745,0.157902856945893,0.284569684543775,0.017145964449419,0.00416180832292701,0.0176438302365877
10,4,0.151568522146146,0.13419830663946,0.140756892496474,0.280407876220848,1,10,13,0.169871216452412,0.151727478589209,0.151637310881946,0.304742507126714,0.010880418385472,0.024334630905866,0.0266562894185903
10,5,0.151568522146146,0.13419830663946,0.140756892496474,0.280407876220848,0,11,13,0.1496607678311,0.155859429764474,0.130965689918821,0.306877584565868,-0.00979120257765301,0.02646970834502,0.0282225638060588
10,6,0.151568522146146,0.13419830663946,0.140756892496474,0.280407876220848,1,8,15,0.168769035156525,0.12080279212876,0.16416840300984,0.264396861960837,0.023411510513366,-0.016011014260011,0.0283628525037896
11,1,0.151848516203895,0.150893153743616,0.134766199243833,0.30131619981017,0,11,13,0.1496607678311,0.155859429764474,0.130965689918821,0.306877584565868,-0.00380050932501202,0.00556138475569801,0.00673593880097003
11,2,0.151848516203895,0.150893153743616,0.134766199243833,0.30131619981017,0,10,14,0.149959257497693,0.139242782997667,0.137231235982768,0.286704761982929,0.002465036738935,-0.014611437827241,0.0148179121843676
11,3,0.151848516203895,0.150893153743616,0.134766199243833,0.30131619981017,1,10,13,0.169871216452412,0.151727478589209,0.151637310881946,0.304742507126714,0.016871111638113,0.00342630731654403,0.0172155159589562
11,4,0.151848516203895,0.150893153743616,0.134766199243833,0.30131619981017,1,11,12,0.170499946231276,0.169368198271423,0.145371764817999,0.324915329709653,0.010605565574166,0.023599129899483,0.025872706722734
11,5,0.151848516203895,0.150893153743616,0.134766199243833,0.30131619981017,0,12,12,0.149333653380515,0.174069592078439,0.124700143854874,0.327050407148807,-0.010066055388959,0.025734207338637,0.02763285903488
11,6,0.151848516203895,0.150893153743616,0.134766199243833,0.30131619981017,1,9,14,0.16929646807087,0.135601353459745,0.157902856945893,0.284569684543775,0.02313665770206,-0.016746515266395,0.0285613498138637
12,1,0.152155746871009,0.169212003273556,0.128775505991192,0.322224523399492,0,12,12,0.149333653380515,0.174069592078439,0.124700143854874,0.327050407148807,-0.004075362136318,0.00482588374931503,0.00631646503228169
12,2,0.152155746871009,0.169212003273556,0.128775505991192,0.322224523399492,0,11,13,0.1496607678311,0.155859429764474,0.130965689918821,0.306877584565868,0.00219018392762899,-0.015346938833624,0.0155024332670662
12,3,0.152155746871009,0.169212003273556,0.128775505991192,0.322224523399492,1,11,12,0.170499946231276,0.169368198271423,0.145371764817999,0.324915329709653,0.016596258826807,0.002690806310161,0.0168129784882147
12,4,0.152155746871009,0.169212003273556,0.128775505991192,0.322224523399492,1,12,11,0.171190637189439,0.188747406938785,0.139106218754051,0.345088152292592,0.010330712762859,0.0228636288931,0.0250892238291681
12,5,0.152155746871009,0.169212003273556,0.128775505991192,0.322224523399492,0,13,11,0.14897358914356,0.194114038866587,0.118434597790927,0.347223229731746,-0.010340908200265,0.024998706332254,0.0270530904092783
12,6,0.152155746871009,0.169212003273556,0.128775505991192,0.322224523399492,1,10,13,0.169871216452412,0.151727478589209,0.151637310881946,0.304742507126714,0.022861804890754,-0.017482016272778,0.0287799064596217
13,1,0.152494391514692,0.189403933753714,0.122784812738551,0.343132846988814,0,13,11,0.14897358914356,0.194114038866587,0.118434597790927,0.347223229731746,-0.00435021494762401,0.004090382742932,0.00597123111880685
13,2,0.152494391514692,0.189403933753714,0.122784812738551,0.343132846988814,0,12,12,0.149333653380515,0.174069592078439,0.124700143854874,0.327050407148807,0.001915331116323,-0.016082439840007,0.0161960910250776
13,3,0.152494391514692,0.189403933753714,0.122784812738551,0.343132846988814,1,12,11,0.171190637189439,0.188747406938785,0.139106218754051,0.345088152292592,0.0163214060155,0.00195530530377797,0.0164381116054668
13,4,0.152494391514692,0.189403933753714,0.122784812738551,0.343132846988814,1,13,10,0.171952923437183,0.210135415692495,0.132840672690104,0.365260974875531,0.010055859951553,0.022128127886717,0.0243058503890761
13,5,0.152494391514692,0.189403933753714,0.122784812738551,0.343132846988814,0,14,10,0.148575332604936,0.216284616161358,0.11216905172698,0.367396052314684,-0.010615761011571,0.02426320532587,0.0264839104842943
13,6,0.152494391514692,0.189403933753714,0.122784812738551,0.343132846988814,1,11,12,0.170499946231276,0.169368198271423,0.145371764817999,0.324915329709653,0.022586952079448,-0.018217517279161,0.0290180691993077
14,1,0.152869527790699,0.21177170406109,0.11679411948591,0.364041170578136,0,14,10,0.148575332604936,0.216284616161358,0.11216905172698,0.367396052314684,-0.00462506775893,0.00335488173654797,0.00571371011173273
14,2,0.152869527790699,0.21177170406109,0.11679411948591,0.364041170578136,1,13,10,0.171952923437183,0.210135415692495,0.132840672690104,0.365260974875531,0.016046553204194,0.00121980429739499,0.0160928491032189
14,3,0.152869527790699,0.21177170406109,0.11679411948591,0.364041170578136,0,13,11,0.14897358914356,0.194114038866587,0.118434597790927,0.347223229731746,0.001640478305017,-0.01681794084639,0.0168977603066769
14,4,0.152869527790699,0.21177170406109,0.11679411948591,0.364041170578136,1,14,9,0.17279854555588,0.233861638394985,0.126575126626157,0.38543379745847,0.009781007140247,0.021392626880334,0.0235225973378526
14,5,0.152869527790699,0.21177170406109,0.11679411948591,0.364041170578136,0,15,9,0.148132466806724,0.240938550141697,0.105903505663032,0.387568874897623,-0.010890613822878,0.023527704319487,0.0259260166625008
14,6,0.152869527790699,0.21177170406109,0.11679411948591,0.364041170578136,1,12,11,0.171190637189439,0.188747406938785,0.139106218754051,0.345088152292592,0.022312099268141,-0.018953018285544,0.0292753595346589
15,1,0.1532873899879,0.23668703815416,0.110803426233269,0.384949494167458,0,15,9,0.148132466806724,0.240938550141697,0.105903505663032,0.387568874897623,-0.004899920570237,0.00261938073016499,0.00555611168032027
15,2,0.1532873899879,0.23668703815416,0.110803426233269,0.384949494167458,1,14,9,0.17279854555588,0.233861638394985,0.126575126626157,0.38543379745847,0.015771700392888,0.000484303291012012,0.0157791344173471
15,3,0.1532873899879,0.23668703815416,0.110803426233269,0.384949494167458,0,14,10,0.148575332604936,0.216284616161358,0.11216905172698,0.367396052314684,0.001365625493711,-0.017553441852774,0.0176064832907595
15,4,0.1532873899879,0.23668703815416,0.110803426233269,0.384949494167458,1,15,8,0.173741959604866,0.260331679010058,0.12030958056221,0.405606620041409,0.009506154328941,0.020657125873951,0.022739477115754
15,5,0.1532873899879,0.23668703815416,0.110803426233269,0.384949494167458,0,16,8,0.147637051959308,0.268517841634444,0.0996379595990853,0.407741697480562,-0.0111654666341837,0.022792203313104,0.0253801532112188
15,6,0.1532873899879,0.23668703815416,0.110803426233269,0.384949494167458,1,13,10,0.171952923437183,0.210135415692495,0.132840672690104,0.365260974875531,0.022037246456835,-0.019688519291927,0.0295512778625201
16,1,0.153755718250603,0.264611447704968,0.104812732980628,0.40585781775678,0,16,8,0.147637051959308,0.268517841634444,0.0996379595990853,0.407741697480562,-0.00517477338154271,0.00188387972378201,0.00550702118790185
16,2,0.153755718250603,0.264611447704968,0.104812732980628,0.40585781775678,1,15,8,0.173741959604866,0.260331679010058,0.12030958056221,0.405606620041409,0.015496847581582,-0.000251197715370965,0.0154988833552289
16,3,0.153755718250603,0.264611447704968,0.104812732980628,0.40585781775678,0,15,9,0.148132466806724,0.240938550141697,0.105903505663032,0.387568874897623,0.001090772682404,-0.018288942859157,0.0183214414266506
16,4,0.153755718250603,0.264611447704968,0.104812732980628,0.40585781775678,1,16,7,0.174801170380873,0.290050710956781,0.114044034498263,0.425779442624348,0.009231301517635,0.019921624867568,0.0219565039355904
16,5,0.153755718250603,0.264611447704968,0.104812732980628,0.40585781775678,0,17,7,0.147079145214337,0.2995759999145,0.0933724135351382,0.427914520063501,-0.0114403194454898,0.022056702306721,0.024847113024699
16,6,0.153755718250603,0.264611447704968,0.104812732980628,0.40585781775678,1,14,9,0.17279854555588,0.233861638394985,0.126575126626157,0.38543379745847,0.021762393645529,-0.02042402029831,0.0298453075428741
17,1,0.154284242461343,0.296125083958874,0.0988220397279866,0.426766141346101,0,17,7,0.147079145214337,0.2995759999145,0.0933724135351382,0.427914520063501,-0.0054496261928484,0.00114837871739998,0.00556930869321827
17,2,0.154284242461343,0.296125083958874,0.0988220397279866,0.426766141346101,1,16,7,0.174801170380873,0.290050710956781,0.114044034498263,0.425779442624348,0.0152219947702764,-0.000986698721752999,0.0152539404467774
17,3,0.154284242461343,0.296125083958874,0.0988220397279866,0.426766141346101,0,16,8,0.147637051959308,0.268517841634444,0.0996379595990853,0.407741697480562,0.000815919871098691,-0.019024443865539,0.0190419324027027
17,4,0.154284242461343,0.296125083958874,0.0988220397279866,0.426766141346101,1,17,6,0.175998891567365,0.323656028246699,0.107778488434316,0.445952265207287,0.0089564487063294,0.019186123861186,0.0211736941095757
17,5,0.154284242461343,0.296125083958874,0.0988220397279866,0.426766141346101,0,18,6,0.146446126476179,0.334815574164451,0.0871068674711911,0.44808734264644,-0.0117151722567955,0.021321201300339,0.0243277390214538
17,6,0.154284242461343,0.296125083958874,0.0988220397279866,0.426766141346101,1,15,8,0.173741959604866,0.260331679010058,0.12030958056221,0.405606620041409,0.0214875408342234,-0.021159521304692,0.0301569188238144
18,1,0.154885365524212,0.331967478994197,0.0928313464753455,0.447674464935423,0,18,6,0.146446126476179,0.334815574164451,0.0871068674711911,0.44808734264644,-0.00572447900415439,0.000412877711017001,0.00573934908097243
18,2,0.154885365524212,0.331967478994197,0.0928313464753455,0.447674464935423,1,17,6,0.175998891567365,0.323656028246699,0.107778488434316,0.445952265207287,0.0149471419589705,-0.00172219972813603,0.0150460301955436
18,3,0.154885365524212,0.331967478994197,0.0928313464753455,0.447674464935423,0,17,7,0.147079145214337,0.2995759999145,0.0933724135351382,0.427914520063501,0.000541067059792705,-0.019759944871922,0.019767351236435
18,4,0.154885365524212,0.331967478994197,0.0928313464753455,0.447674464935423,1,18,5,0.177364192853496,0.361963259874756,0.101512942370369,0.466125087790226,0.0086815958950235,0.018450622854803,0.0203910664511366
18,5,0.154885365524212,0.331967478994197,0.0928313464753455,0.447674464935423,0,19,5,0.145721732258508,0.375141937794896,0.080841321407244,0.468260165229379,-0.0119900250681015,0.020585700293956,0.0238229250455582
18,6,0.154885365524212,0.331967478994197,0.0928313464753455,0.447674464935423,1,16,7,0.174801170380873,0.290050710956781,0.114044034498263,0.425779442624348,0.0212126880229175,-0.021895022311075,0.0304855725739258
19,1,0.155575148983125,0.373096313920637,0.0868406532227044,0.468582788524745,0,19,5,0.145721732258508,0.375141937794896,0.080841321407244,0.468260165229379,-0.0059993318154604,-0.000322623295365976,0.0060080003347793
19,2,0.155575148983125,0.373096313920637,0.0868406532227044,0.468582788524745,1,18,5,0.177364192853496,0.361963259874756,0.101512942370369,0.466125087790226,0.0146722891476646,-0.00245770073451901,0.0148767053386538
19,3,0.155575148983125,0.373096313920637,0.0868406532227044,0.468582788524745,1,19,4,0.178934890432122,0.406033441726393,0.0952473963064217,0.486297910373165,0.00840674308371731,0.01771512184842,0.0196086427725122
19,4,0.155575148983125,0.373096313920637,0.0868406532227044,0.468582788524745,0,18,6,0.146446126476179,0.334815574164451,0.0871068674711911,0.44808734264644,0.000266214248486704,-0.020495445878305,0.0204971747266941
19,5,0.155575148983125,0.373096313920637,0.0868406532227044,0.468582788524745,0,20,4,0.144884638610404,0.421742175652594,0.0745757753432969,0.488432987812318,-0.0122648778794075,0.019850199287573,0.0233336161182347
19,6,0.155575148983125,0.373096313920637,0.0868406532227044,0.468582788524745,1,17,6,0.175998891567365,0.323656028246699,0.107778488434316,0.445952265207287,0.0209378352116116,-0.022630523317458,0.0308307237827887
20,1,0.156374769472133,0.420774260776587,0.0808499599700633,0.489491112114067,0,20,4,0.144884638610404,0.421742175652594,0.0745757753432969,0.488432987812318,-0.0062741846267664,-0.00105812430174901,0.00636278396369889
20,2,0.156374769472133,0.420774260776587,0.0808499599700633,0.489491112114067,1,19,4,0.178934890432122,0.406033441726393,0.0952473963064217,0.486297910373165,0.0143974363363584,-0.00319320174090199,0.014747295020362
20,3,0.156374769472133,0.420774260776587,0.0808499599700633,0.489491112114067,1,20,3,0.18076110413382,0.45727282162292,0.0889818502424747,0.506470732956104,0.00813189027241139,0.016979620842037,0.018826448505809
20,4,0.156374769472133,0.420774260776587,0.0808499599700633,0.489491112114067,0,19,5,0.145721732258508,0.375141937794896,0.080841321407244,0.468260165229379,-8.6385628193103e-06,-0.021230946884688,0.0212309486421405
20,5,0.156374769472133,0.420774260776587,0.0808499599700633,0.489491112114067,0,21,3,0.143906326859292,0.47620389615905,0.0683102292793498,0.508605810395257,-0.0125397306907135,0.01911469828119,0.0228608078636025
20,6,0.156374769472133,0.420774260776587,0.0808499599700633,0.489491112114067,1,18,5,0.177364192853496,0.361963259874756,0.101512942370369,0.466125087790226,0.0206629824003057,-0.023366024323841,0.0311918248003811
21,1,0.157312731100565,0.476700897584996,0.0748592667174222,0.510399435703389,0,21,3,0.143906326859292,0.47620389615905,0.0683102292793498,0.508605810395257,-0.00654903743807241,-0.00179362530813199,0.00679021230236916
21,2,0.157312731100565,0.476700897584996,0.0748592667174222,0.510399435703389,1,20,3,0.18076110413382,0.45727282162292,0.0889818502424747,0.506470732956104,0.0141225835250525,-0.00392870274728496,0.0146588563912267
21,3,0.157312731100565,0.476700897584996,0.0748592667174222,0.510399435703389,1,21,2,0.182910704255691,0.517585684880804,0.0827163041785275,0.526643555539042,0.0078570374611053,0.016244119835653,0.0180445134847207
21,4,0.157312731100565,0.476700897584996,0.0748592667174222,0.510399435703389,0,20,4,0.144884638610404,0.421742175652594,0.0745757753432969,0.488432987812318,-0.000283491374125297,-0.021966447891071,0.0219682771356868
21,5,0.157312731100565,0.476700897584996,0.0748592667174222,0.510399435703389,0,22,2,0.142747769699134,0.540699713750497,0.0620446832154027,0.528778632978196,-0.0128145835020195,0.0183791972748071,0.0224055449118406
21,6,0.157312731100565,0.476700897584996,0.0748592667174222,0.510399435703389,1,19,4,0.178934890432122,0.406033441726393,0.0952473963064217,0.486297910373165,0.0203881295889995,-0.024101525330224,0.0315683282956394
22,1,0.158428334860217,0.543219574252482,0.0688685734647811,0.531307759292711,0,22,2,0.142747769699134,0.540699713750497,0.0620446832154027,0.528778632978196,-0.00682389024937841,-0.00252912631451496,0.0072774966884454
22,2,0.158428334860217,0.543219574252482,0.0688685734647811,0.531307759292711,1,21,2,0.182910704255691,0.517585684880804,0.0827163041785275,0.526643555539042,0.0138477307137464,-0.00466420375366905,0.0146121334026273
22,3,0.158428334860217,0.543219574252482,0.0688685734647811,0.531307759292711,1,22,1,0.185477933053039,0.589616253650676,0.0764507581145804,0.546816378121981,0.00758218464979929,0.01550861882927,0.0172628729374702
22,4,0.158428334860217,0.543219574252482,0.0688685734647811,0.531307759292711,0,23,1,0.141354099743971,0.618284045626359,0.0557791371514556,0.548951455561135,-0.0130894363133255,0.017643696268424,0.0219689180665094
22,5,0.158428334860217,0.543219574252482,0.0688685734647811,0.531307759292711,0,21,3,0.143906326859292,0.47620389615905,0.0683102292793498,0.508605810395257,-0.000558344185431311,-0.022701948897454,0.0227088139710558
22,6,0.158428334860217,0.543219574252482,0.0688685734647811,0.531307759292711,2,21,1,0.225992514915343,0.563293436304442,0.0971223790777053,0.544681300682828,0.0282538056129242,0.013373541390117,0.0312590649400471
23,1,0.159777325456088,0.62365410891397,0.06287788021214,0.552216082882033,0,23,1,0.141354099743971,0.618284045626359,0.0557791371514556,0.548951455561135,-0.0070987430606844,-0.00326462732089805,0.0078134463961794
23,2,0.159777325456088,0.62365410891397,0.06287788021214,0.552216082882033,1,22,1,0.185477933053039,0.589616253650676,0.0764507581145804,0.546816378121981,0.0135728779024404,-0.00539970476005203,0.0146075263494639
23,3,0.159777325456088,0.62365410891397,0.06287788021214,0.552216082882033,1,23,0,0.188597591887256,0.677146745840827,0.0701852120506334,0.56698920070492,0.0073073318384934,0.0147731178228869,0.01648156876049
23,4,0.159777325456088,0.62365410891397,0.06287788021214,0.552216082882033,0,24,0,0.139645665717323,0.713391005506233,0.0495135910875085,0.569124278144074,-0.0133642891246315,0.0169081952620409,0.0215520600135125
23,5,0.159777325456088,0.62365410891397,0.06287788021214,0.552216082882033,0,22,2,0.142747769699134,0.540699713750497,0.0620446832154027,0.528778632978196,-0.000833196996737298,-0.023437449903837,0.0234522552269551
23,6,0.159777325456088,0.62365410891397,0.06287788021214,0.552216082882033,2,22,0,0.23313394709924,0.644171797781575,0.0908568330137582,0.564854123265767,0.0279789528016182,0.012638040383734,0.0307008446889669
24,1,0.161441496137864,0.722881482919169,0.0568871869594989,0.573124406471355,0,24,0,0.139645665717323,0.713391005506233,0.0495135910875085,0.569124278144074,-0.0073735958719904,-0.00400012832728103,0.00838873904220116
24,2,0.161441496137864,0.722881482919169,0.0568871869594989,0.573124406471355,1,23,0,0.188597591887256,0.677146745840827,0.0701852120506334,0.56698920070492,0.0132980250911345,-0.006135205766435,0.0146450749783311
24,3,0.161441496137864,0.722881482919169,0.0568871869594989,0.573124406471355,0,23,1,0.141354099743971,0.618284045626359,0.0557791371514556,0.548951455561135,-0.00110804980804331,-0.02417295091022,0.0241983332088185
24,4,0.161441496137864,0.722881482919169,0.0568871869594989,0.573124406471355,1,22,1,0.185477933053039,0.589616253650676,0.0764507581145804,0.546816378121981,0.0195635711550815,-0.026308028349374,0.0327848390566646
24,5,0.161441496137864,0.722881482919169,0.0568871869594989,0.573124406471355,2,22,0,0.23313394709924,0.644171797781575,0.0908568330137582,0.564854123265767,0.0339696460542593,-0.00827028320558798,0.0349618997960964
24,6,0.161441496137864,0.722881482919169,0.0568871869594989,0.573124406471355,0,22,2,0.142747769699134,0.540699713750497,0.0620446832154027,0.528778632978196,0.0051574962559038,-0.0443457734931589,0.0446446793508053
25,1,0.164697274463371,0.0385287060602345,0.210277570301939,0.110681103425348,1,0,23,0.165725480739411,0.0354076158307829,0.214292771521417,0.103014281297325,0.00401520121947802,-0.007666822128023,0.00865459429295451
25,2,0.164697274463371,0.0385287060602345,0.210277570301939,0.110681103425348,1,1,22,0.166020826189018,0.0436943336881004,0.208027225457469,0.123187103880264,-0.00225034484447001,0.012506000454916,0.0127068524543804
25,3,0.164697274463371,0.0385287060602345,0.210277570301939,0.110681103425348,0,1,23,0.151802349751986,0.0366395227314026,0.193621150558292,0.105149358736479,-0.016656419743647,-0.00553174468886899,0.0175509691464427
25,4,0.164697274463371,0.0385287060602345,0.210277570301939,0.110681103425348,2,0,22,0.179993415144414,0.0423430550511762,0.228698846420594,0.121052026441111,0.018421276118655,0.010370923015763,0.021139996642351
25,5,0.164697274463371,0.0385287060602345,0.210277570301939,0.110681103425348,0,2,22,0.151650658034637,0.0450840619122693,0.187355604494345,0.125322181319417,-0.022921965807594,0.014641077894069,0.027198854357945
25,6,0.164697274463371,0.0385287060602345,0.210277570301939,0.110681103425348,0,0,24,0.151944807551146,0.0287090273315391,0.199886696622239,0.0849765361535396,-0.0103908736797,-0.0257045672718084,0.0277253500331088
26,1,0.165335780122569,0.0473330900275588,0.204286877049298,0.13158942701467,1,1,22,0.166020826189018,0.0436943336881004,0.208027225457469,0.123187103880264,0.003740348408171,-0.00840232313440599,0.00919724090526509
26,2,0.165335780122569,0.0473330900275588,0.204286877049298,0.13158942701467,1,2,21,0.166335670047518,0.0525281323058379,0.201761679393522,0.143359926463203,-0.002525197655776,0.011770499448533,0.0120383254844124
26,3,0.165335780122569,0.0473330900275588,0.204286877049298,0.13158942701467,0,2,22,0.151650658034637,0.0450840619122693,0.187355604494345,0.125322181319417,-0.016931272554953,-0.006267245695253,0.0180539845722425
26,4,0.165335780122569,0.0473330900275588,0.204286877049298,0.13158942701467,2,1,21,0.18075840201643,0.0510067072664392,0.222433300356647,0.14122484902405,0.018146423307349,0.00963542200938,0.0205459007139707
26,5,0.165335780122569,0.0473330900275588,0.204286877049298,0.13158942701467,2,0,22,0.179993415144414,0.0423430550511762,0.228698846420594,0.121052026441111,0.024411969371296,-0.010537400573559,0.0265891154315584
26,6,0.165335780122569,0.0473330900275588,0.204286877049298,0.13158942701467,0,3,21,0.15148880453282,0.054094298341464,0.181090058430398,0.145495003902356,-0.0231968186189,0.013905576887686,0.0270454702790965
27,1,0.166018296198356,0.0567443356579467,0.198296183796657,0.152497750603992,1,2,21,0.166335670047518,0.0525281323058379,0.201761679393522,0.143359926463203,0.00346549559686499,-0.00913782414078901,0.00977289566913906
27,2,0.166018296198356,0.0567443356579467,0.198296183796657,0.152497750603992,1,3,20,0.16667200912661,0.061965037653583,0.195496133329575,0.163532749046142,-0.00280005046708201,0.01103499844215,0.0113847034760006
27,3,0.166018296198356,0.0567443356579467,0.198296183796657,0.152497750603992,0,3,21,0.15148880453282,0.054094298341464,0.181090058430398,0.145495003902356,-0.017206125366259,-0.007002746701636,0.0185765769582745
27,4,0.166018296198356,0.0567443356579467,0.198296183796657,0.152497750603992,2,2,20,0.18157484547062,0.0602531171059874,0.2161677542927,0.161397671606989,0.017871570496043,0.008899921002997,0.0199650100389311
27,5,0.166018296198356,0.0567443356579467,0.198296183796657,0.152497750603992,2,1,21,0.18075840201643,0.0510067072664392,0.222433300356647,0.14122484902405,0.02413711655999,-0.011272901579942,0.0266397955296508
27,6,0.166018296198356,0.0567443356579467,0.198296183796657,0.152497750603992,0,4,20,0.151315732757046,0.06372904582255,0.17482451236645,0.165667826485295,-0.023471671430207,0.013170075881303,0.0269141274881218
28,1,0.166749535380154,0.0668274264430514,0.192305490544016,0.173406074193314,1,3,20,0.16667200912661,0.061965037653583,0.195496133329575,0.163532749046142,0.003190642785559,-0.00987332514717199,0.0103760662510808
28,2,0.166749535380154,0.0668274264430514,0.192305490544016,0.173406074193314,1,4,19,0.167032122529595,0.0720689961575702,0.189230587265628,0.183705571629081,-0.003074903278388,0.010299497435767,0.0107487058570235
28,3,0.166749535380154,0.0668274264430514,0.192305490544016,0.173406074193314,0,4,20,0.151315732757046,0.06372904582255,0.17482451236645,0.165667826485295,-0.017480978177566,-0.00773824770801901,0.0191171408854776
28,4,0.166749535380154,0.0668274264430514,0.192305490544016,0.173406074193314,2,3,19,0.182448118011108,0.0701431294142816,0.209902208228753,0.181570494189927,0.017596717684737,0.00816441999661299,0.0193985109520661
28,5,0.166749535380154,0.0668274264430514,0.192305490544016,0.173406074193314,2,2,20,0.18157484547062,0.0602531171059874,0.2161677542927,0.161397671606989,0.023862263748684,-0.012008402586325,0.0267134678371606
28,6,0.166749535380154,0.0668274264430514,0.192305490544016,0.173406074193314,0,5,19,0.151130234506905,0.0740555637675003,0.168558966302503,0.185840649068234,-0.023746524241513,0.01243457487492,0.0268051499878802
29,1,0.167534908117127,0.0776569673158234,0.186314797291375,0.194314397782636,1,5,18,0.1674186233639,0.0829133256360264,0.182965041201681,0.20387839421202,-0.00334975608969401,0.00956399642938399,0.0101336515413602
29,2,0.167534908117127,0.0776569673158234,0.186314797291375,0.194314397782636,1,4,19,0.167032122529595,0.0720689961575702,0.189230587265628,0.183705571629081,0.00291578997425299,-0.010608826153555,0.0110022281166274
29,3,0.167534908117127,0.0776569673158234,0.186314797291375,0.194314397782636,2,4,18,0.183384367023484,0.080746364746592,0.203636662164806,0.201743316772866,0.017321864873431,0.00742891899022999,0.0188477011875932
29,4,0.167534908117127,0.0776569673158234,0.186314797291375,0.194314397782636,0,5,19,0.151130234506905,0.0740555637675003,0.168558966302503,0.185840649068234,-0.017755830988872,-0.00847374871440201,0.0196741950630824
29,5,0.167534908117127,0.0776569673158234,0.186314797291375,0.194314397782636,0,6,18,0.1509309216251,0.0851511296235151,0.162293420238556,0.206013471651173,-0.024021377052819,0.011699073868537,0.0267188114424123
29,6,0.167534908117127,0.0776569673158234,0.186314797291375,0.194314397782636,2,3,19,0.182448118011108,0.0701431294142816,0.209902208228753,0.181570494189927,0.023587410937378,-0.012743903592709,0.0268099428106253
30,1,0.168380656719636,0.0893190337815619,0.180324104038734,0.215222721371958,1,6,17,0.167834522253701,0.0945824973179742,0.176699495137734,0.224051216794959,-0.003624608901,0.00882849542300101,0.00954359057793021
30,2,0.168380656719636,0.0893190337815619,0.180324104038734,0.215222721371958,1,5,18,0.1674186233639,0.0829133256360264,0.182965041201681,0.20387839421202,0.002640937162947,-0.011344327159938,0.0116476739227342
30,3,0.168380656719636,0.0893190337815619,0.180324104038734,0.215222721371958,2,5,17,0.184390659702975,0.0921428607137656,0.197371116100859,0.221916139355805,0.017047012062125,0.00669341798384701,0.0183139964112894
30,4,0.168380656719636,0.0893190337815619,0.180324104038734,0.215222721371958,0,6,18,0.1509309216251,0.0851511296235151,0.162293420238556,0.206013471651173,-0.018030683800178,-0.00920924972078499,0.0202463784100214
30,5,0.168380656719636,0.0893190337815619,0.180324104038734,0.215222721371958,0,7,17,0.150716191196719,0.0971049761979383,0.156027874174609,0.226186294234112,-0.024296229864125,0.010963572862154,0.0266553318402559
30,6,0.168380656719636,0.0893190337815619,0.180324104038734,0.215222721371958,2,4,18,0.183384367023484,0.080746364746592,0.203636662164806,0.201743316772866,0.023312558126072,-0.013479404599092,0.0269289753746315
31,1,0.169294021624298,0.101913464554532,0.174333410786093,0.23613104496128,1,7,16,0.168283305918205,0.107174340570212,0.170433949073787,0.244224039377898,-0.00389946171230598,0.00809299441661798,0.00898344924141892
31,2,0.169294021624298,0.101913464554532,0.174333410786093,0.23613104496128,1,6,17,0.167834522253701,0.0945824973179742,0.176699495137734,0.224051216794959,0.00236608435164101,-0.012079828166321,0.0123093705642052
31,3,0.169294021624298,0.101913464554532,0.174333410786093,0.23613104496128,2,6,16,0.18547516177419,0.104425096024527,0.191105570036912,0.242088961938744,0.016772159250819,0.00595791697746398,0.0177989353795441
31,4,0.169294021624298,0.101913464554532,0.174333410786093,0.23613104496128,0,7,17,0.150716191196719,0.0971049761979383,0.156027874174609,0.226186294234112,-0.018305536611484,-0.00994475072716802,0.0208324443515371
31,5,0.169294021624298,0.101913464554532,0.174333410786093,0.23613104496128,0,8,16,0.150484182347709,0.11002069664742,0.149762328110662,0.246359116817051,-0.024571082675431,0.010228071855771,0.0266148747457071
31,6,0.169294021624298,0.101913464554532,0.174333410786093,0.23613104496128,2,5,17,0.184390659702975,0.0921428607137656,0.197371116100859,0.221916139355805,0.023037705314766,-0.014214905605475,0.0270702679621492
32,1,0.170283449197422,0.115556726969133,0.168342717533452,0.257039368550602,1,8,15,0.168769035156525,0.12080279212876,0.16416840300984,0.264396861960837,-0.004174314523612,0.00735749341023501,0.00845917318794748
32,2,0.170283449197422,0.115556726969133,0.168342717533452,0.257039368550602,1,7,16,0.168283305918205,0.107174340570212,0.170433949073787,0.244224039377898,0.002091231540335,-0.012815329172704,0.0129848338903526
32,3,0.170283449197422,0.115556726969133,0.168342717533452,0.257039368550602,2,7,15,0.186647359566145,0.117700505536103,0.184840023972965,0.262261784521683,0.016497306439513,0.00522241597108097,0.017304182972166
32,4,0.170283449197422,0.115556726969133,0.168342717533452,0.257039368550602,0,8,16,0.150484182347709,0.11002069664742,0.149762328110662,0.246359116817051,-0.01858038942279,-0.010680251733551,0.0214312540042468
32,5,0.170283449197422,0.115556726969133,0.168342717533452,0.257039368550602,0,9,15,0.150232722177482,0.124019254360603,0.143496782046715,0.26653193939999,-0.024845935486737,0.00949257084938798,0.0265975452164621
32,6,0.170283449197422,0.115556726969133,0.168342717533452,0.257039368550602,2,6,16,0.18547516177419,0.104425096024527,0.191105570036912,0.242088961938744,0.02276285250346,-0.014950406611858,0.0272334741073217
33,1,0.171358853710087,0.130385529366267,0.162352024280811,0.277947692139923,1,9,14,0.16929646807087,0.135601353459745,0.157902856945893,0.284569684543775,-0.00444916733491799,0.00662199240385203,0.00797783638405647
33,2,0.171358853710087,0.130385529366267,0.162352024280811,0.277947692139923,1,8,15,0.168769035156525,0.12080279212876,0.16416840300984,0.264396861960837,0.00181637872902901,-0.013550830179086,0.0136720236333067
33,3,0.171358853710087,0.130385529366267,0.162352024280811,0.277947692139923,2,8,14,0.187918338229923,0.13209463113328,0.178574477909018,0.282434607104622,0.016222453628207,0.004486914964699,0.016831530162756
33,4,0.171358853710087,0.130385529366267,0.162352024280811,0.277947692139923,0,9,15,0.150232722177482,0.124019254360603,0.143496782046715,0.26653193939999,-0.018855242234096,-0.011415752739933,0.0220417687658165
33,5,0.171358853710087,0.130385529366267,0.162352024280811,0.277947692139923,2,9,13,0.189301133386353,0.147755104219161,0.17230893184507,0.302607429687561,0.00995690756425902,0.024659737547638,0.0265940343716704
33,6,0.171358853710087,0.130385529366267,0.162352024280811,0.277947692139923,0,10,14,0.149959257497693,0.139242782997667,0.137231235982768,0.286704761982929,-0.025120788298043,0.008757069843006,0.0266033884486615
34,1,0.172531950708661,0.146561417954831,0.15636133102817,0.298856015729245,1,10,13,0.169871216452412,0.151727478589209,0.151637310881946,0.304742507126714,-0.00472402014622397,0.00588649139746905,0.00754765839942476
34,2,0.172531950708661,0.146561417954831,0.15636133102817,0.298856015729245,1,9,14,0.16929646807087,0.135601353459745,0.157902856945893,0.284569684543775,0.00154152591772302,-0.01428633118547,0.0143692574928541
34,3,0.172531950708661,0.146561417954831,0.15636133102817,0.298856015729245,2,9,13,0.189301133386353,0.147755104219161,0.17230893184507,0.302607429687561,0.0159476008169,0.00375141395831602,0.0163828898092442
34,4,0.172531950708661,0.146561417954831,0.15636133102817,0.298856015729245,0,10,14,0.149959257497693,0.139242782997667,0.137231235982768,0.286704761982929,-0.019130095045402,-0.012151253746316,0.0226630426918689
34,5,0.172531950708661,0.146561417954831,0.15636133102817,0.298856015729245,2,10,12,0.190811179854499,0.164856727668499,0.166043385781123,0.3227802522705,0.009682054752953,0.023924236541255,0.0258091316847565
34,6,0.172531950708661,0.146561417954831,0.15636133102817,0.298856015729245,0,11,13,0.1496607678311,0.155859429764474,0.130965689918821,0.306877584565868,-0.025395641109349,0.00802156883662303,0.026632389189773
35,1,0.173816685561005,0.164276686055123,0.150370637775528,0.319764339318567,1,11,12,0.170499946231276,0.169368198271423,0.145371764817999,0.324915329709653,-0.00499887295752902,0.00515099039108596,0.00717784318960611
35,2,0.173816685561005,0.164276686055123,0.150370637775528,0.319764339318567,1,10,13,0.169871216452412,0.151727478589209,0.151637310881946,0.304742507126714,0.00126667310641801,-0.015021832191853,0.0150751418951436
35,3,0.173816685561005,0.164276686055123,0.150370637775528,0.319764339318567,2,10,12,0.190811179854499,0.164856727668499,0.166043385781123,0.3227802522705,0.015672748005595,0.00301591295193299,0.0159602869955561
35,4,0.173816685561005,0.164276686055123,0.150370637775528,0.319764339318567,0,11,13,0.1496607678311,0.155859429764474,0.130965689918821,0.306877584565868,-0.019404947856707,-0.012886754752699,0.0232942149337068
35,5,0.173816685561005,0.164276686055123,0.150370637775528,0.319764339318567,2,11,11,0.192466890237511,0.183608028445478,0.159777839717176,0.342953074853439,0.00940720194164799,0.023188735534872,0.0250242463238592
35,6,0.173816685561005,0.164276686055123,0.150370637775528,0.319764339318567,0,12,12,0.149333653380515,0.174069592078439,0.124700143854874,0.327050407148807,-0.025670493920654,0.00728606783024,0.0266844719370122
36,1,0.175229790463041,0.183762054687965,0.144379944522887,0.340672662907889,1,12,11,0.171190637189439,0.188747406938785,0.139106218754051,0.345088152292592,-0.005273725768836,0.00441548938470299,0.00687813419404635
36,2,0.175229790463041,0.183762054687965,0.144379944522887,0.340672662907889,2,11,11,0.192466890237511,0.183608028445478,0.159777839717176,0.342953074853439,0.015397895194289,0.00228041194555001,0.0155658425745513
36,3,0.175229790463041,0.183762054687965,0.144379944522887,0.340672662907889,1,11,12,0.170499946231276,0.169368198271423,0.145371764817999,0.324915329709653,0.000991820295111995,-0.015757333198236,0.0157885166186703
36,4,0.175229790463041,0.183762054687965,0.144379944522887,0.340672662907889,0,12,12,0.149333653380515,0.174069592078439,0.124700143854874,0.327050407148807,-0.019679800668013,-0.013622255759082,0.0239345024242947
36,5,0.175229790463041,0.183762054687965,0.144379944522887,0.340672662907889,2,12,10,0.194290409430185,0.204259802575342,0.153512293653229,0.363125897436378,0.009132349130342,0.022453234528489,0.0242393799720577
36,6,0.175229790463041,0.183762054687965,0.144379944522887,0.340672662907889,0,13,11,0.14897358914356,0.194114038866587,0.118434597790927,0.347223229731746,-0.02594534673196,0.00655056682385702,0.0267595019153093
37,1,0.176791517193047,0.205296776557593,0.138389251270246,0.361580986497211,1,13,10,0.171952923437183,0.210135415692495,0.132840672690104,0.365260974875531,-0.00554857858014202,0.00367998837832001,0.00665800561163635
37,2,0.176791517193047,0.205296776557593,0.138389251270246,0.361580986497211,2,12,10,0.194290409430185,0.204259802575342,0.153512293653229,0.363125897436378,0.015123042382983,0.00154491093916703,0.0152017486075602
37,3,0.176791517193047,0.205296776557593,0.138389251270246,0.361580986497211,1,12,11,0.171190637189439,0.188747406938785,0.139106218754051,0.345088152292592,0.000716967483804981,-0.016492834204619,0.0165084106586274
37,4,0.176791517193047,0.205296776557593,0.138389251270246,0.361580986497211,2,13,9,0.196308610784251,0.227116396945276,0.147246747589282,0.383298720019317,0.00885749631903598,0.021717733522106,0.023454534537674
37,5,0.176791517193047,0.205296776557593,0.138389251270246,0.361580986497211,0,13,11,0.14897358914356,0.194114038866587,0.118434597790927,0.347223229731746,-0.019954653479319,-0.014357756765465,0.0245831929337089
37,6,0.176791517193047,0.205296776557593,0.138389251270246,0.361580986497211,1,14,9,0.17279854555588,0.233861638394985,0.126575126626157,0.38543379745847,-0.011814124644089,0.023852810961259,0.0266182293148817
38,1,0.178526613898925,0.229222105016195,0.132398558017605,0.382489310086533,1,14,9,0.17279854555588,0.233861638394985,0.126575126626157,0.38543379745847,-0.005823431391448,0.00294448737193703,0.00652551599909146
38,2,0.178526613898925,0.229222105016195,0.132398558017605,0.382489310086533,2,13,9,0.196308610784251,0.227116396945276,0.147246747589282,0.383298720019317,0.014848189571677,0.000809409932784,0.0148702346314961
38,3,0.178526613898925,0.229222105016195,0.132398558017605,0.382489310086533,1,13,10,0.171952923437183,0.210135415692495,0.132840672690104,0.365260974875531,0.000442114672498994,-0.017228335211002,0.0172340070652849
38,4,0.178526613898925,0.229222105016195,0.132398558017605,0.382489310086533,2,14,8,0.19855442932278,0.252550808264167,0.140981201525335,0.403471542602256,0.00858264350773,0.020982232515723,0.0226697121932468
38,5,0.178526613898925,0.229222105016195,0.132398558017605,0.382489310086533,0,14,10,0.148575332604936,0.216284616161358,0.11216905172698,0.367396052314684,-0.020229506290625,-0.015093257771849,0.0252396385657544
38,6,0.178526613898925,0.229222105016195,0.132398558017605,0.382489310086533,1,15,8,0.173741959604866,0.260331679010058,0.12030958056221,0.405606620041409,-0.012088977455395,0.023117309954876,0.0260874183365633
39,1,0.180465646307402,0.255959512278586,0.126407864764964,0.403397633675855,1,15,8,0.173741959604866,0.260331679010058,0.12030958056221,0.405606620041409,-0.00609828420275399,0.002208986365554,0.00648603815751668
39,2,0.180465646307402,0.255959512278586,0.126407864764964,0.403397633675855,2,14,8,0.19855442932278,0.252550808264167,0.140981201525335,0.403471542602256,0.014573336760371,7.39089264009674e-05,0.0145735241743575
39,3,0.180465646307402,0.255959512278586,0.126407864764964,0.403397633675855,1,14,9,0.17279854555588,0.233861638394985,0.126575126626157,0.38543379745847,0.000167261861193008,-0.017963836217385,0.0179646148908136
39,4,0.180465646307402,0.255959512278586,0.126407864764964,0.403397633675855,2,15,7,0.201068673000704,0.281025196004376,0.134715655461388,0.423644365185194,0.00830779069642401,0.020246731509339,0.0218849154228854
39,5,0.180465646307402,0.255959512278586,0.126407864764964,0.403397633675855,1,16,7,0.174801170380873,0.290050710956781,0.114044034498263,0.425779442624348,-0.012363830266701,0.022381808948493,0.025569702201446
39,6,0.180465646307402,0.255959512278586,0.126407864764964,0.403397633675855,0,15,9,0.148132466806724,0.240938550141697,0.105903505663032,0.387568874897623,-0.020504359101932,-0.015828758778232,0.0259032497312681
40,1,0.182646813888176,0.286035732593267,0.120417171512323,0.424305957265177,1,16,7,0.174801170380873,0.290050710956781,0.114044034498263,0.425779442624348,-0.00637313701406,0.00147348535917102,0.00654125633985345
40,2,0.182646813888176,0.286035732593267,0.120417171512323,0.424305957265177,2,15,7,0.201068673000704,0.281025196004376,0.134715655461388,0.423644365185194,0.014298483949065,-0.000661592079983009,0.0143137817267823
40,3,0.182646813888176,0.286035732593267,0.120417171512323,0.424305957265177,1,15,8,0.173741959604866,0.260331679010058,0.12030958056221,0.405606620041409,-0.000107590950113007,-0.018699337223768,0.0186996467458811
40,4,0.182646813888176,0.286035732593267,0.120417171512323,0.424305957265177,2,16,6,0.203902524701942,0.313119218094532,0.128450109397441,0.443817187768133,0.008032937885118,0.019511230502956,0.0211001470801899
40,5,0.182646813888176,0.286035732593267,0.120417171512323,0.424305957265177,1,17,6,0.175998891567365,0.323656028246699,0.107778488434316,0.445952265207287,-0.012638683078007,0.02164630794211,0.0250658923134796
40,6,0.182646813888176,0.286035732593267,0.120417171512323,0.424305957265177,0,16,8,0.147637051959308,0.268517841634444,0.0996379595990853,0.407741697480562,-0.0207792119132377,-0.016564259784615,0.0265734896080183
41,1,0.185118491704071,0.320117811931441,0.114426478259682,0.445214280854499,1,17,6,0.175998891567365,0.323656028246699,0.107778488434316,0.445952265207287,-0.00664798982536599,0.00073798435278799,0.00668882572826723
41,2,0.185118491704071,0.320117811931441,0.114426478259682,0.445214280854499,2,16,6,0.203902524701942,0.313119218094532,0.128450109397441,0.443817187768133,0.014023631137759,-0.00139709308636599,0.0140930514573635
41,3,0.185118491704071,0.320117811931441,0.114426478259682,0.445214280854499,1,16,7,0.174801170380873,0.290050710956781,0.114044034498263,0.425779442624348,-0.000382443761418993,-0.019434838230151,0.0194386007794488
41,4,0.185118491704071,0.320117811931441,0.114426478259682,0.445214280854499,2,17,5,0.20712106315204,0.349569906064653,0.122184563333494,0.463990010351072,0.00775808507381201,0.018775729496573,0.0203154104595745
41,5,0.185118491704071,0.320117811931441,0.114426478259682,0.445214280854499,1,18,5,0.177364192853496,0.361963259874756,0.101512942370369,0.466125087790226,-0.012913535889313,0.020910806935727,0.0245768438955823
41,6,0.185118491704071,0.320117811931441,0.114426478259682,0.445214280854499,0,17,7,0.147079145214337,0.2995759999145,0.0933724135351382,0.427914520063501,-0.0210540647245438,-0.017299760790998,0.0272498690795209
42,1,0.187942860373043,0.35906316170038,0.108435785007041,0.466122604443821,1,18,5,0.177364192853496,0.361963259874756,0.101512942370369,0.466125087790226,-0.00692284263667201,2.48334640501335e-06,0.00692284308208219
42,2,0.187942860373043,0.35906316170038,0.108435785007041,0.466122604443821,2,17,5,0.20712106315204,0.349569906064653,0.122184563333494,0.463990010351072,0.013748778326453,-0.00213259409274896,0.013913190253654
42,3,0.187942860373043,0.35906316170038,0.108435785007041,0.466122604443821,2,18,4,0.210808322097878,0.391328961419644,0.115919017269547,0.484162832934011,0.007483232262506,0.01804022849019,0.0195307093847836
42,4,0.187942860373043,0.35906316170038,0.108435785007041,0.466122604443821,1,17,6,0.175998891567365,0.323656028246699,0.107778488434316,0.445952265207287,-0.000657296572724994,-0.020170339236534,0.0201810461498253
42,5,0.187942860373043,0.35906316170038,0.108435785007041,0.466122604443821,1,19,4,0.178934890432122,0.406033441726393,0.0952473963064217,0.486297910373165,-0.0131883887006193,0.020175305929344,0.0241034554755381
42,6,0.187942860373043,0.35906316170038,0.108435785007041,0.466122604443821,0,19,5,0.145721732258508,0.375141937794896,0.080841321407244,0.468260165229379,-0.027594463599797,0.00213756078555805,0.0276771311279272
43,1,0.19120120932299,0.403992685568498,0.1024450917544,0.487030928033143,1,19,4,0.178934890432122,0.406033441726393,0.0952473963064217,0.486297910373165,-0.0071976954479783,-0.000733017659978019,0.00723492464727084
43,2,0.19120120932299,0.403992685568498,0.1024450917544,0.487030928033143,2,18,4,0.210808322097878,0.391328961419644,0.115919017269547,0.484162832934011,0.013473925515147,-0.002868095099132,0.01377579900715
43,3,0.19120120932299,0.403992685568498,0.1024450917544,0.487030928033143,2,19,3,0.215074733401216,0.439647050384976,0.109653471205599,0.50433565551695,0.007208379451199,0.017304727483807,0.0187460483196138
43,4,0.19120120932299,0.403992685568498,0.1024450917544,0.487030928033143,1,18,5,0.177364192853496,0.361963259874756,0.101512942370369,0.466125087790226,-0.000932149384031009,-0.020905840242917,0.0209266112578343
43,5,0.19120120932299,0.403992685568498,0.1024450917544,0.487030928033143,1,20,3,0.18076110413382,0.45727282162292,0.0889818502424747,0.506470732956104,-0.0134632415119253,0.019439804922961,0.0236466675760287
43,6,0.19120120932299,0.403992685568498,0.1024450917544,0.487030928033143,0,20,4,0.144884638610404,0.421742175652594,0.0745757753432969,0.488432987812318,-0.0278693164111031,0.00140205977917496,0.0279045617927707
44,1,0.195001888117786,0.456400420666535,0.0964543985017586,0.507939251622464,1,20,3,0.18076110413382,0.45727282162292,0.0889818502424747,0.506470732956104,-0.00747254825928391,-0.00146851866636,0.00761547927321549
44,2,0.195001888117786,0.456400420666535,0.0964543985017586,0.507939251622464,2,19,3,0.215074733401216,0.439647050384976,0.109653471205599,0.50433565551695,0.0131990727038404,-0.00360359610551397,0.0136821571812686
44,3,0.195001888117786,0.456400420666535,0.0964543985017586,0.507939251622464,2,20,2,0.220068376271998,0.496201204060409,0.103387925141652,0.524508478099889,0.0069335266398934,0.016569226477425,0.0179614325076346
44,4,0.195001888117786,0.456400420666535,0.0964543985017586,0.507939251622464,1,19,4,0.178934890432122,0.406033441726393,0.0952473963064217,0.486297910373165,-0.0012070021953369,-0.021641341249299,0.0216749741722605
44,5,0.195001888117786,0.456400420666535,0.0964543985017586,0.507939251622464,1,21,2,0.182910704255691,0.517585684880804,0.0827163041785275,0.526643555539042,-0.0137380943232311,0.018704303916578,0.0232074604521414
44,6,0.195001888117786,0.456400420666535,0.0964543985017586,0.507939251622464,0,21,3,0.143906326859292,0.47620389615905,0.0683102292793498,0.508605810395257,-0.0281441692224088,0.00066655877279298,0.0281520614132815
45,1,0.199492588525614,0.518322895594014,0.0904637052491175,0.528847575211786,1,21,2,0.182910704255691,0.517585684880804,0.0827163041785275,0.526643555539042,-0.00774740107058999,-0.00220401967274408,0.0080548076368354
45,2,0.199492588525614,0.518322895594014,0.0904637052491175,0.528847575211786,2,20,2,0.220068376271998,0.496201204060409,0.103387925141652,0.524508478099889,0.0129242198925345,-0.00433909711189706,0.0136331663078339
45,3,0.199492588525614,0.518322895594014,0.0904637052491175,0.528847575211786,2,21,1,0.225992514915343,0.563293436304442,0.0971223790777053,0.544681300682828,0.0066586738285878,0.015833725471042,0.017176868150156
45,4,0.199492588525614,0.518322895594014,0.0904637052491175,0.528847575211786,1,20,3,0.18076110413382,0.45727282162292,0.0889818502424747,0.506470732956104,-0.0014818550066428,-0.022376842255682,0.0224258548019109
45,5,0.199492588525614,0.518322895594014,0.0904637052491175,0.528847575211786,1,22,1,0.185477933053039,0.589616253650676,0.0764507581145804,0.546816378121981,-0.0140129471345371,0.017968802910195,0.0227868507130925
45,6,0.199492588525614,0.518322895594014,0.0904637052491175,0.528847575211786,0,22,2,0.142747769699134,0.540699713750497,0.0620446832154027,0.528778632978196,-0.0284190220337148,-6.8942233589997e-05,0.0284191056577145
46,1,0.204879983971729,0.592609939738613,0.0844730119964764,0.549755898801108,1,22,1,0.185477933053039,0.589616253650676,0.0764507581145804,0.546816378121981,-0.00802225388189601,-0.00293952067912695,0.00854384803051942
46,2,0.204879983971729,0.592609939738613,0.0844730119964764,0.549755898801108,2,21,1,0.225992514915343,0.563293436304442,0.0971223790777053,0.544681300682828,0.0126493670812289,-0.00507459811827993,0.0136293078921025
46,3,0.204879983971729,0.592609939738613,0.0844730119964764,0.549755898801108,2,22,0,0.23313394709924,0.644171797781575,0.0908568330137582,0.564854123265767,0.0063838210172818,0.015098224464659,0.0163923626352615
46,4,0.204879983971729,0.592609939738613,0.0844730119964764,0.549755898801108,1,23,0,0.188597591887256,0.677146745840827,0.0701852120506334,0.56698920070492,-0.014287799945843,0.017233301903812,0.0223858866654944
46,5,0.204879983971729,0.592609939738613,0.0844730119964764,0.549755898801108,1,21,2,0.182910704255691,0.517585684880804,0.0827163041785275,0.526643555539042,-0.0017567078179489,-0.023112343262066,0.0231790084650144
46,6,0.204879983971729,0.592609939738613,0.0844730119964764,0.549755898801108,0,23,1,0.141354099743971,0.618284045626359,0.0557791371514556,0.548951455561135,-0.0286938748450208,-0.000804443239972974,0.0287051490598474
47,1,0.211462438557621,0.683375709449194,0.0784823187438353,0.57066422239043,1,23,0,0.188597591887256,0.677146745840827,0.0701852120506334,0.56698920070492,-0.0082971066932019,-0.00367502168551004,0.00907456686940731
47,2,0.211462438557621,0.683375709449194,0.0784823187438353,0.57066422239043,2,22,0,0.23313394709924,0.644171797781575,0.0908568330137582,0.564854123265767,0.0123745142699229,-0.00581009912466302,0.013670620148879
47,3,0.211462438557621,0.683375709449194,0.0784823187438353,0.57066422239043,1,22,1,0.185477933053039,0.589616253650676,0.0764507581145804,0.546816378121981,-0.0020315606292549,-0.023847844268449,0.0239342205814715
47,4,0.211462438557621,0.683375709449194,0.0784823187438353,0.57066422239043,0,24,0,0.139645665717323,0.713391005506233,0.0495135910875085,0.569124278144074,-0.0289687276563268,-0.00153994424635606,0.0290096296134287
47,5,0.211462438557621,0.683375709449194,0.0784823187438353,0.57066422239043,0,23,1,0.141354099743971,0.618284045626359,0.0557791371514556,0.548951455561135,-0.0227031815923797,-0.021712766829295,0.0314146255397053
47,6,0.211462438557621,0.683375709449194,0.0784823187438353,0.57066422239043,2,21,1,0.225992514915343,0.563293436304442,0.0971223790777053,0.544681300682828,0.01864006033387,-0.025982921707602,0.0319775557182485
48,1,0.180077749329685,0.0457530973020942,0.225882008833635,0.129129242933746,2,0,22,0.179993415144414,0.0423430550511762,0.228698846420594,0.121052026441111,0.002816837586959,-0.008077216492635,0.00855429718096115
48,2,0.180077749329685,0.0457530973020942,0.225882008833635,0.129129242933746,2,1,21,0.18075840201643,0.0510067072664392,0.222433300356647,0.14122484902405,-0.003448708476988,0.012095606090304,0.0125776498938016
48,3,0.180077749329685,0.0457530973020942,0.225882008833635,0.129129242933746,1,1,22,0.166020826189018,0.0436943336881004,0.208027225457469,0.123187103880264,-0.017854783376166,-0.005942139053482,0.0188176062755264
48,4,0.180077749329685,0.0457530973020942,0.225882008833635,0.129129242933746,3,0,21,0.194774918967366,0.0495281330337434,0.243104921319772,0.139089771584896,0.017222912486137,0.00996052865114999,0.0198957494333718
48,5,0.180077749329685,0.0457530973020942,0.225882008833635,0.129129242933746,1,2,21,0.166335670047518,0.0525281323058379,0.201761679393522,0.143359926463203,-0.024120329440113,0.014230683529457,0.0280054038716663
48,6,0.180077749329685,0.0457530973020942,0.225882008833635,0.129129242933746,1,0,23,0.165725480739411,0.0354076158307829,0.214292771521417,0.103014281297325,-0.011589237312218,-0.026114961636421,0.0285709930305309
49,1,0.181249906349281,0.0549651233319063,0.219891315580994,0.150037566523067,2,1,21,0.18075840201643,0.0510067072664392,0.222433300356647,0.14122484902405,0.00254198477565298,-0.00881271749901699,0.00917200503255051
49,2,0.181249906349281,0.0549651233319063,0.219891315580994,0.150037566523067,2,2,20,0.18157484547062,0.0602531171059874,0.2161677542927,0.161397671606989,-0.00372356128829401,0.011360105083922,0.0119547854930748
49,3,0.181249906349281,0.0549651233319063,0.219891315580994,0.150037566523067,3,1,20,0.196044033347617,0.0585910106812861,0.236839375255825,0.159262594167835,0.016948059674831,0.00922502764476801,0.0192960581930188
49,4,0.181249906349281,0.0549651233319063,0.219891315580994,0.150037566523067,1,2,21,0.166335670047518,0.0525281323058379,0.201761679393522,0.143359926463203,-0.018129636187472,-0.00667764005986399,0.0193203153457493
49,5,0.181249906349281,0.0549651233319063,0.219891315580994,0.150037566523067,3,0,21,0.194774918967366,0.0495281330337434,0.243104921319772,0.139089771584896,0.023213605738778,-0.010947794938171,0.0256656522497222
49,6,0.181249906349281,0.0549651233319063,0.219891315580994,0.150037566523067,1,3,20,0.16667200912661,0.061965037653583,0.195496133329575,0.163532749046142,-0.024395182251419,0.013495182523075,0.0278791116861901
50,1,0.182504400592328,0.064824240692467,0.213900622328352,0.170945890112389,2,2,20,0.18157484547062,0.0602531171059874,0.2161677542927,0.161397671606989,0.002267131964348,-0.0095482185054,0.00981368248776326
50,2,0.182504400592328,0.064824240692467,0.213900622328352,0.170945890112389,2,3,19,0.182448118011108,0.0701431294142816,0.209902208228753,0.181570494189927,-0.003998414099599,0.010624604077538,0.0113520714900986
50,3,0.182504400592328,0.064824240692467,0.213900622328352,0.170945890112389,3,2,19,0.19740015597635,0.068275223271199,0.230573829191878,0.179435416750774,0.016673206863526,0.00848952663838501,0.018710101273317
50,4,0.182504400592328,0.064824240692467,0.213900622328352,0.170945890112389,1,3,20,0.16667200912661,0.061965037653583,0.195496133329575,0.163532749046142,-0.018404488998777,-0.00741314106624699,0.0198413677899025
50,5,0.182504400592328,0.064824240692467,0.213900622328352,0.170945890112389,3,1,20,0.196044033347617,0.0585910106812861,0.236839375255825,0.159262594167835,0.022938752927473,-0.011683295944554,0.0257426842033942
50,6,0.182504400592328,0.064824240692467,0.213900622328352,0.170945890112389,1,4,19,0.167032122529595,0.0720689961575702,0.189230587265628,0.183705571629081,-0.024670035062724,0.012759681516692,0.0277744505328808
51,1,0.183850223422026,0.0754011128447668,0.207909929075711,0.191854213701711,2,3,19,0.182448118011108,0.0701431294142816,0.209902208228753,0.181570494189927,0.00199227915304201,-0.010283719511784,0.0104749254517964
51,2,0.183850223422026,0.0754011128447668,0.207909929075711,0.191854213701711,2,4,18,0.183384367023484,0.080746364746592,0.203636662164806,0.201743316772866,-0.00427326691090499,0.00988910307115501,0.01077289049623
51,3,0.183850223422026,0.0754011128447668,0.207909929075711,0.191854213701711,3,3,18,0.198852552158665,0.0786469353098463,0.224308283127931,0.199608239333713,0.01639835405222,0.007754025632002,0.0181392097160738
51,4,0.183850223422026,0.0754011128447668,0.207909929075711,0.191854213701711,1,4,19,0.167032122529595,0.0720689961575702,0.189230587265628,0.183705571629081,-0.018679341810083,-0.00814864207263,0.0203793566651587
51,5,0.183850223422026,0.0754011128447668,0.207909929075711,0.191854213701711,3,2,19,0.19740015597635,0.068275223271199,0.230573829191878,0.179435416750774,0.022663900116167,-0.012418796950937,0.0258433528433173
51,6,0.183850223422026,0.0754011128447668,0.207909929075711,0.191854213701711,1,5,18,0.1674186233639,0.0829133256360264,0.182965041201681,0.20387839421202,-0.02494488787403,0.012024180510309,0.0276916656774637
52,1,0.185297724818626,0.0867770806722431,0.20191923582307,0.212762537291033,2,5,17,0.184390659702975,0.0921428607137656,0.197371116100859,0.221916139355805,-0.004548119722211,0.009153602064772,0.010221243748574
52,2,0.185297724818626,0.0867770806722431,0.20191923582307,0.212762537291033,2,4,18,0.183384367023484,0.080746364746592,0.203636662164806,0.201743316772866,0.00171742634173599,-0.011019220518167,0.0111522542146098
52,3,0.185297724818626,0.0867770806722431,0.20191923582307,0.212762537291033,3,4,17,0.200411851134669,0.0897820513051973,0.218042737063984,0.219781061916652,0.016123501240914,0.007018524625619,0.0175848508718776
52,4,0.185297724818626,0.0867770806722431,0.20191923582307,0.212762537291033,1,5,18,0.1674186233639,0.0829133256360264,0.182965041201681,0.20387839421202,-0.018954194621389,-0.008884143079013,0.0209329761857665
52,5,0.185297724818626,0.0867770806722431,0.20191923582307,0.212762537291033,3,3,18,0.198852552158665,0.0786469353098463,0.224308283127931,0.199608239333713,0.022389047304861,-0.01315429795732,0.0259673832715054
52,6,0.185297724818626,0.0867770806722431,0.20191923582307,0.212762537291033,1,6,17,0.167834522253701,0.0945824973179742,0.176699495137734,0.224051216794959,-0.025219740685336,0.011288679503926,0.0276309537507838
53,1,0.186858880066678,0.0990462583858132,0.195928542570429,0.233670860880355,2,6,16,0.18547516177419,0.104425096024527,0.191105570036912,0.242088961938744,-0.00482297253351699,0.008418101058389,0.00970182918259795
53,2,0.186858880066678,0.0990462583858132,0.195928542570429,0.233670860880355,2,5,17,0.184390659702975,0.0921428607137656,0.197371116100859,0.221916139355805,0.00144257353043001,-0.01175472152455,0.011842909123624
53,3,0.186858880066678,0.0990462583858132,0.195928542570429,0.233670860880355,3,5,16,0.202090306648133,0.101768076514643,0.211777191000037,0.239953884499591,0.015848648429608,0.00628302361923602,0.0170486375656588
53,4,0.186858880066678,0.0990462583858132,0.195928542570429,0.233670860880355,1,6,17,0.167834522253701,0.0945824973179742,0.176699495137734,0.224051216794959,-0.019229047432695,-0.00961964408539598,0.0215010189874463
53,5,0.186858880066678,0.0990462583858132,0.195928542570429,0.233670860880355,3,4,17,0.200411851134669,0.0897820513051973,0.218042737063984,0.219781061916652,0.022114194493555,-0.013889798963703,0.0261144426199539
53,6,0.186858880066678,0.0990462583858132,0.195928542570429,0.233670860880355,1,7,16,0.168283305918205,0.107174340570212,0.170433949073787,0.244224039377898,-0.025494593496642,0.010553178497543,0.027592460454987
54,1,0.188547621827872,0.112318143296855,0.189937849317788,0.254579184469677,2,7,15,0.186647359566145,0.117700505536103,0.184840023972965,0.262261784521683,-0.005097825344823,0.00768260005200599,0.00922009581324415
54,2,0.188547621827872,0.112318143296855,0.189937849317788,0.254579184469677,2,6,16,0.18547516177419,0.104425096024527,0.191105570036912,0.242088961938744,0.00116772071912399,-0.012490222530933,0.0125446893365319
54,3,0.188547621827872,0.112318143296855,0.189937849317788,0.254579184469677,3,6,15,0.203902119623618,0.11470642121593,0.205511644936089,0.26012670708253,0.015573795618301,0.00554752261285302,0.0165323355004889
54,4,0.188547621827872,0.112318143296855,0.189937849317788,0.254579184469677,1,7,16,0.168283305918205,0.107174340570212,0.170433949073787,0.244224039377898,-0.019503900244001,-0.010355145091779,0.0220823720329075
54,5,0.188547621827872,0.112318143296855,0.189937849317788,0.254579184469677,3,5,16,0.202090306648133,0.101768076514643,0.211777191000037,0.239953884499591,0.021839341682249,-0.014625299970086,0.0262841443522329
54,6,0.188547621827872,0.112318143296855,0.189937849317788,0.254579184469677,3,7,14,0.205863840937961,0.128715276940149,0.199246098872142,0.280299529665469,0.009308249554354,0.025720345195792,0.0273528730987594
55,1,0.190380257099208,0.1267208927071,0.183947156065147,0.275487508058999,2,8,14,0.187918338229923,0.13209463113328,0.178574477909018,0.282434607104622,-0.00537267815612899,0.00694709904562296,0.00878224662139712
55,2,0.190380257099208,0.1267208927071,0.183947156065147,0.275487508058999,2,7,15,0.186647359566145,0.117700505536103,0.184840023972965,0.262261784521683,0.000892867907818007,-0.013225723537316,0.0132558280083263
55,3,0.190380257099208,0.1267208927071,0.183947156065147,0.275487508058999,3,7,14,0.205863840937961,0.128715276940149,0.199246098872142,0.280299529665469,0.015298942806995,0.00481202160646999,0.0160378677807506
55,4,0.190380257099208,0.1267208927071,0.183947156065147,0.275487508058999,1,8,15,0.168769035156525,0.12080279212876,0.16416840300984,0.264396861960837,-0.019778753055307,-0.011090646098162,0.0226760116267718
55,5,0.190380257099208,0.1267208927071,0.183947156065147,0.275487508058999,3,6,15,0.203902119623618,0.11470642121593,0.205511644936089,0.26012670708253,0.021564488870942,-0.015360800976469,0.0264760530839412
55,6,0.190380257099208,0.1267208927071,0.183947156065147,0.275487508058999,3,8,13,0.207994878481414,0.14393323744802,0.192980552808195,0.300472352248408,0.00903339674304801,0.024984844189409,0.0265677378767247
56,1,0.192375995498031,0.142405475720549,0.177956462812506,0.296395831648321,2,9,13,0.189301133386353,0.147755104219161,0.17230893184507,0.302607429687561,-0.00564753096743598,0.00621159803923998,0.0083951507567904
56,2,0.192375995498031,0.142405475720549,0.177956462812506,0.296395831648321,2,8,14,0.187918338229923,0.13209463113328,0.178574477909018,0.282434607104622,0.00061801509651202,-0.013961224543699,0.0139748965441287
56,3,0.192375995498031,0.142405475720549,0.177956462812506,0.296395831648321,3,8,13,0.207994878481414,0.14393323744802,0.192980552808195,0.300472352248408,0.015024089995689,0.00407652060008701,0.0155673151314379
56,4,0.192375995498031,0.142405475720549,0.177956462812506,0.296395831648321,1,9,14,0.16929646807087,0.135601353459745,0.157902856945893,0.284569684543775,-0.020053605866613,-0.011826147104546,0.0232809979079896
56,5,0.192375995498031,0.142405475720549,0.177956462812506,0.296395831648321,3,9,12,0.210318141433681,0.160523899572021,0.186715006744248,0.320645174831347,0.00875854393174202,0.024249343183026,0.0257826053107987
56,6,0.192375995498031,0.142405475720549,0.177956462812506,0.296395831648321,3,7,14,0.205863840937961,0.128715276940149,0.199246098872142,0.280299529665469,0.021289636059636,-0.016096301982852,0.0266896897897844
57,1,0.194557625166974,0.159550985205829,0.171965769559865,0.317304155237643,2,10,12,0.190811179854499,0.164856727668499,0.166043385781123,0.3227802522705,-0.00592238377874202,0.00547609703285701,0.00806611854214727
57,2,0.194557625166974,0.159550985205829,0.171965769559865,0.317304155237643,2,9,13,0.189301133386353,0.147755104219161,0.17230893184507,0.302607429687561,0.000343162285205006,-0.014696725550082,0.0147007313508009
57,3,0.194557625166974,0.159550985205829,0.171965769559865,0.317304155237643,3,9,12,0.210318141433681,0.160523899572021,0.186715006744248,0.320645174831347,0.014749237184383,0.00334101959370403,0.0151229100852548
57,4,0.194557625166974,0.159550985205829,0.171965769559865,0.317304155237643,1,10,13,0.169871216452412,0.151727478589209,0.151637310881946,0.304742507126714,-0.020328458677919,-0.012561648110929,0.0238964691007409
57,5,0.194557625166974,0.159550985205829,0.171965769559865,0.317304155237643,3,10,11,0.212860867120989,0.178681767888643,0.180449460680301,0.340817997414285,0.00848369112043598,0.023513842176642,0.0249974756512531
57,6,0.194557625166974,0.159550985205829,0.171965769559865,0.317304155237643,3,8,13,0.207994878481414,0.14393323744802,0.192980552808195,0.300472352248408,0.02101478324833,-0.016831802989235,0.0269245372632978
58,1,0.196952386774308,0.178371506597709,0.165975076307224,0.338212478826965,2,11,11,0.192466890237511,0.183608028445478,0.159777839717176,0.342953074853439,-0.00619723659004801,0.00474059602647403,0.00780249908934639
58,2,0.196952386774308,0.178371506597709,0.165975076307224,0.338212478826965,3,10,11,0.212860867120989,0.178681767888643,0.180449460680301,0.340817997414285,0.014474384373077,0.00260551858732,0.0147070231552291
58,3,0.196952386774308,0.178371506597709,0.165975076307224,0.338212478826965,2,10,12,0.190811179854499,0.164856727668499,0.166043385781123,0.3227802522705,6.8309473898992e-05,-0.015432226556465,0.0154323777388414
58,4,0.196952386774308,0.178371506597709,0.165975076307224,0.338212478826965,3,11,10,0.215655693811798,0.198639915664003,0.174183914616354,0.360990819997224,0.00820883830913,0.022778341170259,0.0242123491808242
58,5,0.196952386774308,0.178371506597709,0.165975076307224,0.338212478826965,1,11,12,0.170499946231276,0.169368198271423,0.145371764817999,0.324915329709653,-0.020603311489225,-0.013297149117312,0.0245216357319422
58,6,0.196952386774308,0.178371506597709,0.165975076307224,0.338212478826965,3,9,12,0.210318141433681,0.160523899572021,0.186715006744248,0.320645174831347,0.020739930437024,-0.017567303995618,0.0271800456991347
59,1,0.199593116822712,0.19912510320373,0.159984383054583,0.359120802416286,2,12,10,0.194290409430185,0.204259802575342,0.153512293653229,0.363125897436378,-0.00647208940135402,0.004005095020092,0.00761109238802714
59,2,0.199593116822712,0.19912510320373,0.159984383054583,0.359120802416286,3,11,10,0.215655693811798,0.198639915664003,0.174183914616354,0.360990819997224,0.014199531561771,0.00187001758093797,0.0143221388879855
59,3,0.199593116822712,0.19912510320373,0.159984383054583,0.359120802416286,2,11,11,0.192466890237511,0.183608028445478,0.159777839717176,0.342953074853439,-0.000206543337407022,-0.016167727562847,0.0161690468085373
59,4,0.199593116822712,0.19912510320373,0.159984383054583,0.359120802416286,3,12,9,0.218742069245929,0.220680043306688,0.167918368552407,0.381163642580163,0.00793398549782398,0.022042840163877,0.0234272262201463
59,5,0.199593116822712,0.19912510320373,0.159984383054583,0.359120802416286,1,12,11,0.171190637189439,0.188747406938785,0.139106218754051,0.345088152292592,-0.020878164300532,-0.014032650123694,0.0251557749642904
59,6,0.199593116822712,0.19912510320373,0.159984383054583,0.359120802416286,2,13,9,0.196308610784251,0.227116396945276,0.147246747589282,0.383298720019317,-0.012737635465301,0.024177917603031,0.0273279903554185
60,1,0.202519762320875,0.222125720065116,0.153993689801942,0.380029126005608,2,13,9,0.196308610784251,0.227116396945276,0.147246747589282,0.383298720019317,-0.00674694221266001,0.00326959401370897,0.00749743117577314
60,2,0.202519762320875,0.222125720065116,0.153993689801942,0.380029126005608,3,12,9,0.218742069245929,0.220680043306688,0.167918368552407,0.381163642580163,0.013924678750465,0.00113451657455499,0.0139708198099321
60,3,0.202519762320875,0.222125720065116,0.153993689801942,0.380029126005608,2,12,10,0.194290409430185,0.204259802575342,0.153512293653229,0.363125897436378,-0.000481396148713009,-0.01690322856923,0.0169100821498782
60,4,0.202519762320875,0.222125720065116,0.153993689801942,0.380029126005608,3,13,8,0.222168124222338,0.245145857852732,0.16165282248846,0.401336465163102,0.00765913268651799,0.021307339157494,0.0226421071343231
60,5,0.202519762320875,0.222125720065116,0.153993689801942,0.380029126005608,1,13,10,0.171952923437183,0.210135415692495,0.132840672690104,0.365260974875531,-0.021153017111838,-0.014768151130077,0.0257982251469846
60,6,0.202519762320875,0.222125720065116,0.153993689801942,0.380029126005608,2,14,8,0.19855442932278,0.252550808264167,0.140981201525335,0.403471542602256,-0.013012488276607,0.023442416596648,0.0268117837347617
61,1,0.205781415600176,0.247759175657519,0.1480029965493,0.40093744959493,2,14,8,0.19855442932278,0.252550808264167,0.140981201525335,0.403471542602256,-0.00702179502396499,0.00253409300732599,0.00746506749657081
61,2,0.205781415600176,0.247759175657519,0.1480029965493,0.40093744959493,3,13,8,0.222168124222338,0.245145857852732,0.16165282248846,0.401336465163102,0.01364982593916,0.000399015568172012,0.013655656761687
61,3,0.205781415600176,0.247759175657519,0.1480029965493,0.40093744959493,2,13,9,0.196308610784251,0.227116396945276,0.147246747589282,0.383298720019317,-0.000756248960017997,-0.017638729575613,0.0176549339713048
61,4,0.205781415600176,0.247759175657519,0.1480029965493,0.40093744959493,3,14,7,0.225993200819148,0.272461127247524,0.155387276424513,0.421509287746041,0.00738427987521301,0.020571838151111,0.0218569923409188
61,5,0.205781415600176,0.247759175657519,0.1480029965493,0.40093744959493,2,15,7,0.201068673000704,0.281025196004376,0.134715655461388,0.423644365185194,-0.013287341087912,0.022706915590264,0.0263088853585607
61,6,0.205781415600176,0.247759175657519,0.1480029965493,0.40093744959493,1,14,9,0.17279854555588,0.233861638394985,0.126575126626157,0.38543379745847,-0.021427869923143,-0.01550365213646,0.0264483806500794
62,1,0.209439090317785,0.276504978603626,0.142012303296659,0.421845773184252,2,15,7,0.201068673000704,0.281025196004376,0.134715655461388,0.423644365185194,-0.00729664783527101,0.00179859200094201,0.00751505175084095
62,2,0.209439090317785,0.276504978603626,0.142012303296659,0.421845773184252,3,14,7,0.225993200819148,0.272461127247524,0.155387276424513,0.421509287746041,0.013374973127854,-0.000336485438210965,0.013379205081803
62,3,0.209439090317785,0.276504978603626,0.142012303296659,0.421845773184252,2,14,8,0.19855442932278,0.252550808264167,0.140981201525335,0.403471542602256,-0.00103110177132401,-0.018374230581996,0.018403138872029
62,4,0.209439090317785,0.276504978603626,0.142012303296659,0.421845773184252,3,15,6,0.230291318596614,0.303154432861305,0.149121730360566,0.44168211032898,0.00710942706390699,0.019836337144728,0.0210718823197248
62,5,0.209439090317785,0.276504978603626,0.142012303296659,0.421845773184252,2,16,6,0.203902524701942,0.313119218094532,0.128450109397441,0.443817187768133,-0.013562193899218,0.021971414583881,0.0258200728538237
62,6,0.209439090317785,0.276504978603626,0.142012303296659,0.421845773184252,1,15,8,0.173741959604866,0.260331679010058,0.12030958056221,0.405606620041409,-0.021702722734449,-0.016239153142843,0.0271056870210861
63,1,0.213569573979028,0.308966604791044,0.136021610044018,0.442754096773574,2,16,6,0.203902524701942,0.313119218094532,0.128450109397441,0.443817187768133,-0.007571500646577,0.00106309099455898,0.00764576905901743
63,2,0.213569573979028,0.308966604791044,0.136021610044018,0.442754096773574,3,15,6,0.230291318596614,0.303154432861305,0.149121730360566,0.44168211032898,0.013100120316548,-0.001071986444594,0.0131439076094374
63,3,0.213569573979028,0.308966604791044,0.136021610044018,0.442754096773574,2,15,7,0.201068673000704,0.281025196004376,0.134715655461388,0.423644365185194,-0.00130595458263,-0.01910973158838,0.019154303922404
63,4,0.213569573979028,0.308966604791044,0.136021610044018,0.442754096773574,3,16,5,0.235156011538121,0.337893710587413,0.142856184296618,0.461854932911919,0.00683457425260001,0.019100836138345,0.020286777624803
63,5,0.213569573979028,0.308966604791044,0.136021610044018,0.442754096773574,2,17,5,0.20712106315204,0.349569906064653,0.122184563333494,0.463990010351072,-0.013837046710524,0.021235913577498,0.0253461611913952
63,6,0.213569573979028,0.308966604791044,0.136021610044018,0.442754096773574,1,16,7,0.174801170380873,0.290050710956781,0.114044034498263,0.425779442624348,-0.021977575545755,-0.016974654149226,0.0277696364822301
64,1,0.21827087767969,0.345914327101732,0.130030916791377,0.463662420362896,2,17,5,0.20712106315204,0.349569906064653,0.122184563333494,0.463990010351072,-0.00784635345788298,0.000327589988176002,0.00785318902016151
64,2,0.21827087767969,0.345914327101732,0.130030916791377,0.463662420362896,3,16,5,0.235156011538121,0.337893710587413,0.142856184296618,0.461854932911919,0.012825267505241,-0.00180748745097703,0.0129520074685908
64,3,0.21827087767969,0.345914327101732,0.130030916791377,0.463662420362896,3,17,4,0.240707212766948,0.377535415319952,0.136590638232671,0.482027755494858,0.00655972144129402,0.018365335131962,0.0195016788994345
64,4,0.21827087767969,0.345914327101732,0.130030916791377,0.463662420362896,2,16,6,0.203902524701942,0.313119218094532,0.128450109397441,0.443817187768133,-0.00158080739393598,-0.019845232594763,0.0199080940513392
64,5,0.21827087767969,0.345914327101732,0.130030916791377,0.463662420362896,2,18,4,0.210808322097878,0.391328961419644,0.115919017269547,0.484162832934011,-0.01411189952183,0.020500412571115,0.0248880016011763
64,6,0.21827087767969,0.345914327101732,0.130030916791377,0.463662420362896,1,17,6,0.175998891567365,0.323656028246699,0.107778488434316,0.445952265207287,-0.022252428357061,-0.017710155155609,0.0284397637722587
65,1,0.223670112971246,0.388347119991574,0.124040223538736,0.484570743952218,2,18,4,0.210808322097878,0.391328961419644,0.115919017269547,0.484162832934011,-0.00812120626918901,-0.000407911018206975,0.00813144407011999
65,2,0.223670112971246,0.388347119991574,0.124040223538736,0.484570743952218,3,17,4,0.240707212766948,0.377535415319952,0.136590638232671,0.482027755494858,0.012550414693935,-0.00254298845736001,0.0128054558405394
65,3,0.223670112971246,0.388347119991574,0.124040223538736,0.484570743952218,3,18,3,0.247101275265947,0.423196079954211,0.130325092168724,0.502200578077797,0.00628486862998801,0.0176298341255791,0.0187165868948278
65,4,0.223670112971246,0.388347119991574,0.124040223538736,0.484570743952218,2,17,5,0.20712106315204,0.349569906064653,0.122184563333494,0.463990010351072,-0.001855660205242,-0.020580733601146,0.0206642219877415
65,5,0.223670112971246,0.388347119991574,0.124040223538736,0.484570743952218,2,19,3,0.215074733401216,0.439647050384976,0.109653471205599,0.50433565551695,-0.014386752333137,0.019764911564732,0.0244464797436502
65,6,0.223670112971246,0.388347119991574,0.124040223538736,0.484570743952218,1,19,4,0.178934890432122,0.406033441726393,0.0952473963064217,0.486297910373165,-0.0287928272323143,0.001727166420947,0.0288445836141822
66,1,0.229935158077826,0.437584344727607,0.118049530286095,0.50547906754154,2,19,3,0.215074733401216,0.439647050384976,0.109653471205599,0.50433565551695,-0.008396059080496,-0.00114341202459001,0.00847355882384469
66,2,0.229935158077826,0.437584344727607,0.118049530286095,0.50547906754154,3,18,3,0.247101275265947,0.423196079954211,0.130325092168724,0.502200578077797,0.012275561882629,-0.00327848946374298,0.0127058220000962
66,3,0.229935158077826,0.437584344727607,0.118049530286095,0.50547906754154,3,19,2,0.254545932044162,0.476359147490761,0.124059546104777,0.522373400660736,0.006010015818682,0.016894333119196,0.0179315024937446
66,4,0.229935158077826,0.437584344727607,0.118049530286095,0.50547906754154,2,18,4,0.210808322097878,0.391328961419644,0.115919017269547,0.484162832934011,-0.002130513016548,-0.021316234607529,0.0214224401867971
66,5,0.229935158077826,0.437584344727607,0.118049530286095,0.50547906754154,2,20,2,0.220068376271998,0.496201204060409,0.103387925141652,0.524508478099889,-0.014661605144443,0.0190294105583489,0.0240225130161222
66,6,0.229935158077826,0.437584344727607,0.118049530286095,0.50547906754154,1,20,3,0.18076110413382,0.45727282162292,0.0889818502424747,0.506470732956104,-0.0290676800436203,0.000991665414563969,0.0290845908242273
67,1,0.23729242563547,0.495405386717929,0.112058837033454,0.526387391130862,2,20,2,0.220068376271998,0.496201204060409,0.103387925141652,0.524508478099889,-0.008670911891802,-0.00187891303097298,0.00887214896253176
67,2,0.23729242563547,0.495405386717929,0.112058837033454,0.526387391130862,3,19,2,0.254545932044162,0.476359147490761,0.124059546104777,0.522373400660736,0.012000709071323,-0.00401399047012596,0.0126542142272366
67,3,0.23729242563547,0.495405386717929,0.112058837033454,0.526387391130862,3,20,1,0.26332329056507,0.539039176636633,0.11779400004083,0.542546223243675,0.005735163007376,0.016158832112813,0.0171464267406142
67,4,0.23729242563547,0.495405386717929,0.112058837033454,0.526387391130862,2,19,3,0.215074733401216,0.439647050384976,0.109653471205599,0.50433565551695,-0.002405365827855,-0.0220517356139119,0.022182534308588
67,5,0.23729242563547,0.495405386717929,0.112058837033454,0.526387391130862,2,21,1,0.225992514915343,0.563293436304442,0.0971223790777053,0.544681300682828,-0.0149364579557487,0.0182939095519661,0.0236170468721084
67,6,0.23729242563547,0.495405386717929,0.112058837033454,0.526387391130862,1,21,2,0.182910704255691,0.517585684880804,0.0827163041785275,0.526643555539042,-0.0293425328549265,0.000256164408179993,0.0293436510091444
68,1,0.246054810470579,0.564269298151977,0.106068143780813,0.547295714720184,2,21,1,0.225992514915343,0.563293436304442,0.0971223790777053,0.544681300682828,-0.00894576470310771,-0.00261441403735596,0.00931997139920996
68,2,0.246054810470579,0.564269298151977,0.106068143780813,0.547295714720184,3,20,1,0.26332329056507,0.539039176636633,0.11779400004083,0.542546223243675,0.011725856260017,-0.00474949147650905,0.0126512202698401
68,3,0.246054810470579,0.564269298151977,0.106068143780813,0.547295714720184,3,21,0,0.273826390171991,0.614042902178396,0.111528453976883,0.562719045826614,0.00546031019607,0.01542333110643,0.0163613608803143
68,4,0.246054810470579,0.564269298151977,0.106068143780813,0.547295714720184,2,20,2,0.220068376271998,0.496201204060409,0.103387925141652,0.524508478099889,-0.002680218639161,-0.022787236620295,0.0229443179184525
68,5,0.246054810470579,0.564269298151977,0.106068143780813,0.547295714720184,2,22,0,0.23313394709924,0.644171797781575,0.0908568330137582,0.564854123265767,-0.0152113107670548,0.017558408545583,0.0232310500388062
68,6,0.246054810470579,0.564269298151977,0.106068143780813,0.547295714720184,4,20,0,0.311151983017354,0.586406839920983,0.132200074940008,0.56058396838746,0.026131931159195,0.013288253667276,0.029316471677792
69,1,0.256667340589822,0.647673570844321,0.100077450528172,0.568204038309505,2,22,0,0.23313394709924,0.644171797781575,0.0908568330137582,0.564854123265767,-0.0092206175144138,-0.00334991504373805,0.00981028634380144
69,2,0.256667340589822,0.647673570844321,0.100077450528172,0.568204038309505,3,21,0,0.273826390171991,0.614042902178396,0.111528453976883,0.562719045826614,0.011451003448711,-0.00548499248289103,0.0126968745177607
69,3,0.256667340589822,0.647673570844321,0.100077450528172,0.568204038309505,2,21,1,0.225992514915343,0.563293436304442,0.0971223790777053,0.544681300682828,-0.00295507145046671,-0.023522737626677,0.0237076281548967
69,4,0.256667340589822,0.647673570844321,0.100077450528172,0.568204038309505,1,23,0,0.188597591887256,0.677146745840827,0.0701852120506334,0.56698920070492,-0.0298922384775386,-0.00121483760458507,0.0299169141390544
69,5,0.256667340589822,0.647673570844321,0.100077450528172,0.568204038309505,3,20,1,0.26332329056507,0.539039176636633,0.11779400004083,0.542546223243675,0.017716549512658,-0.0256578150658301,0.0311801154678234
69,6,0.256667340589822,0.647673570844321,0.100077450528172,0.568204038309505,1,22,1,0.185477933053039,0.589616253650676,0.0764507581145804,0.546816378121981,-0.0236266924135916,-0.021387660187524,0.0318693050238543
70,1,0.196017373834299,0.053240127752752,0.24148644736533,0.147577382442143,3,0,21,0.194774918967366,0.0495281330337434,0.243104921319772,0.139089771584896,0.00161847395444198,-0.008487610857247,0.00864054373319551
70,2,0.196017373834299,0.053240127752752,0.24148644736533,0.147577382442143,3,1,20,0.196044033347617,0.0585910106812861,0.236839375255825,0.159262594167835,-0.00464707210950502,0.011685211725692,0.0125753509798013
70,3,0.196017373834299,0.053240127752752,0.24148644736533,0.147577382442143,4,0,20,0.210098229028883,0.0569765752938669,0.25751099621895,0.157127516728682,0.01602454885362,0.009550134286539,0.018654523066886
70,4,0.196017373834299,0.053240127752752,0.24148644736533,0.147577382442143,2,1,21,0.18075840201643,0.0510067072664392,0.222433300356647,0.14122484902405,-0.019053147008683,-0.006352533418093,0.0200842498431601
70,5,0.196017373834299,0.053240127752752,0.24148644736533,0.147577382442143,2,2,20,0.18157484547062,0.0602531171059874,0.2161677542927,0.161397671606989,-0.02531869307263,0.013820289164846,0.0288450448345293
70,6,0.196017373834299,0.053240127752752,0.24148644736533,0.147577382442143,2,0,22,0.179993415144414,0.0423430550511762,0.228698846420594,0.121052026441111,-0.012787600944736,-0.026525356001032,0.0294468546521237
71,1,0.197762582447135,0.0628842068007296,0.235495754112689,0.168485706031465,3,1,20,0.196044033347617,0.0585910106812861,0.236839375255825,0.159262594167835,0.00134362114313599,-0.00922311186363001,0.00932046727505197
71,2,0.197762582447135,0.0628842068007296,0.235495754112689,0.168485706031465,3,2,19,0.19740015597635,0.068275223271199,0.230573829191878,0.179435416750774,-0.004921924920811,0.010949710719309,0.0120050618391848
71,3,0.197762582447135,0.0628842068007296,0.235495754112689,0.168485706031465,4,1,19,0.211908870717047,0.0664626999579637,0.251245450155003,0.177300339311621,0.015749696042314,0.008814633280156,0.0180485646323721
71,4,0.197762582447135,0.0628842068007296,0.235495754112689,0.168485706031465,2,2,20,0.18157484547062,0.0602531171059874,0.2161677542927,0.161397671606989,-0.019327999819989,-0.007088034424476,0.0205866900944288
71,5,0.197762582447135,0.0628842068007296,0.235495754112689,0.168485706031465,4,0,20,0.210098229028883,0.0569765752938669,0.25751099621895,0.157127516728682,0.022015242106261,-0.011358189302783,0.0247725523359048
71,6,0.197762582447135,0.0628842068007296,0.235495754112689,0.168485706031465,2,3,19,0.182448118011108,0.0701431294142816,0.209902208228753,0.181570494189927,-0.025593545883936,0.013084788158462,0.0287444128843322
72,1,0.199632769772288,0.0732189222414256,0.229505060860048,0.189394029620787,3,2,19,0.19740015597635,0.068275223271199,0.230573829191878,0.179435416750774,0.00106876833183001,-0.00995861287001298,0.0100157993211681
72,2,0.199632769772288,0.0732189222414256,0.229505060860048,0.189394029620787,3,3,18,0.198852552158665,0.0786469353098463,0.224308283127931,0.199608239333713,-0.00519677773211699,0.010214209712926,0.0114602172255441
72,3,0.199632769772288,0.0732189222414256,0.229505060860048,0.189394029620787,4,2,18,0.213846080875757,0.0766119289225899,0.244979904091056,0.19747316189456,0.015474843231008,0.00807913227377299,0.017456894091487
72,4,0.199632769772288,0.0732189222414256,0.229505060860048,0.189394029620787,2,3,19,0.182448118011108,0.0701431294142816,0.209902208228753,0.181570494189927,-0.019602852631295,-0.00782353543086001,0.021106386188123
72,5,0.199632769772288,0.0732189222414256,0.229505060860048,0.189394029620787,4,1,19,0.211908870717047,0.0664626999579637,0.251245450155003,0.177300339311621,0.021740389294955,-0.012093690309166,0.0248777384822296
72,6,0.199632769772288,0.0732189222414256,0.229505060860048,0.189394029620787,2,4,18,0.183384367023484,0.080746364746592,0.203636662164806,0.201743316772866,-0.025868398695242,0.012349287152079,0.0286649427737175
73,1,0.201641859414488,0.0843212163633705,0.223514367607407,0.210302353210108,3,3,18,0.198852552158665,0.0786469353098463,0.224308283127931,0.199608239333713,0.000793915520523991,-0.010694113876395,0.0107235429525429
73,2,0.201641859414488,0.0843212163633705,0.223514367607407,0.210302353210108,3,4,17,0.200411851134669,0.0897820513051973,0.218042737063984,0.219781061916652,-0.00547163054342301,0.00947870870654399,0.0109446178346817
73,3,0.201641859414488,0.0843212163633705,0.223514367607407,0.210302353210108,4,3,17,0.21592361133728,0.0874963093498685,0.238714358027108,0.217645984477499,0.015199990419701,0.00734363126739099,0.0168810138602634
73,4,0.201641859414488,0.0843212163633705,0.223514367607407,0.210302353210108,2,4,18,0.183384367023484,0.080746364746592,0.203636662164806,0.201743316772866,-0.019877705442601,-0.00855903643724201,0.0216420950556282
73,5,0.201641859414488,0.0843212163633705,0.223514367607407,0.210302353210108,4,2,18,0.213846080875757,0.0766119289225899,0.244979904091056,0.19747316189456,0.021465536483649,-0.012829191315548,0.0250071471052137
73,6,0.201641859414488,0.0843212163633705,0.223514367607407,0.210302353210108,2,5,17,0.184390659702975,0.0921428607137656,0.197371116100859,0.221916139355805,-0.026143251506548,0.011613786145697,0.0286068108668654
74,1,0.203805923012133,0.0962799015583932,0.217523674354766,0.23121067679943,3,5,16,0.202090306648133,0.101768076514643,0.211777191000037,0.239953884499591,-0.00574648335472899,0.00874320770016102,0.0104625881995963
74,2,0.203805923012133,0.0962799015583932,0.217523674354766,0.23121067679943,3,4,17,0.200411851134669,0.0897820513051973,0.218042737063984,0.219781061916652,0.000519062709218004,-0.011429614882778,0.0114413951275498
74,3,0.203805923012133,0.0962799015583932,0.217523674354766,0.23121067679943,4,4,16,0.218157281003605,0.0991987179775271,0.232448811963161,0.237818807060437,0.014925137608395,0.00660813026100701,0.0163225953259879
74,4,0.203805923012133,0.0962799015583932,0.217523674354766,0.23121067679943,2,5,17,0.184390659702975,0.0921428607137656,0.197371116100859,0.221916139355805,-0.020152558253907,-0.00929453744362499,0.0221926571295116
74,5,0.203805923012133,0.0962799015583932,0.217523674354766,0.23121067679943,4,3,17,0.21592361133728,0.0874963093498685,0.238714358027108,0.217645984477499,0.021190683672342,-0.013564692321931,0.0251604044540209
74,6,0.203805923012133,0.0962799015583932,0.217523674354766,0.23121067679943,4,5,15,0.220565379393502,0.111814975340484,0.226183265899214,0.257991629643376,0.00865959154444801,0.026780952843946,0.0281461891016588
75,1,0.206143611083242,0.109198041190231,0.211532981102125,0.252119000388752,3,6,15,0.203902119623618,0.11470642121593,0.205511644936089,0.26012670708253,-0.00602133616603601,0.00800770669377798,0.0100189747837785
75,2,0.206143611083242,0.109198041190231,0.211532981102125,0.252119000388752,3,5,16,0.202090306648133,0.101768076514643,0.211777191000037,0.239953884499591,0.00024420989791199,-0.012165115889161,0.0121675668508932
75,3,0.206143611083242,0.109198041190231,0.211532981102125,0.252119000388752,4,5,15,0.220565379393502,0.111814975340484,0.226183265899214,0.257991629643376,0.014650284797089,0.00587262925462401,0.0157834919773187
75,4,0.206143611083242,0.109198041190231,0.211532981102125,0.252119000388752,2,6,16,0.18547516177419,0.104425096024527,0.191105570036912,0.242088961938744,-0.020427411065213,-0.010030038450008,0.0227569944003119
75,5,0.206143611083242,0.109198041190231,0.211532981102125,0.252119000388752,4,4,16,0.218157281003605,0.0991987179775271,0.232448811963161,0.237818807060437,0.020915830861036,-0.014300193328315,0.025337077768256
75,6,0.206143611083242,0.109198041190231,0.211532981102125,0.252119000388752,4,6,14,0.22316916857067,0.125456475420318,0.219917719835267,0.278164452226315,0.00838473873314199,0.026045451837563,0.027361823861831
76,1,0.208676691906575,0.123195927468969,0.205542287849483,0.273027323978074,3,7,14,0.205863840937961,0.128715276940149,0.199246098872142,0.280299529665469,-0.00629618897734099,0.00727220568739501,0.00961909409446495
76,2,0.208676691906575,0.123195927468969,0.205542287849483,0.273027323978074,3,6,15,0.203902119623618,0.11470642121593,0.205511644936089,0.26012670708253,-3.06429133939967e-05,-0.012900616895544,0.0129006532886415
76,3,0.208676691906575,0.123195927468969,0.205542287849483,0.273027323978074,4,6,14,0.22316916857067,0.125456475420318,0.219917719835267,0.278164452226315,0.014375431985784,0.00513712824824097,0.0152657502736281
76,4,0.208676691906575,0.123195927468969,0.205542287849483,0.273027323978074,2,7,15,0.186647359566145,0.117700505536103,0.184840023972965,0.262261784521683,-0.020702263876518,-0.010765539456391,0.0233341074266854
76,5,0.208676691906575,0.123195927468969,0.205542287849483,0.273027323978074,4,5,15,0.220565379393502,0.111814975340484,0.226183265899214,0.257991629643376,0.020640978049731,-0.015035694334698,0.0255366810485612
76,6,0.208676691906575,0.123195927468969,0.205542287849483,0.273027323978074,4,7,13,0.225993512619877,0.140253483530873,0.21365217377132,0.298337274809254,0.00810988592183701,0.02530995083118,0.0265775066690229
77,1,0.21143073142131,0.138414838598571,0.199551594596842,0.293935647567396,3,8,13,0.207994878481414,0.14393323744802,0.192980552808195,0.300472352248408,-0.00657104178864698,0.00653670468101203,0.00926860821671245
77,2,0.21143073142131,0.138414838598571,0.199551594596842,0.293935647567396,3,7,14,0.205863840937961,0.128715276940149,0.199246098872142,0.280299529665469,-0.000305495724699983,-0.013636117901927,0.0136395395476923
77,3,0.21143073142131,0.138414838598571,0.199551594596842,0.293935647567396,4,7,13,0.225993512619877,0.140253483530873,0.21365217377132,0.298337274809254,0.014100579174478,0.004401627241858,0.01477161654769
77,4,0.21143073142131,0.138414838598571,0.199551594596842,0.293935647567396,2,8,14,0.187918338229923,0.13209463113328,0.178574477909018,0.282434607104622,-0.020977116687824,-0.011501040462774,0.0239230716309789
77,5,0.21143073142131,0.138414838598571,0.199551594596842,0.293935647567396,4,6,14,0.22316916857067,0.125456475420318,0.219917719835267,0.278164452226315,0.020366125238425,-0.015771195341081,0.0257586812495079
77,6,0.21143073142131,0.138414838598571,0.199551594596842,0.293935647567396,4,8,12,0.229067674157441,0.156359309312713,0.207386627707373,0.318510097392193,0.00783503311053102,0.024574449824797,0.0257932419062549
78,1,0.214435959161951,0.1550218239611,0.193560901344201,0.314843971156718,3,9,12,0.210318141433681,0.160523899572021,0.186715006744248,0.320645174831347,-0.006845894599953,0.005801203674629,0.00897330691262672
78,2,0.214435959161951,0.1550218239611,0.193560901344201,0.314843971156718,4,8,12,0.229067674157441,0.156359309312713,0.207386627707373,0.318510097392193,0.013825726363172,0.00366612623547496,0.0143035377107815
78,3,0.214435959161951,0.1550218239611,0.193560901344201,0.314843971156718,3,8,13,0.207994878481414,0.14393323744802,0.192980552808195,0.300472352248408,-0.000580348536005998,-0.01437161890831,0.0143833318278116
78,4,0.214435959161951,0.1550218239611,0.193560901344201,0.314843971156718,2,9,13,0.189301133386353,0.147755104219161,0.17230893184507,0.302607429687561,-0.021251969499131,-0.012236541469157,0.0245230331467866
78,5,0.214435959161951,0.1550218239611,0.193560901344201,0.314843971156718,4,9,11,0.232426331979355,0.173955638288781,0.201121081643426,0.338682919975132,0.00756018029922498,0.023838948818414,0.025009034506029
78,6,0.214435959161951,0.1550218239611,0.193560901344201,0.314843971156718,4,7,13,0.225993512619877,0.140253483530873,0.21365217377132,0.298337274809254,0.020091272427119,-0.016506696347464,0.0260025047264315
79,1,0.217728382453279,0.173215861193924,0.18757020809156,0.33575229474604,3,10,11,0.212860867120989,0.178681767888643,0.180449460680301,0.340817997414285,-0.00712074741125901,0.00506570266824496,0.008738786369858
79,2,0.217728382453279,0.173215861193924,0.18757020809156,0.33575229474604,4,9,11,0.232426331979355,0.173955638288781,0.201121081643426,0.338682919975132,0.013550873551866,0.00293062522909199,0.0138641529943972
79,3,0.217728382453279,0.173215861193924,0.18757020809156,0.33575229474604,3,9,12,0.210318141433681,0.160523899572021,0.186715006744248,0.320645174831347,-0.000855201347311985,-0.015107119914693,0.0151313066673489
79,4,0.217728382453279,0.173215861193924,0.18757020809156,0.33575229474604,4,10,10,0.236110894949844,0.193259415452011,0.194855535579479,0.358855742558071,0.00728532748791899,0.023103447812031,0.0242248900391615
79,5,0.217728382453279,0.173215861193924,0.18757020809156,0.33575229474604,2,10,12,0.190811179854499,0.164856727668499,0.166043385781123,0.3227802522705,-0.021526822310437,-0.01297204247554,0.0251332044270591
79,6,0.217728382453279,0.173215861193924,0.18757020809156,0.33575229474604,4,8,12,0.229067674157441,0.156359309312713,0.207386627707373,0.318510097392193,0.019816419615813,-0.017242197353847,0.0262675437751417
80,1,0.221351236069881,0.193235867054999,0.181579514838919,0.356660618335362,3,11,10,0.215655693811798,0.198639915664003,0.174183914616354,0.360990819997224,-0.007395600222565,0.00433020166186199,0.00857003786948434
80,2,0.221351236069881,0.193235867054999,0.181579514838919,0.356660618335362,4,10,10,0.236110894949844,0.193259415452011,0.194855535579479,0.358855742558071,0.01327602074056,0.00219512422270901,0.0134562735204403
80,3,0.221351236069881,0.193235867054999,0.181579514838919,0.356660618335362,3,10,11,0.212860867120989,0.178681767888643,0.180449460680301,0.340817997414285,-0.001130054158618,-0.015842620921077,0.0158828731673573
80,4,0.221351236069881,0.193235867054999,0.181579514838919,0.356660618335362,4,11,9,0.240171217869792,0.214531834863811,0.188589989515532,0.37902856514101,0.007010474676613,0.022367946805648,0.0234408148214121
80,5,0.221351236069881,0.193235867054999,0.181579514838919,0.356660618335362,2,11,11,0.192466890237511,0.183608028445478,0.159777839717176,0.342953074853439,-0.021801675121743,-0.013707543481923,0.0257528597717387
80,6,0.221351236069881,0.193235867054999,0.181579514838919,0.356660618335362,4,9,11,0.232426331979355,0.173955638288781,0.201121081643426,0.338682919975132,0.019541566804507,-0.01797769836023,0.0265531631167819
81,1,0.22535689142199,0.215371247645366,0.175588821586278,0.377568941924684,3,12,9,0.218742069245929,0.220680043306688,0.167918368552407,0.381163642580163,-0.00767045303387101,0.00359470065547901,0.00847099300833865
81,2,0.22535689142199,0.215371247645366,0.175588821586278,0.377568941924684,4,11,9,0.240171217869792,0.214531834863811,0.188589989515532,0.37902856514101,0.013001167929254,0.00145962321632603,0.0130828463056898
81,3,0.22535689142199,0.215371247645366,0.175588821586278,0.377568941924684,3,11,10,0.215655693811798,0.198639915664003,0.174183914616354,0.360990819997224,-0.00140490696992401,-0.01657812192746,0.0166375445975622
81,4,0.22535689142199,0.215371247645366,0.175588821586278,0.377568941924684,4,12,8,0.244667870516237,0.238090227368606,0.182324443451585,0.399201387723949,0.00673562186530699,0.021632445799265,0.0226568160422099
81,5,0.22535689142199,0.215371247645366,0.175588821586278,0.377568941924684,2,12,10,0.194290409430185,0.204259802575342,0.153512293653229,0.363125897436378,-0.022076527933049,-0.014443044488306,0.0263813308926953
81,6,0.22535689142199,0.215371247645366,0.175588821586278,0.377568941924684,4,10,10,0.236110894949844,0.193259415452011,0.194855535579479,0.358855742558071,0.019266713993201,-0.018713199366613,0.0268587061979986
82,1,0.229809404689059,0.239975979477404,0.169598128333637,0.398477265514006,3,13,8,0.222168124222338,0.245145857852732,0.16165282248846,0.401336465163102,-0.007945305845177,0.00285919964909603,0.00844410490264034
82,2,0.229809404689059,0.239975979477404,0.169598128333637,0.398477265514006,4,12,8,0.244667870516237,0.238090227368606,0.182324443451585,0.399201387723949,0.012726315117948,0.000724122209943001,0.0127468996017167
82,3,0.229809404689059,0.239975979477404,0.169598128333637,0.398477265514006,3,12,9,0.218742069245929,0.220680043306688,0.167918368552407,0.381163642580163,-0.00167975978123,-0.017313622933843,0.0173949168442373
82,4,0.229809404689059,0.239975979477404,0.169598128333637,0.398477265514006,4,13,7,0.249675179723505,0.264323998347328,0.176058897387637,0.419374210306888,0.006460769054,0.020896944792882,0.0218729019210045
82,5,0.229809404689059,0.239975979477404,0.169598128333637,0.398477265514006,2,13,9,0.196308610784251,0.227116396945276,0.147246747589282,0.383298720019317,-0.022351380744355,-0.015178545494689,0.0270180026003675
82,6,0.229809404689059,0.239975979477404,0.169598128333637,0.398477265514006,3,14,7,0.225993200819148,0.272461127247524,0.155387276424513,0.421509287746041,-0.014210851909124,0.023032022232035,0.0270633028302166
83,1,0.234787968114751,0.267487681442217,0.163607435080996,0.419385589103328,3,14,7,0.225993200819148,0.272461127247524,0.155387276424513,0.421509287746041,-0.00822015865648301,0.002123698642713,0.00849005914365817
83,2,0.234787968114751,0.267487681442217,0.163607435080996,0.419385589103328,4,13,7,0.249675179723505,0.264323998347328,0.176058897387637,0.419374210306888,0.012451462306641,-1.13787964400314e-05,0.0124514675059091
83,3,0.234787968114751,0.267487681442217,0.163607435080996,0.419385589103328,3,13,8,0.222168124222338,0.245145857852732,0.16165282248846,0.401336465163102,-0.00195461259253601,-0.018049123940226,0.0181546518941163
83,4,0.234787968114751,0.267487681442217,0.163607435080996,0.419385589103328,4,14,6,0.255285370266433,0.293716322199937,0.16979335132369,0.439547032889827,0.00618591624269399,0.020161443786499,0.0210890818984086
83,5,0.234787968114751,0.267487681442217,0.163607435080996,0.419385589103328,3,15,6,0.230291318596614,0.303154432861305,0.149121730360566,0.44168211032898,-0.01448570472043,0.022296521225652,0.0265889168642395
83,6,0.234787968114751,0.267487681442217,0.163607435080996,0.419385589103328,4,12,8,0.244667870516237,0.238090227368606,0.182324443451585,0.399201387723949,0.018717008370589,-0.020184201379379,0.0275268666518372
84,1,0.24039166138028,0.298453871051827,0.157616741828355,0.440293912692649,3,15,6,0.230291318596614,0.303154432861305,0.149121730360566,0.44168211032898,-0.008495011467789,0.00138819763633102,0.00860768915071761
84,2,0.24039166138028,0.298453871051827,0.157616741828355,0.440293912692649,4,14,6,0.255285370266433,0.293716322199937,0.16979335132369,0.439547032889827,0.012176609495335,-0.000746879802822009,0.0121994937698966
84,3,0.24039166138028,0.298453871051827,0.157616741828355,0.440293912692649,3,14,7,0.225993200819148,0.272461127247524,0.155387276424513,0.421509287746041,-0.002229465403842,-0.018784624946608,0.0189164650601442
84,4,0.24039166138028,0.298453871051827,0.157616741828355,0.440293912692649,4,15,5,0.261614297242282,0.326874174841529,0.163527805259743,0.459719855472766,0.005911063431388,0.019425942780117,0.0203053668715015
84,5,0.24039166138028,0.298453871051827,0.157616741828355,0.440293912692649,3,16,5,0.235156011538121,0.337893710587413,0.142856184296618,0.461854932911919,-0.014760557531737,0.02156102021927,0.0261295168639507
84,6,0.24039166138028,0.298453871051827,0.157616741828355,0.440293912692649,4,13,7,0.249675179723505,0.264323998347328,0.176058897387637,0.419374210306888,0.018442155559282,-0.020919702385761,0.0278881166374062
85,1,0.24674611268168,0.333568773766905,0.151626048575714,0.461202236281971,3,16,5,0.235156011538121,0.337893710587413,0.142856184296618,0.461854932911919,-0.00876986427909598,0.000652696629947991,0.00879411919207997
85,2,0.24674611268168,0.333568773766905,0.151626048575714,0.461202236281971,4,15,5,0.261614297242282,0.326874174841529,0.163527805259743,0.459719855472766,0.011901756684029,-0.00148238080920499,0.0119937177317681
85,3,0.24674611268168,0.333568773766905,0.151626048575714,0.461202236281971,4,16,4,0.268809532410641,0.364570698809096,0.157262259195796,0.479892678055704,0.00563621062008202,0.018690441773733,0.0195217694856596
85,4,0.24674611268168,0.333568773766905,0.151626048575714,0.461202236281971,3,15,6,0.230291318596614,0.303154432861305,0.149121730360566,0.44168211032898,-0.00250431821514799,-0.019520125952991,0.0196801150134686
85,5,0.24674611268168,0.333568773766905,0.151626048575714,0.461202236281971,3,17,4,0.240707212766948,0.377535415319952,0.136590638232671,0.482027755494858,-0.015035410343043,0.020825519212887,0.0256859069271461
85,6,0.24674611268168,0.333568773766905,0.151626048575714,0.461202236281971,4,14,6,0.255285370266433,0.293716322199937,0.16979335132369,0.439547032889827,0.018167302747976,-0.021655203392144,0.0282665654633127
86,1,0.254013029292577,0.373725989193829,0.145635355323073,0.482110559871293,3,17,4,0.240707212766948,0.377535415319952,0.136590638232671,0.482027755494858,-0.009044717090402,-8.28043764349862e-05,0.00904509611945428
86,2,0.254013029292577,0.373725989193829,0.145635355323073,0.482110559871293,4,16,4,0.268809532410641,0.364570698809096,0.157262259195796,0.479892678055704,0.011626903872723,-0.00221788181558896,0.0118365490500171
86,3,0.254013029292577,0.373725989193829,0.145635355323073,0.482110559871293,4,17,3,0.277062015085086,0.407806243395201,0.150996713131849,0.500065500638643,0.005361357808776,0.01795494076735,0.0187383044994143
86,4,0.254013029292577,0.373725989193829,0.145635355323073,0.482110559871293,3,16,5,0.235156011538121,0.337893710587413,0.142856184296618,0.461854932911919,-0.002779171026455,-0.020255626959374,0.0204453959392232
86,5,0.254013029292577,0.373725989193829,0.145635355323073,0.482110559871293,3,18,3,0.247101275265947,0.423196079954211,0.130325092168724,0.502200578077797,-0.015310263154349,0.0200900182065041,0.0252589190068198
86,6,0.254013029292577,0.373725989193829,0.145635355323073,0.482110559871293,4,15,5,0.261614297242282,0.326874174841529,0.163527805259743,0.459719855472766,0.01789244993667,-0.022390704398527,0.0286615318536616
87,1,0.262404151313902,0.420095599955379,0.139644662070431,0.503018883460615,3,18,3,0.247101275265947,0.423196079954211,0.130325092168724,0.502200578077797,-0.00931956990170699,-0.000818305382817908,0.00935542659916433
87,2,0.262404151313902,0.420095599955379,0.139644662070431,0.503018883460615,4,17,3,0.277062015085086,0.407806243395201,0.150996713131849,0.500065500638643,0.011352051061418,-0.00295338282197199,0.011729941747262
87,3,0.262404151313902,0.420095599955379,0.139644662070431,0.503018883460615,4,18,2,0.286623246115032,0.457898445560423,0.144731167067902,0.520238323221582,0.00508650499747101,0.0172194397609671,0.0179549892445212
87,4,0.262404151313902,0.420095599955379,0.139644662070431,0.503018883460615,3,17,4,0.240707212766948,0.377535415319952,0.136590638232671,0.482027755494858,-0.00305402383775999,-0.020991127965757,0.0212121313138588
87,5,0.262404151313902,0.420095599955379,0.139644662070431,0.503018883460615,3,19,2,0.254545932044162,0.476359147490761,0.124059546104777,0.522373400660736,-0.015585115965654,0.019354517200121,0.0248494099670931
87,6,0.262404151313902,0.420095599955379,0.139644662070431,0.503018883460615,4,16,4,0.268809532410641,0.364570698809096,0.157262259195796,0.479892678055704,0.017617597125365,-0.0231262054049109,0.0290723426111795
88,1,0.272202224357078,0.474240067414049,0.13365396881779,0.523927207049937,3,19,2,0.254545932044162,0.476359147490761,0.124059546104777,0.522373400660736,-0.00959442271301299,-0.001553806389201,0.00971942701454676
88,2,0.272202224357078,0.474240067414049,0.13365396881779,0.523927207049937,4,18,2,0.286623246115032,0.457898445560423,0.144731167067902,0.520238323221582,0.011077198250112,-0.00368888382835497,0.0116752809375785
88,3,0.272202224357078,0.474240067414049,0.13365396881779,0.523927207049937,4,19,1,0.297831366682347,0.51661885923851,0.138465621003955,0.540411145804521,0.004811652186165,0.016483938754584,0.017171844211543
88,4,0.272202224357078,0.474240067414049,0.13365396881779,0.523927207049937,3,18,3,0.247101275265947,0.423196079954211,0.130325092168724,0.502200578077797,-0.00332887664906598,-0.0217266289721399,0.0219801689310553
88,5,0.272202224357078,0.474240067414049,0.13365396881779,0.523927207049937,3,20,1,0.26332329056507,0.539039176636633,0.11779400004083,0.542546223243675,-0.01585996877696,0.018619016193738,0.024458257779916
88,6,0.272202224357078,0.474240067414049,0.13365396881779,0.523927207049937,5,18,1,0.329825230446117,0.495832056232217,0.15913724196708,0.538276068365368,0.02548327314929,0.014348861315431,0.0292452907568176
89,1,0.283793487144558,0.538293759199771,0.127663275565149,0.544835530639259,3,20,1,0.26332329056507,0.539039176636633,0.11779400004083,0.542546223243675,-0.009869275524319,-0.00228930739558408,0.0101313142151647
89,2,0.283793487144558,0.538293759199771,0.127663275565149,0.544835530639259,4,19,1,0.297831366682347,0.51661885923851,0.138465621003955,0.540411145804521,0.010802345438806,-0.00442438483473806,0.0116732963701412
89,3,0.283793487144558,0.538293759199771,0.127663275565149,0.544835530639259,4,20,0,0.311151983017354,0.586406839920983,0.132200074940008,0.56058396838746,0.00453679937485899,0.015748437748201,0.0163888938027154
89,4,0.283793487144558,0.538293759199771,0.127663275565149,0.544835530639259,3,19,2,0.254545932044162,0.476359147490761,0.124059546104777,0.522373400660736,-0.003603729460372,-0.022462129978523,0.022749376896865
89,5,0.283793487144558,0.538293759199771,0.127663275565149,0.544835530639259,3,21,0,0.273826390171991,0.614042902178396,0.111528453976883,0.562719045826614,-0.016134821588266,0.017883515187355,0.0240863567843194
89,6,0.283793487144558,0.538293759199771,0.127663275565149,0.544835530639259,5,19,0,0.34551198043926,0.56096651987435,0.152871695903133,0.558448890948307,0.025208420337984,0.0136133603090479,0.0286493985074808
90,1,0.297719792849034,0.615250973410436,0.121672582312508,0.565743854228581,3,21,0,0.273826390171991,0.614042902178396,0.111528453976883,0.562719045826614,-0.010144128335625,-0.00302480840196695,0.0105854997783874
90,2,0.297719792849034,0.615250973410436,0.121672582312508,0.565743854228581,4,20,0,0.311151983017354,0.586406839920983,0.132200074940008,0.56058396838746,0.0105274926275,-0.00515988584112093,0.011724014795089
90,3,0.297719792849034,0.615250973410436,0.121672582312508,0.565743854228581,3,20,1,0.26332329056507,0.539039176636633,0.11779400004083,0.542546223243675,-0.003878582271678,-0.023197630984906,0.0235196403830936
90,4,0.297719792849034,0.615250973410436,0.121672582312508,0.565743854228581,4,19,1,0.297831366682347,0.51661885923851,0.138465621003955,0.540411145804521,0.016793038691447,-0.02533270842406,0.0303932930856608
90,5,0.297719792849034,0.615250973410436,0.121672582312508,0.565743854228581,2,22,0,0.23313394709924,0.644171797781575,0.0908568330137582,0.564854123265767,-0.0308157492987498,-0.000889730962813973,0.0308285910484016
90,6,0.297719792849034,0.615250973410436,0.121672582312508,0.565743854228581,5,19,0,0.34551198043926,0.56096651987435,0.152871695903133,0.558448890948307,0.031199113590625,-0.00729496328027401,0.0320406176298346
91,1,0.212547203906036,0.0610043847498643,0.257090885897025,0.16602552195054,4,0,20,0.210098229028883,0.0569765752938669,0.25751099621895,0.157127516728682,0.000420110321925016,-0.00889800522185799,0.00890791724314949
91,2,0.212547203906036,0.0610043847498643,0.257090885897025,0.16602552195054,4,1,19,0.211908870717047,0.0664626999579637,0.251245450155003,0.177300339311621,-0.00584543574202201,0.011274817361081,0.012700024627529
91,3,0.212547203906036,0.0610043847498643,0.257090885897025,0.16602552195054,5,0,19,0.225993690799095,0.0647031323313547,0.271917071118127,0.175165261872467,0.014826185221102,0.00913973992192701,0.0174169633992522
91,4,0.212547203906036,0.0610043847498643,0.257090885897025,0.16602552195054,3,1,20,0.196044033347617,0.0585910106812861,0.236839375255825,0.159262594167835,-0.0202515106412,-0.00676292778270499,0.0213508987034438
91,5,0.212547203906036,0.0610043847498643,0.257090885897025,0.16602552195054,3,2,19,0.19740015597635,0.068275223271199,0.230573829191878,0.179435416750774,-0.026517056705147,0.013409894800234,0.0297149722338306
91,6,0.212547203906036,0.0610043847498643,0.257090885897025,0.16602552195054,3,0,21,0.194774918967366,0.0495281330337434,0.243104921319772,0.139089771584896,-0.013985964577253,-0.026935750365644,0.0303503188272622
92,1,0.214908223916627,0.0711068452827547,0.251100192644384,0.186933845539862,4,1,19,0.211908870717047,0.0664626999579637,0.251245450155003,0.177300339311621,0.000145257510619001,-0.009633506228241,0.00963460128878976
92,2,0.214908223916627,0.0711068452827547,0.251100192644384,0.186933845539862,4,2,18,0.213846080875757,0.0766119289225899,0.244979904091056,0.19747316189456,-0.006120288553328,0.010539316354698,0.0121874985620677
92,3,0.214908223916627,0.0711068452827547,0.251100192644384,0.186933845539862,5,1,18,0.228386470973348,0.0746384250676858,0.26565152505418,0.195338084455406,0.014551332409796,0.00840423891554401,0.0168039431875356
92,4,0.214908223916627,0.0711068452827547,0.251100192644384,0.186933845539862,3,2,19,0.19740015597635,0.068275223271199,0.230573829191878,0.179435416750774,-0.020526363452506,-0.00749842878908799,0.0218531011732751
92,5,0.214908223916627,0.0711068452827547,0.251100192644384,0.186933845539862,5,0,19,0.225993690799095,0.0647031323313547,0.271917071118127,0.175165261872467,0.020816878473743,-0.011768583667395,0.0239132179124237
92,6,0.214908223916627,0.0711068452827547,0.251100192644384,0.186933845539862,3,3,18,0.198852552158665,0.0786469353098463,0.224308283127931,0.199608239333713,-0.026791909516453,0.012674393793851,0.0296386010732526
93,1,0.217441681322814,0.0819471403005714,0.245109499391743,0.207842169129184,4,2,18,0.213846080875757,0.0766119289225899,0.244979904091056,0.19747316189456,-0.000129595300687013,-0.010369007234624,0.0103698170655825
93,2,0.217441681322814,0.0819471403005714,0.245109499391743,0.207842169129184,4,3,17,0.21592361133728,0.0874963093498685,0.238714358027108,0.217645984477499,-0.00639514136463501,0.00980381534831501,0.011705239359258
93,3,0.217441681322814,0.0819471403005714,0.245109499391743,0.207842169129184,5,2,17,0.230949857888159,0.0852821104630987,0.259385978990233,0.215510907038345,0.01427647959849,0.00766873790916101,0.0162057832530706
93,4,0.217441681322814,0.0819471403005714,0.245109499391743,0.207842169129184,3,3,18,0.198852552158665,0.0786469353098463,0.224308283127931,0.199608239333713,-0.020801216263812,-0.008233929795471,0.0223715935492003
93,5,0.217441681322814,0.0819471403005714,0.245109499391743,0.207842169129184,5,1,18,0.228386470973348,0.0746384250676858,0.26565152505418,0.195338084455406,0.020542025662437,-0.012504084673778,0.0240484293010007
93,6,0.217441681322814,0.0819471403005714,0.245109499391743,0.207842169129184,5,3,16,0.233702772639425,0.0967127526199886,0.253120432926286,0.235683729621284,0.00801093353454299,0.0278415604921,0.0289711502486548
94,1,0.220167183104272,0.0936091652118366,0.239118806139102,0.228750492718506,4,3,17,0.21592361133728,0.0874963093498685,0.238714358027108,0.217645984477499,-0.000404448111993999,-0.011104508241007,0.0111118711993025
94,2,0.220167183104272,0.0936091652118366,0.239118806139102,0.228750492718506,4,4,16,0.218157281003605,0.0991987179775271,0.232448811963161,0.237818807060437,-0.006669994175941,0.00906831434193101,0.0112571376162486
94,3,0.220167183104272,0.0936091652118366,0.239118806139102,0.228750492718506,5,3,16,0.233702772639425,0.0967127526199886,0.253120432926286,0.235683729621284,0.014001626787184,0.006933236902778,0.0156241904314314
94,4,0.220167183104272,0.0936091652118366,0.239118806139102,0.228750492718506,3,4,17,0.200411851134669,0.0897820513051973,0.218042737063984,0.219781061916652,-0.021076069075118,-0.008969430801854,0.0229052696244422
94,5,0.220167183104272,0.0936091652118366,0.239118806139102,0.228750492718506,5,2,17,0.230949857888159,0.0852821104630987,0.259385978990233,0.215510907038345,0.020267172851131,-0.013239585680161,0.0242083647601391
94,6,0.220167183104272,0.0936091652118366,0.239118806139102,0.228750492718506,5,4,15,0.236667041646676,0.109020979114493,0.246854886862339,0.255856552204223,0.007736080723237,0.027106059485717,0.0281883913304691
95,1,0.2231074258901,0.106190035584686,0.233128112886461,0.249658816307828,4,5,15,0.220565379393502,0.111814975340484,0.226183265899214,0.257991629643376,-0.00694484698724698,0.00833281333554803,0.0108474272415795
95,2,0.2231074258901,0.106190035584686,0.233128112886461,0.249658816307828,4,4,16,0.218157281003605,0.0991987179775271,0.232448811963161,0.237818807060437,-0.000679300923299986,-0.011840009247391,0.011859480120254
95,3,0.2231074258901,0.106190035584686,0.233128112886461,0.249658816307828,5,4,15,0.236667041646676,0.109020979114493,0.246854886862339,0.255856552204223,0.013726773975878,0.006197735896395,0.0150610840920003
95,4,0.2231074258901,0.106190035584686,0.233128112886461,0.249658816307828,3,5,16,0.202090306648133,0.101768076514643,0.211777191000037,0.239953884499591,-0.021350921886424,-0.00970493180823698,0.0234530929048326
95,5,0.2231074258901,0.106190035584686,0.233128112886461,0.249658816307828,5,3,16,0.233702772639425,0.0967127526199886,0.253120432926286,0.235683729621284,0.019992320039825,-0.013975086686544,0.0243925379669933
95,6,0.2231074258901,0.106190035584686,0.233128112886461,0.249658816307828,5,5,14,0.239867976552394,0.122311888852229,0.240589340798392,0.276029374787162,0.00746122791193102,0.026370558479334,0.0274057708606372
96,1,0.226288829496975,0.119802797964288,0.22713741963382,0.27056713989715,4,6,14,0.22316916857067,0.125456475420318,0.219917719835267,0.278164452226315,-0.007219699798553,0.007597312329165,0.0104806116142193
96,2,0.226288829496975,0.119802797964288,0.22713741963382,0.27056713989715,4,5,15,0.220565379393502,0.111814975340484,0.226183265899214,0.257991629643376,-0.000954153734606,-0.012575510253774,0.0126116560170358
96,3,0.226288829496975,0.119802797964288,0.22713741963382,0.27056713989715,5,5,14,0.239867976552394,0.122311888852229,0.240589340798392,0.276029374787162,0.013451921164572,0.00546223489001202,0.0145186153958125
96,4,0.226288829496975,0.119802797964288,0.22713741963382,0.27056713989715,3,6,15,0.203902119623618,0.11470642121593,0.205511644936089,0.26012670708253,-0.021625774697731,-0.01044043281462,0.0240140952074738
96,5,0.226288829496975,0.119802797964288,0.22713741963382,0.27056713989715,5,4,15,0.236667041646676,0.109020979114493,0.246854886862339,0.255856552204223,0.019717467228519,-0.014710587692927,0.0246004045531576
96,6,0.226288829496975,0.119802797964288,0.22713741963382,0.27056713989715,5,6,13,0.243335098793297,0.13670806063043,0.234323794734445,0.296202197370101,0.007186375100625,0.025635057472951,0.0266233010486751
97,1,0.229742333023556,0.134579836244772,0.221146726381179,0.291475463486472,4,7,13,0.225993512619877,0.140253483530873,0.21365217377132,0.298337274809254,-0.00749455260985898,0.00686181132278196,0.010161337188156
97,2,0.229742333023556,0.134579836244772,0.221146726381179,0.291475463486472,4,6,14,0.22316916857067,0.125456475420318,0.219917719835267,0.278164452226315,-0.00122900654591199,-0.013311011260157,0.0133676279817297
97,3,0.229742333023556,0.134579836244772,0.221146726381179,0.291475463486472,5,6,13,0.243335098793297,0.13670806063043,0.234323794734445,0.296202197370101,0.013177068353266,0.00472673388362899,0.0139991836759609
97,4,0.229742333023556,0.134579836244772,0.221146726381179,0.291475463486472,3,7,14,0.205863840937961,0.128715276940149,0.199246098872142,0.280299529665469,-0.021900627509037,-0.011175933821003,0.0245873744442351
97,5,0.229742333023556,0.134579836244772,0.221146726381179,0.291475463486472,5,5,14,0.239867976552394,0.122311888852229,0.240589340798392,0.276029374787162,0.019442614417213,-0.01544608869931,0.0248313695047891
97,6,0.229742333023556,0.134579836244772,0.221146726381179,0.291475463486472,5,7,12,0.247103052778232,0.152353344831695,0.228058248670498,0.31637501995304,0.00691152228931902,0.024899556466568,0.0258409955804253
98,1,0.233504404336084,0.150677191110996,0.215156033128538,0.312383787075793,4,8,12,0.229067674157441,0.156359309312713,0.207386627707373,0.318510097392193,-0.007769405421165,0.00612631031639999,0.00989420733011276
98,2,0.233504404336084,0.150677191110996,0.215156033128538,0.312383787075793,5,7,12,0.247103052778232,0.152353344831695,0.228058248670498,0.31637501995304,0.01290221554196,0.00399123287724701,0.0135054472629236
98,3,0.233504404336084,0.150677191110996,0.215156033128538,0.312383787075793,4,7,13,0.225993512619877,0.140253483530873,0.21365217377132,0.298337274809254,-0.001503859357218,-0.014046512266539,0.0141267866063137
98,4,0.233504404336084,0.150677191110996,0.215156033128538,0.312383787075793,5,8,11,0.2512127675471,0.169417686859804,0.221792702606551,0.336547842535979,0.006636669478013,0.024164055460186,0.0250588698476874
98,5,0.233504404336084,0.150677191110996,0.215156033128538,0.312383787075793,5,6,13,0.243335098793297,0.13670806063043,0.234323794734445,0.296202197370101,0.019167761605907,-0.016181589705692,0.0250847948045074
98,6,0.233504404336084,0.150677191110996,0.215156033128538,0.312383787075793,3,8,13,0.207994878481414,0.14393323744802,0.192980552808195,0.300472352248408,-0.022175480320343,-0.011911434827385,0.0251720918297419
99,1,0.237618332797998,0.168280091440176,0.209165339875897,0.333292110665115,4,9,11,0.232426331979355,0.173955638288781,0.201121081643426,0.338682919975132,-0.00804425823247101,0.00539080931001701,0.00968353837848768
99,2,0.237618332797998,0.168280091440176,0.209165339875897,0.333292110665115,5,8,11,0.2512127675471,0.169417686859804,0.221792702606551,0.336547842535979,0.012627362730654,0.00325573187086403,0.0130403251319309
99,3,0.237618332797998,0.168280091440176,0.209165339875897,0.333292110665115,4,8,12,0.229067674157441,0.156359309312713,0.207386627707373,0.318510097392193,-0.00177871216852399,-0.014782013272922,0.0148886444439814
99,4,0.237618332797998,0.168280091440176,0.209165339875897,0.333292110665115,5,9,10,0.255712949540188,0.188103325410802,0.215527156542604,0.356720665118918,0.00636181666670699,0.023428554453803,0.0242769412219827
99,5,0.237618332797998,0.168280091440176,0.209165339875897,0.333292110665115,5,7,12,0.247103052778232,0.152353344831695,0.228058248670498,0.31637501995304,0.018892908794601,-0.016917090712075,0.0253600071151742
99,6,0.237618332797998,0.168280091440176,0.209165339875897,0.333292110665115,3,9,12,0.210318141433681,0.160523899572021,0.186715006744248,0.320645174831347,-0.022450333131649,-0.012646935833768,0.0257674687097018
100,1,0.24213590251103,0.187610113856664,0.203174646623255,0.354200434254437,4,10,10,0.236110894949844,0.193259415452011,0.194855535579479,0.358855742558071,-0.008319111043776,0.00465530830363403,0.00953307421352419
100,2,0.24213590251103,0.187610113856664,0.203174646623255,0.354200434254437,5,9,10,0.255712949540188,0.188103325410802,0.215527156542604,0.356720665118918,0.012352509919349,0.002520230864481,0.0126069847671003
100,3,0.24213590251103,0.187610113856664,0.203174646623255,0.354200434254437,4,9,11,0.232426331979355,0.173955638288781,0.201121081643426,0.338682919975132,-0.002053564979829,-0.015517514279305,0.0156528073691212
100,4,0.24213590251103,0.187610113856664,0.203174646623255,0.354200434254437,5,10,9,0.260662022076097,0.208652845565922,0.209261610478657,0.376893487701857,0.006086963855402,0.02269305344742,0.0234952293826732
100,5,0.24213590251103,0.187610113856664,0.203174646623255,0.354200434254437,5,8,11,0.2512127675471,0.169417686859804,0.221792702606551,0.336547842535979,0.018618055983296,-0.017652591718458,0.0256563053258983
100,6,0.24213590251103,0.187610113856664,0.203174646623255,0.354200434254437,3,10,11,0.212860867120989,0.178681767888643,0.180449460680301,0.340817997414285,-0.022725185942954,-0.013382436840152,0.0263727831660311
101,1,0.24711958347847,0.208934558400228,0.197183953370614,0.375108757843759,4,11,9,0.240171217869792,0.214531834863811,0.188589989515532,0.37902856514101,-0.00859396385508202,0.003919807297251,0.0094456923510158
101,2,0.24711958347847,0.208934558400228,0.197183953370614,0.375108757843759,5,10,9,0.260662022076097,0.208652845565922,0.209261610478657,0.376893487701857,0.012077657108043,0.00178472985809797,0.0122088108301279
101,3,0.24711958347847,0.208934558400228,0.197183953370614,0.375108757843759,4,10,10,0.236110894949844,0.193259415452011,0.194855535579479,0.358855742558071,-0.00232841779113502,-0.016253015285688,0.0164189535381181
101,4,0.24711958347847,0.208934558400228,0.197183953370614,0.375108757843759,5,11,8,0.266130675681121,0.231359768259505,0.202996064414709,0.397066310284795,0.00581211104409499,0.021957552441036,0.0227137567123921
101,5,0.24711958347847,0.208934558400228,0.197183953370614,0.375108757843759,5,9,10,0.255712949540188,0.188103325410802,0.215527156542604,0.356720665118918,0.01834320317199,-0.018388092724841,0.0259729678062838
101,6,0.24711958347847,0.208934558400228,0.197183953370614,0.375108757843759,3,11,10,0.215655693811798,0.198639915664003,0.174183914616354,0.360990819997224,-0.02300003875426,-0.014117937846535,0.0269873665209499
102,1,0.2526454378968,0.232578884124397,0.191193260117973,0.396017081433081,4,12,8,0.244667870516237,0.238090227368606,0.182324443451585,0.399201387723949,-0.008868816666388,0.00318430629086797,0.00942314786130744
102,2,0.2526454378968,0.232578884124397,0.191193260117973,0.396017081433081,5,11,8,0.266130675681121,0.231359768259505,0.202996064414709,0.397066310284795,0.011802804296736,0.00104922885171399,0.0118493489462636
102,3,0.2526454378968,0.232578884124397,0.191193260117973,0.396017081433081,4,11,9,0.240171217869792,0.214531834863811,0.188589989515532,0.37902856514101,-0.002603270602441,-0.016988516292071,0.0171868177285818
102,4,0.2526454378968,0.232578884124397,0.191193260117973,0.396017081433081,5,12,7,0.272205266162175,0.256582659744484,0.196730518350762,0.417239132867734,0.005537258232789,0.021222051434653,0.0219325487764566
102,5,0.2526454378968,0.232578884124397,0.191193260117973,0.396017081433081,5,10,9,0.260662022076097,0.208652845565922,0.209261610478657,0.376893487701857,0.018068350360684,-0.019123593731224,0.0263092592437214
102,6,0.2526454378968,0.232578884124397,0.191193260117973,0.396017081433081,3,12,9,0.218742069245929,0.220680043306688,0.167918368552407,0.381163642580163,-0.023274891565566,-0.014853438852918,0.027610599833148
103,1,0.258807029534432,0.258943436758325,0.185202566865332,0.416925405022403,4,13,7,0.249675179723505,0.264323998347328,0.176058897387637,0.419374210306888,-0.00914366947769502,0.00244880528448499,0.00946590401592225
103,2,0.258807029534432,0.258943436758325,0.185202566865332,0.416925405022403,5,12,7,0.272205266162175,0.256582659744484,0.196730518350762,0.417239132867734,0.01152795148543,0.000313727845331013,0.0115322196740854
103,3,0.258807029534432,0.258943436758325,0.185202566865332,0.416925405022403,4,12,8,0.244667870516237,0.238090227368606,0.182324443451585,0.399201387723949,-0.00287812341374702,-0.017724017298454,0.0179561795374366
103,4,0.258807029534432,0.258943436758325,0.185202566865332,0.416925405022403,5,13,6,0.278992408465541,0.284764206195206,0.190464972286815,0.437411955450673,0.00526240542148299,0.02048655042827,0.0211516349077348
103,5,0.258807029534432,0.258943436758325,0.185202566865332,0.416925405022403,5,11,8,0.266130675681121,0.231359768259505,0.202996064414709,0.397066310284795,0.017793497549377,-0.019859094737608,0.0266644369683099
103,6,0.258807029534432,0.258943436758325,0.185202566865332,0.416925405022403,4,14,6,0.255285370266433,0.293716322199937,0.16979335132369,0.439547032889827,-0.015409215541642,0.022621627867424,0.0273711887023745
104,1,0.265720764760408,0.288526302190205,0.179211873612691,0.437833728611725,4,14,6,0.255285370266433,0.293716322199937,0.16979335132369,0.439547032889827,-0.009418522289001,0.00171330427810201,0.00957308590046968
104,2,0.265720764760408,0.288526302190205,0.179211873612691,0.437833728611725,5,13,6,0.278992408465541,0.284764206195206,0.190464972286815,0.437411955450673,0.011253098674124,-0.000421773161051964,0.011261000060783
104,3,0.265720764760408,0.288526302190205,0.179211873612691,0.437833728611725,4,13,7,0.249675179723505,0.264323998347328,0.176058897387637,0.419374210306888,-0.003152976225054,-0.018459518304837,0.0187268543840755
104,4,0.265720764760408,0.288526302190205,0.179211873612691,0.437833728611725,5,14,5,0.286625287840111,0.316457418895417,0.184199426222868,0.457584778033612,0.004987552610177,0.019751049421887,0.0203710489250089
104,5,0.265720764760408,0.288526302190205,0.179211873612691,0.437833728611725,4,15,5,0.261614297242282,0.326874174841529,0.163527805259743,0.459719855472766,-0.015684068352948,0.021886126861041,0.0269256856751602
104,6,0.265720764760408,0.288526302190205,0.179211873612691,0.437833728611725,5,12,7,0.272205266162175,0.256582659744484,0.196730518350762,0.417239132867734,0.017518644738071,-0.020594595743991,0.0270377566990524
105,1,0.273533316646325,0.321955073117435,0.17322118036005,0.458742052201047,4,15,5,0.261614297242282,0.326874174841529,0.163527805259743,0.459719855472766,-0.00969337510030699,0.00097780327171898,0.00974256742719474
105,2,0.273533316646325,0.321955073117435,0.17322118036005,0.458742052201047,5,14,5,0.286625287840111,0.316457418895417,0.184199426222868,0.457584778033612,0.010978245862818,-0.001157274167435,0.011039074495767
105,3,0.273533316646325,0.321955073117435,0.17322118036005,0.458742052201047,4,14,6,0.255285370266433,0.293716322199937,0.16979335132369,0.439547032889827,-0.00342782903635999,-0.01919501931122,0.0194986865778345
105,4,0.273533316646325,0.321955073117435,0.17322118036005,0.458742052201047,5,15,4,0.295272487038538,0.35236228650932,0.177933880158921,0.477757600616551,0.00471269979887101,0.019015548415504,0.0195908300216365
105,5,0.273533316646325,0.321955073117435,0.17322118036005,0.458742052201047,4,16,4,0.268809532410641,0.364570698809096,0.157262259195796,0.479892678055704,-0.015958921164254,0.021150625854657,0.0264959645752058
105,6,0.273533316646325,0.321955073117435,0.17322118036005,0.458742052201047,5,13,6,0.278992408465541,0.284764206195206,0.190464972286815,0.437411955450673,0.017243791926765,-0.021330096750374,0.0274284776718264
106,1,0.282432145867017,0.360031866447324,0.167230487107409,0.479650375790369,4,16,4,0.268809532410641,0.364570698809096,0.157262259195796,0.479892678055704,-0.009968227911613,0.000242302265335004,0.00997117235261968
106,2,0.282432145867017,0.360031866447324,0.167230487107409,0.479650375790369,5,15,4,0.295272487038538,0.35236228650932,0.177933880158921,0.477757600616551,0.010703393051512,-0.00189277517381803,0.0108694627592065
106,3,0.282432145867017,0.360031866447324,0.167230487107409,0.479650375790369,5,16,3,0.305150583076755,0.393378079298522,0.171668334094974,0.49793042319949,0.004437846987565,0.018280047409121,0.0188110238733768
106,4,0.282432145867017,0.360031866447324,0.167230487107409,0.479650375790369,4,15,5,0.261614297242282,0.326874174841529,0.163527805259743,0.459719855472766,-0.00370268184766601,-0.019930520317603,0.0202715439223415
106,5,0.282432145867017,0.360031866447324,0.167230487107409,0.479650375790369,4,17,3,0.277062015085086,0.407806243395201,0.150996713131849,0.500065500638643,-0.01623377397556,0.020415124848274,0.026082805448421
106,6,0.282432145867017,0.360031866447324,0.167230487107409,0.479650375790369,5,14,5,0.286625287840111,0.316457418895417,0.184199426222868,0.457584778033612,0.016968939115459,-0.022065597756757,0.0278358671333794
107,1,0.292660738054527,0.403798521714047,0.161239793854768,0.50055869937969,4,17,3,0.277062015085086,0.407806243395201,0.150996713131849,0.500065500638643,-0.010243080722919,-0.00049319874104703,0.0102549474739954
107,2,0.292660738054527,0.403798521714047,0.161239793854768,0.50055869937969,5,16,3,0.305150583076755,0.393378079298522,0.171668334094974,0.49793042319949,0.010428540240206,-0.00262827618020001,0.0107546402646022
107,3,0.292660738054527,0.403798521714047,0.161239793854768,0.50055869937969,5,17,2,0.316542535499697,0.44067970080899,0.165402788031027,0.518103245782429,0.00416299417625901,0.0175445464027389,0.0180316840308782
107,4,0.292660738054527,0.403798521714047,0.161239793854768,0.50055869937969,4,16,4,0.268809532410641,0.364570698809096,0.157262259195796,0.479892678055704,-0.00397753465897199,-0.020666021323986,0.0210453134765621
107,5,0.292660738054527,0.403798521714047,0.161239793854768,0.50055869937969,4,18,2,0.286623246115032,0.457898445560423,0.144731167067902,0.520238323221582,-0.016508626786866,0.019679623841892,0.0256870074735535
107,6,0.292660738054527,0.403798521714047,0.161239793854768,0.50055869937969,5,15,4,0.295272487038538,0.35236228650932,0.177933880158921,0.477757600616551,0.016694086304153,-0.022801098763139,0.0282592042056553
108,1,0.304541223541289,0.454633387663183,0.155249100602127,0.521467022969012,4,18,2,0.286623246115032,0.457898445560423,0.144731167067902,0.520238323221582,-0.010517933534225,-0.00122869974743001,0.0105894583855695
108,2,0.304541223541289,0.454633387663183,0.155249100602127,0.521467022969012,5,17,2,0.316542535499697,0.44067970080899,0.165402788031027,0.518103245782429,0.0101536874289,-0.00336377718658309,0.0106963715981065
108,3,0.304541223541289,0.454633387663183,0.155249100602127,0.521467022969012,5,18,1,0.329825230446117,0.495832056232217,0.15913724196708,0.538276068365368,0.00388814136495302,0.016809045396356,0.017252873685581
108,4,0.304541223541289,0.454633387663183,0.155249100602127,0.521467022969012,4,17,3,0.277062015085086,0.407806243395201,0.150996713131849,0.500065500638643,-0.00425238747027798,-0.0214015223303691,0.0218198981953322
108,5,0.304541223541289,0.454633387663183,0.155249100602127,0.521467022969012,4,19,1,0.297831366682347,0.51661885923851,0.138465621003955,0.540411145804521,-0.016783479598172,0.0189441228355089,0.025309385164976
108,6,0.304541223541289,0.454633387663183,0.155249100602127,0.521467022969012,6,17,1,0.359569997117356,0.476506519003314,0.179808862930205,0.536140990926214,0.024559762328078,0.014673967957202,0.0286095659040935
109,1,0.318508918876425,0.514399120365879,0.149258407349486,0.542375346558334,5,18,1,0.329825230446117,0.495832056232217,0.15913724196708,0.538276068365368,0.00987883461759401,-0.00409927819296596,0.0106955811017962
109,2,0.318508918876425,0.514399120365879,0.149258407349486,0.542375346558334,4,19,1,0.297831366682347,0.51661885923851,0.138465621003955,0.540411145804521,-0.010792786345531,-0.00196420075381298,0.0109700647993328
109,3,0.318508918876425,0.514399120365879,0.149258407349486,0.542375346558334,5,19,0,0.34551198043926,0.56096651987435,0.152871695903133,0.558448890948307,0.00361328855364698,0.016073544389973,0.0164746679307459
109,4,0.318508918876425,0.514399120365879,0.149258407349486,0.542375346558334,4,18,2,0.286623246115032,0.457898445560423,0.144731167067902,0.520238323221582,-0.00452724028158399,-0.0221370233367519,0.0225952142450364
109,5,0.318508918876425,0.514399120365879,0.149258407349486,0.542375346558334,4,20,0,0.311151983017354,0.586406839920983,0.132200074940008,0.56058396838746,-0.017058332409478,0.0182086218291261,0.0249507637860723
109,6,0.318508918876425,0.514399120365879,0.149258407349486,0.542375346558334,6,18,0,0.377246312389302,0.537470256141791,0.173543316866257,0.556313813509153,0.024284909516771,0.013938466950819,0.0280006730486399
110,1,0.335166826685001,0.585675880173849,0.143267714096845,0.563283670147656,5,19,0,0.34551198043926,0.56096651987435,0.152871695903133,0.558448890948307,0.00960398180628799,-0.00483477919934905,0.010752281452881
110,2,0.335166826685001,0.585675880173849,0.143267714096845,0.563283670147656,4,20,0,0.311151983017354,0.586406839920983,0.132200074940008,0.56058396838746,-0.011067639156837,-0.00269970176019596,0.0113921475631225
110,3,0.335166826685001,0.585675880173849,0.143267714096845,0.563283670147656,4,19,1,0.297831366682347,0.51661885923851,0.138465621003955,0.540411145804521,-0.00480209309289001,-0.022872524343135,0.0233711888422495
110,4,0.335166826685001,0.585675880173849,0.143267714096845,0.563283670147656,5,18,1,0.329825230446117,0.495832056232217,0.15913724196708,0.538276068365368,0.015869527870235,-0.025007601782288,0.0296179347984572
110,5,0.335166826685001,0.585675880173849,0.143267714096845,0.563283670147656,6,18,0,0.377246312389302,0.537470256141791,0.173543316866257,0.556313813509153,0.030275602769412,-0.00696985663850302,0.031067523631801
110,6,0.335166826685001,0.585675880173849,0.143267714096845,0.563283670147656,3,21,0,0.273826390171991,0.614042902178396,0.111528453976883,0.562719045826614,-0.031739260119962,-0.000564624321041984,0.0317442819037779
111,1,0.229700638707013,0.0690615562755237,0.272695324428721,0.184473661458937,5,0,19,0.225993690799095,0.0647031323313547,0.271917071118127,0.175165261872467,-0.000778253310594001,-0.00930839958647001,0.00934087689014503
111,2,0.229700638707013,0.0690615562755237,0.272695324428721,0.184473661458937,5,1,18,0.228386470973348,0.0746384250676858,0.26565152505418,0.195338084455406,-0.00704379937454103,0.010864422996469,0.0129480035787371
111,3,0.229700638707013,0.0690615562755237,0.272695324428721,0.184473661458937,6,0,18,0.242493958977654,0.0727236771295185,0.286323146017305,0.193203007016253,0.013627821588584,0.008729345557316,0.016183911613368
111,4,0.229700638707013,0.0690615562755237,0.272695324428721,0.184473661458937,4,1,19,0.211908870717047,0.0664626999579637,0.251245450155003,0.177300339311621,-0.021449874273718,-0.007173322147316,0.0226175519671667
111,5,0.229700638707013,0.0690615562755237,0.272695324428721,0.184473661458937,6,1,17,0.245513034208352,0.083136147485131,0.280057599953358,0.213375829599192,0.00736227552463697,0.028902168140255,0.0298251307475464
111,6,0.229700638707013,0.0690615562755237,0.272695324428721,0.184473661458937,4,2,18,0.213846080875757,0.0766119289225899,0.244979904091056,0.19747316189456,-0.027715420337665,0.012999500435623,0.0306126042026682
112,1,0.232723936250835,0.0796508336826412,0.266704631176079,0.205381985048259,5,1,18,0.228386470973348,0.0746384250676858,0.26565152505418,0.195338084455406,-0.00105310612189902,-0.010043900592853,0.0100989589375883
112,2,0.232723936250835,0.0796508336826412,0.266704631176079,0.205381985048259,5,2,17,0.230949857888159,0.0852821104630987,0.259385978990233,0.215510907038345,-0.00731865218584599,0.010128921990086,0.0124963086749102
112,3,0.232723936250835,0.0796508336826412,0.266704631176079,0.205381985048259,6,1,17,0.245513034208352,0.083136147485131,0.280057599953358,0.213375829599192,0.013352968777279,0.00799384455093299,0.0155628829550141
112,4,0.232723936250835,0.0796508336826412,0.266704631176079,0.205381985048259,6,0,18,0.242493958977654,0.0727236771295185,0.286323146017305,0.193203007016253,0.019618514841226,-0.012178978032006,0.0230914189793414
112,5,0.232723936250835,0.0796508336826412,0.266704631176079,0.205381985048259,4,2,18,0.213846080875757,0.0766119289225899,0.244979904091056,0.19747316189456,-0.021724727085023,-0.00790882315369901,0.0231195426121543
112,6,0.232723936250835,0.0796508336826412,0.266704631176079,0.205381985048259,6,2,16,0.24875176461798,0.0943061852626489,0.273792053889411,0.233548652182131,0.00708742271333201,0.028166667133872,0.0290446672927717
113,1,0.235972516160163,0.0910291758207945,0.260713937923438,0.226290308637581,5,2,17,0.230949857888159,0.0852821104630987,0.259385978990233,0.215510907038345,-0.00132795893320498,-0.010779401599236,0.0108608919415438
113,2,0.235972516160163,0.0910291758207945,0.260713937923438,0.226290308637581,5,3,16,0.233702772639425,0.0967127526199886,0.253120432926286,0.235683729621284,-0.007593504997152,0.00939342098370299,0.0120788110308442
113,3,0.235972516160163,0.0910291758207945,0.260713937923438,0.226290308637581,6,2,16,0.24875176461798,0.0943061852626489,0.273792053889411,0.233548652182131,0.013078115965973,0.00725834354454999,0.0149572948165819
113,4,0.235972516160163,0.0910291758207945,0.260713937923438,0.226290308637581,6,1,17,0.245513034208352,0.083136147485131,0.280057599953358,0.213375829599192,0.01934366202992,-0.012914479038389,0.0232585689491155
113,5,0.235972516160163,0.0910291758207945,0.260713937923438,0.226290308637581,4,3,17,0.21592361133728,0.0874963093498685,0.238714358027108,0.217645984477499,-0.02199957989633,-0.00864432416008201,0.0236369595295077
113,6,0.235972516160163,0.0910291758207945,0.260713937923438,0.226290308637581,6,3,15,0.25223502694629,0.106319587699776,0.267526507825464,0.25372147476507,0.006812569902026,0.027431166127489,0.0282644650362233
114,1,0.239472533434715,0.103288192114333,0.254723244670797,0.247198632226903,5,3,16,0.233702772639425,0.0967127526199886,0.253120432926286,0.235683729621284,-0.00160281174451099,-0.011514902605619,0.0116259187811215
114,2,0.239472533434715,0.103288192114333,0.254723244670797,0.247198632226903,5,4,15,0.236667041646676,0.109020979114493,0.246854886862339,0.255856552204223,-0.00786835780845799,0.00865791997731999,0.0116991723183992
114,3,0.239472533434715,0.103288192114333,0.254723244670797,0.247198632226903,6,3,15,0.25223502694629,0.106319587699776,0.267526507825464,0.25372147476507,0.012803263154667,0.00652284253816701,0.0143690995607023
114,4,0.239472533434715,0.103288192114333,0.254723244670797,0.247198632226903,6,2,16,0.24875176461798,0.0943061852626489,0.273792053889411,0.233548652182131,0.019068809218614,-0.013649980044772,0.0234508302675742
114,5,0.239472533434715,0.103288192114333,0.254723244670797,0.247198632226903,4,4,16,0.218157281003605,0.0991987179775271,0.232448811963161,0.237818807060437,-0.022274432707636,-0.00937982516646599,0.0241688119815698
114,6,0.239472533434715,0.103288192114333,0.254723244670797,0.247198632226903,6,4,14,0.255991601816423,0.119275616114099,0.261260961761517,0.273894297348009,0.00653771709071999,0.026695665121106,0.0274845462217685
115,1,0.243254354817061,0.116534243864564,0.248732551418156,0.268106955816225,5,5,14,0.239867976552394,0.122311888852229,0.240589340798392,0.276029374787162,-0.008143210619764,0.00792241897093698,0.0113611883862957
115,2,0.243254354817061,0.116534243864564,0.248732551418156,0.268106955816225,5,4,15,0.236667041646676,0.109020979114493,0.246854886862339,0.255856552204223,-0.001877664555817,-0.012250403612002,0.0123934665385083
115,3,0.243254354817061,0.116534243864564,0.248732551418156,0.268106955816225,6,4,14,0.255991601816423,0.119275616114099,0.261260961761517,0.273894297348009,0.012528410343361,0.00578734153178401,0.0138005212849786
115,4,0.243254354817061,0.116534243864564,0.248732551418156,0.268106955816225,6,3,15,0.25223502694629,0.106319587699776,0.267526507825464,0.25372147476507,0.018793956407308,-0.014385481051155,0.0236675909740077
115,5,0.243254354817061,0.116534243864564,0.248732551418156,0.268106955816225,4,5,15,0.220565379393502,0.111814975340484,0.226183265899214,0.257991629643376,-0.022549285518942,-0.010115326172849,0.0247141680215598
115,6,0.243254354817061,0.116534243864564,0.248732551418156,0.268106955816225,6,5,13,0.26005497079638,0.133289744883567,0.25499541569757,0.294067119930948,0.006262864279414,0.025960164114723,0.0267049356832348
116,1,0.247353442125246,0.130891538174235,0.242741858165515,0.289015279405547,5,6,13,0.243335098793297,0.13670806063043,0.234323794734445,0.296202197370101,-0.00841806343106999,0.00718691796455401,0.0110686757003151
116,2,0.247353442125246,0.130891538174235,0.242741858165515,0.289015279405547,5,5,14,0.239867976552394,0.122311888852229,0.240589340798392,0.276029374787162,-0.00215251736712299,-0.012985904618385,0.0131630942324956
116,3,0.247353442125246,0.130891538174235,0.242741858165515,0.289015279405547,6,5,13,0.26005497079638,0.133289744883567,0.25499541569757,0.294067119930948,0.012253557532055,0.00505184052540097,0.0132540848377195
116,4,0.247353442125246,0.130891538174235,0.242741858165515,0.289015279405547,6,4,14,0.255991601816423,0.119275616114099,0.261260961761517,0.273894297348009,0.018519103596002,-0.015120982057538,0.0239081847153614
116,5,0.247353442125246,0.130891538174235,0.242741858165515,0.289015279405547,4,6,14,0.22316916857067,0.125456475420318,0.219917719835267,0.278164452226315,-0.022824138330248,-0.010850827179232,0.0252721534696166
116,6,0.247353442125246,0.130891538174235,0.242741858165515,0.289015279405547,6,6,12,0.264464317058898,0.148497112616324,0.248729869633623,0.314239942513886,0.00598801146810801,0.025224663108339,0.0259256612311314
117,1,0.251811467633542,0.146506034634171,0.236751164912874,0.309923602994869,5,7,12,0.247103052778232,0.152353344831695,0.228058248670498,0.31637501995304,-0.008692916242376,0.00645141695817103,0.0108253209451333
117,2,0.251811467633542,0.146506034634171,0.236751164912874,0.309923602994869,6,6,12,0.264464317058898,0.148497112616324,0.248729869633623,0.314239942513886,0.011978704720749,0.004316339519017,0.0127326412668512
117,3,0.251811467633542,0.146506034634171,0.236751164912874,0.309923602994869,5,6,13,0.243335098793297,0.13670806063043,0.234323794734445,0.296202197370101,-0.00242737017842901,-0.013721405624768,0.0139344572302814
117,4,0.251811467633542,0.146506034634171,0.236751164912874,0.309923602994869,6,5,13,0.26005497079638,0.133289744883567,0.25499541569757,0.294067119930948,0.018244250784696,-0.015856483063921,0.0241718998395098
117,5,0.251811467633542,0.146506034634171,0.236751164912874,0.309923602994869,6,7,11,0.269265793011822,0.165056894073457,0.242464323569676,0.334412765096825,0.005713158656802,0.024489162101956,0.0251467541104945
117,6,0.251811467633542,0.146506034634171,0.236751164912874,0.309923602994869,4,7,13,0.225993512619877,0.140253483530873,0.21365217377132,0.298337274809254,-0.023098991141554,-0.011586328185615,0.0258419502472698
118,1,0.256677735875449,0.163550425271897,0.230760471660233,0.330831926584191,5,8,11,0.2512127675471,0.169417686859804,0.221792702606551,0.336547842535979,-0.00896776905368199,0.005715915951788,0.0106344993755268
118,2,0.256677735875449,0.163550425271897,0.230760471660233,0.330831926584191,6,7,11,0.269265793011822,0.165056894073457,0.242464323569676,0.334412765096825,0.011703851909443,0.00358083851263397,0.0122393853592301
118,3,0.256677735875449,0.163550425271897,0.230760471660233,0.330831926584191,5,7,12,0.247103052778232,0.152353344831695,0.228058248670498,0.31637501995304,-0.00270222298973499,-0.014456906631151,0.0147072824963713
118,4,0.256677735875449,0.163550425271897,0.230760471660233,0.330831926584191,6,8,10,0.274514141863191,0.183157892775019,0.236198777505728,0.354585587679764,0.00543830584549501,0.023753661095573,0.0243682495455148
118,5,0.256677735875449,0.163550425271897,0.230760471660233,0.330831926584191,6,6,12,0.264464317058898,0.148497112616324,0.248729869633623,0.314239942513886,0.01796939797339,-0.016591984070305,0.0244579884478534
118,6,0.256677735875449,0.163550425271897,0.230760471660233,0.330831926584191,4,8,12,0.229067674157441,0.156359309312713,0.207386627707373,0.318510097392193,-0.02337384395286,-0.012321829191998,0.0264227942460563
119,1,0.262011014793543,0.182230548261651,0.224769778407592,0.351740250173513,5,9,10,0.255712949540188,0.188103325410802,0.215527156542604,0.356720665118918,-0.009242621864988,0.00498041494540497,0.0104990757673029
119,2,0.262011014793543,0.182230548261651,0.224769778407592,0.351740250173513,6,8,10,0.274514141863191,0.183157892775019,0.236198777505728,0.354585587679764,0.011428999098136,0.00284533750625099,0.0117778591394902
119,3,0.262011014793543,0.182230548261651,0.224769778407592,0.351740250173513,5,8,11,0.2512127675471,0.169417686859804,0.221792702606551,0.336547842535979,-0.00297707580104098,-0.015192407637534,0.0154813510440835
119,4,0.262011014793543,0.182230548261651,0.224769778407592,0.351740250173513,6,9,9,0.280274794040331,0.203025771327217,0.229933231441781,0.374758410262703,0.005163453034189,0.02301816008919,0.0235901873906897
119,5,0.262011014793543,0.182230548261651,0.224769778407592,0.351740250173513,6,7,11,0.269265793011822,0.165056894073457,0.242464323569676,0.334412765096825,0.017694545162084,-0.017327485076688,0.0247656751891782
119,6,0.262011014793543,0.182230548261651,0.224769778407592,0.351740250173513,4,9,11,0.232426331979355,0.173955638288781,0.201121081643426,0.338682919975132,-0.023648696764166,-0.013057330198381,0.0270139728761437
120,1,0.267881920662455,0.202793741257327,0.218779085154951,0.372648573762834,5,10,9,0.260662022076097,0.208652845565922,0.209261610478657,0.376893487701857,-0.00951747467629402,0.00424491393902299,0.0104212100335618
120,2,0.267881920662455,0.202793741257327,0.218779085154951,0.372648573762834,6,9,9,0.280274794040331,0.203025771327217,0.229933231441781,0.374758410262703,0.01115414628683,0.00210983649986901,0.0113519332910383
120,3,0.267881920662455,0.202793741257327,0.218779085154951,0.372648573762834,5,9,10,0.255712949540188,0.188103325410802,0.215527156542604,0.356720665118918,-0.00325192861234702,-0.015927908643916,0.0162564852741525
120,4,0.267881920662455,0.202793741257327,0.218779085154951,0.372648573762834,6,10,8,0.286626609017644,0.224932507695727,0.223667685377834,0.394931232845642,0.00488860022288298,0.022282659082808,0.02281261291347
120,5,0.267881920662455,0.202793741257327,0.218779085154951,0.372648573762834,6,8,10,0.274514141863191,0.183157892775019,0.236198777505728,0.354585587679764,0.017419692350777,-0.01806298608307,0.025094165613403
120,6,0.267881920662455,0.202793741257327,0.218779085154951,0.372648573762834,4,10,10,0.236110894949844,0.193259415452011,0.194855535579479,0.358855742558071,-0.023923549575472,-0.013792831204763,0.0276148224135726
121,1,0.274376062538516,0.225539855012254,0.21278839190231,0.393556897352156,5,11,8,0.266130675681121,0.231359768259505,0.202996064414709,0.397066310284795,-0.009792327487601,0.00350941293263901,0.0104021948047612
121,2,0.274376062538516,0.225539855012254,0.21278839190231,0.393556897352156,6,10,8,0.286626609017644,0.224932507695727,0.223667685377834,0.394931232845642,0.010879293475524,0.00137433549348603,0.0109657569084507
121,3,0.274376062538516,0.225539855012254,0.21278839190231,0.393556897352156,5,10,9,0.260662022076097,0.208652845565922,0.209261610478657,0.376893487701857,-0.00352678142365301,-0.016663409650299,0.0170325396927147
121,4,0.274376062538516,0.225539855012254,0.21278839190231,0.393556897352156,6,11,7,0.293665506904101,0.249208920165897,0.217402139313887,0.415104055428581,0.004613747411577,0.021547158076425,0.0220355777402881
121,5,0.274376062538516,0.225539855012254,0.21278839190231,0.393556897352156,6,9,9,0.280274794040331,0.203025771327217,0.229933231441781,0.374758410262703,0.017144839539471,-0.018798487089453,0.0254426539434576
121,6,0.274376062538516,0.225539855012254,0.21278839190231,0.393556897352156,4,11,9,0.240171217869792,0.214531834863811,0.188589989515532,0.37902856514101,-0.024198402386778,-0.014528332211146,0.028224725240644
122,1,0.281598244255421,0.25083597111607,0.206797698649669,0.414465220941478,5,12,7,0.272205266162175,0.256582659744484,0.196730518350762,0.417239132867734,-0.010067180298907,0.00277391192625603,0.010442351581197
122,2,0.281598244255421,0.25083597111607,0.206797698649669,0.414465220941478,6,11,7,0.293665506904101,0.249208920165897,0.217402139313887,0.415104055428581,0.010604440664218,0.000638834487103002,0.0106236656245776
122,3,0.281598244255421,0.25083597111607,0.206797698649669,0.414465220941478,5,11,8,0.266130675681121,0.231359768259505,0.202996064414709,0.397066310284795,-0.00380163423495999,-0.017398910656683,0.0178093940069744
122,4,0.281598244255421,0.25083597111607,0.206797698649669,0.414465220941478,6,12,6,0.301509345913607,0.276261489220889,0.21113659324994,0.43527687801152,0.00433889460027101,0.020811657070042,0.0212591410069478
122,5,0.281598244255421,0.25083597111607,0.206797698649669,0.414465220941478,6,10,8,0.286626609017644,0.224932507695727,0.223667685377834,0.394931232845642,0.016869986728165,-0.019533988095836,0.0258103301632646
122,6,0.281598244255421,0.25083597111607,0.206797698649669,0.414465220941478,5,13,6,0.278992408465541,0.284764206195206,0.190464972286815,0.437411955450673,-0.016332726362854,0.022946734509195,0.0281657695630591
123,1,0.289678163561527,0.279136363558187,0.200807005397027,0.4353735445308,6,12,6,0.301509345913607,0.276261489220889,0.21113659324994,0.43527687801152,0.010329587852913,-9.66665192800309e-05,0.0103300401561174
123,2,0.289678163561527,0.279136363558187,0.200807005397027,0.4353735445308,5,13,6,0.278992408465541,0.284764206195206,0.190464972286815,0.437411955450673,-0.010342033110212,0.002038410919873,0.0105410041234685
123,3,0.289678163561527,0.279136363558187,0.200807005397027,0.4353735445308,5,12,7,0.272205266162175,0.256582659744484,0.196730518350762,0.417239132867734,-0.00407648704626501,-0.018134411663066,0.0185869479206219
123,4,0.289678163561527,0.279136363558187,0.200807005397027,0.4353735445308,6,13,5,0.310304574620039,0.306595300463933,0.204871047185993,0.455449700594459,0.00406404178896599,0.020076156063659,0.0204833707664255
123,5,0.289678163561527,0.279136363558187,0.200807005397027,0.4353735445308,6,11,7,0.293665506904101,0.249208920165897,0.217402139313887,0.415104055428581,0.01659513391686,-0.020269489102219,0.0261963863573489
123,6,0.289678163561527,0.279136363558187,0.200807005397027,0.4353735445308,5,14,5,0.286625287840111,0.316457418895417,0.184199426222868,0.457584778033612,-0.016607579174159,0.022211233502812,0.0277335641370235
124,1,0.298778270011344,0.311010021454778,0.194816312144386,0.456281868120122,6,13,5,0.310304574620039,0.306595300463933,0.204871047185993,0.455449700594459,0.010054735041607,-0.000832167525663008,0.0100891129217433
124,2,0.298778270011344,0.311010021454778,0.194816312144386,0.456281868120122,5,14,5,0.286625287840111,0.316457418895417,0.184199426222868,0.457584778033612,-0.010616885921518,0.00130290991349002,0.0106965340607693
124,3,0.298778270011344,0.311010021454778,0.194816312144386,0.456281868120122,5,13,6,0.278992408465541,0.284764206195206,0.190464972286815,0.437411955450673,-0.004351339857571,-0.018869912669449,0.0193651171622771
124,4,0.298778270011344,0.311010021454778,0.194816312144386,0.456281868120122,6,14,4,0.320235461070201,0.340845874850363,0.198605501122046,0.475622523177398,0.00378918897766001,0.019340655057276,0.0197083457233974
124,5,0.298778270011344,0.311010021454778,0.194816312144386,0.456281868120122,6,12,6,0.301509345913607,0.276261489220889,0.21113659324994,0.43527687801152,0.016320281105554,-0.021004990108602,0.0266000222711706
124,6,0.298778270011344,0.311010021454778,0.194816312144386,0.456281868120122,5,15,4,0.295272487038538,0.35236228650932,0.177933880158921,0.477757600616551,-0.016882431985465,0.021475732496429,0.0273170934764668
125,1,0.309104799886539,0.347179299508389,0.188825618891745,0.477190191709444,6,14,4,0.320235461070201,0.340845874850363,0.198605501122046,0.475622523177398,0.00977988223030099,-0.00156766853204598,0.00990473023685776
125,2,0.309104799886539,0.347179299508389,0.188825618891745,0.477190191709444,5,15,4,0.295272487038538,0.35236228650932,0.177933880158921,0.477757600616551,-0.010891738732824,0.000567408907106992,0.0109065084005819
125,3,0.309104799886539,0.347179299508389,0.188825618891745,0.477190191709444,6,15,3,0.331537143680268,0.379824179845643,0.192339955058099,0.495795345760337,0.00351433616635399,0.018605154050893,0.0189341573867866
125,4,0.309104799886539,0.347179299508389,0.188825618891745,0.477190191709444,5,14,5,0.286625287840111,0.316457418895417,0.184199426222868,0.457584778033612,-0.00462619266887701,-0.019605413675832,0.0201438304205052
125,5,0.309104799886539,0.347179299508389,0.188825618891745,0.477190191709444,5,16,3,0.305150583076755,0.393378079298522,0.171668334094974,0.49793042319949,-0.017157284796771,0.020740231490046,0.0269170879527895
125,6,0.309104799886539,0.347179299508389,0.188825618891745,0.477190191709444,6,13,5,0.310304574620039,0.306595300463933,0.204871047185993,0.455449700594459,0.016045428294248,-0.021740491114985,0.0270204500900077
126,1,0.320923595017058,0.388575324359023,0.182834925639104,0.498098515298766,6,15,3,0.331537143680268,0.379824179845643,0.192339955058099,0.495795345760337,0.009505029418995,-0.00230316953842896,0.00978009070401229
126,2,0.320923595017058,0.388575324359023,0.182834925639104,0.498098515298766,5,16,3,0.305150583076755,0.393378079298522,0.171668334094974,0.49793042319949,-0.01116659154413,-0.000168092099275985,0.0111678566281661
126,3,0.320923595017058,0.388575324359023,0.182834925639104,0.498098515298766,6,16,2,0.344514487164265,0.424581661523389,0.186074408994152,0.515968168343276,0.00323948335504801,0.01786965304451,0.0181609127617198
126,4,0.320923595017058,0.388575324359023,0.182834925639104,0.498098515298766,5,15,4,0.295272487038538,0.35236228650932,0.177933880158921,0.477757600616551,-0.004901045480183,-0.020340914682215,0.0209230269537649
126,5,0.320923595017058,0.388575324359023,0.182834925639104,0.498098515298766,5,17,2,0.316542535499697,0.44067970080899,0.165402788031027,0.518103245782429,-0.017432137608077,0.020004730483663,0.0265342922142447
126,6,0.320923595017058,0.388575324359023,0.182834925639104,0.498098515298766,6,14,4,0.320235461070201,0.340845874850363,0.198605501122046,0.475622523177398,0.015770575482942,-0.022475992121368,0.0274568984574545
127,1,0.334583313532836,0.436419291606725,0.176844232386463,0.519006838888088,6,16,2,0.344514487164265,0.424581661523389,0.186074408994152,0.515968168343276,0.00923017660768902,-0.00303867054481199,0.00971749344682247
127,2,0.334583313532836,0.436419291606725,0.176844232386463,0.519006838888088,5,17,2,0.316542535499697,0.44067970080899,0.165402788031027,0.518103245782429,-0.011441444355436,-0.000903593105659017,0.0114770697235458
127,3,0.334583313532836,0.436419291606725,0.176844232386463,0.519006838888088,6,17,1,0.359569997117356,0.476506519003314,0.179808862930205,0.536140990926214,0.00296463054374202,0.0171341520381261,0.0173887377439108
127,4,0.334583313532836,0.436419291606725,0.176844232386463,0.519006838888088,5,16,3,0.305150583076755,0.393378079298522,0.171668334094974,0.49793042319949,-0.00517589829148898,-0.021076415688598,0.0217026547086392
127,5,0.334583313532836,0.436419291606725,0.176844232386463,0.519006838888088,5,18,1,0.329825230446117,0.495832056232217,0.15913724196708,0.538276068365368,-0.017706990419383,0.01926922947728,0.0261694614839549
127,6,0.334583313532836,0.436419291606725,0.176844232386463,0.519006838888088,6,15,3,0.331537143680268,0.379824179845643,0.192339955058099,0.495795345760337,0.015495722671636,-0.0232114931277509,0.0279086157724794
128,1,0.350550402748462,0.492344960396395,0.170853539133822,0.53991516247741,6,17,1,0.359569997117356,0.476506519003314,0.179808862930205,0.536140990926214,0.008955323796383,-0.00377417155119597,0.00971813743450465
128,2,0.350550402748462,0.492344960396395,0.170853539133822,0.53991516247741,5,18,1,0.329825230446117,0.495832056232217,0.15913724196708,0.538276068365368,-0.011716297166742,-0.00163909411204199,0.0118303951247428
128,3,0.350550402748462,0.492344960396395,0.170853539133822,0.53991516247741,6,18,0,0.377246312389302,0.537470256141791,0.173543316866257,0.556313813509153,0.00268977773243501,0.016398651031743,0.0166177814376886
128,4,0.350550402748462,0.492344960396395,0.170853539133822,0.53991516247741,5,17,2,0.316542535499697,0.44067970080899,0.165402788031027,0.518103245782429,-0.005450751102795,-0.0218119166949811,0.022482668824973
128,5,0.350550402748462,0.492344960396395,0.170853539133822,0.53991516247741,5,19,0,0.34551198043926,0.56096651987435,0.152871695903133,0.558448890948307,-0.017981843230689,0.018533728470897,0.0258233571985908
128,6,0.350550402748462,0.492344960396395,0.170853539133822,0.53991516247741,7,17,0,0.406644868363474,0.515703413039092,0.194214937829382,0.55417873607,0.02336139869556,0.01426357359259,0.0273715998919344
129,1,0.369463429603099,0.55858894897807,0.164862845881181,0.560823486066732,6,18,0,0.377246312389302,0.537470256141791,0.173543316866257,0.556313813509153,0.00868047098507602,-0.00450967255757906,0.00978201017681582
129,2,0.369463429603099,0.55858894897807,0.164862845881181,0.560823486066732,5,19,0,0.34551198043926,0.56096651987435,0.152871695903133,0.558448890948307,-0.011991149978048,-0.00237459511842508,0.0122240083349321
129,3,0.369463429603099,0.55858894897807,0.164862845881181,0.560823486066732,5,18,1,0.329825230446117,0.495832056232217,0.15913724196708,0.538276068365368,-0.00572560391410099,-0.022547417701364,0.0232630304384651
129,4,0.369463429603099,0.55858894897807,0.164862845881181,0.560823486066732,6,17,1,0.359569997117356,0.476506519003314,0.179808862930205,0.536140990926214,0.014946017049024,-0.024682495140518,0.0288549647719662
129,5,0.369463429603099,0.55858894897807,0.164862845881181,0.560823486066732,7,17,0,0.406644868363474,0.515703413039092,0.194214937829382,0.55417873607,0.029352091948201,-0.00664474999673204,0.0300948169001693
129,6,0.369463429603099,0.55858894897807,0.164862845881181,0.560823486066732,4,20,0,0.311151983017354,0.586406839920983,0.132200074940008,0.56058396838746,-0.032662770941173,-0.000239517679271994,0.0326636491267314
130,1,0.247513645883728,0.0774285367593641,0.288299762960416,0.202921800967335,6,0,18,0.242493958977654,0.0727236771295185,0.286323146017305,0.193203007016253,-0.00197661694311096,-0.00971879395108199,0.00991776035218543
130,2,0.247513645883728,0.0774285367593641,0.288299762960416,0.202921800967335,6,1,17,0.245513034208352,0.083136147485131,0.280057599953358,0.213375829599192,-0.00824216300705799,0.010454028631857,0.0133123989449911
130,3,0.247513645883728,0.0774285367593641,0.288299762960416,0.202921800967335,7,0,17,0.259634221413374,0.081055313999313,0.300729220916483,0.211240752160038,0.012429457956067,0.00831895119270298,0.0149564826756899
130,4,0.247513645883728,0.0774285367593641,0.288299762960416,0.202921800967335,5,1,18,0.228386470973348,0.0746384250676858,0.26565152505418,0.195338084455406,-0.022648237906236,-0.00758371651192899,0.0238842089337447
130,5,0.247513645883728,0.0774285367593641,0.288299762960416,0.202921800967335,7,1,16,0.263327669242512,0.0919752719148924,0.294463674852536,0.231413574742977,0.00616391189212001,0.028491773775642,0.0291509002038733
130,6,0.247513645883728,0.0774285367593641,0.288299762960416,0.202921800967335,5,2,17,0.230949857888159,0.0852821104630987,0.259385978990233,0.215510907038345,-0.028913783970183,0.01258910607101,0.031535575072314
131,1,0.251249782993224,0.0885353855150769,0.282309069707775,0.223830124556656,6,1,17,0.245513034208352,0.083136147485131,0.280057599953358,0.213375829599192,-0.00225146975441698,-0.010454294957464,0.0106939889242841
131,2,0.251249782993224,0.0885353855150769,0.282309069707775,0.223830124556656,6,2,16,0.24875176461798,0.0943061852626489,0.273792053889411,0.233548652182131,-0.00851701581836395,0.00971852762547501,0.0129224354383136
131,3,0.251249782993224,0.0885353855150769,0.282309069707775,0.223830124556656,7,1,16,0.263327669242512,0.0919752719148924,0.294463674852536,0.231413574742977,0.012154605144761,0.00758345018632101,0.0143263094673214
131,4,0.251249782993224,0.0885353855150769,0.282309069707775,0.223830124556656,7,0,17,0.259634221413374,0.081055313999313,0.300729220916483,0.211240752160038,0.018420151208708,-0.012589372396618,0.0223113035901625
131,5,0.251249782993224,0.0885353855150769,0.282309069707775,0.223830124556656,5,2,17,0.230949857888159,0.0852821104630987,0.259385978990233,0.215510907038345,-0.0229230907175419,-0.008319217518311,0.024386009680996
131,6,0.251249782993224,0.0885353855150769,0.282309069707775,0.223830124556656,7,2,15,0.267295435217021,0.103706272179386,0.288198128788589,0.251586397325916,0.00588905908081405,0.02775627276926,0.0283741377824751
132,1,0.255270079539521,0.100486988035053,0.276318376455134,0.244738448145978,6,2,16,0.24875176461798,0.0943061852626489,0.273792053889411,0.233548652182131,-0.00252632256572299,-0.011189795963847,0.0114714358045803
132,2,0.255270079539521,0.100486988035053,0.276318376455134,0.244738448145978,6,3,15,0.25223502694629,0.106319587699776,0.267526507825464,0.25372147476507,-0.00879186862967002,0.008983026619092,0.0125694757742991
132,3,0.255270079539521,0.100486988035053,0.276318376455134,0.244738448145978,7,2,15,0.267295435217021,0.103706272179386,0.288198128788589,0.251586397325916,0.011879752333455,0.00684794917993797,0.013712145108452
132,4,0.255270079539521,0.100486988035053,0.276318376455134,0.244738448145978,7,1,16,0.263327669242512,0.0919752719148924,0.294463674852536,0.231413574742977,0.018145298397402,-0.013324873403001,0.022512310079971
132,5,0.255270079539521,0.100486988035053,0.276318376455134,0.244738448145978,5,3,16,0.233702772639425,0.0967127526199886,0.253120432926286,0.235683729621284,-0.023197943528848,-0.009054718524694,0.0249024599493516
132,6,0.255270079539521,0.100486988035053,0.276318376455134,0.244738448145978,7,3,14,0.271569259073196,0.116342155724257,0.281932582724642,0.271759219908855,0.00561420626950798,0.027020771762877,0.0275978517044003
133,1,0.259608235562741,0.113383528342988,0.270327683202493,0.2656467717353,6,3,15,0.25223502694629,0.106319587699776,0.267526507825464,0.25372147476507,-0.00280117537702901,-0.01192529697023,0.0122498690328121
133,2,0.259608235562741,0.113383528342988,0.270327683202493,0.2656467717353,6,4,14,0.255991601816423,0.119275616114099,0.261260961761517,0.273894297348009,-0.00906672144097603,0.00824752561270903,0.0122567171959112
133,3,0.259608235562741,0.113383528342988,0.270327683202493,0.2656467717353,7,3,14,0.271569259073196,0.116342155724257,0.281932582724642,0.271759219908855,0.011604899522149,0.006112448173555,0.0131162386221649
133,4,0.259608235562741,0.113383528342988,0.270327683202493,0.2656467717353,7,2,15,0.267295435217021,0.103706272179386,0.288198128788589,0.251586397325916,0.017870445586096,-0.014060374409384,0.0227386664951505
133,5,0.259608235562741,0.113383528342988,0.270327683202493,0.2656467717353,5,4,15,0.236667041646676,0.109020979114493,0.246854886862339,0.255856552204223,-0.023472796340154,-0.009790219531077,0.0254326673098405
133,6,0.259608235562741,0.113383528342988,0.270327683202493,0.2656467717353,7,4,13,0.276185973530871,0.12999182127208,0.275667036660695,0.291932042491794,0.00533935345820197,0.026285270756494,0.0268220833287389
134,1,0.264303499333807,0.127341684332729,0.264336989949851,0.286555095324622,6,5,13,0.26005497079638,0.133289744883567,0.25499541569757,0.294067119930948,-0.00934157425228099,0.007512024606326,0.0119873067532672
134,2,0.264303499333807,0.127341684332729,0.264336989949851,0.286555095324622,7,4,13,0.276185973530871,0.12999182127208,0.275667036660695,0.291932042491794,0.011330046710844,0.00537694716717202,0.0125411928981443
134,3,0.264303499333807,0.127341684332729,0.264336989949851,0.286555095324622,6,4,14,0.255991601816423,0.119275616114099,0.261260961761517,0.273894297348009,-0.00307602818833402,-0.012660797976613,0.0130291118200755
134,4,0.264303499333807,0.127341684332729,0.264336989949851,0.286555095324622,7,3,14,0.271569259073196,0.116342155724257,0.281932582724642,0.271759219908855,0.017595592774791,-0.014795875415767,0.0229896240598922
134,5,0.264303499333807,0.127341684332729,0.264336989949851,0.286555095324622,5,5,14,0.239867976552394,0.122311888852229,0.240589340798392,0.276029374787162,-0.023747649151459,-0.01052572053746,0.0259757893634341
134,6,0.264303499333807,0.127341684332729,0.264336989949851,0.286555095324622,7,5,12,0.281188568515161,0.144782371788639,0.269401490596747,0.312104865074733,0.00506450064689601,0.025549769750111,0.0260468789125703
135,1,0.269401858163161,0.142498167823677,0.25834629669721,0.307463418913944,6,6,12,0.264464317058898,0.148497112616324,0.248729869633623,0.314239942513886,-0.00961642706358698,0.00677652359994196,0.0117642229479834
135,2,0.269401858163161,0.142498167823677,0.25834629669721,0.307463418913944,7,5,12,0.281188568515161,0.144782371788639,0.269401490596747,0.312104865074733,0.011055193899537,0.00464144616078899,0.011990009783977
135,3,0.269401858163161,0.142498167823677,0.25834629669721,0.307463418913944,6,5,13,0.26005497079638,0.133289744883567,0.25499541569757,0.294067119930948,-0.00335088099963998,-0.013396298982996,0.0138090271169105
135,4,0.269401858163161,0.142498167823677,0.25834629669721,0.307463418913944,7,4,13,0.276185973530871,0.12999182127208,0.275667036660695,0.291932042491794,0.017320739963485,-0.01553137642215,0.0232643866553405
135,5,0.269401858163161,0.142498167823677,0.25834629669721,0.307463418913944,7,6,11,0.286627533870578,0.160863084318785,0.2631359445328,0.332277687657672,0.00478964783558999,0.024814268743728,0.0252722903527743
135,6,0.269401858163161,0.142498167823677,0.25834629669721,0.307463418913944,5,6,13,0.243335098793297,0.13670806063043,0.234323794734445,0.296202197370101,-0.024022501962765,-0.011261221543843,0.0265310329842349
136,1,0.27495754966304,0.159014217265682,0.252355603444569,0.328371742503266,7,6,11,0.286627533870578,0.160863084318785,0.2631359445328,0.332277687657672,0.010780341088231,0.00390594515440601,0.0114661310618634
136,2,0.27495754966304,0.159014217265682,0.252355603444569,0.328371742503266,6,7,11,0.269265793011822,0.165056894073457,0.242464323569676,0.334412765096825,-0.00989127987489297,0.00604102259355899,0.0115901411354372
136,3,0.27495754966304,0.159014217265682,0.252355603444569,0.328371742503266,6,6,12,0.264464317058898,0.148497112616324,0.248729869633623,0.314239942513886,-0.00362573381094597,-0.01413179998938,0.0145895070721282
136,4,0.27495754966304,0.159014217265682,0.252355603444569,0.328371742503266,7,5,12,0.281188568515161,0.144782371788639,0.269401490596747,0.312104865074733,0.017045887152178,-0.016266877428533,0.0235621215105878
136,5,0.27495754966304,0.159014217265682,0.252355603444569,0.328371742503266,7,7,10,0.292562569468834,0.178410466049517,0.256870398468853,0.352450510240611,0.00451479502428404,0.024078767737345,0.0244983760657785
136,6,0.27495754966304,0.159014217265682,0.252355603444569,0.328371742503266,5,7,12,0.247103052778232,0.152353344831695,0.228058248670498,0.31637501995304,-0.024297354774071,-0.011996722550226,0.0270976530526939
137,1,0.281034998796142,0.177081356228632,0.246364910191928,0.349280066092588,7,7,10,0.292562569468834,0.178410466049517,0.256870398468853,0.352450510240611,0.010505488276925,0.00317044414802303,0.0109734680038875
137,2,0.281034998796142,0.177081356228632,0.246364910191928,0.349280066092588,6,8,10,0.274514141863191,0.183157892775019,0.236198777505728,0.354585587679764,-0.0101661326862,0.00530552158717601,0.0114672931899997
137,3,0.281034998796142,0.177081356228632,0.246364910191928,0.349280066092588,6,7,11,0.269265793011822,0.165056894073457,0.242464323569676,0.334412765096825,-0.00390058662225198,-0.014867300995763,0.0153704656694684
137,4,0.281034998796142,0.177081356228632,0.246364910191928,0.349280066092588,7,8,9,0.299064785595003,0.19763475991814,0.250604852404906,0.37262333282355,0.00423994221297799,0.023343266730962,0.0237252020358569
137,5,0.281034998796142,0.177081356228632,0.246364910191928,0.349280066092588,7,6,11,0.286627533870578,0.160863084318785,0.2631359445328,0.332277687657672,0.016771034340872,-0.017002378434916,0.0238819694603859
137,6,0.281034998796142,0.177081356228632,0.246364910191928,0.349280066092588,5,8,11,0.2512127675471,0.169417686859804,0.221792702606551,0.336547842535979,-0.024572207585377,-0.012732223556609,0.0276749508096099
138,1,0.287711327562087,0.196928854238888,0.240374216939287,0.37018838968191,7,8,9,0.299064785595003,0.19763475991814,0.250604852404906,0.37262333282355,0.010230635465619,0.00243494314164,0.0105164086138472
138,2,0.287711327562087,0.196928854238888,0.240374216939287,0.37018838968191,6,9,9,0.280274794040331,0.203025771327217,0.229933231441781,0.374758410262703,-0.010440985497506,0.00457002058079303,0.0113973359285406
138,3,0.287711327562087,0.196928854238888,0.240374216939287,0.37018838968191,6,8,10,0.274514141863191,0.183157892775019,0.236198777505728,0.354585587679764,-0.004175439433559,-0.015602802002146,0.0161518334804904
138,4,0.287711327562087,0.196928854238888,0.240374216939287,0.37018838968191,7,9,8,0.306219565827679,0.218788408934021,0.244339306340959,0.392796155406489,0.00396508940167198,0.022607765724579,0.0229528430705371
138,5,0.287711327562087,0.196928854238888,0.240374216939287,0.37018838968191,7,7,10,0.292562569468834,0.178410466049517,0.256870398468853,0.352450510240611,0.016496181529566,-0.017737879441299,0.0242230545582189
138,6,0.287711327562087,0.196928854238888,0.240374216939287,0.37018838968191,5,9,10,0.255712949540188,0.188103325410802,0.215527156542604,0.356720665118918,-0.024847060396683,-0.013467724562992,0.0282622719408938
139,1,0.295079645056493,0.218833507520063,0.234383523686646,0.391096713271232,7,9,8,0.306219565827679,0.218788408934021,0.244339306340959,0.392796155406489,0.00995578265431299,0.00169944213525697,0.0100997877121752
139,2,0.295079645056493,0.218833507520063,0.234383523686646,0.391096713271232,6,10,8,0.286626609017644,0.224932507695727,0.223667685377834,0.394931232845642,-0.010715838308812,0.00383451957441,0.0113812447046506
139,3,0.295079645056493,0.218833507520063,0.234383523686646,0.391096713271232,6,9,9,0.280274794040331,0.203025771327217,0.229933231441781,0.374758410262703,-0.00445029224486501,-0.016338303008529,0.0169335538580421
139,4,0.295079645056493,0.218833507520063,0.234383523686646,0.391096713271232,7,10,7,0.314130337415616,0.242177203582355,0.238073760277012,0.412968977989428,0.00369023659036599,0.021872264718196,0.0221813843119792
139,5,0.295079645056493,0.218833507520063,0.234383523686646,0.391096713271232,7,8,9,0.299064785595003,0.19763475991814,0.250604852404906,0.37262333282355,0.01622132871826,-0.018473380447682,0.0245844928878073
139,6,0.295079645056493,0.218833507520063,0.234383523686646,0.391096713271232,5,10,9,0.260662022076097,0.208652845565922,0.209261610478657,0.376893487701857,-0.025121913207989,-0.014203225569375,0.0288590044839437
140,1,0.303253416470123,0.243132627224263,0.228392830434005,0.412005036860554,7,10,7,0.314130337415616,0.242177203582355,0.238073760277012,0.412968977989428,0.009680929843007,0.000963941128873991,0.00972880183399572
140,2,0.303253416470123,0.243132627224263,0.228392830434005,0.412005036860554,6,11,7,0.293665506904101,0.249208920165897,0.217402139313887,0.415104055428581,-0.010990691120118,0.00309901856802697,0.0114192472336322
140,3,0.303253416470123,0.243132627224263,0.228392830434005,0.412005036860554,6,10,8,0.286626609017644,0.224932507695727,0.223667685377834,0.394931232845642,-0.004725145056171,-0.017073804014912,0.0177155801299727
140,4,0.303253416470123,0.243132627224263,0.228392830434005,0.412005036860554,7,11,6,0.322923603479413,0.268175159909136,0.231808214213065,0.433141800572367,0.00341538377906001,0.021136763711813,0.0214109230666798
140,5,0.303253416470123,0.243132627224263,0.228392830434005,0.412005036860554,7,9,8,0.306219565827679,0.218788408934021,0.244339306340959,0.392796155406489,0.015946475906954,-0.019208881454065,0.0249654004687966
140,6,0.303253416470123,0.243132627224263,0.228392830434005,0.412005036860554,6,12,6,0.301509345913607,0.276261489220889,0.21113659324994,0.43527687801152,-0.017256237184065,0.023271841150966,0.028971646696529
141,1,0.312372347692824,0.270241533277754,0.222402137181364,0.432913360449876,7,11,6,0.322923603479413,0.268175159909136,0.231808214213065,0.433141800572367,0.00940607703170099,0.000228440122491014,0.00940885062140199
141,2,0.312372347692824,0.270241533277754,0.222402137181364,0.432913360449876,6,12,6,0.301509345913607,0.276261489220889,0.21113659324994,0.43527687801152,-0.011265543931424,0.00236351756164399,0.0115108077620575
141,3,0.312372347692824,0.270241533277754,0.222402137181364,0.432913360449876,6,11,7,0.293665506904101,0.249208920165897,0.217402139313887,0.415104055428581,-0.00499999786747701,-0.017809305021295,0.0184978734998458
141,4,0.312372347692824,0.270241533277754,0.222402137181364,0.432913360449876,7,12,5,0.332755758816806,0.297244670965107,0.225542668149118,0.453314623155305,0.00314053096775399,0.020401262705429,0.0206415710336048
141,5,0.312372347692824,0.270241533277754,0.222402137181364,0.432913360449876,7,10,7,0.314130337415616,0.242177203582355,0.238073760277012,0.412968977989428,0.015671623095648,-0.019944382460448,0.0253649002004871
141,6,0.312372347692824,0.270241533277754,0.222402137181364,0.432913360449876,6,13,5,0.310304574620039,0.306595300463933,0.204871047185993,0.455449700594459,-0.017531089995371,0.022536340144583,0.0285521582991223
142,1,0.322610436552784,0.300677489235069,0.216411443928723,0.453821684039197,7,12,5,0.332755758816806,0.297244670965107,0.225542668149118,0.453314623155305,0.009131224220395,-0.000507060883891963,0.00914529204033975
142,2,0.322610436552784,0.300677489235069,0.216411443928723,0.453821684039197,6,13,5,0.310304574620039,0.306595300463933,0.204871047185993,0.455449700594459,-0.01154039674273,0.00162801655526201,0.0116546640828391
142,3,0.322610436552784,0.300677489235069,0.216411443928723,0.453821684039197,6,12,6,0.301509345913607,0.276261489220889,0.21113659324994,0.43527687801152,-0.005274850678783,-0.018544806027677,0.0192804014555616
142,4,0.322610436552784,0.300677489235069,0.216411443928723,0.453821684039197,7,13,4,0.343822473155314,0.329964249102068,0.219277122085171,0.473487445738244,0.002865678156448,0.019665761699047,0.0198734570344479
142,5,0.322610436552784,0.300677489235069,0.216411443928723,0.453821684039197,7,11,6,0.322923603479413,0.268175159909136,0.231808214213065,0.433141800572367,0.015396770284342,-0.02067988346683,0.0257821278289916
142,6,0.322610436552784,0.300677489235069,0.216411443928723,0.453821684039197,6,14,4,0.320235461070201,0.340845874850363,0.198605501122046,0.475622523177398,-0.017805942806677,0.021800839138201,0.0281483247523608
143,1,0.334187182217328,0.335093025766808,0.210420750676082,0.474730007628519,7,13,4,0.343822473155314,0.329964249102068,0.219277122085171,0.473487445738244,0.00885637140908899,-0.00124256189027505,0.00894311324913717
143,2,0.334187182217328,0.335093025766808,0.210420750676082,0.474730007628519,6,14,4,0.320235461070201,0.340845874850363,0.198605501122046,0.475622523177398,-0.011815249554036,0.00089251554887898,0.0118489115968151
143,3,0.334187182217328,0.335093025766808,0.210420750676082,0.474730007628519,7,14,3,0.356371845756539,0.36706741855561,0.213011576021224,0.493660268321183,0.00259082534514199,0.018930260692664,0.019106730381236
143,4,0.334187182217328,0.335093025766808,0.210420750676082,0.474730007628519,6,13,5,0.310304574620039,0.306595300463933,0.204871047185993,0.455449700594459,-0.00554970349008901,-0.01928030703406,0.020063136548295
143,5,0.334187182217328,0.335093025766808,0.210420750676082,0.474730007628519,7,12,5,0.332755758816806,0.297244670965107,0.225542668149118,0.453314623155305,0.015121917473036,-0.021415384473214,0.0262162369572158
143,6,0.334187182217328,0.335093025766808,0.210420750676082,0.474730007628519,6,15,3,0.331537143680268,0.379824179845643,0.192339955058099,0.495795345760337,-0.018080795617983,0.021065338131818,0.0277608292525115
144,1,0.347383499134319,0.374323249881695,0.204430057423441,0.495638331217841,7,14,3,0.356371845756539,0.36706741855561,0.213011576021224,0.493660268321183,0.008581518597783,-0.00197806289665803,0.00880654269661089
144,2,0.347383499134319,0.374323249881695,0.204430057423441,0.495638331217841,6,15,3,0.331537143680268,0.379824179845643,0.192339955058099,0.495795345760337,-0.012090102365342,0.000157014542496003,0.0120911218987736
144,3,0.347383499134319,0.374323249881695,0.204430057423441,0.495638331217841,7,15,2,0.370723226767701,0.409498362194775,0.206746029957276,0.513833090904122,0.002315972533835,0.018194759686281,0.018341565059149
144,4,0.347383499134319,0.374323249881695,0.204430057423441,0.495638331217841,6,14,4,0.320235461070201,0.340845874850363,0.198605501122046,0.475622523177398,-0.005824556301395,-0.020015808040443,0.0208460554450952
144,5,0.347383499134319,0.374323249881695,0.204430057423441,0.495638331217841,7,13,4,0.343822473155314,0.329964249102068,0.219277122085171,0.473487445738244,0.01484706466173,-0.022150885479597,0.0266664031432778
144,6,0.347383499134319,0.374323249881695,0.204430057423441,0.495638331217841,6,16,2,0.344514487164265,0.424581661523389,0.186074408994152,0.515968168343276,-0.018355648429289,0.020329837125435,0.027390365218565
145,1,0.362564812321463,0.419454502975736,0.1984393641708,0.516546654807163,7,15,2,0.370723226767701,0.409498362194775,0.206746029957276,0.513833090904122,0.00830666578647601,-0.00271356390304101,0.00873865696455115
145,2,0.362564812321463,0.419454502975736,0.1984393641708,0.516546654807163,6,16,2,0.344514487164265,0.424581661523389,0.186074408994152,0.515968168343276,-0.012364955176648,-0.000578486463887029,0.0123784798383895
145,3,0.362564812321463,0.419454502975736,0.1984393641708,0.516546654807163,7,16,1,0.387294773590635,0.458493394011635,0.200480483893329,0.534005913487061,0.00204111972252902,0.0174592586798979,0.0175781649603503
145,4,0.362564812321463,0.419454502975736,0.1984393641708,0.516546654807163,6,15,3,0.331537143680268,0.379824179845643,0.192339955058099,0.495795345760337,-0.00609940911270099,-0.020751309046826,0.0216291381862751
145,5,0.362564812321463,0.419454502975736,0.1984393641708,0.516546654807163,6,17,1,0.359569997117356,0.476506519003314,0.179808862930205,0.536140990926214,-0.018630501240595,0.019594336119051,0.0270376327444205
145,6,0.362564812321463,0.419454502975736,0.1984393641708,0.516546654807163,7,14,3,0.356371845756539,0.36706741855561,0.213011576021224,0.493660268321183,0.014572211850424,-0.02288638648598,0.0271318271518762
146,1,0.380215422258337,0.471926521338409,0.192448670918158,0.537454978396485,7,16,1,0.387294773590635,0.458493394011635,0.200480483893329,0.534005913487061,0.008031812975171,-0.00344906490942409,0.008741056481773
146,2,0.380215422258337,0.471926521338409,0.192448670918158,0.537454978396485,6,17,1,0.359569997117356,0.476506519003314,0.179808862930205,0.536140990926214,-0.012639807987953,-0.00131398747027101,0.0127079230814618
146,3,0.380215422258337,0.471926521338409,0.192448670918158,0.537454978396485,7,17,0,0.406644868363474,0.515703413039092,0.194214937829382,0.55417873607,0.001766266911224,0.016723757673515,0.0168167704843747
146,4,0.380215422258337,0.471926521338409,0.192448670918158,0.537454978396485,6,16,2,0.344514487164265,0.424581661523389,0.186074408994152,0.515968168343276,-0.006374261924006,-0.0214868100532091,0.0224123675977912
146,5,0.380215422258337,0.471926521338409,0.192448670918158,0.537454978396485,6,18,0,0.377246312389302,0.537470256141791,0.173543316866257,0.556313813509153,-0.018905354051901,0.0188588351126679,0.0267033345040376
146,6,0.380215422258337,0.471926521338409,0.192448670918158,0.537454978396485,8,16,0,0.433956378512193,0.495481829474673,0.214886558792507,0.552043658630847,0.022437887874349,0.014588680234362,0.0267635648455568
147,1,0.400991122984625,0.533688860085113,0.186457977665517,0.558363301985807,7,17,0,0.406644868363474,0.515703413039092,0.194214937829382,0.55417873607,0.00775696016386501,-0.00418456591580696,0.00881368384317943
147,2,0.400991122984625,0.533688860085113,0.186457977665517,0.558363301985807,6,18,0,0.377246312389302,0.537470256141791,0.173543316866257,0.556313813509153,-0.01291466079926,-0.00204948847665398,0.0130762711265819
147,3,0.400991122984625,0.533688860085113,0.186457977665517,0.558363301985807,6,17,1,0.359569997117356,0.476506519003314,0.179808862930205,0.536140990926214,-0.00664911473531199,-0.0222223110595929,0.0231957288221916
147,4,0.400991122984625,0.533688860085113,0.186457977665517,0.558363301985807,7,16,1,0.387294773590635,0.458493394011635,0.200480483893329,0.534005913487061,0.014022506227812,-0.024357388498746,0.028105391927313
147,5,0.400991122984625,0.533688860085113,0.186457977665517,0.558363301985807,8,16,0,0.433956378512193,0.495481829474673,0.214886558792507,0.552043658630847,0.02842858112699,-0.00631964335495994,0.0291225362396159
147,6,0.400991122984625,0.533688860085113,0.186457977665517,0.558363301985807,5,19,0,0.34551198043926,0.56096651987435,0.152871695903133,0.558448890948307,-0.033586281762384,8.55889624999939e-05,0.0335863908167095
148,1,0.266025013311111,0.086123545325721,0.303904201492111,0.221369940475732,7,0,17,0.259634221413374,0.081055313999313,0.300729220916483,0.211240752160038,-0.00317498057562798,-0.010129188315694,0.0106151287128516
148,2,0.266025013311111,0.086123545325721,0.303904201492111,0.221369940475732,8,0,16,0.277452449594614,0.0897165003391349,0.315135295815661,0.229278497303824,0.01123109432355,0.00790855682809199,0.0137361839972984
148,3,0.266025013311111,0.086123545325721,0.303904201492111,0.221369940475732,7,1,16,0.263327669242512,0.0919752719148924,0.294463674852536,0.231413574742977,-0.00944052663957501,0.010043634267245,0.0137839810115476
148,4,0.266025013311111,0.086123545325721,0.303904201492111,0.221369940475732,6,1,17,0.245513034208352,0.083136147485131,0.280057599953358,0.213375829599192,-0.023846601538753,-0.00799411087654001,0.0251508690437224
148,5,0.266025013311111,0.086123545325721,0.303904201492111,0.221369940475732,8,1,15,0.281872691764459,0.101176794220003,0.308869749751714,0.249451319886763,0.00496554825960299,0.028081379411031,0.0285170219192805
148,6,0.266025013311111,0.086123545325721,0.303904201492111,0.221369940475732,6,2,16,0.24875176461798,0.0943061852626489,0.273792053889411,0.233548652182131,-0.0301121476027,0.012178711706399,0.0324817248937671
149,1,0.270529086501637,0.0977812771439779,0.29791350823947,0.242278264065054,7,1,16,0.263327669242512,0.0919752719148924,0.294463674852536,0.231413574742977,-0.003449833386934,-0.010864689322077,0.0113992466620763
149,2,0.270529086501637,0.0977812771439779,0.29791350823947,0.242278264065054,8,1,15,0.281872691764459,0.101176794220003,0.308869749751714,0.249451319886763,0.010956241512244,0.00717305582170899,0.0130954938011505
149,3,0.270529086501637,0.0977812771439779,0.29791350823947,0.242278264065054,7,2,15,0.267295435217021,0.103706272179386,0.288198128788589,0.251586397325916,-0.00971537945088097,0.00930813326086197,0.0134547368118654
149,4,0.270529086501637,0.0977812771439779,0.29791350823947,0.242278264065054,8,0,16,0.277452449594614,0.0897165003391349,0.315135295815661,0.229278497303824,0.017221787576191,-0.01299976676123,0.0215773933357537
149,5,0.270529086501637,0.0977812771439779,0.29791350823947,0.242278264065054,6,2,16,0.24875176461798,0.0943061852626489,0.273792053889411,0.233548652182131,-0.024121454350059,-0.00872961188292301,0.0256524985837335
149,6,0.270529086501637,0.0977812771439779,0.29791350823947,0.242278264065054,8,2,14,0.286628217472701,0.113506372573488,0.302604203687766,0.269624142469702,0.00469069544829603,0.027345878404648,0.0277452642717718
150,1,0.275382962749821,0.110344391726434,0.291922814986829,0.263186587654376,7,2,15,0.267295435217021,0.103706272179386,0.288198128788589,0.251586397325916,-0.00372468619823996,-0.01160019032846,0.0121835012591561
150,2,0.275382962749821,0.110344391726434,0.291922814986829,0.263186587654376,8,2,14,0.286628217472701,0.113506372573488,0.302604203687766,0.269624142469702,0.010681388700937,0.00643755481532599,0.0124713341940962
150,3,0.275382962749821,0.110344391726434,0.291922814986829,0.263186587654376,7,3,14,0.271569259073196,0.116342155724257,0.281932582724642,0.271759219908855,-0.00999023226218698,0.00857263225447896,0.0131641469310766
150,4,0.275382962749821,0.110344391726434,0.291922814986829,0.263186587654376,8,1,15,0.281872691764459,0.101176794220003,0.308869749751714,0.249451319886763,0.016946934764885,-0.013735267767613,0.0218141279581215
150,5,0.275382962749821,0.110344391726434,0.291922814986829,0.263186587654376,6,3,15,0.25223502694629,0.106319587699776,0.267526507825464,0.25372147476507,-0.024396307161365,-0.00946511288930602,0.0261680753040604
150,6,0.275382962749821,0.110344391726434,0.291922814986829,0.263186587654376,8,3,13,0.291758678358526,0.126808039594575,0.296338657623819,0.289796965052641,0.00441584263699002,0.026610377398265,0.0269742812966861
151,1,0.280629038911938,0.123922623342374,0.285932121734188,0.284094911243698,8,3,13,0.291758678358526,0.126808039594575,0.296338657623819,0.289796965052641,0.010406535889631,0.00570205380894301,0.0118663139543103
151,2,0.280629038911938,0.123922623342374,0.285932121734188,0.284094911243698,7,4,13,0.276185973530871,0.12999182127208,0.275667036660695,0.291932042491794,-0.0102650850734931,0.00783713124809599,0.0129148208569044
151,3,0.280629038911938,0.123922623342374,0.285932121734188,0.284094911243698,7,3,14,0.271569259073196,0.116342155724257,0.281932582724642,0.271759219908855,-0.00399953900954603,-0.012335691334843,0.0129678677120567
151,4,0.280629038911938,0.123922623342374,0.285932121734188,0.284094911243698,8,2,14,0.286628217472701,0.113506372573488,0.302604203687766,0.269624142469702,0.016672081953578,-0.014470768773996,0.0220762647560061
151,5,0.280629038911938,0.123922623342374,0.285932121734188,0.284094911243698,8,4,12,0.29731023508267,0.141201475318309,0.290073111559872,0.30996978763558,0.00414098982568395,0.025874876391882,0.0262041413717677
151,6,0.280629038911938,0.123922623342374,0.285932121734188,0.284094911243698,6,4,14,0.255991601816423,0.119275616114099,0.261260961761517,0.273894297348009,-0.0246711599726711,-0.010200613895689,0.0266967911601011
152,1,0.286316851750661,0.138644186225888,0.279941428481547,0.305003234833019,8,4,12,0.29731023508267,0.141201475318309,0.290073111559872,0.30996978763558,0.010131683078325,0.00496655280256098,0.0112835122519649
152,2,0.286316851750661,0.138644186225888,0.279941428481547,0.305003234833019,7,5,12,0.281188568515161,0.144782371788639,0.269401490596747,0.312104865074733,-0.0105399378848,0.00710163024171401,0.0127091873345808
152,3,0.286316851750661,0.138644186225888,0.279941428481547,0.305003234833019,7,4,13,0.276185973530871,0.12999182127208,0.275667036660695,0.291932042491794,-0.00427439182085204,-0.013071192341225,0.0137523268816396
152,4,0.286316851750661,0.138644186225888,0.279941428481547,0.305003234833019,8,3,13,0.291758678358526,0.126808039594575,0.296338657623819,0.289796965052641,0.016397229142272,-0.015206269780378,0.0223629104585653
152,5,0.286316851750661,0.138644186225888,0.279941428481547,0.305003234833019,8,5,11,0.303336950096925,0.15682684663185,0.283807565495925,0.330142610218519,0.00386613701437799,0.0251393753855,0.0254349210768783
152,6,0.286316851750661,0.138644186225888,0.279941428481547,0.305003234833019,6,5,13,0.26005497079638,0.133289744883567,0.25499541569757,0.294067119930948,-0.024946012783977,-0.010936114902071,0.0272378810293614
153,1,0.292504647003769,0.154659835740368,0.273950735228906,0.325911558422341,8,5,11,0.303336950096925,0.15682684663185,0.283807565495925,0.330142610218519,0.009856830267019,0.004231051796178,0.0107265512731149
153,2,0.292504647003769,0.154659835740368,0.273950735228906,0.325911558422341,7,6,11,0.286627533870578,0.160863084318785,0.2631359445328,0.332277687657672,-0.010814790696106,0.00636612923533103,0.0125493943774797
153,3,0.292504647003769,0.154659835740368,0.273950735228906,0.325911558422341,7,5,12,0.281188568515161,0.144782371788639,0.269401490596747,0.312104865074733,-0.004549244632159,-0.013806693347608,0.0145368637579813
153,4,0.292504647003769,0.154659835740368,0.273950735228906,0.325911558422341,8,4,12,0.29731023508267,0.141201475318309,0.290073111559872,0.30996978763558,0.016122376330966,-0.015941770786761,0.0226731355214694
153,5,0.292504647003769,0.154659835740368,0.273950735228906,0.325911558422341,8,6,10,0.309902554024152,0.173849386940777,0.277542019431978,0.350315432801458,0.00359128420307198,0.024403874379117,0.0246667064469288
153,6,0.292504647003769,0.154659835740368,0.273950735228906,0.325911558422341,6,6,12,0.264464317058898,0.148497112616324,0.248729869633623,0.314239942513886,-0.025220865595283,-0.011671615908455,0.0277906221465053
154,1,0.299261381258561,0.172148049758578,0.267960041976265,0.346819882011663,8,6,10,0.309902554024152,0.173849386940777,0.277542019431978,0.350315432801458,0.00958197745571299,0.00349555078979497,0.0101996650575315
154,2,0.299261381258561,0.172148049758578,0.267960041976265,0.346819882011663,7,7,10,0.292562569468834,0.178410466049517,0.256870398468853,0.352450510240611,-0.011089643507412,0.005630628228948,0.0124372089865094
154,3,0.299261381258561,0.172148049758578,0.267960041976265,0.346819882011663,7,6,11,0.286627533870578,0.160863084318785,0.2631359445328,0.332277687657672,-0.00482409744346501,-0.014542194353991,0.0153214664041434
154,4,0.299261381258561,0.172148049758578,0.267960041976265,0.346819882011663,8,5,11,0.303336950096925,0.15682684663185,0.283807565495925,0.330142610218519,0.01584752351966,-0.016677271793144,0.0230059860942446
154,5,0.299261381258561,0.172148049758578,0.267960041976265,0.346819882011663,8,7,9,0.317082708045534,0.19246526182571,0.271276473368031,0.370488255384396,0.00331643139176602,0.023668373372733,0.0238995944586386
154,6,0.299261381258561,0.172148049758578,0.267960041976265,0.346819882011663,6,7,11,0.269265793011822,0.165056894073457,0.242464323569676,0.334412765096825,-0.025495718406589,-0.012407116914838,0.0283543331292863
155,1,0.306669302624293,0.191321708124987,0.261969348723624,0.367728205600985,8,7,9,0.317082708045534,0.19246526182571,0.271276473368031,0.370488255384396,0.00930712464440703,0.00276004978341099,0.00970775174556064
155,2,0.306669302624293,0.191321708124987,0.261969348723624,0.367728205600985,7,8,9,0.299064785595003,0.19763475991814,0.250604852404906,0.37262333282355,-0.011364496318718,0.00489512722256497,0.0123739260989894
155,3,0.306669302624293,0.191321708124987,0.261969348723624,0.367728205600985,7,7,10,0.292562569468834,0.178410466049517,0.256870398468853,0.352450510240611,-0.00509895025477097,-0.015277695360374,0.0161061252082871
155,4,0.306669302624293,0.191321708124987,0.261969348723624,0.367728205600985,8,8,8,0.324967932767801,0.212909162671311,0.265010927304084,0.390661077967335,0.00304157858046,0.02293287236635,0.0231336948028717
155,5,0.306669302624293,0.191321708124987,0.261969348723624,0.367728205600985,8,6,10,0.309902554024152,0.173849386940777,0.277542019431978,0.350315432801458,0.015572670708354,-0.017412772799527,0.0233604950623649
155,6,0.306669302624293,0.191321708124987,0.261969348723624,0.367728205600985,6,8,10,0.274514141863191,0.183157892775019,0.236198777505728,0.354585587679764,-0.025770571217896,-0.013142617921221,0.0289283726939461
156,1,0.314827315324947,0.21243680111109,0.255978655470982,0.388636529190307,8,8,8,0.324967932767801,0.212909162671311,0.265010927304084,0.390661077967335,0.00903227183310201,0.00202454877702801,0.00925638872442237
156,2,0.314827315324947,0.21243680111109,0.255978655470982,0.388636529190307,7,9,8,0.306219565827679,0.218788408934021,0.244339306340959,0.392796155406489,-0.011639349130023,0.00415962621618199,0.0123602968584462
156,3,0.314827315324947,0.21243680111109,0.255978655470982,0.388636529190307,7,8,9,0.299064785595003,0.19763475991814,0.250604852404906,0.37262333282355,-0.00537380306607599,-0.016013196366757,0.0168908323440051
156,4,0.314827315324947,0.21243680111109,0.255978655470982,0.388636529190307,8,9,7,0.333667444460313,0.235464252819174,0.258745381240137,0.410833900550274,0.00276672576915504,0.022197371359967,0.0223691320076124
156,5,0.314827315324947,0.21243680111109,0.255978655470982,0.388636529190307,8,7,9,0.317082708045534,0.19246526182571,0.271276473368031,0.370488255384396,0.015297817897049,-0.018148273805911,0.0237356919963499
156,6,0.314827315324947,0.21243680111109,0.255978655470982,0.388636529190307,6,9,9,0.280274794040331,0.203025771327217,0.229933231441781,0.374758410262703,-0.026045424029201,-0.013878118927604,0.0295121381439841
157,1,0.323855420843884,0.23580392427154,0.249987962218341,0.409544852779629,8,9,7,0.333667444460313,0.235464252819174,0.258745381240137,0.410833900550274,0.00875741902179603,0.00128904777064504,0.00885178129408538
157,2,0.323855420843884,0.23580392427154,0.249987962218341,0.409544852779629,7,10,7,0.314130337415616,0.242177203582355,0.238073760277012,0.412968977989428,-0.011914201941329,0.00342412520979901,0.0123964850401696
157,3,0.323855420843884,0.23580392427154,0.249987962218341,0.409544852779629,7,9,8,0.306219565827679,0.218788408934021,0.244339306340959,0.392796155406489,-0.005648655877382,-0.01674869737314,0.0176755813742606
157,4,0.323855420843884,0.23580392427154,0.249987962218341,0.409544852779629,8,10,6,0.343314244473728,0.260475362825299,0.25247983517619,0.431006723133213,0.002491872957849,0.021461870353584,0.0216060479938397
157,5,0.323855420843884,0.23580392427154,0.249987962218341,0.409544852779629,8,8,8,0.324967932767801,0.212909162671311,0.265010927304084,0.390661077967335,0.015022965085743,-0.018883774812294,0.024130611909541
157,6,0.323855420843884,0.23580392427154,0.249987962218341,0.409544852779629,9,8,7,0.352338513987377,0.229048872581743,0.279417002203262,0.408698823111121,0.029429039984921,-0.000846029668507997,0.0294411983559446
158,1,0.333900660127002,0.261803658436416,0.2439972689657,0.430453176368951,8,10,6,0.343314244473728,0.260475362825299,0.25247983517619,0.431006723133213,0.00848256621048998,0.000553546764262003,0.0085006084214938
158,2,0.333900660127002,0.261803658436416,0.2439972689657,0.430453176368951,7,11,6,0.322923603479413,0.268175159909136,0.231808214213065,0.433141800572367,-0.012189054752635,0.00268862420341603,0.01248205735726
158,3,0.333900660127002,0.261803658436416,0.2439972689657,0.430453176368951,7,10,7,0.314130337415616,0.242177203582355,0.238073760277012,0.412968977989428,-0.00592350868868802,-0.017484198379523,0.0184603669562519
158,4,0.333900660127002,0.261803658436416,0.2439972689657,0.430453176368951,8,11,5,0.354071966946226,0.288366744402695,0.246214289112243,0.451179545716152,0.00221702014654299,0.020726369347201,0.0208446051688865
158,5,0.333900660127002,0.261803658436416,0.2439972689657,0.430453176368951,8,9,7,0.333667444460313,0.235464252819174,0.258745381240137,0.410833900550274,0.014748112274437,-0.019619275818677,0.024544302787179
158,6,0.333900660127002,0.261803658436416,0.2439972689657,0.430453176368951,9,9,6,0.362752950079068,0.253135030131721,0.273151456139314,0.42887164569406,0.029154187173614,-0.00158153067489097,0.0291970524031064
159,1,0.3451451840756,0.290907458279737,0.238006575713059,0.451361499958273,8,11,5,0.354071966946226,0.288366744402695,0.246214289112243,0.451179545716152,0.008207713399184,-0.00018195424212103,0.00820972999491277
159,2,0.3451451840756,0.290907458279737,0.238006575713059,0.451361499958273,7,12,5,0.332755758816806,0.297244670965107,0.225542668149118,0.453314623155305,-0.012463907563941,0.001953123197032,0.0126160089562924
159,3,0.3451451840756,0.290907458279737,0.238006575713059,0.451361499958273,7,11,6,0.322923603479413,0.268175159909136,0.231808214213065,0.433141800572367,-0.006198361499994,-0.018219699385906,0.0192451846184284
159,4,0.3451451840756,0.290907458279737,0.238006575713059,0.451361499958273,8,12,4,0.366144236790391,0.319666332730028,0.239948743048295,0.471352368299091,0.001942167335236,0.019990868340818,0.0200849901911347
159,5,0.3451451840756,0.290907458279737,0.238006575713059,0.451361499958273,8,10,6,0.343314244473728,0.260475362825299,0.25247983517619,0.431006723133213,0.014473259463131,-0.02035477682506,0.0249758318997609
159,6,0.3451451840756,0.290907458279737,0.238006575713059,0.451361499958273,9,11,4,0.387299897991901,0.309906385737936,0.26062036401142,0.469217290859938,0.022613788298361,0.017855790901665,0.0288134116329024
160,1,0.357817398112292,0.323706497401493,0.232015882460418,0.472269823547595,8,12,4,0.366144236790391,0.319666332730028,0.239948743048295,0.471352368299091,0.00793286058787701,-0.000917455248504007,0.00798573736355635
160,2,0.357817398112292,0.323706497401493,0.232015882460418,0.472269823547595,7,13,4,0.343822473155314,0.329964249102068,0.219277122085171,0.473487445738244,-0.012738760375247,0.00121762219064897,0.0127968206870739
160,3,0.357817398112292,0.323706497401493,0.232015882460418,0.472269823547595,8,13,3,0.379787681433704,0.355039481791045,0.233683196984348,0.49152519088203,0.00166731452393001,0.019255367334435,0.0193274185784272
160,4,0.357817398112292,0.323706497401493,0.232015882460418,0.472269823547595,7,12,5,0.332755758816806,0.297244670965107,0.225542668149118,0.453314623155305,-0.00647321431129999,-0.01895520039229,0.020030030589889
160,5,0.357817398112292,0.323706497401493,0.232015882460418,0.472269823547595,8,11,5,0.354071966946226,0.288366744402695,0.246214289112243,0.451179545716152,0.014198406651825,-0.021090277831443,0.0254242909529065
160,6,0.357817398112292,0.323706497401493,0.232015882460418,0.472269823547595,9,12,3,0.401902868563146,0.343679644969638,0.254354817947473,0.489390113442877,0.022338935487055,0.017120289895282,0.0281448461497536
161,1,0.372207639499201,0.360952245370565,0.226025189207777,0.493178147136917,8,13,3,0.379787681433704,0.355039481791045,0.233683196984348,0.49152519088203,0.007658007776571,-0.00165295625488698,0.00783436962917833
161,2,0.372207639499201,0.360952245370565,0.226025189207777,0.493178147136917,7,14,3,0.356371845756539,0.36706741855561,0.213011576021224,0.493660268321183,-0.013013613186553,0.000482121184265993,0.013022540804526
161,3,0.372207639499201,0.360952245370565,0.226025189207777,0.493178147136917,8,14,2,0.39533037649913,0.395336788206894,0.227417650920401,0.511698013464969,0.001392461712624,0.018519866328052,0.018572140383651
161,4,0.372207639499201,0.360952245370565,0.226025189207777,0.493178147136917,7,13,4,0.343822473155314,0.329964249102068,0.219277122085171,0.473487445738244,-0.00674806712260601,-0.019690701398673,0.0208149016683457
161,5,0.372207639499201,0.360952245370565,0.226025189207777,0.493178147136917,8,12,4,0.366144236790391,0.319666332730028,0.239948743048295,0.471352368299091,0.013923553840518,-0.021825778837826,0.0258888001542655
161,6,0.372207639499201,0.360952245370565,0.226025189207777,0.493178147136917,9,13,2,0.418478391059931,0.382014955956788,0.248089271883526,0.509562936025815,0.022064082675749,0.016384788888898,0.0274824498772588
162,1,0.388690694647176,0.403614748472166,0.220034495955136,0.514086470726238,8,14,2,0.39533037649913,0.395336788206894,0.227417650920401,0.511698013464969,0.00738315496526501,-0.00238845726126902,0.00775987791978882
162,2,0.388690694647176,0.403614748472166,0.220034495955136,0.514086470726238,7,15,2,0.370723226767701,0.409498362194775,0.206746029957276,0.513833090904122,-0.01328846599786,-0.00025337982211604,0.0132908814572449
162,3,0.388690694647176,0.403614748472166,0.220034495955136,0.514086470726238,8,15,1,0.413198571018942,0.441663381286917,0.221152104856454,0.531870836047908,0.00111760890131801,0.0177843653216699,0.0178194472291068
162,4,0.388690694647176,0.403614748472166,0.220034495955136,0.514086470726238,7,14,3,0.356371845756539,0.36706741855561,0.213011576021224,0.493660268321183,-0.00702291993391199,-0.020426202405055,0.021599795116862
162,5,0.388690694647176,0.403614748472166,0.220034495955136,0.514086470726238,8,13,3,0.379787681433704,0.355039481791045,0.233683196984348,0.49152519088203,0.013648701029212,-0.022561279844208,0.0263685112964968
162,6,0.388690694647176,0.403614748472166,0.220034495955136,0.514086470726238,9,14,1,0.437455089448371,0.425903625793365,0.241823725819579,0.529735758608754,0.021789229864443,0.015649287882516,0.0268266798041688
163,1,0.407758911101041,0.452968332276983,0.214043802702495,0.53499479431556,8,15,1,0.413198571018942,0.441663381286917,0.221152104856454,0.531870836047908,0.007108302153959,-0.00312395826765199,0.00776447517672697
163,2,0.407758911101041,0.452968332276983,0.214043802702495,0.53499479431556,7,16,1,0.387294773590635,0.458493394011635,0.200480483893329,0.534005913487061,-0.013563318809166,-0.000988880828499017,0.0135993199246157
163,3,0.407758911101041,0.452968332276983,0.214043802702495,0.53499479431556,8,16,0,0.433956378512193,0.495481829474673,0.214886558792507,0.552043658630847,0.000842756090011998,0.0170488643152871,0.0170696810827948
163,4,0.407758911101041,0.452968332276983,0.214043802702495,0.53499479431556,7,15,2,0.370723226767701,0.409498362194775,0.206746029957276,0.513833090904122,-0.00729777274521901,-0.021161703411438,0.0223847085823007
163,5,0.407758911101041,0.452968332276983,0.214043802702495,0.53499479431556,9,15,0,0.459395468138829,0.476646595762345,0.235558179755632,0.549908581191693,0.021514377053137,0.014913786876133,0.0261780339019428
163,6,0.407758911101041,0.452968332276983,0.214043802702495,0.53499479431556,8,14,2,0.39533037649913,0.395336788206894,0.227417650920401,0.511698013464969,0.013373848217906,-0.0232967808505909,0.0268626099654529
164,1,0.430072214820943,0.51072105958459,0.208053109449854,0.555903117904882,8,16,0,0.433956378512193,0.495481829474673,0.214886558792507,0.552043658630847,0.00683344934265301,-0.00385945927403497,0.00784802241373834
164,2,0.430072214820943,0.51072105958459,0.208053109449854,0.555903117904882,7,17,0,0.406644868363474,0.515703413039092,0.194214937829382,0.55417873607,-0.013838171620472,-0.00172438183488199,0.0139451958218631
164,3,0.430072214820943,0.51072105958459,0.208053109449854,0.555903117904882,7,16,1,0.387294773590635,0.458493394011635,0.200480483893329,0.534005913487061,-0.00757262555652499,-0.0218972044178211,0.0231696400303323
164,4,0.430072214820943,0.51072105958459,0.208053109449854,0.555903117904882,8,15,1,0.413198571018942,0.441663381286917,0.221152104856454,0.531870836047908,0.0130989954066,-0.024032281856974,0.0273703169860192
164,5,0.430072214820943,0.51072105958459,0.208053109449854,0.555903117904882,9,15,0,0.459395468138829,0.476646595762345,0.235558179755632,0.549908581191693,0.027505070305778,-0.00599453671318906,0.0281507257975982
164,6,0.430072214820943,0.51072105958459,0.208053109449854,0.555903117904882,6,17,1,0.359569997117356,0.476506519003314,0.179808862930205,0.536140990926214,-0.028244246519649,-0.019762126978668,0.0344714247483869
165,1,0.285276631037513,0.0951662582265342,0.319508640023807,0.239818079984129,8,0,16,0.277452449594614,0.0897165003391349,0.315135295815661,0.229278497303824,-0.004373344208146,-0.010539582680305,0.0114109133130486
165,2,0.285276631037513,0.0951662582265342,0.319508640023807,0.239818079984129,9,0,15,0.295989679463043,0.0987271831343877,0.329541370714838,0.24731624244761,0.010032730691031,0.00749816246348101,0.0125250998178662
165,3,0.285276631037513,0.0951662582265342,0.319508640023807,0.239818079984129,8,1,15,0.281872691764459,0.101176794220003,0.308869749751714,0.249451319886763,-0.010638890272093,0.00963323990263401,0.0143521878904694
165,4,0.285276631037513,0.0951662582265342,0.319508640023807,0.239818079984129,7,1,16,0.263327669242512,0.0919752719148924,0.294463674852536,0.231413574742977,-0.025044965171271,-0.00840450524115199,0.0264175318449459
165,5,0.285276631037513,0.0951662582265342,0.319508640023807,0.239818079984129,9,1,14,0.301193959908569,0.110763467926149,0.323275824650891,0.267489065030549,0.00376718462708397,0.02767098504642,0.0279262438121158
165,6,0.285276631037513,0.0951662582265342,0.319508640023807,0.239818079984129,7,2,15,0.267295435217021,0.103706272179386,0.288198128788589,0.251586397325916,-0.031310511235218,0.011768317341787,0.0334490867867527
166,1,0.290608766170754,0.107411009985867,0.313517946771165,0.260726403573451,9,1,14,0.301193959908569,0.110763467926149,0.323275824650891,0.267489065030549,0.00975787787972598,0.00676266145709797,0.0118722268635233
166,2,0.290608766170754,0.107411009985867,0.313517946771165,0.260726403573451,8,1,15,0.281872691764459,0.101176794220003,0.308869749751714,0.249451319886763,-0.00464819701945102,-0.011275083686688,0.0121956241198821
166,3,0.290608766170754,0.107411009985867,0.313517946771165,0.260726403573451,8,2,14,0.286628217472701,0.113506372573488,0.302604203687766,0.269624142469702,-0.010913743083399,0.00889773889625101,0.0140811769947081
166,4,0.290608766170754,0.107411009985867,0.313517946771165,0.260726403573451,9,0,15,0.295989679463043,0.0987271831343877,0.329541370714838,0.24731624244761,0.016023423943673,-0.013410161125841,0.0208945575760697
166,5,0.290608766170754,0.107411009985867,0.313517946771165,0.260726403573451,7,2,15,0.267295435217021,0.103706272179386,0.288198128788589,0.251586397325916,-0.025319817982576,-0.00914000624753503,0.0269190062386366
166,6,0.290608766170754,0.107411009985867,0.313517946771165,0.260726403573451,9,2,13,0.306801576474188,0.123732574932062,0.317010278586944,0.287661887613487,0.00349233181577902,0.026935484040036,0.0271609403736788
167,1,0.296363951642618,0.120627257449771,0.307527253518524,0.281634727162773,9,2,13,0.306801576474188,0.123732574932062,0.317010278586944,0.287661887613487,0.00948302506842003,0.006027160450714,0.0112362995486474
167,2,0.296363951642618,0.120627257449771,0.307527253518524,0.281634727162773,8,2,14,0.286628217472701,0.113506372573488,0.302604203687766,0.269624142469702,-0.00492304983075798,-0.012010584693071,0.0129803915312889
167,3,0.296363951642618,0.120627257449771,0.307527253518524,0.281634727162773,8,3,13,0.291758678358526,0.126808039594575,0.296338657623819,0.289796965052641,-0.011188595894705,0.00816223788986803,0.0138494333987282
167,4,0.296363951642618,0.120627257449771,0.307527253518524,0.281634727162773,9,1,14,0.301193959908569,0.110763467926149,0.323275824650891,0.267489065030549,0.015748571132367,-0.014145662132224,0.0211687800751545
167,5,0.296363951642618,0.120627257449771,0.307527253518524,0.281634727162773,9,3,12,0.312861307681973,0.137747317477524,0.310744732522997,0.307834710196426,0.003217479004473,0.026199983033653,0.0263968043919701
167,6,0.296363951642618,0.120627257449771,0.307527253518524,0.281634727162773,7,3,14,0.271569259073196,0.116342155724257,0.281932582724642,0.271759219908855,-0.025594670793882,-0.009875507253918,0.0274337896866143
168,1,0.302594614290024,0.134935393966798,0.301536560265883,0.302543050752095,9,3,12,0.312861307681973,0.137747317477524,0.310744732522997,0.307834710196426,0.00920817225711401,0.00529165944433102,0.0106203623286337
168,2,0.302594614290024,0.134935393966798,0.301536560265883,0.302543050752095,8,4,12,0.29731023508267,0.141201475318309,0.290073111559872,0.30996978763558,-0.011463448706011,0.007426736883485,0.0136589559253942
168,3,0.302594614290024,0.134935393966798,0.301536560265883,0.302543050752095,8,3,13,0.291758678358526,0.126808039594575,0.296338657623819,0.289796965052641,-0.00519790264206399,-0.012746085699454,0.0137652058660305
168,4,0.302594614290024,0.134935393966798,0.301536560265883,0.302543050752095,9,2,13,0.306801576474188,0.123732574932062,0.317010278586944,0.287661887613487,0.015473718321061,-0.014881163138608,0.0214682317631752
168,5,0.302594614290024,0.134935393966798,0.301536560265883,0.302543050752095,9,4,11,0.319430127999834,0.15293946419584,0.30447918645905,0.328007532779365,0.00294262619316699,0.02546448202727,0.0256339402712472
168,6,0.302594614290024,0.134935393966798,0.301536560265883,0.302543050752095,7,4,13,0.276185973530871,0.12999182127208,0.275667036660695,0.291932042491794,-0.025869523605188,-0.010611008260301,0.0279611471127269
169,1,0.3093622169279,0.150476563167478,0.295545867013242,0.323451374341417,9,4,11,0.319430127999834,0.15293946419584,0.30447918645905,0.328007532779365,0.008933319445808,0.00455615843794799,0.0100280993230291
169,2,0.3093622169279,0.150476563167478,0.295545867013242,0.323451374341417,8,5,11,0.303336950096925,0.15682684663185,0.283807565495925,0.330142610218519,-0.011738301517317,0.00669123587710196,0.0135114899280006
169,3,0.3093622169279,0.150476563167478,0.295545867013242,0.323451374341417,8,4,12,0.29731023508267,0.141201475318309,0.290073111559872,0.30996978763558,-0.00547275545337,-0.013481586705837,0.0145500595311288
169,4,0.3093622169279,0.150476563167478,0.295545867013242,0.323451374341417,9,3,12,0.312861307681973,0.137747317477524,0.310744732522997,0.307834710196426,0.015198865509755,-0.015616664144991,0.0217918726088666
169,5,0.3093622169279,0.150476563167478,0.295545867013242,0.323451374341417,9,5,10,0.326575004711729,0.169463894769201,0.298213640395103,0.348180355362304,0.00266777338186103,0.024728981020887,0.0248724650396449
169,6,0.3093622169279,0.150476563167478,0.295545867013242,0.323451374341417,7,5,12,0.281188568515161,0.144782371788639,0.269401490596747,0.312104865074733,-0.026144376416495,-0.011346509266684,0.0285003805368687
170,1,0.316739292742484,0.167417330759102,0.289555173760601,0.344359697930739,9,5,10,0.326575004711729,0.169463894769201,0.298213640395103,0.348180355362304,0.00865846663450198,0.00382065743156501,0.00946395623775581
170,2,0.316739292742484,0.167417330759102,0.289555173760601,0.344359697930739,8,6,10,0.309902554024152,0.173849386940777,0.277542019431978,0.350315432801458,-0.012013154328623,0.00595573487071899,0.0134084546004979
170,3,0.316739292742484,0.167417330759102,0.289555173760601,0.344359697930739,8,5,11,0.303336950096925,0.15682684663185,0.283807565495925,0.330142610218519,-0.00574760826467602,-0.01421708771222,0.0153349464877165
170,4,0.316739292742484,0.167417330759102,0.289555173760601,0.344359697930739,9,4,11,0.319430127999834,0.15293946419584,0.30447918645905,0.328007532779365,0.014924012698449,-0.016352165151374,0.0221386417867329
170,5,0.316739292742484,0.167417330759102,0.289555173760601,0.344359697930739,9,6,9,0.334375189199343,0.187503899127905,0.291948094331156,0.368353177945243,0.00239292057055496,0.023993480014504,0.02411251028125
170,6,0.316739292742484,0.167417330759102,0.289555173760601,0.344359697930739,7,6,11,0.286627533870578,0.160863084318785,0.2631359445328,0.332277687657672,-0.026419229227801,-0.012082010273067,0.0290508286496202
171,1,0.324812055238039,0.185955678025263,0.28356448050796,0.365268021520061,9,6,9,0.334375189199343,0.187503899127905,0.291948094331156,0.368353177945243,0.00838361382319597,0.00308515642518203,0.00893326205281836
171,2,0.324812055238039,0.185955678025263,0.28356448050796,0.365268021520061,8,7,9,0.317082708045534,0.19246526182571,0.271276473368031,0.370488255384396,-0.012288007139929,0.00522023386433501,0.0133508786628183
171,3,0.324812055238039,0.185955678025263,0.28356448050796,0.365268021520061,8,6,10,0.309902554024152,0.173849386940777,0.277542019431978,0.350315432801458,-0.00602246107598203,-0.014952588718603,0.0161198618728391
171,4,0.324812055238039,0.185955678025263,0.28356448050796,0.365268021520061,9,5,10,0.326575004711729,0.169463894769201,0.298213640395103,0.348180355362304,0.014649159887143,-0.017087666157757,0.0225074703180529
171,5,0.324812055238039,0.185955678025263,0.28356448050796,0.365268021520061,9,7,8,0.342925168974381,0.20727800481136,0.285682548267209,0.388526000528182,0.002118067759249,0.023257979008121,0.0233542244267491
171,6,0.324812055238039,0.185955678025263,0.28356448050796,0.365268021520061,10,5,9,0.350985176281301,0.182738349893735,0.312619715294281,0.36621810050609,0.029055234786321,0.000950078986029002,0.0290707639832174
172,1,0.333683783106766,0.206328774864407,0.277573787255319,0.386176345109382,9,7,8,0.342925168974381,0.20727800481136,0.285682548267209,0.388526000528182,0.00810876101189001,0.0023496554188,0.008442327033173
172,2,0.333683783106766,0.206328774864407,0.277573787255319,0.386176345109382,8,8,8,0.324967932767801,0.212909162671311,0.265010927304084,0.390661077967335,-0.012562859951235,0.00448473285795303,0.0133393507698669
172,3,0.333683783106766,0.206328774864407,0.277573787255319,0.386176345109382,8,7,9,0.317082708045534,0.19246526182571,0.271276473368031,0.370488255384396,-0.00629731388728799,-0.015688089724986,0.0169048017265581
172,4,0.333683783106766,0.206328774864407,0.277573787255319,0.386176345109382,9,8,7,0.352338513987377,0.229048872581743,0.279417002203262,0.408698823111121,0.00184321494794298,0.022522478001739,0.0225977754808551
172,5,0.333683783106766,0.206328774864407,0.277573787255319,0.386176345109382,9,6,9,0.334375189199343,0.187503899127905,0.291948094331156,0.368353177945243,0.014374307075837,-0.017823167164139,0.0228972922344826
172,6,0.333683783106766,0.206328774864407,0.277573787255319,0.386176345109382,10,6,8,0.360140315142992,0.201879556824021,0.306354169230333,0.386390923089029,0.028780381975014,0.000214577979647024,0.0287811818787391
173,1,0.343479262427778,0.228823180886066,0.271583094002678,0.407084668698704,9,8,7,0.352338513987377,0.229048872581743,0.279417002203262,0.408698823111121,0.00783390820058399,0.00161415441241697,0.00799847561490953
173,2,0.343479262427778,0.228823180886066,0.271583094002678,0.407084668698704,8,9,7,0.333667444460313,0.235464252819174,0.258745381240137,0.410833900550274,-0.012837712762541,0.00374923185157,0.0133739899973917
173,3,0.343479262427778,0.228823180886066,0.271583094002678,0.407084668698704,8,8,8,0.324967932767801,0.212909162671311,0.265010927304084,0.390661077967335,-0.00657216669859401,-0.016423590731369,0.0176897627916719
173,4,0.343479262427778,0.228823180886066,0.271583094002678,0.407084668698704,9,9,6,0.362752950079068,0.253135030131721,0.273151456139314,0.42887164569406,0.00156836213663603,0.021786976995356,0.0218433542842624
173,5,0.343479262427778,0.228823180886066,0.271583094002678,0.407084668698704,9,7,8,0.342925168974381,0.20727800481136,0.285682548267209,0.388526000528182,0.014099454264531,-0.018558668170522,0.0233070541858286
173,6,0.343479262427778,0.228823180886066,0.271583094002678,0.407084668698704,10,7,7,0.370199881719676,0.222911705913429,0.300088623166386,0.406563745671968,0.028505529163708,-0.000520923026736009,0.028510288558743
174,1,0.354350692680531,0.253788408020688,0.265592400750037,0.427992992288026,9,9,6,0.362752950079068,0.253135030131721,0.273151456139314,0.42887164569406,0.00755905538927704,0.000878653406033991,0.00760995073480068
174,2,0.354350692680531,0.253788408020688,0.265592400750037,0.427992992288026,8,10,6,0.343314244473728,0.260475362825299,0.25247983517619,0.431006723133213,-0.013112565573847,0.00301373084518697,0.0134544397704129
174,3,0.354350692680531,0.253788408020688,0.265592400750037,0.427992992288026,8,9,7,0.333667444460313,0.235464252819174,0.258745381240137,0.410833900550274,-0.00684701950989997,-0.017159091737752,0.0184747423644699
174,4,0.354350692680531,0.253788408020688,0.265592400750037,0.427992992288026,9,10,5,0.374337141991235,0.2799265596038,0.266885910075367,0.449044468276999,0.00129350932533001,0.021051475988973,0.0210911784329141
174,5,0.354350692680531,0.253788408020688,0.265592400750037,0.427992992288026,9,8,7,0.352338513987377,0.229048872581743,0.279417002203262,0.408698823111121,0.013824601453225,-0.019294169176905,0.0237357234894482
174,6,0.354350692680531,0.253788408020688,0.265592400750037,0.427992992288026,10,8,6,0.38130486128204,0.246129563662075,0.293823077102439,0.426736568254906,0.028230676352402,-0.00125642403311998,0.0282586214926537
175,1,0.366485652032794,0.281655212061671,0.259601707497396,0.448901315877348,9,10,5,0.374337141991235,0.2799265596038,0.266885910075367,0.449044468276999,0.00728420257797102,0.000143152399651014,0.00728560908959886
175,2,0.366485652032794,0.281655212061671,0.259601707497396,0.448901315877348,8,11,5,0.354071966946226,0.288366744402695,0.246214289112243,0.451179545716152,-0.013387418385153,0.00227822983880399,0.0135798859427297
175,3,0.366485652032794,0.281655212061671,0.259601707497396,0.448901315877348,8,10,6,0.343314244473728,0.260475362825299,0.25247983517619,0.431006723133213,-0.00712187232120598,-0.017894592744135,0.0192597381819694
175,4,0.366485652032794,0.281655212061671,0.259601707497396,0.448901315877348,9,11,4,0.387299897991901,0.309906385737936,0.26062036401142,0.469217290859938,0.00101865651402405,0.02031597498259,0.0203414970094825
175,5,0.366485652032794,0.281655212061671,0.259601707497396,0.448901315877348,9,9,6,0.362752950079068,0.253135030131721,0.273151456139314,0.42887164569406,0.013549748641918,-0.020029670183288,0.024182294678348
175,6,0.366485652032794,0.281655212061671,0.259601707497396,0.448901315877348,10,9,5,0.393627148190653,0.271892520088557,0.287557531038492,0.446909390837845,0.027955823541096,-0.00199192503950302,0.0280266986144266
176,1,0.380118011271704,0.312960655491616,0.253611014244755,0.46980963946667,9,11,4,0.387299897991901,0.309906385737936,0.26062036401142,0.469217290859938,0.00700934976666501,-0.000592348606731963,0.00703433444068052
176,2,0.380118011271704,0.312960655491616,0.253611014244755,0.46980963946667,8,12,4,0.366144236790391,0.319666332730028,0.239948743048295,0.471352368299091,-0.01366227119646,0.00154272883242101,0.0137490969338355
176,3,0.380118011271704,0.312960655491616,0.253611014244755,0.46980963946667,9,12,3,0.401902868563146,0.343679644969638,0.254354817947473,0.489390113442877,0.000743803702717982,0.019580473976207,0.0195945963235045
176,4,0.380118011271704,0.312960655491616,0.253611014244755,0.46980963946667,8,11,5,0.354071966946226,0.288366744402695,0.246214289112243,0.451179545716152,-0.00739672513251202,-0.018630093750518,0.0200447483356371
176,5,0.380118011271704,0.312960655491616,0.253611014244755,0.46980963946667,9,10,5,0.374337141991235,0.2799265596038,0.266885910075367,0.449044468276999,0.013274895830612,-0.020765171189671,0.0246457946483764
176,6,0.380118011271704,0.312960655491616,0.253611014244755,0.46980963946667,10,11,3,0.42282284689812,0.332933747193522,0.275026438910598,0.487255036003723,0.021415424665843,0.017445396537053,0.0276217717381311
177,1,0.395543153587646,0.348383058298632,0.247620320992113,0.490717963055992,9,12,3,0.401902868563146,0.343679644969638,0.254354817947473,0.489390113442877,0.00673449695535999,-0.00132784961311505,0.00686415572643882
177,2,0.395543153587646,0.348383058298632,0.247620320992113,0.490717963055992,8,13,3,0.379787681433704,0.355039481791045,0.233683196984348,0.49152519088203,-0.013937124007765,0.000807227826037982,0.0139604814519754
177,3,0.395543153587646,0.348383058298632,0.247620320992113,0.490717963055992,9,13,2,0.418478391059931,0.382014955956788,0.248089271883526,0.509562936025815,0.000468950891412995,0.018844972969823,0.0188508069103664
177,4,0.395543153587646,0.348383058298632,0.247620320992113,0.490717963055992,8,12,4,0.366144236790391,0.319666332730028,0.239948743048295,0.471352368299091,-0.00767157794381801,-0.019365594756901,0.0208297712046145
177,5,0.395543153587646,0.348383058298632,0.247620320992113,0.490717963055992,9,11,4,0.387299897991901,0.309906385737936,0.26062036401142,0.469217290859938,0.013000043019307,-0.021500672196054,0.025125286533411
177,6,0.395543153587646,0.348383058298632,0.247620320992113,0.490717963055992,10,12,2,0.440293317290716,0.369460324671604,0.268760892846651,0.507427858586662,0.021140571854538,0.0167098955306699,0.0269470663891784
178,1,0.413139621613217,0.388791708385337,0.241629627739472,0.511626286645314,9,13,2,0.418478391059931,0.382014955956788,0.248089271883526,0.509562936025815,0.00645964414405401,-0.00206335061949892,0.00678118118374651
178,2,0.413139621613217,0.388791708385337,0.241629627739472,0.511626286645314,8,14,2,0.39533037649913,0.395336788206894,0.227417650920401,0.511698013464969,-0.014211976819071,7.17268196550602e-05,0.0142121578179553
178,3,0.413139621613217,0.388791708385337,0.241629627739472,0.511626286645314,9,14,1,0.437455089448371,0.425903625793365,0.241823725819579,0.529735758608754,0.000194098080107008,0.01810947196344,0.0181105121092509
178,4,0.413139621613217,0.388791708385337,0.241629627739472,0.511626286645314,8,13,3,0.379787681433704,0.355039481791045,0.233683196984348,0.49152519088203,-0.007946430755124,-0.0201010957632839,0.0216148054034889
178,5,0.413139621613217,0.388791708385337,0.241629627739472,0.511626286645314,9,12,3,0.401902868563146,0.343679644969638,0.254354817947473,0.489390113442877,0.012725190208001,-0.022236173202437,0.0256198724532067
178,6,0.413139621613217,0.388791708385337,0.241629627739472,0.511626286645314,10,13,1,0.46021661778568,0.411115183573217,0.262495346782704,0.527600681169601,0.020865719043232,0.0159743945242871,0.0262784990364493
179,1,0.433400598035076,0.435319153862242,0.235638934486831,0.532534610234636,9,14,1,0.437455089448371,0.425903625793365,0.241823725819579,0.529735758608754,0.00618479133274802,-0.002798851625882,0.00678860915455716
179,2,0.433400598035076,0.435319153862242,0.235638934486831,0.532534610234636,8,15,1,0.413198571018942,0.441663381286917,0.221152104856454,0.531870836047908,-0.014486829630377,-0.000663774186728028,0.01450202844124
179,3,0.433400598035076,0.435319153862242,0.235638934486831,0.532534610234636,9,15,0,0.459395468138829,0.476646595762345,0.235558179755632,0.549908581191693,-8.07547311989787e-05,0.017373970957057,0.0173741586312336
179,4,0.433400598035076,0.435319153862242,0.235638934486831,0.532534610234636,8,14,2,0.39533037649913,0.395336788206894,0.227417650920401,0.511698013464969,-0.00822128356642998,-0.020836596769667,0.022399849741044
179,5,0.433400598035076,0.435319153862242,0.235638934486831,0.532534610234636,10,14,0,0.483148309360671,0.459059869102254,0.256229800718757,0.54777350375254,0.020590866231926,0.015238893517904,0.025616550271867
179,6,0.433400598035076,0.435319153862242,0.235638934486831,0.532534610234636,9,13,2,0.418478391059931,0.382014955956788,0.248089271883526,0.509562936025815,0.012450337396695,-0.022971674208821,0.0261286952840694
180,1,0.456980858276358,0.489469025510277,0.22964824123419,0.553442933823958,9,15,0,0.459395468138829,0.476646595762345,0.235558179755632,0.549908581191693,0.005909938521442,-0.00353435263226509,0.00688614709808201
180,2,0.456980858276358,0.489469025510277,0.22964824123419,0.553442933823958,8,16,0,0.433956378512193,0.495481829474673,0.214886558792507,0.552043658630847,-0.014761682441683,-0.001399275193111,0.0148278535053172
180,3,0.456980858276358,0.489469025510277,0.22964824123419,0.553442933823958,8,15,1,0.413198571018942,0.441663381286917,0.221152104856454,0.531870836047908,-0.008496136377736,-0.0215720977760501,0.023184903187388
180,4,0.456980858276358,0.489469025510277,0.22964824123419,0.553442933823958,9,14,1,0.437455089448371,0.425903625793365,0.241823725819579,0.529735758608754,0.012175484585389,-0.023707175215204,0.0266509396001985
180,5,0.456980858276358,0.489469025510277,0.22964824123419,0.553442933823958,10,14,0,0.483148309360671,0.459059869102254,0.256229800718757,0.54777350375254,0.026581559484567,-0.00566943007141807,0.0271794360126599
180,6,0.456980858276358,0.489469025510277,0.22964824123419,0.553442933823958,7,16,1,0.387294773590635,0.458493394011635,0.200480483893329,0.534005913487061,-0.029167757340861,-0.0194370203368971,0.0350507607317202
181,1,0.305313807743851,0.104577957485957,0.335113078555502,0.258266219492526,10,0,14,0.315290326921625,0.108108952321405,0.343947445614016,0.265353987591395,0.00883436705851404,0.00708776809886902,0.0113261863814747
181,2,0.305313807743851,0.104577957485957,0.335113078555502,0.258266219492526,9,0,15,0.295989679463043,0.0987271831343877,0.329541370714838,0.24731624244761,-0.00557170784066396,-0.010949977044916,0.0122860052720933
181,3,0.305313807743851,0.104577957485957,0.335113078555502,0.258266219492526,9,1,14,0.301193959908569,0.110763467926149,0.323275824650891,0.267489065030549,-0.011837253904611,0.00922284553802299,0.0150060474416303
181,4,0.305313807743851,0.104577957485957,0.335113078555502,0.258266219492526,10,1,13,0.321341252872464,0.120759992081107,0.337681899550069,0.285526810174334,0.00256882099456701,0.027260590681808,0.0273813558032324
181,5,0.305313807743851,0.104577957485957,0.335113078555502,0.258266219492526,8,1,15,0.281872691764459,0.101176794220003,0.308869749751714,0.249451319886763,-0.026243328803788,-0.00881489960576298,0.027684196968007
181,6,0.305313807743851,0.104577957485957,0.335113078555502,0.258266219492526,11,0,13,0.335402543142772,0.117885213497673,0.358353520513194,0.283391732735181,0.023240441957692,0.025125513242655,0.0342258609547763
182,1,0.311539719671158,0.117448993342986,0.329122385302861,0.279174543081848,10,1,13,0.321341252872464,0.120759992081107,0.337681899550069,0.285526810174334,0.00855951424720802,0.00635226709248599,0.0106591079065013
182,2,0.311539719671158,0.117448993342986,0.329122385302861,0.279174543081848,9,1,14,0.301193959908569,0.110763467926149,0.323275824650891,0.267489065030549,-0.00584656065196998,-0.011685478051299,0.0130664711664839
182,3,0.311539719671158,0.117448993342986,0.329122385302861,0.279174543081848,9,2,13,0.306801576474188,0.123732574932062,0.317010278586944,0.287661887613487,-0.0121121067159169,0.00848734453163896,0.0147897987240024
182,4,0.311539719671158,0.117448993342986,0.329122385302861,0.279174543081848,10,0,14,0.315290326921625,0.108108952321405,0.343947445614016,0.265353987591395,0.014825060311155,-0.013820555490453,0.0202679591299686
182,5,0.311539719671158,0.117448993342986,0.329122385302861,0.279174543081848,10,2,12,0.327871552102048,0.134413286778057,0.331416353486122,0.305699632757273,0.002293968183261,0.026525089675425,0.0266240994648674
182,6,0.311539719671158,0.117448993342986,0.329122385302861,0.279174543081848,8,2,14,0.286628217472701,0.113506372573488,0.302604203687766,0.269624142469702,-0.0265181816150949,-0.00955040061214601,0.0281855301178395
183,1,0.318270489226095,0.1313637382508,0.32313169205022,0.30008286667117,10,2,12,0.327871552102048,0.134413286778057,0.331416353486122,0.305699632757273,0.00828466143590195,0.00561676608610301,0.0100091796054181
183,2,0.318270489226095,0.1313637382508,0.32313169205022,0.30008286667117,9,2,13,0.306801576474188,0.123732574932062,0.317010278586944,0.287661887613487,-0.00612141346327599,-0.012420979057683,0.0138474699327992
183,3,0.318270489226095,0.1313637382508,0.32313169205022,0.30008286667117,9,3,12,0.312861307681973,0.137747317477524,0.310744732522997,0.307834710196426,-0.012386959527223,0.00775184352525599,0.0146125919798342
183,4,0.318270489226095,0.1313637382508,0.32313169205022,0.30008286667117,10,1,13,0.321341252872464,0.120759992081107,0.337681899550069,0.285526810174334,0.014550207499849,-0.014556056496836,0.0205812370626195
183,5,0.318270489226095,0.1313637382508,0.32313169205022,0.30008286667117,10,3,11,0.334940540376274,0.1491928515,0.325150807422175,0.325872455340212,0.00201911537195498,0.025789588669042,0.0258685080861584
183,6,0.318270489226095,0.1313637382508,0.32313169205022,0.30008286667117,8,3,13,0.291758678358526,0.126808039594575,0.296338657623819,0.289796965052641,-0.026793034426401,-0.010285901618529,0.0286995899949872
184,1,0.325570119575492,0.146454508095786,0.317140998797579,0.320991190260492,10,3,11,0.334940540376274,0.1491928515,0.325150807422175,0.325872455340212,0.00800980862459599,0.00488126507971998,0.00937996710981153
184,2,0.325570119575492,0.146454508095786,0.317140998797579,0.320991190260492,9,4,11,0.319430127999834,0.15293946419584,0.30447918645905,0.328007532779365,-0.012661812338529,0.00701634251887301,0.0144758610810643
184,3,0.325570119575492,0.146454508095786,0.317140998797579,0.320991190260492,9,3,12,0.312861307681973,0.137747317477524,0.310744732522997,0.307834710196426,-0.00639626627458201,-0.013156480064066,0.0146289162254598
184,4,0.325570119575492,0.146454508095786,0.317140998797579,0.320991190260492,10,2,12,0.327871552102048,0.134413286778057,0.331416353486122,0.305699632757273,0.014275354688543,-0.015291557503219,0.0209193088403503
184,5,0.325570119575492,0.146454508095786,0.317140998797579,0.320991190260492,10,4,10,0.342617740451746,0.165244041712389,0.318885261358228,0.346045277923151,0.00174426256064897,0.025054087662659,0.0251147319414061
184,6,0.325570119575492,0.146454508095786,0.317140998797579,0.320991190260492,11,2,11,0.349899278904478,0.145579498203949,0.3458224283853,0.323737377901058,0.028681429587721,0.002746187640566,0.0288126005378305
185,1,0.333513909876488,0.162876971342718,0.311150305544937,0.341899513849814,10,4,10,0.342617740451746,0.165244041712389,0.318885261358228,0.346045277923151,0.00773495581329098,0.004145764073337,0.00877592736896424
185,2,0.333513909876488,0.162876971342718,0.311150305544937,0.341899513849814,9,5,10,0.326575004711729,0.169463894769201,0.298213640395103,0.348180355362304,-0.012936665149834,0.00628084151249003,0.0143807605954604
185,3,0.333513909876488,0.162876971342718,0.311150305544937,0.341899513849814,9,4,11,0.319430127999834,0.15293946419584,0.30447918645905,0.328007532779365,-0.00667111908588702,-0.013891981070449,0.0154107419652591
185,4,0.333513909876488,0.162876971342718,0.311150305544937,0.341899513849814,10,3,11,0.334940540376274,0.1491928515,0.325150807422175,0.325872455340212,0.014000501877238,-0.016027058509602,0.0212809928641676
185,5,0.333513909876488,0.162876971342718,0.311150305544937,0.341899513849814,10,5,9,0.350985176281301,0.182738349893735,0.312619715294281,0.36621810050609,0.00146940974934401,0.024318586656276,0.0243629395182575
185,6,0.333513909876488,0.162876971342718,0.311150305544937,0.341899513849814,11,3,10,0.358065776289972,0.161180617474148,0.339556882321352,0.343910200483997,0.028406576776415,0.00201068663418302,0.028477648514146
186,1,0.342191062360745,0.180815538747107,0.305159612292296,0.362807837439136,10,5,9,0.350985176281301,0.182738349893735,0.312619715294281,0.36621810050609,0.00746010300198502,0.00341026306695397,0.00820262342095845
186,2,0.342191062360745,0.180815538747107,0.305159612292296,0.362807837439136,9,6,9,0.334375189199343,0.187503899127905,0.291948094331156,0.368353177945243,-0.01321151796114,0.005545340506107,0.0143281194916219
186,3,0.342191062360745,0.180815538747107,0.305159612292296,0.362807837439136,9,5,10,0.326575004711729,0.169463894769201,0.298213640395103,0.348180355362304,-0.00694597189719298,-0.014627482076832,0.0161928921908545
186,4,0.342191062360745,0.180815538747107,0.305159612292296,0.362807837439136,10,4,10,0.342617740451746,0.165244041712389,0.318885261358228,0.346045277923151,0.013725649065932,-0.016762559515985,0.0216651065958158
186,5,0.342191062360745,0.180815538747107,0.305159612292296,0.362807837439136,10,6,8,0.360140315142992,0.201879556824021,0.306354169230333,0.386390923089029,0.00119455693803699,0.023583085649893,0.0236133202885236
186,6,0.342191062360745,0.180815538747107,0.305159612292296,0.362807837439136,11,4,9,0.366952292065996,0.178157246005802,0.333291336257405,0.364083023066936,0.028131723965109,0.00127518562779999,0.0281606106402975
187,1,0.351708046410646,0.200490318022379,0.299168919039655,0.383716161028458,10,6,8,0.360140315142992,0.201879556824021,0.306354169230333,0.386390923089029,0.00718525019067801,0.00267476206057099,0.00766695326601827
187,2,0.351708046410646,0.200490318022379,0.299168919039655,0.383716161028458,9,7,8,0.342925168974381,0.20727800481136,0.285682548267209,0.388526000528182,-0.013486370772446,0.00480983949972397,0.014318406078366
187,3,0.351708046410646,0.200490318022379,0.299168919039655,0.383716161028458,9,6,9,0.334375189199343,0.187503899127905,0.291948094331156,0.368353177945243,-0.007220824708499,-0.015362983083215,0.0169753220495524
187,4,0.351708046410646,0.200490318022379,0.299168919039655,0.383716161028458,10,5,9,0.350985176281301,0.182738349893735,0.312619715294281,0.36621810050609,0.013450796254626,-0.017498060522368,0.0220704789691551
187,5,0.351708046410646,0.200490318022379,0.299168919039655,0.383716161028458,10,7,7,0.370199881719676,0.222911705913429,0.300088623166386,0.406563745671968,0.000919704126731036,0.02284758464351,0.022866087984679
187,6,0.351708046410646,0.200490318022379,0.299168919039655,0.383716161028458,11,5,8,0.376658440771778,0.196699685495485,0.327025790193458,0.384255845649875,0.027856871153803,0.000539684621417014,0.027862098448792
188,1,0.362192989101413,0.222166190554378,0.293178225787014,0.40462448461778,10,7,7,0.370199881719676,0.222911705913429,0.300088623166386,0.406563745671968,0.00691039737937199,0.00193926105418801,0.00717734807412332
188,2,0.362192989101413,0.222166190554378,0.293178225787014,0.40462448461778,9,8,7,0.352338513987377,0.229048872581743,0.279417002203262,0.408698823111121,-0.013761223583752,0.00407433849334099,0.0143517075179344
188,3,0.362192989101413,0.222166190554378,0.293178225787014,0.40462448461778,9,7,8,0.342925168974381,0.20727800481136,0.285682548267209,0.388526000528182,-0.00749567751980501,-0.016098484089598,0.0177579945788918
188,4,0.362192989101413,0.222166190554378,0.293178225787014,0.40462448461778,10,8,6,0.38130486128204,0.246129563662075,0.293823077102439,0.426736568254906,0.000644851315424966,0.022112083637126,0.0221214844889366
188,5,0.362192989101413,0.222166190554378,0.293178225787014,0.40462448461778,10,6,8,0.360140315142992,0.201879556824021,0.306354169230333,0.386390923089029,0.013175943443319,-0.018233561528751,0.0224959607850896
188,6,0.362192989101413,0.222166190554378,0.293178225787014,0.40462448461778,11,6,7,0.387303100896729,0.217035039119068,0.320760244129511,0.404428668232814,0.027582018342497,-0.000195816384966019,0.0275827134253043
189,1,0.373801477188255,0.246164806043348,0.287187532534373,0.425532808207102,10,8,6,0.38130486128204,0.246129563662075,0.293823077102439,0.426736568254906,0.00663554456806598,0.00120376004780404,0.00674384830549139
189,2,0.373801477188255,0.246164806043348,0.287187532534373,0.425532808207102,9,9,6,0.362752950079068,0.253135030131721,0.273151456139314,0.42887164569406,-0.014036076395059,0.00333883748695801,0.014427725958454
189,3,0.373801477188255,0.246164806043348,0.287187532534373,0.425532808207102,9,8,7,0.352338513987377,0.229048872581743,0.279417002203262,0.408698823111121,-0.00777053033111103,-0.016833985095981,0.0185408790470794
189,4,0.373801477188255,0.246164806043348,0.287187532534373,0.425532808207102,10,9,5,0.393627148190653,0.271892520088557,0.287557531038492,0.446909390837845,0.000369998504119007,0.021376582630743,0.0213797844671557
189,5,0.373801477188255,0.246164806043348,0.287187532534373,0.425532808207102,10,7,7,0.370199881719676,0.222911705913429,0.300088623166386,0.406563745671968,0.012901090632013,-0.018969062535134,0.0229404331466787
189,6,0.373801477188255,0.246164806043348,0.287187532534373,0.425532808207102,11,7,6,0.399029308148464,0.239436559536664,0.314494698065564,0.424601490815753,0.027307165531191,-0.000931317391348996,0.0273230423165374
190,1,0.3867243298738,0.272880651405891,0.281196839281732,0.446441131796424,10,9,5,0.393627148190653,0.271892520088557,0.287557531038492,0.446909390837845,0.00636069175676002,0.000468259041421004,0.00637790452691065
190,2,0.3867243298738,0.272880651405891,0.281196839281732,0.446441131796424,9,10,5,0.374337141991235,0.2799265596038,0.266885910075367,0.449044468276999,-0.014310929206365,0.00260333648057504,0.0145457916794062
190,3,0.3867243298738,0.272880651405891,0.281196839281732,0.446441131796424,9,9,6,0.362752950079068,0.253135030131721,0.273151456139314,0.42887164569406,-0.00804538314241798,-0.017569486102364,0.0193239496948596
190,4,0.3867243298738,0.272880651405891,0.281196839281732,0.446441131796424,10,10,4,0.407378507570407,0.300643325449035,0.281291984974545,0.467082213420784,9.51456928129923e-05,0.02064108162436,0.0206413009116759
190,5,0.3867243298738,0.272880651405891,0.281196839281732,0.446441131796424,10,8,6,0.38130486128204,0.246129563662075,0.293823077102439,0.426736568254906,0.012626237820707,-0.0197045635415179,0.0234028140587146
190,6,0.3867243298738,0.272880651405891,0.281196839281732,0.446441131796424,11,8,5,0.412010720086427,0.264235998804162,0.308229152001617,0.444774313398692,0.027032312719885,-0.00166681839773197,0.0270836521642978
191,1,0.401198170214492,0.302802905396808,0.275206146029091,0.467349455385745,10,10,4,0.407378507570407,0.300643325449035,0.281291984974545,0.467082213420784,0.006085838945454,-0.000267241964961029,0.00609170369747585
191,2,0.401198170214492,0.302802905396808,0.275206146029091,0.467349455385745,9,11,4,0.387299897991901,0.309906385737936,0.26062036401142,0.469217290859938,-0.014585782017671,0.001867835474193,0.0147048919215908
191,3,0.401198170214492,0.302802905396808,0.275206146029091,0.467349455385745,10,11,3,0.42282284689812,0.332933747193522,0.275026438910598,0.487255036003723,-0.000179707118492967,0.019905580617978,0.0199063917972911
191,4,0.401198170214492,0.302802905396808,0.275206146029091,0.467349455385745,9,10,5,0.374337141991235,0.2799265596038,0.266885910075367,0.449044468276999,-0.008320235953724,-0.018304987108746,0.0201071847700517
191,5,0.401198170214492,0.302802905396808,0.275206146029091,0.467349455385745,10,9,5,0.393627148190653,0.271892520088557,0.287557531038492,0.446909390837845,0.012351385009401,-0.0204400645479,0.0238820633608735
191,6,0.401198170214492,0.302802905396808,0.275206146029091,0.467349455385745,11,9,4,0.426460274122658,0.29184014845109,0.30196360593767,0.464947135981631,0.026757459908579,-0.00240231940411401,0.0268650851344007
192,1,0.417520045832107,0.336545664494776,0.26921545277645,0.488257778975067,10,11,3,0.42282284689812,0.332933747193522,0.275026438910598,0.487255036003723,0.00581098613414804,-0.00100274297134401,0.0058968680939835
192,2,0.417520045832107,0.336545664494776,0.26921545277645,0.488257778975067,9,12,3,0.401902868563146,0.343679644969638,0.254354817947473,0.489390113442877,-0.014860634828977,0.00113233446780997,0.0149037125867079
192,3,0.417520045832107,0.336545664494776,0.26921545277645,0.488257778975067,10,12,2,0.440293317290716,0.369460324671604,0.268760892846651,0.507427858586662,-0.000454559929798981,0.0191700796115949,0.0191754681049686
192,4,0.417520045832107,0.336545664494776,0.26921545277645,0.488257778975067,9,11,4,0.387299897991901,0.309906385737936,0.26062036401142,0.469217290859938,-0.00859508876502996,-0.019040488115129,0.020890565778387
192,5,0.417520045832107,0.336545664494776,0.26921545277645,0.488257778975067,10,10,4,0.407378507570407,0.300643325449035,0.281291984974545,0.467082213420784,0.012076532198095,-0.021175565554283,0.0243771861886347
192,6,0.417520045832107,0.336545664494776,0.26921545277645,0.488257778975067,11,11,2,0.460887090364171,0.357608474934741,0.289432513809776,0.505292781147509,0.020217061033326,0.017035002172442,0.026437111336913
193,1,0.436068031900743,0.374890536146109,0.263224759523809,0.509166102564389,10,12,2,0.440293317290716,0.369460324671604,0.268760892846651,0.507427858586662,0.00553613332284197,-0.00173824397772704,0.00580260840436313
193,2,0.436068031900743,0.374890536146109,0.263224759523809,0.509166102564389,9,13,2,0.418478391059931,0.382014955956788,0.248089271883526,0.509562936025815,-0.015135487640283,0.000396833461426049,0.0151406889838365
193,3,0.436068031900743,0.374890536146109,0.263224759523809,0.509166102564389,10,13,1,0.46021661778568,0.411115183573217,0.262495346782704,0.527600681169601,-0.000729412741105051,0.018434578605212,0.0184490035313192
193,4,0.436068031900743,0.374890536146109,0.263224759523809,0.509166102564389,9,12,3,0.401902868563146,0.343679644969638,0.254354817947473,0.489390113442877,-0.00886994157633603,-0.019775989121512,0.0216740768961858
193,5,0.436068031900743,0.374890536146109,0.263224759523809,0.509166102564389,10,11,3,0.42282284689812,0.332933747193522,0.275026438910598,0.487255036003723,0.011801679386789,-0.021911066560666,0.0248872351653312
193,6,0.436068031900743,0.374890536146109,0.263224759523809,0.509166102564389,11,12,1,0.481617234228619,0.397210942388182,0.283166967745829,0.525465603730448,0.01994220822202,0.016299501166059,0.0257558810183764
194,1,0.457330881092768,0.418847935089195,0.257234066271168,0.530074426153711,10,13,1,0.46021661778568,0.411115183573217,0.262495346782704,0.527600681169601,0.00526128051153596,-0.00247374498411002,0.00581381861322466
194,2,0.457330881092768,0.418847935089195,0.257234066271168,0.530074426153711,9,14,1,0.437455089448371,0.425903625793365,0.241823725819579,0.529735758608754,-0.015410340451589,-0.000338667544957039,0.0154140613901686
194,3,0.457330881092768,0.418847935089195,0.257234066271168,0.530074426153711,10,14,0,0.483148309360671,0.459059869102254,0.256229800718757,0.54777350375254,-0.00100426555241101,0.0176990775988289,0.0177275462811165
194,4,0.457330881092768,0.418847935089195,0.257234066271168,0.530074426153711,9,13,2,0.418478391059931,0.382014955956788,0.248089271883526,0.509562936025815,-0.00914479438764201,-0.020511490127896,0.0224577045055594
194,5,0.457330881092768,0.418847935089195,0.257234066271168,0.530074426153711,11,13,0,0.505377184950081,0.442601494489257,0.276901421681881,0.545638426313387,0.019667355410713,0.015564000159676,0.0250807290528344
194,6,0.457330881092768,0.418847935089195,0.257234066271168,0.530074426153711,10,12,2,0.440293317290716,0.369460324671604,0.268760892846651,0.507427858586662,0.011526826575483,-0.0226465675670491,0.0254113115259756
195,1,0.481951721159742,0.469747420824334,0.251243373018526,0.550982749743033,10,14,0,0.483148309360671,0.459059869102254,0.256229800718757,0.54777350375254,0.004986427700231,-0.00320924599049299,0.0059299005925164
195,2,0.481951721159742,0.469747420824334,0.251243373018526,0.550982749743033,9,15,0,0.459395468138829,0.476646595762345,0.235558179755632,0.549908581191693,-0.015685193262894,-0.00107416855134002,0.0157219313626228
195,3,0.481951721159742,0.469747420824334,0.251243373018526,0.550982749743033,9,14,1,0.437455089448371,0.425903625793365,0.241823725819579,0.529735758608754,-0.009419647198947,-0.021246991134279,0.0232414368233283
195,4,0.481951721159742,0.469747420824334,0.251243373018526,0.550982749743033,10,13,1,0.46021661778568,0.411115183573217,0.262495346782704,0.527600681169601,0.011251973764178,-0.0233820685734319,0.0259485653623167
195,5,0.481951721159742,0.469747420824334,0.251243373018526,0.550982749743033,11,13,0,0.505377184950081,0.442601494489257,0.276901421681881,0.545638426313387,0.025658048663355,-0.00534432342964597,0.0262087247711855
195,6,0.481951721159742,0.469747420824334,0.251243373018526,0.550982749743033,8,15,1,0.413198571018942,0.441663381286917,0.221152104856454,0.531870836047908,-0.030091268162072,-0.019111913695125,0.0356475758599604
196,1,0.326185626748768,0.114381698120198,0.350717517087197,0.276714359000924,11,0,13,0.335402543142772,0.117885213497673,0.358353520513194,0.283391732735181,0.00763600342599702,0.00667737373425698,0.0101437600675875
196,2,0.326185626748768,0.114381698120198,0.350717517087197,0.276714359000924,10,0,14,0.315290326921625,0.108108952321405,0.343947445614016,0.265353987591395,-0.00677007147318098,-0.011360371409529,0.0132246703669476
196,3,0.326185626748768,0.114381698120198,0.350717517087197,0.276714359000924,10,1,13,0.321341252872464,0.120759992081107,0.337681899550069,0.285526810174334,-0.013035617537128,0.00881245117341001,0.0157348854542388
196,4,0.326185626748768,0.114381698120198,0.350717517087197,0.276714359000924,11,1,12,0.342368699155288,0.13119322373461,0.352087974449247,0.30356455531812,0.00137045736204999,0.026850196317196,0.0268851482356553
196,5,0.326185626748768,0.114381698120198,0.350717517087197,0.276714359000924,9,1,14,0.301193959908569,0.110763467926149,0.323275824650891,0.267489065030549,-0.027441692436306,-0.00922529397037503,0.0289508641081515
196,6,0.326185626748768,0.114381698120198,0.350717517087197,0.276714359000924,12,0,12,0.356378615659899,0.128081382886711,0.372759595412372,0.301429477878966,0.022042078325175,0.024715118878042,0.033116314982934
197,1,0.33337725372612,0.127921750993516,0.344726823834556,0.297622682590245,11,1,12,0.342368699155288,0.13119322373461,0.352087974449247,0.30356455531812,0.007361150614691,0.005941872727875,0.00946004174866213
197,2,0.33337725372612,0.127921750993516,0.344726823834556,0.297622682590245,10,1,13,0.321341252872464,0.120759992081107,0.337681899550069,0.285526810174334,-0.007044924284487,-0.012095872415911,0.0139978958303079
197,3,0.33337725372612,0.127921750993516,0.344726823834556,0.297622682590245,10,2,12,0.327871552102048,0.134413286778057,0.331416353486122,0.305699632757273,-0.013310470348434,0.00807695016702803,0.0155693848593063
197,4,0.33337725372612,0.127921750993516,0.344726823834556,0.297622682590245,11,0,13,0.335402543142772,0.117885213497673,0.358353520513194,0.283391732735181,0.013626696678638,-0.014230949855064,0.0197029641462637
197,5,0.33337725372612,0.127921750993516,0.344726823834556,0.297622682590245,11,2,11,0.349899278904478,0.145579498203949,0.3458224283853,0.323737377901058,0.00109560455074398,0.026114695310813,0.0261376674649482
197,6,0.33337725372612,0.127921750993516,0.344726823834556,0.297622682590245,12,0,12,0.356378615659899,0.128081382886711,0.372759595412372,0.301429477878966,0.028032771577816,0.00380679528872102,0.0282900684464396
198,1,0.341165200860041,0.142584527066298,0.338736130581915,0.318531006179567,11,2,11,0.349899278904478,0.145579498203949,0.3458224283853,0.323737377901058,0.00708629780338499,0.00520637172149102,0.00879328852367533
198,2,0.341165200860041,0.142584527066298,0.338736130581915,0.318531006179567,10,2,12,0.327871552102048,0.134413286778057,0.331416353486122,0.305699632757273,-0.00731977709579301,-0.012831373422294,0.0147723823615031
198,3,0.341165200860041,0.142584527066298,0.338736130581915,0.318531006179567,10,3,11,0.334940540376274,0.1491928515,0.325150807422175,0.325872455340212,-0.01358532315974,0.007341449160645,0.0154420815025988
198,4,0.341165200860041,0.142584527066298,0.338736130581915,0.318531006179567,11,1,12,0.342368699155288,0.13119322373461,0.352087974449247,0.30356455531812,0.013351843867332,-0.014966450861447,0.0200565796198085
198,5,0.341165200860041,0.142584527066298,0.338736130581915,0.318531006179567,11,3,10,0.358065776289972,0.161180617474148,0.339556882321352,0.343910200483997,0.00082075173943702,0.02537919430443,0.0253924622075096
198,6,0.341165200860041,0.142584527066298,0.338736130581915,0.318531006179567,12,1,11,0.364335262173249,0.142092418887227,0.366494049348424,0.321602300461905,0.027757918766509,0.00307129428233804,0.0279273146366928
199,1,0.349626845267373,0.158515708290144,0.332745437329274,0.339439329768889,11,3,10,0.358065776289972,0.161180617474148,0.339556882321352,0.343910200483997,0.00681144499207803,0.00447087071510799,0.0081476664040273
199,2,0.349626845267373,0.158515708290144,0.332745437329274,0.339439329768889,10,4,10,0.342617740451746,0.165244041712389,0.318885261358228,0.346045277923151,-0.013860175971046,0.00660594815426196,0.0153539255229781
199,3,0.349626845267373,0.158515708290144,0.332745437329274,0.339439329768889,10,3,11,0.334940540376274,0.1491928515,0.325150807422175,0.325872455340212,-0.00759462990709897,-0.013566874428677,0.0155479415097077
199,4,0.349626845267373,0.158515708290144,0.332745437329274,0.339439329768889,11,2,11,0.349899278904478,0.145579498203949,0.3458224283853,0.323737377901058,0.013076991056026,-0.015701951867831,0.0204342601417097
199,5,0.349626845267373,0.158515708290144,0.332745437329274,0.339439329768889,11,4,9,0.366952292065996,0.178157246005802,0.333291336257405,0.364083023066936,0.000545898928131006,0.024643693298047,0.024649738842591
199,6,0.349626845267373,0.158515708290144,0.332745437329274,0.339439329768889,12,2,10,0.372951578516354,0.157265082178543,0.360228503284477,0.341775123044844,0.027483065955203,0.00233579327595496,0.0275821472065906
200,1,0.358853556297825,0.17588732052651,0.326754744076633,0.360347653358211,11,4,9,0.366952292065996,0.178157246005802,0.333291336257405,0.364083023066936,0.00653659218077196,0.00373536970872501,0.00752861369699558
200,2,0.358853556297825,0.17588732052651,0.326754744076633,0.360347653358211,10,5,9,0.350985176281301,0.182738349893735,0.312619715294281,0.36621810050609,-0.014135028782352,0.00587044714787899,0.0153055933695483
200,3,0.358853556297825,0.17588732052651,0.326754744076633,0.360347653358211,10,4,10,0.342617740451746,0.165244041712389,0.318885261358228,0.346045277923151,-0.00786948271840504,-0.01430237543506,0.0163244203983077
200,4,0.358853556297825,0.17588732052651,0.326754744076633,0.360347653358211,11,3,10,0.358065776289972,0.161180617474148,0.339556882321352,0.343910200483997,0.012802138244719,-0.016437452874214,0.0208346970371278
200,5,0.358853556297825,0.17588732052651,0.326754744076633,0.360347653358211,11,5,8,0.376658440771778,0.196699685495485,0.327025790193458,0.384255845649875,0.000271046116824991,0.023908192291664,0.0239097286612088
200,6,0.358853556297825,0.17588732052651,0.326754744076633,0.360347653358211,12,3,9,0.382313150443892,0.173750082621641,0.35396295722053,0.361947945627783,0.027208213143897,0.00160029226957198,0.027255234319884
201,1,0.368954008086003,0.194903970261961,0.320764050823992,0.381255976947533,11,5,8,0.376658440771778,0.196699685495485,0.327025790193458,0.384255845649875,0.006261739369466,0.00299986870234203,0.00694324075359711
201,2,0.368954008086003,0.194903970261961,0.320764050823992,0.381255976947533,10,6,8,0.360140315142992,0.201879556824021,0.306354169230333,0.386390923089029,-0.014409881593659,0.00513494614149601,0.015297462515703
201,3,0.368954008086003,0.194903970261961,0.320764050823992,0.381255976947533,10,5,9,0.350985176281301,0.182738349893735,0.312619715294281,0.36621810050609,-0.008144335529711,-0.015037876441443,0.0171016937491179
201,4,0.368954008086003,0.194903970261961,0.320764050823992,0.381255976947533,11,4,9,0.366952292065996,0.178157246005802,0.333291336257405,0.364083023066936,0.012527285433413,-0.017172953880597,0.0212566042752673
201,5,0.368954008086003,0.194903970261961,0.320764050823992,0.381255976947533,11,6,7,0.387303100896729,0.217035039119068,0.320760244129511,0.404428668232814,-3.80669448102333e-06,0.023172691285281,0.0231726915979534
201,6,0.368954008086003,0.194903970261961,0.320764050823992,0.381255976947533,12,4,8,0.392521038157742,0.191725379376123,0.347697411156583,0.382120768210722,0.026933360332591,0.000864791263189002,0.0269472403547019
202,1,0.380058479941049,0.215810941177039,0.314773357571351,0.402164300536855,11,6,7,0.387303100896729,0.217035039119068,0.320760244129511,0.404428668232814,0.00598688655815999,0.002264367695959,0.00640079461651281
202,2,0.380058479941049,0.215810941177039,0.314773357571351,0.402164300536855,10,7,7,0.370199881719676,0.222911705913429,0.300088623166386,0.406563745671968,-0.014684734404965,0.00439944513511303,0.015329596930162
202,3,0.380058479941049,0.215810941177039,0.314773357571351,0.402164300536855,10,6,8,0.360140315142992,0.201879556824021,0.306354169230333,0.386390923089029,-0.00841918834101801,-0.015773377447826,0.0178796579506745
202,4,0.380058479941049,0.215810941177039,0.314773357571351,0.402164300536855,11,5,8,0.376658440771778,0.196699685495485,0.327025790193458,0.384255845649875,0.012252432622107,-0.01790845488698,0.0216987294927207
202,5,0.380058479941049,0.215810941177039,0.314773357571351,0.402164300536855,11,7,6,0.399029308148464,0.239436559536664,0.314494698065564,0.424601490815753,-0.000278659505786982,0.022437190278898,0.0224389206231414
202,6,0.380058479941049,0.215810941177039,0.314773357571351,0.402164300536855,12,5,7,0.403695439224398,0.211402631013032,0.341431865092636,0.402293590793661,0.026658507521285,0.000129290256806025,0.0266588210398156
203,1,0.392324506229545,0.238904831476798,0.308782664318709,0.423072624126177,11,7,6,0.399029308148464,0.239436559536664,0.314494698065564,0.424601490815753,0.00571203374685503,0.00152886668957597,0.00591310095294387
203,2,0.392324506229545,0.238904831476798,0.308782664318709,0.423072624126177,10,8,6,0.38130486128204,0.246129563662075,0.293823077102439,0.426736568254906,-0.01495958721627,0.003663944128729,0.015401744584937
203,3,0.392324506229545,0.238904831476798,0.308782664318709,0.423072624126177,10,7,7,0.370199881719676,0.222911705913429,0.300088623166386,0.406563745671968,-0.00869404115232297,-0.016508878454209,0.0186582265870616
203,4,0.392324506229545,0.238904831476798,0.308782664318709,0.423072624126177,11,8,5,0.412010720086427,0.264235998804162,0.308229152001617,0.444774313398692,-0.000553512317091998,0.021701689272515,0.0217087469275858
203,5,0.392324506229545,0.238904831476798,0.308782664318709,0.423072624126177,11,6,7,0.387303100896729,0.217035039119068,0.320760244129511,0.404428668232814,0.011977579810802,-0.018643955893363,0.0221598625780441
203,6,0.392324506229545,0.238904831476798,0.308782664318709,0.423072624126177,12,6,6,0.41598044364443,0.233035568822543,0.335166319028689,0.4224664133766,0.02638365470998,-0.000606210749577007,0.0263906181687423
204,1,0.405944397078531,0.264547713512371,0.302791971066068,0.443980947715499,11,8,5,0.412010720086427,0.264235998804162,0.308229152001617,0.444774313398692,0.00543718093554901,0.000793365683192992,0.00549475801406813
204,2,0.405944397078531,0.264547713512371,0.302791971066068,0.443980947715499,10,9,5,0.393627148190653,0.271892520088557,0.287557531038492,0.446909390837845,-0.015234440027576,0.00292844312234597,0.0155133472234274
204,3,0.405944397078531,0.264547713512371,0.302791971066068,0.443980947715499,10,8,6,0.38130486128204,0.246129563662075,0.293823077102439,0.426736568254906,-0.00896889396362899,-0.017244379460593,0.019437327025899
204,4,0.405944397078531,0.264547713512371,0.302791971066068,0.443980947715499,11,9,4,0.426460274122658,0.29184014845109,0.30196360593767,0.464947135981631,-0.000828365128397957,0.020966188266132,0.0209825460608773
204,5,0.405944397078531,0.264547713512371,0.302791971066068,0.443980947715499,11,7,6,0.399029308148464,0.239436559536664,0.314494698065564,0.424601490815753,0.011702726999496,-0.019379456899746,0.0226388420409227
204,6,0.405944397078531,0.264547713512371,0.302791971066068,0.443980947715499,12,7,5,0.429550280855274,0.256930997300266,0.328900772964742,0.442639235959539,0.026108801898674,-0.00134171175595998,0.0261432539485866
205,1,0.421155394835877,0.293186255881016,0.296801277813427,0.464889271304821,11,9,4,0.426460274122658,0.29184014845109,0.30196360593767,0.464947135981631,0.005162328124243,5.78646768100155e-05,0.00516265241742775
205,2,0.421155394835877,0.293186255881016,0.296801277813427,0.464889271304821,10,10,4,0.407378507570407,0.300643325449035,0.281291984974545,0.467082213420784,-0.015509292838882,0.00219294211596299,0.0156635615198511
205,3,0.421155394835877,0.293186255881016,0.296801277813427,0.464889271304821,10,9,5,0.393627148190653,0.271892520088557,0.287557531038492,0.446909390837845,-0.009243746774935,-0.017979880466976,0.0202168977849191
205,4,0.421155394835877,0.293186255881016,0.296801277813427,0.464889271304821,11,10,3,0.442641959139349,0.322753327751998,0.295698059873723,0.48511995856457,-0.00110321793970403,0.020230687259749,0.0202607452188772
205,5,0.421155394835877,0.293186255881016,0.296801277813427,0.464889271304821,11,8,5,0.412010720086427,0.264235998804162,0.308229152001617,0.444774313398692,0.01142787418819,-0.020114957906129,0.0231345594301348
205,6,0.421155394835877,0.293186255881016,0.296801277813427,0.464889271304821,12,8,4,0.444617634922129,0.283463436552032,0.322635226900795,0.462812058542478,0.025833949087368,-0.00207721276234302,0.0259173250608307
206,1,0.438253610846274,0.325377962924397,0.290810584560786,0.485797594894143,11,10,3,0.442641959139349,0.322753327751998,0.295698059873723,0.48511995856457,0.00488747531293698,-0.000677636329572961,0.00493422799733916
206,2,0.438253610846274,0.325377962924397,0.290810584560786,0.485797594894143,10,11,3,0.42282284689812,0.332933747193522,0.275026438910598,0.487255036003723,-0.015784145650188,0.00145744110958002,0.0158512898053831
206,3,0.438253610846274,0.325377962924397,0.290810584560786,0.485797594894143,11,11,2,0.460887090364171,0.357608474934741,0.289432513809776,0.505292781147509,-0.00137807075100999,0.019495186253366,0.019543831918235
206,4,0.438253610846274,0.325377962924397,0.290810584560786,0.485797594894143,10,10,4,0.407378507570407,0.300643325449035,0.281291984974545,0.467082213420784,-0.00951859958624102,-0.018715381473359,0.0209968864781552
206,5,0.438253610846274,0.325377962924397,0.290810584560786,0.485797594894143,11,9,4,0.426460274122658,0.29184014845109,0.30196360593767,0.464947135981631,0.011153021376884,-0.020850458912512,0.0236459620801434
206,6,0.438253610846274,0.325377962924397,0.290810584560786,0.485797594894143,12,9,3,0.461444873400647,0.313094895448214,0.316369680836848,0.482984881125416,0.025559096276062,-0.00281271376872699,0.0257133965316485
207,1,0.457613492686656,0.361827826712587,0.284819891308145,0.506705918483465,11,11,2,0.460887090364171,0.357608474934741,0.289432513809776,0.505292781147509,0.00461262250163103,-0.00141313733595605,0.00482423501426141
207,2,0.457613492686656,0.361827826712587,0.284819891308145,0.506705918483465,10,12,2,0.440293317290716,0.369460324671604,0.268760892846651,0.507427858586662,-0.016058998461494,0.000721940103196927,0.0160752178554093
207,3,0.457613492686656,0.361827826712587,0.284819891308145,0.506705918483465,11,12,1,0.481617234228619,0.397210942388182,0.283166967745829,0.525465603730448,-0.001652923562316,0.018759685246983,0.0188323643462188
207,4,0.457613492686656,0.361827826712587,0.284819891308145,0.506705918483465,10,11,3,0.42282284689812,0.332933747193522,0.275026438910598,0.487255036003723,-0.00979345239754698,-0.019450882479742,0.0217772481986075
207,5,0.457613492686656,0.361827826712587,0.284819891308145,0.506705918483465,11,10,3,0.442641959139349,0.322753327751998,0.295698059873723,0.48511995856457,0.010878168565578,-0.021585959918895,0.02417205446298
207,6,0.457613492686656,0.361827826712587,0.284819891308145,0.506705918483465,12,11,1,0.501775449298425,0.384113904509029,0.303838588708953,0.523330526291294,0.019018697400808,0.0166246078078289,0.0252604124191911
208,1,0.479715563586405,0.403440553503737,0.278829198055504,0.527614242072786,11,12,1,0.481617234228619,0.397210942388182,0.283166967745829,0.525465603730448,0.00433776969032501,-0.00214863834233792,0.00484075331043289
208,2,0.479715563586405,0.403440553503737,0.278829198055504,0.527614242072786,10,13,1,0.46021661778568,0.411115183573217,0.262495346782704,0.527600681169601,-0.0163338512728,-1.35609031849393e-05,0.0163338569021541
208,3,0.479715563586405,0.403440553503737,0.278829198055504,0.527614242072786,11,13,0,0.505377184950081,0.442601494489257,0.276901421681881,0.545638426313387,-0.00192777637362301,0.018024184240601,0.0181269837338105
208,4,0.479715563586405,0.403440553503737,0.278829198055504,0.527614242072786,10,12,2,0.440293317290716,0.369460324671604,0.268760892846651,0.507427858586662,-0.010068305208853,-0.020186383486124,0.0225579442331848
208,5,0.479715563586405,0.403440553503737,0.278829198055504,0.527614242072786,12,12,0,0.526224201041202,0.427166255805644,0.297573042645006,0.543503348874233,0.018743844589502,0.0158891068014471,0.0245722490819053
208,6,0.479715563586405,0.403440553503737,0.278829198055504,0.527614242072786,11,11,2,0.460887090364171,0.357608474934741,0.289432513809776,0.505292781147509,0.010603315754272,-0.022321460925277,0.0247118984058987
209,1,0.505186847538919,0.451396674219459,0.272838504802863,0.548522565662108,11,13,0,0.505377184950081,0.442601494489257,0.276901421681881,0.545638426313387,0.004062916879018,-0.002884139348721,0.0049825247965916
209,2,0.505186847538919,0.451396674219459,0.272838504802863,0.548522565662108,10,14,0,0.483148309360671,0.459059869102254,0.256229800718757,0.54777350375254,-0.016608704084106,-0.000749061909568027,0.0166255870602443
209,3,0.505186847538919,0.451396674219459,0.272838504802863,0.548522565662108,10,13,1,0.46021661778568,0.411115183573217,0.262495346782704,0.527600681169601,-0.010343158020159,-0.020921884492507,0.0233389410331271
209,4,0.505186847538919,0.451396674219459,0.272838504802863,0.548522565662108,12,12,0,0.526224201041202,0.427166255805644,0.297573042645006,0.543503348874233,0.024734537842143,-0.00501921678787498,0.0252386588278397
209,5,0.505186847538919,0.451396674219459,0.272838504802863,0.548522565662108,11,12,1,0.481617234228619,0.397210942388182,0.283166967745829,0.525465603730448,0.010328462942966,-0.02305696193166,0.0252646124110828
209,6,0.505186847538919,0.451396674219459,0.272838504802863,0.548522565662108,9,14,1,0.437455089448371,0.425903625793365,0.241823725819579,0.529735758608754,-0.031014778983284,-0.018786807053354,0.036261007082566
210,1,0.347945347447924,0.12460249669831,0.366321955618893,0.295162498509321,12,0,12,0.356378615659899,0.128081382886711,0.372759595412372,0.301429477878966,0.006437639793479,0.00626697936964499,0.00898433283723061
210,2,0.347945347447924,0.12460249669831,0.366321955618893,0.295162498509321,11,0,13,0.335402543142772,0.117885213497673,0.358353520513194,0.283391732735181,-0.007968435105699,-0.01177076577414,0.0142143197144078
210,3,0.347945347447924,0.12460249669831,0.366321955618893,0.295162498509321,11,1,12,0.342368699155288,0.13119322373461,0.352087974449247,0.30356455531812,-0.014233981169646,0.00840205680879896,0.0165287863606534
210,4,0.347945347447924,0.12460249669831,0.366321955618893,0.295162498509321,12,1,11,0.364335262173249,0.142092418887227,0.366494049348424,0.321602300461905,0.000172093729530975,0.026439801952584,0.0264403620161224
210,5,0.347945347447924,0.12460249669831,0.366321955618893,0.295162498509321,10,1,13,0.321341252872464,0.120759992081107,0.337681899550069,0.285526810174334,-0.028640056068824,-0.00963568833498701,0.03021753301172
210,6,0.347945347447924,0.12460249669831,0.366321955618893,0.295162498509321,13,0,11,0.378275422276116,0.138725107976605,0.387165670311549,0.319467223022752,0.020843714692656,0.024304724513431,0.0320184333761447
211,1,0.356181572102029,0.13885815522008,0.360331262366251,0.316070822098643,12,1,11,0.364335262173249,0.142092418887227,0.366494049348424,0.321602300461905,0.00616278698217299,0.00553147836326201,0.00828113496272562
211,2,0.356181572102029,0.13885815522008,0.360331262366251,0.316070822098643,11,1,12,0.342368699155288,0.13119322373461,0.352087974449247,0.30356455531812,-0.00824328791700402,-0.012506266780523,0.0149786015524894
211,3,0.356181572102029,0.13885815522008,0.360331262366251,0.316070822098643,11,2,11,0.349899278904478,0.145579498203949,0.3458224283853,0.323737377901058,-0.014508833980951,0.00766655580241499,0.0164098245377074
211,4,0.356181572102029,0.13885815522008,0.360331262366251,0.316070822098643,12,0,12,0.356378615659899,0.128081382886711,0.372759595412372,0.301429477878966,0.012428333046121,-0.014641344219677,0.0192050103583511
211,5,0.356181572102029,0.13885815522008,0.360331262366251,0.316070822098643,12,2,10,0.372951578516354,0.157265082178543,0.360228503284477,0.341775123044844,-0.00010275908177404,0.025704300946201,0.0257045063473655
211,6,0.356181572102029,0.13885815522008,0.360331262366251,0.316070822098643,13,0,11,0.378275422276116,0.138725107976605,0.387165670311549,0.319467223022752,0.026834407945298,0.00339640092410898,0.0270484932854302
212,1,0.365116492163282,0.15432314976088,0.35434056911361,0.336979145687965,12,2,10,0.372951578516354,0.157265082178543,0.360228503284477,0.341775123044844,0.00588793417086697,0.00479597735687898,0.00759402183353187
212,2,0.365116492163282,0.15432314976088,0.35434056911361,0.336979145687965,11,2,11,0.349899278904478,0.145579498203949,0.3458224283853,0.323737377901058,-0.00851814072831003,-0.013241767786907,0.0157449399995574
212,3,0.365116492163282,0.15432314976088,0.35434056911361,0.336979145687965,11,3,10,0.358065776289972,0.161180617474148,0.339556882321352,0.343910200483997,-0.014783686792258,0.00693105479603201,0.0163277958021645
212,4,0.365116492163282,0.15432314976088,0.35434056911361,0.336979145687965,12,1,11,0.364335262173249,0.142092418887227,0.366494049348424,0.321602300461905,0.012153480234814,-0.01537684522606,0.0195998584414331
212,5,0.365116492163282,0.15432314976088,0.35434056911361,0.336979145687965,12,3,9,0.382313150443892,0.173750082621641,0.35396295722053,0.361947945627783,-0.000377611893079999,0.024968799939818,0.0249716551549242
212,6,0.365116492163282,0.15432314976088,0.35434056911361,0.336979145687965,13,1,10,0.387305292426202,0.153489506459997,0.380900124247602,0.339640045605691,0.026559555133992,0.002660899917726,0.0266925150049169
213,1,0.3748429533693,0.171158182242556,0.348349875860969,0.357887469277287,12,3,9,0.382313150443892,0.173750082621641,0.35396295722053,0.361947945627783,0.00561308135956101,0.004060476350496,0.0069277810691439
213,2,0.3748429533693,0.171158182242556,0.348349875860969,0.357887469277287,11,4,9,0.366952292065996,0.178157246005802,0.333291336257405,0.364083023066936,-0.015058539603564,0.00619555378964903,0.0162832583272679
213,3,0.3748429533693,0.171158182242556,0.348349875860969,0.357887469277287,11,3,10,0.358065776289972,0.161180617474148,0.339556882321352,0.343910200483997,-0.00879299353961699,-0.01397726879329,0.0165130487284336
213,4,0.3748429533693,0.171158182242556,0.348349875860969,0.357887469277287,12,2,10,0.372951578516354,0.157265082178543,0.360228503284477,0.341775123044844,0.011878627423508,-0.016112346232443,0.0200177294062198
213,5,0.3748429533693,0.171158182242556,0.348349875860969,0.357887469277287,12,4,8,0.392521038157742,0.191725379376123,0.347697411156583,0.382120768210722,-0.000652464704386013,0.024233298933435,0.0242420809211522
213,6,0.3748429533693,0.171158182242556,0.348349875860969,0.357887469277287,13,2,9,0.397101636711878,0.169507137755929,0.374634578183655,0.35981286818863,0.026284702322686,0.00192539891134302,0.0263551273409941
214,1,0.385471014230827,0.189553747292498,0.342359182608328,0.378795792866609,12,4,8,0.392521038157742,0.191725379376123,0.347697411156583,0.382120768210722,0.005338228548255,0.00332497534411297,0.0062890496159884
214,2,0.385471014230827,0.189553747292498,0.342359182608328,0.378795792866609,11,5,8,0.376658440771778,0.196699685495485,0.327025790193458,0.384255845649875,-0.01533339241487,0.005460052783266,0.0162765198781694
214,3,0.385471014230827,0.189553747292498,0.342359182608328,0.378795792866609,11,4,9,0.366952292065996,0.178157246005802,0.333291336257405,0.364083023066936,-0.009067846350923,-0.014712769799673,0.0172826917065056
214,4,0.385471014230827,0.189553747292498,0.342359182608328,0.378795792866609,12,3,9,0.382313150443892,0.173750082621641,0.35396295722053,0.361947945627783,0.011603774612202,-0.016847847238826,0.0204572124648888
214,5,0.385471014230827,0.189553747292498,0.342359182608328,0.378795792866609,12,5,7,0.403695439224398,0.211402631013032,0.341431865092636,0.402293590793661,-0.000927317515691972,0.023497797927052,0.023516088645765
214,6,0.385471014230827,0.189553747292498,0.342359182608328,0.378795792866609,13,3,8,0.407766370398012,0.186944639651771,0.368369032119708,0.379985690771569,0.02600984951138,0.00118989790495999,0.0260370529943168
215,1,0.397132128760523,0.209737371914216,0.336368489355687,0.39970411645593,12,5,7,0.403695439224398,0.211402631013032,0.341431865092636,0.402293590793661,0.00506337573694904,0.00258947433773099,0.00568710393779572
215,2,0.397132128760523,0.209737371914216,0.336368489355687,0.39970411645593,11,6,7,0.387303100896729,0.217035039119068,0.320760244129511,0.404428668232814,-0.015608245226176,0.00472455177688397,0.0163076273115651
215,3,0.397132128760523,0.209737371914216,0.336368489355687,0.39970411645593,11,5,8,0.376658440771778,0.196699685495485,0.327025790193458,0.384255845649875,-0.00934269916222896,-0.015448270806055,0.0180536727159081
215,4,0.397132128760523,0.209737371914216,0.336368489355687,0.39970411645593,12,4,8,0.392521038157742,0.191725379376123,0.347697411156583,0.382120768210722,0.011328921800896,-0.017583348245208,0.0209169453956135
215,5,0.397132128760523,0.209737371914216,0.336368489355687,0.39970411645593,12,6,6,0.41598044364443,0.233035568822543,0.335166319028689,0.4224664133766,-0.00120217032699799,0.02276229692067,0.022794020588739
215,6,0.397132128760523,0.209737371914216,0.336368489355687,0.39970411645593,13,4,7,0.419420315120267,0.2059995630253,0.362103486055761,0.400158513354507,0.025734996700074,0.000454396898576959,0.0257390079780526
216,1,0.409984611198107,0.231983074099614,0.330377796103046,0.420612440045252,12,6,6,0.41598044364443,0.233035568822543,0.335166319028689,0.4224664133766,0.00478852292564297,0.00185397333134801,0.0051348971676907
216,2,0.409984611198107,0.231983074099614,0.330377796103046,0.420612440045252,11,7,6,0.399029308148464,0.239436559536664,0.314494698065564,0.424601490815753,-0.015883098037482,0.00398905077050099,0.0163763649604514
216,3,0.409984611198107,0.231983074099614,0.330377796103046,0.420612440045252,11,6,7,0.387303100896729,0.217035039119068,0.320760244129511,0.404428668232814,-0.00961755197353503,-0.016183771812438,0.0188258273666979
216,4,0.409984611198107,0.231983074099614,0.330377796103046,0.420612440045252,12,5,7,0.403695439224398,0.211402631013032,0.341431865092636,0.402293590793661,0.01105406898959,-0.018318849251591,0.0213956228964976
216,5,0.409984611198107,0.231983074099614,0.330377796103046,0.420612440045252,12,7,5,0.429550280855274,0.256930997300266,0.328900772964742,0.442639235959539,-0.001477023138304,0.022026795914287,0.0220762618121986
216,6,0.409984611198107,0.231983074099614,0.330377796103046,0.420612440045252,13,5,6,0.432207796268326,0.22690788885178,0.355837939991814,0.420331335937446,0.025460143888768,-0.000281104107806018,0.0254616956693029
217,1,0.424220865826752,0.256623876547103,0.324387102850405,0.441520763634574,12,7,5,0.429550280855274,0.256930997300266,0.328900772964742,0.442639235959539,0.00451367011433701,0.00111847232496504,0.00465018260316429
217,2,0.424220865826752,0.256623876547103,0.324387102850405,0.441520763634574,11,8,5,0.412010720086427,0.264235998804162,0.308229152001617,0.444774313398692,-0.016157950848788,0.00325354976411801,0.0164822620322407
217,3,0.424220865826752,0.256623876547103,0.324387102850405,0.441520763634574,11,7,6,0.399029308148464,0.239436559536664,0.314494698065564,0.424601490815753,-0.00989240478484099,-0.016919272818821,0.0195990169433275
217,4,0.424220865826752,0.256623876547103,0.324387102850405,0.441520763634574,12,8,4,0.444617634922129,0.283463436552032,0.322635226900795,0.462812058542478,-0.00175187594961002,0.021291294907904,0.0213632466680081
217,5,0.424220865826752,0.256623876547103,0.324387102850405,0.441520763634574,12,6,6,0.41598044364443,0.233035568822543,0.335166319028689,0.4224664133766,0.010779216178284,-0.019054350257974,0.0218920023107009
217,6,0.424220865826752,0.256623876547103,0.324387102850405,0.441520763634574,13,6,5,0.446302650457968,0.249953850793902,0.349572393927867,0.440504158520385,0.025185291077462,-0.001016605114189,0.0252058003763951
218,1,0.440077084863875,0.28406859224302,0.318396409597764,0.462429087223896,12,8,4,0.444617634922129,0.283463436552032,0.322635226900795,0.462812058542478,0.004238817303031,0.000382971318582004,0.00425608260720247
218,2,0.440077084863875,0.28406859224302,0.318396409597764,0.462429087223896,11,9,4,0.426460274122658,0.29184014845109,0.30196360593767,0.464947135981631,-0.016432803660094,0.00251804875773504,0.0166246084368183
218,3,0.440077084863875,0.28406859224302,0.318396409597764,0.462429087223896,11,8,5,0.412010720086427,0.264235998804162,0.308229152001617,0.444774313398692,-0.010167257596147,-0.017654773825204,0.02037312361533
218,4,0.440077084863875,0.28406859224302,0.318396409597764,0.462429087223896,12,9,3,0.461444873400647,0.313094895448214,0.316369680836848,0.482984881125416,-0.00202672876091597,0.02055579390152,0.0206554664046129
218,5,0.440077084863875,0.28406859224302,0.318396409597764,0.462429087223896,12,7,5,0.429550280855274,0.256930997300266,0.328900772964742,0.442639235959539,0.010504363366978,-0.019789851264357,0.0224049071145336
218,6,0.440077084863875,0.28406859224302,0.318396409597764,0.462429087223896,13,7,4,0.46191617485414,0.275482932838682,0.34330684786392,0.460676981103324,0.024910438266156,-0.00175210612057197,0.0249719805075552
219,1,0.45784645668691,0.314824685901696,0.312405716345123,0.483337410813218,12,9,3,0.461444873400647,0.313094895448214,0.316369680836848,0.482984881125416,0.00396396449172504,-0.000352529687802028,0.00397960948742948
219,2,0.45784645668691,0.314824685901696,0.312405716345123,0.483337410813218,11,10,3,0.442641959139349,0.322753327751998,0.295698059873723,0.48511995856457,-0.0167076564714,0.001782547751352,0.0168024778307297
219,3,0.45784645668691,0.314824685901696,0.312405716345123,0.483337410813218,12,10,2,0.480359454868835,0.346402003089708,0.3101041347729,0.503157703708355,-0.00230158157222299,0.019820292895137,0.0199534780973798
219,4,0.45784645668691,0.314824685901696,0.312405716345123,0.483337410813218,11,9,4,0.426460274122658,0.29184014845109,0.30196360593767,0.464947135981631,-0.010442110407453,-0.018390274831587,0.0211480466744033
219,5,0.45784645668691,0.314824685901696,0.312405716345123,0.483337410813218,12,8,4,0.444617634922129,0.283463436552032,0.322635226900795,0.462812058542478,0.010229510555672,-0.02052535227074,0.0229332285569777
219,6,0.45784645668691,0.314824685901696,0.312405716345123,0.483337410813218,13,8,3,0.479307792338838,0.303919307509294,0.337041301799972,0.480849803686263,0.024635585454849,-0.002487607126955,0.0247608614535368
220,1,0.477897461970492,0.349529941810239,0.306415023092482,0.50424573440254,12,10,2,0.480359454868835,0.346402003089708,0.3101041347729,0.503157703708355,0.00368911168041802,-0.00108803069418495,0.00384621317429043
220,2,0.477897461970492,0.349529941810239,0.306415023092482,0.50424573440254,11,11,2,0.460887090364171,0.357608474934741,0.289432513809776,0.505292781147509,-0.0169825092827059,0.00104704674496903,0.0170147561964121
220,3,0.477897461970492,0.349529941810239,0.306415023092482,0.50424573440254,12,11,1,0.501775449298425,0.384113904509029,0.303838588708953,0.523330526291294,-0.002576434383529,0.019084791888754,0.0192579151407851
220,4,0.477897461970492,0.349529941810239,0.306415023092482,0.50424573440254,11,10,3,0.442641959139349,0.322753327751998,0.295698059873723,0.48511995856457,-0.010716963218759,-0.0191257758379699,0.0219236995517752
220,5,0.477897461970492,0.349529941810239,0.306415023092482,0.50424573440254,12,9,3,0.461444873400647,0.313094895448214,0.316369680836848,0.482984881125416,0.00995465774436605,-0.021260853277124,0.0234759258151592
220,6,0.477897461970492,0.349529941810239,0.306415023092482,0.50424573440254,13,9,2,0.498799580380269,0.335789591468444,0.330775755736025,0.501022626269202,0.024360732643543,-0.00322310813333793,0.0245730283231305
221,1,0.500699701159693,0.388997167276334,0.30042432983984,0.525154057991862,12,11,1,0.501775449298425,0.384113904509029,0.303838588708953,0.523330526291294,0.00341425886911295,-0.00182353170056804,0.00387071459659492
221,2,0.500699701159693,0.388997167276334,0.30042432983984,0.525154057991862,11,12,1,0.481617234228619,0.397210942388182,0.283166967745829,0.525465603730448,-0.017257362094011,0.00031154573858605,0.0172601740197206
221,3,0.500699701159693,0.388997167276334,0.30042432983984,0.525154057991862,12,12,0,0.526224201041202,0.427166255805644,0.297573042645006,0.543503348874233,-0.00285128719483402,0.018349290882371,0.0185694995773523
221,4,0.500699701159693,0.388997167276334,0.30042432983984,0.525154057991862,11,11,2,0.460887090364171,0.357608474934741,0.289432513809776,0.505292781147509,-0.010991816030064,-0.019861276844353,0.0227000074345099
221,5,0.500699701159693,0.388997167276334,0.30042432983984,0.525154057991862,12,10,2,0.480359454868835,0.346402003089708,0.3101041347729,0.503157703708355,0.00967980493305998,-0.021996354283507,0.0240320249939045
221,6,0.500699701159693,0.388997167276334,0.30042432983984,0.525154057991862,13,11,0,0.54581432830753,0.41266162411752,0.318244663608131,0.54136827143508,0.017820333768291,0.0162142134432181,0.0240928415342716
222,1,0.526861136552486,0.434278653037305,0.294433636587199,0.546062381581184,12,12,0,0.526224201041202,0.427166255805644,0.297573042645006,0.543503348874233,0.00313940605780699,-0.00255903270695101,0.00405024922579343
222,2,0.526861136552486,0.434278653037305,0.294433636587199,0.546062381581184,11,13,0,0.505377184950081,0.442601494489257,0.276901421681881,0.545638426313387,-0.017532214905318,-0.000423955267797038,0.0175373400935076
222,3,0.526861136552486,0.434278653037305,0.294433636587199,0.546062381581184,11,12,1,0.481617234228619,0.397210942388182,0.283166967745829,0.525465603730448,-0.01126666884137,-0.020596777850736,0.0234769053457577
222,4,0.526861136552486,0.434278653037305,0.294433636587199,0.546062381581184,13,11,0,0.54581432830753,0.41266162411752,0.318244663608131,0.54136827143508,0.023811027020932,-0.00469411014610399,0.0242693155621519
222,5,0.526861136552486,0.434278653037305,0.294433636587199,0.546062381581184,12,11,1,0.501775449298425,0.384113904509029,0.303838588708953,0.523330526291294,0.00940495212175396,-0.0227318552898901,0.0246006172551216
222,6,0.526861136552486,0.434278653037305,0.294433636587199,0.546062381581184,10,13,1,0.46021661778568,0.411115183573217,0.262495346782704,0.527600681169601,-0.031938289804495,-0.018461700411583,0.0368902255038236
223,1,0.370650859099209,0.135267544490478,0.381926394150588,0.313610638017718,13,0,11,0.378275422276116,0.138725107976605,0.387165670311549,0.319467223022752,0.00523927616096104,0.005856585005034,0.00785809153751747
223,2,0.370650859099209,0.135267544490478,0.381926394150588,0.313610638017718,12,0,12,0.356378615659899,0.128081382886711,0.372759595412372,0.301429477878966,-0.00916679873821596,-0.012181160138752,0.0152450274329985
223,3,0.370650859099209,0.135267544490478,0.381926394150588,0.313610638017718,12,1,11,0.364335262173249,0.142092418887227,0.366494049348424,0.321602300461905,-0.015432344802164,0.00799166244418703,0.0173788358273708
223,4,0.370650859099209,0.135267544490478,0.381926394150588,0.313610638017718,13,1,10,0.387305292426202,0.153489506459997,0.380900124247602,0.339640045605691,-0.00102626990298599,0.026029407587973,0.0260496312698395
223,5,0.370650859099209,0.135267544490478,0.381926394150588,0.313610638017718,14,0,10,0.401154946086465,0.149846517864961,0.401571745210727,0.337504968166537,0.019645351060139,0.023894330148819,0.0309334581244462
223,6,0.370650859099209,0.135267544490478,0.381926394150588,0.313610638017718,11,1,12,0.342368699155288,0.13119322373461,0.352087974449247,0.30356455531812,-0.029838419701341,-0.010046082699598,0.0314842034658737
224,1,0.380018329878436,0.150289692624367,0.375935700897947,0.33451896160704,13,1,10,0.387305292426202,0.153489506459997,0.380900124247602,0.339640045605691,0.00496442334965502,0.00512108399865102,0.00713239093963865
224,2,0.380018329878436,0.150289692624367,0.375935700897947,0.33451896160704,12,1,11,0.364335262173249,0.142092418887227,0.366494049348424,0.321602300461905,-0.00944165154952298,-0.012916661145135,0.0159995287155856
224,3,0.380018329878436,0.150289692624367,0.375935700897947,0.33451896160704,12,2,10,0.372951578516354,0.157265082178543,0.360228503284477,0.341775123044844,-0.01570719761347,0.007256161437804,0.0173022523296845
224,4,0.380018329878436,0.150289692624367,0.375935700897947,0.33451896160704,13,0,11,0.378275422276116,0.138725107976605,0.387165670311549,0.319467223022752,0.011229969413602,-0.015051738584288,0.0187794314993873
224,5,0.380018329878436,0.150289692624367,0.375935700897947,0.33451896160704,13,2,9,0.397101636711878,0.169507137755929,0.374634578183655,0.35981286818863,-0.001301122714292,0.02529390658159,0.0253273494561877
224,6,0.380018329878436,0.150289692624367,0.375935700897947,0.33451896160704,14,0,10,0.401154946086465,0.149846517864961,0.401571745210727,0.337504968166537,0.02563604431278,0.00298600655949705,0.0258093588293119
225,1,0.390199231655754,0.166616299692582,0.369945007645306,0.355427285196362,13,2,9,0.397101636711878,0.169507137755929,0.374634578183655,0.35981286818863,0.00468957053834895,0.00438558299226799,0.00642070167631395
225,2,0.390199231655754,0.166616299692582,0.369945007645306,0.355427285196362,12,2,10,0.372951578516354,0.157265082178543,0.360228503284477,0.341775123044844,-0.00971650436082905,-0.013652162151518,0.0167568489998971
225,3,0.390199231655754,0.166616299692582,0.369945007645306,0.355427285196362,12,3,9,0.382313150443892,0.173750082621641,0.35396295722053,0.361947945627783,-0.015982050424776,0.00652066043142097,0.0172610818966246
225,4,0.390199231655754,0.166616299692582,0.369945007645306,0.355427285196362,13,1,10,0.387305292426202,0.153489506459997,0.380900124247602,0.339640045605691,0.010955116602296,-0.015787239590671,0.0192159182362736
225,5,0.390199231655754,0.166616299692582,0.369945007645306,0.355427285196362,13,3,8,0.407766370398012,0.186944639651771,0.368369032119708,0.379985690771569,-0.00157597552559802,0.024558405575207,0.0246089208063589
225,6,0.390199231655754,0.166616299692582,0.369945007645306,0.355427285196362,14,1,9,0.411349157104558,0.165419400687794,0.39530619914678,0.357677790749476,0.025361191501474,0.00225050555311396,0.0254608485643946
226,1,0.401304325739996,0.184424988110826,0.363954314392664,0.376335608785684,13,3,8,0.407766370398012,0.186944639651771,0.368369032119708,0.379985690771569,0.00441471772704399,0.00365008198588501,0.00572824852054786
226,2,0.401304325739996,0.184424988110826,0.363954314392664,0.376335608785684,12,4,8,0.392521038157742,0.191725379376123,0.347697411156583,0.382120768210722,-0.016256903236081,0.00578515942503799,0.0172555780082966
226,3,0.401304325739996,0.184424988110826,0.363954314392664,0.376335608785684,12,3,9,0.382313150443892,0.173750082621641,0.35396295722053,0.361947945627783,-0.00999135717213401,-0.014387663157901,0.0175166226563906
226,4,0.401304325739996,0.184424988110826,0.363954314392664,0.376335608785684,13,2,9,0.397101636711878,0.169507137755929,0.374634578183655,0.35981286818863,0.010680263790991,-0.016522740597054,0.0196740690118412
226,5,0.401304325739996,0.184424988110826,0.363954314392664,0.376335608785684,13,4,7,0.419420315120267,0.2059995630253,0.362103486055761,0.400158513354507,-0.00185082833690303,0.023822904568823,0.0238946928757816
226,6,0.401304325739996,0.184424988110826,0.363954314392664,0.376335608785684,14,2,8,0.422429779540878,0.182346383511537,0.389040653082833,0.377850613332415,0.025086338690169,0.00151500454673098,0.0251320438415678
227,1,0.413465438734129,0.20392716166187,0.357963621140023,0.397243932375006,13,4,7,0.419420315120267,0.2059995630253,0.362103486055761,0.400158513354507,0.00413986491573798,0.00291458097950098,0.00506293035767105
227,2,0.413465438734129,0.20392716166187,0.357963621140023,0.397243932375006,12,5,7,0.403695439224398,0.211402631013032,0.341431865092636,0.402293590793661,-0.016531756047387,0.00504965841865501,0.0172857747340236
227,3,0.413465438734129,0.20392716166187,0.357963621140023,0.397243932375006,12,4,8,0.392521038157742,0.191725379376123,0.347697411156583,0.382120768210722,-0.01026620998344,-0.015123164164284,0.01827854375392
227,4,0.413465438734129,0.20392716166187,0.357963621140023,0.397243932375006,13,3,8,0.407766370398012,0.186944639651771,0.368369032119708,0.379985690771569,0.010405410979685,-0.017258241603437,0.0201524063302314
227,5,0.413465438734129,0.20392716166187,0.357963621140023,0.397243932375006,13,5,6,0.432207796268326,0.22690788885178,0.355837939991814,0.420331335937446,-0.00212568114820899,0.02308740356244,0.0231850538838886
227,6,0.413465438734129,0.20392716166187,0.357963621140023,0.397243932375006,14,3,7,0.434517681733224,0.200812107252313,0.382775107018886,0.398023435915354,0.024811485878863,0.000779503540348003,0.0248237277073052
228,1,0.426840720446506,0.225376437346976,0.351972927887382,0.418152255964328,13,5,6,0.432207796268326,0.22690788885178,0.355837939991814,0.420331335937446,0.00386501210443202,0.002179079973118,0.00443697059902925
228,2,0.426840720446506,0.225376437346976,0.351972927887382,0.418152255964328,12,6,6,0.41598044364443,0.233035568822543,0.335166319028689,0.4224664133766,-0.016806608858693,0.00431415741227203,0.0173514856858702
228,3,0.426840720446506,0.225376437346976,0.351972927887382,0.418152255964328,12,5,7,0.403695439224398,0.211402631013032,0.341431865092636,0.402293590793661,-0.010541062794746,-0.015858665170667,0.0190423545245357
228,4,0.426840720446506,0.225376437346976,0.351972927887382,0.418152255964328,13,4,7,0.419420315120267,0.2059995630253,0.362103486055761,0.400158513354507,0.010130558168379,-0.017993742609821,0.0206495274016477
228,5,0.426840720446506,0.225376437346976,0.351972927887382,0.418152255964328,13,6,5,0.446302650457968,0.249953850793902,0.349572393927867,0.440504158520385,-0.00240053395951501,0.022351902556057,0.0224804384113445
228,6,0.426840720446506,0.225376437346976,0.351972927887382,0.418152255964328,14,4,6,0.447756753373382,0.221036380711962,0.376509560954939,0.418196258498293,0.024536633067557,4.40025339650263e-05,0.0245366725232849
229,1,0.441621559403536,0.249079735450457,0.345982234634741,0.43906057955365,13,6,5,0.446302650457968,0.249953850793902,0.349572393927867,0.440504158520385,0.00359015929312601,0.00144357896673497,0.00386951728038765
229,2,0.441621559403536,0.249079735450457,0.345982234634741,0.43906057955365,12,7,5,0.429550280855274,0.256930997300266,0.328900772964742,0.442639235959539,-0.017081461669999,0.003578656405889,0.017452309716913
229,3,0.441621559403536,0.249079735450457,0.345982234634741,0.43906057955365,12,6,6,0.41598044364443,0.233035568822543,0.335166319028689,0.4224664133766,-0.010815915606052,-0.01659416617705,0.0198078363661655
229,4,0.441621559403536,0.249079735450457,0.345982234634741,0.43906057955365,13,5,6,0.432207796268326,0.22690788885178,0.355837939991814,0.420331335937446,0.00985570535707303,-0.018729243616204,0.021164108639878
229,5,0.441621559403536,0.249079735450457,0.345982234634741,0.43906057955365,13,7,4,0.46191617485414,0.275482932838682,0.34330684786392,0.460676981103324,-0.00267538677082096,0.021616401549674,0.0217813339887673
229,6,0.441621559403536,0.249079735450457,0.345982234634741,0.43906057955365,14,5,5,0.462319660534175,0.243282972073699,0.370244014890992,0.438369081081232,0.024261780256251,-0.000691498472418006,0.0242716326467745
230,1,0.458041799442616,0.275412059732489,0.3399915413821,0.459968903142972,13,7,4,0.46191617485414,0.275482932838682,0.34330684786392,0.460676981103324,0.00331530648181999,0.000708077960351994,0.00339007838645862
230,2,0.458041799442616,0.275412059732489,0.3399915413821,0.459968903142972,12,8,4,0.444617634922129,0.283463436552032,0.322635226900795,0.462812058542478,-0.017356314481305,0.00284315539950597,0.0175876429631631
230,3,0.458041799442616,0.275412059732489,0.3399915413821,0.459968903142972,12,7,5,0.429550280855274,0.256930997300266,0.328900772964742,0.442639235959539,-0.011090768417358,-0.017329667183433,0.020574802763964
230,4,0.458041799442616,0.275412059732489,0.3399915413821,0.459968903142972,13,8,3,0.479307792338838,0.303919307509294,0.337041301799972,0.480849803686263,-0.00295023958212803,0.020880900543291,0.0210882887188782
230,5,0.458041799442616,0.275412059732489,0.3399915413821,0.459968903142972,13,6,5,0.446302650457968,0.249953850793902,0.349572393927867,0.440504158520385,0.00958085254576696,-0.019464744622587,0.0216949076680741
230,6,0.458041799442616,0.275412059732489,0.3399915413821,0.459968903142972,14,6,4,0.478415417969946,0.267871176501403,0.363978468827044,0.458541903664171,0.023986927444944,-0.00142699947880098,0.0240293365651552
231,1,0.476390203108864,0.304836484360105,0.334000848129459,0.480877226732293,13,8,3,0.479307792338838,0.303919307509294,0.337041301799972,0.480849803686263,0.00304045367051298,-2.7423046029984e-05,0.00304057733761031
231,2,0.476390203108864,0.304836484360105,0.334000848129459,0.480877226732293,12,9,3,0.461444873400647,0.313094895448214,0.316369680836848,0.482984881125416,-0.017631167292611,0.00210765439312299,0.0177566964027909
231,3,0.476390203108864,0.304836484360105,0.334000848129459,0.480877226732293,13,9,2,0.498799580380269,0.335789591468444,0.330775755736025,0.501022626269202,-0.00322509239343399,0.020145399536909,0.0204019200921845
231,4,0.476390203108864,0.304836484360105,0.334000848129459,0.480877226732293,12,8,4,0.444617634922129,0.283463436552032,0.322635226900795,0.462812058542478,-0.011365621228664,-0.018065168189815,0.0213430936754671
231,5,0.476390203108864,0.304836484360105,0.334000848129459,0.480877226732293,13,7,4,0.46191617485414,0.275482932838682,0.34330684786392,0.460676981103324,0.009305999734461,-0.020200245628969,0.0222407633530971
231,6,0.476390203108864,0.304836484360105,0.334000848129459,0.480877226732293,14,7,3,0.496299485365441,0.295191239373498,0.357712922763097,0.47871472624711,0.023712074633638,-0.00216250048518302,0.0238104786129896
232,1,0.497027579497161,0.337931620977696,0.328010154876818,0.501785550321615,13,9,2,0.498799580380269,0.335789591468444,0.330775755736025,0.501022626269202,0.00276560085920702,-0.000762924052412961,0.00286890244208422
232,2,0.497027579497161,0.337931620977696,0.328010154876818,0.501785550321615,12,10,2,0.480359454868835,0.346402003089708,0.3101041347729,0.503157703708355,-0.017906020103918,0.00137215338674002,0.0179585177806705
232,3,0.497027579497161,0.337931620977696,0.328010154876818,0.501785550321615,13,10,1,0.520796401537677,0.371755760143947,0.324510209672078,0.521195448852141,-0.00349994520474001,0.019409898530526,0.0197229251735512
232,4,0.497027579497161,0.337931620977696,0.328010154876818,0.501785550321615,12,9,3,0.461444873400647,0.313094895448214,0.316369680836848,0.482984881125416,-0.01164047403997,-0.018800669196199,0.0221125710422854
232,5,0.497027579497161,0.337931620977696,0.328010154876818,0.501785550321615,13,8,3,0.479307792338838,0.303919307509294,0.337041301799972,0.480849803686263,0.00903114692315399,-0.020935746635352,0.0228005943327635
232,6,0.497027579497161,0.337931620977696,0.328010154876818,0.501785550321615,14,8,2,0.516287426739781,0.325725222664583,0.35144737669915,0.498887548830049,0.023437221822332,-0.00289800149156599,0.0236157104359431
233,1,0.520410748647037,0.375430049218129,0.322019461624177,0.522693873910937,13,10,1,0.520796401537677,0.371755760143947,0.324510209672078,0.521195448852141,0.002490748047901,-0.00149842505879605,0.00290673416310309
233,2,0.520410748647037,0.375430049218129,0.322019461624177,0.522693873910937,12,11,1,0.501775449298425,0.384113904509029,0.303838588708953,0.523330526291294,-0.018180872915224,0.000636652380356928,0.0181920165515794
233,3,0.520410748647037,0.375430049218129,0.322019461624177,0.522693873910937,13,11,0,0.54581432830753,0.41266162411752,0.318244663608131,0.54136827143508,-0.00377479801604602,0.018674397524143,0.0190520923510166
233,4,0.520410748647037,0.375430049218129,0.322019461624177,0.522693873910937,12,10,2,0.480359454868835,0.346402003089708,0.3101041347729,0.503157703708355,-0.011915326851277,-0.019536170202582,0.0228831151759767
233,5,0.520410748647037,0.375430049218129,0.322019461624177,0.522693873910937,13,9,2,0.498799580380269,0.335789591468444,0.330775755736025,0.501022626269202,0.00875629411184803,-0.021671247641735,0.0233733964353191
233,6,0.520410748647037,0.375430049218129,0.322019461624177,0.522693873910937,14,9,1,0.538773691780444,0.360075695690885,0.345181830635203,0.519060371412988,0.023162369011026,-0.00363350249794903,0.0234456323993519
234,1,0.547126752971777,0.418273179874254,0.316028768371536,0.543602197500259,13,11,0,0.54581432830753,0.41266162411752,0.318244663608131,0.54136827143508,0.00221589523659499,-0.00223392606517892,0.00314652464860044
234,2,0.547126752971777,0.418273179874254,0.316028768371536,0.543602197500259,12,12,0,0.526224201041202,0.427166255805644,0.297573042645006,0.543503348874233,-0.01845572572653,-9.8848626025938e-05,0.0184559904406068
234,3,0.547126752971777,0.418273179874254,0.316028768371536,0.543602197500259,14,10,0,0.564257909168796,0.399005901325835,0.338916284571256,0.539233193995927,0.02288751619972,-0.004369003504332,0.0233007851673138
234,4,0.547126752971777,0.418273179874254,0.316028768371536,0.543602197500259,12,11,1,0.501775449298425,0.384113904509029,0.303838588708953,0.523330526291294,-0.012190179662583,-0.020271671208965,0.0236546218276774
234,5,0.547126752971777,0.418273179874254,0.316028768371536,0.543602197500259,13,10,1,0.520796401537677,0.371755760143947,0.324510209672078,0.521195448852141,0.00848144130054201,-0.022406748648118,0.0239582393241757
234,6,0.547126752971777,0.418273179874254,0.316028768371536,0.543602197500259,11,12,1,0.481617234228619,0.397210942388182,0.283166967745829,0.525465603730448,-0.032861800625707,-0.0181365937698109,0.0375344371735458
235,1,0.394365195094106,0.146406449027378,0.397530832682283,0.332058777526115,14,0,10,0.401154946086465,0.149846517864961,0.401571745210727,0.337504968166537,0.00404091252844402,0.00544619064042201,0.00678159026736031
235,2,0.394365195094106,0.146406449027378,0.397530832682283,0.332058777526115,13,0,11,0.378275422276116,0.138725107976605,0.387165670311549,0.319467223022752,-0.010365162370734,-0.012591554503363,0.0163090108769
235,3,0.394365195094106,0.146406449027378,0.397530832682283,0.332058777526115,13,1,10,0.387305292426202,0.153489506459997,0.380900124247602,0.339640045605691,-0.016630708434681,0.00758126807957599,0.0182772013375617
235,4,0.394365195094106,0.146406449027378,0.397530832682283,0.332058777526115,14,1,9,0.411349157104558,0.165419400687794,0.39530619914678,0.357677790749476,-0.00222463353550301,0.025619013223361,0.0257154201386256
235,5,0.394365195094106,0.146406449027378,0.397530832682283,0.332058777526115,15,0,9,0.425084861433673,0.161478508083638,0.415977820109905,0.355542713310323,0.018446987427622,0.023483935784208,0.0298627960022442
235,6,0.394365195094106,0.146406449027378,0.397530832682283,0.332058777526115,12,1,11,0.364335262173249,0.142092418887227,0.366494049348424,0.321602300461905,-0.031036783333859,-0.01045647706421,0.0327508752907042
236,1,0.404959264743551,0.162250766881313,0.391540139429642,0.352967101115437,14,1,9,0.411349157104558,0.165419400687794,0.39530619914678,0.357677790749476,0.003766059717138,0.00471068963403898,0.00603106977420191
236,2,0.404959264743551,0.162250766881313,0.391540139429642,0.352967101115437,13,1,10,0.387305292426202,0.153489506459997,0.380900124247602,0.339640045605691,-0.01064001518204,-0.013327055509746,0.0170534551230504
236,3,0.404959264743551,0.162250766881313,0.391540139429642,0.352967101115437,13,2,9,0.397101636711878,0.169507137755929,0.374634578183655,0.35981286818863,-0.016905561245987,0.00684576707319301,0.0182390385673761
236,4,0.404959264743551,0.162250766881313,0.391540139429642,0.352967101115437,14,0,10,0.401154946086465,0.149846517864961,0.401571745210727,0.337504968166537,0.010031605781085,-0.0154621329489,0.0184312416802709
236,5,0.404959264743551,0.162250766881313,0.391540139429642,0.352967101115437,15,0,9,0.425084861433673,0.161478508083638,0.415977820109905,0.355542713310323,0.024437680680263,0.002575612194886,0.0245730343101731
236,6,0.404959264743551,0.162250766881313,0.391540139429642,0.352967101115437,14,2,8,0.422429779540878,0.182346383511537,0.389040653082833,0.377850613332415,-0.00249948634680902,0.024883512216978,0.0250087307204979
237,1,0.416495532484006,0.179504220839627,0.385549446177001,0.373875424704759,14,2,8,0.422429779540878,0.182346383511537,0.389040653082833,0.377850613332415,0.00349120690583199,0.003975188627656,0.00529061908331857
237,2,0.416495532484006,0.179504220839627,0.385549446177001,0.373875424704759,13,2,9,0.397101636711878,0.169507137755929,0.374634578183655,0.35981286818863,-0.010914867993346,-0.014062556516129,0.0178013999191494
237,3,0.416495532484006,0.179504220839627,0.385549446177001,0.373875424704759,13,3,8,0.407766370398012,0.186944639651771,0.368369032119708,0.379985690771569,-0.017180414057293,0.00611026606681003,0.0182346367824325
237,4,0.416495532484006,0.179504220839627,0.385549446177001,0.373875424704759,14,1,9,0.411349157104558,0.165419400687794,0.39530619914678,0.357677790749476,0.00975675296977901,-0.016197633955283,0.0189091928506382
237,5,0.416495532484006,0.179504220839627,0.385549446177001,0.373875424704759,15,1,8,0.436543960110778,0.177920358373892,0.409712274045958,0.375715535893262,0.024162827868957,0.00184011118850302,0.0242327930666463
237,6,0.416495532484006,0.179504220839627,0.385549446177001,0.373875424704759,14,3,7,0.434517681733224,0.200812107252313,0.382775107018886,0.398023435915354,-0.00277433915811498,0.024148011210595,0.0243068591798955
238,1,0.429105541309731,0.198363544460007,0.37955875292436,0.394783748294081,14,3,7,0.434517681733224,0.200812107252313,0.382775107018886,0.398023435915354,0.00321635409452603,0.00323968762127297,0.00456514069277209
238,2,0.429105541309731,0.198363544460007,0.37955875292436,0.394783748294081,13,4,7,0.419420315120267,0.2059995630253,0.362103486055761,0.400158513354507,-0.017455266868599,0.00537476506042595,0.0182640203928047
238,3,0.429105541309731,0.198363544460007,0.37955875292436,0.394783748294081,13,3,8,0.407766370398012,0.186944639651771,0.368369032119708,0.379985690771569,-0.011189720804652,-0.014798057522512,0.0185524218938023
238,4,0.429105541309731,0.198363544460007,0.37955875292436,0.394783748294081,14,2,8,0.422429779540878,0.182346383511537,0.389040653082833,0.377850613332415,0.009481900158473,-0.016933134961666,0.0194071504926727
238,5,0.429105541309731,0.198363544460007,0.37955875292436,0.394783748294081,14,4,6,0.447756753373382,0.221036380711962,0.376509560954939,0.418196258498293,-0.00304919196942099,0.023412510204212,0.0236102351900338
238,6,0.429105541309731,0.198363544460007,0.37955875292436,0.394783748294081,15,2,7,0.449024365888904,0.195827609995308,0.40344672798201,0.395888358476201,0.02388797505765,0.00110461018211999,0.0239135007058639
239,1,0.442946516189169,0.219063880842036,0.373568059671719,0.415692071883403,14,4,6,0.447756753373382,0.221036380711962,0.376509560954939,0.418196258498293,0.00294150128321996,0.00250418661488999,0.00386307913475493
239,2,0.442946516189169,0.219063880842036,0.373568059671719,0.415692071883403,13,5,6,0.432207796268326,0.22690788885178,0.355837939991814,0.420331335937446,-0.017730119679905,0.00463926405404297,0.0183270268954593
239,3,0.442946516189169,0.219063880842036,0.373568059671719,0.415692071883403,13,4,7,0.419420315120267,0.2059995630253,0.362103486055761,0.400158513354507,-0.011464573615958,-0.015533558528896,0.0193061619377431
239,4,0.442946516189169,0.219063880842036,0.373568059671719,0.415692071883403,14,3,7,0.434517681733224,0.200812107252313,0.382775107018886,0.398023435915354,0.00920704734716699,-0.017668635968049,0.0199236145772902
239,5,0.442946516189169,0.219063880842036,0.373568059671719,0.415692071883403,14,5,5,0.462319660534175,0.243282972073699,0.370244014890992,0.438369081081232,-0.00332404478072701,0.022677009197829,0.0229193372474576
239,6,0.442946516189169,0.219063880842036,0.373568059671719,0.415692071883403,15,3,6,0.462668985114459,0.215405309157837,0.397181181918063,0.41606118105914,0.023613122246344,0.000369109175736959,0.0236160069403021
240,1,0.458207953245485,0.241888637298188,0.367577366419078,0.436600395472725,14,5,5,0.462319660534175,0.243282972073699,0.370244014890992,0.438369081081232,0.002666648471914,0.00176868560850701,0.00319988481894288
240,2,0.458207953245485,0.241888637298188,0.367577366419078,0.436600395472725,13,6,5,0.446302650457968,0.249953850793902,0.349572393927867,0.440504158520385,-0.018004972491211,0.00390376304765999,0.0184233113294419
240,3,0.458207953245485,0.241888637298188,0.367577366419078,0.436600395472725,13,5,6,0.432207796268326,0.22690788885178,0.355837939991814,0.420331335937446,-0.011739426427264,-0.016269059535279,0.0200623137001592
240,4,0.458207953245485,0.241888637298188,0.367577366419078,0.436600395472725,14,4,6,0.447756753373382,0.221036380711962,0.376509560954939,0.418196258498293,0.00893219453586097,-0.018404136974432,0.0204571835060479
240,5,0.458207953245485,0.241888637298188,0.367577366419078,0.436600395472725,14,6,4,0.478415417969946,0.267871176501403,0.363978468827044,0.458541903664171,-0.00359889759203402,0.021941508191446,0.022234699134309
240,6,0.458207953245485,0.241888637298188,0.367577366419078,0.436600395472725,15,4,5,0.477648690062334,0.236898628404422,0.390915635854116,0.436234003642079,0.023338269435038,-0.000366391830646018,0.0233411452845826
241,1,0.475120347357115,0.267182538210925,0.361586673166436,0.457508719062047,14,6,4,0.478415417969946,0.267871176501403,0.363978468827044,0.458541903664171,0.00239179566060799,0.00103318460212404,0.00260540916252503
241,2,0.475120347357115,0.267182538210925,0.361586673166436,0.457508719062047,13,7,4,0.46191617485414,0.275482932838682,0.34330684786392,0.460676981103324,-0.018279825302516,0.00316826204127701,0.0185523555769261
241,3,0.475120347357115,0.267182538210925,0.361586673166436,0.457508719062047,13,6,5,0.446302650457968,0.249953850793902,0.349572393927867,0.440504158520385,-0.012014279238569,-0.017004560541662,0.0208206144202653
241,4,0.475120347357115,0.267182538210925,0.361586673166436,0.457508719062047,14,5,5,0.462319660534175,0.243282972073699,0.370244014890992,0.438369081081232,0.00865734172455601,-0.019139637980815,0.0210065539242493
241,5,0.475120347357115,0.267182538210925,0.361586673166436,0.457508719062047,14,7,3,0.496299485365441,0.295191239373498,0.357712922763097,0.47871472624711,-0.00387375040333898,0.021206007185063,0.0215569172870407
241,6,0.475120347357115,0.267182538210925,0.361586673166436,0.457508719062047,15,5,4,0.494169511794831,0.26060318713559,0.384650089790169,0.456406826225017,0.023063416623733,-0.00110189283702999,0.0230897239954094
242,1,0.49396691413386,0.295369156229036,0.355595979913795,0.478417042651369,14,7,3,0.496299485365441,0.295191239373498,0.357712922763097,0.47871472624711,0.00211694284930203,0.000297683595741005,0.00213777046251095
242,2,0.49396691413386,0.295369156229036,0.355595979913795,0.478417042651369,13,8,3,0.479307792338838,0.303919307509294,0.337041301799972,0.480849803686263,-0.018554678113823,0.00243276103489404,0.0187134819357724
242,3,0.49396691413386,0.295369156229036,0.355595979913795,0.478417042651369,14,8,2,0.516287426739781,0.325725222664583,0.35144737669915,0.498887548830049,-0.004148603214645,0.02047050617868,0.0208866591834103
242,4,0.49396691413386,0.295369156229036,0.355595979913795,0.478417042651369,14,6,4,0.478415417969946,0.267871176501403,0.363978468827044,0.458541903664171,0.008382488913249,-0.0198751389871979,0.0215705185413142
242,5,0.49396691413386,0.295369156229036,0.355595979913795,0.478417042651369,13,7,4,0.46191617485414,0.275482932838682,0.34330684786392,0.460676981103324,-0.012289132049875,-0.017740061548045,0.0215808375710418
242,6,0.49396691413386,0.295369156229036,0.355595979913795,0.478417042651369,15,6,3,0.512482173422012,0.286878730210524,0.378384543726222,0.476579648807956,0.022788563812427,-0.00183739384341297,0.0228625164137474
243,1,0.515099577535136,0.326974823088853,0.349605286661154,0.499325366240691,14,8,2,0.516287426739781,0.325725222664583,0.35144737669915,0.498887548830049,0.00184209003799601,-0.000437817410642027,0.00189340428676642
243,2,0.515099577535136,0.326974823088853,0.349605286661154,0.499325366240691,13,9,2,0.498799580380269,0.335789591468444,0.330775755736025,0.501022626269202,-0.018829530925129,0.00169726002851101,0.018905870158889
243,3,0.515099577535136,0.326974823088853,0.349605286661154,0.499325366240691,14,9,1,0.538773691780444,0.360075695690885,0.345181830635203,0.519060371412988,-0.00442345602595096,0.019735005172297,0.0202246728617328
243,4,0.515099577535136,0.326974823088853,0.349605286661154,0.499325366240691,14,7,3,0.496299485365441,0.295191239373498,0.357712922763097,0.47871472624711,0.00810763610194304,-0.020610639993581,0.0221479625272062
243,5,0.515099577535136,0.326974823088853,0.349605286661154,0.499325366240691,13,8,3,0.479307792338838,0.303919307509294,0.337041301799972,0.480849803686263,-0.012563984861182,-0.018475562554428,0.0223427869187036
243,6,0.515099577535136,0.326974823088853,0.349605286661154,0.499325366240691,15,7,2,0.53289490314131,0.316167512471442,0.372118997662275,0.496752471390895,0.022513711001121,-0.002572894849796,0.0226602509021879
244,1,0.538961151043516,0.362661803415778,0.343614593408513,0.520233689830013,14,9,1,0.538773691780444,0.360075695690885,0.345181830635203,0.519060371412988,0.00156723722669,-0.00117331841702495,0.00195778155892145
244,2,0.538961151043516,0.362661803415778,0.343614593408513,0.520233689830013,13,10,1,0.520796401537677,0.371755760143947,0.324510209672078,0.521195448852141,-0.019104383736435,0.000961759022128028,0.0191285770083822
244,3,0.538961151043516,0.362661803415778,0.343614593408513,0.520233689830013,14,10,0,0.564257909168796,0.399005901325835,0.338916284571256,0.539233193995927,-0.00469830883725703,0.018999504165914,0.019571797681379
244,4,0.538961151043516,0.362661803415778,0.343614593408513,0.520233689830013,15,8,1,0.555790923550569,0.34901939292202,0.365853451598328,0.516925293973834,0.022238858189815,-0.00330839585617893,0.0224836006175141
244,5,0.538961151043516,0.362661803415778,0.343614593408513,0.520233689830013,14,8,2,0.516287426739781,0.325725222664583,0.35144737669915,0.498887548830049,0.00783278329063697,-0.021346140999964,0.0227378589508428
244,6,0.538961151043516,0.362661803415778,0.343614593408513,0.520233689830013,13,9,2,0.498799580380269,0.335789591468444,0.330775755736025,0.501022626269202,-0.012838837672488,-0.0192110635608109,0.0231062916955104
245,1,0.56611670486478,0.40327520699731,0.337623900155872,0.541142013419334,14,10,0,0.564257909168796,0.399005901325835,0.338916284571256,0.539233193995927,0.00129238441538398,-0.00190881942340704,0.00230517874975096
245,2,0.56611670486478,0.40327520699731,0.337623900155872,0.541142013419334,13,11,0,0.54581432830753,0.41266162411752,0.318244663608131,0.54136827143508,-0.019379236547741,0.00022625801574605,0.0193805573155932
245,3,0.56611670486478,0.40327520699731,0.337623900155872,0.541142013419334,15,9,0,0.581652737297824,0.386126680488743,0.359587905534381,0.537098116556773,0.021964005378509,-0.00404389686256101,0.0223331733997254
245,4,0.56611670486478,0.40327520699731,0.337623900155872,0.541142013419334,14,9,1,0.538773691780444,0.360075695690885,0.345181830635203,0.519060371412988,0.00755793047933101,-0.022081642006346,0.0233392636307752
245,5,0.56611670486478,0.40327520699731,0.337623900155872,0.541142013419334,13,10,1,0.520796401537677,0.371755760143947,0.324510209672078,0.521195448852141,-0.013113690483794,-0.019946564567193,0.0238712026537824
245,6,0.56611670486478,0.40327520699731,0.337623900155872,0.541142013419334,15,8,1,0.555790923550569,0.34901939292202,0.365853451598328,0.516925293973834,0.028229551442456,-0.0242167194455,0.0371935085108185
246,1,0.41915711733496,0.158051508589093,0.413135271213978,0.350506917034513,15,0,9,0.425084861433673,0.161478508083638,0.415977820109905,0.355542713310323,0.00284254889592706,0.00503579627581002,0.00578267484449871
246,2,0.41915711733496,0.158051508589093,0.413135271213978,0.350506917034513,14,0,10,0.401154946086465,0.149846517864961,0.401571745210727,0.337504968166537,-0.0115635260032509,-0.013001948867976,0.0174001668955594
246,3,0.41915711733496,0.158051508589093,0.413135271213978,0.350506917034513,14,1,9,0.411349157104558,0.165419400687794,0.39530619914678,0.357677790749476,-0.017829072067198,0.007170873714963,0.0192171080189837
246,4,0.41915711733496,0.158051508589093,0.413135271213978,0.350506917034513,15,1,8,0.436543960110778,0.177920358373892,0.409712274045958,0.375715535893262,-0.00342299716801997,0.025208618858749,0.0254399562573907
246,5,0.41915711733496,0.158051508589093,0.413135271213978,0.350506917034513,16,0,8,0.45013920246307,0.173657065573744,0.430383895009082,0.373580458454108,0.017248623795104,0.023073541419595,0.0288080429128185
246,6,0.41915711733496,0.158051508589093,0.413135271213978,0.350506917034513,13,1,10,0.387305292426202,0.153489506459997,0.380900124247602,0.339640045605691,-0.032235146966376,-0.010866871428822,0.0340175483330943
247,1,0.431082918099296,0.174779044563792,0.407144577961337,0.371415240623835,15,1,8,0.436543960110778,0.177920358373892,0.409712274045958,0.375715535893262,0.00256769608462099,0.00430029526942699,0.00500855294343926
247,2,0.431082918099296,0.174779044563792,0.407144577961337,0.371415240623835,14,1,9,0.411349157104558,0.165419400687794,0.39530619914678,0.357677790749476,-0.011838378814557,-0.013737449874359,0.0181346282566663
247,3,0.431082918099296,0.174779044563792,0.407144577961337,0.371415240623835,15,0,9,0.425084861433673,0.161478508083638,0.415977820109905,0.355542713310323,0.00883324214856801,-0.015872527313512,0.0181648916917614
247,4,0.431082918099296,0.174779044563792,0.407144577961337,0.371415240623835,14,2,8,0.422429779540878,0.182346383511537,0.389040653082833,0.377850613332415,-0.018103924878504,0.00643537270857997,0.019213696102126
247,5,0.431082918099296,0.174779044563792,0.407144577961337,0.371415240623835,16,0,8,0.45013920246307,0.173657065573744,0.430383895009082,0.373580458454108,0.023239317047745,0.00216521783027296,0.0233399662617181
247,6,0.431082918099296,0.174779044563792,0.407144577961337,0.371415240623835,15,2,7,0.449024365888904,0.195827609995308,0.40344672798201,0.395888358476201,-0.00369784997932704,0.024473117852366,0.0247509109304164
248,1,0.444095650424712,0.193031147915499,0.401153884708696,0.392323564213157,15,2,7,0.449024365888904,0.195827609995308,0.40344672798201,0.395888358476201,0.00229284327331397,0.00356479426304401,0.00423850072712187
248,2,0.444095650424712,0.193031147915499,0.401153884708696,0.392323564213157,15,1,8,0.436543960110778,0.177920358373892,0.409712274045958,0.375715535893262,0.008558389337262,-0.016608028319895,0.018683485561388
248,3,0.444095650424712,0.193031147915499,0.401153884708696,0.392323564213157,14,2,8,0.422429779540878,0.182346383511537,0.389040653082833,0.377850613332415,-0.012113231625863,-0.014472950880742,0.0188731737558414
248,4,0.444095650424712,0.193031147915499,0.401153884708696,0.392323564213157,14,3,7,0.434517681733224,0.200812107252313,0.382775107018886,0.398023435915354,-0.01837877768981,0.00569987170219699,0.0192423493054503
248,5,0.444095650424712,0.193031147915499,0.401153884708696,0.392323564213157,16,1,7,0.462974368014871,0.191034388706013,0.424118348945135,0.393753281037047,0.022964464236439,0.00142971682388998,0.0230089266995051
248,6,0.444095650424712,0.193031147915499,0.401153884708696,0.392323564213157,15,3,6,0.462668985114459,0.215405309157837,0.397181181918063,0.41606118105914,-0.003972702790633,0.023737616845983,0.0240677547974338
249,1,0.458351005593376,0.213026196560706,0.395163191456055,0.413231887802478,15,3,6,0.462668985114459,0.215405309157837,0.397181181918063,0.41606118105914,0.00201799046200801,0.00282929325666198,0.00347522457359928
249,2,0.458351005593376,0.213026196560706,0.395163191456055,0.413231887802478,15,2,7,0.449024365888904,0.195827609995308,0.40344672798201,0.395888358476201,0.00828353652595498,-0.017343529326277,0.0192201713537694
249,3,0.458351005593376,0.213026196560706,0.395163191456055,0.413231887802478,14,4,6,0.447756753373382,0.221036380711962,0.376509560954939,0.418196258498293,-0.018653630501116,0.00496437069581501,0.0193029248373824
249,4,0.458351005593376,0.213026196560706,0.395163191456055,0.413231887802478,14,3,7,0.434517681733224,0.200812107252313,0.382775107018886,0.398023435915354,-0.012388084437169,-0.015208451887124,0.0196153420777052
249,5,0.458351005593376,0.213026196560706,0.395163191456055,0.413231887802478,16,2,6,0.476982817358297,0.210000201795083,0.417852802881188,0.413926103619986,0.022689611425133,0.000694215817508004,0.022700229122738
249,6,0.458351005593376,0.213026196560706,0.395163191456055,0.413231887802478,15,4,5,0.477648690062334,0.236898628404422,0.390915635854116,0.436234003642079,-0.00424755560193901,0.023002115839601,0.0233910038623824
250,1,0.474035900611323,0.235026366684015,0.389172498203414,0.4341402113918,15,4,5,0.477648690062334,0.236898628404422,0.390915635854116,0.436234003642079,0.001743137650702,0.002093792250279,0.0027244256012274
250,2,0.474035900611323,0.235026366684015,0.389172498203414,0.4341402113918,14,5,5,0.462319660534175,0.243282972073699,0.370244014890992,0.438369081081232,-0.018928483312422,0.00422886968943204,0.0193951235974106
250,3,0.474035900611323,0.235026366684015,0.389172498203414,0.4341402113918,15,3,6,0.462668985114459,0.215405309157837,0.397181181918063,0.41606118105914,0.00800868371464902,-0.01807903033266,0.0197734759870521
250,4,0.474035900611323,0.235026366684015,0.389172498203414,0.4341402113918,14,4,6,0.447756753373382,0.221036380711962,0.376509560954939,0.418196258498293,-0.012662937248475,-0.015943952893507,0.020360737060067
250,5,0.474035900611323,0.235026366684015,0.389172498203414,0.4341402113918,16,3,5,0.492333133445999,0.230782746575039,0.411587256817241,0.434098926202925,0.022414758613827,-4.12851888749732e-05,0.0224147966348783
250,6,0.474035900611323,0.235026366684015,0.389172498203414,0.4341402113918,15,5,4,0.494169511794831,0.26060318713559,0.384650089790169,0.456406826225017,-0.00452240841324497,0.022266614833217,0.0227212304681553
251,1,0.491376719805064,0.259349192683381,0.383181804950773,0.455048534981122,15,5,4,0.494169511794831,0.26060318713559,0.384650089790169,0.456406826225017,0.00146828483939604,0.00135829124389497,0.002000203857821
251,2,0.491376719805064,0.259349192683381,0.383181804950773,0.455048534981122,14,6,4,0.478415417969946,0.267871176501403,0.363978468827044,0.458541903664171,-0.019203336123729,0.003493368683049,0.0195184974584783
251,3,0.491376719805064,0.259349192683381,0.383181804950773,0.455048534981122,15,4,5,0.477648690062334,0.236898628404422,0.390915635854116,0.436234003642079,0.00773383090334301,-0.018814531339043,0.0203420434064362
251,4,0.491376719805064,0.259349192683381,0.383181804950773,0.455048534981122,14,5,5,0.462319660534175,0.243282972073699,0.370244014890992,0.438369081081232,-0.012937790059781,-0.01667945389989,0.0211090168892235
251,5,0.491376719805064,0.259349192683381,0.383181804950773,0.455048534981122,15,6,3,0.512482173422012,0.286878730210524,0.378384543726222,0.476579648807956,-0.00479726122455099,0.021531113826834,0.0220590701952884
251,6,0.491376719805064,0.259349192683381,0.383181804950773,0.455048534981122,16,4,4,0.509227820968124,0.253656190871942,0.405321710753294,0.454271748785864,0.022139905802521,-0.000776786195258006,0.0221535285166415
252,1,0.510650312194065,0.286382992460822,0.377191111698132,0.475956858570444,15,6,3,0.512482173422012,0.286878730210524,0.378384543726222,0.476579648807956,0.00119343202808997,0.000622790237511994,0.00134616034914537
252,2,0.510650312194065,0.286382992460822,0.377191111698132,0.475956858570444,14,7,3,0.496299485365441,0.295191239373498,0.357712922763097,0.47871472624711,-0.019478188935035,0.00275786767666597,0.0196724598947594
252,3,0.510650312194065,0.286382992460822,0.377191111698132,0.475956858570444,15,5,4,0.494169511794831,0.26060318713559,0.384650089790169,0.456406826225017,0.00745897809203699,-0.019550032345427,0.0209246294802257
252,4,0.510650312194065,0.286382992460822,0.377191111698132,0.475956858570444,15,7,2,0.53289490314131,0.316167512471442,0.372118997662275,0.496752471390895,-0.005072114035857,0.020795612820451,0.0214052295799611
252,5,0.510650312194065,0.286382992460822,0.377191111698132,0.475956858570444,14,6,4,0.478415417969946,0.267871176501403,0.363978468827044,0.458541903664171,-0.013212642871088,-0.017414954906273,0.0218598853159488
252,6,0.510650312194065,0.286382992460822,0.377191111698132,0.475956858570444,16,5,3,0.527912290316831,0.278952791848148,0.399056164689347,0.474444571368803,0.021865052991215,-0.00151228720164098,0.0219172889493406
253,1,0.532198883122151,0.316607754933866,0.371200418445491,0.496865182159766,15,7,2,0.53289490314131,0.316167512471442,0.372118997662275,0.496752471390895,0.00091857921678401,-0.000112710768870983,0.00092546825711475
253,2,0.532198883122151,0.316607754933866,0.371200418445491,0.496865182159766,14,8,2,0.516287426739781,0.325725222664583,0.35144737669915,0.498887548830049,-0.019753041746341,0.00202236667028299,0.0198562993828599
253,3,0.532198883122151,0.316607754933866,0.371200418445491,0.496865182159766,15,8,1,0.555790923550569,0.34901939292202,0.365853451598328,0.516925293973834,-0.00534696684716301,0.020060111814068,0.0207604947064749
253,4,0.532198883122151,0.316607754933866,0.371200418445491,0.496865182159766,15,6,3,0.512482173422012,0.286878730210524,0.378384543726222,0.476579648807956,0.00718412528073098,-0.02028553335181,0.0215200957111402
253,5,0.532198883122151,0.316607754933866,0.371200418445491,0.496865182159766,16,6,2,0.548686856464718,0.307079141089811,0.3927906186254,0.494617393951742,0.021590200179909,-0.00224778820802402,0.021706895117374
253,6,0.532198883122151,0.316607754933866,0.371200418445491,0.496865182159766,14,7,3,0.496299485365441,0.295191239373498,0.357712922763097,0.47871472624711,-0.013487495682394,-0.018150455912656,0.0226130844782366
254,1,0.556450489872564,0.350623887886124,0.36520972519285,0.517773505749088,15,8,1,0.555790923550569,0.34901939292202,0.365853451598328,0.516925293973834,0.000643726405477996,-0.00084821177525396,0.00106482247383735
254,2,0.556450489872564,0.350623887886124,0.36520972519285,0.517773505749088,14,9,1,0.538773691780444,0.360075695690885,0.345181830635203,0.519060371412988,-0.020027894557647,0.00128686566390002,0.0200691948928987
254,3,0.556450489872564,0.350623887886124,0.36520972519285,0.517773505749088,15,9,0,0.581652737297824,0.386126680488743,0.359587905534381,0.537098116556773,-0.00562181965846897,0.019324610807685,0.020125740710365
254,4,0.556450489872564,0.350623887886124,0.36520972519285,0.517773505749088,16,7,1,0.571923003088253,0.338538184340661,0.386525072561453,0.514790216534681,0.021315347368603,-0.00298328921440694,0.0215231049800211
254,5,0.556450489872564,0.350623887886124,0.36520972519285,0.517773505749088,15,7,2,0.53289490314131,0.316167512471442,0.372118997662275,0.496752471390895,0.00690927246942502,-0.021021034358193,0.0221274022773819
254,6,0.556450489872564,0.350623887886124,0.36520972519285,0.517773505749088,16,8,0,0.598085792194845,0.373959561533793,0.380259526497506,0.53496303911762,0.015049801304656,0.017189533368532,0.0228468067076671
255,1,0.583947766263022,0.389192508066593,0.359219031940209,0.53868182933841,15,9,0,0.581652737297824,0.386126680488743,0.359587905534381,0.537098116556773,0.000368873594172037,-0.00158371278163705,0.00162610390295268
255,2,0.583947766263022,0.389192508066593,0.359219031940209,0.53868182933841,14,10,0,0.564257909168796,0.399005901325835,0.338916284571256,0.539233193995927,-0.020302747368953,0.000551364657516928,0.0203102327340946
255,3,0.583947766263022,0.389192508066593,0.359219031940209,0.53868182933841,16,8,0,0.598085792194845,0.373959561533793,0.380259526497506,0.53496303911762,0.021040494557297,-0.00371879022079002,0.0213666050630859
255,4,0.583947766263022,0.389192508066593,0.359219031940209,0.53868182933841,15,8,1,0.555790923550569,0.34901939292202,0.365853451598328,0.516925293973834,0.00663441965811901,-0.021756535364576,0.0227456007893852
255,5,0.583947766263022,0.389192508066593,0.359219031940209,0.53868182933841,14,9,1,0.538773691780444,0.360075695690885,0.345181830635203,0.519060371412988,-0.014037201305006,-0.019621457925422,0.0241256011654916
255,6,0.583947766263022,0.389192508066593,0.359219031940209,0.53868182933841,16,7,1,0.571923003088253,0.338538184340661,0.386525072561453,0.514790216534681,0.027306040621244,-0.023891612803729,0.036282626927668
256,1,0.4451017821271,0.17023802498254,0.428739709745674,0.36895505654291,16,0,8,0.45013920246307,0.173657065573744,0.430383895009082,0.373580458454108,0.00164418526340798,0.00462540191119798,0.00490893960245203
256,2,0.4451017821271,0.17023802498254,0.428739709745674,0.36895505654291,15,0,9,0.425084861433673,0.161478508083638,0.415977820109905,0.355542713310323,-0.012761889635769,-0.013412343232587,0.0185136916379276
256,3,0.4451017821271,0.17023802498254,0.428739709745674,0.36895505654291,15,1,8,0.436543960110778,0.177920358373892,0.409712274045958,0.375715535893262,-0.019027435699716,0.00676047935035201,0.0201927558880249
256,4,0.4451017821271,0.17023802498254,0.428739709745674,0.36895505654291,16,1,7,0.462974368014871,0.191034388706013,0.424118348945135,0.393753281037047,-0.00462136080053899,0.024798224494137,0.0252251642950125
256,5,0.4451017821271,0.17023802498254,0.428739709745674,0.36895505654291,17,0,7,0.476399128187687,0.18642164057286,0.44478996990826,0.391618203597894,0.016050260162586,0.022663147054984,0.0277710116078353
256,6,0.4451017821271,0.17023802498254,0.428739709745674,0.36895505654291,14,1,9,0.411349157104558,0.165419400687794,0.39530619914678,0.357677790749476,-0.033433510598894,-0.011277265793434,0.0352842224619179
257,1,0.458475461243888,0.18791585135997,0.422749016493032,0.389863380132232,16,1,7,0.462974368014871,0.191034388706013,0.424118348945135,0.393753281037047,0.00136933245210302,0.003889900904815,0.00412388171674007
257,2,0.458475461243888,0.18791585135997,0.422749016493032,0.389863380132232,16,0,8,0.45013920246307,0.173657065573744,0.430383895009082,0.373580458454108,0.00763487851604999,-0.016282921678124,0.0179840181364111
257,3,0.458475461243888,0.18791585135997,0.422749016493032,0.389863380132232,15,1,8,0.436543960110778,0.177920358373892,0.409712274045958,0.375715535893262,-0.013036742447074,-0.01414784423897,0.0192384549858219
257,4,0.458475461243888,0.18791585135997,0.422749016493032,0.389863380132232,15,2,7,0.449024365888904,0.195827609995308,0.40344672798201,0.395888358476201,-0.019302288511022,0.00602497834396903,0.0202207493878943
257,5,0.458475461243888,0.18791585135997,0.422749016493032,0.389863380132232,17,0,7,0.476399128187687,0.18642164057286,0.44478996990826,0.391618203597894,0.022040953415228,0.00175482346566203,0.0221106995105964
257,6,0.458475461243888,0.18791585135997,0.422749016493032,0.389863380132232,16,2,6,0.476982817358297,0.210000201795083,0.417852802881188,0.413926103619986,-0.004896213611844,0.024062723487754,0.0245558052073418
258,1,0.473099018857578,0.207245813613264,0.416758323240392,0.410771703721554,16,2,6,0.476982817358297,0.210000201795083,0.417852802881188,0.413926103619986,0.00109447964079595,0.00315439989843197,0.00333888071115823
258,2,0.473099018857578,0.207245813613264,0.416758323240392,0.410771703721554,16,1,7,0.462974368014871,0.191034388706013,0.424118348945135,0.393753281037047,0.00736002570474298,-0.017018422684507,0.0185417552848435
258,3,0.473099018857578,0.207245813613264,0.416758323240392,0.410771703721554,15,2,7,0.449024365888904,0.195827609995308,0.40344672798201,0.395888358476201,-0.013311595258382,-0.014883345245353,0.0199677874091085
258,4,0.473099018857578,0.207245813613264,0.416758323240392,0.410771703721554,15,3,6,0.462668985114459,0.215405309157837,0.397181181918063,0.41606118105914,-0.019577141322329,0.00528947733758595,0.0202791280103282
258,5,0.473099018857578,0.207245813613264,0.416758323240392,0.410771703721554,17,1,6,0.490733560584244,0.204807724882696,0.438524423844313,0.411791026180833,0.021766100603921,0.00101932245927899,0.0217899553413035
258,6,0.473099018857578,0.207245813613264,0.416758323240392,0.410771703721554,16,3,5,0.492333133445999,0.230782746575039,0.411587256817241,0.434098926202925,-0.00517106642315102,0.023327222481371,0.0238934977901524
259,1,0.489156260929366,0.228470873297037,0.41076762998775,0.431680027310876,16,3,5,0.492333133445999,0.230782746575039,0.411587256817241,0.434098926202925,0.000819626829490994,0.00241889889204899,0.00255398903474101
259,2,0.489156260929366,0.228470873297037,0.41076762998775,0.431680027310876,16,2,6,0.476982817358297,0.210000201795083,0.417852802881188,0.413926103619986,0.00708517289343796,-0.01775392369089,0.0191154775339737
259,3,0.489156260929366,0.228470873297037,0.41076762998775,0.431680027310876,15,4,5,0.477648690062334,0.236898628404422,0.390915635854116,0.436234003642079,-0.019851994133634,0.00455397633120297,0.0203676304833674
259,4,0.489156260929366,0.228470873297037,0.41076762998775,0.431680027310876,15,3,6,0.462668985114459,0.215405309157837,0.397181181918063,0.41606118105914,-0.013586448069687,-0.015618846251736,0.0207012059886778
259,5,0.489156260929366,0.228470873297037,0.41076762998775,0.431680027310876,17,2,5,0.506412810766989,0.224918742033552,0.432258877780366,0.431963848763772,0.021491247792616,0.00028382145289596,0.0214931218370144
259,6,0.489156260929366,0.228470873297037,0.41076762998775,0.431680027310876,16,4,4,0.509227820968124,0.253656190871942,0.405321710753294,0.454271748785864,-0.00544591923445603,0.022591721474988,0.0232388449693967
260,1,0.506868891621796,0.25188408721775,0.404776936735109,0.452588350900198,16,4,4,0.509227820968124,0.253656190871942,0.405321710753294,0.454271748785864,0.000544774018184979,0.00168339788566602,0.00176935219002725
260,2,0.506868891621796,0.25188408721775,0.404776936735109,0.452588350900198,16,3,5,0.492333133445999,0.230782746575039,0.411587256817241,0.434098926202925,0.006810320082132,-0.018489424697273,0.0197037886016172
260,3,0.506868891621796,0.25188408721775,0.404776936735109,0.452588350900198,15,5,4,0.494169511794831,0.26060318713559,0.384650089790169,0.456406826225017,-0.02012684694494,0.00381847532481899,0.0204858663900576
260,4,0.506868891621796,0.25188408721775,0.404776936735109,0.452588350900198,17,3,4,0.523635443927701,0.247009382009382,0.425993331716419,0.452136671346711,0.02121639498131,-0.000451679553487017,0.0212212023792714
260,5,0.506868891621796,0.25188408721775,0.404776936735109,0.452588350900198,15,4,5,0.477648690062334,0.236898628404422,0.390915635854116,0.436234003642079,-0.013861300880993,-0.016354347258119,0.0214382913580482
260,6,0.506868891621796,0.25188408721775,0.404776936735109,0.452588350900198,16,5,3,0.527912290316831,0.278952791848148,0.399056164689347,0.474444571368803,-0.00572077204576199,0.021856220468605,0.0225925121660218
261,1,0.526506811741668,0.277842220298509,0.398786243482468,0.473496674489519,16,5,3,0.527912290316831,0.278952791848148,0.399056164689347,0.474444571368803,0.00026992120687902,0.000947896879284038,0.000985578993120006
261,2,0.526506811741668,0.277842220298509,0.398786243482468,0.473496674489519,16,4,4,0.509227820968124,0.253656190871942,0.405321710753294,0.454271748785864,0.00653546727082599,-0.019224925703655,0.0203054204772788
261,3,0.526506811741668,0.277842220298509,0.398786243482468,0.473496674489519,15,6,3,0.512482173422012,0.286878730210524,0.378384543726222,0.476579648807956,-0.020401699756246,0.00308297431843702,0.0206333245889302
261,4,0.526506811741668,0.277842220298509,0.398786243482468,0.473496674489519,17,4,3,0.542641140258048,0.271387071019294,0.419727785652472,0.47230949392965,0.020941542170004,-0.00118718055986899,0.0209751659383135
261,5,0.526506811741668,0.277842220298509,0.398786243482468,0.473496674489519,16,6,2,0.548686856464718,0.307079141089811,0.3927906186254,0.494617393951742,-0.005995624857068,0.021120719462223,0.02195523418296
261,6,0.526506811741668,0.277842220298509,0.398786243482468,0.473496674489519,15,5,4,0.494169511794831,0.26060318713559,0.384650089790169,0.456406826225017,-0.014136153692299,-0.017089848264502,0.0221786779343585
262,1,0.54840196837695,0.306784052544154,0.392795550229827,0.494404998078841,16,6,2,0.548686856464718,0.307079141089811,0.3927906186254,0.494617393951742,-4.93160442699425e-06,0.000212395872901006,0.000212453118469945
262,2,0.54840196837695,0.306784052544154,0.392795550229827,0.494404998078841,17,5,2,0.56372191749965,0.298426366120651,0.413462239588525,0.492482316512589,0.020666689358698,-0.00192268156625197,0.0207559329699758
262,3,0.54840196837695,0.306784052544154,0.392795550229827,0.494404998078841,15,7,2,0.53289490314131,0.316167512471442,0.372118997662275,0.496752471390895,-0.020676552567552,0.00234747331205404,0.0208093838695322
262,4,0.54840196837695,0.306784052544154,0.392795550229827,0.494404998078841,16,5,3,0.527912290316831,0.278952791848148,0.399056164689347,0.474444571368803,0.00626061445952003,-0.0199604267100379,0.0209192238827722
262,5,0.54840196837695,0.306784052544154,0.392795550229827,0.494404998078841,16,7,1,0.571923003088253,0.338538184340661,0.386525072561453,0.514790216534681,-0.00627047766837396,0.0203852184558401,0.0213278227131111
262,6,0.54840196837695,0.306784052544154,0.392795550229827,0.494404998078841,15,6,3,0.512482173422012,0.286878730210524,0.378384543726222,0.476579648807956,-0.014411006503605,-0.017825349270885,0.0229220458309459
263,1,0.572967271484303,0.339255383690093,0.386804856977186,0.515313321668163,16,7,1,0.571923003088253,0.338538184340661,0.386525072561453,0.514790216534681,-0.000279784415732953,-0.000523105133481971,0.000593227022279179
263,2,0.572967271484303,0.339255383690093,0.386804856977186,0.515313321668163,17,6,1,0.587237241655998,0.328588336999635,0.407196693524578,0.512655139095528,0.020391836547392,-0.00265818257263506,0.020564360733196
263,3,0.572967271484303,0.339255383690093,0.386804856977186,0.515313321668163,16,8,0,0.598085792194845,0.373959561533793,0.380259526497506,0.53496303911762,-0.00654533047967998,0.019649717449457,0.0207111744459778
263,4,0.572967271484303,0.339255383690093,0.386804856977186,0.515313321668163,15,8,1,0.555790923550569,0.34901939292202,0.365853451598328,0.516925293973834,-0.020951405378858,0.00161197230567101,0.0210133253452063
263,5,0.572967271484303,0.339255383690093,0.386804856977186,0.515313321668163,16,6,2,0.548686856464718,0.307079141089811,0.3927906186254,0.494617393951742,0.00598576164821402,-0.020695927716421,0.0215441585250516
263,6,0.572967271484303,0.339255383690093,0.386804856977186,0.515313321668163,17,7,0,0.613634693784126,0.362447074267054,0.40093114746063,0.532827961678466,0.014126290483444,0.017514640010303,0.022501437676583
264,1,0.600722880591576,0.375943779943169,0.380814163724545,0.536221645257485,16,8,0,0.598085792194845,0.373959561533793,0.380259526497506,0.53496303911762,-0.000554637227039023,-0.00125860613986495,0.0013753951682783
264,2,0.600722880591576,0.375943779943169,0.380814163724545,0.536221645257485,17,7,0,0.613634693784126,0.362447074267054,0.40093114746063,0.532827961678466,0.020116983736085,-0.00339368357901892,0.0204012284647864
264,3,0.600722880591576,0.375943779943169,0.380814163724545,0.536221645257485,15,9,0,0.581652737297824,0.386126680488743,0.359587905534381,0.537098116556773,-0.021226258190164,0.000876471299288029,0.0212443460406288
264,4,0.600722880591576,0.375943779943169,0.380814163724545,0.536221645257485,16,7,1,0.571923003088253,0.338538184340661,0.386525072561453,0.514790216534681,0.005710908836908,-0.0214314287228039,0.0221792835061031
264,5,0.600722880591576,0.375943779943169,0.380814163724545,0.536221645257485,15,8,1,0.555790923550569,0.34901939292202,0.365853451598328,0.516925293973834,-0.014960712126217,-0.0192963512836509,0.0244166353166359
264,6,0.600722880591576,0.375943779943169,0.380814163724545,0.536221645257485,17,6,1,0.587237241655998,0.328588336999635,0.407196693524578,0.512655139095528,0.026382529800033,-0.023566506161957,0.035375388214565
265,1,0.472281501167136,0.183004660986679,0.444344148277369,0.387403196051307,17,0,7,0.476399128187687,0.18642164057286,0.44478996990826,0.391618203597894,0.000445821630890963,0.00421500754658699,0.0042385192631809
265,2,0.472281501167136,0.183004660986679,0.444344148277369,0.387403196051307,16,0,8,0.45013920246307,0.173657065573744,0.430383895009082,0.373580458454108,-0.013960253268287,-0.013822737597199,0.0196457818881239
265,3,0.472281501167136,0.183004660986679,0.444344148277369,0.387403196051307,16,1,7,0.462974368014871,0.191034388706013,0.424118348945135,0.393753281037047,-0.020225799332234,0.00635008498573997,0.0211992107861099
265,4,0.472281501167136,0.183004660986679,0.444344148277369,0.387403196051307,17,1,6,0.490733560584244,0.204807724882696,0.438524423844313,0.411791026180833,-0.00581972443305601,0.024387830129526,0.0250726035924338
265,5,0.472281501167136,0.183004660986679,0.444344148277369,0.387403196051307,18,0,6,0.503953800718046,0.199815573510002,0.459196044807438,0.40965594874168,0.014851896530069,0.022252752690373,0.0267537629659601
265,6,0.472281501167136,0.183004660986679,0.444344148277369,0.387403196051307,15,1,8,0.436543960110778,0.177920358373892,0.409712274045958,0.375715535893262,-0.034631874231411,-0.011687660158045,0.0365508975642216
266,1,0.487231644940104,0.201706627463473,0.438353455024728,0.408311519640629,17,1,6,0.490733560584244,0.204807724882696,0.438524423844313,0.411791026180833,0.000170968819585005,0.00347950654020401,0.00348370436469468
266,2,0.487231644940104,0.201706627463473,0.438353455024728,0.408311519640629,17,0,7,0.476399128187687,0.18642164057286,0.44478996990826,0.391618203597894,0.00643651488353197,-0.016693316042735,0.0178912136074824
266,3,0.487231644940104,0.201706627463473,0.438353455024728,0.408311519640629,16,1,7,0.462974368014871,0.191034388706013,0.424118348945135,0.393753281037047,-0.014235106079593,-0.014558238603582,0.0203612513450449
266,4,0.487231644940104,0.201706627463473,0.438353455024728,0.408311519640629,18,0,6,0.503953800718046,0.199815573510002,0.459196044807438,0.40965594874168,0.02084258978271,0.00134442910105098,0.0208859052582855
266,5,0.487231644940104,0.201706627463473,0.438353455024728,0.408311519640629,16,2,6,0.476982817358297,0.210000201795083,0.417852802881188,0.413926103619986,-0.02050065214354,0.00561458397935699,0.0212555943594077
266,6,0.487231644940104,0.201706627463473,0.438353455024728,0.408311519640629,17,2,5,0.506412810766989,0.224918742033552,0.432258877780366,0.431963848763772,-0.00609457724436202,0.023652329123143,0.0244249164734902
267,1,0.503615445716794,0.222202035236215,0.432362761772087,0.429219843229951,17,2,5,0.506412810766989,0.224918742033552,0.432258877780366,0.431963848763772,-0.00010388399172101,0.00274400553382098,0.00274597127686654
267,2,0.503615445716794,0.222202035236215,0.432362761772087,0.429219843229951,17,1,6,0.490733560584244,0.204807724882696,0.438524423844313,0.411791026180833,0.00616166207222602,-0.017428817049118,0.0184859336584316
267,3,0.503615445716794,0.222202035236215,0.432362761772087,0.429219843229951,18,1,5,0.519924328373482,0.219291368706697,0.452930498743491,0.429828771324618,0.020567736971404,0.000608928094667005,0.0205767489548115
267,4,0.503615445716794,0.222202035236215,0.432362761772087,0.429219843229951,16,2,6,0.476982817358297,0.210000201795083,0.417852802881188,0.413926103619986,-0.014509958890899,-0.015293739609965,0.0210816834781521
267,5,0.503615445716794,0.222202035236215,0.432362761772087,0.429219843229951,16,3,5,0.492333133445999,0.230782746575039,0.411587256817241,0.434098926202925,-0.020775504954846,0.00487908297297401,0.0213407370253699
267,6,0.503615445716794,0.222202035236215,0.432362761772087,0.429219843229951,17,3,4,0.523635443927701,0.247009382009382,0.425993331716419,0.452136671346711,-0.00636943005566798,0.02291682811676,0.0237855134518296
268,1,0.521649512105091,0.244761852061792,0.426372068519446,0.450128166819273,17,3,4,0.523635443927701,0.247009382009382,0.425993331716419,0.452136671346711,-0.000378736803026969,0.002008504527438,0.00204390117244109
268,2,0.521649512105091,0.244761852061792,0.426372068519446,0.450128166819273,17,2,5,0.506412810766989,0.224918742033552,0.432258877780366,0.431963848763772,0.00588680926092,-0.018164318055501,0.0190944225808442
268,3,0.521649512105091,0.244761852061792,0.426372068519446,0.450128166819273,18,2,4,0.537433664031475,0.240643714894783,0.446664952679544,0.450001593907557,0.020292884160098,-0.000126572911715972,0.0202932788931985
268,4,0.521649512105091,0.244761852061792,0.426372068519446,0.450128166819273,16,4,4,0.509227820968124,0.253656190871942,0.405321710753294,0.454271748785864,-0.021050357766152,0.00414358196659104,0.0214542963901605
268,5,0.521649512105091,0.244761852061792,0.426372068519446,0.450128166819273,16,3,5,0.492333133445999,0.230782746575039,0.411587256817241,0.434098926202925,-0.014784811702205,-0.016029240616348,0.0218065864317742
268,6,0.521649512105091,0.244761852061792,0.426372068519446,0.450128166819273,17,4,3,0.542641140258048,0.271387071019294,0.419727785652472,0.47230949392965,-0.00664428286697399,0.022181327110377,0.0231550808073285
269,1,0.541596402885151,0.269714527323648,0.420381375266805,0.471036490408595,17,4,3,0.542641140258048,0.271387071019294,0.419727785652472,0.47230949392965,-0.000653589614333039,0.00127300352105497,0.00143098474785106
269,2,0.541596402885151,0.269714527323648,0.420381375266805,0.471036490408595,17,3,4,0.523635443927701,0.247009382009382,0.425993331716419,0.452136671346711,0.00561195644961399,-0.018899819061884,0.0197154055439983
269,3,0.541596402885151,0.269714527323648,0.420381375266805,0.471036490408595,18,3,3,0.55671546772821,0.264157556636428,0.440399406615597,0.470174416490496,0.020018031348792,-0.000862073918099004,0.020036585300931
269,4,0.541596402885151,0.269714527323648,0.420381375266805,0.471036490408595,16,5,3,0.527912290316831,0.278952791848148,0.399056164689347,0.474444571368803,-0.021325210577458,0.003408080960208,0.0215958241797867
269,5,0.541596402885151,0.269714527323648,0.420381375266805,0.471036490408595,17,5,2,0.56372191749965,0.298426366120651,0.413462239588525,0.492482316512589,-0.00691913567828001,0.021445826103994,0.0225343714315975
269,6,0.541596402885151,0.269714527323648,0.420381375266805,0.471036490408595,16,4,4,0.509227820968124,0.253656190871942,0.405321710753294,0.454271748785864,-0.015059664513511,-0.016764741622731,0.0225355287698433
270,1,0.563777493912741,0.297462087956929,0.414390682014164,0.491944813997917,17,5,2,0.56372191749965,0.298426366120651,0.413462239588525,0.492482316512589,-0.000928442425638998,0.000537502514671995,0.00107280673516023
270,2,0.563777493912741,0.297462087956929,0.414390682014164,0.491944813997917,18,4,2,0.578053228341094,0.290178603944229,0.434133860551649,0.490347239073435,0.019743178537485,-0.00159757492448198,0.0198077092164223
270,3,0.563777493912741,0.297462087956929,0.414390682014164,0.491944813997917,17,4,3,0.542641140258048,0.271387071019294,0.419727785652472,0.47230949392965,0.00533710363830797,-0.019635320068267,0.020347738680977
270,4,0.563777493912741,0.297462087956929,0.414390682014164,0.491944813997917,16,6,2,0.548686856464718,0.307079141089811,0.3927906186254,0.494617393951742,-0.021600063388764,0.00267257995382497,0.0217647747980128
270,5,0.563777493912741,0.297462087956929,0.414390682014164,0.491944813997917,17,6,1,0.587237241655998,0.328588336999635,0.407196693524578,0.512655139095528,-0.00719398848958602,0.0207103250976109,0.0219242111839179
270,6,0.563777493912741,0.297462087956929,0.414390682014164,0.491944813997917,18,5,1,0.60179429433976,0.319130442550755,0.427868314487702,0.510520061656374,0.013477632473538,0.018575247658457,0.0229496492928493
271,1,0.588590425090278,0.328501963835069,0.408399988761522,0.512853137587239,17,6,1,0.587237241655998,0.328588336999635,0.407196693524578,0.512655139095528,-0.00120329523694401,-0.000197998491711093,0.00121947645732585
271,2,0.588590425090278,0.328501963835069,0.408399988761522,0.512853137587239,18,5,1,0.60179429433976,0.319130442550755,0.427868314487702,0.510520061656374,0.01946832572618,-0.00233307593086507,0.0196076247893472
271,3,0.588590425090278,0.328501963835069,0.408399988761522,0.512853137587239,17,5,2,0.56372191749965,0.298426366120651,0.413462239588525,0.492482316512589,0.00506225082700301,-0.02037082107465,0.0209903962490206
271,4,0.588590425090278,0.328501963835069,0.408399988761522,0.512853137587239,17,7,0,0.613634693784126,0.362447074267054,0.40093114746063,0.532827961678466,-0.00746884130089198,0.019974824091227,0.0213255055708738
271,5,0.588590425090278,0.328501963835069,0.408399988761522,0.512853137587239,16,7,1,0.571923003088253,0.338538184340661,0.386525072561453,0.514790216534681,-0.021874916200069,0.00193707894744199,0.021960515331127
271,6,0.588590425090278,0.328501963835069,0.408399988761522,0.512853137587239,18,6,0,0.628368928374786,0.351537770665373,0.421602768423755,0.530692884239313,0.013202779662233,0.017839746652074,0.0221939169913663
272,1,0.616533149388572,0.36345707202887,0.402409295508881,0.533761461176561,17,7,0,0.613634693784126,0.362447074267054,0.40093114746063,0.532827961678466,-0.00147814804825097,-0.000933499498094958,0.00174823996221677
272,2,0.616533149388572,0.36345707202887,0.402409295508881,0.533761461176561,18,6,0,0.628368928374786,0.351537770665373,0.421602768423755,0.530692884239313,0.019193472914874,-0.00306857693724794,0.0194372211736609
272,3,0.616533149388572,0.36345707202887,0.402409295508881,0.533761461176561,17,6,1,0.587237241655998,0.328588336999635,0.407196693524578,0.512655139095528,0.004787398015697,-0.021106322081033,0.0216424585375369
272,4,0.616533149388572,0.36345707202887,0.402409295508881,0.533761461176561,16,8,0,0.598085792194845,0.373959561533793,0.380259526497506,0.53496303911762,-0.022149769011375,0.00120157794105902,0.0221823365948159
272,5,0.616533149388572,0.36345707202887,0.402409295508881,0.533761461176561,16,7,1,0.571923003088253,0.338538184340661,0.386525072561453,0.514790216534681,-0.015884222947428,-0.0189712446418799,0.0247430123854323
272,6,0.616533149388572,0.36345707202887,0.402409295508881,0.533761461176561,18,5,1,0.60179429433976,0.319130442550755,0.427868314487702,0.510520061656374,0.025459018978821,-0.023241399520187,0.0344720799926682
273,1,0.50078661385792,0.196393850089192,0.459948586809064,0.405851335559704,18,0,6,0.503953800718046,0.199815573510002,0.459196044807438,0.40965594874168,-0.000752542001626,0.003804613181976,0.00387832450017747
273,2,0.50078661385792,0.196393850089192,0.459948586809064,0.405851335559704,17,0,7,0.476399128187687,0.18642164057286,0.44478996990826,0.391618203597894,-0.015158616900804,-0.01423313196181,0.0207934054879819
273,3,0.50078661385792,0.196393850089192,0.459948586809064,0.405851335559704,17,1,6,0.490733560584244,0.204807724882696,0.438524423844313,0.411791026180833,-0.021424162964751,0.00593969062112903,0.0222322892077027
273,4,0.50078661385792,0.196393850089192,0.459948586809064,0.405851335559704,18,1,5,0.519924328373482,0.219291368706697,0.452930498743491,0.429828771324618,-0.00701808806557297,0.023977435764914,0.0249834142173706
273,5,0.50078661385792,0.196393850089192,0.459948586809064,0.405851335559704,19,0,5,0.53290139667883,0.213886586640826,0.473602119706616,0.427693693885465,0.013653532897552,0.021842358325761,0.0257586408378912
273,6,0.50078661385792,0.196393850089192,0.459948586809064,0.405851335559704,16,1,7,0.462974368014871,0.191034388706013,0.424118348945135,0.393753281037047,-0.035830237863929,-0.012098054522657,0.0378175735421895
274,1,0.51745589441615,0.216201452709542,0.453957893556423,0.426759659149026,18,1,5,0.519924328373482,0.219291368706697,0.452930498743491,0.429828771324618,-0.00102739481293201,0.00306911217559197,0.00323650886728377
274,2,0.51745589441615,0.216201452709542,0.453957893556423,0.426759659149026,18,0,6,0.503953800718046,0.199815573510002,0.459196044807438,0.40965594874168,0.00523815125101496,-0.017103710407346,0.0178878488988158
274,3,0.51745589441615,0.216201452709542,0.453957893556423,0.426759659149026,19,0,5,0.53290139667883,0.213886586640826,0.473602119706616,0.427693693885465,0.019644226150193,0.000934034736438993,0.0196664191435248
274,4,0.51745589441615,0.216201452709542,0.453957893556423,0.426759659149026,17,1,6,0.490733560584244,0.204807724882696,0.438524423844313,0.411791026180833,-0.01543346971211,-0.014968632968193,0.0215000455881166
274,5,0.51745589441615,0.216201452709542,0.453957893556423,0.426759659149026,17,2,5,0.506412810766989,0.224918742033552,0.432258877780366,0.431963848763772,-0.021699015776057,0.00520418961474595,0.0223143647724017
274,6,0.51745589441615,0.216201452709542,0.453957893556423,0.426759659149026,18,2,4,0.537433664031475,0.240643714894783,0.446664952679544,0.450001593907557,-0.00729294087687904,0.023241934758531,0.0243592799145103
275,1,0.535766502788697,0.237959395598158,0.447967200303782,0.447667982738348,18,2,4,0.537433664031475,0.240643714894783,0.446664952679544,0.450001593907557,-0.00130224762423803,0.00233361116920899,0.00267237534113203
275,2,0.535766502788697,0.237959395598158,0.447967200303782,0.447667982738348,18,1,5,0.519924328373482,0.219291368706697,0.452930498743491,0.429828771324618,0.004963298439709,-0.01783921141373,0.018516797651467
275,3,0.535766502788697,0.237959395598158,0.447967200303782,0.447667982738348,19,1,4,0.550660344620839,0.234541721664511,0.467336573642668,0.447866516468404,0.019369373338886,0.000198533730055961,0.0193703907855035
275,4,0.535766502788697,0.237959395598158,0.447967200303782,0.447667982738348,17,2,5,0.506412810766989,0.224918742033552,0.432258877780366,0.431963848763772,-0.015708322523416,-0.015704133974576,0.0222119612009181
275,5,0.535766502788697,0.237959395598158,0.447967200303782,0.447667982738348,17,3,4,0.523635443927701,0.247009382009382,0.425993331716419,0.452136671346711,-0.021973868587363,0.00446868860836297,0.0224236499832924
275,6,0.535766502788697,0.237959395598158,0.447967200303782,0.447667982738348,18,3,3,0.55671546772821,0.264157556636428,0.440399406615597,0.470174416490496,-0.007567793688185,0.022506433752148,0.023744705968842
276,1,0.555973409840214,0.261970652932548,0.441976507051141,0.46857630632767,18,3,3,0.55671546772821,0.264157556636428,0.440399406615597,0.470174416490496,-0.00157710043554399,0.00159811016282602,0.00224526209523985
276,2,0.555973409840214,0.261970652932548,0.441976507051141,0.46857630632767,19,2,3,0.570177953037666,0.257242325242234,0.461071027578721,0.468039339051343,0.01909452052758,-0.000536967276327016,0.0191020692081779
276,3,0.555973409840214,0.261970652932548,0.441976507051141,0.46857630632767,18,2,4,0.537433664031475,0.240643714894783,0.446664952679544,0.450001593907557,0.00468844562840298,-0.018574712420113,0.0191572822681191
276,4,0.555973409840214,0.261970652932548,0.441976507051141,0.46857630632767,17,4,3,0.542641140258048,0.271387071019294,0.419727785652472,0.47230949392965,-0.022248721398669,0.00373318760197999,0.022559749412331
276,5,0.555973409840214,0.261970652932548,0.441976507051141,0.46857630632767,17,3,4,0.523635443927701,0.247009382009382,0.425993331716419,0.452136671346711,-0.015983175334722,-0.016439634980959,0.0229286609309754
276,6,0.555973409840214,0.261970652932548,0.441976507051141,0.46857630632767,18,4,2,0.578053228341094,0.290178603944229,0.434133860551649,0.490347239073435,-0.00784264649949201,0.021770932745765,0.0231404541169057
277,1,0.57838728141645,0.288604379554089,0.4359858137985,0.489484629916992,18,4,2,0.578053228341094,0.290178603944229,0.434133860551649,0.490347239073435,-0.001851953246851,0.000862609156443039,0.00204299422057463
277,2,0.57838728141645,0.288604379554089,0.4359858137985,0.489484629916992,19,3,2,0.591729069978579,0.28230806853848,0.454805481514774,0.488212161634282,0.018819667716274,-0.00127246828270999,0.0188626368379787
277,3,0.57838728141645,0.288604379554089,0.4359858137985,0.489484629916992,18,3,3,0.55671546772821,0.264157556636428,0.440399406615597,0.470174416490496,0.00441359281709702,-0.019310213426496,0.0198081837666141
277,4,0.57838728141645,0.288604379554089,0.4359858137985,0.489484629916992,18,5,1,0.60179429433976,0.319130442550755,0.427868314487702,0.510520061656374,-0.00811749931079797,0.021035431739382,0.0225473542466296
277,5,0.57838728141645,0.288604379554089,0.4359858137985,0.489484629916992,19,4,1,0.615648962957415,0.310128895585403,0.448539935450827,0.508384984217221,0.012554121652327,0.018900354300229,0.0226898515450324
277,6,0.57838728141645,0.288604379554089,0.4359858137985,0.489484629916992,17,5,2,0.56372191749965,0.298426366120651,0.413462239588525,0.492482316512589,-0.022523574209975,0.00299768659559702,0.0227221812359129
278,1,0.603390564052553,0.318315025129354,0.429995120545859,0.510392953506314,18,5,1,0.60179429433976,0.319130442550755,0.427868314487702,0.510520061656374,-0.00212680605815696,0.000127108150060007,0.0021306009694039
278,2,0.603390564052553,0.318315025129354,0.429995120545859,0.510392953506314,19,4,1,0.615648962957415,0.310128895585403,0.448539935450827,0.508384984217221,0.018544814904968,-0.00200796928909297,0.0186532061728129
278,3,0.603390564052553,0.318315025129354,0.429995120545859,0.510392953506314,18,4,2,0.578053228341094,0.290178603944229,0.434133860551649,0.490347239073435,0.00413874000579001,-0.0200457144328789,0.0204685083960717
278,4,0.603390564052553,0.318315025129354,0.429995120545859,0.510392953506314,19,5,0,0.642350886842394,0.341185456201347,0.44227438938688,0.52855780680016,0.012279268841021,0.018164853293846,0.0219258372350298
278,5,0.603390564052553,0.318315025129354,0.429995120545859,0.510392953506314,18,6,0,0.628368928374786,0.351537770665373,0.421602768423755,0.530692884239313,-0.00839235212210399,0.0202999307329991,0.0219663097015849
278,6,0.603390564052553,0.318315025129354,0.429995120545859,0.510392953506314,17,6,1,0.587237241655998,0.328588336999635,0.407196693524578,0.512655139095528,-0.022798427021281,0.00226218558921398,0.022910385380537
279,1,0.631459487464855,0.351668479046563,0.424004427293218,0.531301277095636,18,6,0,0.628368928374786,0.351537770665373,0.421602768423755,0.530692884239313,-0.00240165886946303,-0.00060839285632297,0.00247752037184263
279,2,0.631459487464855,0.351668479046563,0.424004427293218,0.531301277095636,19,5,0,0.642350886842394,0.341185456201347,0.44227438938688,0.52855780680016,0.018269962093662,-0.00274347029547606,0.0184747975405958
279,3,0.631459487464855,0.351668479046563,0.424004427293218,0.531301277095636,18,5,1,0.60179429433976,0.319130442550755,0.427868314487702,0.510520061656374,0.00386388719448399,-0.020781215439262,0.0211373730483407
279,4,0.631459487464855,0.351668479046563,0.424004427293218,0.531301277095636,17,7,0,0.613634693784126,0.362447074267054,0.40093114746063,0.532827961678466,-0.023073279832588,0.00152668458283001,0.0231237325717187
279,5,0.631459487464855,0.351668479046563,0.424004427293218,0.531301277095636,17,6,1,0.587237241655998,0.328588336999635,0.407196693524578,0.512655139095528,-0.01680773376864,-0.0186461380001081,0.0251033538945806
279,6,0.631459487464855,0.351668479046563,0.424004427293218,0.531301277095636,19,4,1,0.615648962957415,0.310128895585403,0.448539935450827,0.508384984217221,0.024535508157609,-0.022916292878415,0.0335730195222502
280,1,0.530716490425596,0.210452267662438,0.47555302534076,0.424299475068102,19,0,5,0.53290139667883,0.213886586640826,0.473602119706616,0.427693693885465,-0.00195090563414402,0.00339421881736302,0.00391493986843681
280,2,0.530716490425596,0.210452267662438,0.47555302534076,0.424299475068102,18,0,6,0.503953800718046,0.199815573510002,0.459196044807438,0.40965594874168,-0.016356980533322,-0.014643526326422,0.0219541266152878
280,3,0.530716490425596,0.210452267662438,0.47555302534076,0.424299475068102,18,1,5,0.519924328373482,0.219291368706697,0.452930498743491,0.429828771324618,-0.022622526597269,0.00552929625651599,0.0232884483539901
280,4,0.530716490425596,0.210452267662438,0.47555302534076,0.424299475068102,20,0,4,0.56335027598815,0.228687352174541,0.488008194605793,0.445731439029251,0.012455169265033,0.021431963961149,0.024788310161296
280,5,0.530716490425596,0.210452267662438,0.47555302534076,0.424299475068102,19,1,4,0.550660344620839,0.234541721664511,0.467336573642668,0.447866516468404,-0.00821645169809199,0.023567041400302,0.0249582755588327
280,6,0.530716490425596,0.210452267662438,0.47555302534076,0.424299475068102,18,2,4,0.537433664031475,0.240643714894783,0.446664952679544,0.450001593907557,-0.028888072661216,0.025702118839455,0.0386667771467595
281,1,0.549263576466072,0.231455654246013,0.469562332088118,0.445207798657424,19,1,4,0.550660344620839,0.234541721664511,0.467336573642668,0.447866516468404,-0.00222575844544998,0.00265871781097998,0.00346738821822912
281,2,0.549263576466072,0.231455654246013,0.469562332088118,0.445207798657424,19,0,5,0.53290139667883,0.213886586640826,0.473602119706616,0.427693693885465,0.00403978761849799,-0.017514104771959,0.0179739742395978
281,3,0.549263576466072,0.231455654246013,0.469562332088118,0.445207798657424,20,0,4,0.56335027598815,0.228687352174541,0.488008194605793,0.445731439029251,0.018445862517675,0.000523640371827006,0.0184532935613124
281,4,0.549263576466072,0.231455654246013,0.469562332088118,0.445207798657424,18,1,5,0.519924328373482,0.219291368706697,0.452930498743491,0.429828771324618,-0.016631833344627,-0.015379027332806,0.0226524250822432
281,5,0.549263576466072,0.231455654246013,0.469562332088118,0.445207798657424,18,2,4,0.537433664031475,0.240643714894783,0.446664952679544,0.450001593907557,-0.022897379408574,0.00479379525013301,0.0233938123588351
281,6,0.549263576466072,0.231455654246013,0.469562332088118,0.445207798657424,20,1,3,0.583067644624449,0.25062131895153,0.481742648541846,0.46590426161219,0.012180316453728,0.020696462954766,0.0240146556867043
282,1,0.569687144409015,0.254584036353338,0.463571638835477,0.466116122246745,19,2,3,0.570177953037666,0.257242325242234,0.461071027578721,0.468039339051343,-0.00250061125675599,0.001923216804598,0.00315465046160473
282,2,0.569687144409015,0.254584036353338,0.463571638835477,0.466116122246745,20,1,3,0.583067644624449,0.25062131895153,0.481742648541846,0.46590426161219,0.018171009706369,-0.000211860634554972,0.0181722447341387
282,3,0.569687144409015,0.254584036353338,0.463571638835477,0.466116122246745,19,1,4,0.550660344620839,0.234541721664511,0.467336573642668,0.447866516468404,0.00376493480719103,-0.018249605778341,0.0186339165278601
282,4,0.569687144409015,0.254584036353338,0.463571638835477,0.466116122246745,20,2,2,0.604793405698699,0.274789458747331,0.475477102477899,0.486077084195129,0.011905463642422,0.019960961948384,0.0232417741673451
282,5,0.569687144409015,0.254584036353338,0.463571638835477,0.466116122246745,18,2,4,0.537433664031475,0.240643714894783,0.446664952679544,0.450001593907557,-0.016906686155933,-0.016114528339188,0.023356242428304
282,6,0.569687144409015,0.254584036353338,0.463571638835477,0.466116122246745,18,3,3,0.55671546772821,0.264157556636428,0.440399406615597,0.470174416490496,-0.02317223221988,0.00405829424375104,0.0235249250417702
283,1,0.592287144448131,0.280177088360238,0.457580945582836,0.487024445836067,19,3,2,0.591729069978579,0.28230806853848,0.454805481514774,0.488212161634282,-0.00277546406806201,0.00118771579821497,0.00301891861606648
283,2,0.592287144448131,0.280177088360238,0.457580945582836,0.487024445836067,20,2,2,0.604793405698699,0.274789458747331,0.475477102477899,0.486077084195129,0.017896156895063,-0.000947361640938005,0.0179212144033665
283,3,0.592287144448131,0.280177088360238,0.457580945582836,0.487024445836067,19,2,3,0.570177953037666,0.257242325242234,0.461071027578721,0.468039339051343,0.00349008199588496,-0.018985106784724,0.0193032368261226
283,4,0.592287144448131,0.280177088360238,0.457580945582836,0.487024445836067,20,3,1,0.628850885483019,0.301551445707191,0.469211556413952,0.506249906778067,0.011630610831116,0.019225460942,0.0224697453643169
283,5,0.592287144448131,0.280177088360238,0.457580945582836,0.487024445836067,19,4,1,0.615648962957415,0.310128895585403,0.448539935450827,0.508384984217221,-0.00904101013200903,0.021360538381154,0.0231950956915431
283,6,0.592287144448131,0.280177088360238,0.457580945582836,0.487024445836067,18,4,2,0.578053228341094,0.290178603944229,0.434133860551649,0.490347239073435,-0.023447085031187,0.003322793237368,0.0236813587312471
284,1,0.617431052957393,0.308650953715128,0.451590252330195,0.507932769425389,19,4,1,0.615648962957415,0.310128895585403,0.448539935450827,0.508384984217221,-0.00305031687936802,0.000452214791831995,0.00308365550645806
284,2,0.617431052957393,0.308650953715128,0.451590252330195,0.507932769425389,20,3,1,0.628850885483019,0.301551445707191,0.469211556413952,0.506249906778067,0.017621304083757,-0.00168286264732198,0.0177014797206895
284,3,0.617431052957393,0.308650953715128,0.451590252330195,0.507932769425389,19,3,2,0.591729069978579,0.28230806853848,0.454805481514774,0.488212161634282,0.003215229184579,-0.019720607791107,0.0199809927270904
284,4,0.617431052957393,0.308650953715128,0.451590252330195,0.507932769425389,20,4,0,0.65563674775167,0.331348535974702,0.462946010350005,0.526422729361006,0.01135575801981,0.018489959935617,0.0216986602956311
284,5,0.617431052957393,0.308650953715128,0.451590252330195,0.507932769425389,19,5,0,0.642350886842394,0.341185456201347,0.44227438938688,0.52855780680016,-0.00931586294331499,0.0206250373747709,0.0226313382080983
284,6,0.617431052957393,0.308650953715128,0.451590252330195,0.507932769425389,18,5,1,0.60179429433976,0.319130442550755,0.427868314487702,0.510520061656374,-0.023721937842493,0.00258729223098497,0.0238626154495189
285,1,0.645574007999893,0.340521047112648,0.445599559077554,0.528841093014711,19,5,0,0.642350886842394,0.341185456201347,0.44227438938688,0.52855780680016,-0.00332516969067398,-0.000283286214551093,0.00333721508913219
285,2,0.645574007999893,0.340521047112648,0.445599559077554,0.528841093014711,20,4,0,0.65563674775167,0.331348535974702,0.462946010350005,0.526422729361006,0.017346451272451,-0.00241836365370507,0.0175142186382687
285,3,0.645574007999893,0.340521047112648,0.445599559077554,0.528841093014711,19,4,1,0.615648962957415,0.310128895585403,0.448539935450827,0.508384984217221,0.00294037637327299,-0.02045610879749,0.0206663543072128
285,4,0.645574007999893,0.340521047112648,0.445599559077554,0.528841093014711,18,6,0,0.628368928374786,0.351537770665373,0.421602768423755,0.530692884239313,-0.023996790653799,0.001851791224602,0.0240681343776739
285,5,0.645574007999893,0.340521047112648,0.445599559077554,0.528841093014711,18,5,1,0.60179429433976,0.319130442550755,0.427868314487702,0.510520061656374,-0.017731244589852,-0.0183210313583371,0.0254962198127159
285,6,0.645574007999893,0.340521047112648,0.445599559077554,0.528841093014711,20,3,1,0.628850885483019,0.301551445707191,0.469211556413952,0.506249906778067,0.023611997336398,-0.022591186236644,0.0326785574007299
286,1,0.562180689307746,0.22523137460238,0.491157463872455,0.442747614576499,20,0,4,0.56335027598815,0.228687352174541,0.488008194605793,0.445731439029251,-0.00314926926666204,0.00298382445275197,0.00433832977985568
286,2,0.562180689307746,0.22523137460238,0.491157463872455,0.442747614576499,19,0,5,0.53290139667883,0.213886586640826,0.473602119706616,0.427693693885465,-0.017555344165839,-0.015053920691034,0.0231259732109375
286,3,0.562180689307746,0.22523137460238,0.491157463872455,0.442747614576499,21,0,3,0.595420337323876,0.244276151146748,0.502414269504971,0.463769184173036,0.011256805632516,0.0210215695965369,0.0238457975616311
286,4,0.562180689307746,0.22523137460238,0.491157463872455,0.442747614576499,19,1,4,0.550660344620839,0.234541721664511,0.467336573642668,0.447866516468404,-0.023820890229787,0.00511890189190495,0.0243646869037653
286,5,0.562180689307746,0.22523137460238,0.491157463872455,0.442747614576499,20,1,3,0.583067644624449,0.25062131895153,0.481742648541846,0.46590426161219,-0.00941481533060901,0.023156647035691,0.0249973808557026
286,6,0.562180689307746,0.22523137460238,0.491157463872455,0.442747614576499,19,2,3,0.570177953037666,0.257242325242234,0.461071027578721,0.468039339051343,-0.030086436293734,0.025291724474844,0.0393047703945505
287,1,0.582782471055321,0.247530512280046,0.485166770619814,0.463655938165821,20,1,3,0.583067644624449,0.25062131895153,0.481742648541846,0.46590426161219,-0.00342412207796799,0.00224832344636899,0.00409628738302385
287,2,0.582782471055321,0.247530512280046,0.485166770619814,0.463655938165821,21,0,3,0.595420337323876,0.244276151146748,0.502414269504971,0.463769184173036,0.017247498885157,0.000113246007214962,0.0172478706642775
287,3,0.582782471055321,0.247530512280046,0.485166770619814,0.463655938165821,20,0,4,0.56335027598815,0.228687352174541,0.488008194605793,0.445731439029251,0.00284142398597897,-0.01792449913657,0.018148315612337
287,4,0.582782471055321,0.247530512280046,0.485166770619814,0.463655938165821,21,1,2,0.617286353188072,0.267599686582393,0.496148723441024,0.483942006755975,0.01098195282121,0.020286068590154,0.0230678968831516
287,5,0.582782471055321,0.247530512280046,0.485166770619814,0.463655938165821,19,1,4,0.550660344620839,0.234541721664511,0.467336573642668,0.447866516468404,-0.017830196977146,-0.015789421697417,0.0238164179040991
287,6,0.582782471055321,0.247530512280046,0.485166770619814,0.463655938165821,20,2,2,0.604793405698699,0.274789458747331,0.475477102477899,0.486077084195129,-0.00968966814191502,0.022421146029308,0.0244253445823799
288,1,0.605527601001543,0.272149586027241,0.479176077367173,0.484564261755143,20,2,2,0.604793405698699,0.274789458747331,0.475477102477899,0.486077084195129,-0.00369897488927401,0.00151282243998602,0.00399637923205555
288,2,0.605527601001543,0.272149586027241,0.479176077367173,0.484564261755143,21,1,2,0.617286353188072,0.267599686582393,0.496148723441024,0.483942006755975,0.016972646073851,-0.000622254999168015,0.0169840488704019
288,3,0.605527601001543,0.272149586027241,0.479176077367173,0.484564261755143,20,1,3,0.583067644624449,0.25062131895153,0.481742648541846,0.46590426161219,0.00256657117467302,-0.018660000142953,0.0188356813768355
288,4,0.605527601001543,0.272149586027241,0.479176077367173,0.484564261755143,21,2,1,0.641445130269532,0.293368811458221,0.489883177377077,0.504114829338914,0.010707100009904,0.0195505675837711,0.0222905065772334
288,5,0.605527601001543,0.272149586027241,0.479176077367173,0.484564261755143,20,3,1,0.628850885483019,0.301551445707191,0.469211556413952,0.506249906778067,-0.00996452095322098,0.021685645022924,0.0238654326985171
288,6,0.605527601001543,0.272149586027241,0.479176077367173,0.484564261755143,19,2,3,0.570177953037666,0.257242325242234,0.461071027578721,0.468039339051343,-0.018105049788452,-0.0165249227038,0.024512566128598
289,1,0.630768914490437,0.299470500866086,0.473185384114532,0.505472585344465,20,3,1,0.628850885483019,0.301551445707191,0.469211556413952,0.506249906778067,-0.00397382770057997,0.000777321433601985,0.00404914005747316
289,2,0.630768914490437,0.299470500866086,0.473185384114532,0.505472585344465,21,2,1,0.641445130269532,0.293368811458221,0.489883177377077,0.504114829338914,0.016697793262545,-0.00135775600555099,0.0167529042619273
289,3,0.630768914490437,0.299470500866086,0.473185384114532,0.505472585344465,20,2,2,0.604793405698699,0.274789458747331,0.475477102477899,0.486077084195129,0.002291718363367,-0.019395501149336,0.0195304233925148
289,4,0.630768914490437,0.299470500866086,0.473185384114532,0.505472585344465,21,3,0,0.6682772317829,0.321989456131063,0.48361763131313,0.524287651921853,0.010432247198598,0.018815066577388,0.0215136819704159
289,5,0.630768914490437,0.299470500866086,0.473185384114532,0.505472585344465,20,4,0,0.65563674775167,0.331348535974702,0.462946010350005,0.526422729361006,-0.010239373764527,0.0209501440165409,0.0233185185936733
289,6,0.630768914490437,0.299470500866086,0.473185384114532,0.505472585344465,19,4,1,0.615648962957415,0.310128895585403,0.448539935450827,0.508384984217221,-0.024645448663705,0.00291239887275596,0.0248169338764753
290,1,0.658941187621951,0.329963853574589,0.467194690861891,0.526380908933787,20,4,0,0.65563674775167,0.331348535974702,0.462946010350005,0.526422729361006,-0.00424868051188604,4.18204272190081e-05,0.00424888632940598
290,2,0.658941187621951,0.329963853574589,0.467194690861891,0.526380908933787,21,3,0,0.6682772317829,0.321989456131063,0.48361763131313,0.524287651921853,0.016422940451239,-0.00209325701193397,0.0165558055673215
290,3,0.658941187621951,0.329963853574589,0.467194690861891,0.526380908933787,20,3,1,0.628850885483019,0.301551445707191,0.469211556413952,0.506249906778067,0.00201686555206099,-0.0201310021557199,0.0202317817912484
290,4,0.658941187621951,0.329963853574589,0.467194690861891,0.526380908933787,19,5,0,0.642350886842394,0.341185456201347,0.44227438938688,0.52855780680016,-0.024920301475011,0.00217689786637298,0.0250152015767624
290,5,0.658941187621951,0.329963853574589,0.467194690861891,0.526380908933787,19,4,1,0.615648962957415,0.310128895585403,0.448539935450827,0.508384984217221,-0.018654755411064,-0.017995924716566,0.0259201312853722
290,6,0.658941187621951,0.329963853574589,0.467194690861891,0.526380908933787,21,2,1,0.641445130269532,0.293368811458221,0.489883177377077,0.504114829338914,0.022688486515186,-0.0222660795948729,0.0317890817872267
291,1,0.595300297220656,0.24078804677405,0.50676190240415,0.461195754084896,21,0,3,0.595420337323876,0.244276151146748,0.502414269504971,0.463769184173036,-0.00434763289917894,0.00257343008813998,0.00505217321996854
291,2,0.595300297220656,0.24078804677405,0.50676190240415,0.461195754084896,22,0,2,0.629244596017552,0.260717640411136,0.516820344404149,0.481806929316822,0.0100584419999991,0.020611175231926,0.0229345329123683
291,3,0.595300297220656,0.24078804677405,0.50676190240415,0.461195754084896,20,0,4,0.56335027598815,0.228687352174541,0.488008194605793,0.445731439029251,-0.018753707798357,-0.015464315055645,0.0243073362655476
291,4,0.595300297220656,0.24078804677405,0.50676190240415,0.461195754084896,21,1,2,0.617286353188072,0.267599686582393,0.496148723441024,0.483942006755975,-0.010613178963126,0.022746252671079,0.0251004298425327
291,5,0.595300297220656,0.24078804677405,0.50676190240415,0.461195754084896,20,1,3,0.583067644624449,0.25062131895153,0.481742648541846,0.46590426161219,-0.025019253862304,0.00470850752729401,0.0254584584561005
291,6,0.595300297220656,0.24078804677405,0.50676190240415,0.461195754084896,20,2,2,0.604793405698699,0.274789458747331,0.475477102477899,0.486077084195129,-0.031284799926251,0.024881330110233,0.0399727318866242
292,1,0.618154487003304,0.264494082878335,0.500771209151509,0.482104077674218,21,1,2,0.617286353188072,0.267599686582393,0.496148723441024,0.483942006755975,-0.00462248571048496,0.00183792908175701,0.00497447057014169
292,2,0.618154487003304,0.264494082878335,0.500771209151509,0.482104077674218,22,0,2,0.629244596017552,0.260717640411136,0.516820344404149,0.481806929316822,0.0160491352526401,-0.000297148357395971,0.0160518858550588
292,3,0.618154487003304,0.264494082878335,0.500771209151509,0.482104077674218,21,0,3,0.595420337323876,0.244276151146748,0.502414269504971,0.463769184173036,0.00164306035346207,-0.018334893501182,0.0184083667669026
292,4,0.618154487003304,0.264494082878335,0.500771209151509,0.482104077674218,22,1,1,0.653472710062232,0.28555434635831,0.510554798340202,0.501979751899761,0.00978358918869304,0.019875674225543,0.0221531271682583
292,5,0.618154487003304,0.264494082878335,0.500771209151509,0.482104077674218,21,2,1,0.641445130269532,0.293368811458221,0.489883177377077,0.504114829338914,-0.010888031774432,0.0220107516646961,0.0245565149149052
292,6,0.618154487003304,0.264494082878335,0.500771209151509,0.482104077674218,20,1,3,0.583067644624449,0.25062131895153,0.481742648541846,0.46590426161219,-0.019028560609663,-0.016199816062028,0.0249904013436991
293,1,0.643455603487222,0.290738250208295,0.494780515898868,0.50301240126354,21,2,1,0.641445130269532,0.293368811458221,0.489883177377077,0.504114829338914,-0.00489733852179103,0.00110242807537408,0.00501988767388189
293,2,0.643455603487222,0.290738250208295,0.494780515898868,0.50301240126354,22,1,1,0.653472710062232,0.28555434635831,0.510554798340202,0.501979751899761,0.015774282441334,-0.001032649363779,0.0158080470409058
293,3,0.643455603487222,0.290738250208295,0.494780515898868,0.50301240126354,21,1,2,0.617286353188072,0.267599686582393,0.496148723441024,0.483942006755975,0.001368207542156,-0.019070394507565,0.0191194126100301
293,4,0.643455603487222,0.290738250208295,0.494780515898868,0.50301240126354,22,2,0,0.680318248823765,0.313074224751818,0.504289252276254,0.5221525744827,0.00950873637738597,0.0191401732191601,0.0213719979963052
293,5,0.643455603487222,0.290738250208295,0.494780515898868,0.50301240126354,21,3,0,0.6682772317829,0.321989456131063,0.48361763131313,0.524287651921853,-0.011162884585738,0.021275250658313,0.0240259501965803
293,6,0.643455603487222,0.290738250208295,0.494780515898868,0.50301240126354,20,2,2,0.604793405698699,0.274789458747331,0.475477102477899,0.486077084195129,-0.019303413420969,-0.0169353170684109,0.0256793055573639
294,1,0.671618851194104,0.319951229242021,0.488789822646227,0.523920724852862,21,3,0,0.6682772317829,0.321989456131063,0.48361763131313,0.524287651921853,-0.00517219133309699,0.000366927068990996,0.00518519032053038
294,2,0.671618851194104,0.319951229242021,0.488789822646227,0.523920724852862,22,2,0,0.680318248823765,0.313074224751818,0.504289252276254,0.5221525744827,0.015499429630027,-0.00176815037016198,0.0155999575187775
294,3,0.671618851194104,0.319951229242021,0.488789822646227,0.523920724852862,21,2,1,0.641445130269532,0.293368811458221,0.489883177377077,0.504114829338914,0.00109335473084998,-0.019805895513948,0.0198360510605538
294,4,0.671618851194104,0.319951229242021,0.488789822646227,0.523920724852862,20,4,0,0.65563674775167,0.331348535974702,0.462946010350005,0.526422729361006,-0.025843812296222,0.00250200450814397,0.025964642507863
294,5,0.671618851194104,0.319951229242021,0.488789822646227,0.523920724852862,20,3,1,0.628850885483019,0.301551445707191,0.469211556413952,0.506249906778067,-0.019578266232275,-0.017670818074795,0.0263735913385784
294,6,0.671618851194104,0.319951229242021,0.488789822646227,0.523920724852862,22,1,1,0.653472710062232,0.28555434635831,0.510554798340202,0.501979751899761,0.021764975693975,-0.021940972953101,0.0309050232339022
295,1,0.630209486453736,0.257185306491189,0.522366340935846,0.479643893593294,22,0,2,0.629244596017552,0.260717640411136,0.516820344404149,0.481806929316822,-0.00554599653169696,0.002163035723528,0.00595288174507549
295,2,0.630209486453736,0.257185306491189,0.522366340935846,0.479643893593294,23,0,1,0.66497102815618,0.278083749031041,0.531226419303326,0.499844674460607,0.00886007836748004,0.020200780867313,0.0220583892505116
295,3,0.630209486453736,0.257185306491189,0.522366340935846,0.479643893593294,22,1,1,0.653472710062232,0.28555434635831,0.510554798340202,0.501979751899761,-0.011811542595644,0.0223358583064669,0.0252666401560493
295,4,0.630209486453736,0.257185306491189,0.522366340935846,0.479643893593294,21,0,3,0.595420337323876,0.244276151146748,0.502414269504971,0.463769184173036,-0.019952071430875,-0.015874709420258,0.0254968930177849
295,5,0.630209486453736,0.257185306491189,0.522366340935846,0.479643893593294,21,1,2,0.617286353188072,0.267599686582393,0.496148723441024,0.483942006755975,-0.026217617494822,0.00429811316268097,0.0265675976306479
295,6,0.630209486453736,0.257185306491189,0.522366340935846,0.479643893593294,23,1,0,0.691801455129865,0.304571999329576,0.524960873239379,0.520017497043546,0.00259453230353301,0.040373603450252,0.0404568838818844
296,1,0.655537670314627,0.282422161114616,0.516375647683205,0.500552217182615,22,1,1,0.653472710062232,0.28555434635831,0.510554798340202,0.501979751899761,-0.00582084934300298,0.00142753471714596,0.00599334150892432
296,2,0.655537670314627,0.282422161114616,0.516375647683205,0.500552217182615,23,0,1,0.66497102815618,0.278083749031041,0.531226419303326,0.499844674460607,0.0148507716201211,-0.000707542722008014,0.0148676169716757
296,3,0.655537670314627,0.282422161114616,0.516375647683205,0.500552217182615,22,0,2,0.629244596017552,0.260717640411136,0.516820344404149,0.481806929316822,0.000444696720944049,-0.018745287865793,0.0187505619207816
296,4,0.655537670314627,0.282422161114616,0.516375647683205,0.500552217182615,23,1,0,0.691801455129865,0.304571999329576,0.524960873239379,0.520017497043546,0.00858522555617403,0.0194652798609311,0.0212744733874837
296,5,0.655537670314627,0.282422161114616,0.516375647683205,0.500552217182615,22,2,0,0.680318248823765,0.313074224751818,0.504289252276254,0.5221525744827,-0.012086395406951,0.021600357300085,0.0247518966833757
296,6,0.655537670314627,0.282422161114616,0.516375647683205,0.500552217182615,21,1,2,0.617286353188072,0.267599686582393,0.496148723441024,0.483942006755975,-0.020226924242181,-0.01661021042664,0.0261730310571051
297,1,0.683659008037938,0.310442097950092,0.510384954430563,0.521460540771937,22,2,0,0.680318248823765,0.313074224751818,0.504289252276254,0.5221525744827,-0.00609570215430899,0.000692033710762985,0.00613485903757207
297,2,0.683659008037938,0.310442097950092,0.510384954430563,0.521460540771937,23,1,0,0.691801455129865,0.304571999329576,0.524960873239379,0.520017497043546,0.014575918808816,-0.00144304372839099,0.0146471766673051
297,3,0.683659008037938,0.310442097950092,0.510384954430563,0.521460540771937,22,1,1,0.653472710062232,0.28555434635831,0.510554798340202,0.501979751899761,0.000169843909639034,-0.0194807888721761,0.0194815292530114
297,4,0.683659008037938,0.310442097950092,0.510384954430563,0.521460540771937,21,2,1,0.641445130269532,0.293368811458221,0.489883177377077,0.504114829338914,-0.020501777053486,-0.017345711433023,0.0268551031922901
297,5,0.683659008037938,0.310442097950092,0.510384954430563,0.521460540771937,21,3,0,0.6682772317829,0.321989456131063,0.48361763131313,0.524287651921853,-0.026767323117433,0.00282711114991596,0.0269162059794288
297,6,0.683659008037938,0.310442097950092,0.510384954430563,0.521460540771937,23,0,1,0.66497102815618,0.278083749031041,0.531226419303326,0.499844674460607,0.0208414648727631,-0.0216158663113301,0.0300268602160118
298,1,0.667057331613509,0.274493175862421,0.537970779467541,0.498092033101691,23,0,1,0.66497102815618,0.278083749031041,0.531226419303326,0.499844674460607,-0.00674436016421498,0.00175264135891601,0.00696836751023027
298,2,0.667057331613509,0.274493175862421,0.537970779467541,0.498092033101691,24,0,0,0.702764734805358,0.296454730277412,0.545632494202504,0.517882419604393,0.00766171473496302,0.019790386502702,0.0212217169570767
298,3,0.667057331613509,0.274493175862421,0.537970779467541,0.498092033101691,23,1,0,0.691801455129865,0.304571999329576,0.524960873239379,0.520017497043546,-0.013009906228162,0.0219254639418551,0.0254947765067897
298,4,0.667057331613509,0.274493175862421,0.537970779467541,0.498092033101691,22,0,2,0.629244596017552,0.260717640411136,0.516820344404149,0.481806929316822,-0.021150435063392,-0.016285103784869,0.0266935480716729
298,5,0.667057331613509,0.274493175862421,0.537970779467541,0.498092033101691,22,1,1,0.653472710062232,0.28555434635831,0.510554798340202,0.501979751899761,-0.027415981127339,0.00388771879806998,0.0276902578288371
298,6,0.667057331613509,0.274493175862421,0.537970779467541,0.498092033101691,22,2,0,0.680318248823765,0.313074224751818,0.504289252276254,0.5221525744827,-0.033681527191287,0.024060541381009,0.0413926916917064
299,1,0.695108565100648,0.301399413311022,0.5319800862149,0.519000356691013,23,1,0,0.691801455129865,0.304571999329576,0.524960873239379,0.520017497043546,-0.00701921297552099,0.00101714035253309,0.00709252601634096
299,2,0.695108565100648,0.301399413311022,0.5319800862149,0.519000356691013,24,0,0,0.702764734805358,0.296454730277412,0.545632494202504,0.517882419604393,0.013652407987604,-0.00111793708662,0.0136981030507744
299,3,0.695108565100648,0.301399413311022,0.5319800862149,0.519000356691013,23,0,1,0.66497102815618,0.278083749031041,0.531226419303326,0.499844674460607,-0.000753666911573969,-0.019155682230406,0.0191705027457783
299,4,0.695108565100648,0.301399413311022,0.5319800862149,0.519000356691013,22,1,1,0.653472710062232,0.28555434635831,0.510554798340202,0.501979751899761,-0.021425287874698,-0.017020604791252,0.0273631859982289
299,5,0.695108565100648,0.301399413311022,0.5319800862149,0.519000356691013,22,2,0,0.680318248823765,0.313074224751818,0.504289252276254,0.5221525744827,-0.027690833938646,0.00315221779168706,0.0278696745805167
299,6,0.695108565100648,0.301399413311022,0.5319800862149,0.519000356691013,22,0,2,0.629244596017552,0.260717640411136,0.516820344404149,0.481806929316822,-0.015159741810751,-0.037193427374191,0.0401642728255828
300,1,0.706009937686626,0.292789676367654,0.553575217999236,0.516540172610088,24,0,0,0.702764734805358,0.296454730277412,0.545632494202504,0.517882419604393,-0.007942723796732,0.00134224699430496,0.0080553391179325
300,2,0.706009937686626,0.292789676367654,0.553575217999236,0.516540172610088,23,0,1,0.66497102815618,0.278083749031041,0.531226419303326,0.499844674460607,-0.02234879869591,-0.016695498149481,0.0278963879670762
300,3,0.706009937686626,0.292789676367654,0.553575217999236,0.516540172610088,23,1,0,0.691801455129865,0.304571999329576,0.524960873239379,0.520017497043546,-0.028614344759857,0.00347732443345805,0.0288248592581383
300,4,0.706009937686626,0.292789676367654,0.553575217999236,0.516540172610088,22,1,1,0.653472710062232,0.28555434635831,0.510554798340202,0.501979751899761,-0.043020419659034,-0.014560420710327,0.0454176436960475
300,5,0.706009937686626,0.292789676367654,0.553575217999236,0.516540172610088,22,2,0,0.680318248823765,0.313074224751818,0.504289252276254,0.5221525744827,-0.0492859657229821,0.00561240187261203,0.0496044904421632
300,6,0.706009937686626,0.292789676367654,0.553575217999236,0.516540172610088,22,0,2,0.629244596017552,0.260717640411136,0.516820344404149,0.481806929316822,-0.036754873595087,-0.034733243293266,0.0505699409003019
