Index,Target_x,Target_y,Target_Y_lm,Target_u1976,Target_v1976,ExactValid,S14Valid,BoundaryMixValid,Exact_Ra,Exact_Rmin8,Exact_SingleWhiteRatio,Exact_RGBWhiteRatio,Exact_RGBPoint_x,Exact_RGBPoint_y,Exact_RGBPoint_Y_lm,Exact_R_weight,Exact_G_weight,Exact_B_weight,S14_Ra,S14_Rmin8,S14_SingleWhiteRatio,S14_RGBWhiteRatio,S14_DistanceWeightedAverageWhiteRatio,S14_LocalFitPredictedWhiteRatio,S14_LocalFitFallbackUsed,S14_LocalFitConditionValue,S14_OutputDeltaUv,S14_RGBPoint_x,S14_RGBPoint_y,S14_RGBPoint_Y_lm,S14_R_weight,S14_G_weight,S14_B_weight,S14_KUsed,BoundaryMix_Ra,BoundaryMix_Rmin8,BoundaryMix_SingleWhiteRatio,BoundaryMix_RGBWhiteRatio,BoundaryMix_RGBPoint_x,BoundaryMix_RGBPoint_y,BoundaryMix_RGBPoint_Y_lm,BoundaryMix_RayT,BoundaryMix_R_weight,BoundaryMix_G_weight,BoundaryMix_B_weight,RaDiff_ExactMinusS14,RaDiff_ExactMinusBoundaryMix,RaDiff_S14MinusBoundaryMix,AbsRaDiff_S14MinusBoundaryMix,BetterApproxMethod,WhiteRatioDiff_ExactMinusS14,WhiteRatioDiff_ExactMinusBoundaryMix,ErrorMessage
1,0.226057658082383,0.543449795489374,4,0.0997025574270471,0.539298263690928,1,1,1,48.7220257349937,29.9964451011734,0,1,0.226057658082383,0.543449795489374,4,0.116391032655892,0.743905019648109,0.035352909764217,48.6983443194325,30.0171421893828,0.00121807938521535,0.998781920614785,0.00268999670536939,0.00121807938521531,0,4.17819463541144e-05,0,0.225853499143614,0.543819570711231,3.99512768245914,0.115905092668287,0.743220624247794,0.0352070766688404,9,37.5287892973256,17.59134963144,0.291751082681506,0.708248917318494,0.13659991804847,0.705476772448251,2.83299566927397,1.83289408794912,0,0.579980482833917,0.000423360850305227,0.0236814155611924,11.1932364376681,11.169555022107,11.169555022107,S14,-0.00121807938521535,-0.291751082681506,
2,0.413423788078613,0.474963696344639,4,0.210053936719794,0.542973078616637,1,1,1,27.3620017618966,-39.35424947207,0.107640535586376,0.892359464413624,0.427151585388212,0.496604111322376,3.5694378576545,0.378869902186438,0.507043036414132,0,27.3620017618966,-39.35424947207,0.107640535586376,0.892359464413624,0.126009781005952,0.109271059580234,0,5.78295587823609e-05,0,0.427151585388212,0.496604111322376,3.5694378576545,0.378869902186438,0.507043036414132,0,9,27.3620017618966,-39.35424947207,0.107640535586376,0.892359464413624,0.427151585388212,0.496604111322376,3.5694378576545,1.17168281655085,0.378869902186438,0.507043036414132,0,0,0,0,0,Tie,0,0,
3,0.187150871526784,0.612529568052495,4,0.0750400464578487,0.552599918205543,1,1,1,20.0599971398086,-0.938123895943434,0,1,0.187150871526784,0.612529568052495,4,0.0583144157554643,0.781241615370638,0.0184626966510201,20.0599971398086,-0.938123895943434,0,1,3.1073101877146e-17,-1.69196994842076e-17,0,4.37240731176533e-05,0,0.187150871526784,0.612529568052495,4,0.0583144157554643,0.781241615370638,0.0184626966510201,9,14.099641674291,-9.87160564698789,0.146173580080655,0.853826419919345,0.136644902516913,0.703527247292066,3.41530567967738,1.34519199818167,0,0.699111889616196,0.000962239862920988,0,5.96035546551753,5.96035546551753,5.96035546551753,S14,0,-0.146173580080655,
4,0.254063898308476,0.429430857303905,4,0.132930012413443,0.50554038388536,1,1,1,73.7107360850959,58.7895531846948,0.251551778139282,0.748448221860718,0.218458234019571,0.465537115858938,2.99379288744287,0.0905436050551224,0.549293171556231,0.0568603640057153,73.7107267014577,58.7901839354221,0.251629587028269,0.748370412971731,0.266163772797414,0.251629587028269,0,3.40641064932232e-05,0,0.218442279620077,0.465553294567712,2.99348165188692,0.0905125640154258,0.549249453514228,0.0568510484296809,9,64.7339888268811,48.4615629337906,0.478512517312528,0.521487482687472,0.140307782369484,0.544786315946182,2.08594993074989,2.4327027935928,0,0.421772019956613,0.0296877613623045,9.38363822911015e-06,8.97674725821484,8.97673787457661,8.97673787457661,S14,-7.78088889873962e-05,-0.226960739173246,
5,0.591909127182811,0.370192571261719,4,0.3783077906712,0.532353931511063,1,1,1,8.42747773670624,-62.6482470322971,0.0294241360285916,0.970575863971408,0.600237404358644,0.37087823389986,3.88230345588563,0.880410832151335,0.274839927340096,0,8.42747773670624,-62.6482470322971,0.0294241360285916,0.970575863971408,0.0229568787579453,0.0307444629386926,0,2.88158928943615e-05,0,0.600237404358644,0.37087823389986,3.88230345588563,0.880410832151335,0.274839927340096,0,9,8.42747773670624,-62.6482470322971,0.0294241360285916,0.970575863971408,0.600237404358644,0.37087823389986,3.88230345588563,1.03222449214412,0.880410832151335,0.274839927340096,0,0,0,0,0,Tie,0,0,
6,0.409125077278367,0.49594924293809,4,0.201213818531348,0.548809287552335,1,1,1,22.9267984330757,-44.6362083194812,0.0448349206336535,0.955165079366347,0.414275079510583,0.505957332800779,3.82066031746539,0.380401593429972,0.557576109832088,0,22.9267984330757,-44.6362083194812,0.0448349206336535,0.955165079366347,0.0438513487930293,0.0465353803199294,0,8.27067213712067e-05,0,0.414275079510583,0.505957332800779,3.82066031746539,0.380401593429972,0.557576109832088,0,9,22.9267984330757,-44.6362083194812,0.0448349206336535,0.955165079366347,0.414275079510583,0.505957332800779,3.82066031746539,1.06806633492904,0.380401593429972,0.557576109832088,0,0,0,0,0,Tie,0,0,
7,0.212261730123594,0.375317720760103,4,0.11993392243797,0.477146701698475,1,1,1,67.7447402054747,50.069579596811,0.0756525338333964,0.924347466166604,0.201524925940641,0.377656646509757,3.69738986466641,0.103598678587809,0.67179499655599,0.134041896338162,67.6460759421833,50.2027405749079,0.0893719911516337,0.910628008848366,0.0888531660811423,0.0893719911516337,0,7.1915793145732e-05,0,0.199370731694124,0.378125920262642,3.64251203539347,0.0981254450694563,0.664086522381485,0.132399350743934,9,58.2134064146298,34.5231414359005,0.335337717070204,0.664662282929796,0.143874442334083,0.390215336999937,2.65864913171918,1.5642430343065,0,0.525887145972027,0.102951398826657,0.0986642632913544,9.53133379084493,9.43266952755358,9.43266952755358,S14,-0.0137194573182373,-0.259685183236808,
8,0.294518200703645,0.248549138402641,4,0.21842239172406,0.414743701976996,1,1,1,70.5884322161943,48.1879980321103,0.911979605473197,0.0880203945268029,0.222303004046627,0.0624439797339341,0.352081578107212,0.0737103556327664,0,0.159108983346663,70.5426060126703,48.0802984306723,0.911333896746719,0.0886661032532811,0.908480488456325,0.911333896746719,0,2.53130647792115e-05,0,0.222448752960534,0.0628195879992871,0.354664413013124,0.0739679543528087,0.000362800723589333,0.159186290050509,9,70.5884322161943,48.1879980321103,0.911979605473197,0.0880203945268029,0.222303004046627,0.0624439797339341,0.352081578107212,2.85426966100215,0.0737103556327664,0,0.159108983346663,0.0458262035240438,0,-0.0458262035240438,0.0458262035240438,BoundaryMix,0.000645708726478067,0,
9,0.168959273511691,0.312720691156618,4,0.105357064243899,0.438753670299047,1,1,1,50.8780224549876,18.4252348162796,0,1,0.168959273511691,0.312720691156618,4,0.0549716782928952,0.745265789306554,0.229976712486345,50.8211079388356,18.3195772999782,0.00159738385785934,0.998402616142141,0.00161879560622172,0.00159738385785932,0,6.04209116040278e-05,0,0.168723418100187,0.312668798305216,3.99361046456856,0.054334418766537,0.744368276239568,0.229785467617313,9,44.2331353296457,9.02835272361503,0.137794521560676,0.862205478439324,0.145780275109195,0.307620853454874,3.4488219137573,1.14090209448661,0,0.66784395794689,0.213479428443094,0.056914516152041,6.64488712534185,6.58797260918981,6.58797260918981,S14,-0.00159738385785934,-0.137794521560676,
10,0.529442673329839,0.269581015732952,4,0.409145124088668,0.468738105753161,1,1,1,40.9821774124244,-23.513075596829,0.321066865706923,0.678933134293077,0.594096572558037,0.243408614645971,2.71573253717231,0.919685952958694,0,0.0712524967322573,40.8882036227648,-23.6747922546544,0.320183692538953,0.679816307461047,0.314737154528077,0.320183692538953,0,1.97999058475141e-05,0,0.593860268705891,0.243504272282565,2.71926522984419,0.920038285625601,0.000496223531222195,0.0713582335819256,9,40.9821774124244,-23.513075596829,0.321066865706923,0.678933134293077,0.594096572558037,0.243408614645971,2.71573253717231,1.32990198730215,0.919685952958694,0,0.0712524967322573,0.0939737896595929,0,-0.0939737896595929,0.0939737896595929,BoundaryMix,0.000883173167969264,0,
11,0.483622678852146,0.317599469084542,4,0.331024613086603,0.489120554983973,1,1,1,49.5247276692937,16.3205765171897,0.604993168148574,0.395006831851426,0.667666279987552,0.279217505313102,1.5800273274057,0.544118571157051,0,0.0116914864973347,48.5840169359172,15.0376849666296,0.594989439695703,0.405010560304297,0.59240868773925,0.594989439695703,0,3.58686607895536e-05,0,0.661027676132597,0.280601974270903,1.62004224121719,0.548109453639259,0.00562073853498603,0.0128891709038653,9,49.5247276692937,16.3205765171897,0.604993168148574,0.395006831851426,0.667666279987552,0.279217505313102,1.5800273274057,2.22565716644826,0.544118571157051,0,0.0116914864973347,0.940710733376484,0,-0.940710733376484,0.940710733376484,BoundaryMix,0.0100037284528712,0,
12,0.299254791929613,0.382597746531835,4,0.171182152437038,0.492427496414627,1,1,1,89.6464025724296,83.8184317518131,0.63699246469081,0.36300753530919,0.220007215635252,0.460627016933081,1.45203014123676,0.0452178757247082,0.26548857717108,0.0284495707719096,89.6460782857684,83.8237204139512,0.636511326966051,0.363488673033949,0.64375868052539,0.636511326966051,0,4.55761255105619e-05,0,0.220205392615574,0.460431886609758,1.4539546921358,0.0454098205707037,0.265758911313287,0.0285071744096984,9,84.7626662179975,78.1186248952469,0.750337658888411,0.249662341111589,0.1404420137846,0.538969029901067,0.998649364446357,5.64245837884082,0,0.20180395160539,0.0148794531617415,0.00032428666114015,4.88373635443202,4.88341206777088,4.88341206777088,S14,0.00048113772475844,-0.113345194197601,
13,0.2618305280844,0.365454037979487,4,0.152631093233949,0.479333758142126,1,1,1,83.7780456866799,74.5992954181485,0.448608175385081,0.551391824614919,0.198339286189697,0.380113355826218,2.20556729845968,0.0580500293591042,0.403053471467123,0.0794018134351583,83.7779405149028,74.599273158093,0.448179361869392,0.551820638130608,0.462822759464977,0.448179361869392,0,2.33683634175314e-05,0,0.198453670735896,0.380086945893612,2.20728255252243,0.0582211000110076,0.403294406500827,0.0794531526196903,9,78.2284272684105,67.0532641060173,0.594119032439536,0.405880967560464,0.143817067313576,0.392701840668577,1.62352387024186,2.64747266684252,0,0.32129610616498,0.0619807003675598,0.000105171777192936,5.54961841826946,5.54951324649227,5.54951324649227,S14,0.00042881351568913,-0.145510857054455,
14,0.148118126199157,0.29052341827336,4,0.0957137673650566,0.422405792353792,1,1,1,30.0447600223209,-14.0764077750967,0,1,0.148118126199157,0.29052341827336,4,0.00493592100395024,0.767204807629078,0.272431344794232,30.0447600223209,-14.0764077750967,0,1,0,0,0,1.01980892395538e-05,0,0.148118126199157,0.29052341827336,4,0.00493592100395024,0.767204807629078,0.272431344794232,9,29.3584164443504,-14.9180297990038,0.0123726052091176,0.987627394790882,0.146188816207285,0.289915605940873,3.95050957916353,1.0104092664214,0,0.760253081659637,0.270950049455506,0,0.686343577970558,0.686343577970558,0.686343577970558,S14,0,-0.0123726052091176,
15,0.297980684260246,0.282674619221386,4,0.205640988331748,0.438925591733961,1,1,1,90.671141543629,85.0842597856733,0.974205743243036,0.0257942567569643,0.165093834536997,0.0345983219529734,0.103177027027857,0.00715928709145968,0,0.0941714980817027,88.7595835796365,83.4368196964287,0.938032778447877,0.0619672215521228,0.938715886165535,0.938032778447877,0,3.98689498631895e-05,0,0.185648703375615,0.0729706346606778,0.247868886208491,0.0215901117795375,0.0203242998954544,0.098502262963741,9,90.671141543629,85.0842597856733,0.974205743243036,0.0257942567569643,0.165093834536997,0.0345983219529734,0.103177027027857,4.74509816436543,0.00715928709145968,0,0.0941714980817027,1.91155796399249,0,-1.91155796399249,1.91155796399249,BoundaryMix,0.0361729647951584,0,
16,0.213571397547852,0.137453202809055,4,0.202327279591451,0.292987258866572,1,1,1,60.9066250096718,34.9582108200577,0.758150200586071,0.241849799413929,0.162514011453036,0.0473999366228013,0.967399197655714,0.0403960552026984,0.0605131480795905,0.633698919519809,60.9013860363966,35.1774141942048,0.751063244108937,0.248936755891063,0.752055450964246,0.751063244108937,0,5.88112690244984e-06,0,0.163191832170802,0.0485954535536958,0.995747023564251,0.0432233221152311,0.0644950563805266,0.634547396895261,9,60.045650260472,31.7553918442462,0.859408799058112,0.140591200941888,0.152204346953121,0.0292161040275001,0.562364803767552,1.51185206572317,0,0.00361954994647317,0.621575855105531,0.00523897327521183,0.860974749199869,0.855735775924657,0.855735775924657,S14,0.0070869564771342,-0.101258598472041,
17,0.262900679795817,0.247807563960567,4,0.193029380818845,0.409382039289672,1,1,1,89.609800349786,82.3421230880732,0.863901924065754,0.136098075934246,0.150864669323754,0.0872747035853505,0.544392303736984,0,0.0784161816413092,0.184192254480007,89.4152421055304,82.3038703748502,0.859066042288964,0.140933957711036,0.853533275452255,0.859066042288964,0,3.13963898882966e-05,0,0.152473268538963,0.0895796145878642,0.563735830844143,0.00192922428471949,0.0811332912851279,0.184771224633303,9,89.609800349786,82.3421230880732,0.863901924065754,0.136098075934246,0.150864669323754,0.0872747035853505,0.544392303736984,2.58774714767877,0,0.0784161816413092,0.184192254480007,0.194558244255674,0,-0.194558244255674,0.194558244255674,BoundaryMix,0.00483588177678995,0,
18,0.352048450045644,0.348047727791204,4,0.217566482506611,0.483961567527992,1,1,1,93.6374489511404,86.1324759937979,0.943791861809511,0.0562081381904885,0.650862422167858,0.334105291890779,0.224832552761954,0.0627775968994733,0.00895151222501509,0,91.730892202851,81.7182972091902,0.918970249249073,0.0810297507509267,0.917261344830772,0.918970249249073,0,2.4115665909286e-05,0,0.556534899840766,0.338506543359547,0.324119003003707,0.0726799187402038,0.0228978918050114,0.00297173783241267,9,93.6374489511404,86.1324759937979,0.943791861809511,0.0562081381904885,0.650862422167858,0.334105291890779,0.224832552761954,17.078328049404,0.0627775968994733,0.00895151222501509,0,1.90655674828938,0,-1.90655674828938,1.90655674828938,BoundaryMix,0.0248216125604381,0,
19,0.272801774604697,0.559468256867174,4,0.119023260210196,0.549215290219834,1,1,1,50.9227172386391,37.1239308068649,0.116681689549105,0.883318310450895,0.258840237324637,0.60792790528174,3.53327324180358,0.128649997509415,0.646892374471692,0.00307616349329241,50.9216357911134,37.0431456420082,0.113217184770483,0.886782815229517,0.12201765048916,0.113217184770483,0,3.2728531905228e-05,0,0.259346730203447,0.606169899244205,3.54713126091807,0.130032125332623,0.648838956249235,0.00349094717812095,9,50.8595479416488,37.7116206430683,0.142375523497128,0.857624476502872,0.254856353936239,0.621755722695665,3.43049790601149,1.29582744382647,0.118399712099629,0.632455924775605,0,0.0010814475257277,0.0631692969903241,0.0620878494645964,0.0620878494645964,S14,0.00346450477862165,-0.0256938339480229,
20,0.429164509349102,0.428815150658911,4,0.235563520896964,0.529586464236874,1,1,1,29.6793693757796,-30.1895396047339,0.250151645309479,0.749848354690521,0.471647002815604,0.46428358136437,2.99939341876208,0.392665754450356,0.382177051018183,0,29.6793693757796,-30.1895396047339,0.250151645309479,0.749848354690521,0.269390918501356,0.251844744548965,0,5.06190516939755e-05,0,0.471647002815604,0.46428358136437,2.99939341876208,0.392665754450356,0.382177051018183,0,9,29.6793693757796,-30.1895396047339,0.250151645309479,0.749848354690521,0.471647002815604,0.46428358136437,2.99939341876208,1.44390879495792,0.392665754450356,0.382177051018183,0,0,0,0,0,Tie,0,0,
21,0.319951355553108,0.551786040918285,4,0.142493033322081,0.552920770732283,1,1,1,48.2518331462536,26.8705067326136,0.0664924764812535,0.933507523518747,0.318363535227744,0.575625449643837,3.73403009407499,0.21392804249441,0.638175203005449,0,48.2518331462536,26.8705067326136,0.0664924764812535,0.933507523518747,0.0755840962777104,0.0686398852806348,0,0.000127397493439771,0,0.318363535227744,0.575625449643837,3.73403009407499,0.21392804249441,0.638175203005449,0,9,48.2518331462536,26.8705067326136,0.0664924764812535,0.933507523518747,0.318363535227744,0.575625449643837,3.73403009407499,1.11751009453149,0.21392804249441,0.638175203005449,0,0,0,0,0,Tie,0,0,
22,0.312456285444613,0.541432456465178,4,0.140868590433154,0.549226783545346,1,1,1,55.3682539181714,40.9538948755045,0.114952671491667,0.885047328508333,0.307895474708547,0.583229227362409,3.54018931403333,0.188652992781503,0.613416345179913,0,55.3682539181714,40.9538948755045,0.114952671491667,0.885047328508333,0.128130552339609,0.116506714635757,0,7.29894069422838e-05,0,0.307895474708547,0.583229227362409,3.54018931403333,0.188652992781503,0.613416345179913,0,9,55.3682539181714,40.9538948755045,0.114952671491667,0.885047328508333,0.307895474708547,0.583229227362409,3.54018931403333,1.21710626489723,0.188652992781503,0.613416345179913,0,0,0,0,0,Tie,0,0,
23,0.20547910923285,0.216026416579696,4,0.158629516262444,0.375237043328846,1,1,1,84.5466869177873,69.6352342219767,0.308820970008478,0.691179029991522,0.175223096740178,0.18461107543262,2.76471611996609,0.073500165734625,0.45827650978777,0.358833353895042,84.546149213507,69.6616593663955,0.308120899939067,0.691879100060932,0.313324770534577,0.308120899939067,0,3.03192280423037e-05,0,0.175307853447488,0.184699079787963,2.76751640024373,0.0737794513419354,0.458669854212787,0.358917168945557,9,75.6639536430414,59.6335495249335,0.493059845126504,0.506940154873496,0.149241167796657,0.157633589168774,2.02776061949398,1.43941229938495,0,0.354759251207928,0.336775575253294,0.000537704280290541,8.88273327474592,8.88219557046563,8.88219557046563,S14,0.000700070069410474,-0.184238875118026,
24,0.394137588621468,0.339029427528113,4,0.251039933940477,0.485864167697082,1,1,1,73.3586151928735,50.5130841357196,0.854575548657107,0.145424451342893,0.691134846568304,0.29064045864766,0.581697805371572,0.201210137948809,0,0.00137687708462758,69.6964701204744,44.1254013250519,0.814765839821644,0.185234160178356,0.823552136288693,0.814765839821644,0,4.04927769258947e-05,0,0.624720186194598,0.301461221627917,0.740936640713424,0.217091803505979,0.0223676567763935,0.00614304679079072,9,73.3586151928735,50.5130841357196,0.854575548657107,0.145424451342893,0.691134846568304,0.29064045864766,0.581697805371572,5.89496512221335,0.201210137948809,0,0.00137687708462758,3.66214507239903,0,-3.66214507239903,3.66214507239903,BoundaryMix,0.039809708835463,0,
25,0.27671373760972,0.448569656130644,4,0.141371466926209,0.515636265190545,1,1,1,76.1862515220857,63.2621802823579,0.338104510087233,0.661895489912767,0.23307972752264,0.525192580651338,2.64758195965107,0.0858553768266088,0.486457334546556,0.027423913706402,76.1862650685863,63.263953207448,0.338332495266362,0.661667504733638,0.351668727166109,0.338332495266362,0,2.86313519885698e-05,0,0.233027655401299,0.525284021209177,2.64667001893455,0.0857644245319841,0.486329237798651,0.0273966184539119,9,67.7632757085955,55.1759183923228,0.553313522084291,0.446686477915709,0.136861141176771,0.694155952671327,1.78674591166284,3.46437068111536,0,0.365539059674653,0.00165827252291395,-1.35465006536606e-05,8.4229758134902,8.42298935999085,8.42298935999085,S14,-0.000227985179129531,-0.215209011997058,
26,0.183588639728677,0.241320078591446,4,0.132826773989579,0.392840085680502,1,1,1,69.313489073593,48.2446200688133,0,1,0.183588639728677,0.241320078591446,4,0.110932184092253,0.691251791811582,0.346784089565311,68.2559362634179,46.5093694819585,0.040456655990756,0.959543344009244,0.0468176577106975,0.040456655990756,0,3.39774167542889e-05,0,0.179274261927369,0.23822279823643,3.83817337603698,0.0947924257568614,0.66852063848258,0.341940464885895,9,56.5299959737507,33.8752112536214,0.278067683348288,0.721932316651712,0.147901304491643,0.21570023548938,2.88772926660685,1.23811412455138,0,0.535015469475038,0.313492769246561,1.05755281017505,12.7834930998423,11.7259402896672,11.7259402896672,S14,-0.040456655990756,-0.278067683348288,
27,0.409688662509835,0.505090938819895,4,0.198836632987589,0.551562269938149,1,1,1,18.407081461113,-49.7198047459513,0.0134413774107422,0.986558622589258,0.411201267715809,0.508190084664729,3.94623449035703,0.386848595178558,0.579479175525571,0,18.407081461113,-49.7198047459513,0.0134413774107422,0.986558622589258,0.00467650457775997,0.0141225054447424,0,1.2118972117339e-05,0,0.411201267715809,0.508190084664729,3.94623449035703,0.386848595178558,0.579479175525571,0,9,18.407081461113,-49.7198047459513,0.0134413774107422,0.986558622589258,0.411201267715809,0.508190084664729,3.94623449035703,1.0198439246373,0.386848595178558,0.579479175525571,0,0,0,0,0,Tie,0,0,
28,0.204505455729323,0.259643270044382,4,0.143343899100243,0.409481139678054,1,1,1,79.0033423006177,65.5033181041091,0.215376870848237,0.784623129151763,0.179892348476807,0.242604776367673,3.13849251660705,0.0778285488263324,0.547914561167977,0.271530795958783,79.0033310890078,65.4985814163293,0.21552382281655,0.78447617718345,0.214313316389873,0.21552382281655,0,2.94649639477232e-05,0,0.179872347071104,0.242590930337544,3.1379047087338,0.0777699238807606,0.547831994093613,0.271513202310397,9,70.9420239741028,55.7100255575132,0.410465468874036,0.589534531125964,0.147793227036889,0.220384068024314,2.35813812450386,1.43977250886546,0,0.438301229915937,0.248174047237725,1.12116099444393e-05,8.06131832651491,8.06130711490496,8.06130711490496,S14,-0.000146951968312575,-0.195088598025799,
29,0.553130473511308,0.278590601792605,4,0.42249289513834,0.478785295656628,1,1,1,45.564285910132,-14.7803542201736,0.297100611061279,0.702899388938721,0.621445401566244,0.256720224302258,2.81159755575489,0.95865508977501,0,0.0523537849526223,45.4554971894475,-14.9770925338527,0.296060561906296,0.703939438093704,0.292257340168832,0.296060561906295,0,1.911675371348e-05,0,0.621132221695618,0.256820485873015,2.81575775237482,0.959070006470601,0.00058436655805233,0.0524783035919293,9,45.564285910132,-14.7803542201736,0.297100611061279,0.702899388938721,0.621445401566244,0.256720224302258,2.81159755575489,1.31099325204466,0.95865508977501,0,0.0523537849526223,0.108788720684451,0,-0.108788720684451,0.108788720684451,BoundaryMix,0.00104004915498307,0,
30,0.517936852066005,0.303558520284384,4,0.369504327401787,0.487267742079018,1,1,1,45.0727083775578,-1.58063674774239,0.480904672404305,0.519095327595695,0.650640852676355,0.270930648039245,2.07638131038278,0.712579341721455,0,0.0234964162003676,44.9622886322614,-1.75087188805591,0.479785528175509,0.520214471824491,0.482285869072446,0.479785528175509,0,3.30463763573344e-05,0,0.650110758260547,0.271060982112048,2.08085788729796,0.713025812566681,0.00062880726147618,0.0236304044026467,9,45.0727083775578,-1.58063674774239,0.480904672404305,0.519095327595695,0.650640852676355,0.270930648039245,2.07638131038278,1.71936700718715,0.712579341721455,0,0.0234964162003676,0.110419745296397,0,-0.110419745296397,0.110419745296397,BoundaryMix,0.00111914422879622,0,
31,0.357445539463451,0.183315383801255,4,0.318799576700234,0.367865690543964,1,1,1,-2.31336090744397,-91.2405735463797,0.451278996385319,0.548721003614681,0.364898688093573,0.131850172011292,2.19488401445873,0.66044613816579,0,0.330362781981537,-2.42023956994366,-91.3849123156815,0.450164404187741,0.549835595812259,0.447698945666862,0.450164404187741,0,1.59866969653572e-05,0,0.364874577514874,0.132016659505464,2.19934238324904,0.660890793025933,0.000626249637346316,0.330496225197331,9,-2.31336090744397,-91.2405735463797,0.451278996385319,0.548721003614681,0.364898688093573,0.131850172011292,2.19488401445873,1.31078120078513,0.66044613816579,0,0.330362781981537,0.106878662499693,0,-0.106878662499693,0.106878662499693,BoundaryMix,0.00111459219757809,0,
32,0.329960444595632,0.243390463964188,4,0.25088401764232,0.416387029186156,1,1,1,40.905372934414,-9.20823186159636,0.793054545504338,0.206945454495662,0.325622995150098,0.112733350106893,0.827781817982648,0.237520146623524,0,0.162656846940297,40.8858657509812,-9.24225616766695,0.792843130406996,0.207156869593004,0.786485017788067,0.792843130406997,0,7.30964453631729e-06,0,0.325625582272648,0.112811282073556,0.828627478372014,0.237604488457914,0.000118786609423123,0.162682158359593,9,40.905372934414,-9.20823186159636,0.793054545504338,0.206945454495662,0.325622995150098,0.112733350106893,0.827781817982648,2.23816944686475,0.237520146623524,0,0.162656846940297,0.0195071834328431,0,-0.0195071834328431,0.0195071834328431,BoundaryMix,0.000211415097341461,0,
33,0.208129305502233,0.55882538333187,4,0.0896177554017347,0.541401519062639,1,1,1,39.7427734770909,23.3850984592501,0,1,0.208129305502233,0.55882538333187,4,0.0899834272723779,0.759824901146158,0.0335649835916367,39.7427734770909,23.3850984592501,0,1,4.5295253356638e-05,-0.000206777525988248,0,4.55327922180325e-06,0,0.208129305502233,0.55882538333187,4,0.0899834272723779,0.759824901146158,0.0335649835916367,9,30.2823761776912,7.12241525319472,0.22555657193733,0.77444342806267,0.137244461643492,0.677543710299076,3.09777371225068,1.56556640965653,0,0.633092701078927,0.00656049318863119,0,9.46039729939967,9.46039729939967,9.46039729939967,S14,0,-0.22555657193733,
34,0.294438747904521,0.188819995548972,4,0.251820493325109,0.36335120878677,1,1,1,18.5843496131783,-46.2770546514122,0.725779949055865,0.274220050944135,0.269197088501524,0.0852689331264626,1.09688020377654,0.280700960519409,0,0.327579519203519,18.51069217487,-46.4083494878826,0.72487907030248,0.27512092969752,0.727057481989193,0.724879070302481,0,1.73117085464608e-05,0,0.269248643927929,0.085480433451883,1.10048371879008,0.281060356643806,0.00050617166872891,0.327687375833193,9,18.5843496131783,-46.2770546514122,0.725779949055865,0.274220050944135,0.269197088501524,0.0852689331264626,1.09688020377654,1.64681054382815,0.280700960519409,0,0.327579519203519,0.0736574383083273,0,-0.0736574383083273,0.0736574383083273,BoundaryMix,0.000900878753384959,0,
35,0.272090815594673,0.246898664924964,4,0.200856824785904,0.410085081290688,1,1,1,86.400577319489,80.0876361832644,0.935774085110648,0.0642259148893521,0.151795402416387,0.0469388356602443,0.256903659557408,0,0.0217181633028275,0.172123873087297,85.6161029278786,79.9621477585007,0.918376935900889,0.0816230640991113,0.914829616098528,0.918376935900889,0,9.80244515627443e-06,0,0.158182670871831,0.057556007804004,0.326492256396445,0.00694041010296101,0.0314930014966943,0.17420672593809,9,86.400577319489,80.0876361832644,0.935774085110648,0.0642259148893521,0.151795402416387,0.0469388356602443,0.256903659557408,2.9600787931816,0,0.0217181633028275,0.172123873087297,0.784474391610416,0,-0.784474391610416,0.784474391610416,BoundaryMix,0.0173971492097593,0,
36,0.406364710738469,0.214793503049852,4,0.341139473268031,0.405713676039909,1,1,1,14.4964674143954,-64.2434043099733,0.438745684367313,0.561254315632687,0.433340974259661,0.165163371532684,2.24501726253075,0.712826905571084,0,0.215122264017084,14.3971386392826,-64.3871874893087,0.437745575020634,0.562254424979367,0.438740550243182,0.437745575020634,0,1.84667117951342e-05,0,0.433256799253131,0.165318234219331,2.24901769991747,0.713225888699301,0.000561925803020876,0.215242000910682,9,14.4964674143954,-64.2434043099733,0.438745684367313,0.561254315632687,0.433340974259661,0.165163371532684,2.24501726253075,1.37003892180014,0.712826905571084,0,0.215122264017084,0.0993287751128431,0,-0.0993287751128431,0.0993287751128431,BoundaryMix,0.00100010934667949,0,
37,0.228063203875034,0.175469308781453,4,0.196204274886117,0.339654151988804,1,1,1,80.6156193289462,71.9531161587218,0.78886737852711,0.21113262147289,0.158750978083638,0.0614099311125335,0.844530485891559,0.0184933483861874,0.0867264629125593,0.419496897104266,80.6070439627777,72.1350132969691,0.782758727777211,0.217241272222789,0.795795540327412,0.782758727777211,0,2.06287607946925e-05,0,0.159636149390764,0.0628665585295353,0.868965088891156,0.0209303304956631,0.0901586960872689,0.420228247998341,9,80.1531903688824,70.3091688001974,0.835223650921634,0.164776349078366,0.151728153443981,0.0498532540799999,0.659105396313462,1.72423902377916,0,0.0606805253590032,0.413946947917483,0.00857536616844357,0.462428960063761,0.453853593895317,0.453853593895317,S14,0.00610865074989919,-0.0463562723945242,
38,0.290643434255217,0.350941031111648,4,0.17535034264663,0.476390144428113,1,1,1,91.7989872610501,87.8013457789907,0.684804619166639,0.315195380833361,0.195875035600343,0.355425245849299,1.26078152333345,0.0335030827157276,0.228829628190218,0.0530882410333753,91.7977993280638,87.8221962824634,0.683812654229073,0.316187345770927,0.689894393882458,0.683812654229073,0,3.42756404020498e-05,0,0.196314716298487,0.355404441206671,1.26474938308371,0.0338988167173996,0.229386977939983,0.0532070028473474,9,88.2488954275159,83.6300602915413,0.768784977725531,0.231215022274469,0.144621248346321,0.357850452895395,0.924860089097875,4.41012984362066,0,0.181644057354532,0.0430337931967825,0.00118793298632625,3.55009183353417,3.54890390054784,3.54890390054784,S14,0.000991964937565593,-0.0839803585588926,
39,0.289364387120142,0.179670368476666,4,0.252868195602343,0.353271096167541,1,1,1,16.3001061763843,-49.0625578737994,0.706914415914298,0.293085584085702,0.264123189929788,0.0827992933037749,1.17234233634281,0.295559019733972,0,0.364777546970555,16.2394424616718,-49.1687635400812,0.706181597166789,0.293818402833211,0.706607991116165,0.706181597166789,0,1.33447308346062e-05,0,0.264164308479248,0.0829570987385057,1.17527361133284,0.29585137008273,0.00041174474024259,0.364865282817329,9,16.3001061763843,-49.0625578737994,0.706914415914298,0.293085584085702,0.264123189929788,0.0827992933037749,1.17234233634281,1.57237349392583,0.295559019733972,0,0.364777546970555,0.0606637147124829,0,-0.0606637147124829,0.0606637147124829,BoundaryMix,0.000732818747509079,0,
40,0.231844409071318,0.173385410362761,4,0.200864299386298,0.337987933418827,1,1,1,78.4085283925775,69.1412057586431,0.855055170725451,0.144944829274548,0.156765194274883,0.0436990755987848,0.579779317098194,0.0119808606988307,0.0368118368842235,0.417009611593655,78.2703770448508,68.2927161582357,0.830039285027607,0.169960714972393,0.823705413764585,0.830039285027607,0,1.75001735371463e-05,0,0.160503811081358,0.0501568883507338,0.679842859889573,0.0219606857689313,0.0508673716172089,0.420004608544743,9,78.2091091099632,70.1466030080137,0.885086943797475,0.114913056202525,0.152057783357784,0.0355678388813835,0.459652224810101,1.7851534442994,0,0.0199380537767431,0.413414093534735,0.138151347726605,0.199419282614215,0.06126793488761,0.06126793488761,S14,0.0250158856978446,-0.0300317730720232,
41,0.22980356878635,0.129546455620945,4,0.224475073223328,0.284720938391225,1,1,1,35.0090930857572,9.19651776461188,0.735471724656482,0.264528275343518,0.190864115430545,0.0471415982989126,1.05811310137407,0.161789592370053,0,0.674826118208912,34.9395941124583,9.13266545171351,0.733952760877112,0.266047239122887,0.729385140743408,0.733952760877113,0,1.40663606708173e-05,0,0.190974660951759,0.0473755380982197,1.06418895649155,0.162395567029076,0.000853451619380951,0.675007974327978,9,35.0090930857572,9.19651776461188,0.735471724656482,0.264528275343518,0.190864115430545,0.0471415982989126,1.05811310137407,1.37564592866009,0.161789592370053,0,0.674826118208912,0.0694989732988915,0,-0.0694989732988915,0.0694989732988915,BoundaryMix,0.00151896377936978,0,
42,0.520976175779343,0.316105140022152,4,0.362335702014105,0.494660623799015,1,1,1,47.6109158213694,6.20470176923263,0.514389312029136,0.485610687970864,0.684623539168804,0.287471182828639,1.94244275188346,0.671093689837016,0,0.0072320628821938,45.9904290824084,3.74991144227501,0.497633455288881,0.502366544711119,0.50203156037014,0.497633455288881,0,1.59728665678688e-05,0,0.674916558762684,0.289169647476466,2.00946617884448,0.677778263039308,0.00941451880769803,0.00923813776021634,9,47.6109158213694,6.20470176923263,0.514389312029136,0.485610687970864,0.684623539168804,0.287471182828639,1.94244275188346,1.8727272135396,0.671093689837016,0,0.0072320628821938,1.62048673896098,0,-1.62048673896098,1.62048673896098,BoundaryMix,0.0167558567402551,0,
43,0.165555677863717,0.551550448873701,4,0.0713026257957004,0.53447722533381,1,1,1,24.1361575799332,-9.08578543029981,0,1,0.165555677863717,0.551550448873701,4,0.033987412829371,0.790416450476074,0.0474179731394686,24.1361575799332,-9.08578543029981,0,1,-9.63599414017985e-18,-1.35092708135907e-17,0,3.86586553234734e-05,0,0.165555677863717,0.551550448873701,4,0.033987412829371,0.790416450476074,0.0474179731394686,9,20.0912123643543,-15.5366640060037,0.0851944025604479,0.914805597439552,0.13942401456503,0.583086814466258,3.65922238975821,1.15563095129333,0,0.74254875157835,0.0372181753389743,0,4.04494521557889,4.04494521557889,4.04494521557889,S14,0,-0.0851944025604479,
44,0.159303847646166,0.677811693020219,4,0.0589188697834641,0.564052744518814,1,1,1,-8.04048000228447,-41.1589570061418,0,1,0.159303847646166,0.677811693020219,4,0.0240219223266506,0.804126647017354,0.00381400211668852,-8.04048001586933,-41.1589570706108,8.00108171518031e-16,0.999999999999999,8.67628107002578e-16,7.62487299603343e-16,0,9.04739434946604e-05,0,0.159303847646166,0.677811693020219,4,0.0240219223266503,0.804126647017354,0.0038140021166884,9,-9.17841390350901,-42.7932852118257,0.0318566738332611,0.968143326166739,0.147814856146485,0.699508402321812,3.87257330466696,1.06596813579092,0.0113130366205335,0.786227517202439,0,1.35848612359268e-08,1.13793390122453,1.13793388763967,1.13793388763967,S14,-8.00108171518031e-16,-0.0318566738332611,
45,0.182088387654375,0.433358031554958,4,0.0929482431975714,0.497723679756863,1,1,1,46.5917238031489,16.6703660730569,0,1,0.182088387654375,0.433358031554958,4,0.0667644867559649,0.760222094693456,0.107793843690747,46.5917238031489,16.6703660730569,0,1,0,0,0,3.27755752619284e-07,0,0.182088387654375,0.433358031554958,4,0.0667644867559649,0.760222094693456,0.107793843690747,9,38.7430180732301,4.38888674990601,0.167354914302685,0.832645085697315,0.142367660674815,0.455515847405461,3.33058034278926,1.26239922029218,0,0.666191332036116,0.0877574770339674,0,7.84870572991878,7.84870572991878,7.84870572991878,S14,0,-0.167354914302685,
46,0.281823454516477,0.191312912293735,4,0.238222333238439,0.363858178350543,1,1,1,37.811162742986,-10.7013237352273,0.784083084613158,0.215916915386842,0.242879720330504,0.0724593707072346,0.863667661547368,0.201574755667535,0,0.321949665008021,37.783958021438,-10.7544876119249,0.78373100167354,0.21626899832646,0.791020039814977,0.78373100167354,0,9.23511907144639e-06,0,0.242910384912858,0.0725529568589026,0.865075993305841,0.201715215461364,0.000197822857302417,0.321991817716241,9,37.811162742986,-10.7013237352273,0.784083084613158,0.215916915386842,0.242879720330504,0.0724593707072346,0.863667661547368,1.75413739845718,0.201574755667535,0,0.321949665008021,0.0272047215479603,0,-0.0272047215479603,0.0272047215479603,BoundaryMix,0.000352082939618192,0,
47,0.255126193216294,0.239989693800425,4,0.190051442042409,0.4022455331456,1,1,1,91.8368526942823,85.8607775781396,0.830733651118431,0.169266348881569,0.150691552088552,0.0947772131554525,0.677065395526275,0,0.101238215565913,0.208396611551243,91.8149235028782,85.8584515541978,0.83007417996406,0.16992582003594,0.834059042287843,0.83007417996406,0,4.85082382886884e-06,0,0.150884775579564,0.0950458832264718,0.679703280143759,0.000263089096220478,0.101608748907312,0.208475565945284,9,91.8368526942823,85.8607775781396,0.830733651118431,0.169266348881569,0.150691552088552,0.0947772131554525,0.677065395526275,2.33313955409163,0,0.101238215565913,0.208396611551243,0.0219291914041548,0,-0.0219291914041548,0.0219291914041548,BoundaryMix,0.000659471154370816,0,
48,0.56620825596921,0.249089712936922,4,0.466335507052655,0.461594469541436,1,1,1,41.5921899644467,-20.3954159976208,0.116076064256386,0.883923935743614,0.587237623144625,0.240070129578981,3.53569574297446,1.19517379599839,0,0.0999878369498097,41.5309167546579,-20.5640546476539,0.115434666485538,0.884565333514462,0.114362557050128,0.115434666485539,0,1.05238680690524e-05,0,0.587110985844653,0.240124444845522,3.53826133405785,1.19542967490792,0.000360378551241151,0.100064627529657,9,41.5921899644467,-20.3954159976208,0.116076064256386,0.883923935743614,0.587237623144625,0.240070129578981,3.53569574297446,1.09035379738141,1.19517379599839,0,0.0999878369498097,0.0612732097887516,0,-0.0612732097887516,0.0612732097887516,BoundaryMix,0.000641397770847305,0,
49,0.22584337131395,0.570261041256092,4,0.096191098694319,0.546491936022581,1,1,1,41.9439443618818,25.2330043433855,0,1,0.22584337131395,0.570261041256092,4,0.111442070916287,0.74875050900033,0.0246401226165681,41.7624740600848,25.3925546328283,0.00823702631904382,0.991762973680956,0.0101416658420919,0.00823702631904388,0,0.000145722846651834,0,0.22437476702378,0.57328157040902,3.96705189472382,0.108155995709725,0.744122417437943,0.0236539545068501,9,34.9411544092262,18.6202460413313,0.205808052904047,0.794191947095953,0.171294727521048,0.682453120451268,3.17676778838381,1.5068625587375,0.0293371080615288,0.633114298039783,0,0.181470301796978,7.00278995265564,6.82131965085866,6.82131965085866,S14,-0.00823702631904382,-0.205808052904047,
50,0.212972872330238,0.394508759822036,4,0.116567174553485,0.485837631212156,1,1,1,66.0148088203828,47.1829891303395,0.0507166975615076,0.949283302438492,0.20564313565599,0.397282344288488,3.79713320975397,0.109197245184799,0.691359179365485,0.120393615627977,65.8616313619108,47.3612517283912,0.0681213337117464,0.931878666288254,0.0758830067259137,0.0681213337117464,0,4.08407677157415e-05,0,0.20291785354986,0.398313595539684,3.72751466515301,0.102253848245505,0.681580134526559,0.118309866412204,9,55.7388456695675,31.2727879928947,0.324435503740431,0.675564496259569,0.143165856385023,0.420923849978715,2.70225798503827,1.57935611266828,0,0.537566336138247,0.0876229594192342,0.153177458471987,10.2759631508153,10.1227856923433,10.1227856923433,S14,-0.0174046361502388,-0.273718806178924,
51,0.262254046154382,0.222930511997669,4,0.203666439141456,0.389537528574843,1,1,1,85.116825620384,78.1143486006373,0.950001167925495,0.0499988320745046,0.152278235590566,0.0283605320046276,0.199995328298019,7.04399356779292e-05,0,0.227995103370521,84.4161040549903,76.7091722932831,0.929426744195691,0.0705732558043092,0.933316192642245,0.929426744195691,0,8.1166480346184e-06,0,0.15814228099956,0.0387352425164829,0.282293023217237,0.00827839036452353,0.0115600355245603,0.230458351607479,9,85.116825620384,78.1143486006373,0.950001167925495,0.0499988320745046,0.152278235590566,0.0283605320046276,0.199995328298019,2.54439773413936,7.04399356779292e-05,0,0.227995103370521,0.700721565393764,0,-0.700721565393764,0.700721565393764,BoundaryMix,0.0205744237298044,0,
52,0.157172013763287,0.376149456927203,4,0.0873244626454241,0.470222776508507,1,1,1,36.5217392801703,-4.18748420620196,0,1,0.157172013763287,0.376149456927203,4,0.0254496545839199,0.774730080937709,0.162953362119841,36.5217392801703,-4.18748420620196,0,1,-4.62030264890377e-17,-5.36936437545449e-17,0,7.88746031636067e-05,0,0.157172013763287,0.376149456927203,4,0.0254496545839199,0.774730080937709,0.162953362119841,9,33.2469976928654,-8.6888917850591,0.063793267482047,0.936206732517953,0.144152596267905,0.378160774390854,3.74482693007181,1.07385162722755,0,0.738886917211478,0.155315789582278,0,3.27474158730487,3.27474158730487,3.27474158730487,S14,0,-0.063793267482047,
53,0.176381595683175,0.599872506195334,4,0.0716582761520648,0.548345854688416,1,1,1,19.9904356741909,-3.32351952763062,0,1,0.176381595683175,0.599872506195334,4,0.045938209139372,0.787296343105556,0.0254626576576254,19.9904356741909,-3.32351952763062,0,1,-9.68126984968688e-18,-5.11500933371391e-18,0,0.000159383757534646,0,0.176381595683175,0.599872506195334,4,0.045938209139372,0.787296343105556,0.0254626576576254,9,14.986041788351,-12.1784391349655,0.115150814861189,0.884849185138811,0.137607298494623,0.66181918151482,3.53939674055524,1.24684117976201,0,0.722597203632255,0.0116763642762859,0,5.00439388583984,5.00439388583984,5.00439388583984,S14,0,-0.115150814861189,
54,0.357188250660098,0.245583435584556,4,0.273047099216688,0.422398134039253,1,1,1,41.3061914434108,9.02274942270796,0.718349949014429,0.281650050985571,0.381451363516763,0.13990692478614,1.12660020394228,0.344340338183803,0,0.151978007853489,41.2491318837964,8.93261285589669,0.717737677049982,0.282262322950018,0.72301175921677,0.717737677049982,0,1.81807338797556e-05,0,0.381409570210039,0.140088952989011,1.12904929180007,0.344584597658535,0.000344013798522508,0.152051311381051,9,41.3061914434108,9.02274942270796,0.718349949014429,0.281650050985571,0.381451363516763,0.13990692478614,1.12660020394228,2.02269455750845,0.344340338183803,0,0.151978007853489,0.0570595596143946,0,-0.0570595596143946,0.0570595596143946,BoundaryMix,0.00061227196444702,0,
55,0.161759368272036,0.528472350892448,4,0.0717483642228087,0.527408774012615,1,1,1,25.257520677322,-11.0166353378529,0,1,0.161759368272036,0.528472350892448,4,0.0294272742240484,0.791040213637816,0.0589545936968197,25.257520677322,-11.0166353378529,0,1,-1.56635010071276e-17,-1.95023102952322e-17,0,0.000158824816849996,0,0.161759368272036,0.528472350892448,4,0.0294272742240484,0.791040213637816,0.0589545936968197,9,21.6636256475939,-16.5593858445487,0.0737637506887182,0.926236249311282,0.140163103545335,0.551056369078103,3.70494499724513,1.12577599074707,0,0.749594990695745,0.0501233170000066,0,3.59389502972817,3.59389502972817,3.59389502972817,S14,0,-0.0737637506887182,
56,0.437369046459475,0.321371866197235,4,0.29247021388372,0.483530609238381,1,1,1,56.9411492236346,38.0227449048716,0.720708558288471,0.279291441711529,0.642537277404247,0.266986361034844,1.11716576684612,0.382731071206726,0,0.0148198407106161,56.6848999106811,37.7329426611838,0.717966572886169,0.282033427113831,0.715374182068595,0.717966572886169,0,4.14909595822673e-05,0,0.640232713377565,0.26759724936874,1.12813370845533,0.383824957507226,0.00154062388695363,0.0151481216285503,9,56.9411492236346,38.0227449048716,0.720708558288471,0.279291441711529,0.642537277404247,0.266986361034844,1.11716576684612,2.97456588977081,0.382731071206726,0,0.0148198407106161,0.256249312953528,0,-0.256249312953528,0.256249312953528,BoundaryMix,0.00274198540230264,0,
57,0.366055859635038,0.315903370034313,4,0.241671727838021,0.469261863530518,1,1,1,73.5055357216593,49.2206927557472,0.87218044336254,0.12781955663746,0.488415412581072,0.191969982695227,0.511278226549839,0.167032827164579,0,0.0335370537259248,73.4489115908406,49.116418216451,0.871554697108592,0.128445302891408,0.871173324764585,0.871554697108592,0,3.90008531721668e-05,0,0.487999173013378,0.192391576092121,0.513781211565632,0.167282462065702,0.000351584521637077,0.0336119704466584,9,73.5055357216593,49.2206927557472,0.87218044336254,0.12781955663746,0.488415412581072,0.191969982695227,0.511278226549839,4.75424720662754,0.167032827164579,0,0.0335370537259248,0.0566241308187188,0,-0.0566241308187188,0.0566241308187188,BoundaryMix,0.000625746253948289,0,
58,0.262862371528439,0.119247449972324,4,0.269240362273796,0.274816853774859,1,1,1,-46.271518715389,-97.0893229042623,0.466687498171861,0.533312501828139,0.249464706149237,0.0756645083306721,2.13325000731256,0.511430586475503,0,0.75062508881745,-46.4210425294069,-97.3245909761082,0.464915051694697,0.535084948305303,0.46453984553743,0.464915051694697,0,1.19226762261092e-05,0,0.249525201855075,0.0758613023796728,2.14033979322121,0.512137685396639,0.000995874514420284,0.750837292848888,9,-46.271518715389,-97.0893229042623,0.466687498171861,0.533312501828139,0.249464706149237,0.0756645083306721,2.13325000731256,1.18976543915356,0.511430586475503,0,0.75062508881745,0.149523814017883,0,-0.149523814017883,0.149523814017883,BoundaryMix,0.00177244647716374,0,
59,0.431722845846685,0.406880972338577,4,0.246026555044097,0.521707227278064,1,1,1,33.6637539958068,-19.3149970605216,0.343434668086161,0.656565331913839,0.497362973832818,0.445604044016116,2.62626132765536,0.385720947585641,0.309880506525549,0,33.6637539958068,-19.3149970605216,0.343434668086161,0.656565331913839,0.345940015319667,0.345438266934416,0,6.37535607311208e-05,0,0.497362973832818,0.445604044016116,2.62626132765536,0.385720947585641,0.309880506525549,0,9,33.6637539958068,-19.3149970605216,0.343434668086161,0.656565331913839,0.497362973832818,0.445604044016116,2.62626132765536,1.66802976300736,0.385720947585641,0.309880506525549,0,0,0,0,0,Tie,0,0,
60,0.178542309868028,0.611562035023503,4,0.0715481446715953,0.551417141557005,1,1,1,17.9012165403668,-3.81888146513586,0,1,0.178542309868028,0.611562035023503,4,0.0479926967438106,0.786923277949714,0.0207780216680368,17.9012165403668,-3.81888146513586,0,1,6.78012050967896e-17,2.05160507569439e-17,0,0.000126129071688227,0,0.178542309868028,0.611562035023503,4,0.0479926967438106,0.786923277949714,0.0207780216680368,9,12.8332881336867,-11.6931809560999,0.120300687400965,0.879699312599035,0.137147613009501,0.681740911129618,3.51879725039614,1.26719831554892,0,0.719330608611928,0.00637516596540205,0,5.06792840668013,5.06792840668013,5.06792840668013,S14,0,-0.120300687400965,
61,0.372256395216221,0.200338024607548,4,0.319564691114569,0.386956838065369,1,1,1,9.00977757533035,-67.8270783416794,0.486489865050495,0.513510134949505,0.387292412473716,0.142749962916763,2.05404053979802,0.63098370101876,0,0.266635355881434,8.98881184889387,-67.8555145306895,0.486268207058505,0.513731792941495,0.494496819860004,0.486268207058505,0,3.47422449635468e-06,0,0.387282907972716,0.142786365228663,2.05492717176598,0.631072129148476,0.000124541726920242,0.266661893619022,9,9.00977757533035,-67.8270783416794,0.486489865050495,0.513510134949505,0.387292412473716,0.142749962916763,2.05404053979802,1.38759778333621,0.63098370101876,0,0.266635355881434,0.0209657264364829,0,-0.0209657264364829,0.0209657264364829,BoundaryMix,0.000221657991989144,0,
62,0.331462647654582,0.478943507208159,4,0.164001177189049,0.533186541458662,1,1,1,70.3079276054333,46.5840200206776,0.294342022736526,0.705657977263474,0.330106138001619,0.567095871393283,2.8226319090539,0.174746391072237,0.474711009584458,0,70.3079276054333,46.5840200206776,0.294342022736526,0.705657977263474,0.289017143639885,0.295796635591759,0,5.57561705810919e-05,0,0.330106138001619,0.567095871393283,2.8226319090539,0.174746391072237,0.474711009584458,0,9,70.3079276054333,46.5840200206776,0.294342022736526,0.705657977263474,0.330106138001619,0.567095871393283,2.8226319090539,1.67794584451091,0.174746391072237,0.474711009584458,0,0,0,0,0,Tie,0,0,
63,0.607034197923413,0.259418568452346,4,0.495643882501626,0.476584779780649,1,1,1,39.5272412671384,-8.65286685828387,0.0562199313299608,0.943780068670039,0.61896816946202,0.255514470783906,3.77512027468016,1.28642859853004,0,0.0727761815827811,39.4324812327326,-8.56650497342947,0.0532783473638838,0.946721652636116,0.0664542261527141,0.0532783473638838,0,1.49139036919406e-05,0,0.618317995699137,0.2557271696213,3.78688661054446,1.28760211258287,0.00165277120724751,0.0731283591996835,9,39.5272412671384,-8.65286685828387,0.0562199313299608,0.943780068670039,0.61896816946202,0.255514470783906,3.77512027468016,1.04362299840862,1.28642859853004,0,0.0727761815827811,0.0947600344058159,0,-0.0947600344058159,0.0947600344058159,BoundaryMix,0.00294158396607699,0,
64,0.22623120197278,0.482618538063381,4,0.108517705104684,0.520876322114549,1,1,1,59.6872009409858,39.0819929780849,0.00524023576659418,0.994759764233406,0.225448276294705,0.483594736163184,3.97903905693362,0.127090109539653,0.728236501821673,0.0635364783917279,59.594680440272,39.3573486866374,0.025682684023725,0.974317315976275,0.0255554374269157,0.025682684023725,0,7.05309823043012e-05,0,0.222281544340012,0.487543205096214,3.8972692639051,0.118934809340615,0.716750618612264,0.0610890307601554,9,47.897106833906,25.1212906846038,0.323810113619019,0.676189886380981,0.139239459964356,0.591084993596973,2.70475954552392,1.81124526472387,0,0.549243439688221,0.0253960813495937,0.0925205007138103,11.7900941070797,11.6975736063659,11.6975736063659,S14,-0.0204424482571308,-0.318569877852425,
65,0.514829118501861,0.340373772886677,4,0.340111527745858,0.505937483752785,1,1,1,37.3647593838871,2.20575258241693,0.439716658947288,0.560283341052712,0.651065257570131,0.333957956545371,2.24113336421085,0.626290753342815,0.0889198486520942,0,37.3002353643092,2.11878414381013,0.439047259267986,0.560952740732014,0.441107703611683,0.439047259267986,0,1.18878829254842e-05,0,0.65070248323368,0.333975040804599,2.24381096292805,0.626557803319861,0.0892959604778484,8.01430747959096e-05,9,37.3647593838871,2.20575258241693,0.439716658947288,0.560283341052712,0.651065257570131,0.333957956545371,2.24113336421085,1.75116874216163,0.626290753342815,0.0889198486520942,0,0.0645240195778882,0,-0.0645240195778882,0.0645240195778882,BoundaryMix,0.000669399679301741,0,
66,0.217463704252999,0.428945566376776,4,0.112786244270339,0.500557594597359,1,1,1,63.8073790095912,43.7966994376871,0.0301531806385676,0.969846819361432,0.212998120040058,0.432026464608413,3.87938727744573,0.116102329579821,0.70855508675011,0.0956852823466967,63.5444737652975,44.0755216869879,0.0554067693879263,0.944593230612074,0.053753554666201,0.0554067693879263,0,9.69650982191276e-05,0,0.208984778334368,0.434795351449285,3.7783729224483,0.106027675371892,0.694365995143023,0.0926618266824876,9,52.649576495272,28.1409259342002,0.321180586992995,0.678819413007005,0.141775836237059,0.481164180472318,2.71527765202802,1.65248243684842,0,0.54503715787591,0.0608423747142233,0.262905244293705,11.1578025143191,10.8948972700254,10.8948972700254,S14,-0.0252535887493587,-0.291027406354427,
67,0.411551872435344,0.327287277570956,4,0.269678052448105,0.482539270054101,1,1,1,64.3922094200023,40.7781599608567,0.792474774943825,0.207525225056175,0.637727004196288,0.264645036685445,0.8301009002247,0.284086483440876,0,0.0119952019830813,63.1467325122004,38.7950164697876,0.779069506291912,0.220930493708088,0.783208563269042,0.779069506291912,0,2.802388038802e-05,0,0.623515979986367,0.26858097073291,0.883721974832352,0.289434374688049,0.00753194275900437,0.0136001317155693,9,64.3922094200023,40.7781599608567,0.792474774943825,0.207525225056175,0.637727004196288,0.264645036685445,0.8301009002247,3.8964018087751,0.284086483440876,0,0.0119952019830813,1.24547690780194,0,-1.24547690780194,1.24547690780194,BoundaryMix,0.013405268651913,0,
68,0.161352663937184,0.240520891411683,4,0.116007080545675,0.389084276141819,1,1,1,44.0845322844231,11.3417315956747,0,1,0.161352663937184,0.240520891411683,4,0.043025251840494,0.728709565951976,0.361582367146776,44.0845322844231,11.3417315956747,0,1,-5.15571194287169e-18,-1.12041706844973e-17,0,1.60985236474085e-05,0,0.161352663937184,0.240520891411683,4,0.043025251840494,0.728709565951976,0.361582367146776,9,38.1191682268536,4.13069605363002,0.10784906294474,0.89215093705526,0.147529459571253,0.231815153628839,3.56860374822104,1.08031568452734,0,0.668113020682731,0.348670267267578,0,5.96536405756949,5.96536405756949,5.96536405756949,S14,0,-0.10784906294474,
69,0.357866292217773,0.509935689576861,4,0.170341631815387,0.54613239242655,1,1,1,48.5276884156935,3.24564040832638,0.117333296551401,0.882666703448599,0.362917013745217,0.543262745338227,3.53066681379439,0.266847458556035,0.565276800954183,0,48.5276884156935,3.24564040832638,0.117333296551401,0.882666703448599,0.132436900482652,0.11816337285767,0,3.51838752877801e-05,0,0.362917013745217,0.543262745338227,3.53066681379439,0.266847458556035,0.565276800954183,0,9,48.5276884156935,3.24564040832638,0.117333296551401,0.882666703448599,0.362917013745217,0.543262745338227,3.53066681379439,1.20697360083979,0.266847458556035,0.565276800954183,0,0,0,0,0,Tie,0,0,
70,0.376077590132697,0.466896771190256,4,0.19161709890265,0.535254335919293,1,1,1,50.0568419780682,-0.650383003110605,0.23140972329803,0.76859027670197,0.395192471133507,0.519818535850163,3.07436110680788,0.277463454319128,0.46557719924185,0,50.0568419780682,-0.650383003110605,0.23140972329803,0.76859027670197,0.245544944362401,0.233368318619058,0,7.42059023650617e-05,0,0.395192471133507,0.519818535850163,3.07436110680788,0.277463454319128,0.46557719924185,0,9,50.0568419780682,-0.650383003110605,0.23140972329803,0.76859027670197,0.395192471133507,0.519818535850163,3.07436110680788,1.44855838729298,0.277463454319128,0.46557719924185,0,0,0,0,0,Tie,0,0,
71,0.15352499208385,0.564954083991717,4,0.0648304581338672,0.536779198509915,1,1,1,17.0332269455316,-19.7810865362573,0,1,0.15352499208385,0.564954083991717,4,0.0178713053728724,0.80042501009631,0.0446942082493256,17.0332269455316,-19.7810865362573,0,1,-1.15338183134344e-16,-1.24218576002493e-16,0,0.000147262697223808,0,0.15352499208385,0.564954083991717,4,0.0178713053728724,0.80042501009631,0.0446942082493256,9,14.8885735998779,-23.1614768413988,0.0447970309438044,0.955202969056196,0.13945255730285,0.581849836741882,3.82081187622478,1.07820688476189,0,0.775255154750372,0.0393309373775674,0,2.14465334565371,2.14465334565371,2.14465334565371,S14,0,-0.0447970309438044,
72,0.250367860038171,0.327483483572921,4,0.155772460145055,0.4584416016569,1,1,1,85.6520671927796,78.5035091988639,0.473282225416782,0.526717774583218,0.183953907197162,0.310354509517201,2.10687109833287,0.047885288053982,0.381699247025786,0.119254729913492,85.6520678152354,78.5033854792437,0.47332264644831,0.52667735355169,0.47045417430516,0.47332264644831,0,3.90228653384338e-05,0,0.183943700931752,0.31035187719601,2.10670941420676,0.0478691625076521,0.381676535888573,0.119249890553909,9,81.5702120159565,71.8016951255128,0.593313677286178,0.406686322713822,0.145943405885641,0.300551134428707,1.62674529085529,2.25667700293391,0,0.314257851538985,0.104884108112384,-6.22455843313219e-07,4.08185517682308,4.08185579927893,4.08185579927893,S14,-4.04210315280151e-05,-0.120031451869396,
73,0.16316861629246,0.135864751481353,4,0.15164229369242,0.284101175723175,1,1,1,41.8726336086081,2.18565563407967,0,1,0.16316861629246,0.135864751481353,4,0.0729144752030354,0.634656518017702,0.787377958508259,41.8726336086081,2.18565563407967,0,1,0,0,0,1.47606685331653e-05,0,0.16316861629246,0.135864751481353,4,0.0729144752030354,0.634656518017702,0.787377958508259,9,32.7522671249631,-9.18642945213195,0.182770756459669,0.817229243540331,0.150120154995169,0.119540271301718,3.26891697416132,1.07662271748148,0,0.531964142995609,0.765495948614366,0,9.12036648364504,9.12036648364504,9.12036648364504,S14,0,-0.182770756459669,
74,0.41555595983928,0.35508878304937,4,0.258512576385688,0.497017444825773,1,1,1,58.028433701958,26.2677266836752,0.682903787057507,0.317096212942493,0.602607918269063,0.369156342741459,1.26838485176997,0.290457465404466,0.0881275724975613,0,58.028433701958,26.2677266836752,0.682903787057507,0.317096212942493,0.690911745145068,0.684956355081261,0,4.76099339789598e-05,0,0.602607918269063,0.369156342741459,1.26838485176997,0.290457465404466,0.0881275724975613,0,9,58.028433701958,26.2677266836752,0.682903787057507,0.317096212942493,0.602607918269063,0.369156342741459,1.26838485176997,3.27855388470136,0.290457465404466,0.0881275724975613,0,0,0,0,0,Tie,0,0,
75,0.201685539665797,0.104777741368883,4,0.209328010226964,0.244683190201077,1,1,1,32.91154695555,-17.2855217833119,0.731766024163249,0.268233975836751,0.16457229078275,0.0360202763405089,1.072935903347,0.0688246994684767,0.0105286010443926,0.939124680907947,32.6733432441257,-15.4437094753038,0.668805935542817,0.331194064457183,0.655705285666461,0.668805935542817,0,1.2795318590304e-05,0,0.1685679476428,0.0434227874406828,1.32477625782873,0.0939419660893457,0.0459036312585959,0.946662502104286,9,32.8914919468191,-17.8398141351833,0.750504712181047,0.249495287818953,0.163345406522154,0.0337473022899841,0.997981151275812,1.29094482741039,0.0613490965368196,0,0.936881213930261,0.238203711424276,0.0200550087308073,-0.218148702693469,0.218148702693469,BoundaryMix,0.0629600886204319,-0.0187386880177977,
76,0.442704499768568,0.169885127413442,4,0.42637307542742,0.368140598606198,1,1,1,-38.1545669403816,-161.34484228268,0.00145140076729915,0.998548599232701,0.442781752822793,0.169758521074412,3.9941943969308,1.27532592056103,0,0.359327988260001,-38.1651710442673,-161.384820728655,0.00130082762756689,0.998699172372433,0.013767931046291,0.001300827627567,0,6.0521786987597e-06,0,0.442773733254844,0.169771663961109,3.99479668948973,1.27538599013494,8.46016815446409e-05,0.359346015448799,9,-38.1545669403816,-161.34484228268,0.00145140076729915,0.998548599232701,0.442781752822793,0.169758521074412,3.9941943969308,1.00070718041979,1.27532592056103,0,0.359327988260001,0.0106041038857043,0,-0.0106041038857043,0.0106041038857043,BoundaryMix,0.000150573139732264,0,
77,0.241407109947828,0.623393862696227,4,0.0965830092321293,0.56117164163215,1,1,1,21.7663111913385,-1.18171512609136,0,1,0.241407109947828,0.623393862696227,4,0.121817611050199,0.746589490807164,0.00252552666665233,21.7564578383125,-1.22759647820126,0.00101616021995046,0.99898383978005,0.000635073175853622,0.00101616021995045,0,6.20349327926687e-05,0,0.241239674029419,0.623893095939755,3.9959353591202,0.121412224594537,0.746018546590425,0.00240386810147789,9,21.5363165233549,-2.14088485622254,0.0210946079250217,0.978905392074978,0.237801711667983,0.634143854063434,3.91562156829991,1.03916508088212,0.113402138595741,0.734737182320065,0,0.00985335302599566,0.229994667983604,0.220141314957608,0.220141314957608,S14,-0.00101616021995046,-0.0210946079250217,
78,0.356997701246224,0.303526799166486,4,0.240875882975965,0.460794684046877,1,1,1,71.0270789822991,44.5508403531623,0.868327524303208,0.131672475696792,0.429667512028681,0.16337537193346,0.526689902787168,0.166853004528955,0,0.0517162897650727,71.0065854924255,44.5129212965139,0.868100376549917,0.131899623450083,0.873383673706271,0.868100376549917,0,8.64954029366368e-06,0,0.4295898653666,0.163525121745566,0.527598493800334,0.16694362274133,0.0001276262281683,0.0517434847577574,9,71.0270789822991,44.5508403531623,0.868327524303208,0.131672475696792,0.429667512028681,0.16337537193346,0.526689902787168,4.08784618422623,0.166853004528955,0,0.0517162897650727,0.0204934898735871,0,-0.0204934898735871,0.0204934898735871,BoundaryMix,0.000227147753291024,0,
79,0.160751387857436,0.316727522377416,4,0.0992410826974168,0.439951785079037,1,1,1,43.3547402440797,5.86972654349994,0,1,0.160751387857436,0.316727522377416,4,0.0353690395031448,0.757152699158508,0.228262625063648,43.3547402440797,5.86972654349994,0,1,0,0,0,3.13691983670441e-05,0,0.160751387857436,0.316727522377416,4,0.0353690395031448,0.757152699158508,0.228262625063648,9,38.7773734382953,-0.202678633302725,0.0886576511349912,0.911342348865009,0.145635146564978,0.313910396437733,3.64536939546003,1.0875227332088,0,0.707339124299548,0.217648193975854,0,4.57736680578437,4.57736680578437,4.57736680578437,S14,0,-0.0886576511349912,
80,0.371498722011372,0.46158089747907,4,0.19061056598819,0.532868431399451,1,1,1,53.849704646431,6.29392831235734,0.264353969603529,0.735646030396471,0.391953541884767,0.522171225539761,2.94258412158589,0.261063240341377,0.448283512121419,0,53.849704646431,6.29392831235734,0.264353969603529,0.735646030396471,0.275128906141053,0.265646380579941,0,4.56729600679344e-05,0,0.391953541884767,0.522171225539761,2.94258412158589,0.261063240341377,0.448283512121419,0,9,53.849704646431,6.29392831235734,0.264353969603529,0.735646030396471,0.391953541884767,0.522171225539761,2.94258412158589,1.53778709883129,0.261063240341377,0.448283512121419,0,0,0,0,0,Tie,0,0,
81,0.173934040418431,0.305903067676198,4,0.110033149180726,0.435416926145313,1,1,1,55.3106513905073,26.4789013629589,0,1,0.173934040418431,0.305903067676198,4,0.0678176067941093,0.73639413949351,0.237130237490232,55.1837828180527,26.1929646773813,0.00441198924451559,0.995588010755485,0.00448012722035204,0.00441198924451559,0,5.900902659993e-05,0,0.173314566549428,0.305736047196141,3.98235204302194,0.0660574899866031,0.733915199958174,0.236602017362623,9,47.6565078075861,14.9631542504165,0.169994713128344,0.830005286871656,0.145993737035372,0.29836989619391,3.32002114748662,1.17514190226486,0,0.640880167945216,0.216777824081007,0.126868572454597,7.65414358292119,7.5272750104666,7.5272750104666,S14,-0.00441198924451559,-0.169994713128344,
82,0.286586342519069,0.188489796160094,4,0.24449083534434,0.361807410122828,1,1,1,28.7404695390423,-27.4156978836953,0.754868626767023,0.245131373232977,0.254306755104088,0.0780212990219394,0.980525492931906,0.239324573649108,0,0.331021451505454,28.6869271651275,-27.5156751007982,0.754195424129665,0.245804575870335,0.749317416807533,0.754195424129665,0,1.32909703185922e-05,0,0.254355335631175,0.0781875532478232,0.98321830348134,0.239593140776362,0.000378248572367924,0.331102049884848,9,28.7404695390423,-27.4156978836953,0.754868626767023,0.245131373232977,0.254306755104088,0.0780212990219394,0.980525492931906,1.68859863522631,0.239324573649108,0,0.331021451505454,0.0535423739148122,0,-0.0535423739148122,0.0535423739148122,BoundaryMix,0.000673202637358483,0,
83,0.142108475724307,0.591116717656205,4,0.0579491548507261,0.542354047296418,1,1,1,8.6979169894249,-29.9067783078883,0,1,0.142108475724307,0.591116717656205,4,0.00358238418402473,0.810270709548014,0.0368625769674595,8.6979169894249,-29.9067783078883,0,1,-2.92483779578738e-17,-4.5226064401886e-17,0,0.000100681233924136,0,0.142108475724307,0.591116717656205,4,0.00358238418402473,0.810270709548014,0.0368625769674595,9,8.2728542353486,-30.5838077707718,0.00897976794621553,0.991020232053784,0.139152392767207,0.59485828906977,3.96408092821514,1.01544815483204,0,0.805225297932904,0.0357874850060859,0,0.425062754076302,0.425062754076302,0.425062754076302,S14,0,-0.00897976794621553,
84,0.631931539461398,0.27851280311636,4,0.497751384789884,0.493594291068036,1,1,1,54.7562244243569,10.9982487013351,0.0899753361344083,0.910024663865592,0.655026380391738,0.273065234242789,3.64009865546237,1.25036154282899,0,0.0374364993731902,54.3340010328236,11.2483065107749,0.0816038134759143,0.918396186524086,0.0789726878051998,0.0816038134759145,0,1.92740795942997e-05,0,0.652727858914676,0.273607405288324,3.67358474609634,1.25370127393871,0.00470366026274939,0.0384387698960489,9,54.7562244243569,10.9982487013351,0.0899753361344083,0.910024663865592,0.655026380391738,0.273065234242789,3.64009865546237,1.07737795159286,1.25036154282899,0,0.0374364993731902,0.422223391533336,0,-0.422223391533336,0.422223391533336,BoundaryMix,0.00837152265849397,0,
85,0.296138822104195,0.522109424532411,4,0.136579089895467,0.541792414868301,1,1,1,64.1345533727137,51.6040845448769,0.215776279214947,0.784223720785053,0.278340500895376,0.604697335130932,3.13689488314021,0.133417725096681,0.56346944026132,0,63.8144374938559,51.1634375271503,0.195421128295245,0.804578871704755,0.201319117189987,0.195421128295245,0,0.000111031431970634,0,0.28071338646814,0.593686652761246,3.21831548681902,0.141538198939093,0.574906274207666,0.00243699606241378,9,64.1345533727137,51.6040845448769,0.215776279214947,0.784223720785053,0.278340500895376,0.604697335130932,3.13689488314021,1.47685054480958,0.133417725096681,0.56346944026132,0,0.320115878857798,0,-0.320115878857798,0.320115878857798,BoundaryMix,0.020355150919702,0,
86,0.182788454648851,0.545742799126128,4,0.0796174466923956,0.534847557393454,1,1,1,32.4783441191913,5.63577821008832,0,1,0.182788454648851,0.545742799126128,4,0.0574685996273481,0.776882611350541,0.0455419562239609,32.4783441191913,5.63577821008832,0,1,-9.82555059647371e-18,-8.36284033985388e-18,0,0.000117445132920287,0,0.182788454648851,0.545742799126128,4,0.0574685996273481,0.776882611350541,0.0455419562239609,9,25.848152587549,-5.3415216124685,0.144053418711721,0.855946581288279,0.138964757129534,0.602989993378046,3.42378632515312,1.29084896045754,0,0.695944128717391,0.0282953332162232,0,6.63019153164229,6.63019153164229,6.63019153164229,S14,0,-0.144053418711721,
87,0.390180432725991,0.414009543798417,4,0.217136229857375,0.518393655427372,1,1,1,53.1434455250246,6.36908359207888,0.427551355828843,0.572448644171156,0.448581874542577,0.481037602619482,2.28979457668463,0.269413246602915,0.309692334200495,0,53.1434455250246,6.36908359207888,0.427551355828843,0.572448644171156,0.429572240397496,0.428640436281555,0,3.31783708378638e-05,0,0.448581874542577,0.481037602619482,2.28979457668463,0.269413246602915,0.309692334200495,0,9,53.1434455250246,6.36908359207888,0.427551355828843,0.572448644171156,0.448581874542577,0.481037602619482,2.28979457668463,2.02970135982231,0.269413246602915,0.309692334200495,0,0,0,0,0,Tie,0,0,
88,0.410090388792121,0.193942863957285,4,0.363947844555395,0.387271808300908,1,1,1,1.91152779949106,-103.011602693041,0.310441156173144,0.689558843826856,0.426070381729009,0.161624525693657,2.75823537530742,0.871810526299609,0,0.277373053672318,1.78643661256153,-103.206041382252,0.309286417809107,0.690713582190893,0.300393955324812,0.309286417809107,0,1.5364909863821e-05,0,0.425998601266049,0.161769696301166,2.76285432876357,0.872271197051548,0.000648806337671709,0.277511303339804,9,1.91152779949106,-103.011602693041,0.310441156173144,0.689558843826856,0.426070381729009,0.161624525693657,2.75823537530742,1.20854305231591,0.871810526299609,0,0.277373053672318,0.125091186929533,0,-0.125091186929533,0.125091186929533,BoundaryMix,0.00115473836403723,0,
89,0.281785065846918,0.599523928171345,4,0.117035965509427,0.560261022100177,1,1,1,30.3178853446405,3.89758933435004,0.00720623235734115,0.992793767642659,0.281137153600566,0.6026659057666,3.97117507057064,0.1728130484264,0.711017490962422,0,30.2622357713822,3.70926517641462,0.00292847478203713,0.997071525217963,0.00101087106106374,0.00292847478203712,0,7.08668671001275e-06,0,0.281523711828615,0.600791335099617,3.98828610087185,0.174519614918167,0.713421010506172,0.000512149401795251,9,30.3178853446405,3.89758933435004,0.00720623235734115,0.992793767642659,0.281137153600566,0.6026659057666,3.97117507057064,1.01253736718276,0.1728130484264,0.711017490962422,0,0.0556495732582505,0,-0.0556495732582505,0.0556495732582505,BoundaryMix,0.00427775757530402,0,
90,0.212066707238302,0.447631455067099,4,0.106734545598352,0.506915565824586,1,1,1,59.9237800118082,38.9926660095205,0,1,0.212066707238302,0.447631455067099,4,0.114596890051739,0.73538178313791,0.0887633725381485,59.3317313528343,39.2788398656578,0.0247393475070501,0.97526065249295,0.0265892661352332,0.0247393475070501,0,6.18097685701376e-05,0,0.208087429994833,0.450867293518266,3.9010426099718,0.104727386990727,0.721481625359899,0.0858014837907154,9,48.2140942551778,21.9943672797157,0.287253802819798,0.712746197180202,0.141220254531014,0.505241835488637,2.85098478872081,1.58359382121468,0,0.573984107617525,0.0543722550688275,0.592048658973845,11.7096857566304,11.1176370976566,11.1176370976566,S14,-0.0247393475070501,-0.287253802819798,
91,0.176846524753957,0.651414927457657,4,0.0676064950923058,0.560314828659248,1,1,1,5.03575285251488,-22.9287526754359,0,1,0.176846524753957,0.651414927457657,4,0.0441772965352562,0.791464853525977,0.00802710815349863,5.03575288395434,-22.928752612718,5.94664510258051e-16,0.999999999999999,4.66207952264742e-16,5.57063530826285e-16,0,0.00019250448034562,0,0.176846524753957,0.651414927457657,4,0.044177296535256,0.791464853525977,0.00802710815349857,9,2.59761874544789,-26.5972513555832,0.0670468863012438,0.932953113698756,0.15443690318109,0.69469828743943,3.73181245479503,1.14308546739624,0.0174296448684999,0.753793597327887,0,-3.14394661415918e-08,2.43813410706699,2.43813413850646,2.43813413850646,S14,-5.94664510258051e-16,-0.0670468863012438,
92,0.512265111721677,0.337729523237017,4,0.339911129389906,0.504222417945783,1,1,1,39.5574809904454,4.63814262805319,0.464740486711301,0.535259513288699,0.658463949966991,0.328583702901095,2.1410380531548,0.616849324019639,0.0740024065024855,0,39.0470359010812,3.94801985678147,0.45944489675191,0.54055510324809,0.453550050726703,0.45944489675191,0,1.46816505471248e-05,0,0.655463870427078,0.32877138010014,2.16222041299236,0.618961944059402,0.0769778097924151,0.000634008164818032,9,39.5574809904454,4.63814262805319,0.464740486711301,0.535259513288699,0.658463949966991,0.328583702901095,2.1410380531548,1.8176597807232,0.616849324019639,0.0740024065024855,0,0.510445089364161,0,-0.510445089364161,0.510445089364161,BoundaryMix,0.00529558995939117,0,
93,0.176327547326796,0.0786723673816059,4,0.19638791964499,0.197151161546623,1,1,1,21.3984335724802,-54.149356952229,0.170794332377816,0.829205667622184,0.1700338299292,0.0678484320289764,3.31682267048874,0.16883054348207,0.318050504085941,1.45656497841747,21.3783907660497,-54.9659514060476,0.190891368148105,0.809108631851895,0.219123217979926,0.190891368148105,0,1.0963006065025e-05,0,0.169259951472361,0.0665175158377241,3.23643452740758,0.160813041969728,0.306758695844121,1.45415888488215,9,14.4246487840035,-72.0368128939506,0.593992689902719,0.406007310097281,0.152027480154613,0.0368811111938474,1.62402924038912,1.15464352751358,0,0.0802704276585013,1.40589806197079,0.020042806430542,6.97378478847679,6.95374198204624,6.95374198204624,S14,-0.0200970357702894,-0.423198357524904,
94,0.387925453754043,0.423420987994311,4,0.21241055871995,0.521654218529212,1,1,1,52.4664762730672,4.28419186584163,0.38835694466671,0.61164305533329,0.436471669150048,0.489834199635918,2.44657222133316,0.271718580680305,0.340430818196249,0,52.4664762730672,4.28419186584163,0.38835694466671,0.61164305533329,0.404131913888174,0.390314764241358,0,5.94452770615815e-05,0,0.436471669150048,0.489834199635918,2.44657222133316,0.271718580680305,0.340430818196249,0,9,52.4664762730672,4.28419186584163,0.38835694466671,0.61164305533329,0.436471669150048,0.489834199635918,2.44657222133316,1.89137948237889,0.271718580680305,0.340430818196249,0,0,0,0,0,Tie,0,0,
95,0.239119686002649,0.52128766196947,4,0.108972949692746,0.534519235969108,1,1,1,56.2777779559478,36.9833730523042,0.0155001532647425,0.984499846735257,0.236883112628024,0.525374036111256,3.93799938694103,0.132921708697324,0.720664265155325,0.03970784700518,56.1490329663704,37.4721680261713,0.04559838740537,0.95440161259463,0.0469084589257772,0.04559838740537,0,0.000130604440524564,0,0.2322226333567,0.533889053860615,3.81760645037852,0.120914334052649,0.703753139941735,0.0361043719744288,9,45.0495825406201,26.6568210516918,0.347162247821563,0.652837752178437,0.137457259883366,0.707031941141542,2.61135100871375,2.07757316608837,0.000608596699637905,0.534315152996579,0,0.128744989577392,11.2281954153277,11.0994504257503,11.0994504257503,S14,-0.0300982341406276,-0.33166209455682,
96,0.295680159382513,0.375248182300106,4,0.171120663783051,0.488631418112472,1,1,1,89.8946812716414,84.2806989508105,0.638517094459339,0.361482905540661,0.21286262250619,0.432968208639387,1.44593162216264,0.0431096381654535,0.264229200621128,0.0354500744285273,89.8946036646223,84.2860008469795,0.638074375381326,0.361925624618674,0.654630995200338,0.638074375381326,0,3.11929611788626e-05,0,0.213045629690937,0.43284066102179,1.4477024984747,0.0432862562955144,0.264477948694778,0.0355030784398525,9,85.2993915967669,78.7920590686231,0.746577684023516,0.253422315976484,0.141744217233214,0.482534476611038,1.01368926390594,5.07416862907918,0,0.203513806082169,0.022512649778184,7.76070191079725e-05,4.59528967487452,4.59521206785541,4.59521206785541,S14,0.000442719078013409,-0.108060589564177,
97,0.229611424120452,0.552131487415833,4,0.100197482686057,0.542111164834485,1,1,1,47.5782953774217,29.3186543408669,0,1,0.229611424120452,0.552131487415833,4,0.119578136247708,0.742830812617555,0.0308471848695907,47.5289974706049,29.3721661712295,0.00295525779648173,0.997044742203518,0.00333661504859649,0.0029552577964817,0,5.15955871847519e-05,0,0.229123480606694,0.553086289385453,3.98817896881407,0.118399167163736,0.74117035857227,0.0304933701697217,9,38.5494845204377,21.7715853244643,0.257652900286819,0.742347099713181,0.158121688988528,0.692021736977296,2.96938839885272,1.68838002311532,0.016790215615017,0.598064829402825,0,0.0492979068167898,9.02881085698402,8.97951295016723,8.97951295016723,S14,-0.00295525779648173,-0.257652900286819,
98,0.24197928406238,0.396727392359567,4,0.13301466414387,0.490677383296163,1,1,1,74.576737176231,59.9751781623558,0.241901603285599,0.758098396714401,0.207269672443312,0.414867707332458,3.0323935868576,0.0862489328626439,0.554607348407647,0.0854309322445801,74.5767366600323,59.9752591719407,0.241912843780975,0.758087156219025,0.249521678427819,0.241912843780975,0,6.64996218542181e-05,0,0.207267447617673,0.414868870095046,3.0323486248761,0.086244448584977,0.55460103277385,0.085429586489735,9,66.1530700062672,48.7460044500971,0.458097120832002,0.541902879167998,0.142524809509177,0.448705372224584,2.16761151667199,2.08712097709496,0,0.433134791221674,0.0595471828658353,5.16198753075514e-07,8.42366716996378,8.42366665376503,8.42366665376503,S14,-1.12404953760137e-05,-0.216195517546403,
99,0.272943401674823,0.562469721132412,4,0.118622694495647,0.550017935359259,1,1,1,49.8545998628844,36.2258583972408,0.113162714794382,0.886837285205618,0.259439627846659,0.610119897995983,3.54734914082247,0.129395615489772,0.649466446198171,0.00233786021067111,49.8452425725795,35.98081532036,0.102950057864529,0.897049942135471,0.114565774602662,0.102950057864529,0,4.58339582153494e-05,0,0.260900809539742,0.604963889979914,3.58819976854188,0.133469847795273,0.65520457419921,0.00356055832885325,9,49.8194520469259,36.6857388485943,0.132689827764044,0.867310172235956,0.256475384811209,0.620579692917255,3.46924068894382,1.27210796440141,0.121605478697689,0.638494857268834,0,0.00935729030496191,0.0351478159584815,0.0257905256535196,0.0257905256535196,S14,0.0102126569298525,-0.0195271129696627,
100,0.5376801734526,0.332895675049632,4,0.36333499059418,0.506143743257709,1,1,1,38.8918824751811,-3.83960064289131,0.405285430199647,0.594714569800353,0.666431671674281,0.322796118403033,2.37885827920141,0.708306080710385,0.0686722433153055,0,38.8918824751811,-3.83960064289131,0.405285430199647,0.594714569800353,0.416610216875576,0.405417448879507,0,2.69384857310494e-05,0,0.666431671674281,0.322796118403033,2.37885827920141,0.708306080710385,0.0686722433153055,0,9,38.8918824751811,-3.83960064289131,0.405285430199647,0.594714569800353,0.666431671674281,0.322796118403033,2.37885827920141,1.63046534523853,0.708306080710385,0.0686722433153055,0,0,0,0,0,Tie,0,0,
101,0.526202789224861,0.239116574272897,4,0.436955382789399,0.446761917382433,1,1,1,34.2004939051164,-41.6543790051198,0.180567530511161,0.819432469488839,0.553421638478602,0.223610734265127,3.27772987795536,1.09705971673214,0,0.128623297025152,34.0375872092141,-41.9586433148495,0.179157466559551,0.820842533440449,0.179196669166771,0.179157466559551,0,2.28097103736669e-05,0,0.55317933478612,0.223748768105348,3.2833701337618,1.09762224694773,0.000792264686806075,0.12879211524278,9,34.2004939051164,-41.6543790051198,0.180567530511161,0.819432469488839,0.553421638478602,0.223610734265127,3.27772987795536,1.14122111646504,1.09705971673214,0,0.128623297025152,0.162906695902251,0,-0.162906695902251,0.162906695902251,BoundaryMix,0.00141006395160989,0,
102,0.177554604937333,0.521835268793106,4,0.0797378776197932,0.527288958991832,1,1,1,33.6151502448962,3.21316245935874,0,1,0.177554604937333,0.521835268793106,4,0.0519204246120313,0.777940847040674,0.0579099372904664,33.6151502448962,3.21316245935874,0,1,0,0,0,0.000128045464138921,0,0.177554604937333,0.521835268793106,4,0.0519204246120313,0.777940847040674,0.0579099372904664,9,27.4497615536492,-6.62373876128211,0.130146109611622,0.869853890388378,0.139873010371122,0.563628351372144,3.47941556155351,1.24168973969187,0,0.704816385804162,0.0423283502065304,0,6.16538869124705,6.16538869124705,6.16538869124705,S14,0,-0.130146109611622,
103,0.682519565503949,0.289674825781555,4,0.534151216098135,0.510084807294086,1,1,1,26.3648692044027,-58.2653145514334,0,1,0.682519565503949,0.289674825781555,4,1.36621520998873,0.00940079799757799,0.0143279947076951,26.2902098916395,-58.2935745965887,0.00119221817080533,0.998807781829195,0.00472216777167834,0.0011922181708055,0,1.13511600102291e-05,0,0.682865403086426,0.28961613193745,3.99523112731678,1.36573958706121,0.00873093309207532,0.0141852578152371,9,25.3002852947449,-58.6624694036503,0.0167314365937317,0.983268563406268,0.687436501500865,0.288840347721623,3.93307425362507,1.01408638129073,1.35954037894761,0,0.0123248435024646,0.0746593127631066,1.06458390965779,0.989924596894685,0.989924596894685,S14,-0.00119221817080533,-0.0167314365937317,
104,0.452686674190564,0.324484096177785,4,0.302373901215224,0.487666055098206,1,1,1,55.245916086627,33.272919539159,0.693696618512635,0.306303381487365,0.669421086274021,0.280071629498853,1.22521352594946,0.422075641947309,0,0.00858758294131371,54.5711398132336,32.4723311712644,0.686508828160611,0.313491171839389,0.688171868481359,0.686508828160611,0,1.94085805792116e-05,0,0.663209918778687,0.281344400475884,1.25396468735756,0.424943135476029,0.00403856326202337,0.00944813253165766,9,55.245916086627,33.272919539159,0.693696618512635,0.306303381487365,0.669421086274021,0.280071629498853,1.22521352594946,2.81788919088184,0.422075641947309,0,0.00858758294131371,0.674776273393405,0,-0.674776273393405,0.674776273393405,BoundaryMix,0.00718779035202421,0,
105,0.34878600477299,0.511307616369166,4,0.165338264976499,0.545354756946834,1,1,1,52.7816140577466,12.9003427701252,0.13354146630113,0.86645853369887,0.352514091650478,0.550819207883218,3.46583413479548,0.246481014885083,0.564032843335793,0,52.7816140577466,12.9003427701252,0.13354146630113,0.86645853369887,0.1384641256798,0.134017160277664,0,2.42073543902719e-05,0,0.352514091650478,0.550819207883218,3.46583413479548,0.246481014885083,0.564032843335793,0,9,52.7816140577466,12.9003427701252,0.13354146630113,0.86645853369887,0.352514091650478,0.550819207883218,3.46583413479548,1.24330886701663,0.246481014885083,0.564032843335793,0,0,0,0,0,Tie,0,0,
106,0.406450617797797,0.333316200804921,4,0.26278172670038,0.484871117513418,1,1,1,67.7200840549184,43.8577343362466,0.816486482146593,0.183513517853407,0.665199415557043,0.278016798095836,0.734054071413628,0.252665018186718,0,0.00583760577992191,65.2715826029334,39.8230755787524,0.790065107779862,0.209934892220138,0.791778751395169,0.790065107779862,0,4.44816881533164e-05,0,0.631059257055855,0.285313181266922,0.839739568880553,0.263205548211379,0.0148452287314694,0.00900087317839459,9,67.7200840549184,43.8577343362466,0.816486482146593,0.183513517853407,0.665199415557043,0.278016798095836,0.734054071413628,4.54513255712018,0.252665018186718,0,0.00583760577992191,2.44850145198502,0,-2.44850145198502,2.44850145198502,BoundaryMix,0.0264213743667311,0,
107,0.570625606515928,0.253049861617334,4,0.466259565897907,0.465227224088993,1,1,1,43.7936002988201,-16.8819785281044,0.125000353312013,0.874999646687987,0.594269280477051,0.243492677492017,3.49999858675195,1.18533246385531,0,0.0916517500050003,43.6462934287312,-17.2261391529906,0.12367301924986,0.87632698075014,0.115533459598542,0.12367301924986,0,2.25233160019835e-05,0,0.593993479134397,0.243604161190282,3.50530792300056,1.18586198984971,0.000745781709998448,0.0918106634857077,9,43.7936002988201,-16.8819785281044,0.125000353312013,0.874999646687987,0.594269280477051,0.243492677492017,3.49999858675195,1.09969417209279,1.18533246385531,0,0.0916517500050003,0.147306870088883,0,-0.147306870088883,0.147306870088883,BoundaryMix,0.0013273340621533,0,
108,0.242495807191953,0.0939636349520177,4,0.266290749345689,0.232163623230504,1,1,1,-85.2547931382495,-142.640911160071,0.346633566787697,0.653366433212303,0.233129716149338,0.0677137104901959,2.61346573284921,0.582515967065385,0,1.0645979320616,-85.3115164312383,-142.69022082161,0.345872045390363,0.654127954609637,0.336179180864418,0.345872045390363,0,3.95204635025667e-06,0,0.233152405999627,0.0677773023187865,2.61651181843855,0.58281976803507,0.000427871736361158,1.06468910429874,9,-85.2547931382495,-142.640911160071,0.346633566787697,0.653366433212303,0.233129716149338,0.0677137104901959,2.61346573284921,1.10296056391485,0.582515967065385,0,1.0645979320616,0.056723292988778,0,-0.056723292988778,0.056723292988778,BoundaryMix,0.000761521397334153,0,
109,0.242073912069807,0.366038267554233,4,0.14016386843388,0.476866809220625,1,1,1,78.2908220690439,66.0852403405165,0.308533723769251,0.691466276230749,0.1983366671145,0.374233173726233,2.765865104923,0.0737522067248865,0.504221781399979,0.103241821481459,78.2907847820322,66.0843872901262,0.308361982700341,0.691638017299659,0.316399961485487,0.308361982700341,0,7.51813101325343e-05,0,0.198372654645589,0.374226430858891,2.76655206919864,0.0738207210219925,0.504318276586609,0.103262382975222,9,71.3746584065321,55.9664448870184,0.493404376354243,0.506595623645757,0.144008340421136,0.384412496639436,2.02638249458303,2.07304902416243,0,0.400349549574827,0.081108404039222,3.72870117075763e-05,6.91616366251185,6.91612637550014,6.91612637550014,S14,0.000171741068910214,-0.184870652584992,
110,0.159225818763391,0.284575009107257,4,0.104471197944804,0.420109362660748,1,1,1,41.9907687048574,4.83828252417049,0,1,0.159225818763391,0.284575009107257,4,0.0334855918505647,0.749577466092965,0.276683468119455,41.9907687048574,4.83828252417049,0,1,0,0,0,9.89685672373199e-06,0,0.159225818763391,0.284575009107257,4,0.0334855918505647,0.749577466092965,0.276683468119455,9,37.4199376237615,-0.865088368972096,0.0839365151567689,0.916063484843231,0.146421152055315,0.279846695579134,3.66425393937292,1.07348962789325,0,0.702416529302574,0.266634269381666,0,4.57083108109594,4.57083108109594,4.57083108109594,S14,0,-0.0839365151567689,
111,0.448394444357364,0.224133237443071,4,0.374222594297089,0.420880267227248,1,1,1,19.4843119306916,-64.8720405380335,0.345980832193175,0.654019167806825,0.481236829602912,0.188475921049595,2.6160766712273,0.851919680454547,0,0.180632652192095,19.323509549409,-65.1252799324813,0.344482820287172,0.655517179712828,0.340328204657411,0.344482820287173,0,1.97658536025016e-05,0,0.481054221498879,0.188674180551542,2.62206871885131,0.85251729658357,0.000841679508355917,0.180811999873219,9,19.4843119306916,-64.8720405380335,0.345980832193175,0.654019167806825,0.481236829602912,0.188475921049595,2.6160766712273,1.28575769858967,0.851919680454547,0,0.180632652192095,0.160802381282544,0,-0.160802381282544,0.160802381282544,BoundaryMix,0.00149801190600285,0,
112,0.264106026416485,0.333409476708065,4,0.163212234999738,0.46359085347056,1,1,1,88.4454135155286,82.7804309308152,0.559307315768018,0.440692684231982,0.184483054336687,0.315609150895043,1.76277073692793,0.0400676201960698,0.319928784120103,0.0965918875039181,88.4452758819973,82.7837457521299,0.558933121615657,0.441066878384343,0.56387464677138,0.558933121615657,0,5.71255177759755e-05,0,0.184597391457962,0.315634711835034,1.76426751353737,0.0402169010261758,0.320139030479913,0.0966366874505987,9,84.8287302659785,77.5127031921456,0.659742644039701,0.340257355960299,0.145795518125551,0.306960255589162,1.3610294238412,2.70580618397525,0,0.263497752175348,0.0845673881282627,0.000137633531366532,3.61668324955009,3.61654561601873,3.61654561601873,S14,0.000374194152360174,-0.100435328271683,
113,0.327612287941729,0.51659627424291,4,0.15337778306903,0.544171836506878,1,1,1,60.4710220917535,35.3913650650111,0.163767127886151,0.836232872113849,0.325739411802832,0.570267768929847,3.3449314884554,0.201283787232289,0.565976200305127,0,60.4710220917535,35.3913650650111,0.163767127886151,0.836232872113849,0.148420222777291,0.165009500953292,0,5.43475640805262e-05,0,0.325739411802832,0.570267768929847,3.3449314884554,0.201283787232289,0.565976200305127,0,9,60.4710220917535,35.3913650650111,0.163767127886151,0.836232872113849,0.325739411802832,0.570267768929847,3.3449314884554,1.32008021215716,0.201283787232289,0.565976200305127,0,0,0,0,0,Tie,0,0,
114,0.246667623418262,0.505408396006941,4,0.115109718646972,0.530670338023802,1,1,1,60.6915706487637,42.4217015509631,0.0762876479366139,0.923712352063386,0.23588480060019,0.524849880081517,3.69484940825354,0.123526869462195,0.676785665960845,0.0377190429103559,60.6789369348063,42.5551890996578,0.0852314000183158,0.914768599981684,0.0856756442150599,0.0852314000183158,0,6.7259002426501e-05,0,0.234442599786937,0.527450175441671,3.65907439992674,0.11995885342935,0.67176049037658,0.0366482629052214,9,49.8219089267103,32.2490866386026,0.385925745335418,0.614074254664582,0.136638819152221,0.703790886563842,2.45629701865833,2.26767230864145,0,0.502811052980448,0.000647992584523918,0.012633713957392,10.8696617220533,10.8570280080959,10.8570280080959,S14,-0.00894375208170191,-0.309638097398804,
115,0.399452348119135,0.284165347708181,4,0.284759714995441,0.45579253336086,1,1,1,50.9749846962148,27.4163875631486,0.715988394132919,0.284011605867081,0.491755436591182,0.193595686517935,1.13604642346832,0.371682099426733,0,0.0727417170172296,50.9598296384108,27.3995538546015,0.715822250478037,0.284177749521963,0.716550639549295,0.715822250478037,0,5.15277446635703e-06,0,0.491704074636768,0.193646083908601,1.13671099808785,0.371748380694255,9.33501991523306e-05,0.0727616083673032,9,50.9749846962148,27.4163875631486,0.715988394132919,0.284011605867081,0.491755436591182,0.193595686517935,1.13604642346832,2.39876924480715,0.371682099426733,0,0.0727417170172296,0.0151550578039519,0,-0.0151550578039519,0.0151550578039519,BoundaryMix,0.000166143654882212,0,
116,0.433848168530969,0.448056165108542,4,0.231109047908131,0.53702456939259,1,1,1,23.29379178089,-42.4086207757535,0.157678034545602,0.842321965454398,0.459334669938294,0.473226999509922,3.36928786181759,0.416853965218871,0.443624932874928,0,23.29379178089,-42.4086207757535,0.157678034545602,0.842321965454398,0.155402942222215,0.159015190055584,0,4.58866186391994e-05,0,0.459334669938294,0.473226999509922,3.36928786181759,0.416853965218871,0.443624932874928,0,9,23.29379178089,-42.4086207757535,0.157678034545602,0.842321965454398,0.459334669938294,0.473226999509922,3.36928786181759,1.25388853502304,0.416853965218871,0.443624932874928,0,0,0,0,0,Tie,0,0,
117,0.295586573431403,0.136627906125528,4,0.292055496410862,0.303740435800743,1,1,1,-56.9066715162073,-139.38589743963,0.423283155913573,0.576716844086427,0.288061173695027,0.0944507280231838,2.30686737634571,0.618907695402153,0,0.594908906893184,-57.0260165596642,-139.531329334883,0.422128061186669,0.577871938813331,0.429638715685857,0.422128061186669,0,1.00326563769186e-05,0,0.288085776467443,0.0945886177765947,2.31148775525332,0.619368508321317,0.000649006565268171,0.595047199225788,9,-56.9066715162073,-139.38589743963,0.423283155913573,0.576716844086427,0.288061173695027,0.0944507280231838,2.30686737634571,1.19868000549452,0.618907695402153,0,0.594908906893184,0.119345043456889,0,-0.119345043456889,0.119345043456889,BoundaryMix,0.00115509472690434,0,
118,0.16393500858847,0.523742549815133,4,0.0732094522127994,0.526254504031508,1,1,1,26.8599669010143,-8.82229811189001,0,1,0.16393500858847,0.523742549815133,4,0.032604544639135,0.7888589499856,0.0606513488376404,26.8599669010143,-8.82229811189001,0,1,-1.13668463658128e-17,-1.72049329410391e-17,0,0.000149273814248187,0,0.16393500858847,0.523742549815133,4,0.032604544639135,0.7888589499856,0.0606513488376404,9,22.8813086053613,-14.9630617614381,0.0817280419439908,0.918271958056009,0.14022926015324,0.548189291266073,3.67308783222404,1.13983336938059,0,0.742938875594566,0.0508665569099366,0,3.97865829565308,3.97865829565308,3.97865829565308,S14,0,-0.0817280419439908,
119,0.190633547049433,0.606023309210606,4,0.0770936422557189,0.551430879163608,1,1,1,22.8100205522251,3.01400919705146,0,1,0.190633547049433,0.606023309210606,4,0.0629982590327713,0.77821132615811,0.0199314227253705,22.8100205522251,3.01400919705146,0,1,5.07592400913752e-17,3.19439681847064e-17,0,0.000111447493981305,0,0.190633547049433,0.606023309210606,4,0.0629982590327713,0.77821132615811,0.0199314227253705,9,16.3478191547041,-6.76424898163093,0.157914315737713,0.842085684262287,0.136652580707039,0.703194491891736,3.36834273704915,1.37793854063084,0,0.68948489941887,0.00102532042381085,0,6.46220139752096,6.46220139752096,6.46220139752096,S14,0,-0.157914315737713,
120,0.304872450562014,0.337944859117067,4,0.189197444673031,0.471873346548066,1,1,1,95.0424589658504,92.4946704471848,0.817874430982525,0.182125569017475,0.195900404699902,0.296133743468297,0.728502276069899,0.0226252831206538,0.127923880280154,0.0438755026572438,95.0405981351878,92.4624580697265,0.816436414822399,0.183563585177601,0.818053308427572,0.816436414822399,0,5.31807792483435e-05,0,0.19681612475701,0.296485092999333,0.734254340710404,0.0231989645764846,0.128731850316849,0.0440476674195558,9,92.1956412472138,89.5751714470217,0.87458799985292,0.12541200014708,0.146482849018246,0.277172888697343,0.501648000588318,6.53982021710475,0,0.0960585469188778,0.0370855385558816,0.00186083066255094,2.84681771863657,2.84495688797402,2.84495688797402,S14,0.00143801616012618,-0.0567135688703952,
121,0.446202637645434,0.272334279570449,4,0.332020338575412,0.455950171917575,1,1,1,38.1862922351994,-9.22309882134856,0.556394956897338,0.443605043102662,0.532746446736915,0.213547411921357,1.77442017241065,0.589839403620418,0,0.0830006766697962,38.0985590053797,-9.34663853362277,0.555454966874751,0.444545033125249,0.549540120449001,0.555454966874751,0,2.29204816384133e-05,0,0.532488334421571,0.213722740632677,1.778180132501,0.59021440277521,0.000528146897164276,0.0831132158493281,9,38.1862922351994,-9.22309882134856,0.556394956897338,0.443605043102662,0.532746446736915,0.213547411921357,1.77442017241065,1.76764694432875,0.589839403620418,0,0.0830006766697962,0.0877332298196976,0,-0.0877332298196976,0.0877332298196976,BoundaryMix,0.000939990022587045,0,
122,0.316399621844294,0.52915932130496,4,0.145185515400956,0.546331578326124,1,1,1,59.3444965563295,42.8525267283184,0.146375020951082,0.853624979048918,0.311530752295722,0.580588638624171,3.41449991619567,0.18666059373339,0.588858334003857,0,59.3444965563295,42.8525267283184,0.146375020951082,0.853624979048918,0.137500473733647,0.146765598289512,0,1.04858832368746e-05,0,0.311530752295722,0.580588638624171,3.41449991619567,0.18666059373339,0.588858334003857,0,9,59.3444965563295,42.8525267283184,0.146375020951082,0.853624979048918,0.311530752295722,0.580588638624171,3.41449991619567,1.28533095575629,0.18666059373339,0.588858334003857,0,0,0,0,0,Tie,0,0,
123,0.294290617378183,0.376687210631767,4,0.169823905192198,0.489086641156084,1,1,1,89.469852902642,83.5704663651811,0.625556666526292,0.374443333473708,0.212801989236584,0.434459964554013,1.49777333389483,0.0444852720455962,0.273869130694615,0.036353406060462,89.4687836239827,83.5807867890296,0.624575062467997,0.375424937532003,0.635545426415422,0.624575062467997,0,3.36711355292588e-05,0,0.213194574643311,0.434181634428528,1.50169975012801,0.0448768726832157,0.274420659035529,0.0364709274305738,9,84.7715731481093,77.9566806752567,0.737065482854567,0.262934517145433,0.141690190146725,0.484875888388783,1.05173806858173,4.89555698953703,0,0.211216300414408,0.0230031465910813,0.0010692786593296,4.69827975453273,4.6972104758734,4.6972104758734,S14,0.000981604058295615,-0.111508816328274,
124,0.630022000855271,0.307570960313186,4,0.464035595662371,0.509710320533501,1,1,1,58.055566774732,15.3038079344949,0.21912263439625,0.78087736560375,0.701018176463073,0.297673212971412,3.123509462415,1.07434626848689,0.00491819775395637,0,52.9543188558793,5.51484743164959,0.174703178929372,0.825296821070628,0.173457063447819,0.174703178929372,0,2.61851644292577e-05,0,0.684006321988138,0.300044876458444,3.30118728428251,1.09206694408571,0.0298759068943042,0.00531806610004394,9,58.055566774732,15.3038079344949,0.21912263439625,0.78087736560375,0.701018176463073,0.297673212971412,3.123509462415,1.23940028551005,1.07434626848689,0.00491819775395637,0,5.10124791885279,0,-5.10124791885279,5.10124791885279,BoundaryMix,0.0444194554668778,0,
125,0.371741318439953,0.243443466514311,4,0.287178740952737,0.423147806451317,1,1,1,37.2692196659668,2.09861899947455,0.667773577617391,0.332226422382609,0.405133515869566,0.151433837614716,1.32890568953044,0.414025750133185,0,0.153419377377835,37.2336575300985,2.05704841323383,0.667371717846382,0.332628282153618,0.674340544942182,0.667371717846382,0,1.0689008087478e-05,0,0.40509591022823,0.151537457063873,1.33051312861447,0.414186067871515,0.000225790685064357,0.15346748955757,9,37.2692196659668,2.09861899947455,0.667773577617391,0.332226422382609,0.405133515869566,0.151433837614716,1.32890568953044,1.8723655217549,0.414025750133185,0,0.153419377377835,0.0355621358682257,0,-0.0355621358682257,0.0355621358682257,BoundaryMix,0.000401859771009039,0,
126,0.38289817254174,0.243687148492501,4,0.296909509131331,0.425163484355437,1,1,1,34.8915425150079,-6.76510543553172,0.635145569035434,0.364854430964566,0.422309977752478,0.159794208575856,1.45941772385826,0.460162944833027,0,0.150459463671097,34.8388403632429,-6.8305464238678,0.634549009418752,0.365450990581248,0.632632189064846,0.634549009418752,0,1.57167507355249e-05,0,0.422243497814635,0.159935719410016,1.46180396232499,0.460400936031511,0.000335185590222819,0.150530886056644,9,34.8915425150079,-6.76510543553172,0.635145569035434,0.364854430964566,0.422309977752478,0.159794208575856,1.45941772385826,1.79725120779744,0.460162944833027,0,0.150459463671097,0.0527021517650255,0,-0.0527021517650255,0.0527021517650255,BoundaryMix,0.000596559616682701,0,
127,0.218277986427137,0.471593425560219,4,0.106184862204647,0.516182086847781,1,1,1,58.967174548149,37.9960421735546,0,1,0.218277986427137,0.471593425560219,4,0.119358146972846,0.73547608549012,0.0725625293273895,58.7560891015261,38.164199170619,0.0132796011250948,0.986720398874905,0.0161376243499217,0.0132796011250949,0,5.32094853361267e-05,0,0.216172767859484,0.47383559127208,3.94688159549962,0.11406038946668,0.728014750836275,0.0709726449890249,9,47.0255020287365,22.2579531939475,0.299188587054979,0.700811412945021,0.140074786194424,0.554883843388459,2.80324565178008,1.67893225136304,0,0.567372680003807,0.036742534111024,0.211085446622938,11.9416725194125,11.7305870727896,11.7305870727896,S14,-0.0132796011250948,-0.299188587054979,
128,0.29632570618277,0.288270405469236,4,0.20204277561987,0.442238527331238,1,1,1,92.8865476205917,86.5145029691836,0.963101718984414,0.036898281015586,0.151677104379059,0.0520656051360782,0.147593124062344,0,0.0143484161841025,0.0884576736496485,92.1304167356522,86.326450650372,0.94277229060993,0.0572277093900702,0.939943663132688,0.94277229060993,0,1.5510152921304e-05,0,0.165487256848258,0.0746169762926702,0.228910837560281,0.00811021210294281,0.0257707975489134,0.0908915901111466,9,92.8865476205917,86.5145029691836,0.963101718984414,0.036898281015586,0.151677104379059,0.0520656051360782,0.147593124062344,4.89491018287548,0,0.0143484161841025,0.0884576736496485,0.756130884939466,0,-0.756130884939466,0.756130884939466,BoundaryMix,0.0203294283744844,0,
129,0.265462360451729,0.438300720873189,4,0.137390718973978,0.510398215763976,1,1,1,75.2248198599371,61.3507225537831,0.298844424877033,0.701155575122967,0.224591424322503,0.49202452078775,2.80462230049187,0.0873481248887863,0.515139066485763,0.041862101416472,75.2248138156962,61.3488510257373,0.298602496740814,0.701397503259186,0.306427202914539,0.298602496740814,0,9.334668616901e-05,0,0.224644371732012,0.491954922772536,2.80559001303674,0.0874446395798174,0.515274997284399,0.0418910659727987,9,66.5646898441488,52.2100662521073,0.517795227400157,0.482204772599842,0.138926954478892,0.604628274788238,1.92881909039937,2.86078199122656,0,0.3921184128559,0.015648478844176,6.04424087669031e-06,8.66013001578831,8.66012397154743,8.66012397154743,S14,0.000241928136218761,-0.218950802523125,
130,0.163241456359691,0.119053233940464,4,0.159176258099722,0.261199021442233,1,1,1,38.8844815973157,-1.73639545519282,0,1,0.163241456359691,0.119053233940464,4,0.0812578374661724,0.604888491517632,0.925819635213944,38.8844815973157,-1.73639545519282,0,1,5.67369921927856e-17,1.81652446541958e-17,0,1.55154099228281e-05,0,0.163241456359691,0.119053233940464,4,0.0812578374661724,0.604888491517632,0.925819635213944,9,29.1097086701873,-14.8014473892929,0.203684609682973,0.796315390317027,0.150527546627222,0.101884839046897,3.18526156126811,1.07469012262169,0,0.490445367634145,0.901433739293553,0,9.77477292712847,9.77477292712847,9.77477292712847,S14,0,-0.203684609682973,
131,0.220869993932211,0.554865431018645,4,0.095857001984639,0.541822841096485,1,1,1,44.6325733243642,26.9457885104396,0,1,0.220869993932211,0.554865431018645,4,0.107447749148122,0.749797174366867,0.0319569144127455,44.5304005442779,27.0150100152673,0.00399153920722045,0.996008460792779,0.00361446303160829,0.00399153920722041,0,8.38255881869343e-05,0,0.220150731048331,0.556181070890596,3.98403384317112,0.105855366470585,0.747554470724757,0.0314790321622361,9,34.143582330664,14.0513044735668,0.266921980643311,0.733078019356689,0.13782715688888,0.706763255781581,2.93231207742676,1.73754514178129,0.000962026181513624,0.599823225203335,0,0.102172780086292,10.4889909937001,10.3868182136139,10.3868182136139,S14,-0.00399153920722045,-0.266921980643311,
132,0.291676036158149,0.128348947635401,4,0.294857899401697,0.291935458855333,1,1,1,-71.1754045474675,-145.320663145065,0.375997414205177,0.624002585794823,0.284968640799155,0.092945486583167,2.49601034317929,0.665005058588345,0,0.658987503311556,-71.2661099090309,-145.427989288978,0.375128204834907,0.624871795165093,0.388099914586979,0.375128204834907,0,7.71542976277974e-06,0,0.284986628759883,0.0930404319431709,2.49948718066037,0.665351820544702,0.00048837777089496,0.659091568362271,9,-71.1754045474675,-145.320663145065,0.375997414205177,0.624002585794823,0.284968640799155,0.092945486583167,2.49601034317929,1.16051191537978,0.665005058588345,0,0.658987503311556,0.0907053615633941,0,-0.0907053615633941,0.0907053615633941,BoundaryMix,0.000869209370270185,0,
133,0.542039482752971,0.230448307825921,4,0.463152883525721,0.443046685261748,1,1,1,27.7063734855393,-41.4322933494053,0.0806516459859147,0.919348354014085,0.553775059262213,0.223782756237783,3.67739341605634,1.23096481700843,0,0.143854751782513,27.6090756538582,-41.792212484825,0.0793357227588444,0.920664277241156,0.0730327873757472,0.0793357227588445,0,1.68934913303704e-05,0,0.553572991875091,0.223897526108022,3.68265710896462,1.23148979076992,0.000739370368390222,0.144012299114658,9,27.7063734855393,-41.4322933494053,0.0806516459859147,0.919348354014085,0.553775059262213,0.223782756237783,3.67739341605634,1.05626525012154,1.23096481700843,0,0.143854751782513,0.0972978316811464,0,-0.0972978316811464,0.0972978316811464,BoundaryMix,0.00131592322707025,0,
134,0.148307844261271,0.278858255884361,4,0.0980599048871482,0.414852173981425,1,1,1,29.6705790533872,-14.0104571196001,0,1,0.148307844261271,0.278858255884361,4,0.00493215974194098,0.76372616180113,0.291831729895901,29.6705790533872,-14.0104571196001,0,1,-1.30016922389355e-17,-1.16612696227879e-17,0,3.55007149237155e-05,0,0.148307844261271,0.278858255884361,4,0.00493215974194098,0.76372616180113,0.291831729895901,9,28.9799194847981,-14.8488934913785,0.0123631770578381,0.987636822942162,0.14646009193553,0.278159129210415,3.95054729176865,1.00997945068326,0,0.756779733173921,0.290351563331294,0,0.690659568589165,0.690659568589165,0.690659568589165,S14,0,-0.0123631770578381,
135,0.446088322872181,0.401617717594407,4,0.257585175444309,0.521789567499876,1,1,1,29.1175205326321,-21.6424171705712,0.327110186282023,0.672889813717977,0.51410234050504,0.433444922171929,2.69155925487191,0.425254965827552,0.299897354311921,0,29.1175205326321,-21.6424171705712,0.327110186282023,0.672889813717977,0.319347021613087,0.329197994951608,0,5.18288922200291e-05,0,0.51410234050504,0.433444922171929,2.69155925487191,0.425254965827552,0.299897354311921,0,9,29.1175205326321,-21.6424171705712,0.327110186282023,0.672889813717977,0.51410234050504,0.433444922171929,2.69155925487191,1.60389931487824,0.425254965827552,0.299897354311921,0,0,0,0,0,Tie,0,0,
136,0.440781249501417,0.287887320477955,4,0.316364255759935,0.464910498063812,1,1,1,44.8044682944065,8.07630413478171,0.621221784068881,0.378778215931119,0.553632177097798,0.223713210605721,1.51511286372448,0.507143611048047,0,0.0593444549250996,44.8024574301333,8.07364137008531,0.621199719964824,0.378800280035176,0.621214697778938,0.621199719964824,0,5.19007407340233e-07,0,0.553623954432123,0.223717886528744,1.5152011201407,0.507152413290808,1.2397033815521e-05,0.0593470965235294,9,44.8044682944065,8.07630413478171,0.621221784068881,0.378778215931119,0.553632177097798,0.223713210605721,1.51511286372448,2.05155941445396,0.507143611048047,0,0.0593444549250996,0.00201086427323105,0,-0.00201086427323105,0.00201086427323105,BoundaryMix,2.2064104056696e-05,0,
137,0.322157327299717,0.392099975767267,4,0.18250251905148,0.499781508212278,1,1,1,92.0354752210015,87.8239043202327,0.732851455802548,0.267148544197452,0.269385162536728,0.593667638346111,1.06859417678981,0.0432354275397789,0.192981396605364,0.00152781846051292,92.0289571016429,87.8832292498654,0.729983447022288,0.270016552977712,0.727927555201686,0.729983447022288,0,1.00553686120207e-06,0,0.270534643522109,0.589277100333455,1.08006621191085,0.0443795895443637,0.194592828537551,0.00187118737642192,9,91.8641476964237,87.5353162326409,0.745612648084018,0.254387351915982,0.263716391792531,0.615319978623129,1.01754940766393,6.16891358085259,0.0381444838013383,0.185811337407262,0,0.00651811935864544,0.171327524577805,0.16480940521916,0.16480940521916,S14,0.00286800878026017,-0.01276119228147,
138,0.335598655816124,0.176943090720384,4,0.30151808363191,0.357692042497588,1,1,1,-4.47711596511028,-82.3054355551887,0.5036936444777,0.4963063555223,0.33633113546601,0.117945367922625,1.9852254220892,0.578082824712655,0,0.362269168998278,-4.54467806225204,-82.3904579096894,0.502965829550773,0.497034170449227,0.493403725630843,0.502965829550773,0,1.09615597808304e-05,0,0.336329714668258,0.118059806367391,1.98813668179691,0.578373178839703,0.000408933271768584,0.362356305768626,9,-4.47711596511028,-82.3054355551887,0.5036936444777,0.4963063555223,0.33633113546601,0.117945367922625,1.9852254220892,1.34306627485783,0.578082824712655,0,0.362269168998278,0.0675620971417663,0,-0.0675620971417663,0.0675620971417663,BoundaryMix,0.000727814926926862,0,
139,0.161620590127851,0.536961812983328,4,0.0708838875601234,0.529879062298511,1,1,1,24.1966846333316,-11.612953019688,0,1,0.161620590127851,0.536961812983328,4,0.0290405094108031,0.791978652964708,0.0549975913159867,24.1966846333316,-11.612953019688,0,1,-1.53125727473289e-17,-1.75305115275139e-17,0,8.43708552530362e-05,0,0.161620590127851,0.536961812983328,4,0.0290405094108031,0.791978652964708,0.0549975913159867,9,20.6716552679132,-17.0942330861512,0.0727942683288442,0.927205731671156,0.139940908889886,0.560685783081764,3.70882292668462,1.12615983858821,0,0.751078147613163,0.0462823847334613,0,3.52502936541844,3.52502936541844,3.52502936541844,S14,0,-0.0727942683288442,
140,0.30252551153428,0.343740845689804,4,0.185603052912492,0.474500605275138,1,1,1,94.3070852860894,91.765352872052,0.783527792021718,0.216472207978282,0.197824562361243,0.326230794024193,0.865888831913127,0.0256933412627527,0.154346149544187,0.0432921921673824,94.3031720270373,91.8504438641036,0.781515484917316,0.218484515082683,0.785291876210348,0.781515484917316,0,4.79619108634308e-05,0,0.198993318091557,0.326426255224726,0.873938060330734,0.0264961300639095,0.155476793197623,0.0435331132251108,9,91.1718677986258,88.7098802301361,0.847931895671829,0.152068104328171,0.14555257424337,0.317488894167149,0.608272417312684,6.07378290625824,0,0.118159778742256,0.0355814880012595,0.00391325905201256,3.13521748746352,3.13130422841151,3.13130422841151,S14,0.00201230710440181,-0.0644041036501107,
141,0.290575950997163,0.465505281720286,4,0.145198832877637,0.523372125557795,1,1,1,76.1323005246187,64.2810749616887,0.372562934517251,0.627437065482749,0.248190539463631,0.580730451906181,2.509748261931,0.0866713057614523,0.460952724919192,0.00959538548884433,76.0966197941367,64.1569700009054,0.359335812136231,0.640664187863769,0.359014056698204,0.359335812136231,0,6.97465241493803e-05,0,0.25108111920339,0.57287238163155,2.56265675145508,0.0919481274234078,0.46838457363682,0.0111789868724337,9,74.5028896692367,64.7717846707948,0.452708948197999,0.547291051802001,0.225166365297268,0.643321902377531,2.189164207208,2.52513950936906,0.0546978946953522,0.415921535833725,0,0.0356807304819853,1.62941085538205,1.59373012490006,1.59373012490006,S14,0.0132271223810196,-0.0801460136807486,
142,0.322088233225192,0.424115666158441,4,0.173044503591408,0.512684022657023,1,1,1,86.4533312286028,81.6101486809403,0.567433975618124,0.432566024381876,0.296800696587965,0.591288239488969,1.7302640975275,0.0850583871799375,0.304027569720185,0,86.1833541084832,81.5594853855147,0.560322971112796,0.439677028887204,0.566792612657705,0.560322971112796,0,5.25306557510997e-05,0,0.297794387497807,0.584719079792767,1.75870811554881,0.087895247800946,0.308022989751212,0.000851356496822444,9,86.4533312286028,81.6101486809403,0.567433975618124,0.432566024381876,0.296800696587965,0.591288239488969,1.7302640975275,3.22301644284608,0.0850583871799375,0.304027569720185,0,0.269977120119634,0,-0.269977120119634,0.269977120119634,BoundaryMix,0.00711100450532753,0,
143,0.45386492907874,0.296502723851231,4,0.321303082606487,0.472279910628893,1,1,1,46.1665163706204,10.1764762490955,0.614551244686426,0.385448755313574,0.585474002358692,0.239211715075128,1.5417950212543,0.520923813513432,0,0.0444252188383511,46.1039944467301,10.0926221115183,0.613871652293519,0.386128347706481,0.615040127638691,0.613871652293519,0,2.84284702053853e-05,0,0.585169746674424,0.239344161225254,1.54451339082593,0.521194929766604,0.000381838748311985,0.0445065822235746,9,46.1665163706204,10.1764762490955,0.614551244686426,0.385448755313574,0.585474002358692,0.239211715075128,1.5417950212543,2.09308617824815,0.520923813513432,0,0.0444252188383511,0.0625219238903583,0,-0.0625219238903583,0.0625219238903583,BoundaryMix,0.000679592392907047,0,
144,0.149923201506781,0.533351508417165,4,0.0658976167049768,0.527468957868328,1,1,1,18.9341857994099,-21.6783644136785,0,1,0.149923201506781,0.533351508417165,4,0.0129381588292173,0.800634967663512,0.059765182824507,18.9341857994099,-21.6783644136785,0,1,-2.85411115913513e-17,-4.26927022925522e-17,0,0.000118222288278679,0,0.149923201506781,0.533351508417165,4,0.0129381588292173,0.800634967663512,0.059765182824507,9,17.3275709449456,-24.1018614247358,0.032431380323683,0.967568619676317,0.140349651368309,0.542971808199438,3.87027447870527,1.05216046356185,0,0.782412930751284,0.0558823746616375,0,1.60661485446425,1.60661485446425,1.60661485446425,S14,0,-0.032431380323683,
145,0.321457946307326,0.111414377957372,4,0.34808123143152,0.271443970289603,1,1,1,-129.825969742173,-360.304546396534,0.00954605552627412,0.990453944473726,0.32142123871674,0.110688211666236,3.9618157778949,1.12973488894443,0,0.801701042211812,-129.825969742173,-360.304546396534,0.00954605552627412,0.990453944473726,0.055205762879417,0.0101622440171387,0,8.59572816039675e-06,0,0.32142123871674,0.110688211666236,3.9618157778949,1.12973488894443,0,0.801701042211812,9,-129.825969742173,-360.304546396534,0.00954605552627412,0.990453944473726,0.32142123871674,0.110688211666236,3.9618157778949,1.00305753575263,1.12973488894443,0,0.801701042211812,0,0,0,0,Tie,0,0,
146,0.450381239851168,0.23832274967305,4,0.363275824052781,0.432518037251899,1,1,1,24.9719276991141,-47.6199074380541,0.408691128486866,0.591308871513134,0.495658265616599,0.195495326774049,2.36523548605254,0.775127049010546,0,0.147202955217521,24.8489179227043,-47.8077605224334,0.407496558700166,0.592503441299834,0.402402575699431,0.407496558700166,0,2.51222148176497e-05,0,0.495474882485351,0.195668788408989,2.37001376519934,0.775603610090544,0.000671186194674005,0.147345973654375,9,24.9719276991141,-47.6199074380541,0.408691128486866,0.591308871513134,0.495658265616599,0.195495326774049,2.36523548605254,1.38725559303765,0.775127049010546,0,0.147202955217521,0.12300977640983,0,-0.12300977640983,0.12300977640983,BoundaryMix,0.00119456978670013,0,
147,0.185723550962387,0.326134996104916,4,0.113554658479872,0.448660564562374,1,1,1,61.5397538774678,39.3893719241317,0,1,0.185723550962387,0.326134996104916,4,0.0913415132112466,0.728205258329862,0.205323807717113,61.1867316998159,38.4464830557632,0.0150882812597534,0.984911718740247,0.0151698899426557,0.0150882812597535,0,6.27598926423224e-05,0,0.183610138132129,0.325809131027755,3.93964687496099,0.0853222017465404,0.719727690760636,0.203517381316067,9,53.1486911903758,23.9122659546898,0.228960812229715,0.771039187770285,0.145496191874159,0.319932378572944,3.08415675108114,1.27228480337803,0,0.599560336952381,0.177911748722708,0.353022177651923,8.391062687092,8.03804050944008,8.03804050944008,S14,-0.0150882812597534,-0.228960812229715,
148,0.279752530002683,0.576720053545661,4,0.11953786056657,0.55447124295375,1,1,1,43.8810401562619,26.2338312155073,0.0755795074608717,0.924420492539128,0.272084781726429,0.609241357201042,3.69768197015651,0.149209196455962,0.668962620471143,0,43.6323097387479,25.1790650965724,0.0487844625079052,0.951215537492095,0.0545765703010072,0.0487844625079053,0,0.000142404947775039,0,0.275041640754519,0.596700399040422,3.80486214996838,0.159898798439518,0.684017801389273,0.00320800466182618,9,43.8810401562619,26.2338312155073,0.0755795074608717,0.924420492539128,0.272084781726429,0.609241357201042,3.69768197015651,1.14275928787616,0.149209196455962,0.668962620471143,0,0.248730417513983,0,-0.248730417513983,0.248730417513983,BoundaryMix,0.0267950449529664,0,
149,0.43352060720743,0.453806240442834,4,0.228812013369685,0.5389172166572,1,1,1,22.1588990626155,-44.9207515536939,0.136035936486257,0.863964063513743,0.455029408417043,0.476354250404954,3.45585625405497,0.419092065524439,0.460027773344996,0,22.1588990626155,-44.9207515536939,0.136035936486257,0.863964063513743,0.140621062219096,0.136703828250381,0,2.35594988553369e-05,0,0.455029408417043,0.476354250404954,3.45585625405497,0.419092065524439,0.460027773344996,0,9,22.1588990626155,-44.9207515536939,0.136035936486257,0.863964063513743,0.455029408417043,0.476354250404954,3.45585625405497,1.21496537858504,0.419092065524439,0.460027773344996,0,0,0,0,0,Tie,0,0,
150,0.445503905181378,0.444851145802502,4,0.239286470020842,0.537605693312738,1,1,1,18.6052364067882,-47.1784013358698,0.139685774017824,0.860314225982176,0.469781143150806,0.465638902354266,3.4412569039287,0.446699848837655,0.440730515977082,0,18.6052364067882,-47.1784013358698,0.139685774017824,0.860314225982176,0.139894047388241,0.140087971252369,0,1.08397163318118e-05,0,0.469781143150806,0.465638902354266,3.4412569039287,0.446699848837655,0.440730515977082,0,9,18.6052364067882,-47.1784013358698,0.139685774017824,0.860314225982176,0.469781143150806,0.465638902354266,3.4412569039287,1.21668299711278,0.446699848837655,0.440730515977082,0,0,0,0,0,Tie,0,0,
151,0.322110323394509,0.147468208098928,4,0.312319281752109,0.321717788446094,1,1,1,-67.7001752060842,-167.414001266443,0.371093220013774,0.628906779986226,0.319998427357433,0.109995680756633,2.5156271199449,0.715791850969387,0,0.514170523677078,-67.8556589782214,-167.571932153577,0.36977001107758,0.63022998892242,0.367545950670975,0.36977001107758,0,1.29805593162854e-05,0,0.320007352618505,0.110154046549124,2.52091995568968,0.716319731288074,0.000743463948720772,0.514328943282021,9,-67.7001752060842,-167.414001266443,0.371093220013774,0.628906779986226,0.319998427357433,0.109995680756633,2.5156271199449,1.18601710360225,0.715791850969387,0,0.514170523677078,0.155483772137188,0,-0.155483772137188,0.155483772137188,BoundaryMix,0.00132320893619359,0,
152,0.322925824817426,0.190192652943202,4,0.278596870789103,0.369189814629337,1,1,1,-14.5458277571439,-106.251609429774,0.62190925565234,0.37809074434766,0.317521420311321,0.108790036781755,1.51236297739064,0.428670217482158,0,0.314560538576531,-14.5608467396781,-106.274229631526,0.621743894214895,0.378256105785105,0.623260934735029,0.621743894214895,0,2.88442773091873e-06,0,0.317523593989212,0.108822777311596,1.51302442314042,0.428736186692242,9.29106990487324e-05,0.314580336276559,9,-14.5458277571439,-106.251609429774,0.62190925565234,0.37809074434766,0.317521420311321,0.108790036781755,1.51236297739064,1.51286209358265,0.428670217482158,0,0.314560538576531,0.0150189825342526,0,-0.0150189825342526,0.0150189825342526,BoundaryMix,0.000165361437445166,0,
153,0.183247792908594,0.372073318303783,4,0.103261692730187,0.471749591798032,1,1,1,54.3239386981207,27.1710913563286,0,1,0.183247792908594,0.372073318303783,4,0.0772562024451949,0.745195367090307,0.157002947708038,54.2121186357553,26.9269624667608,0.00362078345944483,0.996379216540555,0.00367455162378698,0.00362078345944486,0,6.87411340333179e-05,0,0.182665545984719,0.3721630820281,3.98551686616222,0.0758117288823386,0.743160977890997,0.156569453745339,9,45.976376577659,13.463653829975,0.193653928424925,0.806346071575075,0.144153991146318,0.378100323514134,3.2253842863003,1.26025098918045,0,0.636388125562572,0.133817963086493,0.111820062365382,8.3475621204617,8.23574205809632,8.23574205809632,S14,-0.00362078345944483,-0.193653928424925,
154,0.181830504304628,0.344145660415529,4,0.107495222306124,0.45776990186792,1,1,1,56.80386097264,30.7235970247148,0,1,0.181830504304628,0.344145660415529,4,0.0791049436101065,0.73889412329307,0.186035991694039,56.6253889987382,30.3019263003897,0.00644013384825343,0.993559866151747,0.00559353078914776,0.00644013384825345,0,6.66942158994954e-05,0,0.180861157770051,0.344115172134485,3.97423946460699,0.0765357197972898,0.73527564157779,0.185264954383065,9,48.7335671514059,17.0052051413268,0.198288067534726,0.801711932465274,0.144964236366274,0.342986127577831,3.20684772986109,1.24312817524509,0,0.627483124137002,0.162296190318357,0.178471973901843,8.07029382123418,7.89182184733234,7.89182184733234,S14,-0.00644013384825343,-0.198288067534726,
155,0.145684694838955,0.378581091586804,4,0.0803599869368688,0.469858801009989,1,1,1,27.8329147271025,-18.4219337868862,0,1,0.145684694838955,0.378581091586804,4,0.00300517667564057,0.787633355612927,0.164930681818142,27.8329147271025,-18.4219337868862,0,1,-1.32867604286649e-16,-1.48911355394335e-16,0,5.25648980022836e-05,0,0.145684694838955,0.378581091586804,4,0.00300517667564057,0.787633355612927,0.164930681818142,9,27.4372733738811,-18.9500718160656,0.00753291322158367,0.992467086778416,0.144137256544543,0.378825563319515,3.96986834711367,1.00824074796625,0,0.783400880108946,0.164028812805629,0,0.395641353221421,0.395641353221421,0.395641353221421,S14,0,-0.00753291322158367,
156,0.172877256272361,0.203777106119076,4,0.135601417749432,0.359636926530989,1,1,1,59.7176131869201,31.2042810253065,0,1,0.172877256272361,0.203777106119076,4,0.0894453647582877,0.684753867482318,0.453739853804289,59.5389833718559,31.0041543898103,0.00384551024959237,0.996154489750408,0.00580935904550783,0.00384551024959234,0,1.85876844041372e-05,0,0.172515784120891,0.203450407862791,3.98461795900163,0.0879112388008959,0.68259321230776,0.453279454695818,9,47.9773351188559,18.4643704127016,0.22420783984471,0.77579216015529,0.148681032705192,0.181908577614346,3.10316864062116,1.15067426753882,0,0.558779471915886,0.426896838735558,0.178629815064255,11.7402780680642,11.5616482529999,11.5616482529999,S14,-0.00384551024959237,-0.22420783984471,
157,0.337245474282274,0.388255476610276,4,0.19313729774598,0.500288049620648,1,1,1,90.3424417858646,81.2591814666565,0.723357304405096,0.276642695594904,0.352849719159864,0.550575415160303,1.10657078237961,0.0788536069953915,0.179991426330448,0,90.3424417858646,81.2591814666565,0.723357304405096,0.276642695594904,0.740238235409037,0.724703774460153,0,1.65862940135014e-05,0,0.352849719159864,0.550575415160303,1.10657078237961,0.0788536069953915,0.179991426330448,0,9,90.3424417858646,81.2591814666565,0.723357304405096,0.276642695594904,0.352849719159864,0.550575415160303,1.10657078237961,5.12601670052143,0.0788536069953915,0.179991426330448,0,0,0,0,0,Tie,0,0,
158,0.204105410056973,0.115810750262785,4,0.205052847354985,0.261783747919338,1,1,1,45.0843749194433,3.87652370931713,0.706746445558076,0.293253554441924,0.16446048328482,0.0443703623990594,1.1730142177677,0.0614784473887009,0.0562087793977748,0.82292048210951,45.0036978027383,4.90641847683378,0.673086558486499,0.3269134415135,0.663573470398117,0.673086558486499,0,1.65222352868819e-05,0,0.166891814816281,0.0487516359131003,1.307653766054,0.0749067060924339,0.0751210704738273,0.826950371771263,9,44.4871751789099,0.752328920193847,0.806786211197888,0.193213788802112,0.156796428228628,0.0305596907595325,0.772855155208446,1.36572092403589,0.0215686327533864,0,0.81094334099615,0.0806771167049689,0.597199740533384,0.516522623828415,0.516522623828415,S14,0.0336598870715762,-0.100039765639813,
159,0.383560419691577,0.412263136317924,4,0.213681589978583,0.516761728673195,1,1,1,57.3448777030176,13.5781394766233,0.45507746605855,0.54492253394145,0.441828042925,0.485943443035148,2.1796901357658,0.24837456943361,0.299576065305044,0,57.3448777030176,13.5781394766233,0.45507746605855,0.54492253394145,0.444091305075614,0.456662274071426,0,4.47884485187535e-05,0,0.441828042925,0.485943443035148,2.1796901357658,0.24837456943361,0.299576065305044,0,9,57.3448777030176,13.5781394766233,0.45507746605855,0.54492253394145,0.441828042925,0.485943443035148,2.1796901357658,2.16309929677858,0.24837456943361,0.299576065305044,0,0,0,0,0,Tie,0,0,
160,0.461028169085636,0.255950219082073,4,0.358125589578705,0.44734842864388,1,1,1,31.4558884057249,-30.7570676974136,0.453556621766859,0.54644337823314,0.52463209747452,0.209597880847709,2.18577351293256,0.724483864427346,0,0.109137925436118,31.3762204841733,-30.877167089979,0.452759663222173,0.547240336777827,0.457932000280966,0.452759663222173,0,1.52945266597528e-05,0,0.524464759676054,0.20971983083461,2.18896134711131,0.724801802675072,0.000447782606655814,0.109233340343282,9,31.4558884057249,-30.7570676974136,0.453556621766859,0.54644337823314,0.52463209747452,0.209597880847709,2.18577351293256,1.49860167671309,0.724483864427346,0,0.109137925436118,0.0796679215516356,0,-0.0796679215516356,0.0796679215516356,BoundaryMix,0.000796958544686199,0,
161,0.342072285067885,0.376106151573397,4,0.200360703456154,0.495664270050627,1,1,1,91.3854698224554,81.6345403080201,0.783890216800153,0.216109783199847,0.388996389490203,0.524319238483225,0.864439132799388,0.0754936930151354,0.132399637274923,0,90.5937625692964,79.6804119569485,0.773160544836934,0.226839455163066,0.768974613700741,0.773160544836934,0,4.79261687746388e-05,0,0.385140826082385,0.512141170057961,0.907357820652265,0.0797741830423871,0.138428257599389,0.00128459712377017,9,91.3854698224554,81.6345403080201,0.783890216800153,0.216109783199847,0.388996389490203,0.524319238483225,0.864439132799388,6.4507606614457,0.0754936930151354,0.132399637274923,0,0.791707253159061,0,-0.791707253159061,0.791707253159061,BoundaryMix,0.0107296719632193,0,
162,0.413102022723344,0.300083867256742,4,0.286141063782788,0.467679175178974,1,1,1,54.3846534902411,33.6061216261512,0.724417063312206,0.275582936687794,0.544725281040543,0.219377919923706,1.10233174675118,0.367918690547579,0,0.046657907704453,54.3337397246072,33.5498098543496,0.723865340427026,0.276134659572974,0.724576861654965,0.723865340427026,0,1.97501048695556e-05,0,0.544459688068038,0.219540770568228,1.1045386382919,0.368138794602569,0.000309993428547561,0.0467239620660262,9,54.3846534902411,33.6061216261512,0.724417063312206,0.275582936687794,0.544725281040543,0.219377919923706,1.10233174675118,2.6527598908698,0.367918690547579,0,0.046657907704453,0.0509137656339078,0,-0.0509137656339078,0.0509137656339078,BoundaryMix,0.000551722885179906,0,
163,0.376743801495098,0.46436341389605,4,0.192735594486626,0.534510604102354,1,1,1,50.2657646380182,-0.424107453333264,0.239809928136306,0.760190071863694,0.397032256011973,0.518482155033469,3.04076028745478,0.277095411189025,0.458914829274045,0,50.2657646380182,-0.424107453333264,0.239809928136306,0.760190071863694,0.25526306654352,0.241547223277946,0,6.19467683716955e-05,0,0.397032256011973,0.518482155033469,3.04076028745478,0.277095411189025,0.458914829274045,0,9,50.2657646380182,-0.424107453333264,0.239809928136306,0.760190071863694,0.397032256011973,0.518482155033469,3.04076028745478,1.4687694299058,0.277095411189025,0.458914829274045,0,0,0,0,0,Tie,0,0,
164,0.473307265939129,0.250473491682931,4,0.374224916555395,0.445588338922702,1,1,1,30.2294767689593,-38.7202823189964,0.394811250722948,0.605188749277052,0.528618143786349,0.211538025800864,2.42075499710821,0.803519806953216,0,0.117083594714344,30.1333321100446,-38.8705484188924,0.393890031943054,0.606109968056946,0.39632695246519,0.393890031943054,0,1.79935939325958e-05,0,0.528438207384187,0.211664689992791,2.42443987222779,0.80388731751773,0.000517600004808383,0.117193886529329,9,30.2294767689593,-38.7202823189964,0.394811250722948,0.605188749277052,0.528618143786349,0.211538025800864,2.42075499710821,1.39551924879928,0.803519806953216,0,0.117083594714344,0.0961446589147066,0,-0.0961446589147066,0.0961446589147066,BoundaryMix,0.000921218779894539,0,
165,0.516398399579796,0.292782188401921,4,0.376892597551402,0.480794942596833,1,1,1,42.9330797533715,-8.68654746885613,0.447177482638798,0.552822517361202,0.626270104202398,0.259068571947449,2.21129006944481,0.754819426929527,0,0.0383841409940938,42.9224241723411,-8.7032284495732,0.447071861723431,0.552928138276569,0.441238741143767,0.447071861723431,0,2.43997615954467e-06,0,0.62622857260719,0.259081315722349,2.21171255310627,0.754861563285274,5.93446285451735e-05,0.0383967863316731,9,42.9330797533715,-8.68654746885613,0.447177482638798,0.552822517361202,0.626270104202398,0.259068571947449,2.21129006944481,1.60060568222904,0.754819426929527,0,0.0383841409940938,0.0106555810304627,0,-0.0106555810304627,0.0106555810304627,BoundaryMix,0.000105620915366755,0,
166,0.486977177521699,0.310688610343337,4,0.338513055269496,0.485931066287308,1,1,1,47.3995978954761,10.1439617851104,0.577158601213165,0.422841398786835,0.649287434986719,0.270271893400026,1.69136559514734,0.580283146098697,0,0.0196835771454985,47.2109030842834,9.87715164635537,0.5751536024807,0.424846397519301,0.569679980200777,0.5751536024807,0,2.15500587379568e-05,0,0.648131666850557,0.270559690082386,1.6993855900772,0.581083019301567,0.00112653733967892,0.0199236232171508,9,47.3995978954761,10.1439617851104,0.577158601213165,0.422841398786835,0.649287434986719,0.270271893400026,1.69136559514734,2.0573020114886,0.580283146098697,0,0.0196835771454985,0.18869481119264,0,-0.18869481119264,0.18869481119264,BoundaryMix,0.00200499873246529,0,
167,0.408549172219586,0.215571549663855,4,0.342616107037065,0.406759217374403,1,1,1,14.8016932747661,-64.0830008015095,0.435175532399471,0.564824467600529,0.436161076638826,0.166536011730586,2.25929787040212,0.71858561541337,0,0.212459625624267,14.7451042239778,-64.1652431565419,0.434607734834032,0.565392265165968,0.430144163304853,0.434607734834032,0,1.10839229882146e-05,0,0.436111825043324,0.166623476848632,2.26156906066387,0.718812132293354,0.000319025218564451,0.21252760450768,9,14.8016932747661,-64.0830008015095,0.435175532399471,0.564824467600529,0.436161076638826,0.166536011730586,2.25929787040212,1.36773894892726,0.71858561541337,0,0.212459625624267,0.0565890507882365,0,-0.0565890507882365,0.0565890507882365,BoundaryMix,0.000567797565439176,0,
168,0.311935317868698,0.546219491962713,4,0.139712724887852,0.550454119121117,1,1,1,53.4029851396263,37.8118681878382,0.10089196109165,0.89910803890835,0.307897264538523,0.583227927267776,3.5964321556334,0.191652544227645,0.623160230453858,0,53.4029851396263,37.8118681878382,0.10089196109165,0.89910803890835,0.116392527362465,0.101487866027071,0,0.000100209383034428,0,0.307897264538523,0.583227927267776,3.5964321556334,0.191652544227645,0.623160230453858,0,9,53.4029851396263,37.8118681878382,0.10089196109165,0.89910803890835,0.307897264538523,0.583227927267776,3.5964321556334,1.187570051452,0.191652544227645,0.623160230453858,0,0,0,0,0,Tie,0,0,
169,0.378546583737319,0.312738517062526,4,0.252542472122523,0.469438805274867,1,1,1,67.8292032494183,41.3501456844242,0.836620223594607,0.163379776405393,0.513707227459325,0.20428037328114,0.653519105621571,0.21573027799132,0,0.0355326413518348,67.787623907968,41.2777603358765,0.836168527231659,0.163831472768341,0.839378694546054,0.836168527231659,0,3.12552015380406e-05,0,0.513415945858309,0.204514108937422,0.655325891073363,0.215910477514994,0.000253792090148762,0.0355867201578458,9,67.8292032494183,41.3501456844242,0.836620223594607,0.163379776405393,0.513707227459325,0.20428037328114,0.653519105621571,3.99803850884169,0.21573027799132,0,0.0355326413518348,0.0415793414503014,0,-0.0415793414503014,0.0415793414503014,BoundaryMix,0.000451696362947951,0,
170,0.183573766382376,0.341138186614452,4,0.109164334609335,0.456439276386435,1,1,1,58.2744574137984,33.4615645049419,0,1,0.183573766382376,0.341138186614452,4,0.0834230281337614,0.735871820673767,0.188664374829873,58.0546718726492,32.927744831066,0.00824327794658528,0.991756722053415,0.00566059746952367,0.00824327794658544,0,5.23016919411882e-05,0,0.182355906732355,0.341075000677419,3.96702688821366,0.0801344589059995,0.731240216544641,0.187677458251535,9,49.9895517530223,19.0544695345274,0.209111975581072,0.790888024418928,0.145052992855039,0.339139622025727,3.16355209767571,1.25699397409734,0,0.618379253296225,0.163628694028244,0.219785541149243,8.2849056607761,8.06512011962685,8.06512011962685,S14,-0.00824327794658528,-0.209111975581072,
171,0.212039651363955,0.203868818332164,4,0.168876958716674,0.365331097463023,1,1,1,87.7676583284032,76.6658911754603,0.429236321141622,0.570763678858378,0.17139210920422,0.155313585589288,2.28305471543351,0.0599224960439621,0.364768565066256,0.37504124450883,87.7638417724783,76.5858637431731,0.43113358997607,0.56886641002393,0.43013515738535,0.43113358997607,0,2.37067897480236e-05,0,0.171151942888568,0.155026696622973,2.27546564009572,0.059165600553335,0.36370255731732,0.374814096270179,9,81.7288163911495,67.6635040437511,0.579440788778667,0.420559211221333,0.149887446226745,0.129625343190152,1.68223684488533,1.51186134803099,0,0.280374027234483,0.357058194536249,0.00381655592492791,6.03884193725371,6.03502538132878,6.03502538132878,S14,-0.00189726883444769,-0.150204467637045,
172,0.258827204263438,0.614111595800339,4,0.105089519636877,0.561021237226347,1,1,1,25.3482306671854,1.50163411885566,0.00177610357379987,0.9982238964262,0.258593155547144,0.61494321398199,3.9928955857048,0.14362467783254,0.732475354517464,0.00128809619379745,25.3482306280967,1.50256566731363,0.00179827789478623,0.998201722105214,0.000967746401131002,0.00179827789478627,0,1.7798182323363e-05,0,0.258590224214789,0.614953629545561,3.99280688842086,0.143615831619891,0.732462895556684,0.00128544139977782,9,25.3412156396364,1.95223188490547,0.0125350017223145,0.987464998277685,0.257143400549097,0.620094460416536,3.94985999311074,1.02256010112302,0.139332528325379,0.726430313040955,0,3.90886967238657e-08,0.00701502754902705,0.00701498846033033,0.00701498846033033,S14,-2.21743209863543e-05,-0.0107588981485147,
173,0.216460621123293,0.49142008527576,4,0.102295632255866,0.522532866013698,1,1,1,55.3368839577564,34.8208390891746,0,1,0.216460621123293,0.49142008527576,4,0.112500605432184,0.741360462158285,0.0623430972807067,54.9740019110222,35.0049169788157,0.0140513434121573,0.985948656587843,0.0127681345103393,0.0140513434121574,0,9.81064563340194e-05,0,0.214098354016319,0.494297238218229,3.94379462635137,0.106894969439638,0.733465513014362,0.0606608170214183,9,43.6175740102452,18.666233549639,0.281999159971394,0.718000840028606,0.139372709094319,0.585310277569496,2.87200336011443,1.65885449810256,0,0.582915183205316,0.0285810856323873,0.362882046734278,11.7193099475112,11.356427900777,11.356427900777,S14,-0.0140513434121573,-0.281999159971394,
174,0.432022990632336,0.215382664907133,4,0.366078831431846,0.410639783012631,1,1,1,14.6175367748229,-73.4150475246933,0.354585310348115,0.645414689651885,0.45964110835772,0.177964545539671,2.58165875860754,0.831925699383162,0,0.207181462840485,14.4703041732103,-73.6425250935786,0.353201507779134,0.646798492220866,0.349687970100485,0.353201507779134,0,2.16785603910496e-05,0,0.459503274252151,0.178151288643106,2.58719396888346,0.83247775289575,0.000777509351730864,0.207347136945535,9,14.6175367748229,-73.4150475246933,0.354585310348115,0.645414689651885,0.45964110835772,0.177964545539671,2.58165875860754,1.28021790830192,0.831925699383162,0,0.207181462840485,0.147232601612647,0,-0.147232601612647,0.147232601612647,BoundaryMix,0.00138380256898074,0,
175,0.254839822083367,0.618015479298849,4,0.102897961933322,0.561463270034618,1,1,1,23.4628103026907,-0.229823211738974,0,1,0.254839822083367,0.618015479298849,4,0.138768154010224,0.736818939889725,0.00117559427032343,23.4623266091523,-0.220255760701647,0.000228305796011615,0.999771694203988,0.00227802331211105,0.000228305796011706,0,4.39210975672257e-05,0,0.254808014832519,0.618124344005954,3.99908677681595,0.138677073808859,0.736690662998619,0.00114826063236114,9,23.4363519233243,0.180530707850238,0.00981921930931187,0.990180780690688,0.253448171096908,0.622778596921291,3.96072312276275,1.01770013787023,0.134850879514509,0.731301870467525,0,0.00048369353837785,0.0264583793664208,0.025974685828043,0.025974685828043,S14,-0.000228305796011615,-0.00981921930931187,
176,0.220661518173776,0.565324537343856,4,0.094475710571749,0.54459533803296,1,1,1,41.9896688881677,25.1233678847694,0,1,0.220661518173776,0.565324537343856,4,0.105502747638158,0.751685615528864,0.0278352468571706,41.8744497389705,25.2048930812001,0.00445967109929695,0.995540328900703,0.00381156229724021,0.00445967109929687,0,0.000109391478404567,0,0.21984050975525,0.566899634256578,3.98216131560281,0.103723608655084,0.749179885258468,0.0273013180766118,9,33.240195715665,15.2928075455648,0.232495513391875,0.767504486608125,0.152488721345236,0.696113405512929,3.0700179464325,1.604357830951,0.0127511024931667,0.621054671527377,0,0.115219149197223,8.74947317250268,8.63425402330545,8.63425402330545,S14,-0.00445967109929695,-0.232495513391875,
177,0.266801683571764,0.197920510891153,4,0.220431550347289,0.367924332686757,1,1,1,63.9375647324222,39.4817590759968,0.863508349080414,0.136491650919586,0.202799730527166,0.0529510700363031,0.545966603678343,0.0972791371014433,0,0.302768792811456,63.8978361263637,39.3894593234075,0.862923027143892,0.137076972856108,0.851535202739853,0.862923027143892,0,1.98820185353691e-05,0,0.202884710540069,0.0531435564272398,0.548307891424432,0.0975126451453615,0.000328871538195356,0.302838869779206,9,63.9375647324222,39.4817590759968,0.863508349080414,0.136491650919586,0.202799730527166,0.0529510700363031,0.545966603678343,1.96009829399407,0.0972791371014433,0,0.302768792811456,0.0397286060584818,0,-0.0397286060584818,0.0397286060584818,BoundaryMix,0.000585321936522276,0,
178,0.408614505112751,0.217897841747284,4,0.340686328014948,0.408767513099557,1,1,1,16.1158676986233,-60.4352015804116,0.446341393022457,0.553658606977544,0.437657654092588,0.167264447119133,2.21463442791017,0.705009014488669,0,0.206189000468295,16.0511284999886,-60.5287999680088,0.445686696369829,0.554313303630171,0.436158629071389,0.445686696369829,0,1.44832455955516e-05,0,0.437598623221013,0.167367360664002,2.21725321452068,0.705270198847525,0.000367850719008001,0.206267383240833,9,16.1158676986233,-60.4352015804116,0.446341393022457,0.553658606977544,0.437657654092588,0.167264447119133,2.21463442791017,1.38646418376819,0.705009014488669,0,0.206189000468295,0.0647391986347046,0,-0.0647391986347046,0.0647391986347046,BoundaryMix,0.000654696652627684,0,
179,0.430325605430434,0.426370747553861,4,0.23723131193952,0.528864896049447,1,1,1,29.6690459177745,-29.5911395085368,0.257658594652314,0.742341405347685,0.474838370958118,0.461965439056222,2.96936562139074,0.394406096306496,0.375000825869472,0,29.6690459177745,-29.5911395085368,0.257658594652314,0.742341405347685,0.274782120081621,0.259049765329392,0,3.83386791015669e-05,0,0.474838370958118,0.461965439056222,2.96936562139074,0.394406096306496,0.375000825869472,0,9,29.6690459177745,-29.5911395085368,0.257658594652314,0.742341405347685,0.474838370958118,0.461965439056222,2.96936562139074,1.45954806087791,0.394406096306496,0.375000825869472,0,0,0,0,0,Tie,0,0,
180,0.248334219082919,0.605139921810915,4,0.101724095817626,0.557732040060991,1,1,1,31.412777950907,13.5498629328942,0,1,0.248334219082919,0.605139921810915,4,0.133425515480039,0.73895989632406,0.00683242518929238,31.3764194098977,13.7877703831864,0.00617381951639179,0.993826180483608,0.00736834255769877,0.00617381951639173,0,0.000167766796025065,0,0.247412826290647,0.607913159592112,3.97530472193443,0.130962534975085,0.735491047141746,0.00609327204270792,9,30.8712802698658,12.1058590141288,0.0570682275694242,0.942931772430576,0.238982882538569,0.633285876529667,3.7717270897223,1.10984857316921,0.110658744993371,0.706895292878056,0,0.0363585410093066,0.541497681041154,0.505139140031847,0.505139140031847,S14,-0.00617381951639179,-0.0570682275694242,
181,0.174286723327719,0.104946811657106,4,0.178262498769811,0.241516859030458,1,1,1,48.7537286138604,6.68977676748835,0,1,0.174286723327719,0.104946811657106,4,0.167553450257502,0.529571424651362,1.06148745636181,47.91214593132,4.03706538422421,0.0638489990537109,0.936151000946289,0.0552193861835242,0.063848999053711,0,1.84350383834604e-05,0,0.171169949670238,0.100169776985098,3.74460400378516,0.142081562147941,0.493696947341007,1.05384321142859,9,34.626552989745,-11.9923663625621,0.419997137272356,0.580002862727644,0.151270873213082,0.0696707454148701,2.32001145091058,1.14459296160526,0,0.293589999808403,1.01120380217543,0.841582682540384,14.1271756241153,13.285592941575,13.285592941575,S14,-0.0638489990537109,-0.419997137272356,
182,0.272259914397708,0.388501352908511,4,0.153008810324997,0.491255910319342,1,1,1,83.384899982518,73.6738106794498,0.456226043119596,0.543773956880404,0.209069042318718,0.429373157964569,2.17509582752161,0.0617695575254859,0.398936165338902,0.0553308485055248,83.3849001186096,73.67376877382,0.456164844081534,0.543835155918466,0.442080072068723,0.456164844081534,0,1.98570472245387e-05,0,0.209086268248768,0.429362016246917,2.17534062367386,0.061793972239468,0.398970550897562,0.0553381754870525,9,77.1587922875543,66.1801895271169,0.611060439495285,0.388939560504715,0.141969456502884,0.472773115910693,1.55575824201886,3.12880226923084,0,0.311940235536312,0.0367934858604489,-1.36091543367911e-07,6.22610769496373,6.22610783105527,6.22610783105527,S14,6.11990380620653e-05,-0.154834396375689,
183,0.229975707658864,0.539851356720769,4,0.102004414859425,0.538757985381961,1,1,1,50.5340177963863,31.4954056171472,0,1,0.229975707658864,0.539851356720769,4,0.122408822959674,0.740259581755305,0.0358584371430214,50.4168500314971,31.6299520031619,0.0078774873591614,0.992122512640839,0.00731764222049682,0.00787748735916133,0,4.26910649511531e-05,0,0.22869880552963,0.542207258248154,3.96849005056335,0.119266182047978,0.735833502322311,0.0349153144046186,9,39.5307643106473,20.4920219606972,0.299509675476414,0.700490324523586,0.140601441914546,0.704748073826486,2.80196129809434,1.86362084468675,0.00292258113075651,0.571975768126967,0,0.117167764889146,11.0032534857389,10.8860857208498,10.8860857208498,S14,-0.0078774873591614,-0.299509675476414,
184,0.385958363327516,0.513280144373116,4,0.184064807845342,0.550766210228655,1,1,1,29.6586804362589,-29.5760941916786,0.0417358992541767,0.958264100745823,0.389392194722583,0.524031733935334,3.83305640298329,0.335459466506058,0.586661720334422,0,29.6586804362589,-29.5760941916786,0.0417358992541767,0.958264100745823,0.0361840870307397,0.043362443458004,0,7.63941502756615e-05,0,0.389392194722583,0.524031733935334,3.83305640298329,0.335459466506058,0.586661720334422,0,9,29.6586804362589,-29.5760941916786,0.0417358992541767,0.958264100745823,0.389392194722583,0.524031733935334,3.83305640298329,1.06541278609838,0.335459466506058,0.586661720334422,0,0,0,0,0,Tie,0,0,
185,0.232802848205009,0.0717611209193277,4,0.27424643829004,0.19020609900621,1,1,1,-178.561212050684,-281.378124949829,0.088019889475605,0.911980110524395,0.230946990835502,0.0666513034907605,3.64792044209758,0.803760433488443,0,1.51668560023214,-178.834540825277,-281.738422071294,0.0840659448813622,0.915934055118638,0.0964152622218682,0.0840659448813623,0,1.18336032510168e-05,0,0.231031824629394,0.0668848802761754,3.66373622047455,0.805337818189669,0.00222158056876138,1.51715898151264,9,-178.561212050684,-281.378124949829,0.088019889475605,0.911980110524395,0.230946990835502,0.0666513034907605,3.64792044209758,1.01843675999858,0.803760433488443,0,1.51668560023214,0.273328774592585,0,-0.273328774592585,0.273328774592585,BoundaryMix,0.00395394459424284,0,
186,0.21865857302207,0.220121932990308,4,0.168064901275252,0.380676748488611,1,1,1,90.8455650017912,79.7100418761456,0.475371408829771,0.524628591170229,0.169479795592858,0.164951159257087,2.09851436468092,0.047894714030926,0.344053116576122,0.319505527038589,90.8435728668921,79.6837021945498,0.476170800354675,0.523829199645325,0.463580880712076,0.476170800354675,0,2.47035321416009e-05,0,0.169361584763065,0.164818545489843,2.0953167985813,0.0475758051712748,0.343603966964581,0.319409820845783,9,85.1528653671851,73.4019960276759,0.595426488283836,0.404573511716164,0.149587256408008,0.142634891230166,1.61829404686466,1.60164038972896,0,0.276598445591464,0.305132076453207,0.00199213489906924,5.69269963460609,5.69070749970702,5.69070749970702,S14,-0.000799391524904436,-0.120055079454065,
187,0.5460609470518,0.400268227805296,4,0.325467481758231,0.536784692036105,1,1,1,0.561114808554613,-62.3729540292285,0.0402538662414518,0.959746133758548,0.556353663482883,0.402754454950239,3.83898453503419,0.725812255036552,0.357292419994624,0,0.561114808554613,-62.3729540292285,0.0402538662414518,0.959746133758548,0.0317840017169943,0.0417860218908785,0,4.37509718029858e-05,0,0.556353663482883,0.402754454950239,3.83898453503419,0.725812255036552,0.357292419994624,0,9,0.561114808554613,-62.3729540292285,0.0402538662414518,0.959746133758548,0.556353663482883,0.402754454950239,3.83898453503419,1.04841412462332,0.725812255036552,0.357292419994624,0,0,0,0,0,Tie,0,0,
188,0.416748974984733,0.162536481197843,4,0.404911407754179,0.355319337462536,1,1,1,-40.6196156820309,-182.673902041666,0.050340144748141,0.949659855251859,0.418748930618496,0.158060925245847,3.79863942100744,1.1949023095174,0,0.400942894042825,-40.6534066657631,-182.79953588547,0.0498137728352138,0.950186227164786,0.0627224224737908,0.0498137728352135,0,9.76376717101332e-06,0,0.418727521678619,0.158108834762774,3.80074490865915,1.19511230006806,0.000295749620620407,0.401005913289611,9,-40.6196156820309,-182.673902041666,0.050340144748141,0.949659855251859,0.418748930618496,0.158060925245847,3.79863942100744,1.02401327548654,1.1949023095174,0,0.400942894042825,0.0337909837321178,0,-0.0337909837321178,0.0337909837321178,BoundaryMix,0.00052637191292719,0,
189,0.320239362312755,0.125667160755493,4,0.331208387566174,0.292436067547476,1,1,1,-74.2102212994171,-254.252041152059,0.185855068565102,0.814144931434898,0.319290647231404,0.109651179982675,3.25657972573959,0.92561099156775,0,0.668939877971738,-74.3841276015314,-254.573801765204,0.18378524291143,0.81621475708857,0.17712962089809,0.18378524291143,0,1.31382368915021e-05,0,0.319301961802543,0.109842189862648,3.26485902835428,0.92643672679051,0.00116296127659915,0.669187685368882,9,-74.2102212994171,-254.252041152059,0.185855068565102,0.814144931434898,0.319290647231404,0.109651179982675,3.25657972573959,1.0717408467957,0.92561099156775,0,0.668939877971738,0.173906302114347,0,-0.173906302114347,0.173906302114347,BoundaryMix,0.00206982565367247,0,
190,0.208864925710025,0.593921705423217,4,0.0860470959413846,0.550531809194908,1,1,1,31.0345196656317,14.9257868043343,0,1,0.208864925710025,0.593921705423217,4,0.0865862006126211,0.764271718457752,0.0199654664897039,31.0215627917024,14.9001614134203,0.000419793262968685,0.999580206737031,0.000620500792832291,0.00041979326296859,0,8.23674691348811e-05,0,0.208775827518497,0.594096905295126,3.99832082694812,0.0864187284958775,0.764035851582615,0.0199152072441244,9,24.8050221430739,4.51513384392749,0.166762716546061,0.833237283453938,0.159476432368459,0.691037680044514,3.33294913381575,1.39638069830044,0.0200579649368455,0.670573690616903,0,0.012956873929248,6.22949752255776,6.21654064862852,6.21654064862852,S14,-0.000419793262968685,-0.166762716546061,
191,0.22556469840621,0.122310849556846,4,0.224632429018927,0.274061999538376,1,1,1,29.5077006355968,0.675426592798729,0.715480121948706,0.284519878051294,0.189443067873798,0.0464499258922891,1.13807951220518,0.170112862526252,0,0.738678424987948,29.3860677121386,0.554543661744333,0.712590006668376,0.287409993331624,0.715453460657197,0.712590006668376,0,1.72458017363272e-05,0,0.18963756154581,0.0468583922153274,1.1496399733265,0.171265843687043,0.0016238527868117,0.739024440578099,9,29.5077006355968,0.675426592798729,0.715480121948706,0.284519878051294,0.189443067873798,0.0464499258922891,1.13807951220518,1.33477304833273,0.170112862526252,0,0.738678424987948,0.121632923458268,0,-0.121632923458268,0.121632923458268,BoundaryMix,0.00289011528032934,0,
192,0.254532605147928,0.543318651554916,4,0.112990533299467,0.542669943400306,1,1,1,53.9439199290541,36.9959499098583,0.0567838178349346,0.943216182165065,0.246876407054062,0.562175559674813,3.77286472866026,0.132434897368014,0.690454265431655,0.0212386367514968,53.9367460499217,37.1522964111867,0.064843950171382,0.935156049828618,0.0663107269580831,0.064843950171382,0,8.87378767539699e-05,0,0.245667597360007,0.565152809356153,3.74062419931447,0.129219392159396,0.685925564294475,0.020273647061961,9,50.3784288401852,39.9835932724239,0.234180762816967,0.765819237183033,0.209229657846947,0.654897989542475,3.06327694873213,1.57395666703026,0.0616642478585513,0.590781243583172,0,0.0071738791323952,3.56549108886885,3.55831720973646,3.55831720973646,S14,-0.00806013233644735,-0.177396944982032,
193,0.142134163137866,0.660756658307254,4,0.0534097432002983,0.558658073349017,1,1,1,-4.99298641607007,-35.1286653556986,0,1,0.142134163137866,0.660756658307254,4,0.00502804462351136,0.813776306321218,0.0125648878104989,-4.99298606190753,-35.1286647693127,1.1725143710357e-16,1,1.14787811876947e-17,4.14397495614858e-17,0,9.33854185043723e-05,0,0.142134163137866,0.660756658307254,4,0.00502804462351126,0.813776306321218,0.0125648878104989,9,-5.51528221612426,-35.835638825052,0.0126035264848738,0.987396473515126,0.137455872127779,0.668381657891502,3.9495858940605,1.02445150147806,0,0.806694833915805,0.011055945698631,-3.54162537519187e-07,0.522295800054192,0.522296154216729,0.522296154216729,S14,-1.1725143710357e-16,-0.0126035264848738,
194,0.390018289884121,0.373725196847316,4,0.23268470199243,0.501669565760527,1,1,1,63.311816016643,28.4771093263102,0.648475830027664,0.351524169972336,0.518638185620538,0.430150180231829,1.40609667988934,0.22654833130374,0.154075500425482,0,63.311816016643,28.4771093263102,0.648475830027664,0.351524169972336,0.641219052912712,0.651004885747707,0,5.84537139385724e-05,0,0.518638185620538,0.430150180231829,1.40609667988934,0.22654833130374,0.154075500425482,0,9,63.311816016643,28.4771093263102,0.648475830027664,0.351524169972336,0.518638185620538,0.430150180231829,1.40609667988934,3.27425529450763,0.22654833130374,0.154075500425482,0,0,0,0,0,Tie,0,0,
195,0.235766550687177,0.3444149999036,4,0.14157077542824,0.465324582908588,1,1,1,79.0558178899923,67.7949293923907,0.313724276567648,0.686275723432352,0.191939687500663,0.342396352192714,2.74510289372941,0.0694570454590557,0.498397036894361,0.126153360022792,79.0557989217003,67.7952119856952,0.313788673148712,0.686211326851288,0.31414244812098,0.313788673148712,0,5.98746383778114e-05,0,0.191926654527533,0.342395751899207,2.74484530740515,0.0694313551188496,0.498360854750232,0.126145650219258,9,72.876682187195,57.7333636389747,0.487828481592177,0.512171518407823,0.145027703510129,0.340235605057044,2.04868607363129,1.9287781537854,0,0.40057408829127,0.105308942618656,1.8968292010868e-05,6.1791357027973,6.17911673450529,6.17911673450529,S14,-6.43965810644964e-05,-0.174104205024529,
196,0.249856148343452,0.504574017747129,4,0.116821045312712,0.530809208853708,1,1,1,61.4765067620205,43.630374067586,0.0935963598849168,0.906403640115083,0.23676825563438,0.528940877215683,3.62561456046033,0.121511191512325,0.664260414557351,0.0351556638698776,61.4741764314875,43.6841390008903,0.0972087320751234,0.902791267924877,0.0985824498415045,0.0972087320751234,0,6.7353388653353e-05,0,0.236180501495993,0.530035149824,3.61116507169951,0.120070073537059,0.662230751350491,0.0347231769363129,9,51.3557686919965,34.7709643111822,0.387236080847327,0.612763919152673,0.14345051656238,0.702678566271957,2.45105567661069,2.27268181992667,0.00436670643456839,0.499274719194709,0,0.00233033053302734,10.120738070024,10.118407739491,10.118407739491,S14,-0.00361237219020659,-0.29363972096241,
197,0.156130574515791,0.46720773614713,4,0.0752959793988676,0.506963126321089,1,1,1,28.2556977258949,-12.6148810347778,0,1,0.156130574515791,0.46720773614713,4,0.0221632203292926,0.789084479358184,0.0937698415663766,28.2556977258949,-12.6148810347778,0,1,-4.48797364335294e-17,-6.8562540346762e-17,0,7.71177258569856e-05,0,0.156130574515791,0.46720773614713,4,0.0221632203292926,0.789084479358184,0.0937698415663766,9,25.4257522624238,-16.700121654037,0.0555553411567103,0.94444465884329,0.141878503535791,0.47671481186746,3.77777863537316,1.08036897933623,0,0.757869912875805,0.0871185448907075,0,2.82994546347111,2.82994546347111,2.82994546347111,S14,0,-0.0555553411567103,
198,0.508117736299526,0.385864044861408,4,0.3072921159882,0.525053906420806,1,1,1,15.1486931195398,-32.2706607162059,0.217646330471088,0.782353669528912,0.563481881057186,0.397576668495411,3.12941467811565,0.609540903183362,0.280689838745219,0,15.1486931195398,-32.2706607162059,0.217646330471088,0.782353669528912,0.225694808885676,0.219564428355497,0,5.58537968021698e-05,0,0.563481881057186,0.397576668495411,3.12941467811565,0.609540903183362,0.280689838745219,0,9,15.1486931195398,-32.2706607162059,0.217646330471088,0.782353669528912,0.563481881057186,0.397576668495411,3.12941467811565,1.31699296100624,0.609540903183362,0.280689838745219,0,0,0,0,0,Tie,0,0,
199,0.143837565045275,0.634095080229992,4,0.0557430765657346,0.552911361098214,1,1,1,2.00465324377182,-29.3783711756624,0,1,0.143837565045275,0.634095080229992,4,0.0065058104888236,0.811415641112695,0.0208567220647498,2.00465324377182,-29.3783711756624,0,1,7.14281091925854e-17,-7.60146338998197e-17,0,0.000175548058153613,0,0.143837565045275,0.634095080229992,4,0.0065058104888236,0.811415641112695,0.0208567220647498,9,1.28683352714104,-30.6198326729645,0.0163077619514435,0.983692238048556,0.138046042655731,0.642805001536194,3.93476895219423,1.03054181688546,0,0.80225289079898,0.0189042947985887,0,0.717819716630788,0.717819716630788,0.717819716630788,S14,0,-0.0163077619514435,
200,0.174158798320073,0.544337512724211,4,0.0758553441129269,0.533447330333061,1,1,1,28.9577738405748,-1.41484807884258,0,1,0.174158798320073,0.544337512724211,4,0.0458745938787418,0.783220391837994,0.0483891394762792,28.9577738405748,-1.41484807884258,0,1,-1.14347793949452e-17,-8.33540759470262e-18,0,8.81880872091801e-05,0,0.174158798320073,0.544337512724211,4,0.0458745938787418,0.783220391837994,0.0483891394762792,9,23.5565695402075,-10.1432211732645,0.114991353941044,0.885008646058956,0.139332337469051,0.587059892531747,3.54003458423582,1.21861531735353,0,0.718610847773336,0.0346219373626013,0,5.40120430036729,5.40120430036729,5.40120430036729,S14,0,-0.114991353941044,
201,0.582049176409532,0.339405749576938,4,0.394023875126929,0.516969083962386,1,1,1,29.8889311468685,-23.980655394043,0.212920493268981,0.787079506731019,0.646985010339736,0.336921761819505,3.14831802692408,0.865150835401784,0.133570406795645,0,29.8889311468685,-23.980655394043,0.212920493268981,0.787079506731019,0.217939674820976,0.2151023697765,0,3.4933945392672e-05,0,0.646985010339736,0.336921761819505,3.14831802692408,0.865150835401784,0.133570406795645,0,9,29.8889311468685,-23.980655394043,0.212920493268981,0.787079506731019,0.646985010339736,0.336921761819505,3.14831802692408,1.26122120279343,0.865150835401784,0.133570406795645,0,0,0,0,0,Tie,0,0,
202,0.524046188650412,0.400716064574068,4,0.31006355022914,0.533458230762521,1,1,1,5.34007265979526,-50.0966253591141,0.10294079101938,0.89705920898062,0.549598469873209,0.407661284688153,3.58823683592248,0.659454342265484,0.345149684374807,0,5.34007265979526,-50.0966253591141,0.10294079101938,0.89705920898062,0.113422553356566,0.10442338087499,0,4.23200313719699e-05,0,0.549598469873209,0.407661284688153,3.58823683592248,0.659454342265484,0.345149684374807,0,9,5.34007265979526,-50.0966253591141,0.10294079101938,0.89705920898062,0.549598469873209,0.407661284688153,3.58823683592248,1.13407455492464,0.659454342265484,0.345149684374807,0,0,0,0,0,Tie,0,0,
203,0.337906277780533,0.348790490357144,4,0.207633323957737,0.482223032508037,1,1,1,96.3543536472926,91.6194259109582,0.945808640361641,0.0541913596383594,0.414938639294172,0.346633612205166,0.216765438553437,0.0311543723318249,0.0251170327059572,0.00480826958830054,95.2077870128978,91.1023182147387,0.911760167479309,0.0882398325206908,0.906786941193937,0.911760167479309,0,5.64342268767779e-05,0,0.383626987607054,0.347510327083164,0.352959330082763,0.0447376532667474,0.0442476563018249,0.00888468222079694,9,94.2008197238198,90.8980094822298,0.985969990903804,0.0140300090961962,0.642382014988593,0.340265280270274,0.0561200363847849,69.533653488128,0.0151324230060686,0.00255180098531472,0,1.14656663439486,2.15353392347279,1.00696728907793,1.00696728907793,S14,0.0340484728823315,-0.0401613505421631,
204,0.669536248925089,0.286505126444473,4,0.525230586978522,0.505697527126946,1,1,1,36.8866471206735,-38.0558892753679,0,1,0.669536248925089,0.286505126444473,4,1.34770259253131,0.0187799309455067,0.0230022113537932,36.5494196592466,-38.3918988253461,0.0132650770569973,0.986734922943003,0.0293581950265372,0.0132650770569973,0,1.84496179606131e-05,0,0.673237191533053,0.285817849729829,3.94693969177201,1.34241062924968,0.0113267568479608,0.0214140658920846,9,35.9821593736777,-38.9042001951408,0.0334243139710439,0.966575686028956,0.679020319927204,0.284743904547716,3.86630274411582,1.02822029665448,1.33436831324381,0,0.0190005253993317,0.337227461426863,0.904487746995727,0.567260285568864,0.567260285568864,S14,-0.0132650770569973,-0.0334243139710439,
205,0.256827409673459,0.343846666747404,4,0.155358613789677,0.46799509652219,1,1,1,85.2483588586835,77.4106787472842,0.473435610883944,0.526564389116056,0.18979987595627,0.339413900188193,2.10625755646423,0.0512327588990721,0.383228967970152,0.0990080651308676,85.2481369286508,77.4115273118051,0.473032900710273,0.526967099289727,0.492076017713478,0.473032900710273,0,2.91807758737989e-05,0,0.189906676942058,0.339420963313032,2.10786839715891,0.0513934158966185,0.383455236466168,0.0990562791240431,9,80.6629380757808,70.4783878271245,0.601857986186309,0.398142013813691,0.145114853478144,0.336458722482053,1.59256805525476,2.45770053579972,0,0.31107301161677,0.0836328500724144,0.000221930032694218,4.58542078290267,4.58519885286998,4.58519885286998,S14,0.000402710173670329,-0.128422375302365,
206,0.468046900423674,0.307222594857983,4,0.325565154911105,0.48082187082605,1,1,1,48.0279243516856,13.6519583131079,0.611763851262661,0.38823614873734,0.625188388594863,0.25854206399633,1.55294459494936,0.52996195512784,0,0.0273928499435575,47.9312532984637,13.5214306907112,0.610723996939909,0.389276003060091,0.611906069327699,0.610723996939909,0,3.51138882982652e-05,0,0.624610557959446,0.25872106893263,1.55710401224037,0.530376794097158,0.00058425708876435,0.027517345256809,9,48.0279243516856,13.6519583131079,0.611763851262661,0.38823614873734,0.625188388594863,0.25854206399633,1.55294459494936,2.16761470414881,0.52996195512784,0,0.0273928499435575,0.0966710532218329,0,-0.0966710532218329,0.0966710532218329,BoundaryMix,0.001039854322752,0,
207,0.300344996051691,0.298826617920053,4,0.20072413257923,0.44934611043876,1,1,1,94.3096992044183,88.0660112293488,0.955465863763649,0.0445341362363506,0.151188436774794,0.0732433542683937,0.178136544945402,0,0.0232963192879573,0.0734421106276605,93.2537657335287,87.7131898950377,0.921075214736424,0.0789247852635762,0.923743392410315,0.921075214736424,0,4.7281793904462e-05,0,0.176614442677273,0.111697455254055,0.315699141054305,0.0137197885169626,0.0426191994662003,0.0775594898892449,9,94.3096992044183,88.0660112293488,0.955465863763649,0.0445341362363506,0.151188436774794,0.0732433542683937,0.178136544945402,5.50371469031425,0,0.0232963192879573,0.0734421106276605,1.05593347088964,0,-1.05593347088964,1.05593347088964,BoundaryMix,0.0343906490272256,0,
208,0.569998330392324,0.387036083659236,4,0.350528962279533,0.535530608522945,1,1,1,2.07559170639874,-66.909709510941,0.0242659732300197,0.97573402676998,0.576541299411053,0.388090583263622,3.90293610707992,0.8026097508313,0.325021903343903,0,2.07559170639874,-66.909709510941,0.0242659732300197,0.97573402676998,0.0141259352916127,0.0255370283091914,0,1.71665260526084e-05,0,0.576541299411053,0.388090583263622,3.90293610707992,0.8026097508313,0.325021903343903,0,9,2.07559170639874,-66.909709510941,0.0242659732300197,0.97573402676998,0.576541299411053,0.388090583263622,3.90293610707992,1.0276617639984,0.8026097508313,0.325021903343903,0,0,0,0,0,Tie,0,0,
209,0.188190433068895,0.267636886444998,4,0.129002221629638,0.412789018290902,1,1,1,69.403566847033,52.5796662609913,0.0181228134630568,0.981877186536943,0.186142494424511,0.266491097417395,3.92750874614777,0.107156242563473,0.688997141412777,0.289057340741927,69.0341339873318,51.1735786230637,0.049134928871868,0.950865071128132,0.0547449158278025,0.0491349288718681,0,3.85092105808167e-05,0,0.182500767744149,0.264453609388477,3.80346028451253,0.0947842845775767,0.671572538880737,0.285344452370992,9,58.8627444878634,35.7519566071551,0.286725549177272,0.713274450822728,0.147231660181231,0.244721105892937,2.85309780329091,1.28194321953756,0,0.53807883586858,0.25689919994153,0.369432859701249,10.5408223591697,10.1713894994684,10.1713894994684,S14,-0.0310121154088112,-0.268602735714216,
210,0.232150942981804,0.221405642851862,4,0.178833317215472,0.38375070274939,1,1,1,95.4123995586842,88.98326384415,0.650724806497342,0.349275193502658,0.160893006640785,0.13172238531362,1.39710077401063,0.0216285435517312,0.221851705951455,0.286635506101769,95.3959924111539,89.0858154602743,0.647474438304353,0.352525561695647,0.655107456367619,0.647474438304353,0,3.06319421618474e-05,0,0.161497161816171,0.132482758220407,1.41010224678259,0.0229252438313557,0.223677972012284,0.287024652540376,9,93.1108372387415,86.1307113536355,0.704939902403377,0.295060097596623,0.150151016237248,0.118202814844679,1.18024039038649,1.80937527647346,0,0.191390175515814,0.280144668683388,0.0164071475303018,2.30156231994266,2.28515517241236,2.28515517241236,S14,0.00325036819298896,-0.0542150959060355,
211,0.237211198550301,0.556844103322912,4,0.103048979556273,0.54428285082067,1,1,1,47.939486492155,29.966705518464,0,1,0.237211198550301,0.556844103322912,4,0.128781147731559,0.738079817103106,0.0270279151693286,47.7604329417838,30.2931181698499,0.0168340874923431,0.983165912507657,0.0203687417229752,0.0168340874923432,0,0.0001090452594191,0,0.234553887029693,0.562584562092678,3.93266365003063,0.122065365191714,0.728621343223561,0.0250124742082174,9,41.4418787265018,27.7391758417638,0.225752228656321,0.77424777134368,0.183002244709526,0.673949027627741,3.09699108537472,1.5631960970817,0.038719665264458,0.611237684497698,0,0.179053550371265,6.4976077656532,6.31855421528194,6.31855421528194,S14,-0.0168340874923431,-0.225752228656321,
212,0.28669543690496,0.177263818459809,4,0.2518310107084,0.350341065260885,1,1,1,17.4624412301082,-46.4766097556506,0.707130222363154,0.292869777636846,0.26047359893531,0.0810229126510965,1.17147911054738,0.291972776182152,0,0.375599282508131,17.4537666586931,-46.4918501560092,0.707025265978891,0.292974734021109,0.711759244909291,0.707025265978891,0,1.8512718808721e-06,0,0.260479672583676,0.0810452045064925,1.17189893608444,0.292014647430189,5.89712521986927e-05,0.37561184828552,9,17.4624412301082,-46.4766097556506,0.707130222363154,0.292869777636846,0.26047359893531,0.0810229126510965,1.17147911054738,1.56067758752873,0.291972776182152,0,0.375599282508131,0.00867457141503891,0,-0.00867457141503891,0.00867457141503891,BoundaryMix,0.000104956384263111,0,
213,0.285198495553016,0.58779806507148,4,0.120296567976587,0.55784902352693,1,1,1,37.1687928890805,14.1096566582764,0.0327907317218566,0.967209268278143,0.282376401361258,0.601765742408425,3.86883707311257,0.170056611533504,0.691692004266669,0,37.0141574965558,13.6546847251163,0.0220479370237216,0.977952062976278,0.0182975614945564,0.0220479370237215,0,8.52976018104666e-05,0,0.283336632680456,0.597013172039034,3.91180825190511,0.174342336738134,0.697727997788257,0.0012861682274895,9,37.1687928890805,14.1096566582764,0.0327907317218566,0.967209268278143,0.282376401361258,0.601765742408425,3.86883707311257,1.0584707442561,0.170056611533504,0.691692004266669,0,0.154635392524668,0,-0.154635392524668,0.154635392524668,BoundaryMix,0.010742794698135,0,
214,0.248719213840199,0.210112176265095,4,0.198028490419123,0.376402136347091,1,1,1,88.5162356420151,82.0119596197447,0.886390908005225,0.113609091994775,0.151697084915874,0.0511996938448225,0.454436367979098,0,0.0432863953165451,0.27733152259853,88.3846801498754,82.0774043328307,0.878394741482313,0.121605258517687,0.879166714888167,0.878394741482313,0,9.18652294117754e-06,0,0.153555180273964,0.054243067034025,0.486421034070749,0.00318998671859696,0.0477791563425205,0.278288854057659,9,88.5162356420151,82.0119596197447,0.886390908005225,0.113609091994775,0.151697084915874,0.0511996938448225,0.454436367979098,2.144880269437,0,0.0432863953165451,0.27733152259853,0.131555492139711,0,-0.131555492139711,0.131555492139711,BoundaryMix,0.00799616652291268,0,
215,0.170538836967656,0.274824931182099,4,0.114516667629206,0.415225532699802,1,1,1,54.1928624620827,24.6009329392321,0,1,0.170538836967656,0.274824931182099,4,0.0644450455257488,0.729334637157947,0.287579226039939,54.0638079297228,24.4090608976672,0.00297356728678617,0.997026432713214,0.00395186779235472,0.00297356728678619,0,4.84093831485136e-05,0,0.170156347249251,0.274650994132299,3.98810573085286,0.0632587720627686,0.727663895662518,0.287223219258275,9,45.7509002382951,13.7434203547063,0.161540896893523,0.838459103106477,0.146786266545322,0.264023459075501,3.35383641242591,1.14578862004488,0,0.638570563700411,0.268238935653427,0.129054532359902,8.44196222378762,8.31290769142772,8.31290769142772,S14,-0.00297356728678617,-0.161540896893523,
216,0.410674027103365,0.269855195457753,4,0.303253110549656,0.448354289641725,1,1,1,42.3590421011281,5.71664081279393,0.643936734462785,0.356063265537215,0.487278107072413,0.191416417239585,1.42425306214886,0.465065544637742,0,0.0941903068229771,42.2743139690929,5.60938826144172,0.642987813622732,0.357012186377268,0.639018378478237,0.642987813622732,0,3.31019655167544e-05,0,0.487053550683045,0.191646351843985,1.42804874550907,0.465444106648438,0.000533164805249047,0.0943039152339329,9,42.3590421011281,5.71664081279393,0.643936734462785,0.356063265537215,0.487278107072413,0.191416417239585,1.42425306214886,1.99214629865632,0.465065544637742,0,0.0941903068229771,0.0847281320352522,0,-0.0847281320352522,0.0847281320352522,BoundaryMix,0.000948920840053491,0,
217,0.373064819999467,0.293897359639559,4,0.258147821325888,0.457575085584607,1,1,1,61.384064355477,31.9457033367241,0.807623218703103,0.192376781296896,0.457324228503016,0.176836840940798,0.769507125187586,0.247670102108703,0,0.0627397929978059,61.3213168905125,31.8395398094139,0.806946490910438,0.193053509089562,0.805432081840828,0.806946490910438,0,2.58160388775776e-05,0,0.457103796605025,0.177143084157726,0.772214036358249,0.247940075559672,0.000380229231516357,0.0628208134221967,9,61.384064355477,31.9457033367241,0.807623218703103,0.192376781296896,0.457324228503016,0.176836840940798,0.769507125187586,3.12769509750594,0.247670102108703,0,0.0627397929978059,0.0627474649645379,0,-0.0627474649645379,0.0627474649645379,BoundaryMix,0.00067672779266581,0,
218,0.302443383401711,0.564105589328334,4,0.132008220231626,0.553987300277074,1,1,1,46.9447933527602,27.5206823926561,0.0661810315311879,0.933818968468812,0.298726609745371,0.589889296912421,3.73527587387525,0.186270640449249,0.654767624115308,0,46.8240378459359,27.3327864746139,0.0616618954401686,0.938338104559831,0.0680437519174583,0.0616618954401686,0,0.000134998695382325,0,0.299008510742895,0.587933715658385,3.75335241823933,0.188073502366716,0.657306765645519,0.000541048155465453,9,46.9447933527602,27.5206823926561,0.0661810315311879,0.933818968468812,0.298726609745371,0.589889296912421,3.73527587387525,1.11981794310479,0.186270640449249,0.654767624115308,0,0.120755506824338,0,-0.120755506824338,0.120755506824338,BoundaryMix,0.00451913609101928,0,
219,0.223858512064049,0.571227257589462,4,0.0951879547150257,0.546512152290543,1,1,1,41.214812623193,24.6766147897665,0,1,0.223858512064049,0.571227257589462,4,0.108718343813638,0.750337982759561,0.0247596374528811,41.1041338845127,24.7679424333286,0.00474093895580029,0.9952590610442,0.00512483242064468,0.00474093895580033,0,0.000143296160774452,0,0.22300114196841,0.5729662649188,3.9810362441768,0.106826995970975,0.74767421810357,0.0241920342151057,9,33.988781427691,17.3059345874172,0.206806307504378,0.793193692495622,0.167753418270164,0.685025452577841,3.17277476998249,1.51188421766045,0.0262151377622543,0.634140888111872,0,0.110678738680342,7.226031195502,7.11535245682165,7.11535245682165,S14,-0.00474093895580029,-0.206806307504378,
220,0.198080290162764,0.623796399552927,4,0.078530086818012,0.556442375413296,1,1,1,18.9471729606402,-3.18080983065006,0,1,0.198080290162764,0.623796399552927,4,0.0704974225042631,0.775174513162915,0.0121677665040786,18.9471729606402,-3.18080983064938,3.7259593587493e-16,1,1.8558923410236e-16,3.19284895318013e-16,0,0.000103064478368647,0,0.198080290162763,0.623796399552927,4,0.0704974225042629,0.775174513162915,0.0121677665040785,9,15.3624402386696,-9.04648132053676,0.101631975269135,0.898368024730866,0.168019117830456,0.684832454037884,3.59347209892346,1.22204495836767,0.0299524125467645,0.718071127912786,0,5.6843418860808e-14,3.58473272197064,3.58473272197058,3.58473272197058,S14,-3.7259593587493e-16,-0.101631975269135,
221,0.509521680277602,0.430928480768171,4,0.284963461722201,0.542268311383405,1,1,1,-1.45206846182639,-52.2673202719889,0.0219315707116194,0.978068429288381,0.514423274344574,0.433211802619964,3.91227371715352,0.618981014676214,0.435404072443212,0,-1.45206846182639,-52.2673202719889,0.0219315707116194,0.978068429288381,0.0193511744133409,0.0230308453270081,0,3.31251721439582e-05,0,0.514423274344574,0.433211802619964,3.91227371715352,0.618981014676214,0.435404072443212,0,9,-1.45206846182639,-52.2673202719889,0.0219315707116194,0.978068429288381,0.514423274344574,0.433211802619964,3.91227371715352,1.02784077233345,0.618981014676214,0.435404072443212,0,0,0,0,0,Tie,0,0,
222,0.153674555266383,0.455288620127039,4,0.0753665527627287,0.502395799624001,1,1,1,27.7789900716668,-14.3558242832012,0,1,0.153674555266383,0.455288620127039,4,0.0183171028983208,0.789870325019715,0.102052368757335,27.7789900716668,-14.3558242832012,0,1,-1.37909510910264e-16,-1.51547006203542e-16,0,9.53991326289862e-05,0,0.153674555266383,0.455288620127039,4,0.0183171028983208,0.789870325019715,0.102052368757335,9,25.4176233207622,-17.712500524347,0.045914487398468,0.954085512601532,0.142216474983391,0.462067893453626,3.81634205040613,1.06373070673769,0,0.764072610712443,0.0965553117500342,0,2.36136675090456,2.36136675090456,2.36136675090456,S14,0,-0.045914487398468,
223,0.658127324571972,0.293120701096129,4,0.506135594582903,0.507207850651474,1,1,1,61.0972758608774,11.5256883717894,0.0950068962847568,0.904993103715243,0.686287839281074,0.288281254566585,3.61997241486097,1.25104694068184,0,0.0122127022639184,60.5636356100401,11.8844422643357,0.0827038191650867,0.917296180834913,0.0857957811534416,0.0827038191650868,0,2.00401356024713e-05,0,0.682368860151255,0.288954739769007,3.66918472333965,1.25595512418417,0.00691266061361254,0.0136856734354163,9,61.0972758608774,11.5256883717894,0.0950068962847568,0.904993103715243,0.686287839281074,0.288281254566585,3.61997241486097,1.08673747338261,1.25104694068184,0,0.0122127022639184,0.533640250837273,0,-0.533640250837273,0.533640250837273,BoundaryMix,0.0123030771196702,0,
224,0.149025814124517,0.514909524867271,4,0.0671222243421366,0.521817068445095,1,1,1,20.2200901495117,-21.7827860683991,0,1,0.149025814124517,0.514909524867271,4,0.0115056879990113,0.799808810152244,0.0690857712419174,20.2200901495117,-21.7827860683991,0,1,-7.07728374597603e-18,-5.63996463073134e-18,0,8.44018497225412e-05,0,0.149025814124517,0.514909524867271,4,0.0115056879990113,0.799808810152244,0.0690857712419174,9,18.7701149293134,-23.926071149834,0.0288406834625437,0.971159316537456,0.140826908345926,0.522288569827573,3.88463726614983,1.04445351343992,0,0.783604257851873,0.0656328549598027,0,1.44997522019836,1.44997522019836,1.44997522019836,S14,0,-0.0288406834625437,
225,0.241393471740459,0.074239925643376,4,0.283318009146995,0.196050839763444,1,1,1,-196.029792057887,-308.693167271193,0.050645242392324,0.949354757607677,0.240390518729199,0.0712477912256256,3.79741903043071,0.876616307122957,0,1.44742780369848,-196.169807488292,-308.888316790366,0.0488206307757708,0.95117936922423,0.080478299920079,0.0488206307757708,0,1.07508605822766e-05,0,0.240427031711341,0.0713567213044397,3.80471747689692,0.877344216779006,0.00102518424733934,1.44764625313875,9,-196.029792057887,-308.693167271193,0.050645242392324,0.949354757607677,0.240390518729199,0.0712477912256256,3.79741903043071,1.01089336438324,0.876616307122957,0,1.44742780369848,0.140015430405612,0,-0.140015430405612,0.140015430405612,BoundaryMix,0.00182461161655316,0,
226,0.356095323404956,0.217069648524435,4,0.291127039500509,0.399298698888149,1,1,1,24.2473219071982,-22.5060437191591,0.619146540982475,0.380853459017525,0.370274444924872,0.134466736564161,1.5234138360701,0.460840637149843,0,0.221258242488646,24.1954714539523,-22.5684828329175,0.618562578555527,0.381437421444473,0.622764853187494,0.618562578555527,0,1.3057329623537e-05,0,0.370252705798748,0.134593381583656,1.52574968577789,0.461073602831685,0.000328107678212088,0.221328156690741,9,24.2473219071982,-22.5060437191591,0.619146540982475,0.380853459017525,0.370274444924872,0.134466736564161,1.5234138360701,1.62651419386135,0.460840637149843,0,0.221258242488646,0.0518504532458977,0,-0.0518504532458977,0.0518504532458977,BoundaryMix,0.000583962426948692,0,
227,0.41319980934556,0.352191946224127,4,0.258253765300487,0.495277373968603,1,1,1,60.2686293323985,29.9246148975508,0.709682220702043,0.290317779297957,0.614569123588185,0.360467976226381,1.16127111719183,0.279327773806783,0.0727703705485794,0,60.2486191394091,29.891516016107,0.709465972134692,0.290534027865308,0.728266898593565,0.709465972134692,0,3.95064272101786e-05,0,0.614352970141809,0.360459092586816,1.16213611146123,0.279414043903308,0.0728918729125601,2.58901007030392e-05,9,60.2686293323985,29.9246148975508,0.709682220702043,0.290317779297957,0.614569123588185,0.360467976226381,1.16127111719183,3.52544249097561,0.279327773806783,0.0727703705485794,0,0.0200101929894174,0,-0.0200101929894174,0.0200101929894174,BoundaryMix,0.000216248567350807,0,
228,0.381918908258886,0.243131998342463,4,0.296420425947185,0.424582025506114,1,1,1,34.7964121254825,-6.74534259747477,0.636110945976622,0.363889054023378,0.420497144132555,0.158911840503974,1.45555621609351,0.458396130253342,0,0.151869656867079,34.7645794784308,-6.78477686754513,0.635750477156907,0.364249522843093,0.634629826848138,0.635750477156907,0,9.18657663274035e-06,0,0.420457895326369,0.158997524584054,1.45699809137237,0.45853993550603,0.000202534584497848,0.151912813564749,9,34.7964121254825,-6.74534259747477,0.636110945976622,0.363889054023378,0.420497144132555,0.158911840503974,1.45555621609351,1.79616051903315,0.458396130253342,0,0.151869656867079,0.0318326470516794,0,-0.0318326470516794,0.0318326470516794,BoundaryMix,0.000360468819714632,0,
229,0.190136007063538,0.596094433900932,4,0.0778220434383628,0.548953863084076,1,1,1,25.2557124970721,6.59662108787026,0,1,0.190136007063538,0.596094433900932,4,0.0631480770418038,0.777463534140801,0.0236059534300156,25.2557124970721,6.59662108787026,0,1,0,0,0,0.000160077176862903,0,0.190136007063538,0.596094433900932,4,0.0631480770418038,0.777463534140801,0.0236059534300156,9,18.6128121543786,-4.89052427269104,0.158289856407325,0.841710143592675,0.137009768552684,0.687714778233272,3.3668405743707,1.37066312601358,0,0.68852610448169,0.00465488997161013,0,6.64290034269342,6.64290034269342,6.64290034269342,S14,0,-0.158289856407325,
230,0.247374088971049,0.213921745625489,4,0.195077945867541,0.379569596374669,1,1,1,90.2688623803052,84.358505737206,0.859735305576203,0.140264694423797,0.151414379326889,0.0634515148977594,0.561058777695186,0,0.0662299724795129,0.271130425773417,90.2213766299034,84.4038751525165,0.85592265451428,0.14407734548572,0.872310943629563,0.85592265451428,0,1.1903378988137e-05,0,0.152309843951286,0.0648556538758904,0.576309381942879,0.00152101712931173,0.0683721652474559,0.271586890855003,9,90.2688623803052,84.358505737206,0.859735305576203,0.140264694423797,0.151414379326889,0.0634515148977594,0.561058777695186,2.11465094874878,0,0.0662299724795129,0.271130425773417,0.0474857504017763,0,-0.0474857504017763,0.0474857504017763,BoundaryMix,0.0038126510619233,0,
231,0.290644636256803,0.545564901816504,4,0.129672622854153,0.547664919953024,1,1,1,56.4245701477389,43.4210265414605,0.148798349294805,0.851201650705195,0.277661669492105,0.60519042390219,3.40480660282078,0.144001770597683,0.612072378101242,0,56.1955340490639,42.9980721394813,0.131908144828583,0.868091855171417,0.131822066300021,0.131908144828583,0,5.07583956739022e-05,0,0.279518311579318,0.596663616756898,3.47236742068567,0.150739940415338,0.621562382108682,0.00202215949859187,9,56.4245701477389,43.4210265414605,0.148798349294805,0.851201650705195,0.277661669492105,0.60519042390219,3.40480660282078,1.30320629008816,0.144001770597683,0.612072378101242,0,0.229036098674982,0,-0.229036098674982,0.229036098674982,BoundaryMix,0.0168902044662219,0,
232,0.277028642172186,0.429377685229667,4,0.145833812399253,0.50857562845036,1,1,1,79.0322951814481,67.1300894697599,0.384136355203908,0.615863644796092,0.226432985275424,0.501515086260064,2.46345457918437,0.0771379740322026,0.452816563287476,0.0334992913447774,79.0320003423882,67.1238366844726,0.382971963606276,0.617028036393724,0.38138655136063,0.382971963606276,0,8.17452394993882e-05,0,0.226723058894639,0.501101510109836,2.4681121455749,0.0776024958403777,0.453470793433112,0.0336386967340929,9,71.2380324917044,59.1131187558605,0.577493926884614,0.422506073115386,0.138410404098866,0.627014400381438,1.69002429246154,3.45624952469572,0,0.344175834053652,0.0103497876794581,0.000294839059904461,7.79426268974363,7.79396785068373,7.79396785068373,S14,0.00116439159763226,-0.193357571680706,
233,0.549796057424057,0.376076490258634,4,0.342908548413631,0.527758690986999,1,1,1,10.7793441828243,-48.1459667347116,0.135209824450144,0.864790175549856,0.586701827536467,0.380710190570318,3.45916070219942,0.741886099661777,0.27002852266077,0,10.7793441828243,-48.1459667347116,0.135209824450144,0.864790175549856,0.141261205308322,0.135449309600529,0,5.36328287514775e-06,0,0.586701827536467,0.380710190570318,3.45916070219942,0.741886099661777,0.27002852266077,0,9,10.7793441828243,-48.1459667347116,0.135209824450144,0.864790175549856,0.586701827536467,0.380710190570318,3.45916070219942,1.17059743871927,0.741886099661777,0.27002852266077,0,0,0,0,0,Tie,0,0,
234,0.263238869475559,0.602191850664262,4,0.10855407551603,0.558744817835442,1,1,1,31.9669676760481,11.1141192848491,0.0282368268219154,0.971763173178084,0.259641218062095,0.615167375908427,3.88705269271234,0.140994259849099,0.712418089131043,0.0009520777492536,31.9405024598296,10.3011814092189,0.00820186638063044,0.99179813361937,0.00820991013107786,0.00820186638063045,0,0.000126885023621853,0,0.262230523617457,0.605828616885604,3.96719253447748,0.148986997060384,0.723675019457549,0.00335073939016374,9,31.9628271705485,11.4339200496157,0.0361891114284615,0.963810888571539,0.258560519132954,0.619065095455114,3.85524355428615,1.0666197367676,0.137821779360518,0.707949983790143,0,0.0264652162185151,0.00414050549958489,-0.0223247107189302,0.0223247107189302,BoundaryMix,0.020034960441285,-0.00795228460654615,
235,0.507958506751604,0.229157333424776,4,0.42920288956799,0.435662999673588,1,1,1,28.2458244560121,-54.9288810347094,0.181343955697817,0.818656044302183,0.531551027722582,0.212965560636619,3.27462417720873,1.08807095939561,0,0.154672440205873,28.1024322813456,-55.1968404512085,0.180095909721994,0.819904090278006,0.171992891692405,0.180095909721994,0,1.93280949741077e-05,0,0.53136687757598,0.213091944643498,3.27961636111202,1.08856885424005,0.000701232559719241,0.154821861015416,9,28.2458244560121,-54.9288810347094,0.181343955697817,0.818656044302183,0.531551027722582,0.212965560636619,3.27462417720873,1.13520460792202,1.08807095939561,0,0.154672440205873,0.143392174666559,0,-0.143392174666559,0.143392174666559,BoundaryMix,0.00124804597582293,0,
236,0.519097087536105,0.22570291454235,4,0.444599848126712,0.434951069573643,1,1,1,28.2819114499811,-53.0632257249942,0.12506865003282,0.87493134996718,0.535437436830486,0.21485720875777,3.49972539986872,1.16443733507999,0,0.160132018901006,28.1495016955962,-53.4011053066645,0.123624693516387,0.876375306483613,0.118961492269945,0.123624693516388,0,2.07776967703495e-05,0,0.535232384535241,0.214993309695677,3.50550122593445,1.16501338637863,0.000811307711219463,0.160304894865362,9,28.2819114499811,-53.0632257249942,0.12506865003282,0.87493134996718,0.535437436830486,0.21485720875777,3.49972539986872,1.08802477353614,1.16443733507999,0,0.160132018901006,0.132409754384899,0,-0.132409754384899,0.132409754384899,BoundaryMix,0.00144395651643271,0,
237,0.163472748933444,0.0539719167556313,4,0.196912563355214,0.14627780000331,1,1,1,-4.0383964949991,-108.875647808698,0,1,0.163472748933444,0.0539719167556313,4,0.161872110944101,0.315180378514531,2.27508614773627,-4.15285299335879,-109.138280330255,0.00534065349629918,0.994659346503701,0.00528637730826039,0.00534065349629884,0,1.40129257980994e-05,0,0.163332200141288,0.0537280572325036,3.9786373860148,0.159741513279206,0.312179655629052,2.27444674439348,9,-17.5779402076367,-129.619842990401,0.405756032455749,0.594243967544251,0.152088877191116,0.034220302445341,2.376975870177,1.066967571517,0,0.0872005229865119,2.22650749276604,0.114456498359688,13.5395437126376,13.4250872142779,13.4250872142779,S14,-0.00534065349629918,-0.405756032455749,
238,0.269945987889696,0.479711881071964,4,0.131414125354432,0.525446090062511,1,1,1,69.8246412279943,54.9586725165924,0.237940354708262,0.762059645291738,0.239064655172928,0.543303505818635,3.04823858116695,0.102179780910039,0.559387567329048,0.0244220408609088,69.8246405889283,54.9584532544502,0.237921886501317,0.762078113498683,0.228620890990044,0.237921886501317,0,4.67900802613613e-05,0,0.23906821729946,0.543296170597197,3.04831245399473,0.102187148607386,0.559397943956417,0.0244242519448641,9,63.1471399906639,51.1130899257561,0.441926867102767,0.558073132897233,0.171597794524191,0.682232978991299,2.23229253158893,2.54836199448072,0.0208015025254178,0.44477481507025,0,6.39065930840843e-07,6.67750123733041,6.67750059826448,6.67750059826448,S14,1.84682069453712e-05,-0.203986512394505,
239,0.19975180961122,0.188774215013436,4,0.164209252246161,0.349166116141084,1,1,1,81.5087344765113,67.533330223188,0.283531020048759,0.716468979951241,0.175523965364014,0.159757593666728,2.86587591980496,0.0871401363197824,0.454355340176618,0.451221208604119,81.508151898256,67.4896760690056,0.284454179218308,0.715545820781692,0.255554273975449,0.284454179218308,0,9.01398363958677e-06,0,0.175430732609146,0.159645932904941,2.86218328312677,0.0867718516571791,0.453836649936008,0.451110684478307,9,72.735212396547,53.9386963716026,0.501960468917675,0.498039531082325,0.149900278238367,0.129069232818564,1.9921581243293,1.37282835303655,0,0.331627616586627,0.425070004473595,0.000582578255304611,8.77352207996425,8.77293950170895,8.77293950170895,S14,-0.000923159169549048,-0.218429448868916,
240,0.417796207415412,0.170274059409389,4,0.397173348852076,0.364205595204936,1,1,1,-23.2680303575137,-159.777131494052,0.11179217222919,0.88820782777081,0.422662522140104,0.159965803976639,3.55283131108324,1.12048749835742,0,0.365428367365154,-23.377321384394,-160.140847188706,0.110133797074385,0.889866202925615,0.106318370992136,0.110133797074385,0,1.76006476120775e-05,0,0.422586232766528,0.160127406830979,3.55946481170246,1.12114908972162,0.000931781903316293,0.365626914344157,9,-23.2680303575137,-159.777131494052,0.11179217222919,0.88820782777081,0.422662522140104,0.159965803976639,3.55283131108324,1.05770380542336,1.12048749835742,0,0.365428367365154,0.109291026880257,0,-0.109291026880257,0.109291026880257,BoundaryMix,0.00165837515480496,0,
241,0.569519981134314,0.288897626469887,4,0.427589096947104,0.488027336063558,1,1,1,49.032918234676,-7.09221460070427,0.298609771820097,0.701390228179903,0.647053765773507,0.269184690263884,2.80556091271961,0.962092196048489,0,0.034149180782522,48.9407989246437,-7.26084205008215,0.297718612415604,0.702281387584396,0.290299720408946,0.297718612415604,0,1.36510931181706e-05,0,0.646746677286099,0.269262767398775,2.80912555033758,0.962447714740645,0.000500710712935276,0.0342558737747921,9,49.032918234676,-7.09221460070427,0.298609771820097,0.701390228179903,0.647053765773507,0.269184690263884,2.80556091271961,1.32845446015338,0.962092196048489,0,0.034149180782522,0.092119310032281,0,-0.092119310032281,0.092119310032281,BoundaryMix,0.000891159404492747,0,
242,0.433944345190212,0.272424053969744,4,0.321368842941805,0.453939218160899,1,1,1,39.6487601730121,-3.85937350993575,0.589593462243365,0.410406537756635,0.519656284801564,0.207175982783799,1.64162615102654,0.54312961857193,0,0.0852415855831606,39.6250608092023,-3.89162737722579,0.589334433401516,0.410665566598484,0.592050365226616,0.589334433401516,0,6.79344034027851e-06,0,0.519586533270078,0.207229081020898,1.64266226639394,0.543232955410009,0.000145539075746803,0.0852725975009856,9,39.6487601730121,-3.85937350993575,0.589593462243365,0.410406537756635,0.519656284801564,0.207175982783799,1.64162615102654,1.85301820391286,0.54312961857193,0,0.0852415855831606,0.0236993638097758,0,-0.0236993638097758,0.0236993638097758,BoundaryMix,0.000259028841848696,0,
243,0.39690327978873,0.148641959972346,4,0.397908300649156,0.33529127522148,1,1,1,-67.0537677624146,-228.49400540738,0.0122644150833685,0.987735584916631,0.397236479851114,0.147590080323033,3.95094233966653,1.22355258878179,0,0.480421226784287,-67.0537677624146,-228.49400540738,0.0122644150833685,0.987735584916631,0.0287466784515378,0.0123084903032893,0,7.46374762866387e-06,0,0.397236479851114,0.147590080323033,3.95094233966653,1.22355258878179,0,0.480421226784287,9,-67.0537677624146,-228.49400540738,0.0122644150833685,0.987735584916631,0.397236479851114,0.147590080323033,3.95094233966653,1.00525223092376,1.22355258878179,0,0.480421226784287,0,0,0,0,Tie,0,0,
244,0.400378492193101,0.409146576717963,4,0.225279720435954,0.5179797703663,1,1,1,48.5288012531119,-0.240506358873603,0.422574420947046,0.577425579052954,0.466105390807452,0.468308891099184,2.30970231621182,0.294818293362019,0.298761576548401,0,48.5288012531119,-0.240506358873603,0.422574420947046,0.577425579052954,0.434486496706001,0.423661459355683,0,3.45825390934132e-05,0,0.466105390807452,0.468308891099184,2.30970231621182,0.294818293362019,0.298761576548401,0,9,48.5288012531119,-0.240506358873603,0.422574420947046,0.577425579052954,0.466105390807452,0.468308891099184,2.30970231621182,1.98224560129408,0.294818293362019,0.298761576548401,0,0,0,0,0,Tie,0,0,
245,0.229031017673913,0.18592228149284,4,0.191938622512224,0.350575876903564,1,1,1,85.2377149858716,78.3665887146019,0.754347194686334,0.245652805313665,0.1588387786604,0.0763700709607802,0.982611221254662,0.0183297919537516,0.121622603670388,0.383116484242742,85.2329775907247,78.5047294888183,0.750631213779518,0.249368786220482,0.768617248473859,0.750631213779518,0,2.37078257991601e-05,0,0.159415048320031,0.077269481151456,0.997475144881926,0.0198122435391876,0.123710480923016,0.383561375605799,9,84.6745847753062,76.629089259987,0.800293489051161,0.199706510948839,0.151384735579319,0.0647362078954287,0.798826043795356,1.74350658306144,0,0.0958070181621591,0.377615619184492,0.00473739514694671,0.563130210565475,0.558392815418529,0.558392815418529,S14,0.00371598090681602,-0.0459462943648267,
246,0.185496922854096,0.623938366676747,4,0.0733460004662221,0.55509068191182,1,1,1,16.2681412975358,-6.5188699510514,0,1,0.185496922854096,0.623938366676747,4,0.0556034084857688,0.783471940675976,0.0149574440911681,16.2681412975358,-6.51886995105178,1.24170385890722e-16,1,6.80099307322411e-17,1.07771702340076e-16,0,4.69873704296967e-05,0,0.185496922854096,0.623938366676747,4,0.0556034084857688,0.783471940675976,0.0149574440911681,9,11.3504369011497,-13.9280134531444,0.12493291907381,0.87506708092619,0.142930213805393,0.703056503188087,3.50026832370476,1.2876777502419,0.0057627315290028,0.71327658543071,0,3.90798504668055e-14,4.91770439638617,4.91770439638613,4.91770439638613,S14,-1.24170385890722e-16,-0.12493291907381,
247,0.410706332652689,0.435155077730013,4,0.221989975639107,0.529210604281013,1,1,1,37.5799439279278,-20.6550678664159,0.272774584525414,0.727225415474586,0.450532727422097,0.479620544356368,2.90890166189834,0.345413652231367,0.391560867160288,0,37.5799439279278,-20.6550678664159,0.272774584525414,0.727225415474586,0.284409691081663,0.273815541399241,0,3.749350300849e-05,0,0.450532727422097,0.479620544356368,2.90890166189834,0.345413652231367,0.391560867160288,0,9,37.5799439279278,-20.6550678664159,0.272774584525414,0.727225415474586,0.450532727422097,0.479620544356368,2.90890166189834,1.51560026884305,0.345413652231367,0.391560867160288,0,0,0,0,0,Tie,0,0,
248,0.507586619734656,0.376456409322528,4,0.312250331764174,0.521062665572441,1,1,1,19.3444909301651,-25.4185129637153,0.265158390814431,0.734841609185569,0.57736366204249,0.387493236444501,2.93936643674228,0.606522134303812,0.243560622292338,0,19.3444909301651,-25.4185129637153,0.265158390814431,0.734841609185569,0.281799063863869,0.266270390916239,0,1.775968486591e-05,0,0.57736366204249,0.387493236444501,2.93936643674228,0.606522134303812,0.243560622292338,0,9,19.3444909301651,-25.4185129637153,0.265158390814431,0.734841609185569,0.57736366204249,0.387493236444501,2.93936643674228,1.40073406753256,0.606522134303812,0.243560622292338,0,0,0,0,0,Tie,0,0,
249,0.384826627240781,0.510454833130636,4,0.184220019051643,0.549808622799266,1,1,1,31.6626645660233,-27.0268950315088,0.0535229173859903,0.94647708261401,0.389190180853528,0.524178472536391,3.78590833045604,0.330975781560047,0.579656674990848,0,31.6626645660233,-27.0268950315088,0.0535229173859903,0.94647708261401,0.0502508539361656,0.0553446011393911,0,9.18271579082314e-05,0,0.389190180853528,0.524178472536391,3.78590833045604,0.330975781560047,0.579656674990848,0,9,31.6626645660233,-27.0268950315088,0.0535229173859903,0.94647708261401,0.389190180853528,0.524178472536391,3.78590833045604,1.08495508109966,0.330975781560047,0.579656674990848,0,0,0,0,0,Tie,0,0,
250,0.265531756157512,0.556853548004332,4,0.11606450023898,0.54765423090655,1,1,1,51.2752223146957,36.3078060188787,0.0877598786148493,0.912240121385151,0.254467478890997,0.590721205288337,3.6489604855406,0.13129697989612,0.667887558524346,0.00936421625857759,51.2741056380914,36.231308613101,0.0843203149343501,0.91567968506565,0.08756848424045,0.0843203149343502,0,0.00010161737410466,0,0.254968549921241,0.58918743118647,3.6627187402626,0.132669157729976,0.669820126787629,0.00977601390030786,9,50.6457293374174,37.9520093146366,0.165975037895525,0.834024962104475,0.241053266629824,0.631781993322926,3.3360998484179,1.36033917015391,0.100093862929589,0.623941247720318,0,0.00111667660434733,0.629492977278304,0.628376300673956,0.628376300673956,S14,0.00343956368049918,-0.0782151592806761,
251,0.58577858393085,0.364632523886895,4,0.377675987678121,0.528961185756345,1,1,1,12.3910729319395,-54.2135406136821,0.0742847117653862,0.925715288234614,0.607014635800171,0.365955396347079,3.70286115293846,0.863451971700085,0.248116751552766,0,12.3910729319395,-54.2135406136821,0.0742847117653862,0.925715288234614,0.0814975613468188,0.0761777981219114,0,4.4835783152416e-05,0,0.607014635800171,0.365955396347079,3.70286115293846,0.863451971700085,0.248116751552766,0,9,12.3910729319395,-54.2135406136821,0.0742847117653862,0.925715288234614,0.607014635800171,0.365955396347079,3.70286115293846,1.08416483279256,0.863451971700085,0.248116751552766,0,0,0,0,0,Tie,0,0,
252,0.386289346094055,0.226155415873942,4,0.312703472556947,0.411916780366697,1,1,1,23.9338618222003,-34.1635074798248,0.557019681770092,0.442980318229908,0.416138489646187,0.156790334419317,1.77192127291963,0.556390069378591,0,0.190272649506329,23.8847562370851,-34.2287043893524,0.556481639990925,0.443518360009075,0.557552183154924,0.556481639990925,0,1.19866513752107e-05,0,0.416093390509862,0.156895138272709,1.7740734400363,0.556604715499914,0.000302306502604925,0.190337065913872,9,23.9338618222003,-34.1635074798248,0.557019681770092,0.442980318229908,0.416138489646187,0.156790334419317,1.77192127291963,1.56504872515995,0.556390069378591,0,0.190272649506329,0.0491055851152318,0,-0.0491055851152318,0.0491055851152318,BoundaryMix,0.000538041779167053,0,
253,0.567506606545525,0.364924257200316,4,0.363548705227431,0.525989326436824,1,1,1,14.1895156671127,-46.4975507777568,0.131753139005038,0.868246860994962,0.604911733365764,0.367482900190389,3.47298744397985,0.802877740777082,0.236831523717848,0,14.1895156671127,-46.4975507777568,0.131753139005038,0.868246860994962,0.140550044900957,0.132125020855184,0,4.09440504573061e-06,0,0.604911733365764,0.367482900190389,3.47298744397985,0.802877740777082,0.236831523717848,0,9,14.1895156671127,-46.4975507777568,0.131753139005038,0.868246860994962,0.604911733365764,0.367482900190389,3.47298744397985,1.15982156804514,0.802877740777082,0.236831523717848,0,0,0,0,0,Tie,0,0,
254,0.329274903410726,0.373980295614025,4,0.192862555439279,0.492856540796555,1,1,1,94.6861914722817,92.0854971749951,0.825480429614325,0.174519570385675,0.297109556372032,0.566461530666218,0.698078281542699,0.0357609799197404,0.121544179780579,0.00146762572851676,93.8273901776474,91.4877065964624,0.78574616584003,0.21425383415997,0.795747688616788,0.78574616584003,0,6.03937887017427e-05,0,0.306920700482174,0.507750485723242,0.857015336639878,0.0516125474615151,0.143869446665586,0.00622476286509981,9,94.4440745838993,91.5288521424348,0.837738858611542,0.162261141388458,0.292430290537079,0.594462809992253,0.649044565553831,9.79628570960003,0.0308706083173064,0.114656605355938,0,0.85880129463429,0.24211688838237,-0.61668440625192,0.61668440625192,BoundaryMix,0.039734263774295,-0.0122584289972167,
255,0.312656911865552,0.301361626682853,4,0.208750172478901,0.452719580513047,1,1,1,91.8447655263889,87.2045602489934,0.971314268368287,0.028685731631713,0.204282019246498,0.0536725506095205,0.114742926526852,0.0207609730359024,0,0.0625898885293549,91.8038927066944,87.1963568457452,0.970541086338253,0.0294589136617468,0.972322176378596,0.970541086338253,0,5.96535677336977e-06,0,0.204815418094087,0.054891625106805,0.117835654646987,0.0210694258926304,0.000434423430348363,0.0626824568217814,9,91.8447655263889,87.2045602489934,0.971314268368287,0.028685731631713,0.204282019246498,0.0536725506095205,0.114742926526852,6.20866677789718,0.0207609730359024,0,0.0625898885293549,0.0408728196944992,0,-0.0408728196944992,0.0408728196944992,BoundaryMix,0.000773182030033626,0,
256,0.518467773072936,0.226241664493756,4,0.443327674741701,0.435269445050152,1,1,1,28.7791985437364,-52.6961501825153,0.130379529151505,0.869620470848495,0.535552371282517,0.214913151283172,3.47848188339398,1.15741490455429,0,0.159009338987615,28.6381778350328,-53.0268336518222,0.128946879210187,0.871053120789813,0.123567000311331,0.128946879210187,0,2.11075109799843e-05,0,0.535347512009779,0.215048990063168,3.48421248315925,1.15798644521345,0.00080495494957241,0.159180861285808,9,28.7791985437364,-52.6961501825153,0.130379529151505,0.869620470848495,0.535552371282517,0.214913151283172,3.47848188339398,1.09234707604737,1.15741490455429,0,0.159009338987615,0.141020708703596,0,-0.141020708703596,0.141020708703596,BoundaryMix,0.00143264994131859,0,
257,0.343295413869578,0.458433451372881,4,0.175719780261057,0.527972701327347,1,1,1,70.0180937454469,40.3297484647051,0.34954479850946,0.65045520149054,0.351645817580055,0.551449903800401,2.60182080596216,0.184079963960574,0.423986508995886,0,70.0180937454469,40.3297484647051,0.34954479850946,0.65045520149054,0.355418427957456,0.351596882910293,0,8.06264820404469e-05,0,0.351645817580055,0.551449903800401,2.60182080596216,0.184079963960574,0.423986508995886,0,9,70.0180937454469,40.3297484647051,0.34954479850946,0.65045520149054,0.351645817580055,0.551449903800401,2.60182080596216,1.84932131047113,0.184079963960574,0.423986508995886,0,0,0,0,0,Tie,0,0,
258,0.290297607608594,0.266087764714768,4,0.206895167576987,0.426691816476894,1,1,1,86.4139125570711,81.6508365978441,0.962434667183746,0.037565332816254,0.171205539190967,0.0375730974603174,0.150261331265016,0.0141604808309346,0,0.124852612196473,85.1384245194324,77.7798657928073,0.940060739474005,0.0599392605259952,0.939489135830581,0.940060739474005,0,3.87142453152707e-05,0,0.180985134595193,0.0563382513397778,0.239757042103981,0.0230863244876928,0.012571112685595,0.127531303891979,9,86.4139125570711,81.6508365978441,0.962434667183746,0.037565332816254,0.171205539190967,0.0375730974603174,0.150261331265016,3.75893532022346,0.0141604808309346,0,0.124852612196473,1.27548803763872,0,-1.27548803763872,1.27548803763872,BoundaryMix,0.0223739277097411,0,
259,0.574019515894462,0.353200190664452,4,0.377001825177879,0.521939592478681,1,1,1,20.843013476782,-35.9692348208198,0.168147983046848,0.831852016953152,0.623364459735271,0.354079230106705,3.32740806781261,0.829795309332165,0.191123792053504,0,20.843013476782,-35.9692348208198,0.168147983046848,0.831852016953152,0.157375405208045,0.169483821107649,0,1.52422164201271e-05,0,0.623364459735271,0.354079230106705,3.32740806781261,0.829795309332165,0.191123792053504,0,9,20.843013476782,-35.9692348208198,0.168147983046848,0.831852016953152,0.623364459735271,0.354079230106705,3.32740806781261,1.20512875471673,0.829795309332165,0.191123792053504,0,0,0,0,0,Tie,0,0,
260,0.164852906094994,0.545659475776574,4,0.0715336030320335,0.532742951427546,1,1,1,24.6071052085312,-9.33755955196757,0,1,0.164852906094994,0.545659475776574,4,0.0332201462209033,0.790370260088057,0.050201446859089,24.6071052085312,-9.33755955196757,0,1,-8.12289681210798e-19,2.36605429848231e-18,0,3.63572354145719e-06,0,0.164852906094994,0.545659475776574,4,0.0332201462209033,0.790370260088057,0.050201446859089,9,20.6273493843424,-15.6317683367894,0.0832711370079579,0.916728862992042,0.139607919850594,0.575116775184358,3.66691545196817,1.14972355413319,0,0.743583175568745,0.0402319097231746,0,3.97975582418877,3.97975582418877,3.97975582418877,S14,0,-0.0832711370079579,
261,0.202940360714793,0.452682702515079,4,0.101137542661604,0.507598567121874,1,1,1,55.0912768400825,33.992961413309,0,1,0.202940360714793,0.452682702515079,4,0.0986315222700821,0.744869208488177,0.0884478420570078,55.0730087815854,33.9539828790553,0.000564697866934347,0.999435302133066,0.000136668860656127,0.000564697866934444,0,1.85507405862344e-06,0,0.202844664104254,0.45275878269507,3.99774120853226,0.0984062419822868,0.744551924879745,0.0883802342812856,9,44.3464502869859,15.713680635084,0.247234282162414,0.752765717837586,0.141302307620366,0.501685840111265,3.01106287135035,1.47223829801799,0,0.605957075530283,0.0588480137629163,0.0182680584970285,10.7448265530965,10.7265584945995,10.7265584945995,S14,-0.000564697866934347,-0.247234282162414,
262,0.289406606536619,0.245833416455152,4,0.215525219488905,0.411920200319011,1,1,1,73.0194347534846,54.1274323936727,0.920663216516884,0.0793367834831159,0.208063927084542,0.0555133343915605,0.317347133932464,0.059548232534601,0,0.166096637076504,72.7690171076306,53.5077099507767,0.916937828021028,0.0830621719789723,0.912858569498549,0.916937828021028,0,3.01778799485334e-05,0,0.20899383198112,0.0576890627720404,0.332248687915889,0.0610344371789568,0.00209316304167013,0.166542654751891,9,73.0194347534846,54.1274323936727,0.920663216516884,0.0793367834831159,0.208063927084542,0.0555133343915605,0.317347133932464,2.84630744012266,0.059548232534601,0,0.166096637076504,0.250417645854014,0,-0.250417645854014,0.250417645854014,BoundaryMix,0.00372538849585624,0,
263,0.256943069929163,0.399025994333108,4,0.141285691693673,0.493679370937951,1,1,1,78.3104276808354,65.6872952917415,0.333393321892635,0.666606678107365,0.209789039371811,0.429905838546146,2.66642671242946,0.076466691593617,0.488684011406876,0.0674285010506562,78.3104546581868,65.6882876240562,0.333586920756507,0.666413079243493,0.318356080707703,0.333586920756507,0,1.73066613363742e-05,0,0.209744768032731,0.429934830597043,2.66565231697397,0.0763894573585976,0.488575235104159,0.0674053226585723,9,70.7116927214751,56.308776883752,0.525068226328508,0.474931773671492,0.141933239301476,0.474342687535641,1.89972709468597,2.50299392693033,0,0.380988712936107,0.0444804527057218,-2.69773513252858e-05,7.59873495936033,7.59876193671165,7.59876193671165,S14,-0.000193598863871325,-0.191674904435872,
264,0.221219479242479,0.133050168307775,4,0.213009914134792,0.288253373092598,1,1,1,51.5724237602875,29.9535400652775,0.802800271252501,0.197199728747499,0.171698674394324,0.0378131232154565,0.788798914989997,0.0757828093760125,0,0.650651044094718,51.2297207328435,29.3877300745151,0.787744888480855,0.212255111519145,0.789240936471014,0.787744888480855,0,6.65603771484448e-06,0,0.173026112507432,0.0403660155568273,0.849020446076579,0.0817889963341409,0.00845908308109545,0.65245353176368,9,51.5724237602875,29.9535400652775,0.802800271252501,0.197199728747499,0.171698674394324,0.0378131232154565,0.788798914989997,1.44118856759594,0.0757828093760125,0,0.650651044094718,0.34270302744401,0,-0.34270302744401,0.34270302744401,BoundaryMix,0.0150553827716456,0,
265,0.180598602045704,0.414173436292906,4,0.094940914488832,0.489895878454965,1,1,1,47.9157158648459,17.6956351343439,0,1,0.180598602045704,0.414173436292906,4,0.0664140834490983,0.75783323691419,0.1222616000918,47.865826422508,17.6017947676397,0.00133444060224685,0.998665559397753,0.00144247038757847,0.0013344406022469,0,7.28107330903026e-05,0,0.180356075986905,0.414276971462624,3.99466223759101,0.0658817223751103,0.757083462292554,0.122101835789092,9,40.1553278459571,5.59570317070859,0.166476577356782,0.833523422643218,0.142950765068305,0.430245421341829,3.33409369057287,1.24628167032855,0,0.664295980487233,0.102330391273795,0.0498894423378999,7.76038801888883,7.71049857655093,7.71049857655093,S14,-0.00133444060224685,-0.166476577356782,
266,0.232551880787872,0.438834943771792,4,0.119243377980108,0.506288583910793,1,1,1,66.9439086851165,48.6177716272701,0.10691776511097,0.89308223488903,0.216873838168406,0.452805284354464,3.57232893955612,0.1083450794237,0.653968100243813,0.0750578384434071,66.9330558524136,48.6770872900199,0.112509464485997,0.887490535514003,0.12047129851192,0.112509464485997,0,5.38679945388883e-05,0,0.215918740369129,0.453656349877726,3.54996214205601,0.106114329640087,0.650826323625092,0.0743883789334827,9,56.4252478340795,35.3053651360643,0.378500493640685,0.621499506359315,0.140867421024912,0.520532841916073,2.48599802543726,1.90856143932055,0,0.501375442928578,0.0425429215726166,0.0108528327029518,10.518660851037,10.5078080183341,10.5078080183341,S14,-0.0055916993750264,-0.271582728529715,
267,0.31148815457802,0.359461624544835,4,0.186225372033602,0.483539954898253,1,1,1,94.0082617739895,91.1660920505694,0.781233395767622,0.218766604232378,0.220856987842309,0.402958585798891,0.875066416929513,0.030957810481236,0.15629060529416,0.0255960486528235,93.9955621171234,91.2966953218123,0.777704624523464,0.222295375476536,0.782992198716861,0.777704624523464,0,6.25944025078716e-05,0,0.222916342793143,0.401970231728971,0.889181501906142,0.032365576736425,0.158273296108553,0.0260185265632598,9,90.0408189002512,86.3251731065448,0.858833658599315,0.141166341400685,0.142715032165149,0.440461552392238,0.564665365602738,8.6800916970687,0,0.112689782892992,0.0163054501350759,0.0126996568661184,3.96744287373836,3.95474321687225,3.95474321687225,S14,0.00352877124415751,-0.0776002628316936,
268,0.30593983625114,0.462036063586828,4,0.154270552120731,0.524210115560482,1,1,1,79.1494374712212,69.2378322456551,0.429187887009405,0.570812112990595,0.269701902445119,0.610972230303279,2.28324845196238,0.0902576032895244,0.414180029990193,0,79.1062934807815,69.2011242566723,0.425419776761083,0.574580223238917,0.420942943300021,0.425419776761083,0,2.38422093904955e-05,0,0.27043052167755,0.607977640268013,2.29832089295567,0.0917608513286833,0.416297196862185,0.000451132486029079,9,79.1494374712212,69.2378322456551,0.429187887009405,0.570812112990595,0.269701902445119,0.610972230303279,2.28324845196238,2.31660727371394,0.0902576032895244,0.414180029990193,0,0.0431439904397308,0,-0.0431439904397308,0.0431439904397308,BoundaryMix,0.00376811024832208,0,
269,0.473199763668605,0.214626547487487,4,0.408889690952304,0.417280028801962,1,1,1,17.8791525288418,-77.5434370724477,0.210324825676506,0.789675174323494,0.493964809832407,0.194671063974257,3.15870069729398,1.03441587297163,0,0.199031043901435,17.6959929843543,-77.8771060384174,0.208686248921176,0.791313751078825,0.203987205070311,0.208686248921175,0,1.8072081571711e-05,0,0.49377921061769,0.194849427269967,3.1652550043153,1.03506956597213,0.00092065788816743,0.199227220540775,9,17.8791525288418,-77.5434370724477,0.210324825676506,0.789675174323494,0.493964809832407,0.194671063974257,3.15870069729398,1.14860176172376,1.03441587297163,0,0.199031043901435,0.183159544487506,0,-0.183159544487506,0.183159544487506,BoundaryMix,0.00163857675533075,0,
270,0.544715635213038,0.248526058117702,4,0.445312761685739,0.457140553360391,1,1,1,39.5123140300621,-29.6439778548798,0.17613964857743,0.82386035142257,0.5750218349344,0.234124288012983,3.29544140569028,1.11017464771082,0,0.105657362826166,39.3482097273535,-29.9513628412051,0.1747368601584,0.8252631398416,0.175884016538952,0.1747368601584,0,2.36387917493773e-05,0,0.574746163634732,0.234255289415956,3.3010525593664,1.11073427542904,0.000788176824313401,0.105825309989371,9,39.5123140300621,-29.6439778548798,0.17613964857743,0.82386035142257,0.5750218349344,0.234124288012983,3.29544140569028,1.14345989062103,1.11017464771082,0,0.105657362826166,0.164104302708637,0,-0.164104302708637,0.164104302708637,BoundaryMix,0.00140278841903027,0,
271,0.1617737650108,0.267985144235561,4,0.109820934666411,0.409326894154126,1,1,1,44.7733593102144,10.1503690185728,0,1,0.1617737650108,0.267985144235561,4,0.0415203474357944,0.739847347629723,0.304461202583777,44.7733593102144,10.1503690185728,0,1,-1.49340528620299e-19,1.71222359745232e-18,0,3.41500972226867e-07,0,0.1617737650108,0.267985144235561,4,0.0415203474357944,0.739847347629723,0.304461202583777,9,39.0695045746967,3.12084837160148,0.104076800774841,0.895923199225159,0.146857096563621,0.260953846223151,3.58369279690064,1.08688150929109,0,0.68137030204925,0.292000732274446,0,5.70385473551763,5.70385473551763,5.70385473551763,S14,0,-0.104076800774841,
272,0.558492232402145,0.372146159620992,4,0.351874319421175,0.527553483021387,1,1,1,11.3968572008258,-49.1538869421281,0.126267024341358,0.873732975658642,0.5935143283104,0.37576173412057,3.49493190263457,0.770921980776728,0.26020106226325,0,11.3968572008258,-49.1538869421281,0.126267024341358,0.873732975658642,0.138580389530711,0.126877372083662,0,8.61667430569509e-06,0,0.5935143283104,0.37576173412057,3.49493190263457,0.770921980776728,0.26020106226325,0,9,11.3968572008258,-49.1538869421281,0.126267024341358,0.873732975658642,0.5935143283104,0.37576173412057,3.49493190263457,1.1556339261418,0.770921980776728,0.26020106226325,0,0,0,0,0,Tie,0,0,
273,0.350853290545756,0.530721930568919,4,0.161926871134076,0.551115876475216,1,1,1,43.8538808818066,1.88472275798085,0.0649189199330946,0.935081080066905,0.352758595141871,0.550641605719325,3.74032432026762,0.266389080266473,0.608474984377323,0,43.8538808818066,1.88472275798085,0.0649189199330946,0.935081080066905,0.0645529282194329,0.0668051166802619,0,0.000106386064402695,0,0.352758595141871,0.550641605719325,3.74032432026762,0.266389080266473,0.608474984377323,0,9,43.8538808818066,1.88472275798085,0.0649189199330946,0.935081080066905,0.352758595141871,0.550641605719325,3.74032432026762,1.10956492402847,0.266389080266473,0.608474984377323,0,0,0,0,0,Tie,0,0,
274,0.577500225386796,0.385491853679221,4,0.356982840306966,0.536158142079042,1,1,1,1.69995904261549,-69.4723771579902,0.00798035342701986,0.99201964657298,0.579671021549435,0.385817219308808,3.96807858629192,0.826652549108582,0.324157653995426,0,1.69995904261549,-69.4723771579902,0.00798035342701986,0.99201964657298,0.00950023099987779,0.00835171082820563,0,1.38876777319069e-05,0,0.579671021549435,0.385817219308808,3.96807858629192,0.826652549108582,0.324157653995426,0,9,1.69995904261549,-69.4723771579902,0.00798035342701986,0.99201964657298,0.579671021549435,0.385817219308808,3.96807858629192,1.00889536886554,0.826652549108582,0.324157653995426,0,0,0,0,0,Tie,0,0,
275,0.458951800967892,0.42575325824941,4,0.255287527904716,0.53284760463946,1,1,1,17.5411852157458,-41.5472068763874,0.181391342028716,0.818608657971284,0.494622270197065,0.447594833159963,3.27443463188514,0.475142880097236,0.389772199591444,0,17.5411852157458,-41.5472068763874,0.181391342028716,0.818608657971284,0.177156581882903,0.183097895095212,0,5.49548432314942e-05,0,0.494622270197065,0.447594833159963,3.27443463188514,0.475142880097236,0.389772199591444,0,9,17.5411852157458,-41.5472068763874,0.181391342028716,0.818608657971284,0.494622270197065,0.447594833159963,3.27443463188514,1.28425347841813,0.475142880097236,0.389772199591444,0,0,0,0,0,Tie,0,0,
276,0.31994821366747,0.276584310385082,4,0.225350743500748,0.438318058915852,1,1,1,72.109768521723,47.6038751883301,0.904544249761279,0.0954557502387214,0.285700942563881,0.0933019228766451,0.381823000954885,0.101898462648474,0,0.100246418137667,72.0719220805216,47.5248108004187,0.904084900173297,0.0959150998267034,0.907713639634892,0.904084900173297,0,2.64582597553681e-05,0,0.285762324693448,0.0936304238898598,0.383660399306814,0.102081715345958,0.000258092164572908,0.100301413216878,9,72.109768521723,47.6038751883301,0.904544249761279,0.0954557502387214,0.285700942563881,0.0933019228766451,0.381823000954885,3.53395453895787,0.101898462648474,0,0.100246418137667,0.0378464412014097,0,-0.0378464412014097,0.0378464412014097,BoundaryMix,0.000459349587981994,0,
277,0.51092836108626,0.311885435918579,4,0.357244562716228,0.490662909873846,1,1,1,46.7602572304933,5.19239798572526,0.524578939161638,0.475421060838362,0.667613520428541,0.279191825432805,1.90168424335345,0.654881688682068,0,0.0140939992076722,46.523811876726,4.83855043645107,0.522122422518526,0.477877577481474,0.523821645980081,0.522122422518526,0,2.42590141921738e-05,0,0.666237661154921,0.279478909464016,1.91151030992589,0.655861690216939,0.00138022916383828,0.0143881027203474,9,46.7602572304933,5.19239798572526,0.524578939161638,0.475421060838362,0.667613520428541,0.279191825432805,1.90168424335345,1.88290837201529,0.654881688682068,0,0.0140939992076722,0.23644535376723,0,-0.23644535376723,0.23644535376723,BoundaryMix,0.00245651664311142,0,
278,0.433566812026507,0.42518433519785,4,0.239702620017005,0.528903600777648,1,1,1,28.4353558121148,-30.730111842856,0.25393508214946,0.74606491785054,0.478423688796548,0.459361140022618,2.98425967140216,0.402856503803516,0.373058693269659,0,28.4353558121148,-30.730111842856,0.25393508214946,0.74606491785054,0.272410790348468,0.255256325225769,0,2.9321445163742e-05,0,0.478423688796548,0.459361140022618,2.98425967140216,0.402856503803516,0.373058693269659,0,9,28.4353558121148,-30.730111842856,0.25393508214946,0.74606491785054,0.478423688796548,0.459361140022618,2.98425967140216,1.44810608540572,0.402856503803516,0.373058693269659,0,0,0,0,0,Tie,0,0,
279,0.158198641772481,0.413589710830684,4,0.0827541664423695,0.486787437725634,1,1,1,34.0324074465931,-6.50314286584091,0,1,0.158198641772481,0.413589710830684,4,0.0265188440393572,0.779952805553614,0.130324811848229,34.0324074465931,-6.50314286584091,0,1,-3.08662828796487e-18,-5.07513401532088e-18,0,2.50529435045065e-05,0,0.158198641772481,0.413589710830684,4,0.0265188440393572,0.779952805553614,0.130324811848229,9,30.6170258790229,-11.2915514883777,0.0664733466436239,0.933526653356376,0.143207441597861,0.419121640874994,3.7341066134255,1.08553451766893,0,0.742603800851065,0.122366370043252,0,3.41538156757013,3.41538156757013,3.41538156757013,S14,0,-0.0664733466436239,
280,0.238957202742206,0.283145672869233,4,0.161462105934294,0.430470043303877,1,1,1,88.6218197841572,83.7027517805989,0.522396601924665,0.477603398075335,0.1694108992044,0.23474675290911,1.91041359230134,0.0329523132975356,0.339950927104854,0.176909552045925,88.6209106871015,83.712504064988,0.521208202025576,0.478791797974424,0.514271846511137,0.521208202025576,0,4.26715851677704e-05,0,0.169685076909509,0.234937559668483,1.91516719189769,0.0334264129656215,0.340618646659543,0.177051831800375,9,85.8742551631963,80.0736366911828,0.604996376684284,0.395003623315716,0.147808705313889,0.219713274494236,1.58001449326286,1.96446949036315,0,0.293541057108901,0.167020392951033,0.000909097055739494,2.74756462096093,2.74665552390519,2.74665552390519,S14,0.00118839989908814,-0.0825997747596193,
281,0.177562551596093,0.398204794714352,4,0.0956780816107111,0.482780905286408,1,1,1,47.8958485157443,16.6594980209166,0,1,0.177562551596093,0.398204794714352,4,0.0627685302499058,0.757521423765245,0.136001548053823,47.8958485157443,16.6594980209166,0,1,0,0,0,7.41761134797664e-05,0,0.177562551596093,0.398204794714352,4,0.0627685302499058,0.757521423765245,0.136001548053823,9,40.5347814921317,5.32742866594268,0.157338467069695,0.842661532930305,0.143441163387576,0.408992666934147,3.37064613172122,1.21886573241326,0,0.669118545872207,0.117164388544289,0,7.36106702361261,7.36106702361261,7.36106702361261,S14,0,-0.157338467069695,
282,0.255002819764047,0.0920846539935934,4,0.283729730912661,0.230531163446219,1,1,1,-128.02430549003,-202.690920036481,0.223799622351067,0.776200377648933,0.250077667155559,0.0759628573988622,3.10480151059573,0.746102896344802,0,1.08672218947961,-128.303639534015,-203.026921275057,0.220607831965605,0.779392168034395,0.215860230239448,0.220607831965605,0,1.29197724264128e-05,0,0.250152251256799,0.0762069979981442,3.11756867213758,0.747376227622857,0.00179335327819902,1.08710432276037,9,-128.02430549003,-202.690920036481,0.223799622351067,0.776200377648933,0.250077667155559,0.0759628573988622,3.10480151059573,1.062772192121,0.746102896344802,0,1.08672218947961,0.279334043985358,0,-0.279334043985358,0.279334043985358,BoundaryMix,0.00319179038546205,0,
283,0.251694799096931,0.476171166487172,4,0.122618480963657,0.521948077498586,1,1,1,66.591713834458,49.470704153696,0.150130803110361,0.849869196889639,0.230624451234787,0.508962835564046,3.39947678755856,0.110266217098661,0.623344564733995,0.0421589604793842,66.591473317706,49.4882829820943,0.151570720367589,0.848429279632411,0.157511967535589,0.151570720367589,0,0.000108520188391213,0,0.230369659703336,0.509359366254359,3.39371711852964,0.109691777220093,0.622535526538584,0.0419865681104988,9,56.3005327306555,39.0256004509177,0.426529143151207,0.573470856848793,0.137801026869124,0.65342343176757,2.29388342739517,2.39287635172664,0,0.468046186914884,0.00906750028857439,0.000240516751972564,10.2911811038025,10.2909405870505,10.2909405870505,S14,-0.00143991725722845,-0.276398340040846,
284,0.403517819004672,0.355889796405103,4,0.249715453962739,0.495542328590948,1,1,1,62.840814070113,31.8086025636197,0.717463356590417,0.282536643409583,0.594670637794389,0.374921815372105,1.13014657363833,0.250481628298125,0.0834371572477973,0,62.840814070113,31.8086025636197,0.717463356590417,0.282536643409583,0.737438044880896,0.719031093301062,0,2.83535778345585e-05,0,0.594670637794389,0.374921815372105,1.13014657363833,0.250481628298125,0.0834371572477973,0,9,62.840814070113,31.8086025636197,0.717463356590417,0.282536643409583,0.594670637794389,0.374921815372105,1.13014657363833,3.72863947552063,0.250481628298125,0.0834371572477973,0,0,0,0,0,Tie,0,0,
285,0.28349595852478,0.242866760887947,4,0.212062288259863,0.408758851376107,1,1,1,76.0778429237697,61.7949552948652,0.931354416565665,0.0686455834343349,0.191396574959039,0.0474007645469063,0.27458233373734,0.0423305438026675,0,0.173980046635449,76.0420824627603,61.6989711630809,0.93077588911281,0.0692241108871903,0.935089930577944,0.93077588911281,0,7.72497002166011e-06,0,0.1915590450533,0.0477455809574054,0.276896443548761,0.0425613412586315,0.000325053959944196,0.17404931014178,9,76.0778429237697,61.7949552948652,0.931354416565665,0.0686455834343349,0.191396574959039,0.0474007645469063,0.27458233373734,2.84318202916643,0.0423305438026675,0,0.173980046635449,0.0357604610093603,0,-0.0357604610093603,0.0357604610093603,BoundaryMix,0.00057852745285536,0,
286,0.325224333976404,0.452747469596939,4,0.167156290537037,0.523574204751932,1,1,1,79.1277320768934,65.7879749829301,0.421135290084387,0.578864709915613,0.315297089931828,0.577852850638849,2.31545883966245,0.12991596183422,0.397348748929305,0,79.1277320768934,65.7879749829301,0.421135290084387,0.578864709915613,0.428052958632332,0.421747494898308,0,3.99839257463485e-05,0,0.315297089931828,0.577852850638849,2.31545883966245,0.12991596183422,0.397348748929305,0,9,79.1277320768934,65.7879749829301,0.421135290084387,0.578864709915613,0.315297089931828,0.577852850638849,2.31545883966245,2.20487591987341,0.12991596183422,0.397348748929305,0,0,0,0,0,Tie,0,0,
287,0.187450260282676,0.21354126808719,4,0.144537321244341,0.370474473283049,1,1,1,74.2497614119107,53.2304221874446,0.0640322482090854,0.935967751790915,0.181494799206417,0.208019768939046,3.74387100716366,0.110947094996763,0.628018931711563,0.406874558505902,74.1232650854645,52.9288599291336,0.0712020848927237,0.928797915107276,0.0691494965968418,0.0712020848927237,0,1.37664223560618e-05,0,0.180797569652939,0.207373345037304,3.71519166042911,0.108086763895631,0.623990455976027,0.406016158397001,9,60.954771440443,38.2208466313273,0.342137307912196,0.657862692087804,0.148778435112165,0.177687377514826,2.63145076835122,1.26485138999611,0,0.47176160893315,0.373578763347841,0.126496326446187,13.2949899714677,13.1684936450215,13.1684936450215,S14,-0.00716983668363828,-0.27810505970311,
288,0.194916940246318,0.568127199074,4,0.0826997444274914,0.542353793053045,1,1,1,33.170402077843,13.3578674731237,0,1,0.194916940246318,0.568127199074,4,0.0716281610456687,0.770747976903093,0.0331160974421267,33.170402077843,13.3578674731237,0,1,0,0,0,7.23900299549163e-05,0,0.194916940246318,0.568127199074,4,0.0716281610456687,0.770747976903093,0.0331160974421267,9,25.3713137987799,-0.451816620222004,0.17954642259548,0.82045357740452,0.137679506284136,0.658689859173077,3.28181430961808,1.41312761295276,0,0.66986724018021,0.0116201170580093,0,7.79908827906308,7.79908827906308,7.79908827906308,S14,0,-0.17954642259548,
289,0.247860111650225,0.537891125843624,4,0.110664516441758,0.540354343919391,1,1,1,54.3009833507244,36.33663681977,0.0336518039327199,0.96634819606728,0.24317618307318,0.548231260979061,3.86539278426912,0.133902588387937,0.707321181510854,0.0279894628219936,54.2663785555182,36.6499778907946,0.0507275159264902,0.94927248407351,0.05745861448045,0.0507275159264902,0,4.95413899664656e-05,0,0.24059781433825,0.55392320967333,3.79708993629404,0.127090412288973,0.697726947434242,0.0259450936568674,9,48.314088114295,36.7895268882182,0.26743541511294,0.73256458488706,0.187809745277851,0.670456960913338,2.93025833954824,1.7014947190351,0.0406370701482189,0.575966501263437,0,0.0346047952062065,5.98689523642932,5.95229044122311,5.95229044122311,S14,-0.0170757119937703,-0.23378361118022,
290,0.205904066569625,0.648494705638318,4,0.0794219936060781,0.562813898003191,1,1,1,8.7814783574303,-19.7118796672537,0,1,0.205904066569625,0.648494705638318,4,0.0773634592035695,0.772829442990978,0.00263314005450546,8.78147799606775,-19.7118802802111,1.31415312719664e-15,0.999999999999999,1.27598611516255e-15,1.22832747703842e-15,0,6.23371211090669e-05,0,0.205904066569625,0.648494705638318,3.99999999999999,0.0773634592035689,0.772829442990977,0.00263314005450533,9,8.21910683256248,-20.7956326026367,0.0219934549869907,0.978006545013009,0.200467572321499,0.661262583113982,3.91202618005204,1.0426192840449,0.068589401146684,0.760472104370158,0,3.61362548773059e-07,0.562371524867821,0.562371163505272,0.562371163505272,S14,-1.31415312719664e-15,-0.0219934549869907,
291,0.392709012487917,0.250483776335998,4,0.300904121164135,0.431836540343715,1,1,1,36.4747466438599,-5.1915733498561,0.63002898840539,0.36997101159461,0.441633694260922,0.169199721740313,1.47988404637844,0.472206779324259,0,0.134163514809944,36.4174451172738,-5.26398523651579,0.629382954763831,0.370617045236169,0.627771793317816,0.629382954763831,0,1.75289139366966e-05,0,0.441542176083465,0.169351771140807,1.48246818094468,0.472464507665763,0.000362983281794878,0.134240860413859,9,36.4747466438599,-5.1915733498561,0.63002898840539,0.36997101159461,0.441633694260922,0.169199721740313,1.47988404637844,1.82579639516972,0.472206779324259,0,0.134163514809944,0.0573015265861017,0,-0.0573015265861017,0.0573015265861017,BoundaryMix,0.000646033641558796,0,
292,0.353107890957052,0.354950632558467,4,0.215533377480911,0.487480877446997,1,1,1,91.239834458553,80.0201324916262,0.890479104858997,0.109520895141003,0.542186393682375,0.41304526003725,0.438083580564011,0.0780366023588876,0.0436011430709706,0,90.7841825754359,79.0464743132161,0.884995669956089,0.115004330043911,0.896973723162225,0.884995669956089,0,4.09655611087086e-05,0,0.530507621024283,0.409456941232087,0.460017320175643,0.0802241611675298,0.0466820897408111,0.00065649767567946,9,91.239834458553,80.0201324916262,0.890479104858997,0.109520895141003,0.542186393682375,0.41304526003725,0.438083580564011,10.6250921058569,0.0780366023588876,0.0436011430709706,0,0.455651883117142,0,-0.455651883117142,0.455651883117142,BoundaryMix,0.00548343490290804,0,
293,0.198002809179952,0.533062330885834,4,0.0879939904645813,0.533018365619865,1,1,1,40.9258105380365,19.3044047974553,0,1,0.198002809179952,0.533062330885834,4,0.0794915393260523,0.763573016395081,0.0472170454989843,40.9258105380365,19.3044047974553,0,1,0,0,0,9.61083074876958e-05,0,0.198002809179952,0.533062330885834,4,0.0794915393260523,0.763573016395081,0.0472170454989843,9,32.0284473276447,4.10495602555429,0.19925712602758,0.80074287397242,0.138718687708172,0.613654085757505,3.20297149588968,1.43764796424321,0,0.65161753780426,0.0233612247559855,0,8.8973632103918,8.8973632103918,8.8973632103918,S14,0,-0.19925712602758,
294,0.213124403122323,0.224626268013584,4,0.161786773749878,0.383665629112417,1,1,1,87.9406513385608,74.9331238964695,0.390325679429016,0.609674320570984,0.172735771927356,0.182912105539406,2.43869728228394,0.0592209876852381,0.40661751330841,0.321721782282041,87.9406410669951,74.9272265090482,0.390505433913206,0.609494566086794,0.401175514245864,0.390505433913206,0,8.6609414098366e-06,0,0.172710925561321,0.182886443730154,2.43797826434717,0.0591492765202026,0.40651651566929,0.321700261391731,9,80.6047665920897,67.32972466247,0.538771714148184,0.461228285851816,0.14921834110497,0.158622846377226,1.84491314340727,1.53104961104639,0,0.323210976271467,0.303949258584297,1.02715656709051e-05,7.33588474647104,7.33587447490537,7.33587447490537,S14,-0.000179754484190664,-0.148446034719168,
295,0.269994358829669,0.0968275476312827,4,0.298176359223161,0.240602407169881,1,1,1,-144.155881891244,-225.439840435658,0.173230412480351,0.826769587519649,0.266789100221678,0.08409688294367,3.3070783500786,0.840439475721014,0,1.00697302593116,-144.369423742858,-225.712430003648,0.17110336772234,0.82889663227766,0.167420911240449,0.17110336772234,0,6.71707045433972e-06,0,0.266830418557486,0.0842609913489379,3.31558652911064,0.841288037904965,0.00119511065232476,1.00722768381703,9,-144.155881891244,-225.439840435658,0.173230412480351,0.826769587519649,0.266789100221678,0.08409688294367,3.3070783500786,1.05050100821136,0.840439475721014,0,1.00697302593116,0.213541851614139,0,-0.213541851614139,0.213541851614139,BoundaryMix,0.00212704475801148,0,
296,0.402364929892465,0.299176521427868,4,0.278193892791574,0.465411914969165,1,1,1,56.3979260186344,33.6392167644586,0.748290139641124,0.251709860358876,0.525721527538794,0.210128143688546,1.00683944143551,0.333852828517949,0,0.0498391317599245,56.3365085285284,33.544978159084,0.747626061384527,0.252373938615473,0.747980157700054,0.747626061384527,0,3.42898804249056e-05,0,0.525416542437036,0.210348305634193,1.00949575446189,0.334117755569254,0.000373121907965211,0.0499186377337611,9,56.3979260186344,33.6392167644586,0.748290139641124,0.251709860358876,0.525721527538794,0.210128143688546,1.00683944143551,2.7903359014244,0.333852828517949,0,0.0498391317599245,0.0614174901059599,0,-0.0614174901059599,0.0614174901059599,BoundaryMix,0.000664078256597089,0,
297,0.206728391186174,0.572224854193842,4,0.0874740762253788,0.544789182123722,1,1,1,36.2157944946756,21.0098643082947,0,1,0.206728391186174,0.572224854193842,4,0.0864685091187584,0.762793929553499,0.0285892950508853,36.2157944946756,21.0098643082947,0,1,0,0,0,0.000123275360658154,0,0.206728391186174,0.572224854193842,4,0.0864685091187584,0.762793929553499,0.0285892950508853,9,27.2669318665518,5.24717933125261,0.216745917426796,0.783254082573205,0.136832845064132,0.695382242217942,3.13301633029282,1.55150868720356,0,0.641012122288224,0.00263964970573079,0,8.9488626281238,8.9488626281238,8.9488626281238,S14,0,-0.216745917426796,
298,0.210278411132928,0.0603020751104664,4,0.25464617270957,0.164307444776824,1,1,1,-162.163754764188,-287.16383898493,0.0924043540020248,0.907595645997975,0.20827921588455,0.0556181228074819,3.6303825839919,0.682556937358788,0,1.89570446161337,-162.163754764188,-287.16383898493,0.0924043540020248,0.907595645997975,0.115977499545648,0.0926815924317665,0,1.71275934556387e-06,0,0.20827921588455,0.0556181228074819,3.6303825839919,0.682556937358788,0,1.89570446161337,9,-162.163754764188,-287.16383898493,0.0924043540020248,0.907595645997975,0.20827921588455,0.0556181228074819,3.6303825839919,1.01622919061344,0.682556937358788,0,1.89570446161337,0,0,0,0,Tie,0,0,
299,0.46688523761938,0.447728351273926,4,0.251048332731272,0.541681886373575,1,1,1,8.70258904519241,-57.5996486204016,0.0722945035961218,0.927705496403878,0.480528198747934,0.45783246851298,3.71082198561551,0.505704461747276,0.46106974067867,0,8.70258904519241,-57.5996486204016,0.0722945035961218,0.927705496403878,0.0790031684694194,0.0741889388312094,0,7.98309201885397e-05,0,0.480528198747934,0.45783246851298,3.71082198561551,0.505704461747276,0.46106974067867,0,9,8.70258904519241,-57.5996486204016,0.0722945035961218,0.927705496403878,0.480528198747934,0.45783246851298,3.71082198561551,1.10225445585751,0.505704461747276,0.46106974067867,0,0,0,0,0,Tie,0,0,
300,0.182219633599911,0.4880088169789,4,0.0858345686636009,0.517222306588134,1,1,1,40.2160870744539,10.4885570802505,0,1,0.182219633599911,0.4880088169789,4,0.0613929624530799,0.769458319063468,0.0740007680210964,40.2084625777199,10.4752309604247,0.000182346069258236,0.999817653930742,0.000219271343832773,0.000182346069258221,0,7.67590395799763e-05,0,0.182181050839674,0.488044300240873,3.99927061572297,0.0613202174023789,0.76935586530505,0.0739789368563691,9,32.9228372591985,-1.04722043702959,0.15389040595306,0.84610959404694,0.140737612938858,0.526158430880445,3.38443837618776,1.27427230880398,0,0.682992783840272,0.0555764234986558,0.00762449673404575,7.29324981525546,7.28562531852142,7.28562531852142,S14,-0.000182346069258236,-0.15389040595306,
