	.text
	.syntax unified
	.eabi_attribute	67, "2.09"	@ Tag_conformance
	.cpu	cortex-m0
	.eabi_attribute	6, 12	@ Tag_CPU_arch
	.eabi_attribute	7, 77	@ Tag_CPU_arch_profile
	.eabi_attribute	8, 0	@ Tag_ARM_ISA_use
	.eabi_attribute	9, 1	@ Tag_THUMB_ISA_use
	.eabi_attribute	34, 0	@ Tag_CPU_unaligned_access
	.eabi_attribute	17, 1	@ Tag_ABI_PCS_GOT_use
	.eabi_attribute	20, 2	@ Tag_ABI_FP_denormal
	.eabi_attribute	21, 0	@ Tag_ABI_FP_exceptions
	.eabi_attribute	23, 1	@ Tag_ABI_FP_number_model
	.eabi_attribute	24, 1	@ Tag_ABI_align_needed
	.eabi_attribute	25, 1	@ Tag_ABI_align_preserved
	.eabi_attribute	38, 1	@ Tag_ABI_FP_16bit_format
	.eabi_attribute	18, 2	@ Tag_ABI_PCS_wchar_t
	.eabi_attribute	26, 1	@ Tag_ABI_enum_size
	.eabi_attribute	14, 0	@ Tag_ABI_PCS_R9_use
	.file	"tcpl04x_ll_flash_drv.c"
	.file	1 "C:\\Keil_v5\\ARM\\ARMCLANG\\Bin\\..\\include" "stdint.h"
	.file	2 "C:\\baidunetdiskdownload\\\346\263\260\347\237\275\345\276\256\\\346\260\233\345\233\264\347\201\257\\TCPL0X_AUTO_SDK_V2.0.0\\TCPL0X_AUTO_SDK_V2.0.0\\examples\\tcpl04x\\demo_apps\\tcpl04b_swsc_lean\\MDK" "../07_TCPL04B_MCAL/tcpl04x_ll_flash_drv.c"
	.file	3 "C:\\baidunetdiskdownload\\\346\263\260\347\237\275\345\276\256\\\346\260\233\345\233\264\347\201\257\\TCPL0X_AUTO_SDK_V2.0.0\\TCPL0X_AUTO_SDK_V2.0.0\\examples\\tcpl04x\\demo_apps\\tcpl04b_swsc_lean\\MDK" "../06_TCPL04B_Device/eflash_reg_def.h"
	.file	4 "C:\\baidunetdiskdownload\\\346\263\260\347\237\275\345\276\256\\\346\260\233\345\233\264\347\201\257\\TCPL0X_AUTO_SDK_V2.0.0\\TCPL0X_AUTO_SDK_V2.0.0\\examples\\tcpl04x\\demo_apps\\tcpl04b_swsc_lean\\MDK" "../07_TCPL04B_MCAL/tcpl04x_ll_flash.h"
	.section	.Flash_Driver_Section,"ax",%progbits
	.hidden	ll_flash_erase_reg              @ -- Begin function ll_flash_erase_reg
	.globl	ll_flash_erase_reg
	.p2align	2
	.type	ll_flash_erase_reg,%function
	.code	16                              @ @ll_flash_erase_reg
	.thumb_func
ll_flash_erase_reg:
.Lfunc_begin0:
	.loc	2 50 0                          @ ../07_TCPL04B_MCAL/tcpl04x_ll_flash_drv.c:50:0
	.fnstart
	.cfi_sections .debug_frame
	.cfi_startproc
@ %bb.0:
	@DEBUG_VALUE: ll_flash_erase_reg:timeout <- 48000000
	ldr	r0, __arm_cp.0_0
.Ltmp0:
	.loc	2 53 44 prologue_end            @ ../07_TCPL04B_MCAL/tcpl04x_ll_flash_drv.c:53:44
	ldr	r1, [r0]
	movs	r2, #1
	orrs	r2, r1
	str	r2, [r0]
	ldr	r1, __arm_cp.0_1
.Ltmp1:
.LBB0_1:                                @ =>This Inner Loop Header: Depth=1
	@DEBUG_VALUE: ll_flash_erase_reg:timeout <- [DW_OP_consts 18446744073661551616, DW_OP_minus, DW_OP_consts 18446744073709551615, DW_OP_mul, DW_OP_consts 47999999, DW_OP_plus, DW_OP_stack_value] $r1
	.loc	2 55 30                         @ ../07_TCPL04B_MCAL/tcpl04x_ll_flash_drv.c:55:30
	ldr	r2, [r0, #44]
	.loc	2 55 5 is_stmt 0                @ ../07_TCPL04B_MCAL/tcpl04x_ll_flash_drv.c:55:5
	lsls	r2, r2, #30
	bpl	.LBB0_3
.Ltmp2:
@ %bb.2:                                @   in Loop: Header=BB0_1 Depth=1
	@DEBUG_VALUE: ll_flash_erase_reg:timeout <- [DW_OP_consts 18446744073661551616, DW_OP_minus, DW_OP_consts 18446744073709551615, DW_OP_mul, DW_OP_consts 47999999, DW_OP_plus, DW_OP_stack_value] $r1
	adds	r2, r1, #1
	cmp	r1, #0
	mov	r1, r2
.Ltmp3:
	bne	.LBB0_1
.LBB0_3:
	.loc	2 59 1 is_stmt 1                @ ../07_TCPL04B_MCAL/tcpl04x_ll_flash_drv.c:59:1
	bx	lr
.Ltmp4:
	.p2align	2
@ %bb.4:
	.loc	2 0 1 is_stmt 0                 @ ../07_TCPL04B_MCAL/tcpl04x_ll_flash_drv.c:0:1
__arm_cp.0_0:
	.long	16711712                        @ 0xff0020
.Lcpi_end0:
	.size	__arm_cp.0_0, .Lcpi_end0-__arm_cp.0_0
__arm_cp.0_1:
	.long	4246967296                      @ 0xfd239400
.Lcpi_end1:
	.size	__arm_cp.0_1, .Lcpi_end1-__arm_cp.0_1
.Lfunc_end0:
	.size	ll_flash_erase_reg, .Lfunc_end0-ll_flash_erase_reg
	.cfi_endproc
	.cantunwind
	.fnend
                                        @ -- End function
	.hidden	ll_flash_write_reg              @ -- Begin function ll_flash_write_reg
	.globl	ll_flash_write_reg
	.p2align	2
	.type	ll_flash_write_reg,%function
	.code	16                              @ @ll_flash_write_reg
	.thumb_func
ll_flash_write_reg:
.Lfunc_begin1:
	.fnstart
	.cfi_startproc
@ %bb.0:
	@DEBUG_VALUE: ll_flash_write_reg:addr <- $r0
	@DEBUG_VALUE: ll_flash_write_reg:ptr <- $r1
	@DEBUG_VALUE: ll_flash_write_reg:timeout <- 48000000
	.loc	2 74 40 prologue_end is_stmt 1  @ ../07_TCPL04B_MCAL/tcpl04x_ll_flash_drv.c:74:40
	ldr	r2, [r1]
	ldr	r1, [r1, #4]
.Ltmp5:
	@DEBUG_VALUE: ll_flash_write_reg:ptr <- [DW_OP_LLVM_entry_value 1] $r1
	.loc	2 74 38 is_stmt 0               @ ../07_TCPL04B_MCAL/tcpl04x_ll_flash_drv.c:74:38
	str	r1, [r0, #4]
	str	r2, [r0]
	ldr	r1, __arm_cp.1_0
	ldr	r0, __arm_cp.1_1
.Ltmp6:
	@DEBUG_VALUE: ll_flash_write_reg:addr <- [DW_OP_LLVM_entry_value 1] $r0
.LBB1_1:                                @ =>This Inner Loop Header: Depth=1
	@DEBUG_VALUE: ll_flash_write_reg:addr <- [DW_OP_LLVM_entry_value 1] $r0
	@DEBUG_VALUE: ll_flash_write_reg:ptr <- [DW_OP_LLVM_entry_value 1] $r1
	@DEBUG_VALUE: ll_flash_write_reg:timeout <- [DW_OP_consts 18446744073661551616, DW_OP_minus, DW_OP_consts 18446744073709551615, DW_OP_mul, DW_OP_consts 47999999, DW_OP_plus, DW_OP_stack_value] $r1
	.loc	2 75 30 is_stmt 1               @ ../07_TCPL04B_MCAL/tcpl04x_ll_flash_drv.c:75:30
	ldr	r2, [r0]
	.loc	2 75 5 is_stmt 0                @ ../07_TCPL04B_MCAL/tcpl04x_ll_flash_drv.c:75:5
	lsls	r2, r2, #29
	bpl	.LBB1_3
.Ltmp7:
@ %bb.2:                                @   in Loop: Header=BB1_1 Depth=1
	@DEBUG_VALUE: ll_flash_write_reg:timeout <- [DW_OP_consts 18446744073661551616, DW_OP_minus, DW_OP_consts 18446744073709551615, DW_OP_mul, DW_OP_consts 47999999, DW_OP_plus, DW_OP_stack_value] $r1
	@DEBUG_VALUE: ll_flash_write_reg:addr <- [DW_OP_LLVM_entry_value 1] $r0
	@DEBUG_VALUE: ll_flash_write_reg:ptr <- [DW_OP_LLVM_entry_value 1] $r1
	adds	r2, r1, #1
	cmp	r1, #0
	mov	r1, r2
.Ltmp8:
	bne	.LBB1_1
.Ltmp9:
.LBB1_3:
	@DEBUG_VALUE: ll_flash_write_reg:addr <- [DW_OP_LLVM_entry_value 1] $r0
	@DEBUG_VALUE: ll_flash_write_reg:ptr <- [DW_OP_LLVM_entry_value 1] $r1
	.loc	2 79 1 is_stmt 1                @ ../07_TCPL04B_MCAL/tcpl04x_ll_flash_drv.c:79:1
	bx	lr
.Ltmp10:
	.p2align	2
@ %bb.4:
	.loc	2 0 1 is_stmt 0                 @ ../07_TCPL04B_MCAL/tcpl04x_ll_flash_drv.c:0:1
__arm_cp.1_0:
	.long	4246967296                      @ 0xfd239400
.Lcpi_end2:
	.size	__arm_cp.1_0, .Lcpi_end2-__arm_cp.1_0
__arm_cp.1_1:
	.long	16711756                        @ 0xff004c
.Lcpi_end3:
	.size	__arm_cp.1_1, .Lcpi_end3-__arm_cp.1_1
.Lfunc_end1:
	.size	ll_flash_write_reg, .Lfunc_end1-ll_flash_write_reg
	.cfi_endproc
	.cantunwind
	.fnend
                                        @ -- End function
	.type	g_flash_driver_api,%object      @ @g_flash_driver_api
	.section	.Flash_Driver_Section_Offset,"aR",%progbits,unique,1
	.p2align	2, 0x0
g_flash_driver_api:
__tagsym$$used.0:
	.long	ll_flash_erase_reg-8
	.long	ll_flash_write_reg-8
	.size	g_flash_driver_api, 8

	.section	.debug_loc,"",%progbits
.Ldebug_loc0:
	.long	.Lfunc_begin0-.Lfunc_begin0
	.long	.Ltmp1-.Lfunc_begin0
	.short	6                               @ Loc expr size
	.byte	16                              @ DW_OP_constu
	.byte	128                             @ 48000000
	.byte	216                             @ 
	.byte	241                             @ 
	.byte	22                              @ 
	.byte	159                             @ DW_OP_stack_value
	.long	.Ltmp1-.Lfunc_begin0
	.long	.Ltmp3-.Lfunc_begin0
	.short	18                              @ Loc expr size
	.byte	113                             @ DW_OP_breg1
	.byte	0                               @ 0
	.byte	17                              @ DW_OP_consts
	.byte	128                             @ -48000000
	.byte	168                             @ 
	.byte	142                             @ 
	.byte	105                             @ 
	.byte	28                              @ DW_OP_minus
	.byte	17                              @ DW_OP_consts
	.byte	127                             @ -1
	.byte	30                              @ DW_OP_mul
	.byte	17                              @ DW_OP_consts
	.byte	255                             @ 47999999
	.byte	215                             @ 
	.byte	241                             @ 
	.byte	22                              @ 
	.byte	34                              @ DW_OP_plus
	.byte	159                             @ DW_OP_stack_value
	.long	0
	.long	0
.Ldebug_loc1:
	.long	.Lfunc_begin1-.Lfunc_begin0
	.long	.Ltmp6-.Lfunc_begin0
	.short	1                               @ Loc expr size
	.byte	80                              @ DW_OP_reg0
	.long	.Ltmp6-.Lfunc_begin0
	.long	.Ltmp10-.Lfunc_begin0
	.short	4                               @ Loc expr size
	.byte	243                             @ DW_OP_GNU_entry_value
	.byte	1                               @ 1
	.byte	80                              @ DW_OP_reg0
	.byte	159                             @ DW_OP_stack_value
	.long	0
	.long	0
.Ldebug_loc2:
	.long	.Lfunc_begin1-.Lfunc_begin0
	.long	.Ltmp5-.Lfunc_begin0
	.short	1                               @ Loc expr size
	.byte	81                              @ DW_OP_reg1
	.long	.Ltmp5-.Lfunc_begin0
	.long	.Ltmp10-.Lfunc_begin0
	.short	4                               @ Loc expr size
	.byte	243                             @ DW_OP_GNU_entry_value
	.byte	1                               @ 1
	.byte	81                              @ DW_OP_reg1
	.byte	159                             @ DW_OP_stack_value
	.long	0
	.long	0
.Ldebug_loc3:
	.long	.Lfunc_begin1-.Lfunc_begin0
	.long	.Ltmp6-.Lfunc_begin0
	.short	6                               @ Loc expr size
	.byte	16                              @ DW_OP_constu
	.byte	128                             @ 48000000
	.byte	216                             @ 
	.byte	241                             @ 
	.byte	22                              @ 
	.byte	159                             @ DW_OP_stack_value
	.long	.Ltmp6-.Lfunc_begin0
	.long	.Ltmp8-.Lfunc_begin0
	.short	18                              @ Loc expr size
	.byte	113                             @ DW_OP_breg1
	.byte	0                               @ 0
	.byte	17                              @ DW_OP_consts
	.byte	128                             @ -48000000
	.byte	168                             @ 
	.byte	142                             @ 
	.byte	105                             @ 
	.byte	28                              @ DW_OP_minus
	.byte	17                              @ DW_OP_consts
	.byte	127                             @ -1
	.byte	30                              @ DW_OP_mul
	.byte	17                              @ DW_OP_consts
	.byte	255                             @ 47999999
	.byte	215                             @ 
	.byte	241                             @ 
	.byte	22                              @ 
	.byte	34                              @ DW_OP_plus
	.byte	159                             @ DW_OP_stack_value
	.long	0
	.long	0
	.section	.debug_abbrev,"",%progbits
	.byte	1                               @ Abbreviation Code
	.byte	17                              @ DW_TAG_compile_unit
	.byte	1                               @ DW_CHILDREN_yes
	.byte	37                              @ DW_AT_producer
	.byte	14                              @ DW_FORM_strp
	.byte	19                              @ DW_AT_language
	.byte	5                               @ DW_FORM_data2
	.byte	3                               @ DW_AT_name
	.byte	14                              @ DW_FORM_strp
	.byte	16                              @ DW_AT_stmt_list
	.byte	23                              @ DW_FORM_sec_offset
	.byte	27                              @ DW_AT_comp_dir
	.byte	14                              @ DW_FORM_strp
	.byte	17                              @ DW_AT_low_pc
	.byte	1                               @ DW_FORM_addr
	.byte	18                              @ DW_AT_high_pc
	.byte	6                               @ DW_FORM_data4
	.byte	0                               @ EOM(1)
	.byte	0                               @ EOM(2)
	.byte	2                               @ Abbreviation Code
	.byte	52                              @ DW_TAG_variable
	.byte	0                               @ DW_CHILDREN_no
	.byte	3                               @ DW_AT_name
	.byte	14                              @ DW_FORM_strp
	.byte	73                              @ DW_AT_type
	.byte	19                              @ DW_FORM_ref4
	.byte	58                              @ DW_AT_decl_file
	.byte	11                              @ DW_FORM_data1
	.byte	59                              @ DW_AT_decl_line
	.byte	11                              @ DW_FORM_data1
	.byte	2                               @ DW_AT_location
	.byte	24                              @ DW_FORM_exprloc
	.byte	0                               @ EOM(1)
	.byte	0                               @ EOM(2)
	.byte	3                               @ Abbreviation Code
	.byte	38                              @ DW_TAG_const_type
	.byte	0                               @ DW_CHILDREN_no
	.byte	73                              @ DW_AT_type
	.byte	19                              @ DW_FORM_ref4
	.byte	0                               @ EOM(1)
	.byte	0                               @ EOM(2)
	.byte	4                               @ Abbreviation Code
	.byte	22                              @ DW_TAG_typedef
	.byte	0                               @ DW_CHILDREN_no
	.byte	73                              @ DW_AT_type
	.byte	19                              @ DW_FORM_ref4
	.byte	3                               @ DW_AT_name
	.byte	14                              @ DW_FORM_strp
	.byte	58                              @ DW_AT_decl_file
	.byte	11                              @ DW_FORM_data1
	.byte	59                              @ DW_AT_decl_line
	.byte	11                              @ DW_FORM_data1
	.byte	0                               @ EOM(1)
	.byte	0                               @ EOM(2)
	.byte	5                               @ Abbreviation Code
	.byte	19                              @ DW_TAG_structure_type
	.byte	1                               @ DW_CHILDREN_yes
	.byte	11                              @ DW_AT_byte_size
	.byte	11                              @ DW_FORM_data1
	.byte	58                              @ DW_AT_decl_file
	.byte	11                              @ DW_FORM_data1
	.byte	59                              @ DW_AT_decl_line
	.byte	11                              @ DW_FORM_data1
	.byte	0                               @ EOM(1)
	.byte	0                               @ EOM(2)
	.byte	6                               @ Abbreviation Code
	.byte	13                              @ DW_TAG_member
	.byte	0                               @ DW_CHILDREN_no
	.byte	3                               @ DW_AT_name
	.byte	14                              @ DW_FORM_strp
	.byte	73                              @ DW_AT_type
	.byte	19                              @ DW_FORM_ref4
	.byte	58                              @ DW_AT_decl_file
	.byte	11                              @ DW_FORM_data1
	.byte	59                              @ DW_AT_decl_line
	.byte	11                              @ DW_FORM_data1
	.byte	56                              @ DW_AT_data_member_location
	.byte	11                              @ DW_FORM_data1
	.byte	0                               @ EOM(1)
	.byte	0                               @ EOM(2)
	.byte	7                               @ Abbreviation Code
	.byte	15                              @ DW_TAG_pointer_type
	.byte	0                               @ DW_CHILDREN_no
	.byte	73                              @ DW_AT_type
	.byte	19                              @ DW_FORM_ref4
	.byte	0                               @ EOM(1)
	.byte	0                               @ EOM(2)
	.byte	8                               @ Abbreviation Code
	.byte	21                              @ DW_TAG_subroutine_type
	.byte	0                               @ DW_CHILDREN_no
	.byte	73                              @ DW_AT_type
	.byte	19                              @ DW_FORM_ref4
	.byte	39                              @ DW_AT_prototyped
	.byte	25                              @ DW_FORM_flag_present
	.byte	0                               @ EOM(1)
	.byte	0                               @ EOM(2)
	.byte	9                               @ Abbreviation Code
	.byte	36                              @ DW_TAG_base_type
	.byte	0                               @ DW_CHILDREN_no
	.byte	3                               @ DW_AT_name
	.byte	14                              @ DW_FORM_strp
	.byte	62                              @ DW_AT_encoding
	.byte	11                              @ DW_FORM_data1
	.byte	11                              @ DW_AT_byte_size
	.byte	11                              @ DW_FORM_data1
	.byte	0                               @ EOM(1)
	.byte	0                               @ EOM(2)
	.byte	10                              @ Abbreviation Code
	.byte	22                              @ DW_TAG_typedef
	.byte	0                               @ DW_CHILDREN_no
	.byte	73                              @ DW_AT_type
	.byte	19                              @ DW_FORM_ref4
	.byte	3                               @ DW_AT_name
	.byte	14                              @ DW_FORM_strp
	.byte	58                              @ DW_AT_decl_file
	.byte	11                              @ DW_FORM_data1
	.byte	59                              @ DW_AT_decl_line
	.byte	5                               @ DW_FORM_data2
	.byte	0                               @ EOM(1)
	.byte	0                               @ EOM(2)
	.byte	11                              @ Abbreviation Code
	.byte	19                              @ DW_TAG_structure_type
	.byte	1                               @ DW_CHILDREN_yes
	.byte	11                              @ DW_AT_byte_size
	.byte	5                               @ DW_FORM_data2
	.byte	58                              @ DW_AT_decl_file
	.byte	11                              @ DW_FORM_data1
	.byte	59                              @ DW_AT_decl_line
	.byte	5                               @ DW_FORM_data2
	.byte	0                               @ EOM(1)
	.byte	0                               @ EOM(2)
	.byte	12                              @ Abbreviation Code
	.byte	13                              @ DW_TAG_member
	.byte	0                               @ DW_CHILDREN_no
	.byte	73                              @ DW_AT_type
	.byte	19                              @ DW_FORM_ref4
	.byte	58                              @ DW_AT_decl_file
	.byte	11                              @ DW_FORM_data1
	.byte	59                              @ DW_AT_decl_line
	.byte	5                               @ DW_FORM_data2
	.byte	56                              @ DW_AT_data_member_location
	.byte	11                              @ DW_FORM_data1
	.byte	0                               @ EOM(1)
	.byte	0                               @ EOM(2)
	.byte	13                              @ Abbreviation Code
	.byte	23                              @ DW_TAG_union_type
	.byte	1                               @ DW_CHILDREN_yes
	.byte	11                              @ DW_AT_byte_size
	.byte	11                              @ DW_FORM_data1
	.byte	58                              @ DW_AT_decl_file
	.byte	11                              @ DW_FORM_data1
	.byte	59                              @ DW_AT_decl_line
	.byte	5                               @ DW_FORM_data2
	.byte	0                               @ EOM(1)
	.byte	0                               @ EOM(2)
	.byte	14                              @ Abbreviation Code
	.byte	13                              @ DW_TAG_member
	.byte	0                               @ DW_CHILDREN_no
	.byte	3                               @ DW_AT_name
	.byte	14                              @ DW_FORM_strp
	.byte	73                              @ DW_AT_type
	.byte	19                              @ DW_FORM_ref4
	.byte	58                              @ DW_AT_decl_file
	.byte	11                              @ DW_FORM_data1
	.byte	59                              @ DW_AT_decl_line
	.byte	5                               @ DW_FORM_data2
	.byte	56                              @ DW_AT_data_member_location
	.byte	11                              @ DW_FORM_data1
	.byte	0                               @ EOM(1)
	.byte	0                               @ EOM(2)
	.byte	15                              @ Abbreviation Code
	.byte	53                              @ DW_TAG_volatile_type
	.byte	0                               @ DW_CHILDREN_no
	.byte	73                              @ DW_AT_type
	.byte	19                              @ DW_FORM_ref4
	.byte	0                               @ EOM(1)
	.byte	0                               @ EOM(2)
	.byte	16                              @ Abbreviation Code
	.byte	19                              @ DW_TAG_structure_type
	.byte	1                               @ DW_CHILDREN_yes
	.byte	11                              @ DW_AT_byte_size
	.byte	11                              @ DW_FORM_data1
	.byte	58                              @ DW_AT_decl_file
	.byte	11                              @ DW_FORM_data1
	.byte	59                              @ DW_AT_decl_line
	.byte	5                               @ DW_FORM_data2
	.byte	0                               @ EOM(1)
	.byte	0                               @ EOM(2)
	.byte	17                              @ Abbreviation Code
	.byte	13                              @ DW_TAG_member
	.byte	0                               @ DW_CHILDREN_no
	.byte	3                               @ DW_AT_name
	.byte	14                              @ DW_FORM_strp
	.byte	73                              @ DW_AT_type
	.byte	19                              @ DW_FORM_ref4
	.byte	58                              @ DW_AT_decl_file
	.byte	11                              @ DW_FORM_data1
	.byte	59                              @ DW_AT_decl_line
	.byte	5                               @ DW_FORM_data2
	.byte	13                              @ DW_AT_bit_size
	.byte	11                              @ DW_FORM_data1
	.byte	107                             @ DW_AT_data_bit_offset
	.byte	11                              @ DW_FORM_data1
	.byte	0                               @ EOM(1)
	.byte	0                               @ EOM(2)
	.byte	18                              @ Abbreviation Code
	.byte	1                               @ DW_TAG_array_type
	.byte	1                               @ DW_CHILDREN_yes
	.byte	73                              @ DW_AT_type
	.byte	19                              @ DW_FORM_ref4
	.byte	0                               @ EOM(1)
	.byte	0                               @ EOM(2)
	.byte	19                              @ Abbreviation Code
	.byte	33                              @ DW_TAG_subrange_type
	.byte	0                               @ DW_CHILDREN_no
	.byte	73                              @ DW_AT_type
	.byte	19                              @ DW_FORM_ref4
	.byte	55                              @ DW_AT_count
	.byte	11                              @ DW_FORM_data1
	.byte	0                               @ EOM(1)
	.byte	0                               @ EOM(2)
	.byte	20                              @ Abbreviation Code
	.byte	36                              @ DW_TAG_base_type
	.byte	0                               @ DW_CHILDREN_no
	.byte	3                               @ DW_AT_name
	.byte	14                              @ DW_FORM_strp
	.byte	11                              @ DW_AT_byte_size
	.byte	11                              @ DW_FORM_data1
	.byte	62                              @ DW_AT_encoding
	.byte	11                              @ DW_FORM_data1
	.byte	0                               @ EOM(1)
	.byte	0                               @ EOM(2)
	.byte	21                              @ Abbreviation Code
	.byte	46                              @ DW_TAG_subprogram
	.byte	1                               @ DW_CHILDREN_yes
	.byte	17                              @ DW_AT_low_pc
	.byte	1                               @ DW_FORM_addr
	.byte	18                              @ DW_AT_high_pc
	.byte	6                               @ DW_FORM_data4
	.byte	64                              @ DW_AT_frame_base
	.byte	24                              @ DW_FORM_exprloc
	.ascii	"\227B"                         @ DW_AT_GNU_all_call_sites
	.byte	25                              @ DW_FORM_flag_present
	.byte	3                               @ DW_AT_name
	.byte	14                              @ DW_FORM_strp
	.byte	58                              @ DW_AT_decl_file
	.byte	11                              @ DW_FORM_data1
	.byte	59                              @ DW_AT_decl_line
	.byte	11                              @ DW_FORM_data1
	.byte	39                              @ DW_AT_prototyped
	.byte	25                              @ DW_FORM_flag_present
	.byte	63                              @ DW_AT_external
	.byte	25                              @ DW_FORM_flag_present
	.byte	0                               @ EOM(1)
	.byte	0                               @ EOM(2)
	.byte	22                              @ Abbreviation Code
	.byte	52                              @ DW_TAG_variable
	.byte	0                               @ DW_CHILDREN_no
	.byte	2                               @ DW_AT_location
	.byte	23                              @ DW_FORM_sec_offset
	.byte	3                               @ DW_AT_name
	.byte	14                              @ DW_FORM_strp
	.byte	58                              @ DW_AT_decl_file
	.byte	11                              @ DW_FORM_data1
	.byte	59                              @ DW_AT_decl_line
	.byte	11                              @ DW_FORM_data1
	.byte	73                              @ DW_AT_type
	.byte	19                              @ DW_FORM_ref4
	.byte	0                               @ EOM(1)
	.byte	0                               @ EOM(2)
	.byte	23                              @ Abbreviation Code
	.byte	5                               @ DW_TAG_formal_parameter
	.byte	0                               @ DW_CHILDREN_no
	.byte	2                               @ DW_AT_location
	.byte	23                              @ DW_FORM_sec_offset
	.byte	3                               @ DW_AT_name
	.byte	14                              @ DW_FORM_strp
	.byte	58                              @ DW_AT_decl_file
	.byte	11                              @ DW_FORM_data1
	.byte	59                              @ DW_AT_decl_line
	.byte	11                              @ DW_FORM_data1
	.byte	73                              @ DW_AT_type
	.byte	19                              @ DW_FORM_ref4
	.byte	0                               @ EOM(1)
	.byte	0                               @ EOM(2)
	.byte	0                               @ EOM(3)
	.section	.debug_info,"",%progbits
.Lcu_begin0:
	.long	.Ldebug_info_end0-.Ldebug_info_start0 @ Length of Unit
.Ldebug_info_start0:
	.short	4                               @ DWARF version number
	.long	.debug_abbrev                   @ Offset Into Abbrev. Section
	.byte	4                               @ Address Size (in bytes)
	.byte	1                               @ Abbrev [1] 0xb:0xd55 DW_TAG_compile_unit
	.long	.Linfo_string0                  @ DW_AT_producer
	.short	12                              @ DW_AT_language
	.long	.Linfo_string1                  @ DW_AT_name
	.long	.Lline_table_start0             @ DW_AT_stmt_list
	.long	.Linfo_string2                  @ DW_AT_comp_dir
	.long	.Lfunc_begin0                   @ DW_AT_low_pc
	.long	.Lfunc_end1-.Lfunc_begin0       @ DW_AT_high_pc
	.byte	2                               @ Abbrev [2] 0x26:0x11 DW_TAG_variable
	.long	.Linfo_string3                  @ DW_AT_name
	.long	55                              @ DW_AT_type
	.byte	2                               @ DW_AT_decl_file
	.byte	87                              @ DW_AT_decl_line
	.byte	5                               @ DW_AT_location
	.byte	3
	.long	g_flash_driver_api
	.byte	3                               @ Abbrev [3] 0x37:0x5 DW_TAG_const_type
	.long	60                              @ DW_AT_type
	.byte	4                               @ Abbrev [4] 0x3c:0xb DW_TAG_typedef
	.long	71                              @ DW_AT_type
	.long	.Linfo_string10                 @ DW_AT_name
	.byte	2                               @ DW_AT_decl_file
	.byte	39                              @ DW_AT_decl_line
	.byte	5                               @ Abbrev [5] 0x47:0x1d DW_TAG_structure_type
	.byte	8                               @ DW_AT_byte_size
	.byte	2                               @ DW_AT_decl_file
	.byte	35                              @ DW_AT_decl_line
	.byte	6                               @ Abbrev [6] 0x4b:0xc DW_TAG_member
	.long	.Linfo_string4                  @ DW_AT_name
	.long	100                             @ DW_AT_type
	.byte	2                               @ DW_AT_decl_file
	.byte	37                              @ DW_AT_decl_line
	.byte	0                               @ DW_AT_data_member_location
	.byte	6                               @ Abbrev [6] 0x57:0xc DW_TAG_member
	.long	.Linfo_string8                  @ DW_AT_name
	.long	139                             @ DW_AT_type
	.byte	2                               @ DW_AT_decl_file
	.byte	38                              @ DW_AT_decl_line
	.byte	4                               @ DW_AT_data_member_location
	.byte	0                               @ End Of Children Mark
	.byte	4                               @ Abbrev [4] 0x64:0xb DW_TAG_typedef
	.long	111                             @ DW_AT_type
	.long	.Linfo_string7                  @ DW_AT_name
	.byte	2                               @ DW_AT_decl_file
	.byte	32                              @ DW_AT_decl_line
	.byte	7                               @ Abbrev [7] 0x6f:0x5 DW_TAG_pointer_type
	.long	116                             @ DW_AT_type
	.byte	8                               @ Abbrev [8] 0x74:0x5 DW_TAG_subroutine_type
	.long	121                             @ DW_AT_type
                                        @ DW_AT_prototyped
	.byte	4                               @ Abbrev [4] 0x79:0xb DW_TAG_typedef
	.long	132                             @ DW_AT_type
	.long	.Linfo_string6                  @ DW_AT_name
	.byte	1                               @ DW_AT_decl_file
	.byte	62                              @ DW_AT_decl_line
	.byte	9                               @ Abbrev [9] 0x84:0x7 DW_TAG_base_type
	.long	.Linfo_string5                  @ DW_AT_name
	.byte	8                               @ DW_AT_encoding
	.byte	1                               @ DW_AT_byte_size
	.byte	4                               @ Abbrev [4] 0x8b:0xb DW_TAG_typedef
	.long	111                             @ DW_AT_type
	.long	.Linfo_string9                  @ DW_AT_name
	.byte	2                               @ DW_AT_decl_file
	.byte	33                              @ DW_AT_decl_line
	.byte	7                               @ Abbrev [7] 0x96:0x5 DW_TAG_pointer_type
	.long	155                             @ DW_AT_type
	.byte	10                              @ Abbrev [10] 0x9b:0xc DW_TAG_typedef
	.long	167                             @ DW_AT_type
	.long	.Linfo_string160                @ DW_AT_name
	.byte	3                               @ DW_AT_decl_file
	.short	815                             @ DW_AT_decl_line
	.byte	11                              @ Abbrev [11] 0xa7:0x3c3 DW_TAG_structure_type
	.short	256                             @ DW_AT_byte_size
	.byte	3                               @ DW_AT_decl_file
	.short	673                             @ DW_AT_decl_line
	.byte	12                              @ Abbrev [12] 0xad:0x9 DW_TAG_member
	.long	182                             @ DW_AT_type
	.byte	3                               @ DW_AT_decl_file
	.short	675                             @ DW_AT_decl_line
	.byte	0                               @ DW_AT_data_member_location
	.byte	13                              @ Abbrev [13] 0xb6:0x20 DW_TAG_union_type
	.byte	4                               @ DW_AT_byte_size
	.byte	3                               @ DW_AT_decl_file
	.short	675                             @ DW_AT_decl_line
	.byte	14                              @ Abbrev [14] 0xbb:0xd DW_TAG_member
	.long	.Linfo_string11                 @ DW_AT_name
	.long	1130                            @ DW_AT_type
	.byte	3                               @ DW_AT_decl_file
	.short	677                             @ DW_AT_decl_line
	.byte	0                               @ DW_AT_data_member_location
	.byte	14                              @ Abbrev [14] 0xc8:0xd DW_TAG_member
	.long	.Linfo_string14                 @ DW_AT_name
	.long	1153                            @ DW_AT_type
	.byte	3                               @ DW_AT_decl_file
	.short	678                             @ DW_AT_decl_line
	.byte	0                               @ DW_AT_data_member_location
	.byte	0                               @ End Of Children Mark
	.byte	12                              @ Abbrev [12] 0xd6:0x9 DW_TAG_member
	.long	223                             @ DW_AT_type
	.byte	3                               @ DW_AT_decl_file
	.short	681                             @ DW_AT_decl_line
	.byte	4                               @ DW_AT_data_member_location
	.byte	13                              @ Abbrev [13] 0xdf:0x20 DW_TAG_union_type
	.byte	4                               @ DW_AT_byte_size
	.byte	3                               @ DW_AT_decl_file
	.short	681                             @ DW_AT_decl_line
	.byte	14                              @ Abbrev [14] 0xe4:0xd DW_TAG_member
	.long	.Linfo_string17                 @ DW_AT_name
	.long	1130                            @ DW_AT_type
	.byte	3                               @ DW_AT_decl_file
	.short	683                             @ DW_AT_decl_line
	.byte	0                               @ DW_AT_data_member_location
	.byte	14                              @ Abbrev [14] 0xf1:0xd DW_TAG_member
	.long	.Linfo_string18                 @ DW_AT_name
	.long	1204                            @ DW_AT_type
	.byte	3                               @ DW_AT_decl_file
	.short	684                             @ DW_AT_decl_line
	.byte	0                               @ DW_AT_data_member_location
	.byte	0                               @ End Of Children Mark
	.byte	12                              @ Abbrev [12] 0xff:0x9 DW_TAG_member
	.long	264                             @ DW_AT_type
	.byte	3                               @ DW_AT_decl_file
	.short	687                             @ DW_AT_decl_line
	.byte	8                               @ DW_AT_data_member_location
	.byte	13                              @ Abbrev [13] 0x108:0x20 DW_TAG_union_type
	.byte	4                               @ DW_AT_byte_size
	.byte	3                               @ DW_AT_decl_file
	.short	687                             @ DW_AT_decl_line
	.byte	14                              @ Abbrev [14] 0x10d:0xd DW_TAG_member
	.long	.Linfo_string25                 @ DW_AT_name
	.long	1130                            @ DW_AT_type
	.byte	3                               @ DW_AT_decl_file
	.short	689                             @ DW_AT_decl_line
	.byte	0                               @ DW_AT_data_member_location
	.byte	14                              @ Abbrev [14] 0x11a:0xd DW_TAG_member
	.long	.Linfo_string26                 @ DW_AT_name
	.long	1311                            @ DW_AT_type
	.byte	3                               @ DW_AT_decl_file
	.short	690                             @ DW_AT_decl_line
	.byte	0                               @ DW_AT_data_member_location
	.byte	0                               @ End Of Children Mark
	.byte	12                              @ Abbrev [12] 0x128:0x9 DW_TAG_member
	.long	305                             @ DW_AT_type
	.byte	3                               @ DW_AT_decl_file
	.short	693                             @ DW_AT_decl_line
	.byte	12                              @ DW_AT_data_member_location
	.byte	13                              @ Abbrev [13] 0x131:0x20 DW_TAG_union_type
	.byte	4                               @ DW_AT_byte_size
	.byte	3                               @ DW_AT_decl_file
	.short	693                             @ DW_AT_decl_line
	.byte	14                              @ Abbrev [14] 0x136:0xd DW_TAG_member
	.long	.Linfo_string30                 @ DW_AT_name
	.long	1130                            @ DW_AT_type
	.byte	3                               @ DW_AT_decl_file
	.short	695                             @ DW_AT_decl_line
	.byte	0                               @ DW_AT_data_member_location
	.byte	14                              @ Abbrev [14] 0x143:0xd DW_TAG_member
	.long	.Linfo_string31                 @ DW_AT_name
	.long	1376                            @ DW_AT_type
	.byte	3                               @ DW_AT_decl_file
	.short	696                             @ DW_AT_decl_line
	.byte	0                               @ DW_AT_data_member_location
	.byte	0                               @ End Of Children Mark
	.byte	12                              @ Abbrev [12] 0x151:0x9 DW_TAG_member
	.long	346                             @ DW_AT_type
	.byte	3                               @ DW_AT_decl_file
	.short	699                             @ DW_AT_decl_line
	.byte	16                              @ DW_AT_data_member_location
	.byte	13                              @ Abbrev [13] 0x15a:0x20 DW_TAG_union_type
	.byte	4                               @ DW_AT_byte_size
	.byte	3                               @ DW_AT_decl_file
	.short	699                             @ DW_AT_decl_line
	.byte	14                              @ Abbrev [14] 0x15f:0xd DW_TAG_member
	.long	.Linfo_string35                 @ DW_AT_name
	.long	1130                            @ DW_AT_type
	.byte	3                               @ DW_AT_decl_file
	.short	701                             @ DW_AT_decl_line
	.byte	0                               @ DW_AT_data_member_location
	.byte	14                              @ Abbrev [14] 0x16c:0xd DW_TAG_member
	.long	.Linfo_string36                 @ DW_AT_name
	.long	1455                            @ DW_AT_type
	.byte	3                               @ DW_AT_decl_file
	.short	702                             @ DW_AT_decl_line
	.byte	0                               @ DW_AT_data_member_location
	.byte	0                               @ End Of Children Mark
	.byte	12                              @ Abbrev [12] 0x17a:0x9 DW_TAG_member
	.long	387                             @ DW_AT_type
	.byte	3                               @ DW_AT_decl_file
	.short	705                             @ DW_AT_decl_line
	.byte	20                              @ DW_AT_data_member_location
	.byte	13                              @ Abbrev [13] 0x183:0x20 DW_TAG_union_type
	.byte	4                               @ DW_AT_byte_size
	.byte	3                               @ DW_AT_decl_file
	.short	705                             @ DW_AT_decl_line
	.byte	14                              @ Abbrev [14] 0x188:0xd DW_TAG_member
	.long	.Linfo_string41                 @ DW_AT_name
	.long	1130                            @ DW_AT_type
	.byte	3                               @ DW_AT_decl_file
	.short	707                             @ DW_AT_decl_line
	.byte	0                               @ DW_AT_data_member_location
	.byte	14                              @ Abbrev [14] 0x195:0xd DW_TAG_member
	.long	.Linfo_string42                 @ DW_AT_name
	.long	1548                            @ DW_AT_type
	.byte	3                               @ DW_AT_decl_file
	.short	708                             @ DW_AT_decl_line
	.byte	0                               @ DW_AT_data_member_location
	.byte	0                               @ End Of Children Mark
	.byte	12                              @ Abbrev [12] 0x1a3:0x9 DW_TAG_member
	.long	428                             @ DW_AT_type
	.byte	3                               @ DW_AT_decl_file
	.short	711                             @ DW_AT_decl_line
	.byte	24                              @ DW_AT_data_member_location
	.byte	13                              @ Abbrev [13] 0x1ac:0x20 DW_TAG_union_type
	.byte	4                               @ DW_AT_byte_size
	.byte	3                               @ DW_AT_decl_file
	.short	711                             @ DW_AT_decl_line
	.byte	14                              @ Abbrev [14] 0x1b1:0xd DW_TAG_member
	.long	.Linfo_string46                 @ DW_AT_name
	.long	1130                            @ DW_AT_type
	.byte	3                               @ DW_AT_decl_file
	.short	713                             @ DW_AT_decl_line
	.byte	0                               @ DW_AT_data_member_location
	.byte	14                              @ Abbrev [14] 0x1be:0xd DW_TAG_member
	.long	.Linfo_string47                 @ DW_AT_name
	.long	1613                            @ DW_AT_type
	.byte	3                               @ DW_AT_decl_file
	.short	714                             @ DW_AT_decl_line
	.byte	0                               @ DW_AT_data_member_location
	.byte	0                               @ End Of Children Mark
	.byte	12                              @ Abbrev [12] 0x1cc:0x9 DW_TAG_member
	.long	469                             @ DW_AT_type
	.byte	3                               @ DW_AT_decl_file
	.short	717                             @ DW_AT_decl_line
	.byte	28                              @ DW_AT_data_member_location
	.byte	13                              @ Abbrev [13] 0x1d5:0x20 DW_TAG_union_type
	.byte	4                               @ DW_AT_byte_size
	.byte	3                               @ DW_AT_decl_file
	.short	717                             @ DW_AT_decl_line
	.byte	14                              @ Abbrev [14] 0x1da:0xd DW_TAG_member
	.long	.Linfo_string51                 @ DW_AT_name
	.long	1130                            @ DW_AT_type
	.byte	3                               @ DW_AT_decl_file
	.short	719                             @ DW_AT_decl_line
	.byte	0                               @ DW_AT_data_member_location
	.byte	14                              @ Abbrev [14] 0x1e7:0xd DW_TAG_member
	.long	.Linfo_string52                 @ DW_AT_name
	.long	1692                            @ DW_AT_type
	.byte	3                               @ DW_AT_decl_file
	.short	720                             @ DW_AT_decl_line
	.byte	0                               @ DW_AT_data_member_location
	.byte	0                               @ End Of Children Mark
	.byte	12                              @ Abbrev [12] 0x1f5:0x9 DW_TAG_member
	.long	510                             @ DW_AT_type
	.byte	3                               @ DW_AT_decl_file
	.short	723                             @ DW_AT_decl_line
	.byte	32                              @ DW_AT_data_member_location
	.byte	13                              @ Abbrev [13] 0x1fe:0x20 DW_TAG_union_type
	.byte	4                               @ DW_AT_byte_size
	.byte	3                               @ DW_AT_decl_file
	.short	723                             @ DW_AT_decl_line
	.byte	14                              @ Abbrev [14] 0x203:0xd DW_TAG_member
	.long	.Linfo_string56                 @ DW_AT_name
	.long	1130                            @ DW_AT_type
	.byte	3                               @ DW_AT_decl_file
	.short	725                             @ DW_AT_decl_line
	.byte	0                               @ DW_AT_data_member_location
	.byte	14                              @ Abbrev [14] 0x210:0xd DW_TAG_member
	.long	.Linfo_string57                 @ DW_AT_name
	.long	1771                            @ DW_AT_type
	.byte	3                               @ DW_AT_decl_file
	.short	726                             @ DW_AT_decl_line
	.byte	0                               @ DW_AT_data_member_location
	.byte	0                               @ End Of Children Mark
	.byte	12                              @ Abbrev [12] 0x21e:0x9 DW_TAG_member
	.long	551                             @ DW_AT_type
	.byte	3                               @ DW_AT_decl_file
	.short	729                             @ DW_AT_decl_line
	.byte	36                              @ DW_AT_data_member_location
	.byte	13                              @ Abbrev [13] 0x227:0x20 DW_TAG_union_type
	.byte	4                               @ DW_AT_byte_size
	.byte	3                               @ DW_AT_decl_file
	.short	729                             @ DW_AT_decl_line
	.byte	14                              @ Abbrev [14] 0x22c:0xd DW_TAG_member
	.long	.Linfo_string61                 @ DW_AT_name
	.long	1130                            @ DW_AT_type
	.byte	3                               @ DW_AT_decl_file
	.short	731                             @ DW_AT_decl_line
	.byte	0                               @ DW_AT_data_member_location
	.byte	14                              @ Abbrev [14] 0x239:0xd DW_TAG_member
	.long	.Linfo_string62                 @ DW_AT_name
	.long	1850                            @ DW_AT_type
	.byte	3                               @ DW_AT_decl_file
	.short	732                             @ DW_AT_decl_line
	.byte	0                               @ DW_AT_data_member_location
	.byte	0                               @ End Of Children Mark
	.byte	12                              @ Abbrev [12] 0x247:0x9 DW_TAG_member
	.long	592                             @ DW_AT_type
	.byte	3                               @ DW_AT_decl_file
	.short	735                             @ DW_AT_decl_line
	.byte	40                              @ DW_AT_data_member_location
	.byte	13                              @ Abbrev [13] 0x250:0x20 DW_TAG_union_type
	.byte	4                               @ DW_AT_byte_size
	.byte	3                               @ DW_AT_decl_file
	.short	735                             @ DW_AT_decl_line
	.byte	14                              @ Abbrev [14] 0x255:0xd DW_TAG_member
	.long	.Linfo_string66                 @ DW_AT_name
	.long	1130                            @ DW_AT_type
	.byte	3                               @ DW_AT_decl_file
	.short	737                             @ DW_AT_decl_line
	.byte	0                               @ DW_AT_data_member_location
	.byte	14                              @ Abbrev [14] 0x262:0xd DW_TAG_member
	.long	.Linfo_string67                 @ DW_AT_name
	.long	1929                            @ DW_AT_type
	.byte	3                               @ DW_AT_decl_file
	.short	738                             @ DW_AT_decl_line
	.byte	0                               @ DW_AT_data_member_location
	.byte	0                               @ End Of Children Mark
	.byte	12                              @ Abbrev [12] 0x270:0x9 DW_TAG_member
	.long	633                             @ DW_AT_type
	.byte	3                               @ DW_AT_decl_file
	.short	741                             @ DW_AT_decl_line
	.byte	44                              @ DW_AT_data_member_location
	.byte	13                              @ Abbrev [13] 0x279:0x20 DW_TAG_union_type
	.byte	4                               @ DW_AT_byte_size
	.byte	3                               @ DW_AT_decl_file
	.short	741                             @ DW_AT_decl_line
	.byte	14                              @ Abbrev [14] 0x27e:0xd DW_TAG_member
	.long	.Linfo_string74                 @ DW_AT_name
	.long	1130                            @ DW_AT_type
	.byte	3                               @ DW_AT_decl_file
	.short	743                             @ DW_AT_decl_line
	.byte	0                               @ DW_AT_data_member_location
	.byte	14                              @ Abbrev [14] 0x28b:0xd DW_TAG_member
	.long	.Linfo_string75                 @ DW_AT_name
	.long	2050                            @ DW_AT_type
	.byte	3                               @ DW_AT_decl_file
	.short	744                             @ DW_AT_decl_line
	.byte	0                               @ DW_AT_data_member_location
	.byte	0                               @ End Of Children Mark
	.byte	12                              @ Abbrev [12] 0x299:0x9 DW_TAG_member
	.long	674                             @ DW_AT_type
	.byte	3                               @ DW_AT_decl_file
	.short	747                             @ DW_AT_decl_line
	.byte	48                              @ DW_AT_data_member_location
	.byte	13                              @ Abbrev [13] 0x2a2:0x20 DW_TAG_union_type
	.byte	4                               @ DW_AT_byte_size
	.byte	3                               @ DW_AT_decl_file
	.short	747                             @ DW_AT_decl_line
	.byte	14                              @ Abbrev [14] 0x2a7:0xd DW_TAG_member
	.long	.Linfo_string79                 @ DW_AT_name
	.long	1130                            @ DW_AT_type
	.byte	3                               @ DW_AT_decl_file
	.short	749                             @ DW_AT_decl_line
	.byte	0                               @ DW_AT_data_member_location
	.byte	14                              @ Abbrev [14] 0x2b4:0xd DW_TAG_member
	.long	.Linfo_string80                 @ DW_AT_name
	.long	2129                            @ DW_AT_type
	.byte	3                               @ DW_AT_decl_file
	.short	750                             @ DW_AT_decl_line
	.byte	0                               @ DW_AT_data_member_location
	.byte	0                               @ End Of Children Mark
	.byte	12                              @ Abbrev [12] 0x2c2:0x9 DW_TAG_member
	.long	715                             @ DW_AT_type
	.byte	3                               @ DW_AT_decl_file
	.short	753                             @ DW_AT_decl_line
	.byte	52                              @ DW_AT_data_member_location
	.byte	13                              @ Abbrev [13] 0x2cb:0x20 DW_TAG_union_type
	.byte	4                               @ DW_AT_byte_size
	.byte	3                               @ DW_AT_decl_file
	.short	753                             @ DW_AT_decl_line
	.byte	14                              @ Abbrev [14] 0x2d0:0xd DW_TAG_member
	.long	.Linfo_string84                 @ DW_AT_name
	.long	1130                            @ DW_AT_type
	.byte	3                               @ DW_AT_decl_file
	.short	755                             @ DW_AT_decl_line
	.byte	0                               @ DW_AT_data_member_location
	.byte	14                              @ Abbrev [14] 0x2dd:0xd DW_TAG_member
	.long	.Linfo_string85                 @ DW_AT_name
	.long	2208                            @ DW_AT_type
	.byte	3                               @ DW_AT_decl_file
	.short	756                             @ DW_AT_decl_line
	.byte	0                               @ DW_AT_data_member_location
	.byte	0                               @ End Of Children Mark
	.byte	12                              @ Abbrev [12] 0x2eb:0x9 DW_TAG_member
	.long	756                             @ DW_AT_type
	.byte	3                               @ DW_AT_decl_file
	.short	759                             @ DW_AT_decl_line
	.byte	56                              @ DW_AT_data_member_location
	.byte	13                              @ Abbrev [13] 0x2f4:0x20 DW_TAG_union_type
	.byte	4                               @ DW_AT_byte_size
	.byte	3                               @ DW_AT_decl_file
	.short	759                             @ DW_AT_decl_line
	.byte	14                              @ Abbrev [14] 0x2f9:0xd DW_TAG_member
	.long	.Linfo_string96                 @ DW_AT_name
	.long	1130                            @ DW_AT_type
	.byte	3                               @ DW_AT_decl_file
	.short	761                             @ DW_AT_decl_line
	.byte	0                               @ DW_AT_data_member_location
	.byte	14                              @ Abbrev [14] 0x306:0xd DW_TAG_member
	.long	.Linfo_string97                 @ DW_AT_name
	.long	2371                            @ DW_AT_type
	.byte	3                               @ DW_AT_decl_file
	.short	762                             @ DW_AT_decl_line
	.byte	0                               @ DW_AT_data_member_location
	.byte	0                               @ End Of Children Mark
	.byte	12                              @ Abbrev [12] 0x314:0x9 DW_TAG_member
	.long	797                             @ DW_AT_type
	.byte	3                               @ DW_AT_decl_file
	.short	765                             @ DW_AT_decl_line
	.byte	60                              @ DW_AT_data_member_location
	.byte	13                              @ Abbrev [13] 0x31d:0x20 DW_TAG_union_type
	.byte	4                               @ DW_AT_byte_size
	.byte	3                               @ DW_AT_decl_file
	.short	765                             @ DW_AT_decl_line
	.byte	14                              @ Abbrev [14] 0x322:0xd DW_TAG_member
	.long	.Linfo_string108                @ DW_AT_name
	.long	1130                            @ DW_AT_type
	.byte	3                               @ DW_AT_decl_file
	.short	767                             @ DW_AT_decl_line
	.byte	0                               @ DW_AT_data_member_location
	.byte	14                              @ Abbrev [14] 0x32f:0xd DW_TAG_member
	.long	.Linfo_string109                @ DW_AT_name
	.long	2534                            @ DW_AT_type
	.byte	3                               @ DW_AT_decl_file
	.short	768                             @ DW_AT_decl_line
	.byte	0                               @ DW_AT_data_member_location
	.byte	0                               @ End Of Children Mark
	.byte	12                              @ Abbrev [12] 0x33d:0x9 DW_TAG_member
	.long	838                             @ DW_AT_type
	.byte	3                               @ DW_AT_decl_file
	.short	771                             @ DW_AT_decl_line
	.byte	64                              @ DW_AT_data_member_location
	.byte	13                              @ Abbrev [13] 0x346:0x20 DW_TAG_union_type
	.byte	4                               @ DW_AT_byte_size
	.byte	3                               @ DW_AT_decl_file
	.short	771                             @ DW_AT_decl_line
	.byte	14                              @ Abbrev [14] 0x34b:0xd DW_TAG_member
	.long	.Linfo_string120                @ DW_AT_name
	.long	1130                            @ DW_AT_type
	.byte	3                               @ DW_AT_decl_file
	.short	773                             @ DW_AT_decl_line
	.byte	0                               @ DW_AT_data_member_location
	.byte	14                              @ Abbrev [14] 0x358:0xd DW_TAG_member
	.long	.Linfo_string121                @ DW_AT_name
	.long	2697                            @ DW_AT_type
	.byte	3                               @ DW_AT_decl_file
	.short	774                             @ DW_AT_decl_line
	.byte	0                               @ DW_AT_data_member_location
	.byte	0                               @ End Of Children Mark
	.byte	12                              @ Abbrev [12] 0x366:0x9 DW_TAG_member
	.long	879                             @ DW_AT_type
	.byte	3                               @ DW_AT_decl_file
	.short	777                             @ DW_AT_decl_line
	.byte	68                              @ DW_AT_data_member_location
	.byte	13                              @ Abbrev [13] 0x36f:0x20 DW_TAG_union_type
	.byte	4                               @ DW_AT_byte_size
	.byte	3                               @ DW_AT_decl_file
	.short	777                             @ DW_AT_decl_line
	.byte	14                              @ Abbrev [14] 0x374:0xd DW_TAG_member
	.long	.Linfo_string132                @ DW_AT_name
	.long	1130                            @ DW_AT_type
	.byte	3                               @ DW_AT_decl_file
	.short	779                             @ DW_AT_decl_line
	.byte	0                               @ DW_AT_data_member_location
	.byte	14                              @ Abbrev [14] 0x381:0xd DW_TAG_member
	.long	.Linfo_string133                @ DW_AT_name
	.long	2860                            @ DW_AT_type
	.byte	3                               @ DW_AT_decl_file
	.short	780                             @ DW_AT_decl_line
	.byte	0                               @ DW_AT_data_member_location
	.byte	0                               @ End Of Children Mark
	.byte	12                              @ Abbrev [12] 0x38f:0x9 DW_TAG_member
	.long	920                             @ DW_AT_type
	.byte	3                               @ DW_AT_decl_file
	.short	783                             @ DW_AT_decl_line
	.byte	72                              @ DW_AT_data_member_location
	.byte	13                              @ Abbrev [13] 0x398:0x20 DW_TAG_union_type
	.byte	4                               @ DW_AT_byte_size
	.byte	3                               @ DW_AT_decl_file
	.short	783                             @ DW_AT_decl_line
	.byte	14                              @ Abbrev [14] 0x39d:0xd DW_TAG_member
	.long	.Linfo_string135                @ DW_AT_name
	.long	1130                            @ DW_AT_type
	.byte	3                               @ DW_AT_decl_file
	.short	785                             @ DW_AT_decl_line
	.byte	0                               @ DW_AT_data_member_location
	.byte	14                              @ Abbrev [14] 0x3aa:0xd DW_TAG_member
	.long	.Linfo_string136                @ DW_AT_name
	.long	2911                            @ DW_AT_type
	.byte	3                               @ DW_AT_decl_file
	.short	786                             @ DW_AT_decl_line
	.byte	0                               @ DW_AT_data_member_location
	.byte	0                               @ End Of Children Mark
	.byte	12                              @ Abbrev [12] 0x3b8:0x9 DW_TAG_member
	.long	961                             @ DW_AT_type
	.byte	3                               @ DW_AT_decl_file
	.short	789                             @ DW_AT_decl_line
	.byte	76                              @ DW_AT_data_member_location
	.byte	13                              @ Abbrev [13] 0x3c1:0x20 DW_TAG_union_type
	.byte	4                               @ DW_AT_byte_size
	.byte	3                               @ DW_AT_decl_file
	.short	789                             @ DW_AT_decl_line
	.byte	14                              @ Abbrev [14] 0x3c6:0xd DW_TAG_member
	.long	.Linfo_string140                @ DW_AT_name
	.long	1130                            @ DW_AT_type
	.byte	3                               @ DW_AT_decl_file
	.short	791                             @ DW_AT_decl_line
	.byte	0                               @ DW_AT_data_member_location
	.byte	14                              @ Abbrev [14] 0x3d3:0xd DW_TAG_member
	.long	.Linfo_string141                @ DW_AT_name
	.long	2990                            @ DW_AT_type
	.byte	3                               @ DW_AT_decl_file
	.short	792                             @ DW_AT_decl_line
	.byte	0                               @ DW_AT_data_member_location
	.byte	0                               @ End Of Children Mark
	.byte	12                              @ Abbrev [12] 0x3e1:0x9 DW_TAG_member
	.long	1002                            @ DW_AT_type
	.byte	3                               @ DW_AT_decl_file
	.short	795                             @ DW_AT_decl_line
	.byte	80                              @ DW_AT_data_member_location
	.byte	13                              @ Abbrev [13] 0x3ea:0x20 DW_TAG_union_type
	.byte	4                               @ DW_AT_byte_size
	.byte	3                               @ DW_AT_decl_file
	.short	795                             @ DW_AT_decl_line
	.byte	14                              @ Abbrev [14] 0x3ef:0xd DW_TAG_member
	.long	.Linfo_string148                @ DW_AT_name
	.long	1130                            @ DW_AT_type
	.byte	3                               @ DW_AT_decl_file
	.short	797                             @ DW_AT_decl_line
	.byte	0                               @ DW_AT_data_member_location
	.byte	14                              @ Abbrev [14] 0x3fc:0xd DW_TAG_member
	.long	.Linfo_string149                @ DW_AT_name
	.long	3097                            @ DW_AT_type
	.byte	3                               @ DW_AT_decl_file
	.short	798                             @ DW_AT_decl_line
	.byte	0                               @ DW_AT_data_member_location
	.byte	0                               @ End Of Children Mark
	.byte	14                              @ Abbrev [14] 0x40a:0xd DW_TAG_member
	.long	.Linfo_string15                 @ DW_AT_name
	.long	3162                            @ DW_AT_type
	.byte	3                               @ DW_AT_decl_file
	.short	801                             @ DW_AT_decl_line
	.byte	84                              @ DW_AT_data_member_location
	.byte	12                              @ Abbrev [12] 0x417:0x9 DW_TAG_member
	.long	1056                            @ DW_AT_type
	.byte	3                               @ DW_AT_decl_file
	.short	803                             @ DW_AT_decl_line
	.byte	248                             @ DW_AT_data_member_location
	.byte	13                              @ Abbrev [13] 0x420:0x20 DW_TAG_union_type
	.byte	4                               @ DW_AT_byte_size
	.byte	3                               @ DW_AT_decl_file
	.short	803                             @ DW_AT_decl_line
	.byte	14                              @ Abbrev [14] 0x425:0xd DW_TAG_member
	.long	.Linfo_string154                @ DW_AT_name
	.long	1130                            @ DW_AT_type
	.byte	3                               @ DW_AT_decl_file
	.short	805                             @ DW_AT_decl_line
	.byte	0                               @ DW_AT_data_member_location
	.byte	14                              @ Abbrev [14] 0x432:0xd DW_TAG_member
	.long	.Linfo_string155                @ DW_AT_name
	.long	3181                            @ DW_AT_type
	.byte	3                               @ DW_AT_decl_file
	.short	806                             @ DW_AT_decl_line
	.byte	0                               @ DW_AT_data_member_location
	.byte	0                               @ End Of Children Mark
	.byte	12                              @ Abbrev [12] 0x440:0x9 DW_TAG_member
	.long	1097                            @ DW_AT_type
	.byte	3                               @ DW_AT_decl_file
	.short	809                             @ DW_AT_decl_line
	.byte	252                             @ DW_AT_data_member_location
	.byte	13                              @ Abbrev [13] 0x449:0x20 DW_TAG_union_type
	.byte	4                               @ DW_AT_byte_size
	.byte	3                               @ DW_AT_decl_file
	.short	809                             @ DW_AT_decl_line
	.byte	14                              @ Abbrev [14] 0x44e:0xd DW_TAG_member
	.long	.Linfo_string157                @ DW_AT_name
	.long	1130                            @ DW_AT_type
	.byte	3                               @ DW_AT_decl_file
	.short	811                             @ DW_AT_decl_line
	.byte	0                               @ DW_AT_data_member_location
	.byte	14                              @ Abbrev [14] 0x45b:0xd DW_TAG_member
	.long	.Linfo_string158                @ DW_AT_name
	.long	3232                            @ DW_AT_type
	.byte	3                               @ DW_AT_decl_file
	.short	812                             @ DW_AT_decl_line
	.byte	0                               @ DW_AT_data_member_location
	.byte	0                               @ End Of Children Mark
	.byte	0                               @ End Of Children Mark
	.byte	15                              @ Abbrev [15] 0x46a:0x5 DW_TAG_volatile_type
	.long	1135                            @ DW_AT_type
	.byte	4                               @ Abbrev [4] 0x46f:0xb DW_TAG_typedef
	.long	1146                            @ DW_AT_type
	.long	.Linfo_string13                 @ DW_AT_name
	.byte	1                               @ DW_AT_decl_file
	.byte	64                              @ DW_AT_decl_line
	.byte	9                               @ Abbrev [9] 0x47a:0x7 DW_TAG_base_type
	.long	.Linfo_string12                 @ DW_AT_name
	.byte	7                               @ DW_AT_encoding
	.byte	4                               @ DW_AT_byte_size
	.byte	15                              @ Abbrev [15] 0x481:0x5 DW_TAG_volatile_type
	.long	1158                            @ DW_AT_type
	.byte	10                              @ Abbrev [10] 0x486:0xc DW_TAG_typedef
	.long	1170                            @ DW_AT_type
	.long	.Linfo_string16                 @ DW_AT_name
	.byte	3                               @ DW_AT_decl_file
	.short	471                             @ DW_AT_decl_line
	.byte	16                              @ Abbrev [16] 0x492:0x22 DW_TAG_structure_type
	.byte	4                               @ DW_AT_byte_size
	.byte	3                               @ DW_AT_decl_file
	.short	467                             @ DW_AT_decl_line
	.byte	17                              @ Abbrev [17] 0x497:0xe DW_TAG_member
	.long	.Linfo_string11                 @ DW_AT_name
	.long	1130                            @ DW_AT_type
	.byte	3                               @ DW_AT_decl_file
	.short	469                             @ DW_AT_decl_line
	.byte	8                               @ DW_AT_bit_size
	.byte	0                               @ DW_AT_data_bit_offset
	.byte	17                              @ Abbrev [17] 0x4a5:0xe DW_TAG_member
	.long	.Linfo_string15                 @ DW_AT_name
	.long	1130                            @ DW_AT_type
	.byte	3                               @ DW_AT_decl_file
	.short	470                             @ DW_AT_decl_line
	.byte	24                              @ DW_AT_bit_size
	.byte	8                               @ DW_AT_data_bit_offset
	.byte	0                               @ End Of Children Mark
	.byte	15                              @ Abbrev [15] 0x4b4:0x5 DW_TAG_volatile_type
	.long	1209                            @ DW_AT_type
	.byte	10                              @ Abbrev [10] 0x4b9:0xc DW_TAG_typedef
	.long	1221                            @ DW_AT_type
	.long	.Linfo_string24                 @ DW_AT_name
	.byte	3                               @ DW_AT_decl_file
	.short	481                             @ DW_AT_decl_line
	.byte	16                              @ Abbrev [16] 0x4c5:0x5a DW_TAG_structure_type
	.byte	4                               @ DW_AT_byte_size
	.byte	3                               @ DW_AT_decl_file
	.short	473                             @ DW_AT_decl_line
	.byte	17                              @ Abbrev [17] 0x4ca:0xe DW_TAG_member
	.long	.Linfo_string19                 @ DW_AT_name
	.long	1130                            @ DW_AT_type
	.byte	3                               @ DW_AT_decl_file
	.short	475                             @ DW_AT_decl_line
	.byte	2                               @ DW_AT_bit_size
	.byte	0                               @ DW_AT_data_bit_offset
	.byte	17                              @ Abbrev [17] 0x4d8:0xe DW_TAG_member
	.long	.Linfo_string20                 @ DW_AT_name
	.long	1130                            @ DW_AT_type
	.byte	3                               @ DW_AT_decl_file
	.short	476                             @ DW_AT_decl_line
	.byte	2                               @ DW_AT_bit_size
	.byte	2                               @ DW_AT_data_bit_offset
	.byte	17                              @ Abbrev [17] 0x4e6:0xe DW_TAG_member
	.long	.Linfo_string21                 @ DW_AT_name
	.long	1130                            @ DW_AT_type
	.byte	3                               @ DW_AT_decl_file
	.short	477                             @ DW_AT_decl_line
	.byte	2                               @ DW_AT_bit_size
	.byte	4                               @ DW_AT_data_bit_offset
	.byte	17                              @ Abbrev [17] 0x4f4:0xe DW_TAG_member
	.long	.Linfo_string22                 @ DW_AT_name
	.long	1130                            @ DW_AT_type
	.byte	3                               @ DW_AT_decl_file
	.short	478                             @ DW_AT_decl_line
	.byte	6                               @ DW_AT_bit_size
	.byte	6                               @ DW_AT_data_bit_offset
	.byte	17                              @ Abbrev [17] 0x502:0xe DW_TAG_member
	.long	.Linfo_string23                 @ DW_AT_name
	.long	1130                            @ DW_AT_type
	.byte	3                               @ DW_AT_decl_file
	.short	479                             @ DW_AT_decl_line
	.byte	2                               @ DW_AT_bit_size
	.byte	12                              @ DW_AT_data_bit_offset
	.byte	17                              @ Abbrev [17] 0x510:0xe DW_TAG_member
	.long	.Linfo_string15                 @ DW_AT_name
	.long	1130                            @ DW_AT_type
	.byte	3                               @ DW_AT_decl_file
	.short	480                             @ DW_AT_decl_line
	.byte	18                              @ DW_AT_bit_size
	.byte	14                              @ DW_AT_data_bit_offset
	.byte	0                               @ End Of Children Mark
	.byte	15                              @ Abbrev [15] 0x51f:0x5 DW_TAG_volatile_type
	.long	1316                            @ DW_AT_type
	.byte	10                              @ Abbrev [10] 0x524:0xc DW_TAG_typedef
	.long	1328                            @ DW_AT_type
	.long	.Linfo_string29                 @ DW_AT_name
	.byte	3                               @ DW_AT_decl_file
	.short	488                             @ DW_AT_decl_line
	.byte	16                              @ Abbrev [16] 0x530:0x30 DW_TAG_structure_type
	.byte	4                               @ DW_AT_byte_size
	.byte	3                               @ DW_AT_decl_file
	.short	483                             @ DW_AT_decl_line
	.byte	17                              @ Abbrev [17] 0x535:0xe DW_TAG_member
	.long	.Linfo_string27                 @ DW_AT_name
	.long	1130                            @ DW_AT_type
	.byte	3                               @ DW_AT_decl_file
	.short	485                             @ DW_AT_decl_line
	.byte	8                               @ DW_AT_bit_size
	.byte	0                               @ DW_AT_data_bit_offset
	.byte	17                              @ Abbrev [17] 0x543:0xe DW_TAG_member
	.long	.Linfo_string28                 @ DW_AT_name
	.long	1130                            @ DW_AT_type
	.byte	3                               @ DW_AT_decl_file
	.short	486                             @ DW_AT_decl_line
	.byte	10                              @ DW_AT_bit_size
	.byte	8                               @ DW_AT_data_bit_offset
	.byte	17                              @ Abbrev [17] 0x551:0xe DW_TAG_member
	.long	.Linfo_string15                 @ DW_AT_name
	.long	1130                            @ DW_AT_type
	.byte	3                               @ DW_AT_decl_file
	.short	487                             @ DW_AT_decl_line
	.byte	14                              @ DW_AT_bit_size
	.byte	18                              @ DW_AT_data_bit_offset
	.byte	0                               @ End Of Children Mark
	.byte	15                              @ Abbrev [15] 0x560:0x5 DW_TAG_volatile_type
	.long	1381                            @ DW_AT_type
	.byte	10                              @ Abbrev [10] 0x565:0xc DW_TAG_typedef
	.long	1393                            @ DW_AT_type
	.long	.Linfo_string34                 @ DW_AT_name
	.byte	3                               @ DW_AT_decl_file
	.short	496                             @ DW_AT_decl_line
	.byte	16                              @ Abbrev [16] 0x571:0x3e DW_TAG_structure_type
	.byte	4                               @ DW_AT_byte_size
	.byte	3                               @ DW_AT_decl_file
	.short	490                             @ DW_AT_decl_line
	.byte	17                              @ Abbrev [17] 0x576:0xe DW_TAG_member
	.long	.Linfo_string32                 @ DW_AT_name
	.long	1130                            @ DW_AT_type
	.byte	3                               @ DW_AT_decl_file
	.short	492                             @ DW_AT_decl_line
	.byte	7                               @ DW_AT_bit_size
	.byte	0                               @ DW_AT_data_bit_offset
	.byte	17                              @ Abbrev [17] 0x584:0xe DW_TAG_member
	.long	.Linfo_string22                 @ DW_AT_name
	.long	1130                            @ DW_AT_type
	.byte	3                               @ DW_AT_decl_file
	.short	493                             @ DW_AT_decl_line
	.byte	1                               @ DW_AT_bit_size
	.byte	7                               @ DW_AT_data_bit_offset
	.byte	17                              @ Abbrev [17] 0x592:0xe DW_TAG_member
	.long	.Linfo_string33                 @ DW_AT_name
	.long	1130                            @ DW_AT_type
	.byte	3                               @ DW_AT_decl_file
	.short	494                             @ DW_AT_decl_line
	.byte	9                               @ DW_AT_bit_size
	.byte	8                               @ DW_AT_data_bit_offset
	.byte	17                              @ Abbrev [17] 0x5a0:0xe DW_TAG_member
	.long	.Linfo_string15                 @ DW_AT_name
	.long	1130                            @ DW_AT_type
	.byte	3                               @ DW_AT_decl_file
	.short	495                             @ DW_AT_decl_line
	.byte	15                              @ DW_AT_bit_size
	.byte	17                              @ DW_AT_data_bit_offset
	.byte	0                               @ End Of Children Mark
	.byte	15                              @ Abbrev [15] 0x5af:0x5 DW_TAG_volatile_type
	.long	1460                            @ DW_AT_type
	.byte	10                              @ Abbrev [10] 0x5b4:0xc DW_TAG_typedef
	.long	1472                            @ DW_AT_type
	.long	.Linfo_string40                 @ DW_AT_name
	.byte	3                               @ DW_AT_decl_file
	.short	505                             @ DW_AT_decl_line
	.byte	16                              @ Abbrev [16] 0x5c0:0x4c DW_TAG_structure_type
	.byte	4                               @ DW_AT_byte_size
	.byte	3                               @ DW_AT_decl_file
	.short	498                             @ DW_AT_decl_line
	.byte	17                              @ Abbrev [17] 0x5c5:0xe DW_TAG_member
	.long	.Linfo_string37                 @ DW_AT_name
	.long	1130                            @ DW_AT_type
	.byte	3                               @ DW_AT_decl_file
	.short	500                             @ DW_AT_decl_line
	.byte	8                               @ DW_AT_bit_size
	.byte	0                               @ DW_AT_data_bit_offset
	.byte	17                              @ Abbrev [17] 0x5d3:0xe DW_TAG_member
	.long	.Linfo_string38                 @ DW_AT_name
	.long	1130                            @ DW_AT_type
	.byte	3                               @ DW_AT_decl_file
	.short	501                             @ DW_AT_decl_line
	.byte	5                               @ DW_AT_bit_size
	.byte	8                               @ DW_AT_data_bit_offset
	.byte	17                              @ Abbrev [17] 0x5e1:0xe DW_TAG_member
	.long	.Linfo_string22                 @ DW_AT_name
	.long	1130                            @ DW_AT_type
	.byte	3                               @ DW_AT_decl_file
	.short	502                             @ DW_AT_decl_line
	.byte	3                               @ DW_AT_bit_size
	.byte	13                              @ DW_AT_data_bit_offset
	.byte	17                              @ Abbrev [17] 0x5ef:0xe DW_TAG_member
	.long	.Linfo_string39                 @ DW_AT_name
	.long	1130                            @ DW_AT_type
	.byte	3                               @ DW_AT_decl_file
	.short	503                             @ DW_AT_decl_line
	.byte	5                               @ DW_AT_bit_size
	.byte	16                              @ DW_AT_data_bit_offset
	.byte	17                              @ Abbrev [17] 0x5fd:0xe DW_TAG_member
	.long	.Linfo_string15                 @ DW_AT_name
	.long	1130                            @ DW_AT_type
	.byte	3                               @ DW_AT_decl_file
	.short	504                             @ DW_AT_decl_line
	.byte	11                              @ DW_AT_bit_size
	.byte	21                              @ DW_AT_data_bit_offset
	.byte	0                               @ End Of Children Mark
	.byte	15                              @ Abbrev [15] 0x60c:0x5 DW_TAG_volatile_type
	.long	1553                            @ DW_AT_type
	.byte	10                              @ Abbrev [10] 0x611:0xc DW_TAG_typedef
	.long	1565                            @ DW_AT_type
	.long	.Linfo_string45                 @ DW_AT_name
	.byte	3                               @ DW_AT_decl_file
	.short	512                             @ DW_AT_decl_line
	.byte	16                              @ Abbrev [16] 0x61d:0x30 DW_TAG_structure_type
	.byte	4                               @ DW_AT_byte_size
	.byte	3                               @ DW_AT_decl_file
	.short	507                             @ DW_AT_decl_line
	.byte	17                              @ Abbrev [17] 0x622:0xe DW_TAG_member
	.long	.Linfo_string43                 @ DW_AT_name
	.long	1130                            @ DW_AT_type
	.byte	3                               @ DW_AT_decl_file
	.short	509                             @ DW_AT_decl_line
	.byte	4                               @ DW_AT_bit_size
	.byte	0                               @ DW_AT_data_bit_offset
	.byte	17                              @ Abbrev [17] 0x630:0xe DW_TAG_member
	.long	.Linfo_string44                 @ DW_AT_name
	.long	1130                            @ DW_AT_type
	.byte	3                               @ DW_AT_decl_file
	.short	510                             @ DW_AT_decl_line
	.byte	8                               @ DW_AT_bit_size
	.byte	4                               @ DW_AT_data_bit_offset
	.byte	17                              @ Abbrev [17] 0x63e:0xe DW_TAG_member
	.long	.Linfo_string15                 @ DW_AT_name
	.long	1130                            @ DW_AT_type
	.byte	3                               @ DW_AT_decl_file
	.short	511                             @ DW_AT_decl_line
	.byte	20                              @ DW_AT_bit_size
	.byte	12                              @ DW_AT_data_bit_offset
	.byte	0                               @ End Of Children Mark
	.byte	15                              @ Abbrev [15] 0x64d:0x5 DW_TAG_volatile_type
	.long	1618                            @ DW_AT_type
	.byte	10                              @ Abbrev [10] 0x652:0xc DW_TAG_typedef
	.long	1630                            @ DW_AT_type
	.long	.Linfo_string50                 @ DW_AT_name
	.byte	3                               @ DW_AT_decl_file
	.short	520                             @ DW_AT_decl_line
	.byte	16                              @ Abbrev [16] 0x65e:0x3e DW_TAG_structure_type
	.byte	4                               @ DW_AT_byte_size
	.byte	3                               @ DW_AT_decl_file
	.short	514                             @ DW_AT_decl_line
	.byte	17                              @ Abbrev [17] 0x663:0xe DW_TAG_member
	.long	.Linfo_string48                 @ DW_AT_name
	.long	1130                            @ DW_AT_type
	.byte	3                               @ DW_AT_decl_file
	.short	516                             @ DW_AT_decl_line
	.byte	5                               @ DW_AT_bit_size
	.byte	0                               @ DW_AT_data_bit_offset
	.byte	17                              @ Abbrev [17] 0x671:0xe DW_TAG_member
	.long	.Linfo_string22                 @ DW_AT_name
	.long	1130                            @ DW_AT_type
	.byte	3                               @ DW_AT_decl_file
	.short	517                             @ DW_AT_decl_line
	.byte	3                               @ DW_AT_bit_size
	.byte	5                               @ DW_AT_data_bit_offset
	.byte	17                              @ Abbrev [17] 0x67f:0xe DW_TAG_member
	.long	.Linfo_string49                 @ DW_AT_name
	.long	1130                            @ DW_AT_type
	.byte	3                               @ DW_AT_decl_file
	.short	518                             @ DW_AT_decl_line
	.byte	6                               @ DW_AT_bit_size
	.byte	8                               @ DW_AT_data_bit_offset
	.byte	17                              @ Abbrev [17] 0x68d:0xe DW_TAG_member
	.long	.Linfo_string15                 @ DW_AT_name
	.long	1130                            @ DW_AT_type
	.byte	3                               @ DW_AT_decl_file
	.short	519                             @ DW_AT_decl_line
	.byte	18                              @ DW_AT_bit_size
	.byte	14                              @ DW_AT_data_bit_offset
	.byte	0                               @ End Of Children Mark
	.byte	15                              @ Abbrev [15] 0x69c:0x5 DW_TAG_volatile_type
	.long	1697                            @ DW_AT_type
	.byte	10                              @ Abbrev [10] 0x6a1:0xc DW_TAG_typedef
	.long	1709                            @ DW_AT_type
	.long	.Linfo_string55                 @ DW_AT_name
	.byte	3                               @ DW_AT_decl_file
	.short	528                             @ DW_AT_decl_line
	.byte	16                              @ Abbrev [16] 0x6ad:0x3e DW_TAG_structure_type
	.byte	4                               @ DW_AT_byte_size
	.byte	3                               @ DW_AT_decl_file
	.short	522                             @ DW_AT_decl_line
	.byte	17                              @ Abbrev [17] 0x6b2:0xe DW_TAG_member
	.long	.Linfo_string53                 @ DW_AT_name
	.long	1130                            @ DW_AT_type
	.byte	3                               @ DW_AT_decl_file
	.short	524                             @ DW_AT_decl_line
	.byte	7                               @ DW_AT_bit_size
	.byte	0                               @ DW_AT_data_bit_offset
	.byte	17                              @ Abbrev [17] 0x6c0:0xe DW_TAG_member
	.long	.Linfo_string22                 @ DW_AT_name
	.long	1130                            @ DW_AT_type
	.byte	3                               @ DW_AT_decl_file
	.short	525                             @ DW_AT_decl_line
	.byte	17                              @ DW_AT_bit_size
	.byte	7                               @ DW_AT_data_bit_offset
	.byte	17                              @ Abbrev [17] 0x6ce:0xe DW_TAG_member
	.long	.Linfo_string54                 @ DW_AT_name
	.long	1130                            @ DW_AT_type
	.byte	3                               @ DW_AT_decl_file
	.short	526                             @ DW_AT_decl_line
	.byte	1                               @ DW_AT_bit_size
	.byte	24                              @ DW_AT_data_bit_offset
	.byte	17                              @ Abbrev [17] 0x6dc:0xe DW_TAG_member
	.long	.Linfo_string15                 @ DW_AT_name
	.long	1130                            @ DW_AT_type
	.byte	3                               @ DW_AT_decl_file
	.short	527                             @ DW_AT_decl_line
	.byte	7                               @ DW_AT_bit_size
	.byte	25                              @ DW_AT_data_bit_offset
	.byte	0                               @ End Of Children Mark
	.byte	15                              @ Abbrev [15] 0x6eb:0x5 DW_TAG_volatile_type
	.long	1776                            @ DW_AT_type
	.byte	10                              @ Abbrev [10] 0x6f0:0xc DW_TAG_typedef
	.long	1788                            @ DW_AT_type
	.long	.Linfo_string60                 @ DW_AT_name
	.byte	3                               @ DW_AT_decl_file
	.short	536                             @ DW_AT_decl_line
	.byte	16                              @ Abbrev [16] 0x6fc:0x3e DW_TAG_structure_type
	.byte	4                               @ DW_AT_byte_size
	.byte	3                               @ DW_AT_decl_file
	.short	530                             @ DW_AT_decl_line
	.byte	17                              @ Abbrev [17] 0x701:0xe DW_TAG_member
	.long	.Linfo_string58                 @ DW_AT_name
	.long	1130                            @ DW_AT_type
	.byte	3                               @ DW_AT_decl_file
	.short	532                             @ DW_AT_decl_line
	.byte	1                               @ DW_AT_bit_size
	.byte	0                               @ DW_AT_data_bit_offset
	.byte	17                              @ Abbrev [17] 0x70f:0xe DW_TAG_member
	.long	.Linfo_string22                 @ DW_AT_name
	.long	1130                            @ DW_AT_type
	.byte	3                               @ DW_AT_decl_file
	.short	533                             @ DW_AT_decl_line
	.byte	15                              @ DW_AT_bit_size
	.byte	1                               @ DW_AT_data_bit_offset
	.byte	17                              @ Abbrev [17] 0x71d:0xe DW_TAG_member
	.long	.Linfo_string59                 @ DW_AT_name
	.long	1130                            @ DW_AT_type
	.byte	3                               @ DW_AT_decl_file
	.short	534                             @ DW_AT_decl_line
	.byte	1                               @ DW_AT_bit_size
	.byte	16                              @ DW_AT_data_bit_offset
	.byte	17                              @ Abbrev [17] 0x72b:0xe DW_TAG_member
	.long	.Linfo_string15                 @ DW_AT_name
	.long	1130                            @ DW_AT_type
	.byte	3                               @ DW_AT_decl_file
	.short	535                             @ DW_AT_decl_line
	.byte	15                              @ DW_AT_bit_size
	.byte	17                              @ DW_AT_data_bit_offset
	.byte	0                               @ End Of Children Mark
	.byte	15                              @ Abbrev [15] 0x73a:0x5 DW_TAG_volatile_type
	.long	1855                            @ DW_AT_type
	.byte	10                              @ Abbrev [10] 0x73f:0xc DW_TAG_typedef
	.long	1867                            @ DW_AT_type
	.long	.Linfo_string65                 @ DW_AT_name
	.byte	3                               @ DW_AT_decl_file
	.short	544                             @ DW_AT_decl_line
	.byte	16                              @ Abbrev [16] 0x74b:0x3e DW_TAG_structure_type
	.byte	4                               @ DW_AT_byte_size
	.byte	3                               @ DW_AT_decl_file
	.short	538                             @ DW_AT_decl_line
	.byte	17                              @ Abbrev [17] 0x750:0xe DW_TAG_member
	.long	.Linfo_string63                 @ DW_AT_name
	.long	1130                            @ DW_AT_type
	.byte	3                               @ DW_AT_decl_file
	.short	540                             @ DW_AT_decl_line
	.byte	1                               @ DW_AT_bit_size
	.byte	0                               @ DW_AT_data_bit_offset
	.byte	17                              @ Abbrev [17] 0x75e:0xe DW_TAG_member
	.long	.Linfo_string22                 @ DW_AT_name
	.long	1130                            @ DW_AT_type
	.byte	3                               @ DW_AT_decl_file
	.short	541                             @ DW_AT_decl_line
	.byte	3                               @ DW_AT_bit_size
	.byte	1                               @ DW_AT_data_bit_offset
	.byte	17                              @ Abbrev [17] 0x76c:0xe DW_TAG_member
	.long	.Linfo_string64                 @ DW_AT_name
	.long	1130                            @ DW_AT_type
	.byte	3                               @ DW_AT_decl_file
	.short	542                             @ DW_AT_decl_line
	.byte	1                               @ DW_AT_bit_size
	.byte	4                               @ DW_AT_data_bit_offset
	.byte	17                              @ Abbrev [17] 0x77a:0xe DW_TAG_member
	.long	.Linfo_string15                 @ DW_AT_name
	.long	1130                            @ DW_AT_type
	.byte	3                               @ DW_AT_decl_file
	.short	543                             @ DW_AT_decl_line
	.byte	27                              @ DW_AT_bit_size
	.byte	5                               @ DW_AT_data_bit_offset
	.byte	0                               @ End Of Children Mark
	.byte	15                              @ Abbrev [15] 0x789:0x5 DW_TAG_volatile_type
	.long	1934                            @ DW_AT_type
	.byte	10                              @ Abbrev [10] 0x78e:0xc DW_TAG_typedef
	.long	1946                            @ DW_AT_type
	.long	.Linfo_string73                 @ DW_AT_name
	.byte	3                               @ DW_AT_decl_file
	.short	555                             @ DW_AT_decl_line
	.byte	16                              @ Abbrev [16] 0x79a:0x68 DW_TAG_structure_type
	.byte	4                               @ DW_AT_byte_size
	.byte	3                               @ DW_AT_decl_file
	.short	546                             @ DW_AT_decl_line
	.byte	17                              @ Abbrev [17] 0x79f:0xe DW_TAG_member
	.long	.Linfo_string68                 @ DW_AT_name
	.long	1130                            @ DW_AT_type
	.byte	3                               @ DW_AT_decl_file
	.short	548                             @ DW_AT_decl_line
	.byte	1                               @ DW_AT_bit_size
	.byte	0                               @ DW_AT_data_bit_offset
	.byte	17                              @ Abbrev [17] 0x7ad:0xe DW_TAG_member
	.long	.Linfo_string69                 @ DW_AT_name
	.long	1130                            @ DW_AT_type
	.byte	3                               @ DW_AT_decl_file
	.short	549                             @ DW_AT_decl_line
	.byte	1                               @ DW_AT_bit_size
	.byte	1                               @ DW_AT_data_bit_offset
	.byte	17                              @ Abbrev [17] 0x7bb:0xe DW_TAG_member
	.long	.Linfo_string70                 @ DW_AT_name
	.long	1130                            @ DW_AT_type
	.byte	3                               @ DW_AT_decl_file
	.short	550                             @ DW_AT_decl_line
	.byte	1                               @ DW_AT_bit_size
	.byte	2                               @ DW_AT_data_bit_offset
	.byte	17                              @ Abbrev [17] 0x7c9:0xe DW_TAG_member
	.long	.Linfo_string22                 @ DW_AT_name
	.long	1130                            @ DW_AT_type
	.byte	3                               @ DW_AT_decl_file
	.short	551                             @ DW_AT_decl_line
	.byte	1                               @ DW_AT_bit_size
	.byte	3                               @ DW_AT_data_bit_offset
	.byte	17                              @ Abbrev [17] 0x7d7:0xe DW_TAG_member
	.long	.Linfo_string71                 @ DW_AT_name
	.long	1130                            @ DW_AT_type
	.byte	3                               @ DW_AT_decl_file
	.short	552                             @ DW_AT_decl_line
	.byte	1                               @ DW_AT_bit_size
	.byte	4                               @ DW_AT_data_bit_offset
	.byte	17                              @ Abbrev [17] 0x7e5:0xe DW_TAG_member
	.long	.Linfo_string72                 @ DW_AT_name
	.long	1130                            @ DW_AT_type
	.byte	3                               @ DW_AT_decl_file
	.short	553                             @ DW_AT_decl_line
	.byte	1                               @ DW_AT_bit_size
	.byte	5                               @ DW_AT_data_bit_offset
	.byte	17                              @ Abbrev [17] 0x7f3:0xe DW_TAG_member
	.long	.Linfo_string15                 @ DW_AT_name
	.long	1130                            @ DW_AT_type
	.byte	3                               @ DW_AT_decl_file
	.short	554                             @ DW_AT_decl_line
	.byte	26                              @ DW_AT_bit_size
	.byte	6                               @ DW_AT_data_bit_offset
	.byte	0                               @ End Of Children Mark
	.byte	15                              @ Abbrev [15] 0x802:0x5 DW_TAG_volatile_type
	.long	2055                            @ DW_AT_type
	.byte	10                              @ Abbrev [10] 0x807:0xc DW_TAG_typedef
	.long	2067                            @ DW_AT_type
	.long	.Linfo_string78                 @ DW_AT_name
	.byte	3                               @ DW_AT_decl_file
	.short	563                             @ DW_AT_decl_line
	.byte	16                              @ Abbrev [16] 0x813:0x3e DW_TAG_structure_type
	.byte	4                               @ DW_AT_byte_size
	.byte	3                               @ DW_AT_decl_file
	.short	557                             @ DW_AT_decl_line
	.byte	17                              @ Abbrev [17] 0x818:0xe DW_TAG_member
	.long	.Linfo_string76                 @ DW_AT_name
	.long	1130                            @ DW_AT_type
	.byte	3                               @ DW_AT_decl_file
	.short	559                             @ DW_AT_decl_line
	.byte	7                               @ DW_AT_bit_size
	.byte	0                               @ DW_AT_data_bit_offset
	.byte	17                              @ Abbrev [17] 0x826:0xe DW_TAG_member
	.long	.Linfo_string22                 @ DW_AT_name
	.long	1130                            @ DW_AT_type
	.byte	3                               @ DW_AT_decl_file
	.short	560                             @ DW_AT_decl_line
	.byte	1                               @ DW_AT_bit_size
	.byte	7                               @ DW_AT_data_bit_offset
	.byte	17                              @ Abbrev [17] 0x834:0xe DW_TAG_member
	.long	.Linfo_string77                 @ DW_AT_name
	.long	1130                            @ DW_AT_type
	.byte	3                               @ DW_AT_decl_file
	.short	561                             @ DW_AT_decl_line
	.byte	7                               @ DW_AT_bit_size
	.byte	8                               @ DW_AT_data_bit_offset
	.byte	17                              @ Abbrev [17] 0x842:0xe DW_TAG_member
	.long	.Linfo_string15                 @ DW_AT_name
	.long	1130                            @ DW_AT_type
	.byte	3                               @ DW_AT_decl_file
	.short	562                             @ DW_AT_decl_line
	.byte	17                              @ DW_AT_bit_size
	.byte	15                              @ DW_AT_data_bit_offset
	.byte	0                               @ End Of Children Mark
	.byte	15                              @ Abbrev [15] 0x851:0x5 DW_TAG_volatile_type
	.long	2134                            @ DW_AT_type
	.byte	10                              @ Abbrev [10] 0x856:0xc DW_TAG_typedef
	.long	2146                            @ DW_AT_type
	.long	.Linfo_string83                 @ DW_AT_name
	.byte	3                               @ DW_AT_decl_file
	.short	571                             @ DW_AT_decl_line
	.byte	16                              @ Abbrev [16] 0x862:0x3e DW_TAG_structure_type
	.byte	4                               @ DW_AT_byte_size
	.byte	3                               @ DW_AT_decl_file
	.short	565                             @ DW_AT_decl_line
	.byte	17                              @ Abbrev [17] 0x867:0xe DW_TAG_member
	.long	.Linfo_string81                 @ DW_AT_name
	.long	1130                            @ DW_AT_type
	.byte	3                               @ DW_AT_decl_file
	.short	567                             @ DW_AT_decl_line
	.byte	7                               @ DW_AT_bit_size
	.byte	0                               @ DW_AT_data_bit_offset
	.byte	17                              @ Abbrev [17] 0x875:0xe DW_TAG_member
	.long	.Linfo_string22                 @ DW_AT_name
	.long	1130                            @ DW_AT_type
	.byte	3                               @ DW_AT_decl_file
	.short	568                             @ DW_AT_decl_line
	.byte	1                               @ DW_AT_bit_size
	.byte	7                               @ DW_AT_data_bit_offset
	.byte	17                              @ Abbrev [17] 0x883:0xe DW_TAG_member
	.long	.Linfo_string82                 @ DW_AT_name
	.long	1130                            @ DW_AT_type
	.byte	3                               @ DW_AT_decl_file
	.short	569                             @ DW_AT_decl_line
	.byte	7                               @ DW_AT_bit_size
	.byte	8                               @ DW_AT_data_bit_offset
	.byte	17                              @ Abbrev [17] 0x891:0xe DW_TAG_member
	.long	.Linfo_string15                 @ DW_AT_name
	.long	1130                            @ DW_AT_type
	.byte	3                               @ DW_AT_decl_file
	.short	570                             @ DW_AT_decl_line
	.byte	17                              @ DW_AT_bit_size
	.byte	15                              @ DW_AT_data_bit_offset
	.byte	0                               @ End Of Children Mark
	.byte	15                              @ Abbrev [15] 0x8a0:0x5 DW_TAG_volatile_type
	.long	2213                            @ DW_AT_type
	.byte	10                              @ Abbrev [10] 0x8a5:0xc DW_TAG_typedef
	.long	2225                            @ DW_AT_type
	.long	.Linfo_string95                 @ DW_AT_name
	.byte	3                               @ DW_AT_decl_file
	.short	585                             @ DW_AT_decl_line
	.byte	16                              @ Abbrev [16] 0x8b1:0x92 DW_TAG_structure_type
	.byte	4                               @ DW_AT_byte_size
	.byte	3                               @ DW_AT_decl_file
	.short	573                             @ DW_AT_decl_line
	.byte	17                              @ Abbrev [17] 0x8b6:0xe DW_TAG_member
	.long	.Linfo_string86                 @ DW_AT_name
	.long	1130                            @ DW_AT_type
	.byte	3                               @ DW_AT_decl_file
	.short	575                             @ DW_AT_decl_line
	.byte	1                               @ DW_AT_bit_size
	.byte	0                               @ DW_AT_data_bit_offset
	.byte	17                              @ Abbrev [17] 0x8c4:0xe DW_TAG_member
	.long	.Linfo_string87                 @ DW_AT_name
	.long	1130                            @ DW_AT_type
	.byte	3                               @ DW_AT_decl_file
	.short	576                             @ DW_AT_decl_line
	.byte	1                               @ DW_AT_bit_size
	.byte	1                               @ DW_AT_data_bit_offset
	.byte	17                              @ Abbrev [17] 0x8d2:0xe DW_TAG_member
	.long	.Linfo_string88                 @ DW_AT_name
	.long	1130                            @ DW_AT_type
	.byte	3                               @ DW_AT_decl_file
	.short	577                             @ DW_AT_decl_line
	.byte	1                               @ DW_AT_bit_size
	.byte	2                               @ DW_AT_data_bit_offset
	.byte	17                              @ Abbrev [17] 0x8e0:0xe DW_TAG_member
	.long	.Linfo_string89                 @ DW_AT_name
	.long	1130                            @ DW_AT_type
	.byte	3                               @ DW_AT_decl_file
	.short	578                             @ DW_AT_decl_line
	.byte	1                               @ DW_AT_bit_size
	.byte	3                               @ DW_AT_data_bit_offset
	.byte	17                              @ Abbrev [17] 0x8ee:0xe DW_TAG_member
	.long	.Linfo_string90                 @ DW_AT_name
	.long	1130                            @ DW_AT_type
	.byte	3                               @ DW_AT_decl_file
	.short	579                             @ DW_AT_decl_line
	.byte	1                               @ DW_AT_bit_size
	.byte	4                               @ DW_AT_data_bit_offset
	.byte	17                              @ Abbrev [17] 0x8fc:0xe DW_TAG_member
	.long	.Linfo_string91                 @ DW_AT_name
	.long	1130                            @ DW_AT_type
	.byte	3                               @ DW_AT_decl_file
	.short	580                             @ DW_AT_decl_line
	.byte	1                               @ DW_AT_bit_size
	.byte	5                               @ DW_AT_data_bit_offset
	.byte	17                              @ Abbrev [17] 0x90a:0xe DW_TAG_member
	.long	.Linfo_string92                 @ DW_AT_name
	.long	1130                            @ DW_AT_type
	.byte	3                               @ DW_AT_decl_file
	.short	581                             @ DW_AT_decl_line
	.byte	1                               @ DW_AT_bit_size
	.byte	6                               @ DW_AT_data_bit_offset
	.byte	17                              @ Abbrev [17] 0x918:0xe DW_TAG_member
	.long	.Linfo_string93                 @ DW_AT_name
	.long	1130                            @ DW_AT_type
	.byte	3                               @ DW_AT_decl_file
	.short	582                             @ DW_AT_decl_line
	.byte	1                               @ DW_AT_bit_size
	.byte	7                               @ DW_AT_data_bit_offset
	.byte	17                              @ Abbrev [17] 0x926:0xe DW_TAG_member
	.long	.Linfo_string94                 @ DW_AT_name
	.long	1130                            @ DW_AT_type
	.byte	3                               @ DW_AT_decl_file
	.short	583                             @ DW_AT_decl_line
	.byte	1                               @ DW_AT_bit_size
	.byte	8                               @ DW_AT_data_bit_offset
	.byte	17                              @ Abbrev [17] 0x934:0xe DW_TAG_member
	.long	.Linfo_string15                 @ DW_AT_name
	.long	1130                            @ DW_AT_type
	.byte	3                               @ DW_AT_decl_file
	.short	584                             @ DW_AT_decl_line
	.byte	23                              @ DW_AT_bit_size
	.byte	9                               @ DW_AT_data_bit_offset
	.byte	0                               @ End Of Children Mark
	.byte	15                              @ Abbrev [15] 0x943:0x5 DW_TAG_volatile_type
	.long	2376                            @ DW_AT_type
	.byte	10                              @ Abbrev [10] 0x948:0xc DW_TAG_typedef
	.long	2388                            @ DW_AT_type
	.long	.Linfo_string107                @ DW_AT_name
	.byte	3                               @ DW_AT_decl_file
	.short	599                             @ DW_AT_decl_line
	.byte	16                              @ Abbrev [16] 0x954:0x92 DW_TAG_structure_type
	.byte	4                               @ DW_AT_byte_size
	.byte	3                               @ DW_AT_decl_file
	.short	587                             @ DW_AT_decl_line
	.byte	17                              @ Abbrev [17] 0x959:0xe DW_TAG_member
	.long	.Linfo_string98                 @ DW_AT_name
	.long	1130                            @ DW_AT_type
	.byte	3                               @ DW_AT_decl_file
	.short	589                             @ DW_AT_decl_line
	.byte	1                               @ DW_AT_bit_size
	.byte	0                               @ DW_AT_data_bit_offset
	.byte	17                              @ Abbrev [17] 0x967:0xe DW_TAG_member
	.long	.Linfo_string99                 @ DW_AT_name
	.long	1130                            @ DW_AT_type
	.byte	3                               @ DW_AT_decl_file
	.short	590                             @ DW_AT_decl_line
	.byte	1                               @ DW_AT_bit_size
	.byte	1                               @ DW_AT_data_bit_offset
	.byte	17                              @ Abbrev [17] 0x975:0xe DW_TAG_member
	.long	.Linfo_string100                @ DW_AT_name
	.long	1130                            @ DW_AT_type
	.byte	3                               @ DW_AT_decl_file
	.short	591                             @ DW_AT_decl_line
	.byte	1                               @ DW_AT_bit_size
	.byte	2                               @ DW_AT_data_bit_offset
	.byte	17                              @ Abbrev [17] 0x983:0xe DW_TAG_member
	.long	.Linfo_string101                @ DW_AT_name
	.long	1130                            @ DW_AT_type
	.byte	3                               @ DW_AT_decl_file
	.short	592                             @ DW_AT_decl_line
	.byte	1                               @ DW_AT_bit_size
	.byte	3                               @ DW_AT_data_bit_offset
	.byte	17                              @ Abbrev [17] 0x991:0xe DW_TAG_member
	.long	.Linfo_string102                @ DW_AT_name
	.long	1130                            @ DW_AT_type
	.byte	3                               @ DW_AT_decl_file
	.short	593                             @ DW_AT_decl_line
	.byte	1                               @ DW_AT_bit_size
	.byte	4                               @ DW_AT_data_bit_offset
	.byte	17                              @ Abbrev [17] 0x99f:0xe DW_TAG_member
	.long	.Linfo_string103                @ DW_AT_name
	.long	1130                            @ DW_AT_type
	.byte	3                               @ DW_AT_decl_file
	.short	594                             @ DW_AT_decl_line
	.byte	1                               @ DW_AT_bit_size
	.byte	5                               @ DW_AT_data_bit_offset
	.byte	17                              @ Abbrev [17] 0x9ad:0xe DW_TAG_member
	.long	.Linfo_string104                @ DW_AT_name
	.long	1130                            @ DW_AT_type
	.byte	3                               @ DW_AT_decl_file
	.short	595                             @ DW_AT_decl_line
	.byte	1                               @ DW_AT_bit_size
	.byte	6                               @ DW_AT_data_bit_offset
	.byte	17                              @ Abbrev [17] 0x9bb:0xe DW_TAG_member
	.long	.Linfo_string105                @ DW_AT_name
	.long	1130                            @ DW_AT_type
	.byte	3                               @ DW_AT_decl_file
	.short	596                             @ DW_AT_decl_line
	.byte	1                               @ DW_AT_bit_size
	.byte	7                               @ DW_AT_data_bit_offset
	.byte	17                              @ Abbrev [17] 0x9c9:0xe DW_TAG_member
	.long	.Linfo_string106                @ DW_AT_name
	.long	1130                            @ DW_AT_type
	.byte	3                               @ DW_AT_decl_file
	.short	597                             @ DW_AT_decl_line
	.byte	1                               @ DW_AT_bit_size
	.byte	8                               @ DW_AT_data_bit_offset
	.byte	17                              @ Abbrev [17] 0x9d7:0xe DW_TAG_member
	.long	.Linfo_string15                 @ DW_AT_name
	.long	1130                            @ DW_AT_type
	.byte	3                               @ DW_AT_decl_file
	.short	598                             @ DW_AT_decl_line
	.byte	23                              @ DW_AT_bit_size
	.byte	9                               @ DW_AT_data_bit_offset
	.byte	0                               @ End Of Children Mark
	.byte	15                              @ Abbrev [15] 0x9e6:0x5 DW_TAG_volatile_type
	.long	2539                            @ DW_AT_type
	.byte	10                              @ Abbrev [10] 0x9eb:0xc DW_TAG_typedef
	.long	2551                            @ DW_AT_type
	.long	.Linfo_string119                @ DW_AT_name
	.byte	3                               @ DW_AT_decl_file
	.short	613                             @ DW_AT_decl_line
	.byte	16                              @ Abbrev [16] 0x9f7:0x92 DW_TAG_structure_type
	.byte	4                               @ DW_AT_byte_size
	.byte	3                               @ DW_AT_decl_file
	.short	601                             @ DW_AT_decl_line
	.byte	17                              @ Abbrev [17] 0x9fc:0xe DW_TAG_member
	.long	.Linfo_string110                @ DW_AT_name
	.long	1130                            @ DW_AT_type
	.byte	3                               @ DW_AT_decl_file
	.short	603                             @ DW_AT_decl_line
	.byte	1                               @ DW_AT_bit_size
	.byte	0                               @ DW_AT_data_bit_offset
	.byte	17                              @ Abbrev [17] 0xa0a:0xe DW_TAG_member
	.long	.Linfo_string111                @ DW_AT_name
	.long	1130                            @ DW_AT_type
	.byte	3                               @ DW_AT_decl_file
	.short	604                             @ DW_AT_decl_line
	.byte	1                               @ DW_AT_bit_size
	.byte	1                               @ DW_AT_data_bit_offset
	.byte	17                              @ Abbrev [17] 0xa18:0xe DW_TAG_member
	.long	.Linfo_string112                @ DW_AT_name
	.long	1130                            @ DW_AT_type
	.byte	3                               @ DW_AT_decl_file
	.short	605                             @ DW_AT_decl_line
	.byte	1                               @ DW_AT_bit_size
	.byte	2                               @ DW_AT_data_bit_offset
	.byte	17                              @ Abbrev [17] 0xa26:0xe DW_TAG_member
	.long	.Linfo_string113                @ DW_AT_name
	.long	1130                            @ DW_AT_type
	.byte	3                               @ DW_AT_decl_file
	.short	606                             @ DW_AT_decl_line
	.byte	1                               @ DW_AT_bit_size
	.byte	3                               @ DW_AT_data_bit_offset
	.byte	17                              @ Abbrev [17] 0xa34:0xe DW_TAG_member
	.long	.Linfo_string114                @ DW_AT_name
	.long	1130                            @ DW_AT_type
	.byte	3                               @ DW_AT_decl_file
	.short	607                             @ DW_AT_decl_line
	.byte	1                               @ DW_AT_bit_size
	.byte	4                               @ DW_AT_data_bit_offset
	.byte	17                              @ Abbrev [17] 0xa42:0xe DW_TAG_member
	.long	.Linfo_string115                @ DW_AT_name
	.long	1130                            @ DW_AT_type
	.byte	3                               @ DW_AT_decl_file
	.short	608                             @ DW_AT_decl_line
	.byte	1                               @ DW_AT_bit_size
	.byte	5                               @ DW_AT_data_bit_offset
	.byte	17                              @ Abbrev [17] 0xa50:0xe DW_TAG_member
	.long	.Linfo_string116                @ DW_AT_name
	.long	1130                            @ DW_AT_type
	.byte	3                               @ DW_AT_decl_file
	.short	609                             @ DW_AT_decl_line
	.byte	1                               @ DW_AT_bit_size
	.byte	6                               @ DW_AT_data_bit_offset
	.byte	17                              @ Abbrev [17] 0xa5e:0xe DW_TAG_member
	.long	.Linfo_string117                @ DW_AT_name
	.long	1130                            @ DW_AT_type
	.byte	3                               @ DW_AT_decl_file
	.short	610                             @ DW_AT_decl_line
	.byte	1                               @ DW_AT_bit_size
	.byte	7                               @ DW_AT_data_bit_offset
	.byte	17                              @ Abbrev [17] 0xa6c:0xe DW_TAG_member
	.long	.Linfo_string118                @ DW_AT_name
	.long	1130                            @ DW_AT_type
	.byte	3                               @ DW_AT_decl_file
	.short	611                             @ DW_AT_decl_line
	.byte	1                               @ DW_AT_bit_size
	.byte	8                               @ DW_AT_data_bit_offset
	.byte	17                              @ Abbrev [17] 0xa7a:0xe DW_TAG_member
	.long	.Linfo_string15                 @ DW_AT_name
	.long	1130                            @ DW_AT_type
	.byte	3                               @ DW_AT_decl_file
	.short	612                             @ DW_AT_decl_line
	.byte	23                              @ DW_AT_bit_size
	.byte	9                               @ DW_AT_data_bit_offset
	.byte	0                               @ End Of Children Mark
	.byte	15                              @ Abbrev [15] 0xa89:0x5 DW_TAG_volatile_type
	.long	2702                            @ DW_AT_type
	.byte	10                              @ Abbrev [10] 0xa8e:0xc DW_TAG_typedef
	.long	2714                            @ DW_AT_type
	.long	.Linfo_string131                @ DW_AT_name
	.byte	3                               @ DW_AT_decl_file
	.short	627                             @ DW_AT_decl_line
	.byte	16                              @ Abbrev [16] 0xa9a:0x92 DW_TAG_structure_type
	.byte	4                               @ DW_AT_byte_size
	.byte	3                               @ DW_AT_decl_file
	.short	615                             @ DW_AT_decl_line
	.byte	17                              @ Abbrev [17] 0xa9f:0xe DW_TAG_member
	.long	.Linfo_string122                @ DW_AT_name
	.long	1130                            @ DW_AT_type
	.byte	3                               @ DW_AT_decl_file
	.short	617                             @ DW_AT_decl_line
	.byte	1                               @ DW_AT_bit_size
	.byte	0                               @ DW_AT_data_bit_offset
	.byte	17                              @ Abbrev [17] 0xaad:0xe DW_TAG_member
	.long	.Linfo_string123                @ DW_AT_name
	.long	1130                            @ DW_AT_type
	.byte	3                               @ DW_AT_decl_file
	.short	618                             @ DW_AT_decl_line
	.byte	1                               @ DW_AT_bit_size
	.byte	1                               @ DW_AT_data_bit_offset
	.byte	17                              @ Abbrev [17] 0xabb:0xe DW_TAG_member
	.long	.Linfo_string124                @ DW_AT_name
	.long	1130                            @ DW_AT_type
	.byte	3                               @ DW_AT_decl_file
	.short	619                             @ DW_AT_decl_line
	.byte	1                               @ DW_AT_bit_size
	.byte	2                               @ DW_AT_data_bit_offset
	.byte	17                              @ Abbrev [17] 0xac9:0xe DW_TAG_member
	.long	.Linfo_string125                @ DW_AT_name
	.long	1130                            @ DW_AT_type
	.byte	3                               @ DW_AT_decl_file
	.short	620                             @ DW_AT_decl_line
	.byte	1                               @ DW_AT_bit_size
	.byte	3                               @ DW_AT_data_bit_offset
	.byte	17                              @ Abbrev [17] 0xad7:0xe DW_TAG_member
	.long	.Linfo_string126                @ DW_AT_name
	.long	1130                            @ DW_AT_type
	.byte	3                               @ DW_AT_decl_file
	.short	621                             @ DW_AT_decl_line
	.byte	1                               @ DW_AT_bit_size
	.byte	4                               @ DW_AT_data_bit_offset
	.byte	17                              @ Abbrev [17] 0xae5:0xe DW_TAG_member
	.long	.Linfo_string127                @ DW_AT_name
	.long	1130                            @ DW_AT_type
	.byte	3                               @ DW_AT_decl_file
	.short	622                             @ DW_AT_decl_line
	.byte	1                               @ DW_AT_bit_size
	.byte	5                               @ DW_AT_data_bit_offset
	.byte	17                              @ Abbrev [17] 0xaf3:0xe DW_TAG_member
	.long	.Linfo_string128                @ DW_AT_name
	.long	1130                            @ DW_AT_type
	.byte	3                               @ DW_AT_decl_file
	.short	623                             @ DW_AT_decl_line
	.byte	1                               @ DW_AT_bit_size
	.byte	6                               @ DW_AT_data_bit_offset
	.byte	17                              @ Abbrev [17] 0xb01:0xe DW_TAG_member
	.long	.Linfo_string129                @ DW_AT_name
	.long	1130                            @ DW_AT_type
	.byte	3                               @ DW_AT_decl_file
	.short	624                             @ DW_AT_decl_line
	.byte	1                               @ DW_AT_bit_size
	.byte	7                               @ DW_AT_data_bit_offset
	.byte	17                              @ Abbrev [17] 0xb0f:0xe DW_TAG_member
	.long	.Linfo_string130                @ DW_AT_name
	.long	1130                            @ DW_AT_type
	.byte	3                               @ DW_AT_decl_file
	.short	625                             @ DW_AT_decl_line
	.byte	1                               @ DW_AT_bit_size
	.byte	8                               @ DW_AT_data_bit_offset
	.byte	17                              @ Abbrev [17] 0xb1d:0xe DW_TAG_member
	.long	.Linfo_string15                 @ DW_AT_name
	.long	1130                            @ DW_AT_type
	.byte	3                               @ DW_AT_decl_file
	.short	626                             @ DW_AT_decl_line
	.byte	23                              @ DW_AT_bit_size
	.byte	9                               @ DW_AT_data_bit_offset
	.byte	0                               @ End Of Children Mark
	.byte	15                              @ Abbrev [15] 0xb2c:0x5 DW_TAG_volatile_type
	.long	2865                            @ DW_AT_type
	.byte	10                              @ Abbrev [10] 0xb31:0xc DW_TAG_typedef
	.long	2877                            @ DW_AT_type
	.long	.Linfo_string134                @ DW_AT_name
	.byte	3                               @ DW_AT_decl_file
	.short	633                             @ DW_AT_decl_line
	.byte	16                              @ Abbrev [16] 0xb3d:0x22 DW_TAG_structure_type
	.byte	4                               @ DW_AT_byte_size
	.byte	3                               @ DW_AT_decl_file
	.short	629                             @ DW_AT_decl_line
	.byte	17                              @ Abbrev [17] 0xb42:0xe DW_TAG_member
	.long	.Linfo_string132                @ DW_AT_name
	.long	1130                            @ DW_AT_type
	.byte	3                               @ DW_AT_decl_file
	.short	631                             @ DW_AT_decl_line
	.byte	14                              @ DW_AT_bit_size
	.byte	0                               @ DW_AT_data_bit_offset
	.byte	17                              @ Abbrev [17] 0xb50:0xe DW_TAG_member
	.long	.Linfo_string15                 @ DW_AT_name
	.long	1130                            @ DW_AT_type
	.byte	3                               @ DW_AT_decl_file
	.short	632                             @ DW_AT_decl_line
	.byte	18                              @ DW_AT_bit_size
	.byte	14                              @ DW_AT_data_bit_offset
	.byte	0                               @ End Of Children Mark
	.byte	15                              @ Abbrev [15] 0xb5f:0x5 DW_TAG_volatile_type
	.long	2916                            @ DW_AT_type
	.byte	10                              @ Abbrev [10] 0xb64:0xc DW_TAG_typedef
	.long	2928                            @ DW_AT_type
	.long	.Linfo_string139                @ DW_AT_name
	.byte	3                               @ DW_AT_decl_file
	.short	641                             @ DW_AT_decl_line
	.byte	16                              @ Abbrev [16] 0xb70:0x3e DW_TAG_structure_type
	.byte	4                               @ DW_AT_byte_size
	.byte	3                               @ DW_AT_decl_file
	.short	635                             @ DW_AT_decl_line
	.byte	17                              @ Abbrev [17] 0xb75:0xe DW_TAG_member
	.long	.Linfo_string137                @ DW_AT_name
	.long	1130                            @ DW_AT_type
	.byte	3                               @ DW_AT_decl_file
	.short	637                             @ DW_AT_decl_line
	.byte	15                              @ DW_AT_bit_size
	.byte	0                               @ DW_AT_data_bit_offset
	.byte	17                              @ Abbrev [17] 0xb83:0xe DW_TAG_member
	.long	.Linfo_string22                 @ DW_AT_name
	.long	1130                            @ DW_AT_type
	.byte	3                               @ DW_AT_decl_file
	.short	638                             @ DW_AT_decl_line
	.byte	1                               @ DW_AT_bit_size
	.byte	15                              @ DW_AT_data_bit_offset
	.byte	17                              @ Abbrev [17] 0xb91:0xe DW_TAG_member
	.long	.Linfo_string138                @ DW_AT_name
	.long	1130                            @ DW_AT_type
	.byte	3                               @ DW_AT_decl_file
	.short	639                             @ DW_AT_decl_line
	.byte	2                               @ DW_AT_bit_size
	.byte	16                              @ DW_AT_data_bit_offset
	.byte	17                              @ Abbrev [17] 0xb9f:0xe DW_TAG_member
	.long	.Linfo_string15                 @ DW_AT_name
	.long	1130                            @ DW_AT_type
	.byte	3                               @ DW_AT_decl_file
	.short	640                             @ DW_AT_decl_line
	.byte	14                              @ DW_AT_bit_size
	.byte	18                              @ DW_AT_data_bit_offset
	.byte	0                               @ End Of Children Mark
	.byte	15                              @ Abbrev [15] 0xbae:0x5 DW_TAG_volatile_type
	.long	2995                            @ DW_AT_type
	.byte	10                              @ Abbrev [10] 0xbb3:0xc DW_TAG_typedef
	.long	3007                            @ DW_AT_type
	.long	.Linfo_string147                @ DW_AT_name
	.byte	3                               @ DW_AT_decl_file
	.short	651                             @ DW_AT_decl_line
	.byte	16                              @ Abbrev [16] 0xbbf:0x5a DW_TAG_structure_type
	.byte	4                               @ DW_AT_byte_size
	.byte	3                               @ DW_AT_decl_file
	.short	643                             @ DW_AT_decl_line
	.byte	17                              @ Abbrev [17] 0xbc4:0xe DW_TAG_member
	.long	.Linfo_string142                @ DW_AT_name
	.long	1130                            @ DW_AT_type
	.byte	3                               @ DW_AT_decl_file
	.short	645                             @ DW_AT_decl_line
	.byte	1                               @ DW_AT_bit_size
	.byte	0                               @ DW_AT_data_bit_offset
	.byte	17                              @ Abbrev [17] 0xbd2:0xe DW_TAG_member
	.long	.Linfo_string143                @ DW_AT_name
	.long	1130                            @ DW_AT_type
	.byte	3                               @ DW_AT_decl_file
	.short	646                             @ DW_AT_decl_line
	.byte	1                               @ DW_AT_bit_size
	.byte	1                               @ DW_AT_data_bit_offset
	.byte	17                              @ Abbrev [17] 0xbe0:0xe DW_TAG_member
	.long	.Linfo_string144                @ DW_AT_name
	.long	1130                            @ DW_AT_type
	.byte	3                               @ DW_AT_decl_file
	.short	647                             @ DW_AT_decl_line
	.byte	1                               @ DW_AT_bit_size
	.byte	2                               @ DW_AT_data_bit_offset
	.byte	17                              @ Abbrev [17] 0xbee:0xe DW_TAG_member
	.long	.Linfo_string145                @ DW_AT_name
	.long	1130                            @ DW_AT_type
	.byte	3                               @ DW_AT_decl_file
	.short	648                             @ DW_AT_decl_line
	.byte	1                               @ DW_AT_bit_size
	.byte	3                               @ DW_AT_data_bit_offset
	.byte	17                              @ Abbrev [17] 0xbfc:0xe DW_TAG_member
	.long	.Linfo_string146                @ DW_AT_name
	.long	1130                            @ DW_AT_type
	.byte	3                               @ DW_AT_decl_file
	.short	649                             @ DW_AT_decl_line
	.byte	1                               @ DW_AT_bit_size
	.byte	4                               @ DW_AT_data_bit_offset
	.byte	17                              @ Abbrev [17] 0xc0a:0xe DW_TAG_member
	.long	.Linfo_string15                 @ DW_AT_name
	.long	1130                            @ DW_AT_type
	.byte	3                               @ DW_AT_decl_file
	.short	650                             @ DW_AT_decl_line
	.byte	27                              @ DW_AT_bit_size
	.byte	5                               @ DW_AT_data_bit_offset
	.byte	0                               @ End Of Children Mark
	.byte	15                              @ Abbrev [15] 0xc19:0x5 DW_TAG_volatile_type
	.long	3102                            @ DW_AT_type
	.byte	10                              @ Abbrev [10] 0xc1e:0xc DW_TAG_typedef
	.long	3114                            @ DW_AT_type
	.long	.Linfo_string152                @ DW_AT_name
	.byte	3                               @ DW_AT_decl_file
	.short	658                             @ DW_AT_decl_line
	.byte	16                              @ Abbrev [16] 0xc2a:0x30 DW_TAG_structure_type
	.byte	4                               @ DW_AT_byte_size
	.byte	3                               @ DW_AT_decl_file
	.short	653                             @ DW_AT_decl_line
	.byte	17                              @ Abbrev [17] 0xc2f:0xe DW_TAG_member
	.long	.Linfo_string150                @ DW_AT_name
	.long	1130                            @ DW_AT_type
	.byte	3                               @ DW_AT_decl_file
	.short	655                             @ DW_AT_decl_line
	.byte	1                               @ DW_AT_bit_size
	.byte	0                               @ DW_AT_data_bit_offset
	.byte	17                              @ Abbrev [17] 0xc3d:0xe DW_TAG_member
	.long	.Linfo_string151                @ DW_AT_name
	.long	1130                            @ DW_AT_type
	.byte	3                               @ DW_AT_decl_file
	.short	656                             @ DW_AT_decl_line
	.byte	1                               @ DW_AT_bit_size
	.byte	1                               @ DW_AT_data_bit_offset
	.byte	17                              @ Abbrev [17] 0xc4b:0xe DW_TAG_member
	.long	.Linfo_string15                 @ DW_AT_name
	.long	1130                            @ DW_AT_type
	.byte	3                               @ DW_AT_decl_file
	.short	657                             @ DW_AT_decl_line
	.byte	30                              @ DW_AT_bit_size
	.byte	2                               @ DW_AT_data_bit_offset
	.byte	0                               @ End Of Children Mark
	.byte	18                              @ Abbrev [18] 0xc5a:0xc DW_TAG_array_type
	.long	1135                            @ DW_AT_type
	.byte	19                              @ Abbrev [19] 0xc5f:0x6 DW_TAG_subrange_type
	.long	3174                            @ DW_AT_type
	.byte	41                              @ DW_AT_count
	.byte	0                               @ End Of Children Mark
	.byte	20                              @ Abbrev [20] 0xc66:0x7 DW_TAG_base_type
	.long	.Linfo_string153                @ DW_AT_name
	.byte	8                               @ DW_AT_byte_size
	.byte	7                               @ DW_AT_encoding
	.byte	15                              @ Abbrev [15] 0xc6d:0x5 DW_TAG_volatile_type
	.long	3186                            @ DW_AT_type
	.byte	10                              @ Abbrev [10] 0xc72:0xc DW_TAG_typedef
	.long	3198                            @ DW_AT_type
	.long	.Linfo_string156                @ DW_AT_name
	.byte	3                               @ DW_AT_decl_file
	.short	664                             @ DW_AT_decl_line
	.byte	16                              @ Abbrev [16] 0xc7e:0x22 DW_TAG_structure_type
	.byte	4                               @ DW_AT_byte_size
	.byte	3                               @ DW_AT_decl_file
	.short	660                             @ DW_AT_decl_line
	.byte	17                              @ Abbrev [17] 0xc83:0xe DW_TAG_member
	.long	.Linfo_string154                @ DW_AT_name
	.long	1130                            @ DW_AT_type
	.byte	3                               @ DW_AT_decl_file
	.short	662                             @ DW_AT_decl_line
	.byte	1                               @ DW_AT_bit_size
	.byte	0                               @ DW_AT_data_bit_offset
	.byte	17                              @ Abbrev [17] 0xc91:0xe DW_TAG_member
	.long	.Linfo_string15                 @ DW_AT_name
	.long	1130                            @ DW_AT_type
	.byte	3                               @ DW_AT_decl_file
	.short	663                             @ DW_AT_decl_line
	.byte	31                              @ DW_AT_bit_size
	.byte	1                               @ DW_AT_data_bit_offset
	.byte	0                               @ End Of Children Mark
	.byte	15                              @ Abbrev [15] 0xca0:0x5 DW_TAG_volatile_type
	.long	3237                            @ DW_AT_type
	.byte	10                              @ Abbrev [10] 0xca5:0xc DW_TAG_typedef
	.long	3249                            @ DW_AT_type
	.long	.Linfo_string159                @ DW_AT_name
	.byte	3                               @ DW_AT_decl_file
	.short	670                             @ DW_AT_decl_line
	.byte	16                              @ Abbrev [16] 0xcb1:0x22 DW_TAG_structure_type
	.byte	4                               @ DW_AT_byte_size
	.byte	3                               @ DW_AT_decl_file
	.short	666                             @ DW_AT_decl_line
	.byte	17                              @ Abbrev [17] 0xcb6:0xe DW_TAG_member
	.long	.Linfo_string157                @ DW_AT_name
	.long	1130                            @ DW_AT_type
	.byte	3                               @ DW_AT_decl_file
	.short	668                             @ DW_AT_decl_line
	.byte	1                               @ DW_AT_bit_size
	.byte	0                               @ DW_AT_data_bit_offset
	.byte	17                              @ Abbrev [17] 0xcc4:0xe DW_TAG_member
	.long	.Linfo_string15                 @ DW_AT_name
	.long	1130                            @ DW_AT_type
	.byte	3                               @ DW_AT_decl_file
	.short	669                             @ DW_AT_decl_line
	.byte	31                              @ DW_AT_bit_size
	.byte	1                               @ DW_AT_data_bit_offset
	.byte	0                               @ End Of Children Mark
	.byte	7                               @ Abbrev [7] 0xcd3:0x5 DW_TAG_pointer_type
	.long	3288                            @ DW_AT_type
	.byte	15                              @ Abbrev [15] 0xcd8:0x5 DW_TAG_volatile_type
	.long	3293                            @ DW_AT_type
	.byte	4                               @ Abbrev [4] 0xcdd:0xb DW_TAG_typedef
	.long	3304                            @ DW_AT_type
	.long	.Linfo_string163                @ DW_AT_name
	.byte	4                               @ DW_AT_decl_file
	.byte	35                              @ DW_AT_decl_line
	.byte	4                               @ Abbrev [4] 0xce8:0xb DW_TAG_typedef
	.long	3315                            @ DW_AT_type
	.long	.Linfo_string162                @ DW_AT_name
	.byte	1                               @ DW_AT_decl_file
	.byte	65                              @ DW_AT_decl_line
	.byte	9                               @ Abbrev [9] 0xcf3:0x7 DW_TAG_base_type
	.long	.Linfo_string161                @ DW_AT_name
	.byte	7                               @ DW_AT_encoding
	.byte	8                               @ DW_AT_byte_size
	.byte	21                              @ Abbrev [21] 0xcfa:0x21 DW_TAG_subprogram
	.long	.Lfunc_begin0                   @ DW_AT_low_pc
	.long	.Lfunc_end0-.Lfunc_begin0       @ DW_AT_high_pc
	.byte	1                               @ DW_AT_frame_base
	.byte	93
                                        @ DW_AT_GNU_all_call_sites
	.long	.Linfo_string164                @ DW_AT_name
	.byte	2                               @ DW_AT_decl_file
	.byte	49                              @ DW_AT_decl_line
                                        @ DW_AT_prototyped
                                        @ DW_AT_external
	.byte	22                              @ Abbrev [22] 0xd0b:0xf DW_TAG_variable
	.long	.Ldebug_loc0                    @ DW_AT_location
	.long	.Linfo_string166                @ DW_AT_name
	.byte	2                               @ DW_AT_decl_file
	.byte	51                              @ DW_AT_decl_line
	.long	1135                            @ DW_AT_type
	.byte	0                               @ End Of Children Mark
	.byte	21                              @ Abbrev [21] 0xd1b:0x3f DW_TAG_subprogram
	.long	.Lfunc_begin1                   @ DW_AT_low_pc
	.long	.Lfunc_end1-.Lfunc_begin1       @ DW_AT_high_pc
	.byte	1                               @ DW_AT_frame_base
	.byte	93
                                        @ DW_AT_GNU_all_call_sites
	.long	.Linfo_string165                @ DW_AT_name
	.byte	2                               @ DW_AT_decl_file
	.byte	70                              @ DW_AT_decl_line
                                        @ DW_AT_prototyped
                                        @ DW_AT_external
	.byte	23                              @ Abbrev [23] 0xd2c:0xf DW_TAG_formal_parameter
	.long	.Ldebug_loc1                    @ DW_AT_location
	.long	.Linfo_string167                @ DW_AT_name
	.byte	2                               @ DW_AT_decl_file
	.byte	70                              @ DW_AT_decl_line
	.long	1135                            @ DW_AT_type
	.byte	23                              @ Abbrev [23] 0xd3b:0xf DW_TAG_formal_parameter
	.long	.Ldebug_loc2                    @ DW_AT_location
	.long	.Linfo_string168                @ DW_AT_name
	.byte	2                               @ DW_AT_decl_file
	.byte	70                              @ DW_AT_decl_line
	.long	3418                            @ DW_AT_type
	.byte	22                              @ Abbrev [22] 0xd4a:0xf DW_TAG_variable
	.long	.Ldebug_loc3                    @ DW_AT_location
	.long	.Linfo_string166                @ DW_AT_name
	.byte	2                               @ DW_AT_decl_file
	.byte	72                              @ DW_AT_decl_line
	.long	1135                            @ DW_AT_type
	.byte	0                               @ End Of Children Mark
	.byte	7                               @ Abbrev [7] 0xd5a:0x5 DW_TAG_pointer_type
	.long	121                             @ DW_AT_type
	.byte	0                               @ End Of Children Mark
.Ldebug_info_end0:
	.section	.debug_str,"MS",%progbits,1
.Linfo_string0:
	.asciz	"Component: Arm Compiler for Embedded 6.21 Tool: armclang [5ec1fd00]" @ string offset=0
.Linfo_string1:
	.asciz	"../07_TCPL04B_MCAL\\tcpl04x_ll_flash_drv.c" @ string offset=68
.Linfo_string2:
	.asciz	"C:\\baidunetdiskdownload\\\346\263\260\347\237\275\345\276\256\\\346\260\233\345\233\264\347\201\257\\TCPL0X_AUTO_SDK_V2.0.0\\TCPL0X_AUTO_SDK_V2.0.0\\examples\\tcpl04x\\demo_apps\\tcpl04b_swsc_lean\\MDK" @ string offset=110
.Linfo_string3:
	.asciz	"g_flash_driver_api"            @ string offset=249
.Linfo_string4:
	.asciz	"erase"                         @ string offset=268
.Linfo_string5:
	.asciz	"unsigned char"                 @ string offset=274
.Linfo_string6:
	.asciz	"uint8_t"                       @ string offset=288
.Linfo_string7:
	.asciz	"flash_erase_func_t"            @ string offset=296
.Linfo_string8:
	.asciz	"write"                         @ string offset=315
.Linfo_string9:
	.asciz	"flash_write_func_t"            @ string offset=321
.Linfo_string10:
	.asciz	"flash_driver_api_t"            @ string offset=340
.Linfo_string11:
	.asciz	"REVISION_ID"                   @ string offset=359
.Linfo_string12:
	.asciz	"unsigned int"                  @ string offset=371
.Linfo_string13:
	.asciz	"uint32_t"                      @ string offset=384
.Linfo_string14:
	.asciz	"REVISION_ID_F"                 @ string offset=393
.Linfo_string15:
	.asciz	"RESERVED0"                     @ string offset=407
.Linfo_string16:
	.asciz	"EFLASH_REVISION_ID_FIELD_T"    @ string offset=417
.Linfo_string17:
	.asciz	"RD_TIME_CFG"                   @ string offset=444
.Linfo_string18:
	.asciz	"RD_TIME_CFG_F"                 @ string offset=456
.Linfo_string19:
	.asciz	"RC_CYC"                        @ string offset=470
.Linfo_string20:
	.asciz	"RESERVED2"                     @ string offset=477
.Linfo_string21:
	.asciz	"CFS_CFH_CYC"                   @ string offset=487
.Linfo_string22:
	.asciz	"RESERVED1"                     @ string offset=499
.Linfo_string23:
	.asciz	"CONFEN_CYC"                    @ string offset=509
.Linfo_string24:
	.asciz	"EFLASH_RD_TIME_CFG_FIELD_T"    @ string offset=520
.Linfo_string25:
	.asciz	"RCV_TIME_CFG"                  @ string offset=547
.Linfo_string26:
	.asciz	"RCV_TIME_CFG_F"                @ string offset=560
.Linfo_string27:
	.asciz	"PROG_ESECT_RCV_CYC"            @ string offset=575
.Linfo_string28:
	.asciz	"ECHIP_RCV_CYC"                 @ string offset=594
.Linfo_string29:
	.asciz	"EFLASH_RCV_TIME_CFG_FIELD_T"   @ string offset=608
.Linfo_string30:
	.asciz	"NVS_TIME_CFG"                  @ string offset=636
.Linfo_string31:
	.asciz	"NVS_TIME_CFG_F"                @ string offset=649
.Linfo_string32:
	.asciz	"PROG_ESECT_NVS_CYC"            @ string offset=664
.Linfo_string33:
	.asciz	"ECHIP_NVS_CYC"                 @ string offset=683
.Linfo_string34:
	.asciz	"EFLASH_NVS_TIME_CFG_FIELD_T"   @ string offset=697
.Linfo_string35:
	.asciz	"PROG_TIME_CFG"                 @ string offset=725
.Linfo_string36:
	.asciz	"PROG_TIME_CFG_F"               @ string offset=739
.Linfo_string37:
	.asciz	"PGS_CYC"                       @ string offset=755
.Linfo_string38:
	.asciz	"ADH_ADS_PGH_CYC"               @ string offset=763
.Linfo_string39:
	.asciz	"PROG_CYC"                      @ string offset=779
.Linfo_string40:
	.asciz	"EFLASH_PROG_TIME_CFG_FIELD_T"  @ string offset=788
.Linfo_string41:
	.asciz	"ERASE_TIME_CFG"                @ string offset=817
.Linfo_string42:
	.asciz	"ERASE_TIME_CFG_F"              @ string offset=832
.Linfo_string43:
	.asciz	"ERASE_SECT_CYC"                @ string offset=849
.Linfo_string44:
	.asciz	"ERASE_CHIP_CYC"                @ string offset=864
.Linfo_string45:
	.asciz	"EFLASH_ERASE_TIME_CFG_FIELD_T" @ string offset=879
.Linfo_string46:
	.asciz	"LATENCY_TIME_CFG"              @ string offset=909
.Linfo_string47:
	.asciz	"LATENCY_TIME_CFG_F"            @ string offset=926
.Linfo_string48:
	.asciz	"LATENCY_ES_PROG_CYC"           @ string offset=945
.Linfo_string49:
	.asciz	"LATENCY_ECHIP_CYC"             @ string offset=965
.Linfo_string50:
	.asciz	"EFLASH_LATENCY_TIME_CFG_FIELD_T" @ string offset=983
.Linfo_string51:
	.asciz	"ERASE_CFG"                     @ string offset=1015
.Linfo_string52:
	.asciz	"ERASE_CFG_F"                   @ string offset=1025
.Linfo_string53:
	.asciz	"SECTOR_INDEX"                  @ string offset=1037
.Linfo_string54:
	.asciz	"NVR_SECTOR_SEL"                @ string offset=1050
.Linfo_string55:
	.asciz	"EFLASH_ERASE_CFG_FIELD_T"      @ string offset=1065
.Linfo_string56:
	.asciz	"ERASE_TRIG"                    @ string offset=1090
.Linfo_string57:
	.asciz	"ERASE_TRIG_F"                  @ string offset=1101
.Linfo_string58:
	.asciz	"SECTOR_ERASE_TRIG"             @ string offset=1114
.Linfo_string59:
	.asciz	"CHIP_ERASE_TRIG"               @ string offset=1132
.Linfo_string60:
	.asciz	"EFLASH_ERASE_TRIG_FIELD_T"     @ string offset=1148
.Linfo_string61:
	.asciz	"MISC_CTRL"                     @ string offset=1174
.Linfo_string62:
	.asciz	"MISC_CTRL_F"                   @ string offset=1184
.Linfo_string63:
	.asciz	"DEEP_STANDBY"                  @ string offset=1196
.Linfo_string64:
	.asciz	"WR_BUF_CLR"                    @ string offset=1209
.Linfo_string65:
	.asciz	"EFLASH_MISC_CTRL_FIELD_T"      @ string offset=1220
.Linfo_string66:
	.asciz	"OP_CTRL"                       @ string offset=1245
.Linfo_string67:
	.asciz	"OP_CTRL_F"                     @ string offset=1253
.Linfo_string68:
	.asciz	"PROG_ADDR_CHK_EN0"             @ string offset=1263
.Linfo_string69:
	.asciz	"PROG_ADDR_CHK_EN1"             @ string offset=1281
.Linfo_string70:
	.asciz	"PROG_RD_CHK_EN"                @ string offset=1299
.Linfo_string71:
	.asciz	"RDONLY_EN"                     @ string offset=1314
.Linfo_string72:
	.asciz	"CFG_WR_EN"                     @ string offset=1324
.Linfo_string73:
	.asciz	"EFLASH_OP_CTRL_FIELD_T"        @ string offset=1334
.Linfo_string74:
	.asciz	"PROG_ADDR_PROT0"               @ string offset=1357
.Linfo_string75:
	.asciz	"PROG_ADDR_PROT0_F"             @ string offset=1373
.Linfo_string76:
	.asciz	"PROG_ADDR_PROT_START0"         @ string offset=1391
.Linfo_string77:
	.asciz	"PROG_ADDR_PROT_END0"           @ string offset=1413
.Linfo_string78:
	.asciz	"EFLASH_PROG_ADDR_PROT0_FIELD_T" @ string offset=1433
.Linfo_string79:
	.asciz	"PROG_ADDR_PROT1"               @ string offset=1464
.Linfo_string80:
	.asciz	"PROG_ADDR_PROT1_F"             @ string offset=1480
.Linfo_string81:
	.asciz	"PROG_ADDR_PROT_START1"         @ string offset=1498
.Linfo_string82:
	.asciz	"PROG_ADDR_PROT_END1"           @ string offset=1520
.Linfo_string83:
	.asciz	"EFLASH_PROG_ADDR_PROT1_FIELD_T" @ string offset=1540
.Linfo_string84:
	.asciz	"ICR"                           @ string offset=1571
.Linfo_string85:
	.asciz	"ICR_F"                         @ string offset=1575
.Linfo_string86:
	.asciz	"NVM_PROG_ADDR_CHK_ERR_INT_CLR" @ string offset=1581
.Linfo_string87:
	.asciz	"NVR_ACCESS_ERR_INT_CLR"        @ string offset=1611
.Linfo_string88:
	.asciz	"PROG_RD_CHK_ERR_INT_CLR"       @ string offset=1634
.Linfo_string89:
	.asciz	"PROG_DONE_INT_CLR"             @ string offset=1658
.Linfo_string90:
	.asciz	"ERASE_DONE_INT_CLR"            @ string offset=1676
.Linfo_string91:
	.asciz	"ECC_1BIT_ERR_INT_CLR"          @ string offset=1695
.Linfo_string92:
	.asciz	"ECC_2BIT_ERR_INT_CLR"          @ string offset=1716
.Linfo_string93:
	.asciz	"NVM_NVR_WR_ERR_INT_CLR"        @ string offset=1737
.Linfo_string94:
	.asciz	"NVM_NVR_WR_SIZE_ERR_INT_CLR"   @ string offset=1760
.Linfo_string95:
	.asciz	"EFLASH_ICR_FIELD_T"            @ string offset=1788
.Linfo_string96:
	.asciz	"IMR"                           @ string offset=1807
.Linfo_string97:
	.asciz	"IMR_F"                         @ string offset=1811
.Linfo_string98:
	.asciz	"NVM_PROG_ADDR_CHK_ERR_INT_MSK" @ string offset=1817
.Linfo_string99:
	.asciz	"NVR_ACCESS_ERR_INT_MSK"        @ string offset=1847
.Linfo_string100:
	.asciz	"PROG_RD_CHK_ERR_INT_MSK"       @ string offset=1870
.Linfo_string101:
	.asciz	"PROG_DONE_INT_MSK"             @ string offset=1894
.Linfo_string102:
	.asciz	"ERASE_DONE_INT_MSK"            @ string offset=1912
.Linfo_string103:
	.asciz	"ECC_1BIT_ERR_INT_MSK"          @ string offset=1931
.Linfo_string104:
	.asciz	"ECC_2BIT_ERR_INT_MSK"          @ string offset=1952
.Linfo_string105:
	.asciz	"NVM_NVR_WR_ERR_INT_MSK"        @ string offset=1973
.Linfo_string106:
	.asciz	"NVM_NVR_WR_SIZE_ERR_INT_MSK"   @ string offset=1996
.Linfo_string107:
	.asciz	"EFLASH_IMR_FIELD_T"            @ string offset=2024
.Linfo_string108:
	.asciz	"ISR"                           @ string offset=2043
.Linfo_string109:
	.asciz	"ISR_F"                         @ string offset=2047
.Linfo_string110:
	.asciz	"NVM_PROG_ADDR_CHK_ERR_INT_STATUS" @ string offset=2053
.Linfo_string111:
	.asciz	"NVR_ACCESS_ERR_INT_STATUS"     @ string offset=2086
.Linfo_string112:
	.asciz	"PROG_RD_CHK_ERR_INT_STATUS"    @ string offset=2112
.Linfo_string113:
	.asciz	"PROG_DONE_INT_STATUS"          @ string offset=2139
.Linfo_string114:
	.asciz	"ERASE_DONE_INT_STATUS"         @ string offset=2160
.Linfo_string115:
	.asciz	"ECC_1BIT_ERR_INT_STATUS"       @ string offset=2182
.Linfo_string116:
	.asciz	"ECC_2BIT_ERR_INT_STATUS"       @ string offset=2206
.Linfo_string117:
	.asciz	"NVM_NVR_WR_ERR_INT_STATUS"     @ string offset=2230
.Linfo_string118:
	.asciz	"NVM_NVR_WR_SIZE_ERR_INT_STATUS" @ string offset=2256
.Linfo_string119:
	.asciz	"EFLASH_ISR_FIELD_T"            @ string offset=2287
.Linfo_string120:
	.asciz	"IRSR"                          @ string offset=2306
.Linfo_string121:
	.asciz	"IRSR_F"                        @ string offset=2311
.Linfo_string122:
	.asciz	"NVM_PROG_ADDR_CHK_ERR_INT_RAW_STATUS" @ string offset=2318
.Linfo_string123:
	.asciz	"NVR_ACCESS_ERR_INT_RAW_STATUS" @ string offset=2355
.Linfo_string124:
	.asciz	"PROG_RD_CHK_ERR_INT_RAW_STATUS" @ string offset=2385
.Linfo_string125:
	.asciz	"PROG_DONE_INT_RAW_STATUS"      @ string offset=2416
.Linfo_string126:
	.asciz	"ERASE_DONE_INT_RAW_STATUS"     @ string offset=2441
.Linfo_string127:
	.asciz	"ECC_1BIT_ERR_INT_RAW_STATUS"   @ string offset=2467
.Linfo_string128:
	.asciz	"ECC_2BIT_ERR_INT_RAW_STATUS"   @ string offset=2495
.Linfo_string129:
	.asciz	"NVM_NVR_WR_ERR_INT_RAW_STATUS" @ string offset=2523
.Linfo_string130:
	.asciz	"NVM_NVR_WR_SIZE_ERR_INT_RAW_STATUS" @ string offset=2553
.Linfo_string131:
	.asciz	"EFLASH_IRSR_FIELD_T"           @ string offset=2588
.Linfo_string132:
	.asciz	"ERR_ADDR"                      @ string offset=2608
.Linfo_string133:
	.asciz	"ERR_ADDR_F"                    @ string offset=2617
.Linfo_string134:
	.asciz	"EFLASH_ERR_ADDR_FIELD_T"       @ string offset=2628
.Linfo_string135:
	.asciz	"WR_BUF_STATUS"                 @ string offset=2652
.Linfo_string136:
	.asciz	"WR_BUF_STATUS_F"               @ string offset=2666
.Linfo_string137:
	.asciz	"BUF_WADDR"                     @ string offset=2682
.Linfo_string138:
	.asciz	"WR_CNT_VAL"                    @ string offset=2692
.Linfo_string139:
	.asciz	"EFLASH_WR_BUF_STATUS_FIELD_T"  @ string offset=2703
.Linfo_string140:
	.asciz	"STATUS"                        @ string offset=2732
.Linfo_string141:
	.asciz	"STATUS_F"                      @ string offset=2739
.Linfo_string142:
	.asciz	"TRIM_TAG_RD_ERR_STATUS"        @ string offset=2748
.Linfo_string143:
	.asciz	"ERASE_BUSY_STATUS"             @ string offset=2771
.Linfo_string144:
	.asciz	"PROG_BUSY_STATUS"              @ string offset=2789
.Linfo_string145:
	.asciz	"SWD_PAT_ECC_2BIT_ERR_STATUS"   @ string offset=2806
.Linfo_string146:
	.asciz	"TM_PAT_ECC_2BIT_ERR_STATUS"    @ string offset=2834
.Linfo_string147:
	.asciz	"EFLASH_STATUS_FIELD_T"         @ string offset=2861
.Linfo_string148:
	.asciz	"CELL_INIT_CTRL"                @ string offset=2883
.Linfo_string149:
	.asciz	"CELL_INIT_CTRL_F"              @ string offset=2898
.Linfo_string150:
	.asciz	"TERS"                          @ string offset=2915
.Linfo_string151:
	.asciz	"RCELL"                         @ string offset=2920
.Linfo_string152:
	.asciz	"EFLASH_CELL_INIT_CTRL_FIELD_T" @ string offset=2926
.Linfo_string153:
	.asciz	"__ARRAY_SIZE_TYPE__"           @ string offset=2956
.Linfo_string154:
	.asciz	"WR_LOCK"                       @ string offset=2976
.Linfo_string155:
	.asciz	"WR_LOCK_F"                     @ string offset=2984
.Linfo_string156:
	.asciz	"EFLASH_WR_LOCK_FIELD_T"        @ string offset=2994
.Linfo_string157:
	.asciz	"NVR_PROT"                      @ string offset=3017
.Linfo_string158:
	.asciz	"NVR_PROT_F"                    @ string offset=3026
.Linfo_string159:
	.asciz	"EFLASH_NVR_PROT_FIELD_T"       @ string offset=3037
.Linfo_string160:
	.asciz	"EFLASH_REG_TypeDef"            @ string offset=3061
.Linfo_string161:
	.asciz	"unsigned long long"            @ string offset=3080
.Linfo_string162:
	.asciz	"uint64_t"                      @ string offset=3099
.Linfo_string163:
	.asciz	"flash_size_t"                  @ string offset=3108
.Linfo_string164:
	.asciz	"ll_flash_erase_reg"            @ string offset=3121
.Linfo_string165:
	.asciz	"ll_flash_write_reg"            @ string offset=3140
.Linfo_string166:
	.asciz	"timeout"                       @ string offset=3159
.Linfo_string167:
	.asciz	"addr"                          @ string offset=3167
.Linfo_string168:
	.asciz	"ptr"                           @ string offset=3172
	.ident	"Component: Arm Compiler for Embedded 6.21 Tool: armclang [5ec1fd00]"
	.section	".note.GNU-stack","",%progbits
	.eabi_attribute	30, 4	@ Tag_ABI_optimization_goals
	.ARM_attribute	16, 1	@ Tag_AV_eba
	.section	.debug_line,"",%progbits
.Lline_table_start0:
