	.text
	.syntax unified
	.eabi_attribute	67, "2.09"	@ Tag_conformance
	.cpu	cortex-m0
	.eabi_attribute	6, 12	@ Tag_CPU_arch
	.eabi_attribute	7, 77	@ Tag_CPU_arch_profile
	.eabi_attribute	8, 0	@ Tag_ARM_ISA_use
	.eabi_attribute	9, 1	@ Tag_THUMB_ISA_use
	.eabi_attribute	34, 0	@ Tag_CPU_unaligned_access
	.eabi_attribute	17, 1	@ Tag_ABI_PCS_GOT_use
	.eabi_attribute	20, 2	@ Tag_ABI_FP_denormal
	.eabi_attribute	21, 0	@ Tag_ABI_FP_exceptions
	.eabi_attribute	23, 1	@ Tag_ABI_FP_number_model
	.eabi_attribute	24, 1	@ Tag_ABI_align_needed
	.eabi_attribute	25, 1	@ Tag_ABI_align_preserved
	.eabi_attribute	38, 1	@ Tag_ABI_FP_16bit_format
	.eabi_attribute	18, 2	@ Tag_ABI_PCS_wchar_t
	.eabi_attribute	26, 1	@ Tag_ABI_enum_size
	.eabi_attribute	14, 0	@ Tag_ABI_PCS_R9_use
	.file	"tcpl04x_ll_led.c"
	.file	1 "C:\\baidunetdiskdownload\\\346\263\260\347\237\275\345\276\256\\\346\260\233\345\233\264\347\201\257\\TCPL0X_AUTO_SDK_V2.0.0\\TCPL0X_AUTO_SDK_V2.0.0\\examples\\tcpl04x\\demo_apps\\tcpl04b_swsc_lean\\MDK" "../07_TCPL04B_MCAL/tcpl04x_ll_def.h"
	.file	2 "C:\\baidunetdiskdownload\\\346\263\260\347\237\275\345\276\256\\\346\260\233\345\233\264\347\201\257\\TCPL0X_AUTO_SDK_V2.0.0\\TCPL0X_AUTO_SDK_V2.0.0\\examples\\tcpl04x\\demo_apps\\tcpl04b_swsc_lean\\MDK" "../07_TCPL04B_MCAL/tcpl04x_ll_led.h"
	.file	3 "C:\\baidunetdiskdownload\\\346\263\260\347\237\275\345\276\256\\\346\260\233\345\233\264\347\201\257\\TCPL0X_AUTO_SDK_V2.0.0\\TCPL0X_AUTO_SDK_V2.0.0\\examples\\tcpl04x\\demo_apps\\tcpl04b_swsc_lean\\MDK" "../07_TCPL04B_MCAL/tcpl04x_ll_pwm.h"
	.file	4 "C:\\Keil_v5\\ARM\\ARMCLANG\\Bin\\..\\include" "stdint.h"
	.file	5 "C:\\baidunetdiskdownload\\\346\263\260\347\237\275\345\276\256\\\346\260\233\345\233\264\347\201\257\\TCPL0X_AUTO_SDK_V2.0.0\\TCPL0X_AUTO_SDK_V2.0.0\\examples\\tcpl04x\\demo_apps\\tcpl04b_swsc_lean\\MDK" "../06_TCPL04B_Device/adc_reg_def.h"
	.file	6 "C:\\baidunetdiskdownload\\\346\263\260\347\237\275\345\276\256\\\346\260\233\345\233\264\347\201\257\\TCPL0X_AUTO_SDK_V2.0.0\\TCPL0X_AUTO_SDK_V2.0.0\\examples\\tcpl04x\\demo_apps\\tcpl04b_swsc_lean\\MDK" "../07_TCPL04B_MCAL/tcpl04x_ll_led.c"
	.file	7 "C:\\baidunetdiskdownload\\\346\263\260\347\237\275\345\276\256\\\346\260\233\345\233\264\347\201\257\\TCPL0X_AUTO_SDK_V2.0.0\\TCPL0X_AUTO_SDK_V2.0.0\\examples\\tcpl04x\\demo_apps\\tcpl04b_swsc_lean\\MDK" "../06_TCPL04B_Device/pwm_reg_def.h"
	.section	.text.ll_led_init,"ax",%progbits
	.hidden	ll_led_init                     @ -- Begin function ll_led_init
	.globl	ll_led_init
	.p2align	2
	.type	ll_led_init,%function
	.code	16                              @ @ll_led_init
	.thumb_func
ll_led_init:
.Lfunc_begin0:
	.loc	6 64 0                          @ ../07_TCPL04B_MCAL/tcpl04x_ll_led.c:64:0
	.fnstart
	.cfi_sections .debug_frame
	.cfi_startproc
@ %bb.0:
	ldr	r0, __arm_cp.0_0
.Ltmp0:
	.loc	6 66 29 prologue_end            @ ../07_TCPL04B_MCAL/tcpl04x_ll_led.c:66:29
	ldr	r1, [r0]
	movs	r2, #32
	orrs	r2, r1
	str	r2, [r0]
	.loc	6 67 1                          @ ../07_TCPL04B_MCAL/tcpl04x_ll_led.c:67:1
	bx	lr
.Ltmp1:
	.p2align	2
@ %bb.1:
	.loc	6 0 1 is_stmt 0                 @ ../07_TCPL04B_MCAL/tcpl04x_ll_led.c:0:1
__arm_cp.0_0:
	.long	1073770520                      @ 0x40007018
.Lcpi_end0:
	.size	__arm_cp.0_0, .Lcpi_end0-__arm_cp.0_0
.Lfunc_end0:
	.size	ll_led_init, .Lfunc_end0-ll_led_init
	.cfi_endproc
	.cantunwind
	.fnend
                                        @ -- End function
	.section	.text.ll_led_driver_current_config,"ax",%progbits
	.hidden	ll_led_driver_current_config    @ -- Begin function ll_led_driver_current_config
	.globl	ll_led_driver_current_config
	.p2align	2
	.type	ll_led_driver_current_config,%function
	.code	16                              @ @ll_led_driver_current_config
	.thumb_func
ll_led_driver_current_config:
.Lfunc_begin1:
	.fnstart
	.cfi_startproc
@ %bb.0:
	@DEBUG_VALUE: ll_led_driver_current_config:channel <- $r0
	@DEBUG_VALUE: ll_led_driver_current_config:current <- $r1
	.loc	6 79 9 prologue_end is_stmt 1   @ ../07_TCPL04B_MCAL/tcpl04x_ll_led.c:79:9
	cmp	r0, #29
	bls	.LBB1_2
.Ltmp2:
@ %bb.1:
	@DEBUG_VALUE: ll_led_driver_current_config:current <- $r1
	@DEBUG_VALUE: ll_led_driver_current_config:channel <- $r0
	.loc	6 0 9 is_stmt 0                 @ ../07_TCPL04B_MCAL/tcpl04x_ll_led.c:0:9
	movs	r0, #1
.Ltmp3:
	@DEBUG_VALUE: ll_led_driver_current_config:channel <- [DW_OP_LLVM_entry_value 1] $r0
	.loc	6 95 1 is_stmt 1                @ ../07_TCPL04B_MCAL/tcpl04x_ll_led.c:95:1
	bx	lr
.Ltmp4:
.LBB1_2:
	@DEBUG_VALUE: ll_led_driver_current_config:current <- $r1
	@DEBUG_VALUE: ll_led_driver_current_config:channel <- $r0
	@DEBUG_VALUE: ll_led_driver_current_config:regs <- undef
	.loc	6 91 5                          @ ../07_TCPL04B_MCAL/tcpl04x_ll_led.c:91:5
	lsls	r0, r0, #2
.Ltmp5:
	@DEBUG_VALUE: ll_led_driver_current_config:channel <- [DW_OP_LLVM_entry_value 1] $r0
	ldr	r2, __arm_cp.1_0
	ldr	r0, [r2, r0]
	.loc	6 91 36 is_stmt 0               @ ../07_TCPL04B_MCAL/tcpl04x_ll_led.c:91:36
	ldrb	r2, [r0]
	movs	r3, #13
	.loc	6 92 36 is_stmt 1               @ ../07_TCPL04B_MCAL/tcpl04x_ll_led.c:92:36
	ands	r3, r2
	lsls	r1, r1, #4
.Ltmp6:
	@DEBUG_VALUE: ll_led_driver_current_config:current <- [DW_OP_LLVM_entry_value 1] $r1
	adds	r1, r3, r1
	strb	r1, [r0]
	movs	r0, #0
	.loc	6 95 1                          @ ../07_TCPL04B_MCAL/tcpl04x_ll_led.c:95:1
	bx	lr
.Ltmp7:
	.p2align	2
@ %bb.3:
	.loc	6 0 1 is_stmt 0                 @ ../07_TCPL04B_MCAL/tcpl04x_ll_led.c:0:1
__arm_cp.1_0:
	.long	.L__const.ll_led_diagnose_enable.regs
.Lcpi_end1:
	.size	__arm_cp.1_0, .Lcpi_end1-__arm_cp.1_0
.Lfunc_end1:
	.size	ll_led_driver_current_config, .Lfunc_end1-ll_led_driver_current_config
	.cfi_endproc
	.cantunwind
	.fnend
                                        @ -- End function
	.section	.text.ll_led_driver_current_get,"ax",%progbits
	.hidden	ll_led_driver_current_get       @ -- Begin function ll_led_driver_current_get
	.globl	ll_led_driver_current_get
	.p2align	2
	.type	ll_led_driver_current_get,%function
	.code	16                              @ @ll_led_driver_current_get
	.thumb_func
ll_led_driver_current_get:
.Lfunc_begin2:
	.fnstart
	.cfi_startproc
@ %bb.0:
	@DEBUG_VALUE: ll_led_driver_current_get:channel <- $r0
	@DEBUG_VALUE: ll_led_driver_current_get:current <- $r1
	.loc	6 107 9 prologue_end is_stmt 1  @ ../07_TCPL04B_MCAL/tcpl04x_ll_led.c:107:9
	cmp	r0, #29
	bls	.LBB2_2
.Ltmp8:
@ %bb.1:
	@DEBUG_VALUE: ll_led_driver_current_get:current <- $r1
	@DEBUG_VALUE: ll_led_driver_current_get:channel <- $r0
	.loc	6 0 9 is_stmt 0                 @ ../07_TCPL04B_MCAL/tcpl04x_ll_led.c:0:9
	movs	r0, #1
.Ltmp9:
	@DEBUG_VALUE: ll_led_driver_current_get:channel <- [DW_OP_LLVM_entry_value 1] $r0
	.loc	6 122 1 is_stmt 1               @ ../07_TCPL04B_MCAL/tcpl04x_ll_led.c:122:1
	bx	lr
.Ltmp10:
.LBB2_2:
	@DEBUG_VALUE: ll_led_driver_current_get:current <- $r1
	@DEBUG_VALUE: ll_led_driver_current_get:channel <- $r0
	@DEBUG_VALUE: ll_led_driver_current_get:regs <- undef
	.loc	6 119 16                        @ ../07_TCPL04B_MCAL/tcpl04x_ll_led.c:119:16
	lsls	r0, r0, #2
.Ltmp11:
	@DEBUG_VALUE: ll_led_driver_current_get:channel <- [DW_OP_LLVM_entry_value 1] $r0
	ldr	r2, __arm_cp.2_0
	ldr	r0, [r2, r0]
	.loc	6 119 31 is_stmt 0              @ ../07_TCPL04B_MCAL/tcpl04x_ll_led.c:119:31
	ldrb	r0, [r0]
	lsrs	r0, r0, #4
	.loc	6 119 14                        @ ../07_TCPL04B_MCAL/tcpl04x_ll_led.c:119:14
	strb	r0, [r1]
	movs	r0, #0
	.loc	6 122 1 is_stmt 1               @ ../07_TCPL04B_MCAL/tcpl04x_ll_led.c:122:1
	bx	lr
.Ltmp12:
	.p2align	2
@ %bb.3:
	.loc	6 0 1 is_stmt 0                 @ ../07_TCPL04B_MCAL/tcpl04x_ll_led.c:0:1
__arm_cp.2_0:
	.long	.L__const.ll_led_diagnose_enable.regs
.Lcpi_end2:
	.size	__arm_cp.2_0, .Lcpi_end2-__arm_cp.2_0
.Lfunc_end2:
	.size	ll_led_driver_current_get, .Lfunc_end2-ll_led_driver_current_get
	.cfi_endproc
	.cantunwind
	.fnend
                                        @ -- End function
	.section	.text.ll_led_diag_current_config,"ax",%progbits
	.hidden	ll_led_diag_current_config      @ -- Begin function ll_led_diag_current_config
	.globl	ll_led_diag_current_config
	.p2align	1
	.type	ll_led_diag_current_config,%function
	.code	16                              @ @ll_led_diag_current_config
	.thumb_func
ll_led_diag_current_config:
.Lfunc_begin3:
	.fnstart
	.cfi_startproc
@ %bb.0:
	@DEBUG_VALUE: ll_led_diag_current_config:channel <- $r0
	@DEBUG_VALUE: ll_led_diag_current_config:current <- $r1
	.loc	6 134 17 prologue_end is_stmt 1 @ ../07_TCPL04B_MCAL/tcpl04x_ll_led.c:134:17
	cmp	r0, #29
	bhi	.LBB3_2
.Ltmp13:
@ %bb.1:
	@DEBUG_VALUE: ll_led_diag_current_config:current <- $r1
	@DEBUG_VALUE: ll_led_diag_current_config:channel <- $r0
	.loc	6 0 17 is_stmt 0                @ ../07_TCPL04B_MCAL/tcpl04x_ll_led.c:0:17
	movs	r0, #0
.Ltmp14:
	@DEBUG_VALUE: ll_led_diag_current_config:channel <- [DW_OP_LLVM_entry_value 1] $r0
	.loc	6 140 1 is_stmt 1               @ ../07_TCPL04B_MCAL/tcpl04x_ll_led.c:140:1
	bx	lr
.Ltmp15:
.LBB3_2:
	@DEBUG_VALUE: ll_led_diag_current_config:current <- $r1
	@DEBUG_VALUE: ll_led_diag_current_config:channel <- $r0
	.loc	6 0 1 is_stmt 0                 @ ../07_TCPL04B_MCAL/tcpl04x_ll_led.c:0:1
	movs	r0, #1
.Ltmp16:
	@DEBUG_VALUE: ll_led_diag_current_config:channel <- [DW_OP_LLVM_entry_value 1] $r0
	.loc	6 140 1                         @ ../07_TCPL04B_MCAL/tcpl04x_ll_led.c:140:1
	bx	lr
.Ltmp17:
.Lfunc_end3:
	.size	ll_led_diag_current_config, .Lfunc_end3-ll_led_diag_current_config
	.cfi_endproc
	.cantunwind
	.fnend
                                        @ -- End function
	.section	.text.ll_led_fall_rise_time_set,"ax",%progbits
	.hidden	ll_led_fall_rise_time_set       @ -- Begin function ll_led_fall_rise_time_set
	.globl	ll_led_fall_rise_time_set
	.p2align	2
	.type	ll_led_fall_rise_time_set,%function
	.code	16                              @ @ll_led_fall_rise_time_set
	.thumb_func
ll_led_fall_rise_time_set:
.Lfunc_begin4:
	.fnstart
	.cfi_startproc
@ %bb.0:
	@DEBUG_VALUE: ll_led_fall_rise_time_set:channel <- $r0
	@DEBUG_VALUE: ll_led_fall_rise_time_set:rise_time <- $r1
	@DEBUG_VALUE: ll_led_fall_rise_time_set:fall_time <- $r2
	.loc	6 153 9 prologue_end is_stmt 1  @ ../07_TCPL04B_MCAL/tcpl04x_ll_led.c:153:9
	cmp	r0, #3
	bls	.LBB4_2
.Ltmp18:
@ %bb.1:
	@DEBUG_VALUE: ll_led_fall_rise_time_set:fall_time <- $r2
	@DEBUG_VALUE: ll_led_fall_rise_time_set:rise_time <- $r1
	@DEBUG_VALUE: ll_led_fall_rise_time_set:channel <- $r0
	.loc	6 0 9 is_stmt 0                 @ ../07_TCPL04B_MCAL/tcpl04x_ll_led.c:0:9
	movs	r0, #1
.Ltmp19:
	@DEBUG_VALUE: ll_led_fall_rise_time_set:channel <- [DW_OP_LLVM_entry_value 1] $r0
	.loc	6 169 1 is_stmt 1               @ ../07_TCPL04B_MCAL/tcpl04x_ll_led.c:169:1
	bx	lr
.Ltmp20:
.LBB4_2:
	@DEBUG_VALUE: ll_led_fall_rise_time_set:fall_time <- $r2
	@DEBUG_VALUE: ll_led_fall_rise_time_set:rise_time <- $r1
	@DEBUG_VALUE: ll_led_fall_rise_time_set:channel <- $r0
	@DEBUG_VALUE: ll_led_fall_rise_time_set:regs <- undef
	.loc	6 0 1 is_stmt 0                 @ ../07_TCPL04B_MCAL/tcpl04x_ll_led.c:0:1
	movs	r3, #3
	.loc	6 165 34 is_stmt 1              @ ../07_TCPL04B_MCAL/tcpl04x_ll_led.c:165:34
	ands	r1, r3
.Ltmp21:
	@DEBUG_VALUE: ll_led_fall_rise_time_set:rise_time <- [DW_OP_LLVM_entry_value 1] $r1
	.loc	6 166 34                        @ ../07_TCPL04B_MCAL/tcpl04x_ll_led.c:166:34
	lsls	r2, r2, #30
.Ltmp22:
	@DEBUG_VALUE: ll_led_fall_rise_time_set:fall_time <- [DW_OP_LLVM_entry_value 1] $r2
	lsrs	r2, r2, #28
	.loc	6 165 34                        @ ../07_TCPL04B_MCAL/tcpl04x_ll_led.c:165:34
	adds	r1, r2, r1
	.loc	6 165 5 is_stmt 0               @ ../07_TCPL04B_MCAL/tcpl04x_ll_led.c:165:5
	lsls	r0, r0, #2
.Ltmp23:
	@DEBUG_VALUE: ll_led_fall_rise_time_set:channel <- [DW_OP_LLVM_entry_value 1] $r0
	ldr	r2, __arm_cp.4_0
	ldr	r0, [r2, r0]
	.loc	6 165 34                        @ ../07_TCPL04B_MCAL/tcpl04x_ll_led.c:165:34
	ldrb	r2, [r0, #1]
	movs	r3, #240
	ands	r3, r2
	.loc	6 166 34 is_stmt 1              @ ../07_TCPL04B_MCAL/tcpl04x_ll_led.c:166:34
	adds	r1, r3, r1
	strb	r1, [r0, #1]
	movs	r0, #0
	.loc	6 169 1                         @ ../07_TCPL04B_MCAL/tcpl04x_ll_led.c:169:1
	bx	lr
.Ltmp24:
	.p2align	2
@ %bb.3:
	.loc	6 0 1 is_stmt 0                 @ ../07_TCPL04B_MCAL/tcpl04x_ll_led.c:0:1
__arm_cp.4_0:
	.long	.L__const.ll_led_diagnose_enable.regs
.Lcpi_end3:
	.size	__arm_cp.4_0, .Lcpi_end3-__arm_cp.4_0
.Lfunc_end4:
	.size	ll_led_fall_rise_time_set, .Lfunc_end4-ll_led_fall_rise_time_set
	.cfi_endproc
	.cantunwind
	.fnend
                                        @ -- End function
	.section	.text.ll_led_diagnose_enable,"ax",%progbits
	.hidden	ll_led_diagnose_enable          @ -- Begin function ll_led_diagnose_enable
	.globl	ll_led_diagnose_enable
	.p2align	2
	.type	ll_led_diagnose_enable,%function
	.code	16                              @ @ll_led_diagnose_enable
	.thumb_func
ll_led_diagnose_enable:
.Lfunc_begin5:
	.fnstart
	.cfi_startproc
@ %bb.0:
	@DEBUG_VALUE: ll_led_diagnose_enable:channel <- $r0
	@DEBUG_VALUE: ll_led_diagnose_enable:enable <- [DW_OP_LLVM_convert 1 7, DW_OP_LLVM_convert 8 7, DW_OP_stack_value] $r1
	.loc	6 181 9 prologue_end is_stmt 1  @ ../07_TCPL04B_MCAL/tcpl04x_ll_led.c:181:9
	cmp	r0, #29
	bls	.LBB5_2
.Ltmp25:
@ %bb.1:
	@DEBUG_VALUE: ll_led_diagnose_enable:enable <- [DW_OP_LLVM_convert 1 7, DW_OP_LLVM_convert 8 7, DW_OP_stack_value] $r1
	@DEBUG_VALUE: ll_led_diagnose_enable:channel <- $r0
	.loc	6 0 9 is_stmt 0                 @ ../07_TCPL04B_MCAL/tcpl04x_ll_led.c:0:9
	movs	r0, #1
.Ltmp26:
	@DEBUG_VALUE: ll_led_diagnose_enable:channel <- [DW_OP_LLVM_entry_value 1] $r0
	.loc	6 196 1 is_stmt 1               @ ../07_TCPL04B_MCAL/tcpl04x_ll_led.c:196:1
	bx	lr
.Ltmp27:
.LBB5_2:
	@DEBUG_VALUE: ll_led_diagnose_enable:enable <- [DW_OP_LLVM_convert 1 7, DW_OP_LLVM_convert 8 7, DW_OP_stack_value] $r1
	@DEBUG_VALUE: ll_led_diagnose_enable:channel <- $r0
	@DEBUG_VALUE: ll_led_diagnose_enable:regs <- undef
	.loc	6 193 5                         @ ../07_TCPL04B_MCAL/tcpl04x_ll_led.c:193:5
	lsls	r0, r0, #2
.Ltmp28:
	@DEBUG_VALUE: ll_led_diagnose_enable:channel <- [DW_OP_LLVM_entry_value 1] $r0
	ldr	r2, __arm_cp.5_0
	ldr	r0, [r2, r0]
	.loc	6 193 35 is_stmt 0              @ ../07_TCPL04B_MCAL/tcpl04x_ll_led.c:193:35
	ldrb	r2, [r0]
	movs	r3, #254
	ands	r3, r2
	adds	r1, r3, r1
.Ltmp29:
	strb	r1, [r0]
	movs	r0, #0
	.loc	6 196 1 is_stmt 1               @ ../07_TCPL04B_MCAL/tcpl04x_ll_led.c:196:1
	bx	lr
.Ltmp30:
	.p2align	2
@ %bb.3:
	.loc	6 0 1 is_stmt 0                 @ ../07_TCPL04B_MCAL/tcpl04x_ll_led.c:0:1
__arm_cp.5_0:
	.long	.L__const.ll_led_diagnose_enable.regs
.Lcpi_end4:
	.size	__arm_cp.5_0, .Lcpi_end4-__arm_cp.5_0
.Lfunc_end5:
	.size	ll_led_diagnose_enable, .Lfunc_end5-ll_led_diagnose_enable
	.cfi_endproc
	.cantunwind
	.fnend
                                        @ -- End function
	.section	.text.ll_led_enable,"ax",%progbits
	.hidden	ll_led_enable                   @ -- Begin function ll_led_enable
	.globl	ll_led_enable
	.p2align	2
	.type	ll_led_enable,%function
	.code	16                              @ @ll_led_enable
	.thumb_func
ll_led_enable:
.Lfunc_begin6:
	.loc	6 206 0 is_stmt 1               @ ../07_TCPL04B_MCAL/tcpl04x_ll_led.c:206:0
	.fnstart
	.cfi_startproc
@ %bb.0:
	@DEBUG_VALUE: ll_led_enable:enable <- [DW_OP_LLVM_convert 1 7, DW_OP_LLVM_convert 8 7, DW_OP_stack_value] $r0
	.save	{r4, lr}
	push	{r4, lr}
	.cfi_def_cfa_offset 8
	.cfi_offset lr, -4
	.cfi_offset r4, -8
	ldr	r1, __arm_cp.6_0
.Ltmp31:
	.loc	6 0 0 is_stmt 0                 @ ../07_TCPL04B_MCAL/tcpl04x_ll_led.c:0:0
	ldr	r2, [r1]
	movs	r3, #1
	bics	r2, r3
	str	r2, [r1]
	ldr	r2, [r1]
	.loc	6 207 9 prologue_end is_stmt 1  @ ../07_TCPL04B_MCAL/tcpl04x_ll_led.c:207:9
	cmp	r0, #0
	beq	.LBB6_5
.Ltmp32:
@ %bb.1:
	@DEBUG_VALUE: ll_led_enable:enable <- [DW_OP_LLVM_convert 1 7, DW_OP_LLVM_convert 8 7, DW_OP_stack_value] $r0
	.loc	6 0 9 is_stmt 0                 @ ../07_TCPL04B_MCAL/tcpl04x_ll_led.c:0:9
	movs	r0, #2
.Ltmp33:
	.loc	6 216 34 is_stmt 1              @ ../07_TCPL04B_MCAL/tcpl04x_ll_led.c:216:34
	orrs	r2, r0
	str	r2, [r1]
	ldr	r2, __arm_cp.6_1
	@DEBUG_VALUE: ll_led_ldo_ready_wait:timeout <- 480000
.LBB6_2:                                @ =>This Inner Loop Header: Depth=1
.Ltmp34:
	@DEBUG_VALUE: ll_led_ldo_ready_wait:timeout <- [DW_OP_consts 18446744073709071615, DW_OP_minus, DW_OP_consts 18446744073709551615, DW_OP_mul, DW_OP_consts 480000, DW_OP_plus, DW_OP_stack_value] $r2
	.loc	6 30 28                         @ ../07_TCPL04B_MCAL/tcpl04x_ll_led.c:30:28
	ldr	r4, [r1]
	.loc	6 30 5 is_stmt 0                @ ../07_TCPL04B_MCAL/tcpl04x_ll_led.c:30:5
	lsls	r4, r4, #11
	bmi	.LBB6_6
.Ltmp35:
@ %bb.3:                                @   in Loop: Header=BB6_2 Depth=1
	@DEBUG_VALUE: ll_led_ldo_ready_wait:timeout <- [DW_OP_consts 18446744073709071615, DW_OP_minus, DW_OP_consts 18446744073709551615, DW_OP_mul, DW_OP_consts 480000, DW_OP_plus, DW_OP_stack_value] $r2
	@DEBUG_VALUE: ll_led_ldo_ready_wait:timeout <- [DW_OP_consts 18446744073709071615, DW_OP_minus, DW_OP_consts 18446744073709551615, DW_OP_mul, DW_OP_consts 479999, DW_OP_plus, DW_OP_stack_value] $r2
	.loc	6 32 23 is_stmt 1               @ ../07_TCPL04B_MCAL/tcpl04x_ll_led.c:32:23
	adds	r2, r2, #1
.Ltmp36:
	.loc	6 32 13 is_stmt 0               @ ../07_TCPL04B_MCAL/tcpl04x_ll_led.c:32:13
	blo	.LBB6_2
.Ltmp37:
@ %bb.4:
	.loc	6 220 38 is_stmt 1              @ ../07_TCPL04B_MCAL/tcpl04x_ll_led.c:220:38
	ldr	r2, [r1]
	bics	r2, r0
	movs	r0, #3
	b	.LBB6_8
.Ltmp38:
.LBB6_5:
	@DEBUG_VALUE: ll_led_enable:enable <- [DW_OP_LLVM_convert 1 7, DW_OP_LLVM_convert 8 7, DW_OP_stack_value] $r0
	.loc	6 0 38 is_stmt 0                @ ../07_TCPL04B_MCAL/tcpl04x_ll_led.c:0:38
	movs	r0, #2
.Ltmp39:
	.loc	6 210 38 is_stmt 1              @ ../07_TCPL04B_MCAL/tcpl04x_ll_led.c:210:38
	bics	r2, r0
	b	.LBB6_7
.Ltmp40:
.LBB6_6:
	.loc	6 224 28                        @ ../07_TCPL04B_MCAL/tcpl04x_ll_led.c:224:28
	ldr	r2, [r1]
	orrs	r2, r3
.LBB6_7:
	.loc	6 0 28 is_stmt 0                @ ../07_TCPL04B_MCAL/tcpl04x_ll_led.c:0:28
	movs	r0, #0
.LBB6_8:
	str	r2, [r1]
	.loc	6 226 1 epilogue_begin is_stmt 1 @ ../07_TCPL04B_MCAL/tcpl04x_ll_led.c:226:1
	pop	{r4, pc}
.Ltmp41:
	.p2align	2
@ %bb.9:
	.loc	6 0 1 is_stmt 0                 @ ../07_TCPL04B_MCAL/tcpl04x_ll_led.c:0:1
__arm_cp.6_0:
	.long	1073762360                      @ 0x40005038
.Lcpi_end5:
	.size	__arm_cp.6_0, .Lcpi_end5-__arm_cp.6_0
__arm_cp.6_1:
	.long	4294487295                      @ 0xfff8acff
.Lcpi_end6:
	.size	__arm_cp.6_1, .Lcpi_end6-__arm_cp.6_1
.Lfunc_end6:
	.size	ll_led_enable, .Lfunc_end6-ll_led_enable
	.cfi_endproc
	.cantunwind
	.fnend
                                        @ -- End function
	.section	.text.ll_led_break_set,"ax",%progbits
	.hidden	ll_led_break_set                @ -- Begin function ll_led_break_set
	.globl	ll_led_break_set
	.p2align	1
	.type	ll_led_break_set,%function
	.code	16                              @ @ll_led_break_set
	.thumb_func
ll_led_break_set:
.Lfunc_begin7:
	.loc	6 237 0 is_stmt 1               @ ../07_TCPL04B_MCAL/tcpl04x_ll_led.c:237:0
	.fnstart
	.cfi_startproc
@ %bb.0:
	@DEBUG_VALUE: ll_led_break_set:enable <- [DW_OP_LLVM_convert 1 7, DW_OP_LLVM_convert 8 7, DW_OP_stack_value] $r0
	.save	{r7, lr}
	push	{r7, lr}
	.cfi_def_cfa_offset 8
	.cfi_offset lr, -4
	.cfi_offset r7, -8
	movs	r1, #1
.Ltmp42:
	.loc	6 238 26 prologue_end           @ ../07_TCPL04B_MCAL/tcpl04x_ll_led.c:238:26
	eors	r0, r1
.Ltmp43:
	.loc	6 238 12 is_stmt 0              @ ../07_TCPL04B_MCAL/tcpl04x_ll_led.c:238:12
	bl	ll_led_enable
.Ltmp44:
	.loc	6 238 5 epilogue_begin          @ ../07_TCPL04B_MCAL/tcpl04x_ll_led.c:238:5
	pop	{r7, pc}
.Ltmp45:
.Lfunc_end7:
	.size	ll_led_break_set, .Lfunc_end7-ll_led_break_set
	.cfi_endproc
	.cantunwind
	.fnend
                                        @ -- End function
	.type	.L__const.ll_led_diagnose_enable.regs,%object @ @__const.ll_led_diagnose_enable.regs
	.section	.rodata..L__const.ll_led_diagnose_enable.regs,"a",%progbits
	.p2align	2, 0x0
.L__const.ll_led_diagnose_enable.regs:
	.long	1073762364
	.long	1073762368
	.long	1073762372
	.size	.L__const.ll_led_diagnose_enable.regs, 12

	.section	.debug_loc,"",%progbits
.Ldebug_loc0:
	.long	-1
	.long	.Lfunc_begin1                   @   base address
	.long	.Lfunc_begin1-.Lfunc_begin1
	.long	.Ltmp3-.Lfunc_begin1
	.short	1                               @ Loc expr size
	.byte	80                              @ DW_OP_reg0
	.long	.Ltmp3-.Lfunc_begin1
	.long	.Ltmp4-.Lfunc_begin1
	.short	4                               @ Loc expr size
	.byte	243                             @ DW_OP_GNU_entry_value
	.byte	1                               @ 1
	.byte	80                              @ DW_OP_reg0
	.byte	159                             @ DW_OP_stack_value
	.long	.Ltmp4-.Lfunc_begin1
	.long	.Ltmp5-.Lfunc_begin1
	.short	1                               @ Loc expr size
	.byte	80                              @ DW_OP_reg0
	.long	.Ltmp5-.Lfunc_begin1
	.long	.Ltmp7-.Lfunc_begin1
	.short	4                               @ Loc expr size
	.byte	243                             @ DW_OP_GNU_entry_value
	.byte	1                               @ 1
	.byte	80                              @ DW_OP_reg0
	.byte	159                             @ DW_OP_stack_value
	.long	0
	.long	0
.Ldebug_loc1:
	.long	-1
	.long	.Lfunc_begin1                   @   base address
	.long	.Lfunc_begin1-.Lfunc_begin1
	.long	.Ltmp6-.Lfunc_begin1
	.short	1                               @ Loc expr size
	.byte	81                              @ DW_OP_reg1
	.long	.Ltmp6-.Lfunc_begin1
	.long	.Ltmp7-.Lfunc_begin1
	.short	4                               @ Loc expr size
	.byte	243                             @ DW_OP_GNU_entry_value
	.byte	1                               @ 1
	.byte	81                              @ DW_OP_reg1
	.byte	159                             @ DW_OP_stack_value
	.long	0
	.long	0
.Ldebug_loc2:
	.long	-1
	.long	.Lfunc_begin2                   @   base address
	.long	.Lfunc_begin2-.Lfunc_begin2
	.long	.Ltmp9-.Lfunc_begin2
	.short	1                               @ Loc expr size
	.byte	80                              @ DW_OP_reg0
	.long	.Ltmp9-.Lfunc_begin2
	.long	.Ltmp10-.Lfunc_begin2
	.short	4                               @ Loc expr size
	.byte	243                             @ DW_OP_GNU_entry_value
	.byte	1                               @ 1
	.byte	80                              @ DW_OP_reg0
	.byte	159                             @ DW_OP_stack_value
	.long	.Ltmp10-.Lfunc_begin2
	.long	.Ltmp11-.Lfunc_begin2
	.short	1                               @ Loc expr size
	.byte	80                              @ DW_OP_reg0
	.long	.Ltmp11-.Lfunc_begin2
	.long	.Ltmp12-.Lfunc_begin2
	.short	4                               @ Loc expr size
	.byte	243                             @ DW_OP_GNU_entry_value
	.byte	1                               @ 1
	.byte	80                              @ DW_OP_reg0
	.byte	159                             @ DW_OP_stack_value
	.long	0
	.long	0
.Ldebug_loc3:
	.long	-1
	.long	.Lfunc_begin3                   @   base address
	.long	.Lfunc_begin3-.Lfunc_begin3
	.long	.Ltmp14-.Lfunc_begin3
	.short	1                               @ Loc expr size
	.byte	80                              @ DW_OP_reg0
	.long	.Ltmp14-.Lfunc_begin3
	.long	.Ltmp15-.Lfunc_begin3
	.short	4                               @ Loc expr size
	.byte	243                             @ DW_OP_GNU_entry_value
	.byte	1                               @ 1
	.byte	80                              @ DW_OP_reg0
	.byte	159                             @ DW_OP_stack_value
	.long	.Ltmp15-.Lfunc_begin3
	.long	.Ltmp16-.Lfunc_begin3
	.short	1                               @ Loc expr size
	.byte	80                              @ DW_OP_reg0
	.long	.Ltmp16-.Lfunc_begin3
	.long	.Lfunc_end3-.Lfunc_begin3
	.short	4                               @ Loc expr size
	.byte	243                             @ DW_OP_GNU_entry_value
	.byte	1                               @ 1
	.byte	80                              @ DW_OP_reg0
	.byte	159                             @ DW_OP_stack_value
	.long	0
	.long	0
.Ldebug_loc4:
	.long	-1
	.long	.Lfunc_begin4                   @   base address
	.long	.Lfunc_begin4-.Lfunc_begin4
	.long	.Ltmp19-.Lfunc_begin4
	.short	1                               @ Loc expr size
	.byte	80                              @ DW_OP_reg0
	.long	.Ltmp19-.Lfunc_begin4
	.long	.Ltmp20-.Lfunc_begin4
	.short	4                               @ Loc expr size
	.byte	243                             @ DW_OP_GNU_entry_value
	.byte	1                               @ 1
	.byte	80                              @ DW_OP_reg0
	.byte	159                             @ DW_OP_stack_value
	.long	.Ltmp20-.Lfunc_begin4
	.long	.Ltmp23-.Lfunc_begin4
	.short	1                               @ Loc expr size
	.byte	80                              @ DW_OP_reg0
	.long	.Ltmp23-.Lfunc_begin4
	.long	.Ltmp24-.Lfunc_begin4
	.short	4                               @ Loc expr size
	.byte	243                             @ DW_OP_GNU_entry_value
	.byte	1                               @ 1
	.byte	80                              @ DW_OP_reg0
	.byte	159                             @ DW_OP_stack_value
	.long	0
	.long	0
.Ldebug_loc5:
	.long	-1
	.long	.Lfunc_begin4                   @   base address
	.long	.Lfunc_begin4-.Lfunc_begin4
	.long	.Ltmp21-.Lfunc_begin4
	.short	1                               @ Loc expr size
	.byte	81                              @ DW_OP_reg1
	.long	.Ltmp21-.Lfunc_begin4
	.long	.Ltmp24-.Lfunc_begin4
	.short	4                               @ Loc expr size
	.byte	243                             @ DW_OP_GNU_entry_value
	.byte	1                               @ 1
	.byte	81                              @ DW_OP_reg1
	.byte	159                             @ DW_OP_stack_value
	.long	0
	.long	0
.Ldebug_loc6:
	.long	-1
	.long	.Lfunc_begin4                   @   base address
	.long	.Lfunc_begin4-.Lfunc_begin4
	.long	.Ltmp22-.Lfunc_begin4
	.short	1                               @ Loc expr size
	.byte	82                              @ DW_OP_reg2
	.long	.Ltmp22-.Lfunc_begin4
	.long	.Ltmp24-.Lfunc_begin4
	.short	4                               @ Loc expr size
	.byte	243                             @ DW_OP_GNU_entry_value
	.byte	1                               @ 1
	.byte	82                              @ DW_OP_reg2
	.byte	159                             @ DW_OP_stack_value
	.long	0
	.long	0
.Ldebug_loc7:
	.long	-1
	.long	.Lfunc_begin5                   @   base address
	.long	.Lfunc_begin5-.Lfunc_begin5
	.long	.Ltmp26-.Lfunc_begin5
	.short	1                               @ Loc expr size
	.byte	80                              @ DW_OP_reg0
	.long	.Ltmp26-.Lfunc_begin5
	.long	.Ltmp27-.Lfunc_begin5
	.short	4                               @ Loc expr size
	.byte	243                             @ DW_OP_GNU_entry_value
	.byte	1                               @ 1
	.byte	80                              @ DW_OP_reg0
	.byte	159                             @ DW_OP_stack_value
	.long	.Ltmp27-.Lfunc_begin5
	.long	.Ltmp28-.Lfunc_begin5
	.short	1                               @ Loc expr size
	.byte	80                              @ DW_OP_reg0
	.long	.Ltmp28-.Lfunc_begin5
	.long	.Ltmp30-.Lfunc_begin5
	.short	4                               @ Loc expr size
	.byte	243                             @ DW_OP_GNU_entry_value
	.byte	1                               @ 1
	.byte	80                              @ DW_OP_reg0
	.byte	159                             @ DW_OP_stack_value
	.long	0
	.long	0
.Ldebug_loc8:
	.long	-1
	.long	.Lfunc_begin5                   @   base address
	.long	.Lfunc_begin5-.Lfunc_begin5
	.long	.Ltmp29-.Lfunc_begin5
	.short	6                               @ Loc expr size
	.byte	113                             @ DW_OP_breg1
	.byte	0                               @ 0
	.byte	16                              @ DW_OP_constu
	.byte	1                               @ 1
	.byte	26                              @ DW_OP_and
	.byte	159                             @ DW_OP_stack_value
	.long	0
	.long	0
.Ldebug_loc9:
	.long	-1
	.long	.Lfunc_begin6                   @   base address
	.long	.Lfunc_begin6-.Lfunc_begin6
	.long	.Ltmp33-.Lfunc_begin6
	.short	6                               @ Loc expr size
	.byte	112                             @ DW_OP_breg0
	.byte	0                               @ 0
	.byte	16                              @ DW_OP_constu
	.byte	1                               @ 1
	.byte	26                              @ DW_OP_and
	.byte	159                             @ DW_OP_stack_value
	.long	.Ltmp38-.Lfunc_begin6
	.long	.Ltmp39-.Lfunc_begin6
	.short	6                               @ Loc expr size
	.byte	112                             @ DW_OP_breg0
	.byte	0                               @ 0
	.byte	16                              @ DW_OP_constu
	.byte	1                               @ 1
	.byte	26                              @ DW_OP_and
	.byte	159                             @ DW_OP_stack_value
	.long	0
	.long	0
.Ldebug_loc10:
	.long	-1
	.long	.Lfunc_begin6                   @   base address
	.long	.Ltmp34-.Lfunc_begin6
	.long	.Ltmp35-.Lfunc_begin6
	.short	16                              @ Loc expr size
	.byte	114                             @ DW_OP_breg2
	.byte	0                               @ 0
	.byte	17                              @ DW_OP_consts
	.byte	255                             @ -480001
	.byte	217                             @ 
	.byte	98                              @ 
	.byte	28                              @ DW_OP_minus
	.byte	17                              @ DW_OP_consts
	.byte	127                             @ -1
	.byte	30                              @ DW_OP_mul
	.byte	17                              @ DW_OP_consts
	.byte	128                             @ 480000
	.byte	166                             @ 
	.byte	29                              @ 
	.byte	34                              @ DW_OP_plus
	.byte	159                             @ DW_OP_stack_value
	.long	.Ltmp35-.Lfunc_begin6
	.long	.Ltmp36-.Lfunc_begin6
	.short	16                              @ Loc expr size
	.byte	114                             @ DW_OP_breg2
	.byte	0                               @ 0
	.byte	17                              @ DW_OP_consts
	.byte	255                             @ -480001
	.byte	217                             @ 
	.byte	98                              @ 
	.byte	28                              @ DW_OP_minus
	.byte	17                              @ DW_OP_consts
	.byte	127                             @ -1
	.byte	30                              @ DW_OP_mul
	.byte	17                              @ DW_OP_consts
	.byte	255                             @ 479999
	.byte	165                             @ 
	.byte	29                              @ 
	.byte	34                              @ DW_OP_plus
	.byte	159                             @ DW_OP_stack_value
	.long	0
	.long	0
.Ldebug_loc11:
	.long	-1
	.long	.Lfunc_begin7                   @   base address
	.long	.Lfunc_begin7-.Lfunc_begin7
	.long	.Ltmp43-.Lfunc_begin7
	.short	6                               @ Loc expr size
	.byte	112                             @ DW_OP_breg0
	.byte	0                               @ 0
	.byte	16                              @ DW_OP_constu
	.byte	1                               @ 1
	.byte	26                              @ DW_OP_and
	.byte	159                             @ DW_OP_stack_value
	.long	0
	.long	0
	.section	.debug_abbrev,"",%progbits
	.byte	1                               @ Abbreviation Code
	.byte	17                              @ DW_TAG_compile_unit
	.byte	1                               @ DW_CHILDREN_yes
	.byte	37                              @ DW_AT_producer
	.byte	14                              @ DW_FORM_strp
	.byte	19                              @ DW_AT_language
	.byte	5                               @ DW_FORM_data2
	.byte	3                               @ DW_AT_name
	.byte	14                              @ DW_FORM_strp
	.byte	16                              @ DW_AT_stmt_list
	.byte	23                              @ DW_FORM_sec_offset
	.byte	27                              @ DW_AT_comp_dir
	.byte	14                              @ DW_FORM_strp
	.byte	17                              @ DW_AT_low_pc
	.byte	1                               @ DW_FORM_addr
	.byte	85                              @ DW_AT_ranges
	.byte	23                              @ DW_FORM_sec_offset
	.byte	0                               @ EOM(1)
	.byte	0                               @ EOM(2)
	.byte	2                               @ Abbreviation Code
	.byte	4                               @ DW_TAG_enumeration_type
	.byte	1                               @ DW_CHILDREN_yes
	.byte	73                              @ DW_AT_type
	.byte	19                              @ DW_FORM_ref4
	.byte	11                              @ DW_AT_byte_size
	.byte	11                              @ DW_FORM_data1
	.byte	58                              @ DW_AT_decl_file
	.byte	11                              @ DW_FORM_data1
	.byte	59                              @ DW_AT_decl_line
	.byte	11                              @ DW_FORM_data1
	.byte	0                               @ EOM(1)
	.byte	0                               @ EOM(2)
	.byte	3                               @ Abbreviation Code
	.byte	40                              @ DW_TAG_enumerator
	.byte	0                               @ DW_CHILDREN_no
	.byte	3                               @ DW_AT_name
	.byte	14                              @ DW_FORM_strp
	.byte	28                              @ DW_AT_const_value
	.byte	15                              @ DW_FORM_udata
	.byte	0                               @ EOM(1)
	.byte	0                               @ EOM(2)
	.byte	4                               @ Abbreviation Code
	.byte	36                              @ DW_TAG_base_type
	.byte	0                               @ DW_CHILDREN_no
	.byte	3                               @ DW_AT_name
	.byte	14                              @ DW_FORM_strp
	.byte	62                              @ DW_AT_encoding
	.byte	11                              @ DW_FORM_data1
	.byte	11                              @ DW_AT_byte_size
	.byte	11                              @ DW_FORM_data1
	.byte	0                               @ EOM(1)
	.byte	0                               @ EOM(2)
	.byte	5                               @ Abbreviation Code
	.byte	15                              @ DW_TAG_pointer_type
	.byte	0                               @ DW_CHILDREN_no
	.byte	73                              @ DW_AT_type
	.byte	19                              @ DW_FORM_ref4
	.byte	0                               @ EOM(1)
	.byte	0                               @ EOM(2)
	.byte	6                               @ Abbreviation Code
	.byte	22                              @ DW_TAG_typedef
	.byte	0                               @ DW_CHILDREN_no
	.byte	73                              @ DW_AT_type
	.byte	19                              @ DW_FORM_ref4
	.byte	3                               @ DW_AT_name
	.byte	14                              @ DW_FORM_strp
	.byte	58                              @ DW_AT_decl_file
	.byte	11                              @ DW_FORM_data1
	.byte	59                              @ DW_AT_decl_line
	.byte	5                               @ DW_FORM_data2
	.byte	0                               @ EOM(1)
	.byte	0                               @ EOM(2)
	.byte	7                               @ Abbreviation Code
	.byte	19                              @ DW_TAG_structure_type
	.byte	1                               @ DW_CHILDREN_yes
	.byte	11                              @ DW_AT_byte_size
	.byte	11                              @ DW_FORM_data1
	.byte	58                              @ DW_AT_decl_file
	.byte	11                              @ DW_FORM_data1
	.byte	59                              @ DW_AT_decl_line
	.byte	5                               @ DW_FORM_data2
	.byte	0                               @ EOM(1)
	.byte	0                               @ EOM(2)
	.byte	8                               @ Abbreviation Code
	.byte	13                              @ DW_TAG_member
	.byte	0                               @ DW_CHILDREN_no
	.byte	73                              @ DW_AT_type
	.byte	19                              @ DW_FORM_ref4
	.byte	58                              @ DW_AT_decl_file
	.byte	11                              @ DW_FORM_data1
	.byte	59                              @ DW_AT_decl_line
	.byte	5                               @ DW_FORM_data2
	.byte	56                              @ DW_AT_data_member_location
	.byte	11                              @ DW_FORM_data1
	.byte	0                               @ EOM(1)
	.byte	0                               @ EOM(2)
	.byte	9                               @ Abbreviation Code
	.byte	23                              @ DW_TAG_union_type
	.byte	1                               @ DW_CHILDREN_yes
	.byte	11                              @ DW_AT_byte_size
	.byte	11                              @ DW_FORM_data1
	.byte	58                              @ DW_AT_decl_file
	.byte	11                              @ DW_FORM_data1
	.byte	59                              @ DW_AT_decl_line
	.byte	5                               @ DW_FORM_data2
	.byte	0                               @ EOM(1)
	.byte	0                               @ EOM(2)
	.byte	10                              @ Abbreviation Code
	.byte	13                              @ DW_TAG_member
	.byte	0                               @ DW_CHILDREN_no
	.byte	3                               @ DW_AT_name
	.byte	14                              @ DW_FORM_strp
	.byte	73                              @ DW_AT_type
	.byte	19                              @ DW_FORM_ref4
	.byte	58                              @ DW_AT_decl_file
	.byte	11                              @ DW_FORM_data1
	.byte	59                              @ DW_AT_decl_line
	.byte	5                               @ DW_FORM_data2
	.byte	56                              @ DW_AT_data_member_location
	.byte	11                              @ DW_FORM_data1
	.byte	0                               @ EOM(1)
	.byte	0                               @ EOM(2)
	.byte	11                              @ Abbreviation Code
	.byte	53                              @ DW_TAG_volatile_type
	.byte	0                               @ DW_CHILDREN_no
	.byte	73                              @ DW_AT_type
	.byte	19                              @ DW_FORM_ref4
	.byte	0                               @ EOM(1)
	.byte	0                               @ EOM(2)
	.byte	12                              @ Abbreviation Code
	.byte	22                              @ DW_TAG_typedef
	.byte	0                               @ DW_CHILDREN_no
	.byte	73                              @ DW_AT_type
	.byte	19                              @ DW_FORM_ref4
	.byte	3                               @ DW_AT_name
	.byte	14                              @ DW_FORM_strp
	.byte	58                              @ DW_AT_decl_file
	.byte	11                              @ DW_FORM_data1
	.byte	59                              @ DW_AT_decl_line
	.byte	11                              @ DW_FORM_data1
	.byte	0                               @ EOM(1)
	.byte	0                               @ EOM(2)
	.byte	13                              @ Abbreviation Code
	.byte	13                              @ DW_TAG_member
	.byte	0                               @ DW_CHILDREN_no
	.byte	3                               @ DW_AT_name
	.byte	14                              @ DW_FORM_strp
	.byte	73                              @ DW_AT_type
	.byte	19                              @ DW_FORM_ref4
	.byte	58                              @ DW_AT_decl_file
	.byte	11                              @ DW_FORM_data1
	.byte	59                              @ DW_AT_decl_line
	.byte	5                               @ DW_FORM_data2
	.byte	13                              @ DW_AT_bit_size
	.byte	11                              @ DW_FORM_data1
	.byte	107                             @ DW_AT_data_bit_offset
	.byte	11                              @ DW_FORM_data1
	.byte	0                               @ EOM(1)
	.byte	0                               @ EOM(2)
	.byte	14                              @ Abbreviation Code
	.byte	23                              @ DW_TAG_union_type
	.byte	1                               @ DW_CHILDREN_yes
	.byte	11                              @ DW_AT_byte_size
	.byte	11                              @ DW_FORM_data1
	.byte	58                              @ DW_AT_decl_file
	.byte	11                              @ DW_FORM_data1
	.byte	59                              @ DW_AT_decl_line
	.byte	11                              @ DW_FORM_data1
	.byte	0                               @ EOM(1)
	.byte	0                               @ EOM(2)
	.byte	15                              @ Abbreviation Code
	.byte	13                              @ DW_TAG_member
	.byte	0                               @ DW_CHILDREN_no
	.byte	73                              @ DW_AT_type
	.byte	19                              @ DW_FORM_ref4
	.byte	58                              @ DW_AT_decl_file
	.byte	11                              @ DW_FORM_data1
	.byte	59                              @ DW_AT_decl_line
	.byte	11                              @ DW_FORM_data1
	.byte	56                              @ DW_AT_data_member_location
	.byte	11                              @ DW_FORM_data1
	.byte	0                               @ EOM(1)
	.byte	0                               @ EOM(2)
	.byte	16                              @ Abbreviation Code
	.byte	19                              @ DW_TAG_structure_type
	.byte	1                               @ DW_CHILDREN_yes
	.byte	11                              @ DW_AT_byte_size
	.byte	11                              @ DW_FORM_data1
	.byte	58                              @ DW_AT_decl_file
	.byte	11                              @ DW_FORM_data1
	.byte	59                              @ DW_AT_decl_line
	.byte	11                              @ DW_FORM_data1
	.byte	0                               @ EOM(1)
	.byte	0                               @ EOM(2)
	.byte	17                              @ Abbreviation Code
	.byte	13                              @ DW_TAG_member
	.byte	0                               @ DW_CHILDREN_no
	.byte	3                               @ DW_AT_name
	.byte	14                              @ DW_FORM_strp
	.byte	73                              @ DW_AT_type
	.byte	19                              @ DW_FORM_ref4
	.byte	58                              @ DW_AT_decl_file
	.byte	11                              @ DW_FORM_data1
	.byte	59                              @ DW_AT_decl_line
	.byte	11                              @ DW_FORM_data1
	.byte	13                              @ DW_AT_bit_size
	.byte	11                              @ DW_FORM_data1
	.byte	107                             @ DW_AT_data_bit_offset
	.byte	11                              @ DW_FORM_data1
	.byte	0                               @ EOM(1)
	.byte	0                               @ EOM(2)
	.byte	18                              @ Abbreviation Code
	.byte	13                              @ DW_TAG_member
	.byte	0                               @ DW_CHILDREN_no
	.byte	3                               @ DW_AT_name
	.byte	14                              @ DW_FORM_strp
	.byte	73                              @ DW_AT_type
	.byte	19                              @ DW_FORM_ref4
	.byte	58                              @ DW_AT_decl_file
	.byte	11                              @ DW_FORM_data1
	.byte	59                              @ DW_AT_decl_line
	.byte	11                              @ DW_FORM_data1
	.byte	56                              @ DW_AT_data_member_location
	.byte	11                              @ DW_FORM_data1
	.byte	0                               @ EOM(1)
	.byte	0                               @ EOM(2)
	.byte	19                              @ Abbreviation Code
	.byte	19                              @ DW_TAG_structure_type
	.byte	1                               @ DW_CHILDREN_yes
	.byte	11                              @ DW_AT_byte_size
	.byte	5                               @ DW_FORM_data2
	.byte	58                              @ DW_AT_decl_file
	.byte	11                              @ DW_FORM_data1
	.byte	59                              @ DW_AT_decl_line
	.byte	5                               @ DW_FORM_data2
	.byte	0                               @ EOM(1)
	.byte	0                               @ EOM(2)
	.byte	20                              @ Abbreviation Code
	.byte	1                               @ DW_TAG_array_type
	.byte	1                               @ DW_CHILDREN_yes
	.byte	73                              @ DW_AT_type
	.byte	19                              @ DW_FORM_ref4
	.byte	0                               @ EOM(1)
	.byte	0                               @ EOM(2)
	.byte	21                              @ Abbreviation Code
	.byte	33                              @ DW_TAG_subrange_type
	.byte	0                               @ DW_CHILDREN_no
	.byte	73                              @ DW_AT_type
	.byte	19                              @ DW_FORM_ref4
	.byte	55                              @ DW_AT_count
	.byte	11                              @ DW_FORM_data1
	.byte	0                               @ EOM(1)
	.byte	0                               @ EOM(2)
	.byte	22                              @ Abbreviation Code
	.byte	36                              @ DW_TAG_base_type
	.byte	0                               @ DW_CHILDREN_no
	.byte	3                               @ DW_AT_name
	.byte	14                              @ DW_FORM_strp
	.byte	11                              @ DW_AT_byte_size
	.byte	11                              @ DW_FORM_data1
	.byte	62                              @ DW_AT_encoding
	.byte	11                              @ DW_FORM_data1
	.byte	0                               @ EOM(1)
	.byte	0                               @ EOM(2)
	.byte	23                              @ Abbreviation Code
	.byte	46                              @ DW_TAG_subprogram
	.byte	0                               @ DW_CHILDREN_no
	.byte	17                              @ DW_AT_low_pc
	.byte	1                               @ DW_FORM_addr
	.byte	18                              @ DW_AT_high_pc
	.byte	6                               @ DW_FORM_data4
	.byte	64                              @ DW_AT_frame_base
	.byte	24                              @ DW_FORM_exprloc
	.ascii	"\227B"                         @ DW_AT_GNU_all_call_sites
	.byte	25                              @ DW_FORM_flag_present
	.byte	3                               @ DW_AT_name
	.byte	14                              @ DW_FORM_strp
	.byte	58                              @ DW_AT_decl_file
	.byte	11                              @ DW_FORM_data1
	.byte	59                              @ DW_AT_decl_line
	.byte	11                              @ DW_FORM_data1
	.byte	39                              @ DW_AT_prototyped
	.byte	25                              @ DW_FORM_flag_present
	.byte	63                              @ DW_AT_external
	.byte	25                              @ DW_FORM_flag_present
	.byte	0                               @ EOM(1)
	.byte	0                               @ EOM(2)
	.byte	24                              @ Abbreviation Code
	.byte	46                              @ DW_TAG_subprogram
	.byte	1                               @ DW_CHILDREN_yes
	.byte	17                              @ DW_AT_low_pc
	.byte	1                               @ DW_FORM_addr
	.byte	18                              @ DW_AT_high_pc
	.byte	6                               @ DW_FORM_data4
	.byte	64                              @ DW_AT_frame_base
	.byte	24                              @ DW_FORM_exprloc
	.ascii	"\227B"                         @ DW_AT_GNU_all_call_sites
	.byte	25                              @ DW_FORM_flag_present
	.byte	3                               @ DW_AT_name
	.byte	14                              @ DW_FORM_strp
	.byte	58                              @ DW_AT_decl_file
	.byte	11                              @ DW_FORM_data1
	.byte	59                              @ DW_AT_decl_line
	.byte	11                              @ DW_FORM_data1
	.byte	39                              @ DW_AT_prototyped
	.byte	25                              @ DW_FORM_flag_present
	.byte	73                              @ DW_AT_type
	.byte	19                              @ DW_FORM_ref4
	.byte	63                              @ DW_AT_external
	.byte	25                              @ DW_FORM_flag_present
	.byte	0                               @ EOM(1)
	.byte	0                               @ EOM(2)
	.byte	25                              @ Abbreviation Code
	.byte	5                               @ DW_TAG_formal_parameter
	.byte	0                               @ DW_CHILDREN_no
	.byte	2                               @ DW_AT_location
	.byte	23                              @ DW_FORM_sec_offset
	.byte	3                               @ DW_AT_name
	.byte	14                              @ DW_FORM_strp
	.byte	58                              @ DW_AT_decl_file
	.byte	11                              @ DW_FORM_data1
	.byte	59                              @ DW_AT_decl_line
	.byte	11                              @ DW_FORM_data1
	.byte	73                              @ DW_AT_type
	.byte	19                              @ DW_FORM_ref4
	.byte	0                               @ EOM(1)
	.byte	0                               @ EOM(2)
	.byte	26                              @ Abbreviation Code
	.byte	52                              @ DW_TAG_variable
	.byte	0                               @ DW_CHILDREN_no
	.byte	3                               @ DW_AT_name
	.byte	14                              @ DW_FORM_strp
	.byte	58                              @ DW_AT_decl_file
	.byte	11                              @ DW_FORM_data1
	.byte	59                              @ DW_AT_decl_line
	.byte	11                              @ DW_FORM_data1
	.byte	73                              @ DW_AT_type
	.byte	19                              @ DW_FORM_ref4
	.byte	0                               @ EOM(1)
	.byte	0                               @ EOM(2)
	.byte	27                              @ Abbreviation Code
	.byte	5                               @ DW_TAG_formal_parameter
	.byte	0                               @ DW_CHILDREN_no
	.byte	2                               @ DW_AT_location
	.byte	24                              @ DW_FORM_exprloc
	.byte	3                               @ DW_AT_name
	.byte	14                              @ DW_FORM_strp
	.byte	58                              @ DW_AT_decl_file
	.byte	11                              @ DW_FORM_data1
	.byte	59                              @ DW_AT_decl_line
	.byte	11                              @ DW_FORM_data1
	.byte	73                              @ DW_AT_type
	.byte	19                              @ DW_FORM_ref4
	.byte	0                               @ EOM(1)
	.byte	0                               @ EOM(2)
	.byte	28                              @ Abbreviation Code
	.byte	46                              @ DW_TAG_subprogram
	.byte	1                               @ DW_CHILDREN_yes
	.byte	3                               @ DW_AT_name
	.byte	14                              @ DW_FORM_strp
	.byte	58                              @ DW_AT_decl_file
	.byte	11                              @ DW_FORM_data1
	.byte	59                              @ DW_AT_decl_line
	.byte	11                              @ DW_FORM_data1
	.byte	39                              @ DW_AT_prototyped
	.byte	25                              @ DW_FORM_flag_present
	.byte	73                              @ DW_AT_type
	.byte	19                              @ DW_FORM_ref4
	.byte	32                              @ DW_AT_inline
	.byte	11                              @ DW_FORM_data1
	.byte	0                               @ EOM(1)
	.byte	0                               @ EOM(2)
	.byte	29                              @ Abbreviation Code
	.byte	29                              @ DW_TAG_inlined_subroutine
	.byte	1                               @ DW_CHILDREN_yes
	.byte	49                              @ DW_AT_abstract_origin
	.byte	19                              @ DW_FORM_ref4
	.byte	17                              @ DW_AT_low_pc
	.byte	1                               @ DW_FORM_addr
	.byte	18                              @ DW_AT_high_pc
	.byte	6                               @ DW_FORM_data4
	.byte	88                              @ DW_AT_call_file
	.byte	11                              @ DW_FORM_data1
	.byte	89                              @ DW_AT_call_line
	.byte	11                              @ DW_FORM_data1
	.byte	87                              @ DW_AT_call_column
	.byte	11                              @ DW_FORM_data1
	.byte	0                               @ EOM(1)
	.byte	0                               @ EOM(2)
	.byte	30                              @ Abbreviation Code
	.byte	52                              @ DW_TAG_variable
	.byte	0                               @ DW_CHILDREN_no
	.byte	2                               @ DW_AT_location
	.byte	23                              @ DW_FORM_sec_offset
	.byte	49                              @ DW_AT_abstract_origin
	.byte	19                              @ DW_FORM_ref4
	.byte	0                               @ EOM(1)
	.byte	0                               @ EOM(2)
	.byte	0                               @ EOM(3)
	.section	.debug_info,"",%progbits
.Lcu_begin0:
	.long	.Ldebug_info_end0-.Ldebug_info_start0 @ Length of Unit
.Ldebug_info_start0:
	.short	4                               @ DWARF version number
	.long	.debug_abbrev                   @ Offset Into Abbrev. Section
	.byte	4                               @ Address Size (in bytes)
	.byte	1                               @ Abbrev [1] 0xb:0x1a39 DW_TAG_compile_unit
	.long	.Linfo_string0                  @ DW_AT_producer
	.short	12                              @ DW_AT_language
	.long	.Linfo_string1                  @ DW_AT_name
	.long	.Lline_table_start0             @ DW_AT_stmt_list
	.long	.Linfo_string2                  @ DW_AT_comp_dir
	.long	0                               @ DW_AT_low_pc
	.long	.Ldebug_ranges0                 @ DW_AT_ranges
	.byte	2                               @ Abbrev [2] 0x26:0x2d DW_TAG_enumeration_type
	.long	83                              @ DW_AT_type
	.byte	1                               @ DW_AT_byte_size
	.byte	1                               @ DW_AT_decl_file
	.byte	153                             @ DW_AT_decl_line
	.byte	3                               @ Abbrev [3] 0x2e:0x6 DW_TAG_enumerator
	.long	.Linfo_string4                  @ DW_AT_name
	.byte	0                               @ DW_AT_const_value
	.byte	3                               @ Abbrev [3] 0x34:0x6 DW_TAG_enumerator
	.long	.Linfo_string5                  @ DW_AT_name
	.byte	1                               @ DW_AT_const_value
	.byte	3                               @ Abbrev [3] 0x3a:0x6 DW_TAG_enumerator
	.long	.Linfo_string6                  @ DW_AT_name
	.byte	2                               @ DW_AT_const_value
	.byte	3                               @ Abbrev [3] 0x40:0x6 DW_TAG_enumerator
	.long	.Linfo_string7                  @ DW_AT_name
	.byte	3                               @ DW_AT_const_value
	.byte	3                               @ Abbrev [3] 0x46:0x6 DW_TAG_enumerator
	.long	.Linfo_string8                  @ DW_AT_name
	.byte	4                               @ DW_AT_const_value
	.byte	3                               @ Abbrev [3] 0x4c:0x6 DW_TAG_enumerator
	.long	.Linfo_string9                  @ DW_AT_name
	.byte	5                               @ DW_AT_const_value
	.byte	0                               @ End Of Children Mark
	.byte	4                               @ Abbrev [4] 0x53:0x7 DW_TAG_base_type
	.long	.Linfo_string3                  @ DW_AT_name
	.byte	8                               @ DW_AT_encoding
	.byte	1                               @ DW_AT_byte_size
	.byte	2                               @ Abbrev [2] 0x5a:0x45 DW_TAG_enumeration_type
	.long	83                              @ DW_AT_type
	.byte	1                               @ DW_AT_byte_size
	.byte	2                               @ DW_AT_decl_file
	.byte	63                              @ DW_AT_decl_line
	.byte	3                               @ Abbrev [3] 0x62:0x6 DW_TAG_enumerator
	.long	.Linfo_string10                 @ DW_AT_name
	.byte	0                               @ DW_AT_const_value
	.byte	3                               @ Abbrev [3] 0x68:0x6 DW_TAG_enumerator
	.long	.Linfo_string11                 @ DW_AT_name
	.byte	1                               @ DW_AT_const_value
	.byte	3                               @ Abbrev [3] 0x6e:0x6 DW_TAG_enumerator
	.long	.Linfo_string12                 @ DW_AT_name
	.byte	2                               @ DW_AT_const_value
	.byte	3                               @ Abbrev [3] 0x74:0x6 DW_TAG_enumerator
	.long	.Linfo_string13                 @ DW_AT_name
	.byte	3                               @ DW_AT_const_value
	.byte	3                               @ Abbrev [3] 0x7a:0x6 DW_TAG_enumerator
	.long	.Linfo_string14                 @ DW_AT_name
	.byte	4                               @ DW_AT_const_value
	.byte	3                               @ Abbrev [3] 0x80:0x6 DW_TAG_enumerator
	.long	.Linfo_string15                 @ DW_AT_name
	.byte	5                               @ DW_AT_const_value
	.byte	3                               @ Abbrev [3] 0x86:0x6 DW_TAG_enumerator
	.long	.Linfo_string16                 @ DW_AT_name
	.byte	6                               @ DW_AT_const_value
	.byte	3                               @ Abbrev [3] 0x8c:0x6 DW_TAG_enumerator
	.long	.Linfo_string17                 @ DW_AT_name
	.byte	7                               @ DW_AT_const_value
	.byte	3                               @ Abbrev [3] 0x92:0x6 DW_TAG_enumerator
	.long	.Linfo_string18                 @ DW_AT_name
	.byte	8                               @ DW_AT_const_value
	.byte	3                               @ Abbrev [3] 0x98:0x6 DW_TAG_enumerator
	.long	.Linfo_string19                 @ DW_AT_name
	.byte	9                               @ DW_AT_const_value
	.byte	0                               @ End Of Children Mark
	.byte	2                               @ Abbrev [2] 0x9f:0xf DW_TAG_enumeration_type
	.long	83                              @ DW_AT_type
	.byte	1                               @ DW_AT_byte_size
	.byte	2                               @ DW_AT_decl_file
	.byte	80                              @ DW_AT_decl_line
	.byte	3                               @ Abbrev [3] 0xa7:0x6 DW_TAG_enumerator
	.long	.Linfo_string20                 @ DW_AT_name
	.byte	0                               @ DW_AT_const_value
	.byte	0                               @ End Of Children Mark
	.byte	2                               @ Abbrev [2] 0xae:0x27 DW_TAG_enumeration_type
	.long	83                              @ DW_AT_type
	.byte	1                               @ DW_AT_byte_size
	.byte	2                               @ DW_AT_decl_file
	.byte	51                              @ DW_AT_decl_line
	.byte	3                               @ Abbrev [3] 0xb6:0x6 DW_TAG_enumerator
	.long	.Linfo_string21                 @ DW_AT_name
	.byte	0                               @ DW_AT_const_value
	.byte	3                               @ Abbrev [3] 0xbc:0x6 DW_TAG_enumerator
	.long	.Linfo_string22                 @ DW_AT_name
	.byte	1                               @ DW_AT_const_value
	.byte	3                               @ Abbrev [3] 0xc2:0x6 DW_TAG_enumerator
	.long	.Linfo_string23                 @ DW_AT_name
	.byte	2                               @ DW_AT_const_value
	.byte	3                               @ Abbrev [3] 0xc8:0x6 DW_TAG_enumerator
	.long	.Linfo_string24                 @ DW_AT_name
	.byte	3                               @ DW_AT_const_value
	.byte	3                               @ Abbrev [3] 0xce:0x6 DW_TAG_enumerator
	.long	.Linfo_string25                 @ DW_AT_name
	.byte	4                               @ DW_AT_const_value
	.byte	0                               @ End Of Children Mark
	.byte	2                               @ Abbrev [2] 0xd5:0x27 DW_TAG_enumeration_type
	.long	83                              @ DW_AT_type
	.byte	1                               @ DW_AT_byte_size
	.byte	2                               @ DW_AT_decl_file
	.byte	39                              @ DW_AT_decl_line
	.byte	3                               @ Abbrev [3] 0xdd:0x6 DW_TAG_enumerator
	.long	.Linfo_string26                 @ DW_AT_name
	.byte	0                               @ DW_AT_const_value
	.byte	3                               @ Abbrev [3] 0xe3:0x6 DW_TAG_enumerator
	.long	.Linfo_string27                 @ DW_AT_name
	.byte	1                               @ DW_AT_const_value
	.byte	3                               @ Abbrev [3] 0xe9:0x6 DW_TAG_enumerator
	.long	.Linfo_string28                 @ DW_AT_name
	.byte	2                               @ DW_AT_const_value
	.byte	3                               @ Abbrev [3] 0xef:0x6 DW_TAG_enumerator
	.long	.Linfo_string29                 @ DW_AT_name
	.byte	3                               @ DW_AT_const_value
	.byte	3                               @ Abbrev [3] 0xf5:0x6 DW_TAG_enumerator
	.long	.Linfo_string30                 @ DW_AT_name
	.byte	4                               @ DW_AT_const_value
	.byte	0                               @ End Of Children Mark
	.byte	2                               @ Abbrev [2] 0xfc:0x27 DW_TAG_enumeration_type
	.long	83                              @ DW_AT_type
	.byte	1                               @ DW_AT_byte_size
	.byte	3                               @ DW_AT_decl_file
	.byte	63                              @ DW_AT_decl_line
	.byte	3                               @ Abbrev [3] 0x104:0x6 DW_TAG_enumerator
	.long	.Linfo_string31                 @ DW_AT_name
	.byte	0                               @ DW_AT_const_value
	.byte	3                               @ Abbrev [3] 0x10a:0x6 DW_TAG_enumerator
	.long	.Linfo_string32                 @ DW_AT_name
	.byte	1                               @ DW_AT_const_value
	.byte	3                               @ Abbrev [3] 0x110:0x6 DW_TAG_enumerator
	.long	.Linfo_string33                 @ DW_AT_name
	.byte	2                               @ DW_AT_const_value
	.byte	3                               @ Abbrev [3] 0x116:0x6 DW_TAG_enumerator
	.long	.Linfo_string34                 @ DW_AT_name
	.byte	3                               @ DW_AT_const_value
	.byte	3                               @ Abbrev [3] 0x11c:0x6 DW_TAG_enumerator
	.long	.Linfo_string35                 @ DW_AT_name
	.byte	4                               @ DW_AT_const_value
	.byte	0                               @ End Of Children Mark
	.byte	5                               @ Abbrev [5] 0x123:0x5 DW_TAG_pointer_type
	.long	296                             @ DW_AT_type
	.byte	6                               @ Abbrev [6] 0x128:0xc DW_TAG_typedef
	.long	308                             @ DW_AT_type
	.long	.Linfo_string139                @ DW_AT_name
	.byte	5                               @ DW_AT_decl_file
	.short	569                             @ DW_AT_decl_line
	.byte	7                               @ Abbrev [7] 0x134:0x2bf DW_TAG_structure_type
	.byte	68                              @ DW_AT_byte_size
	.byte	5                               @ DW_AT_decl_file
	.short	465                             @ DW_AT_decl_line
	.byte	8                               @ Abbrev [8] 0x139:0x9 DW_TAG_member
	.long	322                             @ DW_AT_type
	.byte	5                               @ DW_AT_decl_file
	.short	467                             @ DW_AT_decl_line
	.byte	0                               @ DW_AT_data_member_location
	.byte	9                               @ Abbrev [9] 0x142:0x20 DW_TAG_union_type
	.byte	4                               @ DW_AT_byte_size
	.byte	5                               @ DW_AT_decl_file
	.short	467                             @ DW_AT_decl_line
	.byte	10                              @ Abbrev [10] 0x147:0xd DW_TAG_member
	.long	.Linfo_string36                 @ DW_AT_name
	.long	1011                            @ DW_AT_type
	.byte	5                               @ DW_AT_decl_file
	.short	469                             @ DW_AT_decl_line
	.byte	0                               @ DW_AT_data_member_location
	.byte	10                              @ Abbrev [10] 0x154:0xd DW_TAG_member
	.long	.Linfo_string39                 @ DW_AT_name
	.long	1034                            @ DW_AT_type
	.byte	5                               @ DW_AT_decl_file
	.short	470                             @ DW_AT_decl_line
	.byte	0                               @ DW_AT_data_member_location
	.byte	0                               @ End Of Children Mark
	.byte	8                               @ Abbrev [8] 0x162:0x9 DW_TAG_member
	.long	363                             @ DW_AT_type
	.byte	5                               @ DW_AT_decl_file
	.short	473                             @ DW_AT_decl_line
	.byte	4                               @ DW_AT_data_member_location
	.byte	9                               @ Abbrev [9] 0x16b:0x20 DW_TAG_union_type
	.byte	4                               @ DW_AT_byte_size
	.byte	5                               @ DW_AT_decl_file
	.short	473                             @ DW_AT_decl_line
	.byte	10                              @ Abbrev [10] 0x170:0xd DW_TAG_member
	.long	.Linfo_string42                 @ DW_AT_name
	.long	1011                            @ DW_AT_type
	.byte	5                               @ DW_AT_decl_file
	.short	475                             @ DW_AT_decl_line
	.byte	0                               @ DW_AT_data_member_location
	.byte	10                              @ Abbrev [10] 0x17d:0xd DW_TAG_member
	.long	.Linfo_string43                 @ DW_AT_name
	.long	1071                            @ DW_AT_type
	.byte	5                               @ DW_AT_decl_file
	.short	476                             @ DW_AT_decl_line
	.byte	0                               @ DW_AT_data_member_location
	.byte	0                               @ End Of Children Mark
	.byte	8                               @ Abbrev [8] 0x18b:0x9 DW_TAG_member
	.long	404                             @ DW_AT_type
	.byte	5                               @ DW_AT_decl_file
	.short	479                             @ DW_AT_decl_line
	.byte	8                               @ DW_AT_data_member_location
	.byte	9                               @ Abbrev [9] 0x194:0x20 DW_TAG_union_type
	.byte	4                               @ DW_AT_byte_size
	.byte	5                               @ DW_AT_decl_file
	.short	479                             @ DW_AT_decl_line
	.byte	10                              @ Abbrev [10] 0x199:0xd DW_TAG_member
	.long	.Linfo_string47                 @ DW_AT_name
	.long	1011                            @ DW_AT_type
	.byte	5                               @ DW_AT_decl_file
	.short	481                             @ DW_AT_decl_line
	.byte	0                               @ DW_AT_data_member_location
	.byte	10                              @ Abbrev [10] 0x1a6:0xd DW_TAG_member
	.long	.Linfo_string48                 @ DW_AT_name
	.long	1122                            @ DW_AT_type
	.byte	5                               @ DW_AT_decl_file
	.short	482                             @ DW_AT_decl_line
	.byte	0                               @ DW_AT_data_member_location
	.byte	0                               @ End Of Children Mark
	.byte	8                               @ Abbrev [8] 0x1b4:0x9 DW_TAG_member
	.long	445                             @ DW_AT_type
	.byte	5                               @ DW_AT_decl_file
	.short	485                             @ DW_AT_decl_line
	.byte	12                              @ DW_AT_data_member_location
	.byte	9                               @ Abbrev [9] 0x1bd:0x20 DW_TAG_union_type
	.byte	4                               @ DW_AT_byte_size
	.byte	5                               @ DW_AT_decl_file
	.short	485                             @ DW_AT_decl_line
	.byte	10                              @ Abbrev [10] 0x1c2:0xd DW_TAG_member
	.long	.Linfo_string50                 @ DW_AT_name
	.long	1011                            @ DW_AT_type
	.byte	5                               @ DW_AT_decl_file
	.short	487                             @ DW_AT_decl_line
	.byte	0                               @ DW_AT_data_member_location
	.byte	10                              @ Abbrev [10] 0x1cf:0xd DW_TAG_member
	.long	.Linfo_string51                 @ DW_AT_name
	.long	1173                            @ DW_AT_type
	.byte	5                               @ DW_AT_decl_file
	.short	488                             @ DW_AT_decl_line
	.byte	0                               @ DW_AT_data_member_location
	.byte	0                               @ End Of Children Mark
	.byte	8                               @ Abbrev [8] 0x1dd:0x9 DW_TAG_member
	.long	486                             @ DW_AT_type
	.byte	5                               @ DW_AT_decl_file
	.short	491                             @ DW_AT_decl_line
	.byte	16                              @ DW_AT_data_member_location
	.byte	9                               @ Abbrev [9] 0x1e6:0x20 DW_TAG_union_type
	.byte	4                               @ DW_AT_byte_size
	.byte	5                               @ DW_AT_decl_file
	.short	491                             @ DW_AT_decl_line
	.byte	10                              @ Abbrev [10] 0x1eb:0xd DW_TAG_member
	.long	.Linfo_string53                 @ DW_AT_name
	.long	1011                            @ DW_AT_type
	.byte	5                               @ DW_AT_decl_file
	.short	493                             @ DW_AT_decl_line
	.byte	0                               @ DW_AT_data_member_location
	.byte	10                              @ Abbrev [10] 0x1f8:0xd DW_TAG_member
	.long	.Linfo_string54                 @ DW_AT_name
	.long	1224                            @ DW_AT_type
	.byte	5                               @ DW_AT_decl_file
	.short	494                             @ DW_AT_decl_line
	.byte	0                               @ DW_AT_data_member_location
	.byte	0                               @ End Of Children Mark
	.byte	8                               @ Abbrev [8] 0x206:0x9 DW_TAG_member
	.long	527                             @ DW_AT_type
	.byte	5                               @ DW_AT_decl_file
	.short	497                             @ DW_AT_decl_line
	.byte	20                              @ DW_AT_data_member_location
	.byte	9                               @ Abbrev [9] 0x20f:0x20 DW_TAG_union_type
	.byte	4                               @ DW_AT_byte_size
	.byte	5                               @ DW_AT_decl_file
	.short	497                             @ DW_AT_decl_line
	.byte	10                              @ Abbrev [10] 0x214:0xd DW_TAG_member
	.long	.Linfo_string56                 @ DW_AT_name
	.long	1011                            @ DW_AT_type
	.byte	5                               @ DW_AT_decl_file
	.short	499                             @ DW_AT_decl_line
	.byte	0                               @ DW_AT_data_member_location
	.byte	10                              @ Abbrev [10] 0x221:0xd DW_TAG_member
	.long	.Linfo_string57                 @ DW_AT_name
	.long	1275                            @ DW_AT_type
	.byte	5                               @ DW_AT_decl_file
	.short	500                             @ DW_AT_decl_line
	.byte	0                               @ DW_AT_data_member_location
	.byte	0                               @ End Of Children Mark
	.byte	8                               @ Abbrev [8] 0x22f:0x9 DW_TAG_member
	.long	568                             @ DW_AT_type
	.byte	5                               @ DW_AT_decl_file
	.short	503                             @ DW_AT_decl_line
	.byte	24                              @ DW_AT_data_member_location
	.byte	9                               @ Abbrev [9] 0x238:0x20 DW_TAG_union_type
	.byte	4                               @ DW_AT_byte_size
	.byte	5                               @ DW_AT_decl_file
	.short	503                             @ DW_AT_decl_line
	.byte	10                              @ Abbrev [10] 0x23d:0xd DW_TAG_member
	.long	.Linfo_string59                 @ DW_AT_name
	.long	1011                            @ DW_AT_type
	.byte	5                               @ DW_AT_decl_file
	.short	505                             @ DW_AT_decl_line
	.byte	0                               @ DW_AT_data_member_location
	.byte	10                              @ Abbrev [10] 0x24a:0xd DW_TAG_member
	.long	.Linfo_string60                 @ DW_AT_name
	.long	1326                            @ DW_AT_type
	.byte	5                               @ DW_AT_decl_file
	.short	506                             @ DW_AT_decl_line
	.byte	0                               @ DW_AT_data_member_location
	.byte	0                               @ End Of Children Mark
	.byte	8                               @ Abbrev [8] 0x258:0x9 DW_TAG_member
	.long	609                             @ DW_AT_type
	.byte	5                               @ DW_AT_decl_file
	.short	509                             @ DW_AT_decl_line
	.byte	28                              @ DW_AT_data_member_location
	.byte	9                               @ Abbrev [9] 0x261:0x20 DW_TAG_union_type
	.byte	4                               @ DW_AT_byte_size
	.byte	5                               @ DW_AT_decl_file
	.short	509                             @ DW_AT_decl_line
	.byte	10                              @ Abbrev [10] 0x266:0xd DW_TAG_member
	.long	.Linfo_string76                 @ DW_AT_name
	.long	1011                            @ DW_AT_type
	.byte	5                               @ DW_AT_decl_file
	.short	511                             @ DW_AT_decl_line
	.byte	0                               @ DW_AT_data_member_location
	.byte	10                              @ Abbrev [10] 0x273:0xd DW_TAG_member
	.long	.Linfo_string77                 @ DW_AT_name
	.long	1559                            @ DW_AT_type
	.byte	5                               @ DW_AT_decl_file
	.short	512                             @ DW_AT_decl_line
	.byte	0                               @ DW_AT_data_member_location
	.byte	0                               @ End Of Children Mark
	.byte	8                               @ Abbrev [8] 0x281:0x9 DW_TAG_member
	.long	650                             @ DW_AT_type
	.byte	5                               @ DW_AT_decl_file
	.short	515                             @ DW_AT_decl_line
	.byte	32                              @ DW_AT_data_member_location
	.byte	9                               @ Abbrev [9] 0x28a:0x20 DW_TAG_union_type
	.byte	4                               @ DW_AT_byte_size
	.byte	5                               @ DW_AT_decl_file
	.short	515                             @ DW_AT_decl_line
	.byte	10                              @ Abbrev [10] 0x28f:0xd DW_TAG_member
	.long	.Linfo_string95                 @ DW_AT_name
	.long	1011                            @ DW_AT_type
	.byte	5                               @ DW_AT_decl_file
	.short	517                             @ DW_AT_decl_line
	.byte	0                               @ DW_AT_data_member_location
	.byte	10                              @ Abbrev [10] 0x29c:0xd DW_TAG_member
	.long	.Linfo_string96                 @ DW_AT_name
	.long	1834                            @ DW_AT_type
	.byte	5                               @ DW_AT_decl_file
	.short	518                             @ DW_AT_decl_line
	.byte	0                               @ DW_AT_data_member_location
	.byte	0                               @ End Of Children Mark
	.byte	8                               @ Abbrev [8] 0x2aa:0x9 DW_TAG_member
	.long	691                             @ DW_AT_type
	.byte	5                               @ DW_AT_decl_file
	.short	521                             @ DW_AT_decl_line
	.byte	36                              @ DW_AT_data_member_location
	.byte	9                               @ Abbrev [9] 0x2b3:0x20 DW_TAG_union_type
	.byte	4                               @ DW_AT_byte_size
	.byte	5                               @ DW_AT_decl_file
	.short	521                             @ DW_AT_decl_line
	.byte	10                              @ Abbrev [10] 0x2b8:0xd DW_TAG_member
	.long	.Linfo_string100                @ DW_AT_name
	.long	1011                            @ DW_AT_type
	.byte	5                               @ DW_AT_decl_file
	.short	523                             @ DW_AT_decl_line
	.byte	0                               @ DW_AT_data_member_location
	.byte	10                              @ Abbrev [10] 0x2c5:0xd DW_TAG_member
	.long	.Linfo_string101                @ DW_AT_name
	.long	1913                            @ DW_AT_type
	.byte	5                               @ DW_AT_decl_file
	.short	524                             @ DW_AT_decl_line
	.byte	0                               @ DW_AT_data_member_location
	.byte	0                               @ End Of Children Mark
	.byte	8                               @ Abbrev [8] 0x2d3:0x9 DW_TAG_member
	.long	732                             @ DW_AT_type
	.byte	5                               @ DW_AT_decl_file
	.short	527                             @ DW_AT_decl_line
	.byte	40                              @ DW_AT_data_member_location
	.byte	9                               @ Abbrev [9] 0x2dc:0x20 DW_TAG_union_type
	.byte	4                               @ DW_AT_byte_size
	.byte	5                               @ DW_AT_decl_file
	.short	527                             @ DW_AT_decl_line
	.byte	10                              @ Abbrev [10] 0x2e1:0xd DW_TAG_member
	.long	.Linfo_string105                @ DW_AT_name
	.long	1011                            @ DW_AT_type
	.byte	5                               @ DW_AT_decl_file
	.short	529                             @ DW_AT_decl_line
	.byte	0                               @ DW_AT_data_member_location
	.byte	10                              @ Abbrev [10] 0x2ee:0xd DW_TAG_member
	.long	.Linfo_string106                @ DW_AT_name
	.long	1992                            @ DW_AT_type
	.byte	5                               @ DW_AT_decl_file
	.short	530                             @ DW_AT_decl_line
	.byte	0                               @ DW_AT_data_member_location
	.byte	0                               @ End Of Children Mark
	.byte	8                               @ Abbrev [8] 0x2fc:0x9 DW_TAG_member
	.long	773                             @ DW_AT_type
	.byte	5                               @ DW_AT_decl_file
	.short	533                             @ DW_AT_decl_line
	.byte	44                              @ DW_AT_data_member_location
	.byte	9                               @ Abbrev [9] 0x305:0x20 DW_TAG_union_type
	.byte	4                               @ DW_AT_byte_size
	.byte	5                               @ DW_AT_decl_file
	.short	533                             @ DW_AT_decl_line
	.byte	10                              @ Abbrev [10] 0x30a:0xd DW_TAG_member
	.long	.Linfo_string110                @ DW_AT_name
	.long	1011                            @ DW_AT_type
	.byte	5                               @ DW_AT_decl_file
	.short	535                             @ DW_AT_decl_line
	.byte	0                               @ DW_AT_data_member_location
	.byte	10                              @ Abbrev [10] 0x317:0xd DW_TAG_member
	.long	.Linfo_string111                @ DW_AT_name
	.long	2071                            @ DW_AT_type
	.byte	5                               @ DW_AT_decl_file
	.short	536                             @ DW_AT_decl_line
	.byte	0                               @ DW_AT_data_member_location
	.byte	0                               @ End Of Children Mark
	.byte	8                               @ Abbrev [8] 0x325:0x9 DW_TAG_member
	.long	814                             @ DW_AT_type
	.byte	5                               @ DW_AT_decl_file
	.short	539                             @ DW_AT_decl_line
	.byte	48                              @ DW_AT_data_member_location
	.byte	9                               @ Abbrev [9] 0x32e:0x20 DW_TAG_union_type
	.byte	4                               @ DW_AT_byte_size
	.byte	5                               @ DW_AT_decl_file
	.short	539                             @ DW_AT_decl_line
	.byte	10                              @ Abbrev [10] 0x333:0xd DW_TAG_member
	.long	.Linfo_string115                @ DW_AT_name
	.long	1011                            @ DW_AT_type
	.byte	5                               @ DW_AT_decl_file
	.short	541                             @ DW_AT_decl_line
	.byte	0                               @ DW_AT_data_member_location
	.byte	10                              @ Abbrev [10] 0x340:0xd DW_TAG_member
	.long	.Linfo_string116                @ DW_AT_name
	.long	2150                            @ DW_AT_type
	.byte	5                               @ DW_AT_decl_file
	.short	542                             @ DW_AT_decl_line
	.byte	0                               @ DW_AT_data_member_location
	.byte	0                               @ End Of Children Mark
	.byte	8                               @ Abbrev [8] 0x34e:0x9 DW_TAG_member
	.long	855                             @ DW_AT_type
	.byte	5                               @ DW_AT_decl_file
	.short	545                             @ DW_AT_decl_line
	.byte	52                              @ DW_AT_data_member_location
	.byte	9                               @ Abbrev [9] 0x357:0x20 DW_TAG_union_type
	.byte	4                               @ DW_AT_byte_size
	.byte	5                               @ DW_AT_decl_file
	.short	545                             @ DW_AT_decl_line
	.byte	10                              @ Abbrev [10] 0x35c:0xd DW_TAG_member
	.long	.Linfo_string120                @ DW_AT_name
	.long	1011                            @ DW_AT_type
	.byte	5                               @ DW_AT_decl_file
	.short	547                             @ DW_AT_decl_line
	.byte	0                               @ DW_AT_data_member_location
	.byte	10                              @ Abbrev [10] 0x369:0xd DW_TAG_member
	.long	.Linfo_string121                @ DW_AT_name
	.long	2229                            @ DW_AT_type
	.byte	5                               @ DW_AT_decl_file
	.short	548                             @ DW_AT_decl_line
	.byte	0                               @ DW_AT_data_member_location
	.byte	0                               @ End Of Children Mark
	.byte	8                               @ Abbrev [8] 0x377:0x9 DW_TAG_member
	.long	896                             @ DW_AT_type
	.byte	5                               @ DW_AT_decl_file
	.short	551                             @ DW_AT_decl_line
	.byte	56                              @ DW_AT_data_member_location
	.byte	9                               @ Abbrev [9] 0x380:0x20 DW_TAG_union_type
	.byte	4                               @ DW_AT_byte_size
	.byte	5                               @ DW_AT_decl_file
	.short	551                             @ DW_AT_decl_line
	.byte	10                              @ Abbrev [10] 0x385:0xd DW_TAG_member
	.long	.Linfo_string125                @ DW_AT_name
	.long	1011                            @ DW_AT_type
	.byte	5                               @ DW_AT_decl_file
	.short	553                             @ DW_AT_decl_line
	.byte	0                               @ DW_AT_data_member_location
	.byte	10                              @ Abbrev [10] 0x392:0xd DW_TAG_member
	.long	.Linfo_string126                @ DW_AT_name
	.long	2308                            @ DW_AT_type
	.byte	5                               @ DW_AT_decl_file
	.short	554                             @ DW_AT_decl_line
	.byte	0                               @ DW_AT_data_member_location
	.byte	0                               @ End Of Children Mark
	.byte	8                               @ Abbrev [8] 0x3a0:0x9 DW_TAG_member
	.long	937                             @ DW_AT_type
	.byte	5                               @ DW_AT_decl_file
	.short	557                             @ DW_AT_decl_line
	.byte	60                              @ DW_AT_data_member_location
	.byte	9                               @ Abbrev [9] 0x3a9:0x20 DW_TAG_union_type
	.byte	4                               @ DW_AT_byte_size
	.byte	5                               @ DW_AT_decl_file
	.short	557                             @ DW_AT_decl_line
	.byte	10                              @ Abbrev [10] 0x3ae:0xd DW_TAG_member
	.long	.Linfo_string130                @ DW_AT_name
	.long	1011                            @ DW_AT_type
	.byte	5                               @ DW_AT_decl_file
	.short	559                             @ DW_AT_decl_line
	.byte	0                               @ DW_AT_data_member_location
	.byte	10                              @ Abbrev [10] 0x3bb:0xd DW_TAG_member
	.long	.Linfo_string131                @ DW_AT_name
	.long	2373                            @ DW_AT_type
	.byte	5                               @ DW_AT_decl_file
	.short	560                             @ DW_AT_decl_line
	.byte	0                               @ DW_AT_data_member_location
	.byte	0                               @ End Of Children Mark
	.byte	8                               @ Abbrev [8] 0x3c9:0x9 DW_TAG_member
	.long	978                             @ DW_AT_type
	.byte	5                               @ DW_AT_decl_file
	.short	563                             @ DW_AT_decl_line
	.byte	64                              @ DW_AT_data_member_location
	.byte	9                               @ Abbrev [9] 0x3d2:0x20 DW_TAG_union_type
	.byte	4                               @ DW_AT_byte_size
	.byte	5                               @ DW_AT_decl_file
	.short	563                             @ DW_AT_decl_line
	.byte	10                              @ Abbrev [10] 0x3d7:0xd DW_TAG_member
	.long	.Linfo_string135                @ DW_AT_name
	.long	1011                            @ DW_AT_type
	.byte	5                               @ DW_AT_decl_file
	.short	565                             @ DW_AT_decl_line
	.byte	0                               @ DW_AT_data_member_location
	.byte	10                              @ Abbrev [10] 0x3e4:0xd DW_TAG_member
	.long	.Linfo_string136                @ DW_AT_name
	.long	2438                            @ DW_AT_type
	.byte	5                               @ DW_AT_decl_file
	.short	566                             @ DW_AT_decl_line
	.byte	0                               @ DW_AT_data_member_location
	.byte	0                               @ End Of Children Mark
	.byte	0                               @ End Of Children Mark
	.byte	11                              @ Abbrev [11] 0x3f3:0x5 DW_TAG_volatile_type
	.long	1016                            @ DW_AT_type
	.byte	12                              @ Abbrev [12] 0x3f8:0xb DW_TAG_typedef
	.long	1027                            @ DW_AT_type
	.long	.Linfo_string38                 @ DW_AT_name
	.byte	4                               @ DW_AT_decl_file
	.byte	64                              @ DW_AT_decl_line
	.byte	4                               @ Abbrev [4] 0x403:0x7 DW_TAG_base_type
	.long	.Linfo_string37                 @ DW_AT_name
	.byte	7                               @ DW_AT_encoding
	.byte	4                               @ DW_AT_byte_size
	.byte	11                              @ Abbrev [11] 0x40a:0x5 DW_TAG_volatile_type
	.long	1039                            @ DW_AT_type
	.byte	6                               @ Abbrev [6] 0x40f:0xc DW_TAG_typedef
	.long	1051                            @ DW_AT_type
	.long	.Linfo_string41                 @ DW_AT_name
	.byte	5                               @ DW_AT_decl_file
	.short	323                             @ DW_AT_decl_line
	.byte	7                               @ Abbrev [7] 0x41b:0x14 DW_TAG_structure_type
	.byte	4                               @ DW_AT_byte_size
	.byte	5                               @ DW_AT_decl_file
	.short	320                             @ DW_AT_decl_line
	.byte	13                              @ Abbrev [13] 0x420:0xe DW_TAG_member
	.long	.Linfo_string40                 @ DW_AT_name
	.long	1011                            @ DW_AT_type
	.byte	5                               @ DW_AT_decl_file
	.short	322                             @ DW_AT_decl_line
	.byte	32                              @ DW_AT_bit_size
	.byte	0                               @ DW_AT_data_bit_offset
	.byte	0                               @ End Of Children Mark
	.byte	11                              @ Abbrev [11] 0x42f:0x5 DW_TAG_volatile_type
	.long	1076                            @ DW_AT_type
	.byte	6                               @ Abbrev [6] 0x434:0xc DW_TAG_typedef
	.long	1088                            @ DW_AT_type
	.long	.Linfo_string46                 @ DW_AT_name
	.byte	5                               @ DW_AT_decl_file
	.short	329                             @ DW_AT_decl_line
	.byte	7                               @ Abbrev [7] 0x440:0x22 DW_TAG_structure_type
	.byte	4                               @ DW_AT_byte_size
	.byte	5                               @ DW_AT_decl_file
	.short	325                             @ DW_AT_decl_line
	.byte	13                              @ Abbrev [13] 0x445:0xe DW_TAG_member
	.long	.Linfo_string44                 @ DW_AT_name
	.long	1011                            @ DW_AT_type
	.byte	5                               @ DW_AT_decl_file
	.short	327                             @ DW_AT_decl_line
	.byte	4                               @ DW_AT_bit_size
	.byte	0                               @ DW_AT_data_bit_offset
	.byte	13                              @ Abbrev [13] 0x453:0xe DW_TAG_member
	.long	.Linfo_string45                 @ DW_AT_name
	.long	1011                            @ DW_AT_type
	.byte	5                               @ DW_AT_decl_file
	.short	328                             @ DW_AT_decl_line
	.byte	28                              @ DW_AT_bit_size
	.byte	4                               @ DW_AT_data_bit_offset
	.byte	0                               @ End Of Children Mark
	.byte	11                              @ Abbrev [11] 0x462:0x5 DW_TAG_volatile_type
	.long	1127                            @ DW_AT_type
	.byte	6                               @ Abbrev [6] 0x467:0xc DW_TAG_typedef
	.long	1139                            @ DW_AT_type
	.long	.Linfo_string49                 @ DW_AT_name
	.byte	5                               @ DW_AT_decl_file
	.short	335                             @ DW_AT_decl_line
	.byte	7                               @ Abbrev [7] 0x473:0x22 DW_TAG_structure_type
	.byte	4                               @ DW_AT_byte_size
	.byte	5                               @ DW_AT_decl_file
	.short	331                             @ DW_AT_decl_line
	.byte	13                              @ Abbrev [13] 0x478:0xe DW_TAG_member
	.long	.Linfo_string47                 @ DW_AT_name
	.long	1011                            @ DW_AT_type
	.byte	5                               @ DW_AT_decl_file
	.short	333                             @ DW_AT_decl_line
	.byte	5                               @ DW_AT_bit_size
	.byte	0                               @ DW_AT_data_bit_offset
	.byte	13                              @ Abbrev [13] 0x486:0xe DW_TAG_member
	.long	.Linfo_string45                 @ DW_AT_name
	.long	1011                            @ DW_AT_type
	.byte	5                               @ DW_AT_decl_file
	.short	334                             @ DW_AT_decl_line
	.byte	27                              @ DW_AT_bit_size
	.byte	5                               @ DW_AT_data_bit_offset
	.byte	0                               @ End Of Children Mark
	.byte	11                              @ Abbrev [11] 0x495:0x5 DW_TAG_volatile_type
	.long	1178                            @ DW_AT_type
	.byte	6                               @ Abbrev [6] 0x49a:0xc DW_TAG_typedef
	.long	1190                            @ DW_AT_type
	.long	.Linfo_string52                 @ DW_AT_name
	.byte	5                               @ DW_AT_decl_file
	.short	341                             @ DW_AT_decl_line
	.byte	7                               @ Abbrev [7] 0x4a6:0x22 DW_TAG_structure_type
	.byte	4                               @ DW_AT_byte_size
	.byte	5                               @ DW_AT_decl_file
	.short	337                             @ DW_AT_decl_line
	.byte	13                              @ Abbrev [13] 0x4ab:0xe DW_TAG_member
	.long	.Linfo_string50                 @ DW_AT_name
	.long	1011                            @ DW_AT_type
	.byte	5                               @ DW_AT_decl_file
	.short	339                             @ DW_AT_decl_line
	.byte	5                               @ DW_AT_bit_size
	.byte	0                               @ DW_AT_data_bit_offset
	.byte	13                              @ Abbrev [13] 0x4b9:0xe DW_TAG_member
	.long	.Linfo_string45                 @ DW_AT_name
	.long	1011                            @ DW_AT_type
	.byte	5                               @ DW_AT_decl_file
	.short	340                             @ DW_AT_decl_line
	.byte	27                              @ DW_AT_bit_size
	.byte	5                               @ DW_AT_data_bit_offset
	.byte	0                               @ End Of Children Mark
	.byte	11                              @ Abbrev [11] 0x4c8:0x5 DW_TAG_volatile_type
	.long	1229                            @ DW_AT_type
	.byte	6                               @ Abbrev [6] 0x4cd:0xc DW_TAG_typedef
	.long	1241                            @ DW_AT_type
	.long	.Linfo_string55                 @ DW_AT_name
	.byte	5                               @ DW_AT_decl_file
	.short	347                             @ DW_AT_decl_line
	.byte	7                               @ Abbrev [7] 0x4d9:0x22 DW_TAG_structure_type
	.byte	4                               @ DW_AT_byte_size
	.byte	5                               @ DW_AT_decl_file
	.short	343                             @ DW_AT_decl_line
	.byte	13                              @ Abbrev [13] 0x4de:0xe DW_TAG_member
	.long	.Linfo_string53                 @ DW_AT_name
	.long	1011                            @ DW_AT_type
	.byte	5                               @ DW_AT_decl_file
	.short	345                             @ DW_AT_decl_line
	.byte	5                               @ DW_AT_bit_size
	.byte	0                               @ DW_AT_data_bit_offset
	.byte	13                              @ Abbrev [13] 0x4ec:0xe DW_TAG_member
	.long	.Linfo_string45                 @ DW_AT_name
	.long	1011                            @ DW_AT_type
	.byte	5                               @ DW_AT_decl_file
	.short	346                             @ DW_AT_decl_line
	.byte	27                              @ DW_AT_bit_size
	.byte	5                               @ DW_AT_data_bit_offset
	.byte	0                               @ End Of Children Mark
	.byte	11                              @ Abbrev [11] 0x4fb:0x5 DW_TAG_volatile_type
	.long	1280                            @ DW_AT_type
	.byte	6                               @ Abbrev [6] 0x500:0xc DW_TAG_typedef
	.long	1292                            @ DW_AT_type
	.long	.Linfo_string58                 @ DW_AT_name
	.byte	5                               @ DW_AT_decl_file
	.short	353                             @ DW_AT_decl_line
	.byte	7                               @ Abbrev [7] 0x50c:0x22 DW_TAG_structure_type
	.byte	4                               @ DW_AT_byte_size
	.byte	5                               @ DW_AT_decl_file
	.short	349                             @ DW_AT_decl_line
	.byte	13                              @ Abbrev [13] 0x511:0xe DW_TAG_member
	.long	.Linfo_string56                 @ DW_AT_name
	.long	1011                            @ DW_AT_type
	.byte	5                               @ DW_AT_decl_file
	.short	351                             @ DW_AT_decl_line
	.byte	5                               @ DW_AT_bit_size
	.byte	0                               @ DW_AT_data_bit_offset
	.byte	13                              @ Abbrev [13] 0x51f:0xe DW_TAG_member
	.long	.Linfo_string45                 @ DW_AT_name
	.long	1011                            @ DW_AT_type
	.byte	5                               @ DW_AT_decl_file
	.short	352                             @ DW_AT_decl_line
	.byte	27                              @ DW_AT_bit_size
	.byte	5                               @ DW_AT_data_bit_offset
	.byte	0                               @ End Of Children Mark
	.byte	11                              @ Abbrev [11] 0x52e:0x5 DW_TAG_volatile_type
	.long	1331                            @ DW_AT_type
	.byte	6                               @ Abbrev [6] 0x533:0xc DW_TAG_typedef
	.long	1343                            @ DW_AT_type
	.long	.Linfo_string75                 @ DW_AT_name
	.byte	5                               @ DW_AT_decl_file
	.short	372                             @ DW_AT_decl_line
	.byte	7                               @ Abbrev [7] 0x53f:0xd8 DW_TAG_structure_type
	.byte	4                               @ DW_AT_byte_size
	.byte	5                               @ DW_AT_decl_file
	.short	355                             @ DW_AT_decl_line
	.byte	13                              @ Abbrev [13] 0x544:0xe DW_TAG_member
	.long	.Linfo_string61                 @ DW_AT_name
	.long	1011                            @ DW_AT_type
	.byte	5                               @ DW_AT_decl_file
	.short	357                             @ DW_AT_decl_line
	.byte	1                               @ DW_AT_bit_size
	.byte	0                               @ DW_AT_data_bit_offset
	.byte	13                              @ Abbrev [13] 0x552:0xe DW_TAG_member
	.long	.Linfo_string62                 @ DW_AT_name
	.long	1011                            @ DW_AT_type
	.byte	5                               @ DW_AT_decl_file
	.short	358                             @ DW_AT_decl_line
	.byte	1                               @ DW_AT_bit_size
	.byte	1                               @ DW_AT_data_bit_offset
	.byte	13                              @ Abbrev [13] 0x560:0xe DW_TAG_member
	.long	.Linfo_string63                 @ DW_AT_name
	.long	1011                            @ DW_AT_type
	.byte	5                               @ DW_AT_decl_file
	.short	359                             @ DW_AT_decl_line
	.byte	1                               @ DW_AT_bit_size
	.byte	2                               @ DW_AT_data_bit_offset
	.byte	13                              @ Abbrev [13] 0x56e:0xe DW_TAG_member
	.long	.Linfo_string64                 @ DW_AT_name
	.long	1011                            @ DW_AT_type
	.byte	5                               @ DW_AT_decl_file
	.short	360                             @ DW_AT_decl_line
	.byte	1                               @ DW_AT_bit_size
	.byte	3                               @ DW_AT_data_bit_offset
	.byte	13                              @ Abbrev [13] 0x57c:0xe DW_TAG_member
	.long	.Linfo_string65                 @ DW_AT_name
	.long	1011                            @ DW_AT_type
	.byte	5                               @ DW_AT_decl_file
	.short	361                             @ DW_AT_decl_line
	.byte	1                               @ DW_AT_bit_size
	.byte	4                               @ DW_AT_data_bit_offset
	.byte	13                              @ Abbrev [13] 0x58a:0xe DW_TAG_member
	.long	.Linfo_string66                 @ DW_AT_name
	.long	1011                            @ DW_AT_type
	.byte	5                               @ DW_AT_decl_file
	.short	362                             @ DW_AT_decl_line
	.byte	1                               @ DW_AT_bit_size
	.byte	5                               @ DW_AT_data_bit_offset
	.byte	13                              @ Abbrev [13] 0x598:0xe DW_TAG_member
	.long	.Linfo_string67                 @ DW_AT_name
	.long	1011                            @ DW_AT_type
	.byte	5                               @ DW_AT_decl_file
	.short	363                             @ DW_AT_decl_line
	.byte	2                               @ DW_AT_bit_size
	.byte	6                               @ DW_AT_data_bit_offset
	.byte	13                              @ Abbrev [13] 0x5a6:0xe DW_TAG_member
	.long	.Linfo_string68                 @ DW_AT_name
	.long	1011                            @ DW_AT_type
	.byte	5                               @ DW_AT_decl_file
	.short	364                             @ DW_AT_decl_line
	.byte	3                               @ DW_AT_bit_size
	.byte	8                               @ DW_AT_data_bit_offset
	.byte	13                              @ Abbrev [13] 0x5b4:0xe DW_TAG_member
	.long	.Linfo_string69                 @ DW_AT_name
	.long	1011                            @ DW_AT_type
	.byte	5                               @ DW_AT_decl_file
	.short	365                             @ DW_AT_decl_line
	.byte	1                               @ DW_AT_bit_size
	.byte	11                              @ DW_AT_data_bit_offset
	.byte	13                              @ Abbrev [13] 0x5c2:0xe DW_TAG_member
	.long	.Linfo_string70                 @ DW_AT_name
	.long	1011                            @ DW_AT_type
	.byte	5                               @ DW_AT_decl_file
	.short	366                             @ DW_AT_decl_line
	.byte	3                               @ DW_AT_bit_size
	.byte	12                              @ DW_AT_data_bit_offset
	.byte	13                              @ Abbrev [13] 0x5d0:0xe DW_TAG_member
	.long	.Linfo_string71                 @ DW_AT_name
	.long	1011                            @ DW_AT_type
	.byte	5                               @ DW_AT_decl_file
	.short	367                             @ DW_AT_decl_line
	.byte	1                               @ DW_AT_bit_size
	.byte	15                              @ DW_AT_data_bit_offset
	.byte	13                              @ Abbrev [13] 0x5de:0xe DW_TAG_member
	.long	.Linfo_string72                 @ DW_AT_name
	.long	1011                            @ DW_AT_type
	.byte	5                               @ DW_AT_decl_file
	.short	368                             @ DW_AT_decl_line
	.byte	10                              @ DW_AT_bit_size
	.byte	16                              @ DW_AT_data_bit_offset
	.byte	13                              @ Abbrev [13] 0x5ec:0xe DW_TAG_member
	.long	.Linfo_string45                 @ DW_AT_name
	.long	1011                            @ DW_AT_type
	.byte	5                               @ DW_AT_decl_file
	.short	369                             @ DW_AT_decl_line
	.byte	2                               @ DW_AT_bit_size
	.byte	26                              @ DW_AT_data_bit_offset
	.byte	13                              @ Abbrev [13] 0x5fa:0xe DW_TAG_member
	.long	.Linfo_string73                 @ DW_AT_name
	.long	1011                            @ DW_AT_type
	.byte	5                               @ DW_AT_decl_file
	.short	370                             @ DW_AT_decl_line
	.byte	1                               @ DW_AT_bit_size
	.byte	28                              @ DW_AT_data_bit_offset
	.byte	13                              @ Abbrev [13] 0x608:0xe DW_TAG_member
	.long	.Linfo_string74                 @ DW_AT_name
	.long	1011                            @ DW_AT_type
	.byte	5                               @ DW_AT_decl_file
	.short	371                             @ DW_AT_decl_line
	.byte	3                               @ DW_AT_bit_size
	.byte	29                              @ DW_AT_data_bit_offset
	.byte	0                               @ End Of Children Mark
	.byte	11                              @ Abbrev [11] 0x617:0x5 DW_TAG_volatile_type
	.long	1564                            @ DW_AT_type
	.byte	6                               @ Abbrev [6] 0x61c:0xc DW_TAG_typedef
	.long	1576                            @ DW_AT_type
	.long	.Linfo_string94                 @ DW_AT_name
	.byte	5                               @ DW_AT_decl_file
	.short	394                             @ DW_AT_decl_line
	.byte	7                               @ Abbrev [7] 0x628:0x102 DW_TAG_structure_type
	.byte	4                               @ DW_AT_byte_size
	.byte	5                               @ DW_AT_decl_file
	.short	374                             @ DW_AT_decl_line
	.byte	13                              @ Abbrev [13] 0x62d:0xe DW_TAG_member
	.long	.Linfo_string78                 @ DW_AT_name
	.long	1011                            @ DW_AT_type
	.byte	5                               @ DW_AT_decl_file
	.short	376                             @ DW_AT_decl_line
	.byte	5                               @ DW_AT_bit_size
	.byte	0                               @ DW_AT_data_bit_offset
	.byte	13                              @ Abbrev [13] 0x63b:0xe DW_TAG_member
	.long	.Linfo_string79                 @ DW_AT_name
	.long	1011                            @ DW_AT_type
	.byte	5                               @ DW_AT_decl_file
	.short	377                             @ DW_AT_decl_line
	.byte	1                               @ DW_AT_bit_size
	.byte	5                               @ DW_AT_data_bit_offset
	.byte	13                              @ Abbrev [13] 0x649:0xe DW_TAG_member
	.long	.Linfo_string80                 @ DW_AT_name
	.long	1011                            @ DW_AT_type
	.byte	5                               @ DW_AT_decl_file
	.short	378                             @ DW_AT_decl_line
	.byte	1                               @ DW_AT_bit_size
	.byte	6                               @ DW_AT_data_bit_offset
	.byte	13                              @ Abbrev [13] 0x657:0xe DW_TAG_member
	.long	.Linfo_string81                 @ DW_AT_name
	.long	1011                            @ DW_AT_type
	.byte	5                               @ DW_AT_decl_file
	.short	379                             @ DW_AT_decl_line
	.byte	1                               @ DW_AT_bit_size
	.byte	7                               @ DW_AT_data_bit_offset
	.byte	13                              @ Abbrev [13] 0x665:0xe DW_TAG_member
	.long	.Linfo_string82                 @ DW_AT_name
	.long	1011                            @ DW_AT_type
	.byte	5                               @ DW_AT_decl_file
	.short	380                             @ DW_AT_decl_line
	.byte	4                               @ DW_AT_bit_size
	.byte	8                               @ DW_AT_data_bit_offset
	.byte	13                              @ Abbrev [13] 0x673:0xe DW_TAG_member
	.long	.Linfo_string71                 @ DW_AT_name
	.long	1011                            @ DW_AT_type
	.byte	5                               @ DW_AT_decl_file
	.short	381                             @ DW_AT_decl_line
	.byte	2                               @ DW_AT_bit_size
	.byte	12                              @ DW_AT_data_bit_offset
	.byte	13                              @ Abbrev [13] 0x681:0xe DW_TAG_member
	.long	.Linfo_string83                 @ DW_AT_name
	.long	1011                            @ DW_AT_type
	.byte	5                               @ DW_AT_decl_file
	.short	382                             @ DW_AT_decl_line
	.byte	2                               @ DW_AT_bit_size
	.byte	14                              @ DW_AT_data_bit_offset
	.byte	13                              @ Abbrev [13] 0x68f:0xe DW_TAG_member
	.long	.Linfo_string84                 @ DW_AT_name
	.long	1011                            @ DW_AT_type
	.byte	5                               @ DW_AT_decl_file
	.short	383                             @ DW_AT_decl_line
	.byte	3                               @ DW_AT_bit_size
	.byte	16                              @ DW_AT_data_bit_offset
	.byte	13                              @ Abbrev [13] 0x69d:0xe DW_TAG_member
	.long	.Linfo_string45                 @ DW_AT_name
	.long	1011                            @ DW_AT_type
	.byte	5                               @ DW_AT_decl_file
	.short	384                             @ DW_AT_decl_line
	.byte	1                               @ DW_AT_bit_size
	.byte	19                              @ DW_AT_data_bit_offset
	.byte	13                              @ Abbrev [13] 0x6ab:0xe DW_TAG_member
	.long	.Linfo_string85                 @ DW_AT_name
	.long	1011                            @ DW_AT_type
	.byte	5                               @ DW_AT_decl_file
	.short	385                             @ DW_AT_decl_line
	.byte	3                               @ DW_AT_bit_size
	.byte	20                              @ DW_AT_data_bit_offset
	.byte	13                              @ Abbrev [13] 0x6b9:0xe DW_TAG_member
	.long	.Linfo_string86                 @ DW_AT_name
	.long	1011                            @ DW_AT_type
	.byte	5                               @ DW_AT_decl_file
	.short	386                             @ DW_AT_decl_line
	.byte	1                               @ DW_AT_bit_size
	.byte	23                              @ DW_AT_data_bit_offset
	.byte	13                              @ Abbrev [13] 0x6c7:0xe DW_TAG_member
	.long	.Linfo_string87                 @ DW_AT_name
	.long	1011                            @ DW_AT_type
	.byte	5                               @ DW_AT_decl_file
	.short	387                             @ DW_AT_decl_line
	.byte	1                               @ DW_AT_bit_size
	.byte	24                              @ DW_AT_data_bit_offset
	.byte	13                              @ Abbrev [13] 0x6d5:0xe DW_TAG_member
	.long	.Linfo_string88                 @ DW_AT_name
	.long	1011                            @ DW_AT_type
	.byte	5                               @ DW_AT_decl_file
	.short	388                             @ DW_AT_decl_line
	.byte	1                               @ DW_AT_bit_size
	.byte	25                              @ DW_AT_data_bit_offset
	.byte	13                              @ Abbrev [13] 0x6e3:0xe DW_TAG_member
	.long	.Linfo_string89                 @ DW_AT_name
	.long	1011                            @ DW_AT_type
	.byte	5                               @ DW_AT_decl_file
	.short	389                             @ DW_AT_decl_line
	.byte	1                               @ DW_AT_bit_size
	.byte	26                              @ DW_AT_data_bit_offset
	.byte	13                              @ Abbrev [13] 0x6f1:0xe DW_TAG_member
	.long	.Linfo_string90                 @ DW_AT_name
	.long	1011                            @ DW_AT_type
	.byte	5                               @ DW_AT_decl_file
	.short	390                             @ DW_AT_decl_line
	.byte	1                               @ DW_AT_bit_size
	.byte	27                              @ DW_AT_data_bit_offset
	.byte	13                              @ Abbrev [13] 0x6ff:0xe DW_TAG_member
	.long	.Linfo_string91                 @ DW_AT_name
	.long	1011                            @ DW_AT_type
	.byte	5                               @ DW_AT_decl_file
	.short	391                             @ DW_AT_decl_line
	.byte	1                               @ DW_AT_bit_size
	.byte	28                              @ DW_AT_data_bit_offset
	.byte	13                              @ Abbrev [13] 0x70d:0xe DW_TAG_member
	.long	.Linfo_string92                 @ DW_AT_name
	.long	1011                            @ DW_AT_type
	.byte	5                               @ DW_AT_decl_file
	.short	392                             @ DW_AT_decl_line
	.byte	1                               @ DW_AT_bit_size
	.byte	29                              @ DW_AT_data_bit_offset
	.byte	13                              @ Abbrev [13] 0x71b:0xe DW_TAG_member
	.long	.Linfo_string93                 @ DW_AT_name
	.long	1011                            @ DW_AT_type
	.byte	5                               @ DW_AT_decl_file
	.short	393                             @ DW_AT_decl_line
	.byte	2                               @ DW_AT_bit_size
	.byte	30                              @ DW_AT_data_bit_offset
	.byte	0                               @ End Of Children Mark
	.byte	11                              @ Abbrev [11] 0x72a:0x5 DW_TAG_volatile_type
	.long	1839                            @ DW_AT_type
	.byte	6                               @ Abbrev [6] 0x72f:0xc DW_TAG_typedef
	.long	1851                            @ DW_AT_type
	.long	.Linfo_string99                 @ DW_AT_name
	.byte	5                               @ DW_AT_decl_file
	.short	402                             @ DW_AT_decl_line
	.byte	7                               @ Abbrev [7] 0x73b:0x3e DW_TAG_structure_type
	.byte	4                               @ DW_AT_byte_size
	.byte	5                               @ DW_AT_decl_file
	.short	396                             @ DW_AT_decl_line
	.byte	13                              @ Abbrev [13] 0x740:0xe DW_TAG_member
	.long	.Linfo_string97                 @ DW_AT_name
	.long	1011                            @ DW_AT_type
	.byte	5                               @ DW_AT_decl_file
	.short	398                             @ DW_AT_decl_line
	.byte	12                              @ DW_AT_bit_size
	.byte	0                               @ DW_AT_data_bit_offset
	.byte	13                              @ Abbrev [13] 0x74e:0xe DW_TAG_member
	.long	.Linfo_string71                 @ DW_AT_name
	.long	1011                            @ DW_AT_type
	.byte	5                               @ DW_AT_decl_file
	.short	399                             @ DW_AT_decl_line
	.byte	4                               @ DW_AT_bit_size
	.byte	12                              @ DW_AT_data_bit_offset
	.byte	13                              @ Abbrev [13] 0x75c:0xe DW_TAG_member
	.long	.Linfo_string98                 @ DW_AT_name
	.long	1011                            @ DW_AT_type
	.byte	5                               @ DW_AT_decl_file
	.short	400                             @ DW_AT_decl_line
	.byte	7                               @ DW_AT_bit_size
	.byte	16                              @ DW_AT_data_bit_offset
	.byte	13                              @ Abbrev [13] 0x76a:0xe DW_TAG_member
	.long	.Linfo_string45                 @ DW_AT_name
	.long	1011                            @ DW_AT_type
	.byte	5                               @ DW_AT_decl_file
	.short	401                             @ DW_AT_decl_line
	.byte	9                               @ DW_AT_bit_size
	.byte	23                              @ DW_AT_data_bit_offset
	.byte	0                               @ End Of Children Mark
	.byte	11                              @ Abbrev [11] 0x779:0x5 DW_TAG_volatile_type
	.long	1918                            @ DW_AT_type
	.byte	6                               @ Abbrev [6] 0x77e:0xc DW_TAG_typedef
	.long	1930                            @ DW_AT_type
	.long	.Linfo_string104                @ DW_AT_name
	.byte	5                               @ DW_AT_decl_file
	.short	410                             @ DW_AT_decl_line
	.byte	7                               @ Abbrev [7] 0x78a:0x3e DW_TAG_structure_type
	.byte	4                               @ DW_AT_byte_size
	.byte	5                               @ DW_AT_decl_file
	.short	404                             @ DW_AT_decl_line
	.byte	13                              @ Abbrev [13] 0x78f:0xe DW_TAG_member
	.long	.Linfo_string102                @ DW_AT_name
	.long	1011                            @ DW_AT_type
	.byte	5                               @ DW_AT_decl_file
	.short	406                             @ DW_AT_decl_line
	.byte	14                              @ DW_AT_bit_size
	.byte	0                               @ DW_AT_data_bit_offset
	.byte	13                              @ Abbrev [13] 0x79d:0xe DW_TAG_member
	.long	.Linfo_string71                 @ DW_AT_name
	.long	1011                            @ DW_AT_type
	.byte	5                               @ DW_AT_decl_file
	.short	407                             @ DW_AT_decl_line
	.byte	2                               @ DW_AT_bit_size
	.byte	14                              @ DW_AT_data_bit_offset
	.byte	13                              @ Abbrev [13] 0x7ab:0xe DW_TAG_member
	.long	.Linfo_string103                @ DW_AT_name
	.long	1011                            @ DW_AT_type
	.byte	5                               @ DW_AT_decl_file
	.short	408                             @ DW_AT_decl_line
	.byte	14                              @ DW_AT_bit_size
	.byte	16                              @ DW_AT_data_bit_offset
	.byte	13                              @ Abbrev [13] 0x7b9:0xe DW_TAG_member
	.long	.Linfo_string45                 @ DW_AT_name
	.long	1011                            @ DW_AT_type
	.byte	5                               @ DW_AT_decl_file
	.short	409                             @ DW_AT_decl_line
	.byte	2                               @ DW_AT_bit_size
	.byte	30                              @ DW_AT_data_bit_offset
	.byte	0                               @ End Of Children Mark
	.byte	11                              @ Abbrev [11] 0x7c8:0x5 DW_TAG_volatile_type
	.long	1997                            @ DW_AT_type
	.byte	6                               @ Abbrev [6] 0x7cd:0xc DW_TAG_typedef
	.long	2009                            @ DW_AT_type
	.long	.Linfo_string109                @ DW_AT_name
	.byte	5                               @ DW_AT_decl_file
	.short	418                             @ DW_AT_decl_line
	.byte	7                               @ Abbrev [7] 0x7d9:0x3e DW_TAG_structure_type
	.byte	4                               @ DW_AT_byte_size
	.byte	5                               @ DW_AT_decl_file
	.short	412                             @ DW_AT_decl_line
	.byte	13                              @ Abbrev [13] 0x7de:0xe DW_TAG_member
	.long	.Linfo_string107                @ DW_AT_name
	.long	1011                            @ DW_AT_type
	.byte	5                               @ DW_AT_decl_file
	.short	414                             @ DW_AT_decl_line
	.byte	12                              @ DW_AT_bit_size
	.byte	0                               @ DW_AT_data_bit_offset
	.byte	13                              @ Abbrev [13] 0x7ec:0xe DW_TAG_member
	.long	.Linfo_string71                 @ DW_AT_name
	.long	1011                            @ DW_AT_type
	.byte	5                               @ DW_AT_decl_file
	.short	415                             @ DW_AT_decl_line
	.byte	4                               @ DW_AT_bit_size
	.byte	12                              @ DW_AT_data_bit_offset
	.byte	13                              @ Abbrev [13] 0x7fa:0xe DW_TAG_member
	.long	.Linfo_string108                @ DW_AT_name
	.long	1011                            @ DW_AT_type
	.byte	5                               @ DW_AT_decl_file
	.short	416                             @ DW_AT_decl_line
	.byte	12                              @ DW_AT_bit_size
	.byte	16                              @ DW_AT_data_bit_offset
	.byte	13                              @ Abbrev [13] 0x808:0xe DW_TAG_member
	.long	.Linfo_string45                 @ DW_AT_name
	.long	1011                            @ DW_AT_type
	.byte	5                               @ DW_AT_decl_file
	.short	417                             @ DW_AT_decl_line
	.byte	4                               @ DW_AT_bit_size
	.byte	28                              @ DW_AT_data_bit_offset
	.byte	0                               @ End Of Children Mark
	.byte	11                              @ Abbrev [11] 0x817:0x5 DW_TAG_volatile_type
	.long	2076                            @ DW_AT_type
	.byte	6                               @ Abbrev [6] 0x81c:0xc DW_TAG_typedef
	.long	2088                            @ DW_AT_type
	.long	.Linfo_string114                @ DW_AT_name
	.byte	5                               @ DW_AT_decl_file
	.short	426                             @ DW_AT_decl_line
	.byte	7                               @ Abbrev [7] 0x828:0x3e DW_TAG_structure_type
	.byte	4                               @ DW_AT_byte_size
	.byte	5                               @ DW_AT_decl_file
	.short	420                             @ DW_AT_decl_line
	.byte	13                              @ Abbrev [13] 0x82d:0xe DW_TAG_member
	.long	.Linfo_string112                @ DW_AT_name
	.long	1011                            @ DW_AT_type
	.byte	5                               @ DW_AT_decl_file
	.short	422                             @ DW_AT_decl_line
	.byte	12                              @ DW_AT_bit_size
	.byte	0                               @ DW_AT_data_bit_offset
	.byte	13                              @ Abbrev [13] 0x83b:0xe DW_TAG_member
	.long	.Linfo_string71                 @ DW_AT_name
	.long	1011                            @ DW_AT_type
	.byte	5                               @ DW_AT_decl_file
	.short	423                             @ DW_AT_decl_line
	.byte	4                               @ DW_AT_bit_size
	.byte	12                              @ DW_AT_data_bit_offset
	.byte	13                              @ Abbrev [13] 0x849:0xe DW_TAG_member
	.long	.Linfo_string113                @ DW_AT_name
	.long	1011                            @ DW_AT_type
	.byte	5                               @ DW_AT_decl_file
	.short	424                             @ DW_AT_decl_line
	.byte	12                              @ DW_AT_bit_size
	.byte	16                              @ DW_AT_data_bit_offset
	.byte	13                              @ Abbrev [13] 0x857:0xe DW_TAG_member
	.long	.Linfo_string45                 @ DW_AT_name
	.long	1011                            @ DW_AT_type
	.byte	5                               @ DW_AT_decl_file
	.short	425                             @ DW_AT_decl_line
	.byte	4                               @ DW_AT_bit_size
	.byte	28                              @ DW_AT_data_bit_offset
	.byte	0                               @ End Of Children Mark
	.byte	11                              @ Abbrev [11] 0x866:0x5 DW_TAG_volatile_type
	.long	2155                            @ DW_AT_type
	.byte	6                               @ Abbrev [6] 0x86b:0xc DW_TAG_typedef
	.long	2167                            @ DW_AT_type
	.long	.Linfo_string119                @ DW_AT_name
	.byte	5                               @ DW_AT_decl_file
	.short	434                             @ DW_AT_decl_line
	.byte	7                               @ Abbrev [7] 0x877:0x3e DW_TAG_structure_type
	.byte	4                               @ DW_AT_byte_size
	.byte	5                               @ DW_AT_decl_file
	.short	428                             @ DW_AT_decl_line
	.byte	13                              @ Abbrev [13] 0x87c:0xe DW_TAG_member
	.long	.Linfo_string117                @ DW_AT_name
	.long	1011                            @ DW_AT_type
	.byte	5                               @ DW_AT_decl_file
	.short	430                             @ DW_AT_decl_line
	.byte	12                              @ DW_AT_bit_size
	.byte	0                               @ DW_AT_data_bit_offset
	.byte	13                              @ Abbrev [13] 0x88a:0xe DW_TAG_member
	.long	.Linfo_string71                 @ DW_AT_name
	.long	1011                            @ DW_AT_type
	.byte	5                               @ DW_AT_decl_file
	.short	431                             @ DW_AT_decl_line
	.byte	4                               @ DW_AT_bit_size
	.byte	12                              @ DW_AT_data_bit_offset
	.byte	13                              @ Abbrev [13] 0x898:0xe DW_TAG_member
	.long	.Linfo_string118                @ DW_AT_name
	.long	1011                            @ DW_AT_type
	.byte	5                               @ DW_AT_decl_file
	.short	432                             @ DW_AT_decl_line
	.byte	12                              @ DW_AT_bit_size
	.byte	16                              @ DW_AT_data_bit_offset
	.byte	13                              @ Abbrev [13] 0x8a6:0xe DW_TAG_member
	.long	.Linfo_string45                 @ DW_AT_name
	.long	1011                            @ DW_AT_type
	.byte	5                               @ DW_AT_decl_file
	.short	433                             @ DW_AT_decl_line
	.byte	4                               @ DW_AT_bit_size
	.byte	28                              @ DW_AT_data_bit_offset
	.byte	0                               @ End Of Children Mark
	.byte	11                              @ Abbrev [11] 0x8b5:0x5 DW_TAG_volatile_type
	.long	2234                            @ DW_AT_type
	.byte	6                               @ Abbrev [6] 0x8ba:0xc DW_TAG_typedef
	.long	2246                            @ DW_AT_type
	.long	.Linfo_string124                @ DW_AT_name
	.byte	5                               @ DW_AT_decl_file
	.short	442                             @ DW_AT_decl_line
	.byte	7                               @ Abbrev [7] 0x8c6:0x3e DW_TAG_structure_type
	.byte	4                               @ DW_AT_byte_size
	.byte	5                               @ DW_AT_decl_file
	.short	436                             @ DW_AT_decl_line
	.byte	13                              @ Abbrev [13] 0x8cb:0xe DW_TAG_member
	.long	.Linfo_string122                @ DW_AT_name
	.long	1011                            @ DW_AT_type
	.byte	5                               @ DW_AT_decl_file
	.short	438                             @ DW_AT_decl_line
	.byte	12                              @ DW_AT_bit_size
	.byte	0                               @ DW_AT_data_bit_offset
	.byte	13                              @ Abbrev [13] 0x8d9:0xe DW_TAG_member
	.long	.Linfo_string71                 @ DW_AT_name
	.long	1011                            @ DW_AT_type
	.byte	5                               @ DW_AT_decl_file
	.short	439                             @ DW_AT_decl_line
	.byte	4                               @ DW_AT_bit_size
	.byte	12                              @ DW_AT_data_bit_offset
	.byte	13                              @ Abbrev [13] 0x8e7:0xe DW_TAG_member
	.long	.Linfo_string123                @ DW_AT_name
	.long	1011                            @ DW_AT_type
	.byte	5                               @ DW_AT_decl_file
	.short	440                             @ DW_AT_decl_line
	.byte	12                              @ DW_AT_bit_size
	.byte	16                              @ DW_AT_data_bit_offset
	.byte	13                              @ Abbrev [13] 0x8f5:0xe DW_TAG_member
	.long	.Linfo_string45                 @ DW_AT_name
	.long	1011                            @ DW_AT_type
	.byte	5                               @ DW_AT_decl_file
	.short	441                             @ DW_AT_decl_line
	.byte	4                               @ DW_AT_bit_size
	.byte	28                              @ DW_AT_data_bit_offset
	.byte	0                               @ End Of Children Mark
	.byte	11                              @ Abbrev [11] 0x904:0x5 DW_TAG_volatile_type
	.long	2313                            @ DW_AT_type
	.byte	6                               @ Abbrev [6] 0x909:0xc DW_TAG_typedef
	.long	2325                            @ DW_AT_type
	.long	.Linfo_string129                @ DW_AT_name
	.byte	5                               @ DW_AT_decl_file
	.short	449                             @ DW_AT_decl_line
	.byte	7                               @ Abbrev [7] 0x915:0x30 DW_TAG_structure_type
	.byte	4                               @ DW_AT_byte_size
	.byte	5                               @ DW_AT_decl_file
	.short	444                             @ DW_AT_decl_line
	.byte	13                              @ Abbrev [13] 0x91a:0xe DW_TAG_member
	.long	.Linfo_string125                @ DW_AT_name
	.long	1011                            @ DW_AT_type
	.byte	5                               @ DW_AT_decl_file
	.short	446                             @ DW_AT_decl_line
	.byte	14                              @ DW_AT_bit_size
	.byte	0                               @ DW_AT_data_bit_offset
	.byte	13                              @ Abbrev [13] 0x928:0xe DW_TAG_member
	.long	.Linfo_string127                @ DW_AT_name
	.long	1011                            @ DW_AT_type
	.byte	5                               @ DW_AT_decl_file
	.short	447                             @ DW_AT_decl_line
	.byte	1                               @ DW_AT_bit_size
	.byte	14                              @ DW_AT_data_bit_offset
	.byte	13                              @ Abbrev [13] 0x936:0xe DW_TAG_member
	.long	.Linfo_string128                @ DW_AT_name
	.long	1011                            @ DW_AT_type
	.byte	5                               @ DW_AT_decl_file
	.short	448                             @ DW_AT_decl_line
	.byte	17                              @ DW_AT_bit_size
	.byte	15                              @ DW_AT_data_bit_offset
	.byte	0                               @ End Of Children Mark
	.byte	11                              @ Abbrev [11] 0x945:0x5 DW_TAG_volatile_type
	.long	2378                            @ DW_AT_type
	.byte	6                               @ Abbrev [6] 0x94a:0xc DW_TAG_typedef
	.long	2390                            @ DW_AT_type
	.long	.Linfo_string134                @ DW_AT_name
	.byte	5                               @ DW_AT_decl_file
	.short	456                             @ DW_AT_decl_line
	.byte	7                               @ Abbrev [7] 0x956:0x30 DW_TAG_structure_type
	.byte	4                               @ DW_AT_byte_size
	.byte	5                               @ DW_AT_decl_file
	.short	451                             @ DW_AT_decl_line
	.byte	13                              @ Abbrev [13] 0x95b:0xe DW_TAG_member
	.long	.Linfo_string132                @ DW_AT_name
	.long	1011                            @ DW_AT_type
	.byte	5                               @ DW_AT_decl_file
	.short	453                             @ DW_AT_decl_line
	.byte	1                               @ DW_AT_bit_size
	.byte	0                               @ DW_AT_data_bit_offset
	.byte	13                              @ Abbrev [13] 0x969:0xe DW_TAG_member
	.long	.Linfo_string133                @ DW_AT_name
	.long	1011                            @ DW_AT_type
	.byte	5                               @ DW_AT_decl_file
	.short	454                             @ DW_AT_decl_line
	.byte	9                               @ DW_AT_bit_size
	.byte	1                               @ DW_AT_data_bit_offset
	.byte	13                              @ Abbrev [13] 0x977:0xe DW_TAG_member
	.long	.Linfo_string45                 @ DW_AT_name
	.long	1011                            @ DW_AT_type
	.byte	5                               @ DW_AT_decl_file
	.short	455                             @ DW_AT_decl_line
	.byte	22                              @ DW_AT_bit_size
	.byte	10                              @ DW_AT_data_bit_offset
	.byte	0                               @ End Of Children Mark
	.byte	11                              @ Abbrev [11] 0x986:0x5 DW_TAG_volatile_type
	.long	2443                            @ DW_AT_type
	.byte	6                               @ Abbrev [6] 0x98b:0xc DW_TAG_typedef
	.long	2455                            @ DW_AT_type
	.long	.Linfo_string138                @ DW_AT_name
	.byte	5                               @ DW_AT_decl_file
	.short	462                             @ DW_AT_decl_line
	.byte	7                               @ Abbrev [7] 0x997:0x22 DW_TAG_structure_type
	.byte	4                               @ DW_AT_byte_size
	.byte	5                               @ DW_AT_decl_file
	.short	458                             @ DW_AT_decl_line
	.byte	13                              @ Abbrev [13] 0x99c:0xe DW_TAG_member
	.long	.Linfo_string137                @ DW_AT_name
	.long	1011                            @ DW_AT_type
	.byte	5                               @ DW_AT_decl_file
	.short	460                             @ DW_AT_decl_line
	.byte	16                              @ DW_AT_bit_size
	.byte	0                               @ DW_AT_data_bit_offset
	.byte	13                              @ Abbrev [13] 0x9aa:0xe DW_TAG_member
	.long	.Linfo_string45                 @ DW_AT_name
	.long	1011                            @ DW_AT_type
	.byte	5                               @ DW_AT_decl_file
	.short	461                             @ DW_AT_decl_line
	.byte	16                              @ DW_AT_bit_size
	.byte	16                              @ DW_AT_data_bit_offset
	.byte	0                               @ End Of Children Mark
	.byte	5                               @ Abbrev [5] 0x9b9:0x5 DW_TAG_pointer_type
	.long	2494                            @ DW_AT_type
	.byte	12                              @ Abbrev [12] 0x9be:0xb DW_TAG_typedef
	.long	2505                            @ DW_AT_type
	.long	.Linfo_string148                @ DW_AT_name
	.byte	6                               @ DW_AT_decl_file
	.byte	54                              @ DW_AT_decl_line
	.byte	14                              @ Abbrev [14] 0x9c9:0x79 DW_TAG_union_type
	.byte	4                               @ DW_AT_byte_size
	.byte	6                               @ DW_AT_decl_file
	.byte	41                              @ DW_AT_decl_line
	.byte	15                              @ Abbrev [15] 0x9cd:0x8 DW_TAG_member
	.long	2517                            @ DW_AT_type
	.byte	6                               @ DW_AT_decl_file
	.byte	43                              @ DW_AT_decl_line
	.byte	0                               @ DW_AT_data_member_location
	.byte	16                              @ Abbrev [16] 0x9d5:0x60 DW_TAG_structure_type
	.byte	4                               @ DW_AT_byte_size
	.byte	6                               @ DW_AT_decl_file
	.byte	43                              @ DW_AT_decl_line
	.byte	17                              @ Abbrev [17] 0x9d9:0xd DW_TAG_member
	.long	.Linfo_string140                @ DW_AT_name
	.long	1016                            @ DW_AT_type
	.byte	6                               @ DW_AT_decl_file
	.byte	45                              @ DW_AT_decl_line
	.byte	1                               @ DW_AT_bit_size
	.byte	0                               @ DW_AT_data_bit_offset
	.byte	17                              @ Abbrev [17] 0x9e6:0xd DW_TAG_member
	.long	.Linfo_string141                @ DW_AT_name
	.long	1016                            @ DW_AT_type
	.byte	6                               @ DW_AT_decl_file
	.byte	46                              @ DW_AT_decl_line
	.byte	1                               @ DW_AT_bit_size
	.byte	1                               @ DW_AT_data_bit_offset
	.byte	17                              @ Abbrev [17] 0x9f3:0xd DW_TAG_member
	.long	.Linfo_string142                @ DW_AT_name
	.long	1016                            @ DW_AT_type
	.byte	6                               @ DW_AT_decl_file
	.byte	47                              @ DW_AT_decl_line
	.byte	2                               @ DW_AT_bit_size
	.byte	2                               @ DW_AT_data_bit_offset
	.byte	17                              @ Abbrev [17] 0xa00:0xd DW_TAG_member
	.long	.Linfo_string143                @ DW_AT_name
	.long	1016                            @ DW_AT_type
	.byte	6                               @ DW_AT_decl_file
	.byte	48                              @ DW_AT_decl_line
	.byte	4                               @ DW_AT_bit_size
	.byte	4                               @ DW_AT_data_bit_offset
	.byte	17                              @ Abbrev [17] 0xa0d:0xd DW_TAG_member
	.long	.Linfo_string144                @ DW_AT_name
	.long	1016                            @ DW_AT_type
	.byte	6                               @ DW_AT_decl_file
	.byte	49                              @ DW_AT_decl_line
	.byte	2                               @ DW_AT_bit_size
	.byte	8                               @ DW_AT_data_bit_offset
	.byte	17                              @ Abbrev [17] 0xa1a:0xd DW_TAG_member
	.long	.Linfo_string145                @ DW_AT_name
	.long	1016                            @ DW_AT_type
	.byte	6                               @ DW_AT_decl_file
	.byte	50                              @ DW_AT_decl_line
	.byte	2                               @ DW_AT_bit_size
	.byte	10                              @ DW_AT_data_bit_offset
	.byte	17                              @ Abbrev [17] 0xa27:0xd DW_TAG_member
	.long	.Linfo_string146                @ DW_AT_name
	.long	1016                            @ DW_AT_type
	.byte	6                               @ DW_AT_decl_file
	.byte	51                              @ DW_AT_decl_line
	.byte	20                              @ DW_AT_bit_size
	.byte	12                              @ DW_AT_data_bit_offset
	.byte	0                               @ End Of Children Mark
	.byte	18                              @ Abbrev [18] 0xa35:0xc DW_TAG_member
	.long	.Linfo_string147                @ DW_AT_name
	.long	1016                            @ DW_AT_type
	.byte	6                               @ DW_AT_decl_file
	.byte	53                              @ DW_AT_decl_line
	.byte	0                               @ DW_AT_data_member_location
	.byte	0                               @ End Of Children Mark
	.byte	5                               @ Abbrev [5] 0xa42:0x5 DW_TAG_pointer_type
	.long	2631                            @ DW_AT_type
	.byte	6                               @ Abbrev [6] 0xa47:0xc DW_TAG_typedef
	.long	2643                            @ DW_AT_type
	.long	.Linfo_string336                @ DW_AT_name
	.byte	7                               @ DW_AT_decl_file
	.short	1111                            @ DW_AT_decl_line
	.byte	19                              @ Abbrev [19] 0xa53:0x31f DW_TAG_structure_type
	.short	256                             @ DW_AT_byte_size
	.byte	7                               @ DW_AT_decl_file
	.short	993                             @ DW_AT_decl_line
	.byte	8                               @ Abbrev [8] 0xa59:0x9 DW_TAG_member
	.long	2658                            @ DW_AT_type
	.byte	7                               @ DW_AT_decl_file
	.short	995                             @ DW_AT_decl_line
	.byte	0                               @ DW_AT_data_member_location
	.byte	9                               @ Abbrev [9] 0xa62:0x20 DW_TAG_union_type
	.byte	4                               @ DW_AT_byte_size
	.byte	7                               @ DW_AT_decl_file
	.short	995                             @ DW_AT_decl_line
	.byte	10                              @ Abbrev [10] 0xa67:0xd DW_TAG_member
	.long	.Linfo_string149                @ DW_AT_name
	.long	1011                            @ DW_AT_type
	.byte	7                               @ DW_AT_decl_file
	.short	997                             @ DW_AT_decl_line
	.byte	0                               @ DW_AT_data_member_location
	.byte	10                              @ Abbrev [10] 0xa74:0xd DW_TAG_member
	.long	.Linfo_string150                @ DW_AT_name
	.long	3442                            @ DW_AT_type
	.byte	7                               @ DW_AT_decl_file
	.short	998                             @ DW_AT_decl_line
	.byte	0                               @ DW_AT_data_member_location
	.byte	0                               @ End Of Children Mark
	.byte	8                               @ Abbrev [8] 0xa82:0x9 DW_TAG_member
	.long	2699                            @ DW_AT_type
	.byte	7                               @ DW_AT_decl_file
	.short	1001                            @ DW_AT_decl_line
	.byte	4                               @ DW_AT_data_member_location
	.byte	9                               @ Abbrev [9] 0xa8b:0x20 DW_TAG_union_type
	.byte	4                               @ DW_AT_byte_size
	.byte	7                               @ DW_AT_decl_file
	.short	1001                            @ DW_AT_decl_line
	.byte	10                              @ Abbrev [10] 0xa90:0xd DW_TAG_member
	.long	.Linfo_string161                @ DW_AT_name
	.long	1011                            @ DW_AT_type
	.byte	7                               @ DW_AT_decl_file
	.short	1003                            @ DW_AT_decl_line
	.byte	0                               @ DW_AT_data_member_location
	.byte	10                              @ Abbrev [10] 0xa9d:0xd DW_TAG_member
	.long	.Linfo_string162                @ DW_AT_name
	.long	3647                            @ DW_AT_type
	.byte	7                               @ DW_AT_decl_file
	.short	1004                            @ DW_AT_decl_line
	.byte	0                               @ DW_AT_data_member_location
	.byte	0                               @ End Of Children Mark
	.byte	8                               @ Abbrev [8] 0xaab:0x9 DW_TAG_member
	.long	2740                            @ DW_AT_type
	.byte	7                               @ DW_AT_decl_file
	.short	1007                            @ DW_AT_decl_line
	.byte	8                               @ DW_AT_data_member_location
	.byte	9                               @ Abbrev [9] 0xab4:0x20 DW_TAG_union_type
	.byte	4                               @ DW_AT_byte_size
	.byte	7                               @ DW_AT_decl_file
	.short	1007                            @ DW_AT_decl_line
	.byte	10                              @ Abbrev [10] 0xab9:0xd DW_TAG_member
	.long	.Linfo_string174                @ DW_AT_name
	.long	1011                            @ DW_AT_type
	.byte	7                               @ DW_AT_decl_file
	.short	1009                            @ DW_AT_decl_line
	.byte	0                               @ DW_AT_data_member_location
	.byte	10                              @ Abbrev [10] 0xac6:0xd DW_TAG_member
	.long	.Linfo_string175                @ DW_AT_name
	.long	3852                            @ DW_AT_type
	.byte	7                               @ DW_AT_decl_file
	.short	1010                            @ DW_AT_decl_line
	.byte	0                               @ DW_AT_data_member_location
	.byte	0                               @ End Of Children Mark
	.byte	8                               @ Abbrev [8] 0xad4:0x9 DW_TAG_member
	.long	2781                            @ DW_AT_type
	.byte	7                               @ DW_AT_decl_file
	.short	1013                            @ DW_AT_decl_line
	.byte	12                              @ DW_AT_data_member_location
	.byte	9                               @ Abbrev [9] 0xadd:0x20 DW_TAG_union_type
	.byte	4                               @ DW_AT_byte_size
	.byte	7                               @ DW_AT_decl_file
	.short	1013                            @ DW_AT_decl_line
	.byte	10                              @ Abbrev [10] 0xae2:0xd DW_TAG_member
	.long	.Linfo_string179                @ DW_AT_name
	.long	1011                            @ DW_AT_type
	.byte	7                               @ DW_AT_decl_file
	.short	1015                            @ DW_AT_decl_line
	.byte	0                               @ DW_AT_data_member_location
	.byte	10                              @ Abbrev [10] 0xaef:0xd DW_TAG_member
	.long	.Linfo_string180                @ DW_AT_name
	.long	3903                            @ DW_AT_type
	.byte	7                               @ DW_AT_decl_file
	.short	1016                            @ DW_AT_decl_line
	.byte	0                               @ DW_AT_data_member_location
	.byte	0                               @ End Of Children Mark
	.byte	8                               @ Abbrev [8] 0xafd:0x9 DW_TAG_member
	.long	2822                            @ DW_AT_type
	.byte	7                               @ DW_AT_decl_file
	.short	1019                            @ DW_AT_decl_line
	.byte	16                              @ DW_AT_data_member_location
	.byte	9                               @ Abbrev [9] 0xb06:0x20 DW_TAG_union_type
	.byte	4                               @ DW_AT_byte_size
	.byte	7                               @ DW_AT_decl_file
	.short	1019                            @ DW_AT_decl_line
	.byte	10                              @ Abbrev [10] 0xb0b:0xd DW_TAG_member
	.long	.Linfo_string198                @ DW_AT_name
	.long	1011                            @ DW_AT_type
	.byte	7                               @ DW_AT_decl_file
	.short	1021                            @ DW_AT_decl_line
	.byte	0                               @ DW_AT_data_member_location
	.byte	10                              @ Abbrev [10] 0xb18:0xd DW_TAG_member
	.long	.Linfo_string199                @ DW_AT_name
	.long	4164                            @ DW_AT_type
	.byte	7                               @ DW_AT_decl_file
	.short	1022                            @ DW_AT_decl_line
	.byte	0                               @ DW_AT_data_member_location
	.byte	0                               @ End Of Children Mark
	.byte	8                               @ Abbrev [8] 0xb26:0x9 DW_TAG_member
	.long	2863                            @ DW_AT_type
	.byte	7                               @ DW_AT_decl_file
	.short	1025                            @ DW_AT_decl_line
	.byte	20                              @ DW_AT_data_member_location
	.byte	9                               @ Abbrev [9] 0xb2f:0x20 DW_TAG_union_type
	.byte	4                               @ DW_AT_byte_size
	.byte	7                               @ DW_AT_decl_file
	.short	1025                            @ DW_AT_decl_line
	.byte	10                              @ Abbrev [10] 0xb34:0xd DW_TAG_member
	.long	.Linfo_string203                @ DW_AT_name
	.long	1011                            @ DW_AT_type
	.byte	7                               @ DW_AT_decl_file
	.short	1027                            @ DW_AT_decl_line
	.byte	0                               @ DW_AT_data_member_location
	.byte	10                              @ Abbrev [10] 0xb41:0xd DW_TAG_member
	.long	.Linfo_string204                @ DW_AT_name
	.long	4215                            @ DW_AT_type
	.byte	7                               @ DW_AT_decl_file
	.short	1028                            @ DW_AT_decl_line
	.byte	0                               @ DW_AT_data_member_location
	.byte	0                               @ End Of Children Mark
	.byte	8                               @ Abbrev [8] 0xb4f:0x9 DW_TAG_member
	.long	2904                            @ DW_AT_type
	.byte	7                               @ DW_AT_decl_file
	.short	1031                            @ DW_AT_decl_line
	.byte	24                              @ DW_AT_data_member_location
	.byte	9                               @ Abbrev [9] 0xb58:0x20 DW_TAG_union_type
	.byte	4                               @ DW_AT_byte_size
	.byte	7                               @ DW_AT_decl_file
	.short	1031                            @ DW_AT_decl_line
	.byte	10                              @ Abbrev [10] 0xb5d:0xd DW_TAG_member
	.long	.Linfo_string208                @ DW_AT_name
	.long	1011                            @ DW_AT_type
	.byte	7                               @ DW_AT_decl_file
	.short	1033                            @ DW_AT_decl_line
	.byte	0                               @ DW_AT_data_member_location
	.byte	10                              @ Abbrev [10] 0xb6a:0xd DW_TAG_member
	.long	.Linfo_string209                @ DW_AT_name
	.long	4266                            @ DW_AT_type
	.byte	7                               @ DW_AT_decl_file
	.short	1034                            @ DW_AT_decl_line
	.byte	0                               @ DW_AT_data_member_location
	.byte	0                               @ End Of Children Mark
	.byte	8                               @ Abbrev [8] 0xb78:0x9 DW_TAG_member
	.long	2945                            @ DW_AT_type
	.byte	7                               @ DW_AT_decl_file
	.short	1037                            @ DW_AT_decl_line
	.byte	28                              @ DW_AT_data_member_location
	.byte	9                               @ Abbrev [9] 0xb81:0x20 DW_TAG_union_type
	.byte	4                               @ DW_AT_byte_size
	.byte	7                               @ DW_AT_decl_file
	.short	1037                            @ DW_AT_decl_line
	.byte	10                              @ Abbrev [10] 0xb86:0xd DW_TAG_member
	.long	.Linfo_string213                @ DW_AT_name
	.long	1011                            @ DW_AT_type
	.byte	7                               @ DW_AT_decl_file
	.short	1039                            @ DW_AT_decl_line
	.byte	0                               @ DW_AT_data_member_location
	.byte	10                              @ Abbrev [10] 0xb93:0xd DW_TAG_member
	.long	.Linfo_string214                @ DW_AT_name
	.long	4317                            @ DW_AT_type
	.byte	7                               @ DW_AT_decl_file
	.short	1040                            @ DW_AT_decl_line
	.byte	0                               @ DW_AT_data_member_location
	.byte	0                               @ End Of Children Mark
	.byte	8                               @ Abbrev [8] 0xba1:0x9 DW_TAG_member
	.long	2986                            @ DW_AT_type
	.byte	7                               @ DW_AT_decl_file
	.short	1043                            @ DW_AT_decl_line
	.byte	32                              @ DW_AT_data_member_location
	.byte	9                               @ Abbrev [9] 0xbaa:0x20 DW_TAG_union_type
	.byte	4                               @ DW_AT_byte_size
	.byte	7                               @ DW_AT_decl_file
	.short	1043                            @ DW_AT_decl_line
	.byte	10                              @ Abbrev [10] 0xbaf:0xd DW_TAG_member
	.long	.Linfo_string218                @ DW_AT_name
	.long	1011                            @ DW_AT_type
	.byte	7                               @ DW_AT_decl_file
	.short	1045                            @ DW_AT_decl_line
	.byte	0                               @ DW_AT_data_member_location
	.byte	10                              @ Abbrev [10] 0xbbc:0xd DW_TAG_member
	.long	.Linfo_string219                @ DW_AT_name
	.long	4368                            @ DW_AT_type
	.byte	7                               @ DW_AT_decl_file
	.short	1046                            @ DW_AT_decl_line
	.byte	0                               @ DW_AT_data_member_location
	.byte	0                               @ End Of Children Mark
	.byte	8                               @ Abbrev [8] 0xbca:0x9 DW_TAG_member
	.long	3027                            @ DW_AT_type
	.byte	7                               @ DW_AT_decl_file
	.short	1049                            @ DW_AT_decl_line
	.byte	36                              @ DW_AT_data_member_location
	.byte	9                               @ Abbrev [9] 0xbd3:0x20 DW_TAG_union_type
	.byte	4                               @ DW_AT_byte_size
	.byte	7                               @ DW_AT_decl_file
	.short	1049                            @ DW_AT_decl_line
	.byte	10                              @ Abbrev [10] 0xbd8:0xd DW_TAG_member
	.long	.Linfo_string223                @ DW_AT_name
	.long	1011                            @ DW_AT_type
	.byte	7                               @ DW_AT_decl_file
	.short	1051                            @ DW_AT_decl_line
	.byte	0                               @ DW_AT_data_member_location
	.byte	10                              @ Abbrev [10] 0xbe5:0xd DW_TAG_member
	.long	.Linfo_string224                @ DW_AT_name
	.long	4419                            @ DW_AT_type
	.byte	7                               @ DW_AT_decl_file
	.short	1052                            @ DW_AT_decl_line
	.byte	0                               @ DW_AT_data_member_location
	.byte	0                               @ End Of Children Mark
	.byte	8                               @ Abbrev [8] 0xbf3:0x9 DW_TAG_member
	.long	3068                            @ DW_AT_type
	.byte	7                               @ DW_AT_decl_file
	.short	1055                            @ DW_AT_decl_line
	.byte	40                              @ DW_AT_data_member_location
	.byte	9                               @ Abbrev [9] 0xbfc:0x20 DW_TAG_union_type
	.byte	4                               @ DW_AT_byte_size
	.byte	7                               @ DW_AT_decl_file
	.short	1055                            @ DW_AT_decl_line
	.byte	10                              @ Abbrev [10] 0xc01:0xd DW_TAG_member
	.long	.Linfo_string47                 @ DW_AT_name
	.long	1011                            @ DW_AT_type
	.byte	7                               @ DW_AT_decl_file
	.short	1057                            @ DW_AT_decl_line
	.byte	0                               @ DW_AT_data_member_location
	.byte	10                              @ Abbrev [10] 0xc0e:0xd DW_TAG_member
	.long	.Linfo_string48                 @ DW_AT_name
	.long	4540                            @ DW_AT_type
	.byte	7                               @ DW_AT_decl_file
	.short	1058                            @ DW_AT_decl_line
	.byte	0                               @ DW_AT_data_member_location
	.byte	0                               @ End Of Children Mark
	.byte	8                               @ Abbrev [8] 0xc1c:0x9 DW_TAG_member
	.long	3109                            @ DW_AT_type
	.byte	7                               @ DW_AT_decl_file
	.short	1061                            @ DW_AT_decl_line
	.byte	44                              @ DW_AT_data_member_location
	.byte	9                               @ Abbrev [9] 0xc25:0x20 DW_TAG_union_type
	.byte	4                               @ DW_AT_byte_size
	.byte	7                               @ DW_AT_decl_file
	.short	1061                            @ DW_AT_decl_line
	.byte	10                              @ Abbrev [10] 0xc2a:0xd DW_TAG_member
	.long	.Linfo_string50                 @ DW_AT_name
	.long	1011                            @ DW_AT_type
	.byte	7                               @ DW_AT_decl_file
	.short	1063                            @ DW_AT_decl_line
	.byte	0                               @ DW_AT_data_member_location
	.byte	10                              @ Abbrev [10] 0xc37:0xd DW_TAG_member
	.long	.Linfo_string51                 @ DW_AT_name
	.long	4801                            @ DW_AT_type
	.byte	7                               @ DW_AT_decl_file
	.short	1064                            @ DW_AT_decl_line
	.byte	0                               @ DW_AT_data_member_location
	.byte	0                               @ End Of Children Mark
	.byte	8                               @ Abbrev [8] 0xc45:0x9 DW_TAG_member
	.long	3150                            @ DW_AT_type
	.byte	7                               @ DW_AT_decl_file
	.short	1067                            @ DW_AT_decl_line
	.byte	48                              @ DW_AT_data_member_location
	.byte	9                               @ Abbrev [9] 0xc4e:0x20 DW_TAG_union_type
	.byte	4                               @ DW_AT_byte_size
	.byte	7                               @ DW_AT_decl_file
	.short	1067                            @ DW_AT_decl_line
	.byte	10                              @ Abbrev [10] 0xc53:0xd DW_TAG_member
	.long	.Linfo_string53                 @ DW_AT_name
	.long	1011                            @ DW_AT_type
	.byte	7                               @ DW_AT_decl_file
	.short	1069                            @ DW_AT_decl_line
	.byte	0                               @ DW_AT_data_member_location
	.byte	10                              @ Abbrev [10] 0xc60:0xd DW_TAG_member
	.long	.Linfo_string54                 @ DW_AT_name
	.long	5062                            @ DW_AT_type
	.byte	7                               @ DW_AT_decl_file
	.short	1070                            @ DW_AT_decl_line
	.byte	0                               @ DW_AT_data_member_location
	.byte	0                               @ End Of Children Mark
	.byte	8                               @ Abbrev [8] 0xc6e:0x9 DW_TAG_member
	.long	3191                            @ DW_AT_type
	.byte	7                               @ DW_AT_decl_file
	.short	1073                            @ DW_AT_decl_line
	.byte	52                              @ DW_AT_data_member_location
	.byte	9                               @ Abbrev [9] 0xc77:0x20 DW_TAG_union_type
	.byte	4                               @ DW_AT_byte_size
	.byte	7                               @ DW_AT_decl_file
	.short	1073                            @ DW_AT_decl_line
	.byte	10                              @ Abbrev [10] 0xc7c:0xd DW_TAG_member
	.long	.Linfo_string56                 @ DW_AT_name
	.long	1011                            @ DW_AT_type
	.byte	7                               @ DW_AT_decl_file
	.short	1075                            @ DW_AT_decl_line
	.byte	0                               @ DW_AT_data_member_location
	.byte	10                              @ Abbrev [10] 0xc89:0xd DW_TAG_member
	.long	.Linfo_string57                 @ DW_AT_name
	.long	5323                            @ DW_AT_type
	.byte	7                               @ DW_AT_decl_file
	.short	1076                            @ DW_AT_decl_line
	.byte	0                               @ DW_AT_data_member_location
	.byte	0                               @ End Of Children Mark
	.byte	8                               @ Abbrev [8] 0xc97:0x9 DW_TAG_member
	.long	3232                            @ DW_AT_type
	.byte	7                               @ DW_AT_decl_file
	.short	1079                            @ DW_AT_decl_line
	.byte	56                              @ DW_AT_data_member_location
	.byte	9                               @ Abbrev [9] 0xca0:0x20 DW_TAG_union_type
	.byte	4                               @ DW_AT_byte_size
	.byte	7                               @ DW_AT_decl_file
	.short	1079                            @ DW_AT_decl_line
	.byte	10                              @ Abbrev [10] 0xca5:0xd DW_TAG_member
	.long	.Linfo_string300                @ DW_AT_name
	.long	1011                            @ DW_AT_type
	.byte	7                               @ DW_AT_decl_file
	.short	1081                            @ DW_AT_decl_line
	.byte	0                               @ DW_AT_data_member_location
	.byte	10                              @ Abbrev [10] 0xcb2:0xd DW_TAG_member
	.long	.Linfo_string301                @ DW_AT_name
	.long	5584                            @ DW_AT_type
	.byte	7                               @ DW_AT_decl_file
	.short	1082                            @ DW_AT_decl_line
	.byte	0                               @ DW_AT_data_member_location
	.byte	0                               @ End Of Children Mark
	.byte	8                               @ Abbrev [8] 0xcc0:0x9 DW_TAG_member
	.long	3273                            @ DW_AT_type
	.byte	7                               @ DW_AT_decl_file
	.short	1085                            @ DW_AT_decl_line
	.byte	60                              @ DW_AT_data_member_location
	.byte	9                               @ Abbrev [9] 0xcc9:0x20 DW_TAG_union_type
	.byte	4                               @ DW_AT_byte_size
	.byte	7                               @ DW_AT_decl_file
	.short	1085                            @ DW_AT_decl_line
	.byte	10                              @ Abbrev [10] 0xcce:0xd DW_TAG_member
	.long	.Linfo_string308                @ DW_AT_name
	.long	1011                            @ DW_AT_type
	.byte	7                               @ DW_AT_decl_file
	.short	1087                            @ DW_AT_decl_line
	.byte	0                               @ DW_AT_data_member_location
	.byte	10                              @ Abbrev [10] 0xcdb:0xd DW_TAG_member
	.long	.Linfo_string309                @ DW_AT_name
	.long	5733                            @ DW_AT_type
	.byte	7                               @ DW_AT_decl_file
	.short	1088                            @ DW_AT_decl_line
	.byte	0                               @ DW_AT_data_member_location
	.byte	0                               @ End Of Children Mark
	.byte	8                               @ Abbrev [8] 0xce9:0x9 DW_TAG_member
	.long	3314                            @ DW_AT_type
	.byte	7                               @ DW_AT_decl_file
	.short	1091                            @ DW_AT_decl_line
	.byte	64                              @ DW_AT_data_member_location
	.byte	9                               @ Abbrev [9] 0xcf2:0x20 DW_TAG_union_type
	.byte	4                               @ DW_AT_byte_size
	.byte	7                               @ DW_AT_decl_file
	.short	1091                            @ DW_AT_decl_line
	.byte	10                              @ Abbrev [10] 0xcf7:0xd DW_TAG_member
	.long	.Linfo_string316                @ DW_AT_name
	.long	1011                            @ DW_AT_type
	.byte	7                               @ DW_AT_decl_file
	.short	1093                            @ DW_AT_decl_line
	.byte	0                               @ DW_AT_data_member_location
	.byte	10                              @ Abbrev [10] 0xd04:0xd DW_TAG_member
	.long	.Linfo_string317                @ DW_AT_name
	.long	5854                            @ DW_AT_type
	.byte	7                               @ DW_AT_decl_file
	.short	1094                            @ DW_AT_decl_line
	.byte	0                               @ DW_AT_data_member_location
	.byte	0                               @ End Of Children Mark
	.byte	8                               @ Abbrev [8] 0xd12:0x9 DW_TAG_member
	.long	3355                            @ DW_AT_type
	.byte	7                               @ DW_AT_decl_file
	.short	1097                            @ DW_AT_decl_line
	.byte	68                              @ DW_AT_data_member_location
	.byte	9                               @ Abbrev [9] 0xd1b:0x20 DW_TAG_union_type
	.byte	4                               @ DW_AT_byte_size
	.byte	7                               @ DW_AT_decl_file
	.short	1097                            @ DW_AT_decl_line
	.byte	10                              @ Abbrev [10] 0xd20:0xd DW_TAG_member
	.long	.Linfo_string324                @ DW_AT_name
	.long	1011                            @ DW_AT_type
	.byte	7                               @ DW_AT_decl_file
	.short	1099                            @ DW_AT_decl_line
	.byte	0                               @ DW_AT_data_member_location
	.byte	10                              @ Abbrev [10] 0xd2d:0xd DW_TAG_member
	.long	.Linfo_string325                @ DW_AT_name
	.long	5975                            @ DW_AT_type
	.byte	7                               @ DW_AT_decl_file
	.short	1100                            @ DW_AT_decl_line
	.byte	0                               @ DW_AT_data_member_location
	.byte	0                               @ End Of Children Mark
	.byte	10                              @ Abbrev [10] 0xd3b:0xd DW_TAG_member
	.long	.Linfo_string45                 @ DW_AT_name
	.long	6096                            @ DW_AT_type
	.byte	7                               @ DW_AT_decl_file
	.short	1103                            @ DW_AT_decl_line
	.byte	72                              @ DW_AT_data_member_location
	.byte	8                               @ Abbrev [8] 0xd48:0x9 DW_TAG_member
	.long	3409                            @ DW_AT_type
	.byte	7                               @ DW_AT_decl_file
	.short	1105                            @ DW_AT_decl_line
	.byte	252                             @ DW_AT_data_member_location
	.byte	9                               @ Abbrev [9] 0xd51:0x20 DW_TAG_union_type
	.byte	4                               @ DW_AT_byte_size
	.byte	7                               @ DW_AT_decl_file
	.short	1105                            @ DW_AT_decl_line
	.byte	10                              @ Abbrev [10] 0xd56:0xd DW_TAG_member
	.long	.Linfo_string333                @ DW_AT_name
	.long	1011                            @ DW_AT_type
	.byte	7                               @ DW_AT_decl_file
	.short	1107                            @ DW_AT_decl_line
	.byte	0                               @ DW_AT_data_member_location
	.byte	10                              @ Abbrev [10] 0xd63:0xd DW_TAG_member
	.long	.Linfo_string334                @ DW_AT_name
	.long	6115                            @ DW_AT_type
	.byte	7                               @ DW_AT_decl_file
	.short	1108                            @ DW_AT_decl_line
	.byte	0                               @ DW_AT_data_member_location
	.byte	0                               @ End Of Children Mark
	.byte	0                               @ End Of Children Mark
	.byte	11                              @ Abbrev [11] 0xd72:0x5 DW_TAG_volatile_type
	.long	3447                            @ DW_AT_type
	.byte	6                               @ Abbrev [6] 0xd77:0xc DW_TAG_typedef
	.long	3459                            @ DW_AT_type
	.long	.Linfo_string160                @ DW_AT_name
	.byte	7                               @ DW_AT_decl_file
	.short	769                             @ DW_AT_decl_line
	.byte	7                               @ Abbrev [7] 0xd83:0xbc DW_TAG_structure_type
	.byte	4                               @ DW_AT_byte_size
	.byte	7                               @ DW_AT_decl_file
	.short	754                             @ DW_AT_decl_line
	.byte	13                              @ Abbrev [13] 0xd88:0xe DW_TAG_member
	.long	.Linfo_string151                @ DW_AT_name
	.long	1011                            @ DW_AT_type
	.byte	7                               @ DW_AT_decl_file
	.short	756                             @ DW_AT_decl_line
	.byte	1                               @ DW_AT_bit_size
	.byte	0                               @ DW_AT_data_bit_offset
	.byte	13                              @ Abbrev [13] 0xd96:0xe DW_TAG_member
	.long	.Linfo_string152                @ DW_AT_name
	.long	1011                            @ DW_AT_type
	.byte	7                               @ DW_AT_decl_file
	.short	757                             @ DW_AT_decl_line
	.byte	1                               @ DW_AT_bit_size
	.byte	1                               @ DW_AT_data_bit_offset
	.byte	13                              @ Abbrev [13] 0xda4:0xe DW_TAG_member
	.long	.Linfo_string153                @ DW_AT_name
	.long	1011                            @ DW_AT_type
	.byte	7                               @ DW_AT_decl_file
	.short	758                             @ DW_AT_decl_line
	.byte	1                               @ DW_AT_bit_size
	.byte	2                               @ DW_AT_data_bit_offset
	.byte	13                              @ Abbrev [13] 0xdb2:0xe DW_TAG_member
	.long	.Linfo_string154                @ DW_AT_name
	.long	1011                            @ DW_AT_type
	.byte	7                               @ DW_AT_decl_file
	.short	759                             @ DW_AT_decl_line
	.byte	1                               @ DW_AT_bit_size
	.byte	3                               @ DW_AT_data_bit_offset
	.byte	13                              @ Abbrev [13] 0xdc0:0xe DW_TAG_member
	.long	.Linfo_string155                @ DW_AT_name
	.long	1011                            @ DW_AT_type
	.byte	7                               @ DW_AT_decl_file
	.short	760                             @ DW_AT_decl_line
	.byte	1                               @ DW_AT_bit_size
	.byte	4                               @ DW_AT_data_bit_offset
	.byte	13                              @ Abbrev [13] 0xdce:0xe DW_TAG_member
	.long	.Linfo_string65                 @ DW_AT_name
	.long	1011                            @ DW_AT_type
	.byte	7                               @ DW_AT_decl_file
	.short	761                             @ DW_AT_decl_line
	.byte	3                               @ DW_AT_bit_size
	.byte	5                               @ DW_AT_data_bit_offset
	.byte	13                              @ Abbrev [13] 0xddc:0xe DW_TAG_member
	.long	.Linfo_string156                @ DW_AT_name
	.long	1011                            @ DW_AT_type
	.byte	7                               @ DW_AT_decl_file
	.short	762                             @ DW_AT_decl_line
	.byte	1                               @ DW_AT_bit_size
	.byte	8                               @ DW_AT_data_bit_offset
	.byte	13                              @ Abbrev [13] 0xdea:0xe DW_TAG_member
	.long	.Linfo_string69                 @ DW_AT_name
	.long	1011                            @ DW_AT_type
	.byte	7                               @ DW_AT_decl_file
	.short	763                             @ DW_AT_decl_line
	.byte	3                               @ DW_AT_bit_size
	.byte	9                               @ DW_AT_data_bit_offset
	.byte	13                              @ Abbrev [13] 0xdf8:0xe DW_TAG_member
	.long	.Linfo_string157                @ DW_AT_name
	.long	1011                            @ DW_AT_type
	.byte	7                               @ DW_AT_decl_file
	.short	764                             @ DW_AT_decl_line
	.byte	1                               @ DW_AT_bit_size
	.byte	12                              @ DW_AT_data_bit_offset
	.byte	13                              @ Abbrev [13] 0xe06:0xe DW_TAG_member
	.long	.Linfo_string158                @ DW_AT_name
	.long	1011                            @ DW_AT_type
	.byte	7                               @ DW_AT_decl_file
	.short	765                             @ DW_AT_decl_line
	.byte	2                               @ DW_AT_bit_size
	.byte	13                              @ DW_AT_data_bit_offset
	.byte	13                              @ Abbrev [13] 0xe14:0xe DW_TAG_member
	.long	.Linfo_string71                 @ DW_AT_name
	.long	1011                            @ DW_AT_type
	.byte	7                               @ DW_AT_decl_file
	.short	766                             @ DW_AT_decl_line
	.byte	1                               @ DW_AT_bit_size
	.byte	15                              @ DW_AT_data_bit_offset
	.byte	13                              @ Abbrev [13] 0xe22:0xe DW_TAG_member
	.long	.Linfo_string159                @ DW_AT_name
	.long	1011                            @ DW_AT_type
	.byte	7                               @ DW_AT_decl_file
	.short	767                             @ DW_AT_decl_line
	.byte	1                               @ DW_AT_bit_size
	.byte	16                              @ DW_AT_data_bit_offset
	.byte	13                              @ Abbrev [13] 0xe30:0xe DW_TAG_member
	.long	.Linfo_string45                 @ DW_AT_name
	.long	1011                            @ DW_AT_type
	.byte	7                               @ DW_AT_decl_file
	.short	768                             @ DW_AT_decl_line
	.byte	15                              @ DW_AT_bit_size
	.byte	17                              @ DW_AT_data_bit_offset
	.byte	0                               @ End Of Children Mark
	.byte	11                              @ Abbrev [11] 0xe3f:0x5 DW_TAG_volatile_type
	.long	3652                            @ DW_AT_type
	.byte	6                               @ Abbrev [6] 0xe44:0xc DW_TAG_typedef
	.long	3664                            @ DW_AT_type
	.long	.Linfo_string173                @ DW_AT_name
	.byte	7                               @ DW_AT_decl_file
	.short	786                             @ DW_AT_decl_line
	.byte	7                               @ Abbrev [7] 0xe50:0xbc DW_TAG_structure_type
	.byte	4                               @ DW_AT_byte_size
	.byte	7                               @ DW_AT_decl_file
	.short	771                             @ DW_AT_decl_line
	.byte	13                              @ Abbrev [13] 0xe55:0xe DW_TAG_member
	.long	.Linfo_string163                @ DW_AT_name
	.long	1011                            @ DW_AT_type
	.byte	7                               @ DW_AT_decl_file
	.short	773                             @ DW_AT_decl_line
	.byte	1                               @ DW_AT_bit_size
	.byte	0                               @ DW_AT_data_bit_offset
	.byte	13                              @ Abbrev [13] 0xe63:0xe DW_TAG_member
	.long	.Linfo_string164                @ DW_AT_name
	.long	1011                            @ DW_AT_type
	.byte	7                               @ DW_AT_decl_file
	.short	774                             @ DW_AT_decl_line
	.byte	1                               @ DW_AT_bit_size
	.byte	1                               @ DW_AT_data_bit_offset
	.byte	13                              @ Abbrev [13] 0xe71:0xe DW_TAG_member
	.long	.Linfo_string69                 @ DW_AT_name
	.long	1011                            @ DW_AT_type
	.byte	7                               @ DW_AT_decl_file
	.short	775                             @ DW_AT_decl_line
	.byte	2                               @ DW_AT_bit_size
	.byte	2                               @ DW_AT_data_bit_offset
	.byte	13                              @ Abbrev [13] 0xe7f:0xe DW_TAG_member
	.long	.Linfo_string165                @ DW_AT_name
	.long	1011                            @ DW_AT_type
	.byte	7                               @ DW_AT_decl_file
	.short	776                             @ DW_AT_decl_line
	.byte	1                               @ DW_AT_bit_size
	.byte	4                               @ DW_AT_data_bit_offset
	.byte	13                              @ Abbrev [13] 0xe8d:0xe DW_TAG_member
	.long	.Linfo_string166                @ DW_AT_name
	.long	1011                            @ DW_AT_type
	.byte	7                               @ DW_AT_decl_file
	.short	777                             @ DW_AT_decl_line
	.byte	1                               @ DW_AT_bit_size
	.byte	5                               @ DW_AT_data_bit_offset
	.byte	13                              @ Abbrev [13] 0xe9b:0xe DW_TAG_member
	.long	.Linfo_string167                @ DW_AT_name
	.long	1011                            @ DW_AT_type
	.byte	7                               @ DW_AT_decl_file
	.short	778                             @ DW_AT_decl_line
	.byte	1                               @ DW_AT_bit_size
	.byte	6                               @ DW_AT_data_bit_offset
	.byte	13                              @ Abbrev [13] 0xea9:0xe DW_TAG_member
	.long	.Linfo_string168                @ DW_AT_name
	.long	1011                            @ DW_AT_type
	.byte	7                               @ DW_AT_decl_file
	.short	779                             @ DW_AT_decl_line
	.byte	1                               @ DW_AT_bit_size
	.byte	7                               @ DW_AT_data_bit_offset
	.byte	13                              @ Abbrev [13] 0xeb7:0xe DW_TAG_member
	.long	.Linfo_string169                @ DW_AT_name
	.long	1011                            @ DW_AT_type
	.byte	7                               @ DW_AT_decl_file
	.short	780                             @ DW_AT_decl_line
	.byte	1                               @ DW_AT_bit_size
	.byte	8                               @ DW_AT_data_bit_offset
	.byte	13                              @ Abbrev [13] 0xec5:0xe DW_TAG_member
	.long	.Linfo_string170                @ DW_AT_name
	.long	1011                            @ DW_AT_type
	.byte	7                               @ DW_AT_decl_file
	.short	781                             @ DW_AT_decl_line
	.byte	1                               @ DW_AT_bit_size
	.byte	9                               @ DW_AT_data_bit_offset
	.byte	13                              @ Abbrev [13] 0xed3:0xe DW_TAG_member
	.long	.Linfo_string71                 @ DW_AT_name
	.long	1011                            @ DW_AT_type
	.byte	7                               @ DW_AT_decl_file
	.short	782                             @ DW_AT_decl_line
	.byte	2                               @ DW_AT_bit_size
	.byte	10                              @ DW_AT_data_bit_offset
	.byte	13                              @ Abbrev [13] 0xee1:0xe DW_TAG_member
	.long	.Linfo_string171                @ DW_AT_name
	.long	1011                            @ DW_AT_type
	.byte	7                               @ DW_AT_decl_file
	.short	783                             @ DW_AT_decl_line
	.byte	1                               @ DW_AT_bit_size
	.byte	12                              @ DW_AT_data_bit_offset
	.byte	13                              @ Abbrev [13] 0xeef:0xe DW_TAG_member
	.long	.Linfo_string172                @ DW_AT_name
	.long	1011                            @ DW_AT_type
	.byte	7                               @ DW_AT_decl_file
	.short	784                             @ DW_AT_decl_line
	.byte	1                               @ DW_AT_bit_size
	.byte	13                              @ DW_AT_data_bit_offset
	.byte	13                              @ Abbrev [13] 0xefd:0xe DW_TAG_member
	.long	.Linfo_string45                 @ DW_AT_name
	.long	1011                            @ DW_AT_type
	.byte	7                               @ DW_AT_decl_file
	.short	785                             @ DW_AT_decl_line
	.byte	18                              @ DW_AT_bit_size
	.byte	14                              @ DW_AT_data_bit_offset
	.byte	0                               @ End Of Children Mark
	.byte	11                              @ Abbrev [11] 0xf0c:0x5 DW_TAG_volatile_type
	.long	3857                            @ DW_AT_type
	.byte	6                               @ Abbrev [6] 0xf11:0xc DW_TAG_typedef
	.long	3869                            @ DW_AT_type
	.long	.Linfo_string178                @ DW_AT_name
	.byte	7                               @ DW_AT_decl_file
	.short	792                             @ DW_AT_decl_line
	.byte	7                               @ Abbrev [7] 0xf1d:0x22 DW_TAG_structure_type
	.byte	4                               @ DW_AT_byte_size
	.byte	7                               @ DW_AT_decl_file
	.short	788                             @ DW_AT_decl_line
	.byte	13                              @ Abbrev [13] 0xf22:0xe DW_TAG_member
	.long	.Linfo_string176                @ DW_AT_name
	.long	1011                            @ DW_AT_type
	.byte	7                               @ DW_AT_decl_file
	.short	790                             @ DW_AT_decl_line
	.byte	16                              @ DW_AT_bit_size
	.byte	0                               @ DW_AT_data_bit_offset
	.byte	13                              @ Abbrev [13] 0xf30:0xe DW_TAG_member
	.long	.Linfo_string177                @ DW_AT_name
	.long	1011                            @ DW_AT_type
	.byte	7                               @ DW_AT_decl_file
	.short	791                             @ DW_AT_decl_line
	.byte	16                              @ DW_AT_bit_size
	.byte	16                              @ DW_AT_data_bit_offset
	.byte	0                               @ End Of Children Mark
	.byte	11                              @ Abbrev [11] 0xf3f:0x5 DW_TAG_volatile_type
	.long	3908                            @ DW_AT_type
	.byte	6                               @ Abbrev [6] 0xf44:0xc DW_TAG_typedef
	.long	3920                            @ DW_AT_type
	.long	.Linfo_string197                @ DW_AT_name
	.byte	7                               @ DW_AT_decl_file
	.short	813                             @ DW_AT_decl_line
	.byte	7                               @ Abbrev [7] 0xf50:0xf4 DW_TAG_structure_type
	.byte	4                               @ DW_AT_byte_size
	.byte	7                               @ DW_AT_decl_file
	.short	794                             @ DW_AT_decl_line
	.byte	13                              @ Abbrev [13] 0xf55:0xe DW_TAG_member
	.long	.Linfo_string181                @ DW_AT_name
	.long	1011                            @ DW_AT_type
	.byte	7                               @ DW_AT_decl_file
	.short	796                             @ DW_AT_decl_line
	.byte	1                               @ DW_AT_bit_size
	.byte	0                               @ DW_AT_data_bit_offset
	.byte	13                              @ Abbrev [13] 0xf63:0xe DW_TAG_member
	.long	.Linfo_string182                @ DW_AT_name
	.long	1011                            @ DW_AT_type
	.byte	7                               @ DW_AT_decl_file
	.short	797                             @ DW_AT_decl_line
	.byte	1                               @ DW_AT_bit_size
	.byte	1                               @ DW_AT_data_bit_offset
	.byte	13                              @ Abbrev [13] 0xf71:0xe DW_TAG_member
	.long	.Linfo_string183                @ DW_AT_name
	.long	1011                            @ DW_AT_type
	.byte	7                               @ DW_AT_decl_file
	.short	798                             @ DW_AT_decl_line
	.byte	1                               @ DW_AT_bit_size
	.byte	2                               @ DW_AT_data_bit_offset
	.byte	13                              @ Abbrev [13] 0xf7f:0xe DW_TAG_member
	.long	.Linfo_string184                @ DW_AT_name
	.long	1011                            @ DW_AT_type
	.byte	7                               @ DW_AT_decl_file
	.short	799                             @ DW_AT_decl_line
	.byte	1                               @ DW_AT_bit_size
	.byte	3                               @ DW_AT_data_bit_offset
	.byte	13                              @ Abbrev [13] 0xf8d:0xe DW_TAG_member
	.long	.Linfo_string185                @ DW_AT_name
	.long	1011                            @ DW_AT_type
	.byte	7                               @ DW_AT_decl_file
	.short	800                             @ DW_AT_decl_line
	.byte	1                               @ DW_AT_bit_size
	.byte	4                               @ DW_AT_data_bit_offset
	.byte	13                              @ Abbrev [13] 0xf9b:0xe DW_TAG_member
	.long	.Linfo_string186                @ DW_AT_name
	.long	1011                            @ DW_AT_type
	.byte	7                               @ DW_AT_decl_file
	.short	801                             @ DW_AT_decl_line
	.byte	1                               @ DW_AT_bit_size
	.byte	5                               @ DW_AT_data_bit_offset
	.byte	13                              @ Abbrev [13] 0xfa9:0xe DW_TAG_member
	.long	.Linfo_string187                @ DW_AT_name
	.long	1011                            @ DW_AT_type
	.byte	7                               @ DW_AT_decl_file
	.short	802                             @ DW_AT_decl_line
	.byte	1                               @ DW_AT_bit_size
	.byte	6                               @ DW_AT_data_bit_offset
	.byte	13                              @ Abbrev [13] 0xfb7:0xe DW_TAG_member
	.long	.Linfo_string188                @ DW_AT_name
	.long	1011                            @ DW_AT_type
	.byte	7                               @ DW_AT_decl_file
	.short	803                             @ DW_AT_decl_line
	.byte	1                               @ DW_AT_bit_size
	.byte	7                               @ DW_AT_data_bit_offset
	.byte	13                              @ Abbrev [13] 0xfc5:0xe DW_TAG_member
	.long	.Linfo_string189                @ DW_AT_name
	.long	1011                            @ DW_AT_type
	.byte	7                               @ DW_AT_decl_file
	.short	804                             @ DW_AT_decl_line
	.byte	2                               @ DW_AT_bit_size
	.byte	8                               @ DW_AT_data_bit_offset
	.byte	13                              @ Abbrev [13] 0xfd3:0xe DW_TAG_member
	.long	.Linfo_string190                @ DW_AT_name
	.long	1011                            @ DW_AT_type
	.byte	7                               @ DW_AT_decl_file
	.short	805                             @ DW_AT_decl_line
	.byte	2                               @ DW_AT_bit_size
	.byte	10                              @ DW_AT_data_bit_offset
	.byte	13                              @ Abbrev [13] 0xfe1:0xe DW_TAG_member
	.long	.Linfo_string191                @ DW_AT_name
	.long	1011                            @ DW_AT_type
	.byte	7                               @ DW_AT_decl_file
	.short	806                             @ DW_AT_decl_line
	.byte	2                               @ DW_AT_bit_size
	.byte	12                              @ DW_AT_data_bit_offset
	.byte	13                              @ Abbrev [13] 0xfef:0xe DW_TAG_member
	.long	.Linfo_string192                @ DW_AT_name
	.long	1011                            @ DW_AT_type
	.byte	7                               @ DW_AT_decl_file
	.short	807                             @ DW_AT_decl_line
	.byte	2                               @ DW_AT_bit_size
	.byte	14                              @ DW_AT_data_bit_offset
	.byte	13                              @ Abbrev [13] 0xffd:0xe DW_TAG_member
	.long	.Linfo_string193                @ DW_AT_name
	.long	1011                            @ DW_AT_type
	.byte	7                               @ DW_AT_decl_file
	.short	808                             @ DW_AT_decl_line
	.byte	1                               @ DW_AT_bit_size
	.byte	16                              @ DW_AT_data_bit_offset
	.byte	13                              @ Abbrev [13] 0x100b:0xe DW_TAG_member
	.long	.Linfo_string194                @ DW_AT_name
	.long	1011                            @ DW_AT_type
	.byte	7                               @ DW_AT_decl_file
	.short	809                             @ DW_AT_decl_line
	.byte	1                               @ DW_AT_bit_size
	.byte	17                              @ DW_AT_data_bit_offset
	.byte	13                              @ Abbrev [13] 0x1019:0xe DW_TAG_member
	.long	.Linfo_string195                @ DW_AT_name
	.long	1011                            @ DW_AT_type
	.byte	7                               @ DW_AT_decl_file
	.short	810                             @ DW_AT_decl_line
	.byte	1                               @ DW_AT_bit_size
	.byte	18                              @ DW_AT_data_bit_offset
	.byte	13                              @ Abbrev [13] 0x1027:0xe DW_TAG_member
	.long	.Linfo_string196                @ DW_AT_name
	.long	1011                            @ DW_AT_type
	.byte	7                               @ DW_AT_decl_file
	.short	811                             @ DW_AT_decl_line
	.byte	1                               @ DW_AT_bit_size
	.byte	19                              @ DW_AT_data_bit_offset
	.byte	13                              @ Abbrev [13] 0x1035:0xe DW_TAG_member
	.long	.Linfo_string45                 @ DW_AT_name
	.long	1011                            @ DW_AT_type
	.byte	7                               @ DW_AT_decl_file
	.short	812                             @ DW_AT_decl_line
	.byte	12                              @ DW_AT_bit_size
	.byte	20                              @ DW_AT_data_bit_offset
	.byte	0                               @ End Of Children Mark
	.byte	11                              @ Abbrev [11] 0x1044:0x5 DW_TAG_volatile_type
	.long	4169                            @ DW_AT_type
	.byte	6                               @ Abbrev [6] 0x1049:0xc DW_TAG_typedef
	.long	4181                            @ DW_AT_type
	.long	.Linfo_string202                @ DW_AT_name
	.byte	7                               @ DW_AT_decl_file
	.short	819                             @ DW_AT_decl_line
	.byte	7                               @ Abbrev [7] 0x1055:0x22 DW_TAG_structure_type
	.byte	4                               @ DW_AT_byte_size
	.byte	7                               @ DW_AT_decl_file
	.short	815                             @ DW_AT_decl_line
	.byte	13                              @ Abbrev [13] 0x105a:0xe DW_TAG_member
	.long	.Linfo_string200                @ DW_AT_name
	.long	1011                            @ DW_AT_type
	.byte	7                               @ DW_AT_decl_file
	.short	817                             @ DW_AT_decl_line
	.byte	16                              @ DW_AT_bit_size
	.byte	0                               @ DW_AT_data_bit_offset
	.byte	13                              @ Abbrev [13] 0x1068:0xe DW_TAG_member
	.long	.Linfo_string201                @ DW_AT_name
	.long	1011                            @ DW_AT_type
	.byte	7                               @ DW_AT_decl_file
	.short	818                             @ DW_AT_decl_line
	.byte	16                              @ DW_AT_bit_size
	.byte	16                              @ DW_AT_data_bit_offset
	.byte	0                               @ End Of Children Mark
	.byte	11                              @ Abbrev [11] 0x1077:0x5 DW_TAG_volatile_type
	.long	4220                            @ DW_AT_type
	.byte	6                               @ Abbrev [6] 0x107c:0xc DW_TAG_typedef
	.long	4232                            @ DW_AT_type
	.long	.Linfo_string207                @ DW_AT_name
	.byte	7                               @ DW_AT_decl_file
	.short	825                             @ DW_AT_decl_line
	.byte	7                               @ Abbrev [7] 0x1088:0x22 DW_TAG_structure_type
	.byte	4                               @ DW_AT_byte_size
	.byte	7                               @ DW_AT_decl_file
	.short	821                             @ DW_AT_decl_line
	.byte	13                              @ Abbrev [13] 0x108d:0xe DW_TAG_member
	.long	.Linfo_string205                @ DW_AT_name
	.long	1011                            @ DW_AT_type
	.byte	7                               @ DW_AT_decl_file
	.short	823                             @ DW_AT_decl_line
	.byte	16                              @ DW_AT_bit_size
	.byte	0                               @ DW_AT_data_bit_offset
	.byte	13                              @ Abbrev [13] 0x109b:0xe DW_TAG_member
	.long	.Linfo_string206                @ DW_AT_name
	.long	1011                            @ DW_AT_type
	.byte	7                               @ DW_AT_decl_file
	.short	824                             @ DW_AT_decl_line
	.byte	16                              @ DW_AT_bit_size
	.byte	16                              @ DW_AT_data_bit_offset
	.byte	0                               @ End Of Children Mark
	.byte	11                              @ Abbrev [11] 0x10aa:0x5 DW_TAG_volatile_type
	.long	4271                            @ DW_AT_type
	.byte	6                               @ Abbrev [6] 0x10af:0xc DW_TAG_typedef
	.long	4283                            @ DW_AT_type
	.long	.Linfo_string212                @ DW_AT_name
	.byte	7                               @ DW_AT_decl_file
	.short	831                             @ DW_AT_decl_line
	.byte	7                               @ Abbrev [7] 0x10bb:0x22 DW_TAG_structure_type
	.byte	4                               @ DW_AT_byte_size
	.byte	7                               @ DW_AT_decl_file
	.short	827                             @ DW_AT_decl_line
	.byte	13                              @ Abbrev [13] 0x10c0:0xe DW_TAG_member
	.long	.Linfo_string210                @ DW_AT_name
	.long	1011                            @ DW_AT_type
	.byte	7                               @ DW_AT_decl_file
	.short	829                             @ DW_AT_decl_line
	.byte	16                              @ DW_AT_bit_size
	.byte	0                               @ DW_AT_data_bit_offset
	.byte	13                              @ Abbrev [13] 0x10ce:0xe DW_TAG_member
	.long	.Linfo_string211                @ DW_AT_name
	.long	1011                            @ DW_AT_type
	.byte	7                               @ DW_AT_decl_file
	.short	830                             @ DW_AT_decl_line
	.byte	16                              @ DW_AT_bit_size
	.byte	16                              @ DW_AT_data_bit_offset
	.byte	0                               @ End Of Children Mark
	.byte	11                              @ Abbrev [11] 0x10dd:0x5 DW_TAG_volatile_type
	.long	4322                            @ DW_AT_type
	.byte	6                               @ Abbrev [6] 0x10e2:0xc DW_TAG_typedef
	.long	4334                            @ DW_AT_type
	.long	.Linfo_string217                @ DW_AT_name
	.byte	7                               @ DW_AT_decl_file
	.short	837                             @ DW_AT_decl_line
	.byte	7                               @ Abbrev [7] 0x10ee:0x22 DW_TAG_structure_type
	.byte	4                               @ DW_AT_byte_size
	.byte	7                               @ DW_AT_decl_file
	.short	833                             @ DW_AT_decl_line
	.byte	13                              @ Abbrev [13] 0x10f3:0xe DW_TAG_member
	.long	.Linfo_string215                @ DW_AT_name
	.long	1011                            @ DW_AT_type
	.byte	7                               @ DW_AT_decl_file
	.short	835                             @ DW_AT_decl_line
	.byte	16                              @ DW_AT_bit_size
	.byte	0                               @ DW_AT_data_bit_offset
	.byte	13                              @ Abbrev [13] 0x1101:0xe DW_TAG_member
	.long	.Linfo_string216                @ DW_AT_name
	.long	1011                            @ DW_AT_type
	.byte	7                               @ DW_AT_decl_file
	.short	836                             @ DW_AT_decl_line
	.byte	16                              @ DW_AT_bit_size
	.byte	16                              @ DW_AT_data_bit_offset
	.byte	0                               @ End Of Children Mark
	.byte	11                              @ Abbrev [11] 0x1110:0x5 DW_TAG_volatile_type
	.long	4373                            @ DW_AT_type
	.byte	6                               @ Abbrev [6] 0x1115:0xc DW_TAG_typedef
	.long	4385                            @ DW_AT_type
	.long	.Linfo_string222                @ DW_AT_name
	.byte	7                               @ DW_AT_decl_file
	.short	843                             @ DW_AT_decl_line
	.byte	7                               @ Abbrev [7] 0x1121:0x22 DW_TAG_structure_type
	.byte	4                               @ DW_AT_byte_size
	.byte	7                               @ DW_AT_decl_file
	.short	839                             @ DW_AT_decl_line
	.byte	13                              @ Abbrev [13] 0x1126:0xe DW_TAG_member
	.long	.Linfo_string220                @ DW_AT_name
	.long	1011                            @ DW_AT_type
	.byte	7                               @ DW_AT_decl_file
	.short	841                             @ DW_AT_decl_line
	.byte	16                              @ DW_AT_bit_size
	.byte	0                               @ DW_AT_data_bit_offset
	.byte	13                              @ Abbrev [13] 0x1134:0xe DW_TAG_member
	.long	.Linfo_string221                @ DW_AT_name
	.long	1011                            @ DW_AT_type
	.byte	7                               @ DW_AT_decl_file
	.short	842                             @ DW_AT_decl_line
	.byte	16                              @ DW_AT_bit_size
	.byte	16                              @ DW_AT_data_bit_offset
	.byte	0                               @ End Of Children Mark
	.byte	11                              @ Abbrev [11] 0x1143:0x5 DW_TAG_volatile_type
	.long	4424                            @ DW_AT_type
	.byte	6                               @ Abbrev [6] 0x1148:0xc DW_TAG_typedef
	.long	4436                            @ DW_AT_type
	.long	.Linfo_string231                @ DW_AT_name
	.byte	7                               @ DW_AT_decl_file
	.short	854                             @ DW_AT_decl_line
	.byte	7                               @ Abbrev [7] 0x1154:0x68 DW_TAG_structure_type
	.byte	4                               @ DW_AT_byte_size
	.byte	7                               @ DW_AT_decl_file
	.short	845                             @ DW_AT_decl_line
	.byte	13                              @ Abbrev [13] 0x1159:0xe DW_TAG_member
	.long	.Linfo_string225                @ DW_AT_name
	.long	1011                            @ DW_AT_type
	.byte	7                               @ DW_AT_decl_file
	.short	847                             @ DW_AT_decl_line
	.byte	1                               @ DW_AT_bit_size
	.byte	0                               @ DW_AT_data_bit_offset
	.byte	13                              @ Abbrev [13] 0x1167:0xe DW_TAG_member
	.long	.Linfo_string226                @ DW_AT_name
	.long	1011                            @ DW_AT_type
	.byte	7                               @ DW_AT_decl_file
	.short	848                             @ DW_AT_decl_line
	.byte	1                               @ DW_AT_bit_size
	.byte	1                               @ DW_AT_data_bit_offset
	.byte	13                              @ Abbrev [13] 0x1175:0xe DW_TAG_member
	.long	.Linfo_string227                @ DW_AT_name
	.long	1011                            @ DW_AT_type
	.byte	7                               @ DW_AT_decl_file
	.short	849                             @ DW_AT_decl_line
	.byte	1                               @ DW_AT_bit_size
	.byte	2                               @ DW_AT_data_bit_offset
	.byte	13                              @ Abbrev [13] 0x1183:0xe DW_TAG_member
	.long	.Linfo_string228                @ DW_AT_name
	.long	1011                            @ DW_AT_type
	.byte	7                               @ DW_AT_decl_file
	.short	850                             @ DW_AT_decl_line
	.byte	1                               @ DW_AT_bit_size
	.byte	3                               @ DW_AT_data_bit_offset
	.byte	13                              @ Abbrev [13] 0x1191:0xe DW_TAG_member
	.long	.Linfo_string229                @ DW_AT_name
	.long	1011                            @ DW_AT_type
	.byte	7                               @ DW_AT_decl_file
	.short	851                             @ DW_AT_decl_line
	.byte	1                               @ DW_AT_bit_size
	.byte	4                               @ DW_AT_data_bit_offset
	.byte	13                              @ Abbrev [13] 0x119f:0xe DW_TAG_member
	.long	.Linfo_string230                @ DW_AT_name
	.long	1011                            @ DW_AT_type
	.byte	7                               @ DW_AT_decl_file
	.short	852                             @ DW_AT_decl_line
	.byte	1                               @ DW_AT_bit_size
	.byte	5                               @ DW_AT_data_bit_offset
	.byte	13                              @ Abbrev [13] 0x11ad:0xe DW_TAG_member
	.long	.Linfo_string45                 @ DW_AT_name
	.long	1011                            @ DW_AT_type
	.byte	7                               @ DW_AT_decl_file
	.short	853                             @ DW_AT_decl_line
	.byte	26                              @ DW_AT_bit_size
	.byte	6                               @ DW_AT_data_bit_offset
	.byte	0                               @ End Of Children Mark
	.byte	11                              @ Abbrev [11] 0x11bc:0x5 DW_TAG_volatile_type
	.long	4545                            @ DW_AT_type
	.byte	6                               @ Abbrev [6] 0x11c1:0xc DW_TAG_typedef
	.long	4557                            @ DW_AT_type
	.long	.Linfo_string248                @ DW_AT_name
	.byte	7                               @ DW_AT_decl_file
	.short	875                             @ DW_AT_decl_line
	.byte	7                               @ Abbrev [7] 0x11cd:0xf4 DW_TAG_structure_type
	.byte	4                               @ DW_AT_byte_size
	.byte	7                               @ DW_AT_decl_file
	.short	856                             @ DW_AT_decl_line
	.byte	13                              @ Abbrev [13] 0x11d2:0xe DW_TAG_member
	.long	.Linfo_string232                @ DW_AT_name
	.long	1011                            @ DW_AT_type
	.byte	7                               @ DW_AT_decl_file
	.short	858                             @ DW_AT_decl_line
	.byte	1                               @ DW_AT_bit_size
	.byte	0                               @ DW_AT_data_bit_offset
	.byte	13                              @ Abbrev [13] 0x11e0:0xe DW_TAG_member
	.long	.Linfo_string233                @ DW_AT_name
	.long	1011                            @ DW_AT_type
	.byte	7                               @ DW_AT_decl_file
	.short	859                             @ DW_AT_decl_line
	.byte	1                               @ DW_AT_bit_size
	.byte	1                               @ DW_AT_data_bit_offset
	.byte	13                              @ Abbrev [13] 0x11ee:0xe DW_TAG_member
	.long	.Linfo_string234                @ DW_AT_name
	.long	1011                            @ DW_AT_type
	.byte	7                               @ DW_AT_decl_file
	.short	860                             @ DW_AT_decl_line
	.byte	1                               @ DW_AT_bit_size
	.byte	2                               @ DW_AT_data_bit_offset
	.byte	13                              @ Abbrev [13] 0x11fc:0xe DW_TAG_member
	.long	.Linfo_string235                @ DW_AT_name
	.long	1011                            @ DW_AT_type
	.byte	7                               @ DW_AT_decl_file
	.short	861                             @ DW_AT_decl_line
	.byte	1                               @ DW_AT_bit_size
	.byte	3                               @ DW_AT_data_bit_offset
	.byte	13                              @ Abbrev [13] 0x120a:0xe DW_TAG_member
	.long	.Linfo_string236                @ DW_AT_name
	.long	1011                            @ DW_AT_type
	.byte	7                               @ DW_AT_decl_file
	.short	862                             @ DW_AT_decl_line
	.byte	1                               @ DW_AT_bit_size
	.byte	4                               @ DW_AT_data_bit_offset
	.byte	13                              @ Abbrev [13] 0x1218:0xe DW_TAG_member
	.long	.Linfo_string237                @ DW_AT_name
	.long	1011                            @ DW_AT_type
	.byte	7                               @ DW_AT_decl_file
	.short	863                             @ DW_AT_decl_line
	.byte	1                               @ DW_AT_bit_size
	.byte	5                               @ DW_AT_data_bit_offset
	.byte	13                              @ Abbrev [13] 0x1226:0xe DW_TAG_member
	.long	.Linfo_string238                @ DW_AT_name
	.long	1011                            @ DW_AT_type
	.byte	7                               @ DW_AT_decl_file
	.short	864                             @ DW_AT_decl_line
	.byte	1                               @ DW_AT_bit_size
	.byte	6                               @ DW_AT_data_bit_offset
	.byte	13                              @ Abbrev [13] 0x1234:0xe DW_TAG_member
	.long	.Linfo_string239                @ DW_AT_name
	.long	1011                            @ DW_AT_type
	.byte	7                               @ DW_AT_decl_file
	.short	865                             @ DW_AT_decl_line
	.byte	1                               @ DW_AT_bit_size
	.byte	7                               @ DW_AT_data_bit_offset
	.byte	13                              @ Abbrev [13] 0x1242:0xe DW_TAG_member
	.long	.Linfo_string240                @ DW_AT_name
	.long	1011                            @ DW_AT_type
	.byte	7                               @ DW_AT_decl_file
	.short	866                             @ DW_AT_decl_line
	.byte	1                               @ DW_AT_bit_size
	.byte	8                               @ DW_AT_data_bit_offset
	.byte	13                              @ Abbrev [13] 0x1250:0xe DW_TAG_member
	.long	.Linfo_string241                @ DW_AT_name
	.long	1011                            @ DW_AT_type
	.byte	7                               @ DW_AT_decl_file
	.short	867                             @ DW_AT_decl_line
	.byte	1                               @ DW_AT_bit_size
	.byte	9                               @ DW_AT_data_bit_offset
	.byte	13                              @ Abbrev [13] 0x125e:0xe DW_TAG_member
	.long	.Linfo_string242                @ DW_AT_name
	.long	1011                            @ DW_AT_type
	.byte	7                               @ DW_AT_decl_file
	.short	868                             @ DW_AT_decl_line
	.byte	1                               @ DW_AT_bit_size
	.byte	10                              @ DW_AT_data_bit_offset
	.byte	13                              @ Abbrev [13] 0x126c:0xe DW_TAG_member
	.long	.Linfo_string243                @ DW_AT_name
	.long	1011                            @ DW_AT_type
	.byte	7                               @ DW_AT_decl_file
	.short	869                             @ DW_AT_decl_line
	.byte	1                               @ DW_AT_bit_size
	.byte	11                              @ DW_AT_data_bit_offset
	.byte	13                              @ Abbrev [13] 0x127a:0xe DW_TAG_member
	.long	.Linfo_string244                @ DW_AT_name
	.long	1011                            @ DW_AT_type
	.byte	7                               @ DW_AT_decl_file
	.short	870                             @ DW_AT_decl_line
	.byte	1                               @ DW_AT_bit_size
	.byte	12                              @ DW_AT_data_bit_offset
	.byte	13                              @ Abbrev [13] 0x1288:0xe DW_TAG_member
	.long	.Linfo_string245                @ DW_AT_name
	.long	1011                            @ DW_AT_type
	.byte	7                               @ DW_AT_decl_file
	.short	871                             @ DW_AT_decl_line
	.byte	1                               @ DW_AT_bit_size
	.byte	13                              @ DW_AT_data_bit_offset
	.byte	13                              @ Abbrev [13] 0x1296:0xe DW_TAG_member
	.long	.Linfo_string246                @ DW_AT_name
	.long	1011                            @ DW_AT_type
	.byte	7                               @ DW_AT_decl_file
	.short	872                             @ DW_AT_decl_line
	.byte	1                               @ DW_AT_bit_size
	.byte	14                              @ DW_AT_data_bit_offset
	.byte	13                              @ Abbrev [13] 0x12a4:0xe DW_TAG_member
	.long	.Linfo_string247                @ DW_AT_name
	.long	1011                            @ DW_AT_type
	.byte	7                               @ DW_AT_decl_file
	.short	873                             @ DW_AT_decl_line
	.byte	1                               @ DW_AT_bit_size
	.byte	15                              @ DW_AT_data_bit_offset
	.byte	13                              @ Abbrev [13] 0x12b2:0xe DW_TAG_member
	.long	.Linfo_string45                 @ DW_AT_name
	.long	1011                            @ DW_AT_type
	.byte	7                               @ DW_AT_decl_file
	.short	874                             @ DW_AT_decl_line
	.byte	16                              @ DW_AT_bit_size
	.byte	16                              @ DW_AT_data_bit_offset
	.byte	0                               @ End Of Children Mark
	.byte	11                              @ Abbrev [11] 0x12c1:0x5 DW_TAG_volatile_type
	.long	4806                            @ DW_AT_type
	.byte	6                               @ Abbrev [6] 0x12c6:0xc DW_TAG_typedef
	.long	4818                            @ DW_AT_type
	.long	.Linfo_string265                @ DW_AT_name
	.byte	7                               @ DW_AT_decl_file
	.short	896                             @ DW_AT_decl_line
	.byte	7                               @ Abbrev [7] 0x12d2:0xf4 DW_TAG_structure_type
	.byte	4                               @ DW_AT_byte_size
	.byte	7                               @ DW_AT_decl_file
	.short	877                             @ DW_AT_decl_line
	.byte	13                              @ Abbrev [13] 0x12d7:0xe DW_TAG_member
	.long	.Linfo_string249                @ DW_AT_name
	.long	1011                            @ DW_AT_type
	.byte	7                               @ DW_AT_decl_file
	.short	879                             @ DW_AT_decl_line
	.byte	1                               @ DW_AT_bit_size
	.byte	0                               @ DW_AT_data_bit_offset
	.byte	13                              @ Abbrev [13] 0x12e5:0xe DW_TAG_member
	.long	.Linfo_string250                @ DW_AT_name
	.long	1011                            @ DW_AT_type
	.byte	7                               @ DW_AT_decl_file
	.short	880                             @ DW_AT_decl_line
	.byte	1                               @ DW_AT_bit_size
	.byte	1                               @ DW_AT_data_bit_offset
	.byte	13                              @ Abbrev [13] 0x12f3:0xe DW_TAG_member
	.long	.Linfo_string251                @ DW_AT_name
	.long	1011                            @ DW_AT_type
	.byte	7                               @ DW_AT_decl_file
	.short	881                             @ DW_AT_decl_line
	.byte	1                               @ DW_AT_bit_size
	.byte	2                               @ DW_AT_data_bit_offset
	.byte	13                              @ Abbrev [13] 0x1301:0xe DW_TAG_member
	.long	.Linfo_string252                @ DW_AT_name
	.long	1011                            @ DW_AT_type
	.byte	7                               @ DW_AT_decl_file
	.short	882                             @ DW_AT_decl_line
	.byte	1                               @ DW_AT_bit_size
	.byte	3                               @ DW_AT_data_bit_offset
	.byte	13                              @ Abbrev [13] 0x130f:0xe DW_TAG_member
	.long	.Linfo_string253                @ DW_AT_name
	.long	1011                            @ DW_AT_type
	.byte	7                               @ DW_AT_decl_file
	.short	883                             @ DW_AT_decl_line
	.byte	1                               @ DW_AT_bit_size
	.byte	4                               @ DW_AT_data_bit_offset
	.byte	13                              @ Abbrev [13] 0x131d:0xe DW_TAG_member
	.long	.Linfo_string254                @ DW_AT_name
	.long	1011                            @ DW_AT_type
	.byte	7                               @ DW_AT_decl_file
	.short	884                             @ DW_AT_decl_line
	.byte	1                               @ DW_AT_bit_size
	.byte	5                               @ DW_AT_data_bit_offset
	.byte	13                              @ Abbrev [13] 0x132b:0xe DW_TAG_member
	.long	.Linfo_string255                @ DW_AT_name
	.long	1011                            @ DW_AT_type
	.byte	7                               @ DW_AT_decl_file
	.short	885                             @ DW_AT_decl_line
	.byte	1                               @ DW_AT_bit_size
	.byte	6                               @ DW_AT_data_bit_offset
	.byte	13                              @ Abbrev [13] 0x1339:0xe DW_TAG_member
	.long	.Linfo_string256                @ DW_AT_name
	.long	1011                            @ DW_AT_type
	.byte	7                               @ DW_AT_decl_file
	.short	886                             @ DW_AT_decl_line
	.byte	1                               @ DW_AT_bit_size
	.byte	7                               @ DW_AT_data_bit_offset
	.byte	13                              @ Abbrev [13] 0x1347:0xe DW_TAG_member
	.long	.Linfo_string257                @ DW_AT_name
	.long	1011                            @ DW_AT_type
	.byte	7                               @ DW_AT_decl_file
	.short	887                             @ DW_AT_decl_line
	.byte	1                               @ DW_AT_bit_size
	.byte	8                               @ DW_AT_data_bit_offset
	.byte	13                              @ Abbrev [13] 0x1355:0xe DW_TAG_member
	.long	.Linfo_string258                @ DW_AT_name
	.long	1011                            @ DW_AT_type
	.byte	7                               @ DW_AT_decl_file
	.short	888                             @ DW_AT_decl_line
	.byte	1                               @ DW_AT_bit_size
	.byte	9                               @ DW_AT_data_bit_offset
	.byte	13                              @ Abbrev [13] 0x1363:0xe DW_TAG_member
	.long	.Linfo_string259                @ DW_AT_name
	.long	1011                            @ DW_AT_type
	.byte	7                               @ DW_AT_decl_file
	.short	889                             @ DW_AT_decl_line
	.byte	1                               @ DW_AT_bit_size
	.byte	10                              @ DW_AT_data_bit_offset
	.byte	13                              @ Abbrev [13] 0x1371:0xe DW_TAG_member
	.long	.Linfo_string260                @ DW_AT_name
	.long	1011                            @ DW_AT_type
	.byte	7                               @ DW_AT_decl_file
	.short	890                             @ DW_AT_decl_line
	.byte	1                               @ DW_AT_bit_size
	.byte	11                              @ DW_AT_data_bit_offset
	.byte	13                              @ Abbrev [13] 0x137f:0xe DW_TAG_member
	.long	.Linfo_string261                @ DW_AT_name
	.long	1011                            @ DW_AT_type
	.byte	7                               @ DW_AT_decl_file
	.short	891                             @ DW_AT_decl_line
	.byte	1                               @ DW_AT_bit_size
	.byte	12                              @ DW_AT_data_bit_offset
	.byte	13                              @ Abbrev [13] 0x138d:0xe DW_TAG_member
	.long	.Linfo_string262                @ DW_AT_name
	.long	1011                            @ DW_AT_type
	.byte	7                               @ DW_AT_decl_file
	.short	892                             @ DW_AT_decl_line
	.byte	1                               @ DW_AT_bit_size
	.byte	13                              @ DW_AT_data_bit_offset
	.byte	13                              @ Abbrev [13] 0x139b:0xe DW_TAG_member
	.long	.Linfo_string263                @ DW_AT_name
	.long	1011                            @ DW_AT_type
	.byte	7                               @ DW_AT_decl_file
	.short	893                             @ DW_AT_decl_line
	.byte	1                               @ DW_AT_bit_size
	.byte	14                              @ DW_AT_data_bit_offset
	.byte	13                              @ Abbrev [13] 0x13a9:0xe DW_TAG_member
	.long	.Linfo_string264                @ DW_AT_name
	.long	1011                            @ DW_AT_type
	.byte	7                               @ DW_AT_decl_file
	.short	894                             @ DW_AT_decl_line
	.byte	1                               @ DW_AT_bit_size
	.byte	15                              @ DW_AT_data_bit_offset
	.byte	13                              @ Abbrev [13] 0x13b7:0xe DW_TAG_member
	.long	.Linfo_string45                 @ DW_AT_name
	.long	1011                            @ DW_AT_type
	.byte	7                               @ DW_AT_decl_file
	.short	895                             @ DW_AT_decl_line
	.byte	16                              @ DW_AT_bit_size
	.byte	16                              @ DW_AT_data_bit_offset
	.byte	0                               @ End Of Children Mark
	.byte	11                              @ Abbrev [11] 0x13c6:0x5 DW_TAG_volatile_type
	.long	5067                            @ DW_AT_type
	.byte	6                               @ Abbrev [6] 0x13cb:0xc DW_TAG_typedef
	.long	5079                            @ DW_AT_type
	.long	.Linfo_string282                @ DW_AT_name
	.byte	7                               @ DW_AT_decl_file
	.short	917                             @ DW_AT_decl_line
	.byte	7                               @ Abbrev [7] 0x13d7:0xf4 DW_TAG_structure_type
	.byte	4                               @ DW_AT_byte_size
	.byte	7                               @ DW_AT_decl_file
	.short	898                             @ DW_AT_decl_line
	.byte	13                              @ Abbrev [13] 0x13dc:0xe DW_TAG_member
	.long	.Linfo_string266                @ DW_AT_name
	.long	1011                            @ DW_AT_type
	.byte	7                               @ DW_AT_decl_file
	.short	900                             @ DW_AT_decl_line
	.byte	1                               @ DW_AT_bit_size
	.byte	0                               @ DW_AT_data_bit_offset
	.byte	13                              @ Abbrev [13] 0x13ea:0xe DW_TAG_member
	.long	.Linfo_string267                @ DW_AT_name
	.long	1011                            @ DW_AT_type
	.byte	7                               @ DW_AT_decl_file
	.short	901                             @ DW_AT_decl_line
	.byte	1                               @ DW_AT_bit_size
	.byte	1                               @ DW_AT_data_bit_offset
	.byte	13                              @ Abbrev [13] 0x13f8:0xe DW_TAG_member
	.long	.Linfo_string268                @ DW_AT_name
	.long	1011                            @ DW_AT_type
	.byte	7                               @ DW_AT_decl_file
	.short	902                             @ DW_AT_decl_line
	.byte	1                               @ DW_AT_bit_size
	.byte	2                               @ DW_AT_data_bit_offset
	.byte	13                              @ Abbrev [13] 0x1406:0xe DW_TAG_member
	.long	.Linfo_string269                @ DW_AT_name
	.long	1011                            @ DW_AT_type
	.byte	7                               @ DW_AT_decl_file
	.short	903                             @ DW_AT_decl_line
	.byte	1                               @ DW_AT_bit_size
	.byte	3                               @ DW_AT_data_bit_offset
	.byte	13                              @ Abbrev [13] 0x1414:0xe DW_TAG_member
	.long	.Linfo_string270                @ DW_AT_name
	.long	1011                            @ DW_AT_type
	.byte	7                               @ DW_AT_decl_file
	.short	904                             @ DW_AT_decl_line
	.byte	1                               @ DW_AT_bit_size
	.byte	4                               @ DW_AT_data_bit_offset
	.byte	13                              @ Abbrev [13] 0x1422:0xe DW_TAG_member
	.long	.Linfo_string271                @ DW_AT_name
	.long	1011                            @ DW_AT_type
	.byte	7                               @ DW_AT_decl_file
	.short	905                             @ DW_AT_decl_line
	.byte	1                               @ DW_AT_bit_size
	.byte	5                               @ DW_AT_data_bit_offset
	.byte	13                              @ Abbrev [13] 0x1430:0xe DW_TAG_member
	.long	.Linfo_string272                @ DW_AT_name
	.long	1011                            @ DW_AT_type
	.byte	7                               @ DW_AT_decl_file
	.short	906                             @ DW_AT_decl_line
	.byte	1                               @ DW_AT_bit_size
	.byte	6                               @ DW_AT_data_bit_offset
	.byte	13                              @ Abbrev [13] 0x143e:0xe DW_TAG_member
	.long	.Linfo_string273                @ DW_AT_name
	.long	1011                            @ DW_AT_type
	.byte	7                               @ DW_AT_decl_file
	.short	907                             @ DW_AT_decl_line
	.byte	1                               @ DW_AT_bit_size
	.byte	7                               @ DW_AT_data_bit_offset
	.byte	13                              @ Abbrev [13] 0x144c:0xe DW_TAG_member
	.long	.Linfo_string274                @ DW_AT_name
	.long	1011                            @ DW_AT_type
	.byte	7                               @ DW_AT_decl_file
	.short	908                             @ DW_AT_decl_line
	.byte	1                               @ DW_AT_bit_size
	.byte	8                               @ DW_AT_data_bit_offset
	.byte	13                              @ Abbrev [13] 0x145a:0xe DW_TAG_member
	.long	.Linfo_string275                @ DW_AT_name
	.long	1011                            @ DW_AT_type
	.byte	7                               @ DW_AT_decl_file
	.short	909                             @ DW_AT_decl_line
	.byte	1                               @ DW_AT_bit_size
	.byte	9                               @ DW_AT_data_bit_offset
	.byte	13                              @ Abbrev [13] 0x1468:0xe DW_TAG_member
	.long	.Linfo_string276                @ DW_AT_name
	.long	1011                            @ DW_AT_type
	.byte	7                               @ DW_AT_decl_file
	.short	910                             @ DW_AT_decl_line
	.byte	1                               @ DW_AT_bit_size
	.byte	10                              @ DW_AT_data_bit_offset
	.byte	13                              @ Abbrev [13] 0x1476:0xe DW_TAG_member
	.long	.Linfo_string277                @ DW_AT_name
	.long	1011                            @ DW_AT_type
	.byte	7                               @ DW_AT_decl_file
	.short	911                             @ DW_AT_decl_line
	.byte	1                               @ DW_AT_bit_size
	.byte	11                              @ DW_AT_data_bit_offset
	.byte	13                              @ Abbrev [13] 0x1484:0xe DW_TAG_member
	.long	.Linfo_string278                @ DW_AT_name
	.long	1011                            @ DW_AT_type
	.byte	7                               @ DW_AT_decl_file
	.short	912                             @ DW_AT_decl_line
	.byte	1                               @ DW_AT_bit_size
	.byte	12                              @ DW_AT_data_bit_offset
	.byte	13                              @ Abbrev [13] 0x1492:0xe DW_TAG_member
	.long	.Linfo_string279                @ DW_AT_name
	.long	1011                            @ DW_AT_type
	.byte	7                               @ DW_AT_decl_file
	.short	913                             @ DW_AT_decl_line
	.byte	1                               @ DW_AT_bit_size
	.byte	13                              @ DW_AT_data_bit_offset
	.byte	13                              @ Abbrev [13] 0x14a0:0xe DW_TAG_member
	.long	.Linfo_string280                @ DW_AT_name
	.long	1011                            @ DW_AT_type
	.byte	7                               @ DW_AT_decl_file
	.short	914                             @ DW_AT_decl_line
	.byte	1                               @ DW_AT_bit_size
	.byte	14                              @ DW_AT_data_bit_offset
	.byte	13                              @ Abbrev [13] 0x14ae:0xe DW_TAG_member
	.long	.Linfo_string281                @ DW_AT_name
	.long	1011                            @ DW_AT_type
	.byte	7                               @ DW_AT_decl_file
	.short	915                             @ DW_AT_decl_line
	.byte	1                               @ DW_AT_bit_size
	.byte	15                              @ DW_AT_data_bit_offset
	.byte	13                              @ Abbrev [13] 0x14bc:0xe DW_TAG_member
	.long	.Linfo_string45                 @ DW_AT_name
	.long	1011                            @ DW_AT_type
	.byte	7                               @ DW_AT_decl_file
	.short	916                             @ DW_AT_decl_line
	.byte	16                              @ DW_AT_bit_size
	.byte	16                              @ DW_AT_data_bit_offset
	.byte	0                               @ End Of Children Mark
	.byte	11                              @ Abbrev [11] 0x14cb:0x5 DW_TAG_volatile_type
	.long	5328                            @ DW_AT_type
	.byte	6                               @ Abbrev [6] 0x14d0:0xc DW_TAG_typedef
	.long	5340                            @ DW_AT_type
	.long	.Linfo_string299                @ DW_AT_name
	.byte	7                               @ DW_AT_decl_file
	.short	938                             @ DW_AT_decl_line
	.byte	7                               @ Abbrev [7] 0x14dc:0xf4 DW_TAG_structure_type
	.byte	4                               @ DW_AT_byte_size
	.byte	7                               @ DW_AT_decl_file
	.short	919                             @ DW_AT_decl_line
	.byte	13                              @ Abbrev [13] 0x14e1:0xe DW_TAG_member
	.long	.Linfo_string283                @ DW_AT_name
	.long	1011                            @ DW_AT_type
	.byte	7                               @ DW_AT_decl_file
	.short	921                             @ DW_AT_decl_line
	.byte	1                               @ DW_AT_bit_size
	.byte	0                               @ DW_AT_data_bit_offset
	.byte	13                              @ Abbrev [13] 0x14ef:0xe DW_TAG_member
	.long	.Linfo_string284                @ DW_AT_name
	.long	1011                            @ DW_AT_type
	.byte	7                               @ DW_AT_decl_file
	.short	922                             @ DW_AT_decl_line
	.byte	1                               @ DW_AT_bit_size
	.byte	1                               @ DW_AT_data_bit_offset
	.byte	13                              @ Abbrev [13] 0x14fd:0xe DW_TAG_member
	.long	.Linfo_string285                @ DW_AT_name
	.long	1011                            @ DW_AT_type
	.byte	7                               @ DW_AT_decl_file
	.short	923                             @ DW_AT_decl_line
	.byte	1                               @ DW_AT_bit_size
	.byte	2                               @ DW_AT_data_bit_offset
	.byte	13                              @ Abbrev [13] 0x150b:0xe DW_TAG_member
	.long	.Linfo_string286                @ DW_AT_name
	.long	1011                            @ DW_AT_type
	.byte	7                               @ DW_AT_decl_file
	.short	924                             @ DW_AT_decl_line
	.byte	1                               @ DW_AT_bit_size
	.byte	3                               @ DW_AT_data_bit_offset
	.byte	13                              @ Abbrev [13] 0x1519:0xe DW_TAG_member
	.long	.Linfo_string287                @ DW_AT_name
	.long	1011                            @ DW_AT_type
	.byte	7                               @ DW_AT_decl_file
	.short	925                             @ DW_AT_decl_line
	.byte	1                               @ DW_AT_bit_size
	.byte	4                               @ DW_AT_data_bit_offset
	.byte	13                              @ Abbrev [13] 0x1527:0xe DW_TAG_member
	.long	.Linfo_string288                @ DW_AT_name
	.long	1011                            @ DW_AT_type
	.byte	7                               @ DW_AT_decl_file
	.short	926                             @ DW_AT_decl_line
	.byte	1                               @ DW_AT_bit_size
	.byte	5                               @ DW_AT_data_bit_offset
	.byte	13                              @ Abbrev [13] 0x1535:0xe DW_TAG_member
	.long	.Linfo_string289                @ DW_AT_name
	.long	1011                            @ DW_AT_type
	.byte	7                               @ DW_AT_decl_file
	.short	927                             @ DW_AT_decl_line
	.byte	1                               @ DW_AT_bit_size
	.byte	6                               @ DW_AT_data_bit_offset
	.byte	13                              @ Abbrev [13] 0x1543:0xe DW_TAG_member
	.long	.Linfo_string290                @ DW_AT_name
	.long	1011                            @ DW_AT_type
	.byte	7                               @ DW_AT_decl_file
	.short	928                             @ DW_AT_decl_line
	.byte	1                               @ DW_AT_bit_size
	.byte	7                               @ DW_AT_data_bit_offset
	.byte	13                              @ Abbrev [13] 0x1551:0xe DW_TAG_member
	.long	.Linfo_string291                @ DW_AT_name
	.long	1011                            @ DW_AT_type
	.byte	7                               @ DW_AT_decl_file
	.short	929                             @ DW_AT_decl_line
	.byte	1                               @ DW_AT_bit_size
	.byte	8                               @ DW_AT_data_bit_offset
	.byte	13                              @ Abbrev [13] 0x155f:0xe DW_TAG_member
	.long	.Linfo_string292                @ DW_AT_name
	.long	1011                            @ DW_AT_type
	.byte	7                               @ DW_AT_decl_file
	.short	930                             @ DW_AT_decl_line
	.byte	1                               @ DW_AT_bit_size
	.byte	9                               @ DW_AT_data_bit_offset
	.byte	13                              @ Abbrev [13] 0x156d:0xe DW_TAG_member
	.long	.Linfo_string293                @ DW_AT_name
	.long	1011                            @ DW_AT_type
	.byte	7                               @ DW_AT_decl_file
	.short	931                             @ DW_AT_decl_line
	.byte	1                               @ DW_AT_bit_size
	.byte	10                              @ DW_AT_data_bit_offset
	.byte	13                              @ Abbrev [13] 0x157b:0xe DW_TAG_member
	.long	.Linfo_string294                @ DW_AT_name
	.long	1011                            @ DW_AT_type
	.byte	7                               @ DW_AT_decl_file
	.short	932                             @ DW_AT_decl_line
	.byte	1                               @ DW_AT_bit_size
	.byte	11                              @ DW_AT_data_bit_offset
	.byte	13                              @ Abbrev [13] 0x1589:0xe DW_TAG_member
	.long	.Linfo_string295                @ DW_AT_name
	.long	1011                            @ DW_AT_type
	.byte	7                               @ DW_AT_decl_file
	.short	933                             @ DW_AT_decl_line
	.byte	1                               @ DW_AT_bit_size
	.byte	12                              @ DW_AT_data_bit_offset
	.byte	13                              @ Abbrev [13] 0x1597:0xe DW_TAG_member
	.long	.Linfo_string296                @ DW_AT_name
	.long	1011                            @ DW_AT_type
	.byte	7                               @ DW_AT_decl_file
	.short	934                             @ DW_AT_decl_line
	.byte	1                               @ DW_AT_bit_size
	.byte	13                              @ DW_AT_data_bit_offset
	.byte	13                              @ Abbrev [13] 0x15a5:0xe DW_TAG_member
	.long	.Linfo_string297                @ DW_AT_name
	.long	1011                            @ DW_AT_type
	.byte	7                               @ DW_AT_decl_file
	.short	935                             @ DW_AT_decl_line
	.byte	1                               @ DW_AT_bit_size
	.byte	14                              @ DW_AT_data_bit_offset
	.byte	13                              @ Abbrev [13] 0x15b3:0xe DW_TAG_member
	.long	.Linfo_string298                @ DW_AT_name
	.long	1011                            @ DW_AT_type
	.byte	7                               @ DW_AT_decl_file
	.short	936                             @ DW_AT_decl_line
	.byte	1                               @ DW_AT_bit_size
	.byte	15                              @ DW_AT_data_bit_offset
	.byte	13                              @ Abbrev [13] 0x15c1:0xe DW_TAG_member
	.long	.Linfo_string45                 @ DW_AT_name
	.long	1011                            @ DW_AT_type
	.byte	7                               @ DW_AT_decl_file
	.short	937                             @ DW_AT_decl_line
	.byte	16                              @ DW_AT_bit_size
	.byte	16                              @ DW_AT_data_bit_offset
	.byte	0                               @ End Of Children Mark
	.byte	11                              @ Abbrev [11] 0x15d0:0x5 DW_TAG_volatile_type
	.long	5589                            @ DW_AT_type
	.byte	6                               @ Abbrev [6] 0x15d5:0xc DW_TAG_typedef
	.long	5601                            @ DW_AT_type
	.long	.Linfo_string307                @ DW_AT_name
	.byte	7                               @ DW_AT_decl_file
	.short	951                             @ DW_AT_decl_line
	.byte	7                               @ Abbrev [7] 0x15e1:0x84 DW_TAG_structure_type
	.byte	4                               @ DW_AT_byte_size
	.byte	7                               @ DW_AT_decl_file
	.short	940                             @ DW_AT_decl_line
	.byte	13                              @ Abbrev [13] 0x15e6:0xe DW_TAG_member
	.long	.Linfo_string302                @ DW_AT_name
	.long	1011                            @ DW_AT_type
	.byte	7                               @ DW_AT_decl_file
	.short	942                             @ DW_AT_decl_line
	.byte	1                               @ DW_AT_bit_size
	.byte	0                               @ DW_AT_data_bit_offset
	.byte	13                              @ Abbrev [13] 0x15f4:0xe DW_TAG_member
	.long	.Linfo_string303                @ DW_AT_name
	.long	1011                            @ DW_AT_type
	.byte	7                               @ DW_AT_decl_file
	.short	943                             @ DW_AT_decl_line
	.byte	1                               @ DW_AT_bit_size
	.byte	1                               @ DW_AT_data_bit_offset
	.byte	13                              @ Abbrev [13] 0x1602:0xe DW_TAG_member
	.long	.Linfo_string65                 @ DW_AT_name
	.long	1011                            @ DW_AT_type
	.byte	7                               @ DW_AT_decl_file
	.short	944                             @ DW_AT_decl_line
	.byte	2                               @ DW_AT_bit_size
	.byte	2                               @ DW_AT_data_bit_offset
	.byte	13                              @ Abbrev [13] 0x1610:0xe DW_TAG_member
	.long	.Linfo_string304                @ DW_AT_name
	.long	1011                            @ DW_AT_type
	.byte	7                               @ DW_AT_decl_file
	.short	945                             @ DW_AT_decl_line
	.byte	1                               @ DW_AT_bit_size
	.byte	4                               @ DW_AT_data_bit_offset
	.byte	13                              @ Abbrev [13] 0x161e:0xe DW_TAG_member
	.long	.Linfo_string69                 @ DW_AT_name
	.long	1011                            @ DW_AT_type
	.byte	7                               @ DW_AT_decl_file
	.short	946                             @ DW_AT_decl_line
	.byte	3                               @ DW_AT_bit_size
	.byte	5                               @ DW_AT_data_bit_offset
	.byte	13                              @ Abbrev [13] 0x162c:0xe DW_TAG_member
	.long	.Linfo_string305                @ DW_AT_name
	.long	1011                            @ DW_AT_type
	.byte	7                               @ DW_AT_decl_file
	.short	947                             @ DW_AT_decl_line
	.byte	9                               @ DW_AT_bit_size
	.byte	8                               @ DW_AT_data_bit_offset
	.byte	13                              @ Abbrev [13] 0x163a:0xe DW_TAG_member
	.long	.Linfo_string71                 @ DW_AT_name
	.long	1011                            @ DW_AT_type
	.byte	7                               @ DW_AT_decl_file
	.short	948                             @ DW_AT_decl_line
	.byte	3                               @ DW_AT_bit_size
	.byte	17                              @ DW_AT_data_bit_offset
	.byte	13                              @ Abbrev [13] 0x1648:0xe DW_TAG_member
	.long	.Linfo_string306                @ DW_AT_name
	.long	1011                            @ DW_AT_type
	.byte	7                               @ DW_AT_decl_file
	.short	949                             @ DW_AT_decl_line
	.byte	1                               @ DW_AT_bit_size
	.byte	20                              @ DW_AT_data_bit_offset
	.byte	13                              @ Abbrev [13] 0x1656:0xe DW_TAG_member
	.long	.Linfo_string45                 @ DW_AT_name
	.long	1011                            @ DW_AT_type
	.byte	7                               @ DW_AT_decl_file
	.short	950                             @ DW_AT_decl_line
	.byte	11                              @ DW_AT_bit_size
	.byte	21                              @ DW_AT_data_bit_offset
	.byte	0                               @ End Of Children Mark
	.byte	11                              @ Abbrev [11] 0x1665:0x5 DW_TAG_volatile_type
	.long	5738                            @ DW_AT_type
	.byte	6                               @ Abbrev [6] 0x166a:0xc DW_TAG_typedef
	.long	5750                            @ DW_AT_type
	.long	.Linfo_string315                @ DW_AT_name
	.byte	7                               @ DW_AT_decl_file
	.short	962                             @ DW_AT_decl_line
	.byte	7                               @ Abbrev [7] 0x1676:0x68 DW_TAG_structure_type
	.byte	4                               @ DW_AT_byte_size
	.byte	7                               @ DW_AT_decl_file
	.short	953                             @ DW_AT_decl_line
	.byte	13                              @ Abbrev [13] 0x167b:0xe DW_TAG_member
	.long	.Linfo_string310                @ DW_AT_name
	.long	1011                            @ DW_AT_type
	.byte	7                               @ DW_AT_decl_file
	.short	955                             @ DW_AT_decl_line
	.byte	1                               @ DW_AT_bit_size
	.byte	0                               @ DW_AT_data_bit_offset
	.byte	13                              @ Abbrev [13] 0x1689:0xe DW_TAG_member
	.long	.Linfo_string311                @ DW_AT_name
	.long	1011                            @ DW_AT_type
	.byte	7                               @ DW_AT_decl_file
	.short	956                             @ DW_AT_decl_line
	.byte	1                               @ DW_AT_bit_size
	.byte	1                               @ DW_AT_data_bit_offset
	.byte	13                              @ Abbrev [13] 0x1697:0xe DW_TAG_member
	.long	.Linfo_string71                 @ DW_AT_name
	.long	1011                            @ DW_AT_type
	.byte	7                               @ DW_AT_decl_file
	.short	957                             @ DW_AT_decl_line
	.byte	2                               @ DW_AT_bit_size
	.byte	2                               @ DW_AT_data_bit_offset
	.byte	13                              @ Abbrev [13] 0x16a5:0xe DW_TAG_member
	.long	.Linfo_string312                @ DW_AT_name
	.long	1011                            @ DW_AT_type
	.byte	7                               @ DW_AT_decl_file
	.short	958                             @ DW_AT_decl_line
	.byte	4                               @ DW_AT_bit_size
	.byte	4                               @ DW_AT_data_bit_offset
	.byte	13                              @ Abbrev [13] 0x16b3:0xe DW_TAG_member
	.long	.Linfo_string313                @ DW_AT_name
	.long	1011                            @ DW_AT_type
	.byte	7                               @ DW_AT_decl_file
	.short	959                             @ DW_AT_decl_line
	.byte	2                               @ DW_AT_bit_size
	.byte	8                               @ DW_AT_data_bit_offset
	.byte	13                              @ Abbrev [13] 0x16c1:0xe DW_TAG_member
	.long	.Linfo_string314                @ DW_AT_name
	.long	1011                            @ DW_AT_type
	.byte	7                               @ DW_AT_decl_file
	.short	960                             @ DW_AT_decl_line
	.byte	2                               @ DW_AT_bit_size
	.byte	10                              @ DW_AT_data_bit_offset
	.byte	13                              @ Abbrev [13] 0x16cf:0xe DW_TAG_member
	.long	.Linfo_string45                 @ DW_AT_name
	.long	1011                            @ DW_AT_type
	.byte	7                               @ DW_AT_decl_file
	.short	961                             @ DW_AT_decl_line
	.byte	20                              @ DW_AT_bit_size
	.byte	12                              @ DW_AT_data_bit_offset
	.byte	0                               @ End Of Children Mark
	.byte	11                              @ Abbrev [11] 0x16de:0x5 DW_TAG_volatile_type
	.long	5859                            @ DW_AT_type
	.byte	6                               @ Abbrev [6] 0x16e3:0xc DW_TAG_typedef
	.long	5871                            @ DW_AT_type
	.long	.Linfo_string323                @ DW_AT_name
	.byte	7                               @ DW_AT_decl_file
	.short	973                             @ DW_AT_decl_line
	.byte	7                               @ Abbrev [7] 0x16ef:0x68 DW_TAG_structure_type
	.byte	4                               @ DW_AT_byte_size
	.byte	7                               @ DW_AT_decl_file
	.short	964                             @ DW_AT_decl_line
	.byte	13                              @ Abbrev [13] 0x16f4:0xe DW_TAG_member
	.long	.Linfo_string318                @ DW_AT_name
	.long	1011                            @ DW_AT_type
	.byte	7                               @ DW_AT_decl_file
	.short	966                             @ DW_AT_decl_line
	.byte	1                               @ DW_AT_bit_size
	.byte	0                               @ DW_AT_data_bit_offset
	.byte	13                              @ Abbrev [13] 0x1702:0xe DW_TAG_member
	.long	.Linfo_string319                @ DW_AT_name
	.long	1011                            @ DW_AT_type
	.byte	7                               @ DW_AT_decl_file
	.short	967                             @ DW_AT_decl_line
	.byte	1                               @ DW_AT_bit_size
	.byte	1                               @ DW_AT_data_bit_offset
	.byte	13                              @ Abbrev [13] 0x1710:0xe DW_TAG_member
	.long	.Linfo_string71                 @ DW_AT_name
	.long	1011                            @ DW_AT_type
	.byte	7                               @ DW_AT_decl_file
	.short	968                             @ DW_AT_decl_line
	.byte	2                               @ DW_AT_bit_size
	.byte	2                               @ DW_AT_data_bit_offset
	.byte	13                              @ Abbrev [13] 0x171e:0xe DW_TAG_member
	.long	.Linfo_string320                @ DW_AT_name
	.long	1011                            @ DW_AT_type
	.byte	7                               @ DW_AT_decl_file
	.short	969                             @ DW_AT_decl_line
	.byte	4                               @ DW_AT_bit_size
	.byte	4                               @ DW_AT_data_bit_offset
	.byte	13                              @ Abbrev [13] 0x172c:0xe DW_TAG_member
	.long	.Linfo_string321                @ DW_AT_name
	.long	1011                            @ DW_AT_type
	.byte	7                               @ DW_AT_decl_file
	.short	970                             @ DW_AT_decl_line
	.byte	2                               @ DW_AT_bit_size
	.byte	8                               @ DW_AT_data_bit_offset
	.byte	13                              @ Abbrev [13] 0x173a:0xe DW_TAG_member
	.long	.Linfo_string322                @ DW_AT_name
	.long	1011                            @ DW_AT_type
	.byte	7                               @ DW_AT_decl_file
	.short	971                             @ DW_AT_decl_line
	.byte	2                               @ DW_AT_bit_size
	.byte	10                              @ DW_AT_data_bit_offset
	.byte	13                              @ Abbrev [13] 0x1748:0xe DW_TAG_member
	.long	.Linfo_string45                 @ DW_AT_name
	.long	1011                            @ DW_AT_type
	.byte	7                               @ DW_AT_decl_file
	.short	972                             @ DW_AT_decl_line
	.byte	20                              @ DW_AT_bit_size
	.byte	12                              @ DW_AT_data_bit_offset
	.byte	0                               @ End Of Children Mark
	.byte	11                              @ Abbrev [11] 0x1757:0x5 DW_TAG_volatile_type
	.long	5980                            @ DW_AT_type
	.byte	6                               @ Abbrev [6] 0x175c:0xc DW_TAG_typedef
	.long	5992                            @ DW_AT_type
	.long	.Linfo_string331                @ DW_AT_name
	.byte	7                               @ DW_AT_decl_file
	.short	984                             @ DW_AT_decl_line
	.byte	7                               @ Abbrev [7] 0x1768:0x68 DW_TAG_structure_type
	.byte	4                               @ DW_AT_byte_size
	.byte	7                               @ DW_AT_decl_file
	.short	975                             @ DW_AT_decl_line
	.byte	13                              @ Abbrev [13] 0x176d:0xe DW_TAG_member
	.long	.Linfo_string326                @ DW_AT_name
	.long	1011                            @ DW_AT_type
	.byte	7                               @ DW_AT_decl_file
	.short	977                             @ DW_AT_decl_line
	.byte	1                               @ DW_AT_bit_size
	.byte	0                               @ DW_AT_data_bit_offset
	.byte	13                              @ Abbrev [13] 0x177b:0xe DW_TAG_member
	.long	.Linfo_string327                @ DW_AT_name
	.long	1011                            @ DW_AT_type
	.byte	7                               @ DW_AT_decl_file
	.short	978                             @ DW_AT_decl_line
	.byte	1                               @ DW_AT_bit_size
	.byte	1                               @ DW_AT_data_bit_offset
	.byte	13                              @ Abbrev [13] 0x1789:0xe DW_TAG_member
	.long	.Linfo_string71                 @ DW_AT_name
	.long	1011                            @ DW_AT_type
	.byte	7                               @ DW_AT_decl_file
	.short	979                             @ DW_AT_decl_line
	.byte	2                               @ DW_AT_bit_size
	.byte	2                               @ DW_AT_data_bit_offset
	.byte	13                              @ Abbrev [13] 0x1797:0xe DW_TAG_member
	.long	.Linfo_string328                @ DW_AT_name
	.long	1011                            @ DW_AT_type
	.byte	7                               @ DW_AT_decl_file
	.short	980                             @ DW_AT_decl_line
	.byte	4                               @ DW_AT_bit_size
	.byte	4                               @ DW_AT_data_bit_offset
	.byte	13                              @ Abbrev [13] 0x17a5:0xe DW_TAG_member
	.long	.Linfo_string329                @ DW_AT_name
	.long	1011                            @ DW_AT_type
	.byte	7                               @ DW_AT_decl_file
	.short	981                             @ DW_AT_decl_line
	.byte	2                               @ DW_AT_bit_size
	.byte	8                               @ DW_AT_data_bit_offset
	.byte	13                              @ Abbrev [13] 0x17b3:0xe DW_TAG_member
	.long	.Linfo_string330                @ DW_AT_name
	.long	1011                            @ DW_AT_type
	.byte	7                               @ DW_AT_decl_file
	.short	982                             @ DW_AT_decl_line
	.byte	2                               @ DW_AT_bit_size
	.byte	10                              @ DW_AT_data_bit_offset
	.byte	13                              @ Abbrev [13] 0x17c1:0xe DW_TAG_member
	.long	.Linfo_string45                 @ DW_AT_name
	.long	1011                            @ DW_AT_type
	.byte	7                               @ DW_AT_decl_file
	.short	983                             @ DW_AT_decl_line
	.byte	20                              @ DW_AT_bit_size
	.byte	12                              @ DW_AT_data_bit_offset
	.byte	0                               @ End Of Children Mark
	.byte	20                              @ Abbrev [20] 0x17d0:0xc DW_TAG_array_type
	.long	1016                            @ DW_AT_type
	.byte	21                              @ Abbrev [21] 0x17d5:0x6 DW_TAG_subrange_type
	.long	6108                            @ DW_AT_type
	.byte	45                              @ DW_AT_count
	.byte	0                               @ End Of Children Mark
	.byte	22                              @ Abbrev [22] 0x17dc:0x7 DW_TAG_base_type
	.long	.Linfo_string332                @ DW_AT_name
	.byte	8                               @ DW_AT_byte_size
	.byte	7                               @ DW_AT_encoding
	.byte	11                              @ Abbrev [11] 0x17e3:0x5 DW_TAG_volatile_type
	.long	6120                            @ DW_AT_type
	.byte	6                               @ Abbrev [6] 0x17e8:0xc DW_TAG_typedef
	.long	6132                            @ DW_AT_type
	.long	.Linfo_string335                @ DW_AT_name
	.byte	7                               @ DW_AT_decl_file
	.short	990                             @ DW_AT_decl_line
	.byte	7                               @ Abbrev [7] 0x17f4:0x22 DW_TAG_structure_type
	.byte	4                               @ DW_AT_byte_size
	.byte	7                               @ DW_AT_decl_file
	.short	986                             @ DW_AT_decl_line
	.byte	13                              @ Abbrev [13] 0x17f9:0xe DW_TAG_member
	.long	.Linfo_string333                @ DW_AT_name
	.long	1011                            @ DW_AT_type
	.byte	7                               @ DW_AT_decl_file
	.short	988                             @ DW_AT_decl_line
	.byte	1                               @ DW_AT_bit_size
	.byte	0                               @ DW_AT_data_bit_offset
	.byte	13                              @ Abbrev [13] 0x1807:0xe DW_TAG_member
	.long	.Linfo_string45                 @ DW_AT_name
	.long	1011                            @ DW_AT_type
	.byte	7                               @ DW_AT_decl_file
	.short	989                             @ DW_AT_decl_line
	.byte	31                              @ DW_AT_bit_size
	.byte	1                               @ DW_AT_data_bit_offset
	.byte	0                               @ End Of Children Mark
	.byte	23                              @ Abbrev [23] 0x1816:0x11 DW_TAG_subprogram
	.long	.Lfunc_begin0                   @ DW_AT_low_pc
	.long	.Lfunc_end0-.Lfunc_begin0       @ DW_AT_high_pc
	.byte	1                               @ DW_AT_frame_base
	.byte	93
                                        @ DW_AT_GNU_all_call_sites
	.long	.Linfo_string340                @ DW_AT_name
	.byte	6                               @ DW_AT_decl_file
	.byte	63                              @ DW_AT_decl_line
                                        @ DW_AT_prototyped
                                        @ DW_AT_external
	.byte	24                              @ Abbrev [24] 0x1827:0x3f DW_TAG_subprogram
	.long	.Lfunc_begin1                   @ DW_AT_low_pc
	.long	.Lfunc_end1-.Lfunc_begin1       @ DW_AT_high_pc
	.byte	1                               @ DW_AT_frame_base
	.byte	93
                                        @ DW_AT_GNU_all_call_sites
	.long	.Linfo_string341                @ DW_AT_name
	.byte	6                               @ DW_AT_decl_file
	.byte	77                              @ DW_AT_decl_line
                                        @ DW_AT_prototyped
	.long	6522                            @ DW_AT_type
                                        @ DW_AT_external
	.byte	25                              @ Abbrev [25] 0x183c:0xf DW_TAG_formal_parameter
	.long	.Ldebug_loc0                    @ DW_AT_location
	.long	.Linfo_string348                @ DW_AT_name
	.byte	6                               @ DW_AT_decl_file
	.byte	77                              @ DW_AT_decl_line
	.long	6633                            @ DW_AT_type
	.byte	25                              @ Abbrev [25] 0x184b:0xf DW_TAG_formal_parameter
	.long	.Ldebug_loc1                    @ DW_AT_location
	.long	.Linfo_string351                @ DW_AT_name
	.byte	6                               @ DW_AT_decl_file
	.byte	77                              @ DW_AT_decl_line
	.long	6655                            @ DW_AT_type
	.byte	26                              @ Abbrev [26] 0x185a:0xb DW_TAG_variable
	.long	.Linfo_string353                @ DW_AT_name
	.byte	6                               @ DW_AT_decl_file
	.byte	84                              @ DW_AT_decl_line
	.long	6666                            @ DW_AT_type
	.byte	0                               @ End Of Children Mark
	.byte	24                              @ Abbrev [24] 0x1866:0x3d DW_TAG_subprogram
	.long	.Lfunc_begin2                   @ DW_AT_low_pc
	.long	.Lfunc_end2-.Lfunc_begin2       @ DW_AT_high_pc
	.byte	1                               @ DW_AT_frame_base
	.byte	93
                                        @ DW_AT_GNU_all_call_sites
	.long	.Linfo_string342                @ DW_AT_name
	.byte	6                               @ DW_AT_decl_file
	.byte	105                             @ DW_AT_decl_line
                                        @ DW_AT_prototyped
	.long	6522                            @ DW_AT_type
                                        @ DW_AT_external
	.byte	25                              @ Abbrev [25] 0x187b:0xf DW_TAG_formal_parameter
	.long	.Ldebug_loc2                    @ DW_AT_location
	.long	.Linfo_string348                @ DW_AT_name
	.byte	6                               @ DW_AT_decl_file
	.byte	105                             @ DW_AT_decl_line
	.long	6633                            @ DW_AT_type
	.byte	27                              @ Abbrev [27] 0x188a:0xd DW_TAG_formal_parameter
	.byte	1                               @ DW_AT_location
	.byte	81
	.long	.Linfo_string351                @ DW_AT_name
	.byte	6                               @ DW_AT_decl_file
	.byte	105                             @ DW_AT_decl_line
	.long	6678                            @ DW_AT_type
	.byte	26                              @ Abbrev [26] 0x1897:0xb DW_TAG_variable
	.long	.Linfo_string353                @ DW_AT_name
	.byte	6                               @ DW_AT_decl_file
	.byte	112                             @ DW_AT_decl_line
	.long	6666                            @ DW_AT_type
	.byte	0                               @ End Of Children Mark
	.byte	24                              @ Abbrev [24] 0x18a3:0x32 DW_TAG_subprogram
	.long	.Lfunc_begin3                   @ DW_AT_low_pc
	.long	.Lfunc_end3-.Lfunc_begin3       @ DW_AT_high_pc
	.byte	1                               @ DW_AT_frame_base
	.byte	93
                                        @ DW_AT_GNU_all_call_sites
	.long	.Linfo_string343                @ DW_AT_name
	.byte	6                               @ DW_AT_decl_file
	.byte	132                             @ DW_AT_decl_line
                                        @ DW_AT_prototyped
	.long	6522                            @ DW_AT_type
                                        @ DW_AT_external
	.byte	25                              @ Abbrev [25] 0x18b8:0xf DW_TAG_formal_parameter
	.long	.Ldebug_loc3                    @ DW_AT_location
	.long	.Linfo_string348                @ DW_AT_name
	.byte	6                               @ DW_AT_decl_file
	.byte	132                             @ DW_AT_decl_line
	.long	6633                            @ DW_AT_type
	.byte	27                              @ Abbrev [27] 0x18c7:0xd DW_TAG_formal_parameter
	.byte	1                               @ DW_AT_location
	.byte	81
	.long	.Linfo_string351                @ DW_AT_name
	.byte	6                               @ DW_AT_decl_file
	.byte	132                             @ DW_AT_decl_line
	.long	6683                            @ DW_AT_type
	.byte	0                               @ End Of Children Mark
	.byte	24                              @ Abbrev [24] 0x18d5:0x4e DW_TAG_subprogram
	.long	.Lfunc_begin4                   @ DW_AT_low_pc
	.long	.Lfunc_end4-.Lfunc_begin4       @ DW_AT_high_pc
	.byte	1                               @ DW_AT_frame_base
	.byte	93
                                        @ DW_AT_GNU_all_call_sites
	.long	.Linfo_string344                @ DW_AT_name
	.byte	6                               @ DW_AT_decl_file
	.byte	151                             @ DW_AT_decl_line
                                        @ DW_AT_prototyped
	.long	6522                            @ DW_AT_type
                                        @ DW_AT_external
	.byte	25                              @ Abbrev [25] 0x18ea:0xf DW_TAG_formal_parameter
	.long	.Ldebug_loc4                    @ DW_AT_location
	.long	.Linfo_string348                @ DW_AT_name
	.byte	6                               @ DW_AT_decl_file
	.byte	151                             @ DW_AT_decl_line
	.long	6633                            @ DW_AT_type
	.byte	25                              @ Abbrev [25] 0x18f9:0xf DW_TAG_formal_parameter
	.long	.Ldebug_loc5                    @ DW_AT_location
	.long	.Linfo_string355                @ DW_AT_name
	.byte	6                               @ DW_AT_decl_file
	.byte	151                             @ DW_AT_decl_line
	.long	6694                            @ DW_AT_type
	.byte	25                              @ Abbrev [25] 0x1908:0xf DW_TAG_formal_parameter
	.long	.Ldebug_loc6                    @ DW_AT_location
	.long	.Linfo_string357                @ DW_AT_name
	.byte	6                               @ DW_AT_decl_file
	.byte	151                             @ DW_AT_decl_line
	.long	6705                            @ DW_AT_type
	.byte	26                              @ Abbrev [26] 0x1917:0xb DW_TAG_variable
	.long	.Linfo_string353                @ DW_AT_name
	.byte	6                               @ DW_AT_decl_file
	.byte	158                             @ DW_AT_decl_line
	.long	6666                            @ DW_AT_type
	.byte	0                               @ End Of Children Mark
	.byte	24                              @ Abbrev [24] 0x1923:0x3f DW_TAG_subprogram
	.long	.Lfunc_begin5                   @ DW_AT_low_pc
	.long	.Lfunc_end5-.Lfunc_begin5       @ DW_AT_high_pc
	.byte	1                               @ DW_AT_frame_base
	.byte	93
                                        @ DW_AT_GNU_all_call_sites
	.long	.Linfo_string345                @ DW_AT_name
	.byte	6                               @ DW_AT_decl_file
	.byte	179                             @ DW_AT_decl_line
                                        @ DW_AT_prototyped
	.long	6522                            @ DW_AT_type
                                        @ DW_AT_external
	.byte	25                              @ Abbrev [25] 0x1938:0xf DW_TAG_formal_parameter
	.long	.Ldebug_loc7                    @ DW_AT_location
	.long	.Linfo_string348                @ DW_AT_name
	.byte	6                               @ DW_AT_decl_file
	.byte	179                             @ DW_AT_decl_line
	.long	6633                            @ DW_AT_type
	.byte	25                              @ Abbrev [25] 0x1947:0xf DW_TAG_formal_parameter
	.long	.Ldebug_loc8                    @ DW_AT_location
	.long	.Linfo_string359                @ DW_AT_name
	.byte	6                               @ DW_AT_decl_file
	.byte	179                             @ DW_AT_decl_line
	.long	6716                            @ DW_AT_type
	.byte	26                              @ Abbrev [26] 0x1956:0xb DW_TAG_variable
	.long	.Linfo_string353                @ DW_AT_name
	.byte	6                               @ DW_AT_decl_file
	.byte	186                             @ DW_AT_decl_line
	.long	6666                            @ DW_AT_type
	.byte	0                               @ End Of Children Mark
	.byte	28                              @ Abbrev [28] 0x1962:0x18 DW_TAG_subprogram
	.long	.Linfo_string337                @ DW_AT_name
	.byte	6                               @ DW_AT_decl_file
	.byte	26                              @ DW_AT_decl_line
                                        @ DW_AT_prototyped
	.long	6522                            @ DW_AT_type
	.byte	1                               @ DW_AT_inline
	.byte	26                              @ Abbrev [26] 0x196e:0xb DW_TAG_variable
	.long	.Linfo_string339                @ DW_AT_name
	.byte	6                               @ DW_AT_decl_file
	.byte	28                              @ DW_AT_decl_line
	.long	1016                            @ DW_AT_type
	.byte	0                               @ End Of Children Mark
	.byte	12                              @ Abbrev [12] 0x197a:0xb DW_TAG_typedef
	.long	38                              @ DW_AT_type
	.long	.Linfo_string338                @ DW_AT_name
	.byte	1                               @ DW_AT_decl_file
	.byte	161                             @ DW_AT_decl_line
	.byte	24                              @ Abbrev [24] 0x1985:0x3f DW_TAG_subprogram
	.long	.Lfunc_begin6                   @ DW_AT_low_pc
	.long	.Lfunc_end6-.Lfunc_begin6       @ DW_AT_high_pc
	.byte	1                               @ DW_AT_frame_base
	.byte	93
                                        @ DW_AT_GNU_all_call_sites
	.long	.Linfo_string346                @ DW_AT_name
	.byte	6                               @ DW_AT_decl_file
	.byte	205                             @ DW_AT_decl_line
                                        @ DW_AT_prototyped
	.long	6522                            @ DW_AT_type
                                        @ DW_AT_external
	.byte	25                              @ Abbrev [25] 0x199a:0xf DW_TAG_formal_parameter
	.long	.Ldebug_loc9                    @ DW_AT_location
	.long	.Linfo_string359                @ DW_AT_name
	.byte	6                               @ DW_AT_decl_file
	.byte	205                             @ DW_AT_decl_line
	.long	6716                            @ DW_AT_type
	.byte	29                              @ Abbrev [29] 0x19a9:0x1a DW_TAG_inlined_subroutine
	.long	6498                            @ DW_AT_abstract_origin
	.long	.Ltmp34                         @ DW_AT_low_pc
	.long	.Ltmp37-.Ltmp34                 @ DW_AT_high_pc
	.byte	6                               @ DW_AT_call_file
	.byte	218                             @ DW_AT_call_line
	.byte	18                              @ DW_AT_call_column
	.byte	30                              @ Abbrev [30] 0x19b9:0x9 DW_TAG_variable
	.long	.Ldebug_loc10                   @ DW_AT_location
	.long	6510                            @ DW_AT_abstract_origin
	.byte	0                               @ End Of Children Mark
	.byte	0                               @ End Of Children Mark
	.byte	24                              @ Abbrev [24] 0x19c4:0x25 DW_TAG_subprogram
	.long	.Lfunc_begin7                   @ DW_AT_low_pc
	.long	.Lfunc_end7-.Lfunc_begin7       @ DW_AT_high_pc
	.byte	1                               @ DW_AT_frame_base
	.byte	93
                                        @ DW_AT_GNU_all_call_sites
	.long	.Linfo_string347                @ DW_AT_name
	.byte	6                               @ DW_AT_decl_file
	.byte	236                             @ DW_AT_decl_line
                                        @ DW_AT_prototyped
	.long	6522                            @ DW_AT_type
                                        @ DW_AT_external
	.byte	25                              @ Abbrev [25] 0x19d9:0xf DW_TAG_formal_parameter
	.long	.Ldebug_loc11                   @ DW_AT_location
	.long	.Linfo_string359                @ DW_AT_name
	.byte	6                               @ DW_AT_decl_file
	.byte	236                             @ DW_AT_decl_line
	.long	6716                            @ DW_AT_type
	.byte	0                               @ End Of Children Mark
	.byte	12                              @ Abbrev [12] 0x19e9:0xb DW_TAG_typedef
	.long	6644                            @ DW_AT_type
	.long	.Linfo_string350                @ DW_AT_name
	.byte	2                               @ DW_AT_decl_file
	.byte	34                              @ DW_AT_decl_line
	.byte	12                              @ Abbrev [12] 0x19f4:0xb DW_TAG_typedef
	.long	83                              @ DW_AT_type
	.long	.Linfo_string349                @ DW_AT_name
	.byte	4                               @ DW_AT_decl_file
	.byte	62                              @ DW_AT_decl_line
	.byte	12                              @ Abbrev [12] 0x19ff:0xb DW_TAG_typedef
	.long	90                              @ DW_AT_type
	.long	.Linfo_string352                @ DW_AT_name
	.byte	2                               @ DW_AT_decl_file
	.byte	75                              @ DW_AT_decl_line
	.byte	20                              @ Abbrev [20] 0x1a0a:0xc DW_TAG_array_type
	.long	2489                            @ DW_AT_type
	.byte	21                              @ Abbrev [21] 0x1a0f:0x6 DW_TAG_subrange_type
	.long	6108                            @ DW_AT_type
	.byte	3                               @ DW_AT_count
	.byte	0                               @ End Of Children Mark
	.byte	5                               @ Abbrev [5] 0x1a16:0x5 DW_TAG_pointer_type
	.long	6655                            @ DW_AT_type
	.byte	12                              @ Abbrev [12] 0x1a1b:0xb DW_TAG_typedef
	.long	159                             @ DW_AT_type
	.long	.Linfo_string354                @ DW_AT_name
	.byte	2                               @ DW_AT_decl_file
	.byte	83                              @ DW_AT_decl_line
	.byte	12                              @ Abbrev [12] 0x1a26:0xb DW_TAG_typedef
	.long	174                             @ DW_AT_type
	.long	.Linfo_string356                @ DW_AT_name
	.byte	2                               @ DW_AT_decl_file
	.byte	58                              @ DW_AT_decl_line
	.byte	12                              @ Abbrev [12] 0x1a31:0xb DW_TAG_typedef
	.long	213                             @ DW_AT_type
	.long	.Linfo_string358                @ DW_AT_name
	.byte	2                               @ DW_AT_decl_file
	.byte	46                              @ DW_AT_decl_line
	.byte	4                               @ Abbrev [4] 0x1a3c:0x7 DW_TAG_base_type
	.long	.Linfo_string360                @ DW_AT_name
	.byte	2                               @ DW_AT_encoding
	.byte	1                               @ DW_AT_byte_size
	.byte	0                               @ End Of Children Mark
.Ldebug_info_end0:
	.section	.debug_ranges,"",%progbits
.Ldebug_ranges0:
	.long	.Lfunc_begin0
	.long	.Lfunc_end0
	.long	.Lfunc_begin1
	.long	.Lfunc_end1
	.long	.Lfunc_begin2
	.long	.Lfunc_end2
	.long	.Lfunc_begin3
	.long	.Lfunc_end3
	.long	.Lfunc_begin4
	.long	.Lfunc_end4
	.long	.Lfunc_begin5
	.long	.Lfunc_end5
	.long	.Lfunc_begin6
	.long	.Lfunc_end6
	.long	.Lfunc_begin7
	.long	.Lfunc_end7
	.long	0
	.long	0
	.section	.debug_str,"MS",%progbits,1
.Linfo_string0:
	.asciz	"Component: Arm Compiler for Embedded 6.21 Tool: armclang [5ec1fd00]" @ string offset=0
.Linfo_string1:
	.asciz	"../07_TCPL04B_MCAL\\tcpl04x_ll_led.c" @ string offset=68
.Linfo_string2:
	.asciz	"C:\\baidunetdiskdownload\\\346\263\260\347\237\275\345\276\256\\\346\260\233\345\233\264\347\201\257\\TCPL0X_AUTO_SDK_V2.0.0\\TCPL0X_AUTO_SDK_V2.0.0\\examples\\tcpl04x\\demo_apps\\tcpl04b_swsc_lean\\MDK" @ string offset=104
.Linfo_string3:
	.asciz	"unsigned char"                 @ string offset=243
.Linfo_string4:
	.asciz	"LL_OK"                         @ string offset=257
.Linfo_string5:
	.asciz	"LL_ERROR"                      @ string offset=263
.Linfo_string6:
	.asciz	"LL_BUSY"                       @ string offset=272
.Linfo_string7:
	.asciz	"LL_TIMEOUT"                    @ string offset=280
.Linfo_string8:
	.asciz	"LL_COMM_ERROR"                 @ string offset=291
.Linfo_string9:
	.asciz	"LL_PARAM_INVALID"              @ string offset=305
.Linfo_string10:
	.asciz	"LED_DRIVER_5MA"                @ string offset=322
.Linfo_string11:
	.asciz	"LED_DRIVER_10MA"               @ string offset=337
.Linfo_string12:
	.asciz	"LED_DRIVER_15MA"               @ string offset=353
.Linfo_string13:
	.asciz	"LED_DRIVER_20MA"               @ string offset=369
.Linfo_string14:
	.asciz	"LED_DRIVER_25MA"               @ string offset=385
.Linfo_string15:
	.asciz	"LED_DRIVER_30MA"               @ string offset=401
.Linfo_string16:
	.asciz	"LED_DRIVER_35MA"               @ string offset=417
.Linfo_string17:
	.asciz	"LED_DRIVER_40MA"               @ string offset=433
.Linfo_string18:
	.asciz	"LED_DRIVER_45MA"               @ string offset=449
.Linfo_string19:
	.asciz	"LED_DRIVER_MAX"                @ string offset=465
.Linfo_string20:
	.asciz	"LED_DIAG_MAX"                  @ string offset=480
.Linfo_string21:
	.asciz	"LED_RISE_SR_TIME_116NS"        @ string offset=493
.Linfo_string22:
	.asciz	"LED_RISE_SR_TIME_200NS"        @ string offset=516
.Linfo_string23:
	.asciz	"LED_RISE_SR_TIME_400NS"        @ string offset=539
.Linfo_string24:
	.asciz	"LED_RISE_SR_TIME_630NS"        @ string offset=562
.Linfo_string25:
	.asciz	"LED_RISE_SR_TIME_MAX"          @ string offset=585
.Linfo_string26:
	.asciz	"LED_FALL_SR_TIME_81NS"         @ string offset=606
.Linfo_string27:
	.asciz	"LED_FALL_SR_TIME_200NS"        @ string offset=628
.Linfo_string28:
	.asciz	"LED_FALL_SR_TIME_400NS"        @ string offset=651
.Linfo_string29:
	.asciz	"LED_FALL_SR_TIME_660NS"        @ string offset=674
.Linfo_string30:
	.asciz	"LED_FALL_SR_TIME_MAX"          @ string offset=697
.Linfo_string31:
	.asciz	"PWM_CHANNEL_0"                 @ string offset=718
.Linfo_string32:
	.asciz	"PWM_CHANNEL_1"                 @ string offset=732
.Linfo_string33:
	.asciz	"PWM_CHANNEL_2"                 @ string offset=746
.Linfo_string34:
	.asciz	"PWM_CHANNEL_3"                 @ string offset=760
.Linfo_string35:
	.asciz	"PWM_CHANNEL_MAX"               @ string offset=774
.Linfo_string36:
	.asciz	"FIFO_DATA"                     @ string offset=790
.Linfo_string37:
	.asciz	"unsigned int"                  @ string offset=800
.Linfo_string38:
	.asciz	"uint32_t"                      @ string offset=813
.Linfo_string39:
	.asciz	"FIFO_DATA_F"                   @ string offset=822
.Linfo_string40:
	.asciz	"FIFO_RDATA"                    @ string offset=834
.Linfo_string41:
	.asciz	"ADC_FIFO_DATA_FIELD_T"         @ string offset=845
.Linfo_string42:
	.asciz	"FIFO_STATE"                    @ string offset=867
.Linfo_string43:
	.asciz	"FIFO_STATE_F"                  @ string offset=878
.Linfo_string44:
	.asciz	"ENTRY_VALID"                   @ string offset=891
.Linfo_string45:
	.asciz	"RESERVED0"                     @ string offset=903
.Linfo_string46:
	.asciz	"ADC_FIFO_STATE_FIELD_T"        @ string offset=913
.Linfo_string47:
	.asciz	"IMR"                           @ string offset=936
.Linfo_string48:
	.asciz	"IMR_F"                         @ string offset=940
.Linfo_string49:
	.asciz	"ADC_IMR_FIELD_T"               @ string offset=946
.Linfo_string50:
	.asciz	"ICR"                           @ string offset=962
.Linfo_string51:
	.asciz	"ICR_F"                         @ string offset=966
.Linfo_string52:
	.asciz	"ADC_ICR_FIELD_T"               @ string offset=972
.Linfo_string53:
	.asciz	"ISR"                           @ string offset=988
.Linfo_string54:
	.asciz	"ISR_F"                         @ string offset=992
.Linfo_string55:
	.asciz	"ADC_ISR_FIELD_T"               @ string offset=998
.Linfo_string56:
	.asciz	"IRSR"                          @ string offset=1014
.Linfo_string57:
	.asciz	"IRSR_F"                        @ string offset=1019
.Linfo_string58:
	.asciz	"ADC_IRSR_FIELD_T"              @ string offset=1026
.Linfo_string59:
	.asciz	"CTRL0"                         @ string offset=1043
.Linfo_string60:
	.asciz	"CTRL0_F"                       @ string offset=1049
.Linfo_string61:
	.asciz	"SW_START"                      @ string offset=1057
.Linfo_string62:
	.asciz	"SW_ADC_EN"                     @ string offset=1066
.Linfo_string63:
	.asciz	"AUTO_ADC_EN"                   @ string offset=1076
.Linfo_string64:
	.asciz	"I_SEL"                         @ string offset=1088
.Linfo_string65:
	.asciz	"RESERVED3"                     @ string offset=1094
.Linfo_string66:
	.asciz	"VREFBUF_EN"                    @ string offset=1104
.Linfo_string67:
	.asciz	"VCM_SEL"                       @ string offset=1115
.Linfo_string68:
	.asciz	"IRQ_MODE"                      @ string offset=1123
.Linfo_string69:
	.asciz	"RESERVED2"                     @ string offset=1132
.Linfo_string70:
	.asciz	"FIFO_THRHLD"                   @ string offset=1142
.Linfo_string71:
	.asciz	"RESERVED1"                     @ string offset=1154
.Linfo_string72:
	.asciz	"TRIG_EN"                       @ string offset=1164
.Linfo_string73:
	.asciz	"VCR_EN"                        @ string offset=1172
.Linfo_string74:
	.asciz	"VCR_SEL"                       @ string offset=1179
.Linfo_string75:
	.asciz	"ADC_CTRL0_FIELD_T"             @ string offset=1187
.Linfo_string76:
	.asciz	"CTRL1"                         @ string offset=1205
.Linfo_string77:
	.asciz	"CTRL1_F"                       @ string offset=1211
.Linfo_string78:
	.asciz	"IN_SEL"                        @ string offset=1219
.Linfo_string79:
	.asciz	"PGA_BP"                        @ string offset=1226
.Linfo_string80:
	.asciz	"BUFN_BP"                       @ string offset=1233
.Linfo_string81:
	.asciz	"BUFP_BP"                       @ string offset=1241
.Linfo_string82:
	.asciz	"PGA_GAIN_SEL"                  @ string offset=1249
.Linfo_string83:
	.asciz	"VREF_SEL"                      @ string offset=1262
.Linfo_string84:
	.asciz	"SCAN_CHNL_NUM"                 @ string offset=1271
.Linfo_string85:
	.asciz	"CHNL_SAMP_NUM"                 @ string offset=1285
.Linfo_string86:
	.asciz	"SW_CONT_MODE"                  @ string offset=1299
.Linfo_string87:
	.asciz	"DIV_EN"                        @ string offset=1312
.Linfo_string88:
	.asciz	"PGA_EN"                        @ string offset=1319
.Linfo_string89:
	.asciz	"BUFN_EN"                       @ string offset=1326
.Linfo_string90:
	.asciz	"BUFP_EN"                       @ string offset=1334
.Linfo_string91:
	.asciz	"INT0_SNS_EN"                   @ string offset=1342
.Linfo_string92:
	.asciz	"INT1_SNS_EN"                   @ string offset=1354
.Linfo_string93:
	.asciz	"ADC_RESERVE"                   @ string offset=1366
.Linfo_string94:
	.asciz	"ADC_CTRL1_FIELD_T"             @ string offset=1378
.Linfo_string95:
	.asciz	"CTRL2"                         @ string offset=1396
.Linfo_string96:
	.asciz	"CTRL2_F"                       @ string offset=1402
.Linfo_string97:
	.asciz	"INIT_CYCLE"                    @ string offset=1410
.Linfo_string98:
	.asciz	"SAMP_CYCLE"                    @ string offset=1421
.Linfo_string99:
	.asciz	"ADC_CTRL2_FIELD_T"             @ string offset=1432
.Linfo_string100:
	.asciz	"CTRL3"                         @ string offset=1450
.Linfo_string101:
	.asciz	"CTRL3_F"                       @ string offset=1456
.Linfo_string102:
	.asciz	"CMP_BOTTOM"                    @ string offset=1464
.Linfo_string103:
	.asciz	"CMP_CEILING"                   @ string offset=1475
.Linfo_string104:
	.asciz	"ADC_CTRL3_FIELD_T"             @ string offset=1487
.Linfo_string105:
	.asciz	"CTRL_SCAN01"                   @ string offset=1505
.Linfo_string106:
	.asciz	"CTRL_SCAN01_F"                 @ string offset=1517
.Linfo_string107:
	.asciz	"SCAN_CHNL_0"                   @ string offset=1531
.Linfo_string108:
	.asciz	"SCAN_CHNL_1"                   @ string offset=1543
.Linfo_string109:
	.asciz	"ADC_CTRL_SCAN01_FIELD_T"       @ string offset=1555
.Linfo_string110:
	.asciz	"CTRL_SCAN23"                   @ string offset=1579
.Linfo_string111:
	.asciz	"CTRL_SCAN23_F"                 @ string offset=1591
.Linfo_string112:
	.asciz	"SCAN_CHNL_2"                   @ string offset=1605
.Linfo_string113:
	.asciz	"SCAN_CHNL_3"                   @ string offset=1617
.Linfo_string114:
	.asciz	"ADC_CTRL_SCAN23_FIELD_T"       @ string offset=1629
.Linfo_string115:
	.asciz	"CTRL_SCAN45"                   @ string offset=1653
.Linfo_string116:
	.asciz	"CTRL_SCAN45_F"                 @ string offset=1665
.Linfo_string117:
	.asciz	"SCAN_CHNL_4"                   @ string offset=1679
.Linfo_string118:
	.asciz	"SCAN_CHNL_5"                   @ string offset=1691
.Linfo_string119:
	.asciz	"ADC_CTRL_SCAN45_FIELD_T"       @ string offset=1703
.Linfo_string120:
	.asciz	"CTRL_SCAN67"                   @ string offset=1727
.Linfo_string121:
	.asciz	"CTRL_SCAN67_F"                 @ string offset=1739
.Linfo_string122:
	.asciz	"SCAN_CHNL_6"                   @ string offset=1753
.Linfo_string123:
	.asciz	"SCAN_CHNL_7"                   @ string offset=1765
.Linfo_string124:
	.asciz	"ADC_CTRL_SCAN67_FIELD_T"       @ string offset=1777
.Linfo_string125:
	.asciz	"ADC_OUT"                       @ string offset=1801
.Linfo_string126:
	.asciz	"ADC_OUT_F"                     @ string offset=1809
.Linfo_string127:
	.asciz	"ADC_READY_ERR"                 @ string offset=1819
.Linfo_string128:
	.asciz	"RAW_OUT17"                     @ string offset=1833
.Linfo_string129:
	.asciz	"ADC_ADC_OUT_FIELD_T"           @ string offset=1843
.Linfo_string130:
	.asciz	"CHNL_STATUS"                   @ string offset=1863
.Linfo_string131:
	.asciz	"CHNL_STATUS_F"                 @ string offset=1875
.Linfo_string132:
	.asciz	"ADC_BUSY"                      @ string offset=1889
.Linfo_string133:
	.asciz	"IRQ_COMP_STATUS"               @ string offset=1898
.Linfo_string134:
	.asciz	"ADC_CHNL_STATUS_FIELD_T"       @ string offset=1914
.Linfo_string135:
	.asciz	"CTRL_ANA"                      @ string offset=1938
.Linfo_string136:
	.asciz	"CTRL_ANA_F"                    @ string offset=1947
.Linfo_string137:
	.asciz	"ADC_CTRL"                      @ string offset=1958
.Linfo_string138:
	.asciz	"ADC_CTRL_ANA_FIELD_T"          @ string offset=1967
.Linfo_string139:
	.asciz	"ADC_REG_TypeDef"               @ string offset=1988
.Linfo_string140:
	.asciz	"led_lc_diag_en"                @ string offset=2004
.Linfo_string141:
	.asciz	"led_lc_dispu_en"               @ string offset=2019
.Linfo_string142:
	.asciz	"reserved1"                     @ string offset=2035
.Linfo_string143:
	.asciz	"led_lc_iout_sel"               @ string offset=2045
.Linfo_string144:
	.asciz	"led_lc_sel_tr"                 @ string offset=2061
.Linfo_string145:
	.asciz	"led_lc_sel_tf"                 @ string offset=2075
.Linfo_string146:
	.asciz	"reserved0"                     @ string offset=2089
.Linfo_string147:
	.asciz	"reg"                           @ string offset=2099
.Linfo_string148:
	.asciz	"pwm_led_lc_ctrl_reg_t"         @ string offset=2103
.Linfo_string149:
	.asciz	"CTRL"                          @ string offset=2125
.Linfo_string150:
	.asciz	"CTRL_F"                        @ string offset=2130
.Linfo_string151:
	.asciz	"SYNC_EN"                       @ string offset=2137
.Linfo_string152:
	.asciz	"PWM_SW_EN"                     @ string offset=2145
.Linfo_string153:
	.asciz	"AUTO_LD_EN"                    @ string offset=2155
.Linfo_string154:
	.asciz	"RESERVED4"                     @ string offset=2166
.Linfo_string155:
	.asciz	"LD_TRIG"                       @ string offset=2176
.Linfo_string156:
	.asciz	"BRK_EN"                        @ string offset=2184
.Linfo_string157:
	.asciz	"CH_SYNC_EN"                    @ string offset=2191
.Linfo_string158:
	.asciz	"CH_SYNC_SEL"                   @ string offset=2202
.Linfo_string159:
	.asciz	"PWM_STP"                       @ string offset=2214
.Linfo_string160:
	.asciz	"PWM_CTRL_FIELD_T"              @ string offset=2222
.Linfo_string161:
	.asciz	"CNT_CTRL"                      @ string offset=2239
.Linfo_string162:
	.asciz	"CNT_CTRL_F"                    @ string offset=2248
.Linfo_string163:
	.asciz	"CNT0_EN"                       @ string offset=2259
.Linfo_string164:
	.asciz	"CNT1_EN"                       @ string offset=2267
.Linfo_string165:
	.asciz	"CNT0_MODE"                     @ string offset=2275
.Linfo_string166:
	.asciz	"CNT1_MODE"                     @ string offset=2285
.Linfo_string167:
	.asciz	"CNT0_ONE_SHOT_EN"              @ string offset=2295
.Linfo_string168:
	.asciz	"CNT1_ONE_SHOT_EN"              @ string offset=2312
.Linfo_string169:
	.asciz	"CNT0_ONE_SHOT_TRIG"            @ string offset=2329
.Linfo_string170:
	.asciz	"CNT1_ONE_SHOT_TRIG"            @ string offset=2348
.Linfo_string171:
	.asciz	"CNT0_EN_MODE"                  @ string offset=2367
.Linfo_string172:
	.asciz	"CNT1_EN_MODE"                  @ string offset=2380
.Linfo_string173:
	.asciz	"PWM_CNT_CTRL_FIELD_T"          @ string offset=2393
.Linfo_string174:
	.asciz	"CNT_CFG"                       @ string offset=2414
.Linfo_string175:
	.asciz	"CNT_CFG_F"                     @ string offset=2422
.Linfo_string176:
	.asciz	"PERIOD0"                       @ string offset=2432
.Linfo_string177:
	.asciz	"PERIOD1"                       @ string offset=2440
.Linfo_string178:
	.asciz	"PWM_CNT_CFG_FIELD_T"           @ string offset=2448
.Linfo_string179:
	.asciz	"CH_CTRL"                       @ string offset=2468
.Linfo_string180:
	.asciz	"CH_CTRL_F"                     @ string offset=2476
.Linfo_string181:
	.asciz	"CH0_EN"                        @ string offset=2486
.Linfo_string182:
	.asciz	"CH1_EN"                        @ string offset=2493
.Linfo_string183:
	.asciz	"CH2_EN"                        @ string offset=2500
.Linfo_string184:
	.asciz	"CH3_EN"                        @ string offset=2507
.Linfo_string185:
	.asciz	"CH0_PTY"                       @ string offset=2514
.Linfo_string186:
	.asciz	"CH1_PTY"                       @ string offset=2522
.Linfo_string187:
	.asciz	"CH2_PTY"                       @ string offset=2530
.Linfo_string188:
	.asciz	"CH3_PTY"                       @ string offset=2538
.Linfo_string189:
	.asciz	"CH0_MODE"                      @ string offset=2546
.Linfo_string190:
	.asciz	"CH1_MODE"                      @ string offset=2555
.Linfo_string191:
	.asciz	"CH2_MODE"                      @ string offset=2564
.Linfo_string192:
	.asciz	"CH3_MODE"                      @ string offset=2573
.Linfo_string193:
	.asciz	"CH0_CNT_SEL"                   @ string offset=2582
.Linfo_string194:
	.asciz	"CH1_CNT_SEL"                   @ string offset=2594
.Linfo_string195:
	.asciz	"CH2_CNT_SEL"                   @ string offset=2606
.Linfo_string196:
	.asciz	"CH3_CNT_SEL"                   @ string offset=2618
.Linfo_string197:
	.asciz	"PWM_CH_CTRL_FIELD_T"           @ string offset=2630
.Linfo_string198:
	.asciz	"CH0_PWM_CFG"                   @ string offset=2650
.Linfo_string199:
	.asciz	"CH0_PWM_CFG_F"                 @ string offset=2662
.Linfo_string200:
	.asciz	"LT0"                           @ string offset=2676
.Linfo_string201:
	.asciz	"HT0"                           @ string offset=2680
.Linfo_string202:
	.asciz	"PWM_CH0_PWM_CFG_FIELD_T"       @ string offset=2684
.Linfo_string203:
	.asciz	"CH1_PWM_CFG"                   @ string offset=2708
.Linfo_string204:
	.asciz	"CH1_PWM_CFG_F"                 @ string offset=2720
.Linfo_string205:
	.asciz	"LT1"                           @ string offset=2734
.Linfo_string206:
	.asciz	"HT1"                           @ string offset=2738
.Linfo_string207:
	.asciz	"PWM_CH1_PWM_CFG_FIELD_T"       @ string offset=2742
.Linfo_string208:
	.asciz	"CH2_PWM_CFG"                   @ string offset=2766
.Linfo_string209:
	.asciz	"CH2_PWM_CFG_F"                 @ string offset=2778
.Linfo_string210:
	.asciz	"LT2"                           @ string offset=2792
.Linfo_string211:
	.asciz	"HT2"                           @ string offset=2796
.Linfo_string212:
	.asciz	"PWM_CH2_PWM_CFG_FIELD_T"       @ string offset=2800
.Linfo_string213:
	.asciz	"CH3_PWM_CFG"                   @ string offset=2824
.Linfo_string214:
	.asciz	"CH3_PWM_CFG_F"                 @ string offset=2836
.Linfo_string215:
	.asciz	"LT3"                           @ string offset=2850
.Linfo_string216:
	.asciz	"HT3"                           @ string offset=2854
.Linfo_string217:
	.asciz	"PWM_CH3_PWM_CFG_FIELD_T"       @ string offset=2858
.Linfo_string218:
	.asciz	"CNT_VAL"                       @ string offset=2882
.Linfo_string219:
	.asciz	"CNT_VAL_F"                     @ string offset=2890
.Linfo_string220:
	.asciz	"CNT0_VAL"                      @ string offset=2900
.Linfo_string221:
	.asciz	"CNT1_VAL"                      @ string offset=2909
.Linfo_string222:
	.asciz	"PWM_CNT_VAL_FIELD_T"           @ string offset=2918
.Linfo_string223:
	.asciz	"STATUS"                        @ string offset=2938
.Linfo_string224:
	.asciz	"STATUS_F"                      @ string offset=2945
.Linfo_string225:
	.asciz	"BRK_IN_VAL"                    @ string offset=2954
.Linfo_string226:
	.asciz	"CH0_OUT"                       @ string offset=2965
.Linfo_string227:
	.asciz	"CH1_OUT"                       @ string offset=2973
.Linfo_string228:
	.asciz	"CH2_OUT"                       @ string offset=2981
.Linfo_string229:
	.asciz	"CH3_OUT"                       @ string offset=2989
.Linfo_string230:
	.asciz	"LDO5V_OCP"                     @ string offset=2997
.Linfo_string231:
	.asciz	"PWM_STATUS_FIELD_T"            @ string offset=3007
.Linfo_string232:
	.asciz	"BRK_INT_MSK"                   @ string offset=3026
.Linfo_string233:
	.asciz	"CNT0_OVF_INT_MSK"              @ string offset=3038
.Linfo_string234:
	.asciz	"CNT0_UDF_INT_MSK"              @ string offset=3055
.Linfo_string235:
	.asciz	"CNT1_OVF_INT_MSK"              @ string offset=3072
.Linfo_string236:
	.asciz	"CNT1_UDF_INT_MSK"              @ string offset=3089
.Linfo_string237:
	.asciz	"CH0_PWM_SET_INT_MSK"           @ string offset=3106
.Linfo_string238:
	.asciz	"CH0_PWM_CLR_INT_MSK"           @ string offset=3126
.Linfo_string239:
	.asciz	"CH1_PWM_SET_INT_MSK"           @ string offset=3146
.Linfo_string240:
	.asciz	"CH1_PWM_CLR_INT_MSK"           @ string offset=3166
.Linfo_string241:
	.asciz	"CH2_PWM_SET_INT_MSK"           @ string offset=3186
.Linfo_string242:
	.asciz	"CH2_PWM_CLR_INT_MSK"           @ string offset=3206
.Linfo_string243:
	.asciz	"CH3_PWM_SET_INT_MSK"           @ string offset=3226
.Linfo_string244:
	.asciz	"CH3_PWM_CLR_INT_MSK"           @ string offset=3246
.Linfo_string245:
	.asciz	"LDO5V_RDY_INT_MSK"             @ string offset=3266
.Linfo_string246:
	.asciz	"LDO5V_OCP_RE_INT_MSK"          @ string offset=3284
.Linfo_string247:
	.asciz	"LDO5V_OCP_FE_INT_MSK"          @ string offset=3305
.Linfo_string248:
	.asciz	"PWM_IMR_FIELD_T"               @ string offset=3326
.Linfo_string249:
	.asciz	"BRK_INT_CLR"                   @ string offset=3342
.Linfo_string250:
	.asciz	"CNT0_OVF_INT_CLR"              @ string offset=3354
.Linfo_string251:
	.asciz	"CNT0_UDF_INT_CLR"              @ string offset=3371
.Linfo_string252:
	.asciz	"CNT1_OVF_INT_CLR"              @ string offset=3388
.Linfo_string253:
	.asciz	"CNT1_UDF_INT_CLR"              @ string offset=3405
.Linfo_string254:
	.asciz	"CH0_PWM_SET_INT_CLR"           @ string offset=3422
.Linfo_string255:
	.asciz	"CH0_PWM_CLR_INT_CLR"           @ string offset=3442
.Linfo_string256:
	.asciz	"CH1_PWM_SET_INT_CLR"           @ string offset=3462
.Linfo_string257:
	.asciz	"CH1_PWM_CLR_INT_CLR"           @ string offset=3482
.Linfo_string258:
	.asciz	"CH2_PWM_SET_INT_CLR"           @ string offset=3502
.Linfo_string259:
	.asciz	"CH2_PWM_CLR_INT_CLR"           @ string offset=3522
.Linfo_string260:
	.asciz	"CH3_PWM_SET_INT_CLR"           @ string offset=3542
.Linfo_string261:
	.asciz	"CH3_PWM_CLR_INT_CLR"           @ string offset=3562
.Linfo_string262:
	.asciz	"LDO5V_RDY_INT_CLR"             @ string offset=3582
.Linfo_string263:
	.asciz	"LDO5V_OCP_RE_INT_CLR"          @ string offset=3600
.Linfo_string264:
	.asciz	"LDO5V_OCP_FE_INT_CLR"          @ string offset=3621
.Linfo_string265:
	.asciz	"PWM_ICR_FIELD_T"               @ string offset=3642
.Linfo_string266:
	.asciz	"BRK_INT_STATUS"                @ string offset=3658
.Linfo_string267:
	.asciz	"CNT0_OVF_INT_STATUS"           @ string offset=3673
.Linfo_string268:
	.asciz	"CNT0_UDF_INT_STATUS"           @ string offset=3693
.Linfo_string269:
	.asciz	"CNT1_OVF_INT_STATUS"           @ string offset=3713
.Linfo_string270:
	.asciz	"CNT1_UDF_INT_STATUS"           @ string offset=3733
.Linfo_string271:
	.asciz	"CH0_PWM_SET_INT_STATUS"        @ string offset=3753
.Linfo_string272:
	.asciz	"CH0_PWM_CLR_INT_STATUS"        @ string offset=3776
.Linfo_string273:
	.asciz	"CH1_PWM_SET_INT_STATUS"        @ string offset=3799
.Linfo_string274:
	.asciz	"CH1_PWM_CLR_INT_STATUS"        @ string offset=3822
.Linfo_string275:
	.asciz	"CH2_PWM_SET_INT_STATUS"        @ string offset=3845
.Linfo_string276:
	.asciz	"CH2_PWM_CLR_INT_STATUS"        @ string offset=3868
.Linfo_string277:
	.asciz	"CH3_PWM_SET_INT_STATUS"        @ string offset=3891
.Linfo_string278:
	.asciz	"CH3_PWM_CLR_INT_STATUS"        @ string offset=3914
.Linfo_string279:
	.asciz	"LDO5V_RDY_INT_STATUS"          @ string offset=3937
.Linfo_string280:
	.asciz	"LDO5V_OCP_RE_INT_STATUS"       @ string offset=3958
.Linfo_string281:
	.asciz	"LDO5V_OCP_FE_INT_STATUS"       @ string offset=3982
.Linfo_string282:
	.asciz	"PWM_ISR_FIELD_T"               @ string offset=4006
.Linfo_string283:
	.asciz	"BRK_INT_RAW_STATUS"            @ string offset=4022
.Linfo_string284:
	.asciz	"CNT0_OVF_INT_RAW_STATUS"       @ string offset=4041
.Linfo_string285:
	.asciz	"CNT0_UDF_INT_RAW_STATUS"       @ string offset=4065
.Linfo_string286:
	.asciz	"CNT1_OVF_INT_RAW_STATUS"       @ string offset=4089
.Linfo_string287:
	.asciz	"CNT1_UDF_INT_RAW_STATUS"       @ string offset=4113
.Linfo_string288:
	.asciz	"CH0_PWM_SET_INT_RAW_STATUS"    @ string offset=4137
.Linfo_string289:
	.asciz	"CH0_PWM_CLR_INT_RAW_STATUS"    @ string offset=4164
.Linfo_string290:
	.asciz	"CH1_PWM_SET_INT_RAW_STATUS"    @ string offset=4191
.Linfo_string291:
	.asciz	"CH1_PWM_CLR_INT_RAW_STATUS"    @ string offset=4218
.Linfo_string292:
	.asciz	"CH2_PWM_SET_INT_RAW_STATUS"    @ string offset=4245
.Linfo_string293:
	.asciz	"CH2_PWM_CLR_INT_RAW_STATUS"    @ string offset=4272
.Linfo_string294:
	.asciz	"CH3_PWM_SET_INT_RAW_STATUS"    @ string offset=4299
.Linfo_string295:
	.asciz	"CH3_PWM_CLR_INT_RAW_STATUS"    @ string offset=4326
.Linfo_string296:
	.asciz	"LDO5V_RDY_INT_RAW_STATUS"      @ string offset=4353
.Linfo_string297:
	.asciz	"LDO5V_OCP_RE_INT_RAW_STATUS"   @ string offset=4378
.Linfo_string298:
	.asciz	"LDO5V_OCP_FE_INT_RAW_STATUS"   @ string offset=4406
.Linfo_string299:
	.asciz	"PWM_IRSR_FIELD_T"              @ string offset=4434
.Linfo_string300:
	.asciz	"LED_CTRL"                      @ string offset=4451
.Linfo_string301:
	.asciz	"LED_CTRL_F"                    @ string offset=4460
.Linfo_string302:
	.asciz	"LED_EN"                        @ string offset=4471
.Linfo_string303:
	.asciz	"LED_LDO5V_EN"                  @ string offset=4478
.Linfo_string304:
	.asciz	"LED_LDO5V_OUT_SEL"             @ string offset=4491
.Linfo_string305:
	.asciz	"LED_RESERVE"                   @ string offset=4509
.Linfo_string306:
	.asciz	"LED_LDO_RDY"                   @ string offset=4521
.Linfo_string307:
	.asciz	"PWM_LED_CTRL_FIELD_T"          @ string offset=4533
.Linfo_string308:
	.asciz	"LED_LC0_CTRL"                  @ string offset=4554
.Linfo_string309:
	.asciz	"LED_LC0_CTRL_F"                @ string offset=4567
.Linfo_string310:
	.asciz	"LED_LC0_DIAG_EN"               @ string offset=4582
.Linfo_string311:
	.asciz	"LED_LC0_DISPU_EN"              @ string offset=4598
.Linfo_string312:
	.asciz	"LED_LC0_IOUT_SEL"              @ string offset=4615
.Linfo_string313:
	.asciz	"LED_LC0_SEL_TR"                @ string offset=4632
.Linfo_string314:
	.asciz	"LED_LC0_SEL_TF"                @ string offset=4647
.Linfo_string315:
	.asciz	"PWM_LED_LC0_CTRL_FIELD_T"      @ string offset=4662
.Linfo_string316:
	.asciz	"LED_LC1_CTRL"                  @ string offset=4687
.Linfo_string317:
	.asciz	"LED_LC1_CTRL_F"                @ string offset=4700
.Linfo_string318:
	.asciz	"LED_LC1_DIAG_EN"               @ string offset=4715
.Linfo_string319:
	.asciz	"LED_LC1_DISPU_EN"              @ string offset=4731
.Linfo_string320:
	.asciz	"LED_LC1_IOUT_SEL"              @ string offset=4748
.Linfo_string321:
	.asciz	"LED_LC1_SEL_TR"                @ string offset=4765
.Linfo_string322:
	.asciz	"LED_LC1_SEL_TF"                @ string offset=4780
.Linfo_string323:
	.asciz	"PWM_LED_LC1_CTRL_FIELD_T"      @ string offset=4795
.Linfo_string324:
	.asciz	"LED_LC2_CTRL"                  @ string offset=4820
.Linfo_string325:
	.asciz	"LED_LC2_CTRL_F"                @ string offset=4833
.Linfo_string326:
	.asciz	"LED_LC2_DIAG_EN"               @ string offset=4848
.Linfo_string327:
	.asciz	"LED_LC2_DISPU_EN"              @ string offset=4864
.Linfo_string328:
	.asciz	"LED_LC2_IOUT_SEL"              @ string offset=4881
.Linfo_string329:
	.asciz	"LED_LC2_SEL_TR"                @ string offset=4898
.Linfo_string330:
	.asciz	"LED_LC2_SEL_TF"                @ string offset=4913
.Linfo_string331:
	.asciz	"PWM_LED_LC2_CTRL_FIELD_T"      @ string offset=4928
.Linfo_string332:
	.asciz	"__ARRAY_SIZE_TYPE__"           @ string offset=4953
.Linfo_string333:
	.asciz	"WR_LOCK"                       @ string offset=4973
.Linfo_string334:
	.asciz	"WR_LOCK_F"                     @ string offset=4981
.Linfo_string335:
	.asciz	"PWM_WR_LOCK_FIELD_T"           @ string offset=4991
.Linfo_string336:
	.asciz	"PWM_REG_TypeDef"               @ string offset=5011
.Linfo_string337:
	.asciz	"ll_led_ldo_ready_wait"         @ string offset=5027
.Linfo_string338:
	.asciz	"ll_status_e"                   @ string offset=5049
.Linfo_string339:
	.asciz	"timeout"                       @ string offset=5061
.Linfo_string340:
	.asciz	"ll_led_init"                   @ string offset=5069
.Linfo_string341:
	.asciz	"ll_led_driver_current_config"  @ string offset=5081
.Linfo_string342:
	.asciz	"ll_led_driver_current_get"     @ string offset=5110
.Linfo_string343:
	.asciz	"ll_led_diag_current_config"    @ string offset=5136
.Linfo_string344:
	.asciz	"ll_led_fall_rise_time_set"     @ string offset=5163
.Linfo_string345:
	.asciz	"ll_led_diagnose_enable"        @ string offset=5189
.Linfo_string346:
	.asciz	"ll_led_enable"                 @ string offset=5212
.Linfo_string347:
	.asciz	"ll_led_break_set"              @ string offset=5226
.Linfo_string348:
	.asciz	"channel"                       @ string offset=5243
.Linfo_string349:
	.asciz	"uint8_t"                       @ string offset=5251
.Linfo_string350:
	.asciz	"ll_led_channel_e"              @ string offset=5259
.Linfo_string351:
	.asciz	"current"                       @ string offset=5276
.Linfo_string352:
	.asciz	"ll_led_driver_current_e"       @ string offset=5284
.Linfo_string353:
	.asciz	"regs"                          @ string offset=5308
.Linfo_string354:
	.asciz	"led_diag_current_e"            @ string offset=5313
.Linfo_string355:
	.asciz	"rise_time"                     @ string offset=5332
.Linfo_string356:
	.asciz	"led_rise_sr_time_e"            @ string offset=5342
.Linfo_string357:
	.asciz	"fall_time"                     @ string offset=5361
.Linfo_string358:
	.asciz	"led_fall_sr_time_e"            @ string offset=5371
.Linfo_string359:
	.asciz	"enable"                        @ string offset=5390
.Linfo_string360:
	.asciz	"_Bool"                         @ string offset=5397
	.ident	"Component: Arm Compiler for Embedded 6.21 Tool: armclang [5ec1fd00]"
	.section	".note.GNU-stack","",%progbits
	.eabi_attribute	30, 4	@ Tag_ABI_optimization_goals
	.ARM_attribute	16, 1	@ Tag_AV_eba
	.section	.debug_line,"",%progbits
.Lline_table_start0:
