	.text
	.syntax unified
	.eabi_attribute	67, "2.09"	@ Tag_conformance
	.cpu	cortex-m0
	.eabi_attribute	6, 12	@ Tag_CPU_arch
	.eabi_attribute	7, 77	@ Tag_CPU_arch_profile
	.eabi_attribute	8, 0	@ Tag_ARM_ISA_use
	.eabi_attribute	9, 1	@ Tag_THUMB_ISA_use
	.eabi_attribute	34, 0	@ Tag_CPU_unaligned_access
	.eabi_attribute	17, 1	@ Tag_ABI_PCS_GOT_use
	.eabi_attribute	20, 2	@ Tag_ABI_FP_denormal
	.eabi_attribute	21, 0	@ Tag_ABI_FP_exceptions
	.eabi_attribute	23, 1	@ Tag_ABI_FP_number_model
	.eabi_attribute	24, 1	@ Tag_ABI_align_needed
	.eabi_attribute	25, 1	@ Tag_ABI_align_preserved
	.eabi_attribute	38, 1	@ Tag_ABI_FP_16bit_format
	.eabi_attribute	18, 2	@ Tag_ABI_PCS_wchar_t
	.eabi_attribute	26, 1	@ Tag_ABI_enum_size
	.eabi_attribute	14, 0	@ Tag_ABI_PCS_R9_use
	.file	"tcpl04x_ll_sys.c"
	.file	1 "C:\\baidunetdiskdownload\\\346\263\260\347\237\275\345\276\256\\\346\260\233\345\233\264\347\201\257\\TCPL0X_AUTO_SDK_V2.0.0\\TCPL0X_AUTO_SDK_V2.0.0\\examples\\tcpl04x\\demo_apps\\tcpl04b_swsc_lean\\MDK" "../07_TCPL04B_MCAL/tcpl04x_ll_sys.h"
	.file	2 "C:\\baidunetdiskdownload\\\346\263\260\347\237\275\345\276\256\\\346\260\233\345\233\264\347\201\257\\TCPL0X_AUTO_SDK_V2.0.0\\TCPL0X_AUTO_SDK_V2.0.0\\examples\\tcpl04x\\demo_apps\\tcpl04b_swsc_lean\\MDK" "../06_TCPL04B_Device/tcpl04x.h"
	.file	3 "C:\\Keil_v5\\ARM\\ARMCLANG\\Bin\\..\\include" "stdint.h"
	.file	4 "C:\\baidunetdiskdownload\\\346\263\260\347\237\275\345\276\256\\\346\260\233\345\233\264\347\201\257\\TCPL0X_AUTO_SDK_V2.0.0\\TCPL0X_AUTO_SDK_V2.0.0\\examples\\tcpl04x\\demo_apps\\tcpl04b_swsc_lean\\MDK" "../06_TCPL04B_Device/syscfg_reg_def.h"
	.file	5 "C:\\baidunetdiskdownload\\\346\263\260\347\237\275\345\276\256\\\346\260\233\345\233\264\347\201\257\\TCPL0X_AUTO_SDK_V2.0.0\\TCPL0X_AUTO_SDK_V2.0.0\\examples\\tcpl04x\\demo_apps\\tcpl04b_swsc_lean\\MDK" "../06_TCPL04B_Device/asyscfg_reg_def.h"
	.file	6 "C:\\baidunetdiskdownload\\\346\263\260\347\237\275\345\276\256\\\346\260\233\345\233\264\347\201\257\\TCPL0X_AUTO_SDK_V2.0.0\\TCPL0X_AUTO_SDK_V2.0.0\\examples\\tcpl04x\\demo_apps\\tcpl04b_swsc_lean\\MDK" "../06_TCPL04B_Device/core_cm0.h"
	.section	.text.ll_syscfg_info_get,"ax",%progbits
	.hidden	ll_syscfg_info_get              @ -- Begin function ll_syscfg_info_get
	.globl	ll_syscfg_info_get
	.p2align	1
	.type	ll_syscfg_info_get,%function
	.code	16                              @ @ll_syscfg_info_get
	.thumb_func
ll_syscfg_info_get:
.Lfunc_begin0:
	.file	7 "C:\\baidunetdiskdownload\\\346\263\260\347\237\275\345\276\256\\\346\260\233\345\233\264\347\201\257\\TCPL0X_AUTO_SDK_V2.0.0\\TCPL0X_AUTO_SDK_V2.0.0\\examples\\tcpl04x\\demo_apps\\tcpl04b_swsc_lean\\MDK" "../07_TCPL04B_MCAL/tcpl04x_ll_sys.c"
	.loc	7 35 0                          @ ../07_TCPL04B_MCAL/tcpl04x_ll_sys.c:35:0
	.fnstart
	.cfi_sections .debug_frame
	.cfi_startproc
@ %bb.0:
	@DEBUG_VALUE: ll_syscfg_info_get:revision_id <- $r0
	@DEBUG_VALUE: ll_syscfg_info_get:chip_id <- $r1
	movs	r2, #1
	lsls	r2, r2, #30
.Ltmp0:
	.loc	7 38 9 prologue_end             @ ../07_TCPL04B_MCAL/tcpl04x_ll_sys.c:38:9
	cmp	r1, #0
	beq	.LBB0_2
.Ltmp1:
@ %bb.1:
	@DEBUG_VALUE: ll_syscfg_info_get:chip_id <- $r1
	@DEBUG_VALUE: ll_syscfg_info_get:revision_id <- $r0
	.loc	7 40 50                         @ ../07_TCPL04B_MCAL/tcpl04x_ll_sys.c:40:50
	ldr	r3, [r2]
	.loc	7 40 18 is_stmt 0               @ ../07_TCPL04B_MCAL/tcpl04x_ll_sys.c:40:18
	strh	r3, [r1]
.Ltmp2:
.LBB0_2:
	@DEBUG_VALUE: ll_syscfg_info_get:chip_id <- $r1
	@DEBUG_VALUE: ll_syscfg_info_get:revision_id <- $r0
	.loc	7 43 9 is_stmt 1                @ ../07_TCPL04B_MCAL/tcpl04x_ll_sys.c:43:9
	cmp	r0, #0
	beq	.LBB0_4
.Ltmp3:
@ %bb.3:
	@DEBUG_VALUE: ll_syscfg_info_get:chip_id <- $r1
	@DEBUG_VALUE: ll_syscfg_info_get:revision_id <- $r0
	.loc	7 45 53                         @ ../07_TCPL04B_MCAL/tcpl04x_ll_sys.c:45:53
	ldr	r1, [r2]
.Ltmp4:
	@DEBUG_VALUE: ll_syscfg_info_get:chip_id <- [DW_OP_LLVM_entry_value 1] $r1
	.loc	7 45 24 is_stmt 0               @ ../07_TCPL04B_MCAL/tcpl04x_ll_sys.c:45:24
	lsls	r1, r1, #9
	lsrs	r1, r1, #25
	.loc	7 45 22                         @ ../07_TCPL04B_MCAL/tcpl04x_ll_sys.c:45:22
	strb	r1, [r0]
.Ltmp5:
.LBB0_4:
	@DEBUG_VALUE: ll_syscfg_info_get:revision_id <- $r0
	.loc	7 49 1 is_stmt 1                @ ../07_TCPL04B_MCAL/tcpl04x_ll_sys.c:49:1
	bx	lr
.Ltmp6:
.Lfunc_end0:
	.size	ll_syscfg_info_get, .Lfunc_end0-ll_syscfg_info_get
	.cfi_endproc
	.cantunwind
	.fnend
                                        @ -- End function
	.section	.text.ll_wakeup_init,"ax",%progbits
	.hidden	ll_wakeup_init                  @ -- Begin function ll_wakeup_init
	.globl	ll_wakeup_init
	.p2align	2
	.type	ll_wakeup_init,%function
	.code	16                              @ @ll_wakeup_init
	.thumb_func
ll_wakeup_init:
.Lfunc_begin1:
	.loc	7 61 0                          @ ../07_TCPL04B_MCAL/tcpl04x_ll_sys.c:61:0
	.fnstart
	.cfi_startproc
@ %bb.0:
	@DEBUG_VALUE: ll_wakeup_init:source <- $r0
	@DEBUG_VALUE: ll_wakeup_init:time <- $r1
	@DEBUG_VALUE: ll_wakeup_init:filter <- $r2
	.save	{r4, r5, r7, lr}
	push	{r4, r5, r7, lr}
	.cfi_def_cfa_offset 16
	.cfi_offset lr, -4
	.cfi_offset r7, -8
	.cfi_offset r5, -12
	.cfi_offset r4, -16
	ldr	r3, __arm_cp.1_0
.Ltmp7:
	.loc	7 64 35 prologue_end            @ ../07_TCPL04B_MCAL/tcpl04x_ll_sys.c:64:35
	ldr	r4, [r3]
	movs	r5, #2
	bics	r4, r5
	lsls	r0, r0, #31
.Ltmp8:
	@DEBUG_VALUE: ll_wakeup_init:source <- [DW_OP_LLVM_entry_value 1] $r0
	lsrs	r0, r0, #30
	adds	r0, r4, r0
	str	r0, [r3]
	.loc	7 65 31                         @ ../07_TCPL04B_MCAL/tcpl04x_ll_sys.c:65:31
	ldr	r0, [r3]
	movs	r4, #240
	bics	r0, r4
	lsls	r1, r1, #28
.Ltmp9:
	@DEBUG_VALUE: ll_wakeup_init:time <- [DW_OP_LLVM_entry_value 1] $r1
	lsrs	r1, r1, #24
	adds	r0, r0, r1
	str	r0, [r3]
	movs	r0, #3
	lsls	r0, r0, #8
	.loc	7 66 42                         @ ../07_TCPL04B_MCAL/tcpl04x_ll_sys.c:66:42
	ldr	r1, [r3]
	bics	r1, r0
	lsls	r0, r2, #30
	lsrs	r0, r0, #22
	adds	r0, r1, r0
	str	r0, [r3]
	.loc	7 67 30                         @ ../07_TCPL04B_MCAL/tcpl04x_ll_sys.c:67:30
	ldr	r0, [r3]
	movs	r1, #1
	orrs	r1, r0
	str	r1, [r3]
	.loc	7 70 1 epilogue_begin           @ ../07_TCPL04B_MCAL/tcpl04x_ll_sys.c:70:1
	pop	{r4, r5, r7, pc}
.Ltmp10:
	.p2align	2
@ %bb.1:
	.loc	7 0 1 is_stmt 0                 @ ../07_TCPL04B_MCAL/tcpl04x_ll_sys.c:0:1
__arm_cp.1_0:
	.long	1073791032                      @ 0x4000c038
.Lcpi_end0:
	.size	__arm_cp.1_0, .Lcpi_end0-__arm_cp.1_0
.Lfunc_end1:
	.size	ll_wakeup_init, .Lfunc_end1-ll_wakeup_init
	.cfi_endproc
	.cantunwind
	.fnend
                                        @ -- End function
	.section	.text.ll_syscfg_isr_enable,"ax",%progbits
	.hidden	ll_syscfg_isr_enable            @ -- Begin function ll_syscfg_isr_enable
	.globl	ll_syscfg_isr_enable
	.p2align	2
	.type	ll_syscfg_isr_enable,%function
	.code	16                              @ @ll_syscfg_isr_enable
	.thumb_func
ll_syscfg_isr_enable:
.Lfunc_begin2:
	.loc	7 81 0 is_stmt 1                @ ../07_TCPL04B_MCAL/tcpl04x_ll_sys.c:81:0
	.fnstart
	.cfi_startproc
@ %bb.0:
	@DEBUG_VALUE: ll_syscfg_isr_enable:isr <- $r0
	@DEBUG_VALUE: ll_syscfg_isr_enable:enable <- [DW_OP_LLVM_convert 1 7, DW_OP_LLVM_convert 8 7, DW_OP_stack_value] $r1
	ldr	r2, __arm_cp.2_0
.Ltmp11:
	.loc	7 84 18 prologue_end            @ ../07_TCPL04B_MCAL/tcpl04x_ll_sys.c:84:18
	ldr	r3, [r2, #4]
	orrs	r3, r0
	str	r3, [r2, #4]
	.loc	7 86 9                          @ ../07_TCPL04B_MCAL/tcpl04x_ll_sys.c:86:9
	cmp	r1, #0
	beq	.LBB2_2
.Ltmp12:
@ %bb.1:
	@DEBUG_VALUE: ll_syscfg_isr_enable:enable <- [DW_OP_LLVM_convert 1 7, DW_OP_LLVM_convert 8 7, DW_OP_stack_value] $r1
	@DEBUG_VALUE: ll_syscfg_isr_enable:isr <- $r0
	.loc	7 88 22                         @ ../07_TCPL04B_MCAL/tcpl04x_ll_sys.c:88:22
	ldr	r1, [r2]
.Ltmp13:
	bics	r1, r0
	b	.LBB2_3
.Ltmp14:
.LBB2_2:
	@DEBUG_VALUE: ll_syscfg_isr_enable:enable <- [DW_OP_LLVM_convert 1 7, DW_OP_LLVM_convert 8 7, DW_OP_stack_value] $r1
	@DEBUG_VALUE: ll_syscfg_isr_enable:isr <- $r0
	.loc	7 92 22                         @ ../07_TCPL04B_MCAL/tcpl04x_ll_sys.c:92:22
	ldr	r1, [r2]
.Ltmp15:
	orrs	r1, r0
.Ltmp16:
.LBB2_3:
	@DEBUG_VALUE: ll_syscfg_isr_enable:isr <- $r0
	.loc	7 0 0 is_stmt 0                 @ ../07_TCPL04B_MCAL/tcpl04x_ll_sys.c:0:0
	str	r1, [r2]
.Ltmp17:
	.loc	7 96 1 is_stmt 1                @ ../07_TCPL04B_MCAL/tcpl04x_ll_sys.c:96:1
	bx	lr
.Ltmp18:
	.p2align	2
@ %bb.4:
	.loc	7 0 1 is_stmt 0                 @ ../07_TCPL04B_MCAL/tcpl04x_ll_sys.c:0:1
__arm_cp.2_0:
	.long	1073791016                      @ 0x4000c028
.Lcpi_end1:
	.size	__arm_cp.2_0, .Lcpi_end1-__arm_cp.2_0
.Lfunc_end2:
	.size	ll_syscfg_isr_enable, .Lfunc_end2-ll_syscfg_isr_enable
	.cfi_endproc
	.cantunwind
	.fnend
                                        @ -- End function
	.section	.text.ll_syscfg_isr_clear,"ax",%progbits
	.hidden	ll_syscfg_isr_clear             @ -- Begin function ll_syscfg_isr_clear
	.globl	ll_syscfg_isr_clear
	.p2align	2
	.type	ll_syscfg_isr_clear,%function
	.code	16                              @ @ll_syscfg_isr_clear
	.thumb_func
ll_syscfg_isr_clear:
.Lfunc_begin3:
	.loc	7 106 0 is_stmt 1               @ ../07_TCPL04B_MCAL/tcpl04x_ll_sys.c:106:0
	.fnstart
	.cfi_startproc
@ %bb.0:
	@DEBUG_VALUE: ll_syscfg_isr_clear:isr <- $r0
	ldr	r1, __arm_cp.3_0
.Ltmp19:
	.loc	7 109 18 prologue_end           @ ../07_TCPL04B_MCAL/tcpl04x_ll_sys.c:109:18
	ldr	r2, [r1]
	orrs	r2, r0
	str	r2, [r1]
	.loc	7 112 1                         @ ../07_TCPL04B_MCAL/tcpl04x_ll_sys.c:112:1
	bx	lr
.Ltmp20:
	.p2align	2
@ %bb.1:
	.loc	7 0 1 is_stmt 0                 @ ../07_TCPL04B_MCAL/tcpl04x_ll_sys.c:0:1
__arm_cp.3_0:
	.long	1073791020                      @ 0x4000c02c
.Lcpi_end2:
	.size	__arm_cp.3_0, .Lcpi_end2-__arm_cp.3_0
.Lfunc_end3:
	.size	ll_syscfg_isr_clear, .Lfunc_end3-ll_syscfg_isr_clear
	.cfi_endproc
	.cantunwind
	.fnend
                                        @ -- End function
	.section	.text.ll_syscfg_isr_get,"ax",%progbits
	.hidden	ll_syscfg_isr_get               @ -- Begin function ll_syscfg_isr_get
	.globl	ll_syscfg_isr_get
	.p2align	2
	.type	ll_syscfg_isr_get,%function
	.code	16                              @ @ll_syscfg_isr_get
	.thumb_func
ll_syscfg_isr_get:
.Lfunc_begin4:
	.loc	7 122 0 is_stmt 1               @ ../07_TCPL04B_MCAL/tcpl04x_ll_sys.c:122:0
	.fnstart
	.cfi_startproc
@ %bb.0:
	@DEBUG_VALUE: ll_syscfg_isr_get:isr <- $r0
	ldr	r1, __arm_cp.4_0
.Ltmp21:
	.loc	7 123 31 prologue_end           @ ../07_TCPL04B_MCAL/tcpl04x_ll_sys.c:123:31
	ldr	r1, [r1]
	.loc	7 123 12 is_stmt 0              @ ../07_TCPL04B_MCAL/tcpl04x_ll_sys.c:123:12
	ands	r0, r1
.Ltmp22:
	@DEBUG_VALUE: ll_syscfg_isr_get:isr <- [DW_OP_LLVM_entry_value 1] $r0
	.loc	7 123 5                         @ ../07_TCPL04B_MCAL/tcpl04x_ll_sys.c:123:5
	bx	lr
.Ltmp23:
	.p2align	2
@ %bb.1:
	.loc	7 0 5                           @ ../07_TCPL04B_MCAL/tcpl04x_ll_sys.c:0:5
__arm_cp.4_0:
	.long	1073791024                      @ 0x4000c030
.Lcpi_end3:
	.size	__arm_cp.4_0, .Lcpi_end3-__arm_cp.4_0
.Lfunc_end4:
	.size	ll_syscfg_isr_get, .Lfunc_end4-ll_syscfg_isr_get
	.cfi_endproc
	.cantunwind
	.fnend
                                        @ -- End function
	.section	.text.ll_syscfg_backup_reg_write,"ax",%progbits
	.hidden	ll_syscfg_backup_reg_write      @ -- Begin function ll_syscfg_backup_reg_write
	.globl	ll_syscfg_backup_reg_write
	.p2align	2
	.type	ll_syscfg_backup_reg_write,%function
	.code	16                              @ @ll_syscfg_backup_reg_write
	.thumb_func
ll_syscfg_backup_reg_write:
.Lfunc_begin5:
	.loc	7 135 0 is_stmt 1               @ ../07_TCPL04B_MCAL/tcpl04x_ll_sys.c:135:0
	.fnstart
	.cfi_startproc
@ %bb.0:
	@DEBUG_VALUE: ll_syscfg_backup_reg_write:zone <- $r0
	@DEBUG_VALUE: ll_syscfg_backup_reg_write:data <- $r1
	ldr	r2, __arm_cp.5_0
.Ltmp24:
	.loc	7 138 9 prologue_end            @ ../07_TCPL04B_MCAL/tcpl04x_ll_sys.c:138:9
	cmp	r0, #0
	beq	.LBB5_2
.Ltmp25:
@ %bb.1:
	@DEBUG_VALUE: ll_syscfg_backup_reg_write:data <- $r1
	@DEBUG_VALUE: ll_syscfg_backup_reg_write:zone <- $r0
	.loc	7 144 24                        @ ../07_TCPL04B_MCAL/tcpl04x_ll_sys.c:144:24
	str	r1, [r2, #4]
.Ltmp26:
	.loc	7 148 1                         @ ../07_TCPL04B_MCAL/tcpl04x_ll_sys.c:148:1
	bx	lr
.Ltmp27:
.LBB5_2:
	@DEBUG_VALUE: ll_syscfg_backup_reg_write:data <- $r1
	@DEBUG_VALUE: ll_syscfg_backup_reg_write:zone <- $r0
	.loc	7 140 24                        @ ../07_TCPL04B_MCAL/tcpl04x_ll_sys.c:140:24
	str	r1, [r2]
.Ltmp28:
	.loc	7 148 1                         @ ../07_TCPL04B_MCAL/tcpl04x_ll_sys.c:148:1
	bx	lr
.Ltmp29:
	.p2align	2
@ %bb.3:
	.loc	7 0 1 is_stmt 0                 @ ../07_TCPL04B_MCAL/tcpl04x_ll_sys.c:0:1
__arm_cp.5_0:
	.long	1073791216                      @ 0x4000c0f0
.Lcpi_end4:
	.size	__arm_cp.5_0, .Lcpi_end4-__arm_cp.5_0
.Lfunc_end5:
	.size	ll_syscfg_backup_reg_write, .Lfunc_end5-ll_syscfg_backup_reg_write
	.cfi_endproc
	.cantunwind
	.fnend
                                        @ -- End function
	.section	.text.ll_syscfg_backup_reg_read,"ax",%progbits
	.hidden	ll_syscfg_backup_reg_read       @ -- Begin function ll_syscfg_backup_reg_read
	.globl	ll_syscfg_backup_reg_read
	.p2align	2
	.type	ll_syscfg_backup_reg_read,%function
	.code	16                              @ @ll_syscfg_backup_reg_read
	.thumb_func
ll_syscfg_backup_reg_read:
.Lfunc_begin6:
	.loc	7 159 0 is_stmt 1               @ ../07_TCPL04B_MCAL/tcpl04x_ll_sys.c:159:0
	.fnstart
	.cfi_startproc
@ %bb.0:
	@DEBUG_VALUE: ll_syscfg_backup_reg_read:zone <- $r0
	@DEBUG_VALUE: ll_syscfg_backup_reg_read:data <- $r1
	ldr	r2, __arm_cp.6_0
	cmp	r0, #0
	beq	.LBB6_2
.Ltmp30:
@ %bb.1:
	@DEBUG_VALUE: ll_syscfg_backup_reg_read:data <- $r1
	@DEBUG_VALUE: ll_syscfg_backup_reg_read:zone <- $r0
	adds	r2, r2, #4
.Ltmp31:
.LBB6_2:
	@DEBUG_VALUE: ll_syscfg_backup_reg_read:data <- $r1
	@DEBUG_VALUE: ll_syscfg_backup_reg_read:zone <- $r0
	.loc	7 0 0 is_stmt 0                 @ ../07_TCPL04B_MCAL/tcpl04x_ll_sys.c:0:0
	ldr	r0, [r2]
.Ltmp32:
	@DEBUG_VALUE: ll_syscfg_backup_reg_read:zone <- [DW_OP_LLVM_entry_value 1] $r0
	str	r0, [r1]
.Ltmp33:
	.loc	7 168 1 prologue_end is_stmt 1  @ ../07_TCPL04B_MCAL/tcpl04x_ll_sys.c:168:1
	bx	lr
.Ltmp34:
	.p2align	2
@ %bb.3:
	.loc	7 0 1 is_stmt 0                 @ ../07_TCPL04B_MCAL/tcpl04x_ll_sys.c:0:1
__arm_cp.6_0:
	.long	1073791216                      @ 0x4000c0f0
.Lcpi_end5:
	.size	__arm_cp.6_0, .Lcpi_end5-__arm_cp.6_0
.Lfunc_end6:
	.size	ll_syscfg_backup_reg_read, .Lfunc_end6-ll_syscfg_backup_reg_read
	.cfi_endproc
	.cantunwind
	.fnend
                                        @ -- End function
	.section	.text.ll_syscfg_otp_enable,"ax",%progbits
	.hidden	ll_syscfg_otp_enable            @ -- Begin function ll_syscfg_otp_enable
	.globl	ll_syscfg_otp_enable
	.p2align	2
	.type	ll_syscfg_otp_enable,%function
	.code	16                              @ @ll_syscfg_otp_enable
	.thumb_func
ll_syscfg_otp_enable:
.Lfunc_begin7:
	.loc	7 178 0 is_stmt 1               @ ../07_TCPL04B_MCAL/tcpl04x_ll_sys.c:178:0
	.fnstart
	.cfi_startproc
@ %bb.0:
	@DEBUG_VALUE: ll_syscfg_otp_enable:enable <- [DW_OP_LLVM_convert 1 7, DW_OP_LLVM_convert 8 7, DW_OP_stack_value] $r0
	.save	{r4, lr}
	push	{r4, lr}
	.cfi_def_cfa_offset 8
	.cfi_offset lr, -4
	.cfi_offset r4, -8
	mov	r4, r0
.Ltmp35:
	@DEBUG_VALUE: ll_syscfg_otp_enable:enable <- [DW_OP_LLVM_convert 1 7, DW_OP_LLVM_convert 8 7, DW_OP_stack_value] $r4
	ldr	r0, __arm_cp.7_0
.Ltmp36:
	.loc	7 181 42 prologue_end           @ ../07_TCPL04B_MCAL/tcpl04x_ll_sys.c:181:42
	ldr	r1, [r0]
	movs	r2, #16
	orrs	r2, r1
	movs	r1, #96
	bics	r2, r1
	str	r2, [r0]
	movs	r0, #4
	.loc	7 185 5                         @ ../07_TCPL04B_MCAL/tcpl04x_ll_sys.c:185:5
	mov	r1, r4
	bl	ll_syscfg_isr_enable
.Ltmp37:
	.loc	7 0 5 is_stmt 0                 @ ../07_TCPL04B_MCAL/tcpl04x_ll_sys.c:0:5
	ldr	r1, __arm_cp.7_1
	movs	r0, #64
.Ltmp38:
	@DEBUG_VALUE: __NVIC_ClearPendingIRQ:IRQn <- 6
	.loc	6 693 24 is_stmt 1              @ ../06_TCPL04B_Device/core_cm0.h:693:24
	str	r0, [r1]
.Ltmp39:
	.loc	7 188 9                         @ ../07_TCPL04B_MCAL/tcpl04x_ll_sys.c:188:9
	cmp	r4, #0
	beq	.LBB7_2
.Ltmp40:
@ %bb.1:
	@DEBUG_VALUE: ll_syscfg_otp_enable:enable <- [DW_OP_LLVM_convert 1 7, DW_OP_LLVM_convert 8 7, DW_OP_stack_value] $r4
	.loc	7 0 9 is_stmt 0                 @ ../07_TCPL04B_MCAL/tcpl04x_ll_sys.c:0:9
	movs	r1, #255
	lsls	r1, r1, #16
	ldr	r2, __arm_cp.7_3
.Ltmp41:
	@DEBUG_VALUE: __NVIC_SetPriority:priority <- 3
	@DEBUG_VALUE: __NVIC_SetPriority:IRQn <- 6
	.loc	6 710 48 is_stmt 1              @ ../06_TCPL04B_Device/core_cm0.h:710:48
	ldr	r3, [r2]
	.loc	6 710 73 is_stmt 0              @ ../06_TCPL04B_Device/core_cm0.h:710:73
	bics	r3, r1
	movs	r1, #3
	lsls	r1, r1, #22
	.loc	6 710 106                       @ ../06_TCPL04B_Device/core_cm0.h:710:106
	adds	r1, r3, r1
	.loc	6 710 34                        @ ../06_TCPL04B_Device/core_cm0.h:710:34
	str	r1, [r2]
.Ltmp42:
	@DEBUG_VALUE: __NVIC_EnableIRQ:IRQn <- 6
	.loc	6 607 9 is_stmt 1               @ ../06_TCPL04B_Device/core_cm0.h:607:9
	@APP
	@NO_APP
	ldr	r1, __arm_cp.7_4
	.loc	6 608 24                        @ ../06_TCPL04B_Device/core_cm0.h:608:24
	str	r0, [r1]
	.loc	6 609 9                         @ ../06_TCPL04B_Device/core_cm0.h:609:9
	@APP
	@NO_APP
.Ltmp43:
	.loc	7 197 1 epilogue_begin          @ ../07_TCPL04B_MCAL/tcpl04x_ll_sys.c:197:1
	pop	{r4, pc}
.Ltmp44:
.LBB7_2:
	@DEBUG_VALUE: ll_syscfg_otp_enable:enable <- [DW_OP_LLVM_convert 1 7, DW_OP_LLVM_convert 8 7, DW_OP_stack_value] $r4
	.loc	7 0 1 is_stmt 0                 @ ../07_TCPL04B_MCAL/tcpl04x_ll_sys.c:0:1
	ldr	r1, __arm_cp.7_2
.Ltmp45:
	@DEBUG_VALUE: __NVIC_DisableIRQ:IRQn <- 6
	.loc	6 643 24 is_stmt 1              @ ../06_TCPL04B_Device/core_cm0.h:643:24
	str	r0, [r1]
	.loc	6 644 9                         @ ../06_TCPL04B_Device/core_cm0.h:644:9
	dsb	sy
	.loc	6 645 9                         @ ../06_TCPL04B_Device/core_cm0.h:645:9
	isb	sy
.Ltmp46:
	.loc	7 197 1 epilogue_begin          @ ../07_TCPL04B_MCAL/tcpl04x_ll_sys.c:197:1
	pop	{r4, pc}
.Ltmp47:
	.p2align	2
@ %bb.3:
	.loc	7 0 1 is_stmt 0                 @ ../07_TCPL04B_MCAL/tcpl04x_ll_sys.c:0:1
__arm_cp.7_0:
	.long	1073791012                      @ 0x4000c024
.Lcpi_end6:
	.size	__arm_cp.7_0, .Lcpi_end6-__arm_cp.7_0
__arm_cp.7_1:
	.long	3758154368                      @ 0xe000e280
.Lcpi_end7:
	.size	__arm_cp.7_1, .Lcpi_end7-__arm_cp.7_1
__arm_cp.7_2:
	.long	3758154112                      @ 0xe000e180
.Lcpi_end8:
	.size	__arm_cp.7_2, .Lcpi_end8-__arm_cp.7_2
__arm_cp.7_3:
	.long	3758154756                      @ 0xe000e404
.Lcpi_end9:
	.size	__arm_cp.7_3, .Lcpi_end9-__arm_cp.7_3
__arm_cp.7_4:
	.long	3758153984                      @ 0xe000e100
.Lcpi_end10:
	.size	__arm_cp.7_4, .Lcpi_end10-__arm_cp.7_4
.Lfunc_end7:
	.size	ll_syscfg_otp_enable, .Lfunc_end7-ll_syscfg_otp_enable
	.cfi_endproc
	.cantunwind
	.fnend
                                        @ -- End function
	.section	.text.ll_syscfg_otp_status,"ax",%progbits
	.hidden	ll_syscfg_otp_status            @ -- Begin function ll_syscfg_otp_status
	.globl	ll_syscfg_otp_status
	.p2align	2
	.type	ll_syscfg_otp_status,%function
	.code	16                              @ @ll_syscfg_otp_status
	.thumb_func
ll_syscfg_otp_status:
.Lfunc_begin8:
	.loc	7 207 0 is_stmt 1               @ ../07_TCPL04B_MCAL/tcpl04x_ll_sys.c:207:0
	.fnstart
	.cfi_startproc
@ %bb.0:
	ldr	r0, __arm_cp.8_0
.Ltmp48:
	.loc	7 208 37 prologue_end           @ ../07_TCPL04B_MCAL/tcpl04x_ll_sys.c:208:37
	ldr	r1, [r0]
	movs	r0, #1
	ands	r0, r1
	.loc	7 208 5 is_stmt 0               @ ../07_TCPL04B_MCAL/tcpl04x_ll_sys.c:208:5
	bx	lr
.Ltmp49:
	.p2align	2
@ %bb.1:
	.loc	7 0 5                           @ ../07_TCPL04B_MCAL/tcpl04x_ll_sys.c:0:5
__arm_cp.8_0:
	.long	1073791008                      @ 0x4000c020
.Lcpi_end11:
	.size	__arm_cp.8_0, .Lcpi_end11-__arm_cp.8_0
.Lfunc_end8:
	.size	ll_syscfg_otp_status, .Lfunc_end8-ll_syscfg_otp_status
	.cfi_endproc
	.cantunwind
	.fnend
                                        @ -- End function
	.section	.text.ll_syscfg_lvd_status,"ax",%progbits
	.hidden	ll_syscfg_lvd_status            @ -- Begin function ll_syscfg_lvd_status
	.globl	ll_syscfg_lvd_status
	.p2align	2
	.type	ll_syscfg_lvd_status,%function
	.code	16                              @ @ll_syscfg_lvd_status
	.thumb_func
ll_syscfg_lvd_status:
.Lfunc_begin9:
	.loc	7 219 0 is_stmt 1               @ ../07_TCPL04B_MCAL/tcpl04x_ll_sys.c:219:0
	.fnstart
	.cfi_startproc
@ %bb.0:
	movs	r0, #1
	lsls	r0, r0, #8
	ldr	r1, __arm_cp.9_0
.Ltmp50:
	.loc	7 220 38 prologue_end           @ ../07_TCPL04B_MCAL/tcpl04x_ll_sys.c:220:38
	ldr	r1, [r1]
	.loc	7 220 13 is_stmt 0              @ ../07_TCPL04B_MCAL/tcpl04x_ll_sys.c:220:13
	ands	r1, r0
	lsrs	r0, r1, #8
	.loc	7 220 5                         @ ../07_TCPL04B_MCAL/tcpl04x_ll_sys.c:220:5
	bx	lr
.Ltmp51:
	.p2align	2
@ %bb.1:
	.loc	7 0 5                           @ ../07_TCPL04B_MCAL/tcpl04x_ll_sys.c:0:5
__arm_cp.9_0:
	.long	1073790992                      @ 0x4000c010
.Lcpi_end12:
	.size	__arm_cp.9_0, .Lcpi_end12-__arm_cp.9_0
.Lfunc_end9:
	.size	ll_syscfg_lvd_status, .Lfunc_end9-ll_syscfg_lvd_status
	.cfi_endproc
	.cantunwind
	.fnend
                                        @ -- End function
	.section	.text.ll_syscfg_lvd_enable,"ax",%progbits
	.hidden	ll_syscfg_lvd_enable            @ -- Begin function ll_syscfg_lvd_enable
	.globl	ll_syscfg_lvd_enable
	.p2align	2
	.type	ll_syscfg_lvd_enable,%function
	.code	16                              @ @ll_syscfg_lvd_enable
	.thumb_func
ll_syscfg_lvd_enable:
.Lfunc_begin10:
	.loc	7 232 0 is_stmt 1               @ ../07_TCPL04B_MCAL/tcpl04x_ll_sys.c:232:0
	.fnstart
	.cfi_startproc
@ %bb.0:
	@DEBUG_VALUE: ll_syscfg_lvd_enable:enable <- [DW_OP_LLVM_convert 1 7, DW_OP_LLVM_convert 8 7, DW_OP_stack_value] $r0
	@DEBUG_VALUE: ll_syscfg_lvd_enable:callback <- $r1
	.save	{r4, r5, r7, lr}
	push	{r4, r5, r7, lr}
	.cfi_def_cfa_offset 16
	.cfi_offset lr, -4
	.cfi_offset r7, -8
	.cfi_offset r5, -12
	.cfi_offset r4, -16
	mov	r4, r0
.Ltmp52:
	@DEBUG_VALUE: ll_syscfg_lvd_enable:enable <- [DW_OP_LLVM_convert 1 7, DW_OP_LLVM_convert 8 7, DW_OP_stack_value] $r4
	movs	r0, #2
.Ltmp53:
	.loc	7 235 5 prologue_end            @ ../07_TCPL04B_MCAL/tcpl04x_ll_sys.c:235:5
	mov	r1, r4
.Ltmp54:
	@DEBUG_VALUE: ll_syscfg_lvd_enable:callback <- [DW_OP_LLVM_entry_value 1] $r1
	bl	ll_syscfg_isr_enable
.Ltmp55:
	.loc	7 0 5 is_stmt 0                 @ ../07_TCPL04B_MCAL/tcpl04x_ll_sys.c:0:5
	ldr	r1, __arm_cp.10_0
	movs	r0, #64
.Ltmp56:
	@DEBUG_VALUE: __NVIC_ClearPendingIRQ:IRQn <- 6
	.loc	6 693 24 is_stmt 1              @ ../06_TCPL04B_Device/core_cm0.h:693:24
	str	r0, [r1]
	ldr	r1, __arm_cp.10_1
.Ltmp57:
	.loc	7 238 45                        @ ../07_TCPL04B_MCAL/tcpl04x_ll_sys.c:238:45
	ldr	r2, [r1, #20]
	movs	r3, #1
	orrs	r2, r3
	movs	r5, #6
	bics	r2, r5
	str	r2, [r1, #20]
	.loc	7 239 38                        @ ../07_TCPL04B_MCAL/tcpl04x_ll_sys.c:239:38
	ldr	r2, [r1]
	bics	r2, r3
	adds	r2, r2, r4
	str	r2, [r1]
	.loc	7 242 9                         @ ../07_TCPL04B_MCAL/tcpl04x_ll_sys.c:242:9
	cmp	r4, #0
	beq	.LBB10_2
.Ltmp58:
@ %bb.1:
	@DEBUG_VALUE: ll_syscfg_lvd_enable:callback <- [DW_OP_LLVM_entry_value 1] $r1
	@DEBUG_VALUE: ll_syscfg_lvd_enable:enable <- [DW_OP_LLVM_convert 1 7, DW_OP_LLVM_convert 8 7, DW_OP_stack_value] $r4
	.loc	7 0 9 is_stmt 0                 @ ../07_TCPL04B_MCAL/tcpl04x_ll_sys.c:0:9
	movs	r1, #255
	lsls	r1, r1, #16
	ldr	r2, __arm_cp.10_2
.Ltmp59:
	@DEBUG_VALUE: __NVIC_SetPriority:priority <- 3
	@DEBUG_VALUE: __NVIC_SetPriority:IRQn <- 6
	.loc	6 710 48 is_stmt 1              @ ../06_TCPL04B_Device/core_cm0.h:710:48
	ldr	r3, [r2]
	.loc	6 710 73 is_stmt 0              @ ../06_TCPL04B_Device/core_cm0.h:710:73
	bics	r3, r1
	movs	r1, #3
	lsls	r1, r1, #22
	.loc	6 710 106                       @ ../06_TCPL04B_Device/core_cm0.h:710:106
	adds	r1, r3, r1
	.loc	6 710 34                        @ ../06_TCPL04B_Device/core_cm0.h:710:34
	str	r1, [r2]
.Ltmp60:
	@DEBUG_VALUE: __NVIC_EnableIRQ:IRQn <- 6
	.loc	6 607 9 is_stmt 1               @ ../06_TCPL04B_Device/core_cm0.h:607:9
	@APP
	@NO_APP
	ldr	r1, __arm_cp.10_3
	.loc	6 608 24                        @ ../06_TCPL04B_Device/core_cm0.h:608:24
	str	r0, [r1]
	.loc	6 609 9                         @ ../06_TCPL04B_Device/core_cm0.h:609:9
	@APP
	@NO_APP
.Ltmp61:
.LBB10_2:
	@DEBUG_VALUE: ll_syscfg_lvd_enable:callback <- [DW_OP_LLVM_entry_value 1] $r1
	@DEBUG_VALUE: ll_syscfg_lvd_enable:enable <- [DW_OP_LLVM_convert 1 7, DW_OP_LLVM_convert 8 7, DW_OP_stack_value] $r4
	.loc	7 247 1 epilogue_begin          @ ../07_TCPL04B_MCAL/tcpl04x_ll_sys.c:247:1
	pop	{r4, r5, r7, pc}
.Ltmp62:
	.p2align	2
@ %bb.3:
	.loc	7 0 1 is_stmt 0                 @ ../07_TCPL04B_MCAL/tcpl04x_ll_sys.c:0:1
__arm_cp.10_0:
	.long	3758154368                      @ 0xe000e280
.Lcpi_end13:
	.size	__arm_cp.10_0, .Lcpi_end13-__arm_cp.10_0
__arm_cp.10_1:
	.long	1073790992                      @ 0x4000c010
.Lcpi_end14:
	.size	__arm_cp.10_1, .Lcpi_end14-__arm_cp.10_1
__arm_cp.10_2:
	.long	3758154756                      @ 0xe000e404
.Lcpi_end15:
	.size	__arm_cp.10_2, .Lcpi_end15-__arm_cp.10_2
__arm_cp.10_3:
	.long	3758153984                      @ 0xe000e100
.Lcpi_end16:
	.size	__arm_cp.10_3, .Lcpi_end16-__arm_cp.10_3
.Lfunc_end10:
	.size	ll_syscfg_lvd_enable, .Lfunc_end10-ll_syscfg_lvd_enable
	.cfi_endproc
	.cantunwind
	.fnend
                                        @ -- End function
	.section	.text.ll_syscfg_patch_set,"ax",%progbits
	.hidden	ll_syscfg_patch_set             @ -- Begin function ll_syscfg_patch_set
	.globl	ll_syscfg_patch_set
	.p2align	2
	.type	ll_syscfg_patch_set,%function
	.code	16                              @ @ll_syscfg_patch_set
	.thumb_func
ll_syscfg_patch_set:
.Lfunc_begin11:
	.fnstart
	.cfi_startproc
@ %bb.0:
	@DEBUG_VALUE: ll_syscfg_patch_set:patch <- $r0
	.loc	7 258 9 prologue_end is_stmt 1  @ ../07_TCPL04B_MCAL/tcpl04x_ll_sys.c:258:9
	cmp	r0, #15
	bhi	.LBB11_2
.Ltmp63:
@ %bb.1:
	@DEBUG_VALUE: ll_syscfg_patch_set:patch <- $r0
	.loc	7 0 9 is_stmt 0                 @ ../07_TCPL04B_MCAL/tcpl04x_ll_sys.c:0:9
	ldr	r1, __arm_cp.11_0
	.loc	7 265 35 is_stmt 1              @ ../07_TCPL04B_MCAL/tcpl04x_ll_sys.c:265:35
	ldr	r2, [r1]
	movs	r3, #15
	bics	r2, r3
	orrs	r2, r0
	str	r2, [r1]
.Ltmp64:
.LBB11_2:
	@DEBUG_VALUE: ll_syscfg_patch_set:patch <- $r0
	.loc	7 268 1                         @ ../07_TCPL04B_MCAL/tcpl04x_ll_sys.c:268:1
	bx	lr
.Ltmp65:
	.p2align	2
@ %bb.3:
	.loc	7 0 1 is_stmt 0                 @ ../07_TCPL04B_MCAL/tcpl04x_ll_sys.c:0:1
__arm_cp.11_0:
	.long	1073742072                      @ 0x400000f8
.Lcpi_end17:
	.size	__arm_cp.11_0, .Lcpi_end17-__arm_cp.11_0
.Lfunc_end11:
	.size	ll_syscfg_patch_set, .Lfunc_end11-ll_syscfg_patch_set
	.cfi_endproc
	.cantunwind
	.fnend
                                        @ -- End function
	.section	.text.AON_IRQHandler,"ax",%progbits
	.hidden	AON_IRQHandler                  @ -- Begin function AON_IRQHandler
	.globl	AON_IRQHandler
	.p2align	2
	.type	AON_IRQHandler,%function
	.code	16                              @ @AON_IRQHandler
	.thumb_func
AON_IRQHandler:
.Lfunc_begin12:
	.loc	7 278 0 is_stmt 1               @ ../07_TCPL04B_MCAL/tcpl04x_ll_sys.c:278:0
	.fnstart
	.cfi_startproc
@ %bb.0:
	ldr	r0, __arm_cp.12_0
.Ltmp66:
	.loc	7 279 29 prologue_end           @ ../07_TCPL04B_MCAL/tcpl04x_ll_sys.c:279:29
	ldr	r1, [r0, #4]
.Ltmp67:
	@DEBUG_VALUE: AON_IRQHandler:isr <- $r1
	.loc	7 283 18                        @ ../07_TCPL04B_MCAL/tcpl04x_ll_sys.c:283:18
	ldr	r2, [r0]
	orrs	r2, r1
	str	r2, [r0]
	.loc	7 286 1                         @ ../07_TCPL04B_MCAL/tcpl04x_ll_sys.c:286:1
	bx	lr
.Ltmp68:
	.p2align	2
@ %bb.1:
	.loc	7 0 1 is_stmt 0                 @ ../07_TCPL04B_MCAL/tcpl04x_ll_sys.c:0:1
__arm_cp.12_0:
	.long	1073791020                      @ 0x4000c02c
.Lcpi_end18:
	.size	__arm_cp.12_0, .Lcpi_end18-__arm_cp.12_0
.Lfunc_end12:
	.size	AON_IRQHandler, .Lfunc_end12-AON_IRQHandler
	.cfi_endproc
	.cantunwind
	.fnend
                                        @ -- End function
	.file	8 "C:\\baidunetdiskdownload\\\346\263\260\347\237\275\345\276\256\\\346\260\233\345\233\264\347\201\257\\TCPL0X_AUTO_SDK_V2.0.0\\TCPL0X_AUTO_SDK_V2.0.0\\examples\\tcpl04x\\demo_apps\\tcpl04b_swsc_lean\\MDK" "../07_TCPL04B_MCAL/tcpl04x_ll_def.h"
	.section	.debug_loc,"",%progbits
.Ldebug_loc0:
	.long	-1
	.long	.Lfunc_begin0                   @   base address
	.long	.Lfunc_begin0-.Lfunc_begin0
	.long	.Ltmp4-.Lfunc_begin0
	.short	1                               @ Loc expr size
	.byte	81                              @ DW_OP_reg1
	.long	.Ltmp4-.Lfunc_begin0
	.long	.Ltmp5-.Lfunc_begin0
	.short	4                               @ Loc expr size
	.byte	243                             @ DW_OP_GNU_entry_value
	.byte	1                               @ 1
	.byte	81                              @ DW_OP_reg1
	.byte	159                             @ DW_OP_stack_value
	.long	0
	.long	0
.Ldebug_loc1:
	.long	-1
	.long	.Lfunc_begin1                   @   base address
	.long	.Lfunc_begin1-.Lfunc_begin1
	.long	.Ltmp8-.Lfunc_begin1
	.short	1                               @ Loc expr size
	.byte	80                              @ DW_OP_reg0
	.long	.Ltmp8-.Lfunc_begin1
	.long	.Ltmp10-.Lfunc_begin1
	.short	4                               @ Loc expr size
	.byte	243                             @ DW_OP_GNU_entry_value
	.byte	1                               @ 1
	.byte	80                              @ DW_OP_reg0
	.byte	159                             @ DW_OP_stack_value
	.long	0
	.long	0
.Ldebug_loc2:
	.long	-1
	.long	.Lfunc_begin1                   @   base address
	.long	.Lfunc_begin1-.Lfunc_begin1
	.long	.Ltmp9-.Lfunc_begin1
	.short	1                               @ Loc expr size
	.byte	81                              @ DW_OP_reg1
	.long	.Ltmp9-.Lfunc_begin1
	.long	.Ltmp10-.Lfunc_begin1
	.short	4                               @ Loc expr size
	.byte	243                             @ DW_OP_GNU_entry_value
	.byte	1                               @ 1
	.byte	81                              @ DW_OP_reg1
	.byte	159                             @ DW_OP_stack_value
	.long	0
	.long	0
.Ldebug_loc3:
	.long	-1
	.long	.Lfunc_begin2                   @   base address
	.long	.Lfunc_begin2-.Lfunc_begin2
	.long	.Ltmp13-.Lfunc_begin2
	.short	6                               @ Loc expr size
	.byte	113                             @ DW_OP_breg1
	.byte	0                               @ 0
	.byte	16                              @ DW_OP_constu
	.byte	1                               @ 1
	.byte	26                              @ DW_OP_and
	.byte	159                             @ DW_OP_stack_value
	.long	.Ltmp14-.Lfunc_begin2
	.long	.Ltmp15-.Lfunc_begin2
	.short	6                               @ Loc expr size
	.byte	113                             @ DW_OP_breg1
	.byte	0                               @ 0
	.byte	16                              @ DW_OP_constu
	.byte	1                               @ 1
	.byte	26                              @ DW_OP_and
	.byte	159                             @ DW_OP_stack_value
	.long	0
	.long	0
.Ldebug_loc4:
	.long	-1
	.long	.Lfunc_begin4                   @   base address
	.long	.Lfunc_begin4-.Lfunc_begin4
	.long	.Ltmp22-.Lfunc_begin4
	.short	1                               @ Loc expr size
	.byte	80                              @ DW_OP_reg0
	.long	.Ltmp22-.Lfunc_begin4
	.long	.Ltmp23-.Lfunc_begin4
	.short	4                               @ Loc expr size
	.byte	243                             @ DW_OP_GNU_entry_value
	.byte	1                               @ 1
	.byte	80                              @ DW_OP_reg0
	.byte	159                             @ DW_OP_stack_value
	.long	0
	.long	0
.Ldebug_loc5:
	.long	-1
	.long	.Lfunc_begin6                   @   base address
	.long	.Lfunc_begin6-.Lfunc_begin6
	.long	.Ltmp32-.Lfunc_begin6
	.short	1                               @ Loc expr size
	.byte	80                              @ DW_OP_reg0
	.long	.Ltmp32-.Lfunc_begin6
	.long	.Ltmp34-.Lfunc_begin6
	.short	4                               @ Loc expr size
	.byte	243                             @ DW_OP_GNU_entry_value
	.byte	1                               @ 1
	.byte	80                              @ DW_OP_reg0
	.byte	159                             @ DW_OP_stack_value
	.long	0
	.long	0
.Ldebug_loc6:
	.long	-1
	.long	.Lfunc_begin7                   @   base address
	.long	.Lfunc_begin7-.Lfunc_begin7
	.long	.Ltmp35-.Lfunc_begin7
	.short	6                               @ Loc expr size
	.byte	112                             @ DW_OP_breg0
	.byte	0                               @ 0
	.byte	16                              @ DW_OP_constu
	.byte	1                               @ 1
	.byte	26                              @ DW_OP_and
	.byte	159                             @ DW_OP_stack_value
	.long	.Ltmp35-.Lfunc_begin7
	.long	.Ltmp47-.Lfunc_begin7
	.short	6                               @ Loc expr size
	.byte	116                             @ DW_OP_breg4
	.byte	0                               @ 0
	.byte	16                              @ DW_OP_constu
	.byte	1                               @ 1
	.byte	26                              @ DW_OP_and
	.byte	159                             @ DW_OP_stack_value
	.long	0
	.long	0
.Ldebug_loc7:
	.long	-1
	.long	.Lfunc_begin10                  @   base address
	.long	.Lfunc_begin10-.Lfunc_begin10
	.long	.Ltmp52-.Lfunc_begin10
	.short	6                               @ Loc expr size
	.byte	112                             @ DW_OP_breg0
	.byte	0                               @ 0
	.byte	16                              @ DW_OP_constu
	.byte	1                               @ 1
	.byte	26                              @ DW_OP_and
	.byte	159                             @ DW_OP_stack_value
	.long	.Ltmp52-.Lfunc_begin10
	.long	.Ltmp62-.Lfunc_begin10
	.short	6                               @ Loc expr size
	.byte	116                             @ DW_OP_breg4
	.byte	0                               @ 0
	.byte	16                              @ DW_OP_constu
	.byte	1                               @ 1
	.byte	26                              @ DW_OP_and
	.byte	159                             @ DW_OP_stack_value
	.long	0
	.long	0
.Ldebug_loc8:
	.long	-1
	.long	.Lfunc_begin10                  @   base address
	.long	.Lfunc_begin10-.Lfunc_begin10
	.long	.Ltmp54-.Lfunc_begin10
	.short	1                               @ Loc expr size
	.byte	81                              @ DW_OP_reg1
	.long	.Ltmp54-.Lfunc_begin10
	.long	.Ltmp62-.Lfunc_begin10
	.short	4                               @ Loc expr size
	.byte	243                             @ DW_OP_GNU_entry_value
	.byte	1                               @ 1
	.byte	81                              @ DW_OP_reg1
	.byte	159                             @ DW_OP_stack_value
	.long	0
	.long	0
.Ldebug_loc9:
	.long	-1
	.long	.Lfunc_begin12                  @   base address
	.long	.Ltmp67-.Lfunc_begin12
	.long	.Ltmp68-.Lfunc_begin12
	.short	1                               @ Loc expr size
	.byte	81                              @ DW_OP_reg1
	.long	0
	.long	0
	.section	.debug_abbrev,"",%progbits
	.byte	1                               @ Abbreviation Code
	.byte	17                              @ DW_TAG_compile_unit
	.byte	1                               @ DW_CHILDREN_yes
	.byte	37                              @ DW_AT_producer
	.byte	14                              @ DW_FORM_strp
	.byte	19                              @ DW_AT_language
	.byte	5                               @ DW_FORM_data2
	.byte	3                               @ DW_AT_name
	.byte	14                              @ DW_FORM_strp
	.byte	16                              @ DW_AT_stmt_list
	.byte	23                              @ DW_FORM_sec_offset
	.byte	27                              @ DW_AT_comp_dir
	.byte	14                              @ DW_FORM_strp
	.byte	17                              @ DW_AT_low_pc
	.byte	1                               @ DW_FORM_addr
	.byte	85                              @ DW_AT_ranges
	.byte	23                              @ DW_FORM_sec_offset
	.byte	0                               @ EOM(1)
	.byte	0                               @ EOM(2)
	.byte	2                               @ Abbreviation Code
	.byte	4                               @ DW_TAG_enumeration_type
	.byte	1                               @ DW_CHILDREN_yes
	.byte	73                              @ DW_AT_type
	.byte	19                              @ DW_FORM_ref4
	.byte	11                              @ DW_AT_byte_size
	.byte	11                              @ DW_FORM_data1
	.byte	58                              @ DW_AT_decl_file
	.byte	11                              @ DW_FORM_data1
	.byte	59                              @ DW_AT_decl_line
	.byte	11                              @ DW_FORM_data1
	.byte	0                               @ EOM(1)
	.byte	0                               @ EOM(2)
	.byte	3                               @ Abbreviation Code
	.byte	40                              @ DW_TAG_enumerator
	.byte	0                               @ DW_CHILDREN_no
	.byte	3                               @ DW_AT_name
	.byte	14                              @ DW_FORM_strp
	.byte	28                              @ DW_AT_const_value
	.byte	15                              @ DW_FORM_udata
	.byte	0                               @ EOM(1)
	.byte	0                               @ EOM(2)
	.byte	4                               @ Abbreviation Code
	.byte	36                              @ DW_TAG_base_type
	.byte	0                               @ DW_CHILDREN_no
	.byte	3                               @ DW_AT_name
	.byte	14                              @ DW_FORM_strp
	.byte	62                              @ DW_AT_encoding
	.byte	11                              @ DW_FORM_data1
	.byte	11                              @ DW_AT_byte_size
	.byte	11                              @ DW_FORM_data1
	.byte	0                               @ EOM(1)
	.byte	0                               @ EOM(2)
	.byte	5                               @ Abbreviation Code
	.byte	4                               @ DW_TAG_enumeration_type
	.byte	1                               @ DW_CHILDREN_yes
	.byte	73                              @ DW_AT_type
	.byte	19                              @ DW_FORM_ref4
	.byte	3                               @ DW_AT_name
	.byte	14                              @ DW_FORM_strp
	.byte	11                              @ DW_AT_byte_size
	.byte	11                              @ DW_FORM_data1
	.byte	58                              @ DW_AT_decl_file
	.byte	11                              @ DW_FORM_data1
	.byte	59                              @ DW_AT_decl_line
	.byte	11                              @ DW_FORM_data1
	.byte	0                               @ EOM(1)
	.byte	0                               @ EOM(2)
	.byte	6                               @ Abbreviation Code
	.byte	40                              @ DW_TAG_enumerator
	.byte	0                               @ DW_CHILDREN_no
	.byte	3                               @ DW_AT_name
	.byte	14                              @ DW_FORM_strp
	.byte	28                              @ DW_AT_const_value
	.byte	13                              @ DW_FORM_sdata
	.byte	0                               @ EOM(1)
	.byte	0                               @ EOM(2)
	.byte	7                               @ Abbreviation Code
	.byte	22                              @ DW_TAG_typedef
	.byte	0                               @ DW_CHILDREN_no
	.byte	73                              @ DW_AT_type
	.byte	19                              @ DW_FORM_ref4
	.byte	3                               @ DW_AT_name
	.byte	14                              @ DW_FORM_strp
	.byte	58                              @ DW_AT_decl_file
	.byte	11                              @ DW_FORM_data1
	.byte	59                              @ DW_AT_decl_line
	.byte	11                              @ DW_FORM_data1
	.byte	0                               @ EOM(1)
	.byte	0                               @ EOM(2)
	.byte	8                               @ Abbreviation Code
	.byte	15                              @ DW_TAG_pointer_type
	.byte	0                               @ DW_CHILDREN_no
	.byte	73                              @ DW_AT_type
	.byte	19                              @ DW_FORM_ref4
	.byte	0                               @ EOM(1)
	.byte	0                               @ EOM(2)
	.byte	9                               @ Abbreviation Code
	.byte	19                              @ DW_TAG_structure_type
	.byte	1                               @ DW_CHILDREN_yes
	.byte	11                              @ DW_AT_byte_size
	.byte	5                               @ DW_FORM_data2
	.byte	58                              @ DW_AT_decl_file
	.byte	11                              @ DW_FORM_data1
	.byte	59                              @ DW_AT_decl_line
	.byte	11                              @ DW_FORM_data1
	.byte	0                               @ EOM(1)
	.byte	0                               @ EOM(2)
	.byte	10                              @ Abbreviation Code
	.byte	13                              @ DW_TAG_member
	.byte	0                               @ DW_CHILDREN_no
	.byte	73                              @ DW_AT_type
	.byte	19                              @ DW_FORM_ref4
	.byte	58                              @ DW_AT_decl_file
	.byte	11                              @ DW_FORM_data1
	.byte	59                              @ DW_AT_decl_line
	.byte	11                              @ DW_FORM_data1
	.byte	56                              @ DW_AT_data_member_location
	.byte	11                              @ DW_FORM_data1
	.byte	0                               @ EOM(1)
	.byte	0                               @ EOM(2)
	.byte	11                              @ Abbreviation Code
	.byte	23                              @ DW_TAG_union_type
	.byte	1                               @ DW_CHILDREN_yes
	.byte	11                              @ DW_AT_byte_size
	.byte	11                              @ DW_FORM_data1
	.byte	58                              @ DW_AT_decl_file
	.byte	11                              @ DW_FORM_data1
	.byte	59                              @ DW_AT_decl_line
	.byte	11                              @ DW_FORM_data1
	.byte	0                               @ EOM(1)
	.byte	0                               @ EOM(2)
	.byte	12                              @ Abbreviation Code
	.byte	13                              @ DW_TAG_member
	.byte	0                               @ DW_CHILDREN_no
	.byte	3                               @ DW_AT_name
	.byte	14                              @ DW_FORM_strp
	.byte	73                              @ DW_AT_type
	.byte	19                              @ DW_FORM_ref4
	.byte	58                              @ DW_AT_decl_file
	.byte	11                              @ DW_FORM_data1
	.byte	59                              @ DW_AT_decl_line
	.byte	11                              @ DW_FORM_data1
	.byte	56                              @ DW_AT_data_member_location
	.byte	11                              @ DW_FORM_data1
	.byte	0                               @ EOM(1)
	.byte	0                               @ EOM(2)
	.byte	13                              @ Abbreviation Code
	.byte	53                              @ DW_TAG_volatile_type
	.byte	0                               @ DW_CHILDREN_no
	.byte	73                              @ DW_AT_type
	.byte	19                              @ DW_FORM_ref4
	.byte	0                               @ EOM(1)
	.byte	0                               @ EOM(2)
	.byte	14                              @ Abbreviation Code
	.byte	19                              @ DW_TAG_structure_type
	.byte	1                               @ DW_CHILDREN_yes
	.byte	11                              @ DW_AT_byte_size
	.byte	11                              @ DW_FORM_data1
	.byte	58                              @ DW_AT_decl_file
	.byte	11                              @ DW_FORM_data1
	.byte	59                              @ DW_AT_decl_line
	.byte	11                              @ DW_FORM_data1
	.byte	0                               @ EOM(1)
	.byte	0                               @ EOM(2)
	.byte	15                              @ Abbreviation Code
	.byte	13                              @ DW_TAG_member
	.byte	0                               @ DW_CHILDREN_no
	.byte	3                               @ DW_AT_name
	.byte	14                              @ DW_FORM_strp
	.byte	73                              @ DW_AT_type
	.byte	19                              @ DW_FORM_ref4
	.byte	58                              @ DW_AT_decl_file
	.byte	11                              @ DW_FORM_data1
	.byte	59                              @ DW_AT_decl_line
	.byte	11                              @ DW_FORM_data1
	.byte	13                              @ DW_AT_bit_size
	.byte	11                              @ DW_FORM_data1
	.byte	107                             @ DW_AT_data_bit_offset
	.byte	11                              @ DW_FORM_data1
	.byte	0                               @ EOM(1)
	.byte	0                               @ EOM(2)
	.byte	16                              @ Abbreviation Code
	.byte	1                               @ DW_TAG_array_type
	.byte	1                               @ DW_CHILDREN_yes
	.byte	73                              @ DW_AT_type
	.byte	19                              @ DW_FORM_ref4
	.byte	0                               @ EOM(1)
	.byte	0                               @ EOM(2)
	.byte	17                              @ Abbreviation Code
	.byte	33                              @ DW_TAG_subrange_type
	.byte	0                               @ DW_CHILDREN_no
	.byte	73                              @ DW_AT_type
	.byte	19                              @ DW_FORM_ref4
	.byte	55                              @ DW_AT_count
	.byte	11                              @ DW_FORM_data1
	.byte	0                               @ EOM(1)
	.byte	0                               @ EOM(2)
	.byte	18                              @ Abbreviation Code
	.byte	36                              @ DW_TAG_base_type
	.byte	0                               @ DW_CHILDREN_no
	.byte	3                               @ DW_AT_name
	.byte	14                              @ DW_FORM_strp
	.byte	11                              @ DW_AT_byte_size
	.byte	11                              @ DW_FORM_data1
	.byte	62                              @ DW_AT_encoding
	.byte	11                              @ DW_FORM_data1
	.byte	0                               @ EOM(1)
	.byte	0                               @ EOM(2)
	.byte	19                              @ Abbreviation Code
	.byte	22                              @ DW_TAG_typedef
	.byte	0                               @ DW_CHILDREN_no
	.byte	73                              @ DW_AT_type
	.byte	19                              @ DW_FORM_ref4
	.byte	3                               @ DW_AT_name
	.byte	14                              @ DW_FORM_strp
	.byte	58                              @ DW_AT_decl_file
	.byte	11                              @ DW_FORM_data1
	.byte	59                              @ DW_AT_decl_line
	.byte	5                               @ DW_FORM_data2
	.byte	0                               @ EOM(1)
	.byte	0                               @ EOM(2)
	.byte	20                              @ Abbreviation Code
	.byte	19                              @ DW_TAG_structure_type
	.byte	1                               @ DW_CHILDREN_yes
	.byte	11                              @ DW_AT_byte_size
	.byte	5                               @ DW_FORM_data2
	.byte	58                              @ DW_AT_decl_file
	.byte	11                              @ DW_FORM_data1
	.byte	59                              @ DW_AT_decl_line
	.byte	5                               @ DW_FORM_data2
	.byte	0                               @ EOM(1)
	.byte	0                               @ EOM(2)
	.byte	21                              @ Abbreviation Code
	.byte	13                              @ DW_TAG_member
	.byte	0                               @ DW_CHILDREN_no
	.byte	73                              @ DW_AT_type
	.byte	19                              @ DW_FORM_ref4
	.byte	58                              @ DW_AT_decl_file
	.byte	11                              @ DW_FORM_data1
	.byte	59                              @ DW_AT_decl_line
	.byte	5                               @ DW_FORM_data2
	.byte	56                              @ DW_AT_data_member_location
	.byte	11                              @ DW_FORM_data1
	.byte	0                               @ EOM(1)
	.byte	0                               @ EOM(2)
	.byte	22                              @ Abbreviation Code
	.byte	23                              @ DW_TAG_union_type
	.byte	1                               @ DW_CHILDREN_yes
	.byte	11                              @ DW_AT_byte_size
	.byte	11                              @ DW_FORM_data1
	.byte	58                              @ DW_AT_decl_file
	.byte	11                              @ DW_FORM_data1
	.byte	59                              @ DW_AT_decl_line
	.byte	5                               @ DW_FORM_data2
	.byte	0                               @ EOM(1)
	.byte	0                               @ EOM(2)
	.byte	23                              @ Abbreviation Code
	.byte	13                              @ DW_TAG_member
	.byte	0                               @ DW_CHILDREN_no
	.byte	3                               @ DW_AT_name
	.byte	14                              @ DW_FORM_strp
	.byte	73                              @ DW_AT_type
	.byte	19                              @ DW_FORM_ref4
	.byte	58                              @ DW_AT_decl_file
	.byte	11                              @ DW_FORM_data1
	.byte	59                              @ DW_AT_decl_line
	.byte	5                               @ DW_FORM_data2
	.byte	56                              @ DW_AT_data_member_location
	.byte	11                              @ DW_FORM_data1
	.byte	0                               @ EOM(1)
	.byte	0                               @ EOM(2)
	.byte	24                              @ Abbreviation Code
	.byte	19                              @ DW_TAG_structure_type
	.byte	1                               @ DW_CHILDREN_yes
	.byte	11                              @ DW_AT_byte_size
	.byte	11                              @ DW_FORM_data1
	.byte	58                              @ DW_AT_decl_file
	.byte	11                              @ DW_FORM_data1
	.byte	59                              @ DW_AT_decl_line
	.byte	5                               @ DW_FORM_data2
	.byte	0                               @ EOM(1)
	.byte	0                               @ EOM(2)
	.byte	25                              @ Abbreviation Code
	.byte	13                              @ DW_TAG_member
	.byte	0                               @ DW_CHILDREN_no
	.byte	3                               @ DW_AT_name
	.byte	14                              @ DW_FORM_strp
	.byte	73                              @ DW_AT_type
	.byte	19                              @ DW_FORM_ref4
	.byte	58                              @ DW_AT_decl_file
	.byte	11                              @ DW_FORM_data1
	.byte	59                              @ DW_AT_decl_line
	.byte	5                               @ DW_FORM_data2
	.byte	13                              @ DW_AT_bit_size
	.byte	11                              @ DW_FORM_data1
	.byte	107                             @ DW_AT_data_bit_offset
	.byte	11                              @ DW_FORM_data1
	.byte	0                               @ EOM(1)
	.byte	0                               @ EOM(2)
	.byte	26                              @ Abbreviation Code
	.byte	13                              @ DW_TAG_member
	.byte	0                               @ DW_CHILDREN_no
	.byte	3                               @ DW_AT_name
	.byte	14                              @ DW_FORM_strp
	.byte	73                              @ DW_AT_type
	.byte	19                              @ DW_FORM_ref4
	.byte	58                              @ DW_AT_decl_file
	.byte	11                              @ DW_FORM_data1
	.byte	59                              @ DW_AT_decl_line
	.byte	5                               @ DW_FORM_data2
	.byte	56                              @ DW_AT_data_member_location
	.byte	5                               @ DW_FORM_data2
	.byte	0                               @ EOM(1)
	.byte	0                               @ EOM(2)
	.byte	27                              @ Abbreviation Code
	.byte	38                              @ DW_TAG_const_type
	.byte	0                               @ DW_CHILDREN_no
	.byte	73                              @ DW_AT_type
	.byte	19                              @ DW_FORM_ref4
	.byte	0                               @ EOM(1)
	.byte	0                               @ EOM(2)
	.byte	28                              @ Abbreviation Code
	.byte	46                              @ DW_TAG_subprogram
	.byte	1                               @ DW_CHILDREN_yes
	.byte	17                              @ DW_AT_low_pc
	.byte	1                               @ DW_FORM_addr
	.byte	18                              @ DW_AT_high_pc
	.byte	6                               @ DW_FORM_data4
	.byte	64                              @ DW_AT_frame_base
	.byte	24                              @ DW_FORM_exprloc
	.ascii	"\227B"                         @ DW_AT_GNU_all_call_sites
	.byte	25                              @ DW_FORM_flag_present
	.byte	3                               @ DW_AT_name
	.byte	14                              @ DW_FORM_strp
	.byte	58                              @ DW_AT_decl_file
	.byte	11                              @ DW_FORM_data1
	.byte	59                              @ DW_AT_decl_line
	.byte	11                              @ DW_FORM_data1
	.byte	39                              @ DW_AT_prototyped
	.byte	25                              @ DW_FORM_flag_present
	.byte	63                              @ DW_AT_external
	.byte	25                              @ DW_FORM_flag_present
	.byte	0                               @ EOM(1)
	.byte	0                               @ EOM(2)
	.byte	29                              @ Abbreviation Code
	.byte	5                               @ DW_TAG_formal_parameter
	.byte	0                               @ DW_CHILDREN_no
	.byte	2                               @ DW_AT_location
	.byte	24                              @ DW_FORM_exprloc
	.byte	3                               @ DW_AT_name
	.byte	14                              @ DW_FORM_strp
	.byte	58                              @ DW_AT_decl_file
	.byte	11                              @ DW_FORM_data1
	.byte	59                              @ DW_AT_decl_line
	.byte	11                              @ DW_FORM_data1
	.byte	73                              @ DW_AT_type
	.byte	19                              @ DW_FORM_ref4
	.byte	0                               @ EOM(1)
	.byte	0                               @ EOM(2)
	.byte	30                              @ Abbreviation Code
	.byte	5                               @ DW_TAG_formal_parameter
	.byte	0                               @ DW_CHILDREN_no
	.byte	2                               @ DW_AT_location
	.byte	23                              @ DW_FORM_sec_offset
	.byte	3                               @ DW_AT_name
	.byte	14                              @ DW_FORM_strp
	.byte	58                              @ DW_AT_decl_file
	.byte	11                              @ DW_FORM_data1
	.byte	59                              @ DW_AT_decl_line
	.byte	11                              @ DW_FORM_data1
	.byte	73                              @ DW_AT_type
	.byte	19                              @ DW_FORM_ref4
	.byte	0                               @ EOM(1)
	.byte	0                               @ EOM(2)
	.byte	31                              @ Abbreviation Code
	.byte	46                              @ DW_TAG_subprogram
	.byte	1                               @ DW_CHILDREN_yes
	.byte	17                              @ DW_AT_low_pc
	.byte	1                               @ DW_FORM_addr
	.byte	18                              @ DW_AT_high_pc
	.byte	6                               @ DW_FORM_data4
	.byte	64                              @ DW_AT_frame_base
	.byte	24                              @ DW_FORM_exprloc
	.ascii	"\227B"                         @ DW_AT_GNU_all_call_sites
	.byte	25                              @ DW_FORM_flag_present
	.byte	3                               @ DW_AT_name
	.byte	14                              @ DW_FORM_strp
	.byte	58                              @ DW_AT_decl_file
	.byte	11                              @ DW_FORM_data1
	.byte	59                              @ DW_AT_decl_line
	.byte	11                              @ DW_FORM_data1
	.byte	39                              @ DW_AT_prototyped
	.byte	25                              @ DW_FORM_flag_present
	.byte	73                              @ DW_AT_type
	.byte	19                              @ DW_FORM_ref4
	.byte	63                              @ DW_AT_external
	.byte	25                              @ DW_FORM_flag_present
	.byte	0                               @ EOM(1)
	.byte	0                               @ EOM(2)
	.byte	32                              @ Abbreviation Code
	.byte	46                              @ DW_TAG_subprogram
	.byte	1                               @ DW_CHILDREN_yes
	.byte	3                               @ DW_AT_name
	.byte	14                              @ DW_FORM_strp
	.byte	58                              @ DW_AT_decl_file
	.byte	11                              @ DW_FORM_data1
	.byte	59                              @ DW_AT_decl_line
	.byte	5                               @ DW_FORM_data2
	.byte	39                              @ DW_AT_prototyped
	.byte	25                              @ DW_FORM_flag_present
	.byte	32                              @ DW_AT_inline
	.byte	11                              @ DW_FORM_data1
	.byte	0                               @ EOM(1)
	.byte	0                               @ EOM(2)
	.byte	33                              @ Abbreviation Code
	.byte	5                               @ DW_TAG_formal_parameter
	.byte	0                               @ DW_CHILDREN_no
	.byte	3                               @ DW_AT_name
	.byte	14                              @ DW_FORM_strp
	.byte	58                              @ DW_AT_decl_file
	.byte	11                              @ DW_FORM_data1
	.byte	59                              @ DW_AT_decl_line
	.byte	5                               @ DW_FORM_data2
	.byte	73                              @ DW_AT_type
	.byte	19                              @ DW_FORM_ref4
	.byte	0                               @ EOM(1)
	.byte	0                               @ EOM(2)
	.byte	34                              @ Abbreviation Code
	.byte	29                              @ DW_TAG_inlined_subroutine
	.byte	1                               @ DW_CHILDREN_yes
	.byte	49                              @ DW_AT_abstract_origin
	.byte	19                              @ DW_FORM_ref4
	.byte	17                              @ DW_AT_low_pc
	.byte	1                               @ DW_FORM_addr
	.byte	18                              @ DW_AT_high_pc
	.byte	6                               @ DW_FORM_data4
	.byte	88                              @ DW_AT_call_file
	.byte	11                              @ DW_FORM_data1
	.byte	89                              @ DW_AT_call_line
	.byte	11                              @ DW_FORM_data1
	.byte	87                              @ DW_AT_call_column
	.byte	11                              @ DW_FORM_data1
	.byte	0                               @ EOM(1)
	.byte	0                               @ EOM(2)
	.byte	35                              @ Abbreviation Code
	.byte	5                               @ DW_TAG_formal_parameter
	.byte	0                               @ DW_CHILDREN_no
	.byte	28                              @ DW_AT_const_value
	.byte	13                              @ DW_FORM_sdata
	.byte	49                              @ DW_AT_abstract_origin
	.byte	19                              @ DW_FORM_ref4
	.byte	0                               @ EOM(1)
	.byte	0                               @ EOM(2)
	.byte	36                              @ Abbreviation Code
	.byte	5                               @ DW_TAG_formal_parameter
	.byte	0                               @ DW_CHILDREN_no
	.byte	28                              @ DW_AT_const_value
	.byte	15                              @ DW_FORM_udata
	.byte	49                              @ DW_AT_abstract_origin
	.byte	19                              @ DW_FORM_ref4
	.byte	0                               @ EOM(1)
	.byte	0                               @ EOM(2)
	.byte	37                              @ Abbreviation Code
	.byte	46                              @ DW_TAG_subprogram
	.byte	0                               @ DW_CHILDREN_no
	.byte	17                              @ DW_AT_low_pc
	.byte	1                               @ DW_FORM_addr
	.byte	18                              @ DW_AT_high_pc
	.byte	6                               @ DW_FORM_data4
	.byte	64                              @ DW_AT_frame_base
	.byte	24                              @ DW_FORM_exprloc
	.ascii	"\227B"                         @ DW_AT_GNU_all_call_sites
	.byte	25                              @ DW_FORM_flag_present
	.byte	3                               @ DW_AT_name
	.byte	14                              @ DW_FORM_strp
	.byte	58                              @ DW_AT_decl_file
	.byte	11                              @ DW_FORM_data1
	.byte	59                              @ DW_AT_decl_line
	.byte	11                              @ DW_FORM_data1
	.byte	39                              @ DW_AT_prototyped
	.byte	25                              @ DW_FORM_flag_present
	.byte	73                              @ DW_AT_type
	.byte	19                              @ DW_FORM_ref4
	.byte	63                              @ DW_AT_external
	.byte	25                              @ DW_FORM_flag_present
	.byte	0                               @ EOM(1)
	.byte	0                               @ EOM(2)
	.byte	38                              @ Abbreviation Code
	.byte	46                              @ DW_TAG_subprogram
	.byte	1                               @ DW_CHILDREN_yes
	.byte	17                              @ DW_AT_low_pc
	.byte	1                               @ DW_FORM_addr
	.byte	18                              @ DW_AT_high_pc
	.byte	6                               @ DW_FORM_data4
	.byte	64                              @ DW_AT_frame_base
	.byte	24                              @ DW_FORM_exprloc
	.ascii	"\227B"                         @ DW_AT_GNU_all_call_sites
	.byte	25                              @ DW_FORM_flag_present
	.byte	3                               @ DW_AT_name
	.byte	14                              @ DW_FORM_strp
	.byte	58                              @ DW_AT_decl_file
	.byte	11                              @ DW_FORM_data1
	.byte	59                              @ DW_AT_decl_line
	.byte	5                               @ DW_FORM_data2
	.byte	39                              @ DW_AT_prototyped
	.byte	25                              @ DW_FORM_flag_present
	.byte	63                              @ DW_AT_external
	.byte	25                              @ DW_FORM_flag_present
	.byte	0                               @ EOM(1)
	.byte	0                               @ EOM(2)
	.byte	39                              @ Abbreviation Code
	.byte	5                               @ DW_TAG_formal_parameter
	.byte	0                               @ DW_CHILDREN_no
	.byte	2                               @ DW_AT_location
	.byte	24                              @ DW_FORM_exprloc
	.byte	3                               @ DW_AT_name
	.byte	14                              @ DW_FORM_strp
	.byte	58                              @ DW_AT_decl_file
	.byte	11                              @ DW_FORM_data1
	.byte	59                              @ DW_AT_decl_line
	.byte	5                               @ DW_FORM_data2
	.byte	73                              @ DW_AT_type
	.byte	19                              @ DW_FORM_ref4
	.byte	0                               @ EOM(1)
	.byte	0                               @ EOM(2)
	.byte	40                              @ Abbreviation Code
	.byte	52                              @ DW_TAG_variable
	.byte	0                               @ DW_CHILDREN_no
	.byte	2                               @ DW_AT_location
	.byte	23                              @ DW_FORM_sec_offset
	.byte	3                               @ DW_AT_name
	.byte	14                              @ DW_FORM_strp
	.byte	58                              @ DW_AT_decl_file
	.byte	11                              @ DW_FORM_data1
	.byte	59                              @ DW_AT_decl_line
	.byte	5                               @ DW_FORM_data2
	.byte	73                              @ DW_AT_type
	.byte	19                              @ DW_FORM_ref4
	.byte	0                               @ EOM(1)
	.byte	0                               @ EOM(2)
	.byte	41                              @ Abbreviation Code
	.byte	21                              @ DW_TAG_subroutine_type
	.byte	1                               @ DW_CHILDREN_yes
	.byte	39                              @ DW_AT_prototyped
	.byte	25                              @ DW_FORM_flag_present
	.byte	0                               @ EOM(1)
	.byte	0                               @ EOM(2)
	.byte	42                              @ Abbreviation Code
	.byte	5                               @ DW_TAG_formal_parameter
	.byte	0                               @ DW_CHILDREN_no
	.byte	73                              @ DW_AT_type
	.byte	19                              @ DW_FORM_ref4
	.byte	0                               @ EOM(1)
	.byte	0                               @ EOM(2)
	.byte	0                               @ EOM(3)
	.section	.debug_info,"",%progbits
.Lcu_begin0:
	.long	.Ldebug_info_end0-.Ldebug_info_start0 @ Length of Unit
.Ldebug_info_start0:
	.short	4                               @ DWARF version number
	.long	.debug_abbrev                   @ Offset Into Abbrev. Section
	.byte	4                               @ Address Size (in bytes)
	.byte	1                               @ Abbrev [1] 0xb:0x156b DW_TAG_compile_unit
	.long	.Linfo_string0                  @ DW_AT_producer
	.short	12                              @ DW_AT_language
	.long	.Linfo_string1                  @ DW_AT_name
	.long	.Lline_table_start0             @ DW_AT_stmt_list
	.long	.Linfo_string2                  @ DW_AT_comp_dir
	.long	0                               @ DW_AT_low_pc
	.long	.Ldebug_ranges0                 @ DW_AT_ranges
	.byte	2                               @ Abbrev [2] 0x26:0x1b DW_TAG_enumeration_type
	.long	65                              @ DW_AT_type
	.byte	1                               @ DW_AT_byte_size
	.byte	1                               @ DW_AT_decl_file
	.byte	88                              @ DW_AT_decl_line
	.byte	3                               @ Abbrev [3] 0x2e:0x6 DW_TAG_enumerator
	.long	.Linfo_string4                  @ DW_AT_name
	.byte	0                               @ DW_AT_const_value
	.byte	3                               @ Abbrev [3] 0x34:0x6 DW_TAG_enumerator
	.long	.Linfo_string5                  @ DW_AT_name
	.byte	1                               @ DW_AT_const_value
	.byte	3                               @ Abbrev [3] 0x3a:0x6 DW_TAG_enumerator
	.long	.Linfo_string6                  @ DW_AT_name
	.byte	2                               @ DW_AT_const_value
	.byte	0                               @ End Of Children Mark
	.byte	4                               @ Abbrev [4] 0x41:0x7 DW_TAG_base_type
	.long	.Linfo_string3                  @ DW_AT_name
	.byte	8                               @ DW_AT_encoding
	.byte	1                               @ DW_AT_byte_size
	.byte	2                               @ Abbrev [2] 0x48:0x6f DW_TAG_enumeration_type
	.long	65                              @ DW_AT_type
	.byte	1                               @ DW_AT_byte_size
	.byte	1                               @ DW_AT_decl_file
	.byte	98                              @ DW_AT_decl_line
	.byte	3                               @ Abbrev [3] 0x50:0x6 DW_TAG_enumerator
	.long	.Linfo_string7                  @ DW_AT_name
	.byte	0                               @ DW_AT_const_value
	.byte	3                               @ Abbrev [3] 0x56:0x6 DW_TAG_enumerator
	.long	.Linfo_string8                  @ DW_AT_name
	.byte	1                               @ DW_AT_const_value
	.byte	3                               @ Abbrev [3] 0x5c:0x6 DW_TAG_enumerator
	.long	.Linfo_string9                  @ DW_AT_name
	.byte	2                               @ DW_AT_const_value
	.byte	3                               @ Abbrev [3] 0x62:0x6 DW_TAG_enumerator
	.long	.Linfo_string10                 @ DW_AT_name
	.byte	3                               @ DW_AT_const_value
	.byte	3                               @ Abbrev [3] 0x68:0x6 DW_TAG_enumerator
	.long	.Linfo_string11                 @ DW_AT_name
	.byte	4                               @ DW_AT_const_value
	.byte	3                               @ Abbrev [3] 0x6e:0x6 DW_TAG_enumerator
	.long	.Linfo_string12                 @ DW_AT_name
	.byte	5                               @ DW_AT_const_value
	.byte	3                               @ Abbrev [3] 0x74:0x6 DW_TAG_enumerator
	.long	.Linfo_string13                 @ DW_AT_name
	.byte	6                               @ DW_AT_const_value
	.byte	3                               @ Abbrev [3] 0x7a:0x6 DW_TAG_enumerator
	.long	.Linfo_string14                 @ DW_AT_name
	.byte	7                               @ DW_AT_const_value
	.byte	3                               @ Abbrev [3] 0x80:0x6 DW_TAG_enumerator
	.long	.Linfo_string15                 @ DW_AT_name
	.byte	8                               @ DW_AT_const_value
	.byte	3                               @ Abbrev [3] 0x86:0x6 DW_TAG_enumerator
	.long	.Linfo_string16                 @ DW_AT_name
	.byte	9                               @ DW_AT_const_value
	.byte	3                               @ Abbrev [3] 0x8c:0x6 DW_TAG_enumerator
	.long	.Linfo_string17                 @ DW_AT_name
	.byte	10                              @ DW_AT_const_value
	.byte	3                               @ Abbrev [3] 0x92:0x6 DW_TAG_enumerator
	.long	.Linfo_string18                 @ DW_AT_name
	.byte	11                              @ DW_AT_const_value
	.byte	3                               @ Abbrev [3] 0x98:0x6 DW_TAG_enumerator
	.long	.Linfo_string19                 @ DW_AT_name
	.byte	12                              @ DW_AT_const_value
	.byte	3                               @ Abbrev [3] 0x9e:0x6 DW_TAG_enumerator
	.long	.Linfo_string20                 @ DW_AT_name
	.byte	13                              @ DW_AT_const_value
	.byte	3                               @ Abbrev [3] 0xa4:0x6 DW_TAG_enumerator
	.long	.Linfo_string21                 @ DW_AT_name
	.byte	14                              @ DW_AT_const_value
	.byte	3                               @ Abbrev [3] 0xaa:0x6 DW_TAG_enumerator
	.long	.Linfo_string22                 @ DW_AT_name
	.byte	15                              @ DW_AT_const_value
	.byte	3                               @ Abbrev [3] 0xb0:0x6 DW_TAG_enumerator
	.long	.Linfo_string23                 @ DW_AT_name
	.byte	16                              @ DW_AT_const_value
	.byte	0                               @ End Of Children Mark
	.byte	2                               @ Abbrev [2] 0xb7:0x27 DW_TAG_enumeration_type
	.long	65                              @ DW_AT_type
	.byte	1                               @ DW_AT_byte_size
	.byte	1                               @ DW_AT_decl_file
	.byte	122                             @ DW_AT_decl_line
	.byte	3                               @ Abbrev [3] 0xbf:0x6 DW_TAG_enumerator
	.long	.Linfo_string24                 @ DW_AT_name
	.byte	0                               @ DW_AT_const_value
	.byte	3                               @ Abbrev [3] 0xc5:0x6 DW_TAG_enumerator
	.long	.Linfo_string25                 @ DW_AT_name
	.byte	1                               @ DW_AT_const_value
	.byte	3                               @ Abbrev [3] 0xcb:0x6 DW_TAG_enumerator
	.long	.Linfo_string26                 @ DW_AT_name
	.byte	2                               @ DW_AT_const_value
	.byte	3                               @ Abbrev [3] 0xd1:0x6 DW_TAG_enumerator
	.long	.Linfo_string27                 @ DW_AT_name
	.byte	3                               @ DW_AT_const_value
	.byte	3                               @ Abbrev [3] 0xd7:0x6 DW_TAG_enumerator
	.long	.Linfo_string28                 @ DW_AT_name
	.byte	4                               @ DW_AT_const_value
	.byte	0                               @ End Of Children Mark
	.byte	2                               @ Abbrev [2] 0xde:0x21 DW_TAG_enumeration_type
	.long	65                              @ DW_AT_type
	.byte	1                               @ DW_AT_byte_size
	.byte	1                               @ DW_AT_decl_file
	.byte	134                             @ DW_AT_decl_line
	.byte	3                               @ Abbrev [3] 0xe6:0x6 DW_TAG_enumerator
	.long	.Linfo_string29                 @ DW_AT_name
	.byte	1                               @ DW_AT_const_value
	.byte	3                               @ Abbrev [3] 0xec:0x6 DW_TAG_enumerator
	.long	.Linfo_string30                 @ DW_AT_name
	.byte	2                               @ DW_AT_const_value
	.byte	3                               @ Abbrev [3] 0xf2:0x6 DW_TAG_enumerator
	.long	.Linfo_string31                 @ DW_AT_name
	.byte	4                               @ DW_AT_const_value
	.byte	3                               @ Abbrev [3] 0xf8:0x6 DW_TAG_enumerator
	.long	.Linfo_string32                 @ DW_AT_name
	.byte	8                               @ DW_AT_const_value
	.byte	0                               @ End Of Children Mark
	.byte	2                               @ Abbrev [2] 0xff:0x1b DW_TAG_enumeration_type
	.long	65                              @ DW_AT_type
	.byte	1                               @ DW_AT_byte_size
	.byte	1                               @ DW_AT_decl_file
	.byte	157                             @ DW_AT_decl_line
	.byte	3                               @ Abbrev [3] 0x107:0x6 DW_TAG_enumerator
	.long	.Linfo_string33                 @ DW_AT_name
	.byte	0                               @ DW_AT_const_value
	.byte	3                               @ Abbrev [3] 0x10d:0x6 DW_TAG_enumerator
	.long	.Linfo_string34                 @ DW_AT_name
	.byte	1                               @ DW_AT_const_value
	.byte	3                               @ Abbrev [3] 0x113:0x6 DW_TAG_enumerator
	.long	.Linfo_string35                 @ DW_AT_name
	.byte	2                               @ DW_AT_const_value
	.byte	0                               @ End Of Children Mark
	.byte	2                               @ Abbrev [2] 0x11a:0x21 DW_TAG_enumeration_type
	.long	65                              @ DW_AT_type
	.byte	1                               @ DW_AT_byte_size
	.byte	1                               @ DW_AT_decl_file
	.byte	145                             @ DW_AT_decl_line
	.byte	3                               @ Abbrev [3] 0x122:0x6 DW_TAG_enumerator
	.long	.Linfo_string36                 @ DW_AT_name
	.byte	0                               @ DW_AT_const_value
	.byte	3                               @ Abbrev [3] 0x128:0x6 DW_TAG_enumerator
	.long	.Linfo_string37                 @ DW_AT_name
	.byte	1                               @ DW_AT_const_value
	.byte	3                               @ Abbrev [3] 0x12e:0x6 DW_TAG_enumerator
	.long	.Linfo_string38                 @ DW_AT_name
	.byte	2                               @ DW_AT_const_value
	.byte	3                               @ Abbrev [3] 0x134:0x6 DW_TAG_enumerator
	.long	.Linfo_string39                 @ DW_AT_name
	.byte	4                               @ DW_AT_const_value
	.byte	0                               @ End Of Children Mark
	.byte	5                               @ Abbrev [5] 0x13b:0x6d DW_TAG_enumeration_type
	.long	424                             @ DW_AT_type
	.long	.Linfo_string57                 @ DW_AT_name
	.byte	1                               @ DW_AT_byte_size
	.byte	2                               @ DW_AT_decl_file
	.byte	70                              @ DW_AT_decl_line
	.byte	6                               @ Abbrev [6] 0x147:0x6 DW_TAG_enumerator
	.long	.Linfo_string41                 @ DW_AT_name
	.byte	114                             @ DW_AT_const_value
	.byte	6                               @ Abbrev [6] 0x14d:0x6 DW_TAG_enumerator
	.long	.Linfo_string42                 @ DW_AT_name
	.byte	115                             @ DW_AT_const_value
	.byte	6                               @ Abbrev [6] 0x153:0x6 DW_TAG_enumerator
	.long	.Linfo_string43                 @ DW_AT_name
	.byte	123                             @ DW_AT_const_value
	.byte	6                               @ Abbrev [6] 0x159:0x6 DW_TAG_enumerator
	.long	.Linfo_string44                 @ DW_AT_name
	.byte	126                             @ DW_AT_const_value
	.byte	6                               @ Abbrev [6] 0x15f:0x6 DW_TAG_enumerator
	.long	.Linfo_string45                 @ DW_AT_name
	.byte	127                             @ DW_AT_const_value
	.byte	6                               @ Abbrev [6] 0x165:0x6 DW_TAG_enumerator
	.long	.Linfo_string46                 @ DW_AT_name
	.byte	0                               @ DW_AT_const_value
	.byte	6                               @ Abbrev [6] 0x16b:0x6 DW_TAG_enumerator
	.long	.Linfo_string47                 @ DW_AT_name
	.byte	1                               @ DW_AT_const_value
	.byte	6                               @ Abbrev [6] 0x171:0x6 DW_TAG_enumerator
	.long	.Linfo_string48                 @ DW_AT_name
	.byte	2                               @ DW_AT_const_value
	.byte	6                               @ Abbrev [6] 0x177:0x6 DW_TAG_enumerator
	.long	.Linfo_string49                 @ DW_AT_name
	.byte	3                               @ DW_AT_const_value
	.byte	6                               @ Abbrev [6] 0x17d:0x6 DW_TAG_enumerator
	.long	.Linfo_string50                 @ DW_AT_name
	.byte	4                               @ DW_AT_const_value
	.byte	6                               @ Abbrev [6] 0x183:0x6 DW_TAG_enumerator
	.long	.Linfo_string51                 @ DW_AT_name
	.byte	5                               @ DW_AT_const_value
	.byte	6                               @ Abbrev [6] 0x189:0x6 DW_TAG_enumerator
	.long	.Linfo_string52                 @ DW_AT_name
	.byte	6                               @ DW_AT_const_value
	.byte	6                               @ Abbrev [6] 0x18f:0x6 DW_TAG_enumerator
	.long	.Linfo_string53                 @ DW_AT_name
	.byte	7                               @ DW_AT_const_value
	.byte	6                               @ Abbrev [6] 0x195:0x6 DW_TAG_enumerator
	.long	.Linfo_string54                 @ DW_AT_name
	.byte	8                               @ DW_AT_const_value
	.byte	6                               @ Abbrev [6] 0x19b:0x6 DW_TAG_enumerator
	.long	.Linfo_string55                 @ DW_AT_name
	.byte	9                               @ DW_AT_const_value
	.byte	6                               @ Abbrev [6] 0x1a1:0x6 DW_TAG_enumerator
	.long	.Linfo_string56                 @ DW_AT_name
	.byte	10                              @ DW_AT_const_value
	.byte	0                               @ End Of Children Mark
	.byte	4                               @ Abbrev [4] 0x1a8:0x7 DW_TAG_base_type
	.long	.Linfo_string40                 @ DW_AT_name
	.byte	6                               @ DW_AT_encoding
	.byte	1                               @ DW_AT_byte_size
	.byte	7                               @ Abbrev [7] 0x1af:0xb DW_TAG_typedef
	.long	442                             @ DW_AT_type
	.long	.Linfo_string59                 @ DW_AT_name
	.byte	3                               @ DW_AT_decl_file
	.byte	63                              @ DW_AT_decl_line
	.byte	4                               @ Abbrev [4] 0x1ba:0x7 DW_TAG_base_type
	.long	.Linfo_string58                 @ DW_AT_name
	.byte	7                               @ DW_AT_encoding
	.byte	2                               @ DW_AT_byte_size
	.byte	8                               @ Abbrev [8] 0x1c1:0x5 DW_TAG_pointer_type
	.long	454                             @ DW_AT_type
	.byte	7                               @ Abbrev [7] 0x1c6:0xb DW_TAG_typedef
	.long	465                             @ DW_AT_type
	.long	.Linfo_string91                 @ DW_AT_name
	.byte	4                               @ DW_AT_decl_file
	.byte	175                             @ DW_AT_decl_line
	.byte	9                               @ Abbrev [9] 0x1d1:0xf0 DW_TAG_structure_type
	.short	256                             @ DW_AT_byte_size
	.byte	4                               @ DW_AT_decl_file
	.byte	135                             @ DW_AT_decl_line
	.byte	10                              @ Abbrev [10] 0x1d6:0x8 DW_TAG_member
	.long	478                             @ DW_AT_type
	.byte	4                               @ DW_AT_decl_file
	.byte	137                             @ DW_AT_decl_line
	.byte	0                               @ DW_AT_data_member_location
	.byte	11                              @ Abbrev [11] 0x1de:0x1d DW_TAG_union_type
	.byte	4                               @ DW_AT_byte_size
	.byte	4                               @ DW_AT_decl_file
	.byte	137                             @ DW_AT_decl_line
	.byte	12                              @ Abbrev [12] 0x1e2:0xc DW_TAG_member
	.long	.Linfo_string60                 @ DW_AT_name
	.long	705                             @ DW_AT_type
	.byte	4                               @ DW_AT_decl_file
	.byte	139                             @ DW_AT_decl_line
	.byte	0                               @ DW_AT_data_member_location
	.byte	12                              @ Abbrev [12] 0x1ee:0xc DW_TAG_member
	.long	.Linfo_string63                 @ DW_AT_name
	.long	728                             @ DW_AT_type
	.byte	4                               @ DW_AT_decl_file
	.byte	140                             @ DW_AT_decl_line
	.byte	0                               @ DW_AT_data_member_location
	.byte	0                               @ End Of Children Mark
	.byte	10                              @ Abbrev [10] 0x1fb:0x8 DW_TAG_member
	.long	515                             @ DW_AT_type
	.byte	4                               @ DW_AT_decl_file
	.byte	143                             @ DW_AT_decl_line
	.byte	4                               @ DW_AT_data_member_location
	.byte	11                              @ Abbrev [11] 0x203:0x1d DW_TAG_union_type
	.byte	4                               @ DW_AT_byte_size
	.byte	4                               @ DW_AT_decl_file
	.byte	143                             @ DW_AT_decl_line
	.byte	12                              @ Abbrev [12] 0x207:0xc DW_TAG_member
	.long	.Linfo_string68                 @ DW_AT_name
	.long	705                             @ DW_AT_type
	.byte	4                               @ DW_AT_decl_file
	.byte	145                             @ DW_AT_decl_line
	.byte	0                               @ DW_AT_data_member_location
	.byte	12                              @ Abbrev [12] 0x213:0xc DW_TAG_member
	.long	.Linfo_string69                 @ DW_AT_name
	.long	788                             @ DW_AT_type
	.byte	4                               @ DW_AT_decl_file
	.byte	146                             @ DW_AT_decl_line
	.byte	0                               @ DW_AT_data_member_location
	.byte	0                               @ End Of Children Mark
	.byte	10                              @ Abbrev [10] 0x220:0x8 DW_TAG_member
	.long	552                             @ DW_AT_type
	.byte	4                               @ DW_AT_decl_file
	.byte	149                             @ DW_AT_decl_line
	.byte	8                               @ DW_AT_data_member_location
	.byte	11                              @ Abbrev [11] 0x228:0x1d DW_TAG_union_type
	.byte	4                               @ DW_AT_byte_size
	.byte	4                               @ DW_AT_decl_file
	.byte	149                             @ DW_AT_decl_line
	.byte	12                              @ Abbrev [12] 0x22c:0xc DW_TAG_member
	.long	.Linfo_string74                 @ DW_AT_name
	.long	705                             @ DW_AT_type
	.byte	4                               @ DW_AT_decl_file
	.byte	151                             @ DW_AT_decl_line
	.byte	0                               @ DW_AT_data_member_location
	.byte	12                              @ Abbrev [12] 0x238:0xc DW_TAG_member
	.long	.Linfo_string75                 @ DW_AT_name
	.long	861                             @ DW_AT_type
	.byte	4                               @ DW_AT_decl_file
	.byte	152                             @ DW_AT_decl_line
	.byte	0                               @ DW_AT_data_member_location
	.byte	0                               @ End Of Children Mark
	.byte	10                              @ Abbrev [10] 0x245:0x8 DW_TAG_member
	.long	589                             @ DW_AT_type
	.byte	4                               @ DW_AT_decl_file
	.byte	155                             @ DW_AT_decl_line
	.byte	12                              @ DW_AT_data_member_location
	.byte	11                              @ Abbrev [11] 0x24d:0x1d DW_TAG_union_type
	.byte	4                               @ DW_AT_byte_size
	.byte	4                               @ DW_AT_decl_file
	.byte	155                             @ DW_AT_decl_line
	.byte	12                              @ Abbrev [12] 0x251:0xc DW_TAG_member
	.long	.Linfo_string79                 @ DW_AT_name
	.long	705                             @ DW_AT_type
	.byte	4                               @ DW_AT_decl_file
	.byte	157                             @ DW_AT_decl_line
	.byte	0                               @ DW_AT_data_member_location
	.byte	12                              @ Abbrev [12] 0x25d:0xc DW_TAG_member
	.long	.Linfo_string80                 @ DW_AT_name
	.long	921                             @ DW_AT_type
	.byte	4                               @ DW_AT_decl_file
	.byte	158                             @ DW_AT_decl_line
	.byte	0                               @ DW_AT_data_member_location
	.byte	0                               @ End Of Children Mark
	.byte	12                              @ Abbrev [12] 0x26a:0xc DW_TAG_member
	.long	.Linfo_string66                 @ DW_AT_name
	.long	981                             @ DW_AT_type
	.byte	4                               @ DW_AT_decl_file
	.byte	161                             @ DW_AT_decl_line
	.byte	16                              @ DW_AT_data_member_location
	.byte	10                              @ Abbrev [10] 0x276:0x8 DW_TAG_member
	.long	638                             @ DW_AT_type
	.byte	4                               @ DW_AT_decl_file
	.byte	163                             @ DW_AT_decl_line
	.byte	248                             @ DW_AT_data_member_location
	.byte	11                              @ Abbrev [11] 0x27e:0x1d DW_TAG_union_type
	.byte	4                               @ DW_AT_byte_size
	.byte	4                               @ DW_AT_decl_file
	.byte	163                             @ DW_AT_decl_line
	.byte	12                              @ Abbrev [12] 0x282:0xc DW_TAG_member
	.long	.Linfo_string85                 @ DW_AT_name
	.long	705                             @ DW_AT_type
	.byte	4                               @ DW_AT_decl_file
	.byte	165                             @ DW_AT_decl_line
	.byte	0                               @ DW_AT_data_member_location
	.byte	12                              @ Abbrev [12] 0x28e:0xc DW_TAG_member
	.long	.Linfo_string86                 @ DW_AT_name
	.long	1000                            @ DW_AT_type
	.byte	4                               @ DW_AT_decl_file
	.byte	166                             @ DW_AT_decl_line
	.byte	0                               @ DW_AT_data_member_location
	.byte	0                               @ End Of Children Mark
	.byte	10                              @ Abbrev [10] 0x29b:0x8 DW_TAG_member
	.long	675                             @ DW_AT_type
	.byte	4                               @ DW_AT_decl_file
	.byte	169                             @ DW_AT_decl_line
	.byte	252                             @ DW_AT_data_member_location
	.byte	11                              @ Abbrev [11] 0x2a3:0x1d DW_TAG_union_type
	.byte	4                               @ DW_AT_byte_size
	.byte	4                               @ DW_AT_decl_file
	.byte	169                             @ DW_AT_decl_line
	.byte	12                              @ Abbrev [12] 0x2a7:0xc DW_TAG_member
	.long	.Linfo_string88                 @ DW_AT_name
	.long	705                             @ DW_AT_type
	.byte	4                               @ DW_AT_decl_file
	.byte	171                             @ DW_AT_decl_line
	.byte	0                               @ DW_AT_data_member_location
	.byte	12                              @ Abbrev [12] 0x2b3:0xc DW_TAG_member
	.long	.Linfo_string89                 @ DW_AT_name
	.long	1047                            @ DW_AT_type
	.byte	4                               @ DW_AT_decl_file
	.byte	172                             @ DW_AT_decl_line
	.byte	0                               @ DW_AT_data_member_location
	.byte	0                               @ End Of Children Mark
	.byte	0                               @ End Of Children Mark
	.byte	13                              @ Abbrev [13] 0x2c1:0x5 DW_TAG_volatile_type
	.long	710                             @ DW_AT_type
	.byte	7                               @ Abbrev [7] 0x2c6:0xb DW_TAG_typedef
	.long	721                             @ DW_AT_type
	.long	.Linfo_string62                 @ DW_AT_name
	.byte	3                               @ DW_AT_decl_file
	.byte	64                              @ DW_AT_decl_line
	.byte	4                               @ Abbrev [4] 0x2d1:0x7 DW_TAG_base_type
	.long	.Linfo_string61                 @ DW_AT_name
	.byte	7                               @ DW_AT_encoding
	.byte	4                               @ DW_AT_byte_size
	.byte	13                              @ Abbrev [13] 0x2d8:0x5 DW_TAG_volatile_type
	.long	733                             @ DW_AT_type
	.byte	7                               @ Abbrev [7] 0x2dd:0xb DW_TAG_typedef
	.long	744                             @ DW_AT_type
	.long	.Linfo_string67                 @ DW_AT_name
	.byte	4                               @ DW_AT_decl_file
	.byte	98                              @ DW_AT_decl_line
	.byte	14                              @ Abbrev [14] 0x2e8:0x2c DW_TAG_structure_type
	.byte	4                               @ DW_AT_byte_size
	.byte	4                               @ DW_AT_decl_file
	.byte	93                              @ DW_AT_decl_line
	.byte	15                              @ Abbrev [15] 0x2ec:0xd DW_TAG_member
	.long	.Linfo_string64                 @ DW_AT_name
	.long	705                             @ DW_AT_type
	.byte	4                               @ DW_AT_decl_file
	.byte	95                              @ DW_AT_decl_line
	.byte	16                              @ DW_AT_bit_size
	.byte	0                               @ DW_AT_data_bit_offset
	.byte	15                              @ Abbrev [15] 0x2f9:0xd DW_TAG_member
	.long	.Linfo_string65                 @ DW_AT_name
	.long	705                             @ DW_AT_type
	.byte	4                               @ DW_AT_decl_file
	.byte	96                              @ DW_AT_decl_line
	.byte	7                               @ DW_AT_bit_size
	.byte	16                              @ DW_AT_data_bit_offset
	.byte	15                              @ Abbrev [15] 0x306:0xd DW_TAG_member
	.long	.Linfo_string66                 @ DW_AT_name
	.long	705                             @ DW_AT_type
	.byte	4                               @ DW_AT_decl_file
	.byte	97                              @ DW_AT_decl_line
	.byte	9                               @ DW_AT_bit_size
	.byte	23                              @ DW_AT_data_bit_offset
	.byte	0                               @ End Of Children Mark
	.byte	13                              @ Abbrev [13] 0x314:0x5 DW_TAG_volatile_type
	.long	793                             @ DW_AT_type
	.byte	7                               @ Abbrev [7] 0x319:0xb DW_TAG_typedef
	.long	804                             @ DW_AT_type
	.long	.Linfo_string73                 @ DW_AT_name
	.byte	4                               @ DW_AT_decl_file
	.byte	106                             @ DW_AT_decl_line
	.byte	14                              @ Abbrev [14] 0x324:0x39 DW_TAG_structure_type
	.byte	4                               @ DW_AT_byte_size
	.byte	4                               @ DW_AT_decl_file
	.byte	100                             @ DW_AT_decl_line
	.byte	15                              @ Abbrev [15] 0x328:0xd DW_TAG_member
	.long	.Linfo_string70                 @ DW_AT_name
	.long	705                             @ DW_AT_type
	.byte	4                               @ DW_AT_decl_file
	.byte	102                             @ DW_AT_decl_line
	.byte	1                               @ DW_AT_bit_size
	.byte	0                               @ DW_AT_data_bit_offset
	.byte	15                              @ Abbrev [15] 0x335:0xd DW_TAG_member
	.long	.Linfo_string71                 @ DW_AT_name
	.long	705                             @ DW_AT_type
	.byte	4                               @ DW_AT_decl_file
	.byte	103                             @ DW_AT_decl_line
	.byte	3                               @ DW_AT_bit_size
	.byte	1                               @ DW_AT_data_bit_offset
	.byte	15                              @ Abbrev [15] 0x342:0xd DW_TAG_member
	.long	.Linfo_string72                 @ DW_AT_name
	.long	705                             @ DW_AT_type
	.byte	4                               @ DW_AT_decl_file
	.byte	104                             @ DW_AT_decl_line
	.byte	24                              @ DW_AT_bit_size
	.byte	4                               @ DW_AT_data_bit_offset
	.byte	15                              @ Abbrev [15] 0x34f:0xd DW_TAG_member
	.long	.Linfo_string66                 @ DW_AT_name
	.long	705                             @ DW_AT_type
	.byte	4                               @ DW_AT_decl_file
	.byte	105                             @ DW_AT_decl_line
	.byte	4                               @ DW_AT_bit_size
	.byte	28                              @ DW_AT_data_bit_offset
	.byte	0                               @ End Of Children Mark
	.byte	13                              @ Abbrev [13] 0x35d:0x5 DW_TAG_volatile_type
	.long	866                             @ DW_AT_type
	.byte	7                               @ Abbrev [7] 0x362:0xb DW_TAG_typedef
	.long	877                             @ DW_AT_type
	.long	.Linfo_string78                 @ DW_AT_name
	.byte	4                               @ DW_AT_decl_file
	.byte	113                             @ DW_AT_decl_line
	.byte	14                              @ Abbrev [14] 0x36d:0x2c DW_TAG_structure_type
	.byte	4                               @ DW_AT_byte_size
	.byte	4                               @ DW_AT_decl_file
	.byte	108                             @ DW_AT_decl_line
	.byte	15                              @ Abbrev [15] 0x371:0xd DW_TAG_member
	.long	.Linfo_string76                 @ DW_AT_name
	.long	705                             @ DW_AT_type
	.byte	4                               @ DW_AT_decl_file
	.byte	110                             @ DW_AT_decl_line
	.byte	1                               @ DW_AT_bit_size
	.byte	0                               @ DW_AT_data_bit_offset
	.byte	15                              @ Abbrev [15] 0x37e:0xd DW_TAG_member
	.long	.Linfo_string77                 @ DW_AT_name
	.long	705                             @ DW_AT_type
	.byte	4                               @ DW_AT_decl_file
	.byte	111                             @ DW_AT_decl_line
	.byte	1                               @ DW_AT_bit_size
	.byte	1                               @ DW_AT_data_bit_offset
	.byte	15                              @ Abbrev [15] 0x38b:0xd DW_TAG_member
	.long	.Linfo_string66                 @ DW_AT_name
	.long	705                             @ DW_AT_type
	.byte	4                               @ DW_AT_decl_file
	.byte	112                             @ DW_AT_decl_line
	.byte	30                              @ DW_AT_bit_size
	.byte	2                               @ DW_AT_data_bit_offset
	.byte	0                               @ End Of Children Mark
	.byte	13                              @ Abbrev [13] 0x399:0x5 DW_TAG_volatile_type
	.long	926                             @ DW_AT_type
	.byte	7                               @ Abbrev [7] 0x39e:0xb DW_TAG_typedef
	.long	937                             @ DW_AT_type
	.long	.Linfo_string83                 @ DW_AT_name
	.byte	4                               @ DW_AT_decl_file
	.byte	120                             @ DW_AT_decl_line
	.byte	14                              @ Abbrev [14] 0x3a9:0x2c DW_TAG_structure_type
	.byte	4                               @ DW_AT_byte_size
	.byte	4                               @ DW_AT_decl_file
	.byte	115                             @ DW_AT_decl_line
	.byte	15                              @ Abbrev [15] 0x3ad:0xd DW_TAG_member
	.long	.Linfo_string81                 @ DW_AT_name
	.long	705                             @ DW_AT_type
	.byte	4                               @ DW_AT_decl_file
	.byte	117                             @ DW_AT_decl_line
	.byte	1                               @ DW_AT_bit_size
	.byte	0                               @ DW_AT_data_bit_offset
	.byte	15                              @ Abbrev [15] 0x3ba:0xd DW_TAG_member
	.long	.Linfo_string82                 @ DW_AT_name
	.long	705                             @ DW_AT_type
	.byte	4                               @ DW_AT_decl_file
	.byte	118                             @ DW_AT_decl_line
	.byte	1                               @ DW_AT_bit_size
	.byte	1                               @ DW_AT_data_bit_offset
	.byte	15                              @ Abbrev [15] 0x3c7:0xd DW_TAG_member
	.long	.Linfo_string66                 @ DW_AT_name
	.long	705                             @ DW_AT_type
	.byte	4                               @ DW_AT_decl_file
	.byte	119                             @ DW_AT_decl_line
	.byte	30                              @ DW_AT_bit_size
	.byte	2                               @ DW_AT_data_bit_offset
	.byte	0                               @ End Of Children Mark
	.byte	16                              @ Abbrev [16] 0x3d5:0xc DW_TAG_array_type
	.long	710                             @ DW_AT_type
	.byte	17                              @ Abbrev [17] 0x3da:0x6 DW_TAG_subrange_type
	.long	993                             @ DW_AT_type
	.byte	58                              @ DW_AT_count
	.byte	0                               @ End Of Children Mark
	.byte	18                              @ Abbrev [18] 0x3e1:0x7 DW_TAG_base_type
	.long	.Linfo_string84                 @ DW_AT_name
	.byte	8                               @ DW_AT_byte_size
	.byte	7                               @ DW_AT_encoding
	.byte	13                              @ Abbrev [13] 0x3e8:0x5 DW_TAG_volatile_type
	.long	1005                            @ DW_AT_type
	.byte	7                               @ Abbrev [7] 0x3ed:0xb DW_TAG_typedef
	.long	1016                            @ DW_AT_type
	.long	.Linfo_string87                 @ DW_AT_name
	.byte	4                               @ DW_AT_decl_file
	.byte	126                             @ DW_AT_decl_line
	.byte	14                              @ Abbrev [14] 0x3f8:0x1f DW_TAG_structure_type
	.byte	4                               @ DW_AT_byte_size
	.byte	4                               @ DW_AT_decl_file
	.byte	122                             @ DW_AT_decl_line
	.byte	15                              @ Abbrev [15] 0x3fc:0xd DW_TAG_member
	.long	.Linfo_string85                 @ DW_AT_name
	.long	705                             @ DW_AT_type
	.byte	4                               @ DW_AT_decl_file
	.byte	124                             @ DW_AT_decl_line
	.byte	4                               @ DW_AT_bit_size
	.byte	0                               @ DW_AT_data_bit_offset
	.byte	15                              @ Abbrev [15] 0x409:0xd DW_TAG_member
	.long	.Linfo_string66                 @ DW_AT_name
	.long	705                             @ DW_AT_type
	.byte	4                               @ DW_AT_decl_file
	.byte	125                             @ DW_AT_decl_line
	.byte	28                              @ DW_AT_bit_size
	.byte	4                               @ DW_AT_data_bit_offset
	.byte	0                               @ End Of Children Mark
	.byte	13                              @ Abbrev [13] 0x417:0x5 DW_TAG_volatile_type
	.long	1052                            @ DW_AT_type
	.byte	7                               @ Abbrev [7] 0x41c:0xb DW_TAG_typedef
	.long	1063                            @ DW_AT_type
	.long	.Linfo_string90                 @ DW_AT_name
	.byte	4                               @ DW_AT_decl_file
	.byte	132                             @ DW_AT_decl_line
	.byte	14                              @ Abbrev [14] 0x427:0x1f DW_TAG_structure_type
	.byte	4                               @ DW_AT_byte_size
	.byte	4                               @ DW_AT_decl_file
	.byte	128                             @ DW_AT_decl_line
	.byte	15                              @ Abbrev [15] 0x42b:0xd DW_TAG_member
	.long	.Linfo_string88                 @ DW_AT_name
	.long	705                             @ DW_AT_type
	.byte	4                               @ DW_AT_decl_file
	.byte	130                             @ DW_AT_decl_line
	.byte	1                               @ DW_AT_bit_size
	.byte	0                               @ DW_AT_data_bit_offset
	.byte	15                              @ Abbrev [15] 0x438:0xd DW_TAG_member
	.long	.Linfo_string66                 @ DW_AT_name
	.long	705                             @ DW_AT_type
	.byte	4                               @ DW_AT_decl_file
	.byte	131                             @ DW_AT_decl_line
	.byte	31                              @ DW_AT_bit_size
	.byte	1                               @ DW_AT_data_bit_offset
	.byte	0                               @ End Of Children Mark
	.byte	7                               @ Abbrev [7] 0x446:0xb DW_TAG_typedef
	.long	65                              @ DW_AT_type
	.long	.Linfo_string92                 @ DW_AT_name
	.byte	3                               @ DW_AT_decl_file
	.byte	62                              @ DW_AT_decl_line
	.byte	8                               @ Abbrev [8] 0x451:0x5 DW_TAG_pointer_type
	.long	1110                            @ DW_AT_type
	.byte	19                              @ Abbrev [19] 0x456:0xc DW_TAG_typedef
	.long	1122                            @ DW_AT_type
	.long	.Linfo_string230                @ DW_AT_name
	.byte	5                               @ DW_AT_decl_file
	.short	766                             @ DW_AT_decl_line
	.byte	20                              @ Abbrev [20] 0x462:0x415 DW_TAG_structure_type
	.short	256                             @ DW_AT_byte_size
	.byte	5                               @ DW_AT_decl_file
	.short	612                             @ DW_AT_decl_line
	.byte	21                              @ Abbrev [21] 0x468:0x9 DW_TAG_member
	.long	1137                            @ DW_AT_type
	.byte	5                               @ DW_AT_decl_file
	.short	614                             @ DW_AT_decl_line
	.byte	0                               @ DW_AT_data_member_location
	.byte	22                              @ Abbrev [22] 0x471:0x20 DW_TAG_union_type
	.byte	4                               @ DW_AT_byte_size
	.byte	5                               @ DW_AT_decl_file
	.short	614                             @ DW_AT_decl_line
	.byte	23                              @ Abbrev [23] 0x476:0xd DW_TAG_member
	.long	.Linfo_string93                 @ DW_AT_name
	.long	705                             @ DW_AT_type
	.byte	5                               @ DW_AT_decl_file
	.short	616                             @ DW_AT_decl_line
	.byte	0                               @ DW_AT_data_member_location
	.byte	23                              @ Abbrev [23] 0x483:0xd DW_TAG_member
	.long	.Linfo_string94                 @ DW_AT_name
	.long	2167                            @ DW_AT_type
	.byte	5                               @ DW_AT_decl_file
	.short	617                             @ DW_AT_decl_line
	.byte	0                               @ DW_AT_data_member_location
	.byte	0                               @ End Of Children Mark
	.byte	21                              @ Abbrev [21] 0x491:0x9 DW_TAG_member
	.long	1178                            @ DW_AT_type
	.byte	5                               @ DW_AT_decl_file
	.short	620                             @ DW_AT_decl_line
	.byte	4                               @ DW_AT_data_member_location
	.byte	22                              @ Abbrev [22] 0x49a:0x20 DW_TAG_union_type
	.byte	4                               @ DW_AT_byte_size
	.byte	5                               @ DW_AT_decl_file
	.short	620                             @ DW_AT_decl_line
	.byte	23                              @ Abbrev [23] 0x49f:0xd DW_TAG_member
	.long	.Linfo_string97                 @ DW_AT_name
	.long	705                             @ DW_AT_type
	.byte	5                               @ DW_AT_decl_file
	.short	622                             @ DW_AT_decl_line
	.byte	0                               @ DW_AT_data_member_location
	.byte	23                              @ Abbrev [23] 0x4ac:0xd DW_TAG_member
	.long	.Linfo_string98                 @ DW_AT_name
	.long	2218                            @ DW_AT_type
	.byte	5                               @ DW_AT_decl_file
	.short	623                             @ DW_AT_decl_line
	.byte	0                               @ DW_AT_data_member_location
	.byte	0                               @ End Of Children Mark
	.byte	21                              @ Abbrev [21] 0x4ba:0x9 DW_TAG_member
	.long	1219                            @ DW_AT_type
	.byte	5                               @ DW_AT_decl_file
	.short	626                             @ DW_AT_decl_line
	.byte	8                               @ DW_AT_data_member_location
	.byte	22                              @ Abbrev [22] 0x4c3:0x20 DW_TAG_union_type
	.byte	4                               @ DW_AT_byte_size
	.byte	5                               @ DW_AT_decl_file
	.short	626                             @ DW_AT_decl_line
	.byte	23                              @ Abbrev [23] 0x4c8:0xd DW_TAG_member
	.long	.Linfo_string105                @ DW_AT_name
	.long	705                             @ DW_AT_type
	.byte	5                               @ DW_AT_decl_file
	.short	628                             @ DW_AT_decl_line
	.byte	0                               @ DW_AT_data_member_location
	.byte	23                              @ Abbrev [23] 0x4d5:0xd DW_TAG_member
	.long	.Linfo_string106                @ DW_AT_name
	.long	2339                            @ DW_AT_type
	.byte	5                               @ DW_AT_decl_file
	.short	629                             @ DW_AT_decl_line
	.byte	0                               @ DW_AT_data_member_location
	.byte	0                               @ End Of Children Mark
	.byte	21                              @ Abbrev [21] 0x4e3:0x9 DW_TAG_member
	.long	1260                            @ DW_AT_type
	.byte	5                               @ DW_AT_decl_file
	.short	632                             @ DW_AT_decl_line
	.byte	12                              @ DW_AT_data_member_location
	.byte	22                              @ Abbrev [22] 0x4ec:0x20 DW_TAG_union_type
	.byte	4                               @ DW_AT_byte_size
	.byte	5                               @ DW_AT_decl_file
	.short	632                             @ DW_AT_decl_line
	.byte	23                              @ Abbrev [23] 0x4f1:0xd DW_TAG_member
	.long	.Linfo_string109                @ DW_AT_name
	.long	705                             @ DW_AT_type
	.byte	5                               @ DW_AT_decl_file
	.short	634                             @ DW_AT_decl_line
	.byte	0                               @ DW_AT_data_member_location
	.byte	23                              @ Abbrev [23] 0x4fe:0xd DW_TAG_member
	.long	.Linfo_string110                @ DW_AT_name
	.long	2390                            @ DW_AT_type
	.byte	5                               @ DW_AT_decl_file
	.short	635                             @ DW_AT_decl_line
	.byte	0                               @ DW_AT_data_member_location
	.byte	0                               @ End Of Children Mark
	.byte	21                              @ Abbrev [21] 0x50c:0x9 DW_TAG_member
	.long	1301                            @ DW_AT_type
	.byte	5                               @ DW_AT_decl_file
	.short	638                             @ DW_AT_decl_line
	.byte	16                              @ DW_AT_data_member_location
	.byte	22                              @ Abbrev [22] 0x515:0x20 DW_TAG_union_type
	.byte	4                               @ DW_AT_byte_size
	.byte	5                               @ DW_AT_decl_file
	.short	638                             @ DW_AT_decl_line
	.byte	23                              @ Abbrev [23] 0x51a:0xd DW_TAG_member
	.long	.Linfo_string116                @ DW_AT_name
	.long	705                             @ DW_AT_type
	.byte	5                               @ DW_AT_decl_file
	.short	640                             @ DW_AT_decl_line
	.byte	0                               @ DW_AT_data_member_location
	.byte	23                              @ Abbrev [23] 0x527:0xd DW_TAG_member
	.long	.Linfo_string117                @ DW_AT_name
	.long	2511                            @ DW_AT_type
	.byte	5                               @ DW_AT_decl_file
	.short	641                             @ DW_AT_decl_line
	.byte	0                               @ DW_AT_data_member_location
	.byte	0                               @ End Of Children Mark
	.byte	21                              @ Abbrev [21] 0x535:0x9 DW_TAG_member
	.long	1342                            @ DW_AT_type
	.byte	5                               @ DW_AT_decl_file
	.short	644                             @ DW_AT_decl_line
	.byte	20                              @ DW_AT_data_member_location
	.byte	22                              @ Abbrev [22] 0x53e:0x20 DW_TAG_union_type
	.byte	4                               @ DW_AT_byte_size
	.byte	5                               @ DW_AT_decl_file
	.short	644                             @ DW_AT_decl_line
	.byte	23                              @ Abbrev [23] 0x543:0xd DW_TAG_member
	.long	.Linfo_string122                @ DW_AT_name
	.long	705                             @ DW_AT_type
	.byte	5                               @ DW_AT_decl_file
	.short	646                             @ DW_AT_decl_line
	.byte	0                               @ DW_AT_data_member_location
	.byte	23                              @ Abbrev [23] 0x550:0xd DW_TAG_member
	.long	.Linfo_string123                @ DW_AT_name
	.long	2618                            @ DW_AT_type
	.byte	5                               @ DW_AT_decl_file
	.short	647                             @ DW_AT_decl_line
	.byte	0                               @ DW_AT_data_member_location
	.byte	0                               @ End Of Children Mark
	.byte	21                              @ Abbrev [21] 0x55e:0x9 DW_TAG_member
	.long	1383                            @ DW_AT_type
	.byte	5                               @ DW_AT_decl_file
	.short	650                             @ DW_AT_decl_line
	.byte	24                              @ DW_AT_data_member_location
	.byte	22                              @ Abbrev [22] 0x567:0x20 DW_TAG_union_type
	.byte	4                               @ DW_AT_byte_size
	.byte	5                               @ DW_AT_decl_file
	.short	650                             @ DW_AT_decl_line
	.byte	23                              @ Abbrev [23] 0x56c:0xd DW_TAG_member
	.long	.Linfo_string127                @ DW_AT_name
	.long	705                             @ DW_AT_type
	.byte	5                               @ DW_AT_decl_file
	.short	652                             @ DW_AT_decl_line
	.byte	0                               @ DW_AT_data_member_location
	.byte	23                              @ Abbrev [23] 0x579:0xd DW_TAG_member
	.long	.Linfo_string128                @ DW_AT_name
	.long	2697                            @ DW_AT_type
	.byte	5                               @ DW_AT_decl_file
	.short	653                             @ DW_AT_decl_line
	.byte	0                               @ DW_AT_data_member_location
	.byte	0                               @ End Of Children Mark
	.byte	21                              @ Abbrev [21] 0x587:0x9 DW_TAG_member
	.long	1424                            @ DW_AT_type
	.byte	5                               @ DW_AT_decl_file
	.short	656                             @ DW_AT_decl_line
	.byte	28                              @ DW_AT_data_member_location
	.byte	22                              @ Abbrev [22] 0x590:0x20 DW_TAG_union_type
	.byte	4                               @ DW_AT_byte_size
	.byte	5                               @ DW_AT_decl_file
	.short	656                             @ DW_AT_decl_line
	.byte	23                              @ Abbrev [23] 0x595:0xd DW_TAG_member
	.long	.Linfo_string132                @ DW_AT_name
	.long	705                             @ DW_AT_type
	.byte	5                               @ DW_AT_decl_file
	.short	658                             @ DW_AT_decl_line
	.byte	0                               @ DW_AT_data_member_location
	.byte	23                              @ Abbrev [23] 0x5a2:0xd DW_TAG_member
	.long	.Linfo_string133                @ DW_AT_name
	.long	2776                            @ DW_AT_type
	.byte	5                               @ DW_AT_decl_file
	.short	659                             @ DW_AT_decl_line
	.byte	0                               @ DW_AT_data_member_location
	.byte	0                               @ End Of Children Mark
	.byte	21                              @ Abbrev [21] 0x5b0:0x9 DW_TAG_member
	.long	1465                            @ DW_AT_type
	.byte	5                               @ DW_AT_decl_file
	.short	662                             @ DW_AT_decl_line
	.byte	32                              @ DW_AT_data_member_location
	.byte	22                              @ Abbrev [22] 0x5b9:0x20 DW_TAG_union_type
	.byte	4                               @ DW_AT_byte_size
	.byte	5                               @ DW_AT_decl_file
	.short	662                             @ DW_AT_decl_line
	.byte	23                              @ Abbrev [23] 0x5be:0xd DW_TAG_member
	.long	.Linfo_string136                @ DW_AT_name
	.long	705                             @ DW_AT_type
	.byte	5                               @ DW_AT_decl_file
	.short	664                             @ DW_AT_decl_line
	.byte	0                               @ DW_AT_data_member_location
	.byte	23                              @ Abbrev [23] 0x5cb:0xd DW_TAG_member
	.long	.Linfo_string137                @ DW_AT_name
	.long	2827                            @ DW_AT_type
	.byte	5                               @ DW_AT_decl_file
	.short	665                             @ DW_AT_decl_line
	.byte	0                               @ DW_AT_data_member_location
	.byte	0                               @ End Of Children Mark
	.byte	21                              @ Abbrev [21] 0x5d9:0x9 DW_TAG_member
	.long	1506                            @ DW_AT_type
	.byte	5                               @ DW_AT_decl_file
	.short	668                             @ DW_AT_decl_line
	.byte	36                              @ DW_AT_data_member_location
	.byte	22                              @ Abbrev [22] 0x5e2:0x20 DW_TAG_union_type
	.byte	4                               @ DW_AT_byte_size
	.byte	5                               @ DW_AT_decl_file
	.short	668                             @ DW_AT_decl_line
	.byte	23                              @ Abbrev [23] 0x5e7:0xd DW_TAG_member
	.long	.Linfo_string140                @ DW_AT_name
	.long	705                             @ DW_AT_type
	.byte	5                               @ DW_AT_decl_file
	.short	670                             @ DW_AT_decl_line
	.byte	0                               @ DW_AT_data_member_location
	.byte	23                              @ Abbrev [23] 0x5f4:0xd DW_TAG_member
	.long	.Linfo_string141                @ DW_AT_name
	.long	2878                            @ DW_AT_type
	.byte	5                               @ DW_AT_decl_file
	.short	671                             @ DW_AT_decl_line
	.byte	0                               @ DW_AT_data_member_location
	.byte	0                               @ End Of Children Mark
	.byte	21                              @ Abbrev [21] 0x602:0x9 DW_TAG_member
	.long	1547                            @ DW_AT_type
	.byte	5                               @ DW_AT_decl_file
	.short	674                             @ DW_AT_decl_line
	.byte	40                              @ DW_AT_data_member_location
	.byte	22                              @ Abbrev [22] 0x60b:0x20 DW_TAG_union_type
	.byte	4                               @ DW_AT_byte_size
	.byte	5                               @ DW_AT_decl_file
	.short	674                             @ DW_AT_decl_line
	.byte	23                              @ Abbrev [23] 0x610:0xd DW_TAG_member
	.long	.Linfo_string146                @ DW_AT_name
	.long	705                             @ DW_AT_type
	.byte	5                               @ DW_AT_decl_file
	.short	676                             @ DW_AT_decl_line
	.byte	0                               @ DW_AT_data_member_location
	.byte	23                              @ Abbrev [23] 0x61d:0xd DW_TAG_member
	.long	.Linfo_string147                @ DW_AT_name
	.long	2985                            @ DW_AT_type
	.byte	5                               @ DW_AT_decl_file
	.short	677                             @ DW_AT_decl_line
	.byte	0                               @ DW_AT_data_member_location
	.byte	0                               @ End Of Children Mark
	.byte	21                              @ Abbrev [21] 0x62b:0x9 DW_TAG_member
	.long	1588                            @ DW_AT_type
	.byte	5                               @ DW_AT_decl_file
	.short	680                             @ DW_AT_decl_line
	.byte	44                              @ DW_AT_data_member_location
	.byte	22                              @ Abbrev [22] 0x634:0x20 DW_TAG_union_type
	.byte	4                               @ DW_AT_byte_size
	.byte	5                               @ DW_AT_decl_file
	.short	680                             @ DW_AT_decl_line
	.byte	23                              @ Abbrev [23] 0x639:0xd DW_TAG_member
	.long	.Linfo_string154                @ DW_AT_name
	.long	705                             @ DW_AT_type
	.byte	5                               @ DW_AT_decl_file
	.short	682                             @ DW_AT_decl_line
	.byte	0                               @ DW_AT_data_member_location
	.byte	23                              @ Abbrev [23] 0x646:0xd DW_TAG_member
	.long	.Linfo_string155                @ DW_AT_name
	.long	3092                            @ DW_AT_type
	.byte	5                               @ DW_AT_decl_file
	.short	683                             @ DW_AT_decl_line
	.byte	0                               @ DW_AT_data_member_location
	.byte	0                               @ End Of Children Mark
	.byte	21                              @ Abbrev [21] 0x654:0x9 DW_TAG_member
	.long	1629                            @ DW_AT_type
	.byte	5                               @ DW_AT_decl_file
	.short	686                             @ DW_AT_decl_line
	.byte	48                              @ DW_AT_data_member_location
	.byte	22                              @ Abbrev [22] 0x65d:0x20 DW_TAG_union_type
	.byte	4                               @ DW_AT_byte_size
	.byte	5                               @ DW_AT_decl_file
	.short	686                             @ DW_AT_decl_line
	.byte	23                              @ Abbrev [23] 0x662:0xd DW_TAG_member
	.long	.Linfo_string162                @ DW_AT_name
	.long	705                             @ DW_AT_type
	.byte	5                               @ DW_AT_decl_file
	.short	688                             @ DW_AT_decl_line
	.byte	0                               @ DW_AT_data_member_location
	.byte	23                              @ Abbrev [23] 0x66f:0xd DW_TAG_member
	.long	.Linfo_string163                @ DW_AT_name
	.long	3199                            @ DW_AT_type
	.byte	5                               @ DW_AT_decl_file
	.short	689                             @ DW_AT_decl_line
	.byte	0                               @ DW_AT_data_member_location
	.byte	0                               @ End Of Children Mark
	.byte	21                              @ Abbrev [21] 0x67d:0x9 DW_TAG_member
	.long	1670                            @ DW_AT_type
	.byte	5                               @ DW_AT_decl_file
	.short	692                             @ DW_AT_decl_line
	.byte	52                              @ DW_AT_data_member_location
	.byte	22                              @ Abbrev [22] 0x686:0x20 DW_TAG_union_type
	.byte	4                               @ DW_AT_byte_size
	.byte	5                               @ DW_AT_decl_file
	.short	692                             @ DW_AT_decl_line
	.byte	23                              @ Abbrev [23] 0x68b:0xd DW_TAG_member
	.long	.Linfo_string170                @ DW_AT_name
	.long	705                             @ DW_AT_type
	.byte	5                               @ DW_AT_decl_file
	.short	694                             @ DW_AT_decl_line
	.byte	0                               @ DW_AT_data_member_location
	.byte	23                              @ Abbrev [23] 0x698:0xd DW_TAG_member
	.long	.Linfo_string171                @ DW_AT_name
	.long	3306                            @ DW_AT_type
	.byte	5                               @ DW_AT_decl_file
	.short	695                             @ DW_AT_decl_line
	.byte	0                               @ DW_AT_data_member_location
	.byte	0                               @ End Of Children Mark
	.byte	21                              @ Abbrev [21] 0x6a6:0x9 DW_TAG_member
	.long	1711                            @ DW_AT_type
	.byte	5                               @ DW_AT_decl_file
	.short	698                             @ DW_AT_decl_line
	.byte	56                              @ DW_AT_data_member_location
	.byte	22                              @ Abbrev [22] 0x6af:0x20 DW_TAG_union_type
	.byte	4                               @ DW_AT_byte_size
	.byte	5                               @ DW_AT_decl_file
	.short	698                             @ DW_AT_decl_line
	.byte	23                              @ Abbrev [23] 0x6b4:0xd DW_TAG_member
	.long	.Linfo_string178                @ DW_AT_name
	.long	705                             @ DW_AT_type
	.byte	5                               @ DW_AT_decl_file
	.short	700                             @ DW_AT_decl_line
	.byte	0                               @ DW_AT_data_member_location
	.byte	23                              @ Abbrev [23] 0x6c1:0xd DW_TAG_member
	.long	.Linfo_string179                @ DW_AT_name
	.long	3413                            @ DW_AT_type
	.byte	5                               @ DW_AT_decl_file
	.short	701                             @ DW_AT_decl_line
	.byte	0                               @ DW_AT_data_member_location
	.byte	0                               @ End Of Children Mark
	.byte	21                              @ Abbrev [21] 0x6cf:0x9 DW_TAG_member
	.long	1752                            @ DW_AT_type
	.byte	5                               @ DW_AT_decl_file
	.short	704                             @ DW_AT_decl_line
	.byte	60                              @ DW_AT_data_member_location
	.byte	22                              @ Abbrev [22] 0x6d8:0x20 DW_TAG_union_type
	.byte	4                               @ DW_AT_byte_size
	.byte	5                               @ DW_AT_decl_file
	.short	704                             @ DW_AT_decl_line
	.byte	23                              @ Abbrev [23] 0x6dd:0xd DW_TAG_member
	.long	.Linfo_string185                @ DW_AT_name
	.long	705                             @ DW_AT_type
	.byte	5                               @ DW_AT_decl_file
	.short	706                             @ DW_AT_decl_line
	.byte	0                               @ DW_AT_data_member_location
	.byte	23                              @ Abbrev [23] 0x6ea:0xd DW_TAG_member
	.long	.Linfo_string186                @ DW_AT_name
	.long	3520                            @ DW_AT_type
	.byte	5                               @ DW_AT_decl_file
	.short	707                             @ DW_AT_decl_line
	.byte	0                               @ DW_AT_data_member_location
	.byte	0                               @ End Of Children Mark
	.byte	21                              @ Abbrev [21] 0x6f8:0x9 DW_TAG_member
	.long	1793                            @ DW_AT_type
	.byte	5                               @ DW_AT_decl_file
	.short	710                             @ DW_AT_decl_line
	.byte	64                              @ DW_AT_data_member_location
	.byte	22                              @ Abbrev [22] 0x701:0x20 DW_TAG_union_type
	.byte	4                               @ DW_AT_byte_size
	.byte	5                               @ DW_AT_decl_file
	.short	710                             @ DW_AT_decl_line
	.byte	23                              @ Abbrev [23] 0x706:0xd DW_TAG_member
	.long	.Linfo_string190                @ DW_AT_name
	.long	705                             @ DW_AT_type
	.byte	5                               @ DW_AT_decl_file
	.short	712                             @ DW_AT_decl_line
	.byte	0                               @ DW_AT_data_member_location
	.byte	23                              @ Abbrev [23] 0x713:0xd DW_TAG_member
	.long	.Linfo_string191                @ DW_AT_name
	.long	3599                            @ DW_AT_type
	.byte	5                               @ DW_AT_decl_file
	.short	713                             @ DW_AT_decl_line
	.byte	0                               @ DW_AT_data_member_location
	.byte	0                               @ End Of Children Mark
	.byte	21                              @ Abbrev [21] 0x721:0x9 DW_TAG_member
	.long	1834                            @ DW_AT_type
	.byte	5                               @ DW_AT_decl_file
	.short	716                             @ DW_AT_decl_line
	.byte	68                              @ DW_AT_data_member_location
	.byte	22                              @ Abbrev [22] 0x72a:0x20 DW_TAG_union_type
	.byte	4                               @ DW_AT_byte_size
	.byte	5                               @ DW_AT_decl_file
	.short	716                             @ DW_AT_decl_line
	.byte	23                              @ Abbrev [23] 0x72f:0xd DW_TAG_member
	.long	.Linfo_string194                @ DW_AT_name
	.long	705                             @ DW_AT_type
	.byte	5                               @ DW_AT_decl_file
	.short	718                             @ DW_AT_decl_line
	.byte	0                               @ DW_AT_data_member_location
	.byte	23                              @ Abbrev [23] 0x73c:0xd DW_TAG_member
	.long	.Linfo_string195                @ DW_AT_name
	.long	3650                            @ DW_AT_type
	.byte	5                               @ DW_AT_decl_file
	.short	719                             @ DW_AT_decl_line
	.byte	0                               @ DW_AT_data_member_location
	.byte	0                               @ End Of Children Mark
	.byte	21                              @ Abbrev [21] 0x74a:0x9 DW_TAG_member
	.long	1875                            @ DW_AT_type
	.byte	5                               @ DW_AT_decl_file
	.short	722                             @ DW_AT_decl_line
	.byte	72                              @ DW_AT_data_member_location
	.byte	22                              @ Abbrev [22] 0x753:0x20 DW_TAG_union_type
	.byte	4                               @ DW_AT_byte_size
	.byte	5                               @ DW_AT_decl_file
	.short	722                             @ DW_AT_decl_line
	.byte	23                              @ Abbrev [23] 0x758:0xd DW_TAG_member
	.long	.Linfo_string198                @ DW_AT_name
	.long	705                             @ DW_AT_type
	.byte	5                               @ DW_AT_decl_file
	.short	724                             @ DW_AT_decl_line
	.byte	0                               @ DW_AT_data_member_location
	.byte	23                              @ Abbrev [23] 0x765:0xd DW_TAG_member
	.long	.Linfo_string199                @ DW_AT_name
	.long	3701                            @ DW_AT_type
	.byte	5                               @ DW_AT_decl_file
	.short	725                             @ DW_AT_decl_line
	.byte	0                               @ DW_AT_data_member_location
	.byte	0                               @ End Of Children Mark
	.byte	21                              @ Abbrev [21] 0x773:0x9 DW_TAG_member
	.long	1916                            @ DW_AT_type
	.byte	5                               @ DW_AT_decl_file
	.short	728                             @ DW_AT_decl_line
	.byte	76                              @ DW_AT_data_member_location
	.byte	22                              @ Abbrev [22] 0x77c:0x20 DW_TAG_union_type
	.byte	4                               @ DW_AT_byte_size
	.byte	5                               @ DW_AT_decl_file
	.short	728                             @ DW_AT_decl_line
	.byte	23                              @ Abbrev [23] 0x781:0xd DW_TAG_member
	.long	.Linfo_string210                @ DW_AT_name
	.long	705                             @ DW_AT_type
	.byte	5                               @ DW_AT_decl_file
	.short	730                             @ DW_AT_decl_line
	.byte	0                               @ DW_AT_data_member_location
	.byte	23                              @ Abbrev [23] 0x78e:0xd DW_TAG_member
	.long	.Linfo_string211                @ DW_AT_name
	.long	3892                            @ DW_AT_type
	.byte	5                               @ DW_AT_decl_file
	.short	731                             @ DW_AT_decl_line
	.byte	0                               @ DW_AT_data_member_location
	.byte	0                               @ End Of Children Mark
	.byte	21                              @ Abbrev [21] 0x79c:0x9 DW_TAG_member
	.long	1957                            @ DW_AT_type
	.byte	5                               @ DW_AT_decl_file
	.short	734                             @ DW_AT_decl_line
	.byte	80                              @ DW_AT_data_member_location
	.byte	22                              @ Abbrev [22] 0x7a5:0x20 DW_TAG_union_type
	.byte	4                               @ DW_AT_byte_size
	.byte	5                               @ DW_AT_decl_file
	.short	734                             @ DW_AT_decl_line
	.byte	23                              @ Abbrev [23] 0x7aa:0xd DW_TAG_member
	.long	.Linfo_string214                @ DW_AT_name
	.long	705                             @ DW_AT_type
	.byte	5                               @ DW_AT_decl_file
	.short	736                             @ DW_AT_decl_line
	.byte	0                               @ DW_AT_data_member_location
	.byte	23                              @ Abbrev [23] 0x7b7:0xd DW_TAG_member
	.long	.Linfo_string215                @ DW_AT_name
	.long	3943                            @ DW_AT_type
	.byte	5                               @ DW_AT_decl_file
	.short	737                             @ DW_AT_decl_line
	.byte	0                               @ DW_AT_data_member_location
	.byte	0                               @ End Of Children Mark
	.byte	23                              @ Abbrev [23] 0x7c5:0xd DW_TAG_member
	.long	.Linfo_string66                 @ DW_AT_name
	.long	4036                            @ DW_AT_type
	.byte	5                               @ DW_AT_decl_file
	.short	740                             @ DW_AT_decl_line
	.byte	84                              @ DW_AT_data_member_location
	.byte	21                              @ Abbrev [21] 0x7d2:0x9 DW_TAG_member
	.long	2011                            @ DW_AT_type
	.byte	5                               @ DW_AT_decl_file
	.short	742                             @ DW_AT_decl_line
	.byte	240                             @ DW_AT_data_member_location
	.byte	22                              @ Abbrev [22] 0x7db:0x20 DW_TAG_union_type
	.byte	4                               @ DW_AT_byte_size
	.byte	5                               @ DW_AT_decl_file
	.short	742                             @ DW_AT_decl_line
	.byte	23                              @ Abbrev [23] 0x7e0:0xd DW_TAG_member
	.long	.Linfo_string220                @ DW_AT_name
	.long	705                             @ DW_AT_type
	.byte	5                               @ DW_AT_decl_file
	.short	744                             @ DW_AT_decl_line
	.byte	0                               @ DW_AT_data_member_location
	.byte	23                              @ Abbrev [23] 0x7ed:0xd DW_TAG_member
	.long	.Linfo_string221                @ DW_AT_name
	.long	4048                            @ DW_AT_type
	.byte	5                               @ DW_AT_decl_file
	.short	745                             @ DW_AT_decl_line
	.byte	0                               @ DW_AT_data_member_location
	.byte	0                               @ End Of Children Mark
	.byte	21                              @ Abbrev [21] 0x7fb:0x9 DW_TAG_member
	.long	2052                            @ DW_AT_type
	.byte	5                               @ DW_AT_decl_file
	.short	748                             @ DW_AT_decl_line
	.byte	244                             @ DW_AT_data_member_location
	.byte	22                              @ Abbrev [22] 0x804:0x20 DW_TAG_union_type
	.byte	4                               @ DW_AT_byte_size
	.byte	5                               @ DW_AT_decl_file
	.short	748                             @ DW_AT_decl_line
	.byte	23                              @ Abbrev [23] 0x809:0xd DW_TAG_member
	.long	.Linfo_string223                @ DW_AT_name
	.long	705                             @ DW_AT_type
	.byte	5                               @ DW_AT_decl_file
	.short	750                             @ DW_AT_decl_line
	.byte	0                               @ DW_AT_data_member_location
	.byte	23                              @ Abbrev [23] 0x816:0xd DW_TAG_member
	.long	.Linfo_string224                @ DW_AT_name
	.long	4085                            @ DW_AT_type
	.byte	5                               @ DW_AT_decl_file
	.short	751                             @ DW_AT_decl_line
	.byte	0                               @ DW_AT_data_member_location
	.byte	0                               @ End Of Children Mark
	.byte	21                              @ Abbrev [21] 0x824:0x9 DW_TAG_member
	.long	2093                            @ DW_AT_type
	.byte	5                               @ DW_AT_decl_file
	.short	754                             @ DW_AT_decl_line
	.byte	248                             @ DW_AT_data_member_location
	.byte	22                              @ Abbrev [22] 0x82d:0x20 DW_TAG_union_type
	.byte	4                               @ DW_AT_byte_size
	.byte	5                               @ DW_AT_decl_file
	.short	754                             @ DW_AT_decl_line
	.byte	23                              @ Abbrev [23] 0x832:0xd DW_TAG_member
	.long	.Linfo_string85                 @ DW_AT_name
	.long	705                             @ DW_AT_type
	.byte	5                               @ DW_AT_decl_file
	.short	756                             @ DW_AT_decl_line
	.byte	0                               @ DW_AT_data_member_location
	.byte	23                              @ Abbrev [23] 0x83f:0xd DW_TAG_member
	.long	.Linfo_string86                 @ DW_AT_name
	.long	4122                            @ DW_AT_type
	.byte	5                               @ DW_AT_decl_file
	.short	757                             @ DW_AT_decl_line
	.byte	0                               @ DW_AT_data_member_location
	.byte	0                               @ End Of Children Mark
	.byte	21                              @ Abbrev [21] 0x84d:0x9 DW_TAG_member
	.long	2134                            @ DW_AT_type
	.byte	5                               @ DW_AT_decl_file
	.short	760                             @ DW_AT_decl_line
	.byte	252                             @ DW_AT_data_member_location
	.byte	22                              @ Abbrev [22] 0x856:0x20 DW_TAG_union_type
	.byte	4                               @ DW_AT_byte_size
	.byte	5                               @ DW_AT_decl_file
	.short	760                             @ DW_AT_decl_line
	.byte	23                              @ Abbrev [23] 0x85b:0xd DW_TAG_member
	.long	.Linfo_string227                @ DW_AT_name
	.long	705                             @ DW_AT_type
	.byte	5                               @ DW_AT_decl_file
	.short	762                             @ DW_AT_decl_line
	.byte	0                               @ DW_AT_data_member_location
	.byte	23                              @ Abbrev [23] 0x868:0xd DW_TAG_member
	.long	.Linfo_string228                @ DW_AT_name
	.long	4173                            @ DW_AT_type
	.byte	5                               @ DW_AT_decl_file
	.short	763                             @ DW_AT_decl_line
	.byte	0                               @ DW_AT_data_member_location
	.byte	0                               @ End Of Children Mark
	.byte	0                               @ End Of Children Mark
	.byte	13                              @ Abbrev [13] 0x877:0x5 DW_TAG_volatile_type
	.long	2172                            @ DW_AT_type
	.byte	19                              @ Abbrev [19] 0x87c:0xc DW_TAG_typedef
	.long	2184                            @ DW_AT_type
	.long	.Linfo_string96                 @ DW_AT_name
	.byte	5                               @ DW_AT_decl_file
	.short	410                             @ DW_AT_decl_line
	.byte	24                              @ Abbrev [24] 0x888:0x22 DW_TAG_structure_type
	.byte	4                               @ DW_AT_byte_size
	.byte	5                               @ DW_AT_decl_file
	.short	406                             @ DW_AT_decl_line
	.byte	25                              @ Abbrev [25] 0x88d:0xe DW_TAG_member
	.long	.Linfo_string95                 @ DW_AT_name
	.long	705                             @ DW_AT_type
	.byte	5                               @ DW_AT_decl_file
	.short	408                             @ DW_AT_decl_line
	.byte	2                               @ DW_AT_bit_size
	.byte	0                               @ DW_AT_data_bit_offset
	.byte	25                              @ Abbrev [25] 0x89b:0xe DW_TAG_member
	.long	.Linfo_string66                 @ DW_AT_name
	.long	705                             @ DW_AT_type
	.byte	5                               @ DW_AT_decl_file
	.short	409                             @ DW_AT_decl_line
	.byte	30                              @ DW_AT_bit_size
	.byte	2                               @ DW_AT_data_bit_offset
	.byte	0                               @ End Of Children Mark
	.byte	13                              @ Abbrev [13] 0x8aa:0x5 DW_TAG_volatile_type
	.long	2223                            @ DW_AT_type
	.byte	19                              @ Abbrev [19] 0x8af:0xc DW_TAG_typedef
	.long	2235                            @ DW_AT_type
	.long	.Linfo_string104                @ DW_AT_name
	.byte	5                               @ DW_AT_decl_file
	.short	421                             @ DW_AT_decl_line
	.byte	24                              @ Abbrev [24] 0x8bb:0x68 DW_TAG_structure_type
	.byte	4                               @ DW_AT_byte_size
	.byte	5                               @ DW_AT_decl_file
	.short	412                             @ DW_AT_decl_line
	.byte	25                              @ Abbrev [25] 0x8c0:0xe DW_TAG_member
	.long	.Linfo_string99                 @ DW_AT_name
	.long	705                             @ DW_AT_type
	.byte	5                               @ DW_AT_decl_file
	.short	414                             @ DW_AT_decl_line
	.byte	4                               @ DW_AT_bit_size
	.byte	0                               @ DW_AT_data_bit_offset
	.byte	25                              @ Abbrev [25] 0x8ce:0xe DW_TAG_member
	.long	.Linfo_string100                @ DW_AT_name
	.long	705                             @ DW_AT_type
	.byte	5                               @ DW_AT_decl_file
	.short	415                             @ DW_AT_decl_line
	.byte	3                               @ DW_AT_bit_size
	.byte	4                               @ DW_AT_data_bit_offset
	.byte	25                              @ Abbrev [25] 0x8dc:0xe DW_TAG_member
	.long	.Linfo_string101                @ DW_AT_name
	.long	705                             @ DW_AT_type
	.byte	5                               @ DW_AT_decl_file
	.short	416                             @ DW_AT_decl_line
	.byte	1                               @ DW_AT_bit_size
	.byte	7                               @ DW_AT_data_bit_offset
	.byte	25                              @ Abbrev [25] 0x8ea:0xe DW_TAG_member
	.long	.Linfo_string102                @ DW_AT_name
	.long	705                             @ DW_AT_type
	.byte	5                               @ DW_AT_decl_file
	.short	417                             @ DW_AT_decl_line
	.byte	5                               @ DW_AT_bit_size
	.byte	8                               @ DW_AT_data_bit_offset
	.byte	25                              @ Abbrev [25] 0x8f8:0xe DW_TAG_member
	.long	.Linfo_string71                 @ DW_AT_name
	.long	705                             @ DW_AT_type
	.byte	5                               @ DW_AT_decl_file
	.short	418                             @ DW_AT_decl_line
	.byte	3                               @ DW_AT_bit_size
	.byte	13                              @ DW_AT_data_bit_offset
	.byte	25                              @ Abbrev [25] 0x906:0xe DW_TAG_member
	.long	.Linfo_string103                @ DW_AT_name
	.long	705                             @ DW_AT_type
	.byte	5                               @ DW_AT_decl_file
	.short	419                             @ DW_AT_decl_line
	.byte	5                               @ DW_AT_bit_size
	.byte	16                              @ DW_AT_data_bit_offset
	.byte	25                              @ Abbrev [25] 0x914:0xe DW_TAG_member
	.long	.Linfo_string66                 @ DW_AT_name
	.long	705                             @ DW_AT_type
	.byte	5                               @ DW_AT_decl_file
	.short	420                             @ DW_AT_decl_line
	.byte	11                              @ DW_AT_bit_size
	.byte	21                              @ DW_AT_data_bit_offset
	.byte	0                               @ End Of Children Mark
	.byte	13                              @ Abbrev [13] 0x923:0x5 DW_TAG_volatile_type
	.long	2344                            @ DW_AT_type
	.byte	19                              @ Abbrev [19] 0x928:0xc DW_TAG_typedef
	.long	2356                            @ DW_AT_type
	.long	.Linfo_string108                @ DW_AT_name
	.byte	5                               @ DW_AT_decl_file
	.short	427                             @ DW_AT_decl_line
	.byte	24                              @ Abbrev [24] 0x934:0x22 DW_TAG_structure_type
	.byte	4                               @ DW_AT_byte_size
	.byte	5                               @ DW_AT_decl_file
	.short	423                             @ DW_AT_decl_line
	.byte	25                              @ Abbrev [25] 0x939:0xe DW_TAG_member
	.long	.Linfo_string107                @ DW_AT_name
	.long	705                             @ DW_AT_type
	.byte	5                               @ DW_AT_decl_file
	.short	425                             @ DW_AT_decl_line
	.byte	1                               @ DW_AT_bit_size
	.byte	0                               @ DW_AT_data_bit_offset
	.byte	25                              @ Abbrev [25] 0x947:0xe DW_TAG_member
	.long	.Linfo_string66                 @ DW_AT_name
	.long	705                             @ DW_AT_type
	.byte	5                               @ DW_AT_decl_file
	.short	426                             @ DW_AT_decl_line
	.byte	31                              @ DW_AT_bit_size
	.byte	1                               @ DW_AT_data_bit_offset
	.byte	0                               @ End Of Children Mark
	.byte	13                              @ Abbrev [13] 0x956:0x5 DW_TAG_volatile_type
	.long	2395                            @ DW_AT_type
	.byte	19                              @ Abbrev [19] 0x95b:0xc DW_TAG_typedef
	.long	2407                            @ DW_AT_type
	.long	.Linfo_string115                @ DW_AT_name
	.byte	5                               @ DW_AT_decl_file
	.short	438                             @ DW_AT_decl_line
	.byte	24                              @ Abbrev [24] 0x967:0x68 DW_TAG_structure_type
	.byte	4                               @ DW_AT_byte_size
	.byte	5                               @ DW_AT_decl_file
	.short	429                             @ DW_AT_decl_line
	.byte	25                              @ Abbrev [25] 0x96c:0xe DW_TAG_member
	.long	.Linfo_string111                @ DW_AT_name
	.long	705                             @ DW_AT_type
	.byte	5                               @ DW_AT_decl_file
	.short	431                             @ DW_AT_decl_line
	.byte	6                               @ DW_AT_bit_size
	.byte	0                               @ DW_AT_data_bit_offset
	.byte	25                              @ Abbrev [25] 0x97a:0xe DW_TAG_member
	.long	.Linfo_string101                @ DW_AT_name
	.long	705                             @ DW_AT_type
	.byte	5                               @ DW_AT_decl_file
	.short	432                             @ DW_AT_decl_line
	.byte	6                               @ DW_AT_bit_size
	.byte	6                               @ DW_AT_data_bit_offset
	.byte	25                              @ Abbrev [25] 0x988:0xe DW_TAG_member
	.long	.Linfo_string112                @ DW_AT_name
	.long	705                             @ DW_AT_type
	.byte	5                               @ DW_AT_decl_file
	.short	433                             @ DW_AT_decl_line
	.byte	1                               @ DW_AT_bit_size
	.byte	12                              @ DW_AT_data_bit_offset
	.byte	25                              @ Abbrev [25] 0x996:0xe DW_TAG_member
	.long	.Linfo_string113                @ DW_AT_name
	.long	705                             @ DW_AT_type
	.byte	5                               @ DW_AT_decl_file
	.short	434                             @ DW_AT_decl_line
	.byte	1                               @ DW_AT_bit_size
	.byte	13                              @ DW_AT_data_bit_offset
	.byte	25                              @ Abbrev [25] 0x9a4:0xe DW_TAG_member
	.long	.Linfo_string71                 @ DW_AT_name
	.long	705                             @ DW_AT_type
	.byte	5                               @ DW_AT_decl_file
	.short	435                             @ DW_AT_decl_line
	.byte	2                               @ DW_AT_bit_size
	.byte	14                              @ DW_AT_data_bit_offset
	.byte	25                              @ Abbrev [25] 0x9b2:0xe DW_TAG_member
	.long	.Linfo_string114                @ DW_AT_name
	.long	705                             @ DW_AT_type
	.byte	5                               @ DW_AT_decl_file
	.short	436                             @ DW_AT_decl_line
	.byte	1                               @ DW_AT_bit_size
	.byte	16                              @ DW_AT_data_bit_offset
	.byte	25                              @ Abbrev [25] 0x9c0:0xe DW_TAG_member
	.long	.Linfo_string66                 @ DW_AT_name
	.long	705                             @ DW_AT_type
	.byte	5                               @ DW_AT_decl_file
	.short	437                             @ DW_AT_decl_line
	.byte	15                              @ DW_AT_bit_size
	.byte	17                              @ DW_AT_data_bit_offset
	.byte	0                               @ End Of Children Mark
	.byte	13                              @ Abbrev [13] 0x9cf:0x5 DW_TAG_volatile_type
	.long	2516                            @ DW_AT_type
	.byte	19                              @ Abbrev [19] 0x9d4:0xc DW_TAG_typedef
	.long	2528                            @ DW_AT_type
	.long	.Linfo_string121                @ DW_AT_name
	.byte	5                               @ DW_AT_decl_file
	.short	448                             @ DW_AT_decl_line
	.byte	24                              @ Abbrev [24] 0x9e0:0x5a DW_TAG_structure_type
	.byte	4                               @ DW_AT_byte_size
	.byte	5                               @ DW_AT_decl_file
	.short	440                             @ DW_AT_decl_line
	.byte	25                              @ Abbrev [25] 0x9e5:0xe DW_TAG_member
	.long	.Linfo_string118                @ DW_AT_name
	.long	705                             @ DW_AT_type
	.byte	5                               @ DW_AT_decl_file
	.short	442                             @ DW_AT_decl_line
	.byte	1                               @ DW_AT_bit_size
	.byte	0                               @ DW_AT_data_bit_offset
	.byte	25                              @ Abbrev [25] 0x9f3:0xe DW_TAG_member
	.long	.Linfo_string101                @ DW_AT_name
	.long	705                             @ DW_AT_type
	.byte	5                               @ DW_AT_decl_file
	.short	443                             @ DW_AT_decl_line
	.byte	3                               @ DW_AT_bit_size
	.byte	1                               @ DW_AT_data_bit_offset
	.byte	25                              @ Abbrev [25] 0xa01:0xe DW_TAG_member
	.long	.Linfo_string119                @ DW_AT_name
	.long	705                             @ DW_AT_type
	.byte	5                               @ DW_AT_decl_file
	.short	444                             @ DW_AT_decl_line
	.byte	3                               @ DW_AT_bit_size
	.byte	4                               @ DW_AT_data_bit_offset
	.byte	25                              @ Abbrev [25] 0xa0f:0xe DW_TAG_member
	.long	.Linfo_string71                 @ DW_AT_name
	.long	705                             @ DW_AT_type
	.byte	5                               @ DW_AT_decl_file
	.short	445                             @ DW_AT_decl_line
	.byte	1                               @ DW_AT_bit_size
	.byte	7                               @ DW_AT_data_bit_offset
	.byte	25                              @ Abbrev [25] 0xa1d:0xe DW_TAG_member
	.long	.Linfo_string120                @ DW_AT_name
	.long	705                             @ DW_AT_type
	.byte	5                               @ DW_AT_decl_file
	.short	446                             @ DW_AT_decl_line
	.byte	1                               @ DW_AT_bit_size
	.byte	8                               @ DW_AT_data_bit_offset
	.byte	25                              @ Abbrev [25] 0xa2b:0xe DW_TAG_member
	.long	.Linfo_string66                 @ DW_AT_name
	.long	705                             @ DW_AT_type
	.byte	5                               @ DW_AT_decl_file
	.short	447                             @ DW_AT_decl_line
	.byte	23                              @ DW_AT_bit_size
	.byte	9                               @ DW_AT_data_bit_offset
	.byte	0                               @ End Of Children Mark
	.byte	13                              @ Abbrev [13] 0xa3a:0x5 DW_TAG_volatile_type
	.long	2623                            @ DW_AT_type
	.byte	19                              @ Abbrev [19] 0xa3f:0xc DW_TAG_typedef
	.long	2635                            @ DW_AT_type
	.long	.Linfo_string126                @ DW_AT_name
	.byte	5                               @ DW_AT_decl_file
	.short	456                             @ DW_AT_decl_line
	.byte	24                              @ Abbrev [24] 0xa4b:0x3e DW_TAG_structure_type
	.byte	4                               @ DW_AT_byte_size
	.byte	5                               @ DW_AT_decl_file
	.short	450                             @ DW_AT_decl_line
	.byte	25                              @ Abbrev [25] 0xa50:0xe DW_TAG_member
	.long	.Linfo_string124                @ DW_AT_name
	.long	705                             @ DW_AT_type
	.byte	5                               @ DW_AT_decl_file
	.short	452                             @ DW_AT_decl_line
	.byte	1                               @ DW_AT_bit_size
	.byte	0                               @ DW_AT_data_bit_offset
	.byte	25                              @ Abbrev [25] 0xa5e:0xe DW_TAG_member
	.long	.Linfo_string71                 @ DW_AT_name
	.long	705                             @ DW_AT_type
	.byte	5                               @ DW_AT_decl_file
	.short	453                             @ DW_AT_decl_line
	.byte	3                               @ DW_AT_bit_size
	.byte	1                               @ DW_AT_data_bit_offset
	.byte	25                              @ Abbrev [25] 0xa6c:0xe DW_TAG_member
	.long	.Linfo_string125                @ DW_AT_name
	.long	705                             @ DW_AT_type
	.byte	5                               @ DW_AT_decl_file
	.short	454                             @ DW_AT_decl_line
	.byte	3                               @ DW_AT_bit_size
	.byte	4                               @ DW_AT_data_bit_offset
	.byte	25                              @ Abbrev [25] 0xa7a:0xe DW_TAG_member
	.long	.Linfo_string66                 @ DW_AT_name
	.long	705                             @ DW_AT_type
	.byte	5                               @ DW_AT_decl_file
	.short	455                             @ DW_AT_decl_line
	.byte	25                              @ DW_AT_bit_size
	.byte	7                               @ DW_AT_data_bit_offset
	.byte	0                               @ End Of Children Mark
	.byte	13                              @ Abbrev [13] 0xa89:0x5 DW_TAG_volatile_type
	.long	2702                            @ DW_AT_type
	.byte	19                              @ Abbrev [19] 0xa8e:0xc DW_TAG_typedef
	.long	2714                            @ DW_AT_type
	.long	.Linfo_string131                @ DW_AT_name
	.byte	5                               @ DW_AT_decl_file
	.short	464                             @ DW_AT_decl_line
	.byte	24                              @ Abbrev [24] 0xa9a:0x3e DW_TAG_structure_type
	.byte	4                               @ DW_AT_byte_size
	.byte	5                               @ DW_AT_decl_file
	.short	458                             @ DW_AT_decl_line
	.byte	25                              @ Abbrev [25] 0xa9f:0xe DW_TAG_member
	.long	.Linfo_string129                @ DW_AT_name
	.long	705                             @ DW_AT_type
	.byte	5                               @ DW_AT_decl_file
	.short	460                             @ DW_AT_decl_line
	.byte	1                               @ DW_AT_bit_size
	.byte	0                               @ DW_AT_data_bit_offset
	.byte	25                              @ Abbrev [25] 0xaad:0xe DW_TAG_member
	.long	.Linfo_string71                 @ DW_AT_name
	.long	705                             @ DW_AT_type
	.byte	5                               @ DW_AT_decl_file
	.short	461                             @ DW_AT_decl_line
	.byte	3                               @ DW_AT_bit_size
	.byte	1                               @ DW_AT_data_bit_offset
	.byte	25                              @ Abbrev [25] 0xabb:0xe DW_TAG_member
	.long	.Linfo_string130                @ DW_AT_name
	.long	705                             @ DW_AT_type
	.byte	5                               @ DW_AT_decl_file
	.short	462                             @ DW_AT_decl_line
	.byte	3                               @ DW_AT_bit_size
	.byte	4                               @ DW_AT_data_bit_offset
	.byte	25                              @ Abbrev [25] 0xac9:0xe DW_TAG_member
	.long	.Linfo_string66                 @ DW_AT_name
	.long	705                             @ DW_AT_type
	.byte	5                               @ DW_AT_decl_file
	.short	463                             @ DW_AT_decl_line
	.byte	25                              @ DW_AT_bit_size
	.byte	7                               @ DW_AT_data_bit_offset
	.byte	0                               @ End Of Children Mark
	.byte	13                              @ Abbrev [13] 0xad8:0x5 DW_TAG_volatile_type
	.long	2781                            @ DW_AT_type
	.byte	19                              @ Abbrev [19] 0xadd:0xc DW_TAG_typedef
	.long	2793                            @ DW_AT_type
	.long	.Linfo_string135                @ DW_AT_name
	.byte	5                               @ DW_AT_decl_file
	.short	470                             @ DW_AT_decl_line
	.byte	24                              @ Abbrev [24] 0xae9:0x22 DW_TAG_structure_type
	.byte	4                               @ DW_AT_byte_size
	.byte	5                               @ DW_AT_decl_file
	.short	466                             @ DW_AT_decl_line
	.byte	25                              @ Abbrev [25] 0xaee:0xe DW_TAG_member
	.long	.Linfo_string134                @ DW_AT_name
	.long	705                             @ DW_AT_type
	.byte	5                               @ DW_AT_decl_file
	.short	468                             @ DW_AT_decl_line
	.byte	2                               @ DW_AT_bit_size
	.byte	0                               @ DW_AT_data_bit_offset
	.byte	25                              @ Abbrev [25] 0xafc:0xe DW_TAG_member
	.long	.Linfo_string66                 @ DW_AT_name
	.long	705                             @ DW_AT_type
	.byte	5                               @ DW_AT_decl_file
	.short	469                             @ DW_AT_decl_line
	.byte	30                              @ DW_AT_bit_size
	.byte	2                               @ DW_AT_data_bit_offset
	.byte	0                               @ End Of Children Mark
	.byte	13                              @ Abbrev [13] 0xb0b:0x5 DW_TAG_volatile_type
	.long	2832                            @ DW_AT_type
	.byte	19                              @ Abbrev [19] 0xb10:0xc DW_TAG_typedef
	.long	2844                            @ DW_AT_type
	.long	.Linfo_string139                @ DW_AT_name
	.byte	5                               @ DW_AT_decl_file
	.short	476                             @ DW_AT_decl_line
	.byte	24                              @ Abbrev [24] 0xb1c:0x22 DW_TAG_structure_type
	.byte	4                               @ DW_AT_byte_size
	.byte	5                               @ DW_AT_decl_file
	.short	472                             @ DW_AT_decl_line
	.byte	25                              @ Abbrev [25] 0xb21:0xe DW_TAG_member
	.long	.Linfo_string138                @ DW_AT_name
	.long	705                             @ DW_AT_type
	.byte	5                               @ DW_AT_decl_file
	.short	474                             @ DW_AT_decl_line
	.byte	1                               @ DW_AT_bit_size
	.byte	0                               @ DW_AT_data_bit_offset
	.byte	25                              @ Abbrev [25] 0xb2f:0xe DW_TAG_member
	.long	.Linfo_string66                 @ DW_AT_name
	.long	705                             @ DW_AT_type
	.byte	5                               @ DW_AT_decl_file
	.short	475                             @ DW_AT_decl_line
	.byte	31                              @ DW_AT_bit_size
	.byte	1                               @ DW_AT_data_bit_offset
	.byte	0                               @ End Of Children Mark
	.byte	13                              @ Abbrev [13] 0xb3e:0x5 DW_TAG_volatile_type
	.long	2883                            @ DW_AT_type
	.byte	19                              @ Abbrev [19] 0xb43:0xc DW_TAG_typedef
	.long	2895                            @ DW_AT_type
	.long	.Linfo_string145                @ DW_AT_name
	.byte	5                               @ DW_AT_decl_file
	.short	486                             @ DW_AT_decl_line
	.byte	24                              @ Abbrev [24] 0xb4f:0x5a DW_TAG_structure_type
	.byte	4                               @ DW_AT_byte_size
	.byte	5                               @ DW_AT_decl_file
	.short	478                             @ DW_AT_decl_line
	.byte	25                              @ Abbrev [25] 0xb54:0xe DW_TAG_member
	.long	.Linfo_string142                @ DW_AT_name
	.long	705                             @ DW_AT_type
	.byte	5                               @ DW_AT_decl_file
	.short	480                             @ DW_AT_decl_line
	.byte	3                               @ DW_AT_bit_size
	.byte	0                               @ DW_AT_data_bit_offset
	.byte	25                              @ Abbrev [25] 0xb62:0xe DW_TAG_member
	.long	.Linfo_string101                @ DW_AT_name
	.long	705                             @ DW_AT_type
	.byte	5                               @ DW_AT_decl_file
	.short	481                             @ DW_AT_decl_line
	.byte	1                               @ DW_AT_bit_size
	.byte	3                               @ DW_AT_data_bit_offset
	.byte	25                              @ Abbrev [25] 0xb70:0xe DW_TAG_member
	.long	.Linfo_string143                @ DW_AT_name
	.long	705                             @ DW_AT_type
	.byte	5                               @ DW_AT_decl_file
	.short	482                             @ DW_AT_decl_line
	.byte	3                               @ DW_AT_bit_size
	.byte	4                               @ DW_AT_data_bit_offset
	.byte	25                              @ Abbrev [25] 0xb7e:0xe DW_TAG_member
	.long	.Linfo_string71                 @ DW_AT_name
	.long	705                             @ DW_AT_type
	.byte	5                               @ DW_AT_decl_file
	.short	483                             @ DW_AT_decl_line
	.byte	1                               @ DW_AT_bit_size
	.byte	7                               @ DW_AT_data_bit_offset
	.byte	25                              @ Abbrev [25] 0xb8c:0xe DW_TAG_member
	.long	.Linfo_string144                @ DW_AT_name
	.long	705                             @ DW_AT_type
	.byte	5                               @ DW_AT_decl_file
	.short	484                             @ DW_AT_decl_line
	.byte	3                               @ DW_AT_bit_size
	.byte	8                               @ DW_AT_data_bit_offset
	.byte	25                              @ Abbrev [25] 0xb9a:0xe DW_TAG_member
	.long	.Linfo_string66                 @ DW_AT_name
	.long	705                             @ DW_AT_type
	.byte	5                               @ DW_AT_decl_file
	.short	485                             @ DW_AT_decl_line
	.byte	21                              @ DW_AT_bit_size
	.byte	11                              @ DW_AT_data_bit_offset
	.byte	0                               @ End Of Children Mark
	.byte	13                              @ Abbrev [13] 0xba9:0x5 DW_TAG_volatile_type
	.long	2990                            @ DW_AT_type
	.byte	19                              @ Abbrev [19] 0xbae:0xc DW_TAG_typedef
	.long	3002                            @ DW_AT_type
	.long	.Linfo_string153                @ DW_AT_name
	.byte	5                               @ DW_AT_decl_file
	.short	496                             @ DW_AT_decl_line
	.byte	24                              @ Abbrev [24] 0xbba:0x5a DW_TAG_structure_type
	.byte	4                               @ DW_AT_byte_size
	.byte	5                               @ DW_AT_decl_file
	.short	488                             @ DW_AT_decl_line
	.byte	25                              @ Abbrev [25] 0xbbf:0xe DW_TAG_member
	.long	.Linfo_string148                @ DW_AT_name
	.long	705                             @ DW_AT_type
	.byte	5                               @ DW_AT_decl_file
	.short	490                             @ DW_AT_decl_line
	.byte	1                               @ DW_AT_bit_size
	.byte	0                               @ DW_AT_data_bit_offset
	.byte	25                              @ Abbrev [25] 0xbcd:0xe DW_TAG_member
	.long	.Linfo_string149                @ DW_AT_name
	.long	705                             @ DW_AT_type
	.byte	5                               @ DW_AT_decl_file
	.short	491                             @ DW_AT_decl_line
	.byte	1                               @ DW_AT_bit_size
	.byte	1                               @ DW_AT_data_bit_offset
	.byte	25                              @ Abbrev [25] 0xbdb:0xe DW_TAG_member
	.long	.Linfo_string150                @ DW_AT_name
	.long	705                             @ DW_AT_type
	.byte	5                               @ DW_AT_decl_file
	.short	492                             @ DW_AT_decl_line
	.byte	1                               @ DW_AT_bit_size
	.byte	2                               @ DW_AT_data_bit_offset
	.byte	25                              @ Abbrev [25] 0xbe9:0xe DW_TAG_member
	.long	.Linfo_string151                @ DW_AT_name
	.long	705                             @ DW_AT_type
	.byte	5                               @ DW_AT_decl_file
	.short	493                             @ DW_AT_decl_line
	.byte	1                               @ DW_AT_bit_size
	.byte	3                               @ DW_AT_data_bit_offset
	.byte	25                              @ Abbrev [25] 0xbf7:0xe DW_TAG_member
	.long	.Linfo_string152                @ DW_AT_name
	.long	705                             @ DW_AT_type
	.byte	5                               @ DW_AT_decl_file
	.short	494                             @ DW_AT_decl_line
	.byte	1                               @ DW_AT_bit_size
	.byte	4                               @ DW_AT_data_bit_offset
	.byte	25                              @ Abbrev [25] 0xc05:0xe DW_TAG_member
	.long	.Linfo_string66                 @ DW_AT_name
	.long	705                             @ DW_AT_type
	.byte	5                               @ DW_AT_decl_file
	.short	495                             @ DW_AT_decl_line
	.byte	27                              @ DW_AT_bit_size
	.byte	5                               @ DW_AT_data_bit_offset
	.byte	0                               @ End Of Children Mark
	.byte	13                              @ Abbrev [13] 0xc14:0x5 DW_TAG_volatile_type
	.long	3097                            @ DW_AT_type
	.byte	19                              @ Abbrev [19] 0xc19:0xc DW_TAG_typedef
	.long	3109                            @ DW_AT_type
	.long	.Linfo_string161                @ DW_AT_name
	.byte	5                               @ DW_AT_decl_file
	.short	506                             @ DW_AT_decl_line
	.byte	24                              @ Abbrev [24] 0xc25:0x5a DW_TAG_structure_type
	.byte	4                               @ DW_AT_byte_size
	.byte	5                               @ DW_AT_decl_file
	.short	498                             @ DW_AT_decl_line
	.byte	25                              @ Abbrev [25] 0xc2a:0xe DW_TAG_member
	.long	.Linfo_string156                @ DW_AT_name
	.long	705                             @ DW_AT_type
	.byte	5                               @ DW_AT_decl_file
	.short	500                             @ DW_AT_decl_line
	.byte	1                               @ DW_AT_bit_size
	.byte	0                               @ DW_AT_data_bit_offset
	.byte	25                              @ Abbrev [25] 0xc38:0xe DW_TAG_member
	.long	.Linfo_string157                @ DW_AT_name
	.long	705                             @ DW_AT_type
	.byte	5                               @ DW_AT_decl_file
	.short	501                             @ DW_AT_decl_line
	.byte	1                               @ DW_AT_bit_size
	.byte	1                               @ DW_AT_data_bit_offset
	.byte	25                              @ Abbrev [25] 0xc46:0xe DW_TAG_member
	.long	.Linfo_string158                @ DW_AT_name
	.long	705                             @ DW_AT_type
	.byte	5                               @ DW_AT_decl_file
	.short	502                             @ DW_AT_decl_line
	.byte	1                               @ DW_AT_bit_size
	.byte	2                               @ DW_AT_data_bit_offset
	.byte	25                              @ Abbrev [25] 0xc54:0xe DW_TAG_member
	.long	.Linfo_string159                @ DW_AT_name
	.long	705                             @ DW_AT_type
	.byte	5                               @ DW_AT_decl_file
	.short	503                             @ DW_AT_decl_line
	.byte	1                               @ DW_AT_bit_size
	.byte	3                               @ DW_AT_data_bit_offset
	.byte	25                              @ Abbrev [25] 0xc62:0xe DW_TAG_member
	.long	.Linfo_string160                @ DW_AT_name
	.long	705                             @ DW_AT_type
	.byte	5                               @ DW_AT_decl_file
	.short	504                             @ DW_AT_decl_line
	.byte	1                               @ DW_AT_bit_size
	.byte	4                               @ DW_AT_data_bit_offset
	.byte	25                              @ Abbrev [25] 0xc70:0xe DW_TAG_member
	.long	.Linfo_string66                 @ DW_AT_name
	.long	705                             @ DW_AT_type
	.byte	5                               @ DW_AT_decl_file
	.short	505                             @ DW_AT_decl_line
	.byte	27                              @ DW_AT_bit_size
	.byte	5                               @ DW_AT_data_bit_offset
	.byte	0                               @ End Of Children Mark
	.byte	13                              @ Abbrev [13] 0xc7f:0x5 DW_TAG_volatile_type
	.long	3204                            @ DW_AT_type
	.byte	19                              @ Abbrev [19] 0xc84:0xc DW_TAG_typedef
	.long	3216                            @ DW_AT_type
	.long	.Linfo_string169                @ DW_AT_name
	.byte	5                               @ DW_AT_decl_file
	.short	516                             @ DW_AT_decl_line
	.byte	24                              @ Abbrev [24] 0xc90:0x5a DW_TAG_structure_type
	.byte	4                               @ DW_AT_byte_size
	.byte	5                               @ DW_AT_decl_file
	.short	508                             @ DW_AT_decl_line
	.byte	25                              @ Abbrev [25] 0xc95:0xe DW_TAG_member
	.long	.Linfo_string164                @ DW_AT_name
	.long	705                             @ DW_AT_type
	.byte	5                               @ DW_AT_decl_file
	.short	510                             @ DW_AT_decl_line
	.byte	1                               @ DW_AT_bit_size
	.byte	0                               @ DW_AT_data_bit_offset
	.byte	25                              @ Abbrev [25] 0xca3:0xe DW_TAG_member
	.long	.Linfo_string165                @ DW_AT_name
	.long	705                             @ DW_AT_type
	.byte	5                               @ DW_AT_decl_file
	.short	511                             @ DW_AT_decl_line
	.byte	1                               @ DW_AT_bit_size
	.byte	1                               @ DW_AT_data_bit_offset
	.byte	25                              @ Abbrev [25] 0xcb1:0xe DW_TAG_member
	.long	.Linfo_string166                @ DW_AT_name
	.long	705                             @ DW_AT_type
	.byte	5                               @ DW_AT_decl_file
	.short	512                             @ DW_AT_decl_line
	.byte	1                               @ DW_AT_bit_size
	.byte	2                               @ DW_AT_data_bit_offset
	.byte	25                              @ Abbrev [25] 0xcbf:0xe DW_TAG_member
	.long	.Linfo_string167                @ DW_AT_name
	.long	705                             @ DW_AT_type
	.byte	5                               @ DW_AT_decl_file
	.short	513                             @ DW_AT_decl_line
	.byte	1                               @ DW_AT_bit_size
	.byte	3                               @ DW_AT_data_bit_offset
	.byte	25                              @ Abbrev [25] 0xccd:0xe DW_TAG_member
	.long	.Linfo_string168                @ DW_AT_name
	.long	705                             @ DW_AT_type
	.byte	5                               @ DW_AT_decl_file
	.short	514                             @ DW_AT_decl_line
	.byte	1                               @ DW_AT_bit_size
	.byte	4                               @ DW_AT_data_bit_offset
	.byte	25                              @ Abbrev [25] 0xcdb:0xe DW_TAG_member
	.long	.Linfo_string66                 @ DW_AT_name
	.long	705                             @ DW_AT_type
	.byte	5                               @ DW_AT_decl_file
	.short	515                             @ DW_AT_decl_line
	.byte	27                              @ DW_AT_bit_size
	.byte	5                               @ DW_AT_data_bit_offset
	.byte	0                               @ End Of Children Mark
	.byte	13                              @ Abbrev [13] 0xcea:0x5 DW_TAG_volatile_type
	.long	3311                            @ DW_AT_type
	.byte	19                              @ Abbrev [19] 0xcef:0xc DW_TAG_typedef
	.long	3323                            @ DW_AT_type
	.long	.Linfo_string177                @ DW_AT_name
	.byte	5                               @ DW_AT_decl_file
	.short	526                             @ DW_AT_decl_line
	.byte	24                              @ Abbrev [24] 0xcfb:0x5a DW_TAG_structure_type
	.byte	4                               @ DW_AT_byte_size
	.byte	5                               @ DW_AT_decl_file
	.short	518                             @ DW_AT_decl_line
	.byte	25                              @ Abbrev [25] 0xd00:0xe DW_TAG_member
	.long	.Linfo_string172                @ DW_AT_name
	.long	705                             @ DW_AT_type
	.byte	5                               @ DW_AT_decl_file
	.short	520                             @ DW_AT_decl_line
	.byte	1                               @ DW_AT_bit_size
	.byte	0                               @ DW_AT_data_bit_offset
	.byte	25                              @ Abbrev [25] 0xd0e:0xe DW_TAG_member
	.long	.Linfo_string173                @ DW_AT_name
	.long	705                             @ DW_AT_type
	.byte	5                               @ DW_AT_decl_file
	.short	521                             @ DW_AT_decl_line
	.byte	1                               @ DW_AT_bit_size
	.byte	1                               @ DW_AT_data_bit_offset
	.byte	25                              @ Abbrev [25] 0xd1c:0xe DW_TAG_member
	.long	.Linfo_string174                @ DW_AT_name
	.long	705                             @ DW_AT_type
	.byte	5                               @ DW_AT_decl_file
	.short	522                             @ DW_AT_decl_line
	.byte	1                               @ DW_AT_bit_size
	.byte	2                               @ DW_AT_data_bit_offset
	.byte	25                              @ Abbrev [25] 0xd2a:0xe DW_TAG_member
	.long	.Linfo_string175                @ DW_AT_name
	.long	705                             @ DW_AT_type
	.byte	5                               @ DW_AT_decl_file
	.short	523                             @ DW_AT_decl_line
	.byte	1                               @ DW_AT_bit_size
	.byte	3                               @ DW_AT_data_bit_offset
	.byte	25                              @ Abbrev [25] 0xd38:0xe DW_TAG_member
	.long	.Linfo_string176                @ DW_AT_name
	.long	705                             @ DW_AT_type
	.byte	5                               @ DW_AT_decl_file
	.short	524                             @ DW_AT_decl_line
	.byte	1                               @ DW_AT_bit_size
	.byte	4                               @ DW_AT_data_bit_offset
	.byte	25                              @ Abbrev [25] 0xd46:0xe DW_TAG_member
	.long	.Linfo_string66                 @ DW_AT_name
	.long	705                             @ DW_AT_type
	.byte	5                               @ DW_AT_decl_file
	.short	525                             @ DW_AT_decl_line
	.byte	27                              @ DW_AT_bit_size
	.byte	5                               @ DW_AT_data_bit_offset
	.byte	0                               @ End Of Children Mark
	.byte	13                              @ Abbrev [13] 0xd55:0x5 DW_TAG_volatile_type
	.long	3418                            @ DW_AT_type
	.byte	19                              @ Abbrev [19] 0xd5a:0xc DW_TAG_typedef
	.long	3430                            @ DW_AT_type
	.long	.Linfo_string184                @ DW_AT_name
	.byte	5                               @ DW_AT_decl_file
	.short	536                             @ DW_AT_decl_line
	.byte	24                              @ Abbrev [24] 0xd66:0x5a DW_TAG_structure_type
	.byte	4                               @ DW_AT_byte_size
	.byte	5                               @ DW_AT_decl_file
	.short	528                             @ DW_AT_decl_line
	.byte	25                              @ Abbrev [25] 0xd6b:0xe DW_TAG_member
	.long	.Linfo_string180                @ DW_AT_name
	.long	705                             @ DW_AT_type
	.byte	5                               @ DW_AT_decl_file
	.short	530                             @ DW_AT_decl_line
	.byte	1                               @ DW_AT_bit_size
	.byte	0                               @ DW_AT_data_bit_offset
	.byte	25                              @ Abbrev [25] 0xd79:0xe DW_TAG_member
	.long	.Linfo_string181                @ DW_AT_name
	.long	705                             @ DW_AT_type
	.byte	5                               @ DW_AT_decl_file
	.short	531                             @ DW_AT_decl_line
	.byte	1                               @ DW_AT_bit_size
	.byte	1                               @ DW_AT_data_bit_offset
	.byte	25                              @ Abbrev [25] 0xd87:0xe DW_TAG_member
	.long	.Linfo_string71                 @ DW_AT_name
	.long	705                             @ DW_AT_type
	.byte	5                               @ DW_AT_decl_file
	.short	532                             @ DW_AT_decl_line
	.byte	2                               @ DW_AT_bit_size
	.byte	2                               @ DW_AT_data_bit_offset
	.byte	25                              @ Abbrev [25] 0xd95:0xe DW_TAG_member
	.long	.Linfo_string182                @ DW_AT_name
	.long	705                             @ DW_AT_type
	.byte	5                               @ DW_AT_decl_file
	.short	533                             @ DW_AT_decl_line
	.byte	4                               @ DW_AT_bit_size
	.byte	4                               @ DW_AT_data_bit_offset
	.byte	25                              @ Abbrev [25] 0xda3:0xe DW_TAG_member
	.long	.Linfo_string183                @ DW_AT_name
	.long	705                             @ DW_AT_type
	.byte	5                               @ DW_AT_decl_file
	.short	534                             @ DW_AT_decl_line
	.byte	2                               @ DW_AT_bit_size
	.byte	8                               @ DW_AT_data_bit_offset
	.byte	25                              @ Abbrev [25] 0xdb1:0xe DW_TAG_member
	.long	.Linfo_string66                 @ DW_AT_name
	.long	705                             @ DW_AT_type
	.byte	5                               @ DW_AT_decl_file
	.short	535                             @ DW_AT_decl_line
	.byte	22                              @ DW_AT_bit_size
	.byte	10                              @ DW_AT_data_bit_offset
	.byte	0                               @ End Of Children Mark
	.byte	13                              @ Abbrev [13] 0xdc0:0x5 DW_TAG_volatile_type
	.long	3525                            @ DW_AT_type
	.byte	19                              @ Abbrev [19] 0xdc5:0xc DW_TAG_typedef
	.long	3537                            @ DW_AT_type
	.long	.Linfo_string189                @ DW_AT_name
	.byte	5                               @ DW_AT_decl_file
	.short	544                             @ DW_AT_decl_line
	.byte	24                              @ Abbrev [24] 0xdd1:0x3e DW_TAG_structure_type
	.byte	4                               @ DW_AT_byte_size
	.byte	5                               @ DW_AT_decl_file
	.short	538                             @ DW_AT_decl_line
	.byte	25                              @ Abbrev [25] 0xdd6:0xe DW_TAG_member
	.long	.Linfo_string187                @ DW_AT_name
	.long	705                             @ DW_AT_type
	.byte	5                               @ DW_AT_decl_file
	.short	540                             @ DW_AT_decl_line
	.byte	14                              @ DW_AT_bit_size
	.byte	0                               @ DW_AT_data_bit_offset
	.byte	25                              @ Abbrev [25] 0xde4:0xe DW_TAG_member
	.long	.Linfo_string71                 @ DW_AT_name
	.long	705                             @ DW_AT_type
	.byte	5                               @ DW_AT_decl_file
	.short	541                             @ DW_AT_decl_line
	.byte	2                               @ DW_AT_bit_size
	.byte	14                              @ DW_AT_data_bit_offset
	.byte	25                              @ Abbrev [25] 0xdf2:0xe DW_TAG_member
	.long	.Linfo_string188                @ DW_AT_name
	.long	705                             @ DW_AT_type
	.byte	5                               @ DW_AT_decl_file
	.short	542                             @ DW_AT_decl_line
	.byte	14                              @ DW_AT_bit_size
	.byte	16                              @ DW_AT_data_bit_offset
	.byte	25                              @ Abbrev [25] 0xe00:0xe DW_TAG_member
	.long	.Linfo_string66                 @ DW_AT_name
	.long	705                             @ DW_AT_type
	.byte	5                               @ DW_AT_decl_file
	.short	543                             @ DW_AT_decl_line
	.byte	2                               @ DW_AT_bit_size
	.byte	30                              @ DW_AT_data_bit_offset
	.byte	0                               @ End Of Children Mark
	.byte	13                              @ Abbrev [13] 0xe0f:0x5 DW_TAG_volatile_type
	.long	3604                            @ DW_AT_type
	.byte	19                              @ Abbrev [19] 0xe14:0xc DW_TAG_typedef
	.long	3616                            @ DW_AT_type
	.long	.Linfo_string193                @ DW_AT_name
	.byte	5                               @ DW_AT_decl_file
	.short	550                             @ DW_AT_decl_line
	.byte	24                              @ Abbrev [24] 0xe20:0x22 DW_TAG_structure_type
	.byte	4                               @ DW_AT_byte_size
	.byte	5                               @ DW_AT_decl_file
	.short	546                             @ DW_AT_decl_line
	.byte	25                              @ Abbrev [25] 0xe25:0xe DW_TAG_member
	.long	.Linfo_string192                @ DW_AT_name
	.long	705                             @ DW_AT_type
	.byte	5                               @ DW_AT_decl_file
	.short	548                             @ DW_AT_decl_line
	.byte	1                               @ DW_AT_bit_size
	.byte	0                               @ DW_AT_data_bit_offset
	.byte	25                              @ Abbrev [25] 0xe33:0xe DW_TAG_member
	.long	.Linfo_string66                 @ DW_AT_name
	.long	705                             @ DW_AT_type
	.byte	5                               @ DW_AT_decl_file
	.short	549                             @ DW_AT_decl_line
	.byte	31                              @ DW_AT_bit_size
	.byte	1                               @ DW_AT_data_bit_offset
	.byte	0                               @ End Of Children Mark
	.byte	13                              @ Abbrev [13] 0xe42:0x5 DW_TAG_volatile_type
	.long	3655                            @ DW_AT_type
	.byte	19                              @ Abbrev [19] 0xe47:0xc DW_TAG_typedef
	.long	3667                            @ DW_AT_type
	.long	.Linfo_string197                @ DW_AT_name
	.byte	5                               @ DW_AT_decl_file
	.short	556                             @ DW_AT_decl_line
	.byte	24                              @ Abbrev [24] 0xe53:0x22 DW_TAG_structure_type
	.byte	4                               @ DW_AT_byte_size
	.byte	5                               @ DW_AT_decl_file
	.short	552                             @ DW_AT_decl_line
	.byte	25                              @ Abbrev [25] 0xe58:0xe DW_TAG_member
	.long	.Linfo_string196                @ DW_AT_name
	.long	705                             @ DW_AT_type
	.byte	5                               @ DW_AT_decl_file
	.short	554                             @ DW_AT_decl_line
	.byte	1                               @ DW_AT_bit_size
	.byte	0                               @ DW_AT_data_bit_offset
	.byte	25                              @ Abbrev [25] 0xe66:0xe DW_TAG_member
	.long	.Linfo_string66                 @ DW_AT_name
	.long	705                             @ DW_AT_type
	.byte	5                               @ DW_AT_decl_file
	.short	555                             @ DW_AT_decl_line
	.byte	31                              @ DW_AT_bit_size
	.byte	1                               @ DW_AT_data_bit_offset
	.byte	0                               @ End Of Children Mark
	.byte	13                              @ Abbrev [13] 0xe75:0x5 DW_TAG_volatile_type
	.long	3706                            @ DW_AT_type
	.byte	19                              @ Abbrev [19] 0xe7a:0xc DW_TAG_typedef
	.long	3718                            @ DW_AT_type
	.long	.Linfo_string209                @ DW_AT_name
	.byte	5                               @ DW_AT_decl_file
	.short	572                             @ DW_AT_decl_line
	.byte	24                              @ Abbrev [24] 0xe86:0xae DW_TAG_structure_type
	.byte	4                               @ DW_AT_byte_size
	.byte	5                               @ DW_AT_decl_file
	.short	558                             @ DW_AT_decl_line
	.byte	25                              @ Abbrev [25] 0xe8b:0xe DW_TAG_member
	.long	.Linfo_string200                @ DW_AT_name
	.long	705                             @ DW_AT_type
	.byte	5                               @ DW_AT_decl_file
	.short	560                             @ DW_AT_decl_line
	.byte	1                               @ DW_AT_bit_size
	.byte	0                               @ DW_AT_data_bit_offset
	.byte	25                              @ Abbrev [25] 0xe99:0xe DW_TAG_member
	.long	.Linfo_string201                @ DW_AT_name
	.long	705                             @ DW_AT_type
	.byte	5                               @ DW_AT_decl_file
	.short	561                             @ DW_AT_decl_line
	.byte	1                               @ DW_AT_bit_size
	.byte	1                               @ DW_AT_data_bit_offset
	.byte	25                              @ Abbrev [25] 0xea7:0xe DW_TAG_member
	.long	.Linfo_string202                @ DW_AT_name
	.long	705                             @ DW_AT_type
	.byte	5                               @ DW_AT_decl_file
	.short	562                             @ DW_AT_decl_line
	.byte	2                               @ DW_AT_bit_size
	.byte	2                               @ DW_AT_data_bit_offset
	.byte	25                              @ Abbrev [25] 0xeb5:0xe DW_TAG_member
	.long	.Linfo_string203                @ DW_AT_name
	.long	705                             @ DW_AT_type
	.byte	5                               @ DW_AT_decl_file
	.short	563                             @ DW_AT_decl_line
	.byte	1                               @ DW_AT_bit_size
	.byte	4                               @ DW_AT_data_bit_offset
	.byte	25                              @ Abbrev [25] 0xec3:0xe DW_TAG_member
	.long	.Linfo_string204                @ DW_AT_name
	.long	705                             @ DW_AT_type
	.byte	5                               @ DW_AT_decl_file
	.short	564                             @ DW_AT_decl_line
	.byte	3                               @ DW_AT_bit_size
	.byte	5                               @ DW_AT_data_bit_offset
	.byte	25                              @ Abbrev [25] 0xed1:0xe DW_TAG_member
	.long	.Linfo_string205                @ DW_AT_name
	.long	705                             @ DW_AT_type
	.byte	5                               @ DW_AT_decl_file
	.short	565                             @ DW_AT_decl_line
	.byte	1                               @ DW_AT_bit_size
	.byte	8                               @ DW_AT_data_bit_offset
	.byte	25                              @ Abbrev [25] 0xedf:0xe DW_TAG_member
	.long	.Linfo_string101                @ DW_AT_name
	.long	705                             @ DW_AT_type
	.byte	5                               @ DW_AT_decl_file
	.short	566                             @ DW_AT_decl_line
	.byte	3                               @ DW_AT_bit_size
	.byte	9                               @ DW_AT_data_bit_offset
	.byte	25                              @ Abbrev [25] 0xeed:0xe DW_TAG_member
	.long	.Linfo_string206                @ DW_AT_name
	.long	705                             @ DW_AT_type
	.byte	5                               @ DW_AT_decl_file
	.short	567                             @ DW_AT_decl_line
	.byte	6                               @ DW_AT_bit_size
	.byte	12                              @ DW_AT_data_bit_offset
	.byte	25                              @ Abbrev [25] 0xefb:0xe DW_TAG_member
	.long	.Linfo_string71                 @ DW_AT_name
	.long	705                             @ DW_AT_type
	.byte	5                               @ DW_AT_decl_file
	.short	568                             @ DW_AT_decl_line
	.byte	2                               @ DW_AT_bit_size
	.byte	18                              @ DW_AT_data_bit_offset
	.byte	25                              @ Abbrev [25] 0xf09:0xe DW_TAG_member
	.long	.Linfo_string207                @ DW_AT_name
	.long	705                             @ DW_AT_type
	.byte	5                               @ DW_AT_decl_file
	.short	569                             @ DW_AT_decl_line
	.byte	1                               @ DW_AT_bit_size
	.byte	20                              @ DW_AT_data_bit_offset
	.byte	25                              @ Abbrev [25] 0xf17:0xe DW_TAG_member
	.long	.Linfo_string208                @ DW_AT_name
	.long	705                             @ DW_AT_type
	.byte	5                               @ DW_AT_decl_file
	.short	570                             @ DW_AT_decl_line
	.byte	1                               @ DW_AT_bit_size
	.byte	21                              @ DW_AT_data_bit_offset
	.byte	25                              @ Abbrev [25] 0xf25:0xe DW_TAG_member
	.long	.Linfo_string66                 @ DW_AT_name
	.long	705                             @ DW_AT_type
	.byte	5                               @ DW_AT_decl_file
	.short	571                             @ DW_AT_decl_line
	.byte	10                              @ DW_AT_bit_size
	.byte	22                              @ DW_AT_data_bit_offset
	.byte	0                               @ End Of Children Mark
	.byte	13                              @ Abbrev [13] 0xf34:0x5 DW_TAG_volatile_type
	.long	3897                            @ DW_AT_type
	.byte	19                              @ Abbrev [19] 0xf39:0xc DW_TAG_typedef
	.long	3909                            @ DW_AT_type
	.long	.Linfo_string213                @ DW_AT_name
	.byte	5                               @ DW_AT_decl_file
	.short	578                             @ DW_AT_decl_line
	.byte	24                              @ Abbrev [24] 0xf45:0x22 DW_TAG_structure_type
	.byte	4                               @ DW_AT_byte_size
	.byte	5                               @ DW_AT_decl_file
	.short	574                             @ DW_AT_decl_line
	.byte	25                              @ Abbrev [25] 0xf4a:0xe DW_TAG_member
	.long	.Linfo_string212                @ DW_AT_name
	.long	705                             @ DW_AT_type
	.byte	5                               @ DW_AT_decl_file
	.short	576                             @ DW_AT_decl_line
	.byte	13                              @ DW_AT_bit_size
	.byte	0                               @ DW_AT_data_bit_offset
	.byte	25                              @ Abbrev [25] 0xf58:0xe DW_TAG_member
	.long	.Linfo_string66                 @ DW_AT_name
	.long	705                             @ DW_AT_type
	.byte	5                               @ DW_AT_decl_file
	.short	577                             @ DW_AT_decl_line
	.byte	19                              @ DW_AT_bit_size
	.byte	13                              @ DW_AT_data_bit_offset
	.byte	0                               @ End Of Children Mark
	.byte	13                              @ Abbrev [13] 0xf67:0x5 DW_TAG_volatile_type
	.long	3948                            @ DW_AT_type
	.byte	19                              @ Abbrev [19] 0xf6c:0xc DW_TAG_typedef
	.long	3960                            @ DW_AT_type
	.long	.Linfo_string219                @ DW_AT_name
	.byte	5                               @ DW_AT_decl_file
	.short	587                             @ DW_AT_decl_line
	.byte	24                              @ Abbrev [24] 0xf78:0x4c DW_TAG_structure_type
	.byte	4                               @ DW_AT_byte_size
	.byte	5                               @ DW_AT_decl_file
	.short	580                             @ DW_AT_decl_line
	.byte	25                              @ Abbrev [25] 0xf7d:0xe DW_TAG_member
	.long	.Linfo_string216                @ DW_AT_name
	.long	705                             @ DW_AT_type
	.byte	5                               @ DW_AT_decl_file
	.short	582                             @ DW_AT_decl_line
	.byte	1                               @ DW_AT_bit_size
	.byte	0                               @ DW_AT_data_bit_offset
	.byte	25                              @ Abbrev [25] 0xf8b:0xe DW_TAG_member
	.long	.Linfo_string217                @ DW_AT_name
	.long	705                             @ DW_AT_type
	.byte	5                               @ DW_AT_decl_file
	.short	583                             @ DW_AT_decl_line
	.byte	2                               @ DW_AT_bit_size
	.byte	1                               @ DW_AT_data_bit_offset
	.byte	25                              @ Abbrev [25] 0xf99:0xe DW_TAG_member
	.long	.Linfo_string71                 @ DW_AT_name
	.long	705                             @ DW_AT_type
	.byte	5                               @ DW_AT_decl_file
	.short	584                             @ DW_AT_decl_line
	.byte	1                               @ DW_AT_bit_size
	.byte	3                               @ DW_AT_data_bit_offset
	.byte	25                              @ Abbrev [25] 0xfa7:0xe DW_TAG_member
	.long	.Linfo_string218                @ DW_AT_name
	.long	705                             @ DW_AT_type
	.byte	5                               @ DW_AT_decl_file
	.short	585                             @ DW_AT_decl_line
	.byte	1                               @ DW_AT_bit_size
	.byte	4                               @ DW_AT_data_bit_offset
	.byte	25                              @ Abbrev [25] 0xfb5:0xe DW_TAG_member
	.long	.Linfo_string66                 @ DW_AT_name
	.long	705                             @ DW_AT_type
	.byte	5                               @ DW_AT_decl_file
	.short	586                             @ DW_AT_decl_line
	.byte	27                              @ DW_AT_bit_size
	.byte	5                               @ DW_AT_data_bit_offset
	.byte	0                               @ End Of Children Mark
	.byte	16                              @ Abbrev [16] 0xfc4:0xc DW_TAG_array_type
	.long	710                             @ DW_AT_type
	.byte	17                              @ Abbrev [17] 0xfc9:0x6 DW_TAG_subrange_type
	.long	993                             @ DW_AT_type
	.byte	39                              @ DW_AT_count
	.byte	0                               @ End Of Children Mark
	.byte	13                              @ Abbrev [13] 0xfd0:0x5 DW_TAG_volatile_type
	.long	4053                            @ DW_AT_type
	.byte	19                              @ Abbrev [19] 0xfd5:0xc DW_TAG_typedef
	.long	4065                            @ DW_AT_type
	.long	.Linfo_string222                @ DW_AT_name
	.byte	5                               @ DW_AT_decl_file
	.short	592                             @ DW_AT_decl_line
	.byte	24                              @ Abbrev [24] 0xfe1:0x14 DW_TAG_structure_type
	.byte	4                               @ DW_AT_byte_size
	.byte	5                               @ DW_AT_decl_file
	.short	589                             @ DW_AT_decl_line
	.byte	25                              @ Abbrev [25] 0xfe6:0xe DW_TAG_member
	.long	.Linfo_string220                @ DW_AT_name
	.long	705                             @ DW_AT_type
	.byte	5                               @ DW_AT_decl_file
	.short	591                             @ DW_AT_decl_line
	.byte	32                              @ DW_AT_bit_size
	.byte	0                               @ DW_AT_data_bit_offset
	.byte	0                               @ End Of Children Mark
	.byte	13                              @ Abbrev [13] 0xff5:0x5 DW_TAG_volatile_type
	.long	4090                            @ DW_AT_type
	.byte	19                              @ Abbrev [19] 0xffa:0xc DW_TAG_typedef
	.long	4102                            @ DW_AT_type
	.long	.Linfo_string225                @ DW_AT_name
	.byte	5                               @ DW_AT_decl_file
	.short	597                             @ DW_AT_decl_line
	.byte	24                              @ Abbrev [24] 0x1006:0x14 DW_TAG_structure_type
	.byte	4                               @ DW_AT_byte_size
	.byte	5                               @ DW_AT_decl_file
	.short	594                             @ DW_AT_decl_line
	.byte	25                              @ Abbrev [25] 0x100b:0xe DW_TAG_member
	.long	.Linfo_string223                @ DW_AT_name
	.long	705                             @ DW_AT_type
	.byte	5                               @ DW_AT_decl_file
	.short	596                             @ DW_AT_decl_line
	.byte	32                              @ DW_AT_bit_size
	.byte	0                               @ DW_AT_data_bit_offset
	.byte	0                               @ End Of Children Mark
	.byte	13                              @ Abbrev [13] 0x101a:0x5 DW_TAG_volatile_type
	.long	4127                            @ DW_AT_type
	.byte	19                              @ Abbrev [19] 0x101f:0xc DW_TAG_typedef
	.long	4139                            @ DW_AT_type
	.long	.Linfo_string226                @ DW_AT_name
	.byte	5                               @ DW_AT_decl_file
	.short	603                             @ DW_AT_decl_line
	.byte	24                              @ Abbrev [24] 0x102b:0x22 DW_TAG_structure_type
	.byte	4                               @ DW_AT_byte_size
	.byte	5                               @ DW_AT_decl_file
	.short	599                             @ DW_AT_decl_line
	.byte	25                              @ Abbrev [25] 0x1030:0xe DW_TAG_member
	.long	.Linfo_string85                 @ DW_AT_name
	.long	705                             @ DW_AT_type
	.byte	5                               @ DW_AT_decl_file
	.short	601                             @ DW_AT_decl_line
	.byte	4                               @ DW_AT_bit_size
	.byte	0                               @ DW_AT_data_bit_offset
	.byte	25                              @ Abbrev [25] 0x103e:0xe DW_TAG_member
	.long	.Linfo_string66                 @ DW_AT_name
	.long	705                             @ DW_AT_type
	.byte	5                               @ DW_AT_decl_file
	.short	602                             @ DW_AT_decl_line
	.byte	28                              @ DW_AT_bit_size
	.byte	4                               @ DW_AT_data_bit_offset
	.byte	0                               @ End Of Children Mark
	.byte	13                              @ Abbrev [13] 0x104d:0x5 DW_TAG_volatile_type
	.long	4178                            @ DW_AT_type
	.byte	19                              @ Abbrev [19] 0x1052:0xc DW_TAG_typedef
	.long	4190                            @ DW_AT_type
	.long	.Linfo_string229                @ DW_AT_name
	.byte	5                               @ DW_AT_decl_file
	.short	609                             @ DW_AT_decl_line
	.byte	24                              @ Abbrev [24] 0x105e:0x22 DW_TAG_structure_type
	.byte	4                               @ DW_AT_byte_size
	.byte	5                               @ DW_AT_decl_file
	.short	605                             @ DW_AT_decl_line
	.byte	25                              @ Abbrev [25] 0x1063:0xe DW_TAG_member
	.long	.Linfo_string227                @ DW_AT_name
	.long	705                             @ DW_AT_type
	.byte	5                               @ DW_AT_decl_file
	.short	607                             @ DW_AT_decl_line
	.byte	1                               @ DW_AT_bit_size
	.byte	0                               @ DW_AT_data_bit_offset
	.byte	25                              @ Abbrev [25] 0x1071:0xe DW_TAG_member
	.long	.Linfo_string66                 @ DW_AT_name
	.long	705                             @ DW_AT_type
	.byte	5                               @ DW_AT_decl_file
	.short	608                             @ DW_AT_decl_line
	.byte	31                              @ DW_AT_bit_size
	.byte	1                               @ DW_AT_data_bit_offset
	.byte	0                               @ End Of Children Mark
	.byte	7                               @ Abbrev [7] 0x1080:0xb DW_TAG_typedef
	.long	4235                            @ DW_AT_type
	.long	.Linfo_string232                @ DW_AT_name
	.byte	3                               @ DW_AT_decl_file
	.byte	58                              @ DW_AT_decl_line
	.byte	4                               @ Abbrev [4] 0x108b:0x7 DW_TAG_base_type
	.long	.Linfo_string231                @ DW_AT_name
	.byte	5                               @ DW_AT_encoding
	.byte	4                               @ DW_AT_byte_size
	.byte	8                               @ Abbrev [8] 0x1092:0x5 DW_TAG_pointer_type
	.long	4247                            @ DW_AT_type
	.byte	19                              @ Abbrev [19] 0x1097:0xc DW_TAG_typedef
	.long	4259                            @ DW_AT_type
	.long	.Linfo_string238                @ DW_AT_name
	.byte	6                               @ DW_AT_decl_file
	.short	318                             @ DW_AT_decl_line
	.byte	20                              @ Abbrev [20] 0x10a3:0x8f DW_TAG_structure_type
	.short	800                             @ DW_AT_byte_size
	.byte	6                               @ DW_AT_decl_file
	.short	306                             @ DW_AT_decl_line
	.byte	23                              @ Abbrev [23] 0x10a9:0xd DW_TAG_member
	.long	.Linfo_string233                @ DW_AT_name
	.long	4402                            @ DW_AT_type
	.byte	6                               @ DW_AT_decl_file
	.short	308                             @ DW_AT_decl_line
	.byte	0                               @ DW_AT_data_member_location
	.byte	23                              @ Abbrev [23] 0x10b6:0xd DW_TAG_member
	.long	.Linfo_string66                 @ DW_AT_name
	.long	4414                            @ DW_AT_type
	.byte	6                               @ DW_AT_decl_file
	.short	309                             @ DW_AT_decl_line
	.byte	4                               @ DW_AT_data_member_location
	.byte	23                              @ Abbrev [23] 0x10c3:0xd DW_TAG_member
	.long	.Linfo_string234                @ DW_AT_name
	.long	4402                            @ DW_AT_type
	.byte	6                               @ DW_AT_decl_file
	.short	310                             @ DW_AT_decl_line
	.byte	128                             @ DW_AT_data_member_location
	.byte	23                              @ Abbrev [23] 0x10d0:0xd DW_TAG_member
	.long	.Linfo_string71                 @ DW_AT_name
	.long	4414                            @ DW_AT_type
	.byte	6                               @ DW_AT_decl_file
	.short	311                             @ DW_AT_decl_line
	.byte	132                             @ DW_AT_data_member_location
	.byte	26                              @ Abbrev [26] 0x10dd:0xe DW_TAG_member
	.long	.Linfo_string235                @ DW_AT_name
	.long	4402                            @ DW_AT_type
	.byte	6                               @ DW_AT_decl_file
	.short	312                             @ DW_AT_decl_line
	.short	256                             @ DW_AT_data_member_location
	.byte	26                              @ Abbrev [26] 0x10eb:0xe DW_TAG_member
	.long	.Linfo_string101                @ DW_AT_name
	.long	4414                            @ DW_AT_type
	.byte	6                               @ DW_AT_decl_file
	.short	313                             @ DW_AT_decl_line
	.short	260                             @ DW_AT_data_member_location
	.byte	26                              @ Abbrev [26] 0x10f9:0xe DW_TAG_member
	.long	.Linfo_string236                @ DW_AT_name
	.long	4402                            @ DW_AT_type
	.byte	6                               @ DW_AT_decl_file
	.short	314                             @ DW_AT_decl_line
	.short	384                             @ DW_AT_data_member_location
	.byte	26                              @ Abbrev [26] 0x1107:0xe DW_TAG_member
	.long	.Linfo_string204                @ DW_AT_name
	.long	4414                            @ DW_AT_type
	.byte	6                               @ DW_AT_decl_file
	.short	315                             @ DW_AT_decl_line
	.short	388                             @ DW_AT_data_member_location
	.byte	26                              @ Abbrev [26] 0x1115:0xe DW_TAG_member
	.long	.Linfo_string202                @ DW_AT_name
	.long	4426                            @ DW_AT_type
	.byte	6                               @ DW_AT_decl_file
	.short	316                             @ DW_AT_decl_line
	.short	512                             @ DW_AT_data_member_location
	.byte	26                              @ Abbrev [26] 0x1123:0xe DW_TAG_member
	.long	.Linfo_string237                @ DW_AT_name
	.long	4438                            @ DW_AT_type
	.byte	6                               @ DW_AT_decl_file
	.short	317                             @ DW_AT_decl_line
	.short	768                             @ DW_AT_data_member_location
	.byte	0                               @ End Of Children Mark
	.byte	16                              @ Abbrev [16] 0x1132:0xc DW_TAG_array_type
	.long	705                             @ DW_AT_type
	.byte	17                              @ Abbrev [17] 0x1137:0x6 DW_TAG_subrange_type
	.long	993                             @ DW_AT_type
	.byte	1                               @ DW_AT_count
	.byte	0                               @ End Of Children Mark
	.byte	16                              @ Abbrev [16] 0x113e:0xc DW_TAG_array_type
	.long	710                             @ DW_AT_type
	.byte	17                              @ Abbrev [17] 0x1143:0x6 DW_TAG_subrange_type
	.long	993                             @ DW_AT_type
	.byte	31                              @ DW_AT_count
	.byte	0                               @ End Of Children Mark
	.byte	16                              @ Abbrev [16] 0x114a:0xc DW_TAG_array_type
	.long	710                             @ DW_AT_type
	.byte	17                              @ Abbrev [17] 0x114f:0x6 DW_TAG_subrange_type
	.long	993                             @ DW_AT_type
	.byte	64                              @ DW_AT_count
	.byte	0                               @ End Of Children Mark
	.byte	16                              @ Abbrev [16] 0x1156:0xc DW_TAG_array_type
	.long	705                             @ DW_AT_type
	.byte	17                              @ Abbrev [17] 0x115b:0x6 DW_TAG_subrange_type
	.long	993                             @ DW_AT_type
	.byte	8                               @ DW_AT_count
	.byte	0                               @ End Of Children Mark
	.byte	8                               @ Abbrev [8] 0x1162:0x5 DW_TAG_pointer_type
	.long	4455                            @ DW_AT_type
	.byte	19                              @ Abbrev [19] 0x1167:0xc DW_TAG_typedef
	.long	4467                            @ DW_AT_type
	.long	.Linfo_string246                @ DW_AT_name
	.byte	6                               @ DW_AT_decl_file
	.short	343                             @ DW_AT_decl_line
	.byte	24                              @ Abbrev [24] 0x1173:0x7b DW_TAG_structure_type
	.byte	40                              @ DW_AT_byte_size
	.byte	6                               @ DW_AT_decl_file
	.short	332                             @ DW_AT_decl_line
	.byte	23                              @ Abbrev [23] 0x1178:0xd DW_TAG_member
	.long	.Linfo_string239                @ DW_AT_name
	.long	4590                            @ DW_AT_type
	.byte	6                               @ DW_AT_decl_file
	.short	334                             @ DW_AT_decl_line
	.byte	0                               @ DW_AT_data_member_location
	.byte	23                              @ Abbrev [23] 0x1185:0xd DW_TAG_member
	.long	.Linfo_string240                @ DW_AT_name
	.long	705                             @ DW_AT_type
	.byte	6                               @ DW_AT_decl_file
	.short	335                             @ DW_AT_decl_line
	.byte	4                               @ DW_AT_data_member_location
	.byte	23                              @ Abbrev [23] 0x1192:0xd DW_TAG_member
	.long	.Linfo_string66                 @ DW_AT_name
	.long	710                             @ DW_AT_type
	.byte	6                               @ DW_AT_decl_file
	.short	336                             @ DW_AT_decl_line
	.byte	8                               @ DW_AT_data_member_location
	.byte	23                              @ Abbrev [23] 0x119f:0xd DW_TAG_member
	.long	.Linfo_string241                @ DW_AT_name
	.long	705                             @ DW_AT_type
	.byte	6                               @ DW_AT_decl_file
	.short	337                             @ DW_AT_decl_line
	.byte	12                              @ DW_AT_data_member_location
	.byte	23                              @ Abbrev [23] 0x11ac:0xd DW_TAG_member
	.long	.Linfo_string242                @ DW_AT_name
	.long	705                             @ DW_AT_type
	.byte	6                               @ DW_AT_decl_file
	.short	338                             @ DW_AT_decl_line
	.byte	16                              @ DW_AT_data_member_location
	.byte	23                              @ Abbrev [23] 0x11b9:0xd DW_TAG_member
	.long	.Linfo_string243                @ DW_AT_name
	.long	705                             @ DW_AT_type
	.byte	6                               @ DW_AT_decl_file
	.short	339                             @ DW_AT_decl_line
	.byte	20                              @ DW_AT_data_member_location
	.byte	23                              @ Abbrev [23] 0x11c6:0xd DW_TAG_member
	.long	.Linfo_string71                 @ DW_AT_name
	.long	710                             @ DW_AT_type
	.byte	6                               @ DW_AT_decl_file
	.short	340                             @ DW_AT_decl_line
	.byte	24                              @ DW_AT_data_member_location
	.byte	23                              @ Abbrev [23] 0x11d3:0xd DW_TAG_member
	.long	.Linfo_string244                @ DW_AT_name
	.long	4595                            @ DW_AT_type
	.byte	6                               @ DW_AT_decl_file
	.short	341                             @ DW_AT_decl_line
	.byte	28                              @ DW_AT_data_member_location
	.byte	23                              @ Abbrev [23] 0x11e0:0xd DW_TAG_member
	.long	.Linfo_string245                @ DW_AT_name
	.long	705                             @ DW_AT_type
	.byte	6                               @ DW_AT_decl_file
	.short	342                             @ DW_AT_decl_line
	.byte	36                              @ DW_AT_data_member_location
	.byte	0                               @ End Of Children Mark
	.byte	27                              @ Abbrev [27] 0x11ee:0x5 DW_TAG_const_type
	.long	705                             @ DW_AT_type
	.byte	16                              @ Abbrev [16] 0x11f3:0xc DW_TAG_array_type
	.long	705                             @ DW_AT_type
	.byte	17                              @ Abbrev [17] 0x11f8:0x6 DW_TAG_subrange_type
	.long	993                             @ DW_AT_type
	.byte	2                               @ DW_AT_count
	.byte	0                               @ End Of Children Mark
	.byte	28                              @ Abbrev [28] 0x11ff:0x2e DW_TAG_subprogram
	.long	.Lfunc_begin0                   @ DW_AT_low_pc
	.long	.Lfunc_end0-.Lfunc_begin0       @ DW_AT_high_pc
	.byte	1                               @ DW_AT_frame_base
	.byte	93
                                        @ DW_AT_GNU_all_call_sites
	.long	.Linfo_string253                @ DW_AT_name
	.byte	7                               @ DW_AT_decl_file
	.byte	34                              @ DW_AT_decl_line
                                        @ DW_AT_prototyped
                                        @ DW_AT_external
	.byte	29                              @ Abbrev [29] 0x1210:0xd DW_TAG_formal_parameter
	.byte	1                               @ DW_AT_location
	.byte	80
	.long	.Linfo_string267                @ DW_AT_name
	.byte	7                               @ DW_AT_decl_file
	.byte	34                              @ DW_AT_decl_line
	.long	5400                            @ DW_AT_type
	.byte	30                              @ Abbrev [30] 0x121d:0xf DW_TAG_formal_parameter
	.long	.Ldebug_loc0                    @ DW_AT_location
	.long	.Linfo_string268                @ DW_AT_name
	.byte	7                               @ DW_AT_decl_file
	.byte	34                              @ DW_AT_decl_line
	.long	5405                            @ DW_AT_type
	.byte	0                               @ End Of Children Mark
	.byte	28                              @ Abbrev [28] 0x122d:0x3d DW_TAG_subprogram
	.long	.Lfunc_begin1                   @ DW_AT_low_pc
	.long	.Lfunc_end1-.Lfunc_begin1       @ DW_AT_high_pc
	.byte	1                               @ DW_AT_frame_base
	.byte	93
                                        @ DW_AT_GNU_all_call_sites
	.long	.Linfo_string254                @ DW_AT_name
	.byte	7                               @ DW_AT_decl_file
	.byte	60                              @ DW_AT_decl_line
                                        @ DW_AT_prototyped
                                        @ DW_AT_external
	.byte	30                              @ Abbrev [30] 0x123e:0xf DW_TAG_formal_parameter
	.long	.Ldebug_loc1                    @ DW_AT_location
	.long	.Linfo_string269                @ DW_AT_name
	.byte	7                               @ DW_AT_decl_file
	.byte	60                              @ DW_AT_decl_line
	.long	5410                            @ DW_AT_type
	.byte	30                              @ Abbrev [30] 0x124d:0xf DW_TAG_formal_parameter
	.long	.Ldebug_loc2                    @ DW_AT_location
	.long	.Linfo_string271                @ DW_AT_name
	.byte	7                               @ DW_AT_decl_file
	.byte	60                              @ DW_AT_decl_line
	.long	5421                            @ DW_AT_type
	.byte	29                              @ Abbrev [29] 0x125c:0xd DW_TAG_formal_parameter
	.byte	1                               @ DW_AT_location
	.byte	82
	.long	.Linfo_string273                @ DW_AT_name
	.byte	7                               @ DW_AT_decl_file
	.byte	60                              @ DW_AT_decl_line
	.long	5432                            @ DW_AT_type
	.byte	0                               @ End Of Children Mark
	.byte	28                              @ Abbrev [28] 0x126a:0x2e DW_TAG_subprogram
	.long	.Lfunc_begin2                   @ DW_AT_low_pc
	.long	.Lfunc_end2-.Lfunc_begin2       @ DW_AT_high_pc
	.byte	1                               @ DW_AT_frame_base
	.byte	93
                                        @ DW_AT_GNU_all_call_sites
	.long	.Linfo_string255                @ DW_AT_name
	.byte	7                               @ DW_AT_decl_file
	.byte	80                              @ DW_AT_decl_line
                                        @ DW_AT_prototyped
                                        @ DW_AT_external
	.byte	29                              @ Abbrev [29] 0x127b:0xd DW_TAG_formal_parameter
	.byte	1                               @ DW_AT_location
	.byte	80
	.long	.Linfo_string275                @ DW_AT_name
	.byte	7                               @ DW_AT_decl_file
	.byte	80                              @ DW_AT_decl_line
	.long	5443                            @ DW_AT_type
	.byte	30                              @ Abbrev [30] 0x1288:0xf DW_TAG_formal_parameter
	.long	.Ldebug_loc3                    @ DW_AT_location
	.long	.Linfo_string277                @ DW_AT_name
	.byte	7                               @ DW_AT_decl_file
	.byte	80                              @ DW_AT_decl_line
	.long	5393                            @ DW_AT_type
	.byte	0                               @ End Of Children Mark
	.byte	28                              @ Abbrev [28] 0x1298:0x1f DW_TAG_subprogram
	.long	.Lfunc_begin3                   @ DW_AT_low_pc
	.long	.Lfunc_end3-.Lfunc_begin3       @ DW_AT_high_pc
	.byte	1                               @ DW_AT_frame_base
	.byte	93
                                        @ DW_AT_GNU_all_call_sites
	.long	.Linfo_string256                @ DW_AT_name
	.byte	7                               @ DW_AT_decl_file
	.byte	105                             @ DW_AT_decl_line
                                        @ DW_AT_prototyped
                                        @ DW_AT_external
	.byte	29                              @ Abbrev [29] 0x12a9:0xd DW_TAG_formal_parameter
	.byte	1                               @ DW_AT_location
	.byte	80
	.long	.Linfo_string275                @ DW_AT_name
	.byte	7                               @ DW_AT_decl_file
	.byte	105                             @ DW_AT_decl_line
	.long	5443                            @ DW_AT_type
	.byte	0                               @ End Of Children Mark
	.byte	31                              @ Abbrev [31] 0x12b7:0x25 DW_TAG_subprogram
	.long	.Lfunc_begin4                   @ DW_AT_low_pc
	.long	.Lfunc_end4-.Lfunc_begin4       @ DW_AT_high_pc
	.byte	1                               @ DW_AT_frame_base
	.byte	93
                                        @ DW_AT_GNU_all_call_sites
	.long	.Linfo_string257                @ DW_AT_name
	.byte	7                               @ DW_AT_decl_file
	.byte	121                             @ DW_AT_decl_line
                                        @ DW_AT_prototyped
	.long	1094                            @ DW_AT_type
                                        @ DW_AT_external
	.byte	30                              @ Abbrev [30] 0x12cc:0xf DW_TAG_formal_parameter
	.long	.Ldebug_loc4                    @ DW_AT_location
	.long	.Linfo_string275                @ DW_AT_name
	.byte	7                               @ DW_AT_decl_file
	.byte	121                             @ DW_AT_decl_line
	.long	5443                            @ DW_AT_type
	.byte	0                               @ End Of Children Mark
	.byte	28                              @ Abbrev [28] 0x12dc:0x2c DW_TAG_subprogram
	.long	.Lfunc_begin5                   @ DW_AT_low_pc
	.long	.Lfunc_end5-.Lfunc_begin5       @ DW_AT_high_pc
	.byte	1                               @ DW_AT_frame_base
	.byte	93
                                        @ DW_AT_GNU_all_call_sites
	.long	.Linfo_string258                @ DW_AT_name
	.byte	7                               @ DW_AT_decl_file
	.byte	134                             @ DW_AT_decl_line
                                        @ DW_AT_prototyped
                                        @ DW_AT_external
	.byte	29                              @ Abbrev [29] 0x12ed:0xd DW_TAG_formal_parameter
	.byte	1                               @ DW_AT_location
	.byte	80
	.long	.Linfo_string278                @ DW_AT_name
	.byte	7                               @ DW_AT_decl_file
	.byte	134                             @ DW_AT_decl_line
	.long	5454                            @ DW_AT_type
	.byte	29                              @ Abbrev [29] 0x12fa:0xd DW_TAG_formal_parameter
	.byte	1                               @ DW_AT_location
	.byte	81
	.long	.Linfo_string280                @ DW_AT_name
	.byte	7                               @ DW_AT_decl_file
	.byte	134                             @ DW_AT_decl_line
	.long	710                             @ DW_AT_type
	.byte	0                               @ End Of Children Mark
	.byte	28                              @ Abbrev [28] 0x1308:0x2e DW_TAG_subprogram
	.long	.Lfunc_begin6                   @ DW_AT_low_pc
	.long	.Lfunc_end6-.Lfunc_begin6       @ DW_AT_high_pc
	.byte	1                               @ DW_AT_frame_base
	.byte	93
                                        @ DW_AT_GNU_all_call_sites
	.long	.Linfo_string259                @ DW_AT_name
	.byte	7                               @ DW_AT_decl_file
	.byte	158                             @ DW_AT_decl_line
                                        @ DW_AT_prototyped
                                        @ DW_AT_external
	.byte	30                              @ Abbrev [30] 0x1319:0xf DW_TAG_formal_parameter
	.long	.Ldebug_loc5                    @ DW_AT_location
	.long	.Linfo_string278                @ DW_AT_name
	.byte	7                               @ DW_AT_decl_file
	.byte	158                             @ DW_AT_decl_line
	.long	5454                            @ DW_AT_type
	.byte	29                              @ Abbrev [29] 0x1328:0xd DW_TAG_formal_parameter
	.byte	1                               @ DW_AT_location
	.byte	81
	.long	.Linfo_string280                @ DW_AT_name
	.byte	7                               @ DW_AT_decl_file
	.byte	158                             @ DW_AT_decl_line
	.long	5465                            @ DW_AT_type
	.byte	0                               @ End Of Children Mark
	.byte	32                              @ Abbrev [32] 0x1336:0x16 DW_TAG_subprogram
	.long	.Linfo_string247                @ DW_AT_name
	.byte	6                               @ DW_AT_decl_file
	.short	689                             @ DW_AT_decl_line
                                        @ DW_AT_prototyped
	.byte	1                               @ DW_AT_inline
	.byte	33                              @ Abbrev [33] 0x133f:0xc DW_TAG_formal_parameter
	.long	.Linfo_string57                 @ DW_AT_name
	.byte	6                               @ DW_AT_decl_file
	.short	689                             @ DW_AT_decl_line
	.long	4940                            @ DW_AT_type
	.byte	0                               @ End Of Children Mark
	.byte	7                               @ Abbrev [7] 0x134c:0xb DW_TAG_typedef
	.long	315                             @ DW_AT_type
	.long	.Linfo_string248                @ DW_AT_name
	.byte	2                               @ DW_AT_decl_file
	.byte	98                              @ DW_AT_decl_line
	.byte	32                              @ Abbrev [32] 0x1357:0x22 DW_TAG_subprogram
	.long	.Linfo_string249                @ DW_AT_name
	.byte	6                               @ DW_AT_decl_file
	.short	706                             @ DW_AT_decl_line
                                        @ DW_AT_prototyped
	.byte	1                               @ DW_AT_inline
	.byte	33                              @ Abbrev [33] 0x1360:0xc DW_TAG_formal_parameter
	.long	.Linfo_string57                 @ DW_AT_name
	.byte	6                               @ DW_AT_decl_file
	.short	706                             @ DW_AT_decl_line
	.long	4940                            @ DW_AT_type
	.byte	33                              @ Abbrev [33] 0x136c:0xc DW_TAG_formal_parameter
	.long	.Linfo_string250                @ DW_AT_name
	.byte	6                               @ DW_AT_decl_file
	.short	706                             @ DW_AT_decl_line
	.long	710                             @ DW_AT_type
	.byte	0                               @ End Of Children Mark
	.byte	32                              @ Abbrev [32] 0x1379:0x16 DW_TAG_subprogram
	.long	.Linfo_string251                @ DW_AT_name
	.byte	6                               @ DW_AT_decl_file
	.short	603                             @ DW_AT_decl_line
                                        @ DW_AT_prototyped
	.byte	1                               @ DW_AT_inline
	.byte	33                              @ Abbrev [33] 0x1382:0xc DW_TAG_formal_parameter
	.long	.Linfo_string57                 @ DW_AT_name
	.byte	6                               @ DW_AT_decl_file
	.short	603                             @ DW_AT_decl_line
	.long	4940                            @ DW_AT_type
	.byte	0                               @ End Of Children Mark
	.byte	32                              @ Abbrev [32] 0x138f:0x16 DW_TAG_subprogram
	.long	.Linfo_string252                @ DW_AT_name
	.byte	6                               @ DW_AT_decl_file
	.short	639                             @ DW_AT_decl_line
                                        @ DW_AT_prototyped
	.byte	1                               @ DW_AT_inline
	.byte	33                              @ Abbrev [33] 0x1398:0xc DW_TAG_formal_parameter
	.long	.Linfo_string57                 @ DW_AT_name
	.byte	6                               @ DW_AT_decl_file
	.short	639                             @ DW_AT_decl_line
	.long	4940                            @ DW_AT_type
	.byte	0                               @ End Of Children Mark
	.byte	28                              @ Abbrev [28] 0x13a5:0x83 DW_TAG_subprogram
	.long	.Lfunc_begin7                   @ DW_AT_low_pc
	.long	.Lfunc_end7-.Lfunc_begin7       @ DW_AT_high_pc
	.byte	1                               @ DW_AT_frame_base
	.byte	93
                                        @ DW_AT_GNU_all_call_sites
	.long	.Linfo_string260                @ DW_AT_name
	.byte	7                               @ DW_AT_decl_file
	.byte	177                             @ DW_AT_decl_line
                                        @ DW_AT_prototyped
                                        @ DW_AT_external
	.byte	30                              @ Abbrev [30] 0x13b6:0xf DW_TAG_formal_parameter
	.long	.Ldebug_loc6                    @ DW_AT_location
	.long	.Linfo_string277                @ DW_AT_name
	.byte	7                               @ DW_AT_decl_file
	.byte	177                             @ DW_AT_decl_line
	.long	5393                            @ DW_AT_type
	.byte	34                              @ Abbrev [34] 0x13c5:0x17 DW_TAG_inlined_subroutine
	.long	4918                            @ DW_AT_abstract_origin
	.long	.Ltmp38                         @ DW_AT_low_pc
	.long	.Ltmp39-.Ltmp38                 @ DW_AT_high_pc
	.byte	7                               @ DW_AT_call_file
	.byte	186                             @ DW_AT_call_line
	.byte	5                               @ DW_AT_call_column
	.byte	35                              @ Abbrev [35] 0x13d5:0x6 DW_TAG_formal_parameter
	.byte	6                               @ DW_AT_const_value
	.long	4927                            @ DW_AT_abstract_origin
	.byte	0                               @ End Of Children Mark
	.byte	34                              @ Abbrev [34] 0x13dc:0x1d DW_TAG_inlined_subroutine
	.long	4951                            @ DW_AT_abstract_origin
	.long	.Ltmp41                         @ DW_AT_low_pc
	.long	.Ltmp42-.Ltmp41                 @ DW_AT_high_pc
	.byte	7                               @ DW_AT_call_file
	.byte	190                             @ DW_AT_call_line
	.byte	9                               @ DW_AT_call_column
	.byte	35                              @ Abbrev [35] 0x13ec:0x6 DW_TAG_formal_parameter
	.byte	6                               @ DW_AT_const_value
	.long	4960                            @ DW_AT_abstract_origin
	.byte	36                              @ Abbrev [36] 0x13f2:0x6 DW_TAG_formal_parameter
	.byte	3                               @ DW_AT_const_value
	.long	4972                            @ DW_AT_abstract_origin
	.byte	0                               @ End Of Children Mark
	.byte	34                              @ Abbrev [34] 0x13f9:0x17 DW_TAG_inlined_subroutine
	.long	4985                            @ DW_AT_abstract_origin
	.long	.Ltmp42                         @ DW_AT_low_pc
	.long	.Ltmp43-.Ltmp42                 @ DW_AT_high_pc
	.byte	7                               @ DW_AT_call_file
	.byte	191                             @ DW_AT_call_line
	.byte	9                               @ DW_AT_call_column
	.byte	35                              @ Abbrev [35] 0x1409:0x6 DW_TAG_formal_parameter
	.byte	6                               @ DW_AT_const_value
	.long	4994                            @ DW_AT_abstract_origin
	.byte	0                               @ End Of Children Mark
	.byte	34                              @ Abbrev [34] 0x1410:0x17 DW_TAG_inlined_subroutine
	.long	5007                            @ DW_AT_abstract_origin
	.long	.Ltmp45                         @ DW_AT_low_pc
	.long	.Ltmp46-.Ltmp45                 @ DW_AT_high_pc
	.byte	7                               @ DW_AT_call_file
	.byte	195                             @ DW_AT_call_line
	.byte	9                               @ DW_AT_call_column
	.byte	35                              @ Abbrev [35] 0x1420:0x6 DW_TAG_formal_parameter
	.byte	6                               @ DW_AT_const_value
	.long	5016                            @ DW_AT_abstract_origin
	.byte	0                               @ End Of Children Mark
	.byte	0                               @ End Of Children Mark
	.byte	37                              @ Abbrev [37] 0x1428:0x15 DW_TAG_subprogram
	.long	.Lfunc_begin8                   @ DW_AT_low_pc
	.long	.Lfunc_end8-.Lfunc_begin8       @ DW_AT_high_pc
	.byte	1                               @ DW_AT_frame_base
	.byte	93
                                        @ DW_AT_GNU_all_call_sites
	.long	.Linfo_string261                @ DW_AT_name
	.byte	7                               @ DW_AT_decl_file
	.byte	206                             @ DW_AT_decl_line
                                        @ DW_AT_prototyped
	.long	5393                            @ DW_AT_type
                                        @ DW_AT_external
	.byte	37                              @ Abbrev [37] 0x143d:0x15 DW_TAG_subprogram
	.long	.Lfunc_begin9                   @ DW_AT_low_pc
	.long	.Lfunc_end9-.Lfunc_begin9       @ DW_AT_high_pc
	.byte	1                               @ DW_AT_frame_base
	.byte	93
                                        @ DW_AT_GNU_all_call_sites
	.long	.Linfo_string263                @ DW_AT_name
	.byte	7                               @ DW_AT_decl_file
	.byte	218                             @ DW_AT_decl_line
                                        @ DW_AT_prototyped
	.long	5393                            @ DW_AT_type
                                        @ DW_AT_external
	.byte	28                              @ Abbrev [28] 0x1452:0x7b DW_TAG_subprogram
	.long	.Lfunc_begin10                  @ DW_AT_low_pc
	.long	.Lfunc_end10-.Lfunc_begin10     @ DW_AT_high_pc
	.byte	1                               @ DW_AT_frame_base
	.byte	93
                                        @ DW_AT_GNU_all_call_sites
	.long	.Linfo_string264                @ DW_AT_name
	.byte	7                               @ DW_AT_decl_file
	.byte	231                             @ DW_AT_decl_line
                                        @ DW_AT_prototyped
                                        @ DW_AT_external
	.byte	30                              @ Abbrev [30] 0x1463:0xf DW_TAG_formal_parameter
	.long	.Ldebug_loc7                    @ DW_AT_location
	.long	.Linfo_string277                @ DW_AT_name
	.byte	7                               @ DW_AT_decl_file
	.byte	231                             @ DW_AT_decl_line
	.long	5393                            @ DW_AT_type
	.byte	30                              @ Abbrev [30] 0x1472:0xf DW_TAG_formal_parameter
	.long	.Ldebug_loc8                    @ DW_AT_location
	.long	.Linfo_string281                @ DW_AT_name
	.byte	7                               @ DW_AT_decl_file
	.byte	231                             @ DW_AT_decl_line
	.long	5470                            @ DW_AT_type
	.byte	34                              @ Abbrev [34] 0x1481:0x17 DW_TAG_inlined_subroutine
	.long	4918                            @ DW_AT_abstract_origin
	.long	.Ltmp56                         @ DW_AT_low_pc
	.long	.Ltmp57-.Ltmp56                 @ DW_AT_high_pc
	.byte	7                               @ DW_AT_call_file
	.byte	236                             @ DW_AT_call_line
	.byte	5                               @ DW_AT_call_column
	.byte	35                              @ Abbrev [35] 0x1491:0x6 DW_TAG_formal_parameter
	.byte	6                               @ DW_AT_const_value
	.long	4927                            @ DW_AT_abstract_origin
	.byte	0                               @ End Of Children Mark
	.byte	34                              @ Abbrev [34] 0x1498:0x1d DW_TAG_inlined_subroutine
	.long	4951                            @ DW_AT_abstract_origin
	.long	.Ltmp59                         @ DW_AT_low_pc
	.long	.Ltmp60-.Ltmp59                 @ DW_AT_high_pc
	.byte	7                               @ DW_AT_call_file
	.byte	244                             @ DW_AT_call_line
	.byte	9                               @ DW_AT_call_column
	.byte	35                              @ Abbrev [35] 0x14a8:0x6 DW_TAG_formal_parameter
	.byte	6                               @ DW_AT_const_value
	.long	4960                            @ DW_AT_abstract_origin
	.byte	36                              @ Abbrev [36] 0x14ae:0x6 DW_TAG_formal_parameter
	.byte	3                               @ DW_AT_const_value
	.long	4972                            @ DW_AT_abstract_origin
	.byte	0                               @ End Of Children Mark
	.byte	34                              @ Abbrev [34] 0x14b5:0x17 DW_TAG_inlined_subroutine
	.long	4985                            @ DW_AT_abstract_origin
	.long	.Ltmp60                         @ DW_AT_low_pc
	.long	.Ltmp61-.Ltmp60                 @ DW_AT_high_pc
	.byte	7                               @ DW_AT_call_file
	.byte	245                             @ DW_AT_call_line
	.byte	9                               @ DW_AT_call_column
	.byte	35                              @ Abbrev [35] 0x14c5:0x6 DW_TAG_formal_parameter
	.byte	6                               @ DW_AT_const_value
	.long	4994                            @ DW_AT_abstract_origin
	.byte	0                               @ End Of Children Mark
	.byte	0                               @ End Of Children Mark
	.byte	38                              @ Abbrev [38] 0x14cd:0x21 DW_TAG_subprogram
	.long	.Lfunc_begin11                  @ DW_AT_low_pc
	.long	.Lfunc_end11-.Lfunc_begin11     @ DW_AT_high_pc
	.byte	1                               @ DW_AT_frame_base
	.byte	93
                                        @ DW_AT_GNU_all_call_sites
	.long	.Linfo_string265                @ DW_AT_name
	.byte	7                               @ DW_AT_decl_file
	.short	256                             @ DW_AT_decl_line
                                        @ DW_AT_prototyped
                                        @ DW_AT_external
	.byte	39                              @ Abbrev [39] 0x14df:0xe DW_TAG_formal_parameter
	.byte	1                               @ DW_AT_location
	.byte	80
	.long	.Linfo_string283                @ DW_AT_name
	.byte	7                               @ DW_AT_decl_file
	.short	256                             @ DW_AT_decl_line
	.long	1094                            @ DW_AT_type
	.byte	0                               @ End Of Children Mark
	.byte	38                              @ Abbrev [38] 0x14ee:0x23 DW_TAG_subprogram
	.long	.Lfunc_begin12                  @ DW_AT_low_pc
	.long	.Lfunc_end12-.Lfunc_begin12     @ DW_AT_high_pc
	.byte	1                               @ DW_AT_frame_base
	.byte	93
                                        @ DW_AT_GNU_all_call_sites
	.long	.Linfo_string266                @ DW_AT_name
	.byte	7                               @ DW_AT_decl_file
	.short	277                             @ DW_AT_decl_line
                                        @ DW_AT_prototyped
                                        @ DW_AT_external
	.byte	40                              @ Abbrev [40] 0x1500:0x10 DW_TAG_variable
	.long	.Ldebug_loc9                    @ DW_AT_location
	.long	.Linfo_string275                @ DW_AT_name
	.byte	7                               @ DW_AT_decl_file
	.short	279                             @ DW_AT_decl_line
	.long	710                             @ DW_AT_type
	.byte	0                               @ End Of Children Mark
	.byte	4                               @ Abbrev [4] 0x1511:0x7 DW_TAG_base_type
	.long	.Linfo_string262                @ DW_AT_name
	.byte	2                               @ DW_AT_encoding
	.byte	1                               @ DW_AT_byte_size
	.byte	8                               @ Abbrev [8] 0x1518:0x5 DW_TAG_pointer_type
	.long	1094                            @ DW_AT_type
	.byte	8                               @ Abbrev [8] 0x151d:0x5 DW_TAG_pointer_type
	.long	431                             @ DW_AT_type
	.byte	7                               @ Abbrev [7] 0x1522:0xb DW_TAG_typedef
	.long	38                              @ DW_AT_type
	.long	.Linfo_string270                @ DW_AT_name
	.byte	1                               @ DW_AT_decl_file
	.byte	93                              @ DW_AT_decl_line
	.byte	7                               @ Abbrev [7] 0x152d:0xb DW_TAG_typedef
	.long	72                              @ DW_AT_type
	.long	.Linfo_string272                @ DW_AT_name
	.byte	1                               @ DW_AT_decl_file
	.byte	117                             @ DW_AT_decl_line
	.byte	7                               @ Abbrev [7] 0x1538:0xb DW_TAG_typedef
	.long	183                             @ DW_AT_type
	.long	.Linfo_string274                @ DW_AT_name
	.byte	1                               @ DW_AT_decl_file
	.byte	129                             @ DW_AT_decl_line
	.byte	7                               @ Abbrev [7] 0x1543:0xb DW_TAG_typedef
	.long	222                             @ DW_AT_type
	.long	.Linfo_string276                @ DW_AT_name
	.byte	1                               @ DW_AT_decl_file
	.byte	140                             @ DW_AT_decl_line
	.byte	7                               @ Abbrev [7] 0x154e:0xb DW_TAG_typedef
	.long	255                             @ DW_AT_type
	.long	.Linfo_string279                @ DW_AT_name
	.byte	1                               @ DW_AT_decl_file
	.byte	163                             @ DW_AT_decl_line
	.byte	8                               @ Abbrev [8] 0x1559:0x5 DW_TAG_pointer_type
	.long	710                             @ DW_AT_type
	.byte	7                               @ Abbrev [7] 0x155e:0xb DW_TAG_typedef
	.long	5481                            @ DW_AT_type
	.long	.Linfo_string282                @ DW_AT_name
	.byte	8                               @ DW_AT_decl_file
	.byte	166                             @ DW_AT_decl_line
	.byte	8                               @ Abbrev [8] 0x1569:0x5 DW_TAG_pointer_type
	.long	5486                            @ DW_AT_type
	.byte	41                              @ Abbrev [41] 0x156e:0x7 DW_TAG_subroutine_type
                                        @ DW_AT_prototyped
	.byte	42                              @ Abbrev [42] 0x156f:0x5 DW_TAG_formal_parameter
	.long	710                             @ DW_AT_type
	.byte	0                               @ End Of Children Mark
	.byte	0                               @ End Of Children Mark
.Ldebug_info_end0:
	.section	.debug_ranges,"",%progbits
.Ldebug_ranges0:
	.long	.Lfunc_begin0
	.long	.Lfunc_end0
	.long	.Lfunc_begin1
	.long	.Lfunc_end1
	.long	.Lfunc_begin2
	.long	.Lfunc_end2
	.long	.Lfunc_begin3
	.long	.Lfunc_end3
	.long	.Lfunc_begin4
	.long	.Lfunc_end4
	.long	.Lfunc_begin5
	.long	.Lfunc_end5
	.long	.Lfunc_begin6
	.long	.Lfunc_end6
	.long	.Lfunc_begin7
	.long	.Lfunc_end7
	.long	.Lfunc_begin8
	.long	.Lfunc_end8
	.long	.Lfunc_begin9
	.long	.Lfunc_end9
	.long	.Lfunc_begin10
	.long	.Lfunc_end10
	.long	.Lfunc_begin11
	.long	.Lfunc_end11
	.long	.Lfunc_begin12
	.long	.Lfunc_end12
	.long	0
	.long	0
	.section	.debug_str,"MS",%progbits,1
.Linfo_string0:
	.asciz	"Component: Arm Compiler for Embedded 6.21 Tool: armclang [5ec1fd00]" @ string offset=0
.Linfo_string1:
	.asciz	"../07_TCPL04B_MCAL\\tcpl04x_ll_sys.c" @ string offset=68
.Linfo_string2:
	.asciz	"C:\\baidunetdiskdownload\\\346\263\260\347\237\275\345\276\256\\\346\260\233\345\233\264\347\201\257\\TCPL0X_AUTO_SDK_V2.0.0\\TCPL0X_AUTO_SDK_V2.0.0\\examples\\tcpl04x\\demo_apps\\tcpl04b_swsc_lean\\MDK" @ string offset=104
.Linfo_string3:
	.asciz	"unsigned char"                 @ string offset=243
.Linfo_string4:
	.asciz	"WAKEUP_SOUERCE_LIN"            @ string offset=257
.Linfo_string5:
	.asciz	"WAKEUP_SOURCE_IO0"             @ string offset=276
.Linfo_string6:
	.asciz	"WAKEUP_SOURCE_MAX"             @ string offset=294
.Linfo_string7:
	.asciz	"WAKEUP_TIME_1"                 @ string offset=312
.Linfo_string8:
	.asciz	"WAKEUP_TIME_2"                 @ string offset=326
.Linfo_string9:
	.asciz	"WAKEUP_TIME_3"                 @ string offset=340
.Linfo_string10:
	.asciz	"WAKEUP_TIME_4"                 @ string offset=354
.Linfo_string11:
	.asciz	"WAKEUP_TIME_5"                 @ string offset=368
.Linfo_string12:
	.asciz	"WAKEUP_TIME_6"                 @ string offset=382
.Linfo_string13:
	.asciz	"WAKEUP_TIME_7"                 @ string offset=396
.Linfo_string14:
	.asciz	"WAKEUP_TIME_8"                 @ string offset=410
.Linfo_string15:
	.asciz	"WAKEUP_TIME_9"                 @ string offset=424
.Linfo_string16:
	.asciz	"WAKEUP_TIME_10"                @ string offset=438
.Linfo_string17:
	.asciz	"WAKEUP_TIME_11"                @ string offset=453
.Linfo_string18:
	.asciz	"WAKEUP_TIME_12"                @ string offset=468
.Linfo_string19:
	.asciz	"WAKEUP_TIME_13"                @ string offset=483
.Linfo_string20:
	.asciz	"WAKEUP_TIME_14"                @ string offset=498
.Linfo_string21:
	.asciz	"WAKEUP_TIME_15"                @ string offset=513
.Linfo_string22:
	.asciz	"WAKEUP_TIME_16"                @ string offset=528
.Linfo_string23:
	.asciz	"WAKEUP_TIME_MAX"               @ string offset=543
.Linfo_string24:
	.asciz	"WAKEUP_FILTER_1"               @ string offset=559
.Linfo_string25:
	.asciz	"WAKEUP_FILTER_2"               @ string offset=575
.Linfo_string26:
	.asciz	"WAKEUP_FILTER_3"               @ string offset=591
.Linfo_string27:
	.asciz	"WAKEUP_FILTER_4"               @ string offset=607
.Linfo_string28:
	.asciz	"WAKEUP_FILTER_MAX"             @ string offset=623
.Linfo_string29:
	.asciz	"ASYSCFG_INT_WAKEUP"            @ string offset=641
.Linfo_string30:
	.asciz	"ASYSCFG_INT_VSLVD"             @ string offset=660
.Linfo_string31:
	.asciz	"ASYSCFG_INT_OTP"               @ string offset=678
.Linfo_string32:
	.asciz	"ASYSCFG_INT_RESERVED12_OCP"    @ string offset=694
.Linfo_string33:
	.asciz	"SYSTEM_BACKUP_ZONE_0"          @ string offset=721
.Linfo_string34:
	.asciz	"SYSTEM_BACKUP_ZONE_1"          @ string offset=742
.Linfo_string35:
	.asciz	"SYSTEM_BACKUP_ZONE_MAX"        @ string offset=763
.Linfo_string36:
	.asciz	"ASYSCFG_TRIGGER_NULL"          @ string offset=786
.Linfo_string37:
	.asciz	"ASYSCFG_TRIGGER_POSEDGE"       @ string offset=807
.Linfo_string38:
	.asciz	"ASYSCFG_TRIGGER_NEGEDGE"       @ string offset=831
.Linfo_string39:
	.asciz	"ASYSCFG_TRIGGER_HIGH_LEVEL"    @ string offset=855
.Linfo_string40:
	.asciz	"signed char"                   @ string offset=882
.Linfo_string41:
	.asciz	"NonMaskableInt_IRQn"           @ string offset=894
.Linfo_string42:
	.asciz	"HardFault_IRQn"                @ string offset=914
.Linfo_string43:
	.asciz	"SVCall_IRQn"                   @ string offset=929
.Linfo_string44:
	.asciz	"PendSV_IRQn"                   @ string offset=941
.Linfo_string45:
	.asciz	"SysTick_IRQn"                  @ string offset=953
.Linfo_string46:
	.asciz	"FLASH_IRQn"                    @ string offset=966
.Linfo_string47:
	.asciz	"ADC_IRQn"                      @ string offset=977
.Linfo_string48:
	.asciz	"PWM_IRQn"                      @ string offset=986
.Linfo_string49:
	.asciz	"TIMER_IRQn"                    @ string offset=995
.Linfo_string50:
	.asciz	"IWDG_IRQn"                     @ string offset=1006
.Linfo_string51:
	.asciz	"LINSCI_IRQn"                   @ string offset=1016
.Linfo_string52:
	.asciz	"AON_IRQn"                      @ string offset=1028
.Linfo_string53:
	.asciz	"GPIO_IRQn"                     @ string offset=1037
.Linfo_string54:
	.asciz	"RESERVE_S_IRQn"                @ string offset=1047
.Linfo_string55:
	.asciz	"RESERVE_T_IRQn"                @ string offset=1062
.Linfo_string56:
	.asciz	"LINSCI_UART_IRQn"              @ string offset=1077
.Linfo_string57:
	.asciz	"IRQn"                          @ string offset=1094
.Linfo_string58:
	.asciz	"unsigned short"                @ string offset=1099
.Linfo_string59:
	.asciz	"uint16_t"                      @ string offset=1114
.Linfo_string60:
	.asciz	"REVISION"                      @ string offset=1123
.Linfo_string61:
	.asciz	"unsigned int"                  @ string offset=1132
.Linfo_string62:
	.asciz	"uint32_t"                      @ string offset=1145
.Linfo_string63:
	.asciz	"REVISION_F"                    @ string offset=1154
.Linfo_string64:
	.asciz	"CHIP_ID"                       @ string offset=1165
.Linfo_string65:
	.asciz	"REV_ID"                        @ string offset=1173
.Linfo_string66:
	.asciz	"RESERVED0"                     @ string offset=1180
.Linfo_string67:
	.asciz	"SYSCFG_REVISION_FIELD_T"       @ string offset=1190
.Linfo_string68:
	.asciz	"REMAP"                         @ string offset=1214
.Linfo_string69:
	.asciz	"REMAP_F"                       @ string offset=1220
.Linfo_string70:
	.asciz	"CM0_REMAP_EN"                  @ string offset=1228
.Linfo_string71:
	.asciz	"RESERVED1"                     @ string offset=1241
.Linfo_string72:
	.asciz	"CM0_VECT_BASE_ADDR"            @ string offset=1251
.Linfo_string73:
	.asciz	"SYSCFG_REMAP_FIELD_T"          @ string offset=1270
.Linfo_string74:
	.asciz	"MISC_CTRL"                     @ string offset=1291
.Linfo_string75:
	.asciz	"MISC_CTRL_F"                   @ string offset=1301
.Linfo_string76:
	.asciz	"VS_LVD_DIS_PWM_EN"             @ string offset=1313
.Linfo_string77:
	.asciz	"OTP_DIS_PWM_EN"                @ string offset=1331
.Linfo_string78:
	.asciz	"SYSCFG_MISC_CTRL_FIELD_T"      @ string offset=1346
.Linfo_string79:
	.asciz	"SWD_STATUS"                    @ string offset=1371
.Linfo_string80:
	.asciz	"SWD_STATUS_F"                  @ string offset=1382
.Linfo_string81:
	.asciz	"NVM_DIS_SWD"                   @ string offset=1395
.Linfo_string82:
	.asciz	"NVM_DIS_SWD_ALL"               @ string offset=1407
.Linfo_string83:
	.asciz	"SYSCFG_SWD_STATUS_FIELD_T"     @ string offset=1423
.Linfo_string84:
	.asciz	"__ARRAY_SIZE_TYPE__"           @ string offset=1449
.Linfo_string85:
	.asciz	"PATCH_BIT"                     @ string offset=1469
.Linfo_string86:
	.asciz	"PATCH_BIT_F"                   @ string offset=1479
.Linfo_string87:
	.asciz	"SYSCFG_PATCH_BIT_FIELD_T"      @ string offset=1491
.Linfo_string88:
	.asciz	"SYSCFG_LOCK"                   @ string offset=1516
.Linfo_string89:
	.asciz	"SYSCFG_LOCK_F"                 @ string offset=1528
.Linfo_string90:
	.asciz	"SYSCFG_SYSCFG_LOCK_FIELD_T"    @ string offset=1542
.Linfo_string91:
	.asciz	"SYSCFG_REG_TypeDef"            @ string offset=1569
.Linfo_string92:
	.asciz	"uint8_t"                       @ string offset=1588
.Linfo_string93:
	.asciz	"SLEEP_MODE"                    @ string offset=1596
.Linfo_string94:
	.asciz	"SLEEP_MODE_F"                  @ string offset=1607
.Linfo_string95:
	.asciz	"SLP_MODE"                      @ string offset=1620
.Linfo_string96:
	.asciz	"ASYSCFG_SLEEP_MODE_FIELD_T"    @ string offset=1629
.Linfo_string97:
	.asciz	"WAIT_CYCLE"                    @ string offset=1656
.Linfo_string98:
	.asciz	"WAIT_CYCLE_F"                  @ string offset=1667
.Linfo_string99:
	.asciz	"PUP_CYCLE_HFCLK"               @ string offset=1680
.Linfo_string100:
	.asciz	"PUP_CYCLE_PSW15"               @ string offset=1696
.Linfo_string101:
	.asciz	"RESERVED2"                     @ string offset=1712
.Linfo_string102:
	.asciz	"PUP_CYCLE_LDO33_DL_HW_EN"      @ string offset=1722
.Linfo_string103:
	.asciz	"PUP_CYCLE_LDO15_DL_HW_EN"      @ string offset=1747
.Linfo_string104:
	.asciz	"ASYSCFG_WAIT_CYCLE_FIELD_T"    @ string offset=1772
.Linfo_string105:
	.asciz	"RCCLK_CTRL"                    @ string offset=1799
.Linfo_string106:
	.asciz	"RCCLK_CTRL_F"                  @ string offset=1810
.Linfo_string107:
	.asciz	"SW_HRC_EN"                     @ string offset=1823
.Linfo_string108:
	.asciz	"ASYSCFG_RCCLK_CTRL_FIELD_T"    @ string offset=1833
.Linfo_string109:
	.asciz	"RST_CTRL"                      @ string offset=1860
.Linfo_string110:
	.asciz	"RST_CTRL_F"                    @ string offset=1869
.Linfo_string111:
	.asciz	"RST_FLAG"                      @ string offset=1880
.Linfo_string112:
	.asciz	"CLR_RST"                       @ string offset=1889
.Linfo_string113:
	.asciz	"SW_POR_REQ"                    @ string offset=1897
.Linfo_string114:
	.asciz	"M0_LOCKUP_EN"                  @ string offset=1908
.Linfo_string115:
	.asciz	"ASYSCFG_RST_CTRL_FIELD_T"      @ string offset=1921
.Linfo_string116:
	.asciz	"VS_LVD_CTRL"                   @ string offset=1946
.Linfo_string117:
	.asciz	"VS_LVD_CTRL_F"                 @ string offset=1958
.Linfo_string118:
	.asciz	"VS_LVD_EN"                     @ string offset=1972
.Linfo_string119:
	.asciz	"VS_LVD_SEL"                    @ string offset=1982
.Linfo_string120:
	.asciz	"VS_LVD"                        @ string offset=1993
.Linfo_string121:
	.asciz	"ASYSCFG_VS_LVD_CTRL_FIELD_T"   @ string offset=2000
.Linfo_string122:
	.asciz	"LDO33_CTRL"                    @ string offset=2028
.Linfo_string123:
	.asciz	"LDO33_CTRL_F"                  @ string offset=2039
.Linfo_string124:
	.asciz	"LDO33_DL_SW_ENB"               @ string offset=2052
.Linfo_string125:
	.asciz	"LDO33_DL_IBASE_SEL"            @ string offset=2068
.Linfo_string126:
	.asciz	"ASYSCFG_LDO33_CTRL_FIELD_T"    @ string offset=2087
.Linfo_string127:
	.asciz	"LDO15_CTRL"                    @ string offset=2114
.Linfo_string128:
	.asciz	"LDO15_CTRL_F"                  @ string offset=2125
.Linfo_string129:
	.asciz	"LDO15_DL_SW_ENB"               @ string offset=2138
.Linfo_string130:
	.asciz	"LDO15_DL_IBASE_SEL"            @ string offset=2154
.Linfo_string131:
	.asciz	"ASYSCFG_LDO15_CTRL_FIELD_T"    @ string offset=2173
.Linfo_string132:
	.asciz	"VS_ALT_CTRL"                   @ string offset=2200
.Linfo_string133:
	.asciz	"VS_ALT_CTRL_F"                 @ string offset=2212
.Linfo_string134:
	.asciz	"VS_ALT_SEL"                    @ string offset=2226
.Linfo_string135:
	.asciz	"ASYSCFG_VS_ALT_CTRL_FIELD_T"   @ string offset=2237
.Linfo_string136:
	.asciz	"OPT_STATUS"                    @ string offset=2265
.Linfo_string137:
	.asciz	"OPT_STATUS_F"                  @ string offset=2276
.Linfo_string138:
	.asciz	"OTP_OUT"                       @ string offset=2289
.Linfo_string139:
	.asciz	"ASYSCFG_OPT_STATUS_FIELD_T"    @ string offset=2297
.Linfo_string140:
	.asciz	"PMU_IRQ_CTRL"                  @ string offset=2324
.Linfo_string141:
	.asciz	"PMU_IRQ_CTRL_F"                @ string offset=2337
.Linfo_string142:
	.asciz	"VS_LVD_IRQ_MODE"               @ string offset=2352
.Linfo_string143:
	.asciz	"OTP_IRQ_MODE"                  @ string offset=2368
.Linfo_string144:
	.asciz	"RESERVED12_OCP_IRQ_MODE"       @ string offset=2381
.Linfo_string145:
	.asciz	"ASYSCFG_PMU_IRQ_CTRL_FIELD_T"  @ string offset=2405
.Linfo_string146:
	.asciz	"IMR"                           @ string offset=2434
.Linfo_string147:
	.asciz	"IMR_F"                         @ string offset=2438
.Linfo_string148:
	.asciz	"WU_INT_MSK"                    @ string offset=2444
.Linfo_string149:
	.asciz	"VS_LVD_INT_MSK"                @ string offset=2455
.Linfo_string150:
	.asciz	"OTP_INT_MSK"                   @ string offset=2470
.Linfo_string151:
	.asciz	"RESERVED12_OCP_INT_MSK"        @ string offset=2482
.Linfo_string152:
	.asciz	"RESERVED12_RDY_INT_MSK"        @ string offset=2505
.Linfo_string153:
	.asciz	"ASYSCFG_IMR_FIELD_T"           @ string offset=2528
.Linfo_string154:
	.asciz	"ICR"                           @ string offset=2548
.Linfo_string155:
	.asciz	"ICR_F"                         @ string offset=2552
.Linfo_string156:
	.asciz	"WU_INT_CLR"                    @ string offset=2558
.Linfo_string157:
	.asciz	"VS_LVD_INT_CLR"                @ string offset=2569
.Linfo_string158:
	.asciz	"OTP_INT_CLR"                   @ string offset=2584
.Linfo_string159:
	.asciz	"RESERVED12_OCP_INT_CLR"        @ string offset=2596
.Linfo_string160:
	.asciz	"RESERVED12_RDY_INT_CLR"        @ string offset=2619
.Linfo_string161:
	.asciz	"ASYSCFG_ICR_FIELD_T"           @ string offset=2642
.Linfo_string162:
	.asciz	"ISR"                           @ string offset=2662
.Linfo_string163:
	.asciz	"ISR_F"                         @ string offset=2666
.Linfo_string164:
	.asciz	"WU_INT_STATUS"                 @ string offset=2672
.Linfo_string165:
	.asciz	"VS_LVD_INT_STATUS"             @ string offset=2686
.Linfo_string166:
	.asciz	"OTP_INT_STATUS"                @ string offset=2704
.Linfo_string167:
	.asciz	"RESERVED12_OCP_INT_STATUS"     @ string offset=2719
.Linfo_string168:
	.asciz	"RESERVED12_RDY_INT_STATUS"     @ string offset=2745
.Linfo_string169:
	.asciz	"ASYSCFG_ISR_FIELD_T"           @ string offset=2771
.Linfo_string170:
	.asciz	"IRSR"                          @ string offset=2791
.Linfo_string171:
	.asciz	"IRSR_F"                        @ string offset=2796
.Linfo_string172:
	.asciz	"WU_INT_RAW_STATUS"             @ string offset=2803
.Linfo_string173:
	.asciz	"VS_LVD_INT_RAW_STATUS"         @ string offset=2821
.Linfo_string174:
	.asciz	"OTP_INT_RAW_STATUS"            @ string offset=2843
.Linfo_string175:
	.asciz	"RESERVED12_OCP_INT_RAW_STATUS" @ string offset=2862
.Linfo_string176:
	.asciz	"RESERVED12_RDY_INT_RAW_STATUS" @ string offset=2892
.Linfo_string177:
	.asciz	"ASYSCFG_IRSR_FIELD_T"          @ string offset=2922
.Linfo_string178:
	.asciz	"WU_CTRL"                       @ string offset=2943
.Linfo_string179:
	.asciz	"WU_CTRL_F"                     @ string offset=2951
.Linfo_string180:
	.asciz	"WU_EN"                         @ string offset=2961
.Linfo_string181:
	.asciz	"WU_SRC_SEL"                    @ string offset=2967
.Linfo_string182:
	.asciz	"WU_TIM"                        @ string offset=2978
.Linfo_string183:
	.asciz	"WU_FILTER_CNT_MAX"             @ string offset=2985
.Linfo_string184:
	.asciz	"ASYSCFG_WU_CTRL_FIELD_T"       @ string offset=3003
.Linfo_string185:
	.asciz	"ADC_CAL_CTRL"                  @ string offset=3027
.Linfo_string186:
	.asciz	"ADC_CAL_CTRL_F"                @ string offset=3040
.Linfo_string187:
	.asciz	"ADC_OUT_CAL"                   @ string offset=3055
.Linfo_string188:
	.asciz	"ADC_OUT_OFFSET"                @ string offset=3067
.Linfo_string189:
	.asciz	"ASYSCFG_ADC_CAL_CTRL_FIELD_T"  @ string offset=3082
.Linfo_string190:
	.asciz	"OTP_RST_CTRL"                  @ string offset=3111
.Linfo_string191:
	.asciz	"OTP_RST_CTRL_F"                @ string offset=3124
.Linfo_string192:
	.asciz	"OTP_RST_EN"                    @ string offset=3139
.Linfo_string193:
	.asciz	"ASYSCFG_OTP_RST_CTRL_FIELD_T"  @ string offset=3150
.Linfo_string194:
	.asciz	"IO4_RST_CTRL"                  @ string offset=3179
.Linfo_string195:
	.asciz	"IO4_RST_CTRL_F"                @ string offset=3192
.Linfo_string196:
	.asciz	"IO4_RST_EN"                    @ string offset=3207
.Linfo_string197:
	.asciz	"ASYSCFG_IO4_RST_CTRL_FIELD_T"  @ string offset=3218
.Linfo_string198:
	.asciz	"RESERVED12_CTRL"               @ string offset=3247
.Linfo_string199:
	.asciz	"RESERVED12_CTRL_F"             @ string offset=3263
.Linfo_string200:
	.asciz	"RESERVED12_EN"                 @ string offset=3281
.Linfo_string201:
	.asciz	"RESERVED12_PULL_DOWN"          @ string offset=3295
.Linfo_string202:
	.asciz	"RESERVED4"                     @ string offset=3316
.Linfo_string203:
	.asciz	"RESERVED12_OCP_DISABLE"        @ string offset=3326
.Linfo_string204:
	.asciz	"RESERVED3"                     @ string offset=3349
.Linfo_string205:
	.asciz	"RESERVED12_OCP"                @ string offset=3359
.Linfo_string206:
	.asciz	"RESERVED12_RDY_CNT_MAX"        @ string offset=3374
.Linfo_string207:
	.asciz	"RESERVED12_WKUP_EN"            @ string offset=3397
.Linfo_string208:
	.asciz	"RESERVED12_HW_EN_CLR"          @ string offset=3416
.Linfo_string209:
	.asciz	"ASYSCFG_RESERVED12_CTRL_FIELD_T" @ string offset=3437
.Linfo_string210:
	.asciz	"IO4_RST_FILTER"                @ string offset=3469
.Linfo_string211:
	.asciz	"IO4_RST_FILTER_F"              @ string offset=3484
.Linfo_string212:
	.asciz	"IO4_RST_FILTER_CNT_MAX"        @ string offset=3501
.Linfo_string213:
	.asciz	"ASYSCFG_IO4_RST_FILTER_FIELD_T" @ string offset=3524
.Linfo_string214:
	.asciz	"AON_IO_CTRL"                   @ string offset=3555
.Linfo_string215:
	.asciz	"AON_IO_CTRL_F"                 @ string offset=3567
.Linfo_string216:
	.asciz	"AON_IO_OUT_EN"                 @ string offset=3581
.Linfo_string217:
	.asciz	"AON_IO_OUT_SEL"                @ string offset=3595
.Linfo_string218:
	.asciz	"AON_IO_OUT_VAL"                @ string offset=3610
.Linfo_string219:
	.asciz	"ASYSCFG_AON_IO_CTRL_FIELD_T"   @ string offset=3625
.Linfo_string220:
	.asciz	"BKUP0"                         @ string offset=3653
.Linfo_string221:
	.asciz	"BKUP0_F"                       @ string offset=3659
.Linfo_string222:
	.asciz	"ASYSCFG_BKUP0_FIELD_T"         @ string offset=3667
.Linfo_string223:
	.asciz	"BKUP1"                         @ string offset=3689
.Linfo_string224:
	.asciz	"BKUP1_F"                       @ string offset=3695
.Linfo_string225:
	.asciz	"ASYSCFG_BKUP1_FIELD_T"         @ string offset=3703
.Linfo_string226:
	.asciz	"ASYSCFG_PATCH_BIT_FIELD_T"     @ string offset=3725
.Linfo_string227:
	.asciz	"ASYSCFG_LOCK"                  @ string offset=3751
.Linfo_string228:
	.asciz	"ASYSCFG_LOCK_F"                @ string offset=3764
.Linfo_string229:
	.asciz	"ASYSCFG_ASYSCFG_LOCK_FIELD_T"  @ string offset=3779
.Linfo_string230:
	.asciz	"ASYSCFG_REG_TypeDef"           @ string offset=3808
.Linfo_string231:
	.asciz	"int"                           @ string offset=3828
.Linfo_string232:
	.asciz	"int32_t"                       @ string offset=3832
.Linfo_string233:
	.asciz	"ISER"                          @ string offset=3840
.Linfo_string234:
	.asciz	"ICER"                          @ string offset=3845
.Linfo_string235:
	.asciz	"ISPR"                          @ string offset=3850
.Linfo_string236:
	.asciz	"ICPR"                          @ string offset=3855
.Linfo_string237:
	.asciz	"IP"                            @ string offset=3860
.Linfo_string238:
	.asciz	"NVIC_Type"                     @ string offset=3863
.Linfo_string239:
	.asciz	"CPUID"                         @ string offset=3873
.Linfo_string240:
	.asciz	"ICSR"                          @ string offset=3879
.Linfo_string241:
	.asciz	"AIRCR"                         @ string offset=3884
.Linfo_string242:
	.asciz	"SCR"                           @ string offset=3890
.Linfo_string243:
	.asciz	"CCR"                           @ string offset=3894
.Linfo_string244:
	.asciz	"SHP"                           @ string offset=3898
.Linfo_string245:
	.asciz	"SHCSR"                         @ string offset=3902
.Linfo_string246:
	.asciz	"SCB_Type"                      @ string offset=3908
.Linfo_string247:
	.asciz	"__NVIC_ClearPendingIRQ"        @ string offset=3917
.Linfo_string248:
	.asciz	"IRQn_Type"                     @ string offset=3940
.Linfo_string249:
	.asciz	"__NVIC_SetPriority"            @ string offset=3950
.Linfo_string250:
	.asciz	"priority"                      @ string offset=3969
.Linfo_string251:
	.asciz	"__NVIC_EnableIRQ"              @ string offset=3978
.Linfo_string252:
	.asciz	"__NVIC_DisableIRQ"             @ string offset=3995
.Linfo_string253:
	.asciz	"ll_syscfg_info_get"            @ string offset=4013
.Linfo_string254:
	.asciz	"ll_wakeup_init"                @ string offset=4032
.Linfo_string255:
	.asciz	"ll_syscfg_isr_enable"          @ string offset=4047
.Linfo_string256:
	.asciz	"ll_syscfg_isr_clear"           @ string offset=4068
.Linfo_string257:
	.asciz	"ll_syscfg_isr_get"             @ string offset=4088
.Linfo_string258:
	.asciz	"ll_syscfg_backup_reg_write"    @ string offset=4106
.Linfo_string259:
	.asciz	"ll_syscfg_backup_reg_read"     @ string offset=4133
.Linfo_string260:
	.asciz	"ll_syscfg_otp_enable"          @ string offset=4159
.Linfo_string261:
	.asciz	"ll_syscfg_otp_status"          @ string offset=4180
.Linfo_string262:
	.asciz	"_Bool"                         @ string offset=4201
.Linfo_string263:
	.asciz	"ll_syscfg_lvd_status"          @ string offset=4207
.Linfo_string264:
	.asciz	"ll_syscfg_lvd_enable"          @ string offset=4228
.Linfo_string265:
	.asciz	"ll_syscfg_patch_set"           @ string offset=4249
.Linfo_string266:
	.asciz	"AON_IRQHandler"                @ string offset=4269
.Linfo_string267:
	.asciz	"revision_id"                   @ string offset=4284
.Linfo_string268:
	.asciz	"chip_id"                       @ string offset=4296
.Linfo_string269:
	.asciz	"source"                        @ string offset=4304
.Linfo_string270:
	.asciz	"wakeup_source_e"               @ string offset=4311
.Linfo_string271:
	.asciz	"time"                          @ string offset=4327
.Linfo_string272:
	.asciz	"wakeup_time_e"                 @ string offset=4332
.Linfo_string273:
	.asciz	"filter"                        @ string offset=4346
.Linfo_string274:
	.asciz	"wakeup_filter_e"               @ string offset=4353
.Linfo_string275:
	.asciz	"isr"                           @ string offset=4369
.Linfo_string276:
	.asciz	"asyscfg_isr_type_e"            @ string offset=4373
.Linfo_string277:
	.asciz	"enable"                        @ string offset=4392
.Linfo_string278:
	.asciz	"zone"                          @ string offset=4399
.Linfo_string279:
	.asciz	"sys_backup_zone_e"             @ string offset=4404
.Linfo_string280:
	.asciz	"data"                          @ string offset=4422
.Linfo_string281:
	.asciz	"callback"                      @ string offset=4427
.Linfo_string282:
	.asciz	"ISR_FUNC_CALLBACK"             @ string offset=4436
.Linfo_string283:
	.asciz	"patch"                         @ string offset=4454
	.ident	"Component: Arm Compiler for Embedded 6.21 Tool: armclang [5ec1fd00]"
	.section	".note.GNU-stack","",%progbits
	.eabi_attribute	30, 4	@ Tag_ABI_optimization_goals
	.ARM_attribute	16, 1	@ Tag_AV_eba
	.section	.debug_line,"",%progbits
.Lline_table_start0:
