	.text
	.syntax unified
	.eabi_attribute	67, "2.09"	@ Tag_conformance
	.cpu	cortex-m0
	.eabi_attribute	6, 12	@ Tag_CPU_arch
	.eabi_attribute	7, 77	@ Tag_CPU_arch_profile
	.eabi_attribute	8, 0	@ Tag_ARM_ISA_use
	.eabi_attribute	9, 1	@ Tag_THUMB_ISA_use
	.eabi_attribute	34, 0	@ Tag_CPU_unaligned_access
	.eabi_attribute	17, 1	@ Tag_ABI_PCS_GOT_use
	.eabi_attribute	20, 2	@ Tag_ABI_FP_denormal
	.eabi_attribute	21, 0	@ Tag_ABI_FP_exceptions
	.eabi_attribute	23, 1	@ Tag_ABI_FP_number_model
	.eabi_attribute	24, 1	@ Tag_ABI_align_needed
	.eabi_attribute	25, 1	@ Tag_ABI_align_preserved
	.eabi_attribute	38, 1	@ Tag_ABI_FP_16bit_format
	.eabi_attribute	18, 2	@ Tag_ABI_PCS_wchar_t
	.eabi_attribute	26, 1	@ Tag_ABI_enum_size
	.eabi_attribute	14, 0	@ Tag_ABI_PCS_R9_use
	.file	"utilities.c"
	.file	1 "C:\\baidunetdiskdownload\\\346\263\260\347\237\275\345\276\256\\\346\260\233\345\233\264\347\201\257\\TCPL0X_AUTO_SDK_V2.0.0\\TCPL0X_AUTO_SDK_V2.0.0\\examples\\tcpl04x\\demo_apps\\tcpl04b_swsc_lean\\MDK" "../08_TCPL04B_PAL/utilities.h"
	.file	2 "C:\\Keil_v5\\ARM\\ARMCLANG\\Bin\\..\\include" "stdint.h"
	.section	.text.average_calculate_utils,"ax",%progbits
	.hidden	average_calculate_utils         @ -- Begin function average_calculate_utils
	.globl	average_calculate_utils
	.p2align	2
	.type	average_calculate_utils,%function
	.code	16                              @ @average_calculate_utils
	.thumb_func
average_calculate_utils:
.Lfunc_begin0:
	.file	3 "C:\\baidunetdiskdownload\\\346\263\260\347\237\275\345\276\256\\\346\260\233\345\233\264\347\201\257\\TCPL0X_AUTO_SDK_V2.0.0\\TCPL0X_AUTO_SDK_V2.0.0\\examples\\tcpl04x\\demo_apps\\tcpl04b_swsc_lean\\MDK" "../08_TCPL04B_PAL/utilities.c"
	.loc	3 36 0                          @ ../08_TCPL04B_PAL/utilities.c:36:0
	.fnstart
	.cfi_sections .debug_frame
	.cfi_startproc
@ %bb.0:
	@DEBUG_VALUE: average_calculate_utils:data <- $r0
	@DEBUG_VALUE: average_calculate_utils:length <- $r1
	.save	{r4, r5, r6, r7, lr}
	.pad	#4
	push	{r3, r4, r5, r6, r7, lr}
	.cfi_def_cfa_offset 24
	.cfi_offset lr, -4
	.cfi_offset r7, -8
	.cfi_offset r6, -12
	.cfi_offset r5, -16
	.cfi_offset r4, -20
	movs	r3, #0
	@DEBUG_VALUE: i <- 0
.Ltmp0:
	@DEBUG_VALUE: average_calculate_utils:max <- 0
	@DEBUG_VALUE: average_calculate_utils:min <- 32767
	@DEBUG_VALUE: average_calculate_utils:sum <- 0
	ldr	r4, __arm_cp.0_0
	mov	r5, r1
	mov	r2, r3
.Ltmp1:
.LBB0_1:                                @ =>This Inner Loop Header: Depth=1
	@DEBUG_VALUE: average_calculate_utils:length <- $r1
	@DEBUG_VALUE: average_calculate_utils:sum <- $r2
	@DEBUG_VALUE: average_calculate_utils:min <- $r4
	@DEBUG_VALUE: average_calculate_utils:max <- $r3
	@DEBUG_VALUE: i <- [DW_OP_LLVM_arg 0, DW_OP_LLVM_arg 1, DW_OP_LLVM_convert 32 7, DW_OP_minus, DW_OP_consts 18446744073709551615, DW_OP_div, DW_OP_stack_value] $r5, $r1
	.loc	3 43 5 prologue_end             @ ../08_TCPL04B_PAL/utilities.c:43:5
	cmp	r5, #0
	beq	.LBB0_7
.Ltmp2:
@ %bb.2:                                @   in Loop: Header=BB0_1 Depth=1
	@DEBUG_VALUE: i <- [DW_OP_LLVM_arg 0, DW_OP_LLVM_arg 1, DW_OP_LLVM_convert 32 7, DW_OP_minus, DW_OP_consts 18446744073709551615, DW_OP_div, DW_OP_stack_value] $r5, $r1
	@DEBUG_VALUE: average_calculate_utils:max <- $r3
	@DEBUG_VALUE: average_calculate_utils:min <- $r4
	@DEBUG_VALUE: average_calculate_utils:sum <- $r2
	@DEBUG_VALUE: average_calculate_utils:length <- $r1
	.loc	3 45 15                         @ ../08_TCPL04B_PAL/utilities.c:45:15
	movs	r6, #0
	ldrsh	r6, [r0, r6]
	uxth	r7, r3
	.loc	3 46 15                         @ ../08_TCPL04B_PAL/utilities.c:46:15
	cmp	r7, r6
	bgt	.LBB0_4
.Ltmp3:
@ %bb.3:                                @   in Loop: Header=BB0_1 Depth=1
	@DEBUG_VALUE: i <- [DW_OP_LLVM_arg 0, DW_OP_LLVM_arg 1, DW_OP_LLVM_convert 32 7, DW_OP_minus, DW_OP_consts 18446744073709551615, DW_OP_div, DW_OP_stack_value] $r5, $r1
	@DEBUG_VALUE: average_calculate_utils:max <- $r3
	@DEBUG_VALUE: average_calculate_utils:min <- $r4
	@DEBUG_VALUE: average_calculate_utils:sum <- $r2
	@DEBUG_VALUE: average_calculate_utils:length <- $r1
	.loc	3 0 15 is_stmt 0                @ ../08_TCPL04B_PAL/utilities.c:0:15
	mov	r3, r6
.Ltmp4:
.LBB0_4:                                @   in Loop: Header=BB0_1 Depth=1
	@DEBUG_VALUE: i <- [DW_OP_LLVM_arg 0, DW_OP_LLVM_arg 1, DW_OP_LLVM_convert 32 7, DW_OP_minus, DW_OP_consts 18446744073709551615, DW_OP_div, DW_OP_stack_value] $r5, $r1
	@DEBUG_VALUE: average_calculate_utils:min <- $r4
	@DEBUG_VALUE: average_calculate_utils:sum <- $r2
	@DEBUG_VALUE: average_calculate_utils:length <- $r1
	@DEBUG_VALUE: average_calculate_utils:sum <- undef
	@DEBUG_VALUE: average_calculate_utils:max <- $r3
	.loc	3 45 15 is_stmt 1               @ ../08_TCPL04B_PAL/utilities.c:45:15
	sxth	r4, r4
.Ltmp5:
	cmp	r4, r6
	blt	.LBB0_6
.Ltmp6:
@ %bb.5:                                @   in Loop: Header=BB0_1 Depth=1
	@DEBUG_VALUE: i <- [DW_OP_LLVM_arg 0, DW_OP_LLVM_arg 1, DW_OP_LLVM_convert 32 7, DW_OP_minus, DW_OP_consts 18446744073709551615, DW_OP_div, DW_OP_stack_value] $r5, $r1
	@DEBUG_VALUE: average_calculate_utils:max <- $r3
	@DEBUG_VALUE: average_calculate_utils:length <- $r1
	.loc	3 0 15 is_stmt 0                @ ../08_TCPL04B_PAL/utilities.c:0:15
	mov	r4, r6
.Ltmp7:
.LBB0_6:                                @   in Loop: Header=BB0_1 Depth=1
	@DEBUG_VALUE: i <- [DW_OP_LLVM_arg 0, DW_OP_LLVM_arg 1, DW_OP_LLVM_convert 32 7, DW_OP_minus, DW_OP_consts 18446744073709551615, DW_OP_div, DW_OP_stack_value] $r5, $r1
	@DEBUG_VALUE: average_calculate_utils:max <- $r3
	@DEBUG_VALUE: average_calculate_utils:length <- $r1
	adds	r2, r2, r6
.Ltmp8:
	@DEBUG_VALUE: average_calculate_utils:min <- $r4
	@DEBUG_VALUE: average_calculate_utils:sum <- $r2
	.loc	3 43 5 is_stmt 1                @ ../08_TCPL04B_PAL/utilities.c:43:5
	adds	r0, r0, #2
.Ltmp9:
	@DEBUG_VALUE: average_calculate_utils:data <- [DW_OP_LLVM_entry_value 1] $r0
	@DEBUG_VALUE: i <- [DW_OP_LLVM_arg 0, DW_OP_LLVM_arg 1, DW_OP_LLVM_convert 32 7, DW_OP_minus, DW_OP_consts 18446744073709551615, DW_OP_div, DW_OP_consts 1, DW_OP_plus, DW_OP_stack_value] $r5, $r1
	subs	r5, r5, #1
.Ltmp10:
	.loc	3 0 5 is_stmt 0                 @ ../08_TCPL04B_PAL/utilities.c:0:5
	b	.LBB0_1
.Ltmp11:
.LBB0_7:
	@DEBUG_VALUE: average_calculate_utils:max <- $r3
	@DEBUG_VALUE: average_calculate_utils:min <- $r4
	@DEBUG_VALUE: average_calculate_utils:sum <- $r2
	@DEBUG_VALUE: average_calculate_utils:length <- $r1
	.loc	3 50 9 is_stmt 1                @ ../08_TCPL04B_PAL/utilities.c:50:9
	cmp	r1, #2
	bls	.LBB0_9
.Ltmp12:
@ %bb.8:
	@DEBUG_VALUE: average_calculate_utils:max <- $r3
	@DEBUG_VALUE: average_calculate_utils:min <- $r4
	@DEBUG_VALUE: average_calculate_utils:sum <- $r2
	@DEBUG_VALUE: average_calculate_utils:length <- $r1
	.loc	3 0 9 is_stmt 0                 @ ../08_TCPL04B_PAL/utilities.c:0:9
	uxth	r0, r3
.Ltmp13:
	@DEBUG_VALUE: average_calculate_utils:data <- [DW_OP_LLVM_entry_value 1] $r0
	.loc	3 52 28 is_stmt 1               @ ../08_TCPL04B_PAL/utilities.c:52:28
	sxth	r3, r4
.Ltmp14:
	.loc	3 52 26 is_stmt 0               @ ../08_TCPL04B_PAL/utilities.c:52:26
	adds	r0, r3, r0
	.loc	3 52 43                         @ ../08_TCPL04B_PAL/utilities.c:52:43
	subs	r1, r1, #2
.Ltmp15:
	@DEBUG_VALUE: average_calculate_utils:length <- [DW_OP_LLVM_entry_value 1] $r1
	@DEBUG_VALUE: average_calculate_utils:length <- [DW_OP_LLVM_entry_value 1] $r1
	.loc	3 0 43                          @ ../08_TCPL04B_PAL/utilities.c:0:43
	lsrs	r3, r1, #1
	.loc	3 52 26                         @ ../08_TCPL04B_PAL/utilities.c:52:26
	subs	r0, r3, r0
	.loc	3 52 32                         @ ../08_TCPL04B_PAL/utilities.c:52:32
	adds	r0, r0, r2
	b	.LBB0_10
.Ltmp16:
.LBB0_9:
	@DEBUG_VALUE: average_calculate_utils:max <- $r3
	@DEBUG_VALUE: average_calculate_utils:min <- $r4
	@DEBUG_VALUE: average_calculate_utils:sum <- $r2
	@DEBUG_VALUE: average_calculate_utils:length <- $r1
	.loc	3 0 32                          @ ../08_TCPL04B_PAL/utilities.c:0:32
	lsrs	r0, r1, #1
.Ltmp17:
	@DEBUG_VALUE: average_calculate_utils:data <- [DW_OP_LLVM_entry_value 1] $r0
	.loc	3 56 20 is_stmt 1               @ ../08_TCPL04B_PAL/utilities.c:56:20
	adds	r0, r2, r0
.Ltmp18:
.LBB0_10:
	@DEBUG_VALUE: average_calculate_utils:min <- $r4
	@DEBUG_VALUE: average_calculate_utils:sum <- $r2
	.loc	3 0 0 is_stmt 0                 @ ../08_TCPL04B_PAL/utilities.c:0:0
	bl	__aeabi_idiv
.Ltmp19:
	@DEBUG_VALUE: average_calculate_utils:avg <- [DW_OP_LLVM_convert 32 7, DW_OP_LLVM_convert 16 7, DW_OP_stack_value] $r0
	@DEBUG_VALUE: average_calculate_utils:avg <- undef
	.loc	3 59 5 is_stmt 1                @ ../08_TCPL04B_PAL/utilities.c:59:5
	sxth	r0, r0
	.loc	3 59 5 epilogue_begin is_stmt 0 @ ../08_TCPL04B_PAL/utilities.c:59:5
	pop	{r3, r4, r5, r6, r7, pc}
.Ltmp20:
	.p2align	2
@ %bb.11:
	.loc	3 0 5                           @ ../08_TCPL04B_PAL/utilities.c:0:5
__arm_cp.0_0:
	.long	32767                           @ 0x7fff
.Lcpi_end0:
	.size	__arm_cp.0_0, .Lcpi_end0-__arm_cp.0_0
.Lfunc_end0:
	.size	average_calculate_utils, .Lfunc_end0-average_calculate_utils
	.cfi_endproc
	.cantunwind
	.fnend
                                        @ -- End function
	.section	.text.crc32_calculate_func,"ax",%progbits
	.hidden	crc32_calculate_func            @ -- Begin function crc32_calculate_func
	.globl	crc32_calculate_func
	.p2align	2
	.type	crc32_calculate_func,%function
	.code	16                              @ @crc32_calculate_func
	.thumb_func
crc32_calculate_func:
.Lfunc_begin1:
	.loc	3 156 0 is_stmt 1               @ ../08_TCPL04B_PAL/utilities.c:156:0
	.fnstart
	.cfi_startproc
@ %bb.0:
	@DEBUG_VALUE: crc32_calculate_func:init_crc <- $r0
	@DEBUG_VALUE: crc32_calculate_func:data <- $r1
	@DEBUG_VALUE: crc32_calculate_func:length <- $r2
	.save	{r4, r5, r6, lr}
	.pad	#8
	push	{r2, r3, r4, r5, r6, lr}
	.cfi_def_cfa_offset 24
	.cfi_offset lr, -4
	.cfi_offset r6, -8
	.cfi_offset r5, -12
	.cfi_offset r4, -16
	mov	r4, r2
.Ltmp21:
	@DEBUG_VALUE: crc32_calculate_func:length <- $r4
	mov	r6, r1
.Ltmp22:
	@DEBUG_VALUE: crc32_calculate_func:data <- $r6
	mov	r5, r0
.Ltmp23:
	@DEBUG_VALUE: crc32_calculate_func:crc <- undef
	@DEBUG_VALUE: crc32_calculate_func:init_crc <- $r5
	ldr	r0, __arm_cp.1_0
.Ltmp24:
	.loc	3 168 15 prologue_end           @ ../08_TCPL04B_PAL/utilities.c:168:15
	str	r0, [sp, #4]
	add	r0, sp, #4
	movs	r1, #32
	.loc	3 169 5                         @ ../08_TCPL04B_PAL/utilities.c:169:5
	bl	bit_invert_swap_func
.Ltmp25:
	.loc	3 0 5 is_stmt 0                 @ ../08_TCPL04B_PAL/utilities.c:0:5
	ldr	r0, [sp, #4]
.Ltmp26:
.LBB1_1:                                @ =>This Loop Header: Depth=1
                                        @     Child Loop BB1_3 Depth 2
	@DEBUG_VALUE: crc32_calculate_func:data <- $r6
	@DEBUG_VALUE: crc32_calculate_func:length <- $r4
	@DEBUG_VALUE: crc32_calculate_func:data <- $r6
	@DEBUG_VALUE: crc32_calculate_func:length <- undef
	@DEBUG_VALUE: crc32_calculate_func:crc <- $r5
	.loc	3 171 5 is_stmt 1               @ ../08_TCPL04B_PAL/utilities.c:171:5
	cmp	r4, #0
	beq	.LBB1_6
.Ltmp27:
@ %bb.2:                                @   in Loop: Header=BB1_1 Depth=1
	@DEBUG_VALUE: crc32_calculate_func:crc <- $r5
	@DEBUG_VALUE: crc32_calculate_func:data <- $r6
	.loc	3 0 0 is_stmt 0                 @ ../08_TCPL04B_PAL/utilities.c:0:0
	subs	r4, r4, #1
.Ltmp28:
	@DEBUG_VALUE: crc32_calculate_func:length <- $r4
	.loc	3 174 16 is_stmt 1              @ ../08_TCPL04B_PAL/utilities.c:174:16
	ldrb	r1, [r6]
	.loc	3 174 13 is_stmt 0              @ ../08_TCPL04B_PAL/utilities.c:174:13
	eors	r5, r1
.Ltmp29:
	@DEBUG_VALUE: crc32_calculate_func:init_crc <- [DW_OP_LLVM_entry_value 1] $r0
	@DEBUG_VALUE: crc32_calculate_func:crc <- $r5
	.loc	3 0 13                          @ ../08_TCPL04B_PAL/utilities.c:0:13
	movs	r1, #8
	@DEBUG_VALUE: j <- 0
.Ltmp30:
.LBB1_3:                                @   Parent Loop BB1_1 Depth=1
                                        @ =>  This Inner Loop Header: Depth=2
	@DEBUG_VALUE: crc32_calculate_func:crc <- $r5
	@DEBUG_VALUE: crc32_calculate_func:data <- $r6
	@DEBUG_VALUE: crc32_calculate_func:length <- $r4
	@DEBUG_VALUE: crc32_calculate_func:crc <- $r5
	@DEBUG_VALUE: j <- [DW_OP_consts 8, DW_OP_minus, DW_OP_consts 18446744073709551615, DW_OP_div, DW_OP_stack_value] $r1
	.loc	3 176 9 is_stmt 1               @ ../08_TCPL04B_PAL/utilities.c:176:9
	cmp	r1, #0
	beq	.LBB1_5
.Ltmp31:
@ %bb.4:                                @   in Loop: Header=BB1_3 Depth=2
	@DEBUG_VALUE: j <- [DW_OP_consts 8, DW_OP_minus, DW_OP_consts 18446744073709551615, DW_OP_div, DW_OP_stack_value] $r1
	@DEBUG_VALUE: crc32_calculate_func:crc <- $r5
	@DEBUG_VALUE: crc32_calculate_func:data <- $r6
	@DEBUG_VALUE: crc32_calculate_func:length <- $r4
	.loc	3 0 9 is_stmt 0                 @ ../08_TCPL04B_PAL/utilities.c:0:9
	movs	r2, #1
.Ltmp32:
	.loc	3 178 21 is_stmt 1              @ ../08_TCPL04B_PAL/utilities.c:178:21
	ands	r2, r5
	rsbs	r2, r2, #0
.Ltmp33:
	.loc	3 178 17 is_stmt 0              @ ../08_TCPL04B_PAL/utilities.c:178:17
	ands	r2, r0
	lsrs	r5, r5, #1
.Ltmp34:
	eors	r5, r2
.Ltmp35:
	@DEBUG_VALUE: j <- [DW_OP_consts 8, DW_OP_minus, DW_OP_consts 18446744073709551615, DW_OP_div, DW_OP_consts 1, DW_OP_plus, DW_OP_stack_value] $r1
	@DEBUG_VALUE: crc32_calculate_func:crc <- $r5
	.loc	3 176 9 is_stmt 1               @ ../08_TCPL04B_PAL/utilities.c:176:9
	subs	r1, r1, #1
.Ltmp36:
	.loc	3 0 9 is_stmt 0                 @ ../08_TCPL04B_PAL/utilities.c:0:9
	b	.LBB1_3
.Ltmp37:
.LBB1_5:                                @   in Loop: Header=BB1_1 Depth=1
	@DEBUG_VALUE: crc32_calculate_func:crc <- $r5
	@DEBUG_VALUE: crc32_calculate_func:data <- $r6
	@DEBUG_VALUE: crc32_calculate_func:length <- $r4
	.loc	3 174 21 is_stmt 1              @ ../08_TCPL04B_PAL/utilities.c:174:21
	adds	r6, r6, #1
.Ltmp38:
	@DEBUG_VALUE: crc32_calculate_func:data <- $r6
	.loc	3 0 21 is_stmt 0                @ ../08_TCPL04B_PAL/utilities.c:0:21
	b	.LBB1_1
.Ltmp39:
.LBB1_6:
	@DEBUG_VALUE: crc32_calculate_func:crc <- $r5
	@DEBUG_VALUE: crc32_calculate_func:data <- $r6
	.loc	3 191 5 is_stmt 1               @ ../08_TCPL04B_PAL/utilities.c:191:5
	mov	r0, r5
	.loc	3 191 5 epilogue_begin is_stmt 0 @ ../08_TCPL04B_PAL/utilities.c:191:5
	pop	{r2, r3, r4, r5, r6, pc}
.Ltmp40:
	.p2align	2
@ %bb.7:
	.loc	3 0 5                           @ ../08_TCPL04B_PAL/utilities.c:0:5
__arm_cp.1_0:
	.long	79764919                        @ 0x4c11db7
.Lcpi_end1:
	.size	__arm_cp.1_0, .Lcpi_end1-__arm_cp.1_0
.Lfunc_end1:
	.size	crc32_calculate_func, .Lfunc_end1-crc32_calculate_func
	.cfi_endproc
	.cantunwind
	.fnend
                                        @ -- End function
	.section	.text.bit_invert_swap_func,"ax",%progbits
	.hidden	bit_invert_swap_func            @ -- Begin function bit_invert_swap_func
	.globl	bit_invert_swap_func
	.p2align	2
	.type	bit_invert_swap_func,%function
	.code	16                              @ @bit_invert_swap_func
	.thumb_func
bit_invert_swap_func:
.Lfunc_begin2:
	.loc	3 315 0 is_stmt 1               @ ../08_TCPL04B_PAL/utilities.c:315:0
	.fnstart
	.cfi_startproc
@ %bb.0:
	@DEBUG_VALUE: bit_invert_swap_func:bit_data <- $r0
	@DEBUG_VALUE: bit_invert_swap_func:bit_length <- $r1
	@DEBUG_VALUE: bit_invert_swap_func:bit_length <- $r1
	.save	{r4, r5, r6, r7, lr}
	.pad	#12
	push	{r1, r2, r3, r4, r5, r6, r7, lr}
	.cfi_def_cfa_offset 32
	.cfi_offset lr, -4
	.cfi_offset r7, -8
	.cfi_offset r6, -12
	.cfi_offset r5, -16
	.cfi_offset r4, -20
	mov	r2, r0
.Ltmp41:
	@DEBUG_VALUE: bit_invert_swap_func:result_bit <- [DW_OP_plus_uconst 4, DW_OP_deref] $sp
	@DEBUG_VALUE: bit_invert_swap_func:bit_data <- $r2
	movs	r7, #0
.Ltmp42:
	.loc	3 316 14 prologue_end           @ ../08_TCPL04B_PAL/utilities.c:316:14
	str	r7, [sp, #8]
.Ltmp43:
	.loc	3 319 27                        @ ../08_TCPL04B_PAL/utilities.c:319:27
	mov	r0, r1
	subs	r0, #8
.Ltmp44:
	@DEBUG_VALUE: bit_invert_swap_func:result_bit <- 0
	cmp	r0, #24
	bhi	.LBB2_6
.Ltmp45:
@ %bb.1:
	@DEBUG_VALUE: bit_invert_swap_func:result_bit <- 0
	@DEBUG_VALUE: bit_invert_swap_func:bit_data <- $r2
	@DEBUG_VALUE: bit_invert_swap_func:bit_length <- $r1
	.loc	3 0 27 is_stmt 0                @ ../08_TCPL04B_PAL/utilities.c:0:27
	mov	r5, r1
.Ltmp46:
	@DEBUG_VALUE: bit_invert_swap_func:bit_length <- $r5
	movs	r4, #1
	mov	r1, r4
	lsls	r1, r0
	ldr	r0, __arm_cp.2_0
	tst	r1, r0
	beq	.LBB2_6
.Ltmp47:
@ %bb.2:
	@DEBUG_VALUE: bit_invert_swap_func:bit_length <- $r5
	@DEBUG_VALUE: bit_invert_swap_func:result_bit <- 0
	@DEBUG_VALUE: bit_invert_swap_func:bit_data <- $r2
	lsrs	r6, r5, #3
	add	r0, sp, #8
	str	r2, [sp]                        @ 4-byte Spill
.Ltmp48:
	@DEBUG_VALUE: bit_invert_swap_func:bit_data <- [$sp+0]
	.loc	3 324 5 is_stmt 1               @ ../08_TCPL04B_PAL/utilities.c:324:5
	mov	r1, r2
	mov	r2, r6
	bl	__aeabi_memcpy
.Ltmp49:
	@DEBUG_VALUE: i <- 0
	.loc	3 0 5 is_stmt 0                 @ ../08_TCPL04B_PAL/utilities.c:0:5
	ldr	r0, [sp, #8]
	mov	r1, r7
.Ltmp50:
.LBB2_3:                                @ =>This Inner Loop Header: Depth=1
	@DEBUG_VALUE: bit_invert_swap_func:bit_data <- [$sp+0]
	@DEBUG_VALUE: bit_invert_swap_func:result_bit <- 0
	@DEBUG_VALUE: i <- $r7
	.loc	3 326 5 is_stmt 1               @ ../08_TCPL04B_PAL/utilities.c:326:5
	cmp	r5, #0
	beq	.LBB2_5
.Ltmp51:
@ %bb.4:                                @   in Loop: Header=BB2_3 Depth=1
	@DEBUG_VALUE: i <- $r7
	@DEBUG_VALUE: bit_invert_swap_func:bit_data <- [$sp+0]
	@DEBUG_VALUE: bit_invert_swap_func:result_bit <- 0
	.loc	3 328 13                        @ ../08_TCPL04B_PAL/utilities.c:328:13
	subs	r5, r5, #1
.Ltmp52:
	@DEBUG_VALUE: bit_invert_swap_func:bit_length <- [DW_OP_LLVM_entry_value 1] $r1
	mov	r2, r4
	lsls	r2, r5
	mov	r3, r0
	lsrs	r3, r7
	ands	r3, r4
	rsbs	r3, r3, #0
	ands	r3, r2
	orrs	r1, r3
.Ltmp53:
	.loc	3 326 42                        @ ../08_TCPL04B_PAL/utilities.c:326:42
	adds	r7, r7, #1
.Ltmp54:
	@DEBUG_VALUE: i <- $r7
	.loc	3 0 42 is_stmt 0                @ ../08_TCPL04B_PAL/utilities.c:0:42
	b	.LBB2_3
.Ltmp55:
.LBB2_5:
	@DEBUG_VALUE: i <- $r7
	@DEBUG_VALUE: bit_invert_swap_func:bit_data <- [$sp+0]
	@DEBUG_VALUE: bit_invert_swap_func:result_bit <- 0
	.loc	3 330 24 is_stmt 1              @ ../08_TCPL04B_PAL/utilities.c:330:24
	str	r1, [sp, #4]
.Ltmp56:
	@DEBUG_VALUE: bit_invert_swap_func:result_bit <- [DW_OP_plus_uconst 4, DW_OP_deref] $sp
	.loc	3 0 24 is_stmt 0                @ ../08_TCPL04B_PAL/utilities.c:0:24
	add	r1, sp, #4
.Ltmp57:
	.loc	3 334 5 is_stmt 1               @ ../08_TCPL04B_PAL/utilities.c:334:5
	ldr	r0, [sp]                        @ 4-byte Reload
.Ltmp58:
	@DEBUG_VALUE: bit_invert_swap_func:bit_data <- $r0
	@DEBUG_VALUE: bit_invert_swap_func:bit_data <- $r0
	mov	r2, r6
	bl	__aeabi_memcpy
.Ltmp59:
.LBB2_6:
	.loc	3 335 1 epilogue_begin          @ ../08_TCPL04B_PAL/utilities.c:335:1
	pop	{r1, r2, r3, r4, r5, r6, r7, pc}
.Ltmp60:
	.p2align	2
@ %bb.7:
	.loc	3 0 1 is_stmt 0                 @ ../08_TCPL04B_PAL/utilities.c:0:1
__arm_cp.2_0:
	.long	16777473                        @ 0x1000101
.Lcpi_end2:
	.size	__arm_cp.2_0, .Lcpi_end2-__arm_cp.2_0
.Lfunc_end2:
	.size	bit_invert_swap_func, .Lfunc_end2-bit_invert_swap_func
	.cfi_endproc
	.cantunwind
	.fnend
                                        @ -- End function
	.section	.text.crc16_calculate_func,"ax",%progbits
	.hidden	crc16_calculate_func            @ -- Begin function crc16_calculate_func
	.globl	crc16_calculate_func
	.p2align	2
	.type	crc16_calculate_func,%function
	.code	16                              @ @crc16_calculate_func
	.thumb_func
crc16_calculate_func:
.Lfunc_begin3:
	.loc	3 204 0 is_stmt 1               @ ../08_TCPL04B_PAL/utilities.c:204:0
	.fnstart
	.cfi_startproc
@ %bb.0:
	@DEBUG_VALUE: crc16_calculate_func:init_crc <- $r0
	@DEBUG_VALUE: crc16_calculate_func:data <- $r1
	@DEBUG_VALUE: crc16_calculate_func:length <- $r2
	.save	{r4, r5, r6, r7, lr}
	.pad	#4
	push	{r3, r4, r5, r6, r7, lr}
	.cfi_def_cfa_offset 24
	.cfi_offset lr, -4
	.cfi_offset r7, -8
	.cfi_offset r6, -12
	.cfi_offset r5, -16
	.cfi_offset r4, -20
	mov	r5, r2
.Ltmp61:
	@DEBUG_VALUE: crc16_calculate_func:length <- $r5
	mov	r6, r1
.Ltmp62:
	@DEBUG_VALUE: crc16_calculate_func:data <- $r6
	mov	r4, r0
.Ltmp63:
	@DEBUG_VALUE: crc16_calculate_func:crc <- undef
	@DEBUG_VALUE: crc16_calculate_func:init_crc <- $r4
	mov	r7, sp
	ldr	r0, __arm_cp.3_0
.Ltmp64:
	.loc	3 218 15 prologue_end           @ ../08_TCPL04B_PAL/utilities.c:218:15
	strh	r0, [r7]
	movs	r1, #16
	.loc	3 220 5                         @ ../08_TCPL04B_PAL/utilities.c:220:5
	mov	r0, r7
	bl	bit_invert_swap_func
.Ltmp65:
	.loc	3 0 5 is_stmt 0                 @ ../08_TCPL04B_PAL/utilities.c:0:5
	ldrh	r0, [r7]
.Ltmp66:
.LBB3_1:                                @ =>This Loop Header: Depth=1
                                        @     Child Loop BB3_3 Depth 2
	@DEBUG_VALUE: crc16_calculate_func:data <- $r6
	@DEBUG_VALUE: crc16_calculate_func:length <- $r5
	@DEBUG_VALUE: crc16_calculate_func:data <- $r6
	@DEBUG_VALUE: crc16_calculate_func:length <- undef
	@DEBUG_VALUE: crc16_calculate_func:crc <- $r4
	.loc	3 222 5 is_stmt 1               @ ../08_TCPL04B_PAL/utilities.c:222:5
	lsls	r1, r5, #16
	beq	.LBB3_6
.Ltmp67:
@ %bb.2:                                @   in Loop: Header=BB3_1 Depth=1
	@DEBUG_VALUE: crc16_calculate_func:crc <- $r4
	@DEBUG_VALUE: crc16_calculate_func:data <- $r6
	.loc	3 0 0 is_stmt 0                 @ ../08_TCPL04B_PAL/utilities.c:0:0
	subs	r5, r5, #1
.Ltmp68:
	@DEBUG_VALUE: crc16_calculate_func:length <- $r5
	.loc	3 224 16 is_stmt 1              @ ../08_TCPL04B_PAL/utilities.c:224:16
	ldrb	r1, [r6]
	.loc	3 224 13 is_stmt 0              @ ../08_TCPL04B_PAL/utilities.c:224:13
	eors	r4, r1
.Ltmp69:
	@DEBUG_VALUE: crc16_calculate_func:init_crc <- [DW_OP_LLVM_entry_value 1] $r0
	@DEBUG_VALUE: crc16_calculate_func:crc <- $r4
	.loc	3 0 13                          @ ../08_TCPL04B_PAL/utilities.c:0:13
	movs	r1, #8
	@DEBUG_VALUE: i <- 0
.Ltmp70:
.LBB3_3:                                @   Parent Loop BB3_1 Depth=1
                                        @ =>  This Inner Loop Header: Depth=2
	@DEBUG_VALUE: crc16_calculate_func:crc <- $r4
	@DEBUG_VALUE: crc16_calculate_func:data <- $r6
	@DEBUG_VALUE: crc16_calculate_func:length <- $r5
	@DEBUG_VALUE: crc16_calculate_func:crc <- $r4
	@DEBUG_VALUE: i <- [DW_OP_consts 8, DW_OP_minus, DW_OP_consts 18446744073709551615, DW_OP_div, DW_OP_stack_value] $r1
	.loc	3 226 9 is_stmt 1               @ ../08_TCPL04B_PAL/utilities.c:226:9
	cmp	r1, #0
	beq	.LBB3_5
.Ltmp71:
@ %bb.4:                                @   in Loop: Header=BB3_3 Depth=2
	@DEBUG_VALUE: i <- [DW_OP_consts 8, DW_OP_minus, DW_OP_consts 18446744073709551615, DW_OP_div, DW_OP_stack_value] $r1
	@DEBUG_VALUE: crc16_calculate_func:crc <- $r4
	@DEBUG_VALUE: crc16_calculate_func:data <- $r6
	@DEBUG_VALUE: crc16_calculate_func:length <- $r5
	.loc	3 0 9 is_stmt 0                 @ ../08_TCPL04B_PAL/utilities.c:0:9
	movs	r2, #1
.Ltmp72:
	.loc	3 228 21 is_stmt 1              @ ../08_TCPL04B_PAL/utilities.c:228:21
	ands	r2, r4
	rsbs	r2, r2, #0
.Ltmp73:
	.loc	3 228 17 is_stmt 0              @ ../08_TCPL04B_PAL/utilities.c:228:17
	ands	r2, r0
	lsrs	r4, r4, #1
.Ltmp74:
	eors	r4, r2
.Ltmp75:
	@DEBUG_VALUE: i <- [DW_OP_consts 8, DW_OP_minus, DW_OP_consts 18446744073709551615, DW_OP_div, DW_OP_consts 1, DW_OP_plus, DW_OP_stack_value] $r1
	@DEBUG_VALUE: crc16_calculate_func:crc <- $r4
	.loc	3 226 9 is_stmt 1               @ ../08_TCPL04B_PAL/utilities.c:226:9
	subs	r1, r1, #1
.Ltmp76:
	.loc	3 0 9 is_stmt 0                 @ ../08_TCPL04B_PAL/utilities.c:0:9
	b	.LBB3_3
.Ltmp77:
.LBB3_5:                                @   in Loop: Header=BB3_1 Depth=1
	@DEBUG_VALUE: crc16_calculate_func:crc <- $r4
	@DEBUG_VALUE: crc16_calculate_func:data <- $r6
	@DEBUG_VALUE: crc16_calculate_func:length <- $r5
	.loc	3 224 22 is_stmt 1              @ ../08_TCPL04B_PAL/utilities.c:224:22
	adds	r6, r6, #1
.Ltmp78:
	@DEBUG_VALUE: crc16_calculate_func:data <- $r6
	.loc	3 0 22 is_stmt 0                @ ../08_TCPL04B_PAL/utilities.c:0:22
	b	.LBB3_1
.Ltmp79:
.LBB3_6:
	@DEBUG_VALUE: crc16_calculate_func:crc <- $r4
	@DEBUG_VALUE: crc16_calculate_func:data <- $r6
	@DEBUG_VALUE: crc16_calculate_func:crc <- undef
	ldr	r0, __arm_cp.3_1
	.loc	3 242 5 is_stmt 1               @ ../08_TCPL04B_PAL/utilities.c:242:5
	bics	r0, r4
	.loc	3 242 5 epilogue_begin is_stmt 0 @ ../08_TCPL04B_PAL/utilities.c:242:5
	pop	{r3, r4, r5, r6, r7, pc}
.Ltmp80:
	.p2align	2
@ %bb.7:
	.loc	3 0 5                           @ ../08_TCPL04B_PAL/utilities.c:0:5
__arm_cp.3_0:
	.long	4129                            @ 0x1021
.Lcpi_end3:
	.size	__arm_cp.3_0, .Lcpi_end3-__arm_cp.3_0
__arm_cp.3_1:
	.long	65535                           @ 0xffff
.Lcpi_end4:
	.size	__arm_cp.3_1, .Lcpi_end4-__arm_cp.3_1
.Lfunc_end3:
	.size	crc16_calculate_func, .Lfunc_end3-crc16_calculate_func
	.cfi_endproc
	.cantunwind
	.fnend
                                        @ -- End function
	.section	.text.checksum_calculate_func,"ax",%progbits
	.hidden	checksum_calculate_func         @ -- Begin function checksum_calculate_func
	.globl	checksum_calculate_func
	.p2align	1
	.type	checksum_calculate_func,%function
	.code	16                              @ @checksum_calculate_func
	.thumb_func
checksum_calculate_func:
.Lfunc_begin4:
	.loc	3 255 0 is_stmt 1               @ ../08_TCPL04B_PAL/utilities.c:255:0
	.fnstart
	.cfi_startproc
@ %bb.0:
	@DEBUG_VALUE: checksum_calculate_func:init_sum <- $r0
	@DEBUG_VALUE: checksum_calculate_func:data <- $r1
	@DEBUG_VALUE: checksum_calculate_func:length <- $r2
	movs	r2, #0
.Ltmp81:
	@DEBUG_VALUE: checksum_calculate_func:length <- [DW_OP_LLVM_entry_value 1] $r2
	@DEBUG_VALUE: i <- 0
	@DEBUG_VALUE: checksum_calculate_func:check_sum <- undef
.LBB4_1:                                @ =>This Inner Loop Header: Depth=1
	@DEBUG_VALUE: checksum_calculate_func:length <- [DW_OP_LLVM_entry_value 1] $r2
	@DEBUG_VALUE: checksum_calculate_func:data <- $r1
	@DEBUG_VALUE: checksum_calculate_func:check_sum <- $r0
	@DEBUG_VALUE: i <- $r2
	.loc	3 263 5 prologue_end            @ ../08_TCPL04B_PAL/utilities.c:263:5
	cmp	r2, #8
	beq	.LBB4_5
.Ltmp82:
@ %bb.2:                                @   in Loop: Header=BB4_1 Depth=1
	@DEBUG_VALUE: i <- $r2
	@DEBUG_VALUE: checksum_calculate_func:check_sum <- $r0
	@DEBUG_VALUE: checksum_calculate_func:length <- [DW_OP_LLVM_entry_value 1] $r2
	@DEBUG_VALUE: checksum_calculate_func:data <- $r1
	.loc	3 266 22                        @ ../08_TCPL04B_PAL/utilities.c:266:22
	ldrb	r3, [r1, r2]
	.loc	3 266 19 is_stmt 0              @ ../08_TCPL04B_PAL/utilities.c:266:19
	adds	r0, r0, r3
.Ltmp83:
	@DEBUG_VALUE: checksum_calculate_func:init_sum <- [DW_OP_LLVM_entry_value 1] $r0
	@DEBUG_VALUE: checksum_calculate_func:check_sum <- $r0
	uxth	r3, r0
	.loc	3 269 13 is_stmt 1              @ ../08_TCPL04B_PAL/utilities.c:269:13
	cmp	r3, #255
	bls	.LBB4_4
.Ltmp84:
@ %bb.3:                                @   in Loop: Header=BB4_1 Depth=1
	@DEBUG_VALUE: i <- $r2
	@DEBUG_VALUE: checksum_calculate_func:check_sum <- $r0
	@DEBUG_VALUE: checksum_calculate_func:length <- [DW_OP_LLVM_entry_value 1] $r2
	@DEBUG_VALUE: checksum_calculate_func:data <- $r1
	.loc	3 0 13 is_stmt 0                @ ../08_TCPL04B_PAL/utilities.c:0:13
	subs	r0, #255
.Ltmp85:
.LBB4_4:                                @   in Loop: Header=BB4_1 Depth=1
	@DEBUG_VALUE: i <- $r2
	@DEBUG_VALUE: checksum_calculate_func:length <- [DW_OP_LLVM_entry_value 1] $r2
	@DEBUG_VALUE: checksum_calculate_func:data <- $r1
	@DEBUG_VALUE: checksum_calculate_func:check_sum <- $r0
	.loc	3 263 33 is_stmt 1              @ ../08_TCPL04B_PAL/utilities.c:263:33
	adds	r2, r2, #1
.Ltmp86:
	@DEBUG_VALUE: i <- $r2
	.loc	3 0 33 is_stmt 0                @ ../08_TCPL04B_PAL/utilities.c:0:33
	b	.LBB4_1
.Ltmp87:
.LBB4_5:
	@DEBUG_VALUE: checksum_calculate_func:check_sum <- $r0
	@DEBUG_VALUE: checksum_calculate_func:length <- [DW_OP_LLVM_entry_value 1] $r2
	@DEBUG_VALUE: checksum_calculate_func:data <- $r1
	movs	r1, #255
.Ltmp88:
	@DEBUG_VALUE: checksum_calculate_func:data <- [DW_OP_LLVM_entry_value 1] $r1
	@DEBUG_VALUE: checksum_calculate_func:data <- [DW_OP_LLVM_entry_value 1] $r1
	.loc	3 276 5 is_stmt 1               @ ../08_TCPL04B_PAL/utilities.c:276:5
	bics	r1, r0
	mov	r0, r1
.Ltmp89:
	@DEBUG_VALUE: checksum_calculate_func:init_sum <- [DW_OP_LLVM_entry_value 1] $r0
	bx	lr
.Ltmp90:
.Lfunc_end4:
	.size	checksum_calculate_func, .Lfunc_end4-checksum_calculate_func
	.cfi_endproc
	.cantunwind
	.fnend
                                        @ -- End function
	.section	.text.endian_swap_func,"ax",%progbits
	.hidden	endian_swap_func                @ -- Begin function endian_swap_func
	.globl	endian_swap_func
	.p2align	1
	.type	endian_swap_func,%function
	.code	16                              @ @endian_swap_func
	.thumb_func
endian_swap_func:
.Lfunc_begin5:
	.loc	3 289 0                         @ ../08_TCPL04B_PAL/utilities.c:289:0
	.fnstart
	.cfi_startproc
@ %bb.0:
	@DEBUG_VALUE: endian_swap_func:data <- $r0
	@DEBUG_VALUE: endian_swap_func:length <- $r1
	.save	{r4, r5, r6, lr}
	.pad	#8
	push	{r2, r3, r4, r5, r6, lr}
	.cfi_def_cfa_offset 24
	.cfi_offset lr, -4
	.cfi_offset r6, -8
	.cfi_offset r5, -12
	.cfi_offset r4, -16
	mov	r2, r1
.Ltmp91:
	@DEBUG_VALUE: endian_swap_func:length <- $r2
	mov	r1, r0
.Ltmp92:
	@DEBUG_VALUE: i <- 0
	@DEBUG_VALUE: endian_swap_func:data <- $r1
	.loc	3 294 10 prologue_end           @ ../08_TCPL04B_PAL/utilities.c:294:10
	subs	r0, r2, #1
	lsrs	r3, r2, #1
.Ltmp93:
	@DEBUG_VALUE: endian_swap_func:cnt <- $r3
	.loc	3 0 10 is_stmt 0                @ ../08_TCPL04B_PAL/utilities.c:0:10
	movs	r4, #0
.Ltmp94:
.LBB5_1:                                @ =>This Inner Loop Header: Depth=1
	@DEBUG_VALUE: endian_swap_func:cnt <- $r3
	@DEBUG_VALUE: endian_swap_func:data <- $r1
	@DEBUG_VALUE: endian_swap_func:length <- $r2
	@DEBUG_VALUE: i <- $r4
	.loc	3 294 5                         @ ../08_TCPL04B_PAL/utilities.c:294:5
	cmp	r3, r4
	beq	.LBB5_3
.Ltmp95:
@ %bb.2:                                @   in Loop: Header=BB5_1 Depth=1
	@DEBUG_VALUE: i <- $r4
	@DEBUG_VALUE: endian_swap_func:cnt <- $r3
	@DEBUG_VALUE: endian_swap_func:data <- $r1
	@DEBUG_VALUE: endian_swap_func:length <- $r2
	.loc	3 296 15 is_stmt 1              @ ../08_TCPL04B_PAL/utilities.c:296:15
	ldrb	r5, [r1, r4]
.Ltmp96:
	@DEBUG_VALUE: endian_swap_func:tmp <- $r5
	.loc	3 297 19                        @ ../08_TCPL04B_PAL/utilities.c:297:19
	ldrb	r6, [r1, r0]
	.loc	3 297 17 is_stmt 0              @ ../08_TCPL04B_PAL/utilities.c:297:17
	strb	r6, [r1, r4]
	.loc	3 298 30 is_stmt 1              @ ../08_TCPL04B_PAL/utilities.c:298:30
	strb	r5, [r1, r0]
.Ltmp97:
	.loc	3 294 5                         @ ../08_TCPL04B_PAL/utilities.c:294:5
	subs	r0, r0, #1
	.loc	3 294 36 is_stmt 0              @ ../08_TCPL04B_PAL/utilities.c:294:36
	adds	r4, r4, #1
.Ltmp98:
	@DEBUG_VALUE: i <- $r4
	.loc	3 0 36                          @ ../08_TCPL04B_PAL/utilities.c:0:36
	b	.LBB5_1
.Ltmp99:
.LBB5_3:
	@DEBUG_VALUE: endian_swap_func:cnt <- $r3
	@DEBUG_VALUE: endian_swap_func:data <- $r1
	@DEBUG_VALUE: endian_swap_func:length <- $r2
	add	r0, sp, #4
	.loc	3 301 5 is_stmt 1               @ ../08_TCPL04B_PAL/utilities.c:301:5
	bl	__aeabi_memcpy
.Ltmp100:
	.loc	3 303 13                        @ ../08_TCPL04B_PAL/utilities.c:303:13
	ldr	r0, [sp, #4]
	.loc	3 303 5 epilogue_begin is_stmt 0 @ ../08_TCPL04B_PAL/utilities.c:303:5
	pop	{r2, r3, r4, r5, r6, pc}
.Ltmp101:
.Lfunc_end5:
	.size	endian_swap_func, .Lfunc_end5-endian_swap_func
	.cfi_endproc
	.cantunwind
	.fnend
                                        @ -- End function
	.section	.text.int_to_ascii_func,"ax",%progbits
	.hidden	int_to_ascii_func               @ -- Begin function int_to_ascii_func
	.globl	int_to_ascii_func
	.p2align	1
	.type	int_to_ascii_func,%function
	.code	16                              @ @int_to_ascii_func
	.thumb_func
int_to_ascii_func:
.Lfunc_begin6:
	.loc	3 346 0 is_stmt 1               @ ../08_TCPL04B_PAL/utilities.c:346:0
	.fnstart
	.cfi_startproc
@ %bb.0:
	@DEBUG_VALUE: int_to_ascii_func:num <- $r0
	@DEBUG_VALUE: int_to_ascii_func:str <- $r1
	.save	{r4, r5, r6, r7, lr}
	push	{r4, r5, r6, r7, lr}
	.cfi_def_cfa_offset 20
	.cfi_offset lr, -4
	.cfi_offset r7, -8
	.cfi_offset r6, -12
	.cfi_offset r5, -16
	.cfi_offset r4, -20
	.pad	#20
	sub	sp, #20
	.cfi_def_cfa_offset 40
	mov	r4, r1
.Ltmp102:
	@DEBUG_VALUE: int_to_ascii_func:str <- $r4
	mov	r5, r0
.Ltmp103:
	@DEBUG_VALUE: int_to_ascii_func:digits <- 0
	@DEBUG_VALUE: int_to_ascii_func:i <- 0
	@DEBUG_VALUE: int_to_ascii_func:num <- $r5
	.loc	3 351 9 prologue_end            @ ../08_TCPL04B_PAL/utilities.c:351:9
	cmp	r0, #0
	bmi	.LBB6_3
.Ltmp104:
@ %bb.1:
	@DEBUG_VALUE: int_to_ascii_func:num <- $r5
	@DEBUG_VALUE: int_to_ascii_func:i <- 0
	@DEBUG_VALUE: int_to_ascii_func:digits <- 0
	@DEBUG_VALUE: int_to_ascii_func:str <- $r4
	@DEBUG_VALUE: int_to_ascii_func:num <- $r5
	@DEBUG_VALUE: int_to_ascii_func:i <- [DW_OP_stack_value] 0
	@DEBUG_VALUE: int_to_ascii_func:str <- [DW_OP_plus_uconst 1, DW_OP_stack_value] $r4
	.loc	3 0 9 is_stmt 0                 @ ../08_TCPL04B_PAL/utilities.c:0:9
	movs	r0, #0
	.loc	3 358 9 is_stmt 1               @ ../08_TCPL04B_PAL/utilities.c:358:9
	cmp	r5, #0
.Ltmp105:
	@DEBUG_VALUE: int_to_ascii_func:str <- undef
	bne	.LBB6_4
.Ltmp106:
@ %bb.2:
	@DEBUG_VALUE: int_to_ascii_func:i <- [DW_OP_stack_value] 0
	@DEBUG_VALUE: int_to_ascii_func:num <- $r5
	@DEBUG_VALUE: int_to_ascii_func:digits <- 0
	.loc	3 361 14                        @ ../08_TCPL04B_PAL/utilities.c:361:14
	strb	r0, [r4, #1]
	movs	r0, #48
	.loc	3 360 16                        @ ../08_TCPL04B_PAL/utilities.c:360:16
	strb	r0, [r4]
	movs	r0, #1
	b	.LBB6_11
.Ltmp107:
.LBB6_3:
	@DEBUG_VALUE: int_to_ascii_func:num <- $r5
	@DEBUG_VALUE: int_to_ascii_func:i <- 0
	@DEBUG_VALUE: int_to_ascii_func:digits <- 0
	@DEBUG_VALUE: int_to_ascii_func:str <- $r4
	.loc	3 0 16 is_stmt 0                @ ../08_TCPL04B_PAL/utilities.c:0:16
	movs	r0, #45
.Ltmp108:
	.loc	3 353 16 is_stmt 1              @ ../08_TCPL04B_PAL/utilities.c:353:16
	strb	r0, [r4]
.Ltmp109:
	@DEBUG_VALUE: int_to_ascii_func:i <- 1
	.loc	3 355 15                        @ ../08_TCPL04B_PAL/utilities.c:355:15
	rsbs	r5, r5, #0
.Ltmp110:
	@DEBUG_VALUE: int_to_ascii_func:num <- $r5
	.loc	3 353 13                        @ ../08_TCPL04B_PAL/utilities.c:353:13
	adds	r4, r4, #1
.Ltmp111:
	@DEBUG_VALUE: int_to_ascii_func:str <- $r4
	.loc	3 0 13 is_stmt 0                @ ../08_TCPL04B_PAL/utilities.c:0:13
	movs	r0, #1
.Ltmp112:
	@DEBUG_VALUE: int_to_ascii_func:i <- [DW_OP_stack_value] 1
.LBB6_4:
	@DEBUG_VALUE: int_to_ascii_func:num <- $r5
	@DEBUG_VALUE: int_to_ascii_func:digits <- 0
	str	r0, [sp, #4]                    @ 4-byte Spill
	movs	r7, #0
.Ltmp113:
.LBB6_5:                                @ =>This Inner Loop Header: Depth=1
	@DEBUG_VALUE: int_to_ascii_func:num <- $r5
	@DEBUG_VALUE: int_to_ascii_func:num <- $r5
	@DEBUG_VALUE: int_to_ascii_func:digits <- $r7
	.loc	3 365 5 is_stmt 1               @ ../08_TCPL04B_PAL/utilities.c:365:5
	cmp	r5, #0
	ble	.LBB6_7
.Ltmp114:
@ %bb.6:                                @   in Loop: Header=BB6_5 Depth=1
	@DEBUG_VALUE: int_to_ascii_func:digits <- $r7
	@DEBUG_VALUE: int_to_ascii_func:num <- $r5
	.loc	3 0 5 is_stmt 0                 @ ../08_TCPL04B_PAL/utilities.c:0:5
	movs	r6, #10
	mov	r0, r5
	mov	r1, r6
	bl	__aeabi_uidiv
.Ltmp115:
	@DEBUG_VALUE: int_to_ascii_func:num <- $r0
	muls	r6, r0, r6
	subs	r1, r5, r6
	movs	r2, #48
.Ltmp116:
	.loc	3 367 28 is_stmt 1              @ ../08_TCPL04B_PAL/utilities.c:367:28
	orrs	r2, r1
	.loc	3 367 9 is_stmt 0               @ ../08_TCPL04B_PAL/utilities.c:367:9
	uxtb	r1, r7
	add	r3, sp, #8
	.loc	3 367 26                        @ ../08_TCPL04B_PAL/utilities.c:367:26
	strb	r2, [r3, r1]
	.loc	3 367 22                        @ ../08_TCPL04B_PAL/utilities.c:367:22
	adds	r7, r7, #1
.Ltmp117:
	@DEBUG_VALUE: int_to_ascii_func:digits <- $r7
	.loc	3 0 22                          @ ../08_TCPL04B_PAL/utilities.c:0:22
	mov	r5, r0
.Ltmp118:
	@DEBUG_VALUE: int_to_ascii_func:num <- $r5
	@DEBUG_VALUE: int_to_ascii_func:num <- $r5
	b	.LBB6_5
.Ltmp119:
.LBB6_7:
	@DEBUG_VALUE: int_to_ascii_func:digits <- $r7
	@DEBUG_VALUE: int_to_ascii_func:num <- $r5
	add	r0, sp, #8
.Ltmp120:
	.loc	3 371 5 is_stmt 1               @ ../08_TCPL04B_PAL/utilities.c:371:5
	subs	r1, r0, #1
	uxtb	r0, r7
	mov	r2, r4
	mov	r3, r0
.Ltmp121:
.LBB6_8:                                @ =>This Inner Loop Header: Depth=1
	@DEBUG_VALUE: int_to_ascii_func:digits <- $r7
	@DEBUG_VALUE: j <- undef
	cmp	r3, #0
	beq	.LBB6_10
.Ltmp122:
@ %bb.9:                                @   in Loop: Header=BB6_8 Depth=1
	@DEBUG_VALUE: int_to_ascii_func:digits <- $r7
	.loc	3 373 18                        @ ../08_TCPL04B_PAL/utilities.c:373:18
	ldrb	r5, [r1, r3]
	.loc	3 373 16 is_stmt 0              @ ../08_TCPL04B_PAL/utilities.c:373:16
	strb	r5, [r2]
.Ltmp123:
	.loc	3 371 5 is_stmt 1               @ ../08_TCPL04B_PAL/utilities.c:371:5
	adds	r2, r2, #1
.Ltmp124:
	@DEBUG_VALUE: j <- undef
	subs	r3, r3, #1
	b	.LBB6_8
.Ltmp125:
.LBB6_10:
	@DEBUG_VALUE: int_to_ascii_func:digits <- $r7
	.loc	3 0 5 is_stmt 0                 @ ../08_TCPL04B_PAL/utilities.c:0:5
	movs	r1, #0
	.loc	3 376 17 is_stmt 1              @ ../08_TCPL04B_PAL/utilities.c:376:17
	strb	r1, [r4, r0]
	.loc	3 378 12                        @ ../08_TCPL04B_PAL/utilities.c:378:12
	ldr	r0, [sp, #4]                    @ 4-byte Reload
	adds	r0, r7, r0
.Ltmp126:
.LBB6_11:
	.loc	3 379 1                         @ ../08_TCPL04B_PAL/utilities.c:379:1
	uxtb	r0, r0
	.loc	3 379 1 epilogue_begin is_stmt 0 @ ../08_TCPL04B_PAL/utilities.c:379:1
	add	sp, #20
	pop	{r4, r5, r6, r7, pc}
.Ltmp127:
.Lfunc_end6:
	.size	int_to_ascii_func, .Lfunc_end6-int_to_ascii_func
	.cfi_endproc
	.cantunwind
	.fnend
                                        @ -- End function
	.section	.text.parity_calib_func,"ax",%progbits
	.hidden	parity_calib_func               @ -- Begin function parity_calib_func
	.globl	parity_calib_func
	.p2align	1
	.type	parity_calib_func,%function
	.code	16                              @ @parity_calib_func
	.thumb_func
parity_calib_func:
.Lfunc_begin7:
	.loc	3 390 0 is_stmt 1               @ ../08_TCPL04B_PAL/utilities.c:390:0
	.fnstart
	.cfi_startproc
@ %bb.0:
	@DEBUG_VALUE: parity_calib_func:type <- $r0
	@DEBUG_VALUE: parity_calib_func:pid <- $r1
	.save	{r4, r5, r6, lr}
	push	{r4, r5, r6, lr}
	.cfi_def_cfa_offset 16
	.cfi_offset lr, -4
	.cfi_offset r6, -8
	.cfi_offset r5, -12
	.cfi_offset r4, -16
.Ltmp128:
	.loc	3 392 73 prologue_end           @ ../08_TCPL04B_PAL/utilities.c:392:73
	lsrs	r2, r1, #2
	.loc	3 392 49 is_stmt 0              @ ../08_TCPL04B_PAL/utilities.c:392:49
	lsrs	r3, r1, #1
	.loc	3 392 96                        @ ../08_TCPL04B_PAL/utilities.c:392:96
	eors	r2, r3
	.loc	3 392 97                        @ ../08_TCPL04B_PAL/utilities.c:392:97
	lsrs	r4, r1, #4
	.loc	3 392 96                        @ ../08_TCPL04B_PAL/utilities.c:392:96
	eors	r2, r4
	eors	r2, r1
	.loc	3 392 122                       @ ../08_TCPL04B_PAL/utilities.c:392:122
	lsls	r2, r2, #31
	lsrs	r2, r2, #25
	.loc	3 393 51 is_stmt 1              @ ../08_TCPL04B_PAL/utilities.c:393:51
	lsrs	r5, r1, #3
	.loc	3 393 99 is_stmt 0              @ ../08_TCPL04B_PAL/utilities.c:393:99
	lsrs	r6, r1, #5
	.loc	3 393 98                        @ ../08_TCPL04B_PAL/utilities.c:393:98
	eors	r6, r5
	eors	r6, r3
	eors	r6, r4
	mvns	r3, r6
	.loc	3 393 25                        @ ../08_TCPL04B_PAL/utilities.c:393:25
	lsls	r3, r3, #7
	.loc	3 393 125                       @ ../08_TCPL04B_PAL/utilities.c:393:125
	adds	r4, r3, r2
	movs	r2, #255
	mvns	r3, r2
	.loc	3 392 128 is_stmt 1             @ ../08_TCPL04B_PAL/utilities.c:392:128
	orrs	r3, r4
.Ltmp129:
	@DEBUG_VALUE: parity_calib_func:parity <- [DW_OP_LLVM_convert 32 7, DW_OP_LLVM_convert 8 7, DW_OP_stack_value] $r3
	.loc	3 395 9                         @ ../08_TCPL04B_PAL/utilities.c:395:9
	cmp	r0, #1
	bne	.LBB7_3
.Ltmp130:
@ %bb.1:
	@DEBUG_VALUE: parity_calib_func:parity <- [DW_OP_LLVM_convert 32 7, DW_OP_LLVM_convert 8 7, DW_OP_stack_value] $r3
	@DEBUG_VALUE: parity_calib_func:pid <- $r1
	@DEBUG_VALUE: parity_calib_func:type <- $r0
	@DEBUG_VALUE: parity_calib_func:parity <- [DW_OP_LLVM_convert 32 7, DW_OP_LLVM_convert 8 7, DW_OP_stack_value] $r3
	.loc	3 397 26                        @ ../08_TCPL04B_PAL/utilities.c:397:26
	eors	r3, r1
.Ltmp131:
	.loc	3 397 13 is_stmt 0              @ ../08_TCPL04B_PAL/utilities.c:397:13
	lsls	r0, r3, #24
.Ltmp132:
	@DEBUG_VALUE: parity_calib_func:type <- [DW_OP_LLVM_entry_value 1] $r0
	lsrs	r0, r0, #30
	bne	.LBB7_4
.Ltmp133:
@ %bb.2:
	@DEBUG_VALUE: parity_calib_func:type <- [DW_OP_LLVM_entry_value 1] $r0
	@DEBUG_VALUE: parity_calib_func:pid <- $r1
	.loc	3 0 13                          @ ../08_TCPL04B_PAL/utilities.c:0:13
	movs	r0, #63
.Ltmp134:
	.loc	3 403 19 is_stmt 1              @ ../08_TCPL04B_PAL/utilities.c:403:19
	ands	r1, r0
.Ltmp135:
	@DEBUG_VALUE: parity_calib_func:pid <- [DW_OP_LLVM_entry_value 1] $r1
	@DEBUG_VALUE: parity_calib_func:ret <- undef
	.loc	3 0 19 is_stmt 0                @ ../08_TCPL04B_PAL/utilities.c:0:19
	mov	r2, r1
	b	.LBB7_4
.Ltmp136:
.LBB7_3:
	@DEBUG_VALUE: parity_calib_func:parity <- [DW_OP_LLVM_convert 32 7, DW_OP_LLVM_convert 8 7, DW_OP_stack_value] $r3
	@DEBUG_VALUE: parity_calib_func:pid <- $r1
	@DEBUG_VALUE: parity_calib_func:type <- $r0
	.loc	3 408 29 is_stmt 1              @ ../08_TCPL04B_PAL/utilities.c:408:29
	orrs	r3, r1
.Ltmp137:
	@DEBUG_VALUE: parity_calib_func:ret <- undef
	.loc	3 0 29 is_stmt 0                @ ../08_TCPL04B_PAL/utilities.c:0:29
	mov	r2, r3
.Ltmp138:
.LBB7_4:
	@DEBUG_VALUE: parity_calib_func:ret <- $r2
	.loc	3 411 5 is_stmt 1               @ ../08_TCPL04B_PAL/utilities.c:411:5
	uxtb	r0, r2
	.loc	3 411 5 epilogue_begin is_stmt 0 @ ../08_TCPL04B_PAL/utilities.c:411:5
	pop	{r4, r5, r6, pc}
.Ltmp139:
.Lfunc_end7:
	.size	parity_calib_func, .Lfunc_end7-parity_calib_func
	.cfi_endproc
	.cantunwind
	.fnend
                                        @ -- End function
	.section	.debug_loc,"",%progbits
.Ldebug_loc0:
	.long	-1
	.long	.Lfunc_begin0                   @   base address
	.long	.Lfunc_begin0-.Lfunc_begin0
	.long	.Ltmp1-.Lfunc_begin0
	.short	1                               @ Loc expr size
	.byte	80                              @ DW_OP_reg0
	.long	.Ltmp9-.Lfunc_begin0
	.long	.Ltmp11-.Lfunc_begin0
	.short	4                               @ Loc expr size
	.byte	243                             @ DW_OP_GNU_entry_value
	.byte	1                               @ 1
	.byte	80                              @ DW_OP_reg0
	.byte	159                             @ DW_OP_stack_value
	.long	.Ltmp13-.Lfunc_begin0
	.long	.Ltmp16-.Lfunc_begin0
	.short	4                               @ Loc expr size
	.byte	243                             @ DW_OP_GNU_entry_value
	.byte	1                               @ 1
	.byte	80                              @ DW_OP_reg0
	.byte	159                             @ DW_OP_stack_value
	.long	.Ltmp17-.Lfunc_begin0
	.long	.Ltmp18-.Lfunc_begin0
	.short	4                               @ Loc expr size
	.byte	243                             @ DW_OP_GNU_entry_value
	.byte	1                               @ 1
	.byte	80                              @ DW_OP_reg0
	.byte	159                             @ DW_OP_stack_value
	.long	0
	.long	0
.Ldebug_loc1:
	.long	-1
	.long	.Lfunc_begin0                   @   base address
	.long	.Lfunc_begin0-.Lfunc_begin0
	.long	.Ltmp15-.Lfunc_begin0
	.short	1                               @ Loc expr size
	.byte	81                              @ DW_OP_reg1
	.long	.Ltmp15-.Lfunc_begin0
	.long	.Ltmp16-.Lfunc_begin0
	.short	4                               @ Loc expr size
	.byte	243                             @ DW_OP_GNU_entry_value
	.byte	1                               @ 1
	.byte	81                              @ DW_OP_reg1
	.byte	159                             @ DW_OP_stack_value
	.long	.Ltmp16-.Lfunc_begin0
	.long	.Ltmp18-.Lfunc_begin0
	.short	1                               @ Loc expr size
	.byte	81                              @ DW_OP_reg1
	.long	0
	.long	0
.Ldebug_loc2:
	.long	-1
	.long	.Lfunc_begin0                   @   base address
	.long	.Ltmp1-.Lfunc_begin0
	.long	.Ltmp6-.Lfunc_begin0
	.short	9                               @ Loc expr size
	.byte	117                             @ DW_OP_breg5
	.byte	0                               @ 0
	.byte	113                             @ DW_OP_breg1
	.byte	0                               @ 0
	.byte	28                              @ DW_OP_minus
	.byte	17                              @ DW_OP_consts
	.byte	127                             @ -1
	.byte	27                              @ DW_OP_div
	.byte	159                             @ DW_OP_stack_value
	.long	.Ltmp7-.Lfunc_begin0
	.long	.Ltmp9-.Lfunc_begin0
	.short	9                               @ Loc expr size
	.byte	117                             @ DW_OP_breg5
	.byte	0                               @ 0
	.byte	113                             @ DW_OP_breg1
	.byte	0                               @ 0
	.byte	28                              @ DW_OP_minus
	.byte	17                              @ DW_OP_consts
	.byte	127                             @ -1
	.byte	27                              @ DW_OP_div
	.byte	159                             @ DW_OP_stack_value
	.long	.Ltmp9-.Lfunc_begin0
	.long	.Ltmp10-.Lfunc_begin0
	.short	12                              @ Loc expr size
	.byte	117                             @ DW_OP_breg5
	.byte	0                               @ 0
	.byte	113                             @ DW_OP_breg1
	.byte	0                               @ 0
	.byte	28                              @ DW_OP_minus
	.byte	17                              @ DW_OP_consts
	.byte	127                             @ -1
	.byte	27                              @ DW_OP_div
	.byte	17                              @ DW_OP_consts
	.byte	1                               @ 1
	.byte	34                              @ DW_OP_plus
	.byte	159                             @ DW_OP_stack_value
	.long	0
	.long	0
.Ldebug_loc3:
	.long	-1
	.long	.Lfunc_begin0                   @   base address
	.long	.Ltmp0-.Lfunc_begin0
	.long	.Ltmp1-.Lfunc_begin0
	.short	2                               @ Loc expr size
	.byte	48                              @ DW_OP_lit0
	.byte	159                             @ DW_OP_stack_value
	.long	.Ltmp1-.Lfunc_begin0
	.long	.Ltmp14-.Lfunc_begin0
	.short	1                               @ Loc expr size
	.byte	83                              @ DW_OP_reg3
	.long	.Ltmp16-.Lfunc_begin0
	.long	.Ltmp18-.Lfunc_begin0
	.short	1                               @ Loc expr size
	.byte	83                              @ DW_OP_reg3
	.long	0
	.long	0
.Ldebug_loc4:
	.long	-1
	.long	.Lfunc_begin0                   @   base address
	.long	.Ltmp0-.Lfunc_begin0
	.long	.Ltmp1-.Lfunc_begin0
	.short	5                               @ Loc expr size
	.byte	16                              @ DW_OP_constu
	.byte	255                             @ 32767
	.byte	255                             @ 
	.byte	1                               @ 
	.byte	159                             @ DW_OP_stack_value
	.long	.Ltmp1-.Lfunc_begin0
	.long	.Ltmp5-.Lfunc_begin0
	.short	1                               @ Loc expr size
	.byte	84                              @ DW_OP_reg4
	.long	.Ltmp8-.Lfunc_begin0
	.long	.Ltmp20-.Lfunc_begin0
	.short	1                               @ Loc expr size
	.byte	84                              @ DW_OP_reg4
	.long	0
	.long	0
.Ldebug_loc5:
	.long	-1
	.long	.Lfunc_begin0                   @   base address
	.long	.Ltmp0-.Lfunc_begin0
	.long	.Ltmp1-.Lfunc_begin0
	.short	2                               @ Loc expr size
	.byte	48                              @ DW_OP_lit0
	.byte	159                             @ DW_OP_stack_value
	.long	.Ltmp1-.Lfunc_begin0
	.long	.Ltmp4-.Lfunc_begin0
	.short	1                               @ Loc expr size
	.byte	82                              @ DW_OP_reg2
	.long	.Ltmp8-.Lfunc_begin0
	.long	.Ltmp19-.Lfunc_begin0
	.short	1                               @ Loc expr size
	.byte	82                              @ DW_OP_reg2
	.long	0
	.long	0
.Ldebug_loc6:
	.long	-1
	.long	.Lfunc_begin1                   @   base address
	.long	.Lfunc_begin1-.Lfunc_begin1
	.long	.Ltmp23-.Lfunc_begin1
	.short	1                               @ Loc expr size
	.byte	80                              @ DW_OP_reg0
	.long	.Ltmp23-.Lfunc_begin1
	.long	.Ltmp26-.Lfunc_begin1
	.short	1                               @ Loc expr size
	.byte	85                              @ DW_OP_reg5
	.long	.Ltmp29-.Lfunc_begin1
	.long	.Ltmp30-.Lfunc_begin1
	.short	4                               @ Loc expr size
	.byte	243                             @ DW_OP_GNU_entry_value
	.byte	1                               @ 1
	.byte	80                              @ DW_OP_reg0
	.byte	159                             @ DW_OP_stack_value
	.long	0
	.long	0
.Ldebug_loc7:
	.long	-1
	.long	.Lfunc_begin1                   @   base address
	.long	.Lfunc_begin1-.Lfunc_begin1
	.long	.Ltmp22-.Lfunc_begin1
	.short	1                               @ Loc expr size
	.byte	81                              @ DW_OP_reg1
	.long	.Ltmp22-.Lfunc_begin1
	.long	.Ltmp40-.Lfunc_begin1
	.short	1                               @ Loc expr size
	.byte	86                              @ DW_OP_reg6
	.long	0
	.long	0
.Ldebug_loc8:
	.long	-1
	.long	.Lfunc_begin1                   @   base address
	.long	.Lfunc_begin1-.Lfunc_begin1
	.long	.Ltmp21-.Lfunc_begin1
	.short	1                               @ Loc expr size
	.byte	82                              @ DW_OP_reg2
	.long	.Ltmp21-.Lfunc_begin1
	.long	.Ltmp26-.Lfunc_begin1
	.short	1                               @ Loc expr size
	.byte	84                              @ DW_OP_reg4
	.long	.Ltmp28-.Lfunc_begin1
	.long	.Ltmp39-.Lfunc_begin1
	.short	1                               @ Loc expr size
	.byte	84                              @ DW_OP_reg4
	.long	0
	.long	0
.Ldebug_loc9:
	.long	-1
	.long	.Lfunc_begin1                   @   base address
	.long	.Ltmp26-.Lfunc_begin1
	.long	.Ltmp34-.Lfunc_begin1
	.short	1                               @ Loc expr size
	.byte	85                              @ DW_OP_reg5
	.long	.Ltmp35-.Lfunc_begin1
	.long	.Ltmp40-.Lfunc_begin1
	.short	1                               @ Loc expr size
	.byte	85                              @ DW_OP_reg5
	.long	0
	.long	0
.Ldebug_loc10:
	.long	-1
	.long	.Lfunc_begin1                   @   base address
	.long	.Ltmp30-.Lfunc_begin1
	.long	.Ltmp35-.Lfunc_begin1
	.short	9                               @ Loc expr size
	.byte	113                             @ DW_OP_breg1
	.byte	0                               @ 0
	.byte	17                              @ DW_OP_consts
	.byte	8                               @ 8
	.byte	28                              @ DW_OP_minus
	.byte	17                              @ DW_OP_consts
	.byte	127                             @ -1
	.byte	27                              @ DW_OP_div
	.byte	159                             @ DW_OP_stack_value
	.long	.Ltmp35-.Lfunc_begin1
	.long	.Ltmp36-.Lfunc_begin1
	.short	12                              @ Loc expr size
	.byte	113                             @ DW_OP_breg1
	.byte	0                               @ 0
	.byte	17                              @ DW_OP_consts
	.byte	8                               @ 8
	.byte	28                              @ DW_OP_minus
	.byte	17                              @ DW_OP_consts
	.byte	127                             @ -1
	.byte	27                              @ DW_OP_div
	.byte	17                              @ DW_OP_consts
	.byte	1                               @ 1
	.byte	34                              @ DW_OP_plus
	.byte	159                             @ DW_OP_stack_value
	.long	0
	.long	0
.Ldebug_loc11:
	.long	-1
	.long	.Lfunc_begin2                   @   base address
	.long	.Lfunc_begin2-.Lfunc_begin2
	.long	.Ltmp41-.Lfunc_begin2
	.short	1                               @ Loc expr size
	.byte	80                              @ DW_OP_reg0
	.long	.Ltmp41-.Lfunc_begin2
	.long	.Ltmp48-.Lfunc_begin2
	.short	1                               @ Loc expr size
	.byte	82                              @ DW_OP_reg2
	.long	.Ltmp48-.Lfunc_begin2
	.long	.Ltmp58-.Lfunc_begin2
	.short	2                               @ Loc expr size
	.byte	125                             @ DW_OP_breg13
	.byte	0                               @ 0
	.long	.Ltmp58-.Lfunc_begin2
	.long	.Ltmp59-.Lfunc_begin2
	.short	1                               @ Loc expr size
	.byte	80                              @ DW_OP_reg0
	.long	0
	.long	0
.Ldebug_loc12:
	.long	-1
	.long	.Lfunc_begin2                   @   base address
	.long	.Lfunc_begin2-.Lfunc_begin2
	.long	.Ltmp46-.Lfunc_begin2
	.short	1                               @ Loc expr size
	.byte	81                              @ DW_OP_reg1
	.long	.Ltmp46-.Lfunc_begin2
	.long	.Ltmp50-.Lfunc_begin2
	.short	1                               @ Loc expr size
	.byte	85                              @ DW_OP_reg5
	.long	.Ltmp52-.Lfunc_begin2
	.long	.Ltmp55-.Lfunc_begin2
	.short	4                               @ Loc expr size
	.byte	243                             @ DW_OP_GNU_entry_value
	.byte	1                               @ 1
	.byte	81                              @ DW_OP_reg1
	.byte	159                             @ DW_OP_stack_value
	.long	0
	.long	0
.Ldebug_loc13:
	.long	-1
	.long	.Lfunc_begin2                   @   base address
	.long	.Ltmp41-.Lfunc_begin2
	.long	.Ltmp44-.Lfunc_begin2
	.short	2                               @ Loc expr size
	.byte	125                             @ DW_OP_breg13
	.byte	4                               @ 4
	.long	.Ltmp44-.Lfunc_begin2
	.long	.Ltmp56-.Lfunc_begin2
	.short	2                               @ Loc expr size
	.byte	48                              @ DW_OP_lit0
	.byte	159                             @ DW_OP_stack_value
	.long	.Ltmp56-.Lfunc_begin2
	.long	.Ltmp59-.Lfunc_begin2
	.short	2                               @ Loc expr size
	.byte	125                             @ DW_OP_breg13
	.byte	4                               @ 4
	.long	0
	.long	0
.Ldebug_loc14:
	.long	-1
	.long	.Lfunc_begin3                   @   base address
	.long	.Lfunc_begin3-.Lfunc_begin3
	.long	.Ltmp63-.Lfunc_begin3
	.short	1                               @ Loc expr size
	.byte	80                              @ DW_OP_reg0
	.long	.Ltmp63-.Lfunc_begin3
	.long	.Ltmp66-.Lfunc_begin3
	.short	1                               @ Loc expr size
	.byte	84                              @ DW_OP_reg4
	.long	.Ltmp69-.Lfunc_begin3
	.long	.Ltmp70-.Lfunc_begin3
	.short	4                               @ Loc expr size
	.byte	243                             @ DW_OP_GNU_entry_value
	.byte	1                               @ 1
	.byte	80                              @ DW_OP_reg0
	.byte	159                             @ DW_OP_stack_value
	.long	0
	.long	0
.Ldebug_loc15:
	.long	-1
	.long	.Lfunc_begin3                   @   base address
	.long	.Lfunc_begin3-.Lfunc_begin3
	.long	.Ltmp62-.Lfunc_begin3
	.short	1                               @ Loc expr size
	.byte	81                              @ DW_OP_reg1
	.long	.Ltmp62-.Lfunc_begin3
	.long	.Ltmp80-.Lfunc_begin3
	.short	1                               @ Loc expr size
	.byte	86                              @ DW_OP_reg6
	.long	0
	.long	0
.Ldebug_loc16:
	.long	-1
	.long	.Lfunc_begin3                   @   base address
	.long	.Lfunc_begin3-.Lfunc_begin3
	.long	.Ltmp61-.Lfunc_begin3
	.short	1                               @ Loc expr size
	.byte	82                              @ DW_OP_reg2
	.long	.Ltmp61-.Lfunc_begin3
	.long	.Ltmp66-.Lfunc_begin3
	.short	1                               @ Loc expr size
	.byte	85                              @ DW_OP_reg5
	.long	.Ltmp68-.Lfunc_begin3
	.long	.Ltmp79-.Lfunc_begin3
	.short	1                               @ Loc expr size
	.byte	85                              @ DW_OP_reg5
	.long	0
	.long	0
.Ldebug_loc17:
	.long	-1
	.long	.Lfunc_begin3                   @   base address
	.long	.Ltmp66-.Lfunc_begin3
	.long	.Ltmp74-.Lfunc_begin3
	.short	1                               @ Loc expr size
	.byte	84                              @ DW_OP_reg4
	.long	.Ltmp75-.Lfunc_begin3
	.long	.Ltmp79-.Lfunc_begin3
	.short	1                               @ Loc expr size
	.byte	84                              @ DW_OP_reg4
	.long	0
	.long	0
.Ldebug_loc18:
	.long	-1
	.long	.Lfunc_begin3                   @   base address
	.long	.Ltmp70-.Lfunc_begin3
	.long	.Ltmp75-.Lfunc_begin3
	.short	9                               @ Loc expr size
	.byte	113                             @ DW_OP_breg1
	.byte	0                               @ 0
	.byte	17                              @ DW_OP_consts
	.byte	8                               @ 8
	.byte	28                              @ DW_OP_minus
	.byte	17                              @ DW_OP_consts
	.byte	127                             @ -1
	.byte	27                              @ DW_OP_div
	.byte	159                             @ DW_OP_stack_value
	.long	.Ltmp75-.Lfunc_begin3
	.long	.Ltmp76-.Lfunc_begin3
	.short	12                              @ Loc expr size
	.byte	113                             @ DW_OP_breg1
	.byte	0                               @ 0
	.byte	17                              @ DW_OP_consts
	.byte	8                               @ 8
	.byte	28                              @ DW_OP_minus
	.byte	17                              @ DW_OP_consts
	.byte	127                             @ -1
	.byte	27                              @ DW_OP_div
	.byte	17                              @ DW_OP_consts
	.byte	1                               @ 1
	.byte	34                              @ DW_OP_plus
	.byte	159                             @ DW_OP_stack_value
	.long	0
	.long	0
.Ldebug_loc19:
	.long	-1
	.long	.Lfunc_begin4                   @   base address
	.long	.Lfunc_begin4-.Lfunc_begin4
	.long	.Ltmp81-.Lfunc_begin4
	.short	1                               @ Loc expr size
	.byte	80                              @ DW_OP_reg0
	.long	.Ltmp83-.Lfunc_begin4
	.long	.Ltmp84-.Lfunc_begin4
	.short	4                               @ Loc expr size
	.byte	243                             @ DW_OP_GNU_entry_value
	.byte	1                               @ 1
	.byte	80                              @ DW_OP_reg0
	.byte	159                             @ DW_OP_stack_value
	.long	.Ltmp89-.Lfunc_begin4
	.long	.Lfunc_end4-.Lfunc_begin4
	.short	4                               @ Loc expr size
	.byte	243                             @ DW_OP_GNU_entry_value
	.byte	1                               @ 1
	.byte	80                              @ DW_OP_reg0
	.byte	159                             @ DW_OP_stack_value
	.long	0
	.long	0
.Ldebug_loc20:
	.long	-1
	.long	.Lfunc_begin4                   @   base address
	.long	.Lfunc_begin4-.Lfunc_begin4
	.long	.Ltmp88-.Lfunc_begin4
	.short	1                               @ Loc expr size
	.byte	81                              @ DW_OP_reg1
	.long	.Ltmp88-.Lfunc_begin4
	.long	.Lfunc_end4-.Lfunc_begin4
	.short	4                               @ Loc expr size
	.byte	243                             @ DW_OP_GNU_entry_value
	.byte	1                               @ 1
	.byte	81                              @ DW_OP_reg1
	.byte	159                             @ DW_OP_stack_value
	.long	0
	.long	0
.Ldebug_loc21:
	.long	-1
	.long	.Lfunc_begin4                   @   base address
	.long	.Lfunc_begin4-.Lfunc_begin4
	.long	.Ltmp81-.Lfunc_begin4
	.short	1                               @ Loc expr size
	.byte	82                              @ DW_OP_reg2
	.long	.Ltmp81-.Lfunc_begin4
	.long	.Lfunc_end4-.Lfunc_begin4
	.short	4                               @ Loc expr size
	.byte	243                             @ DW_OP_GNU_entry_value
	.byte	1                               @ 1
	.byte	82                              @ DW_OP_reg2
	.byte	159                             @ DW_OP_stack_value
	.long	0
	.long	0
.Ldebug_loc22:
	.long	-1
	.long	.Lfunc_begin4                   @   base address
	.long	.Ltmp81-.Lfunc_begin4
	.long	.Ltmp89-.Lfunc_begin4
	.short	1                               @ Loc expr size
	.byte	80                              @ DW_OP_reg0
	.long	0
	.long	0
.Ldebug_loc23:
	.long	-1
	.long	.Lfunc_begin5                   @   base address
	.long	.Lfunc_begin5-.Lfunc_begin5
	.long	.Ltmp92-.Lfunc_begin5
	.short	1                               @ Loc expr size
	.byte	80                              @ DW_OP_reg0
	.long	.Ltmp92-.Lfunc_begin5
	.long	.Ltmp100-.Lfunc_begin5
	.short	1                               @ Loc expr size
	.byte	81                              @ DW_OP_reg1
	.long	0
	.long	0
.Ldebug_loc24:
	.long	-1
	.long	.Lfunc_begin5                   @   base address
	.long	.Lfunc_begin5-.Lfunc_begin5
	.long	.Ltmp91-.Lfunc_begin5
	.short	1                               @ Loc expr size
	.byte	81                              @ DW_OP_reg1
	.long	.Ltmp91-.Lfunc_begin5
	.long	.Ltmp100-.Lfunc_begin5
	.short	1                               @ Loc expr size
	.byte	82                              @ DW_OP_reg2
	.long	0
	.long	0
.Ldebug_loc25:
	.long	-1
	.long	.Lfunc_begin5                   @   base address
	.long	.Ltmp92-.Lfunc_begin5
	.long	.Ltmp94-.Lfunc_begin5
	.short	2                               @ Loc expr size
	.byte	48                              @ DW_OP_lit0
	.byte	159                             @ DW_OP_stack_value
	.long	.Ltmp94-.Lfunc_begin5
	.long	.Ltmp99-.Lfunc_begin5
	.short	1                               @ Loc expr size
	.byte	84                              @ DW_OP_reg4
	.long	0
	.long	0
.Ldebug_loc26:
	.long	-1
	.long	.Lfunc_begin5                   @   base address
	.long	.Ltmp93-.Lfunc_begin5
	.long	.Ltmp100-.Lfunc_begin5
	.short	1                               @ Loc expr size
	.byte	83                              @ DW_OP_reg3
	.long	0
	.long	0
.Ldebug_loc27:
	.long	-1
	.long	.Lfunc_begin5                   @   base address
	.long	.Ltmp96-.Lfunc_begin5
	.long	.Ltmp99-.Lfunc_begin5
	.short	1                               @ Loc expr size
	.byte	85                              @ DW_OP_reg5
	.long	0
	.long	0
.Ldebug_loc28:
	.long	-1
	.long	.Lfunc_begin6                   @   base address
	.long	.Lfunc_begin6-.Lfunc_begin6
	.long	.Ltmp103-.Lfunc_begin6
	.short	1                               @ Loc expr size
	.byte	80                              @ DW_OP_reg0
	.long	.Ltmp103-.Lfunc_begin6
	.long	.Ltmp115-.Lfunc_begin6
	.short	1                               @ Loc expr size
	.byte	85                              @ DW_OP_reg5
	.long	.Ltmp115-.Lfunc_begin6
	.long	.Ltmp118-.Lfunc_begin6
	.short	1                               @ Loc expr size
	.byte	80                              @ DW_OP_reg0
	.long	.Ltmp118-.Lfunc_begin6
	.long	.Ltmp121-.Lfunc_begin6
	.short	1                               @ Loc expr size
	.byte	85                              @ DW_OP_reg5
	.long	0
	.long	0
.Ldebug_loc29:
	.long	-1
	.long	.Lfunc_begin6                   @   base address
	.long	.Lfunc_begin6-.Lfunc_begin6
	.long	.Ltmp102-.Lfunc_begin6
	.short	1                               @ Loc expr size
	.byte	81                              @ DW_OP_reg1
	.long	.Ltmp102-.Lfunc_begin6
	.long	.Ltmp104-.Lfunc_begin6
	.short	1                               @ Loc expr size
	.byte	84                              @ DW_OP_reg4
	.long	.Ltmp104-.Lfunc_begin6
	.long	.Ltmp105-.Lfunc_begin6
	.short	3                               @ Loc expr size
	.byte	116                             @ DW_OP_breg4
	.byte	1                               @ 1
	.byte	159                             @ DW_OP_stack_value
	.long	.Ltmp107-.Lfunc_begin6
	.long	.Ltmp112-.Lfunc_begin6
	.short	1                               @ Loc expr size
	.byte	84                              @ DW_OP_reg4
	.long	0
	.long	0
.Ldebug_loc30:
	.long	-1
	.long	.Lfunc_begin6                   @   base address
	.long	.Ltmp103-.Lfunc_begin6
	.long	.Ltmp113-.Lfunc_begin6
	.short	2                               @ Loc expr size
	.byte	48                              @ DW_OP_lit0
	.byte	159                             @ DW_OP_stack_value
	.long	.Ltmp113-.Lfunc_begin6
	.long	.Ltmp126-.Lfunc_begin6
	.short	1                               @ Loc expr size
	.byte	87                              @ DW_OP_reg7
	.long	0
	.long	0
.Ldebug_loc31:
	.long	-1
	.long	.Lfunc_begin6                   @   base address
	.long	.Ltmp103-.Lfunc_begin6
	.long	.Ltmp104-.Lfunc_begin6
	.short	3                               @ Loc expr size
	.byte	17                              @ DW_OP_consts
	.byte	0                               @ 0
	.byte	159                             @ DW_OP_stack_value
	.long	.Ltmp104-.Lfunc_begin6
	.long	.Ltmp107-.Lfunc_begin6
	.short	3                               @ Loc expr size
	.byte	17                              @ DW_OP_consts
	.byte	0                               @ 0
	.byte	159                             @ DW_OP_stack_value
	.long	.Ltmp107-.Lfunc_begin6
	.long	.Ltmp109-.Lfunc_begin6
	.short	3                               @ Loc expr size
	.byte	17                              @ DW_OP_consts
	.byte	0                               @ 0
	.byte	159                             @ DW_OP_stack_value
	.long	.Ltmp109-.Lfunc_begin6
	.long	.Ltmp112-.Lfunc_begin6
	.short	3                               @ Loc expr size
	.byte	17                              @ DW_OP_consts
	.byte	1                               @ 1
	.byte	159                             @ DW_OP_stack_value
	.long	0
	.long	0
.Ldebug_loc32:
	.long	-1
	.long	.Lfunc_begin7                   @   base address
	.long	.Lfunc_begin7-.Lfunc_begin7
	.long	.Ltmp132-.Lfunc_begin7
	.short	1                               @ Loc expr size
	.byte	80                              @ DW_OP_reg0
	.long	.Ltmp132-.Lfunc_begin7
	.long	.Ltmp136-.Lfunc_begin7
	.short	4                               @ Loc expr size
	.byte	243                             @ DW_OP_GNU_entry_value
	.byte	1                               @ 1
	.byte	80                              @ DW_OP_reg0
	.byte	159                             @ DW_OP_stack_value
	.long	.Ltmp136-.Lfunc_begin7
	.long	.Ltmp138-.Lfunc_begin7
	.short	1                               @ Loc expr size
	.byte	80                              @ DW_OP_reg0
	.long	0
	.long	0
.Ldebug_loc33:
	.long	-1
	.long	.Lfunc_begin7                   @   base address
	.long	.Lfunc_begin7-.Lfunc_begin7
	.long	.Ltmp135-.Lfunc_begin7
	.short	1                               @ Loc expr size
	.byte	81                              @ DW_OP_reg1
	.long	.Ltmp135-.Lfunc_begin7
	.long	.Ltmp136-.Lfunc_begin7
	.short	4                               @ Loc expr size
	.byte	243                             @ DW_OP_GNU_entry_value
	.byte	1                               @ 1
	.byte	81                              @ DW_OP_reg1
	.byte	159                             @ DW_OP_stack_value
	.long	.Ltmp136-.Lfunc_begin7
	.long	.Ltmp138-.Lfunc_begin7
	.short	1                               @ Loc expr size
	.byte	81                              @ DW_OP_reg1
	.long	0
	.long	0
.Ldebug_loc34:
	.long	-1
	.long	.Lfunc_begin7                   @   base address
	.long	.Ltmp129-.Lfunc_begin7
	.long	.Ltmp131-.Lfunc_begin7
	.short	3                               @ Loc expr size
	.byte	115                             @ DW_OP_breg3
	.byte	0                               @ 0
	.byte	159                             @ DW_OP_stack_value
	.long	.Ltmp136-.Lfunc_begin7
	.long	.Ltmp137-.Lfunc_begin7
	.short	3                               @ Loc expr size
	.byte	115                             @ DW_OP_breg3
	.byte	0                               @ 0
	.byte	159                             @ DW_OP_stack_value
	.long	0
	.long	0
.Ldebug_loc35:
	.long	-1
	.long	.Lfunc_begin7                   @   base address
	.long	.Ltmp138-.Lfunc_begin7
	.long	.Lfunc_end7-.Lfunc_begin7
	.short	1                               @ Loc expr size
	.byte	82                              @ DW_OP_reg2
	.long	0
	.long	0
	.section	.debug_abbrev,"",%progbits
	.byte	1                               @ Abbreviation Code
	.byte	17                              @ DW_TAG_compile_unit
	.byte	1                               @ DW_CHILDREN_yes
	.byte	37                              @ DW_AT_producer
	.byte	14                              @ DW_FORM_strp
	.byte	19                              @ DW_AT_language
	.byte	5                               @ DW_FORM_data2
	.byte	3                               @ DW_AT_name
	.byte	14                              @ DW_FORM_strp
	.byte	16                              @ DW_AT_stmt_list
	.byte	23                              @ DW_FORM_sec_offset
	.byte	27                              @ DW_AT_comp_dir
	.byte	14                              @ DW_FORM_strp
	.byte	17                              @ DW_AT_low_pc
	.byte	1                               @ DW_FORM_addr
	.byte	85                              @ DW_AT_ranges
	.byte	23                              @ DW_FORM_sec_offset
	.byte	0                               @ EOM(1)
	.byte	0                               @ EOM(2)
	.byte	2                               @ Abbreviation Code
	.byte	4                               @ DW_TAG_enumeration_type
	.byte	1                               @ DW_CHILDREN_yes
	.byte	73                              @ DW_AT_type
	.byte	19                              @ DW_FORM_ref4
	.byte	11                              @ DW_AT_byte_size
	.byte	11                              @ DW_FORM_data1
	.byte	58                              @ DW_AT_decl_file
	.byte	11                              @ DW_FORM_data1
	.byte	59                              @ DW_AT_decl_line
	.byte	11                              @ DW_FORM_data1
	.byte	0                               @ EOM(1)
	.byte	0                               @ EOM(2)
	.byte	3                               @ Abbreviation Code
	.byte	40                              @ DW_TAG_enumerator
	.byte	0                               @ DW_CHILDREN_no
	.byte	3                               @ DW_AT_name
	.byte	14                              @ DW_FORM_strp
	.byte	28                              @ DW_AT_const_value
	.byte	15                              @ DW_FORM_udata
	.byte	0                               @ EOM(1)
	.byte	0                               @ EOM(2)
	.byte	4                               @ Abbreviation Code
	.byte	36                              @ DW_TAG_base_type
	.byte	0                               @ DW_CHILDREN_no
	.byte	3                               @ DW_AT_name
	.byte	14                              @ DW_FORM_strp
	.byte	62                              @ DW_AT_encoding
	.byte	11                              @ DW_FORM_data1
	.byte	11                              @ DW_AT_byte_size
	.byte	11                              @ DW_FORM_data1
	.byte	0                               @ EOM(1)
	.byte	0                               @ EOM(2)
	.byte	5                               @ Abbreviation Code
	.byte	15                              @ DW_TAG_pointer_type
	.byte	0                               @ DW_CHILDREN_no
	.byte	0                               @ EOM(1)
	.byte	0                               @ EOM(2)
	.byte	6                               @ Abbreviation Code
	.byte	22                              @ DW_TAG_typedef
	.byte	0                               @ DW_CHILDREN_no
	.byte	73                              @ DW_AT_type
	.byte	19                              @ DW_FORM_ref4
	.byte	3                               @ DW_AT_name
	.byte	14                              @ DW_FORM_strp
	.byte	58                              @ DW_AT_decl_file
	.byte	11                              @ DW_FORM_data1
	.byte	59                              @ DW_AT_decl_line
	.byte	11                              @ DW_FORM_data1
	.byte	0                               @ EOM(1)
	.byte	0                               @ EOM(2)
	.byte	7                               @ Abbreviation Code
	.byte	15                              @ DW_TAG_pointer_type
	.byte	0                               @ DW_CHILDREN_no
	.byte	73                              @ DW_AT_type
	.byte	19                              @ DW_FORM_ref4
	.byte	0                               @ EOM(1)
	.byte	0                               @ EOM(2)
	.byte	8                               @ Abbreviation Code
	.byte	46                              @ DW_TAG_subprogram
	.byte	1                               @ DW_CHILDREN_yes
	.byte	17                              @ DW_AT_low_pc
	.byte	1                               @ DW_FORM_addr
	.byte	18                              @ DW_AT_high_pc
	.byte	6                               @ DW_FORM_data4
	.byte	64                              @ DW_AT_frame_base
	.byte	24                              @ DW_FORM_exprloc
	.ascii	"\227B"                         @ DW_AT_GNU_all_call_sites
	.byte	25                              @ DW_FORM_flag_present
	.byte	3                               @ DW_AT_name
	.byte	14                              @ DW_FORM_strp
	.byte	58                              @ DW_AT_decl_file
	.byte	11                              @ DW_FORM_data1
	.byte	59                              @ DW_AT_decl_line
	.byte	11                              @ DW_FORM_data1
	.byte	39                              @ DW_AT_prototyped
	.byte	25                              @ DW_FORM_flag_present
	.byte	73                              @ DW_AT_type
	.byte	19                              @ DW_FORM_ref4
	.byte	63                              @ DW_AT_external
	.byte	25                              @ DW_FORM_flag_present
	.byte	0                               @ EOM(1)
	.byte	0                               @ EOM(2)
	.byte	9                               @ Abbreviation Code
	.byte	5                               @ DW_TAG_formal_parameter
	.byte	0                               @ DW_CHILDREN_no
	.byte	2                               @ DW_AT_location
	.byte	23                              @ DW_FORM_sec_offset
	.byte	3                               @ DW_AT_name
	.byte	14                              @ DW_FORM_strp
	.byte	58                              @ DW_AT_decl_file
	.byte	11                              @ DW_FORM_data1
	.byte	59                              @ DW_AT_decl_line
	.byte	11                              @ DW_FORM_data1
	.byte	73                              @ DW_AT_type
	.byte	19                              @ DW_FORM_ref4
	.byte	0                               @ EOM(1)
	.byte	0                               @ EOM(2)
	.byte	10                              @ Abbreviation Code
	.byte	52                              @ DW_TAG_variable
	.byte	0                               @ DW_CHILDREN_no
	.byte	2                               @ DW_AT_location
	.byte	23                              @ DW_FORM_sec_offset
	.byte	3                               @ DW_AT_name
	.byte	14                              @ DW_FORM_strp
	.byte	58                              @ DW_AT_decl_file
	.byte	11                              @ DW_FORM_data1
	.byte	59                              @ DW_AT_decl_line
	.byte	11                              @ DW_FORM_data1
	.byte	73                              @ DW_AT_type
	.byte	19                              @ DW_FORM_ref4
	.byte	0                               @ EOM(1)
	.byte	0                               @ EOM(2)
	.byte	11                              @ Abbreviation Code
	.byte	52                              @ DW_TAG_variable
	.byte	0                               @ DW_CHILDREN_no
	.byte	3                               @ DW_AT_name
	.byte	14                              @ DW_FORM_strp
	.byte	58                              @ DW_AT_decl_file
	.byte	11                              @ DW_FORM_data1
	.byte	59                              @ DW_AT_decl_line
	.byte	11                              @ DW_FORM_data1
	.byte	73                              @ DW_AT_type
	.byte	19                              @ DW_FORM_ref4
	.byte	0                               @ EOM(1)
	.byte	0                               @ EOM(2)
	.byte	12                              @ Abbreviation Code
	.byte	11                              @ DW_TAG_lexical_block
	.byte	1                               @ DW_CHILDREN_yes
	.byte	85                              @ DW_AT_ranges
	.byte	23                              @ DW_FORM_sec_offset
	.byte	0                               @ EOM(1)
	.byte	0                               @ EOM(2)
	.byte	13                              @ Abbreviation Code
	.byte	52                              @ DW_TAG_variable
	.byte	0                               @ DW_CHILDREN_no
	.byte	2                               @ DW_AT_location
	.byte	24                              @ DW_FORM_exprloc
	.byte	3                               @ DW_AT_name
	.byte	14                              @ DW_FORM_strp
	.byte	58                              @ DW_AT_decl_file
	.byte	11                              @ DW_FORM_data1
	.byte	59                              @ DW_AT_decl_line
	.byte	11                              @ DW_FORM_data1
	.byte	73                              @ DW_AT_type
	.byte	19                              @ DW_FORM_ref4
	.byte	0                               @ EOM(1)
	.byte	0                               @ EOM(2)
	.byte	14                              @ Abbreviation Code
	.byte	11                              @ DW_TAG_lexical_block
	.byte	1                               @ DW_CHILDREN_yes
	.byte	17                              @ DW_AT_low_pc
	.byte	1                               @ DW_FORM_addr
	.byte	18                              @ DW_AT_high_pc
	.byte	6                               @ DW_FORM_data4
	.byte	0                               @ EOM(1)
	.byte	0                               @ EOM(2)
	.byte	15                              @ Abbreviation Code
	.byte	46                              @ DW_TAG_subprogram
	.byte	1                               @ DW_CHILDREN_yes
	.byte	17                              @ DW_AT_low_pc
	.byte	1                               @ DW_FORM_addr
	.byte	18                              @ DW_AT_high_pc
	.byte	6                               @ DW_FORM_data4
	.byte	64                              @ DW_AT_frame_base
	.byte	24                              @ DW_FORM_exprloc
	.ascii	"\227B"                         @ DW_AT_GNU_all_call_sites
	.byte	25                              @ DW_FORM_flag_present
	.byte	3                               @ DW_AT_name
	.byte	14                              @ DW_FORM_strp
	.byte	58                              @ DW_AT_decl_file
	.byte	11                              @ DW_FORM_data1
	.byte	59                              @ DW_AT_decl_line
	.byte	5                               @ DW_FORM_data2
	.byte	39                              @ DW_AT_prototyped
	.byte	25                              @ DW_FORM_flag_present
	.byte	63                              @ DW_AT_external
	.byte	25                              @ DW_FORM_flag_present
	.byte	0                               @ EOM(1)
	.byte	0                               @ EOM(2)
	.byte	16                              @ Abbreviation Code
	.byte	5                               @ DW_TAG_formal_parameter
	.byte	0                               @ DW_CHILDREN_no
	.byte	2                               @ DW_AT_location
	.byte	23                              @ DW_FORM_sec_offset
	.byte	3                               @ DW_AT_name
	.byte	14                              @ DW_FORM_strp
	.byte	58                              @ DW_AT_decl_file
	.byte	11                              @ DW_FORM_data1
	.byte	59                              @ DW_AT_decl_line
	.byte	5                               @ DW_FORM_data2
	.byte	73                              @ DW_AT_type
	.byte	19                              @ DW_FORM_ref4
	.byte	0                               @ EOM(1)
	.byte	0                               @ EOM(2)
	.byte	17                              @ Abbreviation Code
	.byte	52                              @ DW_TAG_variable
	.byte	0                               @ DW_CHILDREN_no
	.byte	2                               @ DW_AT_location
	.byte	24                              @ DW_FORM_exprloc
	.byte	3                               @ DW_AT_name
	.byte	14                              @ DW_FORM_strp
	.byte	58                              @ DW_AT_decl_file
	.byte	11                              @ DW_FORM_data1
	.byte	59                              @ DW_AT_decl_line
	.byte	5                               @ DW_FORM_data2
	.byte	73                              @ DW_AT_type
	.byte	19                              @ DW_FORM_ref4
	.byte	0                               @ EOM(1)
	.byte	0                               @ EOM(2)
	.byte	18                              @ Abbreviation Code
	.byte	52                              @ DW_TAG_variable
	.byte	0                               @ DW_CHILDREN_no
	.byte	2                               @ DW_AT_location
	.byte	23                              @ DW_FORM_sec_offset
	.byte	3                               @ DW_AT_name
	.byte	14                              @ DW_FORM_strp
	.byte	58                              @ DW_AT_decl_file
	.byte	11                              @ DW_FORM_data1
	.byte	59                              @ DW_AT_decl_line
	.byte	5                               @ DW_FORM_data2
	.byte	73                              @ DW_AT_type
	.byte	19                              @ DW_FORM_ref4
	.byte	0                               @ EOM(1)
	.byte	0                               @ EOM(2)
	.byte	19                              @ Abbreviation Code
	.byte	46                              @ DW_TAG_subprogram
	.byte	1                               @ DW_CHILDREN_yes
	.byte	17                              @ DW_AT_low_pc
	.byte	1                               @ DW_FORM_addr
	.byte	18                              @ DW_AT_high_pc
	.byte	6                               @ DW_FORM_data4
	.byte	64                              @ DW_AT_frame_base
	.byte	24                              @ DW_FORM_exprloc
	.ascii	"\227B"                         @ DW_AT_GNU_all_call_sites
	.byte	25                              @ DW_FORM_flag_present
	.byte	3                               @ DW_AT_name
	.byte	14                              @ DW_FORM_strp
	.byte	58                              @ DW_AT_decl_file
	.byte	11                              @ DW_FORM_data1
	.byte	59                              @ DW_AT_decl_line
	.byte	5                               @ DW_FORM_data2
	.byte	39                              @ DW_AT_prototyped
	.byte	25                              @ DW_FORM_flag_present
	.byte	73                              @ DW_AT_type
	.byte	19                              @ DW_FORM_ref4
	.byte	63                              @ DW_AT_external
	.byte	25                              @ DW_FORM_flag_present
	.byte	0                               @ EOM(1)
	.byte	0                               @ EOM(2)
	.byte	20                              @ Abbreviation Code
	.byte	52                              @ DW_TAG_variable
	.byte	0                               @ DW_CHILDREN_no
	.byte	3                               @ DW_AT_name
	.byte	14                              @ DW_FORM_strp
	.byte	58                              @ DW_AT_decl_file
	.byte	11                              @ DW_FORM_data1
	.byte	59                              @ DW_AT_decl_line
	.byte	5                               @ DW_FORM_data2
	.byte	73                              @ DW_AT_type
	.byte	19                              @ DW_FORM_ref4
	.byte	0                               @ EOM(1)
	.byte	0                               @ EOM(2)
	.byte	21                              @ Abbreviation Code
	.byte	38                              @ DW_TAG_const_type
	.byte	0                               @ DW_CHILDREN_no
	.byte	73                              @ DW_AT_type
	.byte	19                              @ DW_FORM_ref4
	.byte	0                               @ EOM(1)
	.byte	0                               @ EOM(2)
	.byte	22                              @ Abbreviation Code
	.byte	1                               @ DW_TAG_array_type
	.byte	1                               @ DW_CHILDREN_yes
	.byte	73                              @ DW_AT_type
	.byte	19                              @ DW_FORM_ref4
	.byte	0                               @ EOM(1)
	.byte	0                               @ EOM(2)
	.byte	23                              @ Abbreviation Code
	.byte	33                              @ DW_TAG_subrange_type
	.byte	0                               @ DW_CHILDREN_no
	.byte	73                              @ DW_AT_type
	.byte	19                              @ DW_FORM_ref4
	.byte	55                              @ DW_AT_count
	.byte	11                              @ DW_FORM_data1
	.byte	0                               @ EOM(1)
	.byte	0                               @ EOM(2)
	.byte	24                              @ Abbreviation Code
	.byte	36                              @ DW_TAG_base_type
	.byte	0                               @ DW_CHILDREN_no
	.byte	3                               @ DW_AT_name
	.byte	14                              @ DW_FORM_strp
	.byte	11                              @ DW_AT_byte_size
	.byte	11                              @ DW_FORM_data1
	.byte	62                              @ DW_AT_encoding
	.byte	11                              @ DW_FORM_data1
	.byte	0                               @ EOM(1)
	.byte	0                               @ EOM(2)
	.byte	0                               @ EOM(3)
	.section	.debug_info,"",%progbits
.Lcu_begin0:
	.long	.Ldebug_info_end0-.Ldebug_info_start0 @ Length of Unit
.Ldebug_info_start0:
	.short	4                               @ DWARF version number
	.long	.debug_abbrev                   @ Offset Into Abbrev. Section
	.byte	4                               @ Address Size (in bytes)
	.byte	1                               @ Abbrev [1] 0xb:0x459 DW_TAG_compile_unit
	.long	.Linfo_string0                  @ DW_AT_producer
	.short	12                              @ DW_AT_language
	.long	.Linfo_string1                  @ DW_AT_name
	.long	.Lline_table_start0             @ DW_AT_stmt_list
	.long	.Linfo_string2                  @ DW_AT_comp_dir
	.long	0                               @ DW_AT_low_pc
	.long	.Ldebug_ranges1                 @ DW_AT_ranges
	.byte	2                               @ Abbrev [2] 0x26:0x15 DW_TAG_enumeration_type
	.long	59                              @ DW_AT_type
	.byte	1                               @ DW_AT_byte_size
	.byte	1                               @ DW_AT_decl_file
	.byte	51                              @ DW_AT_decl_line
	.byte	3                               @ Abbrev [3] 0x2e:0x6 DW_TAG_enumerator
	.long	.Linfo_string4                  @ DW_AT_name
	.byte	0                               @ DW_AT_const_value
	.byte	3                               @ Abbrev [3] 0x34:0x6 DW_TAG_enumerator
	.long	.Linfo_string5                  @ DW_AT_name
	.byte	1                               @ DW_AT_const_value
	.byte	0                               @ End Of Children Mark
	.byte	4                               @ Abbrev [4] 0x3b:0x7 DW_TAG_base_type
	.long	.Linfo_string3                  @ DW_AT_name
	.byte	8                               @ DW_AT_encoding
	.byte	1                               @ DW_AT_byte_size
	.byte	5                               @ Abbrev [5] 0x42:0x1 DW_TAG_pointer_type
	.byte	6                               @ Abbrev [6] 0x43:0xb DW_TAG_typedef
	.long	59                              @ DW_AT_type
	.long	.Linfo_string6                  @ DW_AT_name
	.byte	2                               @ DW_AT_decl_file
	.byte	62                              @ DW_AT_decl_line
	.byte	7                               @ Abbrev [7] 0x4e:0x5 DW_TAG_pointer_type
	.long	67                              @ DW_AT_type
	.byte	6                               @ Abbrev [6] 0x53:0xb DW_TAG_typedef
	.long	94                              @ DW_AT_type
	.long	.Linfo_string8                  @ DW_AT_name
	.byte	2                               @ DW_AT_decl_file
	.byte	64                              @ DW_AT_decl_line
	.byte	4                               @ Abbrev [4] 0x5e:0x7 DW_TAG_base_type
	.long	.Linfo_string7                  @ DW_AT_name
	.byte	7                               @ DW_AT_encoding
	.byte	4                               @ DW_AT_byte_size
	.byte	8                               @ Abbrev [8] 0x65:0x81 DW_TAG_subprogram
	.long	.Lfunc_begin0                   @ DW_AT_low_pc
	.long	.Lfunc_end0-.Lfunc_begin0       @ DW_AT_high_pc
	.byte	1                               @ DW_AT_frame_base
	.byte	93
                                        @ DW_AT_GNU_all_call_sites
	.long	.Linfo_string9                  @ DW_AT_name
	.byte	3                               @ DW_AT_decl_file
	.byte	35                              @ DW_AT_decl_line
                                        @ DW_AT_prototyped
	.long	1024                            @ DW_AT_type
                                        @ DW_AT_external
	.byte	9                               @ Abbrev [9] 0x7a:0xf DW_TAG_formal_parameter
	.long	.Ldebug_loc0                    @ DW_AT_location
	.long	.Linfo_string21                 @ DW_AT_name
	.byte	3                               @ DW_AT_decl_file
	.byte	35                              @ DW_AT_decl_line
	.long	1060                            @ DW_AT_type
	.byte	9                               @ Abbrev [9] 0x89:0xf DW_TAG_formal_parameter
	.long	.Ldebug_loc1                    @ DW_AT_location
	.long	.Linfo_string22                 @ DW_AT_name
	.byte	3                               @ DW_AT_decl_file
	.byte	35                              @ DW_AT_decl_line
	.long	1042                            @ DW_AT_type
	.byte	10                              @ Abbrev [10] 0x98:0xf DW_TAG_variable
	.long	.Ldebug_loc3                    @ DW_AT_location
	.long	.Linfo_string24                 @ DW_AT_name
	.byte	3                               @ DW_AT_decl_file
	.byte	37                              @ DW_AT_decl_line
	.long	1024                            @ DW_AT_type
	.byte	10                              @ Abbrev [10] 0xa7:0xf DW_TAG_variable
	.long	.Ldebug_loc4                    @ DW_AT_location
	.long	.Linfo_string25                 @ DW_AT_name
	.byte	3                               @ DW_AT_decl_file
	.byte	37                              @ DW_AT_decl_line
	.long	1024                            @ DW_AT_type
	.byte	10                              @ Abbrev [10] 0xb6:0xf DW_TAG_variable
	.long	.Ldebug_loc5                    @ DW_AT_location
	.long	.Linfo_string26                 @ DW_AT_name
	.byte	3                               @ DW_AT_decl_file
	.byte	38                              @ DW_AT_decl_line
	.long	1065                            @ DW_AT_type
	.byte	11                              @ Abbrev [11] 0xc5:0xb DW_TAG_variable
	.long	.Linfo_string29                 @ DW_AT_name
	.byte	3                               @ DW_AT_decl_file
	.byte	37                              @ DW_AT_decl_line
	.long	1024                            @ DW_AT_type
	.byte	12                              @ Abbrev [12] 0xd0:0x15 DW_TAG_lexical_block
	.long	.Ldebug_ranges0                 @ DW_AT_ranges
	.byte	10                              @ Abbrev [10] 0xd5:0xf DW_TAG_variable
	.long	.Ldebug_loc2                    @ DW_AT_location
	.long	.Linfo_string23                 @ DW_AT_name
	.byte	3                               @ DW_AT_decl_file
	.byte	43                              @ DW_AT_decl_line
	.long	1042                            @ DW_AT_type
	.byte	0                               @ End Of Children Mark
	.byte	0                               @ End Of Children Mark
	.byte	8                               @ Abbrev [8] 0xe6:0x79 DW_TAG_subprogram
	.long	.Lfunc_begin1                   @ DW_AT_low_pc
	.long	.Lfunc_end1-.Lfunc_begin1       @ DW_AT_high_pc
	.byte	1                               @ DW_AT_frame_base
	.byte	93
                                        @ DW_AT_GNU_all_call_sites
	.long	.Linfo_string12                 @ DW_AT_name
	.byte	3                               @ DW_AT_decl_file
	.byte	155                             @ DW_AT_decl_line
                                        @ DW_AT_prototyped
	.long	83                              @ DW_AT_type
                                        @ DW_AT_external
	.byte	9                               @ Abbrev [9] 0xfb:0xf DW_TAG_formal_parameter
	.long	.Ldebug_loc6                    @ DW_AT_location
	.long	.Linfo_string31                 @ DW_AT_name
	.byte	3                               @ DW_AT_decl_file
	.byte	155                             @ DW_AT_decl_line
	.long	83                              @ DW_AT_type
	.byte	9                               @ Abbrev [9] 0x10a:0xf DW_TAG_formal_parameter
	.long	.Ldebug_loc7                    @ DW_AT_location
	.long	.Linfo_string21                 @ DW_AT_name
	.byte	3                               @ DW_AT_decl_file
	.byte	155                             @ DW_AT_decl_line
	.long	1083                            @ DW_AT_type
	.byte	9                               @ Abbrev [9] 0x119:0xf DW_TAG_formal_parameter
	.long	.Ldebug_loc8                    @ DW_AT_location
	.long	.Linfo_string22                 @ DW_AT_name
	.byte	3                               @ DW_AT_decl_file
	.byte	155                             @ DW_AT_decl_line
	.long	83                              @ DW_AT_type
	.byte	13                              @ Abbrev [13] 0x128:0xe DW_TAG_variable
	.byte	2                               @ DW_AT_location
	.byte	145
	.byte	4
	.long	.Linfo_string30                 @ DW_AT_name
	.byte	3                               @ DW_AT_decl_file
	.byte	168                             @ DW_AT_decl_line
	.long	83                              @ DW_AT_type
	.byte	10                              @ Abbrev [10] 0x136:0xf DW_TAG_variable
	.long	.Ldebug_loc9                    @ DW_AT_location
	.long	.Linfo_string32                 @ DW_AT_name
	.byte	3                               @ DW_AT_decl_file
	.byte	157                             @ DW_AT_decl_line
	.long	83                              @ DW_AT_type
	.byte	14                              @ Abbrev [14] 0x145:0x19 DW_TAG_lexical_block
	.long	.Ltmp30                         @ DW_AT_low_pc
	.long	.Ltmp37-.Ltmp30                 @ DW_AT_high_pc
	.byte	10                              @ Abbrev [10] 0x14e:0xf DW_TAG_variable
	.long	.Ldebug_loc10                   @ DW_AT_location
	.long	.Linfo_string33                 @ DW_AT_name
	.byte	3                               @ DW_AT_decl_file
	.byte	176                             @ DW_AT_decl_line
	.long	1076                            @ DW_AT_type
	.byte	0                               @ End Of Children Mark
	.byte	0                               @ End Of Children Mark
	.byte	15                              @ Abbrev [15] 0x15f:0x6a DW_TAG_subprogram
	.long	.Lfunc_begin2                   @ DW_AT_low_pc
	.long	.Lfunc_end2-.Lfunc_begin2       @ DW_AT_high_pc
	.byte	1                               @ DW_AT_frame_base
	.byte	93
                                        @ DW_AT_GNU_all_call_sites
	.long	.Linfo_string13                 @ DW_AT_name
	.byte	3                               @ DW_AT_decl_file
	.short	314                             @ DW_AT_decl_line
                                        @ DW_AT_prototyped
                                        @ DW_AT_external
	.byte	16                              @ Abbrev [16] 0x171:0x10 DW_TAG_formal_parameter
	.long	.Ldebug_loc11                   @ DW_AT_location
	.long	.Linfo_string35                 @ DW_AT_name
	.byte	3                               @ DW_AT_decl_file
	.short	314                             @ DW_AT_decl_line
	.long	66                              @ DW_AT_type
	.byte	16                              @ Abbrev [16] 0x181:0x10 DW_TAG_formal_parameter
	.long	.Ldebug_loc12                   @ DW_AT_location
	.long	.Linfo_string36                 @ DW_AT_name
	.byte	3                               @ DW_AT_decl_file
	.short	314                             @ DW_AT_decl_line
	.long	67                              @ DW_AT_type
	.byte	17                              @ Abbrev [17] 0x191:0xf DW_TAG_variable
	.byte	2                               @ DW_AT_location
	.byte	145
	.byte	8
	.long	.Linfo_string34                 @ DW_AT_name
	.byte	3                               @ DW_AT_decl_file
	.short	316                             @ DW_AT_decl_line
	.long	83                              @ DW_AT_type
	.byte	18                              @ Abbrev [18] 0x1a0:0x10 DW_TAG_variable
	.long	.Ldebug_loc13                   @ DW_AT_location
	.long	.Linfo_string37                 @ DW_AT_name
	.byte	3                               @ DW_AT_decl_file
	.short	317                             @ DW_AT_decl_line
	.long	83                              @ DW_AT_type
	.byte	14                              @ Abbrev [14] 0x1b0:0x18 DW_TAG_lexical_block
	.long	.Ltmp50                         @ DW_AT_low_pc
	.long	.Ltmp57-.Ltmp50                 @ DW_AT_high_pc
	.byte	17                              @ Abbrev [17] 0x1b9:0xe DW_TAG_variable
	.byte	1                               @ DW_AT_location
	.byte	87
	.long	.Linfo_string23                 @ DW_AT_name
	.byte	3                               @ DW_AT_decl_file
	.short	326                             @ DW_AT_decl_line
	.long	67                              @ DW_AT_type
	.byte	0                               @ End Of Children Mark
	.byte	0                               @ End Of Children Mark
	.byte	8                               @ Abbrev [8] 0x1c9:0x79 DW_TAG_subprogram
	.long	.Lfunc_begin3                   @ DW_AT_low_pc
	.long	.Lfunc_end3-.Lfunc_begin3       @ DW_AT_high_pc
	.byte	1                               @ DW_AT_frame_base
	.byte	93
                                        @ DW_AT_GNU_all_call_sites
	.long	.Linfo_string14                 @ DW_AT_name
	.byte	3                               @ DW_AT_decl_file
	.byte	203                             @ DW_AT_decl_line
                                        @ DW_AT_prototyped
	.long	1042                            @ DW_AT_type
                                        @ DW_AT_external
	.byte	9                               @ Abbrev [9] 0x1de:0xf DW_TAG_formal_parameter
	.long	.Ldebug_loc14                   @ DW_AT_location
	.long	.Linfo_string31                 @ DW_AT_name
	.byte	3                               @ DW_AT_decl_file
	.byte	203                             @ DW_AT_decl_line
	.long	1042                            @ DW_AT_type
	.byte	9                               @ Abbrev [9] 0x1ed:0xf DW_TAG_formal_parameter
	.long	.Ldebug_loc15                   @ DW_AT_location
	.long	.Linfo_string21                 @ DW_AT_name
	.byte	3                               @ DW_AT_decl_file
	.byte	203                             @ DW_AT_decl_line
	.long	1083                            @ DW_AT_type
	.byte	9                               @ Abbrev [9] 0x1fc:0xf DW_TAG_formal_parameter
	.long	.Ldebug_loc16                   @ DW_AT_location
	.long	.Linfo_string22                 @ DW_AT_name
	.byte	3                               @ DW_AT_decl_file
	.byte	203                             @ DW_AT_decl_line
	.long	1042                            @ DW_AT_type
	.byte	13                              @ Abbrev [13] 0x20b:0xe DW_TAG_variable
	.byte	2                               @ DW_AT_location
	.byte	145
	.byte	0
	.long	.Linfo_string30                 @ DW_AT_name
	.byte	3                               @ DW_AT_decl_file
	.byte	218                             @ DW_AT_decl_line
	.long	1042                            @ DW_AT_type
	.byte	10                              @ Abbrev [10] 0x219:0xf DW_TAG_variable
	.long	.Ldebug_loc17                   @ DW_AT_location
	.long	.Linfo_string32                 @ DW_AT_name
	.byte	3                               @ DW_AT_decl_file
	.byte	205                             @ DW_AT_decl_line
	.long	1042                            @ DW_AT_type
	.byte	14                              @ Abbrev [14] 0x228:0x19 DW_TAG_lexical_block
	.long	.Ltmp70                         @ DW_AT_low_pc
	.long	.Ltmp77-.Ltmp70                 @ DW_AT_high_pc
	.byte	10                              @ Abbrev [10] 0x231:0xf DW_TAG_variable
	.long	.Ldebug_loc18                   @ DW_AT_location
	.long	.Linfo_string23                 @ DW_AT_name
	.byte	3                               @ DW_AT_decl_file
	.byte	226                             @ DW_AT_decl_line
	.long	1076                            @ DW_AT_type
	.byte	0                               @ End Of Children Mark
	.byte	0                               @ End Of Children Mark
	.byte	8                               @ Abbrev [8] 0x242:0x6b DW_TAG_subprogram
	.long	.Lfunc_begin4                   @ DW_AT_low_pc
	.long	.Lfunc_end4-.Lfunc_begin4       @ DW_AT_high_pc
	.byte	1                               @ DW_AT_frame_base
	.byte	93
                                        @ DW_AT_GNU_all_call_sites
	.long	.Linfo_string17                 @ DW_AT_name
	.byte	3                               @ DW_AT_decl_file
	.byte	254                             @ DW_AT_decl_line
                                        @ DW_AT_prototyped
	.long	67                              @ DW_AT_type
                                        @ DW_AT_external
	.byte	9                               @ Abbrev [9] 0x257:0xf DW_TAG_formal_parameter
	.long	.Ldebug_loc19                   @ DW_AT_location
	.long	.Linfo_string38                 @ DW_AT_name
	.byte	3                               @ DW_AT_decl_file
	.byte	254                             @ DW_AT_decl_line
	.long	67                              @ DW_AT_type
	.byte	9                               @ Abbrev [9] 0x266:0xf DW_TAG_formal_parameter
	.long	.Ldebug_loc20                   @ DW_AT_location
	.long	.Linfo_string21                 @ DW_AT_name
	.byte	3                               @ DW_AT_decl_file
	.byte	254                             @ DW_AT_decl_line
	.long	1083                            @ DW_AT_type
	.byte	9                               @ Abbrev [9] 0x275:0xf DW_TAG_formal_parameter
	.long	.Ldebug_loc21                   @ DW_AT_location
	.long	.Linfo_string22                 @ DW_AT_name
	.byte	3                               @ DW_AT_decl_file
	.byte	254                             @ DW_AT_decl_line
	.long	1042                            @ DW_AT_type
	.byte	18                              @ Abbrev [18] 0x284:0x10 DW_TAG_variable
	.long	.Ldebug_loc22                   @ DW_AT_location
	.long	.Linfo_string39                 @ DW_AT_name
	.byte	3                               @ DW_AT_decl_file
	.short	256                             @ DW_AT_decl_line
	.long	1042                            @ DW_AT_type
	.byte	14                              @ Abbrev [14] 0x294:0x18 DW_TAG_lexical_block
	.long	.Ltmp81                         @ DW_AT_low_pc
	.long	.Ltmp87-.Ltmp81                 @ DW_AT_high_pc
	.byte	17                              @ Abbrev [17] 0x29d:0xe DW_TAG_variable
	.byte	1                               @ DW_AT_location
	.byte	82
	.long	.Linfo_string23                 @ DW_AT_name
	.byte	3                               @ DW_AT_decl_file
	.short	263                             @ DW_AT_decl_line
	.long	67                              @ DW_AT_type
	.byte	0                               @ End Of Children Mark
	.byte	0                               @ End Of Children Mark
	.byte	19                              @ Abbrev [19] 0x2ad:0x80 DW_TAG_subprogram
	.long	.Lfunc_begin5                   @ DW_AT_low_pc
	.long	.Lfunc_end5-.Lfunc_begin5       @ DW_AT_high_pc
	.byte	1                               @ DW_AT_frame_base
	.byte	93
                                        @ DW_AT_GNU_all_call_sites
	.long	.Linfo_string18                 @ DW_AT_name
	.byte	3                               @ DW_AT_decl_file
	.short	288                             @ DW_AT_decl_line
                                        @ DW_AT_prototyped
	.long	83                              @ DW_AT_type
                                        @ DW_AT_external
	.byte	16                              @ Abbrev [16] 0x2c3:0x10 DW_TAG_formal_parameter
	.long	.Ldebug_loc23                   @ DW_AT_location
	.long	.Linfo_string21                 @ DW_AT_name
	.byte	3                               @ DW_AT_decl_file
	.short	288                             @ DW_AT_decl_line
	.long	78                              @ DW_AT_type
	.byte	16                              @ Abbrev [16] 0x2d3:0x10 DW_TAG_formal_parameter
	.long	.Ldebug_loc24                   @ DW_AT_location
	.long	.Linfo_string22                 @ DW_AT_name
	.byte	3                               @ DW_AT_decl_file
	.short	288                             @ DW_AT_decl_line
	.long	1042                            @ DW_AT_type
	.byte	17                              @ Abbrev [17] 0x2e3:0xf DW_TAG_variable
	.byte	2                               @ DW_AT_location
	.byte	145
	.byte	4
	.long	.Linfo_string40                 @ DW_AT_name
	.byte	3                               @ DW_AT_decl_file
	.short	292                             @ DW_AT_decl_line
	.long	83                              @ DW_AT_type
	.byte	18                              @ Abbrev [18] 0x2f2:0x10 DW_TAG_variable
	.long	.Ldebug_loc26                   @ DW_AT_location
	.long	.Linfo_string41                 @ DW_AT_name
	.byte	3                               @ DW_AT_decl_file
	.short	290                             @ DW_AT_decl_line
	.long	1042                            @ DW_AT_type
	.byte	18                              @ Abbrev [18] 0x302:0x10 DW_TAG_variable
	.long	.Ldebug_loc27                   @ DW_AT_location
	.long	.Linfo_string42                 @ DW_AT_name
	.byte	3                               @ DW_AT_decl_file
	.short	291                             @ DW_AT_decl_line
	.long	67                              @ DW_AT_type
	.byte	14                              @ Abbrev [14] 0x312:0x1a DW_TAG_lexical_block
	.long	.Ltmp92                         @ DW_AT_low_pc
	.long	.Ltmp99-.Ltmp92                 @ DW_AT_high_pc
	.byte	18                              @ Abbrev [18] 0x31b:0x10 DW_TAG_variable
	.long	.Ldebug_loc25                   @ DW_AT_location
	.long	.Linfo_string23                 @ DW_AT_name
	.byte	3                               @ DW_AT_decl_file
	.short	294                             @ DW_AT_decl_line
	.long	1042                            @ DW_AT_type
	.byte	0                               @ End Of Children Mark
	.byte	0                               @ End Of Children Mark
	.byte	19                              @ Abbrev [19] 0x32d:0x7c DW_TAG_subprogram
	.long	.Lfunc_begin6                   @ DW_AT_low_pc
	.long	.Lfunc_end6-.Lfunc_begin6       @ DW_AT_high_pc
	.byte	1                               @ DW_AT_frame_base
	.byte	93
                                        @ DW_AT_GNU_all_call_sites
	.long	.Linfo_string19                 @ DW_AT_name
	.byte	3                               @ DW_AT_decl_file
	.short	345                             @ DW_AT_decl_line
                                        @ DW_AT_prototyped
	.long	67                              @ DW_AT_type
                                        @ DW_AT_external
	.byte	16                              @ Abbrev [16] 0x343:0x10 DW_TAG_formal_parameter
	.long	.Ldebug_loc28                   @ DW_AT_location
	.long	.Linfo_string45                 @ DW_AT_name
	.byte	3                               @ DW_AT_decl_file
	.short	345                             @ DW_AT_decl_line
	.long	1065                            @ DW_AT_type
	.byte	16                              @ Abbrev [16] 0x353:0x10 DW_TAG_formal_parameter
	.long	.Ldebug_loc29                   @ DW_AT_location
	.long	.Linfo_string46                 @ DW_AT_name
	.byte	3                               @ DW_AT_decl_file
	.short	345                             @ DW_AT_decl_line
	.long	78                              @ DW_AT_type
	.byte	17                              @ Abbrev [17] 0x363:0xf DW_TAG_variable
	.byte	2                               @ DW_AT_location
	.byte	145
	.byte	8
	.long	.Linfo_string43                 @ DW_AT_name
	.byte	3                               @ DW_AT_decl_file
	.short	348                             @ DW_AT_decl_line
	.long	1093                            @ DW_AT_type
	.byte	18                              @ Abbrev [18] 0x372:0x10 DW_TAG_variable
	.long	.Ldebug_loc30                   @ DW_AT_location
	.long	.Linfo_string47                 @ DW_AT_name
	.byte	3                               @ DW_AT_decl_file
	.short	349                             @ DW_AT_decl_line
	.long	67                              @ DW_AT_type
	.byte	18                              @ Abbrev [18] 0x382:0x10 DW_TAG_variable
	.long	.Ldebug_loc31                   @ DW_AT_location
	.long	.Linfo_string23                 @ DW_AT_name
	.byte	3                               @ DW_AT_decl_file
	.short	347                             @ DW_AT_decl_line
	.long	1076                            @ DW_AT_type
	.byte	14                              @ Abbrev [14] 0x392:0x16 DW_TAG_lexical_block
	.long	.Ltmp120                        @ DW_AT_low_pc
	.long	.Ltmp125-.Ltmp120               @ DW_AT_high_pc
	.byte	20                              @ Abbrev [20] 0x39b:0xc DW_TAG_variable
	.long	.Linfo_string33                 @ DW_AT_name
	.byte	3                               @ DW_AT_decl_file
	.short	371                             @ DW_AT_decl_line
	.long	67                              @ DW_AT_type
	.byte	0                               @ End Of Children Mark
	.byte	0                               @ End Of Children Mark
	.byte	19                              @ Abbrev [19] 0x3a9:0x57 DW_TAG_subprogram
	.long	.Lfunc_begin7                   @ DW_AT_low_pc
	.long	.Lfunc_end7-.Lfunc_begin7       @ DW_AT_high_pc
	.byte	1                               @ DW_AT_frame_base
	.byte	93
                                        @ DW_AT_GNU_all_call_sites
	.long	.Linfo_string20                 @ DW_AT_name
	.byte	3                               @ DW_AT_decl_file
	.short	389                             @ DW_AT_decl_line
                                        @ DW_AT_prototyped
	.long	67                              @ DW_AT_type
                                        @ DW_AT_external
	.byte	16                              @ Abbrev [16] 0x3bf:0x10 DW_TAG_formal_parameter
	.long	.Ldebug_loc32                   @ DW_AT_location
	.long	.Linfo_string48                 @ DW_AT_name
	.byte	3                               @ DW_AT_decl_file
	.short	389                             @ DW_AT_decl_line
	.long	1112                            @ DW_AT_type
	.byte	16                              @ Abbrev [16] 0x3cf:0x10 DW_TAG_formal_parameter
	.long	.Ldebug_loc33                   @ DW_AT_location
	.long	.Linfo_string50                 @ DW_AT_name
	.byte	3                               @ DW_AT_decl_file
	.short	389                             @ DW_AT_decl_line
	.long	1042                            @ DW_AT_type
	.byte	18                              @ Abbrev [18] 0x3df:0x10 DW_TAG_variable
	.long	.Ldebug_loc34                   @ DW_AT_location
	.long	.Linfo_string51                 @ DW_AT_name
	.byte	3                               @ DW_AT_decl_file
	.short	392                             @ DW_AT_decl_line
	.long	67                              @ DW_AT_type
	.byte	18                              @ Abbrev [18] 0x3ef:0x10 DW_TAG_variable
	.long	.Ldebug_loc35                   @ DW_AT_location
	.long	.Linfo_string52                 @ DW_AT_name
	.byte	3                               @ DW_AT_decl_file
	.short	391                             @ DW_AT_decl_line
	.long	67                              @ DW_AT_type
	.byte	0                               @ End Of Children Mark
	.byte	6                               @ Abbrev [6] 0x400:0xb DW_TAG_typedef
	.long	1035                            @ DW_AT_type
	.long	.Linfo_string11                 @ DW_AT_name
	.byte	2                               @ DW_AT_decl_file
	.byte	57                              @ DW_AT_decl_line
	.byte	4                               @ Abbrev [4] 0x40b:0x7 DW_TAG_base_type
	.long	.Linfo_string10                 @ DW_AT_name
	.byte	5                               @ DW_AT_encoding
	.byte	2                               @ DW_AT_byte_size
	.byte	6                               @ Abbrev [6] 0x412:0xb DW_TAG_typedef
	.long	1053                            @ DW_AT_type
	.long	.Linfo_string16                 @ DW_AT_name
	.byte	2                               @ DW_AT_decl_file
	.byte	63                              @ DW_AT_decl_line
	.byte	4                               @ Abbrev [4] 0x41d:0x7 DW_TAG_base_type
	.long	.Linfo_string15                 @ DW_AT_name
	.byte	7                               @ DW_AT_encoding
	.byte	2                               @ DW_AT_byte_size
	.byte	7                               @ Abbrev [7] 0x424:0x5 DW_TAG_pointer_type
	.long	1024                            @ DW_AT_type
	.byte	6                               @ Abbrev [6] 0x429:0xb DW_TAG_typedef
	.long	1076                            @ DW_AT_type
	.long	.Linfo_string28                 @ DW_AT_name
	.byte	2                               @ DW_AT_decl_file
	.byte	58                              @ DW_AT_decl_line
	.byte	4                               @ Abbrev [4] 0x434:0x7 DW_TAG_base_type
	.long	.Linfo_string27                 @ DW_AT_name
	.byte	5                               @ DW_AT_encoding
	.byte	4                               @ DW_AT_byte_size
	.byte	7                               @ Abbrev [7] 0x43b:0x5 DW_TAG_pointer_type
	.long	1088                            @ DW_AT_type
	.byte	21                              @ Abbrev [21] 0x440:0x5 DW_TAG_const_type
	.long	67                              @ DW_AT_type
	.byte	22                              @ Abbrev [22] 0x445:0xc DW_TAG_array_type
	.long	67                              @ DW_AT_type
	.byte	23                              @ Abbrev [23] 0x44a:0x6 DW_TAG_subrange_type
	.long	1105                            @ DW_AT_type
	.byte	10                              @ DW_AT_count
	.byte	0                               @ End Of Children Mark
	.byte	24                              @ Abbrev [24] 0x451:0x7 DW_TAG_base_type
	.long	.Linfo_string44                 @ DW_AT_name
	.byte	8                               @ DW_AT_byte_size
	.byte	7                               @ DW_AT_encoding
	.byte	6                               @ Abbrev [6] 0x458:0xb DW_TAG_typedef
	.long	38                              @ DW_AT_type
	.long	.Linfo_string49                 @ DW_AT_name
	.byte	1                               @ DW_AT_decl_file
	.byte	55                              @ DW_AT_decl_line
	.byte	0                               @ End Of Children Mark
.Ldebug_info_end0:
	.section	.debug_ranges,"",%progbits
.Ldebug_ranges0:
	.long	.Ltmp1
	.long	.Ltmp6
	.long	.Ltmp8
	.long	.Ltmp11
	.long	0
	.long	0
.Ldebug_ranges1:
	.long	.Lfunc_begin0
	.long	.Lfunc_end0
	.long	.Lfunc_begin1
	.long	.Lfunc_end1
	.long	.Lfunc_begin2
	.long	.Lfunc_end2
	.long	.Lfunc_begin3
	.long	.Lfunc_end3
	.long	.Lfunc_begin4
	.long	.Lfunc_end4
	.long	.Lfunc_begin5
	.long	.Lfunc_end5
	.long	.Lfunc_begin6
	.long	.Lfunc_end6
	.long	.Lfunc_begin7
	.long	.Lfunc_end7
	.long	0
	.long	0
	.section	.debug_str,"MS",%progbits,1
.Linfo_string0:
	.asciz	"Component: Arm Compiler for Embedded 6.21 Tool: armclang [5ec1fd00]" @ string offset=0
.Linfo_string1:
	.asciz	"../08_TCPL04B_PAL\\utilities.c" @ string offset=68
.Linfo_string2:
	.asciz	"C:\\baidunetdiskdownload\\\346\263\260\347\237\275\345\276\256\\\346\260\233\345\233\264\347\201\257\\TCPL0X_AUTO_SDK_V2.0.0\\TCPL0X_AUTO_SDK_V2.0.0\\examples\\tcpl04x\\demo_apps\\tcpl04b_swsc_lean\\MDK" @ string offset=98
.Linfo_string3:
	.asciz	"unsigned char"                 @ string offset=237
.Linfo_string4:
	.asciz	"PARITY_CALIB_MAKE"             @ string offset=251
.Linfo_string5:
	.asciz	"PARITY_CALIB_CHECK"            @ string offset=269
.Linfo_string6:
	.asciz	"uint8_t"                       @ string offset=288
.Linfo_string7:
	.asciz	"unsigned int"                  @ string offset=296
.Linfo_string8:
	.asciz	"uint32_t"                      @ string offset=309
.Linfo_string9:
	.asciz	"average_calculate_utils"       @ string offset=318
.Linfo_string10:
	.asciz	"short"                         @ string offset=342
.Linfo_string11:
	.asciz	"int16_t"                       @ string offset=348
.Linfo_string12:
	.asciz	"crc32_calculate_func"          @ string offset=356
.Linfo_string13:
	.asciz	"bit_invert_swap_func"          @ string offset=377
.Linfo_string14:
	.asciz	"crc16_calculate_func"          @ string offset=398
.Linfo_string15:
	.asciz	"unsigned short"                @ string offset=419
.Linfo_string16:
	.asciz	"uint16_t"                      @ string offset=434
.Linfo_string17:
	.asciz	"checksum_calculate_func"       @ string offset=443
.Linfo_string18:
	.asciz	"endian_swap_func"              @ string offset=467
.Linfo_string19:
	.asciz	"int_to_ascii_func"             @ string offset=484
.Linfo_string20:
	.asciz	"parity_calib_func"             @ string offset=502
.Linfo_string21:
	.asciz	"data"                          @ string offset=520
.Linfo_string22:
	.asciz	"length"                        @ string offset=525
.Linfo_string23:
	.asciz	"i"                             @ string offset=532
.Linfo_string24:
	.asciz	"max"                           @ string offset=534
.Linfo_string25:
	.asciz	"min"                           @ string offset=538
.Linfo_string26:
	.asciz	"sum"                           @ string offset=542
.Linfo_string27:
	.asciz	"int"                           @ string offset=546
.Linfo_string28:
	.asciz	"int32_t"                       @ string offset=550
.Linfo_string29:
	.asciz	"avg"                           @ string offset=558
.Linfo_string30:
	.asciz	"poly"                          @ string offset=562
.Linfo_string31:
	.asciz	"init_crc"                      @ string offset=567
.Linfo_string32:
	.asciz	"crc"                           @ string offset=576
.Linfo_string33:
	.asciz	"j"                             @ string offset=580
.Linfo_string34:
	.asciz	"in_bit"                        @ string offset=582
.Linfo_string35:
	.asciz	"bit_data"                      @ string offset=589
.Linfo_string36:
	.asciz	"bit_length"                    @ string offset=598
.Linfo_string37:
	.asciz	"result_bit"                    @ string offset=609
.Linfo_string38:
	.asciz	"init_sum"                      @ string offset=620
.Linfo_string39:
	.asciz	"check_sum"                     @ string offset=629
.Linfo_string40:
	.asciz	"result"                        @ string offset=639
.Linfo_string41:
	.asciz	"cnt"                           @ string offset=646
.Linfo_string42:
	.asciz	"tmp"                           @ string offset=650
.Linfo_string43:
	.asciz	"buffer"                        @ string offset=654
.Linfo_string44:
	.asciz	"__ARRAY_SIZE_TYPE__"           @ string offset=661
.Linfo_string45:
	.asciz	"num"                           @ string offset=681
.Linfo_string46:
	.asciz	"str"                           @ string offset=685
.Linfo_string47:
	.asciz	"digits"                        @ string offset=689
.Linfo_string48:
	.asciz	"type"                          @ string offset=696
.Linfo_string49:
	.asciz	"parity_calib_type_e"           @ string offset=701
.Linfo_string50:
	.asciz	"pid"                           @ string offset=721
.Linfo_string51:
	.asciz	"parity"                        @ string offset=725
.Linfo_string52:
	.asciz	"ret"                           @ string offset=732
	.ident	"Component: Arm Compiler for Embedded 6.21 Tool: armclang [5ec1fd00]"
	.section	".note.GNU-stack","",%progbits
	.eabi_attribute	30, 4	@ Tag_ABI_optimization_goals
	.ARM_attribute	16, 1	@ Tag_AV_eba
	.section	.debug_line,"",%progbits
.Lline_table_start0:
