RayT,WhiteXYCoeff,RGBXYCoeff,SingleWhiteRatio,RGBWhiteRatio,RGBPoint_x,RGBPoint_y,RGBPoint_Y_lm,R_weight,G_weight,B_weight,x,y,Y_lm,CCT_K,Ra,Rmin_8,R1,R2,R3,R4,R5,R6,R7,R8,Worst_R,Edge
1,0,1,0,1,0.3169,0.331,2.7,0.901568768841219,1.01142939677116,0.452956971402948,0.3169,0.331,2.7,6269.80929732343,29.0727700239608,-53.3811818294481,15.2236155572831,76.5792902309643,50.1723754357187,6.15205367581071,31.6442123238756,69.3052806832024,36.8865141142799,-53.3811818294481,R8,
1.01382615095541,0.0136375955013419,0.986362404498658,0.0138962302374114,0.986103769762588,0.316739013810654,0.33091320827188,2.66248017835899,0.888384265116465,0.997587028395394,0.447127825584389,0.3169,0.331,2.7,6269.80929733524,30.1437730471846,-51.1831481635991,16.5154092608363,76.9647157953718,50.8721294945646,7.58967545339762,32.7202591289171,69.8428794898998,37.8282639180891,-51.1831481635991,R8,
1.02765230191082,0.0269082274806446,0.973091772519355,0.0274185375504711,0.972581462449529,0.316578027621309,0.33082641654376,2.62596994861373,0.875554533017155,0.984117133616753,0.441455531747534,0.3169,0.331,2.7,6269.80929734013,31.1864617539301,-49.0409906128779,17.7722484821836,77.3396016696599,51.5522858226904,8.98926875668971,33.7676087112136,70.3662855590951,38.7453856427865,-49.0409906128779,R8,
1.04147845286624,0.0398265108145875,0.960173489185412,0.0405818139845699,0.95941818601543,0.316417041431963,0.33073962481564,2.59042910224166,0.863065443227313,0.971004878111494,0.435933843025237,0.3169,0.331,2.7,6269.80929733048,32.2019439056892,-46.9526035343948,18.9955323918057,77.7043742145275,52.213652759548,10.3523227403952,34.7873921570482,70.8760477695701,39.6388327470138,-46.9526035343948,R8,
1.05530460382165,0.0524062944683183,0.947593705531682,0.0534001711481819,0.946599828851818,0.316256055242617,0.33065283308752,2.55581953789991,0.850903606896055,0.958236204967811,0.430556839925511,0.3169,0.331,2.7,6269.80929733048,33.191270150011,-44.9159858783259,20.1865864692104,78.0594370974452,52.8569947791493,11.6802498110675,35.7806818711747,71.3726869627472,40.5095100876194,-44.9159858783259,R8,
1.06913075477706,0.0646607110198387,0.935339288980161,0.0658869906764716,0.934113009323528,0.316095069053272,0.3305660413594,2.52210512517353,0.839056327758592,0.945797784417828,0.425318909163219,0.3169,0.331,2.7,6269.80929733307,34.155437657983,-42.9292347663747,21.3466672912586,78.40517278265,53.4830354273457,12.9743905089611,36.7484953334046,71.8566977081819,41.3582769784371,-42.9292347663747,R8,
1.08295690573247,0.0766022223907098,0.92339777760929,0.0780549708292752,0.921945029170725,0.315934082863926,0.33047924963128,2.48925157876096,0.827511557924866,0.933676967420232,0.4202147241133,0.3169,0.331,2.7,6269.80929732155,35.0953934865787,-40.9905395388014,22.4769669515776,78.7419439053051,54.0924600253654,14.2360180212555,37.6917985700187,72.3285499374803,42.1859500204285,-40.9905395388014,R8,
1.09678305668789,0.0882426621178448,0.911757337882155,0.08991616956457,0.91008383043543,0.31577309667458,0.33039245790316,2.45722634217566,0.816257857012188,0.921861742753753,0.415239226742452,0.3169,0.331,2.7,6269.8092973304,36.0120376900318,-39.0981762302643,23.5786171439298,79.0700945402208,54.6859181613492,15.4663423590065,38.6115093650832,72.7886904578634,42.9933057230656,-39.0981762302643,R8,
1.1106092076433,0.0995932744678124,0.900406725532188,0.101482044394575,0.898517955605425,0.315612110485235,0.33030566617504,2.42599848013465,0.805284354330453,0.910340697315551,0.410387610890422,0.3169,0.331,2.7,6269.80929734087,36.906226202806,-37.2505024368785,24.6526929399549,79.3899513742104,55.2640259910495,16.6665142284792,39.5085002347175,73.2375443550062,43.7810829359087,-37.2505024368785,R8,
1.12443535859871,0.110664750665422,0.889335249334578,0.112763489301404,0.887236510698597,0.315451124295889,0.33021887444692,2.39553857888621,0.794580713857207,0.899102979348643,0.405655306784744,0.3169,0.331,2.7,6269.80929733048,37.7787735120752,-35.4459525453849,25.7002162862336,79.7018247908516,55.8273683615446,17.837628619983,40.3836011835656,73.6755162953243,44.5499851044837,-35.4459525453849,R8,
1.13826150955412,0.12146726248196,0.87853273751804,0.123770868962298,0.876229131037702,0.315290138106543,0.3301320827188,2.3658186538018,0.784137101765336,0.888138264349332,0.401037966684056,0.3169,0.331,2.7,6269.80929733307,38.6304551380215,-33.6830332938198,26.7221592452261,80.0060098750389,56.37650077492,18.9807281390994,41.2376022622357,74.1029917357279,45.3006823657436,-33.6830332938198,R8,
1.15208766050954,0.132010493404878,0.867989506595122,0.134514050510441,0.865485949489559,0.315129151917197,0.33004529099068,2.33681206362181,0.773944156288953,0.877436723429494,0.39653145155517,0.3169,0.331,2.7,6269.80929733233,39.4620099387495,-31.9603196352916,27.7194470026342,80.3027873440092,56.9119512074953,20.0968061030963,42.0712559428126,74.5203380478194,46.0338134974206,-31.9603196352916,R8,
1.16591381146495,0.1423036675897,0.8576963324103,0.145002433035938,0.854997566964062,0.314968165727852,0.32995849926256,2.30849343080297,0.763992959733374,0.866988993929948,0.392131818698099,0.3169,0.331,2.7,6269.80929733938,40.2741422525501,-30.2764508842583,28.6929606589387,80.5924244113544,57.4342217936644,21.1868094188107,42.8852793263597,74.9279055645522,46.7499877309789,-30.2764508842583,R8,
1.17973996242036,0.152355576776093,0.847644423223907,0.155244975012339,0.844755024987661,0.314807179538506,0.32987170753444,2.28083856746669,0.754275012453309,0.856786152100234,0.387835310241265,0.3169,0.331,2.7,6269.80929731625,41.0675238922626,-28.6301271199007,29.6435398245425,80.8751755892899,57.9437903890094,22.2516412624636,43.6803561970616,75.3260285545359,47.4497864410989,-28.6301271199007,R8,
1.19356611337577,0.162174605333179,0.837825394666821,0.165250219816935,0.834749780183065,0.31464619334916,0.32978491580632,2.25382440649428,0.744782208639643,0.846819687677236,0.383638342436331,0.3169,0.331,2.7,6269.80929733312,41.8427960017474,-27.0201058304555,30.5719850326174,81.1512834346144,58.4411120190395,23.292163573953,44.4571389341635,75.7150261308935,48.1337647191535,-27.0201058304555,R8,
1.20739226433118,0.171768753584045,0.828231246415955,0.175026319497613,0.824973680502387,0.314485207159815,0.3296981240782,2.22742893735645,0.735506813769855,0.837081480210448,0.379537495688554,0.3169,0.331,2.7,6269.80929733048,42.6005707883704,-25.4451987738987,31.479059987357,81.4209792423238,58.9266202291769,24.3091993856488,45.2162502949395,76.0952030979079,48.8024528435078,-25.4451987738987,R8,
1.2212184152866,0.181145659545825,0.818854340454175,0.184581056925235,0.815418943074764,0.314324220970469,0.32961133235008,2.20163114630186,0.726441443590222,0.827563776995456,0.375529505264381,0.3169,0.331,2.7,6269.80929732343,43.3414331372542,-23.9042690467065,32.3654936567718,81.6844836919076,59.4007283358736,25.3035349915151,45.9582850762457,76.466850742766,49.4563576496602,-23.9042690467065,R8,
1.23504456624201,0.190312619209526,0.809687380790474,0.193921866458069,0.806078133541931,0.314163234781123,0.32952454062196,2.17641096056321,0.717579044509765,0.818259172489606,0.371611252623195,0.3169,0.331,2.7,6269.80929733195,44.0659421197923,-22.396228338215,33.2319822255912,81.9420074494004,59.8638305937873,26.2759219748928,46.6838116662642,76.8302475744984,50.0959638121195,-22.396228338215,R8,
1.24887071719742,0.199276605472751,0.800723394527249,0.203055853233561,0.796944146766439,0.314002248591778,0.32943774889384,2.15174919626939,0.708912875296541,0.809160589094999,0.367779757324866,0.3169,0.331,2.7,6269.80929733312,44.7746324031636,-20.9200343595763,34.0791909178206,82.1937517289014,60.3163032829146,27.2270791033277,47.393373494014,77.1856600149599,50.7217350429466,-20.9200343595763,R8,
1.26269686815283,0.208044285828575,0.791955714171425,0.211989811192687,0.788010188807313,0.313841262402432,0.32935095716572,2.12762750977975,0.700436489976457,0.800261259204011,0.364032169468958,0.3169,0.331,2.7,6269.80929733312,45.4680155678713,-19.4746884355281,34.9077556985078,82.439908816878,60.7585057209865,28.1576940996256,48.0874903840484,77.5333430457752,51.3341152126769,-19.4746884355281,R8,
1.27652301910825,0.216622038904884,0.783377961095116,0.220730239932954,0.779269760067046,0.313680276213086,0.3292641654376,2.10402835218103,0.692143721843431,0.79155470841161,0.360365762625283,0.3169,0.331,2.7,6269.80929731855,46.1465813413125,-18.0592332447737,35.7182848650204,82.6806625618098,61.1907812093176,29.0684253003982,48.76665982424,77.8735408137672,51.93352940072,-18.0592332447737,R8,
1.29034917006366,0.225015969940396,0.774984030059604,0.229283360477917,0.770716639522083,0.313519290023741,0.32917737370948,2.08093492670963,0.684028668497543,0.783034739806961,0.356777927218953,0.3169,0.331,2.7,6269.80929733312,46.8107987524522,-16.6727507007263,36.5113605350171,82.916188832096,61.6134579148374,29.9599032083796,49.4313581523391,78.2064871986768,52.520384878998,-16.6727507007263,R8,
1.30417532101907,0.233231925276267,0.766768074723733,0.237655130043623,0.762344869956377,0.313358303834395,0.32909058198136,2.05833114888222,0.676085677834889,0.774695419264217,0.353266164336204,0.3169,0.331,2.7,6269.80929732934,47.4611172150505,-15.3143599591583,37.2875400404652,83.1466559442156,62.0268496966572,30.8327319492426,50.0820416683772,78.5324063448387,53.0950720357655,-15.3143599591583,R8,
1.31800147197448,0.241275505935581,0.758724494064419,0.245851255875631,0.754148744124369,0.313197317645049,0.329003790253241,2.0362016091358,0.668309334919259,0.766531061659135,0.349828079920086,0.3169,0.331,2.7,6269.80929733307,48.0979675420785,-13.9832155490891,38.0473572321001,83.3722250639542,62.4312568760141,31.6874906352982,50.7191476766517,78.85151316103,53.6579652406689,-13.9832155490891,R8,
1.3318276229299,0.249152080356996,0.750847919643004,0.253877208224145,0.746122791775855,0.313036331455704,0.328916998525121,2.01453153779481,0.660694449671546,0.758536217944226,0.346461379327695,0.3169,0.331,2.7,6269.80929733048,48.7217628990369,-12.6785056126098,38.7913237035947,83.5930505820138,62.8269669596747,32.5247346476999,51.3430954641905,79.1640137889856,54.2094236587458,-12.6785056126098,R8,
1.34565377388531,0.256866796343387,0.743133203656613,0.261738232519271,0.738261767480729,0.312875345266358,0.328830206797001,1.99330677219797,0.65323604531808,0.750705663020702,0.343163862222937,0.3169,0.331,2.7,6269.80929732934,49.3328996984186,-11.3994502504409,39.5199299391766,83.8092804663817,63.2142553157652,33.3449968391903,51.9542872188374,79.4701060441497,54.7497920142886,-11.3994502504409,R8,
1.35947992484072,0.264424592281374,0.735575407718626,0.269439360803307,0.730560639196693,0.312714359077012,0.328743415068881,1.97251372583107,0.645929347543864,0.743034384350486,0.339933417780946,0.3169,0.331,2.7,6269.80929731742,49.9317584407355,-10.1452999633619,40.2336463914223,84.0210565928289,63.5933858082499,34.148788665243,52.5531088920576,79.7699798297329,55.2794013097112,-10.1452999633619,R8,
1.37330607579613,0.271830207683105,0.728169792316895,0.276985422472466,0.723014577527534,0.312553372887667,0.328656623340761,1.95213935932434,0.638769774301013,0.73551757125613,0.336768020182182,0.3169,0.331,2.7,6269.80929732677,50.5187045048598,-8.91533418506857,40.9329244931892,84.2285150553172,63.9646113910001,34.9366012468718,53.1399310097235,80.063817526603,55.7985695012423,-8.91533418506857,R8,
1.38713222675155,0.279088193097604,0.720911806902396,0.284381054376179,0.715618945623821,0.312392386698321,0.328569831612641,1.93217115318432,0.631752926226713,0.728150604860657,0.33366572437601,0.3169,0.331,2.7,6269.80929732934,51.0940888924773,-7.70885989755146,41.6181976096059,84.4317864574221,64.3281746670532,35.7089063721147,53.7151094352983,80.3517943597799,56.3076021360961,-7.70885989755146,R8,
1.40095837770696,0.286202919435218,0.713797080564782,0.291630710318381,0.708369289681619,0.312231400508975,0.328483039884521,1.91259708214037,0.624874577628557,0.720929048623098,0.330624662095125,0.3169,0.331,2.7,6269.80929732492,51.6582489280719,-6.52521032715374,42.2898819325856,84.630996186544,64.6843084119599,36.4661574373172,54.278986087566,80.634078744219,56.806792951537,-6.52521032715374,R8,
1.41478452866237,0.293178586745315,0.706821413254685,0.298738670001682,0.701261329998318,0.31207041431963,0.328396248156401,1.89340559099546,0.618130667998478,0.713848639428995,0.327643038103689,0.3169,0.331,2.7,6269.80929733524,52.2115089187972,-5.36374371319332,42.9483773231063,84.82626467171,65.0332360665836,37.2087903347283,54.8318896169092,80.9108326104719,57.2964244400617,-5.36374371319332,R8,
1.42861067961778,0.300019232484287,0.699980767515713,0.305709047452161,0.694290952547839,0.311909428130284,0.328309456428281,1.87458557187916,0.611517294019441,0.706905279198252,0.324719126663315,0.3169,0.331,2.7,6269.80929734011,52.7541807767623,-4.22384214466571,43.594068104703,85.0177076262004,65.3751722010891,37.9372242896321,55.3741360427603,81.1822117115398,57.7767683828398,-4.22384214466571,R8,
1.44243683057319,0.306728739308036,0.693271260691964,0.312545798959649,0.687454201040351,0.311748441940938,0.328222664700161,1.85612634280895,0.605030702031852,0.700095026975643,0.321851268202312,0.3169,0.331,2.7,6269.80929732196,53.2865646054442,-3.1049104623859,44.2273238106486,85.2054362761649,65.7103229505238,38.6518626490621,55.9060293543505,81.4483659127943,58.2480863523957,-3.1049104623859,R8,
1.45626298152861,0.313310842420562,0.686689157579438,0.319252730565667,0.680747269434333,0.311587455751592,0.328135872972041,1.8380176274727,0.598667280929116,0.69341409147188,0.319037866174665,0.3169,0.331,2.7,6269.80929732155,53.8089492530131,-2.00637522141103,44.848499888332,85.3895575760932,66.0388864247894,39.3530936260018,56.4278620774403,81.7094394657066,58.7106301871527,-2.00637522141103,R8,
1.47008913248402,0.31976913650787,0.68023086349213,0.325833505128846,0.674166494871154,0.311426469562247,0.328049081243921,1.82024953615212,0.592423555454101,0.686858824025594,0.316277384096255,0.3169,0.331,2.7,6269.80929732562,54.3216128356081,-0.927683708072792,45.4579383645752,85.5701744117903,66.3610530966055,40.0412910034925,56.9399158098167,81.9655712658786,59.1646424407791,-0.927683708072792,R8,
1.48391528343943,0.326107082284245,0.673892917715755,0.332291648995341,0.667708351004659,0.311265483372901,0.327962289515801,1.80281254771258,0.586296179870357,0.680425711958765,0.313568342746776,0.3169,0.331,2.7,6269.80929732343,54.8248232308968,0.131696988396925,46.0559684728169,85.7473857920745,66.6770061655546,40.7168147984689,57.44246172657,82.2168950974325,59.6103568058604,0.131696988396925,R8,
1.49774143439484,0.332328012675936,0.667671987324064,0.338630558299796,0.661369441700205,0.311104497183555,0.327875497787681,1.78569749259055,0.580281931983872,0.674111372300186,0.310909317526627,0.3169,0.331,2.7,6269.80929732343,55.3188385447949,1.17228085514841,46.6429072456141,85.9212870297077,66.9869219018612,41.3800118895611,57.9357610576739,82.463539863983,60.0479985148099,1.17228085514841,R8,
1.51156758535026,0.338435138665478,0.661564861334522,0.344853504920497,0.655146495079504,0.31094351099421,0.327788706059561,1.76889553671466,0.574377707492924,0.667912545853387,0.30829893595886,0.3169,0.331,2.7,6269.8092973197,55.803907553099,2.19456378901118,47.219060074767,86.0919699122042,67.2909699713293,42.0312166112667,58.4200655397217,82.7056298069908,60.4777847195011,2.19456378901118,R8,
1.52539373630567,0.344431554818176,0.655568445181824,0.350963642110665,0.649036357889335,0.310782524804864,0.327701914331441,1.7523981663012,0.568580514645207,0.661826091587173,0.305735875326992,0.3169,0.331,2.7,6269.80929733428,56.280270119018,3.19902438539289,47.7847212405002,86.2595228633677,67.5893137414432,42.6707513155525,58.8956178430138,82.9432847126962,60.8999248501772,3.19902438539289,R8,
1.53921988726108,0.35032024451073,0.64967975548927,0.356964009826246,0.643035990173754,0.310621538615518,0.327615122603321,1.73619717346914,0.562887469182922,0.655848981328484,0.30321886044011,0.3169,0.331,2.7,6269.80929734011,56.7481575890211,4.18612468740909,48.3401744126048,86.4240310958664,67.882110571751,43.2989269045369,59.3626519761719,83.176620107683,61.3146209561455,4.18612468740909,R8,
1.55304603821649,0.356104084880579,0.643895915119421,0.362857539769112,0.637142460230888,0.310460552426173,0.327528330875201,1.7202846426234,0.557295789557862,0.64997829473874,0.300746661517375,0.3169,0.331,2.7,6269.8092973197,57.2077931671351,5.15631089509357,48.8856931240848,86.5855767557526,68.1695120870285,43.9160433338939,59.8213936688494,83.405747444616,61.7220680277623,5.15631089509357,R8,
1.56687218917191,0.361785851513197,0.638214148486803,0.368647060163256,0.631352939836744,0.310299566236827,0.327441539147081,1.70465293755921,0.551802792399854,0.644211214556159,0.298318092184512,0.3169,0.331,2.7,6269.80929732562,57.6593922696217,6.1100140383256,49.4215412195994,86.7442390592279,68.4516644356079,44.5223900899102,60.2720607343319,83.6307742783296,62.1224543016413,6.1100140383256,R8,
1.58069834012732,0.367368222883403,0.632631777116597,0.374335300280326,0.625664699719674,0.310138580047481,0.327354747418961,1.68929468924312,0.546405888223,0.638545022087764,0.295932007575456,0.3169,0.331,2.7,6269.80929733524,58.1031628622352,7.04765061785469,49.9479732813087,86.9000944219384,68.7287085358764,45.1182466434547,60.7148634138458,83.8518044321295,62.5159615514735,7.04765061785469,R8,
1.59452449108273,0.372853784565598,0.627146215434402,0.379924894729715,0.620075105270285,0.309977593858136,0.327267955690841,1.67420278422977,0.541102577355321,0.632977092935923,0.293587302532763,0.3169,0.331,2.7,6269.80929732562,58.5393057790839,7.96962321189483,50.4652350314176,87.0532165817142,69.0007803074963,45.7038828788172,61.1500047024277,84.0689381563048,62.9027653625984,7.96962321189483,R8,
1.60835064203814,0.37824503322685,0.62175496677315,0.385418387527365,0.614581612472635,0.30981660766879,0.327181163962721,1.65937035367611,0.535890446078341,0.627504892945312,0.291282909900832,0.3169,0.331,2.7,6269.80929731929,58.9680150253541,8.87632105281924,50.9735637140521,87.2036767148987,69.2680108906847,46.2795595008776,61.5776806581527,84.2822722784983,63.2830353928498,8.87632105281924,R8,
1.62217679299355,0.383544380415771,0.616455619584229,0.390818235956509,0.609181764043491,0.309655621479444,0.327094372234601,1.64479076291743,0.530767162964083,0.62212597435714,0.289017798906423,0.3169,0.331,2.7,6269.80929732309,59.3894780652193,9.76812057646578,51.4731884580199,87.3515435465191,69.5305268550823,46.8455284225514,61.9980806959967,84.4919003461548,63.6569356209641,9.76812057646578,R8,
1.63600294394897,0.388754156159273,0.611245843840727,0.396126814232633,0.603873185767367,0.309494635290099,0.327007580506481,1.63045760157189,0.52573047539782,0.616837972158395,0.286790973621286,0.3169,0.331,2.7,6269.80929733428,59.8038760950061,10.6453859438961,51.9643306208271,87.4968834549193,69.7884503971506,47.4020331322774,62.4113878666895,84.6979127620687,64.0246245822202,10.6453859438961,R8,
1.64982909490438,0.393876612378473,0.606123387621527,0.401346416984164,0.598653583015836,0.309333649100753,0.326920788778361,1.61636467414276,0.52077820627565,0.61163860061464,0.284601471502091,0.3169,0.331,2.7,6269.80929733428,60.2113843028216,11.5084695379317,52.4472041153757,87.6397605710367,70.041899527548,47.9493090433182,62.817779121684,84.9003969131875,64.3862555924909,11.5084695379317,R8,
1.66365524585979,0.398913926134263,0.601086073865737,0.406479262559591,0.593520737440409,0.309172662911407,0.326833997050241,1.6025059910891,0.515908250866763,0.606525649975717,0.282448362003174,0.3169,0.331,2.7,6269.80929733906,60.6121721150969,12.3577124351896,52.9220157200755,87.7802368727744,70.2909882483557,48.4875838253407,63.2174255647917,85.099437293257,64.7419769609909,12.3577124351896,R8,
1.6774813968152,0.403868202712377,0.596131797287623,0.411527496171045,0.588472503828955,0.309011676722062,0.326747205322121,1.58887576033818,0.511118573830868,0.60149698334435,0.280330745257872,0.3169,0.331,2.7,6269.80929733524,61.0064034316133,13.1934448567414,53.388965374097,87.9183722745129,70.5358267225138,49.0170777207255,63.6104926918248,85.2951156191107,65.0919321933804,13.1934448567414,R8,
1.69130754777062,0.408741478557142,0.591258521442858,0.416493192883682,0.583506807116319,0.308850690532716,0.326660413594001,1.57546837921406,0.506407206381911,0.596550533698345,0.27824775082455,0.3169,0.331,2.7,6269.80929732155,61.3942368486226,14.0159865963192,53.848246457592,88.0542247123029,70.7765214337214,49.5380038446644,63.9971406182486,85.4875109417003,65.4362601844319,14.0159865963192,R8,
1.70513369872603,0.413535724062495,0.586464275937505,0.42137836045963,0.57862163954037,0.30868970434337,0.326573621865881,1.562278426759,0.50177224358979,0.591684301057669,0.276198536493627,0.3169,0.331,2.7,6269.80929733233,61.7758258712991,14.8256474285723,54.3000460583443,88.1878502248832,71.0131753385323,50.0505684709247,64.3775242958382,85.676699751715,65.7750954015826,14.8256474285723,R8,
1.71895984968144,0.418252846228304,0.581747153771696,0.426184942064696,0.573815057935304,0.308528718154024,0.326486830137761,1.54930065642532,0.497211841812284,0.586896349788239,0.274182287152184,0.3169,0.331,2.7,6269.80929732343,62.1513191167161,15.6227274996958,54.7445452261363,88.3193030305418,71.245888012379,50.5549713051445,64.7517937194224,85.8627560797411,66.1085680606676,15.6227274996958,R8,
1.73278600063685,0.422894691189525,0.577105308810475,0.430914818845477,0.569085181154523,0.308367731964679,0.326400038409641,1.53652998911721,0.492724216249924,0.58218480603479,0.272198213702914,0.3169,0.331,2.7,6269.80929732155,62.5208605059353,16.4075176972519,55.1819192136895,88.4486356006271,71.4747557857891,51.0514057429696,65.1200941229242,86.0457515925214,66.4368042917092,16.4075176972519,R8,
1.74661215159227,0.427463046625223,0.572536953374777,0.435569812384078,0.564430187615922,0.308206745775333,0.326313246681521,1.52396150656299,0.488307638617009,0.577547855275681,0.270245552034435,0.3169,0.331,2.7,6269.80929734087,62.8845894481738,17.1803000053917,55.6123377071897,88.5758987292187,71.699871876325,51.5400591179699,65.4825661669071,86.2257556839723,66.7599262984158,17.1803000053917,R8,
1.76043830254768,0.431959644054088,0.568040355945912,0.440151687037151,0.559848312962849,0.308045759585987,0.326226454953401,1.51159044499969,0.483960434922358,0.572983739992913,0.268323562040111,0.3169,0.331,2.7,6269.80929732196,63.2426410162901,17.9413478436723,56.0359650458463,88.7011415995206,71.9213265139823,52.0211129378412,65.8393461172453,86.4028355620113,67.0780525102016,17.9413478436723,R8,
1.77426445350309,0.436386161022609,0.563613838977391,0.444662152165576,0.555337847834424,0.307884773396642,0.326139663225281,1.49941218915294,0.479680983353832,0.568490757451099,0.266431526682757,0.3169,0.331,2.7,6269.80929733524,63.5951461128629,18.6909263877829,56.4529604298719,88.8244118474665,72.1392070579282,52.494743107459,66.1905660146725,86.5770563322516,67.3912977254708,18.6909263877829,R8,
1.7880906044585,0.440744223191735,0.559255776808265,0.449102864260694,0.550897135739306,0.307723787207296,0.326052871497161,1.48742226649613,0.475467712260998,0.564067257579468,0.26456875110273,0.3169,0.331,2.7,6269.80929732343,63.9422316308532,19.429292880648,56.8634781209807,88.9457556217307,72.353598112331,52.9611201454909,66.5363538379533,86.748481076347,67.6997732513441,19.429292880648,R8,
1.80191675541392,0.445035406327474,0.554964593672526,0.453475428972652,0.546524571027348,0.30756280101795,0.325966079769041,1.47561634177384,0.471319098230674,0.559711640951381,0.262734561767088,0.3169,0.331,2.7,6269.80929733312,64.2840206046078,20.1566969245975,57.2676676313302,89.0652176416261,72.5645816318676,53.420409387114,66.8768336580387,86.9171709283658,68.0035870339226,20.1566969245975,R8,
1.81574290636933,0.449261238200538,0.550738761799462,0.457781403046081,0.542218596953919,0.307401814828605,0.325879288040921,1.46399021177558,0.467233664250387,0.555422356856156,0.260928305657616,0.3169,0.331,2.7,6269.80929733428,64.6206323559925,20.873380764873,57.6656739057157,89.1828412517496,72.7722370264177,53.8727711809468,67.212125786542,87.0831851463747,68.3028437853205,20.873380764873,R8,
1.82956905732474,0.453423200399861,0.546576799600139,0.462022296168003,0.537977703831997,0.307240828639259,0.325792496312801,1.45253980034639,0.463209977955111,0.551197901458328,0.259149349495675,0.3169,0.331,2.7,6269.80929731929,64.9521826326385,21.5795795577954,58.0576374941967,89.2986684745188,72.9766412581507,54.3183610748487,67.5423469166228,87.246581181713,68.597645103262,21.5795795577954,R8,
1.84339520828015,0.4575227300645,0.5424772699355,0.466199572732579,0.533800427267421,0.307079842449913,0.325705704584681,1.44126115362204,0.459246649952909,0.547036816039734,0.257397079001925,0.3169,0.331,2.7,6269.80929734087,65.2787837403024,22.2755216278538,58.4436947172055,89.4127400602497,73.1778689347167,54.7573299939065,67.8676102577419,87.407414744992,68.888089585753,22.2755216278538,R8,
1.85722135923556,0.461561221538179,0.538438778461821,0.47031465352703,0.52968534647297,0.306918856260568,0.325618912856561,1.43015043547702,0.455342332225354,0.542937685320131,0.25567089818913,0.3169,0.331,2.7,6269.80929732492,65.600544670466,22.9614287160264,58.8239778243084,89.5250955346599,73.375992400503,55.1898244124413,68.1880256651879,87.5657398684249,69.174272942176,22.9614287160264,R8,
1.87104751019098,0.465540027950476,0.534459972049524,0.474368917342813,0.525631082657187,0.306757870071222,0.325532121128441,1.4192039231744,0.451495716598878,0.538899135852268,0.253970228686297,0.3169,0.331,2.7,6269.80929733312,65.9175712201691,23.637516212731,59.1986151438128,89.6357732448536,73.5710818192367,55.6159865147499,68.5036997624364,87.7216089669167,69.4562880966155,23.637516212731,R8,
1.88487366114639,0.469460462728417,0.530539537271583,0.478363702515878,0.521636297484122,0.306596883881876,0.325445329400321,1.40841800320713,0.447705533283401,0.534919834487589,0.252294509092582,0.3169,0.331,2.7,6269.80929733195,66.2299661089764,24.3039933859921,59.5677312280802,89.7448104026154,73.7632052578012,56.035954352856,68.8147360597079,87.87507289483,69.7342252899282,24.3039933859921,R8,
1.8986998121018,0.473323801042024,0.526676198957976,0.482300308399636,0.517699691600364,0.306435897692531,0.325358537672201,1.39778916732098,0.443970549474802,0.530998486908985,0.250643194359407,0.3169,0.331,2.7,6269.80929732934,66.5378290891361,24.961063596093,59.9314469907425,89.8522431262733,73.9524287626876,56.4498619944816,69.1212350662591,88.0261810015435,70.0081721750085,24.961063596093,R8,
1.91252596305721,0.47713128118717,0.52286871881283,0.486179996774035,0.513820003225965,0.306274911503185,0.325271745944081,1.3873140087101,0.440289568018015,0.527133836227174,0.249015755199393,0.3169,0.331,2.7,6269.80929732492,66.8412570518808,25.608924503165,60.2898798388435,89.9581064804922,74.1388164348861,56.8578396661163,69.423294398349,88.1749811839668,70.2782139092273,25.608924503165,R8,
1.92635211401263,0.480884105908871,0.519115894091129,0.490003993193953,0.509996006806047,0.306113925313839,0.325184954215961,1.37698921837633,0.436661426127697,0.523324661637536,0.247411677520733,0.3169,0.331,2.7,6269.80929732711,67.1403441288837,26.2477682653629,60.6431437989216,90.0624345144176,74.3224305008677,57.2600138895045,69.7210088824449,88.3215199370736,70.5444332424771,26.2477682653629,R8,
1.94017826496804,0.484583443668011,0.515416556331989,0.493773488279937,0.506226511720063,0.305952939124494,0.325098162487841,1.36681158164417,0.433084994163595,0.519569777134373,0.245830461885763,0.3169,0.331,2.7,6269.80929734161,67.4351817895457,26.8777817291722,60.9913496378711,90.1652602981531,74.5033313807053,57.6565076125142,70.014470654062,88.4658424021496,70.806910601738,26.8777817291722,R8,
1.95400441592345,0.488230429854271,0.511769570145729,0.497489638954149,0.502510361045851,0.305791952935148,0.325011370759721,1.3567779748238,0.429559174457903,0.515868030279762,0.244271622992507,0.3169,0.331,2.7,6269.80929732343,67.7258589343726,27.4991466122249,61.3346049787905,90.2666159576041,74.6815777536742,58.0474403348571,70.3037692525972,88.6079924129173,71.0657241723153,27.4991466122249,R8,
1.96783056687886,0.491826167947945,0.508173832052055,0.5011535696242,0.4988464303758,0.305630966745802,0.324924579031602,1.34688536201466,0.426082900192061,0.5122183010243,0.242734689178089,0.3169,0.331,2.7,6269.80929733307,68.0124619834666,28.1120396764925,61.6730144109921,90.366532708134,74.8572266189515,58.432928226862,70.5889917115096,88.7480125403974,71.320949974394,28.1120396764925,R8,
1.98165671783428,0.495371730633101,0.504628269366899,0.504766373317436,0.495233626682564,0.305469980556457,0.324837787303482,1.33713079204292,0.422655134320564,0.508619500577221,0.241219201942925,0.3169,0.331,2.7,6269.80929732934,68.2950749630829,28.7166328982588,62.006679597098,90.4650408863074,75.0303333573691,58.8130842462643,70.8702226458972,88.8859441346953,71.5726619387729,28.7166328982588,R8,
1.99548286878969,0.49886816086448,0.50113183913552,0.50832911276806,0.49167088723194,0.305308994367111,0.324750995575362,1.32751139552624,0.419274868539516,0.505070570323486,0.2397247154947,0.3169,0.331,2.7,6269.80929732114,68.5737795869138,29.3130936274804,62.335699373986,90.5621699807759,75.200951786975,59.188018247308,71.1475443353358,89.021827366246,71.8209319772036,29.3130936274804,R8,
2.0093090197451,0.502316472890337,0.497683527109663,0.511842821459379,0.488157178540621,0.305148008177765,0.324664203847242,1.31802438205968,0.415941122297771,0.501570480785575,0.238250796311173,0.3169,0.331,2.7,6269.80929733524,68.8486553349107,29.9015847426397,62.6601698504104,90.6579486616386,75.3691342180937,59.5578370868385,71.421036803873,89.1557012647727,72.065830051019,29.9015847426397,R8,
2.02313517070051,0.505717653233348,0.494282346766652,0.515308504623305,0.484691495376695,0.304987021988419,0.324577412119122,1.30866703751708,0.412652941848616,0.498118230627859,0.236797022720903,0.3169,0.331,2.7,6269.80929734013,69.1197795291282,30.4822647999613,62.9801845008429,90.7524048085349,75.534931506518,59.9226447264508,71.6907778969143,89.2876037564914,72.3074242373118,30.4822647999613,R8,
2.03696132165592,0.509072661631562,0.490927338368439,0.518727140199161,0.481272859800839,0.304826035799074,0.324490620391002,1.29943672146227,0.40940939934008,0.494712845701514,0.235362984501061,0.3169,0.331,2.7,6269.80929734013,69.3872274056824,31.0552881748753,63.2958342546529,90.8455655378024,75.6983931028213,60.2825423291456,71.9568433544492,89.4175717003776,72.5457807913353,31.0552881748753,R8,
2.05078747261134,0.512382431941294,0.487617568058706,0.522099679753694,0.477900320246306,0.304665049609728,0.324403828662882,1.29033086466503,0.406209591942034,0.49135337812807,0.233948282491497,0.3169,0.331,2.7,6269.80929734278,69.6510721844275,31.6208051992789,63.6072075822801,90.937457228358,75.859567100866,60.6376283531176,72.2193068817324,89.5456409225572,72.7809642072297,31.6208051992789,R8,
2.06461362356675,0.515647873003745,0.484352126996255,0.525427049364125,0.474572950635875,0.304504063420382,0.324317036934762,1.28134696671686,0.403052641008373,0.488038905419787,0.232552528224327,0.3169,0.331,2.7,6269.80929732343,69.9113851358783,32.1789622934725,63.9143905779473,91.0281055465371,76.0185002843987,60.9879986418418,72.4782402171446,89.6718462493019,73.0130372763827,32.1789622934725,R8,
2.07843977452216,0.51886986947702,0.48113013052298,0.528710150465954,0.471289849534046,0.304343077231037,0.324230245206642,1.27248259374192,0.399937691272633,0.484768529635133,0.231175343568296,0.3169,0.331,2.7,6269.80929733312,70.1682356447864,32.7299020914386,64.2174670383873,91.1175354701151,76.1752381702741,61.3337465094291,72.7337131969073,89.7962215392017,73.2420611425385,32.7299020914386,R8,
2.09226592547757,0.522049282635168,0.477950717364832,0.53194986066715,0.46805013933285,0.304182091041691,0.324143453478522,1.2637353761987,0.396863910075499,0.481541376567753,0.229816360387246,0.3169,0.331,2.7,6269.80929733561,70.421691272524,33.2737635641726,64.516518539716,91.2057713110102,76.3298250526907,61.6749628248147,72.9857938180994,89.9187997131557,73.4680953565326,33.2737635641726,R8,
2.10609207643299,0.525186951135743,0.474813048864257,0.535147034530267,0.464852965469733,0.304021104852345,0.324056661750402,1.25510300676828,0.39383048662275,0.47835659496738,0.228475220212033,0.3169,0.331,2.7,6269.80929731855,70.6718178157218,33.8106821354086,64.8116245099858,91.2928367374498,76.4823040428942,62.0117360904619,73.2345482983542,90.0396127841019,73.6911979271182,33.8106821354086,R8,
2.1199182273884,0.52828369175733,0.47171630824267,0.538302504323963,0.461697495676037,0.303860118663,0.323969870022282,1.2465832383253,0.390836631272231,0.475213355791237,0.227151573925288,0.3169,0.331,2.7,6269.8092973197,70.9186793630154,34.3407897937946,65.1028622992765,91.3787547951605,76.6327171081257,62.3441525186598,73.4800411334493,90.1586918852887,73.9114253703683,34.3407897937946,R8,
2.13374437834381,0.5313403001084,0.4686596998916,0.541417080745288,0.458582919254712,0.303699132473654,0.323883078294162,1.23817388198772,0.387881574848551,0.472110851484537,0.225845081458426,0.3169,0.331,2.7,6269.80929732562,71.1623383502422,34.8642152021994,65.3903072476726,91.4635479275334,76.7811051103475,62.67229610595,73.7223351531445,90.2760672970701,74.1288327580196,34.8642152021994,R8,
2.14757052929922,0.534357551308775,0.465642448691225,0.544491553614087,0.455508446385913,0.303538146284308,0.323796286566042,1.22987280524197,0.384964567984257,0.469048295288783,0.22455541150037,0.3169,0.331,2.7,6269.80929731929,71.4028556127954,35.3810838013609,65.6740327498971,91.5472379952282,76.9275078419352,62.9962487034724,73.9614915743395,90.3917684731041,74.3434737630261,35.3810838013609,R8,
2.16139668025464,0.537336200644951,0.462663799355049,0.547526692540735,0.452473307459265,0.303377160094963,0.323709494837922,1.22167793014001,0.38208488048629,0.466024920576612,0.22328224121744,0.3169,0.331,2.7,6269.80929733312,71.6402904359551,35.891517909549,65.954110317433,91.6298462950157,77.0719640599094,63.3160900845957,74.1975700522119,90.505824065612,74.5554007033141,35.891517909549,R8,
2.17522283121005,0.540276984200413,0.459723015799587,0.550523247568421,0.449476752431579,0.303216173905617,0.323622703109802,1.21358723156526,0.379241800726602,0.463039980212007,0.222025255983942,0.3169,0.331,2.7,6269.80929733048,71.8747006041546,36.3956368203957,66.2306096390851,91.7113935776561,77.214511520602,63.6318980113889,74.4306287299631,90.6182619491017,74.7646645850446,36.3956368203957,R8,
2.18904898216546,0.543180619462075,0.456819380537925,0.553481949791079,0.446518050208921,0.303055187716271,0.323535911381682,1.20559873556409,0.376434635055868,0.460092745934759,0.220784149122951,0.3169,0.331,2.7,6269.80929732677,72.1061424472282,36.8935568945561,66.5035986380981,91.7919000654434,77.35518701054,63.9437482966364,74.6607242859067,90.7291092439676,74.9713151426775,36.8935568945561,R8,
2.20287513312087,0.546047805903881,0.453952194096119,0.556403511948059,0.443596488051941,0.302894201526926,0.323449119653562,1.19771051774024,0.373662707239279,0.457182507768099,0.219558621656864,0.3169,0.331,2.7,6269.80929733307,72.3346708857892,37.3853916498854,66.7731435279722,91.8713854688116,77.4940263779424,64.2517148649848,74.88791197937,90.838392338642,75.175400878705,37.3853916498854,R8,
2.21670128407628,0.548879225548558,0.451120774451442,0.559288628996536,0.440711371003464,0.30273321533758,0.323362327925442,1.18992070170935,0.370925357913446,0.454308573448508,0.218348382067287,0.3169,0.331,2.7,6269.80929733524,72.5603394747565,37.8712518479692,67.0393088660056,91.9498690023995,77.6310645626732,64.5558698115176,75.1122456947652,90.9461369110261,75.3769691016955,37.8712518479692,R8,
2.2305274350317,0.551675543508484,0.448324456491516,0.562137978662636,0.437862021337364,0.302572229148234,0.323275536197322,1.18222745761088,0.368221944063503,0.451470267876733,0.217153146063854,0.3169,0.331,2.7,6269.80929733312,72.783200444985,38.3512455768712,67.3021576045573,92.0273694005504,77.7663356244508,64.8562834577153,75.333777983853,91.0523679493368,75.5760659625452,38.3512455768712,R8,
2.24435358598711,0.554437408506565,0.445562591493435,0.564952221972184,0.435047778027816,0.302411242958889,0.323188744469202,1.1746290006751,0.36555183851954,0.448666932589086,0.215972636361582,0.3169,0.331,2.7,6269.8092973197,73.0033047436567,38.8254783315471,67.5617511407066,92.1039049322032,77.8998727706049,65.1530244058067,75.5525601066141,91.1571097719773,75.7727364897939,38.8254783315471,R8,
2.25817973694252,0.557165453377969,0.442834546622031,0.567732003761964,0.432267996238036,0.302250256769543,0.323101952741082,1.1671235898427,0.362914429471531,0.445897925248175,0.21480658246642,0.3169,0.331,2.7,6269.80929734087,73.2207020728074,39.2940530905028,67.8181493636781,92.1794934152938,78.0317083819738,65.4461595905208,75.7686420703961,91.2603860469638,75.9670246231298,39.2940530905028,R8,
2.27200588789793,0.559860295553546,0.440139704446454,0.5704779531723,0.4295220468277,0.302089270580197,0.323015161012962,1.15970952643479,0.360309120001982,0.443162619152227,0.213654720468615,0.3169,0.331,2.7,6269.80929732155,73.4354409276011,39.7570703922546,68.0714107016721,92.2541522303548,78.1618740402045,65.7357543308304,75.9820726683714,91.3622198098671,76.1589732472535,39.7570703922546,R8,
2.28583203885335,0.562522537525708,0.437477462474292,0.573190684121771,0.426809315878229,0.301928284390852,0.322928369284842,1.15238515287122,0.357735327635527,0.440460402762214,0.212516792843581,0.3169,0.331,2.7,6269.80929733428,73.647568631068,40.214628404327,68.3215921648614,92.3278983341757,78.2904005496006,66.021872376269,76.192899515176,91.4626334825703,76.3486242215637,40.214628404327,R8,
2.29965818980876,0.565152767297491,0.434847232702509,0.575870795764794,0.424129204235206,0.301767298201506,0.322841577556722,1.14514885143505,0.355192483904781,0.437790679246045,0.211392548259956,0.3169,0.331,2.7,6269.80929731929,73.857131370273,40.666822995695,68.5687493894468,92.4007482722505,78.4173179636753,66.3045759560277,76.401169083073,91.5616488895702,76.5360184124457,40.666822995695,R8,
2.31348434076417,0.567751558815528,0.432248441184472,0.578518872932805,0.421481127067195,0.30160631201216,0.322754785828602,1.13799904308143,0.35268003393176,0.435152866039095,0.21028174139454,0.3169,0.331,2.7,6269.80929732155,74.0641742286795,41.1137478011833,68.8129366776974,92.4727181914776,78.5426556055297,66.5839258220994,76.6069267350911,91.6592872753692,76.7211957209881,41.1137478011833,R8,
2.32731049171958,0.570319472387576,0.429680527612424,0.581135486559705,0.418864513440295,0.301445325822814,0.322667994100482,1.1309341862888,0.350197436024219,0.432546394420404,0.209184132753819,0.3169,0.331,2.7,6269.80929734011,74.268741219254,41.5554942877453,69.0542070383493,92.5438238518575,78.6664420914174,66.8599812940619,76.8102167583033,91.7555693200207,76.9041951122766,41.5554942877453,R8,
2.341136642675,0.572857055085262,0.427142944914738,0.583721194092243,0.416278805907758,0.301284339633469,0.322581202372362,1.12395277595095,0.347744161286292,0.429970709103892,0.208099488501831,0.3169,0.331,2.7,6269.80929731625,74.4708753157452,41.9921518170086,69.2926122249756,92.6140806379741,78.7887053520536,67.1328003011487,77.0110823954552,91.8505151545708,77.085054642775,41.9921518170086,R8,
2.35496279363041,0.575364841132627,0.424635158867373,0.586276539885929,0.413723460114071,0.301123353444123,0.322494410644242,1.11705334230799,0.345319693242851,0.42742526784397,0.207027580294083,0.3169,0.331,2.7,6269.80929731855,74.6706184818955,42.4238077035141,69.5282027720114,92.6835035703436,78.9094726511741,67.4024394212674,77.2095658748349,91.9441443766103,77.2638114854086,42.4238077035141,R8,
2.36878894458582,0.577843352281075,0.422156647718925,0.588802055587098,0.411197944412903,0.300962367254777,0.322407618916122,1.11023444991484,0.342923527477021,0.424909541054971,0.205968185117286,0.3169,0.331,2.7,6269.8092973304,74.8680117015777,42.8505472752553,69.7610280314274,92.7521073158059,79.0287706074264,67.6689539218441,77.4057084404008,92.0364760640163,77.4405019564459,42.8505472752553,R8,
2.38261509554123,0.580293098171259,0.419706901828741,0.591298260501652,0.408701739498348,0.300801381065432,0.322320827188002,1.10349469664554,0.34055517128031,0.422423011443823,0.204921085134676,0.3169,0.331,2.7,6269.80929732155,75.0630950065256,43.2724539291247,69.9911362067768,92.8199061979489,79.1466252126735,67.9323977970085,77.5995503799633,92.1275287891467,77.615161539562,43.2724539291247,R8,
2.39644124649665,0.582714576682446,0.417285423317554,0.593765661951055,0.406234338048945,0.300640394876086,0.322234035459882,1.09683271273215,0.338214143314859,0.419965173655442,0.203886067536682,0.3169,0.331,2.7,6269.80929732934,75.2559075030445,43.6896091843607,70.2185743860109,92.8869142071856,79.2630618494985,68.1928238033857,77.7911310523156,92.2173206325794,77.7878249090193,43.6896091843607,R8,
2.41026739745206,0.585108274269851,0.414891725730149,0.596204755616067,0.403795244383933,0.30047940868674,0.322147243731762,1.09024715983662,0.335899973287308,0.417535533930332,0.202862924396739,0.3169,0.331,2.7,6269.80929733041,75.4464873988465,44.1020927364559,70.4433885741521,92.9531450101808,79.378105310244,68.4502834963759,77.9804889141673,92.305869195758,77.9585259534383,44.1020927364559,R8,
2.42409354840747,0.587474666290433,0.412525333709567,0.598616025868711,0.401383974131289,0.300318422497395,0.322060452003642,1.08373673015448,0.333612201633828,0.415133609773896,0.201851452532033,0.3169,0.331,2.7,6269.80929732155,75.6348720279516,44.509982507034,70.665623723852,93.0186119592494,79.4917798132855,68.7048272635017,78.1676615454428,92.3931916138567,78.1272977973909,44.509982507034,R8,
2.43791969936288,0.589814217317602,0.410185782682398,0.600999946092956,0.399000053907044,0.300157436308049,0.321973660275522,1.07730014554902,0.331350379215871,0.412758929637006,0.200851453368985,0.3169,0.331,2.7,6269.80929734087,75.821097875041,44.9133546926768,70.8853237652082,93.0833281013634,79.6041090193064,68.9565043571187,78.3526856739251,92.4793045680723,78.2941728226567,44.9133546926768,R8,
2.45174585031829,0.592127381445277,0.407872618554724,0.603356978994535,0.396643021005465,0.299996450118703,0.321886868547402,1.07093615671476,0.329114067026212,0.410411032607377,0.199862732813287,0.3169,0.331,2.7,6269.80929734013,76.0052005997285,45.3122838137893,71.1025316352597,93.1473061866138,79.7151160485668,69.2053629272257,78.5355971995695,92.5642242970382,78.4591826897652,45.3122838137893,R8,
2.46557200127371,0.594414602581712,0.405585397418288,0.60568757690035,0.39431242309965,0.299835463929358,0.321800076819282,1.06464354236906,0.326902835904882,0.408089468111329,0.198885101124309,0.3169,0.331,2.7,6269.80929732343,76.1872150587197,45.7068427589561,71.3172893052239,93.2105586767848,79.8248234948692,69.4514500510349,78.7164312171171,92.6479666087344,78.6223583570368,45.7068427589561,R8,
2.47939815222912,0.5966763147335,0.4033236852665,0.607992182047855,0.392007817952145,0.299674477740012,0.321713285091162,1.05842110847079,0.324716266264608,0.405793795625522,0.197918372793712,0.3169,0.331,2.7,6269.80929732155,76.3671753280364,46.0971028296229,71.5296378076111,93.2730977534001,79.9332534406942,69.6948117628744,78.8952220384862,92.7305468915009,78.7837301001018,46.0971028296229,R8,
2.49322430318453,0.598912942280113,0.401087057719887,0.610271226864811,0.389728773135189,0.299513491550666,0.321626493363042,1.05226768746501,0.322553947825386,0.403523584398289,0.196962366428093,0.3169,0.331,2.7,6269.80929731855,76.545114724751,46.483133783847,71.7396172626511,93.3349353254286,80.0404274723317,69.9354930834845,79.0720032145957,92.811980124586,78.9433275310835,46.483133783847,R8,
2.50705045413994,0.601124900239371,0.398875099760629,0.612525134239781,0.387474865760219,0.299352505361321,0.321539701634922,1.04618213755259,0.320415479357834,0.401278413180184,0.196016904635524,0.3169,0.331,2.7,6269.80929733428,76.7210658272477,46.8650038769527,71.9472669031062,93.3960830369565,80.1463666929198,70.173538047124,79.2468075559437,92.8922808888539,79.1011796161251,46.8650038769527,R8,
2.52087660509536,0.603312594524168,0.396687405475832,0.614754317783729,0.385245682216271,0.299191519171975,0.321452909906802,1.04016334198393,0.318300468435,0.399057869963402,0.19508181391581,0.3169,0.331,2.7,6269.80929733312,76.8950604956805,47.2427799027677,72.1526250990915,93.4565522743587,80.2510917368126,70.408989729157,79.4196671530972,92.9714633766522,79.2573146935066,47.2427799027677,R8,
2.53470275605077,0.605476422190796,0.394523577809204,0.616959182083053,0.383040817916947,0.299030532982629,0.321366118178682,1.03421020837576,0.316208531192283,0.396861551729724,0.194156924554356,0.3169,0.331,2.7,6269.80929732196,77.0671298908389,47.6165272314864,72.3557293811958,93.5163541735056,80.3546227815513,70.6418902712346,79.5906133958622,93.0495414019675,79.4117604899077,47.6165272314864,R8,
2.54852890700618,0.607616771679186,0.392383228320814,0.619140122944386,0.380859877055614,0.298869546793284,0.321279326450562,1.02832166805016,0.314139292095172,0.394689064206665,0.193242070519473,0.3169,0.331,2.7,6269.80929731855,77.2373044930447,47.9863098477024,72.5566164634351,93.5754996265444,80.4569795607389,70.8722809067136,79.7596769922943,93.1265284099234,79.5645441370055,47.9863098477024,R8,
2.56235505796159,0.609734023045377,0.390265976954623,0.621297527631464,0.378702472368536,0.298708560603938,0.321192534722442,1.02249667539505,0.312092383714509,0.392540021631526,0.192337089363018,0.3169,0.331,2.7,6269.80929732343,77.4056141204304,48.3521903872522,72.7553222654639,93.6339992884592,80.5581813764788,71.1002019851996,79.9268879870526,93.2024374860075,79.7156921875297,48.3521903872522,R8,
2.57618120891701,0.611828548186489,0.388171451813511,0.623431775094374,0.376568224905626,0.298547574414592,0.321105742994322,1.01673420724519,0.310067446508983,0.390414046523031,0.191441822124231,0.3169,0.331,2.7,6269.80929733042,77.5720879464564,48.7142301724435,72.951881933887,93.6918635834989,80.6582471110012,71.3256929960351,80.0922757790594,93.2772813651817,79.8652306305449,48.7142301724435,R8,
2.59000735987242,0.613900711058497,0.386099288941503,0.625543236191457,0.374456763808543,0.298386588225246,0.321018951266203,1.01103326228307,0.308064128614593,0.388310769460289,0.190556113236653,0.3169,0.331,2.7,6269.80929734087,77.7367545168511,49.0724892461577,73.1463298628616,93.7491027113578,80.7571952378836,71.5487925909776,80.2558691385754,93.3510724407748,80.0131849062208,49.0724892461577,R8,
2.60383351082783,0.615950867887067,0.384049132112933,0.627632273904139,0.372367726095861,0.298225602035901,0.320932159538083,1.00539286045882,0.306082085640819,0.386229828868792,0.189679810438005,0.3169,0.331,2.7,6269.8092973197,77.8996417663197,49.4270264055273,73.3386997143352,93.8057266531312,80.85504383349,71.7695386066486,80.4176962239206,93.4238227729607,80.1595799205441,49.4270264055273,R8,
2.61765966178324,0.617979367371706,0.382020632628294,0.629699243544956,0.370300756455044,0.298064615846555,0.320845367809963,0.999812042428619,0.30412098047325,0.384170870813197,0.188812764682933,0.3169,0.331,2.7,6269.80929733524,78.0607770338145,49.7778992325383,73.5290244367276,93.8617451772843,80.9518105862004,71.9879680847941,80.5777845970657,93.4955440976118,80.3044400582934,49.7778992325383,R8,
2.63148581273865,0.619986550883482,0.380013449116518,0.631744492959021,0.368255507040979,0.297903629657209,0.320758576081843,0.994289869010643,0.30218048308244,0.382133548796641,0.18795483005849,0.3169,0.331,2.7,6269.80929731855,78.2201870792205,50.1251641278743,73.7173362848821,93.9171678449386,81.0475128091518,72.2041172949421,80.7361612399885,93.5662478337636,80.4477891982226,50.1251641278743,R8,
2.64531196369407,0.621972752656537,0.378027247343463,0.633768362719171,0.366231637280829,0.297742643467864,0.320671784353723,0.988825420658239,0.300260270338751,0.380117523566349,0.187105863702282,0.3169,0.331,2.7,6269.80929732711,78.3778980970458,50.4688763381983,73.9036668369596,93.972004015684,81.1421674475275,72.4180217523534,80.8928525688444,93.6359450924645,80.5896507243346,50.4688763381983,R8,
2.65913811464948,0.62393829997363,0.37606170002637,0.635771186315029,0.364228813684971,0.297581657278518,0.320584992625603,0.983417796949422,0.298360025832977,0.378122462925305,0.186265725723157,0.3169,0.331,2.7,6269.80929732269,78.5339357320873,50.8090899879175,74.0880470131209,94.0262628525196,81.2357910904922,72.6297162392695,81.047884449322,93.7046466839507,80.7300475401057,50.8090899879175,R8,
2.67296426560489,0.625883513345922,0.374116486654078,0.637753290336196,0.362246709663804,0.297420671089172,0.320498200897483,0.97806611609227,0.296479439702533,0.376148041549771,0.185434279124365,0.3169,0.331,2.7,6269.80929732343,78.6883250927798,51.145858105884,74.2705070918486,94.0799533271674,81.3283999789865,72.8392348225351,81.2012822102676,93.7723631258101,80.8690020797394,51.145858105884,R8,
2.6867904165603,0.627808706687206,0.372191293312794,0.639714994649789,0.360285005350211,0.297259684899827,0.320411409169363,0.97276951444557,0.294618208463014,0.374193940812438,0.184611389729078,0.3169,0.331,2.7,6269.8092973197,78.8410907653137,51.4792326538892,74.4510767268997,94.1330842249127,81.420010015647,73.0466108725497,81.3530706576715,93.8391046502651,81.0065363206749,51.4792326538892,R8,
2.70061656751572,0.629714187482788,0.370285812517212,0.641656612572521,0.358343387427479,0.297098698710481,0.320324617441243,0.967527146054193,0.29277603484492,0.372259848611008,0.183796926108213,0.3169,0.331,2.7,6269.80929732196,78.9922568266774,51.8092645528359,74.6297849630788,94.1856641494377,81.5106367731099,73.2518770806083,81.503274087804,93.904881211731,81.142671794814,51.8092645528359,R8,
2.71444271847113,0.631600256953208,0.368399743046792,0.643578451037529,0.356421548962471,0.296937712521135,0.320237825713123,0.962338182198671,0.290952627635383,0.37034545920202,0.182990759510449,0.3169,0.331,2.7,6269.80929733312,79.141846857692,52.1360037089738,74.8066602519289,94.2377015274434,81.6002955027835,73.4550654762875,81.6519163001792,93.9697024939967,81.277429599943,52.1360037089738,R8,
2.72826886942654,0.633467210212976,0.366532789787024,0.645480810756123,0.354519189243877,0.29677672633179,0.320151033985003,0.957201810958469,0.289147701524697,0.368450473039723,0.182192763794374,0.3169,0.331,2.7,6269.80929733307,79.2898839556061,52.4594990392157,74.981730466851,94.2892046131093,81.6890011432755,73.6562074442451,81.7990206101117,94.0335779173408,81.4108304106993,52.4594990392157,R8,
2.74209502038195,0.635315336424517,0.364684663575483,0.647363986374643,0.352636013625357,0.296615740142444,0.320064242256883,0.952117236788464,0.28736097695749,0.366574596619826,0.181402815362694,0.3169,0.331,2.7,6269.80929732114,79.4363907460343,52.7797984950621,75.1550229175039,94.3401814925298,81.7767683279345,73.8553337400295,81.9446098606779,94.0965166456992,81.5428944888379,52.7797984950621,R8,
2.75592117133737,0.637144918947471,0.362855081052529,0.649228266626599,0.350771733373401,0.296454753953098,0.319977450528763,0.947083680108183,0.285592179988386,0.364717542327952,0.180620793098408,0.3169,0.331,2.7,6269.80929732562,79.5813893947158,53.0969490861903,75.326564363922,94.3906400879462,81.8636113925126,74.0524745056797,82.0887064344366,94.1585275936318,81.6736416934072,53.0969490861903,R8,
2.76974732229278,0.638956235483529,0.361043764516471,0.651073934480248,0.348926065519752,0.296293767763753,0.319890658800643,0.942100376903332,0.283841042141981,0.362879028292633,0.179846578302903,0.3169,0.331,2.7,6269.80929732155,79.7249016193958,53.4109969043527,75.4963810306607,94.4405881617393,81.9495443835194,74.2476592856033,82.2313322651083,94.2196194329378,81.8030914912449,53.4109969043527,R8,
2.78357347324819,0.640749558216947,0.359250441783053,0.652901267281775,0.347098732718225,0.296132781574407,0.319803867072523,0.937166578339208,0.282107300276994,0.361058778242676,0.179080054635897,0.3169,0.331,2.7,6269.80929733457,79.8669487004417,53.7219871445398,75.6644986196084,94.4900333205556,82.0345810644433,74.4409170404846,82.3725088482766,94.2798005997202,81.9312629659055,53.7219871445398,R8,
2.7973996242036,0.642525153950898,0.357474846049102,0.654710536894231,0.345289463105769,0.295971795385061,0.319717075344403,0.932281550385577,0.280390696454448,0.359256521368774,0.178321108057155,0.3169,0.331,2.7,6269.80929733195,80.0075514922269,54.0299641278716,75.8309423234551,94.5389830190041,82.1187349239421,74.6322761625031,82.5122572525008,94.3390793007691,82.0581748277696,54.0299641278716,R8,
2.81122577515902,0.644283284239795,0.355716715760205,0.656502009832366,0.343497990167634,0.295810809195716,0.319630283616283,0.927444573452612,0.278690977809743,0.357471992189189,0.17756962676993,0.3169,0.331,2.7,6269.80929733307,80.1467304331009,54.3349713214018,75.9957368376975,94.5874445635581,82.2020191815753,74.8217644883434,82.6505981293543,94.3974635205105,82.1838454223663,54.3349713214018,R8,
2.82505192611443,0.646024205517738,0.353975794482262,0.658275947393508,0.341724052606492,0.29564982300637,0.319543491888163,0.922654942037528,0.277007896428478,0.355704930419384,0.176825501166061,0.3169,0.331,2.7,6269.80929733307,80.284505556012,54.637051359423,76.1589063732068,94.6354251160994,82.2844467952202,75.009409313296,82.7875517237789,94.4549610273462,82.3082927397255,54.637051359423,R8,
2.83887807706984,0.64774816922319,0.35225183077681,0.660032605784612,0.339967394215388,0.295488836817024,0.319456700160043,0.917911964381548,0.275341209225911,0.353955080845463,0.176088623772682,0.3169,0.331,2.7,6269.80929732562,80.420896498353,54.936246063057,76.3204746679212,94.6829316974535,82.3660304673159,75.1952374041946,82.9231378838457,94.5115793802547,82.4315344227815,54.936246063057,R8,
2.85270422802525,0.649455421920051,0.350544578079949,0.661772236245618,0.338227763754382,0.295327850627678,0.319369908431923,0.913214962136832,0.273690677829915,0.352222193201294,0.175358889200473,0.3169,0.331,2.7,6269.80929732155,80.5559225115571,55.2325964593412,76.4804649982467,94.7299711908464,82.4467826509337,75.3792750119922,83.0573760702104,94.5673259353168,82.5535877755692,55.2325964593412,R8,
2.86653037898066,0.651146205415203,0.348853794584797,0.663495085169238,0.336504914830762,0.295166864438333,0.319283116703803,0.908563270043056,0.272056068467333,0.350506022049182,0.174636194093415,0.3169,0.331,2.7,6269.80929733312,80.6896024706048,55.5261428001517,76.6389001902789,94.776550345218,82.5267155560141,75.5615478842376,83.1902853654223,94.6222078521091,82.6744697714067,55.5261428001517,R8,
2.88035652993608,0.652820756872694,0.347179243127306,0.665201394217296,0.334798605782704,0.295005878248987,0.319196324975683,0.903956235613302,0.270437151853594,0.348806326663988,0.173920437079986,0.3169,0.331,2.7,6269.80929733233,80.821954883417,55.8169245808783,76.7958026308264,94.8226757783676,82.6058411557144,75.7420812774351,83.3218844830548,94.676232100016,82.7941970610437,55.8169245808783,R8,
2.89418268089149,0.654479308924628,0.345520691075372,0.666891400433724,0.333108599566276,0.294844892059641,0.319109533247563,0.899393218828945,0.268833703085498,0.347122870920562,0.173211518725761,0.3169,0.331,2.7,6269.80929733428,80.9529978993705,56.1049805571984,76.9511942775252,94.8683539802282,82.6841711912748,75.9208999680254,83.4521917761568,94.729405464849,82.9127859797062,56.1049805571984,R8,
2.9080088318469,0.656122089778905,0.343877910221095,0.668565336354349,0.331434663645651,0.294683905870296,0.319022741519443,0.894873591843259,0.267245501537062,0.345455423184389,0.172509341487363,0.3169,0.331,2.7,6269.80929733195,81.0827493183322,56.3903487630177,77.1050966693575,94.9135913157969,82.7617171782666,76.0980282642539,83.5812252459542,94.7817345550485,83.0302525549625,56.3903487630177,R8,
2.92183498280231,0.657749323323898,0.342250676676102,0.670223430113548,0.329776569886452,0.29452291968095,0.318935949791323,0.890396738693421,0.265672330758321,0.34380375620534,0.17181380966772,0.3169,0.331,2.7,6269.8092973197,81.2112265990241,56.6730665269374,77.2575309364775,94.9583940281425,82.8384904117544,76.2734900169908,83.7090025500055,94.8332258081155,83.146612513769,56.6730665269374,R8,
2.93566113375773,0.659361229230169,0.340638770769831,0.6718659055479,0.3281340944521,0.294361933491604,0.318849158063203,0.885962055020669,0.264113978376987,0.342167647014428,0.171124829372584,0.3169,0.331,2.7,6269.8092973197,81.3384468671498,56.9531704882186,77.4085178097096,95.0027682412982,82.9145019712815,76.4473086302249,83.8355410101286,94.8838854970544,83.2618812892826,56.9531704882186,R8,
2.94948728471314,0.660958023049332,0.339041976950668,0.67349298229692,0.32650701770308,0.294200947302259,0.318762366335083,0.881568947798317,0.262570236002875,0.340546876823464,0.170442308468283,0.3169,0.331,2.7,6269.80929733042,81.4644269237164,57.2306966131857,77.5580776301745,95.0467199629909,82.9897627265053,76.6195070718919,83.9608576203578,94.9337197365967,83.3760740280288,57.2306966131857,R8,
2.96331343566855,0.662539916310139,0.337460083689861,0.675104875900965,0.324895124099035,0.294039961112913,0.318675574606963,0.877216835067393,0.261040899135007,0.338941230927524,0.169766156540641,0.3169,0.331,2.7,6269.80929734011,81.5891832528174,57.5056802104587,77.7062303583316,95.0902550873617,83.0642833420134,76.7901078838685,84.0849690544613,94.9827344896133,83.489205596431,57.5056802104587,R8,
2.97713958662396,0.664107116611893,0.335892883388107,0.676701797896428,0.323298202103572,0.293878974923567,0.318588782878843,0.872905145679643,0.259525767071302,0.337350498610132,0.169096284855055,0.3169,0.331,2.7,6269.80929731929,81.7127320293335,57.778155945997,77.8529955828695,95.1333793975969,83.1380742822258,76.9591331918813,84.2078916733252,95.0309355734759,83.6012905872963,57.778155945997,R8,
2.99096573757938,0.665659827715274,0.334340172284726,0.678283955908275,0.321716044091725,0.293717988734222,0.318501991150723,0.868633319047657,0.258024642820771,0.335774473051078,0.168432606317676,0.3169,0.331,2.7,6269.80929733428,81.8350891258247,58.0481578563938,77.9983925287589,95.1760985686514,83.2111458149104,77.1266047141503,84.3296415316994,95.0783286667477,83.7123433252853,58.0481578563938,R8,
3.00479188853479,0.667198249630651,0.332801750369349,0.679851553740037,0.320148446259963,0.293557002544876,0.318415199422603,0.8644008049019,0.256537333018136,0.334212951236775,0.167775035437654,0.3169,0.331,2.7,6269.80929731855,81.9562701209907,58.3157193655922,78.1424400667252,95.2184181693978,83.2835080180977,77.2925437725429,84.4502343859731,95.1249193150088,83.8223778745881,58.3157193655922,R8,
3.0186180394902,0.668722578703967,0.331277421296033,0.681404791461327,0.318595208538673,0.29339601635553,0.318328407694483,0.860207063054416,0.255063647840796,0.332665733873079,0.167123488290435,0.3169,0.331,2.7,6269.80929732934,82.0762903054729,58.5808732957984,78.2851567201571,95.2603436654334,83.3551707818528,77.4569712995409,84.569685699999,95.1707129379324,83.9314080430696,58.5808732957984,R8,
3.03244419044561,0.670233007700283,0.329766992299717,0.682943865492963,0.317056134507037,0.293235030166185,0.318241615966363,0.856051563169,0.253603400928065,0.331132625300502,0.166477882482047,0.3169,0.331,2.7,6269.80929733309,82.1951646899026,58.8436518833028,78.4265606740538,95.3018804211162,83.4261438147923,77.6199078487788,84.6880106524566,95.215714835199,84.0394473895209,58.8436518833028,R8,
3.04627034140102,0.671729725885036,0.328270274114964,0.684468968689769,0.315531031310231,0.293074043976839,0.318154824238243,0.851933784537623,0.25215640930261,0.329613433411725,0.165838137114372,0.3169,0.331,2.7,6269.80929733524,82.3129080110183,59.1040867900628,78.5666697820896,95.3430337020317,83.4964366469551,77.7813736025694,84.805224142783,95.2599301932961,84.1465092283586,59.1040867900628,R8,
3.06009649235644,0.673212919103101,0.326787080896899,0.685980290421138,0.314019709578862,0.292913057787493,0.318068032510123,0.847853215862926,0.250722493294016,0.328107969571353,0.165204172751347,0.3169,0.331,2.7,6269.80929731742,82.4295347386119,59.3622091171401,78.7055015744156,95.3838086771412,83.5660586344841,77.9413883807277,84.9213407976106,95.3033640918517,84.2526066355246,59.3622091171401,R8,
3.07392264331185,0.674682769855718,0.325317230144282,0.687478016649416,0.312521983350584,0.292752071598148,0.317981240782003,0.843809355046576,0.249301476464413,0.32661604853783,0.164575911386088,0.3169,0.331,2.7,6269.80929733307,82.5450590815133,59.6180494159756,78.843073264487,95.42421042108,83.6350189626375,78.099971647923,85.0363749764868,95.3460215103843,84.3577524531327,59.6180494159756,R8,
3.08774879426726,0.676139457375351,0.323860542624649,0.68896233000618,0.31103766999382,0.292591085408802,0.317894449053883,0.839801708983314,0.24789318553611,0.32513748838746,0.16395327640889,0.3169,0.331,2.7,6269.80929731855,82.6594949948799,59.8716377025676,78.9794017570635,95.4642439159899,83.7033266515602,78.2571425230845,85.1503407784436,95.3879073343862,84.4619592959438,59.8716377025676,R8,
3.10157494522267,0.677583157698546,0.322416842301454,0.69043340986648,0.30956659013352,0.292430099219456,0.317807657325763,0.835829793360504,0.246497450321151,0.323672110440453,0.163336192576086,0.3169,0.331,2.7,6269.80929733938,82.7728561851117,60.1230034664295,79.1145036539113,95.5039140539155,83.7709905575181,78.4129197851092,85.2632520468478,95.429026362474,84.5652395546885,60.1230034664295,R8,
3.11540109617809,0.679014043736846,0.320985956263154,0.691891432421098,0.308108567578902,0.29226911303011,0.317720865597643,0.831893132463034,0.245114103652758,0.322219739188941,0.162724585979734,0.3169,0.331,2.7,6269.80929732343,82.8851561172668,60.372175685021,79.2483952618393,95.5432256384287,83.8380193792687,78.5673218824812,85.3751223759377,95.4693833123267,84.6676054028309,60.372175685021,R8,
3.1292272471335,0.680432285345834,0.319567714654166,0.6933365707469,0.3066634292531,0.292108126840765,0.317634073869523,0.827991258983371,0.243742981318586,0.320780202226907,0.162118384018111,0.3169,0.331,2.7,6269.80929733524,82.9964080195496,60.6191828317793,79.381092597871,95.5821833869521,83.9044216588161,78.7203669383564,85.4859651152744,95.5089828279297,84.7690687994177,60.6191828317793,R8,
3.14305339808891,0.681838049392341,0.318161950607659,0.694768994875318,0.305231005124682,0.291947140651419,0.317547282141403,0.824123713836641,0.242383921995741,0.319353330181961,0.161517515366979,0.3169,0.331,2.7,6269.80929733307,83.1066248903329,60.8640528896871,79.5126113968206,95.620791932292,83.9702057873373,78.8720727595978,85.5957933759019,95.5478294856056,84.869641495421,60.8640528896871,R8,
3.15687954904432,0.6832314998199,0.3167685001801,0.696188871859049,0.303811128140951,0.291786154462073,0.317460490413283,0.820290045980567,0.241036767187504,0.317938956648903,0.160921909951613,0.3169,0.331,2.7,6269.80929733906,83.2158195029302,61.1068133599331,79.6429671166519,95.6590558247414,84.0353800068193,79.0224568423162,85.7046200348796,95.5859278010188,84.9693350370813,61.1068133599331,R8,
3.17070569999974,0.684612797712483,0.315387202287517,0.697596365836994,0.302403634163006,0.291625168272728,0.317373698685163,0.816489812240117,0.239701361161716,0.316536918125035,0.160331498919555,0.3169,0.331,2.7,6269.80929733428,83.3240044116498,61.3474912733625,79.7721749450209,95.6969795336916,84.0999524143943,79.1715363794472,85.8124577406858,95.6232822355533,85.0681607710426,61.3474912733625,R8,
3.18453185095515,0.685982101356573,0.314017898643427,0.698991638097512,0.301008361902488,0.291464182083382,0.317286906957043,0.812722577136717,0.23837755089076,0.315147053947153,0.159746214614085,0.3169,0.331,2.7,6269.80929733524,83.4311919567989,61.5861131996479,79.9002498047859,95.734567449502,84.1639309647522,79.31932826668,85.9193189178195,95.6598972030904,85.1661298481134,61.5861131996479,R8,
3.19835800191056,0.687339566301632,0.312660433698368,0.700374847140038,0.299625152859962,0.291303195894036,0.317200115228923,0.808987912721897,0.237065185993106,0.313769206230166,0.159165990548372,0.3169,0.331,2.7,6269.80929733048,83.5373942702875,61.8227052577739,80.0272063600506,95.7718238850973,84.2273234738919,79.4658491093515,86.025215771779,95.6957770764615,85.2632532278939,61.8227052577739,R8,
3.21218415286597,0.68868534541901,0.31131465458099,0.701746148735099,0.298253851264901,0.291142209704691,0.317113323500803,0.805285398415234,0.235764118676362,0.312403219807316,0.158590761380298,0.3169,0.331,2.7,6269.80929734278,83.6426232804654,62.057293124856,80.153059021419,95.8087530777072,84.2901376215101,79.6111152281693,86.1301602934773,95.7309261941699,85.3595416824148,62.057293124856,R8,
3.22601030382138,0.690019588959327,0.309980411040673,0.703105695982793,0.296894304017207,0.290981223515345,0.317026531772683,0.801614620846459,0.234474203681794,0.311048942171919,0.158020462887927,0.3169,0.331,2.7,6269.80929731737,83.746890717748,62.2899020466809,80.2778219519947,95.8453591903122,84.352380955078,79.7551426661602,86.2341642641603,95.7653488666995,85.455005800898,62.2899020466809,R8,
3.2398364547768,0.691342444608398,0.308657555391602,0.704453639369774,0.295546360630226,0.290820237325999,0.316939740044563,0.797975173701609,0.233195298230259,0.309706223420611,0.157455031945605,0.3169,0.331,2.7,6269.80929733788,83.850208118431,62.5205568443173,80.4015090716069,95.8816463135239,84.4140608905233,79.8979471928587,86.3372392590161,95.799049383491,85.549655992111,62.5205568443173,R8,
3.25366260573221,0.692654057541729,0.307345942458271,0.705790126824776,0.294209873175224,0.290659251136654,0.316852948316444,0.794366657573105,0.231927261969525,0.308374916198029,0.156894406500662,0.3169,0.331,2.7,6269.80929731855,83.9525868311088,62.7492819264158,80.5241340634772,95.9176184666593,84.4751847181532,80.0395443125171,86.4393966525821,95.8320320187694,85.643502490296,62.7492819264158,R8,
3.26748875668762,0.693954570477623,0.306045429522377,0.707115303772731,0.292884696227269,0.290498264947308,0.316766156588324,0.790788679813625,0.23066995692292,0.307054875642909,0.156338525550717,0.3169,0.331,2.7,6269.80929733524,84.0540380196696,62.9761012940698,80.6457103776318,95.9532795997094,84.5357596020005,80.1799492670663,86.5406476217079,95.8643010386371,85.7365553565339,62.9761012940698,R8,
3.28131490764303,0.695244123728954,0.304755876271046,0.708429313187523,0.291570686812476,0.290337278757962,0.316679364860204,0.787240854393686,0.22942324743929,0.305745959335534,0.155787329121547,0.3169,0.331,2.7,6269.80929733312,84.1545726694239,63.2010385525064,80.7662512372275,95.9886335943594,84.5957925854597,80.3191770439336,86.6410031506977,95.8958607068329,85.8288244843741,63.2010385525064,R8,
3.29514105859845,0.696522855253626,0.303477144746374,0.709732295643407,0.290267704356593,0.290176292568617,0.316592573132084,0.783722801762801,0.228187000144204,0.304448027246517,0.155240758245517,0.3169,0.331,2.7,6269.80929732343,84.2542015905831,63.4241169170417,80.8857696423703,96.0236842656862,84.6552905918755,80.4572423797881,86.7404740345523,95.9267152913911,85.9203196019594,63.4241169170417,R8,
3.30896720955386,0.697790900703779,0.302209099296221,0.711024389365141,0.288975610634859,0.290015306379271,0.316505781403964,0.780234148714119,0.226961083892394,0.303160941686859,0.154698754940552,0.3169,0.331,2.7,6269.80929732711,84.3529354229478,63.6453592217002,81.004278375045,96.0584353634487,84.7142604276185,80.5941597662027,86.8390708830414,95.9568690707009,86.0110502758249,63.6453592217002,R8,
3.32279336050927,0.699048393473757,0.300951606526243,0.71230573027687,0.28769426972313,0.289854320189925,0.316418989675844,0.77677452825245,0.225745369721375,0.301884567259258,0.15416126218963,0.3169,0.331,2.7,6269.80929732711,84.4507846404529,63.8647879275395,81.1217900038878,96.0928905733544,84.7727087850458,80.7299434550992,86.9368041246473,95.9863263394881,86.1010259145614,63.8647879275395,R8,
3.33661951146468,0.700295464746885,0.299704535253115,0.713576452049791,0.286423547950209,0.28969333400058,0.316332197947724,0.773343579465563,0.224539730806218,0.300618770810626,0.153628223920789,0.3169,0.331,2.7,6269.80929733312,84.5477595550205,64.0824251295032,81.2383168883027,96.1270535184601,84.830642244226,80.8646074631771,87.0336840100017,96.0150914148892,86.1902557716037,64.0824251295032,R8,
3.3504456624201,0.701532243541094,0.298467756458906,0.714836686148639,0.285163313851361,0.289532347811234,0.316245406219604,0.769940947398675,0.223344042415449,0.299363421385788,0.153099584987625,0.3169,0.331,2.7,6269.80929734011,84.6438703208657,64.2982925643053,81.3538711829705,96.1609277603783,84.8880672757058,80.9981655770705,87.1297206156184,96.0431686421914,86.2787489486852,64.2982925643053,R8,
3.36427181337551,0.702758856753414,0.297241143246586,0.716086561877024,0.283913438122976,0.289371361621888,0.316158614491484,0.766566282932036,0.222158181868032,0.298118390182314,0.152575291150278,0.3169,0.331,2.7,6269.80929733524,84.7391269384511,64.5124116175856,81.4684648420426,96.1945168005314,84.9449902427007,81.1306313579904,87.2249238473617,96.0705624005161,86.3665143988802,64.5124116175856,R8,
3.37809796433092,0.703975429203379,0.296024570796621,0.71732620642166,0.28267379357834,0.289210375432543,0.316071822763364,0.763219242661517,0.220982028491404,0.296883550506467,0.152055289056874,0.3169,0.331,2.7,6269.80929732343,84.8335392582395,64.7248033306635,81.5821096231011,96.2278240813865,85.0014174030767,81.262018146125,87.3193034437608,96.0972771083772,86.4535609294254,64.7248033306635,R8,
3.39192411528633,0.705182083675364,0.294817916324636,0.718555744895511,0.281444255104489,0.289049389243197,0.315985031035244,0.759899488782121,0.219815463580543,0.295658777730221,0.151539526225433,0.3169,0.331,2.7,6269.80929732677,84.927116984487,64.9354884074435,81.6948170911905,96.2608529876498,85.0573549114984,81.3923390651033,87.4128689793272,96.1233172290007,86.5398972046825,64.9354884074435,R8,
3.40575026624174,0.706378940959901,0.293621059040099,0.719775300379878,0.280224699620122,0.288888403053851,0.315898239307124,0.756606688974329,0.21865837035803,0.294443949249339,0.151027951026207,0.3169,0.331,2.7,6269.8092973197,85.0198696792683,65.1444872218581,81.8065986230288,96.2936068472934,85.1128088222189,81.5216070269008,87.5056298680445,96.1486872753678,86.625531749434,65.1444872218581,R8,
3.41957641719716,0.707566119893982,0.292433880106018,0.720984993965479,0.279015006034521,0.288727416864505,0.315811447579004,0.753340516293206,0.217510633935081,0.293238944442452,0.150520512664452,0.3169,0.331,2.7,6269.8092973197,85.1118067655926,65.3518198234097,81.9174654103787,96.3260889328241,85.1677850902091,81.649834735366,87.5975953661893,96.173391815297,86.710472951067,65.3518198234097,R8,
3.43340256815257,0.708743737400396,0.291256262599604,0.722184944792524,0.277815055207476,0.28856643067516,0.315724655850884,0.750100649060186,0.216372141273517,0.292043644631138,0.150017161163617,0.3169,0.331,2.7,6269.80929733312,85.2029375311761,65.5575059441831,82.0274284640414,96.3583024622918,85.2222895737209,81.7770346908215,87.6887745756134,96.1974354760639,86.7947290626728,65.5575059441831,R8,
3.44722871910798,0.709911908526115,0.290088091473885,0.723375270089831,0.276624729910169,0.288405444485814,0.315637864122764,0.746886770757457,0.215242781148657,0.290857933040957,0.149517847348937,0.3169,0.331,2.7,6269.80929733307,85.2932711319497,65.7615650053564,82.1364986175892,96.3902506003119,85.2763280364719,81.9032191943016,87.7791764468373,96.2208229488526,86.8783082058768,65.7615650053564,R8,
3.46105487006339,0.711070746479762,0.288929253520238,0.724556085213006,0.275443914786994,0.288244458296468,0.315551072394644,0.743698569924883,0.214122444113089,0.289681694763423,0.149022522831413,0.3169,0.331,2.7,6269.80929732711,85.3828165949935,65.9640161225309,82.244686530583,96.4219364592123,85.3299061488727,82.0284003509721,87.8688097817372,96.2435589930849,86.9612183729545,65.9640161225309,R8,
3.47488102101881,0.712220362668185,0.287779637331815,0.725727503681709,0.274272496318291,0.288083472107123,0.315464280666524,0.740535740059385,0.213011022461317,0.288514816718879,0.148531139992185,0.3169,0.331,2.7,6269.80929733312,85.4715828218575,66.1648781119773,82.352002692147,96.4533630999975,85.3830294901338,82.1525900742054,87.9576832364938,96.2656484403498,87.0434674295556,66.1648781119773,R8,
3.48870717197422,0.713360866732156,0.286639133267844,0.726889637216033,0.273110362783967,0.287922485917777,0.315377488938404,0.73739797951671,0.211908410195243,0.28735718762026,0.148043651967269,0.3169,0.331,2.7,6269.80929732343,85.5595785919491,66.3641694970781,82.4584574246187,96.4845335332545,85.4357035506702,82.2758000897939,88.0458053246034,96.2870961980121,87.1250631175622,66.3641694970781,R8,
3.50253332292963,0.714492366581236,0.285507633418764,0.728042595772023,0.271957404227977,0.287761499728431,0.315290697210284,0.734284991415538,0.210814502990467,0.28620869793771,0.147560012632658,0.3169,0.331,2.7,6269.80929732196,85.6468125650188,66.561908512933,82.5640608863728,96.5154507202675,85.4879337328751,82.3980419388718,88.1331844192392,96.3079072527445,87.2060130568468,66.561908512933,R8,
3.51635947388504,0.715614968427801,0.284385031572199,0.729186487576358,0.270813512423643,0.287600513539086,0.315203905482164,0.731196483543835,0.209729198163381,0.285069239864038,0.147080176589775,0.3169,0.331,2.7,6269.80929732223,85.733293284487,66.7581131128279,82.6688230754393,96.5461175738187,85.5397253537031,82.5193269821673,88.219828756225,96.3280866735195,87.2863247481952,66.7581131128279,R8,
3.53018562484046,0.716728776820286,0.283271223179714,0.730321419160214,0.269678580839786,0.28743952734974,0.315117113754044,0.728132168267423,0.20865239463904,0.283938707280983,0.146604099151264,0.3169,0.331,2.7,6269.80929731855,85.8190291800829,66.9528009733183,82.7727538325002,96.5765369591546,85.5910836460449,82.6396664032835,88.3057464365109,96.3476396144375,87.3660055754138,66.9528009733183,R8,
3.54401177579587,0.717833894675637,0.282166105324363,0.731447495392342,0.268552504607658,0.287278541160394,0.315030322025924,0.725091762440677,0.207583992919782,0.282816995726266,0.14613173632712,0.3169,0.331,2.7,6269.80929734798,85.9040285703213,67.1459894990486,82.8758628437399,96.606711694947,85.6420137599527,82.7590712117882,88.3909454285636,96.3665713172444,87.4450628072859,67.1459894990486,R8,
3.55783792675128,0.718930423311015,0.281069576688985,0.732564819511364,0.267435180488636,0.287117554971049,0.314943530297804,0.722074987319316,0.206523895054582,0.281704002361418,0.145663044811141,0.3169,0.331,2.7,6269.80929733938,85.9882996659109,67.3376958296523,82.9781596445944,96.6366445539198,85.692520765801,82.8775522477917,88.4754335714117,96.3848871132866,87.5235036008297,67.3376958296523,R8,
3.57166407770669,0.720018462474757,0.279981537525243,0.73367349315733,0.26632650684267,0.286956568781703,0.314856738569684,0.719081568475208,0.205472004609113,0.280599625940347,0.145197981967685,0.3169,0.331,2.7,6269.80929733524,86.0718505710844,67.527936842297,83.0796536215973,96.6663382640532,85.742609653592,82.995120183433,88.5592185762172,96.4025924255719,87.6013350019139,67.527936842297,R8,
3.58549022866211,0.721098110376627,0.278901889623373,0.734773616402535,0.265226383597465,0.286795582592357,0.314769946841564,0.716111235713154,0.204428226636505,0.279503766778639,0.144736505818749,0.3169,0.331,2.7,6269.80929733307,86.1546892868516,67.7167291584241,83.1803540159908,96.6957955091436,85.7922853361258,83.1117855273777,88.6423080292538,96.4196927700465,87.6785639484505,67.7167291584241,R8,
3.59931637961752,0.722169463717367,0.277830536282633,0.735865287781634,0.264134712218366,0.286634596403012,0.314683155113444,0.713163722989588,0.203392467648777,0.27841632672356,0.144278575031334,0.3169,0.331,2.7,6269.80929731855,86.2368237131477,67.9040891482189,83.2802699263911,96.7250189296884,85.841552650172,83.2275586276646,88.7247093940775,96.4361937567311,87.7551972722383,67.9040891482189,R8,
3.61314253057293,0.723232617717566,0.276767382282434,0.736948604321059,0.263051395678941,0.286473610213666,0.314596363385324,0.710238768333142,0.202364635588923,0.277337209124752,0.143824148905106,0.3169,0.331,2.7,6269.80929732155,86.3182616507499,68.0900329346923,83.3794103112133,96.754011123737,85.8904163573472,83.3424496743274,88.8064300135707,96.4521010905398,87.8312417005711,68.0900329346923,R8,
3.62696868152834,0.724287666145874,0.275712333854126,0.738023661567767,0.261976338432233,0.28631262402432,0.314509571657204,0.707336113767029,0.201344639803635,0.276266318805598,0.143373187360335,0.3169,0.331,2.7,6269.8092973304,86.3990108038722,68.274576399278,83.4777839917868,96.7827746475416,85.9388811464497,83.4564687030626,88.8874771124654,96.4674205715887,87.9067038588046,68.274576399278,R8,
3.64079483248375,0.725334701346574,0.274665298653426,0.739090553617335,0.260909446382665,0.286151637834975,0.314422779929084,0.704455505233197,0.200332391016653,0.275203562035238,0.142925650926112,0.3169,0.331,2.7,6269.80929733307,86.4790787819816,68.4577351858754,83.5753996547316,96.811312016356,85.9869516344339,83.5696255978325,88.96785779935,96.4821580952919,87.9815902719816,68.4577351858754,R8,
3.65462098343917,0.72637381426652,0.27362618573348,0.740149373141408,0.259850626858592,0.285990651645629,0.314335988200964,0.701596692518199,0.199327801302718,0.274148846501221,0.142481500728834,0.3169,0.331,2.7,6269.80929732934,86.558473101682,68.6395247051365,83.6722658544672,96.8396257051953,86.0346323676566,83.6819300936139,89.0475790686998,96.4963196520561,88.0559073666305,68.6395247051365,R8,
3.66844713439458,0.727405094481473,0.272594905518527,0.741200211414538,0.258799788585462,0.285829665456283,0.314249196472844,0.698759429180747,0.198330784062106,0.273102081282776,0.142040698480948,0.3169,0.331,2.7,6269.80929732492,86.6372011886054,68.8199601388446,83.7683910157217,96.8677181495372,86.0819278232731,83.7933917792401,89.1266478029706,96.5099113266148,88.1296614726414,68.8199601388446,R8,
3.68227328534999,0.728428630221846,0.271571369778154,0.742243158340412,0.257756841659588,0.285668679266938,0.314162404744724,0.695943472480887,0.197341253995751,0.272063176824684,0.141603206469944,0.3169,0.331,2.7,6269.80929733457,86.7152703791658,68.9990564440928,83.8637834359468,96.8955917460105,86.1288424105299,83.9040201001106,89.205070774581,96.5229392970311,88.2028588250234,68.9990564440928,R8,
3.6960994363054,0.72944450839786,0.27055549160214,0.74327830247749,0.25672169752251,0.285507693077592,0.314075613016604,0.693148583310776,0.196359127080912,0.271032044911737,0.141168987547606,0.3169,0.331,2.7,6269.80929732492,86.7926879225553,69.1768283580784,83.9584512879801,96.9232488530028,86.1753804726134,84.0138243613031,89.2828546480936,96.535409833295,88.2755055660759,69.1768283580784,R8,
3.70992558726082,0.73045281462415,0.26954718537585,0.744305731064073,0.255694268935926,0.285346706888246,0.313988821288484,0.690374526127001,0.195384320547392,0.270008598643771,0.140738005119492,0.3169,0.331,2.7,6269.80929731737,86.8694609817925,69.3532904009531,84.0524026218682,96.9506917914621,86.221546286856,84.1228137293785,89.3600059817304,96.547329295724,88.3476077463673,69.3532904009531,R8,
3.72375173821623,0.731453633243814,0.268546366756186,0.745325530042814,0.254674469957186,0.2851857206989,0.313902029560364,0.687621068884403,0.194416752854285,0.268992752411247,0.140310223134656,0.3169,0.331,2.7,6269.80929734011,86.9455966355034,69.5284568803298,84.1456453673663,96.9779228454783,86.2673440664565,84.2309972352998,89.4365312294308,96.5587041329108,88.4191713267546,69.5284568803298,R8,
3.73757788917164,0.732447047351934,0.267552952648066,0.746337784084676,0.253662215915324,0.285024734509555,0.313815237832244,0.684887982971374,0.193456343667238,0.267984421871386,0.139885606075595,0.3169,0.331,2.7,6269.80929733457,87.0211018798677,69.702341896205,84.2381873366306,97.0049442627639,86.3127779626151,84.3383837776769,89.5124367430298,96.5695408793405,88.49020218068,69.702341896205,R8,
3.75140404012705,0.733433138818571,0.266566861181429,0.747342576612376,0.252657423387624,0.284863748320209,0.313728446104124,0.682175043146585,0.192503013836217,0.26698352392482,0.139464118948418,0.3169,0.331,2.7,6269.80929733048,87.0959836290421,69.8749593427413,84.33003622552,97.0317582555386,86.3578520639283,84.4449821238151,89.5877287733849,96.5798461528722,88.5607060945366,69.8749593427413,R8,
3.76523019108247,0.734411988311262,0.265588011688738,0.748339989823295,0.251660010176705,0.284702762130863,0.313641654376004,0.679482027477104,0.191556685373762,0.265989976692764,0.139045727273232,0.3169,0.331,2.7,6269.80929732492,87.1702487171036,70.0463229133496,84.4211996163251,97.0583670009342,86.4025703987612,84.5508009130573,89.6624134725709,96.5896266517379,88.6306887700923,70.0463229133496,R8,
3.77905634203788,0.735383675317012,0.264616324682988,0.749330104711896,0.250669895288103,0.284541775941518,0.313554862647884,0.676808717277879,0.190617281433724,0.265003699494689,0.138630397074741,0.3169,0.331,2.7,6269.80929734011,87.2439038989604,70.2164461036347,84.511684979557,97.0847726416699,86.4469369357823,84.6558486586709,89.7364968953777,96.5988891513755,88.7001558256151,70.2164461036347,R8,
3.79288249299329,0.736348278163816,0.263651721836184,0.750313001091653,0.249686998908347,0.284380789752172,0.313468070919764,0.674154897052538,0.189684726290456,0.264024612826482,0.138218094873046,0.3169,0.331,2.7,6269.80929731855,87.3169558520699,70.3853422161456,84.6014996765008,97.1109772864687,86.4909555861059,84.7601337509473,89.8099850013664,96.6076405009079,88.7691127981167,70.3853422161456,R8,
3.8067086439487,0.737305874041703,0.262694125958297,0.751288757616489,0.248711242383511,0.284219803562826,0.313381279191644,0.67152035443548,0.188758945318468,0.263052638339079,0.137808787674655,0.3169,0.331,2.7,6269.80929733307,87.3894111763857,70.5530243614249,84.6906509601579,97.1369830109094,86.5346302022489,84.8636644577784,89.8828836557028,96.6158876195337,88.8375651433295,70.5530243614249,R8,
3.82053479490412,0.738256539023329,0.261743460976671,0.752257451801767,0.247742548198233,0.284058817373481,0.313294487463524,0.66890488013523,0.187839864972522,0.262087698817569,0.137402442963672,0.3169,0.331,2.7,6269.80929732492,87.461276396808,70.7195054644047,84.7791459785043,97.1627918575946,86.5779645818234,84.966448928915,89.9551986317558,96.6236374924679,88.905518238998,70.7195054644047,R8,
3.83436094585953,0.739200348084122,0.260799651915878,0.753219160044811,0.246780839955189,0.283897831184135,0.313207695735404,0.666308267879011,0.186927412768153,0.261129718160744,0.136999028693194,0.3169,0.331,2.7,6269.80929732155,87.5325579629592,70.8847982652145,84.8669917752897,97.1884058369841,86.6209624663515,85.0684951963939,90.0269356118194,96.6308971668764,88.972977384744,70.8847982652145,R8,
3.84818709681494,0.740137375121995,0.259862624878005,0.754173957644995,0.245826042355005,0.283736844994789,0.313120904007284,0.663730314358514,0.186021517262614,0.260178621361091,0.136598513276884,0.3169,0.331,2.7,6269.80929732343,87.6032622507072,71.0489153237465,84.9541952924799,97.2138269277486,86.6636275434067,85.1698111774946,90.0981001890625,96.6376737474781,89.0399478042404,71.0489153237465,R8,
3.86201324777035,0.741067692976629,0.258932307023371,0.755121918823392,0.244878081176608,0.283575858805444,0.313034112279164,0.66117081917684,0.185122108036228,0.259234334485217,0.136200865580724,0.3169,0.331,2.7,6269.80929732934,87.6733955628881,71.2118690225203,85.0407633719497,97.2390570773057,86.7059634473541,85.2704046766234,90.1686978689345,96.6439743920368,89.1064346463799,71.2118690225203,R8,
3.87583939872576,0.741991373448352,0.258008626551648,0.756063116742014,0.243936883257986,0.283414872616098,0.312947320551044,0.658629584796562,0.184229115674142,0.258296784654689,0.135806054914951,0.3169,0.331,2.7,6269.80929733524,87.7429641301081,71.3736715698192,85.1267027572639,97.2640982023022,86.7479737602995,85.3702833872967,90.2387340706137,96.6498063066717,89.1724429865984,71.3736715698192,R8,
3.88966554968118,0.742908487316611,0.257091512683389,0.756997623522626,0.243002376477374,0.283253886426752,0.312860528822924,0.656106416488909,0.183342471748466,0.257365900027284,0.135414051026158,0.3169,0.331,2.7,6269.80929734161,87.8119741114679,71.5343350026477,85.2120200953884,97.2889521890945,86.7896620129683,85.469454894066,90.3082141284184,96.6551767410513,89.2379778281088,71.5343350026477,R8,
3.90349170063659,0.74381910435805,0.25618089564195,0.757925510265176,0.242074489734824,0.283092900237407,0.312773737094805,0.653601122284026,0.182462108800797,0.256441609778639,0.13502482408957,0.3169,0.331,2.7,6269.80929733524,87.8804315953721,71.693871189922,85.2967219384887,97.3136208941952,86.8310316857948,85.5679266745689,90.3771432932565,96.660092983452,89.303044103299,71.693871189922,R8,
3.917317851592,0.744723293364209,0.255276706635791,0.758846847065822,0.241153152934178,0.282931914048061,0.312686945366685,0.65111351292228,0.181587960325107,0.255523844084288,0.134638344701476,0.3169,0.331,2.7,6269.80929734087,87.9483425999198,71.8522918347977,85.3808147453466,97.3381061447849,86.8720862093035,85.6657061010039,90.4455267337966,96.6645623557304,89.367646674595,71.8522918347977,R8,
3.93114400254741,0.745621122158844,0.254378877841156,0.759761703034589,0.24023829696541,0.282770927858715,0.312600153638565,0.648643401806608,0.180719960750996,0.254612534102078,0.134254583871826,0.3169,0.331,2.7,6269.80929732343,88.0157130740771,72.0096084786475,85.4643048834773,97.3624097390166,86.9128289659741,85.7628004427411,90.5133695381771,96.668592208218,89.4317903363651,72.0096084786475,R8,
3.94497015350283,0.746512657614893,0.253487342385107,0.760670146312647,0.239329853687353,0.28260994166937,0.312513361910445,0.646190604955853,0.179858045427296,0.253707611954954,0.133873513016981,0.3169,0.331,2.7,6269.80929732711,88.0825488975133,72.1658325022676,85.5471986300382,97.3865334466368,86.9532632896964,85.8592168670286,90.5806767147705,96.6721899145517,89.4954798151168,72.1658325022676,R8,
3.95879630445824,0.74739796567107,0.25260203432893,0.761572244089229,0.238427755910771,0.282448955480024,0.312426570182325,0.643754940959083,0.179002150606022,0.252809010714109,0.133495103952619,0.3169,0.331,2.7,6269.80929732934,88.1488558819749,72.3209751302918,85.6295021741289,97.4104790091889,86.9933924680848,85.9549624419089,90.647453194024,96.6753628664802,89.5587197716921,72.3209751302918,R8,
3.97262245541365,0.748277111348132,0.251722888651868,0.762468062618197,0.237531937381803,0.282287969290678,0.312339778454205,0.641336230930868,0.178152213426651,0.251916664382481,0.133119328886784,0.3169,0.331,2.7,6269.80929733307,88.2146397713199,72.4750474328201,85.7112216178606,97.4342481405486,87.0332197423712,86.0500441372151,90.7137038293579,96.6781184686383,89.6215148017469,72.4750474328201,R8,
3.98644860636906,0.749150158764791,0.250849841235209,0.763357667234265,0.236642332765735,0.282126983101332,0.312252986726085,0.638934298467484,0.177308171900731,0.251030507878593,0.132746160413081,0.3169,0.331,2.7,6269.80929732155,88.279906242283,72.6280603285627,85.7923629780812,97.4578425272529,87.0727483086745,86.1444688266197,90.7794333985538,96.6804641333363,89.6838694371827,72.6280603285627,R8,
4.00027475732448,0.750017171153305,0.249982828846695,0.764241122368881,0.235758877631119,0.281965996911987,0.312166194997965,0.636548969604021,0.176469964896817,0.250150477020736,0.132375571504014,0.3169,0.331,2.7,6269.80929732155,88.3446609046209,72.7800245866961,85.8729321875423,97.48126382897,87.111981318135,86.2382432887925,90.8446466047037,96.6824072753391,89.7457881467882,72.7800245866961,R8,
4.01410090827989,0.750878210874744,0.249121789125256,0.765118491565783,0.234881508434217,0.281805010722641,0.312079403269845,0.634180072772387,0.175637532125706,0.249276508511466,0.13200753550446,0.3169,0.331,2.7,6269.80929732711,88.4089093020077,72.9309508302605,85.9529350967064,97.5045136787535,87.1509218784776,86.3313742096236,90.9093480776805,96.6839553067152,89.8072753378444,72.9309508302605,R8,
4.0279270592353,0.751733339433944,0.248266660566055,0.765989837496234,0.234010162503766,0.281644024533295,0.311992611541725,0.631827438760168,0.174810814125981,0.248408539922434,0.131642026125281,0.3169,0.331,2.7,6269.80929733307,88.4726569123101,73.080849538249,86.0323774750046,97.5275936834583,87.1895730544156,86.4238681835549,90.9735423751483,96.6851156317144,89.8683353569362,73.080849538249,R8,
4.04175321019071,0.752582617494151,0.247417382505849,0.766855221973948,0.233144778026052,0.28148303834395,0.311905819813605,0.62949090067034,0.173989752249858,0.247546509679516,0.131279017437059,0.3169,0.331,2.7,6269.80929733457,88.5359091480257,73.229731048025,86.1112650122071,97.5505054240776,87.227937868402,86.515731715125,91.0372339836857,96.6858956417184,89.9289724909646,73.229731048025,R8,
4.05557936114612,0.753426104891362,0.246573895108638,0.767714705969705,0.232285294030295,0.281322052154604,0.311819028085485,0.627170293881797,0.173174288649312,0.246690357048257,0.130918483863968,0.3169,0.331,2.7,6269.80929733938,88.5986713566531,73.3776055575701,86.189603319724,97.5732504561081,87.2660193012333,86.6069712204121,91.1004273198296,96.686302710268,89.9891909680796,73.3776055575701,R8,
4.06940551210154,0.754263860648388,0.245736139351612,0.768568349625671,0.231431650374329,0.281161065965258,0.311732236357365,0.624865456010689,0.172364366262491,0.245840022119601,0.130560400177767,0.3169,0.331,2.7,6269.80929734013,88.660948821263,73.5244831281169,86.2673979320682,97.595830309832,87.3038202930404,86.6975930287437,91.1631267312656,96.6863441881943,90.048994958843,73.5244831281169,R8,
4.08323166305695,0.755095942988613,0.244904057011387,0.769416212269427,0.230583787730573,0.281000079775913,0.311645444629245,0.622576226872547,0.171559928800409,0.244995445795921,0.130204741491913,0.3169,0.331,2.7,6269.80929733233,88.7227467608091,73.6703736862284,86.3446543080614,97.6182464906573,87.3413437437975,86.7876033840078,91.225336497795,96.6860273988535,90.1083885770716,73.6703736862284,R8,
4.09705781401236,0.755922409349486,0.244077590650514,0.770258352427715,0.229741647572285,0.280839093586567,0.311558652901125,0.62030244844517,0.170760920733904,0.244156569777326,0.129851483255798,0.3169,0.331,2.7,6269.8092973197,88.7840703305084,73.8152870259657,86.4213778320824,97.6405004794394,87.3785925139587,86.8770084460575,91.2870608323508,96.6853596334734,90.1673758807396,73.8152870259657,R8,
4.11088396496777,0.756743316395738,0.243256683604262,0.771094827839903,0.228905172160097,0.280678107397221,0.311471861173005,0.618043964832263,0.169967287280857,0.243323336548245,0.129500601249097,0.3169,0.331,2.7,6269.80929732343,88.844924622187,73.95923281097,86.4975738152641,97.6625937327843,87.4155694250243,86.965814292035,91.348303881962,96.6843481466281,90.225960872828,73.95923281097,R8,
4.12471011592319,0.757558720032333,0.242441279967667,0.771925695471182,0.228074304528818,0.280517121207876,0.311385069444885,0.615800622227808,0.169178974393676,0.242495689364283,0.129152071576235,0.3169,0.331,2.7,6269.80929732155,88.9053146650263,74.1022205773118,86.5732474970231,97.6845276832568,87.4522772608198,87.0540269182376,91.409069728985,96.6830001519032,90.2841475026726,74.1022205773118,R8,
4.1385362668786,0.758368675417159,0.241631324582841,0.772751011525502,0.227248988474498,0.28035613501853,0.311298277716765,0.613572268881145,0.168395928747024,0.24167357223934,0.128805870660963,0.3169,0.331,2.7,6269.80929732677,88.9652454255182,74.2442597346958,86.6484040458633,97.7063037397619,87.4887187673371,87.14165224083,91.4693623917458,96.6813228176204,90.3419396662909,74.2442597346958,R8,
4.15236241783401,0.759173236973465,0.240826763026535,0.773570831458238,0.226429168541762,0.280195148829184,0.311211485988645,0.611358755062756,0.167618097725795,0.240856929932984,0.128461975241037,0.3169,0.331,2.7,6269.80929732155,89.0247218082354,74.3853595692606,86.7230485608711,97.727923287721,87.5248966540325,87.2286960977143,91.5291858257669,96.6793232628109,90.3993412077062,74.3853595692606,R8,
4.16618856878942,0.759972458402052,0.240027541597948,0.774385209988619,0.225614790011381,0.280034162639839,0.311124694260525,0.609159933030729,0.166845429413331,0.240045707938079,0.128120362363013,0.3169,0.331,2.7,6269.8092973197,89.0837486558829,74.5255292449097,86.7971860725646,97.749387689424,87.5608135938068,87.3151642493037,91.5885439244184,96.6770085532624,90.4563559193735,74.5255292449097,R8,
4.18001471974484,0.760766392693219,0.239233607306781,0.775194201111897,0.224805798888103,0.279873176450493,0.311037902532405,0.606975656997879,0.166077872579864,0.239239852468659,0.127781009377135,0.3169,0.331,2.7,6269.80929732934,89.1423307499124,74.664777805701,86.8708215441939,97.7706982842139,87.5964722240029,87.4010623801172,91.6474405199955,96.674385697808,90.512987543267,74.664777805701,R8,
4.19384087070025,0.761555092138479,0.238444907861521,0.775997858111283,0.224002141888717,0.279712190261147,0.310951110804285,0.604805783099535,0.165315376671203,0.238439310448038,0.127443893932335,0.3169,0.331,2.7,6269.80929732934,89.2004728110619,74.8031141780759,86.9439598729758,97.7918563887065,87.6318751472091,87.4863961001872,91.7058793846835,96.6714616447834,90.5692397718738,74.8031141780759,R8,
4.20766702165566,0.762338608342037,0.237661391657963,0.776796233569649,0.223203766430352,0.279551204071802,0.310864319076165,0.602650169361949,0.164557891797627,0.237644029497158,0.12710899397132,0.3169,0.331,2.7,6269.80929733048,89.2581794994245,74.9405471720503,87.0166058908614,97.8128632970967,87.6670249312433,87.5711709458074,91.7638642311928,96.6682432785891,90.6251162485549,74.9405471720503,R8,
4.22149317261107,0.763116992232044,0.236883007767956,0.777589379380988,0.222410620619012,0.279390217882456,0.310777527348045,0.600508675671332,0.163805368723007,0.236853957923164,0.126776287725763,0.3169,0.331,2.7,6269.80929732711,89.3154554151393,75.077085483642,87.0887643658327,97.8337202813084,87.7019241102069,87.6553923811231,91.8213987138017,96.6647374165283,90.6806205686716,75.077085483642,R8,
4.23531932356648,0.763890294071636,0.236109705928364,0.778377346761669,0.221622653238331,0.27922923169311,0.310690735619925,0.598381163743494,0.163057758854138,0.236069044708203,0.126445753711589,0.3169,0.331,2.7,6269.80929732711,89.3723050986464,75.2127376963624,87.1604400028117,97.8544285912601,87.7365751847231,87.7390657990457,91.8784864290654,96.6609508057454,90.735756280157,75.2127376963624,R8,
4.2491454745219,0.764658563469749,0.235341436530251,0.779160186261453,0.220839813738547,0.279068245503765,0.310603943891805,0.596267497094076,0.162315014230276,0.235289239498447,0.126117370724347,0.3169,0.331,2.7,6269.80929731855,89.428733031307,75.3475122833939,87.2316374448293,97.8749894550074,87.7709806228416,87.822196522684,91.9351309167756,96.6568901204287,90.7905268844953,75.3475122833939,R8,
4.26297162547731,0.76542184939173,0.234578150608271,0.779937947774308,0.220062052225692,0.278907259314419,0.310517152163685,0.594167541009369,0.161577087512885,0.234514492593315,0.125791117834676,0.3169,0.331,2.7,6269.80929733233,89.484743635483,75.4814176086247,87.302361273716,97.8954040790267,87.8051428599214,87.9047898059715,91.9913356604985,96.6525619590832,90.8449358370221,75.4814176086247,R8,
4.27679777643272,0.76618020016974,0.23381979983026,0.780710680549005,0.219289319450995,0.278746273125073,0.310430360435565,0.592081162517686,0.160843931975579,0.233744754934926,0.125466974383859,0.3169,0.331,2.7,6269.80929733312,89.5403412756076,75.6144619296454,87.3726160116319,97.9156736482475,87.8390643002791,87.9868508356422,92.0471040888159,96.6479728421708,90.8989865484279,75.6144619296454,R8,
4.29062392738813,0.766933663512957,0.233066336487043,0.781478433199519,0.218521566800481,0.278585286935727,0.310343568707445,0.590008230361298,0.160115501494257,0.232979978097731,0.125144919979465,0.3169,0.331,2.7,6269.80929732711,89.5955302580191,75.7466533981935,87.4424061214823,97.9357993263752,87.8727473165955,88.0683847314521,92.1024395756438,96.6431292097099,90.9526823847005,75.7466533981935,R8,
4.30445007834355,0.767682286517579,0.232317713482421,0.78224125371522,0.21775874628478,0.278424300746382,0.310256776979325,0.587948614968906,0.159391750537433,0.23222011427837,0.124824934491068,0.3169,0.331,2.7,6269.80929732343,89.6503148316458,75.8780000622716,87.5117360080609,97.9557822560032,87.9061942508182,88.1493965475602,92.1573454411497,96.6380374191996,91.0060266681031,75.8780000622716,R8,
4.31827622929896,0.768426115676638,0.231573884323362,0.782999189470872,0.217000810529128,0.278263314557036,0.310169985251205,0.585902188428646,0.158672634156746,0.231465116285702,0.124506998046052,0.3169,0.331,2.7,6269.80929733307,89.7046991884763,76.0085098677749,87.5806100189675,97.9756235587652,87.939407414672,88.2298912735768,92.2118249524977,96.6327037436929,91.0590226778633,76.0085098677749,R8,
4.33210238025437,0.769165196889626,0.230834803110374,0.783752287236443,0.216247712763557,0.27810232836769,0.310083193523085,0.583868824461604,0.157958107977657,0.23071493753104,0.124191091025505,0.3169,0.331,2.7,6269.80929731929,89.7586874643186,76.1381906606825,87.6490324457754,97.9953243354065,87.9723890906384,88.3098738359809,92.2658813247745,96.6271343700977,91.1116736511928,76.1381906606825,R8,
4.34592853120978,0.769899575471935,0.230100424528065,0.784500593186725,0.215499406813275,0.277941342178345,0.309996401794965,0.581848398395843,0.15724812819032,0.229969532018565,0.123877194060172,0.3169,0.331,2.7,6269.80929732934,89.812283738533,76.267050187095,87.7170075242501,98.0148856661163,88.0051415311013,88.3893490980787,92.3195177211617,96.6213353974349,91.1639827830262,76.267050187095,R8,
4.3597546821652,0.770629296164121,0.229370703835879,0.78524415291077,0.21475584708923,0.277780355988999,0.309909610066845,0.579840787140921,0.156542651540627,0.22922885433593,0.123565288026506,0.3169,0.331,2.7,6269.80929733524,89.8654920354302,76.3950960966214,87.7845394360272,98.0343086104202,88.0376669604297,88.468321862261,92.3727372542863,96.6153128356147,91.2159532277811,76.3950960966214,R8,
4.37358083312061,0.771354403140987,0.228645596859013,0.78598301142115,0.21401698857885,0.277619369799653,0.309822818338725,0.577845869162895,0.155841635321426,0.22849285964503,0.123255354042777,0.3169,0.331,2.7,6269.80929733307,89.9183163242002,76.5223359427364,87.8516323089612,98.0535942074379,88.0699675744275,88.5467968701738,92.4255429865014,96.6090726040685,91.267588099295,76.5223359427364,R8,
4.38740698407602,0.772074940020501,0.227925059979499,0.786717213163039,0.21328278683696,0.277458383610308,0.309736026610605,0.575863524459793,0.155145037363902,0.227761503672962,0.122947373465268,0.3169,0.331,2.7,6269.80929732711,89.9707605195087,76.6487771844567,87.9182902180534,98.072743475982,88.1020455409408,88.6247788037916,92.4779379306116,96.602620530672,91.3188904715614,76.6487771844567,R8,
4.40123313503143,0.772790949872539,0.227209050127461,0.787446802023128,0.212553197976872,0.277297397420962,0.309649234882485,0.573893634537554,0.154452816029121,0.227034742703141,0.122641327884532,0.3169,0.331,2.7,6269.80929732562,90.0228284820315,76.7744271878437,87.9845171862899,98.0917574146341,88.1339030003446,88.7022722863925,92.5299250505623,96.5959623508144,91.3698633793703,76.7744271878437,R8,
4.41505928598685,0.773502475227469,0.226497524772531,0.788171821338365,0.211828178661635,0.277136411231616,0.309562443154365,0.571936082386414,0.15376493019973,0.226312533566591,0.122337199121725,0.3169,0.331,2.7,6269.80929732562,90.0745240190553,76.8992932276004,88.0503171855247,98.1106370018166,88.1655420661308,88.7792818835859,92.5815072621442,96.589103706633,91.4205098190071,76.8992932276004,R8,
4.42888543694226,0.774209558084571,0.225790441915429,0.78889231390454,0.21110768609546,0.276975425042271,0.309475651426245,0.569990752457741,0.153081339271824,0.2255948336334,0.122034969225007,0.3169,0.331,2.7,6269.80929731855,90.1258508849711,77.0233824884214,88.1156941372497,98.129383195887,88.1969648252727,88.8558121041588,92.6326874335983,96.5820501463689,91.4708327488117,77.0233824884214,R8,
4.44271158789767,0.774912239920303,0.225087760079697,0.789608321984705,0.210391678015295,0.276814438852925,0.309388859698125,0.568057530641297,0.152402003146946,0.224881600804328,0.12173462046601,0.3169,0.331,2.7,6269.80929731855,90.1768127816354,77.146702066033,88.1806519132207,98.1479969352348,88.2281733383546,88.9318674007445,92.683468386133,96.5748071238185,91.5208350895445,77.146702066033,R8,
4.45653773885308,0.775610561696409,0.224389438303591,0.790319887317436,0.209680112682564,0.276653452663579,0.309302067970005,0.566136304242923,0.151726882224256,0.224172793502577,0.12143613533637,0.3169,0.331,2.7,6269.80929733048,90.2274133590881,77.26925896892,88.2451943363892,98.1664791383073,88.2591696403048,89.0074521709265,92.7338528946595,96.5673799980128,91.5705197251845,77.26925896892,R8,
4.47036388980849,0.776304563867878,0.223695436132122,0.791027051124945,0.208972948875055,0.276492466474234,0.309215276241885,0.564226961962648,0.151055937392829,0.223468370665713,0.121139496544327,0.3169,0.331,2.7,6269.80929733233,90.2776562161897,77.3910601198521,88.3093251817359,98.184830703625,88.2899557409794,89.0825707582372,92.7838436884749,96.5597740330096,91.6198895036037,77.3910601198521,R8,
4.48419004076391,0.77699428639076,0.22300571360924,0.791729854121042,0.208270145878958,0.276331480284888,0.309128484513765,0.562329393873186,0.150389130024103,0.222768291737733,0.120844687011383,0.3169,0.331,2.7,6269.80929733906,90.3275449007923,77.5121123564505,88.3730481766828,98.2030525099129,88.3205336248986,89.1572274524733,92.8334434515799,96.5519943976709,91.6689472366694,77.5121123564505,R8,
4.49801619171932,0.777679768729832,0.222320231270168,0.792428336518946,0.207571663481054,0.276170494095542,0.309041692785645,0.560443491398847,0.149726421964471,0.222072516661286,0.120551689869027,0.3169,0.331,2.7,6269.80929733307,90.3770829106835,77.6324224332681,88.436367002166,98.2211454160312,88.3509052523472,89.2314264910722,92.8826548235507,96.5440461657751,91.7176957012575,77.6324224332681,R8,
4.51184234267473,0.778361049866123,0.221638950133877,0.793122538038955,0.206877461961045,0.276009507906197,0.308954901057525,0.558569147294821,0.149067775527997,0.221381005870027,0.120260488455517,0.3169,0.331,2.7,6269.80929734087,90.4262736936927,77.751997022165,88.4992852929588,98.2391102611062,88.381072558973,89.3051720592964,92.9314803997894,96.5359343160047,91.7661376392479,77.751997022165,R8,
4.52566849363014,0.779038168304308,0.220961831695692,0.79381249791598,0.20618750208402,0.275848521716851,0.308868109329406,0.556706255626855,0.148413153489275,0.220693720281122,0.119971066312719,0.3169,0.331,2.7,6269.80929732343,90.4751206488663,77.8708427147968,88.56180663891,98.2569478643726,88.4110374572652,89.3784682918989,92.9799227325479,96.5276637323333,91.8142757588054,77.8708427147968,R8,
4.53949464458556,0.779711162079959,0.220288837920041,0.79449825490693,0.20550174509307,0.275687535527505,0.308781317601286,0.554854711751289,0.147762519076417,0.220010621287883,0.119683407183008,0.3169,0.331,2.7,6269.80929733312,90.5236271261175,77.988966022023,88.6239345848454,98.2746590253989,88.4408018353411,89.4513192726504,93.0279843308137,96.5192392040883,91.8621127337794,77.988966022023,R8,
4.55332079554097,0.78038006876667,0.21961993123333,0.795179847297975,0.204820152702024,0.275526549338159,0.308694525873166,0.553014412295466,0.147115835964165,0.219331670752538,0.119397495006228,0.3169,0.331,2.7,6269.80929731742,90.5717964279059,78.1063733773573,88.6856726322171,98.2922445237935,88.4703675592811,89.5237290366452,93.0756676616874,96.5106654266824,91.9096512055835,78.1063733773573,R8,
4.56714694649638,0.781044925483045,0.218955074516955,0.79585731291167,0.20414268708833,0.275365563148814,0.308607734145046,0.551185255138491,0.146473068267131,0.218656830999133,0.119113313916694,0.3169,0.331,2.7,6269.80929732343,90.6196318086103,78.2230711357724,88.7470242387393,98.3097051194713,88.4997364714144,89.5957015694338,93.122975150042,96.5019470017625,91.9568937822468,78.2230711357724,R8,
4.58097309745179,0.781705768899569,0.218294231100431,0.796530689113948,0.203469310886052,0.275204576959468,0.308520942416926,0.54936713939234,0.145834180533162,0.217986064806564,0.118830848240264,0.3169,0.331,2.7,6269.80929733428,90.667136476024,78.3390655767372,88.8079928198482,98.3270415523804,88.5289103923231,89.667240809049,93.16990917975,96.4930884380665,92.0038430400376,78.3390655767372,R8,
4.59479924840721,0.782362635245348,0.217637364754652,0.797200012820994,0.202799987179006,0.275043590770122,0.308434150688806,0.547559965383315,0.145199137736817,0.217319335401734,0.118550082491458,0.3169,0.331,2.7,6269.80929733195,90.7143135915432,78.4543629046145,88.8685817490196,98.344254542544,88.5578911205367,89.7383506462238,93.216472093936,96.4840941519782,92.0505015234928,78.4543629046145,R8,
4.60862539936262,0.78301556031473,0.21698443968527,0.797865320505991,0.202134679494009,0.274882604580777,0.308347358960686,0.545763634633825,0.144567905272971,0.216656606452832,0.118271001370622,0.3169,0.331,2.7,6269.80929732155,90.7611662705775,78.5689692494881,88.9287943582729,98.3613447900308,88.5866804326368,89.8090349249065,93.262666195377,96.4749684682042,92.0968717457041,78.5689692494881,R8,
4.62245155031803,0.783664579473808,0.216335420526192,0.798526648205741,0.201473351794259,0.274721618391431,0.308260567232566,0.543978049844498,0.143940448950523,0.215997842062731,0.117993589761154,0.3169,0.331,2.7,6269.80929733309,90.8076975830871,78.6828906682343,88.9886339387722,98.3783129749002,88.6152800835375,89.87929744293,93.3084937469895,96.4657156205643,92.1429561887685,78.6828906682343,R8,
4.63627770127344,0.784309727666802,0.215690272333198,0.799184031527179,0.20081596847282,0.274560632202085,0.308173775504446,0.542203114876615,0.143316734986231,0.215343006762512,0.117717832726773,0.3169,0.331,2.7,6269.80929732155,90.8539105547111,78.7961331467239,89.0481037419243,98.3951597569539,88.6436918078533,89.9491419535056,93.353956972778,96.4563397530282,92.1887573049214,78.7961331467239,R8,
4.65010385222886,0.784951039422337,0.215048960577663,0.799837505653758,0.200162494346242,0.27439964601274,0.308086983776326,0.540438734734853,0.14269672999864,0.214692065505092,0.117443715508836,0.3169,0.331,2.7,6269.80929733307,90.8998081663463,78.9087025989764,89.10720697913,98.411885775894,88.6719173184997,90.0185721645482,93.3990580575793,96.4468449203296,92.2342775158132,78.9087025989764,R8,
4.66393000318427,0.785588548859598,0.214411451140402,0.800487105351727,0.199512894648273,0.274238659823394,0.308000192048206,0.538684815550337,0.142080401002132,0.214044983658976,0.117171223523711,0.3169,0.331,2.7,6269.8092973197,90.9453933557666,79.0206048703063,89.165946823302,98.4284916509379,88.6999583089004,90.0875917408184,93.4437991483636,96.4372350892658,92.2795192142382,79.0206048703063,R8,
4.67775615413968,0.786222289694381,0.213777710305619,0.801132864976298,0.198867135023702,0.274077673634048,0.307913400320086,0.536941264563996,0.141467715401074,0.213401727002114,0.116900342360183,0.3169,0.331,2.7,6269.80929732196,90.9906690170987,79.1318457362355,89.2243264085004,98.4449779809524,88.7278164514373,90.156204303114,93.4881823539148,96.4275141393698,92.3244847632652,79.1318457362355,R8,
4.69158230509509,0.786852295245041,0.213147704754959,0.801774818477702,0.198225181522298,0.273916687444703,0.307826608591966,0.535207990110205,0.140858640984072,0.212762261715865,0.116631057776919,0.3169,0.331,2.7,6269.80929733428,91.0356380021439,79.2424309050466,89.2823488311852,98.4613453441457,88.7554933991003,90.2244134299651,93.5322097458743,96.4176858642258,92.3691764976079,79.2424309050466,R8,
4.7054084560505,0.787478598438327,0.212521401561673,0.802412999407139,0.197587000592861,0.273755701255357,0.307739816863846,0.533484901600725,0.140253145918325,0.212126554379074,0.116363355699971,0.3169,0.331,2.7,6269.80929732343,91.0803031207987,79.3523660185321,89.3400171506495,98.4775942979183,88.7829907856132,90.2922226581213,93.5758833591397,96.4077539725262,92.4135967238895,79.3523660185321,R8,
4.71923460700592,0.788101231815122,0.211898768184878,0.803047440922624,0.196952559077376,0.273594715066011,0.307653025135726,0.531771909508916,0.139651198744082,0.211494571962247,0.11609722222032,0.3169,0.331,2.7,6269.80929733428,91.1246671409688,79.4616566517462,89.3973343890453,98.4937253788678,88.8103102246341,90.3596354823092,93.6192051918471,96.3977220889929,92.4577477203076,79.4616566517462,R8,
4.73306075796133,0.788720227536075,0.211279772463925,0.803678175794727,0.196321824205273,0.273433728876666,0.307566233407606,0.530068925354236,0.139052768369188,0.210866281821833,0.115832643591474,0.3169,0.331,2.7,6269.80929732155,91.1687327900702,79.5703083158755,89.4543035327423,98.5097391023603,88.8374533117547,90.426655357185,93.6621772065727,96.387593755877,92.5016317381942,79.5703083158755,R8,
4.74688690891674,0.789335617387143,0.210664382612857,0.804305236412221,0.195694763587779,0.27327274268732,0.307479441679486,0.528375861687004,0.138457824063737,0.210241651694598,0.115569606227096,0.3169,0.331,2.7,6269.80929731929,91.2125027545599,79.678326457226,89.5109275320018,98.5256359625876,88.8644216230529,90.4932856965592,93.7048013300266,96.3773724338062,92.5452510012191,79.678326457226,R8,
4.76071305987215,0.789947432785026,0.210052567214974,0.804928654787619,0.195071345212381,0.273111756497974,0.307392649951366,0.52669263207343,0.137866335454805,0.209620649692109,0.115308096698678,0.3169,0.331,2.7,6269.80929733233,91.2559796810818,79.7857164593693,89.5672093020351,98.5414164322009,88.891216716471,90.5595298748537,93.7470794539803,96.3670615032129,92.5886077065313,79.7857164593693,R8,
4.77453921082757,0.790555704782521,0.209444295217479,0.805548462562627,0.194451537437373,0.272950770308629,0.307305858223246,0.525019151080906,0.137278272521289,0.209003244295303,0.115048101733261,0.3169,0.331,2.7,6269.80929732711,91.2991661770258,79.8924836441513,89.623151723537,98.5570809620687,88.917840132177,90.6253912277399,93.7890134357456,96.3566642656011,92.6317040251858,79.8924836441513,R8,
4.78836536178298,0.791160464073768,0.208839535926232,0.806164691013498,0.193835308986502,0.272789784119283,0.307219066495126,0.523355334263556,0.136693605588819,0.208389404349156,0.114789608211184,0.3169,0.331,2.7,6269.80929733312,91.3420648104379,79.9986332714024,89.6787576426838,98.5726299812012,88.9442933917967,90.6908730518886,93.830605098155,96.3461839445773,92.6745421017979,79.9986332714024,R8,
4.80219151273839,0.791761740999421,0.208238259000579,0.806777371056288,0.193222628943712,0.272628797929937,0.307132274767006,0.521701098148024,0.136112305324773,0.207779099057441,0.114532603163878,0.3169,0.331,2.7,6269.80929733524,91.3846781111416,80.1041705410345,89.7340298721455,98.5880638963178,88.9705779997688,90.7559786063758,93.8718562304806,96.3356236873513,92.7171240556584,80.1041705410345,R8,
4.8160176636938,0.792359565551714,0.207640434448286,0.80738653325203,0.19261346674797,0.272467811740591,0.307045483038886,0.520056360219519,0.135534342733371,0.20717229797758,0.114277073771699,0.3169,0.331,2.7,6269.80929732934,91.4270085709034,80.209100593257,89.7889711912845,98.6033830916733,88.9966954430309,90.8207111127861,93.9127685886085,96.3249865658936,92.7594519806931,80.209100593257,R8,
4.82984381464922,0.792953967379455,0.207046032620545,0.807992207811816,0.192007792188183,0.272306825551246,0.306958691310766,0.518421038908095,0.134959689150847,0.20656897101558,0.114023007361798,0.3169,0.331,2.7,6269.80929733906,91.4690586438156,80.313428509216,89.8435843465444,98.6185879287934,89.0226471911039,90.8850737556032,93.9533438953847,96.3142755781912,92.801527945688,80.313428509216,R8,
4.84366996560463,0.793544975792922,0.206455024207078,0.808594424601791,0.191405575398209,0.2721458393619,0.306871899582646,0.516795053575164,0.134388316240722,0.205969088421058,0.113770391406019,0.3169,0.331,2.7,6269.80929732196,91.5108307473205,80.4171593128938,89.897872052367,98.6336787460268,89.0484346972854,90.9490696834856,93.9935838414651,96.3034936497512,92.8433539952895,80.4171593128938,R8,
4.85749611656004,0.794132619768685,0.205867380231315,0.809193213148059,0.190806786851941,0.271984853172554,0.306785107854526,0.515178324500242,0.133820195989133,0.205372620782351,0.113519213518848,0.3169,0.331,2.7,6269.80929732343,91.5523272617771,80.5202979701415,89.9518369908768,98.6486558584504,89.0740593973408,91.0127020085505,94.0334900850441,96.2926436345587,92.8849321492535,80.5202979701415,R8,
4.87132226751545,0.79471692795434,0.205283072045659,0.809788602641512,0.190211397358488,0.271823866983209,0.306698316126406,0.513570772867917,0.133255300700267,0.204779539021713,0.113269461455383,0.3169,0.331,2.7,6269.80929732196,91.5935505318279,80.6228493912601,90.0054818131048,98.6635195573063,89.0995227112966,91.0759738081093,94.0730642529552,96.2817283167268,92.9262644038643,80.6228493912601,R8,
4.88514841847086,0.795297928673165,0.204702071326835,0.810380621942575,0.189619378057425,0.271662880793863,0.306611524398286,0.511972320755048,0.13269360299185,0.204189814390581,0.113021123109347,0.3169,0.331,2.7,6269.80929731931,91.6345028663237,80.7248184307343,90.0588091389597,98.678270109776,89.1248260427663,91.1388881244445,94.1123079406929,96.2707504116031,92.9673527316129,80.7248184307343,R8,
4.89897456942628,0.795875649928693,0.204124350071307,0.810969299585865,0.189030700414135,0.271501894604517,0.306524732670166,0.510382891118165,0.132135075790729,0.20360341846494,0.11277418651113,0.3169,0.331,2.7,6269.80929732155,91.6751865388801,80.8262098882191,90.1118215577606,98.6929077585682,89.1499707793713,91.2014479654543,94.1512227129059,96.2597125671068,93.0081990816549,80.8262098882191,R8,
4.91280072038169,0.796450119409218,0.203549880590782,0.811554663784778,0.188445336215222,0.271340908415172,0.306437940942046,0.5088024077811,0.13157969232852,0.203020323140747,0.112528639825868,0.3169,0.331,2.7,6269.80929733428,91.7156037883448,80.9270285093525,90.1645216286736,98.7074327215295,89.1749582930196,91.2636563051567,94.1898101038266,96.2486173650517,93.048805380148,80.9270285093525,R8,
4.9266268713371,0.797021364492214,0.202978635507786,0.812136742435997,0.187863257564003,0.271179922225826,0.306351149213926,0.507230795422808,0.131027426137331,0.202440500629448,0.112284471351551,0.3169,0.331,2.7,6269.80929732711,91.7557568194352,81.0272789868957,90.2169118813063,98.7218451911659,89.1997899404767,91.325516084461,94.2280716178513,96.2374673225156,93.0891735308091,81.0272789868957,R8,
4.94045302229251,0.797589412248683,0.202410587751317,0.812715563123923,0.187284436876077,0.27101893603648,0.306264357485806,0.505667979565409,0.130478251045559,0.201863923453559,0.112041669517164,0.3169,0.331,2.7,6269.80929732155,91.7956478026454,81.1269659604621,90.2689948156751,98.7361453343476,89.2244670627029,91.387030210912,94.2660087295378,96.2262648929281,93.1293054145973,81.1269659604621,R8,
4.95427917324793,0.798154289447435,0.201845710552565,0.813291153125031,0.186708846874969,0.270857949847135,0.306177565757686,0.504113886562416,0.129932141173752,0.201290564442329,0.111800222880857,0.3169,0.331,2.7,6269.80929733233,91.8352788750024,81.2260940178955,90.3207729028873,98.7503332917551,89.2489909856608,91.4482015596255,94.3036228842942,96.2150124674901,93.1692028904107,81.2260940178955,R8,
4.96810532420334,0.798716022559293,0.201283977440707,0.813863539412158,0.186136460587842,0.270696963657789,0.306090774029566,0.502568443587173,0.12938907093055,0.200720396727468,0.111560120128153,0.3169,0.331,2.7,6269.80929732677,91.8746521407166,81.3246676964498,90.3722485857549,98.7644091773652,89.2733630209316,91.509032974054,94.3409154989628,96.2037123765398,93.2088677956745,81.3246676964498,R8,
4.98193147515875,0.799274637761224,0.200725362238776,0.814432748658714,0.185567251341286,0.270535977468443,0.306003982301446,0.501031578621473,0.128849015008681,0.200153393738952,0.111321350070177,0.3169,0.331,2.7,6269.80929731742,91.9137696710301,81.4226914824171,90.4234242786956,98.7783730780689,89.297584464995,91.5695272656922,94.3778879618096,96.1923668906009,93.2483019459612,81.4226914824171,R8,
4.99575762611416,0.799830160940408,0.200169839059592,0.814998807242824,0.185001192757176,0.270374991279098,0.305917190573326,0.499503220444374,0.128311948381032,0.199589529200897,0.111083901641915,0.3169,0.331,2.7,6269.80929733906,91.952633504743,81.5201698120648,90.4743023682404,98.7922250531414,89.3216565996552,91.6296872146843,94.4145416330356,96.180978221682,93.2875071354406,81.5201698120648,R8,
5.00958377706958,0.800382617698238,0.199617382301762,0.815561741251408,0.184438258748591,0.270214005089752,0.305830398845206,0.497983298621197,0.127777846296785,0.199028777127497,0.110847763900513,0.3169,0.331,2.7,6269.80929733906,91.9912456492426,81.6171070735773,90.5248852139525,98.8059651335389,89.3455806933515,91.6895155711306,94.4508778456863,96.169548524785,93.3264851379189,81.6171070735773,R8,
5.02340992802499,0.800932033354252,0.199067966645748,0.816121576484185,0.183878423515816,0.270053018900406,0.305743607117086,0.496471743492702,0.127246684277613,0.198471111819034,0.110612926023588,0.3169,0.331,2.7,6269.80929732114,92.0296080800275,81.713507606051,90.5751751480717,98.8195933215465,89.3693579999089,91.7490150543581,94.4868979054047,96.1580798987827,93.3652377060965,81.713507606051,R8,
5.0372360789804,0.801478432949997,0.198521567050003,0.81667833845761,0.18332166154239,0.269892032711061,0.305656815388966,0.494968486164452,0.12671843811394,0.197916507857952,0.110379377307578,0.3169,0.331,2.7,6269.80929733312,92.0677227411455,81.8093757002905,90.6251744759266,98.8331095901784,89.3929897588553,91.8081883534325,94.5226030909032,96.1465743876565,93.403766571921,81.8093757002905,R8,
5.05106222993581,0.802021841252843,0.197978158747157,0.817232052408763,0.182767947591237,0.269731046521715,0.305570023660846,0.49347345849634,0.126193083861262,0.197364940104993,0.110147107166116,0.3169,0.331,2.7,6269.80929732114,92.1055915464123,81.9047156011165,90.6748854770434,98.8465138823903,89.4164771970759,91.8670381287138,94.5579946550281,96.1350339820577,93.4420734478727,81.9047156011165,R8,
5.06488838089123,0.802562282759716,0.197437717240284,0.817782743299149,0.182217256700851,0.269570060332369,0.305483231932726,0.491986593092297,0.125670597836531,0.1968163836954,0.109916105128429,0.3169,0.331,2.7,6269.80929732711,92.1432163785895,81.9995315057256,90.7243104044709,98.8598061107007,89.4398215270138,91.9255670106952,94.5930738242848,96.1234606199967,93.4801600258284,81.9995315057256,R8,
5.07871453184664,0.803099781700785,0.196900218299215,0.818330435818458,0.181669564181542,0.269409074143024,0.305396440204606,0.490507823290162,0.125150956614597,0.196270814035182,0.109686360837765,0.3169,0.331,2.7,6269.80929733524,92.1805990906396,82.0938275660757,90.7734514859248,98.8729861563754,89.4630239484024,91.9837776016046,94.6278417999429,96.111856188393,93.5180279783976,82.0938275660757,R8,
5.09254068280205,0.803634362043079,0.196365637956921,0.818875154388252,0.181124845611748,0.269248087953678,0.305309648476486,0.48903708315172,0.124634137024702,0.195728206797437,0.109457864049848,0.3169,0.331,2.7,6269.80929731929,92.2177415057702,82.1876078889377,90.8223109238608,98.8860538687947,89.4860856479669,92.0416724754207,94.6622997582448,96.1002225241098,93.5556789588263,82.1876078889377,R8,
5.10636683375746,0.804166047494053,0.195833952505947,0.819416923165592,0.180583076834408,0.269087101764332,0.305222856748366,0.487574307452901,0.124120116147042,0.195188537918733,0.109230604631351,0.3169,0.331,2.7,6269.80929731855,92.2546454173153,82.2808765356264,90.8708908954431,98.8990090648942,89.5090077988421,92.0992541776378,94.6964488504743,96.0885614148908,93.5931146007138,82.2808765356264,R8,
5.12019298471287,0.804694861505093,0.195305138494907,0.819955766046616,0.180044233953384,0.268926115574986,0.305136065020246,0.486119431674138,0.123608871309374,0.194651783595556,0.109004572558399,0.3169,0.331,2.7,6269.80929733457,92.2913125896597,82.3736375237746,90.9191935533682,98.9118515283038,89.5317915617905,92.1565252264742,94.7302902038512,96.0768746007405,93.6303365189745,82.3736375237746,R8,
5.13401913566829,0.805220827274959,0.194779172725041,0.820491706670044,0.179508293329956,0.268765129385641,0.305049273292126,0.484672391990881,0.123100380083688,0.194117920280809,0.108779757915098,0.3169,0.331,2.7,6269.80929732478,92.3277447585868,82.4658948279854,90.9672210262433,98.9245810086319,89.5544380854202,92.2134881132713,94.7638249219834,96.0651637750405,93.6673463101181,82.4658948279854,R8,
5.1478452866237,0.805743967753183,0.194256032246817,0.821024768420643,0.178975231579357,0.268604143196295,0.304962481564006,0.483233125264263,0.12259462028292,0.193586924680365,0.108556150892082,0.3169,0.331,2.7,6269.80929733312,92.3639436308036,82.5576523788862,91.0149754182111,98.9371972208755,89.5769485050723,92.270145301836,94.7970540847057,96.0534305852888,93.7041455515535,82.5576523788862,R8,
5.16167143757911,0.806264305643404,0.193735694356596,0.821554974432623,0.178445025567377,0.268443157006949,0.304875689835886,0.481801569031918,0.122091569957731,0.193058773749682,0.108333741785086,0.3169,0.331,2.7,6269.8092973304,92.3999108851827,82.6489140655449,91.062458810098,98.9496998444646,89.5993239445586,92.3264992300359,94.8299787492266,96.0416766345823,93.7407358029505,82.6489140655449,R8,
5.17549758853452,0.806781863406653,0.193218136593347,0.822082347592985,0.177917652407015,0.268282170817604,0.304788898107766,0.480377661498941,0.121591207393328,0.19253344469047,0.108112520993546,0.3169,0.331,2.7,6269.80929733529,92.4356481723278,82.7396837346078,91.1096732590743,98.9620885226273,89.6215655151409,92.3825523092121,94.8625999500241,96.0299034823399,93.7771186055962,82.7396837346078,R8,
5.18932373948994,0.807296663264587,0.192703336735413,0.822606910544814,0.177393089455186,0.268121184628258,0.304702106379647,0.478961341529002,0.121093511106342,0.192010914947407,0.107892479019213,0.3169,0.331,2.7,6269.80929733233,92.471157115341,82.8299651917896,91.1566207993933,98.9743628614903,89.6436743164947,92.4383069251633,94.8949186996541,96.0181126455452,93.8132954831974,82.8299651917896,R8,
5.20314989044535,0.807808727202666,0.192191272797334,0.823128685690522,0.176871314309478,0.267960198438912,0.304615314651527,0.477552548635591,0.120598459841752,0.191491162204914,0.107673606464796,0.3169,0.331,2.7,6269.80929732155,92.5064393098013,82.9197622018477,91.2033034424236,98.9865224293383,89.6656514363765,92.4937654380831,94.926935988962,96.0063055996255,93.8492679417535,82.9197622018477,R8,
5.21697604140076,0.808318076973284,0.191681923026716,0.823647695195034,0.176352304804966,0.267799212249567,0.304528522923407,0.476151222973409,0.120106032569858,0.190974164383977,0.107455894032623,0.3169,0.331,2.7,6269.8092973197,92.5414963240175,83.0090784890728,91.2497231769285,98.9985667557781,89.687497950771,92.5489301828879,94.9586527875281,95.9944837794325,93.8850374697409,83.0090784890728,R8,
5.23080219235617,0.808824734098852,0.191175265901148,0.824163960988928,0.175836039011072,0.267638226060221,0.304441731195287,0.474757305329894,0.119616208483305,0.190459899639021,0.107239332523327,0.3169,0.331,2.7,6269.80929733906,92.5763296994191,83.097917738057,91.295881969462,99.0104953308757,89.7092149242661,92.6038034697192,94.9900700442239,95.9826485802677,93.9206055384808,83.097917738057,R8,
5.24462834331159,0.809328719874824,0.190671280125176,0.824677504771526,0.175322495228474,0.267477239870875,0.304354939467167,0.473370737116881,0.119128966994153,0.189948346354832,0.107023912834546,0.3169,0.331,2.7,6269.80929733307,92.61094095113,83.1862835948348,91.3417817649308,99.022307604259,89.7308034107192,92.6583875846763,95.0211886879046,95.9708013589897,93.9559736027257,83.1862835948348,R8,
5.258454494267,0.809830055372687,0.190169944627313,0.825188348013929,0.174811651986071,0.26731625368153,0.304268147739047,0.471991460362392,0.118644287730989,0.189439483143528,0.106809625959651,0.3169,0.331,2.7,6269.80929732492,92.6453315674513,83.274179665888,91.3874244862078,99.0340029844024,89.7522644521569,92.7126847891281,95.0520096272881,95.9589434345907,93.9911430999484,83.274179665888,R8,
5.27228064522241,0.810328761442893,0.189671238557107,0.825696511962015,0.174303488037985,0.267155267492184,0.304181356010927,0.470619417702558,0.11816215053609,0.188933288841583,0.10659646298649,0.3169,0.331,2.7,6269.80929733312,92.6795030105459,83.3616095194963,91.4328120347801,99.0455808376916,89.7735990796434,92.7666973206126,95.0825337517666,95.9470760893124,94.026115451064,83.3616095194963,R8,
5.28610679617782,0.81082485871775,0.18917514128225,0.826202017639383,0.173797982360617,0.266994281302838,0.304094564282807,0.469254552373665,0.117682535462629,0.188429742506885,0.106384415096153,0.3169,0.331,2.7,6269.80929731855,92.7134567169945,83.4485766868454,91.4779462912939,99.0570404874968,89.7948083139558,92.8204273935535,95.112761932116,95.9352005696943,94.0608920610006,83.4485766868454,R8,
5.29993294713323,0.811318367614272,0.188681632385728,0.82670488585025,0.17329511414975,0.266833295113493,0.304007772554687,0.467896808204326,0.117205422771924,0.187928823415854,0.106173473561752,0.3169,0.331,2.7,6269.80929731737,92.7471940972321,83.535084660951,91.5228291151271,99.0683812134763,89.8158931644023,92.8738771985129,95.1426950203658,95.9233180870777,94.0954743179436,83.535084660951,R8,
5.31375909808865,0.811809308336974,0.188190691663026,0.827205137182306,0.172794862817694,0.266672308924147,0.303920980826567,0.466546129607775,0.116730792930728,0.187430511060598,0.105963629747231,0.3169,0.331,2.7,6269.80929731929,92.7807165365129,83.6211368985454,91.5674623452845,99.0796022505854,89.8368546301869,92.9270489034569,95.1723338508438,95.9114298188092,94.1298635943911,83.6211368985454,R8,
5.32758524904406,0.812297700880632,0.187702299119368,0.827702792009525,0.172297207990475,0.266511322734801,0.303834189098447,0.465202461574283,0.116258626608566,0.186934785146112,0.10575487510618,0.3169,0.331,2.7,6269.80929732155,92.8140253948062,83.706736819908,91.6118478003586,99.0907027883004,89.8576936999895,92.9799446536077,95.2016792404178,95.8995369089226,94.1640612469448,83.706736819908,R8,
5.34141139999947,0.812783565032999,0.187216434967001,0.828197870494932,0.171802129505068,0.266350336545456,0.303747397370327,0.463865749663685,0.115788904675108,0.186441625587525,0.10554720118068,0.3169,0.331,2.7,6269.80929732155,92.8471220070731,83.79188780941,91.6559872788256,99.1016819697927,89.8784113521914,93.0325665717986,95.2307319890234,95.8876404689941,94.1980686165495,83.79188780941,R8,
5.35523755095488,0.813266920377474,0.186733079622526,0.828690392593321,0.171309607406679,0.26618935035611,0.303660605642207,0.462535939998033,0.115321608197589,0.185951012507384,0.105340599600156,0.3169,0.331,2.7,6269.80929732711,92.8800076834252,83.8765932158347,91.6998825592363,99.1125388911364,89.8990085548965,93.0849167586704,95.2594928801225,95.8757415789103,94.2318870285944,83.8765932158347,R8,
5.3690637019103,0.813747786295737,0.186252213704263,0.829180378053943,0.170819621946057,0.266028364166764,0.303573813914087,0.461212979254353,0.11485671843826,0.18546292623299,0.105135062080257,0.3169,0.331,2.7,6269.80929732343,92.9126837095495,83.9608563532117,91.7435354006297,99.1232726005081,89.9194862663988,93.1369972932095,95.2879626813621,95.8638412877551,94.2655177933211,83.9608563532117,R8,
5.38288985286571,0.814226181970336,0.185773818029664,0.829667846423141,0.170332153576859,0.265867377977418,0.303487022185967,0.45989681465752,0.114394216851889,0.184977347293761,0.104930580421747,0.3169,0.331,2.7,6269.80929733906,92.9451513465337,84.0446805004694,91.7869475424271,99.1338820975184,89.9398454346524,93.1888102324976,95.3161421447854,95.8519406143905,94.2989622055289,84.0446805004694,R8,
5.39671600382112,0.814702126387241,0.185297873612759,0.830152817046948,0.169847182953052,0.265706391788073,0.303400230457847,0.458587393973239,0.113934085083291,0.184494256418647,0.104727146509412,0.3169,0.331,2.7,6269.80929732492,92.9774118318203,84.1280689032772,91.8301207052905,99.1443663323874,89.9600869985975,93.2403576129441,95.3440320079177,95.8400405485586,94.3322215455895,84.1280689032772,R8,
5.41054215477653,0.815175638338354,0.184824361661646,0.830635309073654,0.169364690926346,0.265545405598727,0.303313438729727,0.457284665501135,0.1134763049649,0.184013634533581,0.104524752310993,0.3169,0.331,2.7,6269.80929733428,93.0094663783551,84.211024772368,91.8730565904235,99.1547242055115,89.9802118865091,93.29164144912,95.3716329934557,95.8281420510994,94.3652970783532,84.211024772368,R8,
5.42436830573194,0.815646736423982,0.184353263576018,0.831115341456316,0.168884658543684,0.265384419409381,0.303226647001607,0.455988578067947,0.113020858514382,0.183535462758964,0.104323389876119,0.3169,0.331,2.7,6269.80929733195,93.0413161759642,84.293551286176,91.9157568807861,99.1649545666574,90.0002210180014,93.3426637355249,95.3989458106942,95.816246055223,94.398190054651,84.293551286176,R8,
5.43819445668736,0.816115439055274,0.183884560944726,0.831592932955247,0.168407067044752,0.265223433220036,0.303139855273487,0.454699081020832,0.112567727932275,0.183059722407199,0.104123051335276,0.3169,0.331,2.7,6269.80929734011,93.0729623907168,84.3756515895362,91.958223240556,99.1750562146231,90.0201153027175,93.3934264457019,95.4259711553917,95.8043534667902,94.4309017104173,84.3756515895362,R8,
5.45202060764277,0.816581764456617,0.183418235543383,0.832068102140459,0.167931897859541,0.26506244703069,0.303053063545367,0.45341612422076,0.112116895599672,0.182586394980254,0.103923728898776,0.3169,0.331,2.7,6269.80929733906,93.1044061657649,84.4573287952507,92.000457315874,99.1850278967,90.039895641414,93.4439315332528,95.4527097107737,95.7924651652928,94.4634332675611,84.4573287952507,R8,
5.46584675859818,0.817045730668002,0.182954269331998,0.832540867394067,0.167459132605933,0.264901460841344,0.302966271817247,0.45213965803602,0.11166834407594,0.182115462167261,0.103725414855749,0.3169,0.331,2.7,6269.80929733312,93.1356486212024,84.5385859837083,92.0424607347045,99.1948683084042,90.059562925445,93.4941809315902,95.4791621477983,95.7805820043265,94.4957859336423,84.5385859837083,R8,
5.47967290955359,0.817507355547347,0.182492644452653,0.83301124691266,0.16698875308734,0.264740474651999,0.302879480089127,0.450869633335818,0.111222056096468,0.181646905842161,0.103528101573146,0.3169,0.331,2.7,6269.80929732114,93.1666908545022,84.6194262036167,92.0842351072041,99.204576093218,90.0791180371628,93.544176554395,95.5053291258471,95.7687048123406,94.5279609022335,84.6194262036167,R8,
5.49349906050901,0.817966656772788,0.182033343227212,0.83347925870964,0.16652074129036,0.264579488462653,0.302792688361007,0.449606001483973,0.110778014570451,0.181180708061374,0.103331781494766,0.3169,0.331,2.7,6269.80929733048,93.1975339405861,84.6998524719932,92.1257820257615,99.2141498425047,90.0985618496883,93.5939202955946,95.5312112931399,95.7568343931762,94.5599593528303,84.6998524719932,R8,
5.50732521146442,0.81842365184494,0.181576348155059,0.833944920617515,0.166055079382485,0.264418502273307,0.302705896632887,0.44834871433271,0.110336202578711,0.180716851061508,0.103136447140284,0.3169,0.331,2.7,6269.80929733938,93.2281789325826,84.7798677754391,92.1671030655924,99.2235880954655,90.1178952278097,93.6434140302123,95.556809287683,95.7449715269189,94.5917824515403,84.7798677754391,R8,
5.52115136241983,0.818878358089115,0.181121641910885,0.83440825029017,0.16559174970983,0.264257516083962,0.302619104904767,0.447097724216541,0.109896603371549,0.180255317257106,0.102942091104307,0.3169,0.331,2.7,6269.80929732711,93.2586268618263,84.8594750699257,92.2081997846982,99.2328893393495,90.1371190275773,93.6926596142033,95.5821237376142,95.7331169703654,94.6234313508773,84.8594750699257,R8,
5.53497751337524,0.819330792657512,0.180669207342488,0.834869265205093,0.165130734794907,0.264096529894616,0.302532313176647,0.445852983946248,0.109459200366624,0.179796089238423,0.102748706055433,0.3169,0.331,2.7,6269.8092973304,93.2888787378383,84.9386772805134,92.2490737237561,99.2420520098524,90.1562340958687,93.7416588842335,95.6071552615291,95.7212714574527,94.6549071895009,84.9386772805134,R8,
5.54880366433066,0.819780972531377,0.180219027468623,0.835327982665577,0.164672017334423,0.26393554370527,0.302445521448527,0.444614446802942,0.109023977146871,0.179339149769234,0.102556284735335,0.3169,0.331,2.7,6269.80929732155,93.318935549401,85.0174773031071,92.2897264069467,99.2510744915039,90.1752412717017,93.7904136588765,95.6319044696691,95.7094357002003,94.6862110932026,85.0174773031071,R8,
5.56262981528607,0.820228914523126,0.179771085476874,0.835784419802881,0.164215580197119,0.263774557515925,0.302358729720407,0.443382066532221,0.108590917458445,0.17888448178468,0.102364819957845,0.3169,0.331,2.7,6269.80929733307,93.3487982641715,85.0958780033847,92.3301593415197,99.2599551185255,90.1941413850945,93.838925737832,95.6563719639213,95.697610388909,94.7173441741856,85.0958780033847,R8,
5.57645596624148,0.820674635278435,0.179325364721565,0.836238593578365,0.163761406421635,0.263613571326579,0.302271937992287,0.442155797338414,0.108160005208702,0.178432068389143,0.102174304608068,0.3169,0.331,2.7,6269.80929733428,93.3784678298126,85.1738822185634,92.3703740186029,99.2686921756379,90.2129352584042,93.8871969031377,95.6805583390247,95.6857961930843,94.7483075320457,85.1738822185634,R8,
5.59028211719689,0.821118151278307,0.178881848721693,0.836690520785591,0.163309479214409,0.263452585137233,0.302185146264167,0.440935593878904,0.107731224464199,0.177981892854155,0.101984731641495,0.3169,0.331,2.7,6269.80929734087,93.407945173745,85.2514927564694,92.4103719128239,99.2772838993426,90.2316237053463,93.9352289185124,95.7044641826848,95.6739937616471,94.7791022531335,85.2514927564694,R8,
5.60410826815231,0.8215594788411,0.1784405211589,0.837140218052391,0.162859781947609,0.263291598947888,0.302098354536047,0.439721411258544,0.107304559448734,0.177533938616331,0.101796094083135,0.3169,0.331,2.7,6269.80929732343,93.4372312041452,85.3287123969514,92.4501544829787,99.2857284792849,90.2502075319833,93.9830235302748,95.728090076608,95.6622037237417,94.8097294113389,85.3287123969514,R8,
5.61793441910772,0.821998634124528,0.178001365875472,0.83758770184291,0.16241229815709,0.263130612758542,0.302011562807927,0.438513205024144,0.106879994541414,0.177088189275343,0.101608385026664,0.3169,0.331,2.7,6269.80929733428,93.4663268096553,85.4055438907226,92.4897231715435,99.2940240600785,90.268687535598,94.0305824665681,95.7514365965584,95.6504266888624,94.8401900673104,85.4055438907226,R8,
5.63176057006313,0.822435633127637,0.177564366872363,0.838032988459609,0.16196701154039,0.262969626569196,0.301924771079807,0.437310931159054,0.10645751427474,0.176644628591916,0.101421597633576,0.3169,0.331,2.7,6269.80929733307,93.4952328609471,85.4819899617234,92.5290794057565,99.3021687431698,90.2870645064926,94.0779074389311,95.7745043138117,95.6386632478875,94.8704852698041,85.4819899617234,R8,
5.64558672101854,0.822870491692742,0.177129508307258,0.838476094045255,0.161523905954745,0.262808640379851,0.301837979351687,0.436114546077812,0.106037103332737,0.176203240485857,0.101235725132357,0.3169,0.331,2.7,6269.80929731855,93.523950210478,85.558053305915,92.5682245971192,99.3101605893029,90.3053392267943,94.1250001414586,95.7972937951777,95.6269139731683,94.9006160548878,85.558053305915,R8,
5.65941287197395,0.823303225507347,0.176696774492653,0.838917034584859,0.161082965415141,0.262647654190505,0.301751187623567,0.434924006620881,0.1056187465491,0.175764009034108,0.101050760817665,0.3169,0.331,2.7,6269.80929732934,93.5524796930712,85.633736591579,92.6071601415515,99.3179976212011,90.3235124705407,94.1718622509887,95.819805603651,95.6151794190065,94.9305834460508,85.633736591579,R8,
5.67323902292937,0.823733850106028,0.176266149893972,0.839355825907609,0.160644174092391,0.262486668001159,0.301664395895447,0.433739270049456,0.105202428905368,0.175326918468838,0.100866698049523,0.3169,0.331,2.7,6269.80929733428,93.5808221272158,85.7090424609138,92.6458874201451,99.3256778265274,90.3415850048522,94.2184954281706,95.8420402995811,95.6034601224502,94.9603884550858,85.7090424609138,R8,
5.68706517388478,0.824162380872293,0.175837619127707,0.839792483688758,0.160207516311242,0.262325681811813,0.301577604167327,0.432560294040352,0.104788135529132,0.17489195317555,0.100683530252528,0.3169,0.331,2.7,6269.80929732155,93.6089783152036,85.7839735292956,92.6844077988486,99.3331991613866,90.3595575891611,94.2649013169527,95.8639984409263,95.5917566034826,94.9900320815752,85.7839735292956,R8,
5.70089132484019,0.824588833040414,0.175411166959586,0.840227023451495,0.159772976548505,0.262164695622468,0.301490812439207,0.431387036680963,0.104375851692259,0.174459097691224,0.100501250915062,0.3169,0.331,2.7,6269.80929733788,93.636949043615,85.8585323851368,92.722722628445,99.3405595542118,90.3774309748933,94.31108154444,95.8856805837128,95.5800693653385,95.0195153127416,85.8585323851368,R8,
5.7147174757956,0.825013221697232,0.174986778302768,0.840659460568779,0.15934053943122,0.262003709433122,0.301404020711087,0.430219456464295,0.103965562809148,0.174028336702485,0.100319853588525,0.3169,0.331,2.7,6269.80929732934,93.6647350850637,85.9327215920288,92.7608332455284,99.3477569098735,90.3952059071483,94.3570377223651,95.9070872834778,95.5683988954305,95.0488391246574,85.9327215920288,R8,
5.72854362675102,0.825435561783937,0.174564438216063,0.841089810265158,0.158910189734842,0.261842723243776,0.301317228982967,0.429057512284072,0.103557254435012,0.173599655043798,0.100139331886573,0.3169,0.331,2.7,6269.80929733906,93.6923371978213,86.0065436867394,92.7987409716456,99.3547891145496,90.4128831228227,94.4027714456808,95.9282190949947,95.5567456651591,95.0780044809788,86.0065436867394,R8,
5.74236977770643,0.82585586809782,0.17414413190218,0.841518087618551,0.158481912381449,0.261681737054431,0.301230437254847,0.427901163429911,0.103150912264181,0.173173037695684,0.0999596794843705,0.3169,0.331,2.7,6269.80929731737,93.7197561278532,86.0800011817068,92.836447114428,99.3616540407045,90.4304633525845,94.4482842942609,95.9490765738634,95.5451101309091,95.1070123343687,86.0800011817068,R8,
5.75619592866184,0.826274155294003,0.173725844705997,0.841944307562012,0.158055692437988,0.261520750865085,0.301143645526727,0.426750369582568,0.102746522128431,0.172748469782971,0.0997808901178472,0.3169,0.331,2.7,6269.80929733524,93.7469926084547,86.1530965628495,92.873952966642,99.3683495528622,90.4479473188407,94.4935778313599,95.9696602761621,95.5334927337945,95.1358636251265,86.1530965628495,R8,
5.77002207961725,0.82669043788714,0.17330956211286,0.842368484885463,0.157631515114538,0.261359764675739,0.301056853798607,0.425605090809252,0.102344069995339,0.172325936573062,0.0996029575829744,0.3169,0.331,2.7,6269.80929732343,93.7740473628316,86.2258322928702,92.9112598076973,99.3748735134679,90.4653357384078,94.5386536058854,95.9899707603889,95.5218939008474,95.1645592830881,86.2258322928702,R8,
5.78384823057267,0.827104730253098,0.172895269746902,0.842790634237406,0.157209365762594,0.261198778486394,0.300970062070487,0.424465287559004,0.101943541966657,0.171905423474231,0.0994258757350452,0.3169,0.331,2.7,6269.80929732343,93.800921103617,86.2982108086257,92.9483689024872,99.3812237896144,90.4826293201088,94.5835131505436,96.0100085869369,95.5103140446272,95.1931002259921,86.2982108086257,R8,
5.79767438152808,0.827517046630613,0.172482953369387,0.843210770126612,0.156789229873388,0.261037792297048,0.300883270342367,0.423330920658147,0.101544924276714,0.171486916033946,0.099249638487968,0.3169,0.331,2.7,6269.80929734087,93.8276145348675,86.3702345230957,92.9852815023009,99.3873982599189,90.4998287663091,94.6281579831903,96.0297743194867,95.4987535640472,95.2214873605907,86.3702345230957,R8,
5.81150053248349,0.827927401122915,0.172072598877085,0.843628906923779,0.156371093076221,0.260876806107702,0.300796478614248,0.422201951305797,0.101148203290842,0.171070399937209,0.0990742398135687,0.3169,0.331,2.7,6269.80929733307,93.8541283532976,86.4419058257984,93.0219988450345,99.3933948219857,90.5169347731156,94.6725896070832,96.0492685257536,95.4872128447725,95.2497215828375,86.4419058257984,R8,
5.8253266834389,0.828335807699344,0.171664192300656,0.844045058863171,0.155954941136829,0.260715819918357,0.300709686886128,0.421078341069438,0.100753365503813,0.170655861004927,0.0988996737409036,0.3169,0.331,2.7,6269.80929732934,93.8804632487513,86.513227081653,93.0585221546951,99.3992114003639,90.5339480292785,94.7168095100907,96.0684917776013,95.4756922591959,95.2778037771318,86.513227081653,R8,
5.83915283439432,0.828742280196931,0.171257719803069,0.844459240044237,0.155540759955763,0.260554833729011,0.300622895158008,0.41996005188056,0.100360397538315,0.170243285192302,0.0987259343555821,0.3169,0.331,2.7,6269.8092973304,93.9066199060807,86.5842006324201,93.0948526420823,99.4048459548208,90.5508692172482,94.7608191656424,96.0874446522044,95.4641921670967,95.3057348171306,86.5842006324201,R8,
5.85297898534973,0.82914683232196,0.17085316767804,0.844871464433199,0.155128535566801,0.260393847539665,0.300536103429888,0.418847046030364,0.0999692861434371,0.169832658587245,0.098553015799098,0.3169,0.331,2.7,6269.80929732155,93.9325990063688,86.6548287967862,93.1309915048367,99.4102964890531,90.5676990131436,94.8046200327893,96.1061277326853,95.4527129159355,95.333515565721,86.6548287967862,R8,
5.86680513630514,0.829549477651513,0.170450522348487,0.845281745864623,0.154718254135377,0.26023286135032,0.300449311701768,0.417739286165518,0.0995800181931804,0.169423967408812,0.0983809122681719,0.3169,0.331,2.7,6269.80929733524,93.9584012278981,86.7251138699091,93.1669399272685,99.4155610598151,90.5844380861889,94.8482135558445,96.1245416084786,95.4412548409814,95.3611468746986,86.7251138699091,R8,
5.88063128726055,0.829950229634982,0.170049770365018,0.84569009804297,0.15430990195703,0.260071875160974,0.300362519973648,0.416636735283982,0.0991925806849899,0.16901719800566,0.0982096180141015,0.3169,0.331,2.7,6269.80929734013,93.9840272482156,86.7950581249373,93.2026990810546,99.4206377862567,90.6010870999024,94.8916011654239,96.1426868765663,95.4298182659796,95.3886295856035,86.7950581249373,R8,
5.89445743821596,0.830349101595572,0.169650898404428,0.846096534544116,0.153903465455884,0.259910888971628,0.300275728245528,0.415539356730887,0.0988069607383072,0.168612336854535,0.0980391273421213,0.3169,0.331,2.7,6269.80929732343,94.0094777450486,86.864663812314,93.2382701249502,99.425524859652,90.6176467113445,94.9347842779329,96.1605641417456,95.4184035032015,95.4159645292481,86.864663812314,R8,
5.90828358917138,0.830746106731778,0.169253893268222,0.846501068816863,0.153498931183137,0.259749902782283,0.300188936517408,0.41444711419447,0.0984231455931421,0.168209370558761,0.097869434610772,0.3169,0.331,2.7,6269.80929733307,94.0347533974885,86.9339331595148,93.2736542046883,99.4302205533095,90.6341175707915,94.9777642953773,96.1781740171165,95.4070108536118,95.443152525498,86.9339331595148,R8,
5.92210974012679,0.831141258118835,0.168858741881165,0.846903714184416,0.153096285815584,0.259588916592937,0.300102144789288,0.413359971702076,0.0980411226086659,0.167808285846775,0.0977005342312778,0.3169,0.331,2.7,6269.80929731742,94.0598548884304,87.0028683731579,93.3088524539517,99.4347232325506,90.6505003233671,95.0205426067732,96.1955171255049,95.3956406076735,95.4701943844643,87.0028683731579,R8,
5.9359358910822,0.831534568710161,0.168465431289839,0.847304483845852,0.152695516154148,0.259427930403591,0.300015353061168,0.4122778936162,0.0976608792618236,0.167409069570659,0.0975324206669334,0.3169,0.331,2.7,6269.80929732711,94.0847829048043,87.0714716368852,93.3438659934366,99.4390313649244,90.6667956071497,95.0631205866818,96.2125940991787,95.3842930449889,95.497090905189,87.0714716368852,R8,
5.94976204203761,0.831926051338764,0.168073948661236,0.847703390877556,0.152296609122444,0.259266944214246,0.299928561333048,0.411200844630599,0.097282403145965,0.167011708704713,0.0973650884324983,0.3169,0.331,2.7,6269.80929732934,94.1095381401774,87.1397451137552,93.3786959319523,99.4431435302784,90.6830040550517,95.1054995968267,96.229405581379,95.3729684351699,95.5238428770061,87.1397451137552,R8,
5.96358819299303,0.832315718718647,0.167684281281353,0.848100448234648,0.151899551765352,0.2591059580249,0.299841769604928,0.41012878976645,0.0969056819694956,0.166616190344029,0.0971985320936005,0.3169,0.331,2.7,6269.80929733312,94.1341212954336,87.2076909450114,93.4133433658822,99.4470584308512,90.6991262936609,95.1476809852178,96.2459522263811,95.3616670377142,95.5504510787499,87.2076909450114,R8,
5.97741434394844,0.832703583446176,0.167296416553824,0.848495668752385,0.151504331247615,0.258944971835554,0.299754977876808,0.409061694368561,0.0965307035545464,0.166222501703103,0.0970327462661486,0.3169,0.331,2.7,6269.80929733457,94.1585330805391,87.27531125094,93.4478093795932,99.4507749011432,90.7151629438606,95.1896660867276,96.2622347004026,95.3503891024448,95.576916279201,87.27531125094,R8,
5.99124049490385,0.833089658001444,0.166910341998556,0.84888906514754,0.151110934852461,0.258783985646208,0.299668186148688,0.407999524101643,0.0961574558356607,0.165830630114449,0.096867725615751,0.3169,0.331,2.7,6269.80929732934,94.1827742158529,87.3426081309534,93.4820950454812,99.4542919175413,90.7311146207542,95.2314562231118,96.2782536821728,95.3391348697215,95.6032392370871,87.3426081309534,R8,
6.00506664585926,0.833473954749605,0.166526045250395,0.84928065001977,0.15071934998023,0.258622999456863,0.299581394420568,0.40694224494662,0.0957859268585008,0.165440563027247,0.096703464857144,0.3169,0.331,2.7,6269.80929732562,94.2068454333883,87.4095836636466,93.5162014240281,99.4576086075788,90.7469819336191,95.2730527030284,96.2940098634956,95.3279045706587,95.6294207010514,87.4095836636466,R8,
6.01889279681468,0.833856485942195,0.166143514057805,0.849670435852963,0.150329564147037,0.258462013267517,0.299494602692448,0.405889823197001,0.0954161047785712,0.165052288005999,0.0965399587536276,0.3169,0.331,2.7,6269.8092973304,94.230747478178,87.4762399071734,93.5501295639778,99.4607242587292,90.7627654861,95.3144568222773,96.3095039499386,95.3166984274078,95.6554614098201,87.4762399071734,R8,
6.03271894777009,0.834237263718437,0.165762736281563,0.850058435016556,0.149941564983444,0.258301027078171,0.299407810964328,0.404842225455298,0.0950479778599605,0.164665792729208,0.096377202116509,0.3169,0.331,2.7,6269.80929734011,94.2544811095369,87.5425788995627,93.5838805024979,99.4636383266437,90.7784658763761,95.3556698639821,96.3247366614725,95.3055166534304,95.6813620923294,87.5425788995627,R8,
6.0465450987255,0.834616300106522,0.165383699893478,0.850444659766855,0.149555340233145,0.258140040888826,0.299321019236208,0.403799418629492,0.0946815344740992,0.164281064988077,0.0962151898045536,0.3169,0.331,2.7,6269.80929731929,94.2780471023183,87.6086026591823,93.6174552654102,99.4663504427391,90.7940836974145,95.3966930988822,96.3397087331625,95.2943594538018,95.7071234679536,87.6086026591823,R8,
6.06037124968091,0.834993607024875,0.165006392975125,0.850829122248315,0.149170877751685,0.25797905469948,0.299234227508088,0.402761369929548,0.0943167630985359,0.163898092685221,0.0960539167234438,0.3169,0.331,2.7,6269.80929732114,94.3014462471891,87.6743131835294,93.6508548666565,99.4688604210436,90.8096195358666,95.4375277844784,96.3544209151805,95.2832270250375,95.7327462457199,87.6743131835294,R8,
6.07419740063632,0.835369196283407,0.164630803716593,0.851211834494822,0.148788165505179,0.257818068510134,0.299147435779968,0.401728046863982,0.0939536523157293,0.1635168638334,0.095893377825245,0.3169,0.331,2.7,6269.80929733428,94.3246793524962,87.7397124512207,93.6840803092101,99.4711682641723,90.8250739736382,95.4781751663777,96.3688739740937,95.2721195558204,95.7582311254368,87.7397124512207,R8,
6.08802355159174,0.835743079584745,0.164256920415255,0.851592808430939,0.148407191569061,0.257657082320789,0.299060644051848,0.400699417236465,0.0935921908118566,0.163137366554267,0.0957335681078785,0.3169,0.331,2.7,6269.80929732343,94.3477472448093,87.8048024217098,93.717132584972,99.4732741684264,90.8404475875332,95.5186364780629,96.3830686932174,95.2610372270799,95.7835787974726,87.8048024217098,R8,
6.10184970254715,0.83611526852545,0.16388473147455,0.851972055873155,0.148027944126845,0.257496096131443,0.298973852323728,0.399675449142482,0.093232367375639,0.162759589077136,0.0955744826146029,0.3169,0.331,2.7,6269.80929731929,94.3706507690356,87.8695850344451,93.7500126743975,99.4751785278856,90.8557409484466,95.5589129402824,96.3970058727214,95.2499802119089,95.8087899421976,87.8695850344451,R8,
6.11567585350256,0.836485774597213,0.163514225402787,0.852349588531098,0.147650411468902,0.257335109942097,0.298887060595608,0.398656110966037,0.0928741708971823,0.162383519737765,0.0954161164335006,0.3169,0.331,2.7,6269.80929732343,94.3933907895429,87.9340622101596,93.7827215471028,99.4768819374452,90.8709546223472,95.5990057619142,96.4106863306027,95.2389486760758,95.8338652306957,87.9340622101596,R8,
6.12950200445797,0.836854609188038,0.163145390811962,0.852725418008745,0.147274581991256,0.257174123752752,0.298800268867488,0.39764137137639,0.0925175903668334,0.162009146977155,0.0952584646969729,0.3169,0.331,2.7,6269.80929732934,94.4159681904233,87.9982358508202,93.8152601618402,99.4783851947659,90.8860891701479,95.638916139901,96.4241109030783,95.227942778159,95.8588053246741,87.9982358508202,R8,
6.14332815541339,0.837221783583412,0.162778216416588,0.853099555805608,0.146900444194392,0.257013137563406,0.298713477139368,0.396631199324857,0.0921626148740523,0.161636459340363,0.0951015225812412,0.3169,0.331,2.7,6269.80929733457,94.4383838756621,88.0621078396665,93.8476294665514,99.479689301088,90.9011451476181,95.6786452592329,96.4372804450055,95.2169626696973,95.883610876437,88.0621078396665,R8,
6.1571543063688,0.837587308967452,0.162412691032548,0.853472013317912,0.146527986682088,0.25685215137406,0.298626685411248,0.395625564041637,0.0918092336062992,0.16126544547534,0.0949452853058546,0.3169,0.331,2.7,6269.80929732343,94.4606387693481,88.1256800415986,93.8798303985385,99.4807954608857,90.9161231056343,95.7181942931982,96.4501958304334,95.2060084954368,95.9082825290591,88.1256800415986,R8,
6.17098045732421,0.837951196424043,0.162048803575957,0.853842801839745,0.146157198160255,0.256691165184715,0.298539893683128,0.394624435032688,0.0914574358479372,0.160896094131772,0.0947897481332051,0.3169,0.331,2.7,6269.80929733428,94.4827338152015,88.1889543025749,93.9118638842133,99.4817050803534,90.9310235895672,95.7575644029222,96.4628579527158,95.1950803932909,95.9328209159747,88.1889543025749,R8,
6.18480660827962,0.838313456937959,0.161686543062041,0.854211932564205,0.145788067435795,0.256530178995369,0.298453101955008,0.393627782076647,0.0911072109791483,0.160528394159946,0.0946349063680484,0.3169,0.331,2.7,6269.80929731855,94.5046699772509,88.2519324514209,93.9437308399289,99.4824197647678,90.9458471407182,95.7967567385902,96.475267725602,95.184178494987,95.9572266619924,88.2519324514209,R8,
6.19863275923504,0.838674101395965,0.161325898604035,0.854579416584523,0.145420583415477,0.256369192806023,0.298366310226888,0.392635575221788,0.0907585484748653,0.160162334509628,0.0944807553570314,0.3169,0.331,2.7,6269.80929733233,94.5264482382969,88.3146162977871,93.9754321710678,99.482941314663,90.9605942944964,95.835772437989,96.4874260827264,95.1733029256072,95.9815003820384,88.3146162977871,R8,
6.21245891019045,0.839033140587912,0.160966859412088,0.854945264895177,0.145054735104823,0.256208206616678,0.298279518498768,0.391647784783023,0.0904114379037174,0.159797904228955,0.0943272904882259,0.3169,0.331,2.7,6269.80929732343,94.5480696007496,88.3770076347889,94.0069687732487,99.4832717209901,90.9752655825652,95.8746126282995,96.499333978989,95.1624538044599,96.0056426826556,88.3770076347889,R8,
6.22628506114586,0.839390585207809,0.160609414792191,0.855309488392986,0.144690511607014,0.256047220427332,0.298192726770648,0.390664381338938,0.0900658689269899,0.159435092463342,0.0941745071906694,0.3169,0.331,2.7,6269.80929732934,94.5695350847761,88.4391082368739,94.0383415313719,99.4834131591473,90.9898615309512,95.9132784245922,96.5109923899752,95.1516312445936,96.0296541607037,88.4391082368739,R8,
6.24011121210127,0.839746445854887,0.160253554145113,0.855672097878195,0.144327902121805,0.255886234237986,0.298105935042528,0.389685335728873,0.0897218312975975,0.159073888454409,0.0940224009339102,0.3169,0.331,2.7,6269.80929733428,94.5908457284394,88.5009198616548,94.0695513204671,99.4833679821107,91.0043826614929,95.9517709310341,96.5224023129526,95.1408353534303,96.0535354043728,88.5009198616548,R8,
6.25393736305668,0.840100733034646,0.159899266965354,0.856033104055539,0.143966895944461,0.25572524804864,0.298019143314408,0.388710619050044,0.0893793148590717,0.158714281538911,0.0938709672275606,0.3169,0.331,2.7,6269.80929732934,94.612002586462,88.5624442493632,94.100599005449,99.4831387126185,91.0188294913244,95.9900912404982,96.5335647669012,95.1300662327212,96.0772869928205,88.5624442493632,R8,
6.2677635140121,0.840453457159892,0.159546542840108,0.856392517535299,0.143607482464701,0.255564261859295,0.297932351586288,0.387740202654692,0.0890383095445611,0.158356261147693,0.0937202016208541,0.3169,0.331,2.7,6269.80929731742,94.6330067292184,88.6236831229677,94.1314854411952,99.4827280345451,91.0332025328459,96.0282404345713,96.5444807927491,95.1193239786874,96.1009094961855,88.6236831229677,R8,
6.28158966496751,0.840804628551749,0.159195371448251,0.85675034883434,0.14324965116566,0.255403275669949,0.297845559858168,0.386774058147282,0.0886988053758452,0.157999816804654,0.0935700997022102,0.3169,0.331,2.7,6269.80929734087,94.6538592414969,88.6846381879984,94.1622114724591,99.4821387835445,91.0475022935368,96.0662195834103,96.5551514535226,95.1086086820712,96.1244034754319,88.6846381879984,R8,
6.29541581592292,0.841154257440674,0.158845742559326,0.857106608377137,0.142893391622863,0.255242289480603,0.297758768130048,0.38581215738173,0.0883607924623613,0.157644938125722,0.0934206570988034,0.3169,0.331,2.7,6269.80929733195,94.6745612222812,88.7453111344475,94.1927779347681,99.4813739371498,91.0617292774402,96.1040297469982,96.5655778352405,95.0979204287878,96.1477694834172,88.7453111344475,R8,
6.30924196687833,0.841502353967449,0.158497646032551,0.857461306496789,0.142538693503211,0.255081303291258,0.297671976401928,0.384854472458669,0.0880242610002439,0.157291614817852,0.0932718694761391,0.3169,0.331,2.7,6269.80929732711,94.6951137821929,88.8057036344254,94.2231856533456,99.4804366041932,91.0758839831482,96.1416719734917,96.5757610461397,95.0872592993393,96.1710080634604,88.8057036344254,R8,
6.32306811783375,0.841848928184156,0.158151071815844,0.857814453436016,0.142185546563984,0.254920317101912,0.297585184673808,0.383900975722757,0.0876892012713769,0.156939836678023,0.0931237325376342,0.3169,0.331,2.7,6269.80929732492,94.7155180431016,88.8658173439773,94.2534354439651,99.479330013976,91.0899669052018,96.1791473003956,96.5857022174892,95.0766253694427,96.1941197503646,88.8658173439773,R8,
6.33689426878916,0.842193990055151,0.157806009944849,0.858166059348145,0.141833940651855,0.254759330912566,0.297498392945688,0.382951639760008,0.0873556036424579,0.156589593592262,0.0929762420242033,0.3169,0.331,2.7,6269.80929732155,94.73577513658,88.9256539027935,94.283528112821,99.4780575050392,91.1039785338276,96.2164567543582,96.5954025035814,95.0660187100307,96.2171050701888,88.9256539027935,R8,
6.35072041974457,0.842537549458016,0.157462450541984,0.858516134298085,0.141483865701915,0.254598344723221,0.297411601217568,0.38200643739517,0.0870234585640751,0.156240875534673,0.0928293937138513,0.3169,0.331,2.7,6269.80929732343,94.755886202478,88.9852149342368,94.3134644565507,99.4766225137631,91.1179193548383,96.2536013510808,96.6048630817832,95.0554393873522,96.2399645402191,88.9852149342368,R8,
6.36454657069998,0.842879616184501,0.157120383815499,0.858864688263286,0.141135311736714,0.254437358533875,0.297324809489448,0.381065341689127,0.0866927565697964,0.155893672566478,0.0926831834212698,0.3169,0.331,2.7,6269.80929732562,94.7758523876877,89.0445020457183,94.343245262419,99.4750285628719,91.1317898498979,96.2905820955682,96.6140851527241,95.044887463163,96.2626986691392,89.0445020457183,R8,
6.3783727216554,0.843220199941457,0.156779800058543,0.859211731134687,0.140788268865314,0.254276372344529,0.297238017761328,0.380128325936347,0.0863634882752695,0.155547974835077,0.0925376069974396,0.3169,0.331,2.7,6269.80929732934,94.7956748446608,89.103516828637,94.3728713083007,99.4732792499234,91.1455904964061,96.3273999820077,96.6230699402785,95.034362994796,96.2853079569373,89.103516828637,R8,
6.39219887261081,0.84355931035175,0.15644068964825,0.859557272717649,0.140442727282351,0.254115386155184,0.297151226033208,0.379195363662347,0.0860356443773348,0.155203772573111,0.0923926603292386,0.3169,0.331,2.7,6269.80929733195,94.8153547301047,89.1622608586461,94.4023433628077,99.4713782359068,91.1593217676184,96.3640559938831,96.6318186916338,95.0238660353166,96.3077928950248,89.1622608586461,R8,
6.40602502356622,0.843896956955172,0.156103043044828,0.859901322732886,0.140098677267113,0.253954399965838,0.297064434305088,0.378266428621206,0.0857092156531485,0.154861056097546,0.0922483393390541,0.3169,0.331,2.7,6269.80929733307,94.8348932035958,89.2207356957007,94.43166218532,99.4693292340076,91.1729841326683,96.4005511039767,96.6403326772752,95.0133966336147,96.3301539662029,89.2207356957007,R8,
6.41985117452163,0.844233149209333,0.155766850790667,0.86024389081737,0.139756109182631,0.253793413776492,0.296977642576968,0.377341494793102,0.0853841929593183,0.154519815808764,0.0921046399844004,0.3169,0.331,2.7,6269.80929732155,94.8542914263354,89.2789428843593,94.4608285261422,99.4671359986415,91.186578056695,96.4368862744687,96.6486131910046,95.0029548345719,96.3523916447998,89.2789428843593,R8,
6.43367732547704,0.844567896490542,0.155432103509458,0.860584986525229,0.139415013474771,0.253632427587147,0.296890850848848,0.376420536381882,0.0850605672310497,0.154180042189666,0.0919615582575415,0.3169,0.331,2.7,6269.80929733906,94.8735505594666,89.3368839531682,94.4898431262172,99.4648023147582,91.2001040003015,96.4730624564736,96.6566615496069,94.9925406789482,96.3745063962589,89.3368839531682,R8,
6.44750347643246,0.844901208094684,0.155098791905316,0.860924619328643,0.139075380671357,0.253471441397801,0.296804059120728,0.375503527812663,0.0847383294813028,0.153841725804788,0.0918190901851186,0.3169,0.331,2.7,6269.80929733312,94.8926717637494,89.3945604164976,94.5187067179878,99.4623319876883,91.2135624210139,96.5090805912278,96.6644790934212,94.9821542039967,96.3964986781616,89.3945604164976,R8,
6.46132962738787,0.845233093238075,0.154766906761925,0.861262798618716,0.138737201381284,0.253310455208455,0.296717267392609,0.374590443729466,0.0844174707999609,0.153504857299426,0.0916772318277819,0.3169,0.331,2.7,6269.80929733903,94.9116561972275,89.4519737725624,94.547420024488,99.459728833183,91.2269537715619,96.544941608642,96.6720671854122,94.9717954429482,96.4183689390221,89.4519737725624,R8,
6.47515577834328,0.845563561058317,0.154436438941683,0.861599533706341,0.138400466293659,0.25314946901911,0.296630475664489,0.37368125899288,0.0840979823530088,0.153169427398776,0.0915359792798281,0.3169,0.331,2.7,6269.80929732155,94.9305050150783,89.5091255053796,94.5759837602592,99.4569966681905,91.2402785014451,96.5806464285756,96.6794272117318,94.9614644256578,96.4401176193863,89.5091255053796,R8,
6.48898192929869,0.84589262061513,0.15410737938487,0.861934833823055,0.138065166176945,0.252988482829764,0.296543683936369,0.372775948677753,0.0837798553817224,0.152835426907082,0.0913953286688413,0.3169,0.331,2.7,6269.80929732269,94.9492193676091,89.566017083178,94.6043986306206,99.4541393019186,91.2535370555595,96.6161959596521,96.6865605808912,94.9511611781939,96.4617451508587,89.566017083178,R8,
6.50280808025411,0.846220280891186,0.153779719108814,0.862268708121884,0.137731291878116,0.252827496640418,0.296456892208249,0.371874488070912,0.0834630812018683,0.152502846706794,0.0912552761553396,0.3169,0.331,2.7,6269.80929734087,94.9678003999959,89.6226499599175,94.63266533238,99.4511605276442,91.2667298753997,96.6515911002332,96.6934687241013,94.9408857233568,96.4832519569346,89.6226499599175,R8,
6.51663423120952,0.846546550792924,0.153453449207076,0.862601165678177,0.137398834321823,0.252666510451072,0.296370100480129,0.370976852668921,0.0831476512029131,0.152171677757741,0.0911158179324256,0.3169,0.331,2.7,6269.80929732934,94.9862492513417,89.6790255754349,94.6607845539083,99.4480641150015,91.2798573991134,96.6868327384112,96.700153095049,94.9306380807772,96.5046384530386,89.6790255754349,R8,
6.53046038216493,0.846871439151356,0.153128560848644,0.862932215490425,0.137067784509575,0.252505524261727,0.296283308752009,0.370083018175853,0.0828335568472436,0.151841911096311,0.0909769502254412,0.3169,0.331,2.7,6269.80929732196,95.004567053001,89.7351453540926,94.6887569745261,99.4448538027231,91.2929200603258,96.721921750986,96.7066151690805,94.9204182665761,96.5259050456979,89.7351453540926,R8,
6.54428653312034,0.847194954722865,0.152805045277135,0.863261866481072,0.136738133518928,0.252344538072381,0.296196517023889,0.369192960501105,0.0825207896693968,0.151513537834641,0.0908386692916276,0.3169,0.331,2.7,6269.80929732677,95.0227549284304,89.7910107061303,94.7165832651302,99.4415332921631,91.3059182892144,96.7568590043015,96.7128564434008,94.9102262938248,96.5470521332781,89.7910107061303,R8,
6.55811268407576,0.84751710618999,0.15248289381001,0.863590127497324,0.136409872502676,0.252183551883035,0.296109725295769,0.368306655757225,0.0822093412752987,0.151186549159819,0.0907009714197885,0.3169,0.331,2.7,6269.80929733938,95.0408139923514,89.8466230276213,94.744264088187,99.4381062412911,91.3188525124138,96.7916453541053,96.7188784366985,94.9000621725835,96.5680801059107,89.8466230276213,R8,
6.57193883503117,0.847837902162208,0.152162097837792,0.863917007311931,0.136082992688069,0.25202256569369,0.296022933567649,0.367424080257787,0.0818992033415136,0.150860936333096,0.0905638529299582,0.3169,0.331,2.7,6269.80929733312,95.0587453501282,89.9019837007009,94.7718000978462,99.4345762592768,91.331723153144,96.8262816455898,96.7246826888537,94.8899259100268,96.5889893455877,89.9019837007009,R8,
6.58576498598658,0.848157351176692,0.151842648823308,0.864242514623975,0.135757485376025,0.251861579504344,0.295936141839529,0.366545210515268,0.0815903676145029,0.150536690689109,0.0904273101730741,0.3169,0.331,2.7,6269.80929733524,95.0765500966665,89.957094092782,94.7991919395802,99.4309469015496,91.3445306305251,96.8607687127388,96.7302707602475,94.8798175102579,96.6097802256507,89.957094092782,R8,
6.59959113694199,0.848475461699077,0.151524538300923,0.864566658059639,0.135433341940361,0.251700593314998,0.295849350111409,0.365670023238974,0.0812828259098925,0.15021380363511,0.0902913395306527,0.3169,0.331,2.7,6269.80929733312,95.0942293164469,90.0119555577588,94.8264402507497,99.4272216655612,91.3572753605066,96.8951073790348,96.7356442317873,94.8697369747204,96.6304531114561,90.0119555577588,R8,
6.61341728789741,0.848792242124203,0.151207757875797,0.864889446172971,0.135110553827029,0.251539607125653,0.295762558383289,0.364798495332978,0.0809765701117501,0.149892266650207,0.09015593741447,0.3169,0.331,2.7,6269.80929732934,95.1117840826801,90.066569435465,94.8535456603685,99.4234039869239,91.36995775539,96.9292984569463,96.7408047042556,94.8596843020857,96.651008360006,90.066569435465,R8,
6.62724343885282,0.849107700776856,0.150892299223144,0.865210887446633,0.134789112553367,0.251378620936307,0.295675766655169,0.36393060389409,0.080671592171871,0.149572071284615,0.0900211002662457,0.3169,0.331,2.7,6269.80929732343,95.1292154569823,90.1209370519948,94.8805087892542,99.4194972361253,91.3825782240165,96.9633427480135,96.7457537979597,94.8496594883934,96.6714463201006,90.1209370519948,R8,
6.64106958980823,0.849421845912493,0.150578154087507,0.865530990292648,0.134469009707352,0.251217634746961,0.295588974927049,0.363066326209849,0.0803678841090738,0.149253209158919,0.0898868245573319,0.3169,0.331,2.7,6269.80929731742,95.1465244889548,90.1750597197267,94.907330250039,99.4155047156951,91.3951371717817,96.9972410427332,96.7504931522538,94.8396625271054,96.6917673323037,90.1750597197267,R8,
6.65489574076364,0.849734685717969,0.150265314282031,0.865849763053132,0.134150236946868,0.251056648557616,0.295502183198929,0.362205639756545,0.0800654380085028,0.148935671963335,0.089753106788405,0.3169,0.331,2.7,6269.8092973197,95.1637122158277,90.2289387373891,94.9340106472268,99.411429657818,91.4076350006057,97.0309941204213,96.7550244250448,94.8296934091756,96.7119717289407,90.2289387373891,R8,
6.66872189171905,0.850046228312241,0.149953771687759,0.866167214001016,0.133832785998984,0.25089566236827,0.295415391470809,0.361348522197256,0.0797642460209418,0.148619451456998,0.0896199434891617,0.3169,0.331,2.7,6269.80929733428,95.1807796622413,90.2825753902739,94.9605505772798,99.4072752223935,91.4200721090907,97.0646027492319,96.7593492923428,94.8197521231431,96.7320598341745,90.2825753902739,R8,
6.68254804267447,0.850356481747076,0.149643518252924,0.866483351340768,0.133516648659231,0.250734676178924,0.295328599742689,0.360494951379925,0.0794643003621345,0.148304539467241,0.0894873312180188,0.3169,0.331,2.7,6269.80929732824,95.19772784021,90.335970950712,94.9869506288595,99.4030444955092,91.4324488928548,97.0980676862883,96.7634694478836,94.809838655333,96.7520319642399,90.335970950712,R8,
6.69637419362988,0.850665454007741,0.149334545992259,0.866798183209095,0.133201816790905,0.250573689989579,0.295241808014569,0.359644905335443,0.0791655933121138,0.147990927888895,0.0893552665618169,0.3169,0.331,2.7,6269.80929733524,95.214557748278,90.3891266769603,95.0132113823184,99.3987404881394,91.4447657435871,97.1313896767382,96.7673866021518,94.7999529895544,96.7718884267741,90.3891266769603,R8,
6.71020034458529,0.850973153013689,0.14902684698631,0.867111717675642,0.132888282324358,0.250412703800233,0.295155016286449,0.358798362275767,0.0788681172145394,0.147678608683593,0.0892237461355273,0.3169,0.331,2.7,6269.80929733428,95.2312703721146,90.4420438147054,95.0393334103957,99.394366135427,91.4570230502296,97.1645694546071,96.7711024823411,94.7900951075893,96.7916295216216,90.4420438147054,R8,
6.7240264955407,0.85127958661924,0.148720413380761,0.86742396274368,0.13257603725632,0.250251717610887,0.295068224558329,0.357955300592063,0.0785718644760442,0.147367573879084,0.0890927665819629,0.3169,0.331,2.7,6269.80929733307,95.2478666838699,90.4947235961737,95.0653172778252,99.3899242960576,91.4692211982216,97.1976077419782,96.7746188314345,94.7802649889711,96.8112555402975,90.4947235961737,R8,
6.73785264649612,0.851584762614239,0.148415237385761,0.867734926350793,0.132265073649207,0.250090731421542,0.294981432830209,0.357115698852858,0.0782768275655873,0.147057815568552,0.0889623245714927,0.3169,0.331,2.7,6269.80929732711,95.2643476423369,90.5471672407068,95.0911635416014,99.3854177520495,91.4813605699248,97.2305052491628,96.7779374077874,94.7704626111892,96.8307667662732,90.5471672407068,R8,
6.75167879745153,0.851888688724728,0.148111311275272,0.868044616369543,0.131955383630457,0.249929745232196,0.294894641102089,0.356279535802234,0.077982999013817,0.146749325909947,0.0888324168017592,0.3169,0.331,2.7,6269.80929732155,95.2807141927489,90.5993759545836,95.1168727509079,99.3808492087476,91.4934415444408,97.2632626743664,96.7810599844358,94.7606879496691,96.8501634748402,90.5993759545836,R8,
6.76550494840694,0.852191372613589,0.147808627386411,0.868353040608139,0.131646959391861,0.24976875904285,0.294807849373969,0.355446790358026,0.0776903714124392,0.146442097125326,0.0887030399974003,0.3169,0.331,2.7,6269.80929731855,95.296967266817,90.651350931248,95.1424454472319,99.3762212950779,91.5054644977683,97.2958807035919,96.783988348536,94.7509409778854,96.8694459331964,90.651350931248,R8,
6.77933109936235,0.852492821881195,0.147507178118805,0.868660206811091,0.131339793188909,0.249607772853504,0.294721057645849,0.354617441610055,0.0773989374135956,0.146136121500195,0.0885741909097736,0.3169,0.331,2.7,6269.80929732934,95.3131077826405,90.7030933512546,95.1678821643466,99.3715365640003,91.5174298027253,97.3283600103511,96.7867243006876,94.7412216673715,96.8886144003866,90.7030933512546,R8,
6.79315725031777,0.852793044066038,0.147206955933962,0.86896612265986,0.13103387734014,0.249446786664159,0.294634265917729,0.353791468818378,0.0771086897292486,0.145831391382868,0.0884458663166848,0.3169,0.331,2.7,6269.80929734085,95.3291366449135,90.7546043827384,95.1931834285438,99.3667974931868,91.5293378292831,97.360701255706,96.7892696544242,94.7315299878963,96.907669127529,90.7546043827384,R8,
6.80698340127318,0.853092046645367,0.146907953354633,0.869270795773498,0.130729204226501,0.249285800474813,0.294547474189609,0.352968851411554,0.0768196211305733,0.145527899183824,0.0883180630221185,0.3169,0.331,2.7,6269.80929733233,95.3450547448423,90.8058851812846,95.2183497585701,99.3620064858345,91.5411889444631,97.3929050879161,96.7916262355051,94.7218659074605,96.9266103577045,90.8058851812846,R8,
6.82080955222859,0.853389837035801,0.146610162964199,0.86957423370928,0.13042576629072,0.249124814285467,0.294460682461489,0.352149568984943,0.076531724447358,0.145225637375081,0.0881907778559738,0.3169,0.331,2.7,6269.80929732269,95.3608629598806,90.856936889475,95.2433816654381,99.3571658715557,91.5529835118874,97.4249721417745,96.7937958810545,94.7122293921871,96.9454383256722,90.856936889475,R8,
6.834635703184,0.853686422593945,0.146313577406055,0.869876443963328,0.130123556036672,0.248963828096122,0.294373890733369,0.351333601299014,0.0762449925674108,0.14492459848957,0.0880640076738012,0.3169,0.331,2.7,6269.80929733233,95.3765621540144,90.9077606373876,95.2682796526612,99.3522779075326,91.5647218921992,97.456903038662,96.7957804390556,94.7026204065021,96.9641532581145,90.9077606373876,R8,
6.84846185413941,0.853981810616997,0.146018189383003,0.87017743397123,0.12982256602877,0.248802841906776,0.294287099005249,0.35052092827768,0.0759594184359742,0.144624775120526,0.0879377493565445,0.3169,0.331,2.7,6269.80929733524,95.3921531781147,90.9583575432311,95.2930442165614,99.3473447797724,91.5764044435354,97.488698386625,96.7975817678649,94.6930389133611,96.9827553739659,90.9583575432311,R8,
6.86228800509483,0.854276008343345,0.145723991656655,0.870477211108648,0.129522788891352,0.24864185571743,0.294200307277129,0.349711530006651,0.0756749950551465,0.144326159920873,0.0878119998102844,0.3169,0.331,2.7,6269.80929731931,95.4076368696225,91.0087287127145,95.3176758459764,99.3423686043421,91.5880315209832,97.5203587795648,96.7992017352921,94.6834848740859,97.0012448840213,91.0087287127145,R8,
6.87611415605024,0.854569022953159,0.145430977046841,0.870775782691923,0.129224217308077,0.248480869528085,0.294113515549009,0.348905386731809,0.0753917154833101,0.144028745602628,0.0876867559659862,0.3169,0.331,2.7,6269.80929734011,95.4230140522843,91.0588752384953,95.3421750220327,99.3373514286774,91.5996034760965,97.5518847964603,96.8006422176895,94.6739582482165,97.0196219906059,91.0588752384953,R8,
6.88994030700565,0.854860861568974,0.145139138431026,0.871073155978667,0.128926844021333,0.248319883338739,0.294026723820889,0.348102478857598,0.075109572834567,0.14373252493631,0.0875620147792496,0.3169,0.331,2.7,6269.80929733048,95.4382855374084,91.1087982024433,95.366542219187,99.3322952332767,91.6111206587455,97.5832770025249,96.8019051000368,94.6644589942451,97.0378868888083,91.1087982024433,R8,
6.90376645796106,0.855151531256268,0.144848468743732,0.871369338168356,0.128630661831644,0.248158897149393,0.293939932092769,0.347302786945439,0.0748285602781803,0.14343749075035,0.0874377732300627,0.3169,0.331,2.7,6269.80929733312,95.4534521224911,91.1584986730231,95.3907779040301,99.3272019329039,91.6225834149231,97.6145359469319,96.8029922743084,94.6549870688236,97.0560397649847,91.1584986730231,R8,
6.91759260891648,0.855441039024032,0.144558960975968,0.871664336402904,0.128335663597096,0.247997910960048,0.293853140364649,0.34650629171216,0.0745486710380236,0.143143635930514,0.0873140283225577,0.3169,0.331,2.7,6269.80929731855,95.4685145924252,91.2079777074504,95.4148825363055,99.3220733783717,91.6339920885121,97.645662163837,96.8039056395064,94.6455424274673,97.0740807979515,91.2079777074504,R8,
6.93141875987189,0.855729391825335,0.144270608174665,0.871958157767242,0.128041842232758,0.247836924770702,0.293766348636529,0.345712974028445,0.0742698983920358,0.142850953419332,0.0871907770847704,0.3169,0.331,2.7,6269.80929733307,95.4834737186529,91.2572363500541,95.4388565681471,99.3169113579296,91.6453470198916,97.6766561707217,96.804647100381,94.6361250240641,97.092010158034,91.2572363500541,R8,
6.9452449108273,0.856016596557877,0.143983403442123,0.872250809289887,0.127749190710113,0.247675938581356,0.293679556908409,0.344922814917306,0.0739922356716836,0.142559436215532,0.0870680165684021,0.3169,0.331,2.7,6269.80929733428,95.4983302602635,91.3062756342323,95.4627004450102,99.3117175990763,91.6566485475526,97.7075184692125,96.8052185673795,94.6267348115092,97.1098280081354,91.3062756342323,R8,
6.95907106178271,0.856302660064542,0.143697339935458,0.872542297943495,0.127457702056505,0.247514952392011,0.293592765180289,0.344135795552564,0.073715676261429,0.142269077373482,0.0869457438485846,0.3169,0.331,2.7,6269.80929733524,95.5130849631631,91.3550965808391,95.4864146049274,99.3064937699938,91.6678970067321,97.7382495433761,96.8056219553884,94.6173717412285,97.1275345028196,91.3550965808391,R8,
6.97289721273813,0.856587589133941,0.143412410866059,0.872832630645422,0.127167369354578,0.247353966202665,0.293505973452169,0.34335189725736,0.0734402135982045,0.141979870002637,0.0868239560236481,0.3169,0.331,2.7,6269.80929732343,95.5277385606447,91.4037001991842,95.5099994789871,99.3012414812736,91.6790927302248,97.7688498597804,96.8058591833542,94.6080357635124,97.1451297888412,91.4037001991842,R8,
6.98672336369354,0.856871390500947,0.143128609499053,0.873121814258269,0.126878185741731,0.247192980013319,0.293419181724049,0.342571101502674,0.0731658411708934,0.141691807266999,0.0867026502148914,0.3169,0.331,2.7,6269.80929733428,95.5422917729887,91.4520874862339,95.53345549098,99.2959622874434,91.6902360477001,97.7993198662619,96.8059321733089,94.5987268272891,97.1626140046922,91.4520874862339,R8,
7.00054951464895,0.85715407084723,0.14284592915277,0.87340985559042,0.12659014440958,0.247031993823974,0.293332389995929,0.341793389905867,0.0728925525198173,0.141404882384569,0.0865818235663548,0.3169,0.331,2.7,6269.80929731855,95.5567453083421,91.500259428193,95.5567830581356,99.2906576887728,91.7013272870042,97.8296599923401,96.8058428502041,94.5894448806414,97.1799872814455,91.500259428193,R8,
7.01437566560436,0.857435636801777,0.142564363198223,0.873696761396579,0.126303238603421,0.246871007634628,0.293245598267809,0.341018744229236,0.0726203412362289,0.141119088626827,0.0864614732445968,0.3169,0.331,2.7,6269.80929733233,95.5710998615779,91.5482169983666,95.5799825901557,99.2853291326126,91.7123667723577,97.8598706469073,96.8055931404898,94.5801898701619,97.1972497415716,91.5482169983666,R8,
7.02820181655978,0.85771609494141,0.14228390505859,0.8739825383783,0.1260174616217,0.246710021445282,0.293158806539689,0.34024714637859,0.0723492009618109,0.140834419318193,0.0863415964384718,0.3169,0.331,2.7,6269.80929733312,95.5853561156029,91.5959611595571,95.6030544903369,99.2799780152786,91.7233548263421,97.8899522191222,96.8051849722259,94.5709617417199,97.2144015002407,91.5959611595571,R8,
7.04202796751519,0.857995451791303,0.142004548208697,0.874267193184503,0.125732806815497,0.246549035255937,0.293072014811569,0.339478578401841,0.0720791253881813,0.140550867835519,0.0862221903589118,0.3169,0.331,2.7,6269.80929732492,95.5995147404791,91.643492862443,95.625999154824,99.274605683423,91.7342917685351,97.9199050763598,96.8046202738566,94.56176043998,97.231442664411,91.643492862443,R8,
7.0558541184706,0.858273713825484,0.141726286174516,0.874550732411996,0.125449267588004,0.246388049066591,0.292985223083449,0.338713022487611,0.0718101082564036,0.140268427607567,0.0861032522387095,0.3169,0.331,2.7,6269.8092973197,95.6135763936798,91.6908130460599,95.6488169728623,99.2692134356387,91.7451779158995,97.9497295636107,96.8039009736992,94.552585908572,97.2483733330962,91.6908130460599,R8,
7.06968026942601,0.858550887467335,0.141449112532665,0.874833162605979,0.125166837394021,0.246227062877245,0.292898431355329,0.337950460963857,0.0715421433565041,0.139987092114504,0.0859847793323052,0.3169,0.331,2.7,6269.80929733195,95.6275417201283,91.7379226379173,95.6715083268589,99.2638025239988,91.7560135828663,97.9794260025174,96.8030289993121,94.5434380901441,97.2651935974113,91.7379226379173,R8,
7.08350642038142,0.858826979090088,0.141173020909912,0.875114490260551,0.124885509739449,0.246066076687899,0.292811639627209,0.337190876296512,0.071275224526993,0.139706854887404,0.085866768915575,0.3169,0.331,2.7,6269.80929733048,95.6414113524874,91.766799081819,95.6940735926717,99.258374155618,91.766799081819,98.0089946907102,96.8020062770287,94.5343169265727,97.2819035408918,91.7848225545872,R3,
7.09733257133684,0.859101995017314,0.140898004982686,0.875394721819208,0.124605278180792,0.245905090498554,0.292724847899089,0.336434251088137,0.0710093456543933,0.139427709507745,0.0857492182856224,0.3169,0.331,2.7,6269.80929732343,95.6551859106095,91.7775347222963,95.7165131391997,99.2529294940069,91.7775347222963,98.0384358999345,96.8008347310042,94.5252223586903,97.2985032389718,91.8315137007722,R3,
7.11115872229225,0.859375941523401,0.140624058476599,0.875673863675334,0.124326136324666,0.245744104309208,0.292638056170969,0.335680568076599,0.0707445006727731,0.139149649606926,0.0856321247605715,0.3169,0.331,2.7,6269.80929731929,95.6688660017444,91.7882208114045,95.7388273286162,99.2474696605643,91.7882208114045,98.06774987513,96.7995162827395,94.516154326449,97.3149927592657,91.8779969697857,R3,
7.12498487324766,0.85964882483404,0.14035117516596,0.875951922172684,0.124048077827316,0.245583118119862,0.29255126444285,0.334929810133753,0.0704806835632847,0.138872668865776,0.0855154856793635,0.3169,0.331,2.7,6269.80929733307,95.6824522204438,91.7988576537642,95.7610165163781,99.2419957359733,91.7988576537642,98.0969368330076,96.7980528504445,94.5071127689365,97.3313721615269,91.9242732435197,R3,
7.13881102420307,0.859920651126686,0.140079348873314,0.876228903605872,0.123771096394128,0.245422131930517,0.29246447271473,0.334181960264145,0.0702178883537089,0.138596761014083,0.085399298401555,0.3169,0.331,2.7,6269.80929734011,95.695945148784,91.8094455519943,95.7830810515051,99.2365087616359,91.8094455519943,98.1259969609743,96.7964463486001,94.4980976245722,97.3476414979728,91.9703433930173,R3,
7.15263717515849,0.860191426531034,0.139808573468966,0.876504814220839,0.123495185779161,0.245261145741171,0.29237768098661,0.333437001603734,0.0699561091180037,0.138321919830114,0.0852835603071183,0.3169,0.331,2.7,6269.80929733524,95.7093453559064,91.8199848061541,95.8050212762952,99.2310097409318,91.8199848061541,98.1549304150488,96.794698687155,94.4891088309182,97.3638008129337,92.016208277814,R3,
7.1664633261139,0.860461157129473,0.139538842870527,0.876779660215326,0.123220339784673,0.245100159551825,0.29229088925849,0.332694917418618,0.0696953399758593,0.13804813914015,0.0851682687962451,0.3169,0.331,2.7,6269.80929734276,95.7226533978508,91.8304757136785,95.8268375263097,99.225499640497,91.8304757136785,98.1837373180563,96.792811770911,94.4801463246745,97.3798501428167,92.061868745863,R3,
7.18028947706931,0.860729848957544,0.139270151042456,0.877053447739338,0.122946552260662,0.24493917336248,0.29220409753037,0.331955691103787,0.0694355750922577,0.137775412818025,0.0850534212891514,0.3169,0.331,2.7,6269.80929733312,95.7358698179434,91.8409185701944,95.8485301308526,99.2199793916133,91.8409185701944,98.2124177584476,96.7907874992563,94.4712100420092,97.3957895166526,92.1073256345211,R3,
7.19411562802472,0.86099750800439,0.13900249199561,0.8773261828956,0.1226738171044,0.244778187173134,0.29211730580225,0.33121930618188,0.0691768086770377,0.137503734784666,0.0849390152258856,0.3169,0.331,2.7,6269.80929733312,95.7489951459627,91.8513136684919,95.8700994124148,99.2144498912778,91.8513136684919,98.2409717873653,96.7886277652191,94.4622999181857,97.4116189554392,92.1525797693076,R3,
7.20794177898014,0.861264140213201,0.138735859786799,0.877597871740014,0.122402128259986,0.244617200983788,0.29203051407413,0.330485746301962,0.068919034984464,0.137233099007645,0.0848250480661373,0.3169,0.331,2.7,6269.80929732343,95.7620298985964,91.8616612995232,95.8915456872589,99.208912003545,91.8616612995232,98.2693994172795,96.7863344552938,94.4534158879594,97.4273384728021,92.1976319651095,R3,
7.22176792993555,0.861529751481654,0.138470248518346,0.877868520282105,0.122131479717895,0.244456214794443,0.29194372234601,0.329754995238315,0.0686622483128028,0.136963499500729,0.0847115172890505,0.3169,0.331,2.7,6269.80929733312,95.7749745786556,91.8719617515207,95.9128692649396,99.203366560546,91.8719617515207,98.2977006188222,96.7839094485793,94.4445578852579,97.4429480744574,92.2424830251216,R3,
7.23559408089096,0.861794347662346,0.138205652337654,0.878138134485466,0.121861865514534,0.244295228605097,0.29185693061789,0.329027036889242,0.0684064430039008,0.136694930323442,0.0845984203930368,0.3169,0.331,2.7,6269.80929732562,95.7878296755484,91.8822153111137,95.934070448964,99.1978143637771,91.8822153111137,98.3258753191224,96.7813546166739,94.4357258436288,97.4584477589316,92.287133742176,R3,
7.24942023184637,0.86205793456323,0.13794206543677,0.878406720268193,0.121593279731807,0.244134242415751,0.29177013888977,0.32830185527588,0.0681516134427698,0.136427385580625,0.084485754895592,0.3169,0.331,2.7,6269.80929732562,95.8005956642308,91.8924222621321,95.9551495361284,99.1922561850052,91.8924222621321,98.3539233979198,96.7786718227293,94.4269196957915,97.4738375168333,92.3315848973067,R3,
7.26324638280179,0.862320517948029,0.137679482051971,0.87867428350332,0.12132571649668,0.243973256226406,0.29168334716165,0.327579434541036,0.0678977540571757,0.136160859422007,0.0843735183331145,0.3169,0.331,2.7,6269.80929732711,95.8132730054778,91.9025828865045,95.9761068170602,99.1866927674504,91.9025828865045,98.3818446852362,96.7758629212916,94.4181393740043,97.48911733145,92.3758372608249,R3,
7.2770725337572,0.862582103536669,0.137417896463331,0.878940830019248,0.121059169980752,0.24381227003706,0.29159655543353,0.32685975894803,0.0676448593172329,0.13589534604178,0.0842617082607259,0.3169,0.331,2.7,6269.8092973197,95.8258621453883,91.9126974640328,95.9969425761056,99.1811248267651,91.9126974640328,98.4096389577917,96.7729297577459,94.4093848099881,97.5042871786371,92.41989159204,R3,
7.29089868471261,0.862842697005682,0.137157302994318,0.879206365600167,0.120793634399833,0.243651283847714,0.29150976370541,0.32614281287955,0.0673929237350021,0.135630839678172,0.084150322252093,0.3169,0.331,2.7,6269.80929733309,95.8383635147306,91.9227662719882,96.017657091119,99.1755530519585,91.9227662719882,98.4373059349544,96.7698741677065,94.4006559347843,97.5193470265818,92.463748638752,R3,
7.30472483566802,0.863102303988628,0.136897696011372,0.879470895986473,0.120529104013527,0.243490297658369,0.29142297197729,0.325428580836524,0.0671419418640936,0.135367334613038,0.0840393578992524,0.3169,0.331,2.7,6269.80929732711,95.8507775292026,91.9327895861768,96.0382506341033,99.169978106507,91.9327895861768,98.4648452756253,96.7666979769612,94.3919526791826,97.5342968365287,92.5074091385362,R3,
7.31855098662343,0.863360930076492,0.136639069923508,0.879734426875184,0.120265573124816,0.243329311469023,0.29133618024917,0.324717047437004,0.0668919082992748,0.13510482517144,0.0839288128124377,0.3169,0.331,2.7,6269.8092973304,95.8631045881065,91.9427676796333,96.0587234704901,99.1644006290655,91.9427676796333,98.492256572686,96.7634030005775,94.383274973236,97.549136561993,92.5508738171705,R3,
7.33237713757885,0.863618580818089,0.136381419181911,0.879996963920349,0.120003036079651,0.243168325279677,0.29124938852105,0.324008197415058,0.0666428176760823,0.134843305721246,0.0838186846199067,0.3169,0.331,2.7,6269.80929731931,95.8753450745693,91.9527008238124,96.079075859826,99.1588212345452,91.9527008238124,98.5195393491948,96.7599910429057,94.3746227467195,97.5638661495348,92.5941433900162,R3,
7.34620328853426,0.863875261720463,0.136124738279537,0.88025851273345,0.11974148726655,0.243007339090332,0.29116259679293,0.323302015619684,0.0663946646704378,0.134582770672723,0.0837089709677728,0.3169,0.331,2.7,6269.80929733312,95.8874993542496,91.9625892874894,96.0993080551938,99.1532405147897,91.9625892874894,98.5466930521263,96.7564638968009,94.3659959287299,97.5784855381427,92.6372185607244,R3,
7.36002943948967,0.864130978249275,0.135869021750725,0.880519078883805,0.119480921116195,0.242846352900986,0.29107580506481,0.322598487013726,0.0661474439982696,0.13432321447814,0.083599669519837,0.3169,0.331,2.7,6269.80929732343,95.8995677756128,91.972433338229,96.1194203040518,99.147659039631,91.972433338229,98.5737170478307,96.7528233437564,94.357394448264,97.5929946601798,92.6801000229595,R3,
7.37385559044508,0.864385735829193,0.135614264170807,0.88077866789896,0.11922133210104,0.24268536671164,0.29098901333669,0.321897596672808,0.0659011504151366,0.134064631631377,0.0834907779574218,0.3169,0.331,2.7,6269.80929732343,95.9115506681671,91.9822332407863,96.1394128473666,99.142077357437,91.9822332407863,98.6006106142434,96.749071152976,94.3488182336068,97.6073934404536,92.722788458467,R3,
7.3876817414005,0.864639539844278,0.135360460155722,0.881037285265082,0.118962714734918,0.242524380522294,0.29090222160857,0.321199329784279,0.0656557787158581,0.133807016667529,0.0833822939792075,0.3169,0.331,2.7,6269.80929732155,95.9234483424331,91.9919892583287,96.1592859203264,99.1364959960677,91.9919892583287,98.627372934917,96.7452090814509,94.3402672128208,97.6216817970311,92.7652845385224,R3,
7.40150789235591,0.864892395638357,0.135107604361643,0.881294936427345,0.118705063572655,0.242363394332949,0.29081542988045,0.32050367164617,0.0654113237341468,0.133550364162529,0.0832742153010702,0.3169,0.331,2.7,6269.80929733307,95.9352610886082,92.0017016517769,96.1790397519904,99.1309154635146,92.0017016517769,98.6540030906845,96.7412388733988,94.3317413135021,97.6358596408821,92.8075889231165,R3,
7.41533404331132,0.865144308515406,0.134855691484594,0.881551626790312,0.118448373209688,0.242202408143603,0.29072863815233,0.319810607666159,0.0651677803422464,0.133294668732762,0.0831665396559211,0.3169,0.331,2.7,6269.80929732711,95.9469891760187,92.0113706805162,96.1986745657272,99.1253362487208,92.0113706805162,98.6805000517488,96.7371622601869,94.3232404630604,97.6499268764012,92.849702261788,R3,
7.42916019426673,0.865395283739914,0.134604716260086,0.881807361718313,0.118192638281687,0.242041421954257,0.29064184642421,0.319120123360554,0.0649251434505727,0.133039925034689,0.0830592647935482,0.3169,0.331,2.7,6269.80929732562,95.9586328514006,92.020996601469,96.21819057871,99.1197588221293,92.020996601469,98.7068626674198,96.7329809597085,94.3147645883779,97.6638834009001,92.8916251924904,R3,
7.44298634522215,0.865645326537254,0.134354673462746,0.88206214653582,0.11793785346418,0.241880435764912,0.29055505469609,0.318432204353286,0.0646834080073597,0.132786127764478,0.0829523884804598,0.3169,0.331,2.7,6269.80929733233,95.9701923381011,92.0305796697974,96.2375880023454,99.1141836364485,92.0305796697974,98.733089656289,96.72869667634,94.306313616083,97.6777291051084,92.9333583423969,R3,
7.45681249617756,0.865894442094043,0.134105557905957,0.882315986527814,0.117684013472186,0.241719449575566,0.29046826296797,0.317746836374903,0.0644425689983083,0.132533271657631,0.0828459084997289,0.3169,0.331,2.7,6269.8092973197,95.9816678347819,92.0401201390397,96.2568670423778,99.1086111273213,92.0401201390397,98.7591795947918,96.7243111007058,94.297887472621,97.6914638733462,92.9749023280513,R3,
7.47063864713297,0.866142635558504,0.133857364441496,0.88256888694015,0.11743111305985,0.24155846338622,0.29038147123985,0.317064005261595,0.06420262144624,0.132281351488626,0.0827398226508406,0.3169,0.331,2.7,6269.80929732934,95.9930595132695,92.0496182601742,96.276027898391,99.1030417137828,92.0496182601742,98.7851309035626,96.7198259091117,94.2894860838921,97.7050875830361,93.0162577542054,R3,
7.48446479808838,0.866389912040817,0.133610087959183,0.882820852979924,0.117179147020076,0.241397477196875,0.29029467951173,0.316383696954206,0.0639635604107539,0.13203036207055,0.0826341287495398,0.3169,0.331,2.7,6269.80929733906,96.004367517657,92.0590742828948,96.295070764569,99.0974757990585,92.0590742828948,98.8109418343247,96.7152427637253,94.2811093757687,97.7186001055771,93.0574252153378,R3,
7.49829094904379,0.86663627661347,0.13336372338653,0.883071889815823,0.116928110184177,0.241236491007529,0.29020788778361,0.315705897497278,0.0637253809878877,0.13178029825475,0.0825288246276819,0.3169,0.331,2.7,6269.80929731929,96.0155919620441,92.0684884551053,96.3139958294224,99.0919137710591,92.0684884551053,98.8366104536122,96.7105633121736,94.2727572738859,97.7320013061109,93.0984052949835,R3,
7.51211709999921,0.866881734311609,0.133118265688391,0.883322002578484,0.116677997421516,0.241075504818183,0.29012109605549,0.315030593038094,0.0634880783097824,0.131531154930476,0.0824239081330843,0.3169,0.331,2.7,6269.80929732343,96.0267329278527,92.0778610220695,96.3328032753537,99.0863560027849,92.0778610220695,98.8621346243776,96.7057891870535,94.2644297033391,97.7452910431358,93.1391985647077,R3,
7.52594325095462,0.867126290133379,0.132873709866621,0.883571196360839,0.116428803639161,0.240914518628838,0.29003430432737,0.314357769825735,0.0632516475443503,0.131282927024534,0.0823193771293796,0.3169,0.331,2.7,6269.80929732677,96.0377904624155,92.0871922279563,96.3514932795615,99.0808028531098,92.0871922279563,98.8875119877235,96.700922006234,94.2561265892843,97.7584691695365,93.1798055859177,R3,
7.53976940191003,0.867369949040262,0.132630050959738,0.883819476218466,0.116180523781534,0.240753532439492,0.28994751259925,0.313687414210142,0.0630160838949477,0.131035609500944,0.0822152294958709,0.3169,0.331,2.7,6269.80929732711,96.0487645756828,92.0964823149134,96.3700660135444,99.0752546671404,92.0964823149134,98.9127399400902,96.6959633723681,94.2478478565802,97.7715355321266,93.2202269086987,R3,
7.55359555286544,0.867612715957416,0.132387284042584,0.884066847169926,0.115933152830074,0.240592546250146,0.28986072087113,0.313019512641201,0.0627813826000499,0.130789197360596,0.0821114631273883,0.3169,0.331,2.7,6269.80929733457,96.0596552372803,92.1057315231596,96.3885216432031,99.0697117767163,92.1057315231596,98.9378156087978,96.6909148727499,94.2395934298441,97.7844899718516,93.26046307192,R3,
7.56742170382086,0.867854595774002,0.132145404225998,0.884313314197103,0.115686685802897,0.240431560060801,0.28977392914301,0.312354051667822,0.0625475389329307,0.130543685640915,0.0820080759341468,0.3169,0.331,2.7,6269.80929732562,96.0704623734148,92.1149400914576,96.4068603291225,99.0641745009664,92.1149400914576,98.9627358249405,96.6857780793035,94.2313632336347,97.7973323241662,93.3005146037274,R3,
7.58124785477627,0.868095593343517,0.131904406656483,0.88455888224554,0.11544111775446,0.240270573871455,0.28968713741489,0.311691017937042,0.062314548201345,0.130299069415528,0.0819050658416064,0.3169,0.331,2.7,6269.80929733524,96.0811858625214,92.1241082562453,96.4250822261346,99.0586431466162,92.1241082562453,98.9874970917453,96.6805545481614,94.2231571921159,97.8100624186704,93.3403820204822,R3,
7.59507400573168,0.868335713484116,0.131664286515884,0.884803556224767,0.115196443775233,0.240109587682109,0.28960034568677,0.311030398193128,0.0620824057472147,0.130055343793934,0.0818024307903331,0.3169,0.331,2.7,6269.8092973197,96.0918255318257,92.1332362529544,96.4431874840947,99.0531180086444,92.1332362529544,99.0120955510671,96.675245819946,94.21497522959,97.8226800800206,93.3800658282889,R3,
7.60890015668709,0.868574960978933,0.131425039021066,0.885047341008631,0.114952658991369,0.239948601492764,0.28951355395865,0.310372179276697,0.0618511069463189,0.129812503921178,0.0817001687358617,0.3169,0.331,2.7,6269.80929733233,96.1023811514702,92.1423243143722,96.4611762469878,99.0475993704345,92.1423243143722,99.0365269429032,96.6698534191289,94.2068172698465,97.8351851271065,93.4195665209819,R3,
7.62272630764251,0.868813340576402,0.131186659423598,0.885290241435615,0.114709758564385,0.239787615303418,0.28942676223053,0.309716348123839,0.0616206472079863,0.129570544977529,0.08159827764856,0.3169,0.331,2.7,6269.80929733312,96.1128524302313,92.151372672435,96.4790486540021,99.0420875044701,92.151372672435,99.0607865630417,96.6643788544902,94.1986832368917,97.8475773742681,93.4588845822517,R3,
7.63655245859792,0.869050856990564,0.130949143009436,0.885532262309166,0.114467737690834,0.239626629114072,0.28933997050241,0.309062891765253,0.0613910219747916,0.12932946217816,0.0814967555134948,0.3169,0.331,2.7,6269.80929733524,96.1232390085056,92.1603815568826,96.4968048387878,99.0365826725149,92.1603815568826,99.0848692122501,96.6588236185957,94.1905730544081,97.859856630649,93.4980204839564,R3,
7.65037860955333,0.869287514901385,0.130712485098615,0.885773408398002,0.114226591601998,0.239465642924726,0.28925317877429,0.308411797325395,0.0611622267222553,0.129089250772835,0.0813956003302986,0.3169,0.331,2.7,6269.80929733233,96.133540451807,92.1693511959495,96.5144449299,99.0310851260932,92.1693511959495,99.1087691408628,96.6531891879209,94.1824866460368,97.8720227007783,93.536974686914,R3,
7.66420476050874,0.869523318955061,0.130476681044939,0.886013684436434,0.113986315563566,0.239304656735381,0.28916638704617,0.307763052021629,0.060934256958546,0.128849906045595,0.0812948101130386,0.3169,0.331,2.7,6269.80929731855,96.1437562427927,92.1782818161878,96.5319690507495,99.0255951068231,92.1782818161878,99.1324799852472,96.647477022729,94.1744239353193,97.884075384641,93.5757476406445,R3,
7.67803091146416,0.86975827376432,0.13024172623568,0.886253095124669,0.113746904875331,0.239143670546035,0.28907959531805,0.307116643163394,0.0607071082241873,0.128611423314449,0.0811943828900866,0.3169,0.331,2.7,6269.80929732562,96.1538857721365,92.1871736421438,96.5493773194441,99.0201128467154,92.1871736421438,99.1559946957411,96.6416885669064,94.1663848455646,97.896014477666,93.6143397829107,R3,
7.69185706241957,0.869992383908726,0.130007616091274,0.886491645129122,0.113508354870878,0.238982684356689,0.28899280358993,0.306472558151371,0.0604807760917663,0.128373797931071,0.0810943167039904,0.3169,0.331,2.7,6269.80929732155,96.1639283290384,92.1960268973173,96.5666698494049,99.014638568666,92.1960268973173,99.179305456187,96.635825248192,94.1583693002366,97.9078397714721,93.6527515408312,R3,
7.70568321337498,0.870225653934972,0.129774346065028,0.886729339082714,0.113270660917286,0.238821698167344,0.28890601186181,0.305830784476672,0.060255256165646,0.128137025280495,0.0809946096113466,0.3169,0.331,2.7,6269.80929732343,96.1738830890814,92.2048418031218,96.5838467488014,99.0091724866031,92.2048418031218,99.2024035907119,96.6298884778318,94.1503772225524,97.9195510534628,93.690983329566,R3,
7.71950936433039,0.870458088357181,0.129541911642819,0.886966181585177,0.113033818414823,0.238660711977998,0.28881922013369,0.305191309720022,0.0600305440816813,0.12790110078082,0.0808952596826751,0.3169,0.331,2.7,6269.80929732562,96.1837491016388,92.2136185795626,96.6009081210008,99.0037148059174,92.2136185795626,99.2252794596316,96.6238796507401,94.1424085357472,97.9311481074259,93.7290355530853,R3,
7.7333355152858,0.870689691657191,0.129310308342809,0.887202177203347,0.112797822796653,0.238499725788652,0.28873242840557,0.304554121550964,0.0598066355069365,0.12766601988291,0.0807962650022943,0.3169,0.331,2.7,6269.80929732492,96.1935252749336,92.2223574450326,96.617854064495,98.9982657237197,92.2223574450326,99.2479223403387,96.617800145417,94.1344631630012,97.9426307136201,93.7669086038447,R3,
7.74716166624122,0.870920468284847,0.129079531715153,0.887437330471458,0.112562669528542,0.238338739599307,0.28864563667745,0.303919207727064,0.0595835261394082,0.127431778070106,0.0806976236681978,0.3169,0.331,2.7,6269.80929734013,96.2032103591117,92.2310586161287,96.6346846728462,98.9928254291046,92.2310586161287,99.2703202921526,96.6116513238822,94.1265410273676,97.9539986488951,93.8046028625167,R3,
7.76098781719663,0.871150422658283,0.128849577341717,0.887671645891434,0.112328354108566,0.238177753409961,0.28855884494933,0.303286556093127,0.0593612117077481,0.127198370857932,0.0805993337919332,0.3169,0.331,2.7,6269.80929732562,96.2128029276824,92.2397223084817,96.6514000352281,98.9873941035626,92.2397223084817,99.2924600038524,96.6054345319089,94.1186420521112,97.9652516873897,93.842118698925,R3,
7.77481396815204,0.871379559164207,0.128620440835793,0.887905127933177,0.112094872066823,0.238016767220615,0.288472053221211,0.302656154580423,0.059139687970992,0.126965793793815,0.0805013934984811,0.3169,0.331,2.7,6269.80929733307,96.2223013549096,92.2483487352524,96.6680002356024,98.9819719209962,92.2483487352524,99.314326618628,96.5991510985942,94.1107661601084,97.9763895999265,93.879456470169,R3,
7.78864011910745,0.871607882158176,0.128392117841824,0.888137781034846,0.111862218965154,0.23785578103127,0.288385261493091,0.302027991205916,0.058918950718289,0.126734042456794,0.0804038009261358,0.3169,0.331,2.7,6269.80929733312,96.2317037923729,92.2569381088187,96.6844853537578,98.9765590482618,92.2569381088187,99.3359035389903,96.5928023368553,94.1029132745253,97.9874121551909,93.9166165225835,R3,
7.80246627006287,0.871835395964878,0.128164604035122,0.888369609603145,0.111630390396855,0.237694794841924,0.288298469764971,0.301402054071508,0.0586989957686352,0.126503112457247,0.080306554226388,0.3169,0.331,2.7,6269.80929732155,96.2410081406601,92.2654906397974,96.700855464794,98.9711556452517,92.2654906397974,99.3571722039111,96.5863895431647,94.0950833184261,97.9983191194448,93.9535991904907,R3,
7.81629242101828,0.872062104878399,0.127937895121601,0.888600618013598,0.111399381986402,0.237533808652578,0.288211678036851,0.300778331363286,0.0584798189706098,0.126272999436611,0.0802096515638072,0.3169,0.331,2.7,6269.80929733524,96.2502120181303,92.2740065368988,96.7171106391152,98.9657618651068,92.2740065368988,99.378111838957,96.5799139975472,94.0872762147239,98.0091102567176,93.9904047959758,R3,
7.83011857197369,0.872288013162496,0.127711986837504,0.888830810610822,0.111169189389178,0.237372822463233,0.288124886308731,0.300156811350781,0.0582614162021134,0.126043699067107,0.0801130911159269,0.3169,0.331,2.7,6269.80929732492,96.259312726799,92.2824860081407,96.7332509431713,98.9603778546573,92.2824860081407,99.3986991778365,96.5733769639468,94.0794918866637,98.0197853297301,94.0270336502454,R3,
7.8439447229291,0.872513125050864,0.127486874949136,0.889060191708804,0.110939808291196,0.237211836273887,0.288038094580611,0.299537482386229,0.0580437833701102,0.125815207051469,0.0800168710731299,0.3169,0.331,2.7,6269.80929732562,96.2683072125523,92.2909292592655,96.7492764386263,98.9550037543662,92.2909292592655,99.4189081501572,96.5667796898304,94.0717302571921,98.0303440993121,94.0634860516686,R3,
7.85777087388452,0.8727374447474,0.1272625552526,0.889288765591168,0.110711234408832,0.237050850084541,0.287951302852491,0.298920332903845,0.0578269164103718,0.125587519122678,0.0799209896385357,0.3169,0.331,2.7,6269.80929732824,96.2771920231892,92.299336494945,96.7651871831135,98.949639698757,92.299336494945,99.4387095401587,96.5601234065756,94.0639912494477,98.0407863253566,94.0997622871595,R3,
7.87159702483993,0.872960976426466,0.127039023573534,0.889516536511442,0.110483463488558,0.236889863895196,0.287864511124371,0.298305351419107,0.0576108112872248,0.125360631043692,0.0798254450278882,0.3169,0.331,2.7,6269.80929733312,96.285963261634,92.3077079183092,96.7809832300261,98.9442858165306,92.3077079183092,99.4580706139079,96.553409329386,94.0562747865621,98.0511117668438,94.1358626315061,R3,
7.88542317579534,0.873183724233146,0.126816275766854,0.88974350869332,0.11025649130668,0.23672887770585,0.287777719396251,0.297692526528036,0.0573954639932997,0.125134538607187,0.0797302354694454,0.3169,0.331,2.7,6269.80929733233,96.2946165363669,92.3160437311093,96.7966646286882,98.9389422307974,92.3160437311093,99.4769547214299,96.5466386574098,94.0485807917428,98.0613201822433,94.1717873475144,R3,
7.89924932675075,0.873405692283505,0.126594307716495,0.889969686330927,0.110030313669073,0.236567891516504,0.287690927668131,0.297081846906498,0.0571808705492836,0.124909237635296,0.0796353592038695,0.3169,0.331,2.7,6269.80929732677,96.3031469095069,92.3243441335767,96.8122314243451,98.933609059242,92.3243441335767,99.4953208814243,96.5398125737585,94.0409091882047,98.0714113297546,94.207536685749,R3,
7.91307547770616,0.873626884664838,0.126373115335162,0.890195073589074,0.109804926410926,0.236406905327159,0.287604135940011,0.2964733013095,0.0569670270036755,0.124684723979349,0.0795408144841189,0.3169,0.331,2.7,6269.80929733307,96.3115488446196,92.3326093243726,96.8276836582022,98.9282864142962,92.3326093243726,99.5131233633586,96.5329322455774,94.033259899161,98.0813849675953,94.2431108843933,R3,
7.92690162866158,0.873847305435927,0.126152694564073,0.890419674603516,0.109580325396484,0.236245919137813,0.287517344211891,0.295866878570507,0.0567539294325429,0.124460993519623,0.0794465995753408,0.3169,0.331,2.7,6269.80929732155,96.3198161574028,92.3408395011804,96.8430213678488,98.9229744034188,92.3408395011804,99.5303112899347,96.525998824274,94.0256328480553,98.0912408546449,94.2785101698653,R3,
7.94072777961699,0.874066958627282,0.125933041372718,0.890643493481202,0.109356506518798,0.236084932948467,0.287430552483771,0.295262567600753,0.0565415739392823,0.124238042165086,0.0793527127547649,0.3169,0.331,2.7,6269.80929732343,96.3279419720081,92.349034859711,96.8582445867619,98.9176731290972,92.349034859711,99.5468282911408,96.5190134453469,94.01802795817,98.1009787502715,94.3137347555659,R3,
7.9545539305724,0.874285848241393,0.125714151758607,0.89086653430053,0.10913346569947,0.235923946759121,0.287343760755651,0.29466035738857,0.0563299566543818,0.12401586585315,0.0792591523115989,0.3169,0.331,2.7,6269.80929732155,96.3359186910621,92.3571955947409,96.8733533449803,98.912382689187,92.3571955947409,99.5626122595923,96.5119772287399,94.0104451530383,98.1105984152069,94.3487848430118,R3,
7.96838008152781,0.874503978252972,0.125496021747028,0.891088801111588,0.108911198888412,0.235762960569776,0.287256969027531,0.294060236998712,0.0561190737351857,0.123794460549423,0.0791659165469239,0.3169,0.331,2.7,6269.80929732196,96.3437379848692,92.365321899456,96.8883476688129,98.9071031769617,92.365321899456,99.5775952662225,96.504891278772,94.0028843561865,98.1200996115662,94.3836606209758,R3,
7.98220623248323,0.874721352609189,0.125278647390811,0.891310297936406,0.108689702063594,0.23560197438043,0.287170177299411,0.293462195571703,0.0559089213656622,0.123573822247465,0.0790730037735922,0.3169,0.331,2.7,6269.80929733906,96.3513908112586,92.3734139655967,96.9032275810103,98.9018346812856,92.3734139655967,99.5917037178507,96.4977566842714,93.9953454911929,98.1294821032916,94.4183622655697,R3,
7.99603238343864,0.874937975229916,0.125062024770084,0.891531028769195,0.108468971230805,0.235440988191084,0.287083385571291,0.292866222323174,0.055699495756173,0.123353946968548,0.0789804123161253,0.3169,0.331,2.7,6269.80929732343,96.3588674777665,92.3814719841489,96.9179931012411,98.8965772868898,92.3814719841489,99.604858851208,96.4905745188517,93.9878284819631,98.1387456568579,94.4528899409712,R3,
8.00985853439405,0.875153850007958,0.124846149992042,0.891750997576587,0.108249002423413,0.235280002001739,0.286996593843171,0.292272306543216,0.0554907931432457,0.123134830761413,0.078888140510613,0.3169,0.331,2.7,6269.80929732309,96.3661577575829,92.3894961438515,96.9326442453282,98.891331074238,92.3894961438515,99.6169776659958,96.4833458406406,93.9803332521307,98.1478900409159,94.4872437975626,R3,
8.02368468534946,0.875368980809289,0.124631019190711,0.891970208297873,0.108029791702127,0.235119015812393,0.286909802115051,0.291680437595742,0.0552828097893481,0.122916469702037,0.0787961867046138,0.3169,0.331,2.7,6269.80929733312,96.3732510751277,92.3974866326017,96.9471810261564,98.886096119927,92.3974866326017,99.6279744030618,96.4760716927535,93.9728597256321,98.1569150273752,94.5214239735137,R3,
8.03751083630488,0.875583371473284,0.124416628526716,0.892188664845241,0.107811335154759,0.234958029623047,0.286823010386931,0.29109060491785,0.0550755419826656,0.122698859893399,0.0787045492570565,0.3169,0.331,2.7,6269.80929733428,96.380136768231,92.4054436371225,96.9616034535544,98.880872496752,92.4054436371225,99.6377626426632,96.4687531033083,93.9654078265573,98.1658203916209,94.5554305942697,R3,
8.05133698726029,0.875797025812941,0.124202974187059,0.892406371104003,0.107593628895997,0.234797043433702,0.286736218658811,0.290502798019193,0.0548689860368796,0.122481997465244,0.0786132265381425,0.3169,0.331,2.7,6269.80929733312,96.3868044313489,92.4133673425823,96.9759115341913,98.8756602737658,92.4133673425823,99.6462580510173,96.4613910854584,93.9579774790119,98.1746059127347,94.5892637720297,R3,
8.0651631382157,0.876009947615116,0.123990052384884,0.89262333093283,0.10737666906717,0.234636057244356,0.286649426930691,0.28991700648136,0.0546631382909499,0.122265878573857,0.0785222169292489,0.3169,0.331,2.7,6269.80929732934,96.393244332942,92.4212579329246,96.9901052718615,98.8704595164626,92.4212579329246,99.6533817173654,96.453986637594,93.9505686072431,98.1832713740604,94.6229236060247,R3,
8.07898928917111,0.876222140640739,0.123777859359261,0.892839548163978,0.107160451836022,0.23447507105501,0.286562635202571,0.289333219957258,0.0544579951088974,0.122050499401836,0.0784315188228331,0.3169,0.331,2.7,6269.80929733428,96.3994478848201,92.4291155906926,97.0041846674879,98.8652702868636,92.4291155906926,99.6590639087617,96.4465407434205,93.9431811355717,98.1918165635358,94.6564101822273,R3,
8.09281544012653,0.876433608625039,0.123566391374961,0.893055026603517,0.106944973396483,0.234314084865665,0.286475843474451,0.288751428170505,0.0542535528795909,0.121835856157865,0.0783411306223382,0.3169,0.331,2.7,6269.80929732155,96.4054081269814,92.4369404975194,97.0181497194892,98.8600926437228,92.4369404975194,99.6632479462146,96.4390543721981,93.9358149885828,98.2002412743233,94.689723573801,R3,
8.10664159108194,0.876644355277765,0.123355644722235,0.893269770031546,0.106730229968454,0.234153098676319,0.286389051746331,0.288171620914826,0.0540498080165345,0.121621945076494,0.0782510507420991,0.3169,0.331,2.7,6269.80929733312,96.4111201764239,92.4447328331288,97.032000423344,98.8549266424517,92.4447328331288,99.6658937984393,96.4315284786398,93.9284700907383,98.2085453047874,94.7228638398623,R3,
8.12046774203735,0.876854384283397,0.123145615716603,0.893483782202425,0.106516217797576,0.233992112486973,0.286302260018211,0.287593788053454,0.0538467569576585,0.121408762417918,0.07816127760725,0.3169,0.331,2.7,6269.80929733428,96.4165815858364,92.4524927767172,97.045736772465,98.8497723354773,92.4524927767172,99.6669809452354,96.4239640033643,93.921146366917,98.2167284595468,94.7558310269682,R3,
8.13429389299276,0.877063699301369,0.122936300698631,0.893697066844984,0.106302933155016,0.233831126297628,0.286215468290091,0.287017919518543,0.0536443961651114,0.121196304467757,0.0780718096536325,0.3169,0.331,2.7,6269.80929732711,96.4217925584096,92.4602205058913,97.0593587577114,98.8446297721574,92.4602205058913,99.6665100995334,96.4163618727762,93.9138437419958,98.2247905494222,94.7886251677889,R3,
8.14812004394818,0.877272303966272,0.122727696033728,0.893909627662748,0.106090372337252,0.233670140108282,0.286128676561971,0.286444005310581,0.0534427221250544,0.120984567536844,0.0779826453277047,0.3169,0.331,2.7,6269.80929732114,96.4267559872133,92.4679161969609,97.0728663676856,98.8394989989227,92.4679161969609,99.6645035205442,96.4087229992752,93.9065621409661,98.2327313920078,94.8212462813438,R3,
8.16194619490359,0.877480201888073,0.122519798111927,0.894121468334143,0.105878531665857,0.233509153918936,0.286041884833851,0.285872035497813,0.0532417313474584,0.120773547961007,0.0778937830864515,0.3169,0.331,2.7,6269.80929732562,96.4314773107624,92.4755800250186,97.0862595888695,98.8343800593996,92.4755800250186,99.6610038573204,96.4010482814062,93.8993014889653,98.2405508121418,94.8536943729776,R3,
8.175772345859,0.877687396652318,0.122312603347682,0.894332592512717,0.105667407487283,0.233348167729591,0.285955093105731,0.285302000215665,0.0530414203659023,0.120563242100863,0.0778052213972954,0.3169,0.331,2.7,6269.80929732711,96.435964205923,92.4832121641622,97.0995384058889,98.8292729945298,92.4832121641622,99.6560716904137,96.3933386040472,93.8920617113624,98.2482486424502,94.8859694345296,R3,
8.18959849681441,0.87789389182034,0.12210610817966,0.894543003827341,0.105456996172659,0.233187181540245,0.285868301377611,0.28473388966618,0.0528417857373737,0.120353646341603,0.0777169587380084,0.3169,0.331,2.7,6269.80929732711,96.4402261616805,92.4908127871462,97.1127028014371,98.8241778426051,92.4908127871462,99.6497821226963,96.3855948384753,93.8848427336252,98.2558247236386,94.9180714438202,R3,
8.20342464776982,0.878099690929463,0.121900309070537,0.894752705882424,0.105247294117576,0.233026195350899,0.285781509649491,0.284167694117454,0.0526428240420721,0.12014475709279,0.0776289935966247,0.3169,0.331,2.7,6269.80929732562,96.4442739902689,92.4983820655543,97.1257527564867,98.8190946393796,92.4983820655543,99.6422208670695,96.3778178425384,93.8776444813802,98.2632789050053,94.9500003647368,R3,
8.21725079872524,0.878304797493204,0.121695202506796,0.894961702258117,0.105038297741883,0.232865209161553,0.285694717921371,0.283603403903084,0.052444531883213,0.119936570788151,0.0775413244713548,0.3169,0.331,2.7,6269.80929732711,96.4481193309193,92.5059201697472,97.1386882503993,98.814023418148,92.5059201697472,99.6334802759248,96.3700084607931,93.870466880399,98.2706110448737,94.9817561470692,R3,
8.23107694968065,0.878509215001471,0.121490784998529,0.895169996510514,0.104830003489487,0.232704222972208,0.285607926193251,0.283041009421614,0.052246905886835,0.119729083885375,0.0774539498704996,0.3169,0.331,2.7,6269.80929732155,96.4517741919565,92.5134272690567,97.1515092611574,98.8089642098548,92.5134272690567,99.6236556764862,96.3621675246794,93.8633098566663,98.2778210111191,95.0133387266322,R3,
8.24490310063606,0.878712946920764,0.121287053079236,0.895377592171855,0.104622407828145,0.232543236782862,0.285521134465131,0.282480501135991,0.0520499427016084,0.119522292865911,0.0773668683123657,0.3169,0.331,2.7,6269.80929733307,96.4552505610239,92.5209035313305,97.1642157652488,98.8039170430974,92.5209035313305,99.6128422536734,96.354295852577,93.856173336208,98.2849086814257,95.0447480246306,R3,
8.25872925159147,0.878915996694371,0.121084003305629,0.89558449275073,0.10441550724927,0.232382250593516,0.285434342737011,0.28192186957303,0.0518536389986456,0.11931619423477,0.0772800783251822,0.3169,0.331,2.7,6269.80929732155,96.4585600988033,92.5283491238723,97.1768077383196,98.7988819443599,92.5283491238723,99.601132595524,96.3463942501441,93.8490572454569,98.2918739441207,95.0759839486289,R3,
8.27255540254689,0.879118367742556,0.120881632257443,0.895790701732269,0.104209298267731,0.232221264404171,0.285347551008891,0.281365105322873,0.0516579914713138,0.11911078452033,0.0771935784470171,0.3169,0.331,2.7,6269.80929733307,96.461713915733,92.5357642120396,97.1892851545378,98.793858937844,92.5357642120396,99.5886149117012,96.3384635101652,93.8419615106952,98.2987166980461,95.107046390835,R3,
8.2863815535023,0.879320063462762,0.120679936537238,0.895996222578344,0.104003777421655,0.232060278214825,0.285260759280771,0.280810199038469,0.0514629968350489,0.118906060274138,0.0771073672256959,0.3169,0.331,2.7,6269.80929733457,96.464722426617,92.5431489607967,97.2016479875969,98.7888480458061,92.5431489607967,99.5753718636164,96.3305044130269,93.8348860586776,98.305436853632,95.1379352297835,R3,
8.30020770445771,0.879521087229788,0.120478912770212,0.896201058727761,0.103798941272239,0.231899292025479,0.285173967552651,0.280257141435045,0.0512686518271723,0.118702018070716,0.0770214432187199,0.3169,0.331,2.7,6269.80929732343,96.4675952680581,92.5505035337032,97.2138962102934,98.7838492884572,92.5505035337032,99.5614799071628,96.3225177266481,93.8278308162212,98.3120343329239,95.1686503290549,R3,
8.31403385541312,0.87972144239599,0.12027855760401,0.896405213596449,0.103594786403551,0.231738305836134,0.285087175824531,0.279705923289589,0.0510749532067084,0.118498654507376,0.0769358049931856,0.3169,0.331,2.7,6269.80929731855,96.4703412665016,92.557828093012,97.2260297947295,98.7788626840298,92.557828093012,99.5470090360101,96.3145042066432,93.8207957102399,98.318509070064,95.1991915372848,R3,
8.32786000636854,0.879921132291456,0.120078867708544,0.896608690577652,0.103391309422348,0.231577319646788,0.285000384096411,0.279156535440339,0.0508818977542045,0.118295966204024,0.0768504511257055,0.3169,0.331,2.7,6269.80929732492,96.472968443134,92.5651227999971,97.2380487126458,98.7738882489137,92.5651227999971,99.532022818788,96.3064645965508,93.8137806678872,98.3248610118492,95.2295586884399,R3,
8.34168615732395,0.8801201602242,0.1198798397758,0.89681149304212,0.10318850695788,0.231416333457442,0.284913592368291,0.278608968786276,0.0506894822715531,0.118093949802977,0.0767653802023292,0.3169,0.331,2.7,6269.80929732677,96.4754840438706,92.5723878150379,97.2499529356165,98.7689259977224,92.5723878150379,99.5165786380536,96.2983996279752,93.8067856165749,98.3310901181876,95.2597516017969,R3,
8.35551230827936,0.880318529480339,0.119681470519661,0.89701362433829,0.10298637566171,0.231255347268097,0.284826800640171,0.278063214286617,0.0504977035818141,0.117892601968776,0.0766805908184647,0.3169,0.331,2.7,6269.80929732711,96.4778945851013,92.5796232972544,97.2617424349989,98.7639759432888,92.5796232972544,99.5007280569506,96.2903100206771,93.7998104838357,98.3371963623751,95.2897700814295,R3,
8.36933845923477,0.880516243324274,0.119483756675726,0.897215087792473,0.102784912207527,0.231094361078751,0.284740008912051,0.277519262960323,0.0503065585290412,0.117691919388004,0.076596081578802,0.3169,0.331,2.7,6269.80929733428,96.4802059085247,92.5868294046343,97.2734171821707,98.7590380967471,92.5868294046343,99.4845172567101,96.2821964827374,93.7928551973708,98.3431797315681,95.3196139162592,R3,
8.38316461019018,0.880713304998873,0.119286695001127,0.897415886709035,0.102584113290965,0.230933374889405,0.284653217183931,0.276977105885604,0.0501160439781078,0.1174918987691,0.0765118510972358,0.3169,0.331,2.7,6269.80929733048,96.4824232398109,92.5940062943561,97.2849771488464,98.7541124676423,92.5940062943561,99.4679875041397,96.2740597107627,93.7859196851713,98.3490402272865,95.349282880282,R3,
8.3969907611456,0.880909717725643,0.119090282274357,0.897616024370582,0.102383975629418,0.23077238870006,0.284566425455812,0.27643673419943,0.0499261568145363,0.117292536842185,0.0764278979967901,0.3169,0.331,2.7,6269.80929732196,96.4845512471718,92.6011541223068,97.2964223069906,98.749199063899,92.6011541223068,99.4511756212824,96.265900389945,93.7790038753338,98.3547778656507,95.3787767319662,R3,
8.41081691210101,0.881105484704909,0.118894515295091,0.89781550403813,0.102184495961869,0.230611402510714,0.284479633727692,0.275898139097048,0.0497368939443277,0.117093830358879,0.0763442209095431,0.3169,0.331,2.7,6269.80929733428,96.4865940980969,92.6082730431482,97.3077526290132,98.7442978918815,92.6082730431482,99.4341144384519,96.2577191942137,93.7721076960769,98.3603926777916,95.4080952141979,R3,
8.42464306305642,0.88130060911599,0.11869939088401,0.898014328951294,0.101985671048706,0.230450416321368,0.284392841999572,0.275361311831507,0.0495482522937944,0.116895776092127,0.0762608184765529,0.3169,0.331,2.7,6269.80929733307,96.4885555129338,92.6153632110619,97.3189680883356,98.7394089565827,92.6153632110619,99.4168332194046,96.2495167865254,93.7652310760447,98.3658847104807,95.4372380550346,R3,
8.43846921401183,0.881495094117363,0.118504905882637,0.898212502328452,0.101787497671549,0.230289430132023,0.284306050271452,0.274826243713181,0.0493602288093931,0.116698370836024,0.076177689347784,0.3169,0.331,2.7,6269.80929731855,96.4904388136111,92.6224247788748,97.3300686590899,98.734532261508,92.6224247788748,99.3993580538083,96.2412938188415,93.7583739439514,98.371254026191,95.4662049666238,R3,
8.45229536496725,0.881688942846843,0.118311057153157,0.898410027366925,0.101589972633075,0.230128443942677,0.284219258543332,0.274292926109303,0.0491728204575601,0.116501611405641,0.0760948321820343,0.3169,0.331,2.7,6269.8092973197,96.4922469682858,92.6294578981207,97.3410543163144,98.7296678087351,92.6294578981207,99.3817122135728,96.2330509322835,93.7515362286049,98.3765007034795,95.4949956451757,R3,
8.46612151592266,0.881882158421746,0.118117841578254,0.898606907243149,0.101393092756851,0.229967457753331,0.284132466815212,0.273761350443498,0.0489860242245488,0.116305494636854,0.076012245646863,0.3169,0.331,2.7,6269.80929732155,96.4939826317798,92.6364627197376,97.3519250365052,98.7248155990887,92.6364627197376,99.363916473116,96.2247887574011,93.7447178591802,98.3816248375587,95.5236097716512,R3,
8.47994766687807,0.882074743939056,0.117925256060944,0.898803145112843,0.101196854887157,0.229806471563985,0.284045675087092,0.273231508195324,0.0487998371162671,0.116110017386178,0.0759299284185193,0.3169,0.331,2.7,6269.80929732711,96.4956481812032,92.6434393934754,97.3626807974786,98.7199756320681,92.6434393934754,99.3459893959356,96.2165079142179,93.7379187649966,98.3866265404235,95.5520470110296,R3,
8.49377381783348,0.882266702475594,0.117733297524406,0.898998744111178,0.101001255888822,0.22964548537464,0.283958883358972,0.272703390899818,0.0486142561581186,0.115915176530591,0.0758478791818716,0.3169,0.331,2.7,6269.80929733312,96.4972457479064,92.6503880681566,97.3733215786732,98.7151479059427,92.6503880681566,99.327947588732,96.2082090124056,93.7311388755986,98.3915059412522,95.5803070124905,R3,
8.5075999687889,0.882458037088178,0.117541962911822,0.899193707352946,0.100806292647054,0.229484499185294,0.283872091630852,0.272176990147045,0.0484292783948432,0.115720968967376,0.0757660966303373,0.3169,0.331,2.7,6269.80929733195,96.4987772456628,92.6573088916464,97.3838473613179,98.7103324177851,92.6573088916464,99.3098059263606,96.199892651431,93.7243781207618,98.3962631866881,95.6083894093113,R3,
8.52142611974431,0.882648750813789,0.117351249186211,0.899388037932722,0.100611962067278,0.229323512995948,0.283785299902732,0.271652297581651,0.0482449008903608,0.115527391613951,0.0756845794658139,0.3169,0.331,2.7,6269.80929732155,96.5002443955097,92.6642020107826,97.3942581285706,98.705529163502,92.6642020107826,99.291577750303,96.1915594206669,93.7176364304443,98.4008984411025,95.6362938187057,R3,
8.53525227069972,0.882838846669728,0.117161153330272,0.89958173892503,0.10041826107497,0.229162526806603,0.283698508174612,0.271129304902419,0.0480611207276156,0.11533444140771,0.0756033263986098,0.3169,0.331,2.7,6269.80929733312,96.5016487475654,92.6710675711177,97.4045538655632,98.7007381378125,92.6710675711177,99.2732750435755,96.1832098995047,93.7109137346965,98.4054118867844,95.6640198414687,R3,
8.54907842165513,0.883028327653778,0.116971672346222,0.899774813384506,0.100225186615494,0.229001540617257,0.283611716446492,0.270608003861835,0.0478779350084227,0.115142115305857,0.0755223361473766,0.3169,0.331,2.7,6269.80929732343,96.5029917007048,92.6779057179258,97.4147345601246,98.6959593344804,92.6779057179258,99.2549085838687,96.1748446576623,93.7042099640637,98.4098037244842,95.6915670630291,R3,
8.56290457261055,0.88321719674436,0.11678280325564,0.899967264346055,0.100032735653945,0.228840554427911,0.283524924718372,0.270088386265652,0.0476953408533153,0.114950410285249,0.0754416074390416,0.3169,0.331,2.7,6269.80929732711,96.5042745189619,92.6847165948082,97.4248002022068,98.6911927460907,92.6847165948082,99.2364880794646,96.1664642550667,93.6975250490054,98.4140741732348,95.7189350518179,R3,
8.57673072356596,0.883405456900689,0.116594543099312,0.900159094825014,0.0998409051749858,0.228679568238566,0.283438132990252,0.269570443972462,0.0475133354013941,0.114759323342238,0.0753611390087412,0.3169,0.331,2.7,6269.80929731855,96.5054983469506,92.6915003449658,97.4347507847669,98.6864383643162,92.6915003449658,99.2180222873163,96.1580692422284,93.6908589204337,98.4182234709307,95.7461233606472,R3,
8.59055687452137,0.883593111062929,0.116406888937071,0.900350307817308,0.099649692182692,0.22851858204922,0.283351341262132,0.269054168893268,0.0473319158101778,0.11456885149251,0.0752809295997546,0.3169,0.331,2.7,6269.80929733233,96.5066642225472,92.6982571101081,97.4445863033474,98.6816961797509,92.6982571101081,99.1995191181291,96.1496601601727,93.6842115092435,98.4222518742076,95.7731315254182,R3,
8.60438302547678,0.883780162152348,0.116219837847652,0.900540906299604,0.0994590937003958,0.228357595859874,0.283264549534012,0.268539552991069,0.0471510792554551,0.114378991770936,0.075200977963439,0.3169,0.331,2.7,6269.80929732492,96.5077730889396,92.704987031722,97.4543067569663,98.6769661821748,92.704987031722,99.1809857275273,96.1412375408017,93.6775827468476,98.4261596589738,95.7999590665032,R3,
8.61820917643219,0.883966613071466,0.116033386928534,0.900730893229469,0.099269106770531,0.228196609670529,0.283177757805892,0.268026588280434,0.0469708229311383,0.114189741231412,0.0751212828591638,0.3169,0.331,2.7,6269.80929731855,96.5088258042863,92.7116902497701,97.4639121475837,98.6722483603448,92.7116902497701,99.1624285977373,96.1328019067941,93.6709725646266,98.429947120194,95.8266054872398,R3,
8.63203532738761,0.884152466704207,0.115847533295793,0.90092027154552,0.0990797284544803,0.228035623481183,0.283090966077772,0.267515266827097,0.0467911440491177,0.114001096946713,0.0750418430542475,0.3169,0.331,2.7,6269.80929734013,96.5098231509127,92.7183669032449,97.473402480603,98.6675427021288,92.7183669032449,99.1438536086015,96.1243537718454,93.6643808941665,98.4336145721841,95.8530702745277,R3,
8.64586147834302,0.884337725916047,0.115662274083953,0.901109044167576,0.0988909558324236,0.227874637291837,0.283004174349652,0.267005580747544,0.0466120398391185,0.113813056008334,0.0749626573238932,0.3169,0.331,2.7,6269.8092973197,96.510765843587,92.7250171311163,97.4827777655637,98.6628491947041,92.7250171311163,99.1252660999257,96.1158936409447,93.6578076676434,98.437162348958,95.8793528998395,R3,
8.65968762929843,0.884522393554164,0.115477606445836,0.901297213996812,0.0987027860031882,0.227713651102492,0.282917382621532,0.266497522208608,0.046433507548558,0.113625615526349,0.0748837244511265,0.3169,0.331,2.7,6269.80929733312,96.5116545356743,92.7316410701181,97.4920380151355,98.6581678241889,92.7316410701181,99.1066709284335,96.1074220101298,93.6512528168955,98.440590803752,95.9054528167411,R3,
8.67351378025384,0.884706472447579,0.115293527552421,0.9014847839159,0.0985152160841001,0.227552664913146,0.282830590893412,0.26599108342707,0.0462555444424049,0.113438772629256,0.0748050432267325,0.3169,0.331,2.7,6269.80929732934,96.5124898262927,92.7382388572412,97.5011832466518,98.6534985761112,92.7382388572412,99.088072515438,96.0989393670505,93.644716274476,98.4439003097164,95.9313694636566,R3,
8.68733993120926,0.884889965407305,0.115110034592695,0.901671756789164,0.0983282432108364,0.2273916787238,0.282743799165292,0.265486256669258,0.0460781478030388,0.113252524463834,0.0747266124491944,0.3169,0.331,2.7,6269.80929732155,96.5132722651427,92.7448106279972,97.5102134813719,98.648841435132,92.7448106279972,99.0694748914744,96.090446190786,93.6381979729145,98.4470912595334,95.9571022619319,R3,
8.70116608216467,0.885072875226487,0.114927124773513,0.90185813546272,0.0981418645372801,0.227230692534455,0.282657007437172,0.264983034250656,0.0459013149301132,0.113066868194999,0.0746484309246321,0.3169,0.331,2.7,6269.80929732562,96.5140023576032,92.7513565169941,97.5191287449659,98.6441963851667,92.7513565169941,99.0508817346231,96.0819429520734,93.6316978449525,98.4501640655776,95.9826506164721,R3,
8.71499223312008,0.885255204680545,0.114744795319455,0.902043922764625,0.0979560772353755,0.227069706345109,0.282570215709052,0.264481408535514,0.0457250431404175,0.112881801005656,0.074570497466742,0.3169,0.331,2.7,6269.80929733307,96.5146805691645,92.7578766581855,97.5279290678464,98.6395634094608,92.7578766581855,99.0322964046882,96.0734301134721,93.6252158236526,98.4531191599752,96.0080139160355,R3,
8.72881838407549,0.885436956527316,0.114563043472684,0.902229121505015,0.0977708784949849,0.226908720155763,0.282483423980932,0.263981371936459,0.0455493297677414,0.112697320096559,0.0744928108967366,0.3169,0.331,2.7,6269.80929732677,96.5153073292375,92.7643711847284,97.5366144852784,98.6349424905811,92.7643711847284,99.0137219738606,96.0649081294684,93.6187518423395,98.4559569945422,96.0331915331013,R3,
8.74264453503091,0.88561813350719,0.11438186649281,0.902413734476253,0.0975862655237471,0.226747733966418,0.282396632252812,0.263482916914117,0.0453741721627407,0.112513422686171,0.0744153700432852,0.3169,0.331,2.7,6269.80929732155,96.5158830344635,92.7708402286331,97.5451850373777,98.6303336103839,92.7708402286331,98.9951612541756,96.0563774465246,93.6123058344388,98.4586780406622,96.0581828235123,R3,
8.75647068598632,0.885798738343248,0.114201261656752,0.902597764453063,0.0974022355469372,0.226586747777072,0.282309840524692,0.262986035976731,0.0451995676928043,0.112330106010521,0.0743381737424551,0.3169,0.331,2.7,6269.80929733428,96.5164080518983,92.7772839210247,97.5536407694464,98.6257367500746,92.7772839210247,98.9766168216712,96.0478385032599,93.6058777336003,98.4612827892833,96.0829871268261,R3,
8.77029683694173,0.885978773741402,0.114021226258598,0.902781214192673,0.0972187858073272,0.226425761587726,0.282223048796572,0.262490721679784,0.0450255137419219,0.112147367323069,0.0742612208376533,0.3169,0.331,2.7,6269.80929732711,96.516882721953,92.783702392692,97.5619817324309,98.6211518903409,92.783702392692,98.9580910377507,96.0392917306433,93.5994674739075,98.4637717509237,96.1076037669351,R3,
8.78412298789714,0.886158242390525,0.113841757609475,0.902964086434951,0.0970359135650487,0.22626477539838,0.282136257068452,0.261996966625632,0.0448520077105535,0.111965203894565,0.0741845101795686,0.3169,0.331,2.7,6269.80929733233,96.5173073604501,92.7900957729264,97.5702079825191,98.6165790111479,92.7900957729264,98.9395860694074,96.0307375519313,93.5930749894088,98.4661454553382,96.1320320509215,R3,
8.79794913885255,0.886337146962591,0.113662853037409,0.903146383902544,0.0968536160974564,0.226103789209035,0.282049465340332,0.261504763463132,0.0446790470155,0.111783613012918,0.0741080406261145,0.3169,0.331,2.7,6269.80929733048,96.5176822612421,92.7964641906662,97.5783195819012,98.6120180919807,92.7964641906662,98.9211039059177,96.0221763829659,93.5867002145781,98.4684044515935,96.1562712703338,R3,
8.81177528980797,0.8865154901128,0.1134845098872,0.903328109301007,0.0966718906989926,0.225942803019689,0.281962673612212,0.26101410488728,0.0445066290897753,0.111602591983057,0.0740318110423725,0.3169,0.331,2.7,6269.80929731931,96.5180076979752,92.8028077738575,97.5863165986273,98.6074691117402,92.8028077738575,98.9026463749259,96.0136086321833,93.5803430840535,98.4705493077906,96.1803207006236,R3,
8.82560144076338,0.886693274479716,0.113306725520284,0.903509265318946,0.0964907346810539,0.225781816830343,0.281875881884092,0.260524983638846,0.0443347513824786,0.111422138126798,0.0739558203005359,0.3169,0.331,2.7,6269.80929733307,96.5182839258246,92.8091266492947,97.5941991067127,98.6029320487339,92.8091266492947,98.8842151566491,96.0050347007049,93.5740035325611,98.4725806108661,96.2041796010747,R3,
8.83942759171879,0.886870502685395,0.113129497314605,0.903689854628141,0.0963101453718585,0.225620830640998,0.281789090155972,0.260037392504018,0.0441634113586692,0.111242248782717,0.0738800672798541,0.3169,0.331,2.7,6269.80929732711,96.5185111834807,92.8154209436685,97.6019671868483,98.5984068808844,92.8154209436685,98.8658117958507,95.9964549826202,93.5676814953681,98.4744989665541,96.2278472160511,R3,
8.8532537426742,0.887047177335511,0.112952822664489,0.903869879883686,0.0961301201163144,0.225459844451652,0.281702298427852,0.259551324314049,0.0439926064992419,0.111062921306013,0.0738045508665779,0.3169,0.331,2.7,6269.80929733524,96.5186896941033,92.8216907821547,97.6096209258445,98.5938935854892,92.8216907821547,98.8474377142479,95.9878698648623,93.5613769076652,98.476304998935,96.2513227736278,R3,
8.86707989362962,0.88722330101949,0.11277669898051,0.90404934372411,0.0959506562758898,0.225298858262306,0.281615506699732,0.259066771944902,0.043822334300803,0.110884153068379,0.0737292699539044,0.3169,0.331,2.7,6269.80929731625,96.518819667132,92.8279362897945,97.6171604175301,98.5893921395008,92.8279362897945,98.82909421989,95.9792797275403,93.5550897051636,98.4779993504098,96.2746054872275,R3,
8.88090604458503,0.887398876310629,0.112601123689371,0.904228248771516,0.0957717512284838,0.225137872072961,0.281528714971612,0.258583728316906,0.0436525922755485,0.11070594145788,0.0736542234419232,0.3169,0.331,2.7,6269.80929732562,96.5189012989401,92.8341575899694,97.6245857621201,98.5849025192446,92.8341575899694,98.8107825175799,95.9706849438143,93.548819823438,98.4795826811977,96.2976945541565,R3,
8.89473219554044,0.887573905766227,0.112426094233773,0.904406597631701,0.0955934023682992,0.224976885883615,0.281441923243492,0.258102186394408,0.0434833779511428,0.110528283878818,0.0735794102375629,0.3169,0.331,2.7,6269.80929732711,96.5189347745109,92.840354806087,97.6318970672723,98.5804247007597,92.840354806087,98.7925037161512,95.9620858802533,93.5425671986438,98.4810556693079,96.3205891576124,R3,
8.90855834649585,0.887748391927708,0.112251608072292,0.904584392894285,0.0954156071057154,0.224815899694269,0.281355131515372,0.257622139185432,0.0433146888705986,0.110351177751609,0.0735048292545377,0.3169,0.331,2.7,6269.80929732934,96.5189202679964,92.8465280603743,97.6390944476122,98.5759586595855,92.8465280603743,98.774258837001,95.9534828967596,93.5363317669992,98.4824190100511,96.3432884655879,R3,
8.92238449745127,0.88792233732074,0.11207766267926,0.904761637132837,0.0952383628671634,0.224654913504924,0.281268339787252,0.257143579741341,0.0431465225921579,0.110174620512659,0.0734304794132953,0.3169,0.331,2.7,6269.80929733307,96.5188579437751,92.8526774743392,97.646178025144,98.5715043708676,92.8526774743392,98.7560488207244,95.9448763467435,93.5301134649854,98.4836734157841,96.3657916316126,R3,
8.93621064840668,0.888095744455364,0.111904255544636,0.904938332904998,0.0950616670950016,0.224493927315578,0.281181548059132,0.256666501156504,0.0429788766891746,0.109998609614242,0.0733563596409645,0.3169,0.331,2.7,6269.80929732934,96.5187479572784,92.8588031688204,97.6531479294261,98.567061809373,92.8588031688204,98.7378745334375,95.936266577226,93.5239122293504,98.4848196155722,96.3880977950215,R3,
8.95003679936209,0.888268615826108,0.111731384173892,0.905114482752607,0.0948855172473928,0.224332941126232,0.281094756331012,0.256190896567961,0.0428117487499971,0.109823142524371,0.0732824688713035,0.3169,0.331,2.7,6269.80929732155,96.518590455665,92.8649052637591,97.6600042976186,98.5626309494708,92.8649052637591,98.7197367726882,95.9276539289169,93.5177279970311,98.4858583548039,96.4102060810318,R3,
8.9638629503175,0.88844095391211,0.11155904608789,0.905290089201818,0.094709910798182,0.224171954936887,0.281007964602892,0.255716759155091,0.0426451363778534,0.109648216726683,0.073208806044649,0.3169,0.331,2.7,6269.80929733428,96.5183855784802,92.8709838781599,97.6667472746084,98.5582117651322,92.8709838781599,98.7016362727669,95.9190387362993,93.5115607051137,98.4867903948113,96.4321156009499,R3,
8.97768910127291,0.888612761177237,0.111387238822763,0.905465154763224,0.0945348452367761,0.224010968747541,0.280921172874772,0.255244082139296,0.0424790371907358,0.109473829720316,0.0731353701078656,0.3169,0.331,2.7,6269.80929732934,96.5181334585305,92.8770391308312,97.6733770135284,98.5538042300877,92.8770391308312,98.6835737089666,95.9104213278378,93.5054102911608,98.4876165125542,96.4538254532775,R3,
8.99151525222833,0.888784040070201,0.111215959929799,0.905639681931976,0.094360318068024,0.223849982558195,0.280834381146652,0.254772858783665,0.0423134488212881,0.109299979019789,0.0730621600142952,0.3169,0.331,2.7,6269.80929731742,96.5178342221208,92.8830711393901,97.6798936754071,98.5494083176475,92.8830711393901,98.6655497026836,95.9018020259359,93.4992766927784,98.48833750011,96.4753347230139,R3,
9.00534140318374,0.888954793024675,0.111045206975325,0.905813673187902,0.094186326812098,0.22368899636885,0.280747589418532,0.254303082392665,0.0421483689166925,0.109126662154889,0.0729891747237078,0.3169,0.331,2.7,6269.80929732223,96.5174879896893,92.8890800205978,97.6862974294633,98.5450240007772,92.8890800205978,98.647564825197,95.8931811470751,93.4931598477568,98.4889541642929,96.4966424823547,R3,
9.01916755413915,0.88912502245941,0.11087497754059,0.905987130995623,0.0940128690043767,0.223528010179504,0.280660797690412,0.253834746311817,0.0419837951385585,0.108953876670544,0.0729164132022519,0.3169,0.331,2.7,6269.80929732562,96.5170948764561,92.8950658908529,97.6925884534973,98.5406512522116,92.8950658908529,98.6296196009829,95.8845590019782,93.4870596942795,98.4894673262565,96.5177477915898,R3,
9.03299370509456,0.889294730778346,0.110705269221654,0.906160057804672,0.093839942195328,0.223367023990158,0.280574005962292,0.253367843927386,0.0418197251628126,0.108781620126719,0.0728438744224058,0.3169,0.331,2.7,6269.80929732343,96.5166549927014,92.9010288656937,97.6987669337652,98.5362900443611,92.9010288656937,98.6117145114431,95.8759358956358,93.4809761707088,98.4898778210042,96.5386496989995,R3,
9.04681985604998,0.88946392037073,0.11053607962927,0.906332456049605,0.0936675439503945,0.223206037800812,0.280487214234172,0.252902368666065,0.0416561566795885,0.108609890098291,0.0727715573629291,0.3169,0.331,2.7,6269.80929733307,96.5161684441602,92.9069690597411,97.7048330650738,98.5319403493183,92.9069690597411,98.5938499980454,95.8673121273868,93.4749092155578,98.490186496928,96.5593472412305,R3,
9.06064600700539,0.889632593611224,0.110367406388776,0.906504328150121,0.0934956718498787,0.223045051611467,0.280400422506053,0.252438313994673,0.0414930873931189,0.108438684174943,0.0726994610088149,0.3169,0.331,2.7,6269.80929733428,96.5156353325776,92.9128865872315,97.7107870511647,98.5276021389662,92.9128865872315,98.576026464779,95.8586879910883,93.4688587677206,98.4903942153739,96.5798394442968,R3,
9.0744721579608,0.889800752860019,0.110199247139981,0.90667567651117,0.0933243234888302,0.222884065422121,0.280313630777933,0.251975673419842,0.0413305150216284,0.108267999961045,0.0726275843512424,0.3169,0.331,2.7,6269.80929731855,96.5150557559171,92.9187815615829,97.7166291046084,98.5232753849142,92.9187815615829,98.5582442810716,95.8500637751296,93.4628247662711,98.490501850133,96.6001253236263,R3,
9.08829830891621,0.889968400462941,0.110031599537059,0.906846503523067,0.0931534964769332,0.222723079232775,0.280226839049813,0.25151444048772,0.0411684372972264,0.108097835075547,0.0725559263875297,0.3169,0.331,2.7,6269.80929732934,96.5144298085832,92.924654095032,97.7223594467439,98.5189600584287,92.924654095032,98.5405037844796,95.8414397624954,93.4568071503241,98.4905102869368,96.6202038842254,R3,
9.10212445987163,0.890135538751565,0.109864461248435,0.907016811561605,0.0929831884383954,0.22256209304343,0.280140047321693,0.251054608783668,0.0410068519658024,0.107928187151864,0.072484486121087,0.3169,0.331,2.7,6269.80929733312,96.5137575820965,92.930504299803,97.7279783083405,98.514656130673,92.930504299803,98.5228052820422,95.8328162309883,93.4508058595196,98.4904204230205,96.6400741223845,R3,
9.11595061082704,0.89030217004332,0.10969782995668,0.907186602988162,0.0928133970118382,0.222401106854084,0.280053255593573,0.250596171931963,0.0408457567869208,0.107759053837771,0.0724132625613709,0.3169,0.331,2.7,6269.80929732343,96.5130391650843,92.936332287185,97.7334859292448,98.5103635725365,92.936332287185,98.5051490530028,95.8241934531961,93.4448208336266,98.4902331665678,96.6597350253146,R3,
9.12977676178245,0.890468296641597,0.109531703358403,0.907355880149813,0.0926441198501871,0.222240120664738,0.279966463865453,0.250139123595505,0.0406851495337179,0.107590432795291,0.0723422547238381,0.3169,0.331,2.7,6269.8092973304,96.5122746435305,92.9421381674362,97.7388825584305,98.5060823546294,92.9421381674362,98.4875353507756,95.815571696569,93.4388520125039,98.4899494362075,96.6791855716918,R3,
9.14360291273786,0.890633920835855,0.109366079164145,0.907524645379436,0.0924753546205637,0.222079134475393,0.279879672137333,0.249683457475522,0.0405250279927991,0.107422321700587,0.0722714616299004,0.3169,0.331,2.7,6269.80929733428,96.5114641012731,92.9479220505807,97.7441684544562,98.5018124474421,92.9479220505807,98.4699644041029,95.806951223602,93.4328993364374,98.4895701605211,96.6984247330427,R3,
9.15742906369327,0.890799044901726,0.109200955098274,0.907692900995821,0.0923070990041789,0.221918148286047,0.279792880409213,0.249229167311283,0.0403653899641369,0.107254718243858,0.0722008823068795,0.3169,0.331,2.7,6269.80929732223,96.5106076200852,92.9536840458927,97.7493438853034,98.4975538212532,92.9536840458927,98.4524364190468,95.7983322918472,93.4269627459146,98.4890962775036,96.7174514739201,R3,
9.17125521464869,0.89096367110112,0.10903632889888,0.907860649303774,0.0921393506962261,0.221757162096701,0.279706088681093,0.248776246879811,0.0402062332609707,0.107087620129231,0.0721305157879627,0.3169,0.331,2.7,6269.8092973197,96.5097052798226,92.9594242616217,97.7544091283111,98.49330644609,92.9594242616217,98.4349515806984,95.7897151539695,93.4210421815118,98.4885287340435,96.7362647523351,R3,
9.1850813656041,0.891127801682328,0.108872198317672,0.908027892594224,0.0919721074057764,0.221596175907356,0.279619296952973,0.248324689995596,0.0400475557097065,0.106921025074657,0.0720603611121584,0.3169,0.331,2.7,6269.80929733307,96.5087571587977,92.9651428055236,97.7593644704879,98.489070291837,92.9651428055236,98.4175100541643,95.781100057876,93.4151375841032,98.4878684854085,96.7548635209812,R3,
9.19890751655951,0.891291438880124,0.108708561119876,0.908194633144326,0.0918053668556739,0.22143518971801,0.279532505224853,0.24787449051032,0.0398893551498184,0.106754930811805,0.0719904173242528,0.3169,0.331,2.7,6269.80929732562,96.5077633340544,92.970839785068,97.7642102086718,98.4848453282751,92.970839785068,98.400111985707,95.7724872468388,93.409248894969,98.4871164947032,96.7732467282021,R3,
9.21273366751492,0.891454584915864,0.108545415084136,0.908360873217567,0.0916391267824331,0.221274203528664,0.279445713496733,0.247425642312569,0.0397316294337499,0.106589335085964,0.071920683474766,0.3169,0.331,2.7,6269.80929733428,96.5067238812497,92.9765153064013,97.768946649088,98.4806315249039,92.9765153064013,98.3827575046987,95.7638769594254,93.4033760553276,98.4862737323554,96.7914133177973,R3,
9.22655981847034,0.891617241997593,0.108382758002407,0.908526615063865,0.0914733849361354,0.221113217339319,0.279358921768613,0.246978139327566,0.0395743764268175,0.106424235655937,0.0718511586199097,0.3169,0.331,2.7,6269.80929733233,96.5056388752188,92.9821694755822,97.7735741079691,98.4764288511776,92.9821694755822,98.3654467238203,95.7552694297402,93.397519006881,98.4853411755727,96.8093622310072,R3,
9.24038596942575,0.891779412320139,0.108220587679861,0.908691860919671,0.0913081390803287,0.220952231149973,0.279272130040493,0.246531975516887,0.0394175940071136,0.106259630293938,0.071781841821544,0.3169,0.331,2.7,6269.80929733307,96.5045083898829,92.9878023976603,97.7780929111667,98.4722372763366,92.9878023976603,98.3481797407787,95.7466648873752,93.3916776913997,98.4843198078364,96.8270924065098,R3,
9.25421212038116,0.891941098065211,0.108058901934789,0.908856613008074,0.0911433869919259,0.220791244960627,0.279185338312373,0.2460871448782,0.0392612800654116,0.106095516785498,0.0717127321471356,0.3169,0.331,2.7,6269.80929732343,96.503332498605,92.9934141772701,97.7825033944458,98.4680567695288,92.9934141772701,98.330956638817,95.7380635575659,93.3858520509924,98.4832106183573,96.8446027818631,R3,
9.26803827133657,0.892102301401504,0.107897698598496,0.909020873538894,0.0909791264611058,0.220630258771282,0.279098546584253,0.245643641444986,0.0391054325050713,0.105931892929361,0.0716438286697157,0.3169,0.331,2.7,6269.8092973197,96.5021112742207,92.9990049181401,97.7868059032868,98.4638872997226,92.9990049181401,98.3137774879887,95.7294656611986,93.3800420278802,98.4820146015693,96.8618922939792,R3,
9.28186442229199,0.892263024484787,0.107736975515213,0.909184644708786,0.0908153552912141,0.220469272581936,0.279011754856133,0.245201459286278,0.0389500492419448,0.105768756537387,0.071575130467839,0.3169,0.331,2.7,6269.80929733048,96.5008447893052,93.0045747234344,97.7910007930523,98.4597288357825,93.0045747234344,98.2966423457239,95.7208714149165,93.3742475645394,98.4807327566085,96.8789598803845,R3,
9.2956905732474,0.892423269458005,0.107576730541995,0.909347928701335,0.0906520712986652,0.22030828639259,0.278924963128013,0.244760592506396,0.0387951282042841,0.105606105434454,0.0715066366255421,0.3169,0.331,2.7,6269.80929732196,96.4995331164304,93.0101236960564,97.7950884291298,98.4555813465217,93.0101236960564,98.2795512573825,95.71228103124,93.3684686038477,98.4793660867682,96.8958044804964,R3,
9.30951672420281,0.892583038451372,0.107416961548628,0.909510727687154,0.0904892723128458,0.220147300203245,0.278838171399893,0.244321035244684,0.0386406673326483,0.105443937458362,0.0714383462323029,0.3169,0.331,2.7,6269.80929733906,96.498176328019,93.0156519375787,97.7990691864486,98.4514448005157,93.0156519375787,98.2625042577861,95.703694718499,93.3627050885994,98.4779155990555,96.9124250356689,R3,
9.32334287515822,0.892742333582467,0.107257666417533,0.909673043823982,0.0903269561760181,0.219986314013899,0.278751379671773,0.243882781675249,0.0384866645798131,0.105282250459736,0.0713702583830007,0.3169,0.331,2.7,6269.80929732223,96.4967744969738,93.0211595498857,97.8029434502071,98.4473191664171,93.0211595498857,98.2455013706556,95.6951126810909,93.3569569622247,98.4763823035881,96.9288204917212,R3,
9.33716902611363,0.892901156956326,0.107098843043674,0.909834879256775,0.0901651207432248,0.219825327824553,0.278664587943653,0.243445826006707,0.0383331179106801,0.105121042301933,0.0713023721778757,0.3169,0.331,2.7,6269.80929734011,96.4953276962511,93.0266466330917,97.8067116149255,98.4432044125639,93.0266466330917,98.2285426108176,95.6865351193171,93.3512241678814,98.4747672132296,96.9449897981818,R3,
9.35099517706905,0.893059510665533,0.106940489334466,0.909996236117805,0.0900037638821945,0.219664341635207,0.278577796215533,0.243010162481925,0.0381800253021868,0.104960310860947,0.0712346867224895,0.3169,0.331,2.7,6269.80929733195,96.4938359996656,93.0321132878565,97.8103740854533,98.4391005074256,93.0321132878565,98.2116279830474,95.6779622297053,93.3455066494601,98.4730713429384,96.960931911438,R3,
9.36482132802446,0.893217396790318,0.106782603209682,0.910157116526752,0.089842883473248,0.219503355445862,0.278491004487413,0.24257578537777,0.0380273847432182,0.104800054025313,0.0711672011276859,0.3169,0.331,2.7,6269.80929734798,96.4922994814502,93.0375596132399,97.8139312759842,98.4350074192052,93.0375596132399,98.1947574842436,95.6693942048274,93.3398043506425,98.4712957094462,96.9766457940124,R3,
9.37864747897987,0.893374817398641,0.106625182601359,0.910317522590794,0.0896824774092057,0.219342369256516,0.278404212759293,0.242142689004855,0.0378751942345186,0.104640269696021,0.0710999145095522,0.3169,0.331,2.7,6269.80929733679,96.490718216937,93.0429857085979,97.8173836108572,98.4309251161957,93.0429857085979,98.1779311025132,95.6608312335869,93.3341172157338,98.4694413306228,96.9921304173888,R3,
9.39247362993529,0.893531774546287,0.106468225453713,0.910477456404705,0.0895225435952954,0.21918138306717,0.278317421031173,0.241710867707298,0.0377234517886041,0.104480955786416,0.0710328259893798,0.3169,0.331,2.7,6269.80929733938,96.4890922822416,93.0483916718615,97.8207315237505,98.4268535664645,93.0483916718615,98.1611488189637,95.6522735010868,93.3284451889051,98.4675092251586,97.0073847617419,R3,
9.4062997808907,0.893688270276954,0.106311729723046,0.910636920050939,0.0893630799490611,0.219020396877825,0.278230629303053,0.241280315862465,0.0375721554296765,0.104322110222115,0.0709659346936271,0.3169,0.331,2.7,6269.80929733683,96.4874217547892,93.0537776009017,97.8239754582278,98.4227927381158,93.0537776009017,98.1444106071243,95.6437211888359,93.3227882147873,98.4655004119851,97.0224078183352,R3,
9.42012593184611,0.89384430662234,0.10615569337766,0.910795915599727,0.0892040844002728,0.218859410688479,0.278143837574933,0.240851027880737,0.0374213031935373,0.104163730940912,0.0708992397538805,0.3169,0.331,2.7,6269.8092973197,96.4857067133022,93.0591435929108,97.8271158674025,98.4187425991789,93.0591435929108,98.127716433841,95.6351744747446,93.317146238195,98.4634159098798,97.0371985902653,R3,
9.43395208280152,0.893999885602234,0.106000114397766,0.910954445109163,0.0890455548908367,0.218698424499133,0.278057045846813,0.240422998205259,0.0372708931275025,0.10400581589269,0.0708327403068175,0.3169,0.331,2.7,6269.80929732155,96.4839472378806,93.0644897441116,97.8301532137458,98.4147031175574,93.0644897441116,98.1110662599004,95.626633533157,93.3115192040011,98.4612567370623,97.0517560935094,R3,
9.44777823375693,0.894155009224603,0.105844990775397,0.911112510625293,0.0888874893747065,0.218537438309788,0.277970254118693,0.239996221311708,0.0371209232903187,0.103848363039333,0.0707664354941693,0.3169,0.331,2.7,6269.80929733307,96.4821434103614,93.0698161505206,97.8330879693438,98.410674261174,93.0698161505206,98.0944600398315,95.6180985349902,93.3059070574708,98.4590239106743,97.0660793588859,R3,
9.46160438471234,0.894309679485674,0.105690320514326,0.911270114182204,0.0887298858177956,0.218376452120442,0.277883462390573,0.239570691708048,0.0369713917520795,0.10369137035464,0.0707003244626837,0.3169,0.331,2.7,6269.80929733307,96.4802953144007,93.0751229076846,97.8359206156915,98.4066559979295,93.0751229076846,98.0778977224509,95.60956964776,93.3003097441387,98.4567184463929,97.0801674331575,R3,
9.47543053566776,0.894463898370025,0.105536101629975,0.911427257802111,0.0885727421978892,0.218215465931096,0.277796670662453,0.239146403934301,0.0368222965941424,0.103534835824232,0.0706344063640885,0.3169,0.331,2.7,6269.80929733524,96.4784030355241,93.0804101102631,97.8386516434298,98.4026482956256,93.0804101102631,98.0613792515226,95.6010470355956,93.2947272096218,98.4543413580713,97.0940193800634,R3,
9.48925668662317,0.894617667850667,0.105382332149333,0.911583943495441,0.0884160565045586,0.218054479741751,0.277709878934333,0.238723352562308,0.0366736359090473,0.103378757445475,0.0705686803550557,0.3169,0.331,2.7,6269.80929734087,96.476466661396,93.0856778524566,97.8412815524299,98.3986511220538,93.0856778524566,98.0449045657448,95.5925308593413,93.2891593998093,98.4518936572845,97.1076342820484,R3,
9.50308283757858,0.894770989889129,0.105229010110871,0.911740173260925,0.0882598267390749,0.217893493552405,0.277623087206213,0.238301532195502,0.0365254078004346,0.103223133227386,0.0705031455971649,0.3169,0.331,2.7,6269.80929732711,96.4744862820014,93.0909262281091,97.8438108517291,98.394664445011,93.0909262281091,98.0284735989615,95.5840212766231,93.2836062609085,98.4493763529291,97.1210112417396,R3,
9.516908988534,0.894923866435541,0.105076133564459,0.911895949085676,0.0881040509143242,0.217732507363059,0.277536295478093,0.237880937468675,0.0363776103829651,0.103067961190553,0.070437801256868,0.3169,0.331,2.7,6269.80929732343,96.472461989636,93.0961553300404,97.8462400591463,98.3906882321815,93.0961553300404,98.0120862809602,95.575518441834,93.2780677391399,98.4467904509432,97.1341493828423,R3,
9.53073513948941,0.895076299428716,0.104923700571284,0.912051272945277,0.0879487270547235,0.217571521173714,0.277449503749973,0.237461563047754,0.0362302417822395,0.102913239367051,0.0703726465054537,0.3169,0.331,2.7,6269.80929732562,96.4703938792563,93.1013652508099,97.8485697014744,98.3867224512855,93.1013652508099,97.9957425371432,95.5670225062627,93.272543781077,98.4441369538334,97.1470478521647,R3,
9.54456129044482,0.895228290796235,0.104771709203765,0.912206146803863,0.0877938531961369,0.217410534984368,0.277362712021853,0.23704340362957,0.0360833001347195,0.102758965800356,0.0703076805190128,0.3169,0.331,2.7,6269.80929733048,96.4682820485611,93.1065560824129,97.8508003142364,98.3827670700244,93.1065560824129,97.9794422890054,95.5585336181158,93.267034333507,98.4414168603603,97.1597058208263,R3,
9.55838744140023,0.895379842454523,0.104620157545477,0.912360572614207,0.087639427385793,0.217249548795022,0.277275920293733,0.236626453941641,0.0359367835876492,0.102605138545267,0.0702429024784028,0.3169,0.331,2.7,6269.80929733233,96.4661265981595,93.1117279163171,97.8529324415632,98.3788220560889,93.1117279163171,97.9631854543489,95.5500519225765,93.2615393434499,98.4386311651987,97.1721224857332,R3,
9.57221359235564,0.895530956308936,0.104469043691064,0.912514552317797,0.0874854476822026,0.217088562605677,0.277189128565613,0.236210708741947,0.0357906902989775,0.10245175566782,0.0701783115692143,0.3169,0.331,2.7,6269.80929733524,96.4639276317034,93.1168808433576,97.854966636023,98.3748873771452,93.1168808433576,97.9469719475742,95.5415775618406,93.2560587581009,98.435780858623,97.1842970709625,R3,
9.58603974331105,0.895681634253835,0.104318365746165,0.912668087844922,0.0873319121550778,0.216927576416331,0.277102336837493,0.23579616281871,0.0356450184372801,0.102298815245207,0.0701139069817363,0.3169,0.331,2.7,6269.80929733312,96.4616852560873,93.1220149539141,97.8569034585416,98.3709630008705,93.1220149539141,97.9308016797554,95.5331106751866,93.2505925249159,98.4328669261579,97.1962288293568,R3,
9.59986589426647,0.895831878172668,0.104168121827332,0.912821181114749,0.0871788188852508,0.216766590226985,0.277015545109373,0.235382810990177,0.0354997661816838,0.102146315365701,0.0700496879109225,0.3169,0.331,2.7,6269.80929733307,96.4593995815594,93.1271303377134,97.858743478181,98.3670488949152,93.1271303377134,97.914674558992,95.524651399006,93.245140591516,98.429890348312,97.2079170438399,R3,
9.61369204522188,0.895981689938049,0.104018310061951,0.912973834035406,0.0870261659645944,0.21660560403764,0.276928753381253,0.234970648104405,0.0353549317217905,0.10199425412857,0.0699856535563578,0.3169,0.331,2.7,6269.80929734087,96.4570707219087,93.1322270839597,97.8604872720324,98.3631450269363,93.1322270839597,97.8985904904901,95.5161998668597,93.239702905742,98.4268521002654,97.2193610289838,R3,
9.62751819617729,0.896131071411835,0.103868928588165,0.913126048504058,0.0868739514959422,0.216444617848294,0.276841961653133,0.234559669039044,0.0352105132576013,0.101842629644,0.069921803122225,0.3169,0.331,2.7,6269.80929733233,96.4546987946774,93.1373052815869,97.8621354251605,98.359251364643,93.1373052815869,97.8825493765386,95.507756209556,93.2342794157704,98.4237531515265,97.2305601326372,R3,
9.64134434713271,0.896280024445201,0.103719975554799,0.913277826406989,0.0867221735930107,0.216283631658948,0.276755169925013,0.234149868701129,0.0350665089994429,0.10169144003302,0.069858135817272,0.3169,0.331,2.7,6269.80929731742,96.4522839211882,93.1423650187054,97.8636885302145,98.3553678756986,93.1423650187054,97.8665511171164,95.4993205551382,93.2288700698582,98.4205944657853,97.2415137369889,R3,
9.65517049808812,0.896428550878722,0.103571449121278,0.913429169619679,0.0865708303803206,0.216122645469602,0.276668378196893,0.233741242026866,0.034922917167893,0.10154068342742,0.0697946508547787,0.3169,0.331,2.7,6269.80929733428,96.4498262267089,93.1474063826512,97.8651471872904,98.3514945277276,93.1474063826512,97.8505956100008,95.4908930289425,93.2234748163633,98.4173770006442,97.2522212600511,R3,
9.66899664904353,0.896576652542441,0.103423347457559,0.91358008000688,0.0864199199931202,0.215961659280257,0.276581586468773,0.233333783981424,0.0347797359937073,0.101390357969676,0.0697313474525252,0.3169,0.331,2.7,6269.80929733312,96.4473258408347,93.1524294610159,97.86651200414,98.3476312885208,93.1524294610159,97.834682750114,95.4824737537319,93.2180936042084,98.4141017071555,97.2626821577906,R3,
9.68282279999894,0.896724331255953,0.103275668744047,0.913730559422692,0.0862694405773084,0.215800673090911,0.276494794740653,0.232927489558733,0.0346369637177466,0.101240461812873,0.0696682248327591,0.3169,0.331,2.7,6269.80929733048,96.4447828973295,93.1574343402931,97.8677835954809,98.3437781257674,93.1574343402931,97.8188124307284,95.4740628496228,93.2127263822645,98.4107695298739,97.2728959246051,R3,
9.69664895095435,0.896871588828471,0.103128411171529,0.913880609710641,0.0861193902893592,0.215639686901565,0.276408003012534,0.23252235378127,0.0344945985909052,0.101090993120631,0.069605282222164,0.3169,0.331,2.7,6269.80929734087,96.4421975344092,93.16242110648,97.8689625830381,98.3399350071873,93.16242110648,97.8029845431212,95.4656604341764,93.207373099624,98.4073814065103,97.2828620951359,R3,
9.71047510190977,0.897018427058906,0.102981572941094,0.914030232703754,0.0859697672962457,0.21547870071222,0.276321211284414,0.232118371699863,0.0343526388740387,0.100941950067028,0.0695425188518279,0.3169,0.331,2.7,6269.80929733048,96.4395698949703,93.1673898454882,97.8700495955164,98.3361019006014,93.1673898454882,97.7871989763815,95.457266622485,93.2020337057817,98.4039382676198,97.2925802458886,R3,
9.72430125286518,0.897164847735938,0.102835152264062,0.914179430224634,0.0858205697753663,0.215317714522874,0.276234419556294,0.231715538393489,0.0342110828378943,0.100793330836525,0.0694799339572114,0.3169,0.331,2.7,6269.80929733307,96.4369001265107,93.1723406421371,97.8710452680205,98.3322787737472,93.1723406421371,97.7714556183223,95.4488815271184,93.1967081501788,98.4004410366433,97.3020499959178,R3,
9.73812740382059,0.897310852638089,0.102689147361911,0.91432820408553,0.08567179591447,0.215156728333528,0.276147627828174,0.231313848969069,0.0340699287630393,0.100645133623898,0.0694175267781177,0.3169,0.331,2.7,6269.80929732934,96.434188381492,93.1772735812072,97.8719502422661,98.328465594474,93.1772735812072,97.7557543547667,95.4405052582679,93.1913963826742,98.3968906294679,97.3112710088121,R3,
9.75195355477601,0.897456443533793,0.102543556466207,0.914476556088416,0.0855234439115835,0.214995742144183,0.276060836100054,0.230913298561275,0.0339291749397926,0.100497356634157,0.0693552965586605,0.3169,0.331,2.7,6269.80929732114,96.4314348173294,93.1821887467916,97.8727651661318,98.3246623306282,93.1821887467916,97.7400950701579,95.4321379237189,93.1860983532535,98.3932879543994,97.3202429935538,R3,
9.76577970573142,0.897601622181472,0.102398377818528,0.914624488025062,0.0853755119749381,0.214834755954837,0.275974044371934,0.230513882332333,0.033788819668155,0.100349998082477,0.0692932425472347,0.3169,0.331,2.7,6269.80929731855,96.428639596547,93.1808140120797,97.8734906935046,98.3208689500826,93.1870862224253,97.7244776475716,95.4237796289099,93.1808140120797,98.3896339119774,97.3289657058251,R6,
9.77960585668683,0.897746390329601,0.102253609670399,0.914772001677102,0.0852279983228979,0.214673769765491,0.275887252643814,0.230115595471824,0.0336488612577409,0.10020305619413,0.0692313639964854,0.3169,0.331,2.7,6269.80929733524,96.4258028869056,93.175543309511,97.8741274840922,98.3170854207299,93.191966091115,97.7089019687872,95.4154304769775,93.175543309511,98.3859293948008,97.3374389492309,R6,
9.79343200764224,0.897890749716784,0.102109250283216,0.914919098816112,0.0850809011838879,0.214512783576146,0.275800460915694,0.229718433196497,0.0335092980277106,0.100056529204406,0.0691696601632779,0.3169,0.331,2.7,6269.80929733307,96.4229248616155,93.1702861963134,97.8746762033878,98.3133117105991,93.1968284358412,97.6933679139681,95.4070905688226,93.1702861963134,98.3821752872647,97.3456625767273,R6,
9.80725815859765,0.898034702071818,0.101965297928182,0.915065781203677,0.0849342187963235,0.2143517973868,0.275713669187574,0.229322390750073,0.0333701283067029,0.0999104153585491,0.0691081303086685,0.3169,0.331,2.7,6269.80929732934,96.4200056992593,93.1650426232482,97.8751375221255,98.309547787657,93.2016733386078,97.6778753625269,95.3987600030887,93.1650426232482,98.3783724656571,97.3536364911635,R6,
9.82108430955306,0.898178249113767,0.101821750886233,0.91521205059146,0.0847879494085397,0.214190811197454,0.275626877459454,0.228927463403057,0.0332313504327684,0.0997647129116834,0.0690467736978743,0.3169,0.331,2.7,6269.80929731737,96.4170455840332,93.1598125413704,97.8755121163189,98.3057936199595,93.2065008811487,97.6624241926233,95.3904388762461,93.1598125413704,98.3745217978574,97.3613606467409,R6,
9.83491046050848,0.898321392552027,0.101678607447972,0.915357908721278,0.084642091278722,0.214029825008109,0.275540085731334,0.228533646452549,0.0330929627533033,0.0996194201287455,0.0689855896002447,0.3169,0.331,2.7,6269.80929731742,96.4140447057603,93.1545959018418,97.8758006668885,98.3020491755613,93.2113111444942,97.6470142816111,95.3821272825951,93.1545959018418,98.3706241433402,97.3688350497502,R6,
9.84873661146389,0.898464134086396,0.101535865913604,0.915503357325164,0.0844966426748364,0.213868838818763,0.275453294003214,0.228140935222058,0.0329549636249838,0.0994745352844153,0.0689245772892315,0.3169,0.331,2.7,6269.80929733307,96.4110032600526,93.1493926560883,97.8760038595828,98.2983144225913,93.2161042093357,97.6316455058058,95.3738253143366,93.1493926560883,98.3666803529613,97.3760597597191,R6,
9.8625627624193,0.898606475407139,0.101393524592861,0.915648398125438,0.0843516018745617,0.213707852629417,0.275366502275094,0.227749325061317,0.0328173514137012,0.0993300566630469,0.0688637360423612,0.3169,0.331,2.7,6269.80929731929,96.4079214484471,93.1442027559336,97.8761223848551,98.29458932931,93.2208801563319,97.6163177403184,95.3655330616211,93.1442027559336,98.3626912687873,97.3830348904191,R6,
9.87638891337471,0.898748418195056,0.101251581804944,0.915793032834779,0.0842069671652211,0.213546866440072,0.275279710546974,0.227358811346097,0.0326801244944971,0.099185982558602,0.0688030651412054,0.3169,0.331,2.7,6269.80929732269,96.40479947825,93.1390261530479,97.8761569372246,98.2908738638746,93.2256390648584,97.6010308601241,95.3572506125028,93.1390261530479,98.3586577243392,97.3897606100281,R6,
9.89021506433013,0.898889964121551,0.101110035878449,0.915937263156285,0.0840627368437146,0.213385880250726,0.275192918818854,0.226969389478029,0.0325432812514998,0.0990423112745819,0.0687425638713534,0.3169,0.331,2.7,6269.80929732343,96.4016375628645,93.1338627995589,97.8761082155338,98.2871679946102,93.2303810144232,97.5857847389909,95.3489780530668,93.1338627995589,98.3545805441349,97.3962371425972,R6,
9.90404121528554,0.899031114848691,0.100968885151309,0.916081090783547,0.0839189092164526,0.21322489406138,0.275106127090734,0.226581054884422,0.0324068200778606,0.0988990411239613,0.0686822315223837,0.3169,0.331,2.7,6269.80929733524,96.3984359216864,93.1287126476705,97.8759769224269,98.2834716898302,93.2351060837703,97.5705792502623,95.3407154674068,93.1287126476705,98.3504605438594,97.4024647682648,R6,
9.91786736624095,0.899171872029277,0.100828127970723,0.916224517400711,0.0837754825992894,0.213063907872034,0.275019335362614,0.226193803018082,0.032270739375691,0.0987561704291222,0.0686220673878362,0.3169,0.331,2.7,6269.80929734278,96.3951947802573,93.1235756498976,97.8757637643161,98.279784917968,93.2398143514484,97.5554142664626,95.3324629376931,93.1235756498976,98.3462985301458,97.4084438241268,R6,
9.93169351719636,0.899312237306907,0.100687762693093,0.916367544682542,0.0836324553174574,0.212902921682689,0.274932543634494,0.225807629357135,0.0321350375560005,0.0986136975217885,0.0685620707651848,0.3169,0.331,2.7,6269.80929733524,96.3919143702493,93.1184517589426,97.8754694510623,98.2761076474938,93.244505895505,97.54028965959,95.3242205441904,93.1184517589426,98.3420953005993,97.4141747046111,R6,
9.94551966815178,0.899452212316037,0.100547787683963,0.916510174294498,0.083489825705502,0.212741935493343,0.274845751906374,0.225422529404855,0.0319997130386343,0.0984716207429607,0.06850224095581,0.3169,0.331,2.7,6269.80929733428,96.3885949294607,93.1133409275761,97.8750946956762,98.2724398468935,93.2491807932602,97.5252053013616,95.3159883652661,93.1133409275761,98.3378516438364,97.4196578618153,R6,
9.95934581910719,0.89959179868205,0.10040820131795,0.916652407892783,0.0833475921072168,0.212580949303997,0.274758960178254,0.225038498689485,0.0318647642522125,0.0983299384428522,0.0684425772649717,0.3169,0.331,2.7,6269.80929731929,96.3852367019488,93.1082431089336,97.8746402143096,98.2687814847813,93.2538391219555,97.5101610627313,95.3077664774701,93.1082431089336,98.3335683392342,97.4248938061744,R6,
9.9731719700626,0.899730998021312,0.100269001978688,0.91679424712442,0.0832057528755799,0.212419963114652,0.274672168450134,0.224655532764066,0.031730189634069,0.0981886489808247,0.0683830790017824,0.3169,0.331,2.7,6269.80929732711,96.3818399379002,93.1031582561294,97.8741067257562,98.2651325297324,93.2584809578794,97.4951568146598,95.2995549555167,93.1031582561294,98.3292461571713,97.4298831063566,R6,
9.98699812101801,0.899869811941242,0.100130188058758,0.91693569362731,0.0830643063726896,0.212258976925306,0.274585376722014,0.224273627206262,0.0315959876301911,0.0980477507253252,0.0683237454791806,0.3169,0.331,2.7,6269.80929731737,96.37840489383,93.09808632277,97.8734949516055,98.2614929505257,93.2631063775608,97.4801924271778,95.2913538723777,93.09808632277,98.3248858586365,97.4346263899857,R6,
10.0008242719734,0.900008242040366,0.099991757959634,0.917076749030298,0.0829232509697023,0.21209799073596,0.274498584993894,0.223892777618196,0.0314621566951598,0.0979072420538233,0.0682645760139039,0.3169,0.331,2.7,6269.80929733312,96.3749318323451,93.0930272623394,97.8728056155812,98.2578627158578,93.267715456358,97.4652677705841,95.2831632992323,93.0930272623394,98.3204881956482,97.4391243431597,R6,
10.0146504229288,0.900146289908386,0.0998537100916144,0.917217414953231,0.0827825850467693,0.211937004546615,0.274411793265774,0.223512979626277,0.0313286952920906,0.097767121352749,0.0682055699264636,0.3169,0.331,2.7,6269.80929731742,96.3714210223912,93.0879810289045,97.8720394438233,98.2542417946693,93.2723082700736,97.4503827141774,95.2749833055964,93.0879810289045,98.3160539107307,97.4433777111543,R6,
10.0284765738842,0.900283957126234,0.099716042873766,0.917357693007025,0.0826423069929747,0.211776018357269,0.274325001537654,0.223134228881032,0.0311956018925745,0.0976273870174303,0.068146726541118,0.3169,0.331,2.7,6269.80929733307,96.3678727389191,93.0829475762609,97.8711971640802,98.2506301557574,93.2768848930238,97.4355371278577,95.266813959231,93.0829475762609,98.3115837375283,97.4473872976137,R6,
10.0423027248397,0.900421245266138,0.0995787547338617,0.917497584793725,0.0825024152062746,0.211615032167923,0.274238209809534,0.222756521056942,0.0310628749766197,0.0974880374520328,0.0680880451858467,0.3169,0.331,2.7,6269.80929733233,96.3642872631704,93.0779268588312,97.8702795061072,98.2470277681804,93.2814454000654,97.4207308805262,95.2586553262978,93.0779268588312,98.30707840015,97.451153965205,R6,
10.0561288757951,0.900558155891679,0.0994418441083211,0.917637091906565,0.0823629080934355,0.211454045978578,0.274151418081414,0.222379851852276,0.0309305130325936,0.0973490710694983,0.0680295251923252,0.3169,0.331,2.7,6269.80929731855,96.3606648824091,93.0729188310328,97.8692872010238,98.243434600985,93.2859898651844,97.4059638412603,95.2505074712959,93.0729188310328,98.3025386136309,97.4546786348596,R6,
10.0699550267505,0.900694690557849,0.0993053094421509,0.917776215930026,0.0822237840699738,0.211293059789232,0.274064626353294,0.222004216988929,0.0307985145571658,0.0972104862914849,0.0679711658958997,0.3169,0.331,2.7,6269.80929733524,96.3570058898881,93.0679234473168,97.868220981137,98.2398506232144,93.290518361591,97.3912358792794,95.242370457105,93.0679234473168,98.2979650839279,97.4579622855336,R6,
10.0837811777059,0.900830850811114,0.0991691491888863,0.917914958439904,0.0820850415600964,0.211132073599886,0.273977834625174,0.22162961221226,0.0306668780552506,0.0970722815483071,0.0679129666355614,0.3169,0.331,2.7,6269.80929733428,96.3533105849535,93.0629406626881,97.8670815800644,98.2362758041464,93.2950309628752,97.3765468630318,95.2342443450721,93.0629406626881,98.2933585075291,97.4610059542212,R6,
10.0976073286613,0.900966638189468,0.0990333618105325,0.918053321003359,0.0819466789966406,0.210971087410541,0.273891042897054,0.22125603329093,0.0305356020399512,0.0969344552788765,0.067854926753922,0.3169,0.331,2.7,6269.80929733312,96.3495792727686,93.0579704320856,97.8658697321276,98.2327101130212,93.2995277416409,97.3618966613433,95.2261291949593,93.0579704320856,98.2887195719545,97.4638107350163,R6,
10.1114334796167,0.901102054222493,0.0988979457775066,0.918191305178985,0.0818086948210153,0.210810101221195,0.273804251168934,0.220883476016741,0.0304046850325033,0.0967970059306431,0.0677970455971887,0.3169,0.331,2.7,6269.80929733906,96.3458122643274,93.0530127106787,97.8645861723386,98.2291535191674,93.30400877016,97.347285142909,95.2180250650201,93.0530127106787,98.2840489555469,97.4663777787985,R6,
10.1252596305721,0.901237100431419,0.0987628995685807,0.918328912516857,0.0816710874831425,0.210649115031849,0.273717459440814,0.220511936204485,0.0302741255622196,0.0966599319595373,0.0677393225151398,0.3169,0.331,2.7,6269.80929732343,96.3420098763928,93.0480674539688,97.8632316362576,98.2256059920565,93.308474120611,97.3327121761348,95.2099320120214,93.0480674539688,98.2793473274239,97.468708292668,R6,
10.1390857815275,0.901371778329176,0.0986282216708241,0.918466144558601,0.0815338554413994,0.210488128842504,0.273630667712694,0.220141409691778,0.0301439221664349,0.0965232318299113,0.0676817568611004,0.3169,0.331,2.7,6269.80929733312,96.3381724312599,93.0431346173496,97.8618068595236,98.2220675011039,93.312923864103,97.3181776299573,95.2018500912241,93.0431346173496,98.2746153478625,97.4708035389549,R6,
10.152911932483,0.901506089420452,0.0984939105795477,0.918603002837439,0.0813969971625605,0.210327142653158,0.273543875984574,0.219771892338913,0.0300140733904513,0.0963869040144825,0.0676243479919179,0.3169,0.331,2.7,6269.8092973197,96.3343002568478,93.0382141567796,97.8603125780636,98.2185380159697,93.3173580721717,97.3036813726482,95.1937793564949,93.0382141567796,98.2698536677941,97.472664834861,R6,
10.1667380834384,0.901640035201753,0.0983599647982474,0.918739488878259,0.0812605111217408,0.210166156463812,0.273457084256454,0.2194033800287,0.0298845777874841,0.0962509469942765,0.0675670952679386,0.3169,0.331,2.7,6269.80929733307,96.3303936863545,93.0333060280125,97.8587495274426,98.2150175062271,93.321776815094,97.2892232732189,95.1857198602223,93.0333060280125,98.2650629294719,97.4742935511464,R6,
10.1805642343938,0.901773617161451,0.0982263828385486,0.918875604197661,0.081124395802339,0.210005170274466,0.273370292528334,0.219035868666315,0.0297554339186081,0.09611535925857,0.0675099980529833,0.3169,0.331,2.7,6269.8092973435,96.3264530583314,93.0284101873144,97.8571184430832,98.2115059416555,93.3261801634331,97.2748032001836,95.1776716534529,93.0284101873144,98.2602437659305,97.4756911115983,R6,
10.1943903853492,0.901906836779849,0.0980931632201513,0.919011350304019,0.0809886496959812,0.209844184085121,0.273283500800214,0.218669354179149,0.0296266403527044,0.0959801393048359,0.0674530557143244,0.3169,0.331,2.7,6269.80929733195,96.3224787164418,93.0235265910814,97.8554200598671,98.2080032921116,93.3305681872737,97.2604210221978,95.1696347858376,93.0235265910814,98.2553968013402,97.4768589918246,R6,
10.2082165363046,0.902039695529225,0.097960304470775,0.919146728697534,0.0808532713024656,0.209683197895775,0.273196709072094,0.218303832516657,0.0294981956664072,0.0958452856386872,0.0673962676226619,0.3169,0.331,2.7,6269.80929733905,96.3184710092682,93.0186551956742,97.8536551118385,98.204509527422,93.3349409557731,97.2460766084613,95.1616093056648,93.0186551956742,98.2505226512135,97.4777987180981,R6,
10.22204268726,0.902172194873895,0.097827805126105,0.919281740870293,0.0807182591297068,0.209522211706429,0.273109917343974,0.217939299650208,0.0293700984440517,0.0957107967738217,0.0673396331521008,0.3169,0.331,2.7,6269.80929731855,96.3144302903153,93.0137959579708,97.8518243323552,98.2010246176434,93.339298538463,97.2317698276684,95.1535952599345,93.0137959579708,98.2456219219814,97.4785118665058,R6,
10.2358688382154,0.902304336270262,0.0976956637297381,0.919416388306319,0.0805836116936814,0.209361225517084,0.273023125615854,0.21757575157294,0.029242347277622,0.095576671231968,0.0672831516801276,0.3169,0.331,2.7,6269.80929732492,96.3103569176531,93.0089488346421,97.8499284534863,98.1975485327502,93.3436410035984,97.2175005493725,95.1455926942988,93.0089488346421,98.2406952116744,97.4790000614024,R6,
10.2496949891708,0.90243612116687,0.0975638788331296,0.919550672481627,0.0804493275183732,0.209200239327738,0.272936333887734,0.217213184299608,0.0291149407666993,0.095442907542831,0.0672268225875879,0.3169,0.331,2.7,6269.80929731855,96.3062512539538,93.0041137829082,97.8479682062678,98.1940812429596,93.3479684198813,97.2032686426055,95.1376016531664,93.0041137829082,98.2357431093355,97.4792649745064,R6,
10.2635211401263,0.90256755100446,0.0974324489955402,0.919684594864281,0.0803154051357194,0.209039253138392,0.272849542159614,0.216851593866442,0.028987877518411,0.0953095042440383,0.0671706452586634,0.3169,0.331,2.7,6269.80929731931,96.3021136661617,92.999290759945,97.845944320192,98.1906227184679,93.3522808550939,97.1890739770105,95.1296221796743,92.999290759945,98.2307661955915,97.4793083233183,R6,
10.2773472910817,0.902698627216017,0.0973013727839834,0.919818156914443,0.0801818430855573,0.208878266949047,0.272762750431494,0.216490976331005,0.02886115614738,0.0951764598810866,0.0671146190808498,0.3169,0.331,2.7,6269.80929733428,96.2979445253889,92.994479723152,97.8438575232018,98.1871729295829,93.3565783767619,97.1749164223154,95.1216543157159,92.994479723152,98.2257650424887,97.4791318698924,R6,
10.2911734420371,0.902829351226826,0.0971706487731738,0.919951360084429,0.0800486399155712,0.208717280759701,0.272675958703374,0.216131327772042,0.028734775275674,0.0950437730072894,0.0670587434449343,0.3169,0.331,2.7,6269.80929731929,96.2937442067661,92.9896806303188,97.841708541597,98.1837318467859,93.3608610524744,97.1607958480875,95.1136981019993,92.9896806303188,98.2207402134143,97.4787374194516,R6,
10.3049995929925,0.902959724454525,0.097040275545475,0.920084205818761,0.0799157941812393,0.208556294570355,0.272589166975254,0.215772644289346,0.0286087335327557,0.094911442183724,0.0670030177449736,0.3169,0.331,2.7,6269.80929732196,96.2895130891212,92.9848934390524,97.8394980995769,98.1802994404836,93.3651289486413,97.1467121247759,95.1057535780039,92.9848934390524,98.2156922636713,97.4781268187644,R6,
10.3188257439479,0.903089748309151,0.0969102516908486,0.920216695554218,0.0797833044457821,0.20839530838101,0.272502375247134,0.215414922003612,0.0284830295554336,0.0947794659791798,0.0669474413782722,0.3169,0.331,2.7,6269.80929734278,96.2852515549151,92.9801181073219,97.8372269193765,98.1768756812541,93.3693821317144,97.1326651227122,95.0978207820486,92.9801181073219,98.2106217400712,97.4773019548222,R6,
10.3326518949033,0.903219424193197,0.0967805758068032,0.92034883071989,0.0796511692801103,0.208234322191664,0.272415583519015,0.215058157056298,0.0283576619878123,0.0946478429701066,0.0668920137453601,0.3169,0.331,2.7,6269.80929733048,96.2809599900439,92.9753545934838,97.8348957211106,98.1734605398508,93.3736206682177,97.1186547121084,95.0898997513229,92.9753545934838,98.2055291809742,97.4762647532831,R6,
10.3464780458587,0.903348753501656,0.0966512464983443,0.920480612737226,0.0795193872627735,0.208073336002318,0.272328791790895,0.214702345609488,0.028232629481244,0.0945165717405636,0.0668367342499721,0.3169,0.331,2.7,6269.8092973222,96.2766387835192,92.9706028557204,97.8325052223484,98.1700539869649,93.3778446235447,97.1046807640596,95.0819905218479,92.9706028557204,98.2004151168859,97.4750171767821,R6,
10.3603041968141,0.903477737622076,0.0965222623779238,0.920612043020091,0.079387956979909,0.207912349812973,0.272242000062775,0.214347483845754,0.0281079306942804,0.0943856508821682,0.0667816022990255,0.3169,0.331,2.7,6269.80929732343,96.2722883273671,92.9658628525215,97.8300561382062,98.1666559934294,93.3820540629927,97.0907431497065,95.0740931285509,92.9658628525215,98.1952800700856,97.4735612234443,R6,
10.3741303477696,0.903606377934609,0.0963936220653908,0.920743122974809,0.0792568770251915,0.207751363623627,0.272155208334655,0.213993567968017,0.0279835642926241,0.0942550789940461,0.0667266173025996,0.3169,0.331,2.7,6269.80929733307,96.2679090163986,92.9611345425731,97.8275491811545,98.1632665301774,93.3862490515546,97.0768417404153,95.0662076052569,92.9611345425731,98.1901245548114,97.4718989252459,R6,
10.387956498725,0.903734675812058,0.0962653241879422,0.920873854000217,0.0791261459997829,0.207590377434281,0.272068416606535,0.213640594199414,0.0278595289490819,0.094124854682781,0.0666717786739141,0.3169,0.331,2.7,6269.80929733524,96.2635012480092,92.9564178848008,97.8249850608953,98.1598855682579,93.3904296539898,97.0629764077408,95.0583339847325,92.9564178848008,98.184949077301,97.4700323463552,R6,
10.4017826496804,0.903862632619926,0.0961373673800737,0.921004237487717,0.0789957625122826,0.207429391244936,0.271981624878415,0.213288558783163,0.0277358233435165,0.0939949765623655,0.0666170858293091,0.3169,0.331,2.7,6269.80929732934,96.2590654219413,92.9517128382418,97.8223644841712,98.1565130787847,93.394595934566,97.0491470236405,95.0504722986729,92.9517128382418,98.1797541359857,97.4679635814676,R6,
10.4156088006358,0.903990249716468,0.0960097502835319,0.921134274821322,0.0788657251786778,0.20726840505559,0.271894833150295,0.21293745798243,0.0276124461628007,0.0938654432541512,0.066562538188223,0.3169,0.331,2.7,6269.80929733428,96.2546019400724,92.9470193620344,97.8196881546252,98.1531490329236,93.3987479570217,97.035353460524,95.0426225777397,92.9470193620344,98.1745402215873,97.4656947541236,R6,
10.4294349515912,0.904117528452735,0.0958824715472655,0.921263967377705,0.0787360326222949,0.207107418866244,0.271808041422175,0.212587288080196,0.0274893961007702,0.0937362533868003,0.0665081351731735,0.3169,0.331,2.7,6269.80929734013,96.2501112062394,92.9423374156021,97.8169567727703,98.149793401988,93.402885784999,97.0215955909054,95.0347848515753,92.9423374156021,98.1693078170282,97.4632280150472,R6,
10.4432611025466,0.904244470172622,0.095755529827378,0.921393316526249,0.0786066834737507,0.206946432676898,0.271721249694055,0.212238045379127,0.0273666718581779,0.0936074055962377,0.066453876209736,0.3169,0.331,2.7,6269.80929732343,96.2455936260102,92.9376669585945,97.8141710358313,98.1464461573995,93.4070094818967,97.0078732875324,95.0269591488298,92.9376669585945,98.1640573975658,97.4605655404317,R6,
10.457087253502,0.904371076212919,0.0956289237870808,0.921522323629096,0.0784776763709044,0.206785446487553,0.271634457965935,0.211889726201442,0.027244272142648,0.0934788985256021,0.0663997607265241,0.3169,0.331,2.7,6269.8092973304,96.2410496064163,92.93300795056,97.8113316374831,98.1431072705533,93.4111191101663,96.9941864239823,95.0191454971449,92.93300795056,98.1587894311923,97.4577095302485,R6,
10.4709134044574,0.904497347903355,0.0955026520966454,0.92165099004119,0.0783490099588096,0.206624460298207,0.271547666237815,0.211542326888786,0.0271221956686308,0.0933507308251987,0.0663457881551693,0.3169,0.331,2.7,6269.80929732155,96.2364795558471,92.9283603515551,97.8084392680095,98.1397767130879,93.4152147326544,96.9805348735575,95.0113439232221,92.9283603515551,98.1535043781392,97.4546622065513,R6,
10.4847395554129,0.904623286566642,0.0953767134333575,0.921779317110333,0.078220682889667,0.206463474108861,0.271460874509695,0.211195843802101,0.0270004411573574,0.0932229011524524,0.0662919579303011,0.3169,0.331,2.7,6269.80929733428,96.2318838837288,92.9237241215071,97.805494613912,98.1364544565929,93.4192964111915,96.9669185104652,95.0035544527917,92.9237241215071,98.148202691574,97.4514258117961,R6,
10.4985657063683,0.904748893518529,0.0952511064814706,0.921907306177223,0.078092693822777,0.206302487919516,0.271374082781575,0.210850273321498,0.0268790073367954,0.0930954081718603,0.0662382694895271,0.3169,0.331,2.7,6269.80929733938,96.227263000407,92.9190992207718,97.8024983580476,98.1331404728747,93.4233642078493,96.9533372087816,94.995777110664,92.9190992207718,98.1428848171371,97.4480026071298,R6,
10.5123918573237,0.90487417006784,0.0951258299321604,0.922034958575506,0.0779650414244937,0.20614150173017,0.271287291053455,0.210505611846133,0.0267578929416043,0.0929682505549456,0.0661847222734139,0.3169,0.331,2.7,6269.80929732155,96.2226173168876,92.9144856098228,97.7994511793873,98.1298347338006,93.4274181842328,96.9397908430508,94.9880119207346,92.9144856098228,98.137551193342,97.4443948707298,R6,
10.5262180082791,0.904999117516521,0.0950008824834788,0.922162275631822,0.0778377243681779,0.205980515540824,0.271200499325335,0.21016185579408,0.0266370967130918,0.0928414269802112,0.0661313157254671,0.3169,0.331,2.7,6269.80929732343,96.2179472446077,92.9098832490731,97.7963537528513,98.1265372112347,93.4314584011105,96.9262792885981,94.9802589059788,92.9098832490731,98.13220225184,97.4406048961752,R6,
10.5400441592345,0.905123737159691,0.0948762628403093,0.922289258665849,0.0777107413341514,0.205819529351479,0.271113707597215,0.209819001602209,0.02651661739917,0.0927149361330938,0.0660780492921123,0.3169,0.331,2.7,6269.80929731929,96.2132531953034,92.9052920993722,97.7932067494213,98.1232478772513,93.4354849195085,96.9128024206285,94.972518088502,92.9052920993722,98.1268384170023,97.4366349907407,R6,
10.5538703101899,0.905248030285678,0.0947519697143222,0.922415908990349,0.0775840910096515,0.205658543162133,0.271026915869095,0.209477045726059,0.0263964537543122,0.0925887767059192,0.0660249224226761,0.3169,0.331,2.7,6269.80929733307,96.2085355807433,92.9007121215418,97.7900108358553,98.119966703932,93.4394977996844,96.8993601150867,94.9647894895317,92.9007121215418,98.1214601064797,97.4324874738352,R6,
10.5676964611453,0.90537199817607,0.0946280018239301,0.922542227911214,0.0774577720887856,0.205497556972787,0.270940124140975,0.209135984639721,0.02627660453951,0.0924629473978564,0.065971934569367,0.3169,0.331,2.7,6269.80929734087,96.2037948125843,92.8961432767593,97.7867666747605,98.1166936635358,93.4434971019824,96.8859522479541,94.9570731294503,92.8961432767593,98.116067730902,97.4281646753304,R6,
10.5815226121007,0.905495642105756,0.0945043578942436,0.922668216727514,0.0773317832724863,0.205336570783442,0.270853332412855,0.208795814835713,0.0261570685222309,0.0923374469148731,0.0659190851872562,0.3169,0.331,2.7,6269.8092973256,96.1990313021448,92.8915855263421,97.783474924417,98.1134287283997,93.4474828863558,96.8725786956538,94.9493690278005,92.8915855263421,98.1106616941758,97.4236689340133,R6,
10.5953487630562,0.905618963342972,0.0943810366570281,0.922793876731533,0.0772061232684672,0.205175584594096,0.270766540684735,0.208456532824861,0.0260378444763755,0.0922122739696919,0.0658663737342597,0.3169,0.331,2.7,6269.80929733048,96.1942454601942,92.8870388315265,97.7801362386301,98.1101718708581,93.4514552119169,96.8592393354241,94.9416772032759,92.8870388315265,98.1052423938094,97.4190025961125,R6,
10.6091749140116,0.90574196314934,0.09425803685066,0.922919209208822,0.0770807907911783,0.20501459840475,0.270679748956615,0.208118135136181,0.0259189311822362,0.0920874272817456,0.0658137996711191,0.3169,0.331,2.7,6269.80929731855,96.1894376968305,92.8825031540422,97.7767512668545,98.1069230634698,93.4554141381358,96.8459340443414,94.9339976737935,92.8825031540422,98.0998102204024,97.4141680136043,R6,
10.623001064967,0.905864642779916,0.0941353572200841,0.923044215438238,0.0769557845617622,0.204853612215405,0.270592957228495,0.207780618316758,0.0258003274264552,0.0919629055771336,0.0657613624613834,0.3169,0.331,2.7,6269.80929733307,96.1846084212248,92.8779784554572,97.7733206538946,98.1036822787535,93.4593597234725,96.8326627004476,94.9263304564443,92.8779784554572,98.0943655584089,97.4091675429196,R6,
10.6368272159224,0.90598700348323,0.0940129965167704,0.923168896691989,0.0768311033080111,0.204692626026059,0.270506165500375,0.20744397893163,0.0256820320019836,0.0918387075885792,0.065709061571391,0.3169,0.331,2.7,6269.80929733307,96.1797580415157,92.8734646978374,97.7698450400705,98.1004494894648,93.4632920267922,96.8194251815898,94.918675567561,92.8734646978374,98.0889087855398,97.4040035432702,R6,
10.6506533668778,0.906109046501328,0.0938909534986722,0.923293254235677,0.0767067457643228,0.204531639836713,0.270419373772255,0.207108213563672,0.0255640437080401,0.0917148320553857,0.0656568964702511,0.3169,0.331,2.7,6269.80929733903,96.1748869645755,92.8689618431693,97.7663250609459,98.0972246683496,93.4672111061136,96.8062213664653,94.9110330226944,92.8689618431693,98.0834402734515,97.3986783754142,R6,
10.6644795178332,0.906230773069816,0.0937692269301838,0.923417289328341,0.0765827106716587,0.204370653647368,0.270332582044135,0.206773318813478,0.0254463613500702,0.0915912777233945,0.0656048666298264,0.3169,0.331,2.7,6269.80929732343,96.1699955958835,92.8644698537878,97.7627613474223,98.094007788332,93.4711170195499,96.7930511338364,94.9034028366463,92.8644698537878,98.0779603873806,97.3931944001126,R6,
10.6783056687886,0.906352184417901,0.093647815582099,0.923541003222499,0.0764589967775008,0.204209667458022,0.270245790316015,0.206439291299252,0.0253289837397067,0.0914680433449425,0.0655529715247146,0.3169,0.331,2.7,6269.80929733683,96.1650843393185,92.859988691882,97.7591545255091,98.0907988222929,93.4750098242281,96.779914363445,94.8957850234644,92.859988691882,98.0724694867545,97.3875539769723,R6,
10.692131819744,0.90647328176843,0.0935267182315695,0.92366439716419,0.0763356028358098,0.204048681268676,0.270158998587895,0.206106127656687,0.0252119096947289,0.0913451276788199,0.0655012106322312,0.3169,0.331,2.7,6269.80929732343,96.1601535970651,92.85551832022,97.7555052165171,98.0875977433942,93.4788895778823,96.7668109346822,94.8881795964878,92.85551832022,98.0669679245041,97.3817594628334,R6,
10.7059579706995,0.906594066337936,0.0934059336620641,0.923787472393017,0.0762125276069831,0.203887695079331,0.270072206859775,0.205773824538854,0.0250951380390232,0.0912225294902288,0.0654495834323917,0.3169,0.331,2.7,6269.80929732155,96.15520376939,92.8510587013584,97.7518140367411,98.0844045247264,93.4827563371207,96.7537407280417,94.8805865683227,92.8510587013584,98.0614560479885,97.3758132108203,R6,
10.7197841216549,0.906714539336672,0.0932854606633277,0.923910230142187,0.0760897698578133,0.203726708889985,0.269985415131655,0.205442378616096,0.0249786676025436,0.0911002475507418,0.0653980894078941,0.3169,0.331,2.7,6269.80929733048,96.1502352545438,92.8466097981665,97.7480815975922,98.0812191395468,93.4866101585832,96.7407036241613,94.8730059508788,92.8466097981665,98.0559341985281,97.3697175688935,R6,
10.7336102726103,0.906834701968659,0.093165298031341,0.924032671638553,0.0759673283614472,0.203565722700639,0.269898623403535,0.205111786575907,0.024862497221273,0.0909782806382609,0.0653467280441022,0.3169,0.331,2.7,6269.80929734278,96.1452484486014,92.842171573696,97.7443085055057,98.0780415612152,93.4904510986605,96.7276995040459,94.865437755377,92.842171573696,98.0504027116153,97.3634748786954,R6,
10.7474364235657,0.90695455543172,0.0930454445682805,0.924154798102655,0.0758452018973446,0.203404736511293,0.269811831675415,0.20478204512283,0.024746625737184,0.0908566275369769,0.0652954988290275,0.3169,0.331,2.7,6269.80929734087,96.1402437453297,92.8377439912007,97.7404953619055,98.0748717632041,93.4942792135231,96.7147282490693,94.8578819923636,92.8377439912007,98.0448619169781,97.3570874743929,R6,
10.7612625745211,0.907074100917522,0.0929258990824784,0.924276610748762,0.0757233892512381,0.203243750321948,0.269725039947295,0.204453150978343,0.0246310519982005,0.0907352870373288,0.0652444012533132,0.3169,0.331,2.7,6269.80929733233,96.1352215360454,92.8333270139878,97.7366427631246,98.071709719037,93.4980945588262,96.7017897412072,94.8503386717118,92.8333270139878,98.0393121388314,97.3505576816376,R6,
10.7750887254765,0.907193339611616,0.0928066603883836,0.924398110784907,0.0756018892150927,0.203082764132602,0.269638248219175,0.20412510088075,0.0245157748581597,0.0906142579359639,0.0651934348102167,0.3169,0.331,2.7,6269.80929733307,96.1301822094971,92.8289206054849,97.7327513003942,98.0685554023226,93.501897189856,96.6888838629279,94.8428078026361,92.8289206054849,98.0337536958763,97.3438878164789,R6,
10.7889148764319,0.907312272693478,0.0926877273065219,0.924519299412934,0.0754807005870656,0.202921777943256,0.269551456491055,0.203797891585077,0.024400793176774,0.0904935390356978,0.0651425989955927,0.3169,0.331,2.7,6269.80929734161,96.1251261517474,92.8245247293483,97.7288215598355,98.0654087867857,93.5056871617462,96.6760104970109,94.835289393718,92.8245247293483,98.0281869012713,97.3370801842628,R6,
10.8027410273873,0.907430901336542,0.0925690986634576,0.924640177828533,0.0753598221714673,0.202760791753911,0.269464664762935,0.203471519862962,0.0242861058195937,0.0903731291454754,0.0650918933078773,0.3169,0.331,2.7,6269.80929732562,96.1200537460617,92.8201393495109,97.7248541224499,98.0622698463064,93.5094645295945,96.6631695264502,94.827783452913,92.8201393495109,98.0226120626492,97.3301370786194,R6,
10.8165671783428,0.907549226708245,0.0924507732917546,0.924760747221279,0.0752392527787214,0.202599805564565,0.269377873034815,0.203145982502548,0.0241717116579691,0.0902530270803313,0.0650413172480709,0.3169,0.331,2.7,6269.80929732677,96.1149653727787,92.81576442976,97.7208495639741,98.0591385547272,93.513229347579,96.6503608352018,94.8202899875354,92.81576442976,98.0170294826677,97.3230607807847,R6,
10.8303933292982,0.907667249970062,0.0923327500299384,0.924881008774674,0.075118991225326,0.202438819375219,0.269291081306695,0.20282127630838,0.0240576095690143,0.0901332316613508,0.0649908703197219,0.3169,0.331,2.7,6269.8092973197,96.1098614092354,92.8113999343109,97.7168084550163,98.056014886103,93.5169816701533,96.6375843071831,94.8128090043111,92.8113999343109,98.0114394584612,97.315853558344,R6,
10.8442194802536,0.907784972277542,0.0922150277224577,0.925000963666185,0.0749990363338153,0.202277833185874,0.269204289578575,0.202497398101301,0.0239437984355698,0.0900137417156318,0.0649405520289107,0.3169,0.331,2.7,6269.80929733312,96.1047422296455,92.8070458273048,97.7127313609001,98.0528988144914,93.5207215510225,96.6248398271356,94.805340509352,92.8070458273048,98.005842282259,97.3085176646984,R6,
10.858045631209,0.907902394780353,0.0920976052196471,0.92512061306728,0.0748793869327205,0.202116846996528,0.269117497850455,0.202174344718345,0.0238302771461663,0.0898945560762463,0.0648903618842334,0.3169,0.331,2.7,6269.80929732934,96.0996082050258,92.8027020733103,97.708618841774,98.0497903141555,93.5244490441661,96.612127279768,94.7978845082014,92.8027020733103,98.000238240917,97.3010553379142,R6,
10.8718717821644,0.908019518622311,0.0919804813776894,0.925239958143468,0.074760041856532,0.201955860807182,0.269030706122335,0.201852113012637,0.0237170445949884,0.0897756735822022,0.0648402993967858,0.3169,0.331,2.7,6269.80929732343,96.0944597030922,92.7983686368306,97.7044714524727,98.0466893593635,93.5281642028227,96.5994465506057,94.7904410058146,92.7983686368306,97.9946276165393,97.2934688002885,R6,
10.8856979331198,0.908136344941421,0.0918636550585785,0.925359000054338,0.0746409999456619,0.201794874617837,0.268943914394215,0.201530699853287,0.0236040996818389,0.089657093078406,0.0647903640801476,0.3169,0.331,2.7,6269.80929733428,96.0892970881867,92.7940454825048,97.7002897425598,98.0435959244684,93.5318670799222,96.5867975256427,94.7830100065757,92.7940454825048,97.9890106863303,97.2857602574896,R6,
10.8995240840752,0.908252874869917,0.0917471251300827,0.925477739953595,0.0745222600464056,0.201633888428491,0.268857122666095,0.201210102125295,0.023491441312103,0.0895388134156251,0.0647405554503667,0.3169,0.331,2.7,6269.80929733938,96.0841207212042,92.7897325752856,97.6960742563569,98.0405099839969,93.535557728462,96.574180091015,94.7755915143215,92.7897325752856,97.98338772247,97.2779318977259,R6,
10.9133502350306,0.908369109534292,0.0916308904657079,0.925596178989095,0.0744038210109054,0.201472902239145,0.268770330937975,0.200890316729444,0.023379068396713,0.0894208334504508,0.0646908730259433,0.3169,0.331,2.7,6269.80929732155,96.078930959513,92.7854298802568,97.6918255328854,98.0374315125501,93.5392362011062,96.5615941333462,94.7681855323457,92.7854298802568,97.9777589923836,97.2699858912297,R6,
10.9271763859861,0.908485050055339,0.0915149499446614,0.925714318302887,0.074285681697113,0.2013119160498,0.268683539209855,0.200571340582205,0.0232669798521131,0.0893031520452613,0.0646413163278148,0.3169,0.331,2.7,6269.80929732343,96.0737281568932,92.7811373624093,97.6875441058208,98.0343604847285,93.5429025497373,96.5490395401285,94.7607920633933,92.7811373624093,97.9721247590943,97.2619243898331,R6,
10.9410025369415,0.908600697548184,0.0913993024518161,0.925832159031247,0.0741678409687529,0.201150929860454,0.268596747481735,0.200253170615633,0.0231551746002248,0.0891857680681855,0.0645918848793399,0.3169,0.331,2.7,6269.80929732343,96.0685126634747,92.7768549871358,97.6832305035964,98.0312968753322,93.5465568265029,96.5365161988352,94.7534111096928,92.7768549871358,97.9664852807015,97.2537495260009,R6,
10.9548286878969,0.908716053122326,0.0912839468776742,0.925949702304714,0.0740502976952861,0.200989943671108,0.268509955753615,0.199935803777272,0.0230436515684121,0.0890686803930661,0.0645425782062837,0.3169,0.331,2.7,6269.80929732677,96.0632848256814,92.7725827198736,97.6788852493203,98.0282406592106,93.550199083048,96.5240239975803,94.7460426729517,92.7725827198736,97.9608408108802,97.245463412586,R6,
10.9686548388523,0.908831117881668,0.0911688821183323,0.926066949248126,0.0739330507518737,0.200828957481763,0.268423164025495,0.199619237030059,0.0229324096894474,0.0889518878994244,0.0644933958368026,0.3169,0.331,2.7,6269.80929732223,96.0580449861783,92.7683205262685,97.6745088608159,98.0251918113364,93.5538293708845,96.5115628247959,94.7386867543718,92.7683205262685,97.9551915987598,97.2370681421932,R6,
10.9824809898077,0.908945892924554,0.091054107075446,0.926183900980659,0.0738160990193413,0.200667971292417,0.268336372297376,0.199303467352221,0.0228214479014771,0.0888353894724237,0.0644443373014288,0.3169,0.331,2.7,6269.80929733906,96.0527934838262,92.7640683719507,97.6701018505744,98.0221503067037,93.557447740903,96.4991325696575,94.7313433546551,92.7640683719507,97.9495378892481,97.2285657869168,R6,
10.9963071407631,0.909060379343806,0.0909396206561945,0.926300558615857,0.0736994413841431,0.200506985103071,0.268249580569256,0.198988491737186,0.0227107651479883,0.0887191840028345,0.0643954021330557,0.3169,0.331,2.7,6269.80929733048,96.0475306536353,92.7598262229996,97.6656647258558,98.0191161205341,93.5610542443734,96.4867331212315,94.7240124740183,92.7598262229996,97.9438799225644,97.2199583975052,R6,
11.0101332917185,0.909174578226753,0.0908254217732467,0.926416923261673,0.073583076738327,0.200345998913726,0.268162788841136,0.198674307193483,0.022600360377775,0.0886032703869988,0.0643465898669232,0.3169,0.331,2.7,6269.80929732343,96.042256826733,92.7555940453441,97.6611979885761,98.0160892280093,93.5646489316709,96.47436436956,94.7166941121937,92.7555940453441,97.9382179350061,97.211248003504,R6,
11.0239594426739,0.909288490655274,0.0907115093447262,0.926532996020501,0.0734670039794988,0.20018501272438,0.268075997113016,0.198360910744647,0.0224902325449047,0.0884876475267957,0.0642979000406026,0.3169,0.331,2.7,6269.80929733428,96.0369723303276,92.7513718050988,97.6567021353812,98.0130696044289,93.5682318529886,96.4620262050556,94.7093882684388,92.7513718050988,97.9325521586207,97.2024366126077,R6,
11.0377855936294,0.909402117705822,0.0905978822941775,0.926648777989212,0.0733512220107883,0.200024026535034,0.267989205384896,0.198048299429128,0.0223803806086858,0.0883723143296062,0.0642493321939821,0.3169,0.331,2.7,6269.80929734011,96.0316774876763,92.7471594686767,97.6521776576822,98.010057225252,93.5718030585945,96.4497185182861,94.7020949415566,92.7471594686767,97.9268828211445,97.193526210218,R6,
11.0516117445848,0.909515460449468,0.0904845395505316,0.926764270259186,0.0732357297408139,0.199863040345688,0.267902413656776,0.197736470300198,0.0222708035336343,0.0882572697082789,0.0642008858692526,0.3169,0.331,2.7,6269.80929733428,96.0263726180597,92.742957002572,97.647625041613,98.0070520659982,93.5753625983472,96.4374412003854,94.6948141298933,92.742957002572,97.9212101463162,97.1845187593522,R6,
11.0654378955402,0.909628519951927,0.090371480048073,0.926879473916351,0.0731205260836489,0.199702054156343,0.267815621928656,0.197425420425852,0.0221615002894416,0.0881425125810963,0.0641525606108931,0.3169,0.331,2.7,6269.80929734087,96.0210580367683,92.7387643732924,97.6430447680537,98.0040541022332,93.5789105215884,96.4251941431455,94.6875458313424,92.7387643732924,97.9155343540303,97.1754162004606,R6,
11.0792640464956,0.909741297273594,0.0902587027264057,0.926994390041213,0.073005609958787,0.199541067966997,0.267728830200536,0.197115146888725,0.022052469850942,0.0880280418717401,0.0641043559656563,0.3169,0.331,2.7,6269.80929731855,96.015734055067,92.7345815477524,97.6384373126934,98.0010633097192,93.5824468779477,96.4129772383353,94.6802900433707,92.7345815477524,97.9098556599247,97.1662204507921,R6,
11.093090197451,0.90985379346958,0.0901462065304204,0.927109019708891,0.0728909802911091,0.199380081777651,0.267642038472416,0.196805646785995,0.0219437111980811,0.0879138565092583,0.0640562714825546,0.3169,0.331,2.7,6269.80929732114,96.0104009802079,92.7304084926243,97.6338031459517,97.9980796641574,93.5859717159949,96.4007903788465,94.6730467630043,92.7304084926243,97.9041742762281,97.1569334048558,R6,
11.1069163484064,0.909966009589739,0.0900339904102615,0.927223363989151,0.0727766360108492,0.199219095588306,0.267555246744296,0.196496917229293,0.0218352233158832,0.0877999554280313,0.0640083067128462,0.3169,0.331,2.7,6269.80929732677,96.0050591153903,92.7262451750223,97.6291427331011,97.9951031414628,93.5894850846815,96.3886334574687,94.6658159868539,92.7262451750223,97.8984904109931,97.1475569335392,R6,
11.1207424993618,0.910077946678705,0.0899220533212945,0.927337423946439,0.0726625760535614,0.19905810939896,0.267468455016176,0.196188955344616,0.0217270051944205,0.0876863375677392,0.0639604612100206,0.3169,0.331,2.7,6269.80929734278,95.9997087597728,92.7220915620833,97.6244565342268,97.9921337175965,93.592987032459,96.3765063676399,94.6585977111133,92.7220915620833,97.8928042686704,97.1380928843935,R6,
11.1345686503172,0.910189605775927,0.0898103942240734,0.927451200639913,0.0725487993600868,0.198897123209614,0.267381663288056,0.195881758272234,0.0216190558287812,0.0875730018733282,0.0639127345297853,0.3169,0.331,2.7,6269.80929732223,95.9943502084481,92.7179476213005,97.6197450042837,97.9891713687008,93.5964776079765,96.3644090028528,94.6513919315769,92.7179476213005,97.8871160497525,97.128543081141,R6,
11.1483948012726,0.910300987915691,0.0896990120843087,0.927564695123479,0.0724353048765209,0.198736137020269,0.267294871559936,0.195575323166607,0.0215113742190389,0.0874599472949788,0.0638651262300518,0.3169,0.331,2.7,6269.80929732343,95.9889837524802,92.7138133198828,97.6150085930411,97.986216070835,93.5999568587485,96.3523412577928,94.6441986436299,92.7138133198828,97.881425951627,97.1189093242845,R6,
11.1622209522281,0.910412094127165,0.0895879058728355,0.927677908445819,0.0723220915541808,0.198575150830923,0.267208079831816,0.195269647196288,0.0214039593702214,0.0873471727880728,0.0638176358709221,0.3169,0.331,2.7,6269.80929734087,95.9836096788668,92.7096886254302,97.6102477451966,97.9832678002515,93.6034248325746,96.3403030271238,94.6370178422715,92.7096886254302,97.8757341677973,97.1091933902887,R6,
11.1760471031835,0.910522925434418,0.0894770745655816,0.927790841650427,0.0722091583495728,0.198414164641577,0.267121288103696,0.194964727543847,0.0212968102922798,0.0872346773131611,0.0637702630146747,0.3169,0.331,2.7,6269.80929733428,95.9782282705505,92.7055735058215,97.6054629003773,97.9803265333594,93.6068815772957,96.3282942056998,94.6298495221213,92.7055735058215,97.8700408880923,97.0993970316371,R6,
11.1898732541389,0.910633482856464,0.0893665171435362,0.927903495775639,0.0720965042243609,0.198253178452232,0.267034496375576,0.194660561405774,0.0211899260000589,0.0871224598359323,0.0637230072257519,0.3169,0.331,2.7,6269.80929732155,95.9728398064479,92.7014679288359,97.6006544931265,97.9773922465587,93.6103271400209,96.3163146892264,94.6226936774132,92.7014679288359,97.8643462991744,97.0895219772266,R6,
11.2036994050943,0.910743767407281,0.0892562325927186,0.928015871854666,0.0719841281453344,0.198092192262886,0.266947704647456,0.194357145992403,0.021083305513266,0.0870105193271804,0.0636758680707457,0.3169,0.331,2.7,6269.80929733048,95.9674445614482,92.6973718623491,97.5958229529475,97.9744649163176,93.6137615675244,96.3043643739246,94.6155503020181,92.6973718623491,97.8586505843602,97.0795699321439,R6,
11.2175255560497,0.910853780095853,0.0891462199041473,0.928127970915624,0.0718720290843765,0.19793120607354,0.266860912919336,0.194054478527817,0.0209769478564418,0.0868988547627737,0.063628845118385,0.3169,0.331,2.7,6269.80929733903,95.9620428064093,92.6932852745698,97.5909687043662,97.9715445192865,93.6171849067592,96.29244315608,94.608419389439,92.6932852745698,97.8529539233891,97.0695425773842,R6,
11.2313517070051,0.910963521926191,0.0890364780738091,0.928239793981567,0.0717602060184332,0.197770219884195,0.266774121191216,0.19375255624977,0.0208708520589302,0.0867874651236233,0.0635819379395224,0.3169,0.331,2.7,6269.80929732343,95.9566348081832,92.6892081338502,97.586092166927,97.9686310322056,93.6205972044454,96.2805509324088,94.6013009328322,92.6892081338502,97.8472564926991,97.0594415700969,R6,
11.2451778579605,0.911072993897371,0.0889270061026285,0.928351342070518,0.0716486579294817,0.197609233694849,0.266687329463096,0.193451376409601,0.0207650171548487,0.0866763493956526,0.063535146107121,0.3169,0.331,2.7,6269.80929733524,95.951220829658,92.6851404083707,97.5811937552015,97.9657244317751,93.6239985064308,96.2686876005998,94.5941949249929,92.6851404083707,97.841558465882,97.0492685440109,R6,
11.2590040089159,0.911182197003562,0.0888178029964378,0.9284626161955,0.0715373838044999,0.197448247505503,0.266600537734976,0.19315093627215,0.0206594421830596,0.0865655065697657,0.0634884691962416,0.3169,0.331,2.7,6269.80929733428,95.9458011297254,92.6810820668132,97.5762738788821,97.9628246949466,93.6273888590945,96.256853058111,94.5871013583817,92.6810820668132,97.8358600128968,97.0390251086772,R6,
11.2728301598714,0.911291132234054,0.0887088677659463,0.928573617364564,0.0714263826354356,0.197287261316158,0.266513746006856,0.192851233115676,0.02055412618714,0.0864549356418178,0.0634419067840297,0.3169,0.331,2.7,6269.80929733195,95.9403759633443,92.6770330777857,97.571332942752,97.95993179867,93.6307683081437,96.2450472032034,94.580020225121,92.6770330777857,97.8301613008365,97.0287128502422,R6,
11.2866563108268,0.911399800573289,0.0886001994267111,0.928684346580824,0.071315653419176,0.197126275126812,0.266426954278736,0.192552264231775,0.020449068215354,0.086344635612584,0.0633954584497027,0.3169,0.331,2.7,6269.80929731625,95.9349455815403,92.6729934101211,97.5663713467528,97.9570457200232,93.6341368992425,96.233269934402,94.5729515170033,92.6729934101211,97.824462493609,97.0183333311684,R6,
11.3004824617822,0.911508203000893,0.0884917969991072,0.928794804842483,0.0712051951575176,0.196965288937466,0.266340162550616,0.192254026925297,0.0203442673206232,0.0862346054877299,0.0633491237745375,0.3169,0.331,2.7,6269.80929733428,95.9295102314598,92.6689630325478,97.561389485983,97.9541664360734,93.6374946773246,96.2215211510877,94.565895225501,92.6689630325478,97.8187637523991,97.0078880907616,R6,
11.3143086127376,0.911616340491702,0.0883836595082977,0.928904993142864,0.071095006857136,0.19680430274812,0.266253370822496,0.191956518514267,0.0202397225604987,0.0861248442777815,0.0633029023418576,0.3169,0.331,2.7,6269.80929732269,95.9240701563316,92.6649419143621,97.5563877507933,97.9512939241674,93.6408416880191,96.2098007522628,94.5588513417625,92.6649419143621,97.8130652348692,96.9973786444164,R6,
11.328134763693,0.911724214015795,0.0882757859842053,0.929014912470444,0.0709850875295564,0.196643316558775,0.266166579094376,0.191659736329802,0.0201354329971326,0.086015350998095,0.0632567937370207,0.3169,0.331,2.7,6269.80929732343,95.9186255955771,92.6609300245718,97.5513665267463,97.9484281615599,93.6441779758356,96.1981086381254,94.5518198566314,92.6609300245718,97.807367096294,96.9868064848527,R6,
11.3419609146484,0.911831824538517,0.0881681754614826,0.929124563808876,0.070875436191124,0.196482330369429,0.266079787366256,0.191363677716035,0.02003139769725,0.0859061246688283,0.0632107975474065,0.3169,0.331,2.7,6269.80929732934,95.913176784778,92.6569273325107,97.5463261946999,97.9455691256734,93.6475035854652,96.1864447089381,94.5448007606437,92.6569273325107,97.8016694888287,96.9761730814643,R6,
11.3557870656038,0.911939173020516,0.0880608269794839,0.929233948137026,0.0707660518629744,0.196321344180083,0.265992995638136,0.191068340030031,0.0199276157321212,0.0857971643149111,0.0631649133624041,0.3169,0.331,2.7,6269.80929733524,95.9077239557284,92.6529338076337,97.5412671308288,97.9427167940183,93.6508185613518,96.1748088654095,94.5377940440396,92.6529338076337,97.7959725618172,96.9654798807281,R6,
11.3696132165592,0.912046260417764,0.087953739582236,0.929343066428995,0.0706569335710045,0.196160357990738,0.265906203910016,0.190773720641712,0.0198240861775344,0.085688468966016,0.0631191407733999,0.3169,0.331,2.7,6269.80929733307,95.9022673364622,92.6489494195299,97.5361897066614,97.9398711442027,93.6541229477373,96.163201008637,94.5307996967603,92.6489494195299,97.7902764618163,96.9547283063529,R6,
11.3834393675147,0.91215308768159,0.0878469123184103,0.929451919654156,0.0705480803458441,0.195999371801392,0.265819412181896,0.190479816933779,0.0197208081137675,0.08558003765653,0.0630734793737656,0.3169,0.331,2.7,6269.80929731855,95.8968071512897,92.644974137907,97.5310942891109,97.9370321539076,93.6574167886052,96.1516210401774,94.5238177084623,92.644974137907,97.7845813326736,96.9439197594738,R6,
11.3972655184701,0.912259655758705,0.0877403442412945,0.929560508777173,0.0704394912228265,0.195838385612046,0.265732620453776,0.190186626301632,0.0196177806255615,0.0854718694255257,0.063027928758846,0.3169,0.331,2.7,6269.80929732677,95.8913436208455,92.6410079324381,97.5259812405095,97.9341998008378,93.6607001273776,96.1400688622881,94.5168480685248,92.6410079324381,97.7788873157518,96.9330556190358,R6,
11.4110916694255,0.912365965591235,0.0876340344087646,0.92966883475804,0.0703311652419605,0.195677399422701,0.265645828725656,0.189894146153294,0.0195150028020932,0.0853639633167325,0.062982488525947,0.3169,0.331,2.7,6269.80929733524,95.8858769620824,92.6370507731522,97.5208509186646,97.9313740628836,93.6639730077431,96.1285443772267,94.5098907660419,92.6370507731522,97.7731945494905,96.9221372414567,R6,
11.4249178203809,0.912472018116743,0.0875279818832571,0.929776898552098,0.070223101447902,0.195516413233355,0.265559036997536,0.189602373909335,0.0194124737369486,0.0852563183785093,0.0629371582743239,0.3169,0.331,2.7,6269.80929731929,95.8804073883287,92.633102630214,97.5157036768804,97.9285549180281,93.667235473181,96.1170474876521,94.5029457898403,92.633102630214,97.7675031697197,96.9111659611142,R6,
11.4387439713363,0.912577814268259,0.0874221857317414,0.929884701110075,0.0701152988899254,0.195355427044009,0.265472245269416,0.189311307002799,0.0193101925280957,0.0851489336638156,0.0628919376051695,0.3169,0.331,2.7,6269.80929733307,95.8749351093646,92.6291634736001,97.5105398639875,97.9257423441994,93.6704875662874,96.1055780972178,94.4960131284859,92.6291634736001,97.761813310126,96.9001430910125,R6,
11.4525701222917,0.912683354974307,0.0873166450256927,0.929992243378103,0.0700077566218967,0.195194440854664,0.265385453541296,0.189020942879121,0.0192081582778589,0.0850418082301847,0.0628468261216026,0.3169,0.331,2.7,6269.80929733428,95.8694603313744,92.6252332737906,97.5053598244072,97.9229363195831,93.6737293302522,96.0941361092805,94.4890927702773,92.6252332737906,97.7561251013976,96.8890699220061,R6,
11.4663962732471,0.912788641158936,0.0872113588410645,0.930099526297755,0.0699004737022451,0.195033454665318,0.265298661813176,0.188731278996062,0.0191063700928919,0.0849349411396951,0.0628018234286559,0.3169,0.331,2.7,6269.80929732934,95.8639832570556,92.6213120012012,97.5001638981689,97.9201368223676,93.676960807634,96.0827214279681,94.4821847032593,92.6213120012012,97.7504386720071,96.8779477238387,R6,
11.4802224242025,0.912893673741738,0.0871063262582618,0.930206550806065,0.0697934491939355,0.194872468475972,0.265211870085056,0.188442312823626,0.0190048270841521,0.0848283314589438,0.0627569291332652,0.3169,0.331,2.7,6269.80929733312,95.8585040856357,92.6173996263327,97.494952420952,97.9173438308059,93.6801820406996,96.0713339578862,94.4752889152314,92.6173996263327,97.7447541480492,96.8667777451289,R6,
11.494048575158,0.912998453637886,0.0870015463621144,0.930313317835558,0.0696866821644417,0.194711482286627,0.265125078356936,0.188154041843993,0.0189035283668747,0.084721978259019,0.0627121428442572,0.3169,0.331,2.7,6269.80929732562,95.8530230128921,92.6134961199488,97.4897257241353,97.9145573233037,93.6833930718002,96.0599736037895,94.4684053937426,92.6134961199488,97.7390716530603,96.8555612133563,R6,
11.5078747261134,0.91310298175815,0.0868970182418502,0.930419828314281,0.0695801716857189,0.194550496097281,0.265038286628816,0.187866463551441,0.0188024730605467,0.0846158806154732,0.0626674641723389,0.3169,0.331,2.7,6269.80929732155,95.847540231224,92.6096014527977,97.4844841348232,97.9117772782897,93.6865939427778,96.0486402710951,94.4615341261024,92.6096014527977,97.7333913084145,96.8442993354917,R6,
11.5217008770688,0.913207259008931,0.0867927409910687,0.930526083165823,0.069473916834177,0.194389509907935,0.264951494900696,0.187579575452278,0.0187016602888818,0.0845100376082959,0.0626228927300854,0.3169,0.331,2.7,6269.80929733195,95.8420559296744,92.6057155957626,97.479227975893,97.9090036742799,93.6897846952884,96.0373338656072,94.4546750993916,92.6057155957626,97.7277132331653,96.8329932980071,R6,
11.5355270280242,0.913311286292285,0.0866887137077152,0.930632083309346,0.0693679166906539,0.19422852371859,0.264864703172576,0.187293375064765,0.0186010891797947,0.0844044483218878,0.0625784281319298,0.3169,0.331,2.7,6269.80929733233,95.8365702939523,92.6018385199877,97.4739575660364,97.9062364899448,93.6929653710823,96.0260542932648,94.4478283004461,92.6018385199877,97.722037543924,96.8216442669323,R6,
11.5493531789796,0.913415064505946,0.0865849354940543,0.930737829659611,0.0692621703403887,0.194067537529244,0.264777911444456,0.18700785991905,0.0185007588653763,0.0842991118450336,0.0625340699941511,0.3169,0.331,2.7,6269.80929733906,95.831083506514,92.5979701965779,97.4686732197919,97.9034757039605,93.6961360113451,96.0148014607198,94.4409937158913,92.5979701965779,97.7163643552857,96.8102533885397,R6,
11.563179329935,0.913518594543356,0.0864814054566444,0.930843323127004,0.069156676872996,0.193906551339898,0.264691119716336,0.186723027557089,0.0184006684818684,0.0841940272708766,0.0624898179348637,0.3169,0.331,2.7,6269.80929733938,95.8255957465651,92.5941105968723,97.4633752475869,97.900721295141,93.699296657306,96.0035752748078,94.4341713321242,92.5941105968723,97.7106937795106,96.7988217891719,R6,
11.5770054808904,0.913621877293688,0.086378122706312,0.930948564617561,0.0690514353824392,0.193745565150553,0.264604327988216,0.186438875532586,0.0183008171696392,0.0840891936968918,0.0624456715740063,0.3169,0.331,2.7,6269.80929733906,95.8201071901284,92.590259692253,97.4580639557819,97.8979732423508,93.7024473498247,95.9923756429038,94.4273611353214,92.590259692253,97.7050259268044,96.7873505757868,R6,
11.5908316318458,0.913724913641874,0.0862750863581261,0.931053555032995,0.0689464449670048,0.193584578961207,0.264517536260096,0.186155401410913,0.0182012040731584,0.083984610224861,0.062401630533331,0.3169,0.331,2.7,6269.80929731929,95.8146180100619,92.5864174543237,97.4527396467078,97.8952315245844,93.7055881297649,95.9812024725985,94.4205631114537,92.5864174543237,97.6993609051375,96.7758408359249,R6,
11.6046577828013,0.913827704468627,0.0861722955313732,0.931158295270724,0.0688417047292765,0.193423592771861,0.264430744531976,0.185872602769047,0.018101828340973,0.0838802759608463,0.0623576944363927,0.3169,0.331,2.7,6269.80929733428,95.8091283761555,92.5825838545103,97.4474026187056,97.8924961207854,93.7087190371675,95.9700556724214,94.4137772462864,92.5825838545103,97.6936988207829,96.7642936385841,R6,
11.6184839337567,0.913930250650468,0.0860697493495319,0.93126278622389,0.06873721377611,0.193262606582515,0.264343952803856,0.185590477195497,0.0180026891256829,0.083776190015165,0.0623138629085379,0.3169,0.331,2.7,6269.80929732711,95.8036384550627,92.5787588648005,97.4420531661674,97.8897670101822,93.7118401128076,95.9589351504758,94.4070035253678,92.5787588648005,97.6880397773909,96.752710033309,R6,
11.6323100847121,0.914032553059752,0.0859674469402482,0.931367028781393,0.0686329712186073,0.19310162039317,0.264257161075736,0.18530902229024,0.0179037855839171,0.0836723515023645,0.0622701355768946,0.3169,0.331,2.7,6269.80929734278,95.7981484104709,92.5749424568927,97.4366915795786,97.8870441719012,93.714951396395,95.9478408160136,94.4002419340631,92.5749424568927,97.6823838771409,96.7410910517822,R6,
11.6461362356675,0.914134612564689,0.0858653874353107,0.931471023827909,0.0685289761720913,0.192940634203824,0.264170369347617,0.185028235664646,0.0178051168763093,0.083568759541197,0.0622265120703613,0.3169,0.331,2.7,6269.8092973197,95.7926584030127,92.5711346030305,97.431318145542,97.8843275853378,93.7180529283308,95.9367725779014,94.3934924575289,92.5711346030305,97.676731219674,96.7294377067563,R6,
11.6599623866229,0.914236430029374,0.0857635699706259,0.931574772243919,0.0684252277560813,0.192779648014478,0.264083577619497,0.18474811494142,0.0177066821674745,0.0834654132545943,0.0621829920195969,0.3169,0.331,2.7,6269.80929733307,95.7871685904653,92.5673352750174,97.4259331468582,97.8816172297409,93.7211447476817,95.9257303463824,94.3867550807392,92.5673352750174,97.6710819034285,96.7177509938737,R6,
11.6737885375783,0.914338006313806,0.0856619936861942,0.931678274905732,0.0683217250942679,0.192618661825133,0.263996785891377,0.184468657754523,0.0176084806259854,0.0833623117696436,0.0621395750570097,0.3169,0.331,2.7,6269.80929734278,95.7816791276238,92.5635444452444,97.4205368625132,97.8789130846271,93.7242268942635,95.9147140312667,94.3800297884796,92.5635444452444,97.6654360243124,96.7060318902833,R6,
11.6876146885337,0.914439342273915,0.0855606577260852,0.931781532685512,0.068218467314488,0.192457675635787,0.263909994163257,0.184189861749118,0.0175105114243488,0.0832594542175624,0.0620962608167479,0.3169,0.331,2.7,6269.80929732711,95.7761901664327,92.5597620861368,97.4151295677517,97.876215129573,93.7272994075493,95.903723542877,94.3733165653447,92.5597620861368,97.6597936764634,96.6942813557659,R6,
11.7014408394891,0.914540438761586,0.0854595612384139,0.931884546451299,0.068115453548701,0.192296689446441,0.263823202435137,0.183911724581493,0.0174127737389826,0.0831568397336746,0.0620530489346883,0.3169,0.331,2.7,6269.80929733233,95.7707018560593,92.5559881699648,97.409711534119,97.8735233441109,93.7303623262427,95.8927587924222,94.3666153957682,92.5559881699648,97.6541549525386,96.6825003333079,R6,
11.7152669904446,0.914641296624683,0.085358703375317,0.931987317067036,0.0680126829329638,0.192135703257096,0.263736410707017,0.183634243919002,0.0173152667501926,0.0830544674573857,0.0620099390484271,0.3169,0.331,2.7,6269.80929731855,95.7652143428322,92.5522226694538,97.4042830294794,97.8708377080123,93.7334156895774,95.8818196908615,94.3599262639826,92.5522226694538,97.6485199429317,96.6706897483588,R6,
11.7290931414,0.914741916707071,0.0852580832929289,0.932089845392593,0.0679101546074071,0.19197471706775,0.263649618978897,0.183357417439999,0.0172179896421496,0.0829523365321592,0.0619669307972689,0.3169,0.331,2.7,6269.80929732677,95.7597277703937,92.5484655571222,97.3988443180817,97.8681582009819,93.7364595359092,95.8709061501372,94.3532491540762,92.5484655571222,97.6428887366822,96.6588505101591,R6,
11.7429192923554,0.914842299848642,0.0851577001513583,0.932192132283789,0.0678078677162111,0.191813730878404,0.263562827250777,0.18308124283377,0.0171209416028666,0.0828504461054927,0.0619240238222173,0.3169,0.331,2.7,6269.80929732562,95.754242279635,92.5447168058888,97.3933956605686,97.8654848029335,93.7394939040082,95.8600180820378,94.3465840499469,92.5447168058888,97.6372614206985,96.6469835109977,R6,
11.7567454433108,0.914942446885335,0.0850575531146647,0.932294178592418,0.067705821407582,0.191652744689059,0.263476035522657,0.182805717800472,0.0170241218241761,0.0827487953288937,0.0618812177659644,0.3169,0.331,2.7,6269.80929734278,95.7487580088297,92.5409763885475,97.3879373140477,97.8628174937597,93.7425188319608,95.8491553991657,94.3399309353438,92.5409763885475,97.6316380804847,96.6350896273273,R6,
11.7705715942662,0.915042358649165,0.0849576413508355,0.932395985166272,0.0676040148337282,0.191491758499713,0.263389243794537,0.182530840051066,0.0169275295017082,0.0826473833578567,0.0618385122728815,0.3169,0.331,2.7,6269.80929733428,95.7432750935781,92.5372442782944,97.382469532097,97.8601562535495,93.7455343582528,95.8383180139862,94.3332897938454,92.5372442782944,97.6260187994667,96.6231697191327,R6,
11.7843977452216,0.915142035968237,0.0848579640317626,0.932497552849163,0.0675024471508365,0.191330772310367,0.263302452066417,0.182256607307259,0.0168311638348675,0.0825462093518392,0.0617959069890086,0.3169,0.331,2.7,6269.80929733312,95.737793666957,92.5335204481208,97.3769925648467,97.8575010623492,93.7485405205467,95.8275058398902,94.3266606088781,92.5335204481208,97.6204036598312,96.611224631193,R6,
11.798223896177,0.91524147966678,0.0847585203332198,0.932598882480951,0.0674011175190495,0.191169786121022,0.263215660338297,0.181983017301434,0.0167350240268117,0.0824452724742391,0.0617534015620449,0.3169,0.331,2.7,6269.80929732711,95.7323138594685,92.5298048713182,97.3715066589773,97.8548519003544,93.7515373566878,95.816718790324,94.3200433637141,92.5298048713182,97.6147927418841,96.599255192488,R6,
11.8120500471324,0.91534069056516,0.0846593094348398,0.932699974897558,0.0673000251024419,0.191008799931676,0.263128868610177,0.181710067776593,0.0166391092844294,0.0823445718923711,0.0617109956413392,0.3169,0.331,2.7,6269.80929733048,95.7268357991318,92.5260975211766,97.3660120577873,97.8522087477954,93.7545249041123,95.8059567792971,94.3134380414776,92.5260975211766,97.6091861244699,96.5872622169381,R6,
11.8258761980879,0.915439669479908,0.0845603305200922,0.932800830931002,0.0671991690689977,0.19084781374233,0.263042076882057,0.181437756486294,0.0165434188183179,0.0822441067774441,0.06166868887788,0.3169,0.331,2.7,6269.80929733524,95.7213596114871,92.522398371185,97.3605090012102,97.849571585022,93.7575032002593,95.7952197210323,94.3068446251423,92.522398371185,97.6035838847371,96.575246503309,R6,
11.8397023490433,0.91553841722374,0.0844615827762602,0.932901451409413,0.0670985485905871,0.190686827552985,0.262955285153937,0.181166081194585,0.0164479518427623,0.0821438763045383,0.0616264809242863,0.3169,0.331,2.7,6269.80929733048,95.7158854196472,92.5187073949542,97.354997725867,97.8469403924669,93.7604722824021,95.7845075300967,94.3002630975373,92.5187073949542,97.5979860982649,96.5632088355884,R6,
11.8535284999987,0.915636934605581,0.0843630653944192,0.933001837157055,0.0669981628429445,0.190525841363639,0.262868493425817,0.18089503967595,0.0163527075757133,0.0820438796525826,0.0615843714347977,0.3169,0.331,2.7,6269.80929732677,95.7104133443537,92.5150245661189,97.3494784651016,97.8443151505986,93.7634321874511,95.7738201215884,94.2936934413584,92.5150245661189,97.5923928392291,96.5511499833835,R6,
11.8673546509541,0.915735222430586,0.0842647775694143,0.933101988994355,0.0668980110056453,0.190364855174293,0.262781701697697,0.180624629715242,0.0162576852387663,0.0819441160043326,0.0615423600652651,0.3169,0.331,2.7,6269.80929733905,95.7049435040046,92.5113498584006,97.3439514490249,97.8416958399634,93.7663829521025,95.7631574109992,94.2871356391597,92.5113498584006,97.5868041803296,96.5390707020569,R6,
11.8811808019095,0.915833281500162,0.0841667184998383,0.933201907737916,0.0667980922620838,0.190203868984947,0.262694909969577,0.180354849107626,0.0161628840571399,0.0818445845463478,0.0615004464731414,0.3169,0.331,2.7,6269.80929732155,95.6994760146369,92.507683245872,97.3384169045199,97.839082441286,93.7693246133659,95.7525193137494,94.2805896733559,92.507683245872,97.5812201924604,96.5269717324853,R6,
11.8950069528649,0.91593111261199,0.0840688873880103,0.933301594200549,0.0666984057994512,0.190042882795602,0.262608118241457,0.180085695658518,0.016068303259655,0.0817452844689698,0.0614586303174723,0.3169,0.331,2.7,6269.80929733312,95.6940109900973,92.5040247022964,97.3328750553464,97.8364749351852,93.772257207206,95.7419057463847,94.2740555262482,92.5040247022964,97.5756409456451,96.5148538024665,R6,
11.9088331038203,0.916028716560046,0.0839712834399537,0.933401049191287,0.0665989508087131,0.189881896606256,0.262521326513337,0.179817167183526,0.015973942078714,0.0816462149663001,0.0614169112588866,0.3169,0.331,2.7,6269.80929732155,95.688548541905,92.5003742019865,97.3273261220917,97.8338733025532,93.7751807703295,95.7313166250016,94.2675331799888,92.5003742019865,97.5700665078699,96.5027176254192,R6,
11.9226592547757,0.916126094134625,0.0838739058653748,0.933500273515412,0.0664997264845883,0.18972091041691,0.262434534785217,0.179549261508388,0.0158797997502796,0.0815473752361785,0.0613752889595874,0.3169,0.331,2.7,6269.80929734013,95.6830887794641,92.4967317189393,97.321770322298,97.8312775241715,93.778095338385,95.7207518668312,94.2610226166252,92.4967317189393,97.5644969463087,96.4905639021537,R6,
11.9364854057312,0.916223246122358,0.0837767538776416,0.933599267974474,0.0664007320255262,0.189559924227565,0.262347743057097,0.179281976468921,0.0157858755138547,0.0814487644801616,0.061333763083343,0.3169,0.331,2.7,6269.80929733524,95.6776318099236,92.4930972276817,97.3162078704074,97.8286875810878,93.7810009477337,95.7102113886771,94.2545238180639,92.4930972276817,97.558932326167,96.4783933195704,R6,
11.9503115566866,0.916320173306237,0.0836798266937626,0.933698033366314,0.0663019666336861,0.189398938038219,0.262260951328977,0.179015309910952,0.0156921686124616,0.0813503819035008,0.0612923332954777,0.3169,0.331,2.7,6269.80929733428,95.6721777383714,92.4894707025257,97.3106389778811,97.8261034542813,93.7838976338864,95.6996951083,94.2480367661091,92.4894707025257,97.5533727117493,96.4662065522378,R6,
11.964137707642,0.916416876465635,0.0835831235343655,0.933796570485085,0.0662034295149151,0.189237951848873,0.262174159600857,0.178749259690271,0.0155986782926218,0.0812522267151215,0.0612509992628628,0.3169,0.331,2.7,6269.80929732155,95.6667266677618,92.4858521180569,97.3050638531804,97.8235251248872,93.7867854325341,95.6892029434925,94.2415614424346,92.4858521180569,97.5478181657928,96.4540042617154,R6,
11.9779638585974,0.916513356376323,0.0834866436236767,0.933894880121273,0.0661051198787271,0.189076965659528,0.262087367872737,0.178483823672563,0.0155054038043357,0.0811542981276015,0.0612097606539078,0.3169,0.331,2.7,6269.8092973197,95.6612786990217,92.4822414488157,97.2994827018389,97.8209525740384,93.789664378875,95.6787348126955,94.2350978286191,92.4822414488157,97.5422687499375,96.4417870973536,R6,
11.9917900095528,0.9166096138105,0.0833903861895003,0.933992963061718,0.0660070369382816,0.188915979470182,0.262000576144617,0.17821899973336,0.0154123444010626,0.0810565953571502,0.0611686171385514,0.3169,0.331,2.7,6269.80929733524,95.6558339310398,92.4786386695025,97.2938957264785,97.8183857829848,93.7925345080718,95.668290634569,94.2286459061173,92.4786386695025,97.5367245244637,96.4295556961303,R6,
12.0056161605082,0.916705649536802,0.0832943504631976,0.934090820089637,0.0659091799103628,0.188754993280836,0.261913784416497,0.17795478575798,0.0153194993397009,0.0809591176235874,0.0611275683882526,0.3169,0.331,2.7,6269.80929732343,95.6503924606644,92.4750437551345,97.2883031268162,97.8158247331304,93.7953958555292,95.6578703277601,94.2222056562734,92.4750437551345,97.5311855480891,96.4173106825826,R6,
12.0194423114636,0.916801464320333,0.0831985356796665,0.934188451984641,0.0658115480153587,0.188594007091491,0.261826992688377,0.177691179641468,0.0152268678805682,0.0808618641503229,0.0610866140759825,0.3169,0.331,2.7,6269.80929732155,95.6449543828578,92.4714566804984,97.2827050997779,97.8132694058124,93.7982484558118,95.647473811862,94.215777060339,92.4714566804984,97.525651878758,96.4050526700032,R6,
12.033268462419,0.916897058922679,0.0831029410773215,0.93428585952276,0.0657141404772403,0.188433020902145,0.261740200960257,0.177428179288549,0.0151344492873814,0.0807648341643356,0.0610457538762147,0.3169,0.331,2.7,6269.80929732196,95.639519790616,92.4678774206639,97.2771018394593,97.8107197825236,93.8010923436767,95.6371010064911,94.2093600994577,92.4678774206639,97.5201235729421,96.3927822597136,R6,
12.0470946133745,0.916992434101927,0.083007565898073,0.934383043476459,0.065616956523541,0.188272034712799,0.261653409232137,0.177165782613561,0.0150422428272376,0.0806680268961532,0.0610049874649177,0.3169,0.331,2.7,6269.80929733307,95.6340887750547,92.4643059507357,97.2714935372015,97.8081758447995,93.8039275535825,95.6267518317206,94.202954754672,92.4643059507357,97.5146006860081,96.3805000417175,R6,
12.0609207643299,0.917087590612692,0.0829124093873079,0.934480004614663,0.0655199953853367,0.188111048523454,0.261566617504017,0.176903987540409,0.0149502477705949,0.0805714415798316,0.0609643145195454,0.3169,0.331,2.7,6269.80929733938,95.6286614254071,92.4607422460185,97.2658803815922,97.8056375742923,93.8067541200163,95.6164262077998,94.1965610069285,92.4607422460185,97.5090832720093,96.3682065945999,R6,
12.0747469152853,0.917182529206131,0.0828174707938692,0.934576743702775,0.0654232562972247,0.187950062334108,0.261479825775897,0.176642792002507,0.0148584633912523,0.080475077452935,0.0609237347190294,0.3169,0.331,2.7,6269.80929732155,95.6232378290711,92.4571862819311,97.2602625585218,97.8031049527368,93.8095720773272,95.6061240552883,94.1901788370704,92.4571862819311,97.5035713838191,96.3559024858738,R6,
12.0885730662407,0.917277250629964,0.0827227493700363,0.934673261502696,0.0653267384973041,0.187789076144762,0.261393034047777,0.176382193942721,0.0147668889663315,0.0803789337565156,0.0608832477437698,0.3169,0.331,2.7,6269.80929733233,95.6178180717113,92.453638033703,97.2546402512541,97.8005779618076,93.8123814591032,95.5958452956205,94.1838082258718,92.453638033703,97.4980650735794,96.3435882727504,R6,
12.1023992171961,0.917371755628494,0.0826282443715058,0.934769558772844,0.0652304412271558,0.187628089955417,0.261306242319657,0.176122191313321,0.0146755237762574,0.0802830097350939,0.0608428532756274,0.3169,0.331,2.7,6269.80929733524,95.6124022371426,92.4500974770234,97.2490136403683,97.798056583416,93.8151822995026,95.5855898499125,94.1774491539935,92.4500974770234,97.4925643918115,96.3312645011134,R6,
12.1162253681515,0.917466044942629,0.0825339550573714,0.934865636268178,0.0651343637318223,0.187467103766071,0.261219450591537,0.17586278207592,0.0145843671047395,0.0801873046366388,0.0608025509979152,0.3169,0.331,2.7,6269.80929733307,95.6069904074774,92.446564587519,97.2433829038681,97.7955407994725,93.8179746321972,95.5753576399085,94.1711016020163,92.446564587519,97.4870693881595,96.3189317066781,R6,
12.1300515191069,0.917560119309895,0.0824398806901049,0.934961494740212,0.0650385052597884,0.187306117576725,0.261132658863417,0.175603964201429,0.014493418238753,0.0800918177125478,0.06076234059539,0.3169,0.331,2.7,6269.80929733903,95.601582663129,92.4430393408779,97.2377482171948,97.7930305919419,93.8207584906057,95.5651485877662,94.1647655504445,92.4430393408779,97.4815801112437,96.3065904149576,R6,
12.1438776700623,0.917653979464463,0.0823460205355368,0.935057134937039,0.0649428650629613,0.18714513138738,0.261045867135297,0.175345735669996,0.0144026764685203,0.0799965482176277,0.0607222217542442,0.3169,0.331,2.7,6269.80929733233,95.5961790827993,92.4395217130198,97.2321097532358,97.7905259429195,93.8235339082626,95.5549626157294,94.1584409796848,92.4395217130198,97.4760966084308,96.2942411411113,R6,
12.1577038210177,0.917747626137163,0.0822523738628375,0.935152557603349,0.0648474423966512,0.186984145198034,0.260959075407177,0.175088094470958,0.0143121410874927,0.0799014954100751,0.0606821941620976,0.3169,0.331,2.7,6269.80929733233,95.5907797435794,92.4360116798018,97.2264676824029,97.7880268345066,93.8263009182144,95.5447996466683,94.1521278700745,92.4360116798018,97.4706189262743,96.2818843906924,R6,
12.1715299719732,0.917841060055502,0.082158939944498,0.935247763480448,0.064752236519552,0.186823159008688,0.260872283679057,0.17483103860279,0.0142218113923317,0.0798066585514573,0.0606422575079897,0.3169,0.331,2.7,6269.80929732562,95.5853847209065,92.4325092173102,97.2208221726133,97.7855332489254,93.8290595536128,95.5346596035491,94.1458262018696,92.4325092173102,97.4651471101095,96.2695206592618,R6,
12.1853561229286,0.917934281943689,0.0820657180563111,0.935342753306278,0.0646572466937221,0.186662172819342,0.260785491950937,0.17457456607305,0.0141316866828909,0.079712036906693,0.0606024114823711,0.3169,0.331,2.7,6269.80929733906,95.5799940886636,92.4290143015648,97.2151733893778,97.7830451684059,93.83180984712,95.5245424099573,94.139535955253,92.4290143015648,97.459681204497,96.2571504331328,R6,
12.199182273884,0.918027292522647,0.0819727074773528,0.935437527815435,0.0645624721845653,0.186501186629997,0.260698700222817,0.174318674898326,0.0140417662621983,0.0796176297440332,0.0605626557770957,0.3169,0.331,2.7,6269.80929733307,95.574607919103,92.4255269089508,97.2095214957477,97.780562575361,93.8345518317828,95.5144479893251,94.133257110321,92.4255269089508,97.4542212526237,96.2447741887114,R6,
12.2130084248394,0.918120092510036,0.0818799074899639,0.935532087739188,0.064467912260812,0.186340200440651,0.260611908494697,0.174063363104192,0.0139520494364378,0.0795234363350428,0.060522990085413,0.3169,0.331,2.7,6269.80929732343,95.5692262829934,92.4220470157265,97.2038666524413,97.7780854521767,93.8372855400349,95.5043762658201,94.1269896471155,92.4220470157265,97.4487672970189,96.2323923936134,R6,
12.2268345757948,0.918212682620269,0.0817873173797311,0.9356264338055,0.0643735661945002,0.186179214251305,0.260525116766577,0.173808628725151,0.0138625355149316,0.0794294559545813,0.0604834141019597,0.3169,0.331,2.7,6269.80929733906,95.563849249604,92.4185745981906,97.1982090178411,97.7756137812877,93.8400110040485,95.4943271640259,94.1207335456021,92.4185745981906,97.4433193793297,96.2200055065062,R6,
12.2406607267502,0.918305063564531,0.0816949364354689,0.935720566739043,0.064279433260957,0.18601822806196,0.260438325038457,0.173554469804584,0.0137732238101225,0.0793356878807847,0.0604439275227524,0.3169,0.331,2.7,6269.80929732155,95.5584768866328,92.4151096330902,97.1925487479475,97.7731475453505,93.8427282565524,95.484300608212,94.1144887856668,92.4151096330902,97.4378775397611,96.2076139764815,R6,
12.2544868777056,0.918397236050798,0.0816027639492015,0.93581448726122,0.0641855127387799,0.185857241872614,0.260351533310338,0.173300884394706,0.0136841136375563,0.0792421313950466,0.0604045300451796,0.3169,0.331,2.7,6269.80929733906,95.5531092604444,92.4116520967573,97.18688599657,97.7706867268705,93.8454373290803,95.4742965239031,94.1082553471559,92.4116520967573,97.432441818317,96.1952182449011,R6,
12.268313028661,0.918489200783856,0.0815107992161445,0.935908196090182,0.0640918039098183,0.185696255683268,0.260264741582218,0.173047870556509,0.0135952043158642,0.079148785782,0.0603652213679937,0.3169,0.331,2.7,6269.80929733233,95.547746435843,92.4082019661303,97.1812209151702,97.7682313086444,93.8481382540609,95.4643148360058,94.1020332098223,92.4082019661303,97.4270122533605,96.1828187435496,R6,
12.2821391796165,0.918580958465313,0.0814190415346871,0.936001693940845,0.0639983060591556,0.185535269493923,0.260177949854098,0.17279542635972,0.0135064951667454,0.0790556503294992,0.0603260011913038,0.3169,0.331,2.7,6269.80929733307,95.5423884763146,92.4047592178745,97.1755536530481,97.7657812733801,93.8508310630192,95.454355470414,94.0958223533773,92.4047592178745,97.4215888828818,96.1704158965221,R6,
12.2959653305719,0.918672509793626,0.0813274902063741,0.93609498152491,0.0639050184750905,0.185374283304577,0.260091158125978,0.172543549882744,0.0134179855149502,0.0789627243286017,0.0602868692165677,0.3169,0.331,2.7,6269.80929731855,95.5370354439077,92.40132382897,97.1698843572655,97.7633366039444,93.8535157877746,95.444418352945,94.0896227574654,92.40132382897,97.4161717436797,96.1580101192171,R6,
12.3097914815273,0.918763855464111,0.0812361445358885,0.936188059550881,0.0638119404491193,0.185213297115231,0.260004366397858,0.172292239212622,0.0133296746882624,0.0788700070735497,0.0602478251465847,0.3169,0.331,2.7,6269.80929732269,95.5316873993688,92.3978957762602,97.1642131727611,97.7608972831795,93.8561924595272,95.4345034101452,94.0834344016808,92.3978957762602,97.4107608720134,96.1456018193829,R6,
12.3236176324827,0.918854996168966,0.0811450038310335,0.936280928724082,0.0637190712759178,0.185052310925886,0.259917574669738,0.172041492444978,0.0132415620174825,0.078777497861753,0.0602088686854876,0.3169,0.331,2.7,6269.80929732269,95.5263444020515,92.3944750369067,97.1585402422906,97.7584632940928,93.8588611098,95.4246105684546,94.0772572655474,92.3944750369067,97.4053563029679,96.1331913963523,R6,
12.3374437834381,0.918945932597285,0.081054067402715,0.936373589746676,0.0636264102533235,0.18489132473654,0.259830782941618,0.171791307683974,0.013153646836411,0.0786851959937708,0.0601699995387355,0.3169,0.331,2.7,6269.80929732677,95.5210065100302,92.3910615880423,97.1528657065169,97.7560346197033,93.8615217697016,95.4147397548657,94.0710913285485,92.3910615880423,97.3999580709698,96.1207792418938,R6,
12.3512699343935,0.919036665435075,0.0809633345649248,0.936466043317682,0.0635339566823181,0.184730338547194,0.259743991213498,0.171541683042259,0.0130659284818313,0.0785931007732939,0.0601312174131065,0.3169,0.331,2.7,6269.80929733428,95.5156737800805,92.3876554069232,97.1471897040177,97.7536112431141,93.8641744702682,95.4048908966087,94.0649365701076,92.3876554069232,97.3945662095739,96.1083657400308,R6,
12.3650960853489,0.919127195365277,0.0808728046347228,0.93655829013299,0.0634417098670097,0.184569352357849,0.259657199485378,0.171292616640926,0.0129784062934929,0.0785012115071278,0.06009252201669,0.3169,0.331,2.7,6269.80929734798,95.5103462677176,92.3842564708882,97.1415123713118,97.7511931474908,93.8668192423576,95.395063921254,94.0587929696025,92.3842564708882,97.3891807515462,96.0959512672894,R6,
12.3789222363043,0.91921752306778,0.0807824769322199,0.936650330885385,0.0633496691146151,0.184408366168503,0.259570407757258,0.171044106609461,0.0128910796140954,0.0784095275051746,0.0600539130588798,0.3169,0.331,2.7,6269.80929733039,95.50502402717,92.3808647575213,97.1358338428589,97.7487803161348,93.8694561170097,95.3852587563843,94.0526605063441,92.3808647575213,97.3838017286293,96.0835361924774,R6,
12.3927483872598,0.919307649219439,0.0806923507805613,0.936742166264557,0.0632578337354431,0.184247379979157,0.259483616029138,0.170796151085696,0.0128039477892717,0.0783180480804163,0.0600153902503662,0.3169,0.331,2.7,6269.80929733524,95.4997071115423,92.3774802441351,97.1301542511915,97.7463727322552,93.872085124376,95.3754753305575,94.0465391596268,92.3774802441351,97.3784291723126,96.0711208778843,R6,
12.4065745382152,0.919397574494091,0.0806024255059093,0.936833796957123,0.0631662030428769,0.184086393789812,0.259396824301018,0.170548748215768,0.0127170101675713,0.0782267725488974,0.0599769533031296,0.3169,0.331,2.7,6269.80929733428,95.4943955726543,92.3741029084619,97.1244737267935,97.7439703792705,93.8747062951242,95.3657135720436,94.0404289086803,92.3741029084619,97.3730631128425,96.0587056780179,R6,
12.4204006891706,0.919487299562573,0.0805127004374268,0.936925223646643,0.0630747763533568,0.183925407600466,0.259310032572898,0.170301896154063,0.0126302661004448,0.0781357002297078,0.0599386019304324,0.3169,0.331,2.7,6269.80929733524,95.4890894611836,92.3707327281747,97.1187923982347,97.7415732406029,93.8773196594867,95.3559734096703,94.0343297326904,92.3707327281747,97.3677035799217,96.0462909406872,R6,
12.434226840126,0.91957682509274,0.08042317490726,0.937016447013636,0.0629835529863636,0.18376442141112,0.259223240844778,0.170055593063182,0.0125437149422272,0.0780448304449659,0.0599003358468127,0.3169,0.331,2.7,6269.80929731855,95.4837888266236,92.3673696811498,97.113110392134,97.7391812997865,93.8799252477751,95.3462547723742,94.028241610801,92.3673696811498,97.3623506023531,96.0338770066151,R6,
12.4480529910814,0.919666151749477,0.0803338482505228,0.937107467735598,0.0628925322644015,0.183603435221774,0.259136449116658,0.169809837113884,0.0124573560501222,0.077954162519802,0.0598621547680768,0.3169,0.331,2.7,6269.80929733457,95.4784937174072,92.364013745066,97.1074278332769,97.7367945403009,93.8825230895874,95.3365575899084,94.0221645221338,92.364013745066,97.357004208618,96.0214642103658,R6,
12.4618791420368,0.919755280194721,0.0802447198052794,0.937198286487019,0.0628017135129814,0.183442449032429,0.259049657388538,0.16956462648505,0.0123711887841861,0.077863695782341,0.059824058411292,0.3169,0.331,2.7,6269.80929732114,95.4732041807283,92.3606648981483,97.1017448444705,97.7344129458845,93.8851132152931,95.3268817914975,94.0160984457375,92.3606648981483,97.3516644258261,96.0090528789687,R6,
12.4757052929922,0.919844211087471,0.0801557889125285,0.937288903939396,0.062711096060604,0.183281462843083,0.258962865660418,0.169319959363631,0.012285212507312,0.0777734295636867,0.0597860464947801,0.3169,0.331,2.7,6269.80929733905,95.4679202628204,92.3573231182114,97.0960615467919,97.7320365001305,93.8876956541206,95.317227307567,94.010043360658,92.3573231182114,97.3463312811023,95.9966433339811,R6,
12.4895314439476,0.919932945083813,0.080067054916187,0.937379320761256,0.0626206792387437,0.183120476653737,0.258876073932298,0.169075833944608,0.0121994265852144,0.0776833631979045,0.0597481187381102,0.3169,0.331,2.7,6269.80929732495,95.4626420087027,92.3539883836528,97.0903780593764,97.7296651869083,93.8902704361681,95.307594067929,94.0039992458708,92.3539883836528,97.3410048001537,95.9842358895622,R6,
12.5033575949031,0.920021482836926,0.0799785171630735,0.937469537618168,0.0625304623818318,0.182959490464392,0.258789282204178,0.168832248430946,0.012113830386413,0.0775934960220054,0.0597102748620915,0.3169,0.331,2.7,6269.80929733428,95.4573694624701,92.3506606724892,97.084694499672,97.7272989899469,93.8928375904231,95.2979820035647,93.9979660803532,92.3506606724892,97.3356850087003,95.9718308546115,R6,
12.5171837458585,0.920109824997107,0.0798901750028929,0.93755955517276,0.0624404448272402,0.182798504275046,0.258702490476058,0.168589201033548,0.0120284232822179,0.0775038273759299,0.059672514588767,0.3169,0.331,2.7,6269.80929733428,95.4521026670814,92.3473399631686,97.079010983272,97.7249378931952,93.8953971464572,95.2883910451006,93.9919438430201,92.3473399631686,97.3303719312789,95.9594285311585,R6,
12.5310098968139,0.92019797221178,0.0798020277882199,0.937649374084735,0.0623506259152654,0.1826375180857,0.258615698747938,0.168346689971217,0.0119432046467137,0.0774143566025313,0.0596348376414065,0.3169,0.331,2.7,6269.80929733428,95.4468416645223,92.3440262340624,97.0733276240572,97.7225818805885,93.8979491333549,95.2788211237664,93.9859325127688,92.3440262340624,97.3250655920152,95.9470292155649,R6,
12.5448360477693,0.920285925125517,0.0797140748744834,0.937738995010888,0.0622610049891122,0.182476531896355,0.258528907019818,0.168104713470603,0.0118581738567443,0.0773250830475603,0.0595972437444994,0.3169,0.331,2.7,6269.80929731931,95.4415864957508,92.3407194637218,97.0676445341578,97.7202309361727,93.900493580263,95.2692721709046,93.9799320684594,92.3407194637218,97.3197660142478,95.934633198079,R6,
12.5586621987247,0.920373684380049,0.0796263156199509,0.937828418605122,0.0621715813948776,0.182315545707009,0.258442115291698,0.167863269766169,0.011773330291898,0.0772360060596483,0.0595597326237489,0.3169,0.331,2.7,6269.80929733233,95.4363372008058,92.3374196305506,97.0619618240561,97.7178850439503,93.9030305157222,95.2597441185719,93.9739424889398,92.3374196305506,97.3144732210192,95.9222407636366,R6,
12.5724883496801,0.920461250614287,0.0795387493857127,0.937917645518465,0.0620823544815352,0.182154559517663,0.258355323563578,0.167622357100145,0.0116886733344921,0.0771471249902923,0.0595223040060643,0.3169,0.331,2.7,6269.80929732492,95.4310938186593,92.3341267134063,97.0562796024675,97.7155441881502,93.9055599688756,95.2502368984463,93.9679637530035,92.3341267134063,97.3091872342099,95.9098521907152,R6,
12.5863145006355,0.920548624464333,0.0794513755356666,0.938006676399081,0.0619933236009192,0.181993573328318,0.258268531835458,0.167381973722482,0.011604202369558,0.0770584391938388,0.0594849576195552,0.3169,0.331,2.7,6269.80929732196,95.4258563874174,92.3308406909348,97.0505979765192,97.7132083529372,93.9080819681378,95.2407504430237,93.96199583944,92.3308406909348,97.303908075522,95.8974677528242,R6,
12.6001406515909,0.920635806563498,0.0793641934365023,0.938095511892291,0.0619044881077086,0.181832587138972,0.258181740107338,0.167142117890813,0.0115199167848264,0.0769699480274681,0.0594476931935245,0.3169,0.331,2.7,6269.80929733233,95.4206249442364,92.3275615419335,97.0449170516879,97.7108775225592,93.9105965419155,95.2312846849793,93.9560387270114,92.3275615419335,97.298635765953,95.8850877178512,R6,
12.6139668025464,0.920722797542314,0.0792772024576862,0.938184152640588,0.0618158473594119,0.181671600949626,0.258094948379218,0.166902787870412,0.0114358159707124,0.076881650851179,0.0594105104584618,0.3169,0.331,2.7,6269.80929732711,95.4153995253168,92.32428924543,97.0392369318,97.7085516814033,93.9131037187935,95.2218395569863,93.9500923944383,92.32428924543,97.2933703256928,95.8727123479901,R6,
12.6277929535018,0.920809598028554,0.0791904019714461,0.938272599283649,0.0617274007163514,0.181510614760281,0.258008156651098,0.166663981934149,0.0113518993203006,0.0767935470277732,0.0593734091460373,0.3169,0.331,2.7,6269.80929733195,95.4101801660209,92.3210237803221,97.0335577191415,97.7062308138113,93.9156035267708,95.2124149924085,93.944156820447,92.3210237803221,97.2881117746604,95.8603419006057,R6,
12.6416191044572,0.920896208647244,0.0791037913527564,0.938360852458352,0.0616391475416478,0.181349628570935,0.257921364922978,0.166425698362449,0.0112681662293312,0.0767056359228399,0.0593363889890948,0.3169,0.331,2.7,6269.80929733428,95.4049669007899,92.3177651257376,97.0278795143969,97.7039149042668,93.9180959940383,95.2030109246018,93.9382319837164,92.3177651257376,97.2828601319906,95.8479766275712,R6,
12.6554452554126,0.920982630020677,0.0790173699793226,0.938448912798795,0.061551087201205,0.181188642381589,0.257834573194858,0.166187935443253,0.0111846160961847,0.0766179169047408,0.0592994497216457,0.3169,0.331,2.7,6269.80929734013,95.3997597632167,92.3145132608164,97.0222024167173,97.701603937269,93.9205811484908,95.1936272873459,93.9323178629244,92.3145132608164,97.2776154163512,95.8356167758182,R6,
12.669271406368,0.921068862768433,0.0789311372315669,0.938536780936305,0.061463219063695,0.181027656192244,0.257747781466738,0.165950691471976,0.0111012483218678,0.0765303893445949,0.0592625910788628,0.3169,0.331,2.7,6269.80929733938,95.3945587860272,92.3112681648443,97.0165265237095,97.699297897416,93.9230590180282,95.1842640145823,93.9264144367185,92.3112681648443,97.2723776457681,95.8232625871511,R6,
12.6830975573234,0.921154907507387,0.0788450924926131,0.938624457499458,0.0613755425005425,0.180866670002898,0.257660989738618,0.165713964751465,0.0110180623099993,0.0764430526162634,0.0592258127970731,0.3169,0.331,2.7,6269.80929733938,95.3893640011325,92.308029817122,97.0108519314896,97.6969967693292,93.9255296302785,95.1749210406533,93.9205216837394,92.308029817122,97.2671468378222,95.8109142986254,R6,
12.6969237082788,0.921240764851728,0.0787592351482718,0.93871194311409,0.0612880568859104,0.180705683813552,0.257574198010498,0.165477753591958,0.0109350574667955,0.0763559060963347,0.0591891146137526,0.3169,0.331,2.7,6269.80929733233,95.3841754396058,92.304798197085,97.0051787346762,97.6947005377228,93.9279930128631,95.1655983000676,93.9146395826002,92.304798197085,97.2619230094739,95.7985721423579,R6,
12.7107498592342,0.921326435412974,0.0786735645870263,0.938799238403316,0.0612007615966844,0.180544697624207,0.257487406282378,0.165242056311048,0.0108522332010565,0.0762689491641099,0.0591524962675192,0.3169,0.331,2.7,6269.80929733233,95.3789931317425,92.3015732841662,96.999507026447,97.6924091873306,93.9304491930962,95.156295727771,93.9087681119098,92.3015732841662,97.2567061772866,95.7862363459327,R6,
12.7245760101897,0.921411919799983,0.0785880802000172,0.938886343987542,0.0611136560124585,0.180383711434861,0.257400614554258,0.165006871233638,0.0107695889241517,0.0761821812015876,0.0591159574981272,0.3169,0.331,2.7,6269.80929734087,95.3738171070329,92.2983550579311,96.9938368985171,97.6901227029711,93.9328981982699,95.1470132588879,93.9029072502611,92.2983550579311,97.2514963572296,95.7739071321959,R6,
12.7384021611451,0.921497218618971,0.0785027813810291,0.93897326048448,0.0610267395155202,0.180222725245515,0.257313822826138,0.164772196691905,0.0106871240500062,0.0760956015934495,0.0590794980464604,0.3169,0.331,2.7,6269.80929731742,95.3686473941387,92.2951434981941,96.9881684411281,97.6878410695894,93.9353400558757,95.1377508285105,93.8970569762177,92.2951434981941,97.2462935645163,95.7615847190779,R6,
12.7522283121005,0.921582332473525,0.0784176675264752,0.939059988509164,0.060940011490836,0.180061739056169,0.257227031098018,0.164538031025257,0.0106048379950866,0.076009209727046,0.0590431176545265,0.3169,0.331,2.7,6269.80929733524,95.3634840210979,92.2919385843882,96.9825017432453,97.6855642719952,93.9377747923749,95.1285083728336,93.8912172683717,92.2919385843882,97.2410978145362,95.7492693210376,R6,
12.7660544630559,0.921667261964616,0.0783327380353838,0.939146528673964,0.0608534713260367,0.179900752866824,0.257140239369898,0.164304372580299,0.0105227301783879,0.0759230049923817,0.059006816065451,0.3169,0.331,2.7,6269.80929731742,95.3583270150199,92.288740296633,96.9768368922782,97.6832922953248,93.9402024353071,95.1192858272177,93.8853881052506,92.288740296633,97.2359091212966,95.7369611468511,R6,
12.7798806140113,0.921752007690616,0.0782479923093838,0.939232881588597,0.0607671184114032,0.179739766677478,0.257053447641778,0.164071219710789,0.0104408000214189,0.0758369867821005,0.0589705930234708,0.3169,0.331,2.7,6269.80929732155,95.3531764024401,92.2855486145852,96.9711739744161,97.68102512453,93.9426230110036,95.1100831282841,93.8795694654219,92.2855486145852,97.2307274991194,95.7246604021607,R6,
12.7937067649667,0.921836570247309,0.0781634297526907,0.939319047860148,0.0606809521398522,0.179578780488132,0.256966655913658,0.163838570777601,0.0103590469481895,0.0757511544914721,0.0589344482739286,0.3169,0.331,2.7,6269.80929731742,95.348032209068,92.2823635183342,96.9655130744051,97.6787627447806,93.9450365463739,95.1009002122728,93.8737613274134,92.2823635183342,97.2255529613326,95.7123672876318,R6,
12.8075329159221,0.921920950227907,0.0780790497720927,0.939405028093078,0.0605949719069216,0.179417794298787,0.256879864185538,0.163606424148688,0.0102774703851964,0.0756655075183776,0.0588983815632666,0.3169,0.331,2.7,6269.8092973304,95.3428944599713,92.2791849878246,96.9598542757207,97.6765051412033,93.9474430677628,95.0917370160993,93.8679636697645,92.2791849878246,97.2203855211255,95.70008200027,R6,
12.8213590668775,0.922005148223063,0.0779948517769369,0.939490822889243,0.060509177110757,0.179256808109441,0.256793072457418,0.163374778199044,0.0101960697614105,0.0755800452632951,0.0588623926390207,0.3169,0.331,2.7,6269.80929734278,95.3377631794703,92.2760130032488,96.9541976604781,97.6742522990663,93.9498426017378,95.0825934766207,93.8621764709919,92.2760130032488,97.2152251909766,95.6878047326425,R6,
12.835185217833,0.922089164820885,0.0779108351791153,0.939576432847903,0.0604235671520968,0.179095821920095,0.256706280729298,0.163143631310661,0.010114844508263,0.0754947671292859,0.0588264812498148,0.3169,0.331,2.7,6269.80929733524,95.3326383911989,92.2728475448905,96.948543309491,97.6720042036865,93.9522351747492,95.0734695309573,93.8563997096087,92.2728475448905,97.2100719828997,95.6755356733081,R6,
12.8490113687884,0.922173000606949,0.0778269993930512,0.939661858565741,0.0603381414342593,0.17893483573075,0.256619489001178,0.1629129818725,0.0100337940596321,0.075409672521981,0.0587906471453546,0.3169,0.331,2.7,6269.80929733307,95.3275201181764,92.2696885929232,96.9428913023565,97.6697608403722,93.9546208127726,95.0643651168061,93.8506333641368,92.2696885929232,97.2049259087349,95.6632750073091,R6,
12.8628375197438,0.922256656164314,0.0777433438356858,0.939747100636872,0.0602528993631277,0.178773849541404,0.256532697273058,0.162682828280445,0.00995291785183051,0.0753247608495664,0.058754890076422,0.3169,0.331,2.7,6269.80929733233,95.3224083827287,92.2665361277196,96.9372417173733,97.6675221945333,93.9569995419004,95.0552801719192,93.8448774130883,92.2665361277196,97.1997869797134,95.6510229155821,R6,
12.8766636706992,0.922340132073536,0.0776598679264643,0.939832159652863,0.0601678403471373,0.178612863352058,0.256445905544938,0.162453168937271,0.00987221532359161,0.0752400315227703,0.0587192097948694,0.3169,0.331,2.7,6269.80929733428,95.3173032065388,92.263390129707,96.931594631604,97.6652882516284,93.9593713880533,95.0462146343402,93.8391318349721,92.263390129707,97.1946552066638,95.6387795753415,R6,
12.8904898216546,0.922423428912677,0.0775765710873229,0.939917036202739,0.0600829637972614,0.178451877162713,0.256359113816818,0.162224002252606,0.00979168591605693,0.0751554839548491,0.0586836060536136,0.3169,0.331,2.7,6269.80929734013,95.3122046106585,92.2602505793894,96.9259501208924,97.6630589971794,93.9617363770447,95.03716844237,93.8333966082909,92.2602505793894,97.1895306000029,95.6265451600978,R6,
12.90431597261,0.922506547257325,0.077493452742675,0.940001730873003,0.0599982691269974,0.178290890973367,0.256272322088698,0.161995326642893,0.00971132907276316,0.0750711175615734,0.0586480786066306,0.3169,0.331,2.7,6269.80929732934,95.3071126154858,92.2571174574325,96.9203082598395,97.6608344167939,93.9640945347303,95.0281415344122,93.8276717115471,92.2571174574325,97.1844131695946,95.6143198395364,R6,
12.9181421235654,0.922589487680602,0.0774105123193983,0.940086244247646,0.0599137557523539,0.178129904784021,0.256185530360579,0.161767140531356,0.00963114423962918,0.0749869317612156,0.0586126272089495,0.3169,0.331,2.7,6269.80929733307,95.3020272408735,92.2539907443731,96.9146691219251,97.6586144960514,93.96644588644,95.0191338494997,93.8219571232588,92.2539907443731,97.179302925211,95.6021037802287,R6,
12.9319682745208,0.922672250753178,0.0773277492468216,0.940170576908163,0.059829423091837,0.177968918594676,0.256098738632459,0.16153944234796,0.00955113086494356,0.0749029259745353,0.058577251616647,0.3169,0.331,2.7,6269.80929732155,95.2969485059968,92.2508704210665,96.9090327793756,97.656399220692,93.9687904578738,95.0101453264747,93.8162528219224,92.2508704210665,97.1741998758586,95.589897144711,R6,
12.9457944254763,0.922754837043289,0.0772451629567115,0.940254729433563,0.0597452705664369,0.17780793240533,0.256011946904339,0.16131223052938,0.00947128839935176,0.0748190996247672,0.058541951586842,0.3169,0.331,2.7,6269.80929732343,95.2918764295149,92.2477564682054,96.9033993033352,97.6541885764109,93.9711282741447,95.0011759048609,93.810558786057,92.2477564682054,97.1691040305049,95.5777000926002,R6,
12.9596205764317,0.922837247116741,0.0771627528832594,0.940338702400386,0.0596612975996144,0.177646946215984,0.255925155176219,0.161085503518959,0.00939161629584351,0.0747354521376067,0.0585067268776898,0.3169,0.331,2.7,6269.80929734278,95.2868110294756,92.2446488666579,96.8977687637727,97.6519825490007,93.9734593604485,94.9922255242482,93.8048749941759,92.2446488666579,97.1640153975789,95.5655127799217,R6,
12.9734467273871,0.922919481536931,0.0770805184630689,0.940422496382712,0.0595775036172885,0.177485960026639,0.255838363448099,0.160859259766679,0.0093121140097405,0.0746519829411979,0.0584715772483766,0.3169,0.331,2.7,6269.80929732343,95.2817523232824,92.2415475976117,96.8921412294524,97.6497811244162,93.9757837423424,94.9832941240426,93.7992014247744,92.2415475976117,97.15893398477,95.5533353588499,R6,
12.9872728783425,0.923001540864857,0.0769984591351426,0.940506111952177,0.0594938880478226,0.177324973837293,0.255751571719979,0.160633497729121,0.00923278099868381,0.07456869146612,0.0584365024591142,0.3169,0.331,2.7,6269.80929732155,95.2767003279237,92.23845264187,96.8865167681746,97.6475842884711,93.9781014443748,94.9743816447182,93.7935380563929,92.23845264187,97.1538598000715,95.5411679793162,R6,
13.0010990292979,0.92308342565913,0.0769165743408696,0.940589549677988,0.0594104503220117,0.177163987647947,0.255664779991859,0.160408215869432,0.00915361672262161,0.0744855771453742,0.0584015022711344,0.3169,0.331,2.7,6269.80929733788,95.2716550597684,92.2353639805379,96.8808954465706,97.6453920271284,93.9804124914178,94.965488026593,93.7878848675589,92.2353639805379,97.1487928507788,95.5290107875615,R6,
13.0149251802533,0.923165136475987,0.0768348635240127,0.94067281012693,0.0593271898730697,0.177003001458601,0.255577988263739,0.160183412657288,0.00907462064379697,0.0744026394143711,0.0583665764466835,0.3169,0.331,2.7,6269.80929732269,95.2666165345823,92.2322815949952,96.8752773301251,97.6432043264973,93.9827169086352,94.9566132098594,93.7822418367834,92.2322815949952,97.1437331435156,95.5168639262471,R6,
13.0287513312087,0.923246673869304,0.0767533261306958,0.940755893863384,0.0592441061366164,0.176842015269256,0.255491196535619,0.159959086568864,0.00899579222673559,0.0743198777109182,0.0583317247490171,0.3169,0.331,2.7,6269.80929733906,95.2615847677492,92.2292054662374,96.8696624834077,97.6410211725436,93.9850147201785,94.9477571357821,93.7766089426285,92.2292054662374,97.138680685243,95.5047275359732,R6,
13.0425774821641,0.923328038390609,0.0766719616093913,0.940838801449336,0.0591611985506646,0.17668102907991,0.255404404807499,0.159735236086794,0.0089171309382338,0.0742372914752065,0.0582969469423946,0.3169,0.331,2.7,6269.80929731742,95.2565597739609,92.2261355758704,96.8640509697585,97.6388425515184,93.9873059511409,94.9389197448991,93.7709861636129,92.2261355758704,97.1336354817628,95.4926017531241,R6,
13.0564036331196,0.923409230589092,0.0765907694109079,0.940921533444392,0.0590784665556076,0.176520042890564,0.255317613079379,0.15951185970014,0.00883863624734643,0.0741548801497984,0.0582622427920741,0.3169,0.331,2.7,6269.80929733312,95.251541567588,92.2230719049875,96.8584428516765,97.6366684494711,93.9895906253474,94.9301009790552,93.7653734783222,92.2230719049875,97.1285975394154,95.480486712429,R6,
13.070229784075,0.923490251011622,0.0765097489883782,0.941004090405793,0.0589959095942067,0.176359056701219,0.255230821351259,0.159288955904358,0.00876030762537496,0.074072643179615,0.0582276120643068,0.3169,0.331,2.7,6269.80929732343,95.2465301623238,92.2200144353106,96.8528381904536,97.6344988527519,93.9918687676178,94.9213007793209,93.7597708652946,92.2200144353106,97.1235668633722,95.4683825444688,R6,
13.0840559350304,0.923571100202754,0.0764288997972461,0.941086472888422,0.0589135271115784,0.176198070511873,0.255144029623139,0.159066523201262,0.00868214454585561,0.0739905800119237,0.0581930545263321,0.3169,0.331,2.7,6269.80929733307,95.2415255715068,92.2169631481968,96.8472370465182,97.632333747573,93.9941404017971,94.9125190877963,93.7541783031164,92.2169631481968,97.1185434591219,95.4562893779349,R6,
13.0978820859858,0.923651778704745,0.0763482212952551,0.941168681444817,0.0588313185551825,0.176037084322527,0.255057237895019,0.158844560098993,0.00860414648454751,0.0739086900963256,0.0581585699463721,0.3169,0.331,2.7,6269.80929732478,95.2365278078887,92.2139180254103,96.8416394791928,97.6301731203402,93.9964055522773,94.9037558462244,93.748595770362,92.2139180254103,97.1135273313296,95.4442073379732,R6,
13.1117082369412,0.923732287057564,0.0762677129424356,0.941250716625191,0.058749283374809,0.175876098133182,0.254970446166899,0.158623065111984,0.00852631291942106,0.0738269728847437,0.0581241580936264,0.3169,0.331,2.7,6269.80929732343,95.2315368838303,92.2108790485293,96.8360455469098,97.6280169574157,93.9986642428483,94.8950109970317,93.743023245629,92.2108790485293,97.1085184847278,95.4321365475509,R6,
13.1255343878966,0.923812625798907,0.0761873742010935,0.941332578977434,0.0586674210225663,0.175715111943836,0.254883654438779,0.158402036760929,0.00844864333064619,0.0737454278314098,0.0580898187382675,0.3169,0.331,2.7,6269.80929732155,95.2265528111818,92.2078461993379,96.8304553070854,97.6258652452561,94.0009164974404,94.8862844826549,93.7374607075241,92.2078461993379,97.1035169235263,95.4200771266292,R6,
13.139360538852,0.923892795464202,0.0761072045357977,0.941414269047131,0.0585857309528691,0.17555412575449,0.254796862710659,0.158181473572747,0.0083711372005809,0.0736640543928533,0.0580555516514347,0.3169,0.331,2.7,6269.80929733307,95.2215756013688,92.204819459602,96.8248688162152,97.6237179703433,94.003162339712,94.8775762459208,93.7319081346714,92.204819459602,97.098522651766,95.4080291927196,R6,
13.1531866898074,0.923972796586632,0.0760272034133684,0.941495787377574,0.058504212622426,0.175393139565145,0.254710070982539,0.15796137408055,0.00829379401375961,0.0735828520278886,0.0580213566052301,0.3169,0.331,2.7,6269.80929732934,95.2166052653108,92.2017988113305,96.8192861297923,97.6215751192809,94.00540179355,94.8688862295755,93.726365505691,92.2017988113305,97.0935356729238,95.3959928603427,R6,
13.1670128407628,0.924052629697135,0.0759473703028654,0.941577134509773,0.0584228654902274,0.175232153375799,0.254623279254419,0.157741736823614,0.00821661325688192,0.0735018201976032,0.0579872333727126,0.3169,0.331,2.7,6269.80929733524,95.2116418135589,92.1987842363837,96.8137073024637,97.6194366786327,94.0076348823048,94.860214376995,93.7208327992389,92.1987842363837,97.0885559905037,95.383968241949,R6,
13.1808389917183,0.924132295324424,0.0758677046755762,0.941658310982466,0.0583416890175339,0.175071167186453,0.254536487526299,0.157522560347342,0.00813959441880105,0.0734209583653457,0.0579531817278937,0.3169,0.331,2.7,6269.80929733524,95.2066852561789,92.1957757168545,96.8081323879028,97.6173026350861,94.009861629547,94.8515606314883,93.7153099939664,92.1957757168545,97.0835836074712,95.3719554471152,R6,
13.1946651426737,0.924211793994996,0.0757882060050042,0.941739317332136,0.0582606826678641,0.174910180997108,0.254449695798179,0.157303843203233,0.00806273699051272,0.0733402659967142,0.0579192014457318,0.3169,0.331,2.7,6269.80929733048,95.2017356028354,92.1927732348378,96.802561438906,97.6151729753524,94.0120820586052,94.8429249367193,93.7097970685502,92.1927732348378,97.0786185266072,95.3599545831047,R6,
13.2084912936291,0.924291126233143,0.0757088737668574,0.941820154093017,0.058179845906983,0.174749194807762,0.254362904070059,0.157085583948854,0.00798604046514389,0.0732597425595443,0.0578852923021276,0.3169,0.331,2.7,6269.80929732269,95.1967928627767,92.1897767724988,96.796994507381,97.6130476861869,94.0142961926973,94.8343072365868,93.7042940016807,92.1897767724988,97.0736607504166,95.3479657547654,R6,
13.2223174445845,0.924370292560963,0.0756297074390369,0.94190082179711,0.0580991782028898,0.174588208618416,0.254276112341939,0.156867781147803,0.00790950433794158,0.0731793875238974,0.0578514540739195,0.3169,0.331,2.7,6269.80929733312,95.19185704487,92.1867863119831,96.7914316443876,97.6109267543708,94.0165040547832,94.8257074753608,93.6988007720744,92.1867863119831,97.0687102812403,95.3359890647598,R6,
13.2361435955399,0.924449293498375,0.075550706501625,0.941981320974193,0.058018679025807,0.174427222429071,0.254189320613819,0.156650433369679,0.00783312810626173,0.0730992003620492,0.0578176865388777,0.3169,0.331,2.7,6269.80929733233,95.1869281575123,92.1838018357182,96.7858729000505,97.6088101668159,94.0187056681171,94.8171255971696,93.6933173584433,92.1838018357182,97.0637671208392,95.3240246129445,R6,
13.2499697464953,0.924528129563126,0.0754718704368744,0.942061652151832,0.057938347848168,0.174266236239725,0.254102528885699,0.156433539190054,0.0077569112695585,0.0730191805484782,0.0577839894757006,0.3169,0.331,2.7,6269.80929733428,95.182006208766,92.1808233260174,96.7803183237034,97.6066979104159,94.0209010555086,94.8085615466851,93.6878437395319,92.1808233260174,97.0588312709738,95.3120724972922,R6,
13.2637958974507,0.924606801270804,0.0753931987291962,0.942141815855394,0.0578581841446061,0.174105250050379,0.254015737157579,0.156217097190436,0.00768085332937295,0.0729393275598538,0.0577503626640089,0.3169,0.331,2.7,6269.80929731929,95.1770912062615,92.1778507654009,96.7747679637934,97.6045899721735,94.0230902399283,94.8000152685537,93.6823798940881,92.1778507654009,97.0539027329345,95.3001328132196,R6,
13.2776220484061,0.924685309134851,0.0753146908651493,0.942221812608057,0.0577781873919428,0.173944263861033,0.253928945429459,0.156001105958246,0.00760495378932236,0.0728596408750256,0.0577168058843414,0.3169,0.331,2.7,6269.80929731742,95.1721831573164,92.1748841362528,96.769221868006,97.6024863390476,94.025273243848,94.791486708023,93.6769258009085,92.1748841362528,97.0489815080548,95.2882056543905,R6,
13.2914481993616,0.924763653666571,0.0752363463334292,0.942301642930823,0.0576983570691768,0.173783277671688,0.253842153701339,0.155785564086777,0.00752921215508949,0.0727801199750113,0.0576833189181501,0.3169,0.331,2.7,6269.80929731742,95.1672820688208,92.171923421193,96.7636800831552,97.6003869981272,94.0274500899699,94.7829758102496,93.6714814387803,92.171923421193,97.0440675971646,95.2762911119268,R6,
13.305274350317,0.924841835375144,0.0751581646248562,0.942381307342528,0.0576186926574719,0.173622291482342,0.253755361973219,0.155570470175174,0.00745362793441171,0.072700764342986,0.0576499015477954,0.3169,0.331,2.7,6269.80929733906,95.1623879473418,92.1689686027811,96.7581426552937,97.5982919364934,94.0296208006436,94.7744825208475,93.6660467865317,92.1689686027811,97.0391610010314,95.2643892751115,R6,
13.3191005012724,0.924919854767635,0.0750801452323653,0.942460806359853,0.0575391936401465,0.173461305292996,0.253668570245099,0.155355822828396,0.00737820063707042,0.0726215734642709,0.0576165535565414,0.3169,0.331,2.7,6269.80929733307,95.157500798991,92.166019663922,96.752609629577,97.596201141399,94.0317853986662,94.7660067851367,93.6606218229719,92.166019663922,97.0342617197573,95.2525002304978,R6,
13.3329266522278,0.924997712349006,0.0750022876509945,0.942540140497338,0.0574598595026624,0.173300319103651,0.253581778516979,0.155141620657188,0.00730292977488046,0.0725425468263217,0.0575832747285511,0.3169,0.331,2.7,6269.80929733307,95.152620629644,92.1630765872503,96.7470810505019,97.5941146000015,94.0339439060787,94.7575485492747,93.6552065269747,92.1630765872503,97.0293697537116,95.2406240633584,R6,
13.3467528031832,0.925075408622126,0.0749245913778743,0.942619310267387,0.057380689732613,0.173139332914305,0.253494986788859,0.154927862278055,0.00722781486167952,0.0724636839187184,0.0575500648488819,0.3169,0.331,2.7,6269.80929732562,95.1477474447638,92.1601393556594,96.741556961719,97.5920322995872,94.0360963451915,94.7491077592915,93.6498008774145,92.1601393556594,97.0244851027331,95.2287608565145,R6,
13.3605789541386,0.925152944087783,0.0748470559122168,0.942698316180287,0.0573016838197132,0.172978346724959,0.253408195060739,0.154714546313226,0.00715285541331772,0.0723849842331534,0.0575169237034811,0.3169,0.331,2.7,6269.80929734278,95.1428812495378,92.1572079519182,96.7360374061914,97.5899542274166,94.0382427378604,94.740684361761,93.6444048532008,92.1572079519182,97.0196077667149,95.2169106912391,R6,
13.374405105094,0.925230319244695,0.0747696807553048,0.942777158744212,0.0572228412557878,0.172817360535614,0.253321403332619,0.154501671390627,0.00707805094764717,0.0723064472634213,0.0574838510791809,0.3169,0.331,2.7,6269.80929733307,95.1380220487028,92.1542823592066,96.7305224259974,97.5878803709383,94.0403831064943,94.7322783028736,93.6390184332343,92.1542823592066,97.0147377447983,95.2050736460799,R6,
13.3882312560494,0.925307534589519,0.0746924654104815,0.942855838465239,0.0571441615347606,0.172656374346268,0.253234611604499,0.154289236143854,0.00700340098451169,0.0722280725054076,0.0574508467636943,0.3169,0.331,2.7,6269.80929733307,95.1331698467931,92.1513625604049,96.7250120626179,97.585810717503,94.0425174727183,94.7238895296686,93.6336415964724,92.1513625604049,97.0098750364533,95.1932497985064,R6,
13.4020574070049,0.925384590616861,0.0746154093831392,0.942934355847356,0.0570656441526441,0.172495388156922,0.253147819876379,0.154077239212139,0.00692890504573645,0.072149859457078,0.05741791054561,0.3169,0.331,2.7,6269.80929731929,95.1283246479367,92.1484485387062,96.7195063567039,97.5837452546103,94.0446458585258,94.7155179889709,93.6282743218757,92.1484485387062,97.0050196405497,95.1814392235509,R6,
13.4158835579603,0.925461487819291,0.0745385121807094,0.943012711392472,0.0569872886075283,0.172334401967577,0.253061028148259,0.153865679240326,0.00685456265511788,0.072071807618468,0.0573850422143885,0.3169,0.331,2.7,6269.80929732155,95.1234864560206,92.145540277149,96.7140053482706,97.5816839697142,94.0467682853936,94.7071636282052,93.6229165884462,92.145540277149,97.0001715560742,95.1696419949118,R6,
13.4297097089157,0.925538226687348,0.0744617733126519,0.94309090560043,0.0569090943995699,0.172173415778231,0.252974236420139,0.153654554878839,0.00678037333841339,0.0719939164916718,0.0573522415603573,0.3169,0.331,2.7,6269.80929733307,95.1186552745721,92.1426377589855,96.7085090765705,97.5796268503826,94.0488847749922,94.6988263947396,93.6175683751951,92.1426377589855,96.9953307815746,95.1578581841367,R6,
13.4435358598711,0.925614807709555,0.0743851922904447,0.943168938969018,0.056831061030982,0.172012429588885,0.252887444692019,0.153443864783651,0.00670633662333137,0.0719161855808319,0.0573195083747061,0.3169,0.331,2.7,6269.80929733428,95.1138311067966,92.139740967582,96.7030175801314,97.5775738842527,94.0509953489954,94.6905062360625,93.6122296611535,92.139740967582,96.990497315309,95.1460878608859,R6,
13.4573620108265,0.925691231372427,0.0743087686275732,0.943246811993976,0.0567531880060236,0.17185144339954,0.252800652963899,0.153233607616264,0.00663245203952115,0.0718386143921287,0.0572868424494833,0.3169,0.331,2.7,6269.80929732155,95.109013955623,92.1368498863021,96.6975308968189,97.5755250589854,94.0531000288565,94.682203099983,93.6069004253784,92.1368498863021,96.9856711554302,95.1343310932292,R6,
13.4711881617819,0.92576749816048,0.0742325018395203,0.943324525169011,0.0566754748309887,0.171690457210194,0.252713861235779,0.15302378204367,0.00655871911856308,0.0717612024337698,0.0572542435775905,0.3169,0.331,2.7,6269.80929731855,95.1042038237264,92.1339644984645,96.6920490638569,97.5734803622298,94.055198835715,94.6739169347349,93.6015806469749,92.1339644984645,96.9808523000556,95.1225879477797,R6,
13.4850143127373,0.925843608556244,0.0741563914437559,0.943402078985804,0.0565979210141961,0.171529471020848,0.252627069507659,0.152814386738329,0.00648513739395848,0.0716839492159799,0.057221711552779,0.3169,0.331,2.7,6269.80929732711,95.0994007134652,92.1310847875371,96.6865721177688,97.5714397817345,94.0572917907915,94.6656476885852,93.5962703050572,92.1310847875371,96.9760407469733,95.1108584892741,R6,
13.4988404636927,0.925919563040273,0.0740804369597268,0.943479473934021,0.0565205260659791,0.171368484831503,0.252540277779539,0.152605420378143,0.00641170640112005,0.0716068542509901,0.057189246169645,0.3169,0.331,2.7,6269.80929733307,95.0946046268912,92.1282107371168,96.6811000943861,97.5694033053134,94.0593789153335,94.657395309903,93.590969378759,92.1282107371168,96.9712364936719,95.0991427806458,R6,
13.5126666146482,0.925995362091153,0.0740046379088468,0.943556710501325,0.0564432894986749,0.171207498642157,0.252453486051419,0.152396881646422,0.00633842567736183,0.0715299170530279,0.0571568472236251,0.3169,0.331,2.7,6269.80929733428,95.0898155657983,92.1253423308115,96.6756330289105,97.5673709208072,94.0614602304053,94.6491597473434,93.5856778472453,92.1253423308115,96.9664395375312,95.0874408833316,R6,
13.5264927656036,0.926071006185514,0.0739289938144863,0.943633789173385,0.056366210826615,0.171046512452811,0.252366694323299,0.15218876923186,0.00626529476188967,0.0714531371383071,0.0571245145109928,0.3169,0.331,2.7,6269.80929732114,95.0850335316963,92.1224795523217,96.6701709558854,97.5653426161206,94.0635357570333,94.6409409497143,93.5803956897038,92.1224795523217,96.9616498756893,95.0757528571021,R6,
13.540318916559,0.926146495798038,0.0738535042019624,0.943710710433886,0.0562892895661141,0.170885526263466,0.25227990259518,0.151981081828508,0.00619231319579149,0.0713765140250174,0.0570922478288534,0.3169,0.331,2.7,6269.80929732677,95.080258525892,92.1196223852377,96.66471390929,97.5633183791262,94.0656055158137,94.6327388663486,93.575122885375,92.1196223852377,96.9568675053687,95.0640787605758,R6,
13.5541450675144,0.926221831401471,0.0737781685985292,0.943787474764539,0.0562125252354607,0.17072454007412,0.25219311086706,0.151773818135744,0.0061194805220277,0.0713000472333142,0.05706004697514,0.3169,0.331,2.7,6269.80929733307,95.075490549355,92.1167708134153,96.6592619223971,97.561298197833,94.0676695276567,94.6245534463956,93.569859413494,92.1167708134153,96.9520924232941,95.0524186503538,R6,
13.5679712184698,0.926297013466632,0.0737029865333676,0.943864082645093,0.0561359173549068,0.170563553884774,0.25210631913894,0.151566976858248,0.00604679628542164,0.0712237362853091,0.0570279117486095,0.3169,0.331,2.7,6269.80929733309,95.0707296028154,92.1139248207321,96.6538150278737,97.5592820602727,94.0697278132893,94.6163846393016,93.5646052533399,92.1139248207321,96.9473246260765,95.040772581637,R6,
13.5817973694252,0.926372042462424,0.0736279575375759,0.943940534553342,0.0560594654466579,0.170402567695428,0.25201952741082,0.151360556705976,0.00597426003265013,0.0711475807050596,0.0569958419488382,0.3169,0.331,2.7,6269.80929732343,95.0659756867572,92.111084391104,96.6483732577929,97.5572699545278,94.0717803933216,94.6082323947299,93.5593603842101,92.111084391104,96.9425641101831,95.0291406081883,R6,
13.5956235203806,0.926446918855841,0.0735530811441595,0.944016830965137,0.0559831690348631,0.170241581506083,0.2519327356827,0.15115455639413,0.00590187131223403,0.071071580018559,0.0569638373762176,0.3169,0.331,2.7,6269.80929732711,95.061228801453,92.1082495084053,96.642936643666,97.5552618686636,94.0738272880648,94.6000966627445,93.5541247854519,92.1082495084053,96.9378108720629,95.0175227825651,R6,
13.609449671336,0.926521643111978,0.0734783568880217,0.944092972354395,0.0559070276456052,0.170080595316737,0.25184594395458,0.150948974643134,0.00582962967452883,0.0709957337537272,0.0569318978319507,0.3169,0.331,2.7,6269.80929732155,95.0564889468685,92.1054201567553,96.6375052163381,97.5532577908833,94.0758685180935,94.5919773932729,93.5488984364169,92.1054201567553,96.9330649077214,95.0059191554663,R6,
13.6232758222915,0.926596215694046,0.073403784305954,0.944168959193109,0.0558310408068909,0.169919609127391,0.25175915222646,0.150743810178605,0.00575753467171548,0.0709200414404002,0.056900023118047,0.3169,0.331,2.7,6269.80929733307,95.0517561228024,92.1025963201328,96.6320790061546,97.5512577093441,94.0779041035156,94.5838745368023,93.5436813165087,92.1025963201328,96.9283262132985,94.994329776663,R6,
13.6371019732469,0.926670637063374,0.0733293629366261,0.944244791951359,0.055755208048641,0.169758622938046,0.25167236049834,0.150539061731331,0.00568558585779089,0.070844502610321,0.0568682130373193,0.3169,0.331,2.7,6269.80929732934,95.0470303287345,92.0997779828145,96.6266580427873,97.5492616123535,94.0799340648038,94.5757880435817,93.5384734051327,92.0997779828145,96.9235947844116,94.9827546939909,R6,
13.6509281242023,0.926744907679423,0.0732550923205771,0.944320471097319,0.0556795289026808,0.1695976367487,0.25158556877022,0.150334728037238,0.00561378278855908,0.0707691167971294,0.0568364673933793,0.3169,0.331,2.7,6269.80929733233,95.0423115639929,92.096965128919,96.6212423554272,97.5472694881633,94.0819584219191,94.5677178644622,93.5332746817542,92.096965128919,96.9188706168502,94.9711939544479,R6,
13.6647542751577,0.926819027999795,0.0731809720002052,0.94439599709727,0.0556040029027304,0.169436650559354,0.2514987770421,0.150130807837372,0.00554212502162163,0.070693883536353,0.0568047859906332,0.3169,0.331,2.7,6269.80929733428,95.0375998276388,92.0941577427379,96.6158319726651,97.5452813251279,94.0839771949642,94.5596639502671,93.5280851258464,92.0941577427379,96.9141537060667,94.9596476034348,R6,
13.6785804261131,0.926892998480241,0.0731070015197593,0.944471370415605,0.0555286295843952,0.169275664370009,0.25141198531398,0.149927299877867,0.00547061211636893,0.0706188023653969,0.0567731686342784,0.3169,0.331,2.7,6269.80929732155,95.0328951185041,92.0913558086513,96.6104269225255,97.5432971116552,94.0859904040036,94.5516262519729,93.522904716915,92.0913558086513,96.9094440473225,94.9481156849866,R6,
13.6924065770685,0.926966819574671,0.0730331804253285,0.944546591514844,0.0554534084851562,0.169114678180663,0.25132519358586,0.149724202909922,0.005399243633971,0.0705438728235351,0.0567416151302989,0.3169,0.331,2.7,6269.80929732269,95.0281974352652,92.0885593109268,96.6050272325575,97.541316836118,94.0879980686785,94.5436047210657,93.5177334345216,92.0885593109268,96.9047416359912,94.9365982422622,R6,
13.7062327280239,0.927040491735166,0.072959508264834,0.944621660855639,0.0553783391443609,0.168953691991317,0.25123840185774,0.149521515689774,0.00532801913736857,0.0704690944519003,0.0567101252854616,0.3169,0.331,2.7,6269.80929732934,95.0235067763323,92.0857682340348,96.5996329297183,97.5393404870036,94.090000208839,94.535599308943,93.5125712582326,92.0857682340348,96.9000464670657,94.9250953168215,R6,
13.7200588789793,0.927114015411981,0.0728859845880189,0.944696578896787,0.0553034211032133,0.168792705801972,0.25115161012962,0.149319236978676,0.00525693819126402,0.0703944667934751,0.0566786989073124,0.3169,0.331,2.7,6269.80929732309,95.0188231398919,92.0829825625489,96.594244040415,97.5373680528588,94.0919968443179,94.5276099671313,93.5074181676452,92.0829825625489,96.8953585353349,94.9136069488834,R6,
13.7338850299348,0.92718739105356,0.0728126089464396,0.944771346095235,0.0552286539047652,0.168631719612626,0.2510648184015,0.149117365542866,0.00518600036211273,0.0703199893930822,0.056647335804172,0.3169,0.331,2.7,6269.80929732934,95.0141465239911,92.0802022809231,96.5888605906089,97.535399522193,94.0939879945256,94.5196366476642,93.5022741424134,92.0802022809231,96.8906778357143,94.9021331778861,R6,
13.7477111808902,0.927260619106544,0.0727393808934565,0.944845962906094,0.0551540370939065,0.16847073342328,0.25097802667338,0.148915900153548,0.0051152052181141,0.0702456617973757,0.0566160357851322,0.3169,0.331,2.7,6269.80929733428,95.0094769264168,92.0774273738238,96.5834826056816,97.5334348836318,94.0959736790908,94.5116793024766,93.497139162197,92.0774273738238,96.886004362738,94.8906740416947,R6,
13.7615373318456,0.927333700015775,0.0726662999842248,0.944920429782644,0.0550795702173561,0.168309747233935,0.25089123494526,0.148714839586862,0.00504455232920286,0.0701714835548314,0.0565847986600524,0.3169,0.331,2.7,6269.80929733233,95.0048143447736,92.074657825945,96.5781101105232,97.531474125832,94.097953917493,94.5037378837562,93.4920132066937,92.074657825945,96.8813381108544,94.879229577091,R6,
13.775363482801,0.927406634224314,0.072593365775686,0.944994747176347,0.0550052528236529,0.168148761044589,0.25080444321714,0.148514182623863,0.00497404126704033,0.0700974542157378,0.0565536242395549,0.3169,0.331,2.7,6269.80929732343,95.0001587764796,92.0718936220128,96.5727431295307,97.5295172374788,94.0999287290844,94.4958123439189,93.4868962556402,92.0718936220128,96.8766790744074,94.8677998197634,R6,
13.7891896337564,0.927479422173442,0.0725205778265581,0.945068915536854,0.054931084463146,0.167987774855243,0.25071765148902,0.148313928050494,0.00490367160500578,0.0700235733321873,0.0565225123350216,0.3169,0.331,2.7,6269.80929732343,94.995510218787,92.0691347467472,96.5673816866388,97.5275642072712,94.1018981330062,94.4879026356868,93.481788288812,92.0691347467472,96.8720272477122,94.8563848044215,R6,
13.8030157847118,0.927552064302672,0.0724479356973276,0.945142935312013,0.0548570646879867,0.167826788665898,0.2506308597609,0.148114074657564,0.00483344291818784,0.0699498404580666,0.0564914627585906,0.3169,0.331,2.7,6269.80929732562,94.9908686687285,92.0663811850141,96.5620258052548,97.5256150239945,94.1038621484945,94.4800087117985,93.4766892860069,92.0663811850141,96.8673826248108,94.8449845644542,R6,
13.8168419356672,0.92762456104976,0.07237543895024,0.945216806947881,0.0547831930521186,0.167665802476552,0.25054406803278,0.14791462124072,0.00476335478337588,0.0698762551490484,0.0564604753231513,0.3169,0.331,2.7,6269.80929732711,94.9862341231613,92.0636329217224,96.5566755083161,97.5236696764688,94.1058207946698,94.4721305252096,93.4715992270548,92.0636329217224,96.8627451996441,94.8335991322049,R6,
13.8306680866226,0.927696912850709,0.0723030871492914,0.945290530888731,0.0547094691112688,0.167504816287206,0.25045727630466,0.147715566600426,0.00469340677905164,0.069802816962582,0.0564295498423418,0.3169,0.331,2.7,6269.80929733307,94.9816065787741,92.0608899418034,96.5513308183016,97.5217281535404,94.107774090506,94.4642680291212,93.4665180918281,92.0608899418034,96.858114966073,94.8222285390191,R6,
13.8444942375781,0.927769120139781,0.0722308798602194,0.945364107577061,0.0546358924229395,0.16734383009786,0.25037048457654,0.147516909541937,0.00462359848538063,0.0697295254578844,0.0563986861305443,0.3169,0.331,2.7,6269.80929732155,94.9769860320404,92.058152230354,96.5459917571746,97.5197904441437,94.1097220551066,94.4564211767157,93.4614458602162,92.058152230354,96.8534919176734,94.8108728149391,R6,
13.8583203885335,0.927841183349505,0.0721588166504948,0.945437537453602,0.0545624625463985,0.167182843908515,0.25028369284842,0.147318648875276,0.00455392948420381,0.0696563801959319,0.0563678840028821,0.3169,0.331,2.7,6269.80929733307,94.9723724793552,92.0554197722723,96.5406583465523,97.5178565371492,94.1116647070061,94.448589921821,93.4563825121758,92.0554197722723,96.8488760482862,94.7995319895791,R6,
13.8721465394889,0.927913102910687,0.0720868970893127,0.945510820957329,0.0544891790426707,0.167021857719169,0.2501969011203,0.147120783415211,0.00448439935902929,0.0695833807394509,0.0563371432752153,0.3169,0.331,2.7,6269.80929734012,94.9677659168428,92.0526925527879,96.5353306074799,97.5159264215872,94.1136020651889,94.440774217941,93.4513280276614,92.0526925527879,96.8442673512124,94.7882060908839,R6,
13.8859726904443,0.927984879252416,0.072015120747584,0.94558395852547,0.0544160414745296,0.166860871529823,0.25011010939218,0.14692331198123,0.00441500769502387,0.0695105266529094,0.0563064637641374,0.3169,0.331,2.7,6269.80929732196,94.9631663404715,92.0499705571588,96.5300085605628,97.5140000865159,94.1155341485001,94.4329740188217,93.4462823866674,92.0499705571588,96.8396658196724,94.7768951458733,R6,
13.8997988413997,0.928056512802073,0.071943487197927,0.945656950593512,0.054343049406488,0.166699885340478,0.25002331766406,0.146726233397518,0.004345754079005,0.0694378175025083,0.0562758452869717,0.3169,0.331,2.7,6269.80929731855,94.9585737461386,92.0472537704507,96.5246922260796,97.5120775209271,94.1174609752345,94.4251892788251,93.4412455692516,92.0472537704507,96.8350714471634,94.7655991811772,R6,
13.9136249923551,0.928128003985341,0.0718719960146585,0.94572979759521,0.05427020240479,0.166538899151132,0.24993652593594,0.146529546492933,0.00427663809943239,0.0693652528561727,0.0562452876617678,0.3169,0.331,2.7,6269.80929731855,94.9539881295058,92.0445421779916,96.5193816237817,97.5101587139491,94.1193825640075,94.4174199521185,93.4362175554852,92.0445421779916,96.8304842267426,94.7543182219705,R6,
13.9274511433105,0.928199353226214,0.0718006467737859,0.945802499962598,0.0541975000374018,0.166377912961786,0.24984973420782,0.146333250100985,0.00420765934639996,0.0692928322835437,0.0562147907072974,0.3169,0.331,2.7,6269.80929732677,94.949409486102,92.0418357650986,96.514076773023,97.5082436547172,94.1212989332213,94.409665993173,93.4311983254777,92.0418357650986,96.8259041514606,94.743052292645,R6,
13.9412772942659,0.928270560947002,0.0717294390529985,0.945875058125996,0.0541249418740036,0.166216926772441,0.2497629424797,0.14613734305981,0.00413881741162772,0.0692205553559694,0.0561843542430515,0.3169,0.331,2.7,6269.80929733307,94.9448378112812,92.0391345172035,96.5087776927049,97.5063323324356,94.123210101325,94.4019273565185,93.4261878593676,92.0391345172035,96.8213312141697,94.7318014165246,R6,
13.9551034452214,0.928341627568341,0.0716583724316591,0.945947472514019,0.0540525274859812,0.166055940583095,0.24967615075158,0.145941824212149,0.00407011188845372,0.0691484216464966,0.0561539780892362,0.3169,0.331,2.7,6269.80929733524,94.9402731002582,92.0364384197589,96.5034844013303,97.5044247363344,94.1251160866174,94.3942039969275,93.4211861373347,92.0364384197589,96.8167654076617,94.7205656161003,R6,
13.9689295961768,0.928412553509204,0.071587446490796,0.946019743553583,0.053980256446417,0.165894954393749,0.24958935902346,0.145746692405326,0.004001542371826,0.0690764307298626,0.0561236620667695,0.3169,0.331,2.7,6269.80929731929,94.935715348084,92.0337474583196,96.4981969169728,97.5025208557072,94.1270169074167,94.3864958692556,93.4161931395841,92.0337474583196,96.8122067245567,94.7093449128593,R6,
13.9827557471322,0.928483339186906,0.0715166608130945,0.946091871669918,0.053908128330082,0.165733968204404,0.24950256729534,0.145551946491221,0.0039331084582947,0.0690045821824867,0.0560934059972779,0.3169,0.331,2.7,6269.80929732562,94.9311645497463,92.0310616182732,96.4929152573926,97.5006206797871,94.1289125815302,94.3788029289434,93.4112088463937,92.0310616182732,96.8076551577104,94.69813932794,R6,
13.9965818980876,0.928553985017111,0.0714460149828891,0.946163857286572,0.0538361427134275,0.165572982015058,0.24941577556722,0.145357585326254,0.00386480974600408,0.0689328755824618,0.0560632097030925,0.3169,0.331,2.7,6269.80929732711,94.9266206999904,92.0283808853324,96.4876394398364,97.4987241979733,94.130803127224,94.3711251310973,93.4062332380322,92.0283808853324,96.8031106994597,94.6869488809677,R6,
14.010408049043,0.928624491413845,0.0713755085861547,0.946235700825423,0.0537642991745768,0.165411995825712,0.2493289838391,0.145163607771357,0.00379664583468469,0.0688613105095464,0.0560330730072456,0.3169,0.331,2.7,6269.80929732343,94.9220837934619,92.0257052451568,96.4823694812035,97.4968313996479,94.1326885624677,94.3634624312046,93.4012662948257,92.0257052451568,96.7985733422107,94.6757735909785,R6,
14.0242341999984,0.928694858789501,0.0713051412104993,0.946307402706683,0.0536925972933167,0.165251009636367,0.24924219211098,0.144970012691955,0.00372861632564553,0.068789886545156,0.0560029957334678,0.3169,0.331,2.7,6269.80929733307,94.9175538247003,92.023034683378,96.4771053980391,97.4949422742086,94.1345689050142,94.355814785059,93.3963079971427,92.023034683378,96.7940430783911,94.6646134763699,R6,
14.0380603509538,0.928765087554845,0.0712349124451552,0.946378963348911,0.0536210366510895,0.165090023447021,0.24915540038286,0.144776798957942,0.00366072082176635,0.0687186032723552,0.0559729777061838,0.3169,0.331,2.7,6269.8092973304,94.9130307880441,92.020369185865,96.4718472064267,97.4930568111629,94.1364441728791,94.3481821483022,93.391358325368,92.020369185865,96.7895199000605,94.6534685542883,R6,
14.0518865019092,0.928835178119028,0.0711648218809716,0.946450383169015,0.0535496168309849,0.164929037257675,0.24906860865474,0.144583965443659,0.0035929589274898,0.0686474602758498,0.0559430187505093,0.3169,0.331,2.7,6269.80929733428,94.9085146777692,92.0177087383507,96.4665949221555,97.491174999986,94.1383143836577,94.3405644770742,93.3864172599431,92.0177087383507,96.7850037994677,94.6423388415184,R6,
14.0657126528647,0.928905130889594,0.0710948691104064,0.946521662582268,0.0534783374177319,0.16476805106833,0.24898181692662,0.144391511027876,0.00352533024881381,0.0685764571419782,0.0559131186922479,0.3169,0.331,2.7,6269.80929733938,94.9040054879863,92.0150533267258,96.461348560599,97.489296830231,94.1401795550524,94.3329617275098,93.3814847813362,92.0150533267258,96.780494768615,94.6312243538209,R6,
14.0795388038201,0.928974946272482,0.0710250537275184,0.94659280200231,0.0534071979976904,0.164607064878984,0.2488950251985,0.144199434593764,0.00345783439328401,0.0685055934587038,0.055883277357887,0.3169,0.331,2.7,6269.80929732711,94.8995032126588,92.0124029369808,96.4561081367343,97.4874222915119,94.1420397047967,94.3253738558125,93.3765608700438,92.0124029369808,96.775992799335,94.6201251060556,R6,
14.0933649547755,0.929044624672041,0.0709553753279592,0.946663801841156,0.0533361981588439,0.164446078689638,0.24880823347038,0.144007735028879,0.00339047096998603,0.0684348688156069,0.0558534945745955,0.3169,0.331,2.7,6269.8092973197,94.8950078456914,92.009757554996,96.4508736652572,97.4855513734085,94.1438948502304,94.3178008186605,93.3716455066258,92.009757554996,96.7714978836322,94.6090411127205,R6,
14.1071911057309,0.929114166491034,0.0708858335089656,0.946734662509209,0.0532653374907908,0.164285092500293,0.24872144174226,0.143816411225135,0.003323239589538,0.0683642828038767,0.0558237701702193,0.3169,0.331,2.7,6269.80929732343,94.8905193808451,92.0071171667604,96.4456451604848,97.4836840655783,94.1457450087458,94.3102425727751,93.3667386716631,92.0071171667604,96.7670100133322,94.5979723874216,R6,
14.1210172566863,0.929183572130648,0.070816427869352,0.946805384415263,0.053194615584737,0.164124106310947,0.24863465001414,0.14362546207879,0.00325613986408314,0.0682938350163035,0.0557941039732787,0.3169,0.331,2.7,6269.8092973304,94.8860378117367,92.0044817583817,96.440422636343,97.4818203577239,94.1475901977629,94.3026990749448,93.3618403457749,92.0044817583817,96.7625291800748,94.5869189428876,R6,
14.1348434076417,0.929252841990498,0.0707471580095023,0.946875967966512,0.0531240320334878,0.163963120121601,0.24854785828602,0.143434886490417,0.00318917140728212,0.068223525047271,0.0557644958129652,0.3169,0.331,2.7,6269.80929733428,94.8815631318742,92.0018513160048,96.4352061064247,97.4799602396003,94.149430434623,94.2951702821371,93.3569505096133,92.0018513160048,96.7580553754436,94.5758807911471,R6,
14.1486695585971,0.929321976468637,0.0706780235313625,0.94694641356856,0.0530535864314402,0.163802133932255,0.2484610665579,0.143244683364889,0.00312233383430577,0.0681533524927482,0.0557349455191376,0.3169,0.331,2.7,6269.80929733524,94.8770953346584,91.9992258258006,96.4299955839895,97.4781037009795,94.1512657365367,94.2876561515306,93.3520691438719,91.9992258258006,96.7535885909724,94.5648579435863,R6,
14.1624957095525,0.929390975961567,0.070609024038433,0.947016721625425,0.0529832783745751,0.16364114774291,0.24837427482978,0.143054851611353,0.0030556267618277,0.068083316950282,0.0557054529223192,0.3169,0.331,2.7,6269.80929733307,94.8726344133804,91.9966052739911,96.4247910819612,97.4762507316763,94.1530961206478,94.2801566404666,93.3471962292822,91.9966052739911,96.7491288181207,94.5538504108973,R6,
14.1763218605079,0.929459840864239,0.0705401591357611,0.94708689253955,0.0529131074604494,0.163480161553564,0.24828748310166,0.142865390143213,0.00298904980801692,0.0680134180189893,0.0556760178536947,0.3169,0.331,2.7,6269.80929732562,94.8681803612185,91.9939896468607,96.4195926129256,97.4744013215386,94.1549216040394,94.2726717064388,93.3423317466202,91.9939896468607,96.7446760482572,94.5428582030679,R6,
14.1901480114634,0.929528571570067,0.0704714284299333,0.947156926711811,0.0528430732881886,0.163319175364218,0.248200691373541,0.142676297878109,0.00292260259253064,0.0679436552995494,0.0556466401451064,0.3169,0.331,2.7,6269.80929733307,94.8637331712797,91.9913789306437,96.4144001891873,97.4725554604252,94.1567422035527,94.2652013072633,93.3374756767004,91.9913789306437,96.7402302728201,94.531881329645,R6,
14.2039741624188,0.929597168470932,0.0704028315290677,0.947226824541521,0.052773175458479,0.163158189174873,0.248113899645421,0.142487573737893,0.00285628473650689,0.0678740283941962,0.0556173196290516,0.3169,0.331,2.7,6269.80929734087,94.8592928365135,91.988773111773,96.4092138226631,97.4707131382853,94.1585579362254,94.2577454006662,93.3326280003636,91.988773111773,96.7357914829576,94.520919799174,R6,
14.2178003133742,0.929665631957193,0.0703343680428072,0.94729658642644,0.0527034135735604,0.162997202985527,0.248027107917301,0.142299216648613,0.00279009586255748,0.0678045369067112,0.055588056138679,0.3169,0.331,2.7,6269.80929733428,94.8548593497629,91.9861721767322,96.4040335249437,97.4688743451034,94.1603688190146,94.250303944539,93.327788698488,91.9861721767322,96.7313596697313,94.5099736195513,R6,
14.2316264643296,0.929733962417689,0.0702660375823113,0.947366212762782,0.0526337872372179,0.162836216796181,0.247940316189181,0.142111225540488,0.00272403559476073,0.0677351804424153,0.0555588495077857,0.3169,0.331,2.7,6269.80929732492,94.850432703816,91.9835761119397,96.398859307369,97.4670390708639,94.1621748686146,94.2428768971172,93.3229577520019,91.9835761119397,96.7269348243162,94.4990427983055,R6,
14.245452615285,0.929802160239751,0.0701978397602492,0.947435703945225,0.052564296054775,0.162675230606836,0.247853524461061,0.141923599347893,0.00265810355865438,0.0676659586081619,0.0555296995708141,0.3169,0.331,2.7,6269.80929733312,94.846012891374,91.9809849038316,96.3936911809771,97.4652073055647,94.1639761015766,94.2354642168664,93.3181351418787,91.9809849038316,96.7225169378685,94.488127342428,R6,
14.2592787662404,0.929870225809208,0.0701297741907923,0.947505060366914,0.0524949396330861,0.16251424441749,0.247766732732941,0.141736337009333,0.00259229938122851,0.067596871012329,0.0555006061628487,0.3169,0.331,2.7,6269.80929733428,94.8415999049735,91.9783985390793,96.3885291564185,97.4633790393218,94.1657725347256,94.2280658620865,93.313320849111,91.9783985390793,96.7181060011905,94.4772272578546,R6,
14.2731049171958,0.929938159510393,0.070061840489607,0.947574282419471,0.0524257175805287,0.162353258228144,0.247679941004821,0.141549437467428,0.00252662269091859,0.0675279172648122,0.055471569119613,0.3169,0.331,2.7,6269.80929733524,94.8371937371033,91.9758170042682,96.3833732441023,97.4615542622341,94.1675641845742,94.2206817914567,93.308514854738,91.9758170042682,96.7137020052178,94.4663425502347,R6,
14.2869310681512,0.930005961726152,0.0699940382738475,0.947643370493004,0.0523566295069965,0.162192272038799,0.247593149276701,0.14136289966889,0.00246107311759834,0.0674590969770171,0.0554425882774664,0.3169,0.331,2.7,6269.80929732562,94.8327943801359,91.9732402861056,96.3782234541111,97.4597329644644,94.1693510676991,94.213311963698,93.3037171398339,91.9732402861056,96.7093049407161,94.4554732244589,R6,
14.3007572191067,0.930073632837851,0.0699263671621486,0.947712324976108,0.0522876750238915,0.162031285849453,0.247506357548581,0.141176722564507,0.00239565029257285,0.0673904097618521,0.0554136634734012,0.3169,0.331,2.7,6269.80929732934,94.8284018264057,91.9706683712061,96.3730797963,97.4579151361532,94.1711332003415,94.2059563379313,93.2989276855295,91.9706683712061,96.7049147986062,94.4446192851781,R6,
14.3145833700621,0.930141173225382,0.0698588267746184,0.947781146255883,0.0522188537441174,0.161870299660107,0.247419565820461,0.140990905109117,0.00233035384857174,0.0673218552337212,0.0553847945450394,0.3169,0.331,2.7,6269.8092973197,94.8240160680795,91.9681012464428,96.3679422801348,97.4561007675636,94.172910599061,94.1986148730724,93.2941464729704,91.9681012464428,96.7005315694194,94.4337807359721,R6,
14.3284095210175,0.930208583267169,0.0697914167328314,0.947849834717928,0.0521501652820719,0.161709313470762,0.247332774092341,0.140805446261594,0.00226518341974211,0.0672534330085165,0.0553559813306298,0.3169,0.331,2.7,6269.80929733524,94.819637097342,91.9655388984586,96.3628109149342,97.4542898488858,94.1746832798523,94.1912875286603,93.2893734833707,91.9655388984586,96.6961552440542,94.4229575805202,R6,
14.3422356719729,0.930275863340179,0.0697241366598211,0.947918390746361,0.0520816092536394,0.161548327281416,0.247245982364221,0.140620344984827,0.00220013864164191,0.0671851427036117,0.0553272236690448,0.3169,0.331,2.7,6269.80929733307,94.8152649061627,91.9629813142898,96.3576857095685,97.4524823704853,94.1764512592621,94.1839742637992,93.2846086979416,91.9629813142898,96.6917858128206,94.4121498211348,R6,
14.3560618229283,0.930343013819926,0.0696569861800736,0.947986814723815,0.0520131852761844,0.16138734109207,0.247159190636101,0.140435600245698,0.00213521915123299,0.067116983937854,0.0552985213997778,0.3169,0.331,2.7,6269.80929734087,94.8108994865408,91.9604284807262,96.3525666727743,97.4506783226328,94.1782145532257,94.176675038268,93.2798520979759,91.9604284807262,96.6874232664268,94.4013574602967,R6,
14.3698879738837,0.93041003508048,0.06958996491952,0.948055107031456,0.0519448929685439,0.161226354902725,0.247072398907981,0.140251211015068,0.00207042458687444,0.0670489563315578,0.0552698743629396,0.3169,0.331,2.7,6269.80929731737,94.8065408302837,91.9578803848846,96.3474538128797,97.4488776957672,94.1799731781399,94.1693898114831,93.2751036647624,91.9578803848846,96.6830675950798,94.3905804992727,R6,
14.3837141248391,0.930476927494471,0.0695230725055295,0.94812326804898,0.0518767319510202,0.161065368713379,0.246985607179861,0.140067176267755,0.00200575458831582,0.0669810595064973,0.055241282399256,0.3169,0.331,2.7,6269.80929732711,94.8021889292908,91.9553370134977,96.3423471381554,97.4470804801701,94.1817271495276,94.1621185437976,93.2703633796918,91.9553370134977,96.6787187896175,94.3798189398688,R6,
14.3975402757945,0.930543691433097,0.069456308566903,0.948191298154625,0.0518087018453745,0.160904382524033,0.246898815451741,0.139883494982511,0.00194120879669047,0.0669132930858996,0.0552127453500646,0.3169,0.331,2.7,6269.80929733524,94.7978437752225,91.9527983537535,96.3372466564067,97.4452866663314,94.183476483598,94.1548611949906,93.2656312241417,91.9527983537535,96.6743768401756,94.3690727823821,R6,
14.41136642675,0.930610327266134,0.0693896727338658,0.948259197725181,0.0517408022748192,0.160743396334687,0.246812023723621,0.139700166142012,0.001876786854509,0.0668456566944377,0.0551842630573116,0.3169,0.331,2.7,6269.80929732934,94.7935053597016,91.9502643927896,96.3321523752319,97.443496244744,94.1852211963288,94.1476177251456,93.2609071795299,91.9502643927896,96.6700417369956,94.3583420268479,R6,
14.4251925777054,0.930676835361939,0.0693231646380607,0.948326967135989,0.0516730328640115,0.160582410145342,0.246725231995501,0.139517188732831,0.00181248840565249,0.0667781499582235,0.0551558353635496,0.3169,0.331,2.7,6269.80929733312,94.7891736743323,91.9477351176475,96.3270643020329,97.4417092058634,94.1869613033477,94.1403880947748,93.2561912273484,91.9477351176475,96.6657134704866,94.3476266731575,R6,
14.4390187286608,0.930743216087458,0.0692567839125415,0.948394606760954,0.0516053932390462,0.160421423955996,0.246638440267381,0.139334561745425,0.00174831309536612,0.066710772504801,0.0551274621119339,0.3169,0.331,2.7,6269.80929732155,94.7848487105701,91.9452105156103,96.3219824438707,97.4399255402712,94.1886968205941,94.1331722641729,93.2514833490921,91.9452105156103,96.6613920307042,94.3369267202453,R6,
14.4528448796162,0.930809469808234,0.0691905301917663,0.948462116972551,0.0515378830274486,0.16026043776665,0.246551648539261,0.139152284174111,0.00168426057025248,0.0666435239631394,0.0550991431462201,0.3169,0.331,2.7,6269.80929734278,94.7805304599156,91.942690573709,96.3169068076981,97.4381452384522,94.1904277633773,94.1259701943283,93.2467835263437,91.942690573709,96.6570774081201,94.3262421672957,R6,
14.4666710305716,0.930875596888409,0.0691244031115905,0.948529498141832,0.0514705018581684,0.160099451577305,0.246464856811141,0.138970355017055,0.00162033047826522,0.0665764039636265,0.0550708783107612,0.3169,0.331,2.7,6269.80929733307,94.7762189136199,91.9401752794784,96.3118373999987,97.4363682911225,94.1921541477987,94.1187818455523,93.2420917406537,91.9401752794784,96.6527695924404,94.3155730119145,R6,
14.480497181527,0.93094159769074,0.0690584023092601,0.948596750638428,0.051403249361572,0.159938465387959,0.246378065083021,0.138788773276244,0.00155652246870253,0.0665094121380614,0.0550426674505045,0.3169,0.331,2.7,6269.80929733312,94.7719140630359,91.9376646200707,96.306774227222,97.4345946888495,94.1938759890958,94.1116071790728,93.2374079736829,91.9376646200707,96.6484685739977,94.304919252296,R6,
14.4943233324824,0.931007472576595,0.0689925274234055,0.948663874830564,0.0513361251694364,0.159777479198613,0.246291273354901,0.138607537957478,0.00149283619220074,0.0664425481196483,0.0550145104109891,0.3169,0.331,2.7,6269.80929732934,94.7676158993623,91.9351585829056,96.3017172954744,97.4328244223321,94.1955933028575,94.1044461558642,93.2327322070904,91.9351585829056,96.6441743427304,94.2942808856439,R6,
14.5081494834378,0.931073221905966,0.0689267780940344,0.948730871085058,0.0512691289149423,0.159616493009268,0.246204481626781,0.138426648070344,0.00142927130072791,0.0663758115429897,0.0549864070383426,0.3169,0.331,2.7,6269.80929732155,94.763324413753,91.9326571553941,96.2966666106446,97.4310574822754,94.1973061044999,94.0972987371506,93.228064422591,91.9326571553941,96.6398868886144,94.2836579088538,R6,
14.5219756343933,0.931138846037474,0.0688611539625256,0.948797739767333,0.0512022602326672,0.159455506819922,0.246117689898661,0.138246102628201,0.00136582744757755,0.0663092020440796,0.0549583571792788,0.3169,0.331,2.7,6269.80929731855,94.7590395973142,91.9301603249525,96.2916221784158,97.4292938594052,94.1990144093104,94.0901648843619,93.2234046019395,91.9301603249525,96.6356062016473,94.2730503184814,R6,
14.5358017853487,0.931204345328378,0.0687956546716224,0.948864481241421,0.051135518758579,0.159294520630576,0.246030898170541,0.138065900648163,0.00130250428736233,0.0662427192602967,0.0549303606810949,0.3169,0.331,2.7,6269.80929732934,94.7547614410924,91.9276680790443,96.2865840042399,97.4275335444804,94.2007182325113,94.0830445590804,93.2187527269357,91.9276680790443,96.6313322717809,94.2624581106665,R6,
14.5496279363041,0.931269720134574,0.068730279865426,0.948931095869971,0.0510689041300293,0.159133534441231,0.245944106442421,0.137886041151079,0.00123930147600769,0.0661763628303984,0.0549024173916681,0.3169,0.331,2.7,6269.80929733048,94.7504899360173,91.9251804053075,96.2815520932727,97.4257765283479,94.2024175895048,94.075937722793,93.2141087793984,91.9251804053075,96.6270650887164,94.2518812807978,R6,
14.5634540872595,0.931334970810611,0.068665029189389,0.948997584014253,0.0510024159857471,0.158972548251885,0.245857314714301,0.137706523161517,0.00117621867074575,0.0661101323945139,0.0548745271594536,0.3169,0.331,2.7,6269.80929732562,94.7462250730066,91.922697291316,96.2765264505091,97.424022801845,94.2041124954276,94.0688443373258,93.209472741197,91.922697291316,96.6228046422964,94.2413198241357,R6,
14.5772802382149,0.931400097709691,0.0685999022903094,0.949063946034169,0.0509360539658316,0.158811562062539,0.245770522986181,0.137527345707745,0.00111325553010904,0.0660440275941373,0.0548466898334816,0.3169,0.331,2.7,6269.80929733428,94.7419668429443,91.9202187246192,96.2715070807526,97.4222723558098,94.2058029652291,94.0617643647682,93.2048445942616,91.9202187246192,96.6185509224182,94.2307737356959,R6,
14.5911063891703,0.931465101183676,0.0685348988163236,0.949130182288254,0.0508698177117464,0.158650575873194,0.245683731258061,0.137348507821715,0.00105041171392434,0.0659780480721221,0.0548189052633542,0.3169,0.331,2.7,6269.80929733428,94.7377152365912,91.9177446929873,96.2664939885078,97.4205251811891,94.2074890141109,94.0546977670476,93.200224320528,91.9177446929873,96.6143039186754,94.2202430096835,R6,
14.6049325401257,0.931529981583099,0.0684700184169006,0.949196293133687,0.0508037068663127,0.158489589683848,0.245596939529941,0.137170008539044,0.000987686883306569,0.0659121934726737,0.0547911732992432,0.3169,0.331,2.7,6269.80929732711,94.733470244692,91.9152751841297,96.2614871781147,97.418781268921,94.2091706570397,94.047644506402,93.1956119019889,91.9152751841297,96.6100636207838,94.2097276401558,R6,
14.6187586910811,0.931594739257164,0.0684052607428356,0.949262278926297,0.050737721073703,0.158328603494502,0.245510147801821,0.136991846898998,0.000925080700652734,0.065846463441344,0.0547634937918874,0.3169,0.331,2.7,6269.80929732155,94.7292318579477,91.9128101857743,96.2564866537137,97.4170406099617,94.2108479088571,94.040604545269,93.1910073206874,91.9128101857743,96.6058300184589,94.1992276208597,R6,
14.6325848420366,0.931659374553756,0.0683406254462435,0.949328140020565,0.0506718599794346,0.158167617305157,0.245423356073701,0.136814021944473,0.000862592829635732,0.0657808576250242,0.0547358665925894,0.3169,0.331,2.7,6269.80929733233,94.725000067019,91.9103496856675,96.2514924192567,97.4153031952908,94.2125207842997,94.0335778462694,93.1864105587057,91.9103496856675,96.6016031014274,94.1887429452351,R6,
14.646410992992,0.931723887819447,0.0682761121805527,0.949393876769636,0.0506061232303634,0.158006631115811,0.245336564345581,0.136636532721981,0.000800222935198514,0.0657153756719388,0.0547082915532134,0.3169,0.331,2.7,6269.8092973197,94.7207748624244,91.9078936718222,96.2465044783724,97.4135690160159,94.2141892984563,94.0265643717626,93.1818215981325,91.9078936718222,96.5973828590255,94.1782736058075,R6,
14.6602371439474,0.931788279399501,0.0682117206004993,0.949459489525323,0.0505405104746775,0.157845644926465,0.245249772617461,0.136459378281629,0.000737970683547996,0.0656500172316398,0.0546807685261826,0.3169,0.331,2.7,6269.80929733906,94.7165562347908,91.9054421318999,96.2415228346958,97.4118380631128,94.215853465636,94.0195640849449,93.177240421154,91.9054421318999,96.5931692811778,94.1678195957052,R6,
14.6740632949028,0.93185254963788,0.0681474503621203,0.949524978638109,0.0504750213618907,0.15768465873712,0.245162980889341,0.136282557677105,0.000675835742149109,0.0655847819549994,0.0546532973644762,0.3169,0.331,2.7,6269.80929732562,94.712344174496,91.9029950541041,96.2365474913995,97.4101103277956,94.2175133009905,94.0125769482714,93.172667009929,91.9029950541041,96.5889623569918,94.157380906486,R6,
14.6878894458582,0.931916698877252,0.0680833011227482,0.949590344457163,0.050409655542837,0.157523672547774,0.245076189161221,0.13610606996566,0.00061381777971881,0.0655196694942048,0.054625877921627,0.3169,0.331,2.7,6269.8092973197,94.7081386720452,91.9005524262479,96.2315784516897,97.4083858011263,94.2191688188194,94.0056029251081,93.1681013467167,91.9005524262479,96.5847620762259,94.1469575304277,R6,
14.7017155968136,0.931980727458996,0.0680192725410044,0.949655587330337,0.0503444126696633,0.157362686358428,0.244989397433101,0.135929914208091,0.000551916466220411,0.0654546795027514,0.0545985100517188,0.3169,0.331,2.7,6269.80929732155,94.703939717832,91.8981142363454,96.2266157184964,97.4066644742755,94.2208200336676,93.9986419786577,93.1635434137911,91.8981142363454,96.5805684283542,94.1365494590683,R6,
14.715541747769,0.932044635723207,0.067955364276793,0.949720707604176,0.0502792923958242,0.157201700169082,0.244902605704981,0.135754089468725,0.000490131472857482,0.065389811635437,0.0545711936093839,0.3169,0.331,2.7,6269.80929733428,94.6997473022078,91.8956804724518,96.2216592945593,97.4049463384309,94.2224669599892,93.9916940722923,93.1589931934762,91.8956804724518,96.5763814028294,94.1261566836334,R6,
14.7293678987244,0.932108424008704,0.0678915759912956,0.949785705623925,0.0502142943760754,0.157040713979737,0.244815813976861,0.135578594815404,0.000428462472068146,0.0653250655483553,0.0545439284498003,0.3169,0.331,2.7,6269.80929733906,94.6955614154451,91.8932511227444,96.2167091823912,97.4032313848604,94.2241096123551,93.9847591693441,93.1544506681107,91.8932511227444,96.5722009889433,94.1157791948114,R6,
14.7431940496799,0.932172092653036,0.0678279073469643,0.949850581733532,0.0501494182664676,0.156879727790391,0.244729022248741,0.135403429319463,0.000366909137519279,0.0652604408988903,0.0545167144286893,0.3169,0.331,2.7,6269.80929732196,94.6913820477804,91.8908261754281,96.2117653843275,97.401519604846,94.2257480052322,93.9778372333282,93.149915820086,91.8908261754281,96.5680271759852,94.1054169830096,R6,
14.7570202006353,0.932235641992484,0.0677643580075164,0.949915336275659,0.0500846637243406,0.156718741601045,0.244642230520621,0.13522859205572,0.000305471144100761,0.0651959373457099,0.0544895514023129,0.3169,0.331,2.7,6269.80929733195,94.6872091895143,91.8884056184887,96.2068279026534,97.3998109895954,94.2273821525537,93.9709282283566,93.1453886318731,91.8884056184887,96.5638599536276,94.0950700389664,R6,
14.7708463515907,0.932299072362072,0.0677009276379285,0.949979969591683,0.0500200304083172,0.1565577554117,0.244555438792501,0.135054082102456,0.000244148167919746,0.06513155454876,0.0544624392274711,0.3169,0.331,2.7,6269.80929732934,94.6830428307588,91.8859894403209,96.2018967392922,97.3981055305024,94.2290120688686,93.964032118014,93.1408690859207,91.8859894403209,96.5596993109414,94.0847383522105,R6,
14.7846725025461,0.93236238409557,0.06763761590443,0.950044482021703,0.0499555179782969,0.156396769222354,0.244468647064381,0.134879898541402,0.000182939886294929,0.0650672921692586,0.0544353777614999,0.3169,0.331,2.7,6269.80929733524,94.6788829616866,91.8835776291058,96.1969718961126,97.3964032188844,94.2306377681992,93.957148866479,93.1363571647663,91.8835776291058,96.5555452373646,94.0744219125808,R6,
14.7984986535015,0.932425577525502,0.067574422474498,0.950108873904549,0.0498911260954507,0.156235783033008,0.244381855336261,0.134706040457717,0.000121845977750975,0.0650031498696896,0.0544083668622683,0.3169,0.331,2.7,6269.80929734278,94.6747295723876,91.8811701731826,96.1920533747579,97.3947040461416,94.2322592647303,93.9502784378455,93.1318528509621,91.8811701731826,96.5513977221335,94.0641207093473,R6,
14.8123248044569,0.932488652983149,0.067511347016851,0.950173145577786,0.0498268544222142,0.156074796843663,0.244295063608141,0.134532506939978,6.08661220128024e-05,0.0649391273137974,0.0543814063881759,0.3169,0.331,2.7,6269.80929733307,94.6705826528909,91.8787670609839,96.1871411766668,97.3930080037217,94.2338765726717,93.9434207962601,93.1273561270946,91.8787670609839,96.5472567543764,94.0538347313522,R6,
14.8261509554123,0.932551610798557,0.0674483892014432,0.950237297377717,0.0497627026222826,0.155913810654317,0.244208271880021,0.134359297080163,0,0.0648752241665805,0.0543544961981505,0.3169,0.331,2.7,6269.80929733312,94.6664421932692,91.8763682807921,96.1822353032105,97.3913150830252,94.2354897058332,93.9365759063355,93.122866975827,91.8763682807921,96.5431223235012,94.0435639676292,R6,G-B
