wavelength_nm,S_single_white_W_nm,S_RGB_target_W_nm,S_best_Ra_single_white_W_nm,S_best_Ra_RGB_point_W_nm,S_best_Ra_blend_W_nm,S_best_Rmin8_single_white_W_nm,S_best_Rmin8_RGB_point_W_nm,S_best_Rmin8_blend_W_nm
380,3.66373727932978e-07,8.366781102569e-07,3.31350816741507e-07,8.45920347453366e-08,4.15942851486843e-07,3.35040184961424e-07,7.62180627330714e-08,4.11258247694495e-07
380.2,1.3847399157599e-08,4.24429874662812e-07,1.25236791581722e-08,3.39587853568235e-08,4.64824645149957e-08,1.26631218924228e-08,2.96111527122183e-08,4.22742746046411e-08
380.4,2.30821213723314e-07,1.41942116460982e-06,2.08756228564722e-07,1.15675770334758e-07,3.2443199889948e-07,2.11080588597844e-07,1.01159443283559e-07,3.12240031881403e-07
380.6,1.46837747450086e-07,1.3094207633589e-06,1.32801027575235e-07,1.12334966644043e-07,2.45135994219278e-07,1.34279677591935e-07,9.9006222389402e-08,2.33285899981337e-07
380.8,0,4.29398299371896e-07,0,4.84807687508075e-08,4.84807687508075e-08,0,4.42395085489981e-08,4.42395085489981e-08
381,7.41193364778966e-07,5.84750337188656e-07,6.70340169226936e-07,6.9441834046558e-08,7.39782003273494e-07,6.77803955618654e-07,6.37042208617121e-08,7.41508176480366e-07
381.2,1.75303054793423e-06,1.25802956134666e-06,1.58545239340163e-06,1.29382113392153e-07,1.71483450679378e-06,1.60310533819268e-06,1.16815384066049e-07,1.71992072225873e-06
381.4,1.29621641312558e-06,8.56285725575608e-07,1.17230667598928e-06,8.42277578319687e-08,1.25653443382125e-06,1.18535952142036e-06,7.56314122483411e-08,1.26099093366871e-06
381.6,1.82134728555824e-07,9.68559048403811e-08,1.64723850163746e-07,8.84148430937885e-09,1.73565334473125e-07,1.66557939313828e-07,7.86150300378024e-09,1.74419442317609e-07
381.8,0,4.72831348291039e-07,0,5.81027677365603e-08,5.81027677365603e-08,0,5.34850442613751e-08,5.34850442613751e-08
382,0,1.07177715528466e-06,0,1.34504239847585e-07,1.34504239847585e-07,0,1.24068337073576e-07,1.24068337073576e-07
382.2,6.82144066457117e-07,8.0581243248983e-07,6.16935594239134e-07,1.06860395735446e-07,7.23795989974579e-07,6.23804756649852e-07,9.9078035465425e-08,7.22882792115277e-07
382.4,1.42254472647462e-06,3.81430505447477e-07,1.28655883604983e-06,6.13292897114682e-08,1.3478881257613e-06,1.30088380234825e-06,5.77651782235083e-08,1.35864898057176e-06
382.6,1.53871200606313e-06,9.59915973915998e-07,1.3916212901386e-06,1.14310196504317e-07,1.50593148664292e-06,1.40711605611651e-06,1.04894945585546e-07,1.51201100170205e-06
382.8,1.39885006051389e-06,1.38352779376652e-06,1.26512922382627e-06,1.53701309734022e-07,1.41883053356029e-06,1.27921558582282e-06,1.40008019972972e-07,1.41922360579579e-06
383,1.09149680527507e-06,7.51488656572495e-07,9.87156911984699e-07,1.00084099270583e-07,1.08724101125528e-06,9.98148239469457e-07,9.28311481668178e-08,1.09097938763627e-06
383.2,1.06359359767168e-06,6.59655191110717e-07,9.61921066933104e-07,9.06204746005646e-08,1.05254154153367e-06,9.72631410276486e-07,8.42846562079397e-08,1.05691606648443e-06
383.4,1.79626898946841e-06,3.01304594814427e-06,1.62455752519646e-06,3.03175530098574e-07,1.92773305529503e-06,1.64264587929749e-06,2.73002947761978e-07,1.91564882705947e-06
383.6,2.22144699788788e-06,4.6964356234092e-06,2.00909132117893e-06,4.51528889753576e-07,2.46062021093251e-06,2.03146120016146e-06,4.04264711703039e-07,2.4357259118645e-06
383.8,1.72088997306049e-06,4.01866549406342e-06,1.55638424543414e-06,3.80957930188244e-07,1.93734217562239e-06,1.57371353597144e-06,3.40454506018376e-07,1.91416804198982e-06
384,1.14210019468391e-06,2.73273511941011e-06,1.03292295122858e-06,2.6308795515437e-07,1.29601090638295e-06,1.04442385274245e-06,2.35590096987562e-07,1.28001394973002e-06
384.2,8.16212060840774e-07,1.49127277265033e-06,7.38187572890963e-07,1.62375939691659e-07,9.00563512582621e-07,7.464067944355e-07,1.47579568307154e-07,8.93986362742653e-07
384.4,5.81067002964041e-07,6.63504466633962e-07,5.25520831146758e-07,8.97622057736586e-08,6.15283036920417e-07,5.31372151727174e-07,8.33739720446536e-08,6.14746123771828e-07
384.6,4.72812358176292e-07,4.24802537541699e-07,4.27614616176441e-07,6.08933508971481e-08,4.88507967073589e-07,4.32375816981098e-07,5.68414671524651e-08,4.89217284133563e-07
384.8,9.34267419042938e-07,1.11341123549109e-06,8.44957617734774e-07,1.26769482561178e-07,9.71727100295952e-07,8.54365651831999e-07,1.15783891025598e-07,9.70149542857598e-07
385,1.80333126825233e-06,2.36121579548336e-06,1.63094469672295e-06,2.57789641579447e-07,1.88873433830239e-06,1.64910416767794e-06,2.34369407757571e-07,1.88347357543552e-06
385.2,1.60299315581061e-06,2.26188036557985e-06,1.44975758607358e-06,2.47482649842941e-07,1.69724023591652e-06,1.46589966055899e-06,2.25053687730222e-07,1.69095334828921e-06
385.4,4.40441178281033e-07,9.17492071460719e-07,3.98337907506047e-07,1.05370498481628e-07,5.03708405987675e-07,4.02773131873964e-07,9.63280716316719e-08,4.99101203505636e-07
385.6,4.27541709890002e-08,5.10682559732951e-07,3.86671543187256e-08,5.75790565521508e-08,9.62462108708764e-08,3.90976870444362e-08,5.25340541543674e-08,9.16317411988036e-08
385.8,4.31447582441923e-07,1.05222138537817e-06,3.90204040092723e-07,1.10279419243291e-07,5.00483459336013e-07,3.94548699324163e-07,9.97915297338004e-08,4.94340229057964e-07
386,7.16259196827587e-07,1.4005047578352e-06,6.47789543225253e-07,1.6274863888164e-07,8.10538182106893e-07,6.55002243581547e-07,1.4896705797539e-07,8.03969301556937e-07
386.2,8.452538807379e-07,1.46428396600166e-06,7.64453186413155e-07,1.92852712552934e-07,9.57305898966089e-07,7.72964857877564e-07,1.7869618170019e-07,9.51661039577754e-07
386.4,1.05545035784941e-06,1.43004014475685e-06,9.54556267111744e-07,1.86533911330048e-07,1.14109017844179e-06,9.65184608368414e-07,1.72688306771141e-07,1.13787291513955e-06
386.6,1.16000090947906e-06,1.22198191301863e-06,1.04911247579164e-06,1.47299041439767e-07,1.19641151723141e-06,1.06079363675984e-06,1.35333171333024e-07,1.19612680809287e-06
386.8,6.57555806038011e-07,7.71351753363993e-07,5.94697809291808e-07,7.52737840077178e-08,6.69971593299526e-07,6.01319368941583e-07,6.752342454284e-08,6.68842793484423e-07
387,6.11247435154901e-08,4.16613836982784e-07,5.52816213139548e-08,2.23079954614163e-08,7.75896167753711e-08,5.58971449418332e-08,1.79176654331324e-08,7.38148103749655e-08
387.2,1.57877962855147e-07,8.13554307742984e-07,1.42785871226848e-07,8.63023999368738e-08,2.29088271163721e-07,1.4437569575403e-07,7.82049396592155e-08,2.22580635413245e-07
387.4,5.11409873652472e-07,1.34525642115784e-06,4.62522463825291e-07,1.69356723661034e-07,6.31879187486324e-07,4.67672340007325e-07,1.56263872354923e-07,6.23936212362248e-07
387.6,6.84997803598373e-07,1.20422151836593e-06,6.19516532937592e-07,1.37799582276755e-07,7.57316115214347e-07,6.26414432362769e-07,1.25925692123952e-07,7.52340124486721e-07
387.8,6.80284813471147e-07,7.99946777583722e-07,6.15254073571956e-07,7.19426157718558e-08,6.87196689343812e-07,6.22104513382345e-07,6.3836779652395e-08,6.8594129303474e-07
388,3.29087778516667e-07,3.44528034189337e-07,2.97629158090434e-07,2.81232446098415e-08,3.25752402700275e-07,3.00943058348709e-07,2.46002903380407e-08,3.2554334868675e-07
388.2,0,0,0,0,0,0,0,0
388.4,0,0,0,0,0,0,0,0
388.6,1.48927605457571e-07,1.3473873883085e-07,1.34691108945318e-07,1.20507275318038e-08,1.46741836477122e-07,1.36190803745334e-07,1.06846791414519e-08,1.46875482886786e-07
388.8,1.28167388395625e-06,1.16756135027108e-06,1.15915431666228e-06,1.05695350841449e-07,1.26484966750373e-06,1.17206071942878e-06,9.38721879754812e-08,1.26593290740426e-06
389,2.07342739970252e-06,1.92598597729825e-06,1.8752214200013e-06,1.80191144588995e-07,2.0554125645903e-06,1.89610074777933e-06,1.60752894707396e-07,2.05685364248672e-06
389.2,1.83258928035713e-06,1.7972979080682e-06,1.65740583590411e-06,1.82797471419206e-07,1.84020330732332e-06,1.67585993382553e-06,1.64821096226921e-07,1.84068103005245e-06
389.4,1.19340981197114e-06,1.23537526206593e-06,1.07932770762511e-06,1.35221292135944e-07,1.21454899976105e-06,1.09134529485349e-06,1.22971818500749e-07,1.21431711335424e-06
389.6,4.1015985639326e-07,4.29364545564765e-07,3.70951280205736e-07,4.78635866236478e-08,4.18814866829383e-07,3.75081572920228e-07,4.3615830340363e-08,4.18697403260591e-07
389.8,0,0,0,0,0,0,0,0
390,0,0,0,0,0,0,0,0
390.2,1.68701986052538e-07,3.69178086811255e-07,1.52575189219486e-07,3.66262525850852e-08,1.89201441804571e-07,1.54274011210601e-07,3.29235118442156e-08,1.87197523054816e-07
390.4,5.91011844516903e-07,1.16329911400733e-06,5.34515011459568e-07,1.08829681273592e-07,6.43344692733161e-07,5.40466476181281e-07,9.70888741970949e-08,6.37555350378375e-07
390.6,8.10778430021311e-07,1.51029637657067e-06,7.33273361328746e-07,1.43535843931795e-07,8.76809205260541e-07,7.41437866436662e-07,1.2831788574795e-07,8.69755752184612e-07
390.8,7.47765607892162e-07,1.30005157043266e-06,6.7628414925975e-07,1.29715450865764e-07,8.05999600125515e-07,6.83814117866585e-07,1.1668454625351e-07,8.00498664120095e-07
391,4.64885310561691e-07,8.24546104444285e-07,4.20445342014056e-07,8.77746256535731e-08,5.08219967667629e-07,4.2512671777855e-07,7.95711713632752e-08,5.04697889141825e-07
391.2,1.00575497571279e-07,2.91643162119632e-07,9.09611435635556e-08,3.75118704004432e-08,1.28473013963999e-07,9.19739346458619e-08,3.46822895936855e-08,1.26656224239547e-07
391.4,0,1.54116652029489e-07,0,2.50350763539296e-08,2.50350763539296e-08,0,2.35978399295337e-08,2.35978399295337e-08
391.6,3.30687600853432e-08,1.77352239039339e-07,2.99076047966842e-08,2.8809520499061e-08,5.87171252957453e-08,3.02406058369587e-08,2.71555973535807e-08,5.73962031905394e-08
391.8,1.8154380318819e-07,3.60698788921295e-07,1.6418941336255e-07,5.04378598317065e-08,2.14627273194256e-07,1.66017551918729e-07,4.69833133093175e-08,2.13000865228047e-07
392,3.03159126410002e-07,5.5110722438913e-07,2.74179114057469e-07,7.18883562137557e-08,3.46067470271224e-07,2.77231913866192e-07,6.65525768122817e-08,3.43784490678473e-07
392.2,1.76542556784069e-07,3.49375244437703e-07,1.59666253118282e-07,4.60747430020109e-08,2.05740996120292e-07,1.6144402933094e-07,4.26976961545461e-08,2.04141725485486e-07
392.4,1.18569895656421e-08,9.42792359654953e-08,1.0723539591217e-08,1.45899439182252e-08,2.53134835094422e-08,1.08429389835647e-08,1.37026573123308e-08,2.45455962958955e-08
392.6,1.34183296894415e-07,3.58786900910959e-07,1.21356259003282e-07,4.78984539048283e-08,1.6925471290811e-07,1.22707479228594e-07,4.44369203929957e-08,1.6714439962159e-07
392.8,3.47147034264111e-07,6.85430807167454e-07,3.1396206813674e-07,8.95919463237485e-08,4.03554014460488e-07,3.17457824350152e-07,8.29576818333026e-08,4.00415506183454e-07
393,4.57332996107054e-07,5.04951455261689e-07,4.13614978993893e-07,7.00850378856983e-08,4.83700016879591e-07,4.18220303265576e-07,6.52430931578909e-08,4.83463396423467e-07
393.2,5.22824822217497e-07,2.95274125305875e-07,4.72846218619125e-07,4.33831296326679e-08,5.16229348251793e-07,4.78111042858995e-07,4.0578493013815e-08,5.1868953587281e-07
393.4,5.8697625664038e-07,5.24999445686439e-07,5.30865199158718e-07,5.88766361699485e-08,5.89741835328666e-07,5.36776025678165e-07,5.36866725630375e-08,5.90462698241202e-07
393.6,5.33634432601043e-07,6.58103550929367e-07,4.82622501567832e-07,6.61809004894136e-08,5.48803402057246e-07,4.87996178135198e-07,5.95902403647218e-08,5.47586418499919e-07
393.8,2.37306979953441e-07,3.07520401700342e-07,2.14621998333946e-07,3.01262766181161e-08,2.44748274952062e-07,2.17011669763566e-07,2.70376798265516e-08,2.44049349590118e-07
394,0,0,0,0,0,0,0,0
394.2,0,1.18617080101594e-08,0,1.92684412626312e-09,1.92684412626312e-09,0,1.81622610683918e-09,1.81622610683918e-09
394.4,0,2.5397597857554e-08,0,4.12564634124418e-09,4.12564634124418e-09,0,3.88879748518382e-09,3.88879748518382e-09
394.6,0,0,0,0,0,0,0,0
394.8,2.74362324348236e-08,1.22897290847332e-07,2.48135096282113e-08,1.4002730767207e-08,3.88162403954184e-08,2.50897913490388e-08,1.27902631679649e-08,3.78800545170037e-08
395,1.16436799207402e-07,5.28486949943692e-07,1.05306209410292e-07,6.05512764015405e-08,1.65857485811832e-07,1.06478723141143e-07,5.53411277744473e-08,1.6181985091559e-07
395.2,1.28089559200864e-07,6.04920906344737e-07,1.15845042428998e-07,6.97850040864723e-08,1.8563004651547e-07,1.17134898968889e-07,6.38266261638111e-08,1.809615251327e-07
395.4,4.08978005657993e-08,2.39700988665992e-07,3.69882406603344e-08,2.88904469168128e-08,6.58786875771472e-08,3.7400079813003e-08,2.65432134897116e-08,6.39432933027146e-08
395.6,1.06203701377645e-08,6.47738631998037e-08,9.6051328218849e-09,1.0522020752409e-08,2.01271535742939e-08,9.71207950796713e-09,9.91796301877882e-09,1.9630042526746e-08
395.8,6.58002603267198e-08,1.54005745096601e-07,5.95101895653688e-08,2.40521062317013e-08,8.35622957970701e-08,6.01727954533e-08,2.26051599709206e-08,8.27779554242205e-08
396,1.16820180055671e-07,1.80866882302556e-07,1.05652941578872e-07,2.87832911850194e-08,1.34436232763892e-07,1.06829315938939e-07,2.70899428077385e-08,1.33919258746678e-07
396.2,1.64853764755995e-07,1.63927839963926e-07,1.49094832489746e-07,2.66288291108633e-08,1.7572366160061e-07,1.50754903052272e-07,2.51000970792096e-08,1.75855000131482e-07
396.4,2.90648803992778e-07,3.90487365318458e-07,2.62864695924832e-07,5.19177621581227e-08,3.14782458082955e-07,2.65791517306533e-07,4.81480176124071e-08,3.1393953491894e-07
396.6,4.44044381742215e-07,7.46780786722646e-07,4.01596668488949e-07,9.16866565204435e-08,4.93283325009393e-07,4.06068176966031e-07,8.43926245069122e-08,4.90460801472943e-07
396.8,4.44923563386744e-07,6.00729486686103e-07,4.02391806168777e-07,7.76166680072396e-08,4.80008474176017e-07,4.06872167968496e-07,7.17921590241496e-08,4.78664326992645e-07
397,3.81564833725321e-07,2.76187347506773e-07,3.45089753045423e-07,4.30178403658439e-08,3.88107593411267e-07,3.4893209506958e-07,4.04216549151511e-08,3.89353749984732e-07
397.2,5.27148666370915e-07,6.95141032099343e-07,4.76756731798608e-07,8.29027354521503e-08,5.59659467250758e-07,4.82065096969476e-07,7.60858742870593e-08,5.58150971256535e-07
397.4,6.85876985242901e-07,1.29260772564796e-06,6.2031167061742e-07,1.40863652043132e-07,7.61175322660552e-07,6.27218423365234e-07,1.28039757343182e-07,7.55258180708415e-07
397.6,4.44937976200588e-07,9.12477766723141e-07,4.02404841212709e-07,1.00449318785081e-07,5.0285415999779e-07,4.06885348148864e-07,9.14079288197488e-08,4.98293276968613e-07
397.8,8.06180742404843e-08,2.2549790017132e-07,7.29115182314562e-08,3.08836370174944e-08,1.03795155248951e-07,7.37233388899184e-08,2.87167382463275e-08,1.02440077136246e-07
398,0,2.29224033379929e-07,0,3.5286792890476e-08,3.5286792890476e-08,0,3.31274323107844e-08,3.31274323107844e-08
398.2,0,3.91479700797031e-07,0,5.86151837890115e-08,5.86151837890115e-08,0,5.49089615359198e-08,5.49089615359198e-08
398.4,2.00021030537131e-07,3.02867227484984e-07,1.80900339682873e-07,4.80457416821112e-08,2.28946081364984e-07,1.82914543150851e-07,4.52084760289934e-08,2.28123019179845e-07
398.6,4.04351492413835e-07,2.65381622891511e-07,3.65698157501297e-07,4.23799343799436e-08,4.08078091881241e-07,3.69769960231815e-07,3.98969607428988e-08,4.09666920974714e-07
398.8,4.35396693435379e-07,6.74216531103082e-07,3.93775642129983e-07,8.5362457459695e-08,4.79138099589678e-07,3.98160068745069e-07,7.88059638713195e-08,4.76966032616388e-07
399,3.90947575538238e-07,9.19819171767969e-07,3.535755666449e-07,1.10433379654883e-07,4.64008946299783e-07,3.57512392489324e-07,1.01421413882654e-07,4.58933806371978e-07
399.2,3.02697916366971e-07,5.01373796511807e-07,2.73761992651657e-07,6.29426604832498e-08,3.36704653134907e-07,2.76810148094407e-07,5.80610250136508e-08,3.34871173108058e-07
399.4,1.91113911581089e-07,1.29834416956133e-07,1.72844682533138e-07,2.10906122022608e-08,1.93935294735399e-07,1.74769191683261e-07,1.98798231620612e-08,1.94649014845322e-07
399.6,7.39680019325269e-08,1.76392755837642e-07,6.68971489614118e-08,2.61499269995382e-08,9.30470759609499e-08,6.76420036679986e-08,2.44770742707092e-08,9.21190779387077e-08
399.8,8.97860651271156e-08,4.2938169443579e-07,8.12031096763529e-08,5.40802300260336e-08,1.35283339702387e-07,8.21072516221749e-08,4.99015009397495e-08,1.32008752561924e-07
400,3.08390977835638e-07,9.02634795900537e-07,2.78910835004643e-07,9.9816381047003e-08,3.78727216051646e-07,2.82016319339874e-07,9.0877538598229e-08,3.72893857938103e-07
400.2,3.62121947848783e-07,9.94221821874023e-07,3.27505478781682e-07,1.08426520436704e-07,4.35931999218386e-07,3.31152031752784e-07,9.85637862306668e-08,4.29715817983451e-07
400.4,1.29285822749976e-07,4.98606519060247e-07,1.16926951075321e-07,6.05840267559463e-08,1.77510977831267e-07,1.18228853939456e-07,5.57069412590449e-08,1.73935795198501e-07
400.6,2.51287409382827e-08,2.03846086977322e-07,2.27265990947607e-08,3.31132443167177e-08,5.58398434114784e-08,2.29796444720788e-08,3.12122490815089e-08,5.41918935535877e-08
400.8,1.43344081374124e-07,2.41188669625741e-07,1.29641332926213e-07,3.9179262463006e-08,1.68820595389219e-07,1.31084801870666e-07,3.69300237430305e-08,1.68014825613697e-07
401,1.65877074538971e-07,2.18044095490979e-07,1.50020320608891e-07,3.54196026662692e-08,1.8543992327516e-07,1.5169069585842e-07,3.3386201914064e-08,1.85076897772484e-07
401.2,5.2183033806221e-08,1.31281521670025e-07,4.71946800587844e-08,2.13256833417343e-08,6.85203634005187e-08,4.77201610413584e-08,2.01013991238408e-08,6.78215601651993e-08
401.4,0,1.10430471987469e-07,0,1.79385891245404e-08,1.79385891245404e-08,0,1.69087542909025e-08,1.69087542909025e-08
401.6,0,1.59723045134882e-07,0,2.59457922150346e-08,2.59457922150346e-08,0,2.44562725864913e-08,2.44562725864913e-08
401.8,0,2.1135009852829e-07,0,3.43322138418492e-08,3.43322138418492e-08,0,3.23612388958946e-08,3.23612388958946e-08
402,0,2.39450323711569e-07,0,3.88968814086699e-08,3.88968814086699e-08,0,3.66638538769933e-08,3.66638538769933e-08
402.2,0,1.79331769072493e-07,0,2.91310800766427e-08,2.91310800766427e-08,0,2.74586965465811e-08,2.74586965465811e-08
402.4,4.20162349201501e-08,1.17065310581351e-07,3.79997600694272e-08,1.90163681225039e-08,5.70161281919312e-08,3.84228618095808e-08,1.79246591722696e-08,5.63475209818503e-08
402.6,3.38340805004982e-07,5.17710762637171e-07,3.05997656294527e-07,6.3530201585424e-08,3.69527857879951e-07,3.09404734145139e-07,5.84732068735152e-08,3.67877941018654e-07
402.8,6.78166129835972e-07,1.04945645626175e-06,6.13337922114009e-07,1.24163212707574e-07,7.37501134821584e-07,6.20167026868209e-07,1.13860695513129e-07,7.34027722381338e-07
403,6.88341576410349e-07,1.00556314536924e-06,6.22540663129726e-07,1.22996333531962e-07,7.45536996661687e-07,6.29472234208208e-07,1.13169546383626e-07,7.42641780591834e-07
403.2,5.51881054928468e-07,7.22856401562376e-07,4.99124867185249e-07,9.44601232321508e-08,5.935849904174e-07,5.04682286481427e-07,8.74633538214559e-08,5.92145640302883e-07
403.4,5.06941901360607e-07,6.30851788808328e-07,4.58481600206492e-07,8.1025502763132e-08,5.39507102969624e-07,4.63586484093161e-07,7.49035573091912e-08,5.38490041402353e-07
403.6,4.93710938251147e-07,6.47998118693533e-07,4.46515429877274e-07,7.78526905556483e-08,5.24368120432923e-07,4.5148707851509e-07,7.15045051369778e-08,5.22991583652067e-07
403.8,5.00326419805877e-07,8.01997235408575e-07,4.52498515041883e-07,9.15543628948913e-08,5.44052877936774e-07,4.57536781304126e-07,8.3644059906372e-08,5.41180841210498e-07
404,4.48137620874118e-07,8.92781116351943e-07,4.05298620965526e-07,1.01277486722571e-07,5.06576107688097e-07,4.0981134819062e-07,9.24646267881354e-08,5.02275974978755e-07
404.2,2.0614647642114e-07,6.59896691149366e-07,1.86440233353807e-07,8.20980462883703e-08,2.68538279642177e-07,1.88516119807366e-07,7.56646474549992e-08,2.64180767262365e-07
404.4,0,4.00340484096353e-07,0,5.91110017869345e-08,5.91110017869345e-08,0,5.53116412779991e-08,5.53116412779991e-08
404.6,0,3.03124022440961e-07,0,4.71411781176837e-08,4.71411781176837e-08,0,4.4290981519475e-08,4.4290981519475e-08
404.8,0,2.45975946855346e-07,0,3.99569191885599e-08,3.99569191885599e-08,0,3.76630360442639e-08,3.76630360442639e-08
405,0,2.42248969620511e-07,0,3.93515001218026e-08,3.93515001218026e-08,0,3.70923734257181e-08,3.70923734257181e-08
405.2,6.46429113749881e-09,2.44196645147384e-07,5.84634755376606e-09,3.96678851774463e-08,4.55142327312123e-08,5.91144269697279e-09,3.73905951604404e-08,4.33020378574132e-08
405.4,5.1021361010336e-08,2.48733636970498e-07,4.61440555178967e-08,4.04048849449151e-08,8.65489404628118e-08,4.66578385036759e-08,3.80852845752024e-08,8.47431230788783e-08
405.6,1.2591322431031e-07,3.17245799769261e-07,1.13876750795325e-07,4.94017073991906e-08,1.63278458194515e-07,1.15144691733281e-07,4.64194437910897e-08,1.6156413552437e-07
405.8,2.37306979953441e-07,5.35753303746688e-07,2.14621998333946e-07,7.64301742701834e-08,2.91052172604129e-07,2.17011669763566e-07,7.13159205217596e-08,2.88327590285326e-07
406,4.49823920093951e-07,7.76295817581187e-07,4.06823721105524e-07,1.049861516911e-07,5.11809872796624e-07,4.11353429293707e-07,9.75115706068763e-08,5.08864999900584e-07
406.2,7.17210442541339e-07,9.68791217804181e-07,6.48649856124739e-07,1.25777914769629e-07,7.74427770894368e-07,6.55872135485853e-07,1.16391529307331e-07,7.72263664793184e-07
406.4,6.47365946649789e-07,8.92474072080062e-07,5.8548203323216e-07,1.18013925187244e-07,7.03495958419404e-07,5.92000981421216e-07,1.09390832956366e-07,7.01391814377582e-07
406.6,2.43014454235953e-07,5.63130915291621e-07,2.19783875730863e-07,8.33279279294075e-08,3.03111803660271e-07,2.22231021189401e-07,7.79856447541213e-08,3.00216665943522e-07
406.8,3.55448815038674e-08,3.52656688389208e-07,3.21470253441347e-08,5.72863931592444e-08,8.94334185033791e-08,3.25049608242275e-08,5.39976438178505e-08,8.6502604642078e-08
407,1.02604821760616e-07,3.14214888045474e-07,9.27964777491261e-08,4.79269058467457e-08,1.40723383595872e-07,9.38297040417143e-08,4.49619684775517e-08,1.38791672519266e-07
407.2,2.82851471702781e-07,3.73235989850063e-07,2.55812737157831e-07,5.57597825298622e-08,3.11572519687693e-07,2.58661039727299e-07,5.22248987429883e-08,3.10885938470287e-07
407.4,4.52475877841381e-07,4.66556484705632e-07,4.0922216918894e-07,7.17478021552198e-08,4.8096997134416e-07,4.13778582481469e-07,6.73518733306798e-08,4.81130455812149e-07
407.6,2.90230832391281e-07,4.1443979896785e-07,2.62486679650815e-07,6.63425975172672e-08,3.28829277168082e-07,2.65409292075853e-07,6.24667695802691e-08,3.27876061656122e-07
407.8,3.07093824589613e-08,3.51532679381877e-07,2.77737681050798e-08,5.71038064565716e-08,8.48775745616514e-08,2.80830103106729e-08,5.38255392186065e-08,8.19085495292794e-08
408,3.49611625431559e-07,7.8479915525939e-07,3.16191060649045e-07,1.00738757788825e-07,4.16929818437871e-07,3.19711635193126e-07,9.31222058945211e-08,4.12833841087647e-07
408.2,8.5872986168272e-07,1.33475027622715e-06,7.7664095248921e-07,1.57719494485271e-07,9.34360446974481e-07,7.85288326521896e-07,1.44614049317739e-07,9.29902375839635e-07
408.4,7.39362937420685e-07,1.07476830400696e-06,6.68684718647622e-07,1.34295414145376e-07,8.02980132792998e-07,6.76130072711884e-07,1.23823881810944e-07,7.99953954522828e-07
408.6,4.03198467306257e-07,5.24974850209549e-07,3.64655353986768e-07,8.13052039169156e-08,4.45960557903684e-07,3.68715545802354e-07,7.6365241163026e-08,4.4508078696538e-07
408.8,4.53340646672065e-07,4.6805949908329e-07,4.10004271824837e-07,7.52137695179669e-08,4.85218041342804e-07,4.14569393303565e-07,7.08396968531056e-08,4.85409090156671e-07
409,6.84046557884621e-07,5.82925014100155e-07,6.18656220038106e-07,8.46154649437493e-08,7.03271684981855e-07,6.25544540458463e-07,7.90671236648047e-08,7.04611664123268e-07
409.2,1.00050871147331e-06,1.00781661813863e-06,9.0486667964445e-07,1.27151104879159e-07,1.03201778452361e-06,9.14941760804568e-07,1.17345487410193e-07,1.03228724821476e-06
409.4,1.16137012679431e-06,1.30166824978649e-06,1.05035080496514e-06,1.56885965234183e-07,1.20723677019932e-06,1.06204575389483e-06,1.44139585367414e-07,1.20618533926224e-06
409.6,7.58661695158776e-07,8.7018507167905e-07,6.86138642472047e-07,1.12991231729544e-07,7.99129874201591e-07,6.93778334224997e-07,1.04560388199721e-07,7.98338722424718e-07
409.8,3.41915182838475e-07,4.03323555950443e-07,3.09230347189566e-07,6.55168399104965e-08,3.74747187100062e-07,3.1267341887647e-07,6.17555895991546e-08,3.74429008475624e-07
410,3.18696139734619e-07,3.94781997623477e-07,2.88230891415743e-07,6.41293288136669e-08,3.5236022022941e-07,2.91440148303187e-07,6.04477340008514e-08,3.51887882304038e-07
410.2,4.33508614821719e-07,4.51046653121186e-07,3.92068051374943e-07,7.29151290116448e-08,4.64983180386587e-07,3.96433465116826e-07,6.87048891163048e-08,4.65138354233131e-07
410.4,6.04531063903258e-07,5.95141560552201e-07,5.46741882667418e-07,9.38137805828716e-08,6.40555663250289e-07,5.52829485366718e-07,8.82318333362367e-08,6.41061318702955e-07
410.6,6.50637655392542e-07,6.72640247488168e-07,5.88440988204636e-07,1.05442339516529e-07,6.93883327721165e-07,5.94992882364814e-07,9.91269727501129e-08,6.94119855114926e-07
410.8,4.40844737068686e-07,5.91616632335308e-07,3.98702888736132e-07,9.47761084986997e-08,4.93478997234831e-07,4.03142176924275e-07,8.92441238274811e-08,4.92386300751756e-07
411,3.46123724481135e-07,5.48826988427187e-07,3.13036580017596e-07,8.83074127234121e-08,4.01343992741008e-07,3.16522031544005e-07,8.31798373519088e-08,3.99701868895913e-07
411.2,5.10242435731049e-07,6.21195066412929e-07,4.6146662526683e-07,9.64746058807797e-08,5.5794123114761e-07,4.66604745397495e-07,9.06321968882048e-08,5.572369422857e-07
411.4,4.93379443532718e-07,6.342039749811e-07,4.46215623866847e-07,9.78236322470997e-08,5.44039256113947e-07,4.51183934366619e-07,9.18513983177206e-08,5.4303533268434e-07
411.6,2.11666584123671e-07,5.55569013092131e-07,1.91432655179613e-07,8.86716098543122e-08,2.80104265033925e-07,1.93564128888414e-07,8.3473021667909e-08,2.77037150556322e-07
411.8,2.31714808181687e-07,6.20011418512311e-07,2.09564401288482e-07,9.69927347431713e-08,3.06557136031653e-07,2.11897759780677e-07,9.11692738889127e-08,3.0306703366959e-07
412,6.24046013849019e-07,8.67868751012711e-07,5.64391332150817e-07,1.26033021953396e-07,6.90424354104213e-07,5.70675449585355e-07,1.17773180646514e-07,6.8844863023187e-07
412.2,8.6455263847599e-07,1.03328585017919e-06,7.8190711023758e-07,1.44136124334451e-07,9.26043234572031e-07,7.90613119390677e-07,1.34236040871435e-07,9.24849160262112e-07
412.4,8.62578082979263e-07,1.06508115580931e-06,7.8012130921895e-07,1.45964442191269e-07,9.26085751410219e-07,7.88807434680224e-07,1.3573069649852e-07,9.24538131178745e-07
412.6,7.9522700388285e-07,1.04386738129649e-06,7.1920854892654e-07,1.43990688256208e-07,8.63199237182748e-07,7.27216451819298e-07,1.33971167236778e-07,8.61187619056076e-07
412.8,7.17109552844426e-07,9.86583604322522e-07,6.48558610817218e-07,1.40283156348417e-07,7.88841767165635e-07,6.55779874223275e-07,1.3086017074071e-07,7.86640044963984e-07
413,6.83859191304639e-07,8.92656513204807e-07,6.18486764466995e-07,1.33857019026332e-07,7.52343783493327e-07,6.25373198113676e-07,1.25408297617882e-07,7.50781495731558e-07
413.2,7.00174496576871e-07,7.89537077259711e-07,6.33242434197577e-07,1.26150777047837e-07,7.59393211245414e-07,6.40293162290558e-07,1.18764417305017e-07,7.59057579595574e-07
413.4,7.46036070230794e-07,7.30014271077175e-07,6.74719943987957e-07,1.18585258472773e-07,7.9330520246073e-07,6.82232496222393e-07,1.11777408140544e-07,7.94009904362937e-07
413.6,8.19872915557334e-07,6.95884442919346e-07,7.41498474049591e-07,1.13041127824812e-07,8.54539601874404e-07,7.4975456024904e-07,1.06551559985363e-07,8.56306120234403e-07
413.8,9.45206744751086e-07,8.61636890754425e-07,8.54851216078865e-07,1.32722011980626e-07,9.87573228059491e-07,8.64369408731516e-07,1.24606035641051e-07,9.88975444372567e-07
414,1.06019217360432e-06,1.09146675014115e-06,9.58844796565244e-07,1.61154133786385e-07,1.11999893035163e-06,9.69520887709574e-07,1.50795729255743e-07,1.12031661696532e-06
414.2,1.0962097954023e-06,1.14271231788033e-06,9.91419371350335e-07,1.70573597548067e-07,1.1619929688984e-06,1.00245815844988e-06,1.59749487514433e-07,1.16220764596431e-06
414.4,9.99831309222604e-07,1.06966149319622e-06,9.04254032579664e-07,1.64537219043381e-07,1.06879125162305e-06,9.14322292327259e-07,1.5445926974187e-07,1.06878156206913e-06
414.6,5.44271089218451e-07,8.61566093858862e-07,4.9224236398936e-07,1.3585700590059e-07,6.2809936988995e-07,4.97723151246981e-07,1.27776723883036e-07,6.25499875130017e-07
414.8,1.83979568727949e-07,6.92603144322323e-07,1.66392335786992e-07,1.12464816170765e-07,2.78857151957756e-07,1.68245002400967e-07,1.06005366539445e-07,2.74250368940412e-07
415,5.85203480537478e-07,9.42235568471956e-07,5.2926188875513e-07,1.41544301903013e-07,6.70806190658143e-07,5.35154863492868e-07,1.32629143818012e-07,6.6778400731088e-07
415.2,1.09218862033962e-06,1.21256392029663e-06,9.87782594093416e-07,1.7590329997495e-07,1.16368589406837e-06,9.98780888127134e-07,1.6436078203259e-07,1.16314167015972e-06
415.4,1.17840607275878e-06,1.15798263316808e-06,1.0657582268923e-06,1.76046987778352e-07,1.24180521467065e-06,1.07762472709013e-06,1.65113795581241e-07,1.24273852267137e-06
415.6,1.18081301267085e-06,1.09301904101958e-06,1.06793507922888e-06,1.74407580984894e-07,1.24234266021378e-06,1.07982581721163e-06,1.64179460950569e-07,1.2440052781622e-06
415.8,1.24835145834724e-06,1.20774516754776e-06,1.1290172950924e-06,1.89799500840614e-07,1.31881679593302e-06,1.14158814241734e-06,1.78465361304505e-07,1.32005350372184e-06
416,1.31535662991138e-06,1.29787336796974e-06,1.18961721433045e-06,2.01011847071693e-07,1.39062906140215e-06,1.20286280094943e-06,1.88799032639404e-07,1.39166183358883e-06
416.2,1.37241695992266e-06,1.33269286941546e-06,1.24122295325569e-06,2.00510725484697e-07,1.44173367874039e-06,1.25504313502741e-06,1.87904639699085e-07,1.44294777472649e-06
416.4,1.38749276320424e-06,1.29831190018279e-06,1.25485760920816e-06,1.94979078813371e-07,1.44983668802153e-06,1.26882960369262e-06,1.82694210807968e-07,1.45152381450059e-06
416.6,1.34243830712563e-06,1.1989569966556e-06,1.21411006187795e-06,1.88743014031922e-07,1.40285307590987e-06,1.22762835986141e-06,1.77494961591733e-07,1.40512332145314e-06
416.8,1.27796979079816e-06,1.2114911035904e-06,1.15580431037186e-06,1.95434462410145e-07,1.351238772782e-06,1.16867341307413e-06,1.8412135590125e-07,1.35279476897538e-06
417,1.23108490736126e-06,1.42771884001892e-06,1.11340131246233e-06,2.23186132554427e-07,1.33658744501676e-06,1.12579828633615e-06,2.09774471963178e-07,1.33557275829933e-06
417.2,1.3533199815784e-06,1.63567114078497e-06,1.22395152004631e-06,2.50582835512182e-07,1.47453435555849e-06,1.23757939603945e-06,2.35160809921586e-07,1.47274020596104e-06
417.4,1.64176362505293e-06,1.74374560847559e-06,1.48482185424961e-06,2.67296949516428e-07,1.75211880376604e-06,1.50135434574964e-06,2.50857687907628e-07,1.75221203365727e-06
417.6,1.74467111590429e-06,1.69563666738445e-06,1.5778920679213e-06,2.63737735208944e-07,1.84162980313024e-06,1.59546083357909e-06,2.47794504809054e-07,1.84325533838814e-06
417.8,1.61092020342521e-06,1.52072286149538e-06,1.45692686023596e-06,2.4351283734615e-07,1.70043969758211e-06,1.47314875976154e-06,2.29291963772955e-07,1.7024407235345e-06
418,1.47832231605372e-06,1.46576235328486e-06,1.33700445606516e-06,2.38101930894403e-07,1.57510638695956e-06,1.35189110037346e-06,2.24432758771158e-07,1.57632385914461e-06
418.2,1.42193938829314e-06,1.51927792383634e-06,1.2860113642047e-06,2.46795127750405e-07,1.53280649195511e-06,1.30033023477278e-06,2.32626888678481e-07,1.53295712345126e-06
418.4,1.50758032815852e-06,1.70473562013245e-06,1.36346559524633e-06,2.68568629544309e-07,1.63203422479064e-06,1.37864686652104e-06,2.52577877188013e-07,1.63122474370906e-06
418.6,1.67174227784996e-06,1.96389373623472e-06,1.51193474562736e-06,2.96800005509664e-07,1.80873475113702e-06,1.52876912091564e-06,2.78238039403034e-07,1.80700716031867e-06
418.8,1.70979210640004e-06,1.97818005761295e-06,1.5463472616068e-06,3.00186450203589e-07,1.84653371181039e-06,1.56356479708787e-06,2.81503121309821e-07,1.84506791839769e-06
419,1.67923694104922e-06,1.8608790678249e-06,1.51871296847179e-06,2.90127330958437e-07,1.80884029943023e-06,1.53562281470714e-06,2.72638068078799e-07,1.80826088278594e-06
419.2,1.79785439899133e-06,1.96636231191971e-06,1.62599138002894e-06,3.02451447278453e-07,1.92844282730739e-06,1.644095699138e-06,2.83924920242392e-07,1.92802061938039e-06
419.4,1.9318935677473e-06,2.13649370082711e-06,1.7472172885929e-06,3.21313763760933e-07,2.06853105235383e-06,1.76667137656291e-06,3.01102957464754e-07,2.06777433402767e-06
419.6,1.7758027938089e-06,2.0186475343518e-06,1.60604776281357e-06,3.11197427113635e-07,1.91724518992721e-06,1.62393002317455e-06,2.92186119929645e-07,1.91611614310419e-06
419.8,1.54418887532412e-06,1.81162844839603e-06,1.39657460683261e-06,2.92593822135831e-07,1.68916842896844e-06,1.41212452465645e-06,2.75680394457606e-07,1.68780491911406e-06
420,1.57474404067495e-06,1.83841457033081e-06,1.42420889996762e-06,2.98636445395932e-07,1.72284534536356e-06,1.44006650703718e-06,2.8149205282819e-07,1.72155855986537e-06
420.2,1.70388285272371e-06,1.91723172015662e-06,1.54100289359484e-06,3.11439691105622e-07,1.85244258470047e-06,1.55816092313688e-06,2.93560278167887e-07,1.85172120130477e-06
420.4,1.76801987433274e-06,2.05157806234949e-06,1.5990088390905e-06,3.31861875057417e-07,1.93087071414792e-06,1.61681272577568e-06,3.12713993331741e-07,1.92952671910742e-06
420.6,1.80174585872941e-06,2.15112118630836e-06,1.62951084189047e-06,3.46898590033385e-07,1.97640943192385e-06,1.64765434783744e-06,3.26809786348479e-07,1.97446413418591e-06
420.8,1.77868535657784e-06,2.0668971055633e-06,1.6086547715999e-06,3.34658467275144e-07,1.94331323887504e-06,1.6265660592482e-06,3.15371156489975e-07,1.94193721573818e-06
421,1.81947361975842e-06,2.03225628472268e-06,1.64554394592635e-06,3.29418953633608e-07,1.97496289955996e-06,1.66386596969041e-06,3.10459006605895e-07,1.9743249762963e-06
421.2,2.06982419624134e-06,2.31877087918585e-06,1.8719626590184e-06,3.65263057913887e-07,2.23722571693229e-06,1.89280570268726e-06,3.43512063774093e-07,2.23631776646135e-06
421.4,2.25099326626957e-06,2.54636684302108e-06,2.03581316123873e-06,3.9642478450603e-07,2.43223794574476e-06,2.05848056991641e-06,3.72486627409116e-07,2.43096719732553e-06
421.6,2.15529218234058e-06,2.45297885679086e-06,1.94926046953284e-06,3.92184186949929e-07,2.34144465648277e-06,1.9709641722711e-06,3.69238625995971e-07,2.34020279826707e-06
421.8,2.09389359536204e-06,2.44764765544824e-06,1.89373118238419e-06,3.95163480468978e-07,2.28889466285317e-06,1.91481660390227e-06,3.72310451279197e-07,2.28712705518147e-06
422,2.22836514853335e-06,2.74393532134489e-06,2.0153481422661e-06,4.26629075539511e-07,2.44197721780562e-06,2.03778768673823e-06,4.00827430916557e-07,2.43861511765478e-06
422.2,2.43201820815935e-06,3.0326012000172e-06,2.19953331301974e-06,4.57502288933558e-07,2.6570356019533e-06,2.22402363534188e-06,4.28830296574756e-07,2.65285393191664e-06
422.4,2.6464808781689e-06,3.17520535968345e-06,2.39349476672209e-06,4.75111387367472e-07,2.86860615408956e-06,2.42014471922174e-06,4.45047659170828e-07,2.86519237839257e-06
422.6,2.63696842103138e-06,3.13471253116529e-06,2.38489163772723e-06,4.75608309506573e-07,2.8604999472338e-06,2.41144580017868e-06,4.46000974581883e-07,2.85744677476057e-06
422.8,2.35044168179819e-06,2.9126670328415e-06,2.12575496436683e-06,4.59095146483078e-07,2.58485011084991e-06,2.14942381445747e-06,4.31776275710912e-07,2.58120009016839e-06
423,2.27708045932853e-06,2.80544134365902e-06,2.05940659075494e-06,4.53643636579209e-07,2.51305022733415e-06,2.08233669638298e-06,4.27457952760771e-07,2.50979464914375e-06
423.2,2.50682071201349e-06,2.86644733955145e-06,2.26718519102479e-06,4.65223851750791e-07,2.73240904277559e-06,2.2924287714532e-06,4.38487845146282e-07,2.73091661659949e-06
423.4,2.5830644972521e-06,2.93329945763394e-06,2.33614057342301e-06,4.76492156582499e-07,2.81263273000551e-06,2.36215192560135e-06,4.49137261646385e-07,2.81128918724774e-06
423.6,2.4742477527244e-06,2.99268535862856e-06,2.23772599173936e-06,4.8613894390995e-07,2.72386493564931e-06,2.26264156382091e-06,4.58230237436399e-07,2.72087180125731e-06
423.8,2.55985986696208e-06,3.18828736804873e-06,2.31515415269312e-06,5.12577312913883e-07,2.827731465607e-06,2.34093183520844e-06,4.82785083215447e-07,2.82371691842389e-06
424,2.81439015945997e-06,3.49857734793837e-06,2.54535302852534e-06,5.5257824558267e-07,3.09793127410801e-06,2.57369382051209e-06,5.19776529350249e-07,3.09347034986234e-06
424.2,2.89308412305219e-06,3.65201278762874e-06,2.61652436839192e-06,5.74432494257746e-07,3.19095686264967e-06,2.64565760532284e-06,5.40165710067309e-07,3.18582331539015e-06
424.4,2.84292753087254e-06,3.68142345614679e-06,2.57116241550992e-06,5.82763593631755e-07,3.15392600914168e-06,2.59979057764126e-06,5.48262102633427e-07,3.14805268027469e-06
424.6,2.88025671873038e-06,3.73658446533371e-06,2.60492317929279e-06,5.9660473858754e-07,3.20152791788033e-06,2.63392724479508e-06,5.61643178724904e-07,3.19557042351998e-06
424.8,3.01458414376324e-06,3.84228951889251e-06,2.72640978873539e-06,6.17460143173402e-07,3.34386993190879e-06,2.75676652582736e-06,5.81553839605378e-07,3.33832036543273e-06
425,3.25859308215448e-06,4.03319036289715e-06,2.94709308249753e-06,6.45790063079214e-07,3.59288314557675e-06,2.97990697946217e-06,6.08073641743106e-07,3.58798062120527e-06
425.2,3.48689205345497e-06,4.22878442272876e-06,3.15356817837422e-06,6.73113385041446e-07,3.82668156341567e-06,3.18868103649557e-06,6.33523382349051e-07,3.82220441884462e-06
425.4,3.41540449678512e-06,4.24406007363287e-06,3.08891436047344e-06,6.78440758764964e-07,3.76735511923841e-06,3.12330734186895e-06,6.38739988705119e-07,3.76204733057407e-06
425.6,3.28006817478313e-06,4.21893177651349e-06,2.96651529795563e-06,6.80173570085518e-07,3.64668886804115e-06,2.99954544821089e-06,6.4077188038046e-07,3.64031732859135e-06
425.8,3.45806642576551e-06,4.36234209093688e-06,3.127498090511e-06,7.0747997673497e-07,3.83497806724597e-06,3.16232067575903e-06,6.66785548198719e-07,3.82910622395774e-06
426,3.7208120221549e-06,4.57956993599444e-06,3.36512694138424e-06,7.431768090774e-07,4.10830375046164e-06,3.40259536387259e-06,7.00461154953637e-07,4.10305651882623e-06
426.2,3.80224442037761e-06,4.76296119169597e-06,3.43877493959783e-06,7.66353392111964e-07,4.2051283317098e-06,3.47706338295331e-06,7.21853855493163e-07,4.19891723844648e-06
426.4,3.85614834415689e-06,4.98285995933592e-06,3.48752600390205e-06,7.91307826836216e-07,4.27883383073827e-06,3.52635725753064e-06,7.44637716341711e-07,4.27099497387236e-06
426.6,4.0250665224171e-06,5.35406896017584e-06,3.64029671878051e-06,8.36330583841701e-07,4.47662730262221e-06,3.68082897144677e-06,7.86028609168887e-07,4.46685758061566e-06
426.8,4.17308612060245e-06,5.64395862195141e-06,3.77416661995814e-06,8.74390011834677e-07,4.64855663179281e-06,3.8161894238289e-06,8.21284077085747e-07,4.63747350091465e-06
427,4.19571423833868e-06,5.62398459906884e-06,3.79463163893076e-06,8.80601909942711e-07,4.67523354887348e-06,3.83688230700709e-06,8.27787537790976e-07,4.66466984479806e-06
427.2,4.22295445650521e-06,5.62183356405757e-06,3.81926787196151e-06,8.89461192452873e-07,4.70872906441438e-06,3.86179284790312e-06,8.36769412772629e-07,4.69856226067574e-06
427.4,4.33623917332477e-06,5.85607233546465e-06,3.92172331726395e-06,9.23761820601401e-07,4.84548513786536e-06,3.96538906559772e-06,8.6884386433001e-07,4.83423292992773e-06
427.6,4.46653101048111e-06,6.01881124991404e-06,4.0395601144057e-06,9.51848092054247e-07,4.99140820645995e-06,4.08453789612688e-06,8.95430869275277e-07,4.97996876540216e-06
427.8,4.59451679742229e-06,5.96765085504804e-06,4.15531130451839e-06,9.59770856424077e-07,5.11508216094247e-06,4.20157789779712e-06,9.04011484837872e-07,5.10558938263499e-06
428,4.73792429517733e-06,6.01092887167832e-06,4.2850099916379e-06,9.74981910414003e-07,5.25999190205191e-06,4.3327206924614e-06,9.18910032098485e-07,5.25163072455989e-06
428.2,4.89459158166952e-06,6.27868621065092e-06,4.4267009191745e-06,1.00913183619557e-06,5.43583275537006e-06,4.4759892530645e-06,9.50458896640364e-07,5.42644814970486e-06
428.4,4.99173394698299e-06,6.51015530421166e-06,4.51455711527354e-06,1.04269713460498e-06,5.55725424987852e-06,4.56482366874664e-06,9.81820669554916e-07,5.54664433830156e-06
428.6,5.01883003701107e-06,6.63491476891706e-06,4.53906299786497e-06,1.0708582716597e-06,5.60992126952467e-06,4.58960240783899e-06,1.00890624927848e-06,5.59850865711747e-06
428.8,5.1155400179092e-06,6.83250673354805e-06,4.62652814264607e-06,1.10473034867874e-06,5.73125849132481e-06,4.67804141811008e-06,1.04095541559441e-06,5.71899683370449e-06
429,5.29930339442947e-06,7.12757067362382e-06,4.79272495277408e-06,1.14551750678912e-06,5.9382424595632e-06,4.84608871780552e-06,1.07891137296211e-06,5.92500009076763e-06
429.2,5.38073579265219e-06,7.3371119549762e-06,4.86637295098768e-06,1.17933045999165e-06,6.04570341097933e-06,4.92055673688625e-06,1.11076770956236e-06,6.0313244464486e-06
429.4,5.37208810434535e-06,7.46868416556636e-06,4.85855192462871e-06,1.20721689628539e-06,6.0657688209141e-06,4.91264862866528e-06,1.13749967457907e-06,6.05014830324435e-06
429.6,5.50756855448579e-06,7.74955989117263e-06,4.98108133758584e-06,1.24778221651568e-06,6.22886355410152e-06,5.03654232412702e-06,1.17538930026535e-06,6.21193162439237e-06
429.8,5.7661344348602e-06,8.12351499823199e-06,5.21493002571891e-06,1.29583090247498e-06,6.51076092819389e-06,5.27299475993379e-06,1.21980923768406e-06,6.49280399761785e-06
430,5.90046185989307e-06,8.21233675413411e-06,5.3364166351615e-06,1.31490241723983e-06,6.65131905240134e-06,5.39583404096606e-06,1.23810413048216e-06,6.63393817144823e-06
430.2,5.95782485899508e-06,8.15635223370778e-06,5.38829611000931e-06,1.32111251838557e-06,6.70940862839488e-06,5.44829115883178e-06,1.24500672685859e-06,6.69329788569037e-06
430.4,6.16954909437413e-06,8.47673396543311e-06,5.57978090536465e-06,1.37198137189315e-06,6.9517622772578e-06,5.64190800844167e-06,1.29287473595138e-06,6.93478274439304e-06
430.6,6.44685163274669e-06,8.98910171822195e-06,5.83057515060881e-06,1.44524470122405e-06,7.27581985183286e-06,5.89549467872718e-06,1.36124893321052e-06,7.2567436119377e-06
430.8,6.52396018681599e-06,9.15691897884042e-06,5.90031263564292e-06,1.47813579726701e-06,7.37844843290993e-06,5.96600864369743e-06,1.39263771726731e-06,7.35864636096473e-06
431,6.55350645519768e-06,9.22175711435263e-06,5.92703447570272e-06,1.49742332186797e-06,7.42445779757069e-06,5.99302801345238e-06,1.41141806648857e-06,7.40444607994095e-06
431.2,6.84767198576857e-06,9.69496146266367e-06,6.19307972234686e-06,1.55835506173675e-06,7.75143478408362e-06,6.26203549476877e-06,1.46775942847784e-06,7.72979492324661e-06
431.4,7.22586422105422e-06,1.02708276573055e-05,6.53511927511229e-06,1.63141020168579e-06,8.16652947679809e-06,6.60788342763218e-06,1.53521610591501e-06,8.14309953354718e-06
431.6,7.45531621746229e-06,1.05164988267231e-05,6.74263717450351e-06,1.67666506312924e-06,8.41930223763275e-06,6.81771189909503e-06,1.57823946672518e-06,8.39595136582021e-06
431.8,7.57523082865042e-06,1.06041400617284e-05,6.8510887400145e-06,1.70599869711543e-06,8.55708743712993e-06,6.92737099975904e-06,1.6069238848371e-06,8.53429488459615e-06
432,7.55173794208352e-06,1.06425096730491e-05,6.82984161840597e-06,1.72163184066033e-06,8.55147345906631e-06,6.90588730575876e-06,1.62230387312358e-06,8.52819117888234e-06
432.2,7.52968633690108e-06,1.07324392252094e-05,6.80989800119061e-06,1.74213268981454e-06,8.55203069100515e-06,6.88572162979531e-06,1.6420316804216e-06,8.5277533102169e-06
432.4,7.65104222947369e-06,1.10416820056206e-05,6.91965307109476e-06,1.79363714722812e-06,8.71329021832289e-06,6.99669874849614e-06,1.69066639516404e-06,8.68736514366018e-06
432.6,7.93310099641501e-06,1.14543050305959e-05,7.17474888083635e-06,1.85705753959187e-06,9.03180642042823e-06,7.25463487830318e-06,1.75019865135919e-06,9.00483352966237e-06
432.8,8.5052897060507e-06,1.21089080241847e-05,7.69224012492124e-06,1.94120966572369e-06,9.63344979064493e-06,7.77788803892351e-06,1.82799919121119e-06,9.6058872301347e-06
433,8.91648728504078e-06,1.26167783339009e-05,8.06412992829005e-06,2.01074867305591e-06,1.0074878601346e-05,8.15391858483025e-06,1.89265767465422e-06,1.00465762594845e-05
433.2,8.80997659072824e-06,1.26844368920631e-05,7.96780095363546e-06,2.03835534986755e-06,1.0006156303503e-05,8.05651705190873e-06,1.91981840073709e-06,9.97633545264583e-06
433.4,8.7433893907656e-06,1.27510957286481e-05,7.90757905067143e-06,2.06610676821324e-06,9.97368581888467e-06,7.99562461860732e-06,1.94713661118011e-06,9.94276122978743e-06
433.6,9.01564744429251e-06,1.30378931749255e-05,8.15381103053953e-06,2.11614869275918e-06,1.02699597232987e-05,8.24459822576395e-06,1.99454242241764e-06,1.02391406481816e-05
433.8,9.32249625104676e-06,1.33684261572336e-05,8.43132711584349e-06,2.17159901393507e-06,1.06029261297786e-05,8.52520426580442e-06,2.04692988339655e-06,1.0572134149201e-05
434,9.57616177471397e-06,1.37411238807171e-05,8.66074388903981e-06,2.2321409206108e-06,1.08928848096506e-05,8.75717544028597e-06,2.10399614525113e-06,1.08611715855371e-05
434.2,9.89468496068245e-06,1.41608978008985e-05,8.94881835992837e-06,2.29552382136903e-06,1.12443421812974e-05,9.04845742642473e-06,2.16341087199411e-06,1.12118682984188e-05
434.4,1.02823896531056e-05,1.4692421170797e-05,9.29946104168866e-06,2.36739216305296e-06,1.16668532047416e-05,9.4030042783312e-06,2.23016126446067e-06,1.16331655427919e-05
434.6,1.04931049915155e-05,1.51155669640402e-05,9.49003338396879e-06,2.43469747399796e-06,1.19247308579668e-05,9.59569851531531e-06,2.29350453125059e-06,1.18892030465659e-05
434.8,1.05128505464828e-05,1.54133998353701e-05,9.50789139415509e-06,2.49741515503612e-06,1.20053065491912e-05,9.61375536241984e-06,2.35360436296635e-06,1.19673597253862e-05
435,1.06625996823295e-05,1.57982400027501e-05,9.64332550060451e-06,2.56275795597068e-06,1.22060834565752e-05,9.75069743644616e-06,2.41538977586818e-06,1.21660872123143e-05
435.2,1.10131193150333e-05,1.6290501464143e-05,9.96033776902125e-06,2.63198775510703e-06,1.25923255241283e-05,1.00712394230025e-05,2.47990940230571e-06,1.25511488253082e-05
435.4,1.14207136905622e-05,1.66532909237301e-05,1.03289688114072e-05,2.69032440052789e-06,1.3019293211935e-05,1.04439749238172e-05,2.53485617065279e-06,1.297883109447e-05
435.6,1.1818939737092e-05,1.68909189878785e-05,1.06891270752375e-05,2.73872915384789e-06,1.34278562290854e-05,1.08081433073925e-05,2.58115404982562e-06,1.33892973572181e-05
435.8,1.21103668330324e-05,1.72003930133894e-05,1.09526956635347e-05,2.79391042110719e-06,1.37466060846418e-05,1.10746465544389e-05,2.63350393845705e-06,1.37081504928959e-05
436,1.23565376935004e-05,1.76250074102452e-05,1.11753342138865e-05,2.86259339324699e-06,1.40379276071335e-05,1.12997640351289e-05,2.69822385385919e-06,1.39979878889881e-05
436.2,1.27809950612276e-05,1.83459664999245e-05,1.15592162576724e-05,2.96225552341908e-06,1.45214717810915e-05,1.16879203469745e-05,2.79096826075515e-06,1.44788886077296e-05
436.4,1.32690129380101e-05,1.91589994672328e-05,1.20005828451967e-05,3.07174828976332e-06,1.507233113496e-05,1.21342012542441e-05,2.89262758071047e-06,1.50268288349546e-05
436.6,1.34846286331272e-05,1.94710810095096e-05,1.21955871024136e-05,3.13252750949655e-06,1.53281146119102e-05,1.23313767525534e-05,2.95060871830375e-06,1.52819854708572e-05
436.8,1.35687994659804e-05,1.95379252179072e-05,1.22717117589742e-05,3.169101391535e-06,1.54408131505092e-05,1.24083490059041e-05,2.98684556064157e-06,1.53951945665457e-05
437,1.38087728164951e-05,1.99500222191892e-05,1.24887452404355e-05,3.24072916808774e-06,1.57294744085232e-05,1.26277990090358e-05,3.05468244164159e-06,1.56824814506774e-05
437.2,1.4190568255242e-05,2.04683405428128e-05,1.28340435541838e-05,3.32492603219477e-06,1.61589695863786e-05,1.29769419869913e-05,3.13404565562493e-06,1.61109876426162e-05
437.4,1.47255719051583e-05,2.10302741894649e-05,1.33179043849252e-05,3.41022612956271e-06,1.67281305144879e-05,1.34661902822615e-05,3.21403875937635e-06,1.66802290416378e-05
437.6,1.52516396104908e-05,2.15678989082614e-05,1.37936834884289e-05,3.49190764057754e-06,1.72855911290064e-05,1.39472668657033e-05,3.29064364979487e-06,1.72379105154982e-05
437.8,1.54779207878531e-05,2.19102538080479e-05,1.39983336781552e-05,3.55248791660056e-06,1.75508215947557e-05,1.41541956974852e-05,3.34808655512324e-06,1.75022822526084e-05
438,1.56797001816792e-05,2.22697083813262e-05,1.41808242931977e-05,3.6175303623512e-06,1.77983546555489e-05,1.4338718222641e-05,3.40985092008464e-06,1.77485691427256e-05
438.2,1.61913550731671e-05,2.29705859806897e-05,1.46435683527698e-05,3.73067913114851e-06,1.83742474839183e-05,1.48066146257145e-05,3.51645572411753e-06,1.83230703498321e-05
438.4,1.67808391594164e-05,2.37137090718236e-05,1.51767016495726e-05,3.84789516987613e-06,1.90245968194488e-05,1.53456840027768e-05,3.62670270928892e-06,1.89723867120657e-05
438.6,1.73559104318211e-05,2.43824053355521e-05,1.56967999024438e-05,3.94814243005259e-06,1.96449423324964e-05,1.58715731994708e-05,3.72062067259214e-06,1.95921938720629e-05
438.8,1.79324229856102e-05,2.49836167216233e-05,1.62182016597082e-05,4.04036591748852e-06,2.02585675771967e-05,1.63987804142016e-05,3.80717692251825e-06,2.02059573367198e-05
439,1.84916401627856e-05,2.54701607830072e-05,1.67239613642546e-05,4.12363070099949e-06,2.08475920652541e-05,1.69101714124904e-05,3.88595146282968e-06,2.07961228753201e-05
439.2,1.89831171148908e-05,2.59043406547633e-05,1.71684563623225e-05,4.20050136578482e-06,2.13689577281073e-05,1.73596155630484e-05,3.95884373019971e-06,2.13184592932481e-05
439.4,1.93376723354711e-05,2.62782609714718e-05,1.74891184430401e-05,4.26603973353793e-06,2.1755158176578e-05,1.76838480001079e-05,4.02094847260896e-06,2.17047964727168e-05
439.6,1.96778147422067e-05,2.6758156541899e-05,1.77967454798261e-05,4.34644014207901e-06,2.21431856219051e-05,1.79949002567991e-05,4.09690077153387e-06,2.20918010283329e-05
439.8,2.00900212181659e-05,2.74898501521106e-05,1.81695477362701e-05,4.462691138486e-06,2.26322388747561e-05,1.83718534153316e-05,4.20629922886194e-06,2.25781526441935e-05
440,2.07126547762582e-05,2.82370415279675e-05,1.87326616341156e-05,4.58070570772256e-06,2.33133673418382e-05,1.89412372072408e-05,4.31730833803089e-06,2.32585455452717e-05
440.2,2.1568775918635e-05,2.8888944978466e-05,1.95069432436532e-05,4.68379789071323e-06,2.41907411343664e-05,1.97241399211161e-05,4.41428987711554e-06,2.41384297982316e-05
440.4,2.23211248013298e-05,2.96217603620097e-05,2.01873725368832e-05,4.7955386289484e-06,2.49829111658316e-05,2.04121453363398e-05,4.51911536739348e-06,2.49312607037333e-05
440.6,2.28529576322002e-05,3.042746087764e-05,2.06683656579596e-05,4.91549853048484e-06,2.55838641884444e-05,2.08984939919289e-05,4.63144000895494e-06,2.55299340008839e-05
440.8,2.33963207141464e-05,3.10575443194546e-05,2.11597868141813e-05,5.01811942474834e-06,2.61779062389296e-05,2.13953867918127e-05,4.72818796293337e-06,2.61235747547461e-05
441,2.40650752765418e-05,3.15481280683086e-05,2.17646128526079e-05,5.1099802983847e-06,2.68745931509926e-05,2.20069471609005e-05,4.81560932584558e-06,2.6822556486746e-05
441.2,2.48721928518466e-05,3.21157557810794e-05,2.24945753127781e-05,5.20811814655489e-06,2.77026934593329e-05,2.27450372615236e-05,4.90851972051779e-06,2.76535569820414e-05
441.4,2.5751374496375e-05,3.28046419154389e-05,2.32897129926062e-05,5.31794669736409e-06,2.86076596899703e-05,2.3549028263988e-05,5.01190085505905e-06,2.85609291190471e-05
441.6,2.64042749635411e-05,3.34818981618257e-05,2.38802004827081e-05,5.42991486445142e-06,2.93101153471595e-05,2.41460904346707e-05,5.1175749200362e-06,2.92636653547069e-05
441.8,2.69000757597997e-05,3.41757696828543e-05,2.43286059939555e-05,5.54618376567647e-06,2.98747897596319e-05,2.45994886393392e-05,5.22741260503489e-06,2.98269012443741e-05
442,2.76149513264982e-05,3.50910268235358e-05,2.49751441729633e-05,5.68466385882929e-06,3.06598080317926e-05,2.52532255856054e-05,5.3572438088284e-06,3.06104693944338e-05
442.2,2.85085457848714e-05,3.6082843747081e-05,2.57833168967231e-05,5.83070279719352e-06,3.16140196939166e-05,2.60703967684381e-05,5.49386557885632e-06,3.15642623472944e-05
442.4,2.93545779575569e-05,3.67280997581769e-05,2.65484739755085e-05,5.94300187529076e-06,3.24914758507993e-05,2.68440733560556e-05,5.60023054038633e-06,3.24443038964419e-05
442.6,3.01905211605511e-05,3.72109805747094e-05,2.73045065235419e-05,6.03901903164984e-06,3.33435255551917e-05,2.76085238174152e-05,5.69194023039503e-06,3.33004640478102e-05
442.8,3.12109483807578e-05,3.80586770363838e-05,2.82273876338998e-05,6.17436232724174e-06,3.44017499611415e-05,2.85416805874887e-05,5.81935195316587e-06,3.43610325406546e-05
443,3.23221763281863e-05,3.90694055807691e-05,2.92323895210269e-05,6.32885895777157e-06,3.55612484787984e-05,2.95578724938824e-05,5.96431501790304e-06,3.55221875117854e-05
443.2,3.33526925180843e-05,3.98213696751412e-05,3.01643951621369e-05,6.45706074122393e-06,3.66214559033609e-05,3.05002553902137e-05,6.0855716280514e-06,3.65858270182651e-05
443.4,3.42952905435295e-05,4.05075702268741e-05,3.10168870352642e-05,6.57924815009394e-06,3.75961351853581e-05,3.13622391862985e-05,6.20147913036993e-06,3.75637183166684e-05
443.6,3.50793476166827e-05,4.13931167960799e-05,3.17259934251437e-05,6.72317369330753e-06,3.84491671184512e-05,3.20792409983324e-05,6.33714722285072e-06,3.84163882211831e-05
443.8,3.58835826292185e-05,4.23649124332406e-05,3.24533488765275e-05,6.87894152958207e-06,3.93322904061096e-05,3.28146950628819e-05,6.48382913905793e-06,3.92985242019398e-05
444,3.6915540100501e-05,4.33594451193388e-05,3.33866580220307e-05,7.03759403374317e-06,4.04242520557739e-05,3.375839597725e-05,6.63317468025686e-06,4.03915706575069e-05
444.2,3.80757716150016e-05,4.44135341436615e-05,3.44359790585253e-05,7.20523565947942e-06,4.16412147180047e-05,3.48194004968957e-05,6.79094631112442e-06,4.16103468080202e-05
444.4,3.92158251901196e-05,4.54288566598687e-05,3.54670510335156e-05,7.36618200318755e-06,4.28332330367031e-05,3.58619527640259e-05,6.94237975147028e-06,4.28043325154962e-05
444.6,4.03702915790822e-05,4.64756881239964e-05,3.65111580524375e-05,7.53168919566687e-06,4.40428472481043e-05,3.69176852115243e-05,7.09807399164956e-06,4.40157592031739e-05
444.8,4.14584590243592e-05,4.75139495744447e-05,3.7495303869274e-05,7.69437751461015e-06,4.51896813838841e-05,3.79127888293287e-05,7.25101339336561e-06,4.51638022226943e-05
445,4.25466264696361e-05,4.85753594479901e-05,3.84794496861105e-05,7.86547376073635e-06,4.63449234468468e-05,3.89078924471331e-05,7.41219659676852e-06,4.63200890439016e-05
445.2,4.36794736378317e-05,4.96970568010503e-05,3.9504004139135e-05,8.05626125817286e-06,4.75602653973078e-05,3.99438546240791e-05,7.59261903981729e-06,4.75364736638964e-05
445.4,4.4857000528946e-05,5.08685973020999e-05,4.05689672283474e-05,8.25043189816432e-06,4.88193991265117e-05,4.10206753601668e-05,7.77590732454567e-06,4.87965826847125e-05
445.6,4.60892961126702e-05,5.20866225355339e-05,4.16834634845e-05,8.4392956457508e-06,5.01227591302508e-05,4.21475807816539e-05,7.95331205200241e-06,5.01008928336563e-05
445.8,4.73028550383963e-05,5.33247077660468e-05,4.27810141835415e-05,8.6385488365038e-06,5.14195630200453e-05,4.32573519686622e-05,8.14099854751979e-06,5.1398350516182e-05
446,4.85048837130465e-05,5.46062088792943e-05,4.38681368474377e-05,8.86004710844147e-06,5.27281839558792e-05,4.43565790113759e-05,8.35069440160255e-06,5.27072734129785e-05
446.2,4.9802036959072e-05,5.58144164312263e-05,4.50412908012825e-05,9.06537625210605e-06,5.41066670533886e-05,4.55427952445202e-05,8.54485716950778e-06,5.4087652414028e-05
446.4,5.12260229669311e-05,5.69283643100003e-05,4.63291531417255e-05,9.24565385025632e-06,5.55748069919819e-05,4.68449970649053e-05,8.71473897779675e-06,5.55597360427021e-05
446.6,5.2713425355707e-05,5.82449061519451e-05,4.76743696754676e-05,9.45489973838895e-06,5.71292694138566e-05,4.82051916789108e-05,8.91165587111291e-06,5.71168475500237e-05
446.8,5.41518241774109e-05,5.97430110739739e-05,4.89752670598422e-05,9.69076319551899e-06,5.86660302553612e-05,4.95205736796641e-05,9.13346511949751e-06,5.86540387991616e-05
447,5.54648315186655e-05,6.11112275429651e-05,5.01627595620118e-05,9.91257052523301e-06,6.00753300872448e-05,5.07212881112135e-05,9.34250795541289e-06,6.00637960666264e-05
447.2,5.65659704964027e-05,6.22088216767348e-05,5.11586369183868e-05,1.00977622507983e-05,6.1256399169185e-05,5.17282538913493e-05,9.51754069455489e-06,6.12457945859042e-05
447.4,5.78890668073487e-05,6.35430752013323e-05,5.23552539513085e-05,1.03178463388518e-05,6.26731002901603e-05,5.29381944491565e-05,9.72521925619026e-06,6.26634137053468e-05
447.6,5.925251899706e-05,6.49525257358296e-05,5.35883691072387e-05,1.05466253196166e-05,6.41349944268553e-05,5.41850395119949e-05,9.940852254243e-06,6.41258917662379e-05
447.8,6.04920209877066e-05,6.64112862804107e-05,5.47093828853571e-05,1.07853894630875e-05,6.54947723484446e-05,5.53185350236661e-05,1.01660325593068e-05,6.54845675829729e-05
448,6.15600104936009e-05,6.78321303860247e-05,5.56752796406894e-05,1.10185585672475e-05,6.66938382079369e-05,5.62951863889549e-05,1.03859777020804e-05,6.66811640910353e-05
448.2,6.28643701465487e-05,6.95717902054161e-05,5.68549511165e-05,1.12963561990507e-05,6.81513073155507e-05,5.74879927122833e-05,1.06474984828113e-05,6.81354911950947e-05
448.4,6.4383480725783e-05,7.14803349224687e-05,5.82288447468916e-05,1.15988242316543e-05,6.98276689785459e-05,5.8877183723099e-05,1.09320839330309e-05,6.98092676561299e-05
448.6,6.59112389933242e-05,7.29661661111771e-05,5.96105594036422e-05,1.18433952148923e-05,7.14539546185345e-05,6.02742828421356e-05,1.11628343197189e-05,7.14371171618545e-05
448.8,6.73928762565622e-05,7.42904674974107e-05,6.09505619198116e-05,1.20657765205853e-05,7.30163384403969e-05,6.16292053839938e-05,1.13729464873243e-05,7.30021518713181e-05
449,6.87044423164324e-05,7.59890078895048e-05,6.21367509175881e-05,1.23382199467498e-05,7.44749708643379e-05,6.28286017975064e-05,1.16295112840762e-05,7.44581130815826e-05
449.2,6.99770937789218e-05,7.78631445556581e-05,6.32877452967492e-05,1.26358682510769e-05,7.59236135478261e-05,6.39924117240246e-05,1.19096064520676e-05,7.59020181760923e-05
449.4,7.11589445141895e-05,7.92584659561966e-05,6.43566188991411e-05,1.28644252869707e-05,7.72210441861118e-05,6.50731865142228e-05,1.2125172352435e-05,7.71983588666578e-05
449.6,7.22744963057714e-05,8.05601053444874e-05,6.53655312994477e-05,1.30811596392694e-05,7.8446690938717e-05,6.60933324747268e-05,1.23298270177096e-05,7.84231594924365e-05
449.8,7.31061156646122e-05,8.19987185158603e-05,6.61176533343015e-05,1.33178544249549e-05,7.94355077592564e-05,6.6853828881976e-05,1.25531392515165e-05,7.94069681334925e-05
450,7.38844076122275e-05,8.34864780753691e-05,6.68215457066084e-05,1.35617229706156e-05,8.0383268677224e-05,6.75655586218626e-05,1.27831579083474e-05,8.034871653021e-05
450.2,7.5105172944876e-05,8.52233456995143e-05,6.79256139276157e-05,1.38427328469088e-05,8.17683467745245e-05,6.86819198990551e-05,1.30479577889615e-05,8.17298776880166e-05
450.4,7.62437852386094e-05,8.69617800781498e-05,6.89553823982128e-05,1.41236720107041e-05,8.3079054408917e-05,6.97231541481484e-05,1.33126687249855e-05,8.30358228731339e-05
450.6,7.68145326668607e-05,8.84690199653971e-05,6.94715701379046e-05,1.43694274263888e-05,8.38409975642934e-05,7.02450892907319e-05,1.35443783605357e-05,8.37894676512676e-05
450.8,7.74789633851026e-05,9.00382119905512e-05,7.00724856631518e-05,1.46243906706146e-05,8.46968763337664e-05,7.08526956057092e-05,1.37847085522593e-05,8.46374041579684e-05
451,7.86867571852908e-05,9.18393999638303e-05,7.11648223446206e-05,1.49109763249912e-05,8.60757986696119e-05,7.19571947205702e-05,1.40544301297155e-05,8.60116248502856e-05
451.2,7.97014192799596e-05,9.34940462294414e-05,7.20824894374059e-05,1.51764310906274e-05,8.72589205280333e-05,7.28850794184964e-05,1.43044171834511e-05,8.71894966019474e-05
451.4,7.99363481456287e-05,9.46022120732057e-05,7.22949606534911e-05,1.53614726484004e-05,8.76564333018915e-05,7.30999163584992e-05,1.44791803739115e-05,8.75790967324107e-05
451.6,8.04004407514289e-05,9.57772982201674e-05,7.2714689068089e-05,1.55524989704902e-05,8.82671880385791e-05,7.35243181663575e-05,1.4659249852496e-05,8.81835680188535e-05
451.8,8.15851740494655e-05,9.73287840696704e-05,7.37861696792672e-05,1.57930545537733e-05,8.95792242330406e-05,7.46077289926293e-05,1.4885209110017e-05,8.94929381026463e-05
452,8.24196759710753e-05,9.88315045247292e-05,7.45408987229074e-05,1.60300671980642e-05,9.05709659209716e-05,7.53708614359521e-05,1.51081289501353e-05,9.04789903860875e-05
452.2,8.25263307935262e-05,0.00010018405652707,7.46373580480013e-05,1.62532599558979e-05,9.08906180038992e-05,7.54683947706773e-05,1.53187470532676e-05,9.07871418239449e-05
452.4,8.24398539104579e-05,0.000101314477930167,7.45591477844117e-05,1.64372408796082e-05,9.09963886640199e-05,7.53893136884677e-05,1.54921899995526e-05,9.08815036880203e-05
452.6,8.23101385858553e-05,0.000102114695317269,7.44418323890272e-05,1.65613311865895e-05,9.10031635756167e-05,7.52706920651533e-05,1.56087520867862e-05,9.08794441519394e-05
452.8,8.24369713476889e-05,0.000102988248233931,7.45565407756253e-05,1.67041563003382e-05,9.12606970759636e-05,7.5386677652394e-05,1.57434410385058e-05,9.11301186908998e-05
453,8.28448539794947e-05,0.000103993279962756,7.49254325188899e-05,1.68768776719784e-05,9.18023101908683e-05,7.57596767568161e-05,1.59068951947786e-05,9.16665719515947e-05
453.2,8.30466333733209e-05,0.000104715333391917,7.51079231339324e-05,1.70006014007746e-05,9.2108524534707e-05,7.59441992819719e-05,1.60239569252635e-05,9.19681562072354e-05
453.4,8.3068252594088e-05,0.000105268947813533,7.51274756998298e-05,1.70917261238641e-05,9.22192018236939e-05,7.59639695525243e-05,1.61099321369905e-05,9.20739016895148e-05
453.6,8.30336618408607e-05,0.000105826475251853,7.5096191594394e-05,1.71819913694802e-05,9.22781829638742e-05,7.59323371196404e-05,1.61949947327352e-05,9.21273318523756e-05
453.8,8.29860995551731e-05,0.000106448736726747,7.50531759494197e-05,1.72828720905059e-05,9.23360480399256e-05,7.58888425244251e-05,1.62900702301531e-05,9.21789127545783e-05
454,8.2617131520748e-05,0.000106728826095566,7.47194788247705e-05,1.73318255015806e-05,9.2051304326351e-05,7.55514299069974e-05,1.63364500979803e-05,9.18878800049777e-05
454.2,8.20334125600366e-05,0.000106753390218559,7.41915595455403e-05,1.73405580092502e-05,9.15321175547905e-05,7.50176326020825e-05,1.63450063312739e-05,9.13626389333564e-05
454.4,8.1720654499606e-05,0.00010711853151088,7.39086990922244e-05,1.73884606562638e-05,9.12971597484882e-05,7.4731622688091e-05,1.63893767395938e-05,9.11209994276848e-05
454.6,8.15707612356208e-05,0.000107639575301166,7.37731346353356e-05,1.74550485302661e-05,9.12281831656017e-05,7.4594548812261e-05,1.6450904552989e-05,9.104545336525e-05
454.8,8.12162060150405e-05,0.000107680640357341,7.3452472554618e-05,1.74666120907691e-05,9.09190846453871e-05,7.42703163752016e-05,1.64621396342033e-05,9.07324560094049e-05
455,8.07276116257042e-05,0.000107436077725587,7.30105845653365e-05,1.74420790642539e-05,9.04526636295903e-05,7.38235082607172e-05,1.64400564891793e-05,9.02635647498965e-05
455.2,8.01165083186878e-05,0.000107127930840636,7.24578987026363e-05,1.73923094242407e-05,8.9850208126877e-05,7.32646686131026e-05,1.63931637058029e-05,8.96578323189054e-05
455.4,7.95702626739726e-05,0.000106870884315217,7.19638705376283e-05,1.73431702342111e-05,8.93070407718393e-05,7.27651397771451e-05,1.63463394239524e-05,8.91114792010976e-05
455.6,7.89591593669561e-05,0.000106230167176904,7.1411184674928e-05,1.72325458501594e-05,8.86437305250874e-05,7.22063001295305e-05,1.62416172657664e-05,8.84479173952969e-05
455.8,7.82053692028769e-05,0.000105299059674755,7.07294518773049e-05,1.70785764151894e-05,8.78080282924943e-05,7.151697669627e-05,1.60963007398665e-05,8.76132774361364e-05
456,7.72512409263559e-05,0.000104214849211774,6.98665319690323e-05,1.69108338018e-05,8.67773657708324e-05,7.06444487558905e-05,1.59387623788526e-05,8.65832111347431e-05
456.2,7.62754934290679e-05,0.000103144620062099,6.89840594948624e-05,1.67475513562281e-05,8.57316108510905e-05,6.97521505449586e-05,1.57855781741124e-05,8.5537728719071e-05
456.4,7.53458669360829e-05,0.000102239091582065,6.81432991612736e-05,1.66033769476109e-05,8.47466761088845e-05,6.89020289112052e-05,1.56498809304011e-05,8.45519098416063e-05
456.6,7.44724504170924e-05,0.000101259045734035,6.73533754990181e-05,1.64452317836649e-05,8.3798607282683e-05,6.8103309980888e-05,1.55008870771221e-05,8.36041970580101e-05
456.8,7.37287492227045e-05,0.000100054340274575,6.6680767232147e-05,1.62475365460741e-05,8.29283037782212e-05,6.74232126738853e-05,1.53144042202529e-05,8.27376168941382e-05
457,7.29619875261649e-05,9.87168502144343e-05,6.59873028949854e-05,1.60292825441145e-05,8.20165854391e-05,6.67220270782933e-05,1.51086121581317e-05,8.1830639236425e-05
457.2,7.20640692236384e-05,9.728871372713e-05,6.51752196580462e-05,1.58011227651762e-05,8.09763424232224e-05,6.59009018413501e-05,1.48938133118026e-05,8.07947151531527e-05
457.4,7.11027345401951e-05,9.5791542293305e-05,6.43057822278078e-05,1.55603384439064e-05,7.98661206717143e-05,6.50217838107865e-05,1.46670180150071e-05,7.96888018257936e-05
457.6,7.01846382982859e-05,9.43573082668157e-05,6.34754499293643e-05,1.5324496467171e-05,7.87999463965353e-05,6.41822063213277e-05,1.44445193267742e-05,7.86267256481019e-05
457.8,6.93515776580607e-05,9.2971533763025e-05,6.27220243901173e-05,1.50966113019869e-05,7.78186356921043e-05,6.34203918960417e-05,1.42295264796779e-05,7.76499183757196e-05
458,6.84551006369186e-05,9.13797437194008e-05,6.19112446575712e-05,1.48377454844535e-05,7.67489901420248e-05,6.26005846771353e-05,1.39855018758396e-05,7.65860865529749e-05
458.2,6.76076271828486e-05,8.98278802889843e-05,6.11447840743926e-05,1.45801624541999e-05,7.57249465285925e-05,6.1825590071481e-05,1.37423297863012e-05,7.55679198577822e-05
458.4,6.68120398586197e-05,8.83566800516368e-05,6.04252496493678e-05,1.43258931334007e-05,7.47511427827685e-05,6.10980441151525e-05,1.35016101718027e-05,7.45996542869552e-05
458.6,6.60467194434646e-05,8.65539456652244e-05,5.97330888165993e-05,1.40307874931188e-05,7.37638763097182e-05,6.03981765375974e-05,1.32232909624043e-05,7.36214675000017e-05
458.8,6.53952602576829e-05,8.44769136310362e-05,5.91439048308906e-05,1.37088607840901e-05,7.28527656149807e-05,5.98024323849516e-05,1.29209061693211e-05,7.27233385542727e-05
459,6.47524487602081e-05,8.26750257547899e-05,5.85625418715408e-05,1.34184400672019e-05,7.19809819387427e-05,5.92145963405267e-05,1.26473146214629e-05,7.18619109619896e-05
459.2,6.39265945269052e-05,8.10219137484591e-05,5.78156338542596e-05,1.31345776384159e-05,7.09502114926755e-05,5.84593720054248e-05,1.23786978646998e-05,7.08380698701246e-05
459.4,6.30589431334526e-05,7.91553303920171e-05,5.70309242095767e-05,1.2828248591406e-05,6.98591728009827e-05,5.7665925147255e-05,1.20897411987838e-05,6.97556663460388e-05
459.6,6.20990497313937e-05,7.69400935067301e-05,5.61627902837315e-05,1.24798138040621e-05,6.86426040877936e-05,5.67881251347282e-05,1.17620919957361e-05,6.85502171304644e-05
459.8,6.14000282599244e-05,7.51532880714285e-05,5.55305906530485e-05,1.21933192410673e-05,6.77239098941158e-05,5.61488863868671e-05,1.14923023840274e-05,6.76411887708945e-05
460,6.08191918619819e-05,7.35617601192583e-05,5.50052783826046e-05,1.19305296720135e-05,6.69358080546181e-05,5.56177251180258e-05,1.12443074221259e-05,6.68620325401517e-05
460.2,6.04084266674071e-05,7.17896507724166e-05,5.46337796305538e-05,1.1643728268927e-05,6.62775078994808e-05,5.52420899775301e-05,1.09740439228187e-05,6.62161339003488e-05
460.4,5.98895653689969e-05,6.9723432560168e-05,5.41645180490159e-05,1.13133546744305e-05,6.54778727234464e-05,5.47676034842724e-05,1.06629977892606e-05,6.5430601273533e-05
460.6,5.9170365958145e-05,6.80229313238708e-05,5.35140693568286e-05,1.10381995262358e-05,6.45522688830644e-05,5.41099124838957e-05,1.04037129099596e-05,6.45136253938553e-05
460.8,5.83200099413061e-05,6.64886143538436e-05,5.27450017648636e-05,1.07875497357371e-05,6.35325515006007e-05,5.33322818421678e-05,1.01673558891111e-05,6.34996377312789e-05
461,5.77247607295188e-05,6.48363275485672e-05,5.22066544504881e-05,1.05180021593017e-05,6.27246566097899e-05,5.27879403929583e-05,9.91320418288203e-06,6.27011445758403e-05
461.2,5.72808460631012e-05,6.31139140719312e-05,5.18051750973946e-05,1.02373633966625e-05,6.20425384940571e-05,5.23819908376156e-05,9.64861861082316e-06,6.20306094484387e-05
461.4,5.68426965222215e-05,6.15130818797038e-05,5.14089097618737e-05,9.97643125225131e-06,6.1385341014125e-05,5.19813133544201e-05,9.40260535118456e-06,6.13839187056047e-05
461.6,5.64088708254952e-05,5.99880623188824e-05,5.10165549395322e-05,9.72852301664373e-06,6.07450779561759e-05,5.15845899253352e-05,9.16891689020399e-06,6.07535068155392e-05
461.8,5.60269312586099e-05,5.85244727067809e-05,5.06711262753446e-05,9.49337911135131e-06,6.01645053866959e-05,5.12353151455761e-05,8.94745090064802e-06,6.01827660462241e-05
462,5.5600311968806e-05,5.70270477129968e-05,5.02852889749689e-05,9.25256708122984e-06,5.95378560561988e-05,5.08451818066753e-05,8.72063040970084e-06,5.95658122163761e-05
462.2,5.52846713456064e-05,5.56712899413366e-05,4.99998215128667e-05,9.02862773322459e-06,5.90284492460913e-05,5.05565358566101e-05,8.50929309770086e-06,5.9065828954311e-05
462.4,5.49935325059429e-05,5.43779938904314e-05,4.97365136254482e-05,8.81268379806922e-06,5.85491974235174e-05,5.02902962131711e-05,8.30534475288866e-06,5.85956409660598e-05
462.6,5.47384257008913e-05,5.31286491606436e-05,4.95057933478587e-05,8.60428030125478e-06,5.81100736491135e-05,5.00570070206527e-05,8.10853143575599e-06,5.81655384564087e-05
462.8,5.44977317096843e-05,5.19372918621846e-05,4.92881081142008e-05,8.40796390138354e-06,5.76960720155844e-05,4.98368980085026e-05,7.92329414625142e-06,5.7760192154754e-05
463,5.42700092509376e-05,5.08072511567276e-05,4.90821544200814e-05,8.22871849611869e-06,5.73108729162001e-05,4.96286511586839e-05,7.75463520640915e-06,5.73832863650931e-05
463.2,5.3987518099581e-05,4.97364098568054e-05,4.88266675590219e-05,8.05885029194291e-06,5.68855178509648e-05,4.93703196234658e-05,7.59479873095864e-06,5.69651183544245e-05
463.4,5.35205429310118e-05,4.87079063162528e-05,4.84043321356377e-05,7.88960347438474e-06,5.62939356100225e-05,4.89432817795339e-05,7.43511915840605e-06,5.63784009379399e-05
463.6,5.3137162082742e-05,4.76332681930587e-05,4.80575999670569e-05,7.71458932356728e-06,5.57721892906242e-05,4.85926889817379e-05,7.2701217147336e-06,5.58628106964715e-05
463.8,5.30895997970544e-05,4.64992078752699e-05,4.80145843220826e-05,7.53501696815938e-06,5.5549601290242e-05,4.85491943865226e-05,7.10117694005519e-06,5.56503713265778e-05
464,5.29872688187569e-05,4.54825477514687e-05,4.79220355101682e-05,7.37139845099011e-06,5.52934339611583e-05,4.84556151059079e-05,6.94705646675593e-06,5.54026715726638e-05
464.2,5.26918061349399e-05,4.47698508070832e-05,4.76548171095702e-05,7.24824027990793e-06,5.49030573894781e-05,4.81854214083584e-05,6.83046241293178e-06,5.50158838212901e-05
464.4,5.24006672952764e-05,4.40017508794227e-05,4.73915092221517e-05,7.12048707309029e-06,5.4511996295242e-05,4.79191817649193e-05,6.70983903565505e-06,5.46290208005744e-05
464.6,5.22046530269881e-05,4.30500694017981e-05,4.72142326246818e-05,6.97264395462208e-06,5.41868765793039e-05,4.77399313119108e-05,6.57094611602862e-06,5.43108774279395e-05
464.8,5.1893336247942e-05,4.2155838283857e-05,4.69326756757591e-05,6.83071598532421e-06,5.37633916610833e-05,4.74552394159562e-05,6.43739453570615e-06,5.38926339516624e-05
465,5.1521485650748e-05,4.14793640373817e-05,4.65963715423235e-05,6.71716383165907e-06,5.33135353739826e-05,4.71151907624548e-05,6.33011014048485e-06,5.34453009029397e-05
465.2,5.1125133270018e-05,4.07666781766067e-05,4.62379078342043e-05,6.60006577331355e-06,5.28379736075178e-05,4.67527358023274e-05,6.21964355126339e-06,5.29723793535908e-05
465.4,5.08210228978943e-05,4.00273090470575e-05,4.59628684072473e-05,6.48215654528486e-06,5.24450249525322e-05,4.64746339965569e-05,6.10865386076043e-06,5.25832878573173e-05
465.6,5.06999552615986e-05,3.93847771216956e-05,4.58533740382218e-05,6.37463326434532e-06,5.22280073025671e-05,4.63639204814635e-05,6.00708754081324e-06,5.23710080222767e-05
465.8,5.0780667019129e-05,3.88985441209954e-05,4.59263702842388e-05,6.28660738445742e-06,5.22129776686962e-05,4.64377294915258e-05,5.9234954290715e-06,5.23612249205973e-05
466,5.0649510413142e-05,3.83419146276271e-05,4.58077513844612e-05,6.19457174081608e-06,5.20023231252773e-05,4.63177898501745e-05,5.83663272509937e-06,5.21544225752739e-05
466.2,5.0359812854863e-05,3.77672465270341e-05,4.55457470014358e-05,6.10672438137908e-06,5.16524713828149e-05,4.60528682247723e-05,5.75420578680055e-06,5.18070740115728e-05
466.4,4.99966099459759e-05,3.72077108242322e-05,4.52172638943593e-05,6.01811135200308e-06,5.12353752463624e-05,4.57207276794919e-05,5.67083616428397e-06,5.13915638437758e-05
466.6,4.96290831929353e-05,3.66654788285841e-05,4.48848702741032e-05,5.92863592877135e-06,5.08135062028746e-05,4.5384633080101e-05,5.58640188060958e-06,5.09710349607106e-05
466.8,4.93927130458818e-05,3.61367922833887e-05,4.46710955536248e-05,5.83773702867709e-06,5.05088325823019e-05,4.51684781220614e-05,5.50037745114675e-06,5.06688555732081e-05
467,4.91635493057506e-05,3.55867844766374e-05,4.44638383551123e-05,5.74350819948303e-06,5.02073465545953e-05,4.49589132542059e-05,5.41122341395605e-06,5.03701366681619e-05
467.2,4.89113250634679e-05,3.51772496923813e-05,4.42357250863091e-05,5.68063394430212e-06,4.99163590306112e-05,4.47282600977611e-05,5.35220899033266e-06,5.00804690880938e-05
467.4,4.85654175311944e-05,3.47632049863438e-05,4.39228840319505e-05,5.62098669856482e-06,4.95438707305153e-05,4.44119357689227e-05,5.29650772167219e-06,4.97084434905948e-05
467.6,4.82223925616899e-05,3.41689818866026e-05,4.36126499863782e-05,5.52610373354311e-06,4.91387537199213e-05,4.40982474761578e-05,5.2071845728057e-06,4.93054320489635e-05
467.8,4.7899545531568e-05,3.35707180268074e-05,4.33206650023101e-05,5.42688039407891e-06,4.8747545396389e-05,4.38030114359086e-05,5.11351771349225e-06,4.89165291494008e-05
468,4.74916628997622e-05,3.32942436763159e-05,4.29517732590456e-05,5.37200358040767e-06,4.83237768394533e-05,4.34300123314865e-05,5.0611082391745e-06,4.8491120570661e-05
468.2,4.71082820514924e-05,3.31027349448684e-05,4.26050410904648e-05,5.33049385213248e-06,4.79355349425973e-05,4.30794195336906e-05,5.02126864879353e-06,4.81006881824841e-05
468.4,4.69511823805849e-05,3.26713975818979e-05,4.24629591116102e-05,5.26179638380284e-06,4.77247554954131e-05,4.29357555676764e-05,4.95660893149683e-06,4.78923644991732e-05
468.6,4.68185844932134e-05,3.21360790146337e-05,4.23430367074394e-05,5.18020606888227e-06,4.75232427763217e-05,4.28144979082883e-05,4.88007057513528e-06,4.76945684834236e-05
468.8,4.64712356795555e-05,3.157003584669e-05,4.20288921486877e-05,5.09035613502908e-06,4.71192482837167e-05,4.2496855561413e-05,4.79552273228543e-06,4.72923782936985e-05
469,4.60575879222118e-05,3.10791180002972e-05,4.16547863878505e-05,5.0104826848592e-06,4.66652690727097e-05,4.21185843848437e-05,4.72022598467905e-06,4.68388103695227e-05
469.2,4.56958262947091e-05,3.0864443628964e-05,4.13276067851671e-05,4.97109781816474e-06,4.62987046033318e-05,4.17877618576001e-05,4.68279284858257e-06,4.64705547061827e-05
469.4,4.52605593165983e-05,3.05872132648259e-05,4.09339484584325e-05,4.92323893524261e-06,4.58571873936751e-05,4.13897204104783e-05,4.63748786264996e-06,4.60272082731283e-05
469.6,4.46278367888148e-05,2.99266860765254e-05,4.03617100298348e-05,4.82198379847869e-06,4.51836938283135e-05,4.08111104923113e-05,4.54245984357815e-06,4.53535703358894e-05
469.8,4.41190644600959e-05,2.93543834487829e-05,3.9901572979049e-05,4.72941269420905e-06,4.46309856732581e-05,4.03458501253114e-05,4.45523022678152e-06,4.48010803520929e-05
470,4.4006644512107e-05,2.92146510322728e-05,3.97998996363825e-05,4.68960619639757e-06,4.448950583278e-05,4.02430447184389e-05,4.41653633678678e-06,4.46595810552256e-05
470.2,4.37875697416672e-05,2.8957152476636e-05,3.9601766968622e-05,4.63865566606e-06,4.4240422634682e-05,4.00427059768411e-05,4.36788557962593e-06,4.44105915564671e-05
470.4,4.31606123394215e-05,2.82677251897519e-05,3.9034742557597e-05,4.54108449725932e-06,4.35758270548563e-05,3.94693681308214e-05,4.27690433015695e-06,4.37462724609784e-05
470.6,4.25682456904032e-05,2.76231501596541e-05,3.84990022520079e-05,4.44511740536501e-06,4.29441196573729e-05,3.89276627176855e-05,4.18704561823378e-06,4.31147083359193e-05
470.8,4.22021602187471e-05,2.72344708323539e-05,3.8167912136145e-05,4.37175605263723e-06,4.25396681887822e-05,3.85928861363314e-05,4.11719511882453e-06,4.2710081255156e-05
471,4.17798647730966e-05,2.68573973397301e-05,3.77859853489489e-05,4.30433207419183e-06,4.20903174231407e-05,3.82067068515411e-05,4.0532188792082e-06,4.22599257307493e-05
471.2,4.12105586262299e-05,2.64039303255485e-05,3.72711011136503e-05,4.23658512440538e-06,4.15076862380557e-05,3.76860897269945e-05,3.98976666260321e-06,4.16758563895977e-05
471.4,4.07133165485868e-05,2.59202001305791e-05,3.68213920980098e-05,4.1637405371547e-06,4.09851326351645e-05,3.72313735042892e-05,3.92149700991297e-06,4.11528705142021e-05
471.6,4.03385833886238e-05,2.5408932793111e-05,3.64824809557879e-05,4.08338666395857e-06,4.05658676197465e-05,3.68886888147141e-05,3.84594106797366e-06,4.07346298826878e-05
471.8,3.99162879429733e-05,2.49209368603553e-05,3.61005541685918e-05,4.00417270067766e-06,4.01047268692694e-05,3.65025095299238e-05,3.77127861665788e-06,4.02737881465817e-05
472,3.94075156142544e-05,2.4464201744087e-05,3.5640417117806e-05,3.92728622874474e-06,3.95677033465507e-05,3.60372491629239e-05,3.69862150359775e-06,3.97358706665216e-05
472.2,3.88828891903063e-05,2.39539982500128e-05,3.51659415186954e-05,3.84446000005418e-06,3.90104015187496e-05,3.55574905975189e-05,3.62055383297059e-06,3.91780444304895e-05
472.4,3.83870883940477e-05,2.34249950915801e-05,3.4717536007448e-05,3.76054706268604e-06,3.84780830701341e-05,3.51040923928504e-05,3.54159667549984e-06,3.86456890683502e-05
472.6,3.80123552340848e-05,2.31215488939909e-05,3.43786248652262e-05,3.7022359948933e-06,3.80808608601195e-05,3.47614077032754e-05,3.48601502230867e-06,3.8247422725584e-05
472.8,3.77298640827281e-05,2.29727560157616e-05,3.41231380041667e-05,3.66111099036972e-06,3.77842489945364e-05,3.45030761680573e-05,3.44608882705758e-06,3.79491649951148e-05
473,3.74358426802957e-05,2.25998906455015e-05,3.38572231079618e-05,3.59839168593901e-06,3.74556147939008e-05,3.42342004885446e-05,3.3868227902242e-06,3.76210232787688e-05
473.2,3.71000241177135e-05,2.20306136893248e-05,3.35535065843553e-05,3.51514900413752e-06,3.70686555884929e-05,3.39271022859639e-05,3.30899177278288e-06,3.72360940587467e-05
473.4,3.66892589231388e-05,2.14550957271046e-05,3.31820078323045e-05,3.42574207265387e-06,3.66077499049583e-05,3.35514671454682e-05,3.22499736028979e-06,3.67764645057579e-05
473.6,3.62453442567212e-05,2.0927283928826e-05,3.27805284792109e-05,3.33956425578192e-06,3.61200927349928e-05,3.31455175901255e-05,3.14373684041399e-06,3.62892544305394e-05
473.8,3.58706110967583e-05,2.05422070194778e-05,3.24416173369891e-05,3.27479063737711e-06,3.57164079743662e-05,3.28028329005504e-05,3.0825295834685e-06,3.58853624840189e-05
474,3.54987604995643e-05,2.02182785234266e-05,3.21053132035536e-05,3.21899757397945e-06,3.5324310777533e-05,3.24627842470491e-05,3.02972202755682e-06,3.54925062746059e-05
474.2,3.49669276686938e-05,1.98042350243316e-05,3.16243200824772e-05,3.14759575543065e-06,3.47719158379078e-05,3.19764355914599e-05,2.96213529339337e-06,3.49385708848533e-05
474.4,3.44235645867476e-05,1.93614474360269e-05,3.11328989262555e-05,3.07181843329688e-06,3.42047173595524e-05,3.14795427915761e-05,2.89044438343661e-06,3.43699871750127e-05
474.6,3.41252193401617e-05,1.89906284631211e-05,3.08630735168712e-05,3.01103266095534e-06,3.38741061778265e-05,3.12067130579529e-05,2.83311062201368e-06,3.40398236799666e-05
474.8,3.39392940415647e-05,1.86487078691399e-05,3.06949214501534e-05,2.95501000797869e-06,3.36499314581321e-05,3.10366887312022e-05,2.78027125009261e-06,3.38169599812949e-05
475,3.37504861801988e-05,1.82978179867702e-05,3.05241623746493e-05,2.89235613420177e-06,3.34165185088511e-05,3.08640283683779e-05,2.72082669017945e-06,3.35848550585574e-05
475.2,3.35242050028366e-05,1.79353085023855e-05,3.03195121849231e-05,2.82752836148656e-06,3.31470405464096e-05,3.06570995365961e-05,2.65931340287123e-06,3.33164129394673e-05
475.4,3.31422654359513e-05,1.75196435542712e-05,2.99740835207354e-05,2.76055463990876e-06,3.27346381606442e-05,3.03078247568369e-05,2.59622212329976e-06,3.29040468801367e-05
475.6,3.27790625270642e-05,1.71526399164859e-05,2.96456004136589e-05,2.7001293166756e-06,3.23457297303345e-05,2.99756842115565e-05,2.53921034315591e-06,3.25148945547124e-05
475.8,3.25960197912361e-05,1.69691149561906e-05,2.94800553557275e-05,2.65915653850966e-06,3.21392118942371e-05,2.98082959208795e-05,2.49982478754641e-06,3.23081207084259e-05
476,3.23927991160255e-05,1.67322316246796e-05,2.92962612362918e-05,2.61313156703393e-06,3.19093928033257e-05,2.96224553776869e-05,2.45592489538976e-06,3.20783802730766e-05
476.2,3.20007705794489e-05,1.62264742924129e-05,2.8941708041352e-05,2.53925981506803e-06,3.148096785642e-05,2.92639544716699e-05,2.38686189853807e-06,3.1650816370208e-05
476.4,3.16087420428723e-05,1.57546514473166e-05,2.85871548464122e-05,2.46881059041605e-06,3.10559654368283e-05,2.8905453565653e-05,2.32088169887339e-06,3.12263352645264e-05
476.6,3.13219270473622e-05,1.55070646644901e-05,2.83277574721732e-05,2.42112345175243e-06,3.07488809239256e-05,2.86431679763244e-05,2.27542030813941e-06,3.09185882844638e-05
476.8,3.10841156189242e-05,1.5242925942857e-05,2.81126792473016e-05,2.3724224030861e-06,3.04851016503877e-05,2.8425695000248e-05,2.22911801289048e-06,3.06548130131384e-05
477,3.0885218787867e-05,1.4845344485396e-05,2.79327956410454e-05,2.31123317368531e-06,3.02440288147307e-05,2.82438085111658e-05,2.17167428442987e-06,3.04154827955957e-05
477.2,3.07439732121886e-05,1.45138318551047e-05,2.78050522105157e-05,2.25835982788964e-06,3.00634120384053e-05,2.81146427435568e-05,2.12190339943736e-06,3.02365461429941e-05
477.4,3.06661440174271e-05,1.43316872158887e-05,2.7734662973285e-05,2.22272732265333e-06,2.99573902959383e-05,2.80434697695681e-05,2.08790220815481e-06,3.01313719777229e-05
477.6,3.05883148226656e-05,1.41362332427695e-05,2.76642737360543e-05,2.18638093154416e-06,2.98506546675984e-05,2.79722967955795e-05,2.0533273728317e-06,3.00256241684112e-05
477.8,3.0461482060832e-05,1.38679897517136e-05,2.75495653494561e-05,2.14233795773502e-06,2.96919033071911e-05,2.78563112083387e-05,2.0117807208103e-06,2.9868091929149e-05
478,3.02279944765474e-05,1.36150849317342e-05,2.7338397637764e-05,2.09957139444647e-06,2.94379690322105e-05,2.76427922863727e-05,1.97135390550743e-06,2.96141461918801e-05
478.2,2.99051474464255e-05,1.33979041809988e-05,2.7046412653696e-05,2.06029493466913e-06,2.91067075883651e-05,2.73475562461235e-05,1.93405829021299e-06,2.92816145363365e-05
478.4,2.97538129010558e-05,1.31726696928042e-05,2.69095446924141e-05,2.02106759306067e-06,2.89306122854748e-05,2.72091643522566e-05,1.89690201292857e-06,2.91060663651852e-05
478.6,2.97840798101298e-05,1.29322525756462e-05,2.69369182846705e-05,1.98115766091383e-06,2.89180759455843e-05,2.723684273103e-05,1.85922459326961e-06,2.90960673242996e-05
478.8,2.96529232041427e-05,1.26789248038906e-05,2.68182993848928e-05,1.93861161212912e-06,2.8756910997022e-05,2.71169030896787e-05,1.81902545703431e-06,2.89359285467131e-05
479,2.93516953947879e-05,1.24410182138724e-05,2.65458669667222e-05,1.89754134020838e-06,2.84434083069306e-05,2.68414373199819e-05,1.78014682497025e-06,2.86215841449521e-05
479.2,2.91340619057325e-05,1.23596185951145e-05,2.63490378033549e-05,1.87573249432976e-06,2.82247702976847e-05,2.6642416596421e-05,1.7590014822205e-06,2.84014180786415e-05
479.4,2.90144355508213e-05,1.23809101527555e-05,2.62408469387226e-05,1.8662220701628e-06,2.81070690088854e-05,2.65330210993644e-05,1.74914809872749e-06,2.82821691980919e-05
479.6,2.89077807283703e-05,1.22338239041316e-05,2.61443876136286e-05,1.83732921747778e-06,2.79817168311064e-05,2.64354877646392e-05,1.72157124991737e-06,2.81570590145565e-05
479.8,2.8793919498997e-05,1.1961414202136e-05,2.60414107665689e-05,1.79478871218734e-06,2.78361994787563e-05,2.63313643397298e-05,1.68159018334328e-06,2.80129545230731e-05
480,2.86310547025515e-05,1.17264300786989e-05,2.58941147701417e-05,1.75959003786035e-06,2.76537048080021e-05,2.61824283015684e-05,1.64861598546092e-06,2.78310442870293e-05
480.2,2.84811614385664e-05,1.15770822098183e-05,2.5758550313253e-05,1.73581043381845e-06,2.74943607470715e-05,2.60453544257384e-05,1.62623449949303e-06,2.76715889252314e-05
480.4,2.8476837594413e-05,1.16135082225877e-05,2.57546398000735e-05,1.73100860103598e-06,2.74856484011095e-05,2.60414003716279e-05,1.62097362241229e-06,2.76623739940402e-05
480.6,2.85272824428695e-05,1.16805541301257e-05,2.58002624538342e-05,1.72869463112985e-06,2.7528957084964e-05,2.60875310029169e-05,1.61788737697626e-06,2.77054183798931e-05
480.8,2.84609834991838e-05,1.14698693284375e-05,2.57403012517488e-05,1.69604789570376e-06,2.74363491474525e-05,2.60269021732228e-05,1.587222975531e-06,2.76141251487538e-05
481,2.83341507373501e-05,1.11552300889067e-05,2.56255928651506e-05,1.65214628340294e-06,2.72777391485535e-05,2.5910916585982e-05,1.5463358444005e-06,2.74572524303825e-05
481.2,2.81727272222892e-05,1.09561696798333e-05,2.54796003731166e-05,1.620677656121e-06,2.71002780292376e-05,2.57632985658574e-05,1.51673323875612e-06,2.72800318046135e-05
481.4,2.80876916206053e-05,1.08668711986137e-05,2.54026936139201e-05,1.60182731425398e-06,2.70045209281741e-05,2.56855355016846e-05,1.49866728948253e-06,2.71842027911671e-05
481.6,2.83139727979675e-05,1.10381462895346e-05,2.56073438036463e-05,1.60877163091702e-06,2.72161154345634e-05,2.58924643334665e-05,1.503781893631e-06,2.73962462270975e-05
481.8,2.85316062870229e-05,1.12013530239524e-05,2.58041729670136e-05,1.61602059517419e-06,2.74201935621878e-05,2.60914850570273e-05,1.50929437313604e-06,2.76007794301634e-05
482,2.83298268931967e-05,1.10171858234615e-05,2.56216823519711e-05,1.59138945315826e-06,2.72130718051294e-05,2.59069625318716e-05,1.48643955770308e-06,2.73934020895746e-05
482.2,2.80675136812227e-05,1.07480786964134e-05,2.53844445524158e-05,1.55830667292822e-06,2.6942751225344e-05,2.5667083249169e-05,1.45598474964116e-06,2.71230679988102e-05
482.4,2.80300403652264e-05,1.05451403724655e-05,2.53505534381936e-05,1.52887522771439e-06,2.6879428665908e-05,2.56328147802115e-05,1.42848518668623e-06,2.70612999668978e-05
482.6,2.80170688327661e-05,1.0441076259196e-05,2.53388218986552e-05,1.51001919418561e-06,2.68488410928408e-05,2.56209526178801e-05,1.41057788774809e-06,2.70315305056282e-05
482.8,2.79363570752357e-05,1.05364624641536e-05,2.52658256526382e-05,1.51476336211058e-06,2.67805890147488e-05,2.55471436078178e-05,1.41431281762709e-06,2.69614564254449e-05
483,2.78815883826257e-05,1.06448319040166e-05,2.52162924856981e-05,1.52103349870882e-06,2.67373259844069e-05,2.54970589224184e-05,1.41944614723495e-06,2.69165050696533e-05
483.2,2.79017663220083e-05,1.06416839142628e-05,2.52345415472023e-05,1.51442887036745e-06,2.67489704175698e-05,2.55155111749339e-05,1.41280303155053e-06,2.69283142064845e-05
483.4,2.78859122267791e-05,1.06382091569375e-05,2.52202029988775e-05,1.50706847687498e-06,2.67272714757525e-05,2.55010129765288e-05,1.40539937411584e-06,2.69064123506447e-05
483.6,2.776052074633e-05,1.06750250614161e-05,2.51067981166725e-05,1.50308976716007e-06,2.66098878838326e-05,2.53863454073249e-05,1.40096644384211e-06,2.6787311851167e-05
483.8,2.76913392398753e-05,1.06921580383722e-05,2.50442299058008e-05,1.4978088692851e-06,2.65420387750859e-05,2.53230805415572e-05,1.39543598256391e-06,2.67185165241211e-05
484,2.77475492138697e-05,1.06673684385375e-05,2.50950665771341e-05,1.48982139701967e-06,2.65848879741538e-05,2.53744832449934e-05,1.38763559067478e-06,2.67621188356682e-05
484.2,2.77734922787902e-05,1.06242661666512e-05,2.5118529656211e-05,1.48019700567091e-06,2.65987266618819e-05,2.53982075696563e-05,1.37838395298252e-06,2.67765915226388e-05
484.4,2.77158410234113e-05,1.05736292720455e-05,2.50663894804846e-05,1.46970799643787e-06,2.65360974769224e-05,2.53454868481833e-05,1.36834196341838e-06,2.67138288116016e-05
484.6,2.76452182355722e-05,1.05232699731694e-05,2.50025177652197e-05,1.46026103151077e-06,2.64627787967304e-05,2.52809039643787e-05,1.35935052978032e-06,2.6640254494159e-05
484.8,2.75803605732709e-05,1.04822491381087e-05,2.49438600675274e-05,1.45287119627263e-06,2.63967312638001e-05,2.52215931527215e-05,1.35233515307881e-06,2.65739283058003e-05
485,2.74852360018957e-05,1.04456635384561e-05,2.48578287775788e-05,1.44500192023634e-06,2.63028306978151e-05,2.51346039622909e-05,1.34478561396903e-06,2.647938957626e-05
485.2,2.73728160539068e-05,1.0427370753591e-05,2.47561554349123e-05,1.43778556089891e-06,2.61939409958112e-05,2.50317985554184e-05,1.33769258317123e-06,2.63694911385896e-05
485.4,2.73151647985279e-05,1.0482598107791e-05,2.47040152591858e-05,1.43786415341242e-06,2.61418794125982e-05,2.49790778339453e-05,1.33715713135935e-06,2.63162349653047e-05
485.6,2.72978694219142e-05,1.05814458199396e-05,2.46883732064679e-05,1.44259679813248e-06,2.61309700046004e-05,2.49632616175034e-05,1.34084186817865e-06,2.63041034856821e-05
485.8,2.71811256297719e-05,1.05644784280676e-05,2.45827893506219e-05,1.4362145747496e-06,2.60190039253715e-05,2.48565021565204e-05,1.33457750351907e-06,2.61910796600395e-05
486,2.70240259588644e-05,1.04756483224707e-05,2.44407073717673e-05,1.42300447841914e-06,2.58637118501865e-05,2.47128381905063e-05,1.32220938507091e-06,2.60350475755772e-05
486.2,2.71119441233172e-05,1.05540357558687e-05,2.45202211397501e-05,1.42703895839273e-06,2.59472600981429e-05,2.47932372907527e-05,1.32541599497579e-06,2.61186532857285e-05
486.4,2.73454317076018e-05,1.07396944618113e-05,2.47313888514422e-05,1.44212308412114e-06,2.61735119355633e-05,2.50067562127187e-05,1.33860088761477e-06,2.63453571003335e-05
486.6,2.74088480885186e-05,1.08158821539286e-05,2.47887430447413e-05,1.44621457295654e-06,2.62349576176978e-05,2.50647490063391e-05,1.34188963377465e-06,2.64066386401138e-05
486.8,2.73252537682192e-05,1.08027850258749e-05,2.47131397899379e-05,1.44102161751223e-06,2.61541614074502e-05,2.49883039602031e-05,1.33678468596985e-06,2.6325088646173e-05
487,2.71883320366943e-05,1.07617528162119e-05,2.45893068725877e-05,1.43169466363014e-06,2.60210015362178e-05,2.48630922467046e-05,1.32781074876124e-06,2.61909029954658e-05
487.2,2.70312323657868e-05,1.07384460120365e-05,2.44472248937331e-05,1.42401918646868e-06,2.58712440802018e-05,2.47194282806904e-05,1.32030931590029e-06,2.60397375965907e-05
487.4,2.68914280714929e-05,1.08273112015207e-05,2.43207849675965e-05,1.43034338369304e-06,2.57511283512895e-05,2.45915805311182e-05,1.32571447475715e-06,2.59172950058754e-05
487.6,2.67948622187332e-05,1.09595164716706e-05,2.42334501732547e-05,1.44166985415602e-06,2.56751200274108e-05,2.45032733226508e-05,1.33569504118281e-06,2.58389683638336e-05
487.8,2.67761255607351e-05,1.10334953114896e-05,2.42165046161436e-05,1.44414449947352e-06,2.56606491156172e-05,2.4486139088172e-05,1.33737353544391e-06,2.5823512623616e-05
488,2.68020686256556e-05,1.10641933934836e-05,2.42399676952205e-05,1.44129275768018e-06,2.56812604529007e-05,2.45098634128349e-05,1.33414823895442e-06,2.58440116517894e-05
488.2,2.68409832230364e-05,1.10231478917327e-05,2.42751623138359e-05,1.43209715594092e-06,2.57072594697768e-05,2.45454498998293e-05,1.32530726440476e-06,2.5870757164234e-05
488.4,2.68784565390327e-05,1.10191996746303e-05,2.43090534280581e-05,1.4280416414293e-06,2.57370950694874e-05,2.45797183687868e-05,1.32125055520874e-06,2.59009689239955e-05
488.6,2.68943106342619e-05,1.12879309945768e-05,2.43233919763828e-05,1.45217550176672e-06,2.57755674781496e-05,2.45942165671919e-05,1.34266098754007e-06,2.59368775547319e-05
488.8,2.6888545508724e-05,1.15455138991571e-05,2.43181779588102e-05,1.47541622199085e-06,2.5793594180801e-05,2.45889444950445e-05,1.36329246534237e-06,2.59522369603869e-05
489,2.68568373182656e-05,1.15185087807628e-05,2.42895008621606e-05,1.46947110732695e-06,2.57589719694876e-05,2.45599480982344e-05,1.35758183963865e-06,2.5917529937873e-05
489.2,2.67934209373488e-05,1.14781995593469e-05,2.42321466688616e-05,1.46224820077433e-06,2.56943948696359e-05,2.4501955304614e-05,1.35072732692243e-06,2.58526826315364e-05
489.4,2.66709120196686e-05,1.16004994899749e-05,2.41213487954429e-05,1.47177609874537e-06,2.55931248941883e-05,2.43899237714837e-05,1.35899958424809e-06,2.57489233557318e-05
489.6,2.66161433270586e-05,1.17649992700085e-05,2.40718156285028e-05,1.48605543012536e-06,2.55578710586281e-05,2.43398390860842e-05,1.37160631208754e-06,2.57114453981718e-05
489.8,2.67328871192009e-05,1.19788178384697e-05,2.41773994843488e-05,1.50318242757659e-06,2.56805819119254e-05,2.44465985470672e-05,1.38654328134344e-06,2.58331418284107e-05
490,2.6833776816114e-05,1.21756501325972e-05,2.42686447918701e-05,1.51948747762377e-06,2.57881322694938e-05,2.45388598096451e-05,1.40083828209094e-06,2.59396980917361e-05
490.2,2.68135988767314e-05,1.23110352573603e-05,2.42503957303658e-05,1.53195157874832e-06,2.57823473091141e-05,2.45204075571295e-05,1.41193374038964e-06,2.59323412975192e-05
490.4,2.67862145304264e-05,1.23454976540705e-05,2.42256291468958e-05,1.53308259694762e-06,2.57587117438434e-05,2.44953652144298e-05,1.41269363613386e-06,2.59080588505637e-05
490.6,2.67934209373488e-05,1.22624496230329e-05,2.42321466688616e-05,1.51970982710538e-06,2.57518564959669e-05,2.4501955304614e-05,1.4000966534072e-06,2.59020519580212e-05
490.8,2.67227981495096e-05,1.22550409664195e-05,2.41682749535967e-05,1.51414212726291e-06,2.56824170808596e-05,2.44373724208094e-05,1.39454945137871e-06,2.58319218721882e-05
491,2.65599333530642e-05,1.24037061790781e-05,2.40209789571695e-05,1.52617621868592e-06,2.55471551758554e-05,2.4288436382648e-05,1.40506224727122e-06,2.56934986299192e-05
491.2,2.64936344093784e-05,1.2582485027084e-05,2.39610177550841e-05,1.5431767779421e-06,2.55041945330262e-05,2.4227807552954e-05,1.42026151422019e-06,2.56480690671741e-05
491.4,2.65916415435226e-05,1.27704468644602e-05,2.4049656053819e-05,1.56221541471786e-06,2.56118714685369e-05,2.43174327794582e-05,1.4374193049065e-06,2.57548520843647e-05
491.6,2.68164814395003e-05,1.30325929596093e-05,2.42530027391521e-05,1.58844427235244e-06,2.58414470115046e-05,2.45230435932032e-05,1.46102138296295e-06,2.59840649761662e-05
491.8,2.70917661839346e-05,1.33397386652053e-05,2.45019720782459e-05,1.61798349190064e-06,2.61199555701465e-05,2.47747850382372e-05,1.48746964122322e-06,2.62622546794604e-05
492,2.71883320366943e-05,1.35049967634222e-05,2.45893068725877e-05,1.63104000529045e-06,2.62203468778781e-05,2.48630922467046e-05,1.49883149245525e-06,2.63619237391598e-05
492.2,2.70888836211657e-05,1.35315386436518e-05,2.44993650694596e-05,1.62870211549411e-06,2.61280671849537e-05,2.47721490021635e-05,1.49617204586669e-06,2.62683210480302e-05
492.4,2.69793462359458e-05,1.35948075052442e-05,2.44002987355793e-05,1.63238335654156e-06,2.60326820921209e-05,2.46719796313647e-05,1.4991898188844e-06,2.61711694502491e-05
492.6,2.69043996039532e-05,1.37542475405256e-05,2.4332516507135e-05,1.64794535448353e-06,2.59804618616185e-05,2.46034426934496e-05,1.51314983176496e-06,2.61165925252146e-05
492.8,2.68770152576482e-05,1.41023096396042e-05,2.43077499236649e-05,1.68188475685156e-06,2.59896346805165e-05,2.45784003507499e-05,1.54359168942857e-06,2.61219920401785e-05
493,2.68683675693413e-05,1.45097715879965e-05,2.42999288973059e-05,1.72091505294383e-06,2.60208439502498e-05,2.4570492242529e-05,1.57851974716642e-06,2.61490119896954e-05
493.2,2.67718017165817e-05,1.45897706059885e-05,2.42125941029642e-05,1.72637479502454e-06,2.59389688979887e-05,2.44821850340616e-05,1.583149544603e-06,2.60653345786646e-05
493.4,2.66536166430549e-05,1.44814341362922e-05,2.4105706742725e-05,1.7128258719675e-06,2.58185326146925e-05,2.43741075550417e-05,1.57065601704989e-06,2.59447635720916e-05
493.6,2.66853248335133e-05,1.45690351884899e-05,2.41343838393745e-05,1.71927686726783e-06,2.58536607066423e-05,2.44031039518519e-05,1.57620346111137e-06,2.59793074129633e-05
493.8,2.68294529719606e-05,1.47918914751302e-05,2.42647342786906e-05,1.74151116899974e-06,2.60062454476903e-05,2.45349057555346e-05,1.59620397213584e-06,2.61311097276705e-05
494,2.70384387727091e-05,1.50944026495951e-05,2.44537424156989e-05,1.77308456524845e-06,2.62268269809474e-05,2.47260183708746e-05,1.62476065866777e-06,2.63507790295423e-05
494.2,2.72315704782285e-05,1.54380839219426e-05,2.46284120043825e-05,1.8090710913888e-06,2.64374830957713e-05,2.49026327878094e-05,1.65732121100412e-06,2.65599539988135e-05
494.4,2.7284897889454e-05,1.57806287638875e-05,2.46766416669294e-05,1.8439902060299e-06,2.65206318729593e-05,2.4951399455172e-05,1.68881512032023e-06,2.66402145754922e-05
494.6,2.72618373873024e-05,1.60838271390965e-05,2.46557855966389e-05,1.87426159497933e-06,2.65300471916182e-05,2.49303111665827e-05,1.71604765106082e-06,2.66463588176436e-05
494.8,2.72358943223819e-05,1.62619458383421e-05,2.4632322517562e-05,1.89136865114943e-06,2.65236911687114e-05,2.49065868419199e-05,1.73136195100704e-06,2.66379487929269e-05
495,2.72157163829993e-05,1.64269037411278e-05,2.46140734560577e-05,1.90711210828188e-06,2.65211855643396e-05,2.48881345894043e-05,1.74544400576493e-06,2.66335785951692e-05
495.2,2.72315704782285e-05,1.67379830887238e-05,2.46284120043825e-05,1.93840045316509e-06,2.65668124575476e-05,2.49026327878094e-05,1.77361706623817e-06,2.66762498540475e-05
495.4,2.72647199500714e-05,1.70400487433807e-05,2.46583926054252e-05,1.96867317496463e-06,2.66270657803898e-05,2.49329472026564e-05,1.80086355674984e-06,2.67338107594062e-05
495.6,2.73021932660676e-05,1.7160051486412e-05,2.46922837196474e-05,1.97944365540209e-06,2.66717273750495e-05,2.49672156716139e-05,1.81041780949797e-06,2.67776334811119e-05
495.8,2.73497555517553e-05,1.7295334750345e-05,2.47352993646217e-05,1.99175671221487e-06,2.67270560768366e-05,2.50107102668292e-05,1.82136167585996e-06,2.68320719426891e-05
496,2.73973178374429e-05,1.7601675819688e-05,2.4778315009596e-05,2.02193357111673e-06,2.68002485807127e-05,2.50542048620445e-05,1.84846363224158e-06,2.69026684942861e-05
496.2,2.74809121577423e-05,1.79502845609228e-05,2.48539182643993e-05,2.05794249205194e-06,2.69118607564513e-05,2.51306499081804e-05,1.88099196467574e-06,2.70116418728562e-05
496.4,2.7653865923879e-05,1.83239709564137e-05,2.50103387915786e-05,2.09746215366369e-06,2.71078009452423e-05,2.52888120725997e-05,1.91679090472642e-06,2.72056029773261e-05
496.6,2.77547556207921e-05,1.86460887571532e-05,2.51015840990999e-05,2.1312401609399e-06,2.72328242600398e-05,2.53810733351776e-05,1.94735844256422e-06,2.73284317777418e-05
496.8,2.76740438632616e-05,1.88511225778404e-05,2.50285878530829e-05,2.15133049342707e-06,2.717991834651e-05,2.53072643251153e-05,1.96538955384724e-06,2.72726538789625e-05
497,2.76927805212598e-05,1.91140075357571e-05,2.5045533410194e-05,2.17767796809806e-06,2.7223211378292e-05,2.5324398559594e-05,1.98910334292153e-06,2.73135019025156e-05
497.2,2.79579762960028e-05,1.95330068902909e-05,2.52853782185356e-05,2.22136633962661e-06,2.75067445581622e-05,2.55669138783702e-05,2.02861287938065e-06,2.75955267577508e-05
497.4,2.81309300621395e-05,1.99840747089867e-05,2.54417987457149e-05,2.26834617888428e-06,2.77101449245992e-05,2.57250760427894e-05,2.07109347109142e-06,2.77961695138808e-05
497.6,2.80703962439916e-05,2.04091043439181e-05,2.53870515612021e-05,2.31223337021123e-06,2.76992849314134e-05,2.56697192852427e-05,2.11073689796193e-06,2.77804561832046e-05
497.8,2.80069798630748e-05,2.07642006686235e-05,2.53296973679031e-05,2.34988204053076e-06,2.76795794084338e-05,2.56117264916223e-05,2.14485100241229e-06,2.77565774940346e-05
498,2.80329229279953e-05,2.10461059402862e-05,2.535316044698e-05,2.38124910027941e-06,2.77344095472594e-05,2.56354508162852e-05,2.17342848787831e-06,2.78088793041635e-05
498.2,2.81611969712134e-05,2.14091794110575e-05,2.54691723379713e-05,2.42011805800049e-06,2.78892903959718e-05,2.57527544215628e-05,2.20868764665891e-06,2.79614420682217e-05
498.4,2.8370182771962e-05,2.18798284061777e-05,2.56581804749796e-05,2.46886103859593e-06,2.81270415135755e-05,2.59438670369027e-05,2.25273298788504e-06,2.81966000247877e-05
498.6,2.84163037762651e-05,2.22478251878578e-05,2.56998926155608e-05,2.50767152283159e-06,2.82075641383924e-05,2.59860436140812e-05,2.28787820436561e-06,2.82739218184468e-05
498.8,2.83067663910452e-05,2.25108486632753e-05,2.56008262816805e-05,2.53642135443747e-06,2.8137247636118e-05,2.58858742432823e-05,2.31401955670247e-06,2.81998937999848e-05
499,2.83990083996514e-05,2.29081042236075e-05,2.56842505628428e-05,2.57799369807774e-06,2.82622442609206e-05,2.59702273976392e-05,2.35163160723429e-06,2.83218590048735e-05
499.2,2.86656454557789e-05,2.34366329416448e-05,2.59253988755776e-05,2.63237761153263e-06,2.85577764871102e-05,2.62140607344522e-05,2.40073623756905e-06,2.86147969720213e-05
499.4,2.87002362090062e-05,2.38812466570178e-05,2.59566829810135e-05,2.67969580864301e-06,2.86363787896565e-05,2.62456931673361e-05,2.44363081661381e-06,2.86893239839499e-05
499.6,2.85647557588658e-05,2.42559050830205e-05,2.58341535680563e-05,2.72099639712283e-06,2.85551499651792e-05,2.61217994718744e-05,2.4812196900488e-06,2.86030191619232e-05
499.8,2.8656997767472e-05,2.47181047537183e-05,2.59175778492186e-05,2.77018757033296e-06,2.86877654195516e-05,2.62061526262313e-05,2.52581229175042e-06,2.87319649179817e-05
500,2.89020156028324e-05,2.52383476057742e-05,2.6139173596056e-05,2.82460812032858e-06,2.89637817163846e-05,2.64302156924919e-05,2.5750462240873e-06,2.90052619165792e-05
500.2,2.90202006763592e-05,2.56845198376935e-05,2.62460609562952e-05,2.87219409636072e-06,2.91182550526559e-05,2.65382931715117e-05,2.61819421055954e-06,2.91564873820712e-05
500.4,2.90389373343573e-05,2.6111859936241e-05,2.62630065134063e-05,2.91855566857059e-06,2.91815621819769e-05,2.65554274059904e-05,2.66031384342137e-06,2.92157412494118e-05
500.6,2.90158768322058e-05,2.66359812468891e-05,2.62421504431157e-05,2.97497992489749e-06,2.92171303680132e-05,2.65343391174012e-05,2.71153060798551e-06,2.92458697253867e-05
500.8,2.9001464018361e-05,2.72042266682738e-05,2.62291153991841e-05,3.03606678697465e-06,2.92651821861588e-05,2.65211589370329e-05,2.76697060101444e-06,2.92881295380474e-05
501,2.90706455248157e-05,2.76982273595469e-05,2.62916836100558e-05,3.08958393200877e-06,2.93812675420646e-05,2.65844238028006e-05,2.81558325837331e-06,2.94000070611739e-05
501.2,2.91816241914201e-05,2.81704975742364e-05,2.63920534483292e-05,3.14094534463652e-06,2.95329987929657e-05,2.66859111916363e-05,2.86225813492102e-06,2.95481693265573e-05
501.4,2.93127807974072e-05,2.87115225571839e-05,2.65106723481069e-05,3.19970584467488e-06,2.97103781927817e-05,2.68058508329876e-05,2.9156489446887e-06,2.97214997776763e-05
501.6,2.94093466501668e-05,2.92710365406555e-05,2.65980071424486e-05,3.26018996992253e-06,2.98581971123712e-05,2.6894158041455e-05,2.97057670850098e-06,2.98647347499559e-05
501.8,2.93416064250966e-05,2.97443352716873e-05,2.65367424359701e-05,3.31060953749268e-06,2.98473519734628e-05,2.68322111937241e-05,3.01628780134369e-06,2.98484989950678e-05
502,2.92998092649469e-05,3.02705724374156e-05,2.64989408085684e-05,3.36641674609406e-06,2.98653575546625e-05,2.67939886706561e-05,3.06685708914986e-06,2.9860845759806e-05
502.2,2.95707701652278e-05,3.10754651054036e-05,2.67439996344827e-05,3.45214479134823e-06,3.01961444258309e-05,2.70417760615796e-05,3.14457772059985e-06,3.01863537821794e-05
502.4,2.9821553126126e-05,3.18774447416313e-05,2.69708093988927e-05,3.53805977260788e-06,3.05088691715005e-05,2.72711111999875e-05,3.22251980410893e-06,3.04936310040964e-05
502.6,2.96817488318322e-05,3.23798243160892e-05,2.68443694727561e-05,3.59316817964067e-06,3.04375376523967e-05,2.71432634504153e-05,3.27264814787521e-06,3.04159115982905e-05
502.8,2.95938306673794e-05,3.28557817732743e-05,2.67648557047732e-05,3.64542163216909e-06,3.04102773369423e-05,2.70628643501688e-05,3.32018394162493e-06,3.03830482917938e-05
503,2.98979410395031e-05,3.34773867862693e-05,2.70398951317302e-05,3.71219802315147e-06,3.07520931548817e-05,2.73409661559393e-05,3.38078268951084e-06,3.07217488454502e-05
503.2,3.01890798791666e-05,3.41148962267462e-05,2.73032030191487e-05,3.78025480413683e-06,3.10834578232855e-05,2.76072057993784e-05,3.44249899858991e-06,3.10497047979683e-05
503.4,3.02135816627026e-05,3.46975424884515e-05,2.73253625938324e-05,3.8421386179026e-06,3.1167501211735e-05,2.76296121060044e-05,3.49858447316809e-06,3.11281965791725e-05
503.6,3.019340372332e-05,3.53571471639196e-05,2.73071135323282e-05,3.91326323440028e-06,3.12203767667285e-05,2.76111598534889e-05,3.56315676047892e-06,3.11743166139678e-05
503.8,3.02308770393163e-05,3.61756897027757e-05,2.73410046465504e-05,4.00338709809467e-06,3.1344391744645e-05,2.76454283224464e-05,3.64517017272682e-06,3.12905984951732e-05
504,3.0275556762235e-05,3.69465973826716e-05,2.73814132827384e-05,4.08768084768788e-06,3.14690941304262e-05,2.7686286881588e-05,3.72181893855713e-06,3.14081058201451e-05
504.2,3.03159126410002e-05,3.75589716181568e-05,2.74179114057469e-05,4.15292791881973e-06,3.15708393245666e-05,2.77231913866192e-05,3.78097411713755e-06,3.15041655037567e-05
504.4,3.03966243985307e-05,3.81282977782914e-05,2.74909076517639e-05,4.21414484677099e-06,3.17050524985349e-05,2.77970003966815e-05,3.83653359093825e-06,3.16335339876197e-05
504.6,3.0537869974209e-05,3.87202943986352e-05,2.76186510822936e-05,4.27933235232478e-06,3.18979834346184e-05,2.79261661642905e-05,3.89585543174076e-06,3.18220215960313e-05
504.8,3.06661440174271e-05,3.94400603804672e-05,2.7734662973285e-05,4.35784237375084e-06,3.20925053470358e-05,2.80434697695681e-05,3.96722549985565e-06,3.20106952694238e-05
505,3.07439732121886e-05,4.03218781296732e-05,2.78050522105157e-05,4.45289155927253e-06,3.22579437697882e-05,2.81146427435568e-05,4.05351454721371e-06,3.21681572907705e-05
505.2,3.07194714286526e-05,4.12285101758147e-05,2.77828926358319e-05,4.55128710355492e-06,3.23341797393868e-05,2.80922364369307e-05,4.14291092229695e-06,3.22351473592277e-05
505.4,3.06156991689705e-05,4.20910111007136e-05,2.76890403195243e-05,4.64569320498751e-06,3.23347335245118e-05,2.79973391382792e-05,4.22876480508874e-06,3.22261039433679e-05
505.6,3.07064998961923e-05,4.28859259546344e-05,2.77711610962935e-05,4.73179756419692e-06,3.25029586604904e-05,2.80803742745993e-05,4.30697703673725e-06,3.23873513113365e-05
505.8,3.098610848478e-05,4.35951823191975e-05,2.80240409485667e-05,4.80761477787296e-06,3.28316557264396e-05,2.83360697737437e-05,4.37574133201243e-06,3.27118111057561e-05
506,3.11648273764547e-05,4.42559791017341e-05,2.81856754933187e-05,4.87910538312748e-06,3.30647808764461e-05,2.84995040103103e-05,4.440670409809e-06,3.29401744201193e-05
506.2,3.12210373504491e-05,4.49269356538529e-05,2.82365121646519e-05,4.95261431529662e-06,3.31891264799485e-05,2.85509067137465e-05,4.50752716503835e-06,3.30584338787849e-05
506.4,3.13262508915156e-05,4.57765970315086e-05,2.83316679853527e-05,5.04493216262349e-06,3.33766001479762e-05,2.86471220304349e-05,4.59141250213382e-06,3.32385345325687e-05
506.6,3.14516423719647e-05,4.67705641379068e-05,2.84450728675577e-05,5.1525425422653e-06,3.3597615409823e-05,2.87617895996388e-05,4.68915389647672e-06,3.34509434961156e-05
506.8,3.14170516187374e-05,4.77385801068002e-05,2.84137887621218e-05,5.25841851978935e-06,3.36722072819112e-05,2.8730157166755e-05,4.78543052574337e-06,3.35155876924984e-05
507,3.13046316707485e-05,4.86427904259236e-05,2.83121154194553e-05,5.35780030275886e-06,3.36699157222141e-05,2.86273517598825e-05,4.875851084917e-06,3.35032028447995e-05
507.2,3.13752544585877e-05,4.95052898113971e-05,2.83759871347201e-05,5.45112651707803e-06,3.38271136517982e-05,2.8691934643687e-05,4.96061307391999e-06,3.3652547717607e-05
507.4,3.15626210385692e-05,5.03557693480618e-05,2.85454427058311e-05,5.54246942808529e-06,3.40879121339164e-05,2.88632769884745e-05,5.04350350978681e-06,3.39067804982613e-05
507.6,3.17182794280922e-05,5.12600168066254e-05,2.86862211802924e-05,5.6411844036121e-06,3.43274055839045e-05,2.90056229364518e-05,5.13324942354322e-06,3.41388723599951e-05
507.8,3.1809080155314e-05,5.21804170944716e-05,2.87683419570616e-05,5.74203310646173e-06,3.45103750635233e-05,2.90886580727719e-05,5.22497297136228e-06,3.43136310441342e-05
508,3.17615178696264e-05,5.30347524628765e-05,2.87253263120873e-05,5.83363716910916e-06,3.45589634811964e-05,2.90451634775566e-05,5.30808453452693e-06,3.43532480120836e-05
508.2,3.16735997051736e-05,5.39065927528367e-05,2.86458125441045e-05,5.92676176822579e-06,3.45725743123302e-05,2.89647643773102e-05,5.39253865879638e-06,3.43573030361066e-05
508.4,3.16635107354822e-05,5.4933267712396e-05,2.86366880133523e-05,6.03909190239687e-06,3.46757799157492e-05,2.89555382510524e-05,5.49468817903687e-06,3.44502264300893e-05
508.6,3.17514288999351e-05,5.60210187962616e-05,2.87162017813351e-05,6.15860821189935e-06,3.48748099932345e-05,2.90359373512989e-05,5.60342384631525e-06,3.46393611976141e-05
508.8,3.20627456789812e-05,5.71077361392876e-05,2.89977587302579e-05,6.27649713565125e-06,3.52742558659092e-05,2.93206292472535e-05,5.71052551800671e-06,3.50311547652602e-05
509,3.2366856051105e-05,5.81657294169008e-05,2.92727981572149e-05,6.39081381733321e-06,3.56636119745481e-05,2.9598731053024e-05,5.81433499624446e-06,3.54130660492684e-05
509.2,3.23726211766428e-05,5.91493838750667e-05,2.92780121747875e-05,6.49744588026036e-06,3.57754580550478e-05,2.96040031251713e-05,5.9112020053686e-06,3.55152051305399e-05
509.4,3.22919094191124e-05,6.00515218188296e-05,2.92050159287705e-05,6.59571392368857e-06,3.58007298524591e-05,2.9530194115109e-05,6.00051949876526e-06,3.55307136138742e-05
509.6,3.22400232892714e-05,6.07933979623509e-05,2.91580897706167e-05,6.67766123770105e-06,3.58357510083177e-05,2.94827454657832e-05,6.07511894964301e-06,3.55578644154262e-05
509.8,3.2232816882349e-05,6.16098413042696e-05,2.91515722486509e-05,6.76749034043437e-06,3.59190625890853e-05,2.94761553755991e-05,6.15685769210937e-06,3.56330130677085e-05
510,3.23495606744913e-05,6.27724540760456e-05,2.92571561044969e-05,6.89363019288742e-06,3.61507862973843e-05,2.95829148365821e-05,6.27145711654428e-06,3.58543719531263e-05
510.2,3.2498012657092e-05,6.39152936561032e-05,2.93914170569925e-05,7.01768182293076e-06,3.64090988799233e-05,2.97186706943753e-05,6.38416522879407e-06,3.61028359231693e-05
510.4,3.26219628561566e-05,6.47931107477119e-05,2.95035184348043e-05,7.11291714004105e-06,3.66164355748454e-05,2.98320202455424e-05,6.47068702481903e-06,3.63027072703614e-05
510.6,3.27069984578405e-05,6.57503882005514e-05,2.95804251940008e-05,7.21679731727941e-06,3.67972225112802e-05,2.99097833097152e-05,6.5650651980529e-06,3.64748485077681e-05
510.8,3.27286176786076e-05,6.69684212160928e-05,2.95999777598983e-05,7.34851819750991e-06,3.69484959574082e-05,2.99295535802676e-05,6.6846907241559e-06,3.66142443044235e-05
511,3.28295073755207e-05,6.81290089148327e-05,2.96912230674195e-05,7.4745013859359e-06,3.71657244533554e-05,3.00218148428455e-05,6.79915428803993e-06,3.68209691308854e-05
511.2,3.3080290336419e-05,6.91011542198567e-05,2.99180328318295e-05,7.58097092759808e-06,3.74990037594276e-05,3.02511499812534e-05,6.89598511300447e-06,3.71471350942579e-05
511.4,3.31999166913302e-05,7.01015964923363e-05,3.00262236964619e-05,7.69037636563198e-06,3.77166000620939e-05,3.036054547831e-05,6.99546945589183e-06,3.73560149342018e-05
511.6,3.30874967433413e-05,7.12108862863491e-05,2.99245503537953e-05,7.81102624991936e-06,3.77355766037147e-05,3.02577400714375e-05,7.10511150051322e-06,3.73628515719507e-05
511.8,3.30298454879624e-05,7.22823141506338e-05,2.98724101780689e-05,7.92738129549283e-06,3.77997914735617e-05,3.02050193499644e-05,7.2108324533758e-06,3.74158518033402e-05
512,3.31235287779532e-05,7.32793020468277e-05,2.99571379636243e-05,8.03582095795839e-06,3.79929589215827e-05,3.02906905223582e-05,7.30937872958802e-06,3.76000692519462e-05
512.2,3.3235948725942e-05,7.42314375721868e-05,3.00588113062909e-05,8.1394898255032e-06,3.81983011317941e-05,3.03934959292307e-05,7.40360049223723e-06,3.77970964214679e-05
512.4,3.33368384228551e-05,7.51698958470492e-05,3.01500566138122e-05,8.24163260243757e-06,3.83916892162497e-05,3.04857571918086e-05,7.49643145925901e-06,3.79821886510676e-05
512.6,3.34564647777664e-05,7.61831093542423e-05,3.02582474784445e-05,8.35201231726861e-06,3.86102597957131e-05,3.05951526888652e-05,7.59675872776092e-06,3.81919114166261e-05
512.8,3.35775324140621e-05,7.72647091139194e-05,3.036774184747e-05,8.47002248515185e-06,3.88377643326219e-05,3.07058662039587e-05,7.7040399744e-06,3.84099061783587e-05
513,3.36380662322099e-05,7.82959358008422e-05,3.04224890319828e-05,8.58295370984298e-06,3.90054427418258e-05,3.07612229615054e-05,7.80674659747955e-06,3.8567969558985e-05
513.2,3.36568028902081e-05,7.9299713447177e-05,3.04394345890939e-05,8.69329901692911e-06,3.9132733606023e-05,3.07783571959842e-05,7.90714413708623e-06,3.86855013330704e-05
513.4,3.37735466823504e-05,8.05230267509423e-05,3.05450184449399e-05,8.82703281828064e-06,3.93720512632206e-05,3.08851166569671e-05,8.02874620437775e-06,3.89138628613449e-05
513.6,3.39320876346424e-05,8.18305439005156e-05,3.06884039281876e-05,8.96897744405505e-06,3.96573813722427e-05,3.10300986410181e-05,8.15771296497108e-06,3.91878116059892e-05
513.8,3.39407353229492e-05,8.27986060459895e-05,3.06962249545466e-05,9.07333892992264e-06,3.97695638844692e-05,3.10380067492391e-05,8.25245772559136e-06,3.92904644748304e-05
514,3.38816427861858e-05,8.35852536129963e-05,3.0642781274427e-05,9.15802125450169e-06,3.98008025289287e-05,3.09839680097292e-05,8.32932413988424e-06,3.93132921496134e-05
514.2,3.3955148136794e-05,8.45944298905771e-05,3.07092599984782e-05,9.26855539139603e-06,3.99778153898742e-05,3.10511869296073e-05,8.42985250166829e-06,3.94810394312756e-05
514.4,3.41180129332394e-05,8.57351947904421e-05,3.08565559949054e-05,9.39435510183314e-06,4.02509110967385e-05,3.12001229677688e-05,8.54435125817681e-06,3.97444742259456e-05
514.6,3.42520521019953e-05,8.6726342286128e-05,3.09777819034693e-05,9.50333457492744e-06,4.04811164783968e-05,3.13226986451937e-05,8.64350838437249e-06,3.99662070295662e-05
514.8,3.4351500517524e-05,8.76326917395768e-05,3.10677237065974e-05,9.60254836908135e-06,4.06702720756788e-05,3.14136418897348e-05,8.7337352664679e-06,4.01473771562027e-05
515,3.43961802404426e-05,8.85556680539412e-05,3.11081323427854e-05,9.70303643390771e-06,4.08111687766931e-05,3.14545004488764e-05,8.82506547848152e-06,4.02795659273579e-05
515.2,3.44221233053631e-05,8.9495933768639e-05,3.11315954218623e-05,9.80515173510906e-06,4.09367471569714e-05,3.14782247735393e-05,8.91784853922102e-06,4.03960733127603e-05
515.4,3.44711268724352e-05,9.04347012976174e-05,3.11759145712298e-05,9.90654204659763e-06,4.10824566178274e-05,3.15230373867914e-05,9.00991521926461e-06,4.0532952606056e-05
515.6,3.45302194091986e-05,9.14078786203781e-05,3.12293582513494e-05,1.00120235910306e-05,4.124138184238e-05,3.15770761263013e-05,9.10573555549352e-06,4.06828116817948e-05
515.8,3.45777816948862e-05,9.25414827759541e-05,3.12723738963237e-05,1.01359221186479e-05,4.14082960149716e-05,3.16205707215166e-05,9.21839169085756e-06,4.08389624123742e-05
516,3.46368742316496e-05,9.36132891010329e-05,3.13258175764433e-05,1.02534196973425e-05,4.15792372737858e-05,3.16746094610265e-05,9.32526368427211e-06,4.09998731452986e-05
516.2,3.47492941796384e-05,9.43594986574553e-05,3.14274909191099e-05,1.03354512850846e-05,4.17629422041944e-05,3.1777414867899e-05,9.39990009757603e-06,4.1177314965475e-05
516.4,3.49049525691615e-05,9.50525788667019e-05,3.15682693935712e-05,1.04111767935021e-05,4.19794461870733e-05,3.19197608158763e-05,9.46875177711316e-06,4.13885125929895e-05
516.6,3.5171589625289e-05,9.60144004921232e-05,3.1809417706306e-05,1.05147035318019e-05,4.23241212381079e-05,3.21635941526893e-05,9.56272197980217e-06,4.17263161324915e-05
516.8,3.53632800494238e-05,9.69297176314432e-05,3.19827837905964e-05,1.06131951319703e-05,4.25959789225667e-05,3.23388905515873e-05,9.65211877762486e-06,4.19910093292122e-05
517,3.53113939195828e-05,9.76035204189184e-05,3.19358576324426e-05,1.0686635293924e-05,4.26224929263666e-05,3.22914419022615e-05,9.71887430601458e-06,4.20103162082761e-05
517.2,3.52047390971318e-05,9.81834348089876e-05,3.18393983073487e-05,1.07501532250431e-05,4.25895515323918e-05,3.21939085675363e-05,9.7766425102935e-06,4.19705510778298e-05
517.4,3.51499704045219e-05,9.87350462607129e-05,3.17898651404086e-05,1.0810441211561e-05,4.26003063519696e-05,3.21438238821369e-05,9.83145994087301e-06,4.19752838230099e-05
517.6,3.52018565343629e-05,9.9365568131227e-05,3.18367912985624e-05,1.08794847830005e-05,4.27162760815629e-05,3.21912725314627e-05,9.89425182953971e-06,4.20855243610024e-05
517.8,3.54526394952612e-05,0.000100240213301646,3.20636010629724e-05,1.09754257395802e-05,4.30390268025526e-05,3.24206076698706e-05,9.98152243906096e-06,4.24021301089316e-05
518,3.55794722570948e-05,0.00010102151878727,3.21783094495706e-05,1.1061068808316e-05,4.32393782578866e-05,3.25365932571114e-05,1.00594197752288e-05,4.25960130323402e-05
518.2,3.54122836164959e-05,0.000101529380333959,3.20271029399639e-05,1.11165409425621e-05,4.3143643882526e-05,3.23837031648394e-05,1.01098548579966e-05,4.2493558022836e-05
518.4,3.53200416078897e-05,0.000101937604206996,3.19436786588016e-05,1.11605528085331e-05,4.31042314673347e-05,3.22993500104825e-05,1.01498114685214e-05,4.2449161479004e-05
518.6,3.54483156511077e-05,0.000102301864782901,3.20596905497929e-05,1.11993890621615e-05,4.32590796119544e-05,3.24166536157601e-05,1.0185024341455e-05,4.26016779572151e-05
518.8,3.55549704735587e-05,0.000102785462162342,3.21561498748868e-05,1.12515794464635e-05,4.34077293213503e-05,3.25141869504853e-05,1.02324112993662e-05,4.27465982498516e-05
519,3.55895612267861e-05,0.000103473651017547,3.21874339803227e-05,1.13256501999157e-05,4.35130841802383e-05,3.25458193833692e-05,1.02996442612893e-05,4.28454636446585e-05
519.2,3.56832445167768e-05,0.000104107579017525,3.22721617658781e-05,1.13949014465819e-05,4.366706321246e-05,3.26314905557629e-05,1.03626082125486e-05,4.29940987683115e-05
519.4,3.58590808456825e-05,0.000104598305131552,3.24311893018438e-05,1.14496567254511e-05,4.38808460272948e-05,3.27922887562558e-05,1.04125092497416e-05,4.32047980059974e-05
519.6,3.60032089841298e-05,0.000104950153578528,3.25615397411599e-05,1.14881365293361e-05,4.40496762704959e-05,3.29240905599385e-05,1.04474999048015e-05,4.337159046474e-05
519.8,3.60882445858136e-05,0.000105203974718802,3.26384465003564e-05,1.1514632604934e-05,4.41530791052904e-05,3.30018536241113e-05,1.04714648688801e-05,4.34733184929914e-05
520,3.61372481528857e-05,0.000105612044173198,3.26827656497238e-05,1.1558923699703e-05,4.42416893494268e-05,3.30466662373634e-05,1.05117055365751e-05,4.35583717739385e-05
520.2,3.61732801874975e-05,0.000106121721265314,3.27153532595529e-05,1.16153678877989e-05,4.43307211473517e-05,3.30796166882841e-05,1.0563103281482e-05,4.36427199697661e-05
520.4,3.62583157891814e-05,0.00010634357469967,3.27922600187494e-05,1.16399115439019e-05,4.44321715626512e-05,3.31573797524569e-05,1.05854500260683e-05,4.37428297785252e-05
520.6,3.63793834254772e-05,0.000106341243479631,3.29017543877749e-05,1.16395231273554e-05,4.45412775151302e-05,3.32680932675504e-05,1.05850832413305e-05,4.38531765088808e-05
520.8,3.64427998063939e-05,0.000106320139203076,3.29591085810739e-05,1.16376213404515e-05,4.45967299215254e-05,3.33260860611707e-05,1.05833952612183e-05,4.39094813223891e-05
521,3.64629777457766e-05,0.000106411566703514,3.29773576425782e-05,1.1648204446072e-05,4.46255620886502e-05,3.33445383136863e-05,1.05930782189414e-05,4.39376165326278e-05
521.2,3.64298282739337e-05,0.000106748300229257,3.29473770415355e-05,1.16843946186829e-05,4.46317716602184e-05,3.33142238988393e-05,1.06259220436946e-05,4.39401459425339e-05
521.4,3.64168567414734e-05,0.000107140472389873,3.29356455019971e-05,1.17261723204082e-05,4.46618178224053e-05,3.33023617365079e-05,1.06637983390683e-05,4.39661600755761e-05
521.6,3.66085471656083e-05,0.000107123353561559,3.31090115862875e-05,1.1724742392075e-05,4.48337539783624e-05,3.34776581354059e-05,1.06625430960717e-05,4.41402012314776e-05
521.8,3.68723016589668e-05,0.000106872943780053,3.33475528902359e-05,1.16984063510162e-05,4.50459592412521e-05,3.37188554361452e-05,1.06387019652264e-05,4.43575574013716e-05
522,3.69803977628023e-05,0.000106759760209056,3.3445315719723e-05,1.16854054672662e-05,4.51307211869892e-05,3.38177067889072e-05,1.06268165482381e-05,4.44445233371453e-05
522.2,3.69587785420352e-05,0.000106695614966892,3.34257631538256e-05,1.16776612326189e-05,4.51034243864444e-05,3.37979365183548e-05,1.06197003008302e-05,4.4417636819185e-05
522.4,3.67872660572829e-05,0.000106638372532625,3.32706461310394e-05,1.16715161638927e-05,4.49421622949321e-05,3.36410923719724e-05,1.06141241668614e-05,4.42552165388338e-05
522.6,3.66517856071425e-05,0.000106511979134599,3.31481167180823e-05,1.16581691737346e-05,4.48062858918168e-05,3.35171986765107e-05,1.06020358723319e-05,4.41192345488426e-05
522.8,3.6891038316965e-05,0.00010627957839596,3.3364498447347e-05,1.16330289582097e-05,4.49975274055567e-05,3.37359896706239e-05,1.05792033631672e-05,4.43151930337911e-05
523,3.72167679098558e-05,0.00010596707067856,3.36590904402014e-05,1.15990598611219e-05,4.52581503013233e-05,3.40338617469468e-05,1.05483356060546e-05,4.45821973530015e-05
523.2,3.72945971046173e-05,0.000105621402296112,3.37294796774321e-05,1.15615271358805e-05,4.52910068133125e-05,3.41050347209355e-05,1.05142337638643e-05,4.46192684847998e-05
523.4,3.72989209487708e-05,0.000105280693550998,3.37333901906115e-05,1.1524376205244e-05,4.52577663958556e-05,3.4108988775046e-05,1.04804627450828e-05,4.45894515201287e-05
523.6,3.73378355461515e-05,0.000104980615783943,3.37685848092269e-05,1.14913283504085e-05,4.52599131596354e-05,3.41445752620403e-05,1.04503880885076e-05,4.45949633505479e-05
523.8,3.73810739876857e-05,0.000104690321343095,3.38076899410217e-05,1.14588906030123e-05,4.5266580544034e-05,3.41841158031451e-05,1.04208214017579e-05,4.4604937204903e-05
524,3.74113408967596e-05,0.000104283818310152,3.38350635332781e-05,1.14129160717512e-05,4.52479796050293e-05,3.42117941819185e-05,1.03788611125908e-05,4.45906552945093e-05
524.2,3.74401665244491e-05,0.000103867788725406,3.38611336211413e-05,1.13660352546402e-05,4.52271688757815e-05,3.4238154542655e-05,1.03360905184306e-05,4.45742450610857e-05
524.4,3.74790811218299e-05,0.000103525473512156,3.38963282397567e-05,1.132811815397e-05,4.52244463937266e-05,3.42737410296494e-05,1.03015626857689e-05,4.45753037154182e-05
524.6,3.75237608447485e-05,0.000103064960232646,3.39367368759446e-05,1.12777800194808e-05,4.52145168954254e-05,3.4314599588791e-05,1.02557915753163e-05,4.45703911641073e-05
524.8,3.75900597884343e-05,0.000102391834551861,3.399669807803e-05,1.12046019108774e-05,4.52012999889074e-05,3.4375228418485e-05,1.01892934789374e-05,4.45645218974224e-05
525,3.76520348879666e-05,0.000101712732615575,3.4052748766936e-05,1.11312315343088e-05,4.51839803012448e-05,3.44319031940686e-05,1.01226675153997e-05,4.45545707094683e-05
525.2,3.77039210178076e-05,0.000101185347514692,3.40996749250898e-05,1.10748892303498e-05,4.51745641554396e-05,3.44793518433944e-05,1.00715699557944e-05,4.45509217991888e-05
525.4,3.77500420221107e-05,0.000100653999822111,3.41413870656709e-05,1.10170440638155e-05,4.51584311294864e-05,3.45215284205728e-05,1.00189969210413e-05,4.45405253416141e-05
525.6,3.77745438056468e-05,0.000100002569002756,3.41635466403546e-05,1.09442293439133e-05,4.5107775984268e-05,3.45439347271989e-05,9.95262470177887e-06,4.44965594289778e-05
525.8,3.78509317190238e-05,9.92372057563085e-05,3.42326323731922e-05,1.08589877093749e-05,4.5091620082567e-05,3.46137896831507e-05,9.87495576340977e-06,4.44887454465605e-05
526,3.79878534505488e-05,9.83380024559936e-05,3.43564652905425e-05,1.07600343504917e-05,4.51164996410342e-05,3.47390013966493e-05,9.78491264875343e-06,4.45239140454027e-05
526.2,3.81406292773029e-05,9.75946190640776e-05,3.44946367562175e-05,1.06794513277908e-05,4.51740880840083e-05,3.4878711308553e-05,9.71170946184818e-06,4.45904207704011e-05
526.4,3.82689033205209e-05,9.70489334015623e-05,3.46106486472088e-05,1.06217640131739e-05,4.52324126603828e-05,3.49960149138306e-05,9.65945568022761e-06,4.46554705940582e-05
526.6,3.83150243248241e-05,9.63937507156975e-05,3.465236078779e-05,1.05512982404043e-05,4.52036590281943e-05,3.5038191491009e-05,9.59550033654957e-06,4.46336918275586e-05
526.8,3.82833161343657e-05,9.55736229315714e-05,3.46236836911405e-05,1.04615288507859e-05,4.50852125419263e-05,3.50091950941988e-05,9.51386299584636e-06,4.45230580900452e-05
527,3.8211252065142e-05,9.46148752306755e-05,3.45585084714824e-05,1.03569204434752e-05,4.49154289149576e-05,3.49432941923575e-05,9.41876485441071e-06,4.43620590467682e-05
527.2,3.81478356842252e-05,9.35951541962664e-05,3.45011542781833e-05,1.02460081077011e-05,4.47471623858845e-05,3.48853013987371e-05,9.31797149152381e-06,4.42032728902609e-05
527.4,3.82198997534489e-05,9.28191998351513e-05,3.45663294978414e-05,1.01605302105868e-05,4.47268597084281e-05,3.49512023005784e-05,9.24018158488411e-06,4.41913838854625e-05
527.6,3.83842058312788e-05,9.22126700651978e-05,3.47149289986617e-05,1.0093041857154e-05,4.48079708558158e-05,3.51014563567767e-05,9.17869509464547e-06,4.42801514514222e-05
527.8,3.84360919611198e-05,9.14324504597846e-05,3.47618551568155e-05,1.00068213181062e-05,4.47686764749217e-05,3.51489050061025e-05,9.10020176787762e-06,4.42491067739801e-05
528,3.83914122382011e-05,9.04847431998197e-05,3.47214465206275e-05,9.90284744179938e-06,4.46242939624269e-05,3.51080464469609e-05,9.00562229464592e-06,4.41136687416068e-05
528.2,3.83870883940477e-05,8.94928830530583e-05,3.4717536007448e-05,9.79438770650793e-06,4.4511923713956e-05,3.51040923928504e-05,8.90699862807339e-06,4.40110910209238e-05
528.4,3.84159140217372e-05,8.8510879459432e-05,3.47436060953113e-05,9.68722947798026e-06,4.44308355732915e-05,3.51304527535869e-05,8.80958121358408e-06,4.3940033967171e-05
528.6,3.84101488961993e-05,8.76228912243207e-05,3.47383920777386e-05,9.59041876760941e-06,4.4328810845348e-05,3.51251806814396e-05,8.72157973218931e-06,4.38467604136289e-05
528.8,3.84087076148148e-05,8.67846170796919e-05,3.47370885733455e-05,9.49901536880364e-06,4.42361039421491e-05,3.51238626634028e-05,8.63849223621161e-06,4.37623548996144e-05
529,3.85614834415689e-05,8.60000994837194e-05,3.48752600390205e-05,9.41324839495582e-06,4.42885084339763e-05,3.52635725753064e-05,8.56050538001754e-06,4.3824077955324e-05
529.2,3.8769027960933e-05,8.52037767863324e-05,3.50629646716357e-05,9.32619354533194e-06,4.43891582169676e-05,3.54533671726095e-05,8.48134775027282e-06,4.39347149228823e-05
529.4,3.88425333115411e-05,8.424487088548e-05,3.51294433956869e-05,9.22198210653795e-06,4.43514255022248e-05,3.55205860924877e-05,8.38665275878101e-06,4.39072388512687e-05
529.6,3.88396507487722e-05,8.32377947790303e-05,3.51268363869006e-05,9.11250231749746e-06,4.4239338704398e-05,3.55179500564141e-05,8.28716710031287e-06,4.38051171567269e-05
529.8,3.87848820561622e-05,8.22624947709252e-05,3.50773032199604e-05,9.00537081844468e-06,4.40826740384051e-05,3.54678653710146e-05,8.18970207300242e-06,4.3657567444017e-05
530,3.8741643614628e-05,8.13294777891897e-05,3.50381980881656e-05,8.90256004872217e-06,4.39407581368878e-05,3.54283248299098e-05,8.0961350904077e-06,4.35244599203175e-05
530.2,3.88036187141603e-05,8.04615416240424e-05,3.50942487770715e-05,8.80748495030243e-06,4.3901733727374e-05,3.54849996054934e-05,8.00966527953799e-06,4.34946648850314e-05
530.4,3.89189212249182e-05,7.96109642434089e-05,3.51985291285244e-05,8.71480154679581e-06,4.39133306753202e-05,3.55904410484395e-05,7.9254205151172e-06,4.35158615635567e-05
530.6,3.90471952681362e-05,7.87198564907802e-05,3.53145410195157e-05,8.61713448829273e-06,4.39316755078085e-05,3.57077446537171e-05,7.83658788445734e-06,4.35443325381745e-05
530.8,3.91437611208959e-05,7.78012968099703e-05,3.54018758138575e-05,8.51652504556239e-06,4.39184008594199e-05,3.57960518621845e-05,7.74508576683795e-06,4.35411376290225e-05
531,3.90990813979773e-05,7.67875374125387e-05,3.53614671776695e-05,8.40614138276894e-06,4.37676085604385e-05,3.57551933030429e-05,7.64476058453594e-06,4.33999538875789e-05
531.2,3.90630493633654e-05,7.58204474974695e-05,3.53288795678405e-05,8.30067989708196e-06,4.36295594649225e-05,3.57222428521222e-05,7.54889275120812e-06,4.32711356033304e-05
531.4,3.91596152161251e-05,7.50368050188543e-05,3.54162143621823e-05,8.21438102751249e-06,4.36305953896948e-05,3.58105500605896e-05,7.47035833314922e-06,4.32809083937389e-05
531.6,3.92792415710364e-05,7.42637183447469e-05,3.55244052268146e-05,8.12904805675266e-06,4.36534532835673e-05,3.59199455576463e-05,7.39268303675764e-06,4.33126285944039e-05
531.8,3.93556294844134e-05,7.33696831691832e-05,3.55934909596522e-05,8.03064574129057e-06,4.36241367009428e-05,3.59898005135981e-05,7.30313955743076e-06,4.32929400710289e-05
532,3.94118394584078e-05,7.24183335897081e-05,3.56443276309855e-05,7.92654621577157e-06,4.3570873846757e-05,3.60412032170344e-05,7.20847359074264e-06,4.3249676807777e-05
532.2,3.9455077899942e-05,7.14364342255648e-05,3.56834327627803e-05,7.82011653192749e-06,4.35035492947078e-05,3.60807437581392e-05,7.11179167226626e-06,4.31925354304054e-05
532.4,3.94363412419439e-05,7.04950479109259e-05,3.56664872056692e-05,7.71796581015627e-06,4.33844530158255e-05,3.60636095236604e-05,7.01898527369846e-06,4.30825947973589e-05
532.6,3.93282451381084e-05,6.96274504148255e-05,3.55687243761821e-05,7.62337383336874e-06,4.31920982095509e-05,3.59647581708984e-05,6.93300019284322e-06,4.28977583637416e-05
532.8,3.93095084801103e-05,6.88598004769227e-05,3.5551778819071e-05,7.53921280527e-06,4.3090991624341e-05,3.59476239364197e-05,6.85644935350845e-06,4.28040732899281e-05
533,3.94694907137868e-05,6.82327771799544e-05,3.56964678067119e-05,7.46819058309309e-06,4.3164658389805e-05,3.60939239385075e-05,6.7916178289002e-06,4.28855417674076e-05
533.2,3.96251491033098e-05,6.75128714252165e-05,3.58372462811733e-05,7.38868408846885e-06,4.32259303696421e-05,3.62362698864848e-05,6.71924174880626e-06,4.2955511635291e-05
533.4,3.96972131725335e-05,6.66208512352351e-05,3.59024215008313e-05,7.29318888889836e-06,4.31956103897297e-05,3.63021707883261e-05,6.63261531864123e-06,4.29347861069673e-05
533.6,3.96813590773043e-05,6.58620999731628e-05,3.58880829525065e-05,7.21162950348863e-06,4.30997124559952e-05,3.6287672589921e-05,6.55859600877172e-06,4.28462685986927e-05
533.8,3.95674978479309e-05,6.52618403870027e-05,3.57851061054468e-05,7.14577360317977e-06,4.29308797086266e-05,3.61835491650117e-05,6.49869033364889e-06,4.26822394986606e-05
534,3.94622843068644e-05,6.44849973983833e-05,3.56899502847461e-05,7.06078829710836e-06,4.27507385818544e-05,3.60873338483233e-05,6.4214083969906e-06,4.25087422453139e-05
534.2,3.94118394584078e-05,6.35025564586339e-05,3.56443276309855e-05,6.95376684645792e-06,4.25980944774434e-05,3.60412032170344e-05,6.32413415286266e-06,4.2365337369897e-05
534.4,3.94911099345538e-05,6.27083913211929e-05,3.57160203726093e-05,6.86668212587934e-06,4.25827024984886e-05,3.61136942090599e-05,6.24492229659313e-06,4.2358616505653e-05
534.6,3.96698288262285e-05,6.2125608590016e-05,3.58776549173613e-05,6.80221539746004e-06,4.26798703148213e-05,3.62771284456264e-05,6.18622666784171e-06,4.24633551134681e-05
534.8,3.9772159804526e-05,6.14704359109992e-05,3.59702037292757e-05,6.73102649342058e-06,4.27012302226963e-05,3.63707077262411e-05,6.12154002989453e-06,4.24922477561356e-05
535,3.97865726183708e-05,6.07221042867488e-05,3.59832387732073e-05,6.65040598357274e-06,4.263364475678e-05,3.63838879066094e-05,6.04835403368328e-06,4.24322419402927e-05
535.2,3.97880138997552e-05,5.99558793483422e-05,3.59845422776005e-05,6.56585611735133e-06,4.25503983949518e-05,3.63852059246462e-05,5.97139416036536e-06,4.23566000850116e-05
535.4,3.98053092763689e-05,5.92262367945426e-05,3.60001843303184e-05,6.48412701562312e-06,4.24843113459415e-05,3.64010221410881e-05,5.89687913863501e-06,4.22979012797232e-05
535.6,3.98744907828236e-05,5.86310817535612e-05,3.60627525411901e-05,6.41938671491504e-06,4.24821392561051e-05,3.64642870068558e-05,5.83804464889001e-06,4.23023316557458e-05
535.8,3.99624089472764e-05,5.80887412996407e-05,3.61422663091729e-05,6.36178448898313e-06,4.25040507981561e-05,3.65446861071023e-05,5.78583965671448e-06,4.23305257638168e-05
536,3.99652915100454e-05,5.73651543857424e-05,3.61448733179593e-05,6.28266585149388e-06,4.24275391694531e-05,3.65473221431759e-05,5.71389673951199e-06,4.22612188826879e-05
536.2,3.99465548520472e-05,5.6594567400319e-05,3.61279277608482e-05,6.19726516978659e-06,4.23251929306347e-05,3.65301879086972e-05,5.63612514590689e-06,4.21663130546041e-05
536.4,4.00532096744982e-05,5.60551584953332e-05,3.62243870859421e-05,6.13744056781076e-06,4.23618276537528e-05,3.66277212434224e-05,5.58164039220334e-06,4.22093616356257e-05
536.6,4.01973378129455e-05,5.56131261167661e-05,3.63547375252582e-05,6.08858694844775e-06,4.24433244737059e-05,3.67595230471051e-05,5.53716455356597e-06,4.22966876006711e-05
536.8,4.01858075618697e-05,5.49739236116349e-05,3.63443094901129e-05,6.01843396713563e-06,4.23627434572485e-05,3.67489789028105e-05,5.47334755551589e-06,4.22223264583264e-05
537,4.00978893974169e-05,5.42548880613316e-05,3.62647957221301e-05,5.93983952639966e-06,4.22046352485297e-05,3.6668579802564e-05,5.40188399527571e-06,4.20704637978397e-05
537.2,4.00200602026554e-05,5.36016962974247e-05,3.61944064848994e-05,5.86899015710849e-06,4.20633966420078e-05,3.65974068285754e-05,5.33751861641176e-06,4.19349254449871e-05
537.4,3.99739391983522e-05,5.30024050551793e-05,3.61526943443182e-05,5.80397151174018e-06,4.19566658560584e-05,3.65552302513969e-05,5.27844873664202e-06,4.18336789880389e-05
537.6,4.00589748000361e-05,5.25361767107907e-05,3.62296011035147e-05,5.75233568983284e-06,4.19819367933475e-05,3.66329933155697e-05,5.23142912329484e-06,4.18644224388645e-05
537.8,4.01584232155647e-05,5.2057932169733e-05,3.63195429066428e-05,5.69939070380561e-06,4.20189336104484e-05,3.67239365601108e-05,5.18321956142532e-06,4.19071561215361e-05
538,4.01685121852561e-05,5.13817157430513e-05,3.63286674373949e-05,5.62638776465371e-06,4.19550552020487e-05,3.67331626863685e-05,5.11693299826611e-06,4.18500956846347e-05
538.2,4.0146892964489e-05,5.07301414699873e-05,3.63091148714975e-05,5.55614610928706e-06,4.18652609807846e-05,3.67133924158161e-05,5.05316409014065e-06,4.17665565059568e-05
538.4,4.01065370857237e-05,5.03531887308514e-05,3.6272616748489e-05,5.5145314418268e-06,4.17871481903158e-05,3.6676487910785e-05,5.01528318629907e-06,4.16917710970841e-05
538.6,4.01065370857237e-05,4.99753256624954e-05,3.6272616748489e-05,5.47265662608401e-06,4.1745273374573e-05,3.6676487910785e-05,4.97714937350188e-06,4.16536372842869e-05
538.8,4.02477826614021e-05,4.93982925783047e-05,3.64003601790188e-05,5.40966762499786e-06,4.18100278040167e-05,3.6805653678394e-05,4.9198839071349e-06,4.17255375855289e-05
539,4.03328182630859e-05,4.87840973184258e-05,3.64772669382153e-05,5.34263392479573e-06,4.1819900863011e-05,3.68834167425668e-05,4.85894248245296e-06,4.17423592250198e-05
539.2,4.02031029384834e-05,4.8219055027733e-05,3.63599515428308e-05,5.28064503771128e-06,4.16405965805421e-05,3.67647951192524e-05,4.80255475627237e-06,4.15673498755248e-05
539.4,4.01238324623374e-05,4.7720350599032e-05,3.62882588012069e-05,5.2260505657082e-06,4.15143093669151e-05,3.66923041272269e-05,4.75290514958304e-06,4.144520927681e-05
539.6,4.02535477869399e-05,4.73200952632536e-05,3.64055741965914e-05,5.18265529269062e-06,4.15882294892821e-05,3.68109257505413e-05,4.71348327306243e-06,4.15244090236038e-05
539.8,4.03919107998493e-05,4.6928057821752e-05,3.65307106183349e-05,5.13962079584246e-06,4.16703314141773e-05,3.69374554820767e-05,4.67433468899192e-06,4.16117901710687e-05
540,4.04654161504574e-05,4.65153285191119e-05,3.65971893423861e-05,5.09324203884911e-06,4.16904313812352e-05,3.70046744019549e-05,4.63203499863179e-06,4.16367094005867e-05
540.2,4.04899179339935e-05,4.6035082145592e-05,3.66193489170698e-05,5.03960389069668e-06,4.16589528077665e-05,3.7027080708581e-05,4.58314684580004e-06,4.1610227554381e-05
540.4,4.04711812759953e-05,4.54682839589565e-05,3.66024033599587e-05,4.97724283700937e-06,4.15796461969681e-05,3.70099464741022e-05,4.52640235991102e-06,4.15363488340132e-05
540.6,4.04524446179972e-05,4.48952054874392e-05,3.65854578028476e-05,4.91508075282599e-06,4.15005385556736e-05,3.69928122396235e-05,4.46992898566051e-06,4.1462741225284e-05
540.8,4.04495620552282e-05,4.43542380008913e-05,3.65828507940613e-05,4.85733853249393e-06,4.14401893265552e-05,3.69901762035498e-05,4.41756715327428e-06,4.14077433568241e-05
541,4.04192951461543e-05,4.38478077687968e-05,3.65554772018049e-05,4.80293531411098e-06,4.13584125159159e-05,3.69624978247764e-05,4.36819695130377e-06,4.13306947760802e-05
541.2,4.03630851721599e-05,4.33821545398718e-05,3.65046405304717e-05,4.75249831817424e-06,4.12571388486459e-05,3.69110951213402e-05,4.32238310852369e-06,4.12334782298639e-05
541.4,4.03212880120102e-05,4.29312787933078e-05,3.646683890307e-05,4.70328451628183e-06,4.11701234193518e-05,3.68728725982722e-05,4.27764154191469e-06,4.11505141401869e-05
541.6,4.03068751981654e-05,4.2487759389846e-05,3.64538038591384e-05,4.65430245459374e-06,4.11081063137321e-05,3.68596924179039e-05,4.23305238785431e-06,4.10927448057582e-05
541.8,4.03039926353965e-05,4.2000052970242e-05,3.64511968503521e-05,4.60087173349976e-06,4.10520685838518e-05,3.68570563818303e-05,4.18445703423134e-06,4.10415134160616e-05
542,4.0305433916781e-05,4.14822308960297e-05,3.64525003547452e-05,4.54468949080293e-06,4.09971898455482e-05,3.68583743998671e-05,4.13341484020012e-06,4.09917892400672e-05
542.2,4.0354437483853e-05,4.11312812621197e-05,3.64968195041127e-05,4.50596106751952e-06,4.10027805716322e-05,3.69031870131192e-05,4.098162789854e-06,4.10013498029732e-05
542.4,4.04279428344611e-05,4.08971188279183e-05,3.65632982281639e-05,4.47914583767237e-06,4.10424440658363e-05,3.69704059329974e-05,4.0736562315042e-06,4.10440621645016e-05
542.6,4.0461092306304e-05,4.04867429699244e-05,3.65932788292066e-05,4.4347447031903e-06,4.10280235323969e-05,3.70007203478444e-05,4.03332997912894e-06,4.10340503269734e-05
542.8,4.04437969296904e-05,3.99406893111377e-05,3.65776367764887e-05,4.37654084702278e-06,4.09541776235115e-05,3.69849041314025e-05,3.98055800200604e-06,4.09654621334085e-05
543,4.04019997695406e-05,3.95381731859435e-05,3.6539835149087e-05,4.33220371161685e-06,4.08720388607039e-05,3.69466816083345e-05,3.94020894846139e-06,4.08868905567959e-05
543.2,4.03630851721599e-05,3.92316169069724e-05,3.65046405304717e-05,4.29695973425705e-06,4.08016002647287e-05,3.69110951213402e-05,3.90798585088417e-06,4.08190809722244e-05
543.4,4.0384704392927e-05,3.88159714152424e-05,3.65241930963691e-05,4.2499375752109e-06,4.077413067158e-05,3.69308653918926e-05,3.86506806442446e-06,4.07959334563171e-05
543.6,4.04351492413835e-05,3.83297362149391e-05,3.65698157501297e-05,4.19595192783053e-06,4.07657676779602e-05,3.69769960231815e-05,3.81589522474834e-06,4.07928912479299e-05
543.8,4.03976759253872e-05,3.78529973540043e-05,3.65359246359075e-05,4.14492888600833e-06,4.06808535219159e-05,3.6942727554224e-05,3.76961224190411e-06,4.07123397961281e-05
544,4.03472310769307e-05,3.73750377849955e-05,3.64903019821469e-05,4.09459352145049e-06,4.05848955035974e-05,3.68965969229351e-05,3.7240381849099e-06,4.0620635107845e-05
544.2,4.04697399946109e-05,3.68725830869653e-05,3.66010998555656e-05,4.04059927685899e-06,4.06416991324246e-05,3.70086284560654e-05,3.67503724548384e-06,4.06836657015492e-05
544.4,4.0647017604901e-05,3.64083030664971e-05,3.67614308959244e-05,3.98983297343611e-06,4.07512638693605e-05,3.71707446745951e-05,3.62887513884903e-06,4.07996198134441e-05
544.6,4.07075514230489e-05,3.61391672428747e-05,3.68161780804371e-05,3.95919591775951e-06,4.07753739981966e-05,3.72261014321418e-05,3.60089360635357e-06,4.08269950384954e-05
544.8,4.07176403927402e-05,3.59102825865974e-05,3.68253026111893e-05,3.93259215893776e-06,4.0757894770127e-05,3.72353275583996e-05,3.57654210911339e-06,4.0811869667513e-05
545,4.08026759944241e-05,3.5536116052417e-05,3.69022093703857e-05,3.89069531979572e-06,4.07929046901815e-05,3.73130906225724e-05,3.53834486928236e-06,4.08514354918548e-05
545.2,4.0832942903498e-05,3.50830627289916e-05,3.69295829626421e-05,3.84088448102869e-06,4.07704674436708e-05,3.73407690013458e-05,3.49302386404719e-06,4.0833792865393e-05
545.4,4.05936901936755e-05,3.45803798838622e-05,3.67132012333774e-05,3.78702379624306e-06,4.05002250296205e-05,3.71219780072325e-05,3.44416051178983e-06,4.05661385190223e-05
545.6,4.0357320046622e-05,3.40840441751865e-05,3.6499426512899e-05,3.73413260197602e-06,4.0233559114875e-05,3.69058230491929e-05,3.39620677358474e-06,4.03020298227776e-05
545.8,4.04207364275388e-05,3.36849982146652e-05,3.65567807061981e-05,3.69102422013117e-06,4.02478049263293e-05,3.69638158428133e-05,3.35706151699776e-06,4.0320877359811e-05
546,4.05490104707569e-05,3.32745341202859e-05,3.66727925971894e-05,3.6463503380141e-06,4.03191429352035e-05,3.70811194480909e-05,3.31646046257899e-06,4.03975799106699e-05
546.2,4.05634232846016e-05,3.27258488933912e-05,3.6685827641121e-05,3.5863388028544e-06,4.02721664439754e-05,3.70942996284591e-05,3.26188997991443e-06,4.03561896083736e-05
546.4,4.05720709729084e-05,3.22270456776227e-05,3.669364866748e-05,3.53193525653802e-06,4.0225583924018e-05,3.71022077366801e-05,3.21243452466823e-06,4.03146422613483e-05
546.6,4.05936901936755e-05,3.18894477479442e-05,3.67132012333774e-05,3.49579480890713e-06,4.02089960422845e-05,3.71219780072325e-05,3.17965060310497e-06,4.03016286103375e-05
546.8,4.05245086872208e-05,3.15574487752924e-05,3.66506330225057e-05,3.45975203060655e-06,4.01103850531122e-05,3.70587131414648e-05,3.14690309773796e-06,4.02056162392028e-05
547,4.02694018821691e-05,3.11313206554565e-05,3.64199127449162e-05,3.41204316107452e-06,3.98319559059907e-05,3.68254239489464e-05,3.1034076717387e-06,3.99288316206851e-05
547.2,4.0146892964489e-05,3.07014094970522e-05,3.63091148714975e-05,3.36442393705066e-06,3.96735388085482e-05,3.67133924158161e-05,3.06004501097702e-06,3.97734374267932e-05
547.4,4.03702915790822e-05,3.03239623788574e-05,3.65111580524375e-05,3.32362389475507e-06,3.98347819471925e-05,3.69176852115243e-05,3.02299330718068e-06,3.9940678518705e-05
547.6,4.05302738127587e-05,2.99399541683497e-05,3.66558470400783e-05,3.28209252783866e-06,3.9937939567917e-05,3.70639852136121e-05,2.98527518930113e-06,4.00492604029133e-05
547.8,4.04553271807661e-05,2.95414627586541e-05,3.6588064811634e-05,3.23842434752195e-06,3.98264891591559e-05,3.69954482756971e-05,2.94555772671324e-06,3.99410060024103e-05
548,4.04236189903077e-05,2.91886728394759e-05,3.65593877149844e-05,3.19921185176323e-06,3.97585995667476e-05,3.69664518788869e-05,2.90983670440801e-06,3.98762885832949e-05
548.2,4.05201848430674e-05,2.88870660843044e-05,3.66467225093262e-05,3.16513644709783e-06,3.9811858956424e-05,3.70547590873543e-05,2.87874008118065e-06,3.9933499168535e-05
548.4,4.05345976569121e-05,2.84888505314637e-05,3.66597575532578e-05,3.12173409303875e-06,3.97814916462966e-05,3.70679392677226e-05,2.83928833316645e-06,3.99072276008891e-05
548.6,4.0433707959999e-05,2.79737490978925e-05,3.65685122457365e-05,3.0670624808011e-06,3.96355747265376e-05,3.69756780051447e-05,2.78974329694582e-06,3.97654213020905e-05
548.8,4.04942417781469e-05,2.76124368018823e-05,3.66232594302493e-05,3.02750430241193e-06,3.96507637326612e-05,3.70310347626914e-05,2.75376763399408e-06,3.97848023966855e-05
549,4.07205229555091e-05,2.74278535807787e-05,3.68279096199756e-05,3.00511008623231e-06,3.98330197062079e-05,3.72379635944733e-05,2.7331792831697e-06,3.9971142877643e-05
549.2,4.07349357693539e-05,2.70836525686179e-05,3.68409446639072e-05,2.96663462859589e-06,3.98075792925031e-05,3.72511437748416e-05,2.69810787371391e-06,3.99492516485555e-05
549.4,4.05086545919916e-05,2.65584039849966e-05,3.66362944741809e-05,2.91025062709504e-06,3.9546545101276e-05,3.70442149430597e-05,2.64694436361167e-06,3.96911593066714e-05
549.6,4.03443485141617e-05,2.61518860293708e-05,3.64876949733606e-05,2.86646091180286e-06,3.93541558851634e-05,3.68939608868614e-05,2.60719338302223e-06,3.95011542698837e-05
549.8,4.0302551354012e-05,2.58776744473551e-05,3.64498933459589e-05,2.83653870576185e-06,3.92864320517208e-05,3.68557383637935e-05,2.57999117468349e-06,3.94357295384769e-05
550,4.0275167007707e-05,2.54943743614954e-05,3.64251267624888e-05,2.79527750374844e-06,3.92204042662373e-05,3.68306960210937e-05,2.54253834532009e-06,3.93732343664138e-05
550.2,4.02722844449381e-05,2.50362708023813e-05,3.64225197537025e-05,2.74620961171342e-06,3.91687293654159e-05,3.68280599850201e-05,2.4980247900022e-06,3.93260847750223e-05
550.4,4.03256118561636e-05,2.47000777703388e-05,3.64707494162495e-05,2.70976916186262e-06,3.91805185781121e-05,3.68768266523827e-05,2.46492188330717e-06,3.93417485356899e-05
550.6,4.04135300206164e-05,2.44588001181482e-05,3.65502631842323e-05,2.6830315210779e-06,3.92332947053102e-05,3.69572257526291e-05,2.44057300108284e-06,3.9397798753712e-05
550.8,4.04582097435351e-05,2.41915309450094e-05,3.65906718204203e-05,2.65113162844616e-06,3.92418034488665e-05,3.69980843117708e-05,2.41129378689694e-06,3.94093780986677e-05
551,4.04495620552282e-05,2.38584015225617e-05,3.65828507940613e-05,2.61171342501952e-06,3.91945642190808e-05,3.69901762035498e-05,2.3751458601153e-06,3.93653220636651e-05
551.2,4.04019997695406e-05,2.33784438204904e-05,3.6539835149087e-05,2.56068714273793e-06,3.91005222918249e-05,3.69466816083345e-05,2.32889544035989e-06,3.92755770486944e-05
551.4,4.03385833886238e-05,2.28676259592787e-05,3.64824809557879e-05,2.50819359915921e-06,3.89906745549471e-05,3.68886888147141e-05,2.2815050294323e-06,3.91701938441464e-05
551.6,4.03068751981654e-05,2.25848970255316e-05,3.64538038591384e-05,2.47700123311148e-06,3.89308050922499e-05,3.68596924179039e-05,2.25311335368659e-06,3.91128057715905e-05
551.8,4.03039926353965e-05,2.23998589999595e-05,3.64511968503521e-05,2.45489233528953e-06,3.89060891856416e-05,3.68570563818303e-05,2.23281856198918e-06,3.90898749438195e-05
552,4.03414659513928e-05,2.20920129650713e-05,3.64850879645743e-05,2.42131983163609e-06,3.89064077962104e-05,3.68913248507878e-05,2.20229990941615e-06,3.90936247602039e-05
552.2,4.03688502976978e-05,2.17321151992327e-05,3.65098545480443e-05,2.38285049164461e-06,3.88927050396889e-05,3.69163671934875e-05,2.1674094585035e-06,3.9083776651991e-05
552.4,4.03357008258549e-05,2.14359895400601e-05,3.64798739470016e-05,2.35065943656735e-06,3.8830533383569e-05,3.68860527786405e-05,2.13815713751497e-06,3.90242099161555e-05
552.6,4.02521065055555e-05,2.11275909696232e-05,3.64042706921983e-05,2.31683281882724e-06,3.87211035110255e-05,3.68096077325045e-05,2.1073876935773e-06,3.89169954260818e-05
552.8,4.00935655532635e-05,2.0679018698906e-05,3.62608852089506e-05,2.26766720138073e-06,3.85285524103313e-05,3.66646257484535e-05,2.06266920026313e-06,3.87272949487167e-05
553,3.99897932935814e-05,2.02620529730742e-05,3.6167032892643e-05,2.22200620696951e-06,3.83890390996125e-05,3.6569728449802e-05,2.02114243400767e-06,3.85908708838097e-05
553.2,4.01382452761821e-05,2.01055945364167e-05,3.63012938451386e-05,2.20509053799529e-06,3.85063843831338e-05,3.67054843075952e-05,2.00578047978651e-06,3.87112647873817e-05
553.4,4.03083164795499e-05,1.99790676217788e-05,3.64551073635315e-05,2.19138473352743e-06,3.8646492097059e-05,3.68610104359408e-05,1.99333086240909e-06,3.88543412983498e-05
553.6,4.02564303497089e-05,1.96599281834593e-05,3.64081812053778e-05,2.15612617362172e-06,3.85643073789995e-05,3.6813561786615e-05,1.96123312492525e-06,3.87747949115402e-05
553.8,4.01627470597182e-05,1.93120009564388e-05,3.63234534198223e-05,2.11788620275434e-06,3.84413396225766e-05,3.67278906142212e-05,1.92644131311841e-06,3.86543319273397e-05
554,4.01036545229548e-05,1.90151998922709e-05,3.62700097397027e-05,2.08601941296092e-06,3.83560291526636e-05,3.66738518747113e-05,1.89752438806912e-06,3.85713762627804e-05
554.2,4.00820353021877e-05,1.87564243686852e-05,3.62504571738053e-05,2.05822548201398e-06,3.83086826558193e-05,3.66540816041589e-05,1.87230228161819e-06,3.85263838857771e-05
554.4,4.01108609298771e-05,1.85483939204647e-05,3.62765272616685e-05,2.03529324601969e-06,3.83118205076882e-05,3.66804419648955e-05,1.85143098957589e-06,3.85318729544714e-05
554.6,4.01540993714113e-05,1.83260513666305e-05,3.63156323934633e-05,2.01066726909871e-06,3.8326299662562e-05,3.67199825060003e-05,1.82900645360075e-06,3.8548988959601e-05
554.8,4.02031029384834e-05,1.80467744630149e-05,3.63599515428308e-05,1.97996093222465e-06,3.83399124750555e-05,3.67647951192524e-05,1.8010677826053e-06,3.85658629018577e-05
555,4.01973378129455e-05,1.77739055666403e-05,3.63547375252582e-05,1.94954076462108e-06,3.83042782898792e-05,3.67595230471051e-05,1.77334711833684e-06,3.85328701654419e-05
555.2,4.00950068346479e-05,1.75356721278368e-05,3.62621887133437e-05,1.92223330305013e-06,3.81844220163939e-05,3.66659437664904e-05,1.74838817548937e-06,3.84143319419797e-05
555.4,3.99696153541988e-05,1.72533309426515e-05,3.61487838311387e-05,1.89082585340353e-06,3.80396096845423e-05,3.65512761972864e-05,1.71977470401463e-06,3.82710509013011e-05
555.6,3.9854312843441e-05,1.68954645860521e-05,3.60445034796859e-05,1.85255459991605e-06,3.78970580796019e-05,3.64458347543403e-05,1.68506192679184e-06,3.81308966811321e-05
555.8,3.97966615880621e-05,1.65860573850545e-05,3.59923633039594e-05,1.81988660528068e-06,3.78122499092401e-05,3.63931140328672e-05,1.6554752368691e-06,3.80485892697363e-05
556,3.98226046529826e-05,1.63753799218061e-05,3.60158263830363e-05,1.79777203121781e-06,3.78135984142541e-05,3.64168383575301e-05,1.63546018360312e-06,3.80522985411332e-05
556.2,3.98889035966683e-05,1.61866967883873e-05,3.60757875851217e-05,1.77697476704719e-06,3.78527623521689e-05,3.64774671872241e-05,1.61653221553586e-06,3.809399940276e-05
556.4,3.99465548520472e-05,1.5979455577136e-05,3.61279277608482e-05,1.75298836127136e-06,3.78809161221195e-05,3.65301879086972e-05,1.59458622861915e-06,3.81247741373163e-05
556.6,3.99523199775851e-05,1.56966255517716e-05,3.61331417784208e-05,1.72180111639293e-06,3.78549428948137e-05,3.65354599808445e-05,1.56620085665062e-06,3.81016608374951e-05
556.8,3.99148466615888e-05,1.53613465379246e-05,3.60992506641986e-05,1.68626661411811e-06,3.77855172783167e-05,3.6501191511887e-05,1.53400380767065e-06,3.80351953195576e-05
557,3.99191705057423e-05,1.51442905795561e-05,3.61031611773781e-05,1.6628163427235e-06,3.77659775201016e-05,3.65051455659975e-05,1.5127092052306e-06,3.80178547712281e-05
557.2,3.99782630425056e-05,1.50583566306314e-05,3.61566048574977e-05,1.65268134169377e-06,3.78092861991915e-05,3.65591843055074e-05,1.5034181744443e-06,3.80626024799517e-05
557.4,3.99724979169678e-05,1.49294891793502e-05,3.6151390839925e-05,1.63849583291244e-06,3.77898866728375e-05,3.65539122333601e-05,1.49050957186836e-06,3.80444218052284e-05
557.6,3.9909081536051e-05,1.4726263303197e-05,3.6094036646626e-05,1.61693943788372e-06,3.77109760845097e-05,3.64959194397397e-05,1.47097594417965e-06,3.79668953839193e-05
557.8,3.98860210338994e-05,1.4474447028861e-05,3.60731805763354e-05,1.59008195920044e-06,3.76632625355358e-05,3.64748311511505e-05,1.44662323020356e-06,3.7921454381354e-05
558,3.98889035966683e-05,1.42073923241232e-05,3.60757875851217e-05,1.56131073146962e-06,3.76370983165913e-05,3.64774671872241e-05,1.42050512853425e-06,3.78979723157584e-05
558.2,3.98600779689789e-05,1.40281153287169e-05,3.60497174972585e-05,1.54150599652604e-06,3.75912234937845e-05,3.64511068264876e-05,1.40247600982574e-06,3.78535828363133e-05
558.4,3.98081918391379e-05,1.38992581117542e-05,3.60027913391047e-05,1.52691762743642e-06,3.75297089665411e-05,3.64036581771618e-05,1.389159947411e-06,3.77928181245728e-05
558.6,3.97836900556018e-05,1.37019943105987e-05,3.5980631764421e-05,1.50487876357847e-06,3.74855105279994e-05,3.63812518705357e-05,1.36907209523716e-06,3.77503239657729e-05
558.8,3.97678359603726e-05,1.34621292173569e-05,3.59662932160962e-05,1.47823496901378e-06,3.744452818511e-05,3.63667536721306e-05,1.34480237625461e-06,3.77115560483853e-05
559,3.97418928954521e-05,1.32474076381409e-05,3.59428301370193e-05,1.45418297637343e-06,3.73970131133927e-05,3.63430293474678e-05,1.32287336106799e-06,3.76659027085357e-05
559.2,3.96972131725335e-05,1.30778921491416e-05,3.59024215008313e-05,1.4350097284686e-06,3.73374312292999e-05,3.63021707883261e-05,1.30537407278053e-06,3.76075448611066e-05
559.4,3.96784765145353e-05,1.30419988964588e-05,3.58854759437202e-05,1.43038397138244e-06,3.73158599151027e-05,3.62850365538474e-05,1.30109645820298e-06,3.75861330120504e-05
559.6,3.9643885761308e-05,1.30074377508072e-05,3.58541918382844e-05,1.4262784897782e-06,3.72804703280626e-05,3.62534041209635e-05,1.29733007990972e-06,3.75507342008732e-05
559.8,3.95689391293154e-05,1.27414093576184e-05,3.578640960984e-05,1.39825809779894e-06,3.71846677076389e-05,3.61848671830485e-05,1.27195974675447e-06,3.7456826929803e-05
560,3.94968750600917e-05,1.24035382161818e-05,3.5721234390182e-05,1.36268557634221e-06,3.70839199665242e-05,3.61189662812072e-05,1.23975311686984e-06,3.7358719398077e-05
560.2,3.95184942808588e-05,1.22103513124613e-05,3.57407869560794e-05,1.34166998808266e-06,3.7082456944162e-05,3.61387365517596e-05,1.22065454027149e-06,3.73593910920311e-05
560.4,3.95559675968551e-05,1.2092037662104e-05,3.57746780703015e-05,1.32831780644376e-06,3.71029958767453e-05,3.61730050207171e-05,1.20847103390798e-06,3.73814760546251e-05
560.6,3.94795796834781e-05,1.20105185846312e-05,3.5705592337464e-05,1.31904664671626e-06,3.70246389841803e-05,3.61031500647652e-05,1.20000430609438e-06,3.73031543708596e-05
560.8,3.93772487051805e-05,1.19097693535909e-05,3.56130435255496e-05,1.30787114754659e-06,3.69209146730962e-05,3.60095707841505e-05,1.18982615011207e-06,3.71993969342626e-05
561,3.93426579519532e-05,1.16882054771501e-05,3.55817594201137e-05,1.28418168447197e-06,3.68659411045857e-05,3.59779383512667e-05,1.16833988538592e-06,3.71462782366526e-05
561.2,3.93095084801103e-05,1.14464741198681e-05,3.5551778819071e-05,1.25825608751845e-06,3.68100349065895e-05,3.59476239364197e-05,1.1448171402547e-06,3.70924410766744e-05
561.4,3.92215903156574e-05,1.12484359060024e-05,3.54722650510882e-05,1.2363838791658e-06,3.6708648930254e-05,3.58672248361732e-05,1.12490642174706e-06,3.69921312579203e-05
561.6,3.91509675278183e-05,1.11042804007511e-05,3.54083933358233e-05,1.22024297181624e-06,3.66286363076396e-05,3.58026419523687e-05,1.11019087074286e-06,3.69128328231115e-05
561.8,3.91307895884357e-05,1.10459991984086e-05,3.53901442743191e-05,1.21374455890849e-06,3.66038888332276e-05,3.57841896998531e-05,1.10426902432605e-06,3.68884587241792e-05
562,3.91783518741233e-05,1.10195775179797e-05,3.54331599192934e-05,1.21021036876917e-06,3.66433702880626e-05,3.58276842950684e-05,1.10098967097916e-06,3.69286739660476e-05
562.2,3.93440992333376e-05,1.09963568122816e-05,3.55830629245069e-05,1.20582780683932e-06,3.67888907313462e-05,3.59792563693035e-05,1.09681685909497e-06,3.70760732283985e-05
562.4,3.94190458653302e-05,1.08972936782873e-05,3.56508451529513e-05,1.19376441116268e-06,3.68446095641139e-05,3.60477933072185e-05,1.08572214692075e-06,3.71335154541393e-05
562.6,3.92734764454985e-05,1.06608742985422e-05,3.5519191209242e-05,1.16849537867657e-06,3.66876865879186e-05,3.5914673485499e-05,1.06280413136728e-06,3.69774776168663e-05
562.8,3.91091703676686e-05,1.03990403537831e-05,3.53705917084217e-05,1.1412689212747e-06,3.65118606296964e-05,3.57644194293007e-05,1.0381898703575e-06,3.68026092996582e-05
563,3.90298998915226e-05,1.01742417115896e-05,3.52988989667978e-05,1.11849170287882e-06,3.64173906696766e-05,3.56919284372752e-05,1.01766202447873e-06,3.67095904617539e-05
563.2,3.90673732075189e-05,1.00450680498254e-05,3.533279008102e-05,1.10525812308765e-06,3.64380482041076e-05,3.57261969062327e-05,1.00571935942878e-06,3.67319162656615e-05
563.4,3.92360031295022e-05,1.00426573562777e-05,3.54853000950198e-05,1.10425675619523e-06,3.65895568512151e-05,3.58804050165415e-05,1.00473368443966e-06,3.68851387009811e-05
563.6,3.92778002896519e-05,9.98784319532003e-06,3.55231017224215e-05,1.09765819815886e-06,3.66207599205803e-05,3.59186275396095e-05,9.98671974674465e-07,3.69172995142839e-05
563.8,3.91048465235152e-05,9.81073813695623e-06,3.53666811952422e-05,1.0784383620088e-06,3.6445119557251e-05,3.57604653751902e-05,9.8121008415725e-07,3.67416754593475e-05
564,3.9034223735676e-05,9.6337278145335e-06,3.53028094799773e-05,1.05884753940089e-06,3.63616570193782e-05,3.56958824913857e-05,9.63372021676885e-07,3.66592545130626e-05
564.2,3.91365547139736e-05,9.49392938758182e-06,3.53953582918917e-05,1.04278227918862e-06,3.64381405710803e-05,3.57894617720004e-05,9.48684446957003e-07,3.67381462189574e-05
564.4,3.90745796144412e-05,9.36735814536917e-06,3.53393076029858e-05,1.02876603038704e-06,3.63680736333728e-05,3.57327869964168e-05,9.35921422214951e-07,3.66687084186318e-05
564.6,3.88439745929256e-05,9.25420516458586e-06,3.513074690008e-05,1.0170262960591e-06,3.61477731961391e-05,3.55219041105245e-05,9.25310856096795e-07,3.64472149666213e-05
564.8,3.87949710258535e-05,9.13704928278895e-06,3.50864277507126e-05,1.00490977819146e-06,3.6091337528904e-05,3.54770914972724e-05,9.14363880815262e-07,3.63914553780877e-05
565,3.89722486361436e-05,9.02004481396489e-06,3.52467587910714e-05,9.92570371158551e-07,3.62393291622299e-05,3.56392077158021e-05,9.03189848766203e-07,3.65423975645683e-05
565.2,3.90904337096704e-05,8.92014980819432e-06,3.53536461513106e-05,9.81518245399637e-07,3.63351643967102e-05,3.57472851948219e-05,8.93126928651338e-07,3.66404121234733e-05
565.4,3.90904337096704e-05,8.82850336731117e-06,3.53536461513106e-05,9.70918012236199e-07,3.63245641635468e-05,3.57472851948219e-05,8.83429090436089e-07,3.6630714285258e-05
565.6,3.89232450690716e-05,8.68723500203685e-06,3.52024396417039e-05,9.5526575774492e-07,3.61577053994488e-05,3.559439510255e-05,8.69175486751197e-07,3.64635705893012e-05
565.8,3.86955226103249e-05,8.52523944883112e-06,3.49964859475845e-05,9.37555482026758e-07,3.59340414296112e-05,3.53861482527313e-05,8.53071730439263e-07,3.62392199831706e-05
566,3.8714259268323e-05,8.45346294061264e-06,3.50134315046956e-05,9.28842082976747e-07,3.59422735876723e-05,3.54032824872101e-05,8.45060496644504e-07,3.62483429838546e-05
566.2,3.88857717530753e-05,8.43193592757779e-06,3.51685485274817e-05,9.2525637535622e-07,3.60938049028379e-05,3.55601266335925e-05,8.41674553378477e-07,3.6401801186971e-05
566.4,3.88540635626169e-05,8.31659271186551e-06,3.51398714308322e-05,9.12752250711459e-07,3.60526236815436e-05,3.55311302367823e-05,8.30315472763125e-07,3.63614457095454e-05
566.6,3.87070528614007e-05,8.15116165045292e-06,3.50069139827298e-05,8.95351319883622e-07,3.59022653026134e-05,3.5396692397026e-05,8.1456275775905e-07,3.6211255154785e-05
566.8,3.8686874922018e-05,8.05446711935808e-06,3.49886649212255e-05,8.83879370852384e-07,3.58725442920779e-05,3.53782401445104e-05,8.04039704792039e-07,3.61822798493024e-05
567,3.87502913029349e-05,7.99936229751851e-06,3.50460191145246e-05,8.76445819852576e-07,3.59224649343772e-05,3.54362329381308e-05,7.97136941292226e-07,3.6233369879423e-05
567.2,3.87877646189311e-05,7.92562791758959e-06,3.50799102287468e-05,8.68779996579584e-07,3.59486902253264e-05,3.54705014070883e-05,7.90206746908456e-07,3.62607081539967e-05
567.4,3.88223553721585e-05,7.83928718187415e-06,3.51111943341826e-05,8.60548903573656e-07,3.59717432377563e-05,3.55021338399721e-05,7.82845352176747e-07,3.62849791921489e-05
567.6,3.890018456692e-05,7.74909110073723e-06,3.51815835714133e-05,8.5097848287364e-07,3.6032562054287e-05,3.55733068139608e-05,7.74172643914114e-07,3.63474794578749e-05
567.8,3.89145973807647e-05,7.63995044994283e-06,3.51946186153449e-05,8.39191222265533e-07,3.60338098376105e-05,3.55864869943291e-05,7.63469347750056e-07,3.63499563420791e-05
568,3.86292236666391e-05,7.46626506280477e-06,3.49365247454991e-05,8.21707374311174e-07,3.57582321198102e-05,3.53255194230373e-05,7.47724698751757e-07,3.60732441217891e-05
568.2,3.83222307317464e-05,7.3038926282708e-06,3.46588783097558e-05,8.05066443647828e-07,3.54639447534036e-05,3.50447815811932e-05,7.32706390251557e-07,3.57774879714447e-05
568.4,3.83510563594359e-05,7.28175218388225e-06,3.4684948397619e-05,8.00381919333841e-07,3.54853303169529e-05,3.50711419419297e-05,7.2821622585316e-07,3.57993581677829e-05
568.6,3.8479330402654e-05,7.25564768413813e-06,3.48009602886103e-05,7.95249245995097e-07,3.55962095346054e-05,3.51884455472073e-05,7.23317059679464e-07,3.59117626068868e-05
568.8,3.85369816580329e-05,7.04442946540039e-06,3.48531004643368e-05,7.74027750757456e-07,3.56271282150942e-05,3.52411662686804e-05,7.04211050018297e-07,3.59453773186987e-05
569,3.85456293463397e-05,6.82264761279082e-06,3.48609214906957e-05,7.52139224619471e-07,3.56130607153152e-05,3.52490743769013e-05,6.84548201466715e-07,3.59336225783681e-05
569.2,3.84894193723453e-05,6.73933427392955e-06,3.48100848193625e-05,7.43074933405692e-07,3.55531597527682e-05,3.51976716734651e-05,6.76310623400782e-07,3.58739822968659e-05
569.4,3.84115901775837e-05,6.70610705298742e-06,3.47396955821318e-05,7.38641591764153e-07,3.54783371738959e-05,3.51264986994764e-05,6.72197882216077e-07,3.57986965816925e-05
569.6,3.83279958572843e-05,6.69322344489893e-06,3.46640923273284e-05,7.3596665226513e-07,3.54000589795936e-05,3.50500536533405e-05,6.696366093675e-07,3.5719690262708e-05
569.8,3.82501666625228e-05,6.63871659538753e-06,3.45937030900978e-05,7.29259640370621e-07,3.53229627304684e-05,3.49788806793518e-05,6.63461816477474e-07,3.56423424958293e-05
570,3.81636897794544e-05,6.4633508340969e-06,3.45154928265081e-05,7.10959561706909e-07,3.5226452388215e-05,3.48997995971422e-05,6.46910558425167e-07,3.55467101555674e-05
570.2,3.81766613119147e-05,6.33171953427754e-06,3.45272243660465e-05,6.9715796149026e-07,3.52243823275368e-05,3.49116617594736e-05,6.34420912569614e-07,3.55460826720432e-05
570.4,3.83524976408204e-05,6.34887740598722e-06,3.46862519020122e-05,6.98132969815217e-07,3.53843848718274e-05,3.50724599599665e-05,6.35215735607974e-07,3.57076756955745e-05
570.6,3.84187965845061e-05,6.32808374313236e-06,3.47462131040976e-05,6.95471465878342e-07,3.54416845699759e-05,3.51330887896606e-05,6.32756121050845e-07,3.57658449107114e-05
570.8,3.81997218140663e-05,6.17011034422404e-06,3.45480804363371e-05,6.79323359182624e-07,3.52274037955197e-05,3.49327500480629e-05,6.18187143481819e-07,3.55509371915447e-05
571,3.81103623682289e-05,6.06036265043633e-06,3.44672631639611e-05,6.67933758616046e-07,3.51351969225772e-05,3.48510329297796e-05,6.07892694051038e-07,3.54589256238306e-05
571.2,3.83034940737483e-05,6.07071545789854e-06,3.46419327526447e-05,6.68281826199879e-07,3.53102145788446e-05,3.50276473467144e-05,6.08129365593302e-07,3.56357767123077e-05
571.4,3.83712342988185e-05,6.05265532682607e-06,3.47031974591233e-05,6.65508101594613e-07,3.53687055607179e-05,3.50895941944453e-05,6.05525844830511e-07,3.56951200392758e-05
571.6,3.81636897794544e-05,5.94987928886648e-06,3.45154928265081e-05,6.54011755263104e-07,3.51695045817712e-05,3.48997995971422e-05,5.95045836399504e-07,3.54948454335417e-05
571.8,3.79777644808574e-05,5.81957640119575e-06,3.43473407597903e-05,6.40205374469683e-07,3.498754613426e-05,3.47297752703915e-05,5.82536565763924e-07,3.53123118361554e-05
572,3.79028178488649e-05,5.68845043189531e-06,3.4279558531346e-05,6.26821918127655e-07,3.49063804494736e-05,3.46612383324765e-05,5.70464093018417e-07,3.52317024254949e-05
572.2,3.78811986280978e-05,5.62627033633233e-06,3.42600059654485e-05,6.19354042660803e-07,3.48793600081094e-05,3.46414680619241e-05,5.63605401280306e-07,3.52050734632044e-05
572.4,3.79013765674804e-05,5.63544920004406e-06,3.42782550269528e-05,6.17971911051775e-07,3.48962269380046e-05,3.46599203144397e-05,5.62105680099928e-07,3.52220259945396e-05
572.6,3.79287609137854e-05,5.58506971833857e-06,3.43030216104229e-05,6.11722093385917e-07,3.49147437038088e-05,3.46849626571394e-05,5.56347216527186e-07,3.52413098736666e-05
572.8,3.79503801345525e-05,5.45540829366221e-06,3.43225741763203e-05,5.98842427161843e-07,3.49214166034821e-05,3.47047329276918e-05,5.44767836545158e-07,3.52495007642369e-05
573,3.79186719440941e-05,5.31741468612066e-06,3.42938970796707e-05,5.84663253505361e-07,3.48785603331761e-05,3.46757365308816e-05,5.31967253236016e-07,3.52077037841176e-05
573.2,3.78480491562549e-05,5.19478716749895e-06,3.42300253644059e-05,5.71331960716724e-07,3.48013573251226e-05,3.46111536470771e-05,5.19852900324306e-07,3.51310065474014e-05
573.4,3.78004868705673e-05,5.10451023257696e-06,3.41870097194315e-05,5.61145600839692e-07,3.47481553202712e-05,3.45676590518618e-05,5.10558295069132e-07,3.50782173469309e-05
573.6,3.77687786801089e-05,5.03953246106817e-06,3.4158332622782e-05,5.53605773028028e-07,3.471193839581e-05,3.45386626550516e-05,5.03658000083063e-07,3.50423206551346e-05
573.8,3.77168925502679e-05,4.9549368938397e-06,3.41114064646282e-05,5.44566674156183e-07,3.46559731387844e-05,3.44912140057258e-05,4.95460171608271e-07,3.49866741773341e-05
574,3.76621238576579e-05,4.87760117260599e-06,3.40618732976881e-05,5.36541148760748e-07,3.45984144464488e-05,3.44411293203264e-05,4.88206368571503e-07,3.49293356888979e-05
574.2,3.76448284810442e-05,4.9156409587468e-06,3.40462312449702e-05,5.39730826923737e-07,3.45859620718939e-05,3.44253131038845e-05,4.91008014249471e-07,3.49163211181339e-05
574.4,3.76707715459647e-05,4.98997992843256e-06,3.40696943240471e-05,5.46353378207733e-07,3.46160477022548e-05,3.44490374285474e-05,4.9687658881334e-07,3.49459140173607e-05
574.6,3.77039210178076e-05,4.88456100424663e-06,3.40996749250898e-05,5.35209305552673e-07,3.46348842306424e-05,3.44793518433944e-05,4.86782203147423e-07,3.49661340465418e-05
574.8,3.77341879268816e-05,4.6901751079269e-06,3.41270485173461e-05,5.15238838324751e-07,3.46422873556709e-05,3.45070302221677e-05,4.68753734274847e-07,3.49757839564426e-05
575,3.7787515338107e-05,4.61801942455835e-06,3.41752781798931e-05,5.07169680853229e-07,3.46824478607463e-05,3.45557968895303e-05,4.61398137114702e-07,3.5017195026645e-05
575.2,3.78163409657965e-05,4.5982248318207e-06,3.42013482677563e-05,5.04344364939672e-07,3.4705692632696e-05,3.45821572502669e-05,4.58761762671837e-07,3.50409190129387e-05
575.4,3.77543658662642e-05,4.49572456205376e-06,3.41452975788504e-05,4.94051934704497e-07,3.46393495135549e-05,3.45254824746833e-05,4.49496004639076e-07,3.49749784793224e-05
575.6,3.76578000135045e-05,4.37829403446987e-06,3.40579627845086e-05,4.82369071654784e-07,3.45403318561634e-05,3.44371752662159e-05,4.38990570625752e-07,3.48761658368417e-05
575.8,3.75742056932051e-05,4.35680805346402e-06,3.39823595297053e-05,4.79188862315848e-07,3.44615483920211e-05,3.43607302200799e-05,4.36014183727615e-07,3.47967444038076e-05
576,3.74963764984435e-05,4.34995386852976e-06,3.39119702924746e-05,4.77114123117449e-07,3.4389084415592e-05,3.42895572460913e-05,4.33992660439109e-07,3.47235499065304e-05
576.2,3.74026932084528e-05,4.23368182704892e-06,3.38272425069191e-05,4.64509450568411e-07,3.42917519574875e-05,3.42038860736975e-05,4.22542254235755e-07,3.46264283279333e-05
576.4,3.73479245158428e-05,4.11598100208073e-06,3.3777709339979e-05,4.52118142453332e-07,3.42298274824323e-05,3.41538013882981e-05,4.11323496677676e-07,3.45651248849758e-05
576.6,3.7443049087218e-05,4.13634724573585e-06,3.38637406299276e-05,4.5419911874754e-07,3.43179397486752e-05,3.42407905787287e-05,4.13200878832725e-07,3.46539914575614e-05
576.8,3.75093480309038e-05,4.16514683162017e-06,3.3923701832013e-05,4.57046161805993e-07,3.4380747993819e-05,3.43014194084227e-05,4.15758957802695e-07,3.47171783662254e-05
577,3.73291878578447e-05,4.07365748534443e-06,3.37607637828679e-05,4.4682333102044e-07,3.42075871138884e-05,3.41366671538194e-05,4.06440974944005e-07,3.45431081287634e-05
577.2,3.71418212778632e-05,3.96847717021e-06,3.3591308211757e-05,4.35191389938207e-07,3.40264996016952e-05,3.39653248090318e-05,3.95850632013384e-07,3.43611754410452e-05
577.4,3.71403799964788e-05,3.92071072567839e-06,3.35900047073638e-05,4.30000032940645e-07,3.40200047403045e-05,3.3964006790995e-05,3.91133319946368e-07,3.43551401109414e-05
577.6,3.71994725332422e-05,3.88583971154352e-06,3.36434483874834e-05,4.26421093498502e-07,3.40698694809819e-05,3.40180455305049e-05,3.87902796684519e-07,3.44059483271894e-05
577.8,3.72830668535416e-05,3.84386104125799e-06,3.37190516422868e-05,4.22497081102356e-07,3.41415487233891e-05,3.40944905766409e-05,3.84402497278785e-07,3.44788930739197e-05
578,3.73493657972273e-05,3.82320168865705e-06,3.37790128443722e-05,4.19884359577115e-07,3.41988972039493e-05,3.41551194063349e-05,3.81990712838359e-07,3.45371101191733e-05
578.2,3.73594547669186e-05,3.84571823692351e-06,3.37881373751243e-05,4.1970117280583e-07,3.42078385479301e-05,3.41643455325927e-05,3.81554779802941e-07,3.45459003123957e-05
578.4,3.73536896413807e-05,3.83911501649323e-06,3.37829233575516e-05,4.1711470852377e-07,3.42000380660754e-05,3.41590734604454e-05,3.79013039395795e-07,3.45380864998412e-05
578.6,3.73335117019981e-05,3.75576001065886e-06,3.37646742960474e-05,4.08794279138029e-07,3.41734685751854e-05,3.41406212079298e-05,3.71528069492142e-07,3.4512149277422e-05
578.8,3.72542412258521e-05,3.66205918953877e-06,3.36929815544236e-05,3.99685489083052e-07,3.40926670435066e-05,3.40681302159043e-05,3.63361154740625e-07,3.4431491370645e-05
579,3.71057892432514e-05,3.5918830854487e-06,3.3558720601928e-05,3.92439580739346e-07,3.39511601826673e-05,3.39323743581112e-05,3.56815931750716e-07,3.42891902898619e-05
579.2,3.70481379878725e-05,3.58099638940008e-06,3.35065804262015e-05,3.90615209221191e-07,3.38971956354227e-05,3.38796536366381e-05,3.55092463113834e-07,3.42347460997519e-05
579.4,3.71591166544769e-05,3.64120107719598e-06,3.36069502644749e-05,3.95325728849851e-07,3.40022759933248e-05,3.39811410254738e-05,3.59185092548529e-07,3.43403261180223e-05
579.6,3.72225330353937e-05,3.61019548809348e-06,3.3664304457774e-05,3.91153257002414e-07,3.40554577147764e-05,3.40391338190942e-05,3.55311389392885e-07,3.4394445208487e-05
579.8,3.71591166544769e-05,3.44137334787112e-06,3.36069502644749e-05,3.73816423688059e-07,3.3980766688163e-05,3.39811410254738e-05,3.39661242964009e-07,3.43208022684378e-05
580,3.70985828363291e-05,3.3405122114374e-06,3.35522030799622e-05,3.63865235860382e-07,3.39160683158226e-05,3.3925784267927e-05,3.30722276197259e-07,3.42565065441243e-05
580.2,3.70812874597154e-05,3.35780425570373e-06,3.35365610272442e-05,3.66185269738384e-07,3.39027462969826e-05,3.39099680514851e-05,3.32875606821417e-07,3.42428436583065e-05
580.4,3.70784048969464e-05,3.34041433022566e-06,3.35339540184579e-05,3.64657564077589e-07,3.38986115825355e-05,3.39073320154115e-05,3.3152451629701e-07,3.42388565317085e-05
580.6,3.70856113038688e-05,3.26342710864521e-06,3.35404715404237e-05,3.56491144267878e-07,3.38969626846916e-05,3.39139221055956e-05,3.24124369772572e-07,3.42380464753682e-05
580.8,3.70322838926433e-05,3.20805245570917e-06,3.34922418778768e-05,3.49820968123116e-07,3.38420628459999e-05,3.3865155438233e-05,3.17996485180335e-07,3.41831519234133e-05
581,3.69558959792663e-05,3.19121753288955e-06,3.34231561450392e-05,3.46583474478676e-07,3.37697396195179e-05,3.37953004822812e-05,3.14910389753544e-07,3.41102108720347e-05
581.2,3.70106646718762e-05,3.20517861614699e-06,3.34726893119794e-05,3.46796992367422e-07,3.38194863043468e-05,3.38453851676806e-05,3.14970837759225e-07,3.41603560054398e-05
581.4,3.71519102475545e-05,3.22344706082105e-06,3.36004327425091e-05,3.47939739508661e-07,3.39483724820178e-05,3.39745509352896e-05,3.15922901790512e-07,3.42904738370801e-05
581.6,3.71663230613993e-05,3.17472389270542e-06,3.36134677864407e-05,3.42593120621356e-07,3.39560609070621e-05,3.39877311156579e-05,3.1105925157003e-07,3.42987903672279e-05
581.8,3.70394902995657e-05,3.06438789802822e-06,3.34987593998426e-05,3.31241115702639e-07,3.38300005155452e-05,3.38717455284171e-05,3.00809366723588e-07,3.41725548951407e-05
582,3.68550062823532e-05,2.93082864996417e-06,3.3331910837518e-05,3.17728895699864e-07,3.36496397332178e-05,3.37030392197033e-05,2.88633789541194e-07,3.39916730092445e-05
582.2,3.66878176417543e-05,2.81586994434203e-06,3.31807043279113e-05,3.06230827814791e-07,3.34869351557261e-05,3.35501491274313e-05,2.7828768618916e-07,3.38284368136205e-05
582.4,3.67137607066748e-05,2.80951099576463e-06,3.32041674069882e-05,3.06045054786284e-07,3.35102124617745e-05,3.35738734520942e-05,2.78170647313506e-07,3.38520440994077e-05
582.6,3.68477998754308e-05,2.86837572245109e-06,3.33253933155522e-05,3.12168723207868e-07,3.363756203876e-05,3.36964491295191e-05,2.83707079566003e-07,3.39801562090851e-05
582.8,3.68867144728116e-05,2.89322781537546e-06,3.33605879341675e-05,3.12796108292361e-07,3.36733840424599e-05,3.37320356165135e-05,2.84064738841095e-07,3.40161003553546e-05
583,3.68593301265066e-05,2.88949499248557e-06,3.33358213506975e-05,3.10120057199387e-07,3.36459414078968e-05,3.37069932738137e-05,2.81400454190473e-07,3.39883937280042e-05
583.2,3.6839152187124e-05,2.8799418645671e-06,3.33175722891932e-05,3.10093284618348e-07,3.36276655738116e-05,3.36885410212982e-05,2.81479751161273e-07,3.39700207724595e-05
583.4,3.6811767840819e-05,2.85754308659243e-06,3.32928057057231e-05,3.09710221186922e-07,3.36025159269101e-05,3.36634986785985e-05,2.81341817886378e-07,3.39448404964848e-05
583.6,3.68146504035879e-05,2.81268382631019e-06,3.32954127145095e-05,3.04041905997969e-07,3.35994546205074e-05,3.36661347146721e-05,2.76109867480701e-07,3.39422445821528e-05
583.8,3.68031201525121e-05,2.75047849938292e-06,3.32849846793642e-05,2.9547732888983e-07,3.3580462008254e-05,3.36555905703775e-05,2.68142544001274e-07,3.39237331143788e-05
584,3.66705222651406e-05,2.66915863448683e-06,3.31650622751934e-05,2.86230472942953e-07,3.34512927481363e-05,3.35343329109894e-05,2.59698172476635e-07,3.37940310834661e-05
584.2,3.65364830963847e-05,2.5871327251762e-06,3.30438363666294e-05,2.77429066811869e-07,3.33212654334413e-05,3.34117572335645e-05,2.51712071880653e-07,3.36634693054452e-05
584.4,3.65725151309965e-05,2.51041989681085e-06,3.30764239764584e-05,2.69161303839171e-07,3.33455852802976e-05,3.34447076844852e-05,2.4420639862167e-07,3.36889140831068e-05
584.6,3.66834937976009e-05,2.48653632997198e-06,3.31767938147318e-05,2.66180353653685e-07,3.34429741683855e-05,3.35461950733209e-05,2.41458184997247e-07,3.37876532583181e-05
584.8,3.6839152187124e-05,2.62829028566283e-06,3.33175722891932e-05,2.79632043395035e-07,3.35972043325882e-05,3.36885410212982e-05,2.53481315403231e-07,3.39420223367014e-05
585,3.6942924446806e-05,2.75031150480203e-06,3.34114246055008e-05,2.91111522134688e-07,3.37025361276355e-05,3.37834383199497e-05,2.6372998629996e-07,3.40471683062497e-05
585.2,3.68665365334289e-05,2.65352070644174e-06,3.33423388726633e-05,2.80744155520183e-07,3.36230830281834e-05,3.37135833639979e-05,2.54324886402268e-07,3.39679082504002e-05
585.4,3.67267322391351e-05,2.5090702321875e-06,3.32158989465267e-05,2.65913769317772e-07,3.34818127158444e-05,3.35857356144257e-05,2.4093773259694e-07,3.38266733470226e-05
585.6,3.65883692262257e-05,2.41435037622263e-06,3.30907625247832e-05,2.56873293390319e-07,3.33476358181735e-05,3.34592058828903e-05,2.32851238871556e-07,3.36920571217618e-05
585.8,3.64845969665437e-05,2.37828605104429e-06,3.29969102084756e-05,2.53056172616558e-07,3.32499663810922e-05,3.33643085842387e-05,2.29393169004268e-07,3.3593701753243e-05
586,3.64600951830076e-05,2.45033184758566e-06,3.29747506337919e-05,2.58049076893913e-07,3.32327997106858e-05,3.33419022776127e-05,2.33639484478235e-07,3.35755417620909e-05
586.2,3.64572126202387e-05,2.50580341506637e-06,3.29721436250056e-05,2.61690454058858e-07,3.32338340790644e-05,3.3339266241539e-05,2.36703767375347e-07,3.35759700089144e-05
586.4,3.64629777457766e-05,2.45724561282206e-06,3.29773576425782e-05,2.56744000051928e-07,3.32341016426301e-05,3.33445383136863e-05,2.32242896364099e-07,3.35767812100504e-05
586.6,3.64845969665437e-05,2.39955327255788e-06,3.29969102084756e-05,2.51214850147985e-07,3.32481250586236e-05,3.33643085842387e-05,2.27294548459248e-07,3.3591603132698e-05
586.8,3.65364830963847e-05,2.37815422812888e-06,3.30438363666294e-05,2.48984778132987e-07,3.32928211447624e-05,3.34117572335645e-05,2.25277910044108e-07,3.36370351436086e-05
587,3.6571073849612e-05,2.38090088281392e-06,3.30751204720653e-05,2.48978614174329e-07,3.33240990862396e-05,3.34433896664484e-05,2.2524109530354e-07,3.36686307617519e-05
587.2,3.65624261613052e-05,2.40666519476914e-06,3.30672994457063e-05,2.5098144581927e-07,3.33182808915256e-05,3.34354815582274e-05,2.26979358865695e-07,3.36624609170931e-05
587.4,3.65090987500797e-05,2.39925354501828e-06,3.30190697831594e-05,2.49002194356337e-07,3.32680719775157e-05,3.33867148908648e-05,2.25060593499639e-07,3.36117754843644e-05
587.6,3.64038852090132e-05,2.33499841858763e-06,3.29239139624586e-05,2.40624231979063e-07,3.31645381944377e-05,3.32904995741764e-05,2.17304785717621e-07,3.3507804359894e-05
587.8,3.63505577977877e-05,2.28994893530174e-06,3.28756842999117e-05,2.34954839758871e-07,3.31106391396705e-05,3.32417329068138e-05,2.12073864293741e-07,3.34538067711076e-05
588,3.6388031113784e-05,2.29019713411959e-06,3.29095754141338e-05,2.3504789981586e-07,3.31446233139497e-05,3.32760013757713e-05,2.12165196985094e-07,3.34881665727564e-05
588.2,3.64010026462442e-05,2.28945798622846e-06,3.29213069536723e-05,2.3466938728259e-07,3.31559763409549e-05,3.32878635381028e-05,2.1179069988369e-07,3.34996542379865e-05
588.4,3.63678531744014e-05,2.28328386691364e-06,3.28913263526296e-05,2.32915434600436e-07,3.312424178723e-05,3.32575491232557e-05,2.10085962780546e-07,3.34676350860363e-05
588.6,3.64514474947008e-05,2.33220586396024e-06,3.29669296074329e-05,2.36303504093566e-07,3.32032331115265e-05,3.33339941693917e-05,2.12967042651934e-07,3.35469612120436e-05
588.8,3.66186361352996e-05,2.42283212936552e-06,3.31181361170396e-05,2.43890899332184e-07,3.33620270163718e-05,3.34868842616636e-05,2.19629855987832e-07,3.37065141176515e-05
589,3.66013407586859e-05,2.42859891057308e-06,3.31024940643216e-05,2.44321380745788e-07,3.33468154450674e-05,3.34710680452217e-05,2.20000921296579e-07,3.36910689665183e-05
589.2,3.64053264903977e-05,2.34967881172629e-06,3.29252174668518e-05,2.37334142841729e-07,3.31625516096935e-05,3.32918175922132e-05,2.13814607361079e-07,3.35056321995743e-05
589.4,3.6281376291333e-05,2.31290625982771e-06,3.28131160890399e-05,2.3327469655289e-07,3.30463907855928e-05,3.31784680410461e-05,2.10119399474904e-07,3.3388587440521e-05
589.6,3.62799350099485e-05,2.31594431605215e-06,3.28118125846468e-05,2.32027790439796e-07,3.30438403750866e-05,3.31771500230093e-05,2.08824783191583e-07,3.33859748062009e-05
589.8,3.63447926722498e-05,2.25691777945368e-06,3.2870470282339e-05,2.25406554403261e-07,3.30958768367423e-05,3.32364608346665e-05,2.02787044888205e-07,3.34392478795547e-05
590,3.64096503345511e-05,2.15646445518917e-06,3.29291279800313e-05,2.15308840042636e-07,3.31444368200739e-05,3.32957716463237e-05,1.9369537940034e-07,3.34894670257241e-05
590.2,3.62842588541019e-05,2.11345495749755e-06,3.28157230978262e-05,2.10240638519165e-07,3.30259637363454e-05,3.31811040771198e-05,1.89049628660849e-07,3.33701537057806e-05
590.4,3.60637428022776e-05,2.10548709441717e-06,3.26162869256726e-05,2.0823297108356e-07,3.28245198967562e-05,3.29794473174852e-05,1.87108323990282e-07,3.31665556414755e-05
590.6,3.59988851399763e-05,2.03071685866519e-06,3.25576292279804e-05,2.00174542699829e-07,3.27578037706802e-05,3.2920136505828e-05,1.79792686659302e-07,3.30999291924873e-05
590.8,3.60795968975068e-05,1.9528589897607e-06,3.26306254739974e-05,1.92112077228596e-07,3.2822737551226e-05,3.29939455158903e-05,1.72507346006579e-07,3.31664528618969e-05
591,3.63159670445603e-05,2.04838256782729e-06,3.28444001944758e-05,2.00751055309963e-07,3.30451512497858e-05,3.321010047393e-05,1.80178922573327e-07,3.33902793965033e-05
591.2,3.65696325682276e-05,2.20130798113876e-06,3.30738169676721e-05,2.14945451080321e-07,3.32887624187524e-05,3.34420716484115e-05,1.92828641881843e-07,3.36349002902934e-05
591.4,3.65350418150002e-05,2.17664723181797e-06,3.30425328622363e-05,2.1245701740873e-07,3.3254989879645e-05,3.34104392155277e-05,1.90587082014646e-07,3.36010262975423e-05
591.6,3.63649706116324e-05,2.07754545034571e-06,3.28887193438433e-05,2.02364992684835e-07,3.30910843365281e-05,3.32549130871821e-05,1.81486120994892e-07,3.3436399208177e-05
591.8,3.6253991945028e-05,2.06795304090241e-06,3.27883495055699e-05,1.98543233910412e-07,3.29868927394803e-05,3.31534256983464e-05,1.77728614529835e-07,3.33311543128762e-05
592,3.62035470965715e-05,2.09011777228529e-06,3.27427268518092e-05,1.97427779413854e-07,3.29401546312231e-05,3.31072950670575e-05,1.76353950839885e-07,3.32836490178973e-05
592.2,3.62525506636435e-05,2.07379464239397e-06,3.27870460011767e-05,1.9528901967494e-07,3.29823350208516e-05,3.31521076803096e-05,1.74373124511169e-07,3.33264808048208e-05
592.4,3.63145257631759e-05,2.04414867572848e-06,3.28430966900826e-05,1.92624508331035e-07,3.30357211984137e-05,3.32087824558931e-05,1.72009033503539e-07,3.33807914893967e-05
592.6,3.62194011918007e-05,2.0170659859511e-06,3.2757065400134e-05,1.88765442437493e-07,3.29458308425715e-05,3.31217932654626e-05,1.68408547023655e-07,3.32902018124862e-05
592.8,3.6122835339041e-05,2.0005365261021e-06,3.26697306057922e-05,1.85717238325199e-07,3.28554478441174e-05,3.30334860569952e-05,1.65510447616003e-07,3.31989965046112e-05
593,3.61718389061131e-05,1.99393102779533e-06,3.27140497551597e-05,1.84811475669965e-07,3.28988612308297e-05,3.30782986702473e-05,1.64668147679169e-07,3.32429668179264e-05
593.2,3.62482268194901e-05,2.03366811475424e-06,3.27831354879972e-05,1.8788862945251e-07,3.29710241174497e-05,3.31481536261991e-05,1.67337117791805e-07,3.33154907439909e-05
593.4,3.62395791311833e-05,2.19847878418342e-06,3.27753144616383e-05,2.00615958240895e-07,3.29759304198792e-05,3.31402455179781e-05,1.78371100991799e-07,3.33186166189699e-05
593.6,3.62237250359541e-05,2.31235025714422e-06,3.27609759133135e-05,2.08625176202435e-07,3.29696010895159e-05,3.3125747319573e-05,1.85201614029283e-07,3.33109489336023e-05
593.8,3.62107535034938e-05,2.19612504429231e-06,3.2749244373775e-05,1.96811928405497e-07,3.29460563021805e-05,3.31138851572416e-05,1.74550923154465e-07,3.32884360803961e-05
594,3.62222837545696e-05,2.09139069469901e-06,3.27596724089203e-05,1.86356803502784e-07,3.29460292124231e-05,3.31244293015362e-05,1.65145533933083e-07,3.32895748354693e-05
594.2,3.62626396333348e-05,2.16433369531881e-06,3.27961705319288e-05,1.92088339770366e-07,3.29882588716992e-05,3.31613338065674e-05,1.70128715803855e-07,3.33314625223712e-05
594.4,3.6256874507797e-05,2.24529670591625e-06,3.27909565143562e-05,1.98199682561238e-07,3.29891561969174e-05,3.31560617344201e-05,1.75406635677201e-07,3.33314683700973e-05
594.6,3.61242766204255e-05,2.24532252493655e-06,3.26710341101854e-05,1.96209699567883e-07,3.28672438097533e-05,3.3034804075032e-05,1.73394208085822e-07,3.32081982831178e-05
594.8,3.60781556161223e-05,2.2531240451593e-06,3.26293219696042e-05,1.94809302193008e-07,3.28241312717972e-05,3.29926274978535e-05,1.7189135355487e-07,3.31645188514084e-05
595,3.62381378497988e-05,2.30580051019006e-06,3.27740109572451e-05,1.97689345932243e-07,3.29717003031773e-05,3.31389274999413e-05,1.74216947674861e-07,3.33131444476162e-05
595.2,3.63145257631759e-05,2.32027109189973e-06,3.28430966900826e-05,1.96895914875226e-07,3.30399926049579e-05,3.32087824558931e-05,1.73253562114145e-07,3.33820360180073e-05
595.4,3.6174721468882e-05,2.26186749008493e-06,3.2716656763946e-05,1.89143919622219e-07,3.29058006835682e-05,3.30809347063209e-05,1.66065538392503e-07,3.32470002447134e-05
595.6,3.60752730533534e-05,2.23278958889718e-06,3.26267149608179e-05,1.84121739441127e-07,3.2810836700259e-05,3.29899914617799e-05,1.61311202466216e-07,3.31513026642461e-05
595.8,3.6098333555505e-05,2.27617955875841e-06,3.26475710311085e-05,1.8590675684393e-07,3.28334777879524e-05,3.30110797503691e-05,1.62632976739272e-07,3.31737127271084e-05
596,3.61804865944199e-05,2.36236124362639e-06,3.27218707815187e-05,1.91350137996987e-07,3.29132209195156e-05,3.30862067784682e-05,1.67177391247898e-07,3.32533841697161e-05
596.2,3.62770524471796e-05,2.47133555520417e-06,3.28092055758604e-05,1.98499237241827e-07,3.30077048131023e-05,3.31745139869356e-05,1.73192735320314e-07,3.3347706722256e-05
596.4,3.62366965684143e-05,2.52359171184079e-06,3.27727074528519e-05,2.00231063478241e-07,3.29729385163302e-05,3.31376094819045e-05,1.74362007159717e-07,3.33119714890642e-05
596.6,3.60493299884329e-05,2.50397922469494e-06,3.2603251881741e-05,1.95379817040641e-07,3.27986316987817e-05,3.2966267137117e-05,1.69675117197502e-07,3.31359422543145e-05
596.8,3.59859136075161e-05,2.51139782413272e-06,3.25458976884419e-05,1.94039526265251e-07,3.27399372147072e-05,3.29082743434966e-05,1.68237302077636e-07,3.30765116455742e-05
597,3.60810381788913e-05,2.56278815114437e-06,3.26319289783906e-05,1.97587649318872e-07,3.28295166277094e-05,3.29952635339272e-05,1.71252734406094e-07,3.31665162683333e-05
597.2,3.61127463693497e-05,2.59021368634019e-06,3.26606060750401e-05,1.9768405179309e-07,3.28582901268332e-05,3.30242599307374e-05,1.71044845390306e-07,3.31953047761277e-05
597.4,3.60392410187416e-05,2.59632333146038e-06,3.25941273509889e-05,1.94366269935074e-07,3.2788493620924e-05,3.29570410108592e-05,1.67622095481114e-07,3.31246631063403e-05
597.6,3.59628531053645e-05,2.64979019202455e-06,3.25250416181514e-05,1.95138845372283e-07,3.27201804635236e-05,3.28871860549074e-05,1.6780795553663e-07,3.3054994010444e-05
597.8,3.59109669755235e-05,2.7484381061921e-06,3.24781154599976e-05,2.0030360040922e-07,3.26784190604068e-05,3.28397374055816e-05,1.71931838546192e-07,3.30116692441278e-05
598,3.59354687590595e-05,2.84626918169251e-06,3.25002750346813e-05,2.06417635537522e-07,3.27066926702188e-05,3.28621437122076e-05,1.77024666190229e-07,3.30391683783979e-05
598.2,3.60262694862813e-05,2.93243441884384e-06,3.25823958114504e-05,2.12024391162533e-07,3.2794420202613e-05,3.29451788485277e-05,1.81734457369791e-07,3.31269133058975e-05
598.4,3.60968922741205e-05,2.99732489244897e-06,3.26462675267153e-05,2.14529286926527e-07,3.28607968136419e-05,3.30097617323323e-05,1.83544731733628e-07,3.31933064640659e-05
598.6,3.6122835339041e-05,3.05082301077458e-06,3.26697306057922e-05,2.15330846198138e-07,3.28850614519904e-05,3.30334860569952e-05,1.83759550304899e-07,3.32172456073001e-05
598.8,3.60565363953552e-05,3.11156315976618e-06,3.26097694037068e-05,2.1808534907576e-07,3.28278547527826e-05,3.29728572273011e-05,1.85868422059326e-07,3.31587256493604e-05
599,3.59743833564403e-05,3.19509116572972e-06,3.25354696532967e-05,2.23220309152599e-07,3.27586899624493e-05,3.2897730199202e-05,1.90130528358405e-07,3.30878607275604e-05
599.2,3.6043564862895e-05,3.34604317266433e-06,3.25980378641684e-05,2.32378342991896e-07,3.28304162071603e-05,3.29609950649697e-05,1.97709781788291e-07,3.3158704846758e-05
599.4,3.61675150619597e-05,3.50553971182098e-06,3.27101392419802e-05,2.41084940208854e-07,3.29512241821891e-05,3.30743446161368e-05,2.04737434540448e-07,3.32790820506772e-05
599.6,3.61545435294994e-05,3.55220318610004e-06,3.26984077024418e-05,2.39796207078356e-07,3.29382039095201e-05,3.30624824538054e-05,2.02914785870428e-07,3.32653972396758e-05
599.8,3.6068066646431e-05,3.55230116507169e-06,3.26201974388521e-05,2.34839760936251e-07,3.28550371997884e-05,3.29834013715957e-05,1.97902062108223e-07,3.31813034337039e-05
600,3.60421235815105e-05,3.61022804090177e-06,3.25967343597752e-05,2.36673986966211e-07,3.28334083467414e-05,3.29596770469328e-05,1.9911173425424e-07,3.31587887811871e-05
600.2,3.60522125512018e-05,3.70837241064107e-06,3.26058588905273e-05,2.4197004183227e-07,3.28478289323596e-05,3.29689031731906e-05,2.03373985656239e-07,3.31722771588469e-05
600.4,3.60781556161223e-05,3.84055812421514e-06,3.26293219696042e-05,2.47255754815914e-07,3.28765777244202e-05,3.29926274978535e-05,2.07246752585035e-07,3.31998742504386e-05
600.6,3.61185114948876e-05,3.97909848322554e-06,3.26658200926127e-05,2.52136340902259e-07,3.2917956433515e-05,3.30295320028847e-05,2.10639127103481e-07,3.32401711299882e-05
600.8,3.61718389061131e-05,4.07832735081785e-06,3.27140497551597e-05,2.5480409150499e-07,3.29688538466647e-05,3.30782986702473e-05,2.12231734690709e-07,3.3290530404938e-05
601,3.62078709407249e-05,4.1760114502653e-06,3.27466373649887e-05,2.58007995785646e-07,3.30046453607744e-05,3.3111249121168e-05,2.1438366561911e-07,3.33256327867871e-05
601.2,3.61617499364218e-05,4.31189698962611e-06,3.27049252244076e-05,2.65311309396712e-07,3.29702365338043e-05,3.30690725439895e-05,2.20255302730952e-07,3.32893278467204e-05
601.4,3.61170702135031e-05,4.46106419879384e-06,3.26645165882196e-05,2.73693195813792e-07,3.29382097840334e-05,3.30282139848478e-05,2.27069639381006e-07,3.32552836242288e-05
601.6,3.61329243087323e-05,4.60074641128014e-06,3.26788551365444e-05,2.80109688303807e-07,3.29589648248482e-05,3.30427121832529e-05,2.32002307817127e-07,3.32747144910701e-05
601.8,3.61732801874975e-05,4.7542641188074e-06,3.27153532595529e-05,2.87757020211625e-07,3.30031102797645e-05,3.30796166882841e-05,2.38025471318389e-07,3.33176421596025e-05
602,3.62222837545696e-05,4.94774419374541e-06,3.27596724089203e-05,3.00196533077062e-07,3.30598689419974e-05,3.31244293015362e-05,2.48449219433961e-07,3.33728785209702e-05
602.2,3.62165186290317e-05,5.11276249272333e-06,3.27544583913477e-05,3.08866948032735e-07,3.30633253393804e-05,3.31191572293889e-05,2.55378805982343e-07,3.33745360353713e-05
602.4,3.60896858671981e-05,5.18954877858998e-06,3.26397500047495e-05,3.06151955613662e-07,3.29459019603632e-05,3.30031716421481e-05,2.51778620364006e-07,3.32549502625121e-05
602.6,3.60132979538211e-05,5.26685031204284e-06,3.2570664271912e-05,3.03833632178135e-07,3.28744979040901e-05,3.29333166861963e-05,2.48573783436323e-07,3.31818904696326e-05
602.8,3.61286004645789e-05,5.40006847324086e-06,3.26749446233649e-05,3.09363314623568e-07,3.29843079379884e-05,3.30387581291425e-05,2.52681740653515e-07,3.3291439869796e-05
603,3.62338140056454e-05,5.604510256088e-06,3.27701004440656e-05,3.20996367539215e-07,3.30910968116048e-05,3.31349734458308e-05,2.62167998194619e-07,3.33971414440254e-05
603.2,3.61977819710336e-05,5.90182890374467e-06,3.27375128342366e-05,3.39203337579407e-07,3.3076716171816e-05,3.31020229949102e-05,2.77267247652341e-07,3.33792902425625e-05
603.4,3.61531022481149e-05,6.154474152777e-06,3.26971041980486e-05,3.52936213792271e-07,3.30500404118409e-05,3.30611644357685e-05,2.88339995472303e-07,3.33495044312408e-05
603.6,3.61242766204255e-05,6.28454126067146e-06,3.26710341101854e-05,3.55827893113729e-07,3.30268620032991e-05,3.3034804075032e-05,2.89815662033793e-07,3.33246197370658e-05
603.8,3.61098638065807e-05,6.47155616975199e-06,3.26579990662538e-05,3.64065517297402e-07,3.30220645835512e-05,3.30216238946637e-05,2.96062721534912e-07,3.33176866161986e-05
604,3.61242766204255e-05,6.78154357203984e-06,3.26710341101854e-05,3.83583228274615e-07,3.305461733846e-05,3.3034804075032e-05,3.1234624809541e-07,3.33471503231274e-05
604.2,3.61358068715012e-05,7.02001011694699e-06,3.26814621453307e-05,3.95813689530257e-07,3.30772758348609e-05,3.30453482193266e-05,3.22057722902097e-07,3.33674059422287e-05
604.4,3.6147337122577e-05,7.13034672616234e-06,3.2691890180476e-05,3.95344853599897e-07,3.30872350340759e-05,3.30558923636212e-05,3.20355142954038e-07,3.33762475065753e-05
604.6,3.61617499364218e-05,7.27731329729369e-06,3.27049252244076e-05,3.98648496095145e-07,3.31035737205027e-05,3.30690725439895e-05,3.22059195478443e-07,3.33911317394679e-05
604.8,3.6177604031651e-05,7.50616011551461e-06,3.27192637727323e-05,4.10277880526354e-07,3.31295416532587e-05,3.30835707423946e-05,3.31270010053943e-07,3.34148407524485e-05
605,3.61675150619597e-05,7.73001997959845e-06,3.27101392419802e-05,4.21862393436213e-07,3.31320016354164e-05,3.30743446161368e-05,3.40490979870126e-07,3.34148355960069e-05
605.2,3.61300417459634e-05,7.93559065836959e-06,3.2676248127758e-05,4.31636622019026e-07,3.31078847497771e-05,3.30400761471793e-05,3.48085146825203e-07,3.33881612940045e-05
605.4,3.60695079278155e-05,8.16821854753541e-06,3.26215009432453e-05,4.41908274380978e-07,3.30634092176262e-05,3.29847193896326e-05,3.55881012220242e-07,3.33406004018528e-05
605.6,3.60075328282832e-05,8.42904530788066e-06,3.25654502543394e-05,4.5301155129741e-07,3.30184618056368e-05,3.2928044614049e-05,3.64203786307106e-07,3.32922484003561e-05
605.8,3.6040682300126e-05,8.67722575556281e-06,3.25954308553821e-05,4.64165861788614e-07,3.30595967171707e-05,3.2958359028896e-05,3.72718970368982e-07,3.3331077999265e-05
606,3.6147337122577e-05,8.92079071493102e-06,3.2691890180476e-05,4.76241984719087e-07,3.31681321651951e-05,3.30558923636212e-05,3.82217620985315e-07,3.34381099846065e-05
606.2,3.62208424731851e-05,9.23590777924579e-06,3.27583689045272e-05,4.93948451144311e-07,3.32523173556715e-05,3.31231112834994e-05,3.96612620672926e-07,3.35197239041723e-05
606.4,3.62395791311833e-05,9.59170039102067e-06,3.27753144616383e-05,5.1436882780237e-07,3.32896832894406e-05,3.31402455179781e-05,4.13298853325395e-07,3.35535443713035e-05
606.6,3.6177604031651e-05,9.85414239520037e-06,3.27192637727323e-05,5.26574319983885e-07,3.32458380927162e-05,3.30835707423946e-05,4.22718130449686e-07,3.35062888728443e-05
606.8,3.60868033044292e-05,1.0053401015291e-05,3.26371429959632e-05,5.32906979763649e-07,3.31700499757268e-05,3.30005356060745e-05,4.26902689573571e-07,3.34274382956481e-05
607,3.61271591831944e-05,1.03062759141597e-05,3.26736411189717e-05,5.42477078953915e-07,3.32161181979256e-05,3.30374401111056e-05,4.33763753655628e-07,3.34712038647613e-05
607.2,3.62208424731851e-05,1.06061545647828e-05,3.27583689045272e-05,5.55445655240434e-07,3.33138145597676e-05,3.31231112834994e-05,4.43537779463469e-07,3.35666490629629e-05
607.4,3.62093122221094e-05,1.09193728434696e-05,3.27479408693819e-05,5.7071125159117e-07,3.3318652120973e-05,3.31125671392048e-05,4.55485873331309e-07,3.35680530125361e-05
607.6,3.61170702135031e-05,1.1242130072749e-05,3.26645165882196e-05,5.86975354228856e-07,3.32514919424484e-05,3.30282139848478e-05,4.68337381389706e-07,3.34965513662376e-05
607.8,3.59974438585919e-05,1.15710759711005e-05,3.25563257235872e-05,6.01533543435581e-07,3.31578592670228e-05,3.29188184877912e-05,4.79395075157013e-07,3.33982135629482e-05
608,3.59210559452148e-05,1.19111379150278e-05,3.24872399907497e-05,6.16269098271849e-07,3.31035090890215e-05,3.28489635318394e-05,4.90508339718532e-07,3.33394718715579e-05
608.2,3.60478887070484e-05,1.22816709642576e-05,3.26019483773479e-05,6.35426130319349e-07,3.32373745076672e-05,3.29649491190802e-05,5.05753036423745e-07,3.34707021555039e-05
608.4,3.62309314428764e-05,1.26501177767048e-05,3.27674934352793e-05,6.55318550733228e-07,3.34228119860125e-05,3.31323374097572e-05,5.21764538391349e-07,3.36541019481485e-05
608.6,3.62698460402572e-05,1.29690318411311e-05,3.28026880538946e-05,6.70768532079346e-07,3.3473456585974e-05,3.31679238967515e-05,5.33835651518544e-07,3.37017595482701e-05
608.8,3.62352552870299e-05,1.32561922024183e-05,3.27714039484588e-05,6.83235439532587e-07,3.34546393879914e-05,3.31362914638677e-05,5.43244032335995e-07,3.36795354962037e-05
609,3.62049883779559e-05,1.35096528073953e-05,3.27440303562024e-05,6.91827120916885e-07,3.34358574771193e-05,3.31086130850943e-05,5.49109263145544e-07,3.36577223482398e-05
609.2,3.61603086550373e-05,1.38001968283915e-05,3.27036217200144e-05,7.03516442684174e-07,3.34071381626986e-05,3.30677545259527e-05,5.57693725611665e-07,3.36254482515643e-05
609.4,3.61012161182739e-05,1.42604312267259e-05,3.26501780398948e-05,7.30670282370076e-07,3.33808483222649e-05,3.30137157864427e-05,5.80025504904132e-07,3.35937412913469e-05
609.6,3.60637428022776e-05,1.47599736042274e-05,3.26162869256726e-05,7.60661793912195e-07,3.33769487195848e-05,3.29794473174852e-05,6.04788883739228e-07,3.35842362012245e-05
609.8,3.61660737805752e-05,1.519518770435e-05,3.2708835737587e-05,7.81946269633759e-07,3.34907820072208e-05,3.30730265981e-05,6.21464531824375e-07,3.36944911299243e-05
610,3.62669634774883e-05,1.56009623735294e-05,3.28000810451083e-05,8.00707108786399e-07,3.36007881538947e-05,3.31652878606779e-05,6.35916232586441e-07,3.38012040932643e-05
610.2,3.62381378497988e-05,1.59746056402437e-05,3.27740109572451e-05,8.1988577530874e-07,3.35938967325538e-05,3.31389274999413e-05,6.51148174474467e-07,3.37900756744158e-05
610.4,3.61848104385733e-05,1.63261027230993e-05,3.27257812946981e-05,8.36798232783511e-07,3.35625795274817e-05,3.30901608325787e-05,6.64335257447699e-07,3.37544960900264e-05
610.6,3.6150219685346e-05,1.66519913879208e-05,3.26944971892623e-05,8.48847097058469e-07,3.35433442863208e-05,3.30585283996949e-05,6.72889726876529e-07,3.37314181265714e-05
610.8,3.61242766204255e-05,1.69910733327581e-05,3.26710341101854e-05,8.61026305290195e-07,3.35320604154756e-05,3.3034804075032e-05,6.81429093265411e-07,3.37162331682974e-05
611,3.60896858671981e-05,1.73706854034283e-05,3.26397500047495e-05,8.76518213497017e-07,3.35162682182465e-05,3.30031716421481e-05,6.92866768653874e-07,3.3696038410802e-05
611.2,3.60421235815105e-05,1.7764462589827e-05,3.25967343597752e-05,8.93885746084798e-07,3.349062010586e-05,3.29596770469328e-05,7.06043233212619e-07,3.36657202801455e-05
611.4,3.59585292612111e-05,1.81573809070008e-05,3.25211311049719e-05,9.12808407568318e-07,3.34339395125402e-05,3.28832320007969e-05,7.20801704910644e-07,3.36040337057075e-05
611.6,3.59441164473664e-05,1.85711614854279e-05,3.25080960610403e-05,9.33494164622742e-07,3.3441590225663e-05,3.28700518204286e-05,7.37110615830664e-07,3.36071624362593e-05
611.8,3.60666253650466e-05,1.9017544037644e-05,3.2618893934459e-05,9.55974399336544e-07,3.35748683337955e-05,3.29820833535589e-05,7.54870983685764e-07,3.37369543372447e-05
612,3.61430132784236e-05,1.94790731098976e-05,3.26879796672965e-05,9.77255494920449e-07,3.36652351622169e-05,3.30519383095107e-05,7.71250214502951e-07,3.38231885240137e-05
612.2,3.60824794602758e-05,1.99466467605777e-05,3.26332324827837e-05,9.95914358556665e-07,3.36291468413404e-05,3.2996581551964e-05,7.84910714274978e-07,3.3781492266239e-05
612.4,3.6019063079359e-05,2.04630031035997e-05,3.25758782894846e-05,1.01975583896722e-06,3.35956341284519e-05,3.29385887583436e-05,8.03268373339248e-07,3.37418571316829e-05
612.6,3.60075328282832e-05,2.10412755631207e-05,3.25654502543394e-05,1.05154387196597e-06,3.36169941263053e-05,3.2928044614049e-05,8.28971670239508e-07,3.37570162842885e-05
612.8,3.60089741096676e-05,2.15790551760112e-05,3.25667537587325e-05,1.08061252919177e-06,3.36473662879243e-05,3.29293626320858e-05,8.52376173528982e-07,3.37817388056148e-05
613,3.60291520490503e-05,2.20478197470828e-05,3.25850028202368e-05,1.10341599012344e-06,3.36884188103602e-05,3.29478148846014e-05,8.70214157799844e-07,3.38180290424012e-05
613.2,3.60810381788913e-05,2.25263351277062e-05,3.26319289783906e-05,1.12451738454659e-06,3.37564463629372e-05,3.29952635339272e-05,8.86222555499375e-07,3.38814860894266e-05
613.4,3.61444545598081e-05,2.30320272601331e-05,3.26892831716896e-05,1.14526697550019e-06,3.38345501471898e-05,3.30532563275476e-05,9.01572637803526e-07,3.39548289653511e-05
613.6,3.61300417459634e-05,2.35373988252906e-05,3.2676248127758e-05,1.16711564851557e-06,3.38433637762736e-05,3.30400761471793e-05,9.18037609008794e-07,3.39581137561881e-05
613.8,3.60205043607434e-05,2.40298426534991e-05,3.25771817938778e-05,1.18962027030073e-06,3.37668020641785e-05,3.29399067763804e-05,9.35309774177364e-07,3.38752165505578e-05
614,3.59196146638303e-05,2.44973159134951e-05,3.24859364863565e-05,1.20797702356149e-06,3.3693913509918e-05,3.28476455138025e-05,9.48665917561011e-07,3.37963114313636e-05
614.2,3.58374616249154e-05,2.49647059752236e-05,3.24116367359464e-05,1.22459342539269e-06,3.36362301613391e-05,3.27725184857034e-05,9.6026325823052e-07,3.37327817439339e-05
614.4,3.58244900924551e-05,2.56123828154839e-05,3.23999051964079e-05,1.25648019853146e-06,3.36563853949394e-05,3.2760656323372e-05,9.85293623631658e-07,3.37459499470036e-05
614.6,3.58619634084514e-05,2.63776475472065e-05,3.24337963106301e-05,1.29936773844787e-06,3.3733164049078e-05,3.27949247923295e-05,1.02013797995053e-06,3.381506277228e-05
614.8,3.59671769495179e-05,2.70202970178491e-05,3.25289521313308e-05,1.33228404561422e-06,3.38612361769451e-05,3.28911401090178e-05,1.04626531892275e-06,3.39374054279406e-05
615,3.60896858671981e-05,2.75591099243765e-05,3.26397500047495e-05,1.35660610901674e-06,3.39963561137663e-05,3.30031716421481e-05,1.06485887323412e-06,3.40680305153822e-05
615.2,3.61069812438118e-05,2.81737928169761e-05,3.26553920574675e-05,1.3872830879014e-06,3.40426751453689e-05,3.30189878585901e-05,1.08903333952657e-06,3.41080211981166e-05
615.4,3.60334758932037e-05,2.8843743833126e-05,3.25889133334162e-05,1.42199069925761e-06,3.40109040326739e-05,3.29517689387119e-05,1.11666794332961e-06,3.40684368820415e-05
615.6,3.59570879798266e-05,2.94721295192544e-05,3.25198276005787e-05,1.4505727553875e-06,3.39704003559662e-05,3.288191398276e-05,1.13857158993432e-06,3.40204855726944e-05
615.8,3.58994367244477e-05,3.00850976173411e-05,3.24676874248523e-05,1.4764970671843e-06,3.39441844920366e-05,3.2829193261287e-05,1.1579595644734e-06,3.39871528257604e-05
616,3.59066431313701e-05,3.07592274321226e-05,3.24742049468181e-05,1.50894840562839e-06,3.39831533524465e-05,3.28357833514711e-05,1.18326624517594e-06,3.4019049596647e-05
616.2,3.59686182309024e-05,3.15017083261171e-05,3.2530255635724e-05,1.54708878075119e-06,3.40773444164752e-05,3.28924581270547e-05,1.21356426290883e-06,3.41060223899635e-05
616.4,3.60579776767397e-05,3.23156934684488e-05,3.26110729081e-05,1.58878054051023e-06,3.41998534486102e-05,3.29741752453379e-05,1.24665705589865e-06,3.42208323012366e-05
616.6,3.61358068715012e-05,3.3158272185906e-05,3.26814621453307e-05,1.63142085521584e-06,3.43128830005465e-05,3.30453482193266e-05,1.28039059515089e-06,3.43257388144775e-05
616.8,3.6119952776272e-05,3.39622437903549e-05,3.26671235970059e-05,1.67113879313289e-06,3.43382623901388e-05,3.30308500209215e-05,1.31159908312306e-06,3.43424491040446e-05
617,3.60493299884329e-05,3.47219347293705e-05,3.2603251881741e-05,1.70746584337776e-06,3.43107177251188e-05,3.2966267137117e-05,1.33987196356412e-06,3.43061391006811e-05
617.2,3.59830310447471e-05,3.54073021182196e-05,3.25432906796556e-05,1.7377717807608e-06,3.42810624604164e-05,3.29056383074229e-05,1.36288423278936e-06,3.42685225402123e-05
617.4,3.59253797893682e-05,3.61002066493536e-05,3.24911505039292e-05,1.76850039738401e-06,3.42596509013132e-05,3.28529175859499e-05,1.38623996649948e-06,3.42391575524493e-05
617.6,3.58792587850651e-05,3.69073223171235e-05,3.2449438363348e-05,1.80872126360114e-06,3.42581596269492e-05,3.28107410087714e-05,1.41792197551175e-06,3.42286629842831e-05
617.8,3.58648459712204e-05,3.77880283793524e-05,3.24364033194164e-05,1.85327945630168e-06,3.42896827757181e-05,3.27975608284031e-05,1.45317022472905e-06,3.42507310531322e-05
618,3.59325861962906e-05,3.87561920784744e-05,3.2497668025895e-05,1.89941955136789e-06,3.43970875772629e-05,3.2859507676134e-05,1.48904420783493e-06,3.43485518839689e-05
618.2,3.59931200144384e-05,3.97049381575257e-05,3.25524152104077e-05,1.94399839342367e-06,3.44964136038314e-05,3.29148644336807e-05,1.52355575655349e-06,3.44384201902342e-05
618.4,3.59570879798266e-05,4.04873422716304e-05,3.25198276005787e-05,1.98103696358741e-06,3.45008645641661e-05,3.288191398276e-05,1.55229518329855e-06,3.44342091660586e-05
618.6,3.59210559452148e-05,4.130201393499e-05,3.24872399907497e-05,2.02057335404629e-06,3.4507813344796e-05,3.28489635318394e-05,1.58320096445306e-06,3.44321644962924e-05
618.8,3.5988796170285e-05,4.23451261743217e-05,3.25485046972283e-05,2.07367933471883e-06,3.46221840319471e-05,3.29109103795702e-05,1.62528389208432e-06,3.45361942716546e-05
619,3.60334758932037e-05,4.34147946712248e-05,3.25889133334162e-05,2.12649953501659e-06,3.47154128684328e-05,3.29517689387119e-05,1.6667821713231e-06,3.4618551110035e-05
619.2,3.59513228542887e-05,4.43720203059692e-05,3.25146135830061e-05,2.16839200828913e-06,3.46830055912952e-05,3.28766419106127e-05,1.69848302620828e-06,3.4575124936821e-05
619.4,3.58835826292185e-05,4.5355142791355e-05,3.24533488765275e-05,2.21175099112092e-06,3.46650998676484e-05,3.28146950628819e-05,1.73137837525563e-06,3.45460734381375e-05
619.6,3.59023192872167e-05,4.64153246460862e-05,3.24702944336386e-05,2.26273972497314e-06,3.47330341586117e-05,3.28318292973606e-05,1.77113042327576e-06,3.46029597206364e-05
619.8,3.59109669755235e-05,4.75159684116395e-05,3.24781154599976e-05,2.31681386305824e-06,3.47949293230558e-05,3.28397374055816e-05,1.81355171329643e-06,3.4653289118878e-05
620,3.58691698153738e-05,4.86616456537695e-05,3.24403138325959e-05,2.37314311837787e-06,3.48134569509738e-05,3.28015148825136e-05,1.85775181232639e-06,3.465926669484e-05
620.2,3.57942231833812e-05,4.97859919400243e-05,3.23725316041515e-05,2.42886623502409e-06,3.48013978391756e-05,3.27329779445986e-05,1.90157652956683e-06,3.46345544741654e-05
620.4,3.5699098612006e-05,5.08589207576307e-05,3.22865003142029e-05,2.48239184077394e-06,3.47688921549769e-05,3.2645988754168e-05,1.94375176699681e-06,3.45897405211648e-05
620.6,3.56342409497047e-05,5.19616944619902e-05,3.22278426165107e-05,2.53522552507924e-06,3.47630681415899e-05,3.25866779425108e-05,1.9848950761858e-06,3.45715730186966e-05
620.8,3.56241519800134e-05,5.31381556607304e-05,3.22187180857585e-05,2.58846703365613e-06,3.48071851194147e-05,3.2577451816253e-05,2.02563028986465e-06,3.46030821061177e-05
621,3.56400060752426e-05,5.44449931654505e-05,3.22330566340833e-05,2.6497750562967e-06,3.488283169038e-05,3.25919500146581e-05,2.07307018043497e-06,3.46650201950931e-05
621.2,3.56702729843165e-05,5.58731246623575e-05,3.22604302263397e-05,2.72051090348033e-06,3.498094112982e-05,3.26196283934315e-05,2.12869234109991e-06,3.47483207345314e-05
621.4,3.5726482958311e-05,5.7147415290513e-05,3.2311266897673e-05,2.78275661330165e-06,3.50940235109746e-05,3.26710310968677e-05,2.17744274692052e-06,3.48484738437882e-05
621.6,3.58129598413793e-05,5.82298387388535e-05,3.23894771612626e-05,2.833820265138e-06,3.52232974264006e-05,3.27501121790774e-05,2.21702290191825e-06,3.49671350809956e-05
621.8,3.58590808456825e-05,5.95393451704486e-05,3.24311893018438e-05,2.89957042054467e-06,3.53307597223884e-05,3.27922887562558e-05,2.26892466870824e-06,3.5061213424964e-05
622,3.58533157201446e-05,6.11597246087548e-05,3.24259752842711e-05,2.98416525415625e-06,3.54101405384274e-05,3.27870166841085e-05,2.3364195749108e-06,3.51234362590193e-05
622.2,3.58115185599949e-05,6.26546955265219e-05,3.23881736568695e-05,3.05800723870044e-06,3.54461808955699e-05,3.27487941610405e-05,2.39443824574115e-06,3.51432324067817e-05
622.4,3.57639562743073e-05,6.39747367974858e-05,3.23451580118952e-05,3.11753548046206e-06,3.54626934923572e-05,3.27052995658252e-05,2.43993152372492e-06,3.51452310895501e-05
622.6,3.57091875816973e-05,6.52845545187715e-05,3.2295624844955e-05,3.17673289554884e-06,3.54723577405039e-05,3.26552148804258e-05,2.48520412384294e-06,3.51404190042687e-05
622.8,3.56457712007805e-05,6.66445818888055e-05,3.2238270651656e-05,3.23974274011549e-06,3.54780133917714e-05,3.25972220868054e-05,2.53377255164715e-06,3.51309946384526e-05
623,3.5516055876178e-05,6.80717475902867e-05,3.21209552562715e-05,3.30567535895767e-06,3.54266306152291e-05,3.2478600463491e-05,2.58454875673918e-06,3.50631492202302e-05
623.2,3.53676038935773e-05,6.95718315712433e-05,3.19866943037759e-05,3.37555192705254e-06,3.53622462308284e-05,3.23428446056978e-05,2.63850092836268e-06,3.49813455340605e-05
623.4,3.54108423351114e-05,7.11382657175494e-05,3.20257994355707e-05,3.45229301427924e-06,3.547809244985e-05,3.23823851468026e-05,2.69865528650373e-06,3.50810404333063e-05
623.6,3.55765896943258e-05,7.27851807952951e-05,3.21757024407842e-05,3.53507502709004e-06,3.57107774678743e-05,3.25339572210377e-05,2.76402173088998e-06,3.52979789519277e-05
623.8,3.55434402224829e-05,7.44980697212888e-05,3.21457218397415e-05,3.61779070814204e-06,3.57635125478836e-05,3.25036428061907e-05,2.8285865305831e-06,3.53322293367738e-05
624,3.53776928632686e-05,7.62440377058886e-05,3.1995818834528e-05,3.69990474968106e-06,3.56957235842091e-05,3.23520707319556e-05,2.89217467886952e-06,3.52442454108251e-05
624.2,3.53286892961965e-05,7.79943158851731e-05,3.19514996851606e-05,3.7839296076164e-06,3.5735429292777e-05,3.23072581187035e-05,2.95764692809071e-06,3.52649050467942e-05
624.4,3.53748103004996e-05,7.9752060086919e-05,3.19932118257417e-05,3.86990873312581e-06,3.58631205588675e-05,3.23494346958819e-05,3.02501207520681e-06,3.53744467710887e-05
624.6,3.54439918069543e-05,8.15508321481043e-05,3.20557800366134e-05,3.95937524534906e-06,3.60151552819625e-05,3.24126995616496e-05,3.09544662115188e-06,3.55081461828015e-05
624.8,3.5488671529873e-05,8.33381792919319e-05,3.20961886728014e-05,4.04769957116953e-06,3.6143888243971e-05,3.24535581207913e-05,3.1648534719792e-06,3.56184115927705e-05
625,3.54411092441854e-05,8.50101468318831e-05,3.20531730278271e-05,4.12502116920673e-06,3.61781941970338e-05,3.2410063525576e-05,3.2244197612534e-06,3.56344832868294e-05
625.2,3.53445433914257e-05,8.67046741840102e-05,3.19658382334853e-05,4.20206907648472e-06,3.616790730997e-05,3.23217563171086e-05,3.2834581240888e-06,3.56052144411974e-05
625.4,3.52537426642039e-05,8.87389204995613e-05,3.18837174567162e-05,4.30150761143951e-06,3.61852250681557e-05,3.22387211807885e-05,3.36135387726451e-06,3.5600075058053e-05
625.6,3.52032978157474e-05,9.08714057550859e-05,3.18380948029556e-05,4.40751373922259e-06,3.62456085421781e-05,3.21925905494995e-05,3.44479652454756e-06,3.56373870740471e-05
625.8,3.52796857291244e-05,9.27455797462818e-05,3.19071805357931e-05,4.4968696963327e-06,3.64040502321258e-05,3.22624455054514e-05,3.51427973470613e-06,3.57767252401575e-05
626,3.53690451749617e-05,9.45961780541588e-05,3.19879978081691e-05,4.58392883448045e-06,3.65719266426495e-05,3.23441626237346e-05,3.58170305172822e-06,3.59258656754629e-05
626.2,3.52940985429692e-05,9.67314364030681e-05,3.19202155797247e-05,4.68686000819341e-06,3.66070755879181e-05,3.22756256858196e-05,3.66200563087069e-06,3.59376313166903e-05
626.4,3.51989739715939e-05,9.89052868061676e-05,3.18341842897761e-05,4.79243763840328e-06,3.66266219281794e-05,3.2188636495389e-05,3.74455443648475e-06,3.59331909318738e-05
626.6,3.527824444774e-05,0.000100898822345727,3.19058770313999e-05,4.88942841945888e-06,3.67953054508588e-05,3.22611274874145e-05,3.82042846874678e-06,3.60815559561613e-05
626.8,3.53690451749617e-05,0.000102857618265526,3.19879978081691e-05,4.98426582934846e-06,3.69722636375175e-05,3.23441626237346e-05,3.89451195577801e-06,3.62386745795126e-05
627,3.53344544217344e-05,0.000104940356318999,3.19567137027332e-05,5.08308000858884e-06,3.7039793711322e-05,3.23125301908508e-05,3.9712364786104e-06,3.62837666694612e-05
627.2,3.52609490711263e-05,0.000107076986532462,3.1890234978682e-05,5.1852157125339e-06,3.70754506912159e-05,3.22453112709726e-05,4.05071945617673e-06,3.62960307271493e-05
627.4,3.51888850019026e-05,0.000109282404625799,3.18250597590239e-05,5.29447616438414e-06,3.71195359234081e-05,3.21794103691313e-05,4.13664060419641e-06,3.63160509733277e-05
627.6,3.51067319629877e-05,0.000111485235726529,3.17507600086138e-05,5.40260707940879e-06,3.71533670880226e-05,3.21042833410321e-05,4.2214484431792e-06,3.63257317842113e-05
627.8,3.50202550799193e-05,0.000113670113957118,3.16725497450241e-05,5.50487775071374e-06,3.71774274957379e-05,3.20252022588225e-05,4.30053068169455e-06,3.63257329405171e-05
628,3.49553974176181e-05,0.000115877460453484,3.16138920473319e-05,5.60838908796027e-06,3.72222811352921e-05,3.19658914471653e-05,4.38061723112156e-06,3.63465086782868e-05
628.2,3.49395433223888e-05,0.000118106331609781,3.15995534990071e-05,5.71639142660951e-06,3.73159449256166e-05,3.19513932487602e-05,4.46500512363365e-06,3.64163983723938e-05
628.4,3.49438671665423e-05,0.00012036220497531,3.16034640121866e-05,5.82535422247006e-06,3.74288182346566e-05,3.19553473028707e-05,4.55006351598425e-06,3.65054108188549e-05
628.6,3.49395433223888e-05,0.000122604781984433,3.15995534990071e-05,5.93136545806067e-06,3.75309189570678e-05,3.19513932487602e-05,4.63228553040393e-06,3.65836787791641e-05
628.8,3.49438671665423e-05,0.000124902574887448,3.16034640121866e-05,6.04162254842585e-06,3.76450865606124e-05,3.19553473028707e-05,4.71818588253472e-06,3.66735331854054e-05
629,3.49784579197696e-05,0.0001273657740144,3.16347481176225e-05,6.16335334625156e-06,3.7798101463874e-05,3.19869797357545e-05,4.81384600720992e-06,3.68008257429644e-05
629.2,3.49539561362336e-05,0.000129806879456803,3.16125885429387e-05,6.28256463824045e-06,3.78951531811792e-05,3.19645734291285e-05,4.90720457134745e-06,3.68717780004759e-05
629.4,3.48400949068602e-05,0.0001321636155121,3.1509611695879e-05,6.3941179462526e-06,3.79037296421316e-05,3.18604500042191e-05,4.99375928132625e-06,3.68542092855454e-05
629.6,3.47982977467105e-05,0.000134508578740938,3.14718100684773e-05,6.50604222442634e-06,3.79778522929037e-05,3.18222274811511e-05,5.08082017446466e-06,3.69030476556158e-05
629.8,3.48804507856255e-05,0.00013687300933821,3.15461098188875e-05,6.62122996871592e-06,3.81673397876034e-05,3.18973545092503e-05,5.17096411417794e-06,3.70683186234282e-05
630,3.49222479457752e-05,0.000139384235573577,3.15839114462892e-05,6.74138681436468e-06,3.83252982606539e-05,3.19355770323183e-05,5.26449801226679e-06,3.72000750445851e-05
630.2,3.48689205345497e-05,0.000142064194749464,3.15356817837422e-05,6.86685459586603e-06,3.84025363796083e-05,3.18868103649557e-05,5.36152325223112e-06,3.72483336171868e-05
630.4,3.48112692791708e-05,0.000144604572087957,3.14835416080158e-05,6.98863826298148e-06,3.84721798709973e-05,3.18340896434826e-05,5.45637750744463e-06,3.72904671509272e-05
630.6,3.47896500584037e-05,0.000147035640634744,3.14639890421184e-05,7.10935387069744e-06,3.85733429128158e-05,3.18143193729302e-05,5.55136889092593e-06,3.73656882638561e-05
630.8,3.47550593051763e-05,0.000149645354406025,3.14327049366825e-05,7.23820826645134e-06,3.86709132031339e-05,3.17826869400463e-05,5.65260058809056e-06,3.74352875281369e-05
631,3.47002906125664e-05,0.000152454787648194,3.13831717697424e-05,7.37503199314345e-06,3.87582037628858e-05,3.17326022546469e-05,5.75966660750549e-06,3.74922688621524e-05
631.2,3.46181375736514e-05,0.000155186475646595,3.13088720193322e-05,7.5075097733566e-06,3.88163817926888e-05,3.16574752265478e-05,5.86320393219126e-06,3.7520679158739e-05
631.4,3.45230130022762e-05,0.000157781104113024,3.12228407293836e-05,7.63296010875984e-06,3.88558008381434e-05,3.15704860361172e-05,5.96116163179688e-06,3.75316476679141e-05
631.6,3.4479774560742e-05,0.000160330520219616,3.11837355975888e-05,7.7560081687515e-06,3.89397437663403e-05,3.15309454950124e-05,6.05719371745361e-06,3.7588139212466e-05
631.8,3.44855396862799e-05,0.000162904183832848,3.11889496151614e-05,7.87995367856941e-06,3.90689032937308e-05,3.15362175671597e-05,6.15386326577739e-06,3.76900808329371e-05
632,3.45201304395073e-05,0.000165690951114744,3.12202337205973e-05,8.01361510802847e-06,3.92338488286258e-05,3.15678500000435e-05,6.25798414811386e-06,3.78258341481574e-05
632.2,3.45547211927346e-05,0.00016866387835356,3.12515178260331e-05,8.15564311582651e-06,3.94071609418597e-05,3.15994824329274e-05,6.36849199924105e-06,3.79679744321684e-05
632.4,3.44869809676644e-05,0.00017151633955544,3.11902531195546e-05,8.29086824589302e-06,3.94811213654476e-05,3.15375355851965e-05,6.47346253537614e-06,3.80109981205726e-05
632.6,3.43572656430619e-05,0.000174233906389538,3.10729377241701e-05,8.41943584014808e-06,3.94923735643182e-05,3.14189139618821e-05,6.57320336647183e-06,3.79921173283539e-05
632.8,3.43125859201432e-05,0.000176838511936358,3.10325290879821e-05,8.54457722387711e-06,3.95771063118592e-05,3.13780554027404e-05,6.6707375863626e-06,3.8048792989103e-05
633,3.43140272015277e-05,0.00017946913920588,3.10338325923753e-05,8.67208579999142e-06,3.97059183923667e-05,3.13793734207773e-05,6.77037562137199e-06,3.81497490421493e-05
633.2,3.42434044136885e-05,0.00018236275388298,3.09699608771104e-05,8.81116221600316e-06,3.97811230931135e-05,3.13147905369727e-05,6.87878210869322e-06,3.8193572645666e-05
633.4,3.41482798423133e-05,0.000185459776456443,3.08839295871618e-05,8.95926437091326e-06,3.9843193958075e-05,3.12278013465422e-05,6.99405002048219e-06,3.82218513670243e-05
633.6,3.41093652449325e-05,0.000188477355737345,3.08487349685464e-05,9.10326971098008e-06,3.99520046795265e-05,3.11922148595478e-05,7.10606004972059e-06,3.82982749092684e-05
633.8,3.41050414007791e-05,0.0001914183771328,3.08448244553669e-05,9.24397737312237e-06,4.00888018284893e-05,3.11882608054374e-05,7.21558810411336e-06,3.84038489095507e-05
634,3.40935111497033e-05,0.000194126494569948,3.08343964202216e-05,9.37509293391379e-06,4.02094893541354e-05,3.11777166611427e-05,7.31801048430908e-06,3.84957271454518e-05
634.2,3.40473901454002e-05,0.000196665428142018,3.07926842796405e-05,9.49879833302476e-06,4.02914826126653e-05,3.11355400839643e-05,7.41482394407675e-06,3.8550364028041e-05
634.4,3.39320876346424e-05,0.000199329640642542,3.06884039281876e-05,9.6278329200845e-06,4.03162368482721e-05,3.10300986410181e-05,7.51563103220424e-06,3.85457296732224e-05
634.6,3.38239915308069e-05,0.000201942444140738,3.05906410987006e-05,9.75470413848334e-06,4.03453452371839e-05,3.09312472882561e-05,7.61482306864077e-06,3.85460703568969e-05
634.8,3.38917317558771e-05,0.000204552367863838,3.06519058051791e-05,9.8840584527926e-06,4.05359642579717e-05,3.0993194135987e-05,7.71655791294513e-06,3.87097520489321e-05
635,3.3976767357561e-05,0.000207008768134256,3.07288125643756e-05,1.00050826795829e-05,4.07338952439585e-05,3.10709572001598e-05,7.81157930008149e-06,3.88825365002412e-05
635.2,3.3897496881415e-05,0.000209171093049903,3.06571198227518e-05,1.01055415479132e-05,4.07626613706649e-05,3.09984662081343e-05,7.88908067839112e-06,3.88875468865254e-05
635.4,3.37980484658864e-05,0.000211210244372227,3.05671780196237e-05,1.01994568486262e-05,4.07666348682499e-05,3.09075229635932e-05,7.96133708588354e-06,3.88688600494767e-05
635.6,3.38153438425001e-05,0.00021329897082549,3.05828200723416e-05,1.03009283168805e-05,4.08837483892221e-05,3.09233391800351e-05,8.04068180805444e-06,3.89640209880896e-05
635.8,3.38052548728088e-05,0.000215164168918535,3.05736955415895e-05,1.03931866030155e-05,4.09668821446049e-05,3.09141130537773e-05,8.1131996032989e-06,3.90273126570762e-05
636,3.36380662322099e-05,0.000216621410205883,3.04224890319828e-05,1.04656974620519e-05,4.08881864940347e-05,3.07612229615054e-05,8.17029242146367e-06,3.89315153829691e-05
636.2,3.35198811586832e-05,0.000218010438002791,3.03156016717436e-05,1.05346217007554e-05,4.0850223372499e-05,3.06531454824856e-05,8.22451819597585e-06,3.88776636784614e-05
636.4,3.36164470114428e-05,0.000219607096077191,3.04029364660854e-05,1.06125752758052e-05,4.10155117418906e-05,3.0741452690953e-05,8.28556201908829e-06,3.90270147100413e-05
636.6,3.37014826131267e-05,0.000220907120078417,3.04798432252819e-05,1.06752289129812e-05,4.11550721382631e-05,3.08192157551258e-05,8.33443837047915e-06,3.91536541256049e-05
636.8,3.36164470114428e-05,0.000221494956857967,3.04029364660854e-05,1.07022406607964e-05,4.11051771268818e-05,3.0741452690953e-05,8.3552057092135e-06,3.90966584001665e-05
637,3.35256462842211e-05,0.000221817300430396,3.03208156893162e-05,1.07161569912986e-05,4.10369726806148e-05,3.06584175546329e-05,8.36568791006506e-06,3.9024105464698e-05
637.2,3.35155573145298e-05,0.000222094237212981,3.03116911585641e-05,1.07282976778812e-05,4.10399888364453e-05,3.06491914283751e-05,8.37488027042664e-06,3.90240716988017e-05
637.4,3.34463758080751e-05,0.000222144786745726,3.02491229476924e-05,1.07285868572126e-05,4.0977709804905e-05,3.05859265626074e-05,8.37460983456704e-06,3.89605363971744e-05
637.6,3.32345074445576e-05,0.000221811640029699,3.00575078018977e-05,1.07087914838676e-05,4.07662992857654e-05,3.03921779111938e-05,8.3583034174188e-06,3.87504813286126e-05
637.8,3.31350590290289e-05,0.000221164594430238,2.99675659987696e-05,1.06759324751794e-05,4.0643498473949e-05,3.03012346666528e-05,8.33228296283881e-06,3.86335176294916e-05
638,3.3263333072247e-05,0.000220226047509879,3.0083577889761e-05,1.06329711997341e-05,4.0716549089495e-05,3.04185382719304e-05,8.29929343048155e-06,3.87178317024119e-05
638.2,3.33411622670086e-05,0.000218878020912374,3.01539671269916e-05,1.05714152344379e-05,4.07253823614295e-05,3.0489711245919e-05,8.25206144939335e-06,3.87417726953124e-05
638.4,3.32532441025557e-05,0.000217049035092829,3.00744533590088e-05,1.04864525623321e-05,4.05609059213409e-05,3.04093121456726e-05,8.18651730064674e-06,3.85958294463193e-05
638.6,3.31782974705631e-05,0.00021494723710016,3.00066711305645e-05,1.03862838147392e-05,4.03929549453036e-05,3.03407752077576e-05,8.10863534684376e-06,3.84494105546013e-05
638.8,3.31638846567184e-05,0.0002125964966257,2.99936360866329e-05,1.02716567711099e-05,4.02652928577427e-05,3.03275950273893e-05,8.01890592051612e-06,3.83465009479054e-05
639,3.32027992540992e-05,0.000210011507074678,3.00288307052482e-05,1.01485844961218e-05,4.017741520137e-05,3.03631815143836e-05,7.9232454365947e-06,3.82864269509783e-05
639.2,3.32618917908625e-05,0.000207137931729845,3.00822743853678e-05,1.001460516557e-05,4.00968795509378e-05,3.04172202538936e-05,7.81976966287693e-06,3.82369899167705e-05
639.4,3.31365003104134e-05,0.000203767472301109,2.99688695031628e-05,9.84950583655325e-06,3.9818375339716e-05,3.03025526846896e-05,7.69035986015017e-06,3.79929125448398e-05
639.6,3.28323899382897e-05,0.000199890816683347,2.96938300762058e-05,9.65270734935975e-06,3.93465374255656e-05,3.00244508789191e-05,7.53453410416905e-06,3.75589849830882e-05
639.8,3.27055571764561e-05,0.000195865586927018,2.95791216896077e-05,9.45515509636334e-06,3.9034276785971e-05,2.99084652916783e-05,7.3796004626967e-06,3.7288065754375e-05
640,3.27862689339865e-05,0.000191789449386682,2.96521179356247e-05,9.26286104721302e-06,3.89149789828377e-05,2.99822743017406e-05,7.23055039552422e-06,3.72128246972649e-05
640.2,3.28280660941362e-05,0.000187495322042685,2.96899195630264e-05,9.05834943765021e-06,3.87482690006766e-05,3.00204968248086e-05,7.07157390330525e-06,3.70920707281139e-05
640.4,3.2787710215371e-05,0.000183018592567392,2.96534214400178e-05,8.84204972326879e-06,3.84954711632866e-05,2.99835923197775e-05,6.90271120542998e-06,3.68863035252074e-05
640.6,3.27199699903008e-05,0.000178565044893838,2.95921567335393e-05,8.62641309110378e-06,3.82185698246431e-05,2.99216454720466e-05,6.73426085899287e-06,3.66559063310395e-05
640.8,3.2653671046615e-05,0.000174068027476786,2.95321955314539e-05,8.40908911164461e-06,3.79412846430985e-05,2.98610166423526e-05,6.56458838410795e-06,3.64256050264605e-05
641,3.26378169513858e-05,0.000169136619983967,2.95178569831291e-05,8.17272341398908e-06,3.76905803971182e-05,2.98465184439475e-05,6.3804988153016e-06,3.62270172592491e-05
641.2,3.26522297652306e-05,0.000163948348496004,2.95308920270607e-05,7.92514027647499e-06,3.74560323035357e-05,2.98596986243157e-05,6.18792691561669e-06,3.60476255399324e-05
641.4,3.2601784916774e-05,0.000158956340104298,2.94852693733001e-05,7.68634400738646e-06,3.71716133806865e-05,2.98135679930268e-05,6.0020544628029e-06,3.58156224558297e-05
641.6,3.25196318778591e-05,0.000154086565066683,2.94109696228899e-05,7.45187542372284e-06,3.68628450466128e-05,2.97384409649277e-05,5.81919689518856e-06,3.55576378601162e-05
641.8,3.24936888129386e-05,0.000148860274956003,2.9387506543813e-05,7.19670966611794e-06,3.6584216209931e-05,2.97147166402648e-05,5.61938125980713e-06,3.53340979000719e-05
642,3.24778347177094e-05,0.000143496428594079,2.93731679954883e-05,6.93334681899894e-06,3.63065148144872e-05,2.97002184418597e-05,5.41280886206981e-06,3.51130273039295e-05
642.2,3.23582083627981e-05,0.000138397006922562,2.92649771308559e-05,6.68448203390543e-06,3.59494591647613e-05,2.9590822944803e-05,5.21795176164613e-06,3.48087747064492e-05
642.4,3.22011086918906e-05,0.000133547349450066,2.91228951520014e-05,6.44987863464909e-06,3.55727737866504e-05,2.94471589787889e-05,5.03473388181736e-06,3.44818928606062e-05
642.6,3.2101660276362e-05,0.000128745253090108,2.90329533488732e-05,6.22134668032704e-06,3.52543000292003e-05,2.93562157342478e-05,4.85712548741236e-06,3.42133412216602e-05
642.8,3.20454503023675e-05,0.000124094449959673,2.898211667754e-05,6.00103407647278e-06,3.49831507540128e-05,2.93048130308116e-05,4.68614341217473e-06,3.39909564429863e-05
643,3.1992122891142e-05,0.000119717242835557,2.8933887014993e-05,5.78987263677057e-06,3.47237596517636e-05,2.9256046363449e-05,4.52136808584308e-06,3.3777414449292e-05
643.2,3.19416780426855e-05,0.000115424563607914,2.88882643612324e-05,5.58184106241413e-06,3.44701054236465e-05,2.920991573216e-05,4.35881631259226e-06,3.35687320447523e-05
643.4,3.19460018868389e-05,0.000111162037311641,2.88921748744119e-05,5.37916699398084e-06,3.42713418683927e-05,2.92138697862705e-05,4.20134596489898e-06,3.34152157511695e-05
643.6,3.19243826660718e-05,0.000106912966607099,2.88726223085145e-05,5.17697699875179e-06,3.40495993072662e-05,2.91940995157181e-05,4.04421526128586e-06,3.3238314777004e-05
643.8,3.17802545276245e-05,0.000102647859393875,2.87422718691984e-05,4.96799201886315e-06,3.37102638880615e-05,2.90622977120354e-05,3.88039247116012e-06,3.29426901831955e-05
644,3.1626037419486e-05,9.85436482749973e-05,2.86027968991301e-05,4.76646757407372e-06,3.33692644732039e-05,2.89212697820949e-05,3.72232181450155e-06,3.26435915965965e-05
644.2,3.15928879476431e-05,9.49029581489062e-05,2.85728162980874e-05,4.59395944453603e-06,3.31667757426235e-05,2.88909553672479e-05,3.58842955609647e-06,3.24793849233444e-05
644.4,3.16000943545655e-05,9.13805282442391e-05,2.85793338200533e-05,4.4272507913338e-06,3.30065846113871e-05,2.8897545457432e-05,3.45908459935892e-06,3.23566300567909e-05
644.6,3.15871228221052e-05,8.7616692179302e-05,2.85676022805148e-05,4.24319244735046e-06,3.28107947278653e-05,2.88856832951006e-05,3.31488466975323e-06,3.22005679648538e-05
644.8,3.15280302853418e-05,8.39853288970198e-05,2.85141586003952e-05,4.06450449445032e-06,3.25786630948455e-05,2.88316445555907e-05,3.17463993168859e-06,3.20062844872793e-05
645,3.13421049867448e-05,8.07661325791568e-05,2.83460065336774e-05,3.90745567494045e-06,3.22534622086179e-05,2.866162022884e-05,3.05168606258875e-06,3.17133062914287e-05
645.2,3.11792401902994e-05,7.76982553686486e-05,2.81987105372503e-05,3.75830178401947e-06,3.19570123212697e-05,2.85126841906785e-05,2.93503019042598e-06,3.14477143811045e-05
645.4,3.11547384067634e-05,7.46273971977349e-05,2.81765509625665e-05,3.60933047706547e-06,3.1785881439632e-05,2.84902778840525e-05,2.81859212616653e-06,3.1308870010219e-05
645.6,3.12037419738354e-05,7.17633025679832e-05,2.8220870111934e-05,3.47152349274776e-06,3.16923936046818e-05,2.85350904973046e-05,2.71114051895738e-06,3.1246231016262e-05
645.8,3.12959839824417e-05,6.91980295006623e-05,2.83042943930963e-05,3.35005550282556e-06,3.16543498959219e-05,2.86194436516615e-05,2.61688265296634e-06,3.12363263046279e-05
646,3.1330574735669e-05,6.67496547350348e-05,2.83355784985322e-05,3.23386173802849e-06,3.15694402365606e-05,2.86510760845454e-05,2.52665615317308e-06,3.11777322377184e-05
646.2,3.12224786318336e-05,6.4306470949302e-05,2.82378156690451e-05,3.11608639290383e-06,3.13539020619489e-05,2.85522247317833e-05,2.43477266515467e-06,3.0986997396938e-05
646.4,3.10869981816931e-05,6.19045755495219e-05,2.8115286256088e-05,2.99927384050266e-06,3.11145600965906e-05,2.84283310363216e-05,2.34340297153351e-06,3.07717340078551e-05
646.6,3.09760195150887e-05,5.95468159899525e-05,2.80149164178146e-05,2.88388685425592e-06,3.08988032720705e-05,2.83268436474859e-05,2.25298329392535e-06,3.05798269414113e-05
646.8,3.08967490389427e-05,5.73892413881793e-05,2.79432236761907e-05,2.7808242185862e-06,3.07240478947769e-05,2.82543526554604e-05,2.17279626553411e-06,3.04271489209946e-05
647,3.08563931601775e-05,5.54829307908207e-05,2.79067255531822e-05,2.69380927660543e-06,3.06005348297876e-05,2.82174481504293e-05,2.10603795560148e-06,3.03234861060308e-05
647.2,3.07915354978762e-05,5.3555558391929e-05,2.784806785549e-05,2.60173631893904e-06,3.0449804174429e-05,2.81581373387721e-05,2.03439982136204e-06,3.01925371601341e-05
647.4,3.06776742685029e-05,5.1494824708758e-05,2.77450910084303e-05,2.49669772202735e-06,3.02417887304576e-05,2.80540139138627e-05,1.95113657231293e-06,3.00051504861757e-05
647.6,3.06502899221979e-05,4.9541957180408e-05,2.77203244249602e-05,2.39973495219249e-06,3.01200593771527e-05,2.8028971571163e-05,1.87483805223786e-06,2.99038096234009e-05
647.8,3.07122650217302e-05,4.77537451925213e-05,2.77763751138661e-05,2.31625413051919e-06,3.00926292443853e-05,2.80856463467466e-05,1.81033826417111e-06,2.98959846109177e-05
648,3.06632614546581e-05,4.60718712104624e-05,2.77320559644986e-05,2.23778512729466e-06,2.99698410917933e-05,2.80408337334945e-05,1.74972209568754e-06,2.9790555829182e-05
648.2,3.04686884677543e-05,4.44671883334506e-05,2.75560828714219e-05,2.16097375267943e-06,2.97170566241013e-05,2.78629012985228e-05,1.68992254141576e-06,2.95528238399386e-05
648.4,3.02957347016176e-05,4.28749435112921e-05,2.73996623442426e-05,2.08152746728367e-06,2.94811898115263e-05,2.77047391341036e-05,1.62732024904092e-06,2.93320593831445e-05
648.6,3.01833147536287e-05,4.12896124413383e-05,2.72979890015761e-05,2.00016324149459e-06,2.92981522430706e-05,2.76019337272311e-05,1.56270168132274e-06,2.91646354085538e-05
648.8,3.01213396540964e-05,3.98460538733762e-05,2.72419383126701e-05,1.92942695177822e-06,2.91713652644484e-05,2.75452589516475e-05,1.50725084324571e-06,2.90525097948932e-05
649,3.00997204333293e-05,3.85372245117054e-05,2.72223857467727e-05,1.86923971044593e-06,2.90916254572187e-05,2.75254886810951e-05,1.46096639111469e-06,2.89864550722098e-05
649.2,3.00982791519448e-05,3.72347173108783e-05,2.72210822423796e-05,1.80878565014806e-06,2.90298678925276e-05,2.75241706630583e-05,1.41434175616479e-06,2.89385124192231e-05
649.4,3.01040442774827e-05,3.59333682067595e-05,2.72262962599522e-05,1.74685865788486e-06,2.89731549178371e-05,2.75294427352056e-05,1.36621489451697e-06,2.88956576297226e-05
649.6,3.00593645545641e-05,3.46379966026425e-05,2.71858876237642e-05,1.68356861578033e-06,2.88694562395446e-05,2.7488584176064e-05,1.31664325094827e-06,2.88052274270122e-05
649.8,2.99844179225715e-05,3.33869648155202e-05,2.71181053953198e-05,1.62181558911632e-06,2.87399209844362e-05,2.74200472381489e-05,1.26813204244727e-06,2.86881792805962e-05
650,2.98878520698118e-05,3.2215069725783e-05,2.70307706009781e-05,1.56643790068082e-06,2.85972085016589e-05,2.73317400296815e-05,1.22518602343651e-06,2.8556926053118e-05
650.2,2.98129054378192e-05,3.11174340102866e-05,2.69629883725337e-05,1.5160534870465e-06,2.84790418595802e-05,2.72632030917665e-05,1.18646204785196e-06,2.84496651396185e-05
650.4,2.9876321818736e-05,3.00938191059922e-05,2.70203425658328e-05,1.46727534390866e-06,2.84876179097414e-05,2.73211958853869e-05,1.14853805561554e-06,2.84697339410025e-05
650.6,2.9958474857651e-05,2.90912679428662e-05,2.7094642316243e-05,1.41756287424181e-06,2.85122051904848e-05,2.73963229134861e-05,1.10943480317932e-06,2.85057577166654e-05
650.8,2.98100228750503e-05,2.80185270562127e-05,2.69603813637474e-05,1.36244586674205e-06,2.83228272304894e-05,2.72605670556929e-05,1.06564835232794e-06,2.83262154080208e-05
651,2.95405032561539e-05,2.69492510557944e-05,2.67166260422263e-05,1.30753423810452e-06,2.80241602803308e-05,2.70140976828062e-05,1.02203098791908e-06,2.80361286707253e-05
651.2,2.9373314615555e-05,2.60699714729712e-05,2.65654195326196e-05,1.26614887496801e-06,2.78315684075876e-05,2.68612075905343e-05,9.89975012698869e-07,2.78511826032332e-05
651.4,2.92810726069488e-05,2.52544153902867e-05,2.64819952514573e-05,1.22950233174519e-06,2.77114975832025e-05,2.67768544361774e-05,9.62001102697054e-07,2.77388555388744e-05
651.6,2.92709836372575e-05,2.42897632340212e-05,2.64728707207052e-05,1.1825205439753e-06,2.76553912646805e-05,2.67676283099196e-05,9.25236956540916e-07,2.76928652664605e-05
651.8,2.92681010744885e-05,2.33100022627083e-05,2.64702637119189e-05,1.13385666352252e-06,2.76041203754414e-05,2.67649922738459e-05,8.86940215214146e-07,2.76519324890601e-05
652,2.91643288148065e-05,2.25450950218701e-05,2.63764113956113e-05,1.09768942845878e-06,2.74741008240701e-05,2.66700949751944e-05,8.58887009396884e-07,2.75289819845913e-05
652.2,2.90447024598952e-05,2.18576686401959e-05,2.62682205309789e-05,1.06619964236679e-06,2.73344201733457e-05,2.65606994781377e-05,8.34700635603138e-07,2.73954001137409e-05
652.4,2.90389373343573e-05,2.1095658234443e-05,2.62630065134063e-05,1.03142550578026e-06,2.72944320191865e-05,2.65554274059904e-05,8.0802378516854e-07,2.7363451191159e-05
652.6,2.90461437412797e-05,2.03142788785242e-05,2.62695240353721e-05,9.94676851075748e-07,2.72642008864478e-05,2.65620174961746e-05,7.79566091903783e-07,2.73415835880784e-05
652.8,2.89553430140579e-05,1.95600406838626e-05,2.6187403258603e-05,9.55476220520434e-07,2.71428794791234e-05,2.64789823598545e-05,7.48326923133906e-07,2.72273092829884e-05
653,2.88659835682206e-05,1.88289988237631e-05,2.6106585986227e-05,9.169419836237e-07,2.70235279698507e-05,2.63972652415712e-05,7.17503292301825e-07,2.7114768533873e-05
653.2,2.8900574321448e-05,1.81097900068335e-05,2.61378700916628e-05,8.82133459470876e-07,2.70200035511337e-05,2.6428897674455e-05,6.90315104548662e-07,2.71192127790037e-05
653.4,2.8873189975143e-05,1.74332814159339e-05,2.61131035081928e-05,8.49974429891683e-07,2.69630779380845e-05,2.64038553317553e-05,6.65330473443662e-07,2.7069185805199e-05
653.6,2.85661970402503e-05,1.68428460895721e-05,2.58354570724495e-05,8.20903481389476e-07,2.6656360553839e-05,2.61231174899112e-05,6.42509939278247e-07,2.67656274291894e-05
653.8,2.83197379235054e-05,1.62820417163263e-05,2.5612557821219e-05,7.93424121856235e-07,2.64059819430752e-05,2.58977364056138e-05,6.20968794643124e-07,2.65187052002569e-05
654,2.84552183736459e-05,1.57300365134073e-05,2.57350872341761e-05,7.67512654673003e-07,2.65025998888491e-05,2.60216301010755e-05,6.00915026947125e-07,2.66225451280226e-05
654.2,2.85993465120931e-05,1.51764121794598e-05,2.58654376734922e-05,7.40226706874468e-07,2.66056643803667e-05,2.61534319047582e-05,5.79489502653432e-07,2.67329214074116e-05
654.4,2.85301650056384e-05,1.4612811817794e-05,2.58028694626205e-05,7.0887692665017e-07,2.65117463892706e-05,2.60901670389905e-05,5.54065974247413e-07,2.66442330132379e-05
654.6,2.84047735251893e-05,1.40786935982434e-05,2.56894645804155e-05,6.81080617305001e-07,2.63705451977205e-05,2.59754994697866e-05,5.31907218426119e-07,2.65074066882127e-05
654.8,2.8288029733047e-05,1.36067830081534e-05,2.55838807245694e-05,6.62436858079562e-07,2.6246317582649e-05,2.58687400088036e-05,5.18310280142241e-07,2.63870502889458e-05
655,2.81684033781358e-05,1.31430136710273e-05,2.54756898599371e-05,6.43230997666852e-07,2.61189208576039e-05,2.57593445117469e-05,5.04054334683269e-07,2.62633988464302e-05
655.2,2.80545421487624e-05,1.26599011380706e-05,2.53727130128774e-05,6.1829228785378e-07,2.59910053007312e-05,2.56552210868376e-05,4.84217081866522e-07,2.61394381687041e-05
655.4,2.80141862699972e-05,1.22235951165403e-05,2.53362148898689e-05,5.96228531322474e-07,2.59324434211913e-05,2.56183165818064e-05,4.66765634014166e-07,2.60850822158206e-05
655.6,2.80833677764519e-05,1.18682681657141e-05,2.53987831007406e-05,5.80866128337503e-07,2.59796492290781e-05,2.56815814475741e-05,4.55188507344607e-07,2.61367699549187e-05
655.8,2.80458944604556e-05,1.14894971698336e-05,2.53648919865184e-05,5.62239555868851e-07,2.59271315423873e-05,2.56473129786166e-05,4.40571900517153e-07,2.60878848791338e-05
656,2.78224958458623e-05,1.10525633146652e-05,2.51628488055785e-05,5.37164622364764e-07,2.57000134279432e-05,2.54430201829084e-05,4.20082738768874e-07,2.58631029216773e-05
656.2,2.76625136121858e-05,1.06874468657145e-05,2.50181598179376e-05,5.18695766014046e-07,2.55368555839516e-05,2.52967201808206e-05,4.05473569936738e-07,2.57021937507574e-05
656.4,2.76437769541877e-05,1.04272509870614e-05,2.50012142608265e-05,5.10548896000277e-07,2.55117631568268e-05,2.52795859463419e-05,4.00133095909798e-07,2.56797190422517e-05
656.6,2.76077449195759e-05,1.01483132991421e-05,2.49686266509975e-05,5.00915856109146e-07,2.54695425071066e-05,2.52466354954212e-05,3.93498581930513e-07,2.56401340773517e-05
656.8,2.75126203482007e-05,9.81086720806287e-06,2.48825953610489e-05,4.85897162056934e-07,2.53684925231058e-05,2.51596463049906e-05,3.82069899828537e-07,2.55417162048192e-05
657,2.74261434651323e-05,9.46758332312613e-06,2.48043850974592e-05,4.69186594196793e-07,2.5273571691656e-05,2.5080565222781e-05,3.6899550594661e-07,2.54495607287276e-05
657.2,2.73497555517553e-05,9.13190416397863e-06,2.47352993646217e-05,4.51713371259886e-07,2.51870127358816e-05,2.50107102668292e-05,3.55065291836387e-07,2.53657755586656e-05
657.4,2.72632786686869e-05,8.81803644438445e-06,2.4657089101032e-05,4.34902613421735e-07,2.50919917144538e-05,2.49316291846196e-05,3.41562063235633e-07,2.52731912478552e-05
657.6,2.71652715345427e-05,8.52605562588273e-06,2.45684508022971e-05,4.18939299526309e-07,2.49873901018234e-05,2.48420039581153e-05,3.28672018389759e-07,2.51706759765051e-05
657.8,2.70528515865539e-05,8.20978510087918e-06,2.44667774596305e-05,4.00714366765137e-07,2.48674918263957e-05,2.47391985512428e-05,3.13765622600727e-07,2.50529641738436e-05
658,2.6937549075796e-05,7.88372140755206e-06,2.43624971081777e-05,3.81721998688998e-07,2.47442191068667e-05,2.46337571082967e-05,2.98192286956044e-07,2.49319493952527e-05
658.2,2.68597198810345e-05,7.63506188380244e-06,2.4292107870947e-05,3.69413692806009e-07,2.4661521563753e-05,2.4562584134308e-05,2.88515592730183e-07,2.48510997270382e-05
658.4,2.68006273442711e-05,7.44574501010541e-06,2.42386641908274e-05,3.62210086170989e-07,2.46008742769984e-05,2.45085453947981e-05,2.83339694692749e-07,2.47918850894909e-05
658.6,2.66982963659736e-05,7.20573444641438e-06,2.41461153789129e-05,3.50390637846863e-07,2.44965060167598e-05,2.44149661141834e-05,2.74061000779254e-07,2.46890271149626e-05
658.8,2.65743461669089e-05,6.94264936462492e-06,2.40340140011011e-05,3.36382189952949e-07,2.43703961910541e-05,2.43016165630163e-05,2.62825853480929e-07,2.45644424164972e-05
659,2.65325490067592e-05,6.78799095660539e-06,2.39962123736994e-05,3.32096329669246e-07,2.43283087033687e-05,2.42633940399483e-05,2.60214290258631e-07,2.45236083302069e-05
659.2,2.65354315695281e-05,6.68662549468837e-06,2.39988193824858e-05,3.32004695805437e-07,2.43308240782912e-05,2.42660300760219e-05,2.61250272274582e-07,2.45272803482965e-05
659.4,2.64475134050753e-05,6.46576833971214e-06,2.39193056145029e-05,3.19153062679586e-07,2.42384586771825e-05,2.41856309757755e-05,2.50714640568098e-07,2.44363456163436e-05
659.6,2.6306267829397e-05,6.18399926186564e-06,2.37915621839732e-05,2.99921885586886e-07,2.40914840695601e-05,2.40564652081664e-05,2.34406646212927e-07,2.42908718543794e-05
659.8,2.62183496649441e-05,5.99341493751289e-06,2.37120484159904e-05,2.90378625182725e-07,2.40024270411731e-05,2.397606610792e-05,2.26879156146683e-07,2.42029452640667e-05
660,2.61765525047944e-05,5.8518929571178e-06,2.36742467885887e-05,2.8601961753519e-07,2.39602664061239e-05,2.3937843584852e-05,2.24047365838101e-07,2.41618909506901e-05
660.2,2.61751112234099e-05,5.66233673116349e-06,2.36729432841955e-05,2.76932226605528e-07,2.39498755108011e-05,2.39365255668152e-05,2.16969373862615e-07,2.41534949406778e-05
660.4,2.61909653186391e-05,5.47186986459841e-06,2.36872818325203e-05,2.66904610137802e-07,2.39541864426581e-05,2.39510237652203e-05,2.0895082694082e-07,2.41599745921611e-05
660.6,2.61924066000236e-05,5.36353789809115e-06,2.36885853369135e-05,2.62370547366479e-07,2.39509558842799e-05,2.39523417832571e-05,2.05572483932325e-07,2.41579142671894e-05
660.8,2.61549332840273e-05,5.28706916735243e-06,2.36546942226913e-05,2.60285545680453e-07,2.39149797683717e-05,2.39180733142996e-05,2.04315694980901e-07,2.41223890092805e-05
661,2.60021574572732e-05,5.17594915995241e-06,2.35165227570162e-05,2.57157198130471e-07,2.37736799551467e-05,2.37783634023959e-05,2.02389761844092e-07,2.398075316424e-05
661.2,2.58248798469831e-05,5.04070889501282e-06,2.33561917166574e-05,2.52431900402757e-07,2.36086236170602e-05,2.36162471838662e-05,1.99117660390317e-07,2.38153648442565e-05
661.4,2.57456093708371e-05,4.87155014943272e-06,2.32844989750336e-05,2.43768038213082e-07,2.35282670132467e-05,2.35437561918407e-05,1.92240800653398e-07,2.37359969924941e-05
661.6,2.57009296479184e-05,4.7099887356477e-06,2.32440903388456e-05,2.34835003952518e-07,2.34789253427981e-05,2.35028976326991e-05,1.85007180622176e-07,2.36879048133213e-05
661.8,2.56259830159258e-05,4.61468287853775e-06,2.31763081104012e-05,2.30276154186586e-07,2.34065842645878e-05,2.34343606947841e-05,1.81458737675942e-07,2.361581943246e-05
662,2.55640079163935e-05,4.53816524948369e-06,2.31202574214953e-05,2.26766658031714e-07,2.3347024079527e-05,2.33776859192005e-05,1.78762137918798e-07,2.35564480571193e-05
662.2,2.55539189467022e-05,4.44359829832365e-06,2.31111328907432e-05,2.21580331961697e-07,2.33327132227049e-05,2.33684597929427e-05,1.74571004922172e-07,2.35430307978649e-05
662.4,2.55294171631661e-05,4.33672470920522e-06,2.30889733160594e-05,2.16127399479359e-07,2.33051007155388e-05,2.33460534863167e-05,1.70247323156992e-07,2.35163008094737e-05
662.6,2.54386164359444e-05,4.20730140304369e-06,2.30068525392903e-05,2.1113633929895e-07,2.32179888785892e-05,2.32630183499966e-05,1.6664173224559e-07,2.34296600822422e-05
662.8,2.53016947044194e-05,4.08000898721918e-06,2.288301962194e-05,2.05788585097899e-07,2.30888082070379e-05,2.3137806636498e-05,1.6265174973681e-07,2.33004583862348e-05
663,2.51056804361312e-05,3.969968603211e-06,2.27057430244701e-05,1.98745864825121e-07,2.29044888892952e-05,2.29585561834895e-05,1.56755839093318e-07,2.31153120225829e-05
663.2,2.49788476742975e-05,3.90868060072312e-06,2.2591034637872e-05,1.96022540129091e-07,2.27870571780011e-05,2.28425705962488e-05,1.54684592648307e-07,2.29972551888971e-05
663.4,2.50206448344473e-05,3.93630359889304e-06,2.26288362652736e-05,2.03382504859764e-07,2.28322187701334e-05,2.28807931193168e-05,1.61818942146325e-07,2.30426120614631e-05
663.6,2.50307338041386e-05,3.90693632196268e-06,2.26379607960258e-05,2.05610075651836e-07,2.28435708716776e-05,2.28900192455745e-05,1.64398300292496e-07,2.3054417545867e-05
663.8,2.48649864449242e-05,3.71253647139592e-06,2.24880577908123e-05,1.9205861090312e-07,2.26801164017154e-05,2.27384471713394e-05,1.52860460540459e-07,2.28913076318799e-05
664,2.47251821506303e-05,3.55016226880647e-06,2.23616178646756e-05,1.80793714349524e-07,2.25424115790252e-05,2.26105994217672e-05,1.43278064355822e-07,2.2753877486123e-05
664.2,2.47107693367856e-05,3.52438281454619e-06,2.2348582820744e-05,1.81224587218352e-07,2.25298074079624e-05,2.2597419241399e-05,1.44000771567763e-07,2.27414200129667e-05
664.4,2.46459116744843e-05,3.46654109525155e-06,2.22899251230518e-05,1.78597718436228e-07,2.2468522841488e-05,2.25381084297417e-05,1.41988682965605e-07,2.26800971127073e-05
664.6,2.44556625317339e-05,3.30784341941643e-06,2.21178625431546e-05,1.66982180821574e-07,2.22848447239761e-05,2.23641300488806e-05,1.32010805918093e-07,2.24961408547987e-05
664.8,2.42884738911351e-05,3.20749741191342e-06,2.19666560335479e-05,1.60508447066979e-07,2.21271644806149e-05,2.22112399566086e-05,1.26582276720121e-07,2.23378222333288e-05
665,2.42077621336046e-05,3.22022144627586e-06,2.18936597875309e-05,1.64098319629245e-07,2.20577581071601e-05,2.21374309465463e-05,1.3007044654149e-07,2.22675013930878e-05
665.2,2.41803777872996e-05,3.18227625086674e-06,2.18688932040608e-05,1.63654048362778e-07,2.20325472524236e-05,2.21123886038466e-05,1.30043722813037e-07,2.22424323266596e-05
665.4,2.41890254756065e-05,3.04658245234377e-06,2.18767142304198e-05,1.55020348315067e-07,2.20317345787348e-05,2.21202967120676e-05,1.22824751402316e-07,2.22431214634699e-05
665.6,2.4132815501612e-05,2.95878017689936e-06,2.18258775590865e-05,1.49677144739393e-07,2.19755547038259e-05,2.20688940086313e-05,1.18399674065738e-07,2.21872936826971e-05
665.8,2.39901286445492e-05,2.94903770161102e-06,2.16968306241636e-05,1.50146805404181e-07,2.18469774295678e-05,2.19384102229855e-05,1.18983039987732e-07,2.20573932629732e-05
666,2.38690610082535e-05,2.89187776872047e-06,2.15873362551381e-05,1.47839317881135e-07,2.17351755730192e-05,2.1827696707892e-05,1.17286297507398e-07,2.19449830053994e-05
666.2,2.38085271901057e-05,2.77184924221735e-06,2.15325890706253e-05,1.4154051399247e-07,2.16741295846178e-05,2.17723399503452e-05,1.12253797496901e-07,2.18845937478421e-05
666.4,2.38013207831833e-05,2.69005065204924e-06,2.15260715486595e-05,1.37141955647423e-07,2.16632135043069e-05,2.17657498601611e-05,1.08717036386691e-07,2.18744668965478e-05
666.6,2.38272638481038e-05,2.66254111810072e-06,2.15495346277364e-05,1.35895240839967e-07,2.16854298685764e-05,2.1789474184824e-05,1.07762740385554e-07,2.18972369252096e-05
666.8,2.38056446273367e-05,2.64731821582535e-06,2.1529982061839e-05,1.37076042764293e-07,2.16670581046033e-05,2.17697039142716e-05,1.09126186510243e-07,2.18788301007818e-05
667,2.37134026187305e-05,2.62117770015135e-06,2.14465577806767e-05,1.38484906882591e-07,2.15850426875593e-05,2.16853507599147e-05,1.10841794421369e-07,2.1796192554336e-05
667.2,2.3550537822285e-05,2.53274605335172e-06,2.12992617842495e-05,1.32453595482274e-07,2.14317153797318e-05,2.15364147217532e-05,1.05727955269114e-07,2.16421426770223e-05
667.4,2.33761427747638e-05,2.41333049424183e-06,2.1141537752677e-05,1.22308801524043e-07,2.12638465542011e-05,2.13769345392971e-05,9.67998177002674e-08,2.14737343569974e-05
667.6,2.33891143072241e-05,2.39699701848994e-06,2.11532692922155e-05,1.23293157421798e-07,2.12765624496373e-05,2.13887967016286e-05,9.7976995991987e-08,2.14867736976206e-05
667.8,2.35145057876732e-05,2.4429541606259e-06,2.12666741744205e-05,1.31166285720457e-07,2.13978404601409e-05,2.15034642708325e-05,1.05426084441521e-07,2.16088903552741e-05
668,2.34669435019856e-05,2.39007822678746e-06,2.12236585294462e-05,1.28697043978663e-07,2.13523555734248e-05,2.14599696756172e-05,1.03518087273444e-07,2.15634877628907e-05
668.2,2.32824594847731e-05,2.26708920196703e-06,2.10568099671216e-05,1.1890335415385e-07,2.11757133212754e-05,2.12912633669034e-05,9.4984751280507e-08,2.13862481181839e-05
668.4,2.31080644372519e-05,2.17557134756194e-06,2.08990859355491e-05,1.12454886833501e-07,2.10115408223826e-05,2.11317831844473e-05,8.94834743014546e-08,2.12212666587488e-05
668.6,2.2968260142958e-05,2.12132807805354e-06,2.07726460094125e-05,1.09948762454849e-07,2.08825947718673e-05,2.10039354348751e-05,8.75534081951438e-08,2.10914888430702e-05
668.8,2.29019611992723e-05,2.11405535337526e-06,2.07126848073271e-05,1.12473743268538e-07,2.08251585505956e-05,2.09433066051811e-05,9.01874798619225e-08,2.1033494085043e-05
669,2.28587227577381e-05,2.11019553023481e-06,2.06735796755322e-05,1.15211506594494e-07,2.07887911821267e-05,2.09037660640763e-05,9.29987028705091e-08,2.09967647669468e-05
669.2,2.27506266539026e-05,2.01771948826073e-06,2.05758168460452e-05,1.07926223061156e-07,2.06837430691063e-05,2.08049147113142e-05,8.66619610667882e-08,2.0891576672381e-05
669.4,2.26281177362225e-05,1.89995927744845e-06,2.04650189726265e-05,9.75954787939884e-08,2.05626144514205e-05,2.06928831781839e-05,7.75273715689127e-08,2.07704105497528e-05
669.6,2.25704664808436e-05,1.86251687265177e-06,2.04128787969001e-05,9.59480703708289e-08,2.05088268672709e-05,2.06401624567109e-05,7.62785163267931e-08,2.07164409730376e-05
669.8,2.25358757276162e-05,1.858638583356e-06,2.03815946914642e-05,9.78206527974115e-08,2.04794153442616e-05,2.0608530023827e-05,7.8215130837491e-08,2.06867451546645e-05
670,2.24450750003944e-05,1.81991265875248e-06,2.02994739146951e-05,9.59395684170887e-08,2.03954134831122e-05,2.05254948875069e-05,7.67442889425321e-08,2.06022391764494e-05
670.2,2.23398614593279e-05,1.781853214037e-06,2.02043180939943e-05,9.37803057075171e-08,2.02980983997018e-05,2.04292795708185e-05,7.49847505851873e-08,2.05042643214037e-05
670.4,2.22706799528732e-05,1.79485091569596e-06,2.01417498831226e-05,9.5889200822288e-08,2.02376390839449e-05,2.03660147050508e-05,7.69724061713764e-08,2.04429871112222e-05
670.6,2.22101461347254e-05,1.81056789722479e-06,2.00870026986098e-05,9.84767114288582e-08,2.01854794100387e-05,2.03106579475041e-05,7.94137289603299e-08,2.03900716764644e-05
670.8,2.21395233468862e-05,1.77265378260361e-06,2.00231309833449e-05,9.75421709280858e-08,2.0120673154273e-05,2.02460750636996e-05,7.889093111614e-08,2.03249659948157e-05
671,2.20732244032004e-05,1.71951509899676e-06,1.99631697812595e-05,9.50947208412781e-08,2.00582645021008e-05,2.01854462340055e-05,7.70078937801936e-08,2.02624541277857e-05
671.2,2.20299859616663e-05,1.6868521204206e-06,1.99240646494647e-05,9.24357616103251e-08,2.0016500411075e-05,2.01459056929007e-05,7.46830091005895e-08,2.02205887020013e-05
671.4,2.19665695807495e-05,1.63707689128742e-06,1.98667104561656e-05,8.86036128080006e-08,1.99553140689736e-05,2.00879128992803e-05,7.13624055606689e-08,2.0159275304841e-05
671.6,2.18181175981488e-05,1.53012748722519e-06,1.97324495036701e-05,8.2496823171958e-08,1.9814946326842e-05,1.99521570414872e-05,6.63784305310185e-08,2.00185354720182e-05
671.8,2.16826371480083e-05,1.42920963030038e-06,1.96099200907129e-05,7.63898667690648e-08,1.9686309957482e-05,1.98282633460254e-05,6.13271296618196e-08,1.98895904756872e-05
672,2.16293097367828e-05,1.38114054145393e-06,1.9561690428166e-05,7.17223138177615e-08,1.96334127419837e-05,1.97794966786628e-05,5.71428235870496e-08,1.98366395022499e-05
672.2,2.15903951394021e-05,1.3633133962703e-06,1.95264958095506e-05,6.98095601219777e-08,1.95963053696726e-05,1.97439101916685e-05,5.54072659240748e-08,1.97993174575926e-05
672.4,2.1514007226025e-05,1.3715429283122e-06,1.94574100767131e-05,7.24732001053848e-08,1.95298832768185e-05,1.96740552357167e-05,5.80089334473624e-08,1.9732064169164e-05
672.6,2.1437619312648e-05,1.39590804967635e-06,1.93883243438756e-05,7.65187664295623e-08,1.94648431103051e-05,1.96042002797648e-05,6.18282552089203e-08,1.96660285349737e-05
672.8,2.13669965248088e-05,1.42906092532728e-06,1.93244526286107e-05,8.01280552158802e-08,1.94045806838266e-05,1.95396173959603e-05,6.51085960495154e-08,1.96047259920098e-05
673,2.12531352954354e-05,1.41205284667028e-06,1.9221475781551e-05,7.88693609118268e-08,1.93003451424628e-05,1.9435493971051e-05,6.40252605349361e-08,1.94995192315859e-05
673.2,2.10801815292987e-05,1.30413720445133e-06,1.90650552543717e-05,6.93756308896357e-08,1.91344308852613e-05,1.92773318066317e-05,5.56273922298612e-08,1.93329591988616e-05
673.4,2.09807331137701e-05,1.18540101553678e-06,1.89751134512436e-05,5.94169275293231e-08,1.90345303787729e-05,1.91863885620907e-05,4.68798529227804e-08,1.92332684150134e-05
673.6,2.10355018063801e-05,1.10044328362458e-06,1.90246466181837e-05,5.33585154795373e-08,1.90780051336632e-05,1.92364732474901e-05,4.16999316705608e-08,1.92781731791607e-05
673.8,2.10513559016093e-05,1.09800796563514e-06,1.90389851665085e-05,5.49739034875441e-08,1.9093959069996e-05,1.92509714458952e-05,4.3360421562191e-08,1.92943318674574e-05
674,2.09619964557719e-05,1.19501897423929e-06,1.89581678941325e-05,6.54427025553096e-08,1.90236105966878e-05,1.91692543276119e-05,5.28656314024277e-08,1.92221199590143e-05
674.2,2.08611067588588e-05,1.20677543785156e-06,1.88669225866112e-05,6.7794483310509e-08,1.89347170699217e-05,1.9076993065034e-05,5.51126973469245e-08,1.9132105762381e-05
674.4,2.07832775640973e-05,1.07602468288252e-06,1.87965333493805e-05,5.67887473966994e-08,1.88533220967772e-05,1.90058200910454e-05,4.54402415865796e-08,1.90512603326319e-05
674.6,2.0696800681029e-05,1.00138150673791e-06,1.87183230857909e-05,5.14693780740022e-08,1.87697924638649e-05,1.89267390088357e-05,4.08927461716867e-08,1.89676317550074e-05
674.8,2.05987935468848e-05,1.0337111545169e-06,1.86296847870559e-05,5.64438193050595e-08,1.8686128606361e-05,1.88371137823315e-05,4.55626055982394e-08,1.88826763879298e-05
675,2.04863735988959e-05,1.04626775925457e-06,1.85280114443894e-05,5.78533864551244e-08,1.85858648308445e-05,1.8734308375459e-05,4.68480579909412e-08,1.87811564334499e-05
675.2,2.03753949322915e-05,1.00941573066585e-06,1.8427641606116e-05,5.29669598392475e-08,1.84806085659552e-05,1.86328209866233e-05,4.23175468280843e-08,1.86751385334514e-05
675.4,2.03580995556779e-05,9.54586578639448e-07,1.8411999553398e-05,4.80296242188832e-08,1.84600291776169e-05,1.86170047701814e-05,3.79357229873273e-08,1.86549404931687e-05
675.6,2.04229572179791e-05,9.05610511254179e-07,1.84706572510903e-05,4.56520454734499e-08,1.85163092965637e-05,1.86763155818386e-05,3.60769870344806e-08,1.87123925688731e-05
675.8,2.04215159365947e-05,9.34975759637463e-07,1.84693537466971e-05,5.03353311475098e-08,1.85196890778446e-05,1.86749975638018e-05,4.0485455674075e-08,1.87154830194759e-05
676,2.03364803349108e-05,1.02285094537574e-06,1.83924469875006e-05,5.96809950189939e-08,1.84521279825196e-05,1.8597234499629e-05,4.89567461996601e-08,1.86461912458287e-05
676.2,2.02082062916927e-05,1.04272398851859e-06,1.82764350965093e-05,6.18544647164103e-08,1.83382895612257e-05,1.84799308943514e-05,5.09331430652729e-08,1.85308640374167e-05
676.4,2.00626368718609e-05,9.90387949850706e-07,1.81447811528001e-05,5.68795285220208e-08,1.82016606813221e-05,1.83468110726319e-05,4.648554085498e-08,1.83932966134868e-05
676.6,1.99314802658739e-05,9.31230149671007e-07,1.80261622530224e-05,5.22434072601359e-08,1.80784056602825e-05,1.82268714312806e-05,4.24564817741213e-08,1.82693279130547e-05
676.8,1.98205015992695e-05,8.75704951722017e-07,1.7925792414749e-05,4.8689941602039e-08,1.79744823563511e-05,1.81253840424449e-05,3.94816863584389e-08,1.81648657288034e-05
677,1.96936688374359e-05,8.13434282353949e-07,1.78110840281509e-05,4.41455729545168e-08,1.78552296011054e-05,1.80093984552042e-05,3.55800611977931e-08,1.80449785164019e-05
677.2,1.95726012011402e-05,7.58744771912757e-07,1.77015896591253e-05,3.98824446608277e-08,1.77414721037862e-05,1.78986849401107e-05,3.18783967132774e-08,1.7930563336824e-05
677.4,1.9529362759606e-05,7.45031516080906e-07,1.76624845273305e-05,3.92868087140325e-08,1.77017713360445e-05,1.78591443990059e-05,3.14288166307797e-08,1.78905732156367e-05
677.6,1.95192737899147e-05,7.58985683377819e-07,1.76533599965784e-05,4.1002019752588e-08,1.7694362016331e-05,1.78499182727481e-05,3.30077551328478e-08,1.78829260278809e-05
677.8,1.94601812531513e-05,7.74822540896415e-07,1.75999163164588e-05,4.19118122110307e-08,1.76418281286698e-05,1.77958795332382e-05,3.37513447734096e-08,1.78296308780116e-05
678,1.93564089934693e-05,7.83126978869684e-07,1.75060640001512e-05,4.22537480671941e-08,1.75483177482184e-05,1.77009822345866e-05,3.40046235302764e-08,1.77349868581169e-05
678.2,1.92339000757891e-05,7.7511824075967e-07,1.73952661267325e-05,4.36230014662795e-08,1.74388891281988e-05,1.75889507014563e-05,3.54782945498782e-08,1.76244289960062e-05
678.4,1.91070673139555e-05,7.4518975191578e-07,1.72805577401344e-05,4.38639334413626e-08,1.73244216735757e-05,1.74729651142156e-05,3.60551427103427e-08,1.75090202569259e-05
678.6,1.90061776170424e-05,6.64144926525126e-07,1.71893124326131e-05,3.75698292882002e-08,1.72268822619013e-05,1.73807038516377e-05,3.0593337502635e-08,1.74112971891403e-05
678.8,1.89326722664343e-05,5.90477835962061e-07,1.71228337085619e-05,3.09955854998306e-08,1.71538292940617e-05,1.73134849317595e-05,2.47661273842244e-08,1.73382510591437e-05
679,1.89211420153585e-05,6.34520933511587e-07,1.71124056734166e-05,3.51906095133921e-08,1.714759628293e-05,1.73029407874649e-05,2.8517469931797e-08,1.73314582573967e-05
679.2,1.89211420153585e-05,6.99623793678862e-07,1.71124056734166e-05,4.15070782650527e-08,1.71539127516817e-05,1.73029407874649e-05,3.41793918005339e-08,1.73371201792654e-05
679.4,1.88606081972106e-05,6.49801446484929e-07,1.70576584889038e-05,3.81274032875319e-08,1.70957858921914e-05,1.72475840299181e-05,3.13168247046482e-08,1.72789008546228e-05
679.6,1.87597185002976e-05,5.78968188400349e-07,1.69664131813826e-05,3.28384658697861e-08,1.69992516472524e-05,1.71553227673403e-05,2.67576791613945e-08,1.71820804465017e-05
679.8,1.860261882939e-05,5.836644972825e-07,1.6824331202528e-05,3.34194006098649e-08,1.68577506031379e-05,1.70116588013261e-05,2.72927919816056e-08,1.70389515933077e-05
680,1.84671383792496e-05,6.16447796559377e-07,1.67018017895709e-05,3.63485121957226e-08,1.67381503017666e-05,1.68877651058644e-05,2.98894972906904e-08,1.69176546031551e-05
680.2,1.84527255654049e-05,6.50610956869354e-07,1.66887667456393e-05,4.00847304596434e-08,1.67288514760989e-05,1.68745849254961e-05,3.32869320437755e-08,1.69078718575399e-05
680.4,1.84729035047875e-05,6.86297254873454e-07,1.67070158071436e-05,4.36743393338018e-08,1.67506901464774e-05,1.68930371780117e-05,3.65191658976908e-08,1.69295563439094e-05
680.6,1.84815511930943e-05,7.28651587232286e-07,1.67148368335025e-05,4.64708437877733e-08,1.67613076772903e-05,1.69009452862326e-05,3.88752205753305e-08,1.6939820506808e-05
680.8,1.84570494095583e-05,7.24607825058108e-07,1.66926772588188e-05,4.55233568484235e-08,1.67382006156672e-05,1.68785389796066e-05,3.79622085757555e-08,1.69165011881823e-05
681,1.83734550892589e-05,6.07557020622251e-07,1.66170740040155e-05,3.65393695649584e-08,1.66536133735804e-05,1.68020939334706e-05,3.01814725314164e-08,1.6832275406002e-05
681.2,1.82509461715787e-05,4.98031948951993e-07,1.65062761305968e-05,2.79917424402108e-08,1.6534267873037e-05,1.66900624003403e-05,2.27581612556479e-08,1.6712820561596e-05
681.4,1.8099611626209e-05,4.85047959427468e-07,1.63694081693149e-05,2.61723406261288e-08,1.6395580509941e-05,1.65516705064735e-05,2.1063069607729e-08,1.65727335760812e-05
681.6,1.7916568890381e-05,4.98182142151191e-07,1.62038631113834e-05,2.68870873318535e-08,1.62307501987153e-05,1.63842822157965e-05,2.16395342563738e-08,1.64059217500528e-05
681.8,1.77119069337859e-05,5.08703396676593e-07,1.60187654875546e-05,2.87790040241444e-08,1.60475444915787e-05,1.6197123654567e-05,2.34353690827032e-08,1.62205590236497e-05
682,1.75677787953386e-05,4.97937279470395e-07,1.58884150482385e-05,2.91131448903619e-08,1.59175281931289e-05,1.60653218508843e-05,2.38931038478824e-08,1.60892149547322e-05
682.2,1.75418357304181e-05,4.45421921362973e-07,1.58649519691616e-05,2.56157208104842e-08,1.58905676899721e-05,1.60415975262214e-05,2.0941461455781e-08,1.60625389876772e-05
682.4,1.75562485442628e-05,4.03401174459335e-07,1.58779870130932e-05,2.22031876291384e-08,1.59001902007223e-05,1.60547777065897e-05,1.79588047362937e-08,1.6072736511326e-05
682.6,1.7572102639492e-05,4.00203400356526e-07,1.5892325561418e-05,2.09394660742051e-08,1.59132650274922e-05,1.60692759049948e-05,1.67166175541318e-08,1.60859925225489e-05
682.8,1.75677787953386e-05,4.30956079189906e-07,1.58884150482385e-05,2.35669010539455e-08,1.59119819492924e-05,1.60653218508843e-05,1.9030896882495e-08,1.60843527477668e-05
683,1.75216577910354e-05,4.92682059809123e-07,1.58467029076573e-05,3.07746223816094e-08,1.5877477530039e-05,1.60231452737059e-05,2.56315941043684e-08,1.60487768678102e-05
683.2,1.74322983451981e-05,5.23530471909418e-07,1.57658856352814e-05,3.51972512889031e-08,1.58010828865703e-05,1.59414281554226e-05,2.9759989710361e-08,1.5971188145133e-05
683.4,1.73112307089024e-05,5.0052132055627e-07,1.56563912662559e-05,3.4042475260679e-08,1.56904337415165e-05,1.58307146403291e-05,2.88485474351146e-08,1.58595631877642e-05
683.6,1.72492556093701e-05,4.88171544393628e-07,1.56003405773499e-05,3.32012332459076e-08,1.56335418105958e-05,1.57740398647456e-05,2.81354451984808e-08,1.5802175309944e-05
683.8,1.72679922673682e-05,5.05027153775108e-07,1.5617286134461e-05,3.43668183940757e-08,1.56516529528551e-05,1.57911740992243e-05,2.91263324921352e-08,1.58203004317164e-05
684,1.72636684232148e-05,5.23037486795366e-07,1.56133756212815e-05,3.57263023808474e-08,1.56491019236624e-05,1.57872200451138e-05,3.0300420487242e-08,1.58175204656011e-05
684.2,1.71988107609135e-05,5.26700710037769e-07,1.55547179235893e-05,3.59806462439385e-08,1.55906985698332e-05,1.57279092334566e-05,3.05168087739103e-08,1.57584260422305e-05
684.4,1.70532413410818e-05,4.71431686002682e-07,1.542306397988e-05,3.00373386611783e-08,1.54531013185412e-05,1.55947894117371e-05,2.51227098289723e-08,1.56199121215661e-05
684.6,1.68543445100246e-05,3.7592977958199e-07,1.52431803736238e-05,1.98830257471416e-08,1.5263063399371e-05,1.5412902922655e-05,1.59186848974019e-08,1.54288216075524e-05
684.8,1.6749130968958e-05,3.70042743212455e-07,1.51480245529231e-05,1.96784561776863e-08,1.51677030091008e-05,1.53166876059666e-05,1.57773857693148e-08,1.53324649917359e-05
685,1.67419245620357e-05,4.5728415639684e-07,1.51415070309573e-05,2.95528986060996e-08,1.51710599295634e-05,1.53100975157825e-05,2.47903990756112e-08,1.53348879148581e-05
685.2,1.67332768737288e-05,5.35490304398074e-07,1.51336860045983e-05,3.73873580600572e-08,1.51710733626584e-05,1.53021894075615e-05,3.18413171643735e-08,1.53340307247259e-05
685.4,1.66943622763481e-05,5.77329947362947e-07,1.5098491385983e-05,4.06492000183029e-08,1.51391405860013e-05,1.52666029205672e-05,3.46736212858703e-08,1.5301276541853e-05
685.6,1.66367110209692e-05,5.81257597629025e-07,1.50463512102565e-05,4.09989442354574e-08,1.5087350154492e-05,1.52138821990941e-05,3.49835279284548e-08,1.52488657270225e-05
685.8,1.65603231075921e-05,5.41419296715588e-07,1.4977265477419e-05,3.78826315850945e-08,1.50151481090041e-05,1.51440272431423e-05,3.22760898896057e-08,1.51763033330319e-05
686,1.64853764755995e-05,4.2614965043976e-07,1.49094832489746e-05,2.74836889488555e-08,1.49369669379235e-05,1.50754903052272e-05,2.30448119207216e-08,1.5098535117148e-05
686.2,1.63988995925312e-05,2.95746397827731e-07,1.4831272985385e-05,1.54721210988568e-08,1.48467451064838e-05,1.49964092230176e-05,1.23514557581389e-08,1.50087606787758e-05
686.4,1.62547714540839e-05,3.07351942541439e-07,1.47009225460689e-05,1.68013985178437e-08,1.47177239445867e-05,1.48646074193349e-05,1.3566313860616e-08,1.48781737331955e-05
686.6,1.60933479390229e-05,4.01266850008833e-07,1.45549300540349e-05,2.60075587739622e-08,1.45809376128088e-05,1.47169893992103e-05,2.18292992575819e-08,1.47388186984679e-05
686.8,1.60184013070303e-05,4.16905955378831e-07,1.44871478255905e-05,2.84744454342e-08,1.45156222710247e-05,1.46484524612953e-05,2.41495221323748e-08,1.46726019834277e-05
687,1.60011059304167e-05,3.90859052179448e-07,1.44715057728726e-05,2.70298035461499e-08,1.44985355764187e-05,1.46326362448534e-05,2.29788098573938e-08,1.46556150547108e-05
687.2,1.59823692724185e-05,4.15892767126348e-07,1.44545602157615e-05,2.90512731521106e-08,1.44836114889136e-05,1.46155020103746e-05,2.47440536074332e-08,1.46402460639821e-05
687.4,1.59506610819601e-05,4.60024296460161e-07,1.44258831191119e-05,3.22784170149327e-08,1.44581615361269e-05,1.45865056135644e-05,2.75157546821675e-08,1.46140213682466e-05
687.6,1.58886859824278e-05,4.71915992604577e-07,1.4369832430206e-05,3.30416619345346e-08,1.44028740921406e-05,1.45298308379809e-05,2.81550917910404e-08,1.45579859297719e-05
687.8,1.5800767817975e-05,4.53565343341858e-07,1.42903186622232e-05,3.15159383174532e-08,1.43218346005407e-05,1.44494317377344e-05,2.68167023914807e-08,1.44762484401259e-05
688,1.566384608645e-05,3.98649328946397e-07,1.41664857448729e-05,2.73530867905577e-08,1.41938388316635e-05,1.43242200242359e-05,2.32189531570406e-08,1.43474389773929e-05
688.2,1.5535572043232e-05,3.28142634369494e-07,1.40504738538816e-05,2.18942997874123e-08,1.4072368153669e-05,1.42069164189583e-05,1.84844308028698e-08,1.42254008497611e-05
688.4,1.55024225713891e-05,2.6482947636999e-07,1.40204932528389e-05,1.64222162620207e-08,1.40369154691009e-05,1.41766020041112e-05,1.36563686928143e-08,1.4190258372804e-05
688.6,1.54880097575444e-05,2.14684368024827e-07,1.40074582089073e-05,1.18244851163852e-08,1.40192826940237e-05,1.4163421823743e-05,9.56577692167326e-09,1.41729876006646e-05
688.8,1.53928851861692e-05,1.85841542044991e-07,1.39214269189587e-05,9.31884561294461e-09,1.39307457645716e-05,1.40764326333124e-05,7.35338425475355e-09,1.40837860175671e-05
689,1.53006431775629e-05,1.85925546011791e-07,1.38380026377964e-05,8.96733678829011e-09,1.38469699745847e-05,1.39920794789555e-05,6.99702628843113e-09,1.39990765052439e-05
689.2,1.53150559914076e-05,2.80615750987446e-07,1.3851037681728e-05,1.74994826088711e-08,1.38685371643368e-05,1.40052596593237e-05,1.45698601373007e-08,1.4019829519461e-05
689.4,1.53164972727921e-05,3.52297332569429e-07,1.38523411861211e-05,2.41203390642357e-08,1.38764615251854e-05,1.40065776773606e-05,2.04663092288707e-08,1.40270439865894e-05
689.6,1.51752516971138e-05,2.5159498932292e-07,1.37245977555914e-05,1.54207351652884e-08,1.37400184907567e-05,1.38774119097515e-05,1.27910938798965e-08,1.38902030036314e-05
689.8,1.50123869006684e-05,1.73138645459228e-07,1.35773017591642e-05,8.94316359797223e-09,1.35862449227622e-05,1.37284758715901e-05,7.11495747314628e-09,1.37355908290632e-05
690,1.49100559223708e-05,2.95207932790778e-07,1.34847529472498e-05,2.09442959573748e-08,1.35056972432071e-05,1.36348965909753e-05,1.78905550444576e-08,1.36527871460198e-05
690.2,1.4843756978685e-05,3.89472725887042e-07,1.34247917451644e-05,2.99143034459424e-08,1.34547060486103e-05,1.35742677612813e-05,2.5910862530954e-08,1.36001786238123e-05
690.4,1.48120487882266e-05,2.83462793162314e-07,1.33961146485148e-05,1.93315489916482e-08,1.34154461975065e-05,1.35452713644711e-05,1.63906254480957e-08,1.35616619899192e-05
690.6,1.48077249440732e-05,2.01722443967285e-07,1.33922041353353e-05,1.12944775833371e-08,1.34034986129187e-05,1.35413173103606e-05,9.17419040774075e-09,1.35504915007684e-05
690.8,1.48279028834558e-05,2.88563162689686e-07,1.34104531968396e-05,2.01540066371157e-08,1.34306072034767e-05,1.35597695628762e-05,1.71654514254119e-08,1.35769350143016e-05
691,1.47731341908459e-05,3.34611989607398e-07,1.33609200298995e-05,2.5028122628058e-08,1.33859481525275e-05,1.35096848774768e-05,2.15811147363477e-08,1.35312659922131e-05
691.2,1.45655896714818e-05,2.22811482061734e-07,1.31732153972843e-05,1.42352626309971e-08,1.31874506599153e-05,1.33198902801737e-05,1.19129068783673e-08,1.33318031870521e-05
691.4,1.44107960507894e-05,1.79419897781773e-07,1.30332190254588e-05,9.54089394463484e-09,1.30427599194034e-05,1.31783351430185e-05,7.64940562976865e-09,1.31859845486482e-05
691.6,1.44214615330345e-05,3.16692345353844e-07,1.30428649579682e-05,2.16950687965021e-08,1.30645600267647e-05,1.3188088476491e-05,1.8410472766845e-08,1.32064989492578e-05
691.8,1.44257853771879e-05,3.99996003447733e-07,1.30467754711477e-05,2.95253639783394e-08,1.3076300835126e-05,1.31920425306015e-05,2.54004228747928e-08,1.32174429534763e-05
692,1.43455060040728e-05,3.28187103654915e-07,1.29741702764486e-05,2.39481811402163e-08,1.29981184575888e-05,1.31186289259502e-05,2.05606856059493e-08,1.31391896115561e-05
692.2,1.42278974430998e-05,2.62721683922523e-07,1.28678043179667e-05,1.82600516943333e-08,1.2886064369661e-05,1.30110786541451e-05,1.55381360346675e-08,1.30266167901798e-05
692.4,1.40901109427442e-05,2.60828977802969e-07,1.27431892979805e-05,1.72002954538697e-08,1.27603895934344e-05,1.28850761298245e-05,1.4487654130217e-08,1.28995637839547e-05
692.6,1.40294329964579e-05,2.61994417476575e-07,1.26883117630284e-05,1.72759622946193e-08,1.27055877253231e-05,1.2829587570474e-05,1.45511870843023e-08,1.28441387575583e-05
692.8,1.40667621843158e-05,2.52583585864927e-07,1.27220725268113e-05,1.77093352448794e-08,1.27397818620562e-05,1.28637242376279e-05,1.50941686234841e-08,1.28788184062513e-05
693,1.40314507903962e-05,2.54567321343424e-07,1.26901366691789e-05,1.81751121940392e-08,1.27083117813729e-05,1.28314327957256e-05,1.55430441265803e-08,1.28469758398522e-05
693.2,1.38874667800874e-05,2.69192354475769e-07,1.25599165803021e-05,1.83314540065741e-08,1.25782480343087e-05,1.26997627938466e-05,1.55382868041741e-08,1.27153010806508e-05
693.4,1.37811002139133e-05,2.71846544977357e-07,1.24637179560868e-05,1.78072217869212e-08,1.24815251778737e-05,1.26024930627287e-05,1.49786649878015e-08,1.26174717277165e-05
693.6,1.37430503853632e-05,2.59882108877696e-07,1.24293054401074e-05,1.68871456558157e-08,1.24461925857632e-05,1.25676973865565e-05,1.41815603679118e-08,1.25818789469244e-05
693.8,1.37234489585344e-05,2.58733288114405e-07,1.24115777803604e-05,1.7721377102152e-08,1.24292991574625e-05,1.25497723412557e-05,1.50378717652577e-08,1.25648102130209e-05
694,1.36993795594137e-05,2.67740344311278e-07,1.23898092569946e-05,1.98523233300508e-08,1.24096615803246e-05,1.25277614400407e-05,1.70922571388762e-08,1.25448536971795e-05
694.2,1.36183795456063e-05,2.5797643846119e-07,1.23165523100989e-05,1.92431704991561e-08,1.23357954805981e-05,1.2453688826371e-05,1.65850363182369e-08,1.24702738626892e-05
694.4,1.34976001655875e-05,2.32765457397292e-07,1.2207318641952e-05,1.62459946745675e-08,1.22235646366266e-05,1.23432389148849e-05,1.38351962566902e-08,1.23570741111416e-05
694.6,1.34431197292544e-05,2.19073817228555e-07,1.21580461758906e-05,1.45427626116423e-08,1.21725889385022e-05,1.22934178330928e-05,1.22654470452876e-08,1.23056832801381e-05
694.8,1.34467229327156e-05,2.2458415543229e-07,1.21613049368735e-05,1.50795211596861e-08,1.21763844580332e-05,1.22967128781849e-05,1.27468281329667e-08,1.23094597063178e-05
695,1.34493172392076e-05,2.70288185396848e-07,1.21636512447812e-05,1.98385558562441e-08,1.21834898006374e-05,1.22990853106512e-05,1.70499678786929e-08,1.23161352785299e-05
695.2,1.34108350262422e-05,3.18211158179162e-07,1.21288476774838e-05,2.50383194200946e-08,1.21538859969039e-05,1.22638942290679e-05,2.17740372767842e-08,1.22856682663447e-05
695.4,1.32057406852317e-05,2.48304430780719e-07,1.1943359002337e-05,1.89668818196093e-08,1.19623258841566e-05,1.20763402624274e-05,1.64133626428907e-08,1.20927536250703e-05
695.6,1.29579844152409e-05,1.30225037160053e-07,1.17192865971526e-05,7.99732995163624e-09,1.17272839271042e-05,1.18497729618968e-05,6.63640673737458e-09,1.18564093686342e-05
695.8,1.29853687615459e-05,1.57028660017277e-07,1.17440531806227e-05,9.90117320878201e-09,1.17539543538314e-05,1.18748153045966e-05,8.26300771564849e-09,1.18830783123122e-05
696,1.31343972567003e-05,2.59782914908344e-07,1.18788355348755e-05,1.86517424197474e-08,1.18974872772952e-05,1.20110983696045e-05,1.59669091866221e-08,1.20270652787911e-05
696.2,1.30441730420323e-05,2.74786942050631e-07,1.17972361598636e-05,1.97875089885543e-08,1.18170236688522e-05,1.19285904404991e-05,1.69482620125311e-08,1.19455387025116e-05
696.4,1.28507530802361e-05,2.37711955751761e-07,1.16223058703014e-05,1.64249316943902e-08,1.16387308019958e-05,1.17517124199569e-05,1.39610496914247e-08,1.17656734696483e-05
696.6,1.28353313694222e-05,2.12294124410262e-07,1.16083583732946e-05,1.41290533139527e-08,1.16224874266086e-05,1.17376096269629e-05,1.19226186873837e-08,1.17495322456503e-05
696.8,1.28886587806477e-05,2.08299774941843e-07,1.16565880358416e-05,1.37835733507399e-08,1.16703716091923e-05,1.17863762943255e-05,1.16177664290413e-08,1.17979940607545e-05
697,1.28526267460359e-05,2.56038482429701e-07,1.16240004260125e-05,1.80585038517813e-08,1.16420589298643e-05,1.17534258434048e-05,1.54087570409053e-08,1.17688346004457e-05
697.2,1.27654292222753e-05,3.1014388544716e-07,1.15451384102263e-05,2.30353536529373e-08,1.15681737638792e-05,1.16736857521768e-05,1.98385934841068e-08,1.16935243456609e-05
697.4,1.2674772623192e-05,3.04063180218564e-07,1.14631479838965e-05,2.32186046464285e-08,1.14863665885429e-05,1.15907824176603e-05,2.00915894121178e-08,1.16108740070725e-05
697.6,1.2579071539263e-05,2.69109973406745e-07,1.13765952921906e-05,2.06089868251126e-08,1.13972042790157e-05,1.1503266020015e-05,1.78420956747354e-08,1.15211081156898e-05
697.8,1.24839469678878e-05,2.27662027595123e-07,1.1290564002242e-05,1.56988927908506e-08,1.13062628950328e-05,1.14162768295844e-05,1.33388260162122e-08,1.14296156556007e-05
698,1.238348965539e-05,1.95675012717145e-07,1.11997097460387e-05,1.17224178228516e-08,1.12114321638615e-05,1.13244109724176e-05,9.67422954841696e-09,1.1334085201966e-05
698.2,1.22758259359699e-05,2.13115522548501e-07,1.11023379678695e-05,1.47607854460377e-08,1.11170987533156e-05,1.12259550250666e-05,1.25522390162072e-08,1.12385072640828e-05
698.4,1.2171765420011e-05,2.25419115765362e-07,1.10082249506833e-05,1.74953082260777e-08,1.10257202589094e-05,1.11307941228077e-05,1.51802166405391e-08,1.11459743394483e-05
698.6,1.20744789265591e-05,1.55669993597194e-07,1.0920238404145e-05,1.05549854240526e-08,1.0930793389569e-05,1.10418279053219e-05,8.93922752536398e-09,1.10507671328473e-05
698.8,1.20083241110118e-05,1.08348098919764e-07,1.08604075524989e-05,5.33149760982704e-09,1.08657390501087e-05,1.09813308774315e-05,4.18447712340024e-09,1.09855153545549e-05
699,1.20136568521343e-05,1.88858786903801e-07,1.08652305187536e-05,1.26495952319125e-08,1.08778801139855e-05,1.09862075441678e-05,1.06876245381185e-08,1.09968951687059e-05
699.2,1.20310963568864e-05,2.66430743317956e-07,1.08810029219108e-05,1.99195271804553e-08,1.09009224490913e-05,1.10021555624134e-05,1.71747907841049e-08,1.10193303531975e-05
699.4,1.20083241110118e-05,2.42711449335926e-07,1.08604075524989e-05,1.79457135113141e-08,1.08783532660102e-05,1.09813308774315e-05,1.544309839531e-08,1.09967739758268e-05
699.6,1.19583116469706e-05,2.0257958838275e-07,1.08151759500562e-05,1.44774909072162e-08,1.08296534409634e-05,1.09355956515536e-05,1.2383100715725e-08,1.09479787522694e-05
699.8,1.186275469118e-05,1.87678759825896e-07,1.07287536087896e-05,1.32480993487173e-08,1.07420017081383e-05,1.0848211055712e-05,1.13059314021517e-08,1.08595169871142e-05
700,1.17977529007403e-05,2.02197410696281e-07,1.06699655606581e-05,1.47289523191329e-08,1.06846945129772e-05,1.07887684422511e-05,1.26416172723234e-08,1.08014100595234e-05
700.2,1.18179308401229e-05,2.63011146546529e-07,1.06882146221623e-05,2.05148775453371e-08,1.07087294997076e-05,1.08072206947667e-05,1.78148448817707e-08,1.08250355396485e-05
700.4,1.18232635812455e-05,3.10726862223531e-07,1.0693037588417e-05,2.50955430636918e-08,1.07181331314807e-05,1.08120973615029e-05,2.19152306628221e-08,1.08340125921658e-05
700.6,1.17539379466523e-05,3.08075904179583e-07,1.0630339027106e-05,2.5023293506222e-08,1.06553623206122e-05,1.07487006939316e-05,2.18716932879024e-08,1.07705723872195e-05
700.8,1.16717849077374e-05,2.63995708697195e-07,1.05560392766958e-05,2.11955429559706e-08,1.05772348196518e-05,1.06735736658324e-05,1.84921266068414e-08,1.06920657924393e-05
701,1.15964058913294e-05,1.80934964991062e-07,1.04878659969335e-05,1.38277327568132e-08,1.05016937296903e-05,1.06046413225064e-05,1.19671062522939e-08,1.06166084287587e-05
701.2,1.15296745632284e-05,1.49079193342265e-07,1.04275137435301e-05,1.03361628335513e-08,1.04378499063637e-05,1.05436170874013e-05,8.7913526154037e-09,1.05524084400167e-05
701.4,1.14795179710487e-05,2.06040321016325e-07,1.03821517906481e-05,1.38974867530997e-08,1.03960492774012e-05,1.04977500597197e-05,1.17581056784227e-08,1.05095081653981e-05
701.6,1.14246051503003e-05,2.21593841525996e-07,1.03324882732687e-05,1.44481342726115e-08,1.03469364075413e-05,1.04475335725166e-05,1.21417063098004e-08,1.04596752788264e-05
701.8,1.13558560282609e-05,1.53399562179642e-07,1.02703111137149e-05,8.77840635152203e-09,1.02790895200664e-05,1.038466411216e-05,7.16814716614571e-09,1.03918322593261e-05
702,1.12489129495331e-05,1.04635791662822e-07,1.01735910877424e-05,5.04666735732153e-09,1.01786377550997e-05,1.02868671738274e-05,3.93780951934997e-09,1.02908049833467e-05
702.2,1.11132883712542e-05,9.97854820672789e-08,1.00509313243459e-05,4.81273307231502e-09,1.00557440574182e-05,1.0162841676562e-05,3.75527546485864e-09,1.01665969520268e-05
702.4,1.10720677236583e-05,1.26710086493113e-07,1.00136510987015e-05,7.84932206348326e-09,1.0021500420765e-05,1.01251463607087e-05,6.52588748983669e-09,1.01316722481985e-05
702.6,1.11337545669137e-05,1.98603118146808e-07,1.00694410867288e-05,1.60283140885854e-08,1.00854694008174e-05,1.01815575326849e-05,1.39954665873357e-08,1.01955529992722e-05
702.8,1.11395196924516e-05,2.71463072641673e-07,1.00746551043015e-05,2.30328084486816e-08,1.00976879127501e-05,1.01868296048322e-05,2.02667047444789e-08,1.02070963095767e-05
703,1.10580872942289e-05,3.14173059786669e-07,1.00010071060879e-05,2.59179335876919e-08,1.00269250396756e-05,1.01123615857515e-05,2.27084068622564e-08,1.01350699926137e-05
703.2,1.0951144215501e-05,2.52967143658978e-07,9.90428708011533e-06,1.9952566404674e-08,9.92423964652e-06,1.00145646474189e-05,1.73581059939422e-08,1.00319227534129e-05
703.4,1.08437687523578e-05,1.1309476245975e-07,9.80717600282484e-06,7.64232791514548e-09,9.81481833073998e-06,9.91637230367532e-06,6.46818606588826e-09,9.9228404897412e-06
703.6,1.07564271004587e-05,5.27177549958496e-08,9.72818363659929e-06,2.54261920382027e-09,9.73072625580311e-06,9.8365004106436e-06,1.9839528536312e-09,9.83848436349723e-06
703.8,1.06860925688964e-05,5.81409569816984e-08,9.66457262221303e-06,2.80418454393198e-09,9.66737680675697e-06,9.77218113044644e-06,2.18804684542752e-09,9.77436917729187e-06
704,1.05896708442752e-05,4.75988283871575e-08,9.57736817831057e-06,2.30001961651799e-09,9.57966819792709e-06,9.68400572378271e-06,1.79564788409857e-09,9.68580137166681e-06
704.2,1.04928167352386e-05,4.22540035046546e-08,9.48977268309016e-06,2.65915016957516e-09,9.49243183325973e-06,9.59543491170794e-06,2.21828814001003e-09,9.59765319984795e-06
704.4,1.05101121118523e-05,1.45406462131618e-07,9.50541473580809e-06,1.22163744304502e-08,9.51763111023854e-06,9.61125112814986e-06,1.07333924912326e-08,9.6219845206411e-06
704.6,1.05826085654913e-05,2.93887676791396e-07,9.57098100678408e-06,2.54873825379759e-08,9.59646838932206e-06,9.67754743540226e-06,2.24989259964383e-08,9.7000463613987e-06
704.8,1.05439822243874e-05,2.93315393808584e-07,9.53604708904737e-06,2.47956766065877e-08,9.56084276565396e-06,9.6422245520153e-06,2.18058903709345e-08,9.66403044238623e-06
705,1.04403540928438e-05,2.04704818052291e-07,9.4423251231791e-06,1.61618074786728e-08,9.45848693065777e-06,9.54745905516744e-06,1.40625080167359e-08,9.56152156318417e-06
705.2,1.04305533794294e-05,2.03159414016993e-07,9.4334612933056e-06,1.66599120778968e-08,9.4501212053835e-06,9.53849653251701e-06,1.45833657085505e-08,9.55307989822556e-06
705.4,1.04466957309355e-05,2.35763388009191e-07,9.44806054250901e-06,2.06610384230317e-08,9.46872158093204e-06,9.55325833452948e-06,1.82660186056766e-08,9.57152435313515e-06
705.6,1.03417704461459e-05,1.69782818117982e-07,9.35316542268689e-06,1.44301507444573e-08,9.36759557343135e-06,9.45730662144847e-06,1.27004034043915e-08,9.47000702485286e-06
705.8,1.01902917726378e-05,7.25222914815958e-08,9.21616711096568e-06,4.6099233446539e-09,9.22077703431033e-06,9.31878292577795e-06,3.85376485617427e-09,9.32263669063413e-06
706,1.01304785951822e-05,6.10075177491632e-08,9.1620716786495e-06,2.99560519599628e-09,9.1650672838455e-06,9.26408517724963e-06,2.34968161368854e-09,9.26643485886332e-06
706.2,1.01196689847986e-05,9.98440376740699e-08,9.15229539570079e-06,5.49108576492953e-09,9.15778648146572e-06,9.25420004197343e-06,4.4405291806658e-09,9.2586405711541e-06
706.4,1.00986262765853e-05,2.02020841786241e-07,9.13326423156064e-06,1.46898646443417e-08,9.14795409620498e-06,9.23495697863576e-06,1.26040603585098e-08,9.24756103899427e-06
706.6,1.00728273398033e-05,3.01653917211797e-07,9.10993150292306e-06,2.40243165716909e-08,9.13395581949475e-06,9.21136445577655e-06,2.09330979183536e-08,9.23229755369491e-06
706.8,1.00507757346209e-05,3.04664389462314e-07,9.0899878857077e-06,2.39942173079811e-08,9.11398210301568e-06,9.1911987798131e-06,2.08691439382882e-08,9.21206792375139e-06
707,1.00088344463327e-05,2.48750371601113e-07,9.05205590786672e-06,1.88217390175325e-08,9.07087764688425e-06,9.15284445494143e-06,1.62616385227006e-08,9.16910609346413e-06
707.2,9.87854260917635e-06,1.22104045983668e-07,8.93421911072497e-06,8.59352979140691e-09,8.94281264051638e-06,9.03369562441227e-06,7.32966662914158e-09,9.04102529104141e-06
707.4,9.75747497288064e-06,3.94684480667613e-08,8.82472474169945e-06,2.61214044779918e-09,8.82733688214725e-06,8.9229821093188e-06,2.20177028070535e-09,8.92518387959951e-06
707.6,9.77923832178618e-06,2.0188911364061e-07,8.84440765803618e-06,1.81477073504941e-08,8.86255536538668e-06,8.94288418167489e-06,1.61018705189571e-08,8.95898605219385e-06
707.8,9.79437177632314e-06,3.55446989350749e-07,8.85809445416437e-06,3.22841632379712e-08,8.89037861740234e-06,8.95672337106158e-06,2.86859627800885e-08,8.98540933384166e-06
708,9.65067602229121e-06,2.30762400601022e-07,8.72813506616623e-06,2.01855728237476e-08,8.74832063898998e-06,8.82531697278992e-06,1.78409416443456e-08,8.84315791443427e-06
708.2,9.51851051933506e-06,1.11190207454655e-07,8.60860371331337e-06,8.47807454862816e-09,8.617081787862e-06,8.70445471881289e-06,7.33444411285644e-09,8.71178916292574e-06
708.4,9.53335571759512e-06,2.2714921588148e-07,8.62202980856293e-06,1.88900414929782e-08,8.64091985005591e-06,8.7180303045922e-06,1.65712158234024e-08,8.73460152041561e-06
708.6,9.5585781418234e-06,3.15526129183663e-07,8.64484113544325e-06,2.70570533503494e-08,8.6718981887936e-06,8.74109562023668e-06,2.38451444398047e-08,8.76494076467648e-06
708.8,9.51476318773543e-06,1.87195774173298e-07,8.60521460189115e-06,1.56963398992555e-08,8.62091094179041e-06,8.70102787191714e-06,1.37868091826374e-08,8.71481468109977e-06
709,9.43765463366613e-06,7.72245851055018e-08,8.53547711685704e-06,5.70214757048771e-09,8.54117926442753e-06,8.63051390694689e-06,4.90579339020348e-09,8.6354197003371e-06
709.2,9.33532365536857e-06,1.19587401922884e-07,8.44292830494262e-06,8.61101258822435e-09,8.45153931753084e-06,8.53693462633218e-06,7.37536522209199e-09,8.54430999155427e-06
709.4,9.25331474459207e-06,1.90526684648699e-07,8.36875890497176e-06,1.41902464799926e-08,8.38294915145175e-06,8.46193940003672e-06,1.22268589821415e-08,8.47416625901886e-06
709.6,9.22722755153311e-06,2.31146475710169e-07,8.34516547545555e-06,1.75920731125892e-08,8.36275754856814e-06,8.43808327357015e-06,1.52142886425978e-08,8.45329756221275e-06
709.8,9.22218306668746e-06,2.43501510138182e-07,8.34060321007949e-06,1.89400549263349e-08,8.35954326500582e-06,8.43347021044126e-06,1.64397143373957e-08,8.44990992477865e-06
710,9.22463324504106e-06,2.1601940220659e-07,8.34281916754786e-06,1.72285023026456e-08,8.36004766985051e-06,8.43571084110386e-06,1.50150994937233e-08,8.45072594059759e-06
710.2,9.19652825804384e-06,1.90955056782583e-07,8.31740083188122e-06,1.49354182367292e-08,8.33233625011795e-06,8.41000948938574e-06,1.29755580893525e-08,8.42298504747509e-06
710.4,9.11235742519063e-06,1.86919875826987e-07,8.24127617532062e-06,1.3159903302928e-08,8.25443607862355e-06,8.33303723603504e-06,1.12252030150937e-08,8.34426243905013e-06
710.6,9.02991612999879e-06,1.47630257508713e-07,8.16671572403182e-06,9.38560909091177e-09,8.17610133312273e-06,8.25764660432853e-06,7.84634802174667e-09,8.26549295235028e-06
710.8,8.97039120882006e-06,6.09980719139729e-08,8.11288099259427e-06,3.45810448769232e-09,8.11633909708196e-06,8.20321245940758e-06,2.81743569657478e-09,8.20602989510415e-06
711,8.91922571967128e-06,3.28775367126368e-08,8.06660658663706e-06,2.31627233670921e-09,8.06892285897377e-06,8.15642281910022e-06,1.9759932371801e-09,8.1583988123374e-06
711.2,8.87267233095281e-06,9.37068845333495e-08,8.02450339473796e-06,7.85928843436421e-09,8.03236268317233e-06,8.11385083651071e-06,6.90343325972323e-09,8.12075426977043e-06
711.4,8.82237161063471e-06,1.39023503307841e-07,7.97901109141665e-06,1.13271654321194e-08,7.99033825684876e-06,8.06785200702545e-06,9.90535269783532e-09,8.07775735972328e-06
711.6,8.76544099594803e-06,1.34121008684123e-07,7.92752266788679e-06,9.97937047195135e-09,7.93750203835874e-06,8.01579029457078e-06,8.59713692476279e-09,8.02438743149554e-06
711.8,8.69640361763179e-06,8.95393398479976e-08,7.86508480745438e-06,6.10001929867235e-09,7.87118482675305e-06,7.95265723060676e-06,5.17097865059598e-09,7.95782820925736e-06
712,8.63053705836138e-06,2.64553114068466e-08,7.80551465668693e-06,1.59770490820314e-09,7.80711236159513e-06,7.89242380632377e-06,1.32093219841729e-09,7.89374473852219e-06
712.2,8.62981641766915e-06,4.13185540349504e-08,7.80486290449035e-06,2.96709144867237e-09,7.80782999593902e-06,7.89176479730536e-06,2.54007373782261e-09,7.89430487104318e-06
712.4,8.68386446958688e-06,1.26474395770096e-07,7.85374431923388e-06,9.38148405795108e-09,7.86312580329183e-06,7.94119047368637e-06,8.07773333387979e-09,7.94926820702025e-06
712.6,8.67276660292644e-06,1.43490482965216e-07,7.84370733540654e-06,1.01353150311598e-08,7.8538426504377e-06,7.9310417348028e-06,8.65049503471037e-09,7.93969222983751e-06
712.8,8.58513669475049e-06,8.92732110192088e-08,7.76445426830236e-06,5.21770836226143e-09,7.76967197666462e-06,7.85090623816372e-06,4.28180694134044e-09,7.85518804510506e-06
713,8.47286087490006e-06,6.60591153746233e-08,7.66291127607512e-06,3.36083736367583e-09,7.6662721134388e-06,7.7482326330949e-06,2.66273425769322e-09,7.75089536735259e-06
713.2,8.3598644143574e-06,7.13068255066438e-08,7.56071653165131e-06,4.12012102070059e-09,7.56483665267201e-06,7.64490001900766e-06,3.37204230832856e-09,7.64827206131599e-06
713.4,8.25421848887554e-06,4.78418654984868e-08,7.46516965963261e-06,2.93449501751361e-09,7.46810415465012e-06,7.54828929690824e-06,2.43448168686351e-09,7.5507237785951e-06
713.6,8.17826295991383e-06,9.39630028038928e-09,7.39647497811303e-06,5.97760150333033e-10,7.39707273826336e-06,7.47882974636746e-06,4.99794330732174e-10,7.47932954069819e-06
713.8,8.18460459800551e-06,1.06500220143324e-08,7.40221039744294e-06,5.66966351722297e-10,7.40277736379466e-06,7.4846290257295e-06,4.5469831663153e-10,7.48508372404613e-06
714,8.23144624300087e-06,3.77654149469659e-08,7.44457429022067e-06,2.0547415900743e-09,7.44662903181074e-06,7.52746461192637e-06,1.6571272890432e-09,7.52912173921542e-06
714.2,8.19988218068092e-06,4.5480015518754e-08,7.41602754401044e-06,2.35067923329466e-09,7.41837822324374e-06,7.49860001691986e-06,1.8704631161217e-09,7.50047048003599e-06
714.4,8.119026295012e-06,4.15608643668029e-08,7.34290094755411e-06,2.01341772459179e-09,7.34491436527871e-06,7.42465920505387e-06,1.5730835366291e-09,7.4262322885905e-06
714.6,8.06714016517098e-06,5.25869180291667e-08,7.29597478940032e-06,3.22348362289745e-09,7.29919827302322e-06,7.3772105557281e-06,2.67385502105661e-09,7.37988441074915e-06
714.8,8.02923446475935e-06,7.29469135707546e-08,7.26169262386019e-06,5.32124515343064e-09,7.26701386901362e-06,7.34254668135955e-06,4.56827887327154e-09,7.34711496023282e-06
715,7.97129495310354e-06,9.66957538955311e-08,7.20929174725512e-06,7.29306038946828e-09,7.21658480764459e-06,7.2895623562791e-06,6.29762159912548e-09,7.29585997787823e-06
715.2,7.91465259469376e-06,1.08353873814965e-07,7.15806402460389e-06,8.17466092814864e-09,7.16623868553204e-06,7.2377642474318e-06,7.05923285117707e-09,7.24482348028298e-06
715.4,7.89043906743462e-06,6.14397155326867e-08,7.13616515079879e-06,4.78488257774908e-09,7.14095003337654e-06,7.2156215444131e-06,4.15406916293947e-09,7.21977561357604e-06
715.6,7.8861152232812e-06,2.23477092906656e-08,7.13225463761931e-06,2.06560652780117e-09,7.13432024414711e-06,7.21166749030262e-06,1.83977897106761e-09,7.21350726927369e-06
715.8,7.89144796440375e-06,1.05650138616905e-07,7.137077603874e-06,8.45660483052597e-09,7.14553420870453e-06,7.21654415703888e-06,7.37442027984581e-09,7.22391857731873e-06
716,7.89476291158804e-06,2.19442552901772e-07,7.14007566397827e-06,1.72384175835566e-08,7.15731408156183e-06,7.21957559852359e-06,1.49870106966956e-08,7.23456260922028e-06
716.2,7.87602625358989e-06,2.45483646754242e-07,7.12313010686718e-06,1.97663198269655e-08,7.14289642669415e-06,7.20244136404484e-06,1.72531093848141e-08,7.21969447342965e-06
716.4,7.84950667611559e-06,2.41941985813032e-07,7.09914562603302e-06,2.00898254710088e-08,7.11923545150403e-06,7.17818983216722e-06,1.76196510560643e-08,7.19580948322328e-06
716.6,7.8330760683326e-06,2.70200158183252e-07,7.08428567595099e-06,2.25233414446013e-08,7.10680901739559e-06,7.16316442654739e-06,1.97656268704475e-08,7.18293005341784e-06
716.8,7.79805293068991e-06,2.75413155423689e-07,7.05261051919718e-06,2.29058716996216e-08,7.0755163908968e-06,7.13113658825249e-06,2.00943731283176e-08,7.15123096138081e-06
717,7.70235184676092e-06,1.86518307610357e-07,6.96605782749129e-06,1.56715212392496e-08,6.98172934873054e-06,7.04362019060718e-06,1.37692573175516e-08,7.05738944792473e-06
717.2,7.59036428318739e-06,9.28627254738645e-08,6.86477553614269e-06,7.87189258299121e-09,6.87264742872568e-06,6.94121018914572e-06,6.92557688974668e-09,6.94813576603547e-06
717.4,7.48313294818261e-06,7.27785202722868e-08,6.76779480929151e-06,5.59484053150648e-09,6.77338964982302e-06,6.84314964720579e-06,4.84679549763504e-09,6.84799644270343e-06
717.6,7.41568097938929e-06,6.55107306242838e-08,6.70679080369158e-06,4.50546828286307e-09,6.71129627197445e-06,6.78146640308229e-06,3.82621576632037e-09,6.78529261884861e-06
717.8,7.43931799409464e-06,3.04610499041183e-08,6.72816827573942e-06,1.91134821406268e-09,6.73007962395349e-06,6.80308189888625e-06,1.59346651049779e-09,6.80467536539675e-06
718,7.47203508152217e-06,2.55317706941207e-08,6.75775782546417e-06,1.60272211489381e-09,6.75936054757907e-06,6.83300090832223e-06,1.33628827226977e-09,6.8343371965945e-06
718.2,7.46136959927707e-06,1.13846186120106e-07,6.74811189295479e-06,9.30042426552044e-09,6.75741231722031e-06,6.82324757484971e-06,8.13637760613274e-09,6.83138395245584e-06
718.4,7.38368453265399e-06,1.73634598799125e-07,6.67785300616341e-06,1.4071370094503e-08,6.69192437625791e-06,6.75220640266473e-06,1.22947409893167e-08,6.76450114365405e-06
718.6,7.20165069379508e-06,1.22274576655107e-07,6.51322040130719e-06,8.47073512851121e-09,6.5216911364357e-06,6.58574072461348e-06,7.20360598616702e-09,6.59294433059965e-06
718.8,7.0895190020831e-06,7.43747658964474e-08,6.41180775951927e-06,3.661923471221e-09,6.41546968299049e-06,6.48319892134834e-06,2.87458358732035e-09,6.48607350493566e-06
719,7.16187132758363e-06,8.93823938948935e-08,6.47724368005595e-06,5.58792466469427e-09,6.48283160472064e-06,6.54936342679706e-06,4.65492967520584e-09,6.55401835647226e-06
719.2,7.19184998038067e-06,1.07246244294171e-07,6.50435657143369e-06,7.4340974698226e-09,6.51179066890352e-06,6.57677820196306e-06,6.32275642628223e-09,6.58310095838934e-06
719.4,7.07294426616166e-06,1.03931669591021e-07,6.39681745899791e-06,6.37119551737172e-09,6.40318865451529e-06,6.46804171392483e-06,5.28492533368248e-09,6.47332663925851e-06
719.6,6.97695492595578e-06,7.50036464631584e-08,6.3100040664134e-06,3.94191488744625e-09,6.31394598130085e-06,6.38026171267215e-06,3.15069035778938e-09,6.38341240302994e-06
719.8,6.97162218483323e-06,2.3740517207022e-08,6.3051811001587e-06,1.14502400498564e-09,6.30632612416369e-06,6.37538504593589e-06,8.93438403499163e-10,6.37627848433939e-06
720,6.9861791268164e-06,3.77119332670865e-08,6.31834649452963e-06,3.28941940914678e-09,6.32163591393877e-06,6.38869702810784e-06,2.90614789671766e-09,6.39160317600456e-06
720.2,6.99295314932343e-06,1.60409210728698e-07,6.32447296517749e-06,1.41478403214365e-08,6.33862080549892e-06,6.39489171288093e-06,1.25193184512066e-08,6.40741103133214e-06
720.4,6.97681079781733e-06,2.21136048900646e-07,6.30987371597408e-06,1.95521593030096e-08,6.32942587527709e-06,6.38012991086847e-06,1.73076584345871e-08,6.39743756930306e-06
720.6,6.92405989914563e-06,1.71617958675109e-07,6.26216545518439e-06,1.54479868352734e-08,6.27761344201967e-06,6.3318904507206e-06,1.37091393603304e-08,6.34559959008093e-06
720.8,6.84176273209223e-06,1.31735080662415e-07,6.1877353543349e-06,1.1370765203019e-08,6.19910611953792e-06,6.25663162081778e-06,1.00305896011149e-08,6.26666221041889e-06
721,6.74606164816324e-06,1.29775760578859e-07,6.10118266262902e-06,9.7980698522579e-09,6.11098073248128e-06,6.16911522317247e-06,8.46219905640865e-09,6.17757742222887e-06
721.2,6.72617196505751e-06,1.13040417144314e-07,6.0831943020034e-06,7.55912778942022e-09,6.09075342979282e-06,6.15092657426425e-06,6.38466466128064e-09,6.15731123892553e-06
721.4,6.7773374542063e-06,7.74504230822165e-08,6.12946870796061e-06,4.6097108177355e-09,6.13407841877835e-06,6.19771621457161e-06,3.79867853603644e-09,6.20151489310765e-06
721.6,6.75456520833163e-06,5.50974268463835e-08,6.10887333854867e-06,3.15526881700868e-09,6.11202860736568e-06,6.17689152958975e-06,2.57692786408147e-09,6.17946845745383e-06
721.8,6.65598156163369e-06,5.19571817382652e-08,6.01971363805646e-06,3.38865620909328e-09,6.02310229426556e-06,6.08673909587078e-06,2.84787838232441e-09,6.0895869742531e-06
722,6.60625735386938e-06,1.02302574079144e-07,5.97474273649241e-06,8.55559878275086e-09,5.98329833527516e-06,6.04126747360025e-06,7.51178934001848e-09,6.04877926294026e-06
722.2,6.60683386642317e-06,1.95240410982405e-07,5.97526413824967e-06,1.77258584231343e-08,5.99298999667281e-06,6.04179468081498e-06,1.57493534148611e-08,6.05754403422984e-06
722.4,6.56287478419675e-06,2.27140540134457e-07,5.93550725425827e-06,2.08042586861415e-08,5.95631151294441e-06,6.00159513069175e-06,1.850684313462e-08,6.02010197382637e-06
722.6,6.48562210198901e-06,2.01666003653252e-07,5.86563941878484e-06,1.81658427832429e-08,5.88380526156808e-06,5.93094936391783e-06,1.61226920570093e-08,5.94707205597483e-06
722.8,6.46025554962229e-06,1.83042721884879e-07,5.84269774146521e-06,1.60387194004062e-08,5.85873646086561e-06,5.90775224646967e-06,1.4179242289638e-08,5.92193148875931e-06
723,6.47567726043615e-06,1.69798510491359e-07,5.85664523847203e-06,1.43666965563459e-08,5.87101193502838e-06,5.92185503946372e-06,1.26360679726135e-08,5.93449110743633e-06
723.2,6.48432494874298e-06,1.25845988028581e-07,5.86446626483099e-06,9.74273401083863e-09,5.87420899884183e-06,5.92976314768468e-06,8.45000245878034e-09,5.93821315014346e-06
723.4,6.47510074788236e-06,7.68500649913643e-08,5.85612383671476e-06,4.83091361267232e-09,5.86095475032744e-06,5.92132783224899e-06,4.02902885821513e-09,5.9253568611072e-06
723.6,6.43517725353246e-06,9.28746221464364e-08,5.82001676502421e-06,6.86758723204196e-09,5.82688435225625e-06,5.88481873262888e-06,5.90995681355406e-09,5.89072868944244e-06
723.8,6.36859005356982e-06,1.36184132803893e-07,5.75979486206017e-06,1.18199563497509e-08,5.77161481840992e-06,5.82392629932747e-06,1.04352449890904e-08,5.83436154431656e-06
724,6.26726797224139e-06,1.1404585018151e-07,5.66815850322096e-06,9.98320008852561e-09,5.67814170330949e-06,5.73126963133854e-06,8.82453255328629e-09,5.74009416389182e-06
724.2,6.17488183549668e-06,7.62086913849476e-08,5.58460387161935e-06,6.25697304180813e-09,5.59086084466115e-06,5.64678467517793e-06,5.47810776203697e-09,5.65226278293996e-06
724.4,6.18900639306451e-06,1.29896143335331e-07,5.59737821467232e-06,1.10773073300282e-08,5.60845552200235e-06,5.65970125193883e-06,9.75433960115285e-09,5.66945559153998e-06
724.6,6.23772170385969e-06,2.05200623219475e-07,5.64143666316116e-06,1.79848136037644e-08,5.65942147676492e-06,5.70425026158358e-06,1.59002916307852e-08,5.72015055321437e-06
724.8,6.2163907393695e-06,1.90492947087835e-07,5.62214479814238e-06,1.67409572602481e-08,5.63888575540263e-06,5.68474359463854e-06,1.48063458543636e-08,5.69954994049291e-06
725,6.1472092329148e-06,1.32341974175518e-07,5.55957658727065e-06,1.14528283223665e-08,5.57102941559302e-06,5.62147872887085e-06,1.01068090874374e-08,5.63158553795828e-06
725.2,6.02743874986512e-06,7.20223592595977e-08,5.45125537219898e-06,5.57014270374242e-09,5.45682551490272e-06,5.51195143001052e-06,4.83024201988357e-09,5.51678167203041e-06
725.4,5.92784620619805e-06,3.41656879074499e-08,5.36118321863156e-06,1.71956331881349e-09,5.36290278195038e-06,5.42087638366578e-06,1.35829757004012e-09,5.42223468123582e-06
725.6,5.96849034124018e-06,6.9382596110068e-08,5.3979420425187e-06,4.98068669216746e-09,5.40292272921087e-06,5.4580444923043e-06,4.2636147976571e-09,5.46230810710196e-06
725.8,6.04372522950966e-06,1.30425353130221e-07,5.4659849718417e-06,1.08538421582261e-08,5.47683881399993e-06,5.52684503382667e-06,9.52249390043171e-09,5.5363675277271e-06
726,6.05309355850873e-06,1.75925093327354e-07,5.47445775039725e-06,1.57084736015873e-08,5.49016622399883e-06,5.53541215106604e-06,1.392456942736e-08,5.5493367204934e-06
726.2,6.03421277237214e-06,2.08239881110771e-07,5.45738184284684e-06,1.89724600714144e-08,5.47635430291825e-06,5.51814611478361e-06,1.68650947867438e-08,5.53501120957035e-06
726.4,5.99832486589877e-06,2.25781864690552e-07,5.42492458345713e-06,1.91424527267696e-08,5.4440670361839e-06,5.48532746566662e-06,1.68416620210799e-08,5.5021691276877e-06
726.6,5.94773588930377e-06,2.02759240036742e-07,5.37917157925718e-06,1.59422742655923e-08,5.39511385352278e-06,5.43906503257399e-06,1.38621931502495e-08,5.45292722572424e-06
726.8,5.87985153609511e-06,8.88823961306623e-08,5.3177765223393e-06,6.88684563540631e-09,5.32466336797471e-06,5.37698638303944e-06,5.97388039467836e-09,5.38296026343412e-06
727,5.81528213007072e-06,1.70098132278249e-09,5.25937952552569e-06,1.00098436463597e-10,5.25947962396216e-06,5.31793917498959e-06,8.2273683524473e-11,5.31802144867311e-06
727.2,5.77305258550567e-06,4.59732047075551e-08,5.22118684680608e-06,3.069654373949e-09,5.22425650118003e-06,5.27932124651056e-06,2.59195223131053e-09,5.28191319874187e-06
727.4,5.72938175955615e-06,1.01882439456757e-07,5.1816906636933e-06,7.38988942488024e-09,5.18908055311818e-06,5.2393852999947e-06,6.33777850952219e-09,5.24572307850422e-06
727.6,5.66697427560848e-06,9.26282889668552e-08,5.12524892346944e-06,7.6902123189125e-09,5.13293913578835e-06,5.18231511900009e-06,6.74448403090809e-09,5.189059603031e-06
727.8,5.6261860124279e-06,1.04600124465856e-07,5.08835974914298e-06,9.86261631581052e-09,5.09822236545879e-06,5.14501520855789e-06,8.80777795675619e-09,5.15382298651464e-06
728,5.63079811285821e-06,1.85646580477968e-07,5.0925309632011e-06,1.71959740292264e-08,5.10972693723032e-06,5.14923286627573e-06,1.53203899574279e-08,5.16455325623316e-06
728.2,5.61479988949056e-06,2.22299218065571e-07,5.07806206443701e-06,1.99788652512622e-08,5.09804092968827e-06,5.13460286606695e-06,1.77261643608405e-08,5.15232903042779e-06
728.4,5.53567354148301e-06,1.4997064478237e-07,5.00649967325247e-06,1.25008144145414e-08,5.01900048766702e-06,5.06224367584515e-06,1.0970180422617e-08,5.07321385626777e-06
728.6,5.46634790688987e-06,6.89698042835346e-08,4.94380111194144e-06,4.69803330981682e-09,4.94849914525125e-06,4.99884700827377e-06,3.98241041925001e-09,5.00282941869302e-06
728.8,5.4380987917542e-06,2.84967815705699e-08,4.91825242583548e-06,1.61563519069795e-09,4.91986806102618e-06,4.97301385475196e-06,1.31633172694276e-09,4.9743301864789e-06
729,5.43146889738563e-06,2.65624844173687e-08,4.91225630562694e-06,1.61516136935657e-09,4.9138714669963e-06,4.96695097178256e-06,1.33738972620668e-09,4.96828836150876e-06
729.2,5.4383870480311e-06,7.12062968176288e-08,4.91851312671411e-06,5.2599366519199e-09,4.92377306336603e-06,4.97327745835933e-06,4.52566833833255e-09,4.97780312669766e-06
729.4,5.42051515886363e-06,9.56973939754193e-08,4.90234967223892e-06,7.35852394146305e-09,4.90970819618038e-06,4.95693403470267e-06,6.37493010912635e-09,4.9633089648118e-06
729.6,5.36228739093093e-06,7.36408130505003e-08,4.84968809475522e-06,5.81131691161776e-09,4.85549941166683e-06,4.90368610601486e-06,5.0560811470323e-09,4.90874218716189e-06
729.8,5.31256318316662e-06,4.17826705979971e-08,4.80471719319116e-06,3.41155764508961e-09,4.80812875083625e-06,4.85821448374433e-06,2.98432114063957e-09,4.86119880488497e-06
730,5.27869307063151e-06,1.3002154803415e-08,4.77408483995188e-06,1.08935551573442e-09,4.77517419546762e-06,4.8272410598789e-06,9.56714517488419e-10,4.82819777439638e-06
730.2,5.21268238322266e-06,0,4.71438433874511e-06,0,4.71438433874511e-06,4.76687583379222e-06,0,4.76687583379222e-06
730.4,5.11337809583249e-06,0,4.62457288605632e-06,0,4.62457288605632e-06,4.67606439105484e-06,0,4.67606439105484e-06
730.6,5.05298840582308e-06,1.76122289621078e-08,4.56995605198288e-06,1.43935707706815e-09,4.57139540905995e-06,4.62083943531179e-06,1.25928303909164e-09,4.62209871835088e-06
730.8,5.04477310193158e-06,5.47108646201804e-08,4.56252607694186e-06,4.47123912882428e-09,4.56699731607069e-06,4.61332673250187e-06,3.91185472925919e-09,4.61723858723113e-06
731,5.05587096859202e-06,4.32230556325757e-08,4.5725630607692e-06,3.39289893166269e-09,4.57595595970087e-06,4.62347547138544e-06,2.94941695756722e-09,4.62642488834301e-06
731.2,5.07936385515893e-06,4.86222764644823e-09,4.59381018237773e-06,3.60268139096738e-10,4.59417045051682e-06,4.64495916538572e-06,3.10141851504895e-10,4.64526930723723e-06
731.4,5.13225888196908e-06,7.40471593192986e-08,4.64164879360673e-06,7.12970539834501e-09,4.64877849900508e-06,4.69333042733727e-06,6.38462460970661e-09,4.69971505194698e-06
731.6,5.18803647154818e-06,2.14713170904307e-07,4.69209441362206e-06,2.04901140118773e-08,4.71258452763394e-06,4.74433772536248e-06,1.83275710590011e-08,4.76266529642148e-06
731.8,5.16324643173525e-06,2.13769330184552e-07,4.66967413805969e-06,2.00650685593408e-08,4.68973920661903e-06,4.72166781512905e-06,1.79083020424195e-08,4.73957611717147e-06
732,5.06826598849849e-06,9.73597885541387e-08,4.58377319855039e-06,8.56752732174e-09,4.59234072587213e-06,4.63481042650215e-06,7.57888528371251e-09,4.64238931178586e-06
732.2,4.95238696518688e-06,2.7113331901854e-08,4.47897144534025e-06,2.25342515986573e-09,4.48122487050011e-06,4.52884177634126e-06,1.97662683841917e-09,4.53081840317968e-06
732.4,4.84342609252074e-06,3.30693325549131e-09,4.38042651321728e-06,3.06941038033296e-10,4.38073345425532e-06,4.42919961275714e-06,2.73538144822012e-10,4.42947315090196e-06
732.6,4.77914494277325e-06,2.00458543894186e-09,4.32229021728231e-06,9.6682748215536e-11,4.32238690003052e-06,4.37041600831466e-06,7.54395364948556e-11,4.37049144785115e-06
732.8,4.76646166658989e-06,1.27999759880911e-08,4.31081937862249e-06,6.17353010543051e-10,4.31143673163303e-06,4.35881744959058e-06,4.81707707203835e-10,4.35929915729778e-06
733,4.8268513565993e-06,6.48886164918841e-08,4.36543621269593e-06,5.36637163741804e-09,4.37080258433335e-06,4.41404240533363e-06,4.70363152196056e-09,4.41874603685559e-06
733.2,4.91015742062183e-06,1.34017512360017e-07,4.44077876662063e-06,1.18341284715025e-08,4.45261289509214e-06,4.49022384786223e-06,1.04736987675616e-08,4.50069754662979e-06
733.4,4.93725351064991e-06,1.68452987361662e-07,4.46528464921206e-06,1.4061312534221e-08,4.47934596174628e-06,4.51500258695458e-06,1.23422651990442e-08,4.52734485215362e-06
733.6,4.91058980503717e-06,1.63815629458225e-07,4.44116981793858e-06,1.2581323097102e-08,4.45375114103568e-06,4.49061925327328e-06,1.08974309336937e-08,4.50151668420697e-06
733.8,4.82123035919986e-06,9.65906499476683e-08,4.36035254556261e-06,7.1210795040049e-09,4.36747362506661e-06,4.40890213499e-06,6.1248960839954e-09,4.415027031074e-06
734,4.71356663977974e-06,1.77566166241931e-08,4.26298076739348e-06,1.1143452763135e-09,4.2640951126698e-06,4.31044618763903e-06,9.29044791401753e-10,4.31137523243043e-06
734.2,4.6576449220622e-06,1.36660386626373e-08,4.21240479693884e-06,6.5912390135937e-10,4.2130639208402e-06,4.25930708781014e-06,5.14300664068646e-10,4.25982138847421e-06
734.4,4.62910755064964e-06,3.24262472184128e-08,4.18659540995425e-06,1.56394366360727e-09,4.18815935361786e-06,4.23321033068096e-06,1.22031269553466e-09,4.2344306433765e-06
734.6,4.60907373940547e-06,4.5421776537241e-08,4.16847669888932e-06,2.7529871214011e-09,4.17122968601072e-06,4.21488987996907e-06,2.27789888349902e-09,4.21716777885257e-06
734.8,4.58543672470011e-06,4.88090776920607e-08,4.14709922684148e-06,3.42835121482343e-09,4.1505275780563e-06,4.19327438416511e-06,2.92306738390266e-09,4.19619745154901e-06
735,4.52519116282915e-06,2.33304023678586e-08,4.09261274320735e-06,1.73390065827652e-09,4.09434664386563e-06,4.13818123022574e-06,1.49343815435918e-09,4.1396746683801e-06
735.2,4.48051143991049e-06,2.49195663194146e-10,4.05220410701936e-06,2.04938976000712e-11,4.05222460091696e-06,4.0973226710841e-06,1.79474574430216e-11,4.09734061854154e-06
735.4,4.5329740823053e-06,2.20598272611643e-08,4.09965166693042e-06,1.3158947492306e-09,4.10096756167965e-06,4.1452985276246e-06,1.08492502922735e-09,4.14638345265383e-06
735.6,4.58399544331564e-06,4.83087528316301e-08,4.14579572244832e-06,2.85381237598247e-09,4.1486495348243e-06,4.19195636612828e-06,2.3477022223862e-09,4.19430406835067e-06
735.8,4.52994739139791e-06,6.66946661903617e-08,4.09691430770478e-06,4.72176878307714e-09,4.10163607648786e-06,4.14253068974727e-06,4.03174230166064e-09,4.14656243204893e-06
736,4.47690823644931e-06,7.89130589460518e-08,4.04894534603646e-06,6.24471403343223e-09,4.05519006006989e-06,4.09402762599203e-06,5.43560094612769e-09,4.09946322693816e-06
736.2,4.51351678361492e-06,8.33590444237557e-08,4.08205435762275e-06,6.87719715374949e-09,4.0889315547765e-06,4.12750528412744e-06,6.02562328562577e-09,4.13353090741306e-06
736.4,4.52677657235207e-06,7.7603282268827e-08,4.09404659803983e-06,6.33578394089446e-09,4.10038238198072e-06,4.13963105006625e-06,5.54226833701051e-09,4.14517331840326e-06
736.6,4.42776054123879e-06,5.89966982950387e-08,4.00449584622967e-06,4.21046397446731e-09,4.00870631020414e-06,4.04908321093623e-06,3.60045614717731e-09,4.05268366708341e-06
736.8,4.32240287203383e-06,3.49212726020044e-08,3.90920967508961e-06,1.85591891509519e-09,3.91106559400471e-06,3.95273609244418e-06,1.48775846728809e-09,3.95422385091147e-06
737,4.27253453613107e-06,1.28403205226197e-08,3.86410842308624e-06,6.19298859494122e-10,3.86472772194574e-06,3.90713266836997e-06,4.83226012647848e-10,3.90761589438261e-06
737.2,4.26143666947063e-06,1.97783420902951e-08,3.8540714392589e-06,1.74477499741274e-09,3.85581621425632e-06,3.8969839294864e-06,1.54398337124895e-09,3.89852791285765e-06
737.4,4.29386550062127e-06,1.11715121778453e-07,3.88340028810502e-06,1.06688602517025e-08,3.89406914835673e-06,3.92663933531501e-06,9.54377817197715e-09,3.93618311348698e-06
737.6,4.28334414651462e-06,1.55507218475608e-07,3.87388470603495e-06,1.47023319264243e-08,3.88858703796137e-06,3.91701780364617e-06,1.31345643296754e-08,3.93015236797584e-06
737.8,4.1756804270945e-06,7.92015351536027e-08,3.77651292786583e-06,7.01521369205158e-09,3.78352814155788e-06,3.81856185629519e-06,6.21146761129049e-09,3.82477332390648e-06
738,4.08920354402614e-06,1.65582935157284e-08,3.69830266427617e-06,7.98619650607243e-10,3.69910128392678e-06,3.73948077408557e-06,6.23146294343883e-10,3.74010392037991e-06
738.2,4.07724090853501e-06,1.86823337599818e-08,3.68748357781294e-06,9.04559493067264e-10,3.688388137306e-06,3.72854122437991e-06,7.06615947775256e-10,3.72924784032768e-06
738.4,4.07796154922725e-06,2.31869049189333e-08,3.68813533000952e-06,1.3468196922482e-09,3.68948214970177e-06,3.72920023339832e-06,1.1036450498918e-09,3.73030387844821e-06
738.6,4.07061101416644e-06,1.75901643292466e-08,3.6814874576044e-06,9.40947429573599e-10,3.68242840503397e-06,3.7224783414105e-06,7.55569610619615e-10,3.72323391102112e-06
738.8,4.0647017604901e-06,1.04519240785295e-08,3.67614308959244e-06,5.04104601590732e-10,3.67664719419403e-06,3.71707446745951e-06,3.93342330362282e-10,3.71746780978987e-06
739,4.059513147506e-06,4.74388967890919e-09,3.67145047377706e-06,2.28801567884461e-10,3.67167927534494e-06,3.71232960252693e-06,1.78529102131236e-10,3.71250813162907e-06
739.2,4.03212880120102e-06,1.73873582150137e-08,3.646683890307e-06,1.46452899595122e-09,3.64814841930295e-06,3.68728725982722e-06,1.28723901468702e-09,3.68857449884191e-06
739.4,3.98845797525149e-06,6.64305102998709e-08,3.60718770719422e-06,6.06499818668275e-09,3.61325270538091e-06,3.64735131331136e-06,5.39286885813741e-09,3.6527441821695e-06
739.6,4.02031029384834e-06,1.48199583683805e-07,3.63599515428308e-06,1.35501116782889e-08,3.64954526596137e-06,3.67647951192524e-06,1.20508804775603e-08,3.6885303924028e-06
739.8,4.11370532756218e-06,2.37398230988098e-07,3.72046223895991e-06,2.15815561220374e-08,3.74204379508195e-06,3.76188708071163e-06,1.91785827737019e-08,3.78106566348533e-06
740,4.07032275788955e-06,2.16131125777908e-07,3.68122675672576e-06,1.93269854811652e-08,3.70055374220693e-06,3.72221473780314e-06,1.7135703902628e-08,3.73935044170577e-06
740.2,3.89837788872194e-06,1.03613046594728e-07,3.52571868262167e-06,8.6297895747722e-09,3.53434847219644e-06,3.56497518600968e-06,7.57221496753341e-09,3.57254740097721e-06
740.4,3.85182450000347e-06,1.16617278865011e-07,3.48361549072257e-06,9.7206753902428e-09,3.49333616611281e-06,3.52240320342016e-06,8.53045369242045e-09,3.53093365711258e-06
740.6,3.93440992333376e-06,2.39254118967514e-07,3.55830629245069e-06,2.10479378130285e-08,3.57935423026372e-06,3.59792563693035e-06,1.86183589212134e-08,3.61654399585156e-06
740.8,3.95127291553209e-06,2.39731704475959e-07,3.57355729385067e-06,2.06211098758788e-08,3.59417840372655e-06,3.61334644796123e-06,1.81814609493596e-08,3.63152790891059e-06
741,3.89304514759939e-06,1.3008033253165e-07,3.52089571636697e-06,9.84601710421788e-09,3.53074173347119e-06,3.56009851927342e-06,8.50728896513043e-09,3.56860580823855e-06
741.2,3.84202378658906e-06,7.71440208619078e-08,3.47475166084907e-06,5.38782760665894e-09,3.48013948845573e-06,3.51344068076974e-06,4.58887071383596e-09,3.51802955148358e-06
741.4,3.80440634245432e-06,8.01400082366613e-08,3.44073019618757e-06,6.80223251545466e-09,3.44753242870303e-06,3.47904041000855e-06,5.98566576687679e-09,3.48502607577543e-06
741.6,3.75958249139722e-06,5.70249891768542e-08,3.40019120956027e-06,5.14257824450496e-09,3.40533378780477e-06,3.43805004906323e-06,4.56490253527073e-09,3.44261495159851e-06
741.8,3.71850597193974e-06,3.31298228470758e-08,3.36304133435518e-06,2.74851403705229e-09,3.36578984839223e-06,3.40048653501367e-06,2.41023862157132e-09,3.40289677363524e-06
742,3.71144369315583e-06,1.10870024909741e-07,3.35665416282869e-06,9.41346768985584e-09,3.36606763051855e-06,3.39402824663321e-06,8.28381724387169e-09,3.40231206387709e-06
742.2,3.7284508134926e-06,2.15390810483214e-07,3.37203551466799e-06,1.85374698909441e-08,3.39057298455894e-06,3.40958085946777e-06,1.63456405002466e-08,3.42592649996802e-06
742.4,3.75684405676672e-06,1.66852811307392e-07,3.39771455121326e-06,1.40921343769361e-08,3.4118066855902e-06,3.43554581479326e-06,1.23912471050634e-08,3.44793706189833e-06
742.6,3.77197751130368e-06,4.32612422167133e-08,3.41140134734145e-06,3.08916470411784e-09,3.41449051204557e-06,3.44938500417995e-06,2.6418756720264e-09,3.45202687985197e-06
742.8,3.71418212778632e-06,0,3.3591308211757e-06,0,3.3591308211757e-06,3.39653248090318e-06,0,3.39653248090318e-06
743,3.64168567414734e-06,0,3.29356455019971e-06,0,3.29356455019971e-06,3.33023617365079e-06,0,3.33023617365079e-06
743.2,3.66359315119133e-06,1.6282093114708e-07,3.31337781697575e-06,1.45413077563008e-08,3.32791912473205e-06,3.35027004781056e-06,1.28903139981475e-08,3.3631603618087e-06
743.4,3.70812874597154e-06,3.37120875130909e-07,3.35365610272442e-06,2.99016210516086e-08,3.38355772377603e-06,3.39099680514851e-06,2.64809415322608e-08,3.41747774668077e-06
743.6,3.66114297283773e-06,2.29087655947655e-07,3.31116185950738e-06,1.97187347386353e-08,3.33088059424601e-06,3.34802941714795e-06,1.73875527854926e-08,3.36541696993344e-06
743.8,3.58720523781427e-06,5.04030585778031e-08,3.24429208413822e-06,3.31622268411288e-09,3.24760830682234e-06,3.28041509185873e-06,2.79194247369722e-09,3.28320703433242e-06
744,3.56789206726234e-06,7.82859368314126e-08,3.22682512526987e-06,6.14779341846177e-09,3.23297291868833e-06,3.26275365016524e-06,5.34458376782979e-09,3.26809823393307e-06
744.2,3.55146145947935e-06,1.56196433625064e-07,3.21196517518783e-06,1.36665369324709e-08,3.2256317121203e-06,3.24772824454542e-06,1.20795625093598e-08,3.25980780705478e-06
744.4,3.47608244307142e-06,1.30922649399107e-07,3.14379189542551e-06,1.16262866386751e-08,3.15541818206419e-06,3.17879590121936e-06,1.02980019709376e-08,3.1890939031903e-06
744.6,3.39364114787958e-06,7.93038388175394e-08,3.06923144413671e-06,7.04471854190336e-09,3.07627616267861e-06,3.10340526951286e-06,6.24016189536858e-09,3.10964543140823e-06
744.8,3.35443829422192e-06,5.05523566677215e-08,3.03377612464273e-06,4.36276270370223e-09,3.03813888734644e-06,3.06755517891116e-06,3.84847267799008e-09,3.07140365158915e-06
745,3.32489202584023e-06,3.33638998160217e-08,3.00705428458293e-06,2.52527573631033e-09,3.00957956031924e-06,3.04053580915621e-06,2.18190842324764e-09,3.04271771757946e-06
745.2,3.26796141115355e-06,2.87408647383673e-08,2.95556586105308e-06,1.61111076688899e-09,2.95717697181997e-06,2.98847409670154e-06,1.30903922500826e-09,2.98978313592655e-06
745.4,3.26450233583082e-06,4.63365887415007e-08,2.95243745050949e-06,2.39321733650418e-09,2.954830667846e-06,2.98531085341316e-06,1.90393748642888e-09,2.98721479089959e-06
745.6,3.41194542146238e-06,1.19760793787982e-07,3.08578594992985e-06,8.59259144180278e-09,3.09437854137166e-06,3.12014409858056e-06,7.35480836694989e-09,3.12749890694751e-06
745.8,3.52018565343629e-06,1.79697943602523e-07,3.18367912985624e-06,1.44478154432131e-08,3.19812694529945e-06,3.21912725314627e-06,1.26078665420344e-08,3.2317351196883e-06
746,3.43889738335203e-06,1.73116191512145e-07,3.11016148208196e-06,1.60735354651516e-08,3.12623501754712e-06,3.14479103586923e-06,1.43249712392087e-08,3.15911600710844e-06
746.2,3.318694515887e-06,1.2819547978122e-07,3.00144921569234e-06,1.35052959849435e-08,3.01495451167729e-06,3.03486833159786e-06,1.22282980182702e-08,3.04709662961613e-06
746.4,3.23351478606466e-06,4.78886971621351e-08,2.92441210605653e-06,5.13825691571198e-09,2.92955036297224e-06,2.95697346562138e-06,4.66225955079327e-09,2.96163572517217e-06
746.6,3.20858061811328e-06,1.29653761192261e-08,2.90186148005485e-06,1.11277672925535e-09,2.9029742567841e-06,2.93417175358427e-06,9.8080601633303e-10,2.9351525596006e-06
746.8,3.28078881547536e-06,8.27557895615395e-08,2.96716705015221e-06,8.34361798254341e-09,2.97551066813475e-06,3.00020445722931e-06,7.51508855956408e-09,3.00771954578887e-06
747,3.32820697302452e-06,1.57300182777643e-07,3.0100523446872e-06,1.52045667541142e-08,3.02525691144132e-06,3.04356725064091e-06,1.36224277538179e-08,3.05718967839473e-06
747.2,3.28194184058294e-06,1.84939024644308e-07,2.96820985366674e-06,1.58497937027588e-08,2.9840596473695e-06,3.00125887165877e-06,1.3967098977269e-08,3.01522597063604e-06
747.4,3.20598631162123e-06,1.56093027992457e-07,2.89951517214716e-06,1.21942288938473e-08,2.911709401041e-06,2.93179932111798e-06,1.05920126642346e-08,2.94239133378222e-06
747.6,3.12642757919833e-06,6.32799709832929e-08,2.82756172964468e-06,4.70620626621123e-09,2.83226793591089e-06,2.85904472548513e-06,4.05402683839744e-09,2.86309875232353e-06
747.8,3.08765710995601e-06,1.34856379788208e-08,2.79249746146865e-06,6.96879214056818e-10,2.7931943406827e-06,2.82359004029449e-06,5.54484996885729e-10,2.82414452529137e-06
748,3.10797917747708e-06,4.56579905638534e-08,2.81087687341222e-06,2.76289031995464e-09,2.81363976373217e-06,2.84217409461375e-06,2.28528226337496e-09,2.84445937687712e-06
748.2,3.10235818007763e-06,5.9874656406639e-08,2.80579320627889e-06,4.05173996717759e-09,2.80984494624607e-06,2.83703382427012e-06,3.43018938257315e-09,2.84046401365269e-06
748.4,3.04787774374456e-06,3.40572412747138e-08,2.75652074021741e-06,3.34499555826814e-09,2.75986573577567e-06,2.78721274247806e-06,3.00303538317994e-09,2.79021577786124e-06
748.6,3.02424072903921e-06,3.29360166589578e-08,2.73514326816957e-06,3.70579795723496e-09,2.7388490661268e-06,2.7655972466741e-06,3.38033915499065e-09,2.76897758582909e-06
748.8,3.04773361560612e-06,6.61050039013356e-08,2.75639038977809e-06,5.59286974249804e-09,2.76198325952059e-06,2.78708094067438e-06,4.91910787620651e-09,2.79200004855059e-06
749,3.07396493680352e-06,7.40580504543492e-08,2.78011416973362e-06,6.39361384644576e-09,2.78650778358006e-06,2.81106886894463e-06,5.64021590859022e-09,2.81670908485322e-06
749.2,3.08765710995601e-06,5.13260804040956e-08,2.79249746146865e-06,5.88859065529683e-09,2.79838605212394e-06,2.82359004029449e-06,5.38267480357039e-09,2.82897271509806e-06
749.4,3.07900942164918e-06,5.54138458115194e-08,2.78467643510968e-06,6.89109362975934e-09,2.79156752873944e-06,2.81568193207352e-06,6.35082545839112e-09,2.82203275753192e-06
749.6,3.04470692469872e-06,8.41195739005425e-08,2.75365303055245e-06,8.89049297777827e-09,2.76254352353023e-06,2.78431310279704e-06,8.05286781934523e-09,2.79236597061639e-06
749.8,2.97235459919819e-06,6.78833916092917e-08,2.68821711001577e-06,6.6810008537967e-09,2.69489811086957e-06,2.71814859734833e-06,5.99955344510531e-09,2.72414815079343e-06
750,2.88789551006809e-06,2.13044700727097e-08,2.61183175257654e-06,1.94332056692112e-09,2.61377507314346e-06,2.64091274039026e-06,1.72774720455501e-09,2.64264048759482e-06
750.2,2.87377095250025e-06,4.13225245332681e-08,2.59905740952357e-06,3.85607433522328e-09,2.60291348385879e-06,2.62799616362936e-06,3.43891064136823e-09,2.63143507427073e-06
750.4,2.91859480355736e-06,1.13951272205422e-07,2.63959639615087e-06,1.09636561132378e-08,2.65056005226411e-06,2.66898652457468e-06,9.81695835769265e-09,2.67880348293237e-06
750.6,2.96024783556862e-06,1.60646915749333e-07,2.67726767311322e-06,1.54052498320844e-08,2.69267292294531e-06,2.70707724583898e-06,1.37880816847038e-08,2.72086532752368e-06
750.8,2.97163395850595e-06,1.64744799067097e-07,2.68756535781919e-06,1.56403763803431e-08,2.70320573419953e-06,2.71748958832991e-06,1.39801990374312e-08,2.73146978736734e-06
751,2.90173181135902e-06,1.02251613220233e-07,2.62434539475089e-06,9.73810573815816e-09,2.63408350048905e-06,2.6535657135438e-06,8.70803012894756e-09,2.66227374367275e-06
751.2,2.79565350146183e-06,1.81093472251143e-08,2.52840747141424e-06,1.76778010892677e-09,2.53017525152317e-06,2.55655958603334e-06,1.58582776314716e-09,2.55814541379648e-06
751.4,2.76308054217274e-06,2.01126318575262e-08,2.49894827212881e-06,1.29721220620423e-09,2.50024548433501e-06,2.52677237840105e-06,1.08771517828489e-09,2.52786009357933e-06
751.6,2.78109655947865e-06,6.91602939123331e-08,2.51524207704332e-06,5.08687811531938e-09,2.52032895515864e-06,2.54324760386138e-06,4.37346377607707e-09,2.54762106763746e-06
751.8,2.79205029800065e-06,7.18710724057719e-08,2.52514871043134e-06,5.91582688478505e-09,2.53106453731613e-06,2.55326454094127e-06,5.18145963874988e-09,2.55844600058002e-06
752,2.80444531790711e-06,6.78803219865289e-08,2.53635884821252e-06,6.8411591196733e-09,2.5432000073322e-06,2.56459949605798e-06,6.16152914360777e-09,2.57076102520159e-06
752.2,2.8525841161485e-06,1.55887369381647e-07,2.5798958949441e-06,1.63295678897073e-08,2.59622546283381e-06,2.608621298488e-06,1.47756857453107e-08,2.62339698423331e-06
752.4,2.8925076104984e-06,2.5820267310407e-07,2.61600296663466e-06,2.65055470673957e-08,2.64250851370205e-06,2.64513039810811e-06,2.39257555888291e-08,2.66905615369694e-06
752.6,2.84105386507272e-06,2.48872669083059e-07,2.56946785979881e-06,2.4085212273812e-08,2.59355307207262e-06,2.59807715419339e-06,2.15823553092704e-08,2.61965950950266e-06
752.8,2.75789192918864e-06,1.77961609487304e-07,2.49425565631343e-06,1.55360674588935e-08,2.50979172377232e-06,2.52202751346847e-06,1.3727568422267e-08,2.53575508189074e-06
753,2.72200402271527e-06,8.9802830652788e-08,2.46179839692372e-06,7.78881138836117e-09,2.46958720831208e-06,2.48920886435148e-06,6.87564051032497e-09,2.4960845048618e-06
753.2,2.70542928679383e-06,1.40746697454498e-08,2.44680809640237e-06,1.89582121875044e-09,2.44870391762112e-06,2.47405165692797e-06,1.76021794137979e-09,2.47581187486935e-06
753.4,2.67890970931953e-06,8.09514017466143e-09,2.42282361556821e-06,1.31499386795422e-09,2.42413860943616e-06,2.44980012505035e-06,1.23950150443344e-09,2.45103962655478e-06
753.6,2.66795597079754e-06,2.28938407172015e-08,2.41291698218019e-06,2.18903361304164e-09,2.41510601579323e-06,2.43978318797046e-06,1.95849952810774e-09,2.44174168749857e-06
753.8,2.72085099760769e-06,9.03217094988542e-08,2.46075559340919e-06,7.97860760728871e-09,2.46873420101648e-06,2.48815444992201e-06,7.06177261579647e-09,2.49521622253781e-06
754,2.76308054217274e-06,1.4899591284789e-07,2.49894827212881e-06,1.29601783381902e-08,2.511908450467e-06,2.52677237840105e-06,1.14455120379568e-08,2.538217890439e-06
754.2,2.71061789977794e-06,1.28439032618047e-07,2.45150071221775e-06,1.05479094725181e-08,2.46204862169027e-06,2.47879652186054e-06,9.23527120163441e-09,2.48803179306218e-06
754.4,2.62644706692473e-06,8.14619552475412e-08,2.37537605565715e-06,6.0350277263208e-09,2.38141108338347e-06,2.40182426850985e-06,5.19519967923958e-09,2.40701946818909e-06
754.6,2.54256449034841e-06,3.46381833788371e-08,2.29951209997518e-06,2.45729841458657e-09,2.30196939838977e-06,2.32511561876651e-06,2.09898593042409e-09,2.32721460469694e-06
754.8,2.47035629298632e-06,0,2.23420652987782e-06,0,2.23420652987782e-06,2.25908291512148e-06,0,2.25908291512148e-06
755,2.43129756746711e-06,0,2.19888156082316e-06,0,2.19888156082316e-06,2.22336462632347e-06,0,2.22336462632347e-06
755.2,2.41991144452978e-06,7.87638051119346e-10,2.18858387611719e-06,5.49396069251953e-11,2.18863881572412e-06,2.21295228383254e-06,4.67815031324363e-11,2.21299906533567e-06
755.4,2.44167479343532e-06,1.04387614439629e-08,2.20826679245392e-06,7.37548572382771e-10,2.2090043410263e-06,2.23285435618862e-06,6.29532099645415e-10,2.23348388828827e-06
755.6,2.47035629298632e-06,3.3461883671469e-08,2.23420652987782e-06,2.53012969176644e-09,2.23673665956959e-06,2.25908291512148e-06,2.18572543997901e-09,2.26126864056146e-06
755.8,2.48693102890776e-06,8.88828333914883e-08,2.24919683039917e-06,7.37120967138508e-09,2.25656804007056e-06,2.27424012254499e-06,6.4636326294326e-09,2.28070375517442e-06
756,2.49053423236894e-06,1.04278397808144e-07,2.25245559138208e-06,8.77656590598882e-09,2.26123215728806e-06,2.27753516763706e-06,7.71321731663389e-09,2.28524838495369e-06
756.2,2.47583316224732e-06,3.58485594522891e-08,2.23915984657183e-06,2.88609764445674e-09,2.24204594421629e-06,2.26409138366142e-06,2.51908282843797e-09,2.26661046648986e-06
756.4,2.46459116744843e-06,2.22863794020277e-08,2.22899251230518e-06,2.24322500003433e-09,2.23123573730521e-06,2.25381084297417e-06,2.02005797239639e-09,2.25583090094657e-06
756.6,2.46833849904806e-06,1.29207298966044e-07,2.2323816237274e-06,1.27465793605268e-08,2.24512820308792e-06,2.25723768986992e-06,1.14498676698583e-08,2.26868755753978e-06
756.8,2.45680824797228e-06,1.69336414011265e-07,2.22195358858211e-06,1.65733131612604e-08,2.23852690174337e-06,2.24669354557531e-06,1.48723989006757e-08,2.26156594447598e-06
757,2.41861429128375e-06,6.97817998891681e-08,2.18741072216335e-06,6.73704146030114e-09,2.19414776362365e-06,2.21176606759939e-06,6.03508052817744e-09,2.21780114812757e-06
757.2,2.37811428438007e-06,5.41309801119105e-09,2.15078224871552e-06,2.61419007808051e-10,2.15104366772333e-06,2.17472976076455e-06,2.04058531135005e-10,2.17493381929569e-06
757.4,2.34669435019856e-06,3.48754260787119e-08,2.12236585294462e-06,2.6336964040464e-09,2.12499954934866e-06,2.14599696756172e-06,2.27470645500497e-09,2.14827167401673e-06
757.6,2.33256979263073e-06,9.66557853247765e-08,2.10959150989164e-06,8.32843323704128e-09,2.11791994312868e-06,2.13308039080082e-06,7.34496764927982e-09,2.1404253584501e-06
757.8,2.33588473981502e-06,1.70826228948748e-07,2.11258956999591e-06,1.61222299860193e-08,2.12871179998193e-06,2.13611183228552e-06,1.43997051319084e-08,2.15051153741743e-06
758,2.33084025496936e-06,1.73037361051066e-07,2.10802730461985e-06,1.63640284583215e-08,2.12439133307817e-06,2.13149876915663e-06,1.46195764003472e-08,2.14611834555698e-06
758.2,2.31167121255587e-06,9.32025530378197e-08,2.09069069619081e-06,7.85109498161057e-09,2.09854179117242e-06,2.11396912926683e-06,6.90076396998724e-09,2.12086989323682e-06
758.4,2.30042921775699e-06,4.51745974911519e-08,2.08052336192415e-06,2.54563137722246e-09,2.08306899330137e-06,2.10368858857958e-06,2.07098654497099e-09,2.10575957512455e-06
758.6,2.29639362988046e-06,4.28216889486023e-08,2.0768735496233e-06,2.06532407666651e-09,2.07893887369997e-06,2.09999813807646e-06,1.61152939827532e-09,2.10160966747474e-06
758.8,2.26900928357548e-06,4.01362961608913e-08,2.05210696615324e-06,2.40393189522106e-09,2.05451089804846e-06,2.07495579537675e-06,1.9838074272838e-09,2.07693960280403e-06
759,2.22432956065682e-06,3.9737443419198e-08,2.01169832996525e-06,3.59645999220148e-09,2.01529478995745e-06,2.03409723623511e-06,3.19405447830129e-09,2.03729129071341e-06
759.2,2.20876372170452e-06,7.26601673852374e-08,1.99762048251912e-06,6.78190099261036e-09,2.00440238351173e-06,2.01986264143738e-06,6.04839085733339e-09,2.02591103229471e-06
759.4,2.2254825857644e-06,1.34072126348893e-07,2.01274113347978e-06,1.17390204668728e-08,2.02448015394665e-06,2.03515165066457e-06,1.03769237093537e-08,2.04552857437393e-06
759.6,2.26583846452964e-06,1.80448803928924e-07,2.04923925648829e-06,1.60186099471778e-08,2.06525786643547e-06,2.07205615569573e-06,1.41877904609403e-08,2.08624394615667e-06
759.8,2.30014096148009e-06,1.94354672871747e-07,2.08026266104552e-06,1.78046092656731e-08,2.09806727031119e-06,2.10342498497221e-06,1.58388431924277e-08,2.11926382816464e-06
760,2.25257867579249e-06,1.45052290465336e-07,2.03724701607121e-06,1.27914495790552e-08,2.05003846565026e-06,2.05993038975692e-06,1.13188141773865e-08,2.07124920393431e-06
760.2,2.15716584814039e-06,6.23604927829321e-08,1.95095502524395e-06,4.24527154480767e-09,1.95520029678876e-06,1.97267759571897e-06,3.59819768985877e-09,1.97627579340883e-06
760.4,2.11652171309826e-06,2.3133187625959e-08,1.91419620135682e-06,1.29435716649737e-09,1.91549055852331e-06,1.93550948708045e-06,1.05119649512907e-09,1.93656068357558e-06
760.6,2.11868363517497e-06,1.57454173747522e-08,1.91615145794656e-06,1.58709464808267e-09,1.91773855259464e-06,1.93748651413569e-06,1.42945125843063e-09,1.93891596539412e-06
760.8,2.12300747932839e-06,3.28826293142436e-08,1.92006197112604e-06,3.41625890788384e-09,1.92347823003392e-06,1.94144056824617e-06,3.08817071542786e-09,1.9445287389616e-06
761,2.11652171309826e-06,5.8236091097305e-08,1.91419620135682e-06,5.50186076692864e-09,1.91969806212375e-06,1.93550948708045e-06,4.9147006222942e-09,1.94042418770275e-06
761.2,2.0669416334724e-06,5.60991616328845e-08,1.86935565023208e-06,4.59650763263458e-09,1.87395215786471e-06,1.8901696666136e-06,4.02306026111913e-09,1.89419272687472e-06
761.4,2.01419073480069e-06,4.10957349722102e-08,1.82164738944239e-06,2.49388585700319e-09,1.82414127529939e-06,1.84193020646574e-06,2.0640802607587e-09,1.84399428672649e-06
761.6,2.03883664647518e-06,4.95691120322738e-08,1.84393731456544e-06,3.67643103257171e-09,1.84761374559801e-06,1.86446831489548e-06,3.16544693278244e-09,1.86763376182826e-06
761.8,2.08452526636296e-06,6.06964472969265e-08,1.88525840382864e-06,5.15650374499666e-09,1.89041490757364e-06,1.90624948666289e-06,4.53810387294704e-09,1.91078759053584e-06
762,2.06319430187277e-06,5.3633259731991e-08,1.86596653880986e-06,4.02570636931745e-09,1.86999224517918e-06,1.88674281971785e-06,3.47335966728149e-09,1.89021617938513e-06
762.2,2.01721742570809e-06,3.97397065248385e-08,1.82438474866803e-06,2.04077748171971e-09,1.82642552614975e-06,1.84469804434307e-06,1.621025292471e-09,1.84631906963554e-06
762.4,1.984644466419e-06,3.20442498583136e-08,1.79492554938259e-06,1.94874660718882e-09,1.79687429598978e-06,1.81491083671078e-06,1.61365344415089e-09,1.81652449015493e-06
762.6,1.98550923524969e-06,4.15870575109715e-08,1.79570765201849e-06,3.56249085648587e-09,1.79927014287497e-06,1.81570164753288e-06,3.13911291171194e-09,1.81884076044459e-06
762.8,2.08740782913191e-06,1.89886531227123e-07,1.88786541261497e-06,1.78703516483604e-08,1.90573576426333e-06,1.90888552273655e-06,1.59550673207394e-08,1.92484059005729e-06
763,2.17734378752301e-06,3.10865987597803e-07,1.96920408674821e-06,2.93029644707057e-08,1.99850705121891e-06,1.99112984823455e-06,2.61679498066577e-08,2.01729779804121e-06
763.2,2.10398256505335e-06,1.75024079342363e-07,1.90285571313632e-06,1.61172521849169e-08,1.91897296532123e-06,1.92404273016006e-06,1.43479316689518e-08,1.93839066182901e-06
763.4,2.00496653394007e-06,1.93623775310561e-08,1.81330496132616e-06,9.4058563877984e-10,1.81424554696494e-06,1.83349489103004e-06,7.3547139089702e-10,1.83423036242094e-06
763.6,1.99545407680255e-06,6.56638505850389e-08,1.8047018323313e-06,4.94687640656034e-09,1.80964870873786e-06,1.82479597198698e-06,4.27083378458496e-09,1.82906680577157e-06
763.8,2.00338112441715e-06,1.33879717769478e-07,1.81187110649368e-06,1.10879493714586e-08,1.82295905586514e-06,1.83204507118953e-06,9.72074571567734e-09,1.84176581690521e-06
764,1.99430105169497e-06,1.0629103314324e-07,1.80365902881677e-06,8.26228227291959e-09,1.81192131108969e-06,1.82374155755752e-06,7.17079814242692e-09,1.83091235569995e-06
764.2,1.97570852183527e-06,6.72003664650977e-08,1.78684382214499e-06,4.50916406452906e-09,1.79135298620952e-06,1.80673912488245e-06,3.81113974070345e-09,1.81055026462316e-06
764.4,1.93823520583898e-06,5.54886802650783e-08,1.75295270792281e-06,3.63133127327705e-09,1.75658403919609e-06,1.77247065592495e-06,3.05393461187464e-09,1.77552459053683e-06
764.6,1.92872274870146e-06,6.84170686697407e-08,1.74434957892795e-06,4.74392531090358e-09,1.74909350423885e-06,1.76377173688189e-06,4.03496773572553e-09,1.76780670461762e-06
764.8,1.99040959195689e-06,1.3823756850587e-07,1.80013956695524e-06,1.15386736274726e-08,1.81167824058271e-06,1.82018290885809e-06,1.01279667493071e-08,1.8303108756074e-06
765,1.99300389844894e-06,1.62762154327663e-07,1.80248587486292e-06,1.42504496962431e-08,1.81673632455917e-06,1.82255534132438e-06,1.25968718697537e-08,1.83515221319413e-06
765.2,1.84901988814011e-06,7.29351371736796e-08,1.67226578598615e-06,6.45241775845634e-09,1.67871820374461e-06,1.69088533944536e-06,5.7121774457984e-09,1.69659751689116e-06
765.4,1.74510350031963e-06,0,1.57828311923925e-06,0,1.57828311923925e-06,1.59585623899013e-06,0,1.59585623899013e-06
765.6,1.78127966306989e-06,0,1.61100107950759e-06,0,1.61100107950759e-06,1.62893849171449e-06,0,1.62893849171449e-06
765.8,1.83359817732626e-06,2.43689189945683e-08,1.65831828897933e-06,2.31174448867905e-09,1.66063003346801e-06,1.67678254645131e-06,2.06615270338196e-09,1.67884869915469e-06
766,1.8523348353244e-06,1.07141193441982e-07,1.67526384609042e-06,1.10550148194472e-08,1.68631886090987e-06,1.69391678093006e-06,9.9851599228473e-09,1.70390194085291e-06
766.2,1.85190245090906e-06,1.63644417702097e-07,1.67487279477247e-06,1.67262041913659e-08,1.69159899896384e-06,1.69352137551901e-06,1.50903688154828e-08,1.7086117443345e-06
766.4,1.83561597126452e-06,1.62438581419407e-07,1.66014319512975e-06,1.58876006533168e-08,1.67603079578307e-06,1.67862777170287e-06,1.42558541667587e-08,1.69288362586963e-06
766.6,1.85608216692403e-06,1.72827503436598e-07,1.67865295751264e-06,1.64670132701198e-08,1.69511997078276e-06,1.69734362782581e-06,1.47260445019006e-08,1.71206967232771e-06
766.8,1.91964267597928e-06,2.0811477523408e-07,1.73613750125103e-06,2.01553951566307e-08,1.75629289640766e-06,1.75546822324988e-06,1.80625940272644e-08,1.77353081727715e-06
767,1.89975299287356e-06,1.75980991442921e-07,1.71814914062541e-06,1.74033513236616e-08,1.73555249194907e-06,1.73727957434167e-06,1.56376960836992e-08,1.75291727042537e-06
767.2,1.77767645960871e-06,7.13401013409164e-08,1.60774231852468e-06,7.47983084809913e-09,1.61522214937278e-06,1.62564344662242e-06,6.76878973829159e-09,1.63241223636072e-06
767.4,1.70748605618489e-06,4.24624573711347e-08,1.54426165457775e-06,4.53032775849509e-09,1.54879198233624e-06,1.56145596822895e-06,4.10797903793701e-09,1.56556394726689e-06
767.6,1.72492556093701e-06,1.11778970757309e-07,1.56003405773499e-06,1.06793803094288e-08,1.57071343804442e-06,1.57740398647456e-06,9.55370444807723e-09,1.58695769092263e-06
767.8,1.77018179640945e-06,1.62261451779775e-07,1.60096409568025e-06,1.47229595544282e-08,1.61568705523467e-06,1.61878975283092e-06,1.30802177927402e-08,1.63186997062366e-06
768,1.81255546911295e-06,1.63173164555675e-07,1.63928712483918e-06,1.40028798697636e-08,1.65329000470894e-06,1.65753948311364e-06,1.23419691978411e-08,1.66988145231148e-06
768.2,1.7889184544076e-06,1.19807193170043e-07,1.61790965279134e-06,1.00460832119926e-08,1.62795573600333e-06,1.63592398730968e-06,8.82396716337584e-09,1.64474795447305e-06
768.4,1.71310705358433e-06,5.12494708907789e-08,1.54934532171107e-06,4.53004276724558e-09,1.55387536447832e-06,1.56659623857257e-06,4.00985339494615e-09,1.57060609196752e-06
768.6,1.69062306398656e-06,1.93459893377305e-08,1.52901065317776e-06,2.15459020369713e-09,1.53116524338146e-06,1.54603515719807e-06,1.96317555065737e-09,1.54799833274873e-06
768.8,1.7200252042298e-06,2.62097878980431e-08,1.55560214279825e-06,2.86941370612581e-09,1.55847155650437e-06,1.57292272514934e-06,2.60953435640381e-09,1.57553225950575e-06
769,1.73184371158248e-06,3.49290802975859e-08,1.56629087882217e-06,2.95106062128002e-09,1.56924193944345e-06,1.58373047305133e-06,2.59500690549369e-09,1.58632547995682e-06
769.2,1.7279522518444e-06,4.81995480995481e-08,1.56277141696063e-06,3.22192824666057e-09,1.56599334520729e-06,1.58017182435189e-06,2.72113273655862e-09,1.58289295708845e-06
769.4,1.75043624144218e-06,1.02691758629914e-07,1.58310608549394e-06,8.73578544970069e-09,1.59184187094364e-06,1.60073290572639e-06,7.68964895626663e-09,1.60842255468266e-06
769.6,1.77436151242442e-06,1.61016140067425e-07,1.60474425842041e-06,1.54658540612753e-08,1.62021011248169e-06,1.62261200513772e-06,1.38452496370229e-08,1.63645725477475e-06
769.8,1.72161061375272e-06,1.12878727190036e-07,1.55703599763072e-06,1.14681601431361e-08,1.56850415777386e-06,1.57437254498985e-06,1.03390217667594e-08,1.58471156675661e-06
770,1.64061059994535e-06,2.66087985825108e-08,1.48377905073508e-06,3.34565325421813e-09,1.4871247039893e-06,1.50029993132018e-06,3.08663379588834e-09,1.50338656511606e-06
770.2,1.65790597655903e-06,7.54302019059411e-08,1.49942110345301e-06,8.19961128563069e-09,1.50762071473864e-06,1.5161161477621e-06,7.45104393070446e-09,1.52356719169281e-06
770.4,1.70546826224663e-06,1.75992753286792e-07,1.54243674842732e-06,1.76938003038457e-08,1.56013054873117e-06,1.55961074297739e-06,1.59312480574842e-08,1.57554199103488e-06
770.6,1.64104298436069e-06,1.59023681257081e-07,1.48417010205303e-06,1.45132782061867e-08,1.49868338025921e-06,1.50069533673122e-06,1.29042521784062e-08,1.51359958890963e-06
770.8,1.52747001126424e-06,8.18205593910761e-08,1.38145395587195e-06,5.45622842807878e-09,1.38691018430003e-06,1.39683551542926e-06,4.60596302490065e-09,1.40144147845416e-06
771,1.46246822082452e-06,3.13396641619696e-08,1.32266590774039e-06,1.56178336516315e-09,1.32422769110555e-06,1.33739290196836e-06,1.23022671427393e-09,1.33862312868263e-06
771.2,1.43476679261495e-06,2.42748581532223e-09,1.29761255330384e-06,1.17079569331538e-10,1.29772963287317e-06,1.31206059530054e-06,9.13547515602089e-11,1.3121519500521e-06
771.4,1.44589348490308e-06,2.60341547769185e-08,1.30767560721904e-06,2.22815895094949e-09,1.30990376616999e-06,1.32223569454485e-06,1.9630952178719e-09,1.32419878976272e-06
771.6,1.46506252731657e-06,5.89382379795699e-08,1.32501221564808e-06,4.82281364831189e-09,1.32983502929639e-06,1.33976533443465e-06,4.22027483854391e-09,1.34398560927319e-06
771.8,1.43936448023142e-06,3.08468157503081e-08,1.30177073231802e-06,2.46654855003317e-09,1.30423728086805e-06,1.31626507283802e-06,2.15055338541845e-09,1.31841562622344e-06
772,1.41591483210605e-06,7.26598201852454e-10,1.28056271584129e-06,5.29578539594139e-11,1.28061567369525e-06,1.29482091937885e-06,4.54573223005185e-11,1.29486637670115e-06
772.2,1.45194686671787e-06,4.22561477703804e-08,1.31315032567031e-06,3.91568910646855e-09,1.31706601477678e-06,1.32777137029952e-06,3.48879391688454e-09,1.33126016421641e-06
772.4,1.50541840608181e-06,9.55071644757829e-08,1.36151033865658e-06,8.64254107513888e-09,1.37015287973172e-06,1.3766698394658e-06,7.67536198633821e-09,1.38434520145214e-06
772.6,1.55514261384612e-06,1.10928228917913e-07,1.40648124022064e-06,9.497987007303e-09,1.41597922722794e-06,1.42214146173634e-06,8.36862956456747e-09,1.4305100913009e-06
772.8,1.57099670907532e-06,9.95473798764735e-08,1.42081978854541e-06,8.07673104897318e-09,1.42889651959438e-06,1.43663966014143e-06,7.05826696864272e-09,1.44369792711007e-06
773,1.49259100176e-06,4.21376664374407e-08,1.34990914955745e-06,3.34648625161088e-09,1.35325563580906e-06,1.36493947893804e-06,2.91457258138647e-09,1.36785405151943e-06
773.2,1.42423102569446e-06,6.9081379980677e-09,1.28808393618983e-06,7.1946852355673e-10,1.28880340471339e-06,1.30242588345134e-06,6.50561856274711e-10,1.30307644530761e-06
773.4,1.46102693944005e-06,1.18524696222294e-07,1.32136240334723e-06,1.19550009061686e-08,1.3333174042534e-06,1.33607488393153e-06,1.07684191105598e-08,1.34684330304209e-06
773.6,1.49965328054392e-06,2.10887970070281e-07,1.35629632108394e-06,2.08156935912896e-08,1.37711201467523e-06,1.3713977673185e-06,1.8699366783271e-08,1.39009713410177e-06
773.8,1.47298957493117e-06,1.64193632301808e-07,1.33218148981046e-06,1.53940836546764e-08,1.34757557346514e-06,1.3470144336372e-06,1.37373008789001e-08,1.3607517345161e-06
774,1.45482942948681e-06,1.29976516059229e-07,1.31575733445664e-06,1.11159146708885e-08,1.32687324912752e-06,1.33040740637318e-06,9.79248191259693e-09,1.34019988828577e-06
774.2,1.48797890132969e-06,2.00474650390697e-07,1.34573793549934e-06,1.74263309728788e-08,1.36316426647222e-06,1.3607218212202e-06,1.53882111969551e-08,1.37611003241715e-06
774.4,1.50830096885075e-06,2.26799400416527e-07,1.36411734744291e-06,1.96885923226225e-08,1.38380593976553e-06,1.37930587553946e-06,1.73825529384519e-08,1.39668842847791e-06
774.6,1.48091662254577e-06,1.26922694268795e-07,1.33935076397285e-06,9.9427649500528e-09,1.3492935289229e-06,1.35426353283974e-06,8.64027220885213e-09,1.3629038050486e-06
774.8,1.43061590222767e-06,3.61693234774504e-08,1.29385846065153e-06,1.74447520517884e-09,1.29560293585671e-06,1.30826470335448e-06,1.36117770061808e-09,1.3096258810551e-06
775,1.3661473859002e-06,1.05397855092806e-08,1.23555270914544e-06,5.08342228195287e-10,1.23606105137364e-06,1.24930975656721e-06,3.96648862218133e-10,1.24970640542943e-06
775.2,1.31625022436976e-06,6.05169975190236e-09,1.19042538705421e-06,5.28144275210755e-10,1.19095353132942e-06,1.20367997213226e-06,4.66643204421021e-10,1.20414661533668e-06
775.4,1.29865217866534e-06,3.47775740309951e-08,1.17450959841372e-06,2.8336694958759e-09,1.17734326790959e-06,1.1875869719026e-06,2.47799562921428e-09,1.19006496753182e-06
775.6,1.30075644948667e-06,4.92894948005996e-08,1.17641271482773e-06,4.10557489515245e-09,1.18051828972289e-06,1.18951127823637e-06,3.60248237288326e-09,1.19311376060925e-06
775.8,1.318455384888e-06,3.27049756956168e-08,1.19241974877575e-06,3.15532028604044e-09,1.19557506906179e-06,1.20569653972861e-06,2.82630477115597e-09,1.20852284449976e-06
776,1.34697834348672e-06,2.33370159497576e-08,1.2182161007164e-06,2.36533246063368e-09,1.22058143317704e-06,1.23178011667741e-06,2.13182688686201e-09,1.23391194356427e-06
776.2,1.37635165810227e-06,3.27676554375428e-08,1.24478152024902e-06,2.47396595717836e-09,1.2472554862062e-06,1.25864132426795e-06,2.13666612393218e-09,1.26077799039188e-06
776.4,1.3660176705756e-06,4.67066820412296e-08,1.23543539375006e-06,2.76200450831822e-09,1.23819739825838e-06,1.2491911349439e-06,2.27271011538811e-09,1.25146384505928e-06
776.6,1.315298978656e-06,5.96041005405158e-08,1.18956507415473e-06,3.02198306238274e-09,1.19258705721711e-06,1.20281008022795e-06,2.39197928544231e-09,1.2052020595134e-06
776.8,1.3058874112154e-06,6.57597981911121e-08,1.18105319046739e-06,3.17164730806974e-09,1.18422483777546e-06,1.19420342244747e-06,2.47477039349912e-09,1.19667819284097e-06
777,1.33874862678138e-06,6.07938342632535e-08,1.21077309063146e-06,2.93213492273683e-09,1.21370522555419e-06,1.22425423368713e-06,2.28788386340161e-09,1.22654211755053e-06
777.2,1.29941605779911e-06,4.02710178211863e-08,1.17520045574209e-06,1.94230318187103e-09,1.17714275892396e-06,1.18828552146212e-06,1.51553875409273e-09,1.18980106021621e-06
777.4,1.1996793859936e-06,1.53165783974608e-08,1.08499795173536e-06,7.38730744002065e-10,1.08573668247936e-06,1.09707867331369e-06,5.76416226789263e-10,1.09765508954048e-06
777.6,1.16984486133501e-06,2.81772019232643e-08,1.05801541079693e-06,2.09333360634501e-09,1.06010874440327e-06,1.06979569995137e-06,1.80290729695094e-09,1.07159860724832e-06
777.8,1.23893989090664e-06,9.60643784398531e-08,1.12050541140506e-06,7.53420751060044e-09,1.12803961891566e-06,1.13298148463686e-06,6.54848367161252e-09,1.13952996830847e-06
778,1.32766517293478e-06,1.75127499867432e-07,1.20074914184805e-06,1.37818626662589e-08,1.21453100451431e-06,1.21411867498393e-06,1.1985387642699e-08,1.22610406262663e-06
778.2,1.39128333324541e-06,2.4019547104027e-07,1.25828582576217e-06,1.90224052873758e-08,1.27730823104955e-06,1.27229599112947e-06,1.65597921333936e-08,1.28885578326287e-06
778.4,1.45526181390215e-06,3.05474451689033e-07,1.31614838577458e-06,2.42798926192996e-08,1.34042827839388e-06,1.33080281178422e-06,2.11489805544145e-08,1.35195179233864e-06
778.6,1.51939883551119e-06,3.70937285920331e-07,1.37415433127025e-06,2.95522823916131e-08,1.40370661366186e-06,1.38945461442303e-06,2.57511902586254e-08,1.41520580468165e-06
778.8,1.58382411339712e-06,4.36588912827264e-07,1.43242097764454e-06,3.48395670175493e-08,1.46726054466209e-06,1.44837002066919e-06,3.03663585813101e-08,1.4787363792505e-06
779,1.64839351942151e-06,5.0243280463814e-07,1.49081797445815e-06,4.01427458449798e-08,1.53096072030313e-06,1.50741722871904e-06,3.49954573364813e-08,1.54241268605552e-06
779.2,1.71296292544588e-06,5.68447298683378e-07,1.54921497127176e-06,4.54592096664939e-08,1.59467418093825e-06,1.56646443676889e-06,3.96360894641998e-08,1.60610052623309e-06
779.4,1.77796471588561e-06,6.3466052760015e-07,1.60800301940332e-06,5.07919693219214e-08,1.65879498872524e-06,1.62590705022979e-06,4.42909860899983e-08,1.67019803631979e-06
779.6,1.84296650632533e-06,7.01055525094256e-07,1.66679106753487e-06,5.6139781548779e-08,1.72293084908365e-06,1.68534966369069e-06,4.89590790167641e-08,1.73430874270745e-06
779.8,1.90825655304195e-06,7.67639055726959e-07,1.72583981654506e-06,6.15017435914762e-08,1.78734156013654e-06,1.74505588075895e-06,5.36393801184966e-08,1.79869526087745e-06
780,1.97354659975856e-06,8.3440339032696e-07,1.78488856555525e-06,6.68791366463308e-08,1.85176770220158e-06,1.80476209782721e-06,5.83332709158896e-08,1.8630953687431e-06
