wavelength_nm,R_W_nm,G_W_nm,B_W_nm,W_W_nm,RGB_target_W_nm
380,2.94381952160801e-07,6.34898991673576e-07,1.15788763483193e-06,6.09347088474861e-07,1.23175166827378e-06
380.2,9.0415539184137e-08,4.60699491552996e-07,1.03042572734264e-06,6.41896720755057e-07,8.83347643105933e-07
380.4,1.38132228928226e-08,5.51292413667956e-07,1.00006953584224e-06,7.1459422769742e-07,8.83607499181414e-07
380.6,0,3.7210266775499e-07,8.43986362894685e-07,6.68455623167732e-07,6.63139997009449e-07
380.8,0,6.3256355664274e-08,6.35815294785893e-07,5.52095680040922e-07,3.27808435940358e-07
381,1.16287877594731e-07,1.23788037125906e-07,5.9063701837053e-07,5.33244850057791e-07,4.4427229555261e-07
381.2,3.04419620425965e-07,3.89857962284296e-07,6.46746331698822e-07,5.71026386422288e-07,8.22180485464853e-07
381.4,3.86251462500575e-07,4.91050166462282e-07,6.49253450256833e-07,5.58336023652923e-07,9.65487154397837e-07
381.6,3.99946419797006e-07,4.77077478243604e-07,6.61779014572658e-07,5.31886951287819e-07,9.70301122711041e-07
381.8,4.25815776721977e-07,4.41596830659746e-07,8.4886020137146e-07,5.77136930887159e-07,1.04359384220252e-06
382,4.27644421237611e-07,3.99249604865565e-07,1.04065477105932e-06,6.22536678733186e-07,1.09525723653593e-06
382.2,3.31103916754642e-07,3.73998961156097e-07,9.62873924915581e-07,5.42550450452006e-07,9.67992152176614e-07
382.4,2.27507229629826e-07,3.56523120391164e-07,8.14051367312031e-07,4.52969069833014e-07,8.10487135614573e-07
382.6,2.18632340757755e-07,3.32799491894165e-07,8.20539790140164e-07,5.00176021189077e-07,7.87809905593182e-07
382.8,2.74584887621984e-07,3.33298516473403e-07,8.40727108769271e-07,5.66643169069218e-07,8.39509800529092e-07
383,4.22575895677974e-07,4.0013786861661e-07,7.76765500117287e-07,5.78325092310884e-07,9.76832601346567e-07
383.2,5.3475926139794e-07,4.46686881367978e-07,7.15000127322121e-07,5.63308329442965e-07,1.07186917981462e-06
383.4,4.93406055802549e-07,4.03850611486144e-07,7.05984528987513e-07,5.21093652976503e-07,1.00263341828463e-06
383.6,4.20618053451997e-07,3.30334310472727e-07,7.39158721747118e-07,4.80366674427142e-07,9.03681401451858e-07
383.8,3.72934160049764e-07,2.49572172568765e-07,8.1693956789086e-07,4.59349197141924e-07,8.37544129679888e-07
384,3.73321753180795e-07,2.46877439840878e-07,8.71414239919329e-07,4.84330540689485e-07,8.59503091693435e-07
384.2,4.39957956861906e-07,3.63150166803451e-07,8.64354194059969e-07,5.63907402429717e-07,9.99025288515307e-07
384.4,5.16313803675026e-07,4.42734606700409e-07,8.44487786606288e-07,5.81530132790007e-07,1.11130168711743e-06
384.6,5.57855836693228e-07,4.26755839673192e-07,8.17180251272429e-07,5.00785078725608e-07,1.11827234596998e-06
384.8,4.19534780342192e-07,3.7752207468552e-07,6.99365735994363e-07,4.4827633143679e-07,9.22815569168886e-07
385,1.23433504805278e-07,3.24365976505034e-07,5.09907800802566e-07,4.57082704342045e-07,5.7315114548805e-07
385.2,7.25673724144269e-09,3.33148809099632e-07,4.49476215080262e-07,4.76402808164799e-07,4.65485672350425e-07
385.4,8.78703442903663e-08,3.79009167931651e-07,5.1164272684471e-07,4.94175306771777e-07,5.90144641758506e-07
385.6,9.70533200101793e-08,2.90512149049493e-07,4.70636295709878e-07,5.08043846415087e-07,5.09175531951376e-07
385.8,2.46529107906581e-08,1.07140577162509e-07,3.49171415811347e-07,5.13245796850051e-07,2.56034936103113e-07
386,0,0,3.10050337832139e-07,5.02921772378357e-07,1.35444116537856e-07
386.2,0,1.60436402225182e-09,3.79647949002532e-07,4.82463429880774e-07,1.67117072791292e-07
386.4,1.59439912849523e-07,1.99699656119668e-07,6.39204919076324e-07,4.58660263207159e-07,5.58325035441567e-07
386.6,3.54806727460004e-07,4.20707661772821e-07,8.92815003930513e-07,4.45161151905679e-07,9.9234643177264e-07
386.8,2.30160751834577e-07,2.83485882973815e-07,7.12503037238342e-07,4.78170073475718e-07,7.10346044563873e-07
387,2.1037362558117e-08,6.34918952656746e-08,4.05170415923087e-07,5.14094483581283e-07,2.43212861404143e-07
387.2,1.38092475786582e-07,2.59492781204027e-07,4.97733233084864e-07,4.73047999438988e-07,5.27628928525298e-07
387.4,3.11286975645002e-07,5.0397490306456e-07,6.5870027298342e-07,4.16765092333631e-07,9.2291887299532e-07
387.6,1.81671857314049e-07,2.83565726906493e-07,4.36649796537477e-07,4.33998425252532e-07,5.53085039874092e-07
387.8,0,0,1.84142843848813e-07,4.53238652677053e-07,8.04419855700136e-08
388,0,3.83340701279441e-09,2.16193847494429e-07,3.93640875045002e-07,9.74767350593552e-08
388.2,7.7806836483134e-09,1.11571915426147e-07,3.47015293851457e-07,3.50238037154815e-07,2.45788067683552e-07
388.4,1.17709052408512e-07,2.88316440900844e-07,5.27868798152159e-07,3.96326718935607e-07,5.48124265191554e-07
388.6,1.82079327015902e-07,3.57581052499149e-07,6.14384445352012e-07,4.3615508800484e-07,6.89606050361687e-07
388.8,1.03676193408105e-07,1.55246546601102e-07,4.68089063254938e-07,4.12391859530341e-07,4.06054784179461e-07
389,3.24276314677249e-08,3.93351134338966e-08,3.46844809789513e-07,3.90405880916541e-07,2.07267030235085e-07
389.2,4.14853847913586e-08,1.93262239047492e-07,3.82435864839041e-07,3.98243752493213e-07,3.51496582914222e-07
389.4,9.75432774809442e-08,3.06331228211354e-07,5.01363540756864e-07,4.08108487675064e-07,5.35488414799111e-07
389.6,1.86581370307109e-07,2.60770284126878e-07,6.6929034177246e-07,4.12142245785861e-07,6.4040271114405e-07
389.8,2.17986352206037e-07,1.86425602311924e-07,7.07719455029656e-07,4.28117525432583e-07,6.22207308689546e-07
390,1.62172941337563e-07,1.2078390915889e-07,5.63209141345886e-07,4.55325423580906e-07,4.64755115797051e-07
390.2,8.76815168675563e-08,6.06434629673812e-08,3.96235045382335e-07,4.52849255235664e-07,2.87660189564611e-07
390.4,2.33808102580433e-08,1.50415988674073e-08,2.78189875196932e-07,4.21048464188909e-07,1.51182248439352e-07
390.6,0,0,2.87957609098944e-07,4.18512388544991e-07,1.25793005863053e-07
390.8,0,0,3.89034600883727e-07,4.42175771521698e-07,1.69948041946277e-07
391,0,0,3.66039309469647e-07,4.34547575490388e-07,1.59902650762744e-07
391.2,0,0,2.78952039238567e-07,4.03575502075307e-07,1.21858962564835e-07
391.4,8.78792887472363e-08,8.37303361012717e-08,4.23472381396569e-07,3.97814416852708e-07,3.17977729545291e-07
391.6,2.08048066794984e-07,2.06107131717091e-07,6.59632921087e-07,4.08298194120869e-07,6.09228689177166e-07
391.8,1.69417951402221e-07,2.09560381805421e-07,6.25335539213406e-07,4.0416459051228e-07,5.67645734646084e-07
392,5.15767197977418e-08,1.37321583714854e-07,4.54279854237412e-07,3.94319824429987e-07,3.4627757351114e-07
392.2,0,5.05491937785445e-08,4.01138969281805e-07,3.98483381687914e-07,2.15235827681068e-07
392.4,0,1.07649582233332e-09,4.22238879066028e-07,4.08867313458283e-07,1.85305024904748e-07
392.6,7.54623949546666e-08,9.5060190148303e-08,4.756505328259e-07,4.18512388544991e-07,3.40308461554717e-07
392.8,1.53705522167346e-07,2.10298938182694e-07,5.2762811477059e-07,4.20239715656793e-07,5.13616236165606e-07
393,1.21495539150123e-07,1.85357689712354e-07,5.22162596314126e-07,3.9741503486154e-07,4.67034502218632e-07
393.2,6.79639586120271e-08,1.53699570405462e-07,5.11030989916555e-07,3.7728618250667e-07,3.96472379053888e-07
393.4,6.1120455277976e-08,2.47615996218151e-07,5.43974527768824e-07,3.9103490755263e-07,4.7998410084335e-07
393.6,6.91317071478259e-08,3.05373101019216e-07,5.69186111988185e-07,4.00809781786468e-07,5.42784561297279e-07
393.8,8.7036522144379e-08,2.05887560902226e-07,5.53521635237731e-07,3.78504297579733e-07,4.70813379982329e-07
394,8.43442406265247e-08,9.24373169598253e-08,5.14430642681219e-07,3.59523668449472e-07,3.61918100799285e-07
394.2,3.58712473626547e-08,3.77182737971638e-08,4.54620822361302e-07,3.62568956132128e-07,2.55683913694329e-07
394.4,0,7.45033716311516e-09,3.98832420208435e-07,3.73372238993224e-07,1.80123696833327e-07
394.6,0,0,3.65387458644564e-07,3.86891319394262e-07,1.5961789261755e-07
394.8,0,6.01594091255198e-09,3.75807043371659e-07,3.991623310729e-07,1.68930111905028e-07
395,0,2.73146093691993e-08,4.36790195176725e-07,4.06231392316574e-07,2.12424165566506e-07
395.2,0,3.14605055735129e-08,4.98405140858411e-07,3.98723010882615e-07,2.42621067760495e-07
395.4,0,1.10973085931061e-08,5.30365888235938e-07,3.7778540999563e-07,2.40469391967415e-07
395.6,0,0,4.75319593176243e-07,3.73102656149185e-07,2.0764125858087e-07
395.8,0,0,3.57645476537425e-07,3.87899758921961e-07,1.56235842031554e-07
396,0,6.09708230913616e-08,3.64224155633647e-07,3.98083999696746e-07,2.07356486839239e-07
396.2,0,1.71155450187225e-07,4.76653380249105e-07,3.99821311358327e-07,3.43660813237437e-07
396.4,4.41259872250754e-09,1.42371712456748e-07,4.81497133303183e-07,3.98004123298513e-07,3.26350551295226e-07
396.6,2.3717718133478e-08,2.82048692185608e-08,4.14948178299331e-07,3.9753484945889e-07,2.21596548453863e-07
396.8,8.666880558417e-08,5.03575683401169e-08,4.77285174125724e-07,4.12461751378796e-07,3.14158276525414e-07
397,1.49541380580115e-07,1.41782863453247e-07,5.92472229154994e-07,4.31891685249121e-07,4.84563750121819e-07
397.2,1.01032609488765e-07,1.04515707875714e-07,5.44586264696978e-07,4.29315671406087e-07,3.97321120122997e-07
397.4,1.25689495593587e-08,1.34776558360738e-08,4.32698577690051e-07,4.16016251100191e-07,2.0923139182674e-07
397.6,2.71563648857024e-08,1.94050697882688e-08,4.60818419436706e-07,4.12222122184095e-07,2.37282453978414e-07
397.8,7.31905029096999e-08,6.22064079495562e-08,5.26655352770082e-07,4.15427162663218e-07,3.34867079885567e-07
398,4.59089156278183e-08,6.10476728765643e-08,4.7295287325748e-07,4.25222005996615e-07,2.8977482992978e-07
398.2,1.41680196819972e-09,4.3859270269273e-08,4.01640392993407e-07,4.34607482789064e-07,2.11236889650145e-07
398.4,0,2.55081403923559e-08,4.26581208408503e-07,4.319016697989e-07,2.06534939261845e-07
398.6,0,2.27355598301067e-08,4.71147747895712e-07,4.31142844015681e-07,2.23809665881617e-07
398.8,0,6.88534153450132e-08,4.78468534085105e-07,4.48595837029724e-07,2.63501205838964e-07
399,7.2152945912786e-10,1.01162262703232e-07,4.82239240396354e-07,4.61156400651959e-07,2.91262589551819e-07
399.2,1.26782706988803e-08,6.26774871523573e-08,4.93691757969349e-07,4.49883843951241e-07,2.74891285892614e-07
399.4,3.80129478687367e-08,7.2575140656974e-08,5.32762693577397e-07,4.47427644705558e-07,3.19028656812985e-07
399.6,8.14989095133402e-08,2.09670167212854e-07,6.19037657395681e-07,4.74365960009842e-07,4.98222117505707e-07
399.8,1.17331397562892e-07,2.90961271170808e-07,6.78325997055532e-07,4.92807423452027e-07,6.15656941261502e-07
400,1.30449934305482e-07,2.2635754914259e-07,6.69771708535598e-07,4.8476986087977e-07,5.70759770843142e-07
400.2,1.20650784890184e-07,1.2839902423807e-07,6.11245532917382e-07,4.69293808722008e-07,4.60236623392738e-07
400.4,9.08627620276344e-08,4.92038235129175e-08,5.17990751033595e-07,4.55205608983555e-07,3.34211942239731e-07
400.6,8.52685011697527e-08,6.83883244371629e-08,4.86391028728421e-07,4.58091143869744e-07,3.31340744607577e-07
400.8,1.08734780682331e-07,1.84958470048963e-07,5.30355859761706e-07,4.81375113954841e-07,4.60608200239579e-07
401,8.98043346313572e-08,1.83161981563704e-07,4.95787709083847e-07,5.03301185269967e-07,4.2971128268404e-07
401.2,2.66276481018343e-08,5.21999670866655e-08,3.90859783193959e-07,5.17868643397821e-07,2.32270771301932e-07
401.4,0,1.76355286302891e-08,4.37612530063753e-07,5.32496008824351e-07,2.05124252529439e-07
401.6,0,8.39409244737104e-08,6.05780014460918e-07,5.43219415287213e-07,3.31055547995336e-07
401.8,0,1.11512032476638e-07,6.50928205453585e-07,5.3313502001022e-07,3.72595608783407e-07
402,0,9.12157047898495e-08,5.87357707296651e-07,5.13175905001597e-07,3.28764445880963e-07
402.2,0,4.89213756010685e-08,5.38679493374304e-07,5.15652073346839e-07,2.74031688690546e-07
402.4,0,7.15631188102783e-09,5.27026406316667e-07,5.33464510152933e-07,2.35892006822989e-07
402.6,3.24604278095814e-09,4.82626631564736e-09,5.82423697974485e-07,5.44437530360275e-07,2.60713089052649e-07
402.8,1.41481431111751e-08,3.52241489501297e-08,6.61779014572658e-07,5.53463563360673e-07,3.27711491671439e-07
403,4.75944488335329e-08,1.01002574837875e-07,6.99957415974054e-07,5.72484130690051e-07,4.21837314014532e-07
403.2,7.49147954285176e-08,1.58290596534457e-07,6.95254061559224e-07,5.91614528067e-07,4.85860290410913e-07
403.4,4.47779387480405e-08,1.34267553289915e-07,6.1697179170388e-07,5.93910974516216e-07,4.09769646014104e-07
403.6,1.50197307417244e-09,7.78887543767057e-08,5.3959208452942e-07,5.91604543517221e-07,2.98492994163934e-07
403.8,0,2.31407677884484e-08,5.56299522600007e-07,5.96077621818303e-07,2.61328486249909e-07
404,1.46629462954676e-09,2.00378329547433e-09,6.17613614054731e-07,6.06621306385139e-07,2.72500780431568e-07
404.2,5.39340810972436e-08,8.38471078528136e-08,7.16384056766143e-07,6.29635693626198e-07,4.20251792112027e-07
404.4,8.58250451527716e-08,1.41543331655212e-07,7.69194002072093e-07,6.47567945029643e-07,5.13192805399279e-07
404.6,3.80745652382852e-08,6.5712554643286e-08,6.81073798995113e-07,6.43594094217521e-07,3.78434065927387e-07
404.8,3.24077548969028e-09,1.66225087344349e-08,6.2579684902808e-07,6.45241544931089e-07,2.88990934418082e-07
405,3.89610602969511e-08,9.28584937047027e-08,7.15832490683381e-07,6.69384186297197e-07,4.15772219347409e-07
405.2,7.6579458234869e-08,1.52242418634086e-07,8.03852409018041e-07,6.93736503208669e-07,5.29779041287283e-07
405.4,8.5063772490285e-08,1.29017814716325e-07,8.23197335811656e-07,7.08054347592043e-07,5.26294309965061e-07
405.6,6.75803407951605e-08,9.81251991139859e-08,8.33647005961447e-07,7.15363038030418e-07,4.93137949529797e-07
405.8,2.44889290813757e-08,8.51834956760143e-08,8.50855867743637e-07,7.17479762583609e-07,4.57694208423735e-07
406,0,7.33586092463785e-08,8.47476271927437e-07,7.3170774601897e-07,4.28265603118503e-07
406.2,0,6.31365897652568e-08,8.2056987556286e-07,7.62869525879857e-07,4.08422884210341e-07
406.4,1.69716099964552e-09,7.38416650390814e-08,7.94816753734968e-07,7.95109637116897e-07,4.06932472336284e-07
406.6,5.94229961297682e-09,1.00523511241806e-07,7.83364236161973e-07,8.2218773611809e-07,4.262665309722e-07
406.8,5.21700354367817e-09,9.56610157417061e-08,8.018366856974e-07,8.3555704827244e-07,4.29937664131648e-07
407,4.45930866393949e-09,6.3932034944563e-08,8.47446186504741e-07,8.38422614059071e-07,4.2417919755545e-07
407.2,3.11018641938904e-08,6.26255885961165e-08,9.06965181071929e-07,8.50953224031968e-07,4.69376411444488e-07
407.4,6.82303046610434e-08,8.08689291639181e-08,9.58621851841193e-07,8.70502972499644e-07,5.34571145811437e-07
407.6,5.39887416670044e-08,5.34545148788711e-08,9.47319761381679e-07,8.78959886162627e-07,4.97126596053679e-07
407.8,1.03934588828792e-08,1.26842067550845e-08,9.03886439482691e-07,8.83862300104215e-07,4.12787949743626e-07
408,0,4.90720810239985e-08,9.00306274181851e-07,9.04240766203564e-07,4.32126000454436e-07
408.2,3.5458808518096e-09,1.20394669987084e-07,9.3085300669266e-07,9.35132963220413e-07,5.04600914148008e-07
408.4,3.6722958422382e-08,1.45216152558408e-07,9.86992405443649e-07,9.66744047821363e-07,5.73958877211613e-07
408.6,6.9340411141458e-08,1.39826687102632e-07,1.04165761848253e-06,9.93632440376752e-07,6.18341707133538e-07
408.8,6.18648328552639e-08,1.23987646957601e-07,1.04436530652518e-06,1.00424601679204e-06,6.01314561891189e-07
409,3.71026009250842e-08,1.01631345807716e-07,1.03915049992452e-06,1.01073597414852e-06,5.62543120515503e-07
409.2,1.06170703046279e-08,7.21569580595721e-08,1.08508091190728e-06,1.02760986327537e-06,5.39173086360796e-07
409.4,5.02797735515994e-10,5.69576674251255e-08,1.13973609647193e-06,1.05187231923883e-06,5.43341583134952e-07
409.6,4.72197754735362e-08,9.62867925640712e-08,1.17644031216121e-06,1.08781669844395e-06,6.25970614552639e-07
409.8,8.08121739914365e-08,1.22929714849615e-07,1.18115369505027e-06,1.12366123215129e-06,6.74620036901353e-07
410,3.87662699028945e-08,7.79007309666074e-08,1.1204814259464e-06,1.14832307010591e-06,5.80557188087316e-07
410.2,0,3.1149114236068e-08,1.07625585458308e-06,1.16789278767315e-06,4.94806185278746e-07
410.4,1.08406817263766e-08,2.25848544071767e-08,1.10704327047546e-06,1.18436729480883e-06,5.0971017402302e-07
410.6,2.95634176122594e-08,2.99853889172838e-08,1.14404834039171e-06,1.20273886640256e-06,5.45948462658492e-07
410.8,3.88626712713817e-08,4.76927770869832e-08,1.15558108575856e-06,1.2260028673881e-06,5.72059684961437e-07
411,3.46190234008621e-08,6.20676791165279e-08,1.18496451525845e-06,1.25196269681402e-06,5.93048383519977e-07
411.2,1.31572960556931e-08,6.38062807505949e-08,1.24493479116608e-06,1.28081804567591e-06,6.04325438551528e-07
411.4,0,4.95860763406142e-08,1.27361622746973e-06,1.30977324003559e-06,5.95611529022521e-07
411.6,0,2.2742546174216e-08,1.25676839075989e-06,1.33812936140853e-06,5.67010091722791e-07
411.8,0,2.29211969735834e-08,1.27552163757382e-06,1.37567126857832e-06,5.75343732550322e-07
412,0,5.24804189001975e-08,1.34150899802068e-06,1.42070158808252e-06,6.27560505188691e-07
412.2,0,5.29984064134471e-08,1.37931634587549e-06,1.45025585542895e-06,6.44486365934968e-07
412.4,0,2.641636512657e-08,1.39445934196587e-06,1.46693005356022e-06,6.30066900798858e-07
412.6,2.88508425482869e-08,3.71543760226243e-08,1.48200792201163e-06,1.49538602043094e-06,6.98716417331875e-07
412.8,8.00896606420529e-08,7.61930688564532e-08,1.60967039898556e-06,1.53702159301021e-06,8.2428389527939e-07
413,8.13339339755168e-08,7.99028175785124e-08,1.63253532023463e-06,1.58654495991505e-06,8.38152703573198e-07
413.2,4.72456150156049e-08,6.05706053788123e-08,1.5878083251597e-06,1.63866430976248e-06,7.7743197901289e-07
413.4,3.55542160580422e-08,7.05850306349708e-08,1.61578776826711e-06,1.68419385675563e-06,7.88701589198729e-07
413.6,3.70290576130424e-08,9.46240426660485e-08,1.68307883036413e-06,1.72652834781945e-06,8.38239571621347e-07
413.8,1.43687730473004e-08,9.00719404542348e-08,1.68568623366446e-06,1.77555248723532e-06,8.1856992087363e-07
414,0,8.02201972109081e-08,1.68498424046822e-06,1.82377786266887e-06,7.99556887175109e-07
414.2,6.21222344474102e-08,1.15254716820927e-07,1.80963817517254e-06,1.8570264134336e-06,9.28905627650617e-07
414.4,1.35896114710739e-07,1.5204280880239e-07,1.96116842081874e-06,1.89067434618951e-06,1.08023019115805e-06
414.6,1.19557573494968e-07,1.21841841266876e-07,1.99566637217698e-06,1.94938349889121e-06,1.05899586945254e-06
414.8,7.94585795184511e-08,7.99636985771795e-08,2.00429086001654e-06,2.01528152743394e-06,9.99176632921595e-07
415,8.3459733224941e-08,8.68133099518073e-08,2.08572207078075e-06,2.07379098914006e-06,1.043207841089e-06
415.2,8.97993654886517e-08,1.03856995431119e-07,2.16685242731799e-06,2.12341420154269e-06,1.09694995740653e-06
415.4,6.76767421636477e-08,1.06911025856059e-07,2.18390083351247e-06,2.1495737219642e-06,1.09001585874132e-06
415.6,5.71640238558358e-08,1.10104783163186e-07,2.21859935435534e-06,2.19100960354788e-06,1.09971841431185e-06
415.8,9.02475821606902e-08,1.21622270452011e-07,2.33101855049657e-06,2.2807707060629e-06,1.18306337095301e-06
416,9.88978657824707e-08,1.1231047180342e-07,2.42789361157812e-06,2.36723690715078e-06,1.2245826922177e-06
416.2,3.88686342426283e-08,6.13710408039109e-08,2.45296479715824e-06,2.41895687500704e-06,1.14964427661605e-06
416.4,6.24730559224203e-09,3.51522894107194e-08,2.48786388748575e-06,2.4631884305289e-06,1.11937239749712e-06
416.6,4.61752616768345e-08,6.61606787154421e-08,2.5694956677346e-06,2.51221256994478e-06,1.20988847453535e-06
416.8,6.13023259009983e-08,6.84182659119172e-08,2.62034003209107e-06,2.56453161078779e-06,1.24537244565858e-06
417,2.09270475900543e-08,1.80616956209588e-08,2.62395028281461e-06,2.62613628292546e-06,1.17644391331994e-06
417.2,9.50378357288178e-09,2.98097322653919e-08,2.67429322345947e-06,2.69772550484233e-06,1.1990583431699e-06
417.4,4.3319992278239e-08,1.1772987873395e-07,2.79343149733617e-06,2.78089680450308e-06,1.34635295333734e-06
417.6,4.81927336152783e-08,1.26173374614666e-07,2.88338691119761e-06,2.85548139135371e-06,1.39603099735685e-06
417.8,1.53467003317481e-08,4.01784649728097e-08,2.92871561472646e-06,2.92267741136773e-06,1.32284319568403e-06
418,0,0,2.97324204031674e-06,3.01034175842912e-06,1.29884761364762e-06
418.2,0,0,3.0363211432363e-06,3.11148524769243e-06,1.32640344031331e-06
418.4,1.00177916943414e-08,2.20598805498177e-08,3.14914147834681e-06,3.1755860572749e-06,1.40075147031342e-06
418.6,3.1834315828685e-08,6.58492873779973e-08,3.29184666666881e-06,3.2167224023652e-06,1.51430843619142e-06
418.8,5.28915549576241e-08,9.49583891341383e-08,3.4001541883749e-06,3.29819632856349e-06,1.60064572669227e-06
419,7.2927138346307e-08,1.13428286860914e-07,3.4854965040896e-06,3.40123688228484e-06,1.66775609719592e-06
419.2,9.7390227885614e-08,1.43958610618726e-07,3.59520801218818e-06,3.4792162160604e-06,1.75841749276934e-06
419.4,1.18692942664206e-07,1.69997713163392e-07,3.72066422483106e-06,3.53972258772236e-06,1.85000319033017e-06
419.6,1.26872151557503e-07,1.5857005029883e-07,3.86397112160699e-06,3.60472200678496e-06,1.90977405064495e-06
419.8,1.1722207642337e-07,1.25624447577503e-07,3.99173388332324e-06,3.67930659363559e-06,1.93218892480325e-06
420,7.33634290758522e-08,8.61436189664692e-08,4.04117426128722e-06,3.77835332744526e-06,1.88924214015786e-06
420.2,2.41699101196809e-08,5.55893420288535e-08,4.07336566357209e-06,3.88468878259375e-06,1.8417729687784e-06
420.4,3.58444139920449e-09,6.36795285074683e-08,4.17014043991132e-06,3.97964185099396e-06,1.87481934149913e-06
420.6,5.57130341858221e-09,8.04028402069093e-08,4.28627017151841e-06,4.07429538290078e-06,1.94029208968137e-06
420.8,4.49180685723363e-08,7.88887996334997e-08,4.38876117816991e-06,4.17813470060447e-06,2.01374381298429e-06
421,7.14204942779914e-08,6.64980193310074e-08,4.49235531698693e-06,4.29016134912711e-06,2.0693175177479e-06
421.2,3.1202240876542e-08,3.59058165253695e-08,4.59584917106164e-06,4.41466868487375e-06,2.05978165563412e-06
421.4,4.32116649672585e-09,2.57736214685108e-08,4.72712189875911e-06,4.53108853529923e-06,2.08869834355826e-06
421.6,4.70279665651029e-08,7.01269260712299e-08,4.90883785184377e-06,4.61695566340036e-06,2.23560575427012e-06
421.8,7.25743292142146e-08,1.04296137060849e-07,5.08533899832776e-06,4.72069513560626e-06,2.3591459510807e-06
422,3.55880062284397e-08,9.23305256998683e-08,5.22162596314125e-06,4.86696878987155e-06,2.38112910030016e-06
422.2,7.57943336873958e-10,6.0128469601607e-08,5.32602237989684e-06,4.99996299293051e-06,2.37480502460321e-06
422.4,0,1.86305836412907e-08,5.40675159746481e-06,5.1001080272159e-06,2.37665803676122e-06
422.6,7.53938207853304e-09,4.83385148925179e-09,5.56129038538062e-06,5.23519898572849e-06,2.43897499477239e-06
422.8,3.08384996304975e-08,3.21970658524689e-08,5.81390765128584e-06,5.42200991209734e-06,2.58867413932502e-06
423,3.18780442844936e-08,5.4981530091341e-08,6.00434837695238e-06,5.58405915501377e-06,2.69068623878228e-06
423.2,7.83285964672143e-09,5.96613825954397e-08,6.1030285633957e-06,5.70527158933328e-06,2.71923929734441e-06
423.4,1.38877600334055e-08,6.05256931666809e-08,6.26167902574665e-06,5.85094617061182e-06,2.7938266344325e-06
423.6,5.2682850963992e-08,6.24768792715034e-08,6.49805016339596e-06,6.02667424672576e-06,2.92808646483103e-06
423.8,7.80582751040337e-08,7.68038749414412e-08,6.73933525341896e-06,6.20290155032866e-06,3.06409611310388e-06
424,7.91455235280029e-08,9.58955572939482e-08,6.96297022879357e-06,6.37114121410819e-06,3.1777230636793e-06
424.2,4.65837252072288e-08,8.07032530036109e-08,7.13756596517348e-06,6.52170822477855e-06,3.21724757839454e-06
424.4,6.57218814232936e-09,5.28686600228451e-08,7.29661756649371e-06,6.66618466008359e-06,3.23432095954512e-06
424.6,3.76720646791376e-08,9.10749798585042e-08,7.55434935425727e-06,6.83941659875272e-06,3.40075793606188e-06
424.8,9.76337158781848e-08,1.56164751826901e-07,7.85791126926128e-06,7.0384086758522e-06,3.63040424631202e-06
425,7.60716118503642e-08,1.48080553643237e-07,8.06068701823323e-06,7.25127927714477e-06,3.69621614827305e-06
425.2,1.5280113819494e-08,9.84934792534639e-08,8.22635741254661e-06,7.47103921778498e-06,3.6831891970573e-06
425.4,0,6.42244633479967e-08,8.48057923432896e-06,7.68520781054884e-06,3.75552488268325e-06
425.6,0,4.53413732696114e-08,8.76889786850026e-06,7.89348551894298e-06,3.86653323637686e-06
425.8,0,5.15412546420707e-08,9.03254645606072e-06,8.11743897049046e-06,3.98661297752286e-06
426,0,5.89218281690083e-08,9.30401725352218e-06,8.34298995000261e-06,4.11104410906727e-06
426.2,0,2.74742972345556e-08,9.6007598060484e-06,8.5243093739929e-06,4.21579005555568e-06
426.4,0,2.09939640485643e-10,9.92126984250456e-06,8.72350114208796e-06,4.33422890598228e-06
426.6,0,2.35320030585714e-08,1.02470949703037e-05,8.98469696431186e-06,4.49501913479446e-06
426.8,2.16624807104723e-10,5.50493974341174e-08,1.05629919086131e-05,9.26106930220015e-06,4.65812180846556e-06
427,3.04161225005277e-09,6.82396151125498e-08,1.08347635603016e-05,9.51946945048587e-06,4.78942668099484e-06
427.2,4.60013416821411e-09,7.261705872163e-08,1.11185693810684e-05,9.76309246509838e-06,4.91805333580544e-06
427.4,2.17588820789595e-09,6.81218453118495e-08,1.14585346575348e-05,9.98554823417898e-06,5.06116776162248e-06
427.6,0,6.14878125554527e-08,1.18105341030795e-05,1.02201851539902e-05,5.20803537800778e-06
427.8,0,5.75485125269439e-08,1.21645392434707e-05,1.04947602729182e-05,5.35956375066011e-06
428,3.71880701796193e-09,6.10786124004771e-08,1.25626696704829e-05,1.07763245766917e-05,5.53910245477466e-06
428.2,1.75321292936386e-08,7.3598141044413e-08,1.30350108068123e-05,1.10698703402002e-05,5.76583823340851e-06
428.4,2.08356153642726e-08,6.67415433256758e-08,1.34180985224764e-05,1.13544300089074e-05,5.93027114119143e-06
428.6,7.85005288048255e-09,3.42700139546257e-08,1.36678075308543e-05,1.16200190330342e-05,6.00380010649474e-06
428.8,0,2.413582279945e-08,1.39987471805118e-05,1.18856080571609e-05,6.13438959091213e-06
429,0,4.34071540004829e-08,1.44450142838378e-05,1.21492001713318e-05,6.34458898118175e-06
429.2,1.01658721469661e-08,4.36037696847029e-08,1.48932870820102e-05,1.24257722002157e-05,6.54828977072601e-06
429.4,3.0890178714635e-08,2.00218641682076e-08,1.53044545255241e-05,1.2709333413945e-05,6.72498238883129e-06
429.6,2.8644126211737e-08,1.09615739075532e-09,1.57296618329628e-05,1.3046811196482e-05,6.89405074204288e-06
429.8,7.41425906520788e-09,0,1.61628919197871e-05,1.34082518984891e-05,7.06631757846574e-06
430,0,2.31317853460221e-08,1.66572956994269e-05,1.37507219559157e-05,7.29497022969703e-06
430.2,4.50045316554125e-09,6.31355917160983e-08,1.71697507326845e-05,1.40572476341372e-05,7.55390663884228e-06
430.4,3.14914449820037e-08,6.94542409384163e-08,1.76812029185188e-05,1.43787501370274e-05,7.80282725114058e-06
430.6,5.93017490477533e-08,5.39465531140003e-08,1.81846323249674e-05,1.47162279195644e-05,8.03159389059341e-06
430.8,4.24752380182995e-08,5.29874278727039e-08,1.86649962406824e-05,1.50576995220131e-05,8.2279029527245e-06
431,6.0619565693259e-09,5.47709417189023e-08,1.91553886306294e-05,1.54151464041085e-05,8.4158904243687e-06
431.2,0,2.83106624293594e-08,1.96698493587333e-05,1.5784574745939e-05,8.61508904343185e-06
431.4,0,1.77782496599513e-09,2.02133926621102e-05,1.61559999977252e-05,8.83153784712653e-06
431.6,2.25628893687137e-09,2.21417205808129e-08,2.08512036232682e-05,1.65434005291582e-05,9.1279901402776e-06
431.8,4.31868192537309e-09,5.57350572059911e-08,2.15060629906208e-05,1.692181496579e-05,9.44221130316029e-06
432,2.49500655244486e-09,6.89332592776913e-08,2.20917258857722e-05,1.72503066535257e-05,9.70711463844493e-06
432.2,0,6.48302791871923e-08,2.26372748839955e-05,1.75718091564159e-05,9.94029404980833e-06
432.4,0,2.80222262225595e-08,2.31948580512972e-05,1.79781803324294e-05,1.01547452325033e-05
432.6,1.45735017267681e-09,1.11781505749427e-09,2.38005778949127e-05,1.84015252430675e-05,1.03991681577607e-05
432.8,2.14100482610315e-08,2.63205524073562e-08,2.45156081076575e-05,1.87949165043681e-05,1.07466197179471e-05
433,3.17269823462456e-08,5.04883127798774e-08,2.52587180482521e-05,1.9220258324962e-05,1.10982021015882e-05
433.2,1.1627793930932e-08,3.96005945100515e-08,2.59286201269527e-05,1.96775507048494e-05,1.13669684509463e-05
433.4,4.89420803352717e-09,4.01385430064706e-08,2.65834794943052e-05,2.01278538998914e-05,1.16483535555359e-05
433.6,3.62518836938981e-08,7.53517134158571e-08,2.72634100472379e-05,2.05611833603087e-05,1.19970534391343e-05
433.8,5.94746752139057e-08,9.39353887466994e-08,2.7994485818754e-05,2.10184757401961e-05,1.23487597751622e-05
434,5.42034086318831e-08,7.39833880195851e-08,2.88108036212424e-05,2.15296846888912e-05,1.26855737732733e-05
434.2,4.06187663035148e-08,5.74267505296097e-08,2.95950303061884e-05,2.20418920925643e-05,1.30047431218223e-05
434.4,2.65620554181214e-08,5.79866561075153e-08,3.03230975354348e-05,2.25491072213477e-05,1.33125654859403e-05
434.6,2.27387970204893e-08,5.2742905828877e-08,3.1074230255415e-05,2.30742945397336e-05,1.36336419560732e-05
434.8,3.0248165477081e-08,3.86694146451924e-08,3.18745024991322e-05,2.36234447775897e-05,1.39778029214694e-05
435,2.64487589644354e-08,3.42310900374451e-08,3.26918231490439e-05,2.41755903803795e-05,1.43284487477586e-05
435.2,1.04093601395369e-08,4.12104478026749e-08,3.35422377639213e-05,2.47407158978823e-05,1.46932922891588e-05
435.4,2.47324170739465e-09,4.74093311259758e-08,3.44317634283037e-05,2.53238136049876e-05,1.50807567610201e-05
435.6,7.32143547946864e-09,4.91958391196496e-08,3.5286189432874e-05,2.58959283073359e-05,1.54591040200313e-05
435.8,2.98854180595775e-08,4.51687107651948e-08,3.61225641838265e-05,2.65589024126748e-05,1.58384173586888e-05
436,5.57040897289521e-08,3.6061512194092e-08,3.69749844935504e-05,2.7306745191137e-05,1.62231915947486e-05
436.2,4.20618053451997e-08,1.9313249265689e-08,3.78835642589737e-05,2.80625756094225e-05,1.65964886314636e-05
436.4,7.68259277130631e-09,7.88039654550292e-09,3.88483034800964e-05,2.88303874874431e-05,1.69827787045571e-05
436.6,2.31671371217057e-09,3.44277057216651e-08,3.98692021569186e-05,2.96471236593817e-05,1.74456864448577e-05
436.8,1.65323377812867e-08,7.71402175078479e-08,4.08630239533143e-05,3.04568706464749e-05,1.79244262058878e-05
437,3.24634092952047e-08,9.5646045004329e-08,4.18708856136348e-05,3.12855882781486e-05,1.83914468307255e-05
437.2,4.32116649672585e-08,9.70473060228307e-08,4.28566846306448e-05,3.21232920046236e-05,1.88313590341713e-05
437.4,3.43168995243661e-08,8.87485272700942e-08,4.38876117816991e-05,3.30518551340893e-05,1.92683940581397e-05
437.6,2.06845534260246e-08,7.69785335441747e-08,4.48744136461323e-05,3.39824151735108e-05,1.96798089692924e-05
437.8,2.39075393848291e-08,7.21878975834849e-08,4.58421614095247e-05,3.49009937531973e-05,2.01012217176516e-05
438,2.77715447526465e-08,6.79292218242635e-08,4.68319718162275e-05,3.58605089869785e-05,2.05331801222967e-05
438.2,1.09013052673841e-08,5.68089581005124e-08,4.79461353034077e-05,3.69558140977569e-05,2.09982879121019e-05
438.4,1.01936993461171e-09,4.74911711569709e-08,4.90913870607073e-05,3.81210110569896e-05,2.14837091985994e-05
438.6,2.46181267917194e-08,4.50289838830081e-08,5.0090223094219e-05,3.92432744521718e-05,2.1936017113122e-05
438.8,4.82911226408477e-08,5.56621996174223e-08,5.11722954638567e-05,4.04224497810955e-05,2.24351053378962e-05
439,4.94111674066734e-08,8.9474109008307e-08,5.24027892521286e-05,4.16425617641138e-05,2.30002472558029e-05
439.2,4.93873155216868e-08,1.10793437082535e-07,5.35891577537795e-05,4.28746552068673e-05,2.35353591507811e-05
439.4,5.8477865187177e-08,9.56091171854653e-08,5.46772472079564e-05,4.41506806686491e-05,2.40055734138044e-05
439.6,5.09605461022565e-08,6.5168617851916e-08,5.57613252724405e-05,4.55155686234659e-05,2.44493521619311e-05
439.8,1.61924484202287e-08,3.01131392095689e-08,5.68333691678461e-05,4.69473530618034e-05,2.48635297126532e-05
440,9.35560373740298e-09,3.59547209341349e-08,5.81089910901623e-05,4.84330540689485e-05,2.5420210596369e-05
440.2,4.90355002181356e-08,9.67458951769707e-08,5.95741511754641e-05,4.98987859765352e-05,2.6138493920067e-05
440.4,6.68637904170236e-08,1.14895419123875e-07,6.08918926895548e-05,5.14214298178634e-05,2.67420428490284e-05
440.6,4.36082025551595e-08,6.64012085626351e-08,6.20040504818886e-05,5.30359315171602e-05,2.71718515425426e-05
440.8,1.81234572755963e-08,3.73090736421882e-08,6.31904189835395e-05,5.46204795671194e-05,2.76477392390356e-05
441,3.23004214144634e-09,4.66158820449865e-08,6.46014253079883e-05,5.62449658161954e-05,2.82601866947776e-05
441.2,4.82632954416968e-09,6.24479358459076e-08,6.59151554323862e-05,5.78834304349623e-05,2.88478240346598e-05
441.4,2.01995650979652e-08,7.50013981612317e-08,6.71817517278935e-05,5.95648286177797e-05,2.94227379970488e-05
441.6,2.99410724578794e-08,7.09932327407879e-08,6.8591755204919e-05,6.121128087637e-05,3.00429170592392e-05
441.8,3.54369442901917e-08,5.95585835321166e-08,7.01772569810054e-05,6.28926790591875e-05,3.07306613053086e-05
442,5.74671415608729e-08,8.0962745784815e-08,7.17457103508972e-05,6.46789150146865e-05,3.14494986441756e-05
442.2,8.14710823141893e-08,1.14586023884748e-07,7.32971153145946e-05,6.65370397285958e-05,3.21720562784903e-05
442.4,6.4762836881127e-08,9.52278624069271e-08,7.46609878101527e-05,6.81565337027823e-05,3.27398526238891e-05
442.6,2.70520128888863e-08,5.07897236257375e-08,7.58874702087319e-05,6.95893165960976e-05,3.32118368734165e-05
442.8,1.04053848253725e-08,4.47165944964047e-08,7.73546359888801e-05,7.12317750347762e-05,3.38353157896692e-05
443,7.52139378193903e-09,5.86353880605254e-08,7.89471576969288e-05,7.29451237768871e-05,3.45398260214849e-05
443.2,7.27750825795179e-09,6.41356369728923e-08,8.07081577720759e-05,7.4708395267894e-05,3.53132783121294e-05
443.4,7.55627716373183e-09,6.13740349513863e-08,8.24771806266087e-05,7.63977810905348e-05,3.60840945046555e-05
443.6,4.02749016282923e-09,4.35518711284621e-08,8.41629671450155e-05,7.79543724011122e-05,3.68037405307529e-05
443.8,1.08058977274379e-10,2.67596940370861e-08,8.59179501356234e-05,7.95219467164468e-05,3.75541331406227e-05
444,0,2.86340303567059e-08,8.77441352932788e-05,8.11674005200591e-05,3.83532951642559e-05
444.2,9.58060651910922e-10,4.62126701849618e-08,8.96756194303707e-05,8.27549439349521e-05,3.92116930749076e-05
444.4,3.55084999451513e-08,9.04731562159425e-08,9.17284481056703e-05,8.40878813304755e-05,4.01697209971889e-05
444.6,5.74482588185919e-08,1.22191158472342e-07,9.37672369170451e-05,8.52760427542004e-05,4.11021150550309e-05
444.8,2.86669842681824e-08,1.04336059027188e-07,9.57619004417989e-05,8.64502258082344e-05,4.19374916787871e-05
445,0,7.89726357628118e-08,9.77555611191295e-05,8.75794783882621e-05,4.27665755904708e-05
445.2,0,6.95879795256523e-08,9.99026574522103e-05,8.87985919163025e-05,4.36970989462446e-05
445.4,1.11239228605916e-09,6.57744336911116e-08,0.00010214001005338,8.98160175388031e-05,4.46723034935769e-05
445.6,6.95699855344533e-09,6.60868230777149e-08,0.000104506729972142,9.04979622887225e-05,4.57108797684741e-05
445.8,1.08615521257398e-08,6.25427505159629e-08,0.000106953677684761,9.11769116737082e-05,4.67799784114719e-05
446,1.03865020830915e-08,5.09074934264377e-08,0.00010930034065506,9.18328965942017e-05,4.77955399290304e-05
446.2,1.37973216361649e-08,4.02613030529633e-08,0.000111857601584231,9.2491876879629e-05,4.89068335347674e-05
446.4,2.23025062909441e-08,3.4168212940461e-08,0.000114585346575348,9.30430240274409e-05,5.01000735464197e-05
446.6,1.87932977123012e-08,2.94923526329962e-08,0.000117132579030287,9.32507026628483e-05,5.12064560719898e-05
446.8,3.8506880653666e-09,2.94414521259138e-08,0.000119399014206729,9.30490147573084e-05,5.21851516355228e-05
447,1.06617925889777e-08,5.47799241613286e-08,0.000121936218187437,9.28583098565257e-05,5.33187403770934e-05
447.2,3.96597217613482e-08,9.90843243552823e-08,0.000125035016725139,9.28982480556425e-05,5.47295141796842e-05
447.4,5.6807239409579e-08,1.13677799150533e-07,0.000128063615943216,9.27384952591752e-05,5.60771128538501e-05
447.6,5.72614190528642e-08,1.0143173597602e-07,0.000131032044315902,9.23700653723227e-05,5.73645120855112e-05
447.8,5.02092117251809e-08,1.10903222489967e-07,0.000134140871327836,9.18338950491796e-05,5.87247293381008e-05
448,4.05332970489797e-08,1.33469113963133e-07,0.000137329926133626,9.11469580243706e-05,6.01283632197042e-05
448.2,3.63234393488577e-08,1.24197237280881e-07,0.000140157955867063,9.02183948949049e-05,6.13532419003424e-05
448.4,3.68700450464656e-08,9.59344812111289e-08,0.000143026099497428,8.92568827511678e-05,6.25842282104863e-05
448.6,3.93903942267086e-08,8.5046762941303e-08,0.00014612489803513,8.82045112044401e-05,6.39312228401283e-05
448.8,4.0734050414283e-08,8.49489541237722e-08,0.00014970506333597,8.72489897905705e-05,6.54961450686267e-05
449,3.19356863398778e-08,7.68258320229277e-08,0.000153275200162578,8.61896290589973e-05,6.70426347893753e-05
449.2,2.39075393848291e-08,7.10301605596516e-08,0.000156885450886114,8.50653687538592e-05,6.86090746681159e-05
449.4,4.04249697379992e-08,9.28465171148009e-08,0.00016005444874344,8.36156121259193e-05,7.0023242957007e-05
449.6,5.60648494893734e-08,1.10264471028542e-07,0.000163163275755374,8.2080986824856e-05,7.14069790340931e-05
449.8,3.17925750299586e-08,6.96338897869422e-08,0.000166713355633518,8.07560370691561e-05,7.29072337560339e-05
450,3.74146630869913e-10,2.38922988047816e-08,0.000170403834150911,7.94460641381249e-05,7.44593503455312e-05
450.2,0,3.41362753673898e-08,0.000173923828606359,7.79883198703615e-05,7.60048663836896e-05
450.4,5.9770836119155e-10,5.71912109282091e-08,0.000177303424422558,7.64097625502698e-05,7.74999252845755e-05
450.6,1.40308713433246e-08,6.72475542490236e-08,0.000180632877867597,7.4733356642342e-05,7.89725401115071e-05
450.8,2.15044619724365e-08,6.72974567069475e-08,0.000183992416735332,7.30859059287738e-05,8.04458541692377e-05
451,6.11522577912914e-09,4.7922328393433e-08,0.000187151386118426,7.14504366749407e-05,8.17988187706786e-05
451.2,6.20208639362174e-09,5.09663783267879e-08,0.000190350469398448,6.98169643310634e-05,8.31987988699512e-05
451.4,4.8312986868752e-08,1.07919055506121e-07,0.000193409154039222,6.80766573045486e-05,8.46120148245633e-05
451.6,6.94437693097329e-08,1.45725157629231e-07,0.000196658379690405,6.64641525152077e-05,8.60773861459362e-05
451.8,3.75110644554785e-08,1.26303121005268e-07,0.000199907605341587,6.49734592331729e-05,8.74571797792382e-05
452,3.05671844387758e-08,1.16462356302684e-07,0.00020305654625045,6.35057304156304e-05,8.88197209022668e-05
452.2,7.69521439377835e-08,1.4074489232843e-07,0.00020634588579856,6.2123868726189e-05,9.03110906533267e-05
452.4,9.11827748178703e-08,1.47930846269465e-07,0.000209003431470052,6.06371692640659e-05,9.14885197190252e-05
452.6,4.9133889243705e-08,1.24506632520009e-07,0.000210958983945301,5.90606088539301e-05,9.22923295088985e-05
452.8,1.39195625467209e-08,1.06082645054523e-07,0.000213195333699047,5.76707595246653e-05,9.32279507354799e-05
453,2.41887928619619e-09,1.00124291578415e-07,0.000215732537679755,5.64546413615586e-05,9.43228693764278e-05
453.2,0,8.64091000426241e-08,0.000218329912505854,5.53044212269947e-05,9.54448313843515e-05
453.4,0,6.81927068021014e-08,0.000220536176836904,5.41292397179827e-05,9.63942133824898e-05
453.6,5.02241191532975e-09,7.81632178952869e-08,0.000222050476445943,5.29470690241253e-05,9.70674318684252e-05
453.8,1.3788377179295e-08,1.07110635687755e-07,0.000223283978776485,5.18467716384573e-05,9.76358444901268e-05
454,1.20024672909287e-08,1.04326078535604e-07,0.000224126370611976,5.06985484138492e-05,9.800028009636e-05
454.2,2.8087582228718e-09,7.9874872202075e-08,0.000225119189560949,4.9651169142011e-05,9.84076591593442e-05
454.4,0,7.81163095848385e-08,0.000226071894612993,4.87365843822362e-05,9.88203198083188e-05
454.6,0,9.39333926483824e-08,0.000227144941355822,4.79877431487961e-05,9.93015917288296e-05
454.8,1.14240590800054e-08,1.0471531770741e-07,0.000227786763706673,4.72578725599365e-05,9.95991754116676e-05
455,3.07480612332569e-08,1.16981341865092e-07,0.000227796792180905,4.64940545018276e-05,9.96279357587098e-05
455.2,5.12408057508482e-08,1.5488724890405e-07,0.000227796792180905,4.57911421973719e-05,9.96734917458805e-05
455.4,6.2479018893667e-08,1.87303885571384e-07,0.000227385624737391,4.50862329829603e-05,9.95280601320744e-05
455.6,4.29910350311331e-08,1.57871415887896e-07,0.000226914286448485,4.44921522710978e-05,9.92840701527985e-05
455.8,1.4383680475417e-08,1.10104783163186e-07,0.000226172179355314,4.3952986583021e-05,9.89003634445191e-05
456,1.2495406247317e-09,9.36699076705445e-08,0.000225099132612485,4.34597498239284e-05,9.84086295540202e-05
456.2,0,9.70243508921858e-08,0.000223534690632286,4.29555300600788e-05,9.77269155978451e-05
456.4,1.59439912849523e-08,1.25714272001766e-07,0.000221699479847822,4.24383303815162e-05,9.69600211982745e-05
456.6,3.46697086564584e-08,1.52951033536604e-07,0.00021992443990875,4.20020055561651e-05,9.622037450662e-05
456.8,4.27992261226998e-08,1.4813045610116e-07,0.000218019029804661,4.16255880294892e-05,9.53903629370274e-05
457,4.6906719483088e-08,1.45256074524747e-07,0.00021595316411286,4.12921040668639e-05,9.44887430666959e-05
457.2,4.98156556229032e-08,1.69348981210382e-07,0.000213756928256042,4.1003550578245e-05,9.35506009360402e-05
457.4,4.14863786198997e-08,1.77063901205409e-07,0.000210958983945301,4.06540913359729e-05,9.23281116030349e-05
457.6,1.42554765936144e-08,1.41024346092804e-07,0.000207970498624152,4.03076274586347e-05,9.09734094401583e-05
457.8,5.01764153833245e-09,1.26353023463192e-07,0.000204631016704881,3.99671543111639e-05,8.94959474679021e-05
458,3.38060716542379e-08,1.66294950785442e-07,0.000201331648682538,3.97235312965514e-05,8.81080994095336e-05
458.2,4.77097329443011e-08,1.87403690487231e-07,0.000198022252185963,3.94978804715415e-05,8.66896651758274e-05
458.4,2.5444992137919e-08,1.61953436946067e-07,0.000194873311277101,3.92941956560458e-05,8.52770190524478e-05
458.6,5.17526274495175e-09,1.48369987899195e-07,0.000191463630038206,3.90855185656605e-05,8.37613748492275e-05
458.8,0,1.63879671821928e-07,0.000187502382716548,3.88209279965116e-05,8.20392647461564e-05
459,9.38581612505258e-10,1.79229667879305e-07,0.000183751733353763,3.85743096169654e-05,8.04136694721748e-05
459.2,6.91207750338737e-09,1.85447514136616e-07,0.000180201653475619,3.83326835123087e-05,7.88722888797834e-05
459.4,1.96768112853439e-08,1.8051715129374e-07,0.000176501146483994,3.81220095119676e-05,7.72615299572883e-05
459.6,3.56675125117282e-08,1.68121380745455e-07,0.000172630155430425,3.79402907059861e-05,7.55728379449228e-05
459.8,4.15231502759206e-08,1.66983604704791e-07,0.000168678936582999,3.77206306108437e-05,7.38503115058644e-05
460,3.89103750413548e-08,1.7660479859251e-07,0.00016456726214786,3.74260863923572e-05,7.20597741334571e-05
460.2,4.52182047917501e-08,1.82173912896812e-07,0.000160575929403507,3.71335390838266e-05,7.0325374702307e-05
460.4,5.45582054210577e-08,1.84359640553877e-07,0.000156855365463418,3.68779346094791e-05,6.87088845273091e-05
460.6,4.06694515591111e-08,1.90826999100808e-07,0.000153044545255241,3.65754027511693e-05,6.70387161785901e-05
460.8,1.84017292671058e-08,1.9963977317016e-07,0.000149404209109008,3.63018260872192e-05,6.5438516610392e-05
461,2.65968394170601e-08,2.03462301447127e-07,0.000145753844488544,3.60352386081145e-05,6.38531185666135e-05
461.2,5.0285736522846e-08,2.05697931562115e-07,0.000142083422919615,3.57626603991423e-05,6.22694678550363e-05
461.4,6.0468503755011e-08,2.12374880432327e-07,0.000138362858979527,3.54591300858546e-05,6.06571715603672e-05
461.6,6.07577078604726e-08,2.23572991990439e-07,0.000134712494359062,3.51316368530968e-05,5.90716067172951e-05
461.8,5.41229085200536e-08,2.45310502662069e-07,0.000131503382604808,3.4830103449765e-05,5.76818835765865e-05
462,4.63352680719525e-08,2.61788294268524e-07,0.00012852492575789,3.45515345109253e-05,5.63878835626235e-05
462.2,4.91160003299651e-08,2.44332414486761e-07,0.000125125272993227,3.42060690885649e-05,5.48910587981301e-05
462.4,4.85187093767608e-08,2.21137752043755e-07,0.000121815876496652,3.38356422917565e-05,5.34265559088052e-05
462.6,2.39572308118844e-08,2.24501177707823e-07,0.000118747163381646,3.33653699971562e-05,5.20700134987812e-05
462.8,0,2.30219999385896e-07,0.000115939190596674,3.29160652570921e-05,5.08296970150997e-05
463,0,2.17085672460338e-07,0.000113221474079789,3.2530661635615e-05,4.9632081279614e-05
463.2,2.19248514453241e-10,2.11716167987732e-07,0.00011067424162485,3.21881915781884e-05,4.85152516086654e-05
463.4,4.31142697702302e-09,2.3393274225543e-07,0.00010807686679875,3.18217586012917e-05,4.7401287404773e-05
463.6,1.46549956671388e-08,2.61818235743279e-07,0.000105569748240739,3.14143889703003e-05,4.63359839686091e-05
463.8,3.51457525276479e-08,2.84643619997648e-07,0.000103373512383921,3.0980061054905e-05,4.54101891843282e-05
464,4.06048527039393e-08,2.86470049957661e-07,0.000101197333475567,3.05267624949293e-05,4.44651255811757e-05
464.2,1.60503309388506e-08,2.55241091788915e-07,9.8812562303187e-05,3.00245396410355e-05,4.33799921870945e-05
464.4,2.6360308224277e-10,2.49013265040018e-07,9.67216254258056e-05,2.95912101806182e-05,4.24496602517006e-05
464.6,1.12451699426065e-08,2.9303721342044e-07,9.49084772846518e-05,2.92068050141189e-05,4.17007696760351e-05
464.8,3.74633606855054e-08,3.31422184055467e-07,9.31675341579688e-05,2.88074230229509e-05,4.09905289433555e-05
465,7.00122392352452e-08,3.41672148913026e-07,9.13694287281631e-05,2.8356121372931e-05,4.02378606819493e-05
465.2,6.70496363542103e-08,3.26861099401227e-07,8.95833574674359e-05,2.79128073627345e-05,3.94436536592965e-05
465.4,2.28600441025041e-08,2.94554248141325e-07,8.78464257304457e-05,2.74864670871626e-05,3.8625763669467e-05
465.6,0,2.90342480692552e-07,8.64614934390002e-05,2.70641206315024e-05,3.80000710772397e-05
465.8,0,3.18856745150241e-07,8.52831477167349e-05,2.66128189814825e-05,3.75078795706354e-05
466,4.95403651170171e-09,3.40534372872362e-07,8.39293036954088e-05,2.61914709808002e-05,3.69373742484424e-05
466.2,1.40199392293725e-08,3.49237361534281e-07,8.24059784595612e-05,2.58000766294555e-05,3.6285687106669e-05
466.4,1.16705285581996e-08,3.55654817623289e-07,8.10491258959655e-05,2.54006946382875e-05,3.56962462971385e-05
466.6,2.27447599917359e-09,3.61722956506829e-07,7.98607516994681e-05,2.4994323462274e-05,3.5174777393535e-05
466.8,5.71361966566849e-09,3.68320061444362e-07,7.87546109916736e-05,2.46149105706644e-05,3.46993965101019e-05
467,1.64955661252658e-08,3.7643420110278e-07,7.76705329271895e-05,2.42514729587014e-05,3.42404296256618e-05
467.2,1.66873750336991e-08,3.92223338789887e-07,7.65663979142413e-05,2.38920291666502e-05,3.37707328734445e-05
467.4,9.82687723159511e-09,4.04349636065383e-07,7.54702856806788e-05,2.35405730144223e-05,3.32962873913839e-05
467.6,3.62021922668428e-09,3.81105071164453e-07,7.44213072760069e-05,2.31961060470399e-05,3.28149393003802e-05
467.8,1.7828290198888e-10,3.54117821919234e-07,7.34184598528023e-05,2.28656174493483e-05,3.23528810308403e-05
468,3.89898813246432e-09,3.81075129689699e-07,7.2406586802789e-05,2.25481087663697e-05,3.19350055707537e-05
468.2,1.0117174548452e-08,4.29410650434741e-07,7.14117621589701e-05,2.22515676379275e-05,3.15433908141918e-05
468.4,1.29436229193554e-08,4.59152515357357e-07,7.05252450368573e-05,2.20119384432266e-05,3.11818009485335e-05
468.6,1.33898519343117e-08,4.783250396917e-07,6.96236852033965e-05,2.17792984333713e-05,3.08034687593171e-05
468.8,1.0693595102293e-08,4.89473248791889e-07,6.85716982564549e-05,2.14877495798186e-05,3.03506872629908e-05
469,7.98879134482086e-09,4.94742948348647e-07,6.74996543610493e-05,2.12041883660893e-05,2.98844857685302e-05
469.2,9.69897149835486e-09,4.94742948348647e-07,6.65379236821962e-05,2.09995050956157e-05,2.94656565677232e-05
469.4,1.02185450596447e-08,4.96649222241339e-07,6.55802043930359e-05,2.08088001948329e-05,2.90491841173908e-05
469.6,4.45602902975384e-09,5.08825421974758e-07,6.45562971739441e-05,2.05841478248009e-05,2.86071542913526e-05
469.8,1.65641402946021e-10,5.21740178085451e-07,6.35815294785893e-05,2.03754707344156e-05,2.81882931017115e-05
470,2.86391570690315e-09,5.30153732491412e-07,6.27140664575174e-05,2.02057333881692e-05,2.78180523196788e-05
470.2,4.43227652762142e-09,5.26500872571386e-07,6.1834569267367e-05,2.00439836817461e-05,2.74321482249384e-05
470.4,3.99091727251656e-10,5.03845156673958e-07,6.08728385885139e-05,1.98732478805218e-05,2.69910302546981e-05
470.6,2.62549623989199e-09,5.11410369295214e-07,5.99191306890464e-05,1.9733464183613e-05,2.65820841754793e-05
470.8,1.68970728558723e-08,5.74736588400581e-07,5.90095480761999e-05,1.9645600145556e-05,2.62456844566665e-05
471,3.47591532251579e-08,6.35887060340469e-07,5.80458117025004e-05,1.95467531027419e-05,2.58866325843348e-05
471.2,5.11314846113267e-08,6.69730907304424e-07,5.7018895941139e-05,1.94219462305019e-05,2.54772418842925e-05
471.4,5.46098845051952e-08,6.86078952520278e-07,5.59679118416206e-05,1.93071239080411e-05,2.50337017386547e-05
471.6,4.21701326561801e-08,6.88564094924886e-07,5.49219419792183e-05,1.92162645050503e-05,2.45692951165739e-05
471.8,2.88051264353961e-08,6.96518546717948e-07,5.39291230302459e-05,1.91553587513972e-05,2.41317325803328e-05
472,1.94054960936221e-08,7.13724914210092e-07,5.29964749266657e-05,1.91224097371259e-05,2.37307875544661e-05
472.2,1.08585706401165e-08,7.20162331282269e-07,5.20367499426589e-05,1.90914576328103e-05,2.33101400246789e-05
472.4,5.29442278703027e-09,7.19004594258435e-07,5.10559651627649e-05,1.90545147986273e-05,2.28765474035868e-05
472.6,1.27428695540522e-08,7.40572436573124e-07,5.01513967870345e-05,1.90165735094663e-05,2.25041133553336e-05
472.8,2.69754880912212e-08,7.78438421645742e-07,4.92658825123449e-05,1.89746384003937e-05,2.21580512820992e-05
473,1.95158110616848e-08,7.90993880059383e-07,4.81707731262055e-05,1.8920721831586e-05,2.16839285158046e-05
473.2,3.93804559412976e-09,7.91223431365833e-07,4.69653505235137e-05,1.88747929026017e-05,2.11456980223396e-05
473.4,3.24544648383347e-08,8.31734246708416e-07,4.59705258796948e-05,1.88937635471822e-05,2.0764823150804e-05
473.6,7.59006733412941e-08,8.91776884082394e-07,4.51090799431622e-05,1.89516739359015e-05,2.04690064785807e-05
473.8,5.63779054798215e-08,9.18255128256789e-07,4.41744261447356e-05,1.89916121350183e-05,2.00668354256707e-05
474,8.40053450940078e-09,9.20580582796041e-07,4.31846157380327e-05,1.90075874146651e-05,1.95998507819678e-05
474.2,0,9.1126878414745e-07,4.21597056715177e-05,1.89756368553716e-05,1.91383760957182e-05
474.4,1.26285792718251e-08,9.09572100578039e-07,4.11247671307706e-05,1.89416893861223e-05,1.86945143969738e-05
474.6,2.56636344169622e-08,9.51729697032109e-07,4.00928371322932e-05,1.89896152250625e-05,1.82869779132931e-05
474.8,3.44152885499355e-08,1.00872828447273e-06,3.91050324204368e-05,1.90595070735169e-05,1.79072086780347e-05
475,2.88349412916292e-08,1.04805142131673e-06,3.82586291952521e-05,1.90754823531636e-05,1.75643406342204e-05
475.2,1.75559811786251e-08,1.07340186994204e-06,3.74302772236852e-05,1.90784777180974e-05,1.72139743729799e-05
475.4,7.46583876649125e-09,1.07639601741747e-06,3.64565123757536e-05,1.91104282773908e-05,1.67832970935769e-05
475.6,0,1.0772942616601e-06,3.54847532226685e-05,1.91493680215297e-05,1.63538301896426e-05
475.8,0,1.09426109735421e-06,3.46353414552142e-05,1.91783232158894e-05,1.59961944364822e-05
476,3.97789811862808e-10,1.12220647379157e-06,3.37949553145689e-05,1.92012876803815e-05,1.5651490962043e-05
476.2,6.51852140110967e-09,1.16282707454158e-06,3.28763470749135e-05,1.92142675950945e-05,1.52869921161592e-05
476.4,1.73741105556029e-08,1.21133226364357e-06,3.2005875511572e-05,1.92292444197633e-05,1.49533560164934e-05
476.6,3.44351651207576e-08,1.26482769853794e-06,3.12597570287079e-05,1.92542057942113e-05,1.46827038134703e-05
476.8,4.32911712505469e-08,1.31702566952629e-06,3.05196556303829e-05,1.92921470833723e-05,1.44074231383212e-05
477,3.44629923199085e-08,1.3620376865736e-06,2.97183805392425e-05,1.93420698322683e-05,1.40863046178191e-05
477.2,1.97433977975979e-08,1.38988325809511e-06,2.89371623965662e-05,1.94059709508552e-05,1.37558904087149e-05
477.4,5.21402205805485e-09,1.39617096779351e-06,2.81960581508181e-05,1.94768612542875e-05,1.3426085279936e-05
477.6,3.41797511856935e-09,1.41962512301772e-06,2.7509107665923e-05,1.9545754647764e-05,1.31431897078052e-05
477.8,1.90238659338377e-08,1.47381919232303e-06,2.68773137893041e-05,1.96036650364834e-05,1.29219275935319e-05
478,3.2457446323958e-08,1.52162574701408e-06,2.62264658116444e-05,1.96276279559534e-05,1.26856377864099e-05
478.2,3.56844075969269e-08,1.55166702668423e-06,2.55385124793261e-05,1.96266295009755e-05,1.24113306825423e-05
478.4,2.52174054020059e-08,1.56973171645267e-06,2.48284965036973e-05,1.9645600145556e-05,1.21075102297638e-05
478.6,6.08630536858298e-09,1.58300577026041e-06,2.41234947651845e-05,1.9695522894452e-05,1.17955104674098e-05
478.8,7.8089083788808e-09,1.61474373349998e-06,2.3502732210221e-05,1.9732465728635e-05,1.15507556587913e-05
479,2.83191442787956e-08,1.66714131432003e-06,2.29772401604618e-05,1.97544317381493e-05,1.13782334495808e-05
479.2,3.37265653709495e-08,1.72782270315543e-06,2.25169331932109e-05,1.97963668472219e-05,1.12292741361569e-05
479.4,2.35537364241956e-08,1.78810487232744e-06,2.20796917166937e-05,1.98532787809634e-05,1.10782444716913e-05
479.6,1.52035890218289e-08,1.82952391240424e-06,2.15682395308594e-05,1.99041999848373e-05,1.08812536296022e-05
479.8,1.05743356773604e-08,1.85996441173779e-06,2.10076478212881e-05,1.99391459090645e-05,1.06569343578961e-05
480,7.97418206526661e-09,1.9049764287851e-06,2.04681159076041e-05,1.99341536341749e-05,1.04548862918043e-05
480.2,7.11173765729543e-09,1.95986913250134e-06,1.99697007382715e-05,1.9920175264484e-05,1.02799380616297e-05
480.4,8.38850918405341e-09,2.01366398214325e-06,1.95525162102184e-05,1.99800825631592e-05,1.01412306992342e-05
480.6,9.5190885324148e-09,2.0635664400671e-06,1.91734398842471e-05,2.0069943511172e-05,1.00159796427698e-05
480.8,4.36896964955302e-09,2.09959601468812e-06,1.87582610510404e-05,2.0095903340598e-05,9.85921052185283e-06
481,9.80759695789767e-11,2.13792110237364e-06,1.83390708281409e-05,2.009490488562e-05,9.7031731232128e-06
481.2,1.12650465134286e-08,2.21077869094246e-06,1.79740343660945e-05,2.01188678050901e-05,9.6098408283222e-06
481.4,2.30041492409644e-08,2.289724379378e-06,1.76200292257033e-05,2.01627998241186e-05,9.52657952266774e-06
481.6,1.30688453155347e-08,2.33663268982642e-06,1.7211870324459e-05,2.02376839474626e-05,9.37785195301157e-06
481.8,1.23214862526235e-10,2.37665446108135e-06,1.68237683716789e-05,2.03145649807625e-05,9.23015096830744e-06
482,3.34274229800768e-09,2.42905204190139e-06,1.65439739406048e-05,2.03435201751222e-05,9.15183137608178e-06
482.2,1.22906775678493e-08,2.49123050447451e-06,1.62912563899573e-05,2.03644877296585e-05,9.09742963550002e-06
482.4,2.43090461154357e-08,2.57037580274174e-06,1.60044420269208e-05,2.04004321088636e-05,9.04389033042188e-06
482.6,2.93258925909352e-08,2.64383222080565e-06,1.57005792576898e-05,2.04463610378479e-05,8.97308539720216e-06
482.8,1.54262066150365e-08,2.68974248209559e-06,1.53686367606092e-05,2.05062683365231e-05,8.8538525987474e-06
483,1.46241869823645e-09,2.74074279409377e-06,1.50577540594158e-05,2.05671740901763e-05,8.74779880885448e-06
483.2,0,2.81659453013802e-06,1.48050365087682e-05,2.06150999291164e-05,8.69631199508966e-06
483.4,0,2.89693748739542e-06,1.45543246529671e-05,2.06560365832111e-05,8.65036575903879e-06
483.6,0,2.97318844310307e-06,1.42815501538555e-05,2.06969732373059e-05,8.59154351620556e-06
483.8,2.39294036127334e-09,3.04654505625113e-06,1.40328439929007e-05,2.07528867160694e-05,8.54276212403015e-06
484,1.23284430524113e-08,3.11620888751282e-06,1.3823248881451e-05,2.08317646593251e-05,8.51387135813198e-06
484.2,1.95138234046026e-08,3.18926608591334e-06,1.36086395328852e-05,2.09086456926249e-05,8.48338710611634e-06
484.4,1.99630339051822e-08,3.26691431044285e-06,1.33689589987394e-05,2.09675545363222e-05,8.44046858464891e-06
484.6,1.4977989942998e-08,3.34076994817015e-06,1.31312841594399e-05,2.10214711051299e-05,8.39129875761528e-06
484.8,6.97637820999688e-09,3.41113241384279e-06,1.29026349469493e-05,2.10743892189597e-05,8.3410169952945e-06
485,7.61978280750846e-09,3.50225430201174e-06,1.26950455303459e-05,2.11542656171933e-05,8.3229266281967e-06
485.2,1.86144085749023e-08,3.6147344421721e-06,1.25045045199371e-05,2.12601018448528e-05,8.33704472499542e-06
485.4,3.22785571865591e-08,3.7212262873816e-06,1.2307946424989e-05,2.13389797881085e-05,8.34582273210226e-06
485.6,4.20131077466855e-08,3.81474349353089e-06,1.21043683980785e-05,2.1394893266872e-05,8.33828331143515e-06
485.8,3.07520365474213e-08,3.89338976721888e-06,1.18957761340519e-05,2.1469777390216e-05,8.30084339722969e-06
486,6.9123756519497e-09,3.96514950171338e-06,1.16881867174486e-05,2.15626337031626e-05,8.24884092916703e-06
486.2,3.5222277325313e-09,4.05287802274351e-06,1.14986485544629e-05,2.16494992862416e-05,8.23288818459633e-06
486.4,1.72568387877525e-08,4.15547747623495e-06,1.13231502554021e-05,2.17293756844753e-05,8.24783948858646e-06
486.6,3.03674249020136e-08,4.2662609328259e-06,1.11536690408806e-05,2.18112489926647e-05,8.27142156798789e-06
486.8,3.88080107016209e-08,4.38033795163983e-06,1.09922106057447e-05,2.19011099406775e-05,8.29756853271441e-06
487,3.82067444342522e-08,4.48443447886898e-06,1.084679772938e-05,2.19879755237566e-05,8.31596155202482e-06
487.2,3.07162587199415e-08,4.58533724879101e-06,1.06943649210529e-05,2.2082828746659e-05,8.32352952603133e-06
487.4,1.63117078451613e-08,4.6945238267284e-06,1.04747413353711e-05,2.21976510691198e-05,8.30305052539422e-06
487.6,5.10370708999216e-09,4.80510767348765e-06,1.02350608012253e-05,2.23104764816248e-05,8.27734263380603e-06
487.8,1.8498130635593e-08,4.90221785660746e-06,1.00505368753556e-05,2.2382365240035e-05,8.28374910862351e-06
488,3.42950352964617e-08,5.00351984619288e-06,9.88717303011561e-06,2.24482632685777e-05,8.30454055470017e-06
488.2,1.93150576963815e-08,5.1374580432605e-06,9.69813629084156e-06,2.25471103113918e-05,8.31657253130762e-06
488.4,2.87643794652107e-10,5.27538843696202e-06,9.50859812785591e-06,2.26599357238968e-05,8.32847119834519e-06
488.6,7.31497559395146e-09,5.3784869150327e-06,9.33731178797258e-06,2.27627765866226e-05,8.34056434355855e-06
488.8,1.73045425577255e-08,5.48068714886075e-06,9.17695648500217e-06,2.28666159043263e-05,8.35897117953061e-06
489,1.25729248735232e-08,5.60943549030429e-06,9.02622851729453e-06,2.29754474969196e-05,8.39141324728523e-06
489.2,6.20755245059782e-09,5.74526998077301e-06,8.87289314628656e-06,2.30882729094245e-05,8.42708306407898e-06
489.4,4.88407098240789e-09,5.87501637137502e-06,8.70050367423771e-06,2.31971045020178e-05,8.45344005453752e-06
489.6,7.66748657748151e-09,6.01035183726451e-06,8.52671021579637e-06,2.32999453647436e-05,8.48672488412089e-06
489.8,1.62192817908385e-08,6.15716486847648e-06,8.36134067570994e-06,2.33908047677343e-05,8.53715205460004e-06
490,2.10850663280901e-08,6.29329877369275e-06,8.19536942716959e-06,2.346968271099e-05,8.57606699303279e-06
490.2,1.61328187077624e-08,6.40817423183345e-06,8.02679077532892e-06,2.3544566834334e-05,8.58956579700046e-06
490.4,8.15386626549845e-09,6.54859974843117e-06,7.87114885524758e-06,2.36533984269273e-05,8.62663569497875e-06
490.6,7.68587240549196e-10,6.73852850328935e-06,7.73706815476513e-06,2.382014040824e-05,8.71274768010768e-06
490.8,5.34530680833486e-09,6.92805803848413e-06,7.59977834252844e-06,2.39619210151046e-05,8.80622493953181e-06
491,2.53297080271508e-08,7.09622932168751e-06,7.4485489511092e-06,2.40457912332499e-05,8.88841123903679e-06
491.2,3.73450950891139e-08,7.25022830684052e-06,7.28979820401592e-06,2.41216738115718e-05,8.95004611024253e-06
491.4,3.32336264145613e-08,7.39594348397817e-06,7.1254315113527e-06,2.4206542484695e-05,8.99042707171796e-06
491.6,2.10502823291514e-08,7.56351593768646e-06,6.95264090033456e-06,2.42934080677741e-05,9.03829475574642e-06
491.8,5.86875630093503e-09,7.75603962035668e-06,6.77834601818162e-06,2.43852659257427e-05,9.10297284449862e-06
492,0,7.93938125076891e-06,6.63283285707464e-06,2.44891052434464e-05,9.18002969359277e-06
492.2,4.26272937850886e-09,8.10605546023457e-06,6.51570027804436e-06,2.45979368360397e-05,9.2639884985652e-06
492.4,1.75887775204816e-08,8.26903688781387e-06,6.39997168540656e-06,2.46907931489863e-05,9.35252051753912e-06
492.6,3.24276314677249e-08,8.43251733997241e-06,6.27782486926025e-06,2.47656772723303e-05,9.43979236086039e-06
492.8,3.01815789648269e-08,8.60488042964139e-06,6.15036296177095e-06,2.48465521255418e-05,9.51879821526397e-06
493,1.5440120214612e-08,8.78862127971701e-06,6.01668340025779e-06,2.49424038034222e-05,9.59460314489361e-06
493.2,7.05697770468052e-09,8.98184359679816e-06,5.87096966966618e-06,2.50632168557505e-05,9.67748181415673e-06
493.4,4.58105266022489e-09,9.18873918735045e-06,5.72455394587832e-06,2.51980082777697e-05,9.7753591178182e-06
493.6,1.58923122008149e-09,9.41938834787449e-06,5.60190570602041e-06,2.5306839870363e-05,9.90202382785519e-06
493.8,0,9.65572638860185e-06,5.49119135049863e-06,2.5393705453442e-05,1.00394684905026e-05
494,4.26899049831782e-09,9.86052607592134e-06,5.36894424961e-06,2.54795725815432e-05,1.01513668378423e-05
494.2,1.14598369074852e-08,1.005933746829e-05,5.24429031490568e-06,2.55664381646222e-05,1.0259693820799e-05
494.4,1.6865270342557e-08,1.03018634137999e-05,5.13187111876445e-06,2.56513068377454e-05,1.0406601514554e-05
494.6,2.06616953695792e-08,1.05493796051022e-05,5.0217584716966e-06,2.57411677857582e-05,1.05572438785534e-05
494.8,2.16525424250612e-08,1.07410050435298e-05,4.89539969637283e-06,2.58519962883074e-05,1.06544319714037e-05
495,2.28759453591618e-08,1.09306343836404e-05,4.77525857507293e-06,2.59658201557903e-05,1.0752933273676e-05
495.2,2.99261650297628e-08,1.1185136919052e-05,4.69623419812441e-06,2.60776471133173e-05,1.09251554633195e-05
495.4,3.54796789174593e-08,1.14635926342671e-05,4.62222405829192e-06,2.61774926111093e-05,1.11173859847502e-05
495.6,3.16633773196149e-08,1.17470385952746e-05,4.51883048895953e-06,2.62533751894313e-05,1.12936145604433e-05
495.8,2.43040769727301e-08,1.2013517720588e-05,4.40962040457256e-06,2.63262624028194e-05,1.14511859087047e-05
496,1.54242189579543e-08,1.22231080438682e-05,4.30502341833233e-06,2.64131279858985e-05,1.15646012313302e-05
496.2,1.09450337231927e-08,1.24476691045255e-05,4.20995348261254e-06,2.6505984298845e-05,1.16973664361749e-05
496.4,1.76434380902424e-08,1.27381014096423e-05,4.13313536999508e-06,2.66018359767254e-05,1.1898716839927e-05
496.6,2.18324253910013e-08,1.30494927470871e-05,4.05030017283838e-06,2.66877031048265e-05,1.21121183159205e-05
496.8,1.48070514339279e-08,1.33628801828489e-05,3.94470033917495e-06,2.67506057684355e-05,1.23086393267569e-05
497,1.20104179192576e-08,1.36523144388073e-05,3.8493295492282e-06,2.68135084320444e-05,1.24938854727949e-05
497.2,2.05811952577497e-08,1.39048208759019e-05,3.78193820238886e-06,2.69003740151235e-05,1.26707645692607e-05
497.4,2.091412781902e-08,1.4162317558789e-05,3.71444657080719e-06,2.69792519583792e-05,1.28452934678078e-05
497.6,6.39459098203384e-09,1.44497557164304e-05,3.63883187509757e-06,2.70541360817232e-05,1.30286889296626e-05
497.8,4.68460959420806e-09,1.47611470538752e-05,3.57976416187083e-06,2.71360093899126e-05,1.32479938803768e-05
498,2.35418104817024e-08,1.50905032761727e-05,3.54065311236585e-06,2.72298641578371e-05,1.35058498051224e-05
498.2,3.71701812658794e-08,1.54098790068853e-05,3.47466575191899e-06,2.73007544612694e-05,1.37400968857906e-05
498.4,3.81401579219982e-08,1.57122879019038e-05,3.37668755867191e-06,2.73456849352759e-05,1.39373310397678e-05
498.6,3.43685786085035e-08,1.60346577800919e-05,3.30678909327456e-06,2.73976045941277e-05,1.41590266188549e-05
498.8,2.87514596941764e-08,1.63789847397665e-05,3.26988430810063e-06,2.74615057127146e-05,1.44111088154965e-05
499,2.68492718665008e-08,1.67382824368182e-05,3.21883937425952e-06,2.7543379020904e-05,1.46716812811558e-05
499.2,2.72328896833675e-08,1.71075606254547e-05,3.15034489525466e-06,2.76362353338506e-05,1.49342643195127e-05
499.4,1.85209886920384e-08,1.74958017481023e-05,3.09398487007056e-06,2.77350823766647e-05,1.52102473141903e-05
499.6,4.24036823633399e-09,1.78810487232744e-05,3.0456476242721e-06,2.78239448696996e-05,1.54831372495869e-05
499.8,0,1.82104049455718e-05,2.98126481970237e-06,2.78968320830877e-05,1.57124147155651e-05
500,1.64985476108891e-09,1.85188021355412e-05,2.91146663904734e-06,2.7955740926785e-05,1.592721402626e-05
500.2,1.55365215830992e-08,1.89190198480905e-05,2.87426099964645e-06,2.80136513155044e-05,1.62382014156449e-05
500.4,2.98605723460499e-08,1.93841107559408e-05,2.84989180726258e-06,2.8080547799025e-05,1.66064632287387e-05
500.6,2.24108336019245e-08,1.98332328772555e-05,2.78611071114678e-06,2.81534350124132e-05,1.69283384542336e-05
500.8,5.04348108040118e-09,2.02623940154006e-05,2.70708633419826e-06,2.82243253158455e-05,1.72202286983695e-05
501,0,2.06546273346821e-05,2.65664310881107e-06,2.82732496097636e-05,1.7504741012816e-05
501.2,0,2.10448645556466e-05,2.62284715064908e-06,2.8306198624035e-05,1.77987757317112e-05
501.4,1.14807073068484e-08,2.14870003328519e-05,2.59436628383007e-06,2.83371507283505e-05,1.81449177431455e-05
501.6,2.30041492409644e-08,2.1962071732287e-05,2.5635788679377e-06,2.83800842924011e-05,1.85161468618267e-05
501.8,1.55017375841605e-08,2.24680826556348e-05,2.51664560853172e-06,2.84709436953918e-05,1.8890358631047e-05
502,4.11315818307251e-09,2.29740935789827e-05,2.46489868149437e-06,2.85657969182942e-05,1.92595166993559e-05
502.2,3.7978163869798e-09,2.34381864376745e-05,2.41956997796553e-06,2.86227088520357e-05,1.96067165933869e-05
502.4,7.98769813342564e-09,2.39092656404757e-05,2.37755067093326e-06,2.86696362359979e-05,1.99643114787525e-05
502.6,1.46470450388099e-08,2.44312453503592e-05,2.33502994018939e-06,2.87225543498277e-05,2.03638404941038e-05
502.8,2.17698141929116e-08,2.49671977484613e-05,2.30805334450518e-06,2.8781463193525e-05,2.07815685027765e-05
503,2.67876544969523e-08,2.55051462448804e-05,2.31707897131403e-06,2.88623380467365e-05,2.12150051249668e-05
503.2,3.20181741087895e-08,2.60401005938241e-05,2.31457185275601e-06,2.89342268051467e-05,2.16411959148679e-05
503.4,3.89968381244309e-08,2.65630783528661e-05,2.2659337527306e-06,2.89801557341311e-05,2.20390848161649e-05
503.6,4.14148229649401e-08,2.70940405051759e-05,2.21107799868131e-06,2.90200939332479e-05,2.24371126411416e-05
503.8,3.51785488695044e-08,2.76409714440213e-05,2.16905869164904e-06,2.90600321323647e-05,2.28468128488516e-05
504,3.07351414622225e-08,2.82218360542549e-05,2.13867241472594e-06,2.91009687864594e-05,2.32898082950535e-05
504.2,3.33449352111651e-08,2.8845616778303e-05,2.12262685595467e-06,2.91468977154437e-05,2.37783840245314e-05
504.4,3.78986575865096e-08,2.9479377993936e-05,2.10357275491379e-06,2.92107988340306e-05,2.42750192184455e-05
504.6,4.18203050097111e-08,3.01031587179841e-05,2.07208334582516e-06,2.92916736872421e-05,2.47578444960543e-05
504.8,3.69624711007884e-08,3.07079765080212e-05,2.02464866270759e-06,2.93615655356965e-05,2.52120321097754e-05
505,2.28322169033532e-08,3.13058079539489e-05,1.96517981051156e-06,2.94094913746367e-05,2.56483934933983e-05
505.2,2.05156025740367e-08,3.20134248073091e-05,1.93469324884615e-06,2.9456418758599e-05,2.61932602877247e-05
505.4,3.31749905306361e-08,3.28298290189433e-05,1.93810293008504e-06,2.95083384174508e-05,2.68503906322304e-05
505.6,4.11693473152871e-08,3.35334536756696e-05,1.92506591358338e-06,2.95622549862585e-05,2.74075505180925e-05
505.8,3.90833012075071e-08,3.41163143842202e-05,1.8898659690289e-06,2.96211638299558e-05,2.7851812673774e-05
506,2.55264860782897e-08,3.47590580422794e-05,1.86409279025255e-06,2.96780757636972e-05,2.83388687408875e-05
506.2,7.98292775642833e-09,3.54886319771261e-05,1.84834808570824e-06,2.97210093277478e-05,2.88959880649894e-05
506.4,1.37923524934594e-08,3.63050361887604e-05,1.82628544239774e-06,2.97549567969971e-05,2.95367895763309e-05
506.6,3.40008620482946e-08,3.71573701700997e-05,1.7967014434132e-06,2.97829135363788e-05,3.02136705886747e-05
506.8,2.87584164939641e-08,3.79019148423236e-05,1.76150149885873e-06,2.98108702757606e-05,3.07834780260205e-05
507,9.60575038119918e-09,3.85955590074651e-05,1.72650212378889e-06,2.98418223800761e-05,3.13025326337269e-05
507.2,1.78978581967654e-08,3.94548793329139e-05,1.70845087017121e-06,2.99067219536409e-05,3.19809315898485e-05
507.4,3.76223732520823e-08,4.04010299351501e-05,1.69641670109275e-06,2.99855998968966e-05,3.27393496201481e-05
507.6,2.81293230274445e-08,4.12673366047081e-05,1.66562928520037e-06,3.00574886553069e-05,3.34042084509919e-05
507.8,6.94527137666029e-09,4.2099709602878e-05,1.62732051363396e-06,3.01253835938054e-05,3.40300522905839e-05
508,5.74472649900508e-09,4.29560357808513e-05,1.60084534166136e-06,3.01743078877235e-05,3.46951939724983e-05
508.2,1.52214779355688e-08,4.38243385487263e-05,1.58159067113584e-06,3.02112507219066e-05,3.53810746430195e-05
508.4,2.6879086722734e-08,4.46686881367978e-05,1.56735023772633e-06,3.02451981911558e-05,3.60518473709531e-05
508.6,3.3192879444376e-08,4.55509635928915e-05,1.55020154678954e-06,3.02841379352947e-05,3.67473030276578e-05
508.8,1.58456022593829e-08,4.65709698328551e-05,1.5122939141924e-06,3.03370560491245e-05,3.7524711393979e-05
509,1.28790240641836e-10,4.76229136458899e-05,1.47679311541097e-06,3.03969633477997e-05,3.83296817288595e-05
509.2,2.02313676112806e-08,4.85401208225302e-05,1.47488770530688e-06,3.04359030919386e-05,3.9069908334309e-05
509.4,4.24523799618541e-08,4.94453514092689e-05,1.47308257994511e-06,3.0467853651232e-05,3.9802310146569e-05
509.6,3.94539992533394e-08,5.04553771576476e-05,1.44279658776433e-06,3.05117856702605e-05,4.0586045839589e-05
509.8,2.79951561743952e-08,5.14723892501357e-05,1.40589180259041e-06,3.05507254143994e-05,4.1365994244839e-05
510,1.35071237021622e-08,5.24474832779678e-05,1.37329926133626e-06,3.05786821537812e-05,4.21123561364158e-05
510.2,6.93652568549856e-09,5.34235753549583e-05,1.35063490957184e-06,3.06066388931629e-05,4.2869856799753e-05
510.4,2.02741022385481e-08,5.44106459726921e-05,1.34622238090974e-06,3.06296033576551e-05,4.36591349238892e-05
510.6,2.72388526546141e-08,5.5500515653749e-05,1.34100757430907e-06,3.0680524561529e-05,4.45245693709923e-05
510.8,1.21396156296013e-08,5.67889971173429e-05,1.32405945285692e-06,3.0793349974034e-05,4.55252877394933e-05
511,0,5.79926444024662e-05,1.29969026047305e-06,3.08632418224884e-05,4.64578814935401e-05
511.2,0,5.8975722823566e-05,1.26970512251923e-06,3.08452696328858e-05,4.72227016943018e-05
511.4,0,5.99627934412998e-05,1.24593763858929e-06,3.08442711779079e-05,4.79933971119146e-05
511.6,0,6.10656377614169e-05,1.23440489322243e-06,3.09081722964948e-05,4.88610500256913e-05
511.8,4.52758468471342e-09,6.22064079495562e-05,1.22527898167127e-06,3.09730718700596e-05,4.97632033620331e-05
512,1.84464515514555e-08,6.3365143022548e-05,1.21454851424298e-06,3.10219961639777e-05,5.06860025880715e-05
512.2,2.66872778143007e-08,6.45029190632118e-05,1.19659754536762e-06,3.10519498133153e-05,5.158475100459e-05
512.4,2.5604998533037e-08,6.56337087597663e-05,1.17152635978751e-06,3.10709204578958e-05,5.24677813426599e-05
512.6,2.13623444910585e-08,6.68243814058294e-05,1.14765859111524e-06,3.109288646741e-05,5.33963235641762e-05
512.8,1.64399117269639e-08,6.80729409030841e-05,1.12970762223988e-06,3.11258354816814e-05,5.43727407416444e-05
513,1.41054084839075e-08,6.92187013370158e-05,1.12800278162044e-06,3.11587844959527e-05,5.52768742000954e-05
513.2,1.43121248204574e-08,7.0294598329854e-05,1.13542385255215e-06,3.11977242400916e-05,5.6131640299733e-05
513.4,1.21227205444025e-08,7.14653099927476e-05,1.11767345316143e-06,3.12286763444071e-05,5.70486186434306e-05
513.6,1.01817734036238e-08,7.26959046051497e-05,1.08267407809159e-06,3.12486454439656e-05,5.80056364422214e-05
513.8,2.10691650714324e-08,7.38676143172018e-05,1.0714421869517e-06,3.12815944582369e-05,5.89361816952684e-05
514,3.54051417768764e-08,7.49784430305867e-05,1.07475158344828e-06,3.13165403824641e-05,5.98275221495434e-05
514.2,2.61386844596105e-08,7.60683127116436e-05,1.05800403148076e-06,3.13205342023758e-05,6.06755937760014e-05
514.4,4.72943126141191e-09,7.71971063098811e-05,1.02902174095015e-06,3.13225311123316e-05,6.15399012169046e-05
514.6,0,7.85075448549615e-05,1.00495340279324e-06,3.13864322309185e-05,6.25627580645737e-05
514.8,0,7.98589034155394e-05,9.9072299785797e-07,3.14653101741742e-05,6.36258841418657e-05
515,2.50305656362781e-08,8.10665428972966e-05,1.00344913165844e-06,3.15102406481806e-05,6.46060662039003e-05
515.2,5.13193182055956e-08,8.21933403972171e-05,1.01658643290241e-06,3.15352020226286e-05,6.55234122474734e-05
515.4,3.15043647530381e-08,8.3327124241247e-05,9.81185918863295e-07,3.15581664871208e-05,6.63900753382762e-05
515.6,1.83719144108726e-09,8.44419451512659e-05,9.37772653912772e-07,3.15771371317013e-05,6.72307514936012e-05
515.8,1.06121011619224e-08,8.55208362915795e-05,9.42014698512927e-07,3.15981046862376e-05,6.80930042056819e-05
516,2.78679461211338e-08,8.65987293827347e-05,9.56475758355536e-07,3.16160768758401e-05,6.89653710856243e-05
516.2,2.54102081389803e-08,8.77484820133003e-05,9.44301190637833e-07,3.16280583355752e-05,6.98679963769624e-05
516.4,1.73701352414385e-08,8.89191936761938e-05,9.26300079391312e-07,3.16500243450894e-05,7.07804226284919e-05
516.6,1.04838972801198e-08,9.01178507155247e-05,9.1515844451951e-07,3.17159223736322e-05,7.17188349853882e-05
516.8,4.89848149625392e-09,9.12825740834674e-05,9.05460909937122e-07,3.17838173121307e-05,7.26320139113116e-05
517,2.41937620046675e-09,9.23524827813548e-05,8.95883717045519e-07,3.18257524212034e-05,7.3472576384855e-05
517.2,4.31550167404155e-09,9.33465397431979e-05,8.86487036690093e-07,3.18457215207618e-05,7.42565177622501e-05
517.4,1.24804988192004e-08,9.42387956908764e-05,8.7646859093228e-07,3.18287477861371e-05,7.4964391559795e-05
517.6,2.34454091132152e-08,9.51080965079099e-05,8.70802502991174e-07,3.18157678714242e-05,7.56581281069638e-05
517.8,3.52868761804848e-08,9.5991370013162e-05,8.72808197837583e-07,3.18237555112475e-05,7.63669383493782e-05
518,3.78022562180223e-08,9.69065810914855e-05,8.70180737588787e-07,3.18636937103643e-05,7.70919155680623e-05
518.2,2.46837194754324e-08,9.78417531529784e-05,8.55649478426554e-07,3.19345840137967e-05,7.78156167232408e-05
518.4,1.00714584355611e-08,9.87839115585808e-05,8.32052478558552e-07,3.19865036726485e-05,7.85397516836926e-05
518.6,1.31085984571789e-09,9.97130953251229e-05,8.02538678893643e-07,3.19964882224277e-05,7.92554782885454e-05
518.8,4.27554976668912e-09,0.000100583394191315,7.9521789270425e-07,3.20044758622511e-05,7.99432069714978e-05
519,2.01011760723958e-08,0.000101361872534927,8.17862187520208e-07,3.20234465068316e-05,8.05811329903068e-05
519.2,3.0871295972354e-08,0.000102110409403785,8.32443589053602e-07,3.20414186964341e-05,8.11880050213599e-05
519.4,3.08444626017441e-08,0.000102829004797888,8.27990946494574e-07,3.20543986111471e-05,8.17546707312371e-05
519.6,2.72736366535528e-08,0.000103497697734068,8.2277613989391e-07,3.20943368102639e-05,8.22788241664497e-05
519.8,2.1914913159913e-08,0.000104096527229154,8.18463895974131e-07,3.2155242563917e-05,8.27467306944329e-05
520,1.3137419484871e-08,0.000104675395741071,8.02588821264803e-07,3.21951807630338e-05,8.31911947758233e-05
520.2,4.75805352339574e-09,0.000105244283761403,7.78801280386392e-07,3.22091591327247e-05,8.3624606984897e-05
520.4,9.8607667848468e-09,0.000105793210798565,7.6755936077227e-07,3.22271313223273e-05,8.40579416866819e-05
520.6,2.49788865521406e-08,0.000106302215869388,7.68401752607761e-07,3.22490973318415e-05,8.44725697111608e-05
520.8,3.40863313028296e-08,0.000106771298973872,7.68612350566634e-07,3.22780525262012e-05,8.48507670499734e-05
521,3.57857781081197e-08,0.000107200460112018,7.66606655720225e-07,3.2305010810605e-05,8.51907804969571e-05
521.2,3.10064566539443e-08,0.000107589699283824,7.63457714811363e-07,3.23119999954505e-05,8.54937843968828e-05
521.4,2.56447516746812e-08,0.000107929035997706,7.59777264768203e-07,3.23100030854946e-05,8.57566256120061e-05
521.6,3.43079550674961e-08,0.00010816856779574,7.57550943488689e-07,3.23169922703401e-05,8.59517749905226e-05
521.8,4.67586390304633e-08,0.000108338236152681,7.54422059528291e-07,3.23349644599426e-05,8.60941224351229e-05
522,4.13929587370358e-08,0.000108547826475962,7.43771819893859e-07,3.23709088391477e-05,8.62512463873301e-05
522.2,2.85755520424007e-08,0.000108757416799242,7.3304135246557e-07,3.24168377681321e-05,8.64026769964078e-05
522.4,2.44799846245058e-08,0.000108917104664598,7.37193140797637e-07,3.24487883274255e-05,8.65277433018324e-05
522.6,2.48377628993037e-08,0.000108996948597276,7.4314002601724e-07,3.24687574269839e-05,8.65937940876535e-05
522.8,2.6520314619395e-08,0.000109076792529954,7.30614461701415e-07,3.25116909910345e-05,8.66527812017832e-05
523,2.66803210145129e-08,0.000109096753513124,7.1607317406495e-07,3.25536261001071e-05,8.66623457130274e-05
523.2,1.76275368335847e-08,0.000108996948597276,7.20004335963912e-07,3.2554624555085e-05,8.65782124456635e-05
523.4,1.16754977009051e-08,0.000108847241223505,7.27174695039824e-07,3.25496322801954e-05,8.64583604082812e-05
523.6,2.63135982828451e-08,0.000108697533849733,7.25670423905017e-07,3.25755921096214e-05,8.63503535431558e-05
523.8,3.95176042799701e-08,0.000108517885001207,7.1778804315863e-07,3.26095395788707e-05,8.62147785158065e-05
524,3.18869887413636e-08,0.000108258392220003,6.99967444448286e-07,3.26384947732303e-05,8.5995860489613e-05
524.2,2.33698781440912e-08,0.00010795897747246,6.83771458563533e-07,3.26734406974575e-05,8.57453884064775e-05
524.4,2.72646921966828e-08,0.000107649582233332,6.79068104148704e-07,3.27163742615081e-05,8.55014638806081e-05
524.6,2.81233600561978e-08,0.000107270323553111,6.76581042539156e-07,3.27393387260003e-05,8.52009185159744e-05
524.8,1.67579368601176e-08,0.000106811220940211,6.71516663051973e-07,3.27213665363977e-05,8.48267839361202e-05
525,1.17301582706659e-08,0.000106322176852558,6.72589709794802e-07,3.27133788965743e-05,8.44364498407084e-05
525.2,2.30548344965608e-08,0.000105823152273319,6.84042227367798e-07,3.27323495411548e-05,8.40551691736468e-05
525.4,2.67717532402946e-08,0.000105314147202496,6.90209739020506e-07,3.27573109156028e-05,8.36579053450103e-05
525.6,1.24377641919328e-08,0.000104725298198995,6.82878924356881e-07,3.27662970104041e-05,8.317785704857e-05
525.8,3.75885830816847e-09,0.000104196332145002,6.71767374907775e-07,3.279225683983e-05,8.27478371449316e-05
526,9.08418916282712e-09,0.000103737229532102,6.60806252572149e-07,3.28411811337481e-05,8.23838003368694e-05
526.2,1.23801221365487e-08,0.000103118439053846,6.52512704382248e-07,3.28741301480195e-05,8.18930253810329e-05
526.4,1.00158040372592e-08,0.00010232998021865,6.49423934318778e-07,3.28831162428208e-05,8.12659659838172e-05
526.6,1.47682921208248e-08,0.000101551501875038,6.56965346941276e-07,3.28581548683728e-05,8.06568519724607e-05
526.8,2.6095949832343e-08,0.000100852867464104,6.69761680061366e-07,3.28212120341897e-05,8.01182074974251e-05
527,2.31850260354456e-08,0.000100144252561585,6.52151679309894e-07,3.2855159503439e-05,7.95475707572339e-05
527.2,6.6641172823816e-09,9.94366357082247e-05,6.08377389287017e-07,3.29599972761206e-05,7.89559596016683e-05
527.4,2.58822766960054e-10,9.86801144460991e-05,5.9156966647411e-07,3.30059262051049e-05,7.83451112166888e-05
527.6,6.22077037019452e-09,9.78627121853065e-05,6.04747081615017e-07,3.29899509254582e-05,7.77085767863639e-05
527.8,1.45923844690491e-08,9.6991415269956e-05,6.18335664199438e-07,3.29949432003478e-05,7.70314043570208e-05
528,2.22488395497244e-08,9.60881807815343e-05,6.26869895770909e-07,3.30268937596413e-05,7.63262084194983e-05
528.2,2.67459136982259e-08,9.52049072762821e-05,6.31703620350754e-07,3.30538520440451e-05,7.56327922402792e-05
528.4,2.68949879793917e-08,9.43186396235545e-05,6.31152054267992e-07,3.30698273236918e-05,7.49313526709497e-05
528.6,1.88419953108154e-08,9.34084187910235e-05,6.19759707540389e-07,3.30858026033385e-05,7.4199994931507e-05
528.8,9.49126133326385e-09,9.25011921059679e-05,6.0534879006894e-07,3.31057717028969e-05,7.34687024296569e-05
529,1.37516055232741e-08,9.16827917960167e-05,6.05037907367746e-07,3.31407176271241e-05,7.28241938574466e-05
529.2,2.53267265415275e-08,9.08544109944808e-05,6.11405988505095e-07,3.31776604613072e-05,7.21802596118974e-05
529.4,3.421254752755e-08,8.98084554763969e-05,6.11636643412432e-07,3.31826527361968e-05,7.13594333093296e-05
529.6,3.86798068198183e-08,8.87135955495476e-05,6.06612377822177e-07,3.31856481011306e-05,7.04942577730848e-05
529.8,3.42831093539685e-08,8.77305171284477e-05,5.93455019629734e-07,3.3192637285976e-05,6.97072524335462e-05
530,2.65421788472993e-08,8.67973411652717e-05,5.81220281066639e-07,3.32136048405123e-05,6.89575990482891e-05
530.2,2.24227595444178e-08,8.57982939576362e-05,5.84970930429424e-07,3.32595337694966e-05,6.81655541927617e-05
530.4,1.9480033234205e-08,8.48022408974761e-05,5.91068242762507e-07,3.33004704235914e-05,6.7377797257823e-05
530.6,1.57561576906834e-08,8.38670688359831e-05,5.83436573871921e-07,3.32874905088784e-05,6.66316254297547e-05
530.8,1.28482153794093e-08,8.29788050849385e-05,5.73438185062572e-07,3.32715152292317e-05,6.59221582518544e-05
531,1.15681642184657e-08,8.21174886611729e-05,5.69095855720097e-07,3.32834966889667e-05,6.52377216700313e-05
531.2,1.32954382229067e-08,8.12312210084453e-05,5.67380986626417e-07,3.33124518833264e-05,6.45369722863676e-05
531.4,2.04738617753103e-08,8.01932498836292e-05,5.67310787306793e-07,3.33354163478186e-05,6.37210362087104e-05
531.6,2.82237367388495e-08,7.91862182827258e-05,5.70610155329135e-07,3.33633730872003e-05,6.29314887623455e-05
531.8,3.36122750887224e-08,7.82859779417796e-05,5.79535497395656e-07,3.33763530019133e-05,6.22271108863078e-05
532,3.13701978999888e-08,7.73867356499918e-05,5.7872319098286e-07,3.33843406417367e-05,6.15134747959298e-05
532.2,1.61328187077624e-08,7.64026591797334e-05,5.56139067012294e-07,3.33773514568912e-05,6.07133300292012e-05
532.4,7.33246697627491e-09,7.54465280859124e-05,5.39682340797508e-07,3.33823437317808e-05,5.99428632325023e-05
532.6,1.61556767642078e-08,7.46001823995239e-05,5.44696577913531e-07,3.34282726607651e-05,5.92820321860312e-05
532.8,2.5331695684233e-08,7.37548347622939e-05,5.5028243806078e-07,3.34582263101027e-05,5.86225085135565e-05
533,2.71643155140312e-08,7.28765515028341e-05,5.48196515420515e-07,3.34542324901911e-05,5.79279951531796e-05
533.2,2.17608697360417e-08,7.20142370299099e-05,5.46511731749531e-07,3.34622201300144e-05,5.72407987385843e-05
533.4,9.89505386951493e-09,7.11459342620349e-05,5.46551845646459e-07,3.34831876845507e-05,5.65447101933415e-05
533.6,7.25286131013238e-09,7.02217407412852e-05,5.42309801046304e-07,3.34971660542416e-05,5.58095278797137e-05
533.8,1.76543702041946e-08,6.92226935336497e-05,5.32742636628933e-07,3.34851845945066e-05,5.50226913269761e-05
534,2.51756646032795e-08,6.8382336142212e-05,5.24810113511385e-07,3.34971660542416e-05,5.43599545596871e-05
534.2,2.58524618397722e-08,6.77076549110815e-05,5.21290119055938e-07,3.35331104334467e-05,5.38250492582558e-05
534.4,2.53346771698563e-08,6.69501355997975e-05,5.25451935862236e-07,3.35640625377623e-05,5.32270421025388e-05
534.6,2.44958858811635e-08,6.60898172251903e-05,5.34006224382171e-07,3.35850300922986e-05,5.25493641771259e-05
534.8,2.27099759927972e-08,6.52694208169222e-05,5.31188223122966e-07,3.36040007368791e-05,5.18975897670683e-05
535,1.93796565515534e-08,6.45099054073212e-05,5.18131149672843e-07,3.36209744715037e-05,5.12883454511233e-05
535.2,1.10503795485498e-08,6.38062807505948e-05,5.08413558141992e-07,3.36369497511504e-05,5.07209910016305e-05
535.4,1.85816122330458e-09,6.31405819618907e-05,5.04993848428864e-07,3.36529250307972e-05,5.01857435906248e-05
535.6,4.45831483539838e-09,6.24389534034813e-05,5.10880562803075e-07,3.36589157606647e-05,4.96350843543331e-05
535.8,1.44840571580687e-08,6.17083814194761e-05,5.19274395735297e-07,3.36569188507088e-05,4.90682555893936e-05
536,1.89622485642891e-08,6.10247177459194e-05,5.1340773830955e-07,3.3667901855466e-05,4.85281037692901e-05
536.2,1.90477178188242e-08,6.03480404164719e-05,4.99267589642366e-07,3.36768879502672e-05,4.79865305582049e-05
536.4,1.9036785704872e-08,5.96573903988058e-05,4.90392389947007e-07,3.36908663199581e-05,4.74361273987825e-05
536.6,1.88986435376584e-08,5.89697345286152e-05,4.87093021924664e-07,3.37028477796932e-05,4.68904327193919e-05
536.8,1.78113951136892e-08,5.83259928213975e-05,4.91886632607581e-07,3.37088385095607e-05,4.63823024246155e-05
537,1.71942275896628e-08,5.77141886872511e-05,4.96971069043228e-07,3.37058431446269e-05,4.58999286187144e-05
537.2,1.99560771053945e-08,5.71482948143946e-05,4.8903854592568e-07,3.37028477796932e-05,4.54507634057865e-05
537.4,2.32347174625008e-08,5.65824009415381e-05,4.76884035156442e-07,3.37008508697373e-05,4.50001462494209e-05
537.6,2.36640513922583e-08,5.59276806935772e-05,4.69412821853568e-07,3.3691864774936e-05,4.44791222811824e-05
537.8,2.19318082451118e-08,5.52779506914087e-05,4.67046101934806e-07,3.36978555048036e-05,4.39626356725356e-05
538,1.62172941337563e-08,5.47140529168691e-05,4.74306717278806e-07,3.37367952489424e-05,4.35152507154201e-05
538.2,1.25460915029133e-08,5.41711141746576e-05,4.82840948850276e-07,3.37747365381034e-05,4.30865587499271e-05
538.4,1.81840808166037e-08,5.35623041879866e-05,4.82911148169901e-07,3.37647519883242e-05,4.26091135020014e-05
538.6,2.72169884267098e-08,5.30033966592395e-05,4.83823739325017e-07,3.37507736186333e-05,4.21741023797917e-05
538.8,3.72864592051887e-08,5.25892062584715e-05,4.93912384402454e-07,3.37467797987216e-05,4.18584028723675e-05
539,4.3650937182427e-08,5.21191251048289e-05,4.96940983620532e-07,3.37447828887658e-05,4.14925790433601e-05
539.2,4.11524522300883e-08,5.14464399720153e-05,4.79381125240221e-07,3.37567643485009e-05,4.095070894365e-05
539.4,3.39372570216638e-08,5.08056924122731e-05,4.6441864168601e-07,3.37627550783684e-05,4.04316644687434e-05
539.6,2.35348536819146e-08,5.0332617111155e-05,4.66534649748971e-07,3.3741787523832e-05,4.00503411383962e-05
539.8,1.67489924032476e-08,4.98805008423649e-05,4.66384222635491e-07,3.37407890688541e-05,3.96873589401274e-05
540,1.84583774939488e-08,4.93984430988205e-05,4.55042018279047e-07,3.37947056376618e-05,3.93022453654946e-05
540.2,2.33003101462138e-08,4.89173834044345e-05,4.49777069307224e-07,3.38226623770436e-05,3.89229550060011e-05
540.4,2.87037559242033e-08,4.84662651848029e-05,4.5740873819781e-07,3.38036917324631e-05,3.85734178156484e-05
540.6,2.98029302906658e-08,4.80201372109637e-05,4.58762582219136e-07,3.37857195428605e-05,3.82218186642324e-05
540.8,2.46986269035489e-08,4.7573011187966e-05,4.47570804976174e-07,3.37887149077943e-05,3.78592387809331e-05
541,2.18433575049534e-08,4.70979397885309e-05,4.40530816065278e-07,3.37727396281476e-05,3.74780669042324e-05
541.2,2.36064093368742e-08,4.65989152092924e-05,4.41954859406229e-07,3.37407890688541e-05,3.70851449444487e-05
541.4,2.49401272390375e-08,4.61018867283709e-05,4.41112467570737e-07,3.37387921588983e-05,3.66924864288336e-05
541.6,2.36650452207994e-08,4.5616834837351e-05,4.35396237258471e-07,3.37697442632138e-05,3.63051950533381e-05
541.8,1.54609906139752e-08,4.51128200123201e-05,4.2637061044963e-07,3.37727396281476e-05,3.58961910820616e-05
542,3.47333136830892e-09,4.46137954330816e-05,4.17385097537718e-07,3.37527705285892e-05,3.54882804695461e-05
542.2,4.02778831139157e-09,4.41796440491441e-05,4.19430906281055e-07,3.37587612584567e-05,3.51460471679915e-05
542.4,1.62003990485575e-08,4.37884087790211e-05,4.30662797420946e-07,3.37857195428605e-05,3.48506086610485e-05
542.6,2.58842643530876e-08,4.33193256745369e-05,4.37371846682184e-07,3.37717411731697e-05,3.44897028858367e-05
542.8,3.01776036506625e-08,4.28103206037136e-05,4.38655491383886e-07,3.37377937039204e-05,3.4090743253165e-05
543,2.73789824789099e-08,4.23881458096778e-05,4.38956345610847e-07,3.37367952489424e-05,3.37546787804061e-05
543.2,2.22379074357722e-08,4.20278500634676e-05,4.38856060868527e-07,3.37657504433021e-05,3.34656258483814e-05
543.4,2.76989952691459e-08,4.15827201387869e-05,4.38795890023134e-07,3.3754767438545e-05,3.31175108744289e-05
543.6,3.77416326770149e-08,4.11016604444009e-05,4.36780166702493e-07,3.3729806064097e-05,3.27435889595531e-05
543.8,3.71980084650303e-08,4.07034388301686e-05,4.26119898593829e-07,3.37587612584567e-05,3.24234028222219e-05
544,3.15689636082099e-08,4.03291703957397e-05,4.14386583742337e-07,3.37957040926397e-05,3.21178408061216e-05
544.2,3.22079953601406e-08,3.98521028979877e-05,4.18057005311265e-07,3.37337998840087e-05,3.17424215103768e-05
544.4,3.47700853391101e-08,3.93460919746399e-05,4.25738816573012e-07,3.36529250307972e-05,3.13473116009985e-05
544.6,3.10879505943149e-08,3.88959718041667e-05,4.16542705702226e-07,3.36639080355543e-05,3.09843141098791e-05
544.8,2.74813468186438e-08,3.84658126168631e-05,4.05050074232303e-07,3.37068415996048e-05,3.06361660577793e-05
545,3.51109685287092e-08,3.80017197581713e-05,4.14025558669983e-07,3.36968570498256e-05,3.02786393501998e-05
545.2,4.22675278532085e-08,3.75496034893812e-05,4.24344858654757e-07,3.36768879502672e-05,2.99308176602213e-05
545.4,3.24176931823138e-08,3.71374091869302e-05,4.11568582483132e-07,3.36589157606647e-05,2.95915839807978e-05
545.6,2.12053195815638e-08,3.673120317943e-05,3.9508177084565e-07,3.36499296658634e-05,2.92544333513464e-05
545.8,2.59806657215748e-08,3.62631181241043e-05,3.92915620411528e-07,3.36409435710621e-05,2.88867130796039e-05
546,2.95803126974582e-08,3.57990252654125e-05,3.91842573668699e-07,3.36269652013712e-05,2.85217366476529e-05
546.2,1.6894091370249e-08,3.5406791946131e-05,3.82054782818223e-07,3.36139852866583e-05,2.81974500414197e-05
546.4,8.06452107965308e-09,3.50025820369478e-05,3.7738151382609e-07,3.36010053719453e-05,2.78688489633995e-05
546.6,1.80131423075336e-08,3.45334989324636e-05,3.8939562595608e-07,3.36040007368791e-05,2.75104617176828e-05
546.8,3.2438563581677e-08,3.41143182859033e-05,3.99714925940855e-07,3.3616980651592e-05,2.71942217332297e-05
547,4.47689942911705e-08,3.38198937841526e-05,3.9640552944428e-07,3.36349528411946e-05,2.69691580253507e-05
547.2,4.47153275499508e-08,3.34825531685873e-05,3.91792431297539e-07,3.36289621113271e-05,2.67001613043817e-05
547.4,2.35437981387846e-08,3.30064837199938e-05,3.91471520122113e-07,3.3580037817409e-05,2.63072268333526e-05
547.6,5.41209208629714e-09,3.24924884033781e-05,3.84862755603196e-07,3.3530115068513e-05,2.58838426697217e-05
547.8,2.76890569837348e-09,3.19994521190905e-05,3.68195431429537e-07,3.35141397888663e-05,2.54844103945279e-05
548,5.67913381529213e-09,3.15762792758962e-05,3.6012250967274e-07,3.35011598741533e-05,2.51482329918447e-05
548.2,1.10344782918922e-08,3.12409347586479e-05,3.67814349408719e-07,3.3480192319617e-05,2.48902983670728e-05
548.4,1.71355917057376e-08,3.08626741275851e-05,3.74152345123372e-07,3.34761984997053e-05,2.45983786848902e-05
548.6,2.16257090544514e-08,3.03965851705764e-05,3.72688187885493e-07,3.34831876845507e-05,2.42323280250022e-05
548.8,1.87475815994104e-08,2.99504571967371e-05,3.65638170500365e-07,3.34632185849923e-05,2.38740376118767e-05
549,9.33860926935007e-09,2.95492414350294e-05,3.5506815865979e-07,3.34093020161846e-05,2.35447899090142e-05
549.2,8.80740791412929e-09,2.91629964106987e-05,3.50445032038817e-07,3.33813452768029e-05,2.32367276899116e-05
549.4,1.92444958699631e-08,2.87777494355266e-05,3.5384468480348e-07,3.3380346821825e-05,2.29412884686292e-05
549.6,2.96707510946988e-08,2.84084712468901e-05,3.60824502868984e-07,3.33713607270237e-05,2.26600412500557e-05
549.8,3.71980084650303e-08,2.8044183304046e-05,3.69077937161957e-07,3.33493947175094e-05,2.23810979459594e-05
550,4.30019671450853e-08,2.765494413224e-05,3.76067783701692e-07,3.33364148027965e-05,2.20805499632054e-05
550.2,4.50124822837413e-08,2.72397556823135e-05,3.79337066301339e-07,3.33284271629731e-05,2.17549623004929e-05
550.4,3.59308770751211e-08,2.6807600396693e-05,3.73871547844874e-07,3.33014688785693e-05,2.14037103192752e-05
550.6,2.14686841449567e-08,2.63814334060233e-05,3.62529343488431e-07,3.326752140932e-05,2.10505441024561e-05
550.8,1.77925123714082e-08,2.59991805783266e-05,3.52230100452121e-07,3.32445569448278e-05,2.07407732987812e-05
551,2.19795120150848e-08,2.5652857520335e-05,3.45611307458971e-07,3.32435584898499e-05,2.0467012560744e-05
551.2,2.45644600504997e-08,2.52815832333816e-05,3.46674325727568e-07,3.32315770301149e-05,2.01756469681455e-05
551.4,2.4925219810921e-08,2.48913460124171e-05,3.51437850987789e-07,3.32076141106448e-05,1.98692034941272e-05
551.6,2.17698141929116e-08,2.44911282998678e-05,3.50796028636938e-07,3.31896419210422e-05,1.95498311435641e-05
551.8,1.90248597623788e-08,2.41168598654389e-05,3.50234434079944e-07,3.3180655826241e-05,1.92513394112961e-05
552,2.46837194754324e-08,2.38354100027484e-05,3.62489229591503e-07,3.31626836366384e-05,1.90382759009869e-05
552.2,3.25637859778563e-08,2.35789113690198e-05,3.75014793907327e-07,3.31437129920579e-05,1.88467614357669e-05
552.4,3.39780039918492e-08,2.32435668517715e-05,3.66851615882443e-07,3.31157562526761e-05,1.85789080135626e-05
552.6,3.20787976497969e-08,2.28683003681841e-05,3.52841837380276e-07,3.30887979682723e-05,1.82743939353919e-05
552.8,2.80378908016628e-08,2.24581021640501e-05,3.50555345255369e-07,3.30608412288905e-05,1.79457330776715e-05
553,2.60243941773834e-08,2.20578844515008e-05,3.5124730997738e-07,3.30159107548841e-05,1.76278104682474e-05
553.2,3.57003088535846e-08,2.17664540972255e-05,3.49311814450596e-07,3.29609957310985e-05,1.74037005942857e-05
553.4,4.14386748499266e-08,2.15009730210706e-05,3.44317634283037e-07,3.2918062167048e-05,1.71957985655625e-05
553.6,2.34712486552839e-08,2.12065485193199e-05,3.30418168997423e-07,3.29320405367388e-05,1.69431026566489e-05
553.8,9.256717797563e-09,2.08921630343996e-05,3.23839489901201e-07,3.29340374466947e-05,1.66806591637877e-05
554,2.26056239959812e-08,2.0547836074725e-05,3.42532565869733e-07,3.28711347830857e-05,1.64264922163815e-05
554.2,3.59418091890732e-08,2.02134896066352e-05,3.58006501609779e-07,3.28242073991235e-05,1.61788069980148e-05
554.4,3.16126920640185e-08,1.99120787607752e-05,3.49672839522949e-07,3.28401826787702e-05,1.59333700609945e-05
554.6,2.51905720313961e-08,1.96106679149151e-05,3.36986819619412e-07,3.28491687735715e-05,1.56844425424276e-05
554.8,2.36213167649908e-08,1.92743253485084e-05,3.28773499223367e-07,3.27862661099625e-05,1.54135120188086e-05
555,2.90774354556589e-08,1.89968676824517e-05,3.29174638192649e-07,3.27353449060886e-05,1.51982754066838e-05
555.2,4.41090921398766e-08,1.8811230538975e-05,3.42291882488164e-07,3.27123804415964e-05,1.50685231633997e-05
555.4,4.8671758972091e-08,1.85986460682194e-05,3.47135635542242e-07,3.26934097970159e-05,1.49058836268905e-05
555.6,3.36540158874488e-08,1.82962371732009e-05,3.34078562092119e-07,3.26614592377225e-05,1.46494773622472e-05
555.8,2.56884801304898e-08,1.79828497374391e-05,3.27479826047434e-07,3.26335024983407e-05,1.4392559902953e-05
556,3.42006215850567e-08,1.76924174323223e-05,3.35883687453887e-07,3.26205225836278e-05,1.4172872812562e-05
556.2,4.04875809360889e-08,1.7421946110375e-05,3.44167207169557e-07,3.25915673892681e-05,1.39672388220843e-05
556.4,3.90216838379586e-08,1.71774240665481e-05,3.46413585397535e-07,3.25476353702396e-05,1.37736144855166e-05
556.6,3.56903705681736e-08,1.69348981210382e-05,3.37257588423678e-07,3.2505700261167e-05,1.35751721423778e-05
556.8,3.24932241514378e-08,1.66923721755283e-05,3.19306619548317e-07,3.24817373416969e-05,1.33729896312207e-05
557,3.19237603973845e-08,1.64538384266523e-05,3.15164859690482e-07,3.24557775122709e-05,1.3181993944095e-05
557.2,3.4278140211263e-08,1.62232890710441e-05,3.26547177943853e-07,3.24328130477788e-05,1.30063181591312e-05
557.4,3.60769698706635e-08,1.60057143544961e-05,3.33065686194683e-07,3.24168377681321e-05,1.28383627484278e-05
557.6,3.81709666067724e-08,1.57931298837405e-05,3.32835031287346e-07,3.24078516733308e-05,1.26716319517802e-05
557.8,4.71830038175153e-08,1.55426195449628e-05,3.35091437989556e-07,3.23768995690153e-05,1.24812295796607e-05
558,5.93822491595829e-08,1.52771384688079e-05,3.40095646631346e-07,3.23289737300751e-05,1.228260122199e-05
558.2,6.19145242823192e-08,1.50695442438446e-05,3.4663421183064e-07,3.22790509811791e-05,1.2123109153501e-05
558.4,5.64037450218903e-08,1.48998758869035e-05,3.4982326663643e-07,3.22341205071727e-05,1.19860576502803e-05
558.6,5.15538617412964e-08,1.4706254350159e-05,3.35412349164981e-07,3.22211405924597e-05,1.18228651397936e-05
558.8,4.6151409791848e-08,1.4488679633611e-05,3.14573179710791e-07,3.22091591327247e-05,1.16374905222646e-05
559,3.27267738585976e-08,1.42840795561232e-05,3.1637830507256e-07,3.21722162985416e-05,1.14661834571394e-05
559.2,2.00316080745185e-08,1.4078481429477e-05,3.27189000294704e-07,3.21113105448885e-05,1.12985745760279e-05
559.4,2.66852901572184e-08,1.38509262213442e-05,3.16629016928361e-07,3.20643831609263e-05,1.11189472661547e-05
559.6,4.17417925549638e-08,1.36303573573208e-05,3.00202376136271e-07,3.20234465068316e-05,1.09486659790103e-05
559.8,4.95701799732502e-08,1.34926265734509e-05,3.07202251150238e-07,3.20124635020744e-05,1.08486805010814e-05
560,5.01873474972766e-08,1.33658743303244e-05,3.18945594475963e-07,3.19954897674498e-05,1.07539789344939e-05
560.2,3.88268934439019e-08,1.31463035154594e-05,3.07452963006039e-07,3.19435701085979e-05,1.05665837085597e-05
560.4,2.62380673137211e-08,1.29107639140588e-05,2.9068535409006e-07,3.18906519947682e-05,1.03633151472495e-05
560.6,2.81849774257463e-08,1.27450877537516e-05,2.89612307347231e-07,3.18636937103643e-05,1.02332236499014e-05
560.8,3.26581996892613e-08,1.2599372576614e-05,2.92279881492955e-07,3.18497153406734e-05,1.01224798340548e-05
561,2.57709678994016e-08,1.24187256789297e-05,2.86332996273352e-07,3.18347385160047e-05,9.97170473738946e-06
561.2,2.16465794538146e-08,1.22490573219886e-05,2.84086618045374e-07,3.18067817766229e-05,9.83333151310472e-06
561.4,3.38498001100466e-08,1.21382738653976e-05,2.97755428423652e-07,3.17368899281685e-05,9.7609049284982e-06
561.6,4.75427697493954e-08,1.20145157697465e-05,3.12768054349023e-07,3.16659996247361e-05,9.67992963790575e-06
561.8,5.27842214751848e-08,1.18238883804773e-05,3.18905480579035e-07,3.16480274351336e-05,9.53574549868497e-06
562,5.35345620237193e-08,1.16312648928913e-05,3.22094535384825e-07,3.16200706957518e-05,9.38528362402527e-06
562.2,4.97898160808345e-08,1.14835536174367e-05,3.24902508169798e-07,3.15631587620104e-05,9.26678148563116e-06
562.4,4.6717892060278e-08,1.1337838440299e-05,3.22094535384825e-07,3.15102406481806e-05,9.1479164691658e-06
562.6,4.82533571562857e-08,1.11771525257842e-05,3.10270964265244e-07,3.14912700036001e-05,9.01676505941338e-06
562.8,5.25039618265931e-08,1.10334334469635e-05,3.03602028900934e-07,3.1468305539108e-05,8.90335312234934e-06
563,5.89151497452634e-08,1.09156636462633e-05,3.09940024615587e-07,3.14123920603444e-05,8.81779769891808e-06
563.2,6.20785059916015e-08,1.07819250590273e-05,3.10932843564559e-07,3.13464940318017e-05,8.71480484394545e-06
563.4,5.89390016302499e-08,1.06132547512447e-05,2.99089215496514e-07,3.12756037283694e-05,8.57377671807768e-06
563.6,5.19255536156698e-08,1.04595551808392e-05,2.91838628626745e-07,3.12436531690759e-05,8.44365993584124e-06
563.8,4.30248252015307e-08,1.03387912326635e-05,2.94977541061375e-07,3.12596284487227e-05,8.34271096110043e-06
564,4.16245207871133e-08,1.02260116777556e-05,2.96953150485088e-07,3.1242654714098e-05,8.25326720043093e-06
564.2,4.95363898028526e-08,1.01122340736892e-05,2.94506202772469e-07,3.11757582305774e-05,8.16817268307459e-06
564.4,5.24314123430924e-08,9.97520192423035e-06,2.91046379162414e-07,3.11248370267035e-05,8.06042473159228e-06
564.6,4.76123377472728e-08,9.81751015719098e-06,2.8842894738785e-07,3.1105866382123e-05,7.93083910706565e-06
564.8,4.52042911921746e-08,9.68966005999007e-06,2.91648087616336e-07,3.10669266379841e-05,7.82924791171064e-06
565,4.67983921721075e-08,9.59464578010306e-06,2.99189500238834e-07,3.10040239743751e-05,7.75856710688965e-06
565.2,4.88188455961746e-08,9.48625764149245e-06,2.99590639208116e-07,3.09441166756999e-05,7.67450798752747e-06
565.4,4.95821059157435e-08,9.3604036426085e-06,2.92961817740734e-07,3.09021815666273e-05,7.57260234332607e-06
565.6,4.44042592165849e-08,9.22297227348621e-06,2.87225530480004e-07,3.08562526376429e-05,7.45741407614824e-06
565.8,3.74673359996699e-08,9.08454285520545e-06,2.84979152252026e-07,3.08153159835482e-05,7.34162488067192e-06
566,4.36708137532492e-08,8.96347949228218e-06,2.90043531739209e-07,3.07863607891885e-05,7.25274913738335e-06
566.2,5.77255369815603e-08,8.85319506027047e-06,2.97715314526724e-07,3.07643947796743e-05,7.1795035562457e-06
566.4,6.271555008645e-08,8.72554457290126e-06,2.95258338339873e-07,3.07274519454913e-05,7.08120827306737e-06
566.6,5.99755647986227e-08,8.59020910701178e-06,2.8583157256175e-07,3.06755322866394e-05,6.96791747801042e-06
566.8,5.49050515819035e-08,8.48162135856947e-06,2.7833027383618e-07,3.06365925425005e-05,6.87486389923895e-06
567,4.97490691106492e-08,8.38231546730101e-06,2.7254384420429e-07,3.05896651585383e-05,6.78983937403086e-06
567.2,4.84252894938969e-08,8.27023454680404e-06,2.68121287067958e-07,3.05477300494656e-05,6.69821154586904e-06
567.4,4.87621973693316e-08,8.15575830832673e-06,2.6361850213777e-07,3.05097887603047e-05,6.60591423782045e-06
567.6,4.56882856916929e-08,8.05495534332055e-06,2.53740455019206e-07,3.04608644663866e-05,6.519498631569e-06
567.8,4.43267405903786e-08,7.95834418477997e-06,2.46941149489879e-07,3.04099432625127e-05,6.439045221216e-06
568,5.38038895583588e-08,7.85025546091691e-06,2.57471047433527e-07,3.03849818880647e-05,6.36530980418504e-06
568.2,6.59584126160766e-08,7.74595932385606e-06,2.74730051586876e-07,3.03570251486829e-05,6.29954807856237e-06
568.4,7.23944462482746e-08,7.68248339737692e-06,2.90554983925043e-07,3.03320637742349e-05,6.2611190937848e-06
568.6,7.35572256413678e-08,7.62110337413058e-06,2.99159414816138e-07,3.03011116699194e-05,6.21719024905347e-06
568.8,6.48135221367233e-08,7.52239631235721e-06,2.86683992871474e-07,3.0256181195913e-05,6.12699327359232e-06
569,5.68440110655999e-08,7.4075208542165e-06,2.72132676760776e-07,3.01972723522157e-05,6.02368311601393e-06
569.2,6.19741539947855e-08,7.28855339452604e-06,2.75351816989263e-07,3.01363665985625e-05,5.9348447838466e-06
569.4,6.77443225044429e-08,7.17307910689025e-06,2.7651512000018e-07,3.00874423046445e-05,5.84835853636535e-06
569.6,6.51673250973568e-08,7.07517048444365e-06,2.6008847920809e-07,3.00764592998873e-05,5.76174984644924e-06
569.8,6.23210001556312e-08,6.97696244724951e-06,2.46459782726741e-07,3.00544932903731e-05,5.67592198881267e-06
570,6.3885286279331e-08,6.86258601368804e-06,2.49668894480995e-07,2.99716215272057e-05,5.58800454648759e-06
570.2,6.41943669556147e-08,6.76178304868186e-06,2.53590027905725e-07,2.989274358395e-05,5.51018584807006e-06
570.4,6.00769353098155e-08,6.69142058300923e-06,2.49528495841747e-07,2.98448177450099e-05,5.44960663746111e-06
570.6,5.58014849259805e-08,6.61467060272235e-06,2.45266394293128e-07,2.9818857915584e-05,5.38376532151347e-06
570.8,5.34759261397941e-08,6.51316900330523e-06,2.43852379426409e-07,2.98208548255398e-05,5.30106259881139e-06
571,5.16890224228867e-08,6.40338359587276e-06,2.41595972724199e-07,2.98008857259814e-05,5.21184584208933e-06
571.2,5.037021194884e-08,6.2975903850742e-06,2.3772498167063e-07,2.97539583420191e-05,5.12543825935138e-06
571.4,5.21054365816098e-08,6.21215737710856e-06,2.39189138908508e-07,2.96960479532998e-05,5.05979154078245e-06
571.6,5.80366053149263e-08,6.15377150133766e-06,2.47994139284244e-07,2.96391360195583e-05,5.02194037669996e-06
571.8,6.76250630795102e-08,6.0869022077197e-06,2.53018404874498e-07,2.95972009104857e-05,4.97850168590361e-06
572,7.90063875322481e-08,5.99817563753109e-06,2.5111299477041e-07,2.95652503511922e-05,4.9161013030648e-06
572.2,8.21041510948734e-08,5.91114575091189e-06,2.51784902543957e-07,2.95223167871417e-05,4.84987948133353e-06
572.4,7.62922417864896e-08,5.83299850180314e-06,2.5694956677346e-07,2.94783847681132e-05,4.78588385994934e-06
572.6,7.82262321274805e-08,5.75275534946159e-06,2.613119530644e-07,2.94464342088198e-05,4.7257609289489e-06
572.8,8.83324745619803e-08,5.67321083153097e-06,2.62816224199207e-07,2.94424403889081e-05,4.67114768937647e-06
573,8.81555730816635e-08,5.60035324296214e-06,2.58844948403317e-07,2.94174790144601e-05,4.61162564329927e-06
573.2,7.74401137514662e-08,5.53198687560647e-06,2.50049976501813e-07,2.93795377252991e-05,4.54554812197302e-06
573.4,6.93066209710604e-08,5.44286108575447e-06,2.39610334826254e-07,2.93266196114693e-05,4.46428556685866e-06
573.6,6.60836350122559e-08,5.33856494869362e-06,2.30233711419292e-07,2.92587246729708e-05,4.37521162977331e-06
573.8,6.74183467429603e-08,5.25742355210944e-06,2.27455824057015e-07,2.92177880188761e-05,4.31080366451395e-06
574,7.05638140755586e-08,5.19464626004123e-06,2.29541746697281e-07,2.91988173742956e-05,4.26442707474605e-06
574.2,6.74292788569125e-08,5.12208808621995e-06,2.29581860594209e-07,2.91668668150021e-05,4.20464850542805e-06
574.4,6.2262364271706e-08,5.04513849610137e-06,2.28799639604109e-07,2.91259301609074e-05,4.13949249406607e-06
574.6,6.64593022007937e-08,4.97966647130528e-06,2.31888409667579e-07,2.90800012319231e-05,4.09222003660474e-06
574.8,7.67275386874937e-08,4.9223784496087e-06,2.37213529484795e-07,2.90320753929829e-05,4.05701069624855e-06
575,8.81724681668623e-08,4.8725757966007e-06,2.42488506930851e-07,2.90001248336895e-05,4.02859618770035e-06
575.2,9.54095276031912e-08,4.81738367813692e-06,2.45497049200465e-07,2.89801557341311e-05,3.99173171424175e-06
575.4,8.50011612921953e-08,4.72286842282914e-06,2.4086389410526e-07,2.89382206250584e-05,3.90701359048553e-06
575.6,7.222847688191e-08,4.61996955459016e-06,2.33994389256309e-07,2.88912932410962e-05,3.8128892063257e-06
575.8,8.32361218031923e-08,4.55868933625967e-06,2.32309605585325e-07,2.88593426818027e-05,3.772020011131e-06
576,1.00088472374715e-07,4.50898648816752e-06,2.3424510111211e-07,2.88363782173106e-05,3.74633164130843e-06
576.2,1.00058657518482e-07,4.42914255548935e-06,2.40623210723691e-07,2.8805426112995e-05,3.68591400630993e-06
576.4,9.4728755052534e-08,4.34540623109313e-06,2.45677561736641e-07,2.87694817337899e-05,3.61781350869618e-06
576.6,9.42676186094612e-08,4.28542347666866e-06,2.40332384970961e-07,2.87335373545848e-05,3.56766342853524e-06
576.8,9.44802979172577e-08,4.2336247253437e-06,2.33342538431226e-07,2.86985914303576e-05,3.52378260564687e-06
577,9.00577609093391e-08,4.17553826432034e-06,2.31015932409391e-07,2.86486686814616e-05,3.47344373147203e-06
577.2,9.33731729224664e-08,4.12144399993089e-06,2.34616154658696e-07,2.86007428425214e-05,3.43472866070145e-06
577.4,1.21098007733681e-07,4.08261988766613e-06,2.51794931018189e-07,2.85757814680734e-05,3.43256346443776e-06
577.6,1.40080132868792e-07,4.03770767553466e-06,2.59226030424134e-07,2.85647984633163e-05,3.41468389452766e-06
577.8,1.21266958585669e-07,3.96624735578771e-06,2.34104702472861e-07,2.85578092784709e-05,3.33287719122699e-06
578,1.05524714494561e-07,3.89608449994677e-06,2.13626558091025e-07,2.85418339988241e-05,3.25645737709038e-06
578.2,1.18891708372427e-07,3.84109199131469e-06,2.22541871683313e-07,2.84769344252593e-05,3.22698582746983e-06
578.4,1.32377961675226e-07,3.78899382524219e-06,2.32339691008021e-07,2.84250147664075e-05,3.2002806735736e-06
578.6,1.32049998256661e-07,3.73320287728332e-06,2.28980152140286e-07,2.84080410317828e-05,3.15441614773281e-06
578.8,1.32059936542072e-07,3.68469768818134e-06,2.27104827458894e-07,2.83890703872024e-05,3.11522186070177e-06
579,1.37466363805685e-07,3.64886772339201e-06,2.31968637461436e-07,2.83621121027985e-05,3.09309925640396e-06
579.2,1.35021545594566e-07,3.59696916715121e-06,2.283583867379e-07,2.83261677235934e-05,3.04859790918673e-06
579.4,1.2108806944827e-07,3.51832289346322e-06,2.11630891718848e-07,2.82752465197195e-05,2.96847698843374e-06
579.6,1.2146572429389e-07,3.46133428651418e-06,2.08281381325345e-07,2.82383036855364e-05,2.92220491971434e-06
579.8,1.43001988779642e-07,3.4385787657009e-06,2.25610584798319e-07,2.82173361310001e-05,2.9281215147231e-06
580,1.52662002199185e-07,3.39825757969843e-06,2.33282367585834e-07,2.81963685764638e-05,2.90690147808082e-06
580.2,1.43021865350464e-07,3.32909277301597e-06,2.23524662158054e-07,2.81754010219275e-05,2.84058809966961e-06
580.4,1.41749764817849e-07,3.26731353010625e-06,2.14639433988462e-07,2.81344643678327e-05,2.78685419891796e-06
580.6,1.52731570197063e-07,3.22090424423706e-06,2.11761261883865e-07,2.80825447089809e-05,2.75721156344108e-06
580.8,1.55921759814011e-07,3.17030315190228e-06,2.13977554689147e-07,2.80515926046654e-05,2.72056102395139e-06
581,1.49710331432103e-07,3.11750635141884e-06,2.19061991124794e-07,2.8055586424577e-05,2.67628703504332e-06
581.2,1.4553625155946e-07,3.07938087356502e-06,2.16966040010296e-07,2.80346188700407e-05,2.64203289279455e-06
581.4,1.46420758961044e-07,3.05233374137029e-06,2.09133801635069e-07,2.79876914860785e-05,2.61788039773712e-06
581.6,1.53944041017211e-07,3.01151353078858e-06,2.0722839153098e-07,2.79397656471383e-05,2.59045924652203e-06
581.8,1.65909736652119e-07,2.96101224336965e-06,2.11440350708439e-07,2.78998274480215e-05,2.56142295898839e-06
582,1.75748639209061e-07,2.924084424506e-06,2.17066324752617e-07,2.7880856803441e-05,2.54213025808577e-06
582.2,1.83619761254615e-07,2.89853436604898e-06,2.22471672363689e-07,2.78748660735735e-05,2.5302503162866e-06
582.4,1.92405205557986e-07,2.87128762402256e-06,2.24527509581258e-07,2.78369247844125e-05,2.51625882370516e-06
582.6,2.01637872704855e-07,2.84164556401579e-06,2.25821182757192e-07,2.77880004904945e-05,2.50037853411267e-06
582.8,2.11576158115908e-07,2.81360038266259e-06,2.34275186534806e-07,2.77750205757815e-05,2.48942562301432e-06
583,2.18602525901522e-07,2.78006593093776e-06,2.43551525199448e-07,2.77830082156049e-05,2.47227713744204e-06
583.2,2.14030914612438e-07,2.7196839568499e-06,2.41345260868398e-07,2.77670329359581e-05,2.42006117711131e-06
583.4,2.05533680585987e-07,2.65620803037076e-06,2.31737982554099e-07,2.77430700164881e-05,2.35918301260921e-06
583.6,2.0489763031968e-07,2.62965992275527e-06,2.17658004732307e-07,2.76951441775479e-05,2.33154150275994e-06
583.8,2.09210846188077e-07,2.6152880148732e-06,2.0668685392245e-07,2.76522106134973e-05,2.31865132072521e-06
584,2.15780052844783e-07,2.57396877971225e-06,2.14489006874981e-07,2.76302446039831e-05,2.29435153757424e-06
584.2,2.23502100609171e-07,2.5265614446846e-06,2.24036114343888e-07,2.76282476940272e-05,2.26687184337738e-06
584.4,2.30995567809105e-07,2.49412484703409e-06,2.10989069367997e-07,2.76242538741156e-05,2.24119490979984e-06
584.6,2.36918785914093e-07,2.46438298211148e-06,1.94201403503554e-07,2.76092770494468e-05,2.2148239372602e-06
584.8,2.38161071590474e-07,2.42765477307952e-06,1.92667046946051e-07,2.75723342152637e-05,2.18603358870644e-06
585,2.38985949279592e-07,2.38783261165629e-06,1.95785902432217e-07,2.75363898360586e-05,2.1565107528933e-06
585.2,2.4198731147373e-07,2.34132352087126e-06,1.97209945773167e-07,2.75154222815223e-05,2.12260877979289e-06
585.4,2.50524298641824e-07,2.30509433641854e-06,2.00669769383223e-07,2.75024423668093e-05,2.10193406224268e-06
585.6,2.7115617915517e-07,2.30090252995294e-06,2.09474769758959e-07,2.7493456272008e-05,2.11812981324776e-06
585.8,2.89124599178354e-07,2.28792789089274e-06,2.14067810957235e-07,2.74754840824055e-05,2.12351321455015e-06
586,2.92901147634554e-07,2.23393343141913e-06,2.0634588579856e-07,2.74445319780899e-05,2.08028124368325e-06
586.2,2.89810340871717e-07,2.1786415080395e-06,1.94081061812769e-07,2.74175736936861e-05,2.02882346512136e-06
586.4,2.81750391403353e-07,2.14490744648298e-06,1.80662963290293e-07,2.73996015040835e-05,1.99014761625471e-06
586.6,2.83161627931722e-07,2.1200560224369e-06,1.7780484813416e-07,2.73806308595031e-05,1.97030548869057e-06
586.8,3.0455875642172e-07,2.10029464909906e-06,1.94422029936659e-07,2.73506772101655e-05,1.97817468716527e-06
587,3.29215642526542e-07,2.07334732182018e-06,2.10718300563732e-07,2.73147328309603e-05,1.98269260648913e-06
587.2,3.49221411058992e-07,2.03262691615431e-06,2.16414473927534e-07,2.7281783816689e-05,1.96814943709206e-06
587.4,3.69416007014252e-07,2.00188700207322e-06,2.14910202792727e-07,2.72867760915786e-05,1.95850182273557e-06
587.6,3.89769615536088e-07,1.99030963183489e-06,2.07188277634052e-07,2.73267142906954e-05,1.96142229500488e-06
587.8,4.04050931671771e-07,1.98641724011683e-06,2.05322981426892e-07,2.73237189257616e-05,1.96837154980859e-06
588,4.10222606912035e-07,1.98282426314631e-06,2.12934593369014e-07,2.72578208972189e-05,1.9735398115046e-06
588.2,4.1403890850988e-07,1.95507849654065e-06,2.15501882772418e-07,2.72148873331683e-05,1.95560365826229e-06
588.4,4.1753718497457e-07,1.90008598790857e-06,2.09394541965102e-07,2.72168842431242e-05,1.91207594646156e-06
588.6,4.19723607765002e-07,1.85457494628201e-06,2.03457685219731e-07,2.72258703379254e-05,1.87512935695205e-06
588.8,4.21721203132624e-07,1.82792703375068e-06,1.98483562000637e-07,2.72268687929034e-05,1.85338652064715e-06
589,4.26958679544249e-07,1.81225766196259e-06,1.8574739972594e-07,2.72198796080579e-05,1.83940042179823e-06
589.2,4.36827396957424e-07,1.79998165731332e-06,1.68608737263375e-07,2.72009089634774e-05,1.82969293881048e-06
589.4,4.5263920904641e-07,1.77153725629672e-06,1.65590166519529e-07,2.71929213236541e-05,1.81787230467381e-06
589.6,4.73509608409621e-07,1.73101646046256e-06,1.76009751246624e-07,2.71899259587203e-05,1.80620702712706e-06
589.8,4.99716867038568e-07,1.70875996422852e-06,1.8712130069573e-07,2.71829367738749e-05,1.81334916159242e-06
590,5.23866900587427e-07,1.69947810705468e-06,1.94522314678979e-07,2.71679599492061e-05,1.82757521109187e-06
590.2,5.2475140798901e-07,1.67442707317691e-06,1.92456448987178e-07,2.71489893046256e-05,1.80752126151342e-06
590.4,5.14147257455417e-07,1.64129184111547e-06,1.8535628923089e-07,2.71360093899126e-05,1.7701473553496e-06
590.6,5.24334000001746e-07,1.62592188407493e-06,1.85546830241299e-07,2.71170387453321e-05,1.76580326992131e-06
590.8,5.49050515819035e-07,1.62093163828254e-06,1.89808931789918e-07,2.71100495604867e-05,1.78248423653158e-06
591,5.69811594042725e-07,1.60246772885072e-06,1.87813265417741e-07,2.71130449254205e-05,1.78276621991544e-06
591.2,5.88316681478105e-07,1.58120928177515e-06,1.84694409931575e-07,2.71260248401334e-05,1.77863316515555e-06
591.4,6.07149732332051e-07,1.58160850143855e-06,1.92165623234449e-07,2.71270232951114e-05,1.79651327908909e-06
591.6,6.29570504219386e-07,1.58530128332491e-06,2.02244239837654e-07,2.71240279301776e-05,1.82086290487674e-06
591.8,6.64106046022795e-07,1.55935200520451e-06,2.02464866270759e-07,2.71150418353763e-05,1.82664914437359e-06
592,6.99029180957236e-07,1.52232438142501e-06,1.96427724783068e-07,2.70990665557296e-05,1.82122961784689e-06
592.2,7.15258401033485e-07,1.49777237212648e-06,1.85215890591641e-07,2.70751036362595e-05,1.80922682764353e-06
592.4,7.27214158382982e-07,1.47781138895693e-06,1.76069922092016e-07,2.70501422618115e-05,1.79851446827366e-06
592.6,7.51990303912737e-07,1.45755099103985e-06,1.82448031703597e-07,2.70611252665686e-05,1.80408166902422e-06
592.8,7.81566641296031e-07,1.43699117837522e-06,1.89979415851863e-07,2.70780990011933e-05,1.81356065756337e-06
593,8.10447298700551e-07,1.41353702315101e-06,1.81585582919641e-07,2.70671159964361e-05,1.81326421695968e-06
593.2,8.40043512654667e-07,1.39307701540224e-06,1.71727592749541e-07,2.70531376267453e-05,1.81524080373386e-06
593.4,8.72024915107436e-07,1.38519242705027e-06,1.72419557471552e-07,2.7069112906392e-05,1.83358827528827e-06
593.6,9.01154029647232e-07,1.37321583714854e-06,1.74054198771375e-07,2.70840897310608e-05,1.84694369332765e-06
593.8,9.20464118200908e-07,1.3404798247505e-06,1.70273463985894e-07,2.70850881860387e-05,1.83405045456906e-06
594,9.45826622569915e-07,1.3141313269667e-06,1.68257740665253e-07,2.70800959111491e-05,1.83157851469297e-06
594.2,9.90409770923899e-07,1.31492976629348e-06,1.73181721513187e-07,2.70731067263037e-05,1.86821452818943e-06
594.4,1.03765637976805e-06,1.31123698440712e-06,1.75608612277342e-07,2.70661175414582e-05,1.902228191008e-06
594.6,1.07810520139103e-06,1.28329160796976e-06,1.69411015201938e-07,2.70531376267453e-05,1.90812123904934e-06
594.8,1.11040462897695e-06,1.25923862325047e-06,1.60034391794976e-07,2.70411561670102e-05,1.90951757545541e-06
595,1.13236823973538e-06,1.25364954796299e-06,1.49965803666003e-07,2.70481453518557e-05,1.91737402968996e-06
595.2,1.17381088989947e-06,1.24366905637822e-06,1.47950080345362e-07,2.70601268115907e-05,1.9400643315145e-06
595.4,1.24993815614814e-06,1.21991548640647e-06,1.59202028433716e-07,2.7069112906392e-05,1.98398875255705e-06
595.6,1.32149381110772e-06,1.2055435785244e-06,1.73552775059773e-07,2.70571314466569e-05,2.03321931904302e-06
595.8,1.37347104380753e-06,1.20863753091568e-06,1.85596972612459e-07,2.70351654371427e-05,2.08039675526176e-06
596,1.42475259652856e-06,1.20264923596482e-06,1.883949169232e-07,2.70331685271869e-05,2.11581989163757e-06
596.2,1.48189773764211e-06,1.17949449548815e-06,1.7946957485668e-07,2.70661175414582e-05,2.1369901748163e-06
596.4,1.54301819292009e-06,1.15633975501148e-06,1.68207598294093e-07,2.70890820059504e-05,2.16015827236932e-06
596.6,1.60890902519537e-06,1.13877408982229e-06,1.59853879258799e-07,2.70970696457737e-05,2.19264179183173e-06
596.8,1.68006714873851e-06,1.12140803446479e-06,1.63002820167661e-07,2.71040588306192e-05,2.23430774615818e-06
597,1.75669132925773e-06,1.10533944301331e-06,1.75919494978536e-07,2.71140433803984e-05,2.28541791084786e-06
597.2,1.84086860668935e-06,1.09935114806245e-06,1.76491118009762e-07,2.71160402903542e-05,2.34484709582579e-06
597.4,1.92802736974428e-06,1.10054880705262e-06,1.64848059426358e-07,2.71160402903542e-05,2.40689058537761e-06
597.6,1.9989867275792e-06,1.09036870563615e-06,1.63995639116634e-07,2.71250263851555e-05,2.45234394666544e-06
597.8,2.06100162854417e-06,1.06970908805568e-06,1.73151636090491e-07,2.71479908496477e-05,2.48708513603245e-06
598,2.14657026593334e-06,1.05274225236157e-06,1.73723259121718e-07,2.7156976944449e-05,2.53888339684419e-06
598.2,2.25559325689259e-06,1.03976761330137e-06,1.67666060685562e-07,2.71549800344931e-05,2.60875446913382e-06
598.4,2.37634342463689e-06,1.02290058252311e-06,1.69792097222756e-07,2.71549800344931e-05,2.6880250259571e-06
598.6,2.49828618663051e-06,1.00563433208145e-06,1.75969637349696e-07,2.71579753994269e-05,2.76965512679234e-06
598.8,2.60184312061368e-06,1.00024486662568e-06,1.70855115491353e-07,2.71779444989853e-05,2.84178969756254e-06
599,2.69536238633169e-06,9.992468174672e-07,1.60535815506578e-07,2.71949182336099e-05,2.90750368144835e-06
599.2,2.80200018879229e-06,9.86032646608964e-07,1.61247837177054e-07,2.72019074184554e-05,2.97833117613786e-06
599.4,2.91847689380983e-06,9.64255213970995e-07,1.67234836293584e-07,2.71969151435658e-05,3.05215777579755e-06
599.6,3.04012150724112e-06,9.40940785628972e-07,1.66171818024988e-07,2.72178826981021e-05,3.12561249927721e-06
599.8,3.16772909191904e-06,9.19861987401937e-07,1.62812279157253e-07,2.72458394374838e-05,3.20436091696233e-06
600,3.30408236775868e-06,9.07136860631355e-07,1.66492729200413e-07,2.72548255322851e-05,3.29943589850829e-06
600.2,3.44451034061686e-06,9.00030750622999e-07,1.70704688377872e-07,2.72478363474397e-05,3.40228347443364e-06
600.4,3.58503769632915e-06,8.98094535255553e-07,1.65931134643419e-07,2.72578208972189e-05,3.50537221851462e-06
600.6,3.726061966312e-06,8.95689236783624e-07,1.57386874597716e-07,2.72678054469981e-05,3.60681987678568e-06
600.8,3.86678808773251e-06,8.85768628148362e-07,1.50497312800301e-07,2.7256822442241e-05,3.70281705578795e-06
601,4.00950186623523e-06,8.6977988062956e-07,1.43778235064831e-07,2.72518301673514e-05,3.79559621680101e-06
601.2,4.15400453611194e-06,8.41794582225864e-07,1.33258365595416e-07,2.72927668214461e-05,3.87858039002692e-06
601.4,4.31083067989835e-06,8.20645920557736e-07,1.29618029449183e-07,2.73376972954525e-05,3.97933729567381e-06
601.6,4.49806797704259e-06,8.32772217833232e-07,1.49093326407815e-07,2.73536725750992e-05,4.13961495240868e-06
601.8,4.69335528536979e-06,8.45527286078568e-07,1.67836544747507e-07,2.73676509447901e-05,4.30618294581906e-06
602,4.88019505109758e-06,8.3199373948962e-07,1.65189027550247e-07,2.73986030491056e-05,4.43618962039791e-06
602.2,5.0681280282206e-06,8.17332397351592e-07,1.59131829114092e-07,2.74325505183549e-05,4.56464446052188e-06
602.4,5.25874434240459e-06,8.17242572927329e-07,1.5995416400112e-07,2.74545165278691e-05,4.70967270135176e-06
602.6,5.46019338768664e-06,8.13929049721186e-07,1.59452740289517e-07,2.74625041676925e-05,4.85979730498386e-06
602.8,5.68569308366343e-06,7.97531102047408e-07,1.53786652348412e-07,2.74694933525379e-05,5.0155742264058e-06
603,5.90413659699837e-06,7.83718101694086e-07,1.50697882284942e-07,2.74804763572951e-05,5.16916458154789e-06
603.2,6.09644241970225e-06,7.80983446999859e-07,1.5470927197776e-07,2.74994470018755e-05,5.31477595730211e-06
603.4,6.29679825358908e-06,7.75074995981675e-07,1.601045911146e-07,2.75204145564119e-05,5.46459303170097e-06
603.6,6.52080720675421e-06,7.59066287479703e-07,1.63855240477385e-07,2.75323960161469e-05,5.62365966061435e-06
603.8,6.75922667376538e-06,7.3815715760961e-07,1.58008640000103e-07,2.75463743858378e-05,5.78559831471665e-06
604,7.00897578614514e-06,7.15341753846825e-07,1.39837044691637e-07,2.75673419403741e-05,5.94924730119716e-06
604.2,7.24868723025974e-06,7.03295300504007e-07,1.30831474831261e-07,2.75962971347338e-05,6.11780012459206e-06
604.4,7.47468384050708e-06,7.06798453050261e-07,1.39175165392322e-07,2.76392306987844e-05,6.29582240128164e-06
604.6,7.7230415929293e-06,7.11110025414882e-07,1.52743691028279e-07,2.76701828030999e-05,6.49374624989378e-06
604.8,8.002406795834e-06,7.10371469037609e-07,1.65389597034888e-07,2.76771719879453e-05,6.71081563233962e-06
605,8.29737510683405e-06,7.05011945056587e-07,1.66502757674645e-07,2.76821642628349e-05,6.93103823052508e-06
605.2,8.59492737204098e-06,6.95131258387665e-07,1.54859699091241e-07,2.76871565377245e-05,7.14407275869396e-06
605.4,8.87131108932236e-06,6.85859381705413e-07,1.45262449251174e-07,2.77121179121725e-05,7.34240889941709e-06
605.6,9.12245156165967e-06,6.76946802720214e-07,1.40990319228322e-07,2.77470638363997e-05,7.52418773694731e-06
605.8,9.38094636520116e-06,6.62065889767321e-07,1.37219612917073e-07,2.77800128506711e-05,7.70704716234739e-06
606,9.65583933967089e-06,6.4319278018052e-07,1.34241156070156e-07,2.78099665000087e-05,7.89954518774107e-06
606.2,9.94226072521743e-06,6.30557477834201e-07,1.35885825844211e-07,2.78259417796554e-05,8.10775267238814e-06
606.4,1.02483599158779e-05,6.2411008027044e-07,1.4048889551672e-07,2.78449124242359e-05,8.33709095326179e-06
606.6,1.0589243105477e-05,6.16295355359565e-07,1.42043309022687e-07,2.78738676185956e-05,8.59042788790074e-06
606.8,1.09460275517338e-05,6.0802152783579e-07,1.4009778502167e-07,2.79018243579774e-05,8.85394684939749e-06
607,1.12759786273807e-05,6.06604298030753e-07,1.34542010297117e-07,2.79247888224695e-05,9.10093907933186e-06
607.2,1.15890346178289e-05,6.06744024912939e-07,1.29417459964542e-07,2.79387671921604e-05,9.33652283009284e-06
607.4,1.1919979522017e-05,5.93120653899728e-07,1.3381996015241e-07,2.79547424718071e-05,9.57896109622307e-06
607.6,1.22688133399449e-05,5.7651311590267e-07,1.4391863370408e-07,2.79797038462551e-05,9.83510984404302e-06
607.8,1.26315607574484e-05,5.82750923143152e-07,1.53846823193804e-07,2.80246343202615e-05,1.01198268201058e-05
608,1.29982834891162e-05,5.95685640237014e-07,1.59312341650269e-07,2.80705632492458e-05,1.04109121877998e-05
608.2,1.33500987926675e-05,5.8563528521115e-07,1.51109049728456e-07,2.80855400739147e-05,1.06665184849049e-05
608.4,1.36999264391366e-05,5.66023619247077e-07,1.38152261020654e-07,2.80825447089809e-05,1.09109730025427e-05
608.6,1.40875195701676e-05,5.56871508463842e-07,1.34130842853604e-07,2.81144952682743e-05,1.11962839868966e-05
608.8,1.44840571580687e-05,5.50663642698115e-07,1.3298759679115e-07,2.81534350124132e-05,1.1491973862688e-05
609,1.48686688034764e-05,5.38447520998356e-07,1.27873074932807e-07,2.81963685764638e-05,1.17721188271695e-05
609.2,1.52522866203431e-05,5.26470931096632e-07,1.21685506331636e-07,2.82233268608676e-05,1.20512299389686e-05
609.4,1.56607501507373e-05,5.22618461344911e-07,1.1430454929685e-07,2.82273206807793e-05,1.23551144334814e-05
609.6,1.60841211092482e-05,5.21400841371569e-07,1.12800278162044e-07,2.82273206807793e-05,1.267497072378e-05
609.8,1.65144488675468e-05,5.17648176535695e-07,1.31011987367438e-07,2.82283191357572e-05,1.30067163331319e-05
610,1.69626655395853e-05,5.1525285855535e-07,1.47919994922666e-07,2.82472897803377e-05,1.33525500399646e-05
610.2,1.74466600391036e-05,5.18596323236248e-07,1.43447295415173e-07,2.83091939889688e-05,1.37207518968202e-05
610.4,1.79177347675875e-05,5.17957571774823e-07,1.3592593974114e-07,2.83631105577764e-05,1.40746604680475e-05
610.6,1.83242106408995e-05,5.04194473879425e-07,1.370090149582e-07,2.83611136478206e-05,1.43728907841529e-05
610.8,1.87237297144239e-05,4.88295550784886e-07,1.38212431866046e-07,2.83591167378648e-05,1.46642010877927e-05
611,1.91500821585581e-05,4.76658297597044e-07,1.35244003493361e-07,2.83920657521361e-05,1.4977436537156e-05
611.2,1.96271198582886e-05,4.70031251184756e-07,1.36327078710421e-07,2.84290085863192e-05,1.53348931667506e-05
611.4,2.01836638413076e-05,4.70929495427385e-07,1.46836919705605e-07,2.84539699607672e-05,1.57627939255769e-05
611.6,2.07093991395523e-05,4.74332843057792e-07,1.53696396080324e-07,2.84839236101048e-05,1.61676884886236e-05
611.8,2.11357515836864e-05,4.7702757578568e-07,1.49564664696721e-07,2.85168726243761e-05,1.64917567876448e-05
612,2.1612789283417e-05,4.70620100188258e-07,1.42735273744698e-07,2.85528170035813e-05,1.68459306398691e-05
612.2,2.22090864080802e-05,4.50998453732599e-07,1.36768331576631e-07,2.85927552026981e-05,1.72805816370989e-05
612.4,2.280240204712e-05,4.3901188333929e-07,1.33489020502753e-07,2.86207119420798e-05,1.7720184498489e-05
612.6,2.33519892303513e-05,4.43333436195496e-07,1.34562067245581e-07,2.86356887667486e-05,1.81413892465142e-05
612.8,2.39005825850414e-05,4.49740911792918e-07,1.39516133516212e-07,2.86376856767045e-05,1.85651853700443e-05
613,2.44611018822248e-05,4.52395722554467e-07,1.46646378695196e-07,2.8630696491859e-05,1.8996018317596e-05
613.2,2.50226150079493e-05,4.47535223152684e-07,1.45994527870113e-07,2.86476702264837e-05,1.94182593970263e-05
613.4,2.5596054076167e-05,4.34899920806365e-07,1.35815626524587e-07,2.86975929753797e-05,1.98392420413463e-05
613.6,2.62122277716523e-05,4.24440365625526e-07,1.26830113612675e-07,2.87375311744965e-05,2.02949172511614e-05
613.8,2.68761052371107e-05,4.1859179755685e-07,1.2312960662105e-07,2.87634910039224e-05,2.07927726629111e-05
614,2.75320320742402e-05,4.118749267203e-07,1.27913188829736e-07,2.88014322930834e-05,2.12876100898017e-05
614.2,2.81800082830408e-05,4.05078211951071e-07,1.38072033226797e-07,2.88543504069131e-05,2.1778695369317e-05
614.4,2.88409042628758e-05,4.05836729311514e-07,1.38904396588057e-07,2.88693272315819e-05,2.2281495271297e-05
614.6,2.95256521276974e-05,4.11036565427179e-07,1.30400250439283e-07,2.88623380467365e-05,2.28018423940104e-05
614.8,3.02272950777177e-05,4.04309714099044e-07,1.21575193115083e-07,2.88803102363391e-05,2.33254405215809e-05
615,3.09448392843958e-05,3.90856011442774e-07,1.16159817029779e-07,2.89242422553675e-05,2.38572793846389e-05
615.2,3.16594020054505e-05,3.94159554157333e-07,1.20121064351436e-07,2.89631819995064e-05,2.4404210625724e-05
615.4,3.23839030119162e-05,4.06076261109548e-07,1.29477630809935e-07,2.8993135648844e-05,2.49678608718511e-05
615.6,3.31690275593894e-05,3.98800482744251e-07,1.32817112729206e-07,2.9018097023292e-05,2.55597284722947e-05
615.8,3.39849607916369e-05,3.81284720012979e-07,1.323457744403e-07,2.90390645778284e-05,2.6165222199898e-05
616,3.47641223678634e-05,3.77292523379071e-07,1.35083547905648e-07,2.90640259522764e-05,2.6754897431154e-05
616.2,3.55293703445145e-05,3.81773764100633e-07,1.39646503681228e-07,2.90839950518348e-05,2.73415101250022e-05
616.4,3.63532542050908e-05,3.84688067643385e-07,1.43858462858687e-07,2.91119517912165e-05,2.79712533569505e-05
616.6,3.72238480070991e-05,3.85356760579565e-07,1.46345524468234e-07,2.9142903895532e-05,2.8633934215459e-05
616.8,3.81172998655527e-05,3.83959491757697e-07,1.46054698715505e-07,2.91608760851346e-05,2.9311123487587e-05
617,3.90226776664997e-05,3.78061021231098e-07,1.40709521949825e-07,2.91738559998476e-05,2.99915986346031e-05
617.2,3.99588641522209e-05,3.61233912419175e-07,1.22598097486752e-07,2.92177880188761e-05,3.0681242831718e-05
617.4,4.08990259521065e-05,3.42969612819046e-07,1.04897840467192e-07,2.92577262179929e-05,3.13729479459067e-05
617.6,4.18282556380399e-05,3.35524166096807e-07,1.06341940756606e-07,2.92727030426617e-05,3.2073276198726e-05
617.8,4.2782331037501e-05,3.34885414635382e-07,1.15989332967834e-07,2.92796922275071e-05,3.28014402419067e-05
618,4.38208818629561e-05,3.41332812199143e-07,1.27572220705846e-07,2.92986628720876e-05,3.36002015927537e-05
618.2,4.48842784019387e-05,3.4777022927132e-07,1.34441725554797e-07,2.93256211564914e-05,3.4415762043026e-05
618.4,4.58979835138661e-05,3.45544579647916e-07,1.23239919837603e-07,2.93585701707628e-05,3.51788409212534e-05
618.6,4.69285837109923e-05,3.39436518798037e-07,1.10924953480651e-07,2.93835315452108e-05,3.59511902240732e-05
618.8,4.80426655055714e-05,3.30344290964311e-07,1.1116563686222e-07,2.93855284551666e-05,3.67900528266897e-05
619,4.91676794141026e-05,3.2322820046437e-07,1.1591913364821e-07,2.93965114599238e-05,3.7640751615363e-05
619.2,5.0238032752873e-05,3.23527615211913e-07,1.22557983589823e-07,2.94414419339302e-05,3.84566367317784e-05
619.4,5.13928615176373e-05,3.2477517666001e-07,1.28575068129051e-07,2.94843754979807e-05,3.93371449695653e-05
619.6,5.27285670768829e-05,3.22759117359886e-07,1.31192499903614e-07,2.94943600477599e-05,4.03509301582371e-05
619.8,5.40483713794707e-05,3.24655410760992e-07,1.2984868435652e-07,2.94983538676716e-05,4.13540065233457e-05
620,5.52320211719271e-05,3.34835512177458e-07,1.23249948311835e-07,2.95093368724287e-05,4.22579565778687e-05
620.2,5.64564179345689e-05,3.34426312022482e-07,1.18446309154685e-07,2.9531302881943e-05,4.31852516686608e-05
620.4,5.78199506929653e-05,3.13088021014244e-07,1.19529384371746e-07,2.95752349009714e-05,4.4204206658866e-05
620.6,5.92103168219716e-05,2.97877751839054e-07,1.18356052886597e-07,2.96051885503091e-05,4.52474004072473e-05
620.8,6.05857755228614e-05,3.00821996856561e-07,1.11907743955392e-07,2.96051885503091e-05,4.62913360301055e-05
621,6.19821046231143e-05,3.02129441254166e-07,1.10102618593623e-07,2.96191669199999e-05,4.73518522463328e-05
621.2,6.33804213804495e-05,2.95312765501768e-07,1.16129731607083e-07,2.964312983947e-05,4.84108705309494e-05
621.4,6.48413493358743e-05,2.92538188841202e-07,1.21344538207746e-07,2.96700881238739e-05,4.952027487776e-05
621.6,6.63728391177176e-05,2.9607128286221e-07,1.21976332084365e-07,2.96920541333881e-05,5.06862479638406e-05
621.8,6.79242054703829e-05,2.94374599292799e-07,1.15026599441558e-07,2.97110247779686e-05,5.18598635361319e-05
622,6.94765656515894e-05,2.85921122920499e-07,1.02470949703037e-07,2.97250031476595e-05,5.30264381162419e-05
622.2,7.10746419456867e-05,2.83755356246604e-07,1.02180123950308e-07,2.97619459818425e-05,5.42380595256249e-05
622.4,7.26916009820651e-05,2.87627786981495e-07,1.13682783894464e-07,2.98008857259814e-05,5.54739491219312e-05
622.6,7.43920416158962e-05,2.81379999249428e-07,1.10934981954883e-07,2.98318378302969e-05,5.67589950631792e-05
622.8,7.61183217917961e-05,2.65341349272703e-07,9.44381418431689e-08,2.98318378302969e-05,5.80499078560948e-05
623,7.78237315683328e-05,2.56179257997883e-07,8.9971459420216e-08,2.98228517354956e-05,5.93356700000897e-05
623.2,7.95251660307051e-05,2.53324837404639e-07,9.68760639289791e-08,2.98128671857164e-05,6.06283723959345e-05
623.4,8.13001438051192e-05,2.41068793738541e-07,9.47119191897038e-08,2.98208548255398e-05,6.19655169691268e-05
623.6,8.31784797478082e-05,2.27056183553524e-07,8.84090231348634e-08,2.98528053848332e-05,6.33779461926222e-05
623.8,8.5120420717128e-05,2.40410081293946e-07,1.02761775455766e-07,2.98977358588396e-05,6.48693511210667e-05
624,8.70921765426809e-05,2.68585009037753e-07,1.26418946169161e-07,2.99366756029785e-05,6.63991878830338e-05
624.2,8.9112629966748e-05,2.75910689860974e-07,1.25225557735547e-07,2.99656307973382e-05,6.79386479801335e-05
624.4,9.11479908189316e-05,2.66848403502003e-07,1.09220112861203e-07,2.99816060769849e-05,6.94699891560287e-05
624.6,9.31356479011422e-05,2.54702145243337e-07,1.03574081868562e-07,2.99836029869408e-05,7.09671926667791e-05
624.8,9.51203234977295e-05,2.44102863180311e-07,1.06692937354728e-07,2.99786107120512e-05,7.2467185293873e-05
625,9.72272400048727e-05,2.4330442385353e-07,1.16520842102132e-07,2.99945859916979e-05,7.40706850433783e-05
625.2,9.94226072521744e-05,2.46468239685902e-07,1.25526411962509e-07,3.00205458211238e-05,7.57441239511544e-05
625.4,0.000101599091757195,2.42505984526748e-07,1.18376109835061e-07,3.00245396410355e-05,7.73905281384226e-05
625.6,0.000103765637976805,2.38423963468577e-07,1.0758547156138e-07,3.00225427310797e-05,7.9027700882099e-05
625.8,0.000105952060767236,2.4763595720132e-07,1.12750135790883e-07,3.00634793851744e-05,8.06974561202466e-05
626,0.00010815836012849,2.56289043405316e-07,1.21555136166619e-07,3.01014206743353e-05,8.23834521684121e-05
626.2,0.000110503795485498,2.43084853038665e-07,1.2038180468147e-07,3.01074114042029e-05,8.41534430588567e-05
626.4,0.000112859169127918,2.27664993540195e-07,1.14013723544121e-07,3.01014206743353e-05,8.59269577733943e-05
626.6,0.000115075406774583,2.34551532733686e-07,1.02410778857645e-07,3.01114052241145e-05,8.7610187223135e-05
626.8,0.000117301582706659,2.42416160102485e-07,9.40680911440065e-08,3.01243851388275e-05,8.9303161278945e-05
627,0.000119716586061545,2.30369706759667e-07,1.01859212774882e-07,3.01353681435846e-05,9.11308092281113e-05
627.2,0.000122211095699719,2.17165516393016e-07,1.10945010429115e-07,3.01503449682534e-05,9.30184778787638e-05
627.4,0.000124725481908715,2.14999749719121e-07,1.0880894541769e-07,3.01693156128339e-05,9.49250719295174e-05
627.6,0.000127190176690656,2.20459078615991e-07,1.0753532919022e-07,3.01852908924806e-05,9.68003445110402e-05
627.8,0.000129525673762254,2.36677377441242e-07,1.16029446864762e-07,3.01912816223482e-05,9.85902944654906e-05
628,0.000131980430258784,2.45490151510595e-07,1.19338843361337e-07,3.02042615370611e-05,0.00010046267632109
628.2,0.00013468364389059,2.31367755918145e-07,1.06632766509336e-07,3.0218239906752e-05,0.000102498573250719
628.4,0.000137376919236986,2.16057681827107e-07,9.42987460513435e-08,3.0231219821465e-05,0.000104526146483514
628.6,0.00013987142887516,2.11596402088715e-07,9.16361861427355e-08,3.02422028262221e-05,0.000106415601262507
628.8,0.000142356000227923,2.13712266304686e-07,9.74527011973217e-08,3.02521873760013e-05,0.000108306418235861
629,0.000145009522432675,2.22075918252723e-07,1.12509452409314e-07,3.02881317552064e-05,0.000110334504616948
629.2,0.000147712736064481,2.19530892898607e-07,1.15477880782e-07,3.03021101248973e-05,0.000112386410165227
629.4,0.000150425887981698,1.98352289755724e-07,9.63686231328376e-08,3.02761502954714e-05,0.000114421472658196
629.6,0.000153129101613505,1.88830900783854e-07,8.45249950647923e-08,3.02491920110675e-05,0.000116461387163982
629.8,0.000155832315245311,2.01416300672249e-07,9.10244492145808e-08,3.02451981911558e-05,0.000118526808071101
630,0.000158535528877118,2.06436487939388e-07,9.84274688926765e-08,3.02531858309792e-05,0.000120586637273883
630.2,0.000161258619079746,1.95687498502591e-07,1.00926564671302e-07,3.02741533855155e-05,0.000122646938737416
630.4,0.000164071153851074,1.88920725208117e-07,9.86150013608157e-08,3.03041070348531e-05,0.000124776207513473
630.6,0.000167002948047335,1.90627389269112e-07,9.33460409992992e-08,3.03380545041024e-05,0.000127001446357398
630.8,0.000169994371956062,1.90567506319604e-07,9.91826130023495e-08,3.03420483240141e-05,0.000129275417160936
631,0.000172975857579378,1.88531486036311e-07,1.14906257750773e-07,3.03130931296544e-05,0.00013154459694559
631.2,0.000175947404917283,1.96416074388279e-07,1.17182721401447e-07,3.02971178500077e-05,0.000133808206251401
631.4,0.000178879199113543,2.10518508997559e-07,1.04586957765999e-07,3.02961193950298e-05,0.000136040053302015
631.6,0.000181910376163914,2.07584244471637e-07,9.29990557908705e-08,3.0306103944809e-05,0.000138334323404502
631.8,0.000184961429785108,1.90188247639382e-07,8.66480230597163e-08,3.03081008547648e-05,0.000140634530321184
632,0.000188042298262534,1.81106000297241e-07,8.66440116700235e-08,3.03140915846323e-05,0.000142966727874144
632.2,0.000191123166739961,1.82064127489379e-07,9.31364458878495e-08,3.03190838595219e-05,0.00014530970841211
632.4,0.000194204035217387,1.89140296022982e-07,1.08929287108474e-07,3.03190838595219e-05,0.00014766159305455
632.6,0.000197334595121869,1.95637596044667e-07,1.24854504188962e-07,3.03220792244557e-05,0.000150050809495804
632.8,0.000200604291022105,1.85677065443066e-07,1.18406195257757e-07,3.03490375088595e-05,0.000152522878625357
633,0.000203824295495286,1.67003565687961e-07,9.80654409728997e-08,3.03700050633959e-05,0.000154944252213342
633.2,0.000206825657689424,1.56693717880893e-07,8.28602683422728e-08,3.03580236036608e-05,0.00015720846653867
633.4,0.00020970776045863,1.55895278554112e-07,7.59937720355915e-08,3.03270714993453e-05,0.000159393293159511
633.6,0.000212788628936056,1.68790073681635e-07,8.4488892557557e-08,3.03190838595219e-05,0.000161746594158201
633.8,0.000215958941982182,1.84259835638029e-07,9.76753333252731e-08,3.03290684093011e-05,0.000164171899797554
634,0.000218870859607621,1.81934381098777e-07,9.64999961452774e-08,3.03370560491245e-05,0.000166380643455761
634.2,0.000221653579522715,1.73221411945273e-07,9.03645756101122e-08,3.03420483240141e-05,0.000168484062532871
634.4,0.000224456176008632,1.74708505191404e-07,9.20834560934847e-08,3.03340606841907e-05,0.00017061407694461
634.6,0.000227159389640439,1.78870370182253e-07,9.75239033643692e-08,3.03210807694778e-05,0.000172672369607949
634.8,0.000229663837564024,1.7662475957568e-07,1.04466616075214e-07,3.03120946746765e-05,0.00017457532009428
635,0.000232058964348088,1.73610651117079e-07,1.09159942015811e-07,3.03130931296544e-05,0.000176393669349417
635.2,0.000234573350557084,1.7878054575799e-07,1.05880630941932e-07,3.03520328737933e-05,0.000178305568755051
635.4,0.000236829341345393,1.79339453286737e-07,9.81687342574897e-08,3.03739988833075e-05,0.000180015676506255
635.6,0.000238548664721505,1.55965141995205e-07,8.65326956060477e-08,3.03260730443674e-05,0.000181297625456993
635.8,0.000239979777820697,1.35914334401402e-07,7.68913204793596e-08,3.0280144115383e-05,0.000182364229883789
636,0.00024123200178249,1.45785040578739e-07,7.63557999553684e-08,3.03001132149414e-05,0.00018332265400817
636.2,0.000242315274892295,1.56194693301655e-07,7.85550443544559e-08,3.0318085404544e-05,0.000184154410356791
636.4,0.000243229597150111,1.45505586814366e-07,7.96110426910902e-08,3.02861348452506e-05,0.000184840682720416
636.6,0.000243776202847719,1.35894373418232e-07,8.19105718324982e-08,3.02422028262221e-05,0.000185249134202541
636.8,0.000243915338843474,1.40465438564057e-07,8.67793960721561e-08,3.02282244565312e-05,0.000185360527951186
637,0.000243716573135253,1.47900904794711e-07,8.89656034547419e-08,3.02132476318624e-05,0.000185216438599487
637.2,0.000243229597150111,1.53260428775732e-07,8.45881744524542e-08,3.01912816223482e-05,0.000184848993436769
637.4,0.000242583608598393,1.57432274258166e-07,8.40436283016542e-08,3.01892847123923e-05,0.000184361540318832
637.6,0.000241788545765509,1.59667904373155e-07,9.32196822239755e-08,3.02162429967962e-05,0.000183763605351698
637.8,0.000240536321803716,1.58490206366152e-07,1.03303313064297e-07,3.0231219821465e-05,0.000182816231135027
638,0.000238618232719383,1.53450058115843e-07,1.09982276902839e-07,3.02112507219066e-05,0.000181358703942534
638.2,0.000236372180216485,1.53350253199995e-07,1.11135551439524e-07,3.02012661721274e-05,0.000179653640785463
638.4,0.000233808102580433,1.60915465821251e-07,1.05409292653026e-07,3.02042615370611e-05,0.000177710152710031
638.6,0.000230935938096639,1.59637962898401e-07,9.91344763260357e-08,3.01912816223482e-05,0.000175525489059627
638.8,0.000227765625050513,1.46004611393604e-07,9.52534567982342e-08,3.01583326080768e-05,0.000173105701620947
639,0.000224197780587945,1.45375840423764e-07,9.48101982371778e-08,3.01393619634963e-05,0.000170395850317902
639.2,0.000220133021854824,1.60436402225182e-07,9.68941151825968e-08,3.01293774137171e-05,0.000167322197764559
639.4,0.000215839682557249,1.54567873173337e-07,9.18437755593388e-08,3.01213897738937e-05,0.000164055299897929
639.6,0.000211367454122275,1.26283160022098e-07,8.01415489779654e-08,3.01074114042029e-05,0.000160631922723389
639.8,0.000206835595974835,1.19995450323693e-07,7.75903051333331e-08,3.00954299444678e-05,0.000157184671105997
640,0.000202174540117051,1.39736862678369e-07,8.61034769089162e-08,3.00814515747769e-05,0.000153664746724247
640.2,0.000197135829413648,1.56923269187343e-07,9.74867980097106e-08,3.00724654799757e-05,0.000149857290888451
640.4,0.000191739340435446,1.63909613296682e-07,1.07124161746706e-07,3.00604840202406e-05,0.000145769330282682
640.6,0.000186352789742655,1.56553990998707e-07,1.06522453292783e-07,3.00345241908147e-05,0.000141673094259513
640.8,0.000181035807047742,1.41014365601219e-07,9.84314802823693e-08,3.00095628163667e-05,0.000137619935355761
641,0.000175430614075908,1.3771082288666e-07,9.60136151450232e-08,2.99816060769849e-05,0.000133360091446625
641.2,0.000169706161679141,1.43120249325606e-07,9.71408156487051e-08,2.99606385224486e-05,0.000129018133952963
641.4,0.000164081092136485,1.39267779573884e-07,9.01670146677409e-08,2.99296864181331e-05,0.000124740772618366
641.6,0.000158595158589584,1.30824283693169e-07,7.96260854024383e-08,2.98987343138176e-05,0.000120563869776097
641.8,0.000153129101613505,1.33299445606192e-07,7.79102134613354e-08,2.98787652142592e-05,0.00011641455497025
642,0.000147752489206125,1.40655067904168e-07,8.19045547479589e-08,2.98737729393696e-05,0.000112339514262392
642.2,0.000142465321367445,1.3794037419311e-07,8.42502148708343e-08,2.98637883895904e-05,0.000108323702264039
642.4,0.000137237783241231,1.31682605969459e-07,8.56100759766996e-08,2.98458161999878e-05,0.000104349934398055
642.6,0.000132099689683717,1.34836441310246e-07,8.77120441757363e-08,2.9830839375319e-05,0.000100451855870542
642.8,0.000127120608692779,1.41323760840347e-07,8.9883208846974e-08,2.9818857915584e-05,9.66771879002663e-05
643,0.000122230972270541,1.41583253621551e-07,9.15328928581455e-08,2.97789197164672e-05,9.29652816494426e-05
643.2,0.00011750034841488,1.39537252846673e-07,9.16803114293565e-08,2.97359861524166e-05,8.9371637294274e-05
643.4,0.000112948613696617,1.41802824436416e-07,8.81944137862976e-08,2.97289969675711e-05,8.59156528543376e-05
643.6,0.000108545953259521,1.41124151008652e-07,8.34669910333116e-08,2.97220077827257e-05,8.25699923563506e-05
643.8,0.000104342058530646,1.25335013321545e-07,7.982063780254e-08,2.96830680385868e-05,7.93637752083574e-05
644,0.000100267361512114,1.08777377782411e-07,7.76384418096469e-08,2.96361406546246e-05,7.62556928425668e-05
644.2,9.62811152337405e-05,1.06302215869388e-07,7.87024629256669e-08,2.96251576498675e-05,7.32273351867289e-05
644.4,9.24856840352593e-05,1.1185136919052e-07,8.05085911348583e-08,2.96221622849337e-05,7.03505424466978e-05
644.6,8.89635556855822e-05,1.27570643436534e-07,8.09037130196008e-08,2.96051885503091e-05,6.76887072185181e-05
644.8,8.55914954456119e-05,1.37880491243601e-07,8.04644658482373e-08,2.95832225407948e-05,6.51361777163765e-05
645,8.22502438904158e-05,1.24726203334874e-07,7.84347026636713e-08,2.95492750715455e-05,6.25877798777916e-05
645.2,7.90799308442899e-05,1.11781505749427e-07,7.84016086987056e-08,2.951832296723e-05,6.01702183265829e-05
645.4,7.61252785915839e-05,1.16063136639294e-07,8.41659756872851e-08,2.94793832230911e-05,5.79325777560872e-05
645.6,7.32938610779749e-05,1.19187030505327e-07,8.68706551876677e-08,2.94474326637977e-05,5.57862598934947e-05
645.8,7.05051781916334e-05,1.10813398065704e-07,7.98868257324715e-08,2.94284620192172e-05,5.36590610995746e-05
646,6.77940139314981e-05,1.02030565471107e-07,7.61191279634921e-08,2.93985083698796e-05,5.15918054293026e-05
646.2,6.51752757256857e-05,9.81611288836911e-08,8.3126022909422e-08,2.93415964361381e-05,4.96033261931292e-05
646.4,6.27115747722856e-05,1.02130370386954e-07,8.68074758000058e-08,2.9293670597198e-05,4.77373210203206e-05
646.6,6.04426642129422e-05,1.16312648928913e-07,8.05557249637489e-08,2.92766968625733e-05,4.60229678197525e-05
646.8,5.82254327377363e-05,1.23937744499677e-07,7.73957527332315e-08,2.92567277630149e-05,4.4344017805682e-05
647,5.60181395479414e-05,1.17560210377009e-07,8.28382056989623e-08,2.92257756586994e-05,4.2665291719165e-05
647.2,5.39807910386756e-05,1.16162941555141e-07,9.14917761137941e-08,2.91838405496268e-05,4.11209528850237e-05
647.4,5.21720230938639e-05,1.2534499381313e-07,1.0052542570202e-07,2.91419054405541e-05,3.97587189628503e-05
647.6,5.03731934344633e-05,1.25943823308216e-07,1.02320522589556e-07,2.90989718765036e-05,3.83940773341971e-05
647.8,4.85365982905007e-05,1.13677799150533e-07,9.43920108617015e-08,2.90700166821439e-05,3.69863315655199e-05
648,4.67477069165112e-05,1.05324127694081e-07,8.31781709754287e-08,2.904305839774e-05,3.56164692504111e-05
648.2,4.50353403401867e-05,1.05423932609928e-07,7.2936090242241e-08,2.90111078384466e-05,3.43118280922138e-05
648.4,4.34313010748428e-05,1.08497924018038e-07,7.29421073267802e-08,2.89721680943077e-05,3.30962731078807e-05
648.6,4.19276384921505e-05,1.12460179177191e-07,8.26466618411303e-08,2.89302329852351e-05,3.19618764887679e-05
648.8,4.04458401373625e-05,1.14296589628789e-07,8.60302690470223e-08,2.88972839709637e-05,3.08396384865989e-05
649,3.89709985823622e-05,1.13428286860914e-07,8.24280411028717e-08,2.88643349566923e-05,2.97174909735322e-05
649.2,3.75856015960614e-05,1.1122259822068e-07,8.56963208550952e-08,2.88353797623327e-05,2.86652041885223e-05
649.4,3.62876615213779e-05,1.09036870563615e-07,9.37722511541611e-08,2.88084214779288e-05,2.76814417813208e-05
649.6,3.50086041889753e-05,1.11003027405815e-07,9.16050978726162e-08,2.87575002740549e-05,2.6710828326471e-05
649.8,3.37573740557238e-05,1.14266648154035e-07,8.19266173912694e-08,2.86975929753797e-05,2.57590902164534e-05
650,3.25498723782808e-05,1.08867202206674e-07,7.930116283732e-08,2.86566563212849e-05,2.48367822153431e-05
650.2,3.13900744708109e-05,9.78547277920386e-08,8.054669933694e-08,2.8631694946837e-05,2.39479463516525e-05
650.4,3.02372333631288e-05,8.90060239529813e-08,7.10457228495005e-08,2.85677938282501e-05,2.30614106180072e-05
650.6,2.91221577400086e-05,8.56495846330231e-08,5.91479410206021e-08,2.84949066148619e-05,2.22068502770599e-05
650.8,2.80905637143413e-05,9.60322900286596e-08,6.7478594565162e-08,2.84569653257009e-05,2.14353883700266e-05
651,2.71255562009281e-05,1.09835309890397e-07,8.34850422869293e-08,2.84409900460542e-05,2.07205470531865e-05
651.2,2.61694931443848e-05,1.04525688367299e-07,7.91758069094195e-08,2.83990549369816e-05,1.99884986760384e-05
651.4,2.52432449440747e-05,9.33265787600284e-08,6.87461937080925e-08,2.83491321880856e-05,1.92717554534075e-05
651.6,2.43806017703953e-05,1.02040545962691e-07,8.07462659741577e-08,2.83022048041233e-05,1.86288649467769e-05
651.8,2.35517487671134e-05,1.14077018813924e-07,9.53637700147867e-08,2.82632650599844e-05,1.80154047669878e-05
652,2.26851302792696e-05,1.01651306790885e-07,7.90564680660581e-08,2.82113454011326e-05,1.73404017222311e-05
652.2,2.18324253910013e-05,8.4695449637519e-08,5.63941219964825e-08,2.8168411837082e-05,1.66696027285407e-05
652.4,2.10254366156238e-05,8.97425842319374e-08,6.01106745468785e-08,2.81294720929431e-05,1.60624518835901e-05
652.6,2.02750960670893e-05,1.00473608783882e-07,7.03116385357148e-08,2.80955246236939e-05,1.55056459598426e-05
652.8,1.96072432874665e-05,1.01092399262138e-07,6.64546873460702e-08,2.80505941496874e-05,1.49973321716358e-05
653,1.89533041074192e-05,9.81361776547292e-08,6.06712662564498e-08,2.79996729458135e-05,1.44959128431644e-05
653.2,1.82278092724123e-05,9.37876774712448e-08,6.33227948434025e-08,2.79527455618513e-05,1.39427424316932e-05
653.4,1.75192095226043e-05,9.12875643292598e-08,6.64887841584592e-08,2.7905818177889e-05,1.34040882978372e-05
653.6,1.68980666844134e-05,9.73477188195323e-08,6.42434087779043e-08,2.78568938839709e-05,1.29362524341388e-05
653.8,1.63315844159834e-05,9.85713270878252e-08,6.23139303356588e-08,2.78209495047658e-05,1.25062326032542e-05
654,1.58118120889853e-05,8.09238218676344e-08,6.41270784768125e-08,2.77999819502295e-05,1.2098382947955e-05
654.2,1.52781261624118e-05,6.9120892519485e-08,6.96397307621677e-08,2.77630391160465e-05,1.16862093019561e-05
654.4,1.46649339525498e-05,8.23021277554911e-08,8.09699009495323e-08,2.76781704429232e-05,1.12359759580655e-05
654.6,1.40885133987088e-05,9.36838803587632e-08,8.5886861865504e-08,2.7594300224778e-05,1.08094387907359e-05
654.8,1.36323460983414e-05,8.74400848233309e-08,7.5167425758871e-08,2.75533635706832e-05,1.04534351976427e-05
655,1.31930738831729e-05,8.06164227268234e-08,6.053989324401e-08,2.75144238265444e-05,1.01080944080674e-05
655.2,1.27249806403123e-05,8.10914941262585e-08,4.81166193653525e-08,2.74664979876042e-05,9.74760751432629e-06
655.4,1.22857084251437e-05,9.08833544200766e-08,4.9859568186882e-08,2.7418572148664e-05,9.4225661140238e-06
655.6,1.18931461514071e-05,1.11382286086036e-07,7.25720566276177e-08,2.73656540348343e-05,9.15062588205139e-06
655.8,1.15005838776705e-05,1.16242785487819e-07,8.3307538293022e-08,2.73107390110486e-05,8.86107871118693e-06
656,1.10941080043585e-05,9.46160582727807e-08,6.84353110068991e-08,2.72648100820643e-05,8.52882036813669e-06
656.2,1.07065148733274e-05,7.80384617504773e-08,5.88781750637601e-08,2.7205901238367e-05,8.21721749646718e-06
656.4,1.03546995697761e-05,7.83348823505449e-08,6.45603085636369e-08,2.71360093899126e-05,7.95279146366796e-06
656.6,1.00297176368347e-05,8.38151702797423e-08,6.68538206205056e-08,2.70731067263037e-05,7.7113624678323e-06
656.8,9.72163078909206e-06,9.08384422079451e-08,6.23119246408124e-08,2.70161947925622e-05,7.48099732374157e-06
657,9.41632666126451e-06,9.77868604492622e-08,6.65489550038515e-08,2.6981248868335e-05,7.25652097627722e-06
657.2,9.10565585931499e-06,1.01501599417114e-07,7.97604669571477e-08,2.69592828588208e-05,7.02933119114411e-06
657.4,8.79170542317983e-06,9.30880450111524e-08,8.04855256441245e-08,2.69123554748585e-05,6.78459920883461e-06
657.6,8.48222721547964e-06,7.54076041687318e-08,6.80692716974295e-08,2.68294837116912e-05,6.53018941225709e-06
657.8,8.22353364622993e-06,6.94692116757935e-08,6.47528552688922e-08,2.67615887731926e-05,6.3276085709874e-06
658,8.00687902426897e-06,7.64884914073624e-08,7.09514551917192e-08,2.67096691143407e-05,6.17135915034481e-06
658.2,7.77044721434002e-06,8.30766139024693e-08,6.94451783620661e-08,2.66507602706435e-05,5.9963853597624e-06
658.4,7.51652402208762e-06,8.59719545112112e-08,6.12489063722156e-08,2.65868591520566e-05,5.80228526553294e-06
658.6,7.29191877179782e-06,8.28181191704238e-08,5.81190195643943e-08,2.65399317680943e-05,5.6278735308419e-06
658.8,7.09335182928498e-06,7.72090828997829e-08,6.10623767514996e-08,2.65009920239554e-05,5.47394362896654e-06
659,6.89677254385435e-06,8.02421542923945e-08,6.95775542219291e-08,2.64450785451919e-05,5.33079561347349e-06
659.2,6.70108770411072e-06,8.84980169313165e-08,7.87586223813664e-08,2.63851712465167e-05,5.19275050917787e-06
659.4,6.49854544743346e-06,9.14632209811518e-08,7.73305676507231e-08,2.63302562227311e-05,5.04067728848529e-06
659.6,6.29858714496307e-06,9.0041000930322e-08,6.95123691394208e-08,2.62803334738351e-05,4.88430281821591e-06
659.8,6.11075355069417e-06,8.7304350137778e-08,6.48782111967927e-08,2.61904725258223e-05,4.73748577726997e-06
660,5.93534281318908e-06,8.40956220932743e-08,6.31372680701097e-08,2.60846362981628e-05,4.60099207404758e-06
660.2,5.77483950380057e-06,8.08709252622351e-08,6.33308176227882e-08,2.60227320895317e-05,4.47665041964251e-06
660.4,5.62228682274091e-06,7.91832241352504e-08,6.43868159594225e-08,2.59807969804591e-05,4.3599388867335e-06
660.6,5.46615635893327e-06,8.26085288471436e-08,6.35825323260125e-08,2.59388618713864e-05,4.24374396032269e-06
660.8,5.31857282057913e-06,8.75049580186319e-08,6.42694828109076e-08,2.58959283073359e-05,4.13585449738918e-06
661,5.20308994410269e-06,8.89820707731779e-08,7.44263215131229e-08,2.58480024683957e-05,4.05377107099646e-06
661.2,5.0955576959551e-06,8.82385241501125e-08,8.33887689343016e-08,2.57980797194997e-05,3.97544577730039e-06
661.4,4.96407417996687e-06,8.60737555253758e-08,7.51343317939053e-08,2.57361755108686e-05,3.870287896815e-06
661.6,4.82344744140047e-06,8.23949463272295e-08,6.2187571560335e-08,2.56722743922818e-05,3.75493942697529e-06
661.8,4.67467130879701e-06,7.46251336284858e-08,5.48146373049354e-08,2.56093717286728e-05,3.63260055555106e-06
662,4.54050445574779e-06,7.05431125703148e-08,5.44706606387763e-08,2.55414767901742e-05,3.52734365514981e-06
662.2,4.46258829812513e-06,8.30117407071683e-08,7.13515913135778e-08,2.54725833966977e-05,3.48542072512966e-06
662.4,4.38536782048125e-06,9.39892834012571e-08,8.5111660807367e-08,2.54026915482433e-05,3.44148279947376e-06
662.6,4.25865468149033e-06,8.79351172059355e-08,7.53369069733926e-08,2.53377919746785e-05,3.3362053343561e-06
662.8,4.13045079968774e-06,7.48067785753286e-08,6.09069354009029e-08,2.52708954911579e-05,3.22216443866045e-06
663,4.03514264259574e-06,5.7195203124843e-08,5.298845214728e-08,2.52129851024385e-05,3.13239903809065e-06
663.2,3.94092769689896e-06,4.54192211039726e-08,4.80273659446873e-08,2.51610654435867e-05,3.04937342731424e-06
663.4,3.82912198602462e-06,4.95241972927886e-08,4.60196654034319e-08,2.51221256994478e-05,2.9668475991514e-06
663.6,3.7317267889963e-06,6.25736900398757e-08,5.13237254247605e-08,2.50732014055297e-05,2.9055360502958e-06
663.8,3.66822114521967e-06,8.25556322417443e-08,6.77363263529256e-08,2.49953219172519e-05,2.88029617778629e-06
664,3.59845438163408e-06,9.01018819289891e-08,7.73827157167298e-08,2.49154455190183e-05,2.83750580045286e-06
664.2,3.50026412177287e-06,7.20581511928829e-08,6.93268423661279e-08,2.48485490354977e-05,2.74514995510909e-06
664.4,3.41250906159327e-06,5.97881348385663e-08,6.15367235826753e-08,2.47836494619329e-05,2.66540272458491e-06
664.6,3.35248181771051e-06,6.81927068021014e-08,6.21133608510179e-08,2.47287344381473e-05,2.6267249434748e-06
664.8,3.28013109991805e-06,7.50363298817784e-08,6.3217495863966e-08,2.46648333195604e-05,2.57768485939596e-06
665,3.18253713718151e-06,7.25182518549408e-08,6.28083341152986e-08,2.45879522862605e-05,2.50140782359346e-06
665.2,3.10362715101775e-06,7.1292647488331e-08,6.50416753267751e-08,2.45230527126957e-05,2.44149514507286e-06
665.4,3.05761288956457e-06,7.48107707719626e-08,7.10958652206607e-08,2.44891052434464e-05,2.41198395026395e-06
665.6,2.99917577134758e-06,8.2634478125264e-08,7.8899021020615e-08,2.44272010348154e-05,2.37721082332615e-06
665.8,2.91996763662149e-06,9.27317414615761e-08,8.63912941193759e-08,2.43393369967584e-05,2.32832898395774e-06
666,2.84861074737013e-06,9.20361011981176e-08,8.66871341092213e-08,2.42404899539443e-05,2.27372455144813e-06
666.2,2.79146560625657e-06,8.0328984569182e-08,7.93884105631388e-08,2.41476336409978e-05,2.21788034611056e-06
666.4,2.73501614512179e-06,7.78737836393286e-08,7.38837810571692e-08,2.40867278873446e-05,2.17066925802718e-06
666.6,2.67459136982259e-06,8.63522112405909e-08,7.24838060543757e-08,2.40487865981837e-05,2.13088458897406e-06
666.8,2.60939621752608e-06,8.95110368271707e-08,7.38356443808554e-08,2.39928731194201e-05,2.08447031159165e-06
667,2.54221340814736e-06,8.60088823300748e-08,7.56929178086302e-08,2.39189874510541e-05,2.0314966545533e-06
667.2,2.48556518130436e-06,8.48052350449515e-08,7.13235115857281e-08,2.38530894225113e-05,1.98562092160265e-06
667.4,2.43428362858332e-06,8.50078390241223e-08,6.16540567311902e-08,2.37971759437478e-05,1.94261772534255e-06
667.6,2.3632248878943e-06,7.95385296356682e-08,5.24238490480159e-08,2.37372686450726e-05,1.88030082465035e-06
667.8,2.28262539321066e-06,6.91198944703265e-08,4.58461727992175e-08,2.36803567113311e-05,1.80798167243227e-06
668,2.22498333782655e-06,5.56392444867773e-08,4.52234045494075e-08,2.36234447775897e-05,1.75327309484261e-06
668.2,2.18622402472344e-06,4.46497252027868e-08,4.81085965859669e-08,2.35565482940691e-05,1.71640638231003e-06
668.4,2.15322891715875e-06,4.89872468455279e-08,4.79481409982541e-08,2.346968271099e-05,1.69471453785563e-06
668.6,2.11764985538718e-06,6.18970127104283e-08,4.6231266209728e-08,2.33738310331097e-05,1.67716400913153e-06
668.8,2.06398311416749e-06,6.86238640385635e-08,4.71809627195027e-08,2.33089314595449e-05,1.64215130187791e-06
669,2.00326019030596e-06,7.08604922027105e-08,4.98124343579913e-08,2.32580102556709e-05,1.59896216641539e-06
669.2,1.95823975739389e-06,7.34354590315812e-08,5.15603974166368e-08,2.3195107592062e-05,1.56757812773791e-06
669.4,1.92126933566477e-06,7.43067559469317e-08,5.42159373932823e-08,2.31312064734751e-05,1.5413550198825e-06
669.6,1.88072113118767e-06,6.92117149929064e-08,6.38192043178888e-08,2.30653084449324e-05,1.51072907073254e-06
669.8,1.83629699540027e-06,6.16824321413557e-08,7.09364124803712e-08,2.30024057813234e-05,1.4741477608954e-06
670,1.78332593415935e-06,5.6762049790064e-08,5.79094244529446e-08,2.29405015726923e-05,1.42434108533833e-06
670.2,1.73075240433488e-06,5.22738227243928e-08,4.11588639431596e-08,2.28756019991275e-05,1.37355160840525e-06
670.4,1.69358321689754e-06,4.40049854464106e-08,4.22449477024901e-08,2.28186900653861e-05,1.33925928942627e-06
670.6,1.6591967493753e-06,3.8622506334744e-08,4.87243449038144e-08,2.27507951268875e-05,1.31172001148952e-06
670.8,1.61228804223513e-06,4.58982847000415e-08,4.90763443493592e-08,2.26559419039851e-05,1.28201213074277e-06
671,1.56786390644772e-06,5.63748067165749e-08,4.89931080132333e-08,2.25511041313035e-05,1.25653349907159e-06
671.2,1.54530399856463e-06,6.2367093864071e-08,5.37054880548713e-08,2.24742230980037e-05,1.24620348992785e-06
671.4,1.52254532497332e-06,6.50229026747783e-08,5.59438435034637e-08,2.24133173443505e-05,1.23200159969747e-06
671.6,1.47841933774825e-06,6.0735283489961e-08,4.63506050530894e-08,2.23564054106091e-05,1.19091195603115e-06
671.8,1.43667853902182e-06,6.04747926595985e-08,4.2980034863699e-08,2.22994934768676e-05,1.15753849913913e-06
672,1.41630505392916e-06,7.61970610530871e-08,6.34050283321053e-08,2.22296016284132e-05,1.16343210953724e-06
672.2,1.38867662048644e-06,8.67883587228454e-08,8.00222101346041e-08,2.21557159600471e-05,1.15809323242558e-06
672.4,1.33252530791399e-06,7.6464538227559e-08,7.3200841961967e-08,2.20788349267473e-05,1.10430681343333e-06
672.6,1.28333079512928e-06,6.38462027169339e-08,6.26699411708964e-08,2.20129368982046e-05,1.05236671543476e-06
672.8,1.26216224720373e-06,5.88070525157834e-08,5.80919426839678e-08,2.19530295995294e-05,1.03030546384702e-06
673,1.24367703633917e-06,5.86254075689406e-08,5.65224864666527e-08,2.18911253908983e-05,1.01543979948816e-06
673.2,1.21565107148e-06,6.37972983081686e-08,5.83376403026529e-08,2.18212335424439e-05,9.99044438768662e-07
673.4,1.18474300385163e-06,6.50358773138385e-08,5.81130024798551e-08,2.17463494190999e-05,9.76457080000336e-07
673.6,1.15323863909859e-06,5.75355378878837e-08,5.30807141102148e-08,2.16764575706455e-05,9.44401548735419e-07
673.8,1.13018181694495e-06,5.51102784327845e-08,5.17880437817042e-08,2.16055672672132e-05,9.24410056866842e-07
674,1.11855402301402e-06,6.23850587489236e-08,5.67681840853378e-08,2.15356754187588e-05,9.235129140572e-07
674.2,1.09251571523706e-06,6.02711906312692e-08,5.25281451800292e-08,2.14567974755031e-05,9.00216362035403e-07
674.4,1.04550762524278e-06,4.42994099481613e-08,3.57846046022066e-08,2.13649396175344e-05,8.44568897132118e-07
674.6,1.01410264334385e-06,4.01485234980554e-08,3.05387097314238e-08,2.12890570392125e-05,8.15145970098939e-07
674.8,1.00754337497255e-06,5.37948496419118e-08,4.30542455730161e-08,2.12371373803606e-05,8.26431162348397e-07
675,9.98400152394386e-07,6.39599803210003e-08,5.66177569718572e-08,2.11782285366634e-05,8.33457389986665e-07
675.2,9.788117918492e-07,6.52923759475671e-08,6.53385181640436e-08,2.11053413232752e-05,8.23447384691831e-07
675.4,9.53459225765604e-07,6.48292811380338e-08,6.68127038761542e-08,2.10384448397545e-05,8.04474040697466e-07
675.6,9.2520468034198e-07,6.46576166827758e-08,6.23931552820919e-08,2.09725468112118e-05,7.80953105678477e-07
675.8,9.04841133534733e-07,6.74321933433419e-08,6.37490049982644e-08,2.08936688679561e-05,7.68278362918426e-07
676,8.91623213938032e-07,7.22417922380427e-08,6.96968930652904e-08,2.08038079199433e-05,7.64645830380759e-07
676.2,8.73187694500529e-07,7.35123088167839e-08,6.52432476588392e-08,2.07319191615331e-05,7.49707061674894e-07
676.4,8.49733340930444e-07,7.09363439387547e-08,5.29693980462391e-08,2.06799995026812e-05,7.24497379403806e-07
676.6,8.29300226125319e-07,6.65888418044288e-08,4.81547275674343e-08,2.0620092204006e-05,7.03438480355601e-07
676.8,8.10805076975349e-07,6.19379327259259e-08,5.12896286123716e-08,2.05541941754633e-05,6.87083777046715e-07
677,7.87181772553276e-07,6.02632062380014e-08,5.91599751896806e-08,2.04902930568764e-05,6.7125886702154e-07
677.2,7.61222971059606e-07,5.96454138089041e-08,6.58930927890757e-08,2.04283888482454e-05,6.54000119635716e-07
677.4,7.40650720258726e-07,5.41022487827227e-08,5.68143150668052e-08,2.03515078149455e-05,6.30026675390933e-07
677.6,7.23805326486991e-07,4.6160771628721e-08,4.14587153226977e-08,2.02636437768885e-05,6.0424332524211e-07
677.8,7.0737734070252e-07,4.08960623177547e-08,4.32297438720769e-08,2.01797735587433e-05,5.88376767114188e-07
678,6.89468550391803e-07,3.95167583807394e-08,5.28640990668027e-08,2.00988987055317e-05,5.77895411072796e-07
678.2,6.65288701986711e-07,4.44780607475287e-08,5.01122857375295e-08,2.00409883168124e-05,5.62258809957593e-07
678.4,6.41844286702037e-07,5.29564883487911e-08,4.35416294206935e-08,1.99820794731151e-05,5.48295532148754e-07
678.6,6.33217854965243e-07,6.30128316696056e-08,4.94865089454499e-08,1.99091922597269e-05,5.52299922922294e-07
678.8,6.30544456189669e-07,6.91348652077037e-08,5.82393612551789e-08,1.98273189515375e-05,5.58938006131236e-07
679,6.22017407306986e-07,5.97432226264349e-08,5.45699425336735e-08,1.97494394632597e-05,5.43428525698728e-07
679.2,6.10488996230164e-07,4.67087006167249e-08,4.7741554429074e-08,1.96765522498715e-05,5.21377404280107e-07
679.4,5.97489718912507e-07,4.60370135330699e-08,4.95857908403471e-08,1.96046634914613e-05,5.11780838201159e-07
679.6,5.83665563905732e-07,4.85810408380278e-08,5.30335802813242e-08,1.9532774733051e-05,5.04803050008407e-07
679.8,5.71123447716984e-07,4.49321731146358e-08,5.15012294186677e-08,1.94798566192213e-05,4.91722700797668e-07
680,5.57428490420553e-07,4.1361153225605e-08,4.73223642061745e-08,1.94249415954357e-05,4.76672452018318e-07
680.2,5.3701525218625e-07,4.38952000389782e-08,3.95763707093429e-08,1.93290899175553e-05,4.59793543837745e-07
680.4,5.2012016698746e-07,4.71797798195261e-08,3.39915134095169e-08,1.9233238239675e-05,4.47124050211262e-07
680.6,5.18301460757237e-07,4.60010837633647e-08,3.69699702564344e-08,1.91693371210881e-05,4.46111470282978e-07
680.8,5.16671581949824e-07,4.82107646002328e-08,4.34393389835267e-08,1.91074329124571e-05,4.49448515549891e-07
681,5.03344341213602e-07,6.17103775177931e-08,5.09586889627141e-08,1.90275565142235e-05,4.53295947430472e-07
681.2,4.90046915333613e-07,7.25671562637062e-08,5.87618447626684e-08,1.89476801159898e-05,4.55198698647831e-07
681.4,4.84064067516159e-07,7.05471047669487e-08,6.62150068119243e-08,1.8882780542425e-05,4.52313156962279e-07
681.6,4.78528442542203e-07,6.35837157882545e-08,6.6414573449142e-08,1.88178809688602e-05,4.42686793757326e-07
681.8,4.70150467940685e-07,5.47789261121701e-08,5.31830045473817e-08,1.87469906654279e-05,4.2357770863323e-07
682,4.57021992912684e-07,4.8008160621062e-08,3.92664908555727e-08,1.86741034520397e-05,4.02171768071901e-07
682.2,4.37155360375989e-07,4.68863533669338e-08,3.21693396415543e-08,1.86062085135412e-05,3.83098444911528e-07
682.4,4.23828119639767e-07,5.13685921376541e-08,3.3643525353665e-08,1.85373151200647e-05,3.77169541738561e-07
682.6,4.2404676191881e-07,6.14009822786652e-08,4.55764068423755e-08,1.8470418636544e-05,3.9048711250485e-07
682.8,4.18282556380399e-07,6.12303158725656e-08,4.87774958172443e-08,1.84035221530234e-05,3.87373528068359e-07
683,3.99141418678711e-07,4.42574918835053e-08,3.52621210947171e-08,1.83346287595469e-05,3.53504263507684e-07
683.2,3.89968381244309e-07,3.46981770436123e-08,3.18484284661289e-08,1.82687307310042e-05,3.37483298816701e-07
683.4,3.97302835877666e-07,4.10886858053407e-08,4.67156415151358e-08,1.82048296124173e-05,3.54604092218069e-07
683.6,3.95792216495186e-07,4.67855504019276e-08,5.38930205230105e-08,1.8133939308985e-05,3.61100426386209e-07
683.8,3.78400217025843e-07,4.5876327618555e-08,4.55894438588771e-08,1.8059055185641e-05,3.4354735702106e-07
684,3.59984574159162e-07,3.66124353295713e-08,3.25173276974063e-08,1.79861679722528e-05,3.16522764886913e-07
684.2,3.46538073998008e-07,2.21996074320045e-08,2.06897451881323e-08,1.79252622185997e-05,2.89740644750462e-07
684.4,3.43049735818728e-07,2.39990900647386e-08,2.39299452125061e-08,1.7858365735079e-05,2.89931270220205e-07
684.6,3.47959248811788e-07,4.28552328158451e-08,4.12782027865209e-08,1.77884738866246e-05,3.16158745451327e-07
684.8,3.45345479748681e-07,5.59286787427357e-08,5.01564110241505e-08,1.77145882182585e-05,3.28397585401276e-07
685,3.34304044657001e-07,5.72471016810838e-08,4.65541830799999e-08,1.76347118200249e-05,3.19483190201372e-07
685.2,3.27665270002418e-07,4.57765227027073e-08,3.73059241432079e-08,1.75478462369459e-05,3.01325353807597e-07
685.4,3.25160822078833e-07,2.86579835365094e-08,2.69364817872732e-08,1.74639760188006e-05,2.81347755421264e-07
685.6,3.17736922876776e-07,2.98007498229656e-08,2.51383763574675e-08,1.7409060995015e-05,2.75829376561248e-07
685.8,3.0625820322701e-07,4.3660658486736e-08,2.97835656217508e-08,1.73701212508761e-05,2.80109981136128e-07
686,2.95803126974582e-07,4.23013155328903e-08,2.92099368956778e-08,1.73062201322892e-05,2.70844913106781e-07
686.2,2.88816512330612e-07,3.11451220394341e-08,2.58503980279427e-08,1.72243468240997e-05,2.55244189893557e-07
686.4,2.90525897421313e-07,3.2716051414877e-08,3.04765331911851e-08,1.71544549756453e-05,2.59806169540169e-07
686.6,2.95872694972459e-07,4.23302589584862e-08,3.86567596222643e-08,1.70925507670143e-05,2.75047443815071e-07
686.8,2.93229111053119e-07,4.61298321048082e-08,3.88864116821782e-08,1.70256542834936e-05,2.76147059518876e-07
687,2.85586569572019e-07,4.53303947288681e-08,3.41509661498065e-08,1.69567608900172e-05,2.67642611916067e-07
687.2,2.79206190338123e-07,4.22354442884309e-08,2.94877256319055e-08,1.68798798567173e-05,2.58311639658443e-07
687.4,2.7426686248883e-07,4.03261762482643e-08,2.80987819507672e-08,1.68039972783954e-05,2.52443499968372e-07
687.6,2.69953646620433e-07,4.7723716610896e-08,3.71946080792322e-08,1.67261177901176e-05,2.58995572998794e-07
687.8,2.67916298111167e-07,5.61602261475023e-08,4.94313523371736e-08,1.66502352117957e-05,2.69470015350737e-07
688,2.71136302584348e-07,5.09334427045581e-08,5.36683827002127e-08,1.65933232780542e-05,2.69629976932931e-07
688.2,2.77675694384821e-07,4.26296737060293e-08,5.40665131272249e-08,1.65384082542686e-05,2.6819858480686e-07
688.4,2.9181787452475e-07,4.80860084554232e-08,5.79144386900606e-08,1.64665194958584e-05,2.84935719522235e-07
688.6,2.95624237837183e-07,5.25532764887664e-08,5.60471367880538e-08,1.63936322824702e-05,2.90545261483262e-07
688.8,2.53813871112883e-07,3.36073093133969e-08,3.0220807098268e-08,1.6333724983795e-05,2.32523289892709e-07
689,2.11238256411932e-07,1.52551813873214e-08,6.30219406164412e-09,1.6271820775164e-05,1.75223533038802e-07
689.2,2.23412656040472e-07,2.70551165879953e-08,1.76761886814027e-08,1.61819598271512e-05,1.98773958985359e-07
689.4,2.43209720579289e-07,4.20488090957957e-08,3.46584069459479e-08,1.60950942440721e-05,2.33089656548272e-07
689.6,2.30816678671706e-07,3.64906733322371e-08,3.28312189408693e-08,1.60331900354411e-05,2.18482883629078e-07
689.8,2.18622402472344e-07,3.04325149402815e-08,2.86984847098435e-08,1.59732827367659e-05,2.02624198649959e-07
690,2.28997972441484e-07,3.78510143352413e-08,3.11935690987764e-08,1.58983986134218e-05,2.17462941525012e-07
690.2,2.39373542410623e-07,4.54301996447158e-08,3.53523773628055e-08,1.5821517580122e-05,2.33155627059462e-07
690.4,2.36054155083331e-07,4.53353849746605e-08,4.04458394252612e-08,1.57546210966013e-05,2.32785155728923e-07
690.6,2.24963028564596e-07,4.09439686773616e-08,3.84301161046201e-08,1.56907199780145e-05,2.20007837248418e-07
690.8,2.05931212002429e-07,3.2130196558851e-08,2.1075841446066e-08,1.56268188594276e-05,1.91000910177723e-07
691,1.93428848955325e-07,2.78635364063617e-08,1.23119578146818e-08,1.55659131057744e-05,1.74302818660261e-07
691.2,1.98209164238041e-07,3.48169448934711e-08,2.77909077918434e-08,1.55040088971434e-05,1.90196847803255e-07
691.4,2.08147449649094e-07,4.4597826646546e-08,4.52183903122915e-08,1.54421046885124e-05,2.13096075819984e-07
691.6,2.17777648212405e-07,5.31331430498415e-08,5.36643713105199e-08,1.53792020249034e-05,2.30852208650793e-07
691.8,2.26573030801187e-07,5.78848550933506e-08,5.50793890246614e-08,1.53073132664931e-05,2.41908996896582e-07
692,2.32168285487609e-07,5.66911882998121e-08,4.88015641554012e-08,1.52194492284362e-05,2.42470624449742e-07
692.2,2.26871179363518e-07,5.3067271805382e-08,4.3166564484415e-08,1.51455635600701e-05,2.33119126128545e-07
692.4,2.08823253057046e-07,4.92277766927209e-08,4.21887882467906e-08,1.50896500813066e-05,2.15949485682811e-07
692.6,1.99570709339356e-07,5.14404516770645e-08,4.31394876039885e-08,1.50287443276534e-05,2.11089999806534e-07
692.8,2.05324976592355e-07,6.08201176684316e-08,4.49937524894936e-08,1.4958852479199e-05,2.23691613585621e-07
693,2.0357583836001e-07,6.34160435296303e-08,4.39698452704018e-08,1.48899590857225e-05,2.23970336838357e-07
693.2,1.90328103907076e-07,5.71083728480555e-08,4.02422613983507e-08,1.48270564221136e-05,2.07291279466356e-07
693.4,1.85021059497574e-07,5.93489932088364e-08,4.35356123361543e-08,1.47671491234384e-05,2.06473207572045e-07
693.6,1.91013845600439e-07,7.07037984848296e-08,5.37215336136425e-08,1.47062433697852e-05,2.24458528345222e-07
693.8,1.98884967645993e-07,7.02107622005419e-08,5.75925246672119e-08,1.46373499763087e-05,2.31736163801025e-07
694,2.03396949222611e-07,5.67770205274411e-08,5.26224128378104e-08,1.45604689430089e-05,2.22360816825315e-07
694.2,1.93518293524024e-07,4.65829464227568e-08,4.22770388200326e-08,1.44885801845987e-05,2.02273692034439e-07
694.4,1.73582092989452e-07,4.29550377316928e-08,3.08315411789995e-08,1.44196867911222e-05,1.79264886833648e-07
694.6,1.66496095491371e-07,4.56896924259198e-08,3.01114967291387e-08,1.43527903076015e-05,1.75733708041369e-07
694.8,1.70968323926345e-07,5.01240248370333e-08,3.65618113551901e-08,1.42828984591471e-05,1.85456310941041e-07
695,1.70988200497167e-07,4.11964751144563e-08,3.25042906809047e-08,1.4221992705494e-05,1.76634440899913e-07
695.2,1.65949489793763e-07,2.53823861983878e-08,2.14709633308086e-08,1.41630838617967e-05,1.55474717093751e-07
695.4,1.59936827120076e-07,2.52646163976875e-08,1.83631391662978e-08,1.40941904683202e-05,1.49458309300701e-07
695.6,1.54550276427285e-07,3.53678680289504e-08,2.25740954963336e-08,1.40242986198658e-05,1.55202491073291e-07
695.8,1.53049595330216e-07,3.94948012992529e-08,3.20179096806505e-08,1.3959399046301e-05,1.61454152590776e-07
696,1.52522866203431e-07,3.67451758676487e-08,3.93878353937804e-08,1.39034855675375e-05,1.62097908303401e-07
696.2,1.43300137341973e-07,2.27535247149593e-08,2.58524037227891e-08,1.38635473684207e-05,1.38110225869975e-07
696.4,1.35588027862996e-07,1.12579945076209e-08,8.25393571668474e-09,1.38236091693039e-05,1.15469881540632e-07
696.6,1.52592434201308e-07,3.29276378364741e-08,2.14960345163887e-08,1.37567126857832e-05,1.51313925938554e-07
696.8,1.7649401061489e-07,6.34998796589424e-08,4.56887257537744e-08,1.36788331975054e-05,2.0422360337797e-07
697,1.77110184310376e-07,6.16405140766997e-08,4.82108870231337e-08,1.36129351689627e-05,2.04321942353436e-07
697.2,1.68692456567214e-07,4.7637884383267e-08,4.21948053313299e-08,1.35530278702875e-05,1.84221626193536e-07
697.4,1.71008077067989e-07,4.86059920669897e-08,4.41874631612372e-08,1.35001097564577e-05,1.8761649536341e-07
697.6,1.74079007260005e-07,5.35173919758552e-08,4.88878090337968e-08,1.34412009127605e-05,1.95888096714851e-07
697.8,1.65641402946021e-07,5.03276268653626e-08,5.34066395227563e-08,1.33603260595489e-05,1.88931137521014e-07
698,1.54520461571052e-07,4.62086779883279e-08,5.39371458096315e-08,1.32754573864257e-05,1.77459094941123e-07
698.2,1.49620886863403e-07,5.02697400141709e-08,4.14466811536193e-08,1.32085609029051e-05,1.71495868194577e-07
698.4,1.46549956671388e-07,5.21999670866655e-08,2.92480450977596e-08,1.31506505141857e-05,1.6536251490023e-07
698.6,1.42574642506967e-07,3.8798162986636e-08,3.38380777537667e-08,1.30817571207092e-05,1.53744115605518e-07
698.8,1.38798094050766e-07,2.60750323143708e-08,3.80229600507991e-08,1.30208513670561e-05,1.42636696891454e-07
699,1.3506129873621e-07,2.79972749935976e-08,2.61773262879074e-08,1.29829100778951e-05,1.36145623691084e-07
699.2,1.33103456510233e-07,3.22319975730156e-08,1.74515508586049e-08,1.29419734238004e-05,1.34198140436449e-07
699.4,1.34653829034357e-07,3.06690525908406e-08,2.69615529728533e-08,1.2872081575346e-05,1.38293009357942e-07
699.6,1.38350871207269e-07,3.21032492315721e-08,3.73319981762112e-08,1.27991943619578e-05,1.46765448917563e-07
699.8,1.43568471048072e-07,4.27753888831669e-08,3.76017641330532e-08,1.27283040585255e-05,1.59290121779446e-07
700,1.50246998844299e-07,4.84892203154479e-08,3.80851365910378e-08,1.26654013949165e-05,1.69093874228731e-07
700.2,1.5846596087924e-07,3.9620555493221e-08,4.39959193034052e-08,1.26184740109543e-05,1.70898995309836e-07
700.4,1.58684603158283e-07,2.92967349979347e-08,4.43037934623289e-08,1.25665543521024e-05,1.63030174785929e-07
700.6,1.44582176159999e-07,2.42266452728714e-08,3.29946830708517e-08,1.25046501434714e-05,1.43369479431007e-07
700.8,1.32348146818993e-07,2.47875488999355e-08,2.81649698806987e-08,1.24417474798624e-05,1.32413861839347e-07
701,1.30112032601506e-07,3.20453623803804e-08,3.84872784077428e-08,1.23888293660327e-05,1.40968350158236e-07
701.2,1.25659680737354e-07,3.26082621057614e-08,4.23833406468923e-08,1.23329158872691e-05,1.39734965124012e-07
701.4,1.15562382759724e-07,2.15538696264699e-08,3.22054421487897e-08,1.22700132236602e-05,1.18874202406138e-07
701.6,1.1552262961808e-07,2.1591795494492e-08,3.29485520893843e-08,1.22121028349408e-05,1.19198652154869e-07
701.8,1.29684686328831e-07,3.92822168284973e-08,5.11582555999318e-08,1.2160183176089e-05,1.51905704977113e-07
702,1.39613033454473e-07,4.99503642834583e-08,5.89864825854662e-08,1.21062666072813e-05,1.71306095913558e-07
702.2,1.39036612900632e-07,4.65220654240897e-08,4.80093146910696e-08,1.20523500384736e-05,1.63360232447579e-07
702.4,1.33471173070442e-07,4.26007302804334e-08,3.01225280507939e-08,1.19924427397984e-05,1.48217492139404e-07
702.6,1.25937952728864e-07,4.18252460842968e-08,1.2219695851747e-08,1.19335338961011e-05,1.34062894854156e-07
702.8,1.23761468223843e-07,4.28322776852001e-08,9.30060757228329e-09,1.1872628142448e-05,1.3193191438554e-07
703,1.28064745806829e-07,4.40319327736895e-08,2.22251045930584e-08,1.18107239338169e-05,1.41794816088028e-07
703.2,1.33302222218454e-07,3.79308582679194e-08,3.42131426900451e-08,1.17458243602521e-05,1.46180857054022e-07
703.4,1.36591794689513e-07,2.68445282155566e-08,3.98010085321407e-08,1.16759325117977e-05,1.42347036384142e-07
703.6,1.32338208533582e-07,2.4805513784788e-08,3.50816085585403e-08,1.16160252131225e-05,1.35442034177634e-07
703.8,1.23900604219598e-07,3.19994521190905e-08,2.46670380685614e-08,1.15641055542707e-05,1.30178205796127e-07
704,1.26613756136815e-07,4.2009885178615e-08,2.74429197359915e-08,1.15041982555955e-05,1.41372355072869e-07
704.2,1.3609488041896e-07,4.90820615155833e-08,3.80059116446046e-08,1.14392986820307e-05,1.58782302327051e-07
704.4,1.32338208533582e-07,3.92223338789887e-08,3.04655018695299e-08,1.13923712980684e-05,1.44833671917405e-07
704.6,1.21177514016969e-07,2.13642402863593e-08,1.42093451393847e-08,1.13564269188633e-05,1.15126351653807e-07
704.8,1.23473257946923e-07,2.27645032557025e-08,2.20385749723424e-08,1.13045072600114e-05,1.21397777119761e-07
705,1.33252530791399e-07,3.36522215255284e-08,4.11418155369651e-08,1.12396076864466e-05,1.45784160107001e-07
705.2,1.35677472431696e-07,2.58125453856914e-08,3.71274173018775e-08,1.11667204730585e-05,1.39668202867005e-07
705.4,1.30072279459862e-07,1.04495746892545e-08,2.06716939345146e-08,1.10988255345599e-05,1.16066558215522e-07
705.6,1.13226885688127e-07,1.28019765557848e-08,1.39977443330886e-08,1.10449089657522e-05,1.02221390444928e-07
705.8,9.5011996186749e-08,2.3068908249038e-08,1.48692187438533e-08,1.099798158179e-05,9.68953537233379e-08
706,9.24111468946764e-08,2.27625071573856e-08,2.02354553054207e-08,1.09500557428498e-05,9.70222176523996e-08
706.2,9.89117793820462e-08,2.0202511065892e-08,2.70447893089793e-08,1.09011314489317e-05,1.02907201210376e-07
706.4,1.06906136166697e-07,2.97318844310307e-08,3.11464352698857e-08,1.08562009749253e-05,1.18309998429208e-07
706.6,1.14926332493417e-07,4.10437735932093e-08,3.26396750830373e-08,1.08112705009189e-05,1.34003466924085e-07
706.8,1.20680599746417e-07,3.98560950946216e-08,3.00011835125862e-08,1.0747369382332e-05,1.36280402211786e-07
707,1.23254615667879e-07,3.44616393930533e-08,2.657244817265e-08,1.06804728988114e-05,1.32468410937218e-07
707.2,1.19567511780379e-07,3.21232102147416e-08,2.61683006610985e-08,1.06155733252466e-05,1.27641723183598e-07
707.4,1.14031886806422e-07,3.25234279272909e-08,2.78871811444711e-08,1.05566644815493e-05,1.24505955794669e-07
707.6,1.11328673174616e-07,3.92762285335465e-08,3.29034239553401e-08,1.0509737097587e-05,1.29988210309626e-07
707.8,1.09251571523706e-07,4.49261848196849e-08,3.72497646875084e-08,1.04648066235806e-05,1.34780553768102e-07
708,1.0627008590039e-07,4.10477657898432e-08,3.60062338827348e-08,1.04128869647288e-05,1.28904371781535e-07
708.2,1.0504767679483e-07,3.5559493467378e-08,3.43635698035258e-08,1.03609673058769e-05,1.22915652385923e-07
708.4,1.09301262950761e-07,3.41252968266465e-08,3.71855824524233e-08,1.03150383768926e-05,1.26243405200485e-07
708.6,1.09877683504602e-07,3.19295886779971e-08,3.60654018807039e-08,1.02691094479083e-05,1.24454266657151e-07
708.8,9.788117918492e-08,2.56139336031544e-08,2.31427099852905e-08,1.02181882440344e-05,1.04702141597701e-07
709,9.05914468359126e-08,2.20988044669983e-08,1.4578392991124e-08,1.01662685851825e-05,9.26440138221289e-08
709.2,1.00853720351366e-07,2.6481238321871e-08,2.22301188301744e-08,1.01153473813086e-05,1.07246916800584e-07
709.4,1.05961999052647e-07,3.13078040522659e-08,2.91768429307121e-08,1.00684199973463e-05,1.17979721893067e-07
709.6,9.24131345517587e-08,3.24036620282737e-08,2.60128593105018e-08,1.0022491068362e-05,1.07176695577357e-07
709.8,8.49862538640787e-08,3.71304228428209e-08,2.79102466352048e-08,9.97007218202121e-06,1.06106460555496e-07
710,9.6002843242231e-08,4.85331344784209e-08,4.17545553125431e-08,9.90876704637692e-06,1.2954254914582e-07
710.2,1.00972979776299e-07,4.47635028068532e-08,4.44171152211511e-08,9.85425140458248e-06,1.3149669027467e-07
710.4,9.00915510797367e-08,1.65606296866093e-08,2.59336343640687e-08,9.81051907654958e-06,9.28425073530894e-08
710.6,8.89416914576778e-08,1.65127233270024e-09,1.38382915927991e-08,9.76109555514254e-06,7.48876783555648e-08
710.8,1.05832801342304e-07,1.43020444409758e-08,1.90480839563465e-08,9.70048933798279e-06,1.00000099758342e-07
711,1.15403370193148e-07,2.16616589355854e-08,2.81559442538899e-08,9.64068188480537e-06,1.17069749358557e-07
711.2,1.09261509809117e-07,1.43958610618726e-08,3.55509411526e-08,9.58476840604185e-06,1.09887048195392e-07
711.4,9.9079736405493e-08,1.42770932120139e-08,3.33436739741268e-08,9.53105152822974e-06,1.01097537227529e-07
711.6,8.92149943064818e-08,2.47835567033016e-08,2.06285714953168e-08,9.47993063336024e-06,9.63662994818661e-08
711.8,8.27402013611808e-08,2.65161700424177e-08,1.18566650845469e-08,9.43859459727434e-06,8.89888798720804e-08
712,8.1761280248192e-08,1.82163932405227e-08,1.23109549672586e-08,9.40584527399856e-06,8.1876322917531e-08
712.2,8.87628023202789e-08,2.14670393496824e-08,2.53880853658454e-08,9.36241248245904e-06,9.54777195604877e-08
712.4,9.99791512351933e-08,3.62052312729127e-08,4.45234170480107e-08,9.30470178473526e-06,1.24016247389288e-07
712.6,9.74985551965945e-08,3.95217486265318e-08,3.87831183975881e-08,9.24469464056226e-06,1.22249431117001e-07
712.8,8.50588033475794e-08,3.20473584786974e-08,1.40819835166378e-08,9.18957992578107e-06,9.60984578523566e-08
713,8.99116681137966e-08,3.37699913262287e-08,1.50386999583749e-08,9.14954188116647e-06,1.01564441087237e-07
713.2,1.08863978392675e-07,4.33692281324608e-08,3.81202362508499e-08,9.11749147637524e-06,1.33634471269296e-07
713.4,1.18335164389408e-07,4.58443900454838e-08,4.83903967118873e-08,9.06457336254547e-06,1.47271289831923e-07
713.6,1.18027077541666e-07,4.2794351817178e-08,4.62412946839601e-08,9.00027286196741e-06,1.43685001966738e-07
713.8,1.16009605603222e-07,4.4141718181122e-08,4.65501716903071e-08,8.95634084293893e-06,1.43354196400779e-07
714,1.14339973654165e-07,4.84892203154479e-08,4.90984069926697e-08,8.92768518507262e-06,1.46639804100961e-07
714.2,1.16337569021787e-07,5.10342456695643e-08,5.00230323168643e-08,8.87786228167441e-06,1.50574452560915e-07
714.4,1.18663127807973e-07,5.04234395845764e-08,4.88135983244796e-08,8.81835436499037e-06,1.51328639396654e-07
714.6,1.12869107413329e-07,4.24899468238425e-08,4.445121203354e-08,8.77282481799722e-06,1.38745548559462e-07
714.8,1.03606625410228e-07,3.37799718178135e-08,3.85624919644831e-08,8.73358553736496e-06,1.22247551923154e-07
715,9.95319283916959e-08,3.80126982989146e-08,3.31220446935986e-08,8.68346309747337e-06,1.20126285496871e-07
715.2,9.87617112723393e-08,4.69053163009449e-08,2.97905855537132e-08,8.62854807368776e-06,1.2512291691634e-07
715.4,9.78931051274133e-08,4.64092858691818e-08,3.2044986561077e-08,8.58122130773435e-06,1.25055672554185e-07
715.6,9.85828221349404e-08,4.24530190049788e-08,3.67493438233294e-08,8.54068403563079e-06,1.24503840154629e-07
715.8,1.05763233344426e-07,4.31845890381425e-08,4.06002779284347e-08,8.51033100430202e-06,1.32217280875098e-07
716,1.11229290320505e-07,4.50509409644945e-08,4.21256088591287e-08,8.47838044500858e-06,1.38511000383228e-07
716.2,1.0297057514392e-07,4.6093902335103e-08,3.86447254531859e-08,8.4180737643422e-06,1.31544632674759e-07
716.4,8.87727406056899e-08,4.23482238433388e-08,3.15335343752427e-08,8.35467187324428e-06,1.14693353164186e-07
716.6,7.29559593739991e-08,2.33962683730185e-08,1.95394791937167e-08,8.32142332247954e-06,8.24468383458556e-08
716.8,6.1837005656113e-08,6.23601075199616e-09,9.35395905519777e-09,8.29546349305361e-06,5.5975347772131e-08
717,6.81994959762691e-08,1.23538524836286e-08,1.02872088672319e-08,8.25352838398097e-06,6.60553485059621e-08
717.2,7.55657531229416e-08,2.1786415080395e-08,1.40448781619792e-08,8.20739976400106e-06,8.07543408600288e-08
717.4,6.80365080955278e-08,1.92304111855354e-08,1.43597722528654e-08,8.15997315254986e-06,7.31521534046326e-08
717.6,6.23547903260288e-08,1.55146741685254e-08,1.60515758558114e-08,8.10905194867593e-06,6.6636632252866e-08
717.8,7.1067685145899e-08,1.60596090090539e-08,2.24617765849347e-08,8.05204016943669e-06,7.64840470611582e-08
718,8.12405140926529e-08,1.95238376381276e-08,2.8484878208701e-08,8.0019177295451e-06,8.95809907889099e-08
718.2,8.51631553443955e-08,2.68664852970431e-08,3.04534677004514e-08,7.96657242332673e-06,9.92298324489799e-08
718.4,8.73465966492038e-08,3.35863502810689e-08,3.16267991856007e-08,7.93222557208628e-06,1.06717834237133e-07
718.6,8.93034450466402e-08,3.64627279557997e-08,3.36184541680849e-08,7.88889262604455e-06,1.11349871773101e-07
718.8,8.63706570218384e-08,3.41672148913026e-08,3.36194570155081e-08,7.84046755961542e-06,1.0730690436975e-07
719,7.57655126597038e-08,2.50101138622758e-08,3.01405793044116e-08,7.79094419271058e-06,9.04883021348698e-08
719.2,7.09205985218154e-08,2.18852219470843e-08,3.21713453364008e-08,7.74531480021964e-06,8.52238038993442e-08
719.4,7.91981964406815e-08,3.20293935938448e-08,4.44472006438472e-08,7.70467768261829e-06,1.04899036442818e-07
719.6,9.01809956484362e-08,4.34720271957839e-08,5.55647671774924e-08,7.66683623895512e-06,1.27149892645855e-07
719.8,9.84347416823157e-08,5.04164532404671e-08,5.95911995816585e-08,7.62969371377649e-06,1.40671301581136e-07
720,9.41573036413985e-08,4.89273638960193e-08,5.31529191246856e-08,7.59414871656253e-06,1.33432463496321e-07
720.2,7.38981088309669e-08,3.70775262374216e-08,3.52611182472939e-08,7.5608003203e-06,1.00856272383007e-07
720.4,5.50928851761724e-08,2.32645258840995e-08,1.81535440548481e-08,7.5170679922671e-06,6.81732377136266e-08
720.6,4.54348594137111e-08,1.16113039097217e-08,7.76645158426503e-09,7.46424972393512e-06,4.70807813899951e-08
720.8,4.6019230595881e-08,3.30184603098955e-09,5.22573763757639e-09,7.41282929257224e-06,3.98392593767885e-08
721,5.54705400217924e-08,3.32530018621376e-10,1.08327578654551e-08,7.36759928207246e-06,4.71156470773298e-08
721.2,5.9789718861436e-08,6.41855394308161e-09,2.06285714953168e-08,7.33445057680551e-06,5.94905005467398e-08
721.4,5.74740983606607e-08,2.05089121575444e-08,3.14643379030416e-08,7.31148611231335e-06,7.36155754492476e-08
721.6,6.25336794634278e-08,3.50724454780412e-08,3.76388694877118e-08,7.27863694353978e-06,9.16790270595864e-08
721.8,7.51344315361019e-08,4.57535675720624e-08,3.81663672323173e-08,7.23290770555104e-06,1.09929622566075e-07
722,8.50021551207364e-08,4.58673451761288e-08,3.63702674973581e-08,7.18887584102476e-06,1.16727865143805e-07
722.2,8.87419319209157e-08,3.77432250261258e-08,3.37799126032208e-08,7.14624181346757e-06,1.12007301391341e-07
722.4,8.31049364357664e-08,3.36562137221623e-08,3.31130190667898e-08,7.10700253283531e-06,1.04201559887072e-07
722.6,7.11561358860574e-08,3.40773904670396e-08,3.32614404854241e-08,7.07005969865227e-06,9.55266330486265e-08
722.8,6.31200383026799e-08,3.48957907769908e-08,2.99279756506923e-08,7.03541331091844e-06,8.86160067561199e-08
723,5.78626853202329e-08,3.30224525065294e-08,2.30634850388574e-08,7.00126615067357e-06,8.01428451823418e-08
723.2,4.69961640517875e-08,1.9681529405167e-08,1.19790124701779e-08,6.96242625203248e-06,5.64926048003819e-08
723.4,3.50095980175165e-08,3.26411977279912e-09,1.74555622482977e-09,6.920890524951e-06,2.9929194724545e-08
723.6,3.18601553707538e-08,3.78370416470226e-09,3.61426211322906e-09,6.87935479786953e-06,2.87652261830753e-08
723.8,3.77128116493229e-08,1.54637736614431e-08,1.30761275511636e-08,6.83991582624168e-06,4.65852266271943e-08
724,5.59535406927696e-08,2.73505391389045e-08,2.19382902300219e-08,6.80556897500123e-06,7.37134063581211e-08
724.2,7.48164064029482e-08,3.51383167225007e-08,2.7553232952544e-08,6.77162150575195e-06,9.66518903650263e-08
724.4,7.10368764611247e-08,2.86599796348263e-08,2.31798153399491e-08,6.72050061088244e-06,8.67451154287469e-08
724.6,5.8948939915661e-08,1.95617635061497e-08,1.75578526854646e-08,6.66868079752838e-06,6.7910988273014e-08
724.8,6.27195254006145e-08,2.99943713597101e-08,2.80135399197948e-08,6.65020938043686e-06,8.35970351264309e-08
725,6.94030223395476e-08,4.28422581767849e-08,3.98391167342225e-08,6.63742915671949e-06,1.04004596720061e-07
725.2,5.85822171839931e-08,3.02418875510124e-08,2.9102632221395e-08,6.59010239076607e-06,8.11270928955637e-08
725.4,4.70468493073839e-08,1.48000709710558e-08,1.48331162366179e-08,6.53548690347384e-06,5.39151507144052e-08
725.6,5.83814638186898e-08,2.68585009037753e-08,2.13415960132152e-08,6.49844422379301e-06,7.49069759440054e-08
725.8,7.26339589266809e-08,4.33662339849853e-08,3.25564387469113e-08,6.46879011094878e-06,1.03691154940142e-07
726,6.83992555130313e-08,4.08092320409672e-08,3.41479576075368e-08,6.43823738862443e-06,9.9147499516848e-08
726.2,5.89340324875444e-08,3.27619616761669e-08,3.12196431317797e-08,6.40718543881111e-06,8.43132005773082e-08
726.4,5.1861948589039e-08,2.6525152484844e-08,2.29301063315712e-08,6.37413657904195e-06,7.03866849466954e-08
726.6,4.84004437803693e-08,2.37964860855678e-08,1.75558469906182e-08,6.33929050031254e-06,6.32513309638743e-08
726.8,5.42222913741641e-08,3.1193028399041e-08,2.5969736871304e-08,6.30574241305443e-06,7.72005392647809e-08
727,5.86965074662202e-08,3.50445001016039e-08,3.24240628870483e-08,6.26909911536476e-06,8.64651807173172e-08
727.2,5.2446319771209e-08,2.21936191370537e-08,2.41144691383757e-08,6.22346972287381e-06,6.79202147987093e-08
727.4,4.66314289772018e-08,1.34537026562703e-08,1.52422779852854e-08,6.18552843371285e-06,5.27130576599873e-08
727.6,4.81211779603187e-08,2.4025039342859e-08,1.42193736136168e-08,6.16655778913236e-06,6.17626096260334e-08
727.8,5.24115357722703e-08,3.22489644087097e-08,1.61799403259816e-08,6.14219548767111e-06,7.23845266181382e-08
728,5.80256732009741e-08,2.52795871350646e-08,1.97621113216681e-08,6.09676578617575e-06,7.26974145688501e-08
728.2,6.4206292898108e-08,2.24581021640501e-08,2.5557566580367e-08,6.05003809320909e-06,7.76895768066772e-08
728.4,6.98820476963604e-08,3.34276604648711e-08,3.34118675989047e-08,6.01429340499955e-06,9.41107597097672e-08
728.6,6.75654333670439e-08,3.712443454787e-08,3.43094160426728e-08,5.98164392722156e-06,9.56690739279756e-08
728.8,5.33964198565056e-08,2.39631602950334e-08,2.35167720741458e-08,5.94829553095903e-06,6.97808043296194e-08
729,4.33428503346844e-08,1.25434818237393e-08,1.46786777334444e-08,5.91374898872299e-06,4.92494791187796e-08
729.2,4.428301213457e-08,1.08557806967546e-08,1.40579151784809e-08,5.87570785406424e-06,4.83566982894754e-08
729.4,4.36807520386602e-08,1.52282340600425e-08,1.78025474567265e-08,5.84385714026859e-06,5.29951749598824e-08
729.6,3.86440289923385e-08,2.44272531537252e-08,2.4542684988084e-08,5.82089267577642e-06,5.93943242661472e-08
729.8,4.29542633751122e-08,3.31641754870331e-08,3.09428572429752e-08,5.79163794492336e-06,7.2376695582997e-08
730,5.79789632595422e-08,3.79797626766848e-08,3.41820544199258e-08,5.75419588325136e-06,8.90110014530876e-08
730.2,6.29431368223632e-08,3.4019503615848e-08,2.79563776166722e-08,5.71775227655728e-06,8.6926982683916e-08
730.4,5.41507357192046e-08,2.25379460967282e-08,1.37961720010245e-08,5.68450372579254e-06,6.49793903243635e-08
730.6,4.86141169167069e-08,1.96396113405109e-08,1.03012487311568e-08,5.64945795606754e-06,5.69550660507272e-08
730.8,4.90951299306019e-08,2.56279062913731e-08,1.86980902056481e-08,5.61231543088891e-06,6.57270285023143e-08
731,4.59089156278183e-08,1.94449917546079e-08,1.90581124305786e-08,5.57437414172795e-06,5.85723268932751e-08
731.2,4.05472106485552e-08,4.11994692619317e-09,1.23460546270708e-08,5.53952806299854e-06,3.94420574411462e-08
731.4,4.61851999622456e-08,9.07116899648186e-09,2.06646740025522e-08,5.51636390751079e-06,5.12750341186232e-08
731.6,5.94746752139057e-08,2.9847658133414e-08,3.93457158020058e-08,5.50158677383757e-06,8.5967448533612e-08
731.8,6.41297681004429e-08,3.5992646802157e-08,4.16873645351884e-08,5.47612617190061e-06,9.53877109963887e-08
732,5.82731365077094e-08,2.70511243913614e-08,2.93734010256602e-08,5.44167947516237e-06,7.84858032987347e-08
732.2,4.12359338275412e-08,1.32760499060614e-08,1.70283492460126e-08,5.40483648647712e-06,4.92557723447145e-08
732.4,2.28620317595864e-08,1.82872547307746e-09,9.21596724976483e-09,5.36929148926316e-06,2.28327965760537e-08
732.6,2.8172057654712e-08,7.45552701873924e-09,1.29126634211813e-08,5.33694154797855e-06,3.29322674528342e-08
732.8,4.57588475181114e-08,2.22255567101249e-08,2.21559081208573e-08,5.3062889801564e-06,6.20119213182156e-08
733,4.73191583276467e-08,2.74852757752989e-08,2.38577401980353e-08,5.27703424930334e-06,6.810220951686e-08
733.2,3.7988102155209e-08,2.53045383640266e-08,1.93639808946559e-08,5.24658137247678e-06,5.73281713887451e-08
733.4,2.71603401998668e-08,1.94120561323782e-08,9.30080814176793e-09,5.21343266720983e-06,4.00475326597059e-08
733.6,2.10850663280901e-08,1.48829090512094e-08,1.94953539070957e-09,5.17838689748484e-06,2.86390870162527e-08
733.8,3.36510344018255e-08,2.19031868319368e-08,1.54027335729981e-08,5.14274205477309e-06,4.9612945002926e-08
734,5.12696267785403e-08,3.27948972983967e-08,3.37959581619921e-08,5.10819551253705e-06,7.96449255653112e-08
734.2,5.27037213633552e-08,3.67681309982937e-08,3.20379666291146e-08,5.07674418073257e-06,8.31099579728562e-08
734.4,4.75855043766629e-08,3.6166307355732e-08,2.22742441167954e-08,5.05098404230223e-06,7.44820908071728e-08
734.6,4.59029526565717e-08,3.12209737754784e-08,1.75127245514204e-08,5.03560783564226e-06,6.72111470287872e-08
734.8,4.70299542221851e-08,2.6414369028253e-08,1.63574443198888e-08,5.02003193798671e-06,6.37587196008176e-08
735,5.27891906178903e-08,2.89713709722712e-08,1.99165498248416e-08,4.9901781341469e-06,7.17100212953392e-08
735.2,6.02170651341113e-08,3.27919031509212e-08,2.61763234404842e-08,4.95483282792852e-06,8.31079828236729e-08
735.4,6.84151567696889e-08,3.20623292160745e-08,3.60373221528541e-08,4.92437995110196e-06,9.30634289421413e-08
735.6,7.18051059233991e-08,2.9607128286221e-08,4.09913884234844e-08,4.89382722877761e-06,9.58588470007051e-08
735.8,6.18618513696406e-08,2.7477291382031e-08,2.83063713673706e-08,4.86097806000403e-06,8.10819135830596e-08
736,4.84471537218012e-08,2.23782582313719e-08,1.46746663437516e-08,4.82912734620838e-06,6.09059112159585e-08
736.2,3.81818987207246e-08,1.00533491733391e-08,1.42534704260057e-08,4.80156998881779e-06,4.31744149626703e-08
736.4,3.05333942683782e-08,0,1.39877158588565e-08,4.77221541246694e-06,2.92952979513724e-08
736.6,2.66346049016221e-08,0,4.9036230452431e-09,4.73287628633688e-06,2.23664967803864e-08
736.8,3.00533750830243e-08,1.7206367492144e-09,1.45071908240765e-09,4.69922835358098e-06,2.48156308143446e-08
737,4.53464086735527e-08,1.42281888032485e-08,1.41652198527637e-08,4.68065709099166e-06,5.18796572339888e-08
737.2,5.29591352984193e-08,2.02933335393134e-08,2.24477367210098e-08,4.66478165684273e-06,6.6077791103439e-08
737.4,3.92661656590705e-08,9.24273364682406e-09,1.36006167534996e-08,4.64481255728433e-06,4.30710841455161e-08
737.6,2.43557560568676e-08,0,3.86116314882201e-09,4.62344562075684e-06,2.01807116662953e-08
737.8,1.82327784151179e-08,8.81786412006039e-10,8.22244630759612e-10,4.60008177427351e-06,1.49015979866884e-08
738,1.61467323073378e-08,2.86929152570561e-09,0,4.56922951545578e-06,1.45311444679364e-08
738.2,1.80230805929446e-08,2.4328446287036e-09,0,4.5314879172904e-06,1.56105416318224e-08
738.4,3.06496722076875e-08,1.12699710975226e-08,5.84690133150927e-09,4.50363102340643e-06,3.47453448416647e-08
738.6,5.38754452133184e-08,3.15752812267377e-08,2.51263421883891e-08,4.49085079968905e-06,7.68712166383602e-08
738.8,5.72455177962065e-08,3.49806249554613e-08,2.89211168377949e-08,4.47138092761961e-06,8.37826138353293e-08
739,3.25081315795544e-08,1.42701068679045e-08,1.01518244650993e-08,4.43603562140124e-06,4.0411144821441e-08
739.2,1.90964154173384e-08,6.87675831173842e-09,2.25951552922209e-09,4.39859355972923e-06,2.09291230648338e-08
739.4,2.75131493319592e-08,2.11726148479317e-08,1.34662351987902e-08,4.36424670848878e-06,4.35282249109222e-08
739.6,3.35347564625162e-08,2.66768559569325e-08,2.06095173942759e-08,4.33768780607611e-06,5.55766611547227e-08
739.8,3.2966286537004e-08,1.81046117347733e-08,1.92827502533764e-08,4.319016697989e-06,4.77821179414077e-08
740,3.91717519476655e-08,1.33628801828489e-08,2.1242314118318e-08,4.30234249985773e-06,4.9597945099472e-08
740.2,5.12268921512728e-08,1.54188614493116e-08,2.69244476181947e-08,4.28427046475738e-06,6.28608686962783e-08
740.4,5.39231489832914e-08,1.83641045159773e-08,2.70387722244401e-08,4.25611403438003e-06,6.72887492789033e-08
740.6,4.71412630187889e-08,2.02274622948539e-08,2.21990305600551e-08,4.22086857365945e-06,6.14993537305343e-08
740.8,4.24732503612173e-08,1.74728466174573e-08,2.14067810957235e-08,4.19211307029536e-06,5.54289627486246e-08
741,4.10451187476489e-08,1.27510760487025e-08,2.44413973983404e-08,4.17084597926566e-06,5.19338218912919e-08
741.2,3.74564038857177e-08,1.64578306232862e-08,2.53068547245659e-08,4.14598445031545e-06,5.25200748057699e-08
741.4,3.49728263614956e-08,2.59762254476816e-08,2.42618877095868e-08,4.11952539340056e-06,5.77097326182118e-08
741.6,4.72297137589472e-08,3.17669066651653e-08,2.55014071246675e-08,4.10165304929579e-06,7.21404147164983e-08
741.8,6.3526514175992e-08,3.18746959742808e-08,2.62966651312687e-08,4.0853782331557e-06,8.49477125426566e-08
742,5.24622210278667e-08,2.26996300604015e-08,1.73101493719331e-08,4.05352751936004e-06,6.5360263241872e-08
742.2,2.98883995452008e-08,1.08797338765581e-08,5.55537358558372e-09,4.01458777522116e-06,3.37311391271747e-08
742.4,3.52143266969841e-08,9.39204180093222e-09,7.26232018462012e-09,3.99232222921354e-06,3.73437061596831e-08
742.6,5.4286890229336e-08,1.65895731122052e-08,1.67395291881297e-08,3.97904277800721e-06,6.16615659176767e-08
742.8,5.95124406984677e-08,3.32779530910995e-08,2.48595847738167e-08,3.9578755324753e-06,8.23823469407926e-08
743,5.45273967362835e-08,4.71198968700174e-08,2.78540871795053e-08,3.93211539404496e-06,9.08584628319042e-08
743.2,4.23072809948527e-08,3.23966756841643e-08,1.57035877999595e-08,3.90575618262787e-06,6.46208874269825e-08
743.4,3.03227026176639e-08,1.08288333694757e-08,1.36307021761957e-09,3.8803954261887e-06,3.21892499157374e-08
743.6,3.10819876230683e-08,1.61454412366829e-08,5.39963138076006e-09,3.85443559676278e-06,3.87362304047337e-08
743.8,3.71642182946327e-08,2.99674240324312e-08,1.63052962538822e-08,3.83057252279048e-06,5.90561861036164e-08
744,4.10431310905667e-08,3.26571665145268e-08,2.30915647667071e-08,3.81170172370779e-06,6.70945182753368e-08
744.2,4.29880535455098e-08,2.81040662535546e-08,2.43982749591426e-08,3.79362968860744e-06,6.55392702058382e-08
744.4,3.99071850680834e-08,1.21322855704467e-08,1.15507966204696e-08,3.76697094069697e-06,4.49489017990452e-08
744.6,3.79056143862973e-08,3.53009987353325e-11,4.02934066169341e-11,3.74011250179092e-06,2.88282869661134e-08
744.8,4.73768003830308e-08,1.55925220028866e-08,1.14023752018353e-08,3.72243984868174e-06,5.32940612580862e-08
745,5.31678392920514e-08,3.11680771700791e-08,2.24056171292352e-08,3.70386858609242e-06,7.48231514224292e-08
745.2,3.82723371179652e-08,2.15528715773114e-08,1.16611098370221e-08,3.67381509125703e-06,5.12103047962212e-08
745.4,2.43378671431277e-08,8.20496213183964e-09,0,3.64895356230682e-06,2.49730587764209e-08
745.6,2.93845284748604e-08,4.01724766778588e-09,1.88685742675929e-09,3.64535912438631e-06,2.63156122538464e-08
745.8,3.39382508502049e-08,3.8752252725346e-09,5.06518176512135e-09,3.63627318408723e-06,3.10494292120596e-08
746,2.50782694062512e-08,7.91183509399494e-09,2.52035614399758e-09,3.60062834137548e-06,2.6404318369908e-08
746.2,1.71216781061621e-08,9.91352248623647e-09,0,3.56578226264607e-06,2.08456123094115e-08
746.4,1.80707843629177e-08,4.58593607828609e-09,0,3.54781007304351e-06,1.73505256255007e-08
746.6,2.11089182130766e-08,0,0,3.53013741993433e-06,1.6028568481042e-08
746.8,2.34593227127906e-08,0,0,3.50497635449074e-06,1.78132937379942e-08
747,3.28301320268725e-08,5.38138125759228e-09,5.1522289214555e-09,3.48251111748754e-06,3.14378662003144e-08
747.2,5.21670539511584e-08,2.87308411250782e-08,2.75071019710766e-08,3.46683537433419e-06,7.43631817954982e-08
747.4,5.28259622739112e-08,3.63808879248046e-08,3.5075591474001e-08,3.44886318473163e-06,8.42233226988121e-08
747.6,2.26125807957689e-08,1.47002660552081e-08,1.47027460716014e-08,3.42480041976375e-06,3.52256262641875e-08
747.8,2.76602359560427e-09,1.28918009800478e-10,0,3.40403255622302e-06,2.20233001518214e-09
748,9.45627856861694e-09,5.92471921946718e-09,0,3.38865634956305e-06,1.18686915531835e-08
748.2,2.14557643739224e-08,9.04791445108934e-09,0,3.37158276944061e-06,2.34516367356221e-08
748.4,3.11386358499113e-08,3.81125032147622e-09,0,3.34951691442858e-06,2.66602801711162e-08
748.6,3.53007897800603e-08,4.45020139273322e-09,0,3.32695183192758e-06,3.03263233360463e-08
748.8,3.18850010842814e-08,1.31333288763992e-08,0,3.30438674942659e-06,3.46036625863518e-08
749,2.22945556626152e-08,1.85267865288091e-08,2.18630766732816e-09,3.28142228493443e-06,3.25443517242862e-08
749.2,1.05494899638328e-08,1.83421474344908e-08,7.8904035257731e-09,3.2604547303981e-06,2.59717103022759e-08
749.4,1.11606945166125e-08,1.73071704571501e-08,1.18787277278574e-08,3.2455777512271e-06,2.73591092077867e-08
749.6,2.39294036127334e-08,1.71943909022422e-08,1.35564914668786e-08,3.23579289244348e-06,3.76984130779126e-08
749.8,3.33986019523848e-08,2.16347116083065e-08,1.66733412581982e-08,3.216822247863e-06,4.97638786680477e-08
750,3.58573337630793e-08,2.76060397234746e-08,1.96327440040747e-08,3.1892648904724e-06,5.76488290789852e-08
750.2,3.08037156315588e-08,2.14440842190374e-08,1.37640808834819e-08,3.16570135299349e-06,4.63717690705361e-08
750.4,2.20411293846334e-08,7.6531407521177e-09,3.00352803249751e-09,3.14653101741742e-06,2.41045006549914e-08
750.6,1.92792798689017e-08,5.35363549098662e-09,1.61187666331661e-09,3.12646207236123e-06,1.95797975649405e-08
750.8,2.37823169886499e-08,1.2967652716092e-08,9.10485175527377e-09,3.10639312730503e-06,3.22973900256589e-08
751,3.61177168408489e-08,1.96056776691227e-08,2.03949080457102e-08,3.084327272293e-06,5.18487322081708e-08
751.2,5.11135956975868e-08,2.5046043631981e-08,3.14041670576493e-08,3.06246110827655e-06,7.23498638284784e-08
751.4,5.83894144470187e-08,3.34795590211119e-08,3.45330510180474e-08,3.04329077270048e-06,8.59149464666589e-08
751.6,5.89946560285518e-08,4.03501294280677e-08,3.27429683676273e-08,3.02611734708026e-06,9.10292790846224e-08
751.8,5.64971649047542e-08,3.44127349842879e-08,3.45952275582861e-08,3.00774577548653e-06,8.52437029163462e-08
752,5.1144404382361e-08,2.33912781272261e-08,3.47927885006574e-08,2.99027281337292e-06,7.25441306592232e-08
752.2,4.02490620862236e-08,2.16207389200878e-08,1.8221737679626e-08,2.97669382567321e-06,5.56309704167558e-08
752.4,3.10173887678965e-08,2.45170775779882e-08,1.48050365087682e-09,2.96441282944479e-06,4.35996786798043e-08
752.6,3.95026968518535e-08,2.62287318847763e-08,1.70945371759441e-08,2.94753894031794e-06,5.8218170289222e-08
752.8,4.93018462671518e-08,2.54113296239836e-08,3.93106161421937e-08,2.92916736872421e-06,7.47171052822635e-08
753,3.16107044069363e-08,1.70416893809952e-08,2.86433281015673e-08,2.91299239808191e-06,5.00008146706084e-08
753.2,1.17073002142205e-08,9.32497289748256e-09,1.01508216176761e-08,2.89611850895506e-06,2.07029464772789e-08
753.4,2.4284200401908e-08,1.49986827535928e-08,1.36577790566223e-08,2.87485141792536e-06,3.62745826134898e-08
753.6,4.39699561441219e-08,2.31078321662186e-08,2.30494451749325e-08,2.85238618092216e-06,6.17420585147526e-08
753.8,4.56465448929665e-08,2.1047858703122e-08,2.4841533520199e-08,2.83291630885272e-06,6.21679271178341e-08
754,4.10123224057925e-08,1.79998165731332e-08,2.33563164864331e-08,2.81524365574353e-06,5.55882830326374e-08
754.2,3.55303641730556e-08,2.32874810147445e-08,1.88595486407841e-08,2.80166466804382e-06,5.36454697463107e-08
754.4,3.01696530223336e-08,2.66389300889103e-08,1.432366974563e-08,2.78868475333086e-06,5.02454919526306e-08
754.6,2.76642112702072e-08,1.81066078330902e-08,1.35675227885338e-08,2.77390761965764e-06,4.12610175355799e-08
754.8,2.66892654713829e-08,1.08348216644266e-08,1.18516508474309e-08,2.75773264901533e-06,3.4016912090652e-08
755,2.65729875320735e-08,1.46403831056995e-08,4.00406890662866e-09,2.74105845088407e-06,3.35118137989552e-08
755.2,2.96747264088632e-08,2.32395746551376e-08,4.02121759756545e-09,2.72238734279696e-06,4.26791588100564e-08
755.4,3.8601294365071e-08,3.52181606551789e-08,2.44965540066166e-08,2.70251808873635e-06,6.78806678231244e-08
755.6,4.46079940675115e-08,4.04070182301009e-08,3.92354025854533e-08,2.68264883467574e-06,8.29863080655181e-08
755.8,4.14098538222346e-08,3.00921801772409e-08,3.08295354841531e-08,2.66447695407759e-06,6.87235814358673e-08
756,3.73252185182918e-08,1.81694849300743e-08,2.14388722132661e-08,2.64830198343529e-06,5.2085199142035e-08
756.2,3.6477482772729e-08,1.2076394817572e-08,2.1860068131012e-08,2.63342500426428e-06,4.68039694585375e-08
756.4,3.47551779109935e-08,8.01882596378368e-09,1.90400611769609e-08,2.62094431704028e-06,4.10534776999242e-08
756.6,3.10362715101775e-08,5.5393724393792e-09,8.38500787489757e-09,2.6093622392964e-06,3.1612984788048e-08
756.8,3.32296511003969e-08,5.94617727637443e-09,5.76216072424849e-09,2.59398603263643e-06,3.24546060977099e-08
757,4.40594007128213e-08,9.91202541249875e-09,1.7648108953553e-08,2.5719201776244e-06,4.90084620652515e-08
757.2,5.11314846113267e-08,1.96994942900196e-08,3.15455685443211e-08,2.55025370460353e-06,6.81944438755091e-08
757.4,4.86290243448235e-08,3.36152937066648e-08,4.12641629225961e-08,2.53168244201422e-06,8.15514846781463e-08
757.6,3.44182700355588e-08,3.20433662820634e-08,3.92404168225694e-08,2.51510808938075e-06,6.86329320264564e-08
757.8,1.14349911939576e-08,1.13468208827253e-08,2.45186166499271e-08,2.50093002869428e-06,2.83725896039026e-08
758,4.43247529332964e-09,0,1.49685006387506e-08,2.49034640592833e-06,9.90462071729944e-09
758.2,1.82049512159669e-08,4.95571329150183e-10,1.52653434760191e-08,2.48215907510938e-06,2.08842562154134e-08
758.4,3.04737645559119e-08,5.57550181891607e-09,1.59683395196855e-08,2.46887962390305e-06,3.45271924990798e-08
758.6,3.58692597055725e-08,1.1122259822068e-08,1.50316800264124e-08,2.45030836131373e-06,4.2604162382257e-08
758.8,4.0809581383407e-08,2.01995169184166e-08,1.33097910007703e-08,2.43413339067143e-06,5.27861994697384e-08
759,4.47193028641152e-08,3.00153303920381e-08,1.21986360558597e-08,2.42225177643418e-06,6.3036897141786e-08
759.2,4.1139532459054e-08,2.94833701905699e-08,1.7770456339184e-08,2.41136861717485e-06,6.23317613025485e-08
759.4,3.30994595615121e-08,2.11157260458985e-08,2.68041059274102e-08,2.3994870029376e-06,5.35516333923427e-08
759.6,3.49440053338035e-08,2.07723971353824e-08,2.57170193206565e-08,2.38421064177542e-06,5.42056782121546e-08
759.8,4.22257870544821e-08,2.61379094113549e-08,1.63464129982336e-08,2.36633829767065e-06,5.98872024102598e-08
760,3.43198810099894e-08,2.19421107491175e-08,9.64568737060796e-09,2.35046286352172e-06,4.7636678921826e-08
760.2,1.83709205823315e-08,1.28898048817308e-08,6.25927219193096e-09,2.3356857298485e-06,2.68836908710923e-08
760.4,1.74148575257882e-08,1.58061045228007e-08,2.94395889555917e-09,2.31801307673932e-06,2.7017141553526e-08
760.6,2.74863159613493e-08,2.51438524495118e-08,1.50066088408323e-09,2.29884274116325e-06,4.14232186394918e-08
760.8,3.65738841412162e-08,2.59951883816927e-08,7.20816642376707e-09,2.28486437147237e-06,5.14906217379551e-08
761,4.36896964955302e-08,2.12584470755607e-08,1.62200542229098e-08,2.27258337524395e-06,5.70824250739564e-08
761.2,5.08740830191804e-08,1.78241599212412e-08,2.26222321726474e-08,2.25301365767672e-06,6.26169024860438e-08
761.4,5.29402525561383e-08,1.50695442438446e-08,2.40703438517547e-08,2.23364363110507e-06,6.26386487320536e-08
761.6,3.4250313012112e-08,9.14362736538729e-09,1.21795819548188e-08,2.22964981119339e-06,3.85632160530032e-08
761.8,1.57859725469166e-08,6.85779537772735e-09,7.62916177202833e-10,2.22875120171326e-06,1.77466265485783e-08
762,3.77843673042824e-08,2.48544181935534e-08,1.70263435511662e-08,2.21117839410187e-06,5.57960992604793e-08
762.2,6.63002896342169e-08,4.24600053490882e-08,3.67363068068277e-08,2.18931223008542e-06,9.99906794725914e-08
762.4,5.27076966775197e-08,2.59343073830256e-08,2.33182082843513e-08,2.17972706229738e-06,7.07308835908487e-08
762.6,2.67608211263425e-08,2.98117283637088e-09,2.88198292480513e-09,2.17353664143428e-06,2.39382213429588e-08
762.8,1.69328506833521e-08,6.28501496567739e-09,5.57462825610924e-09,2.16025719022794e-06,2.02662105683364e-08
763,1.78610865407445e-08,1.78600896909464e-08,1.43306896775925e-08,2.14488098356797e-06,3.39555556462978e-08
763.2,3.56327285127895e-08,2.58025648941066e-08,1.52904146615992e-08,2.1308027683793e-06,5.41542465794076e-08
763.4,5.20239426412392e-08,2.87328372233951e-08,1.43898576755615e-08,2.1157260982127e-06,6.85258830055174e-08
763.6,4.35555296424809e-08,1.66664228974079e-08,1.10433558243281e-08,2.0957569986543e-06,5.1085419480935e-08
763.8,3.66543842530457e-08,1.00004525679398e-08,1.6132806497091e-08,2.079582028012e-06,4.27936542682757e-08
764,5.32900802026074e-08,3.03616534500297e-08,4.59544803209236e-08,2.07508898061136e-06,8.4565058219297e-08
764.2,7.10905432023444e-08,4.9094038105485e-08,6.85145359533323e-08,2.07249299766876e-06,1.22759797941978e-07
764.4,7.74142742093974e-08,4.61128652691141e-08,5.78211738797026e-08,2.06480489433878e-06,1.20531199146238e-07
764.6,6.94368125099452e-08,3.32450174688698e-08,3.61205584889801e-08,2.05272358910595e-06,9.48114331942718e-08
764.8,3.89541034971634e-08,1.3316969921559e-08,1.30590791449692e-08,2.03525062699234e-06,4.58215396245125e-08
765,1.88638595387197e-08,0,9.77355041706654e-10,2.01837673786549e-06,1.47507883585751e-08
765.2,3.18790381130348e-08,3.20942667891458e-09,1.20361747733006e-08,2.00769326960175e-06,3.20042084897457e-08
765.4,4.08602666390034e-08,1.01172243194816e-08,2.08792833511179e-08,1.99481320038658e-06,4.81531736701226e-08
765.6,2.72964947099982e-08,1.37900452226771e-08,1.39425877248123e-08,1.9758425558061e-06,3.77299098902933e-08
765.8,1.41352233401407e-08,1.19825781966752e-08,5.48186486946283e-09,1.95966758516379e-06,2.26099083672523e-08
766,1.05534652779972e-08,3.08716565700114e-09,1.01217390424031e-09,1.94888427140225e-06,1.08985961124397e-08
766.2,1.12471575996887e-08,4.66677806012273e-09,1.37871463742156e-09,1.93780142114734e-06,1.28354189669073e-08
766.4,1.53248361038437e-08,2.26437393075268e-08,7.25540053740001e-09,1.92342366946529e-06,3.27242501848891e-08
766.6,2.44382438257794e-08,3.078083409659e-08,1.08618404407281e-08,1.91134236423246e-06,4.76587213055981e-08
766.8,3.61594576395753e-08,2.04979336168012e-08,9.1339343305467e-09,1.90265580592455e-06,4.76671710465957e-08
767,3.16186550352652e-08,9.00380067828466e-09,5.03780403046787e-09,1.89656523055924e-06,3.33344272752961e-08
767.2,9.59312875872714e-09,2.19720522238718e-09,7.28508482112686e-10,1.89107372818068e-06,9.34123487163462e-09
767.4,4.48077536042736e-09,3.45794091937536e-11,3.73249782442487e-09,1.8795914959346e-06,5.06026120948539e-09
767.6,2.13434617487775e-08,2.830367608525e-09,1.3685858784472e-08,1.86241807031437e-06,2.44249666153631e-08
767.8,3.11853457913432e-08,8.98733286716979e-09,1.7118605514101e-08,1.84873923711687e-06,3.82698174074596e-08
768,2.88299721489237e-08,1.58350479483965e-08,1.20983513135392e-08,1.84005267880896e-06,3.97069036151974e-08
768.2,2.47493121591453e-08,1.5011657392653e-08,4.57519051414363e-09,1.83076704751431e-06,3.26703328453459e-08
768.4,2.18811229895154e-08,8.75149385102167e-09,0,1.82028327024614e-06,2.35400625845144e-08
768.6,2.2726871077996e-08,1.27031696890956e-08,1.09571109459325e-08,1.80800227401773e-06,3.20958249503236e-08
768.8,2.67320000986504e-08,2.37126499562557e-08,3.16408390495256e-08,1.79442328631801e-06,5.28845258449049e-08
769,2.99977206847224e-08,2.18642629147562e-08,3.18263658228184e-08,1.78194259909401e-06,5.39826759211992e-08
769.2,3.26989466594466e-08,1.26233257564174e-08,1.81114244630735e-08,1.77056021234572e-06,4.27300386614458e-08
769.4,3.85883745940366e-08,1.99280475473108e-08,2.17076353226849e-08,1.75987674408198e-06,5.45533223608723e-08
769.6,4.39629993443341e-08,3.57950330687786e-08,3.48870561584386e-08,1.74979234880499e-06,7.6947483730328e-08
769.8,3.83588002010413e-08,3.52680631131027e-08,3.05818321706216e-08,1.74110579049708e-06,7.03943505778645e-08
770,2.74753838473972e-08,2.443723364531e-08,1.61297979548214e-08,1.73201985019801e-06,4.72464372974167e-08
770.2,2.489739261177e-08,1.9788320665124e-08,1.00395055537004e-08,1.71754225301817e-06,3.89496540920068e-08
770.4,2.6539197361676e-08,1.8399036236524e-08,1.03533967971634e-08,1.70286496484274e-06,3.92340888706868e-08
770.6,2.15173817434709e-08,1.15105009447156e-08,1.25175415364387e-08,1.6983719174421e-06,3.09153245655317e-08
770.8,1.77517654012229e-08,5.73069846305924e-09,1.56594625133385e-08,1.69627516198847e-06,2.485491388304e-08
771,3.45375294604914e-08,1.60426421733597e-08,2.01211306991753e-08,1.67980065485279e-06,4.77097920282149e-08
771.2,5.10251449574284e-08,2.79992710919145e-08,2.18891507062849e-08,1.65953201880101e-06,7.0463024353758e-08
771.4,2.98794550883309e-08,1.64308832960073e-08,1.20903285341536e-08,1.65014654200856e-06,4.09717895180299e-08
771.6,1.90795203321396e-09,9.85723251369836e-10,7.75281285930944e-10,1.64465503963e-06,2.56744936642038e-09
771.8,9.65454736256745e-09,9.10190891056295e-09,2.41445545610718e-09,1.63566894482872e-06,1.55881262227114e-08
772,2.46926639323023e-08,2.13422832048728e-08,7.09183612267535e-09,1.62568439504952e-06,3.87361867502008e-08
772.2,1.30827589151102e-08,1.40834716752693e-08,2.16715328154495e-09,1.61530046327915e-06,2.20251832938406e-08
772.4,3.62399577514048e-09,7.28975105351621e-09,0,1.60531591349995e-06,8.52024495643221e-09
772.6,2.98565970318855e-08,2.39332188202791e-08,1.68779221325319e-08,1.59632981869866e-06,4.89825395416741e-08
772.8,5.64474734776989e-08,4.02423401189522e-08,3.29656004955787e-08,1.58794279688414e-06,8.91070961474158e-08
773,5.3919173669127e-08,3.62471493375687e-08,2.9745457419669e-08,1.57925623857623e-06,8.26191534358273e-08
773.2,4.26899049831782e-08,2.66918266943096e-08,2.39680534145878e-08,1.56857277031249e-06,6.40074193540915e-08
773.4,3.12956607594059e-08,1.80696800142266e-08,2.68552511459936e-08,1.55189857218122e-06,4.97939385973618e-08
773.6,2.6652493815362e-08,1.59059094386484e-08,2.91507688977088e-08,1.53861912097488e-06,4.55588322731016e-08
773.8,3.93367274854889e-08,2.87787474846851e-08,2.57330648794278e-08,1.5359232925345e-06,6.3883698853013e-08
774,4.8482931549281e-08,3.8036651478718e-08,2.16073505803644e-08,1.53572360153891e-06,7.63522225300555e-08
774.2,3.96597217613482e-08,3.05742379207853e-08,1.92657018471819e-08,1.53422591907203e-06,6.27245064312572e-08
774.4,3.3920361936465e-08,2.42036901422264e-08,1.82648601188238e-08,1.52573905175971e-06,5.28881695480078e-08
774.6,4.25169788170259e-08,2.82168458084625e-08,1.89859074161078e-08,1.50537057021014e-06,6.29064452378763e-08
774.8,5.52548792283725e-08,3.5754113053281e-08,2.59135774156046e-08,1.48659961662525e-06,8.15693065471078e-08
775,6.74501492562757e-08,4.40858274282473e-08,4.10274909307198e-08,1.47641537585046e-06,1.04024911632809e-07
775.2,6.47707875094558e-08,4.33941793614227e-08,4.61971693973391e-08,1.46822804503152e-06,1.03701443907804e-07
775.4,4.04537907656913e-08,2.88875348429591e-08,3.30368026626262e-08,1.45994086871478e-06,6.80086049409493e-08
775.6,2.07093991395523e-08,1.53539882540106e-08,1.87783179995045e-08,1.45325122036271e-06,3.60781813051839e-08
775.8,1.69229123979411e-08,1.01112360245308e-08,1.1067424162485e-08,1.4484586364687e-06,2.56858919424302e-08
776,2.19188884740774e-08,1.76824369407375e-08,1.2097348466116e-08,1.44077053313871e-06,3.59205501430546e-08
776.2,3.22944584432168e-08,3.6712240245419e-08,2.15933107164396e-08,1.42878907340367e-06,6.30057280088374e-08
776.4,3.61693959249863e-08,4.11835004753961e-08,2.46469811200973e-08,1.41870467812668e-06,7.08202041919285e-08
776.6,3.08802404292239e-08,2.64912188134557e-08,1.82538287971685e-08,1.41151580228565e-06,5.23850473216562e-08
776.8,3.00404553119899e-08,2.05588146154683e-08,1.69832211119684e-08,1.402230170991e-06,4.64979501095923e-08
777,3.38577507383754e-08,2.65670705495e-08,2.16594986463711e-08,1.39054824774933e-06,5.61937248294411e-08
777.2,2.53962945394049e-08,2.18772375538164e-08,1.75789124813519e-08,1.38226107143259e-06,4.427501955459e-08
777.4,6.85920582500057e-09,6.32274122386782e-09,5.14220044722346e-09,1.37686941455183e-06,1.24579704642688e-08
777.6,0,0,0,1.36918131122184e-06,0
777.8,5.22445725773646e-09,0,0,1.35779892447355e-06,3.96707069905791e-09
778,1.47742550920714e-08,2.47925391457278e-09,0,1.34571761924072e-06,1.31803452800004e-08
778.2,2.06169730852295e-08,3.45973740786062e-09,0,1.33463476898581e-06,1.8392743643898e-08
778.4,2.64835429633741e-08,4.44411329286651e-09,0,1.32325238223752e-06,2.36263334702898e-08
778.6,3.23799276977518e-08,5.43357922858063e-09,0,1.31206968648481e-06,2.88865903220499e-08
778.8,3.82971828314928e-08,6.42653833634943e-09,0,1.30048760874094e-06,3.41654588079789e-08
779,4.42462404785491e-08,7.424886909574e-09,0,1.28920506749044e-06,3.94727405303451e-08
779.2,5.02221314962153e-08,8.42782650892756e-09,0,1.27772283524436e-06,4.48040304731985e-08
779.4,5.62178990847036e-08,9.43386006067241e-09,0,1.26604091200269e-06,5.01528615032965e-08
779.6,6.22474568435895e-08,1.04455824926206e-08,0,1.25445883425882e-06,5.55318519809007e-08
779.8,6.83038479730852e-08,1.14615965359502e-08,0,1.24287675651495e-06,6.09346137493245e-08
780,7.43870724731907e-08,1.24826008250722e-08,0,1.23119483327328e-06,6.63616996444589e-08
