SingleWhiteRatio,RGBWhiteRatio,x,y,Y_lm,CCT_K,Ra,Rmin_8,R1,R2,R3,R4,R5,R6,R7,R8,Worst_R
0,1,0.308854505988082,0.317139850917598,2.39,6839.154456519,22.7360290003496,-54.7593584093697,4.49092754284897,67.6139867788496,58.9357803506818,-6.65901813344496,19.2388004763908,54.2001730871206,38.8269403097196,-54.7593584093697,R8
0.001,0.999,0.30885391880727,0.317138990735369,2.39,6839.2005026804,22.8237426321236,-54.5915434823463,4.60100564203022,67.6572972272375,58.9764508764499,-6.54230666378758,19.33315969329,54.2605269231006,38.8953508410142,-54.5915434823463,R8
0.002,0.998,0.308853331629643,0.317138130557806,2.39,6839.24654953683,22.9114592091438,-54.4237087614134,4.71108324391076,67.7006059742128,59.0171144625937,-6.4255908387462,19.4275212006441,54.3208835455733,38.9637648463751,-54.4237087614134,R8
0.003,0.997,0.308852744455202,0.317137270384909,2.39,6839.29259691878,22.9991787310195,-54.2558542410889,4.82116034882924,67.7439130190452,59.0577711039483,-6.30887065787037,19.5218849987439,54.3812429509637,39.0321823255853,-54.2558542410889,R8
0.004,0.996,0.308852157283945,0.317136410216678,2.39,6839.3386450096,23.086901196034,-54.0879799185173,4.9312369558145,67.7872183613109,59.0984207925429,-6.19214612330067,19.616251087063,54.4416051365536,39.1006032768052,-54.0879799185173,R8
0.005,0.995,0.308851570115874,0.317135550053113,2.39,6839.38469364755,23.1746266037522,-53.9200857882741,5.04131306517232,67.8305220002801,59.1390635230985,-6.07541723465231,19.7106194658735,54.5019700987509,39.1690276997688,-53.9200857882741,R8
0.006,0.994,0.308850982950988,0.317134689894214,2.39,6839.4307429557,23.2623549526661,-53.7521718470526,5.15138867615276,67.8738239354707,59.179699288059,-5.95868399363802,19.8049901347844,54.562337834651,39.2374555929016,-53.7521718470526,R8
0.007,0.993,0.308850395789287,0.317133829739981,2.39,6839.47679285582,23.3500862420146,-53.5842380900473,5.26146378875139,67.9171241662179,59.2203280814359,-5.84194640049252,19.899363093875,54.6227083408338,39.3058869555425,-53.5842380900473,R8
0.008,0.992,0.308849808630771,0.317132969590415,2.39,6839.52284340598,23.4378204705165,-53.4162845134668,5.37153840245634,67.9604226919745,59.2609498961258,-5.72520445646018,19.9937383429059,54.6830816141955,39.3743217864014,-53.4162845134668,R8
0.009,0.991,0.30884922147544,0.317132109445513,2.39,6839.56889456792,23.525557637245,-53.2483111128003,5.48161251711242,68.0037195121045,59.3015647257678,-5.60845816208337,20.0881158818587,54.7434576513764,39.442760084624,-53.2483111128003,R8
0.01,0.99,0.308848634323294,0.317131249305278,2.39,6839.61494633664,23.6132977411396,-53.0803178837883,5.59168613243813,68.0470146259957,59.3421725637045,-5.49170751814923,20.1824957106403,54.8038364490797,39.5112018491965,-53.0803178837883,R8
0.011,0.989,0.308848047174333,0.317130389169709,2.39,6839.66099872775,23.7010407810561,-52.9123048223167,5.70175924807801,68.0903080330552,59.3827734030881,-5.37495252560851,20.2768778291074,54.8642180040413,39.5796470790042,-52.9123048223167,R8
0.012,0.988,0.308847460028557,0.317129529038805,2.39,6839.70705176617,23.7887867558063,-52.7442719243478,5.81183186363675,68.1335997326894,59.4233672369699,-5.25819318547725,20.3712622370947,54.9246023130023,39.6480957728825,-52.7442719243478,R8
0.013,0.987,0.308846872885966,0.317128668912567,2.39,6839.75310544544,23.8765356643121,-52.5762191856034,5.9219039788363,68.1768897242765,59.4639540586187,-5.14142949855319,20.4656489345094,54.9849893726048,39.716547929808,-52.5762191856034,R8
0.014,0.986,0.30884628574656,0.317127808790995,2.39,6839.79915971896,23.9642875056367,-52.4081466015061,6.03197559354696,68.2201780071529,59.5045338615901,-5.02466146534294,20.5600379213496,55.0453791793706,39.7850035489323,-52.4081466015061,R8
0.015,0.985,0.308845698610339,0.317126948674088,2.39,6839.84521459681,24.0520422786237,-52.2400541679051,6.14204670742473,68.2634645807035,59.545106638967,-4.90788908677023,20.6544291974846,55.1057717299464,39.8534626291386,-52.2400541679051,R8
0.016,0.984,0.308845111477303,0.317126088561848,2.39,6839.89127012125,24.1397999819886,-52.0719418808811,6.25211732000869,68.3067494443381,59.5856723835452,-4.79111236400628,20.7488227627042,55.1661670210363,39.9219251691637,-52.0719418808811,R8
0.017,0.983,0.308844524347451,0.317125228454272,2.39,6839.93732628431,24.2275606146256,-51.9038097361472,6.36218743101897,68.3500325974137,59.6262310884913,-4.67433129785285,20.8432186169192,55.2265650492032,39.9903911679582,-51.9038097361472,R8
0.018,0.982,0.308843937220784,0.317124368351362,2.39,6839.98338299628,24.3153241757266,-51.7356577287985,6.47225704048051,68.393314039216,59.6667827475837,-4.55754588852298,20.9376167602231,55.2869658107809,40.0588606248503,-51.7356577287985,R8
0.019,0.981,0.308843350097302,0.317123508253118,2.39,6840.02944040223,24.4030906635979,-51.5674858556872,6.58232614754722,68.4365937692351,59.7073273527203,-4.44075613795468,21.0320171921697,55.3473693026741,40.1273335380789,-51.5674858556872,R8
0.02,0.98,0.308842762977005,0.317122648159539,2.39,6840.07549842229,24.4908600773775,-51.3992941119824,6.69239475220145,68.4798717867534,59.7478648975447,-4.32396204644002,21.1264199128303,55.4077755212026,40.19580990691,-51.3992941119824,R8
0.021,0.979,0.308842175859893,0.317121788070626,2.39,6840.12155706637,24.5786324158599,-51.231082493524,6.80246285409537,68.5231480911324,59.7883953749611,-4.20716361493756,21.2208249220684,55.468184462892,40.2642897301914,-51.231082493524,R8
0.022,0.978,0.308841588745965,0.317120927986378,2.39,6840.16761627186,24.6664076781019,-51.0628509956098,6.912530453146,68.5664226816619,59.8289187784174,-4.09036084387883,21.3152322199164,55.5285961240647,40.3327730070975,-51.0628509956098,R8
0.023,0.977,0.308841001635222,0.317120067906795,2.39,6840.21367617794,24.7541858623981,-50.8945996150409,7.02259754852473,68.6096955578134,59.8694350997367,-3.97355373517934,21.4096418059339,55.5890105015267,40.4012597358697,-50.8945996150409,R8
0.024,0.976,0.308840414527664,0.317119207831878,2.39,6840.25973666661,24.8419669679952,-50.7263283467027,7.13266414035083,68.6529667188168,59.9099443327438,-3.85674228887457,21.5040536802833,55.6494275914228,40.4697499159214,-50.7263283467027,R8
0.025,0.975,0.30883982742329,0.317118347761626,2.39,6840.30579777649,24.9297509935465,-50.5580371866423,7.2427302281635,68.6962361640452,59.9504464699948,-3.73992650615502,21.598467842756,55.7098473902668,40.5382435459431,-50.5580371866423,R8
0.026,0.974,0.308839240322101,0.317117487696039,2.39,6840.35185953743,25.0175379377283,-50.3897261308477,7.35279581153365,68.7395038928553,59.9909415040865,-3.62310638815239,21.6928842931655,55.7702698945286,40.6067406246568,-50.3897261308477,R8
0.027,0.973,0.308838653224096,0.317116627635117,2.39,6840.39792189022,25.1053277995428,-50.2213951746349,7.46286089036012,68.7827699045206,60.0314294282883,-3.50628193534909,21.7873030315347,55.830695100436,40.6752411511865,-50.2213951746349,R8
0.028,0.972,0.308838066129277,0.317115767578861,2.39,6840.44398488011,25.1931205775915,-50.0530443141034,7.57292546415243,68.8260341984049,60.071910235011,-3.38945314899981,21.8817240576383,55.8911230044566,40.7437451241719,-50.0530443141034,R8
0.029,0.971,0.308837479037641,0.31711490752727,2.39,6840.49004850039,25.2809162706618,-49.8846735449614,7.68298953261441,68.8692967738222,60.112383917047,-3.27262002998624,21.9761473713718,55.9515536029046,40.8122525424819,-49.8846735449614,R8
0.03,0.97,0.30883689194919,0.317114047480344,2.39,6840.53611275643,25.3687148774869,-49.7162828630079,7.79305309540017,68.9125576300916,60.1528504670601,-3.15578257928232,22.0705729726045,56.0119868921049,40.8807634049241,-49.7162828630079,R8
0.031,0.969,0.308836304863924,0.317113187438082,2.39,6840.58217757765,25.4565163970757,-49.5478722634715,7.90311615244606,68.955816766459,60.1933098782867,-3.03894079731195,22.1650008613788,56.0724228681691,40.9492777106491,-49.5478722634715,R8
0.032,0.968,0.308835717781841,0.317112327400486,2.39,6840.62824309086,25.5443208276895,-49.3794417430607,8.01317870295438,68.9990741823443,60.2337621423699,-2.92209468594743,22.2594310372816,56.1328615276838,41.0177954578905,-49.3794417430607,R8
0.033,0.967,0.308835130702944,0.317111467367555,2.39,6840.67430919016,25.6321281684507,-49.2109912967357,8.12324074699042,69.0423298769552,60.2742072527576,-2.80524424536917,22.3538635004335,56.1933028666259,41.0863166459476,-49.2109912967357,R8
0.034,0.966,0.308834543627231,0.317110607339289,2.39,6840.72037591344,25.7199384179352,-49.0425209205381,8.23330228408133,69.0855838496215,60.3146452017342,-2.68838947680815,22.4482982506269,56.2537468813145,41.1548412734493,-49.0425209205381,R8
0.035,0.965,0.308833956554702,0.317109747315687,2.39,6840.7664432621,25.8077515748465,-48.8740306102314,8.34336331389301,69.1288360996386,60.3550759818387,-2.57153038124154,22.542735287733,56.3141935679551,41.2233693391867,-48.8740306102314,R8
0.036,0.964,0.308833369485357,0.317108887296751,2.39,6840.81251123629,25.8955676378826,-48.7055203615713,8.45342383609029,69.172086626295,60.3954995855859,-2.45466695963977,22.6371746116285,56.374642922723,41.2919008419491,-48.7055203615713,R8
0.037,0.963,0.308832782419197,0.317108027282479,2.39,6840.85857985104,25.9833866056778,-48.5369901704225,8.56348385028487,69.2153354288877,60.4359160053447,-2.33779921308683,22.7316162221539,56.4350949418133,41.3604357804473,-48.5369901704225,R8
0.038,0.962,0.308832195356221,0.317107167272873,2.39,6840.90464906038,26.0712084770846,-48.3684400321953,8.67354335630905,69.2585825066548,60.4763252339332,-2.22092714222815,22.8260601192898,56.4955496212418,41.4289741536714,-48.3684400321953,R8
0.039,0.961,0.30883160829643,0.31710630726793,2.39,6840.95071888629,26.1590332506919,-48.1998699428019,8.78360235374757,69.3018278588916,60.5167272635953,-2.10405074821352,22.9205063028575,56.5560069571723,41.4975159602867,-48.1998699428019,R8
0.04,0.96,0.308831021239822,0.317105447267653,2.39,6840.99678933416,26.2468609251419,-48.0312798980361,8.89366084223857,69.3450714848737,60.557122086679,-1.98717003207486,23.0149547727196,56.6164669457063,41.5660611990289,-48.0312798980361,R8
0.041,0.959,0.308830434186399,0.31710458727204,2.39,6841.04286040918,26.3346914990676,-47.8626698936865,9.00371882142601,69.3883133838713,60.597509695498,-1.87028499484902,23.1094055287352,56.676929582918,41.6346098686276,-47.8626698936865,R8
0.042,0.958,0.30882984713616,0.317103727281092,2.39,6841.08893213537,26.4225249710221,-47.6940399256829,9.1137762908765,69.4315535551687,60.6378900821861,-1.75339563771705,23.2038585707207,56.7373948649094,41.7031619677157,-47.6940399256829,R8
0.043,0.957,0.308829260089105,0.317102867294809,2.39,6841.13500451325,26.5103613396369,-47.5253899897762,9.22383325024761,69.4747919980234,60.6782632390269,-1.6365019616961,23.2983138985431,56.7978627876957,41.7717174950305,-47.5253899897762,R8
0.044,0.956,0.308828673045235,0.31710200731319,2.39,6841.1810774079,26.5982006040406,-47.356720080702,9.33388969969364,69.5180287115622,60.7186291593467,-1.5196039668172,23.3927715123872,56.858333346927,41.8402764499273,-47.356720080702,R8
0.045,0.955,0.308828086004548,0.317101147336235,2.39,6841.22715100877,26.6860427621388,-47.1880301956313,9.44394563816591,69.5612636952071,60.7589878338696,-1.40270165548817,23.4872314116833,56.9188065390529,41.9088388302506,-47.1880301956313,R8
0.046,0.954,0.308827498967046,0.317100287363945,2.39,6841.27322517106,26.7738878130772,-47.0193203292202,9.55400106585549,69.6044969480672,60.7993392559291,-1.28579502768261,23.5816935966335,56.9792823596479,41.9774046353875,-47.0193203292202,R8
0.047,0.953,0.308826911932727,0.31709942739632,2.39,6841.31930001993,26.8617357549828,-46.8505904781573,9.66405598194838,69.6477284694978,60.8396834166927,-1.16888408535007,23.6761580668145,57.0397608049499,42.0459738634662,-46.8505904781573,R8
0.048,0.952,0.308826324901593,0.317098567433359,2.39,6841.36537545441,26.9495865868178,-46.681840637425,9.77411038646932,69.6909582586366,60.8800203090807,-1.05196882879895,23.7706248223291,57.1002418705961,42.1145465136543,-46.681840637425,R8
0.049,0.951,0.308825737873643,0.317097707475062,2.39,6841.41145152955,27.0374403069512,-46.5130708031851,9.88416427885991,69.7341863147642,60.9203499247456,-0.935049259475562,23.8650938629154,57.1607255525981,42.1831225843871,-46.5130708031851,R8
0.05,0.95,0.308825150848876,0.31709684752143,2.39,6841.45752822217,27.1252969140345,-46.3442809710029,9.99421765885612,69.7774126370826,60.960672255923,-0.818125378271787,23.9595651884896,57.2212118467402,42.251702074459,-46.3442809710029,R8
0.051,0.949,0.308824563827294,0.317095987572462,2.39,6841.50360554942,27.2131564065591,-46.1754711367532,10.1042705260364,69.8206372248245,61.0009872945019,-0.701197186370806,24.0540387988793,57.2817007488885,42.3202849824665,-46.1754711367532,R8
0.052,0.948,0.308823976808895,0.317095127628158,2.39,6841.54968351229,27.3010187830655,-46.0066412961831,10.2143228800426,69.8638600772067,61.0412950324551,-0.584264684850282,24.1485146939429,57.342192254838,42.3888713070723,-46.0066412961831,R8
0.053,0.947,0.308823389793681,0.317094267688518,2.39,6841.59576204422,27.3888840423377,-45.8377914445336,10.3243747207616,69.9070811933748,61.0815954622626,-0.46732787430021,24.2429928736992,57.4026863601892,42.4574610472478,-45.8377914445336,R8
0.054,0.946,0.30882280278165,0.317093407753543,2.39,6841.64184124156,27.4767521825395,-45.6689215782701,10.4344260474769,69.9503005726215,61.121888575076,-0.350386756502914,24.3374733377853,57.4631830609325,42.5260542011971,-45.6689215782701,R8
0.055,0.945,0.308822215772803,0.317092547823231,2.39,6841.6879210427,27.564623202416,-45.5000316926695,10.5444768600559,69.9935182140892,61.1621743632656,-0.233441332098721,24.4319560862063,57.5236823526285,42.5946507678508,-45.5000316926695,R8
0.056,0.944,0.30882162876714,0.317091687897584,2.39,6841.73400146038,27.6524971004231,-45.3311217835651,10.6545271580885,70.0367341169836,61.2024528185753,-0.116491602275516,24.5264411187903,57.5841842310001,42.6632507457878,-45.3311217835651,R8
0.057,0.943,0.308821041764661,0.317090827976601,2.39,6841.78008250729,27.7403738750072,-45.1621918467916,10.7645769411623,70.0799482805027,61.2427239327156,0.000462431773755156,24.6209284353704,57.6446886917489,42.7318541335754,-45.1621918467916,R8
0.058,0.942,0.308820454765365,0.317089968060282,2.39,6841.82616419554,27.8282535246058,-44.9932418781761,10.8746262088682,70.1231607038447,61.2829876973645,0.117420768849939,24.7154180357732,57.7051957305418,42.80046092978,-44.9932418781761,R8
0.059,0.941,0.308819867769254,0.317089108148627,2.39,6841.87224645212,27.916136047965,-44.8242718729076,10.9846749611072,70.1663713861161,61.3232441048415,0.234383408375635,24.809909920028,57.7657053428073,42.8690711333516,-44.8242718729076,R8
0.06,0.94,0.308819280776326,0.317088248241636,2.39,6841.91832941977,28.0040214430123,-44.6552818277972,11.0947231969814,70.209580326626,61.3634931457181,0.35135034818434,24.9044040876593,57.8262175244975,42.9376847422287,-44.6552818277972,R8
0.061,0.939,0.308818693786581,0.317087388339308,2.39,6841.96441295139,28.0919097087496,-44.4862717374704,11.204770916665,70.2527875244021,61.4037348128294,0.468321588219695,24.9989005388644,57.8867322707934,43.0063017556934,-44.4862717374704,R8
0.062,0.938,0.308818106800021,0.317086528441645,2.39,6842.01049712828,28.1798008433135,-44.3172415982752,11.3148181194855,70.2959929786848,61.4439690971606,0.585297126754526,25.0933992733089,57.9472495774357,43.0749221719535,-44.3172415982752,R8
0.063,0.937,0.308817519816644,0.317085668548645,2.39,6842.05658193377,28.2676948451959,-44.1481914058212,11.4248648051275,70.3391966886143,61.4841959904396,0.702276962770014,25.1879002908861,58.0077694398879,43.1435459896633,-44.1481914058212,R8
0.064,0.936,0.308816932836451,0.317084808660309,2.39,6842.10266733448,28.355591712941,-43.9791211555879,11.5349109733394,70.3823986533114,61.5244154844911,0.819261095357632,25.2824035915257,58.0682918535407,43.2121732075501,-43.9791211555879,R8
0.065,0.935,0.308816345859441,0.317083948776638,2.39,6842.14875336229,28.4434914448381,-43.8100308435506,11.6449566236267,70.425598871951,61.564627570584,0.936249523132147,25.3769091750079,58.1288168139279,43.2808038240254,-43.8100308435506,R8
0.066,0.934,0.308815758885615,0.317083088897629,2.39,6842.19484002616,28.5313940392502,-43.6409204655079,11.7550017555756,70.4687973436847,61.6048322401331,1.05324224486139,25.4714170411626,58.1893443164913,43.3494378376009,-43.6409204655079,R8
0.067,0.933,0.308815171914972,0.317082229023285,2.39,6842.24092732854,28.6192994945547,-43.4717900172079,11.8650463687956,70.5119940676483,61.6450294845682,1.17023925935959,25.5659271898328,58.2498743566318,43.4180752468093,-43.4717900172079,R8
0.068,0.932,0.308814584947513,0.317081369153604,2.39,6842.28701522231,28.7072078093034,-43.3026394940273,11.9750904630803,70.5551890429278,61.6852192956733,1.28724056579259,25.6604396209791,58.3104069295958,43.4867160504055,-43.3026394940273,R8
0.069,0.931,0.308813997983237,0.317080509288586,2.39,6842.33310370815,28.7951189818562,-43.1334688917012,12.0851340380411,70.5983822686478,61.7254016648157,1.40424616296842,25.7549543344478,58.3709420307182,43.5553602469117,-43.1334688917012,R8
0.07,0.93,0.308813411022145,0.317079649428233,2.39,6842.37919285642,28.8830330103039,-42.9642782064885,12.1951770930311,70.6415737439943,61.7655765827767,1.52125604918486,25.8494713299232,58.4314796554903,43.624007834519,-42.9642782064885,R8
0.071,0.929,0.308812824064236,0.317078789572542,2.39,6842.42528264747,28.970949893061,-42.7950674339709,12.3052196277352,70.684763468061,61.8057440410093,1.63827022338704,25.9439906072982,58.4920197991412,43.6926588118273,-42.7950674339709,R8
0.072,0.928,0.308812237109511,0.317077929721516,2.39,6842.47137307634,29.0588696284763,-42.6258365698356,12.4152616417825,70.7279514399516,61.8459040308143,1.75528868440212,26.0385121664285,58.5525624569062,43.7613131773605,-42.6258365698356,R8
0.073,0.927,0.308811650157969,0.317077069875152,2.39,6842.51746407724,29.146792215114,-42.4565856093186,12.5253031350241,70.7711376587024,61.8860565439374,1.87231143149951,26.1330360073146,58.6131076238383,43.8299709299145,-42.4565856093186,R8
0.074,0.926,0.308811063209611,0.317076210033453,2.39,6842.56355572761,29.2347176509918,-42.2873145487271,12.6353441067796,70.8143221234845,61.9262015709479,1.98933846289131,26.2275621296196,58.6736552953275,43.8986320676108,-42.2873145487271,R8
0.075,0.925,0.308810476264435,0.317075350196416,2.39,6842.60964798233,29.3226459345735,-42.1180233834467,12.7453845568225,70.8575048333462,61.9663391033501,2.10636977767687,26.3220905332885,58.734205466417,43.9672965891333,-42.1180233834467,R8
0.076,0.924,0.308809889322443,0.317074490364043,2.39,6842.6557408981,29.4105770639314,-41.9487121096315,12.8554244845447,70.9006857874242,62.0064691318032,2.22340537421033,26.4166212180352,58.7947581323854,44.0359644926796,-41.9487121096315,R8
0.077,0.923,0.308809302383635,0.317073630536333,2.39,6842.7018344199,29.4985110375433,-41.7793807225896,12.9654638897516,70.9438649847438,62.0465916478113,2.34044525164811,26.5111541838276,58.8553132881918,44.1046357769617,-41.7793807225896,R8
0.078,0.922,0.308808715448009,0.317072770713287,2.39,6842.74792855612,29.5864478536378,-41.610029218109,13.0755027720105,70.9870424243861,62.0867066423385,2.45748940867712,26.6056894304859,58.9158709289277,44.1733104403853,-41.610029218109,R8
0.079,0.921,0.308808128515567,0.317071910894903,2.39,6842.79402332886,29.6743875103808,-41.4406575920798,13.1855411308377,71.0302181054391,62.1268141062012,2.57453784387832,26.700226957797,58.9764310496898,44.241988481283,-41.4406575920798,R8
0.08,0.92,0.308807541586308,0.317071051081183,2.39,6842.84011868479,29.7623300062088,-41.2712658398206,13.2955789660268,71.0733920269103,62.1669140307727,2.69159055637536,26.7947667657266,59.0369936453502,44.3106698983289,-41.2712658398206,R8
0.081,0.919,0.308806954660233,0.317070191272126,2.39,6842.8862147106,29.8502753390212,-41.1018539577098,13.40561627685,71.116564187938,62.2070064062778,2.80864754426217,26.8893088539066,59.0975587111083,44.3793546895368,-41.1018539577098,R8
0.082,0.918,0.30880636773734,0.317069331467732,2.39,6842.93231131094,29.9382235073875,-40.9324219407471,13.5156530632525,71.1597345874787,62.2470912243466,2.92570880695042,26.9838532223962,59.1581262416639,44.448042853759,-40.9324219407471,R8
0.083,0.917,0.30880578081763,0.317068471668002,2.39,6842.97840856422,30.0261745092147,-40.762969785246,13.6256893245338,71.2029032246506,62.2871684751885,3.0427743425814,27.0783998708476,59.2186962321354,44.5167343890263,-40.762969785246,R8
0.084,0.916,0.308805193901104,0.317067611872934,2.39,6843.02450643117,30.1141283428373,-40.5934974866301,13.7357250604285,71.2460700984495,62.327238149907,3.15984415014292,27.1729487991876,59.2792686773028,44.5854292939103,-40.5934974866301,R8
0.085,0.915,0.308804606987761,0.317066752082529,2.39,6843.07060496475,30.2020850062331,-40.4240050410191,13.845760270326,71.2892352079571,62.3673002388342,3.27691822794543,27.2675000071257,59.3398435721537,44.6541275665418,-40.4240050410191,R8
0.086,0.914,0.3088040200776,0.317065892296787,2.39,6843.1167040874,30.2900444978554,-40.2544924435445,13.9557949540967,71.3323985521228,62.4073547332973,3.3939965752396,27.3620534946741,59.4004209113054,44.7228292056522,-40.2544924435445,R8
0.087,0.913,0.308803433170623,0.317065032515709,2.39,6843.16280385306,30.3780068156538,-40.084959690334,14.0658291111238,71.3755601300138,62.4474016235421,3.51107919031237,27.4566092615401,59.4610006896838,44.7915342093479,-40.084959690334,R8
0.088,0.912,0.308802846266829,0.317064172739293,2.39,6843.20890422112,30.4659719579174,-39.9154067767959,14.1758627411389,71.4187199406012,62.487440900517,3.62816607212953,27.5511673076464,59.521582901934,44.8602425761681,-39.9154067767959,R8
0.089,0.911,0.308802259366218,0.31706331296754,2.39,6843.25500521863,30.5539399226718,-39.7458336988527,14.2858958436208,71.4618779829164,62.5274725545986,3.74525721915901,27.6457276327593,59.5821675428477,44.928954304325,-39.7458336988527,R8
0.09,0.91,0.308801672468789,0.317062453200449,2.39,6843.30110681277,30.6419107081514,-39.5762404519728,14.3959284182657,71.5050342559239,62.5674965765938,3.86235263029143,27.740290236784,59.6427546070241,44.9976693923015,-39.5762404519728,R8
0.091,0.909,0.308801085574544,0.317061593438022,2.39,6843.34720906708,30.7298843122197,-39.4066270323514,14.5059604644138,71.5481887586769,62.607512956506,3.97945230371283,27.8348551193992,59.7033440892817,45.0663878381185,-39.4066270323514,R8
0.092,0.908,0.308800498683482,0.317060733680257,2.39,6843.39331195967,30.8178607330453,-39.2369934355397,14.6159919817188,71.5913414901382,62.6475216849728,4.09655623822064,27.9294222804827,59.7639359841819,45.135109640187,-39.2369934355397,R8
0.093,0.907,0.308799911795602,0.317059873927155,2.39,6843.43941539273,30.9058399690684,-39.0673396565101,14.7260229701132,71.6344924491908,62.6875227531946,4.21366443315564,28.0239917200847,59.824530286053,45.2038347972655,-39.0673396565101,R8
0.094,0.906,0.308799324910905,0.317059014178715,2.39,6843.48551955054,30.9938220176616,-38.8976656923736,14.8360534284815,71.6776416349838,62.7275161500903,4.33077688580332,28.1185634376044,59.8851269899285,45.2725633067747,-38.8976656923736,R8
0.095,0.905,0.308798738029391,0.317058154434939,2.39,6843.53162427424,31.0818068774664,-38.7279715376388,14.9460833569805,71.7207890463284,62.767501867257,4.44789359592633,28.2131374332302,59.9457260899062,45.3412951677412,-38.7279715376388,R8
0.096,0.904,0.30879815115106,0.317057294695824,2.39,6843.5777296174,31.1697945463178,-38.5582571884235,15.0561127549766,71.7639346822337,62.8074798945653,4.56501456174254,28.3077137066601,60.0063275806072,45.4100303781804,-38.5582571884235,R8
0.097,0.903,0.308797564275912,0.317056434961373,2.39,6843.62383560537,31.2577850221428,-38.3885226406335,15.1661416219361,71.807078541674,62.8474502220711,4.68213978166628,28.4022922576564,60.0669314565429,45.4787689362293,-38.3885226406335,R8
0.098,0.902,0.308796977403946,0.317055575231584,2.39,6843.66994218596,31.3457783031447,-38.2187678895846,15.2761699576139,71.8502206235434,62.8874128403958,4.79926925466054,28.4968730861598,60.1275377119885,45.5475108403803,-38.2187678895846,R8
0.099,0.901,0.308796390535163,0.317054715506457,2.39,6843.71604945689,31.4337743869531,-38.0489929317284,15.386197761205,71.893360926874,62.9273677389329,4.91640297859892,28.5914561917617,60.1881463415708,45.6162560884098,-38.0489929317284,R8
0.1,0.9,0.308795803669563,0.317053855785993,2.39,6843.76215729029,31.5217732720275,-37.8791977618054,15.496225032741,71.9364994504703,62.9673149088215,5.03354095297833,28.686041574576,60.2487573392951,45.6850046791431,-37.8791977618054,R8
0.101,0.899,0.308795216807145,0.317052996070191,2.39,6843.80826579398,31.6097749559321,-37.7093823763428,15.6062517713753,71.9796361933611,63.0072543392842,5.1506831755774,28.7806292341678,60.3093706997439,45.7537566102902,-37.7093823763428,R8
0.102,0.898,0.30879462994791,0.317052136359051,2.39,6843.85437488517,31.6977794369311,-37.5395467704224,15.7162779769645,72.0227711543791,63.0471860210194,5.2678296455522,28.8752191705465,60.3699864169675,45.8225118804417,-37.5395467704224,R8
0.103,0.897,0.308794043091858,0.317051276652574,2.39,6843.90048457947,31.785786712906,-37.3696909398713,15.8263036490025,72.0659043324493,63.0871099438942,5.38498036133254,28.9698113834887,60.4306044852341,45.8912704877185,-37.3696909398713,R8
0.104,0.896,0.308793456238988,0.317050416950759,2.39,6843.94659497011,31.8737967814344,-37.1998148811043,15.9363287866925,72.1090357265662,63.127026097115,5.50213532077706,29.0644058725875,60.4912248989783,45.9600324298631,-37.1998148811043,R8
0.105,0.895,0.308792869389301,0.317049557253607,2.39,6843.99270590371,31.9618096410023,-37.0299185886661,16.0463533901452,72.1521653354704,63.1669344718074,5.61929452352544,29.1590026380154,60.5518476519529,46.028797705768,-37.0299185886661,R8
0.106,0.894,0.308792282542796,0.317048697561116,2.39,6844.0388175133,32.0498252890108,-36.8600020592728,16.1563774584139,72.1952931581807,63.2068350567726,5.73645796713087,29.2536016792716,60.6124727386221,46.0975663129672,-36.8600020592728,R8
0.107,0.893,0.308791695699474,0.317047837873288,2.39,6844.08492974348,32.1378437235511,-36.6900652882109,16.2664009912415,72.238419193522,63.2467278422685,5.8536256505036,29.3482029962949,60.6731001529197,46.1663382498696,-36.6900652882109,R8
0.108,0.892,0.308791108859334,0.317046978190122,2.39,6844.13104259209,32.225864942501,-36.5201082711704,16.3764239881745,72.2815434403629,63.2866128180818,5.9707975721595,29.4428065888981,60.7337298888799,46.2351135146219,-36.5201082711704,R8
0.109,0.891,0.308790522022377,0.317046118511618,2.39,6844.17715601137,32.3138889438949,-36.3501310034908,16.4864464489301,72.3246658975214,63.3264899743147,6.08797373093199,29.5374124569982,60.7943619403761,46.3038921055771,-36.3501310034908,R8
0.11,0.89,0.308789935188602,0.317045258837776,2.39,6844.22327012933,32.4019157250953,-36.1801334818522,16.5964683725663,72.3677865639822,63.3663592996313,6.20515412437635,29.6320206001042,60.8549963017091,46.3726740202457,-36.1801334818522,R8
0.111,0.889,0.30878934835801,0.317044399168596,2.39,6844.26938481102,32.4899452844334,-36.0101157009321,16.7064897591132,72.4109054384583,63.4062207847376,6.32233875194312,29.7266310183345,60.915632966447,46.4414592573658,-36.0101157009321,R8
0.112,0.888,0.3087887615306,0.317043539504078,2.39,6844.31550017987,32.5779776192596,-35.8400776573741,16.8165106076459,72.4540225199153,63.4460744182405,6.43952761119911,29.8212437112046,60.9762719287966,46.5102478144487,-35.8400776573741,R8
0.113,0.887,0.308788174706372,0.317042679844222,2.39,6844.36161615651,32.6660127276679,-35.6700193462782,16.926530917983,72.4971378071079,63.4859201903125,6.55672070117339,29.9158586787023,61.0369131823946,46.5790396899477,-35.6700193462782,R8
0.114,0.886,0.308787587885327,0.317041820189028,2.39,6844.40773271788,32.7540506075273,-35.4999407631689,17.036550689738,72.5402512988391,63.5257580906316,6.67391802047523,30.0104759206811,61.0975567209819,46.6478348820401,-35.4999407631689,R8
0.115,0.885,0.308787001067464,0.317040960538495,2.39,6844.45384992747,32.842091256368,-35.3298419042334,17.1465699221963,72.5833629939903,63.5655881081435,6.7911195670801,30.1050954367937,61.1582025384905,46.7166333884832,-35.3298419042334,R8
0.116,0.884,0.308786414252783,0.317040100892625,2.39,6844.49996778223,32.9301346719535,-35.1597227651513,17.2565886148901,72.6264728913681,63.6054102322732,6.90832533943387,30.1997172268457,61.2188506286333,46.7854352073348,-35.1597227651513,R8
0.117,0.883,0.308785827441284,0.317039241251416,2.39,6844.5460862265,33.0181808522303,-34.9895833411978,17.3666067675429,72.6695809897211,63.6452244528191,7.0255353363559,30.294341290763,61.2795009849466,46.8542403368919,-34.9895833411978,R8
0.118,0.882,0.308785240632968,0.317038381614869,2.39,6844.59220532557,33.1062297946761,-34.8194236285731,17.4766243794308,72.7126872879062,63.6850307585694,7.14274955577737,30.3889676281909,61.3401536012411,46.9230487748664,-34.8194236285731,R8
0.119,0.881,0.308784653827834,0.317037521982984,2.39,6844.63832504162,33.1942814971394,-34.6492436226875,17.586641450205,72.7557917846738,63.7248291390846,7.25996799636762,30.4835962390109,61.400808471015,46.9918605194461,-34.6492436226875,R8
0.12,0.88,0.308784067025882,0.317036662355761,2.39,6844.6844453502,33.282335957403,-34.4790433190551,17.6966579794666,72.7988944787774,63.7646195837718,7.37719065668838,30.5782271230728,61.4614655877603,47.0606755687419,-34.4790433190551,R8
0.121,0.879,0.308783480227112,0.317035802733199,2.39,6844.73056631854,33.3703931728922,-34.3088227138877,17.8066739664762,72.8419953690532,63.8044020812618,7.49441753463093,30.6728602800143,61.5221249451679,47.1294939204209,-34.3088227138877,R8
0.122,0.878,0.308782893431525,0.317034943115298,2.39,6844.77668785371,33.4584531416144,-34.1385818021749,17.9166894110841,72.8850944541701,63.8441766214081,7.61164862923064,30.7674957098401,61.5827865364623,47.1983155728949,-34.1385818021749,R8
0.123,0.877,0.308782306639119,0.31703408350206,2.39,6844.82281008341,33.5465158607375,-33.9683205805901,18.0267043123208,72.9281917330084,63.8839431922642,7.72888393792226,30.8621334120446,61.6434503554103,47.2671405235192,-33.9683205805901,R8
0.124,0.876,0.308781719849895,0.317033223893482,2.39,6844.86893290689,33.6345813282667,-33.7980390440634,18.1367186700596,72.9712872042129,63.9237017836505,7.84612345977951,30.9567733866488,61.7041163951288,47.3359687707172,-33.7980390440634,R8
0.125,0.875,0.308781133063854,0.317032364289567,2.39,6844.91505632548,33.7226495418107,-33.6277371883003,18.2467324837937,73.01438086652,63.9634523845264,7.96336719312794,31.0514156334388,61.7647846489626,47.4048003124165,-33.6277371883003,R8
0.126,0.874,0.308780546280995,0.317031504690312,2.39,6844.9611803718,33.8107204988446,-33.4574150092451,18.3567457529014,73.0574727186919,64.003194983552,8.08061513605622,31.1460601521217,61.8254551102918,47.4736351463871,-33.4574150092451,R8
0.127,0.873,0.308779959501317,0.317030645095719,2.39,6845.00730506753,33.8987941968681,-33.2870725027645,18.4667584767925,73.1005627594677,64.0429295694298,8.19786728672378,31.2407069424336,61.8861277724291,47.5424732704326,-33.2870725027645,R8
0.128,0.872,0.308779372724822,0.317029785505788,2.39,6845.05343042523,33.9868706333989,-33.116709664646,18.5767706549146,73.1436509875725,64.0826561308768,8.31512364334426,31.3353560041249,61.9468026286121,47.6113146823919,-33.116709664646,R8
0.129,0.871,0.308778785951508,0.317028925920518,2.39,6845.09955633749,34.0749498063874,-32.9463264897673,18.6867822871507,73.1867374015976,64.1223746575248,8.43238420498756,31.4300073372303,62.0074796717197,47.6801593806557,-32.9463264897673,R8
0.13,0.87,0.308778199181376,0.317028066339909,2.39,6845.14568288003,34.1630317130826,-32.7759229744019,18.7967933727089,73.2298220003132,64.1620851374899,8.54964896939165,31.5246609413538,62.0681588950689,47.7490073627361,-32.7759229744019,R8
0.131,0.869,0.308777612414426,0.317027206763961,2.39,6845.19181007904,34.2511163509016,-32.6054991144444,18.9068039109734,73.2729047824291,64.2017875592368,8.66691793464149,31.6193168162118,62.128840291799,47.8178586263657,-32.6054991144444,R8
0.132,0.868,0.308777025650659,0.317026347192675,2.39,6845.2379378819,34.3392037175399,-32.4350549051857,19.016813901623,73.3159857465688,64.2414819118015,8.78419109937627,31.7139749617034,62.1895238547922,47.8867131696397,-32.4350549051857,R8
0.133,0.867,0.308776438890073,0.31702548762605,2.39,6845.28406635115,34.4272938102458,-32.2645903427999,19.1268233439007,73.3590648914598,64.281168183261,8.90146846139864,31.8086353774616,62.2502095771949,47.9555709900901,-32.2645903427999,R8
0.134,0.866,0.308775852132668,0.317024628064086,2.39,6845.33019543987,34.5153866266601,-32.0941054226199,19.2368322374582,73.4021422157116,64.3208463625033,9.01875001928958,31.9032980633681,62.3108974518105,48.024432085759,-32.0941054226199,R8
0.135,0.865,0.308775265378446,0.317023768506783,2.39,6845.37632508034,34.6034821644844,-31.9236001398209,19.3468405820178,73.4452177179034,64.3605164385367,9.13603577176721,31.9979630193554,62.3715874713443,48.0932964547713,-31.9236001398209,R8
0.136,0.864,0.308774678627405,0.317022908954141,2.39,6845.42245539186,34.6915804207027,-31.7530744910086,19.4568483766085,73.4882913967944,64.4001783988259,9.25332571618942,32.0926302449166,62.432279628945,48.1621640943506,-31.7530744910086,R8
0.137,0.863,0.308774091879546,0.31702204940616,2.39,6845.46858630658,34.7796813929834,-31.5825284713566,19.5668556209479,73.5313632509456,64.4398322322761,9.37061985125521,32.1872997399807,62.4929739172217,48.2310350025966,-31.5825284713566,R8
0.138,0.862,0.308773505134869,0.31702118986284,2.39,6845.51471787512,34.8677850785335,-31.411962076943,19.6768623143147,73.5744332790274,64.4794779267943,9.48791817479747,32.2819715041989,62.5536703290461,48.2999091770323,-31.411962076943,R8
0.139,0.861,0.308772918393373,0.317020330324181,2.39,6845.56085007155,34.9558914748281,-31.2413753032606,19.7868684562657,73.6175014796239,64.5191154708459,9.60522068518685,32.3766455373973,62.6143688570359,48.3687866155297,-31.2413753032606,R8
0.14,0.86,0.308772331655059,0.317019470790183,2.39,6845.60698288736,35.0440005792615,-31.0707681459373,19.8968740462926,73.6605678513263,64.5587448527045,9.72252738066405,32.4713218393648,62.6750694938125,48.4376673158645,-31.0707681459373,R8
0.141,0.859,0.308771744919927,0.317018611260846,2.39,6845.65311630411,35.1321123892462,-30.9001406005196,20.0068790839198,73.7036323927076,64.5983660606707,9.83983825952362,32.5660004099071,62.7357722319133,48.5065512758471,-30.9001406005196,R8
0.142,0.858,0.308771158187976,0.31701775173617,2.39,6845.69925037086,35.2202269019241,-30.7294926630767,20.1168835684184,73.7466951023993,64.6379790824535,9.95715331956532,32.6606812486739,62.7964770640088,48.5754384929499,-30.7294926630767,R8
0.143,0.857,0.308770571459207,0.317016892216154,2.39,6845.74538501715,35.3083441148675,-30.5588243287545,20.2268874995021,73.7897559789003,64.6775839066599,10.0744725594378,32.7553643555896,62.8571839824009,48.6443289652042,-30.5588243287545,R8
0.144,0.856,0.308769984733619,0.3170160327008,2.39,6845.79152038387,35.3964640248382,-30.3881355943266,20.3368908760967,73.8328150209172,64.7171805201589,10.1917959762547,32.8500497300867,62.9178929799027,48.7132226896151,-30.3881355943266,R8
0.145,0.855,0.308769398011213,0.317015173190106,2.39,6845.83765625703,35.4845866299096,-30.2174264538394,20.4468936984372,73.8758722267802,64.7567689125978,10.3091235696787,32.9447373724248,62.9786040483308,48.7821196648663,-30.2174264538394,R8
0.146,0.854,0.308768811291988,0.317014313684072,2.39,6845.88379279352,35.5727119267474,-30.0466969041851,20.5568959653887,73.918927595195,64.7963490706068,10.4264553366827,33.0394272819911,63.0393171804348,48.8510198878647,-30.0466969041851,R8
0.147,0.853,0.308768224575945,0.3170134541827,2.39,6845.92992997222,35.6608399126658,-29.8759469408893,20.6668976764673,73.961981124669,64.835920982184,10.5437912755165,33.1341194585934,63.1000323684436,48.9199233563422,-29.8759469408893,R8
0.148,0.852,0.308767637863084,0.317012594685988,2.39,6845.97606774104,35.748970585076,-29.7051765592432,20.7768988313017,74.0050328136704,64.8754846355195,10.6611313846368,33.2288139021071,63.1607496044466,48.9888300681688,-29.7051765592432,R8
0.149,0.851,0.308767051153403,0.317011735193936,2.39,6846.02220622733,35.8371039406991,-29.5343857559084,20.886899428855,74.0480826608426,64.9150400173181,10.7784756611967,33.3235106119857,63.2214688809579,49.0577400203451,-29.5343857559084,R8
0.15,0.85,0.308766464446905,0.317010875706545,2.39,6846.06834526726,35.9252399773277,-29.3635745253178,20.9968994691635,74.0911306645159,64.9545871165494,10.8958241044393,33.4182095883649,63.2821901896655,49.1266532112409,-29.3635745253178,R8
0.151,0.849,0.308765877743587,0.317010016223815,2.39,6846.11448491121,36.0133786919327,-29.1927428635427,21.1068989514695,74.1341768232341,64.994125920419,11.0131767120443,33.5129108308745,63.3429135227687,49.1955696381945,-29.1927428635427,R8
0.152,0.848,0.308765291043451,0.317009156745745,2.39,6846.16062524119,36.1015200813484,-29.0218907669029,21.2168978748937,74.1772211355596,65.033656415826,11.1305334814598,33.6076143390719,63.4036388725044,49.2644892983748,-29.0218907669029,R8
0.153,0.847,0.308764704346496,0.317008297272335,2.39,6846.20676612981,36.189664143173,-28.8510182301026,21.3268962393296,74.2202635998307,65.0731785912804,11.2478944116236,33.7023201130009,63.464366230486,49.3334121899351,-28.8510182301026,R8
0.154,0.846,0.308764117652722,0.317007437803586,2.39,6846.25290765418,36.2778108742205,-28.6801252494227,21.4368940439091,74.263304214587,65.1126924336085,11.3652594999923,33.7970281522258,63.5250955888254,49.4023383100387,-28.6801252494227,R8
0.155,0.845,0.30876353096213,0.317006578339498,2.39,6846.29904981068,36.3659602715868,-28.509211820521,21.5468912880633,74.3063429782695,65.1521979302203,11.4826287445886,33.8917384564962,63.5858269393591,49.4712676562183,-28.509211820521,R8
0.156,0.844,0.308762944274719,0.317005718880069,2.39,6846.34519261293,36.4541123322848,-28.3382779391876,21.6568879711532,74.3493798893311,65.1916950683318,11.6000021433035,33.986451025524,63.6465602739148,49.5402002259075,-28.3382779391876,R8
0.157,0.843,0.308762357590489,0.317004859425301,2.39,6846.39133605408,36.5422670533835,-28.1673236010551,21.7668840926128,74.3924149461894,65.2311838352661,11.7173796941573,34.0811658590644,63.7072955842088,49.6091360166245,-28.1673236010551,R8
0.158,0.842,0.308761770909441,0.317003999975193,2.39,6846.43748011438,36.6304244319804,-27.9963488016571,21.8768796519224,74.4354481472391,65.2706642183904,11.8347613952538,34.1758829569007,63.7680328618633,49.6780750259304,-27.9963488016571,R8
0.159,0.841,0.308761184231573,0.317003140529745,2.39,6846.48362474827,36.7185844652498,-27.8253535363267,21.9868746486543,74.4784794908369,65.3101362052192,11.9521472448677,34.2706023188765,63.8287720983743,49.7470172514962,-27.8253535363267,R8
0.16,0.84,0.308760597556887,0.317002281088958,2.39,6846.52977001056,36.80674714997,-27.6543378011718,22.0968690820057,74.5215089754303,65.3495997824099,12.0695372405413,34.3653239445988,63.8895132854493,49.8159626904967,-27.6543378011718,R8
0.161,0.839,0.308760010885381,0.31700142165283,2.39,6846.57591591203,36.8949124830636,-27.483301591958,22.2068629513329,74.5645365994122,65.38905493691,12.1869313801179,34.4600478337735,63.9502564146188,49.8849113403013,-27.483301591958,R8
0.162,0.838,0.308759424217057,0.317000562221363,2.39,6846.62206246152,36.9830804614404,-27.3122449044386,22.3168562559969,74.6075623611615,65.4285016556248,12.304329661445,34.5547739861131,64.011001477349,49.9538631982714,-27.3122449044386,R8
0.163,0.837,0.308758837551914,0.316999702794555,2.39,6846.66820961659,37.0712510821815,-27.1411677339693,22.4268489955458,74.6505862589916,65.46793992581,12.4217320827235,34.6495024014459,64.0717484649072,50.0228182619973,-27.1411677339693,R8
0.164,0.836,0.308758250889952,0.316998843372408,2.39,6846.7143574271,37.1594243420014,-26.9700700766187,22.5368411691817,74.6936082913013,65.5073697339236,12.5391386414777,34.7442330793824,64.1324973687493,50.0917765286139,-26.9700700766187,R8
0.165,0.835,0.308757664231171,0.31699798395492,2.39,6846.76050583629,37.2476002379933,-26.7989519276322,22.6468327764975,74.736628456365,65.5467910672178,12.6565493359862,34.8389660197821,64.1932481799832,50.1607379957465,-26.7989519276322,R8
0.166,0.834,0.308757077575571,0.316997124542093,2.39,6846.80665486786,37.335778766928,-26.627813282876,22.7568238167885,74.7796467525302,65.5862039122383,12.7739641639351,34.9337012223144,64.254000889872,50.2297026606211,-26.627813282876,R8
0.167,0.833,0.308756490923152,0.316996265133925,2.39,6846.85280451457,37.4239599256713,-26.4566541379763,22.8668142894582,74.8226631781011,65.6256082557207,12.8913831232201,35.0284386867183,64.314755489535,50.2986705205935,-26.4566541379763,R8
0.168,0.832,0.308755904273914,0.316995405730418,2.39,6846.89895482201,37.5121437108688,-26.2854744889674,22.97680419371,74.8656777314226,65.6650040839162,13.0088062113432,35.1231784126074,64.3755119701678,50.3676415727503,-26.2854744889674,R8
0.169,0.831,0.308755317627856,0.31699454633157,2.39,6846.94510569545,37.6003301196715,-26.1142743308015,23.0867935292671,74.9086904106841,65.7043913841345,13.1262334268016,35.2179203999236,64.4362703225289,50.4366158148337,-26.1142743308015,R8
0.17,0.83,0.30875473098498,0.316993686937382,2.39,6846.9912572435,37.6885191484461,-25.9430536599983,23.196782295093,74.9517012142715,65.743770142003,13.2436647666175,35.3126646481303,64.497030537859,50.5055932435931,-25.9430536599983,R8
0.171,0.829,0.308754144345284,0.316992827547853,2.39,6847.03740937819,37.7767107942746,-25.7718124715611,23.3067704908792,74.994710140356,65.783140344655,13.3611002292108,35.407411157146,64.5577926068048,50.5745738567059,-25.7718124715611,R8
0.172,0.828,0.308753557708769,0.316991968162985,2.39,6847.08356210458,37.8649050538674,-25.6005507612103,23.4167581159655,75.0377171871924,65.8225019784186,13.47853981232,35.5021599266737,64.6185565201983,50.6435576513812,-25.6005507612103,R8
0.173,0.827,0.308752971075436,0.316991108782776,2.39,6847.12971551753,37.9531019235786,-25.4292685253601,23.5267451693578,75.0807223531156,65.8618550288447,13.5959835130274,35.5969109562058,64.6793222690529,50.7125446243849,-25.4292685253601,R8
0.174,0.826,0.308752384445282,0.316990249407226,2.39,6847.17586957213,38.0413014002611,-25.2579657593446,23.6367316505768,75.1237256363063,65.901199482533,13.7134313293982,35.691664245553,64.740089843933,50.7815347731333,-25.2579657593446,R8
0.175,0.825,0.30875179781831,0.316989390036336,2.39,6847.2220242155,38.1295034807779,-25.086642458438,23.7467175591678,75.1667270349173,65.9405353260917,13.8308832595496,35.786419794551,64.8008592353215,50.8505280950625,-25.086642458438,R8
0.176,0.824,0.308751211194518,0.316988530670106,2.39,6847.26817955623,38.2177081613616,-24.91529861916,23.8567028940738,75.2097265472634,65.9798625447679,13.9483393004169,35.881177602649,64.861630434064,50.9195245868178,-24.91529861916,R8
0.177,0.823,0.308750624573907,0.316987671308536,2.39,6847.31433542808,38.3059154392539,-24.7439342359066,23.9666876552548,75.2527241713539,66.0191811259439,14.0657994508985,35.9759376699414,64.9224034301999,50.9885242463455,-24.7439342359066,R8
0.178,0.822,0.308750037956477,0.316986811951624,2.39,6847.36049196706,38.3941253105403,-24.5725493054111,24.0766718415443,75.2957199055054,66.0584910545249,14.1832637077099,36.0706999958125,64.9831782145185,51.0575270701182,-24.5725493054111,R8
0.179,0.821,0.308749451342227,0.316985952599372,2.39,6847.40664910215,38.4823377720597,-24.4011438228025,24.1866554525441,75.3387137478032,66.0977923170014,14.3007320690325,36.1654645801283,65.0439547771762,51.1265330555945,-24.4011438228025,R8
0.18,0.82,0.308748864731158,0.31698509325178,2.39,6847.45280688061,38.5705528201832,-24.2297177841291,24.2966384874083,75.3817056964422,66.1370848988593,14.4182045321894,36.2602314224757,65.1047331085841,51.1955421996355,-24.2297177841291,R8
0.181,0.819,0.30874827812327,0.316984233908847,2.39,6847.49896528688,38.6587704514953,-24.0582711849502,24.4066209455241,75.424695749538,66.1763687860176,14.5356810949391,36.3550005225906,65.1655131989116,51.2645544993917,-24.0582711849502,R8
0.182,0.818,0.308747691518562,0.316983374570573,2.39,6847.5451243178,38.7469906625093,-23.8868040209219,24.5166028262261,75.4676839052081,66.2156439642314,14.6531617549333,36.449771880172,65.2262950382917,51.3335699519339,-23.8868040209219,R8
0.183,0.817,0.308747104917034,0.316982515236959,2.39,6847.59128394617,38.8352134498061,-23.715316287514,24.6265841289364,75.5106701615283,66.2549104193861,14.7706465099837,36.5445454949766,65.2870786167201,51.4025885544314,-23.715316287514,R8
0.184,0.816,0.308746518318687,0.316981655908004,2.39,6847.63744420678,38.9234388097091,-23.543807980676,24.7365648528456,75.5536545166268,66.2941681367988,14.888135357441,36.6393213666135,65.3478639242895,51.4716103037333,-23.543807980676,R8
0.185,0.815,0.308745931723521,0.316980796583708,2.39,6847.683605138,39.0116667385056,-23.3722790963845,24.8465449971213,75.5966369686219,66.3334171016994,15.0056282946177,36.7340994946835,65.4086509510309,51.5406351966546,-23.3722790963845,R8
0.186,0.814,0.308745345131535,0.316979937264071,2.39,6847.72976662013,39.0998972330496,-23.2007296293926,24.9565245615197,75.6396175154518,66.3726573005055,15.1231253199394,36.8288798791499,65.4694396864713,51.6096632307516,-23.2007296293926,R8
0.187,0.813,0.308744758542729,0.316979077949093,2.39,6847.77592877372,39.1881302892714,-23.0291595763148,25.0665035448975,75.682596155292,66.4118887176564,15.2406264301,36.9236625194182,65.5302301207181,51.6786944024036,-23.0291595763148,R8
0.188,0.812,0.308744171957104,0.316978218638775,2.39,6847.82209161563,39.2763659034641,-22.8575689329612,25.176481946494,75.7255728861971,66.4511113383461,15.358131622516,37.018447415129,65.5910222435218,51.7477287084703,-22.8575689329612,R8
0.189,0.811,0.30874358537466,0.316977359333115,2.39,6847.86825494998,39.3646040726952,-22.6859576934942,25.2864597663345,75.7685477059795,66.4903251494048,15.4756408961159,37.1132345664229,65.651816043979,51.8167661468188,-22.6859576934942,R8
0.19,0.81,0.308742998795395,0.316976500032115,2.39,6847.91441900496,39.4528447924157,-22.5143258553613,25.3964370028657,75.8115206128865,66.5295301342043,15.5931542467732,37.2080239724421,65.7126115122665,51.8858067132482,-22.5143258553613,R8
0.191,0.809,0.308742412219311,0.316975640735773,2.39,6847.96058357166,39.5410880596913,-22.3426734126236,25.5064136561523,75.8544916046901,66.5687262795404,15.7106716734755,37.3028156333532,65.7734086372915,51.9548504056507,-22.3426734126236,R8
0.192,0.808,0.308741825646408,0.316974781444091,2.39,6848.00674884349,39.6293338700537,-22.1710003624593,25.6163897247642,75.8974606795704,66.6079135689248,15.8281931723162,37.3976095483767,65.8342074089821,52.0238972199541,-22.1710003624593,R8
0.193,0.807,0.308741239076684,0.316973922157067,2.39,6848.05291471713,39.7175822201212,-21.9993066997477,25.7263652083675,75.9404278353832,66.6470919881721,15.9457187414927,37.4924057174261,65.8950078163781,52.0929471534979,-21.9993066997477,R8
0.194,0.806,0.308740652510141,0.316973062874702,2.39,6848.09908121415,39.8058331060185,-21.8275924203358,25.8363401061563,75.9833930700941,66.6862615220298,16.0632483782967,37.5872041401211,65.9558098487853,52.1620002030008,-21.8275924203358,R8
0.195,0.805,0.308740065946778,0.316972203596996,2.39,6848.1452484446,39.8940865235134,-21.6558575207565,25.9463144170002,76.0263563817546,66.7254221544669,16.1807820793688,37.682004815873,66.0166134956688,52.2310563647312,-21.6558575207565,R8
0.196,0.804,0.308739479386595,0.316971344323949,2.39,6848.19141624462,39.9823424693726,-21.4841019954185,26.0562881407761,76.0693177681058,66.7645738715707,16.2983198432914,37.7768077447275,66.0774187456667,52.300115636261,-21.4841019954185,R8
0.197,0.803,0.308738892829593,0.316970485055561,2.39,6848.23758464809,40.0706009395966,-21.3123258402652,26.1662612766217,76.1122772270851,66.8037166577809,16.4158616672189,37.8716129262702,66.1382255878765,52.3691780141843,-21.3123258402652,R8
0.198,0.802,0.30873830627577,0.316969625791831,2.39,6848.28375355285,40.1588619306693,-21.1405290501832,26.2762338241789,76.1552347564669,66.8428504985504,16.5334075492594,37.9664203604016,66.1990340109434,52.4382434957367,-21.1405290501832,R8
0.199,0.801,0.308737719725128,0.31696876653276,2.39,6848.32992327572,40.2471254374768,-20.9687116233103,26.3862057815311,76.198190354463,66.8819753759105,16.650957484508,38.0612300460374,66.259844004572,52.5073120761027,-20.9687116233103,R8
0.2,0.8,0.308737133177666,0.316967907278348,2.39,6848.37609347859,40.3353914573345,-20.7968735527024,26.4961771491838,76.2411440185624,66.921091277061,16.7685114727291,38.1560419836283,66.3206555566009,52.5763837536125,-20.7968735527024,R8
0.201,0.799,0.308736546633384,0.316967048028594,2.39,6848.42226447368,40.4236599850906,-20.6250148364646,26.6061479252287,76.2840957469379,66.9601981839235,16.8860695090172,38.2508561720944,66.3814686565562,52.6454585234316,-20.6250148364646,R8
0.202,0.798,0.308735960092282,0.316966188783499,2.39,6848.46843597666,40.5119310178048,-20.4531354680674,26.7161181099645,76.3270455371069,66.9992960831231,17.0036315927161,38.3456726117541,66.4422832922529,52.714536383588,-20.4531354680674,R8
0.203,0.797,0.30873537355436,0.316965329543062,2.39,6848.51460808195,40.600204551088,-20.2812354439235,26.8260877022812,76.3699933869767,67.03838495818,17.121197720442,38.4404913020353,66.5030994524541,52.7836173302582,-20.2812354439235,R8
0.204,0.796,0.308734787019618,0.316964470307284,2.39,6848.5607808187,40.6884805807686,-20.1093147599419,26.9360567013074,76.4129392943655,67.0774647930625,17.2387678892664,38.5353122425192,66.56391712566,52.8527013599095,-20.1093147599419,R8
0.205,0.795,0.308734200488056,0.316963611076164,2.39,6848.60695420768,40.7767591026783,-19.9373734119615,27.0460251061973,76.455883257069,67.1165355717355,17.356342096296,38.6301354327996,66.624736300261,52.9217884690294,-19.9373734119615,R8
0.206,0.794,0.308733613959674,0.316962751849703,2.39,6848.6531282059,40.8650401128595,-19.7654113953315,27.1559929163361,76.4988252727959,67.1555972785959,17.473920339081,38.7249608726218,66.6855569643856,52.9908786543911,-19.7654113953315,R8
0.207,0.793,0.308733027434471,0.3169618926279,2.39,6848.69930287195,40.9533236069464,-19.5934287061844,27.2659601307324,76.5417653393507,67.1946498971558,17.591502614425,38.8197885614867,66.7463791063504,53.0599719122545,-19.5934287061844,R8
0.208,0.792,0.308732440912449,0.316961033410756,2.39,6848.74547811172,41.0416095811156,-19.4214253394724,27.3759267489492,76.5847034543478,67.2336934120735,17.709088920207,38.9146184992545,66.8072027139699,53.1290682395948,-19.4214253394724,R8
0.209,0.791,0.308731854393607,0.316960174198269,2.39,6848.79165404886,41.1298980306998,-19.2494012918366,27.4858927697447,76.6276396156305,67.2727278061886,17.8266792527309,39.0094506852696,66.8680277755583,53.198167632312,-19.2494012918366,R8
0.21,0.79,0.308731267877944,0.316959314990441,2.39,6848.83783040776,41.218188952499,-19.0773565568119,27.5958581933477,76.6705738205848,67.3117530654633,17.9442736111329,39.1042851198094,66.9288542782491,53.2672700882166,-19.0773565568119,R8
0.211,0.789,0.308730681365461,0.316958455787272,2.39,6848.88400769937,41.306482340335,-18.9052911340578,27.7058230170713,76.7135060674352,67.3507691694821,18.0618719889162,39.19912180131,66.98968221124,53.3363756012832,-18.9052911340578,R8
0.212,0.788,0.308730094856158,0.31695759658876,2.39,6848.93018547443,41.3947781916011,-18.7332050157569,27.8157872417797,76.7564363533468,67.3897761054443,18.1794743864212,39.2939607304495,67.0505115610044,53.40548417012,-18.7332050157569,R8
0.213,0.787,0.308729508350035,0.316956737394907,2.39,6848.9763638175,41.4830765016576,-18.5610981982507,27.9257508663533,76.7993646760424,67.4287738561996,18.2970808001576,39.3888019066562,67.1113423153825,53.4745957907201,-18.5610981982507,R8
0.214,0.786,0.308728921847092,0.316955878205711,2.39,6849.02254273439,41.5713772661325,-18.3889706772645,28.035713889963,76.8422910331458,67.467762405147,18.4146912271814,39.4836453295401,67.1721744619092,53.5437104594384,-18.3889706772645,R8
0.215,0.785,0.308728335347328,0.316955019021174,2.39,6849.06872250292,41.6596804796017,-18.2168224506452,28.1456763107631,76.8852154225589,67.5067417334294,18.5323056625848,39.5784909980703,67.233007988768,53.6128281712842,-18.2168224506452,R8
0.216,0.784,0.308727748850744,0.316954159841295,2.39,6849.11490280751,41.747986138837,-18.0446535116149,28.2556381291054,76.9281378415155,67.5457118268678,18.6499241056771,39.6733389126031,67.2938428824189,53.681948924123,-18.0446535116149,R8
0.217,0.783,0.308727162357339,0.316953300666074,2.39,6849.16108367079,41.8362942393115,-17.8724638560318,28.3655993440832,76.9710582876021,67.584672668492,18.7675465533359,39.7681890727015,67.3546791301532,53.7510727141561,-17.8724638560318,R8
0.218,0.782,0.308726575867114,0.31695244149551,2.39,6849.20726524887,41.9246047759661,-17.7002534807972,28.4755599542872,77.0139767585302,67.6236242401857,18.8851730014682,39.8630414776127,67.4155167195316,53.8201995369102,-17.7002534807972,R8
0.219,0.781,0.308725989380069,0.316951582329605,2.39,6849.2534471891,42.012917745619,-17.5280223788424,28.5855199601926,77.0568932514397,67.6625665278283,19.0028034495864,39.9578961277723,67.4763556366151,53.8893293903601,-17.5280223788424,R8
0.22,0.78,0.308725402896204,0.316950723168358,2.39,6849.29963019477,42.1012331410971,-17.355770551335,28.6954793583555,77.0998077646028,67.7014995087561,19.1204378896592,40.0527530211407,67.5371958702736,53.9584622673238,-17.355770551335,R8
0.221,0.779,0.308724816415518,0.316949864011768,2.39,6849.34581338461,42.1895509611385,-17.1834979870855,28.8054381511944,77.1427202945412,67.74042317293,19.238076324929,40.1476121593874,67.5980374049149,54.0275981682962,-17.1834979870855,R8
0.222,0.778,0.308724229938011,0.316949004859836,2.39,6849.39199748251,42.2778711984288,-17.0112046874232,28.9153963351838,77.1856308395121,67.7793374973565,19.3557187471762,40.2424735404175,67.6588802292618,54.0967370859459,-17.0112046874232,R8
0.223,0.777,0.308723643463684,0.316948145712562,2.39,6849.43818187199,42.3661938506504,-16.8388906432217,29.0253539117503,77.2285393962858,67.8182424697142,19.4733651577176,40.3373371652774,67.7197243282487,54.1658790194313,-16.8388906432217,R8
0.224,0.776,0.308723056992537,0.316947286569946,2.39,6849.48436721969,42.4545189106379,-16.6665558553687,29.1353108775682,77.2714459630231,67.8571380673022,19.5910155487012,40.4322030319979,67.7805696902323,54.2350239616467,-16.6665558553687,R8
0.225,0.775,0.308722470524569,0.316946427431987,2.39,6849.53055303283,42.5428463755453,-16.4942003156986,29.2452672335998,77.3143505365887,67.8960242766439,19.7086699205196,40.5270711413297,67.8414163002801,54.3041719110995,-16.4942003156986,R8
0.226,0.774,0.30872188405978,0.316945568298686,2.39,6849.57673955691,42.6311762397219,-16.3218240218176,29.3552229780647,77.3572531146362,67.9349010782547,19.8263282682857,40.6219414922891,67.9022641453843,54.3733228626781,-16.3218240218176,R8
0.227,0.773,0.308721297598171,0.316944709170043,2.39,6849.62292712089,42.7195084971724,-16.1494269719798,29.4651781088719,77.4001536948964,67.9737684518977,19.9439905864974,40.7168140836941,67.9631132126628,54.442476810839,-16.1494269719798,R8
0.228,0.772,0.308720711139741,0.316943850046057,2.39,6849.66911416026,42.8078431489727,-15.9770091496449,29.5751326309403,77.4430522729927,68.0126263924475,20.0616568831145,40.8116889187962,68.0239634838996,54.5116337592355,-15.9770091496449,R8
0.229,0.771,0.30872012468449,0.316942990926729,2.39,6849.71530315328,42.8961801809934,-15.8045705698643,29.6850865341997,77.4859488489788,68.0514748622489,20.1793271372871,40.9065659913685,68.0848149519283,54.5807936918005,-15.8045705698643,R8
0.23,0.77,0.308719538232419,0.316942131812058,2.39,6849.76149184378,42.9845195968394,-15.6321112106931,29.7950398261235,77.5288434176734,68.0903138615611,20.2970013618585,41.0014453062802,68.1456675964051,54.6499566155064,-15.6321112106931,R8
0.231,0.769,0.308718951783527,0.316941272702045,2.39,6849.8076810965,43.072861388369,-15.4596310745727,29.9049925026121,77.571735977313,68.12914336551,20.4146795474259,41.0963268610815,68.2065214054908,54.7191225220917,-15.4596310745727,R8
0.232,0.768,0.308718365337815,0.31694041359669,2.39,6849.85387289313,43.1612055432135,-15.2871301726938,30.0149445554199,77.6146265273464,68.1679633401668,20.5323616766223,41.1912106507007,68.2673763703278,54.7882913978178,-15.2871301726938,R8
0.233,0.767,0.308717778895281,0.316939554495991,2.39,6849.90005942946,43.249552085699,-15.1146084396908,30.1248960125655,77.6575150563918,68.2067738300873,20.6500478016993,41.2860966930078,68.3282324548852,54.8574632766457,-15.1146084396908,R8
0.234,0.766,0.308717192455927,0.31693869539995,2.39,6849.94625315281,43.3379009641056,-14.9420659686327,30.2348468270041,77.7004015754252,68.2455747171366,20.7677378307731,41.3809849583836,68.3890896790227,54.9266380937318,-14.9420659686327,R8
0.235,0.765,0.308716606019752,0.316937836308566,2.39,6849.99244637996,43.4262522022353,-14.7695026951006,30.3447970262957,77.7432860731527,68.2843660447271,20.8854318151883,41.4758754644101,68.4499480068153,54.9958158823941,-14.7695026951006,R8
0.236,0.764,0.308716019586756,0.31693697722184,2.39,6850.03863983976,43.5146057922812,-14.5969186204829,30.4547466068165,77.7861685475545,68.3231477886416,21.0031297464055,41.5707682089393,68.5108074254812,55.0649966348935,-14.5969186204829,R8
0.237,0.763,0.30871543315694,0.316936118139771,2.39,6850.08483238565,43.602961733441,-14.4243137314877,30.5646955718886,77.8290489945085,68.3619199396406,21.120831629204,41.6656631942214,68.5716679169345,55.1341803526179,-14.4243137314877,R8
0.238,0.762,0.308714846730302,0.316935259062359,2.39,6850.13102690028,43.6913200097502,-14.2516880463758,30.6746439098947,77.8719274143429,68.4006824560276,21.2385374396847,41.7605604130507,68.6325294741253,55.2033670172516,-14.2516880463758,R8
0.239,0.761,0.308714260306844,0.316934399989604,2.39,6850.17722104012,43.7796806248266,-14.0790415424852,30.7845916285795,77.9148038015629,68.4394353380005,21.3562471910959,41.8554598704769,68.693392075414,55.2725566359685,-14.0790415424852,R8
0.24,0.76,0.308713673886564,0.316933540921506,2.39,6850.22341624785,43.8680435680389,-13.9063742268043,30.894538721653,77.9576781548536,68.478178555251,21.4739608697369,41.9503615626677,68.7542557095296,55.3417491974236,-13.9063742268043,R8
0.241,0.759,0.308713087469464,0.316932681858066,2.39,6850.26961255121,43.9564088340292,-13.7336860952459,31.0044851880601,78.0005504713105,68.5169120887475,21.5916784719486,42.0452654891039,68.8151203611589,55.4109446971502,-13.7336860952459,R8
0.242,0.758,0.308712501055543,0.316931822799282,2.39,6850.31580869743,44.0447764222111,-13.5609771336806,31.1144310314885,78.0434207465751,68.5556359296597,21.7094000031468,42.1401716522691,68.8759860113116,55.4801431369186,-13.5609771336806,R8
0.243,0.757,0.3087119146448,0.316930963745156,2.39,6850.36200600666,44.1331463222994,-13.3882473481498,31.2243762460814,78.0862889791327,68.5943500483906,21.8271254504393,42.2350800486053,68.9368526480113,55.5493445058845,-13.3882473481498,R8
0.244,0.756,0.308711328237237,0.316930104695686,2.39,6850.40820373356,44.2215185317276,-13.215496728501,31.3343208336351,78.1291551651436,68.6330544318491,21.9448548155882,42.3299906793994,68.9977202534272,55.6185488032794,-13.215496728501,R8
0.245,0.755,0.308710741832853,0.316929245650873,2.39,6850.45440199505,44.3098930446526,-13.0427252713458,31.4442647927404,78.1720193017014,68.6717490599279,22.0625880942064,42.4249035439118,69.0585888119938,55.6877560240847,-13.0427252713458,R8
0.246,0.754,0.308710155431647,0.316928386610718,2.39,6850.50060127184,44.3982698538266,-12.8699329761496,31.5542081206346,78.2148813862866,68.710433909499,22.180325279299,42.5198186405446,69.1194583090291,55.7569661614698,-12.8699329761496,R8
0.247,0.753,0.308709569033621,0.316927527575219,2.39,6850.54680079663,44.4866489566506,-12.697119832584,31.6641508191764,78.2577414149605,68.7491089673749,22.298066372711,42.6147359706271,69.1803287262528,55.8261792146864,-12.697119832584,R8
0.248,0.752,0.308708982638773,0.316926668544377,2.39,6850.59300090599,44.5750303463397,-12.5242858389874,31.7740928861246,78.3005993849886,68.7877742114046,22.4158113684227,42.7096555328936,69.2412000483235,55.8953951775472,-12.5242858389874,R8
0.249,0.751,0.308708396247104,0.316925809518192,2.39,6850.63920195896,44.663414015986,-12.3514309938712,31.8840343191503,78.3434552936422,68.8264296191542,22.5335602602322,42.8045773260225,69.3020722598319,55.9646140437261,-12.3514309938712,R8
0.25,0.75,0.308707809858614,0.316924950496663,2.39,6850.68540331905,44.7517999623805,-12.1785552879372,31.9939751196087,78.3863091370526,68.8650751761094,22.6513130489795,42.8995013510246,69.3629453424625,56.0338358117438,-12.1785552879372,R8
0.251,0.749,0.308707223473302,0.316924091479791,2.39,6850.73160545306,44.8401881781308,-12.0056587205458,32.1039152847554,78.4291609125548,68.9037108587874,22.7690697276519,42.9944276063206,69.4238192808421,56.1030604746797,-12.0056587205458,R8
0.252,0.748,0.30870663709117,0.316923232467576,2.39,6850.77780828336,44.9285786578473,-11.8327412867873,32.213854813864,78.472010616856,68.9423366479819,22.8868302930703,43.0893560916007,69.4846940579401,56.1722880282527,-11.8327412867873,R8
0.253,0.747,0.308706050712216,0.316922373460018,2.39,6850.82401164879,45.016971396416,-11.659802981092,32.3237937065057,78.5148582465394,68.9809525250732,23.0045947426298,43.1842868067534,69.5455696563607,56.2415184685579,-11.659802981092,R8
0.254,0.746,0.308705464336441,0.316921514457116,2.39,6850.87021557044,45.1053663879953,-11.4868437993247,32.4337319615728,78.5577037983679,69.0195584698712,23.1223630724015,43.2792197512329,69.6064460590743,56.310751790767,-11.4868437993247,R8
0.255,0.745,0.308704877963844,0.31692065545887,2.39,6850.91642017956,45.1937636262891,-11.3138637382164,32.5436695775426,78.6005472692001,69.0581544612079,23.2401352776518,43.3741549242295,69.6673232492211,56.3799879894766,-11.3138637382164,R8
0.256,0.744,0.308704291594426,0.316919796465282,2.39,6850.96262548777,45.2821631054085,-11.1408627935608,32.6536065533269,78.643388655734,69.0967404787775,23.3579113544725,43.4690923252157,69.7282012094646,56.4492270598373,-11.1408627935608,R8
0.257,0.743,0.308703705228187,0.316918937476349,2.39,6851.0088314307,45.3705648197078,-10.9678409605531,32.7635428881142,78.686227954556,69.1353165027892,23.4756912994651,43.5640319538346,69.7890799221158,56.5184689973403,-10.9678409605531,R8
0.258,0.742,0.308703118865127,0.316918078492074,2.39,6851.05503794621,45.4589687634915,-10.7947982344032,32.8734785810804,78.7290651622274,69.1738825133359,23.5934751091907,43.6589738097214,69.8499593693455,56.5877137974341,-10.7947982344032,R8
0.259,0.741,0.308702532505245,0.316917219512454,2.39,6851.1012450498,45.5473749307286,-10.6217346109389,32.9834136311033,78.771900275368,69.2124384897863,23.7112627796334,43.7539178923274,69.9108395333984,56.6569614551509,-10.6217346109389,R8
0.26,0.74,0.308701946148541,0.316916360537491,2.39,6851.14745269283,45.6357833155863,-10.4486500854795,33.0933480372948,78.8147332904984,69.2509844119267,23.8290543072056,43.8488642012483,69.9717203961904,56.7262119658061,-10.4486500854795,R8
0.261,0.739,0.308701359795016,0.316915501567184,2.39,6851.19366100052,45.7241939115352,-10.2755446547141,33.2032817981123,78.8575642043062,69.2895202580452,23.9468496870609,43.9438127356699,70.0326019399764,56.795465323825,-10.2755446547141,R8
0.262,0.738,0.30870077344467,0.316914642601534,2.39,6851.23987013386,45.8126067118663,-10.1024183156171,33.3132149118757,78.9003930134942,69.3280460060352,24.0646489140724,44.0387634946874,70.0934841469601,56.8647215234222,-10.1024183156171,R8
0.263,0.737,0.308700187097502,0.31691378364054,2.39,6851.28607972717,45.9010217118069,-9.92927106101529,33.4231473788497,78.9432197141371,69.3665616379386,24.1824519868199,44.1337164786336,70.1543669977247,56.9339805613668,-9.92927106101529,R8
0.264,0.736,0.308699600753512,0.316912924684202,2.39,6851.33228999913,45.989438904343,-9.75610288833757,33.5330791971273,78.9860443029436,69.4050671309829,24.3002588997133,44.2286716864608,70.2152504743297,57.003242431524,-9.75610288833757,R8
0.265,0.735,0.308699014412701,0.31691206573252,2.39,6851.37850091554,46.0778582833657,-9.58291379302244,33.6430103657289,79.0288667763059,69.443562464334,24.418069648928,44.3236291177146,70.2761345579757,57.0725071289606,-9.58291379302244,R8
0.266,0.734,0.308698428075068,0.316911206785494,2.39,6851.42471250349,46.166279842491,-9.40970377099109,33.7529408834442,79.0716871306577,69.4820476165587,24.5358842301774,44.4185887717905,70.3370192298779,57.1417746484124,-9.40970377099109,R8
0.267,0.733,0.308697841740614,0.316910347843124,2.39,6851.4709245003,46.2547035763773,-9.23647281588396,33.8628707501272,79.1145053620729,69.5205225684571,24.6537026411976,44.5135506487617,70.397904470282,57.2110449860039,-9.23647281588396,R8
0.268,0.732,0.308697255409338,0.316909488905411,2.39,6851.51713730657,46.3431294771446,-9.06322092656896,33.9727999631667,79.1573214673482,69.5589872953809,24.7715248750029,44.6085147471399,70.4587902611324,57.2803181345549,-9.06322092656896,R8
0.269,0.731,0.30869666908124,0.316908629972354,2.39,6851.56335070798,46.4315575391766,-8.88994809706814,34.0827285222252,79.2001354425508,69.5974417775288,24.8893509289287,44.7034810668759,70.5196765824882,57.3495940898835,-8.88994809706814,R8
0.27,0.73,0.308696082756321,0.316907771043952,2.39,6851.60956467677,46.51998775611,-8.71665432287445,34.1926564262641,79.24294728393,69.635885993496,25.0071807989665,44.7984496074803,70.5805634147712,57.4188728468462,-8.71665432287445,R8
0.271,0.729,0.30869549643458,0.316906912120207,2.39,6851.6557793785,46.6084201208062,-8.54333960100917,34.3025836735217,79.2857569879227,69.674319920212,25.1250144797067,44.8934203680039,70.641450738779,57.4881543993128,-8.54333960100917,R8
0.272,0.728,0.308694910116017,0.316906053201117,2.39,6851.70199459834,46.6968546275093,-8.37000392548897,34.4125102636383,79.3285645505041,69.7127435375638,25.2428519684033,44.9883933483869,70.7023385340755,57.5574387429917,-8.37000392548897,R8
0.273,0.727,0.308694323800632,0.316905194286683,2.39,6851.74821050757,46.785291268964,-8.19664729338467,34.5224361948176,79.3713699680519,69.7511568222235,25.3606932595513,45.0833685476622,70.763226781143,57.6267258716469,-8.19664729338467,R8
0.274,0.726,0.308693737488426,0.316904335376905,2.39,6851.79442694295,46.8737300391231,-8.0232696991215,34.6323614664932,79.4141732365372,69.7895597534488,25.4785383499803,45.178345965638,70.8241154593516,57.6960157806573,-8.0232696991215,R8
0.275,0.725,0.308693151179397,0.316903476471783,2.39,6851.84064411825,46.9621709304736,-7.84987114010629,34.7422860766941,79.4569743523227,69.8279523073516,25.5963872338247,45.2733256012382,70.8850045489603,57.7653084635031,-7.84987114010629,R8
0.276,0.724,0.308692564873547,0.316902617571317,2.39,6851.88686188571,47.0506139368114,-7.67645161089105,34.852210024784,79.4997733113309,69.8663344628473,25.7142399077439,45.3683074542275,70.9458940290392,57.8346039154094,-7.67645161089105,R8
0.277,0.723,0.308691978570875,0.316901758675506,2.39,6851.93308028455,47.1390590511808,-7.50301110750415,34.9621333094231,79.5425701096612,69.9047061972376,25.8320963670482,45.4632915239306,71.0067838790087,57.9039021306409,-7.50301110750415,R8
0.278,0.722,0.308691392271381,0.316900899784351,2.39,6851.97929934282,47.2275062666167,-7.32954962589076,35.0720559293053,79.5853647433665,69.9430674878048,25.949956607096,45.5582778096943,71.0676740780826,57.9732031034748,-7.32954962589076,R8
0.279,0.721,0.308690805975065,0.316900040897852,2.39,6852.02551886704,47.315955576936,-7.15606716024065,35.1819778839393,79.6281572082153,69.9814183135045,26.0678206247752,45.6532663113773,71.1285646046687,58.0425068292484,-7.15606716024065,R8
0.28,0.72,0.308690219681927,0.316899182016009,2.39,6852.07173921312,47.4044069738397,-6.98256370909343,35.2918991707878,79.6709475005676,70.019758648751,26.1856884130703,45.748257027549,71.1894554385451,58.1118133005406,-6.98256370909343,R8
0.281,0.719,0.308689633391967,0.316898323138821,2.39,6852.11796004377,47.4928604515821,-6.80903926550536,35.4018197898761,79.7137356159579,70.0580884734375,26.3035599698231,45.8432499583977,71.2503465573516,58.1811225133179,-6.80903926550536,R8
0.282,0.718,0.308689047105185,0.316897464266288,2.39,6852.16418161341,47.5813160021413,-6.63549382721467,35.5117397390285,79.756521550562,70.0964077625723,26.4214352886683,45.9382451027204,71.3112379402124,58.2504344605813,-6.63549382721467,R8
0.283,0.717,0.308688460821581,0.316896605398411,2.39,6852.21040378163,47.6697736189273,-6.46192738883778,35.6216590175233,79.7993053000698,70.1347164942355,26.5393143659974,46.0332424602358,71.3721295649518,58.3197491372429,-6.46192738883778,R8
0.284,0.716,0.308687874541155,0.316895746535189,2.39,6852.25662650629,47.7582332949282,-6.28833994576959,35.731577624266,79.8420868602422,70.1730146456054,26.6571971974784,46.1282420304304,71.4330214094855,58.3890665376869,-6.28833994576959,R8
0.285,0.715,0.308687288263907,0.316894887676623,2.39,6852.30284993332,47.8466950223692,-6.11473149489503,35.8414955574593,79.8848662270292,70.211302192219,26.7750837774126,46.2232438123381,71.493913452063,58.4583866553273,-6.11473149489503,R8
0.286,0.714,0.308686701989837,0.316894028822713,2.39,6852.34907396205,47.9351587943513,-5.9411020311465,35.9514128162087,79.9276433960551,70.2495791114949,26.892974101816,46.3182478055738,71.554805670052,58.5277094847561,-5.9411020311465,R8
0.287,0.713,0.308686115718944,0.316893169973457,2.39,6852.39529859493,48.0236246035312,-5.7674515502769,36.0613293992308,79.9704183630267,70.287845379903,27.0108681659408,46.4132540095023,71.6156980409123,58.5970350200107,-5.7674515502769,R8
0.288,0.712,0.30868552945123,0.316892311128857,2.39,6852.44152391332,48.1120924422151,-5.59378004866328,36.1712453049403,80.0131911237063,70.3261009731578,27.1287659644503,46.5082624232991,71.6765905421317,58.6663632546988,-5.59378004866328,R8
0.289,0.711,0.308684943186693,0.316891452288912,2.39,6852.48774979378,48.2005623034232,-5.42008752106383,36.2811605325024,80.0559616735796,70.3643458685134,27.2466674934209,46.6032730466154,71.7374831504208,58.7356941833967,-5.42008752106383,R8
0.29,0.71,0.308684356925334,0.316890593453623,2.39,6852.53397630236,48.2890341794075,-5.24637396373632,36.3910750803716,80.0987300083171,70.4025800415734,27.3645727475555,46.6982858786546,71.7983758428242,58.8050277996999,-5.24637396373632,R8
0.291,0.709,0.308683770667153,0.316889734622988,2.39,6852.58020342248,48.3775080626735,-5.072639372289,36.5009889473007,80.1414961234518,70.4408034684891,27.4824817221077,46.7933009188067,71.8592685959503,58.8743640975705,-5.072639372289,R8
0.292,0.708,0.308683184412149,0.316888875797009,2.39,6852.62643119908,48.4659839454397,-4.89888374281524,36.6109021318036,80.1842600145526,70.4790161248021,27.6003944118659,46.8883181663141,71.9201613863747,58.9437030706196,-4.89888374281524,R8
0.293,0.707,0.308682598160323,0.316888016975685,2.39,6852.67265966089,48.5544618199261,-4.72510707128475,36.7208146324478,80.2270216771256,70.5172179860575,27.7183108116942,46.9833376204522,71.9810541904222,59.0130447124943,-4.72510707128475,R8
0.294,0.706,0.308682011911675,0.316887158159016,2.39,6852.71888860769,48.6429416791578,-4.55130935184997,36.8307264486391,80.2697811063781,70.5554090295356,27.8362309180366,47.078359281029,72.0419469835573,59.0823890179366,-4.55130935184997,R8
0.295,0.705,0.308681425666204,0.316886299347002,2.39,6852.76511829224,48.7314235143956,-4.37749058226088,36.9406375780953,80.3125382979973,70.593589228731,27.9541547241113,47.1733831467829,72.1028397423165,59.1517359793911,-4.37749058226088,R8
0.296,0.704,0.308680839423912,0.316885440539643,2.39,6852.81134854487,48.8199073184315,-4.20365075691656,37.0505480200892,80.3552932471428,70.631758560435,28.0720822260792,47.2684092174414,72.1637324418259,59.221085591355,-4.20365075691656,R8
0.297,0.703,0.308680253184796,0.316884581736939,2.39,6852.8575794731,48.9083930829546,-4.02978987241676,37.1604577728603,80.3980459492541,70.6699169990737,28.1900134181094,47.363437492075,72.224625057778,59.2904378469032,-4.02978987241676,R8
0.298,0.702,0.308679666948858,0.31688372293889,2.39,6852.90381096129,48.9968808004334,-3.85590792359025,37.2703668354662,80.4407963994714,70.7080645207506,28.3079482959068,47.4584679702709,72.2855175650157,59.3597927401758,-3.85590792359025,R8
0.299,0.701,0.308679080716098,0.316882864145496,2.39,6852.95004315664,49.0853704622868,-3.68200490735596,37.3802752059754,80.4835445931966,70.7462010993263,28.4258868532942,47.5535006509983,72.3464099389045,59.4291502639551,-3.68200490735596,R8
0.3,0.7,0.308678494486516,0.316882005356757,2.39,6852.99627589845,49.1738620610307,-3.50808081819129,37.490182883594,80.5262905254326,70.7843267110242,28.5438290862225,47.6485355339411,72.4073021537133,59.4985104125094,-3.50808081819129,R8
0.301,0.699,0.30867790826011,0.316881146572672,2.39,6853.04250928339,49.2623555881514,-3.33413565261371,37.6000898665621,80.5690341914383,70.8224413298596,28.6617749887934,47.7435726181758,72.4681941842151,59.5678731787809,-3.33413565261371,R8
0.302,0.698,0.308677322036882,0.316880287793242,2.39,6853.08874339937,49.3508510351039,-3.16016940707901,37.7099961531423,80.6117755864211,70.8605449297926,28.7797245551323,47.8386119027903,72.5290860049266,59.6372385557052,-3.16016940707901,R8
0.303,0.697,0.308676735816832,0.316879429018467,2.39,6853.13497799795,49.4393483945486,-2.98618207536762,37.8199017428368,80.6545147051522,70.89863748738,28.8976777816995,47.9336533876617,72.5899775891823,59.7066065378439,-2.98618207536762,R8
0.304,0.696,0.308676149599959,0.316878570248347,2.39,6853.1812133143,49.5278476572594,-2.81217365510726,37.9298066333402,80.6972515429198,70.936718975135,29.0156346615097,48.0286970715225,72.6508689114515,59.7759771173033,-2.81217365510726,R8
0.305,0.695,0.308675563386264,0.316877711482881,2.39,6853.22744920012,49.6163488153913,-2.63814414088017,38.0397108237662,80.7399860945232,70.9747893685501,29.1335951902393,48.1237429540022,72.7117599448816,59.845350288048,-2.63814414088017,R8
0.306,0.694,0.308674977175746,0.316876852722071,2.39,6853.27368574135,49.7048518601525,-2.46409352912809,38.1496143123432,80.7827183549903,71.0128486410881,29.2515593618785,48.2187910341753,72.7726506630431,59.9147260428295,-2.46409352912809,R8
0.307,0.693,0.308674390968405,0.316875993965914,2.39,6853.31992289159,49.7933567831831,-2.29002181525097,38.2595170977823,80.8254483191464,71.0508967671568,29.3695271713118,48.313841311421,72.8335410388913,59.9841043750059,-2.29002181525097,R8
0.308,0.692,0.308673804764241,0.316875135214412,2.39,6853.36616069241,49.8818635757267,-2.11592899533808,38.3694191784626,80.8681759818768,71.0889337203194,29.4874986127611,48.4088937849029,72.8944310453816,60.0534852774477,-2.11592899533808,R8
0.309,0.691,0.308673218563255,0.316874276467565,2.39,6853.41239908546,49.9703722293362,-1.94181506469712,38.4793205531163,80.9109013378984,71.1269594748184,29.6054736811174,48.5039484540203,72.9553206549451,60.1228687434705,-1.94181506469712,R8
0.31,0.69,0.308672632365446,0.316873417725372,2.39,6853.45863817168,50.0588827348973,-1.76768001989917,38.5892212198792,80.953624382074,71.1649740034724,29.7234523701079,48.5990053177862,73.0162098402099,60.1922547655483,-1.76768001989917,R8
0.311,0.689,0.308672046170814,0.316872558987834,2.39,6853.50487780829,50.1473950841464,-1.59352385557766,38.6991211777799,80.9963451089282,71.2029772809435,29.8414346751362,48.6940643757856,73.0770985728614,60.261643337314,-1.59352385557766,R8
0.312,0.688,0.30867145997936,0.31687170025495,2.39,6853.55111812547,50.2359092677222,-1.41934656854312,38.8090204248232,81.0390635132607,71.2409692795485,29.9594205896436,48.7891256269516,73.1379868251026,60.3310344509904,-1.41934656854312,R8
0.313,0.687,0.308670873791082,0.31687084152672,2.39,6853.59735902357,50.3244252770605,-1.24514815377549,38.9189189598558,81.0817795895493,71.2789499733298,30.0774101086509,48.8841890707563,73.1988745682262,60.4004280998911,-1.24514815377549,R8
0.314,0.686,0.308670287605982,0.316869982803145,2.39,6853.64360053924,50.4129431030139,-1.07092860734352,39.0288167812085,81.1244933323854,71.3169193350937,30.1954032261752,48.9792547063425,73.2597617736494,60.4698242766,-1.07092860734352,R8
0.315,0.685,0.308669701424059,0.316869124084224,2.39,6853.6898427856,50.5014627360758,-0.896687925929868,39.1387138869193,81.1672047364012,71.3548773368877,30.3133999356566,49.0743225326665,73.320648412743,60.5392229732619,-0.896687925929868,R8
0.316,0.684,0.308669115245313,0.316868265369957,2.39,6853.73608552908,50.5899841679755,-0.722426103450999,39.2486102762975,81.2099137957672,71.3928239534362,30.431400232932,49.1693925494983,73.3815344556233,60.6086241837003,-0.722426103450999,R8
0.317,0.683,0.308668529069744,0.316867406660344,2.39,6853.78232896511,50.6785073887531,-0.548143137249852,39.3585059470534,81.2526205051123,71.430759155845,30.5494041107797,49.2644647555876,73.4424198733561,60.6780278995408,-0.548143137249852,R8
0.318,0.682,0.308667942897352,0.316866547955386,2.39,6853.82857302494,50.7670323893724,-0.373839022561967,39.4684008978661,81.2953248586992,71.4686829172252,30.6674115637906,49.3595391503021,73.5033046359827,60.7474341136752,-0.373839022561967,R8
0.319,0.681,0.308667356728138,0.316865689255082,2.39,6853.87481769265,50.8555591605241,-0.199513755048741,39.5782951272036,81.338026850803,71.5065952101212,30.7854225861446,49.4546157328805,73.5641887134156,60.816842818673,-0.199513755048741,R8
0.32,0.68,0.3086667705621,0.316864830559432,2.39,6853.92106298494,50.9440876927022,-0.0251673306322004,39.6881886334067,81.3807264756837,71.5444960066707,30.9034371717469,49.5496945024733,73.6250720753824,60.8862540068866,-0.0251673306322004,R8
0.321,0.679,0.308666184399239,0.316863971868436,2.39,6853.96730888999,51.0326179764345,0.149200254989836,39.7980814149072,81.4234237275135,71.5823852791058,31.0214553146621,49.6447754582997,73.6859546912447,60.9556676707533,0.149200254989836,R8
0.322,0.678,0.308665598239555,0.316863113182094,2.39,6854.01355547521,51.1211500018731,0.323589005485999,39.9079734698332,81.466118600508,71.6202629988683,31.1394770083527,49.7398585993776,73.7468365303013,61.0250838022576,0.323589005485999,R8
0.323,0.677,0.308665012083048,0.316862254500406,2.39,6854.05980264176,51.209683759722,0.497998925849231,40.0178647969176,81.5088110886275,71.6581291386129,31.2575022474031,49.8349439251166,73.8077175610907,61.0945023941584,0.497998925849231,R8
0.324,0.676,0.308664425929718,0.316861395823371,2.39,6854.10605051078,51.2982192397782,0.672430019312372,40.1277553940638,81.5515011860402,71.6959836690647,31.3755310248131,49.9300314343971,73.8685977524831,61.1639234380516,0.672430019312372,R8
0.325,0.675,0.308663839779565,0.316860537150991,2.39,6854.15229887132,51.3867564330133,0.846882291762086,40.2376452603985,81.5941888864631,71.7338265634939,31.4935633358619,50.0251211268791,73.9294770721026,61.2333469271448,0.846882291762086,R8
0.326,0.674,0.308663253632588,0.316859678483265,2.39,6854.19854796193,51.4752953286261,1.0213557454868,40.3475343933654,81.6368741840928,71.7716577913859,31.6115991726356,50.1202130011535,73.9903554885606,61.3027728523278,1.0213557454868,R8
0.327,0.673,0.308662667488789,0.316858819820192,2.39,6854.24479757884,51.5638359174036,1.19585038631195,40.4574227920411,81.6795570725418,71.8094773256646,31.7296385302736,50.2153070568495,74.0512329688964,61.3722012066501,1.19585038631195,R8
0.328,0.672,0.308662081348166,0.316857961161774,2.39,6854.29104793061,51.652378188498,1.37036621675875,40.567310453956,81.7222375458529,71.8472851357649,31.8476814009786,50.3104032926159,74.1121094810237,61.4416319810334,1.37036621675875,R8
0.329,0.671,0.30866149521072,0.316857102508009,2.39,6854.33729885151,51.7409221323931,1.54490324234517,40.6771973780204,81.7649155975707,71.88508119401,31.9657277795305,50.4055017079791,74.172984991473,61.5110651682158,1.54490324234517,R8
0.33,0.67,0.308660909076451,0.316856243858898,2.39,6854.38355044928,51.8294677384587,1.71946146639381,40.7870835621157,81.8075912215029,71.9228654703538,32.0837776587471,50.5006023018116,74.2338594672442,61.5805007595009,1.71946146639381,R8
0.331,0.669,0.308660322945358,0.31685538521444,2.39,6854.42980262977,51.9180149967438,1.89404089384462,40.8969690048586,81.8502644111563,71.960637936242,32.201831032809,50.5957050734557,74.2947328744388,61.649938747145,1.89404089384462,R8
0.332,0.668,0.308659736817442,0.316854526574636,2.39,6854.47605544834,52.0065638966519,2.06864152843487,41.0068537043039,81.8929351601584,71.9983985617574,32.3198878948082,50.6908100218962,74.3556051792661,61.7193791225902,2.06864152843487,R8
0.333,0.667,0.308659150692703,0.316853667939486,2.39,6854.52230892813,52.0951144276221,2.24326337415918,41.1167376586063,81.9356034620341,72.0361473170898,32.4379482380085,50.785917146184,74.4164763475174,61.7888218773777,2.24326337415918,R8
0.334,0.666,0.308658564571141,0.316852809308989,2.39,6854.56856297275,52.1836665794602,2.41790643596705,41.2266208663561,81.9782693101071,72.0738841732499,32.5560120564632,50.8810264456451,74.4773463443072,61.858267003586,2.41790643596705,R8
0.335,0.665,0.308657978452755,0.316851950683146,2.39,6854.61481771018,52.2722203410405,2.59257071700515,41.3365033252954,82.020932697903,72.1116090992745,32.6740793426084,50.9761379190717,74.5382151350664,61.9277144920996,2.59257071700515,R8
0.336,0.664,0.308657392337545,0.316851092061956,2.39,6854.66107298447,52.3607757022213,2.76725622269576,41.4463850342086,82.0635936185468,72.1493220663517,32.7921500908155,51.071251565916,74.5990826840683,61.9971643351679,2.76725622269576,R8
0.337,0.663,0.308656806225513,0.31685023344542,2.39,6854.70732893014,52.4493326516782,2.94196295612929,41.5562659907878,82.1062520654492,72.187023043155,32.9102242933729,51.1663673849382,74.65994895608,62.0666165235128,2.94196295612929,R8
0.338,0.662,0.308656220116656,0.316849374833537,2.39,6854.75358550602,52.5378911786608,3.11669092180057,41.6661461933633,82.1489080317403,72.2247119996326,33.0283019437489,51.2614853753063,74.7208139150179,62.1360710486762,3.11669092180057,R8
0.339,0.661,0.308655634010977,0.316848516226308,2.39,6854.79984274207,52.6264512720612,3.29144012363236,41.7760256399899,82.1915615105742,72.2623889049935,33.1463830348635,51.3566055360124,74.7816775246531,62.2055279017705,3.29144012363236,R8
0.34,0.66,0.308655047908473,0.316847657623732,2.39,6854.84610057913,52.715012921018,3.46621056625858,41.885904329037,82.2342124949312,72.3000537290183,33.264467560209,51.4517278662507,74.8425397481461,62.2749870742934,3.46621056625858,R8
0.341,0.659,0.308654461809147,0.316846799025809,2.39,6854.89235901295,52.803576114372,3.641002253872,41.9957822586609,82.2768609777895,72.3377064408798,33.3825555128404,51.5468523650801,74.9034005484566,62.3444485573966,3.641002253872,R8
0.342,0.658,0.308653875712996,0.316845940432539,2.39,6854.93861808568,52.8921408406955,3.81581519028714,42.1056594268245,82.3195069521154,72.3753470092168,33.5006468854366,51.6419790314392,74.9642598883141,62.4139123419302,3.81581519028714,R8
0.343,0.657,0.308653289620022,0.316845081843923,2.39,6854.98487777926,52.9807070886972,3.99064937980022,42.215535831708,82.3621504107337,72.4129754029961,33.6187416710457,51.7371078644057,75.0251177299104,62.4833784189778,3.99064937980022,R8
0.344,0.656,0.308652703530225,0.31684422325996,2.39,6855.03113811866,53.0692748468282,4.16550482635884,42.3254114713125,82.4047913464528,72.4505915906753,33.736839862361,51.8322388629435,75.0859740351859,62.5528467793359,4.16550482635884,R8
0.345,0.655,0.308652117443603,0.31684336468065,2.39,6855.07739904673,53.1578441037551,4.34038153456815,42.4352863439325,82.4474297519106,72.4881955412133,33.8549414525953,51.9273720262038,75.1468287654703,62.6223174141472,4.34038153456815,R8
0.346,0.654,0.308651531360158,0.316842506105993,2.39,6855.12366065348,53.2464148474931,4.51527950784532,42.5451604473004,82.4900656198528,72.5257872222141,33.9730464338798,52.0225073529813,75.207681882134,62.6917903137371,4.51527950784532,R8
0.347,0.653,0.30865094527989,0.316841647535989,2.39,6855.16992282654,53.3349870667252,4.690198751233,42.6550337798853,82.5326989427061,72.5633666027629,34.0911547997053,52.1176448425439,75.2685333455829,62.7612654693825,4.690198751233,R8
0.348,0.652,0.308650359202797,0.316840788970639,2.39,6855.21618570468,53.4235607490886,4.86513926775119,42.76490633921,82.5753297131311,72.600933649735,34.2092665417534,52.212784493556,75.3293831165526,62.8307428710192,4.86513926775119,R8
0.349,0.651,0.308649773128881,0.316839930409941,2.39,6855.26244914189,53.5121358831958,5.04010106270569,42.8747781238404,82.6179579233661,72.6384883321573,34.3273816536375,52.307926305346,75.3902311545654,62.900222509948,5.04010106270569,R8
0.35,0.65,0.308649187058141,0.316839071853896,2.39,6855.30871321022,53.600712456737,5.21508413964658,42.9846491315162,82.660583565843,72.6760306171142,34.4455001273924,52.4030702767183,75.4510774193703,62.9697043762947,5.21508413964658,R8
0.351,0.649,0.308648600990578,0.316838213302505,2.39,6855.35497797609,53.6892904573234,5.39008850216489,43.0945193599838,82.7032066329088,72.713560471574,34.5636219550373,52.4982164064843,75.5119218702952,63.0391884601388,5.39008850216489,R8
0.352,0.648,0.30864801492619,0.316837354755766,2.39,6855.40124333359,53.7778698731137,5.56511415523498,43.2043888076144,82.7458271166257,72.7510778637306,34.6817471297344,52.5933646938514,75.572764465763,63.1086747523549,5.56511415523498,R8
0.353,0.647,0.308647428864979,0.31683649621368,2.39,6855.44750928477,53.8664506917578,5.74016110295948,43.314257472362,82.7884450091073,72.7885827607357,34.7998756438395,52.6885151377682,75.6336051640949,63.1781632431949,5.74016110295948,R8
0.354,0.646,0.308646842806944,0.316835637676246,2.39,6855.49377587936,53.9550329006192,5.91522934905289,43.4241253519898,82.831060302451,72.8260751291759,34.9180074893104,52.7836677370559,75.6944439233219,63.2476539225956,5.91522934905289,R8
0.355,0.645,0.308646256752085,0.316834779143466,2.39,6855.5400431029,54.043616487201,6.09031889774492,43.5339924444809,82.8736729885929,72.863554935994,35.0361426585007,52.8788224906821,75.7552807008733,63.3171467807391,6.09031889774492,R8
0.356,0.644,0.308645670700401,0.316833920615338,2.39,6855.58631096033,54.1322014388248,6.2654297531036,43.6438587477343,82.9162830594151,72.9010221477975,35.1542811435638,52.973979397558,75.8161154537953,63.3866418076309,6.2654297531036,R8
0.357,0.643,0.308645084651895,0.316833062091863,2.39,6855.63257942412,54.2207877428293,6.44056191945442,43.7537242597501,82.9588905066769,72.9384767312871,35.2724229368252,53.0691384566656,75.8769481386127,63.4561389933627,6.44056191945442,R8
0.358,0.642,0.308644498606563,0.316832203573041,2.39,6855.67884853622,54.3093753861806,6.6157154005618,43.863588978255,83.00149532214,72.9759186524203,35.3905680300607,53.1642996668096,75.9377787116033,63.5256383275938,6.6157154005618,R8
0.359,0.641,0.308643912564408,0.316831345058871,2.39,6855.72511826452,54.3979643560164,6.79089020078089,43.9734529012366,83.0440974973925,73.0133478775853,35.5087164155057,53.2594630269652,75.9986071283878,63.5951398002768,6.79089020078089,R8
0.36,0.64,0.308643326525429,0.316830486549354,2.39,6855.77138862545,54.486554639179,6.96608632407371,44.0833160264841,83.086697024,73.0507643725929,35.6268680849909,53.354628535978,76.0594333442702,63.6646434010422,6.96608632407371,R8
0.361,0.639,0.308642740489626,0.316829628044489,2.39,6855.81765961728,54.5751462224682,7.14130377454535,44.1931783518376,83.1292938934177,73.0881681032258,35.7450230304147,53.4497961927324,76.1202573140475,63.7341491195244,7.14130377454535,R8
0.362,0.638,0.308642154456999,0.316828769544277,2.39,6855.86393121982,54.6637390926396,7.31654255644227,44.3030398751884,83.1718880969913,73.1255590352386,35.8631812437425,53.5449659961442,76.1810789919983,63.8036569453711,7.31654255644227,R8
0.363,0.637,0.308641568427548,0.316827911048717,2.39,6855.91020341131,54.7523332363408,7.4918026740241,44.4129005944172,83.2144796259781,73.1629371342181,35.9813427168833,53.6401379451256,76.2418983319251,63.8731668681548,7.4918026740241,R8
0.364,0.636,0.308640982401272,0.31682705255781,2.39,6855.95647635177,54.8409286394163,7.66708413007622,44.5227605067122,83.2570684717687,73.2003023640856,36.0995074404198,53.7353120381465,76.3027152876797,63.9426788764417,7.66708413007622,R8
0.365,0.635,0.308640396378173,0.316826194071555,2.39,6856.00274981821,54.9295252890416,7.84238693047419,44.6326196106682,83.2996546251961,73.2376546917047,36.2176754075372,53.8304882745747,76.3635298115261,64.0121929606519,7.84238693047419,R8
0.366,0.634,0.308639810358249,0.316825335589953,2.39,6856.04902393575,55.0181231709582,8.01771107827788,44.7424779035695,83.3422380774287,73.2749940809145,36.3358466089279,53.9256666529429,76.4243418562442,64.0817091093598,8.01771107827788,R8
0.367,0.633,0.308639224341501,0.316824477113003,2.39,6856.09529866416,55.1067222714127,8.193056577877,44.8523353832939,83.3848188193367,73.3123204967213,36.454021036375,54.0208471721692,76.4851513736441,64.1512273118841,8.193056577877,R8
0.368,0.632,0.308638638327929,0.316823618640705,2.39,6856.14157404729,55.1953225762138,8.36842343297988,44.9621920473908,83.4273968418049,73.3496339032559,36.5721986810082,54.1160298309596,76.5459583152752,64.2207475570357,8.36842343297988,R8
0.369,0.631,0.308638052317532,0.316822760173059,2.39,6856.1878500477,55.2839240713547,8.5438116479483,45.0720478936961,83.4699721355207,73.3869342651256,36.690379534453,54.2112146282015,76.6067626319457,64.2902698339462,8.5438116479483,R8
0.37,0.63,0.308637466310311,0.316821901710066,2.39,6856.23412665336,55.3725267426099,8.7192212269325,45.1819029199311,83.5125446911087,73.424221546545,36.8085635880954,54.306401562715,76.6675642740233,64.3597941315282,8.7192212269325,R8
0.371,0.629,0.308636880306266,0.316821043251724,2.39,6856.28040390099,55.4611305754434,8.89465217368245,45.2917571236142,83.5551144991539,73.4614957111392,36.9267508329132,54.4015906331924,76.7283631914957,64.429320438356,8.89465217368245,R8
0.372,0.628,0.308636294305397,0.316820184798035,2.39,6856.32668180441,55.549735555281,9.07010449213304,45.401610502336,83.5976815501192,73.4987567225307,37.0449412599706,54.4967818383701,76.7891593337559,64.4988487430321,9.07010449213304,R8
0.373,0.627,0.308635708307703,0.316819326348998,2.39,6856.37296031974,55.6383416676382,9.24557818668043,45.5114630538818,83.640245834294,73.5360045446182,37.1631348606667,54.59197517711,76.8499526494979,64.5683790343568,9.24557818668043,R8
0.374,0.626,0.308635122313185,0.316818467904613,2.39,6856.41923941999,55.726948897838,9.42107326157834,45.6213147759512,83.6828073418891,73.5732391409729,37.2813316262138,54.687170648225,76.9107430869223,64.6379113009511,9.42107326157834,R8
0.375,0.625,0.308634536321842,0.316817609464881,2.39,6856.46551920463,55.8155572305946,9.59658972005208,45.7311656657584,83.7253660631681,73.6104604739406,37.3995315468729,54.7823682502168,76.9715305940464,64.7074455307014,9.59658972005208,R8
0.376,0.624,0.308633950333675,0.3168167510298,2.39,6856.51179955138,55.9041666513288,9.77212756711806,45.8410157213221,83.7679219880177,73.647668507479,37.5177346143755,54.8775679821022,77.0323151176917,64.7769817125242,9.77212756711806,R8
0.377,0.623,0.308633364348683,0.316815892599371,2.39,6856.55808054654,55.9927771445394,9.94768680610271,45.9508649398642,83.8104751064786,73.6848632036482,37.6359408189305,54.9727698423905,77.0930966047195,64.8465198341811,9.94768680610271,R8
0.378,0.622,0.308632778366867,0.316815034173594,2.39,6856.60436222112,56.0813886947988,10.123267440769,46.0607133187951,83.8530254084184,73.7220445247598,37.7541501510582,55.0679738297128,77.1538750012587,64.9160598836187,10.123267440769,R8
0.379,0.621,0.308632192388227,0.316814175752468,2.39,6856.65064446887,56.1700012870632,10.2988694759922,46.1705608560147,83.8955728834236,73.7592124340509,37.8723626021607,55.1631799430153,77.2146502524688,64.9856018493794,10.2988694759922,R8
0.38,0.62,0.308631606412761,0.316813317335995,2.39,6856.6969273627,56.2586149054721,10.4744929151886,46.2804075487339,83.9381175211969,73.7963668930946,37.9905781623193,55.2583881808057,77.2754223034373,65.0551457190005,10.4744929151886,R8
0.381,0.619,0.308631020440472,0.316812458924173,2.39,6856.74321092026,56.3472295342354,10.650137762218,46.3902533943538,83.9806593112606,73.8335078637131,38.1087968219253,55.3535985417134,77.3361910985018,65.1246914801974,10.650137762218,R8
0.382,0.618,0.308630434471357,0.316811600517003,2.39,6856.78949506634,56.4358451577721,10.8258040216874,46.5000983905947,84.0231982429128,73.8706353082841,38.2270185719399,55.448811024575,77.3969565811256,65.1942391210577,10.8258040216874,R8
0.383,0.617,0.308629848505419,0.316810742114485,2.39,6856.83577983459,56.524461759948,11.0014916973184,46.6099425347579,84.0657343054706,73.9077491880929,38.3452434024883,55.5440256279576,77.4577186944845,65.263788629014,11.0014916973184,R8
0.384,0.616,0.308629262542655,0.316809883716619,2.39,6856.88206519977,56.6130793247065,11.1772007933018,46.7197858243363,84.1082674880633,73.9448494647021,38.4634713040341,55.6392423505576,77.518477380962,65.3333399916949,11.1772007933018,R8
0.385,0.615,0.308628676583067,0.316809025323404,2.39,6856.92835121721,56.7016978355399,11.352931313173,46.829628256506,84.1507977798071,73.9819360988081,38.581702266396,55.7344611908644,77.5792325825491,65.4028931962153,11.352931313173,R8
0.386,0.614,0.308628090626654,0.316808166934841,2.39,6856.97463793007,56.790317275839,11.528683260559,46.9394698284664,84.1933251696824,74.0190090509988,38.6999362794039,55.8296821473875,77.6399842405685,65.4724482296453,11.528683260559,R8
0.387,0.613,0.308627504673416,0.316807308550929,2.39,6857.02092515741,56.8789376296943,11.7044566408992,47.0493105382271,84.2358496462744,74.0560682834868,38.818173334362,55.9249052191563,77.700732295054,65.5420050800946,11.7044566408992,R8
0.388,0.612,0.308626918723353,0.316806450171669,2.39,6857.06721310211,56.9675588795911,11.8802514565142,47.1591503823507,84.2783711985206,74.0931137551369,38.9364134198317,56.0201304042755,77.7614766864956,65.6115637336036,11.8802514565142,R8
0.389,0.611,0.308626332776466,0.31680559179706,2.39,6857.11350164658,57.0561810090759,12.0560677123207,47.2689893585674,84.3208898148425,74.1301454272226,39.0546565265139,56.1153577015979,77.8222173537976,65.6811241777446,12.0560677123207,R8
0.39,0.61,0.308625746832754,0.316804733427103,2.39,6857.15979082388,57.1448040009695,12.2319054120053,47.3788274640265,84.3634054837218,74.1671632595697,39.1729026439867,56.2105871096062,77.8829542356323,65.7506863992072,12.2319054120053,R8
0.391,0.609,0.308625160892217,0.316803875061798,2.39,6857.20608057725,57.2334278382764,12.4077645599815,47.4886646961894,84.4059181934038,74.2041672125274,39.2911517623637,56.3058186269822,77.94368726973,65.8202503850332,12.4077645599815,R8
0.392,0.608,0.308624574954855,0.316803016701143,2.39,6857.25237098143,57.3220525033457,12.5836451595823,47.5985010520021,84.4484279321675,74.2411572451572,39.409403870771,56.4010522520876,78.0044163935211,65.8898161214766,12.5836451595823,R8
0.393,0.607,0.308623989020669,0.31680215834514,2.39,6857.29866201019,57.4106779787475,12.7595472149635,47.7083365287676,84.4909346880398,74.2781333171234,39.5276589589431,56.4962879835055,78.0651415434396,65.9593835951973,12.7595472149635,R8
0.394,0.606,0.308623403089657,0.316801299993788,2.39,6857.34495371939,57.49930424658,12.9354707296035,47.8181711234591,84.5334384490205,74.3150953872035,39.6459170159624,56.5915258196115,78.1258626554555,66.0289527923241,12.9354707296035,R8
0.395,0.605,0.308622817161821,0.316800441647088,2.39,6857.39124600104,57.587931289397,13.1114157083069,47.9280048336322,84.5759392027672,74.3520434152996,39.7641780319627,56.6867657591594,78.1865796643473,66.0985236997007,13.1114157083069,R8
0.396,0.604,0.308622231237159,0.316799583305039,2.39,6857.43753889521,57.6765590890269,13.2873821546695,48.037837656273,84.618436936992,74.3889773598777,39.8824419959654,56.7820078005371,78.2472925045964,66.1680963033041,13.2873821546695,R8
0.397,0.603,0.308621645315673,0.316798724967641,2.39,6857.48383245008,57.7651876270984,13.4633700722157,48.1476695883108,84.6609316392779,74.4258971791155,40.0007088968447,56.8772519420989,78.3080011099727,66.2376705889511,13.4633700722157,R8
0.398,0.602,0.308621059397361,0.316797866634894,2.39,6857.53012663724,57.8538168853606,13.6393794650853,48.2575006269374,84.7034232969768,74.4628028315935,40.1189787239198,56.9724981823656,78.3687054132753,66.307246542731,13.6393794650853,R8
0.399,0.601,0.308620473482225,0.316797008306798,2.39,6857.57642140881,57.9424468454649,13.8154103375708,48.3673307693909,84.7459118972738,74.499694275832,40.2372514665552,57.0677465198943,78.4294053464926,66.3768241507096,13.8154103375708,R8
0.4,0.6,0.308619887570263,0.316796149983353,2.39,6857.62271686683,58.0310774883202,13.9914626927377,48.4771600123248,84.7883974273986,74.5365714688931,40.3555271129872,57.1629969528698,78.4901008412819,66.4464033980685,13.9914626927377,R8
0.401,0.599,0.308619301661476,0.316795291664559,2.39,6857.66901295317,58.1197087952673,14.1675365349514,48.5869883529693,84.8308798742409,74.5734343689226,40.4738056524691,57.2582494798421,78.5507918280558,66.5159842706871,14.1675365349514,R8
0.402,0.598,0.308618715755865,0.316794433350417,2.39,6857.71530962212,58.2083407474202,14.3436318684681,48.6968157884785,84.8733592245541,74.6102829337387,40.5920870740755,57.3535040993184,78.6114782364748,66.5855667542532,14.3436318684681,R8
0.403,0.597,0.308618129853428,0.316793575040925,2.39,6857.76160693049,58.2969733253251,14.5197486967016,48.8066423156018,84.9158354650774,74.647117120086,40.7103713660802,57.4487608095473,78.6721599956995,66.6551508338067,14.5197486967016,R8
0.404,0.596,0.308617543954166,0.316792716736084,2.39,6857.80790484871,58.3856065096727,14.6958870237662,48.9164679313832,84.9583085822883,74.6839368851865,40.8286585172582,57.5440196089685,78.7328370338254,66.7247364947051,14.6958870237662,R8
0.405,0.595,0.308616958058078,0.316791858435894,2.39,6857.85420343711,58.4742402806283,14.8720468530329,49.0262926325056,85.0007785626245,74.7207421852943,40.9469485156716,57.6392804957927,78.7935092783889,66.794323721716,14.8720468530329,R8
0.406,0.594,0.308616372165166,0.316791000140355,2.39,6857.90050264159,58.5628746186038,15.0482281888,49.136116416053,85.0432453922271,74.7575329773626,41.0652413500761,57.7345434684885,78.8541766557598,66.8639125000631,15.0482281888,R8
0.407,0.593,0.308615786275428,0.316790141849467,2.39,6857.94680246046,58.6515095036233,15.2244310349333,49.2459392788849,85.0857090571463,74.7943092176828,41.1835370087672,57.8298085253828,78.9148390916155,66.9335028145739,15.2244310349333,R8
0.408,0.592,0.308615200388865,0.316789283563229,2.39,6857.99310292688,58.740144915387,15.400655395007,49.3557612177075,85.1281695433179,74.8310708620194,41.3018354797031,57.9250756647055,78.9754965108735,67.0030946497624,15.400655395007,R8
0.409,0.591,0.308614614505477,0.316788425281643,2.39,6858.03940396407,58.8287808338183,15.5769012734831,49.4655822296082,85.1706268363769,74.8678178668016,41.4201367515025,58.0203448849326,79.0361488372654,67.0726879905761,15.5769012734831,R8
0.41,0.59,0.308614028625263,0.316787567004706,2.39,6858.08570569783,58.9174172378752,15.7531686731663,49.5754023108891,85.2130809220499,74.9045501865578,41.5384408112864,58.1156161840411,79.0967959942255,67.1422828207856,15.7531686731663,R8
0.411,0.589,0.308613442748224,0.316786708732421,2.39,6858.13200800325,59.0060541072684,15.9294575988986,49.6852214587647,85.2555317855854,74.9412677776241,41.6567476478016,58.2108895605887,79.1574379035683,67.2118791253158,15.9294575988986,R8
0.412,0.588,0.30861285687436,0.316785850464786,2.39,6858.17831099237,59.0946914206084,16.1057680535794,49.7950396695324,85.2979794123583,74.9779705941575,41.7750572480646,58.3061650125558,79.2180744868863,67.2814768877333,16.1057680535794,R8
0.413,0.587,0.30861227100367,0.316784992201802,2.39,6858.22461454593,59.1833291571792,16.2821000419936,49.9048569403273,85.340423787285,75.0146585919617,41.8933696005781,58.4014425384521,79.2787056641779,67.3510760926578,16.2821000419936,R8
0.414,0.586,0.308611685136155,0.316784133943468,2.39,6858.27091873585,59.2719672953334,16.4584535673517,50.0146732675389,85.3828648953463,75.0513317250306,42.0116846924294,58.4967221363224,79.3393313550669,67.4206767235811,16.4584535673517,R8
0.415,0.585,0.308611099271814,0.316783275689785,2.39,6858.31722359542,59.3606058133608,16.6348286331761,50.1244886476764,85.4253027213031,75.0879899474207,42.1300025108604,58.5920038042802,79.3999514781128,67.4902787640569,16.6348286331761,R8
0.416,0.584,0.308610513410648,0.316782417440753,2.39,6858.36352907005,59.4492446896733,16.8112252436986,50.2343030775455,85.4677372496253,75.1246332136638,42.2483230436155,58.6872875406348,79.4605659506586,67.5598821979441,16.8112252436986,R8
0.417,0.583,0.308609927552656,0.31678155919637,2.39,6858.40983518566,59.5378839021626,16.9876434024849,50.3441165536195,85.5101684647054,75.1612614773759,42.3666462777784,58.782573343485,79.5211746893079,67.6294870085433,16.9876434024849,R8
0.418,0.582,0.308609341697839,0.316780700956638,2.39,6858.45614189131,59.6265234287956,17.1640831137209,50.4539290726319,85.5525963506534,75.1978746925575,42.4849722008532,58.8778612110976,79.5817776094474,67.6990931794027,17.1640831137209,R8
0.419,0.581,0.308608755846196,0.316779842721557,2.39,6858.50244927908,59.7151632467767,17.3405443804172,50.5637406307519,85.5950208915787,75.2344728117718,42.603300799248,58.9731511413785,79.6423746258776,67.7687006931899,17.3405443804172,R8
0.42,0.58,0.308608169997728,0.316778984491126,2.39,6858.54875720115,59.803803333998,17.5170272075352,50.6735512250081,85.637442071093,75.271055789306,42.7216320609156,59.0684431327903,79.7029656516839,67.838309533652,17.5170272075352,R8
0.421,0.579,0.308607584152434,0.316778126265345,2.39,6858.59506582323,59.892443666936,17.6935315974654,50.7833608512367,85.6798598730205,75.3076235766042,42.8399659715339,59.1637371830285,79.7635505998246,67.9079196827743,17.6935315974654,R8
0.422,0.578,0.308606998310314,0.316777268044214,2.39,6858.6413750412,59.9810842228635,17.8700575547984,50.8931695062423,85.7222742806441,75.3441761270736,42.9583025185304,59.2590332904144,79.8241293814263,67.977531123778,17.8700575547984,R8
0.423,0.577,0.308606412471369,0.316776409827734,2.39,6858.6876849013,60.069724978251,18.0466050828836,51.0029771862385,85.7646852772433,75.3807133926267,43.0766416881806,59.3543314528925,79.8847019069897,68.0471438389533,18.0466050828836,R8
0.424,0.576,0.308605826635598,0.316775551615903,2.39,6858.73399539185,60.1583659095549,18.2231741855373,51.1127838876242,85.8070928458227,75.4172353253846,43.194983467045,59.4496316685276,79.9452680857645,68.1167578107333,18.2231741855373,R8
0.425,0.575,0.308605240803002,0.316774693408723,2.39,6858.78030654595,60.2470069928239,18.3997648662017,51.2225896066001,85.8494969692446,75.4537418768367,43.3133278412581,59.5449339352556,80.0058278260315,68.186373021163,18.3997648662017,R8
0.426,0.574,0.308604654973579,0.316773835206193,2.39,6858.82661823723,60.3356482044722,18.5763771296154,51.3323943399242,85.8918976299606,75.4902329995201,43.4316747979331,59.6402382513777,80.066381034498,68.2559894529488,18.5763771296154,R8
0.427,0.573,0.308604069147331,0.316772977008313,2.39,6858.8729306225,60.4242895195952,18.7530109781878,51.4421980832697,85.9342948105736,75.5267086433746,43.5500243221192,59.7355446144991,80.1269276175629,68.3256070871744,18.7530109781878,R8
0.428,0.572,0.308603483324257,0.316772118815083,2.39,6858.91924363515,60.5129309138903,18.9296664161502,51.5520008331056,85.9766884931901,75.5631687599104,43.6683764002833,59.8308530227393,80.1874674798315,68.395225905912,18.9296664161502,R8
0.429,0.571,0.308602897504357,0.316771260626503,2.39,6858.965557229,60.6015723627262,19.10634344756,51.661802585794,86.0190786597285,75.5996133001928,43.7867310186244,59.9261634741462,80.2480005247994,68.4648458909646,19.10634344756,R8
0.43,0.57,0.308602311687632,0.316770402442573,2.39,6859.0118715082,60.6902138406488,19.2830420752281,51.7716033371006,86.0614652920818,75.6360422137833,43.9050881621903,60.0214759663929,80.3085266552217,68.5344670231919,19.2830420752281,R8
0.431,0.569,0.30860172587408,0.316769544263293,2.39,6859.0581863701,60.7788553227327,19.4597623036563,51.8814030835278,86.1038483716556,75.6724554516693,44.0234478173262,60.1167904976246,80.3690457720508,68.604089284351,19.4597623036563,R8
0.432,0.568,0.308601140063703,0.316768686088662,2.39,6859.1045018838,60.8674967831392,19.6365041359264,51.9912018209026,86.1462278798513,75.7088529631458,44.1418099690666,60.212107065555,80.4295577755222,68.6737126551433,19.6365041359264,R8
0.433,0.567,0.3086005542565,0.316767827918682,2.39,6859.1508180191,60.9561381961442,19.8132675759263,52.100999545386,86.1886037977143,75.7452346980516,44.2601746030089,60.307425668116,80.4900625643442,68.7433371166064,19.8132675759263,R8
0.434,0.566,0.308599968452471,0.316766969753351,2.39,6859.19713476243,61.0447795356933,19.9900526273956,52.210796253042,86.2309761060814,75.7816006058058,44.3785417045031,60.4027463031771,80.5505600360199,68.8129626495216,19.9900526273956,R8
0.435,0.565,0.308599382651615,0.31676611159267,2.39,6859.2434521806,61.133420775156,20.166859293408,52.3205919395973,86.2733447856546,75.8179506348846,44.49691125822,60.4980689683969,80.6110500870125,68.8825892340738,20.166859293408,R8
0.436,0.564,0.308598796853934,0.316765253436639,2.39,6859.28977015747,61.2220618883232,20.3436875785265,52.4303866014254,86.3157098166655,75.8542847349888,44.6152832499548,60.5933936618474,80.6715326119566,68.9522168512202,20.3436875785265,R8
0.437,0.563,0.308598211059427,0.316764395285257,2.39,6859.33608879986,61.3107028478602,20.5205374854759,52.5401802340318,86.3580711793879,75.8906028536964,44.7336576638402,60.6887203810466,80.7320075048243,69.0218454805786,20.5205374854759,R8
0.438,0.562,0.308597625268094,0.316763537138525,2.39,6859.3824080808,61.3993436266593,20.6974090180646,52.6499728333787,86.4004288536756,75.9269049394037,44.8520344847945,60.7840491238138,80.7924746578631,69.0914751022805,20.6974090180646,R8
0.439,0.561,0.308597039479935,0.316762678996443,2.39,6859.42872799055,61.4879841972618,20.8743021799543,52.7597643953329,86.4427828191591,75.9631909400722,44.9704136974807,60.8793798878981,80.8529339620163,69.1611056961807,20.8743021799543,R8
0.44,0.56,0.308596453694949,0.31676182085901,2.39,6859.47504848605,61.5766245320466,21.0512169750674,52.8695549158406,86.4851330551674,75.999460803652,45.0887952866579,60.9747126711143,80.9133853067545,69.2307372421189,21.0512169750674,R8
0.441,0.559,0.308595867913137,0.316760962726227,2.39,6859.52136963191,61.6652646026897,21.2281534064345,52.9793443904132,86.5274795409163,76.0357144769079,45.2071792362022,61.0700474709873,80.9738285804633,69.300369719193,21.2281534064345,R8
0.442,0.558,0.3085952821345,0.316760104598093,2.39,6859.5676914572,61.7539043807054,21.4051114773633,53.0891328146509,86.5698222553074,76.0719519066094,45.3255655301006,61.1653842851135,81.0342636700094,69.3700031064884,21.4051114773633,R8
0.443,0.557,0.308594696359036,0.316759246474609,2.39,6859.61401387565,61.8425438377439,21.5820911920995,53.1989201845454,86.6121611768332,76.1081730401769,45.4439541529867,61.2607231113346,81.0946904604788,69.4396373834961,21.5820911920995,R8
0.444,0.556,0.308594110586746,0.316758388355774,2.39,6859.66033687753,61.9311829448605,21.7590925542503,53.3087064957625,86.6544962838113,76.144377824105,45.5623450888276,61.3560639472914,81.1551088357204,69.5092725291153,21.7590925542503,R8
0.445,0.555,0.30859352481763,0.316757530241588,2.39,6859.70666051994,62.0198216725451,21.9361155668641,53.4184917436792,86.6968275543746,76.1805662040329,45.6807383209849,61.4514067904359,81.2155186782862,69.5789085217031,21.9361155668641,R8
0.446,0.554,0.308592939051687,0.316756672132052,2.39,6859.75298481584,62.1084599911422,22.1131602333351,53.528275923796,86.7391549663189,76.2167381256655,45.7991338329835,61.5467516383037,81.2759198690936,69.6485453396414,22.1131602333351,R8
0.447,0.553,0.308592353288918,0.316755814027165,2.39,6859.79930975887,62.1970978707509,22.2902265572109,53.63805903164,86.7814784971295,76.2528935345653,45.9175316083277,61.642098488453,81.3363122874691,69.7181829612112,22.2902265572109,R8
0.448,0.552,0.308591767529323,0.316754955926928,2.39,6859.84563525801,62.2857352814697,22.4673145427188,53.7478410630151,86.8237981238998,76.2890323766828,46.0359316309578,61.7374473386211,81.396695810934,69.7878213649284,22.4673145427188,R8
0.449,0.551,0.308591181772902,0.316754097831339,2.39,6859.89196146934,62.3743721921293,22.6444241920478,53.8576220127618,86.8661138237481,76.3251545956259,46.1543338829636,61.8327981859223,81.4570703161436,69.8574605278208,22.6444241920478,R8
0.45,0.55,0.308590596019654,0.3167532397404,2.39,6859.93828824567,62.4630085723823,22.821555509865,53.9674018768057,86.9084255731036,76.3612601371932,46.272738348369,61.9281510281795,81.517435677266,69.9271004282765,22.821555509865,R8
0.451,0.549,0.30859001026958,0.31675238165411,2.39,6859.9846157047,62.5516443905362,22.9987084986481,54.0771806500407,86.9507333484384,76.3973489446871,46.3911450092229,62.0235058625502,81.5777917676022,69.9967410431003,22.9987084986481,R8
0.452,0.548,0.308589424522679,0.316751523572469,2.39,6860.03094379455,62.6402796152032,23.175883162257,54.1869583279512,86.9930371256969,76.4334209624963,46.5095538485839,62.1188626865754,81.6381384583032,70.066382349762,23.175883162257,R8
0.453,0.547,0.308588838778952,0.316750665495477,2.39,6860.0772724536,62.7289142146852,23.3530795046227,54.2967349060112,87.0353368805035,76.4694761347736,46.6279648494164,62.2142214977891,81.6984756188008,70.1360243255641,23.3530795046227,R8
0.454,0.546,0.308588253038399,0.316749807423134,2.39,6860.12360174707,62.81754815645,23.530297528616,54.4065103791769,87.0776325883257,76.505514404309,46.7463779936591,62.3095822933982,81.7588031171827,70.2056669469324,23.530297528616,R8
0.455,0.545,0.308587667301019,0.31674894935544,2.39,6860.16993167435,62.9061814078605,23.7075372376372,54.5162847426029,87.1199242242289,76.5415357141148,46.8647932635421,62.4049450707402,81.8191208196069,70.2753101904107,23.7075372376372,R8
0.456,0.544,0.308587081566812,0.316748091292395,2.39,6860.2162622411,62.9948139358928,23.8847986350235,54.6260579913759,87.1622117629561,76.5775400068306,46.9832106410889,62.5003098271083,81.8794285904732,70.3449540322855,23.8847986350235,R8
0.457,0.543,0.308586495835779,0.316747233233999,2.39,6860.26259347123,63.0834457070877,24.0620817239486,54.7358301204665,87.2044951789479,76.6135272246219,47.1016301080311,62.5956765597237,81.939726292439,70.4145984485224,24.0620817239486,R8
0.458,0.542,0.30858591010792,0.316746375180252,2.39,6860.30892528022,63.1720766880269,24.2393865084687,54.8456011252022,87.2467744461619,76.6494973102238,47.220051646679,62.6910452660428,82.0000137860158,70.4842434154209,24.2393865084687,R8
0.459,0.541,0.308585324383233,0.316745517131154,2.39,6860.35525775409,63.2607068442642,24.4167129912166,54.9553710002267,87.2890495384373,76.6854502046335,47.3384752380047,62.7864159430805,82.0602909303543,70.55388890816,24.4167129912166,R8
0.46,0.54,0.308584738661721,0.316744659086704,2.39,6860.40159081866,63.3493361415816,24.5940611761341,55.0651397407289,87.3313204290536,76.7213858498477,47.4569008639113,62.8817885882122,82.1205575822514,70.6235349025136,24.5940611761341,R8
0.461,0.539,0.308584152943381,0.316743801046904,2.39,6860.44792453776,63.4379645448465,24.7714310660135,55.1749073413402,87.3735870911209,76.7573041863838,47.5753285051801,62.9771631984475,82.180813596981,70.6931813733052,24.7714310660135,R8
0.462,0.538,0.308583567228215,0.316742943011752,2.39,6860.49425886129,63.5265920189658,24.9488226645702,55.2846737970608,87.4158494972369,76.7932051553703,47.6937581432017,63.0725397710429,82.2410588275387,70.7628282957046,24.9488226645702,R8
0.463,0.537,0.308582981516222,0.316742084981248,2.39,6860.54059380348,63.6152185282009,25.1262359749774,55.3944391026027,87.4581076197188,76.8290886970664,47.8121897587474,63.1679183030691,82.301293125119,70.8324756443066,25.1262359749774,R8
0.464,0.536,0.308582395807403,0.316741226955394,2.39,6860.58692939119,63.7038440363598,25.3036710002866,55.5042032525815,87.5003614305276,76.8649547512899,47.9306233323262,63.2632987915378,82.3615163389383,70.9021233933904,25.3036710002866,R8
0.465,0.535,0.308581810101756,0.316740368934188,2.39,6860.633265647,63.792468506854,25.4811277435714,55.613966241573,87.5426109012419,76.9008032575523,48.0490588442969,63.3586812334394,82.4217283161499,70.9717715170074,25.4811277435714,R8
0.466,0.534,0.308581224399283,0.31673951091763,2.39,6860.67960246183,63.8810919031795,25.6586062089795,55.7237280645946,87.5848560028824,76.9366341561124,48.1674962757344,63.4540656260495,82.4819289014386,71.0414199896442,25.6586062089795,R8
0.467,0.533,0.308580638699984,0.316738652905721,2.39,6860.72593991344,63.9697141876947,25.8361063991021,55.8334887159127,87.6270967063237,76.9724473853378,48.2859356062523,63.5494519661622,82.542117937911,71.1110687845561,25.8361063991021,R8
0.468,0.532,0.308580053003857,0.316737794898461,2.39,6860.77227805874,64.0583353224069,26.0136283166798,55.9432481898164,87.6693329820153,77.0082428834204,48.4043768154228,63.6448402505916,82.602295266461,71.1807178748476,26.0136283166798,R8
0.469,0.531,0.308579467310904,0.316736936895849,2.39,6860.81861675697,64.1469552696403,26.1911719660813,56.0530064812801,87.711564799746,77.0440205898412,48.5228198839769,63.7402304765914,82.662460725212,71.2503672343937,26.1911719660813,R8
0.47,0.53,0.308578881621123,0.316736078897886,2.39,6860.86495614417,64.2355739902192,26.3687373493658,56.1627635841892,87.7537921292514,77.0797804414353,48.6412647905661,63.8356226407213,82.7226141508663,71.3200168353579,26.3687373493658,R8
0.471,0.529,0.308578295934516,0.316735220904571,2.39,6860.91129610702,64.3241914454683,26.5463244706395,56.2725194933021,87.7960149395257,77.1155223767526,48.7597115153525,63.9310167401043,82.7827553771333,71.3896666509361,26.5463244706395,R8
0.472,0.528,0.308577710251082,0.316734362915904,2.39,6860.95763671876,64.4128075955432,26.7239333324525,56.3822742026274,87.8382331993817,77.1512463324372,48.878160037027,64.0264127713813,82.8428842359578,71.4593166530803,26.7239333324525,R8
0.473,0.527,0.30857712457082,0.316733504931885,2.39,6861.00397801365,64.5014224002835,26.9015639376568,56.492027706259,87.8804468771466,77.1869522451014,48.9966103343518,64.1218107312547,82.9030005568303,71.5289668136676,26.9015639376568,R8
0.474,0.526,0.308576538893732,0.316732646952515,2.39,6861.05031983353,64.5900358197923,27.079216290687,56.6017799989543,87.9226559404596,77.2226400525865,49.1150623872001,64.2172106168522,82.9631041662928,71.598617105306,27.079216290687,R8
0.475,0.525,0.308575953219817,0.316731788977793,2.39,6861.09666235974,64.6786478123968,27.2568903931443,56.7115310741412,87.9648603569531,77.2583096895627,49.2335161729279,64.3126124244514,83.0231948894499,71.668267498544,27.2568903931443,R8
0.476,0.524,0.308575367549075,0.31673093100772,2.39,6861.14300545806,64.7672583371439,27.4345862492295,56.8212809263685,88.0070600933905,77.2939610929484,49.3519716708404,64.4080161510551,83.0832725480253,71.7379179652936,27.4345862492295,R8
0.477,0.523,0.308574781881506,0.316730073042294,2.39,6861.18934925095,64.8558673516053,27.6123038609991,56.9310295491642,88.0492551164126,77.3295941971656,49.4704288582834,64.503421793009,83.1433369619708,71.8075684758376,27.6123038609991,R8
0.478,0.522,0.30857419621711,0.316729215081517,2.39,6861.23569362396,64.9444748137572,27.790043232458,57.0407769368824,88.0914453918728,77.3652089382306,49.5888877140102,64.5988293471953,83.2033879480052,71.8772190014028,27.790043232458,R8
0.479,0.521,0.308573610555886,0.316728357125387,2.39,6861.28203860291,65.0330806805298,27.967804366429,57.150523083292,88.1336308853352,77.4008052506216,49.7073482156039,64.6942388101195,83.2634253206475,71.9468695121901,27.967804366429,R8
0.48,0.52,0.308573024897836,0.316727499173906,2.39,6861.32838428026,65.121684908082,28.1455872651622,57.2602679818468,88.1758115619564,77.436383067896,49.8258103399827,64.7896501780911,83.3234488919753,72.0165199777457,28.1455872651622,R8
0.481,0.519,0.308572439242958,0.316726641227073,2.39,6861.37473054791,65.2102874528133,28.3233919325589,57.3700116266907,88.2179873861379,77.4719423248895,49.944274065213,64.8850634478615,83.3834584707875,72.0861703683673,28.3233919325589,R8
0.482,0.518,0.308571853591253,0.316725783284887,2.39,6861.42107739767,65.2988882702078,28.5012183716705,57.4797540115254,88.2601583219045,77.5074829552353,50.0627393684597,64.9804786159074,83.4434538634425,72.155820653517,28.5012183716705,R8
0.483,0.517,0.308571267942721,0.31672492534735,2.39,6861.46742495657,65.3874873146906,28.6790665844063,57.5894951294867,88.3023243329466,77.5430048910581,50.1812062257466,65.0758956783367,83.5034348739024,72.2254708016411,28.6790665844063,R8
0.484,0.516,0.308570682297362,0.316724067414461,2.39,6861.51377307646,65.4760845411883,28.8569365749447,57.69923497467,88.3444853820679,77.5785080663858,50.2996746147465,65.1713146318821,83.5634013024976,72.2951207823115,28.8569365749447,R8
0.485,0.515,0.308570096655176,0.316723209486219,2.39,6861.56012185956,65.5646799031103,29.0348283453639,57.8089735401726,88.3866414318694,77.6139924127745,50.4181445111992,65.2667354726331,83.623352947403,72.3647705634666,29.0348283453639,R8
0.486,0.514,0.308569511016162,0.316722351562625,2.39,6861.60647128342,65.6532733537742,29.21274189876,57.9187108194825,88.4287924442435,77.6494578624336,50.5366158914645,65.3621581969392,83.683289603494,72.4344201133762,29.21274189876,R8
0.487,0.513,0.308568925380321,0.316721493643679,2.39,6861.65282136148,65.7418648457828,29.3906772379079,58.0284468058928,88.4709383805801,77.6849043468757,50.6550887314243,65.457582801021,83.7432110627646,72.5040693997962,29.3906772379079,R8
0.488,0.512,0.308568339747652,0.316720635729381,2.39,6861.69917199153,65.8304543315938,29.5686343665295,58.1381814930543,88.5130792015534,77.7203317981825,50.7735630075107,65.5530092813366,83.8031171138305,72.5737183907532,29.5686343665295,R8
0.489,0.511,0.308567754118156,0.31671977781973,2.39,6861.74552327225,65.9190417623021,29.7466132866539,58.2479148738004,88.5552148675321,77.7557401463697,50.8920386945546,65.6484376338189,83.8630075427989,72.6433670528887,29.7466132866539,R8
0.49,0.51,0.308567168491833,0.316718919914728,2.39,6861.7918752205,66.0076270887062,29.9246140009676,58.3576469411961,88.5973453381903,77.7911293217317,51.010515767697,65.7438678545517,83.9228821323846,72.7130153529309,29.9246140009676,R8
0.491,0.509,0.308566582868682,0.316718062014372,2.39,6861.83822776709,66.09621026132,30.1026365128597,58.4673776885574,88.6394705724996,77.8264992548747,51.1289942024213,65.8392999397841,83.9827406618472,72.7826632577161,30.1026365128597,R8
0.492,0.508,0.308565997248704,0.316717204118665,2.39,6861.88458093048,66.1847912296955,30.2806808249609,58.5771071087995,88.68159052894,77.8618498752741,51.2474739733706,65.9347338855129,84.0425829074364,72.8523107332696,30.2806808249609,R8
0.493,0.507,0.308565411631899,0.316716346227605,2.39,6861.93093474401,66.273369942691,30.4587469397637,58.6868351947079,88.7237051653983,77.8971811118719,51.3659550548335,66.0301696876475,84.1024086421164,72.9219577451886,30.4587469397637,R8
0.494,0.506,0.308564826018266,0.316715488341192,2.39,6861.97728916814,66.3619463487971,30.6368348603412,58.796561939264,88.7658144390353,77.9324928938068,51.4844374213421,66.125607342236,84.1622176352612,72.9916042590903,30.6368348603412,R8
0.495,0.505,0.308564240407805,0.316714630459427,2.39,6862.02364419357,66.4505203957302,30.8149445894955,58.9062873352633,88.8079183064176,77.9677851495499,51.6029210469634,66.2210468451979,84.2220096528781,73.061250240076,30.8149445894955,R8
0.496,0.504,0.308563654800517,0.316713772582309,2.39,6862.06999990835,66.5390920301679,30.993076129197,59.0160113750577,88.8500167235888,78.0030578063523,51.7214059048487,66.3164881921788,84.2817844577531,73.1308956523665,30.993076129197,R8
0.497,0.503,0.308563069196402,0.316712914709839,2.39,6862.11635618635,66.6276611989249,31.1712294831754,59.1257340517229,88.8921096456456,78.038310792824,51.8398919693362,66.4119313792892,84.3415418084726,73.2005404609331,31.1712294831754,R8
0.498,0.502,0.308562483595458,0.316712056842016,2.39,6862.16271318911,66.7162278470252,31.3494046527402,59.235455357179,88.9341970273926,78.073544034762,51.9583792125483,66.5073764018998,84.4012814608181,73.2701846288617,31.3494046527402,R8
0.499,0.501,0.308561897997687,0.316711198978841,2.39,6862.20907070554,66.8047919202173,31.5276016422881,59.3451752846599,88.9762788224528,78.1087574606412,52.0768676088652,66.6028232562311,84.4610031657861,73.339828120814,31.5276016422881,R8
0.5,0.5,0.308561312403089,0.316710341120313,2.39,6862.25542893792,66.8933533619511,31.7058204527431,59.4548938257718,89.0183549842992,78.1439509950681,52.1953571295905,66.6982719374537,84.5207066717905,73.4094708988917,31.7058204527431,R8
0.501,0.499,0.308560726811663,0.316709483266432,2.39,6862.3017877783,66.9819121161384,31.8840610875942,59.5646109732013,89.0604254652761,78.1791245648015,52.3138477478548,66.7937224414405,84.5803917225027,73.4791129264359,31.8840610875942,R8
0.502,0.498,0.308560141223409,0.316708625417198,2.39,6862.34814720744,67.0704681256126,32.0623235495637,59.6743267192139,89.1024902171235,78.2142780954326,52.4323394359092,66.8891747637981,84.6400580579345,73.5487541659255,32.0623235495637,R8
0.503,0.497,0.308559555638327,0.316707767572611,2.39,6862.39450732326,67.1590213320066,32.2406078403751,59.7840410555597,89.1445491909913,78.2494115111414,52.5508321649271,66.9846288997988,84.6997054144427,73.6183945788171,32.2406078403751,R8
0.504,0.496,0.308558970056418,0.316706909732672,2.39,6862.44086804283,67.2475716768813,32.4189139632358,59.8937539745735,89.1866023370392,78.2845247371725,52.6693259070194,67.080084845096,84.7593335237968,73.6880341271175,32.4189139632358,R8
0.505,0.495,0.308558384477681,0.31670605189738,2.39,6862.48722936504,67.336119100707,32.5972419206455,60.0034654681992,89.2286496047632,78.319617697653,52.7878206334558,67.1755425950974,84.8189421138584,73.7576727719836,32.5972419206455,R8
0.506,0.494,0.308557798902116,0.316705194066735,2.39,6862.53359137181,67.4246635428443,32.7755917143847,60.1131755279826,89.2706909429863,78.3546903155731,52.9063163146436,67.2710021449517,84.8785309085105,73.8273104737222,32.7755917143847,R8
0.507,0.493,0.308557213329723,0.316704336240736,2.39,6862.5799539726,67.5132049425109,32.9539633476478,60.2228841460248,89.3127262995045,78.389742514912,53.0248129218692,67.3664634901727,84.9380996268362,73.8969471931198,32.9539633476478,R8
0.508,0.492,0.308556627760502,0.316703478419385,2.39,6862.62631716032,67.6017432377852,33.1323568229115,60.3325913140246,89.3547556214073,78.4247742185061,53.1433104255428,67.4619266260148,84.9976479837771,73.9665828900976,33.1323568229115,R8
0.509,0.491,0.308556042194454,0.316702620602681,2.39,6862.67268104467,67.6902783654648,33.3107721416405,60.4422970231499,89.3967788551118,78.4597853477672,53.2618087949867,67.5573915473936,85.0571756901461,74.036217523523,33.3107721416405,R8
0.51,0.49,0.308555456631578,0.316701762790624,2.39,6862.71904554867,67.7788102622166,33.4892093068422,60.5520012651774,89.4387959459377,78.494775825206,53.3803080004744,67.6528582496202,85.1166824516675,74.1058510528078,33.4892093068422,R8
0.511,0.489,0.308554871071873,0.316700904983213,2.39,6862.76541062002,67.8673388637498,33.6676683212859,60.6617040316931,89.4808068383768,78.5297455726706,53.4988080117995,67.7483267278882,85.1761679694968,74.1754834367876,33.6676683212859,R8
0.512,0.488,0.308554285515341,0.31670004718045,2.39,6862.81177635848,67.9558641043117,33.8461491864411,60.7714053136206,89.5228114762395,78.5646945102799,53.6173087974089,67.8437969769627,85.235631940501,74.2451146330395,33.8461491864411,R8
0.513,0.487,0.308553699961981,0.316699189382333,2.39,6862.85814275559,68.0443859176732,34.0246519046584,60.8811051021912,89.5648098022978,78.5996225585912,53.7358103261639,67.9392689918112,85.2950740564163,74.3147445992556,34.0246519046584,R8
0.514,0.486,0.308553114411792,0.316698331588863,2.39,6862.90450973557,68.1329042369535,34.2031764788213,60.9908033887908,89.6068017583182,78.634529638256,53.8543125670499,68.0347427675025,85.3544940038731,74.3843732930164,34.2031764788213,R8
0.515,0.485,0.308552528864776,0.316697473800039,2.39,6862.95087739786,68.221418993674,34.3817229103158,61.1005001640463,89.6487872853626,78.6694156679951,53.9728154875452,68.1302182986235,85.4138914649988,74.454000670505,34.3817229103158,R8
0.516,0.484,0.308551943320932,0.316696616015863,2.39,6862.99724560625,68.309930119319,34.5602912024766,61.2101954193686,89.6907663232329,78.7042805680197,54.0913190563802,68.2256955802643,85.4732661161369,74.5236266886728,34.5602912024766,R8
0.517,0.483,0.308551357780259,0.316695758236333,2.39,6863.04361452233,68.3984375432702,34.7388813561071,61.3198891449492,89.7327388111513,78.7391242555853,54.2098232399414,68.3211746067327,85.5326176292842,74.5932513024104,34.7388813561071,R8
0.518,0.482,0.308550772242759,0.316694900461449,2.39,6863.08998400283,68.4869411951044,34.9174933745439,61.4295813320183,89.7747046869459,78.7739466500051,54.3283280063287,68.4166553730096,85.5919456702539,74.6628744677298,34.9174933745439,R8
0.519,0.481,0.30855018670843,0.316694042691213,2.39,6863.1363541632,68.5754410024106,35.0961272589192,61.5392719707315,89.8166638877778,78.8087476679548,54.4468333215484,68.5121378733842,85.6512499001906,74.7324961387783,35.0961272589192,R8
0.52,0.48,0.308549601177273,0.316693184925622,2.39,6863.18272494967,68.6639368924154,35.2747830117524,61.648961051768,89.8586163495481,78.8435272270386,54.5653391523995,68.6076221024897,85.7105299742368,74.8021162700897,35.2747830117524,R8
0.521,0.479,0.308549015649288,0.316692327164679,2.39,6863.22909631984,68.7524287912719,35.4534606354398,61.7586485656616,89.9005620071248,78.8782852442722,54.6838454652452,68.7031080548634,85.7697855419388,74.8717348156298,35.4534606354398,R8
0.522,0.478,0.308548430124475,0.316691469408381,2.39,6863.27546838341,68.8409166234993,35.6321601310688,61.8683345022616,89.9425007945042,78.913021634913,54.8023522250638,68.7985957246037,85.8290162475417,74.9413517280373,35.6321601310688,R8
0.523,0.477,0.308547844602833,0.316690611656731,2.39,6863.3218410102,68.9294003134696,35.8108815017044,61.9780188522047,89.9844326442615,78.947736315727,54.9208593980872,68.8940851063246,85.8882217287523,75.0109669606949,35.8108815017044,R8
0.524,0.476,0.308547259084364,0.316689753909726,2.39,6863.36821429988,69.0178797835834,35.9896247484532,62.0877016051535,90.0263574881667,78.9824292010595,55.0393669486256,68.9895761940101,85.9474016179624,75.0805804652362,35.9896247484532,R8
0.525,0.475,0.308546673569066,0.316688896167368,2.39,6863.41458822914,69.1063549556054,36.1683898734191,62.1973827511183,90.0682752566795,79.0171002057832,55.1578748414448,69.0850689818712,86.0065555411245,75.1501921934027,36.1683898734191,R8
0.526,0.474,0.308546088056939,0.316688038429656,2.39,6863.46096275409,69.1948257502495,36.3471768788456,62.3070622800668,90.110185879068,79.0517492444371,55.2763830410648,69.1805634640929,86.0656831179197,75.2198020965009,36.3471768788456,R8
0.527,0.473,0.308545502547985,0.316687180696591,2.39,6863.50733789079,69.2832920868499,36.5259857664381,62.4167401816249,90.1520892834907,79.0863762305527,55.3948915112225,69.2760596346477,86.1247839618649,75.2894101249575,36.5259857664381,R8
0.528,0.472,0.308544917042201,0.316686322968172,2.39,6863.55371369767,69.3717538834048,36.7048165375129,62.5264164451397,90.1939853969477,79.1209810767947,55.5134002149762,69.3715574873213,86.1838576801312,75.3590162284149,36.7048165375129,R8
0.529,0.471,0.30854433153959,0.316685465244399,2.39,6863.60009016081,69.4602110569974,36.8836691939539,62.636091060107,90.2358741451012,79.1555636959196,55.6319091154767,69.4670570160069,86.2429038730889,75.428620356325,36.8836691939539,R8
0.53,0.47,0.30854374604015,0.316684607525272,2.39,6863.64646718227,69.5486635238169,37.062543738322,62.745764016215,90.2777554522374,79.1901240008646,55.7504181760367,69.5625582147183,86.3019221341359,75.4982224580051,37.062543738322,R8
0.531,0.469,0.308543160543882,0.316683749810791,2.39,6863.69284489867,69.6371111979107,37.2414401711661,62.8554353021459,90.3196292416587,79.2246619020879,55.8689273579892,69.6580610768231,86.3609120504727,75.5678224809416,37.2414401711661,R8
0.532,0.468,0.308542575050785,0.316682892100956,2.39,6863.73922320603,69.7255539929886,37.4203584950211,62.9651049073562,90.3614954350303,79.259177311533,55.9874366238714,69.7535655961945,86.4198732016036,75.6374203732985,37.4203584950211,R8
0.533,0.467,0.30854198956086,0.316682034395768,2.39,6863.78560212423,69.8139918209963,37.5992987113434,63.0747728207109,90.4033539528288,79.2936701395813,56.1059459349688,69.849071766321,86.4788051602357,75.7070160819803,37.5992987113434,R8
0.534,0.466,0.308541404074106,0.316681176695225,2.39,6863.83198171035,69.9024245924238,37.7782608212388,63.1844390308028,90.4452047142063,79.3281402957681,56.2244552518982,69.9445795805199,86.5377074918806,75.776609553076,37.7782608212388,R8
0.535,0.465,0.308540818590524,0.316680318999328,2.39,6863.87836189639,69.9908522169055,37.9572448268276,63.2941035265608,90.4870476367404,79.3625876901425,56.3429645356834,70.0400890323274,86.5965797542408,75.8462007327207,37.9572448268276,R8
0.536,0.464,0.308540233110113,0.316679461308078,2.39,6863.92474276875,70.079274602117,38.1362507288867,63.4037662961979,90.5288826367737,79.3970122309249,56.4614737458821,70.1356001148206,86.6554214978573,75.915789565593,38.1362507288867,R8
0.537,0.463,0.308539647632873,0.316678603621473,2.39,6863.97112421273,70.1676916551194,38.3152785298539,63.5134273285477,90.570709628915,79.4314138274701,56.5799828429568,70.2311128214764,86.7142322649299,75.9853759968051,38.3152785298539,R8
0.538,0.462,0.308539062158805,0.316677745939514,2.39,6864.01750627851,70.2561032809213,38.4943282307318,63.6230866116844,90.6125285264887,79.4657923872137,56.6984917858217,70.3266271452856,86.7730115902075,76.0549599699367,38.4943282307318,R8
0.539,0.461,0.308538476687908,0.316676888262201,2.39,6864.06388897773,70.3445093832341,38.6733998328087,63.7327441336841,90.6543392412375,79.5001478173623,56.817000533191,70.4221430792412,86.8317590002298,76.1245414281183,38.6733998328087,R8
0.54,0.46,0.308537891220183,0.316676030589533,2.39,6864.11027236338,70.4329098641382,38.8524933369812,63.842399882326,90.6961416833872,79.5344800242257,56.9355090430506,70.5176606161468,86.8904740134011,76.1941203135866,38.8524933369812,R8
0.541,0.459,0.308537305755628,0.316675172921512,2.39,6864.15665626455,70.5213046250734,39.0316087459956,63.9520538460844,90.7379357612661,79.5687889154276,57.0540172744152,70.6131797492553,86.9491561390469,76.2636965690961,39.0316087459956,R8
0.542,0.458,0.308536720294246,0.316674315258136,2.39,6864.20304092009,70.6096935643688,39.2107460590936,64.0617060117444,90.7797213821108,79.6030743946057,57.1725251830884,70.7087004707328,87.0078048790472,76.3332701345273,39.2107460590936,R8
0.543,0.457,0.308536134836034,0.316673457599406,2.39,6864.24942616996,70.6980765803276,39.389905278842,64.171356367445,90.8214984509516,79.6373363681692,57.291032727062,70.8042227736155,87.0664197253456,76.4028409511898,39.389905278842,R8
0.544,0.456,0.308535549380993,0.316672599945321,2.39,6864.29581204068,70.7864535689411,39.5690864061874,64.2810049004642,90.8632668713536,79.6715747404033,57.4095398625997,70.8997466503941,87.1250001614413,76.4724089586853,39.5690864061874,R8
0.545,0.455,0.308534963929124,0.316671742295882,2.39,6864.34219851227,70.8748244247537,39.7482894424257,64.3906515981061,90.9050265450732,79.7057894154091,57.5280465457795,70.9952720935678,87.1835456615173,76.5419740961511,39.7482894424257,R8
0.546,0.454,0.308534378480426,0.316670884651089,2.39,6864.38858867608,70.9631890286438,39.9275143625146,64.500296435841,90.9467773762811,79.7399802706385,57.6465527113708,71.0907990879389,87.2420556991755,76.6115362853897,39.9275143625146,R8
0.547,0.453,0.308533793034899,0.316670027010941,2.39,6864.43497641916,71.0515472953184,40.1067612191348,64.6099394235144,90.988519254876,79.7741472600991,57.765058355216,71.1863276406952,87.3005297124473,76.6810954965648,40.1067612191348,R8
0.548,0.452,0.308533207592543,0.316669169375438,2.39,6864.4813647744,71.1398991024659,40.2860299876531,64.7195805364966,91.0302520812493,79.8082902605765,57.8835634114501,71.2818577365745,87.3589671554209,76.7506516503063,40.2860299876531,R8
0.549,0.451,0.308532622153359,0.316668311744581,2.39,6864.52775377995,71.2282443375686,40.4653206686834,64.8292197612261,91.0719757498272,79.8424091733658,58.0020678337319,71.3773893675285,87.4173674637353,76.8202046824503,40.4653206686834,R8
0.55,0.45,0.308532036717345,0.31666745411837,2.39,6864.57414336949,71.3165828867139,40.6446332636785,64.9388570843716,91.1136901529413,79.8765039000439,58.1205715758854,71.4729225256508,87.4757300625209,76.889754528619,40.6446332636785,R8
0.551,0.449,0.308531451284502,0.316666596496803,2.39,6864.62053360325,71.4049146336681,40.8239677729667,65.0484924919509,91.155395181087,79.9105743405389,58.2390745903621,71.568457202625,87.5340543668437,76.9593011229708,40.8239677729667,R8
0.552,0.448,0.308530865854831,0.316665738879883,2.39,6864.6669244833,71.4932394605489,41.0033241973223,65.158125970032,91.1970907226336,79.9446203946678,58.3575768294527,71.6639933901598,87.5923397809457,77.0288443991775,41.0033241973223,R8
0.553,0.447,0.30853028042833,0.316664881267607,2.39,6864.71331600631,71.5815572475845,41.1827025375108,65.2677575045267,91.2387766638461,79.9786419616873,58.4760782449413,71.7595310798683,87.6505856981665,77.0983842901291,41.1827025375108,R8
0.554,0.446,0.308529695005,0.316664023659977,2.39,6864.7597081532,71.6698678731132,41.3621027943812,65.3773870812283,91.2804528888224,80.012638940387,58.5945787881516,71.8550702632846,87.7087915006691,77.1679207279816,41.3621027943812,R8
0.555,0.445,0.308529109584842,0.316663166056992,2.39,6864.80610091122,71.7581712134593,41.5415249686769,65.487014685726,91.3221192794722,80.0466112288939,58.713078409807,71.9506109318127,87.7669565592683,77.2374536440173,41.5415249686769,R8
0.556,0.444,0.308528524167854,0.316662308458652,2.39,6864.85249427438,71.8464671428862,41.7209690610259,65.5966403033993,91.3637757154658,80.0805587246608,58.8315770600078,72.046153076723,87.8250802331696,77.306982968637,41.7209690610259,R8
0.557,0.443,0.308527938754037,0.316661450864957,2.39,6864.89888831989,71.9347555332625,41.9004350713032,65.7062639191285,91.4054220742876,80.1144813238313,58.9500746877195,72.1416966889583,87.8831618699329,77.3765086309387,41.9004350713032,R8
0.558,0.442,0.308527353343391,0.316660593275907,2.39,6864.94528298113,72.0230362548919,42.0799230005427,65.8158855181471,91.4470582308714,80.1483789231303,59.0685712422716,72.2372417596906,87.9412008045676,77.4460305599135,42.0799230005427,R8
0.559,0.441,0.308526767935916,0.316659735691503,2.39,6864.99167824761,72.1113091756995,42.2594328492475,65.9255050852811,91.4886840578143,80.1822514181926,59.187066672029,72.3327882798351,87.9991963598292,77.5155486833674,42.2594328492475,R8
0.56,0.44,0.308526182531611,0.316658878111743,2.39,6865.03807415065,72.1995741612372,42.4389646175076,66.0351226050069,91.5302994252971,80.2160987036704,59.3055609244641,72.4283362400733,88.0571478458968,77.585062927981,42.4389646175076,R8
0.561,0.439,0.308525597130477,0.316658020536628,2.39,6865.08447065201,72.2878310750696,42.6185183059491,66.1447380618636,91.5719042008857,80.249920674164,59.4240539468958,72.5238856311291,88.1150545597756,77.654573219894,42.6185183059491,R8
0.562,0.438,0.308525011732515,0.316657162966159,2.39,6865.13086782398,72.3760797780287,42.7980939141979,66.2543514397724,91.6134982497012,80.2837172227121,59.5425456852845,72.619436443323,88.1729157855126,77.7240794837258,42.7980939141979,R8
0.563,0.437,0.308524426337722,0.316656305400334,2.39,6865.17726565507,72.4643201289158,42.9776914425311,66.3639627227635,91.6550814341002,80.317488242415,59.6610360855103,72.7149886670479,88.2307307933547,77.7935816436034,42.9776914425311,R8
0.564,0.436,0.308523840946101,0.316655447839154,2.39,6865.22366404166,72.5525519844842,43.1573108919466,66.4735718950044,91.696653613591,80.3512336265067,59.7795250934298,72.8105422927895,88.2884988394209,77.8630796231845,43.1573108919466,R8
0.565,0.435,0.30852325555765,0.316654590282619,2.39,6865.27006311319,72.6407751981263,43.3369522614038,66.5831789395774,91.738214645225,80.3849532656042,59.8980126526831,72.9060973103172,88.3462191662843,77.9325733439151,43.3369522614038,R8
0.566,0.434,0.30852267017237,0.316653732730729,2.39,6865.31646278093,72.7289896215697,43.5166155516485,66.6927838401649,91.7797643828958,80.4186470515131,60.0164987077105,73.0016537098032,88.4038910014095,78.0020627274118,43.5166155516485,R8
0.567,0.433,0.308522084790261,0.316652875183484,2.39,6865.36286312117,72.8171951033362,43.6963007619633,66.8023865796143,91.821302677804,80.4523148739899,60.1349832011743,73.0972114808628,88.4615135578692,78.0715476934116,43.6963007619633,R8
0.568,0.432,0.308521499411322,0.316652017640883,2.39,6865.4092640347,72.9053914900071,43.8760078930553,66.9119871412073,91.8628293779139,80.4859566236071,60.2534660762241,73.1927706134018,88.5190860330741,78.1410281615731,43.8760078930553,R8
0.569,0.431,0.308520914035553,0.316651160102927,2.39,6865.4556656088,72.9935786247609,44.0557369439811,67.0215855073002,91.9043443283741,80.5195721887005,60.3719472740748,73.2883310967173,88.5766076094239,78.2105040495155,44.0557369439811,R8
0.57,0.43,0.308520328662956,0.316650302569616,2.39,6865.50206782235,73.0817563484584,44.2354879146519,67.1311816604255,91.9458473710382,80.5531614578486,60.4904267359591,73.3838929202216,88.6340774531296,78.2799752743925,44.2354879146519,R8
0.571,0.429,0.308519743293528,0.316649445040949,2.39,6865.54847066164,73.1699244991327,44.4152608048458,67.2407755828529,91.9873383445462,80.5867243188925,60.608904402346,73.4794560731559,88.6914947141732,78.3494417522486,44.4152608048458,R8
0.572,0.428,0.308519157927272,0.316648587516927,2.39,6865.59487408849,73.2580829120509,44.5950556144802,67.3503672567078,92.0288170841927,80.6202606592044,60.7273802131433,73.5750205446647,88.7488585258416,78.4189033981724,44.5950556144802,R8
0.573,0.427,0.308518572564185,0.316647729997549,2.39,6865.64127817332,73.3462314191343,44.7748723424789,67.459956663467,92.0702834220346,80.6537703645518,60.8458541067984,73.6705863234627,88.8061680047078,78.4883601255736,44.7748723424789,R8
0.574,0.426,0.308517987204269,0.316646872482816,2.39,6865.68768290052,73.4343698496473,44.9547109884228,67.5695437846806,92.1117371865273,80.6872533207431,60.9643260215876,73.7661533983189,88.8634222497014,78.5578118471965,44.9547109884228,R8
0.575,0.425,0.308517401847524,0.316646014972727,2.39,6865.73408825385,73.5224980297999,45.1345715518284,67.6791286016554,92.1531782025631,80.7207094129005,61.0827958950294,73.8617217578328,88.9206203419348,78.6272584746549,45.1345715518284,R8
0.576,0.424,0.308516816493949,0.316645157467283,2.39,6865.78049421103,73.6106157826998,45.314454032187,67.7887110954639,92.1946062913637,80.7541385254995,61.2012636639135,73.9572913904566,88.9777613442742,78.6966999184401,45.314454032187,R8
0.577,0.423,0.308516231143544,0.316644299966483,2.39,6865.82690083379,73.6987229279313,45.4943584281995,67.8982912466043,92.2360212705133,80.7875405416079,61.3197292636918,74.0528622842589,89.0348443011623,78.7661360874126,45.4943584281995,R8
0.578,0.422,0.30851564579631,0.316643442470328,2.39,6865.8733080684,73.7868192822571,45.6742847394727,68.0078690357475,92.2774229535859,80.8209153445582,61.4381926297858,74.148434427418,89.0918682376249,78.8355668898637,45.6742847394727,R8
0.579,0.421,0.308515060452246,0.316642584978817,2.39,6865.91971590299,73.8749046589353,45.8542329651786,68.1174444431372,92.3188111502611,80.8542628166245,61.5566536965374,74.2440078078349,89.148832159265,78.9049922326434,45.8542329651786,R8
0.58,0.42,0.308514475111352,0.31664172749195,2.39,6865.96612439654,73.9629788675265,46.0342031038038,68.2270174484803,92.3601856662572,80.8875828387667,61.6751123969977,74.3395824130522,89.2057350518657,78.9744120209884,46.0342031038038,R8
0.581,0.419,0.308513889773629,0.316640870009727,2.39,6866.01253351525,74.051041714455,46.2141951545493,68.3365880315546,92.4015463030077,80.9208752920068,61.7935686640028,74.4351582306545,89.2625758804808,79.0438261593836,46.2141951545493,R8
0.582,0.418,0.308513304439076,0.316640012532149,2.39,6866.05894327465,74.1390930023736,46.3942091161083,68.4461561716716,92.442892857736,80.954140056232,61.9120224292187,74.5307352479199,89.3193535893329,79.1132345507694,46.3942091161083,R8
0.583,0.417,0.308512719107693,0.316639155059214,2.39,6866.10535362477,74.227132530528,46.5742449876492,68.5557218481027,92.4842251231901,80.9873770111488,62.0304736238874,74.6263134520952,89.3760671010019,79.1826370971491,46.5742449876492,R8
0.584,0.416,0.30851213377948,0.316638297590924,2.39,6866.15176465862,74.3151600938619,46.7543027670394,68.6652850392896,92.5255428878094,81.0205860345297,62.1489221774355,74.7218928298777,89.432715316479,79.2520336984351,46.7543027670394,R8
0.585,0.415,0.308511548454437,0.316637440127278,2.39,6866.19817627536,74.4031754842386,46.9343824537074,68.7748457241076,92.5668459351439,81.053767005039,62.2673680196854,74.8174733682453,89.4892971137301,79.3214242542501,46.9343824537074,R8
0.586,0.414,0.308510963132565,0.316636582668276,2.39,6866.24458855163,74.4911784889088,47.1144840454813,68.8844038804577,92.6081340442322,81.0869197991116,62.3858110783941,74.913055053536,89.5458113481614,79.3908086618966,47.1144840454813,R8
0.587,0.413,0.308510377813863,0.316635725213918,2.39,6866.29100147533,74.579168891453,47.2946075408596,68.9939594862756,92.6494069891154,81.1200442931724,62.5042512809865,75.0086378720949,89.6022568513445,79.4601868177747,47.2946075408596,R8
0.588,0.412,0.30850979249833,0.316634867764204,2.39,6866.3374149374,74.667146471721,47.4747529390712,69.1035125195432,92.6906645386886,81.1531403637235,62.622688554606,75.1042218103037,89.658632430432,79.5295586174001,47.4747529390712,R8
0.589,0.411,0.308509207185968,0.316634010319134,2.39,6866.38382910733,74.7551110042717,47.6549202368768,69.2130629568775,92.7319064570764,81.1862078841557,62.741122823615,75.1998068536351,89.7149368685802,79.5989239533569,47.6549202368768,R8
0.59,0.41,0.308508621876776,0.316633152878708,2.39,6866.43024389362,74.8430622603747,47.8351094331713,69.3226107755566,92.7731325027553,81.2192467292987,62.8595540131412,75.2953929879881,89.771168922902,79.6682827181841,47.8351094331713,R8
0.591,0.409,0.308508036570754,0.316632295442925,2.39,6866.47665931844,74.9310000064503,48.0153205257791,69.4321559520971,92.8143424289184,81.2522567722642,62.9779820465949,75.3909801987594,89.8273273248615,79.7376348023282,48.0153205257791,R8
0.592,0.408,0.308507451267902,0.316631438011787,2.39,6866.52307535534,75.018924004596,48.1955535128445,69.5416984628657,92.8555359831016,81.2852378857986,63.0964068467168,75.4865684712387,89.8834107792103,79.8069800949919,48.1955535128445,R8
0.593,0.407,0.308506865968219,0.316630580585292,2.39,6866.56949202885,75.106834012091,48.3758083919751,69.6512382836958,92.8967129071646,81.3181899414448,63.2148283349102,75.5821577903555,89.939417963602,79.87631848358,48.3758083919751,R8
0.594,0.406,0.308506280671707,0.316629723163441,2.39,6866.61590933932,75.1947297815782,48.5560851608836,69.7607753901613,92.9378729370267,81.3511128101686,63.3332464317213,75.6777481408643,89.995347527733,79.9456498540668,48.5560851608836,R8
0.595,0.405,0.308505695378365,0.316628865746234,2.39,6866.66232727858,75.28261106089,48.7363838172485,69.8703097575193,92.9790158025182,81.3840063622244,63.4516610567149,75.7733395072975,90.0511980927014,80.014974090896,48.7363838172485,R8
0.596,0.404,0.308505110088192,0.31662800833367,2.39,6866.70874583024,75.3704775929308,48.9167043587192,69.9798413606931,93.0201412272147,81.416870467144,63.5700721284596,75.8689318739629,90.1069682503104,80.0842910769428,48.9167043587192,R8
0.597,0.403,0.30850452480119,0.31662715092575,2.39,6866.75516500232,75.4583291154286,49.0970467826211,70.0893701741472,93.0612489282934,81.4497049934614,63.6884795642942,75.9645252248564,90.1626565624379,80.1536006933173,49.0970467826211,R8
0.598,0.402,0.308503939517357,0.316626293522474,2.39,6866.80158480218,75.5461653609123,49.2774110861834,70.198896171979,93.1023386163265,81.4825098089131,63.8068832804749,76.0601195437197,90.2182615602324,80.222902819469,49.2774110861834,R8
0.599,0.401,0.308503354236694,0.316625436123841,2.39,6866.84800527839,75.6339860564188,49.4577972661639,70.3084193277458,93.1434099951373,81.5152847800854,63.9252831918867,76.155714813932,90.2737817434724,80.2921973329271,49.4577972661639,R8
0.6,0.4,0.308502768959201,0.316624578729852,2.39,6866.89442633694,75.721790924083,49.6382053204338,70.4179396151577,93.1844627613607,81.5480297739551,64.0436792132238,76.2513110189561,90.3292155793028,80.361484110274,49.6382053204338,R8
0.601,0.399,0.308502183684877,0.316623721340506,2.39,6866.94084804809,75.8095796798045,49.8186352453346,70.5274570069074,93.2254966046491,81.5807446553017,64.162071256966,76.3469081415788,90.3845615022517,80.430763025447,49.8186352453346,R8
0.602,0.398,0.308501598413723,0.316622863955803,2.39,6866.98727036954,75.8973520341945,49.9990870380614,70.6369714757134,93.266511207092,81.6134292890333,64.2804592351712,76.4425061645889,90.4398179126854,80.5000339512106,49.9990870380614,R8
0.603,0.397,0.308501013145739,0.316622006575744,2.39,6867.0336933306,75.9851076917128,50.1795606950697,70.7464829936122,93.3075062432445,81.6460835386268,64.3988430582488,76.5381050703136,90.4949831764574,80.5692967581294,50.1795606950697,R8
0.604,0.396,0.308500427880925,0.316621149200329,2.39,6867.08011692573,76.0728463509406,50.3600562129941,70.8559915323559,93.3484813797573,81.6787072670296,64.517222635639,76.6337048408781,90.5500556237676,80.6385513151032,50.3600562129941,R8
0.605,0.395,0.30849984261928,0.316620291829557,2.39,6867.12654115948,76.1605677042557,50.5405735882592,70.9654970632326,93.389436275206,81.7113003362585,64.6355978754981,76.7293054580853,90.6050335483995,80.7077974891061,50.5405735882592,R8
0.606,0.394,0.308499257360805,0.316619434463428,2.39,6867.17296603439,76.2482714377278,50.7211128171775,71.0749995571056,93.4303705798315,81.7438626075146,64.7539686847558,76.8249069034445,90.6599152067871,80.777035145206,50.7211128171775,R8
0.607,0.393,0.308498672105499,0.316618577101942,2.39,6867.21939148516,76.3359572312204,50.9016738965134,71.1844989846517,93.471283935196,81.7763939417269,64.8723349695321,76.9205091583289,90.7146988169225,80.8462641468914,50.9016738965134,R8
0.608,0.392,0.308498086853364,0.316617719745099,2.39,6867.26581761081,76.4236247573184,51.082256821492,71.2939953154796,93.5121759742475,81.8088941975805,64.9906966335852,77.016112203385,90.769382557996,80.9154843547812,51.082256821492,R8
0.609,0.391,0.308497501604397,0.3166168623929,2.39,6867.31224437385,76.5112736823434,51.2628615883749,71.403488519254,93.5530463206394,81.8413632340612,65.1090535802668,77.1117160192804,90.8239645686532,80.9846956282176,51.2628615883749,R8
0.61,0.39,0.3084969163586,0.316616005045344,2.39,6867.35867173322,76.5989036656617,51.4434881933153,71.5129785651846,93.5938945886254,81.8738009093269,65.2274057116316,77.2073205863662,90.8784429463351,81.0538978245085,51.4434881933153,R8
0.611,0.389,0.308496331115973,0.316615147702431,2.39,6867.4050997147,76.6865143592341,51.6241366317574,71.6224654217565,93.6347203828787,81.9062070800973,65.345752927945,77.3029258844916,90.9328157464355,81.123090798511,51.6241366317574,R8
0.612,0.388,0.308495745876515,0.316614290364161,2.39,6867.45152835692,76.774105407649,51.8048068988866,71.7319490569165,93.6755232981129,81.9385816021176,65.4640951280263,77.3985318931366,90.9870809811144,81.1922744028814,51.8048068988866,R8
0.613,0.387,0.308495160640227,0.316613433030534,2.39,6867.49795763997,76.8616764482165,51.9854989902513,71.8414294383421,93.7163029186776,81.9709243307475,65.5824322096773,77.4941385915743,91.0412366180314,81.2614484884305,51.9854989902513,R8
0.614,0.386,0.308494575407108,0.31661257570155,2.39,6867.54438747274,76.9492271108316,52.1662129018615,71.9509065334735,93.7570588182214,82.003235121068,65.7007640697545,77.5897459589015,91.0952805792207,81.330612904152,52.1662129018615,R8
0.615,0.385,0.308493990177158,0.316611718377209,2.39,6867.59081800244,77.0367570165643,52.3469486275285,72.0603803083335,93.7977905597764,82.0355138252603,65.819090602116,77.6853539732617,91.1492107407421,81.3997674954957,52.3469486275285,R8
0.616,0.384,0.308493404950378,0.316610861057511,2.39,6867.6372492009,77.1242657790815,52.527706162419,72.1698507290908,93.8384976948575,82.0677602960862,65.9374117002949,77.7809626128566,91.2030249304658,81.4689121065817,52.527706162419,R8
0.617,0.383,0.308492819726767,0.316610003742456,2.39,6867.68368096653,77.2117530040475,52.7084855021725,72.2793177616519,93.8791797632369,82.0999743860407,66.0557272568196,77.8765718557015,91.2567209271618,81.5380465795947,52.7084855021725,R8
0.618,0.382,0.308492234506325,0.316609146432043,2.39,6867.73011335429,77.2992182880049,52.8892866409219,72.3887813707851,93.9198362928883,82.1321559453873,66.1740371616752,77.9721816790294,91.3102964598496,81.607170753502,52.8892866409219,R8
0.619,0.381,0.308491649289053,0.316608289126274,2.39,6867.77654639565,77.3866612188688,53.0701095728426,72.498241520797,93.9604667993603,82.1643048236746,66.2923413034579,78.0677920597342,91.3637492061009,81.6762844649828,53.0701095728426,R8
0.62,0.38,0.30849106407495,0.316607431825147,2.39,6867.8229800918,77.4740813757312,53.2509542922003,72.6076981755373,94.0010707853624,82.1964208697978,66.410639569392,78.1634029743869,91.4170767907567,81.7453875484163,53.2509542922003,R8
0.621,0.379,0.308490478864016,0.316606574528663,2.39,6867.86941433017,77.5614783289624,53.4318207940745,72.717151298711,94.041647740244,82.2285039326948,66.5289318458427,78.259014399425,91.4702767844076,81.8144798362999,53.4318207940745,R8
0.622,0.378,0.308489893656251,0.316605717236821,2.39,6867.91584927195,77.6488516384503,53.6127090710111,72.8266008523966,94.0821971400839,82.260553858054,66.6472180157678,78.3546263101793,91.523346703023,81.8835611570869,53.6127090710111,R8
0.623,0.377,0.308489308451656,0.316604859949623,2.39,6867.96228487275,77.7362008552499,53.7936191171526,72.9360467988448,94.1227184465951,82.2925704923828,66.7654979618115,78.4502386820689,91.5762840053996,81.9526313377438,53.7936191171526,R8
0.624,0.376,0.308488723250229,0.316604002667066,2.39,6868.00872096614,77.8235255210071,53.9745509275134,73.0454891001626,94.163211106781,82.3245536822772,66.8837715657217,78.545851490371,91.6290860919691,82.0216902032606,53.9745509275134,R8
0.625,0.375,0.308488138051972,0.316603145389153,2.39,6868.05515778817,77.9108251656389,54.1555044934541,73.1549277162997,94.2036745531536,82.3565032699861,67.0020387049198,78.6414647089076,91.6817503046597,82.0907375737307,54.1555044934541,R8
0.626,0.374,0.308487552856884,0.316602288115882,2.39,6868.1015953209,77.9980993096607,54.3364798083377,73.2643626075324,94.2441082023533,82.38841909896,67.1202992567323,78.7370783116724,91.734273923819,82.1597732678785,54.3364798083377,R8
0.627,0.373,0.308486967664965,0.316601430847254,2.39,6868.14803337079,78.0853474636142,54.5174768668523,73.3737937341479,94.2845114547301,82.4203010131863,67.2385530978511,78.832692272631,91.7866541669265,82.2287971025882,54.5174768668523,R8
0.628,0.372,0.308486382476215,0.316600573583267,2.39,6868.19447209566,78.1725691257128,54.69849566046,73.4832210544404,94.3248836945221,82.4521488527113,67.3568001008765,78.9283065643827,91.8388881883412,82.2978088899683,54.69849566046,R8
0.629,0.371,0.308485797290634,0.316599716323924,2.39,6868.24091141246,78.2597637838994,54.8795361825006,73.5926445269321,94.3652242884848,82.4839624586624,67.4750401381327,79.0239211596412,91.8909730763108,82.3668084405303,54.8795361825006,R8
0.63,0.37,0.308485212108222,0.316598859069223,2.39,6868.28735137823,78.3469309140559,55.0605984249049,73.7020641089265,94.4055325858334,82.515741670007,67.5932730791634,79.1195360302605,91.9429058522972,82.4357955610547,55.0605984249049,R8
0.631,0.369,0.30848462692898,0.316598001819164,2.39,6868.3337919471,78.4340699806674,55.2416823802813,73.8114797574044,94.4458079172948,82.5474863256093,67.7114987922703,79.2151511478408,91.9946834687773,82.5047700558612,55.2416823802813,R8
0.632,0.368,0.308484041752906,0.316597144573747,2.39,6868.38023323202,78.5211804354856,55.4227880396568,73.9208914280254,94.486049594844,82.579196262006,67.8297171427833,79.3107664830499,92.0463028082011,82.5737317253182,55.4227880396568,R8
0.633,0.367,0.308483456580001,0.316596287332973,2.39,6868.4266750544,78.6082617190011,55.6039153963628,74.0302990768161,94.5262569104335,82.6108713172127,67.9479279959424,79.4063820067517,92.097760680246,82.6426803682436,55.6039153963628,R8
0.634,0.366,0.308482871410264,0.316595430096841,2.39,6868.47311751994,78.6953132578478,55.7850644410525,74.1397026579718,94.5664291360823,82.6425113258492,68.066131213132,79.5019976885404,92.1490538214533,82.7116157787007,55.7850644410525,R8
0.635,0.365,0.308482286243697,0.316594572865351,2.39,6868.51956117509,78.7823344638554,55.966235160339,74.2491021232412,94.6065655233814,82.6741161177962,68.1843266508405,79.5976134963377,92.2001788938298,82.780537745077,55.966235160339,R8
0.636,0.364,0.308481701080299,0.316593715638503,2.39,6868.56600599888,78.8693247377079,56.1474275455137,74.3584974257474,94.646665301401,82.7056855267347,68.3025141671337,79.6932293989061,92.2511324806959,82.8494460555309,56.1474275455137,R8
0.637,0.363,0.308481115920069,0.316592858416298,2.39,6868.61245144565,78.9562834684411,56.3286415921702,74.4678885198005,94.6867276759748,82.7372193897914,68.4206936213452,79.7888453657447,92.3019110850126,82.9183404976896,56.3286415921702,R8
0.638,0.362,0.308480530763008,0.316592001198734,2.39,6868.65889753548,79.0432100287676,56.5098772907742,74.577275356743,94.7267518303656,82.7687175382753,68.5388648669768,79.8844613643172,92.3525111300588,82.9872208526299,56.5098772907742,R8
0.639,0.361,0.308479945609116,0.316591143985813,2.39,6868.70534426891,79.1301037770397,56.6911346317127,74.686657887157,94.7667369236478,82.8001798026413,68.6570277554512,79.9800773615133,92.4029289561905,83.0560868980039,56.6911346317127,R8
0.64,0.36,0.308479360458393,0.316590286777534,2.39,6868.75179162354,79.2169640568968,56.8724136053216,74.7960360608526,94.8066820898266,82.8316060125105,68.77518213609,80.0756933236516,92.4531608189357,83.1249384079854,56.8724136053216,R8
0.641,0.359,0.308478775310839,0.316589429573896,2.39,6868.79823961286,79.303790196657,57.0537142013741,74.9054098266353,94.8465864370218,82.8629959961637,68.8933278556883,80.171309216299,92.5032028871894,83.1937751528842,57.0537142013741,R8
0.642,0.358,0.308478190166453,0.316588572374901,2.39,6868.84468824624,79.390581509093,57.2350364094147,75.0147791324293,94.8864490464637,82.8943495808803,69.0114647587331,80.2669250043712,92.5530512411711,83.2625968992806,57.2350364094147,R8
0.643,0.357,0.308477605025236,0.316587715180547,2.39,6868.89113750849,79.4773372911223,57.4163802189331,75.1241439253399,94.9262689714877,82.925666593099,69.1295926874946,80.3625406521602,92.6027018703934,83.3314034100702,57.4163802189331,R8
0.644,0.356,0.308477019887187,0.316586857990835,2.39,6868.93758740832,79.5640568232143,57.5977456189436,75.233504151454,94.9660452365725,82.9569468580047,69.2477114816594,80.4581561231963,92.6521506717657,83.4001944441178,57.5977456189436,R8
0.645,0.355,0.308476434752307,0.316586000805765,2.39,6868.98403793341,79.6507393691599,57.7791325983615,75.342859755979,95.005776836215,82.9881901999056,69.3658209785824,80.5537713803471,92.7013934474632,83.4689697564253,57.7791325983615,R8
0.646,0.354,0.308475849620596,0.316585143625337,2.39,6869.03048910364,79.7373841754425,57.9605411455408,75.4522106830325,95.0454627338909,83.0193964417692,69.4839210128882,80.6493863856593,92.7504259029991,83.5377290977598,57.9605411455408,R8
0.647,0.353,0.308475264492053,0.316584286449551,2.39,6869.07694089831,79.8239904711017,58.1419712488956,75.5615568758836,95.0851018607881,83.0505654058424,69.6020114169034,80.7450011005329,92.799243644999,83.6064722149689,58.1419712488956,R8
0.648,0.352,0.308474679366679,0.316583429278406,2.39,6869.12339333668,79.9105574669772,58.3234228961929,75.670898276638,95.1246931147151,83.081696912955,69.7200920200738,80.8406154854922,92.8478421792934,83.675198850457,58.3234228961929,R8
0.649,0.351,0.308474094244473,0.316582572111903,2.39,6869.16984640029,79.9970843555744,58.5048960752294,75.7802348265009,95.1642353587282,83.112790783175,69.8381626494247,80.9362295003637,92.8962169086555,83.743908742518,58.5048960752294,R8
0.65,0.35,0.308473509125436,0.316581714950042,2.39,6869.21630010639,80.0835703103214,58.686390773177,75.8895664654771,95.2037274199119,83.1438468351826,69.9562231290331,81.0318431040731,92.9443631308638,83.8126016248526,58.686390773177,R8
0.651,0.349,0.308472924009568,0.316580857792822,2.39,6869.26275444037,80.1700144853753,58.8679069771688,75.9988931326059,95.2431680879193,83.1748648868311,70.0742732804076,81.1274562547925,92.9922760364361,83.8812772268415,58.8679069771688,R8
0.652,0.348,0.308472338896867,0.316580000640244,2.39,6869.3092094102,80.2564160149388,59.0494446738146,76.1082147657258,95.2825561136022,83.2058447546892,70.1923129220898,81.2230689097866,93.0399507066481,83.9499352731543,59.0494446738146,R8
0.653,0.347,0.308471753787335,0.316579143492307,2.39,6869.35566501031,80.3427740129238,59.2310038495137,76.2175313015906,95.3218902074733,83.2367862543284,70.3103418698186,81.3186810254745,93.0873821113344,84.0185754838568,59.2310038495137,R8
0.654,0.346,0.308471168680972,0.316578286349012,2.39,6869.40212125529,80.4290875723337,59.412584490148,76.3268426757097,95.3611690381819,83.2676892000405,70.4283599362741,81.4142925573283,93.1345651068663,84.0871975741208,59.412584490148,R8
0.655,0.345,0.308470583577777,0.316577429210358,2.39,6869.44857812753,80.5153557649776,59.5941865815298,76.4361488225235,95.4003912308089,83.2985534052784,70.5463669313427,81.5099034599817,93.1814944339401,84.1558012544156,59.5941865815298,R8
0.656,0.344,0.30846999847775,0.316576572076346,2.39,6869.49503562791,80.6015776407673,59.7758101089599,76.5454496751877,95.4395553652402,83.3293786822049,70.6643626617322,81.6055136870719,93.2281647156123,84.224386230129,59.7758101089599,R8
0.657,0.343,0.308469413380892,0.316575714946975,2.39,6869.54149376903,80.6877522272351,59.9574550572706,76.6547451655581,95.4786599743605,83.3601648417635,70.7823469309668,81.7011231912424,93.2745704552262,84.2929522014928,59.9574550572706,R8
0.658,0.342,0.308468828287201,0.316574857822246,2.39,6869.58795254159,80.7738785291525,60.1391214111151,76.7640352243045,95.5177035421625,83.3909116939407,70.900319539522,81.7967319241918,93.320706034315,84.3614988636688,60.1391214111151,R8
0.659,0.341,0.308468243196679,0.316574000702157,2.39,6869.63441195101,80.8599555278594,60.3208091546349,76.8733197807277,95.5566845018376,83.4216190474625,71.0182802845428,81.8923398365618,93.366565710684,84.430025906424,60.3208091546349,R8
0.66,0.34,0.308467658109326,0.31657314358671,2.39,6869.68087199489,80.9459821808265,60.5025182716517,76.9825987628231,95.595601233723,83.4522867099696,71.1362289599132,81.987946877967,93.4121436164103,84.4985330141539,60.5025182716517,R8
0.661,0.339,0.30846707302514,0.316572286475904,2.39,6869.72733266399,81.0319574211141,60.6842487456485,77.0918720972452,95.6344520631777,83.4829144880094,71.2541653561818,82.0835529969588,93.4574337559377,84.5670198657539,60.6842487456485,R8
0.662,0.338,0.308466487944123,0.31657142936974,2.39,6869.77379397637,81.1178801566939,60.8660005594601,77.2011397091368,95.6732352583997,83.5135021867378,71.3720892602835,82.1791581409164,93.5024300043044,84.6354861343128,60.8660005594601,R8
0.663,0.337,0.308465902866274,0.316570572268216,2.39,6869.82025591989,81.203749270134,61.0477736957713,77.310401522325,95.711949028041,83.5440496104011,71.4900004558264,82.2747622561597,93.547126105239,84.7039314873085,61.0477736957713,R8
0.664,0.336,0.308465317791593,0.316569715171334,2.39,6869.86671849158,81.2895636178879,61.2295681367538,77.4196574591294,95.7505915188237,83.5745565619972,71.6078987227761,82.3703652878205,93.5915156695374,84.772355586265,61.2295681367538,R8
0.665,0.335,0.30846473272008,0.316568858079093,2.39,6869.91318170086,81.3753220297259,61.4113838640379,77.5289074403175,95.7891608130088,83.6050228432381,71.7257838373577,82.4659671797983,93.6355921734411,84.8407580866077,61.4113838640379,R8
0.666,0.334,0.308464147651735,0.316568000991492,2.39,6869.95964555077,81.4610233082517,61.5932208588578,77.6381513851377,95.8276549257206,83.6354482547093,71.8436555720994,82.5615678747817,93.679348957075,84.9091386376322,61.5932208588578,R8
0.667,0.333,0.308463562586558,0.316567143908533,2.39,6870.00611001698,81.5466662284255,61.775079102227,77.7473892113631,95.8660718021423,83.6658325960389,71.9615136958934,82.6571673142619,93.722779222991,84.9774968824859,61.775079102227,R8
0.668,0.332,0.30846297752455,0.316566286830215,2.39,6870.05257513536,81.6322495366448,61.9569585741677,77.8566208349195,95.9044093147268,83.6961756651448,72.07935797335,82.7527654382799,93.7658760350213,85.0458324575487,61.9569585741677,R8
0.669,0.331,0.308462392465709,0.316565429756537,2.39,6870.09904087365,81.7177719506982,62.1388592548096,77.9658461703341,95.942665259993,83.7264772593242,72.1971881655421,82.8483621857088,93.8086323168779,85.1141449929955,62.1388592548096,R8
0.67,0.33,0.308461807410036,0.316564572687501,2.39,6870.1455072572,81.8032321586915,62.3207811232877,78.0750651302122,95.9808373555173,83.7567371741784,72.3150040291189,82.9439574939107,93.8510408513505,85.1824341119563,62.3207811232877,R8
0.671,0.329,0.308461222357531,0.316563715623105,2.39,6870.19197425301,81.8886288189496,62.5027241587422,78.1842776256443,96.0189232364582,83.7869552045848,72.4328053169518,83.0395512989772,93.893094279228,85.2506994310103,62.5027241587422,R8
0.672,0.328,0.308460637308194,0.31656285856335,2.39,6870.23844190604,81.9739605589012,62.6846883391111,78.2934835656309,96.0569204522504,83.8171311435435,72.5505917771962,83.1351435353534,93.9347850988507,85.3189405592732,62.6846883391111,R8
0.673,0.327,0.308460052262025,0.316562001508236,2.39,6870.28491018211,82.0592259751534,62.8666736424956,78.4026828576531,96.0948264627862,83.8472647834975,72.6683631541744,83.2307341361894,93.9761056653162,85.387157099115,62.8666736424956,R8
0.674,0.326,0.308459467219024,0.316561144457762,2.39,6870.3313790995,82.1444236324,63.0486800459894,78.5118754071047,96.1326386347526,83.8773559152186,72.7861191874788,83.3263230329737,94.01704819042,85.4553486452621,63.0486800459894,R8
0.675,0.325,0.308458882179191,0.31656028741193,2.39,6870.37784863789,82.229552063235,63.2307075264701,78.6210611176122,96.1703542375629,83.907404328558,72.9038596124262,83.4219101557036,94.0576047424047,85.5235147851421,63.2307075264701,R8
0.676,0.324,0.308458297142525,0.316559430370738,2.39,6870.42431880284,82.3146097673456,63.4127560600152,78.7302398907252,96.2079704392631,83.9374098119085,73.0215841595717,83.5174954326915,94.0977672462356,85.5916550983539,63.4127560600152,R8
0.677,0.323,0.308457712109028,0.316558573334186,2.39,6870.4707896046,82.3995952110536,63.5948256220705,78.8394116259497,96.2454843021486,83.9673721523757,73.1392925547356,83.613078790563,94.1375274839777,85.6597691566078,63.5948256220705,R8
0.678,0.322,0.308457127078698,0.316557716302275,2.39,6870.51726105845,82.4845068267834,63.7769161874436,78.9485762207004,96.282892778223,83.9972911357616,73.2569845189016,83.7086601542063,94.176877095485,85.7278565235457,63.7769161874436,R8
0.679,0.321,0.308456542051536,0.316556859275005,2.39,6870.56373312919,82.5693430127629,63.959027730759,79.057733570454,96.3201927043558,84.0271665470349,73.374659768462,83.8042394468698,94.2158075793046,85.7959167548633,63.959027730759,R8
0.68,0.32,0.308455957027541,0.316556002252375,2.39,6870.61020583993,82.6541021320685,64.1411602255026,79.1668835682779,96.3573807974464,84.0569981694045,73.4923180144214,83.8998165898257,94.2543102941506,85.8639493975191,64.1411602255026,R8
0.681,0.319,0.308455372006715,0.316555145234386,2.39,6870.65667918842,82.7387825124645,64.3233136447291,79.2760261050925,96.3944536491101,84.0867857850174,73.6099589628221,83.9953915025318,94.2923764604114,85.9319539900013,64.3233136447291,R8
0.682,0.318,0.308454786989056,0.316554288221037,2.39,6870.70315315766,82.8233824458747,64.5054879609596,79.385161069578,96.4314077202523,84.1165291748674,73.727582314554,84.0909641025489,94.3299971621689,85.9999300620686,64.5054879609596,R8
0.683,0.317,0.308454201974564,0.316553431212328,2.39,6870.74962776566,82.9079001877053,64.6876831457223,79.4942883479145,96.4682393354442,84.1462281183633,73.8451877649335,84.1865343053497,94.3671633496425,86.0678771342725,64.6876831457223,R8
0.684,0.316,0.30845361696324,0.31655257420826,2.39,6870.79610301516,82.9923339565974,64.8698991699787,79.6034078239148,96.5049446769181,84.1758823937528,73.9627750038981,84.2821020243964,94.4038658418977,86.1357947180226,64.8698991699787,R8
0.685,0.315,0.308453031955084,0.316551717208832,2.39,6870.84257888591,83.0766819340206,65.0521360041707,79.7125193789927,96.541519778354,84.2054917781838,74.0803437159312,84.3776671710898,94.4400953300324,86.2036823154101,65.0521360041707,R8
0.686,0.314,0.308452446950095,0.316550860214045,2.39,6870.88905538801,83.1609422636362,65.2343936177357,79.8216228918878,96.5779605184704,84.2350560472356,74.1978935796024,84.4732296545687,94.4758423808952,86.2715394186942,65.2343936177357,R8
0.687,0.313,0.308451861948274,0.316550003223898,2.39,6870.93553251554,83.2451130510943,65.41667197949,79.9307182387769,96.614262614201,84.2645749753224,74.3154242677368,84.5687893817689,94.5110974411318,86.3393655103269,65.41667197949,R8
0.688,0.312,0.308451276949621,0.31654914623839,2.39,6870.9820102947,83.3291923634561,65.5989710571905,80.0398052930106,96.6504216137014,84.2940483352657,74.4329354469697,84.6643462572162,94.5458508418434,86.4071600624511,65.5989710571905,R8
0.689,0.311,0.308450691954135,0.316548289257523,2.39,6871.02848870368,83.4131782291803,65.7812908182146,80.1488839253622,96.6864328889055,84.3234758989744,74.5504267781188,84.7599001831724,94.580092803589,86.4749225371057,65.7812908182146,R8
0.69,0.31,0.308450106961816,0.316547432281296,2.39,6871.07496774008,83.497068637517,65.9636312289484,80.2579540036779,96.7222916279372,84.3528574368645,74.6678979156245,84.855451059379,94.6138134421043,86.5426523856001,65.9636312289484,R8
0.691,0.309,0.308449521972665,0.31654657530971,2.39,6871.1213116846,83.5808621011937,66.1459934462,80.3670159158704,96.7579926707915,84.3821938719326,74.785349354656,84.9509991358004,94.6470026169501,86.6103497973489,66.1459934462,R8
0.692,0.308,0.308448936986681,0.316545718342763,2.39,6871.16792770601,83.6645548415479,66.3283738606493,80.4760679548037,96.7935312826322,84.4114815100221,74.9027781951873,85.0465432486561,94.6796507258517,86.6780119545809,66.3283738606493,R8
0.693,0.307,0.308448352003865,0.316544861380456,2.39,6871.21440865046,83.7481464174867,66.5107760098966,80.5851115482812,96.8289015819571,84.4407235792703,75.0201866134036,85.1420843481021,94.7117471368438,86.745640522139,66.5107760098966,R8
0.694,0.306,0.308447767024215,0.31654400442279,2.39,6871.26089020311,83.8316340962819,66.6931986657923,80.6941460290758,96.86409809477,84.4699186910684,75.1375733902966,85.2376219705092,94.7432817713434,86.8132341573997,66.6931986657923,R8
0.695,0.305,0.308447182047734,0.316543147469763,2.39,6871.30737240804,83.9150156674711,66.8756417898486,80.8031712493896,96.8991149638106,84.4990666087189,75.2549381464994,85.3331560019245,94.7742443252439,86.8807922543333,66.8756417898486,R8
0.696,0.304,0.308446597074419,0.316542290521376,2.39,6871.35371951027,83.9982894470807,67.0581065361446,80.912187582273,96.9339459440988,84.5281682487192,75.3722813396339,85.4286866797427,94.8046243016474,86.9483149443857,67.0581065361446,R8
0.697,0.303,0.308446012104272,0.316541433577629,2.39,6871.40020298627,84.0814520111763,67.2405904789252,81.0211938255343,96.9685849980715,84.5572210639247,75.4896008878075,85.5242131760007,94.8344115609751,87.0158000981717,67.2405904789252,R8
0.698,0.302,0.308445427137292,0.316540576638522,2.39,6871.44668708121,84.1645015937928,67.4230947699401,81.1301903450293,97.0030253759041,84.5862259681075,75.6068972344818,85.6197357215486,94.8635955136944,87.0832478216365,67.4230947699401,R8
0.699,0.301,0.308444842173479,0.316539719704054,2.39,6871.49317180777,84.2474358222261,67.6056193669366,81.2391769790635,97.0372602122272,84.6151827193597,75.7241699707505,85.7152541899751,94.8921656814824,87.1506574580138,67.6056193669366,R8
0.7,0.3,0.308444257212834,0.316538862774227,2.39,6871.53979289111,84.3302517132871,67.7881630325773,81.3481530375529,97.0712825089159,84.6440899206709,75.8414178391162,85.8107680962303,94.9201116836649,87.2180275875681,67.7881630325773,R8
0.701,0.299,0.308443672255356,0.316538005849039,2.39,6871.58614315594,84.4129485225456,67.9707293048616,81.4571199252322,97.1050843940629,84.6729507889557,75.9586429371808,85.9062783728318,94.9474226824968,87.2853597747428,67.9707293048616,R8
0.702,0.298,0.308443087301045,0.316537148928491,2.39,6871.63262978494,84.4955220458625,68.1533145559015,81.56607589479,97.1386585698251,84.7017616166994,76.0758423094864,86.0017838170181,94.9740885305167,87.3526510726625,68.1533145559015,R8
0.703,0.297,0.308442502349901,0.316536292012582,2.39,6871.67911704427,84.5779703181237,68.3359199332201,81.6750212935634,97.1719968410481,84.7305233104438,76.1930163553874,86.0972846433934,95.0000986499239,87.4199015180099,68.3359199332201,R8
0.704,0.296,0.308441917401924,0.316535435101313,2.39,6871.7256049296,84.6602907640579,68.5185453889734,81.7839559399748,97.2050908328692,84.7592356214564,76.3101646247505,86.1927807073902,95.0254426140543,87.4871103829945,68.5185453889734,R8
0.705,0.295,0.308441332457114,0.316534578194684,2.39,6871.77209344887,84.7424807682625,68.7011908739623,81.8928796480502,97.2379318324124,84.7878982994928,76.4272866584966,86.2882718603849,95.0501100488633,87.5542769244378,68.7011908739623,R8
0.706,0.294,0.308440747515471,0.316533721292694,2.39,6871.81858260702,84.8245376755188,68.8838563377222,82.0017922273455,97.2705107762181,84.8165110929214,76.5443819884696,86.3837579495945,95.0740906484121,87.6214003834671,68.8838563377222,R8
0.707,0.293,0.308440162576995,0.316532864395343,2.39,6871.86507238599,84.9064587911795,69.0665417286671,82.1106934828904,97.3028182375463,84.8450737488813,76.6614501373445,86.4792388179885,95.0973741908938,87.6884799852239,69.0665417286671,R8
0.708,0.292,0.308439577641687,0.316532007502632,2.39,6871.91156280875,84.9882413812492,69.2492469934844,82.2195832147992,97.3348444136728,84.8735860127432,76.7784906179994,86.5747143039626,95.1199505552362,87.755514938096,69.2492469934844,R8
0.709,0.291,0.308438992709545,0.316531150614561,2.39,6871.95805385498,85.0698826731479,69.4319720778336,82.3284612184535,97.3665791130391,84.9020476288111,76.8955029337979,86.6701842414017,95.14180973809,87.822504433756,69.4319720778336,R8
0.71,0.29,0.30843840778057,0.316530293731129,2.39,6872.00454553283,85.1513798558744,69.6147169256726,82.4373272840703,97.3980117426205,84.9304583397199,77.0124865779111,86.7656484593293,95.1629418713439,87.8894476463278,69.6147169256726,R8
0.711,0.289,0.308437822854762,0.316529436852336,2.39,6872.05103786266,85.2327300806026,69.7974814793602,82.5461811966137,97.4291312953664,84.9588178865524,77.1294410331587,86.8611067817716,95.1833372399742,87.9563437320236,69.7974814793602,R8
0.712,0.288,0.308437237932121,0.316528579978182,2.39,6872.09753079097,85.3139304616488,69.980265680364,82.655022735962,97.4599263378344,84.9871260095807,77.246365772285,86.9565590278071,95.2029863002076,88.0231918291498,69.980265680364,R8
0.713,0.287,0.308436653012647,0.316527723108668,2.39,6872.14402436908,85.3949780763865,70.1630694676406,82.7638516760491,97.4903849984672,85.0153824467336,77.3632602565984,87.0520050109058,95.2218796980505,88.0899910566466,70.1630694676406,R8
0.714,0.286,0.30843606809634,0.316526866243793,2.39,6872.19051858207,85.4758699667383,70.3458927790925,82.8726677853561,97.5204949560444,85.0435869350513,77.4801239367433,87.1474445391819,95.240008287902,88.1567405145346,70.3458927790925,R8
0.715,0.285,0.308435483183199,0.316526009383557,2.39,6872.23701341324,85.5566031397588,70.5287355509497,82.9814708264743,97.5502434290377,85.0717392101285,77.5969562520267,87.2428774150186,95.2573631513828,88.2234392830518,70.5287355509497,R8
0.716,0.284,0.308434898273225,0.31652515252796,2.39,6872.28350888735,85.6371745684156,70.7115977173341,83.0902605557538,97.5796171657749,85.0998390057474,77.7137566298646,87.3383034347424,95.2739356162263,88.2900864218815,70.7115977173341,R8
0.717,0.283,0.308434313366419,0.316524295677002,2.39,6872.33000499087,85.7175811930203,70.8944792109092,83.199036723419,97.6086024355465,85.1278860545447,77.8305244859665,87.4337223886028,95.2897172751028,88.3566809700705,70.8944792109092,R8
0.718,0.282,0.308433728462778,0.316523438830684,2.39,6872.37650172602,85.7978199222208,71.0773799623437,83.3077990731517,97.6371850210567,85.155880087553,77.9472592237052,87.5291340603981,95.3047000044057,88.4232219451522,71.0773799623437,R8
0.719,0.281,0.308433143562305,0.316522581989004,2.39,6872.42299911183,85.8778876343804,71.2602999002459,83.4165473418824,97.6653502123309,85.1838208341876,78.0639602337836,87.6245382272233,95.3188759828073,88.4897083425818,71.2602999002459,R8
0.72,0.28,0.308432558664998,0.316521725151964,2.39,6872.46949709595,85.9577811795193,71.4432389518775,83.5252812599085,97.6930828022766,85.2117080229871,78.1806268944565,87.7199346594544,95.3322377095695,88.5561391356243,71.4432389518775,R8
0.721,0.279,0.308431973770858,0.316520868319562,2.39,6872.51599572555,86.0374973803346,71.6261970415805,83.6340005500081,97.7203670844872,85.2395413801586,78.2972585701432,87.8153231200166,95.3447780224792,88.6225132738033,71.6261970415805,R8
0.722,0.278,0.308431388879884,0.3165200114918,2.39,6872.56249498957,86.1170330348731,71.8091740921051,83.7427049278132,97.7471868531012,85.2673206309199,78.4138546120473,87.9107033645263,95.3564901153306,88.6888296831417,71.8091740921051,R8
0.723,0.277,0.308430803992078,0.316519154668676,2.39,6872.60899487813,86.1963849185175,71.9921700240142,83.8513941013374,97.7735254054884,85.2950454989839,78.5304143574334,88.0060751408376,95.3673675548582,88.7550872651869,71.9921700240142,R8
0.724,0.276,0.308430219107437,0.316518297850191,2.39,6872.65549539995,86.2755497864406,72.175184755459,83.9600677706465,97.7993655479019,85.3227157064062,78.6469371291522,88.1014381886841,95.3774042970322,88.8212848962429,72.175184755459,R8
0.725,0.275,0.308429634225964,0.316517441036345,2.39,6872.70199655542,86.3545243765781,72.3582182023403,84.0687256277036,97.8246896044556,85.3503309738164,78.7634222354288,88.1967922394304,95.3865947026144,88.8874214268351,72.3582182023403,R8
0.726,0.274,0.308429049347656,0.316516584227137,2.39,6872.74849834536,86.4333054127987,72.5412702781528,84.1773673560567,97.849479429882,85.3778910203347,78.8798689694074,88.2921370157079,95.3949335519031,88.9534956809451,72.5412702781528,R8
0.727,0.273,0.308428464472516,0.316515727422569,2.39,6872.79500077572,86.511889608489,72.7243408938607,84.2859926305305,97.8737164264155,85.4053955635287,78.9962766087271,88.3874722310427,95.4024160585527,89.0195064552543,72.7243408938607,R8
0.728,0.272,0.308427879600541,0.316514870622639,2.39,6872.841503812,86.5902736707971,72.9074299582226,84.3946011171087,97.8973815651863,85.4328443198023,79.1126444153723,88.4827975896075,95.4090378824357,89.0854525186418,72.9074299582226,R8
0.729,0.271,0.308427294731734,0.316514013827348,2.39,6872.88800749039,86.668454304654,73.0905373767151,84.5031924721862,97.9204554126486,85.4602370034381,79.2289716345714,88.5781127855283,95.4147951413579,89.1513326107861,73.0905373767151,R8
0.73,0.27,0.308426709866093,0.316513157036695,2.39,6872.93451179709,86.7464282183348,73.2736630525092,84.6117663427137,97.9429181621789,85.4875733276314,79.3452574950853,88.673417502801,95.4196844217295,89.2171454420296,73.2736630525092,R8
0.731,0.269,0.308426125003618,0.316512300250681,2.39,6872.98101674596,86.8241921286932,73.4568068856859,84.720322365559,97.9647496715085,85.5148530038175,79.4615012082734,88.7687114146436,95.4237027879369,89.2828896921209,73.4568068856859,R8
0.732,0.268,0.308425540144309,0.316511443469305,2.39,6873.02752231817,86.9017427675941,73.6399687736771,84.8288601673879,97.98592950611,85.5420757421854,79.5777019679854,88.863994183209,95.4268477905112,89.3485640096867,73.6399687736771,R8
0.733,0.267,0.308424955288167,0.316510586692568,2.39,6873.07402853401,86.9790768883749,73.8231486105182,84.9373793640194,98.0064369889962,85.5692412510658,79.693858949635,88.9592654589088,95.4291174728952,89.4141670109603,73.8231486105182,R8
0.734,0.266,0.308424370435191,0.31650972992047,2.39,6873.12053536709,87.0561912736502,74.0063462875085,85.0458795603697,98.0262512570331,85.5963492376539,79.8099713102187,89.054524880149,95.4305103769345,89.4796972793341,74.0063462875085,R8
0.735,0.265,0.308423785585382,0.31650887315301,2.39,6873.16704284257,87.1330827429557,74.1895616922197,85.1543603496781,98.0453513241141,85.623399407176,79.9260381871956,89.1497720725297,95.4310255468472,89.5451533638852,74.1895616922197,R8
0.736,0.264,0.308423200738738,0.316508016390188,2.39,6873.21355093768,87.2097481619378,74.3727947092646,85.2628213134736,98.063716151095,85.650391463728,80.0420586985437,89.2450066485572,95.4306625318937,89.6105337789463,74.3727947092646,R8
0.737,0.263,0.308422615895261,0.316507159632005,2.39,6873.26005967862,87.2861844513315,74.5560452193164,85.3712620207587,98.0813247226678,85.6773251094516,80.1580319416305,89.3402282067993,95.4294213874513,89.6758370025761,74.5560452193164,R8
0.738,0.262,0.308422031054951,0.31650630287846,2.39,6873.30656902925,87.3623885975131,74.7393130999604,85.4796820279917,98.0981561308714,85.7042000454811,80.2739569932929,89.4354363315704,95.4273026748032,89.7410614761333,74.7393130999604,R8
0.739,0.261,0.308421446217806,0.316505446129553,2.39,6873.35307901897,87.4383576625912,74.9225982244387,85.5880808781185,98.114189665156,85.7310159708438,80.3898329084793,89.5306305919239,95.4243074592583,89.8062056025106,74.9225982244387,R8
0.74,0.26,0.308420861383828,0.316504589385285,2.39,6873.39958974436,87.5140887956233,75.1059004614805,85.696458100053,98.1294049084211,85.7577725824635,80.5056587196378,89.6258105409757,95.4204373069379,89.871267745017,75.1059004614805,R8
0.741,0.259,0.308420276553015,0.316503732645654,2.39,6873.44610085441,87.5895792466656,75.2892196797392,85.8048132102009,98.1437818384434,85.7844695794997,80.6214334391153,89.7209757165736,95.4156942806742,89.9362462290782,75.2892196797392,R8
0.742,0.258,0.308419691725369,0.316502875910662,2.39,6873.49261275735,87.6648263734314,75.4725557369144,85.9131457071572,98.1573009344553,85.8111066531373,80.7371560513616,89.8161256372438,95.4100809327568,90.0011393344249,75.4725557369144,R8
0.743,0.257,0.308419106900889,0.316502019180308,2.39,6873.53912525452,87.739827659894,75.6559084917309,86.0214550765241,98.1699432869397,85.8376834981493,80.8528255203313,89.9112598051137,95.4036002989734,90.0659453013898,75.6559084917309,R8
0.744,0.256,0.308418522079575,0.316501162454592,2.39,6873.58563840987,87.814580724928,75.8392777960461,86.1297407868919,98.1816907107214,85.8641998055319,80.9684407836391,90.0063777026857,95.3962558890252,90.130662324883,75.8392777960461,R8
0.745,0.255,0.308417937261427,0.316500305733514,2.39,6873.63215219224,87.8890833365318,76.0226634978544,86.23800229063,98.1925258593136,85.8906552655353,81.084000753945,90.1014787929161,95.3880516770027,90.1952885550574,76.0226634978544,R8
0.746,0.254,0.308417352446446,0.316499449017075,2.39,6873.67866661199,87.9633334236544,76.2060654398901,86.3462390226995,98.2024323395022,85.9170495665009,81.1995043173945,90.1965625178842,95.3789920901307,90.2598220952328,76.2060654398901,R8
0.747,0.253,0.30841676763463,0.316498592305273,2.39,6873.72518164537,88.0373290886597,76.3894834601081,86.4544504002721,98.2113948245323,85.9433823955038,81.3149503332852,90.2916282979997,95.369081996646,90.3242610009306,76.3894834601081,R8
0.748,0.252,0.30841618282598,0.316497735598109,2.39,6873.77170598987,88.1110685785984,76.572917313541,86.5626357873666,98.2193991639331,85.9696533642931,81.4303375820537,90.3866755067379,95.3583266803569,90.3886032305048,76.572917313541,R8
0.749,0.251,0.308415598020496,0.316496878895583,2.39,6873.81814484258,88.1845508136494,76.7563676712755,86.6707949384354,98.2264324969042,85.9958629584386,81.5456654201334,90.4817037799539,95.3467319860297,90.4528472580245,76.7563676712755,R8
0.75,0.25,0.308415013218178,0.316496022197695,2.39,6873.86473053403,88.2577734101611,76.9398322858446,86.7789262923332,98.2324833183402,86.0220088952302,81.6609312637226,90.5767118230471,95.3343036882438,90.5169897145271,76.9398322858446,R8
0.751,0.249,0.308414428419026,0.316495165504444,2.39,6873.91124808833,88.3307362633556,77.1233128867896,86.8870300383469,98.2375416324157,86.0480926734233,81.7761351108,90.6716995530163,95.3210485866264,90.5810296254271,77.1233128867896,R8
0.752,0.248,0.308413843623039,0.316494308815832,2.39,6873.9577662793,88.4034381807671,77.3068086708499,86.9951052201935,98.2415989736916,86.0741133904682,81.891275271028,90.76666607369,95.3069734387104,90.6449644075051,77.3068086708499,R8
0.753,0.247,0.308413258830219,0.316493452131857,2.39,6874.00428510047,88.4758785154086,77.4903194407775,87.1031511312534,98.2446485071236,86.1000707239436,82.0063504233556,90.8616106500867,95.2920854499691,90.7087917967595,77.4903194407775,R8
0.754,0.246,0.308412674040564,0.31649259545252,2.39,6874.05080454812,88.5480568526305,77.6738449925975,87.2111670412089,98.2466850801449,86.12596434985,82.121359213391,90.9565325165086,95.2763921571325,90.7725094702108,77.6738449925975,R8
0.755,0.245,0.308412089254075,0.316491738777821,2.39,6874.09732462871,88.6199730126548,77.8573851152635,87.3191521950305,98.2477052669777,86.1517939425388,82.2363002523273,91.0514308749034,95.2599014101068,90.8361150440902,77.8573851152635,R8
0.756,0.244,0.308411504470752,0.316490882107759,2.39,6874.14384534022,88.6916270513549,78.0409395905271,87.4271058120117,98.2477073985022,86.177559174876,82.3511721159845,91.1463048932118,95.2426213536235,90.8996060721026,78.0409395905271,R8
0.757,0.243,0.308410919690595,0.316490025442335,2.39,6874.1903666706,88.7630192590045,78.2245081926445,87.5350270846685,98.2466915770383,86.2032597182591,82.4659733437163,91.2411537035472,95.2245604086249,90.9629800435371,78.2245081926445,R8
0.758,0.242,0.308410334913603,0.316489168781548,2.39,6874.23688864328,88.8341501568312,78.4080906876523,87.6429151774244,98.2446596757495,86.2288952422221,82.5807024369952,91.3359764001287,95.2057272534111,91.0262343810663,78.4080906876523,R8
0.759,0.241,0.308409750139777,0.316488312125399,2.39,6874.28341124146,88.9050204921746,78.5916868336914,87.7507692256885,98.2416153227307,86.2544654150892,82.6953578586703,91.4307720374332,95.1861308049564,91.0893664391373,78.5916868336914,R8
0.76,0.24,0.308409165369117,0.316487455473888,2.39,6874.329934482,88.9756312310221,78.7752963800004,87.8585883342996,98.2375638700017,86.2799699033426,82.8099380313,91.5255396277822,95.1657801999646,91.1523735014855,78.7752963800004,R8
0.761,0.239,0.308408580601622,0.316486598827014,2.39,6874.37645834402,89.0459835493947,78.9589190671692,87.9663715764631,98.2325123481407,86.3054083722313,82.9244413362912,91.6202781392005,95.1446847762909,91.2152527793703,78.9589190671692,R8
0.762,0.238,0.308407995837293,0.316485742184777,2.39,6874.42298282209,89.1160788224334,79.1425546262676,88.0741179921388,98.2264694073398,86.3307804853217,83.0388661122701,91.714986492764,95.1228540543018,91.2780014090631,79.1425546262676,R8
0.763,0.237,0.30840741107613,0.316484885547178,2.39,6874.46950794618,89.1859186120699,79.3262027782492,88.1818265864711,98.2194452460794,86.3560859043326,83.1532106535904,91.8096635598615,95.100297718523,91.3406164494523,79.3262027782492,R8
0.764,0.236,0.308406826318132,0.316484028914216,2.39,6874.51603369845,89.2555046537956,79.5098632342576,88.2894963285591,98.2114515288219,86.3813242898387,83.2674732093843,91.9043081595799,95.0770255997969,91.4030948801263,79.5098632342576,R8
0.765,0.235,0.3084062415633,0.316483172285891,2.39,6874.56256006903,89.3248388415674,79.6935356946546,88.3971261495887,98.2025012940923,86.4064953008033,83.381651981767,91.9989190554906,95.0530476575167,91.4654335986262,79.6935356946546,R8
0.766,0.234,0.308405656811633,0.316482315662204,2.39,6874.60908708589,89.3939232118406,79.8772198482708,88.5047149409716,98.1926088546427,86.4315985943249,83.4957451241279,92.0934949522904,95.0283739623188,91.5276294177778,79.8772198482708,R8
0.767,0.233,0.308405072063132,0.316481459043154,2.39,6874.6556147314,89.462759927356,80.0609153726284,88.6122615528506,98.1817896914688,86.4566338263521,83.6097507400106,92.1880344925401,95.0030146794608,91.5896790635367,80.0609153726284,R8
0.768,0.232,0.308404487317796,0.316480602428741,2.39,6874.70214298866,89.5313512597385,80.2446219329862,88.7197647919761,98.1700603431949,86.4816006512838,83.723666881195,92.2825362527802,94.9769800524282,91.6515791720637,80.2446219329862,R8
0.769,0.231,0.308403902575625,0.316479745818965,2.39,6874.74867189629,89.5996995716952,80.4283391812633,88.8272234194451,98.1574382925866,86.5064987215242,83.8374915456724,92.3769987393506,94.9502803870514,91.7133262866675,80.4283391812633,R8
0.77,0.23,0.30840331783662,0.316478889213826,2.39,6874.79520142305,89.66780729991,80.6120667565612,88.9346361490482,98.1439418519532,86.5313276885307,83.9512226765629,92.4714203844244,94.9229260365641,91.7749168556349,80.6120667565612,R8
0.771,0.229,0.30840273310078,0.316478032613325,2.39,6874.84173157855,89.7356769368397,80.7958042835184,89.0420016445421,98.1295900486064,86.5560872018917,84.0648581596415,92.5657995410616,94.8949273867589,91.8363472286969,80.7958042835184,R8
0.772,0.228,0.308402148368106,0.31647717601746,2.39,6874.88826237586,89.803311013407,80.9795513719685,89.1493185173891,98.114402512061,86.5807769096473,84.1783958216184,92.6601344783167,94.8662948420438,91.8976136542112,80.9795513719685,R8
0.773,0.227,0.308401563638597,0.316476319426232,2.39,6874.93471649054,89.8707124544453,81.1633083083328,89.2565856363018,98.0983994388322,86.6053971082813,84.2918338581981,92.7544236003964,94.8370389948717,91.9587126903479,81.1633083083328,R8
0.774,0.226,0.308400978912253,0.316475462839642,2.39,6874.9812485602,89.9378830724744,81.3470732870805,89.3638008767246,98.0816011895636,86.6299461430784,84.4051691110457,92.8486645435513,94.8071698843142,92.0196395444368,81.3470732870805,R8
0.775,0.225,0.308400394189075,0.316474606257688,2.39,6875.02778126838,90.0048257850725,81.5308465610954,89.470962989135,98.0640286295617,86.6544243076431,84.5183996484706,92.9428555149207,94.7766980732618,92.0803905564914,81.5308465610954,R8
0.776,0.224,0.308399809469061,0.316473749680371,2.39,6875.07431460619,90.0715431110384,81.7146276736298,89.5780703489257,98.0457027408775,86.678831244153,84.6315230403135,93.0369943896866,94.7456339132603,92.1409615374607,81.7146276736298,R8
0.777,0.223,0.308399224752214,0.316472893107691,2.39,6875.12084856512,90.1380375276254,81.8984161490858,89.685121264866,98.026644605133,86.7031665932855,84.7445367865363,93.1310789276981,94.7139877139901,92.2013481804083,81.8984161490858,R8
0.778,0.222,0.308398640038531,0.316472036539648,2.39,6875.16738315974,90.2043114564875,82.082211491838,89.7921139756025,98.0068753203556,86.7274299940288,84.857438314669,93.2251067655673,94.68176973305,92.261546056789,82.082211491838,R8
0.779,0.221,0.308398055328013,0.316471179976242,2.39,6875.21391839497,90.2703672506824,82.266013185505,89.8990466461859,97.9864159246196,86.751621083963,84.9702249774607,93.3190754082846,94.6489901665128,92.3215506129277,82.266013185505,R8
0.78,0.22,0.308397470620661,0.316470323417472,2.39,6875.26045426216,90.3362071823219,82.4498206918825,90.0059173642504,97.9652873265184,86.7757394993057,85.0828940502753,93.4129822200617,94.6156591400499,92.3813571662308,82.4498206918825,R8
0.781,0.219,0.308396885916473,0.316469466863339,2.39,6875.30699077823,90.4018334307864,82.6336334494362,90.1127241357853,97.943510242452,86.7997848745815,85.1954427281318,93.5068244142676,94.5817867005613,92.4409609010757,82.6336334494362,R8
0.782,0.218,0.308396301215451,0.316468610313843,2.39,6875.3535279102,90.4672480722475,82.8174508727372,90.219464881114,97.9211051408178,86.8237568432695,85.3078681232778,93.600599042864,94.5473828087032,92.5003568651962,82.8174508727372,R8
0.783,0.217,0.308395716517594,0.316467753768983,2.39,6875.40006568051,90.5324530690176,83.0012723502011,90.326137429867,97.8980921925735,86.8476550369168,85.420167261642,93.694302984387,94.5124573315448,92.5595399650086,83.0012723502011,R8
0.784,0.216,0.308395131822902,0.31646689722876,2.39,6875.44660407892,90.5974502605047,83.1850972434718,90.432739516444,97.8744912283552,86.8714790858958,85.532337080237,93.7879329314729,94.4770200363011,92.6185049618597,83.1850972434718,R8
0.785,0.215,0.308394547131375,0.316466040693174,2.39,6875.49314310554,90.662241354128,83.3689248855417,90.5392687746305,97.8503217014725,86.8952286190447,85.6443744237052,93.8814853768828,94.4410805842816,92.6772464674647,83.3689248855417,R8
0.786,0.214,0.308393962443013,0.316465184162224,2.39,6875.53968278013,90.7268279169382,83.5527545790665,90.645722732009,97.8256026566191,86.9189032635997,85.7562760409347,93.9749565983869,94.4046485254577,92.735758939432,83.5527545790665,R8
0.787,0.213,0.308393377757816,0.31646432763591,2.39,6875.58622309336,90.7912113679875,83.7365855951019,90.7520988042433,97.8003527039603,86.94250264561,85.868038581828,94.0683426424611,94.3677332937123,92.7940366769834,83.7365855951019,R8
0.788,0.212,0.308392793075783,0.316463471114233,2.39,6875.632764028,90.855392970753,83.9204171710885,90.858394288688,97.7745899980506,86.9660263897687,85.9796585935657,94.1616393062626,94.3303442024026,92.8520738161975,83.9204171710885,R8
0.789,0.211,0.308392208396916,0.316462614597192,2.39,6875.67930560807,90.9193738257378,84.1042485084619,90.9646063574546,97.7483322212226,86.9894741190131,86.0911325165634,94.2548421178604,94.2924904403039,92.909864325023,84.1042485084619,R8
0.79,0.21,0.308391623721214,0.316461758084788,2.39,6875.72584779801,90.9831548640388,84.2880787714698,91.0707320506464,97.7215965712886,87.0128454553734,86.202456681073,94.3479463150675,94.2541810684391,92.9674019989522,84.2880787714698,R8
0.791,0.209,0.308391039048676,0.31646090157702,2.39,6875.77239062821,91.0467368399597,84.4719070838232,91.1767682681593,97.6943997526625,87.036140018937,86.3136273024089,94.440946821531,94.2154250167064,93.024680455449,84.4719070838232,R8
0.792,0.208,0.308390454379303,0.316460045073888,2.39,6875.81893411347,91.1101203247007,84.6557325270225,91.2827117618165,97.6667579711005,87.0593574285364,86.424640477115,94.5338382211948,94.1762310814882,93.0816931293319,84.6557325270225,R8
0.793,0.207,0.308389869713096,0.316459188575393,2.39,6875.86547820302,91.1733056998737,84.8395541382497,91.3885591267998,97.6386869313794,87.0824973021794,86.5354921787605,94.6266147301125,94.1366079235778,93.1384332679304,84.8395541382497,R8
0.794,0.206,0.308389285050052,0.316458332081534,2.39,6875.91202293301,91.2362931499117,85.0233709062422,91.4943067916254,97.6102018373179,87.1055592557834,86.6461782524974,94.7192701648447,94.0965640658935,93.1948939250892,85.0233709062422,R8
0.795,0.205,0.308388700390174,0.316457475592311,2.39,6875.95856829548,91.2990826556645,85.2071817695097,91.5999510086213,97.5813173945067,87.128542904283,86.7566944109085,94.8117979085665,94.0561078923357,93.2510679565843,85.2071817695097,R8
0.796,0.204,0.30838811573346,0.316456619107724,2.39,6876.00511432184,91.3616739866416,85.3909856124035,91.7054878427982,97.5520478147321,87.1514478609447,86.867036228523,94.9041908730213,94.0152476463721,93.3069480143382,85.3909856124035,R8
0.797,0.203,0.308387531079912,0.316455762627773,2.39,6876.0516609391,91.4240666939734,85.5747812629875,91.8109131608869,97.5224068224472,87.1742737385734,86.9771991372924,94.9964414572471,93.9739914305865,93.3625265417662,85.5747812629875,R8
0.798,0.202,0.308386946429527,0.316454906152458,2.39,6876.09820818502,91.4862601011059,85.7585674874158,91.9162226180276,97.4924076622031,87.1970201477379,87.0871784199937,95.0885415008044,93.932347205452,93.4177957672127,85.7585674874158,R8
0.799,0.201,0.308386361782308,0.316454049681779,2.39,6876.14475606918,91.548253295619,85.9423429872068,92.021411645021,97.4620631078074,87.2196866979317,87.1969692052181,95.1804822331765,93.8903227894192,93.4727476991712,85.9423429872068,R8
0.8,0.2,0.308385777138253,0.316453193215737,2.39,6876.19130450459,91.6100451199734,86.1261063955704,92.1264754342872,97.431385472415,87.2422729981622,87.3065664617476,95.2722542174415,93.8479258590551,93.5273741211081,86.1261063955704,R8
0.801,0.199,0.308385192497363,0.31645233675433,2.39,6876.23785386155,91.6716341583442,86.3098562678001,92.2314089221529,97.4003866185242,87.2647786523612,87.4159649895186,95.363847285744,93.8051639475288,93.5816665831237,86.3098562678001,R8
0.802,0.198,0.308384607859637,0.316451480297559,2.39,6876.28440360945,91.733018731842,86.4935910884627,92.3362067779321,97.3690779714581,87.2872032706746,87.5251594200028,95.4552504738633,93.7620444490788,93.6356164032632,86.4935910884627,R8
0.803,0.197,0.308384023225076,0.316450623845424,2.39,6876.33095406053,91.7941968773826,86.6773092503217,92.4408633788099,97.3374705287655,87.3095464549997,87.6341442006,95.5464519380273,93.7185746143214,93.6892146532157,86.6773092503217,R8
0.804,0.196,0.308383438593679,0.316449767397924,2.39,6876.37750520776,91.8551663394986,86.8610090589011,92.5453727954355,97.3055748742872,87.3318078086448,87.7429135934503,95.6374388720779,93.674761554509,93.7424521586828,86.8610090589011,R8
0.805,0.195,0.308382853965447,0.316448910955061,2.39,6876.42405676841,91.9159245547539,87.0446887257267,92.6497287709987,97.2734011907165,87.353986935987,87.8514616678064,95.7281974107669,93.6306122423303,93.7953194936991,87.0446887257267,R8
0.806,0.194,0.308382269340379,0.316448054516833,2.39,6876.47060909501,91.9764686302171,87.228346353241,92.7539246950198,97.2409592709646,87.3760834349194,87.959782287803,95.8187125188268,93.5861335101761,93.8478069707864,87.228346353241,R8
0.807,0.193,0.308381684718476,0.316447198083241,2.39,6876.51716205883,92.0367953299622,87.3980969061435,92.8579535838221,97.2082585326756,87.3980969061435,88.0678691099874,95.9089678737364,93.5413320547825,93.8999046412416,87.4119799373089,R3
0.808,0.192,0.308381100099737,0.316446341654285,2.39,6876.56369363771,92.0969011588728,87.4200271303458,92.9618081445186,97.175308064278,87.4200271303458,88.1757156793772,95.998945801179,93.4962145057357,93.9516023942411,87.5955875513073,R3
0.809,0.191,0.308380515484163,0.316445485229965,2.39,6876.61032575134,92.156781526267,87.4418726962038,93.0654800484593,97.1421163798714,87.4418726962038,88.283314612918,96.0886265726337,93.4507869060701,94.0028891457395,87.77916584824,R3
0.81,0.19,0.308379930871753,0.31644462881028,2.39,6876.65682474225,92.216433167587,87.4636351325793,93.1689620045838,97.1086922092895,87.4636351325793,88.3906600205562,96.177989894027,93.4050562842857,94.0537552593775,87.9627145359973,R3
0.811,0.189,0.308379346262507,0.31644377239523,2.39,6876.70338022802,92.2758502979615,87.4853124662161,93.2722444449451,97.0750432972628,87.4853124662161,88.4977437099199,96.2670121231694,93.3590282055135,94.104188762833,88.1462293738322,R3
0.812,0.188,0.308378761656426,0.316442915984816,2.39,6876.74993634975,92.335027856356,87.5069047529969,93.3753183067228,97.0411774579339,87.5069047529969,88.6045584248612,96.3556682781782,93.3127088784357,94.1541785866046,88.3297081651145,R3
0.813,0.187,0.308378177053509,0.316442059579038,2.39,6876.79649310489,92.3939599917664,87.5284115857694,93.478173723283,97.0071021168796,87.5284115857694,88.7110963721265,96.4439307893333,93.2661042080971,94.2037130994848,88.5131480391573,R3
0.814,0.186,0.308377592453756,0.316441203177895,2.39,6876.84305049193,92.452640295201,87.5498325563033,93.5808002172607,96.9728244098654,87.5498325563033,88.817349481617,96.5317694084241,93.219219973711,94.2527803756337,88.6965459387931,R3
0.815,0.185,0.308377007857168,0.316440346781387,2.39,6876.88960850985,92.5110617527632,87.5711672553061,93.6831866545545,96.9383511941735,87.5711672553061,88.9233093951238,96.6191508958185,93.1720618305668,94.3013681914456,88.8798986051169,R3
0.816,0.184,0.308376423263744,0.316439490389515,2.39,6876.93616715799,92.5692166928363,87.5924152724542,93.7853211943024,96.9036890596115,87.5924152724542,89.0289674545843,96.706038666213,93.12463531198,94.3494640228526,89.0632025606926,R3
0.817,0.183,0.308375838673484,0.316438634002278,2.39,6876.98272643823,92.6270967265831,87.6135761963877,93.8871912344628,96.8688443391779,87.6135761963877,89.1343146898208,96.7923923873201,93.0769458312718,94.3970550431564,89.2464540910671,R3
0.818,0.182,0.308375254086387,0.316437777619677,2.39,6877.02928636227,92.6846926808602,87.6346496146703,93.9887833525365,96.8338231193972,87.6346496146703,89.239341805739,96.8781675250528,93.0289986837582,94.4441281214018,89.4296492243255,R3
0.819,0.181,0.308374669502456,0.316436921241711,2.39,6877.07584690834,92.7419945228352,87.6556351141679,94.0900832412134,96.7986312503784,87.6556351141679,89.344039169222,96.9633148281381,92.980799048943,94.4906698216303,89.6127837089887,R3
0.82,0.18,0.308374084921688,0.31643606486838,2.39,6877.12240808952,92.7989912744208,87.6765322805127,94.1910756377245,96.7632743553697,87.6765322805127,89.4483967949603,97.0477797436125,92.9323519923475,94.5366664023215,89.7958529885173,R3
0.821,0.179,0.308373500344085,0.316435208499684,2.39,6877.16896989283,92.8556709165028,87.6973406986148,94.2917442473774,96.7277578401518,87.6973406986148,89.5524043312772,97.1315017552785,92.8836624677962,94.5821038172188,89.9788521743079,R3
0.822,0.178,0.308372915769645,0.316434352135623,2.39,6877.21553232999,92.9120202805044,87.7180599522773,94.3920716595826,96.6920869019394,87.7180599522773,89.6560510448835,97.2144136348957,92.8347353193283,94.6269677164782,90.1617760146498,R3
0.823,0.177,0.30837233119837,0.316433495776198,2.39,6877.26209540735,92.9680249268619,87.7386896244592,94.4920392565563,96.6562665380536,87.7386896244592,89.7593258053529,97.2964405969476,92.785575283389,94.6712434491311,90.3446188610053,R3
0.824,0.176,0.308371746630258,0.316432639421407,2.39,6877.3086591107,93.0236690085817,87.7592292974268,94.5916271134902,96.6203015542527,87.7592292974268,89.8622170689224,97.3774993468335,92.7361869909691,94.7149160664675,90.5273746302914,R3
0.825,0.175,0.308371162065311,0.316431783071252,2.39,6877.35522345343,93.0789351183171,87.7796785523778,94.6908138891976,96.5841965726257,87.7796785523778,89.9647128613436,97.4574970130008,92.6865749695316,94.7579703262394,90.7100367622201,R3
0.826,0.174,0.308370577503527,0.316430926725731,2.39,6877.40178842339,93.1338041186352,87.8000369699094,94.7895767070044,96.5479560393455,87.8000369699094,90.0668007605362,97.5363299559763,92.6367436452681,94.8003906984735,90.8925981725684,R3
0.827,0.173,0.308369992944908,0.316430070384846,2.39,6877.44835402345,93.1882549537333,87.820304129697,94.8878910241097,96.5115842319392,87.820304129697,90.1684678781224,97.6138824488575,92.5866973450339,94.842161372151,91.075051199956,R3
0.828,0.172,0.308369408389452,0.316429214048596,2.39,6877.49492025404,93.2422644431917,87.8404796106744,94.9857304889654,96.4750852663768,87.8404796106744,90.2697008405555,97.6900252303882,92.5364402984556,94.8832662634518,91.257387546666,R3
0.829,0.171,0.30836882383716,0.31642835771698,2.39,6877.54148712032,93.2958070581849,87.8605629909976,95.0830667852128,96.4384631038079,87.8605629909976,90.3704857694035,97.7646139388754,92.4859766399546,94.9236890253634,91.4395982118639,R3
0.83,0.17,0.308368239288033,0.316427501389999,2.39,6877.58805462111,93.3488546826955,87.8805538481534,95.1798694611085,96.4017215570549,87.8805538481534,90.4708082610127,97.8374874480821,92.4353104107982,94.9634130588571,91.6216734164973,R3
0.831,0.169,0.308367654742069,0.316426645067653,2.39,6877.63462273977,93.4013763641622,87.9004517590712,95.2761057430429,96.3648642968276,87.9004517590712,90.5706533654298,97.9084661436945,92.3844455611394,95.002421525667,91.8036025184255,R3
0.832,0.168,0.308367070199268,0.316425788749942,2.39,6877.6811915024,93.4533380608388,87.9202562996667,95.3717403314999,96.3278948575595,87.9202562996667,90.6700055643236,97.9773502036537,92.3333859517896,95.0406973624861,91.9853739157313,R3
0.833,0.167,0.308366485659632,0.316424932436866,2.39,6877.72776089899,93.5047023985941,87.9399670455147,95.4667351788804,96.2908166432224,87.9399670455147,90.7688487487378,98.0439179802005,92.2821353564511,95.0782232974841,92.1669749382618,R3
0.834,0.166,0.308365901123159,0.316424076128424,2.39,6877.77433091791,93.5554284530657,87.9595835715997,95.5610492466286,96.2536329327036,87.9595835715997,90.8671661956607,98.1079246230972,92.2306974635197,95.1149818681978,92.3483917231186,R3
0.835,0.165,0.30836531658985,0.316423219824617,2.39,6877.82090156474,93.6054715815515,87.9791054521841,95.65463824072,96.2163468849752,87.9791054521841,90.9649405439399,98.1691011384275,92.1790758779312,95.1509554414102,92.5296090728242,R3
0.836,0.164,0.308364732059705,0.316422363525445,2.39,6877.86747285708,93.6547833360873,87.9985322608818,95.747454324072,96.1789615440723,87.9985322608818,91.0621537695969,98.2271541386194,92.1272741230484,95.1861262350895,92.7106102933182,R3
0.837,0.163,0.308364147532724,0.316421507230907,2.39,6877.9140447741,93.7033114972308,88.0178635711032,95.8394458045946,96.1414798439413,88.0178635711032,91.1587871606412,98.2817666037997,92.0752956426852,95.2204763425217,92.8913770085597,R3
0.838,0.162,0.308363563008906,0.316420650941004,2.39,6877.96061731753,93.7510002741663,88.0370989555801,95.9305567969904,96.1039046128799,88.0370989555801,91.2548212907946,98.3326000300679,92.0231438027093,95.2539877580811,93.0718889462277,R3
0.839,0.161,0.308362978488252,0.316419794655735,2.39,6878.00719050375,93.7977907220711,88.0562379864659,96.0207268581423,96.0662385778988,88.0562379864659,91.3502359928778,98.3792983717654,91.9708218928604,95.2866424053575,93.2521236912009,R3
0.84,0.16,0.308362393970761,0.3164189383751,2.39,6878.05376431577,93.843621423899,88.0752802357557,96.1098905954327,96.0284843689643,88.0752802357557,91.4450103317842,98.4214941623993,91.9183331286682,95.3184221675384,93.4320564006488,R3
0.841,0.159,0.308361809456434,0.316418082099101,2.39,6878.10033874563,93.8884294702791,88.0942252749706,96.1979772475121,95.9906445228958,88.0942252749706,91.5391225766041,98.4588170951999,91.8656806530314,95.3493089195539,93.611659472465,R3
0.842,0.158,0.30836122494527,0.316417225827735,2.39,6878.14691382062,93.9321517456398,88.113072674982,96.2849102388514,95.9527214871212,88.113072674982,91.6325501723975,98.4909051322292,91.8128675378188,95.3792845623798,93.7909021593384,R3
0.843,0.157,0.30836064043727,0.316416369561004,2.39,6878.19348952635,93.9747264866871,88.1318220066632,96.3706067104781,95.9147176234402,88.1318220066632,91.7252697119723,98.51741787662,91.7598967857977,95.4083310597471,93.9697501187782,R3
0.844,0.156,0.308360055932434,0.316415513298907,2.39,6878.24006586296,94.0160950234963,88.1504728404677,96.4549770293492,95.8766352113985,88.1504728404677,91.8172569069605,98.5380515071515,91.7067713320673,95.4364304763621,94.1481648842133,R3
0.845,0.155,0.308359471430761,0.316414657041445,2.39,6878.28664282275,94.0562035573255,88.1690247466436,96.5379242826745,95.8384764516438,88.1690247466436,91.9084865590396,98.5525541111302,91.6534940457321,95.4635650183027,94.326103243437,R3
0.846,0.154,0.308358886932251,0.316413800788617,2.39,6878.3332204307,94.0950047799929,88.1874772949414,96.6193437644449,95.8002434690295,88.1874772949414,91.9989325309689,98.5607398702581,91.6000677313254,95.4897170750072,94.5035165039674,R3
0.847,0.153,0.308358302436905,0.316412944540423,2.39,6878.3797986548,94.1324591212889,88.2058300553711,96.699122465916,95.761938315798,88.2058300553711,92.0885677182253,98.5625003975982,91.5464951306528,95.5148692633361,94.6803496234134,R3
0.848,0.152,0.308357717944722,0.316412088296863,2.39,6878.42637751184,94.168535429791,88.2240825973828,96.7771385833298,95.7235629743002,88.2240825973828,92.1773640203697,98.5578116937012,91.4927789239252,95.5390044725155,94.8565401728038,R3
0.849,0.151,0.308357133455703,0.316411232057938,2.39,6878.47282117762,94.2032115534638,88.242235579664,96.8532616497348,95.6851195957304,88.242235579664,92.2652927205681,98.5467360953556,91.4389222111961,95.5621063126448,95.032018262817,R3
0.85,0.15,0.308356548969847,0.316410375823646,2.39,6878.51953712079,94.2364706363139,88.2602853039145,96.9273492123306,95.6466093234943,88.2602853039145,92.3523224235495,98.5294163128962,91.3849261150468,95.5841571538527,95.2066992454264,R3
0.851,0.149,0.308355964487154,0.316409519593989,2.39,6878.56611786846,94.2683056559118,88.2782346071326,96.999252392724,95.6080346542502,88.2782346071326,92.4384230999795,98.5060701653614,91.3307945793758,95.6051421918658,95.3804935566053,R3
0.852,0.148,0.308355380007625,0.316408663368965,2.39,6878.61269925039,94.2987116040889,88.2960819693248,97.068809857078,95.5693970818093,88.2960819693248,92.5235619918294,98.4769739506324,91.2765295733531,95.6250454801725,95.5532929285117,R3
0.853,0.147,0.308354795531259,0.316407807148576,2.39,6878.65914544732,94.3276868296655,88.3138280446099,97.1358513209834,95.5306985158642,88.3138280446099,92.6077059889984,98.4424497255901,91.2221339744643,95.6438523469606,95.7249747198528,R3
0.854,0.146,0.308354211058056,0.31640695093282,2.39,6878.70586391112,94.3552273460456,88.331469147927,97.2001943461476,95.4919398626895,88.331469147927,92.6908193808492,98.4028482143209,91.1676086753194,95.6615472484814,95.8953918926295,R3
0.855,0.145,0.308353626588016,0.316406094721699,2.39,6878.75231134839,94.3813308040917,88.3490091858748,97.2616511096681,95.4531236363484,88.3490091858748,92.7728678208356,98.3585374595483,91.1129578989506,95.6781177435026,96.064381578005,R3
0.856,0.144,0.30835304212114,0.316405238515211,2.39,6878.7990310926,94.4059860817466,88.3664433950672,97.3200207811555,95.4142504005277,88.3664433950672,92.8538129647031,98.3098865019188,91.05818194786,95.6935492711245,96.2317433916157,R3
0.857,0.143,0.308352457657427,0.316404382313357,2.39,6878.84547979319,94.4291802917576,88.3837756737873,97.3750997521422,95.3753225722539,88.3837756737873,92.933618006319,98.2572592201843,91.0032849514518,95.7078306695505,96.3972514883718,R3
0.858,0.142,0.308351873196876,0.316403526116137,2.39,6878.89220079117,94.4508884836993,88.4010012681429,97.4266745230504,95.3363406170917,88.4010012681429,93.0122423133051,98.2010034478426,90.9482671087953,95.7209489343052,96.5606296570617,R3
0.859,0.141,0.308351288739489,0.316402669923551,2.39,6878.93865075479,94.4710807406191,88.4181240674535,97.4745326636651,95.2973068622422,88.4181240674535,93.0896465848622,98.1414489145688,90.8931324599671,95.732894364285,96.721560007909,R3
0.86,0.14,0.308350704285265,0.316401813735598,2.39,6878.98523717906,94.4897128919214,88.4351404046618,97.518457539634,95.2582219215788,88.4351404046618,93.1657881718095,98.0789015946915,90.8378815936607,95.7436559684085,96.8796559409265,R3
0.861,0.139,0.308350119834205,0.316400957552279,2.39,6879.03196007445,94.506730365197,88.4520498541028,97.5582370014464,95.2190870821985,88.4520498541028,93.2406241877859,98.0136438886666,90.7825165118748,95.753224577314,97.034459818187,R3
0.862,0.138,0.308349535386307,0.316400101373594,2.39,6879.07841192682,94.5220665086473,88.4688552139253,97.5936670225853,95.1799043101804,88.4688552139253,93.3141113227321,97.9459340525925,90.7270406415158,95.7615926972592,97.1854268083875,R3
0.863,0.137,0.308348950941572,0.316399245199542,2.39,6879.1250002383,94.5356364689486,88.4855528289039,97.6245515157999,95.1406740960335,88.4855528289039,93.3862035338044,97.8760060007421,90.6714544340985,95.7687521997155,97.3318971424909,R3
0.864,0.136,0.3083483665,0.316398389030124,2.39,6879.17158919019,94.547340123514,88.5021433466143,97.6507117809014,95.1013978507491,88.5021433466143,93.4568547105357,97.8040714138613,90.6157602547209,95.7746969970206,97.473084633709,R3
0.865,0.135,0.308347782061591,0.31639753286534,2.39,6879.21817877142,94.557057440333,88.5186263397281,97.671988615693,95.0620767099314,88.5186263397281,93.5260173966101,97.7303207697027,90.5599599392394,95.7794217463572,97.608048005402,R3
0.866,0.134,0.308347197626345,0.316396676705189,2.39,6879.26476897742,94.5646467667547,88.5350013814129,97.6882472429464,95.0227117745219,88.5350013814129,93.5936431021466,97.6549251140907,90.5040552839381,95.7829221367586,97.7356680982223,R3
0.867,0.133,0.308346613194262,0.316395820549671,2.39,6879.31135981715,94.5699430459413,88.5512680453156,97.6993813330212,94.9833041120421,88.5512680453156,93.6596823630588,97.5780377904904,90.4480480464481,95.7851949073722,97.8546277697822,R3
0.868,0.132,0.308346028765342,0.316394964398787,2.39,6879.35795128558,94.5727572543756,88.5674259058322,97.7053163551002,94.9438547578574,88.5674259058322,93.724084811733,97.4997961418307,90.3919399467898,95.7862378613549,97.9634022545063,R3
0.869,0.131,0.308345444339585,0.316394108252536,2.39,6879.40454338281,94.5728783243749,88.5834745380001,97.7060120207082,94.9043647162987,88.5834745380001,93.7867992596653,97.4203231331116,90.3357326682093,95.7860498751098,98.0602703838958,R3
0.87,0.13,0.308344859916991,0.316393252110919,2.39,6879.45113612563,94.5700792370916,88.5994135174437,97.7014636375884,94.864834961747,88.5994135174437,93.8477737928399,97.3397288648609,90.2794278580248,95.7846309028856,98.1433603613426,R3
0.871,0.129,0.308344275497559,0.316392395973935,2.39,6879.49772947628,94.5641290249524,88.6152424209938,97.6917022696992,94.8252664398391,88.6152424209938,93.9069558805229,97.258111962551,90.223027128752,95.781981976747,98.2107441205141,R3
0.872,0.128,0.30834369108129,0.316391539841584,2.39,6879.54432347177,94.554811597618,88.6309608257087,97.6767936901722,94.7856600682479,88.6309608257087,93.9642924977302,97.1755608374999,90.1665320584783,95.778105201616,98.2605876014909,R3
0.873,0.127,0.308343106668184,0.316390683713867,2.39,6879.5909180797,94.5419501855227,88.6465683100568,97.6568362094638,94.7460167379256,88.6465683100568,94.019730262205,97.0921548212419,90.1099441922049,95.7730037459438,98.2913472051397,R3
0.874,0.126,0.308342522258241,0.316389827590782,2.39,6879.63751333826,94.5254330625804,88.6620644528638,97.6319575411105,94.706337313794,88.6620644528638,94.0732155856712,97.0079651797535,90.0532650421423,95.7666818275334,98.3019775577749,R3
0.875,0.125,0.30834193785146,0.316388971472331,2.39,6879.68410921454,94.5052336116456,88.6774488344731,97.6023109308151,94.666622635902,88.6774488344731,94.1246948398467,96.9230560158672,89.9964960890072,95.7591446951978,98.2920948520553,R3
0.876,0.124,0.308341353447842,0.316388115358513,2.39,6879.73070571785,94.481417947618,88.6927210358999,97.5680708055634,94.626873520088,88.6927210358999,94.1741145367377,96.8374850697093,89.9396387823689,95.7503986059587,98.2620412246182,R3
0.877,0.123,0.308340769047387,0.316387259249328,2.39,6879.77730286038,94.4541371661628,88.7078806392002,97.5294282056207,94.587090758886,88.7078806392002,94.2214215230749,96.7513044268571,89.8826945415383,95.7404507983717,98.2128264357533,R3
0.878,0.122,0.308340184650094,0.316386403144776,2.39,6879.82390062297,94.4236069504999,88.7229272277719,97.4865862404189,94.5472751223829,88.7229272277719,94.2665631881183,96.6645611439377,89.82566475641,95.7293094620614,98.1459684628983,R3
0.879,0.121,0.308339600255964,0.316385547044857,2.39,6879.87049902201,94.3900812707342,88.7378603858943,97.4397557704392,94.5074273588727,88.7378603858943,94.309487683944,96.5772978008598,89.7685507879276,95.7169837037571,98.0632866741788,R3
0.88,0.12,0.308339015864997,0.316384690949571,2.39,6879.91709805758,94.3538272342243,88.7526796991738,97.3891514680584,94.4675481956844,88.7526796991738,94.3501441569687,96.4895529879453,89.7113539689565,95.7034835102377,97.9667038867694,R3
0.881,0.119,0.308338431477192,0.316383834858918,2.39,6879.96369771115,94.3151056159787,88.7673847546159,97.3349883577874,94.4276383398896,88.7673847546159,94.3884829891557,96.4013617357272,89.6540756049667,95.6888197084262,97.8580934372608,R3
0.882,0.118,0.308337847092549,0.316382978772898,2.39,6880.0102980042,94.2741584332811,88.7819751402174,97.2774788879999,94.3876984788894,88.7819751402174,94.4244560470827,96.3127558943079,89.5967169744602,95.6730039230433,97.739182120248,R3
0.883,0.117,0.308337262711069,0.316382122691511,2.39,6880.05689891948,94.231202725147,88.7964504456312,97.2168305451824,94.3477292812038,88.7964504456312,94.4580169365717,96.2237644682359,89.5392793299049,95.6560485321734,97.6115022622725,R3
0.884,0.116,0.308336678332752,0.316381266614757,2.39,6880.10350046507,94.1864287993164,88.8108102617166,97.1532439899074,94.3077313969902,88.8108102617166,94.4891212605355,96.1344139125524,89.4817638981136,95.6379666211014,97.4763790536139,R3
0.885,0.115,0.308336093957597,0.316380410542635,2.39,6880.15010264202,94.1400012179989,88.8250541808481,97.0869116720257,94.2677054587032,88.8250541808481,94.5177268771519,96.0447283945923,89.4241718809666,95.6187719347991,97.3349393449039,R3
0.886,0.114,0.308335509585605,0.316379554475146,2.39,6880.19670545482,94.0920611935813,88.839181796874,97.0180168692737,94.2276520816622,88.839181796874,94.5437941554286,95.9547300258408,89.3665044559613,95.5984788294234,97.1881313341863,R3
0.887,0.113,0.308334925216774,0.31637869841229,2.39,6880.24330888403,94.0427295215754,88.8531927053929,96.9467330876539,94.18757186466,88.8531927053929,94.5672862249024,95.8644390674494,89.308762776886,95.5771022231598,97.036748222499,R3
0.888,0.112,0.308334340851107,0.316377842354066,2.39,6880.28991294845,93.9921095449802,88.8670865033181,96.873223761484,94.1474653903887,88.8670865033181,94.5881692163029,95.773874112763,89.2509479741484,95.5546575468296,96.8814518546071,R3
0.889,0.111,0.308333756488601,0.316376986300476,2.39,6880.33651764651,93.9402898939781,88.880862789387,96.7976421942624,94.1073332260667,88.880862789387,94.6064124895183,95.683052249442,89.1930611555348,95.5311606944557,96.7227943531579,R3
0.89,0.11,0.308333172129258,0.316376130251517,2.39,6880.38312297037,93.8873468964941,88.8945211640994,96.7201316871592,94.0671759239105,88.8945211640994,94.6219888457245,95.5919892038272,89.135103406689,95.5066279742119,96.5612369663315,R3
0.891,0.109,0.308332587773077,0.316375274207192,2.39,6880.42972891678,93.8333466390721,88.9080612296903,96.640825808709,94.0269940215963,88.9080612296903,94.634874720339,95.5006994696207,89.0770757915885,95.4810760599894,96.3971660110433,R3
0.892,0.108,0.308332003420059,0.316374418167498,2.39,6880.47633550936,93.7783466990016,88.9214825900161,96.5598487663767,93.9867880426849,88.9214825900161,94.6450503537331,95.409196422761,89.0189793529645,95.4545219438722,96.2309061196045,R3
0.893,0.107,0.308331419070202,0.316373562132438,2.39,6880.52294271254,93.7223975858135,88.9347848512585,96.4773158474145,93.9465584972195,88.9347848512585,94.6524999365836,95.3174924239817,88.9608151131104,95.4269828896092,96.0627311273303,R3
0.894,0.106,0.308330834723508,0.316372706102009,2.39,6880.56955055166,93.6655439345764,88.9025840739173,96.3933339031653,93.9063058819412,88.9479676210686,94.6572117281447,95.2255989108577,88.9025840739173,95.3984763876249,95.8928729698917,R6
0.895,0.105,0.308330250379976,0.316371850076214,2.39,6880.61615902502,93.6078254912867,88.8442872176624,96.3080018558433,93.8660306808605,88.9610305092866,94.6591781444292,95.1335264800857,88.8442872176624,95.3690201113278,95.721528930798,R6
0.896,0.104,0.308329666039607,0.31637099405505,2.39,6880.66276812616,93.5492779260698,88.7859255073797,96.2214112122631,93.8257333656166,88.9739731278327,94.6583958154822,95.041284961477,88.7859255073797,95.3386318751945,95.5488675433128,R6
0.897,0.103,0.308329081702399,0.316370138038519,2.39,6880.70937786088,93.4899335045161,88.7274998872449,96.1336465725757,93.7854143958266,88.9867950906219,94.6548656104906,94.9488834844815,88.7274998872449,95.3073295946462,95.3750334002413,R6
0.898,0.102,0.308328497368354,0.31636928202662,2.39,6880.7559882127,93.4298216423429,88.669011283126,96.0447861253677,93.745074219525,88.9994960138883,94.6485926301182,94.8563305380123,88.669011283126,95.2751312477622,95.2001510809436,R6
0.899,0.101,0.30832791303747,0.316368426019354,2.39,6880.80259919294,93.3689693641027,88.6104606028249,95.954902123272,93.7047132734272,89.012075515861,94.6395861666238,94.763634024498,88.6104606028249,95.2420548390909,95.0243283672239,R6
0.9,0.1,0.308327328709749,0.316367570016719,2.39,6880.84921081483,93.3074016827483,88.5518487365774,95.864061334974,93.6643319833151,89.024533217009,94.6278596319952,94.6708013085839,88.5518487365774,95.2081183653996,94.8476588841322,R6
0.901,0.099,0.30832674438519,0.316366714018717,2.39,6880.89582304861,93.2451419137937,88.4931765576231,95.7723254712957,93.6239307644643,89.0368687404439,94.6134304554944,94.5778392611403,88.4931765576231,95.173339783463,94.6702242764252,R6
0.902,0.098,0.308326160063792,0.316365858025347,2.39,6880.94243593459,93.1822119353316,88.4344449221696,95.6797515844915,93.583510021743,89.0490817111131,94.5963199530901,94.484754299312,88.4344449221696,95.1377369802061,94.492096010527,R6
0.903,0.097,0.308325575745557,0.316365002036609,2.39,6880.98904943033,93.1186324028413,88.3756546703477,95.5863924398419,93.5430701502102,89.0611717570108,94.5765531694607,94.3915524224666,88.3756546703477,95.101327744514,94.3133368688788,R6
0.904,0.096,0.308324991430484,0.316364146052503,2.39,6881.03566356722,93.0544229265787,88.3168066259869,95.4922968608346,93.502611535123,89.073138508058,94.5541586973604,94.2982392452519,88.3168066259869,95.0641297416394,94.1340021983753,R6
0.905,0.095,0.308324407118572,0.31636329007303,2.39,6881.0822783277,92.9896022174204,88.2579015974438,95.3975100478471,93.4621345524523,89.0849815970743,94.5291684750614,94.2048200272495,88.2579015974438,95.0261604891897,93.9541409530453,R6
0.906,0.094,0.308323822809823,0.316362434098188,2.39,6881.128893712,92.9241882065682,88.1989403776979,95.3020738722264,93.4216395690355,89.0967006593371,94.501617566873,94.1112997002335,88.1989403776979,94.9874373354586,93.7737965716833,R6
0.907,0.093,0.308323238504235,0.316361578127978,2.39,6881.17550972261,92.8581981432488,88.139923744754,95.2060271466937,93.3811269428743,89.1082953327525,94.4715439290036,94.0176828928817,88.139923744754,94.947977439574,93.5930077174562,R6
0.908,0.092,0.30832265420181,0.3163607221624,2.39,6881.2221263751,92.7916486740823,88.0808524619344,95.1094058736771,93.3405970233743,89.1197652578303,94.4389881645991,93.9239739533741,88.0808524619344,94.9077977535962,93.4118089042731,R6
0.909,0.091,0.308322069902546,0.316359866201454,2.39,6881.26874364848,92.724555907098,88.0217272783918,95.0122434729338,93.3000501516842,89.131110078109,94.4039932709104,93.8301769699247,88.0217272783918,94.8669150063174,93.2302310285127,R6
0.91,0.09,0.308321485606444,0.31635901024514,2.39,6881.31536154862,92.6569354631108,87.9625489291883,94.9145709902642,93.2594866608231,89.1423294397384,94.3666043826838,93.7362957897377,87.9625489291883,94.8253456890585,93.0483018233927,R6
0.911,0.089,0.308320901313504,0.316358154293457,2.39,6881.36198007966,92.5888025164981,87.903318135712,94.816417288406,93.2189068759665,89.1534229917505,94.3268685139389,93.6423340362211,87.903318135712,94.7831060429473,92.8660462470424,R6
0.912,0.088,0.308320317023725,0.316357298346407,2.39,6881.40859924371,92.5201718273273,87.8440356059774,94.717809221721,93.1783111146696,89.1643903861156,94.2848343015691,93.5482951248034,87.8440356059774,94.7402120478529,92.6834868159098,R6
0.913,0.087,0.308319732737108,0.316356442403988,2.39,6881.45521903382,92.4510577664063,87.7847020349511,94.618771795953,93.1376996871009,89.1752312778497,94.2405517532468,93.4541822774415,87.7847020349511,94.6966794128104,92.5006438918967,R6
0.914,0.086,0.308319148453653,0.316355586466201,2.39,6881.50183860687,92.3814743337874,87.7253181079596,94.5193283125452,93.0970728977733,89.1859453311086,94.1940719976105,93.3599985346298,87.7253181079596,94.6525235657788,92.3175359228933,R6
0.915,0.085,0.30831856417336,0.316354730533045,2.39,6881.54845851058,92.3114351756865,87.6658844925603,94.4195005069535,93.0564310416531,89.1965322029526,94.1454470593707,93.2657467711924,87.6658844925603,94.6077596523963,92.134179678413,R6
0.916,0.084,0.308317979896228,0.316353874604521,2.39,6881.59507916824,92.2409535942372,87.6064018445329,94.3193086676929,93.01577440714,89.2069915545198,94.0947296253666,93.1714297051918,87.6064018445329,94.5624025268049,91.9505904226484,R6
0.917,0.083,0.308317395622258,0.316353018680629,2.39,6881.64170039606,92.1700425553189,87.5468708099694,94.2187717469886,92.9751032771472,89.2173230545838,94.0419728273978,93.0770499075331,87.5468708099694,94.5164667459173,91.7667820730138,R6
0.918,0.082,0.308316811351449,0.316352162761368,2.39,6881.68832232176,92.0987146957504,87.4872920220664,94.1179074650138,92.934417927596,89.2275263729026,93.9872300457664,92.9826098130303,87.4872920220664,94.4699665684886,91.5827673511392,R6
0.919,0.081,0.308316227083802,0.316351306846739,2.39,6881.73494476879,92.026982327364,87.4276661037042,94.0167324021191,92.8937186287279,89.2376011847554,93.9305547181027,92.8881117282503,87.4276661037042,94.4229159511626,91.3985579020901,R6
0.92,0.08,0.308315642819317,0.316350450936741,2.39,6881.78156789261,91.9548574413581,87.3679936652873,93.9152620859669,92.8530056441042,89.2475471663742,93.8720001695103,92.7935578407441,87.3679936652873,94.3753285488321,91.2141644100456,R6
0.921,0.079,0.308315058557993,0.316349595031375,2.39,6881.82819170584,91.8823517107468,87.3082753067833,93.8135110689856,92.812279231646,89.257363998451,93.811619450861,92.6989502258333,87.3082753067833,94.3272177128032,91.0295966906107,R6
0.922,0.078,0.308314474299831,0.31634873913064,2.39,6881.87481610061,91.8094764929504,87.2485116178737,93.7114930003892,92.7715396437591,89.2670513660171,93.7494651944256,92.6042908536431,87.2485116178737,94.2785964910649,90.8448637764302,R6
0.923,0.077,0.30831389004483,0.316347883234536,2.39,6881.92144114222,91.7362428325654,87.1887031770666,93.6092206928777,92.730787126943,89.2766089563814,93.6855894855677,92.5095815960898,87.1887031770666,94.2294776300751,90.6599739955219,R6
0.924,0.076,0.30831330579299,0.316347027343064,2.39,6881.96806679757,91.6626614635126,87.1288505529583,93.5067061826012,92.690021922448,89.2860364611426,93.6200437451274,92.4148242324465,87.1288505529583,94.1798735755507,90.4749350358259,R6
0.925,0.075,0.308312721544312,0.316346171456223,2.39,6882.01469309413,91.5887428118563,87.0689543038395,93.4039607851862,92.6492442661261,89.2953335750962,93.5528786279963,92.3200204551943,87.0689543038395,94.1297964750873,90.289754006325,R6
0.926,0.074,0.308312137298796,0.316345315574013,2.39,6882.06131998224,91.514496998534,87.0090149784386,93.3009951465352,92.608454388825,89.3044999972805,93.4841439329243,92.2251718749886,87.0090149784386,94.0792581803956,90.1044374888838,R6
0.927,0.073,0.30831155305644,0.316344459696435,2.39,6882.10794754068,91.4399338428467,86.9490331153436,93.1978192903679,92.5676525161491,89.3135354295542,93.413888526836,92.1302800258303,86.9490331153436,94.0282702510719,89.9189915876205,R6
0.928,0.0720000000000001,0.308310968817247,0.316343603823487,2.39,6882.15457575603,91.3650628657851,86.8890092440465,93.0944426609578,92.5268388689982,89.3224395782286,93.3421602781535,92.0353463691864,86.8890092440465,93.9768439574337,89.7334219692763,R6
0.929,0.071,0.308310384581214,0.316342747955171,2.39,6882.20120467691,91.2898932942187,86.8289438845531,92.9908741633716,92.486013663412,89.331212153021,93.2690060033666,91.9403722984355,86.8289438845531,93.9249902848969,89.5477339026928,R6
0.93,0.0700000000000001,0.308309800348343,0.316341892091486,2.39,6882.24783409693,91.2144340648587,86.7688375487857,92.8871221994048,92.4451771112827,89.3398528693481,93.1944714206898,91.8453591422163,86.7688375487857,93.8727199371388,89.3619322900037,R6
0.931,0.069,0.308309216118633,0.316341036232432,2.39,6882.29446419332,91.1386938298676,86.7086907383383,92.7831947030663,92.4043294192889,89.3483614438564,93.1186011192286,91.7503081691773,86.7086907383383,93.8200433426585,89.1760217033267,R6
0.932,0.0680000000000001,0.308308631892084,0.316340180378009,2.39,6882.34109492647,91.0626809611851,86.6485039469468,92.6790991703373,92.363470790133,89.3567375987322,93.0414385286436,91.6552205903228,86.6485039469468,93.7669706575234,88.9900064068419,R6
0.933,0.0669999999999999,0.308308047668696,0.316339324528217,2.39,6882.38772633358,90.986403556366,86.5882776595517,92.5748426887953,92.322601422102,89.3649810596657,92.9630259023573,91.5600975626993,86.5882776595517,93.7135117712343,88.8038903845224,R6
0.934,0.0660000000000001,0.30830746344847,0.316338468683056,2.39,6882.43435830898,90.9098694440207,86.5280123533147,92.4704319637374,92.2817215095929,89.3730915574509,92.8834043043812,91.4649401919748,86.5280123533147,93.6596763110424,88.6176773606715,R6
0.935,0.0649999999999999,0.308306879231405,0.316337612842525,2.39,6882.48099097456,90.8330861903308,86.4677084963685,92.3658733438329,92.2408312425246,89.381068825435,92.8026136063438,91.3697495358631,86.4677084963685,93.6054736484184,88.4313708238602,R6
0.936,0.0640000000000001,0.308306295017501,0.316336757006626,2.39,6882.52762425888,90.7560611046836,86.4073665495973,92.2611728428938,92.1999308072313,89.3889126025193,92.7206924848127,91.2745266059729,86.4073665495973,93.550912902907,88.2449740415341,R6
0.937,0.0629999999999999,0.308305710806758,0.316335901175358,2.39,6882.57425806931,90.6788012463103,86.3469869661443,92.1563361614842,92.1590203862356,89.3966226319934,92.6376784275036,91.1792723705488,86.3469869661443,93.4960029480902,88.0584900784824,R6
0.938,0.0620000000000001,0.308305126599176,0.31633504534872,2.39,6882.6208925785,90.6013134312508,86.2865701904696,92.0513687073066,92.1181001578189,89.4041986595993,92.5536077446273,91.0839877572573,86.2865701904696,93.4407524180595,87.8719218148679,R6
0.939,0.0609999999999999,0.308304542394755,0.316334189526713,2.39,6882.66752775465,90.5236042383335,86.2261166603072,91.9462756121851,92.0771702969859,89.4116404368472,92.4685155788479,90.9886736544914,86.2261166603072,93.3851697112262,87.6852719557775,R6
0.94,0.0600000000000001,0.308303958193495,0.316333333709337,2.39,6882.71416359326,90.4456800162338,86.165626805929,91.8410617495661,92.0362309751268,89.4189477194455,92.382435923247,90.8933309137873,86.165626805929,93.3292629966299,87.4985430461389,R6
0.941,0.0590000000000001,0.308303373995397,0.316332477896591,2.39,6882.76080003833,90.3675468901281,86.1051010505976,91.7357317500238,91.9952823602542,89.4261202678953,92.2954016399225,90.7979603515649,86.1051010505976,93.2730402191466,87.31173748162,R6
0.942,0.0580000000000001,0.308302789800459,0.316331622088476,2.39,6882.80743714635,90.2892107687189,86.044539810081,91.6302900162921,91.9543246167809,89.4331578464038,92.207444482602,90.7025627512018,86.044539810081,93.2165091055758,87.1248575208135,R6
0.943,0.0570000000000001,0.308302205608682,0.316330766284992,2.39,6882.85407484181,90.2106773506319,85.9839434937322,91.5247407361992,91.913357906064,89.4400602246104,92.118595118339,90.6071388642476,85.9839434937322,93.1596771691836,86.937905292679,R6
0.944,0.056,0.308301621420066,0.316329910486138,2.39,6882.90071318791,90.1319521315515,85.9233125035877,91.4190878960406,91.8723823859787,89.446827175782,92.0288831543698,90.5116894124869,85.9233125035877,93.1025517161274,86.7508828080388,R6
0.945,0.055,0.308301037234611,0.316329054691915,2.39,6882.94735212686,90.0530404104851,85.8626472355058,91.3133352916568,91.8313982114782,89.4534584786236,91.9383371625125,90.4162150889425,85.8626472355058,93.0451398498391,86.5637919653222,R6
0.946,0.054,0.308300453052317,0.316328198902322,2.39,6882.99399176061,89.973947296775,85.8019480782134,91.2074865401845,91.7904055341557,89.4599539154149,91.8469847083052,90.3207165597742,85.8019480782134,92.9874484773913,86.3766345607609,R6
0.947,0.053,0.308299868873184,0.31632734311736,2.39,6883.04063195012,89.8946777159586,85.7412154149768,91.1015450892051,91.7494045030598,89.4663132747765,91.7548523760645,90.2251944648553,85.7412154149768,92.9294843131942,86.1894122915368,R6
0.948,0.052,0.308299284697212,0.316326487337028,2.39,6883.08727284215,89.8152364169568,85.6804496217082,90.9955142277565,91.7083952637851,89.4725363481332,91.6619658009564,90.1296494199746,85.6804496217082,92.8712538861854,86.0021267671545,R6
0.949,0.051,0.3082987005244,0.316325631561326,2.39,6883.13391433774,89.7356279774825,85.6196510691258,90.8893970938028,91.6673779595349,89.478622933362,91.5683496938693,90.0340820170256,85.6196510691258,92.812763542839,85.8147795103004,R6
0.95,0.05,0.308298116354749,0.316324775790255,2.39,6883.18055649194,89.6558568107764,85.5588201213437,90.7831966836914,91.6263527304478,89.4845728321243,91.4740278729779,89.9384928258385,85.5588201213437,92.7540194537168,85.6273719660711,R6
0.951,0.049,0.308297532188259,0.316323920023814,2.39,6883.22719927138,89.5759271711817,85.4399055046936,90.676915859287,91.5853197141072,89.4903858515407,91.3790232907242,89.8428823947773,85.4979571369162,92.6950276174072,85.4399055046936,R8
0.952,0.048,0.30829694802493,0.316323064262004,2.39,6883.27384269846,89.495843160187,85.2523814275489,90.5705573556964,91.5442790453465,89.4960618032661,91.2833580633478,89.747251251982,85.4370624684037,92.6357938659047,85.2523814275489,R8
0.953,0.047,0.308296363864762,0.316322208504823,2.39,6883.32048674284,89.4156087319004,85.0648009704414,90.4641237877961,91.5032308565088,89.50160050425,91.1870534983378,89.6515999060971,85.3761364628969,92.576323868875,85.0648009704414,R8
0.954,0.046,0.308295779707754,0.316321352752273,2.39,6883.36713141964,89.335227698703,84.8771653085162,90.3576176569286,91.4621752773234,89.5070017761156,91.0901301229875,89.5559288473404,85.3151794617568,92.5166231386552,84.8771653085162,R8
0.955,0.045,0.308295195553906,0.316320497004353,2.39,6883.41377666226,89.2547037363699,84.6894755587579,90.2510413565619,91.4211124352117,89.5122654460484,90.9926077108505,89.4602385480826,85.2541918012066,92.45669703424,84.6894755587579,R8
0.956,0.044,0.30829461140322,0.316319641261063,2.39,6883.46042260361,89.1740403896955,84.501732786086,90.1443971787259,91.380042454806,89.5173913449611,90.8945053106291,89.364529464172,85.193173811352,92.3965507668319,84.501732786086,R8
0.957,0.043,0.308294027255694,0.316318785522404,2.39,6883.50706916848,89.0932410768235,84.313938002686,90.0376873181544,91.3389654587776,89.5223793102382,90.7958412694986,89.2688020349089,85.1321258178573,92.3361894024673,84.313938002686,R8
0.958,0.042,0.308293443111328,0.316317929788374,2.39,6883.55371641004,89.0123090946361,84.1260921741672,89.9309138782161,91.2978815672595,89.527229183532,90.6966332611839,89.1730566843908,85.0710481407531,92.2756178675858,84.1260921741672,R8
0.959,0.041,0.308292858970124,0.316317074058974,2.39,6883.60036427813,88.9312476230379,83.9381962201232,89.8240788749311,91.2567908983311,89.5319408123326,90.5968983092624,89.0772938217387,85.0099410954218,92.214840952162,83.9381962201232,R8
0.96,0.04,0.308292274832079,0.316316218334204,2.39,6883.6470127768,88.8500597297279,83.7502510182076,89.7171842418148,91.2156935677771,89.5365140489574,90.4966528126081,88.9815138420334,84.9488049920872,92.1538633143375,83.7502510182076,R8
0.961,0.039,0.308291690697195,0.316315362614064,2.39,6883.69366185824,88.76874837437,83.5622574055191,89.6102318337129,91.1745896893349,89.5409487512799,90.3959125682135,88.8857171267187,84.887640136323,92.0926894838578,83.5622574055191,R8
0.962,0.038,0.308291106565472,0.316314506898554,2.39,6883.74031158145,88.6873164130525,83.3742161823585,89.5032234311549,91.1334793744471,89.5452447817245,90.2946927952235,88.7899040444722,84.8264468285229,92.0313238665167,83.3742161823585,R8
0.963,0.037,0.308290522436909,0.316313651187674,2.39,6883.78696197442,88.6057666020947,83.1861281130026,89.3961607436217,91.0923627325658,89.5494020082,90.1930081560875,88.6940749514923,84.7652253645326,91.9697707472551,83.1861281130026,R8
0.964,0.036,0.308289938311506,0.316312795481424,2.39,6883.8336130345,88.5241016019297,82.9979939276607,89.2890454130017,91.0512398711979,89.5534203041139,90.0908727779935,88.598230192013,84.7039760357308,91.9080342937258,82.9979939276607,R8
0.965,0.035,0.308289354189264,0.316311939779804,2.39,6883.88026465583,88.4423239807222,82.8098143236206,89.1818790166449,91.0101108960951,89.5572995488798,89.9883002730336,88.5023700986508,84.6426991293947,91.8461185594582,82.8098143236206,R8
0.966,0.034,0.308288770070183,0.316311084082813,2.39,6883.92691690672,88.360436218439,82.6215899695884,89.0746630712354,90.9689759107613,89.5610396261378,89.8853037602383,88.4064949934131,84.581394927717,91.7840274884213,82.6215899695884,R8
0.967,0.033,0.308288185954261,0.316310228390452,2.39,6883.9735698014,88.2784407099175,82.4333215051257,88.9673990350342,90.9278350169353,89.564640425268,89.7818958831765,88.3106051877012,84.5200637087667,91.7217649173326,82.4333215051257,R8
0.968,0.032,0.3082876018415,0.31630937270272,2.39,6884.02022338732,88.1963397683372,82.2450095429792,88.8600883108743,90.8866883144655,89.5681018408489,89.67808882918,88.2147009828989,84.458705746233,91.6593345792173,82.2450095429792,R8
0.969,0.031,0.308287017731899,0.316308517019619,2.39,6884.06687757518,88.1141356281145,82.0566546688676,88.7527322482481,90.8455359016696,89.5714237737622,89.5738943460021,88.1187826704522,84.3973213101617,91.5967401057528,82.0566546688676,R8
0.97,0.03,0.308286433625459,0.316307661341146,2.39,6884.11353236015,88.0318304483527,81.8682574449161,88.6453321464032,90.8043778749577,89.5746061298036,89.4693237606478,88.0228505326729,84.3359106661783,91.5339850312423,81.8682574449161,R8
0.971,0.029,0.308285849522179,0.316306805667304,2.39,6884.16018781681,87.9494263157812,81.6798184108486,88.5378892566473,90.7632143288799,89.5776488197441,89.3643879959306,87.9269048431054,84.2744740755788,91.4710727955148,81.6798184108486,R8
0.972,0.028,0.308285265422058,0.316305949998091,2.39,6884.2068439278,87.8669252472742,81.4913380835133,88.4304047840256,90.7220453564869,89.5805517604345,89.2590975851354,87.8309458665374,84.213011796073,91.4080067459877,81.4913380835133,R8
0.973,0.027,0.308284681325099,0.316305094333507,2.39,6884.25350062424,87.7843291926323,81.3028169583726,88.3228798895144,90.6808710492914,89.5833148745631,89.153462687627,87.7349738594078,84.1515240816947,91.3447901405874,81.3028169583726,R8
0.974,0.026,0.308284097231299,0.316304238673553,2.39,6884.30015796722,87.7016400375072,81.1142555122666,88.2153156925254,90.6396914969594,89.5859380895369,89.0474931048996,87.6389890704828,84.0900111821671,91.2814261512201,81.1142555122666,R8
0.975,0.025,0.308283513140659,0.316303383018228,2.39,6884.3468159397,87.6188596055251,80.925654202391,88.107713272136,90.5985067877367,89.5884213388009,88.9411982931739,87.5429917407525,84.0284733437921,91.217917865418,80.925654202391,R8
0.976,0.024,0.30828292905318,0.316302527367533,2.39,6884.3934745822,87.5359896609241,80.7370134685182,88.0000736692703,90.557317008229,89.5907645610118,88.834587377951,87.4469821039811,83.9669108089757,91.1542682894563,80.7370134685182,R8
0.977,0.023,0.308282344968861,0.316301671721467,2.39,6884.44013384294,87.4530319105777,80.5483337324175,87.8923978879115,90.5161222437177,89.5929677009815,88.7276691659282,87.350960386693,83.9053238168832,91.0904803500887,80.5483337324175,R8
0.978,0.022,0.308281760887701,0.31630081608003,2.39,6884.48679370649,87.369988006429,80.3596153999036,87.7846868970741,90.4749225779454,89.5950307088877,88.6204521584382,87.2549268086889,83.8437126030082,91.026556897486,80.3596153999036,R8
0.979,0.021,0.308281176809702,0.316299960443222,2.39,6884.53345424957,87.2868595477037,80.1708588621402,87.676941632477,90.4337180930444,89.5969535399503,88.5129445638327,87.1588815834068,83.7820773990126,90.9625007077652,80.1708588621402,R8
0.98,0.02,0.308280592734863,0.316299104811044,2.39,6884.58011539525,87.2036480824873,79.9820644940092,87.5691629972362,90.3925088700328,89.5987361559567,88.4051543071671,87.0628249176747,83.7204184337453,90.8983144840761,79.9820644940092,R8
0.981,0.019,0.308280008663184,0.316298249183495,2.39,6884.62677719876,87.1203551101866,79.7932326575298,87.4613518640753,90.3512949883004,89.6003785235094,88.2970890433232,86.9667570125135,83.658735932198,90.8340008600431,79.7932326575298,R8
0.982,0.018,0.308279424594664,0.316297393560575,2.39,6884.67343958746,87.0369820829162,79.6043637000188,87.3535090758362,90.3100765261328,89.6018806156341,88.1887561656573,86.8706780628369,83.5970301165696,90.7695624006443,79.6043637000188,R8
0.983,0.017,0.308278840529305,0.316296537942284,2.39,6884.72010266102,86.9535304078331,79.4154579575762,87.2456354476042,90.2688535601658,89.603242409953,88.0801628183432,86.7745882582602,83.5353012051597,90.7050016056026,79.4154579575762,R8
0.984,0.016,0.308278256467106,0.316295682328622,2.39,6884.76676632916,86.8700014481825,79.2265157521934,87.1377317667911,90.2276261661094,89.6044638909001,87.9713159034038,86.678487782579,83.4735494138321,90.6403209096513,79.2265157521934,R8
0.985,0.015,0.308277672408066,0.316294826719589,2.39,6884.81343070608,86.7863965256664,79.0375373960837,87.0297987954236,90.1863944180146,89.6055450473279,87.8622220929383,86.582376814752,83.4117749545416,90.5755226862497,79.0375373960837,R8
0.986,0.014,0.308277088352186,0.316293971115185,2.39,6884.86009562695,86.7027169211222,78.848523187559,86.9218372697408,90.1451583892269,89.6064858754424,87.7528878344656,86.4862555281194,83.3499780372679,90.5106092471553,78.848523187559,R8
0.987,0.013,0.308276504299466,0.31629311551541,2.39,6884.90676119419,86.6189638770439,78.6594734167675,86.8138479028536,90.1039181513665,89.6072863755024,87.6433193635124,86.390124091673,83.2881588679409,90.4455828467346,78.6594734167675,R8
0.988,0.012,0.308275920249906,0.316292259920264,2.39,6884.95342746924,86.5351385984613,78.4703883632009,86.7058313847682,90.0626737749457,89.6079465536934,87.5335227095356,86.293982669607,83.226317649695,90.3804456822448,78.4703883632009,R8
0.989,0.011,0.308275336203506,0.316291404329747,2.39,6885.00009431182,86.4512422540228,78.2812682945905,86.5977883828075,90.0214253296962,89.6084664230759,87.4235037025762,86.1978314211621,83.1644545835502,90.3151998947235,78.2812682945905,R8
0.99,0.01,0.308274752160266,0.316290548743859,2.39,6885.04676184826,86.3672759782048,78.0921134718256,86.4897195439038,89.980172883698,89.6088460007937,87.313267984266,86.1016705017184,83.1025698666295,90.2498475728031,78.0921134718256,R8
0.991,0.00900000000000001,0.308274168120185,0.3162896931626,2.39,6885.09342996048,86.2832408716321,77.9029241444466,86.3816254938751,89.9389165043849,89.609085311113,87.2028210112509,86.0055000619199,83.0406636942099,90.1843907518563,77.9029241444466,R8
0.992,0.00800000000000001,0.308273584083264,0.316288837585969,2.39,6885.14009874549,86.1991380031654,77.7137005554325,86.2735068396101,89.8976562576788,89.6091843826986,87.0921680655158,85.909320248745,82.9787362579724,90.1188314176702,77.7137005554325,R8
0.993,0.00700000000000001,0.308273000049502,0.316287982013967,2.39,6885.18676809914,86.1149684102924,77.5244429375586,86.1653641685573,89.8563922088154,89.6091432510634,86.9813142579316,85.813131204802,82.9167877476785,90.0531715059323,77.5244429375586,R8
0.994,0.00600000000000001,0.308272416018901,0.316287126446594,2.39,6885.23343535613,86.0307330957552,77.3351514910256,86.0571980421997,89.8151244269069,89.6089619723166,86.8702645171162,85.7169330636856,82.8548183604513,89.9874128923399,77.3351514910256,R8
0.995,0.005,0.308271831991458,0.316286270883849,2.39,6885.28010600164,85.9464330490287,77.145826486876,85.9490090295867,89.7738529643634,89.6086405606244,86.7590236749074,85.6207259717709,82.7928282589017,89.9215574451989,77.145826486876,R8
0.996,0.004,0.308271247967176,0.316285415325733,2.39,6885.32677731017,85.8620692162311,76.9564681098445,85.8407976578429,89.7325778883646,89.608179083817,86.6475963509685,85.5245100552573,82.730817635201,89.855606948553,76.9564681098445,R8
0.997,0.003,0.308270663946053,0.316284559772246,2.39,6885.37344926745,85.7776425218861,76.7670765637586,85.7325644462599,89.6912992598939,89.6075775994915,86.5359870393109,85.4282854423551,82.668786668384,89.7895631556348,76.7670765637586,R8
0.998,0.002,0.30827007992809,0.316283704223387,2.39,6885.42012178478,85.6931538645862,76.5776520450076,85.6243098983619,89.6500171391043,89.6068361713048,86.4242000930366,85.332052257776,82.6067355352964,89.7234277768024,76.5776520450076,R8
0.999,0.001,0.308269495913286,0.316282848679157,2.39,6885.46679496092,85.6086041184145,76.388194745337,85.5160345032865,89.6087315848385,89.6059548674528,86.3122397314172,85.2358106233679,82.5446644096044,89.657202482012,76.388194745337,R8
1,0,0.308268911901641,0.316281993139555,2.39,6885.51346880684,85.5239941333006,76.1987048494495,85.4077387354809,89.567442655172,89.6049337622542,86.2001100428038,85.1395606576639,82.4825734629205,89.5908889006603,76.1987048494495,R8
